==========================================================
Job Started: Fri Aug 28 09:23:07 AM EDT 2026
Running on node: athena201
Job ID: 3017057
Scratch Directory: /tmp/slurm_3017057
==========================================================
NIST_data.py loading ...
🔍 Inspecting existing ZIP archives in persistent storage...
ℹ️ Found 12000 CSVs already packaged in ZIP files.
🔍 Pre-scanning grid to find uncompleted runs...
🚀 Found 548000 remaining simulation runs to execute.
⚡ Processing with 4 concurrent threads (1.2s worker delay)...
 -> Network failure (timeout/disconnect): HTTPSConnectionPool(host='physics.nist.gov', port=443): Read timed out.
 -> Network failure (timeout/disconnect): HTTPSConnectionPool(host='physics.nist.gov', port=443): Read timed out.
 -> Network failure (timeout/disconnect): HTTPSConnectionPool(host='physics.nist.gov', port=443): Read timed out.
[Run 2/548000] ❌ Network drop/timeout: nist_libs_4.0_wt_CeCl3_and_0.5_wt_SmCl3_and_3.5_wt_FeCl2.csv
[Run 4/548000] ❌ Network drop/timeout: nist_libs_4.5_wt_CeCl3_and_4.5_wt_SmCl3_and_2.0_wt_FeCl2.csv
[Run 1/548000] ❌ Network drop/timeout: nist_libs_4.0_wt_CeCl3_and_0.5_wt_SmCl3_and_3.0_wt_FeCl2.csv
 -> Network failure (timeout/disconnect): HTTPSConnectionPool(host='physics.nist.gov', port=443): Read timed out.
[Run 3/548000] ❌ Network drop/timeout: nist_libs_4.5_wt_CeCl3_and_4.5_wt_SmCl3_and_1.5_wt_FeCl2.csv
[Run 8/548000] ✅ Saved: nist_libs_1.5_wt_CeCl3_and_1.0_wt_SmCl3_and_1.5_wt_UCl3.csv
[Run 6/548000] ✅ Saved: nist_libs_1.5_wt_CeCl3_and_1.0_wt_SmCl3_and_2.5_wt_MnCl2.csv
[Run 7/548000] ✅ Saved: nist_libs_1.5_wt_CeCl3_and_2.5_wt_SmCl3_and_3.5_wt_MnCl2.csv
[Run 5/548000] ✅ Saved: nist_libs_5.0_wt_CeCl3_and_3.0_wt_SmCl3_and_4.0_wt_FeCl2.csv
[Run 9/548000] ✅ Saved: nist_libs_1.5_wt_CeCl3_and_1.0_wt_SmCl3_and_2.0_wt_UCl3.csv
[Run 10/548000] ✅ Saved: nist_libs_1.5_wt_CeCl3_and_1.0_wt_SmCl3_and_2.5_wt_UCl3.csv
[Run 11/548000] ✅ Saved: nist_libs_0.5_wt_CeCl3_and_1.0_wt_SmCl3_and_0.5_wt_GdCl3.csv
[Run 12/548000] ✅ Saved: nist_libs_0.5_wt_CeCl3_and_1.0_wt_SmCl3_and_1.0_wt_GdCl3.csv
[Run 13/548000] ✅ Saved: nist_libs_0.5_wt_CeCl3_and_1.0_wt_SmCl3_and_1.5_wt_GdCl3.csv
[Run 14/548000] ✅ Saved: nist_libs_0.5_wt_CeCl3_and_1.0_wt_SmCl3_and_2.0_wt_GdCl3.csv
[Run 16/548000] ✅ Saved: nist_libs_0.5_wt_CeCl3_and_1.0_wt_SmCl3_and_3.0_wt_GdCl3.csv
[Run 15/548000] ✅ Saved: nist_libs_0.5_wt_CeCl3_and_1.0_wt_SmCl3_and_2.5_wt_GdCl3.csv
[Run 17/548000] ✅ Saved: nist_libs_0.5_wt_CeCl3_and_1.0_wt_SmCl3_and_3.5_wt_GdCl3.csv
[Run 19/548000] ✅ Saved: nist_libs_0.5_wt_CeCl3_and_1.0_wt_SmCl3_and_4.5_wt_GdCl3.csv
[Run 18/548000] ✅ Saved: nist_libs_0.5_wt_CeCl3_and_1.0_wt_SmCl3_and_4.0_wt_GdCl3.csv
[Run 20/548000] ✅ Saved: nist_libs_0.5_wt_CeCl3_and_1.0_wt_SmCl3_and_5.0_wt_GdCl3.csv
[Run 21/548000] ✅ Saved: nist_libs_0.5_wt_CeCl3_and_1.5_wt_SmCl3_and_0.5_wt_GdCl3.csv
[Run 23/548000] ✅ Saved: nist_libs_0.5_wt_CeCl3_and_1.5_wt_SmCl3_and_1.5_wt_GdCl3.csv
[Run 22/548000] ✅ Saved: nist_libs_0.5_wt_CeCl3_and_1.5_wt_SmCl3_and_1.0_wt_GdCl3.csv
[Run 24/548000] ✅ Saved: nist_libs_0.5_wt_CeCl3_and_1.5_wt_SmCl3_and_2.0_wt_GdCl3.csv
[Run 25/548000] ✅ Saved: nist_libs_0.5_wt_CeCl3_and_1.5_wt_SmCl3_and_2.5_wt_GdCl3.csv
[Run 26/548000] ✅ Saved: nist_libs_0.5_wt_CeCl3_and_1.5_wt_SmCl3_and_3.0_wt_GdCl3.csv
[Run 28/548000] ✅ Saved: nist_libs_0.5_wt_CeCl3_and_1.5_wt_SmCl3_and_4.0_wt_GdCl3.csv
[Run 29/548000] ✅ Saved: nist_libs_0.5_wt_CeCl3_and_1.5_wt_SmCl3_and_4.5_wt_GdCl3.csv
[Run 27/548000] ✅ Saved: nist_libs_0.5_wt_CeCl3_and_1.5_wt_SmCl3_and_3.5_wt_GdCl3.csv
[Run 30/548000] ✅ Saved: nist_libs_0.5_wt_CeCl3_and_1.5_wt_SmCl3_and_5.0_wt_GdCl3.csv
[Run 32/548000] ✅ Saved: nist_libs_0.5_wt_CeCl3_and_2.0_wt_SmCl3_and_1.0_wt_GdCl3.csv
[Run 33/548000] ✅ Saved: nist_libs_0.5_wt_CeCl3_and_2.0_wt_SmCl3_and_1.5_wt_GdCl3.csv
[Run 31/548000] ✅ Saved: nist_libs_0.5_wt_CeCl3_and_2.0_wt_SmCl3_and_0.5_wt_GdCl3.csv
[Run 34/548000] ✅ Saved: nist_libs_0.5_wt_CeCl3_and_2.0_wt_SmCl3_and_2.0_wt_GdCl3.csv
[Run 35/548000] ✅ Saved: nist_libs_0.5_wt_CeCl3_and_2.0_wt_SmCl3_and_2.5_wt_GdCl3.csv
[Run 36/548000] ✅ Saved: nist_libs_0.5_wt_CeCl3_and_2.0_wt_SmCl3_and_3.0_wt_GdCl3.csv
[Run 37/548000] ✅ Saved: nist_libs_0.5_wt_CeCl3_and_2.0_wt_SmCl3_and_3.5_wt_GdCl3.csv
[Run 38/548000] ✅ Saved: nist_libs_0.5_wt_CeCl3_and_2.0_wt_SmCl3_and_4.0_wt_GdCl3.csv
[Run 39/548000] ✅ Saved: nist_libs_0.5_wt_CeCl3_and_2.0_wt_SmCl3_and_4.5_wt_GdCl3.csv
[Run 41/548000] ✅ Saved: nist_libs_0.5_wt_CeCl3_and_2.5_wt_SmCl3_and_0.5_wt_GdCl3.csv
[Run 40/548000] ✅ Saved: nist_libs_0.5_wt_CeCl3_and_2.0_wt_SmCl3_and_5.0_wt_GdCl3.csv
[Run 42/548000] ✅ Saved: nist_libs_0.5_wt_CeCl3_and_2.5_wt_SmCl3_and_1.0_wt_GdCl3.csv
[Run 44/548000] ✅ Saved: nist_libs_0.5_wt_CeCl3_and_2.5_wt_SmCl3_and_2.0_wt_GdCl3.csv
[Run 43/548000] ✅ Saved: nist_libs_0.5_wt_CeCl3_and_2.5_wt_SmCl3_and_1.5_wt_GdCl3.csv
[Run 45/548000] ✅ Saved: nist_libs_0.5_wt_CeCl3_and_2.5_wt_SmCl3_and_2.5_wt_GdCl3.csv
[Run 46/548000] ✅ Saved: nist_libs_0.5_wt_CeCl3_and_2.5_wt_SmCl3_and_3.0_wt_GdCl3.csv
[Run 48/548000] ✅ Saved: nist_libs_0.5_wt_CeCl3_and_2.5_wt_SmCl3_and_4.0_wt_GdCl3.csv
[Run 47/548000] ✅ Saved: nist_libs_0.5_wt_CeCl3_and_2.5_wt_SmCl3_and_3.5_wt_GdCl3.csv
[Run 49/548000] ✅ Saved: nist_libs_0.5_wt_CeCl3_and_2.5_wt_SmCl3_and_4.5_wt_GdCl3.csv
[Run 50/548000] ✅ Saved: nist_libs_0.5_wt_CeCl3_and_2.5_wt_SmCl3_and_5.0_wt_GdCl3.csv
[Run 51/548000] ✅ Saved: nist_libs_0.5_wt_CeCl3_and_3.0_wt_SmCl3_and_0.5_wt_GdCl3.csv
[Run 53/548000] ✅ Saved: nist_libs_0.5_wt_CeCl3_and_3.0_wt_SmCl3_and_1.5_wt_GdCl3.csv
[Run 52/548000] ✅ Saved: nist_libs_0.5_wt_CeCl3_and_3.0_wt_SmCl3_and_1.0_wt_GdCl3.csv
[Run 54/548000] ✅ Saved: nist_libs_0.5_wt_CeCl3_and_3.0_wt_SmCl3_and_2.0_wt_GdCl3.csv
[Run 55/548000] ✅ Saved: nist_libs_0.5_wt_CeCl3_and_3.0_wt_SmCl3_and_2.5_wt_GdCl3.csv
[Run 56/548000] ✅ Saved: nist_libs_0.5_wt_CeCl3_and_3.0_wt_SmCl3_and_3.0_wt_GdCl3.csv
[Run 57/548000] ✅ Saved: nist_libs_0.5_wt_CeCl3_and_3.0_wt_SmCl3_and_3.5_wt_GdCl3.csv
[Run 58/548000] ✅ Saved: nist_libs_0.5_wt_CeCl3_and_3.0_wt_SmCl3_and_4.0_wt_GdCl3.csv
[Run 59/548000] ✅ Saved: nist_libs_0.5_wt_CeCl3_and_3.0_wt_SmCl3_and_4.5_wt_GdCl3.csv
[Run 60/548000] ✅ Saved: nist_libs_0.5_wt_CeCl3_and_3.0_wt_SmCl3_and_5.0_wt_GdCl3.csv
[Run 61/548000] ✅ Saved: nist_libs_0.5_wt_CeCl3_and_3.5_wt_SmCl3_and_0.5_wt_GdCl3.csv
[Run 62/548000] ✅ Saved: nist_libs_0.5_wt_CeCl3_and_3.5_wt_SmCl3_and_1.0_wt_GdCl3.csv
[Run 64/548000] ✅ Saved: nist_libs_0.5_wt_CeCl3_and_3.5_wt_SmCl3_and_2.0_wt_GdCl3.csv
[Run 63/548000] ✅ Saved: nist_libs_0.5_wt_CeCl3_and_3.5_wt_SmCl3_and_1.5_wt_GdCl3.csv
[Run 65/548000] ✅ Saved: nist_libs_0.5_wt_CeCl3_and_3.5_wt_SmCl3_and_2.5_wt_GdCl3.csv
[Run 67/548000] ✅ Saved: nist_libs_0.5_wt_CeCl3_and_3.5_wt_SmCl3_and_3.5_wt_GdCl3.csv
[Run 66/548000] ✅ Saved: nist_libs_0.5_wt_CeCl3_and_3.5_wt_SmCl3_and_3.0_wt_GdCl3.csv
[Run 68/548000] ✅ Saved: nist_libs_0.5_wt_CeCl3_and_3.5_wt_SmCl3_and_4.0_wt_GdCl3.csv
[Run 69/548000] ✅ Saved: nist_libs_0.5_wt_CeCl3_and_3.5_wt_SmCl3_and_4.5_wt_GdCl3.csv
[Run 70/548000] ✅ Saved: nist_libs_0.5_wt_CeCl3_and_3.5_wt_SmCl3_and_5.0_wt_GdCl3.csv
[Run 71/548000] ✅ Saved: nist_libs_0.5_wt_CeCl3_and_4.0_wt_SmCl3_and_0.5_wt_GdCl3.csv
[Run 72/548000] ✅ Saved: nist_libs_0.5_wt_CeCl3_and_4.0_wt_SmCl3_and_1.0_wt_GdCl3.csv
[Run 73/548000] ✅ Saved: nist_libs_0.5_wt_CeCl3_and_4.0_wt_SmCl3_and_1.5_wt_GdCl3.csv
[Run 74/548000] ✅ Saved: nist_libs_0.5_wt_CeCl3_and_4.0_wt_SmCl3_and_2.0_wt_GdCl3.csv
[Run 75/548000] ✅ Saved: nist_libs_0.5_wt_CeCl3_and_4.0_wt_SmCl3_and_2.5_wt_GdCl3.csv
[Run 76/548000] ✅ Saved: nist_libs_0.5_wt_CeCl3_and_4.0_wt_SmCl3_and_3.0_wt_GdCl3.csv
[Run 77/548000] ✅ Saved: nist_libs_0.5_wt_CeCl3_and_4.0_wt_SmCl3_and_3.5_wt_GdCl3.csv
[Run 78/548000] ✅ Saved: nist_libs_0.5_wt_CeCl3_and_4.0_wt_SmCl3_and_4.0_wt_GdCl3.csv
[Run 79/548000] ✅ Saved: nist_libs_0.5_wt_CeCl3_and_4.0_wt_SmCl3_and_4.5_wt_GdCl3.csv
[Run 80/548000] ✅ Saved: nist_libs_0.5_wt_CeCl3_and_4.0_wt_SmCl3_and_5.0_wt_GdCl3.csv
[Run 81/548000] ✅ Saved: nist_libs_0.5_wt_CeCl3_and_4.5_wt_SmCl3_and_0.5_wt_GdCl3.csv
[Run 82/548000] ✅ Saved: nist_libs_0.5_wt_CeCl3_and_4.5_wt_SmCl3_and_1.0_wt_GdCl3.csv
[Run 84/548000] ✅ Saved: nist_libs_0.5_wt_CeCl3_and_4.5_wt_SmCl3_and_2.0_wt_GdCl3.csv
[Run 83/548000] ✅ Saved: nist_libs_0.5_wt_CeCl3_and_4.5_wt_SmCl3_and_1.5_wt_GdCl3.csv
[Run 85/548000] ✅ Saved: nist_libs_0.5_wt_CeCl3_and_4.5_wt_SmCl3_and_2.5_wt_GdCl3.csv
[Run 86/548000] ✅ Saved: nist_libs_0.5_wt_CeCl3_and_4.5_wt_SmCl3_and_3.0_wt_GdCl3.csv
[Run 87/548000] ✅ Saved: nist_libs_0.5_wt_CeCl3_and_4.5_wt_SmCl3_and_3.5_wt_GdCl3.csv
[Run 88/548000] ✅ Saved: nist_libs_0.5_wt_CeCl3_and_4.5_wt_SmCl3_and_4.0_wt_GdCl3.csv
[Run 89/548000] ✅ Saved: nist_libs_0.5_wt_CeCl3_and_4.5_wt_SmCl3_and_4.5_wt_GdCl3.csv
[Run 90/548000] ✅ Saved: nist_libs_0.5_wt_CeCl3_and_4.5_wt_SmCl3_and_5.0_wt_GdCl3.csv
[Run 91/548000] ✅ Saved: nist_libs_0.5_wt_CeCl3_and_5.0_wt_SmCl3_and_0.5_wt_GdCl3.csv
[Run 92/548000] ✅ Saved: nist_libs_0.5_wt_CeCl3_and_5.0_wt_SmCl3_and_1.0_wt_GdCl3.csv
[Run 93/548000] ✅ Saved: nist_libs_0.5_wt_CeCl3_and_5.0_wt_SmCl3_and_1.5_wt_GdCl3.csv
[Run 94/548000] ✅ Saved: nist_libs_0.5_wt_CeCl3_and_5.0_wt_SmCl3_and_2.0_wt_GdCl3.csv
[Run 96/548000] ✅ Saved: nist_libs_0.5_wt_CeCl3_and_5.0_wt_SmCl3_and_3.0_wt_GdCl3.csv
[Run 95/548000] ✅ Saved: nist_libs_0.5_wt_CeCl3_and_5.0_wt_SmCl3_and_2.5_wt_GdCl3.csv
[Run 97/548000] ✅ Saved: nist_libs_0.5_wt_CeCl3_and_5.0_wt_SmCl3_and_3.5_wt_GdCl3.csv
[Run 98/548000] ✅ Saved: nist_libs_0.5_wt_CeCl3_and_5.0_wt_SmCl3_and_4.0_wt_GdCl3.csv
[Run 99/548000] ✅ Saved: nist_libs_0.5_wt_CeCl3_and_5.0_wt_SmCl3_and_4.5_wt_GdCl3.csv
[Run 100/548000] ✅ Saved: nist_libs_0.5_wt_CeCl3_and_5.0_wt_SmCl3_and_5.0_wt_GdCl3.csv
[Run 101/548000] ✅ Saved: nist_libs_1.0_wt_CeCl3_and_0.5_wt_SmCl3_and_0.5_wt_GdCl3.csv
[Run 102/548000] ✅ Saved: nist_libs_1.0_wt_CeCl3_and_0.5_wt_SmCl3_and_1.0_wt_GdCl3.csv
[Run 103/548000] ✅ Saved: nist_libs_1.0_wt_CeCl3_and_0.5_wt_SmCl3_and_1.5_wt_GdCl3.csv
[Run 104/548000] ✅ Saved: nist_libs_1.0_wt_CeCl3_and_0.5_wt_SmCl3_and_2.0_wt_GdCl3.csv
[Run 105/548000] ✅ Saved: nist_libs_1.0_wt_CeCl3_and_0.5_wt_SmCl3_and_2.5_wt_GdCl3.csv
[Run 106/548000] ✅ Saved: nist_libs_1.0_wt_CeCl3_and_0.5_wt_SmCl3_and_3.0_wt_GdCl3.csv
[Run 107/548000] ✅ Saved: nist_libs_1.0_wt_CeCl3_and_0.5_wt_SmCl3_and_3.5_wt_GdCl3.csv
[Run 108/548000] ✅ Saved: nist_libs_1.0_wt_CeCl3_and_0.5_wt_SmCl3_and_4.0_wt_GdCl3.csv
[Run 109/548000] ✅ Saved: nist_libs_1.0_wt_CeCl3_and_0.5_wt_SmCl3_and_4.5_wt_GdCl3.csv
[Run 110/548000] ✅ Saved: nist_libs_1.0_wt_CeCl3_and_0.5_wt_SmCl3_and_5.0_wt_GdCl3.csv
[Run 111/548000] ✅ Saved: nist_libs_1.0_wt_CeCl3_and_1.0_wt_SmCl3_and_0.5_wt_GdCl3.csv
[Run 112/548000] ✅ Saved: nist_libs_1.0_wt_CeCl3_and_1.0_wt_SmCl3_and_1.0_wt_GdCl3.csv
[Run 113/548000] ✅ Saved: nist_libs_1.0_wt_CeCl3_and_1.0_wt_SmCl3_and_1.5_wt_GdCl3.csv
[Run 114/548000] ✅ Saved: nist_libs_1.0_wt_CeCl3_and_1.0_wt_SmCl3_and_2.0_wt_GdCl3.csv
[Run 115/548000] ✅ Saved: nist_libs_1.0_wt_CeCl3_and_1.0_wt_SmCl3_and_2.5_wt_GdCl3.csv
[Run 117/548000] ✅ Saved: nist_libs_1.0_wt_CeCl3_and_1.0_wt_SmCl3_and_3.5_wt_GdCl3.csv
[Run 116/548000] ✅ Saved: nist_libs_1.0_wt_CeCl3_and_1.0_wt_SmCl3_and_3.0_wt_GdCl3.csv
[Run 118/548000] ✅ Saved: nist_libs_1.0_wt_CeCl3_and_1.0_wt_SmCl3_and_4.0_wt_GdCl3.csv
[Run 120/548000] ✅ Saved: nist_libs_1.0_wt_CeCl3_and_1.0_wt_SmCl3_and_5.0_wt_GdCl3.csv
[Run 121/548000] ✅ Saved: nist_libs_1.0_wt_CeCl3_and_1.5_wt_SmCl3_and_0.5_wt_GdCl3.csv
[Run 119/548000] ✅ Saved: nist_libs_1.0_wt_CeCl3_and_1.0_wt_SmCl3_and_4.5_wt_GdCl3.csv
[Run 122/548000] ✅ Saved: nist_libs_1.0_wt_CeCl3_and_1.5_wt_SmCl3_and_1.0_wt_GdCl3.csv
[Run 125/548000] ✅ Saved: nist_libs_1.0_wt_CeCl3_and_1.5_wt_SmCl3_and_2.5_wt_GdCl3.csv
[Run 123/548000] ✅ Saved: nist_libs_1.0_wt_CeCl3_and_1.5_wt_SmCl3_and_1.5_wt_GdCl3.csv
[Run 124/548000] ✅ Saved: nist_libs_1.0_wt_CeCl3_and_1.5_wt_SmCl3_and_2.0_wt_GdCl3.csv
[Run 126/548000] ✅ Saved: nist_libs_1.0_wt_CeCl3_and_1.5_wt_SmCl3_and_3.0_wt_GdCl3.csv
[Run 129/548000] ✅ Saved: nist_libs_1.0_wt_CeCl3_and_1.5_wt_SmCl3_and_4.5_wt_GdCl3.csv
[Run 127/548000] ✅ Saved: nist_libs_1.0_wt_CeCl3_and_1.5_wt_SmCl3_and_3.5_wt_GdCl3.csv
[Run 128/548000] ✅ Saved: nist_libs_1.0_wt_CeCl3_and_1.5_wt_SmCl3_and_4.0_wt_GdCl3.csv
[Run 130/548000] ✅ Saved: nist_libs_1.0_wt_CeCl3_and_1.5_wt_SmCl3_and_5.0_wt_GdCl3.csv
[Run 131/548000] ✅ Saved: nist_libs_1.0_wt_CeCl3_and_2.0_wt_SmCl3_and_0.5_wt_GdCl3.csv
[Run 132/548000] ✅ Saved: nist_libs_1.0_wt_CeCl3_and_2.0_wt_SmCl3_and_1.0_wt_GdCl3.csv
[Run 133/548000] ✅ Saved: nist_libs_1.0_wt_CeCl3_and_2.0_wt_SmCl3_and_1.5_wt_GdCl3.csv
[Run 134/548000] ✅ Saved: nist_libs_1.0_wt_CeCl3_and_2.0_wt_SmCl3_and_2.0_wt_GdCl3.csv
[Run 135/548000] ✅ Saved: nist_libs_1.0_wt_CeCl3_and_2.0_wt_SmCl3_and_2.5_wt_GdCl3.csv
[Run 136/548000] ✅ Saved: nist_libs_1.0_wt_CeCl3_and_2.0_wt_SmCl3_and_3.0_wt_GdCl3.csv
[Run 137/548000] ✅ Saved: nist_libs_1.0_wt_CeCl3_and_2.0_wt_SmCl3_and_3.5_wt_GdCl3.csv
[Run 138/548000] ✅ Saved: nist_libs_1.0_wt_CeCl3_and_2.0_wt_SmCl3_and_4.0_wt_GdCl3.csv
[Run 139/548000] ✅ Saved: nist_libs_1.0_wt_CeCl3_and_2.0_wt_SmCl3_and_4.5_wt_GdCl3.csv
[Run 140/548000] ✅ Saved: nist_libs_1.0_wt_CeCl3_and_2.0_wt_SmCl3_and_5.0_wt_GdCl3.csv
[Run 141/548000] ✅ Saved: nist_libs_1.0_wt_CeCl3_and_2.5_wt_SmCl3_and_0.5_wt_GdCl3.csv
[Run 142/548000] ✅ Saved: nist_libs_1.0_wt_CeCl3_and_2.5_wt_SmCl3_and_1.0_wt_GdCl3.csv
[Run 143/548000] ✅ Saved: nist_libs_1.0_wt_CeCl3_and_2.5_wt_SmCl3_and_1.5_wt_GdCl3.csv
[Run 144/548000] ✅ Saved: nist_libs_1.0_wt_CeCl3_and_2.5_wt_SmCl3_and_2.0_wt_GdCl3.csv
[Run 145/548000] ✅ Saved: nist_libs_1.0_wt_CeCl3_and_2.5_wt_SmCl3_and_2.5_wt_GdCl3.csv
[Run 146/548000] ✅ Saved: nist_libs_1.0_wt_CeCl3_and_2.5_wt_SmCl3_and_3.0_wt_GdCl3.csv
[Run 147/548000] ✅ Saved: nist_libs_1.0_wt_CeCl3_and_2.5_wt_SmCl3_and_3.5_wt_GdCl3.csv
[Run 148/548000] ✅ Saved: nist_libs_1.0_wt_CeCl3_and_2.5_wt_SmCl3_and_4.0_wt_GdCl3.csv
[Run 149/548000] ✅ Saved: nist_libs_1.0_wt_CeCl3_and_2.5_wt_SmCl3_and_4.5_wt_GdCl3.csv
[Run 150/548000] ✅ Saved: nist_libs_1.0_wt_CeCl3_and_2.5_wt_SmCl3_and_5.0_wt_GdCl3.csv
[Run 151/548000] ✅ Saved: nist_libs_1.0_wt_CeCl3_and_3.0_wt_SmCl3_and_0.5_wt_GdCl3.csv
[Run 152/548000] ✅ Saved: nist_libs_1.0_wt_CeCl3_and_3.0_wt_SmCl3_and_1.0_wt_GdCl3.csv
[Run 154/548000] ✅ Saved: nist_libs_1.0_wt_CeCl3_and_3.0_wt_SmCl3_and_2.0_wt_GdCl3.csv
[Run 153/548000] ✅ Saved: nist_libs_1.0_wt_CeCl3_and_3.0_wt_SmCl3_and_1.5_wt_GdCl3.csv
[Run 155/548000] ✅ Saved: nist_libs_1.0_wt_CeCl3_and_3.0_wt_SmCl3_and_2.5_wt_GdCl3.csv
[Run 156/548000] ✅ Saved: nist_libs_1.0_wt_CeCl3_and_3.0_wt_SmCl3_and_3.0_wt_GdCl3.csv
[Run 157/548000] ✅ Saved: nist_libs_1.0_wt_CeCl3_and_3.0_wt_SmCl3_and_3.5_wt_GdCl3.csv
[Run 158/548000] ✅ Saved: nist_libs_1.0_wt_CeCl3_and_3.0_wt_SmCl3_and_4.0_wt_GdCl3.csv
[Run 159/548000] ✅ Saved: nist_libs_1.0_wt_CeCl3_and_3.0_wt_SmCl3_and_4.5_wt_GdCl3.csv
[Run 160/548000] ✅ Saved: nist_libs_1.0_wt_CeCl3_and_3.0_wt_SmCl3_and_5.0_wt_GdCl3.csv
[Run 162/548000] ✅ Saved: nist_libs_1.0_wt_CeCl3_and_3.5_wt_SmCl3_and_1.0_wt_GdCl3.csv
[Run 161/548000] ✅ Saved: nist_libs_1.0_wt_CeCl3_and_3.5_wt_SmCl3_and_0.5_wt_GdCl3.csv
[Run 163/548000] ✅ Saved: nist_libs_1.0_wt_CeCl3_and_3.5_wt_SmCl3_and_1.5_wt_GdCl3.csv
[Run 164/548000] ✅ Saved: nist_libs_1.0_wt_CeCl3_and_3.5_wt_SmCl3_and_2.0_wt_GdCl3.csv
[Run 165/548000] ✅ Saved: nist_libs_1.0_wt_CeCl3_and_3.5_wt_SmCl3_and_2.5_wt_GdCl3.csv
[Run 167/548000] ✅ Saved: nist_libs_1.0_wt_CeCl3_and_3.5_wt_SmCl3_and_3.5_wt_GdCl3.csv
[Run 166/548000] ✅ Saved: nist_libs_1.0_wt_CeCl3_and_3.5_wt_SmCl3_and_3.0_wt_GdCl3.csv
[Run 168/548000] ✅ Saved: nist_libs_1.0_wt_CeCl3_and_3.5_wt_SmCl3_and_4.0_wt_GdCl3.csv
[Run 169/548000] ✅ Saved: nist_libs_1.0_wt_CeCl3_and_3.5_wt_SmCl3_and_4.5_wt_GdCl3.csv
[Run 171/548000] ✅ Saved: nist_libs_1.0_wt_CeCl3_and_4.0_wt_SmCl3_and_0.5_wt_GdCl3.csv
[Run 170/548000] ✅ Saved: nist_libs_1.0_wt_CeCl3_and_3.5_wt_SmCl3_and_5.0_wt_GdCl3.csv
[Run 172/548000] ✅ Saved: nist_libs_1.0_wt_CeCl3_and_4.0_wt_SmCl3_and_1.0_wt_GdCl3.csv
[Run 173/548000] ✅ Saved: nist_libs_1.0_wt_CeCl3_and_4.0_wt_SmCl3_and_1.5_wt_GdCl3.csv
[Run 174/548000] ✅ Saved: nist_libs_1.0_wt_CeCl3_and_4.0_wt_SmCl3_and_2.0_wt_GdCl3.csv
[Run 175/548000] ✅ Saved: nist_libs_1.0_wt_CeCl3_and_4.0_wt_SmCl3_and_2.5_wt_GdCl3.csv
[Run 176/548000] ✅ Saved: nist_libs_1.0_wt_CeCl3_and_4.0_wt_SmCl3_and_3.0_wt_GdCl3.csv
[Run 178/548000] ✅ Saved: nist_libs_1.0_wt_CeCl3_and_4.0_wt_SmCl3_and_4.0_wt_GdCl3.csv
[Run 177/548000] ✅ Saved: nist_libs_1.0_wt_CeCl3_and_4.0_wt_SmCl3_and_3.5_wt_GdCl3.csv
[Run 179/548000] ✅ Saved: nist_libs_1.0_wt_CeCl3_and_4.0_wt_SmCl3_and_4.5_wt_GdCl3.csv
[Run 180/548000] ✅ Saved: nist_libs_1.0_wt_CeCl3_and_4.0_wt_SmCl3_and_5.0_wt_GdCl3.csv
[Run 181/548000] ✅ Saved: nist_libs_1.0_wt_CeCl3_and_4.5_wt_SmCl3_and_0.5_wt_GdCl3.csv
[Run 183/548000] ✅ Saved: nist_libs_1.0_wt_CeCl3_and_4.5_wt_SmCl3_and_1.5_wt_GdCl3.csv
[Run 182/548000] ✅ Saved: nist_libs_1.0_wt_CeCl3_and_4.5_wt_SmCl3_and_1.0_wt_GdCl3.csv
[Run 184/548000] ✅ Saved: nist_libs_1.0_wt_CeCl3_and_4.5_wt_SmCl3_and_2.0_wt_GdCl3.csv
[Run 185/548000] ✅ Saved: nist_libs_1.0_wt_CeCl3_and_4.5_wt_SmCl3_and_2.5_wt_GdCl3.csv
[Run 186/548000] ✅ Saved: nist_libs_1.0_wt_CeCl3_and_4.5_wt_SmCl3_and_3.0_wt_GdCl3.csv
[Run 187/548000] ✅ Saved: nist_libs_1.0_wt_CeCl3_and_4.5_wt_SmCl3_and_3.5_wt_GdCl3.csv
[Run 188/548000] ✅ Saved: nist_libs_1.0_wt_CeCl3_and_4.5_wt_SmCl3_and_4.0_wt_GdCl3.csv
[Run 189/548000] ✅ Saved: nist_libs_1.0_wt_CeCl3_and_4.5_wt_SmCl3_and_4.5_wt_GdCl3.csv
[Run 190/548000] ✅ Saved: nist_libs_1.0_wt_CeCl3_and_4.5_wt_SmCl3_and_5.0_wt_GdCl3.csv
[Run 191/548000] ✅ Saved: nist_libs_1.0_wt_CeCl3_and_5.0_wt_SmCl3_and_0.5_wt_GdCl3.csv
[Run 192/548000] ✅ Saved: nist_libs_1.0_wt_CeCl3_and_5.0_wt_SmCl3_and_1.0_wt_GdCl3.csv
[Run 193/548000] ✅ Saved: nist_libs_1.0_wt_CeCl3_and_5.0_wt_SmCl3_and_1.5_wt_GdCl3.csv
[Run 194/548000] ✅ Saved: nist_libs_1.0_wt_CeCl3_and_5.0_wt_SmCl3_and_2.0_wt_GdCl3.csv
[Run 195/548000] ✅ Saved: nist_libs_1.0_wt_CeCl3_and_5.0_wt_SmCl3_and_2.5_wt_GdCl3.csv
[Run 196/548000] ✅ Saved: nist_libs_1.0_wt_CeCl3_and_5.0_wt_SmCl3_and_3.0_wt_GdCl3.csv
[Run 197/548000] ✅ Saved: nist_libs_1.0_wt_CeCl3_and_5.0_wt_SmCl3_and_3.5_wt_GdCl3.csv
[Run 198/548000] ✅ Saved: nist_libs_1.0_wt_CeCl3_and_5.0_wt_SmCl3_and_4.0_wt_GdCl3.csv
[Run 199/548000] ✅ Saved: nist_libs_1.0_wt_CeCl3_and_5.0_wt_SmCl3_and_4.5_wt_GdCl3.csv
[Run 200/548000] ✅ Saved: nist_libs_1.0_wt_CeCl3_and_5.0_wt_SmCl3_and_5.0_wt_GdCl3.csv
[Run 201/548000] ✅ Saved: nist_libs_1.5_wt_CeCl3_and_0.5_wt_SmCl3_and_0.5_wt_GdCl3.csv
[Run 202/548000] ✅ Saved: nist_libs_1.5_wt_CeCl3_and_0.5_wt_SmCl3_and_1.0_wt_GdCl3.csv
[Run 203/548000] ✅ Saved: nist_libs_1.5_wt_CeCl3_and_0.5_wt_SmCl3_and_1.5_wt_GdCl3.csv
[Run 204/548000] ✅ Saved: nist_libs_1.5_wt_CeCl3_and_0.5_wt_SmCl3_and_2.0_wt_GdCl3.csv
[Run 205/548000] ✅ Saved: nist_libs_1.5_wt_CeCl3_and_0.5_wt_SmCl3_and_2.5_wt_GdCl3.csv
[Run 206/548000] ✅ Saved: nist_libs_1.5_wt_CeCl3_and_0.5_wt_SmCl3_and_3.0_wt_GdCl3.csv
[Run 207/548000] ✅ Saved: nist_libs_1.5_wt_CeCl3_and_0.5_wt_SmCl3_and_3.5_wt_GdCl3.csv
[Run 208/548000] ✅ Saved: nist_libs_1.5_wt_CeCl3_and_0.5_wt_SmCl3_and_4.0_wt_GdCl3.csv
[Run 209/548000] ✅ Saved: nist_libs_1.5_wt_CeCl3_and_0.5_wt_SmCl3_and_4.5_wt_GdCl3.csv
[Run 210/548000] ✅ Saved: nist_libs_1.5_wt_CeCl3_and_0.5_wt_SmCl3_and_5.0_wt_GdCl3.csv
[Run 211/548000] ✅ Saved: nist_libs_1.5_wt_CeCl3_and_1.0_wt_SmCl3_and_0.5_wt_GdCl3.csv
[Run 212/548000] ✅ Saved: nist_libs_1.5_wt_CeCl3_and_1.0_wt_SmCl3_and_1.0_wt_GdCl3.csv
[Run 214/548000] ✅ Saved: nist_libs_1.5_wt_CeCl3_and_1.0_wt_SmCl3_and_2.0_wt_GdCl3.csv
[Run 213/548000] ✅ Saved: nist_libs_1.5_wt_CeCl3_and_1.0_wt_SmCl3_and_1.5_wt_GdCl3.csv
[Run 215/548000] ✅ Saved: nist_libs_1.5_wt_CeCl3_and_1.0_wt_SmCl3_and_2.5_wt_GdCl3.csv
[Run 216/548000] ✅ Saved: nist_libs_1.5_wt_CeCl3_and_1.0_wt_SmCl3_and_3.0_wt_GdCl3.csv
[Run 217/548000] ✅ Saved: nist_libs_1.5_wt_CeCl3_and_1.0_wt_SmCl3_and_3.5_wt_GdCl3.csv
[Run 218/548000] ✅ Saved: nist_libs_1.5_wt_CeCl3_and_1.0_wt_SmCl3_and_4.0_wt_GdCl3.csv
[Run 220/548000] ✅ Saved: nist_libs_1.5_wt_CeCl3_and_1.0_wt_SmCl3_and_5.0_wt_GdCl3.csv
[Run 219/548000] ✅ Saved: nist_libs_1.5_wt_CeCl3_and_1.0_wt_SmCl3_and_4.5_wt_GdCl3.csv
[Run 221/548000] ✅ Saved: nist_libs_1.5_wt_CeCl3_and_1.5_wt_SmCl3_and_0.5_wt_GdCl3.csv
[Run 222/548000] ✅ Saved: nist_libs_1.5_wt_CeCl3_and_1.5_wt_SmCl3_and_1.0_wt_GdCl3.csv
[Run 223/548000] ✅ Saved: nist_libs_1.5_wt_CeCl3_and_1.5_wt_SmCl3_and_1.5_wt_GdCl3.csv
[Run 224/548000] ✅ Saved: nist_libs_1.5_wt_CeCl3_and_1.5_wt_SmCl3_and_2.0_wt_GdCl3.csv
[Run 226/548000] ✅ Saved: nist_libs_1.5_wt_CeCl3_and_1.5_wt_SmCl3_and_3.0_wt_GdCl3.csv
[Run 225/548000] ✅ Saved: nist_libs_1.5_wt_CeCl3_and_1.5_wt_SmCl3_and_2.5_wt_GdCl3.csv
[Run 227/548000] ✅ Saved: nist_libs_1.5_wt_CeCl3_and_1.5_wt_SmCl3_and_3.5_wt_GdCl3.csv
[Run 228/548000] ✅ Saved: nist_libs_1.5_wt_CeCl3_and_1.5_wt_SmCl3_and_4.0_wt_GdCl3.csv
[Run 229/548000] ✅ Saved: nist_libs_1.5_wt_CeCl3_and_1.5_wt_SmCl3_and_4.5_wt_GdCl3.csv
[Run 230/548000] ✅ Saved: nist_libs_1.5_wt_CeCl3_and_1.5_wt_SmCl3_and_5.0_wt_GdCl3.csv
[Run 231/548000] ✅ Saved: nist_libs_1.5_wt_CeCl3_and_2.0_wt_SmCl3_and_0.5_wt_GdCl3.csv
[Run 232/548000] ✅ Saved: nist_libs_1.5_wt_CeCl3_and_2.0_wt_SmCl3_and_1.0_wt_GdCl3.csv
[Run 233/548000] ✅ Saved: nist_libs_1.5_wt_CeCl3_and_2.0_wt_SmCl3_and_1.5_wt_GdCl3.csv
[Run 234/548000] ✅ Saved: nist_libs_1.5_wt_CeCl3_and_2.0_wt_SmCl3_and_2.0_wt_GdCl3.csv
[Run 235/548000] ✅ Saved: nist_libs_1.5_wt_CeCl3_and_2.0_wt_SmCl3_and_2.5_wt_GdCl3.csv
[Run 236/548000] ✅ Saved: nist_libs_1.5_wt_CeCl3_and_2.0_wt_SmCl3_and_3.0_wt_GdCl3.csv
[Run 237/548000] ✅ Saved: nist_libs_1.5_wt_CeCl3_and_2.0_wt_SmCl3_and_3.5_wt_GdCl3.csv
[Run 238/548000] ✅ Saved: nist_libs_1.5_wt_CeCl3_and_2.0_wt_SmCl3_and_4.0_wt_GdCl3.csv
[Run 239/548000] ✅ Saved: nist_libs_1.5_wt_CeCl3_and_2.0_wt_SmCl3_and_4.5_wt_GdCl3.csv
[Run 240/548000] ✅ Saved: nist_libs_1.5_wt_CeCl3_and_2.0_wt_SmCl3_and_5.0_wt_GdCl3.csv
[Run 241/548000] ✅ Saved: nist_libs_1.5_wt_CeCl3_and_2.5_wt_SmCl3_and_0.5_wt_GdCl3.csv
[Run 242/548000] ✅ Saved: nist_libs_1.5_wt_CeCl3_and_2.5_wt_SmCl3_and_1.0_wt_GdCl3.csv
[Run 243/548000] ✅ Saved: nist_libs_1.5_wt_CeCl3_and_2.5_wt_SmCl3_and_1.5_wt_GdCl3.csv
[Run 244/548000] ✅ Saved: nist_libs_1.5_wt_CeCl3_and_2.5_wt_SmCl3_and_2.0_wt_GdCl3.csv
[Run 245/548000] ✅ Saved: nist_libs_1.5_wt_CeCl3_and_2.5_wt_SmCl3_and_2.5_wt_GdCl3.csv
[Run 247/548000] ✅ Saved: nist_libs_1.5_wt_CeCl3_and_2.5_wt_SmCl3_and_3.5_wt_GdCl3.csv
[Run 248/548000] ✅ Saved: nist_libs_1.5_wt_CeCl3_and_2.5_wt_SmCl3_and_4.0_wt_GdCl3.csv
[Run 246/548000] ✅ Saved: nist_libs_1.5_wt_CeCl3_and_2.5_wt_SmCl3_and_3.0_wt_GdCl3.csv
[Run 249/548000] ✅ Saved: nist_libs_1.5_wt_CeCl3_and_2.5_wt_SmCl3_and_4.5_wt_GdCl3.csv
[Run 250/548000] ✅ Saved: nist_libs_1.5_wt_CeCl3_and_2.5_wt_SmCl3_and_5.0_wt_GdCl3.csv
[Run 252/548000] ✅ Saved: nist_libs_1.5_wt_CeCl3_and_3.0_wt_SmCl3_and_1.0_wt_GdCl3.csv
[Run 251/548000] ✅ Saved: nist_libs_1.5_wt_CeCl3_and_3.0_wt_SmCl3_and_0.5_wt_GdCl3.csv
[Run 253/548000] ✅ Saved: nist_libs_1.5_wt_CeCl3_and_3.0_wt_SmCl3_and_1.5_wt_GdCl3.csv
[Run 254/548000] ✅ Saved: nist_libs_1.5_wt_CeCl3_and_3.0_wt_SmCl3_and_2.0_wt_GdCl3.csv
[Run 255/548000] ✅ Saved: nist_libs_1.5_wt_CeCl3_and_3.0_wt_SmCl3_and_2.5_wt_GdCl3.csv
[Run 256/548000] ✅ Saved: nist_libs_1.5_wt_CeCl3_and_3.0_wt_SmCl3_and_3.0_wt_GdCl3.csv
[Run 257/548000] ✅ Saved: nist_libs_1.5_wt_CeCl3_and_3.0_wt_SmCl3_and_3.5_wt_GdCl3.csv
[Run 258/548000] ✅ Saved: nist_libs_1.5_wt_CeCl3_and_3.0_wt_SmCl3_and_4.0_wt_GdCl3.csv
[Run 259/548000] ✅ Saved: nist_libs_1.5_wt_CeCl3_and_3.0_wt_SmCl3_and_4.5_wt_GdCl3.csv
[Run 260/548000] ✅ Saved: nist_libs_1.5_wt_CeCl3_and_3.0_wt_SmCl3_and_5.0_wt_GdCl3.csv
[Run 261/548000] ✅ Saved: nist_libs_1.5_wt_CeCl3_and_3.5_wt_SmCl3_and_0.5_wt_GdCl3.csv
[Run 262/548000] ✅ Saved: nist_libs_1.5_wt_CeCl3_and_3.5_wt_SmCl3_and_1.0_wt_GdCl3.csv
[Run 263/548000] ✅ Saved: nist_libs_1.5_wt_CeCl3_and_3.5_wt_SmCl3_and_1.5_wt_GdCl3.csv
[Run 264/548000] ✅ Saved: nist_libs_1.5_wt_CeCl3_and_3.5_wt_SmCl3_and_2.0_wt_GdCl3.csv
[Run 265/548000] ✅ Saved: nist_libs_1.5_wt_CeCl3_and_3.5_wt_SmCl3_and_2.5_wt_GdCl3.csv
[Run 267/548000] ✅ Saved: nist_libs_1.5_wt_CeCl3_and_3.5_wt_SmCl3_and_3.5_wt_GdCl3.csv
[Run 266/548000] ✅ Saved: nist_libs_1.5_wt_CeCl3_and_3.5_wt_SmCl3_and_3.0_wt_GdCl3.csv
[Run 268/548000] ✅ Saved: nist_libs_1.5_wt_CeCl3_and_3.5_wt_SmCl3_and_4.0_wt_GdCl3.csv
[Run 269/548000] ✅ Saved: nist_libs_1.5_wt_CeCl3_and_3.5_wt_SmCl3_and_4.5_wt_GdCl3.csv
[Run 270/548000] ✅ Saved: nist_libs_1.5_wt_CeCl3_and_3.5_wt_SmCl3_and_5.0_wt_GdCl3.csv
[Run 271/548000] ✅ Saved: nist_libs_1.5_wt_CeCl3_and_4.0_wt_SmCl3_and_0.5_wt_GdCl3.csv
[Run 272/548000] ✅ Saved: nist_libs_1.5_wt_CeCl3_and_4.0_wt_SmCl3_and_1.0_wt_GdCl3.csv
[Run 273/548000] ✅ Saved: nist_libs_1.5_wt_CeCl3_and_4.0_wt_SmCl3_and_1.5_wt_GdCl3.csv
[Run 274/548000] ✅ Saved: nist_libs_1.5_wt_CeCl3_and_4.0_wt_SmCl3_and_2.0_wt_GdCl3.csv
[Run 275/548000] ✅ Saved: nist_libs_1.5_wt_CeCl3_and_4.0_wt_SmCl3_and_2.5_wt_GdCl3.csv
[Run 276/548000] ✅ Saved: nist_libs_1.5_wt_CeCl3_and_4.0_wt_SmCl3_and_3.0_wt_GdCl3.csv
[Run 277/548000] ✅ Saved: nist_libs_1.5_wt_CeCl3_and_4.0_wt_SmCl3_and_3.5_wt_GdCl3.csv
[Run 278/548000] ✅ Saved: nist_libs_1.5_wt_CeCl3_and_4.0_wt_SmCl3_and_4.0_wt_GdCl3.csv
[Run 279/548000] ✅ Saved: nist_libs_1.5_wt_CeCl3_and_4.0_wt_SmCl3_and_4.5_wt_GdCl3.csv
[Run 280/548000] ✅ Saved: nist_libs_1.5_wt_CeCl3_and_4.0_wt_SmCl3_and_5.0_wt_GdCl3.csv
[Run 281/548000] ✅ Saved: nist_libs_1.5_wt_CeCl3_and_4.5_wt_SmCl3_and_0.5_wt_GdCl3.csv
[Run 282/548000] ✅ Saved: nist_libs_1.5_wt_CeCl3_and_4.5_wt_SmCl3_and_1.0_wt_GdCl3.csv
[Run 283/548000] ✅ Saved: nist_libs_1.5_wt_CeCl3_and_4.5_wt_SmCl3_and_1.5_wt_GdCl3.csv
[Run 284/548000] ✅ Saved: nist_libs_1.5_wt_CeCl3_and_4.5_wt_SmCl3_and_2.0_wt_GdCl3.csv
[Run 285/548000] ✅ Saved: nist_libs_1.5_wt_CeCl3_and_4.5_wt_SmCl3_and_2.5_wt_GdCl3.csv
[Run 286/548000] ✅ Saved: nist_libs_1.5_wt_CeCl3_and_4.5_wt_SmCl3_and_3.0_wt_GdCl3.csv
[Run 287/548000] ✅ Saved: nist_libs_1.5_wt_CeCl3_and_4.5_wt_SmCl3_and_3.5_wt_GdCl3.csv
[Run 289/548000] ✅ Saved: nist_libs_1.5_wt_CeCl3_and_4.5_wt_SmCl3_and_4.5_wt_GdCl3.csv
[Run 288/548000] ✅ Saved: nist_libs_1.5_wt_CeCl3_and_4.5_wt_SmCl3_and_4.0_wt_GdCl3.csv
[Run 290/548000] ✅ Saved: nist_libs_1.5_wt_CeCl3_and_4.5_wt_SmCl3_and_5.0_wt_GdCl3.csv
[Run 291/548000] ✅ Saved: nist_libs_1.5_wt_CeCl3_and_5.0_wt_SmCl3_and_0.5_wt_GdCl3.csv
[Run 293/548000] ✅ Saved: nist_libs_1.5_wt_CeCl3_and_5.0_wt_SmCl3_and_1.5_wt_GdCl3.csv
[Run 292/548000] ✅ Saved: nist_libs_1.5_wt_CeCl3_and_5.0_wt_SmCl3_and_1.0_wt_GdCl3.csv
[Run 295/548000] ✅ Saved: nist_libs_1.5_wt_CeCl3_and_5.0_wt_SmCl3_and_2.5_wt_GdCl3.csv
[Run 294/548000] ✅ Saved: nist_libs_1.5_wt_CeCl3_and_5.0_wt_SmCl3_and_2.0_wt_GdCl3.csv
[Run 297/548000] ✅ Saved: nist_libs_1.5_wt_CeCl3_and_5.0_wt_SmCl3_and_3.5_wt_GdCl3.csv
[Run 296/548000] ✅ Saved: nist_libs_1.5_wt_CeCl3_and_5.0_wt_SmCl3_and_3.0_wt_GdCl3.csv
[Run 300/548000] ✅ Saved: nist_libs_1.5_wt_CeCl3_and_5.0_wt_SmCl3_and_5.0_wt_GdCl3.csv
[Run 298/548000] ✅ Saved: nist_libs_1.5_wt_CeCl3_and_5.0_wt_SmCl3_and_4.0_wt_GdCl3.csv
[Run 299/548000] ✅ Saved: nist_libs_1.5_wt_CeCl3_and_5.0_wt_SmCl3_and_4.5_wt_GdCl3.csv
[Run 301/548000] ✅ Saved: nist_libs_2.0_wt_CeCl3_and_0.5_wt_SmCl3_and_0.5_wt_GdCl3.csv
[Run 302/548000] ✅ Saved: nist_libs_2.0_wt_CeCl3_and_0.5_wt_SmCl3_and_1.0_wt_GdCl3.csv
[Run 303/548000] ✅ Saved: nist_libs_2.0_wt_CeCl3_and_0.5_wt_SmCl3_and_1.5_wt_GdCl3.csv
[Run 304/548000] ✅ Saved: nist_libs_2.0_wt_CeCl3_and_0.5_wt_SmCl3_and_2.0_wt_GdCl3.csv
[Run 305/548000] ✅ Saved: nist_libs_2.0_wt_CeCl3_and_0.5_wt_SmCl3_and_2.5_wt_GdCl3.csv
[Run 306/548000] ✅ Saved: nist_libs_2.0_wt_CeCl3_and_0.5_wt_SmCl3_and_3.0_wt_GdCl3.csv
[Run 308/548000] ✅ Saved: nist_libs_2.0_wt_CeCl3_and_0.5_wt_SmCl3_and_4.0_wt_GdCl3.csv
[Run 307/548000] ✅ Saved: nist_libs_2.0_wt_CeCl3_and_0.5_wt_SmCl3_and_3.5_wt_GdCl3.csv
[Run 309/548000] ✅ Saved: nist_libs_2.0_wt_CeCl3_and_0.5_wt_SmCl3_and_4.5_wt_GdCl3.csv
[Run 312/548000] ✅ Saved: nist_libs_2.0_wt_CeCl3_and_1.0_wt_SmCl3_and_1.0_wt_GdCl3.csv
[Run 310/548000] ✅ Saved: nist_libs_2.0_wt_CeCl3_and_0.5_wt_SmCl3_and_5.0_wt_GdCl3.csv
[Run 311/548000] ✅ Saved: nist_libs_2.0_wt_CeCl3_and_1.0_wt_SmCl3_and_0.5_wt_GdCl3.csv
[Run 313/548000] ✅ Saved: nist_libs_2.0_wt_CeCl3_and_1.0_wt_SmCl3_and_1.5_wt_GdCl3.csv
[Run 314/548000] ✅ Saved: nist_libs_2.0_wt_CeCl3_and_1.0_wt_SmCl3_and_2.0_wt_GdCl3.csv
[Run 316/548000] ✅ Saved: nist_libs_2.0_wt_CeCl3_and_1.0_wt_SmCl3_and_3.0_wt_GdCl3.csv
[Run 315/548000] ✅ Saved: nist_libs_2.0_wt_CeCl3_and_1.0_wt_SmCl3_and_2.5_wt_GdCl3.csv
[Run 317/548000] ✅ Saved: nist_libs_2.0_wt_CeCl3_and_1.0_wt_SmCl3_and_3.5_wt_GdCl3.csv
[Run 321/548000] ✅ Saved: nist_libs_2.0_wt_CeCl3_and_1.5_wt_SmCl3_and_0.5_wt_GdCl3.csv
[Run 319/548000] ✅ Saved: nist_libs_2.0_wt_CeCl3_and_1.0_wt_SmCl3_and_4.5_wt_GdCl3.csv
[Run 320/548000] ✅ Saved: nist_libs_2.0_wt_CeCl3_and_1.0_wt_SmCl3_and_5.0_wt_GdCl3.csv
[Run 318/548000] ✅ Saved: nist_libs_2.0_wt_CeCl3_and_1.0_wt_SmCl3_and_4.0_wt_GdCl3.csv
[Run 322/548000] ✅ Saved: nist_libs_2.0_wt_CeCl3_and_1.5_wt_SmCl3_and_1.0_wt_GdCl3.csv
[Run 323/548000] ✅ Saved: nist_libs_2.0_wt_CeCl3_and_1.5_wt_SmCl3_and_1.5_wt_GdCl3.csv
[Run 324/548000] ✅ Saved: nist_libs_2.0_wt_CeCl3_and_1.5_wt_SmCl3_and_2.0_wt_GdCl3.csv
[Run 325/548000] ✅ Saved: nist_libs_2.0_wt_CeCl3_and_1.5_wt_SmCl3_and_2.5_wt_GdCl3.csv
[Run 326/548000] ✅ Saved: nist_libs_2.0_wt_CeCl3_and_1.5_wt_SmCl3_and_3.0_wt_GdCl3.csv
[Run 327/548000] ✅ Saved: nist_libs_2.0_wt_CeCl3_and_1.5_wt_SmCl3_and_3.5_wt_GdCl3.csv
[Run 329/548000] ✅ Saved: nist_libs_2.0_wt_CeCl3_and_1.5_wt_SmCl3_and_4.5_wt_GdCl3.csv
[Run 328/548000] ✅ Saved: nist_libs_2.0_wt_CeCl3_and_1.5_wt_SmCl3_and_4.0_wt_GdCl3.csv
[Run 330/548000] ✅ Saved: nist_libs_2.0_wt_CeCl3_and_1.5_wt_SmCl3_and_5.0_wt_GdCl3.csv
[Run 331/548000] ✅ Saved: nist_libs_2.0_wt_CeCl3_and_2.0_wt_SmCl3_and_0.5_wt_GdCl3.csv
[Run 332/548000] ✅ Saved: nist_libs_2.0_wt_CeCl3_and_2.0_wt_SmCl3_and_1.0_wt_GdCl3.csv
[Run 333/548000] ✅ Saved: nist_libs_2.0_wt_CeCl3_and_2.0_wt_SmCl3_and_1.5_wt_GdCl3.csv
[Run 334/548000] ✅ Saved: nist_libs_2.0_wt_CeCl3_and_2.0_wt_SmCl3_and_2.0_wt_GdCl3.csv
[Run 335/548000] ✅ Saved: nist_libs_2.0_wt_CeCl3_and_2.0_wt_SmCl3_and_2.5_wt_GdCl3.csv
[Run 336/548000] ✅ Saved: nist_libs_2.0_wt_CeCl3_and_2.0_wt_SmCl3_and_3.0_wt_GdCl3.csv
[Run 338/548000] ✅ Saved: nist_libs_2.0_wt_CeCl3_and_2.0_wt_SmCl3_and_4.0_wt_GdCl3.csv
[Run 337/548000] ✅ Saved: nist_libs_2.0_wt_CeCl3_and_2.0_wt_SmCl3_and_3.5_wt_GdCl3.csv
[Run 339/548000] ✅ Saved: nist_libs_2.0_wt_CeCl3_and_2.0_wt_SmCl3_and_4.5_wt_GdCl3.csv
[Run 340/548000] ✅ Saved: nist_libs_2.0_wt_CeCl3_and_2.0_wt_SmCl3_and_5.0_wt_GdCl3.csv
[Run 341/548000] ✅ Saved: nist_libs_2.0_wt_CeCl3_and_2.5_wt_SmCl3_and_0.5_wt_GdCl3.csv
[Run 342/548000] ✅ Saved: nist_libs_2.0_wt_CeCl3_and_2.5_wt_SmCl3_and_1.0_wt_GdCl3.csv
[Run 344/548000] ✅ Saved: nist_libs_2.0_wt_CeCl3_and_2.5_wt_SmCl3_and_2.0_wt_GdCl3.csv
[Run 343/548000] ✅ Saved: nist_libs_2.0_wt_CeCl3_and_2.5_wt_SmCl3_and_1.5_wt_GdCl3.csv
[Run 345/548000] ✅ Saved: nist_libs_2.0_wt_CeCl3_and_2.5_wt_SmCl3_and_2.5_wt_GdCl3.csv
[Run 346/548000] ✅ Saved: nist_libs_2.0_wt_CeCl3_and_2.5_wt_SmCl3_and_3.0_wt_GdCl3.csv
[Run 348/548000] ✅ Saved: nist_libs_2.0_wt_CeCl3_and_2.5_wt_SmCl3_and_4.0_wt_GdCl3.csv
[Run 347/548000] ✅ Saved: nist_libs_2.0_wt_CeCl3_and_2.5_wt_SmCl3_and_3.5_wt_GdCl3.csv
[Run 349/548000] ✅ Saved: nist_libs_2.0_wt_CeCl3_and_2.5_wt_SmCl3_and_4.5_wt_GdCl3.csv
[Run 350/548000] ✅ Saved: nist_libs_2.0_wt_CeCl3_and_2.5_wt_SmCl3_and_5.0_wt_GdCl3.csv
[Run 351/548000] ✅ Saved: nist_libs_2.0_wt_CeCl3_and_3.0_wt_SmCl3_and_0.5_wt_GdCl3.csv
[Run 352/548000] ✅ Saved: nist_libs_2.0_wt_CeCl3_and_3.0_wt_SmCl3_and_1.0_wt_GdCl3.csv
[Run 353/548000] ✅ Saved: nist_libs_2.0_wt_CeCl3_and_3.0_wt_SmCl3_and_1.5_wt_GdCl3.csv
[Run 354/548000] ✅ Saved: nist_libs_2.0_wt_CeCl3_and_3.0_wt_SmCl3_and_2.0_wt_GdCl3.csv
[Run 355/548000] ✅ Saved: nist_libs_2.0_wt_CeCl3_and_3.0_wt_SmCl3_and_2.5_wt_GdCl3.csv
[Run 356/548000] ✅ Saved: nist_libs_2.0_wt_CeCl3_and_3.0_wt_SmCl3_and_3.0_wt_GdCl3.csv
[Run 357/548000] ✅ Saved: nist_libs_2.0_wt_CeCl3_and_3.0_wt_SmCl3_and_3.5_wt_GdCl3.csv
[Run 358/548000] ✅ Saved: nist_libs_2.0_wt_CeCl3_and_3.0_wt_SmCl3_and_4.0_wt_GdCl3.csv
[Run 359/548000] ✅ Saved: nist_libs_2.0_wt_CeCl3_and_3.0_wt_SmCl3_and_4.5_wt_GdCl3.csv
[Run 360/548000] ✅ Saved: nist_libs_2.0_wt_CeCl3_and_3.0_wt_SmCl3_and_5.0_wt_GdCl3.csv
[Run 361/548000] ✅ Saved: nist_libs_2.0_wt_CeCl3_and_3.5_wt_SmCl3_and_0.5_wt_GdCl3.csv
[Run 362/548000] ✅ Saved: nist_libs_2.0_wt_CeCl3_and_3.5_wt_SmCl3_and_1.0_wt_GdCl3.csv
[Run 363/548000] ✅ Saved: nist_libs_2.0_wt_CeCl3_and_3.5_wt_SmCl3_and_1.5_wt_GdCl3.csv
[Run 364/548000] ✅ Saved: nist_libs_2.0_wt_CeCl3_and_3.5_wt_SmCl3_and_2.0_wt_GdCl3.csv
[Run 365/548000] ✅ Saved: nist_libs_2.0_wt_CeCl3_and_3.5_wt_SmCl3_and_2.5_wt_GdCl3.csv
[Run 367/548000] ✅ Saved: nist_libs_2.0_wt_CeCl3_and_3.5_wt_SmCl3_and_3.5_wt_GdCl3.csv
[Run 366/548000] ✅ Saved: nist_libs_2.0_wt_CeCl3_and_3.5_wt_SmCl3_and_3.0_wt_GdCl3.csv
[Run 368/548000] ✅ Saved: nist_libs_2.0_wt_CeCl3_and_3.5_wt_SmCl3_and_4.0_wt_GdCl3.csv
[Run 369/548000] ✅ Saved: nist_libs_2.0_wt_CeCl3_and_3.5_wt_SmCl3_and_4.5_wt_GdCl3.csv
[Run 370/548000] ✅ Saved: nist_libs_2.0_wt_CeCl3_and_3.5_wt_SmCl3_and_5.0_wt_GdCl3.csv
[Run 372/548000] ✅ Saved: nist_libs_2.0_wt_CeCl3_and_4.0_wt_SmCl3_and_1.0_wt_GdCl3.csv
[Run 371/548000] ✅ Saved: nist_libs_2.0_wt_CeCl3_and_4.0_wt_SmCl3_and_0.5_wt_GdCl3.csv
[Run 373/548000] ✅ Saved: nist_libs_2.0_wt_CeCl3_and_4.0_wt_SmCl3_and_1.5_wt_GdCl3.csv
[Run 375/548000] ✅ Saved: nist_libs_2.0_wt_CeCl3_and_4.0_wt_SmCl3_and_2.5_wt_GdCl3.csv
[Run 374/548000] ✅ Saved: nist_libs_2.0_wt_CeCl3_and_4.0_wt_SmCl3_and_2.0_wt_GdCl3.csv
[Run 376/548000] ✅ Saved: nist_libs_2.0_wt_CeCl3_and_4.0_wt_SmCl3_and_3.0_wt_GdCl3.csv
[Run 378/548000] ✅ Saved: nist_libs_2.0_wt_CeCl3_and_4.0_wt_SmCl3_and_4.0_wt_GdCl3.csv
[Run 377/548000] ✅ Saved: nist_libs_2.0_wt_CeCl3_and_4.0_wt_SmCl3_and_3.5_wt_GdCl3.csv
[Run 379/548000] ✅ Saved: nist_libs_2.0_wt_CeCl3_and_4.0_wt_SmCl3_and_4.5_wt_GdCl3.csv
[Run 380/548000] ✅ Saved: nist_libs_2.0_wt_CeCl3_and_4.0_wt_SmCl3_and_5.0_wt_GdCl3.csv
[Run 381/548000] ✅ Saved: nist_libs_2.0_wt_CeCl3_and_4.5_wt_SmCl3_and_0.5_wt_GdCl3.csv
[Run 382/548000] ✅ Saved: nist_libs_2.0_wt_CeCl3_and_4.5_wt_SmCl3_and_1.0_wt_GdCl3.csv
[Run 383/548000] ✅ Saved: nist_libs_2.0_wt_CeCl3_and_4.5_wt_SmCl3_and_1.5_wt_GdCl3.csv
[Run 384/548000] ✅ Saved: nist_libs_2.0_wt_CeCl3_and_4.5_wt_SmCl3_and_2.0_wt_GdCl3.csv
[Run 385/548000] ✅ Saved: nist_libs_2.0_wt_CeCl3_and_4.5_wt_SmCl3_and_2.5_wt_GdCl3.csv
[Run 386/548000] ✅ Saved: nist_libs_2.0_wt_CeCl3_and_4.5_wt_SmCl3_and_3.0_wt_GdCl3.csv
[Run 387/548000] ✅ Saved: nist_libs_2.0_wt_CeCl3_and_4.5_wt_SmCl3_and_3.5_wt_GdCl3.csv
[Run 388/548000] ✅ Saved: nist_libs_2.0_wt_CeCl3_and_4.5_wt_SmCl3_and_4.0_wt_GdCl3.csv
[Run 389/548000] ✅ Saved: nist_libs_2.0_wt_CeCl3_and_4.5_wt_SmCl3_and_4.5_wt_GdCl3.csv
[Run 390/548000] ✅ Saved: nist_libs_2.0_wt_CeCl3_and_4.5_wt_SmCl3_and_5.0_wt_GdCl3.csv
[Run 391/548000] ✅ Saved: nist_libs_2.0_wt_CeCl3_and_5.0_wt_SmCl3_and_0.5_wt_GdCl3.csv
[Run 392/548000] ✅ Saved: nist_libs_2.0_wt_CeCl3_and_5.0_wt_SmCl3_and_1.0_wt_GdCl3.csv
[Run 393/548000] ✅ Saved: nist_libs_2.0_wt_CeCl3_and_5.0_wt_SmCl3_and_1.5_wt_GdCl3.csv
[Run 394/548000] ✅ Saved: nist_libs_2.0_wt_CeCl3_and_5.0_wt_SmCl3_and_2.0_wt_GdCl3.csv
[Run 396/548000] ✅ Saved: nist_libs_2.0_wt_CeCl3_and_5.0_wt_SmCl3_and_3.0_wt_GdCl3.csv
[Run 395/548000] ✅ Saved: nist_libs_2.0_wt_CeCl3_and_5.0_wt_SmCl3_and_2.5_wt_GdCl3.csv
[Run 397/548000] ✅ Saved: nist_libs_2.0_wt_CeCl3_and_5.0_wt_SmCl3_and_3.5_wt_GdCl3.csv
[Run 398/548000] ✅ Saved: nist_libs_2.0_wt_CeCl3_and_5.0_wt_SmCl3_and_4.0_wt_GdCl3.csv
[Run 400/548000] ✅ Saved: nist_libs_2.0_wt_CeCl3_and_5.0_wt_SmCl3_and_5.0_wt_GdCl3.csv
[Run 399/548000] ✅ Saved: nist_libs_2.0_wt_CeCl3_and_5.0_wt_SmCl3_and_4.5_wt_GdCl3.csv
[Run 401/548000] ✅ Saved: nist_libs_2.5_wt_CeCl3_and_0.5_wt_SmCl3_and_0.5_wt_GdCl3.csv
[Run 402/548000] ✅ Saved: nist_libs_2.5_wt_CeCl3_and_0.5_wt_SmCl3_and_1.0_wt_GdCl3.csv
[Run 404/548000] ✅ Saved: nist_libs_2.5_wt_CeCl3_and_0.5_wt_SmCl3_and_2.0_wt_GdCl3.csv
[Run 403/548000] ✅ Saved: nist_libs_2.5_wt_CeCl3_and_0.5_wt_SmCl3_and_1.5_wt_GdCl3.csv
[Run 406/548000] ✅ Saved: nist_libs_2.5_wt_CeCl3_and_0.5_wt_SmCl3_and_3.0_wt_GdCl3.csv
[Run 405/548000] ✅ Saved: nist_libs_2.5_wt_CeCl3_and_0.5_wt_SmCl3_and_2.5_wt_GdCl3.csv
[Run 407/548000] ✅ Saved: nist_libs_2.5_wt_CeCl3_and_0.5_wt_SmCl3_and_3.5_wt_GdCl3.csv
[Run 409/548000] ✅ Saved: nist_libs_2.5_wt_CeCl3_and_0.5_wt_SmCl3_and_4.5_wt_GdCl3.csv
[Run 408/548000] ✅ Saved: nist_libs_2.5_wt_CeCl3_and_0.5_wt_SmCl3_and_4.0_wt_GdCl3.csv
[Run 410/548000] ✅ Saved: nist_libs_2.5_wt_CeCl3_and_0.5_wt_SmCl3_and_5.0_wt_GdCl3.csv
[Run 411/548000] ✅ Saved: nist_libs_2.5_wt_CeCl3_and_1.0_wt_SmCl3_and_0.5_wt_GdCl3.csv
[Run 412/548000] ✅ Saved: nist_libs_2.5_wt_CeCl3_and_1.0_wt_SmCl3_and_1.0_wt_GdCl3.csv
[Run 414/548000] ✅ Saved: nist_libs_2.5_wt_CeCl3_and_1.0_wt_SmCl3_and_2.0_wt_GdCl3.csv
[Run 413/548000] ✅ Saved: nist_libs_2.5_wt_CeCl3_and_1.0_wt_SmCl3_and_1.5_wt_GdCl3.csv
[Run 415/548000] ✅ Saved: nist_libs_2.5_wt_CeCl3_and_1.0_wt_SmCl3_and_2.5_wt_GdCl3.csv
[Run 416/548000] ✅ Saved: nist_libs_2.5_wt_CeCl3_and_1.0_wt_SmCl3_and_3.0_wt_GdCl3.csv
[Run 417/548000] ✅ Saved: nist_libs_2.5_wt_CeCl3_and_1.0_wt_SmCl3_and_3.5_wt_GdCl3.csv
[Run 419/548000] ✅ Saved: nist_libs_2.5_wt_CeCl3_and_1.0_wt_SmCl3_and_4.5_wt_GdCl3.csv
[Run 418/548000] ✅ Saved: nist_libs_2.5_wt_CeCl3_and_1.0_wt_SmCl3_and_4.0_wt_GdCl3.csv
[Run 423/548000] ✅ Saved: nist_libs_2.5_wt_CeCl3_and_1.5_wt_SmCl3_and_1.5_wt_GdCl3.csv
[Run 420/548000] ✅ Saved: nist_libs_2.5_wt_CeCl3_and_1.0_wt_SmCl3_and_5.0_wt_GdCl3.csv
[Run 421/548000] ✅ Saved: nist_libs_2.5_wt_CeCl3_and_1.5_wt_SmCl3_and_0.5_wt_GdCl3.csv
[Run 422/548000] ✅ Saved: nist_libs_2.5_wt_CeCl3_and_1.5_wt_SmCl3_and_1.0_wt_GdCl3.csv
[Run 424/548000] ✅ Saved: nist_libs_2.5_wt_CeCl3_and_1.5_wt_SmCl3_and_2.0_wt_GdCl3.csv
[Run 427/548000] ✅ Saved: nist_libs_2.5_wt_CeCl3_and_1.5_wt_SmCl3_and_3.5_wt_GdCl3.csv
[Run 426/548000] ✅ Saved: nist_libs_2.5_wt_CeCl3_and_1.5_wt_SmCl3_and_3.0_wt_GdCl3.csv
[Run 425/548000] ✅ Saved: nist_libs_2.5_wt_CeCl3_and_1.5_wt_SmCl3_and_2.5_wt_GdCl3.csv
[Run 428/548000] ✅ Saved: nist_libs_2.5_wt_CeCl3_and_1.5_wt_SmCl3_and_4.0_wt_GdCl3.csv
[Run 429/548000] ✅ Saved: nist_libs_2.5_wt_CeCl3_and_1.5_wt_SmCl3_and_4.5_wt_GdCl3.csv
[Run 430/548000] ✅ Saved: nist_libs_2.5_wt_CeCl3_and_1.5_wt_SmCl3_and_5.0_wt_GdCl3.csv
[Run 431/548000] ✅ Saved: nist_libs_2.5_wt_CeCl3_and_2.0_wt_SmCl3_and_0.5_wt_GdCl3.csv
[Run 432/548000] ✅ Saved: nist_libs_2.5_wt_CeCl3_and_2.0_wt_SmCl3_and_1.0_wt_GdCl3.csv
[Run 433/548000] ✅ Saved: nist_libs_2.5_wt_CeCl3_and_2.0_wt_SmCl3_and_1.5_wt_GdCl3.csv
[Run 434/548000] ✅ Saved: nist_libs_2.5_wt_CeCl3_and_2.0_wt_SmCl3_and_2.0_wt_GdCl3.csv
[Run 435/548000] ✅ Saved: nist_libs_2.5_wt_CeCl3_and_2.0_wt_SmCl3_and_2.5_wt_GdCl3.csv
[Run 436/548000] ✅ Saved: nist_libs_2.5_wt_CeCl3_and_2.0_wt_SmCl3_and_3.0_wt_GdCl3.csv
[Run 437/548000] ✅ Saved: nist_libs_2.5_wt_CeCl3_and_2.0_wt_SmCl3_and_3.5_wt_GdCl3.csv
[Run 438/548000] ✅ Saved: nist_libs_2.5_wt_CeCl3_and_2.0_wt_SmCl3_and_4.0_wt_GdCl3.csv
[Run 440/548000] ✅ Saved: nist_libs_2.5_wt_CeCl3_and_2.0_wt_SmCl3_and_5.0_wt_GdCl3.csv
[Run 441/548000] ✅ Saved: nist_libs_2.5_wt_CeCl3_and_2.5_wt_SmCl3_and_0.5_wt_GdCl3.csv
[Run 439/548000] ✅ Saved: nist_libs_2.5_wt_CeCl3_and_2.0_wt_SmCl3_and_4.5_wt_GdCl3.csv
[Run 442/548000] ✅ Saved: nist_libs_2.5_wt_CeCl3_and_2.5_wt_SmCl3_and_1.0_wt_GdCl3.csv
[Run 443/548000] ✅ Saved: nist_libs_2.5_wt_CeCl3_and_2.5_wt_SmCl3_and_1.5_wt_GdCl3.csv
[Run 445/548000] ✅ Saved: nist_libs_2.5_wt_CeCl3_and_2.5_wt_SmCl3_and_2.5_wt_GdCl3.csv
[Run 444/548000] ✅ Saved: nist_libs_2.5_wt_CeCl3_and_2.5_wt_SmCl3_and_2.0_wt_GdCl3.csv
[Run 446/548000] ✅ Saved: nist_libs_2.5_wt_CeCl3_and_2.5_wt_SmCl3_and_3.0_wt_GdCl3.csv
[Run 447/548000] ✅ Saved: nist_libs_2.5_wt_CeCl3_and_2.5_wt_SmCl3_and_3.5_wt_GdCl3.csv
[Run 448/548000] ✅ Saved: nist_libs_2.5_wt_CeCl3_and_2.5_wt_SmCl3_and_4.0_wt_GdCl3.csv
[Run 449/548000] ✅ Saved: nist_libs_2.5_wt_CeCl3_and_2.5_wt_SmCl3_and_4.5_wt_GdCl3.csv
[Run 450/548000] ✅ Saved: nist_libs_2.5_wt_CeCl3_and_2.5_wt_SmCl3_and_5.0_wt_GdCl3.csv
[Run 451/548000] ✅ Saved: nist_libs_2.5_wt_CeCl3_and_3.0_wt_SmCl3_and_0.5_wt_GdCl3.csv
[Run 452/548000] ✅ Saved: nist_libs_2.5_wt_CeCl3_and_3.0_wt_SmCl3_and_1.0_wt_GdCl3.csv
[Run 453/548000] ✅ Saved: nist_libs_2.5_wt_CeCl3_and_3.0_wt_SmCl3_and_1.5_wt_GdCl3.csv
[Run 454/548000] ✅ Saved: nist_libs_2.5_wt_CeCl3_and_3.0_wt_SmCl3_and_2.0_wt_GdCl3.csv
[Run 457/548000] ✅ Saved: nist_libs_2.5_wt_CeCl3_and_3.0_wt_SmCl3_and_3.5_wt_GdCl3.csv
[Run 455/548000] ✅ Saved: nist_libs_2.5_wt_CeCl3_and_3.0_wt_SmCl3_and_2.5_wt_GdCl3.csv
[Run 456/548000] ✅ Saved: nist_libs_2.5_wt_CeCl3_and_3.0_wt_SmCl3_and_3.0_wt_GdCl3.csv
[Run 458/548000] ✅ Saved: nist_libs_2.5_wt_CeCl3_and_3.0_wt_SmCl3_and_4.0_wt_GdCl3.csv
[Run 460/548000] ✅ Saved: nist_libs_2.5_wt_CeCl3_and_3.0_wt_SmCl3_and_5.0_wt_GdCl3.csv
[Run 459/548000] ✅ Saved: nist_libs_2.5_wt_CeCl3_and_3.0_wt_SmCl3_and_4.5_wt_GdCl3.csv
[Run 461/548000] ✅ Saved: nist_libs_2.5_wt_CeCl3_and_3.5_wt_SmCl3_and_0.5_wt_GdCl3.csv
[Run 462/548000] ✅ Saved: nist_libs_2.5_wt_CeCl3_and_3.5_wt_SmCl3_and_1.0_wt_GdCl3.csv
[Run 463/548000] ✅ Saved: nist_libs_2.5_wt_CeCl3_and_3.5_wt_SmCl3_and_1.5_wt_GdCl3.csv
[Run 464/548000] ✅ Saved: nist_libs_2.5_wt_CeCl3_and_3.5_wt_SmCl3_and_2.0_wt_GdCl3.csv
[Run 465/548000] ✅ Saved: nist_libs_2.5_wt_CeCl3_and_3.5_wt_SmCl3_and_2.5_wt_GdCl3.csv
[Run 466/548000] ✅ Saved: nist_libs_2.5_wt_CeCl3_and_3.5_wt_SmCl3_and_3.0_wt_GdCl3.csv
[Run 467/548000] ✅ Saved: nist_libs_2.5_wt_CeCl3_and_3.5_wt_SmCl3_and_3.5_wt_GdCl3.csv
[Run 468/548000] ✅ Saved: nist_libs_2.5_wt_CeCl3_and_3.5_wt_SmCl3_and_4.0_wt_GdCl3.csv
[Run 469/548000] ✅ Saved: nist_libs_2.5_wt_CeCl3_and_3.5_wt_SmCl3_and_4.5_wt_GdCl3.csv
[Run 470/548000] ✅ Saved: nist_libs_2.5_wt_CeCl3_and_3.5_wt_SmCl3_and_5.0_wt_GdCl3.csv
[Run 471/548000] ✅ Saved: nist_libs_2.5_wt_CeCl3_and_4.0_wt_SmCl3_and_0.5_wt_GdCl3.csv
[Run 472/548000] ✅ Saved: nist_libs_2.5_wt_CeCl3_and_4.0_wt_SmCl3_and_1.0_wt_GdCl3.csv
[Run 473/548000] ✅ Saved: nist_libs_2.5_wt_CeCl3_and_4.0_wt_SmCl3_and_1.5_wt_GdCl3.csv
[Run 474/548000] ✅ Saved: nist_libs_2.5_wt_CeCl3_and_4.0_wt_SmCl3_and_2.0_wt_GdCl3.csv
[Run 475/548000] ✅ Saved: nist_libs_2.5_wt_CeCl3_and_4.0_wt_SmCl3_and_2.5_wt_GdCl3.csv
[Run 476/548000] ✅ Saved: nist_libs_2.5_wt_CeCl3_and_4.0_wt_SmCl3_and_3.0_wt_GdCl3.csv
[Run 477/548000] ✅ Saved: nist_libs_2.5_wt_CeCl3_and_4.0_wt_SmCl3_and_3.5_wt_GdCl3.csv
[Run 478/548000] ✅ Saved: nist_libs_2.5_wt_CeCl3_and_4.0_wt_SmCl3_and_4.0_wt_GdCl3.csv
[Run 479/548000] ✅ Saved: nist_libs_2.5_wt_CeCl3_and_4.0_wt_SmCl3_and_4.5_wt_GdCl3.csv
[Run 480/548000] ✅ Saved: nist_libs_2.5_wt_CeCl3_and_4.0_wt_SmCl3_and_5.0_wt_GdCl3.csv
[Run 481/548000] ✅ Saved: nist_libs_2.5_wt_CeCl3_and_4.5_wt_SmCl3_and_0.5_wt_GdCl3.csv
[Run 482/548000] ✅ Saved: nist_libs_2.5_wt_CeCl3_and_4.5_wt_SmCl3_and_1.0_wt_GdCl3.csv
[Run 483/548000] ✅ Saved: nist_libs_2.5_wt_CeCl3_and_4.5_wt_SmCl3_and_1.5_wt_GdCl3.csv
[Run 484/548000] ✅ Saved: nist_libs_2.5_wt_CeCl3_and_4.5_wt_SmCl3_and_2.0_wt_GdCl3.csv
[Run 485/548000] ✅ Saved: nist_libs_2.5_wt_CeCl3_and_4.5_wt_SmCl3_and_2.5_wt_GdCl3.csv
[Run 486/548000] ✅ Saved: nist_libs_2.5_wt_CeCl3_and_4.5_wt_SmCl3_and_3.0_wt_GdCl3.csv
[Run 487/548000] ✅ Saved: nist_libs_2.5_wt_CeCl3_and_4.5_wt_SmCl3_and_3.5_wt_GdCl3.csv
[Run 488/548000] ✅ Saved: nist_libs_2.5_wt_CeCl3_and_4.5_wt_SmCl3_and_4.0_wt_GdCl3.csv
[Run 489/548000] ✅ Saved: nist_libs_2.5_wt_CeCl3_and_4.5_wt_SmCl3_and_4.5_wt_GdCl3.csv
[Run 490/548000] ✅ Saved: nist_libs_2.5_wt_CeCl3_and_4.5_wt_SmCl3_and_5.0_wt_GdCl3.csv
[Run 491/548000] ✅ Saved: nist_libs_2.5_wt_CeCl3_and_5.0_wt_SmCl3_and_0.5_wt_GdCl3.csv
[Run 492/548000] ✅ Saved: nist_libs_2.5_wt_CeCl3_and_5.0_wt_SmCl3_and_1.0_wt_GdCl3.csv
[Run 493/548000] ✅ Saved: nist_libs_2.5_wt_CeCl3_and_5.0_wt_SmCl3_and_1.5_wt_GdCl3.csv
[Run 494/548000] ✅ Saved: nist_libs_2.5_wt_CeCl3_and_5.0_wt_SmCl3_and_2.0_wt_GdCl3.csv
[Run 495/548000] ✅ Saved: nist_libs_2.5_wt_CeCl3_and_5.0_wt_SmCl3_and_2.5_wt_GdCl3.csv
[Run 496/548000] ✅ Saved: nist_libs_2.5_wt_CeCl3_and_5.0_wt_SmCl3_and_3.0_wt_GdCl3.csv
[Run 497/548000] ✅ Saved: nist_libs_2.5_wt_CeCl3_and_5.0_wt_SmCl3_and_3.5_wt_GdCl3.csv
[Run 498/548000] ✅ Saved: nist_libs_2.5_wt_CeCl3_and_5.0_wt_SmCl3_and_4.0_wt_GdCl3.csv
[Run 499/548000] ✅ Saved: nist_libs_2.5_wt_CeCl3_and_5.0_wt_SmCl3_and_4.5_wt_GdCl3.csv
[Run 500/548000] ✅ Saved: nist_libs_2.5_wt_CeCl3_and_5.0_wt_SmCl3_and_5.0_wt_GdCl3.csv
[Run 501/548000] ✅ Saved: nist_libs_3.0_wt_CeCl3_and_0.5_wt_SmCl3_and_0.5_wt_GdCl3.csv
[Run 502/548000] ✅ Saved: nist_libs_3.0_wt_CeCl3_and_0.5_wt_SmCl3_and_1.0_wt_GdCl3.csv
[Run 504/548000] ✅ Saved: nist_libs_3.0_wt_CeCl3_and_0.5_wt_SmCl3_and_2.0_wt_GdCl3.csv
[Run 503/548000] ✅ Saved: nist_libs_3.0_wt_CeCl3_and_0.5_wt_SmCl3_and_1.5_wt_GdCl3.csv
[Run 505/548000] ✅ Saved: nist_libs_3.0_wt_CeCl3_and_0.5_wt_SmCl3_and_2.5_wt_GdCl3.csv
[Run 506/548000] ✅ Saved: nist_libs_3.0_wt_CeCl3_and_0.5_wt_SmCl3_and_3.0_wt_GdCl3.csv
[Run 508/548000] ✅ Saved: nist_libs_3.0_wt_CeCl3_and_0.5_wt_SmCl3_and_4.0_wt_GdCl3.csv
[Run 507/548000] ✅ Saved: nist_libs_3.0_wt_CeCl3_and_0.5_wt_SmCl3_and_3.5_wt_GdCl3.csv
[Run 509/548000] ✅ Saved: nist_libs_3.0_wt_CeCl3_and_0.5_wt_SmCl3_and_4.5_wt_GdCl3.csv
[Run 510/548000] ✅ Saved: nist_libs_3.0_wt_CeCl3_and_0.5_wt_SmCl3_and_5.0_wt_GdCl3.csv
[Run 511/548000] ✅ Saved: nist_libs_3.0_wt_CeCl3_and_1.0_wt_SmCl3_and_0.5_wt_GdCl3.csv
[Run 512/548000] ✅ Saved: nist_libs_3.0_wt_CeCl3_and_1.0_wt_SmCl3_and_1.0_wt_GdCl3.csv
[Run 513/548000] ✅ Saved: nist_libs_3.0_wt_CeCl3_and_1.0_wt_SmCl3_and_1.5_wt_GdCl3.csv
[Run 514/548000] ✅ Saved: nist_libs_3.0_wt_CeCl3_and_1.0_wt_SmCl3_and_2.0_wt_GdCl3.csv
[Run 515/548000] ✅ Saved: nist_libs_3.0_wt_CeCl3_and_1.0_wt_SmCl3_and_2.5_wt_GdCl3.csv
[Run 516/548000] ✅ Saved: nist_libs_3.0_wt_CeCl3_and_1.0_wt_SmCl3_and_3.0_wt_GdCl3.csv
[Run 517/548000] ✅ Saved: nist_libs_3.0_wt_CeCl3_and_1.0_wt_SmCl3_and_3.5_wt_GdCl3.csv
[Run 518/548000] ✅ Saved: nist_libs_3.0_wt_CeCl3_and_1.0_wt_SmCl3_and_4.0_wt_GdCl3.csv
[Run 519/548000] ✅ Saved: nist_libs_3.0_wt_CeCl3_and_1.0_wt_SmCl3_and_4.5_wt_GdCl3.csv
[Run 520/548000] ✅ Saved: nist_libs_3.0_wt_CeCl3_and_1.0_wt_SmCl3_and_5.0_wt_GdCl3.csv
[Run 521/548000] ✅ Saved: nist_libs_3.0_wt_CeCl3_and_1.5_wt_SmCl3_and_0.5_wt_GdCl3.csv
[Run 522/548000] ✅ Saved: nist_libs_3.0_wt_CeCl3_and_1.5_wt_SmCl3_and_1.0_wt_GdCl3.csv
[Run 523/548000] ✅ Saved: nist_libs_3.0_wt_CeCl3_and_1.5_wt_SmCl3_and_1.5_wt_GdCl3.csv
[Run 524/548000] ✅ Saved: nist_libs_3.0_wt_CeCl3_and_1.5_wt_SmCl3_and_2.0_wt_GdCl3.csv
[Run 525/548000] ✅ Saved: nist_libs_3.0_wt_CeCl3_and_1.5_wt_SmCl3_and_2.5_wt_GdCl3.csv
[Run 526/548000] ✅ Saved: nist_libs_3.0_wt_CeCl3_and_1.5_wt_SmCl3_and_3.0_wt_GdCl3.csv
[Run 527/548000] ✅ Saved: nist_libs_3.0_wt_CeCl3_and_1.5_wt_SmCl3_and_3.5_wt_GdCl3.csv
[Run 528/548000] ✅ Saved: nist_libs_3.0_wt_CeCl3_and_1.5_wt_SmCl3_and_4.0_wt_GdCl3.csv
[Run 529/548000] ✅ Saved: nist_libs_3.0_wt_CeCl3_and_1.5_wt_SmCl3_and_4.5_wt_GdCl3.csv
[Run 530/548000] ✅ Saved: nist_libs_3.0_wt_CeCl3_and_1.5_wt_SmCl3_and_5.0_wt_GdCl3.csv
[Run 531/548000] ✅ Saved: nist_libs_3.0_wt_CeCl3_and_2.0_wt_SmCl3_and_0.5_wt_GdCl3.csv
[Run 532/548000] ✅ Saved: nist_libs_3.0_wt_CeCl3_and_2.0_wt_SmCl3_and_1.0_wt_GdCl3.csv
[Run 533/548000] ✅ Saved: nist_libs_3.0_wt_CeCl3_and_2.0_wt_SmCl3_and_1.5_wt_GdCl3.csv
[Run 534/548000] ✅ Saved: nist_libs_3.0_wt_CeCl3_and_2.0_wt_SmCl3_and_2.0_wt_GdCl3.csv
[Run 535/548000] ✅ Saved: nist_libs_3.0_wt_CeCl3_and_2.0_wt_SmCl3_and_2.5_wt_GdCl3.csv
[Run 536/548000] ✅ Saved: nist_libs_3.0_wt_CeCl3_and_2.0_wt_SmCl3_and_3.0_wt_GdCl3.csv
[Run 537/548000] ✅ Saved: nist_libs_3.0_wt_CeCl3_and_2.0_wt_SmCl3_and_3.5_wt_GdCl3.csv
[Run 538/548000] ✅ Saved: nist_libs_3.0_wt_CeCl3_and_2.0_wt_SmCl3_and_4.0_wt_GdCl3.csv
[Run 539/548000] ✅ Saved: nist_libs_3.0_wt_CeCl3_and_2.0_wt_SmCl3_and_4.5_wt_GdCl3.csv
[Run 540/548000] ✅ Saved: nist_libs_3.0_wt_CeCl3_and_2.0_wt_SmCl3_and_5.0_wt_GdCl3.csv
[Run 541/548000] ✅ Saved: nist_libs_3.0_wt_CeCl3_and_2.5_wt_SmCl3_and_0.5_wt_GdCl3.csv
[Run 542/548000] ✅ Saved: nist_libs_3.0_wt_CeCl3_and_2.5_wt_SmCl3_and_1.0_wt_GdCl3.csv
[Run 543/548000] ✅ Saved: nist_libs_3.0_wt_CeCl3_and_2.5_wt_SmCl3_and_1.5_wt_GdCl3.csv
[Run 544/548000] ✅ Saved: nist_libs_3.0_wt_CeCl3_and_2.5_wt_SmCl3_and_2.0_wt_GdCl3.csv
[Run 545/548000] ✅ Saved: nist_libs_3.0_wt_CeCl3_and_2.5_wt_SmCl3_and_2.5_wt_GdCl3.csv
[Run 546/548000] ✅ Saved: nist_libs_3.0_wt_CeCl3_and_2.5_wt_SmCl3_and_3.0_wt_GdCl3.csv
[Run 547/548000] ✅ Saved: nist_libs_3.0_wt_CeCl3_and_2.5_wt_SmCl3_and_3.5_wt_GdCl3.csv
[Run 548/548000] ✅ Saved: nist_libs_3.0_wt_CeCl3_and_2.5_wt_SmCl3_and_4.0_wt_GdCl3.csv
[Run 549/548000] ✅ Saved: nist_libs_3.0_wt_CeCl3_and_2.5_wt_SmCl3_and_4.5_wt_GdCl3.csv
[Run 550/548000] ✅ Saved: nist_libs_3.0_wt_CeCl3_and_2.5_wt_SmCl3_and_5.0_wt_GdCl3.csv
[Run 551/548000] ✅ Saved: nist_libs_3.0_wt_CeCl3_and_3.0_wt_SmCl3_and_0.5_wt_GdCl3.csv
[Run 552/548000] ✅ Saved: nist_libs_3.0_wt_CeCl3_and_3.0_wt_SmCl3_and_1.0_wt_GdCl3.csv
[Run 553/548000] ✅ Saved: nist_libs_3.0_wt_CeCl3_and_3.0_wt_SmCl3_and_1.5_wt_GdCl3.csv
[Run 554/548000] ✅ Saved: nist_libs_3.0_wt_CeCl3_and_3.0_wt_SmCl3_and_2.0_wt_GdCl3.csv
[Run 555/548000] ✅ Saved: nist_libs_3.0_wt_CeCl3_and_3.0_wt_SmCl3_and_2.5_wt_GdCl3.csv
[Run 556/548000] ✅ Saved: nist_libs_3.0_wt_CeCl3_and_3.0_wt_SmCl3_and_3.0_wt_GdCl3.csv
[Run 557/548000] ✅ Saved: nist_libs_3.0_wt_CeCl3_and_3.0_wt_SmCl3_and_3.5_wt_GdCl3.csv
[Run 558/548000] ✅ Saved: nist_libs_3.0_wt_CeCl3_and_3.0_wt_SmCl3_and_4.0_wt_GdCl3.csv
[Run 560/548000] ✅ Saved: nist_libs_3.0_wt_CeCl3_and_3.0_wt_SmCl3_and_5.0_wt_GdCl3.csv
[Run 559/548000] ✅ Saved: nist_libs_3.0_wt_CeCl3_and_3.0_wt_SmCl3_and_4.5_wt_GdCl3.csv
[Run 561/548000] ✅ Saved: nist_libs_3.0_wt_CeCl3_and_3.5_wt_SmCl3_and_0.5_wt_GdCl3.csv
[Run 562/548000] ✅ Saved: nist_libs_3.0_wt_CeCl3_and_3.5_wt_SmCl3_and_1.0_wt_GdCl3.csv
[Run 564/548000] ✅ Saved: nist_libs_3.0_wt_CeCl3_and_3.5_wt_SmCl3_and_2.0_wt_GdCl3.csv
[Run 565/548000] ✅ Saved: nist_libs_3.0_wt_CeCl3_and_3.5_wt_SmCl3_and_2.5_wt_GdCl3.csv
[Run 563/548000] ✅ Saved: nist_libs_3.0_wt_CeCl3_and_3.5_wt_SmCl3_and_1.5_wt_GdCl3.csv
[Run 566/548000] ✅ Saved: nist_libs_3.0_wt_CeCl3_and_3.5_wt_SmCl3_and_3.0_wt_GdCl3.csv
[Run 568/548000] ✅ Saved: nist_libs_3.0_wt_CeCl3_and_3.5_wt_SmCl3_and_4.0_wt_GdCl3.csv
[Run 569/548000] ✅ Saved: nist_libs_3.0_wt_CeCl3_and_3.5_wt_SmCl3_and_4.5_wt_GdCl3.csv
[Run 567/548000] ✅ Saved: nist_libs_3.0_wt_CeCl3_and_3.5_wt_SmCl3_and_3.5_wt_GdCl3.csv
[Run 570/548000] ✅ Saved: nist_libs_3.0_wt_CeCl3_and_3.5_wt_SmCl3_and_5.0_wt_GdCl3.csv
[Run 573/548000] ✅ Saved: nist_libs_3.0_wt_CeCl3_and_4.0_wt_SmCl3_and_1.5_wt_GdCl3.csv
[Run 571/548000] ✅ Saved: nist_libs_3.0_wt_CeCl3_and_4.0_wt_SmCl3_and_0.5_wt_GdCl3.csv
[Run 574/548000] ✅ Saved: nist_libs_3.0_wt_CeCl3_and_4.0_wt_SmCl3_and_2.0_wt_GdCl3.csv
[Run 572/548000] ✅ Saved: nist_libs_3.0_wt_CeCl3_and_4.0_wt_SmCl3_and_1.0_wt_GdCl3.csv
[Run 575/548000] ✅ Saved: nist_libs_3.0_wt_CeCl3_and_4.0_wt_SmCl3_and_2.5_wt_GdCl3.csv
[Run 577/548000] ✅ Saved: nist_libs_3.0_wt_CeCl3_and_4.0_wt_SmCl3_and_3.5_wt_GdCl3.csv
[Run 578/548000] ✅ Saved: nist_libs_3.0_wt_CeCl3_and_4.0_wt_SmCl3_and_4.0_wt_GdCl3.csv
[Run 576/548000] ✅ Saved: nist_libs_3.0_wt_CeCl3_and_4.0_wt_SmCl3_and_3.0_wt_GdCl3.csv
[Run 579/548000] ✅ Saved: nist_libs_3.0_wt_CeCl3_and_4.0_wt_SmCl3_and_4.5_wt_GdCl3.csv
[Run 580/548000] ✅ Saved: nist_libs_3.0_wt_CeCl3_and_4.0_wt_SmCl3_and_5.0_wt_GdCl3.csv
[Run 582/548000] ✅ Saved: nist_libs_3.0_wt_CeCl3_and_4.5_wt_SmCl3_and_1.0_wt_GdCl3.csv
[Run 581/548000] ✅ Saved: nist_libs_3.0_wt_CeCl3_and_4.5_wt_SmCl3_and_0.5_wt_GdCl3.csv
[Run 583/548000] ✅ Saved: nist_libs_3.0_wt_CeCl3_and_4.5_wt_SmCl3_and_1.5_wt_GdCl3.csv
[Run 585/548000] ✅ Saved: nist_libs_3.0_wt_CeCl3_and_4.5_wt_SmCl3_and_2.5_wt_GdCl3.csv
[Run 584/548000] ✅ Saved: nist_libs_3.0_wt_CeCl3_and_4.5_wt_SmCl3_and_2.0_wt_GdCl3.csv
[Run 586/548000] ✅ Saved: nist_libs_3.0_wt_CeCl3_and_4.5_wt_SmCl3_and_3.0_wt_GdCl3.csv
[Run 587/548000] ✅ Saved: nist_libs_3.0_wt_CeCl3_and_4.5_wt_SmCl3_and_3.5_wt_GdCl3.csv
[Run 588/548000] ✅ Saved: nist_libs_3.0_wt_CeCl3_and_4.5_wt_SmCl3_and_4.0_wt_GdCl3.csv
[Run 589/548000] ✅ Saved: nist_libs_3.0_wt_CeCl3_and_4.5_wt_SmCl3_and_4.5_wt_GdCl3.csv
[Run 590/548000] ✅ Saved: nist_libs_3.0_wt_CeCl3_and_4.5_wt_SmCl3_and_5.0_wt_GdCl3.csv
[Run 591/548000] ✅ Saved: nist_libs_3.0_wt_CeCl3_and_5.0_wt_SmCl3_and_0.5_wt_GdCl3.csv
[Run 592/548000] ✅ Saved: nist_libs_3.0_wt_CeCl3_and_5.0_wt_SmCl3_and_1.0_wt_GdCl3.csv
[Run 593/548000] ✅ Saved: nist_libs_3.0_wt_CeCl3_and_5.0_wt_SmCl3_and_1.5_wt_GdCl3.csv
[Run 594/548000] ✅ Saved: nist_libs_3.0_wt_CeCl3_and_5.0_wt_SmCl3_and_2.0_wt_GdCl3.csv
[Run 595/548000] ✅ Saved: nist_libs_3.0_wt_CeCl3_and_5.0_wt_SmCl3_and_2.5_wt_GdCl3.csv
[Run 596/548000] ✅ Saved: nist_libs_3.0_wt_CeCl3_and_5.0_wt_SmCl3_and_3.0_wt_GdCl3.csv
[Run 598/548000] ✅ Saved: nist_libs_3.0_wt_CeCl3_and_5.0_wt_SmCl3_and_4.0_wt_GdCl3.csv
[Run 597/548000] ✅ Saved: nist_libs_3.0_wt_CeCl3_and_5.0_wt_SmCl3_and_3.5_wt_GdCl3.csv
[Run 599/548000] ✅ Saved: nist_libs_3.0_wt_CeCl3_and_5.0_wt_SmCl3_and_4.5_wt_GdCl3.csv
[Run 601/548000] ✅ Saved: nist_libs_3.5_wt_CeCl3_and_0.5_wt_SmCl3_and_0.5_wt_GdCl3.csv
[Run 602/548000] ✅ Saved: nist_libs_3.5_wt_CeCl3_and_0.5_wt_SmCl3_and_1.0_wt_GdCl3.csv
[Run 600/548000] ✅ Saved: nist_libs_3.0_wt_CeCl3_and_5.0_wt_SmCl3_and_5.0_wt_GdCl3.csv
[Run 603/548000] ✅ Saved: nist_libs_3.5_wt_CeCl3_and_0.5_wt_SmCl3_and_1.5_wt_GdCl3.csv
[Run 605/548000] ✅ Saved: nist_libs_3.5_wt_CeCl3_and_0.5_wt_SmCl3_and_2.5_wt_GdCl3.csv
[Run 604/548000] ✅ Saved: nist_libs_3.5_wt_CeCl3_and_0.5_wt_SmCl3_and_2.0_wt_GdCl3.csv
[Run 606/548000] ✅ Saved: nist_libs_3.5_wt_CeCl3_and_0.5_wt_SmCl3_and_3.0_wt_GdCl3.csv
[Run 607/548000] ✅ Saved: nist_libs_3.5_wt_CeCl3_and_0.5_wt_SmCl3_and_3.5_wt_GdCl3.csv
[Run 608/548000] ✅ Saved: nist_libs_3.5_wt_CeCl3_and_0.5_wt_SmCl3_and_4.0_wt_GdCl3.csv
[Run 609/548000] ✅ Saved: nist_libs_3.5_wt_CeCl3_and_0.5_wt_SmCl3_and_4.5_wt_GdCl3.csv
[Run 610/548000] ✅ Saved: nist_libs_3.5_wt_CeCl3_and_0.5_wt_SmCl3_and_5.0_wt_GdCl3.csv
[Run 611/548000] ✅ Saved: nist_libs_3.5_wt_CeCl3_and_1.0_wt_SmCl3_and_0.5_wt_GdCl3.csv
[Run 612/548000] ✅ Saved: nist_libs_3.5_wt_CeCl3_and_1.0_wt_SmCl3_and_1.0_wt_GdCl3.csv
[Run 615/548000] ✅ Saved: nist_libs_3.5_wt_CeCl3_and_1.0_wt_SmCl3_and_2.5_wt_GdCl3.csv
[Run 614/548000] ✅ Saved: nist_libs_3.5_wt_CeCl3_and_1.0_wt_SmCl3_and_2.0_wt_GdCl3.csv
[Run 613/548000] ✅ Saved: nist_libs_3.5_wt_CeCl3_and_1.0_wt_SmCl3_and_1.5_wt_GdCl3.csv
[Run 616/548000] ✅ Saved: nist_libs_3.5_wt_CeCl3_and_1.0_wt_SmCl3_and_3.0_wt_GdCl3.csv
[Run 617/548000] ✅ Saved: nist_libs_3.5_wt_CeCl3_and_1.0_wt_SmCl3_and_3.5_wt_GdCl3.csv
[Run 618/548000] ✅ Saved: nist_libs_3.5_wt_CeCl3_and_1.0_wt_SmCl3_and_4.0_wt_GdCl3.csv
[Run 619/548000] ✅ Saved: nist_libs_3.5_wt_CeCl3_and_1.0_wt_SmCl3_and_4.5_wt_GdCl3.csv
[Run 620/548000] ✅ Saved: nist_libs_3.5_wt_CeCl3_and_1.0_wt_SmCl3_and_5.0_wt_GdCl3.csv
[Run 621/548000] ✅ Saved: nist_libs_3.5_wt_CeCl3_and_1.5_wt_SmCl3_and_0.5_wt_GdCl3.csv
[Run 622/548000] ✅ Saved: nist_libs_3.5_wt_CeCl3_and_1.5_wt_SmCl3_and_1.0_wt_GdCl3.csv
[Run 623/548000] ✅ Saved: nist_libs_3.5_wt_CeCl3_and_1.5_wt_SmCl3_and_1.5_wt_GdCl3.csv
[Run 624/548000] ✅ Saved: nist_libs_3.5_wt_CeCl3_and_1.5_wt_SmCl3_and_2.0_wt_GdCl3.csv
[Run 625/548000] ✅ Saved: nist_libs_3.5_wt_CeCl3_and_1.5_wt_SmCl3_and_2.5_wt_GdCl3.csv
[Run 627/548000] ✅ Saved: nist_libs_3.5_wt_CeCl3_and_1.5_wt_SmCl3_and_3.5_wt_GdCl3.csv
[Run 626/548000] ✅ Saved: nist_libs_3.5_wt_CeCl3_and_1.5_wt_SmCl3_and_3.0_wt_GdCl3.csv
[Run 628/548000] ✅ Saved: nist_libs_3.5_wt_CeCl3_and_1.5_wt_SmCl3_and_4.0_wt_GdCl3.csv
[Run 629/548000] ✅ Saved: nist_libs_3.5_wt_CeCl3_and_1.5_wt_SmCl3_and_4.5_wt_GdCl3.csv
[Run 630/548000] ✅ Saved: nist_libs_3.5_wt_CeCl3_and_1.5_wt_SmCl3_and_5.0_wt_GdCl3.csv
[Run 631/548000] ✅ Saved: nist_libs_3.5_wt_CeCl3_and_2.0_wt_SmCl3_and_0.5_wt_GdCl3.csv
[Run 632/548000] ✅ Saved: nist_libs_3.5_wt_CeCl3_and_2.0_wt_SmCl3_and_1.0_wt_GdCl3.csv
[Run 634/548000] ✅ Saved: nist_libs_3.5_wt_CeCl3_and_2.0_wt_SmCl3_and_2.0_wt_GdCl3.csv
[Run 633/548000] ✅ Saved: nist_libs_3.5_wt_CeCl3_and_2.0_wt_SmCl3_and_1.5_wt_GdCl3.csv
[Run 635/548000] ✅ Saved: nist_libs_3.5_wt_CeCl3_and_2.0_wt_SmCl3_and_2.5_wt_GdCl3.csv
[Run 636/548000] ✅ Saved: nist_libs_3.5_wt_CeCl3_and_2.0_wt_SmCl3_and_3.0_wt_GdCl3.csv
[Run 637/548000] ✅ Saved: nist_libs_3.5_wt_CeCl3_and_2.0_wt_SmCl3_and_3.5_wt_GdCl3.csv
[Run 638/548000] ✅ Saved: nist_libs_3.5_wt_CeCl3_and_2.0_wt_SmCl3_and_4.0_wt_GdCl3.csv
[Run 639/548000] ✅ Saved: nist_libs_3.5_wt_CeCl3_and_2.0_wt_SmCl3_and_4.5_wt_GdCl3.csv
[Run 640/548000] ✅ Saved: nist_libs_3.5_wt_CeCl3_and_2.0_wt_SmCl3_and_5.0_wt_GdCl3.csv
[Run 642/548000] ✅ Saved: nist_libs_3.5_wt_CeCl3_and_2.5_wt_SmCl3_and_1.0_wt_GdCl3.csv
[Run 641/548000] ✅ Saved: nist_libs_3.5_wt_CeCl3_and_2.5_wt_SmCl3_and_0.5_wt_GdCl3.csv
[Run 643/548000] ✅ Saved: nist_libs_3.5_wt_CeCl3_and_2.5_wt_SmCl3_and_1.5_wt_GdCl3.csv
[Run 644/548000] ✅ Saved: nist_libs_3.5_wt_CeCl3_and_2.5_wt_SmCl3_and_2.0_wt_GdCl3.csv
[Run 646/548000] ✅ Saved: nist_libs_3.5_wt_CeCl3_and_2.5_wt_SmCl3_and_3.0_wt_GdCl3.csv
[Run 645/548000] ✅ Saved: nist_libs_3.5_wt_CeCl3_and_2.5_wt_SmCl3_and_2.5_wt_GdCl3.csv
[Run 647/548000] ✅ Saved: nist_libs_3.5_wt_CeCl3_and_2.5_wt_SmCl3_and_3.5_wt_GdCl3.csv
[Run 648/548000] ✅ Saved: nist_libs_3.5_wt_CeCl3_and_2.5_wt_SmCl3_and_4.0_wt_GdCl3.csv
[Run 649/548000] ✅ Saved: nist_libs_3.5_wt_CeCl3_and_2.5_wt_SmCl3_and_4.5_wt_GdCl3.csv
[Run 650/548000] ✅ Saved: nist_libs_3.5_wt_CeCl3_and_2.5_wt_SmCl3_and_5.0_wt_GdCl3.csv
[Run 652/548000] ✅ Saved: nist_libs_3.5_wt_CeCl3_and_3.0_wt_SmCl3_and_1.0_wt_GdCl3.csv
[Run 651/548000] ✅ Saved: nist_libs_3.5_wt_CeCl3_and_3.0_wt_SmCl3_and_0.5_wt_GdCl3.csv
[Run 653/548000] ✅ Saved: nist_libs_3.5_wt_CeCl3_and_3.0_wt_SmCl3_and_1.5_wt_GdCl3.csv
[Run 654/548000] ✅ Saved: nist_libs_3.5_wt_CeCl3_and_3.0_wt_SmCl3_and_2.0_wt_GdCl3.csv
[Run 655/548000] ✅ Saved: nist_libs_3.5_wt_CeCl3_and_3.0_wt_SmCl3_and_2.5_wt_GdCl3.csv
[Run 656/548000] ✅ Saved: nist_libs_3.5_wt_CeCl3_and_3.0_wt_SmCl3_and_3.0_wt_GdCl3.csv
[Run 657/548000] ✅ Saved: nist_libs_3.5_wt_CeCl3_and_3.0_wt_SmCl3_and_3.5_wt_GdCl3.csv
[Run 658/548000] ✅ Saved: nist_libs_3.5_wt_CeCl3_and_3.0_wt_SmCl3_and_4.0_wt_GdCl3.csv
[Run 659/548000] ✅ Saved: nist_libs_3.5_wt_CeCl3_and_3.0_wt_SmCl3_and_4.5_wt_GdCl3.csv
[Run 660/548000] ✅ Saved: nist_libs_3.5_wt_CeCl3_and_3.0_wt_SmCl3_and_5.0_wt_GdCl3.csv
[Run 661/548000] ✅ Saved: nist_libs_3.5_wt_CeCl3_and_3.5_wt_SmCl3_and_0.5_wt_GdCl3.csv
[Run 664/548000] ✅ Saved: nist_libs_3.5_wt_CeCl3_and_3.5_wt_SmCl3_and_2.0_wt_GdCl3.csv
[Run 662/548000] ✅ Saved: nist_libs_3.5_wt_CeCl3_and_3.5_wt_SmCl3_and_1.0_wt_GdCl3.csv
[Run 663/548000] ✅ Saved: nist_libs_3.5_wt_CeCl3_and_3.5_wt_SmCl3_and_1.5_wt_GdCl3.csv
[Run 665/548000] ✅ Saved: nist_libs_3.5_wt_CeCl3_and_3.5_wt_SmCl3_and_2.5_wt_GdCl3.csv
[Run 666/548000] ✅ Saved: nist_libs_3.5_wt_CeCl3_and_3.5_wt_SmCl3_and_3.0_wt_GdCl3.csv
[Run 668/548000] ✅ Saved: nist_libs_3.5_wt_CeCl3_and_3.5_wt_SmCl3_and_4.0_wt_GdCl3.csv
[Run 667/548000] ✅ Saved: nist_libs_3.5_wt_CeCl3_and_3.5_wt_SmCl3_and_3.5_wt_GdCl3.csv
[Run 669/548000] ✅ Saved: nist_libs_3.5_wt_CeCl3_and_3.5_wt_SmCl3_and_4.5_wt_GdCl3.csv
[Run 670/548000] ✅ Saved: nist_libs_3.5_wt_CeCl3_and_3.5_wt_SmCl3_and_5.0_wt_GdCl3.csv
[Run 671/548000] ✅ Saved: nist_libs_3.5_wt_CeCl3_and_4.0_wt_SmCl3_and_0.5_wt_GdCl3.csv
[Run 673/548000] ✅ Saved: nist_libs_3.5_wt_CeCl3_and_4.0_wt_SmCl3_and_1.5_wt_GdCl3.csv
[Run 672/548000] ✅ Saved: nist_libs_3.5_wt_CeCl3_and_4.0_wt_SmCl3_and_1.0_wt_GdCl3.csv
[Run 674/548000] ✅ Saved: nist_libs_3.5_wt_CeCl3_and_4.0_wt_SmCl3_and_2.0_wt_GdCl3.csv
[Run 675/548000] ✅ Saved: nist_libs_3.5_wt_CeCl3_and_4.0_wt_SmCl3_and_2.5_wt_GdCl3.csv
[Run 676/548000] ✅ Saved: nist_libs_3.5_wt_CeCl3_and_4.0_wt_SmCl3_and_3.0_wt_GdCl3.csv
[Run 677/548000] ✅ Saved: nist_libs_3.5_wt_CeCl3_and_4.0_wt_SmCl3_and_3.5_wt_GdCl3.csv
[Run 678/548000] ✅ Saved: nist_libs_3.5_wt_CeCl3_and_4.0_wt_SmCl3_and_4.0_wt_GdCl3.csv
[Run 679/548000] ✅ Saved: nist_libs_3.5_wt_CeCl3_and_4.0_wt_SmCl3_and_4.5_wt_GdCl3.csv
[Run 680/548000] ✅ Saved: nist_libs_3.5_wt_CeCl3_and_4.0_wt_SmCl3_and_5.0_wt_GdCl3.csv
[Run 681/548000] ✅ Saved: nist_libs_3.5_wt_CeCl3_and_4.5_wt_SmCl3_and_0.5_wt_GdCl3.csv
[Run 682/548000] ✅ Saved: nist_libs_3.5_wt_CeCl3_and_4.5_wt_SmCl3_and_1.0_wt_GdCl3.csv
[Run 683/548000] ✅ Saved: nist_libs_3.5_wt_CeCl3_and_4.5_wt_SmCl3_and_1.5_wt_GdCl3.csv
[Run 684/548000] ✅ Saved: nist_libs_3.5_wt_CeCl3_and_4.5_wt_SmCl3_and_2.0_wt_GdCl3.csv
[Run 685/548000] ✅ Saved: nist_libs_3.5_wt_CeCl3_and_4.5_wt_SmCl3_and_2.5_wt_GdCl3.csv
[Run 686/548000] ✅ Saved: nist_libs_3.5_wt_CeCl3_and_4.5_wt_SmCl3_and_3.0_wt_GdCl3.csv
[Run 688/548000] ✅ Saved: nist_libs_3.5_wt_CeCl3_and_4.5_wt_SmCl3_and_4.0_wt_GdCl3.csv
[Run 687/548000] ✅ Saved: nist_libs_3.5_wt_CeCl3_and_4.5_wt_SmCl3_and_3.5_wt_GdCl3.csv
[Run 689/548000] ✅ Saved: nist_libs_3.5_wt_CeCl3_and_4.5_wt_SmCl3_and_4.5_wt_GdCl3.csv
[Run 690/548000] ✅ Saved: nist_libs_3.5_wt_CeCl3_and_4.5_wt_SmCl3_and_5.0_wt_GdCl3.csv
[Run 692/548000] ✅ Saved: nist_libs_3.5_wt_CeCl3_and_5.0_wt_SmCl3_and_1.0_wt_GdCl3.csv
[Run 691/548000] ✅ Saved: nist_libs_3.5_wt_CeCl3_and_5.0_wt_SmCl3_and_0.5_wt_GdCl3.csv
[Run 693/548000] ✅ Saved: nist_libs_3.5_wt_CeCl3_and_5.0_wt_SmCl3_and_1.5_wt_GdCl3.csv
[Run 694/548000] ✅ Saved: nist_libs_3.5_wt_CeCl3_and_5.0_wt_SmCl3_and_2.0_wt_GdCl3.csv
[Run 695/548000] ✅ Saved: nist_libs_3.5_wt_CeCl3_and_5.0_wt_SmCl3_and_2.5_wt_GdCl3.csv
[Run 696/548000] ✅ Saved: nist_libs_3.5_wt_CeCl3_and_5.0_wt_SmCl3_and_3.0_wt_GdCl3.csv
[Run 697/548000] ✅ Saved: nist_libs_3.5_wt_CeCl3_and_5.0_wt_SmCl3_and_3.5_wt_GdCl3.csv
[Run 698/548000] ✅ Saved: nist_libs_3.5_wt_CeCl3_and_5.0_wt_SmCl3_and_4.0_wt_GdCl3.csv
[Run 699/548000] ✅ Saved: nist_libs_3.5_wt_CeCl3_and_5.0_wt_SmCl3_and_4.5_wt_GdCl3.csv
[Run 700/548000] ✅ Saved: nist_libs_3.5_wt_CeCl3_and_5.0_wt_SmCl3_and_5.0_wt_GdCl3.csv
[Run 703/548000] ✅ Saved: nist_libs_4.0_wt_CeCl3_and_0.5_wt_SmCl3_and_1.5_wt_GdCl3.csv
[Run 702/548000] ✅ Saved: nist_libs_4.0_wt_CeCl3_and_0.5_wt_SmCl3_and_1.0_wt_GdCl3.csv
[Run 704/548000] ✅ Saved: nist_libs_4.0_wt_CeCl3_and_0.5_wt_SmCl3_and_2.0_wt_GdCl3.csv
[Run 705/548000] ✅ Saved: nist_libs_4.0_wt_CeCl3_and_0.5_wt_SmCl3_and_2.5_wt_GdCl3.csv
[Run 701/548000] ✅ Saved: nist_libs_4.0_wt_CeCl3_and_0.5_wt_SmCl3_and_0.5_wt_GdCl3.csv
[Run 706/548000] ✅ Saved: nist_libs_4.0_wt_CeCl3_and_0.5_wt_SmCl3_and_3.0_wt_GdCl3.csv
[Run 707/548000] ✅ Saved: nist_libs_4.0_wt_CeCl3_and_0.5_wt_SmCl3_and_3.5_wt_GdCl3.csv
[Run 709/548000] ✅ Saved: nist_libs_4.0_wt_CeCl3_and_0.5_wt_SmCl3_and_4.5_wt_GdCl3.csv
[Run 708/548000] ✅ Saved: nist_libs_4.0_wt_CeCl3_and_0.5_wt_SmCl3_and_4.0_wt_GdCl3.csv
[Run 710/548000] ✅ Saved: nist_libs_4.0_wt_CeCl3_and_0.5_wt_SmCl3_and_5.0_wt_GdCl3.csv
[Run 711/548000] ✅ Saved: nist_libs_4.0_wt_CeCl3_and_1.0_wt_SmCl3_and_0.5_wt_GdCl3.csv
[Run 713/548000] ✅ Saved: nist_libs_4.0_wt_CeCl3_and_1.0_wt_SmCl3_and_1.5_wt_GdCl3.csv
[Run 712/548000] ✅ Saved: nist_libs_4.0_wt_CeCl3_and_1.0_wt_SmCl3_and_1.0_wt_GdCl3.csv
[Run 715/548000] ✅ Saved: nist_libs_4.0_wt_CeCl3_and_1.0_wt_SmCl3_and_2.5_wt_GdCl3.csv
[Run 714/548000] ✅ Saved: nist_libs_4.0_wt_CeCl3_and_1.0_wt_SmCl3_and_2.0_wt_GdCl3.csv
[Run 716/548000] ✅ Saved: nist_libs_4.0_wt_CeCl3_and_1.0_wt_SmCl3_and_3.0_wt_GdCl3.csv
[Run 718/548000] ✅ Saved: nist_libs_4.0_wt_CeCl3_and_1.0_wt_SmCl3_and_4.0_wt_GdCl3.csv
[Run 717/548000] ✅ Saved: nist_libs_4.0_wt_CeCl3_and_1.0_wt_SmCl3_and_3.5_wt_GdCl3.csv
[Run 719/548000] ✅ Saved: nist_libs_4.0_wt_CeCl3_and_1.0_wt_SmCl3_and_4.5_wt_GdCl3.csv
[Run 721/548000] ✅ Saved: nist_libs_4.0_wt_CeCl3_and_1.5_wt_SmCl3_and_0.5_wt_GdCl3.csv
[Run 720/548000] ✅ Saved: nist_libs_4.0_wt_CeCl3_and_1.0_wt_SmCl3_and_5.0_wt_GdCl3.csv
[Run 722/548000] ✅ Saved: nist_libs_4.0_wt_CeCl3_and_1.5_wt_SmCl3_and_1.0_wt_GdCl3.csv
[Run 723/548000] ✅ Saved: nist_libs_4.0_wt_CeCl3_and_1.5_wt_SmCl3_and_1.5_wt_GdCl3.csv
[Run 725/548000] ✅ Saved: nist_libs_4.0_wt_CeCl3_and_1.5_wt_SmCl3_and_2.5_wt_GdCl3.csv
[Run 724/548000] ✅ Saved: nist_libs_4.0_wt_CeCl3_and_1.5_wt_SmCl3_and_2.0_wt_GdCl3.csv
[Run 726/548000] ✅ Saved: nist_libs_4.0_wt_CeCl3_and_1.5_wt_SmCl3_and_3.0_wt_GdCl3.csv
[Run 727/548000] ✅ Saved: nist_libs_4.0_wt_CeCl3_and_1.5_wt_SmCl3_and_3.5_wt_GdCl3.csv
[Run 728/548000] ✅ Saved: nist_libs_4.0_wt_CeCl3_and_1.5_wt_SmCl3_and_4.0_wt_GdCl3.csv
[Run 729/548000] ✅ Saved: nist_libs_4.0_wt_CeCl3_and_1.5_wt_SmCl3_and_4.5_wt_GdCl3.csv
[Run 730/548000] ✅ Saved: nist_libs_4.0_wt_CeCl3_and_1.5_wt_SmCl3_and_5.0_wt_GdCl3.csv
[Run 731/548000] ✅ Saved: nist_libs_4.0_wt_CeCl3_and_2.0_wt_SmCl3_and_0.5_wt_GdCl3.csv
[Run 734/548000] ✅ Saved: nist_libs_4.0_wt_CeCl3_and_2.0_wt_SmCl3_and_2.0_wt_GdCl3.csv
[Run 733/548000] ✅ Saved: nist_libs_4.0_wt_CeCl3_and_2.0_wt_SmCl3_and_1.5_wt_GdCl3.csv
[Run 732/548000] ✅ Saved: nist_libs_4.0_wt_CeCl3_and_2.0_wt_SmCl3_and_1.0_wt_GdCl3.csv
[Run 735/548000] ✅ Saved: nist_libs_4.0_wt_CeCl3_and_2.0_wt_SmCl3_and_2.5_wt_GdCl3.csv
[Run 736/548000] ✅ Saved: nist_libs_4.0_wt_CeCl3_and_2.0_wt_SmCl3_and_3.0_wt_GdCl3.csv
[Run 738/548000] ✅ Saved: nist_libs_4.0_wt_CeCl3_and_2.0_wt_SmCl3_and_4.0_wt_GdCl3.csv
[Run 737/548000] ✅ Saved: nist_libs_4.0_wt_CeCl3_and_2.0_wt_SmCl3_and_3.5_wt_GdCl3.csv
[Run 739/548000] ✅ Saved: nist_libs_4.0_wt_CeCl3_and_2.0_wt_SmCl3_and_4.5_wt_GdCl3.csv
[Run 740/548000] ✅ Saved: nist_libs_4.0_wt_CeCl3_and_2.0_wt_SmCl3_and_5.0_wt_GdCl3.csv
[Run 742/548000] ✅ Saved: nist_libs_4.0_wt_CeCl3_and_2.5_wt_SmCl3_and_1.0_wt_GdCl3.csv
[Run 743/548000] ✅ Saved: nist_libs_4.0_wt_CeCl3_and_2.5_wt_SmCl3_and_1.5_wt_GdCl3.csv
[Run 741/548000] ✅ Saved: nist_libs_4.0_wt_CeCl3_and_2.5_wt_SmCl3_and_0.5_wt_GdCl3.csv
[Run 744/548000] ✅ Saved: nist_libs_4.0_wt_CeCl3_and_2.5_wt_SmCl3_and_2.0_wt_GdCl3.csv
[Run 745/548000] ✅ Saved: nist_libs_4.0_wt_CeCl3_and_2.5_wt_SmCl3_and_2.5_wt_GdCl3.csv
[Run 746/548000] ✅ Saved: nist_libs_4.0_wt_CeCl3_and_2.5_wt_SmCl3_and_3.0_wt_GdCl3.csv
[Run 747/548000] ✅ Saved: nist_libs_4.0_wt_CeCl3_and_2.5_wt_SmCl3_and_3.5_wt_GdCl3.csv
[Run 748/548000] ✅ Saved: nist_libs_4.0_wt_CeCl3_and_2.5_wt_SmCl3_and_4.0_wt_GdCl3.csv
[Run 749/548000] ✅ Saved: nist_libs_4.0_wt_CeCl3_and_2.5_wt_SmCl3_and_4.5_wt_GdCl3.csv
[Run 750/548000] ✅ Saved: nist_libs_4.0_wt_CeCl3_and_2.5_wt_SmCl3_and_5.0_wt_GdCl3.csv
[Run 751/548000] ✅ Saved: nist_libs_4.0_wt_CeCl3_and_3.0_wt_SmCl3_and_0.5_wt_GdCl3.csv
[Run 752/548000] ✅ Saved: nist_libs_4.0_wt_CeCl3_and_3.0_wt_SmCl3_and_1.0_wt_GdCl3.csv
[Run 754/548000] ✅ Saved: nist_libs_4.0_wt_CeCl3_and_3.0_wt_SmCl3_and_2.0_wt_GdCl3.csv
[Run 753/548000] ✅ Saved: nist_libs_4.0_wt_CeCl3_and_3.0_wt_SmCl3_and_1.5_wt_GdCl3.csv
[Run 755/548000] ✅ Saved: nist_libs_4.0_wt_CeCl3_and_3.0_wt_SmCl3_and_2.5_wt_GdCl3.csv
[Run 758/548000] ✅ Saved: nist_libs_4.0_wt_CeCl3_and_3.0_wt_SmCl3_and_4.0_wt_GdCl3.csv
[Run 756/548000] ✅ Saved: nist_libs_4.0_wt_CeCl3_and_3.0_wt_SmCl3_and_3.0_wt_GdCl3.csv
[Run 757/548000] ✅ Saved: nist_libs_4.0_wt_CeCl3_and_3.0_wt_SmCl3_and_3.5_wt_GdCl3.csv
[Run 759/548000] ✅ Saved: nist_libs_4.0_wt_CeCl3_and_3.0_wt_SmCl3_and_4.5_wt_GdCl3.csv
[Run 760/548000] ✅ Saved: nist_libs_4.0_wt_CeCl3_and_3.0_wt_SmCl3_and_5.0_wt_GdCl3.csv
[Run 761/548000] ✅ Saved: nist_libs_4.0_wt_CeCl3_and_3.5_wt_SmCl3_and_0.5_wt_GdCl3.csv
[Run 763/548000] ✅ Saved: nist_libs_4.0_wt_CeCl3_and_3.5_wt_SmCl3_and_1.5_wt_GdCl3.csv
[Run 762/548000] ✅ Saved: nist_libs_4.0_wt_CeCl3_and_3.5_wt_SmCl3_and_1.0_wt_GdCl3.csv
[Run 764/548000] ✅ Saved: nist_libs_4.0_wt_CeCl3_and_3.5_wt_SmCl3_and_2.0_wt_GdCl3.csv
[Run 765/548000] ✅ Saved: nist_libs_4.0_wt_CeCl3_and_3.5_wt_SmCl3_and_2.5_wt_GdCl3.csv
[Run 767/548000] ✅ Saved: nist_libs_4.0_wt_CeCl3_and_3.5_wt_SmCl3_and_3.5_wt_GdCl3.csv
[Run 766/548000] ✅ Saved: nist_libs_4.0_wt_CeCl3_and_3.5_wt_SmCl3_and_3.0_wt_GdCl3.csv
[Run 768/548000] ✅ Saved: nist_libs_4.0_wt_CeCl3_and_3.5_wt_SmCl3_and_4.0_wt_GdCl3.csv
[Run 769/548000] ✅ Saved: nist_libs_4.0_wt_CeCl3_and_3.5_wt_SmCl3_and_4.5_wt_GdCl3.csv
[Run 771/548000] ✅ Saved: nist_libs_4.0_wt_CeCl3_and_4.0_wt_SmCl3_and_0.5_wt_GdCl3.csv
[Run 770/548000] ✅ Saved: nist_libs_4.0_wt_CeCl3_and_3.5_wt_SmCl3_and_5.0_wt_GdCl3.csv
[Run 772/548000] ✅ Saved: nist_libs_4.0_wt_CeCl3_and_4.0_wt_SmCl3_and_1.0_wt_GdCl3.csv
[Run 773/548000] ✅ Saved: nist_libs_4.0_wt_CeCl3_and_4.0_wt_SmCl3_and_1.5_wt_GdCl3.csv
[Run 774/548000] ✅ Saved: nist_libs_4.0_wt_CeCl3_and_4.0_wt_SmCl3_and_2.0_wt_GdCl3.csv
[Run 775/548000] ✅ Saved: nist_libs_4.0_wt_CeCl3_and_4.0_wt_SmCl3_and_2.5_wt_GdCl3.csv
[Run 776/548000] ✅ Saved: nist_libs_4.0_wt_CeCl3_and_4.0_wt_SmCl3_and_3.0_wt_GdCl3.csv
[Run 777/548000] ✅ Saved: nist_libs_4.0_wt_CeCl3_and_4.0_wt_SmCl3_and_3.5_wt_GdCl3.csv
[Run 779/548000] ✅ Saved: nist_libs_4.0_wt_CeCl3_and_4.0_wt_SmCl3_and_4.5_wt_GdCl3.csv
[Run 778/548000] ✅ Saved: nist_libs_4.0_wt_CeCl3_and_4.0_wt_SmCl3_and_4.0_wt_GdCl3.csv
[Run 780/548000] ✅ Saved: nist_libs_4.0_wt_CeCl3_and_4.0_wt_SmCl3_and_5.0_wt_GdCl3.csv
[Run 781/548000] ✅ Saved: nist_libs_4.0_wt_CeCl3_and_4.5_wt_SmCl3_and_0.5_wt_GdCl3.csv
[Run 783/548000] ✅ Saved: nist_libs_4.0_wt_CeCl3_and_4.5_wt_SmCl3_and_1.5_wt_GdCl3.csv
[Run 782/548000] ✅ Saved: nist_libs_4.0_wt_CeCl3_and_4.5_wt_SmCl3_and_1.0_wt_GdCl3.csv
[Run 784/548000] ✅ Saved: nist_libs_4.0_wt_CeCl3_and_4.5_wt_SmCl3_and_2.0_wt_GdCl3.csv
[Run 785/548000] ✅ Saved: nist_libs_4.0_wt_CeCl3_and_4.5_wt_SmCl3_and_2.5_wt_GdCl3.csv
[Run 787/548000] ✅ Saved: nist_libs_4.0_wt_CeCl3_and_4.5_wt_SmCl3_and_3.5_wt_GdCl3.csv
[Run 786/548000] ✅ Saved: nist_libs_4.0_wt_CeCl3_and_4.5_wt_SmCl3_and_3.0_wt_GdCl3.csv
[Run 788/548000] ✅ Saved: nist_libs_4.0_wt_CeCl3_and_4.5_wt_SmCl3_and_4.0_wt_GdCl3.csv
[Run 789/548000] ✅ Saved: nist_libs_4.0_wt_CeCl3_and_4.5_wt_SmCl3_and_4.5_wt_GdCl3.csv
[Run 790/548000] ✅ Saved: nist_libs_4.0_wt_CeCl3_and_4.5_wt_SmCl3_and_5.0_wt_GdCl3.csv
[Run 791/548000] ✅ Saved: nist_libs_4.0_wt_CeCl3_and_5.0_wt_SmCl3_and_0.5_wt_GdCl3.csv
[Run 792/548000] ✅ Saved: nist_libs_4.0_wt_CeCl3_and_5.0_wt_SmCl3_and_1.0_wt_GdCl3.csv
[Run 793/548000] ✅ Saved: nist_libs_4.0_wt_CeCl3_and_5.0_wt_SmCl3_and_1.5_wt_GdCl3.csv
[Run 794/548000] ✅ Saved: nist_libs_4.0_wt_CeCl3_and_5.0_wt_SmCl3_and_2.0_wt_GdCl3.csv
[Run 795/548000] ✅ Saved: nist_libs_4.0_wt_CeCl3_and_5.0_wt_SmCl3_and_2.5_wt_GdCl3.csv
[Run 796/548000] ✅ Saved: nist_libs_4.0_wt_CeCl3_and_5.0_wt_SmCl3_and_3.0_wt_GdCl3.csv
[Run 797/548000] ✅ Saved: nist_libs_4.0_wt_CeCl3_and_5.0_wt_SmCl3_and_3.5_wt_GdCl3.csv
[Run 798/548000] ✅ Saved: nist_libs_4.0_wt_CeCl3_and_5.0_wt_SmCl3_and_4.0_wt_GdCl3.csv
[Run 799/548000] ✅ Saved: nist_libs_4.0_wt_CeCl3_and_5.0_wt_SmCl3_and_4.5_wt_GdCl3.csv
[Run 800/548000] ✅ Saved: nist_libs_4.0_wt_CeCl3_and_5.0_wt_SmCl3_and_5.0_wt_GdCl3.csv
[Run 803/548000] ✅ Saved: nist_libs_4.5_wt_CeCl3_and_0.5_wt_SmCl3_and_1.5_wt_GdCl3.csv
[Run 801/548000] ✅ Saved: nist_libs_4.5_wt_CeCl3_and_0.5_wt_SmCl3_and_0.5_wt_GdCl3.csv
[Run 802/548000] ✅ Saved: nist_libs_4.5_wt_CeCl3_and_0.5_wt_SmCl3_and_1.0_wt_GdCl3.csv
[Run 805/548000] ✅ Saved: nist_libs_4.5_wt_CeCl3_and_0.5_wt_SmCl3_and_2.5_wt_GdCl3.csv
[Run 804/548000] ✅ Saved: nist_libs_4.5_wt_CeCl3_and_0.5_wt_SmCl3_and_2.0_wt_GdCl3.csv
[Run 806/548000] ✅ Saved: nist_libs_4.5_wt_CeCl3_and_0.5_wt_SmCl3_and_3.0_wt_GdCl3.csv
[Run 807/548000] ✅ Saved: nist_libs_4.5_wt_CeCl3_and_0.5_wt_SmCl3_and_3.5_wt_GdCl3.csv
[Run 808/548000] ✅ Saved: nist_libs_4.5_wt_CeCl3_and_0.5_wt_SmCl3_and_4.0_wt_GdCl3.csv
[Run 809/548000] ✅ Saved: nist_libs_4.5_wt_CeCl3_and_0.5_wt_SmCl3_and_4.5_wt_GdCl3.csv
[Run 810/548000] ✅ Saved: nist_libs_4.5_wt_CeCl3_and_0.5_wt_SmCl3_and_5.0_wt_GdCl3.csv
[Run 811/548000] ✅ Saved: nist_libs_4.5_wt_CeCl3_and_1.0_wt_SmCl3_and_0.5_wt_GdCl3.csv
[Run 812/548000] ✅ Saved: nist_libs_4.5_wt_CeCl3_and_1.0_wt_SmCl3_and_1.0_wt_GdCl3.csv
[Run 813/548000] ✅ Saved: nist_libs_4.5_wt_CeCl3_and_1.0_wt_SmCl3_and_1.5_wt_GdCl3.csv
[Run 814/548000] ✅ Saved: nist_libs_4.5_wt_CeCl3_and_1.0_wt_SmCl3_and_2.0_wt_GdCl3.csv
[Run 815/548000] ✅ Saved: nist_libs_4.5_wt_CeCl3_and_1.0_wt_SmCl3_and_2.5_wt_GdCl3.csv
[Run 817/548000] ✅ Saved: nist_libs_4.5_wt_CeCl3_and_1.0_wt_SmCl3_and_3.5_wt_GdCl3.csv
[Run 816/548000] ✅ Saved: nist_libs_4.5_wt_CeCl3_and_1.0_wt_SmCl3_and_3.0_wt_GdCl3.csv
[Run 818/548000] ✅ Saved: nist_libs_4.5_wt_CeCl3_and_1.0_wt_SmCl3_and_4.0_wt_GdCl3.csv
[Run 820/548000] ✅ Saved: nist_libs_4.5_wt_CeCl3_and_1.0_wt_SmCl3_and_5.0_wt_GdCl3.csv
[Run 819/548000] ✅ Saved: nist_libs_4.5_wt_CeCl3_and_1.0_wt_SmCl3_and_4.5_wt_GdCl3.csv
[Run 821/548000] ✅ Saved: nist_libs_4.5_wt_CeCl3_and_1.5_wt_SmCl3_and_0.5_wt_GdCl3.csv
[Run 822/548000] ✅ Saved: nist_libs_4.5_wt_CeCl3_and_1.5_wt_SmCl3_and_1.0_wt_GdCl3.csv
[Run 823/548000] ✅ Saved: nist_libs_4.5_wt_CeCl3_and_1.5_wt_SmCl3_and_1.5_wt_GdCl3.csv
[Run 824/548000] ✅ Saved: nist_libs_4.5_wt_CeCl3_and_1.5_wt_SmCl3_and_2.0_wt_GdCl3.csv
[Run 825/548000] ✅ Saved: nist_libs_4.5_wt_CeCl3_and_1.5_wt_SmCl3_and_2.5_wt_GdCl3.csv
[Run 826/548000] ✅ Saved: nist_libs_4.5_wt_CeCl3_and_1.5_wt_SmCl3_and_3.0_wt_GdCl3.csv
[Run 827/548000] ✅ Saved: nist_libs_4.5_wt_CeCl3_and_1.5_wt_SmCl3_and_3.5_wt_GdCl3.csv
[Run 828/548000] ✅ Saved: nist_libs_4.5_wt_CeCl3_and_1.5_wt_SmCl3_and_4.0_wt_GdCl3.csv
[Run 829/548000] ✅ Saved: nist_libs_4.5_wt_CeCl3_and_1.5_wt_SmCl3_and_4.5_wt_GdCl3.csv
[Run 830/548000] ✅ Saved: nist_libs_4.5_wt_CeCl3_and_1.5_wt_SmCl3_and_5.0_wt_GdCl3.csv
[Run 831/548000] ✅ Saved: nist_libs_4.5_wt_CeCl3_and_2.0_wt_SmCl3_and_0.5_wt_GdCl3.csv
[Run 832/548000] ✅ Saved: nist_libs_4.5_wt_CeCl3_and_2.0_wt_SmCl3_and_1.0_wt_GdCl3.csv
[Run 833/548000] ✅ Saved: nist_libs_4.5_wt_CeCl3_and_2.0_wt_SmCl3_and_1.5_wt_GdCl3.csv
[Run 834/548000] ✅ Saved: nist_libs_4.5_wt_CeCl3_and_2.0_wt_SmCl3_and_2.0_wt_GdCl3.csv
[Run 835/548000] ✅ Saved: nist_libs_4.5_wt_CeCl3_and_2.0_wt_SmCl3_and_2.5_wt_GdCl3.csv
[Run 836/548000] ✅ Saved: nist_libs_4.5_wt_CeCl3_and_2.0_wt_SmCl3_and_3.0_wt_GdCl3.csv
[Run 837/548000] ✅ Saved: nist_libs_4.5_wt_CeCl3_and_2.0_wt_SmCl3_and_3.5_wt_GdCl3.csv
[Run 838/548000] ✅ Saved: nist_libs_4.5_wt_CeCl3_and_2.0_wt_SmCl3_and_4.0_wt_GdCl3.csv
[Run 839/548000] ✅ Saved: nist_libs_4.5_wt_CeCl3_and_2.0_wt_SmCl3_and_4.5_wt_GdCl3.csv
[Run 840/548000] ✅ Saved: nist_libs_4.5_wt_CeCl3_and_2.0_wt_SmCl3_and_5.0_wt_GdCl3.csv
[Run 841/548000] ✅ Saved: nist_libs_4.5_wt_CeCl3_and_2.5_wt_SmCl3_and_0.5_wt_GdCl3.csv
[Run 842/548000] ✅ Saved: nist_libs_4.5_wt_CeCl3_and_2.5_wt_SmCl3_and_1.0_wt_GdCl3.csv
[Run 843/548000] ✅ Saved: nist_libs_4.5_wt_CeCl3_and_2.5_wt_SmCl3_and_1.5_wt_GdCl3.csv
[Run 844/548000] ✅ Saved: nist_libs_4.5_wt_CeCl3_and_2.5_wt_SmCl3_and_2.0_wt_GdCl3.csv
[Run 845/548000] ✅ Saved: nist_libs_4.5_wt_CeCl3_and_2.5_wt_SmCl3_and_2.5_wt_GdCl3.csv
[Run 846/548000] ✅ Saved: nist_libs_4.5_wt_CeCl3_and_2.5_wt_SmCl3_and_3.0_wt_GdCl3.csv
[Run 847/548000] ✅ Saved: nist_libs_4.5_wt_CeCl3_and_2.5_wt_SmCl3_and_3.5_wt_GdCl3.csv
[Run 848/548000] ✅ Saved: nist_libs_4.5_wt_CeCl3_and_2.5_wt_SmCl3_and_4.0_wt_GdCl3.csv
[Run 849/548000] ✅ Saved: nist_libs_4.5_wt_CeCl3_and_2.5_wt_SmCl3_and_4.5_wt_GdCl3.csv
[Run 850/548000] ✅ Saved: nist_libs_4.5_wt_CeCl3_and_2.5_wt_SmCl3_and_5.0_wt_GdCl3.csv
[Run 851/548000] ✅ Saved: nist_libs_4.5_wt_CeCl3_and_3.0_wt_SmCl3_and_0.5_wt_GdCl3.csv
[Run 852/548000] ✅ Saved: nist_libs_4.5_wt_CeCl3_and_3.0_wt_SmCl3_and_1.0_wt_GdCl3.csv
[Run 853/548000] ✅ Saved: nist_libs_4.5_wt_CeCl3_and_3.0_wt_SmCl3_and_1.5_wt_GdCl3.csv
[Run 854/548000] ✅ Saved: nist_libs_4.5_wt_CeCl3_and_3.0_wt_SmCl3_and_2.0_wt_GdCl3.csv
[Run 855/548000] ✅ Saved: nist_libs_4.5_wt_CeCl3_and_3.0_wt_SmCl3_and_2.5_wt_GdCl3.csv
[Run 856/548000] ✅ Saved: nist_libs_4.5_wt_CeCl3_and_3.0_wt_SmCl3_and_3.0_wt_GdCl3.csv
[Run 857/548000] ✅ Saved: nist_libs_4.5_wt_CeCl3_and_3.0_wt_SmCl3_and_3.5_wt_GdCl3.csv
[Run 858/548000] ✅ Saved: nist_libs_4.5_wt_CeCl3_and_3.0_wt_SmCl3_and_4.0_wt_GdCl3.csv
[Run 859/548000] ✅ Saved: nist_libs_4.5_wt_CeCl3_and_3.0_wt_SmCl3_and_4.5_wt_GdCl3.csv
[Run 860/548000] ✅ Saved: nist_libs_4.5_wt_CeCl3_and_3.0_wt_SmCl3_and_5.0_wt_GdCl3.csv
[Run 861/548000] ✅ Saved: nist_libs_4.5_wt_CeCl3_and_3.5_wt_SmCl3_and_0.5_wt_GdCl3.csv
[Run 862/548000] ✅ Saved: nist_libs_4.5_wt_CeCl3_and_3.5_wt_SmCl3_and_1.0_wt_GdCl3.csv
[Run 863/548000] ✅ Saved: nist_libs_4.5_wt_CeCl3_and_3.5_wt_SmCl3_and_1.5_wt_GdCl3.csv
[Run 864/548000] ✅ Saved: nist_libs_4.5_wt_CeCl3_and_3.5_wt_SmCl3_and_2.0_wt_GdCl3.csv
[Run 865/548000] ✅ Saved: nist_libs_4.5_wt_CeCl3_and_3.5_wt_SmCl3_and_2.5_wt_GdCl3.csv
[Run 866/548000] ✅ Saved: nist_libs_4.5_wt_CeCl3_and_3.5_wt_SmCl3_and_3.0_wt_GdCl3.csv
[Run 867/548000] ✅ Saved: nist_libs_4.5_wt_CeCl3_and_3.5_wt_SmCl3_and_3.5_wt_GdCl3.csv
[Run 868/548000] ✅ Saved: nist_libs_4.5_wt_CeCl3_and_3.5_wt_SmCl3_and_4.0_wt_GdCl3.csv
[Run 869/548000] ✅ Saved: nist_libs_4.5_wt_CeCl3_and_3.5_wt_SmCl3_and_4.5_wt_GdCl3.csv
[Run 871/548000] ✅ Saved: nist_libs_4.5_wt_CeCl3_and_4.0_wt_SmCl3_and_0.5_wt_GdCl3.csv
[Run 870/548000] ✅ Saved: nist_libs_4.5_wt_CeCl3_and_3.5_wt_SmCl3_and_5.0_wt_GdCl3.csv
[Run 872/548000] ✅ Saved: nist_libs_4.5_wt_CeCl3_and_4.0_wt_SmCl3_and_1.0_wt_GdCl3.csv
[Run 873/548000] ✅ Saved: nist_libs_4.5_wt_CeCl3_and_4.0_wt_SmCl3_and_1.5_wt_GdCl3.csv
[Run 875/548000] ✅ Saved: nist_libs_4.5_wt_CeCl3_and_4.0_wt_SmCl3_and_2.5_wt_GdCl3.csv
[Run 874/548000] ✅ Saved: nist_libs_4.5_wt_CeCl3_and_4.0_wt_SmCl3_and_2.0_wt_GdCl3.csv
[Run 876/548000] ✅ Saved: nist_libs_4.5_wt_CeCl3_and_4.0_wt_SmCl3_and_3.0_wt_GdCl3.csv
[Run 877/548000] ✅ Saved: nist_libs_4.5_wt_CeCl3_and_4.0_wt_SmCl3_and_3.5_wt_GdCl3.csv
[Run 878/548000] ✅ Saved: nist_libs_4.5_wt_CeCl3_and_4.0_wt_SmCl3_and_4.0_wt_GdCl3.csv
[Run 879/548000] ✅ Saved: nist_libs_4.5_wt_CeCl3_and_4.0_wt_SmCl3_and_4.5_wt_GdCl3.csv
[Run 880/548000] ✅ Saved: nist_libs_4.5_wt_CeCl3_and_4.0_wt_SmCl3_and_5.0_wt_GdCl3.csv
[Run 881/548000] ✅ Saved: nist_libs_4.5_wt_CeCl3_and_4.5_wt_SmCl3_and_0.5_wt_GdCl3.csv
[Run 882/548000] ✅ Saved: nist_libs_4.5_wt_CeCl3_and_4.5_wt_SmCl3_and_1.0_wt_GdCl3.csv
[Run 883/548000] ✅ Saved: nist_libs_4.5_wt_CeCl3_and_4.5_wt_SmCl3_and_1.5_wt_GdCl3.csv
[Run 884/548000] ✅ Saved: nist_libs_4.5_wt_CeCl3_and_4.5_wt_SmCl3_and_2.0_wt_GdCl3.csv
[Run 885/548000] ✅ Saved: nist_libs_4.5_wt_CeCl3_and_4.5_wt_SmCl3_and_2.5_wt_GdCl3.csv
[Run 886/548000] ✅ Saved: nist_libs_4.5_wt_CeCl3_and_4.5_wt_SmCl3_and_3.0_wt_GdCl3.csv
[Run 888/548000] ✅ Saved: nist_libs_4.5_wt_CeCl3_and_4.5_wt_SmCl3_and_4.0_wt_GdCl3.csv
[Run 887/548000] ✅ Saved: nist_libs_4.5_wt_CeCl3_and_4.5_wt_SmCl3_and_3.5_wt_GdCl3.csv
[Run 889/548000] ✅ Saved: nist_libs_4.5_wt_CeCl3_and_4.5_wt_SmCl3_and_4.5_wt_GdCl3.csv
[Run 890/548000] ✅ Saved: nist_libs_4.5_wt_CeCl3_and_4.5_wt_SmCl3_and_5.0_wt_GdCl3.csv
[Run 891/548000] ✅ Saved: nist_libs_4.5_wt_CeCl3_and_5.0_wt_SmCl3_and_0.5_wt_GdCl3.csv
[Run 892/548000] ✅ Saved: nist_libs_4.5_wt_CeCl3_and_5.0_wt_SmCl3_and_1.0_wt_GdCl3.csv
[Run 893/548000] ✅ Saved: nist_libs_4.5_wt_CeCl3_and_5.0_wt_SmCl3_and_1.5_wt_GdCl3.csv
[Run 894/548000] ✅ Saved: nist_libs_4.5_wt_CeCl3_and_5.0_wt_SmCl3_and_2.0_wt_GdCl3.csv
[Run 895/548000] ✅ Saved: nist_libs_4.5_wt_CeCl3_and_5.0_wt_SmCl3_and_2.5_wt_GdCl3.csv
[Run 896/548000] ✅ Saved: nist_libs_4.5_wt_CeCl3_and_5.0_wt_SmCl3_and_3.0_wt_GdCl3.csv
[Run 897/548000] ✅ Saved: nist_libs_4.5_wt_CeCl3_and_5.0_wt_SmCl3_and_3.5_wt_GdCl3.csv
[Run 898/548000] ✅ Saved: nist_libs_4.5_wt_CeCl3_and_5.0_wt_SmCl3_and_4.0_wt_GdCl3.csv
[Run 899/548000] ✅ Saved: nist_libs_4.5_wt_CeCl3_and_5.0_wt_SmCl3_and_4.5_wt_GdCl3.csv
[Run 900/548000] ✅ Saved: nist_libs_4.5_wt_CeCl3_and_5.0_wt_SmCl3_and_5.0_wt_GdCl3.csv
[Run 901/548000] ✅ Saved: nist_libs_5.0_wt_CeCl3_and_0.5_wt_SmCl3_and_0.5_wt_GdCl3.csv
[Run 902/548000] ✅ Saved: nist_libs_5.0_wt_CeCl3_and_0.5_wt_SmCl3_and_1.0_wt_GdCl3.csv
[Run 903/548000] ✅ Saved: nist_libs_5.0_wt_CeCl3_and_0.5_wt_SmCl3_and_1.5_wt_GdCl3.csv
[Run 904/548000] ✅ Saved: nist_libs_5.0_wt_CeCl3_and_0.5_wt_SmCl3_and_2.0_wt_GdCl3.csv
[Run 905/548000] ✅ Saved: nist_libs_5.0_wt_CeCl3_and_0.5_wt_SmCl3_and_2.5_wt_GdCl3.csv
[Run 906/548000] ✅ Saved: nist_libs_5.0_wt_CeCl3_and_0.5_wt_SmCl3_and_3.0_wt_GdCl3.csv
[Run 907/548000] ✅ Saved: nist_libs_5.0_wt_CeCl3_and_0.5_wt_SmCl3_and_3.5_wt_GdCl3.csv
[Run 908/548000] ✅ Saved: nist_libs_5.0_wt_CeCl3_and_0.5_wt_SmCl3_and_4.0_wt_GdCl3.csv
[Run 909/548000] ✅ Saved: nist_libs_5.0_wt_CeCl3_and_0.5_wt_SmCl3_and_4.5_wt_GdCl3.csv
[Run 910/548000] ✅ Saved: nist_libs_5.0_wt_CeCl3_and_0.5_wt_SmCl3_and_5.0_wt_GdCl3.csv
[Run 911/548000] ✅ Saved: nist_libs_5.0_wt_CeCl3_and_1.0_wt_SmCl3_and_0.5_wt_GdCl3.csv
[Run 913/548000] ✅ Saved: nist_libs_5.0_wt_CeCl3_and_1.0_wt_SmCl3_and_1.5_wt_GdCl3.csv
[Run 912/548000] ✅ Saved: nist_libs_5.0_wt_CeCl3_and_1.0_wt_SmCl3_and_1.0_wt_GdCl3.csv
[Run 914/548000] ✅ Saved: nist_libs_5.0_wt_CeCl3_and_1.0_wt_SmCl3_and_2.0_wt_GdCl3.csv
[Run 915/548000] ✅ Saved: nist_libs_5.0_wt_CeCl3_and_1.0_wt_SmCl3_and_2.5_wt_GdCl3.csv
[Run 916/548000] ✅ Saved: nist_libs_5.0_wt_CeCl3_and_1.0_wt_SmCl3_and_3.0_wt_GdCl3.csv
[Run 917/548000] ✅ Saved: nist_libs_5.0_wt_CeCl3_and_1.0_wt_SmCl3_and_3.5_wt_GdCl3.csv
[Run 918/548000] ✅ Saved: nist_libs_5.0_wt_CeCl3_and_1.0_wt_SmCl3_and_4.0_wt_GdCl3.csv
[Run 919/548000] ✅ Saved: nist_libs_5.0_wt_CeCl3_and_1.0_wt_SmCl3_and_4.5_wt_GdCl3.csv
[Run 920/548000] ✅ Saved: nist_libs_5.0_wt_CeCl3_and_1.0_wt_SmCl3_and_5.0_wt_GdCl3.csv
[Run 921/548000] ✅ Saved: nist_libs_5.0_wt_CeCl3_and_1.5_wt_SmCl3_and_0.5_wt_GdCl3.csv
[Run 922/548000] ✅ Saved: nist_libs_5.0_wt_CeCl3_and_1.5_wt_SmCl3_and_1.0_wt_GdCl3.csv
[Run 923/548000] ✅ Saved: nist_libs_5.0_wt_CeCl3_and_1.5_wt_SmCl3_and_1.5_wt_GdCl3.csv
[Run 924/548000] ✅ Saved: nist_libs_5.0_wt_CeCl3_and_1.5_wt_SmCl3_and_2.0_wt_GdCl3.csv
[Run 925/548000] ✅ Saved: nist_libs_5.0_wt_CeCl3_and_1.5_wt_SmCl3_and_2.5_wt_GdCl3.csv
[Run 926/548000] ✅ Saved: nist_libs_5.0_wt_CeCl3_and_1.5_wt_SmCl3_and_3.0_wt_GdCl3.csv
[Run 927/548000] ✅ Saved: nist_libs_5.0_wt_CeCl3_and_1.5_wt_SmCl3_and_3.5_wt_GdCl3.csv
[Run 928/548000] ✅ Saved: nist_libs_5.0_wt_CeCl3_and_1.5_wt_SmCl3_and_4.0_wt_GdCl3.csv
[Run 929/548000] ✅ Saved: nist_libs_5.0_wt_CeCl3_and_1.5_wt_SmCl3_and_4.5_wt_GdCl3.csv
[Run 930/548000] ✅ Saved: nist_libs_5.0_wt_CeCl3_and_1.5_wt_SmCl3_and_5.0_wt_GdCl3.csv
[Run 931/548000] ✅ Saved: nist_libs_5.0_wt_CeCl3_and_2.0_wt_SmCl3_and_0.5_wt_GdCl3.csv
[Run 932/548000] ✅ Saved: nist_libs_5.0_wt_CeCl3_and_2.0_wt_SmCl3_and_1.0_wt_GdCl3.csv
[Run 933/548000] ✅ Saved: nist_libs_5.0_wt_CeCl3_and_2.0_wt_SmCl3_and_1.5_wt_GdCl3.csv
[Run 934/548000] ✅ Saved: nist_libs_5.0_wt_CeCl3_and_2.0_wt_SmCl3_and_2.0_wt_GdCl3.csv
[Run 935/548000] ✅ Saved: nist_libs_5.0_wt_CeCl3_and_2.0_wt_SmCl3_and_2.5_wt_GdCl3.csv
[Run 936/548000] ✅ Saved: nist_libs_5.0_wt_CeCl3_and_2.0_wt_SmCl3_and_3.0_wt_GdCl3.csv
[Run 937/548000] ✅ Saved: nist_libs_5.0_wt_CeCl3_and_2.0_wt_SmCl3_and_3.5_wt_GdCl3.csv
[Run 940/548000] ✅ Saved: nist_libs_5.0_wt_CeCl3_and_2.0_wt_SmCl3_and_5.0_wt_GdCl3.csv
[Run 939/548000] ✅ Saved: nist_libs_5.0_wt_CeCl3_and_2.0_wt_SmCl3_and_4.5_wt_GdCl3.csv
[Run 938/548000] ✅ Saved: nist_libs_5.0_wt_CeCl3_and_2.0_wt_SmCl3_and_4.0_wt_GdCl3.csv
[Run 941/548000] ✅ Saved: nist_libs_5.0_wt_CeCl3_and_2.5_wt_SmCl3_and_0.5_wt_GdCl3.csv
[Run 943/548000] ✅ Saved: nist_libs_5.0_wt_CeCl3_and_2.5_wt_SmCl3_and_1.5_wt_GdCl3.csv
[Run 942/548000] ✅ Saved: nist_libs_5.0_wt_CeCl3_and_2.5_wt_SmCl3_and_1.0_wt_GdCl3.csv
[Run 944/548000] ✅ Saved: nist_libs_5.0_wt_CeCl3_and_2.5_wt_SmCl3_and_2.0_wt_GdCl3.csv
[Run 945/548000] ✅ Saved: nist_libs_5.0_wt_CeCl3_and_2.5_wt_SmCl3_and_2.5_wt_GdCl3.csv
[Run 946/548000] ✅ Saved: nist_libs_5.0_wt_CeCl3_and_2.5_wt_SmCl3_and_3.0_wt_GdCl3.csv
[Run 947/548000] ✅ Saved: nist_libs_5.0_wt_CeCl3_and_2.5_wt_SmCl3_and_3.5_wt_GdCl3.csv
[Run 948/548000] ✅ Saved: nist_libs_5.0_wt_CeCl3_and_2.5_wt_SmCl3_and_4.0_wt_GdCl3.csv
[Run 949/548000] ✅ Saved: nist_libs_5.0_wt_CeCl3_and_2.5_wt_SmCl3_and_4.5_wt_GdCl3.csv
[Run 950/548000] ✅ Saved: nist_libs_5.0_wt_CeCl3_and_2.5_wt_SmCl3_and_5.0_wt_GdCl3.csv
[Run 951/548000] ✅ Saved: nist_libs_5.0_wt_CeCl3_and_3.0_wt_SmCl3_and_0.5_wt_GdCl3.csv
[Run 952/548000] ✅ Saved: nist_libs_5.0_wt_CeCl3_and_3.0_wt_SmCl3_and_1.0_wt_GdCl3.csv
[Run 953/548000] ✅ Saved: nist_libs_5.0_wt_CeCl3_and_3.0_wt_SmCl3_and_1.5_wt_GdCl3.csv
[Run 954/548000] ✅ Saved: nist_libs_5.0_wt_CeCl3_and_3.0_wt_SmCl3_and_2.0_wt_GdCl3.csv
[Run 955/548000] ✅ Saved: nist_libs_5.0_wt_CeCl3_and_3.0_wt_SmCl3_and_2.5_wt_GdCl3.csv
[Run 956/548000] ✅ Saved: nist_libs_5.0_wt_CeCl3_and_3.0_wt_SmCl3_and_3.0_wt_GdCl3.csv
[Run 957/548000] ✅ Saved: nist_libs_5.0_wt_CeCl3_and_3.0_wt_SmCl3_and_3.5_wt_GdCl3.csv
[Run 960/548000] ✅ Saved: nist_libs_5.0_wt_CeCl3_and_3.0_wt_SmCl3_and_5.0_wt_GdCl3.csv
[Run 958/548000] ✅ Saved: nist_libs_5.0_wt_CeCl3_and_3.0_wt_SmCl3_and_4.0_wt_GdCl3.csv
[Run 959/548000] ✅ Saved: nist_libs_5.0_wt_CeCl3_and_3.0_wt_SmCl3_and_4.5_wt_GdCl3.csv
[Run 961/548000] ✅ Saved: nist_libs_5.0_wt_CeCl3_and_3.5_wt_SmCl3_and_0.5_wt_GdCl3.csv
[Run 964/548000] ✅ Saved: nist_libs_5.0_wt_CeCl3_and_3.5_wt_SmCl3_and_2.0_wt_GdCl3.csv
[Run 963/548000] ✅ Saved: nist_libs_5.0_wt_CeCl3_and_3.5_wt_SmCl3_and_1.5_wt_GdCl3.csv
[Run 962/548000] ✅ Saved: nist_libs_5.0_wt_CeCl3_and_3.5_wt_SmCl3_and_1.0_wt_GdCl3.csv
[Run 965/548000] ✅ Saved: nist_libs_5.0_wt_CeCl3_and_3.5_wt_SmCl3_and_2.5_wt_GdCl3.csv
[Run 966/548000] ✅ Saved: nist_libs_5.0_wt_CeCl3_and_3.5_wt_SmCl3_and_3.0_wt_GdCl3.csv
[Run 967/548000] ✅ Saved: nist_libs_5.0_wt_CeCl3_and_3.5_wt_SmCl3_and_3.5_wt_GdCl3.csv
[Run 968/548000] ✅ Saved: nist_libs_5.0_wt_CeCl3_and_3.5_wt_SmCl3_and_4.0_wt_GdCl3.csv
[Run 969/548000] ✅ Saved: nist_libs_5.0_wt_CeCl3_and_3.5_wt_SmCl3_and_4.5_wt_GdCl3.csv
[Run 970/548000] ✅ Saved: nist_libs_5.0_wt_CeCl3_and_3.5_wt_SmCl3_and_5.0_wt_GdCl3.csv
[Run 972/548000] ✅ Saved: nist_libs_5.0_wt_CeCl3_and_4.0_wt_SmCl3_and_1.0_wt_GdCl3.csv
[Run 971/548000] ✅ Saved: nist_libs_5.0_wt_CeCl3_and_4.0_wt_SmCl3_and_0.5_wt_GdCl3.csv
[Run 973/548000] ✅ Saved: nist_libs_5.0_wt_CeCl3_and_4.0_wt_SmCl3_and_1.5_wt_GdCl3.csv
[Run 974/548000] ✅ Saved: nist_libs_5.0_wt_CeCl3_and_4.0_wt_SmCl3_and_2.0_wt_GdCl3.csv
[Run 975/548000] ✅ Saved: nist_libs_5.0_wt_CeCl3_and_4.0_wt_SmCl3_and_2.5_wt_GdCl3.csv
[Run 976/548000] ✅ Saved: nist_libs_5.0_wt_CeCl3_and_4.0_wt_SmCl3_and_3.0_wt_GdCl3.csv
[Run 977/548000] ✅ Saved: nist_libs_5.0_wt_CeCl3_and_4.0_wt_SmCl3_and_3.5_wt_GdCl3.csv
[Run 978/548000] ✅ Saved: nist_libs_5.0_wt_CeCl3_and_4.0_wt_SmCl3_and_4.0_wt_GdCl3.csv
[Run 979/548000] ✅ Saved: nist_libs_5.0_wt_CeCl3_and_4.0_wt_SmCl3_and_4.5_wt_GdCl3.csv
[Run 981/548000] ✅ Saved: nist_libs_5.0_wt_CeCl3_and_4.5_wt_SmCl3_and_0.5_wt_GdCl3.csv
[Run 980/548000] ✅ Saved: nist_libs_5.0_wt_CeCl3_and_4.0_wt_SmCl3_and_5.0_wt_GdCl3.csv
[Run 983/548000] ✅ Saved: nist_libs_5.0_wt_CeCl3_and_4.5_wt_SmCl3_and_1.5_wt_GdCl3.csv
[Run 982/548000] ✅ Saved: nist_libs_5.0_wt_CeCl3_and_4.5_wt_SmCl3_and_1.0_wt_GdCl3.csv
[Run 985/548000] ✅ Saved: nist_libs_5.0_wt_CeCl3_and_4.5_wt_SmCl3_and_2.5_wt_GdCl3.csv
[Run 984/548000] ✅ Saved: nist_libs_5.0_wt_CeCl3_and_4.5_wt_SmCl3_and_2.0_wt_GdCl3.csv
[Run 986/548000] ✅ Saved: nist_libs_5.0_wt_CeCl3_and_4.5_wt_SmCl3_and_3.0_wt_GdCl3.csv
[Run 987/548000] ✅ Saved: nist_libs_5.0_wt_CeCl3_and_4.5_wt_SmCl3_and_3.5_wt_GdCl3.csv
[Run 988/548000] ✅ Saved: nist_libs_5.0_wt_CeCl3_and_4.5_wt_SmCl3_and_4.0_wt_GdCl3.csv
[Run 989/548000] ✅ Saved: nist_libs_5.0_wt_CeCl3_and_4.5_wt_SmCl3_and_4.5_wt_GdCl3.csv
[Run 990/548000] ✅ Saved: nist_libs_5.0_wt_CeCl3_and_4.5_wt_SmCl3_and_5.0_wt_GdCl3.csv
[Run 991/548000] ✅ Saved: nist_libs_5.0_wt_CeCl3_and_5.0_wt_SmCl3_and_0.5_wt_GdCl3.csv
[Run 992/548000] ✅ Saved: nist_libs_5.0_wt_CeCl3_and_5.0_wt_SmCl3_and_1.0_wt_GdCl3.csv
[Run 993/548000] ✅ Saved: nist_libs_5.0_wt_CeCl3_and_5.0_wt_SmCl3_and_1.5_wt_GdCl3.csv
[Run 995/548000] ✅ Saved: nist_libs_5.0_wt_CeCl3_and_5.0_wt_SmCl3_and_2.5_wt_GdCl3.csv
[Run 994/548000] ✅ Saved: nist_libs_5.0_wt_CeCl3_and_5.0_wt_SmCl3_and_2.0_wt_GdCl3.csv
[Run 996/548000] ✅ Saved: nist_libs_5.0_wt_CeCl3_and_5.0_wt_SmCl3_and_3.0_wt_GdCl3.csv
[Run 997/548000] ✅ Saved: nist_libs_5.0_wt_CeCl3_and_5.0_wt_SmCl3_and_3.5_wt_GdCl3.csv
[Run 998/548000] ✅ Saved: nist_libs_5.0_wt_CeCl3_and_5.0_wt_SmCl3_and_4.0_wt_GdCl3.csv
[Run 999/548000] ✅ Saved: nist_libs_5.0_wt_CeCl3_and_5.0_wt_SmCl3_and_4.5_wt_GdCl3.csv
[Run 1000/548000] ✅ Saved: nist_libs_5.0_wt_CeCl3_and_5.0_wt_SmCl3_and_5.0_wt_GdCl3.csv
[Run 1001/548000] ✅ Saved: nist_libs_0.5_wt_CeCl3_and_0.5_wt_SmCl3_and_0.5_wt_MgCl2.csv
[Run 1002/548000] ✅ Saved: nist_libs_0.5_wt_CeCl3_and_0.5_wt_SmCl3_and_1.0_wt_MgCl2.csv
[Run 1003/548000] ✅ Saved: nist_libs_0.5_wt_CeCl3_and_0.5_wt_SmCl3_and_1.5_wt_MgCl2.csv
[Run 1004/548000] ✅ Saved: nist_libs_0.5_wt_CeCl3_and_0.5_wt_SmCl3_and_2.0_wt_MgCl2.csv
📦 Packaging batch 1 (1000 CSVs) -> nist_libs_batch_0001.zip...
[Run 1005/548000] ✅ Saved: nist_libs_0.5_wt_CeCl3_and_0.5_wt_SmCl3_and_2.5_wt_MgCl2.csv
[Run 1006/548000] ✅ Saved: nist_libs_0.5_wt_CeCl3_and_0.5_wt_SmCl3_and_3.0_wt_MgCl2.csv
[Run 1007/548000] ✅ Saved: nist_libs_0.5_wt_CeCl3_and_0.5_wt_SmCl3_and_3.5_wt_MgCl2.csv
[Run 1008/548000] ✅ Saved: nist_libs_0.5_wt_CeCl3_and_0.5_wt_SmCl3_and_4.0_wt_MgCl2.csv
[Run 1009/548000] ✅ Saved: nist_libs_0.5_wt_CeCl3_and_0.5_wt_SmCl3_and_4.5_wt_MgCl2.csv
[Run 1011/548000] ✅ Saved: nist_libs_0.5_wt_CeCl3_and_1.0_wt_SmCl3_and_0.5_wt_MgCl2.csv
[Run 1010/548000] ✅ Saved: nist_libs_0.5_wt_CeCl3_and_0.5_wt_SmCl3_and_5.0_wt_MgCl2.csv
[Run 1012/548000] ✅ Saved: nist_libs_0.5_wt_CeCl3_and_1.0_wt_SmCl3_and_1.0_wt_MgCl2.csv
[Run 1013/548000] ✅ Saved: nist_libs_0.5_wt_CeCl3_and_1.0_wt_SmCl3_and_1.5_wt_MgCl2.csv
[Run 1014/548000] ✅ Saved: nist_libs_0.5_wt_CeCl3_and_1.0_wt_SmCl3_and_2.0_wt_MgCl2.csv
[Run 1015/548000] ✅ Saved: nist_libs_0.5_wt_CeCl3_and_1.0_wt_SmCl3_and_2.5_wt_MgCl2.csv
[Run 1016/548000] ✅ Saved: nist_libs_0.5_wt_CeCl3_and_1.0_wt_SmCl3_and_3.0_wt_MgCl2.csv
[Run 1017/548000] ✅ Saved: nist_libs_0.5_wt_CeCl3_and_1.0_wt_SmCl3_and_3.5_wt_MgCl2.csv
[Run 1019/548000] ✅ Saved: nist_libs_0.5_wt_CeCl3_and_1.0_wt_SmCl3_and_4.5_wt_MgCl2.csv
[Run 1018/548000] ✅ Saved: nist_libs_0.5_wt_CeCl3_and_1.0_wt_SmCl3_and_4.0_wt_MgCl2.csv
[Run 1020/548000] ✅ Saved: nist_libs_0.5_wt_CeCl3_and_1.0_wt_SmCl3_and_5.0_wt_MgCl2.csv
[Run 1021/548000] ✅ Saved: nist_libs_0.5_wt_CeCl3_and_1.5_wt_SmCl3_and_0.5_wt_MgCl2.csv
[Run 1022/548000] ✅ Saved: nist_libs_0.5_wt_CeCl3_and_1.5_wt_SmCl3_and_1.0_wt_MgCl2.csv
[Run 1023/548000] ✅ Saved: nist_libs_0.5_wt_CeCl3_and_1.5_wt_SmCl3_and_1.5_wt_MgCl2.csv
[Run 1024/548000] ✅ Saved: nist_libs_0.5_wt_CeCl3_and_1.5_wt_SmCl3_and_2.0_wt_MgCl2.csv
[Run 1025/548000] ✅ Saved: nist_libs_0.5_wt_CeCl3_and_1.5_wt_SmCl3_and_2.5_wt_MgCl2.csv
[Run 1026/548000] ✅ Saved: nist_libs_0.5_wt_CeCl3_and_1.5_wt_SmCl3_and_3.0_wt_MgCl2.csv
[Run 1027/548000] ✅ Saved: nist_libs_0.5_wt_CeCl3_and_1.5_wt_SmCl3_and_3.5_wt_MgCl2.csv
[Run 1028/548000] ✅ Saved: nist_libs_0.5_wt_CeCl3_and_1.5_wt_SmCl3_and_4.0_wt_MgCl2.csv
[Run 1029/548000] ✅ Saved: nist_libs_0.5_wt_CeCl3_and_1.5_wt_SmCl3_and_4.5_wt_MgCl2.csv
[Run 1030/548000] ✅ Saved: nist_libs_0.5_wt_CeCl3_and_1.5_wt_SmCl3_and_5.0_wt_MgCl2.csv
[Run 1031/548000] ✅ Saved: nist_libs_0.5_wt_CeCl3_and_2.0_wt_SmCl3_and_0.5_wt_MgCl2.csv
[Run 1032/548000] ✅ Saved: nist_libs_0.5_wt_CeCl3_and_2.0_wt_SmCl3_and_1.0_wt_MgCl2.csv
[Run 1033/548000] ✅ Saved: nist_libs_0.5_wt_CeCl3_and_2.0_wt_SmCl3_and_1.5_wt_MgCl2.csv
[Run 1034/548000] ✅ Saved: nist_libs_0.5_wt_CeCl3_and_2.0_wt_SmCl3_and_2.0_wt_MgCl2.csv
[Run 1035/548000] ✅ Saved: nist_libs_0.5_wt_CeCl3_and_2.0_wt_SmCl3_and_2.5_wt_MgCl2.csv
[Run 1036/548000] ✅ Saved: nist_libs_0.5_wt_CeCl3_and_2.0_wt_SmCl3_and_3.0_wt_MgCl2.csv
[Run 1037/548000] ✅ Saved: nist_libs_0.5_wt_CeCl3_and_2.0_wt_SmCl3_and_3.5_wt_MgCl2.csv
[Run 1038/548000] ✅ Saved: nist_libs_0.5_wt_CeCl3_and_2.0_wt_SmCl3_and_4.0_wt_MgCl2.csv
[Run 1039/548000] ✅ Saved: nist_libs_0.5_wt_CeCl3_and_2.0_wt_SmCl3_and_4.5_wt_MgCl2.csv
[Run 1040/548000] ✅ Saved: nist_libs_0.5_wt_CeCl3_and_2.0_wt_SmCl3_and_5.0_wt_MgCl2.csv
[Run 1041/548000] ✅ Saved: nist_libs_0.5_wt_CeCl3_and_2.5_wt_SmCl3_and_0.5_wt_MgCl2.csv
[Run 1042/548000] ✅ Saved: nist_libs_0.5_wt_CeCl3_and_2.5_wt_SmCl3_and_1.0_wt_MgCl2.csv
[Run 1043/548000] ✅ Saved: nist_libs_0.5_wt_CeCl3_and_2.5_wt_SmCl3_and_1.5_wt_MgCl2.csv
[Run 1044/548000] ✅ Saved: nist_libs_0.5_wt_CeCl3_and_2.5_wt_SmCl3_and_2.0_wt_MgCl2.csv
[Run 1045/548000] ✅ Saved: nist_libs_0.5_wt_CeCl3_and_2.5_wt_SmCl3_and_2.5_wt_MgCl2.csv
[Run 1047/548000] ✅ Saved: nist_libs_0.5_wt_CeCl3_and_2.5_wt_SmCl3_and_3.5_wt_MgCl2.csv
[Run 1046/548000] ✅ Saved: nist_libs_0.5_wt_CeCl3_and_2.5_wt_SmCl3_and_3.0_wt_MgCl2.csv
[Run 1048/548000] ✅ Saved: nist_libs_0.5_wt_CeCl3_and_2.5_wt_SmCl3_and_4.0_wt_MgCl2.csv
[Run 1049/548000] ✅ Saved: nist_libs_0.5_wt_CeCl3_and_2.5_wt_SmCl3_and_4.5_wt_MgCl2.csv
[Run 1050/548000] ✅ Saved: nist_libs_0.5_wt_CeCl3_and_2.5_wt_SmCl3_and_5.0_wt_MgCl2.csv
[Run 1051/548000] ✅ Saved: nist_libs_0.5_wt_CeCl3_and_3.0_wt_SmCl3_and_0.5_wt_MgCl2.csv
[Run 1052/548000] ✅ Saved: nist_libs_0.5_wt_CeCl3_and_3.0_wt_SmCl3_and_1.0_wt_MgCl2.csv
[Run 1053/548000] ✅ Saved: nist_libs_0.5_wt_CeCl3_and_3.0_wt_SmCl3_and_1.5_wt_MgCl2.csv
[Run 1054/548000] ✅ Saved: nist_libs_0.5_wt_CeCl3_and_3.0_wt_SmCl3_and_2.0_wt_MgCl2.csv
[Run 1055/548000] ✅ Saved: nist_libs_0.5_wt_CeCl3_and_3.0_wt_SmCl3_and_2.5_wt_MgCl2.csv
[Run 1056/548000] ✅ Saved: nist_libs_0.5_wt_CeCl3_and_3.0_wt_SmCl3_and_3.0_wt_MgCl2.csv
[Run 1057/548000] ✅ Saved: nist_libs_0.5_wt_CeCl3_and_3.0_wt_SmCl3_and_3.5_wt_MgCl2.csv
[Run 1058/548000] ✅ Saved: nist_libs_0.5_wt_CeCl3_and_3.0_wt_SmCl3_and_4.0_wt_MgCl2.csv
[Run 1059/548000] ✅ Saved: nist_libs_0.5_wt_CeCl3_and_3.0_wt_SmCl3_and_4.5_wt_MgCl2.csv
[Run 1060/548000] ✅ Saved: nist_libs_0.5_wt_CeCl3_and_3.0_wt_SmCl3_and_5.0_wt_MgCl2.csv
[Run 1061/548000] ✅ Saved: nist_libs_0.5_wt_CeCl3_and_3.5_wt_SmCl3_and_0.5_wt_MgCl2.csv
[Run 1062/548000] ✅ Saved: nist_libs_0.5_wt_CeCl3_and_3.5_wt_SmCl3_and_1.0_wt_MgCl2.csv
[Run 1063/548000] ✅ Saved: nist_libs_0.5_wt_CeCl3_and_3.5_wt_SmCl3_and_1.5_wt_MgCl2.csv
[Run 1064/548000] ✅ Saved: nist_libs_0.5_wt_CeCl3_and_3.5_wt_SmCl3_and_2.0_wt_MgCl2.csv
[Run 1066/548000] ✅ Saved: nist_libs_0.5_wt_CeCl3_and_3.5_wt_SmCl3_and_3.0_wt_MgCl2.csv
[Run 1067/548000] ✅ Saved: nist_libs_0.5_wt_CeCl3_and_3.5_wt_SmCl3_and_3.5_wt_MgCl2.csv
[Run 1065/548000] ✅ Saved: nist_libs_0.5_wt_CeCl3_and_3.5_wt_SmCl3_and_2.5_wt_MgCl2.csv
[Run 1068/548000] ✅ Saved: nist_libs_0.5_wt_CeCl3_and_3.5_wt_SmCl3_and_4.0_wt_MgCl2.csv
[Run 1069/548000] ✅ Saved: nist_libs_0.5_wt_CeCl3_and_3.5_wt_SmCl3_and_4.5_wt_MgCl2.csv
[Run 1071/548000] ✅ Saved: nist_libs_0.5_wt_CeCl3_and_4.0_wt_SmCl3_and_0.5_wt_MgCl2.csv
[Run 1070/548000] ✅ Saved: nist_libs_0.5_wt_CeCl3_and_3.5_wt_SmCl3_and_5.0_wt_MgCl2.csv
[Run 1072/548000] ✅ Saved: nist_libs_0.5_wt_CeCl3_and_4.0_wt_SmCl3_and_1.0_wt_MgCl2.csv
[Run 1073/548000] ✅ Saved: nist_libs_0.5_wt_CeCl3_and_4.0_wt_SmCl3_and_1.5_wt_MgCl2.csv
[Run 1074/548000] ✅ Saved: nist_libs_0.5_wt_CeCl3_and_4.0_wt_SmCl3_and_2.0_wt_MgCl2.csv
[Run 1075/548000] ✅ Saved: nist_libs_0.5_wt_CeCl3_and_4.0_wt_SmCl3_and_2.5_wt_MgCl2.csv
[Run 1076/548000] ✅ Saved: nist_libs_0.5_wt_CeCl3_and_4.0_wt_SmCl3_and_3.0_wt_MgCl2.csv
[Run 1077/548000] ✅ Saved: nist_libs_0.5_wt_CeCl3_and_4.0_wt_SmCl3_and_3.5_wt_MgCl2.csv
[Run 1078/548000] ✅ Saved: nist_libs_0.5_wt_CeCl3_and_4.0_wt_SmCl3_and_4.0_wt_MgCl2.csv
[Run 1079/548000] ✅ Saved: nist_libs_0.5_wt_CeCl3_and_4.0_wt_SmCl3_and_4.5_wt_MgCl2.csv
[Run 1080/548000] ✅ Saved: nist_libs_0.5_wt_CeCl3_and_4.0_wt_SmCl3_and_5.0_wt_MgCl2.csv
[Run 1081/548000] ✅ Saved: nist_libs_0.5_wt_CeCl3_and_4.5_wt_SmCl3_and_0.5_wt_MgCl2.csv
[Run 1082/548000] ✅ Saved: nist_libs_0.5_wt_CeCl3_and_4.5_wt_SmCl3_and_1.0_wt_MgCl2.csv
[Run 1083/548000] ✅ Saved: nist_libs_0.5_wt_CeCl3_and_4.5_wt_SmCl3_and_1.5_wt_MgCl2.csv
[Run 1084/548000] ✅ Saved: nist_libs_0.5_wt_CeCl3_and_4.5_wt_SmCl3_and_2.0_wt_MgCl2.csv
[Run 1085/548000] ✅ Saved: nist_libs_0.5_wt_CeCl3_and_4.5_wt_SmCl3_and_2.5_wt_MgCl2.csv
[Run 1086/548000] ✅ Saved: nist_libs_0.5_wt_CeCl3_and_4.5_wt_SmCl3_and_3.0_wt_MgCl2.csv
[Run 1087/548000] ✅ Saved: nist_libs_0.5_wt_CeCl3_and_4.5_wt_SmCl3_and_3.5_wt_MgCl2.csv
[Run 1088/548000] ✅ Saved: nist_libs_0.5_wt_CeCl3_and_4.5_wt_SmCl3_and_4.0_wt_MgCl2.csv
[Run 1089/548000] ✅ Saved: nist_libs_0.5_wt_CeCl3_and_4.5_wt_SmCl3_and_4.5_wt_MgCl2.csv
[Run 1090/548000] ✅ Saved: nist_libs_0.5_wt_CeCl3_and_4.5_wt_SmCl3_and_5.0_wt_MgCl2.csv
[Run 1091/548000] ✅ Saved: nist_libs_0.5_wt_CeCl3_and_5.0_wt_SmCl3_and_0.5_wt_MgCl2.csv
[Run 1092/548000] ✅ Saved: nist_libs_0.5_wt_CeCl3_and_5.0_wt_SmCl3_and_1.0_wt_MgCl2.csv
[Run 1093/548000] ✅ Saved: nist_libs_0.5_wt_CeCl3_and_5.0_wt_SmCl3_and_1.5_wt_MgCl2.csv
[Run 1094/548000] ✅ Saved: nist_libs_0.5_wt_CeCl3_and_5.0_wt_SmCl3_and_2.0_wt_MgCl2.csv
[Run 1095/548000] ✅ Saved: nist_libs_0.5_wt_CeCl3_and_5.0_wt_SmCl3_and_2.5_wt_MgCl2.csv
[Run 1096/548000] ✅ Saved: nist_libs_0.5_wt_CeCl3_and_5.0_wt_SmCl3_and_3.0_wt_MgCl2.csv
[Run 1098/548000] ✅ Saved: nist_libs_0.5_wt_CeCl3_and_5.0_wt_SmCl3_and_4.0_wt_MgCl2.csv
[Run 1097/548000] ✅ Saved: nist_libs_0.5_wt_CeCl3_and_5.0_wt_SmCl3_and_3.5_wt_MgCl2.csv
[Run 1099/548000] ✅ Saved: nist_libs_0.5_wt_CeCl3_and_5.0_wt_SmCl3_and_4.5_wt_MgCl2.csv
[Run 1100/548000] ✅ Saved: nist_libs_0.5_wt_CeCl3_and_5.0_wt_SmCl3_and_5.0_wt_MgCl2.csv
[Run 1101/548000] ✅ Saved: nist_libs_1.0_wt_CeCl3_and_0.5_wt_SmCl3_and_0.5_wt_MgCl2.csv
[Run 1102/548000] ✅ Saved: nist_libs_1.0_wt_CeCl3_and_0.5_wt_SmCl3_and_1.0_wt_MgCl2.csv
[Run 1103/548000] ✅ Saved: nist_libs_1.0_wt_CeCl3_and_0.5_wt_SmCl3_and_1.5_wt_MgCl2.csv
[Run 1104/548000] ✅ Saved: nist_libs_1.0_wt_CeCl3_and_0.5_wt_SmCl3_and_2.0_wt_MgCl2.csv
[Run 1105/548000] ✅ Saved: nist_libs_1.0_wt_CeCl3_and_0.5_wt_SmCl3_and_2.5_wt_MgCl2.csv
[Run 1106/548000] ✅ Saved: nist_libs_1.0_wt_CeCl3_and_0.5_wt_SmCl3_and_3.0_wt_MgCl2.csv
[Run 1107/548000] ✅ Saved: nist_libs_1.0_wt_CeCl3_and_0.5_wt_SmCl3_and_3.5_wt_MgCl2.csv
[Run 1108/548000] ✅ Saved: nist_libs_1.0_wt_CeCl3_and_0.5_wt_SmCl3_and_4.0_wt_MgCl2.csv
[Run 1109/548000] ✅ Saved: nist_libs_1.0_wt_CeCl3_and_0.5_wt_SmCl3_and_4.5_wt_MgCl2.csv
[Run 1111/548000] ✅ Saved: nist_libs_1.0_wt_CeCl3_and_1.0_wt_SmCl3_and_0.5_wt_MgCl2.csv
[Run 1110/548000] ✅ Saved: nist_libs_1.0_wt_CeCl3_and_0.5_wt_SmCl3_and_5.0_wt_MgCl2.csv
[Run 1112/548000] ✅ Saved: nist_libs_1.0_wt_CeCl3_and_1.0_wt_SmCl3_and_1.0_wt_MgCl2.csv
[Run 1113/548000] ✅ Saved: nist_libs_1.0_wt_CeCl3_and_1.0_wt_SmCl3_and_1.5_wt_MgCl2.csv
[Run 1114/548000] ✅ Saved: nist_libs_1.0_wt_CeCl3_and_1.0_wt_SmCl3_and_2.0_wt_MgCl2.csv
[Run 1115/548000] ✅ Saved: nist_libs_1.0_wt_CeCl3_and_1.0_wt_SmCl3_and_2.5_wt_MgCl2.csv
[Run 1116/548000] ✅ Saved: nist_libs_1.0_wt_CeCl3_and_1.0_wt_SmCl3_and_3.0_wt_MgCl2.csv
[Run 1117/548000] ✅ Saved: nist_libs_1.0_wt_CeCl3_and_1.0_wt_SmCl3_and_3.5_wt_MgCl2.csv
[Run 1118/548000] ✅ Saved: nist_libs_1.0_wt_CeCl3_and_1.0_wt_SmCl3_and_4.0_wt_MgCl2.csv
[Run 1119/548000] ✅ Saved: nist_libs_1.0_wt_CeCl3_and_1.0_wt_SmCl3_and_4.5_wt_MgCl2.csv
[Run 1120/548000] ✅ Saved: nist_libs_1.0_wt_CeCl3_and_1.0_wt_SmCl3_and_5.0_wt_MgCl2.csv
[Run 1121/548000] ✅ Saved: nist_libs_1.0_wt_CeCl3_and_1.5_wt_SmCl3_and_0.5_wt_MgCl2.csv
[Run 1122/548000] ✅ Saved: nist_libs_1.0_wt_CeCl3_and_1.5_wt_SmCl3_and_1.0_wt_MgCl2.csv
[Run 1123/548000] ✅ Saved: nist_libs_1.0_wt_CeCl3_and_1.5_wt_SmCl3_and_1.5_wt_MgCl2.csv
[Run 1124/548000] ✅ Saved: nist_libs_1.0_wt_CeCl3_and_1.5_wt_SmCl3_and_2.0_wt_MgCl2.csv
[Run 1125/548000] ✅ Saved: nist_libs_1.0_wt_CeCl3_and_1.5_wt_SmCl3_and_2.5_wt_MgCl2.csv
[Run 1127/548000] ✅ Saved: nist_libs_1.0_wt_CeCl3_and_1.5_wt_SmCl3_and_3.5_wt_MgCl2.csv
[Run 1126/548000] ✅ Saved: nist_libs_1.0_wt_CeCl3_and_1.5_wt_SmCl3_and_3.0_wt_MgCl2.csv
[Run 1128/548000] ✅ Saved: nist_libs_1.0_wt_CeCl3_and_1.5_wt_SmCl3_and_4.0_wt_MgCl2.csv
[Run 1129/548000] ✅ Saved: nist_libs_1.0_wt_CeCl3_and_1.5_wt_SmCl3_and_4.5_wt_MgCl2.csv
[Run 1131/548000] ✅ Saved: nist_libs_1.0_wt_CeCl3_and_2.0_wt_SmCl3_and_0.5_wt_MgCl2.csv
[Run 1130/548000] ✅ Saved: nist_libs_1.0_wt_CeCl3_and_1.5_wt_SmCl3_and_5.0_wt_MgCl2.csv
[Run 1132/548000] ✅ Saved: nist_libs_1.0_wt_CeCl3_and_2.0_wt_SmCl3_and_1.0_wt_MgCl2.csv
[Run 1133/548000] ✅ Saved: nist_libs_1.0_wt_CeCl3_and_2.0_wt_SmCl3_and_1.5_wt_MgCl2.csv
[Run 1134/548000] ✅ Saved: nist_libs_1.0_wt_CeCl3_and_2.0_wt_SmCl3_and_2.0_wt_MgCl2.csv
[Run 1135/548000] ✅ Saved: nist_libs_1.0_wt_CeCl3_and_2.0_wt_SmCl3_and_2.5_wt_MgCl2.csv
[Run 1136/548000] ✅ Saved: nist_libs_1.0_wt_CeCl3_and_2.0_wt_SmCl3_and_3.0_wt_MgCl2.csv
[Run 1137/548000] ✅ Saved: nist_libs_1.0_wt_CeCl3_and_2.0_wt_SmCl3_and_3.5_wt_MgCl2.csv
[Run 1138/548000] ✅ Saved: nist_libs_1.0_wt_CeCl3_and_2.0_wt_SmCl3_and_4.0_wt_MgCl2.csv
[Run 1140/548000] ✅ Saved: nist_libs_1.0_wt_CeCl3_and_2.0_wt_SmCl3_and_5.0_wt_MgCl2.csv
[Run 1139/548000] ✅ Saved: nist_libs_1.0_wt_CeCl3_and_2.0_wt_SmCl3_and_4.5_wt_MgCl2.csv
[Run 1141/548000] ✅ Saved: nist_libs_1.0_wt_CeCl3_and_2.5_wt_SmCl3_and_0.5_wt_MgCl2.csv
[Run 1142/548000] ✅ Saved: nist_libs_1.0_wt_CeCl3_and_2.5_wt_SmCl3_and_1.0_wt_MgCl2.csv
[Run 1145/548000] ✅ Saved: nist_libs_1.0_wt_CeCl3_and_2.5_wt_SmCl3_and_2.5_wt_MgCl2.csv
[Run 1143/548000] ✅ Saved: nist_libs_1.0_wt_CeCl3_and_2.5_wt_SmCl3_and_1.5_wt_MgCl2.csv
[Run 1144/548000] ✅ Saved: nist_libs_1.0_wt_CeCl3_and_2.5_wt_SmCl3_and_2.0_wt_MgCl2.csv
[Run 1146/548000] ✅ Saved: nist_libs_1.0_wt_CeCl3_and_2.5_wt_SmCl3_and_3.0_wt_MgCl2.csv
[Run 1147/548000] ✅ Saved: nist_libs_1.0_wt_CeCl3_and_2.5_wt_SmCl3_and_3.5_wt_MgCl2.csv
[Run 1148/548000] ✅ Saved: nist_libs_1.0_wt_CeCl3_and_2.5_wt_SmCl3_and_4.0_wt_MgCl2.csv
[Run 1149/548000] ✅ Saved: nist_libs_1.0_wt_CeCl3_and_2.5_wt_SmCl3_and_4.5_wt_MgCl2.csv
[Run 1150/548000] ✅ Saved: nist_libs_1.0_wt_CeCl3_and_2.5_wt_SmCl3_and_5.0_wt_MgCl2.csv
[Run 1152/548000] ✅ Saved: nist_libs_1.0_wt_CeCl3_and_3.0_wt_SmCl3_and_1.0_wt_MgCl2.csv
[Run 1153/548000] ✅ Saved: nist_libs_1.0_wt_CeCl3_and_3.0_wt_SmCl3_and_1.5_wt_MgCl2.csv
[Run 1151/548000] ✅ Saved: nist_libs_1.0_wt_CeCl3_and_3.0_wt_SmCl3_and_0.5_wt_MgCl2.csv
[Run 1154/548000] ✅ Saved: nist_libs_1.0_wt_CeCl3_and_3.0_wt_SmCl3_and_2.0_wt_MgCl2.csv
[Run 1155/548000] ✅ Saved: nist_libs_1.0_wt_CeCl3_and_3.0_wt_SmCl3_and_2.5_wt_MgCl2.csv
[Run 1157/548000] ✅ Saved: nist_libs_1.0_wt_CeCl3_and_3.0_wt_SmCl3_and_3.5_wt_MgCl2.csv
[Run 1156/548000] ✅ Saved: nist_libs_1.0_wt_CeCl3_and_3.0_wt_SmCl3_and_3.0_wt_MgCl2.csv
[Run 1158/548000] ✅ Saved: nist_libs_1.0_wt_CeCl3_and_3.0_wt_SmCl3_and_4.0_wt_MgCl2.csv
[Run 1159/548000] ✅ Saved: nist_libs_1.0_wt_CeCl3_and_3.0_wt_SmCl3_and_4.5_wt_MgCl2.csv
[Run 1160/548000] ✅ Saved: nist_libs_1.0_wt_CeCl3_and_3.0_wt_SmCl3_and_5.0_wt_MgCl2.csv
[Run 1161/548000] ✅ Saved: nist_libs_1.0_wt_CeCl3_and_3.5_wt_SmCl3_and_0.5_wt_MgCl2.csv
[Run 1162/548000] ✅ Saved: nist_libs_1.0_wt_CeCl3_and_3.5_wt_SmCl3_and_1.0_wt_MgCl2.csv
[Run 1163/548000] ✅ Saved: nist_libs_1.0_wt_CeCl3_and_3.5_wt_SmCl3_and_1.5_wt_MgCl2.csv
[Run 1165/548000] ✅ Saved: nist_libs_1.0_wt_CeCl3_and_3.5_wt_SmCl3_and_2.5_wt_MgCl2.csv
[Run 1164/548000] ✅ Saved: nist_libs_1.0_wt_CeCl3_and_3.5_wt_SmCl3_and_2.0_wt_MgCl2.csv
[Run 1166/548000] ✅ Saved: nist_libs_1.0_wt_CeCl3_and_3.5_wt_SmCl3_and_3.0_wt_MgCl2.csv
[Run 1167/548000] ✅ Saved: nist_libs_1.0_wt_CeCl3_and_3.5_wt_SmCl3_and_3.5_wt_MgCl2.csv
[Run 1168/548000] ✅ Saved: nist_libs_1.0_wt_CeCl3_and_3.5_wt_SmCl3_and_4.0_wt_MgCl2.csv
[Run 1169/548000] ✅ Saved: nist_libs_1.0_wt_CeCl3_and_3.5_wt_SmCl3_and_4.5_wt_MgCl2.csv
[Run 1170/548000] ✅ Saved: nist_libs_1.0_wt_CeCl3_and_3.5_wt_SmCl3_and_5.0_wt_MgCl2.csv
[Run 1171/548000] ✅ Saved: nist_libs_1.0_wt_CeCl3_and_4.0_wt_SmCl3_and_0.5_wt_MgCl2.csv
[Run 1172/548000] ✅ Saved: nist_libs_1.0_wt_CeCl3_and_4.0_wt_SmCl3_and_1.0_wt_MgCl2.csv
[Run 1173/548000] ✅ Saved: nist_libs_1.0_wt_CeCl3_and_4.0_wt_SmCl3_and_1.5_wt_MgCl2.csv
[Run 1174/548000] ✅ Saved: nist_libs_1.0_wt_CeCl3_and_4.0_wt_SmCl3_and_2.0_wt_MgCl2.csv
[Run 1175/548000] ✅ Saved: nist_libs_1.0_wt_CeCl3_and_4.0_wt_SmCl3_and_2.5_wt_MgCl2.csv
[Run 1176/548000] ✅ Saved: nist_libs_1.0_wt_CeCl3_and_4.0_wt_SmCl3_and_3.0_wt_MgCl2.csv
[Run 1177/548000] ✅ Saved: nist_libs_1.0_wt_CeCl3_and_4.0_wt_SmCl3_and_3.5_wt_MgCl2.csv
[Run 1178/548000] ✅ Saved: nist_libs_1.0_wt_CeCl3_and_4.0_wt_SmCl3_and_4.0_wt_MgCl2.csv
[Run 1179/548000] ✅ Saved: nist_libs_1.0_wt_CeCl3_and_4.0_wt_SmCl3_and_4.5_wt_MgCl2.csv
[Run 1180/548000] ✅ Saved: nist_libs_1.0_wt_CeCl3_and_4.0_wt_SmCl3_and_5.0_wt_MgCl2.csv
[Run 1181/548000] ✅ Saved: nist_libs_1.0_wt_CeCl3_and_4.5_wt_SmCl3_and_0.5_wt_MgCl2.csv
[Run 1182/548000] ✅ Saved: nist_libs_1.0_wt_CeCl3_and_4.5_wt_SmCl3_and_1.0_wt_MgCl2.csv
[Run 1184/548000] ✅ Saved: nist_libs_1.0_wt_CeCl3_and_4.5_wt_SmCl3_and_2.0_wt_MgCl2.csv
[Run 1183/548000] ✅ Saved: nist_libs_1.0_wt_CeCl3_and_4.5_wt_SmCl3_and_1.5_wt_MgCl2.csv
[Run 1185/548000] ✅ Saved: nist_libs_1.0_wt_CeCl3_and_4.5_wt_SmCl3_and_2.5_wt_MgCl2.csv
[Run 1186/548000] ✅ Saved: nist_libs_1.0_wt_CeCl3_and_4.5_wt_SmCl3_and_3.0_wt_MgCl2.csv
[Run 1188/548000] ✅ Saved: nist_libs_1.0_wt_CeCl3_and_4.5_wt_SmCl3_and_4.0_wt_MgCl2.csv
[Run 1189/548000] ✅ Saved: nist_libs_1.0_wt_CeCl3_and_4.5_wt_SmCl3_and_4.5_wt_MgCl2.csv
[Run 1187/548000] ✅ Saved: nist_libs_1.0_wt_CeCl3_and_4.5_wt_SmCl3_and_3.5_wt_MgCl2.csv
[Run 1190/548000] ✅ Saved: nist_libs_1.0_wt_CeCl3_and_4.5_wt_SmCl3_and_5.0_wt_MgCl2.csv
[Run 1193/548000] ✅ Saved: nist_libs_1.0_wt_CeCl3_and_5.0_wt_SmCl3_and_1.5_wt_MgCl2.csv
[Run 1192/548000] ✅ Saved: nist_libs_1.0_wt_CeCl3_and_5.0_wt_SmCl3_and_1.0_wt_MgCl2.csv
[Run 1191/548000] ✅ Saved: nist_libs_1.0_wt_CeCl3_and_5.0_wt_SmCl3_and_0.5_wt_MgCl2.csv
[Run 1194/548000] ✅ Saved: nist_libs_1.0_wt_CeCl3_and_5.0_wt_SmCl3_and_2.0_wt_MgCl2.csv
[Run 1196/548000] ✅ Saved: nist_libs_1.0_wt_CeCl3_and_5.0_wt_SmCl3_and_3.0_wt_MgCl2.csv
[Run 1197/548000] ✅ Saved: nist_libs_1.0_wt_CeCl3_and_5.0_wt_SmCl3_and_3.5_wt_MgCl2.csv
[Run 1195/548000] ✅ Saved: nist_libs_1.0_wt_CeCl3_and_5.0_wt_SmCl3_and_2.5_wt_MgCl2.csv
[Run 1198/548000] ✅ Saved: nist_libs_1.0_wt_CeCl3_and_5.0_wt_SmCl3_and_4.0_wt_MgCl2.csv
[Run 1199/548000] ✅ Saved: nist_libs_1.0_wt_CeCl3_and_5.0_wt_SmCl3_and_4.5_wt_MgCl2.csv
[Run 1201/548000] ✅ Saved: nist_libs_1.5_wt_CeCl3_and_0.5_wt_SmCl3_and_0.5_wt_MgCl2.csv
[Run 1200/548000] ✅ Saved: nist_libs_1.0_wt_CeCl3_and_5.0_wt_SmCl3_and_5.0_wt_MgCl2.csv
[Run 1202/548000] ✅ Saved: nist_libs_1.5_wt_CeCl3_and_0.5_wt_SmCl3_and_1.0_wt_MgCl2.csv
[Run 1203/548000] ✅ Saved: nist_libs_1.5_wt_CeCl3_and_0.5_wt_SmCl3_and_1.5_wt_MgCl2.csv
[Run 1204/548000] ✅ Saved: nist_libs_1.5_wt_CeCl3_and_0.5_wt_SmCl3_and_2.0_wt_MgCl2.csv
[Run 1205/548000] ✅ Saved: nist_libs_1.5_wt_CeCl3_and_0.5_wt_SmCl3_and_2.5_wt_MgCl2.csv
[Run 1206/548000] ✅ Saved: nist_libs_1.5_wt_CeCl3_and_0.5_wt_SmCl3_and_3.0_wt_MgCl2.csv
[Run 1207/548000] ✅ Saved: nist_libs_1.5_wt_CeCl3_and_0.5_wt_SmCl3_and_3.5_wt_MgCl2.csv
[Run 1208/548000] ✅ Saved: nist_libs_1.5_wt_CeCl3_and_0.5_wt_SmCl3_and_4.0_wt_MgCl2.csv
[Run 1209/548000] ✅ Saved: nist_libs_1.5_wt_CeCl3_and_0.5_wt_SmCl3_and_4.5_wt_MgCl2.csv
 -> Warning: Response received, but "var lines" data block wasn't found.
[Run 1210/548000] ✅ Saved: nist_libs_1.5_wt_CeCl3_and_0.5_wt_SmCl3_and_5.0_wt_MgCl2.csv
[Run 1211/548000] ✅ Saved: nist_libs_1.5_wt_CeCl3_and_1.0_wt_SmCl3_and_0.5_wt_MgCl2.csv
 -> Warning: Response received, but "var lines" data block wasn't found.
 -> Warning: Response received, but "var lines" data block wasn't found.
 -> Warning: Response received, but "var lines" data block wasn't found.
 -> Warning: Response received, but "var lines" data block wasn't found.
 -> Warning: Response received, but "var lines" data block wasn't found.
[Run 1219/548000] ✅ Saved: nist_libs_1.5_wt_CeCl3_and_1.0_wt_SmCl3_and_4.5_wt_MgCl2.csv
[Run 1218/548000] ✅ Saved: nist_libs_1.5_wt_CeCl3_and_1.0_wt_SmCl3_and_4.0_wt_MgCl2.csv
[Run 1220/548000] ✅ Saved: nist_libs_1.5_wt_CeCl3_and_1.0_wt_SmCl3_and_5.0_wt_MgCl2.csv
[Run 1221/548000] ✅ Saved: nist_libs_1.5_wt_CeCl3_and_1.5_wt_SmCl3_and_0.5_wt_MgCl2.csv
[Run 1222/548000] ✅ Saved: nist_libs_1.5_wt_CeCl3_and_1.5_wt_SmCl3_and_1.0_wt_MgCl2.csv
[Run 1223/548000] ✅ Saved: nist_libs_1.5_wt_CeCl3_and_1.5_wt_SmCl3_and_1.5_wt_MgCl2.csv
[Run 1225/548000] ✅ Saved: nist_libs_1.5_wt_CeCl3_and_1.5_wt_SmCl3_and_2.5_wt_MgCl2.csv
[Run 1224/548000] ✅ Saved: nist_libs_1.5_wt_CeCl3_and_1.5_wt_SmCl3_and_2.0_wt_MgCl2.csv
[Run 1226/548000] ✅ Saved: nist_libs_1.5_wt_CeCl3_and_1.5_wt_SmCl3_and_3.0_wt_MgCl2.csv
[Run 1227/548000] ✅ Saved: nist_libs_1.5_wt_CeCl3_and_1.5_wt_SmCl3_and_3.5_wt_MgCl2.csv
[Run 1228/548000] ✅ Saved: nist_libs_1.5_wt_CeCl3_and_1.5_wt_SmCl3_and_4.0_wt_MgCl2.csv
[Run 1230/548000] ✅ Saved: nist_libs_1.5_wt_CeCl3_and_1.5_wt_SmCl3_and_5.0_wt_MgCl2.csv
[Run 1229/548000] ✅ Saved: nist_libs_1.5_wt_CeCl3_and_1.5_wt_SmCl3_and_4.5_wt_MgCl2.csv
[Run 1231/548000] ✅ Saved: nist_libs_1.5_wt_CeCl3_and_2.0_wt_SmCl3_and_0.5_wt_MgCl2.csv
[Run 1234/548000] ✅ Saved: nist_libs_1.5_wt_CeCl3_and_2.0_wt_SmCl3_and_2.0_wt_MgCl2.csv
[Run 1233/548000] ✅ Saved: nist_libs_1.5_wt_CeCl3_and_2.0_wt_SmCl3_and_1.5_wt_MgCl2.csv
[Run 1232/548000] ✅ Saved: nist_libs_1.5_wt_CeCl3_and_2.0_wt_SmCl3_and_1.0_wt_MgCl2.csv
[Run 1235/548000] ✅ Saved: nist_libs_1.5_wt_CeCl3_and_2.0_wt_SmCl3_and_2.5_wt_MgCl2.csv
[Run 1236/548000] ✅ Saved: nist_libs_1.5_wt_CeCl3_and_2.0_wt_SmCl3_and_3.0_wt_MgCl2.csv
[Run 1237/548000] ✅ Saved: nist_libs_1.5_wt_CeCl3_and_2.0_wt_SmCl3_and_3.5_wt_MgCl2.csv
[Run 1239/548000] ✅ Saved: nist_libs_1.5_wt_CeCl3_and_2.0_wt_SmCl3_and_4.5_wt_MgCl2.csv
[Run 1240/548000] ✅ Saved: nist_libs_1.5_wt_CeCl3_and_2.0_wt_SmCl3_and_5.0_wt_MgCl2.csv
[Run 1238/548000] ✅ Saved: nist_libs_1.5_wt_CeCl3_and_2.0_wt_SmCl3_and_4.0_wt_MgCl2.csv
[Run 1241/548000] ✅ Saved: nist_libs_1.5_wt_CeCl3_and_2.5_wt_SmCl3_and_0.5_wt_MgCl2.csv
[Run 1244/548000] ✅ Saved: nist_libs_1.5_wt_CeCl3_and_2.5_wt_SmCl3_and_2.0_wt_MgCl2.csv
[Run 1243/548000] ✅ Saved: nist_libs_1.5_wt_CeCl3_and_2.5_wt_SmCl3_and_1.5_wt_MgCl2.csv
[Run 1242/548000] ✅ Saved: nist_libs_1.5_wt_CeCl3_and_2.5_wt_SmCl3_and_1.0_wt_MgCl2.csv
[Run 1245/548000] ✅ Saved: nist_libs_1.5_wt_CeCl3_and_2.5_wt_SmCl3_and_2.5_wt_MgCl2.csv
[Run 1246/548000] ✅ Saved: nist_libs_1.5_wt_CeCl3_and_2.5_wt_SmCl3_and_3.0_wt_MgCl2.csv
[Run 1248/548000] ✅ Saved: nist_libs_1.5_wt_CeCl3_and_2.5_wt_SmCl3_and_4.0_wt_MgCl2.csv
[Run 1247/548000] ✅ Saved: nist_libs_1.5_wt_CeCl3_and_2.5_wt_SmCl3_and_3.5_wt_MgCl2.csv
[Run 1249/548000] ✅ Saved: nist_libs_1.5_wt_CeCl3_and_2.5_wt_SmCl3_and_4.5_wt_MgCl2.csv
[Run 1252/548000] ✅ Saved: nist_libs_1.5_wt_CeCl3_and_3.0_wt_SmCl3_and_1.0_wt_MgCl2.csv
[Run 1250/548000] ✅ Saved: nist_libs_1.5_wt_CeCl3_and_2.5_wt_SmCl3_and_5.0_wt_MgCl2.csv
[Run 1251/548000] ✅ Saved: nist_libs_1.5_wt_CeCl3_and_3.0_wt_SmCl3_and_0.5_wt_MgCl2.csv
[Run 1253/548000] ✅ Saved: nist_libs_1.5_wt_CeCl3_and_3.0_wt_SmCl3_and_1.5_wt_MgCl2.csv
[Run 1255/548000] ✅ Saved: nist_libs_1.5_wt_CeCl3_and_3.0_wt_SmCl3_and_2.5_wt_MgCl2.csv
[Run 1254/548000] ✅ Saved: nist_libs_1.5_wt_CeCl3_and_3.0_wt_SmCl3_and_2.0_wt_MgCl2.csv
[Run 1256/548000] ✅ Saved: nist_libs_1.5_wt_CeCl3_and_3.0_wt_SmCl3_and_3.0_wt_MgCl2.csv
[Run 1257/548000] ✅ Saved: nist_libs_1.5_wt_CeCl3_and_3.0_wt_SmCl3_and_3.5_wt_MgCl2.csv
[Run 1258/548000] ✅ Saved: nist_libs_1.5_wt_CeCl3_and_3.0_wt_SmCl3_and_4.0_wt_MgCl2.csv
[Run 1259/548000] ✅ Saved: nist_libs_1.5_wt_CeCl3_and_3.0_wt_SmCl3_and_4.5_wt_MgCl2.csv
[Run 1260/548000] ✅ Saved: nist_libs_1.5_wt_CeCl3_and_3.0_wt_SmCl3_and_5.0_wt_MgCl2.csv
[Run 1261/548000] ✅ Saved: nist_libs_1.5_wt_CeCl3_and_3.5_wt_SmCl3_and_0.5_wt_MgCl2.csv
[Run 1262/548000] ✅ Saved: nist_libs_1.5_wt_CeCl3_and_3.5_wt_SmCl3_and_1.0_wt_MgCl2.csv
[Run 1263/548000] ✅ Saved: nist_libs_1.5_wt_CeCl3_and_3.5_wt_SmCl3_and_1.5_wt_MgCl2.csv
[Run 1264/548000] ✅ Saved: nist_libs_1.5_wt_CeCl3_and_3.5_wt_SmCl3_and_2.0_wt_MgCl2.csv
[Run 1266/548000] ✅ Saved: nist_libs_1.5_wt_CeCl3_and_3.5_wt_SmCl3_and_3.0_wt_MgCl2.csv
[Run 1265/548000] ✅ Saved: nist_libs_1.5_wt_CeCl3_and_3.5_wt_SmCl3_and_2.5_wt_MgCl2.csv
[Run 1267/548000] ✅ Saved: nist_libs_1.5_wt_CeCl3_and_3.5_wt_SmCl3_and_3.5_wt_MgCl2.csv
[Run 1268/548000] ✅ Saved: nist_libs_1.5_wt_CeCl3_and_3.5_wt_SmCl3_and_4.0_wt_MgCl2.csv
[Run 1270/548000] ✅ Saved: nist_libs_1.5_wt_CeCl3_and_3.5_wt_SmCl3_and_5.0_wt_MgCl2.csv
[Run 1269/548000] ✅ Saved: nist_libs_1.5_wt_CeCl3_and_3.5_wt_SmCl3_and_4.5_wt_MgCl2.csv
[Run 1271/548000] ✅ Saved: nist_libs_1.5_wt_CeCl3_and_4.0_wt_SmCl3_and_0.5_wt_MgCl2.csv
[Run 1272/548000] ✅ Saved: nist_libs_1.5_wt_CeCl3_and_4.0_wt_SmCl3_and_1.0_wt_MgCl2.csv
[Run 1274/548000] ✅ Saved: nist_libs_1.5_wt_CeCl3_and_4.0_wt_SmCl3_and_2.0_wt_MgCl2.csv
[Run 1273/548000] ✅ Saved: nist_libs_1.5_wt_CeCl3_and_4.0_wt_SmCl3_and_1.5_wt_MgCl2.csv
[Run 1275/548000] ✅ Saved: nist_libs_1.5_wt_CeCl3_and_4.0_wt_SmCl3_and_2.5_wt_MgCl2.csv
[Run 1276/548000] ✅ Saved: nist_libs_1.5_wt_CeCl3_and_4.0_wt_SmCl3_and_3.0_wt_MgCl2.csv
[Run 1279/548000] ✅ Saved: nist_libs_1.5_wt_CeCl3_and_4.0_wt_SmCl3_and_4.5_wt_MgCl2.csv
[Run 1277/548000] ✅ Saved: nist_libs_1.5_wt_CeCl3_and_4.0_wt_SmCl3_and_3.5_wt_MgCl2.csv
[Run 1278/548000] ✅ Saved: nist_libs_1.5_wt_CeCl3_and_4.0_wt_SmCl3_and_4.0_wt_MgCl2.csv
[Run 1280/548000] ✅ Saved: nist_libs_1.5_wt_CeCl3_and_4.0_wt_SmCl3_and_5.0_wt_MgCl2.csv
[Run 1281/548000] ✅ Saved: nist_libs_1.5_wt_CeCl3_and_4.5_wt_SmCl3_and_0.5_wt_MgCl2.csv
[Run 1282/548000] ✅ Saved: nist_libs_1.5_wt_CeCl3_and_4.5_wt_SmCl3_and_1.0_wt_MgCl2.csv
[Run 1283/548000] ✅ Saved: nist_libs_1.5_wt_CeCl3_and_4.5_wt_SmCl3_and_1.5_wt_MgCl2.csv
[Run 1284/548000] ✅ Saved: nist_libs_1.5_wt_CeCl3_and_4.5_wt_SmCl3_and_2.0_wt_MgCl2.csv
[Run 1285/548000] ✅ Saved: nist_libs_1.5_wt_CeCl3_and_4.5_wt_SmCl3_and_2.5_wt_MgCl2.csv
[Run 1286/548000] ✅ Saved: nist_libs_1.5_wt_CeCl3_and_4.5_wt_SmCl3_and_3.0_wt_MgCl2.csv
[Run 1287/548000] ✅ Saved: nist_libs_1.5_wt_CeCl3_and_4.5_wt_SmCl3_and_3.5_wt_MgCl2.csv
[Run 1288/548000] ✅ Saved: nist_libs_1.5_wt_CeCl3_and_4.5_wt_SmCl3_and_4.0_wt_MgCl2.csv
[Run 1289/548000] ✅ Saved: nist_libs_1.5_wt_CeCl3_and_4.5_wt_SmCl3_and_4.5_wt_MgCl2.csv
[Run 1290/548000] ✅ Saved: nist_libs_1.5_wt_CeCl3_and_4.5_wt_SmCl3_and_5.0_wt_MgCl2.csv
[Run 1291/548000] ✅ Saved: nist_libs_1.5_wt_CeCl3_and_5.0_wt_SmCl3_and_0.5_wt_MgCl2.csv
[Run 1292/548000] ✅ Saved: nist_libs_1.5_wt_CeCl3_and_5.0_wt_SmCl3_and_1.0_wt_MgCl2.csv
[Run 1293/548000] ✅ Saved: nist_libs_1.5_wt_CeCl3_and_5.0_wt_SmCl3_and_1.5_wt_MgCl2.csv
[Run 1294/548000] ✅ Saved: nist_libs_1.5_wt_CeCl3_and_5.0_wt_SmCl3_and_2.0_wt_MgCl2.csv
[Run 1296/548000] ✅ Saved: nist_libs_1.5_wt_CeCl3_and_5.0_wt_SmCl3_and_3.0_wt_MgCl2.csv
[Run 1295/548000] ✅ Saved: nist_libs_1.5_wt_CeCl3_and_5.0_wt_SmCl3_and_2.5_wt_MgCl2.csv
[Run 1297/548000] ✅ Saved: nist_libs_1.5_wt_CeCl3_and_5.0_wt_SmCl3_and_3.5_wt_MgCl2.csv
[Run 1298/548000] ✅ Saved: nist_libs_1.5_wt_CeCl3_and_5.0_wt_SmCl3_and_4.0_wt_MgCl2.csv
[Run 1299/548000] ✅ Saved: nist_libs_1.5_wt_CeCl3_and_5.0_wt_SmCl3_and_4.5_wt_MgCl2.csv
[Run 1300/548000] ✅ Saved: nist_libs_1.5_wt_CeCl3_and_5.0_wt_SmCl3_and_5.0_wt_MgCl2.csv
[Run 1301/548000] ✅ Saved: nist_libs_2.0_wt_CeCl3_and_0.5_wt_SmCl3_and_0.5_wt_MgCl2.csv
[Run 1302/548000] ✅ Saved: nist_libs_2.0_wt_CeCl3_and_0.5_wt_SmCl3_and_1.0_wt_MgCl2.csv
[Run 1303/548000] ✅ Saved: nist_libs_2.0_wt_CeCl3_and_0.5_wt_SmCl3_and_1.5_wt_MgCl2.csv
[Run 1304/548000] ✅ Saved: nist_libs_2.0_wt_CeCl3_and_0.5_wt_SmCl3_and_2.0_wt_MgCl2.csv
[Run 1305/548000] ✅ Saved: nist_libs_2.0_wt_CeCl3_and_0.5_wt_SmCl3_and_2.5_wt_MgCl2.csv
[Run 1306/548000] ✅ Saved: nist_libs_2.0_wt_CeCl3_and_0.5_wt_SmCl3_and_3.0_wt_MgCl2.csv
[Run 1307/548000] ✅ Saved: nist_libs_2.0_wt_CeCl3_and_0.5_wt_SmCl3_and_3.5_wt_MgCl2.csv
[Run 1308/548000] ✅ Saved: nist_libs_2.0_wt_CeCl3_and_0.5_wt_SmCl3_and_4.0_wt_MgCl2.csv
[Run 1309/548000] ✅ Saved: nist_libs_2.0_wt_CeCl3_and_0.5_wt_SmCl3_and_4.5_wt_MgCl2.csv
[Run 1310/548000] ✅ Saved: nist_libs_2.0_wt_CeCl3_and_0.5_wt_SmCl3_and_5.0_wt_MgCl2.csv
[Run 1312/548000] ✅ Saved: nist_libs_2.0_wt_CeCl3_and_1.0_wt_SmCl3_and_1.0_wt_MgCl2.csv
[Run 1311/548000] ✅ Saved: nist_libs_2.0_wt_CeCl3_and_1.0_wt_SmCl3_and_0.5_wt_MgCl2.csv
[Run 1313/548000] ✅ Saved: nist_libs_2.0_wt_CeCl3_and_1.0_wt_SmCl3_and_1.5_wt_MgCl2.csv
[Run 1314/548000] ✅ Saved: nist_libs_2.0_wt_CeCl3_and_1.0_wt_SmCl3_and_2.0_wt_MgCl2.csv
[Run 1315/548000] ✅ Saved: nist_libs_2.0_wt_CeCl3_and_1.0_wt_SmCl3_and_2.5_wt_MgCl2.csv
[Run 1316/548000] ✅ Saved: nist_libs_2.0_wt_CeCl3_and_1.0_wt_SmCl3_and_3.0_wt_MgCl2.csv
[Run 1317/548000] ✅ Saved: nist_libs_2.0_wt_CeCl3_and_1.0_wt_SmCl3_and_3.5_wt_MgCl2.csv
[Run 1318/548000] ✅ Saved: nist_libs_2.0_wt_CeCl3_and_1.0_wt_SmCl3_and_4.0_wt_MgCl2.csv
[Run 1319/548000] ✅ Saved: nist_libs_2.0_wt_CeCl3_and_1.0_wt_SmCl3_and_4.5_wt_MgCl2.csv
[Run 1320/548000] ✅ Saved: nist_libs_2.0_wt_CeCl3_and_1.0_wt_SmCl3_and_5.0_wt_MgCl2.csv
[Run 1321/548000] ✅ Saved: nist_libs_2.0_wt_CeCl3_and_1.5_wt_SmCl3_and_0.5_wt_MgCl2.csv
[Run 1322/548000] ✅ Saved: nist_libs_2.0_wt_CeCl3_and_1.5_wt_SmCl3_and_1.0_wt_MgCl2.csv
[Run 1323/548000] ✅ Saved: nist_libs_2.0_wt_CeCl3_and_1.5_wt_SmCl3_and_1.5_wt_MgCl2.csv
[Run 1324/548000] ✅ Saved: nist_libs_2.0_wt_CeCl3_and_1.5_wt_SmCl3_and_2.0_wt_MgCl2.csv
[Run 1325/548000] ✅ Saved: nist_libs_2.0_wt_CeCl3_and_1.5_wt_SmCl3_and_2.5_wt_MgCl2.csv
[Run 1326/548000] ✅ Saved: nist_libs_2.0_wt_CeCl3_and_1.5_wt_SmCl3_and_3.0_wt_MgCl2.csv
[Run 1327/548000] ✅ Saved: nist_libs_2.0_wt_CeCl3_and_1.5_wt_SmCl3_and_3.5_wt_MgCl2.csv
[Run 1328/548000] ✅ Saved: nist_libs_2.0_wt_CeCl3_and_1.5_wt_SmCl3_and_4.0_wt_MgCl2.csv
[Run 1329/548000] ✅ Saved: nist_libs_2.0_wt_CeCl3_and_1.5_wt_SmCl3_and_4.5_wt_MgCl2.csv
[Run 1330/548000] ✅ Saved: nist_libs_2.0_wt_CeCl3_and_1.5_wt_SmCl3_and_5.0_wt_MgCl2.csv
[Run 1331/548000] ✅ Saved: nist_libs_2.0_wt_CeCl3_and_2.0_wt_SmCl3_and_0.5_wt_MgCl2.csv
[Run 1332/548000] ✅ Saved: nist_libs_2.0_wt_CeCl3_and_2.0_wt_SmCl3_and_1.0_wt_MgCl2.csv
[Run 1333/548000] ✅ Saved: nist_libs_2.0_wt_CeCl3_and_2.0_wt_SmCl3_and_1.5_wt_MgCl2.csv
[Run 1334/548000] ✅ Saved: nist_libs_2.0_wt_CeCl3_and_2.0_wt_SmCl3_and_2.0_wt_MgCl2.csv
[Run 1335/548000] ✅ Saved: nist_libs_2.0_wt_CeCl3_and_2.0_wt_SmCl3_and_2.5_wt_MgCl2.csv
[Run 1336/548000] ✅ Saved: nist_libs_2.0_wt_CeCl3_and_2.0_wt_SmCl3_and_3.0_wt_MgCl2.csv
[Run 1337/548000] ✅ Saved: nist_libs_2.0_wt_CeCl3_and_2.0_wt_SmCl3_and_3.5_wt_MgCl2.csv
[Run 1338/548000] ✅ Saved: nist_libs_2.0_wt_CeCl3_and_2.0_wt_SmCl3_and_4.0_wt_MgCl2.csv
[Run 1339/548000] ✅ Saved: nist_libs_2.0_wt_CeCl3_and_2.0_wt_SmCl3_and_4.5_wt_MgCl2.csv
[Run 1340/548000] ✅ Saved: nist_libs_2.0_wt_CeCl3_and_2.0_wt_SmCl3_and_5.0_wt_MgCl2.csv
[Run 1341/548000] ✅ Saved: nist_libs_2.0_wt_CeCl3_and_2.5_wt_SmCl3_and_0.5_wt_MgCl2.csv
[Run 1342/548000] ✅ Saved: nist_libs_2.0_wt_CeCl3_and_2.5_wt_SmCl3_and_1.0_wt_MgCl2.csv
[Run 1343/548000] ✅ Saved: nist_libs_2.0_wt_CeCl3_and_2.5_wt_SmCl3_and_1.5_wt_MgCl2.csv
[Run 1344/548000] ✅ Saved: nist_libs_2.0_wt_CeCl3_and_2.5_wt_SmCl3_and_2.0_wt_MgCl2.csv
[Run 1345/548000] ✅ Saved: nist_libs_2.0_wt_CeCl3_and_2.5_wt_SmCl3_and_2.5_wt_MgCl2.csv
[Run 1347/548000] ✅ Saved: nist_libs_2.0_wt_CeCl3_and_2.5_wt_SmCl3_and_3.5_wt_MgCl2.csv
[Run 1346/548000] ✅ Saved: nist_libs_2.0_wt_CeCl3_and_2.5_wt_SmCl3_and_3.0_wt_MgCl2.csv
[Run 1348/548000] ✅ Saved: nist_libs_2.0_wt_CeCl3_and_2.5_wt_SmCl3_and_4.0_wt_MgCl2.csv
[Run 1349/548000] ✅ Saved: nist_libs_2.0_wt_CeCl3_and_2.5_wt_SmCl3_and_4.5_wt_MgCl2.csv
[Run 1350/548000] ✅ Saved: nist_libs_2.0_wt_CeCl3_and_2.5_wt_SmCl3_and_5.0_wt_MgCl2.csv
[Run 1351/548000] ✅ Saved: nist_libs_2.0_wt_CeCl3_and_3.0_wt_SmCl3_and_0.5_wt_MgCl2.csv
[Run 1352/548000] ✅ Saved: nist_libs_2.0_wt_CeCl3_and_3.0_wt_SmCl3_and_1.0_wt_MgCl2.csv
[Run 1353/548000] ✅ Saved: nist_libs_2.0_wt_CeCl3_and_3.0_wt_SmCl3_and_1.5_wt_MgCl2.csv
[Run 1354/548000] ✅ Saved: nist_libs_2.0_wt_CeCl3_and_3.0_wt_SmCl3_and_2.0_wt_MgCl2.csv
[Run 1355/548000] ✅ Saved: nist_libs_2.0_wt_CeCl3_and_3.0_wt_SmCl3_and_2.5_wt_MgCl2.csv
[Run 1356/548000] ✅ Saved: nist_libs_2.0_wt_CeCl3_and_3.0_wt_SmCl3_and_3.0_wt_MgCl2.csv
[Run 1358/548000] ✅ Saved: nist_libs_2.0_wt_CeCl3_and_3.0_wt_SmCl3_and_4.0_wt_MgCl2.csv
[Run 1359/548000] ✅ Saved: nist_libs_2.0_wt_CeCl3_and_3.0_wt_SmCl3_and_4.5_wt_MgCl2.csv
[Run 1357/548000] ✅ Saved: nist_libs_2.0_wt_CeCl3_and_3.0_wt_SmCl3_and_3.5_wt_MgCl2.csv
[Run 1360/548000] ✅ Saved: nist_libs_2.0_wt_CeCl3_and_3.0_wt_SmCl3_and_5.0_wt_MgCl2.csv
[Run 1362/548000] ✅ Saved: nist_libs_2.0_wt_CeCl3_and_3.5_wt_SmCl3_and_1.0_wt_MgCl2.csv
[Run 1361/548000] ✅ Saved: nist_libs_2.0_wt_CeCl3_and_3.5_wt_SmCl3_and_0.5_wt_MgCl2.csv
[Run 1363/548000] ✅ Saved: nist_libs_2.0_wt_CeCl3_and_3.5_wt_SmCl3_and_1.5_wt_MgCl2.csv
[Run 1365/548000] ✅ Saved: nist_libs_2.0_wt_CeCl3_and_3.5_wt_SmCl3_and_2.5_wt_MgCl2.csv
[Run 1366/548000] ✅ Saved: nist_libs_2.0_wt_CeCl3_and_3.5_wt_SmCl3_and_3.0_wt_MgCl2.csv
[Run 1364/548000] ✅ Saved: nist_libs_2.0_wt_CeCl3_and_3.5_wt_SmCl3_and_2.0_wt_MgCl2.csv
[Run 1367/548000] ✅ Saved: nist_libs_2.0_wt_CeCl3_and_3.5_wt_SmCl3_and_3.5_wt_MgCl2.csv
[Run 1368/548000] ✅ Saved: nist_libs_2.0_wt_CeCl3_and_3.5_wt_SmCl3_and_4.0_wt_MgCl2.csv
[Run 1370/548000] ✅ Saved: nist_libs_2.0_wt_CeCl3_and_3.5_wt_SmCl3_and_5.0_wt_MgCl2.csv
[Run 1369/548000] ✅ Saved: nist_libs_2.0_wt_CeCl3_and_3.5_wt_SmCl3_and_4.5_wt_MgCl2.csv
[Run 1371/548000] ✅ Saved: nist_libs_2.0_wt_CeCl3_and_4.0_wt_SmCl3_and_0.5_wt_MgCl2.csv
[Run 1372/548000] ✅ Saved: nist_libs_2.0_wt_CeCl3_and_4.0_wt_SmCl3_and_1.0_wt_MgCl2.csv
[Run 1374/548000] ✅ Saved: nist_libs_2.0_wt_CeCl3_and_4.0_wt_SmCl3_and_2.0_wt_MgCl2.csv
[Run 1373/548000] ✅ Saved: nist_libs_2.0_wt_CeCl3_and_4.0_wt_SmCl3_and_1.5_wt_MgCl2.csv
[Run 1375/548000] ✅ Saved: nist_libs_2.0_wt_CeCl3_and_4.0_wt_SmCl3_and_2.5_wt_MgCl2.csv
[Run 1376/548000] ✅ Saved: nist_libs_2.0_wt_CeCl3_and_4.0_wt_SmCl3_and_3.0_wt_MgCl2.csv
[Run 1377/548000] ✅ Saved: nist_libs_2.0_wt_CeCl3_and_4.0_wt_SmCl3_and_3.5_wt_MgCl2.csv
[Run 1378/548000] ✅ Saved: nist_libs_2.0_wt_CeCl3_and_4.0_wt_SmCl3_and_4.0_wt_MgCl2.csv
[Run 1379/548000] ✅ Saved: nist_libs_2.0_wt_CeCl3_and_4.0_wt_SmCl3_and_4.5_wt_MgCl2.csv
[Run 1380/548000] ✅ Saved: nist_libs_2.0_wt_CeCl3_and_4.0_wt_SmCl3_and_5.0_wt_MgCl2.csv
[Run 1381/548000] ✅ Saved: nist_libs_2.0_wt_CeCl3_and_4.5_wt_SmCl3_and_0.5_wt_MgCl2.csv
[Run 1382/548000] ✅ Saved: nist_libs_2.0_wt_CeCl3_and_4.5_wt_SmCl3_and_1.0_wt_MgCl2.csv
[Run 1383/548000] ✅ Saved: nist_libs_2.0_wt_CeCl3_and_4.5_wt_SmCl3_and_1.5_wt_MgCl2.csv
[Run 1384/548000] ✅ Saved: nist_libs_2.0_wt_CeCl3_and_4.5_wt_SmCl3_and_2.0_wt_MgCl2.csv
[Run 1385/548000] ✅ Saved: nist_libs_2.0_wt_CeCl3_and_4.5_wt_SmCl3_and_2.5_wt_MgCl2.csv
[Run 1386/548000] ✅ Saved: nist_libs_2.0_wt_CeCl3_and_4.5_wt_SmCl3_and_3.0_wt_MgCl2.csv
[Run 1387/548000] ✅ Saved: nist_libs_2.0_wt_CeCl3_and_4.5_wt_SmCl3_and_3.5_wt_MgCl2.csv
[Run 1388/548000] ✅ Saved: nist_libs_2.0_wt_CeCl3_and_4.5_wt_SmCl3_and_4.0_wt_MgCl2.csv
[Run 1389/548000] ✅ Saved: nist_libs_2.0_wt_CeCl3_and_4.5_wt_SmCl3_and_4.5_wt_MgCl2.csv
[Run 1390/548000] ✅ Saved: nist_libs_2.0_wt_CeCl3_and_4.5_wt_SmCl3_and_5.0_wt_MgCl2.csv
[Run 1391/548000] ✅ Saved: nist_libs_2.0_wt_CeCl3_and_5.0_wt_SmCl3_and_0.5_wt_MgCl2.csv
[Run 1392/548000] ✅ Saved: nist_libs_2.0_wt_CeCl3_and_5.0_wt_SmCl3_and_1.0_wt_MgCl2.csv
[Run 1393/548000] ✅ Saved: nist_libs_2.0_wt_CeCl3_and_5.0_wt_SmCl3_and_1.5_wt_MgCl2.csv
[Run 1395/548000] ✅ Saved: nist_libs_2.0_wt_CeCl3_and_5.0_wt_SmCl3_and_2.5_wt_MgCl2.csv
[Run 1394/548000] ✅ Saved: nist_libs_2.0_wt_CeCl3_and_5.0_wt_SmCl3_and_2.0_wt_MgCl2.csv
[Run 1396/548000] ✅ Saved: nist_libs_2.0_wt_CeCl3_and_5.0_wt_SmCl3_and_3.0_wt_MgCl2.csv
[Run 1398/548000] ✅ Saved: nist_libs_2.0_wt_CeCl3_and_5.0_wt_SmCl3_and_4.0_wt_MgCl2.csv
[Run 1397/548000] ✅ Saved: nist_libs_2.0_wt_CeCl3_and_5.0_wt_SmCl3_and_3.5_wt_MgCl2.csv
[Run 1399/548000] ✅ Saved: nist_libs_2.0_wt_CeCl3_and_5.0_wt_SmCl3_and_4.5_wt_MgCl2.csv
[Run 1400/548000] ✅ Saved: nist_libs_2.0_wt_CeCl3_and_5.0_wt_SmCl3_and_5.0_wt_MgCl2.csv
[Run 1401/548000] ✅ Saved: nist_libs_2.5_wt_CeCl3_and_0.5_wt_SmCl3_and_0.5_wt_MgCl2.csv
[Run 1402/548000] ✅ Saved: nist_libs_2.5_wt_CeCl3_and_0.5_wt_SmCl3_and_1.0_wt_MgCl2.csv
[Run 1403/548000] ✅ Saved: nist_libs_2.5_wt_CeCl3_and_0.5_wt_SmCl3_and_1.5_wt_MgCl2.csv
[Run 1404/548000] ✅ Saved: nist_libs_2.5_wt_CeCl3_and_0.5_wt_SmCl3_and_2.0_wt_MgCl2.csv
[Run 1405/548000] ✅ Saved: nist_libs_2.5_wt_CeCl3_and_0.5_wt_SmCl3_and_2.5_wt_MgCl2.csv
[Run 1406/548000] ✅ Saved: nist_libs_2.5_wt_CeCl3_and_0.5_wt_SmCl3_and_3.0_wt_MgCl2.csv
[Run 1407/548000] ✅ Saved: nist_libs_2.5_wt_CeCl3_and_0.5_wt_SmCl3_and_3.5_wt_MgCl2.csv
[Run 1408/548000] ✅ Saved: nist_libs_2.5_wt_CeCl3_and_0.5_wt_SmCl3_and_4.0_wt_MgCl2.csv
[Run 1409/548000] ✅ Saved: nist_libs_2.5_wt_CeCl3_and_0.5_wt_SmCl3_and_4.5_wt_MgCl2.csv
[Run 1410/548000] ✅ Saved: nist_libs_2.5_wt_CeCl3_and_0.5_wt_SmCl3_and_5.0_wt_MgCl2.csv
[Run 1411/548000] ✅ Saved: nist_libs_2.5_wt_CeCl3_and_1.0_wt_SmCl3_and_0.5_wt_MgCl2.csv
[Run 1412/548000] ✅ Saved: nist_libs_2.5_wt_CeCl3_and_1.0_wt_SmCl3_and_1.0_wt_MgCl2.csv
[Run 1413/548000] ✅ Saved: nist_libs_2.5_wt_CeCl3_and_1.0_wt_SmCl3_and_1.5_wt_MgCl2.csv
[Run 1415/548000] ✅ Saved: nist_libs_2.5_wt_CeCl3_and_1.0_wt_SmCl3_and_2.5_wt_MgCl2.csv
[Run 1414/548000] ✅ Saved: nist_libs_2.5_wt_CeCl3_and_1.0_wt_SmCl3_and_2.0_wt_MgCl2.csv
[Run 1416/548000] ✅ Saved: nist_libs_2.5_wt_CeCl3_and_1.0_wt_SmCl3_and_3.0_wt_MgCl2.csv
[Run 1417/548000] ✅ Saved: nist_libs_2.5_wt_CeCl3_and_1.0_wt_SmCl3_and_3.5_wt_MgCl2.csv
[Run 1419/548000] ✅ Saved: nist_libs_2.5_wt_CeCl3_and_1.0_wt_SmCl3_and_4.5_wt_MgCl2.csv
[Run 1418/548000] ✅ Saved: nist_libs_2.5_wt_CeCl3_and_1.0_wt_SmCl3_and_4.0_wt_MgCl2.csv
[Run 1420/548000] ✅ Saved: nist_libs_2.5_wt_CeCl3_and_1.0_wt_SmCl3_and_5.0_wt_MgCl2.csv
[Run 1422/548000] ✅ Saved: nist_libs_2.5_wt_CeCl3_and_1.5_wt_SmCl3_and_1.0_wt_MgCl2.csv
[Run 1421/548000] ✅ Saved: nist_libs_2.5_wt_CeCl3_and_1.5_wt_SmCl3_and_0.5_wt_MgCl2.csv
[Run 1423/548000] ✅ Saved: nist_libs_2.5_wt_CeCl3_and_1.5_wt_SmCl3_and_1.5_wt_MgCl2.csv
[Run 1424/548000] ✅ Saved: nist_libs_2.5_wt_CeCl3_and_1.5_wt_SmCl3_and_2.0_wt_MgCl2.csv
