==========================================================
Job Started: Wed Sep  2 03:28:32 PM EDT 2026
Running on node: athena201
Job ID: 3077086
Scratch Directory: /tmp/slurm_3077086
==========================================================
NIST_data.py loading ...
🔍 Inspecting existing ZIP archives in persistent storage...
ℹ️ Found 56006 CSVs already packaged in ZIP files.
🔍 Pre-scanning grid to find uncompleted runs...
🚀 Found 508994 remaining simulation runs to execute.
⚡ Processing with 4 concurrent threads (1.2s worker delay)...
[Run 4/508994] ✅ Saved: nist_libs_0.5_wt_CeCl3_and_0.5_wt_SrCl2_and_5.0_wt_YCl3.csv
[Run 2/508994] ✅ Saved: nist_libs_0.5_wt_CeCl3_and_0.5_wt_SrCl2_and_4.0_wt_YCl3.csv
[Run 3/508994] ✅ Saved: nist_libs_0.5_wt_CeCl3_and_0.5_wt_SrCl2_and_4.5_wt_YCl3.csv
[Run 1/508994] ✅ Saved: nist_libs_0.5_wt_CeCl3_and_0.5_wt_SrCl2_and_3.5_wt_YCl3.csv
[Run 6/508994] ✅ Saved: nist_libs_0.5_wt_CeCl3_and_1.0_wt_SrCl2_and_1.0_wt_YCl3.csv
[Run 7/508994] ✅ Saved: nist_libs_0.5_wt_CeCl3_and_1.0_wt_SrCl2_and_1.5_wt_YCl3.csv
[Run 8/508994] ✅ Saved: nist_libs_0.5_wt_CeCl3_and_1.0_wt_SrCl2_and_2.0_wt_YCl3.csv
[Run 5/508994] ✅ Saved: nist_libs_0.5_wt_CeCl3_and_1.0_wt_SrCl2_and_0.5_wt_YCl3.csv
[Run 11/508994] ✅ Saved: nist_libs_0.5_wt_CeCl3_and_1.0_wt_SrCl2_and_3.5_wt_YCl3.csv
[Run 9/508994] ✅ Saved: nist_libs_0.5_wt_CeCl3_and_1.0_wt_SrCl2_and_2.5_wt_YCl3.csv
[Run 12/508994] ✅ Saved: nist_libs_0.5_wt_CeCl3_and_1.0_wt_SrCl2_and_4.0_wt_YCl3.csv
[Run 10/508994] ✅ Saved: nist_libs_0.5_wt_CeCl3_and_1.0_wt_SrCl2_and_3.0_wt_YCl3.csv
[Run 13/508994] ✅ Saved: nist_libs_0.5_wt_CeCl3_and_1.0_wt_SrCl2_and_4.5_wt_YCl3.csv
[Run 16/508994] ✅ Saved: nist_libs_0.5_wt_CeCl3_and_1.5_wt_SrCl2_and_1.0_wt_YCl3.csv
[Run 14/508994] ✅ Saved: nist_libs_0.5_wt_CeCl3_and_1.0_wt_SrCl2_and_5.0_wt_YCl3.csv
[Run 15/508994] ✅ Saved: nist_libs_0.5_wt_CeCl3_and_1.5_wt_SrCl2_and_0.5_wt_YCl3.csv
[Run 17/508994] ✅ Saved: nist_libs_0.5_wt_CeCl3_and_1.5_wt_SrCl2_and_1.5_wt_YCl3.csv
[Run 18/508994] ✅ Saved: nist_libs_0.5_wt_CeCl3_and_1.5_wt_SrCl2_and_2.0_wt_YCl3.csv
[Run 19/508994] ✅ Saved: nist_libs_0.5_wt_CeCl3_and_1.5_wt_SrCl2_and_2.5_wt_YCl3.csv
[Run 20/508994] ✅ Saved: nist_libs_0.5_wt_CeCl3_and_1.5_wt_SrCl2_and_3.0_wt_YCl3.csv
[Run 21/508994] ✅ Saved: nist_libs_0.5_wt_CeCl3_and_1.5_wt_SrCl2_and_3.5_wt_YCl3.csv
[Run 23/508994] ✅ Saved: nist_libs_0.5_wt_CeCl3_and_1.5_wt_SrCl2_and_4.5_wt_YCl3.csv
[Run 22/508994] ✅ Saved: nist_libs_0.5_wt_CeCl3_and_1.5_wt_SrCl2_and_4.0_wt_YCl3.csv
[Run 24/508994] ✅ Saved: nist_libs_0.5_wt_CeCl3_and_1.5_wt_SrCl2_and_5.0_wt_YCl3.csv
[Run 25/508994] ✅ Saved: nist_libs_0.5_wt_CeCl3_and_2.0_wt_SrCl2_and_0.5_wt_YCl3.csv
[Run 26/508994] ✅ Saved: nist_libs_0.5_wt_CeCl3_and_2.0_wt_SrCl2_and_1.0_wt_YCl3.csv
[Run 27/508994] ✅ Saved: nist_libs_0.5_wt_CeCl3_and_2.0_wt_SrCl2_and_1.5_wt_YCl3.csv
[Run 29/508994] ✅ Saved: nist_libs_0.5_wt_CeCl3_and_2.0_wt_SrCl2_and_2.5_wt_YCl3.csv
[Run 28/508994] ✅ Saved: nist_libs_0.5_wt_CeCl3_and_2.0_wt_SrCl2_and_2.0_wt_YCl3.csv
[Run 31/508994] ✅ Saved: nist_libs_0.5_wt_CeCl3_and_2.0_wt_SrCl2_and_3.5_wt_YCl3.csv
[Run 32/508994] ✅ Saved: nist_libs_0.5_wt_CeCl3_and_2.0_wt_SrCl2_and_4.0_wt_YCl3.csv
[Run 33/508994] ✅ Saved: nist_libs_0.5_wt_CeCl3_and_2.0_wt_SrCl2_and_4.5_wt_YCl3.csv
[Run 30/508994] ✅ Saved: nist_libs_0.5_wt_CeCl3_and_2.0_wt_SrCl2_and_3.0_wt_YCl3.csv
[Run 35/508994] ✅ Saved: nist_libs_0.5_wt_CeCl3_and_2.5_wt_SrCl2_and_0.5_wt_YCl3.csv
[Run 34/508994] ✅ Saved: nist_libs_0.5_wt_CeCl3_and_2.0_wt_SrCl2_and_5.0_wt_YCl3.csv
[Run 36/508994] ✅ Saved: nist_libs_0.5_wt_CeCl3_and_2.5_wt_SrCl2_and_1.0_wt_YCl3.csv
[Run 37/508994] ✅ Saved: nist_libs_0.5_wt_CeCl3_and_2.5_wt_SrCl2_and_1.5_wt_YCl3.csv
[Run 38/508994] ✅ Saved: nist_libs_0.5_wt_CeCl3_and_2.5_wt_SrCl2_and_2.0_wt_YCl3.csv
[Run 39/508994] ✅ Saved: nist_libs_0.5_wt_CeCl3_and_2.5_wt_SrCl2_and_2.5_wt_YCl3.csv
[Run 40/508994] ✅ Saved: nist_libs_0.5_wt_CeCl3_and_2.5_wt_SrCl2_and_3.0_wt_YCl3.csv
[Run 41/508994] ✅ Saved: nist_libs_0.5_wt_CeCl3_and_2.5_wt_SrCl2_and_3.5_wt_YCl3.csv
[Run 42/508994] ✅ Saved: nist_libs_0.5_wt_CeCl3_and_2.5_wt_SrCl2_and_4.0_wt_YCl3.csv
[Run 43/508994] ✅ Saved: nist_libs_0.5_wt_CeCl3_and_2.5_wt_SrCl2_and_4.5_wt_YCl3.csv
[Run 44/508994] ✅ Saved: nist_libs_0.5_wt_CeCl3_and_2.5_wt_SrCl2_and_5.0_wt_YCl3.csv
[Run 45/508994] ✅ Saved: nist_libs_0.5_wt_CeCl3_and_3.0_wt_SrCl2_and_0.5_wt_YCl3.csv
[Run 46/508994] ✅ Saved: nist_libs_0.5_wt_CeCl3_and_3.0_wt_SrCl2_and_1.0_wt_YCl3.csv
[Run 47/508994] ✅ Saved: nist_libs_0.5_wt_CeCl3_and_3.0_wt_SrCl2_and_1.5_wt_YCl3.csv
[Run 48/508994] ✅ Saved: nist_libs_0.5_wt_CeCl3_and_3.0_wt_SrCl2_and_2.0_wt_YCl3.csv
[Run 49/508994] ✅ Saved: nist_libs_0.5_wt_CeCl3_and_3.0_wt_SrCl2_and_2.5_wt_YCl3.csv
[Run 50/508994] ✅ Saved: nist_libs_0.5_wt_CeCl3_and_3.0_wt_SrCl2_and_3.0_wt_YCl3.csv
[Run 51/508994] ✅ Saved: nist_libs_0.5_wt_CeCl3_and_3.0_wt_SrCl2_and_3.5_wt_YCl3.csv
[Run 52/508994] ✅ Saved: nist_libs_0.5_wt_CeCl3_and_3.0_wt_SrCl2_and_4.0_wt_YCl3.csv
[Run 53/508994] ✅ Saved: nist_libs_0.5_wt_CeCl3_and_3.0_wt_SrCl2_and_4.5_wt_YCl3.csv
[Run 54/508994] ✅ Saved: nist_libs_0.5_wt_CeCl3_and_3.0_wt_SrCl2_and_5.0_wt_YCl3.csv
[Run 56/508994] ✅ Saved: nist_libs_0.5_wt_CeCl3_and_3.5_wt_SrCl2_and_1.0_wt_YCl3.csv
[Run 55/508994] ✅ Saved: nist_libs_0.5_wt_CeCl3_and_3.5_wt_SrCl2_and_0.5_wt_YCl3.csv
[Run 58/508994] ✅ Saved: nist_libs_0.5_wt_CeCl3_and_3.5_wt_SrCl2_and_2.0_wt_YCl3.csv
[Run 57/508994] ✅ Saved: nist_libs_0.5_wt_CeCl3_and_3.5_wt_SrCl2_and_1.5_wt_YCl3.csv
[Run 60/508994] ✅ Saved: nist_libs_0.5_wt_CeCl3_and_3.5_wt_SrCl2_and_3.0_wt_YCl3.csv
[Run 59/508994] ✅ Saved: nist_libs_0.5_wt_CeCl3_and_3.5_wt_SrCl2_and_2.5_wt_YCl3.csv
[Run 62/508994] ✅ Saved: nist_libs_0.5_wt_CeCl3_and_3.5_wt_SrCl2_and_4.0_wt_YCl3.csv
[Run 61/508994] ✅ Saved: nist_libs_0.5_wt_CeCl3_and_3.5_wt_SrCl2_and_3.5_wt_YCl3.csv
[Run 63/508994] ✅ Saved: nist_libs_0.5_wt_CeCl3_and_3.5_wt_SrCl2_and_4.5_wt_YCl3.csv
[Run 64/508994] ✅ Saved: nist_libs_0.5_wt_CeCl3_and_3.5_wt_SrCl2_and_5.0_wt_YCl3.csv
[Run 65/508994] ✅ Saved: nist_libs_0.5_wt_CeCl3_and_4.0_wt_SrCl2_and_0.5_wt_YCl3.csv
[Run 66/508994] ✅ Saved: nist_libs_0.5_wt_CeCl3_and_4.0_wt_SrCl2_and_1.0_wt_YCl3.csv
[Run 67/508994] ✅ Saved: nist_libs_0.5_wt_CeCl3_and_4.0_wt_SrCl2_and_1.5_wt_YCl3.csv
[Run 68/508994] ✅ Saved: nist_libs_0.5_wt_CeCl3_and_4.0_wt_SrCl2_and_2.0_wt_YCl3.csv
[Run 69/508994] ✅ Saved: nist_libs_0.5_wt_CeCl3_and_4.0_wt_SrCl2_and_2.5_wt_YCl3.csv
[Run 70/508994] ✅ Saved: nist_libs_0.5_wt_CeCl3_and_4.0_wt_SrCl2_and_3.0_wt_YCl3.csv
[Run 71/508994] ✅ Saved: nist_libs_0.5_wt_CeCl3_and_4.0_wt_SrCl2_and_3.5_wt_YCl3.csv
[Run 72/508994] ✅ Saved: nist_libs_0.5_wt_CeCl3_and_4.0_wt_SrCl2_and_4.0_wt_YCl3.csv
[Run 73/508994] ✅ Saved: nist_libs_0.5_wt_CeCl3_and_4.0_wt_SrCl2_and_4.5_wt_YCl3.csv
[Run 74/508994] ✅ Saved: nist_libs_0.5_wt_CeCl3_and_4.0_wt_SrCl2_and_5.0_wt_YCl3.csv
[Run 75/508994] ✅ Saved: nist_libs_0.5_wt_CeCl3_and_4.5_wt_SrCl2_and_0.5_wt_YCl3.csv
[Run 76/508994] ✅ Saved: nist_libs_0.5_wt_CeCl3_and_4.5_wt_SrCl2_and_1.0_wt_YCl3.csv
[Run 77/508994] ✅ Saved: nist_libs_0.5_wt_CeCl3_and_4.5_wt_SrCl2_and_1.5_wt_YCl3.csv
[Run 78/508994] ✅ Saved: nist_libs_0.5_wt_CeCl3_and_4.5_wt_SrCl2_and_2.0_wt_YCl3.csv
[Run 79/508994] ✅ Saved: nist_libs_0.5_wt_CeCl3_and_4.5_wt_SrCl2_and_2.5_wt_YCl3.csv
[Run 80/508994] ✅ Saved: nist_libs_0.5_wt_CeCl3_and_4.5_wt_SrCl2_and_3.0_wt_YCl3.csv
[Run 81/508994] ✅ Saved: nist_libs_0.5_wt_CeCl3_and_4.5_wt_SrCl2_and_3.5_wt_YCl3.csv
[Run 82/508994] ✅ Saved: nist_libs_0.5_wt_CeCl3_and_4.5_wt_SrCl2_and_4.0_wt_YCl3.csv
[Run 83/508994] ✅ Saved: nist_libs_0.5_wt_CeCl3_and_4.5_wt_SrCl2_and_4.5_wt_YCl3.csv
[Run 84/508994] ✅ Saved: nist_libs_0.5_wt_CeCl3_and_4.5_wt_SrCl2_and_5.0_wt_YCl3.csv
[Run 86/508994] ✅ Saved: nist_libs_0.5_wt_CeCl3_and_5.0_wt_SrCl2_and_1.0_wt_YCl3.csv
[Run 85/508994] ✅ Saved: nist_libs_0.5_wt_CeCl3_and_5.0_wt_SrCl2_and_0.5_wt_YCl3.csv
[Run 87/508994] ✅ Saved: nist_libs_0.5_wt_CeCl3_and_5.0_wt_SrCl2_and_1.5_wt_YCl3.csv
[Run 88/508994] ✅ Saved: nist_libs_0.5_wt_CeCl3_and_5.0_wt_SrCl2_and_2.0_wt_YCl3.csv
[Run 89/508994] ✅ Saved: nist_libs_0.5_wt_CeCl3_and_5.0_wt_SrCl2_and_2.5_wt_YCl3.csv
[Run 90/508994] ✅ Saved: nist_libs_0.5_wt_CeCl3_and_5.0_wt_SrCl2_and_3.0_wt_YCl3.csv
[Run 92/508994] ✅ Saved: nist_libs_0.5_wt_CeCl3_and_5.0_wt_SrCl2_and_4.0_wt_YCl3.csv
[Run 91/508994] ✅ Saved: nist_libs_0.5_wt_CeCl3_and_5.0_wt_SrCl2_and_3.5_wt_YCl3.csv
[Run 94/508994] ✅ Saved: nist_libs_0.5_wt_CeCl3_and_5.0_wt_SrCl2_and_5.0_wt_YCl3.csv
[Run 93/508994] ✅ Saved: nist_libs_0.5_wt_CeCl3_and_5.0_wt_SrCl2_and_4.5_wt_YCl3.csv
[Run 95/508994] ✅ Saved: nist_libs_1.0_wt_CeCl3_and_0.5_wt_SrCl2_and_0.5_wt_YCl3.csv
[Run 96/508994] ✅ Saved: nist_libs_1.0_wt_CeCl3_and_0.5_wt_SrCl2_and_1.0_wt_YCl3.csv
[Run 98/508994] ✅ Saved: nist_libs_1.0_wt_CeCl3_and_0.5_wt_SrCl2_and_2.0_wt_YCl3.csv
[Run 97/508994] ✅ Saved: nist_libs_1.0_wt_CeCl3_and_0.5_wt_SrCl2_and_1.5_wt_YCl3.csv
[Run 99/508994] ✅ Saved: nist_libs_1.0_wt_CeCl3_and_0.5_wt_SrCl2_and_2.5_wt_YCl3.csv
[Run 100/508994] ✅ Saved: nist_libs_1.0_wt_CeCl3_and_0.5_wt_SrCl2_and_3.0_wt_YCl3.csv
[Run 102/508994] ✅ Saved: nist_libs_1.0_wt_CeCl3_and_0.5_wt_SrCl2_and_4.0_wt_YCl3.csv
[Run 101/508994] ✅ Saved: nist_libs_1.0_wt_CeCl3_and_0.5_wt_SrCl2_and_3.5_wt_YCl3.csv
[Run 103/508994] ✅ Saved: nist_libs_1.0_wt_CeCl3_and_0.5_wt_SrCl2_and_4.5_wt_YCl3.csv
[Run 104/508994] ✅ Saved: nist_libs_1.0_wt_CeCl3_and_0.5_wt_SrCl2_and_5.0_wt_YCl3.csv
[Run 105/508994] ✅ Saved: nist_libs_1.0_wt_CeCl3_and_1.0_wt_SrCl2_and_0.5_wt_YCl3.csv
[Run 106/508994] ✅ Saved: nist_libs_1.0_wt_CeCl3_and_1.0_wt_SrCl2_and_1.0_wt_YCl3.csv
[Run 107/508994] ✅ Saved: nist_libs_1.0_wt_CeCl3_and_1.0_wt_SrCl2_and_1.5_wt_YCl3.csv
[Run 108/508994] ✅ Saved: nist_libs_1.0_wt_CeCl3_and_1.0_wt_SrCl2_and_2.0_wt_YCl3.csv
[Run 109/508994] ✅ Saved: nist_libs_1.0_wt_CeCl3_and_1.0_wt_SrCl2_and_2.5_wt_YCl3.csv
[Run 110/508994] ✅ Saved: nist_libs_1.0_wt_CeCl3_and_1.0_wt_SrCl2_and_3.0_wt_YCl3.csv
[Run 111/508994] ✅ Saved: nist_libs_1.0_wt_CeCl3_and_1.0_wt_SrCl2_and_3.5_wt_YCl3.csv
[Run 112/508994] ✅ Saved: nist_libs_1.0_wt_CeCl3_and_1.0_wt_SrCl2_and_4.0_wt_YCl3.csv
[Run 113/508994] ✅ Saved: nist_libs_1.0_wt_CeCl3_and_1.0_wt_SrCl2_and_4.5_wt_YCl3.csv
[Run 114/508994] ✅ Saved: nist_libs_1.0_wt_CeCl3_and_1.0_wt_SrCl2_and_5.0_wt_YCl3.csv
[Run 115/508994] ✅ Saved: nist_libs_1.0_wt_CeCl3_and_1.5_wt_SrCl2_and_0.5_wt_YCl3.csv
[Run 116/508994] ✅ Saved: nist_libs_1.0_wt_CeCl3_and_1.5_wt_SrCl2_and_1.0_wt_YCl3.csv
[Run 117/508994] ✅ Saved: nist_libs_1.0_wt_CeCl3_and_1.5_wt_SrCl2_and_1.5_wt_YCl3.csv
[Run 118/508994] ✅ Saved: nist_libs_1.0_wt_CeCl3_and_1.5_wt_SrCl2_and_2.0_wt_YCl3.csv
[Run 119/508994] ✅ Saved: nist_libs_1.0_wt_CeCl3_and_1.5_wt_SrCl2_and_2.5_wt_YCl3.csv
[Run 120/508994] ✅ Saved: nist_libs_1.0_wt_CeCl3_and_1.5_wt_SrCl2_and_3.0_wt_YCl3.csv
[Run 121/508994] ✅ Saved: nist_libs_1.0_wt_CeCl3_and_1.5_wt_SrCl2_and_3.5_wt_YCl3.csv
[Run 122/508994] ✅ Saved: nist_libs_1.0_wt_CeCl3_and_1.5_wt_SrCl2_and_4.0_wt_YCl3.csv
[Run 123/508994] ✅ Saved: nist_libs_1.0_wt_CeCl3_and_1.5_wt_SrCl2_and_4.5_wt_YCl3.csv
[Run 124/508994] ✅ Saved: nist_libs_1.0_wt_CeCl3_and_1.5_wt_SrCl2_and_5.0_wt_YCl3.csv
[Run 126/508994] ✅ Saved: nist_libs_1.0_wt_CeCl3_and_2.0_wt_SrCl2_and_1.0_wt_YCl3.csv
[Run 125/508994] ✅ Saved: nist_libs_1.0_wt_CeCl3_and_2.0_wt_SrCl2_and_0.5_wt_YCl3.csv
[Run 127/508994] ✅ Saved: nist_libs_1.0_wt_CeCl3_and_2.0_wt_SrCl2_and_1.5_wt_YCl3.csv
[Run 128/508994] ✅ Saved: nist_libs_1.0_wt_CeCl3_and_2.0_wt_SrCl2_and_2.0_wt_YCl3.csv
[Run 129/508994] ✅ Saved: nist_libs_1.0_wt_CeCl3_and_2.0_wt_SrCl2_and_2.5_wt_YCl3.csv
[Run 130/508994] ✅ Saved: nist_libs_1.0_wt_CeCl3_and_2.0_wt_SrCl2_and_3.0_wt_YCl3.csv
[Run 131/508994] ✅ Saved: nist_libs_1.0_wt_CeCl3_and_2.0_wt_SrCl2_and_3.5_wt_YCl3.csv
[Run 132/508994] ✅ Saved: nist_libs_1.0_wt_CeCl3_and_2.0_wt_SrCl2_and_4.0_wt_YCl3.csv
[Run 133/508994] ✅ Saved: nist_libs_1.0_wt_CeCl3_and_2.0_wt_SrCl2_and_4.5_wt_YCl3.csv
[Run 135/508994] ✅ Saved: nist_libs_1.0_wt_CeCl3_and_2.5_wt_SrCl2_and_0.5_wt_YCl3.csv
[Run 134/508994] ✅ Saved: nist_libs_1.0_wt_CeCl3_and_2.0_wt_SrCl2_and_5.0_wt_YCl3.csv
[Run 136/508994] ✅ Saved: nist_libs_1.0_wt_CeCl3_and_2.5_wt_SrCl2_and_1.0_wt_YCl3.csv
[Run 137/508994] ✅ Saved: nist_libs_1.0_wt_CeCl3_and_2.5_wt_SrCl2_and_1.5_wt_YCl3.csv
[Run 138/508994] ✅ Saved: nist_libs_1.0_wt_CeCl3_and_2.5_wt_SrCl2_and_2.0_wt_YCl3.csv
[Run 139/508994] ✅ Saved: nist_libs_1.0_wt_CeCl3_and_2.5_wt_SrCl2_and_2.5_wt_YCl3.csv
[Run 140/508994] ✅ Saved: nist_libs_1.0_wt_CeCl3_and_2.5_wt_SrCl2_and_3.0_wt_YCl3.csv
[Run 141/508994] ✅ Saved: nist_libs_1.0_wt_CeCl3_and_2.5_wt_SrCl2_and_3.5_wt_YCl3.csv
[Run 142/508994] ✅ Saved: nist_libs_1.0_wt_CeCl3_and_2.5_wt_SrCl2_and_4.0_wt_YCl3.csv
[Run 143/508994] ✅ Saved: nist_libs_1.0_wt_CeCl3_and_2.5_wt_SrCl2_and_4.5_wt_YCl3.csv
[Run 145/508994] ✅ Saved: nist_libs_1.0_wt_CeCl3_and_3.0_wt_SrCl2_and_0.5_wt_YCl3.csv
[Run 144/508994] ✅ Saved: nist_libs_1.0_wt_CeCl3_and_2.5_wt_SrCl2_and_5.0_wt_YCl3.csv
[Run 146/508994] ✅ Saved: nist_libs_1.0_wt_CeCl3_and_3.0_wt_SrCl2_and_1.0_wt_YCl3.csv
[Run 147/508994] ✅ Saved: nist_libs_1.0_wt_CeCl3_and_3.0_wt_SrCl2_and_1.5_wt_YCl3.csv
[Run 148/508994] ✅ Saved: nist_libs_1.0_wt_CeCl3_and_3.0_wt_SrCl2_and_2.0_wt_YCl3.csv
[Run 149/508994] ✅ Saved: nist_libs_1.0_wt_CeCl3_and_3.0_wt_SrCl2_and_2.5_wt_YCl3.csv
[Run 150/508994] ✅ Saved: nist_libs_1.0_wt_CeCl3_and_3.0_wt_SrCl2_and_3.0_wt_YCl3.csv
[Run 151/508994] ✅ Saved: nist_libs_1.0_wt_CeCl3_and_3.0_wt_SrCl2_and_3.5_wt_YCl3.csv
[Run 153/508994] ✅ Saved: nist_libs_1.0_wt_CeCl3_and_3.0_wt_SrCl2_and_4.5_wt_YCl3.csv
[Run 152/508994] ✅ Saved: nist_libs_1.0_wt_CeCl3_and_3.0_wt_SrCl2_and_4.0_wt_YCl3.csv
[Run 154/508994] ✅ Saved: nist_libs_1.0_wt_CeCl3_and_3.0_wt_SrCl2_and_5.0_wt_YCl3.csv
[Run 155/508994] ✅ Saved: nist_libs_1.0_wt_CeCl3_and_3.5_wt_SrCl2_and_0.5_wt_YCl3.csv
[Run 156/508994] ✅ Saved: nist_libs_1.0_wt_CeCl3_and_3.5_wt_SrCl2_and_1.0_wt_YCl3.csv
[Run 157/508994] ✅ Saved: nist_libs_1.0_wt_CeCl3_and_3.5_wt_SrCl2_and_1.5_wt_YCl3.csv
[Run 158/508994] ✅ Saved: nist_libs_1.0_wt_CeCl3_and_3.5_wt_SrCl2_and_2.0_wt_YCl3.csv
[Run 159/508994] ✅ Saved: nist_libs_1.0_wt_CeCl3_and_3.5_wt_SrCl2_and_2.5_wt_YCl3.csv
[Run 160/508994] ✅ Saved: nist_libs_1.0_wt_CeCl3_and_3.5_wt_SrCl2_and_3.0_wt_YCl3.csv
[Run 161/508994] ✅ Saved: nist_libs_1.0_wt_CeCl3_and_3.5_wt_SrCl2_and_3.5_wt_YCl3.csv
[Run 162/508994] ✅ Saved: nist_libs_1.0_wt_CeCl3_and_3.5_wt_SrCl2_and_4.0_wt_YCl3.csv
[Run 163/508994] ✅ Saved: nist_libs_1.0_wt_CeCl3_and_3.5_wt_SrCl2_and_4.5_wt_YCl3.csv
[Run 164/508994] ✅ Saved: nist_libs_1.0_wt_CeCl3_and_3.5_wt_SrCl2_and_5.0_wt_YCl3.csv
[Run 165/508994] ✅ Saved: nist_libs_1.0_wt_CeCl3_and_4.0_wt_SrCl2_and_0.5_wt_YCl3.csv
[Run 166/508994] ✅ Saved: nist_libs_1.0_wt_CeCl3_and_4.0_wt_SrCl2_and_1.0_wt_YCl3.csv
[Run 167/508994] ✅ Saved: nist_libs_1.0_wt_CeCl3_and_4.0_wt_SrCl2_and_1.5_wt_YCl3.csv
[Run 168/508994] ✅ Saved: nist_libs_1.0_wt_CeCl3_and_4.0_wt_SrCl2_and_2.0_wt_YCl3.csv
[Run 169/508994] ✅ Saved: nist_libs_1.0_wt_CeCl3_and_4.0_wt_SrCl2_and_2.5_wt_YCl3.csv
[Run 170/508994] ✅ Saved: nist_libs_1.0_wt_CeCl3_and_4.0_wt_SrCl2_and_3.0_wt_YCl3.csv
[Run 171/508994] ✅ Saved: nist_libs_1.0_wt_CeCl3_and_4.0_wt_SrCl2_and_3.5_wt_YCl3.csv
[Run 172/508994] ✅ Saved: nist_libs_1.0_wt_CeCl3_and_4.0_wt_SrCl2_and_4.0_wt_YCl3.csv
[Run 173/508994] ✅ Saved: nist_libs_1.0_wt_CeCl3_and_4.0_wt_SrCl2_and_4.5_wt_YCl3.csv
[Run 174/508994] ✅ Saved: nist_libs_1.0_wt_CeCl3_and_4.0_wt_SrCl2_and_5.0_wt_YCl3.csv
[Run 175/508994] ✅ Saved: nist_libs_1.0_wt_CeCl3_and_4.5_wt_SrCl2_and_0.5_wt_YCl3.csv
[Run 177/508994] ✅ Saved: nist_libs_1.0_wt_CeCl3_and_4.5_wt_SrCl2_and_1.5_wt_YCl3.csv
[Run 176/508994] ✅ Saved: nist_libs_1.0_wt_CeCl3_and_4.5_wt_SrCl2_and_1.0_wt_YCl3.csv
[Run 178/508994] ✅ Saved: nist_libs_1.0_wt_CeCl3_and_4.5_wt_SrCl2_and_2.0_wt_YCl3.csv
[Run 179/508994] ✅ Saved: nist_libs_1.0_wt_CeCl3_and_4.5_wt_SrCl2_and_2.5_wt_YCl3.csv
[Run 180/508994] ✅ Saved: nist_libs_1.0_wt_CeCl3_and_4.5_wt_SrCl2_and_3.0_wt_YCl3.csv
[Run 181/508994] ✅ Saved: nist_libs_1.0_wt_CeCl3_and_4.5_wt_SrCl2_and_3.5_wt_YCl3.csv
[Run 182/508994] ✅ Saved: nist_libs_1.0_wt_CeCl3_and_4.5_wt_SrCl2_and_4.0_wt_YCl3.csv
[Run 183/508994] ✅ Saved: nist_libs_1.0_wt_CeCl3_and_4.5_wt_SrCl2_and_4.5_wt_YCl3.csv
[Run 184/508994] ✅ Saved: nist_libs_1.0_wt_CeCl3_and_4.5_wt_SrCl2_and_5.0_wt_YCl3.csv
[Run 185/508994] ✅ Saved: nist_libs_1.0_wt_CeCl3_and_5.0_wt_SrCl2_and_0.5_wt_YCl3.csv
[Run 186/508994] ✅ Saved: nist_libs_1.0_wt_CeCl3_and_5.0_wt_SrCl2_and_1.0_wt_YCl3.csv
[Run 188/508994] ✅ Saved: nist_libs_1.0_wt_CeCl3_and_5.0_wt_SrCl2_and_2.0_wt_YCl3.csv
[Run 187/508994] ✅ Saved: nist_libs_1.0_wt_CeCl3_and_5.0_wt_SrCl2_and_1.5_wt_YCl3.csv
[Run 189/508994] ✅ Saved: nist_libs_1.0_wt_CeCl3_and_5.0_wt_SrCl2_and_2.5_wt_YCl3.csv
[Run 190/508994] ✅ Saved: nist_libs_1.0_wt_CeCl3_and_5.0_wt_SrCl2_and_3.0_wt_YCl3.csv
[Run 192/508994] ✅ Saved: nist_libs_1.0_wt_CeCl3_and_5.0_wt_SrCl2_and_4.0_wt_YCl3.csv
[Run 191/508994] ✅ Saved: nist_libs_1.0_wt_CeCl3_and_5.0_wt_SrCl2_and_3.5_wt_YCl3.csv
[Run 193/508994] ✅ Saved: nist_libs_1.0_wt_CeCl3_and_5.0_wt_SrCl2_and_4.5_wt_YCl3.csv
[Run 194/508994] ✅ Saved: nist_libs_1.0_wt_CeCl3_and_5.0_wt_SrCl2_and_5.0_wt_YCl3.csv
[Run 195/508994] ✅ Saved: nist_libs_1.5_wt_CeCl3_and_0.5_wt_SrCl2_and_0.5_wt_YCl3.csv
[Run 197/508994] ✅ Saved: nist_libs_1.5_wt_CeCl3_and_0.5_wt_SrCl2_and_1.5_wt_YCl3.csv
[Run 196/508994] ✅ Saved: nist_libs_1.5_wt_CeCl3_and_0.5_wt_SrCl2_and_1.0_wt_YCl3.csv
[Run 198/508994] ✅ Saved: nist_libs_1.5_wt_CeCl3_and_0.5_wt_SrCl2_and_2.0_wt_YCl3.csv
[Run 199/508994] ✅ Saved: nist_libs_1.5_wt_CeCl3_and_0.5_wt_SrCl2_and_2.5_wt_YCl3.csv
[Run 201/508994] ✅ Saved: nist_libs_1.5_wt_CeCl3_and_0.5_wt_SrCl2_and_3.5_wt_YCl3.csv
[Run 200/508994] ✅ Saved: nist_libs_1.5_wt_CeCl3_and_0.5_wt_SrCl2_and_3.0_wt_YCl3.csv
[Run 202/508994] ✅ Saved: nist_libs_1.5_wt_CeCl3_and_0.5_wt_SrCl2_and_4.0_wt_YCl3.csv
[Run 203/508994] ✅ Saved: nist_libs_1.5_wt_CeCl3_and_0.5_wt_SrCl2_and_4.5_wt_YCl3.csv
[Run 204/508994] ✅ Saved: nist_libs_1.5_wt_CeCl3_and_0.5_wt_SrCl2_and_5.0_wt_YCl3.csv
[Run 205/508994] ✅ Saved: nist_libs_1.5_wt_CeCl3_and_1.0_wt_SrCl2_and_0.5_wt_YCl3.csv
[Run 206/508994] ✅ Saved: nist_libs_1.5_wt_CeCl3_and_1.0_wt_SrCl2_and_1.0_wt_YCl3.csv
[Run 207/508994] ✅ Saved: nist_libs_1.5_wt_CeCl3_and_1.0_wt_SrCl2_and_1.5_wt_YCl3.csv
[Run 209/508994] ✅ Saved: nist_libs_1.5_wt_CeCl3_and_1.0_wt_SrCl2_and_2.5_wt_YCl3.csv
[Run 208/508994] ✅ Saved: nist_libs_1.5_wt_CeCl3_and_1.0_wt_SrCl2_and_2.0_wt_YCl3.csv
[Run 210/508994] ✅ Saved: nist_libs_1.5_wt_CeCl3_and_1.0_wt_SrCl2_and_3.0_wt_YCl3.csv
[Run 211/508994] ✅ Saved: nist_libs_1.5_wt_CeCl3_and_1.0_wt_SrCl2_and_3.5_wt_YCl3.csv
[Run 212/508994] ✅ Saved: nist_libs_1.5_wt_CeCl3_and_1.0_wt_SrCl2_and_4.0_wt_YCl3.csv
[Run 213/508994] ✅ Saved: nist_libs_1.5_wt_CeCl3_and_1.0_wt_SrCl2_and_4.5_wt_YCl3.csv
[Run 214/508994] ✅ Saved: nist_libs_1.5_wt_CeCl3_and_1.0_wt_SrCl2_and_5.0_wt_YCl3.csv
[Run 215/508994] ✅ Saved: nist_libs_1.5_wt_CeCl3_and_1.5_wt_SrCl2_and_0.5_wt_YCl3.csv
[Run 217/508994] ✅ Saved: nist_libs_1.5_wt_CeCl3_and_1.5_wt_SrCl2_and_1.5_wt_YCl3.csv
[Run 218/508994] ✅ Saved: nist_libs_1.5_wt_CeCl3_and_1.5_wt_SrCl2_and_2.0_wt_YCl3.csv
[Run 216/508994] ✅ Saved: nist_libs_1.5_wt_CeCl3_and_1.5_wt_SrCl2_and_1.0_wt_YCl3.csv
[Run 219/508994] ✅ Saved: nist_libs_1.5_wt_CeCl3_and_1.5_wt_SrCl2_and_2.5_wt_YCl3.csv
[Run 222/508994] ✅ Saved: nist_libs_1.5_wt_CeCl3_and_1.5_wt_SrCl2_and_4.0_wt_YCl3.csv
[Run 220/508994] ✅ Saved: nist_libs_1.5_wt_CeCl3_and_1.5_wt_SrCl2_and_3.0_wt_YCl3.csv
[Run 221/508994] ✅ Saved: nist_libs_1.5_wt_CeCl3_and_1.5_wt_SrCl2_and_3.5_wt_YCl3.csv
[Run 223/508994] ✅ Saved: nist_libs_1.5_wt_CeCl3_and_1.5_wt_SrCl2_and_4.5_wt_YCl3.csv
[Run 224/508994] ✅ Saved: nist_libs_1.5_wt_CeCl3_and_1.5_wt_SrCl2_and_5.0_wt_YCl3.csv
[Run 226/508994] ✅ Saved: nist_libs_1.5_wt_CeCl3_and_2.0_wt_SrCl2_and_1.0_wt_YCl3.csv
[Run 225/508994] ✅ Saved: nist_libs_1.5_wt_CeCl3_and_2.0_wt_SrCl2_and_0.5_wt_YCl3.csv
[Run 227/508994] ✅ Saved: nist_libs_1.5_wt_CeCl3_and_2.0_wt_SrCl2_and_1.5_wt_YCl3.csv
[Run 228/508994] ✅ Saved: nist_libs_1.5_wt_CeCl3_and_2.0_wt_SrCl2_and_2.0_wt_YCl3.csv
[Run 230/508994] ✅ Saved: nist_libs_1.5_wt_CeCl3_and_2.0_wt_SrCl2_and_3.0_wt_YCl3.csv
[Run 229/508994] ✅ Saved: nist_libs_1.5_wt_CeCl3_and_2.0_wt_SrCl2_and_2.5_wt_YCl3.csv
[Run 231/508994] ✅ Saved: nist_libs_1.5_wt_CeCl3_and_2.0_wt_SrCl2_and_3.5_wt_YCl3.csv
[Run 232/508994] ✅ Saved: nist_libs_1.5_wt_CeCl3_and_2.0_wt_SrCl2_and_4.0_wt_YCl3.csv
[Run 233/508994] ✅ Saved: nist_libs_1.5_wt_CeCl3_and_2.0_wt_SrCl2_and_4.5_wt_YCl3.csv
[Run 235/508994] ✅ Saved: nist_libs_1.5_wt_CeCl3_and_2.5_wt_SrCl2_and_0.5_wt_YCl3.csv
[Run 234/508994] ✅ Saved: nist_libs_1.5_wt_CeCl3_and_2.0_wt_SrCl2_and_5.0_wt_YCl3.csv
[Run 236/508994] ✅ Saved: nist_libs_1.5_wt_CeCl3_and_2.5_wt_SrCl2_and_1.0_wt_YCl3.csv
[Run 237/508994] ✅ Saved: nist_libs_1.5_wt_CeCl3_and_2.5_wt_SrCl2_and_1.5_wt_YCl3.csv
[Run 239/508994] ✅ Saved: nist_libs_1.5_wt_CeCl3_and_2.5_wt_SrCl2_and_2.5_wt_YCl3.csv
[Run 238/508994] ✅ Saved: nist_libs_1.5_wt_CeCl3_and_2.5_wt_SrCl2_and_2.0_wt_YCl3.csv
[Run 240/508994] ✅ Saved: nist_libs_1.5_wt_CeCl3_and_2.5_wt_SrCl2_and_3.0_wt_YCl3.csv
[Run 241/508994] ✅ Saved: nist_libs_1.5_wt_CeCl3_and_2.5_wt_SrCl2_and_3.5_wt_YCl3.csv
[Run 243/508994] ✅ Saved: nist_libs_1.5_wt_CeCl3_and_2.5_wt_SrCl2_and_4.5_wt_YCl3.csv
[Run 242/508994] ✅ Saved: nist_libs_1.5_wt_CeCl3_and_2.5_wt_SrCl2_and_4.0_wt_YCl3.csv
[Run 244/508994] ✅ Saved: nist_libs_1.5_wt_CeCl3_and_2.5_wt_SrCl2_and_5.0_wt_YCl3.csv
[Run 245/508994] ✅ Saved: nist_libs_1.5_wt_CeCl3_and_3.0_wt_SrCl2_and_0.5_wt_YCl3.csv
[Run 246/508994] ✅ Saved: nist_libs_1.5_wt_CeCl3_and_3.0_wt_SrCl2_and_1.0_wt_YCl3.csv
[Run 247/508994] ✅ Saved: nist_libs_1.5_wt_CeCl3_and_3.0_wt_SrCl2_and_1.5_wt_YCl3.csv
[Run 248/508994] ✅ Saved: nist_libs_1.5_wt_CeCl3_and_3.0_wt_SrCl2_and_2.0_wt_YCl3.csv
[Run 249/508994] ✅ Saved: nist_libs_1.5_wt_CeCl3_and_3.0_wt_SrCl2_and_2.5_wt_YCl3.csv
[Run 250/508994] ✅ Saved: nist_libs_1.5_wt_CeCl3_and_3.0_wt_SrCl2_and_3.0_wt_YCl3.csv
[Run 251/508994] ✅ Saved: nist_libs_1.5_wt_CeCl3_and_3.0_wt_SrCl2_and_3.5_wt_YCl3.csv
[Run 252/508994] ✅ Saved: nist_libs_1.5_wt_CeCl3_and_3.0_wt_SrCl2_and_4.0_wt_YCl3.csv
[Run 253/508994] ✅ Saved: nist_libs_1.5_wt_CeCl3_and_3.0_wt_SrCl2_and_4.5_wt_YCl3.csv
[Run 254/508994] ✅ Saved: nist_libs_1.5_wt_CeCl3_and_3.0_wt_SrCl2_and_5.0_wt_YCl3.csv
[Run 255/508994] ✅ Saved: nist_libs_1.5_wt_CeCl3_and_3.5_wt_SrCl2_and_0.5_wt_YCl3.csv
[Run 256/508994] ✅ Saved: nist_libs_1.5_wt_CeCl3_and_3.5_wt_SrCl2_and_1.0_wt_YCl3.csv
[Run 257/508994] ✅ Saved: nist_libs_1.5_wt_CeCl3_and_3.5_wt_SrCl2_and_1.5_wt_YCl3.csv
[Run 258/508994] ✅ Saved: nist_libs_1.5_wt_CeCl3_and_3.5_wt_SrCl2_and_2.0_wt_YCl3.csv
[Run 260/508994] ✅ Saved: nist_libs_1.5_wt_CeCl3_and_3.5_wt_SrCl2_and_3.0_wt_YCl3.csv
[Run 259/508994] ✅ Saved: nist_libs_1.5_wt_CeCl3_and_3.5_wt_SrCl2_and_2.5_wt_YCl3.csv
[Run 261/508994] ✅ Saved: nist_libs_1.5_wt_CeCl3_and_3.5_wt_SrCl2_and_3.5_wt_YCl3.csv
[Run 262/508994] ✅ Saved: nist_libs_1.5_wt_CeCl3_and_3.5_wt_SrCl2_and_4.0_wt_YCl3.csv
[Run 264/508994] ✅ Saved: nist_libs_1.5_wt_CeCl3_and_3.5_wt_SrCl2_and_5.0_wt_YCl3.csv
[Run 263/508994] ✅ Saved: nist_libs_1.5_wt_CeCl3_and_3.5_wt_SrCl2_and_4.5_wt_YCl3.csv
[Run 265/508994] ✅ Saved: nist_libs_1.5_wt_CeCl3_and_4.0_wt_SrCl2_and_0.5_wt_YCl3.csv
[Run 267/508994] ✅ Saved: nist_libs_1.5_wt_CeCl3_and_4.0_wt_SrCl2_and_1.5_wt_YCl3.csv
[Run 268/508994] ✅ Saved: nist_libs_1.5_wt_CeCl3_and_4.0_wt_SrCl2_and_2.0_wt_YCl3.csv
[Run 266/508994] ✅ Saved: nist_libs_1.5_wt_CeCl3_and_4.0_wt_SrCl2_and_1.0_wt_YCl3.csv
[Run 269/508994] ✅ Saved: nist_libs_1.5_wt_CeCl3_and_4.0_wt_SrCl2_and_2.5_wt_YCl3.csv
[Run 270/508994] ✅ Saved: nist_libs_1.5_wt_CeCl3_and_4.0_wt_SrCl2_and_3.0_wt_YCl3.csv
[Run 272/508994] ✅ Saved: nist_libs_1.5_wt_CeCl3_and_4.0_wt_SrCl2_and_4.0_wt_YCl3.csv
[Run 271/508994] ✅ Saved: nist_libs_1.5_wt_CeCl3_and_4.0_wt_SrCl2_and_3.5_wt_YCl3.csv
[Run 273/508994] ✅ Saved: nist_libs_1.5_wt_CeCl3_and_4.0_wt_SrCl2_and_4.5_wt_YCl3.csv
[Run 274/508994] ✅ Saved: nist_libs_1.5_wt_CeCl3_and_4.0_wt_SrCl2_and_5.0_wt_YCl3.csv
[Run 275/508994] ✅ Saved: nist_libs_1.5_wt_CeCl3_and_4.5_wt_SrCl2_and_0.5_wt_YCl3.csv
[Run 276/508994] ✅ Saved: nist_libs_1.5_wt_CeCl3_and_4.5_wt_SrCl2_and_1.0_wt_YCl3.csv
[Run 277/508994] ✅ Saved: nist_libs_1.5_wt_CeCl3_and_4.5_wt_SrCl2_and_1.5_wt_YCl3.csv
[Run 278/508994] ✅ Saved: nist_libs_1.5_wt_CeCl3_and_4.5_wt_SrCl2_and_2.0_wt_YCl3.csv
[Run 280/508994] ✅ Saved: nist_libs_1.5_wt_CeCl3_and_4.5_wt_SrCl2_and_3.0_wt_YCl3.csv
[Run 279/508994] ✅ Saved: nist_libs_1.5_wt_CeCl3_and_4.5_wt_SrCl2_and_2.5_wt_YCl3.csv
[Run 281/508994] ✅ Saved: nist_libs_1.5_wt_CeCl3_and_4.5_wt_SrCl2_and_3.5_wt_YCl3.csv
[Run 282/508994] ✅ Saved: nist_libs_1.5_wt_CeCl3_and_4.5_wt_SrCl2_and_4.0_wt_YCl3.csv
[Run 284/508994] ✅ Saved: nist_libs_1.5_wt_CeCl3_and_4.5_wt_SrCl2_and_5.0_wt_YCl3.csv
[Run 285/508994] ✅ Saved: nist_libs_1.5_wt_CeCl3_and_5.0_wt_SrCl2_and_0.5_wt_YCl3.csv
[Run 283/508994] ✅ Saved: nist_libs_1.5_wt_CeCl3_and_4.5_wt_SrCl2_and_4.5_wt_YCl3.csv
[Run 286/508994] ✅ Saved: nist_libs_1.5_wt_CeCl3_and_5.0_wt_SrCl2_and_1.0_wt_YCl3.csv
[Run 287/508994] ✅ Saved: nist_libs_1.5_wt_CeCl3_and_5.0_wt_SrCl2_and_1.5_wt_YCl3.csv
[Run 288/508994] ✅ Saved: nist_libs_1.5_wt_CeCl3_and_5.0_wt_SrCl2_and_2.0_wt_YCl3.csv
[Run 289/508994] ✅ Saved: nist_libs_1.5_wt_CeCl3_and_5.0_wt_SrCl2_and_2.5_wt_YCl3.csv
[Run 290/508994] ✅ Saved: nist_libs_1.5_wt_CeCl3_and_5.0_wt_SrCl2_and_3.0_wt_YCl3.csv
[Run 291/508994] ✅ Saved: nist_libs_1.5_wt_CeCl3_and_5.0_wt_SrCl2_and_3.5_wt_YCl3.csv
[Run 293/508994] ✅ Saved: nist_libs_1.5_wt_CeCl3_and_5.0_wt_SrCl2_and_4.5_wt_YCl3.csv
[Run 294/508994] ✅ Saved: nist_libs_1.5_wt_CeCl3_and_5.0_wt_SrCl2_and_5.0_wt_YCl3.csv
[Run 292/508994] ✅ Saved: nist_libs_1.5_wt_CeCl3_and_5.0_wt_SrCl2_and_4.0_wt_YCl3.csv
[Run 295/508994] ✅ Saved: nist_libs_2.0_wt_CeCl3_and_0.5_wt_SrCl2_and_0.5_wt_YCl3.csv
[Run 296/508994] ✅ Saved: nist_libs_2.0_wt_CeCl3_and_0.5_wt_SrCl2_and_1.0_wt_YCl3.csv
[Run 297/508994] ✅ Saved: nist_libs_2.0_wt_CeCl3_and_0.5_wt_SrCl2_and_1.5_wt_YCl3.csv
[Run 298/508994] ✅ Saved: nist_libs_2.0_wt_CeCl3_and_0.5_wt_SrCl2_and_2.0_wt_YCl3.csv
[Run 299/508994] ✅ Saved: nist_libs_2.0_wt_CeCl3_and_0.5_wt_SrCl2_and_2.5_wt_YCl3.csv
[Run 300/508994] ✅ Saved: nist_libs_2.0_wt_CeCl3_and_0.5_wt_SrCl2_and_3.0_wt_YCl3.csv
[Run 302/508994] ✅ Saved: nist_libs_2.0_wt_CeCl3_and_0.5_wt_SrCl2_and_4.0_wt_YCl3.csv
[Run 301/508994] ✅ Saved: nist_libs_2.0_wt_CeCl3_and_0.5_wt_SrCl2_and_3.5_wt_YCl3.csv
[Run 303/508994] ✅ Saved: nist_libs_2.0_wt_CeCl3_and_0.5_wt_SrCl2_and_4.5_wt_YCl3.csv
[Run 305/508994] ✅ Saved: nist_libs_2.0_wt_CeCl3_and_1.0_wt_SrCl2_and_0.5_wt_YCl3.csv
[Run 304/508994] ✅ Saved: nist_libs_2.0_wt_CeCl3_and_0.5_wt_SrCl2_and_5.0_wt_YCl3.csv
[Run 306/508994] ✅ Saved: nist_libs_2.0_wt_CeCl3_and_1.0_wt_SrCl2_and_1.0_wt_YCl3.csv
[Run 307/508994] ✅ Saved: nist_libs_2.0_wt_CeCl3_and_1.0_wt_SrCl2_and_1.5_wt_YCl3.csv
[Run 308/508994] ✅ Saved: nist_libs_2.0_wt_CeCl3_and_1.0_wt_SrCl2_and_2.0_wt_YCl3.csv
[Run 309/508994] ✅ Saved: nist_libs_2.0_wt_CeCl3_and_1.0_wt_SrCl2_and_2.5_wt_YCl3.csv
[Run 310/508994] ✅ Saved: nist_libs_2.0_wt_CeCl3_and_1.0_wt_SrCl2_and_3.0_wt_YCl3.csv
[Run 311/508994] ✅ Saved: nist_libs_2.0_wt_CeCl3_and_1.0_wt_SrCl2_and_3.5_wt_YCl3.csv
[Run 312/508994] ✅ Saved: nist_libs_2.0_wt_CeCl3_and_1.0_wt_SrCl2_and_4.0_wt_YCl3.csv
[Run 313/508994] ✅ Saved: nist_libs_2.0_wt_CeCl3_and_1.0_wt_SrCl2_and_4.5_wt_YCl3.csv
[Run 314/508994] ✅ Saved: nist_libs_2.0_wt_CeCl3_and_1.0_wt_SrCl2_and_5.0_wt_YCl3.csv
[Run 315/508994] ✅ Saved: nist_libs_2.0_wt_CeCl3_and_1.5_wt_SrCl2_and_0.5_wt_YCl3.csv
[Run 316/508994] ✅ Saved: nist_libs_2.0_wt_CeCl3_and_1.5_wt_SrCl2_and_1.0_wt_YCl3.csv
[Run 317/508994] ✅ Saved: nist_libs_2.0_wt_CeCl3_and_1.5_wt_SrCl2_and_1.5_wt_YCl3.csv
[Run 318/508994] ✅ Saved: nist_libs_2.0_wt_CeCl3_and_1.5_wt_SrCl2_and_2.0_wt_YCl3.csv
[Run 319/508994] ✅ Saved: nist_libs_2.0_wt_CeCl3_and_1.5_wt_SrCl2_and_2.5_wt_YCl3.csv
[Run 320/508994] ✅ Saved: nist_libs_2.0_wt_CeCl3_and_1.5_wt_SrCl2_and_3.0_wt_YCl3.csv
[Run 321/508994] ✅ Saved: nist_libs_2.0_wt_CeCl3_and_1.5_wt_SrCl2_and_3.5_wt_YCl3.csv
[Run 322/508994] ✅ Saved: nist_libs_2.0_wt_CeCl3_and_1.5_wt_SrCl2_and_4.0_wt_YCl3.csv
[Run 323/508994] ✅ Saved: nist_libs_2.0_wt_CeCl3_and_1.5_wt_SrCl2_and_4.5_wt_YCl3.csv
[Run 324/508994] ✅ Saved: nist_libs_2.0_wt_CeCl3_and_1.5_wt_SrCl2_and_5.0_wt_YCl3.csv
[Run 326/508994] ✅ Saved: nist_libs_2.0_wt_CeCl3_and_2.0_wt_SrCl2_and_1.0_wt_YCl3.csv
[Run 325/508994] ✅ Saved: nist_libs_2.0_wt_CeCl3_and_2.0_wt_SrCl2_and_0.5_wt_YCl3.csv
[Run 327/508994] ✅ Saved: nist_libs_2.0_wt_CeCl3_and_2.0_wt_SrCl2_and_1.5_wt_YCl3.csv
[Run 328/508994] ✅ Saved: nist_libs_2.0_wt_CeCl3_and_2.0_wt_SrCl2_and_2.0_wt_YCl3.csv
[Run 329/508994] ✅ Saved: nist_libs_2.0_wt_CeCl3_and_2.0_wt_SrCl2_and_2.5_wt_YCl3.csv
[Run 330/508994] ✅ Saved: nist_libs_2.0_wt_CeCl3_and_2.0_wt_SrCl2_and_3.0_wt_YCl3.csv
[Run 331/508994] ✅ Saved: nist_libs_2.0_wt_CeCl3_and_2.0_wt_SrCl2_and_3.5_wt_YCl3.csv
[Run 332/508994] ✅ Saved: nist_libs_2.0_wt_CeCl3_and_2.0_wt_SrCl2_and_4.0_wt_YCl3.csv
[Run 333/508994] ✅ Saved: nist_libs_2.0_wt_CeCl3_and_2.0_wt_SrCl2_and_4.5_wt_YCl3.csv
[Run 334/508994] ✅ Saved: nist_libs_2.0_wt_CeCl3_and_2.0_wt_SrCl2_and_5.0_wt_YCl3.csv
[Run 335/508994] ✅ Saved: nist_libs_2.0_wt_CeCl3_and_2.5_wt_SrCl2_and_0.5_wt_YCl3.csv
[Run 336/508994] ✅ Saved: nist_libs_2.0_wt_CeCl3_and_2.5_wt_SrCl2_and_1.0_wt_YCl3.csv
[Run 337/508994] ✅ Saved: nist_libs_2.0_wt_CeCl3_and_2.5_wt_SrCl2_and_1.5_wt_YCl3.csv
[Run 338/508994] ✅ Saved: nist_libs_2.0_wt_CeCl3_and_2.5_wt_SrCl2_and_2.0_wt_YCl3.csv
[Run 339/508994] ✅ Saved: nist_libs_2.0_wt_CeCl3_and_2.5_wt_SrCl2_and_2.5_wt_YCl3.csv
[Run 340/508994] ✅ Saved: nist_libs_2.0_wt_CeCl3_and_2.5_wt_SrCl2_and_3.0_wt_YCl3.csv
[Run 341/508994] ✅ Saved: nist_libs_2.0_wt_CeCl3_and_2.5_wt_SrCl2_and_3.5_wt_YCl3.csv
[Run 342/508994] ✅ Saved: nist_libs_2.0_wt_CeCl3_and_2.5_wt_SrCl2_and_4.0_wt_YCl3.csv
[Run 344/508994] ✅ Saved: nist_libs_2.0_wt_CeCl3_and_2.5_wt_SrCl2_and_5.0_wt_YCl3.csv
[Run 343/508994] ✅ Saved: nist_libs_2.0_wt_CeCl3_and_2.5_wt_SrCl2_and_4.5_wt_YCl3.csv
[Run 345/508994] ✅ Saved: nist_libs_2.0_wt_CeCl3_and_3.0_wt_SrCl2_and_0.5_wt_YCl3.csv
[Run 346/508994] ✅ Saved: nist_libs_2.0_wt_CeCl3_and_3.0_wt_SrCl2_and_1.0_wt_YCl3.csv
[Run 348/508994] ✅ Saved: nist_libs_2.0_wt_CeCl3_and_3.0_wt_SrCl2_and_2.0_wt_YCl3.csv
[Run 347/508994] ✅ Saved: nist_libs_2.0_wt_CeCl3_and_3.0_wt_SrCl2_and_1.5_wt_YCl3.csv
[Run 349/508994] ✅ Saved: nist_libs_2.0_wt_CeCl3_and_3.0_wt_SrCl2_and_2.5_wt_YCl3.csv
[Run 351/508994] ✅ Saved: nist_libs_2.0_wt_CeCl3_and_3.0_wt_SrCl2_and_3.5_wt_YCl3.csv
[Run 350/508994] ✅ Saved: nist_libs_2.0_wt_CeCl3_and_3.0_wt_SrCl2_and_3.0_wt_YCl3.csv
[Run 352/508994] ✅ Saved: nist_libs_2.0_wt_CeCl3_and_3.0_wt_SrCl2_and_4.0_wt_YCl3.csv
[Run 353/508994] ✅ Saved: nist_libs_2.0_wt_CeCl3_and_3.0_wt_SrCl2_and_4.5_wt_YCl3.csv
[Run 354/508994] ✅ Saved: nist_libs_2.0_wt_CeCl3_and_3.0_wt_SrCl2_and_5.0_wt_YCl3.csv
[Run 356/508994] ✅ Saved: nist_libs_2.0_wt_CeCl3_and_3.5_wt_SrCl2_and_1.0_wt_YCl3.csv
[Run 357/508994] ✅ Saved: nist_libs_2.0_wt_CeCl3_and_3.5_wt_SrCl2_and_1.5_wt_YCl3.csv
[Run 355/508994] ✅ Saved: nist_libs_2.0_wt_CeCl3_and_3.5_wt_SrCl2_and_0.5_wt_YCl3.csv
[Run 358/508994] ✅ Saved: nist_libs_2.0_wt_CeCl3_and_3.5_wt_SrCl2_and_2.0_wt_YCl3.csv
[Run 359/508994] ✅ Saved: nist_libs_2.0_wt_CeCl3_and_3.5_wt_SrCl2_and_2.5_wt_YCl3.csv
[Run 360/508994] ✅ Saved: nist_libs_2.0_wt_CeCl3_and_3.5_wt_SrCl2_and_3.0_wt_YCl3.csv
[Run 361/508994] ✅ Saved: nist_libs_2.0_wt_CeCl3_and_3.5_wt_SrCl2_and_3.5_wt_YCl3.csv
[Run 362/508994] ✅ Saved: nist_libs_2.0_wt_CeCl3_and_3.5_wt_SrCl2_and_4.0_wt_YCl3.csv
[Run 363/508994] ✅ Saved: nist_libs_2.0_wt_CeCl3_and_3.5_wt_SrCl2_and_4.5_wt_YCl3.csv
[Run 364/508994] ✅ Saved: nist_libs_2.0_wt_CeCl3_and_3.5_wt_SrCl2_and_5.0_wt_YCl3.csv
[Run 365/508994] ✅ Saved: nist_libs_2.0_wt_CeCl3_and_4.0_wt_SrCl2_and_0.5_wt_YCl3.csv
[Run 366/508994] ✅ Saved: nist_libs_2.0_wt_CeCl3_and_4.0_wt_SrCl2_and_1.0_wt_YCl3.csv
[Run 367/508994] ✅ Saved: nist_libs_2.0_wt_CeCl3_and_4.0_wt_SrCl2_and_1.5_wt_YCl3.csv
[Run 369/508994] ✅ Saved: nist_libs_2.0_wt_CeCl3_and_4.0_wt_SrCl2_and_2.5_wt_YCl3.csv
[Run 368/508994] ✅ Saved: nist_libs_2.0_wt_CeCl3_and_4.0_wt_SrCl2_and_2.0_wt_YCl3.csv
[Run 370/508994] ✅ Saved: nist_libs_2.0_wt_CeCl3_and_4.0_wt_SrCl2_and_3.0_wt_YCl3.csv
[Run 371/508994] ✅ Saved: nist_libs_2.0_wt_CeCl3_and_4.0_wt_SrCl2_and_3.5_wt_YCl3.csv
[Run 373/508994] ✅ Saved: nist_libs_2.0_wt_CeCl3_and_4.0_wt_SrCl2_and_4.5_wt_YCl3.csv
[Run 372/508994] ✅ Saved: nist_libs_2.0_wt_CeCl3_and_4.0_wt_SrCl2_and_4.0_wt_YCl3.csv
[Run 374/508994] ✅ Saved: nist_libs_2.0_wt_CeCl3_and_4.0_wt_SrCl2_and_5.0_wt_YCl3.csv
[Run 375/508994] ✅ Saved: nist_libs_2.0_wt_CeCl3_and_4.5_wt_SrCl2_and_0.5_wt_YCl3.csv
[Run 377/508994] ✅ Saved: nist_libs_2.0_wt_CeCl3_and_4.5_wt_SrCl2_and_1.5_wt_YCl3.csv
[Run 376/508994] ✅ Saved: nist_libs_2.0_wt_CeCl3_and_4.5_wt_SrCl2_and_1.0_wt_YCl3.csv
[Run 378/508994] ✅ Saved: nist_libs_2.0_wt_CeCl3_and_4.5_wt_SrCl2_and_2.0_wt_YCl3.csv
[Run 379/508994] ✅ Saved: nist_libs_2.0_wt_CeCl3_and_4.5_wt_SrCl2_and_2.5_wt_YCl3.csv
[Run 380/508994] ✅ Saved: nist_libs_2.0_wt_CeCl3_and_4.5_wt_SrCl2_and_3.0_wt_YCl3.csv
[Run 381/508994] ✅ Saved: nist_libs_2.0_wt_CeCl3_and_4.5_wt_SrCl2_and_3.5_wt_YCl3.csv
[Run 382/508994] ✅ Saved: nist_libs_2.0_wt_CeCl3_and_4.5_wt_SrCl2_and_4.0_wt_YCl3.csv
[Run 383/508994] ✅ Saved: nist_libs_2.0_wt_CeCl3_and_4.5_wt_SrCl2_and_4.5_wt_YCl3.csv
[Run 384/508994] ✅ Saved: nist_libs_2.0_wt_CeCl3_and_4.5_wt_SrCl2_and_5.0_wt_YCl3.csv
[Run 385/508994] ✅ Saved: nist_libs_2.0_wt_CeCl3_and_5.0_wt_SrCl2_and_0.5_wt_YCl3.csv
[Run 386/508994] ✅ Saved: nist_libs_2.0_wt_CeCl3_and_5.0_wt_SrCl2_and_1.0_wt_YCl3.csv
[Run 387/508994] ✅ Saved: nist_libs_2.0_wt_CeCl3_and_5.0_wt_SrCl2_and_1.5_wt_YCl3.csv
[Run 388/508994] ✅ Saved: nist_libs_2.0_wt_CeCl3_and_5.0_wt_SrCl2_and_2.0_wt_YCl3.csv
[Run 389/508994] ✅ Saved: nist_libs_2.0_wt_CeCl3_and_5.0_wt_SrCl2_and_2.5_wt_YCl3.csv
[Run 390/508994] ✅ Saved: nist_libs_2.0_wt_CeCl3_and_5.0_wt_SrCl2_and_3.0_wt_YCl3.csv
[Run 391/508994] ✅ Saved: nist_libs_2.0_wt_CeCl3_and_5.0_wt_SrCl2_and_3.5_wt_YCl3.csv
[Run 392/508994] ✅ Saved: nist_libs_2.0_wt_CeCl3_and_5.0_wt_SrCl2_and_4.0_wt_YCl3.csv
[Run 393/508994] ✅ Saved: nist_libs_2.0_wt_CeCl3_and_5.0_wt_SrCl2_and_4.5_wt_YCl3.csv
[Run 394/508994] ✅ Saved: nist_libs_2.0_wt_CeCl3_and_5.0_wt_SrCl2_and_5.0_wt_YCl3.csv
[Run 395/508994] ✅ Saved: nist_libs_2.5_wt_CeCl3_and_0.5_wt_SrCl2_and_0.5_wt_YCl3.csv
[Run 396/508994] ✅ Saved: nist_libs_2.5_wt_CeCl3_and_0.5_wt_SrCl2_and_1.0_wt_YCl3.csv
[Run 397/508994] ✅ Saved: nist_libs_2.5_wt_CeCl3_and_0.5_wt_SrCl2_and_1.5_wt_YCl3.csv
[Run 398/508994] ✅ Saved: nist_libs_2.5_wt_CeCl3_and_0.5_wt_SrCl2_and_2.0_wt_YCl3.csv
[Run 399/508994] ✅ Saved: nist_libs_2.5_wt_CeCl3_and_0.5_wt_SrCl2_and_2.5_wt_YCl3.csv
[Run 400/508994] ✅ Saved: nist_libs_2.5_wt_CeCl3_and_0.5_wt_SrCl2_and_3.0_wt_YCl3.csv
[Run 401/508994] ✅ Saved: nist_libs_2.5_wt_CeCl3_and_0.5_wt_SrCl2_and_3.5_wt_YCl3.csv
[Run 402/508994] ✅ Saved: nist_libs_2.5_wt_CeCl3_and_0.5_wt_SrCl2_and_4.0_wt_YCl3.csv
[Run 403/508994] ✅ Saved: nist_libs_2.5_wt_CeCl3_and_0.5_wt_SrCl2_and_4.5_wt_YCl3.csv
[Run 404/508994] ✅ Saved: nist_libs_2.5_wt_CeCl3_and_0.5_wt_SrCl2_and_5.0_wt_YCl3.csv
[Run 405/508994] ✅ Saved: nist_libs_2.5_wt_CeCl3_and_1.0_wt_SrCl2_and_0.5_wt_YCl3.csv
[Run 406/508994] ✅ Saved: nist_libs_2.5_wt_CeCl3_and_1.0_wt_SrCl2_and_1.0_wt_YCl3.csv
[Run 407/508994] ✅ Saved: nist_libs_2.5_wt_CeCl3_and_1.0_wt_SrCl2_and_1.5_wt_YCl3.csv
[Run 408/508994] ✅ Saved: nist_libs_2.5_wt_CeCl3_and_1.0_wt_SrCl2_and_2.0_wt_YCl3.csv
[Run 409/508994] ✅ Saved: nist_libs_2.5_wt_CeCl3_and_1.0_wt_SrCl2_and_2.5_wt_YCl3.csv
[Run 410/508994] ✅ Saved: nist_libs_2.5_wt_CeCl3_and_1.0_wt_SrCl2_and_3.0_wt_YCl3.csv
[Run 411/508994] ✅ Saved: nist_libs_2.5_wt_CeCl3_and_1.0_wt_SrCl2_and_3.5_wt_YCl3.csv
[Run 412/508994] ✅ Saved: nist_libs_2.5_wt_CeCl3_and_1.0_wt_SrCl2_and_4.0_wt_YCl3.csv
[Run 413/508994] ✅ Saved: nist_libs_2.5_wt_CeCl3_and_1.0_wt_SrCl2_and_4.5_wt_YCl3.csv
[Run 414/508994] ✅ Saved: nist_libs_2.5_wt_CeCl3_and_1.0_wt_SrCl2_and_5.0_wt_YCl3.csv
[Run 415/508994] ✅ Saved: nist_libs_2.5_wt_CeCl3_and_1.5_wt_SrCl2_and_0.5_wt_YCl3.csv
[Run 416/508994] ✅ Saved: nist_libs_2.5_wt_CeCl3_and_1.5_wt_SrCl2_and_1.0_wt_YCl3.csv
[Run 417/508994] ✅ Saved: nist_libs_2.5_wt_CeCl3_and_1.5_wt_SrCl2_and_1.5_wt_YCl3.csv
[Run 418/508994] ✅ Saved: nist_libs_2.5_wt_CeCl3_and_1.5_wt_SrCl2_and_2.0_wt_YCl3.csv
[Run 419/508994] ✅ Saved: nist_libs_2.5_wt_CeCl3_and_1.5_wt_SrCl2_and_2.5_wt_YCl3.csv
[Run 421/508994] ✅ Saved: nist_libs_2.5_wt_CeCl3_and_1.5_wt_SrCl2_and_3.5_wt_YCl3.csv
[Run 420/508994] ✅ Saved: nist_libs_2.5_wt_CeCl3_and_1.5_wt_SrCl2_and_3.0_wt_YCl3.csv
[Run 422/508994] ✅ Saved: nist_libs_2.5_wt_CeCl3_and_1.5_wt_SrCl2_and_4.0_wt_YCl3.csv
[Run 423/508994] ✅ Saved: nist_libs_2.5_wt_CeCl3_and_1.5_wt_SrCl2_and_4.5_wt_YCl3.csv
[Run 424/508994] ✅ Saved: nist_libs_2.5_wt_CeCl3_and_1.5_wt_SrCl2_and_5.0_wt_YCl3.csv
[Run 425/508994] ✅ Saved: nist_libs_2.5_wt_CeCl3_and_2.0_wt_SrCl2_and_0.5_wt_YCl3.csv
[Run 426/508994] ✅ Saved: nist_libs_2.5_wt_CeCl3_and_2.0_wt_SrCl2_and_1.0_wt_YCl3.csv
[Run 427/508994] ✅ Saved: nist_libs_2.5_wt_CeCl3_and_2.0_wt_SrCl2_and_1.5_wt_YCl3.csv
[Run 428/508994] ✅ Saved: nist_libs_2.5_wt_CeCl3_and_2.0_wt_SrCl2_and_2.0_wt_YCl3.csv
[Run 429/508994] ✅ Saved: nist_libs_2.5_wt_CeCl3_and_2.0_wt_SrCl2_and_2.5_wt_YCl3.csv
[Run 430/508994] ✅ Saved: nist_libs_2.5_wt_CeCl3_and_2.0_wt_SrCl2_and_3.0_wt_YCl3.csv
[Run 431/508994] ✅ Saved: nist_libs_2.5_wt_CeCl3_and_2.0_wt_SrCl2_and_3.5_wt_YCl3.csv
[Run 432/508994] ✅ Saved: nist_libs_2.5_wt_CeCl3_and_2.0_wt_SrCl2_and_4.0_wt_YCl3.csv
[Run 433/508994] ✅ Saved: nist_libs_2.5_wt_CeCl3_and_2.0_wt_SrCl2_and_4.5_wt_YCl3.csv
[Run 434/508994] ✅ Saved: nist_libs_2.5_wt_CeCl3_and_2.0_wt_SrCl2_and_5.0_wt_YCl3.csv
[Run 435/508994] ✅ Saved: nist_libs_2.5_wt_CeCl3_and_2.5_wt_SrCl2_and_0.5_wt_YCl3.csv
[Run 436/508994] ✅ Saved: nist_libs_2.5_wt_CeCl3_and_2.5_wt_SrCl2_and_1.0_wt_YCl3.csv
[Run 437/508994] ✅ Saved: nist_libs_2.5_wt_CeCl3_and_2.5_wt_SrCl2_and_1.5_wt_YCl3.csv
[Run 438/508994] ✅ Saved: nist_libs_2.5_wt_CeCl3_and_2.5_wt_SrCl2_and_2.0_wt_YCl3.csv
[Run 439/508994] ✅ Saved: nist_libs_2.5_wt_CeCl3_and_2.5_wt_SrCl2_and_2.5_wt_YCl3.csv
[Run 440/508994] ✅ Saved: nist_libs_2.5_wt_CeCl3_and_2.5_wt_SrCl2_and_3.0_wt_YCl3.csv
[Run 441/508994] ✅ Saved: nist_libs_2.5_wt_CeCl3_and_2.5_wt_SrCl2_and_3.5_wt_YCl3.csv
[Run 442/508994] ✅ Saved: nist_libs_2.5_wt_CeCl3_and_2.5_wt_SrCl2_and_4.0_wt_YCl3.csv
[Run 443/508994] ✅ Saved: nist_libs_2.5_wt_CeCl3_and_2.5_wt_SrCl2_and_4.5_wt_YCl3.csv
[Run 444/508994] ✅ Saved: nist_libs_2.5_wt_CeCl3_and_2.5_wt_SrCl2_and_5.0_wt_YCl3.csv
[Run 445/508994] ✅ Saved: nist_libs_2.5_wt_CeCl3_and_3.0_wt_SrCl2_and_0.5_wt_YCl3.csv
[Run 446/508994] ✅ Saved: nist_libs_2.5_wt_CeCl3_and_3.0_wt_SrCl2_and_1.0_wt_YCl3.csv
[Run 447/508994] ✅ Saved: nist_libs_2.5_wt_CeCl3_and_3.0_wt_SrCl2_and_1.5_wt_YCl3.csv
[Run 448/508994] ✅ Saved: nist_libs_2.5_wt_CeCl3_and_3.0_wt_SrCl2_and_2.0_wt_YCl3.csv
[Run 449/508994] ✅ Saved: nist_libs_2.5_wt_CeCl3_and_3.0_wt_SrCl2_and_2.5_wt_YCl3.csv
[Run 450/508994] ✅ Saved: nist_libs_2.5_wt_CeCl3_and_3.0_wt_SrCl2_and_3.0_wt_YCl3.csv
[Run 451/508994] ✅ Saved: nist_libs_2.5_wt_CeCl3_and_3.0_wt_SrCl2_and_3.5_wt_YCl3.csv
[Run 452/508994] ✅ Saved: nist_libs_2.5_wt_CeCl3_and_3.0_wt_SrCl2_and_4.0_wt_YCl3.csv
[Run 453/508994] ✅ Saved: nist_libs_2.5_wt_CeCl3_and_3.0_wt_SrCl2_and_4.5_wt_YCl3.csv
[Run 454/508994] ✅ Saved: nist_libs_2.5_wt_CeCl3_and_3.0_wt_SrCl2_and_5.0_wt_YCl3.csv
[Run 455/508994] ✅ Saved: nist_libs_2.5_wt_CeCl3_and_3.5_wt_SrCl2_and_0.5_wt_YCl3.csv
[Run 456/508994] ✅ Saved: nist_libs_2.5_wt_CeCl3_and_3.5_wt_SrCl2_and_1.0_wt_YCl3.csv
[Run 457/508994] ✅ Saved: nist_libs_2.5_wt_CeCl3_and_3.5_wt_SrCl2_and_1.5_wt_YCl3.csv
[Run 458/508994] ✅ Saved: nist_libs_2.5_wt_CeCl3_and_3.5_wt_SrCl2_and_2.0_wt_YCl3.csv
[Run 459/508994] ✅ Saved: nist_libs_2.5_wt_CeCl3_and_3.5_wt_SrCl2_and_2.5_wt_YCl3.csv
[Run 460/508994] ✅ Saved: nist_libs_2.5_wt_CeCl3_and_3.5_wt_SrCl2_and_3.0_wt_YCl3.csv
[Run 461/508994] ✅ Saved: nist_libs_2.5_wt_CeCl3_and_3.5_wt_SrCl2_and_3.5_wt_YCl3.csv
[Run 462/508994] ✅ Saved: nist_libs_2.5_wt_CeCl3_and_3.5_wt_SrCl2_and_4.0_wt_YCl3.csv
[Run 463/508994] ✅ Saved: nist_libs_2.5_wt_CeCl3_and_3.5_wt_SrCl2_and_4.5_wt_YCl3.csv
[Run 464/508994] ✅ Saved: nist_libs_2.5_wt_CeCl3_and_3.5_wt_SrCl2_and_5.0_wt_YCl3.csv
[Run 465/508994] ✅ Saved: nist_libs_2.5_wt_CeCl3_and_4.0_wt_SrCl2_and_0.5_wt_YCl3.csv
[Run 466/508994] ✅ Saved: nist_libs_2.5_wt_CeCl3_and_4.0_wt_SrCl2_and_1.0_wt_YCl3.csv
[Run 467/508994] ✅ Saved: nist_libs_2.5_wt_CeCl3_and_4.0_wt_SrCl2_and_1.5_wt_YCl3.csv
[Run 468/508994] ✅ Saved: nist_libs_2.5_wt_CeCl3_and_4.0_wt_SrCl2_and_2.0_wt_YCl3.csv
[Run 469/508994] ✅ Saved: nist_libs_2.5_wt_CeCl3_and_4.0_wt_SrCl2_and_2.5_wt_YCl3.csv
[Run 470/508994] ✅ Saved: nist_libs_2.5_wt_CeCl3_and_4.0_wt_SrCl2_and_3.0_wt_YCl3.csv
[Run 471/508994] ✅ Saved: nist_libs_2.5_wt_CeCl3_and_4.0_wt_SrCl2_and_3.5_wt_YCl3.csv
[Run 472/508994] ✅ Saved: nist_libs_2.5_wt_CeCl3_and_4.0_wt_SrCl2_and_4.0_wt_YCl3.csv
[Run 473/508994] ✅ Saved: nist_libs_2.5_wt_CeCl3_and_4.0_wt_SrCl2_and_4.5_wt_YCl3.csv
[Run 474/508994] ✅ Saved: nist_libs_2.5_wt_CeCl3_and_4.0_wt_SrCl2_and_5.0_wt_YCl3.csv
[Run 475/508994] ✅ Saved: nist_libs_2.5_wt_CeCl3_and_4.5_wt_SrCl2_and_0.5_wt_YCl3.csv
[Run 477/508994] ✅ Saved: nist_libs_2.5_wt_CeCl3_and_4.5_wt_SrCl2_and_1.5_wt_YCl3.csv
[Run 476/508994] ✅ Saved: nist_libs_2.5_wt_CeCl3_and_4.5_wt_SrCl2_and_1.0_wt_YCl3.csv
[Run 478/508994] ✅ Saved: nist_libs_2.5_wt_CeCl3_and_4.5_wt_SrCl2_and_2.0_wt_YCl3.csv
[Run 479/508994] ✅ Saved: nist_libs_2.5_wt_CeCl3_and_4.5_wt_SrCl2_and_2.5_wt_YCl3.csv
[Run 481/508994] ✅ Saved: nist_libs_2.5_wt_CeCl3_and_4.5_wt_SrCl2_and_3.5_wt_YCl3.csv
[Run 480/508994] ✅ Saved: nist_libs_2.5_wt_CeCl3_and_4.5_wt_SrCl2_and_3.0_wt_YCl3.csv
[Run 482/508994] ✅ Saved: nist_libs_2.5_wt_CeCl3_and_4.5_wt_SrCl2_and_4.0_wt_YCl3.csv
[Run 483/508994] ✅ Saved: nist_libs_2.5_wt_CeCl3_and_4.5_wt_SrCl2_and_4.5_wt_YCl3.csv
[Run 484/508994] ✅ Saved: nist_libs_2.5_wt_CeCl3_and_4.5_wt_SrCl2_and_5.0_wt_YCl3.csv
[Run 485/508994] ✅ Saved: nist_libs_2.5_wt_CeCl3_and_5.0_wt_SrCl2_and_0.5_wt_YCl3.csv
[Run 486/508994] ✅ Saved: nist_libs_2.5_wt_CeCl3_and_5.0_wt_SrCl2_and_1.0_wt_YCl3.csv
[Run 487/508994] ✅ Saved: nist_libs_2.5_wt_CeCl3_and_5.0_wt_SrCl2_and_1.5_wt_YCl3.csv
[Run 489/508994] ✅ Saved: nist_libs_2.5_wt_CeCl3_and_5.0_wt_SrCl2_and_2.5_wt_YCl3.csv
[Run 488/508994] ✅ Saved: nist_libs_2.5_wt_CeCl3_and_5.0_wt_SrCl2_and_2.0_wt_YCl3.csv
[Run 490/508994] ✅ Saved: nist_libs_2.5_wt_CeCl3_and_5.0_wt_SrCl2_and_3.0_wt_YCl3.csv
[Run 491/508994] ✅ Saved: nist_libs_2.5_wt_CeCl3_and_5.0_wt_SrCl2_and_3.5_wt_YCl3.csv
[Run 492/508994] ✅ Saved: nist_libs_2.5_wt_CeCl3_and_5.0_wt_SrCl2_and_4.0_wt_YCl3.csv
[Run 493/508994] ✅ Saved: nist_libs_2.5_wt_CeCl3_and_5.0_wt_SrCl2_and_4.5_wt_YCl3.csv
[Run 494/508994] ✅ Saved: nist_libs_2.5_wt_CeCl3_and_5.0_wt_SrCl2_and_5.0_wt_YCl3.csv
[Run 495/508994] ✅ Saved: nist_libs_3.0_wt_CeCl3_and_0.5_wt_SrCl2_and_0.5_wt_YCl3.csv
[Run 497/508994] ✅ Saved: nist_libs_3.0_wt_CeCl3_and_0.5_wt_SrCl2_and_1.5_wt_YCl3.csv
[Run 496/508994] ✅ Saved: nist_libs_3.0_wt_CeCl3_and_0.5_wt_SrCl2_and_1.0_wt_YCl3.csv
[Run 498/508994] ✅ Saved: nist_libs_3.0_wt_CeCl3_and_0.5_wt_SrCl2_and_2.0_wt_YCl3.csv
[Run 499/508994] ✅ Saved: nist_libs_3.0_wt_CeCl3_and_0.5_wt_SrCl2_and_2.5_wt_YCl3.csv
[Run 501/508994] ✅ Saved: nist_libs_3.0_wt_CeCl3_and_0.5_wt_SrCl2_and_3.5_wt_YCl3.csv
[Run 500/508994] ✅ Saved: nist_libs_3.0_wt_CeCl3_and_0.5_wt_SrCl2_and_3.0_wt_YCl3.csv
[Run 502/508994] ✅ Saved: nist_libs_3.0_wt_CeCl3_and_0.5_wt_SrCl2_and_4.0_wt_YCl3.csv
[Run 503/508994] ✅ Saved: nist_libs_3.0_wt_CeCl3_and_0.5_wt_SrCl2_and_4.5_wt_YCl3.csv
[Run 505/508994] ✅ Saved: nist_libs_3.0_wt_CeCl3_and_1.0_wt_SrCl2_and_0.5_wt_YCl3.csv
[Run 504/508994] ✅ Saved: nist_libs_3.0_wt_CeCl3_and_0.5_wt_SrCl2_and_5.0_wt_YCl3.csv
[Run 506/508994] ✅ Saved: nist_libs_3.0_wt_CeCl3_and_1.0_wt_SrCl2_and_1.0_wt_YCl3.csv
[Run 507/508994] ✅ Saved: nist_libs_3.0_wt_CeCl3_and_1.0_wt_SrCl2_and_1.5_wt_YCl3.csv
[Run 508/508994] ✅ Saved: nist_libs_3.0_wt_CeCl3_and_1.0_wt_SrCl2_and_2.0_wt_YCl3.csv
[Run 509/508994] ✅ Saved: nist_libs_3.0_wt_CeCl3_and_1.0_wt_SrCl2_and_2.5_wt_YCl3.csv
[Run 510/508994] ✅ Saved: nist_libs_3.0_wt_CeCl3_and_1.0_wt_SrCl2_and_3.0_wt_YCl3.csv
[Run 511/508994] ✅ Saved: nist_libs_3.0_wt_CeCl3_and_1.0_wt_SrCl2_and_3.5_wt_YCl3.csv
[Run 512/508994] ✅ Saved: nist_libs_3.0_wt_CeCl3_and_1.0_wt_SrCl2_and_4.0_wt_YCl3.csv
[Run 513/508994] ✅ Saved: nist_libs_3.0_wt_CeCl3_and_1.0_wt_SrCl2_and_4.5_wt_YCl3.csv
[Run 514/508994] ✅ Saved: nist_libs_3.0_wt_CeCl3_and_1.0_wt_SrCl2_and_5.0_wt_YCl3.csv
[Run 515/508994] ✅ Saved: nist_libs_3.0_wt_CeCl3_and_1.5_wt_SrCl2_and_0.5_wt_YCl3.csv
[Run 517/508994] ✅ Saved: nist_libs_3.0_wt_CeCl3_and_1.5_wt_SrCl2_and_1.5_wt_YCl3.csv
[Run 516/508994] ✅ Saved: nist_libs_3.0_wt_CeCl3_and_1.5_wt_SrCl2_and_1.0_wt_YCl3.csv
[Run 518/508994] ✅ Saved: nist_libs_3.0_wt_CeCl3_and_1.5_wt_SrCl2_and_2.0_wt_YCl3.csv
[Run 519/508994] ✅ Saved: nist_libs_3.0_wt_CeCl3_and_1.5_wt_SrCl2_and_2.5_wt_YCl3.csv
[Run 521/508994] ✅ Saved: nist_libs_3.0_wt_CeCl3_and_1.5_wt_SrCl2_and_3.5_wt_YCl3.csv
[Run 520/508994] ✅ Saved: nist_libs_3.0_wt_CeCl3_and_1.5_wt_SrCl2_and_3.0_wt_YCl3.csv
[Run 522/508994] ✅ Saved: nist_libs_3.0_wt_CeCl3_and_1.5_wt_SrCl2_and_4.0_wt_YCl3.csv
[Run 523/508994] ✅ Saved: nist_libs_3.0_wt_CeCl3_and_1.5_wt_SrCl2_and_4.5_wt_YCl3.csv
[Run 524/508994] ✅ Saved: nist_libs_3.0_wt_CeCl3_and_1.5_wt_SrCl2_and_5.0_wt_YCl3.csv
[Run 526/508994] ✅ Saved: nist_libs_3.0_wt_CeCl3_and_2.0_wt_SrCl2_and_1.0_wt_YCl3.csv
[Run 525/508994] ✅ Saved: nist_libs_3.0_wt_CeCl3_and_2.0_wt_SrCl2_and_0.5_wt_YCl3.csv
[Run 527/508994] ✅ Saved: nist_libs_3.0_wt_CeCl3_and_2.0_wt_SrCl2_and_1.5_wt_YCl3.csv
[Run 528/508994] ✅ Saved: nist_libs_3.0_wt_CeCl3_and_2.0_wt_SrCl2_and_2.0_wt_YCl3.csv
[Run 529/508994] ✅ Saved: nist_libs_3.0_wt_CeCl3_and_2.0_wt_SrCl2_and_2.5_wt_YCl3.csv
[Run 530/508994] ✅ Saved: nist_libs_3.0_wt_CeCl3_and_2.0_wt_SrCl2_and_3.0_wt_YCl3.csv
[Run 531/508994] ✅ Saved: nist_libs_3.0_wt_CeCl3_and_2.0_wt_SrCl2_and_3.5_wt_YCl3.csv
[Run 532/508994] ✅ Saved: nist_libs_3.0_wt_CeCl3_and_2.0_wt_SrCl2_and_4.0_wt_YCl3.csv
[Run 533/508994] ✅ Saved: nist_libs_3.0_wt_CeCl3_and_2.0_wt_SrCl2_and_4.5_wt_YCl3.csv
[Run 534/508994] ✅ Saved: nist_libs_3.0_wt_CeCl3_and_2.0_wt_SrCl2_and_5.0_wt_YCl3.csv
[Run 535/508994] ✅ Saved: nist_libs_3.0_wt_CeCl3_and_2.5_wt_SrCl2_and_0.5_wt_YCl3.csv
[Run 536/508994] ✅ Saved: nist_libs_3.0_wt_CeCl3_and_2.5_wt_SrCl2_and_1.0_wt_YCl3.csv
[Run 537/508994] ✅ Saved: nist_libs_3.0_wt_CeCl3_and_2.5_wt_SrCl2_and_1.5_wt_YCl3.csv
[Run 538/508994] ✅ Saved: nist_libs_3.0_wt_CeCl3_and_2.5_wt_SrCl2_and_2.0_wt_YCl3.csv
[Run 539/508994] ✅ Saved: nist_libs_3.0_wt_CeCl3_and_2.5_wt_SrCl2_and_2.5_wt_YCl3.csv
[Run 540/508994] ✅ Saved: nist_libs_3.0_wt_CeCl3_and_2.5_wt_SrCl2_and_3.0_wt_YCl3.csv
[Run 541/508994] ✅ Saved: nist_libs_3.0_wt_CeCl3_and_2.5_wt_SrCl2_and_3.5_wt_YCl3.csv
[Run 542/508994] ✅ Saved: nist_libs_3.0_wt_CeCl3_and_2.5_wt_SrCl2_and_4.0_wt_YCl3.csv
[Run 543/508994] ✅ Saved: nist_libs_3.0_wt_CeCl3_and_2.5_wt_SrCl2_and_4.5_wt_YCl3.csv
[Run 545/508994] ✅ Saved: nist_libs_3.0_wt_CeCl3_and_3.0_wt_SrCl2_and_0.5_wt_YCl3.csv
[Run 546/508994] ✅ Saved: nist_libs_3.0_wt_CeCl3_and_3.0_wt_SrCl2_and_1.0_wt_YCl3.csv
[Run 544/508994] ✅ Saved: nist_libs_3.0_wt_CeCl3_and_2.5_wt_SrCl2_and_5.0_wt_YCl3.csv
[Run 547/508994] ✅ Saved: nist_libs_3.0_wt_CeCl3_and_3.0_wt_SrCl2_and_1.5_wt_YCl3.csv
[Run 548/508994] ✅ Saved: nist_libs_3.0_wt_CeCl3_and_3.0_wt_SrCl2_and_2.0_wt_YCl3.csv
[Run 549/508994] ✅ Saved: nist_libs_3.0_wt_CeCl3_and_3.0_wt_SrCl2_and_2.5_wt_YCl3.csv
[Run 550/508994] ✅ Saved: nist_libs_3.0_wt_CeCl3_and_3.0_wt_SrCl2_and_3.0_wt_YCl3.csv
[Run 551/508994] ✅ Saved: nist_libs_3.0_wt_CeCl3_and_3.0_wt_SrCl2_and_3.5_wt_YCl3.csv
[Run 552/508994] ✅ Saved: nist_libs_3.0_wt_CeCl3_and_3.0_wt_SrCl2_and_4.0_wt_YCl3.csv
[Run 553/508994] ✅ Saved: nist_libs_3.0_wt_CeCl3_and_3.0_wt_SrCl2_and_4.5_wt_YCl3.csv
[Run 554/508994] ✅ Saved: nist_libs_3.0_wt_CeCl3_and_3.0_wt_SrCl2_and_5.0_wt_YCl3.csv
[Run 555/508994] ✅ Saved: nist_libs_3.0_wt_CeCl3_and_3.5_wt_SrCl2_and_0.5_wt_YCl3.csv
[Run 557/508994] ✅ Saved: nist_libs_3.0_wt_CeCl3_and_3.5_wt_SrCl2_and_1.5_wt_YCl3.csv
[Run 558/508994] ✅ Saved: nist_libs_3.0_wt_CeCl3_and_3.5_wt_SrCl2_and_2.0_wt_YCl3.csv
[Run 556/508994] ✅ Saved: nist_libs_3.0_wt_CeCl3_and_3.5_wt_SrCl2_and_1.0_wt_YCl3.csv
[Run 559/508994] ✅ Saved: nist_libs_3.0_wt_CeCl3_and_3.5_wt_SrCl2_and_2.5_wt_YCl3.csv
[Run 560/508994] ✅ Saved: nist_libs_3.0_wt_CeCl3_and_3.5_wt_SrCl2_and_3.0_wt_YCl3.csv
[Run 561/508994] ✅ Saved: nist_libs_3.0_wt_CeCl3_and_3.5_wt_SrCl2_and_3.5_wt_YCl3.csv
[Run 562/508994] ✅ Saved: nist_libs_3.0_wt_CeCl3_and_3.5_wt_SrCl2_and_4.0_wt_YCl3.csv
[Run 563/508994] ✅ Saved: nist_libs_3.0_wt_CeCl3_and_3.5_wt_SrCl2_and_4.5_wt_YCl3.csv
[Run 564/508994] ✅ Saved: nist_libs_3.0_wt_CeCl3_and_3.5_wt_SrCl2_and_5.0_wt_YCl3.csv
[Run 565/508994] ✅ Saved: nist_libs_3.0_wt_CeCl3_and_4.0_wt_SrCl2_and_0.5_wt_YCl3.csv
[Run 566/508994] ✅ Saved: nist_libs_3.0_wt_CeCl3_and_4.0_wt_SrCl2_and_1.0_wt_YCl3.csv
[Run 567/508994] ✅ Saved: nist_libs_3.0_wt_CeCl3_and_4.0_wt_SrCl2_and_1.5_wt_YCl3.csv
[Run 568/508994] ✅ Saved: nist_libs_3.0_wt_CeCl3_and_4.0_wt_SrCl2_and_2.0_wt_YCl3.csv
[Run 569/508994] ✅ Saved: nist_libs_3.0_wt_CeCl3_and_4.0_wt_SrCl2_and_2.5_wt_YCl3.csv
[Run 571/508994] ✅ Saved: nist_libs_3.0_wt_CeCl3_and_4.0_wt_SrCl2_and_3.5_wt_YCl3.csv
[Run 572/508994] ✅ Saved: nist_libs_3.0_wt_CeCl3_and_4.0_wt_SrCl2_and_4.0_wt_YCl3.csv
[Run 570/508994] ✅ Saved: nist_libs_3.0_wt_CeCl3_and_4.0_wt_SrCl2_and_3.0_wt_YCl3.csv
[Run 573/508994] ✅ Saved: nist_libs_3.0_wt_CeCl3_and_4.0_wt_SrCl2_and_4.5_wt_YCl3.csv
[Run 574/508994] ✅ Saved: nist_libs_3.0_wt_CeCl3_and_4.0_wt_SrCl2_and_5.0_wt_YCl3.csv
[Run 575/508994] ✅ Saved: nist_libs_3.0_wt_CeCl3_and_4.5_wt_SrCl2_and_0.5_wt_YCl3.csv
[Run 576/508994] ✅ Saved: nist_libs_3.0_wt_CeCl3_and_4.5_wt_SrCl2_and_1.0_wt_YCl3.csv
[Run 577/508994] ✅ Saved: nist_libs_3.0_wt_CeCl3_and_4.5_wt_SrCl2_and_1.5_wt_YCl3.csv
[Run 578/508994] ✅ Saved: nist_libs_3.0_wt_CeCl3_and_4.5_wt_SrCl2_and_2.0_wt_YCl3.csv
[Run 580/508994] ✅ Saved: nist_libs_3.0_wt_CeCl3_and_4.5_wt_SrCl2_and_3.0_wt_YCl3.csv
[Run 579/508994] ✅ Saved: nist_libs_3.0_wt_CeCl3_and_4.5_wt_SrCl2_and_2.5_wt_YCl3.csv
[Run 581/508994] ✅ Saved: nist_libs_3.0_wt_CeCl3_and_4.5_wt_SrCl2_and_3.5_wt_YCl3.csv
[Run 583/508994] ✅ Saved: nist_libs_3.0_wt_CeCl3_and_4.5_wt_SrCl2_and_4.5_wt_YCl3.csv
[Run 582/508994] ✅ Saved: nist_libs_3.0_wt_CeCl3_and_4.5_wt_SrCl2_and_4.0_wt_YCl3.csv
[Run 584/508994] ✅ Saved: nist_libs_3.0_wt_CeCl3_and_4.5_wt_SrCl2_and_5.0_wt_YCl3.csv
[Run 585/508994] ✅ Saved: nist_libs_3.0_wt_CeCl3_and_5.0_wt_SrCl2_and_0.5_wt_YCl3.csv
[Run 587/508994] ✅ Saved: nist_libs_3.0_wt_CeCl3_and_5.0_wt_SrCl2_and_1.5_wt_YCl3.csv
[Run 586/508994] ✅ Saved: nist_libs_3.0_wt_CeCl3_and_5.0_wt_SrCl2_and_1.0_wt_YCl3.csv
[Run 588/508994] ✅ Saved: nist_libs_3.0_wt_CeCl3_and_5.0_wt_SrCl2_and_2.0_wt_YCl3.csv
[Run 589/508994] ✅ Saved: nist_libs_3.0_wt_CeCl3_and_5.0_wt_SrCl2_and_2.5_wt_YCl3.csv
[Run 590/508994] ✅ Saved: nist_libs_3.0_wt_CeCl3_and_5.0_wt_SrCl2_and_3.0_wt_YCl3.csv
[Run 592/508994] ✅ Saved: nist_libs_3.0_wt_CeCl3_and_5.0_wt_SrCl2_and_4.0_wt_YCl3.csv
[Run 591/508994] ✅ Saved: nist_libs_3.0_wt_CeCl3_and_5.0_wt_SrCl2_and_3.5_wt_YCl3.csv
[Run 593/508994] ✅ Saved: nist_libs_3.0_wt_CeCl3_and_5.0_wt_SrCl2_and_4.5_wt_YCl3.csv
[Run 594/508994] ✅ Saved: nist_libs_3.0_wt_CeCl3_and_5.0_wt_SrCl2_and_5.0_wt_YCl3.csv
[Run 595/508994] ✅ Saved: nist_libs_3.5_wt_CeCl3_and_0.5_wt_SrCl2_and_0.5_wt_YCl3.csv
[Run 597/508994] ✅ Saved: nist_libs_3.5_wt_CeCl3_and_0.5_wt_SrCl2_and_1.5_wt_YCl3.csv
[Run 596/508994] ✅ Saved: nist_libs_3.5_wt_CeCl3_and_0.5_wt_SrCl2_and_1.0_wt_YCl3.csv
[Run 598/508994] ✅ Saved: nist_libs_3.5_wt_CeCl3_and_0.5_wt_SrCl2_and_2.0_wt_YCl3.csv
[Run 599/508994] ✅ Saved: nist_libs_3.5_wt_CeCl3_and_0.5_wt_SrCl2_and_2.5_wt_YCl3.csv
[Run 600/508994] ✅ Saved: nist_libs_3.5_wt_CeCl3_and_0.5_wt_SrCl2_and_3.0_wt_YCl3.csv
[Run 601/508994] ✅ Saved: nist_libs_3.5_wt_CeCl3_and_0.5_wt_SrCl2_and_3.5_wt_YCl3.csv
[Run 602/508994] ✅ Saved: nist_libs_3.5_wt_CeCl3_and_0.5_wt_SrCl2_and_4.0_wt_YCl3.csv
[Run 603/508994] ✅ Saved: nist_libs_3.5_wt_CeCl3_and_0.5_wt_SrCl2_and_4.5_wt_YCl3.csv
[Run 604/508994] ✅ Saved: nist_libs_3.5_wt_CeCl3_and_0.5_wt_SrCl2_and_5.0_wt_YCl3.csv
[Run 605/508994] ✅ Saved: nist_libs_3.5_wt_CeCl3_and_1.0_wt_SrCl2_and_0.5_wt_YCl3.csv
[Run 606/508994] ✅ Saved: nist_libs_3.5_wt_CeCl3_and_1.0_wt_SrCl2_and_1.0_wt_YCl3.csv
[Run 607/508994] ✅ Saved: nist_libs_3.5_wt_CeCl3_and_1.0_wt_SrCl2_and_1.5_wt_YCl3.csv
[Run 608/508994] ✅ Saved: nist_libs_3.5_wt_CeCl3_and_1.0_wt_SrCl2_and_2.0_wt_YCl3.csv
[Run 609/508994] ✅ Saved: nist_libs_3.5_wt_CeCl3_and_1.0_wt_SrCl2_and_2.5_wt_YCl3.csv
[Run 610/508994] ✅ Saved: nist_libs_3.5_wt_CeCl3_and_1.0_wt_SrCl2_and_3.0_wt_YCl3.csv
[Run 611/508994] ✅ Saved: nist_libs_3.5_wt_CeCl3_and_1.0_wt_SrCl2_and_3.5_wt_YCl3.csv
[Run 612/508994] ✅ Saved: nist_libs_3.5_wt_CeCl3_and_1.0_wt_SrCl2_and_4.0_wt_YCl3.csv
[Run 614/508994] ✅ Saved: nist_libs_3.5_wt_CeCl3_and_1.0_wt_SrCl2_and_5.0_wt_YCl3.csv
[Run 613/508994] ✅ Saved: nist_libs_3.5_wt_CeCl3_and_1.0_wt_SrCl2_and_4.5_wt_YCl3.csv
[Run 615/508994] ✅ Saved: nist_libs_3.5_wt_CeCl3_and_1.5_wt_SrCl2_and_0.5_wt_YCl3.csv
[Run 616/508994] ✅ Saved: nist_libs_3.5_wt_CeCl3_and_1.5_wt_SrCl2_and_1.0_wt_YCl3.csv
[Run 617/508994] ✅ Saved: nist_libs_3.5_wt_CeCl3_and_1.5_wt_SrCl2_and_1.5_wt_YCl3.csv
[Run 618/508994] ✅ Saved: nist_libs_3.5_wt_CeCl3_and_1.5_wt_SrCl2_and_2.0_wt_YCl3.csv
[Run 619/508994] ✅ Saved: nist_libs_3.5_wt_CeCl3_and_1.5_wt_SrCl2_and_2.5_wt_YCl3.csv
[Run 620/508994] ✅ Saved: nist_libs_3.5_wt_CeCl3_and_1.5_wt_SrCl2_and_3.0_wt_YCl3.csv
[Run 621/508994] ✅ Saved: nist_libs_3.5_wt_CeCl3_and_1.5_wt_SrCl2_and_3.5_wt_YCl3.csv
[Run 622/508994] ✅ Saved: nist_libs_3.5_wt_CeCl3_and_1.5_wt_SrCl2_and_4.0_wt_YCl3.csv
[Run 623/508994] ✅ Saved: nist_libs_3.5_wt_CeCl3_and_1.5_wt_SrCl2_and_4.5_wt_YCl3.csv
[Run 624/508994] ✅ Saved: nist_libs_3.5_wt_CeCl3_and_1.5_wt_SrCl2_and_5.0_wt_YCl3.csv
[Run 625/508994] ✅ Saved: nist_libs_3.5_wt_CeCl3_and_2.0_wt_SrCl2_and_0.5_wt_YCl3.csv
[Run 627/508994] ✅ Saved: nist_libs_3.5_wt_CeCl3_and_2.0_wt_SrCl2_and_1.5_wt_YCl3.csv
[Run 626/508994] ✅ Saved: nist_libs_3.5_wt_CeCl3_and_2.0_wt_SrCl2_and_1.0_wt_YCl3.csv
[Run 628/508994] ✅ Saved: nist_libs_3.5_wt_CeCl3_and_2.0_wt_SrCl2_and_2.0_wt_YCl3.csv
[Run 629/508994] ✅ Saved: nist_libs_3.5_wt_CeCl3_and_2.0_wt_SrCl2_and_2.5_wt_YCl3.csv
[Run 630/508994] ✅ Saved: nist_libs_3.5_wt_CeCl3_and_2.0_wt_SrCl2_and_3.0_wt_YCl3.csv
[Run 631/508994] ✅ Saved: nist_libs_3.5_wt_CeCl3_and_2.0_wt_SrCl2_and_3.5_wt_YCl3.csv
[Run 632/508994] ✅ Saved: nist_libs_3.5_wt_CeCl3_and_2.0_wt_SrCl2_and_4.0_wt_YCl3.csv
[Run 633/508994] ✅ Saved: nist_libs_3.5_wt_CeCl3_and_2.0_wt_SrCl2_and_4.5_wt_YCl3.csv
[Run 635/508994] ✅ Saved: nist_libs_3.5_wt_CeCl3_and_2.5_wt_SrCl2_and_0.5_wt_YCl3.csv
[Run 634/508994] ✅ Saved: nist_libs_3.5_wt_CeCl3_and_2.0_wt_SrCl2_and_5.0_wt_YCl3.csv
[Run 636/508994] ✅ Saved: nist_libs_3.5_wt_CeCl3_and_2.5_wt_SrCl2_and_1.0_wt_YCl3.csv
[Run 637/508994] ✅ Saved: nist_libs_3.5_wt_CeCl3_and_2.5_wt_SrCl2_and_1.5_wt_YCl3.csv
[Run 638/508994] ✅ Saved: nist_libs_3.5_wt_CeCl3_and_2.5_wt_SrCl2_and_2.0_wt_YCl3.csv
[Run 639/508994] ✅ Saved: nist_libs_3.5_wt_CeCl3_and_2.5_wt_SrCl2_and_2.5_wt_YCl3.csv
[Run 641/508994] ✅ Saved: nist_libs_3.5_wt_CeCl3_and_2.5_wt_SrCl2_and_3.5_wt_YCl3.csv
[Run 640/508994] ✅ Saved: nist_libs_3.5_wt_CeCl3_and_2.5_wt_SrCl2_and_3.0_wt_YCl3.csv
[Run 642/508994] ✅ Saved: nist_libs_3.5_wt_CeCl3_and_2.5_wt_SrCl2_and_4.0_wt_YCl3.csv
[Run 643/508994] ✅ Saved: nist_libs_3.5_wt_CeCl3_and_2.5_wt_SrCl2_and_4.5_wt_YCl3.csv
[Run 644/508994] ✅ Saved: nist_libs_3.5_wt_CeCl3_and_2.5_wt_SrCl2_and_5.0_wt_YCl3.csv
[Run 645/508994] ✅ Saved: nist_libs_3.5_wt_CeCl3_and_3.0_wt_SrCl2_and_0.5_wt_YCl3.csv
[Run 646/508994] ✅ Saved: nist_libs_3.5_wt_CeCl3_and_3.0_wt_SrCl2_and_1.0_wt_YCl3.csv
[Run 647/508994] ✅ Saved: nist_libs_3.5_wt_CeCl3_and_3.0_wt_SrCl2_and_1.5_wt_YCl3.csv
[Run 649/508994] ✅ Saved: nist_libs_3.5_wt_CeCl3_and_3.0_wt_SrCl2_and_2.5_wt_YCl3.csv
[Run 648/508994] ✅ Saved: nist_libs_3.5_wt_CeCl3_and_3.0_wt_SrCl2_and_2.0_wt_YCl3.csv
[Run 650/508994] ✅ Saved: nist_libs_3.5_wt_CeCl3_and_3.0_wt_SrCl2_and_3.0_wt_YCl3.csv
[Run 651/508994] ✅ Saved: nist_libs_3.5_wt_CeCl3_and_3.0_wt_SrCl2_and_3.5_wt_YCl3.csv
[Run 652/508994] ✅ Saved: nist_libs_3.5_wt_CeCl3_and_3.0_wt_SrCl2_and_4.0_wt_YCl3.csv
[Run 654/508994] ✅ Saved: nist_libs_3.5_wt_CeCl3_and_3.0_wt_SrCl2_and_5.0_wt_YCl3.csv
[Run 653/508994] ✅ Saved: nist_libs_3.5_wt_CeCl3_and_3.0_wt_SrCl2_and_4.5_wt_YCl3.csv
[Run 655/508994] ✅ Saved: nist_libs_3.5_wt_CeCl3_and_3.5_wt_SrCl2_and_0.5_wt_YCl3.csv
[Run 656/508994] ✅ Saved: nist_libs_3.5_wt_CeCl3_and_3.5_wt_SrCl2_and_1.0_wt_YCl3.csv
[Run 657/508994] ✅ Saved: nist_libs_3.5_wt_CeCl3_and_3.5_wt_SrCl2_and_1.5_wt_YCl3.csv
[Run 658/508994] ✅ Saved: nist_libs_3.5_wt_CeCl3_and_3.5_wt_SrCl2_and_2.0_wt_YCl3.csv
[Run 659/508994] ✅ Saved: nist_libs_3.5_wt_CeCl3_and_3.5_wt_SrCl2_and_2.5_wt_YCl3.csv
[Run 661/508994] ✅ Saved: nist_libs_3.5_wt_CeCl3_and_3.5_wt_SrCl2_and_3.5_wt_YCl3.csv
[Run 660/508994] ✅ Saved: nist_libs_3.5_wt_CeCl3_and_3.5_wt_SrCl2_and_3.0_wt_YCl3.csv
[Run 662/508994] ✅ Saved: nist_libs_3.5_wt_CeCl3_and_3.5_wt_SrCl2_and_4.0_wt_YCl3.csv
[Run 663/508994] ✅ Saved: nist_libs_3.5_wt_CeCl3_and_3.5_wt_SrCl2_and_4.5_wt_YCl3.csv
[Run 664/508994] ✅ Saved: nist_libs_3.5_wt_CeCl3_and_3.5_wt_SrCl2_and_5.0_wt_YCl3.csv
[Run 665/508994] ✅ Saved: nist_libs_3.5_wt_CeCl3_and_4.0_wt_SrCl2_and_0.5_wt_YCl3.csv
[Run 666/508994] ✅ Saved: nist_libs_3.5_wt_CeCl3_and_4.0_wt_SrCl2_and_1.0_wt_YCl3.csv
[Run 667/508994] ✅ Saved: nist_libs_3.5_wt_CeCl3_and_4.0_wt_SrCl2_and_1.5_wt_YCl3.csv
[Run 668/508994] ✅ Saved: nist_libs_3.5_wt_CeCl3_and_4.0_wt_SrCl2_and_2.0_wt_YCl3.csv
[Run 670/508994] ✅ Saved: nist_libs_3.5_wt_CeCl3_and_4.0_wt_SrCl2_and_3.0_wt_YCl3.csv
[Run 669/508994] ✅ Saved: nist_libs_3.5_wt_CeCl3_and_4.0_wt_SrCl2_and_2.5_wt_YCl3.csv
[Run 671/508994] ✅ Saved: nist_libs_3.5_wt_CeCl3_and_4.0_wt_SrCl2_and_3.5_wt_YCl3.csv
[Run 672/508994] ✅ Saved: nist_libs_3.5_wt_CeCl3_and_4.0_wt_SrCl2_and_4.0_wt_YCl3.csv
[Run 673/508994] ✅ Saved: nist_libs_3.5_wt_CeCl3_and_4.0_wt_SrCl2_and_4.5_wt_YCl3.csv
[Run 674/508994] ✅ Saved: nist_libs_3.5_wt_CeCl3_and_4.0_wt_SrCl2_and_5.0_wt_YCl3.csv
[Run 675/508994] ✅ Saved: nist_libs_3.5_wt_CeCl3_and_4.5_wt_SrCl2_and_0.5_wt_YCl3.csv
[Run 676/508994] ✅ Saved: nist_libs_3.5_wt_CeCl3_and_4.5_wt_SrCl2_and_1.0_wt_YCl3.csv
[Run 677/508994] ✅ Saved: nist_libs_3.5_wt_CeCl3_and_4.5_wt_SrCl2_and_1.5_wt_YCl3.csv
[Run 678/508994] ✅ Saved: nist_libs_3.5_wt_CeCl3_and_4.5_wt_SrCl2_and_2.0_wt_YCl3.csv
[Run 679/508994] ✅ Saved: nist_libs_3.5_wt_CeCl3_and_4.5_wt_SrCl2_and_2.5_wt_YCl3.csv
[Run 680/508994] ✅ Saved: nist_libs_3.5_wt_CeCl3_and_4.5_wt_SrCl2_and_3.0_wt_YCl3.csv
[Run 681/508994] ✅ Saved: nist_libs_3.5_wt_CeCl3_and_4.5_wt_SrCl2_and_3.5_wt_YCl3.csv
[Run 682/508994] ✅ Saved: nist_libs_3.5_wt_CeCl3_and_4.5_wt_SrCl2_and_4.0_wt_YCl3.csv
[Run 683/508994] ✅ Saved: nist_libs_3.5_wt_CeCl3_and_4.5_wt_SrCl2_and_4.5_wt_YCl3.csv
[Run 684/508994] ✅ Saved: nist_libs_3.5_wt_CeCl3_and_4.5_wt_SrCl2_and_5.0_wt_YCl3.csv
[Run 685/508994] ✅ Saved: nist_libs_3.5_wt_CeCl3_and_5.0_wt_SrCl2_and_0.5_wt_YCl3.csv
[Run 686/508994] ✅ Saved: nist_libs_3.5_wt_CeCl3_and_5.0_wt_SrCl2_and_1.0_wt_YCl3.csv
[Run 687/508994] ✅ Saved: nist_libs_3.5_wt_CeCl3_and_5.0_wt_SrCl2_and_1.5_wt_YCl3.csv
[Run 688/508994] ✅ Saved: nist_libs_3.5_wt_CeCl3_and_5.0_wt_SrCl2_and_2.0_wt_YCl3.csv
[Run 689/508994] ✅ Saved: nist_libs_3.5_wt_CeCl3_and_5.0_wt_SrCl2_and_2.5_wt_YCl3.csv
[Run 690/508994] ✅ Saved: nist_libs_3.5_wt_CeCl3_and_5.0_wt_SrCl2_and_3.0_wt_YCl3.csv
[Run 691/508994] ✅ Saved: nist_libs_3.5_wt_CeCl3_and_5.0_wt_SrCl2_and_3.5_wt_YCl3.csv
[Run 692/508994] ✅ Saved: nist_libs_3.5_wt_CeCl3_and_5.0_wt_SrCl2_and_4.0_wt_YCl3.csv
[Run 693/508994] ✅ Saved: nist_libs_3.5_wt_CeCl3_and_5.0_wt_SrCl2_and_4.5_wt_YCl3.csv
[Run 694/508994] ✅ Saved: nist_libs_3.5_wt_CeCl3_and_5.0_wt_SrCl2_and_5.0_wt_YCl3.csv
[Run 695/508994] ✅ Saved: nist_libs_4.0_wt_CeCl3_and_0.5_wt_SrCl2_and_0.5_wt_YCl3.csv
[Run 696/508994] ✅ Saved: nist_libs_4.0_wt_CeCl3_and_0.5_wt_SrCl2_and_1.0_wt_YCl3.csv
[Run 697/508994] ✅ Saved: nist_libs_4.0_wt_CeCl3_and_0.5_wt_SrCl2_and_1.5_wt_YCl3.csv
[Run 698/508994] ✅ Saved: nist_libs_4.0_wt_CeCl3_and_0.5_wt_SrCl2_and_2.0_wt_YCl3.csv
[Run 700/508994] ✅ Saved: nist_libs_4.0_wt_CeCl3_and_0.5_wt_SrCl2_and_3.0_wt_YCl3.csv
[Run 699/508994] ✅ Saved: nist_libs_4.0_wt_CeCl3_and_0.5_wt_SrCl2_and_2.5_wt_YCl3.csv
[Run 701/508994] ✅ Saved: nist_libs_4.0_wt_CeCl3_and_0.5_wt_SrCl2_and_3.5_wt_YCl3.csv
[Run 702/508994] ✅ Saved: nist_libs_4.0_wt_CeCl3_and_0.5_wt_SrCl2_and_4.0_wt_YCl3.csv
[Run 703/508994] ✅ Saved: nist_libs_4.0_wt_CeCl3_and_0.5_wt_SrCl2_and_4.5_wt_YCl3.csv
[Run 704/508994] ✅ Saved: nist_libs_4.0_wt_CeCl3_and_0.5_wt_SrCl2_and_5.0_wt_YCl3.csv
[Run 705/508994] ✅ Saved: nist_libs_4.0_wt_CeCl3_and_1.0_wt_SrCl2_and_0.5_wt_YCl3.csv
[Run 706/508994] ✅ Saved: nist_libs_4.0_wt_CeCl3_and_1.0_wt_SrCl2_and_1.0_wt_YCl3.csv
[Run 708/508994] ✅ Saved: nist_libs_4.0_wt_CeCl3_and_1.0_wt_SrCl2_and_2.0_wt_YCl3.csv
[Run 707/508994] ✅ Saved: nist_libs_4.0_wt_CeCl3_and_1.0_wt_SrCl2_and_1.5_wt_YCl3.csv
[Run 709/508994] ✅ Saved: nist_libs_4.0_wt_CeCl3_and_1.0_wt_SrCl2_and_2.5_wt_YCl3.csv
[Run 710/508994] ✅ Saved: nist_libs_4.0_wt_CeCl3_and_1.0_wt_SrCl2_and_3.0_wt_YCl3.csv
[Run 711/508994] ✅ Saved: nist_libs_4.0_wt_CeCl3_and_1.0_wt_SrCl2_and_3.5_wt_YCl3.csv
[Run 713/508994] ✅ Saved: nist_libs_4.0_wt_CeCl3_and_1.0_wt_SrCl2_and_4.5_wt_YCl3.csv
[Run 712/508994] ✅ Saved: nist_libs_4.0_wt_CeCl3_and_1.0_wt_SrCl2_and_4.0_wt_YCl3.csv
[Run 714/508994] ✅ Saved: nist_libs_4.0_wt_CeCl3_and_1.0_wt_SrCl2_and_5.0_wt_YCl3.csv
[Run 715/508994] ✅ Saved: nist_libs_4.0_wt_CeCl3_and_1.5_wt_SrCl2_and_0.5_wt_YCl3.csv
[Run 716/508994] ✅ Saved: nist_libs_4.0_wt_CeCl3_and_1.5_wt_SrCl2_and_1.0_wt_YCl3.csv
[Run 718/508994] ✅ Saved: nist_libs_4.0_wt_CeCl3_and_1.5_wt_SrCl2_and_2.0_wt_YCl3.csv
[Run 717/508994] ✅ Saved: nist_libs_4.0_wt_CeCl3_and_1.5_wt_SrCl2_and_1.5_wt_YCl3.csv
[Run 719/508994] ✅ Saved: nist_libs_4.0_wt_CeCl3_and_1.5_wt_SrCl2_and_2.5_wt_YCl3.csv
[Run 720/508994] ✅ Saved: nist_libs_4.0_wt_CeCl3_and_1.5_wt_SrCl2_and_3.0_wt_YCl3.csv
[Run 722/508994] ✅ Saved: nist_libs_4.0_wt_CeCl3_and_1.5_wt_SrCl2_and_4.0_wt_YCl3.csv
[Run 721/508994] ✅ Saved: nist_libs_4.0_wt_CeCl3_and_1.5_wt_SrCl2_and_3.5_wt_YCl3.csv
[Run 723/508994] ✅ Saved: nist_libs_4.0_wt_CeCl3_and_1.5_wt_SrCl2_and_4.5_wt_YCl3.csv
[Run 724/508994] ✅ Saved: nist_libs_4.0_wt_CeCl3_and_1.5_wt_SrCl2_and_5.0_wt_YCl3.csv
[Run 726/508994] ✅ Saved: nist_libs_4.0_wt_CeCl3_and_2.0_wt_SrCl2_and_1.0_wt_YCl3.csv
[Run 725/508994] ✅ Saved: nist_libs_4.0_wt_CeCl3_and_2.0_wt_SrCl2_and_0.5_wt_YCl3.csv
[Run 727/508994] ✅ Saved: nist_libs_4.0_wt_CeCl3_and_2.0_wt_SrCl2_and_1.5_wt_YCl3.csv
[Run 728/508994] ✅ Saved: nist_libs_4.0_wt_CeCl3_and_2.0_wt_SrCl2_and_2.0_wt_YCl3.csv
[Run 730/508994] ✅ Saved: nist_libs_4.0_wt_CeCl3_and_2.0_wt_SrCl2_and_3.0_wt_YCl3.csv
[Run 729/508994] ✅ Saved: nist_libs_4.0_wt_CeCl3_and_2.0_wt_SrCl2_and_2.5_wt_YCl3.csv
[Run 731/508994] ✅ Saved: nist_libs_4.0_wt_CeCl3_and_2.0_wt_SrCl2_and_3.5_wt_YCl3.csv
[Run 732/508994] ✅ Saved: nist_libs_4.0_wt_CeCl3_and_2.0_wt_SrCl2_and_4.0_wt_YCl3.csv
[Run 733/508994] ✅ Saved: nist_libs_4.0_wt_CeCl3_and_2.0_wt_SrCl2_and_4.5_wt_YCl3.csv
[Run 734/508994] ✅ Saved: nist_libs_4.0_wt_CeCl3_and_2.0_wt_SrCl2_and_5.0_wt_YCl3.csv
[Run 735/508994] ✅ Saved: nist_libs_4.0_wt_CeCl3_and_2.5_wt_SrCl2_and_0.5_wt_YCl3.csv
[Run 736/508994] ✅ Saved: nist_libs_4.0_wt_CeCl3_and_2.5_wt_SrCl2_and_1.0_wt_YCl3.csv
[Run 738/508994] ✅ Saved: nist_libs_4.0_wt_CeCl3_and_2.5_wt_SrCl2_and_2.0_wt_YCl3.csv
[Run 737/508994] ✅ Saved: nist_libs_4.0_wt_CeCl3_and_2.5_wt_SrCl2_and_1.5_wt_YCl3.csv
[Run 739/508994] ✅ Saved: nist_libs_4.0_wt_CeCl3_and_2.5_wt_SrCl2_and_2.5_wt_YCl3.csv
[Run 740/508994] ✅ Saved: nist_libs_4.0_wt_CeCl3_and_2.5_wt_SrCl2_and_3.0_wt_YCl3.csv
[Run 741/508994] ✅ Saved: nist_libs_4.0_wt_CeCl3_and_2.5_wt_SrCl2_and_3.5_wt_YCl3.csv
[Run 742/508994] ✅ Saved: nist_libs_4.0_wt_CeCl3_and_2.5_wt_SrCl2_and_4.0_wt_YCl3.csv
[Run 743/508994] ✅ Saved: nist_libs_4.0_wt_CeCl3_and_2.5_wt_SrCl2_and_4.5_wt_YCl3.csv
[Run 744/508994] ✅ Saved: nist_libs_4.0_wt_CeCl3_and_2.5_wt_SrCl2_and_5.0_wt_YCl3.csv
[Run 745/508994] ✅ Saved: nist_libs_4.0_wt_CeCl3_and_3.0_wt_SrCl2_and_0.5_wt_YCl3.csv
[Run 746/508994] ✅ Saved: nist_libs_4.0_wt_CeCl3_and_3.0_wt_SrCl2_and_1.0_wt_YCl3.csv
[Run 748/508994] ✅ Saved: nist_libs_4.0_wt_CeCl3_and_3.0_wt_SrCl2_and_2.0_wt_YCl3.csv
[Run 747/508994] ✅ Saved: nist_libs_4.0_wt_CeCl3_and_3.0_wt_SrCl2_and_1.5_wt_YCl3.csv
[Run 749/508994] ✅ Saved: nist_libs_4.0_wt_CeCl3_and_3.0_wt_SrCl2_and_2.5_wt_YCl3.csv
[Run 750/508994] ✅ Saved: nist_libs_4.0_wt_CeCl3_and_3.0_wt_SrCl2_and_3.0_wt_YCl3.csv
[Run 751/508994] ✅ Saved: nist_libs_4.0_wt_CeCl3_and_3.0_wt_SrCl2_and_3.5_wt_YCl3.csv
[Run 752/508994] ✅ Saved: nist_libs_4.0_wt_CeCl3_and_3.0_wt_SrCl2_and_4.0_wt_YCl3.csv
[Run 753/508994] ✅ Saved: nist_libs_4.0_wt_CeCl3_and_3.0_wt_SrCl2_and_4.5_wt_YCl3.csv
[Run 754/508994] ✅ Saved: nist_libs_4.0_wt_CeCl3_and_3.0_wt_SrCl2_and_5.0_wt_YCl3.csv
[Run 756/508994] ✅ Saved: nist_libs_4.0_wt_CeCl3_and_3.5_wt_SrCl2_and_1.0_wt_YCl3.csv
[Run 755/508994] ✅ Saved: nist_libs_4.0_wt_CeCl3_and_3.5_wt_SrCl2_and_0.5_wt_YCl3.csv
[Run 757/508994] ✅ Saved: nist_libs_4.0_wt_CeCl3_and_3.5_wt_SrCl2_and_1.5_wt_YCl3.csv
[Run 758/508994] ✅ Saved: nist_libs_4.0_wt_CeCl3_and_3.5_wt_SrCl2_and_2.0_wt_YCl3.csv
[Run 760/508994] ✅ Saved: nist_libs_4.0_wt_CeCl3_and_3.5_wt_SrCl2_and_3.0_wt_YCl3.csv
[Run 759/508994] ✅ Saved: nist_libs_4.0_wt_CeCl3_and_3.5_wt_SrCl2_and_2.5_wt_YCl3.csv
[Run 761/508994] ✅ Saved: nist_libs_4.0_wt_CeCl3_and_3.5_wt_SrCl2_and_3.5_wt_YCl3.csv
[Run 762/508994] ✅ Saved: nist_libs_4.0_wt_CeCl3_and_3.5_wt_SrCl2_and_4.0_wt_YCl3.csv
[Run 764/508994] ✅ Saved: nist_libs_4.0_wt_CeCl3_and_3.5_wt_SrCl2_and_5.0_wt_YCl3.csv
[Run 763/508994] ✅ Saved: nist_libs_4.0_wt_CeCl3_and_3.5_wt_SrCl2_and_4.5_wt_YCl3.csv
[Run 765/508994] ✅ Saved: nist_libs_4.0_wt_CeCl3_and_4.0_wt_SrCl2_and_0.5_wt_YCl3.csv
[Run 766/508994] ✅ Saved: nist_libs_4.0_wt_CeCl3_and_4.0_wt_SrCl2_and_1.0_wt_YCl3.csv
[Run 768/508994] ✅ Saved: nist_libs_4.0_wt_CeCl3_and_4.0_wt_SrCl2_and_2.0_wt_YCl3.csv
[Run 767/508994] ✅ Saved: nist_libs_4.0_wt_CeCl3_and_4.0_wt_SrCl2_and_1.5_wt_YCl3.csv
[Run 769/508994] ✅ Saved: nist_libs_4.0_wt_CeCl3_and_4.0_wt_SrCl2_and_2.5_wt_YCl3.csv
[Run 770/508994] ✅ Saved: nist_libs_4.0_wt_CeCl3_and_4.0_wt_SrCl2_and_3.0_wt_YCl3.csv
[Run 771/508994] ✅ Saved: nist_libs_4.0_wt_CeCl3_and_4.0_wt_SrCl2_and_3.5_wt_YCl3.csv
[Run 772/508994] ✅ Saved: nist_libs_4.0_wt_CeCl3_and_4.0_wt_SrCl2_and_4.0_wt_YCl3.csv
[Run 773/508994] ✅ Saved: nist_libs_4.0_wt_CeCl3_and_4.0_wt_SrCl2_and_4.5_wt_YCl3.csv
[Run 776/508994] ✅ Saved: nist_libs_4.0_wt_CeCl3_and_4.5_wt_SrCl2_and_1.0_wt_YCl3.csv
[Run 774/508994] ✅ Saved: nist_libs_4.0_wt_CeCl3_and_4.0_wt_SrCl2_and_5.0_wt_YCl3.csv
[Run 775/508994] ✅ Saved: nist_libs_4.0_wt_CeCl3_and_4.5_wt_SrCl2_and_0.5_wt_YCl3.csv
[Run 777/508994] ✅ Saved: nist_libs_4.0_wt_CeCl3_and_4.5_wt_SrCl2_and_1.5_wt_YCl3.csv
[Run 778/508994] ✅ Saved: nist_libs_4.0_wt_CeCl3_and_4.5_wt_SrCl2_and_2.0_wt_YCl3.csv
[Run 780/508994] ✅ Saved: nist_libs_4.0_wt_CeCl3_and_4.5_wt_SrCl2_and_3.0_wt_YCl3.csv
[Run 779/508994] ✅ Saved: nist_libs_4.0_wt_CeCl3_and_4.5_wt_SrCl2_and_2.5_wt_YCl3.csv
[Run 781/508994] ✅ Saved: nist_libs_4.0_wt_CeCl3_and_4.5_wt_SrCl2_and_3.5_wt_YCl3.csv
[Run 782/508994] ✅ Saved: nist_libs_4.0_wt_CeCl3_and_4.5_wt_SrCl2_and_4.0_wt_YCl3.csv
[Run 783/508994] ✅ Saved: nist_libs_4.0_wt_CeCl3_and_4.5_wt_SrCl2_and_4.5_wt_YCl3.csv
[Run 784/508994] ✅ Saved: nist_libs_4.0_wt_CeCl3_and_4.5_wt_SrCl2_and_5.0_wt_YCl3.csv
[Run 785/508994] ✅ Saved: nist_libs_4.0_wt_CeCl3_and_5.0_wt_SrCl2_and_0.5_wt_YCl3.csv
[Run 786/508994] ✅ Saved: nist_libs_4.0_wt_CeCl3_and_5.0_wt_SrCl2_and_1.0_wt_YCl3.csv
[Run 788/508994] ✅ Saved: nist_libs_4.0_wt_CeCl3_and_5.0_wt_SrCl2_and_2.0_wt_YCl3.csv
[Run 787/508994] ✅ Saved: nist_libs_4.0_wt_CeCl3_and_5.0_wt_SrCl2_and_1.5_wt_YCl3.csv
[Run 789/508994] ✅ Saved: nist_libs_4.0_wt_CeCl3_and_5.0_wt_SrCl2_and_2.5_wt_YCl3.csv
[Run 790/508994] ✅ Saved: nist_libs_4.0_wt_CeCl3_and_5.0_wt_SrCl2_and_3.0_wt_YCl3.csv
[Run 792/508994] ✅ Saved: nist_libs_4.0_wt_CeCl3_and_5.0_wt_SrCl2_and_4.0_wt_YCl3.csv
[Run 791/508994] ✅ Saved: nist_libs_4.0_wt_CeCl3_and_5.0_wt_SrCl2_and_3.5_wt_YCl3.csv
[Run 793/508994] ✅ Saved: nist_libs_4.0_wt_CeCl3_and_5.0_wt_SrCl2_and_4.5_wt_YCl3.csv
[Run 794/508994] ✅ Saved: nist_libs_4.0_wt_CeCl3_and_5.0_wt_SrCl2_and_5.0_wt_YCl3.csv
[Run 795/508994] ✅ Saved: nist_libs_4.5_wt_CeCl3_and_0.5_wt_SrCl2_and_0.5_wt_YCl3.csv
[Run 796/508994] ✅ Saved: nist_libs_4.5_wt_CeCl3_and_0.5_wt_SrCl2_and_1.0_wt_YCl3.csv
[Run 797/508994] ✅ Saved: nist_libs_4.5_wt_CeCl3_and_0.5_wt_SrCl2_and_1.5_wt_YCl3.csv
[Run 798/508994] ✅ Saved: nist_libs_4.5_wt_CeCl3_and_0.5_wt_SrCl2_and_2.0_wt_YCl3.csv
[Run 799/508994] ✅ Saved: nist_libs_4.5_wt_CeCl3_and_0.5_wt_SrCl2_and_2.5_wt_YCl3.csv
[Run 801/508994] ✅ Saved: nist_libs_4.5_wt_CeCl3_and_0.5_wt_SrCl2_and_3.5_wt_YCl3.csv
[Run 800/508994] ✅ Saved: nist_libs_4.5_wt_CeCl3_and_0.5_wt_SrCl2_and_3.0_wt_YCl3.csv
[Run 802/508994] ✅ Saved: nist_libs_4.5_wt_CeCl3_and_0.5_wt_SrCl2_and_4.0_wt_YCl3.csv
[Run 803/508994] ✅ Saved: nist_libs_4.5_wt_CeCl3_and_0.5_wt_SrCl2_and_4.5_wt_YCl3.csv
[Run 804/508994] ✅ Saved: nist_libs_4.5_wt_CeCl3_and_0.5_wt_SrCl2_and_5.0_wt_YCl3.csv
[Run 806/508994] ✅ Saved: nist_libs_4.5_wt_CeCl3_and_1.0_wt_SrCl2_and_1.0_wt_YCl3.csv
[Run 805/508994] ✅ Saved: nist_libs_4.5_wt_CeCl3_and_1.0_wt_SrCl2_and_0.5_wt_YCl3.csv
[Run 807/508994] ✅ Saved: nist_libs_4.5_wt_CeCl3_and_1.0_wt_SrCl2_and_1.5_wt_YCl3.csv
[Run 808/508994] ✅ Saved: nist_libs_4.5_wt_CeCl3_and_1.0_wt_SrCl2_and_2.0_wt_YCl3.csv
[Run 810/508994] ✅ Saved: nist_libs_4.5_wt_CeCl3_and_1.0_wt_SrCl2_and_3.0_wt_YCl3.csv
[Run 809/508994] ✅ Saved: nist_libs_4.5_wt_CeCl3_and_1.0_wt_SrCl2_and_2.5_wt_YCl3.csv
[Run 811/508994] ✅ Saved: nist_libs_4.5_wt_CeCl3_and_1.0_wt_SrCl2_and_3.5_wt_YCl3.csv
[Run 812/508994] ✅ Saved: nist_libs_4.5_wt_CeCl3_and_1.0_wt_SrCl2_and_4.0_wt_YCl3.csv
[Run 813/508994] ✅ Saved: nist_libs_4.5_wt_CeCl3_and_1.0_wt_SrCl2_and_4.5_wt_YCl3.csv
[Run 814/508994] ✅ Saved: nist_libs_4.5_wt_CeCl3_and_1.0_wt_SrCl2_and_5.0_wt_YCl3.csv
[Run 815/508994] ✅ Saved: nist_libs_4.5_wt_CeCl3_and_1.5_wt_SrCl2_and_0.5_wt_YCl3.csv
[Run 817/508994] ✅ Saved: nist_libs_4.5_wt_CeCl3_and_1.5_wt_SrCl2_and_1.5_wt_YCl3.csv
[Run 816/508994] ✅ Saved: nist_libs_4.5_wt_CeCl3_and_1.5_wt_SrCl2_and_1.0_wt_YCl3.csv
[Run 818/508994] ✅ Saved: nist_libs_4.5_wt_CeCl3_and_1.5_wt_SrCl2_and_2.0_wt_YCl3.csv
[Run 819/508994] ✅ Saved: nist_libs_4.5_wt_CeCl3_and_1.5_wt_SrCl2_and_2.5_wt_YCl3.csv
[Run 820/508994] ✅ Saved: nist_libs_4.5_wt_CeCl3_and_1.5_wt_SrCl2_and_3.0_wt_YCl3.csv
[Run 821/508994] ✅ Saved: nist_libs_4.5_wt_CeCl3_and_1.5_wt_SrCl2_and_3.5_wt_YCl3.csv
[Run 822/508994] ✅ Saved: nist_libs_4.5_wt_CeCl3_and_1.5_wt_SrCl2_and_4.0_wt_YCl3.csv
[Run 823/508994] ✅ Saved: nist_libs_4.5_wt_CeCl3_and_1.5_wt_SrCl2_and_4.5_wt_YCl3.csv
[Run 824/508994] ✅ Saved: nist_libs_4.5_wt_CeCl3_and_1.5_wt_SrCl2_and_5.0_wt_YCl3.csv
[Run 825/508994] ✅ Saved: nist_libs_4.5_wt_CeCl3_and_2.0_wt_SrCl2_and_0.5_wt_YCl3.csv
[Run 826/508994] ✅ Saved: nist_libs_4.5_wt_CeCl3_and_2.0_wt_SrCl2_and_1.0_wt_YCl3.csv
[Run 827/508994] ✅ Saved: nist_libs_4.5_wt_CeCl3_and_2.0_wt_SrCl2_and_1.5_wt_YCl3.csv
[Run 829/508994] ✅ Saved: nist_libs_4.5_wt_CeCl3_and_2.0_wt_SrCl2_and_2.5_wt_YCl3.csv
[Run 828/508994] ✅ Saved: nist_libs_4.5_wt_CeCl3_and_2.0_wt_SrCl2_and_2.0_wt_YCl3.csv
[Run 830/508994] ✅ Saved: nist_libs_4.5_wt_CeCl3_and_2.0_wt_SrCl2_and_3.0_wt_YCl3.csv
[Run 831/508994] ✅ Saved: nist_libs_4.5_wt_CeCl3_and_2.0_wt_SrCl2_and_3.5_wt_YCl3.csv
[Run 832/508994] ✅ Saved: nist_libs_4.5_wt_CeCl3_and_2.0_wt_SrCl2_and_4.0_wt_YCl3.csv
[Run 833/508994] ✅ Saved: nist_libs_4.5_wt_CeCl3_and_2.0_wt_SrCl2_and_4.5_wt_YCl3.csv
[Run 834/508994] ✅ Saved: nist_libs_4.5_wt_CeCl3_and_2.0_wt_SrCl2_and_5.0_wt_YCl3.csv
[Run 835/508994] ✅ Saved: nist_libs_4.5_wt_CeCl3_and_2.5_wt_SrCl2_and_0.5_wt_YCl3.csv
[Run 836/508994] ✅ Saved: nist_libs_4.5_wt_CeCl3_and_2.5_wt_SrCl2_and_1.0_wt_YCl3.csv
[Run 837/508994] ✅ Saved: nist_libs_4.5_wt_CeCl3_and_2.5_wt_SrCl2_and_1.5_wt_YCl3.csv
[Run 838/508994] ✅ Saved: nist_libs_4.5_wt_CeCl3_and_2.5_wt_SrCl2_and_2.0_wt_YCl3.csv
[Run 839/508994] ✅ Saved: nist_libs_4.5_wt_CeCl3_and_2.5_wt_SrCl2_and_2.5_wt_YCl3.csv
[Run 840/508994] ✅ Saved: nist_libs_4.5_wt_CeCl3_and_2.5_wt_SrCl2_and_3.0_wt_YCl3.csv
[Run 842/508994] ✅ Saved: nist_libs_4.5_wt_CeCl3_and_2.5_wt_SrCl2_and_4.0_wt_YCl3.csv
[Run 841/508994] ✅ Saved: nist_libs_4.5_wt_CeCl3_and_2.5_wt_SrCl2_and_3.5_wt_YCl3.csv
[Run 843/508994] ✅ Saved: nist_libs_4.5_wt_CeCl3_and_2.5_wt_SrCl2_and_4.5_wt_YCl3.csv
[Run 844/508994] ✅ Saved: nist_libs_4.5_wt_CeCl3_and_2.5_wt_SrCl2_and_5.0_wt_YCl3.csv
[Run 845/508994] ✅ Saved: nist_libs_4.5_wt_CeCl3_and_3.0_wt_SrCl2_and_0.5_wt_YCl3.csv
[Run 846/508994] ✅ Saved: nist_libs_4.5_wt_CeCl3_and_3.0_wt_SrCl2_and_1.0_wt_YCl3.csv
[Run 847/508994] ✅ Saved: nist_libs_4.5_wt_CeCl3_and_3.0_wt_SrCl2_and_1.5_wt_YCl3.csv
[Run 848/508994] ✅ Saved: nist_libs_4.5_wt_CeCl3_and_3.0_wt_SrCl2_and_2.0_wt_YCl3.csv
[Run 849/508994] ✅ Saved: nist_libs_4.5_wt_CeCl3_and_3.0_wt_SrCl2_and_2.5_wt_YCl3.csv
[Run 850/508994] ✅ Saved: nist_libs_4.5_wt_CeCl3_and_3.0_wt_SrCl2_and_3.0_wt_YCl3.csv
[Run 851/508994] ✅ Saved: nist_libs_4.5_wt_CeCl3_and_3.0_wt_SrCl2_and_3.5_wt_YCl3.csv
[Run 852/508994] ✅ Saved: nist_libs_4.5_wt_CeCl3_and_3.0_wt_SrCl2_and_4.0_wt_YCl3.csv
[Run 853/508994] ✅ Saved: nist_libs_4.5_wt_CeCl3_and_3.0_wt_SrCl2_and_4.5_wt_YCl3.csv
[Run 854/508994] ✅ Saved: nist_libs_4.5_wt_CeCl3_and_3.0_wt_SrCl2_and_5.0_wt_YCl3.csv
[Run 855/508994] ✅ Saved: nist_libs_4.5_wt_CeCl3_and_3.5_wt_SrCl2_and_0.5_wt_YCl3.csv
[Run 856/508994] ✅ Saved: nist_libs_4.5_wt_CeCl3_and_3.5_wt_SrCl2_and_1.0_wt_YCl3.csv
[Run 857/508994] ✅ Saved: nist_libs_4.5_wt_CeCl3_and_3.5_wt_SrCl2_and_1.5_wt_YCl3.csv
[Run 858/508994] ✅ Saved: nist_libs_4.5_wt_CeCl3_and_3.5_wt_SrCl2_and_2.0_wt_YCl3.csv
[Run 859/508994] ✅ Saved: nist_libs_4.5_wt_CeCl3_and_3.5_wt_SrCl2_and_2.5_wt_YCl3.csv
[Run 860/508994] ✅ Saved: nist_libs_4.5_wt_CeCl3_and_3.5_wt_SrCl2_and_3.0_wt_YCl3.csv
[Run 861/508994] ✅ Saved: nist_libs_4.5_wt_CeCl3_and_3.5_wt_SrCl2_and_3.5_wt_YCl3.csv
[Run 862/508994] ✅ Saved: nist_libs_4.5_wt_CeCl3_and_3.5_wt_SrCl2_and_4.0_wt_YCl3.csv
[Run 863/508994] ✅ Saved: nist_libs_4.5_wt_CeCl3_and_3.5_wt_SrCl2_and_4.5_wt_YCl3.csv
[Run 864/508994] ✅ Saved: nist_libs_4.5_wt_CeCl3_and_3.5_wt_SrCl2_and_5.0_wt_YCl3.csv
[Run 865/508994] ✅ Saved: nist_libs_4.5_wt_CeCl3_and_4.0_wt_SrCl2_and_0.5_wt_YCl3.csv
[Run 866/508994] ✅ Saved: nist_libs_4.5_wt_CeCl3_and_4.0_wt_SrCl2_and_1.0_wt_YCl3.csv
[Run 867/508994] ✅ Saved: nist_libs_4.5_wt_CeCl3_and_4.0_wt_SrCl2_and_1.5_wt_YCl3.csv
[Run 868/508994] ✅ Saved: nist_libs_4.5_wt_CeCl3_and_4.0_wt_SrCl2_and_2.0_wt_YCl3.csv
[Run 869/508994] ✅ Saved: nist_libs_4.5_wt_CeCl3_and_4.0_wt_SrCl2_and_2.5_wt_YCl3.csv
[Run 870/508994] ✅ Saved: nist_libs_4.5_wt_CeCl3_and_4.0_wt_SrCl2_and_3.0_wt_YCl3.csv
[Run 871/508994] ✅ Saved: nist_libs_4.5_wt_CeCl3_and_4.0_wt_SrCl2_and_3.5_wt_YCl3.csv
[Run 872/508994] ✅ Saved: nist_libs_4.5_wt_CeCl3_and_4.0_wt_SrCl2_and_4.0_wt_YCl3.csv
[Run 873/508994] ✅ Saved: nist_libs_4.5_wt_CeCl3_and_4.0_wt_SrCl2_and_4.5_wt_YCl3.csv
[Run 874/508994] ✅ Saved: nist_libs_4.5_wt_CeCl3_and_4.0_wt_SrCl2_and_5.0_wt_YCl3.csv
[Run 875/508994] ✅ Saved: nist_libs_4.5_wt_CeCl3_and_4.5_wt_SrCl2_and_0.5_wt_YCl3.csv
[Run 876/508994] ✅ Saved: nist_libs_4.5_wt_CeCl3_and_4.5_wt_SrCl2_and_1.0_wt_YCl3.csv
[Run 878/508994] ✅ Saved: nist_libs_4.5_wt_CeCl3_and_4.5_wt_SrCl2_and_2.0_wt_YCl3.csv
[Run 877/508994] ✅ Saved: nist_libs_4.5_wt_CeCl3_and_4.5_wt_SrCl2_and_1.5_wt_YCl3.csv
[Run 879/508994] ✅ Saved: nist_libs_4.5_wt_CeCl3_and_4.5_wt_SrCl2_and_2.5_wt_YCl3.csv
[Run 880/508994] ✅ Saved: nist_libs_4.5_wt_CeCl3_and_4.5_wt_SrCl2_and_3.0_wt_YCl3.csv
[Run 881/508994] ✅ Saved: nist_libs_4.5_wt_CeCl3_and_4.5_wt_SrCl2_and_3.5_wt_YCl3.csv
[Run 882/508994] ✅ Saved: nist_libs_4.5_wt_CeCl3_and_4.5_wt_SrCl2_and_4.0_wt_YCl3.csv
[Run 883/508994] ✅ Saved: nist_libs_4.5_wt_CeCl3_and_4.5_wt_SrCl2_and_4.5_wt_YCl3.csv
[Run 884/508994] ✅ Saved: nist_libs_4.5_wt_CeCl3_and_4.5_wt_SrCl2_and_5.0_wt_YCl3.csv
[Run 885/508994] ✅ Saved: nist_libs_4.5_wt_CeCl3_and_5.0_wt_SrCl2_and_0.5_wt_YCl3.csv
[Run 886/508994] ✅ Saved: nist_libs_4.5_wt_CeCl3_and_5.0_wt_SrCl2_and_1.0_wt_YCl3.csv
[Run 887/508994] ✅ Saved: nist_libs_4.5_wt_CeCl3_and_5.0_wt_SrCl2_and_1.5_wt_YCl3.csv
[Run 888/508994] ✅ Saved: nist_libs_4.5_wt_CeCl3_and_5.0_wt_SrCl2_and_2.0_wt_YCl3.csv
[Run 889/508994] ✅ Saved: nist_libs_4.5_wt_CeCl3_and_5.0_wt_SrCl2_and_2.5_wt_YCl3.csv
[Run 890/508994] ✅ Saved: nist_libs_4.5_wt_CeCl3_and_5.0_wt_SrCl2_and_3.0_wt_YCl3.csv
[Run 892/508994] ✅ Saved: nist_libs_4.5_wt_CeCl3_and_5.0_wt_SrCl2_and_4.0_wt_YCl3.csv
[Run 891/508994] ✅ Saved: nist_libs_4.5_wt_CeCl3_and_5.0_wt_SrCl2_and_3.5_wt_YCl3.csv
[Run 893/508994] ✅ Saved: nist_libs_4.5_wt_CeCl3_and_5.0_wt_SrCl2_and_4.5_wt_YCl3.csv
[Run 896/508994] ✅ Saved: nist_libs_5.0_wt_CeCl3_and_0.5_wt_SrCl2_and_1.0_wt_YCl3.csv
[Run 894/508994] ✅ Saved: nist_libs_4.5_wt_CeCl3_and_5.0_wt_SrCl2_and_5.0_wt_YCl3.csv
[Run 895/508994] ✅ Saved: nist_libs_5.0_wt_CeCl3_and_0.5_wt_SrCl2_and_0.5_wt_YCl3.csv
[Run 897/508994] ✅ Saved: nist_libs_5.0_wt_CeCl3_and_0.5_wt_SrCl2_and_1.5_wt_YCl3.csv
[Run 898/508994] ✅ Saved: nist_libs_5.0_wt_CeCl3_and_0.5_wt_SrCl2_and_2.0_wt_YCl3.csv
[Run 899/508994] ✅ Saved: nist_libs_5.0_wt_CeCl3_and_0.5_wt_SrCl2_and_2.5_wt_YCl3.csv
[Run 901/508994] ✅ Saved: nist_libs_5.0_wt_CeCl3_and_0.5_wt_SrCl2_and_3.5_wt_YCl3.csv
[Run 900/508994] ✅ Saved: nist_libs_5.0_wt_CeCl3_and_0.5_wt_SrCl2_and_3.0_wt_YCl3.csv
[Run 902/508994] ✅ Saved: nist_libs_5.0_wt_CeCl3_and_0.5_wt_SrCl2_and_4.0_wt_YCl3.csv
[Run 903/508994] ✅ Saved: nist_libs_5.0_wt_CeCl3_and_0.5_wt_SrCl2_and_4.5_wt_YCl3.csv
[Run 904/508994] ✅ Saved: nist_libs_5.0_wt_CeCl3_and_0.5_wt_SrCl2_and_5.0_wt_YCl3.csv
[Run 905/508994] ✅ Saved: nist_libs_5.0_wt_CeCl3_and_1.0_wt_SrCl2_and_0.5_wt_YCl3.csv
[Run 906/508994] ✅ Saved: nist_libs_5.0_wt_CeCl3_and_1.0_wt_SrCl2_and_1.0_wt_YCl3.csv
[Run 909/508994] ✅ Saved: nist_libs_5.0_wt_CeCl3_and_1.0_wt_SrCl2_and_2.5_wt_YCl3.csv
[Run 908/508994] ✅ Saved: nist_libs_5.0_wt_CeCl3_and_1.0_wt_SrCl2_and_2.0_wt_YCl3.csv
[Run 907/508994] ✅ Saved: nist_libs_5.0_wt_CeCl3_and_1.0_wt_SrCl2_and_1.5_wt_YCl3.csv
[Run 910/508994] ✅ Saved: nist_libs_5.0_wt_CeCl3_and_1.0_wt_SrCl2_and_3.0_wt_YCl3.csv
[Run 911/508994] ✅ Saved: nist_libs_5.0_wt_CeCl3_and_1.0_wt_SrCl2_and_3.5_wt_YCl3.csv
[Run 912/508994] ✅ Saved: nist_libs_5.0_wt_CeCl3_and_1.0_wt_SrCl2_and_4.0_wt_YCl3.csv
[Run 913/508994] ✅ Saved: nist_libs_5.0_wt_CeCl3_and_1.0_wt_SrCl2_and_4.5_wt_YCl3.csv
[Run 914/508994] ✅ Saved: nist_libs_5.0_wt_CeCl3_and_1.0_wt_SrCl2_and_5.0_wt_YCl3.csv
[Run 915/508994] ✅ Saved: nist_libs_5.0_wt_CeCl3_and_1.5_wt_SrCl2_and_0.5_wt_YCl3.csv
[Run 916/508994] ✅ Saved: nist_libs_5.0_wt_CeCl3_and_1.5_wt_SrCl2_and_1.0_wt_YCl3.csv
[Run 918/508994] ✅ Saved: nist_libs_5.0_wt_CeCl3_and_1.5_wt_SrCl2_and_2.0_wt_YCl3.csv
[Run 917/508994] ✅ Saved: nist_libs_5.0_wt_CeCl3_and_1.5_wt_SrCl2_and_1.5_wt_YCl3.csv
[Run 919/508994] ✅ Saved: nist_libs_5.0_wt_CeCl3_and_1.5_wt_SrCl2_and_2.5_wt_YCl3.csv
[Run 921/508994] ✅ Saved: nist_libs_5.0_wt_CeCl3_and_1.5_wt_SrCl2_and_3.5_wt_YCl3.csv
[Run 920/508994] ✅ Saved: nist_libs_5.0_wt_CeCl3_and_1.5_wt_SrCl2_and_3.0_wt_YCl3.csv
[Run 922/508994] ✅ Saved: nist_libs_5.0_wt_CeCl3_and_1.5_wt_SrCl2_and_4.0_wt_YCl3.csv
[Run 923/508994] ✅ Saved: nist_libs_5.0_wt_CeCl3_and_1.5_wt_SrCl2_and_4.5_wt_YCl3.csv
[Run 925/508994] ✅ Saved: nist_libs_5.0_wt_CeCl3_and_2.0_wt_SrCl2_and_0.5_wt_YCl3.csv
[Run 926/508994] ✅ Saved: nist_libs_5.0_wt_CeCl3_and_2.0_wt_SrCl2_and_1.0_wt_YCl3.csv
[Run 924/508994] ✅ Saved: nist_libs_5.0_wt_CeCl3_and_1.5_wt_SrCl2_and_5.0_wt_YCl3.csv
[Run 927/508994] ✅ Saved: nist_libs_5.0_wt_CeCl3_and_2.0_wt_SrCl2_and_1.5_wt_YCl3.csv
[Run 928/508994] ✅ Saved: nist_libs_5.0_wt_CeCl3_and_2.0_wt_SrCl2_and_2.0_wt_YCl3.csv
[Run 929/508994] ✅ Saved: nist_libs_5.0_wt_CeCl3_and_2.0_wt_SrCl2_and_2.5_wt_YCl3.csv
[Run 930/508994] ✅ Saved: nist_libs_5.0_wt_CeCl3_and_2.0_wt_SrCl2_and_3.0_wt_YCl3.csv
[Run 931/508994] ✅ Saved: nist_libs_5.0_wt_CeCl3_and_2.0_wt_SrCl2_and_3.5_wt_YCl3.csv
[Run 932/508994] ✅ Saved: nist_libs_5.0_wt_CeCl3_and_2.0_wt_SrCl2_and_4.0_wt_YCl3.csv
[Run 935/508994] ✅ Saved: nist_libs_5.0_wt_CeCl3_and_2.5_wt_SrCl2_and_0.5_wt_YCl3.csv
[Run 934/508994] ✅ Saved: nist_libs_5.0_wt_CeCl3_and_2.0_wt_SrCl2_and_5.0_wt_YCl3.csv
[Run 933/508994] ✅ Saved: nist_libs_5.0_wt_CeCl3_and_2.0_wt_SrCl2_and_4.5_wt_YCl3.csv
[Run 936/508994] ✅ Saved: nist_libs_5.0_wt_CeCl3_and_2.5_wt_SrCl2_and_1.0_wt_YCl3.csv
[Run 937/508994] ✅ Saved: nist_libs_5.0_wt_CeCl3_and_2.5_wt_SrCl2_and_1.5_wt_YCl3.csv
[Run 938/508994] ✅ Saved: nist_libs_5.0_wt_CeCl3_and_2.5_wt_SrCl2_and_2.0_wt_YCl3.csv
[Run 939/508994] ✅ Saved: nist_libs_5.0_wt_CeCl3_and_2.5_wt_SrCl2_and_2.5_wt_YCl3.csv
[Run 940/508994] ✅ Saved: nist_libs_5.0_wt_CeCl3_and_2.5_wt_SrCl2_and_3.0_wt_YCl3.csv
[Run 941/508994] ✅ Saved: nist_libs_5.0_wt_CeCl3_and_2.5_wt_SrCl2_and_3.5_wt_YCl3.csv
[Run 942/508994] ✅ Saved: nist_libs_5.0_wt_CeCl3_and_2.5_wt_SrCl2_and_4.0_wt_YCl3.csv
[Run 943/508994] ✅ Saved: nist_libs_5.0_wt_CeCl3_and_2.5_wt_SrCl2_and_4.5_wt_YCl3.csv
[Run 944/508994] ✅ Saved: nist_libs_5.0_wt_CeCl3_and_2.5_wt_SrCl2_and_5.0_wt_YCl3.csv
[Run 945/508994] ✅ Saved: nist_libs_5.0_wt_CeCl3_and_3.0_wt_SrCl2_and_0.5_wt_YCl3.csv
[Run 946/508994] ✅ Saved: nist_libs_5.0_wt_CeCl3_and_3.0_wt_SrCl2_and_1.0_wt_YCl3.csv
[Run 947/508994] ✅ Saved: nist_libs_5.0_wt_CeCl3_and_3.0_wt_SrCl2_and_1.5_wt_YCl3.csv
[Run 948/508994] ✅ Saved: nist_libs_5.0_wt_CeCl3_and_3.0_wt_SrCl2_and_2.0_wt_YCl3.csv
[Run 949/508994] ✅ Saved: nist_libs_5.0_wt_CeCl3_and_3.0_wt_SrCl2_and_2.5_wt_YCl3.csv
[Run 950/508994] ✅ Saved: nist_libs_5.0_wt_CeCl3_and_3.0_wt_SrCl2_and_3.0_wt_YCl3.csv
[Run 951/508994] ✅ Saved: nist_libs_5.0_wt_CeCl3_and_3.0_wt_SrCl2_and_3.5_wt_YCl3.csv
[Run 952/508994] ✅ Saved: nist_libs_5.0_wt_CeCl3_and_3.0_wt_SrCl2_and_4.0_wt_YCl3.csv
[Run 953/508994] ✅ Saved: nist_libs_5.0_wt_CeCl3_and_3.0_wt_SrCl2_and_4.5_wt_YCl3.csv
[Run 954/508994] ✅ Saved: nist_libs_5.0_wt_CeCl3_and_3.0_wt_SrCl2_and_5.0_wt_YCl3.csv
[Run 955/508994] ✅ Saved: nist_libs_5.0_wt_CeCl3_and_3.5_wt_SrCl2_and_0.5_wt_YCl3.csv
[Run 956/508994] ✅ Saved: nist_libs_5.0_wt_CeCl3_and_3.5_wt_SrCl2_and_1.0_wt_YCl3.csv
[Run 957/508994] ✅ Saved: nist_libs_5.0_wt_CeCl3_and_3.5_wt_SrCl2_and_1.5_wt_YCl3.csv
[Run 958/508994] ✅ Saved: nist_libs_5.0_wt_CeCl3_and_3.5_wt_SrCl2_and_2.0_wt_YCl3.csv
[Run 959/508994] ✅ Saved: nist_libs_5.0_wt_CeCl3_and_3.5_wt_SrCl2_and_2.5_wt_YCl3.csv
[Run 960/508994] ✅ Saved: nist_libs_5.0_wt_CeCl3_and_3.5_wt_SrCl2_and_3.0_wt_YCl3.csv
[Run 961/508994] ✅ Saved: nist_libs_5.0_wt_CeCl3_and_3.5_wt_SrCl2_and_3.5_wt_YCl3.csv
[Run 963/508994] ✅ Saved: nist_libs_5.0_wt_CeCl3_and_3.5_wt_SrCl2_and_4.5_wt_YCl3.csv
[Run 962/508994] ✅ Saved: nist_libs_5.0_wt_CeCl3_and_3.5_wt_SrCl2_and_4.0_wt_YCl3.csv
[Run 964/508994] ✅ Saved: nist_libs_5.0_wt_CeCl3_and_3.5_wt_SrCl2_and_5.0_wt_YCl3.csv
[Run 965/508994] ✅ Saved: nist_libs_5.0_wt_CeCl3_and_4.0_wt_SrCl2_and_0.5_wt_YCl3.csv
[Run 966/508994] ✅ Saved: nist_libs_5.0_wt_CeCl3_and_4.0_wt_SrCl2_and_1.0_wt_YCl3.csv
[Run 967/508994] ✅ Saved: nist_libs_5.0_wt_CeCl3_and_4.0_wt_SrCl2_and_1.5_wt_YCl3.csv
[Run 968/508994] ✅ Saved: nist_libs_5.0_wt_CeCl3_and_4.0_wt_SrCl2_and_2.0_wt_YCl3.csv
[Run 969/508994] ✅ Saved: nist_libs_5.0_wt_CeCl3_and_4.0_wt_SrCl2_and_2.5_wt_YCl3.csv
[Run 970/508994] ✅ Saved: nist_libs_5.0_wt_CeCl3_and_4.0_wt_SrCl2_and_3.0_wt_YCl3.csv
[Run 972/508994] ✅ Saved: nist_libs_5.0_wt_CeCl3_and_4.0_wt_SrCl2_and_4.0_wt_YCl3.csv
[Run 971/508994] ✅ Saved: nist_libs_5.0_wt_CeCl3_and_4.0_wt_SrCl2_and_3.5_wt_YCl3.csv
[Run 973/508994] ✅ Saved: nist_libs_5.0_wt_CeCl3_and_4.0_wt_SrCl2_and_4.5_wt_YCl3.csv
[Run 974/508994] ✅ Saved: nist_libs_5.0_wt_CeCl3_and_4.0_wt_SrCl2_and_5.0_wt_YCl3.csv
[Run 976/508994] ✅ Saved: nist_libs_5.0_wt_CeCl3_and_4.5_wt_SrCl2_and_1.0_wt_YCl3.csv
[Run 977/508994] ✅ Saved: nist_libs_5.0_wt_CeCl3_and_4.5_wt_SrCl2_and_1.5_wt_YCl3.csv
[Run 975/508994] ✅ Saved: nist_libs_5.0_wt_CeCl3_and_4.5_wt_SrCl2_and_0.5_wt_YCl3.csv
[Run 978/508994] ✅ Saved: nist_libs_5.0_wt_CeCl3_and_4.5_wt_SrCl2_and_2.0_wt_YCl3.csv
[Run 979/508994] ✅ Saved: nist_libs_5.0_wt_CeCl3_and_4.5_wt_SrCl2_and_2.5_wt_YCl3.csv
[Run 980/508994] ✅ Saved: nist_libs_5.0_wt_CeCl3_and_4.5_wt_SrCl2_and_3.0_wt_YCl3.csv
[Run 981/508994] ✅ Saved: nist_libs_5.0_wt_CeCl3_and_4.5_wt_SrCl2_and_3.5_wt_YCl3.csv
[Run 982/508994] ✅ Saved: nist_libs_5.0_wt_CeCl3_and_4.5_wt_SrCl2_and_4.0_wt_YCl3.csv
[Run 983/508994] ✅ Saved: nist_libs_5.0_wt_CeCl3_and_4.5_wt_SrCl2_and_4.5_wt_YCl3.csv
[Run 984/508994] ✅ Saved: nist_libs_5.0_wt_CeCl3_and_4.5_wt_SrCl2_and_5.0_wt_YCl3.csv
[Run 985/508994] ✅ Saved: nist_libs_5.0_wt_CeCl3_and_5.0_wt_SrCl2_and_0.5_wt_YCl3.csv
[Run 986/508994] ✅ Saved: nist_libs_5.0_wt_CeCl3_and_5.0_wt_SrCl2_and_1.0_wt_YCl3.csv
[Run 987/508994] ✅ Saved: nist_libs_5.0_wt_CeCl3_and_5.0_wt_SrCl2_and_1.5_wt_YCl3.csv
[Run 989/508994] ✅ Saved: nist_libs_5.0_wt_CeCl3_and_5.0_wt_SrCl2_and_2.5_wt_YCl3.csv
[Run 988/508994] ✅ Saved: nist_libs_5.0_wt_CeCl3_and_5.0_wt_SrCl2_and_2.0_wt_YCl3.csv
[Run 990/508994] ✅ Saved: nist_libs_5.0_wt_CeCl3_and_5.0_wt_SrCl2_and_3.0_wt_YCl3.csv
[Run 991/508994] ✅ Saved: nist_libs_5.0_wt_CeCl3_and_5.0_wt_SrCl2_and_3.5_wt_YCl3.csv
[Run 992/508994] ✅ Saved: nist_libs_5.0_wt_CeCl3_and_5.0_wt_SrCl2_and_4.0_wt_YCl3.csv
[Run 993/508994] ✅ Saved: nist_libs_5.0_wt_CeCl3_and_5.0_wt_SrCl2_and_4.5_wt_YCl3.csv
[Run 994/508994] ✅ Saved: nist_libs_5.0_wt_CeCl3_and_5.0_wt_SrCl2_and_5.0_wt_YCl3.csv
[Run 995/508994] ✅ Saved: nist_libs_0.5_wt_CeCl3_and_0.5_wt_SrCl2_and_0.5_wt_FeCl2.csv
[Run 996/508994] ✅ Saved: nist_libs_0.5_wt_CeCl3_and_0.5_wt_SrCl2_and_1.0_wt_FeCl2.csv
[Run 997/508994] ✅ Saved: nist_libs_0.5_wt_CeCl3_and_0.5_wt_SrCl2_and_1.5_wt_FeCl2.csv
[Run 998/508994] ✅ Saved: nist_libs_0.5_wt_CeCl3_and_0.5_wt_SrCl2_and_2.0_wt_FeCl2.csv
[Run 999/508994] ✅ Saved: nist_libs_0.5_wt_CeCl3_and_0.5_wt_SrCl2_and_2.5_wt_FeCl2.csv
[Run 1000/508994] ✅ Saved: nist_libs_0.5_wt_CeCl3_and_0.5_wt_SrCl2_and_3.0_wt_FeCl2.csv
📦 Packaging batch 1 (1000 CSVs) -> _nist_libs_batch_0001.zip...
[Run 1001/508994] ✅ Saved: nist_libs_0.5_wt_CeCl3_and_0.5_wt_SrCl2_and_3.5_wt_FeCl2.csv
[Run 1002/508994] ✅ Saved: nist_libs_0.5_wt_CeCl3_and_0.5_wt_SrCl2_and_4.0_wt_FeCl2.csv
[Run 1003/508994] ✅ Saved: nist_libs_0.5_wt_CeCl3_and_0.5_wt_SrCl2_and_4.5_wt_FeCl2.csv
[Run 1005/508994] ✅ Saved: nist_libs_0.5_wt_CeCl3_and_1.0_wt_SrCl2_and_0.5_wt_FeCl2.csv
[Run 1004/508994] ✅ Saved: nist_libs_0.5_wt_CeCl3_and_0.5_wt_SrCl2_and_5.0_wt_FeCl2.csv
[Run 1006/508994] ✅ Saved: nist_libs_0.5_wt_CeCl3_and_1.0_wt_SrCl2_and_1.0_wt_FeCl2.csv
[Run 1007/508994] ✅ Saved: nist_libs_0.5_wt_CeCl3_and_1.0_wt_SrCl2_and_1.5_wt_FeCl2.csv
[Run 1008/508994] ✅ Saved: nist_libs_0.5_wt_CeCl3_and_1.0_wt_SrCl2_and_2.0_wt_FeCl2.csv
[Run 1009/508994] ✅ Saved: nist_libs_0.5_wt_CeCl3_and_1.0_wt_SrCl2_and_2.5_wt_FeCl2.csv
[Run 1010/508994] ✅ Saved: nist_libs_0.5_wt_CeCl3_and_1.0_wt_SrCl2_and_3.0_wt_FeCl2.csv
[Run 1011/508994] ✅ Saved: nist_libs_0.5_wt_CeCl3_and_1.0_wt_SrCl2_and_3.5_wt_FeCl2.csv
[Run 1012/508994] ✅ Saved: nist_libs_0.5_wt_CeCl3_and_1.0_wt_SrCl2_and_4.0_wt_FeCl2.csv
[Run 1013/508994] ✅ Saved: nist_libs_0.5_wt_CeCl3_and_1.0_wt_SrCl2_and_4.5_wt_FeCl2.csv
[Run 1014/508994] ✅ Saved: nist_libs_0.5_wt_CeCl3_and_1.0_wt_SrCl2_and_5.0_wt_FeCl2.csv
[Run 1015/508994] ✅ Saved: nist_libs_0.5_wt_CeCl3_and_1.5_wt_SrCl2_and_0.5_wt_FeCl2.csv
[Run 1016/508994] ✅ Saved: nist_libs_0.5_wt_CeCl3_and_1.5_wt_SrCl2_and_1.0_wt_FeCl2.csv
[Run 1017/508994] ✅ Saved: nist_libs_0.5_wt_CeCl3_and_1.5_wt_SrCl2_and_1.5_wt_FeCl2.csv
[Run 1018/508994] ✅ Saved: nist_libs_0.5_wt_CeCl3_and_1.5_wt_SrCl2_and_2.0_wt_FeCl2.csv
[Run 1019/508994] ✅ Saved: nist_libs_0.5_wt_CeCl3_and_1.5_wt_SrCl2_and_2.5_wt_FeCl2.csv
[Run 1020/508994] ✅ Saved: nist_libs_0.5_wt_CeCl3_and_1.5_wt_SrCl2_and_3.0_wt_FeCl2.csv
[Run 1021/508994] ✅ Saved: nist_libs_0.5_wt_CeCl3_and_1.5_wt_SrCl2_and_3.5_wt_FeCl2.csv
[Run 1022/508994] ✅ Saved: nist_libs_0.5_wt_CeCl3_and_1.5_wt_SrCl2_and_4.0_wt_FeCl2.csv
[Run 1023/508994] ✅ Saved: nist_libs_0.5_wt_CeCl3_and_1.5_wt_SrCl2_and_4.5_wt_FeCl2.csv
[Run 1024/508994] ✅ Saved: nist_libs_0.5_wt_CeCl3_and_1.5_wt_SrCl2_and_5.0_wt_FeCl2.csv
[Run 1025/508994] ✅ Saved: nist_libs_0.5_wt_CeCl3_and_2.0_wt_SrCl2_and_0.5_wt_FeCl2.csv
[Run 1026/508994] ✅ Saved: nist_libs_0.5_wt_CeCl3_and_2.0_wt_SrCl2_and_1.0_wt_FeCl2.csv
[Run 1027/508994] ✅ Saved: nist_libs_0.5_wt_CeCl3_and_2.0_wt_SrCl2_and_1.5_wt_FeCl2.csv
[Run 1028/508994] ✅ Saved: nist_libs_0.5_wt_CeCl3_and_2.0_wt_SrCl2_and_2.0_wt_FeCl2.csv
[Run 1029/508994] ✅ Saved: nist_libs_0.5_wt_CeCl3_and_2.0_wt_SrCl2_and_2.5_wt_FeCl2.csv
[Run 1030/508994] ✅ Saved: nist_libs_0.5_wt_CeCl3_and_2.0_wt_SrCl2_and_3.0_wt_FeCl2.csv
[Run 1031/508994] ✅ Saved: nist_libs_0.5_wt_CeCl3_and_2.0_wt_SrCl2_and_3.5_wt_FeCl2.csv
[Run 1032/508994] ✅ Saved: nist_libs_0.5_wt_CeCl3_and_2.0_wt_SrCl2_and_4.0_wt_FeCl2.csv
[Run 1033/508994] ✅ Saved: nist_libs_0.5_wt_CeCl3_and_2.0_wt_SrCl2_and_4.5_wt_FeCl2.csv
[Run 1034/508994] ✅ Saved: nist_libs_0.5_wt_CeCl3_and_2.0_wt_SrCl2_and_5.0_wt_FeCl2.csv
[Run 1035/508994] ✅ Saved: nist_libs_0.5_wt_CeCl3_and_2.5_wt_SrCl2_and_0.5_wt_FeCl2.csv
[Run 1036/508994] ✅ Saved: nist_libs_0.5_wt_CeCl3_and_2.5_wt_SrCl2_and_1.0_wt_FeCl2.csv
[Run 1037/508994] ✅ Saved: nist_libs_0.5_wt_CeCl3_and_2.5_wt_SrCl2_and_1.5_wt_FeCl2.csv
[Run 1038/508994] ✅ Saved: nist_libs_0.5_wt_CeCl3_and_2.5_wt_SrCl2_and_2.0_wt_FeCl2.csv
[Run 1039/508994] ✅ Saved: nist_libs_0.5_wt_CeCl3_and_2.5_wt_SrCl2_and_2.5_wt_FeCl2.csv
[Run 1040/508994] ✅ Saved: nist_libs_0.5_wt_CeCl3_and_2.5_wt_SrCl2_and_3.0_wt_FeCl2.csv
[Run 1041/508994] ✅ Saved: nist_libs_0.5_wt_CeCl3_and_2.5_wt_SrCl2_and_3.5_wt_FeCl2.csv
[Run 1042/508994] ✅ Saved: nist_libs_0.5_wt_CeCl3_and_2.5_wt_SrCl2_and_4.0_wt_FeCl2.csv
[Run 1043/508994] ✅ Saved: nist_libs_0.5_wt_CeCl3_and_2.5_wt_SrCl2_and_4.5_wt_FeCl2.csv
[Run 1044/508994] ✅ Saved: nist_libs_0.5_wt_CeCl3_and_2.5_wt_SrCl2_and_5.0_wt_FeCl2.csv
[Run 1045/508994] ✅ Saved: nist_libs_0.5_wt_CeCl3_and_3.0_wt_SrCl2_and_0.5_wt_FeCl2.csv
[Run 1046/508994] ✅ Saved: nist_libs_0.5_wt_CeCl3_and_3.0_wt_SrCl2_and_1.0_wt_FeCl2.csv
[Run 1047/508994] ✅ Saved: nist_libs_0.5_wt_CeCl3_and_3.0_wt_SrCl2_and_1.5_wt_FeCl2.csv
[Run 1048/508994] ✅ Saved: nist_libs_0.5_wt_CeCl3_and_3.0_wt_SrCl2_and_2.0_wt_FeCl2.csv
[Run 1049/508994] ✅ Saved: nist_libs_0.5_wt_CeCl3_and_3.0_wt_SrCl2_and_2.5_wt_FeCl2.csv
[Run 1050/508994] ✅ Saved: nist_libs_0.5_wt_CeCl3_and_3.0_wt_SrCl2_and_3.0_wt_FeCl2.csv
[Run 1051/508994] ✅ Saved: nist_libs_0.5_wt_CeCl3_and_3.0_wt_SrCl2_and_3.5_wt_FeCl2.csv
[Run 1052/508994] ✅ Saved: nist_libs_0.5_wt_CeCl3_and_3.0_wt_SrCl2_and_4.0_wt_FeCl2.csv
[Run 1053/508994] ✅ Saved: nist_libs_0.5_wt_CeCl3_and_3.0_wt_SrCl2_and_4.5_wt_FeCl2.csv
[Run 1054/508994] ✅ Saved: nist_libs_0.5_wt_CeCl3_and_3.0_wt_SrCl2_and_5.0_wt_FeCl2.csv
[Run 1055/508994] ✅ Saved: nist_libs_0.5_wt_CeCl3_and_3.5_wt_SrCl2_and_0.5_wt_FeCl2.csv
[Run 1056/508994] ✅ Saved: nist_libs_0.5_wt_CeCl3_and_3.5_wt_SrCl2_and_1.0_wt_FeCl2.csv
[Run 1057/508994] ✅ Saved: nist_libs_0.5_wt_CeCl3_and_3.5_wt_SrCl2_and_1.5_wt_FeCl2.csv
[Run 1058/508994] ✅ Saved: nist_libs_0.5_wt_CeCl3_and_3.5_wt_SrCl2_and_2.0_wt_FeCl2.csv
[Run 1059/508994] ✅ Saved: nist_libs_0.5_wt_CeCl3_and_3.5_wt_SrCl2_and_2.5_wt_FeCl2.csv
[Run 1060/508994] ✅ Saved: nist_libs_0.5_wt_CeCl3_and_3.5_wt_SrCl2_and_3.0_wt_FeCl2.csv
[Run 1061/508994] ✅ Saved: nist_libs_0.5_wt_CeCl3_and_3.5_wt_SrCl2_and_3.5_wt_FeCl2.csv
[Run 1062/508994] ✅ Saved: nist_libs_0.5_wt_CeCl3_and_3.5_wt_SrCl2_and_4.0_wt_FeCl2.csv
[Run 1063/508994] ✅ Saved: nist_libs_0.5_wt_CeCl3_and_3.5_wt_SrCl2_and_4.5_wt_FeCl2.csv
[Run 1064/508994] ✅ Saved: nist_libs_0.5_wt_CeCl3_and_3.5_wt_SrCl2_and_5.0_wt_FeCl2.csv
[Run 1065/508994] ✅ Saved: nist_libs_0.5_wt_CeCl3_and_4.0_wt_SrCl2_and_0.5_wt_FeCl2.csv
[Run 1066/508994] ✅ Saved: nist_libs_0.5_wt_CeCl3_and_4.0_wt_SrCl2_and_1.0_wt_FeCl2.csv
[Run 1067/508994] ✅ Saved: nist_libs_0.5_wt_CeCl3_and_4.0_wt_SrCl2_and_1.5_wt_FeCl2.csv
[Run 1068/508994] ✅ Saved: nist_libs_0.5_wt_CeCl3_and_4.0_wt_SrCl2_and_2.0_wt_FeCl2.csv
[Run 1069/508994] ✅ Saved: nist_libs_0.5_wt_CeCl3_and_4.0_wt_SrCl2_and_2.5_wt_FeCl2.csv
[Run 1070/508994] ✅ Saved: nist_libs_0.5_wt_CeCl3_and_4.0_wt_SrCl2_and_3.0_wt_FeCl2.csv
[Run 1071/508994] ✅ Saved: nist_libs_0.5_wt_CeCl3_and_4.0_wt_SrCl2_and_3.5_wt_FeCl2.csv
[Run 1072/508994] ✅ Saved: nist_libs_0.5_wt_CeCl3_and_4.0_wt_SrCl2_and_4.0_wt_FeCl2.csv
[Run 1073/508994] ✅ Saved: nist_libs_0.5_wt_CeCl3_and_4.0_wt_SrCl2_and_4.5_wt_FeCl2.csv
[Run 1074/508994] ✅ Saved: nist_libs_0.5_wt_CeCl3_and_4.0_wt_SrCl2_and_5.0_wt_FeCl2.csv
[Run 1075/508994] ✅ Saved: nist_libs_0.5_wt_CeCl3_and_4.5_wt_SrCl2_and_0.5_wt_FeCl2.csv
[Run 1076/508994] ✅ Saved: nist_libs_0.5_wt_CeCl3_and_4.5_wt_SrCl2_and_1.0_wt_FeCl2.csv
[Run 1077/508994] ✅ Saved: nist_libs_0.5_wt_CeCl3_and_4.5_wt_SrCl2_and_1.5_wt_FeCl2.csv
[Run 1078/508994] ✅ Saved: nist_libs_0.5_wt_CeCl3_and_4.5_wt_SrCl2_and_2.0_wt_FeCl2.csv
[Run 1079/508994] ✅ Saved: nist_libs_0.5_wt_CeCl3_and_4.5_wt_SrCl2_and_2.5_wt_FeCl2.csv
[Run 1081/508994] ✅ Saved: nist_libs_0.5_wt_CeCl3_and_4.5_wt_SrCl2_and_3.5_wt_FeCl2.csv
[Run 1080/508994] ✅ Saved: nist_libs_0.5_wt_CeCl3_and_4.5_wt_SrCl2_and_3.0_wt_FeCl2.csv
[Run 1082/508994] ✅ Saved: nist_libs_0.5_wt_CeCl3_and_4.5_wt_SrCl2_and_4.0_wt_FeCl2.csv
[Run 1083/508994] ✅ Saved: nist_libs_0.5_wt_CeCl3_and_4.5_wt_SrCl2_and_4.5_wt_FeCl2.csv
[Run 1084/508994] ✅ Saved: nist_libs_0.5_wt_CeCl3_and_4.5_wt_SrCl2_and_5.0_wt_FeCl2.csv
[Run 1085/508994] ✅ Saved: nist_libs_0.5_wt_CeCl3_and_5.0_wt_SrCl2_and_0.5_wt_FeCl2.csv
[Run 1086/508994] ✅ Saved: nist_libs_0.5_wt_CeCl3_and_5.0_wt_SrCl2_and_1.0_wt_FeCl2.csv
[Run 1087/508994] ✅ Saved: nist_libs_0.5_wt_CeCl3_and_5.0_wt_SrCl2_and_1.5_wt_FeCl2.csv
[Run 1088/508994] ✅ Saved: nist_libs_0.5_wt_CeCl3_and_5.0_wt_SrCl2_and_2.0_wt_FeCl2.csv
[Run 1089/508994] ✅ Saved: nist_libs_0.5_wt_CeCl3_and_5.0_wt_SrCl2_and_2.5_wt_FeCl2.csv
[Run 1090/508994] ✅ Saved: nist_libs_0.5_wt_CeCl3_and_5.0_wt_SrCl2_and_3.0_wt_FeCl2.csv
[Run 1091/508994] ✅ Saved: nist_libs_0.5_wt_CeCl3_and_5.0_wt_SrCl2_and_3.5_wt_FeCl2.csv
[Run 1092/508994] ✅ Saved: nist_libs_0.5_wt_CeCl3_and_5.0_wt_SrCl2_and_4.0_wt_FeCl2.csv
[Run 1093/508994] ✅ Saved: nist_libs_0.5_wt_CeCl3_and_5.0_wt_SrCl2_and_4.5_wt_FeCl2.csv
[Run 1094/508994] ✅ Saved: nist_libs_0.5_wt_CeCl3_and_5.0_wt_SrCl2_and_5.0_wt_FeCl2.csv
[Run 1095/508994] ✅ Saved: nist_libs_1.0_wt_CeCl3_and_0.5_wt_SrCl2_and_0.5_wt_FeCl2.csv
[Run 1096/508994] ✅ Saved: nist_libs_1.0_wt_CeCl3_and_0.5_wt_SrCl2_and_1.0_wt_FeCl2.csv
[Run 1097/508994] ✅ Saved: nist_libs_1.0_wt_CeCl3_and_0.5_wt_SrCl2_and_1.5_wt_FeCl2.csv
[Run 1098/508994] ✅ Saved: nist_libs_1.0_wt_CeCl3_and_0.5_wt_SrCl2_and_2.0_wt_FeCl2.csv
[Run 1099/508994] ✅ Saved: nist_libs_1.0_wt_CeCl3_and_0.5_wt_SrCl2_and_2.5_wt_FeCl2.csv
[Run 1100/508994] ✅ Saved: nist_libs_1.0_wt_CeCl3_and_0.5_wt_SrCl2_and_3.0_wt_FeCl2.csv
[Run 1101/508994] ✅ Saved: nist_libs_1.0_wt_CeCl3_and_0.5_wt_SrCl2_and_3.5_wt_FeCl2.csv
[Run 1102/508994] ✅ Saved: nist_libs_1.0_wt_CeCl3_and_0.5_wt_SrCl2_and_4.0_wt_FeCl2.csv
[Run 1103/508994] ✅ Saved: nist_libs_1.0_wt_CeCl3_and_0.5_wt_SrCl2_and_4.5_wt_FeCl2.csv
[Run 1104/508994] ✅ Saved: nist_libs_1.0_wt_CeCl3_and_0.5_wt_SrCl2_and_5.0_wt_FeCl2.csv
[Run 1105/508994] ✅ Saved: nist_libs_1.0_wt_CeCl3_and_1.0_wt_SrCl2_and_0.5_wt_FeCl2.csv
[Run 1106/508994] ✅ Saved: nist_libs_1.0_wt_CeCl3_and_1.0_wt_SrCl2_and_1.0_wt_FeCl2.csv
[Run 1107/508994] ✅ Saved: nist_libs_1.0_wt_CeCl3_and_1.0_wt_SrCl2_and_1.5_wt_FeCl2.csv
[Run 1108/508994] ✅ Saved: nist_libs_1.0_wt_CeCl3_and_1.0_wt_SrCl2_and_2.0_wt_FeCl2.csv
[Run 1109/508994] ✅ Saved: nist_libs_1.0_wt_CeCl3_and_1.0_wt_SrCl2_and_2.5_wt_FeCl2.csv
[Run 1110/508994] ✅ Saved: nist_libs_1.0_wt_CeCl3_and_1.0_wt_SrCl2_and_3.0_wt_FeCl2.csv
[Run 1111/508994] ✅ Saved: nist_libs_1.0_wt_CeCl3_and_1.0_wt_SrCl2_and_3.5_wt_FeCl2.csv
[Run 1112/508994] ✅ Saved: nist_libs_1.0_wt_CeCl3_and_1.0_wt_SrCl2_and_4.0_wt_FeCl2.csv
[Run 1113/508994] ✅ Saved: nist_libs_1.0_wt_CeCl3_and_1.0_wt_SrCl2_and_4.5_wt_FeCl2.csv
[Run 1114/508994] ✅ Saved: nist_libs_1.0_wt_CeCl3_and_1.0_wt_SrCl2_and_5.0_wt_FeCl2.csv
[Run 1115/508994] ✅ Saved: nist_libs_1.0_wt_CeCl3_and_1.5_wt_SrCl2_and_0.5_wt_FeCl2.csv
[Run 1116/508994] ✅ Saved: nist_libs_1.0_wt_CeCl3_and_1.5_wt_SrCl2_and_1.0_wt_FeCl2.csv
[Run 1117/508994] ✅ Saved: nist_libs_1.0_wt_CeCl3_and_1.5_wt_SrCl2_and_1.5_wt_FeCl2.csv
[Run 1119/508994] ✅ Saved: nist_libs_1.0_wt_CeCl3_and_1.5_wt_SrCl2_and_2.5_wt_FeCl2.csv
[Run 1118/508994] ✅ Saved: nist_libs_1.0_wt_CeCl3_and_1.5_wt_SrCl2_and_2.0_wt_FeCl2.csv
[Run 1120/508994] ✅ Saved: nist_libs_1.0_wt_CeCl3_and_1.5_wt_SrCl2_and_3.0_wt_FeCl2.csv
[Run 1121/508994] ✅ Saved: nist_libs_1.0_wt_CeCl3_and_1.5_wt_SrCl2_and_3.5_wt_FeCl2.csv
[Run 1122/508994] ✅ Saved: nist_libs_1.0_wt_CeCl3_and_1.5_wt_SrCl2_and_4.0_wt_FeCl2.csv
[Run 1123/508994] ✅ Saved: nist_libs_1.0_wt_CeCl3_and_1.5_wt_SrCl2_and_4.5_wt_FeCl2.csv
[Run 1124/508994] ✅ Saved: nist_libs_1.0_wt_CeCl3_and_1.5_wt_SrCl2_and_5.0_wt_FeCl2.csv
[Run 1125/508994] ✅ Saved: nist_libs_1.0_wt_CeCl3_and_2.0_wt_SrCl2_and_0.5_wt_FeCl2.csv
[Run 1126/508994] ✅ Saved: nist_libs_1.0_wt_CeCl3_and_2.0_wt_SrCl2_and_1.0_wt_FeCl2.csv
[Run 1127/508994] ✅ Saved: nist_libs_1.0_wt_CeCl3_and_2.0_wt_SrCl2_and_1.5_wt_FeCl2.csv
[Run 1128/508994] ✅ Saved: nist_libs_1.0_wt_CeCl3_and_2.0_wt_SrCl2_and_2.0_wt_FeCl2.csv
[Run 1129/508994] ✅ Saved: nist_libs_1.0_wt_CeCl3_and_2.0_wt_SrCl2_and_2.5_wt_FeCl2.csv
[Run 1130/508994] ✅ Saved: nist_libs_1.0_wt_CeCl3_and_2.0_wt_SrCl2_and_3.0_wt_FeCl2.csv
[Run 1131/508994] ✅ Saved: nist_libs_1.0_wt_CeCl3_and_2.0_wt_SrCl2_and_3.5_wt_FeCl2.csv
[Run 1132/508994] ✅ Saved: nist_libs_1.0_wt_CeCl3_and_2.0_wt_SrCl2_and_4.0_wt_FeCl2.csv
[Run 1133/508994] ✅ Saved: nist_libs_1.0_wt_CeCl3_and_2.0_wt_SrCl2_and_4.5_wt_FeCl2.csv
[Run 1134/508994] ✅ Saved: nist_libs_1.0_wt_CeCl3_and_2.0_wt_SrCl2_and_5.0_wt_FeCl2.csv
[Run 1135/508994] ✅ Saved: nist_libs_1.0_wt_CeCl3_and_2.5_wt_SrCl2_and_0.5_wt_FeCl2.csv
[Run 1136/508994] ✅ Saved: nist_libs_1.0_wt_CeCl3_and_2.5_wt_SrCl2_and_1.0_wt_FeCl2.csv
[Run 1137/508994] ✅ Saved: nist_libs_1.0_wt_CeCl3_and_2.5_wt_SrCl2_and_1.5_wt_FeCl2.csv
[Run 1138/508994] ✅ Saved: nist_libs_1.0_wt_CeCl3_and_2.5_wt_SrCl2_and_2.0_wt_FeCl2.csv
[Run 1139/508994] ✅ Saved: nist_libs_1.0_wt_CeCl3_and_2.5_wt_SrCl2_and_2.5_wt_FeCl2.csv
[Run 1140/508994] ✅ Saved: nist_libs_1.0_wt_CeCl3_and_2.5_wt_SrCl2_and_3.0_wt_FeCl2.csv
[Run 1141/508994] ✅ Saved: nist_libs_1.0_wt_CeCl3_and_2.5_wt_SrCl2_and_3.5_wt_FeCl2.csv
[Run 1142/508994] ✅ Saved: nist_libs_1.0_wt_CeCl3_and_2.5_wt_SrCl2_and_4.0_wt_FeCl2.csv
[Run 1143/508994] ✅ Saved: nist_libs_1.0_wt_CeCl3_and_2.5_wt_SrCl2_and_4.5_wt_FeCl2.csv
[Run 1144/508994] ✅ Saved: nist_libs_1.0_wt_CeCl3_and_2.5_wt_SrCl2_and_5.0_wt_FeCl2.csv
[Run 1145/508994] ✅ Saved: nist_libs_1.0_wt_CeCl3_and_3.0_wt_SrCl2_and_0.5_wt_FeCl2.csv
[Run 1146/508994] ✅ Saved: nist_libs_1.0_wt_CeCl3_and_3.0_wt_SrCl2_and_1.0_wt_FeCl2.csv
[Run 1147/508994] ✅ Saved: nist_libs_1.0_wt_CeCl3_and_3.0_wt_SrCl2_and_1.5_wt_FeCl2.csv
[Run 1148/508994] ✅ Saved: nist_libs_1.0_wt_CeCl3_and_3.0_wt_SrCl2_and_2.0_wt_FeCl2.csv
[Run 1149/508994] ✅ Saved: nist_libs_1.0_wt_CeCl3_and_3.0_wt_SrCl2_and_2.5_wt_FeCl2.csv
[Run 1150/508994] ✅ Saved: nist_libs_1.0_wt_CeCl3_and_3.0_wt_SrCl2_and_3.0_wt_FeCl2.csv
[Run 1151/508994] ✅ Saved: nist_libs_1.0_wt_CeCl3_and_3.0_wt_SrCl2_and_3.5_wt_FeCl2.csv
[Run 1152/508994] ✅ Saved: nist_libs_1.0_wt_CeCl3_and_3.0_wt_SrCl2_and_4.0_wt_FeCl2.csv
[Run 1153/508994] ✅ Saved: nist_libs_1.0_wt_CeCl3_and_3.0_wt_SrCl2_and_4.5_wt_FeCl2.csv
[Run 1154/508994] ✅ Saved: nist_libs_1.0_wt_CeCl3_and_3.0_wt_SrCl2_and_5.0_wt_FeCl2.csv
[Run 1155/508994] ✅ Saved: nist_libs_1.0_wt_CeCl3_and_3.5_wt_SrCl2_and_0.5_wt_FeCl2.csv
[Run 1156/508994] ✅ Saved: nist_libs_1.0_wt_CeCl3_and_3.5_wt_SrCl2_and_1.0_wt_FeCl2.csv
[Run 1157/508994] ✅ Saved: nist_libs_1.0_wt_CeCl3_and_3.5_wt_SrCl2_and_1.5_wt_FeCl2.csv
[Run 1158/508994] ✅ Saved: nist_libs_1.0_wt_CeCl3_and_3.5_wt_SrCl2_and_2.0_wt_FeCl2.csv
[Run 1159/508994] ✅ Saved: nist_libs_1.0_wt_CeCl3_and_3.5_wt_SrCl2_and_2.5_wt_FeCl2.csv
[Run 1160/508994] ✅ Saved: nist_libs_1.0_wt_CeCl3_and_3.5_wt_SrCl2_and_3.0_wt_FeCl2.csv
[Run 1161/508994] ✅ Saved: nist_libs_1.0_wt_CeCl3_and_3.5_wt_SrCl2_and_3.5_wt_FeCl2.csv
[Run 1162/508994] ✅ Saved: nist_libs_1.0_wt_CeCl3_and_3.5_wt_SrCl2_and_4.0_wt_FeCl2.csv
[Run 1163/508994] ✅ Saved: nist_libs_1.0_wt_CeCl3_and_3.5_wt_SrCl2_and_4.5_wt_FeCl2.csv
[Run 1164/508994] ✅ Saved: nist_libs_1.0_wt_CeCl3_and_3.5_wt_SrCl2_and_5.0_wt_FeCl2.csv
[Run 1165/508994] ✅ Saved: nist_libs_1.0_wt_CeCl3_and_4.0_wt_SrCl2_and_0.5_wt_FeCl2.csv
[Run 1166/508994] ✅ Saved: nist_libs_1.0_wt_CeCl3_and_4.0_wt_SrCl2_and_1.0_wt_FeCl2.csv
[Run 1167/508994] ✅ Saved: nist_libs_1.0_wt_CeCl3_and_4.0_wt_SrCl2_and_1.5_wt_FeCl2.csv
[Run 1168/508994] ✅ Saved: nist_libs_1.0_wt_CeCl3_and_4.0_wt_SrCl2_and_2.0_wt_FeCl2.csv
[Run 1169/508994] ✅ Saved: nist_libs_1.0_wt_CeCl3_and_4.0_wt_SrCl2_and_2.5_wt_FeCl2.csv
[Run 1170/508994] ✅ Saved: nist_libs_1.0_wt_CeCl3_and_4.0_wt_SrCl2_and_3.0_wt_FeCl2.csv
[Run 1171/508994] ✅ Saved: nist_libs_1.0_wt_CeCl3_and_4.0_wt_SrCl2_and_3.5_wt_FeCl2.csv
[Run 1172/508994] ✅ Saved: nist_libs_1.0_wt_CeCl3_and_4.0_wt_SrCl2_and_4.0_wt_FeCl2.csv
[Run 1173/508994] ✅ Saved: nist_libs_1.0_wt_CeCl3_and_4.0_wt_SrCl2_and_4.5_wt_FeCl2.csv
[Run 1174/508994] ✅ Saved: nist_libs_1.0_wt_CeCl3_and_4.0_wt_SrCl2_and_5.0_wt_FeCl2.csv
[Run 1175/508994] ✅ Saved: nist_libs_1.0_wt_CeCl3_and_4.5_wt_SrCl2_and_0.5_wt_FeCl2.csv
[Run 1176/508994] ✅ Saved: nist_libs_1.0_wt_CeCl3_and_4.5_wt_SrCl2_and_1.0_wt_FeCl2.csv
[Run 1177/508994] ✅ Saved: nist_libs_1.0_wt_CeCl3_and_4.5_wt_SrCl2_and_1.5_wt_FeCl2.csv
[Run 1178/508994] ✅ Saved: nist_libs_1.0_wt_CeCl3_and_4.5_wt_SrCl2_and_2.0_wt_FeCl2.csv
[Run 1179/508994] ✅ Saved: nist_libs_1.0_wt_CeCl3_and_4.5_wt_SrCl2_and_2.5_wt_FeCl2.csv
[Run 1180/508994] ✅ Saved: nist_libs_1.0_wt_CeCl3_and_4.5_wt_SrCl2_and_3.0_wt_FeCl2.csv
[Run 1181/508994] ✅ Saved: nist_libs_1.0_wt_CeCl3_and_4.5_wt_SrCl2_and_3.5_wt_FeCl2.csv
[Run 1182/508994] ✅ Saved: nist_libs_1.0_wt_CeCl3_and_4.5_wt_SrCl2_and_4.0_wt_FeCl2.csv
[Run 1183/508994] ✅ Saved: nist_libs_1.0_wt_CeCl3_and_4.5_wt_SrCl2_and_4.5_wt_FeCl2.csv
[Run 1184/508994] ✅ Saved: nist_libs_1.0_wt_CeCl3_and_4.5_wt_SrCl2_and_5.0_wt_FeCl2.csv
[Run 1185/508994] ✅ Saved: nist_libs_1.0_wt_CeCl3_and_5.0_wt_SrCl2_and_0.5_wt_FeCl2.csv
[Run 1186/508994] ✅ Saved: nist_libs_1.0_wt_CeCl3_and_5.0_wt_SrCl2_and_1.0_wt_FeCl2.csv
[Run 1187/508994] ✅ Saved: nist_libs_1.0_wt_CeCl3_and_5.0_wt_SrCl2_and_1.5_wt_FeCl2.csv
[Run 1188/508994] ✅ Saved: nist_libs_1.0_wt_CeCl3_and_5.0_wt_SrCl2_and_2.0_wt_FeCl2.csv
[Run 1189/508994] ✅ Saved: nist_libs_1.0_wt_CeCl3_and_5.0_wt_SrCl2_and_2.5_wt_FeCl2.csv
[Run 1190/508994] ✅ Saved: nist_libs_1.0_wt_CeCl3_and_5.0_wt_SrCl2_and_3.0_wt_FeCl2.csv
[Run 1191/508994] ✅ Saved: nist_libs_1.0_wt_CeCl3_and_5.0_wt_SrCl2_and_3.5_wt_FeCl2.csv
[Run 1192/508994] ✅ Saved: nist_libs_1.0_wt_CeCl3_and_5.0_wt_SrCl2_and_4.0_wt_FeCl2.csv
[Run 1193/508994] ✅ Saved: nist_libs_1.0_wt_CeCl3_and_5.0_wt_SrCl2_and_4.5_wt_FeCl2.csv
[Run 1194/508994] ✅ Saved: nist_libs_1.0_wt_CeCl3_and_5.0_wt_SrCl2_and_5.0_wt_FeCl2.csv
[Run 1195/508994] ✅ Saved: nist_libs_1.5_wt_CeCl3_and_0.5_wt_SrCl2_and_0.5_wt_FeCl2.csv
[Run 1196/508994] ✅ Saved: nist_libs_1.5_wt_CeCl3_and_0.5_wt_SrCl2_and_1.0_wt_FeCl2.csv
[Run 1197/508994] ✅ Saved: nist_libs_1.5_wt_CeCl3_and_0.5_wt_SrCl2_and_1.5_wt_FeCl2.csv
[Run 1198/508994] ✅ Saved: nist_libs_1.5_wt_CeCl3_and_0.5_wt_SrCl2_and_2.0_wt_FeCl2.csv
[Run 1199/508994] ✅ Saved: nist_libs_1.5_wt_CeCl3_and_0.5_wt_SrCl2_and_2.5_wt_FeCl2.csv
[Run 1200/508994] ✅ Saved: nist_libs_1.5_wt_CeCl3_and_0.5_wt_SrCl2_and_3.0_wt_FeCl2.csv
[Run 1201/508994] ✅ Saved: nist_libs_1.5_wt_CeCl3_and_0.5_wt_SrCl2_and_3.5_wt_FeCl2.csv
[Run 1202/508994] ✅ Saved: nist_libs_1.5_wt_CeCl3_and_0.5_wt_SrCl2_and_4.0_wt_FeCl2.csv
[Run 1203/508994] ✅ Saved: nist_libs_1.5_wt_CeCl3_and_0.5_wt_SrCl2_and_4.5_wt_FeCl2.csv
[Run 1205/508994] ✅ Saved: nist_libs_1.5_wt_CeCl3_and_1.0_wt_SrCl2_and_0.5_wt_FeCl2.csv
[Run 1204/508994] ✅ Saved: nist_libs_1.5_wt_CeCl3_and_0.5_wt_SrCl2_and_5.0_wt_FeCl2.csv
[Run 1206/508994] ✅ Saved: nist_libs_1.5_wt_CeCl3_and_1.0_wt_SrCl2_and_1.0_wt_FeCl2.csv
[Run 1207/508994] ✅ Saved: nist_libs_1.5_wt_CeCl3_and_1.0_wt_SrCl2_and_1.5_wt_FeCl2.csv
[Run 1209/508994] ✅ Saved: nist_libs_1.5_wt_CeCl3_and_1.0_wt_SrCl2_and_2.5_wt_FeCl2.csv
[Run 1208/508994] ✅ Saved: nist_libs_1.5_wt_CeCl3_and_1.0_wt_SrCl2_and_2.0_wt_FeCl2.csv
[Run 1210/508994] ✅ Saved: nist_libs_1.5_wt_CeCl3_and_1.0_wt_SrCl2_and_3.0_wt_FeCl2.csv
[Run 1211/508994] ✅ Saved: nist_libs_1.5_wt_CeCl3_and_1.0_wt_SrCl2_and_3.5_wt_FeCl2.csv
[Run 1212/508994] ✅ Saved: nist_libs_1.5_wt_CeCl3_and_1.0_wt_SrCl2_and_4.0_wt_FeCl2.csv
[Run 1213/508994] ✅ Saved: nist_libs_1.5_wt_CeCl3_and_1.0_wt_SrCl2_and_4.5_wt_FeCl2.csv
[Run 1215/508994] ✅ Saved: nist_libs_1.5_wt_CeCl3_and_1.5_wt_SrCl2_and_0.5_wt_FeCl2.csv
[Run 1214/508994] ✅ Saved: nist_libs_1.5_wt_CeCl3_and_1.0_wt_SrCl2_and_5.0_wt_FeCl2.csv
[Run 1216/508994] ✅ Saved: nist_libs_1.5_wt_CeCl3_and_1.5_wt_SrCl2_and_1.0_wt_FeCl2.csv
[Run 1217/508994] ✅ Saved: nist_libs_1.5_wt_CeCl3_and_1.5_wt_SrCl2_and_1.5_wt_FeCl2.csv
[Run 1218/508994] ✅ Saved: nist_libs_1.5_wt_CeCl3_and_1.5_wt_SrCl2_and_2.0_wt_FeCl2.csv
[Run 1219/508994] ✅ Saved: nist_libs_1.5_wt_CeCl3_and_1.5_wt_SrCl2_and_2.5_wt_FeCl2.csv
[Run 1221/508994] ✅ Saved: nist_libs_1.5_wt_CeCl3_and_1.5_wt_SrCl2_and_3.5_wt_FeCl2.csv
[Run 1220/508994] ✅ Saved: nist_libs_1.5_wt_CeCl3_and_1.5_wt_SrCl2_and_3.0_wt_FeCl2.csv
[Run 1223/508994] ✅ Saved: nist_libs_1.5_wt_CeCl3_and_1.5_wt_SrCl2_and_4.5_wt_FeCl2.csv
[Run 1222/508994] ✅ Saved: nist_libs_1.5_wt_CeCl3_and_1.5_wt_SrCl2_and_4.0_wt_FeCl2.csv
[Run 1224/508994] ✅ Saved: nist_libs_1.5_wt_CeCl3_and_1.5_wt_SrCl2_and_5.0_wt_FeCl2.csv
[Run 1225/508994] ✅ Saved: nist_libs_1.5_wt_CeCl3_and_2.0_wt_SrCl2_and_0.5_wt_FeCl2.csv
[Run 1226/508994] ✅ Saved: nist_libs_1.5_wt_CeCl3_and_2.0_wt_SrCl2_and_1.0_wt_FeCl2.csv
[Run 1227/508994] ✅ Saved: nist_libs_1.5_wt_CeCl3_and_2.0_wt_SrCl2_and_1.5_wt_FeCl2.csv
[Run 1228/508994] ✅ Saved: nist_libs_1.5_wt_CeCl3_and_2.0_wt_SrCl2_and_2.0_wt_FeCl2.csv
[Run 1229/508994] ✅ Saved: nist_libs_1.5_wt_CeCl3_and_2.0_wt_SrCl2_and_2.5_wt_FeCl2.csv
[Run 1230/508994] ✅ Saved: nist_libs_1.5_wt_CeCl3_and_2.0_wt_SrCl2_and_3.0_wt_FeCl2.csv
[Run 1231/508994] ✅ Saved: nist_libs_1.5_wt_CeCl3_and_2.0_wt_SrCl2_and_3.5_wt_FeCl2.csv
[Run 1232/508994] ✅ Saved: nist_libs_1.5_wt_CeCl3_and_2.0_wt_SrCl2_and_4.0_wt_FeCl2.csv
[Run 1233/508994] ✅ Saved: nist_libs_1.5_wt_CeCl3_and_2.0_wt_SrCl2_and_4.5_wt_FeCl2.csv
[Run 1234/508994] ✅ Saved: nist_libs_1.5_wt_CeCl3_and_2.0_wt_SrCl2_and_5.0_wt_FeCl2.csv
[Run 1235/508994] ✅ Saved: nist_libs_1.5_wt_CeCl3_and_2.5_wt_SrCl2_and_0.5_wt_FeCl2.csv
[Run 1237/508994] ✅ Saved: nist_libs_1.5_wt_CeCl3_and_2.5_wt_SrCl2_and_1.5_wt_FeCl2.csv
[Run 1236/508994] ✅ Saved: nist_libs_1.5_wt_CeCl3_and_2.5_wt_SrCl2_and_1.0_wt_FeCl2.csv
[Run 1238/508994] ✅ Saved: nist_libs_1.5_wt_CeCl3_and_2.5_wt_SrCl2_and_2.0_wt_FeCl2.csv
[Run 1239/508994] ✅ Saved: nist_libs_1.5_wt_CeCl3_and_2.5_wt_SrCl2_and_2.5_wt_FeCl2.csv
[Run 1240/508994] ✅ Saved: nist_libs_1.5_wt_CeCl3_and_2.5_wt_SrCl2_and_3.0_wt_FeCl2.csv
[Run 1241/508994] ✅ Saved: nist_libs_1.5_wt_CeCl3_and_2.5_wt_SrCl2_and_3.5_wt_FeCl2.csv
[Run 1242/508994] ✅ Saved: nist_libs_1.5_wt_CeCl3_and_2.5_wt_SrCl2_and_4.0_wt_FeCl2.csv
[Run 1243/508994] ✅ Saved: nist_libs_1.5_wt_CeCl3_and_2.5_wt_SrCl2_and_4.5_wt_FeCl2.csv
[Run 1244/508994] ✅ Saved: nist_libs_1.5_wt_CeCl3_and_2.5_wt_SrCl2_and_5.0_wt_FeCl2.csv
[Run 1245/508994] ✅ Saved: nist_libs_1.5_wt_CeCl3_and_3.0_wt_SrCl2_and_0.5_wt_FeCl2.csv
[Run 1246/508994] ✅ Saved: nist_libs_1.5_wt_CeCl3_and_3.0_wt_SrCl2_and_1.0_wt_FeCl2.csv
[Run 1247/508994] ✅ Saved: nist_libs_1.5_wt_CeCl3_and_3.0_wt_SrCl2_and_1.5_wt_FeCl2.csv
[Run 1248/508994] ✅ Saved: nist_libs_1.5_wt_CeCl3_and_3.0_wt_SrCl2_and_2.0_wt_FeCl2.csv
[Run 1249/508994] ✅ Saved: nist_libs_1.5_wt_CeCl3_and_3.0_wt_SrCl2_and_2.5_wt_FeCl2.csv
[Run 1250/508994] ✅ Saved: nist_libs_1.5_wt_CeCl3_and_3.0_wt_SrCl2_and_3.0_wt_FeCl2.csv
[Run 1251/508994] ✅ Saved: nist_libs_1.5_wt_CeCl3_and_3.0_wt_SrCl2_and_3.5_wt_FeCl2.csv
[Run 1253/508994] ✅ Saved: nist_libs_1.5_wt_CeCl3_and_3.0_wt_SrCl2_and_4.5_wt_FeCl2.csv
[Run 1252/508994] ✅ Saved: nist_libs_1.5_wt_CeCl3_and_3.0_wt_SrCl2_and_4.0_wt_FeCl2.csv
[Run 1254/508994] ✅ Saved: nist_libs_1.5_wt_CeCl3_and_3.0_wt_SrCl2_and_5.0_wt_FeCl2.csv
[Run 1255/508994] ✅ Saved: nist_libs_1.5_wt_CeCl3_and_3.5_wt_SrCl2_and_0.5_wt_FeCl2.csv
[Run 1256/508994] ✅ Saved: nist_libs_1.5_wt_CeCl3_and_3.5_wt_SrCl2_and_1.0_wt_FeCl2.csv
[Run 1257/508994] ✅ Saved: nist_libs_1.5_wt_CeCl3_and_3.5_wt_SrCl2_and_1.5_wt_FeCl2.csv
[Run 1258/508994] ✅ Saved: nist_libs_1.5_wt_CeCl3_and_3.5_wt_SrCl2_and_2.0_wt_FeCl2.csv
[Run 1259/508994] ✅ Saved: nist_libs_1.5_wt_CeCl3_and_3.5_wt_SrCl2_and_2.5_wt_FeCl2.csv
[Run 1260/508994] ✅ Saved: nist_libs_1.5_wt_CeCl3_and_3.5_wt_SrCl2_and_3.0_wt_FeCl2.csv
[Run 1261/508994] ✅ Saved: nist_libs_1.5_wt_CeCl3_and_3.5_wt_SrCl2_and_3.5_wt_FeCl2.csv
