==========================================================
Job Started: Thu Aug 27 03:24:40 PM EDT 2026
Running on node: athena209
Job ID: 3015298
Scratch Directory: /tmp/slurm_3015298
==========================================================
NIST_data.py loading ...
🔍 Pre-scanning grid to find uncompleted runs...
🚀 Found 560000 remaining simulation runs to execute.
⚡ Processing with 4 concurrent threads (1.2s worker delay)...
[Run 3/560000] ✅ Saved: nist_libs_0.5_wt_CeCl3_and_0.5_wt_SmCl3_and_1.5_wt_LaCl3.csv
[Run 4/560000] ✅ Saved: nist_libs_0.5_wt_CeCl3_and_0.5_wt_SmCl3_and_2.0_wt_LaCl3.csv
[Run 1/560000] ✅ Saved: nist_libs_0.5_wt_CeCl3_and_0.5_wt_SmCl3_and_0.5_wt_LaCl3.csv
[Run 2/560000] ✅ Saved: nist_libs_0.5_wt_CeCl3_and_0.5_wt_SmCl3_and_1.0_wt_LaCl3.csv
[Run 5/560000] ✅ Saved: nist_libs_0.5_wt_CeCl3_and_0.5_wt_SmCl3_and_2.5_wt_LaCl3.csv
[Run 6/560000] ✅ Saved: nist_libs_0.5_wt_CeCl3_and_0.5_wt_SmCl3_and_3.0_wt_LaCl3.csv
[Run 8/560000] ✅ Saved: nist_libs_0.5_wt_CeCl3_and_0.5_wt_SmCl3_and_4.0_wt_LaCl3.csv
[Run 7/560000] ✅ Saved: nist_libs_0.5_wt_CeCl3_and_0.5_wt_SmCl3_and_3.5_wt_LaCl3.csv
[Run 9/560000] ✅ Saved: nist_libs_0.5_wt_CeCl3_and_0.5_wt_SmCl3_and_4.5_wt_LaCl3.csv
[Run 10/560000] ✅ Saved: nist_libs_0.5_wt_CeCl3_and_0.5_wt_SmCl3_and_5.0_wt_LaCl3.csv
[Run 11/560000] ✅ Saved: nist_libs_0.5_wt_CeCl3_and_1.0_wt_SmCl3_and_0.5_wt_LaCl3.csv
[Run 12/560000] ✅ Saved: nist_libs_0.5_wt_CeCl3_and_1.0_wt_SmCl3_and_1.0_wt_LaCl3.csv
[Run 14/560000] ✅ Saved: nist_libs_0.5_wt_CeCl3_and_1.0_wt_SmCl3_and_2.0_wt_LaCl3.csv
[Run 13/560000] ✅ Saved: nist_libs_0.5_wt_CeCl3_and_1.0_wt_SmCl3_and_1.5_wt_LaCl3.csv
[Run 15/560000] ✅ Saved: nist_libs_0.5_wt_CeCl3_and_1.0_wt_SmCl3_and_2.5_wt_LaCl3.csv
[Run 16/560000] ✅ Saved: nist_libs_0.5_wt_CeCl3_and_1.0_wt_SmCl3_and_3.0_wt_LaCl3.csv
[Run 18/560000] ✅ Saved: nist_libs_0.5_wt_CeCl3_and_1.0_wt_SmCl3_and_4.0_wt_LaCl3.csv
[Run 17/560000] ✅ Saved: nist_libs_0.5_wt_CeCl3_and_1.0_wt_SmCl3_and_3.5_wt_LaCl3.csv
[Run 19/560000] ✅ Saved: nist_libs_0.5_wt_CeCl3_and_1.0_wt_SmCl3_and_4.5_wt_LaCl3.csv
[Run 20/560000] ✅ Saved: nist_libs_0.5_wt_CeCl3_and_1.0_wt_SmCl3_and_5.0_wt_LaCl3.csv
[Run 21/560000] ✅ Saved: nist_libs_0.5_wt_CeCl3_and_1.5_wt_SmCl3_and_0.5_wt_LaCl3.csv
[Run 22/560000] ✅ Saved: nist_libs_0.5_wt_CeCl3_and_1.5_wt_SmCl3_and_1.0_wt_LaCl3.csv
[Run 23/560000] ✅ Saved: nist_libs_0.5_wt_CeCl3_and_1.5_wt_SmCl3_and_1.5_wt_LaCl3.csv
[Run 24/560000] ✅ Saved: nist_libs_0.5_wt_CeCl3_and_1.5_wt_SmCl3_and_2.0_wt_LaCl3.csv
[Run 25/560000] ✅ Saved: nist_libs_0.5_wt_CeCl3_and_1.5_wt_SmCl3_and_2.5_wt_LaCl3.csv
[Run 26/560000] ✅ Saved: nist_libs_0.5_wt_CeCl3_and_1.5_wt_SmCl3_and_3.0_wt_LaCl3.csv
[Run 27/560000] ✅ Saved: nist_libs_0.5_wt_CeCl3_and_1.5_wt_SmCl3_and_3.5_wt_LaCl3.csv
[Run 28/560000] ✅ Saved: nist_libs_0.5_wt_CeCl3_and_1.5_wt_SmCl3_and_4.0_wt_LaCl3.csv
[Run 30/560000] ✅ Saved: nist_libs_0.5_wt_CeCl3_and_1.5_wt_SmCl3_and_5.0_wt_LaCl3.csv
[Run 29/560000] ✅ Saved: nist_libs_0.5_wt_CeCl3_and_1.5_wt_SmCl3_and_4.5_wt_LaCl3.csv
[Run 32/560000] ✅ Saved: nist_libs_0.5_wt_CeCl3_and_2.0_wt_SmCl3_and_1.0_wt_LaCl3.csv
[Run 31/560000] ✅ Saved: nist_libs_0.5_wt_CeCl3_and_2.0_wt_SmCl3_and_0.5_wt_LaCl3.csv
[Run 33/560000] ✅ Saved: nist_libs_0.5_wt_CeCl3_and_2.0_wt_SmCl3_and_1.5_wt_LaCl3.csv
[Run 35/560000] ✅ Saved: nist_libs_0.5_wt_CeCl3_and_2.0_wt_SmCl3_and_2.5_wt_LaCl3.csv
[Run 34/560000] ✅ Saved: nist_libs_0.5_wt_CeCl3_and_2.0_wt_SmCl3_and_2.0_wt_LaCl3.csv
[Run 36/560000] ✅ Saved: nist_libs_0.5_wt_CeCl3_and_2.0_wt_SmCl3_and_3.0_wt_LaCl3.csv
[Run 37/560000] ✅ Saved: nist_libs_0.5_wt_CeCl3_and_2.0_wt_SmCl3_and_3.5_wt_LaCl3.csv
[Run 38/560000] ✅ Saved: nist_libs_0.5_wt_CeCl3_and_2.0_wt_SmCl3_and_4.0_wt_LaCl3.csv
[Run 39/560000] ✅ Saved: nist_libs_0.5_wt_CeCl3_and_2.0_wt_SmCl3_and_4.5_wt_LaCl3.csv
[Run 40/560000] ✅ Saved: nist_libs_0.5_wt_CeCl3_and_2.0_wt_SmCl3_and_5.0_wt_LaCl3.csv
[Run 41/560000] ✅ Saved: nist_libs_0.5_wt_CeCl3_and_2.5_wt_SmCl3_and_0.5_wt_LaCl3.csv
[Run 42/560000] ✅ Saved: nist_libs_0.5_wt_CeCl3_and_2.5_wt_SmCl3_and_1.0_wt_LaCl3.csv
[Run 43/560000] ✅ Saved: nist_libs_0.5_wt_CeCl3_and_2.5_wt_SmCl3_and_1.5_wt_LaCl3.csv
[Run 44/560000] ✅ Saved: nist_libs_0.5_wt_CeCl3_and_2.5_wt_SmCl3_and_2.0_wt_LaCl3.csv
[Run 45/560000] ✅ Saved: nist_libs_0.5_wt_CeCl3_and_2.5_wt_SmCl3_and_2.5_wt_LaCl3.csv
[Run 46/560000] ✅ Saved: nist_libs_0.5_wt_CeCl3_and_2.5_wt_SmCl3_and_3.0_wt_LaCl3.csv
[Run 47/560000] ✅ Saved: nist_libs_0.5_wt_CeCl3_and_2.5_wt_SmCl3_and_3.5_wt_LaCl3.csv
[Run 48/560000] ✅ Saved: nist_libs_0.5_wt_CeCl3_and_2.5_wt_SmCl3_and_4.0_wt_LaCl3.csv
[Run 49/560000] ✅ Saved: nist_libs_0.5_wt_CeCl3_and_2.5_wt_SmCl3_and_4.5_wt_LaCl3.csv
[Run 50/560000] ✅ Saved: nist_libs_0.5_wt_CeCl3_and_2.5_wt_SmCl3_and_5.0_wt_LaCl3.csv
[Run 51/560000] ✅ Saved: nist_libs_0.5_wt_CeCl3_and_3.0_wt_SmCl3_and_0.5_wt_LaCl3.csv
[Run 52/560000] ✅ Saved: nist_libs_0.5_wt_CeCl3_and_3.0_wt_SmCl3_and_1.0_wt_LaCl3.csv
[Run 54/560000] ✅ Saved: nist_libs_0.5_wt_CeCl3_and_3.0_wt_SmCl3_and_2.0_wt_LaCl3.csv
[Run 53/560000] ✅ Saved: nist_libs_0.5_wt_CeCl3_and_3.0_wt_SmCl3_and_1.5_wt_LaCl3.csv
[Run 55/560000] ✅ Saved: nist_libs_0.5_wt_CeCl3_and_3.0_wt_SmCl3_and_2.5_wt_LaCl3.csv
[Run 56/560000] ✅ Saved: nist_libs_0.5_wt_CeCl3_and_3.0_wt_SmCl3_and_3.0_wt_LaCl3.csv
[Run 58/560000] ✅ Saved: nist_libs_0.5_wt_CeCl3_and_3.0_wt_SmCl3_and_4.0_wt_LaCl3.csv
[Run 57/560000] ✅ Saved: nist_libs_0.5_wt_CeCl3_and_3.0_wt_SmCl3_and_3.5_wt_LaCl3.csv
[Run 59/560000] ✅ Saved: nist_libs_0.5_wt_CeCl3_and_3.0_wt_SmCl3_and_4.5_wt_LaCl3.csv
[Run 60/560000] ✅ Saved: nist_libs_0.5_wt_CeCl3_and_3.0_wt_SmCl3_and_5.0_wt_LaCl3.csv
[Run 61/560000] ✅ Saved: nist_libs_0.5_wt_CeCl3_and_3.5_wt_SmCl3_and_0.5_wt_LaCl3.csv
[Run 62/560000] ✅ Saved: nist_libs_0.5_wt_CeCl3_and_3.5_wt_SmCl3_and_1.0_wt_LaCl3.csv
[Run 63/560000] ✅ Saved: nist_libs_0.5_wt_CeCl3_and_3.5_wt_SmCl3_and_1.5_wt_LaCl3.csv
[Run 64/560000] ✅ Saved: nist_libs_0.5_wt_CeCl3_and_3.5_wt_SmCl3_and_2.0_wt_LaCl3.csv
[Run 66/560000] ✅ Saved: nist_libs_0.5_wt_CeCl3_and_3.5_wt_SmCl3_and_3.0_wt_LaCl3.csv
[Run 65/560000] ✅ Saved: nist_libs_0.5_wt_CeCl3_and_3.5_wt_SmCl3_and_2.5_wt_LaCl3.csv
[Run 68/560000] ✅ Saved: nist_libs_0.5_wt_CeCl3_and_3.5_wt_SmCl3_and_4.0_wt_LaCl3.csv
[Run 67/560000] ✅ Saved: nist_libs_0.5_wt_CeCl3_and_3.5_wt_SmCl3_and_3.5_wt_LaCl3.csv
[Run 69/560000] ✅ Saved: nist_libs_0.5_wt_CeCl3_and_3.5_wt_SmCl3_and_4.5_wt_LaCl3.csv
[Run 70/560000] ✅ Saved: nist_libs_0.5_wt_CeCl3_and_3.5_wt_SmCl3_and_5.0_wt_LaCl3.csv
[Run 71/560000] ✅ Saved: nist_libs_0.5_wt_CeCl3_and_4.0_wt_SmCl3_and_0.5_wt_LaCl3.csv
[Run 72/560000] ✅ Saved: nist_libs_0.5_wt_CeCl3_and_4.0_wt_SmCl3_and_1.0_wt_LaCl3.csv
[Run 73/560000] ✅ Saved: nist_libs_0.5_wt_CeCl3_and_4.0_wt_SmCl3_and_1.5_wt_LaCl3.csv
[Run 74/560000] ✅ Saved: nist_libs_0.5_wt_CeCl3_and_4.0_wt_SmCl3_and_2.0_wt_LaCl3.csv
[Run 76/560000] ✅ Saved: nist_libs_0.5_wt_CeCl3_and_4.0_wt_SmCl3_and_3.0_wt_LaCl3.csv
[Run 77/560000] ✅ Saved: nist_libs_0.5_wt_CeCl3_and_4.0_wt_SmCl3_and_3.5_wt_LaCl3.csv
[Run 78/560000] ✅ Saved: nist_libs_0.5_wt_CeCl3_and_4.0_wt_SmCl3_and_4.0_wt_LaCl3.csv
[Run 75/560000] ✅ Saved: nist_libs_0.5_wt_CeCl3_and_4.0_wt_SmCl3_and_2.5_wt_LaCl3.csv
[Run 79/560000] ✅ Saved: nist_libs_0.5_wt_CeCl3_and_4.0_wt_SmCl3_and_4.5_wt_LaCl3.csv
[Run 81/560000] ✅ Saved: nist_libs_0.5_wt_CeCl3_and_4.5_wt_SmCl3_and_0.5_wt_LaCl3.csv
[Run 80/560000] ✅ Saved: nist_libs_0.5_wt_CeCl3_and_4.0_wt_SmCl3_and_5.0_wt_LaCl3.csv
[Run 82/560000] ✅ Saved: nist_libs_0.5_wt_CeCl3_and_4.5_wt_SmCl3_and_1.0_wt_LaCl3.csv
[Run 83/560000] ✅ Saved: nist_libs_0.5_wt_CeCl3_and_4.5_wt_SmCl3_and_1.5_wt_LaCl3.csv
[Run 84/560000] ✅ Saved: nist_libs_0.5_wt_CeCl3_and_4.5_wt_SmCl3_and_2.0_wt_LaCl3.csv
[Run 86/560000] ✅ Saved: nist_libs_0.5_wt_CeCl3_and_4.5_wt_SmCl3_and_3.0_wt_LaCl3.csv
[Run 85/560000] ✅ Saved: nist_libs_0.5_wt_CeCl3_and_4.5_wt_SmCl3_and_2.5_wt_LaCl3.csv
[Run 87/560000] ✅ Saved: nist_libs_0.5_wt_CeCl3_and_4.5_wt_SmCl3_and_3.5_wt_LaCl3.csv
[Run 88/560000] ✅ Saved: nist_libs_0.5_wt_CeCl3_and_4.5_wt_SmCl3_and_4.0_wt_LaCl3.csv
[Run 90/560000] ✅ Saved: nist_libs_0.5_wt_CeCl3_and_4.5_wt_SmCl3_and_5.0_wt_LaCl3.csv
[Run 89/560000] ✅ Saved: nist_libs_0.5_wt_CeCl3_and_4.5_wt_SmCl3_and_4.5_wt_LaCl3.csv
[Run 91/560000] ✅ Saved: nist_libs_0.5_wt_CeCl3_and_5.0_wt_SmCl3_and_0.5_wt_LaCl3.csv
[Run 92/560000] ✅ Saved: nist_libs_0.5_wt_CeCl3_and_5.0_wt_SmCl3_and_1.0_wt_LaCl3.csv
[Run 93/560000] ✅ Saved: nist_libs_0.5_wt_CeCl3_and_5.0_wt_SmCl3_and_1.5_wt_LaCl3.csv
[Run 94/560000] ✅ Saved: nist_libs_0.5_wt_CeCl3_and_5.0_wt_SmCl3_and_2.0_wt_LaCl3.csv
[Run 95/560000] ✅ Saved: nist_libs_0.5_wt_CeCl3_and_5.0_wt_SmCl3_and_2.5_wt_LaCl3.csv
[Run 96/560000] ✅ Saved: nist_libs_0.5_wt_CeCl3_and_5.0_wt_SmCl3_and_3.0_wt_LaCl3.csv
[Run 97/560000] ✅ Saved: nist_libs_0.5_wt_CeCl3_and_5.0_wt_SmCl3_and_3.5_wt_LaCl3.csv
[Run 98/560000] ✅ Saved: nist_libs_0.5_wt_CeCl3_and_5.0_wt_SmCl3_and_4.0_wt_LaCl3.csv
[Run 99/560000] ✅ Saved: nist_libs_0.5_wt_CeCl3_and_5.0_wt_SmCl3_and_4.5_wt_LaCl3.csv
[Run 100/560000] ✅ Saved: nist_libs_0.5_wt_CeCl3_and_5.0_wt_SmCl3_and_5.0_wt_LaCl3.csv
[Run 101/560000] ✅ Saved: nist_libs_1.0_wt_CeCl3_and_0.5_wt_SmCl3_and_0.5_wt_LaCl3.csv
[Run 102/560000] ✅ Saved: nist_libs_1.0_wt_CeCl3_and_0.5_wt_SmCl3_and_1.0_wt_LaCl3.csv
[Run 103/560000] ✅ Saved: nist_libs_1.0_wt_CeCl3_and_0.5_wt_SmCl3_and_1.5_wt_LaCl3.csv
[Run 104/560000] ✅ Saved: nist_libs_1.0_wt_CeCl3_and_0.5_wt_SmCl3_and_2.0_wt_LaCl3.csv
[Run 105/560000] ✅ Saved: nist_libs_1.0_wt_CeCl3_and_0.5_wt_SmCl3_and_2.5_wt_LaCl3.csv
[Run 107/560000] ✅ Saved: nist_libs_1.0_wt_CeCl3_and_0.5_wt_SmCl3_and_3.5_wt_LaCl3.csv
[Run 106/560000] ✅ Saved: nist_libs_1.0_wt_CeCl3_and_0.5_wt_SmCl3_and_3.0_wt_LaCl3.csv
[Run 109/560000] ✅ Saved: nist_libs_1.0_wt_CeCl3_and_0.5_wt_SmCl3_and_4.5_wt_LaCl3.csv
[Run 108/560000] ✅ Saved: nist_libs_1.0_wt_CeCl3_and_0.5_wt_SmCl3_and_4.0_wt_LaCl3.csv
[Run 110/560000] ✅ Saved: nist_libs_1.0_wt_CeCl3_and_0.5_wt_SmCl3_and_5.0_wt_LaCl3.csv
[Run 111/560000] ✅ Saved: nist_libs_1.0_wt_CeCl3_and_1.0_wt_SmCl3_and_0.5_wt_LaCl3.csv
[Run 112/560000] ✅ Saved: nist_libs_1.0_wt_CeCl3_and_1.0_wt_SmCl3_and_1.0_wt_LaCl3.csv
[Run 113/560000] ✅ Saved: nist_libs_1.0_wt_CeCl3_and_1.0_wt_SmCl3_and_1.5_wt_LaCl3.csv
[Run 114/560000] ✅ Saved: nist_libs_1.0_wt_CeCl3_and_1.0_wt_SmCl3_and_2.0_wt_LaCl3.csv
[Run 115/560000] ✅ Saved: nist_libs_1.0_wt_CeCl3_and_1.0_wt_SmCl3_and_2.5_wt_LaCl3.csv
[Run 116/560000] ✅ Saved: nist_libs_1.0_wt_CeCl3_and_1.0_wt_SmCl3_and_3.0_wt_LaCl3.csv
[Run 117/560000] ✅ Saved: nist_libs_1.0_wt_CeCl3_and_1.0_wt_SmCl3_and_3.5_wt_LaCl3.csv
[Run 119/560000] ✅ Saved: nist_libs_1.0_wt_CeCl3_and_1.0_wt_SmCl3_and_4.5_wt_LaCl3.csv
[Run 118/560000] ✅ Saved: nist_libs_1.0_wt_CeCl3_and_1.0_wt_SmCl3_and_4.0_wt_LaCl3.csv
[Run 120/560000] ✅ Saved: nist_libs_1.0_wt_CeCl3_and_1.0_wt_SmCl3_and_5.0_wt_LaCl3.csv
[Run 121/560000] ✅ Saved: nist_libs_1.0_wt_CeCl3_and_1.5_wt_SmCl3_and_0.5_wt_LaCl3.csv
[Run 122/560000] ✅ Saved: nist_libs_1.0_wt_CeCl3_and_1.5_wt_SmCl3_and_1.0_wt_LaCl3.csv
[Run 123/560000] ✅ Saved: nist_libs_1.0_wt_CeCl3_and_1.5_wt_SmCl3_and_1.5_wt_LaCl3.csv
[Run 125/560000] ✅ Saved: nist_libs_1.0_wt_CeCl3_and_1.5_wt_SmCl3_and_2.5_wt_LaCl3.csv
[Run 124/560000] ✅ Saved: nist_libs_1.0_wt_CeCl3_and_1.5_wt_SmCl3_and_2.0_wt_LaCl3.csv
[Run 127/560000] ✅ Saved: nist_libs_1.0_wt_CeCl3_and_1.5_wt_SmCl3_and_3.5_wt_LaCl3.csv
[Run 126/560000] ✅ Saved: nist_libs_1.0_wt_CeCl3_and_1.5_wt_SmCl3_and_3.0_wt_LaCl3.csv
[Run 128/560000] ✅ Saved: nist_libs_1.0_wt_CeCl3_and_1.5_wt_SmCl3_and_4.0_wt_LaCl3.csv
[Run 129/560000] ✅ Saved: nist_libs_1.0_wt_CeCl3_and_1.5_wt_SmCl3_and_4.5_wt_LaCl3.csv
[Run 130/560000] ✅ Saved: nist_libs_1.0_wt_CeCl3_and_1.5_wt_SmCl3_and_5.0_wt_LaCl3.csv
[Run 131/560000] ✅ Saved: nist_libs_1.0_wt_CeCl3_and_2.0_wt_SmCl3_and_0.5_wt_LaCl3.csv
[Run 133/560000] ✅ Saved: nist_libs_1.0_wt_CeCl3_and_2.0_wt_SmCl3_and_1.5_wt_LaCl3.csv
[Run 132/560000] ✅ Saved: nist_libs_1.0_wt_CeCl3_and_2.0_wt_SmCl3_and_1.0_wt_LaCl3.csv
[Run 134/560000] ✅ Saved: nist_libs_1.0_wt_CeCl3_and_2.0_wt_SmCl3_and_2.0_wt_LaCl3.csv
[Run 135/560000] ✅ Saved: nist_libs_1.0_wt_CeCl3_and_2.0_wt_SmCl3_and_2.5_wt_LaCl3.csv
[Run 136/560000] ✅ Saved: nist_libs_1.0_wt_CeCl3_and_2.0_wt_SmCl3_and_3.0_wt_LaCl3.csv
[Run 137/560000] ✅ Saved: nist_libs_1.0_wt_CeCl3_and_2.0_wt_SmCl3_and_3.5_wt_LaCl3.csv
[Run 138/560000] ✅ Saved: nist_libs_1.0_wt_CeCl3_and_2.0_wt_SmCl3_and_4.0_wt_LaCl3.csv
[Run 139/560000] ✅ Saved: nist_libs_1.0_wt_CeCl3_and_2.0_wt_SmCl3_and_4.5_wt_LaCl3.csv
[Run 140/560000] ✅ Saved: nist_libs_1.0_wt_CeCl3_and_2.0_wt_SmCl3_and_5.0_wt_LaCl3.csv
[Run 142/560000] ✅ Saved: nist_libs_1.0_wt_CeCl3_and_2.5_wt_SmCl3_and_1.0_wt_LaCl3.csv
[Run 141/560000] ✅ Saved: nist_libs_1.0_wt_CeCl3_and_2.5_wt_SmCl3_and_0.5_wt_LaCl3.csv
[Run 143/560000] ✅ Saved: nist_libs_1.0_wt_CeCl3_and_2.5_wt_SmCl3_and_1.5_wt_LaCl3.csv
[Run 144/560000] ✅ Saved: nist_libs_1.0_wt_CeCl3_and_2.5_wt_SmCl3_and_2.0_wt_LaCl3.csv
[Run 145/560000] ✅ Saved: nist_libs_1.0_wt_CeCl3_and_2.5_wt_SmCl3_and_2.5_wt_LaCl3.csv
[Run 146/560000] ✅ Saved: nist_libs_1.0_wt_CeCl3_and_2.5_wt_SmCl3_and_3.0_wt_LaCl3.csv
[Run 147/560000] ✅ Saved: nist_libs_1.0_wt_CeCl3_and_2.5_wt_SmCl3_and_3.5_wt_LaCl3.csv
[Run 148/560000] ✅ Saved: nist_libs_1.0_wt_CeCl3_and_2.5_wt_SmCl3_and_4.0_wt_LaCl3.csv
[Run 149/560000] ✅ Saved: nist_libs_1.0_wt_CeCl3_and_2.5_wt_SmCl3_and_4.5_wt_LaCl3.csv
[Run 151/560000] ✅ Saved: nist_libs_1.0_wt_CeCl3_and_3.0_wt_SmCl3_and_0.5_wt_LaCl3.csv
[Run 150/560000] ✅ Saved: nist_libs_1.0_wt_CeCl3_and_2.5_wt_SmCl3_and_5.0_wt_LaCl3.csv
[Run 152/560000] ✅ Saved: nist_libs_1.0_wt_CeCl3_and_3.0_wt_SmCl3_and_1.0_wt_LaCl3.csv
[Run 153/560000] ✅ Saved: nist_libs_1.0_wt_CeCl3_and_3.0_wt_SmCl3_and_1.5_wt_LaCl3.csv
[Run 154/560000] ✅ Saved: nist_libs_1.0_wt_CeCl3_and_3.0_wt_SmCl3_and_2.0_wt_LaCl3.csv
[Run 155/560000] ✅ Saved: nist_libs_1.0_wt_CeCl3_and_3.0_wt_SmCl3_and_2.5_wt_LaCl3.csv
[Run 156/560000] ✅ Saved: nist_libs_1.0_wt_CeCl3_and_3.0_wt_SmCl3_and_3.0_wt_LaCl3.csv
[Run 157/560000] ✅ Saved: nist_libs_1.0_wt_CeCl3_and_3.0_wt_SmCl3_and_3.5_wt_LaCl3.csv
[Run 158/560000] ✅ Saved: nist_libs_1.0_wt_CeCl3_and_3.0_wt_SmCl3_and_4.0_wt_LaCl3.csv
[Run 159/560000] ✅ Saved: nist_libs_1.0_wt_CeCl3_and_3.0_wt_SmCl3_and_4.5_wt_LaCl3.csv
[Run 160/560000] ✅ Saved: nist_libs_1.0_wt_CeCl3_and_3.0_wt_SmCl3_and_5.0_wt_LaCl3.csv
[Run 161/560000] ✅ Saved: nist_libs_1.0_wt_CeCl3_and_3.5_wt_SmCl3_and_0.5_wt_LaCl3.csv
[Run 162/560000] ✅ Saved: nist_libs_1.0_wt_CeCl3_and_3.5_wt_SmCl3_and_1.0_wt_LaCl3.csv
[Run 163/560000] ✅ Saved: nist_libs_1.0_wt_CeCl3_and_3.5_wt_SmCl3_and_1.5_wt_LaCl3.csv
[Run 166/560000] ✅ Saved: nist_libs_1.0_wt_CeCl3_and_3.5_wt_SmCl3_and_3.0_wt_LaCl3.csv
[Run 165/560000] ✅ Saved: nist_libs_1.0_wt_CeCl3_and_3.5_wt_SmCl3_and_2.5_wt_LaCl3.csv
[Run 164/560000] ✅ Saved: nist_libs_1.0_wt_CeCl3_and_3.5_wt_SmCl3_and_2.0_wt_LaCl3.csv
[Run 167/560000] ✅ Saved: nist_libs_1.0_wt_CeCl3_and_3.5_wt_SmCl3_and_3.5_wt_LaCl3.csv
[Run 169/560000] ✅ Saved: nist_libs_1.0_wt_CeCl3_and_3.5_wt_SmCl3_and_4.5_wt_LaCl3.csv
[Run 168/560000] ✅ Saved: nist_libs_1.0_wt_CeCl3_and_3.5_wt_SmCl3_and_4.0_wt_LaCl3.csv
[Run 170/560000] ✅ Saved: nist_libs_1.0_wt_CeCl3_and_3.5_wt_SmCl3_and_5.0_wt_LaCl3.csv
[Run 171/560000] ✅ Saved: nist_libs_1.0_wt_CeCl3_and_4.0_wt_SmCl3_and_0.5_wt_LaCl3.csv
[Run 172/560000] ✅ Saved: nist_libs_1.0_wt_CeCl3_and_4.0_wt_SmCl3_and_1.0_wt_LaCl3.csv
[Run 175/560000] ✅ Saved: nist_libs_1.0_wt_CeCl3_and_4.0_wt_SmCl3_and_2.5_wt_LaCl3.csv
[Run 174/560000] ✅ Saved: nist_libs_1.0_wt_CeCl3_and_4.0_wt_SmCl3_and_2.0_wt_LaCl3.csv
[Run 173/560000] ✅ Saved: nist_libs_1.0_wt_CeCl3_and_4.0_wt_SmCl3_and_1.5_wt_LaCl3.csv
[Run 176/560000] ✅ Saved: nist_libs_1.0_wt_CeCl3_and_4.0_wt_SmCl3_and_3.0_wt_LaCl3.csv
[Run 177/560000] ✅ Saved: nist_libs_1.0_wt_CeCl3_and_4.0_wt_SmCl3_and_3.5_wt_LaCl3.csv
[Run 179/560000] ✅ Saved: nist_libs_1.0_wt_CeCl3_and_4.0_wt_SmCl3_and_4.5_wt_LaCl3.csv
[Run 180/560000] ✅ Saved: nist_libs_1.0_wt_CeCl3_and_4.0_wt_SmCl3_and_5.0_wt_LaCl3.csv
[Run 178/560000] ✅ Saved: nist_libs_1.0_wt_CeCl3_and_4.0_wt_SmCl3_and_4.0_wt_LaCl3.csv
[Run 181/560000] ✅ Saved: nist_libs_1.0_wt_CeCl3_and_4.5_wt_SmCl3_and_0.5_wt_LaCl3.csv
[Run 182/560000] ✅ Saved: nist_libs_1.0_wt_CeCl3_and_4.5_wt_SmCl3_and_1.0_wt_LaCl3.csv
[Run 184/560000] ✅ Saved: nist_libs_1.0_wt_CeCl3_and_4.5_wt_SmCl3_and_2.0_wt_LaCl3.csv
[Run 183/560000] ✅ Saved: nist_libs_1.0_wt_CeCl3_and_4.5_wt_SmCl3_and_1.5_wt_LaCl3.csv
[Run 187/560000] ✅ Saved: nist_libs_1.0_wt_CeCl3_and_4.5_wt_SmCl3_and_3.5_wt_LaCl3.csv
[Run 185/560000] ✅ Saved: nist_libs_1.0_wt_CeCl3_and_4.5_wt_SmCl3_and_2.5_wt_LaCl3.csv
[Run 188/560000] ✅ Saved: nist_libs_1.0_wt_CeCl3_and_4.5_wt_SmCl3_and_4.0_wt_LaCl3.csv
[Run 186/560000] ✅ Saved: nist_libs_1.0_wt_CeCl3_and_4.5_wt_SmCl3_and_3.0_wt_LaCl3.csv
[Run 189/560000] ✅ Saved: nist_libs_1.0_wt_CeCl3_and_4.5_wt_SmCl3_and_4.5_wt_LaCl3.csv
[Run 190/560000] ✅ Saved: nist_libs_1.0_wt_CeCl3_and_4.5_wt_SmCl3_and_5.0_wt_LaCl3.csv
[Run 192/560000] ✅ Saved: nist_libs_1.0_wt_CeCl3_and_5.0_wt_SmCl3_and_1.0_wt_LaCl3.csv
[Run 191/560000] ✅ Saved: nist_libs_1.0_wt_CeCl3_and_5.0_wt_SmCl3_and_0.5_wt_LaCl3.csv
[Run 193/560000] ✅ Saved: nist_libs_1.0_wt_CeCl3_and_5.0_wt_SmCl3_and_1.5_wt_LaCl3.csv
[Run 194/560000] ✅ Saved: nist_libs_1.0_wt_CeCl3_and_5.0_wt_SmCl3_and_2.0_wt_LaCl3.csv
[Run 195/560000] ✅ Saved: nist_libs_1.0_wt_CeCl3_and_5.0_wt_SmCl3_and_2.5_wt_LaCl3.csv
[Run 196/560000] ✅ Saved: nist_libs_1.0_wt_CeCl3_and_5.0_wt_SmCl3_and_3.0_wt_LaCl3.csv
[Run 198/560000] ✅ Saved: nist_libs_1.0_wt_CeCl3_and_5.0_wt_SmCl3_and_4.0_wt_LaCl3.csv
[Run 197/560000] ✅ Saved: nist_libs_1.0_wt_CeCl3_and_5.0_wt_SmCl3_and_3.5_wt_LaCl3.csv
[Run 200/560000] ✅ Saved: nist_libs_1.0_wt_CeCl3_and_5.0_wt_SmCl3_and_5.0_wt_LaCl3.csv
[Run 199/560000] ✅ Saved: nist_libs_1.0_wt_CeCl3_and_5.0_wt_SmCl3_and_4.5_wt_LaCl3.csv
[Run 201/560000] ✅ Saved: nist_libs_1.5_wt_CeCl3_and_0.5_wt_SmCl3_and_0.5_wt_LaCl3.csv
[Run 202/560000] ✅ Saved: nist_libs_1.5_wt_CeCl3_and_0.5_wt_SmCl3_and_1.0_wt_LaCl3.csv
[Run 204/560000] ✅ Saved: nist_libs_1.5_wt_CeCl3_and_0.5_wt_SmCl3_and_2.0_wt_LaCl3.csv
[Run 203/560000] ✅ Saved: nist_libs_1.5_wt_CeCl3_and_0.5_wt_SmCl3_and_1.5_wt_LaCl3.csv
[Run 205/560000] ✅ Saved: nist_libs_1.5_wt_CeCl3_and_0.5_wt_SmCl3_and_2.5_wt_LaCl3.csv
[Run 206/560000] ✅ Saved: nist_libs_1.5_wt_CeCl3_and_0.5_wt_SmCl3_and_3.0_wt_LaCl3.csv
[Run 207/560000] ✅ Saved: nist_libs_1.5_wt_CeCl3_and_0.5_wt_SmCl3_and_3.5_wt_LaCl3.csv
[Run 208/560000] ✅ Saved: nist_libs_1.5_wt_CeCl3_and_0.5_wt_SmCl3_and_4.0_wt_LaCl3.csv
[Run 209/560000] ✅ Saved: nist_libs_1.5_wt_CeCl3_and_0.5_wt_SmCl3_and_4.5_wt_LaCl3.csv
[Run 210/560000] ✅ Saved: nist_libs_1.5_wt_CeCl3_and_0.5_wt_SmCl3_and_5.0_wt_LaCl3.csv
[Run 211/560000] ✅ Saved: nist_libs_1.5_wt_CeCl3_and_1.0_wt_SmCl3_and_0.5_wt_LaCl3.csv
[Run 213/560000] ✅ Saved: nist_libs_1.5_wt_CeCl3_and_1.0_wt_SmCl3_and_1.5_wt_LaCl3.csv
[Run 212/560000] ✅ Saved: nist_libs_1.5_wt_CeCl3_and_1.0_wt_SmCl3_and_1.0_wt_LaCl3.csv
[Run 214/560000] ✅ Saved: nist_libs_1.5_wt_CeCl3_and_1.0_wt_SmCl3_and_2.0_wt_LaCl3.csv
[Run 215/560000] ✅ Saved: nist_libs_1.5_wt_CeCl3_and_1.0_wt_SmCl3_and_2.5_wt_LaCl3.csv
[Run 217/560000] ✅ Saved: nist_libs_1.5_wt_CeCl3_and_1.0_wt_SmCl3_and_3.5_wt_LaCl3.csv
[Run 216/560000] ✅ Saved: nist_libs_1.5_wt_CeCl3_and_1.0_wt_SmCl3_and_3.0_wt_LaCl3.csv
[Run 218/560000] ✅ Saved: nist_libs_1.5_wt_CeCl3_and_1.0_wt_SmCl3_and_4.0_wt_LaCl3.csv
[Run 219/560000] ✅ Saved: nist_libs_1.5_wt_CeCl3_and_1.0_wt_SmCl3_and_4.5_wt_LaCl3.csv
[Run 221/560000] ✅ Saved: nist_libs_1.5_wt_CeCl3_and_1.5_wt_SmCl3_and_0.5_wt_LaCl3.csv
[Run 220/560000] ✅ Saved: nist_libs_1.5_wt_CeCl3_and_1.0_wt_SmCl3_and_5.0_wt_LaCl3.csv
[Run 222/560000] ✅ Saved: nist_libs_1.5_wt_CeCl3_and_1.5_wt_SmCl3_and_1.0_wt_LaCl3.csv
[Run 223/560000] ✅ Saved: nist_libs_1.5_wt_CeCl3_and_1.5_wt_SmCl3_and_1.5_wt_LaCl3.csv
[Run 224/560000] ✅ Saved: nist_libs_1.5_wt_CeCl3_and_1.5_wt_SmCl3_and_2.0_wt_LaCl3.csv
[Run 225/560000] ✅ Saved: nist_libs_1.5_wt_CeCl3_and_1.5_wt_SmCl3_and_2.5_wt_LaCl3.csv
[Run 226/560000] ✅ Saved: nist_libs_1.5_wt_CeCl3_and_1.5_wt_SmCl3_and_3.0_wt_LaCl3.csv
[Run 227/560000] ✅ Saved: nist_libs_1.5_wt_CeCl3_and_1.5_wt_SmCl3_and_3.5_wt_LaCl3.csv
[Run 228/560000] ✅ Saved: nist_libs_1.5_wt_CeCl3_and_1.5_wt_SmCl3_and_4.0_wt_LaCl3.csv
[Run 229/560000] ✅ Saved: nist_libs_1.5_wt_CeCl3_and_1.5_wt_SmCl3_and_4.5_wt_LaCl3.csv
[Run 230/560000] ✅ Saved: nist_libs_1.5_wt_CeCl3_and_1.5_wt_SmCl3_and_5.0_wt_LaCl3.csv
[Run 231/560000] ✅ Saved: nist_libs_1.5_wt_CeCl3_and_2.0_wt_SmCl3_and_0.5_wt_LaCl3.csv
[Run 232/560000] ✅ Saved: nist_libs_1.5_wt_CeCl3_and_2.0_wt_SmCl3_and_1.0_wt_LaCl3.csv
[Run 233/560000] ✅ Saved: nist_libs_1.5_wt_CeCl3_and_2.0_wt_SmCl3_and_1.5_wt_LaCl3.csv
[Run 234/560000] ✅ Saved: nist_libs_1.5_wt_CeCl3_and_2.0_wt_SmCl3_and_2.0_wt_LaCl3.csv
[Run 235/560000] ✅ Saved: nist_libs_1.5_wt_CeCl3_and_2.0_wt_SmCl3_and_2.5_wt_LaCl3.csv
[Run 236/560000] ✅ Saved: nist_libs_1.5_wt_CeCl3_and_2.0_wt_SmCl3_and_3.0_wt_LaCl3.csv
[Run 237/560000] ✅ Saved: nist_libs_1.5_wt_CeCl3_and_2.0_wt_SmCl3_and_3.5_wt_LaCl3.csv
[Run 238/560000] ✅ Saved: nist_libs_1.5_wt_CeCl3_and_2.0_wt_SmCl3_and_4.0_wt_LaCl3.csv
[Run 240/560000] ✅ Saved: nist_libs_1.5_wt_CeCl3_and_2.0_wt_SmCl3_and_5.0_wt_LaCl3.csv
[Run 239/560000] ✅ Saved: nist_libs_1.5_wt_CeCl3_and_2.0_wt_SmCl3_and_4.5_wt_LaCl3.csv
[Run 241/560000] ✅ Saved: nist_libs_1.5_wt_CeCl3_and_2.5_wt_SmCl3_and_0.5_wt_LaCl3.csv
[Run 242/560000] ✅ Saved: nist_libs_1.5_wt_CeCl3_and_2.5_wt_SmCl3_and_1.0_wt_LaCl3.csv
[Run 243/560000] ✅ Saved: nist_libs_1.5_wt_CeCl3_and_2.5_wt_SmCl3_and_1.5_wt_LaCl3.csv
[Run 244/560000] ✅ Saved: nist_libs_1.5_wt_CeCl3_and_2.5_wt_SmCl3_and_2.0_wt_LaCl3.csv
[Run 245/560000] ✅ Saved: nist_libs_1.5_wt_CeCl3_and_2.5_wt_SmCl3_and_2.5_wt_LaCl3.csv
[Run 249/560000] ✅ Saved: nist_libs_1.5_wt_CeCl3_and_2.5_wt_SmCl3_and_4.5_wt_LaCl3.csv
[Run 247/560000] ✅ Saved: nist_libs_1.5_wt_CeCl3_and_2.5_wt_SmCl3_and_3.5_wt_LaCl3.csv
[Run 246/560000] ✅ Saved: nist_libs_1.5_wt_CeCl3_and_2.5_wt_SmCl3_and_3.0_wt_LaCl3.csv
[Run 248/560000] ✅ Saved: nist_libs_1.5_wt_CeCl3_and_2.5_wt_SmCl3_and_4.0_wt_LaCl3.csv
[Run 250/560000] ✅ Saved: nist_libs_1.5_wt_CeCl3_and_2.5_wt_SmCl3_and_5.0_wt_LaCl3.csv
[Run 253/560000] ✅ Saved: nist_libs_1.5_wt_CeCl3_and_3.0_wt_SmCl3_and_1.5_wt_LaCl3.csv
[Run 251/560000] ✅ Saved: nist_libs_1.5_wt_CeCl3_and_3.0_wt_SmCl3_and_0.5_wt_LaCl3.csv
[Run 252/560000] ✅ Saved: nist_libs_1.5_wt_CeCl3_and_3.0_wt_SmCl3_and_1.0_wt_LaCl3.csv
[Run 254/560000] ✅ Saved: nist_libs_1.5_wt_CeCl3_and_3.0_wt_SmCl3_and_2.0_wt_LaCl3.csv
[Run 255/560000] ✅ Saved: nist_libs_1.5_wt_CeCl3_and_3.0_wt_SmCl3_and_2.5_wt_LaCl3.csv
[Run 256/560000] ✅ Saved: nist_libs_1.5_wt_CeCl3_and_3.0_wt_SmCl3_and_3.0_wt_LaCl3.csv
[Run 257/560000] ✅ Saved: nist_libs_1.5_wt_CeCl3_and_3.0_wt_SmCl3_and_3.5_wt_LaCl3.csv
[Run 258/560000] ✅ Saved: nist_libs_1.5_wt_CeCl3_and_3.0_wt_SmCl3_and_4.0_wt_LaCl3.csv
[Run 259/560000] ✅ Saved: nist_libs_1.5_wt_CeCl3_and_3.0_wt_SmCl3_and_4.5_wt_LaCl3.csv
[Run 261/560000] ✅ Saved: nist_libs_1.5_wt_CeCl3_and_3.5_wt_SmCl3_and_0.5_wt_LaCl3.csv
[Run 262/560000] ✅ Saved: nist_libs_1.5_wt_CeCl3_and_3.5_wt_SmCl3_and_1.0_wt_LaCl3.csv
[Run 260/560000] ✅ Saved: nist_libs_1.5_wt_CeCl3_and_3.0_wt_SmCl3_and_5.0_wt_LaCl3.csv
[Run 263/560000] ✅ Saved: nist_libs_1.5_wt_CeCl3_and_3.5_wt_SmCl3_and_1.5_wt_LaCl3.csv
[Run 264/560000] ✅ Saved: nist_libs_1.5_wt_CeCl3_and_3.5_wt_SmCl3_and_2.0_wt_LaCl3.csv
[Run 265/560000] ✅ Saved: nist_libs_1.5_wt_CeCl3_and_3.5_wt_SmCl3_and_2.5_wt_LaCl3.csv
[Run 266/560000] ✅ Saved: nist_libs_1.5_wt_CeCl3_and_3.5_wt_SmCl3_and_3.0_wt_LaCl3.csv
[Run 267/560000] ✅ Saved: nist_libs_1.5_wt_CeCl3_and_3.5_wt_SmCl3_and_3.5_wt_LaCl3.csv
[Run 268/560000] ✅ Saved: nist_libs_1.5_wt_CeCl3_and_3.5_wt_SmCl3_and_4.0_wt_LaCl3.csv
[Run 269/560000] ✅ Saved: nist_libs_1.5_wt_CeCl3_and_3.5_wt_SmCl3_and_4.5_wt_LaCl3.csv
[Run 270/560000] ✅ Saved: nist_libs_1.5_wt_CeCl3_and_3.5_wt_SmCl3_and_5.0_wt_LaCl3.csv
[Run 271/560000] ✅ Saved: nist_libs_1.5_wt_CeCl3_and_4.0_wt_SmCl3_and_0.5_wt_LaCl3.csv
[Run 272/560000] ✅ Saved: nist_libs_1.5_wt_CeCl3_and_4.0_wt_SmCl3_and_1.0_wt_LaCl3.csv
[Run 273/560000] ✅ Saved: nist_libs_1.5_wt_CeCl3_and_4.0_wt_SmCl3_and_1.5_wt_LaCl3.csv
[Run 274/560000] ✅ Saved: nist_libs_1.5_wt_CeCl3_and_4.0_wt_SmCl3_and_2.0_wt_LaCl3.csv
[Run 275/560000] ✅ Saved: nist_libs_1.5_wt_CeCl3_and_4.0_wt_SmCl3_and_2.5_wt_LaCl3.csv
[Run 276/560000] ✅ Saved: nist_libs_1.5_wt_CeCl3_and_4.0_wt_SmCl3_and_3.0_wt_LaCl3.csv
[Run 277/560000] ✅ Saved: nist_libs_1.5_wt_CeCl3_and_4.0_wt_SmCl3_and_3.5_wt_LaCl3.csv
[Run 278/560000] ✅ Saved: nist_libs_1.5_wt_CeCl3_and_4.0_wt_SmCl3_and_4.0_wt_LaCl3.csv
[Run 279/560000] ✅ Saved: nist_libs_1.5_wt_CeCl3_and_4.0_wt_SmCl3_and_4.5_wt_LaCl3.csv
[Run 280/560000] ✅ Saved: nist_libs_1.5_wt_CeCl3_and_4.0_wt_SmCl3_and_5.0_wt_LaCl3.csv
[Run 281/560000] ✅ Saved: nist_libs_1.5_wt_CeCl3_and_4.5_wt_SmCl3_and_0.5_wt_LaCl3.csv
[Run 283/560000] ✅ Saved: nist_libs_1.5_wt_CeCl3_and_4.5_wt_SmCl3_and_1.5_wt_LaCl3.csv
[Run 282/560000] ✅ Saved: nist_libs_1.5_wt_CeCl3_and_4.5_wt_SmCl3_and_1.0_wt_LaCl3.csv
[Run 284/560000] ✅ Saved: nist_libs_1.5_wt_CeCl3_and_4.5_wt_SmCl3_and_2.0_wt_LaCl3.csv
[Run 285/560000] ✅ Saved: nist_libs_1.5_wt_CeCl3_and_4.5_wt_SmCl3_and_2.5_wt_LaCl3.csv
[Run 286/560000] ✅ Saved: nist_libs_1.5_wt_CeCl3_and_4.5_wt_SmCl3_and_3.0_wt_LaCl3.csv
[Run 287/560000] ✅ Saved: nist_libs_1.5_wt_CeCl3_and_4.5_wt_SmCl3_and_3.5_wt_LaCl3.csv
[Run 288/560000] ✅ Saved: nist_libs_1.5_wt_CeCl3_and_4.5_wt_SmCl3_and_4.0_wt_LaCl3.csv
[Run 289/560000] ✅ Saved: nist_libs_1.5_wt_CeCl3_and_4.5_wt_SmCl3_and_4.5_wt_LaCl3.csv
[Run 290/560000] ✅ Saved: nist_libs_1.5_wt_CeCl3_and_4.5_wt_SmCl3_and_5.0_wt_LaCl3.csv
[Run 293/560000] ✅ Saved: nist_libs_1.5_wt_CeCl3_and_5.0_wt_SmCl3_and_1.5_wt_LaCl3.csv
[Run 292/560000] ✅ Saved: nist_libs_1.5_wt_CeCl3_and_5.0_wt_SmCl3_and_1.0_wt_LaCl3.csv
[Run 291/560000] ✅ Saved: nist_libs_1.5_wt_CeCl3_and_5.0_wt_SmCl3_and_0.5_wt_LaCl3.csv
[Run 294/560000] ✅ Saved: nist_libs_1.5_wt_CeCl3_and_5.0_wt_SmCl3_and_2.0_wt_LaCl3.csv
[Run 295/560000] ✅ Saved: nist_libs_1.5_wt_CeCl3_and_5.0_wt_SmCl3_and_2.5_wt_LaCl3.csv
[Run 296/560000] ✅ Saved: nist_libs_1.5_wt_CeCl3_and_5.0_wt_SmCl3_and_3.0_wt_LaCl3.csv
[Run 297/560000] ✅ Saved: nist_libs_1.5_wt_CeCl3_and_5.0_wt_SmCl3_and_3.5_wt_LaCl3.csv
[Run 298/560000] ✅ Saved: nist_libs_1.5_wt_CeCl3_and_5.0_wt_SmCl3_and_4.0_wt_LaCl3.csv
[Run 299/560000] ✅ Saved: nist_libs_1.5_wt_CeCl3_and_5.0_wt_SmCl3_and_4.5_wt_LaCl3.csv
[Run 300/560000] ✅ Saved: nist_libs_1.5_wt_CeCl3_and_5.0_wt_SmCl3_and_5.0_wt_LaCl3.csv
[Run 301/560000] ✅ Saved: nist_libs_2.0_wt_CeCl3_and_0.5_wt_SmCl3_and_0.5_wt_LaCl3.csv
[Run 302/560000] ✅ Saved: nist_libs_2.0_wt_CeCl3_and_0.5_wt_SmCl3_and_1.0_wt_LaCl3.csv
[Run 303/560000] ✅ Saved: nist_libs_2.0_wt_CeCl3_and_0.5_wt_SmCl3_and_1.5_wt_LaCl3.csv
[Run 305/560000] ✅ Saved: nist_libs_2.0_wt_CeCl3_and_0.5_wt_SmCl3_and_2.5_wt_LaCl3.csv
[Run 304/560000] ✅ Saved: nist_libs_2.0_wt_CeCl3_and_0.5_wt_SmCl3_and_2.0_wt_LaCl3.csv
[Run 306/560000] ✅ Saved: nist_libs_2.0_wt_CeCl3_and_0.5_wt_SmCl3_and_3.0_wt_LaCl3.csv
[Run 307/560000] ✅ Saved: nist_libs_2.0_wt_CeCl3_and_0.5_wt_SmCl3_and_3.5_wt_LaCl3.csv
[Run 308/560000] ✅ Saved: nist_libs_2.0_wt_CeCl3_and_0.5_wt_SmCl3_and_4.0_wt_LaCl3.csv
[Run 309/560000] ✅ Saved: nist_libs_2.0_wt_CeCl3_and_0.5_wt_SmCl3_and_4.5_wt_LaCl3.csv
[Run 310/560000] ✅ Saved: nist_libs_2.0_wt_CeCl3_and_0.5_wt_SmCl3_and_5.0_wt_LaCl3.csv
[Run 311/560000] ✅ Saved: nist_libs_2.0_wt_CeCl3_and_1.0_wt_SmCl3_and_0.5_wt_LaCl3.csv
[Run 312/560000] ✅ Saved: nist_libs_2.0_wt_CeCl3_and_1.0_wt_SmCl3_and_1.0_wt_LaCl3.csv
[Run 313/560000] ✅ Saved: nist_libs_2.0_wt_CeCl3_and_1.0_wt_SmCl3_and_1.5_wt_LaCl3.csv
[Run 314/560000] ✅ Saved: nist_libs_2.0_wt_CeCl3_and_1.0_wt_SmCl3_and_2.0_wt_LaCl3.csv
[Run 315/560000] ✅ Saved: nist_libs_2.0_wt_CeCl3_and_1.0_wt_SmCl3_and_2.5_wt_LaCl3.csv
[Run 316/560000] ✅ Saved: nist_libs_2.0_wt_CeCl3_and_1.0_wt_SmCl3_and_3.0_wt_LaCl3.csv
[Run 317/560000] ✅ Saved: nist_libs_2.0_wt_CeCl3_and_1.0_wt_SmCl3_and_3.5_wt_LaCl3.csv
[Run 318/560000] ✅ Saved: nist_libs_2.0_wt_CeCl3_and_1.0_wt_SmCl3_and_4.0_wt_LaCl3.csv
[Run 319/560000] ✅ Saved: nist_libs_2.0_wt_CeCl3_and_1.0_wt_SmCl3_and_4.5_wt_LaCl3.csv
[Run 320/560000] ✅ Saved: nist_libs_2.0_wt_CeCl3_and_1.0_wt_SmCl3_and_5.0_wt_LaCl3.csv
[Run 321/560000] ✅ Saved: nist_libs_2.0_wt_CeCl3_and_1.5_wt_SmCl3_and_0.5_wt_LaCl3.csv
[Run 322/560000] ✅ Saved: nist_libs_2.0_wt_CeCl3_and_1.5_wt_SmCl3_and_1.0_wt_LaCl3.csv
[Run 323/560000] ✅ Saved: nist_libs_2.0_wt_CeCl3_and_1.5_wt_SmCl3_and_1.5_wt_LaCl3.csv
[Run 324/560000] ✅ Saved: nist_libs_2.0_wt_CeCl3_and_1.5_wt_SmCl3_and_2.0_wt_LaCl3.csv
[Run 325/560000] ✅ Saved: nist_libs_2.0_wt_CeCl3_and_1.5_wt_SmCl3_and_2.5_wt_LaCl3.csv
[Run 326/560000] ✅ Saved: nist_libs_2.0_wt_CeCl3_and_1.5_wt_SmCl3_and_3.0_wt_LaCl3.csv
[Run 327/560000] ✅ Saved: nist_libs_2.0_wt_CeCl3_and_1.5_wt_SmCl3_and_3.5_wt_LaCl3.csv
[Run 328/560000] ✅ Saved: nist_libs_2.0_wt_CeCl3_and_1.5_wt_SmCl3_and_4.0_wt_LaCl3.csv
[Run 329/560000] ✅ Saved: nist_libs_2.0_wt_CeCl3_and_1.5_wt_SmCl3_and_4.5_wt_LaCl3.csv
[Run 330/560000] ✅ Saved: nist_libs_2.0_wt_CeCl3_and_1.5_wt_SmCl3_and_5.0_wt_LaCl3.csv
[Run 332/560000] ✅ Saved: nist_libs_2.0_wt_CeCl3_and_2.0_wt_SmCl3_and_1.0_wt_LaCl3.csv
[Run 331/560000] ✅ Saved: nist_libs_2.0_wt_CeCl3_and_2.0_wt_SmCl3_and_0.5_wt_LaCl3.csv
[Run 333/560000] ✅ Saved: nist_libs_2.0_wt_CeCl3_and_2.0_wt_SmCl3_and_1.5_wt_LaCl3.csv
[Run 334/560000] ✅ Saved: nist_libs_2.0_wt_CeCl3_and_2.0_wt_SmCl3_and_2.0_wt_LaCl3.csv
[Run 336/560000] ✅ Saved: nist_libs_2.0_wt_CeCl3_and_2.0_wt_SmCl3_and_3.0_wt_LaCl3.csv
[Run 335/560000] ✅ Saved: nist_libs_2.0_wt_CeCl3_and_2.0_wt_SmCl3_and_2.5_wt_LaCl3.csv
[Run 337/560000] ✅ Saved: nist_libs_2.0_wt_CeCl3_and_2.0_wt_SmCl3_and_3.5_wt_LaCl3.csv
[Run 338/560000] ✅ Saved: nist_libs_2.0_wt_CeCl3_and_2.0_wt_SmCl3_and_4.0_wt_LaCl3.csv
[Run 339/560000] ✅ Saved: nist_libs_2.0_wt_CeCl3_and_2.0_wt_SmCl3_and_4.5_wt_LaCl3.csv
[Run 340/560000] ✅ Saved: nist_libs_2.0_wt_CeCl3_and_2.0_wt_SmCl3_and_5.0_wt_LaCl3.csv
[Run 341/560000] ✅ Saved: nist_libs_2.0_wt_CeCl3_and_2.5_wt_SmCl3_and_0.5_wt_LaCl3.csv
[Run 342/560000] ✅ Saved: nist_libs_2.0_wt_CeCl3_and_2.5_wt_SmCl3_and_1.0_wt_LaCl3.csv
[Run 343/560000] ✅ Saved: nist_libs_2.0_wt_CeCl3_and_2.5_wt_SmCl3_and_1.5_wt_LaCl3.csv
[Run 344/560000] ✅ Saved: nist_libs_2.0_wt_CeCl3_and_2.5_wt_SmCl3_and_2.0_wt_LaCl3.csv
[Run 345/560000] ✅ Saved: nist_libs_2.0_wt_CeCl3_and_2.5_wt_SmCl3_and_2.5_wt_LaCl3.csv
[Run 346/560000] ✅ Saved: nist_libs_2.0_wt_CeCl3_and_2.5_wt_SmCl3_and_3.0_wt_LaCl3.csv
[Run 347/560000] ✅ Saved: nist_libs_2.0_wt_CeCl3_and_2.5_wt_SmCl3_and_3.5_wt_LaCl3.csv
[Run 348/560000] ✅ Saved: nist_libs_2.0_wt_CeCl3_and_2.5_wt_SmCl3_and_4.0_wt_LaCl3.csv
[Run 349/560000] ✅ Saved: nist_libs_2.0_wt_CeCl3_and_2.5_wt_SmCl3_and_4.5_wt_LaCl3.csv
[Run 350/560000] ✅ Saved: nist_libs_2.0_wt_CeCl3_and_2.5_wt_SmCl3_and_5.0_wt_LaCl3.csv
[Run 351/560000] ✅ Saved: nist_libs_2.0_wt_CeCl3_and_3.0_wt_SmCl3_and_0.5_wt_LaCl3.csv
[Run 352/560000] ✅ Saved: nist_libs_2.0_wt_CeCl3_and_3.0_wt_SmCl3_and_1.0_wt_LaCl3.csv
[Run 353/560000] ✅ Saved: nist_libs_2.0_wt_CeCl3_and_3.0_wt_SmCl3_and_1.5_wt_LaCl3.csv
[Run 354/560000] ✅ Saved: nist_libs_2.0_wt_CeCl3_and_3.0_wt_SmCl3_and_2.0_wt_LaCl3.csv
[Run 355/560000] ✅ Saved: nist_libs_2.0_wt_CeCl3_and_3.0_wt_SmCl3_and_2.5_wt_LaCl3.csv
[Run 356/560000] ✅ Saved: nist_libs_2.0_wt_CeCl3_and_3.0_wt_SmCl3_and_3.0_wt_LaCl3.csv
[Run 357/560000] ✅ Saved: nist_libs_2.0_wt_CeCl3_and_3.0_wt_SmCl3_and_3.5_wt_LaCl3.csv
[Run 358/560000] ✅ Saved: nist_libs_2.0_wt_CeCl3_and_3.0_wt_SmCl3_and_4.0_wt_LaCl3.csv
[Run 359/560000] ✅ Saved: nist_libs_2.0_wt_CeCl3_and_3.0_wt_SmCl3_and_4.5_wt_LaCl3.csv
[Run 360/560000] ✅ Saved: nist_libs_2.0_wt_CeCl3_and_3.0_wt_SmCl3_and_5.0_wt_LaCl3.csv
[Run 361/560000] ✅ Saved: nist_libs_2.0_wt_CeCl3_and_3.5_wt_SmCl3_and_0.5_wt_LaCl3.csv
[Run 362/560000] ✅ Saved: nist_libs_2.0_wt_CeCl3_and_3.5_wt_SmCl3_and_1.0_wt_LaCl3.csv
[Run 363/560000] ✅ Saved: nist_libs_2.0_wt_CeCl3_and_3.5_wt_SmCl3_and_1.5_wt_LaCl3.csv
[Run 364/560000] ✅ Saved: nist_libs_2.0_wt_CeCl3_and_3.5_wt_SmCl3_and_2.0_wt_LaCl3.csv
[Run 365/560000] ✅ Saved: nist_libs_2.0_wt_CeCl3_and_3.5_wt_SmCl3_and_2.5_wt_LaCl3.csv
[Run 366/560000] ✅ Saved: nist_libs_2.0_wt_CeCl3_and_3.5_wt_SmCl3_and_3.0_wt_LaCl3.csv
[Run 367/560000] ✅ Saved: nist_libs_2.0_wt_CeCl3_and_3.5_wt_SmCl3_and_3.5_wt_LaCl3.csv
[Run 368/560000] ✅ Saved: nist_libs_2.0_wt_CeCl3_and_3.5_wt_SmCl3_and_4.0_wt_LaCl3.csv
[Run 369/560000] ✅ Saved: nist_libs_2.0_wt_CeCl3_and_3.5_wt_SmCl3_and_4.5_wt_LaCl3.csv
[Run 370/560000] ✅ Saved: nist_libs_2.0_wt_CeCl3_and_3.5_wt_SmCl3_and_5.0_wt_LaCl3.csv
[Run 371/560000] ✅ Saved: nist_libs_2.0_wt_CeCl3_and_4.0_wt_SmCl3_and_0.5_wt_LaCl3.csv
[Run 372/560000] ✅ Saved: nist_libs_2.0_wt_CeCl3_and_4.0_wt_SmCl3_and_1.0_wt_LaCl3.csv
[Run 373/560000] ✅ Saved: nist_libs_2.0_wt_CeCl3_and_4.0_wt_SmCl3_and_1.5_wt_LaCl3.csv
[Run 375/560000] ✅ Saved: nist_libs_2.0_wt_CeCl3_and_4.0_wt_SmCl3_and_2.5_wt_LaCl3.csv
[Run 374/560000] ✅ Saved: nist_libs_2.0_wt_CeCl3_and_4.0_wt_SmCl3_and_2.0_wt_LaCl3.csv
[Run 376/560000] ✅ Saved: nist_libs_2.0_wt_CeCl3_and_4.0_wt_SmCl3_and_3.0_wt_LaCl3.csv
[Run 377/560000] ✅ Saved: nist_libs_2.0_wt_CeCl3_and_4.0_wt_SmCl3_and_3.5_wt_LaCl3.csv
[Run 378/560000] ✅ Saved: nist_libs_2.0_wt_CeCl3_and_4.0_wt_SmCl3_and_4.0_wt_LaCl3.csv
[Run 379/560000] ✅ Saved: nist_libs_2.0_wt_CeCl3_and_4.0_wt_SmCl3_and_4.5_wt_LaCl3.csv
[Run 380/560000] ✅ Saved: nist_libs_2.0_wt_CeCl3_and_4.0_wt_SmCl3_and_5.0_wt_LaCl3.csv
[Run 381/560000] ✅ Saved: nist_libs_2.0_wt_CeCl3_and_4.5_wt_SmCl3_and_0.5_wt_LaCl3.csv
[Run 383/560000] ✅ Saved: nist_libs_2.0_wt_CeCl3_and_4.5_wt_SmCl3_and_1.5_wt_LaCl3.csv
[Run 382/560000] ✅ Saved: nist_libs_2.0_wt_CeCl3_and_4.5_wt_SmCl3_and_1.0_wt_LaCl3.csv
[Run 384/560000] ✅ Saved: nist_libs_2.0_wt_CeCl3_and_4.5_wt_SmCl3_and_2.0_wt_LaCl3.csv
[Run 385/560000] ✅ Saved: nist_libs_2.0_wt_CeCl3_and_4.5_wt_SmCl3_and_2.5_wt_LaCl3.csv
[Run 387/560000] ✅ Saved: nist_libs_2.0_wt_CeCl3_and_4.5_wt_SmCl3_and_3.5_wt_LaCl3.csv
[Run 386/560000] ✅ Saved: nist_libs_2.0_wt_CeCl3_and_4.5_wt_SmCl3_and_3.0_wt_LaCl3.csv
[Run 388/560000] ✅ Saved: nist_libs_2.0_wt_CeCl3_and_4.5_wt_SmCl3_and_4.0_wt_LaCl3.csv
[Run 389/560000] ✅ Saved: nist_libs_2.0_wt_CeCl3_and_4.5_wt_SmCl3_and_4.5_wt_LaCl3.csv
[Run 390/560000] ✅ Saved: nist_libs_2.0_wt_CeCl3_and_4.5_wt_SmCl3_and_5.0_wt_LaCl3.csv
[Run 391/560000] ✅ Saved: nist_libs_2.0_wt_CeCl3_and_5.0_wt_SmCl3_and_0.5_wt_LaCl3.csv
[Run 392/560000] ✅ Saved: nist_libs_2.0_wt_CeCl3_and_5.0_wt_SmCl3_and_1.0_wt_LaCl3.csv
[Run 394/560000] ✅ Saved: nist_libs_2.0_wt_CeCl3_and_5.0_wt_SmCl3_and_2.0_wt_LaCl3.csv
[Run 393/560000] ✅ Saved: nist_libs_2.0_wt_CeCl3_and_5.0_wt_SmCl3_and_1.5_wt_LaCl3.csv
[Run 396/560000] ✅ Saved: nist_libs_2.0_wt_CeCl3_and_5.0_wt_SmCl3_and_3.0_wt_LaCl3.csv
[Run 395/560000] ✅ Saved: nist_libs_2.0_wt_CeCl3_and_5.0_wt_SmCl3_and_2.5_wt_LaCl3.csv
[Run 398/560000] ✅ Saved: nist_libs_2.0_wt_CeCl3_and_5.0_wt_SmCl3_and_4.0_wt_LaCl3.csv
[Run 397/560000] ✅ Saved: nist_libs_2.0_wt_CeCl3_and_5.0_wt_SmCl3_and_3.5_wt_LaCl3.csv
[Run 399/560000] ✅ Saved: nist_libs_2.0_wt_CeCl3_and_5.0_wt_SmCl3_and_4.5_wt_LaCl3.csv
[Run 400/560000] ✅ Saved: nist_libs_2.0_wt_CeCl3_and_5.0_wt_SmCl3_and_5.0_wt_LaCl3.csv
[Run 401/560000] ✅ Saved: nist_libs_2.5_wt_CeCl3_and_0.5_wt_SmCl3_and_0.5_wt_LaCl3.csv
[Run 402/560000] ✅ Saved: nist_libs_2.5_wt_CeCl3_and_0.5_wt_SmCl3_and_1.0_wt_LaCl3.csv
[Run 403/560000] ✅ Saved: nist_libs_2.5_wt_CeCl3_and_0.5_wt_SmCl3_and_1.5_wt_LaCl3.csv
[Run 404/560000] ✅ Saved: nist_libs_2.5_wt_CeCl3_and_0.5_wt_SmCl3_and_2.0_wt_LaCl3.csv
[Run 405/560000] ✅ Saved: nist_libs_2.5_wt_CeCl3_and_0.5_wt_SmCl3_and_2.5_wt_LaCl3.csv
[Run 406/560000] ✅ Saved: nist_libs_2.5_wt_CeCl3_and_0.5_wt_SmCl3_and_3.0_wt_LaCl3.csv
[Run 407/560000] ✅ Saved: nist_libs_2.5_wt_CeCl3_and_0.5_wt_SmCl3_and_3.5_wt_LaCl3.csv
[Run 408/560000] ✅ Saved: nist_libs_2.5_wt_CeCl3_and_0.5_wt_SmCl3_and_4.0_wt_LaCl3.csv
[Run 409/560000] ✅ Saved: nist_libs_2.5_wt_CeCl3_and_0.5_wt_SmCl3_and_4.5_wt_LaCl3.csv
[Run 410/560000] ✅ Saved: nist_libs_2.5_wt_CeCl3_and_0.5_wt_SmCl3_and_5.0_wt_LaCl3.csv
[Run 411/560000] ✅ Saved: nist_libs_2.5_wt_CeCl3_and_1.0_wt_SmCl3_and_0.5_wt_LaCl3.csv
[Run 412/560000] ✅ Saved: nist_libs_2.5_wt_CeCl3_and_1.0_wt_SmCl3_and_1.0_wt_LaCl3.csv
[Run 413/560000] ✅ Saved: nist_libs_2.5_wt_CeCl3_and_1.0_wt_SmCl3_and_1.5_wt_LaCl3.csv
[Run 414/560000] ✅ Saved: nist_libs_2.5_wt_CeCl3_and_1.0_wt_SmCl3_and_2.0_wt_LaCl3.csv
[Run 415/560000] ✅ Saved: nist_libs_2.5_wt_CeCl3_and_1.0_wt_SmCl3_and_2.5_wt_LaCl3.csv
[Run 416/560000] ✅ Saved: nist_libs_2.5_wt_CeCl3_and_1.0_wt_SmCl3_and_3.0_wt_LaCl3.csv
[Run 418/560000] ✅ Saved: nist_libs_2.5_wt_CeCl3_and_1.0_wt_SmCl3_and_4.0_wt_LaCl3.csv
[Run 417/560000] ✅ Saved: nist_libs_2.5_wt_CeCl3_and_1.0_wt_SmCl3_and_3.5_wt_LaCl3.csv
[Run 419/560000] ✅ Saved: nist_libs_2.5_wt_CeCl3_and_1.0_wt_SmCl3_and_4.5_wt_LaCl3.csv
[Run 420/560000] ✅ Saved: nist_libs_2.5_wt_CeCl3_and_1.0_wt_SmCl3_and_5.0_wt_LaCl3.csv
[Run 421/560000] ✅ Saved: nist_libs_2.5_wt_CeCl3_and_1.5_wt_SmCl3_and_0.5_wt_LaCl3.csv
[Run 422/560000] ✅ Saved: nist_libs_2.5_wt_CeCl3_and_1.5_wt_SmCl3_and_1.0_wt_LaCl3.csv
[Run 424/560000] ✅ Saved: nist_libs_2.5_wt_CeCl3_and_1.5_wt_SmCl3_and_2.0_wt_LaCl3.csv
[Run 423/560000] ✅ Saved: nist_libs_2.5_wt_CeCl3_and_1.5_wt_SmCl3_and_1.5_wt_LaCl3.csv
[Run 425/560000] ✅ Saved: nist_libs_2.5_wt_CeCl3_and_1.5_wt_SmCl3_and_2.5_wt_LaCl3.csv
[Run 426/560000] ✅ Saved: nist_libs_2.5_wt_CeCl3_and_1.5_wt_SmCl3_and_3.0_wt_LaCl3.csv
[Run 427/560000] ✅ Saved: nist_libs_2.5_wt_CeCl3_and_1.5_wt_SmCl3_and_3.5_wt_LaCl3.csv
[Run 428/560000] ✅ Saved: nist_libs_2.5_wt_CeCl3_and_1.5_wt_SmCl3_and_4.0_wt_LaCl3.csv
[Run 429/560000] ✅ Saved: nist_libs_2.5_wt_CeCl3_and_1.5_wt_SmCl3_and_4.5_wt_LaCl3.csv
[Run 430/560000] ✅ Saved: nist_libs_2.5_wt_CeCl3_and_1.5_wt_SmCl3_and_5.0_wt_LaCl3.csv
[Run 431/560000] ✅ Saved: nist_libs_2.5_wt_CeCl3_and_2.0_wt_SmCl3_and_0.5_wt_LaCl3.csv
[Run 432/560000] ✅ Saved: nist_libs_2.5_wt_CeCl3_and_2.0_wt_SmCl3_and_1.0_wt_LaCl3.csv
[Run 433/560000] ✅ Saved: nist_libs_2.5_wt_CeCl3_and_2.0_wt_SmCl3_and_1.5_wt_LaCl3.csv
[Run 434/560000] ✅ Saved: nist_libs_2.5_wt_CeCl3_and_2.0_wt_SmCl3_and_2.0_wt_LaCl3.csv
[Run 436/560000] ✅ Saved: nist_libs_2.5_wt_CeCl3_and_2.0_wt_SmCl3_and_3.0_wt_LaCl3.csv
[Run 435/560000] ✅ Saved: nist_libs_2.5_wt_CeCl3_and_2.0_wt_SmCl3_and_2.5_wt_LaCl3.csv
[Run 437/560000] ✅ Saved: nist_libs_2.5_wt_CeCl3_and_2.0_wt_SmCl3_and_3.5_wt_LaCl3.csv
[Run 438/560000] ✅ Saved: nist_libs_2.5_wt_CeCl3_and_2.0_wt_SmCl3_and_4.0_wt_LaCl3.csv
[Run 439/560000] ✅ Saved: nist_libs_2.5_wt_CeCl3_and_2.0_wt_SmCl3_and_4.5_wt_LaCl3.csv
[Run 440/560000] ✅ Saved: nist_libs_2.5_wt_CeCl3_and_2.0_wt_SmCl3_and_5.0_wt_LaCl3.csv
[Run 441/560000] ✅ Saved: nist_libs_2.5_wt_CeCl3_and_2.5_wt_SmCl3_and_0.5_wt_LaCl3.csv
[Run 442/560000] ✅ Saved: nist_libs_2.5_wt_CeCl3_and_2.5_wt_SmCl3_and_1.0_wt_LaCl3.csv
[Run 443/560000] ✅ Saved: nist_libs_2.5_wt_CeCl3_and_2.5_wt_SmCl3_and_1.5_wt_LaCl3.csv
[Run 444/560000] ✅ Saved: nist_libs_2.5_wt_CeCl3_and_2.5_wt_SmCl3_and_2.0_wt_LaCl3.csv
[Run 446/560000] ✅ Saved: nist_libs_2.5_wt_CeCl3_and_2.5_wt_SmCl3_and_3.0_wt_LaCl3.csv
[Run 445/560000] ✅ Saved: nist_libs_2.5_wt_CeCl3_and_2.5_wt_SmCl3_and_2.5_wt_LaCl3.csv
[Run 447/560000] ✅ Saved: nist_libs_2.5_wt_CeCl3_and_2.5_wt_SmCl3_and_3.5_wt_LaCl3.csv
[Run 448/560000] ✅ Saved: nist_libs_2.5_wt_CeCl3_and_2.5_wt_SmCl3_and_4.0_wt_LaCl3.csv
[Run 450/560000] ✅ Saved: nist_libs_2.5_wt_CeCl3_and_2.5_wt_SmCl3_and_5.0_wt_LaCl3.csv
[Run 449/560000] ✅ Saved: nist_libs_2.5_wt_CeCl3_and_2.5_wt_SmCl3_and_4.5_wt_LaCl3.csv
[Run 452/560000] ✅ Saved: nist_libs_2.5_wt_CeCl3_and_3.0_wt_SmCl3_and_1.0_wt_LaCl3.csv
[Run 451/560000] ✅ Saved: nist_libs_2.5_wt_CeCl3_and_3.0_wt_SmCl3_and_0.5_wt_LaCl3.csv
[Run 453/560000] ✅ Saved: nist_libs_2.5_wt_CeCl3_and_3.0_wt_SmCl3_and_1.5_wt_LaCl3.csv
[Run 454/560000] ✅ Saved: nist_libs_2.5_wt_CeCl3_and_3.0_wt_SmCl3_and_2.0_wt_LaCl3.csv
[Run 455/560000] ✅ Saved: nist_libs_2.5_wt_CeCl3_and_3.0_wt_SmCl3_and_2.5_wt_LaCl3.csv
[Run 456/560000] ✅ Saved: nist_libs_2.5_wt_CeCl3_and_3.0_wt_SmCl3_and_3.0_wt_LaCl3.csv
[Run 457/560000] ✅ Saved: nist_libs_2.5_wt_CeCl3_and_3.0_wt_SmCl3_and_3.5_wt_LaCl3.csv
[Run 458/560000] ✅ Saved: nist_libs_2.5_wt_CeCl3_and_3.0_wt_SmCl3_and_4.0_wt_LaCl3.csv
[Run 459/560000] ✅ Saved: nist_libs_2.5_wt_CeCl3_and_3.0_wt_SmCl3_and_4.5_wt_LaCl3.csv
[Run 460/560000] ✅ Saved: nist_libs_2.5_wt_CeCl3_and_3.0_wt_SmCl3_and_5.0_wt_LaCl3.csv
[Run 462/560000] ✅ Saved: nist_libs_2.5_wt_CeCl3_and_3.5_wt_SmCl3_and_1.0_wt_LaCl3.csv
[Run 461/560000] ✅ Saved: nist_libs_2.5_wt_CeCl3_and_3.5_wt_SmCl3_and_0.5_wt_LaCl3.csv
[Run 463/560000] ✅ Saved: nist_libs_2.5_wt_CeCl3_and_3.5_wt_SmCl3_and_1.5_wt_LaCl3.csv
[Run 464/560000] ✅ Saved: nist_libs_2.5_wt_CeCl3_and_3.5_wt_SmCl3_and_2.0_wt_LaCl3.csv
[Run 465/560000] ✅ Saved: nist_libs_2.5_wt_CeCl3_and_3.5_wt_SmCl3_and_2.5_wt_LaCl3.csv
[Run 466/560000] ✅ Saved: nist_libs_2.5_wt_CeCl3_and_3.5_wt_SmCl3_and_3.0_wt_LaCl3.csv
[Run 467/560000] ✅ Saved: nist_libs_2.5_wt_CeCl3_and_3.5_wt_SmCl3_and_3.5_wt_LaCl3.csv
[Run 468/560000] ✅ Saved: nist_libs_2.5_wt_CeCl3_and_3.5_wt_SmCl3_and_4.0_wt_LaCl3.csv
[Run 469/560000] ✅ Saved: nist_libs_2.5_wt_CeCl3_and_3.5_wt_SmCl3_and_4.5_wt_LaCl3.csv
[Run 470/560000] ✅ Saved: nist_libs_2.5_wt_CeCl3_and_3.5_wt_SmCl3_and_5.0_wt_LaCl3.csv
[Run 471/560000] ✅ Saved: nist_libs_2.5_wt_CeCl3_and_4.0_wt_SmCl3_and_0.5_wt_LaCl3.csv
[Run 472/560000] ✅ Saved: nist_libs_2.5_wt_CeCl3_and_4.0_wt_SmCl3_and_1.0_wt_LaCl3.csv
[Run 474/560000] ✅ Saved: nist_libs_2.5_wt_CeCl3_and_4.0_wt_SmCl3_and_2.0_wt_LaCl3.csv
[Run 473/560000] ✅ Saved: nist_libs_2.5_wt_CeCl3_and_4.0_wt_SmCl3_and_1.5_wt_LaCl3.csv
[Run 475/560000] ✅ Saved: nist_libs_2.5_wt_CeCl3_and_4.0_wt_SmCl3_and_2.5_wt_LaCl3.csv
[Run 476/560000] ✅ Saved: nist_libs_2.5_wt_CeCl3_and_4.0_wt_SmCl3_and_3.0_wt_LaCl3.csv
[Run 477/560000] ✅ Saved: nist_libs_2.5_wt_CeCl3_and_4.0_wt_SmCl3_and_3.5_wt_LaCl3.csv
[Run 478/560000] ✅ Saved: nist_libs_2.5_wt_CeCl3_and_4.0_wt_SmCl3_and_4.0_wt_LaCl3.csv
[Run 479/560000] ✅ Saved: nist_libs_2.5_wt_CeCl3_and_4.0_wt_SmCl3_and_4.5_wt_LaCl3.csv
[Run 480/560000] ✅ Saved: nist_libs_2.5_wt_CeCl3_and_4.0_wt_SmCl3_and_5.0_wt_LaCl3.csv
[Run 482/560000] ✅ Saved: nist_libs_2.5_wt_CeCl3_and_4.5_wt_SmCl3_and_1.0_wt_LaCl3.csv
[Run 481/560000] ✅ Saved: nist_libs_2.5_wt_CeCl3_and_4.5_wt_SmCl3_and_0.5_wt_LaCl3.csv
[Run 483/560000] ✅ Saved: nist_libs_2.5_wt_CeCl3_and_4.5_wt_SmCl3_and_1.5_wt_LaCl3.csv
[Run 484/560000] ✅ Saved: nist_libs_2.5_wt_CeCl3_and_4.5_wt_SmCl3_and_2.0_wt_LaCl3.csv
[Run 486/560000] ✅ Saved: nist_libs_2.5_wt_CeCl3_and_4.5_wt_SmCl3_and_3.0_wt_LaCl3.csv
[Run 485/560000] ✅ Saved: nist_libs_2.5_wt_CeCl3_and_4.5_wt_SmCl3_and_2.5_wt_LaCl3.csv
[Run 487/560000] ✅ Saved: nist_libs_2.5_wt_CeCl3_and_4.5_wt_SmCl3_and_3.5_wt_LaCl3.csv
[Run 488/560000] ✅ Saved: nist_libs_2.5_wt_CeCl3_and_4.5_wt_SmCl3_and_4.0_wt_LaCl3.csv
[Run 489/560000] ✅ Saved: nist_libs_2.5_wt_CeCl3_and_4.5_wt_SmCl3_and_4.5_wt_LaCl3.csv
[Run 490/560000] ✅ Saved: nist_libs_2.5_wt_CeCl3_and_4.5_wt_SmCl3_and_5.0_wt_LaCl3.csv
[Run 491/560000] ✅ Saved: nist_libs_2.5_wt_CeCl3_and_5.0_wt_SmCl3_and_0.5_wt_LaCl3.csv
[Run 492/560000] ✅ Saved: nist_libs_2.5_wt_CeCl3_and_5.0_wt_SmCl3_and_1.0_wt_LaCl3.csv
[Run 493/560000] ✅ Saved: nist_libs_2.5_wt_CeCl3_and_5.0_wt_SmCl3_and_1.5_wt_LaCl3.csv
[Run 494/560000] ✅ Saved: nist_libs_2.5_wt_CeCl3_and_5.0_wt_SmCl3_and_2.0_wt_LaCl3.csv
[Run 495/560000] ✅ Saved: nist_libs_2.5_wt_CeCl3_and_5.0_wt_SmCl3_and_2.5_wt_LaCl3.csv
[Run 497/560000] ✅ Saved: nist_libs_2.5_wt_CeCl3_and_5.0_wt_SmCl3_and_3.5_wt_LaCl3.csv
[Run 496/560000] ✅ Saved: nist_libs_2.5_wt_CeCl3_and_5.0_wt_SmCl3_and_3.0_wt_LaCl3.csv
[Run 498/560000] ✅ Saved: nist_libs_2.5_wt_CeCl3_and_5.0_wt_SmCl3_and_4.0_wt_LaCl3.csv
[Run 499/560000] ✅ Saved: nist_libs_2.5_wt_CeCl3_and_5.0_wt_SmCl3_and_4.5_wt_LaCl3.csv
[Run 500/560000] ✅ Saved: nist_libs_2.5_wt_CeCl3_and_5.0_wt_SmCl3_and_5.0_wt_LaCl3.csv
[Run 502/560000] ✅ Saved: nist_libs_3.0_wt_CeCl3_and_0.5_wt_SmCl3_and_1.0_wt_LaCl3.csv
[Run 501/560000] ✅ Saved: nist_libs_3.0_wt_CeCl3_and_0.5_wt_SmCl3_and_0.5_wt_LaCl3.csv
[Run 503/560000] ✅ Saved: nist_libs_3.0_wt_CeCl3_and_0.5_wt_SmCl3_and_1.5_wt_LaCl3.csv
[Run 504/560000] ✅ Saved: nist_libs_3.0_wt_CeCl3_and_0.5_wt_SmCl3_and_2.0_wt_LaCl3.csv
[Run 505/560000] ✅ Saved: nist_libs_3.0_wt_CeCl3_and_0.5_wt_SmCl3_and_2.5_wt_LaCl3.csv
[Run 506/560000] ✅ Saved: nist_libs_3.0_wt_CeCl3_and_0.5_wt_SmCl3_and_3.0_wt_LaCl3.csv
[Run 507/560000] ✅ Saved: nist_libs_3.0_wt_CeCl3_and_0.5_wt_SmCl3_and_3.5_wt_LaCl3.csv
[Run 508/560000] ✅ Saved: nist_libs_3.0_wt_CeCl3_and_0.5_wt_SmCl3_and_4.0_wt_LaCl3.csv
[Run 510/560000] ✅ Saved: nist_libs_3.0_wt_CeCl3_and_0.5_wt_SmCl3_and_5.0_wt_LaCl3.csv
[Run 509/560000] ✅ Saved: nist_libs_3.0_wt_CeCl3_and_0.5_wt_SmCl3_and_4.5_wt_LaCl3.csv
[Run 512/560000] ✅ Saved: nist_libs_3.0_wt_CeCl3_and_1.0_wt_SmCl3_and_1.0_wt_LaCl3.csv
[Run 511/560000] ✅ Saved: nist_libs_3.0_wt_CeCl3_and_1.0_wt_SmCl3_and_0.5_wt_LaCl3.csv
[Run 513/560000] ✅ Saved: nist_libs_3.0_wt_CeCl3_and_1.0_wt_SmCl3_and_1.5_wt_LaCl3.csv
[Run 514/560000] ✅ Saved: nist_libs_3.0_wt_CeCl3_and_1.0_wt_SmCl3_and_2.0_wt_LaCl3.csv
[Run 516/560000] ✅ Saved: nist_libs_3.0_wt_CeCl3_and_1.0_wt_SmCl3_and_3.0_wt_LaCl3.csv
[Run 515/560000] ✅ Saved: nist_libs_3.0_wt_CeCl3_and_1.0_wt_SmCl3_and_2.5_wt_LaCl3.csv
[Run 517/560000] ✅ Saved: nist_libs_3.0_wt_CeCl3_and_1.0_wt_SmCl3_and_3.5_wt_LaCl3.csv
[Run 518/560000] ✅ Saved: nist_libs_3.0_wt_CeCl3_and_1.0_wt_SmCl3_and_4.0_wt_LaCl3.csv
[Run 519/560000] ✅ Saved: nist_libs_3.0_wt_CeCl3_and_1.0_wt_SmCl3_and_4.5_wt_LaCl3.csv
[Run 520/560000] ✅ Saved: nist_libs_3.0_wt_CeCl3_and_1.0_wt_SmCl3_and_5.0_wt_LaCl3.csv
[Run 521/560000] ✅ Saved: nist_libs_3.0_wt_CeCl3_and_1.5_wt_SmCl3_and_0.5_wt_LaCl3.csv
[Run 522/560000] ✅ Saved: nist_libs_3.0_wt_CeCl3_and_1.5_wt_SmCl3_and_1.0_wt_LaCl3.csv
[Run 523/560000] ✅ Saved: nist_libs_3.0_wt_CeCl3_and_1.5_wt_SmCl3_and_1.5_wt_LaCl3.csv
[Run 525/560000] ✅ Saved: nist_libs_3.0_wt_CeCl3_and_1.5_wt_SmCl3_and_2.5_wt_LaCl3.csv
[Run 524/560000] ✅ Saved: nist_libs_3.0_wt_CeCl3_and_1.5_wt_SmCl3_and_2.0_wt_LaCl3.csv
[Run 526/560000] ✅ Saved: nist_libs_3.0_wt_CeCl3_and_1.5_wt_SmCl3_and_3.0_wt_LaCl3.csv
[Run 527/560000] ✅ Saved: nist_libs_3.0_wt_CeCl3_and_1.5_wt_SmCl3_and_3.5_wt_LaCl3.csv
[Run 528/560000] ✅ Saved: nist_libs_3.0_wt_CeCl3_and_1.5_wt_SmCl3_and_4.0_wt_LaCl3.csv
[Run 529/560000] ✅ Saved: nist_libs_3.0_wt_CeCl3_and_1.5_wt_SmCl3_and_4.5_wt_LaCl3.csv
[Run 530/560000] ✅ Saved: nist_libs_3.0_wt_CeCl3_and_1.5_wt_SmCl3_and_5.0_wt_LaCl3.csv
[Run 531/560000] ✅ Saved: nist_libs_3.0_wt_CeCl3_and_2.0_wt_SmCl3_and_0.5_wt_LaCl3.csv
[Run 532/560000] ✅ Saved: nist_libs_3.0_wt_CeCl3_and_2.0_wt_SmCl3_and_1.0_wt_LaCl3.csv
[Run 533/560000] ✅ Saved: nist_libs_3.0_wt_CeCl3_and_2.0_wt_SmCl3_and_1.5_wt_LaCl3.csv
[Run 534/560000] ✅ Saved: nist_libs_3.0_wt_CeCl3_and_2.0_wt_SmCl3_and_2.0_wt_LaCl3.csv
[Run 535/560000] ✅ Saved: nist_libs_3.0_wt_CeCl3_and_2.0_wt_SmCl3_and_2.5_wt_LaCl3.csv
[Run 536/560000] ✅ Saved: nist_libs_3.0_wt_CeCl3_and_2.0_wt_SmCl3_and_3.0_wt_LaCl3.csv
[Run 537/560000] ✅ Saved: nist_libs_3.0_wt_CeCl3_and_2.0_wt_SmCl3_and_3.5_wt_LaCl3.csv
[Run 538/560000] ✅ Saved: nist_libs_3.0_wt_CeCl3_and_2.0_wt_SmCl3_and_4.0_wt_LaCl3.csv
[Run 539/560000] ✅ Saved: nist_libs_3.0_wt_CeCl3_and_2.0_wt_SmCl3_and_4.5_wt_LaCl3.csv
[Run 540/560000] ✅ Saved: nist_libs_3.0_wt_CeCl3_and_2.0_wt_SmCl3_and_5.0_wt_LaCl3.csv
[Run 542/560000] ✅ Saved: nist_libs_3.0_wt_CeCl3_and_2.5_wt_SmCl3_and_1.0_wt_LaCl3.csv
[Run 541/560000] ✅ Saved: nist_libs_3.0_wt_CeCl3_and_2.5_wt_SmCl3_and_0.5_wt_LaCl3.csv
[Run 543/560000] ✅ Saved: nist_libs_3.0_wt_CeCl3_and_2.5_wt_SmCl3_and_1.5_wt_LaCl3.csv
[Run 544/560000] ✅ Saved: nist_libs_3.0_wt_CeCl3_and_2.5_wt_SmCl3_and_2.0_wt_LaCl3.csv
[Run 545/560000] ✅ Saved: nist_libs_3.0_wt_CeCl3_and_2.5_wt_SmCl3_and_2.5_wt_LaCl3.csv
[Run 546/560000] ✅ Saved: nist_libs_3.0_wt_CeCl3_and_2.5_wt_SmCl3_and_3.0_wt_LaCl3.csv
[Run 547/560000] ✅ Saved: nist_libs_3.0_wt_CeCl3_and_2.5_wt_SmCl3_and_3.5_wt_LaCl3.csv
[Run 548/560000] ✅ Saved: nist_libs_3.0_wt_CeCl3_and_2.5_wt_SmCl3_and_4.0_wt_LaCl3.csv
[Run 549/560000] ✅ Saved: nist_libs_3.0_wt_CeCl3_and_2.5_wt_SmCl3_and_4.5_wt_LaCl3.csv
[Run 550/560000] ✅ Saved: nist_libs_3.0_wt_CeCl3_and_2.5_wt_SmCl3_and_5.0_wt_LaCl3.csv
[Run 552/560000] ✅ Saved: nist_libs_3.0_wt_CeCl3_and_3.0_wt_SmCl3_and_1.0_wt_LaCl3.csv
[Run 551/560000] ✅ Saved: nist_libs_3.0_wt_CeCl3_and_3.0_wt_SmCl3_and_0.5_wt_LaCl3.csv
[Run 553/560000] ✅ Saved: nist_libs_3.0_wt_CeCl3_and_3.0_wt_SmCl3_and_1.5_wt_LaCl3.csv
[Run 554/560000] ✅ Saved: nist_libs_3.0_wt_CeCl3_and_3.0_wt_SmCl3_and_2.0_wt_LaCl3.csv
[Run 555/560000] ✅ Saved: nist_libs_3.0_wt_CeCl3_and_3.0_wt_SmCl3_and_2.5_wt_LaCl3.csv
[Run 556/560000] ✅ Saved: nist_libs_3.0_wt_CeCl3_and_3.0_wt_SmCl3_and_3.0_wt_LaCl3.csv
[Run 557/560000] ✅ Saved: nist_libs_3.0_wt_CeCl3_and_3.0_wt_SmCl3_and_3.5_wt_LaCl3.csv
[Run 558/560000] ✅ Saved: nist_libs_3.0_wt_CeCl3_and_3.0_wt_SmCl3_and_4.0_wt_LaCl3.csv
[Run 559/560000] ✅ Saved: nist_libs_3.0_wt_CeCl3_and_3.0_wt_SmCl3_and_4.5_wt_LaCl3.csv
[Run 560/560000] ✅ Saved: nist_libs_3.0_wt_CeCl3_and_3.0_wt_SmCl3_and_5.0_wt_LaCl3.csv
[Run 562/560000] ✅ Saved: nist_libs_3.0_wt_CeCl3_and_3.5_wt_SmCl3_and_1.0_wt_LaCl3.csv
[Run 561/560000] ✅ Saved: nist_libs_3.0_wt_CeCl3_and_3.5_wt_SmCl3_and_0.5_wt_LaCl3.csv
[Run 563/560000] ✅ Saved: nist_libs_3.0_wt_CeCl3_and_3.5_wt_SmCl3_and_1.5_wt_LaCl3.csv
[Run 564/560000] ✅ Saved: nist_libs_3.0_wt_CeCl3_and_3.5_wt_SmCl3_and_2.0_wt_LaCl3.csv
[Run 565/560000] ✅ Saved: nist_libs_3.0_wt_CeCl3_and_3.5_wt_SmCl3_and_2.5_wt_LaCl3.csv
[Run 566/560000] ✅ Saved: nist_libs_3.0_wt_CeCl3_and_3.5_wt_SmCl3_and_3.0_wt_LaCl3.csv
[Run 567/560000] ✅ Saved: nist_libs_3.0_wt_CeCl3_and_3.5_wt_SmCl3_and_3.5_wt_LaCl3.csv
[Run 568/560000] ✅ Saved: nist_libs_3.0_wt_CeCl3_and_3.5_wt_SmCl3_and_4.0_wt_LaCl3.csv
[Run 569/560000] ✅ Saved: nist_libs_3.0_wt_CeCl3_and_3.5_wt_SmCl3_and_4.5_wt_LaCl3.csv
[Run 570/560000] ✅ Saved: nist_libs_3.0_wt_CeCl3_and_3.5_wt_SmCl3_and_5.0_wt_LaCl3.csv
[Run 571/560000] ✅ Saved: nist_libs_3.0_wt_CeCl3_and_4.0_wt_SmCl3_and_0.5_wt_LaCl3.csv
[Run 572/560000] ✅ Saved: nist_libs_3.0_wt_CeCl3_and_4.0_wt_SmCl3_and_1.0_wt_LaCl3.csv
[Run 573/560000] ✅ Saved: nist_libs_3.0_wt_CeCl3_and_4.0_wt_SmCl3_and_1.5_wt_LaCl3.csv
[Run 574/560000] ✅ Saved: nist_libs_3.0_wt_CeCl3_and_4.0_wt_SmCl3_and_2.0_wt_LaCl3.csv
[Run 575/560000] ✅ Saved: nist_libs_3.0_wt_CeCl3_and_4.0_wt_SmCl3_and_2.5_wt_LaCl3.csv
[Run 576/560000] ✅ Saved: nist_libs_3.0_wt_CeCl3_and_4.0_wt_SmCl3_and_3.0_wt_LaCl3.csv
[Run 577/560000] ✅ Saved: nist_libs_3.0_wt_CeCl3_and_4.0_wt_SmCl3_and_3.5_wt_LaCl3.csv
[Run 578/560000] ✅ Saved: nist_libs_3.0_wt_CeCl3_and_4.0_wt_SmCl3_and_4.0_wt_LaCl3.csv
[Run 580/560000] ✅ Saved: nist_libs_3.0_wt_CeCl3_and_4.0_wt_SmCl3_and_5.0_wt_LaCl3.csv
[Run 581/560000] ✅ Saved: nist_libs_3.0_wt_CeCl3_and_4.5_wt_SmCl3_and_0.5_wt_LaCl3.csv
[Run 579/560000] ✅ Saved: nist_libs_3.0_wt_CeCl3_and_4.0_wt_SmCl3_and_4.5_wt_LaCl3.csv
[Run 582/560000] ✅ Saved: nist_libs_3.0_wt_CeCl3_and_4.5_wt_SmCl3_and_1.0_wt_LaCl3.csv
[Run 583/560000] ✅ Saved: nist_libs_3.0_wt_CeCl3_and_4.5_wt_SmCl3_and_1.5_wt_LaCl3.csv
[Run 584/560000] ✅ Saved: nist_libs_3.0_wt_CeCl3_and_4.5_wt_SmCl3_and_2.0_wt_LaCl3.csv
[Run 585/560000] ✅ Saved: nist_libs_3.0_wt_CeCl3_and_4.5_wt_SmCl3_and_2.5_wt_LaCl3.csv
[Run 586/560000] ✅ Saved: nist_libs_3.0_wt_CeCl3_and_4.5_wt_SmCl3_and_3.0_wt_LaCl3.csv
[Run 587/560000] ✅ Saved: nist_libs_3.0_wt_CeCl3_and_4.5_wt_SmCl3_and_3.5_wt_LaCl3.csv
[Run 588/560000] ✅ Saved: nist_libs_3.0_wt_CeCl3_and_4.5_wt_SmCl3_and_4.0_wt_LaCl3.csv
[Run 589/560000] ✅ Saved: nist_libs_3.0_wt_CeCl3_and_4.5_wt_SmCl3_and_4.5_wt_LaCl3.csv
[Run 590/560000] ✅ Saved: nist_libs_3.0_wt_CeCl3_and_4.5_wt_SmCl3_and_5.0_wt_LaCl3.csv
[Run 591/560000] ✅ Saved: nist_libs_3.0_wt_CeCl3_and_5.0_wt_SmCl3_and_0.5_wt_LaCl3.csv
[Run 592/560000] ✅ Saved: nist_libs_3.0_wt_CeCl3_and_5.0_wt_SmCl3_and_1.0_wt_LaCl3.csv
[Run 594/560000] ✅ Saved: nist_libs_3.0_wt_CeCl3_and_5.0_wt_SmCl3_and_2.0_wt_LaCl3.csv
[Run 593/560000] ✅ Saved: nist_libs_3.0_wt_CeCl3_and_5.0_wt_SmCl3_and_1.5_wt_LaCl3.csv
[Run 595/560000] ✅ Saved: nist_libs_3.0_wt_CeCl3_and_5.0_wt_SmCl3_and_2.5_wt_LaCl3.csv
[Run 596/560000] ✅ Saved: nist_libs_3.0_wt_CeCl3_and_5.0_wt_SmCl3_and_3.0_wt_LaCl3.csv
[Run 598/560000] ✅ Saved: nist_libs_3.0_wt_CeCl3_and_5.0_wt_SmCl3_and_4.0_wt_LaCl3.csv
[Run 597/560000] ✅ Saved: nist_libs_3.0_wt_CeCl3_and_5.0_wt_SmCl3_and_3.5_wt_LaCl3.csv
[Run 599/560000] ✅ Saved: nist_libs_3.0_wt_CeCl3_and_5.0_wt_SmCl3_and_4.5_wt_LaCl3.csv
[Run 600/560000] ✅ Saved: nist_libs_3.0_wt_CeCl3_and_5.0_wt_SmCl3_and_5.0_wt_LaCl3.csv
[Run 601/560000] ✅ Saved: nist_libs_3.5_wt_CeCl3_and_0.5_wt_SmCl3_and_0.5_wt_LaCl3.csv
[Run 602/560000] ✅ Saved: nist_libs_3.5_wt_CeCl3_and_0.5_wt_SmCl3_and_1.0_wt_LaCl3.csv
[Run 603/560000] ✅ Saved: nist_libs_3.5_wt_CeCl3_and_0.5_wt_SmCl3_and_1.5_wt_LaCl3.csv
[Run 604/560000] ✅ Saved: nist_libs_3.5_wt_CeCl3_and_0.5_wt_SmCl3_and_2.0_wt_LaCl3.csv
[Run 607/560000] ✅ Saved: nist_libs_3.5_wt_CeCl3_and_0.5_wt_SmCl3_and_3.5_wt_LaCl3.csv
[Run 605/560000] ✅ Saved: nist_libs_3.5_wt_CeCl3_and_0.5_wt_SmCl3_and_2.5_wt_LaCl3.csv
[Run 606/560000] ✅ Saved: nist_libs_3.5_wt_CeCl3_and_0.5_wt_SmCl3_and_3.0_wt_LaCl3.csv
[Run 608/560000] ✅ Saved: nist_libs_3.5_wt_CeCl3_and_0.5_wt_SmCl3_and_4.0_wt_LaCl3.csv
[Run 609/560000] ✅ Saved: nist_libs_3.5_wt_CeCl3_and_0.5_wt_SmCl3_and_4.5_wt_LaCl3.csv
[Run 611/560000] ✅ Saved: nist_libs_3.5_wt_CeCl3_and_1.0_wt_SmCl3_and_0.5_wt_LaCl3.csv
[Run 610/560000] ✅ Saved: nist_libs_3.5_wt_CeCl3_and_0.5_wt_SmCl3_and_5.0_wt_LaCl3.csv
[Run 612/560000] ✅ Saved: nist_libs_3.5_wt_CeCl3_and_1.0_wt_SmCl3_and_1.0_wt_LaCl3.csv
[Run 613/560000] ✅ Saved: nist_libs_3.5_wt_CeCl3_and_1.0_wt_SmCl3_and_1.5_wt_LaCl3.csv
[Run 614/560000] ✅ Saved: nist_libs_3.5_wt_CeCl3_and_1.0_wt_SmCl3_and_2.0_wt_LaCl3.csv
[Run 616/560000] ✅ Saved: nist_libs_3.5_wt_CeCl3_and_1.0_wt_SmCl3_and_3.0_wt_LaCl3.csv
[Run 615/560000] ✅ Saved: nist_libs_3.5_wt_CeCl3_and_1.0_wt_SmCl3_and_2.5_wt_LaCl3.csv
[Run 617/560000] ✅ Saved: nist_libs_3.5_wt_CeCl3_and_1.0_wt_SmCl3_and_3.5_wt_LaCl3.csv
[Run 618/560000] ✅ Saved: nist_libs_3.5_wt_CeCl3_and_1.0_wt_SmCl3_and_4.0_wt_LaCl3.csv
[Run 619/560000] ✅ Saved: nist_libs_3.5_wt_CeCl3_and_1.0_wt_SmCl3_and_4.5_wt_LaCl3.csv
[Run 620/560000] ✅ Saved: nist_libs_3.5_wt_CeCl3_and_1.0_wt_SmCl3_and_5.0_wt_LaCl3.csv
[Run 621/560000] ✅ Saved: nist_libs_3.5_wt_CeCl3_and_1.5_wt_SmCl3_and_0.5_wt_LaCl3.csv
[Run 622/560000] ✅ Saved: nist_libs_3.5_wt_CeCl3_and_1.5_wt_SmCl3_and_1.0_wt_LaCl3.csv
[Run 623/560000] ✅ Saved: nist_libs_3.5_wt_CeCl3_and_1.5_wt_SmCl3_and_1.5_wt_LaCl3.csv
[Run 624/560000] ✅ Saved: nist_libs_3.5_wt_CeCl3_and_1.5_wt_SmCl3_and_2.0_wt_LaCl3.csv
[Run 625/560000] ✅ Saved: nist_libs_3.5_wt_CeCl3_and_1.5_wt_SmCl3_and_2.5_wt_LaCl3.csv
[Run 626/560000] ✅ Saved: nist_libs_3.5_wt_CeCl3_and_1.5_wt_SmCl3_and_3.0_wt_LaCl3.csv
[Run 627/560000] ✅ Saved: nist_libs_3.5_wt_CeCl3_and_1.5_wt_SmCl3_and_3.5_wt_LaCl3.csv
[Run 628/560000] ✅ Saved: nist_libs_3.5_wt_CeCl3_and_1.5_wt_SmCl3_and_4.0_wt_LaCl3.csv
[Run 629/560000] ✅ Saved: nist_libs_3.5_wt_CeCl3_and_1.5_wt_SmCl3_and_4.5_wt_LaCl3.csv
[Run 631/560000] ✅ Saved: nist_libs_3.5_wt_CeCl3_and_2.0_wt_SmCl3_and_0.5_wt_LaCl3.csv
[Run 630/560000] ✅ Saved: nist_libs_3.5_wt_CeCl3_and_1.5_wt_SmCl3_and_5.0_wt_LaCl3.csv
[Run 632/560000] ✅ Saved: nist_libs_3.5_wt_CeCl3_and_2.0_wt_SmCl3_and_1.0_wt_LaCl3.csv
[Run 633/560000] ✅ Saved: nist_libs_3.5_wt_CeCl3_and_2.0_wt_SmCl3_and_1.5_wt_LaCl3.csv
[Run 634/560000] ✅ Saved: nist_libs_3.5_wt_CeCl3_and_2.0_wt_SmCl3_and_2.0_wt_LaCl3.csv
[Run 635/560000] ✅ Saved: nist_libs_3.5_wt_CeCl3_and_2.0_wt_SmCl3_and_2.5_wt_LaCl3.csv
[Run 636/560000] ✅ Saved: nist_libs_3.5_wt_CeCl3_and_2.0_wt_SmCl3_and_3.0_wt_LaCl3.csv
[Run 637/560000] ✅ Saved: nist_libs_3.5_wt_CeCl3_and_2.0_wt_SmCl3_and_3.5_wt_LaCl3.csv
[Run 639/560000] ✅ Saved: nist_libs_3.5_wt_CeCl3_and_2.0_wt_SmCl3_and_4.5_wt_LaCl3.csv
[Run 640/560000] ✅ Saved: nist_libs_3.5_wt_CeCl3_and_2.0_wt_SmCl3_and_5.0_wt_LaCl3.csv
[Run 638/560000] ✅ Saved: nist_libs_3.5_wt_CeCl3_and_2.0_wt_SmCl3_and_4.0_wt_LaCl3.csv
[Run 641/560000] ✅ Saved: nist_libs_3.5_wt_CeCl3_and_2.5_wt_SmCl3_and_0.5_wt_LaCl3.csv
[Run 642/560000] ✅ Saved: nist_libs_3.5_wt_CeCl3_and_2.5_wt_SmCl3_and_1.0_wt_LaCl3.csv
[Run 643/560000] ✅ Saved: nist_libs_3.5_wt_CeCl3_and_2.5_wt_SmCl3_and_1.5_wt_LaCl3.csv
[Run 644/560000] ✅ Saved: nist_libs_3.5_wt_CeCl3_and_2.5_wt_SmCl3_and_2.0_wt_LaCl3.csv
[Run 645/560000] ✅ Saved: nist_libs_3.5_wt_CeCl3_and_2.5_wt_SmCl3_and_2.5_wt_LaCl3.csv
[Run 646/560000] ✅ Saved: nist_libs_3.5_wt_CeCl3_and_2.5_wt_SmCl3_and_3.0_wt_LaCl3.csv
[Run 647/560000] ✅ Saved: nist_libs_3.5_wt_CeCl3_and_2.5_wt_SmCl3_and_3.5_wt_LaCl3.csv
[Run 648/560000] ✅ Saved: nist_libs_3.5_wt_CeCl3_and_2.5_wt_SmCl3_and_4.0_wt_LaCl3.csv
[Run 649/560000] ✅ Saved: nist_libs_3.5_wt_CeCl3_and_2.5_wt_SmCl3_and_4.5_wt_LaCl3.csv
[Run 650/560000] ✅ Saved: nist_libs_3.5_wt_CeCl3_and_2.5_wt_SmCl3_and_5.0_wt_LaCl3.csv
[Run 651/560000] ✅ Saved: nist_libs_3.5_wt_CeCl3_and_3.0_wt_SmCl3_and_0.5_wt_LaCl3.csv
[Run 652/560000] ✅ Saved: nist_libs_3.5_wt_CeCl3_and_3.0_wt_SmCl3_and_1.0_wt_LaCl3.csv
[Run 653/560000] ✅ Saved: nist_libs_3.5_wt_CeCl3_and_3.0_wt_SmCl3_and_1.5_wt_LaCl3.csv
[Run 654/560000] ✅ Saved: nist_libs_3.5_wt_CeCl3_and_3.0_wt_SmCl3_and_2.0_wt_LaCl3.csv
[Run 655/560000] ✅ Saved: nist_libs_3.5_wt_CeCl3_and_3.0_wt_SmCl3_and_2.5_wt_LaCl3.csv
[Run 656/560000] ✅ Saved: nist_libs_3.5_wt_CeCl3_and_3.0_wt_SmCl3_and_3.0_wt_LaCl3.csv
[Run 657/560000] ✅ Saved: nist_libs_3.5_wt_CeCl3_and_3.0_wt_SmCl3_and_3.5_wt_LaCl3.csv
[Run 658/560000] ✅ Saved: nist_libs_3.5_wt_CeCl3_and_3.0_wt_SmCl3_and_4.0_wt_LaCl3.csv
[Run 659/560000] ✅ Saved: nist_libs_3.5_wt_CeCl3_and_3.0_wt_SmCl3_and_4.5_wt_LaCl3.csv
[Run 660/560000] ✅ Saved: nist_libs_3.5_wt_CeCl3_and_3.0_wt_SmCl3_and_5.0_wt_LaCl3.csv
[Run 661/560000] ✅ Saved: nist_libs_3.5_wt_CeCl3_and_3.5_wt_SmCl3_and_0.5_wt_LaCl3.csv
[Run 663/560000] ✅ Saved: nist_libs_3.5_wt_CeCl3_and_3.5_wt_SmCl3_and_1.5_wt_LaCl3.csv
[Run 662/560000] ✅ Saved: nist_libs_3.5_wt_CeCl3_and_3.5_wt_SmCl3_and_1.0_wt_LaCl3.csv
[Run 664/560000] ✅ Saved: nist_libs_3.5_wt_CeCl3_and_3.5_wt_SmCl3_and_2.0_wt_LaCl3.csv
[Run 665/560000] ✅ Saved: nist_libs_3.5_wt_CeCl3_and_3.5_wt_SmCl3_and_2.5_wt_LaCl3.csv
[Run 667/560000] ✅ Saved: nist_libs_3.5_wt_CeCl3_and_3.5_wt_SmCl3_and_3.5_wt_LaCl3.csv
[Run 666/560000] ✅ Saved: nist_libs_3.5_wt_CeCl3_and_3.5_wt_SmCl3_and_3.0_wt_LaCl3.csv
[Run 668/560000] ✅ Saved: nist_libs_3.5_wt_CeCl3_and_3.5_wt_SmCl3_and_4.0_wt_LaCl3.csv
[Run 669/560000] ✅ Saved: nist_libs_3.5_wt_CeCl3_and_3.5_wt_SmCl3_and_4.5_wt_LaCl3.csv
[Run 670/560000] ✅ Saved: nist_libs_3.5_wt_CeCl3_and_3.5_wt_SmCl3_and_5.0_wt_LaCl3.csv
[Run 671/560000] ✅ Saved: nist_libs_3.5_wt_CeCl3_and_4.0_wt_SmCl3_and_0.5_wt_LaCl3.csv
[Run 673/560000] ✅ Saved: nist_libs_3.5_wt_CeCl3_and_4.0_wt_SmCl3_and_1.5_wt_LaCl3.csv
[Run 672/560000] ✅ Saved: nist_libs_3.5_wt_CeCl3_and_4.0_wt_SmCl3_and_1.0_wt_LaCl3.csv
[Run 675/560000] ✅ Saved: nist_libs_3.5_wt_CeCl3_and_4.0_wt_SmCl3_and_2.5_wt_LaCl3.csv
[Run 674/560000] ✅ Saved: nist_libs_3.5_wt_CeCl3_and_4.0_wt_SmCl3_and_2.0_wt_LaCl3.csv
[Run 677/560000] ✅ Saved: nist_libs_3.5_wt_CeCl3_and_4.0_wt_SmCl3_and_3.5_wt_LaCl3.csv
[Run 676/560000] ✅ Saved: nist_libs_3.5_wt_CeCl3_and_4.0_wt_SmCl3_and_3.0_wt_LaCl3.csv
[Run 679/560000] ✅ Saved: nist_libs_3.5_wt_CeCl3_and_4.0_wt_SmCl3_and_4.5_wt_LaCl3.csv
[Run 678/560000] ✅ Saved: nist_libs_3.5_wt_CeCl3_and_4.0_wt_SmCl3_and_4.0_wt_LaCl3.csv
[Run 680/560000] ✅ Saved: nist_libs_3.5_wt_CeCl3_and_4.0_wt_SmCl3_and_5.0_wt_LaCl3.csv
[Run 681/560000] ✅ Saved: nist_libs_3.5_wt_CeCl3_and_4.5_wt_SmCl3_and_0.5_wt_LaCl3.csv
[Run 683/560000] ✅ Saved: nist_libs_3.5_wt_CeCl3_and_4.5_wt_SmCl3_and_1.5_wt_LaCl3.csv
[Run 682/560000] ✅ Saved: nist_libs_3.5_wt_CeCl3_and_4.5_wt_SmCl3_and_1.0_wt_LaCl3.csv
[Run 684/560000] ✅ Saved: nist_libs_3.5_wt_CeCl3_and_4.5_wt_SmCl3_and_2.0_wt_LaCl3.csv
[Run 685/560000] ✅ Saved: nist_libs_3.5_wt_CeCl3_and_4.5_wt_SmCl3_and_2.5_wt_LaCl3.csv
[Run 686/560000] ✅ Saved: nist_libs_3.5_wt_CeCl3_and_4.5_wt_SmCl3_and_3.0_wt_LaCl3.csv
[Run 687/560000] ✅ Saved: nist_libs_3.5_wt_CeCl3_and_4.5_wt_SmCl3_and_3.5_wt_LaCl3.csv
[Run 688/560000] ✅ Saved: nist_libs_3.5_wt_CeCl3_and_4.5_wt_SmCl3_and_4.0_wt_LaCl3.csv
[Run 689/560000] ✅ Saved: nist_libs_3.5_wt_CeCl3_and_4.5_wt_SmCl3_and_4.5_wt_LaCl3.csv
[Run 690/560000] ✅ Saved: nist_libs_3.5_wt_CeCl3_and_4.5_wt_SmCl3_and_5.0_wt_LaCl3.csv
[Run 691/560000] ✅ Saved: nist_libs_3.5_wt_CeCl3_and_5.0_wt_SmCl3_and_0.5_wt_LaCl3.csv
[Run 692/560000] ✅ Saved: nist_libs_3.5_wt_CeCl3_and_5.0_wt_SmCl3_and_1.0_wt_LaCl3.csv
[Run 693/560000] ✅ Saved: nist_libs_3.5_wt_CeCl3_and_5.0_wt_SmCl3_and_1.5_wt_LaCl3.csv
[Run 694/560000] ✅ Saved: nist_libs_3.5_wt_CeCl3_and_5.0_wt_SmCl3_and_2.0_wt_LaCl3.csv
[Run 695/560000] ✅ Saved: nist_libs_3.5_wt_CeCl3_and_5.0_wt_SmCl3_and_2.5_wt_LaCl3.csv
[Run 697/560000] ✅ Saved: nist_libs_3.5_wt_CeCl3_and_5.0_wt_SmCl3_and_3.5_wt_LaCl3.csv
[Run 696/560000] ✅ Saved: nist_libs_3.5_wt_CeCl3_and_5.0_wt_SmCl3_and_3.0_wt_LaCl3.csv
[Run 698/560000] ✅ Saved: nist_libs_3.5_wt_CeCl3_and_5.0_wt_SmCl3_and_4.0_wt_LaCl3.csv
[Run 699/560000] ✅ Saved: nist_libs_3.5_wt_CeCl3_and_5.0_wt_SmCl3_and_4.5_wt_LaCl3.csv
[Run 700/560000] ✅ Saved: nist_libs_3.5_wt_CeCl3_and_5.0_wt_SmCl3_and_5.0_wt_LaCl3.csv
[Run 701/560000] ✅ Saved: nist_libs_4.0_wt_CeCl3_and_0.5_wt_SmCl3_and_0.5_wt_LaCl3.csv
[Run 703/560000] ✅ Saved: nist_libs_4.0_wt_CeCl3_and_0.5_wt_SmCl3_and_1.5_wt_LaCl3.csv
[Run 702/560000] ✅ Saved: nist_libs_4.0_wt_CeCl3_and_0.5_wt_SmCl3_and_1.0_wt_LaCl3.csv
[Run 705/560000] ✅ Saved: nist_libs_4.0_wt_CeCl3_and_0.5_wt_SmCl3_and_2.5_wt_LaCl3.csv
[Run 704/560000] ✅ Saved: nist_libs_4.0_wt_CeCl3_and_0.5_wt_SmCl3_and_2.0_wt_LaCl3.csv
[Run 706/560000] ✅ Saved: nist_libs_4.0_wt_CeCl3_and_0.5_wt_SmCl3_and_3.0_wt_LaCl3.csv
[Run 707/560000] ✅ Saved: nist_libs_4.0_wt_CeCl3_and_0.5_wt_SmCl3_and_3.5_wt_LaCl3.csv
[Run 708/560000] ✅ Saved: nist_libs_4.0_wt_CeCl3_and_0.5_wt_SmCl3_and_4.0_wt_LaCl3.csv
[Run 709/560000] ✅ Saved: nist_libs_4.0_wt_CeCl3_and_0.5_wt_SmCl3_and_4.5_wt_LaCl3.csv
[Run 711/560000] ✅ Saved: nist_libs_4.0_wt_CeCl3_and_1.0_wt_SmCl3_and_0.5_wt_LaCl3.csv
[Run 710/560000] ✅ Saved: nist_libs_4.0_wt_CeCl3_and_0.5_wt_SmCl3_and_5.0_wt_LaCl3.csv
[Run 712/560000] ✅ Saved: nist_libs_4.0_wt_CeCl3_and_1.0_wt_SmCl3_and_1.0_wt_LaCl3.csv
[Run 713/560000] ✅ Saved: nist_libs_4.0_wt_CeCl3_and_1.0_wt_SmCl3_and_1.5_wt_LaCl3.csv
[Run 714/560000] ✅ Saved: nist_libs_4.0_wt_CeCl3_and_1.0_wt_SmCl3_and_2.0_wt_LaCl3.csv
[Run 715/560000] ✅ Saved: nist_libs_4.0_wt_CeCl3_and_1.0_wt_SmCl3_and_2.5_wt_LaCl3.csv
[Run 716/560000] ✅ Saved: nist_libs_4.0_wt_CeCl3_and_1.0_wt_SmCl3_and_3.0_wt_LaCl3.csv
[Run 717/560000] ✅ Saved: nist_libs_4.0_wt_CeCl3_and_1.0_wt_SmCl3_and_3.5_wt_LaCl3.csv
[Run 718/560000] ✅ Saved: nist_libs_4.0_wt_CeCl3_and_1.0_wt_SmCl3_and_4.0_wt_LaCl3.csv
[Run 719/560000] ✅ Saved: nist_libs_4.0_wt_CeCl3_and_1.0_wt_SmCl3_and_4.5_wt_LaCl3.csv
[Run 721/560000] ✅ Saved: nist_libs_4.0_wt_CeCl3_and_1.5_wt_SmCl3_and_0.5_wt_LaCl3.csv
[Run 722/560000] ✅ Saved: nist_libs_4.0_wt_CeCl3_and_1.5_wt_SmCl3_and_1.0_wt_LaCl3.csv
[Run 720/560000] ✅ Saved: nist_libs_4.0_wt_CeCl3_and_1.0_wt_SmCl3_and_5.0_wt_LaCl3.csv
[Run 723/560000] ✅ Saved: nist_libs_4.0_wt_CeCl3_and_1.5_wt_SmCl3_and_1.5_wt_LaCl3.csv
[Run 725/560000] ✅ Saved: nist_libs_4.0_wt_CeCl3_and_1.5_wt_SmCl3_and_2.5_wt_LaCl3.csv
[Run 724/560000] ✅ Saved: nist_libs_4.0_wt_CeCl3_and_1.5_wt_SmCl3_and_2.0_wt_LaCl3.csv
[Run 726/560000] ✅ Saved: nist_libs_4.0_wt_CeCl3_and_1.5_wt_SmCl3_and_3.0_wt_LaCl3.csv
[Run 727/560000] ✅ Saved: nist_libs_4.0_wt_CeCl3_and_1.5_wt_SmCl3_and_3.5_wt_LaCl3.csv
[Run 729/560000] ✅ Saved: nist_libs_4.0_wt_CeCl3_and_1.5_wt_SmCl3_and_4.5_wt_LaCl3.csv
[Run 728/560000] ✅ Saved: nist_libs_4.0_wt_CeCl3_and_1.5_wt_SmCl3_and_4.0_wt_LaCl3.csv
[Run 730/560000] ✅ Saved: nist_libs_4.0_wt_CeCl3_and_1.5_wt_SmCl3_and_5.0_wt_LaCl3.csv
[Run 731/560000] ✅ Saved: nist_libs_4.0_wt_CeCl3_and_2.0_wt_SmCl3_and_0.5_wt_LaCl3.csv
[Run 732/560000] ✅ Saved: nist_libs_4.0_wt_CeCl3_and_2.0_wt_SmCl3_and_1.0_wt_LaCl3.csv
[Run 733/560000] ✅ Saved: nist_libs_4.0_wt_CeCl3_and_2.0_wt_SmCl3_and_1.5_wt_LaCl3.csv
[Run 735/560000] ✅ Saved: nist_libs_4.0_wt_CeCl3_and_2.0_wt_SmCl3_and_2.5_wt_LaCl3.csv
[Run 734/560000] ✅ Saved: nist_libs_4.0_wt_CeCl3_and_2.0_wt_SmCl3_and_2.0_wt_LaCl3.csv
[Run 737/560000] ✅ Saved: nist_libs_4.0_wt_CeCl3_and_2.0_wt_SmCl3_and_3.5_wt_LaCl3.csv
[Run 736/560000] ✅ Saved: nist_libs_4.0_wt_CeCl3_and_2.0_wt_SmCl3_and_3.0_wt_LaCl3.csv
[Run 739/560000] ✅ Saved: nist_libs_4.0_wt_CeCl3_and_2.0_wt_SmCl3_and_4.5_wt_LaCl3.csv
[Run 738/560000] ✅ Saved: nist_libs_4.0_wt_CeCl3_and_2.0_wt_SmCl3_and_4.0_wt_LaCl3.csv
[Run 740/560000] ✅ Saved: nist_libs_4.0_wt_CeCl3_and_2.0_wt_SmCl3_and_5.0_wt_LaCl3.csv
[Run 741/560000] ✅ Saved: nist_libs_4.0_wt_CeCl3_and_2.5_wt_SmCl3_and_0.5_wt_LaCl3.csv
[Run 742/560000] ✅ Saved: nist_libs_4.0_wt_CeCl3_and_2.5_wt_SmCl3_and_1.0_wt_LaCl3.csv
[Run 743/560000] ✅ Saved: nist_libs_4.0_wt_CeCl3_and_2.5_wt_SmCl3_and_1.5_wt_LaCl3.csv
[Run 744/560000] ✅ Saved: nist_libs_4.0_wt_CeCl3_and_2.5_wt_SmCl3_and_2.0_wt_LaCl3.csv
[Run 746/560000] ✅ Saved: nist_libs_4.0_wt_CeCl3_and_2.5_wt_SmCl3_and_3.0_wt_LaCl3.csv
[Run 745/560000] ✅ Saved: nist_libs_4.0_wt_CeCl3_and_2.5_wt_SmCl3_and_2.5_wt_LaCl3.csv
[Run 747/560000] ✅ Saved: nist_libs_4.0_wt_CeCl3_and_2.5_wt_SmCl3_and_3.5_wt_LaCl3.csv
[Run 748/560000] ✅ Saved: nist_libs_4.0_wt_CeCl3_and_2.5_wt_SmCl3_and_4.0_wt_LaCl3.csv
[Run 749/560000] ✅ Saved: nist_libs_4.0_wt_CeCl3_and_2.5_wt_SmCl3_and_4.5_wt_LaCl3.csv
[Run 750/560000] ✅ Saved: nist_libs_4.0_wt_CeCl3_and_2.5_wt_SmCl3_and_5.0_wt_LaCl3.csv
[Run 751/560000] ✅ Saved: nist_libs_4.0_wt_CeCl3_and_3.0_wt_SmCl3_and_0.5_wt_LaCl3.csv
[Run 752/560000] ✅ Saved: nist_libs_4.0_wt_CeCl3_and_3.0_wt_SmCl3_and_1.0_wt_LaCl3.csv
[Run 753/560000] ✅ Saved: nist_libs_4.0_wt_CeCl3_and_3.0_wt_SmCl3_and_1.5_wt_LaCl3.csv
[Run 755/560000] ✅ Saved: nist_libs_4.0_wt_CeCl3_and_3.0_wt_SmCl3_and_2.5_wt_LaCl3.csv
[Run 754/560000] ✅ Saved: nist_libs_4.0_wt_CeCl3_and_3.0_wt_SmCl3_and_2.0_wt_LaCl3.csv
[Run 756/560000] ✅ Saved: nist_libs_4.0_wt_CeCl3_and_3.0_wt_SmCl3_and_3.0_wt_LaCl3.csv
[Run 757/560000] ✅ Saved: nist_libs_4.0_wt_CeCl3_and_3.0_wt_SmCl3_and_3.5_wt_LaCl3.csv
[Run 758/560000] ✅ Saved: nist_libs_4.0_wt_CeCl3_and_3.0_wt_SmCl3_and_4.0_wt_LaCl3.csv
[Run 759/560000] ✅ Saved: nist_libs_4.0_wt_CeCl3_and_3.0_wt_SmCl3_and_4.5_wt_LaCl3.csv
[Run 760/560000] ✅ Saved: nist_libs_4.0_wt_CeCl3_and_3.0_wt_SmCl3_and_5.0_wt_LaCl3.csv
[Run 761/560000] ✅ Saved: nist_libs_4.0_wt_CeCl3_and_3.5_wt_SmCl3_and_0.5_wt_LaCl3.csv
[Run 763/560000] ✅ Saved: nist_libs_4.0_wt_CeCl3_and_3.5_wt_SmCl3_and_1.5_wt_LaCl3.csv
[Run 762/560000] ✅ Saved: nist_libs_4.0_wt_CeCl3_and_3.5_wt_SmCl3_and_1.0_wt_LaCl3.csv
[Run 764/560000] ✅ Saved: nist_libs_4.0_wt_CeCl3_and_3.5_wt_SmCl3_and_2.0_wt_LaCl3.csv
[Run 765/560000] ✅ Saved: nist_libs_4.0_wt_CeCl3_and_3.5_wt_SmCl3_and_2.5_wt_LaCl3.csv
[Run 767/560000] ✅ Saved: nist_libs_4.0_wt_CeCl3_and_3.5_wt_SmCl3_and_3.5_wt_LaCl3.csv
[Run 766/560000] ✅ Saved: nist_libs_4.0_wt_CeCl3_and_3.5_wt_SmCl3_and_3.0_wt_LaCl3.csv
[Run 768/560000] ✅ Saved: nist_libs_4.0_wt_CeCl3_and_3.5_wt_SmCl3_and_4.0_wt_LaCl3.csv
[Run 769/560000] ✅ Saved: nist_libs_4.0_wt_CeCl3_and_3.5_wt_SmCl3_and_4.5_wt_LaCl3.csv
[Run 770/560000] ✅ Saved: nist_libs_4.0_wt_CeCl3_and_3.5_wt_SmCl3_and_5.0_wt_LaCl3.csv
[Run 771/560000] ✅ Saved: nist_libs_4.0_wt_CeCl3_and_4.0_wt_SmCl3_and_0.5_wt_LaCl3.csv
[Run 772/560000] ✅ Saved: nist_libs_4.0_wt_CeCl3_and_4.0_wt_SmCl3_and_1.0_wt_LaCl3.csv
[Run 773/560000] ✅ Saved: nist_libs_4.0_wt_CeCl3_and_4.0_wt_SmCl3_and_1.5_wt_LaCl3.csv
[Run 774/560000] ✅ Saved: nist_libs_4.0_wt_CeCl3_and_4.0_wt_SmCl3_and_2.0_wt_LaCl3.csv
[Run 775/560000] ✅ Saved: nist_libs_4.0_wt_CeCl3_and_4.0_wt_SmCl3_and_2.5_wt_LaCl3.csv
[Run 776/560000] ✅ Saved: nist_libs_4.0_wt_CeCl3_and_4.0_wt_SmCl3_and_3.0_wt_LaCl3.csv
[Run 777/560000] ✅ Saved: nist_libs_4.0_wt_CeCl3_and_4.0_wt_SmCl3_and_3.5_wt_LaCl3.csv
[Run 778/560000] ✅ Saved: nist_libs_4.0_wt_CeCl3_and_4.0_wt_SmCl3_and_4.0_wt_LaCl3.csv
[Run 779/560000] ✅ Saved: nist_libs_4.0_wt_CeCl3_and_4.0_wt_SmCl3_and_4.5_wt_LaCl3.csv
[Run 780/560000] ✅ Saved: nist_libs_4.0_wt_CeCl3_and_4.0_wt_SmCl3_and_5.0_wt_LaCl3.csv
[Run 783/560000] ✅ Saved: nist_libs_4.0_wt_CeCl3_and_4.5_wt_SmCl3_and_1.5_wt_LaCl3.csv
[Run 781/560000] ✅ Saved: nist_libs_4.0_wt_CeCl3_and_4.5_wt_SmCl3_and_0.5_wt_LaCl3.csv
[Run 782/560000] ✅ Saved: nist_libs_4.0_wt_CeCl3_and_4.5_wt_SmCl3_and_1.0_wt_LaCl3.csv
[Run 785/560000] ✅ Saved: nist_libs_4.0_wt_CeCl3_and_4.5_wt_SmCl3_and_2.5_wt_LaCl3.csv
[Run 786/560000] ✅ Saved: nist_libs_4.0_wt_CeCl3_and_4.5_wt_SmCl3_and_3.0_wt_LaCl3.csv
[Run 787/560000] ✅ Saved: nist_libs_4.0_wt_CeCl3_and_4.5_wt_SmCl3_and_3.5_wt_LaCl3.csv
[Run 788/560000] ✅ Saved: nist_libs_4.0_wt_CeCl3_and_4.5_wt_SmCl3_and_4.0_wt_LaCl3.csv
[Run 789/560000] ✅ Saved: nist_libs_4.0_wt_CeCl3_and_4.5_wt_SmCl3_and_4.5_wt_LaCl3.csv
[Run 790/560000] ✅ Saved: nist_libs_4.0_wt_CeCl3_and_4.5_wt_SmCl3_and_5.0_wt_LaCl3.csv
[Run 791/560000] ✅ Saved: nist_libs_4.0_wt_CeCl3_and_5.0_wt_SmCl3_and_0.5_wt_LaCl3.csv
[Run 792/560000] ✅ Saved: nist_libs_4.0_wt_CeCl3_and_5.0_wt_SmCl3_and_1.0_wt_LaCl3.csv
[Run 793/560000] ✅ Saved: nist_libs_4.0_wt_CeCl3_and_5.0_wt_SmCl3_and_1.5_wt_LaCl3.csv
[Run 784/560000] ✅ Saved: nist_libs_4.0_wt_CeCl3_and_4.5_wt_SmCl3_and_2.0_wt_LaCl3.csv
[Run 794/560000] ✅ Saved: nist_libs_4.0_wt_CeCl3_and_5.0_wt_SmCl3_and_2.0_wt_LaCl3.csv
[Run 795/560000] ✅ Saved: nist_libs_4.0_wt_CeCl3_and_5.0_wt_SmCl3_and_2.5_wt_LaCl3.csv
[Run 796/560000] ✅ Saved: nist_libs_4.0_wt_CeCl3_and_5.0_wt_SmCl3_and_3.0_wt_LaCl3.csv
[Run 797/560000] ✅ Saved: nist_libs_4.0_wt_CeCl3_and_5.0_wt_SmCl3_and_3.5_wt_LaCl3.csv
[Run 798/560000] ✅ Saved: nist_libs_4.0_wt_CeCl3_and_5.0_wt_SmCl3_and_4.0_wt_LaCl3.csv
[Run 800/560000] ✅ Saved: nist_libs_4.0_wt_CeCl3_and_5.0_wt_SmCl3_and_5.0_wt_LaCl3.csv
[Run 799/560000] ✅ Saved: nist_libs_4.0_wt_CeCl3_and_5.0_wt_SmCl3_and_4.5_wt_LaCl3.csv
[Run 801/560000] ✅ Saved: nist_libs_4.5_wt_CeCl3_and_0.5_wt_SmCl3_and_0.5_wt_LaCl3.csv
[Run 802/560000] ✅ Saved: nist_libs_4.5_wt_CeCl3_and_0.5_wt_SmCl3_and_1.0_wt_LaCl3.csv
[Run 803/560000] ✅ Saved: nist_libs_4.5_wt_CeCl3_and_0.5_wt_SmCl3_and_1.5_wt_LaCl3.csv
[Run 804/560000] ✅ Saved: nist_libs_4.5_wt_CeCl3_and_0.5_wt_SmCl3_and_2.0_wt_LaCl3.csv
[Run 805/560000] ✅ Saved: nist_libs_4.5_wt_CeCl3_and_0.5_wt_SmCl3_and_2.5_wt_LaCl3.csv
[Run 806/560000] ✅ Saved: nist_libs_4.5_wt_CeCl3_and_0.5_wt_SmCl3_and_3.0_wt_LaCl3.csv
[Run 807/560000] ✅ Saved: nist_libs_4.5_wt_CeCl3_and_0.5_wt_SmCl3_and_3.5_wt_LaCl3.csv
[Run 808/560000] ✅ Saved: nist_libs_4.5_wt_CeCl3_and_0.5_wt_SmCl3_and_4.0_wt_LaCl3.csv
[Run 809/560000] ✅ Saved: nist_libs_4.5_wt_CeCl3_and_0.5_wt_SmCl3_and_4.5_wt_LaCl3.csv
[Run 810/560000] ✅ Saved: nist_libs_4.5_wt_CeCl3_and_0.5_wt_SmCl3_and_5.0_wt_LaCl3.csv
[Run 811/560000] ✅ Saved: nist_libs_4.5_wt_CeCl3_and_1.0_wt_SmCl3_and_0.5_wt_LaCl3.csv
[Run 813/560000] ✅ Saved: nist_libs_4.5_wt_CeCl3_and_1.0_wt_SmCl3_and_1.5_wt_LaCl3.csv
[Run 812/560000] ✅ Saved: nist_libs_4.5_wt_CeCl3_and_1.0_wt_SmCl3_and_1.0_wt_LaCl3.csv
[Run 814/560000] ✅ Saved: nist_libs_4.5_wt_CeCl3_and_1.0_wt_SmCl3_and_2.0_wt_LaCl3.csv
[Run 815/560000] ✅ Saved: nist_libs_4.5_wt_CeCl3_and_1.0_wt_SmCl3_and_2.5_wt_LaCl3.csv
[Run 816/560000] ✅ Saved: nist_libs_4.5_wt_CeCl3_and_1.0_wt_SmCl3_and_3.0_wt_LaCl3.csv
[Run 817/560000] ✅ Saved: nist_libs_4.5_wt_CeCl3_and_1.0_wt_SmCl3_and_3.5_wt_LaCl3.csv
[Run 818/560000] ✅ Saved: nist_libs_4.5_wt_CeCl3_and_1.0_wt_SmCl3_and_4.0_wt_LaCl3.csv
[Run 819/560000] ✅ Saved: nist_libs_4.5_wt_CeCl3_and_1.0_wt_SmCl3_and_4.5_wt_LaCl3.csv
[Run 820/560000] ✅ Saved: nist_libs_4.5_wt_CeCl3_and_1.0_wt_SmCl3_and_5.0_wt_LaCl3.csv
[Run 821/560000] ✅ Saved: nist_libs_4.5_wt_CeCl3_and_1.5_wt_SmCl3_and_0.5_wt_LaCl3.csv
[Run 822/560000] ✅ Saved: nist_libs_4.5_wt_CeCl3_and_1.5_wt_SmCl3_and_1.0_wt_LaCl3.csv
[Run 823/560000] ✅ Saved: nist_libs_4.5_wt_CeCl3_and_1.5_wt_SmCl3_and_1.5_wt_LaCl3.csv
[Run 824/560000] ✅ Saved: nist_libs_4.5_wt_CeCl3_and_1.5_wt_SmCl3_and_2.0_wt_LaCl3.csv
[Run 825/560000] ✅ Saved: nist_libs_4.5_wt_CeCl3_and_1.5_wt_SmCl3_and_2.5_wt_LaCl3.csv
[Run 826/560000] ✅ Saved: nist_libs_4.5_wt_CeCl3_and_1.5_wt_SmCl3_and_3.0_wt_LaCl3.csv
[Run 827/560000] ✅ Saved: nist_libs_4.5_wt_CeCl3_and_1.5_wt_SmCl3_and_3.5_wt_LaCl3.csv
[Run 828/560000] ✅ Saved: nist_libs_4.5_wt_CeCl3_and_1.5_wt_SmCl3_and_4.0_wt_LaCl3.csv
[Run 829/560000] ✅ Saved: nist_libs_4.5_wt_CeCl3_and_1.5_wt_SmCl3_and_4.5_wt_LaCl3.csv
[Run 830/560000] ✅ Saved: nist_libs_4.5_wt_CeCl3_and_1.5_wt_SmCl3_and_5.0_wt_LaCl3.csv
[Run 831/560000] ✅ Saved: nist_libs_4.5_wt_CeCl3_and_2.0_wt_SmCl3_and_0.5_wt_LaCl3.csv
[Run 832/560000] ✅ Saved: nist_libs_4.5_wt_CeCl3_and_2.0_wt_SmCl3_and_1.0_wt_LaCl3.csv
[Run 833/560000] ✅ Saved: nist_libs_4.5_wt_CeCl3_and_2.0_wt_SmCl3_and_1.5_wt_LaCl3.csv
[Run 834/560000] ✅ Saved: nist_libs_4.5_wt_CeCl3_and_2.0_wt_SmCl3_and_2.0_wt_LaCl3.csv
[Run 835/560000] ✅ Saved: nist_libs_4.5_wt_CeCl3_and_2.0_wt_SmCl3_and_2.5_wt_LaCl3.csv
[Run 836/560000] ✅ Saved: nist_libs_4.5_wt_CeCl3_and_2.0_wt_SmCl3_and_3.0_wt_LaCl3.csv
[Run 837/560000] ✅ Saved: nist_libs_4.5_wt_CeCl3_and_2.0_wt_SmCl3_and_3.5_wt_LaCl3.csv
[Run 838/560000] ✅ Saved: nist_libs_4.5_wt_CeCl3_and_2.0_wt_SmCl3_and_4.0_wt_LaCl3.csv
[Run 839/560000] ✅ Saved: nist_libs_4.5_wt_CeCl3_and_2.0_wt_SmCl3_and_4.5_wt_LaCl3.csv
[Run 840/560000] ✅ Saved: nist_libs_4.5_wt_CeCl3_and_2.0_wt_SmCl3_and_5.0_wt_LaCl3.csv
[Run 841/560000] ✅ Saved: nist_libs_4.5_wt_CeCl3_and_2.5_wt_SmCl3_and_0.5_wt_LaCl3.csv
[Run 842/560000] ✅ Saved: nist_libs_4.5_wt_CeCl3_and_2.5_wt_SmCl3_and_1.0_wt_LaCl3.csv
[Run 844/560000] ✅ Saved: nist_libs_4.5_wt_CeCl3_and_2.5_wt_SmCl3_and_2.0_wt_LaCl3.csv
[Run 843/560000] ✅ Saved: nist_libs_4.5_wt_CeCl3_and_2.5_wt_SmCl3_and_1.5_wt_LaCl3.csv
[Run 845/560000] ✅ Saved: nist_libs_4.5_wt_CeCl3_and_2.5_wt_SmCl3_and_2.5_wt_LaCl3.csv
[Run 846/560000] ✅ Saved: nist_libs_4.5_wt_CeCl3_and_2.5_wt_SmCl3_and_3.0_wt_LaCl3.csv
[Run 847/560000] ✅ Saved: nist_libs_4.5_wt_CeCl3_and_2.5_wt_SmCl3_and_3.5_wt_LaCl3.csv
[Run 848/560000] ✅ Saved: nist_libs_4.5_wt_CeCl3_and_2.5_wt_SmCl3_and_4.0_wt_LaCl3.csv
[Run 849/560000] ✅ Saved: nist_libs_4.5_wt_CeCl3_and_2.5_wt_SmCl3_and_4.5_wt_LaCl3.csv
[Run 850/560000] ✅ Saved: nist_libs_4.5_wt_CeCl3_and_2.5_wt_SmCl3_and_5.0_wt_LaCl3.csv
[Run 851/560000] ✅ Saved: nist_libs_4.5_wt_CeCl3_and_3.0_wt_SmCl3_and_0.5_wt_LaCl3.csv
[Run 852/560000] ✅ Saved: nist_libs_4.5_wt_CeCl3_and_3.0_wt_SmCl3_and_1.0_wt_LaCl3.csv
[Run 853/560000] ✅ Saved: nist_libs_4.5_wt_CeCl3_and_3.0_wt_SmCl3_and_1.5_wt_LaCl3.csv
[Run 854/560000] ✅ Saved: nist_libs_4.5_wt_CeCl3_and_3.0_wt_SmCl3_and_2.0_wt_LaCl3.csv
[Run 855/560000] ✅ Saved: nist_libs_4.5_wt_CeCl3_and_3.0_wt_SmCl3_and_2.5_wt_LaCl3.csv
[Run 856/560000] ✅ Saved: nist_libs_4.5_wt_CeCl3_and_3.0_wt_SmCl3_and_3.0_wt_LaCl3.csv
[Run 857/560000] ✅ Saved: nist_libs_4.5_wt_CeCl3_and_3.0_wt_SmCl3_and_3.5_wt_LaCl3.csv
[Run 858/560000] ✅ Saved: nist_libs_4.5_wt_CeCl3_and_3.0_wt_SmCl3_and_4.0_wt_LaCl3.csv
[Run 859/560000] ✅ Saved: nist_libs_4.5_wt_CeCl3_and_3.0_wt_SmCl3_and_4.5_wt_LaCl3.csv
[Run 860/560000] ✅ Saved: nist_libs_4.5_wt_CeCl3_and_3.0_wt_SmCl3_and_5.0_wt_LaCl3.csv
[Run 861/560000] ✅ Saved: nist_libs_4.5_wt_CeCl3_and_3.5_wt_SmCl3_and_0.5_wt_LaCl3.csv
[Run 862/560000] ✅ Saved: nist_libs_4.5_wt_CeCl3_and_3.5_wt_SmCl3_and_1.0_wt_LaCl3.csv
[Run 863/560000] ✅ Saved: nist_libs_4.5_wt_CeCl3_and_3.5_wt_SmCl3_and_1.5_wt_LaCl3.csv
[Run 864/560000] ✅ Saved: nist_libs_4.5_wt_CeCl3_and_3.5_wt_SmCl3_and_2.0_wt_LaCl3.csv
[Run 865/560000] ✅ Saved: nist_libs_4.5_wt_CeCl3_and_3.5_wt_SmCl3_and_2.5_wt_LaCl3.csv
[Run 866/560000] ✅ Saved: nist_libs_4.5_wt_CeCl3_and_3.5_wt_SmCl3_and_3.0_wt_LaCl3.csv
[Run 867/560000] ✅ Saved: nist_libs_4.5_wt_CeCl3_and_3.5_wt_SmCl3_and_3.5_wt_LaCl3.csv
[Run 868/560000] ✅ Saved: nist_libs_4.5_wt_CeCl3_and_3.5_wt_SmCl3_and_4.0_wt_LaCl3.csv
[Run 869/560000] ✅ Saved: nist_libs_4.5_wt_CeCl3_and_3.5_wt_SmCl3_and_4.5_wt_LaCl3.csv
[Run 870/560000] ✅ Saved: nist_libs_4.5_wt_CeCl3_and_3.5_wt_SmCl3_and_5.0_wt_LaCl3.csv
[Run 871/560000] ✅ Saved: nist_libs_4.5_wt_CeCl3_and_4.0_wt_SmCl3_and_0.5_wt_LaCl3.csv
[Run 872/560000] ✅ Saved: nist_libs_4.5_wt_CeCl3_and_4.0_wt_SmCl3_and_1.0_wt_LaCl3.csv
[Run 873/560000] ✅ Saved: nist_libs_4.5_wt_CeCl3_and_4.0_wt_SmCl3_and_1.5_wt_LaCl3.csv
[Run 874/560000] ✅ Saved: nist_libs_4.5_wt_CeCl3_and_4.0_wt_SmCl3_and_2.0_wt_LaCl3.csv
[Run 875/560000] ✅ Saved: nist_libs_4.5_wt_CeCl3_and_4.0_wt_SmCl3_and_2.5_wt_LaCl3.csv
[Run 876/560000] ✅ Saved: nist_libs_4.5_wt_CeCl3_and_4.0_wt_SmCl3_and_3.0_wt_LaCl3.csv
[Run 877/560000] ✅ Saved: nist_libs_4.5_wt_CeCl3_and_4.0_wt_SmCl3_and_3.5_wt_LaCl3.csv
[Run 878/560000] ✅ Saved: nist_libs_4.5_wt_CeCl3_and_4.0_wt_SmCl3_and_4.0_wt_LaCl3.csv
[Run 879/560000] ✅ Saved: nist_libs_4.5_wt_CeCl3_and_4.0_wt_SmCl3_and_4.5_wt_LaCl3.csv
[Run 880/560000] ✅ Saved: nist_libs_4.5_wt_CeCl3_and_4.0_wt_SmCl3_and_5.0_wt_LaCl3.csv
[Run 881/560000] ✅ Saved: nist_libs_4.5_wt_CeCl3_and_4.5_wt_SmCl3_and_0.5_wt_LaCl3.csv
[Run 882/560000] ✅ Saved: nist_libs_4.5_wt_CeCl3_and_4.5_wt_SmCl3_and_1.0_wt_LaCl3.csv
[Run 883/560000] ✅ Saved: nist_libs_4.5_wt_CeCl3_and_4.5_wt_SmCl3_and_1.5_wt_LaCl3.csv
[Run 884/560000] ✅ Saved: nist_libs_4.5_wt_CeCl3_and_4.5_wt_SmCl3_and_2.0_wt_LaCl3.csv
[Run 885/560000] ✅ Saved: nist_libs_4.5_wt_CeCl3_and_4.5_wt_SmCl3_and_2.5_wt_LaCl3.csv
[Run 886/560000] ✅ Saved: nist_libs_4.5_wt_CeCl3_and_4.5_wt_SmCl3_and_3.0_wt_LaCl3.csv
[Run 887/560000] ✅ Saved: nist_libs_4.5_wt_CeCl3_and_4.5_wt_SmCl3_and_3.5_wt_LaCl3.csv
[Run 888/560000] ✅ Saved: nist_libs_4.5_wt_CeCl3_and_4.5_wt_SmCl3_and_4.0_wt_LaCl3.csv
[Run 889/560000] ✅ Saved: nist_libs_4.5_wt_CeCl3_and_4.5_wt_SmCl3_and_4.5_wt_LaCl3.csv
[Run 890/560000] ✅ Saved: nist_libs_4.5_wt_CeCl3_and_4.5_wt_SmCl3_and_5.0_wt_LaCl3.csv
[Run 891/560000] ✅ Saved: nist_libs_4.5_wt_CeCl3_and_5.0_wt_SmCl3_and_0.5_wt_LaCl3.csv
[Run 892/560000] ✅ Saved: nist_libs_4.5_wt_CeCl3_and_5.0_wt_SmCl3_and_1.0_wt_LaCl3.csv
[Run 894/560000] ✅ Saved: nist_libs_4.5_wt_CeCl3_and_5.0_wt_SmCl3_and_2.0_wt_LaCl3.csv
[Run 893/560000] ✅ Saved: nist_libs_4.5_wt_CeCl3_and_5.0_wt_SmCl3_and_1.5_wt_LaCl3.csv
[Run 895/560000] ✅ Saved: nist_libs_4.5_wt_CeCl3_and_5.0_wt_SmCl3_and_2.5_wt_LaCl3.csv
[Run 896/560000] ✅ Saved: nist_libs_4.5_wt_CeCl3_and_5.0_wt_SmCl3_and_3.0_wt_LaCl3.csv
[Run 897/560000] ✅ Saved: nist_libs_4.5_wt_CeCl3_and_5.0_wt_SmCl3_and_3.5_wt_LaCl3.csv
[Run 899/560000] ✅ Saved: nist_libs_4.5_wt_CeCl3_and_5.0_wt_SmCl3_and_4.5_wt_LaCl3.csv
[Run 898/560000] ✅ Saved: nist_libs_4.5_wt_CeCl3_and_5.0_wt_SmCl3_and_4.0_wt_LaCl3.csv
[Run 900/560000] ✅ Saved: nist_libs_4.5_wt_CeCl3_and_5.0_wt_SmCl3_and_5.0_wt_LaCl3.csv
[Run 901/560000] ✅ Saved: nist_libs_5.0_wt_CeCl3_and_0.5_wt_SmCl3_and_0.5_wt_LaCl3.csv
[Run 902/560000] ✅ Saved: nist_libs_5.0_wt_CeCl3_and_0.5_wt_SmCl3_and_1.0_wt_LaCl3.csv
[Run 903/560000] ✅ Saved: nist_libs_5.0_wt_CeCl3_and_0.5_wt_SmCl3_and_1.5_wt_LaCl3.csv
[Run 904/560000] ✅ Saved: nist_libs_5.0_wt_CeCl3_and_0.5_wt_SmCl3_and_2.0_wt_LaCl3.csv
[Run 905/560000] ✅ Saved: nist_libs_5.0_wt_CeCl3_and_0.5_wt_SmCl3_and_2.5_wt_LaCl3.csv
[Run 906/560000] ✅ Saved: nist_libs_5.0_wt_CeCl3_and_0.5_wt_SmCl3_and_3.0_wt_LaCl3.csv
[Run 907/560000] ✅ Saved: nist_libs_5.0_wt_CeCl3_and_0.5_wt_SmCl3_and_3.5_wt_LaCl3.csv
[Run 908/560000] ✅ Saved: nist_libs_5.0_wt_CeCl3_and_0.5_wt_SmCl3_and_4.0_wt_LaCl3.csv
[Run 909/560000] ✅ Saved: nist_libs_5.0_wt_CeCl3_and_0.5_wt_SmCl3_and_4.5_wt_LaCl3.csv
[Run 910/560000] ✅ Saved: nist_libs_5.0_wt_CeCl3_and_0.5_wt_SmCl3_and_5.0_wt_LaCl3.csv
[Run 911/560000] ✅ Saved: nist_libs_5.0_wt_CeCl3_and_1.0_wt_SmCl3_and_0.5_wt_LaCl3.csv
[Run 912/560000] ✅ Saved: nist_libs_5.0_wt_CeCl3_and_1.0_wt_SmCl3_and_1.0_wt_LaCl3.csv
[Run 913/560000] ✅ Saved: nist_libs_5.0_wt_CeCl3_and_1.0_wt_SmCl3_and_1.5_wt_LaCl3.csv
[Run 914/560000] ✅ Saved: nist_libs_5.0_wt_CeCl3_and_1.0_wt_SmCl3_and_2.0_wt_LaCl3.csv
[Run 915/560000] ✅ Saved: nist_libs_5.0_wt_CeCl3_and_1.0_wt_SmCl3_and_2.5_wt_LaCl3.csv
[Run 916/560000] ✅ Saved: nist_libs_5.0_wt_CeCl3_and_1.0_wt_SmCl3_and_3.0_wt_LaCl3.csv
[Run 917/560000] ✅ Saved: nist_libs_5.0_wt_CeCl3_and_1.0_wt_SmCl3_and_3.5_wt_LaCl3.csv
[Run 918/560000] ✅ Saved: nist_libs_5.0_wt_CeCl3_and_1.0_wt_SmCl3_and_4.0_wt_LaCl3.csv
[Run 919/560000] ✅ Saved: nist_libs_5.0_wt_CeCl3_and_1.0_wt_SmCl3_and_4.5_wt_LaCl3.csv
[Run 920/560000] ✅ Saved: nist_libs_5.0_wt_CeCl3_and_1.0_wt_SmCl3_and_5.0_wt_LaCl3.csv
[Run 921/560000] ✅ Saved: nist_libs_5.0_wt_CeCl3_and_1.5_wt_SmCl3_and_0.5_wt_LaCl3.csv
[Run 922/560000] ✅ Saved: nist_libs_5.0_wt_CeCl3_and_1.5_wt_SmCl3_and_1.0_wt_LaCl3.csv
[Run 923/560000] ✅ Saved: nist_libs_5.0_wt_CeCl3_and_1.5_wt_SmCl3_and_1.5_wt_LaCl3.csv
[Run 924/560000] ✅ Saved: nist_libs_5.0_wt_CeCl3_and_1.5_wt_SmCl3_and_2.0_wt_LaCl3.csv
[Run 925/560000] ✅ Saved: nist_libs_5.0_wt_CeCl3_and_1.5_wt_SmCl3_and_2.5_wt_LaCl3.csv
[Run 926/560000] ✅ Saved: nist_libs_5.0_wt_CeCl3_and_1.5_wt_SmCl3_and_3.0_wt_LaCl3.csv
[Run 927/560000] ✅ Saved: nist_libs_5.0_wt_CeCl3_and_1.5_wt_SmCl3_and_3.5_wt_LaCl3.csv
[Run 928/560000] ✅ Saved: nist_libs_5.0_wt_CeCl3_and_1.5_wt_SmCl3_and_4.0_wt_LaCl3.csv
[Run 929/560000] ✅ Saved: nist_libs_5.0_wt_CeCl3_and_1.5_wt_SmCl3_and_4.5_wt_LaCl3.csv
[Run 931/560000] ✅ Saved: nist_libs_5.0_wt_CeCl3_and_2.0_wt_SmCl3_and_0.5_wt_LaCl3.csv
[Run 930/560000] ✅ Saved: nist_libs_5.0_wt_CeCl3_and_1.5_wt_SmCl3_and_5.0_wt_LaCl3.csv
[Run 932/560000] ✅ Saved: nist_libs_5.0_wt_CeCl3_and_2.0_wt_SmCl3_and_1.0_wt_LaCl3.csv
[Run 933/560000] ✅ Saved: nist_libs_5.0_wt_CeCl3_and_2.0_wt_SmCl3_and_1.5_wt_LaCl3.csv
[Run 934/560000] ✅ Saved: nist_libs_5.0_wt_CeCl3_and_2.0_wt_SmCl3_and_2.0_wt_LaCl3.csv
[Run 935/560000] ✅ Saved: nist_libs_5.0_wt_CeCl3_and_2.0_wt_SmCl3_and_2.5_wt_LaCl3.csv
[Run 936/560000] ✅ Saved: nist_libs_5.0_wt_CeCl3_and_2.0_wt_SmCl3_and_3.0_wt_LaCl3.csv
[Run 937/560000] ✅ Saved: nist_libs_5.0_wt_CeCl3_and_2.0_wt_SmCl3_and_3.5_wt_LaCl3.csv
[Run 939/560000] ✅ Saved: nist_libs_5.0_wt_CeCl3_and_2.0_wt_SmCl3_and_4.5_wt_LaCl3.csv
[Run 938/560000] ✅ Saved: nist_libs_5.0_wt_CeCl3_and_2.0_wt_SmCl3_and_4.0_wt_LaCl3.csv
[Run 941/560000] ✅ Saved: nist_libs_5.0_wt_CeCl3_and_2.5_wt_SmCl3_and_0.5_wt_LaCl3.csv
[Run 940/560000] ✅ Saved: nist_libs_5.0_wt_CeCl3_and_2.0_wt_SmCl3_and_5.0_wt_LaCl3.csv
[Run 942/560000] ✅ Saved: nist_libs_5.0_wt_CeCl3_and_2.5_wt_SmCl3_and_1.0_wt_LaCl3.csv
[Run 943/560000] ✅ Saved: nist_libs_5.0_wt_CeCl3_and_2.5_wt_SmCl3_and_1.5_wt_LaCl3.csv
[Run 944/560000] ✅ Saved: nist_libs_5.0_wt_CeCl3_and_2.5_wt_SmCl3_and_2.0_wt_LaCl3.csv
[Run 945/560000] ✅ Saved: nist_libs_5.0_wt_CeCl3_and_2.5_wt_SmCl3_and_2.5_wt_LaCl3.csv
[Run 947/560000] ✅ Saved: nist_libs_5.0_wt_CeCl3_and_2.5_wt_SmCl3_and_3.5_wt_LaCl3.csv
[Run 946/560000] ✅ Saved: nist_libs_5.0_wt_CeCl3_and_2.5_wt_SmCl3_and_3.0_wt_LaCl3.csv
[Run 948/560000] ✅ Saved: nist_libs_5.0_wt_CeCl3_and_2.5_wt_SmCl3_and_4.0_wt_LaCl3.csv
[Run 949/560000] ✅ Saved: nist_libs_5.0_wt_CeCl3_and_2.5_wt_SmCl3_and_4.5_wt_LaCl3.csv
[Run 950/560000] ✅ Saved: nist_libs_5.0_wt_CeCl3_and_2.5_wt_SmCl3_and_5.0_wt_LaCl3.csv
[Run 951/560000] ✅ Saved: nist_libs_5.0_wt_CeCl3_and_3.0_wt_SmCl3_and_0.5_wt_LaCl3.csv
[Run 952/560000] ✅ Saved: nist_libs_5.0_wt_CeCl3_and_3.0_wt_SmCl3_and_1.0_wt_LaCl3.csv
[Run 953/560000] ✅ Saved: nist_libs_5.0_wt_CeCl3_and_3.0_wt_SmCl3_and_1.5_wt_LaCl3.csv
[Run 955/560000] ✅ Saved: nist_libs_5.0_wt_CeCl3_and_3.0_wt_SmCl3_and_2.5_wt_LaCl3.csv
[Run 954/560000] ✅ Saved: nist_libs_5.0_wt_CeCl3_and_3.0_wt_SmCl3_and_2.0_wt_LaCl3.csv
[Run 956/560000] ✅ Saved: nist_libs_5.0_wt_CeCl3_and_3.0_wt_SmCl3_and_3.0_wt_LaCl3.csv
[Run 957/560000] ✅ Saved: nist_libs_5.0_wt_CeCl3_and_3.0_wt_SmCl3_and_3.5_wt_LaCl3.csv
[Run 958/560000] ✅ Saved: nist_libs_5.0_wt_CeCl3_and_3.0_wt_SmCl3_and_4.0_wt_LaCl3.csv
[Run 959/560000] ✅ Saved: nist_libs_5.0_wt_CeCl3_and_3.0_wt_SmCl3_and_4.5_wt_LaCl3.csv
[Run 960/560000] ✅ Saved: nist_libs_5.0_wt_CeCl3_and_3.0_wt_SmCl3_and_5.0_wt_LaCl3.csv
[Run 961/560000] ✅ Saved: nist_libs_5.0_wt_CeCl3_and_3.5_wt_SmCl3_and_0.5_wt_LaCl3.csv
[Run 962/560000] ✅ Saved: nist_libs_5.0_wt_CeCl3_and_3.5_wt_SmCl3_and_1.0_wt_LaCl3.csv
[Run 963/560000] ✅ Saved: nist_libs_5.0_wt_CeCl3_and_3.5_wt_SmCl3_and_1.5_wt_LaCl3.csv
[Run 964/560000] ✅ Saved: nist_libs_5.0_wt_CeCl3_and_3.5_wt_SmCl3_and_2.0_wt_LaCl3.csv
[Run 965/560000] ✅ Saved: nist_libs_5.0_wt_CeCl3_and_3.5_wt_SmCl3_and_2.5_wt_LaCl3.csv
[Run 966/560000] ✅ Saved: nist_libs_5.0_wt_CeCl3_and_3.5_wt_SmCl3_and_3.0_wt_LaCl3.csv
[Run 967/560000] ✅ Saved: nist_libs_5.0_wt_CeCl3_and_3.5_wt_SmCl3_and_3.5_wt_LaCl3.csv
[Run 968/560000] ✅ Saved: nist_libs_5.0_wt_CeCl3_and_3.5_wt_SmCl3_and_4.0_wt_LaCl3.csv
[Run 969/560000] ✅ Saved: nist_libs_5.0_wt_CeCl3_and_3.5_wt_SmCl3_and_4.5_wt_LaCl3.csv
[Run 970/560000] ✅ Saved: nist_libs_5.0_wt_CeCl3_and_3.5_wt_SmCl3_and_5.0_wt_LaCl3.csv
[Run 971/560000] ✅ Saved: nist_libs_5.0_wt_CeCl3_and_4.0_wt_SmCl3_and_0.5_wt_LaCl3.csv
[Run 973/560000] ✅ Saved: nist_libs_5.0_wt_CeCl3_and_4.0_wt_SmCl3_and_1.5_wt_LaCl3.csv
[Run 972/560000] ✅ Saved: nist_libs_5.0_wt_CeCl3_and_4.0_wt_SmCl3_and_1.0_wt_LaCl3.csv
[Run 974/560000] ✅ Saved: nist_libs_5.0_wt_CeCl3_and_4.0_wt_SmCl3_and_2.0_wt_LaCl3.csv
[Run 975/560000] ✅ Saved: nist_libs_5.0_wt_CeCl3_and_4.0_wt_SmCl3_and_2.5_wt_LaCl3.csv
[Run 976/560000] ✅ Saved: nist_libs_5.0_wt_CeCl3_and_4.0_wt_SmCl3_and_3.0_wt_LaCl3.csv
[Run 977/560000] ✅ Saved: nist_libs_5.0_wt_CeCl3_and_4.0_wt_SmCl3_and_3.5_wt_LaCl3.csv
[Run 978/560000] ✅ Saved: nist_libs_5.0_wt_CeCl3_and_4.0_wt_SmCl3_and_4.0_wt_LaCl3.csv
[Run 979/560000] ✅ Saved: nist_libs_5.0_wt_CeCl3_and_4.0_wt_SmCl3_and_4.5_wt_LaCl3.csv
[Run 980/560000] ✅ Saved: nist_libs_5.0_wt_CeCl3_and_4.0_wt_SmCl3_and_5.0_wt_LaCl3.csv
[Run 981/560000] ✅ Saved: nist_libs_5.0_wt_CeCl3_and_4.5_wt_SmCl3_and_0.5_wt_LaCl3.csv
[Run 982/560000] ✅ Saved: nist_libs_5.0_wt_CeCl3_and_4.5_wt_SmCl3_and_1.0_wt_LaCl3.csv
[Run 984/560000] ✅ Saved: nist_libs_5.0_wt_CeCl3_and_4.5_wt_SmCl3_and_2.0_wt_LaCl3.csv
[Run 983/560000] ✅ Saved: nist_libs_5.0_wt_CeCl3_and_4.5_wt_SmCl3_and_1.5_wt_LaCl3.csv
[Run 985/560000] ✅ Saved: nist_libs_5.0_wt_CeCl3_and_4.5_wt_SmCl3_and_2.5_wt_LaCl3.csv
[Run 986/560000] ✅ Saved: nist_libs_5.0_wt_CeCl3_and_4.5_wt_SmCl3_and_3.0_wt_LaCl3.csv
[Run 988/560000] ✅ Saved: nist_libs_5.0_wt_CeCl3_and_4.5_wt_SmCl3_and_4.0_wt_LaCl3.csv
[Run 987/560000] ✅ Saved: nist_libs_5.0_wt_CeCl3_and_4.5_wt_SmCl3_and_3.5_wt_LaCl3.csv
[Run 989/560000] ✅ Saved: nist_libs_5.0_wt_CeCl3_and_4.5_wt_SmCl3_and_4.5_wt_LaCl3.csv
[Run 990/560000] ✅ Saved: nist_libs_5.0_wt_CeCl3_and_4.5_wt_SmCl3_and_5.0_wt_LaCl3.csv
[Run 991/560000] ✅ Saved: nist_libs_5.0_wt_CeCl3_and_5.0_wt_SmCl3_and_0.5_wt_LaCl3.csv
[Run 993/560000] ✅ Saved: nist_libs_5.0_wt_CeCl3_and_5.0_wt_SmCl3_and_1.5_wt_LaCl3.csv
[Run 992/560000] ✅ Saved: nist_libs_5.0_wt_CeCl3_and_5.0_wt_SmCl3_and_1.0_wt_LaCl3.csv
[Run 994/560000] ✅ Saved: nist_libs_5.0_wt_CeCl3_and_5.0_wt_SmCl3_and_2.0_wt_LaCl3.csv
[Run 995/560000] ✅ Saved: nist_libs_5.0_wt_CeCl3_and_5.0_wt_SmCl3_and_2.5_wt_LaCl3.csv
[Run 996/560000] ✅ Saved: nist_libs_5.0_wt_CeCl3_and_5.0_wt_SmCl3_and_3.0_wt_LaCl3.csv
[Run 997/560000] ✅ Saved: nist_libs_5.0_wt_CeCl3_and_5.0_wt_SmCl3_and_3.5_wt_LaCl3.csv
[Run 998/560000] ✅ Saved: nist_libs_5.0_wt_CeCl3_and_5.0_wt_SmCl3_and_4.0_wt_LaCl3.csv
[Run 999/560000] ✅ Saved: nist_libs_5.0_wt_CeCl3_and_5.0_wt_SmCl3_and_4.5_wt_LaCl3.csv
[Run 1001/560000] ✅ Saved: nist_libs_0.5_wt_CeCl3_and_0.5_wt_SmCl3_and_0.5_wt_NdCl3.csv
📦 Packaging batch 1 (1000 CSVs) -> nist_libs_batch_0001.zip...
[Run 1002/560000] ✅ Saved: nist_libs_0.5_wt_CeCl3_and_0.5_wt_SmCl3_and_1.0_wt_NdCl3.csv
[Run 1003/560000] ✅ Saved: nist_libs_0.5_wt_CeCl3_and_0.5_wt_SmCl3_and_1.5_wt_NdCl3.csv
[Run 1000/560000] ✅ Saved: nist_libs_5.0_wt_CeCl3_and_5.0_wt_SmCl3_and_5.0_wt_LaCl3.csv
[Run 1006/560000] ✅ Saved: nist_libs_0.5_wt_CeCl3_and_0.5_wt_SmCl3_and_3.0_wt_NdCl3.csv
[Run 1007/560000] ✅ Saved: nist_libs_0.5_wt_CeCl3_and_0.5_wt_SmCl3_and_3.5_wt_NdCl3.csv
[Run 1004/560000] ✅ Saved: nist_libs_0.5_wt_CeCl3_and_0.5_wt_SmCl3_and_2.0_wt_NdCl3.csv
[Run 1005/560000] ✅ Saved: nist_libs_0.5_wt_CeCl3_and_0.5_wt_SmCl3_and_2.5_wt_NdCl3.csv
[Run 1009/560000] ✅ Saved: nist_libs_0.5_wt_CeCl3_and_0.5_wt_SmCl3_and_4.5_wt_NdCl3.csv
[Run 1008/560000] ✅ Saved: nist_libs_0.5_wt_CeCl3_and_0.5_wt_SmCl3_and_4.0_wt_NdCl3.csv
[Run 1011/560000] ✅ Saved: nist_libs_0.5_wt_CeCl3_and_1.0_wt_SmCl3_and_0.5_wt_NdCl3.csv
[Run 1010/560000] ✅ Saved: nist_libs_0.5_wt_CeCl3_and_0.5_wt_SmCl3_and_5.0_wt_NdCl3.csv
[Run 1012/560000] ✅ Saved: nist_libs_0.5_wt_CeCl3_and_1.0_wt_SmCl3_and_1.0_wt_NdCl3.csv
[Run 1013/560000] ✅ Saved: nist_libs_0.5_wt_CeCl3_and_1.0_wt_SmCl3_and_1.5_wt_NdCl3.csv
[Run 1014/560000] ✅ Saved: nist_libs_0.5_wt_CeCl3_and_1.0_wt_SmCl3_and_2.0_wt_NdCl3.csv
[Run 1015/560000] ✅ Saved: nist_libs_0.5_wt_CeCl3_and_1.0_wt_SmCl3_and_2.5_wt_NdCl3.csv
[Run 1016/560000] ✅ Saved: nist_libs_0.5_wt_CeCl3_and_1.0_wt_SmCl3_and_3.0_wt_NdCl3.csv
[Run 1017/560000] ✅ Saved: nist_libs_0.5_wt_CeCl3_and_1.0_wt_SmCl3_and_3.5_wt_NdCl3.csv
[Run 1019/560000] ✅ Saved: nist_libs_0.5_wt_CeCl3_and_1.0_wt_SmCl3_and_4.5_wt_NdCl3.csv
[Run 1020/560000] ✅ Saved: nist_libs_0.5_wt_CeCl3_and_1.0_wt_SmCl3_and_5.0_wt_NdCl3.csv
[Run 1018/560000] ✅ Saved: nist_libs_0.5_wt_CeCl3_and_1.0_wt_SmCl3_and_4.0_wt_NdCl3.csv
[Run 1021/560000] ✅ Saved: nist_libs_0.5_wt_CeCl3_and_1.5_wt_SmCl3_and_0.5_wt_NdCl3.csv
[Run 1022/560000] ✅ Saved: nist_libs_0.5_wt_CeCl3_and_1.5_wt_SmCl3_and_1.0_wt_NdCl3.csv
[Run 1024/560000] ✅ Saved: nist_libs_0.5_wt_CeCl3_and_1.5_wt_SmCl3_and_2.0_wt_NdCl3.csv
[Run 1023/560000] ✅ Saved: nist_libs_0.5_wt_CeCl3_and_1.5_wt_SmCl3_and_1.5_wt_NdCl3.csv
[Run 1025/560000] ✅ Saved: nist_libs_0.5_wt_CeCl3_and_1.5_wt_SmCl3_and_2.5_wt_NdCl3.csv
[Run 1026/560000] ✅ Saved: nist_libs_0.5_wt_CeCl3_and_1.5_wt_SmCl3_and_3.0_wt_NdCl3.csv
[Run 1027/560000] ✅ Saved: nist_libs_0.5_wt_CeCl3_and_1.5_wt_SmCl3_and_3.5_wt_NdCl3.csv
[Run 1028/560000] ✅ Saved: nist_libs_0.5_wt_CeCl3_and_1.5_wt_SmCl3_and_4.0_wt_NdCl3.csv
[Run 1029/560000] ✅ Saved: nist_libs_0.5_wt_CeCl3_and_1.5_wt_SmCl3_and_4.5_wt_NdCl3.csv
[Run 1030/560000] ✅ Saved: nist_libs_0.5_wt_CeCl3_and_1.5_wt_SmCl3_and_5.0_wt_NdCl3.csv
[Run 1031/560000] ✅ Saved: nist_libs_0.5_wt_CeCl3_and_2.0_wt_SmCl3_and_0.5_wt_NdCl3.csv
[Run 1032/560000] ✅ Saved: nist_libs_0.5_wt_CeCl3_and_2.0_wt_SmCl3_and_1.0_wt_NdCl3.csv
[Run 1033/560000] ✅ Saved: nist_libs_0.5_wt_CeCl3_and_2.0_wt_SmCl3_and_1.5_wt_NdCl3.csv
[Run 1034/560000] ✅ Saved: nist_libs_0.5_wt_CeCl3_and_2.0_wt_SmCl3_and_2.0_wt_NdCl3.csv
[Run 1035/560000] ✅ Saved: nist_libs_0.5_wt_CeCl3_and_2.0_wt_SmCl3_and_2.5_wt_NdCl3.csv
[Run 1036/560000] ✅ Saved: nist_libs_0.5_wt_CeCl3_and_2.0_wt_SmCl3_and_3.0_wt_NdCl3.csv
[Run 1037/560000] ✅ Saved: nist_libs_0.5_wt_CeCl3_and_2.0_wt_SmCl3_and_3.5_wt_NdCl3.csv
[Run 1038/560000] ✅ Saved: nist_libs_0.5_wt_CeCl3_and_2.0_wt_SmCl3_and_4.0_wt_NdCl3.csv
[Run 1040/560000] ✅ Saved: nist_libs_0.5_wt_CeCl3_and_2.0_wt_SmCl3_and_5.0_wt_NdCl3.csv
[Run 1039/560000] ✅ Saved: nist_libs_0.5_wt_CeCl3_and_2.0_wt_SmCl3_and_4.5_wt_NdCl3.csv
[Run 1041/560000] ✅ Saved: nist_libs_0.5_wt_CeCl3_and_2.5_wt_SmCl3_and_0.5_wt_NdCl3.csv
[Run 1042/560000] ✅ Saved: nist_libs_0.5_wt_CeCl3_and_2.5_wt_SmCl3_and_1.0_wt_NdCl3.csv
[Run 1044/560000] ✅ Saved: nist_libs_0.5_wt_CeCl3_and_2.5_wt_SmCl3_and_2.0_wt_NdCl3.csv
[Run 1043/560000] ✅ Saved: nist_libs_0.5_wt_CeCl3_and_2.5_wt_SmCl3_and_1.5_wt_NdCl3.csv
[Run 1045/560000] ✅ Saved: nist_libs_0.5_wt_CeCl3_and_2.5_wt_SmCl3_and_2.5_wt_NdCl3.csv
[Run 1046/560000] ✅ Saved: nist_libs_0.5_wt_CeCl3_and_2.5_wt_SmCl3_and_3.0_wt_NdCl3.csv
[Run 1048/560000] ✅ Saved: nist_libs_0.5_wt_CeCl3_and_2.5_wt_SmCl3_and_4.0_wt_NdCl3.csv
[Run 1047/560000] ✅ Saved: nist_libs_0.5_wt_CeCl3_and_2.5_wt_SmCl3_and_3.5_wt_NdCl3.csv
[Run 1049/560000] ✅ Saved: nist_libs_0.5_wt_CeCl3_and_2.5_wt_SmCl3_and_4.5_wt_NdCl3.csv
[Run 1050/560000] ✅ Saved: nist_libs_0.5_wt_CeCl3_and_2.5_wt_SmCl3_and_5.0_wt_NdCl3.csv
[Run 1051/560000] ✅ Saved: nist_libs_0.5_wt_CeCl3_and_3.0_wt_SmCl3_and_0.5_wt_NdCl3.csv
[Run 1053/560000] ✅ Saved: nist_libs_0.5_wt_CeCl3_and_3.0_wt_SmCl3_and_1.5_wt_NdCl3.csv
[Run 1052/560000] ✅ Saved: nist_libs_0.5_wt_CeCl3_and_3.0_wt_SmCl3_and_1.0_wt_NdCl3.csv
[Run 1054/560000] ✅ Saved: nist_libs_0.5_wt_CeCl3_and_3.0_wt_SmCl3_and_2.0_wt_NdCl3.csv
[Run 1055/560000] ✅ Saved: nist_libs_0.5_wt_CeCl3_and_3.0_wt_SmCl3_and_2.5_wt_NdCl3.csv
[Run 1056/560000] ✅ Saved: nist_libs_0.5_wt_CeCl3_and_3.0_wt_SmCl3_and_3.0_wt_NdCl3.csv
[Run 1057/560000] ✅ Saved: nist_libs_0.5_wt_CeCl3_and_3.0_wt_SmCl3_and_3.5_wt_NdCl3.csv
[Run 1058/560000] ✅ Saved: nist_libs_0.5_wt_CeCl3_and_3.0_wt_SmCl3_and_4.0_wt_NdCl3.csv
[Run 1059/560000] ✅ Saved: nist_libs_0.5_wt_CeCl3_and_3.0_wt_SmCl3_and_4.5_wt_NdCl3.csv
[Run 1060/560000] ✅ Saved: nist_libs_0.5_wt_CeCl3_and_3.0_wt_SmCl3_and_5.0_wt_NdCl3.csv
[Run 1061/560000] ✅ Saved: nist_libs_0.5_wt_CeCl3_and_3.5_wt_SmCl3_and_0.5_wt_NdCl3.csv
[Run 1062/560000] ✅ Saved: nist_libs_0.5_wt_CeCl3_and_3.5_wt_SmCl3_and_1.0_wt_NdCl3.csv
[Run 1063/560000] ✅ Saved: nist_libs_0.5_wt_CeCl3_and_3.5_wt_SmCl3_and_1.5_wt_NdCl3.csv
[Run 1064/560000] ✅ Saved: nist_libs_0.5_wt_CeCl3_and_3.5_wt_SmCl3_and_2.0_wt_NdCl3.csv
[Run 1065/560000] ✅ Saved: nist_libs_0.5_wt_CeCl3_and_3.5_wt_SmCl3_and_2.5_wt_NdCl3.csv
[Run 1066/560000] ✅ Saved: nist_libs_0.5_wt_CeCl3_and_3.5_wt_SmCl3_and_3.0_wt_NdCl3.csv
[Run 1067/560000] ✅ Saved: nist_libs_0.5_wt_CeCl3_and_3.5_wt_SmCl3_and_3.5_wt_NdCl3.csv
[Run 1068/560000] ✅ Saved: nist_libs_0.5_wt_CeCl3_and_3.5_wt_SmCl3_and_4.0_wt_NdCl3.csv
[Run 1069/560000] ✅ Saved: nist_libs_0.5_wt_CeCl3_and_3.5_wt_SmCl3_and_4.5_wt_NdCl3.csv
[Run 1070/560000] ✅ Saved: nist_libs_0.5_wt_CeCl3_and_3.5_wt_SmCl3_and_5.0_wt_NdCl3.csv
[Run 1071/560000] ✅ Saved: nist_libs_0.5_wt_CeCl3_and_4.0_wt_SmCl3_and_0.5_wt_NdCl3.csv
[Run 1072/560000] ✅ Saved: nist_libs_0.5_wt_CeCl3_and_4.0_wt_SmCl3_and_1.0_wt_NdCl3.csv
[Run 1073/560000] ✅ Saved: nist_libs_0.5_wt_CeCl3_and_4.0_wt_SmCl3_and_1.5_wt_NdCl3.csv
[Run 1074/560000] ✅ Saved: nist_libs_0.5_wt_CeCl3_and_4.0_wt_SmCl3_and_2.0_wt_NdCl3.csv
[Run 1075/560000] ✅ Saved: nist_libs_0.5_wt_CeCl3_and_4.0_wt_SmCl3_and_2.5_wt_NdCl3.csv
[Run 1076/560000] ✅ Saved: nist_libs_0.5_wt_CeCl3_and_4.0_wt_SmCl3_and_3.0_wt_NdCl3.csv
[Run 1077/560000] ✅ Saved: nist_libs_0.5_wt_CeCl3_and_4.0_wt_SmCl3_and_3.5_wt_NdCl3.csv
[Run 1079/560000] ✅ Saved: nist_libs_0.5_wt_CeCl3_and_4.0_wt_SmCl3_and_4.5_wt_NdCl3.csv
[Run 1078/560000] ✅ Saved: nist_libs_0.5_wt_CeCl3_and_4.0_wt_SmCl3_and_4.0_wt_NdCl3.csv
[Run 1080/560000] ✅ Saved: nist_libs_0.5_wt_CeCl3_and_4.0_wt_SmCl3_and_5.0_wt_NdCl3.csv
[Run 1081/560000] ✅ Saved: nist_libs_0.5_wt_CeCl3_and_4.5_wt_SmCl3_and_0.5_wt_NdCl3.csv
[Run 1082/560000] ✅ Saved: nist_libs_0.5_wt_CeCl3_and_4.5_wt_SmCl3_and_1.0_wt_NdCl3.csv
[Run 1083/560000] ✅ Saved: nist_libs_0.5_wt_CeCl3_and_4.5_wt_SmCl3_and_1.5_wt_NdCl3.csv
[Run 1084/560000] ✅ Saved: nist_libs_0.5_wt_CeCl3_and_4.5_wt_SmCl3_and_2.0_wt_NdCl3.csv
[Run 1085/560000] ✅ Saved: nist_libs_0.5_wt_CeCl3_and_4.5_wt_SmCl3_and_2.5_wt_NdCl3.csv
[Run 1086/560000] ✅ Saved: nist_libs_0.5_wt_CeCl3_and_4.5_wt_SmCl3_and_3.0_wt_NdCl3.csv
[Run 1087/560000] ✅ Saved: nist_libs_0.5_wt_CeCl3_and_4.5_wt_SmCl3_and_3.5_wt_NdCl3.csv
[Run 1088/560000] ✅ Saved: nist_libs_0.5_wt_CeCl3_and_4.5_wt_SmCl3_and_4.0_wt_NdCl3.csv
[Run 1089/560000] ✅ Saved: nist_libs_0.5_wt_CeCl3_and_4.5_wt_SmCl3_and_4.5_wt_NdCl3.csv
[Run 1090/560000] ✅ Saved: nist_libs_0.5_wt_CeCl3_and_4.5_wt_SmCl3_and_5.0_wt_NdCl3.csv
[Run 1091/560000] ✅ Saved: nist_libs_0.5_wt_CeCl3_and_5.0_wt_SmCl3_and_0.5_wt_NdCl3.csv
[Run 1092/560000] ✅ Saved: nist_libs_0.5_wt_CeCl3_and_5.0_wt_SmCl3_and_1.0_wt_NdCl3.csv
[Run 1093/560000] ✅ Saved: nist_libs_0.5_wt_CeCl3_and_5.0_wt_SmCl3_and_1.5_wt_NdCl3.csv
[Run 1094/560000] ✅ Saved: nist_libs_0.5_wt_CeCl3_and_5.0_wt_SmCl3_and_2.0_wt_NdCl3.csv
[Run 1095/560000] ✅ Saved: nist_libs_0.5_wt_CeCl3_and_5.0_wt_SmCl3_and_2.5_wt_NdCl3.csv
[Run 1096/560000] ✅ Saved: nist_libs_0.5_wt_CeCl3_and_5.0_wt_SmCl3_and_3.0_wt_NdCl3.csv
[Run 1098/560000] ✅ Saved: nist_libs_0.5_wt_CeCl3_and_5.0_wt_SmCl3_and_4.0_wt_NdCl3.csv
[Run 1097/560000] ✅ Saved: nist_libs_0.5_wt_CeCl3_and_5.0_wt_SmCl3_and_3.5_wt_NdCl3.csv
[Run 1099/560000] ✅ Saved: nist_libs_0.5_wt_CeCl3_and_5.0_wt_SmCl3_and_4.5_wt_NdCl3.csv
[Run 1100/560000] ✅ Saved: nist_libs_0.5_wt_CeCl3_and_5.0_wt_SmCl3_and_5.0_wt_NdCl3.csv
[Run 1101/560000] ✅ Saved: nist_libs_1.0_wt_CeCl3_and_0.5_wt_SmCl3_and_0.5_wt_NdCl3.csv
[Run 1102/560000] ✅ Saved: nist_libs_1.0_wt_CeCl3_and_0.5_wt_SmCl3_and_1.0_wt_NdCl3.csv
[Run 1103/560000] ✅ Saved: nist_libs_1.0_wt_CeCl3_and_0.5_wt_SmCl3_and_1.5_wt_NdCl3.csv
[Run 1104/560000] ✅ Saved: nist_libs_1.0_wt_CeCl3_and_0.5_wt_SmCl3_and_2.0_wt_NdCl3.csv
[Run 1106/560000] ✅ Saved: nist_libs_1.0_wt_CeCl3_and_0.5_wt_SmCl3_and_3.0_wt_NdCl3.csv
[Run 1105/560000] ✅ Saved: nist_libs_1.0_wt_CeCl3_and_0.5_wt_SmCl3_and_2.5_wt_NdCl3.csv
[Run 1107/560000] ✅ Saved: nist_libs_1.0_wt_CeCl3_and_0.5_wt_SmCl3_and_3.5_wt_NdCl3.csv
[Run 1108/560000] ✅ Saved: nist_libs_1.0_wt_CeCl3_and_0.5_wt_SmCl3_and_4.0_wt_NdCl3.csv
[Run 1109/560000] ✅ Saved: nist_libs_1.0_wt_CeCl3_and_0.5_wt_SmCl3_and_4.5_wt_NdCl3.csv
[Run 1112/560000] ✅ Saved: nist_libs_1.0_wt_CeCl3_and_1.0_wt_SmCl3_and_1.0_wt_NdCl3.csv
[Run 1110/560000] ✅ Saved: nist_libs_1.0_wt_CeCl3_and_0.5_wt_SmCl3_and_5.0_wt_NdCl3.csv
[Run 1111/560000] ✅ Saved: nist_libs_1.0_wt_CeCl3_and_1.0_wt_SmCl3_and_0.5_wt_NdCl3.csv
[Run 1113/560000] ✅ Saved: nist_libs_1.0_wt_CeCl3_and_1.0_wt_SmCl3_and_1.5_wt_NdCl3.csv
[Run 1114/560000] ✅ Saved: nist_libs_1.0_wt_CeCl3_and_1.0_wt_SmCl3_and_2.0_wt_NdCl3.csv
[Run 1116/560000] ✅ Saved: nist_libs_1.0_wt_CeCl3_and_1.0_wt_SmCl3_and_3.0_wt_NdCl3.csv
[Run 1115/560000] ✅ Saved: nist_libs_1.0_wt_CeCl3_and_1.0_wt_SmCl3_and_2.5_wt_NdCl3.csv
[Run 1117/560000] ✅ Saved: nist_libs_1.0_wt_CeCl3_and_1.0_wt_SmCl3_and_3.5_wt_NdCl3.csv
[Run 1118/560000] ✅ Saved: nist_libs_1.0_wt_CeCl3_and_1.0_wt_SmCl3_and_4.0_wt_NdCl3.csv
[Run 1119/560000] ✅ Saved: nist_libs_1.0_wt_CeCl3_and_1.0_wt_SmCl3_and_4.5_wt_NdCl3.csv
[Run 1120/560000] ✅ Saved: nist_libs_1.0_wt_CeCl3_and_1.0_wt_SmCl3_and_5.0_wt_NdCl3.csv
[Run 1121/560000] ✅ Saved: nist_libs_1.0_wt_CeCl3_and_1.5_wt_SmCl3_and_0.5_wt_NdCl3.csv
[Run 1122/560000] ✅ Saved: nist_libs_1.0_wt_CeCl3_and_1.5_wt_SmCl3_and_1.0_wt_NdCl3.csv
[Run 1123/560000] ✅ Saved: nist_libs_1.0_wt_CeCl3_and_1.5_wt_SmCl3_and_1.5_wt_NdCl3.csv
[Run 1124/560000] ✅ Saved: nist_libs_1.0_wt_CeCl3_and_1.5_wt_SmCl3_and_2.0_wt_NdCl3.csv
[Run 1125/560000] ✅ Saved: nist_libs_1.0_wt_CeCl3_and_1.5_wt_SmCl3_and_2.5_wt_NdCl3.csv
[Run 1126/560000] ✅ Saved: nist_libs_1.0_wt_CeCl3_and_1.5_wt_SmCl3_and_3.0_wt_NdCl3.csv
[Run 1127/560000] ✅ Saved: nist_libs_1.0_wt_CeCl3_and_1.5_wt_SmCl3_and_3.5_wt_NdCl3.csv
[Run 1128/560000] ✅ Saved: nist_libs_1.0_wt_CeCl3_and_1.5_wt_SmCl3_and_4.0_wt_NdCl3.csv
[Run 1129/560000] ✅ Saved: nist_libs_1.0_wt_CeCl3_and_1.5_wt_SmCl3_and_4.5_wt_NdCl3.csv
[Run 1130/560000] ✅ Saved: nist_libs_1.0_wt_CeCl3_and_1.5_wt_SmCl3_and_5.0_wt_NdCl3.csv
[Run 1131/560000] ✅ Saved: nist_libs_1.0_wt_CeCl3_and_2.0_wt_SmCl3_and_0.5_wt_NdCl3.csv
[Run 1132/560000] ✅ Saved: nist_libs_1.0_wt_CeCl3_and_2.0_wt_SmCl3_and_1.0_wt_NdCl3.csv
[Run 1133/560000] ✅ Saved: nist_libs_1.0_wt_CeCl3_and_2.0_wt_SmCl3_and_1.5_wt_NdCl3.csv
[Run 1134/560000] ✅ Saved: nist_libs_1.0_wt_CeCl3_and_2.0_wt_SmCl3_and_2.0_wt_NdCl3.csv
[Run 1135/560000] ✅ Saved: nist_libs_1.0_wt_CeCl3_and_2.0_wt_SmCl3_and_2.5_wt_NdCl3.csv
[Run 1136/560000] ✅ Saved: nist_libs_1.0_wt_CeCl3_and_2.0_wt_SmCl3_and_3.0_wt_NdCl3.csv
[Run 1137/560000] ✅ Saved: nist_libs_1.0_wt_CeCl3_and_2.0_wt_SmCl3_and_3.5_wt_NdCl3.csv
[Run 1138/560000] ✅ Saved: nist_libs_1.0_wt_CeCl3_and_2.0_wt_SmCl3_and_4.0_wt_NdCl3.csv
[Run 1139/560000] ✅ Saved: nist_libs_1.0_wt_CeCl3_and_2.0_wt_SmCl3_and_4.5_wt_NdCl3.csv
[Run 1140/560000] ✅ Saved: nist_libs_1.0_wt_CeCl3_and_2.0_wt_SmCl3_and_5.0_wt_NdCl3.csv
[Run 1141/560000] ✅ Saved: nist_libs_1.0_wt_CeCl3_and_2.5_wt_SmCl3_and_0.5_wt_NdCl3.csv
[Run 1142/560000] ✅ Saved: nist_libs_1.0_wt_CeCl3_and_2.5_wt_SmCl3_and_1.0_wt_NdCl3.csv
[Run 1143/560000] ✅ Saved: nist_libs_1.0_wt_CeCl3_and_2.5_wt_SmCl3_and_1.5_wt_NdCl3.csv
[Run 1144/560000] ✅ Saved: nist_libs_1.0_wt_CeCl3_and_2.5_wt_SmCl3_and_2.0_wt_NdCl3.csv
[Run 1145/560000] ✅ Saved: nist_libs_1.0_wt_CeCl3_and_2.5_wt_SmCl3_and_2.5_wt_NdCl3.csv
[Run 1146/560000] ✅ Saved: nist_libs_1.0_wt_CeCl3_and_2.5_wt_SmCl3_and_3.0_wt_NdCl3.csv
[Run 1147/560000] ✅ Saved: nist_libs_1.0_wt_CeCl3_and_2.5_wt_SmCl3_and_3.5_wt_NdCl3.csv
[Run 1148/560000] ✅ Saved: nist_libs_1.0_wt_CeCl3_and_2.5_wt_SmCl3_and_4.0_wt_NdCl3.csv
[Run 1149/560000] ✅ Saved: nist_libs_1.0_wt_CeCl3_and_2.5_wt_SmCl3_and_4.5_wt_NdCl3.csv
[Run 1150/560000] ✅ Saved: nist_libs_1.0_wt_CeCl3_and_2.5_wt_SmCl3_and_5.0_wt_NdCl3.csv
[Run 1151/560000] ✅ Saved: nist_libs_1.0_wt_CeCl3_and_3.0_wt_SmCl3_and_0.5_wt_NdCl3.csv
[Run 1152/560000] ✅ Saved: nist_libs_1.0_wt_CeCl3_and_3.0_wt_SmCl3_and_1.0_wt_NdCl3.csv
[Run 1153/560000] ✅ Saved: nist_libs_1.0_wt_CeCl3_and_3.0_wt_SmCl3_and_1.5_wt_NdCl3.csv
[Run 1154/560000] ✅ Saved: nist_libs_1.0_wt_CeCl3_and_3.0_wt_SmCl3_and_2.0_wt_NdCl3.csv
[Run 1155/560000] ✅ Saved: nist_libs_1.0_wt_CeCl3_and_3.0_wt_SmCl3_and_2.5_wt_NdCl3.csv
[Run 1156/560000] ✅ Saved: nist_libs_1.0_wt_CeCl3_and_3.0_wt_SmCl3_and_3.0_wt_NdCl3.csv
[Run 1157/560000] ✅ Saved: nist_libs_1.0_wt_CeCl3_and_3.0_wt_SmCl3_and_3.5_wt_NdCl3.csv
[Run 1158/560000] ✅ Saved: nist_libs_1.0_wt_CeCl3_and_3.0_wt_SmCl3_and_4.0_wt_NdCl3.csv
[Run 1159/560000] ✅ Saved: nist_libs_1.0_wt_CeCl3_and_3.0_wt_SmCl3_and_4.5_wt_NdCl3.csv
[Run 1160/560000] ✅ Saved: nist_libs_1.0_wt_CeCl3_and_3.0_wt_SmCl3_and_5.0_wt_NdCl3.csv
[Run 1161/560000] ✅ Saved: nist_libs_1.0_wt_CeCl3_and_3.5_wt_SmCl3_and_0.5_wt_NdCl3.csv
[Run 1162/560000] ✅ Saved: nist_libs_1.0_wt_CeCl3_and_3.5_wt_SmCl3_and_1.0_wt_NdCl3.csv
[Run 1163/560000] ✅ Saved: nist_libs_1.0_wt_CeCl3_and_3.5_wt_SmCl3_and_1.5_wt_NdCl3.csv
[Run 1164/560000] ✅ Saved: nist_libs_1.0_wt_CeCl3_and_3.5_wt_SmCl3_and_2.0_wt_NdCl3.csv
[Run 1165/560000] ✅ Saved: nist_libs_1.0_wt_CeCl3_and_3.5_wt_SmCl3_and_2.5_wt_NdCl3.csv
[Run 1166/560000] ✅ Saved: nist_libs_1.0_wt_CeCl3_and_3.5_wt_SmCl3_and_3.0_wt_NdCl3.csv
[Run 1167/560000] ✅ Saved: nist_libs_1.0_wt_CeCl3_and_3.5_wt_SmCl3_and_3.5_wt_NdCl3.csv
[Run 1168/560000] ✅ Saved: nist_libs_1.0_wt_CeCl3_and_3.5_wt_SmCl3_and_4.0_wt_NdCl3.csv
[Run 1169/560000] ✅ Saved: nist_libs_1.0_wt_CeCl3_and_3.5_wt_SmCl3_and_4.5_wt_NdCl3.csv
[Run 1171/560000] ✅ Saved: nist_libs_1.0_wt_CeCl3_and_4.0_wt_SmCl3_and_0.5_wt_NdCl3.csv
[Run 1170/560000] ✅ Saved: nist_libs_1.0_wt_CeCl3_and_3.5_wt_SmCl3_and_5.0_wt_NdCl3.csv
[Run 1172/560000] ✅ Saved: nist_libs_1.0_wt_CeCl3_and_4.0_wt_SmCl3_and_1.0_wt_NdCl3.csv
[Run 1173/560000] ✅ Saved: nist_libs_1.0_wt_CeCl3_and_4.0_wt_SmCl3_and_1.5_wt_NdCl3.csv
[Run 1174/560000] ✅ Saved: nist_libs_1.0_wt_CeCl3_and_4.0_wt_SmCl3_and_2.0_wt_NdCl3.csv
[Run 1175/560000] ✅ Saved: nist_libs_1.0_wt_CeCl3_and_4.0_wt_SmCl3_and_2.5_wt_NdCl3.csv
[Run 1176/560000] ✅ Saved: nist_libs_1.0_wt_CeCl3_and_4.0_wt_SmCl3_and_3.0_wt_NdCl3.csv
[Run 1177/560000] ✅ Saved: nist_libs_1.0_wt_CeCl3_and_4.0_wt_SmCl3_and_3.5_wt_NdCl3.csv
[Run 1178/560000] ✅ Saved: nist_libs_1.0_wt_CeCl3_and_4.0_wt_SmCl3_and_4.0_wt_NdCl3.csv
[Run 1179/560000] ✅ Saved: nist_libs_1.0_wt_CeCl3_and_4.0_wt_SmCl3_and_4.5_wt_NdCl3.csv
[Run 1180/560000] ✅ Saved: nist_libs_1.0_wt_CeCl3_and_4.0_wt_SmCl3_and_5.0_wt_NdCl3.csv
[Run 1181/560000] ✅ Saved: nist_libs_1.0_wt_CeCl3_and_4.5_wt_SmCl3_and_0.5_wt_NdCl3.csv
[Run 1182/560000] ✅ Saved: nist_libs_1.0_wt_CeCl3_and_4.5_wt_SmCl3_and_1.0_wt_NdCl3.csv
[Run 1184/560000] ✅ Saved: nist_libs_1.0_wt_CeCl3_and_4.5_wt_SmCl3_and_2.0_wt_NdCl3.csv
[Run 1183/560000] ✅ Saved: nist_libs_1.0_wt_CeCl3_and_4.5_wt_SmCl3_and_1.5_wt_NdCl3.csv
[Run 1185/560000] ✅ Saved: nist_libs_1.0_wt_CeCl3_and_4.5_wt_SmCl3_and_2.5_wt_NdCl3.csv
[Run 1186/560000] ✅ Saved: nist_libs_1.0_wt_CeCl3_and_4.5_wt_SmCl3_and_3.0_wt_NdCl3.csv
[Run 1188/560000] ✅ Saved: nist_libs_1.0_wt_CeCl3_and_4.5_wt_SmCl3_and_4.0_wt_NdCl3.csv
[Run 1187/560000] ✅ Saved: nist_libs_1.0_wt_CeCl3_and_4.5_wt_SmCl3_and_3.5_wt_NdCl3.csv
[Run 1189/560000] ✅ Saved: nist_libs_1.0_wt_CeCl3_and_4.5_wt_SmCl3_and_4.5_wt_NdCl3.csv
[Run 1190/560000] ✅ Saved: nist_libs_1.0_wt_CeCl3_and_4.5_wt_SmCl3_and_5.0_wt_NdCl3.csv
[Run 1191/560000] ✅ Saved: nist_libs_1.0_wt_CeCl3_and_5.0_wt_SmCl3_and_0.5_wt_NdCl3.csv
[Run 1193/560000] ✅ Saved: nist_libs_1.0_wt_CeCl3_and_5.0_wt_SmCl3_and_1.5_wt_NdCl3.csv
[Run 1192/560000] ✅ Saved: nist_libs_1.0_wt_CeCl3_and_5.0_wt_SmCl3_and_1.0_wt_NdCl3.csv
[Run 1194/560000] ✅ Saved: nist_libs_1.0_wt_CeCl3_and_5.0_wt_SmCl3_and_2.0_wt_NdCl3.csv
[Run 1195/560000] ✅ Saved: nist_libs_1.0_wt_CeCl3_and_5.0_wt_SmCl3_and_2.5_wt_NdCl3.csv
[Run 1196/560000] ✅ Saved: nist_libs_1.0_wt_CeCl3_and_5.0_wt_SmCl3_and_3.0_wt_NdCl3.csv
[Run 1197/560000] ✅ Saved: nist_libs_1.0_wt_CeCl3_and_5.0_wt_SmCl3_and_3.5_wt_NdCl3.csv
[Run 1198/560000] ✅ Saved: nist_libs_1.0_wt_CeCl3_and_5.0_wt_SmCl3_and_4.0_wt_NdCl3.csv
[Run 1199/560000] ✅ Saved: nist_libs_1.0_wt_CeCl3_and_5.0_wt_SmCl3_and_4.5_wt_NdCl3.csv
[Run 1200/560000] ✅ Saved: nist_libs_1.0_wt_CeCl3_and_5.0_wt_SmCl3_and_5.0_wt_NdCl3.csv
[Run 1201/560000] ✅ Saved: nist_libs_1.5_wt_CeCl3_and_0.5_wt_SmCl3_and_0.5_wt_NdCl3.csv
[Run 1203/560000] ✅ Saved: nist_libs_1.5_wt_CeCl3_and_0.5_wt_SmCl3_and_1.5_wt_NdCl3.csv
[Run 1202/560000] ✅ Saved: nist_libs_1.5_wt_CeCl3_and_0.5_wt_SmCl3_and_1.0_wt_NdCl3.csv
[Run 1205/560000] ✅ Saved: nist_libs_1.5_wt_CeCl3_and_0.5_wt_SmCl3_and_2.5_wt_NdCl3.csv
[Run 1204/560000] ✅ Saved: nist_libs_1.5_wt_CeCl3_and_0.5_wt_SmCl3_and_2.0_wt_NdCl3.csv
[Run 1206/560000] ✅ Saved: nist_libs_1.5_wt_CeCl3_and_0.5_wt_SmCl3_and_3.0_wt_NdCl3.csv
[Run 1207/560000] ✅ Saved: nist_libs_1.5_wt_CeCl3_and_0.5_wt_SmCl3_and_3.5_wt_NdCl3.csv
[Run 1208/560000] ✅ Saved: nist_libs_1.5_wt_CeCl3_and_0.5_wt_SmCl3_and_4.0_wt_NdCl3.csv
[Run 1209/560000] ✅ Saved: nist_libs_1.5_wt_CeCl3_and_0.5_wt_SmCl3_and_4.5_wt_NdCl3.csv
[Run 1210/560000] ✅ Saved: nist_libs_1.5_wt_CeCl3_and_0.5_wt_SmCl3_and_5.0_wt_NdCl3.csv
[Run 1211/560000] ✅ Saved: nist_libs_1.5_wt_CeCl3_and_1.0_wt_SmCl3_and_0.5_wt_NdCl3.csv
[Run 1212/560000] ✅ Saved: nist_libs_1.5_wt_CeCl3_and_1.0_wt_SmCl3_and_1.0_wt_NdCl3.csv
[Run 1213/560000] ✅ Saved: nist_libs_1.5_wt_CeCl3_and_1.0_wt_SmCl3_and_1.5_wt_NdCl3.csv
[Run 1214/560000] ✅ Saved: nist_libs_1.5_wt_CeCl3_and_1.0_wt_SmCl3_and_2.0_wt_NdCl3.csv
[Run 1215/560000] ✅ Saved: nist_libs_1.5_wt_CeCl3_and_1.0_wt_SmCl3_and_2.5_wt_NdCl3.csv
[Run 1216/560000] ✅ Saved: nist_libs_1.5_wt_CeCl3_and_1.0_wt_SmCl3_and_3.0_wt_NdCl3.csv
[Run 1217/560000] ✅ Saved: nist_libs_1.5_wt_CeCl3_and_1.0_wt_SmCl3_and_3.5_wt_NdCl3.csv
[Run 1218/560000] ✅ Saved: nist_libs_1.5_wt_CeCl3_and_1.0_wt_SmCl3_and_4.0_wt_NdCl3.csv
[Run 1220/560000] ✅ Saved: nist_libs_1.5_wt_CeCl3_and_1.0_wt_SmCl3_and_5.0_wt_NdCl3.csv
[Run 1219/560000] ✅ Saved: nist_libs_1.5_wt_CeCl3_and_1.0_wt_SmCl3_and_4.5_wt_NdCl3.csv
[Run 1221/560000] ✅ Saved: nist_libs_1.5_wt_CeCl3_and_1.5_wt_SmCl3_and_0.5_wt_NdCl3.csv
[Run 1222/560000] ✅ Saved: nist_libs_1.5_wt_CeCl3_and_1.5_wt_SmCl3_and_1.0_wt_NdCl3.csv
[Run 1225/560000] ✅ Saved: nist_libs_1.5_wt_CeCl3_and_1.5_wt_SmCl3_and_2.5_wt_NdCl3.csv
[Run 1224/560000] ✅ Saved: nist_libs_1.5_wt_CeCl3_and_1.5_wt_SmCl3_and_2.0_wt_NdCl3.csv
[Run 1223/560000] ✅ Saved: nist_libs_1.5_wt_CeCl3_and_1.5_wt_SmCl3_and_1.5_wt_NdCl3.csv
[Run 1226/560000] ✅ Saved: nist_libs_1.5_wt_CeCl3_and_1.5_wt_SmCl3_and_3.0_wt_NdCl3.csv
[Run 1228/560000] ✅ Saved: nist_libs_1.5_wt_CeCl3_and_1.5_wt_SmCl3_and_4.0_wt_NdCl3.csv
[Run 1227/560000] ✅ Saved: nist_libs_1.5_wt_CeCl3_and_1.5_wt_SmCl3_and_3.5_wt_NdCl3.csv
[Run 1229/560000] ✅ Saved: nist_libs_1.5_wt_CeCl3_and_1.5_wt_SmCl3_and_4.5_wt_NdCl3.csv
[Run 1230/560000] ✅ Saved: nist_libs_1.5_wt_CeCl3_and_1.5_wt_SmCl3_and_5.0_wt_NdCl3.csv
[Run 1231/560000] ✅ Saved: nist_libs_1.5_wt_CeCl3_and_2.0_wt_SmCl3_and_0.5_wt_NdCl3.csv
[Run 1232/560000] ✅ Saved: nist_libs_1.5_wt_CeCl3_and_2.0_wt_SmCl3_and_1.0_wt_NdCl3.csv
[Run 1234/560000] ✅ Saved: nist_libs_1.5_wt_CeCl3_and_2.0_wt_SmCl3_and_2.0_wt_NdCl3.csv
[Run 1233/560000] ✅ Saved: nist_libs_1.5_wt_CeCl3_and_2.0_wt_SmCl3_and_1.5_wt_NdCl3.csv
[Run 1235/560000] ✅ Saved: nist_libs_1.5_wt_CeCl3_and_2.0_wt_SmCl3_and_2.5_wt_NdCl3.csv
[Run 1236/560000] ✅ Saved: nist_libs_1.5_wt_CeCl3_and_2.0_wt_SmCl3_and_3.0_wt_NdCl3.csv
[Run 1238/560000] ✅ Saved: nist_libs_1.5_wt_CeCl3_and_2.0_wt_SmCl3_and_4.0_wt_NdCl3.csv
[Run 1237/560000] ✅ Saved: nist_libs_1.5_wt_CeCl3_and_2.0_wt_SmCl3_and_3.5_wt_NdCl3.csv
[Run 1239/560000] ✅ Saved: nist_libs_1.5_wt_CeCl3_and_2.0_wt_SmCl3_and_4.5_wt_NdCl3.csv
[Run 1240/560000] ✅ Saved: nist_libs_1.5_wt_CeCl3_and_2.0_wt_SmCl3_and_5.0_wt_NdCl3.csv
[Run 1242/560000] ✅ Saved: nist_libs_1.5_wt_CeCl3_and_2.5_wt_SmCl3_and_1.0_wt_NdCl3.csv
[Run 1241/560000] ✅ Saved: nist_libs_1.5_wt_CeCl3_and_2.5_wt_SmCl3_and_0.5_wt_NdCl3.csv
[Run 1243/560000] ✅ Saved: nist_libs_1.5_wt_CeCl3_and_2.5_wt_SmCl3_and_1.5_wt_NdCl3.csv
[Run 1244/560000] ✅ Saved: nist_libs_1.5_wt_CeCl3_and_2.5_wt_SmCl3_and_2.0_wt_NdCl3.csv
[Run 1245/560000] ✅ Saved: nist_libs_1.5_wt_CeCl3_and_2.5_wt_SmCl3_and_2.5_wt_NdCl3.csv
[Run 1247/560000] ✅ Saved: nist_libs_1.5_wt_CeCl3_and_2.5_wt_SmCl3_and_3.5_wt_NdCl3.csv
[Run 1246/560000] ✅ Saved: nist_libs_1.5_wt_CeCl3_and_2.5_wt_SmCl3_and_3.0_wt_NdCl3.csv
[Run 1248/560000] ✅ Saved: nist_libs_1.5_wt_CeCl3_and_2.5_wt_SmCl3_and_4.0_wt_NdCl3.csv
[Run 1249/560000] ✅ Saved: nist_libs_1.5_wt_CeCl3_and_2.5_wt_SmCl3_and_4.5_wt_NdCl3.csv
[Run 1251/560000] ✅ Saved: nist_libs_1.5_wt_CeCl3_and_3.0_wt_SmCl3_and_0.5_wt_NdCl3.csv
[Run 1250/560000] ✅ Saved: nist_libs_1.5_wt_CeCl3_and_2.5_wt_SmCl3_and_5.0_wt_NdCl3.csv
[Run 1252/560000] ✅ Saved: nist_libs_1.5_wt_CeCl3_and_3.0_wt_SmCl3_and_1.0_wt_NdCl3.csv
[Run 1253/560000] ✅ Saved: nist_libs_1.5_wt_CeCl3_and_3.0_wt_SmCl3_and_1.5_wt_NdCl3.csv
[Run 1255/560000] ✅ Saved: nist_libs_1.5_wt_CeCl3_and_3.0_wt_SmCl3_and_2.5_wt_NdCl3.csv
[Run 1254/560000] ✅ Saved: nist_libs_1.5_wt_CeCl3_and_3.0_wt_SmCl3_and_2.0_wt_NdCl3.csv
[Run 1256/560000] ✅ Saved: nist_libs_1.5_wt_CeCl3_and_3.0_wt_SmCl3_and_3.0_wt_NdCl3.csv
[Run 1257/560000] ✅ Saved: nist_libs_1.5_wt_CeCl3_and_3.0_wt_SmCl3_and_3.5_wt_NdCl3.csv
[Run 1258/560000] ✅ Saved: nist_libs_1.5_wt_CeCl3_and_3.0_wt_SmCl3_and_4.0_wt_NdCl3.csv
[Run 1259/560000] ✅ Saved: nist_libs_1.5_wt_CeCl3_and_3.0_wt_SmCl3_and_4.5_wt_NdCl3.csv
[Run 1260/560000] ✅ Saved: nist_libs_1.5_wt_CeCl3_and_3.0_wt_SmCl3_and_5.0_wt_NdCl3.csv
[Run 1261/560000] ✅ Saved: nist_libs_1.5_wt_CeCl3_and_3.5_wt_SmCl3_and_0.5_wt_NdCl3.csv
[Run 1262/560000] ✅ Saved: nist_libs_1.5_wt_CeCl3_and_3.5_wt_SmCl3_and_1.0_wt_NdCl3.csv
[Run 1263/560000] ✅ Saved: nist_libs_1.5_wt_CeCl3_and_3.5_wt_SmCl3_and_1.5_wt_NdCl3.csv
[Run 1264/560000] ✅ Saved: nist_libs_1.5_wt_CeCl3_and_3.5_wt_SmCl3_and_2.0_wt_NdCl3.csv
[Run 1265/560000] ✅ Saved: nist_libs_1.5_wt_CeCl3_and_3.5_wt_SmCl3_and_2.5_wt_NdCl3.csv
[Run 1266/560000] ✅ Saved: nist_libs_1.5_wt_CeCl3_and_3.5_wt_SmCl3_and_3.0_wt_NdCl3.csv
[Run 1267/560000] ✅ Saved: nist_libs_1.5_wt_CeCl3_and_3.5_wt_SmCl3_and_3.5_wt_NdCl3.csv
[Run 1268/560000] ✅ Saved: nist_libs_1.5_wt_CeCl3_and_3.5_wt_SmCl3_and_4.0_wt_NdCl3.csv
[Run 1269/560000] ✅ Saved: nist_libs_1.5_wt_CeCl3_and_3.5_wt_SmCl3_and_4.5_wt_NdCl3.csv
[Run 1271/560000] ✅ Saved: nist_libs_1.5_wt_CeCl3_and_4.0_wt_SmCl3_and_0.5_wt_NdCl3.csv
[Run 1270/560000] ✅ Saved: nist_libs_1.5_wt_CeCl3_and_3.5_wt_SmCl3_and_5.0_wt_NdCl3.csv
[Run 1272/560000] ✅ Saved: nist_libs_1.5_wt_CeCl3_and_4.0_wt_SmCl3_and_1.0_wt_NdCl3.csv
[Run 1273/560000] ✅ Saved: nist_libs_1.5_wt_CeCl3_and_4.0_wt_SmCl3_and_1.5_wt_NdCl3.csv
[Run 1274/560000] ✅ Saved: nist_libs_1.5_wt_CeCl3_and_4.0_wt_SmCl3_and_2.0_wt_NdCl3.csv
[Run 1275/560000] ✅ Saved: nist_libs_1.5_wt_CeCl3_and_4.0_wt_SmCl3_and_2.5_wt_NdCl3.csv
[Run 1276/560000] ✅ Saved: nist_libs_1.5_wt_CeCl3_and_4.0_wt_SmCl3_and_3.0_wt_NdCl3.csv
[Run 1277/560000] ✅ Saved: nist_libs_1.5_wt_CeCl3_and_4.0_wt_SmCl3_and_3.5_wt_NdCl3.csv
[Run 1278/560000] ✅ Saved: nist_libs_1.5_wt_CeCl3_and_4.0_wt_SmCl3_and_4.0_wt_NdCl3.csv
[Run 1279/560000] ✅ Saved: nist_libs_1.5_wt_CeCl3_and_4.0_wt_SmCl3_and_4.5_wt_NdCl3.csv
[Run 1280/560000] ✅ Saved: nist_libs_1.5_wt_CeCl3_and_4.0_wt_SmCl3_and_5.0_wt_NdCl3.csv
[Run 1281/560000] ✅ Saved: nist_libs_1.5_wt_CeCl3_and_4.5_wt_SmCl3_and_0.5_wt_NdCl3.csv
[Run 1282/560000] ✅ Saved: nist_libs_1.5_wt_CeCl3_and_4.5_wt_SmCl3_and_1.0_wt_NdCl3.csv
[Run 1283/560000] ✅ Saved: nist_libs_1.5_wt_CeCl3_and_4.5_wt_SmCl3_and_1.5_wt_NdCl3.csv
[Run 1284/560000] ✅ Saved: nist_libs_1.5_wt_CeCl3_and_4.5_wt_SmCl3_and_2.0_wt_NdCl3.csv
[Run 1285/560000] ✅ Saved: nist_libs_1.5_wt_CeCl3_and_4.5_wt_SmCl3_and_2.5_wt_NdCl3.csv
[Run 1286/560000] ✅ Saved: nist_libs_1.5_wt_CeCl3_and_4.5_wt_SmCl3_and_3.0_wt_NdCl3.csv
[Run 1288/560000] ✅ Saved: nist_libs_1.5_wt_CeCl3_and_4.5_wt_SmCl3_and_4.0_wt_NdCl3.csv
[Run 1287/560000] ✅ Saved: nist_libs_1.5_wt_CeCl3_and_4.5_wt_SmCl3_and_3.5_wt_NdCl3.csv
[Run 1289/560000] ✅ Saved: nist_libs_1.5_wt_CeCl3_and_4.5_wt_SmCl3_and_4.5_wt_NdCl3.csv
[Run 1290/560000] ✅ Saved: nist_libs_1.5_wt_CeCl3_and_4.5_wt_SmCl3_and_5.0_wt_NdCl3.csv
[Run 1292/560000] ✅ Saved: nist_libs_1.5_wt_CeCl3_and_5.0_wt_SmCl3_and_1.0_wt_NdCl3.csv
[Run 1291/560000] ✅ Saved: nist_libs_1.5_wt_CeCl3_and_5.0_wt_SmCl3_and_0.5_wt_NdCl3.csv
[Run 1294/560000] ✅ Saved: nist_libs_1.5_wt_CeCl3_and_5.0_wt_SmCl3_and_2.0_wt_NdCl3.csv
[Run 1293/560000] ✅ Saved: nist_libs_1.5_wt_CeCl3_and_5.0_wt_SmCl3_and_1.5_wt_NdCl3.csv
[Run 1295/560000] ✅ Saved: nist_libs_1.5_wt_CeCl3_and_5.0_wt_SmCl3_and_2.5_wt_NdCl3.csv
[Run 1296/560000] ✅ Saved: nist_libs_1.5_wt_CeCl3_and_5.0_wt_SmCl3_and_3.0_wt_NdCl3.csv
[Run 1297/560000] ✅ Saved: nist_libs_1.5_wt_CeCl3_and_5.0_wt_SmCl3_and_3.5_wt_NdCl3.csv
[Run 1298/560000] ✅ Saved: nist_libs_1.5_wt_CeCl3_and_5.0_wt_SmCl3_and_4.0_wt_NdCl3.csv
[Run 1299/560000] ✅ Saved: nist_libs_1.5_wt_CeCl3_and_5.0_wt_SmCl3_and_4.5_wt_NdCl3.csv
[Run 1300/560000] ✅ Saved: nist_libs_1.5_wt_CeCl3_and_5.0_wt_SmCl3_and_5.0_wt_NdCl3.csv
[Run 1301/560000] ✅ Saved: nist_libs_2.0_wt_CeCl3_and_0.5_wt_SmCl3_and_0.5_wt_NdCl3.csv
[Run 1302/560000] ✅ Saved: nist_libs_2.0_wt_CeCl3_and_0.5_wt_SmCl3_and_1.0_wt_NdCl3.csv
[Run 1303/560000] ✅ Saved: nist_libs_2.0_wt_CeCl3_and_0.5_wt_SmCl3_and_1.5_wt_NdCl3.csv
[Run 1304/560000] ✅ Saved: nist_libs_2.0_wt_CeCl3_and_0.5_wt_SmCl3_and_2.0_wt_NdCl3.csv
[Run 1305/560000] ✅ Saved: nist_libs_2.0_wt_CeCl3_and_0.5_wt_SmCl3_and_2.5_wt_NdCl3.csv
[Run 1306/560000] ✅ Saved: nist_libs_2.0_wt_CeCl3_and_0.5_wt_SmCl3_and_3.0_wt_NdCl3.csv
[Run 1308/560000] ✅ Saved: nist_libs_2.0_wt_CeCl3_and_0.5_wt_SmCl3_and_4.0_wt_NdCl3.csv
[Run 1307/560000] ✅ Saved: nist_libs_2.0_wt_CeCl3_and_0.5_wt_SmCl3_and_3.5_wt_NdCl3.csv
[Run 1309/560000] ✅ Saved: nist_libs_2.0_wt_CeCl3_and_0.5_wt_SmCl3_and_4.5_wt_NdCl3.csv
[Run 1310/560000] ✅ Saved: nist_libs_2.0_wt_CeCl3_and_0.5_wt_SmCl3_and_5.0_wt_NdCl3.csv
[Run 1311/560000] ✅ Saved: nist_libs_2.0_wt_CeCl3_and_1.0_wt_SmCl3_and_0.5_wt_NdCl3.csv
[Run 1312/560000] ✅ Saved: nist_libs_2.0_wt_CeCl3_and_1.0_wt_SmCl3_and_1.0_wt_NdCl3.csv
[Run 1313/560000] ✅ Saved: nist_libs_2.0_wt_CeCl3_and_1.0_wt_SmCl3_and_1.5_wt_NdCl3.csv
[Run 1314/560000] ✅ Saved: nist_libs_2.0_wt_CeCl3_and_1.0_wt_SmCl3_and_2.0_wt_NdCl3.csv
[Run 1315/560000] ✅ Saved: nist_libs_2.0_wt_CeCl3_and_1.0_wt_SmCl3_and_2.5_wt_NdCl3.csv
[Run 1316/560000] ✅ Saved: nist_libs_2.0_wt_CeCl3_and_1.0_wt_SmCl3_and_3.0_wt_NdCl3.csv
[Run 1317/560000] ✅ Saved: nist_libs_2.0_wt_CeCl3_and_1.0_wt_SmCl3_and_3.5_wt_NdCl3.csv
[Run 1318/560000] ✅ Saved: nist_libs_2.0_wt_CeCl3_and_1.0_wt_SmCl3_and_4.0_wt_NdCl3.csv
[Run 1319/560000] ✅ Saved: nist_libs_2.0_wt_CeCl3_and_1.0_wt_SmCl3_and_4.5_wt_NdCl3.csv
[Run 1320/560000] ✅ Saved: nist_libs_2.0_wt_CeCl3_and_1.0_wt_SmCl3_and_5.0_wt_NdCl3.csv
[Run 1321/560000] ✅ Saved: nist_libs_2.0_wt_CeCl3_and_1.5_wt_SmCl3_and_0.5_wt_NdCl3.csv
[Run 1322/560000] ✅ Saved: nist_libs_2.0_wt_CeCl3_and_1.5_wt_SmCl3_and_1.0_wt_NdCl3.csv
[Run 1323/560000] ✅ Saved: nist_libs_2.0_wt_CeCl3_and_1.5_wt_SmCl3_and_1.5_wt_NdCl3.csv
[Run 1324/560000] ✅ Saved: nist_libs_2.0_wt_CeCl3_and_1.5_wt_SmCl3_and_2.0_wt_NdCl3.csv
[Run 1325/560000] ✅ Saved: nist_libs_2.0_wt_CeCl3_and_1.5_wt_SmCl3_and_2.5_wt_NdCl3.csv
[Run 1326/560000] ✅ Saved: nist_libs_2.0_wt_CeCl3_and_1.5_wt_SmCl3_and_3.0_wt_NdCl3.csv
[Run 1327/560000] ✅ Saved: nist_libs_2.0_wt_CeCl3_and_1.5_wt_SmCl3_and_3.5_wt_NdCl3.csv
[Run 1328/560000] ✅ Saved: nist_libs_2.0_wt_CeCl3_and_1.5_wt_SmCl3_and_4.0_wt_NdCl3.csv
[Run 1329/560000] ✅ Saved: nist_libs_2.0_wt_CeCl3_and_1.5_wt_SmCl3_and_4.5_wt_NdCl3.csv
[Run 1330/560000] ✅ Saved: nist_libs_2.0_wt_CeCl3_and_1.5_wt_SmCl3_and_5.0_wt_NdCl3.csv
[Run 1331/560000] ✅ Saved: nist_libs_2.0_wt_CeCl3_and_2.0_wt_SmCl3_and_0.5_wt_NdCl3.csv
[Run 1333/560000] ✅ Saved: nist_libs_2.0_wt_CeCl3_and_2.0_wt_SmCl3_and_1.5_wt_NdCl3.csv
[Run 1332/560000] ✅ Saved: nist_libs_2.0_wt_CeCl3_and_2.0_wt_SmCl3_and_1.0_wt_NdCl3.csv
[Run 1334/560000] ✅ Saved: nist_libs_2.0_wt_CeCl3_and_2.0_wt_SmCl3_and_2.0_wt_NdCl3.csv
[Run 1335/560000] ✅ Saved: nist_libs_2.0_wt_CeCl3_and_2.0_wt_SmCl3_and_2.5_wt_NdCl3.csv
[Run 1336/560000] ✅ Saved: nist_libs_2.0_wt_CeCl3_and_2.0_wt_SmCl3_and_3.0_wt_NdCl3.csv
[Run 1337/560000] ✅ Saved: nist_libs_2.0_wt_CeCl3_and_2.0_wt_SmCl3_and_3.5_wt_NdCl3.csv
[Run 1338/560000] ✅ Saved: nist_libs_2.0_wt_CeCl3_and_2.0_wt_SmCl3_and_4.0_wt_NdCl3.csv
[Run 1339/560000] ✅ Saved: nist_libs_2.0_wt_CeCl3_and_2.0_wt_SmCl3_and_4.5_wt_NdCl3.csv
[Run 1340/560000] ✅ Saved: nist_libs_2.0_wt_CeCl3_and_2.0_wt_SmCl3_and_5.0_wt_NdCl3.csv
[Run 1341/560000] ✅ Saved: nist_libs_2.0_wt_CeCl3_and_2.5_wt_SmCl3_and_0.5_wt_NdCl3.csv
[Run 1342/560000] ✅ Saved: nist_libs_2.0_wt_CeCl3_and_2.5_wt_SmCl3_and_1.0_wt_NdCl3.csv
[Run 1343/560000] ✅ Saved: nist_libs_2.0_wt_CeCl3_and_2.5_wt_SmCl3_and_1.5_wt_NdCl3.csv
[Run 1344/560000] ✅ Saved: nist_libs_2.0_wt_CeCl3_and_2.5_wt_SmCl3_and_2.0_wt_NdCl3.csv
[Run 1346/560000] ✅ Saved: nist_libs_2.0_wt_CeCl3_and_2.5_wt_SmCl3_and_3.0_wt_NdCl3.csv
[Run 1345/560000] ✅ Saved: nist_libs_2.0_wt_CeCl3_and_2.5_wt_SmCl3_and_2.5_wt_NdCl3.csv
[Run 1347/560000] ✅ Saved: nist_libs_2.0_wt_CeCl3_and_2.5_wt_SmCl3_and_3.5_wt_NdCl3.csv
[Run 1348/560000] ✅ Saved: nist_libs_2.0_wt_CeCl3_and_2.5_wt_SmCl3_and_4.0_wt_NdCl3.csv
[Run 1350/560000] ✅ Saved: nist_libs_2.0_wt_CeCl3_and_2.5_wt_SmCl3_and_5.0_wt_NdCl3.csv
[Run 1349/560000] ✅ Saved: nist_libs_2.0_wt_CeCl3_and_2.5_wt_SmCl3_and_4.5_wt_NdCl3.csv
[Run 1351/560000] ✅ Saved: nist_libs_2.0_wt_CeCl3_and_3.0_wt_SmCl3_and_0.5_wt_NdCl3.csv
[Run 1352/560000] ✅ Saved: nist_libs_2.0_wt_CeCl3_and_3.0_wt_SmCl3_and_1.0_wt_NdCl3.csv
[Run 1353/560000] ✅ Saved: nist_libs_2.0_wt_CeCl3_and_3.0_wt_SmCl3_and_1.5_wt_NdCl3.csv
[Run 1354/560000] ✅ Saved: nist_libs_2.0_wt_CeCl3_and_3.0_wt_SmCl3_and_2.0_wt_NdCl3.csv
[Run 1356/560000] ✅ Saved: nist_libs_2.0_wt_CeCl3_and_3.0_wt_SmCl3_and_3.0_wt_NdCl3.csv
[Run 1355/560000] ✅ Saved: nist_libs_2.0_wt_CeCl3_and_3.0_wt_SmCl3_and_2.5_wt_NdCl3.csv
[Run 1357/560000] ✅ Saved: nist_libs_2.0_wt_CeCl3_and_3.0_wt_SmCl3_and_3.5_wt_NdCl3.csv
[Run 1359/560000] ✅ Saved: nist_libs_2.0_wt_CeCl3_and_3.0_wt_SmCl3_and_4.5_wt_NdCl3.csv
[Run 1358/560000] ✅ Saved: nist_libs_2.0_wt_CeCl3_and_3.0_wt_SmCl3_and_4.0_wt_NdCl3.csv
[Run 1360/560000] ✅ Saved: nist_libs_2.0_wt_CeCl3_and_3.0_wt_SmCl3_and_5.0_wt_NdCl3.csv
[Run 1361/560000] ✅ Saved: nist_libs_2.0_wt_CeCl3_and_3.5_wt_SmCl3_and_0.5_wt_NdCl3.csv
[Run 1362/560000] ✅ Saved: nist_libs_2.0_wt_CeCl3_and_3.5_wt_SmCl3_and_1.0_wt_NdCl3.csv
[Run 1363/560000] ✅ Saved: nist_libs_2.0_wt_CeCl3_and_3.5_wt_SmCl3_and_1.5_wt_NdCl3.csv
[Run 1365/560000] ✅ Saved: nist_libs_2.0_wt_CeCl3_and_3.5_wt_SmCl3_and_2.5_wt_NdCl3.csv
[Run 1364/560000] ✅ Saved: nist_libs_2.0_wt_CeCl3_and_3.5_wt_SmCl3_and_2.0_wt_NdCl3.csv
[Run 1366/560000] ✅ Saved: nist_libs_2.0_wt_CeCl3_and_3.5_wt_SmCl3_and_3.0_wt_NdCl3.csv
[Run 1367/560000] ✅ Saved: nist_libs_2.0_wt_CeCl3_and_3.5_wt_SmCl3_and_3.5_wt_NdCl3.csv
[Run 1368/560000] ✅ Saved: nist_libs_2.0_wt_CeCl3_and_3.5_wt_SmCl3_and_4.0_wt_NdCl3.csv
[Run 1369/560000] ✅ Saved: nist_libs_2.0_wt_CeCl3_and_3.5_wt_SmCl3_and_4.5_wt_NdCl3.csv
[Run 1370/560000] ✅ Saved: nist_libs_2.0_wt_CeCl3_and_3.5_wt_SmCl3_and_5.0_wt_NdCl3.csv
[Run 1371/560000] ✅ Saved: nist_libs_2.0_wt_CeCl3_and_4.0_wt_SmCl3_and_0.5_wt_NdCl3.csv
[Run 1373/560000] ✅ Saved: nist_libs_2.0_wt_CeCl3_and_4.0_wt_SmCl3_and_1.5_wt_NdCl3.csv
[Run 1374/560000] ✅ Saved: nist_libs_2.0_wt_CeCl3_and_4.0_wt_SmCl3_and_2.0_wt_NdCl3.csv
[Run 1372/560000] ✅ Saved: nist_libs_2.0_wt_CeCl3_and_4.0_wt_SmCl3_and_1.0_wt_NdCl3.csv
[Run 1375/560000] ✅ Saved: nist_libs_2.0_wt_CeCl3_and_4.0_wt_SmCl3_and_2.5_wt_NdCl3.csv
[Run 1376/560000] ✅ Saved: nist_libs_2.0_wt_CeCl3_and_4.0_wt_SmCl3_and_3.0_wt_NdCl3.csv
[Run 1377/560000] ✅ Saved: nist_libs_2.0_wt_CeCl3_and_4.0_wt_SmCl3_and_3.5_wt_NdCl3.csv
[Run 1379/560000] ✅ Saved: nist_libs_2.0_wt_CeCl3_and_4.0_wt_SmCl3_and_4.5_wt_NdCl3.csv
[Run 1378/560000] ✅ Saved: nist_libs_2.0_wt_CeCl3_and_4.0_wt_SmCl3_and_4.0_wt_NdCl3.csv
[Run 1380/560000] ✅ Saved: nist_libs_2.0_wt_CeCl3_and_4.0_wt_SmCl3_and_5.0_wt_NdCl3.csv
[Run 1381/560000] ✅ Saved: nist_libs_2.0_wt_CeCl3_and_4.5_wt_SmCl3_and_0.5_wt_NdCl3.csv
[Run 1382/560000] ✅ Saved: nist_libs_2.0_wt_CeCl3_and_4.5_wt_SmCl3_and_1.0_wt_NdCl3.csv
[Run 1383/560000] ✅ Saved: nist_libs_2.0_wt_CeCl3_and_4.5_wt_SmCl3_and_1.5_wt_NdCl3.csv
[Run 1384/560000] ✅ Saved: nist_libs_2.0_wt_CeCl3_and_4.5_wt_SmCl3_and_2.0_wt_NdCl3.csv
[Run 1385/560000] ✅ Saved: nist_libs_2.0_wt_CeCl3_and_4.5_wt_SmCl3_and_2.5_wt_NdCl3.csv
[Run 1387/560000] ✅ Saved: nist_libs_2.0_wt_CeCl3_and_4.5_wt_SmCl3_and_3.5_wt_NdCl3.csv
[Run 1386/560000] ✅ Saved: nist_libs_2.0_wt_CeCl3_and_4.5_wt_SmCl3_and_3.0_wt_NdCl3.csv
[Run 1388/560000] ✅ Saved: nist_libs_2.0_wt_CeCl3_and_4.5_wt_SmCl3_and_4.0_wt_NdCl3.csv
[Run 1389/560000] ✅ Saved: nist_libs_2.0_wt_CeCl3_and_4.5_wt_SmCl3_and_4.5_wt_NdCl3.csv
[Run 1390/560000] ✅ Saved: nist_libs_2.0_wt_CeCl3_and_4.5_wt_SmCl3_and_5.0_wt_NdCl3.csv
[Run 1391/560000] ✅ Saved: nist_libs_2.0_wt_CeCl3_and_5.0_wt_SmCl3_and_0.5_wt_NdCl3.csv
[Run 1393/560000] ✅ Saved: nist_libs_2.0_wt_CeCl3_and_5.0_wt_SmCl3_and_1.5_wt_NdCl3.csv
[Run 1392/560000] ✅ Saved: nist_libs_2.0_wt_CeCl3_and_5.0_wt_SmCl3_and_1.0_wt_NdCl3.csv
[Run 1394/560000] ✅ Saved: nist_libs_2.0_wt_CeCl3_and_5.0_wt_SmCl3_and_2.0_wt_NdCl3.csv
[Run 1395/560000] ✅ Saved: nist_libs_2.0_wt_CeCl3_and_5.0_wt_SmCl3_and_2.5_wt_NdCl3.csv
[Run 1396/560000] ✅ Saved: nist_libs_2.0_wt_CeCl3_and_5.0_wt_SmCl3_and_3.0_wt_NdCl3.csv
[Run 1397/560000] ✅ Saved: nist_libs_2.0_wt_CeCl3_and_5.0_wt_SmCl3_and_3.5_wt_NdCl3.csv
[Run 1398/560000] ✅ Saved: nist_libs_2.0_wt_CeCl3_and_5.0_wt_SmCl3_and_4.0_wt_NdCl3.csv
[Run 1399/560000] ✅ Saved: nist_libs_2.0_wt_CeCl3_and_5.0_wt_SmCl3_and_4.5_wt_NdCl3.csv
[Run 1400/560000] ✅ Saved: nist_libs_2.0_wt_CeCl3_and_5.0_wt_SmCl3_and_5.0_wt_NdCl3.csv
[Run 1401/560000] ✅ Saved: nist_libs_2.5_wt_CeCl3_and_0.5_wt_SmCl3_and_0.5_wt_NdCl3.csv
[Run 1403/560000] ✅ Saved: nist_libs_2.5_wt_CeCl3_and_0.5_wt_SmCl3_and_1.5_wt_NdCl3.csv
[Run 1402/560000] ✅ Saved: nist_libs_2.5_wt_CeCl3_and_0.5_wt_SmCl3_and_1.0_wt_NdCl3.csv
[Run 1404/560000] ✅ Saved: nist_libs_2.5_wt_CeCl3_and_0.5_wt_SmCl3_and_2.0_wt_NdCl3.csv
[Run 1405/560000] ✅ Saved: nist_libs_2.5_wt_CeCl3_and_0.5_wt_SmCl3_and_2.5_wt_NdCl3.csv
[Run 1407/560000] ✅ Saved: nist_libs_2.5_wt_CeCl3_and_0.5_wt_SmCl3_and_3.5_wt_NdCl3.csv
[Run 1406/560000] ✅ Saved: nist_libs_2.5_wt_CeCl3_and_0.5_wt_SmCl3_and_3.0_wt_NdCl3.csv
[Run 1408/560000] ✅ Saved: nist_libs_2.5_wt_CeCl3_and_0.5_wt_SmCl3_and_4.0_wt_NdCl3.csv
[Run 1409/560000] ✅ Saved: nist_libs_2.5_wt_CeCl3_and_0.5_wt_SmCl3_and_4.5_wt_NdCl3.csv
[Run 1410/560000] ✅ Saved: nist_libs_2.5_wt_CeCl3_and_0.5_wt_SmCl3_and_5.0_wt_NdCl3.csv
[Run 1411/560000] ✅ Saved: nist_libs_2.5_wt_CeCl3_and_1.0_wt_SmCl3_and_0.5_wt_NdCl3.csv
[Run 1412/560000] ✅ Saved: nist_libs_2.5_wt_CeCl3_and_1.0_wt_SmCl3_and_1.0_wt_NdCl3.csv
[Run 1413/560000] ✅ Saved: nist_libs_2.5_wt_CeCl3_and_1.0_wt_SmCl3_and_1.5_wt_NdCl3.csv
[Run 1414/560000] ✅ Saved: nist_libs_2.5_wt_CeCl3_and_1.0_wt_SmCl3_and_2.0_wt_NdCl3.csv
[Run 1415/560000] ✅ Saved: nist_libs_2.5_wt_CeCl3_and_1.0_wt_SmCl3_and_2.5_wt_NdCl3.csv
[Run 1416/560000] ✅ Saved: nist_libs_2.5_wt_CeCl3_and_1.0_wt_SmCl3_and_3.0_wt_NdCl3.csv
[Run 1417/560000] ✅ Saved: nist_libs_2.5_wt_CeCl3_and_1.0_wt_SmCl3_and_3.5_wt_NdCl3.csv
[Run 1419/560000] ✅ Saved: nist_libs_2.5_wt_CeCl3_and_1.0_wt_SmCl3_and_4.5_wt_NdCl3.csv
[Run 1418/560000] ✅ Saved: nist_libs_2.5_wt_CeCl3_and_1.0_wt_SmCl3_and_4.0_wt_NdCl3.csv
[Run 1420/560000] ✅ Saved: nist_libs_2.5_wt_CeCl3_and_1.0_wt_SmCl3_and_5.0_wt_NdCl3.csv
[Run 1421/560000] ✅ Saved: nist_libs_2.5_wt_CeCl3_and_1.5_wt_SmCl3_and_0.5_wt_NdCl3.csv
[Run 1422/560000] ✅ Saved: nist_libs_2.5_wt_CeCl3_and_1.5_wt_SmCl3_and_1.0_wt_NdCl3.csv
[Run 1423/560000] ✅ Saved: nist_libs_2.5_wt_CeCl3_and_1.5_wt_SmCl3_and_1.5_wt_NdCl3.csv
[Run 1424/560000] ✅ Saved: nist_libs_2.5_wt_CeCl3_and_1.5_wt_SmCl3_and_2.0_wt_NdCl3.csv
[Run 1425/560000] ✅ Saved: nist_libs_2.5_wt_CeCl3_and_1.5_wt_SmCl3_and_2.5_wt_NdCl3.csv
[Run 1426/560000] ✅ Saved: nist_libs_2.5_wt_CeCl3_and_1.5_wt_SmCl3_and_3.0_wt_NdCl3.csv
[Run 1427/560000] ✅ Saved: nist_libs_2.5_wt_CeCl3_and_1.5_wt_SmCl3_and_3.5_wt_NdCl3.csv
[Run 1428/560000] ✅ Saved: nist_libs_2.5_wt_CeCl3_and_1.5_wt_SmCl3_and_4.0_wt_NdCl3.csv
[Run 1429/560000] ✅ Saved: nist_libs_2.5_wt_CeCl3_and_1.5_wt_SmCl3_and_4.5_wt_NdCl3.csv
[Run 1430/560000] ✅ Saved: nist_libs_2.5_wt_CeCl3_and_1.5_wt_SmCl3_and_5.0_wt_NdCl3.csv
[Run 1431/560000] ✅ Saved: nist_libs_2.5_wt_CeCl3_and_2.0_wt_SmCl3_and_0.5_wt_NdCl3.csv
[Run 1432/560000] ✅ Saved: nist_libs_2.5_wt_CeCl3_and_2.0_wt_SmCl3_and_1.0_wt_NdCl3.csv
[Run 1433/560000] ✅ Saved: nist_libs_2.5_wt_CeCl3_and_2.0_wt_SmCl3_and_1.5_wt_NdCl3.csv
[Run 1434/560000] ✅ Saved: nist_libs_2.5_wt_CeCl3_and_2.0_wt_SmCl3_and_2.0_wt_NdCl3.csv
[Run 1435/560000] ✅ Saved: nist_libs_2.5_wt_CeCl3_and_2.0_wt_SmCl3_and_2.5_wt_NdCl3.csv
[Run 1436/560000] ✅ Saved: nist_libs_2.5_wt_CeCl3_and_2.0_wt_SmCl3_and_3.0_wt_NdCl3.csv
[Run 1437/560000] ✅ Saved: nist_libs_2.5_wt_CeCl3_and_2.0_wt_SmCl3_and_3.5_wt_NdCl3.csv
[Run 1438/560000] ✅ Saved: nist_libs_2.5_wt_CeCl3_and_2.0_wt_SmCl3_and_4.0_wt_NdCl3.csv
[Run 1439/560000] ✅ Saved: nist_libs_2.5_wt_CeCl3_and_2.0_wt_SmCl3_and_4.5_wt_NdCl3.csv
[Run 1440/560000] ✅ Saved: nist_libs_2.5_wt_CeCl3_and_2.0_wt_SmCl3_and_5.0_wt_NdCl3.csv
[Run 1441/560000] ✅ Saved: nist_libs_2.5_wt_CeCl3_and_2.5_wt_SmCl3_and_0.5_wt_NdCl3.csv
[Run 1442/560000] ✅ Saved: nist_libs_2.5_wt_CeCl3_and_2.5_wt_SmCl3_and_1.0_wt_NdCl3.csv
[Run 1443/560000] ✅ Saved: nist_libs_2.5_wt_CeCl3_and_2.5_wt_SmCl3_and_1.5_wt_NdCl3.csv
[Run 1444/560000] ✅ Saved: nist_libs_2.5_wt_CeCl3_and_2.5_wt_SmCl3_and_2.0_wt_NdCl3.csv
[Run 1446/560000] ✅ Saved: nist_libs_2.5_wt_CeCl3_and_2.5_wt_SmCl3_and_3.0_wt_NdCl3.csv
[Run 1445/560000] ✅ Saved: nist_libs_2.5_wt_CeCl3_and_2.5_wt_SmCl3_and_2.5_wt_NdCl3.csv
[Run 1447/560000] ✅ Saved: nist_libs_2.5_wt_CeCl3_and_2.5_wt_SmCl3_and_3.5_wt_NdCl3.csv
[Run 1448/560000] ✅ Saved: nist_libs_2.5_wt_CeCl3_and_2.5_wt_SmCl3_and_4.0_wt_NdCl3.csv
[Run 1449/560000] ✅ Saved: nist_libs_2.5_wt_CeCl3_and_2.5_wt_SmCl3_and_4.5_wt_NdCl3.csv
[Run 1450/560000] ✅ Saved: nist_libs_2.5_wt_CeCl3_and_2.5_wt_SmCl3_and_5.0_wt_NdCl3.csv
[Run 1451/560000] ✅ Saved: nist_libs_2.5_wt_CeCl3_and_3.0_wt_SmCl3_and_0.5_wt_NdCl3.csv
[Run 1452/560000] ✅ Saved: nist_libs_2.5_wt_CeCl3_and_3.0_wt_SmCl3_and_1.0_wt_NdCl3.csv
[Run 1453/560000] ✅ Saved: nist_libs_2.5_wt_CeCl3_and_3.0_wt_SmCl3_and_1.5_wt_NdCl3.csv
[Run 1454/560000] ✅ Saved: nist_libs_2.5_wt_CeCl3_and_3.0_wt_SmCl3_and_2.0_wt_NdCl3.csv
[Run 1455/560000] ✅ Saved: nist_libs_2.5_wt_CeCl3_and_3.0_wt_SmCl3_and_2.5_wt_NdCl3.csv
[Run 1456/560000] ✅ Saved: nist_libs_2.5_wt_CeCl3_and_3.0_wt_SmCl3_and_3.0_wt_NdCl3.csv
[Run 1457/560000] ✅ Saved: nist_libs_2.5_wt_CeCl3_and_3.0_wt_SmCl3_and_3.5_wt_NdCl3.csv
[Run 1458/560000] ✅ Saved: nist_libs_2.5_wt_CeCl3_and_3.0_wt_SmCl3_and_4.0_wt_NdCl3.csv
[Run 1459/560000] ✅ Saved: nist_libs_2.5_wt_CeCl3_and_3.0_wt_SmCl3_and_4.5_wt_NdCl3.csv
[Run 1460/560000] ✅ Saved: nist_libs_2.5_wt_CeCl3_and_3.0_wt_SmCl3_and_5.0_wt_NdCl3.csv
[Run 1461/560000] ✅ Saved: nist_libs_2.5_wt_CeCl3_and_3.5_wt_SmCl3_and_0.5_wt_NdCl3.csv
[Run 1462/560000] ✅ Saved: nist_libs_2.5_wt_CeCl3_and_3.5_wt_SmCl3_and_1.0_wt_NdCl3.csv
[Run 1463/560000] ✅ Saved: nist_libs_2.5_wt_CeCl3_and_3.5_wt_SmCl3_and_1.5_wt_NdCl3.csv
[Run 1465/560000] ✅ Saved: nist_libs_2.5_wt_CeCl3_and_3.5_wt_SmCl3_and_2.5_wt_NdCl3.csv
[Run 1464/560000] ✅ Saved: nist_libs_2.5_wt_CeCl3_and_3.5_wt_SmCl3_and_2.0_wt_NdCl3.csv
[Run 1466/560000] ✅ Saved: nist_libs_2.5_wt_CeCl3_and_3.5_wt_SmCl3_and_3.0_wt_NdCl3.csv
[Run 1467/560000] ✅ Saved: nist_libs_2.5_wt_CeCl3_and_3.5_wt_SmCl3_and_3.5_wt_NdCl3.csv
[Run 1470/560000] ✅ Saved: nist_libs_2.5_wt_CeCl3_and_3.5_wt_SmCl3_and_5.0_wt_NdCl3.csv
[Run 1468/560000] ✅ Saved: nist_libs_2.5_wt_CeCl3_and_3.5_wt_SmCl3_and_4.0_wt_NdCl3.csv
[Run 1469/560000] ✅ Saved: nist_libs_2.5_wt_CeCl3_and_3.5_wt_SmCl3_and_4.5_wt_NdCl3.csv
[Run 1471/560000] ✅ Saved: nist_libs_2.5_wt_CeCl3_and_4.0_wt_SmCl3_and_0.5_wt_NdCl3.csv
[Run 1472/560000] ✅ Saved: nist_libs_2.5_wt_CeCl3_and_4.0_wt_SmCl3_and_1.0_wt_NdCl3.csv
[Run 1474/560000] ✅ Saved: nist_libs_2.5_wt_CeCl3_and_4.0_wt_SmCl3_and_2.0_wt_NdCl3.csv
[Run 1473/560000] ✅ Saved: nist_libs_2.5_wt_CeCl3_and_4.0_wt_SmCl3_and_1.5_wt_NdCl3.csv
[Run 1475/560000] ✅ Saved: nist_libs_2.5_wt_CeCl3_and_4.0_wt_SmCl3_and_2.5_wt_NdCl3.csv
[Run 1476/560000] ✅ Saved: nist_libs_2.5_wt_CeCl3_and_4.0_wt_SmCl3_and_3.0_wt_NdCl3.csv
[Run 1477/560000] ✅ Saved: nist_libs_2.5_wt_CeCl3_and_4.0_wt_SmCl3_and_3.5_wt_NdCl3.csv
[Run 1478/560000] ✅ Saved: nist_libs_2.5_wt_CeCl3_and_4.0_wt_SmCl3_and_4.0_wt_NdCl3.csv
[Run 1479/560000] ✅ Saved: nist_libs_2.5_wt_CeCl3_and_4.0_wt_SmCl3_and_4.5_wt_NdCl3.csv
[Run 1481/560000] ✅ Saved: nist_libs_2.5_wt_CeCl3_and_4.5_wt_SmCl3_and_0.5_wt_NdCl3.csv
[Run 1480/560000] ✅ Saved: nist_libs_2.5_wt_CeCl3_and_4.0_wt_SmCl3_and_5.0_wt_NdCl3.csv
[Run 1483/560000] ✅ Saved: nist_libs_2.5_wt_CeCl3_and_4.5_wt_SmCl3_and_1.5_wt_NdCl3.csv
[Run 1482/560000] ✅ Saved: nist_libs_2.5_wt_CeCl3_and_4.5_wt_SmCl3_and_1.0_wt_NdCl3.csv
[Run 1484/560000] ✅ Saved: nist_libs_2.5_wt_CeCl3_and_4.5_wt_SmCl3_and_2.0_wt_NdCl3.csv
[Run 1485/560000] ✅ Saved: nist_libs_2.5_wt_CeCl3_and_4.5_wt_SmCl3_and_2.5_wt_NdCl3.csv
[Run 1486/560000] ✅ Saved: nist_libs_2.5_wt_CeCl3_and_4.5_wt_SmCl3_and_3.0_wt_NdCl3.csv
[Run 1487/560000] ✅ Saved: nist_libs_2.5_wt_CeCl3_and_4.5_wt_SmCl3_and_3.5_wt_NdCl3.csv
[Run 1489/560000] ✅ Saved: nist_libs_2.5_wt_CeCl3_and_4.5_wt_SmCl3_and_4.5_wt_NdCl3.csv
[Run 1488/560000] ✅ Saved: nist_libs_2.5_wt_CeCl3_and_4.5_wt_SmCl3_and_4.0_wt_NdCl3.csv
[Run 1490/560000] ✅ Saved: nist_libs_2.5_wt_CeCl3_and_4.5_wt_SmCl3_and_5.0_wt_NdCl3.csv
[Run 1491/560000] ✅ Saved: nist_libs_2.5_wt_CeCl3_and_5.0_wt_SmCl3_and_0.5_wt_NdCl3.csv
[Run 1492/560000] ✅ Saved: nist_libs_2.5_wt_CeCl3_and_5.0_wt_SmCl3_and_1.0_wt_NdCl3.csv
[Run 1493/560000] ✅ Saved: nist_libs_2.5_wt_CeCl3_and_5.0_wt_SmCl3_and_1.5_wt_NdCl3.csv
[Run 1494/560000] ✅ Saved: nist_libs_2.5_wt_CeCl3_and_5.0_wt_SmCl3_and_2.0_wt_NdCl3.csv
[Run 1495/560000] ✅ Saved: nist_libs_2.5_wt_CeCl3_and_5.0_wt_SmCl3_and_2.5_wt_NdCl3.csv
[Run 1496/560000] ✅ Saved: nist_libs_2.5_wt_CeCl3_and_5.0_wt_SmCl3_and_3.0_wt_NdCl3.csv
[Run 1497/560000] ✅ Saved: nist_libs_2.5_wt_CeCl3_and_5.0_wt_SmCl3_and_3.5_wt_NdCl3.csv
[Run 1498/560000] ✅ Saved: nist_libs_2.5_wt_CeCl3_and_5.0_wt_SmCl3_and_4.0_wt_NdCl3.csv
[Run 1499/560000] ✅ Saved: nist_libs_2.5_wt_CeCl3_and_5.0_wt_SmCl3_and_4.5_wt_NdCl3.csv
[Run 1500/560000] ✅ Saved: nist_libs_2.5_wt_CeCl3_and_5.0_wt_SmCl3_and_5.0_wt_NdCl3.csv
[Run 1501/560000] ✅ Saved: nist_libs_3.0_wt_CeCl3_and_0.5_wt_SmCl3_and_0.5_wt_NdCl3.csv
[Run 1502/560000] ✅ Saved: nist_libs_3.0_wt_CeCl3_and_0.5_wt_SmCl3_and_1.0_wt_NdCl3.csv
[Run 1503/560000] ✅ Saved: nist_libs_3.0_wt_CeCl3_and_0.5_wt_SmCl3_and_1.5_wt_NdCl3.csv
[Run 1504/560000] ✅ Saved: nist_libs_3.0_wt_CeCl3_and_0.5_wt_SmCl3_and_2.0_wt_NdCl3.csv
[Run 1505/560000] ✅ Saved: nist_libs_3.0_wt_CeCl3_and_0.5_wt_SmCl3_and_2.5_wt_NdCl3.csv
[Run 1506/560000] ✅ Saved: nist_libs_3.0_wt_CeCl3_and_0.5_wt_SmCl3_and_3.0_wt_NdCl3.csv
[Run 1507/560000] ✅ Saved: nist_libs_3.0_wt_CeCl3_and_0.5_wt_SmCl3_and_3.5_wt_NdCl3.csv
[Run 1508/560000] ✅ Saved: nist_libs_3.0_wt_CeCl3_and_0.5_wt_SmCl3_and_4.0_wt_NdCl3.csv
[Run 1509/560000] ✅ Saved: nist_libs_3.0_wt_CeCl3_and_0.5_wt_SmCl3_and_4.5_wt_NdCl3.csv
[Run 1510/560000] ✅ Saved: nist_libs_3.0_wt_CeCl3_and_0.5_wt_SmCl3_and_5.0_wt_NdCl3.csv
[Run 1511/560000] ✅ Saved: nist_libs_3.0_wt_CeCl3_and_1.0_wt_SmCl3_and_0.5_wt_NdCl3.csv
[Run 1512/560000] ✅ Saved: nist_libs_3.0_wt_CeCl3_and_1.0_wt_SmCl3_and_1.0_wt_NdCl3.csv
[Run 1514/560000] ✅ Saved: nist_libs_3.0_wt_CeCl3_and_1.0_wt_SmCl3_and_2.0_wt_NdCl3.csv
[Run 1513/560000] ✅ Saved: nist_libs_3.0_wt_CeCl3_and_1.0_wt_SmCl3_and_1.5_wt_NdCl3.csv
[Run 1515/560000] ✅ Saved: nist_libs_3.0_wt_CeCl3_and_1.0_wt_SmCl3_and_2.5_wt_NdCl3.csv
[Run 1516/560000] ✅ Saved: nist_libs_3.0_wt_CeCl3_and_1.0_wt_SmCl3_and_3.0_wt_NdCl3.csv
[Run 1517/560000] ✅ Saved: nist_libs_3.0_wt_CeCl3_and_1.0_wt_SmCl3_and_3.5_wt_NdCl3.csv
[Run 1518/560000] ✅ Saved: nist_libs_3.0_wt_CeCl3_and_1.0_wt_SmCl3_and_4.0_wt_NdCl3.csv
[Run 1519/560000] ✅ Saved: nist_libs_3.0_wt_CeCl3_and_1.0_wt_SmCl3_and_4.5_wt_NdCl3.csv
[Run 1520/560000] ✅ Saved: nist_libs_3.0_wt_CeCl3_and_1.0_wt_SmCl3_and_5.0_wt_NdCl3.csv
[Run 1521/560000] ✅ Saved: nist_libs_3.0_wt_CeCl3_and_1.5_wt_SmCl3_and_0.5_wt_NdCl3.csv
[Run 1522/560000] ✅ Saved: nist_libs_3.0_wt_CeCl3_and_1.5_wt_SmCl3_and_1.0_wt_NdCl3.csv
[Run 1523/560000] ✅ Saved: nist_libs_3.0_wt_CeCl3_and_1.5_wt_SmCl3_and_1.5_wt_NdCl3.csv
[Run 1524/560000] ✅ Saved: nist_libs_3.0_wt_CeCl3_and_1.5_wt_SmCl3_and_2.0_wt_NdCl3.csv
[Run 1525/560000] ✅ Saved: nist_libs_3.0_wt_CeCl3_and_1.5_wt_SmCl3_and_2.5_wt_NdCl3.csv
[Run 1527/560000] ✅ Saved: nist_libs_3.0_wt_CeCl3_and_1.5_wt_SmCl3_and_3.5_wt_NdCl3.csv
[Run 1526/560000] ✅ Saved: nist_libs_3.0_wt_CeCl3_and_1.5_wt_SmCl3_and_3.0_wt_NdCl3.csv
[Run 1528/560000] ✅ Saved: nist_libs_3.0_wt_CeCl3_and_1.5_wt_SmCl3_and_4.0_wt_NdCl3.csv
[Run 1529/560000] ✅ Saved: nist_libs_3.0_wt_CeCl3_and_1.5_wt_SmCl3_and_4.5_wt_NdCl3.csv
[Run 1530/560000] ✅ Saved: nist_libs_3.0_wt_CeCl3_and_1.5_wt_SmCl3_and_5.0_wt_NdCl3.csv
[Run 1531/560000] ✅ Saved: nist_libs_3.0_wt_CeCl3_and_2.0_wt_SmCl3_and_0.5_wt_NdCl3.csv
[Run 1532/560000] ✅ Saved: nist_libs_3.0_wt_CeCl3_and_2.0_wt_SmCl3_and_1.0_wt_NdCl3.csv
[Run 1533/560000] ✅ Saved: nist_libs_3.0_wt_CeCl3_and_2.0_wt_SmCl3_and_1.5_wt_NdCl3.csv
[Run 1535/560000] ✅ Saved: nist_libs_3.0_wt_CeCl3_and_2.0_wt_SmCl3_and_2.5_wt_NdCl3.csv
[Run 1534/560000] ✅ Saved: nist_libs_3.0_wt_CeCl3_and_2.0_wt_SmCl3_and_2.0_wt_NdCl3.csv
[Run 1536/560000] ✅ Saved: nist_libs_3.0_wt_CeCl3_and_2.0_wt_SmCl3_and_3.0_wt_NdCl3.csv
[Run 1537/560000] ✅ Saved: nist_libs_3.0_wt_CeCl3_and_2.0_wt_SmCl3_and_3.5_wt_NdCl3.csv
[Run 1538/560000] ✅ Saved: nist_libs_3.0_wt_CeCl3_and_2.0_wt_SmCl3_and_4.0_wt_NdCl3.csv
[Run 1539/560000] ✅ Saved: nist_libs_3.0_wt_CeCl3_and_2.0_wt_SmCl3_and_4.5_wt_NdCl3.csv
[Run 1540/560000] ✅ Saved: nist_libs_3.0_wt_CeCl3_and_2.0_wt_SmCl3_and_5.0_wt_NdCl3.csv
[Run 1541/560000] ✅ Saved: nist_libs_3.0_wt_CeCl3_and_2.5_wt_SmCl3_and_0.5_wt_NdCl3.csv
[Run 1542/560000] ✅ Saved: nist_libs_3.0_wt_CeCl3_and_2.5_wt_SmCl3_and_1.0_wt_NdCl3.csv
[Run 1543/560000] ✅ Saved: nist_libs_3.0_wt_CeCl3_and_2.5_wt_SmCl3_and_1.5_wt_NdCl3.csv
[Run 1545/560000] ✅ Saved: nist_libs_3.0_wt_CeCl3_and_2.5_wt_SmCl3_and_2.5_wt_NdCl3.csv
[Run 1544/560000] ✅ Saved: nist_libs_3.0_wt_CeCl3_and_2.5_wt_SmCl3_and_2.0_wt_NdCl3.csv
[Run 1546/560000] ✅ Saved: nist_libs_3.0_wt_CeCl3_and_2.5_wt_SmCl3_and_3.0_wt_NdCl3.csv
[Run 1547/560000] ✅ Saved: nist_libs_3.0_wt_CeCl3_and_2.5_wt_SmCl3_and_3.5_wt_NdCl3.csv
[Run 1549/560000] ✅ Saved: nist_libs_3.0_wt_CeCl3_and_2.5_wt_SmCl3_and_4.5_wt_NdCl3.csv
[Run 1548/560000] ✅ Saved: nist_libs_3.0_wt_CeCl3_and_2.5_wt_SmCl3_and_4.0_wt_NdCl3.csv
[Run 1550/560000] ✅ Saved: nist_libs_3.0_wt_CeCl3_and_2.5_wt_SmCl3_and_5.0_wt_NdCl3.csv
[Run 1551/560000] ✅ Saved: nist_libs_3.0_wt_CeCl3_and_3.0_wt_SmCl3_and_0.5_wt_NdCl3.csv
[Run 1552/560000] ✅ Saved: nist_libs_3.0_wt_CeCl3_and_3.0_wt_SmCl3_and_1.0_wt_NdCl3.csv
[Run 1553/560000] ✅ Saved: nist_libs_3.0_wt_CeCl3_and_3.0_wt_SmCl3_and_1.5_wt_NdCl3.csv
[Run 1554/560000] ✅ Saved: nist_libs_3.0_wt_CeCl3_and_3.0_wt_SmCl3_and_2.0_wt_NdCl3.csv
[Run 1556/560000] ✅ Saved: nist_libs_3.0_wt_CeCl3_and_3.0_wt_SmCl3_and_3.0_wt_NdCl3.csv
[Run 1555/560000] ✅ Saved: nist_libs_3.0_wt_CeCl3_and_3.0_wt_SmCl3_and_2.5_wt_NdCl3.csv
[Run 1557/560000] ✅ Saved: nist_libs_3.0_wt_CeCl3_and_3.0_wt_SmCl3_and_3.5_wt_NdCl3.csv
[Run 1558/560000] ✅ Saved: nist_libs_3.0_wt_CeCl3_and_3.0_wt_SmCl3_and_4.0_wt_NdCl3.csv
[Run 1559/560000] ✅ Saved: nist_libs_3.0_wt_CeCl3_and_3.0_wt_SmCl3_and_4.5_wt_NdCl3.csv
[Run 1560/560000] ✅ Saved: nist_libs_3.0_wt_CeCl3_and_3.0_wt_SmCl3_and_5.0_wt_NdCl3.csv
[Run 1562/560000] ✅ Saved: nist_libs_3.0_wt_CeCl3_and_3.5_wt_SmCl3_and_1.0_wt_NdCl3.csv
[Run 1561/560000] ✅ Saved: nist_libs_3.0_wt_CeCl3_and_3.5_wt_SmCl3_and_0.5_wt_NdCl3.csv
[Run 1563/560000] ✅ Saved: nist_libs_3.0_wt_CeCl3_and_3.5_wt_SmCl3_and_1.5_wt_NdCl3.csv
[Run 1564/560000] ✅ Saved: nist_libs_3.0_wt_CeCl3_and_3.5_wt_SmCl3_and_2.0_wt_NdCl3.csv
[Run 1566/560000] ✅ Saved: nist_libs_3.0_wt_CeCl3_and_3.5_wt_SmCl3_and_3.0_wt_NdCl3.csv
[Run 1565/560000] ✅ Saved: nist_libs_3.0_wt_CeCl3_and_3.5_wt_SmCl3_and_2.5_wt_NdCl3.csv
[Run 1567/560000] ✅ Saved: nist_libs_3.0_wt_CeCl3_and_3.5_wt_SmCl3_and_3.5_wt_NdCl3.csv
[Run 1568/560000] ✅ Saved: nist_libs_3.0_wt_CeCl3_and_3.5_wt_SmCl3_and_4.0_wt_NdCl3.csv
[Run 1569/560000] ✅ Saved: nist_libs_3.0_wt_CeCl3_and_3.5_wt_SmCl3_and_4.5_wt_NdCl3.csv
[Run 1570/560000] ✅ Saved: nist_libs_3.0_wt_CeCl3_and_3.5_wt_SmCl3_and_5.0_wt_NdCl3.csv
[Run 1571/560000] ✅ Saved: nist_libs_3.0_wt_CeCl3_and_4.0_wt_SmCl3_and_0.5_wt_NdCl3.csv
[Run 1572/560000] ✅ Saved: nist_libs_3.0_wt_CeCl3_and_4.0_wt_SmCl3_and_1.0_wt_NdCl3.csv
[Run 1573/560000] ✅ Saved: nist_libs_3.0_wt_CeCl3_and_4.0_wt_SmCl3_and_1.5_wt_NdCl3.csv
[Run 1574/560000] ✅ Saved: nist_libs_3.0_wt_CeCl3_and_4.0_wt_SmCl3_and_2.0_wt_NdCl3.csv
[Run 1575/560000] ✅ Saved: nist_libs_3.0_wt_CeCl3_and_4.0_wt_SmCl3_and_2.5_wt_NdCl3.csv
[Run 1576/560000] ✅ Saved: nist_libs_3.0_wt_CeCl3_and_4.0_wt_SmCl3_and_3.0_wt_NdCl3.csv
[Run 1578/560000] ✅ Saved: nist_libs_3.0_wt_CeCl3_and_4.0_wt_SmCl3_and_4.0_wt_NdCl3.csv
[Run 1577/560000] ✅ Saved: nist_libs_3.0_wt_CeCl3_and_4.0_wt_SmCl3_and_3.5_wt_NdCl3.csv
[Run 1580/560000] ✅ Saved: nist_libs_3.0_wt_CeCl3_and_4.0_wt_SmCl3_and_5.0_wt_NdCl3.csv
[Run 1579/560000] ✅ Saved: nist_libs_3.0_wt_CeCl3_and_4.0_wt_SmCl3_and_4.5_wt_NdCl3.csv
[Run 1581/560000] ✅ Saved: nist_libs_3.0_wt_CeCl3_and_4.5_wt_SmCl3_and_0.5_wt_NdCl3.csv
[Run 1582/560000] ✅ Saved: nist_libs_3.0_wt_CeCl3_and_4.5_wt_SmCl3_and_1.0_wt_NdCl3.csv
[Run 1583/560000] ✅ Saved: nist_libs_3.0_wt_CeCl3_and_4.5_wt_SmCl3_and_1.5_wt_NdCl3.csv
[Run 1584/560000] ✅ Saved: nist_libs_3.0_wt_CeCl3_and_4.5_wt_SmCl3_and_2.0_wt_NdCl3.csv
[Run 1585/560000] ✅ Saved: nist_libs_3.0_wt_CeCl3_and_4.5_wt_SmCl3_and_2.5_wt_NdCl3.csv
[Run 1586/560000] ✅ Saved: nist_libs_3.0_wt_CeCl3_and_4.5_wt_SmCl3_and_3.0_wt_NdCl3.csv
[Run 1587/560000] ✅ Saved: nist_libs_3.0_wt_CeCl3_and_4.5_wt_SmCl3_and_3.5_wt_NdCl3.csv
[Run 1588/560000] ✅ Saved: nist_libs_3.0_wt_CeCl3_and_4.5_wt_SmCl3_and_4.0_wt_NdCl3.csv
[Run 1589/560000] ✅ Saved: nist_libs_3.0_wt_CeCl3_and_4.5_wt_SmCl3_and_4.5_wt_NdCl3.csv
[Run 1590/560000] ✅ Saved: nist_libs_3.0_wt_CeCl3_and_4.5_wt_SmCl3_and_5.0_wt_NdCl3.csv
[Run 1591/560000] ✅ Saved: nist_libs_3.0_wt_CeCl3_and_5.0_wt_SmCl3_and_0.5_wt_NdCl3.csv
[Run 1592/560000] ✅ Saved: nist_libs_3.0_wt_CeCl3_and_5.0_wt_SmCl3_and_1.0_wt_NdCl3.csv
[Run 1593/560000] ✅ Saved: nist_libs_3.0_wt_CeCl3_and_5.0_wt_SmCl3_and_1.5_wt_NdCl3.csv
[Run 1594/560000] ✅ Saved: nist_libs_3.0_wt_CeCl3_and_5.0_wt_SmCl3_and_2.0_wt_NdCl3.csv
[Run 1595/560000] ✅ Saved: nist_libs_3.0_wt_CeCl3_and_5.0_wt_SmCl3_and_2.5_wt_NdCl3.csv
[Run 1596/560000] ✅ Saved: nist_libs_3.0_wt_CeCl3_and_5.0_wt_SmCl3_and_3.0_wt_NdCl3.csv
[Run 1597/560000] ✅ Saved: nist_libs_3.0_wt_CeCl3_and_5.0_wt_SmCl3_and_3.5_wt_NdCl3.csv
[Run 1598/560000] ✅ Saved: nist_libs_3.0_wt_CeCl3_and_5.0_wt_SmCl3_and_4.0_wt_NdCl3.csv
[Run 1599/560000] ✅ Saved: nist_libs_3.0_wt_CeCl3_and_5.0_wt_SmCl3_and_4.5_wt_NdCl3.csv
[Run 1600/560000] ✅ Saved: nist_libs_3.0_wt_CeCl3_and_5.0_wt_SmCl3_and_5.0_wt_NdCl3.csv
[Run 1601/560000] ✅ Saved: nist_libs_3.5_wt_CeCl3_and_0.5_wt_SmCl3_and_0.5_wt_NdCl3.csv
[Run 1602/560000] ✅ Saved: nist_libs_3.5_wt_CeCl3_and_0.5_wt_SmCl3_and_1.0_wt_NdCl3.csv
[Run 1603/560000] ✅ Saved: nist_libs_3.5_wt_CeCl3_and_0.5_wt_SmCl3_and_1.5_wt_NdCl3.csv
[Run 1604/560000] ✅ Saved: nist_libs_3.5_wt_CeCl3_and_0.5_wt_SmCl3_and_2.0_wt_NdCl3.csv
[Run 1605/560000] ✅ Saved: nist_libs_3.5_wt_CeCl3_and_0.5_wt_SmCl3_and_2.5_wt_NdCl3.csv
[Run 1606/560000] ✅ Saved: nist_libs_3.5_wt_CeCl3_and_0.5_wt_SmCl3_and_3.0_wt_NdCl3.csv
[Run 1607/560000] ✅ Saved: nist_libs_3.5_wt_CeCl3_and_0.5_wt_SmCl3_and_3.5_wt_NdCl3.csv
[Run 1608/560000] ✅ Saved: nist_libs_3.5_wt_CeCl3_and_0.5_wt_SmCl3_and_4.0_wt_NdCl3.csv
[Run 1609/560000] ✅ Saved: nist_libs_3.5_wt_CeCl3_and_0.5_wt_SmCl3_and_4.5_wt_NdCl3.csv
[Run 1610/560000] ✅ Saved: nist_libs_3.5_wt_CeCl3_and_0.5_wt_SmCl3_and_5.0_wt_NdCl3.csv
[Run 1611/560000] ✅ Saved: nist_libs_3.5_wt_CeCl3_and_1.0_wt_SmCl3_and_0.5_wt_NdCl3.csv
[Run 1612/560000] ✅ Saved: nist_libs_3.5_wt_CeCl3_and_1.0_wt_SmCl3_and_1.0_wt_NdCl3.csv
[Run 1613/560000] ✅ Saved: nist_libs_3.5_wt_CeCl3_and_1.0_wt_SmCl3_and_1.5_wt_NdCl3.csv
[Run 1614/560000] ✅ Saved: nist_libs_3.5_wt_CeCl3_and_1.0_wt_SmCl3_and_2.0_wt_NdCl3.csv
[Run 1615/560000] ✅ Saved: nist_libs_3.5_wt_CeCl3_and_1.0_wt_SmCl3_and_2.5_wt_NdCl3.csv
[Run 1616/560000] ✅ Saved: nist_libs_3.5_wt_CeCl3_and_1.0_wt_SmCl3_and_3.0_wt_NdCl3.csv
[Run 1617/560000] ✅ Saved: nist_libs_3.5_wt_CeCl3_and_1.0_wt_SmCl3_and_3.5_wt_NdCl3.csv
[Run 1618/560000] ✅ Saved: nist_libs_3.5_wt_CeCl3_and_1.0_wt_SmCl3_and_4.0_wt_NdCl3.csv
[Run 1619/560000] ✅ Saved: nist_libs_3.5_wt_CeCl3_and_1.0_wt_SmCl3_and_4.5_wt_NdCl3.csv
[Run 1620/560000] ✅ Saved: nist_libs_3.5_wt_CeCl3_and_1.0_wt_SmCl3_and_5.0_wt_NdCl3.csv
[Run 1621/560000] ✅ Saved: nist_libs_3.5_wt_CeCl3_and_1.5_wt_SmCl3_and_0.5_wt_NdCl3.csv
[Run 1623/560000] ✅ Saved: nist_libs_3.5_wt_CeCl3_and_1.5_wt_SmCl3_and_1.5_wt_NdCl3.csv
[Run 1622/560000] ✅ Saved: nist_libs_3.5_wt_CeCl3_and_1.5_wt_SmCl3_and_1.0_wt_NdCl3.csv
[Run 1624/560000] ✅ Saved: nist_libs_3.5_wt_CeCl3_and_1.5_wt_SmCl3_and_2.0_wt_NdCl3.csv
[Run 1625/560000] ✅ Saved: nist_libs_3.5_wt_CeCl3_and_1.5_wt_SmCl3_and_2.5_wt_NdCl3.csv
[Run 1627/560000] ✅ Saved: nist_libs_3.5_wt_CeCl3_and_1.5_wt_SmCl3_and_3.5_wt_NdCl3.csv
[Run 1626/560000] ✅ Saved: nist_libs_3.5_wt_CeCl3_and_1.5_wt_SmCl3_and_3.0_wt_NdCl3.csv
[Run 1628/560000] ✅ Saved: nist_libs_3.5_wt_CeCl3_and_1.5_wt_SmCl3_and_4.0_wt_NdCl3.csv
[Run 1629/560000] ✅ Saved: nist_libs_3.5_wt_CeCl3_and_1.5_wt_SmCl3_and_4.5_wt_NdCl3.csv
[Run 1630/560000] ✅ Saved: nist_libs_3.5_wt_CeCl3_and_1.5_wt_SmCl3_and_5.0_wt_NdCl3.csv
[Run 1631/560000] ✅ Saved: nist_libs_3.5_wt_CeCl3_and_2.0_wt_SmCl3_and_0.5_wt_NdCl3.csv
[Run 1632/560000] ✅ Saved: nist_libs_3.5_wt_CeCl3_and_2.0_wt_SmCl3_and_1.0_wt_NdCl3.csv
[Run 1633/560000] ✅ Saved: nist_libs_3.5_wt_CeCl3_and_2.0_wt_SmCl3_and_1.5_wt_NdCl3.csv
[Run 1634/560000] ✅ Saved: nist_libs_3.5_wt_CeCl3_and_2.0_wt_SmCl3_and_2.0_wt_NdCl3.csv
[Run 1635/560000] ✅ Saved: nist_libs_3.5_wt_CeCl3_and_2.0_wt_SmCl3_and_2.5_wt_NdCl3.csv
[Run 1636/560000] ✅ Saved: nist_libs_3.5_wt_CeCl3_and_2.0_wt_SmCl3_and_3.0_wt_NdCl3.csv
[Run 1637/560000] ✅ Saved: nist_libs_3.5_wt_CeCl3_and_2.0_wt_SmCl3_and_3.5_wt_NdCl3.csv
[Run 1638/560000] ✅ Saved: nist_libs_3.5_wt_CeCl3_and_2.0_wt_SmCl3_and_4.0_wt_NdCl3.csv
[Run 1639/560000] ✅ Saved: nist_libs_3.5_wt_CeCl3_and_2.0_wt_SmCl3_and_4.5_wt_NdCl3.csv
[Run 1640/560000] ✅ Saved: nist_libs_3.5_wt_CeCl3_and_2.0_wt_SmCl3_and_5.0_wt_NdCl3.csv
[Run 1641/560000] ✅ Saved: nist_libs_3.5_wt_CeCl3_and_2.5_wt_SmCl3_and_0.5_wt_NdCl3.csv
[Run 1642/560000] ✅ Saved: nist_libs_3.5_wt_CeCl3_and_2.5_wt_SmCl3_and_1.0_wt_NdCl3.csv
[Run 1643/560000] ✅ Saved: nist_libs_3.5_wt_CeCl3_and_2.5_wt_SmCl3_and_1.5_wt_NdCl3.csv
[Run 1644/560000] ✅ Saved: nist_libs_3.5_wt_CeCl3_and_2.5_wt_SmCl3_and_2.0_wt_NdCl3.csv
[Run 1645/560000] ✅ Saved: nist_libs_3.5_wt_CeCl3_and_2.5_wt_SmCl3_and_2.5_wt_NdCl3.csv
[Run 1646/560000] ✅ Saved: nist_libs_3.5_wt_CeCl3_and_2.5_wt_SmCl3_and_3.0_wt_NdCl3.csv
[Run 1647/560000] ✅ Saved: nist_libs_3.5_wt_CeCl3_and_2.5_wt_SmCl3_and_3.5_wt_NdCl3.csv
[Run 1648/560000] ✅ Saved: nist_libs_3.5_wt_CeCl3_and_2.5_wt_SmCl3_and_4.0_wt_NdCl3.csv
[Run 1649/560000] ✅ Saved: nist_libs_3.5_wt_CeCl3_and_2.5_wt_SmCl3_and_4.5_wt_NdCl3.csv
[Run 1650/560000] ✅ Saved: nist_libs_3.5_wt_CeCl3_and_2.5_wt_SmCl3_and_5.0_wt_NdCl3.csv
[Run 1651/560000] ✅ Saved: nist_libs_3.5_wt_CeCl3_and_3.0_wt_SmCl3_and_0.5_wt_NdCl3.csv
[Run 1652/560000] ✅ Saved: nist_libs_3.5_wt_CeCl3_and_3.0_wt_SmCl3_and_1.0_wt_NdCl3.csv
[Run 1654/560000] ✅ Saved: nist_libs_3.5_wt_CeCl3_and_3.0_wt_SmCl3_and_2.0_wt_NdCl3.csv
[Run 1653/560000] ✅ Saved: nist_libs_3.5_wt_CeCl3_and_3.0_wt_SmCl3_and_1.5_wt_NdCl3.csv
[Run 1655/560000] ✅ Saved: nist_libs_3.5_wt_CeCl3_and_3.0_wt_SmCl3_and_2.5_wt_NdCl3.csv
[Run 1658/560000] ✅ Saved: nist_libs_3.5_wt_CeCl3_and_3.0_wt_SmCl3_and_4.0_wt_NdCl3.csv
[Run 1656/560000] ✅ Saved: nist_libs_3.5_wt_CeCl3_and_3.0_wt_SmCl3_and_3.0_wt_NdCl3.csv
[Run 1657/560000] ✅ Saved: nist_libs_3.5_wt_CeCl3_and_3.0_wt_SmCl3_and_3.5_wt_NdCl3.csv
[Run 1659/560000] ✅ Saved: nist_libs_3.5_wt_CeCl3_and_3.0_wt_SmCl3_and_4.5_wt_NdCl3.csv
[Run 1660/560000] ✅ Saved: nist_libs_3.5_wt_CeCl3_and_3.0_wt_SmCl3_and_5.0_wt_NdCl3.csv
[Run 1661/560000] ✅ Saved: nist_libs_3.5_wt_CeCl3_and_3.5_wt_SmCl3_and_0.5_wt_NdCl3.csv
[Run 1662/560000] ✅ Saved: nist_libs_3.5_wt_CeCl3_and_3.5_wt_SmCl3_and_1.0_wt_NdCl3.csv
[Run 1663/560000] ✅ Saved: nist_libs_3.5_wt_CeCl3_and_3.5_wt_SmCl3_and_1.5_wt_NdCl3.csv
[Run 1664/560000] ✅ Saved: nist_libs_3.5_wt_CeCl3_and_3.5_wt_SmCl3_and_2.0_wt_NdCl3.csv
[Run 1665/560000] ✅ Saved: nist_libs_3.5_wt_CeCl3_and_3.5_wt_SmCl3_and_2.5_wt_NdCl3.csv
[Run 1666/560000] ✅ Saved: nist_libs_3.5_wt_CeCl3_and_3.5_wt_SmCl3_and_3.0_wt_NdCl3.csv
[Run 1667/560000] ✅ Saved: nist_libs_3.5_wt_CeCl3_and_3.5_wt_SmCl3_and_3.5_wt_NdCl3.csv
[Run 1669/560000] ✅ Saved: nist_libs_3.5_wt_CeCl3_and_3.5_wt_SmCl3_and_4.5_wt_NdCl3.csv
[Run 1670/560000] ✅ Saved: nist_libs_3.5_wt_CeCl3_and_3.5_wt_SmCl3_and_5.0_wt_NdCl3.csv
[Run 1668/560000] ✅ Saved: nist_libs_3.5_wt_CeCl3_and_3.5_wt_SmCl3_and_4.0_wt_NdCl3.csv
[Run 1671/560000] ✅ Saved: nist_libs_3.5_wt_CeCl3_and_4.0_wt_SmCl3_and_0.5_wt_NdCl3.csv
[Run 1674/560000] ✅ Saved: nist_libs_3.5_wt_CeCl3_and_4.0_wt_SmCl3_and_2.0_wt_NdCl3.csv
[Run 1672/560000] ✅ Saved: nist_libs_3.5_wt_CeCl3_and_4.0_wt_SmCl3_and_1.0_wt_NdCl3.csv
[Run 1673/560000] ✅ Saved: nist_libs_3.5_wt_CeCl3_and_4.0_wt_SmCl3_and_1.5_wt_NdCl3.csv
[Run 1675/560000] ✅ Saved: nist_libs_3.5_wt_CeCl3_and_4.0_wt_SmCl3_and_2.5_wt_NdCl3.csv
[Run 1676/560000] ✅ Saved: nist_libs_3.5_wt_CeCl3_and_4.0_wt_SmCl3_and_3.0_wt_NdCl3.csv
[Run 1678/560000] ✅ Saved: nist_libs_3.5_wt_CeCl3_and_4.0_wt_SmCl3_and_4.0_wt_NdCl3.csv
[Run 1677/560000] ✅ Saved: nist_libs_3.5_wt_CeCl3_and_4.0_wt_SmCl3_and_3.5_wt_NdCl3.csv
[Run 1679/560000] ✅ Saved: nist_libs_3.5_wt_CeCl3_and_4.0_wt_SmCl3_and_4.5_wt_NdCl3.csv
[Run 1680/560000] ✅ Saved: nist_libs_3.5_wt_CeCl3_and_4.0_wt_SmCl3_and_5.0_wt_NdCl3.csv
[Run 1681/560000] ✅ Saved: nist_libs_3.5_wt_CeCl3_and_4.5_wt_SmCl3_and_0.5_wt_NdCl3.csv
[Run 1682/560000] ✅ Saved: nist_libs_3.5_wt_CeCl3_and_4.5_wt_SmCl3_and_1.0_wt_NdCl3.csv
[Run 1684/560000] ✅ Saved: nist_libs_3.5_wt_CeCl3_and_4.5_wt_SmCl3_and_2.0_wt_NdCl3.csv
[Run 1683/560000] ✅ Saved: nist_libs_3.5_wt_CeCl3_and_4.5_wt_SmCl3_and_1.5_wt_NdCl3.csv
[Run 1685/560000] ✅ Saved: nist_libs_3.5_wt_CeCl3_and_4.5_wt_SmCl3_and_2.5_wt_NdCl3.csv
[Run 1686/560000] ✅ Saved: nist_libs_3.5_wt_CeCl3_and_4.5_wt_SmCl3_and_3.0_wt_NdCl3.csv
[Run 1687/560000] ✅ Saved: nist_libs_3.5_wt_CeCl3_and_4.5_wt_SmCl3_and_3.5_wt_NdCl3.csv
[Run 1688/560000] ✅ Saved: nist_libs_3.5_wt_CeCl3_and_4.5_wt_SmCl3_and_4.0_wt_NdCl3.csv
[Run 1689/560000] ✅ Saved: nist_libs_3.5_wt_CeCl3_and_4.5_wt_SmCl3_and_4.5_wt_NdCl3.csv
[Run 1690/560000] ✅ Saved: nist_libs_3.5_wt_CeCl3_and_4.5_wt_SmCl3_and_5.0_wt_NdCl3.csv
[Run 1691/560000] ✅ Saved: nist_libs_3.5_wt_CeCl3_and_5.0_wt_SmCl3_and_0.5_wt_NdCl3.csv
[Run 1692/560000] ✅ Saved: nist_libs_3.5_wt_CeCl3_and_5.0_wt_SmCl3_and_1.0_wt_NdCl3.csv
[Run 1693/560000] ✅ Saved: nist_libs_3.5_wt_CeCl3_and_5.0_wt_SmCl3_and_1.5_wt_NdCl3.csv
[Run 1694/560000] ✅ Saved: nist_libs_3.5_wt_CeCl3_and_5.0_wt_SmCl3_and_2.0_wt_NdCl3.csv
[Run 1695/560000] ✅ Saved: nist_libs_3.5_wt_CeCl3_and_5.0_wt_SmCl3_and_2.5_wt_NdCl3.csv
[Run 1696/560000] ✅ Saved: nist_libs_3.5_wt_CeCl3_and_5.0_wt_SmCl3_and_3.0_wt_NdCl3.csv
[Run 1697/560000] ✅ Saved: nist_libs_3.5_wt_CeCl3_and_5.0_wt_SmCl3_and_3.5_wt_NdCl3.csv
[Run 1698/560000] ✅ Saved: nist_libs_3.5_wt_CeCl3_and_5.0_wt_SmCl3_and_4.0_wt_NdCl3.csv
[Run 1699/560000] ✅ Saved: nist_libs_3.5_wt_CeCl3_and_5.0_wt_SmCl3_and_4.5_wt_NdCl3.csv
[Run 1700/560000] ✅ Saved: nist_libs_3.5_wt_CeCl3_and_5.0_wt_SmCl3_and_5.0_wt_NdCl3.csv
[Run 1701/560000] ✅ Saved: nist_libs_4.0_wt_CeCl3_and_0.5_wt_SmCl3_and_0.5_wt_NdCl3.csv
[Run 1702/560000] ✅ Saved: nist_libs_4.0_wt_CeCl3_and_0.5_wt_SmCl3_and_1.0_wt_NdCl3.csv
[Run 1703/560000] ✅ Saved: nist_libs_4.0_wt_CeCl3_and_0.5_wt_SmCl3_and_1.5_wt_NdCl3.csv
[Run 1704/560000] ✅ Saved: nist_libs_4.0_wt_CeCl3_and_0.5_wt_SmCl3_and_2.0_wt_NdCl3.csv
[Run 1705/560000] ✅ Saved: nist_libs_4.0_wt_CeCl3_and_0.5_wt_SmCl3_and_2.5_wt_NdCl3.csv
[Run 1706/560000] ✅ Saved: nist_libs_4.0_wt_CeCl3_and_0.5_wt_SmCl3_and_3.0_wt_NdCl3.csv
[Run 1707/560000] ✅ Saved: nist_libs_4.0_wt_CeCl3_and_0.5_wt_SmCl3_and_3.5_wt_NdCl3.csv
[Run 1708/560000] ✅ Saved: nist_libs_4.0_wt_CeCl3_and_0.5_wt_SmCl3_and_4.0_wt_NdCl3.csv
[Run 1709/560000] ✅ Saved: nist_libs_4.0_wt_CeCl3_and_0.5_wt_SmCl3_and_4.5_wt_NdCl3.csv
[Run 1710/560000] ✅ Saved: nist_libs_4.0_wt_CeCl3_and_0.5_wt_SmCl3_and_5.0_wt_NdCl3.csv
[Run 1711/560000] ✅ Saved: nist_libs_4.0_wt_CeCl3_and_1.0_wt_SmCl3_and_0.5_wt_NdCl3.csv
[Run 1712/560000] ✅ Saved: nist_libs_4.0_wt_CeCl3_and_1.0_wt_SmCl3_and_1.0_wt_NdCl3.csv
[Run 1713/560000] ✅ Saved: nist_libs_4.0_wt_CeCl3_and_1.0_wt_SmCl3_and_1.5_wt_NdCl3.csv
[Run 1714/560000] ✅ Saved: nist_libs_4.0_wt_CeCl3_and_1.0_wt_SmCl3_and_2.0_wt_NdCl3.csv
[Run 1715/560000] ✅ Saved: nist_libs_4.0_wt_CeCl3_and_1.0_wt_SmCl3_and_2.5_wt_NdCl3.csv
[Run 1716/560000] ✅ Saved: nist_libs_4.0_wt_CeCl3_and_1.0_wt_SmCl3_and_3.0_wt_NdCl3.csv
[Run 1718/560000] ✅ Saved: nist_libs_4.0_wt_CeCl3_and_1.0_wt_SmCl3_and_4.0_wt_NdCl3.csv
[Run 1717/560000] ✅ Saved: nist_libs_4.0_wt_CeCl3_and_1.0_wt_SmCl3_and_3.5_wt_NdCl3.csv
[Run 1719/560000] ✅ Saved: nist_libs_4.0_wt_CeCl3_and_1.0_wt_SmCl3_and_4.5_wt_NdCl3.csv
[Run 1720/560000] ✅ Saved: nist_libs_4.0_wt_CeCl3_and_1.0_wt_SmCl3_and_5.0_wt_NdCl3.csv
[Run 1722/560000] ✅ Saved: nist_libs_4.0_wt_CeCl3_and_1.5_wt_SmCl3_and_1.0_wt_NdCl3.csv
[Run 1721/560000] ✅ Saved: nist_libs_4.0_wt_CeCl3_and_1.5_wt_SmCl3_and_0.5_wt_NdCl3.csv
[Run 1724/560000] ✅ Saved: nist_libs_4.0_wt_CeCl3_and_1.5_wt_SmCl3_and_2.0_wt_NdCl3.csv
[Run 1723/560000] ✅ Saved: nist_libs_4.0_wt_CeCl3_and_1.5_wt_SmCl3_and_1.5_wt_NdCl3.csv
[Run 1725/560000] ✅ Saved: nist_libs_4.0_wt_CeCl3_and_1.5_wt_SmCl3_and_2.5_wt_NdCl3.csv
[Run 1726/560000] ✅ Saved: nist_libs_4.0_wt_CeCl3_and_1.5_wt_SmCl3_and_3.0_wt_NdCl3.csv
[Run 1727/560000] ✅ Saved: nist_libs_4.0_wt_CeCl3_and_1.5_wt_SmCl3_and_3.5_wt_NdCl3.csv
[Run 1728/560000] ✅ Saved: nist_libs_4.0_wt_CeCl3_and_1.5_wt_SmCl3_and_4.0_wt_NdCl3.csv
[Run 1730/560000] ✅ Saved: nist_libs_4.0_wt_CeCl3_and_1.5_wt_SmCl3_and_5.0_wt_NdCl3.csv
[Run 1729/560000] ✅ Saved: nist_libs_4.0_wt_CeCl3_and_1.5_wt_SmCl3_and_4.5_wt_NdCl3.csv
[Run 1731/560000] ✅ Saved: nist_libs_4.0_wt_CeCl3_and_2.0_wt_SmCl3_and_0.5_wt_NdCl3.csv
[Run 1732/560000] ✅ Saved: nist_libs_4.0_wt_CeCl3_and_2.0_wt_SmCl3_and_1.0_wt_NdCl3.csv
[Run 1734/560000] ✅ Saved: nist_libs_4.0_wt_CeCl3_and_2.0_wt_SmCl3_and_2.0_wt_NdCl3.csv
[Run 1733/560000] ✅ Saved: nist_libs_4.0_wt_CeCl3_and_2.0_wt_SmCl3_and_1.5_wt_NdCl3.csv
[Run 1735/560000] ✅ Saved: nist_libs_4.0_wt_CeCl3_and_2.0_wt_SmCl3_and_2.5_wt_NdCl3.csv
[Run 1736/560000] ✅ Saved: nist_libs_4.0_wt_CeCl3_and_2.0_wt_SmCl3_and_3.0_wt_NdCl3.csv
[Run 1737/560000] ✅ Saved: nist_libs_4.0_wt_CeCl3_and_2.0_wt_SmCl3_and_3.5_wt_NdCl3.csv
[Run 1738/560000] ✅ Saved: nist_libs_4.0_wt_CeCl3_and_2.0_wt_SmCl3_and_4.0_wt_NdCl3.csv
[Run 1739/560000] ✅ Saved: nist_libs_4.0_wt_CeCl3_and_2.0_wt_SmCl3_and_4.5_wt_NdCl3.csv
[Run 1740/560000] ✅ Saved: nist_libs_4.0_wt_CeCl3_and_2.0_wt_SmCl3_and_5.0_wt_NdCl3.csv
[Run 1741/560000] ✅ Saved: nist_libs_4.0_wt_CeCl3_and_2.5_wt_SmCl3_and_0.5_wt_NdCl3.csv
[Run 1744/560000] ✅ Saved: nist_libs_4.0_wt_CeCl3_and_2.5_wt_SmCl3_and_2.0_wt_NdCl3.csv
[Run 1743/560000] ✅ Saved: nist_libs_4.0_wt_CeCl3_and_2.5_wt_SmCl3_and_1.5_wt_NdCl3.csv
[Run 1742/560000] ✅ Saved: nist_libs_4.0_wt_CeCl3_and_2.5_wt_SmCl3_and_1.0_wt_NdCl3.csv
[Run 1746/560000] ✅ Saved: nist_libs_4.0_wt_CeCl3_and_2.5_wt_SmCl3_and_3.0_wt_NdCl3.csv
[Run 1745/560000] ✅ Saved: nist_libs_4.0_wt_CeCl3_and_2.5_wt_SmCl3_and_2.5_wt_NdCl3.csv
[Run 1747/560000] ✅ Saved: nist_libs_4.0_wt_CeCl3_and_2.5_wt_SmCl3_and_3.5_wt_NdCl3.csv
[Run 1748/560000] ✅ Saved: nist_libs_4.0_wt_CeCl3_and_2.5_wt_SmCl3_and_4.0_wt_NdCl3.csv
[Run 1749/560000] ✅ Saved: nist_libs_4.0_wt_CeCl3_and_2.5_wt_SmCl3_and_4.5_wt_NdCl3.csv
[Run 1750/560000] ✅ Saved: nist_libs_4.0_wt_CeCl3_and_2.5_wt_SmCl3_and_5.0_wt_NdCl3.csv
[Run 1752/560000] ✅ Saved: nist_libs_4.0_wt_CeCl3_and_3.0_wt_SmCl3_and_1.0_wt_NdCl3.csv
[Run 1751/560000] ✅ Saved: nist_libs_4.0_wt_CeCl3_and_3.0_wt_SmCl3_and_0.5_wt_NdCl3.csv
[Run 1753/560000] ✅ Saved: nist_libs_4.0_wt_CeCl3_and_3.0_wt_SmCl3_and_1.5_wt_NdCl3.csv
[Run 1754/560000] ✅ Saved: nist_libs_4.0_wt_CeCl3_and_3.0_wt_SmCl3_and_2.0_wt_NdCl3.csv
[Run 1756/560000] ✅ Saved: nist_libs_4.0_wt_CeCl3_and_3.0_wt_SmCl3_and_3.0_wt_NdCl3.csv
[Run 1755/560000] ✅ Saved: nist_libs_4.0_wt_CeCl3_and_3.0_wt_SmCl3_and_2.5_wt_NdCl3.csv
[Run 1757/560000] ✅ Saved: nist_libs_4.0_wt_CeCl3_and_3.0_wt_SmCl3_and_3.5_wt_NdCl3.csv
[Run 1758/560000] ✅ Saved: nist_libs_4.0_wt_CeCl3_and_3.0_wt_SmCl3_and_4.0_wt_NdCl3.csv
[Run 1759/560000] ✅ Saved: nist_libs_4.0_wt_CeCl3_and_3.0_wt_SmCl3_and_4.5_wt_NdCl3.csv
[Run 1760/560000] ✅ Saved: nist_libs_4.0_wt_CeCl3_and_3.0_wt_SmCl3_and_5.0_wt_NdCl3.csv
[Run 1761/560000] ✅ Saved: nist_libs_4.0_wt_CeCl3_and_3.5_wt_SmCl3_and_0.5_wt_NdCl3.csv
[Run 1763/560000] ✅ Saved: nist_libs_4.0_wt_CeCl3_and_3.5_wt_SmCl3_and_1.5_wt_NdCl3.csv
[Run 1762/560000] ✅ Saved: nist_libs_4.0_wt_CeCl3_and_3.5_wt_SmCl3_and_1.0_wt_NdCl3.csv
[Run 1764/560000] ✅ Saved: nist_libs_4.0_wt_CeCl3_and_3.5_wt_SmCl3_and_2.0_wt_NdCl3.csv
[Run 1765/560000] ✅ Saved: nist_libs_4.0_wt_CeCl3_and_3.5_wt_SmCl3_and_2.5_wt_NdCl3.csv
[Run 1766/560000] ✅ Saved: nist_libs_4.0_wt_CeCl3_and_3.5_wt_SmCl3_and_3.0_wt_NdCl3.csv
[Run 1768/560000] ✅ Saved: nist_libs_4.0_wt_CeCl3_and_3.5_wt_SmCl3_and_4.0_wt_NdCl3.csv
[Run 1767/560000] ✅ Saved: nist_libs_4.0_wt_CeCl3_and_3.5_wt_SmCl3_and_3.5_wt_NdCl3.csv
[Run 1769/560000] ✅ Saved: nist_libs_4.0_wt_CeCl3_and_3.5_wt_SmCl3_and_4.5_wt_NdCl3.csv
[Run 1770/560000] ✅ Saved: nist_libs_4.0_wt_CeCl3_and_3.5_wt_SmCl3_and_5.0_wt_NdCl3.csv
[Run 1772/560000] ✅ Saved: nist_libs_4.0_wt_CeCl3_and_4.0_wt_SmCl3_and_1.0_wt_NdCl3.csv
[Run 1771/560000] ✅ Saved: nist_libs_4.0_wt_CeCl3_and_4.0_wt_SmCl3_and_0.5_wt_NdCl3.csv
[Run 1773/560000] ✅ Saved: nist_libs_4.0_wt_CeCl3_and_4.0_wt_SmCl3_and_1.5_wt_NdCl3.csv
[Run 1774/560000] ✅ Saved: nist_libs_4.0_wt_CeCl3_and_4.0_wt_SmCl3_and_2.0_wt_NdCl3.csv
[Run 1775/560000] ✅ Saved: nist_libs_4.0_wt_CeCl3_and_4.0_wt_SmCl3_and_2.5_wt_NdCl3.csv
[Run 1776/560000] ✅ Saved: nist_libs_4.0_wt_CeCl3_and_4.0_wt_SmCl3_and_3.0_wt_NdCl3.csv
[Run 1777/560000] ✅ Saved: nist_libs_4.0_wt_CeCl3_and_4.0_wt_SmCl3_and_3.5_wt_NdCl3.csv
[Run 1778/560000] ✅ Saved: nist_libs_4.0_wt_CeCl3_and_4.0_wt_SmCl3_and_4.0_wt_NdCl3.csv
[Run 1779/560000] ✅ Saved: nist_libs_4.0_wt_CeCl3_and_4.0_wt_SmCl3_and_4.5_wt_NdCl3.csv
[Run 1781/560000] ✅ Saved: nist_libs_4.0_wt_CeCl3_and_4.5_wt_SmCl3_and_0.5_wt_NdCl3.csv
[Run 1780/560000] ✅ Saved: nist_libs_4.0_wt_CeCl3_and_4.0_wt_SmCl3_and_5.0_wt_NdCl3.csv
[Run 1782/560000] ✅ Saved: nist_libs_4.0_wt_CeCl3_and_4.5_wt_SmCl3_and_1.0_wt_NdCl3.csv
[Run 1783/560000] ✅ Saved: nist_libs_4.0_wt_CeCl3_and_4.5_wt_SmCl3_and_1.5_wt_NdCl3.csv
[Run 1784/560000] ✅ Saved: nist_libs_4.0_wt_CeCl3_and_4.5_wt_SmCl3_and_2.0_wt_NdCl3.csv
[Run 1785/560000] ✅ Saved: nist_libs_4.0_wt_CeCl3_and_4.5_wt_SmCl3_and_2.5_wt_NdCl3.csv
[Run 1786/560000] ✅ Saved: nist_libs_4.0_wt_CeCl3_and_4.5_wt_SmCl3_and_3.0_wt_NdCl3.csv
[Run 1787/560000] ✅ Saved: nist_libs_4.0_wt_CeCl3_and_4.5_wt_SmCl3_and_3.5_wt_NdCl3.csv
[Run 1789/560000] ✅ Saved: nist_libs_4.0_wt_CeCl3_and_4.5_wt_SmCl3_and_4.5_wt_NdCl3.csv
[Run 1788/560000] ✅ Saved: nist_libs_4.0_wt_CeCl3_and_4.5_wt_SmCl3_and_4.0_wt_NdCl3.csv
[Run 1790/560000] ✅ Saved: nist_libs_4.0_wt_CeCl3_and_4.5_wt_SmCl3_and_5.0_wt_NdCl3.csv
[Run 1791/560000] ✅ Saved: nist_libs_4.0_wt_CeCl3_and_5.0_wt_SmCl3_and_0.5_wt_NdCl3.csv
[Run 1792/560000] ✅ Saved: nist_libs_4.0_wt_CeCl3_and_5.0_wt_SmCl3_and_1.0_wt_NdCl3.csv
[Run 1793/560000] ✅ Saved: nist_libs_4.0_wt_CeCl3_and_5.0_wt_SmCl3_and_1.5_wt_NdCl3.csv
[Run 1795/560000] ✅ Saved: nist_libs_4.0_wt_CeCl3_and_5.0_wt_SmCl3_and_2.5_wt_NdCl3.csv
[Run 1794/560000] ✅ Saved: nist_libs_4.0_wt_CeCl3_and_5.0_wt_SmCl3_and_2.0_wt_NdCl3.csv
[Run 1796/560000] ✅ Saved: nist_libs_4.0_wt_CeCl3_and_5.0_wt_SmCl3_and_3.0_wt_NdCl3.csv
[Run 1798/560000] ✅ Saved: nist_libs_4.0_wt_CeCl3_and_5.0_wt_SmCl3_and_4.0_wt_NdCl3.csv
[Run 1797/560000] ✅ Saved: nist_libs_4.0_wt_CeCl3_and_5.0_wt_SmCl3_and_3.5_wt_NdCl3.csv
[Run 1799/560000] ✅ Saved: nist_libs_4.0_wt_CeCl3_and_5.0_wt_SmCl3_and_4.5_wt_NdCl3.csv
[Run 1800/560000] ✅ Saved: nist_libs_4.0_wt_CeCl3_and_5.0_wt_SmCl3_and_5.0_wt_NdCl3.csv
[Run 1801/560000] ✅ Saved: nist_libs_4.5_wt_CeCl3_and_0.5_wt_SmCl3_and_0.5_wt_NdCl3.csv
[Run 1802/560000] ✅ Saved: nist_libs_4.5_wt_CeCl3_and_0.5_wt_SmCl3_and_1.0_wt_NdCl3.csv
[Run 1803/560000] ✅ Saved: nist_libs_4.5_wt_CeCl3_and_0.5_wt_SmCl3_and_1.5_wt_NdCl3.csv
[Run 1804/560000] ✅ Saved: nist_libs_4.5_wt_CeCl3_and_0.5_wt_SmCl3_and_2.0_wt_NdCl3.csv
[Run 1805/560000] ✅ Saved: nist_libs_4.5_wt_CeCl3_and_0.5_wt_SmCl3_and_2.5_wt_NdCl3.csv
[Run 1807/560000] ✅ Saved: nist_libs_4.5_wt_CeCl3_and_0.5_wt_SmCl3_and_3.5_wt_NdCl3.csv
[Run 1806/560000] ✅ Saved: nist_libs_4.5_wt_CeCl3_and_0.5_wt_SmCl3_and_3.0_wt_NdCl3.csv
[Run 1808/560000] ✅ Saved: nist_libs_4.5_wt_CeCl3_and_0.5_wt_SmCl3_and_4.0_wt_NdCl3.csv
[Run 1809/560000] ✅ Saved: nist_libs_4.5_wt_CeCl3_and_0.5_wt_SmCl3_and_4.5_wt_NdCl3.csv
[Run 1810/560000] ✅ Saved: nist_libs_4.5_wt_CeCl3_and_0.5_wt_SmCl3_and_5.0_wt_NdCl3.csv
[Run 1811/560000] ✅ Saved: nist_libs_4.5_wt_CeCl3_and_1.0_wt_SmCl3_and_0.5_wt_NdCl3.csv
[Run 1812/560000] ✅ Saved: nist_libs_4.5_wt_CeCl3_and_1.0_wt_SmCl3_and_1.0_wt_NdCl3.csv
[Run 1813/560000] ✅ Saved: nist_libs_4.5_wt_CeCl3_and_1.0_wt_SmCl3_and_1.5_wt_NdCl3.csv
[Run 1815/560000] ✅ Saved: nist_libs_4.5_wt_CeCl3_and_1.0_wt_SmCl3_and_2.5_wt_NdCl3.csv
[Run 1814/560000] ✅ Saved: nist_libs_4.5_wt_CeCl3_and_1.0_wt_SmCl3_and_2.0_wt_NdCl3.csv
[Run 1816/560000] ✅ Saved: nist_libs_4.5_wt_CeCl3_and_1.0_wt_SmCl3_and_3.0_wt_NdCl3.csv
[Run 1817/560000] ✅ Saved: nist_libs_4.5_wt_CeCl3_and_1.0_wt_SmCl3_and_3.5_wt_NdCl3.csv
[Run 1818/560000] ✅ Saved: nist_libs_4.5_wt_CeCl3_and_1.0_wt_SmCl3_and_4.0_wt_NdCl3.csv
[Run 1819/560000] ✅ Saved: nist_libs_4.5_wt_CeCl3_and_1.0_wt_SmCl3_and_4.5_wt_NdCl3.csv
[Run 1820/560000] ✅ Saved: nist_libs_4.5_wt_CeCl3_and_1.0_wt_SmCl3_and_5.0_wt_NdCl3.csv
[Run 1821/560000] ✅ Saved: nist_libs_4.5_wt_CeCl3_and_1.5_wt_SmCl3_and_0.5_wt_NdCl3.csv
[Run 1822/560000] ✅ Saved: nist_libs_4.5_wt_CeCl3_and_1.5_wt_SmCl3_and_1.0_wt_NdCl3.csv
[Run 1823/560000] ✅ Saved: nist_libs_4.5_wt_CeCl3_and_1.5_wt_SmCl3_and_1.5_wt_NdCl3.csv
[Run 1824/560000] ✅ Saved: nist_libs_4.5_wt_CeCl3_and_1.5_wt_SmCl3_and_2.0_wt_NdCl3.csv
[Run 1825/560000] ✅ Saved: nist_libs_4.5_wt_CeCl3_and_1.5_wt_SmCl3_and_2.5_wt_NdCl3.csv
[Run 1826/560000] ✅ Saved: nist_libs_4.5_wt_CeCl3_and_1.5_wt_SmCl3_and_3.0_wt_NdCl3.csv
[Run 1827/560000] ✅ Saved: nist_libs_4.5_wt_CeCl3_and_1.5_wt_SmCl3_and_3.5_wt_NdCl3.csv
[Run 1828/560000] ✅ Saved: nist_libs_4.5_wt_CeCl3_and_1.5_wt_SmCl3_and_4.0_wt_NdCl3.csv
[Run 1829/560000] ✅ Saved: nist_libs_4.5_wt_CeCl3_and_1.5_wt_SmCl3_and_4.5_wt_NdCl3.csv
[Run 1830/560000] ✅ Saved: nist_libs_4.5_wt_CeCl3_and_1.5_wt_SmCl3_and_5.0_wt_NdCl3.csv
[Run 1831/560000] ✅ Saved: nist_libs_4.5_wt_CeCl3_and_2.0_wt_SmCl3_and_0.5_wt_NdCl3.csv
[Run 1832/560000] ✅ Saved: nist_libs_4.5_wt_CeCl3_and_2.0_wt_SmCl3_and_1.0_wt_NdCl3.csv
[Run 1833/560000] ✅ Saved: nist_libs_4.5_wt_CeCl3_and_2.0_wt_SmCl3_and_1.5_wt_NdCl3.csv
[Run 1834/560000] ✅ Saved: nist_libs_4.5_wt_CeCl3_and_2.0_wt_SmCl3_and_2.0_wt_NdCl3.csv
[Run 1835/560000] ✅ Saved: nist_libs_4.5_wt_CeCl3_and_2.0_wt_SmCl3_and_2.5_wt_NdCl3.csv
[Run 1837/560000] ✅ Saved: nist_libs_4.5_wt_CeCl3_and_2.0_wt_SmCl3_and_3.5_wt_NdCl3.csv
[Run 1836/560000] ✅ Saved: nist_libs_4.5_wt_CeCl3_and_2.0_wt_SmCl3_and_3.0_wt_NdCl3.csv
[Run 1838/560000] ✅ Saved: nist_libs_4.5_wt_CeCl3_and_2.0_wt_SmCl3_and_4.0_wt_NdCl3.csv
[Run 1839/560000] ✅ Saved: nist_libs_4.5_wt_CeCl3_and_2.0_wt_SmCl3_and_4.5_wt_NdCl3.csv
[Run 1840/560000] ✅ Saved: nist_libs_4.5_wt_CeCl3_and_2.0_wt_SmCl3_and_5.0_wt_NdCl3.csv
[Run 1841/560000] ✅ Saved: nist_libs_4.5_wt_CeCl3_and_2.5_wt_SmCl3_and_0.5_wt_NdCl3.csv
[Run 1842/560000] ✅ Saved: nist_libs_4.5_wt_CeCl3_and_2.5_wt_SmCl3_and_1.0_wt_NdCl3.csv
[Run 1843/560000] ✅ Saved: nist_libs_4.5_wt_CeCl3_and_2.5_wt_SmCl3_and_1.5_wt_NdCl3.csv
[Run 1844/560000] ✅ Saved: nist_libs_4.5_wt_CeCl3_and_2.5_wt_SmCl3_and_2.0_wt_NdCl3.csv
[Run 1846/560000] ✅ Saved: nist_libs_4.5_wt_CeCl3_and_2.5_wt_SmCl3_and_3.0_wt_NdCl3.csv
[Run 1845/560000] ✅ Saved: nist_libs_4.5_wt_CeCl3_and_2.5_wt_SmCl3_and_2.5_wt_NdCl3.csv
[Run 1847/560000] ✅ Saved: nist_libs_4.5_wt_CeCl3_and_2.5_wt_SmCl3_and_3.5_wt_NdCl3.csv
[Run 1848/560000] ✅ Saved: nist_libs_4.5_wt_CeCl3_and_2.5_wt_SmCl3_and_4.0_wt_NdCl3.csv
[Run 1850/560000] ✅ Saved: nist_libs_4.5_wt_CeCl3_and_2.5_wt_SmCl3_and_5.0_wt_NdCl3.csv
[Run 1849/560000] ✅ Saved: nist_libs_4.5_wt_CeCl3_and_2.5_wt_SmCl3_and_4.5_wt_NdCl3.csv
[Run 1851/560000] ✅ Saved: nist_libs_4.5_wt_CeCl3_and_3.0_wt_SmCl3_and_0.5_wt_NdCl3.csv
[Run 1852/560000] ✅ Saved: nist_libs_4.5_wt_CeCl3_and_3.0_wt_SmCl3_and_1.0_wt_NdCl3.csv
[Run 1854/560000] ✅ Saved: nist_libs_4.5_wt_CeCl3_and_3.0_wt_SmCl3_and_2.0_wt_NdCl3.csv
[Run 1853/560000] ✅ Saved: nist_libs_4.5_wt_CeCl3_and_3.0_wt_SmCl3_and_1.5_wt_NdCl3.csv
[Run 1855/560000] ✅ Saved: nist_libs_4.5_wt_CeCl3_and_3.0_wt_SmCl3_and_2.5_wt_NdCl3.csv
[Run 1856/560000] ✅ Saved: nist_libs_4.5_wt_CeCl3_and_3.0_wt_SmCl3_and_3.0_wt_NdCl3.csv
[Run 1858/560000] ✅ Saved: nist_libs_4.5_wt_CeCl3_and_3.0_wt_SmCl3_and_4.0_wt_NdCl3.csv
[Run 1857/560000] ✅ Saved: nist_libs_4.5_wt_CeCl3_and_3.0_wt_SmCl3_and_3.5_wt_NdCl3.csv
[Run 1860/560000] ✅ Saved: nist_libs_4.5_wt_CeCl3_and_3.0_wt_SmCl3_and_5.0_wt_NdCl3.csv
[Run 1859/560000] ✅ Saved: nist_libs_4.5_wt_CeCl3_and_3.0_wt_SmCl3_and_4.5_wt_NdCl3.csv
[Run 1861/560000] ✅ Saved: nist_libs_4.5_wt_CeCl3_and_3.5_wt_SmCl3_and_0.5_wt_NdCl3.csv
[Run 1862/560000] ✅ Saved: nist_libs_4.5_wt_CeCl3_and_3.5_wt_SmCl3_and_1.0_wt_NdCl3.csv
[Run 1863/560000] ✅ Saved: nist_libs_4.5_wt_CeCl3_and_3.5_wt_SmCl3_and_1.5_wt_NdCl3.csv
[Run 1864/560000] ✅ Saved: nist_libs_4.5_wt_CeCl3_and_3.5_wt_SmCl3_and_2.0_wt_NdCl3.csv
[Run 1865/560000] ✅ Saved: nist_libs_4.5_wt_CeCl3_and_3.5_wt_SmCl3_and_2.5_wt_NdCl3.csv
[Run 1866/560000] ✅ Saved: nist_libs_4.5_wt_CeCl3_and_3.5_wt_SmCl3_and_3.0_wt_NdCl3.csv
[Run 1867/560000] ✅ Saved: nist_libs_4.5_wt_CeCl3_and_3.5_wt_SmCl3_and_3.5_wt_NdCl3.csv
[Run 1868/560000] ✅ Saved: nist_libs_4.5_wt_CeCl3_and_3.5_wt_SmCl3_and_4.0_wt_NdCl3.csv
[Run 1869/560000] ✅ Saved: nist_libs_4.5_wt_CeCl3_and_3.5_wt_SmCl3_and_4.5_wt_NdCl3.csv
[Run 1870/560000] ✅ Saved: nist_libs_4.5_wt_CeCl3_and_3.5_wt_SmCl3_and_5.0_wt_NdCl3.csv
[Run 1871/560000] ✅ Saved: nist_libs_4.5_wt_CeCl3_and_4.0_wt_SmCl3_and_0.5_wt_NdCl3.csv
[Run 1873/560000] ✅ Saved: nist_libs_4.5_wt_CeCl3_and_4.0_wt_SmCl3_and_1.5_wt_NdCl3.csv
[Run 1872/560000] ✅ Saved: nist_libs_4.5_wt_CeCl3_and_4.0_wt_SmCl3_and_1.0_wt_NdCl3.csv
[Run 1874/560000] ✅ Saved: nist_libs_4.5_wt_CeCl3_and_4.0_wt_SmCl3_and_2.0_wt_NdCl3.csv
[Run 1875/560000] ✅ Saved: nist_libs_4.5_wt_CeCl3_and_4.0_wt_SmCl3_and_2.5_wt_NdCl3.csv
[Run 1876/560000] ✅ Saved: nist_libs_4.5_wt_CeCl3_and_4.0_wt_SmCl3_and_3.0_wt_NdCl3.csv
[Run 1878/560000] ✅ Saved: nist_libs_4.5_wt_CeCl3_and_4.0_wt_SmCl3_and_4.0_wt_NdCl3.csv
[Run 1877/560000] ✅ Saved: nist_libs_4.5_wt_CeCl3_and_4.0_wt_SmCl3_and_3.5_wt_NdCl3.csv
[Run 1879/560000] ✅ Saved: nist_libs_4.5_wt_CeCl3_and_4.0_wt_SmCl3_and_4.5_wt_NdCl3.csv
[Run 1881/560000] ✅ Saved: nist_libs_4.5_wt_CeCl3_and_4.5_wt_SmCl3_and_0.5_wt_NdCl3.csv
[Run 1880/560000] ✅ Saved: nist_libs_4.5_wt_CeCl3_and_4.0_wt_SmCl3_and_5.0_wt_NdCl3.csv
[Run 1882/560000] ✅ Saved: nist_libs_4.5_wt_CeCl3_and_4.5_wt_SmCl3_and_1.0_wt_NdCl3.csv
[Run 1883/560000] ✅ Saved: nist_libs_4.5_wt_CeCl3_and_4.5_wt_SmCl3_and_1.5_wt_NdCl3.csv
[Run 1885/560000] ✅ Saved: nist_libs_4.5_wt_CeCl3_and_4.5_wt_SmCl3_and_2.5_wt_NdCl3.csv
[Run 1886/560000] ✅ Saved: nist_libs_4.5_wt_CeCl3_and_4.5_wt_SmCl3_and_3.0_wt_NdCl3.csv
[Run 1887/560000] ✅ Saved: nist_libs_4.5_wt_CeCl3_and_4.5_wt_SmCl3_and_3.5_wt_NdCl3.csv
[Run 1884/560000] ✅ Saved: nist_libs_4.5_wt_CeCl3_and_4.5_wt_SmCl3_and_2.0_wt_NdCl3.csv
[Run 1888/560000] ✅ Saved: nist_libs_4.5_wt_CeCl3_and_4.5_wt_SmCl3_and_4.0_wt_NdCl3.csv
[Run 1889/560000] ✅ Saved: nist_libs_4.5_wt_CeCl3_and_4.5_wt_SmCl3_and_4.5_wt_NdCl3.csv
[Run 1890/560000] ✅ Saved: nist_libs_4.5_wt_CeCl3_and_4.5_wt_SmCl3_and_5.0_wt_NdCl3.csv
[Run 1891/560000] ✅ Saved: nist_libs_4.5_wt_CeCl3_and_5.0_wt_SmCl3_and_0.5_wt_NdCl3.csv
[Run 1892/560000] ✅ Saved: nist_libs_4.5_wt_CeCl3_and_5.0_wt_SmCl3_and_1.0_wt_NdCl3.csv
[Run 1893/560000] ✅ Saved: nist_libs_4.5_wt_CeCl3_and_5.0_wt_SmCl3_and_1.5_wt_NdCl3.csv
[Run 1895/560000] ✅ Saved: nist_libs_4.5_wt_CeCl3_and_5.0_wt_SmCl3_and_2.5_wt_NdCl3.csv
[Run 1894/560000] ✅ Saved: nist_libs_4.5_wt_CeCl3_and_5.0_wt_SmCl3_and_2.0_wt_NdCl3.csv
[Run 1896/560000] ✅ Saved: nist_libs_4.5_wt_CeCl3_and_5.0_wt_SmCl3_and_3.0_wt_NdCl3.csv
[Run 1897/560000] ✅ Saved: nist_libs_4.5_wt_CeCl3_and_5.0_wt_SmCl3_and_3.5_wt_NdCl3.csv
[Run 1898/560000] ✅ Saved: nist_libs_4.5_wt_CeCl3_and_5.0_wt_SmCl3_and_4.0_wt_NdCl3.csv
[Run 1899/560000] ✅ Saved: nist_libs_4.5_wt_CeCl3_and_5.0_wt_SmCl3_and_4.5_wt_NdCl3.csv
[Run 1900/560000] ✅ Saved: nist_libs_4.5_wt_CeCl3_and_5.0_wt_SmCl3_and_5.0_wt_NdCl3.csv
[Run 1901/560000] ✅ Saved: nist_libs_5.0_wt_CeCl3_and_0.5_wt_SmCl3_and_0.5_wt_NdCl3.csv
[Run 1902/560000] ✅ Saved: nist_libs_5.0_wt_CeCl3_and_0.5_wt_SmCl3_and_1.0_wt_NdCl3.csv
[Run 1903/560000] ✅ Saved: nist_libs_5.0_wt_CeCl3_and_0.5_wt_SmCl3_and_1.5_wt_NdCl3.csv
[Run 1904/560000] ✅ Saved: nist_libs_5.0_wt_CeCl3_and_0.5_wt_SmCl3_and_2.0_wt_NdCl3.csv
[Run 1905/560000] ✅ Saved: nist_libs_5.0_wt_CeCl3_and_0.5_wt_SmCl3_and_2.5_wt_NdCl3.csv
[Run 1906/560000] ✅ Saved: nist_libs_5.0_wt_CeCl3_and_0.5_wt_SmCl3_and_3.0_wt_NdCl3.csv
[Run 1907/560000] ✅ Saved: nist_libs_5.0_wt_CeCl3_and_0.5_wt_SmCl3_and_3.5_wt_NdCl3.csv
[Run 1908/560000] ✅ Saved: nist_libs_5.0_wt_CeCl3_and_0.5_wt_SmCl3_and_4.0_wt_NdCl3.csv
[Run 1909/560000] ✅ Saved: nist_libs_5.0_wt_CeCl3_and_0.5_wt_SmCl3_and_4.5_wt_NdCl3.csv
[Run 1910/560000] ✅ Saved: nist_libs_5.0_wt_CeCl3_and_0.5_wt_SmCl3_and_5.0_wt_NdCl3.csv
[Run 1911/560000] ✅ Saved: nist_libs_5.0_wt_CeCl3_and_1.0_wt_SmCl3_and_0.5_wt_NdCl3.csv
[Run 1912/560000] ✅ Saved: nist_libs_5.0_wt_CeCl3_and_1.0_wt_SmCl3_and_1.0_wt_NdCl3.csv
[Run 1913/560000] ✅ Saved: nist_libs_5.0_wt_CeCl3_and_1.0_wt_SmCl3_and_1.5_wt_NdCl3.csv
[Run 1914/560000] ✅ Saved: nist_libs_5.0_wt_CeCl3_and_1.0_wt_SmCl3_and_2.0_wt_NdCl3.csv
[Run 1915/560000] ✅ Saved: nist_libs_5.0_wt_CeCl3_and_1.0_wt_SmCl3_and_2.5_wt_NdCl3.csv
[Run 1916/560000] ✅ Saved: nist_libs_5.0_wt_CeCl3_and_1.0_wt_SmCl3_and_3.0_wt_NdCl3.csv
[Run 1917/560000] ✅ Saved: nist_libs_5.0_wt_CeCl3_and_1.0_wt_SmCl3_and_3.5_wt_NdCl3.csv
[Run 1918/560000] ✅ Saved: nist_libs_5.0_wt_CeCl3_and_1.0_wt_SmCl3_and_4.0_wt_NdCl3.csv
[Run 1919/560000] ✅ Saved: nist_libs_5.0_wt_CeCl3_and_1.0_wt_SmCl3_and_4.5_wt_NdCl3.csv
[Run 1920/560000] ✅ Saved: nist_libs_5.0_wt_CeCl3_and_1.0_wt_SmCl3_and_5.0_wt_NdCl3.csv
[Run 1921/560000] ✅ Saved: nist_libs_5.0_wt_CeCl3_and_1.5_wt_SmCl3_and_0.5_wt_NdCl3.csv
[Run 1922/560000] ✅ Saved: nist_libs_5.0_wt_CeCl3_and_1.5_wt_SmCl3_and_1.0_wt_NdCl3.csv
[Run 1923/560000] ✅ Saved: nist_libs_5.0_wt_CeCl3_and_1.5_wt_SmCl3_and_1.5_wt_NdCl3.csv
[Run 1924/560000] ✅ Saved: nist_libs_5.0_wt_CeCl3_and_1.5_wt_SmCl3_and_2.0_wt_NdCl3.csv
[Run 1925/560000] ✅ Saved: nist_libs_5.0_wt_CeCl3_and_1.5_wt_SmCl3_and_2.5_wt_NdCl3.csv
[Run 1926/560000] ✅ Saved: nist_libs_5.0_wt_CeCl3_and_1.5_wt_SmCl3_and_3.0_wt_NdCl3.csv
[Run 1927/560000] ✅ Saved: nist_libs_5.0_wt_CeCl3_and_1.5_wt_SmCl3_and_3.5_wt_NdCl3.csv
[Run 1928/560000] ✅ Saved: nist_libs_5.0_wt_CeCl3_and_1.5_wt_SmCl3_and_4.0_wt_NdCl3.csv
[Run 1929/560000] ✅ Saved: nist_libs_5.0_wt_CeCl3_and_1.5_wt_SmCl3_and_4.5_wt_NdCl3.csv
[Run 1931/560000] ✅ Saved: nist_libs_5.0_wt_CeCl3_and_2.0_wt_SmCl3_and_0.5_wt_NdCl3.csv
[Run 1930/560000] ✅ Saved: nist_libs_5.0_wt_CeCl3_and_1.5_wt_SmCl3_and_5.0_wt_NdCl3.csv
[Run 1932/560000] ✅ Saved: nist_libs_5.0_wt_CeCl3_and_2.0_wt_SmCl3_and_1.0_wt_NdCl3.csv
[Run 1933/560000] ✅ Saved: nist_libs_5.0_wt_CeCl3_and_2.0_wt_SmCl3_and_1.5_wt_NdCl3.csv
[Run 1934/560000] ✅ Saved: nist_libs_5.0_wt_CeCl3_and_2.0_wt_SmCl3_and_2.0_wt_NdCl3.csv
[Run 1935/560000] ✅ Saved: nist_libs_5.0_wt_CeCl3_and_2.0_wt_SmCl3_and_2.5_wt_NdCl3.csv
[Run 1936/560000] ✅ Saved: nist_libs_5.0_wt_CeCl3_and_2.0_wt_SmCl3_and_3.0_wt_NdCl3.csv
[Run 1937/560000] ✅ Saved: nist_libs_5.0_wt_CeCl3_and_2.0_wt_SmCl3_and_3.5_wt_NdCl3.csv
[Run 1938/560000] ✅ Saved: nist_libs_5.0_wt_CeCl3_and_2.0_wt_SmCl3_and_4.0_wt_NdCl3.csv
[Run 1939/560000] ✅ Saved: nist_libs_5.0_wt_CeCl3_and_2.0_wt_SmCl3_and_4.5_wt_NdCl3.csv
[Run 1941/560000] ✅ Saved: nist_libs_5.0_wt_CeCl3_and_2.5_wt_SmCl3_and_0.5_wt_NdCl3.csv
[Run 1940/560000] ✅ Saved: nist_libs_5.0_wt_CeCl3_and_2.0_wt_SmCl3_and_5.0_wt_NdCl3.csv
[Run 1942/560000] ✅ Saved: nist_libs_5.0_wt_CeCl3_and_2.5_wt_SmCl3_and_1.0_wt_NdCl3.csv
[Run 1943/560000] ✅ Saved: nist_libs_5.0_wt_CeCl3_and_2.5_wt_SmCl3_and_1.5_wt_NdCl3.csv
[Run 1945/560000] ✅ Saved: nist_libs_5.0_wt_CeCl3_and_2.5_wt_SmCl3_and_2.5_wt_NdCl3.csv
[Run 1944/560000] ✅ Saved: nist_libs_5.0_wt_CeCl3_and_2.5_wt_SmCl3_and_2.0_wt_NdCl3.csv
[Run 1946/560000] ✅ Saved: nist_libs_5.0_wt_CeCl3_and_2.5_wt_SmCl3_and_3.0_wt_NdCl3.csv
[Run 1947/560000] ✅ Saved: nist_libs_5.0_wt_CeCl3_and_2.5_wt_SmCl3_and_3.5_wt_NdCl3.csv
[Run 1948/560000] ✅ Saved: nist_libs_5.0_wt_CeCl3_and_2.5_wt_SmCl3_and_4.0_wt_NdCl3.csv
[Run 1949/560000] ✅ Saved: nist_libs_5.0_wt_CeCl3_and_2.5_wt_SmCl3_and_4.5_wt_NdCl3.csv
[Run 1950/560000] ✅ Saved: nist_libs_5.0_wt_CeCl3_and_2.5_wt_SmCl3_and_5.0_wt_NdCl3.csv
[Run 1951/560000] ✅ Saved: nist_libs_5.0_wt_CeCl3_and_3.0_wt_SmCl3_and_0.5_wt_NdCl3.csv
[Run 1952/560000] ✅ Saved: nist_libs_5.0_wt_CeCl3_and_3.0_wt_SmCl3_and_1.0_wt_NdCl3.csv
[Run 1953/560000] ✅ Saved: nist_libs_5.0_wt_CeCl3_and_3.0_wt_SmCl3_and_1.5_wt_NdCl3.csv
[Run 1954/560000] ✅ Saved: nist_libs_5.0_wt_CeCl3_and_3.0_wt_SmCl3_and_2.0_wt_NdCl3.csv
[Run 1955/560000] ✅ Saved: nist_libs_5.0_wt_CeCl3_and_3.0_wt_SmCl3_and_2.5_wt_NdCl3.csv
[Run 1956/560000] ✅ Saved: nist_libs_5.0_wt_CeCl3_and_3.0_wt_SmCl3_and_3.0_wt_NdCl3.csv
[Run 1957/560000] ✅ Saved: nist_libs_5.0_wt_CeCl3_and_3.0_wt_SmCl3_and_3.5_wt_NdCl3.csv
[Run 1958/560000] ✅ Saved: nist_libs_5.0_wt_CeCl3_and_3.0_wt_SmCl3_and_4.0_wt_NdCl3.csv
[Run 1959/560000] ✅ Saved: nist_libs_5.0_wt_CeCl3_and_3.0_wt_SmCl3_and_4.5_wt_NdCl3.csv
[Run 1961/560000] ✅ Saved: nist_libs_5.0_wt_CeCl3_and_3.5_wt_SmCl3_and_0.5_wt_NdCl3.csv
[Run 1960/560000] ✅ Saved: nist_libs_5.0_wt_CeCl3_and_3.0_wt_SmCl3_and_5.0_wt_NdCl3.csv
[Run 1962/560000] ✅ Saved: nist_libs_5.0_wt_CeCl3_and_3.5_wt_SmCl3_and_1.0_wt_NdCl3.csv
[Run 1963/560000] ✅ Saved: nist_libs_5.0_wt_CeCl3_and_3.5_wt_SmCl3_and_1.5_wt_NdCl3.csv
[Run 1965/560000] ✅ Saved: nist_libs_5.0_wt_CeCl3_and_3.5_wt_SmCl3_and_2.5_wt_NdCl3.csv
[Run 1964/560000] ✅ Saved: nist_libs_5.0_wt_CeCl3_and_3.5_wt_SmCl3_and_2.0_wt_NdCl3.csv
[Run 1966/560000] ✅ Saved: nist_libs_5.0_wt_CeCl3_and_3.5_wt_SmCl3_and_3.0_wt_NdCl3.csv
[Run 1967/560000] ✅ Saved: nist_libs_5.0_wt_CeCl3_and_3.5_wt_SmCl3_and_3.5_wt_NdCl3.csv
[Run 1968/560000] ✅ Saved: nist_libs_5.0_wt_CeCl3_and_3.5_wt_SmCl3_and_4.0_wt_NdCl3.csv
[Run 1969/560000] ✅ Saved: nist_libs_5.0_wt_CeCl3_and_3.5_wt_SmCl3_and_4.5_wt_NdCl3.csv
[Run 1970/560000] ✅ Saved: nist_libs_5.0_wt_CeCl3_and_3.5_wt_SmCl3_and_5.0_wt_NdCl3.csv
[Run 1971/560000] ✅ Saved: nist_libs_5.0_wt_CeCl3_and_4.0_wt_SmCl3_and_0.5_wt_NdCl3.csv
[Run 1972/560000] ✅ Saved: nist_libs_5.0_wt_CeCl3_and_4.0_wt_SmCl3_and_1.0_wt_NdCl3.csv
[Run 1973/560000] ✅ Saved: nist_libs_5.0_wt_CeCl3_and_4.0_wt_SmCl3_and_1.5_wt_NdCl3.csv
[Run 1974/560000] ✅ Saved: nist_libs_5.0_wt_CeCl3_and_4.0_wt_SmCl3_and_2.0_wt_NdCl3.csv
[Run 1975/560000] ✅ Saved: nist_libs_5.0_wt_CeCl3_and_4.0_wt_SmCl3_and_2.5_wt_NdCl3.csv
[Run 1976/560000] ✅ Saved: nist_libs_5.0_wt_CeCl3_and_4.0_wt_SmCl3_and_3.0_wt_NdCl3.csv
[Run 1977/560000] ✅ Saved: nist_libs_5.0_wt_CeCl3_and_4.0_wt_SmCl3_and_3.5_wt_NdCl3.csv
[Run 1978/560000] ✅ Saved: nist_libs_5.0_wt_CeCl3_and_4.0_wt_SmCl3_and_4.0_wt_NdCl3.csv
[Run 1979/560000] ✅ Saved: nist_libs_5.0_wt_CeCl3_and_4.0_wt_SmCl3_and_4.5_wt_NdCl3.csv
[Run 1981/560000] ✅ Saved: nist_libs_5.0_wt_CeCl3_and_4.5_wt_SmCl3_and_0.5_wt_NdCl3.csv
[Run 1980/560000] ✅ Saved: nist_libs_5.0_wt_CeCl3_and_4.0_wt_SmCl3_and_5.0_wt_NdCl3.csv
[Run 1982/560000] ✅ Saved: nist_libs_5.0_wt_CeCl3_and_4.5_wt_SmCl3_and_1.0_wt_NdCl3.csv
[Run 1983/560000] ✅ Saved: nist_libs_5.0_wt_CeCl3_and_4.5_wt_SmCl3_and_1.5_wt_NdCl3.csv
[Run 1984/560000] ✅ Saved: nist_libs_5.0_wt_CeCl3_and_4.5_wt_SmCl3_and_2.0_wt_NdCl3.csv
[Run 1985/560000] ✅ Saved: nist_libs_5.0_wt_CeCl3_and_4.5_wt_SmCl3_and_2.5_wt_NdCl3.csv
[Run 1986/560000] ✅ Saved: nist_libs_5.0_wt_CeCl3_and_4.5_wt_SmCl3_and_3.0_wt_NdCl3.csv
[Run 1987/560000] ✅ Saved: nist_libs_5.0_wt_CeCl3_and_4.5_wt_SmCl3_and_3.5_wt_NdCl3.csv
[Run 1989/560000] ✅ Saved: nist_libs_5.0_wt_CeCl3_and_4.5_wt_SmCl3_and_4.5_wt_NdCl3.csv
[Run 1990/560000] ✅ Saved: nist_libs_5.0_wt_CeCl3_and_4.5_wt_SmCl3_and_5.0_wt_NdCl3.csv
[Run 1988/560000] ✅ Saved: nist_libs_5.0_wt_CeCl3_and_4.5_wt_SmCl3_and_4.0_wt_NdCl3.csv
[Run 1991/560000] ✅ Saved: nist_libs_5.0_wt_CeCl3_and_5.0_wt_SmCl3_and_0.5_wt_NdCl3.csv
[Run 1994/560000] ✅ Saved: nist_libs_5.0_wt_CeCl3_and_5.0_wt_SmCl3_and_2.0_wt_NdCl3.csv
[Run 1992/560000] ✅ Saved: nist_libs_5.0_wt_CeCl3_and_5.0_wt_SmCl3_and_1.0_wt_NdCl3.csv
[Run 1993/560000] ✅ Saved: nist_libs_5.0_wt_CeCl3_and_5.0_wt_SmCl3_and_1.5_wt_NdCl3.csv
[Run 1995/560000] ✅ Saved: nist_libs_5.0_wt_CeCl3_and_5.0_wt_SmCl3_and_2.5_wt_NdCl3.csv
[Run 1996/560000] ✅ Saved: nist_libs_5.0_wt_CeCl3_and_5.0_wt_SmCl3_and_3.0_wt_NdCl3.csv
[Run 1997/560000] ✅ Saved: nist_libs_5.0_wt_CeCl3_and_5.0_wt_SmCl3_and_3.5_wt_NdCl3.csv
[Run 1998/560000] ✅ Saved: nist_libs_5.0_wt_CeCl3_and_5.0_wt_SmCl3_and_4.0_wt_NdCl3.csv
[Run 1999/560000] ✅ Saved: nist_libs_5.0_wt_CeCl3_and_5.0_wt_SmCl3_and_4.5_wt_NdCl3.csv
[Run 2000/560000] ✅ Saved: nist_libs_5.0_wt_CeCl3_and_5.0_wt_SmCl3_and_5.0_wt_NdCl3.csv
📦 Packaging batch 2 (1000 CSVs) -> nist_libs_batch_0002.zip...
[Run 2001/560000] ✅ Saved: nist_libs_0.5_wt_CeCl3_and_0.5_wt_SmCl3_and_0.5_wt_CsCl.csv
[Run 2003/560000] ✅ Saved: nist_libs_0.5_wt_CeCl3_and_0.5_wt_SmCl3_and_1.5_wt_CsCl.csv
[Run 2002/560000] ✅ Saved: nist_libs_0.5_wt_CeCl3_and_0.5_wt_SmCl3_and_1.0_wt_CsCl.csv
[Run 2004/560000] ✅ Saved: nist_libs_0.5_wt_CeCl3_and_0.5_wt_SmCl3_and_2.0_wt_CsCl.csv
[Run 2006/560000] ✅ Saved: nist_libs_0.5_wt_CeCl3_and_0.5_wt_SmCl3_and_3.0_wt_CsCl.csv
[Run 2005/560000] ✅ Saved: nist_libs_0.5_wt_CeCl3_and_0.5_wt_SmCl3_and_2.5_wt_CsCl.csv
[Run 2007/560000] ✅ Saved: nist_libs_0.5_wt_CeCl3_and_0.5_wt_SmCl3_and_3.5_wt_CsCl.csv
[Run 2008/560000] ✅ Saved: nist_libs_0.5_wt_CeCl3_and_0.5_wt_SmCl3_and_4.0_wt_CsCl.csv
[Run 2009/560000] ✅ Saved: nist_libs_0.5_wt_CeCl3_and_0.5_wt_SmCl3_and_4.5_wt_CsCl.csv
[Run 2010/560000] ✅ Saved: nist_libs_0.5_wt_CeCl3_and_0.5_wt_SmCl3_and_5.0_wt_CsCl.csv
[Run 2011/560000] ✅ Saved: nist_libs_0.5_wt_CeCl3_and_1.0_wt_SmCl3_and_0.5_wt_CsCl.csv
[Run 2012/560000] ✅ Saved: nist_libs_0.5_wt_CeCl3_and_1.0_wt_SmCl3_and_1.0_wt_CsCl.csv
[Run 2013/560000] ✅ Saved: nist_libs_0.5_wt_CeCl3_and_1.0_wt_SmCl3_and_1.5_wt_CsCl.csv
[Run 2015/560000] ✅ Saved: nist_libs_0.5_wt_CeCl3_and_1.0_wt_SmCl3_and_2.5_wt_CsCl.csv
[Run 2014/560000] ✅ Saved: nist_libs_0.5_wt_CeCl3_and_1.0_wt_SmCl3_and_2.0_wt_CsCl.csv
[Run 2016/560000] ✅ Saved: nist_libs_0.5_wt_CeCl3_and_1.0_wt_SmCl3_and_3.0_wt_CsCl.csv
[Run 2017/560000] ✅ Saved: nist_libs_0.5_wt_CeCl3_and_1.0_wt_SmCl3_and_3.5_wt_CsCl.csv
[Run 2018/560000] ✅ Saved: nist_libs_0.5_wt_CeCl3_and_1.0_wt_SmCl3_and_4.0_wt_CsCl.csv
[Run 2020/560000] ✅ Saved: nist_libs_0.5_wt_CeCl3_and_1.0_wt_SmCl3_and_5.0_wt_CsCl.csv
[Run 2019/560000] ✅ Saved: nist_libs_0.5_wt_CeCl3_and_1.0_wt_SmCl3_and_4.5_wt_CsCl.csv
[Run 2021/560000] ✅ Saved: nist_libs_0.5_wt_CeCl3_and_1.5_wt_SmCl3_and_0.5_wt_CsCl.csv
[Run 2022/560000] ✅ Saved: nist_libs_0.5_wt_CeCl3_and_1.5_wt_SmCl3_and_1.0_wt_CsCl.csv
[Run 2023/560000] ✅ Saved: nist_libs_0.5_wt_CeCl3_and_1.5_wt_SmCl3_and_1.5_wt_CsCl.csv
[Run 2024/560000] ✅ Saved: nist_libs_0.5_wt_CeCl3_and_1.5_wt_SmCl3_and_2.0_wt_CsCl.csv
[Run 2025/560000] ✅ Saved: nist_libs_0.5_wt_CeCl3_and_1.5_wt_SmCl3_and_2.5_wt_CsCl.csv
[Run 2026/560000] ✅ Saved: nist_libs_0.5_wt_CeCl3_and_1.5_wt_SmCl3_and_3.0_wt_CsCl.csv
[Run 2027/560000] ✅ Saved: nist_libs_0.5_wt_CeCl3_and_1.5_wt_SmCl3_and_3.5_wt_CsCl.csv
[Run 2029/560000] ✅ Saved: nist_libs_0.5_wt_CeCl3_and_1.5_wt_SmCl3_and_4.5_wt_CsCl.csv
[Run 2028/560000] ✅ Saved: nist_libs_0.5_wt_CeCl3_and_1.5_wt_SmCl3_and_4.0_wt_CsCl.csv
[Run 2030/560000] ✅ Saved: nist_libs_0.5_wt_CeCl3_and_1.5_wt_SmCl3_and_5.0_wt_CsCl.csv
[Run 2031/560000] ✅ Saved: nist_libs_0.5_wt_CeCl3_and_2.0_wt_SmCl3_and_0.5_wt_CsCl.csv
[Run 2032/560000] ✅ Saved: nist_libs_0.5_wt_CeCl3_and_2.0_wt_SmCl3_and_1.0_wt_CsCl.csv
[Run 2033/560000] ✅ Saved: nist_libs_0.5_wt_CeCl3_and_2.0_wt_SmCl3_and_1.5_wt_CsCl.csv
[Run 2034/560000] ✅ Saved: nist_libs_0.5_wt_CeCl3_and_2.0_wt_SmCl3_and_2.0_wt_CsCl.csv
[Run 2035/560000] ✅ Saved: nist_libs_0.5_wt_CeCl3_and_2.0_wt_SmCl3_and_2.5_wt_CsCl.csv
[Run 2038/560000] ✅ Saved: nist_libs_0.5_wt_CeCl3_and_2.0_wt_SmCl3_and_4.0_wt_CsCl.csv
[Run 2037/560000] ✅ Saved: nist_libs_0.5_wt_CeCl3_and_2.0_wt_SmCl3_and_3.5_wt_CsCl.csv
[Run 2036/560000] ✅ Saved: nist_libs_0.5_wt_CeCl3_and_2.0_wt_SmCl3_and_3.0_wt_CsCl.csv
[Run 2040/560000] ✅ Saved: nist_libs_0.5_wt_CeCl3_and_2.0_wt_SmCl3_and_5.0_wt_CsCl.csv
[Run 2041/560000] ✅ Saved: nist_libs_0.5_wt_CeCl3_and_2.5_wt_SmCl3_and_0.5_wt_CsCl.csv
[Run 2042/560000] ✅ Saved: nist_libs_0.5_wt_CeCl3_and_2.5_wt_SmCl3_and_1.0_wt_CsCl.csv
[Run 2039/560000] ✅ Saved: nist_libs_0.5_wt_CeCl3_and_2.0_wt_SmCl3_and_4.5_wt_CsCl.csv
[Run 2044/560000] ✅ Saved: nist_libs_0.5_wt_CeCl3_and_2.5_wt_SmCl3_and_2.0_wt_CsCl.csv
[Run 2043/560000] ✅ Saved: nist_libs_0.5_wt_CeCl3_and_2.5_wt_SmCl3_and_1.5_wt_CsCl.csv
[Run 2045/560000] ✅ Saved: nist_libs_0.5_wt_CeCl3_and_2.5_wt_SmCl3_and_2.5_wt_CsCl.csv
[Run 2046/560000] ✅ Saved: nist_libs_0.5_wt_CeCl3_and_2.5_wt_SmCl3_and_3.0_wt_CsCl.csv
[Run 2047/560000] ✅ Saved: nist_libs_0.5_wt_CeCl3_and_2.5_wt_SmCl3_and_3.5_wt_CsCl.csv
[Run 2048/560000] ✅ Saved: nist_libs_0.5_wt_CeCl3_and_2.5_wt_SmCl3_and_4.0_wt_CsCl.csv
[Run 2049/560000] ✅ Saved: nist_libs_0.5_wt_CeCl3_and_2.5_wt_SmCl3_and_4.5_wt_CsCl.csv
[Run 2050/560000] ✅ Saved: nist_libs_0.5_wt_CeCl3_and_2.5_wt_SmCl3_and_5.0_wt_CsCl.csv
[Run 2051/560000] ✅ Saved: nist_libs_0.5_wt_CeCl3_and_3.0_wt_SmCl3_and_0.5_wt_CsCl.csv
[Run 2052/560000] ✅ Saved: nist_libs_0.5_wt_CeCl3_and_3.0_wt_SmCl3_and_1.0_wt_CsCl.csv
[Run 2053/560000] ✅ Saved: nist_libs_0.5_wt_CeCl3_and_3.0_wt_SmCl3_and_1.5_wt_CsCl.csv
[Run 2054/560000] ✅ Saved: nist_libs_0.5_wt_CeCl3_and_3.0_wt_SmCl3_and_2.0_wt_CsCl.csv
[Run 2055/560000] ✅ Saved: nist_libs_0.5_wt_CeCl3_and_3.0_wt_SmCl3_and_2.5_wt_CsCl.csv
[Run 2056/560000] ✅ Saved: nist_libs_0.5_wt_CeCl3_and_3.0_wt_SmCl3_and_3.0_wt_CsCl.csv
[Run 2057/560000] ✅ Saved: nist_libs_0.5_wt_CeCl3_and_3.0_wt_SmCl3_and_3.5_wt_CsCl.csv
[Run 2058/560000] ✅ Saved: nist_libs_0.5_wt_CeCl3_and_3.0_wt_SmCl3_and_4.0_wt_CsCl.csv
[Run 2059/560000] ✅ Saved: nist_libs_0.5_wt_CeCl3_and_3.0_wt_SmCl3_and_4.5_wt_CsCl.csv
[Run 2060/560000] ✅ Saved: nist_libs_0.5_wt_CeCl3_and_3.0_wt_SmCl3_and_5.0_wt_CsCl.csv
[Run 2061/560000] ✅ Saved: nist_libs_0.5_wt_CeCl3_and_3.5_wt_SmCl3_and_0.5_wt_CsCl.csv
[Run 2062/560000] ✅ Saved: nist_libs_0.5_wt_CeCl3_and_3.5_wt_SmCl3_and_1.0_wt_CsCl.csv
[Run 2063/560000] ✅ Saved: nist_libs_0.5_wt_CeCl3_and_3.5_wt_SmCl3_and_1.5_wt_CsCl.csv
[Run 2064/560000] ✅ Saved: nist_libs_0.5_wt_CeCl3_and_3.5_wt_SmCl3_and_2.0_wt_CsCl.csv
[Run 2065/560000] ✅ Saved: nist_libs_0.5_wt_CeCl3_and_3.5_wt_SmCl3_and_2.5_wt_CsCl.csv
[Run 2066/560000] ✅ Saved: nist_libs_0.5_wt_CeCl3_and_3.5_wt_SmCl3_and_3.0_wt_CsCl.csv
[Run 2067/560000] ✅ Saved: nist_libs_0.5_wt_CeCl3_and_3.5_wt_SmCl3_and_3.5_wt_CsCl.csv
[Run 2068/560000] ✅ Saved: nist_libs_0.5_wt_CeCl3_and_3.5_wt_SmCl3_and_4.0_wt_CsCl.csv
[Run 2069/560000] ✅ Saved: nist_libs_0.5_wt_CeCl3_and_3.5_wt_SmCl3_and_4.5_wt_CsCl.csv
[Run 2070/560000] ✅ Saved: nist_libs_0.5_wt_CeCl3_and_3.5_wt_SmCl3_and_5.0_wt_CsCl.csv
[Run 2071/560000] ✅ Saved: nist_libs_0.5_wt_CeCl3_and_4.0_wt_SmCl3_and_0.5_wt_CsCl.csv
[Run 2073/560000] ✅ Saved: nist_libs_0.5_wt_CeCl3_and_4.0_wt_SmCl3_and_1.5_wt_CsCl.csv
[Run 2072/560000] ✅ Saved: nist_libs_0.5_wt_CeCl3_and_4.0_wt_SmCl3_and_1.0_wt_CsCl.csv
[Run 2074/560000] ✅ Saved: nist_libs_0.5_wt_CeCl3_and_4.0_wt_SmCl3_and_2.0_wt_CsCl.csv
[Run 2075/560000] ✅ Saved: nist_libs_0.5_wt_CeCl3_and_4.0_wt_SmCl3_and_2.5_wt_CsCl.csv
[Run 2077/560000] ✅ Saved: nist_libs_0.5_wt_CeCl3_and_4.0_wt_SmCl3_and_3.5_wt_CsCl.csv
[Run 2078/560000] ✅ Saved: nist_libs_0.5_wt_CeCl3_and_4.0_wt_SmCl3_and_4.0_wt_CsCl.csv
[Run 2076/560000] ✅ Saved: nist_libs_0.5_wt_CeCl3_and_4.0_wt_SmCl3_and_3.0_wt_CsCl.csv
[Run 2079/560000] ✅ Saved: nist_libs_0.5_wt_CeCl3_and_4.0_wt_SmCl3_and_4.5_wt_CsCl.csv
[Run 2080/560000] ✅ Saved: nist_libs_0.5_wt_CeCl3_and_4.0_wt_SmCl3_and_5.0_wt_CsCl.csv
[Run 2081/560000] ✅ Saved: nist_libs_0.5_wt_CeCl3_and_4.5_wt_SmCl3_and_0.5_wt_CsCl.csv
[Run 2082/560000] ✅ Saved: nist_libs_0.5_wt_CeCl3_and_4.5_wt_SmCl3_and_1.0_wt_CsCl.csv
[Run 2083/560000] ✅ Saved: nist_libs_0.5_wt_CeCl3_and_4.5_wt_SmCl3_and_1.5_wt_CsCl.csv
[Run 2084/560000] ✅ Saved: nist_libs_0.5_wt_CeCl3_and_4.5_wt_SmCl3_and_2.0_wt_CsCl.csv
[Run 2085/560000] ✅ Saved: nist_libs_0.5_wt_CeCl3_and_4.5_wt_SmCl3_and_2.5_wt_CsCl.csv
[Run 2087/560000] ✅ Saved: nist_libs_0.5_wt_CeCl3_and_4.5_wt_SmCl3_and_3.5_wt_CsCl.csv
[Run 2086/560000] ✅ Saved: nist_libs_0.5_wt_CeCl3_and_4.5_wt_SmCl3_and_3.0_wt_CsCl.csv
[Run 2088/560000] ✅ Saved: nist_libs_0.5_wt_CeCl3_and_4.5_wt_SmCl3_and_4.0_wt_CsCl.csv
[Run 2089/560000] ✅ Saved: nist_libs_0.5_wt_CeCl3_and_4.5_wt_SmCl3_and_4.5_wt_CsCl.csv
[Run 2090/560000] ✅ Saved: nist_libs_0.5_wt_CeCl3_and_4.5_wt_SmCl3_and_5.0_wt_CsCl.csv
[Run 2091/560000] ✅ Saved: nist_libs_0.5_wt_CeCl3_and_5.0_wt_SmCl3_and_0.5_wt_CsCl.csv
[Run 2092/560000] ✅ Saved: nist_libs_0.5_wt_CeCl3_and_5.0_wt_SmCl3_and_1.0_wt_CsCl.csv
[Run 2093/560000] ✅ Saved: nist_libs_0.5_wt_CeCl3_and_5.0_wt_SmCl3_and_1.5_wt_CsCl.csv
[Run 2094/560000] ✅ Saved: nist_libs_0.5_wt_CeCl3_and_5.0_wt_SmCl3_and_2.0_wt_CsCl.csv
[Run 2095/560000] ✅ Saved: nist_libs_0.5_wt_CeCl3_and_5.0_wt_SmCl3_and_2.5_wt_CsCl.csv
[Run 2096/560000] ✅ Saved: nist_libs_0.5_wt_CeCl3_and_5.0_wt_SmCl3_and_3.0_wt_CsCl.csv
[Run 2097/560000] ✅ Saved: nist_libs_0.5_wt_CeCl3_and_5.0_wt_SmCl3_and_3.5_wt_CsCl.csv
[Run 2098/560000] ✅ Saved: nist_libs_0.5_wt_CeCl3_and_5.0_wt_SmCl3_and_4.0_wt_CsCl.csv
[Run 2100/560000] ✅ Saved: nist_libs_0.5_wt_CeCl3_and_5.0_wt_SmCl3_and_5.0_wt_CsCl.csv
[Run 2099/560000] ✅ Saved: nist_libs_0.5_wt_CeCl3_and_5.0_wt_SmCl3_and_4.5_wt_CsCl.csv
[Run 2101/560000] ✅ Saved: nist_libs_1.0_wt_CeCl3_and_0.5_wt_SmCl3_and_0.5_wt_CsCl.csv
[Run 2102/560000] ✅ Saved: nist_libs_1.0_wt_CeCl3_and_0.5_wt_SmCl3_and_1.0_wt_CsCl.csv
[Run 2104/560000] ✅ Saved: nist_libs_1.0_wt_CeCl3_and_0.5_wt_SmCl3_and_2.0_wt_CsCl.csv
[Run 2105/560000] ✅ Saved: nist_libs_1.0_wt_CeCl3_and_0.5_wt_SmCl3_and_2.5_wt_CsCl.csv
[Run 2103/560000] ✅ Saved: nist_libs_1.0_wt_CeCl3_and_0.5_wt_SmCl3_and_1.5_wt_CsCl.csv
[Run 2106/560000] ✅ Saved: nist_libs_1.0_wt_CeCl3_and_0.5_wt_SmCl3_and_3.0_wt_CsCl.csv
[Run 2107/560000] ✅ Saved: nist_libs_1.0_wt_CeCl3_and_0.5_wt_SmCl3_and_3.5_wt_CsCl.csv
[Run 2108/560000] ✅ Saved: nist_libs_1.0_wt_CeCl3_and_0.5_wt_SmCl3_and_4.0_wt_CsCl.csv
[Run 2110/560000] ✅ Saved: nist_libs_1.0_wt_CeCl3_and_0.5_wt_SmCl3_and_5.0_wt_CsCl.csv
[Run 2109/560000] ✅ Saved: nist_libs_1.0_wt_CeCl3_and_0.5_wt_SmCl3_and_4.5_wt_CsCl.csv
[Run 2111/560000] ✅ Saved: nist_libs_1.0_wt_CeCl3_and_1.0_wt_SmCl3_and_0.5_wt_CsCl.csv
[Run 2112/560000] ✅ Saved: nist_libs_1.0_wt_CeCl3_and_1.0_wt_SmCl3_and_1.0_wt_CsCl.csv
[Run 2114/560000] ✅ Saved: nist_libs_1.0_wt_CeCl3_and_1.0_wt_SmCl3_and_2.0_wt_CsCl.csv
[Run 2113/560000] ✅ Saved: nist_libs_1.0_wt_CeCl3_and_1.0_wt_SmCl3_and_1.5_wt_CsCl.csv
[Run 2115/560000] ✅ Saved: nist_libs_1.0_wt_CeCl3_and_1.0_wt_SmCl3_and_2.5_wt_CsCl.csv
[Run 2116/560000] ✅ Saved: nist_libs_1.0_wt_CeCl3_and_1.0_wt_SmCl3_and_3.0_wt_CsCl.csv
[Run 2117/560000] ✅ Saved: nist_libs_1.0_wt_CeCl3_and_1.0_wt_SmCl3_and_3.5_wt_CsCl.csv
[Run 2118/560000] ✅ Saved: nist_libs_1.0_wt_CeCl3_and_1.0_wt_SmCl3_and_4.0_wt_CsCl.csv
[Run 2120/560000] ✅ Saved: nist_libs_1.0_wt_CeCl3_and_1.0_wt_SmCl3_and_5.0_wt_CsCl.csv
[Run 2119/560000] ✅ Saved: nist_libs_1.0_wt_CeCl3_and_1.0_wt_SmCl3_and_4.5_wt_CsCl.csv
[Run 2121/560000] ✅ Saved: nist_libs_1.0_wt_CeCl3_and_1.5_wt_SmCl3_and_0.5_wt_CsCl.csv
[Run 2122/560000] ✅ Saved: nist_libs_1.0_wt_CeCl3_and_1.5_wt_SmCl3_and_1.0_wt_CsCl.csv
[Run 2125/560000] ✅ Saved: nist_libs_1.0_wt_CeCl3_and_1.5_wt_SmCl3_and_2.5_wt_CsCl.csv
[Run 2123/560000] ✅ Saved: nist_libs_1.0_wt_CeCl3_and_1.5_wt_SmCl3_and_1.5_wt_CsCl.csv
[Run 2124/560000] ✅ Saved: nist_libs_1.0_wt_CeCl3_and_1.5_wt_SmCl3_and_2.0_wt_CsCl.csv
[Run 2126/560000] ✅ Saved: nist_libs_1.0_wt_CeCl3_and_1.5_wt_SmCl3_and_3.0_wt_CsCl.csv
[Run 2128/560000] ✅ Saved: nist_libs_1.0_wt_CeCl3_and_1.5_wt_SmCl3_and_4.0_wt_CsCl.csv
[Run 2130/560000] ✅ Saved: nist_libs_1.0_wt_CeCl3_and_1.5_wt_SmCl3_and_5.0_wt_CsCl.csv
[Run 2127/560000] ✅ Saved: nist_libs_1.0_wt_CeCl3_and_1.5_wt_SmCl3_and_3.5_wt_CsCl.csv
[Run 2129/560000] ✅ Saved: nist_libs_1.0_wt_CeCl3_and_1.5_wt_SmCl3_and_4.5_wt_CsCl.csv
[Run 2131/560000] ✅ Saved: nist_libs_1.0_wt_CeCl3_and_2.0_wt_SmCl3_and_0.5_wt_CsCl.csv
[Run 2134/560000] ✅ Saved: nist_libs_1.0_wt_CeCl3_and_2.0_wt_SmCl3_and_2.0_wt_CsCl.csv
[Run 2132/560000] ✅ Saved: nist_libs_1.0_wt_CeCl3_and_2.0_wt_SmCl3_and_1.0_wt_CsCl.csv
[Run 2133/560000] ✅ Saved: nist_libs_1.0_wt_CeCl3_and_2.0_wt_SmCl3_and_1.5_wt_CsCl.csv
[Run 2135/560000] ✅ Saved: nist_libs_1.0_wt_CeCl3_and_2.0_wt_SmCl3_and_2.5_wt_CsCl.csv
[Run 2136/560000] ✅ Saved: nist_libs_1.0_wt_CeCl3_and_2.0_wt_SmCl3_and_3.0_wt_CsCl.csv
[Run 2137/560000] ✅ Saved: nist_libs_1.0_wt_CeCl3_and_2.0_wt_SmCl3_and_3.5_wt_CsCl.csv
[Run 2138/560000] ✅ Saved: nist_libs_1.0_wt_CeCl3_and_2.0_wt_SmCl3_and_4.0_wt_CsCl.csv
[Run 2139/560000] ✅ Saved: nist_libs_1.0_wt_CeCl3_and_2.0_wt_SmCl3_and_4.5_wt_CsCl.csv
[Run 2140/560000] ✅ Saved: nist_libs_1.0_wt_CeCl3_and_2.0_wt_SmCl3_and_5.0_wt_CsCl.csv
[Run 2141/560000] ✅ Saved: nist_libs_1.0_wt_CeCl3_and_2.5_wt_SmCl3_and_0.5_wt_CsCl.csv
[Run 2142/560000] ✅ Saved: nist_libs_1.0_wt_CeCl3_and_2.5_wt_SmCl3_and_1.0_wt_CsCl.csv
[Run 2143/560000] ✅ Saved: nist_libs_1.0_wt_CeCl3_and_2.5_wt_SmCl3_and_1.5_wt_CsCl.csv
[Run 2144/560000] ✅ Saved: nist_libs_1.0_wt_CeCl3_and_2.5_wt_SmCl3_and_2.0_wt_CsCl.csv
[Run 2145/560000] ✅ Saved: nist_libs_1.0_wt_CeCl3_and_2.5_wt_SmCl3_and_2.5_wt_CsCl.csv
[Run 2146/560000] ✅ Saved: nist_libs_1.0_wt_CeCl3_and_2.5_wt_SmCl3_and_3.0_wt_CsCl.csv
[Run 2147/560000] ✅ Saved: nist_libs_1.0_wt_CeCl3_and_2.5_wt_SmCl3_and_3.5_wt_CsCl.csv
[Run 2148/560000] ✅ Saved: nist_libs_1.0_wt_CeCl3_and_2.5_wt_SmCl3_and_4.0_wt_CsCl.csv
[Run 2149/560000] ✅ Saved: nist_libs_1.0_wt_CeCl3_and_2.5_wt_SmCl3_and_4.5_wt_CsCl.csv
[Run 2150/560000] ✅ Saved: nist_libs_1.0_wt_CeCl3_and_2.5_wt_SmCl3_and_5.0_wt_CsCl.csv
[Run 2151/560000] ✅ Saved: nist_libs_1.0_wt_CeCl3_and_3.0_wt_SmCl3_and_0.5_wt_CsCl.csv
[Run 2152/560000] ✅ Saved: nist_libs_1.0_wt_CeCl3_and_3.0_wt_SmCl3_and_1.0_wt_CsCl.csv
[Run 2153/560000] ✅ Saved: nist_libs_1.0_wt_CeCl3_and_3.0_wt_SmCl3_and_1.5_wt_CsCl.csv
[Run 2154/560000] ✅ Saved: nist_libs_1.0_wt_CeCl3_and_3.0_wt_SmCl3_and_2.0_wt_CsCl.csv
[Run 2155/560000] ✅ Saved: nist_libs_1.0_wt_CeCl3_and_3.0_wt_SmCl3_and_2.5_wt_CsCl.csv
[Run 2156/560000] ✅ Saved: nist_libs_1.0_wt_CeCl3_and_3.0_wt_SmCl3_and_3.0_wt_CsCl.csv
[Run 2157/560000] ✅ Saved: nist_libs_1.0_wt_CeCl3_and_3.0_wt_SmCl3_and_3.5_wt_CsCl.csv
[Run 2159/560000] ✅ Saved: nist_libs_1.0_wt_CeCl3_and_3.0_wt_SmCl3_and_4.5_wt_CsCl.csv
[Run 2158/560000] ✅ Saved: nist_libs_1.0_wt_CeCl3_and_3.0_wt_SmCl3_and_4.0_wt_CsCl.csv
[Run 2160/560000] ✅ Saved: nist_libs_1.0_wt_CeCl3_and_3.0_wt_SmCl3_and_5.0_wt_CsCl.csv
[Run 2161/560000] ✅ Saved: nist_libs_1.0_wt_CeCl3_and_3.5_wt_SmCl3_and_0.5_wt_CsCl.csv
[Run 2162/560000] ✅ Saved: nist_libs_1.0_wt_CeCl3_and_3.5_wt_SmCl3_and_1.0_wt_CsCl.csv
[Run 2163/560000] ✅ Saved: nist_libs_1.0_wt_CeCl3_and_3.5_wt_SmCl3_and_1.5_wt_CsCl.csv
[Run 2164/560000] ✅ Saved: nist_libs_1.0_wt_CeCl3_and_3.5_wt_SmCl3_and_2.0_wt_CsCl.csv
[Run 2165/560000] ✅ Saved: nist_libs_1.0_wt_CeCl3_and_3.5_wt_SmCl3_and_2.5_wt_CsCl.csv
[Run 2166/560000] ✅ Saved: nist_libs_1.0_wt_CeCl3_and_3.5_wt_SmCl3_and_3.0_wt_CsCl.csv
[Run 2167/560000] ✅ Saved: nist_libs_1.0_wt_CeCl3_and_3.5_wt_SmCl3_and_3.5_wt_CsCl.csv
[Run 2168/560000] ✅ Saved: nist_libs_1.0_wt_CeCl3_and_3.5_wt_SmCl3_and_4.0_wt_CsCl.csv
[Run 2169/560000] ✅ Saved: nist_libs_1.0_wt_CeCl3_and_3.5_wt_SmCl3_and_4.5_wt_CsCl.csv
[Run 2170/560000] ✅ Saved: nist_libs_1.0_wt_CeCl3_and_3.5_wt_SmCl3_and_5.0_wt_CsCl.csv
[Run 2171/560000] ✅ Saved: nist_libs_1.0_wt_CeCl3_and_4.0_wt_SmCl3_and_0.5_wt_CsCl.csv
[Run 2172/560000] ✅ Saved: nist_libs_1.0_wt_CeCl3_and_4.0_wt_SmCl3_and_1.0_wt_CsCl.csv
[Run 2173/560000] ✅ Saved: nist_libs_1.0_wt_CeCl3_and_4.0_wt_SmCl3_and_1.5_wt_CsCl.csv
[Run 2174/560000] ✅ Saved: nist_libs_1.0_wt_CeCl3_and_4.0_wt_SmCl3_and_2.0_wt_CsCl.csv
[Run 2175/560000] ✅ Saved: nist_libs_1.0_wt_CeCl3_and_4.0_wt_SmCl3_and_2.5_wt_CsCl.csv
[Run 2177/560000] ✅ Saved: nist_libs_1.0_wt_CeCl3_and_4.0_wt_SmCl3_and_3.5_wt_CsCl.csv
[Run 2176/560000] ✅ Saved: nist_libs_1.0_wt_CeCl3_and_4.0_wt_SmCl3_and_3.0_wt_CsCl.csv
[Run 2178/560000] ✅ Saved: nist_libs_1.0_wt_CeCl3_and_4.0_wt_SmCl3_and_4.0_wt_CsCl.csv
[Run 2179/560000] ✅ Saved: nist_libs_1.0_wt_CeCl3_and_4.0_wt_SmCl3_and_4.5_wt_CsCl.csv
[Run 2181/560000] ✅ Saved: nist_libs_1.0_wt_CeCl3_and_4.5_wt_SmCl3_and_0.5_wt_CsCl.csv
[Run 2180/560000] ✅ Saved: nist_libs_1.0_wt_CeCl3_and_4.0_wt_SmCl3_and_5.0_wt_CsCl.csv
[Run 2182/560000] ✅ Saved: nist_libs_1.0_wt_CeCl3_and_4.5_wt_SmCl3_and_1.0_wt_CsCl.csv
[Run 2183/560000] ✅ Saved: nist_libs_1.0_wt_CeCl3_and_4.5_wt_SmCl3_and_1.5_wt_CsCl.csv
[Run 2184/560000] ✅ Saved: nist_libs_1.0_wt_CeCl3_and_4.5_wt_SmCl3_and_2.0_wt_CsCl.csv
[Run 2185/560000] ✅ Saved: nist_libs_1.0_wt_CeCl3_and_4.5_wt_SmCl3_and_2.5_wt_CsCl.csv
[Run 2188/560000] ✅ Saved: nist_libs_1.0_wt_CeCl3_and_4.5_wt_SmCl3_and_4.0_wt_CsCl.csv
[Run 2187/560000] ✅ Saved: nist_libs_1.0_wt_CeCl3_and_4.5_wt_SmCl3_and_3.5_wt_CsCl.csv
[Run 2186/560000] ✅ Saved: nist_libs_1.0_wt_CeCl3_and_4.5_wt_SmCl3_and_3.0_wt_CsCl.csv
[Run 2189/560000] ✅ Saved: nist_libs_1.0_wt_CeCl3_and_4.5_wt_SmCl3_and_4.5_wt_CsCl.csv
[Run 2190/560000] ✅ Saved: nist_libs_1.0_wt_CeCl3_and_4.5_wt_SmCl3_and_5.0_wt_CsCl.csv
[Run 2191/560000] ✅ Saved: nist_libs_1.0_wt_CeCl3_and_5.0_wt_SmCl3_and_0.5_wt_CsCl.csv
[Run 2193/560000] ✅ Saved: nist_libs_1.0_wt_CeCl3_and_5.0_wt_SmCl3_and_1.5_wt_CsCl.csv
[Run 2192/560000] ✅ Saved: nist_libs_1.0_wt_CeCl3_and_5.0_wt_SmCl3_and_1.0_wt_CsCl.csv
[Run 2194/560000] ✅ Saved: nist_libs_1.0_wt_CeCl3_and_5.0_wt_SmCl3_and_2.0_wt_CsCl.csv
[Run 2195/560000] ✅ Saved: nist_libs_1.0_wt_CeCl3_and_5.0_wt_SmCl3_and_2.5_wt_CsCl.csv
[Run 2197/560000] ✅ Saved: nist_libs_1.0_wt_CeCl3_and_5.0_wt_SmCl3_and_3.5_wt_CsCl.csv
[Run 2196/560000] ✅ Saved: nist_libs_1.0_wt_CeCl3_and_5.0_wt_SmCl3_and_3.0_wt_CsCl.csv
[Run 2198/560000] ✅ Saved: nist_libs_1.0_wt_CeCl3_and_5.0_wt_SmCl3_and_4.0_wt_CsCl.csv
[Run 2201/560000] ✅ Saved: nist_libs_1.5_wt_CeCl3_and_0.5_wt_SmCl3_and_0.5_wt_CsCl.csv
[Run 2199/560000] ✅ Saved: nist_libs_1.0_wt_CeCl3_and_5.0_wt_SmCl3_and_4.5_wt_CsCl.csv
[Run 2200/560000] ✅ Saved: nist_libs_1.0_wt_CeCl3_and_5.0_wt_SmCl3_and_5.0_wt_CsCl.csv
[Run 2202/560000] ✅ Saved: nist_libs_1.5_wt_CeCl3_and_0.5_wt_SmCl3_and_1.0_wt_CsCl.csv
[Run 2203/560000] ✅ Saved: nist_libs_1.5_wt_CeCl3_and_0.5_wt_SmCl3_and_1.5_wt_CsCl.csv
[Run 2204/560000] ✅ Saved: nist_libs_1.5_wt_CeCl3_and_0.5_wt_SmCl3_and_2.0_wt_CsCl.csv
[Run 2206/560000] ✅ Saved: nist_libs_1.5_wt_CeCl3_and_0.5_wt_SmCl3_and_3.0_wt_CsCl.csv
[Run 2205/560000] ✅ Saved: nist_libs_1.5_wt_CeCl3_and_0.5_wt_SmCl3_and_2.5_wt_CsCl.csv
[Run 2207/560000] ✅ Saved: nist_libs_1.5_wt_CeCl3_and_0.5_wt_SmCl3_and_3.5_wt_CsCl.csv
[Run 2208/560000] ✅ Saved: nist_libs_1.5_wt_CeCl3_and_0.5_wt_SmCl3_and_4.0_wt_CsCl.csv
[Run 2209/560000] ✅ Saved: nist_libs_1.5_wt_CeCl3_and_0.5_wt_SmCl3_and_4.5_wt_CsCl.csv
[Run 2210/560000] ✅ Saved: nist_libs_1.5_wt_CeCl3_and_0.5_wt_SmCl3_and_5.0_wt_CsCl.csv
[Run 2211/560000] ✅ Saved: nist_libs_1.5_wt_CeCl3_and_1.0_wt_SmCl3_and_0.5_wt_CsCl.csv
[Run 2212/560000] ✅ Saved: nist_libs_1.5_wt_CeCl3_and_1.0_wt_SmCl3_and_1.0_wt_CsCl.csv
[Run 2214/560000] ✅ Saved: nist_libs_1.5_wt_CeCl3_and_1.0_wt_SmCl3_and_2.0_wt_CsCl.csv
[Run 2213/560000] ✅ Saved: nist_libs_1.5_wt_CeCl3_and_1.0_wt_SmCl3_and_1.5_wt_CsCl.csv
[Run 2215/560000] ✅ Saved: nist_libs_1.5_wt_CeCl3_and_1.0_wt_SmCl3_and_2.5_wt_CsCl.csv
[Run 2216/560000] ✅ Saved: nist_libs_1.5_wt_CeCl3_and_1.0_wt_SmCl3_and_3.0_wt_CsCl.csv
[Run 2217/560000] ✅ Saved: nist_libs_1.5_wt_CeCl3_and_1.0_wt_SmCl3_and_3.5_wt_CsCl.csv
[Run 2218/560000] ✅ Saved: nist_libs_1.5_wt_CeCl3_and_1.0_wt_SmCl3_and_4.0_wt_CsCl.csv
[Run 2219/560000] ✅ Saved: nist_libs_1.5_wt_CeCl3_and_1.0_wt_SmCl3_and_4.5_wt_CsCl.csv
[Run 2220/560000] ✅ Saved: nist_libs_1.5_wt_CeCl3_and_1.0_wt_SmCl3_and_5.0_wt_CsCl.csv
[Run 2221/560000] ✅ Saved: nist_libs_1.5_wt_CeCl3_and_1.5_wt_SmCl3_and_0.5_wt_CsCl.csv
[Run 2222/560000] ✅ Saved: nist_libs_1.5_wt_CeCl3_and_1.5_wt_SmCl3_and_1.0_wt_CsCl.csv
[Run 2224/560000] ✅ Saved: nist_libs_1.5_wt_CeCl3_and_1.5_wt_SmCl3_and_2.0_wt_CsCl.csv
[Run 2223/560000] ✅ Saved: nist_libs_1.5_wt_CeCl3_and_1.5_wt_SmCl3_and_1.5_wt_CsCl.csv
[Run 2225/560000] ✅ Saved: nist_libs_1.5_wt_CeCl3_and_1.5_wt_SmCl3_and_2.5_wt_CsCl.csv
[Run 2226/560000] ✅ Saved: nist_libs_1.5_wt_CeCl3_and_1.5_wt_SmCl3_and_3.0_wt_CsCl.csv
[Run 2227/560000] ✅ Saved: nist_libs_1.5_wt_CeCl3_and_1.5_wt_SmCl3_and_3.5_wt_CsCl.csv
[Run 2228/560000] ✅ Saved: nist_libs_1.5_wt_CeCl3_and_1.5_wt_SmCl3_and_4.0_wt_CsCl.csv
[Run 2229/560000] ✅ Saved: nist_libs_1.5_wt_CeCl3_and_1.5_wt_SmCl3_and_4.5_wt_CsCl.csv
[Run 2230/560000] ✅ Saved: nist_libs_1.5_wt_CeCl3_and_1.5_wt_SmCl3_and_5.0_wt_CsCl.csv
[Run 2231/560000] ✅ Saved: nist_libs_1.5_wt_CeCl3_and_2.0_wt_SmCl3_and_0.5_wt_CsCl.csv
[Run 2232/560000] ✅ Saved: nist_libs_1.5_wt_CeCl3_and_2.0_wt_SmCl3_and_1.0_wt_CsCl.csv
[Run 2233/560000] ✅ Saved: nist_libs_1.5_wt_CeCl3_and_2.0_wt_SmCl3_and_1.5_wt_CsCl.csv
[Run 2234/560000] ✅ Saved: nist_libs_1.5_wt_CeCl3_and_2.0_wt_SmCl3_and_2.0_wt_CsCl.csv
[Run 2235/560000] ✅ Saved: nist_libs_1.5_wt_CeCl3_and_2.0_wt_SmCl3_and_2.5_wt_CsCl.csv
[Run 2236/560000] ✅ Saved: nist_libs_1.5_wt_CeCl3_and_2.0_wt_SmCl3_and_3.0_wt_CsCl.csv
[Run 2237/560000] ✅ Saved: nist_libs_1.5_wt_CeCl3_and_2.0_wt_SmCl3_and_3.5_wt_CsCl.csv
[Run 2238/560000] ✅ Saved: nist_libs_1.5_wt_CeCl3_and_2.0_wt_SmCl3_and_4.0_wt_CsCl.csv
[Run 2239/560000] ✅ Saved: nist_libs_1.5_wt_CeCl3_and_2.0_wt_SmCl3_and_4.5_wt_CsCl.csv
[Run 2240/560000] ✅ Saved: nist_libs_1.5_wt_CeCl3_and_2.0_wt_SmCl3_and_5.0_wt_CsCl.csv
[Run 2241/560000] ✅ Saved: nist_libs_1.5_wt_CeCl3_and_2.5_wt_SmCl3_and_0.5_wt_CsCl.csv
[Run 2242/560000] ✅ Saved: nist_libs_1.5_wt_CeCl3_and_2.5_wt_SmCl3_and_1.0_wt_CsCl.csv
[Run 2243/560000] ✅ Saved: nist_libs_1.5_wt_CeCl3_and_2.5_wt_SmCl3_and_1.5_wt_CsCl.csv
[Run 2244/560000] ✅ Saved: nist_libs_1.5_wt_CeCl3_and_2.5_wt_SmCl3_and_2.0_wt_CsCl.csv
[Run 2245/560000] ✅ Saved: nist_libs_1.5_wt_CeCl3_and_2.5_wt_SmCl3_and_2.5_wt_CsCl.csv
[Run 2246/560000] ✅ Saved: nist_libs_1.5_wt_CeCl3_and_2.5_wt_SmCl3_and_3.0_wt_CsCl.csv
[Run 2247/560000] ✅ Saved: nist_libs_1.5_wt_CeCl3_and_2.5_wt_SmCl3_and_3.5_wt_CsCl.csv
[Run 2248/560000] ✅ Saved: nist_libs_1.5_wt_CeCl3_and_2.5_wt_SmCl3_and_4.0_wt_CsCl.csv
[Run 2249/560000] ✅ Saved: nist_libs_1.5_wt_CeCl3_and_2.5_wt_SmCl3_and_4.5_wt_CsCl.csv
[Run 2250/560000] ✅ Saved: nist_libs_1.5_wt_CeCl3_and_2.5_wt_SmCl3_and_5.0_wt_CsCl.csv
[Run 2251/560000] ✅ Saved: nist_libs_1.5_wt_CeCl3_and_3.0_wt_SmCl3_and_0.5_wt_CsCl.csv
[Run 2252/560000] ✅ Saved: nist_libs_1.5_wt_CeCl3_and_3.0_wt_SmCl3_and_1.0_wt_CsCl.csv
[Run 2253/560000] ✅ Saved: nist_libs_1.5_wt_CeCl3_and_3.0_wt_SmCl3_and_1.5_wt_CsCl.csv
[Run 2254/560000] ✅ Saved: nist_libs_1.5_wt_CeCl3_and_3.0_wt_SmCl3_and_2.0_wt_CsCl.csv
[Run 2255/560000] ✅ Saved: nist_libs_1.5_wt_CeCl3_and_3.0_wt_SmCl3_and_2.5_wt_CsCl.csv
[Run 2256/560000] ✅ Saved: nist_libs_1.5_wt_CeCl3_and_3.0_wt_SmCl3_and_3.0_wt_CsCl.csv
[Run 2257/560000] ✅ Saved: nist_libs_1.5_wt_CeCl3_and_3.0_wt_SmCl3_and_3.5_wt_CsCl.csv
[Run 2258/560000] ✅ Saved: nist_libs_1.5_wt_CeCl3_and_3.0_wt_SmCl3_and_4.0_wt_CsCl.csv
[Run 2259/560000] ✅ Saved: nist_libs_1.5_wt_CeCl3_and_3.0_wt_SmCl3_and_4.5_wt_CsCl.csv
[Run 2260/560000] ✅ Saved: nist_libs_1.5_wt_CeCl3_and_3.0_wt_SmCl3_and_5.0_wt_CsCl.csv
[Run 2261/560000] ✅ Saved: nist_libs_1.5_wt_CeCl3_and_3.5_wt_SmCl3_and_0.5_wt_CsCl.csv
[Run 2262/560000] ✅ Saved: nist_libs_1.5_wt_CeCl3_and_3.5_wt_SmCl3_and_1.0_wt_CsCl.csv
[Run 2263/560000] ✅ Saved: nist_libs_1.5_wt_CeCl3_and_3.5_wt_SmCl3_and_1.5_wt_CsCl.csv
[Run 2264/560000] ✅ Saved: nist_libs_1.5_wt_CeCl3_and_3.5_wt_SmCl3_and_2.0_wt_CsCl.csv
[Run 2265/560000] ✅ Saved: nist_libs_1.5_wt_CeCl3_and_3.5_wt_SmCl3_and_2.5_wt_CsCl.csv
[Run 2266/560000] ✅ Saved: nist_libs_1.5_wt_CeCl3_and_3.5_wt_SmCl3_and_3.0_wt_CsCl.csv
[Run 2267/560000] ✅ Saved: nist_libs_1.5_wt_CeCl3_and_3.5_wt_SmCl3_and_3.5_wt_CsCl.csv
[Run 2268/560000] ✅ Saved: nist_libs_1.5_wt_CeCl3_and_3.5_wt_SmCl3_and_4.0_wt_CsCl.csv
[Run 2270/560000] ✅ Saved: nist_libs_1.5_wt_CeCl3_and_3.5_wt_SmCl3_and_5.0_wt_CsCl.csv
[Run 2269/560000] ✅ Saved: nist_libs_1.5_wt_CeCl3_and_3.5_wt_SmCl3_and_4.5_wt_CsCl.csv
[Run 2271/560000] ✅ Saved: nist_libs_1.5_wt_CeCl3_and_4.0_wt_SmCl3_and_0.5_wt_CsCl.csv
[Run 2272/560000] ✅ Saved: nist_libs_1.5_wt_CeCl3_and_4.0_wt_SmCl3_and_1.0_wt_CsCl.csv
[Run 2273/560000] ✅ Saved: nist_libs_1.5_wt_CeCl3_and_4.0_wt_SmCl3_and_1.5_wt_CsCl.csv
[Run 2274/560000] ✅ Saved: nist_libs_1.5_wt_CeCl3_and_4.0_wt_SmCl3_and_2.0_wt_CsCl.csv
[Run 2275/560000] ✅ Saved: nist_libs_1.5_wt_CeCl3_and_4.0_wt_SmCl3_and_2.5_wt_CsCl.csv
[Run 2276/560000] ✅ Saved: nist_libs_1.5_wt_CeCl3_and_4.0_wt_SmCl3_and_3.0_wt_CsCl.csv
[Run 2277/560000] ✅ Saved: nist_libs_1.5_wt_CeCl3_and_4.0_wt_SmCl3_and_3.5_wt_CsCl.csv
[Run 2278/560000] ✅ Saved: nist_libs_1.5_wt_CeCl3_and_4.0_wt_SmCl3_and_4.0_wt_CsCl.csv
[Run 2279/560000] ✅ Saved: nist_libs_1.5_wt_CeCl3_and_4.0_wt_SmCl3_and_4.5_wt_CsCl.csv
[Run 2280/560000] ✅ Saved: nist_libs_1.5_wt_CeCl3_and_4.0_wt_SmCl3_and_5.0_wt_CsCl.csv
[Run 2281/560000] ✅ Saved: nist_libs_1.5_wt_CeCl3_and_4.5_wt_SmCl3_and_0.5_wt_CsCl.csv
[Run 2282/560000] ✅ Saved: nist_libs_1.5_wt_CeCl3_and_4.5_wt_SmCl3_and_1.0_wt_CsCl.csv
[Run 2283/560000] ✅ Saved: nist_libs_1.5_wt_CeCl3_and_4.5_wt_SmCl3_and_1.5_wt_CsCl.csv
[Run 2284/560000] ✅ Saved: nist_libs_1.5_wt_CeCl3_and_4.5_wt_SmCl3_and_2.0_wt_CsCl.csv
[Run 2285/560000] ✅ Saved: nist_libs_1.5_wt_CeCl3_and_4.5_wt_SmCl3_and_2.5_wt_CsCl.csv
[Run 2286/560000] ✅ Saved: nist_libs_1.5_wt_CeCl3_and_4.5_wt_SmCl3_and_3.0_wt_CsCl.csv
[Run 2287/560000] ✅ Saved: nist_libs_1.5_wt_CeCl3_and_4.5_wt_SmCl3_and_3.5_wt_CsCl.csv
[Run 2288/560000] ✅ Saved: nist_libs_1.5_wt_CeCl3_and_4.5_wt_SmCl3_and_4.0_wt_CsCl.csv
[Run 2289/560000] ✅ Saved: nist_libs_1.5_wt_CeCl3_and_4.5_wt_SmCl3_and_4.5_wt_CsCl.csv
[Run 2290/560000] ✅ Saved: nist_libs_1.5_wt_CeCl3_and_4.5_wt_SmCl3_and_5.0_wt_CsCl.csv
[Run 2291/560000] ✅ Saved: nist_libs_1.5_wt_CeCl3_and_5.0_wt_SmCl3_and_0.5_wt_CsCl.csv
[Run 2292/560000] ✅ Saved: nist_libs_1.5_wt_CeCl3_and_5.0_wt_SmCl3_and_1.0_wt_CsCl.csv
[Run 2293/560000] ✅ Saved: nist_libs_1.5_wt_CeCl3_and_5.0_wt_SmCl3_and_1.5_wt_CsCl.csv
[Run 2294/560000] ✅ Saved: nist_libs_1.5_wt_CeCl3_and_5.0_wt_SmCl3_and_2.0_wt_CsCl.csv
[Run 2295/560000] ✅ Saved: nist_libs_1.5_wt_CeCl3_and_5.0_wt_SmCl3_and_2.5_wt_CsCl.csv
[Run 2296/560000] ✅ Saved: nist_libs_1.5_wt_CeCl3_and_5.0_wt_SmCl3_and_3.0_wt_CsCl.csv
[Run 2297/560000] ✅ Saved: nist_libs_1.5_wt_CeCl3_and_5.0_wt_SmCl3_and_3.5_wt_CsCl.csv
[Run 2298/560000] ✅ Saved: nist_libs_1.5_wt_CeCl3_and_5.0_wt_SmCl3_and_4.0_wt_CsCl.csv
[Run 2299/560000] ✅ Saved: nist_libs_1.5_wt_CeCl3_and_5.0_wt_SmCl3_and_4.5_wt_CsCl.csv
[Run 2300/560000] ✅ Saved: nist_libs_1.5_wt_CeCl3_and_5.0_wt_SmCl3_and_5.0_wt_CsCl.csv
[Run 2301/560000] ✅ Saved: nist_libs_2.0_wt_CeCl3_and_0.5_wt_SmCl3_and_0.5_wt_CsCl.csv
[Run 2302/560000] ✅ Saved: nist_libs_2.0_wt_CeCl3_and_0.5_wt_SmCl3_and_1.0_wt_CsCl.csv
[Run 2303/560000] ✅ Saved: nist_libs_2.0_wt_CeCl3_and_0.5_wt_SmCl3_and_1.5_wt_CsCl.csv
[Run 2304/560000] ✅ Saved: nist_libs_2.0_wt_CeCl3_and_0.5_wt_SmCl3_and_2.0_wt_CsCl.csv
[Run 2305/560000] ✅ Saved: nist_libs_2.0_wt_CeCl3_and_0.5_wt_SmCl3_and_2.5_wt_CsCl.csv
[Run 2306/560000] ✅ Saved: nist_libs_2.0_wt_CeCl3_and_0.5_wt_SmCl3_and_3.0_wt_CsCl.csv
[Run 2307/560000] ✅ Saved: nist_libs_2.0_wt_CeCl3_and_0.5_wt_SmCl3_and_3.5_wt_CsCl.csv
[Run 2308/560000] ✅ Saved: nist_libs_2.0_wt_CeCl3_and_0.5_wt_SmCl3_and_4.0_wt_CsCl.csv
[Run 2309/560000] ✅ Saved: nist_libs_2.0_wt_CeCl3_and_0.5_wt_SmCl3_and_4.5_wt_CsCl.csv
[Run 2310/560000] ✅ Saved: nist_libs_2.0_wt_CeCl3_and_0.5_wt_SmCl3_and_5.0_wt_CsCl.csv
[Run 2311/560000] ✅ Saved: nist_libs_2.0_wt_CeCl3_and_1.0_wt_SmCl3_and_0.5_wt_CsCl.csv
[Run 2312/560000] ✅ Saved: nist_libs_2.0_wt_CeCl3_and_1.0_wt_SmCl3_and_1.0_wt_CsCl.csv
[Run 2313/560000] ✅ Saved: nist_libs_2.0_wt_CeCl3_and_1.0_wt_SmCl3_and_1.5_wt_CsCl.csv
[Run 2314/560000] ✅ Saved: nist_libs_2.0_wt_CeCl3_and_1.0_wt_SmCl3_and_2.0_wt_CsCl.csv
[Run 2315/560000] ✅ Saved: nist_libs_2.0_wt_CeCl3_and_1.0_wt_SmCl3_and_2.5_wt_CsCl.csv
[Run 2316/560000] ✅ Saved: nist_libs_2.0_wt_CeCl3_and_1.0_wt_SmCl3_and_3.0_wt_CsCl.csv
[Run 2317/560000] ✅ Saved: nist_libs_2.0_wt_CeCl3_and_1.0_wt_SmCl3_and_3.5_wt_CsCl.csv
[Run 2318/560000] ✅ Saved: nist_libs_2.0_wt_CeCl3_and_1.0_wt_SmCl3_and_4.0_wt_CsCl.csv
[Run 2319/560000] ✅ Saved: nist_libs_2.0_wt_CeCl3_and_1.0_wt_SmCl3_and_4.5_wt_CsCl.csv
[Run 2320/560000] ✅ Saved: nist_libs_2.0_wt_CeCl3_and_1.0_wt_SmCl3_and_5.0_wt_CsCl.csv
[Run 2321/560000] ✅ Saved: nist_libs_2.0_wt_CeCl3_and_1.5_wt_SmCl3_and_0.5_wt_CsCl.csv
[Run 2322/560000] ✅ Saved: nist_libs_2.0_wt_CeCl3_and_1.5_wt_SmCl3_and_1.0_wt_CsCl.csv
[Run 2323/560000] ✅ Saved: nist_libs_2.0_wt_CeCl3_and_1.5_wt_SmCl3_and_1.5_wt_CsCl.csv
[Run 2324/560000] ✅ Saved: nist_libs_2.0_wt_CeCl3_and_1.5_wt_SmCl3_and_2.0_wt_CsCl.csv
[Run 2325/560000] ✅ Saved: nist_libs_2.0_wt_CeCl3_and_1.5_wt_SmCl3_and_2.5_wt_CsCl.csv
[Run 2326/560000] ✅ Saved: nist_libs_2.0_wt_CeCl3_and_1.5_wt_SmCl3_and_3.0_wt_CsCl.csv
[Run 2327/560000] ✅ Saved: nist_libs_2.0_wt_CeCl3_and_1.5_wt_SmCl3_and_3.5_wt_CsCl.csv
[Run 2330/560000] ✅ Saved: nist_libs_2.0_wt_CeCl3_and_1.5_wt_SmCl3_and_5.0_wt_CsCl.csv
[Run 2328/560000] ✅ Saved: nist_libs_2.0_wt_CeCl3_and_1.5_wt_SmCl3_and_4.0_wt_CsCl.csv
[Run 2329/560000] ✅ Saved: nist_libs_2.0_wt_CeCl3_and_1.5_wt_SmCl3_and_4.5_wt_CsCl.csv
[Run 2331/560000] ✅ Saved: nist_libs_2.0_wt_CeCl3_and_2.0_wt_SmCl3_and_0.5_wt_CsCl.csv
[Run 2333/560000] ✅ Saved: nist_libs_2.0_wt_CeCl3_and_2.0_wt_SmCl3_and_1.5_wt_CsCl.csv
[Run 2332/560000] ✅ Saved: nist_libs_2.0_wt_CeCl3_and_2.0_wt_SmCl3_and_1.0_wt_CsCl.csv
[Run 2334/560000] ✅ Saved: nist_libs_2.0_wt_CeCl3_and_2.0_wt_SmCl3_and_2.0_wt_CsCl.csv
[Run 2335/560000] ✅ Saved: nist_libs_2.0_wt_CeCl3_and_2.0_wt_SmCl3_and_2.5_wt_CsCl.csv
[Run 2336/560000] ✅ Saved: nist_libs_2.0_wt_CeCl3_and_2.0_wt_SmCl3_and_3.0_wt_CsCl.csv
[Run 2339/560000] ✅ Saved: nist_libs_2.0_wt_CeCl3_and_2.0_wt_SmCl3_and_4.5_wt_CsCl.csv
[Run 2338/560000] ✅ Saved: nist_libs_2.0_wt_CeCl3_and_2.0_wt_SmCl3_and_4.0_wt_CsCl.csv
[Run 2337/560000] ✅ Saved: nist_libs_2.0_wt_CeCl3_and_2.0_wt_SmCl3_and_3.5_wt_CsCl.csv
[Run 2340/560000] ✅ Saved: nist_libs_2.0_wt_CeCl3_and_2.0_wt_SmCl3_and_5.0_wt_CsCl.csv
[Run 2341/560000] ✅ Saved: nist_libs_2.0_wt_CeCl3_and_2.5_wt_SmCl3_and_0.5_wt_CsCl.csv
[Run 2342/560000] ✅ Saved: nist_libs_2.0_wt_CeCl3_and_2.5_wt_SmCl3_and_1.0_wt_CsCl.csv
[Run 2343/560000] ✅ Saved: nist_libs_2.0_wt_CeCl3_and_2.5_wt_SmCl3_and_1.5_wt_CsCl.csv
[Run 2344/560000] ✅ Saved: nist_libs_2.0_wt_CeCl3_and_2.5_wt_SmCl3_and_2.0_wt_CsCl.csv
[Run 2345/560000] ✅ Saved: nist_libs_2.0_wt_CeCl3_and_2.5_wt_SmCl3_and_2.5_wt_CsCl.csv
[Run 2346/560000] ✅ Saved: nist_libs_2.0_wt_CeCl3_and_2.5_wt_SmCl3_and_3.0_wt_CsCl.csv
[Run 2347/560000] ✅ Saved: nist_libs_2.0_wt_CeCl3_and_2.5_wt_SmCl3_and_3.5_wt_CsCl.csv
[Run 2348/560000] ✅ Saved: nist_libs_2.0_wt_CeCl3_and_2.5_wt_SmCl3_and_4.0_wt_CsCl.csv
[Run 2349/560000] ✅ Saved: nist_libs_2.0_wt_CeCl3_and_2.5_wt_SmCl3_and_4.5_wt_CsCl.csv
[Run 2350/560000] ✅ Saved: nist_libs_2.0_wt_CeCl3_and_2.5_wt_SmCl3_and_5.0_wt_CsCl.csv
[Run 2351/560000] ✅ Saved: nist_libs_2.0_wt_CeCl3_and_3.0_wt_SmCl3_and_0.5_wt_CsCl.csv
[Run 2352/560000] ✅ Saved: nist_libs_2.0_wt_CeCl3_and_3.0_wt_SmCl3_and_1.0_wt_CsCl.csv
[Run 2353/560000] ✅ Saved: nist_libs_2.0_wt_CeCl3_and_3.0_wt_SmCl3_and_1.5_wt_CsCl.csv
[Run 2354/560000] ✅ Saved: nist_libs_2.0_wt_CeCl3_and_3.0_wt_SmCl3_and_2.0_wt_CsCl.csv
[Run 2355/560000] ✅ Saved: nist_libs_2.0_wt_CeCl3_and_3.0_wt_SmCl3_and_2.5_wt_CsCl.csv
[Run 2356/560000] ✅ Saved: nist_libs_2.0_wt_CeCl3_and_3.0_wt_SmCl3_and_3.0_wt_CsCl.csv
[Run 2357/560000] ✅ Saved: nist_libs_2.0_wt_CeCl3_and_3.0_wt_SmCl3_and_3.5_wt_CsCl.csv
[Run 2358/560000] ✅ Saved: nist_libs_2.0_wt_CeCl3_and_3.0_wt_SmCl3_and_4.0_wt_CsCl.csv
[Run 2360/560000] ✅ Saved: nist_libs_2.0_wt_CeCl3_and_3.0_wt_SmCl3_and_5.0_wt_CsCl.csv
[Run 2359/560000] ✅ Saved: nist_libs_2.0_wt_CeCl3_and_3.0_wt_SmCl3_and_4.5_wt_CsCl.csv
[Run 2361/560000] ✅ Saved: nist_libs_2.0_wt_CeCl3_and_3.5_wt_SmCl3_and_0.5_wt_CsCl.csv
[Run 2362/560000] ✅ Saved: nist_libs_2.0_wt_CeCl3_and_3.5_wt_SmCl3_and_1.0_wt_CsCl.csv
[Run 2364/560000] ✅ Saved: nist_libs_2.0_wt_CeCl3_and_3.5_wt_SmCl3_and_2.0_wt_CsCl.csv
[Run 2363/560000] ✅ Saved: nist_libs_2.0_wt_CeCl3_and_3.5_wt_SmCl3_and_1.5_wt_CsCl.csv
[Run 2365/560000] ✅ Saved: nist_libs_2.0_wt_CeCl3_and_3.5_wt_SmCl3_and_2.5_wt_CsCl.csv
[Run 2366/560000] ✅ Saved: nist_libs_2.0_wt_CeCl3_and_3.5_wt_SmCl3_and_3.0_wt_CsCl.csv
[Run 2368/560000] ✅ Saved: nist_libs_2.0_wt_CeCl3_and_3.5_wt_SmCl3_and_4.0_wt_CsCl.csv
[Run 2367/560000] ✅ Saved: nist_libs_2.0_wt_CeCl3_and_3.5_wt_SmCl3_and_3.5_wt_CsCl.csv
[Run 2369/560000] ✅ Saved: nist_libs_2.0_wt_CeCl3_and_3.5_wt_SmCl3_and_4.5_wt_CsCl.csv
[Run 2370/560000] ✅ Saved: nist_libs_2.0_wt_CeCl3_and_3.5_wt_SmCl3_and_5.0_wt_CsCl.csv
[Run 2371/560000] ✅ Saved: nist_libs_2.0_wt_CeCl3_and_4.0_wt_SmCl3_and_0.5_wt_CsCl.csv
[Run 2373/560000] ✅ Saved: nist_libs_2.0_wt_CeCl3_and_4.0_wt_SmCl3_and_1.5_wt_CsCl.csv
[Run 2372/560000] ✅ Saved: nist_libs_2.0_wt_CeCl3_and_4.0_wt_SmCl3_and_1.0_wt_CsCl.csv
[Run 2374/560000] ✅ Saved: nist_libs_2.0_wt_CeCl3_and_4.0_wt_SmCl3_and_2.0_wt_CsCl.csv
[Run 2375/560000] ✅ Saved: nist_libs_2.0_wt_CeCl3_and_4.0_wt_SmCl3_and_2.5_wt_CsCl.csv
[Run 2376/560000] ✅ Saved: nist_libs_2.0_wt_CeCl3_and_4.0_wt_SmCl3_and_3.0_wt_CsCl.csv
[Run 2377/560000] ✅ Saved: nist_libs_2.0_wt_CeCl3_and_4.0_wt_SmCl3_and_3.5_wt_CsCl.csv
[Run 2378/560000] ✅ Saved: nist_libs_2.0_wt_CeCl3_and_4.0_wt_SmCl3_and_4.0_wt_CsCl.csv
[Run 2379/560000] ✅ Saved: nist_libs_2.0_wt_CeCl3_and_4.0_wt_SmCl3_and_4.5_wt_CsCl.csv
[Run 2380/560000] ✅ Saved: nist_libs_2.0_wt_CeCl3_and_4.0_wt_SmCl3_and_5.0_wt_CsCl.csv
[Run 2381/560000] ✅ Saved: nist_libs_2.0_wt_CeCl3_and_4.5_wt_SmCl3_and_0.5_wt_CsCl.csv
[Run 2382/560000] ✅ Saved: nist_libs_2.0_wt_CeCl3_and_4.5_wt_SmCl3_and_1.0_wt_CsCl.csv
[Run 2383/560000] ✅ Saved: nist_libs_2.0_wt_CeCl3_and_4.5_wt_SmCl3_and_1.5_wt_CsCl.csv
[Run 2384/560000] ✅ Saved: nist_libs_2.0_wt_CeCl3_and_4.5_wt_SmCl3_and_2.0_wt_CsCl.csv
[Run 2385/560000] ✅ Saved: nist_libs_2.0_wt_CeCl3_and_4.5_wt_SmCl3_and_2.5_wt_CsCl.csv
[Run 2386/560000] ✅ Saved: nist_libs_2.0_wt_CeCl3_and_4.5_wt_SmCl3_and_3.0_wt_CsCl.csv
[Run 2387/560000] ✅ Saved: nist_libs_2.0_wt_CeCl3_and_4.5_wt_SmCl3_and_3.5_wt_CsCl.csv
[Run 2388/560000] ✅ Saved: nist_libs_2.0_wt_CeCl3_and_4.5_wt_SmCl3_and_4.0_wt_CsCl.csv
[Run 2390/560000] ✅ Saved: nist_libs_2.0_wt_CeCl3_and_4.5_wt_SmCl3_and_5.0_wt_CsCl.csv
[Run 2389/560000] ✅ Saved: nist_libs_2.0_wt_CeCl3_and_4.5_wt_SmCl3_and_4.5_wt_CsCl.csv
[Run 2391/560000] ✅ Saved: nist_libs_2.0_wt_CeCl3_and_5.0_wt_SmCl3_and_0.5_wt_CsCl.csv
[Run 2392/560000] ✅ Saved: nist_libs_2.0_wt_CeCl3_and_5.0_wt_SmCl3_and_1.0_wt_CsCl.csv
[Run 2393/560000] ✅ Saved: nist_libs_2.0_wt_CeCl3_and_5.0_wt_SmCl3_and_1.5_wt_CsCl.csv
[Run 2394/560000] ✅ Saved: nist_libs_2.0_wt_CeCl3_and_5.0_wt_SmCl3_and_2.0_wt_CsCl.csv
[Run 2395/560000] ✅ Saved: nist_libs_2.0_wt_CeCl3_and_5.0_wt_SmCl3_and_2.5_wt_CsCl.csv
[Run 2396/560000] ✅ Saved: nist_libs_2.0_wt_CeCl3_and_5.0_wt_SmCl3_and_3.0_wt_CsCl.csv
[Run 2397/560000] ✅ Saved: nist_libs_2.0_wt_CeCl3_and_5.0_wt_SmCl3_and_3.5_wt_CsCl.csv
[Run 2398/560000] ✅ Saved: nist_libs_2.0_wt_CeCl3_and_5.0_wt_SmCl3_and_4.0_wt_CsCl.csv
[Run 2399/560000] ✅ Saved: nist_libs_2.0_wt_CeCl3_and_5.0_wt_SmCl3_and_4.5_wt_CsCl.csv
[Run 2400/560000] ✅ Saved: nist_libs_2.0_wt_CeCl3_and_5.0_wt_SmCl3_and_5.0_wt_CsCl.csv
[Run 2401/560000] ✅ Saved: nist_libs_2.5_wt_CeCl3_and_0.5_wt_SmCl3_and_0.5_wt_CsCl.csv
[Run 2403/560000] ✅ Saved: nist_libs_2.5_wt_CeCl3_and_0.5_wt_SmCl3_and_1.5_wt_CsCl.csv
[Run 2402/560000] ✅ Saved: nist_libs_2.5_wt_CeCl3_and_0.5_wt_SmCl3_and_1.0_wt_CsCl.csv
[Run 2404/560000] ✅ Saved: nist_libs_2.5_wt_CeCl3_and_0.5_wt_SmCl3_and_2.0_wt_CsCl.csv
[Run 2405/560000] ✅ Saved: nist_libs_2.5_wt_CeCl3_and_0.5_wt_SmCl3_and_2.5_wt_CsCl.csv
[Run 2406/560000] ✅ Saved: nist_libs_2.5_wt_CeCl3_and_0.5_wt_SmCl3_and_3.0_wt_CsCl.csv
[Run 2407/560000] ✅ Saved: nist_libs_2.5_wt_CeCl3_and_0.5_wt_SmCl3_and_3.5_wt_CsCl.csv
[Run 2408/560000] ✅ Saved: nist_libs_2.5_wt_CeCl3_and_0.5_wt_SmCl3_and_4.0_wt_CsCl.csv
[Run 2409/560000] ✅ Saved: nist_libs_2.5_wt_CeCl3_and_0.5_wt_SmCl3_and_4.5_wt_CsCl.csv
[Run 2410/560000] ✅ Saved: nist_libs_2.5_wt_CeCl3_and_0.5_wt_SmCl3_and_5.0_wt_CsCl.csv
[Run 2411/560000] ✅ Saved: nist_libs_2.5_wt_CeCl3_and_1.0_wt_SmCl3_and_0.5_wt_CsCl.csv
[Run 2412/560000] ✅ Saved: nist_libs_2.5_wt_CeCl3_and_1.0_wt_SmCl3_and_1.0_wt_CsCl.csv
[Run 2413/560000] ✅ Saved: nist_libs_2.5_wt_CeCl3_and_1.0_wt_SmCl3_and_1.5_wt_CsCl.csv
[Run 2414/560000] ✅ Saved: nist_libs_2.5_wt_CeCl3_and_1.0_wt_SmCl3_and_2.0_wt_CsCl.csv
[Run 2415/560000] ✅ Saved: nist_libs_2.5_wt_CeCl3_and_1.0_wt_SmCl3_and_2.5_wt_CsCl.csv
[Run 2416/560000] ✅ Saved: nist_libs_2.5_wt_CeCl3_and_1.0_wt_SmCl3_and_3.0_wt_CsCl.csv
[Run 2417/560000] ✅ Saved: nist_libs_2.5_wt_CeCl3_and_1.0_wt_SmCl3_and_3.5_wt_CsCl.csv
[Run 2418/560000] ✅ Saved: nist_libs_2.5_wt_CeCl3_and_1.0_wt_SmCl3_and_4.0_wt_CsCl.csv
[Run 2419/560000] ✅ Saved: nist_libs_2.5_wt_CeCl3_and_1.0_wt_SmCl3_and_4.5_wt_CsCl.csv
[Run 2420/560000] ✅ Saved: nist_libs_2.5_wt_CeCl3_and_1.0_wt_SmCl3_and_5.0_wt_CsCl.csv
[Run 2421/560000] ✅ Saved: nist_libs_2.5_wt_CeCl3_and_1.5_wt_SmCl3_and_0.5_wt_CsCl.csv
[Run 2422/560000] ✅ Saved: nist_libs_2.5_wt_CeCl3_and_1.5_wt_SmCl3_and_1.0_wt_CsCl.csv
[Run 2423/560000] ✅ Saved: nist_libs_2.5_wt_CeCl3_and_1.5_wt_SmCl3_and_1.5_wt_CsCl.csv
[Run 2424/560000] ✅ Saved: nist_libs_2.5_wt_CeCl3_and_1.5_wt_SmCl3_and_2.0_wt_CsCl.csv
[Run 2425/560000] ✅ Saved: nist_libs_2.5_wt_CeCl3_and_1.5_wt_SmCl3_and_2.5_wt_CsCl.csv
[Run 2426/560000] ✅ Saved: nist_libs_2.5_wt_CeCl3_and_1.5_wt_SmCl3_and_3.0_wt_CsCl.csv
[Run 2427/560000] ✅ Saved: nist_libs_2.5_wt_CeCl3_and_1.5_wt_SmCl3_and_3.5_wt_CsCl.csv
[Run 2428/560000] ✅ Saved: nist_libs_2.5_wt_CeCl3_and_1.5_wt_SmCl3_and_4.0_wt_CsCl.csv
[Run 2429/560000] ✅ Saved: nist_libs_2.5_wt_CeCl3_and_1.5_wt_SmCl3_and_4.5_wt_CsCl.csv
[Run 2430/560000] ✅ Saved: nist_libs_2.5_wt_CeCl3_and_1.5_wt_SmCl3_and_5.0_wt_CsCl.csv
[Run 2431/560000] ✅ Saved: nist_libs_2.5_wt_CeCl3_and_2.0_wt_SmCl3_and_0.5_wt_CsCl.csv
[Run 2432/560000] ✅ Saved: nist_libs_2.5_wt_CeCl3_and_2.0_wt_SmCl3_and_1.0_wt_CsCl.csv
[Run 2433/560000] ✅ Saved: nist_libs_2.5_wt_CeCl3_and_2.0_wt_SmCl3_and_1.5_wt_CsCl.csv
[Run 2434/560000] ✅ Saved: nist_libs_2.5_wt_CeCl3_and_2.0_wt_SmCl3_and_2.0_wt_CsCl.csv
[Run 2435/560000] ✅ Saved: nist_libs_2.5_wt_CeCl3_and_2.0_wt_SmCl3_and_2.5_wt_CsCl.csv
[Run 2436/560000] ✅ Saved: nist_libs_2.5_wt_CeCl3_and_2.0_wt_SmCl3_and_3.0_wt_CsCl.csv
[Run 2437/560000] ✅ Saved: nist_libs_2.5_wt_CeCl3_and_2.0_wt_SmCl3_and_3.5_wt_CsCl.csv
[Run 2438/560000] ✅ Saved: nist_libs_2.5_wt_CeCl3_and_2.0_wt_SmCl3_and_4.0_wt_CsCl.csv
[Run 2439/560000] ✅ Saved: nist_libs_2.5_wt_CeCl3_and_2.0_wt_SmCl3_and_4.5_wt_CsCl.csv
[Run 2440/560000] ✅ Saved: nist_libs_2.5_wt_CeCl3_and_2.0_wt_SmCl3_and_5.0_wt_CsCl.csv
[Run 2441/560000] ✅ Saved: nist_libs_2.5_wt_CeCl3_and_2.5_wt_SmCl3_and_0.5_wt_CsCl.csv
[Run 2442/560000] ✅ Saved: nist_libs_2.5_wt_CeCl3_and_2.5_wt_SmCl3_and_1.0_wt_CsCl.csv
[Run 2443/560000] ✅ Saved: nist_libs_2.5_wt_CeCl3_and_2.5_wt_SmCl3_and_1.5_wt_CsCl.csv
[Run 2444/560000] ✅ Saved: nist_libs_2.5_wt_CeCl3_and_2.5_wt_SmCl3_and_2.0_wt_CsCl.csv
[Run 2445/560000] ✅ Saved: nist_libs_2.5_wt_CeCl3_and_2.5_wt_SmCl3_and_2.5_wt_CsCl.csv
[Run 2446/560000] ✅ Saved: nist_libs_2.5_wt_CeCl3_and_2.5_wt_SmCl3_and_3.0_wt_CsCl.csv
[Run 2448/560000] ✅ Saved: nist_libs_2.5_wt_CeCl3_and_2.5_wt_SmCl3_and_4.0_wt_CsCl.csv
[Run 2447/560000] ✅ Saved: nist_libs_2.5_wt_CeCl3_and_2.5_wt_SmCl3_and_3.5_wt_CsCl.csv
[Run 2449/560000] ✅ Saved: nist_libs_2.5_wt_CeCl3_and_2.5_wt_SmCl3_and_4.5_wt_CsCl.csv
[Run 2450/560000] ✅ Saved: nist_libs_2.5_wt_CeCl3_and_2.5_wt_SmCl3_and_5.0_wt_CsCl.csv
[Run 2452/560000] ✅ Saved: nist_libs_2.5_wt_CeCl3_and_3.0_wt_SmCl3_and_1.0_wt_CsCl.csv
[Run 2451/560000] ✅ Saved: nist_libs_2.5_wt_CeCl3_and_3.0_wt_SmCl3_and_0.5_wt_CsCl.csv
[Run 2453/560000] ✅ Saved: nist_libs_2.5_wt_CeCl3_and_3.0_wt_SmCl3_and_1.5_wt_CsCl.csv
[Run 2454/560000] ✅ Saved: nist_libs_2.5_wt_CeCl3_and_3.0_wt_SmCl3_and_2.0_wt_CsCl.csv
[Run 2455/560000] ✅ Saved: nist_libs_2.5_wt_CeCl3_and_3.0_wt_SmCl3_and_2.5_wt_CsCl.csv
[Run 2456/560000] ✅ Saved: nist_libs_2.5_wt_CeCl3_and_3.0_wt_SmCl3_and_3.0_wt_CsCl.csv
[Run 2457/560000] ✅ Saved: nist_libs_2.5_wt_CeCl3_and_3.0_wt_SmCl3_and_3.5_wt_CsCl.csv
[Run 2458/560000] ✅ Saved: nist_libs_2.5_wt_CeCl3_and_3.0_wt_SmCl3_and_4.0_wt_CsCl.csv
[Run 2459/560000] ✅ Saved: nist_libs_2.5_wt_CeCl3_and_3.0_wt_SmCl3_and_4.5_wt_CsCl.csv
[Run 2460/560000] ✅ Saved: nist_libs_2.5_wt_CeCl3_and_3.0_wt_SmCl3_and_5.0_wt_CsCl.csv
[Run 2462/560000] ✅ Saved: nist_libs_2.5_wt_CeCl3_and_3.5_wt_SmCl3_and_1.0_wt_CsCl.csv
[Run 2461/560000] ✅ Saved: nist_libs_2.5_wt_CeCl3_and_3.5_wt_SmCl3_and_0.5_wt_CsCl.csv
[Run 2463/560000] ✅ Saved: nist_libs_2.5_wt_CeCl3_and_3.5_wt_SmCl3_and_1.5_wt_CsCl.csv
[Run 2464/560000] ✅ Saved: nist_libs_2.5_wt_CeCl3_and_3.5_wt_SmCl3_and_2.0_wt_CsCl.csv
[Run 2465/560000] ✅ Saved: nist_libs_2.5_wt_CeCl3_and_3.5_wt_SmCl3_and_2.5_wt_CsCl.csv
[Run 2466/560000] ✅ Saved: nist_libs_2.5_wt_CeCl3_and_3.5_wt_SmCl3_and_3.0_wt_CsCl.csv
[Run 2467/560000] ✅ Saved: nist_libs_2.5_wt_CeCl3_and_3.5_wt_SmCl3_and_3.5_wt_CsCl.csv
[Run 2468/560000] ✅ Saved: nist_libs_2.5_wt_CeCl3_and_3.5_wt_SmCl3_and_4.0_wt_CsCl.csv
[Run 2469/560000] ✅ Saved: nist_libs_2.5_wt_CeCl3_and_3.5_wt_SmCl3_and_4.5_wt_CsCl.csv
[Run 2470/560000] ✅ Saved: nist_libs_2.5_wt_CeCl3_and_3.5_wt_SmCl3_and_5.0_wt_CsCl.csv
[Run 2471/560000] ✅ Saved: nist_libs_2.5_wt_CeCl3_and_4.0_wt_SmCl3_and_0.5_wt_CsCl.csv
[Run 2472/560000] ✅ Saved: nist_libs_2.5_wt_CeCl3_and_4.0_wt_SmCl3_and_1.0_wt_CsCl.csv
[Run 2473/560000] ✅ Saved: nist_libs_2.5_wt_CeCl3_and_4.0_wt_SmCl3_and_1.5_wt_CsCl.csv
[Run 2474/560000] ✅ Saved: nist_libs_2.5_wt_CeCl3_and_4.0_wt_SmCl3_and_2.0_wt_CsCl.csv
[Run 2475/560000] ✅ Saved: nist_libs_2.5_wt_CeCl3_and_4.0_wt_SmCl3_and_2.5_wt_CsCl.csv
[Run 2476/560000] ✅ Saved: nist_libs_2.5_wt_CeCl3_and_4.0_wt_SmCl3_and_3.0_wt_CsCl.csv
[Run 2477/560000] ✅ Saved: nist_libs_2.5_wt_CeCl3_and_4.0_wt_SmCl3_and_3.5_wt_CsCl.csv
[Run 2478/560000] ✅ Saved: nist_libs_2.5_wt_CeCl3_and_4.0_wt_SmCl3_and_4.0_wt_CsCl.csv
[Run 2479/560000] ✅ Saved: nist_libs_2.5_wt_CeCl3_and_4.0_wt_SmCl3_and_4.5_wt_CsCl.csv
[Run 2480/560000] ✅ Saved: nist_libs_2.5_wt_CeCl3_and_4.0_wt_SmCl3_and_5.0_wt_CsCl.csv
[Run 2481/560000] ✅ Saved: nist_libs_2.5_wt_CeCl3_and_4.5_wt_SmCl3_and_0.5_wt_CsCl.csv
[Run 2483/560000] ✅ Saved: nist_libs_2.5_wt_CeCl3_and_4.5_wt_SmCl3_and_1.5_wt_CsCl.csv
[Run 2482/560000] ✅ Saved: nist_libs_2.5_wt_CeCl3_and_4.5_wt_SmCl3_and_1.0_wt_CsCl.csv
[Run 2484/560000] ✅ Saved: nist_libs_2.5_wt_CeCl3_and_4.5_wt_SmCl3_and_2.0_wt_CsCl.csv
[Run 2485/560000] ✅ Saved: nist_libs_2.5_wt_CeCl3_and_4.5_wt_SmCl3_and_2.5_wt_CsCl.csv
[Run 2486/560000] ✅ Saved: nist_libs_2.5_wt_CeCl3_and_4.5_wt_SmCl3_and_3.0_wt_CsCl.csv
[Run 2487/560000] ✅ Saved: nist_libs_2.5_wt_CeCl3_and_4.5_wt_SmCl3_and_3.5_wt_CsCl.csv
[Run 2488/560000] ✅ Saved: nist_libs_2.5_wt_CeCl3_and_4.5_wt_SmCl3_and_4.0_wt_CsCl.csv
[Run 2489/560000] ✅ Saved: nist_libs_2.5_wt_CeCl3_and_4.5_wt_SmCl3_and_4.5_wt_CsCl.csv
[Run 2490/560000] ✅ Saved: nist_libs_2.5_wt_CeCl3_and_4.5_wt_SmCl3_and_5.0_wt_CsCl.csv
[Run 2491/560000] ✅ Saved: nist_libs_2.5_wt_CeCl3_and_5.0_wt_SmCl3_and_0.5_wt_CsCl.csv
[Run 2492/560000] ✅ Saved: nist_libs_2.5_wt_CeCl3_and_5.0_wt_SmCl3_and_1.0_wt_CsCl.csv
[Run 2493/560000] ✅ Saved: nist_libs_2.5_wt_CeCl3_and_5.0_wt_SmCl3_and_1.5_wt_CsCl.csv
[Run 2494/560000] ✅ Saved: nist_libs_2.5_wt_CeCl3_and_5.0_wt_SmCl3_and_2.0_wt_CsCl.csv
[Run 2496/560000] ✅ Saved: nist_libs_2.5_wt_CeCl3_and_5.0_wt_SmCl3_and_3.0_wt_CsCl.csv
[Run 2495/560000] ✅ Saved: nist_libs_2.5_wt_CeCl3_and_5.0_wt_SmCl3_and_2.5_wt_CsCl.csv
[Run 2497/560000] ✅ Saved: nist_libs_2.5_wt_CeCl3_and_5.0_wt_SmCl3_and_3.5_wt_CsCl.csv
[Run 2498/560000] ✅ Saved: nist_libs_2.5_wt_CeCl3_and_5.0_wt_SmCl3_and_4.0_wt_CsCl.csv
[Run 2499/560000] ✅ Saved: nist_libs_2.5_wt_CeCl3_and_5.0_wt_SmCl3_and_4.5_wt_CsCl.csv
[Run 2500/560000] ✅ Saved: nist_libs_2.5_wt_CeCl3_and_5.0_wt_SmCl3_and_5.0_wt_CsCl.csv
[Run 2501/560000] ✅ Saved: nist_libs_3.0_wt_CeCl3_and_0.5_wt_SmCl3_and_0.5_wt_CsCl.csv
[Run 2502/560000] ✅ Saved: nist_libs_3.0_wt_CeCl3_and_0.5_wt_SmCl3_and_1.0_wt_CsCl.csv
[Run 2503/560000] ✅ Saved: nist_libs_3.0_wt_CeCl3_and_0.5_wt_SmCl3_and_1.5_wt_CsCl.csv
[Run 2504/560000] ✅ Saved: nist_libs_3.0_wt_CeCl3_and_0.5_wt_SmCl3_and_2.0_wt_CsCl.csv
[Run 2505/560000] ✅ Saved: nist_libs_3.0_wt_CeCl3_and_0.5_wt_SmCl3_and_2.5_wt_CsCl.csv
[Run 2506/560000] ✅ Saved: nist_libs_3.0_wt_CeCl3_and_0.5_wt_SmCl3_and_3.0_wt_CsCl.csv
[Run 2507/560000] ✅ Saved: nist_libs_3.0_wt_CeCl3_and_0.5_wt_SmCl3_and_3.5_wt_CsCl.csv
[Run 2509/560000] ✅ Saved: nist_libs_3.0_wt_CeCl3_and_0.5_wt_SmCl3_and_4.5_wt_CsCl.csv
[Run 2508/560000] ✅ Saved: nist_libs_3.0_wt_CeCl3_and_0.5_wt_SmCl3_and_4.0_wt_CsCl.csv
[Run 2510/560000] ✅ Saved: nist_libs_3.0_wt_CeCl3_and_0.5_wt_SmCl3_and_5.0_wt_CsCl.csv
[Run 2511/560000] ✅ Saved: nist_libs_3.0_wt_CeCl3_and_1.0_wt_SmCl3_and_0.5_wt_CsCl.csv
[Run 2512/560000] ✅ Saved: nist_libs_3.0_wt_CeCl3_and_1.0_wt_SmCl3_and_1.0_wt_CsCl.csv
[Run 2513/560000] ✅ Saved: nist_libs_3.0_wt_CeCl3_and_1.0_wt_SmCl3_and_1.5_wt_CsCl.csv
[Run 2514/560000] ✅ Saved: nist_libs_3.0_wt_CeCl3_and_1.0_wt_SmCl3_and_2.0_wt_CsCl.csv
[Run 2515/560000] ✅ Saved: nist_libs_3.0_wt_CeCl3_and_1.0_wt_SmCl3_and_2.5_wt_CsCl.csv
[Run 2516/560000] ✅ Saved: nist_libs_3.0_wt_CeCl3_and_1.0_wt_SmCl3_and_3.0_wt_CsCl.csv
[Run 2518/560000] ✅ Saved: nist_libs_3.0_wt_CeCl3_and_1.0_wt_SmCl3_and_4.0_wt_CsCl.csv
[Run 2517/560000] ✅ Saved: nist_libs_3.0_wt_CeCl3_and_1.0_wt_SmCl3_and_3.5_wt_CsCl.csv
[Run 2520/560000] ✅ Saved: nist_libs_3.0_wt_CeCl3_and_1.0_wt_SmCl3_and_5.0_wt_CsCl.csv
[Run 2519/560000] ✅ Saved: nist_libs_3.0_wt_CeCl3_and_1.0_wt_SmCl3_and_4.5_wt_CsCl.csv
[Run 2521/560000] ✅ Saved: nist_libs_3.0_wt_CeCl3_and_1.5_wt_SmCl3_and_0.5_wt_CsCl.csv
[Run 2522/560000] ✅ Saved: nist_libs_3.0_wt_CeCl3_and_1.5_wt_SmCl3_and_1.0_wt_CsCl.csv
[Run 2523/560000] ✅ Saved: nist_libs_3.0_wt_CeCl3_and_1.5_wt_SmCl3_and_1.5_wt_CsCl.csv
[Run 2524/560000] ✅ Saved: nist_libs_3.0_wt_CeCl3_and_1.5_wt_SmCl3_and_2.0_wt_CsCl.csv
[Run 2525/560000] ✅ Saved: nist_libs_3.0_wt_CeCl3_and_1.5_wt_SmCl3_and_2.5_wt_CsCl.csv
[Run 2526/560000] ✅ Saved: nist_libs_3.0_wt_CeCl3_and_1.5_wt_SmCl3_and_3.0_wt_CsCl.csv
[Run 2527/560000] ✅ Saved: nist_libs_3.0_wt_CeCl3_and_1.5_wt_SmCl3_and_3.5_wt_CsCl.csv
[Run 2528/560000] ✅ Saved: nist_libs_3.0_wt_CeCl3_and_1.5_wt_SmCl3_and_4.0_wt_CsCl.csv
[Run 2529/560000] ✅ Saved: nist_libs_3.0_wt_CeCl3_and_1.5_wt_SmCl3_and_4.5_wt_CsCl.csv
[Run 2530/560000] ✅ Saved: nist_libs_3.0_wt_CeCl3_and_1.5_wt_SmCl3_and_5.0_wt_CsCl.csv
[Run 2531/560000] ✅ Saved: nist_libs_3.0_wt_CeCl3_and_2.0_wt_SmCl3_and_0.5_wt_CsCl.csv
[Run 2532/560000] ✅ Saved: nist_libs_3.0_wt_CeCl3_and_2.0_wt_SmCl3_and_1.0_wt_CsCl.csv
[Run 2533/560000] ✅ Saved: nist_libs_3.0_wt_CeCl3_and_2.0_wt_SmCl3_and_1.5_wt_CsCl.csv
[Run 2534/560000] ✅ Saved: nist_libs_3.0_wt_CeCl3_and_2.0_wt_SmCl3_and_2.0_wt_CsCl.csv
[Run 2535/560000] ✅ Saved: nist_libs_3.0_wt_CeCl3_and_2.0_wt_SmCl3_and_2.5_wt_CsCl.csv
[Run 2536/560000] ✅ Saved: nist_libs_3.0_wt_CeCl3_and_2.0_wt_SmCl3_and_3.0_wt_CsCl.csv
[Run 2537/560000] ✅ Saved: nist_libs_3.0_wt_CeCl3_and_2.0_wt_SmCl3_and_3.5_wt_CsCl.csv
[Run 2538/560000] ✅ Saved: nist_libs_3.0_wt_CeCl3_and_2.0_wt_SmCl3_and_4.0_wt_CsCl.csv
[Run 2539/560000] ✅ Saved: nist_libs_3.0_wt_CeCl3_and_2.0_wt_SmCl3_and_4.5_wt_CsCl.csv
[Run 2540/560000] ✅ Saved: nist_libs_3.0_wt_CeCl3_and_2.0_wt_SmCl3_and_5.0_wt_CsCl.csv
[Run 2541/560000] ✅ Saved: nist_libs_3.0_wt_CeCl3_and_2.5_wt_SmCl3_and_0.5_wt_CsCl.csv
[Run 2542/560000] ✅ Saved: nist_libs_3.0_wt_CeCl3_and_2.5_wt_SmCl3_and_1.0_wt_CsCl.csv
[Run 2543/560000] ✅ Saved: nist_libs_3.0_wt_CeCl3_and_2.5_wt_SmCl3_and_1.5_wt_CsCl.csv
[Run 2544/560000] ✅ Saved: nist_libs_3.0_wt_CeCl3_and_2.5_wt_SmCl3_and_2.0_wt_CsCl.csv
[Run 2545/560000] ✅ Saved: nist_libs_3.0_wt_CeCl3_and_2.5_wt_SmCl3_and_2.5_wt_CsCl.csv
[Run 2546/560000] ✅ Saved: nist_libs_3.0_wt_CeCl3_and_2.5_wt_SmCl3_and_3.0_wt_CsCl.csv
[Run 2547/560000] ✅ Saved: nist_libs_3.0_wt_CeCl3_and_2.5_wt_SmCl3_and_3.5_wt_CsCl.csv
[Run 2549/560000] ✅ Saved: nist_libs_3.0_wt_CeCl3_and_2.5_wt_SmCl3_and_4.5_wt_CsCl.csv
[Run 2548/560000] ✅ Saved: nist_libs_3.0_wt_CeCl3_and_2.5_wt_SmCl3_and_4.0_wt_CsCl.csv
[Run 2550/560000] ✅ Saved: nist_libs_3.0_wt_CeCl3_and_2.5_wt_SmCl3_and_5.0_wt_CsCl.csv
[Run 2551/560000] ✅ Saved: nist_libs_3.0_wt_CeCl3_and_3.0_wt_SmCl3_and_0.5_wt_CsCl.csv
[Run 2553/560000] ✅ Saved: nist_libs_3.0_wt_CeCl3_and_3.0_wt_SmCl3_and_1.5_wt_CsCl.csv
[Run 2552/560000] ✅ Saved: nist_libs_3.0_wt_CeCl3_and_3.0_wt_SmCl3_and_1.0_wt_CsCl.csv
[Run 2554/560000] ✅ Saved: nist_libs_3.0_wt_CeCl3_and_3.0_wt_SmCl3_and_2.0_wt_CsCl.csv
[Run 2555/560000] ✅ Saved: nist_libs_3.0_wt_CeCl3_and_3.0_wt_SmCl3_and_2.5_wt_CsCl.csv
[Run 2556/560000] ✅ Saved: nist_libs_3.0_wt_CeCl3_and_3.0_wt_SmCl3_and_3.0_wt_CsCl.csv
[Run 2558/560000] ✅ Saved: nist_libs_3.0_wt_CeCl3_and_3.0_wt_SmCl3_and_4.0_wt_CsCl.csv
[Run 2557/560000] ✅ Saved: nist_libs_3.0_wt_CeCl3_and_3.0_wt_SmCl3_and_3.5_wt_CsCl.csv
[Run 2559/560000] ✅ Saved: nist_libs_3.0_wt_CeCl3_and_3.0_wt_SmCl3_and_4.5_wt_CsCl.csv
[Run 2560/560000] ✅ Saved: nist_libs_3.0_wt_CeCl3_and_3.0_wt_SmCl3_and_5.0_wt_CsCl.csv
[Run 2561/560000] ✅ Saved: nist_libs_3.0_wt_CeCl3_and_3.5_wt_SmCl3_and_0.5_wt_CsCl.csv
[Run 2562/560000] ✅ Saved: nist_libs_3.0_wt_CeCl3_and_3.5_wt_SmCl3_and_1.0_wt_CsCl.csv
[Run 2563/560000] ✅ Saved: nist_libs_3.0_wt_CeCl3_and_3.5_wt_SmCl3_and_1.5_wt_CsCl.csv
[Run 2564/560000] ✅ Saved: nist_libs_3.0_wt_CeCl3_and_3.5_wt_SmCl3_and_2.0_wt_CsCl.csv
[Run 2565/560000] ✅ Saved: nist_libs_3.0_wt_CeCl3_and_3.5_wt_SmCl3_and_2.5_wt_CsCl.csv
[Run 2566/560000] ✅ Saved: nist_libs_3.0_wt_CeCl3_and_3.5_wt_SmCl3_and_3.0_wt_CsCl.csv
[Run 2567/560000] ✅ Saved: nist_libs_3.0_wt_CeCl3_and_3.5_wt_SmCl3_and_3.5_wt_CsCl.csv
[Run 2568/560000] ✅ Saved: nist_libs_3.0_wt_CeCl3_and_3.5_wt_SmCl3_and_4.0_wt_CsCl.csv
[Run 2569/560000] ✅ Saved: nist_libs_3.0_wt_CeCl3_and_3.5_wt_SmCl3_and_4.5_wt_CsCl.csv
[Run 2570/560000] ✅ Saved: nist_libs_3.0_wt_CeCl3_and_3.5_wt_SmCl3_and_5.0_wt_CsCl.csv
[Run 2571/560000] ✅ Saved: nist_libs_3.0_wt_CeCl3_and_4.0_wt_SmCl3_and_0.5_wt_CsCl.csv
[Run 2572/560000] ✅ Saved: nist_libs_3.0_wt_CeCl3_and_4.0_wt_SmCl3_and_1.0_wt_CsCl.csv
[Run 2573/560000] ✅ Saved: nist_libs_3.0_wt_CeCl3_and_4.0_wt_SmCl3_and_1.5_wt_CsCl.csv
[Run 2574/560000] ✅ Saved: nist_libs_3.0_wt_CeCl3_and_4.0_wt_SmCl3_and_2.0_wt_CsCl.csv
[Run 2575/560000] ✅ Saved: nist_libs_3.0_wt_CeCl3_and_4.0_wt_SmCl3_and_2.5_wt_CsCl.csv
[Run 2576/560000] ✅ Saved: nist_libs_3.0_wt_CeCl3_and_4.0_wt_SmCl3_and_3.0_wt_CsCl.csv
[Run 2577/560000] ✅ Saved: nist_libs_3.0_wt_CeCl3_and_4.0_wt_SmCl3_and_3.5_wt_CsCl.csv
[Run 2578/560000] ✅ Saved: nist_libs_3.0_wt_CeCl3_and_4.0_wt_SmCl3_and_4.0_wt_CsCl.csv
[Run 2579/560000] ✅ Saved: nist_libs_3.0_wt_CeCl3_and_4.0_wt_SmCl3_and_4.5_wt_CsCl.csv
[Run 2580/560000] ✅ Saved: nist_libs_3.0_wt_CeCl3_and_4.0_wt_SmCl3_and_5.0_wt_CsCl.csv
[Run 2581/560000] ✅ Saved: nist_libs_3.0_wt_CeCl3_and_4.5_wt_SmCl3_and_0.5_wt_CsCl.csv
[Run 2582/560000] ✅ Saved: nist_libs_3.0_wt_CeCl3_and_4.5_wt_SmCl3_and_1.0_wt_CsCl.csv
[Run 2583/560000] ✅ Saved: nist_libs_3.0_wt_CeCl3_and_4.5_wt_SmCl3_and_1.5_wt_CsCl.csv
[Run 2584/560000] ✅ Saved: nist_libs_3.0_wt_CeCl3_and_4.5_wt_SmCl3_and_2.0_wt_CsCl.csv
[Run 2585/560000] ✅ Saved: nist_libs_3.0_wt_CeCl3_and_4.5_wt_SmCl3_and_2.5_wt_CsCl.csv
[Run 2587/560000] ✅ Saved: nist_libs_3.0_wt_CeCl3_and_4.5_wt_SmCl3_and_3.5_wt_CsCl.csv
[Run 2588/560000] ✅ Saved: nist_libs_3.0_wt_CeCl3_and_4.5_wt_SmCl3_and_4.0_wt_CsCl.csv
[Run 2586/560000] ✅ Saved: nist_libs_3.0_wt_CeCl3_and_4.5_wt_SmCl3_and_3.0_wt_CsCl.csv
[Run 2589/560000] ✅ Saved: nist_libs_3.0_wt_CeCl3_and_4.5_wt_SmCl3_and_4.5_wt_CsCl.csv
[Run 2590/560000] ✅ Saved: nist_libs_3.0_wt_CeCl3_and_4.5_wt_SmCl3_and_5.0_wt_CsCl.csv
[Run 2591/560000] ✅ Saved: nist_libs_3.0_wt_CeCl3_and_5.0_wt_SmCl3_and_0.5_wt_CsCl.csv
[Run 2592/560000] ✅ Saved: nist_libs_3.0_wt_CeCl3_and_5.0_wt_SmCl3_and_1.0_wt_CsCl.csv
[Run 2593/560000] ✅ Saved: nist_libs_3.0_wt_CeCl3_and_5.0_wt_SmCl3_and_1.5_wt_CsCl.csv
[Run 2594/560000] ✅ Saved: nist_libs_3.0_wt_CeCl3_and_5.0_wt_SmCl3_and_2.0_wt_CsCl.csv
[Run 2595/560000] ✅ Saved: nist_libs_3.0_wt_CeCl3_and_5.0_wt_SmCl3_and_2.5_wt_CsCl.csv
[Run 2596/560000] ✅ Saved: nist_libs_3.0_wt_CeCl3_and_5.0_wt_SmCl3_and_3.0_wt_CsCl.csv
[Run 2597/560000] ✅ Saved: nist_libs_3.0_wt_CeCl3_and_5.0_wt_SmCl3_and_3.5_wt_CsCl.csv
[Run 2598/560000] ✅ Saved: nist_libs_3.0_wt_CeCl3_and_5.0_wt_SmCl3_and_4.0_wt_CsCl.csv
[Run 2599/560000] ✅ Saved: nist_libs_3.0_wt_CeCl3_and_5.0_wt_SmCl3_and_4.5_wt_CsCl.csv
[Run 2600/560000] ✅ Saved: nist_libs_3.0_wt_CeCl3_and_5.0_wt_SmCl3_and_5.0_wt_CsCl.csv
[Run 2601/560000] ✅ Saved: nist_libs_3.5_wt_CeCl3_and_0.5_wt_SmCl3_and_0.5_wt_CsCl.csv
[Run 2602/560000] ✅ Saved: nist_libs_3.5_wt_CeCl3_and_0.5_wt_SmCl3_and_1.0_wt_CsCl.csv
[Run 2603/560000] ✅ Saved: nist_libs_3.5_wt_CeCl3_and_0.5_wt_SmCl3_and_1.5_wt_CsCl.csv
[Run 2604/560000] ✅ Saved: nist_libs_3.5_wt_CeCl3_and_0.5_wt_SmCl3_and_2.0_wt_CsCl.csv
[Run 2605/560000] ✅ Saved: nist_libs_3.5_wt_CeCl3_and_0.5_wt_SmCl3_and_2.5_wt_CsCl.csv
[Run 2606/560000] ✅ Saved: nist_libs_3.5_wt_CeCl3_and_0.5_wt_SmCl3_and_3.0_wt_CsCl.csv
[Run 2607/560000] ✅ Saved: nist_libs_3.5_wt_CeCl3_and_0.5_wt_SmCl3_and_3.5_wt_CsCl.csv
[Run 2608/560000] ✅ Saved: nist_libs_3.5_wt_CeCl3_and_0.5_wt_SmCl3_and_4.0_wt_CsCl.csv
[Run 2609/560000] ✅ Saved: nist_libs_3.5_wt_CeCl3_and_0.5_wt_SmCl3_and_4.5_wt_CsCl.csv
[Run 2610/560000] ✅ Saved: nist_libs_3.5_wt_CeCl3_and_0.5_wt_SmCl3_and_5.0_wt_CsCl.csv
[Run 2611/560000] ✅ Saved: nist_libs_3.5_wt_CeCl3_and_1.0_wt_SmCl3_and_0.5_wt_CsCl.csv
[Run 2612/560000] ✅ Saved: nist_libs_3.5_wt_CeCl3_and_1.0_wt_SmCl3_and_1.0_wt_CsCl.csv
[Run 2613/560000] ✅ Saved: nist_libs_3.5_wt_CeCl3_and_1.0_wt_SmCl3_and_1.5_wt_CsCl.csv
[Run 2614/560000] ✅ Saved: nist_libs_3.5_wt_CeCl3_and_1.0_wt_SmCl3_and_2.0_wt_CsCl.csv
[Run 2615/560000] ✅ Saved: nist_libs_3.5_wt_CeCl3_and_1.0_wt_SmCl3_and_2.5_wt_CsCl.csv
[Run 2616/560000] ✅ Saved: nist_libs_3.5_wt_CeCl3_and_1.0_wt_SmCl3_and_3.0_wt_CsCl.csv
[Run 2617/560000] ✅ Saved: nist_libs_3.5_wt_CeCl3_and_1.0_wt_SmCl3_and_3.5_wt_CsCl.csv
[Run 2618/560000] ✅ Saved: nist_libs_3.5_wt_CeCl3_and_1.0_wt_SmCl3_and_4.0_wt_CsCl.csv
[Run 2619/560000] ✅ Saved: nist_libs_3.5_wt_CeCl3_and_1.0_wt_SmCl3_and_4.5_wt_CsCl.csv
[Run 2620/560000] ✅ Saved: nist_libs_3.5_wt_CeCl3_and_1.0_wt_SmCl3_and_5.0_wt_CsCl.csv
[Run 2621/560000] ✅ Saved: nist_libs_3.5_wt_CeCl3_and_1.5_wt_SmCl3_and_0.5_wt_CsCl.csv
[Run 2622/560000] ✅ Saved: nist_libs_3.5_wt_CeCl3_and_1.5_wt_SmCl3_and_1.0_wt_CsCl.csv
[Run 2624/560000] ✅ Saved: nist_libs_3.5_wt_CeCl3_and_1.5_wt_SmCl3_and_2.0_wt_CsCl.csv
[Run 2623/560000] ✅ Saved: nist_libs_3.5_wt_CeCl3_and_1.5_wt_SmCl3_and_1.5_wt_CsCl.csv
[Run 2625/560000] ✅ Saved: nist_libs_3.5_wt_CeCl3_and_1.5_wt_SmCl3_and_2.5_wt_CsCl.csv
[Run 2626/560000] ✅ Saved: nist_libs_3.5_wt_CeCl3_and_1.5_wt_SmCl3_and_3.0_wt_CsCl.csv
[Run 2628/560000] ✅ Saved: nist_libs_3.5_wt_CeCl3_and_1.5_wt_SmCl3_and_4.0_wt_CsCl.csv
[Run 2627/560000] ✅ Saved: nist_libs_3.5_wt_CeCl3_and_1.5_wt_SmCl3_and_3.5_wt_CsCl.csv
[Run 2629/560000] ✅ Saved: nist_libs_3.5_wt_CeCl3_and_1.5_wt_SmCl3_and_4.5_wt_CsCl.csv
[Run 2630/560000] ✅ Saved: nist_libs_3.5_wt_CeCl3_and_1.5_wt_SmCl3_and_5.0_wt_CsCl.csv
[Run 2631/560000] ✅ Saved: nist_libs_3.5_wt_CeCl3_and_2.0_wt_SmCl3_and_0.5_wt_CsCl.csv
[Run 2632/560000] ✅ Saved: nist_libs_3.5_wt_CeCl3_and_2.0_wt_SmCl3_and_1.0_wt_CsCl.csv
[Run 2633/560000] ✅ Saved: nist_libs_3.5_wt_CeCl3_and_2.0_wt_SmCl3_and_1.5_wt_CsCl.csv
[Run 2634/560000] ✅ Saved: nist_libs_3.5_wt_CeCl3_and_2.0_wt_SmCl3_and_2.0_wt_CsCl.csv
[Run 2636/560000] ✅ Saved: nist_libs_3.5_wt_CeCl3_and_2.0_wt_SmCl3_and_3.0_wt_CsCl.csv
[Run 2637/560000] ✅ Saved: nist_libs_3.5_wt_CeCl3_and_2.0_wt_SmCl3_and_3.5_wt_CsCl.csv
[Run 2635/560000] ✅ Saved: nist_libs_3.5_wt_CeCl3_and_2.0_wt_SmCl3_and_2.5_wt_CsCl.csv
[Run 2638/560000] ✅ Saved: nist_libs_3.5_wt_CeCl3_and_2.0_wt_SmCl3_and_4.0_wt_CsCl.csv
[Run 2639/560000] ✅ Saved: nist_libs_3.5_wt_CeCl3_and_2.0_wt_SmCl3_and_4.5_wt_CsCl.csv
[Run 2640/560000] ✅ Saved: nist_libs_3.5_wt_CeCl3_and_2.0_wt_SmCl3_and_5.0_wt_CsCl.csv
[Run 2641/560000] ✅ Saved: nist_libs_3.5_wt_CeCl3_and_2.5_wt_SmCl3_and_0.5_wt_CsCl.csv
[Run 2642/560000] ✅ Saved: nist_libs_3.5_wt_CeCl3_and_2.5_wt_SmCl3_and_1.0_wt_CsCl.csv
[Run 2643/560000] ✅ Saved: nist_libs_3.5_wt_CeCl3_and_2.5_wt_SmCl3_and_1.5_wt_CsCl.csv
[Run 2644/560000] ✅ Saved: nist_libs_3.5_wt_CeCl3_and_2.5_wt_SmCl3_and_2.0_wt_CsCl.csv
[Run 2645/560000] ✅ Saved: nist_libs_3.5_wt_CeCl3_and_2.5_wt_SmCl3_and_2.5_wt_CsCl.csv
[Run 2646/560000] ✅ Saved: nist_libs_3.5_wt_CeCl3_and_2.5_wt_SmCl3_and_3.0_wt_CsCl.csv
[Run 2647/560000] ✅ Saved: nist_libs_3.5_wt_CeCl3_and_2.5_wt_SmCl3_and_3.5_wt_CsCl.csv
[Run 2648/560000] ✅ Saved: nist_libs_3.5_wt_CeCl3_and_2.5_wt_SmCl3_and_4.0_wt_CsCl.csv
[Run 2649/560000] ✅ Saved: nist_libs_3.5_wt_CeCl3_and_2.5_wt_SmCl3_and_4.5_wt_CsCl.csv
[Run 2650/560000] ✅ Saved: nist_libs_3.5_wt_CeCl3_and_2.5_wt_SmCl3_and_5.0_wt_CsCl.csv
[Run 2651/560000] ✅ Saved: nist_libs_3.5_wt_CeCl3_and_3.0_wt_SmCl3_and_0.5_wt_CsCl.csv
[Run 2652/560000] ✅ Saved: nist_libs_3.5_wt_CeCl3_and_3.0_wt_SmCl3_and_1.0_wt_CsCl.csv
[Run 2653/560000] ✅ Saved: nist_libs_3.5_wt_CeCl3_and_3.0_wt_SmCl3_and_1.5_wt_CsCl.csv
[Run 2654/560000] ✅ Saved: nist_libs_3.5_wt_CeCl3_and_3.0_wt_SmCl3_and_2.0_wt_CsCl.csv
[Run 2655/560000] ✅ Saved: nist_libs_3.5_wt_CeCl3_and_3.0_wt_SmCl3_and_2.5_wt_CsCl.csv
[Run 2656/560000] ✅ Saved: nist_libs_3.5_wt_CeCl3_and_3.0_wt_SmCl3_and_3.0_wt_CsCl.csv
[Run 2657/560000] ✅ Saved: nist_libs_3.5_wt_CeCl3_and_3.0_wt_SmCl3_and_3.5_wt_CsCl.csv
[Run 2658/560000] ✅ Saved: nist_libs_3.5_wt_CeCl3_and_3.0_wt_SmCl3_and_4.0_wt_CsCl.csv
[Run 2659/560000] ✅ Saved: nist_libs_3.5_wt_CeCl3_and_3.0_wt_SmCl3_and_4.5_wt_CsCl.csv
[Run 2660/560000] ✅ Saved: nist_libs_3.5_wt_CeCl3_and_3.0_wt_SmCl3_and_5.0_wt_CsCl.csv
[Run 2661/560000] ✅ Saved: nist_libs_3.5_wt_CeCl3_and_3.5_wt_SmCl3_and_0.5_wt_CsCl.csv
[Run 2662/560000] ✅ Saved: nist_libs_3.5_wt_CeCl3_and_3.5_wt_SmCl3_and_1.0_wt_CsCl.csv
[Run 2663/560000] ✅ Saved: nist_libs_3.5_wt_CeCl3_and_3.5_wt_SmCl3_and_1.5_wt_CsCl.csv
[Run 2664/560000] ✅ Saved: nist_libs_3.5_wt_CeCl3_and_3.5_wt_SmCl3_and_2.0_wt_CsCl.csv
[Run 2666/560000] ✅ Saved: nist_libs_3.5_wt_CeCl3_and_3.5_wt_SmCl3_and_3.0_wt_CsCl.csv
[Run 2665/560000] ✅ Saved: nist_libs_3.5_wt_CeCl3_and_3.5_wt_SmCl3_and_2.5_wt_CsCl.csv
[Run 2667/560000] ✅ Saved: nist_libs_3.5_wt_CeCl3_and_3.5_wt_SmCl3_and_3.5_wt_CsCl.csv
[Run 2668/560000] ✅ Saved: nist_libs_3.5_wt_CeCl3_and_3.5_wt_SmCl3_and_4.0_wt_CsCl.csv
[Run 2669/560000] ✅ Saved: nist_libs_3.5_wt_CeCl3_and_3.5_wt_SmCl3_and_4.5_wt_CsCl.csv
[Run 2670/560000] ✅ Saved: nist_libs_3.5_wt_CeCl3_and_3.5_wt_SmCl3_and_5.0_wt_CsCl.csv
[Run 2671/560000] ✅ Saved: nist_libs_3.5_wt_CeCl3_and_4.0_wt_SmCl3_and_0.5_wt_CsCl.csv
[Run 2672/560000] ✅ Saved: nist_libs_3.5_wt_CeCl3_and_4.0_wt_SmCl3_and_1.0_wt_CsCl.csv
[Run 2673/560000] ✅ Saved: nist_libs_3.5_wt_CeCl3_and_4.0_wt_SmCl3_and_1.5_wt_CsCl.csv
[Run 2674/560000] ✅ Saved: nist_libs_3.5_wt_CeCl3_and_4.0_wt_SmCl3_and_2.0_wt_CsCl.csv
[Run 2675/560000] ✅ Saved: nist_libs_3.5_wt_CeCl3_and_4.0_wt_SmCl3_and_2.5_wt_CsCl.csv
[Run 2676/560000] ✅ Saved: nist_libs_3.5_wt_CeCl3_and_4.0_wt_SmCl3_and_3.0_wt_CsCl.csv
[Run 2677/560000] ✅ Saved: nist_libs_3.5_wt_CeCl3_and_4.0_wt_SmCl3_and_3.5_wt_CsCl.csv
[Run 2678/560000] ✅ Saved: nist_libs_3.5_wt_CeCl3_and_4.0_wt_SmCl3_and_4.0_wt_CsCl.csv
[Run 2679/560000] ✅ Saved: nist_libs_3.5_wt_CeCl3_and_4.0_wt_SmCl3_and_4.5_wt_CsCl.csv
[Run 2680/560000] ✅ Saved: nist_libs_3.5_wt_CeCl3_and_4.0_wt_SmCl3_and_5.0_wt_CsCl.csv
[Run 2681/560000] ✅ Saved: nist_libs_3.5_wt_CeCl3_and_4.5_wt_SmCl3_and_0.5_wt_CsCl.csv
[Run 2682/560000] ✅ Saved: nist_libs_3.5_wt_CeCl3_and_4.5_wt_SmCl3_and_1.0_wt_CsCl.csv
[Run 2683/560000] ✅ Saved: nist_libs_3.5_wt_CeCl3_and_4.5_wt_SmCl3_and_1.5_wt_CsCl.csv
[Run 2684/560000] ✅ Saved: nist_libs_3.5_wt_CeCl3_and_4.5_wt_SmCl3_and_2.0_wt_CsCl.csv
[Run 2685/560000] ✅ Saved: nist_libs_3.5_wt_CeCl3_and_4.5_wt_SmCl3_and_2.5_wt_CsCl.csv
[Run 2686/560000] ✅ Saved: nist_libs_3.5_wt_CeCl3_and_4.5_wt_SmCl3_and_3.0_wt_CsCl.csv
[Run 2688/560000] ✅ Saved: nist_libs_3.5_wt_CeCl3_and_4.5_wt_SmCl3_and_4.0_wt_CsCl.csv
[Run 2687/560000] ✅ Saved: nist_libs_3.5_wt_CeCl3_and_4.5_wt_SmCl3_and_3.5_wt_CsCl.csv
[Run 2689/560000] ✅ Saved: nist_libs_3.5_wt_CeCl3_and_4.5_wt_SmCl3_and_4.5_wt_CsCl.csv
[Run 2690/560000] ✅ Saved: nist_libs_3.5_wt_CeCl3_and_4.5_wt_SmCl3_and_5.0_wt_CsCl.csv
[Run 2691/560000] ✅ Saved: nist_libs_3.5_wt_CeCl3_and_5.0_wt_SmCl3_and_0.5_wt_CsCl.csv
[Run 2692/560000] ✅ Saved: nist_libs_3.5_wt_CeCl3_and_5.0_wt_SmCl3_and_1.0_wt_CsCl.csv
[Run 2693/560000] ✅ Saved: nist_libs_3.5_wt_CeCl3_and_5.0_wt_SmCl3_and_1.5_wt_CsCl.csv
[Run 2694/560000] ✅ Saved: nist_libs_3.5_wt_CeCl3_and_5.0_wt_SmCl3_and_2.0_wt_CsCl.csv
[Run 2695/560000] ✅ Saved: nist_libs_3.5_wt_CeCl3_and_5.0_wt_SmCl3_and_2.5_wt_CsCl.csv
[Run 2696/560000] ✅ Saved: nist_libs_3.5_wt_CeCl3_and_5.0_wt_SmCl3_and_3.0_wt_CsCl.csv
[Run 2697/560000] ✅ Saved: nist_libs_3.5_wt_CeCl3_and_5.0_wt_SmCl3_and_3.5_wt_CsCl.csv
[Run 2699/560000] ✅ Saved: nist_libs_3.5_wt_CeCl3_and_5.0_wt_SmCl3_and_4.5_wt_CsCl.csv
[Run 2698/560000] ✅ Saved: nist_libs_3.5_wt_CeCl3_and_5.0_wt_SmCl3_and_4.0_wt_CsCl.csv
[Run 2700/560000] ✅ Saved: nist_libs_3.5_wt_CeCl3_and_5.0_wt_SmCl3_and_5.0_wt_CsCl.csv
[Run 2701/560000] ✅ Saved: nist_libs_4.0_wt_CeCl3_and_0.5_wt_SmCl3_and_0.5_wt_CsCl.csv
[Run 2703/560000] ✅ Saved: nist_libs_4.0_wt_CeCl3_and_0.5_wt_SmCl3_and_1.5_wt_CsCl.csv
[Run 2702/560000] ✅ Saved: nist_libs_4.0_wt_CeCl3_and_0.5_wt_SmCl3_and_1.0_wt_CsCl.csv
[Run 2705/560000] ✅ Saved: nist_libs_4.0_wt_CeCl3_and_0.5_wt_SmCl3_and_2.5_wt_CsCl.csv
[Run 2704/560000] ✅ Saved: nist_libs_4.0_wt_CeCl3_and_0.5_wt_SmCl3_and_2.0_wt_CsCl.csv
[Run 2707/560000] ✅ Saved: nist_libs_4.0_wt_CeCl3_and_0.5_wt_SmCl3_and_3.5_wt_CsCl.csv
[Run 2706/560000] ✅ Saved: nist_libs_4.0_wt_CeCl3_and_0.5_wt_SmCl3_and_3.0_wt_CsCl.csv
[Run 2708/560000] ✅ Saved: nist_libs_4.0_wt_CeCl3_and_0.5_wt_SmCl3_and_4.0_wt_CsCl.csv
[Run 2709/560000] ✅ Saved: nist_libs_4.0_wt_CeCl3_and_0.5_wt_SmCl3_and_4.5_wt_CsCl.csv
[Run 2710/560000] ✅ Saved: nist_libs_4.0_wt_CeCl3_and_0.5_wt_SmCl3_and_5.0_wt_CsCl.csv
[Run 2711/560000] ✅ Saved: nist_libs_4.0_wt_CeCl3_and_1.0_wt_SmCl3_and_0.5_wt_CsCl.csv
[Run 2712/560000] ✅ Saved: nist_libs_4.0_wt_CeCl3_and_1.0_wt_SmCl3_and_1.0_wt_CsCl.csv
[Run 2713/560000] ✅ Saved: nist_libs_4.0_wt_CeCl3_and_1.0_wt_SmCl3_and_1.5_wt_CsCl.csv
[Run 2714/560000] ✅ Saved: nist_libs_4.0_wt_CeCl3_and_1.0_wt_SmCl3_and_2.0_wt_CsCl.csv
[Run 2715/560000] ✅ Saved: nist_libs_4.0_wt_CeCl3_and_1.0_wt_SmCl3_and_2.5_wt_CsCl.csv
[Run 2716/560000] ✅ Saved: nist_libs_4.0_wt_CeCl3_and_1.0_wt_SmCl3_and_3.0_wt_CsCl.csv
[Run 2717/560000] ✅ Saved: nist_libs_4.0_wt_CeCl3_and_1.0_wt_SmCl3_and_3.5_wt_CsCl.csv
[Run 2718/560000] ✅ Saved: nist_libs_4.0_wt_CeCl3_and_1.0_wt_SmCl3_and_4.0_wt_CsCl.csv
[Run 2719/560000] ✅ Saved: nist_libs_4.0_wt_CeCl3_and_1.0_wt_SmCl3_and_4.5_wt_CsCl.csv
[Run 2721/560000] ✅ Saved: nist_libs_4.0_wt_CeCl3_and_1.5_wt_SmCl3_and_0.5_wt_CsCl.csv
[Run 2720/560000] ✅ Saved: nist_libs_4.0_wt_CeCl3_and_1.0_wt_SmCl3_and_5.0_wt_CsCl.csv
[Run 2722/560000] ✅ Saved: nist_libs_4.0_wt_CeCl3_and_1.5_wt_SmCl3_and_1.0_wt_CsCl.csv
[Run 2723/560000] ✅ Saved: nist_libs_4.0_wt_CeCl3_and_1.5_wt_SmCl3_and_1.5_wt_CsCl.csv
[Run 2724/560000] ✅ Saved: nist_libs_4.0_wt_CeCl3_and_1.5_wt_SmCl3_and_2.0_wt_CsCl.csv
[Run 2725/560000] ✅ Saved: nist_libs_4.0_wt_CeCl3_and_1.5_wt_SmCl3_and_2.5_wt_CsCl.csv
[Run 2726/560000] ✅ Saved: nist_libs_4.0_wt_CeCl3_and_1.5_wt_SmCl3_and_3.0_wt_CsCl.csv
[Run 2727/560000] ✅ Saved: nist_libs_4.0_wt_CeCl3_and_1.5_wt_SmCl3_and_3.5_wt_CsCl.csv
[Run 2728/560000] ✅ Saved: nist_libs_4.0_wt_CeCl3_and_1.5_wt_SmCl3_and_4.0_wt_CsCl.csv
[Run 2729/560000] ✅ Saved: nist_libs_4.0_wt_CeCl3_and_1.5_wt_SmCl3_and_4.5_wt_CsCl.csv
[Run 2730/560000] ✅ Saved: nist_libs_4.0_wt_CeCl3_and_1.5_wt_SmCl3_and_5.0_wt_CsCl.csv
[Run 2731/560000] ✅ Saved: nist_libs_4.0_wt_CeCl3_and_2.0_wt_SmCl3_and_0.5_wt_CsCl.csv
[Run 2734/560000] ✅ Saved: nist_libs_4.0_wt_CeCl3_and_2.0_wt_SmCl3_and_2.0_wt_CsCl.csv
[Run 2733/560000] ✅ Saved: nist_libs_4.0_wt_CeCl3_and_2.0_wt_SmCl3_and_1.5_wt_CsCl.csv
[Run 2732/560000] ✅ Saved: nist_libs_4.0_wt_CeCl3_and_2.0_wt_SmCl3_and_1.0_wt_CsCl.csv
[Run 2735/560000] ✅ Saved: nist_libs_4.0_wt_CeCl3_and_2.0_wt_SmCl3_and_2.5_wt_CsCl.csv
[Run 2736/560000] ✅ Saved: nist_libs_4.0_wt_CeCl3_and_2.0_wt_SmCl3_and_3.0_wt_CsCl.csv
[Run 2738/560000] ✅ Saved: nist_libs_4.0_wt_CeCl3_and_2.0_wt_SmCl3_and_4.0_wt_CsCl.csv
[Run 2737/560000] ✅ Saved: nist_libs_4.0_wt_CeCl3_and_2.0_wt_SmCl3_and_3.5_wt_CsCl.csv
[Run 2739/560000] ✅ Saved: nist_libs_4.0_wt_CeCl3_and_2.0_wt_SmCl3_and_4.5_wt_CsCl.csv
[Run 2740/560000] ✅ Saved: nist_libs_4.0_wt_CeCl3_and_2.0_wt_SmCl3_and_5.0_wt_CsCl.csv
[Run 2742/560000] ✅ Saved: nist_libs_4.0_wt_CeCl3_and_2.5_wt_SmCl3_and_1.0_wt_CsCl.csv
[Run 2741/560000] ✅ Saved: nist_libs_4.0_wt_CeCl3_and_2.5_wt_SmCl3_and_0.5_wt_CsCl.csv
[Run 2743/560000] ✅ Saved: nist_libs_4.0_wt_CeCl3_and_2.5_wt_SmCl3_and_1.5_wt_CsCl.csv
[Run 2744/560000] ✅ Saved: nist_libs_4.0_wt_CeCl3_and_2.5_wt_SmCl3_and_2.0_wt_CsCl.csv
[Run 2746/560000] ✅ Saved: nist_libs_4.0_wt_CeCl3_and_2.5_wt_SmCl3_and_3.0_wt_CsCl.csv
[Run 2745/560000] ✅ Saved: nist_libs_4.0_wt_CeCl3_and_2.5_wt_SmCl3_and_2.5_wt_CsCl.csv
[Run 2747/560000] ✅ Saved: nist_libs_4.0_wt_CeCl3_and_2.5_wt_SmCl3_and_3.5_wt_CsCl.csv
[Run 2748/560000] ✅ Saved: nist_libs_4.0_wt_CeCl3_and_2.5_wt_SmCl3_and_4.0_wt_CsCl.csv
[Run 2749/560000] ✅ Saved: nist_libs_4.0_wt_CeCl3_and_2.5_wt_SmCl3_and_4.5_wt_CsCl.csv
[Run 2750/560000] ✅ Saved: nist_libs_4.0_wt_CeCl3_and_2.5_wt_SmCl3_and_5.0_wt_CsCl.csv
[Run 2751/560000] ✅ Saved: nist_libs_4.0_wt_CeCl3_and_3.0_wt_SmCl3_and_0.5_wt_CsCl.csv
[Run 2752/560000] ✅ Saved: nist_libs_4.0_wt_CeCl3_and_3.0_wt_SmCl3_and_1.0_wt_CsCl.csv
[Run 2754/560000] ✅ Saved: nist_libs_4.0_wt_CeCl3_and_3.0_wt_SmCl3_and_2.0_wt_CsCl.csv
[Run 2753/560000] ✅ Saved: nist_libs_4.0_wt_CeCl3_and_3.0_wt_SmCl3_and_1.5_wt_CsCl.csv
[Run 2755/560000] ✅ Saved: nist_libs_4.0_wt_CeCl3_and_3.0_wt_SmCl3_and_2.5_wt_CsCl.csv
[Run 2756/560000] ✅ Saved: nist_libs_4.0_wt_CeCl3_and_3.0_wt_SmCl3_and_3.0_wt_CsCl.csv
[Run 2757/560000] ✅ Saved: nist_libs_4.0_wt_CeCl3_and_3.0_wt_SmCl3_and_3.5_wt_CsCl.csv
[Run 2758/560000] ✅ Saved: nist_libs_4.0_wt_CeCl3_and_3.0_wt_SmCl3_and_4.0_wt_CsCl.csv
[Run 2759/560000] ✅ Saved: nist_libs_4.0_wt_CeCl3_and_3.0_wt_SmCl3_and_4.5_wt_CsCl.csv
[Run 2760/560000] ✅ Saved: nist_libs_4.0_wt_CeCl3_and_3.0_wt_SmCl3_and_5.0_wt_CsCl.csv
[Run 2761/560000] ✅ Saved: nist_libs_4.0_wt_CeCl3_and_3.5_wt_SmCl3_and_0.5_wt_CsCl.csv
[Run 2762/560000] ✅ Saved: nist_libs_4.0_wt_CeCl3_and_3.5_wt_SmCl3_and_1.0_wt_CsCl.csv
[Run 2763/560000] ✅ Saved: nist_libs_4.0_wt_CeCl3_and_3.5_wt_SmCl3_and_1.5_wt_CsCl.csv
[Run 2764/560000] ✅ Saved: nist_libs_4.0_wt_CeCl3_and_3.5_wt_SmCl3_and_2.0_wt_CsCl.csv
[Run 2765/560000] ✅ Saved: nist_libs_4.0_wt_CeCl3_and_3.5_wt_SmCl3_and_2.5_wt_CsCl.csv
[Run 2766/560000] ✅ Saved: nist_libs_4.0_wt_CeCl3_and_3.5_wt_SmCl3_and_3.0_wt_CsCl.csv
[Run 2767/560000] ✅ Saved: nist_libs_4.0_wt_CeCl3_and_3.5_wt_SmCl3_and_3.5_wt_CsCl.csv
[Run 2768/560000] ✅ Saved: nist_libs_4.0_wt_CeCl3_and_3.5_wt_SmCl3_and_4.0_wt_CsCl.csv
[Run 2769/560000] ✅ Saved: nist_libs_4.0_wt_CeCl3_and_3.5_wt_SmCl3_and_4.5_wt_CsCl.csv
[Run 2770/560000] ✅ Saved: nist_libs_4.0_wt_CeCl3_and_3.5_wt_SmCl3_and_5.0_wt_CsCl.csv
[Run 2771/560000] ✅ Saved: nist_libs_4.0_wt_CeCl3_and_4.0_wt_SmCl3_and_0.5_wt_CsCl.csv
[Run 2772/560000] ✅ Saved: nist_libs_4.0_wt_CeCl3_and_4.0_wt_SmCl3_and_1.0_wt_CsCl.csv
[Run 2773/560000] ✅ Saved: nist_libs_4.0_wt_CeCl3_and_4.0_wt_SmCl3_and_1.5_wt_CsCl.csv
[Run 2774/560000] ✅ Saved: nist_libs_4.0_wt_CeCl3_and_4.0_wt_SmCl3_and_2.0_wt_CsCl.csv
[Run 2775/560000] ✅ Saved: nist_libs_4.0_wt_CeCl3_and_4.0_wt_SmCl3_and_2.5_wt_CsCl.csv
[Run 2776/560000] ✅ Saved: nist_libs_4.0_wt_CeCl3_and_4.0_wt_SmCl3_and_3.0_wt_CsCl.csv
[Run 2777/560000] ✅ Saved: nist_libs_4.0_wt_CeCl3_and_4.0_wt_SmCl3_and_3.5_wt_CsCl.csv
[Run 2778/560000] ✅ Saved: nist_libs_4.0_wt_CeCl3_and_4.0_wt_SmCl3_and_4.0_wt_CsCl.csv
[Run 2779/560000] ✅ Saved: nist_libs_4.0_wt_CeCl3_and_4.0_wt_SmCl3_and_4.5_wt_CsCl.csv
[Run 2780/560000] ✅ Saved: nist_libs_4.0_wt_CeCl3_and_4.0_wt_SmCl3_and_5.0_wt_CsCl.csv
[Run 2782/560000] ✅ Saved: nist_libs_4.0_wt_CeCl3_and_4.5_wt_SmCl3_and_1.0_wt_CsCl.csv
[Run 2781/560000] ✅ Saved: nist_libs_4.0_wt_CeCl3_and_4.5_wt_SmCl3_and_0.5_wt_CsCl.csv
[Run 2783/560000] ✅ Saved: nist_libs_4.0_wt_CeCl3_and_4.5_wt_SmCl3_and_1.5_wt_CsCl.csv
[Run 2784/560000] ✅ Saved: nist_libs_4.0_wt_CeCl3_and_4.5_wt_SmCl3_and_2.0_wt_CsCl.csv
[Run 2785/560000] ✅ Saved: nist_libs_4.0_wt_CeCl3_and_4.5_wt_SmCl3_and_2.5_wt_CsCl.csv
[Run 2786/560000] ✅ Saved: nist_libs_4.0_wt_CeCl3_and_4.5_wt_SmCl3_and_3.0_wt_CsCl.csv
[Run 2787/560000] ✅ Saved: nist_libs_4.0_wt_CeCl3_and_4.5_wt_SmCl3_and_3.5_wt_CsCl.csv
[Run 2788/560000] ✅ Saved: nist_libs_4.0_wt_CeCl3_and_4.5_wt_SmCl3_and_4.0_wt_CsCl.csv
[Run 2789/560000] ✅ Saved: nist_libs_4.0_wt_CeCl3_and_4.5_wt_SmCl3_and_4.5_wt_CsCl.csv
[Run 2790/560000] ✅ Saved: nist_libs_4.0_wt_CeCl3_and_4.5_wt_SmCl3_and_5.0_wt_CsCl.csv
[Run 2791/560000] ✅ Saved: nist_libs_4.0_wt_CeCl3_and_5.0_wt_SmCl3_and_0.5_wt_CsCl.csv
[Run 2792/560000] ✅ Saved: nist_libs_4.0_wt_CeCl3_and_5.0_wt_SmCl3_and_1.0_wt_CsCl.csv
[Run 2793/560000] ✅ Saved: nist_libs_4.0_wt_CeCl3_and_5.0_wt_SmCl3_and_1.5_wt_CsCl.csv
[Run 2794/560000] ✅ Saved: nist_libs_4.0_wt_CeCl3_and_5.0_wt_SmCl3_and_2.0_wt_CsCl.csv
[Run 2795/560000] ✅ Saved: nist_libs_4.0_wt_CeCl3_and_5.0_wt_SmCl3_and_2.5_wt_CsCl.csv
[Run 2796/560000] ✅ Saved: nist_libs_4.0_wt_CeCl3_and_5.0_wt_SmCl3_and_3.0_wt_CsCl.csv
[Run 2797/560000] ✅ Saved: nist_libs_4.0_wt_CeCl3_and_5.0_wt_SmCl3_and_3.5_wt_CsCl.csv
[Run 2798/560000] ✅ Saved: nist_libs_4.0_wt_CeCl3_and_5.0_wt_SmCl3_and_4.0_wt_CsCl.csv
[Run 2799/560000] ✅ Saved: nist_libs_4.0_wt_CeCl3_and_5.0_wt_SmCl3_and_4.5_wt_CsCl.csv
[Run 2800/560000] ✅ Saved: nist_libs_4.0_wt_CeCl3_and_5.0_wt_SmCl3_and_5.0_wt_CsCl.csv
[Run 2801/560000] ✅ Saved: nist_libs_4.5_wt_CeCl3_and_0.5_wt_SmCl3_and_0.5_wt_CsCl.csv
[Run 2802/560000] ✅ Saved: nist_libs_4.5_wt_CeCl3_and_0.5_wt_SmCl3_and_1.0_wt_CsCl.csv
[Run 2803/560000] ✅ Saved: nist_libs_4.5_wt_CeCl3_and_0.5_wt_SmCl3_and_1.5_wt_CsCl.csv
[Run 2804/560000] ✅ Saved: nist_libs_4.5_wt_CeCl3_and_0.5_wt_SmCl3_and_2.0_wt_CsCl.csv
[Run 2805/560000] ✅ Saved: nist_libs_4.5_wt_CeCl3_and_0.5_wt_SmCl3_and_2.5_wt_CsCl.csv
[Run 2806/560000] ✅ Saved: nist_libs_4.5_wt_CeCl3_and_0.5_wt_SmCl3_and_3.0_wt_CsCl.csv
[Run 2808/560000] ✅ Saved: nist_libs_4.5_wt_CeCl3_and_0.5_wt_SmCl3_and_4.0_wt_CsCl.csv
[Run 2807/560000] ✅ Saved: nist_libs_4.5_wt_CeCl3_and_0.5_wt_SmCl3_and_3.5_wt_CsCl.csv
[Run 2809/560000] ✅ Saved: nist_libs_4.5_wt_CeCl3_and_0.5_wt_SmCl3_and_4.5_wt_CsCl.csv
[Run 2810/560000] ✅ Saved: nist_libs_4.5_wt_CeCl3_and_0.5_wt_SmCl3_and_5.0_wt_CsCl.csv
[Run 2811/560000] ✅ Saved: nist_libs_4.5_wt_CeCl3_and_1.0_wt_SmCl3_and_0.5_wt_CsCl.csv
[Run 2812/560000] ✅ Saved: nist_libs_4.5_wt_CeCl3_and_1.0_wt_SmCl3_and_1.0_wt_CsCl.csv
[Run 2813/560000] ✅ Saved: nist_libs_4.5_wt_CeCl3_and_1.0_wt_SmCl3_and_1.5_wt_CsCl.csv
[Run 2814/560000] ✅ Saved: nist_libs_4.5_wt_CeCl3_and_1.0_wt_SmCl3_and_2.0_wt_CsCl.csv
[Run 2815/560000] ✅ Saved: nist_libs_4.5_wt_CeCl3_and_1.0_wt_SmCl3_and_2.5_wt_CsCl.csv
[Run 2816/560000] ✅ Saved: nist_libs_4.5_wt_CeCl3_and_1.0_wt_SmCl3_and_3.0_wt_CsCl.csv
[Run 2817/560000] ✅ Saved: nist_libs_4.5_wt_CeCl3_and_1.0_wt_SmCl3_and_3.5_wt_CsCl.csv
[Run 2818/560000] ✅ Saved: nist_libs_4.5_wt_CeCl3_and_1.0_wt_SmCl3_and_4.0_wt_CsCl.csv
[Run 2819/560000] ✅ Saved: nist_libs_4.5_wt_CeCl3_and_1.0_wt_SmCl3_and_4.5_wt_CsCl.csv
[Run 2820/560000] ✅ Saved: nist_libs_4.5_wt_CeCl3_and_1.0_wt_SmCl3_and_5.0_wt_CsCl.csv
[Run 2821/560000] ✅ Saved: nist_libs_4.5_wt_CeCl3_and_1.5_wt_SmCl3_and_0.5_wt_CsCl.csv
[Run 2822/560000] ✅ Saved: nist_libs_4.5_wt_CeCl3_and_1.5_wt_SmCl3_and_1.0_wt_CsCl.csv
[Run 2823/560000] ✅ Saved: nist_libs_4.5_wt_CeCl3_and_1.5_wt_SmCl3_and_1.5_wt_CsCl.csv
[Run 2824/560000] ✅ Saved: nist_libs_4.5_wt_CeCl3_and_1.5_wt_SmCl3_and_2.0_wt_CsCl.csv
[Run 2825/560000] ✅ Saved: nist_libs_4.5_wt_CeCl3_and_1.5_wt_SmCl3_and_2.5_wt_CsCl.csv
[Run 2826/560000] ✅ Saved: nist_libs_4.5_wt_CeCl3_and_1.5_wt_SmCl3_and_3.0_wt_CsCl.csv
[Run 2827/560000] ✅ Saved: nist_libs_4.5_wt_CeCl3_and_1.5_wt_SmCl3_and_3.5_wt_CsCl.csv
[Run 2828/560000] ✅ Saved: nist_libs_4.5_wt_CeCl3_and_1.5_wt_SmCl3_and_4.0_wt_CsCl.csv
[Run 2829/560000] ✅ Saved: nist_libs_4.5_wt_CeCl3_and_1.5_wt_SmCl3_and_4.5_wt_CsCl.csv
[Run 2830/560000] ✅ Saved: nist_libs_4.5_wt_CeCl3_and_1.5_wt_SmCl3_and_5.0_wt_CsCl.csv
[Run 2831/560000] ✅ Saved: nist_libs_4.5_wt_CeCl3_and_2.0_wt_SmCl3_and_0.5_wt_CsCl.csv
[Run 2832/560000] ✅ Saved: nist_libs_4.5_wt_CeCl3_and_2.0_wt_SmCl3_and_1.0_wt_CsCl.csv
[Run 2833/560000] ✅ Saved: nist_libs_4.5_wt_CeCl3_and_2.0_wt_SmCl3_and_1.5_wt_CsCl.csv
[Run 2834/560000] ✅ Saved: nist_libs_4.5_wt_CeCl3_and_2.0_wt_SmCl3_and_2.0_wt_CsCl.csv
[Run 2835/560000] ✅ Saved: nist_libs_4.5_wt_CeCl3_and_2.0_wt_SmCl3_and_2.5_wt_CsCl.csv
[Run 2836/560000] ✅ Saved: nist_libs_4.5_wt_CeCl3_and_2.0_wt_SmCl3_and_3.0_wt_CsCl.csv
[Run 2837/560000] ✅ Saved: nist_libs_4.5_wt_CeCl3_and_2.0_wt_SmCl3_and_3.5_wt_CsCl.csv
[Run 2838/560000] ✅ Saved: nist_libs_4.5_wt_CeCl3_and_2.0_wt_SmCl3_and_4.0_wt_CsCl.csv
[Run 2839/560000] ✅ Saved: nist_libs_4.5_wt_CeCl3_and_2.0_wt_SmCl3_and_4.5_wt_CsCl.csv
[Run 2840/560000] ✅ Saved: nist_libs_4.5_wt_CeCl3_and_2.0_wt_SmCl3_and_5.0_wt_CsCl.csv
[Run 2841/560000] ✅ Saved: nist_libs_4.5_wt_CeCl3_and_2.5_wt_SmCl3_and_0.5_wt_CsCl.csv
[Run 2843/560000] ✅ Saved: nist_libs_4.5_wt_CeCl3_and_2.5_wt_SmCl3_and_1.5_wt_CsCl.csv
[Run 2842/560000] ✅ Saved: nist_libs_4.5_wt_CeCl3_and_2.5_wt_SmCl3_and_1.0_wt_CsCl.csv
[Run 2844/560000] ✅ Saved: nist_libs_4.5_wt_CeCl3_and_2.5_wt_SmCl3_and_2.0_wt_CsCl.csv
[Run 2845/560000] ✅ Saved: nist_libs_4.5_wt_CeCl3_and_2.5_wt_SmCl3_and_2.5_wt_CsCl.csv
[Run 2846/560000] ✅ Saved: nist_libs_4.5_wt_CeCl3_and_2.5_wt_SmCl3_and_3.0_wt_CsCl.csv
[Run 2847/560000] ✅ Saved: nist_libs_4.5_wt_CeCl3_and_2.5_wt_SmCl3_and_3.5_wt_CsCl.csv
[Run 2849/560000] ✅ Saved: nist_libs_4.5_wt_CeCl3_and_2.5_wt_SmCl3_and_4.5_wt_CsCl.csv
[Run 2848/560000] ✅ Saved: nist_libs_4.5_wt_CeCl3_and_2.5_wt_SmCl3_and_4.0_wt_CsCl.csv
[Run 2850/560000] ✅ Saved: nist_libs_4.5_wt_CeCl3_and_2.5_wt_SmCl3_and_5.0_wt_CsCl.csv
[Run 2853/560000] ✅ Saved: nist_libs_4.5_wt_CeCl3_and_3.0_wt_SmCl3_and_1.5_wt_CsCl.csv
[Run 2852/560000] ✅ Saved: nist_libs_4.5_wt_CeCl3_and_3.0_wt_SmCl3_and_1.0_wt_CsCl.csv
[Run 2851/560000] ✅ Saved: nist_libs_4.5_wt_CeCl3_and_3.0_wt_SmCl3_and_0.5_wt_CsCl.csv
[Run 2854/560000] ✅ Saved: nist_libs_4.5_wt_CeCl3_and_3.0_wt_SmCl3_and_2.0_wt_CsCl.csv
[Run 2856/560000] ✅ Saved: nist_libs_4.5_wt_CeCl3_and_3.0_wt_SmCl3_and_3.0_wt_CsCl.csv
[Run 2855/560000] ✅ Saved: nist_libs_4.5_wt_CeCl3_and_3.0_wt_SmCl3_and_2.5_wt_CsCl.csv
[Run 2857/560000] ✅ Saved: nist_libs_4.5_wt_CeCl3_and_3.0_wt_SmCl3_and_3.5_wt_CsCl.csv
[Run 2858/560000] ✅ Saved: nist_libs_4.5_wt_CeCl3_and_3.0_wt_SmCl3_and_4.0_wt_CsCl.csv
[Run 2859/560000] ✅ Saved: nist_libs_4.5_wt_CeCl3_and_3.0_wt_SmCl3_and_4.5_wt_CsCl.csv
[Run 2861/560000] ✅ Saved: nist_libs_4.5_wt_CeCl3_and_3.5_wt_SmCl3_and_0.5_wt_CsCl.csv
[Run 2860/560000] ✅ Saved: nist_libs_4.5_wt_CeCl3_and_3.0_wt_SmCl3_and_5.0_wt_CsCl.csv
[Run 2862/560000] ✅ Saved: nist_libs_4.5_wt_CeCl3_and_3.5_wt_SmCl3_and_1.0_wt_CsCl.csv
[Run 2863/560000] ✅ Saved: nist_libs_4.5_wt_CeCl3_and_3.5_wt_SmCl3_and_1.5_wt_CsCl.csv
[Run 2864/560000] ✅ Saved: nist_libs_4.5_wt_CeCl3_and_3.5_wt_SmCl3_and_2.0_wt_CsCl.csv
[Run 2865/560000] ✅ Saved: nist_libs_4.5_wt_CeCl3_and_3.5_wt_SmCl3_and_2.5_wt_CsCl.csv
[Run 2866/560000] ✅ Saved: nist_libs_4.5_wt_CeCl3_and_3.5_wt_SmCl3_and_3.0_wt_CsCl.csv
[Run 2867/560000] ✅ Saved: nist_libs_4.5_wt_CeCl3_and_3.5_wt_SmCl3_and_3.5_wt_CsCl.csv
[Run 2868/560000] ✅ Saved: nist_libs_4.5_wt_CeCl3_and_3.5_wt_SmCl3_and_4.0_wt_CsCl.csv
[Run 2869/560000] ✅ Saved: nist_libs_4.5_wt_CeCl3_and_3.5_wt_SmCl3_and_4.5_wt_CsCl.csv
[Run 2870/560000] ✅ Saved: nist_libs_4.5_wt_CeCl3_and_3.5_wt_SmCl3_and_5.0_wt_CsCl.csv
[Run 2871/560000] ✅ Saved: nist_libs_4.5_wt_CeCl3_and_4.0_wt_SmCl3_and_0.5_wt_CsCl.csv
[Run 2872/560000] ✅ Saved: nist_libs_4.5_wt_CeCl3_and_4.0_wt_SmCl3_and_1.0_wt_CsCl.csv
[Run 2873/560000] ✅ Saved: nist_libs_4.5_wt_CeCl3_and_4.0_wt_SmCl3_and_1.5_wt_CsCl.csv
[Run 2874/560000] ✅ Saved: nist_libs_4.5_wt_CeCl3_and_4.0_wt_SmCl3_and_2.0_wt_CsCl.csv
[Run 2875/560000] ✅ Saved: nist_libs_4.5_wt_CeCl3_and_4.0_wt_SmCl3_and_2.5_wt_CsCl.csv
[Run 2876/560000] ✅ Saved: nist_libs_4.5_wt_CeCl3_and_4.0_wt_SmCl3_and_3.0_wt_CsCl.csv
[Run 2877/560000] ✅ Saved: nist_libs_4.5_wt_CeCl3_and_4.0_wt_SmCl3_and_3.5_wt_CsCl.csv
[Run 2878/560000] ✅ Saved: nist_libs_4.5_wt_CeCl3_and_4.0_wt_SmCl3_and_4.0_wt_CsCl.csv
[Run 2879/560000] ✅ Saved: nist_libs_4.5_wt_CeCl3_and_4.0_wt_SmCl3_and_4.5_wt_CsCl.csv
[Run 2880/560000] ✅ Saved: nist_libs_4.5_wt_CeCl3_and_4.0_wt_SmCl3_and_5.0_wt_CsCl.csv
[Run 2881/560000] ✅ Saved: nist_libs_4.5_wt_CeCl3_and_4.5_wt_SmCl3_and_0.5_wt_CsCl.csv
[Run 2882/560000] ✅ Saved: nist_libs_4.5_wt_CeCl3_and_4.5_wt_SmCl3_and_1.0_wt_CsCl.csv
[Run 2883/560000] ✅ Saved: nist_libs_4.5_wt_CeCl3_and_4.5_wt_SmCl3_and_1.5_wt_CsCl.csv
[Run 2884/560000] ✅ Saved: nist_libs_4.5_wt_CeCl3_and_4.5_wt_SmCl3_and_2.0_wt_CsCl.csv
[Run 2885/560000] ✅ Saved: nist_libs_4.5_wt_CeCl3_and_4.5_wt_SmCl3_and_2.5_wt_CsCl.csv
[Run 2886/560000] ✅ Saved: nist_libs_4.5_wt_CeCl3_and_4.5_wt_SmCl3_and_3.0_wt_CsCl.csv
[Run 2887/560000] ✅ Saved: nist_libs_4.5_wt_CeCl3_and_4.5_wt_SmCl3_and_3.5_wt_CsCl.csv
[Run 2888/560000] ✅ Saved: nist_libs_4.5_wt_CeCl3_and_4.5_wt_SmCl3_and_4.0_wt_CsCl.csv
[Run 2889/560000] ✅ Saved: nist_libs_4.5_wt_CeCl3_and_4.5_wt_SmCl3_and_4.5_wt_CsCl.csv
[Run 2891/560000] ✅ Saved: nist_libs_4.5_wt_CeCl3_and_5.0_wt_SmCl3_and_0.5_wt_CsCl.csv
[Run 2890/560000] ✅ Saved: nist_libs_4.5_wt_CeCl3_and_4.5_wt_SmCl3_and_5.0_wt_CsCl.csv
[Run 2892/560000] ✅ Saved: nist_libs_4.5_wt_CeCl3_and_5.0_wt_SmCl3_and_1.0_wt_CsCl.csv
[Run 2893/560000] ✅ Saved: nist_libs_4.5_wt_CeCl3_and_5.0_wt_SmCl3_and_1.5_wt_CsCl.csv
[Run 2894/560000] ✅ Saved: nist_libs_4.5_wt_CeCl3_and_5.0_wt_SmCl3_and_2.0_wt_CsCl.csv
[Run 2895/560000] ✅ Saved: nist_libs_4.5_wt_CeCl3_and_5.0_wt_SmCl3_and_2.5_wt_CsCl.csv
[Run 2896/560000] ✅ Saved: nist_libs_4.5_wt_CeCl3_and_5.0_wt_SmCl3_and_3.0_wt_CsCl.csv
[Run 2897/560000] ✅ Saved: nist_libs_4.5_wt_CeCl3_and_5.0_wt_SmCl3_and_3.5_wt_CsCl.csv
[Run 2898/560000] ✅ Saved: nist_libs_4.5_wt_CeCl3_and_5.0_wt_SmCl3_and_4.0_wt_CsCl.csv
[Run 2899/560000] ✅ Saved: nist_libs_4.5_wt_CeCl3_and_5.0_wt_SmCl3_and_4.5_wt_CsCl.csv
[Run 2900/560000] ✅ Saved: nist_libs_4.5_wt_CeCl3_and_5.0_wt_SmCl3_and_5.0_wt_CsCl.csv
[Run 2901/560000] ✅ Saved: nist_libs_5.0_wt_CeCl3_and_0.5_wt_SmCl3_and_0.5_wt_CsCl.csv
[Run 2902/560000] ✅ Saved: nist_libs_5.0_wt_CeCl3_and_0.5_wt_SmCl3_and_1.0_wt_CsCl.csv
[Run 2903/560000] ✅ Saved: nist_libs_5.0_wt_CeCl3_and_0.5_wt_SmCl3_and_1.5_wt_CsCl.csv
[Run 2904/560000] ✅ Saved: nist_libs_5.0_wt_CeCl3_and_0.5_wt_SmCl3_and_2.0_wt_CsCl.csv
[Run 2905/560000] ✅ Saved: nist_libs_5.0_wt_CeCl3_and_0.5_wt_SmCl3_and_2.5_wt_CsCl.csv
[Run 2906/560000] ✅ Saved: nist_libs_5.0_wt_CeCl3_and_0.5_wt_SmCl3_and_3.0_wt_CsCl.csv
[Run 2907/560000] ✅ Saved: nist_libs_5.0_wt_CeCl3_and_0.5_wt_SmCl3_and_3.5_wt_CsCl.csv
[Run 2909/560000] ✅ Saved: nist_libs_5.0_wt_CeCl3_and_0.5_wt_SmCl3_and_4.5_wt_CsCl.csv
[Run 2908/560000] ✅ Saved: nist_libs_5.0_wt_CeCl3_and_0.5_wt_SmCl3_and_4.0_wt_CsCl.csv
[Run 2910/560000] ✅ Saved: nist_libs_5.0_wt_CeCl3_and_0.5_wt_SmCl3_and_5.0_wt_CsCl.csv
[Run 2911/560000] ✅ Saved: nist_libs_5.0_wt_CeCl3_and_1.0_wt_SmCl3_and_0.5_wt_CsCl.csv
[Run 2912/560000] ✅ Saved: nist_libs_5.0_wt_CeCl3_and_1.0_wt_SmCl3_and_1.0_wt_CsCl.csv
[Run 2913/560000] ✅ Saved: nist_libs_5.0_wt_CeCl3_and_1.0_wt_SmCl3_and_1.5_wt_CsCl.csv
[Run 2914/560000] ✅ Saved: nist_libs_5.0_wt_CeCl3_and_1.0_wt_SmCl3_and_2.0_wt_CsCl.csv
[Run 2915/560000] ✅ Saved: nist_libs_5.0_wt_CeCl3_and_1.0_wt_SmCl3_and_2.5_wt_CsCl.csv
[Run 2916/560000] ✅ Saved: nist_libs_5.0_wt_CeCl3_and_1.0_wt_SmCl3_and_3.0_wt_CsCl.csv
[Run 2917/560000] ✅ Saved: nist_libs_5.0_wt_CeCl3_and_1.0_wt_SmCl3_and_3.5_wt_CsCl.csv
[Run 2918/560000] ✅ Saved: nist_libs_5.0_wt_CeCl3_and_1.0_wt_SmCl3_and_4.0_wt_CsCl.csv
[Run 2919/560000] ✅ Saved: nist_libs_5.0_wt_CeCl3_and_1.0_wt_SmCl3_and_4.5_wt_CsCl.csv
[Run 2920/560000] ✅ Saved: nist_libs_5.0_wt_CeCl3_and_1.0_wt_SmCl3_and_5.0_wt_CsCl.csv
[Run 2921/560000] ✅ Saved: nist_libs_5.0_wt_CeCl3_and_1.5_wt_SmCl3_and_0.5_wt_CsCl.csv
[Run 2922/560000] ✅ Saved: nist_libs_5.0_wt_CeCl3_and_1.5_wt_SmCl3_and_1.0_wt_CsCl.csv
[Run 2923/560000] ✅ Saved: nist_libs_5.0_wt_CeCl3_and_1.5_wt_SmCl3_and_1.5_wt_CsCl.csv
[Run 2925/560000] ✅ Saved: nist_libs_5.0_wt_CeCl3_and_1.5_wt_SmCl3_and_2.5_wt_CsCl.csv
[Run 2924/560000] ✅ Saved: nist_libs_5.0_wt_CeCl3_and_1.5_wt_SmCl3_and_2.0_wt_CsCl.csv
[Run 2927/560000] ✅ Saved: nist_libs_5.0_wt_CeCl3_and_1.5_wt_SmCl3_and_3.5_wt_CsCl.csv
[Run 2926/560000] ✅ Saved: nist_libs_5.0_wt_CeCl3_and_1.5_wt_SmCl3_and_3.0_wt_CsCl.csv
[Run 2928/560000] ✅ Saved: nist_libs_5.0_wt_CeCl3_and_1.5_wt_SmCl3_and_4.0_wt_CsCl.csv
[Run 2930/560000] ✅ Saved: nist_libs_5.0_wt_CeCl3_and_1.5_wt_SmCl3_and_5.0_wt_CsCl.csv
[Run 2929/560000] ✅ Saved: nist_libs_5.0_wt_CeCl3_and_1.5_wt_SmCl3_and_4.5_wt_CsCl.csv
[Run 2931/560000] ✅ Saved: nist_libs_5.0_wt_CeCl3_and_2.0_wt_SmCl3_and_0.5_wt_CsCl.csv
[Run 2932/560000] ✅ Saved: nist_libs_5.0_wt_CeCl3_and_2.0_wt_SmCl3_and_1.0_wt_CsCl.csv
[Run 2933/560000] ✅ Saved: nist_libs_5.0_wt_CeCl3_and_2.0_wt_SmCl3_and_1.5_wt_CsCl.csv
[Run 2935/560000] ✅ Saved: nist_libs_5.0_wt_CeCl3_and_2.0_wt_SmCl3_and_2.5_wt_CsCl.csv
[Run 2934/560000] ✅ Saved: nist_libs_5.0_wt_CeCl3_and_2.0_wt_SmCl3_and_2.0_wt_CsCl.csv
[Run 2936/560000] ✅ Saved: nist_libs_5.0_wt_CeCl3_and_2.0_wt_SmCl3_and_3.0_wt_CsCl.csv
[Run 2937/560000] ✅ Saved: nist_libs_5.0_wt_CeCl3_and_2.0_wt_SmCl3_and_3.5_wt_CsCl.csv
[Run 2938/560000] ✅ Saved: nist_libs_5.0_wt_CeCl3_and_2.0_wt_SmCl3_and_4.0_wt_CsCl.csv
[Run 2939/560000] ✅ Saved: nist_libs_5.0_wt_CeCl3_and_2.0_wt_SmCl3_and_4.5_wt_CsCl.csv
[Run 2940/560000] ✅ Saved: nist_libs_5.0_wt_CeCl3_and_2.0_wt_SmCl3_and_5.0_wt_CsCl.csv
[Run 2941/560000] ✅ Saved: nist_libs_5.0_wt_CeCl3_and_2.5_wt_SmCl3_and_0.5_wt_CsCl.csv
[Run 2942/560000] ✅ Saved: nist_libs_5.0_wt_CeCl3_and_2.5_wt_SmCl3_and_1.0_wt_CsCl.csv
[Run 2944/560000] ✅ Saved: nist_libs_5.0_wt_CeCl3_and_2.5_wt_SmCl3_and_2.0_wt_CsCl.csv
[Run 2943/560000] ✅ Saved: nist_libs_5.0_wt_CeCl3_and_2.5_wt_SmCl3_and_1.5_wt_CsCl.csv
[Run 2945/560000] ✅ Saved: nist_libs_5.0_wt_CeCl3_and_2.5_wt_SmCl3_and_2.5_wt_CsCl.csv
[Run 2946/560000] ✅ Saved: nist_libs_5.0_wt_CeCl3_and_2.5_wt_SmCl3_and_3.0_wt_CsCl.csv
[Run 2948/560000] ✅ Saved: nist_libs_5.0_wt_CeCl3_and_2.5_wt_SmCl3_and_4.0_wt_CsCl.csv
[Run 2947/560000] ✅ Saved: nist_libs_5.0_wt_CeCl3_and_2.5_wt_SmCl3_and_3.5_wt_CsCl.csv
[Run 2949/560000] ✅ Saved: nist_libs_5.0_wt_CeCl3_and_2.5_wt_SmCl3_and_4.5_wt_CsCl.csv
[Run 2950/560000] ✅ Saved: nist_libs_5.0_wt_CeCl3_and_2.5_wt_SmCl3_and_5.0_wt_CsCl.csv
[Run 2951/560000] ✅ Saved: nist_libs_5.0_wt_CeCl3_and_3.0_wt_SmCl3_and_0.5_wt_CsCl.csv
[Run 2952/560000] ✅ Saved: nist_libs_5.0_wt_CeCl3_and_3.0_wt_SmCl3_and_1.0_wt_CsCl.csv
[Run 2953/560000] ✅ Saved: nist_libs_5.0_wt_CeCl3_and_3.0_wt_SmCl3_and_1.5_wt_CsCl.csv
[Run 2954/560000] ✅ Saved: nist_libs_5.0_wt_CeCl3_and_3.0_wt_SmCl3_and_2.0_wt_CsCl.csv
[Run 2955/560000] ✅ Saved: nist_libs_5.0_wt_CeCl3_and_3.0_wt_SmCl3_and_2.5_wt_CsCl.csv
[Run 2956/560000] ✅ Saved: nist_libs_5.0_wt_CeCl3_and_3.0_wt_SmCl3_and_3.0_wt_CsCl.csv
[Run 2957/560000] ✅ Saved: nist_libs_5.0_wt_CeCl3_and_3.0_wt_SmCl3_and_3.5_wt_CsCl.csv
[Run 2958/560000] ✅ Saved: nist_libs_5.0_wt_CeCl3_and_3.0_wt_SmCl3_and_4.0_wt_CsCl.csv
[Run 2959/560000] ✅ Saved: nist_libs_5.0_wt_CeCl3_and_3.0_wt_SmCl3_and_4.5_wt_CsCl.csv
[Run 2961/560000] ✅ Saved: nist_libs_5.0_wt_CeCl3_and_3.5_wt_SmCl3_and_0.5_wt_CsCl.csv
[Run 2960/560000] ✅ Saved: nist_libs_5.0_wt_CeCl3_and_3.0_wt_SmCl3_and_5.0_wt_CsCl.csv
[Run 2963/560000] ✅ Saved: nist_libs_5.0_wt_CeCl3_and_3.5_wt_SmCl3_and_1.5_wt_CsCl.csv
[Run 2962/560000] ✅ Saved: nist_libs_5.0_wt_CeCl3_and_3.5_wt_SmCl3_and_1.0_wt_CsCl.csv
[Run 2965/560000] ✅ Saved: nist_libs_5.0_wt_CeCl3_and_3.5_wt_SmCl3_and_2.5_wt_CsCl.csv
[Run 2964/560000] ✅ Saved: nist_libs_5.0_wt_CeCl3_and_3.5_wt_SmCl3_and_2.0_wt_CsCl.csv
[Run 2966/560000] ✅ Saved: nist_libs_5.0_wt_CeCl3_and_3.5_wt_SmCl3_and_3.0_wt_CsCl.csv
[Run 2967/560000] ✅ Saved: nist_libs_5.0_wt_CeCl3_and_3.5_wt_SmCl3_and_3.5_wt_CsCl.csv
[Run 2968/560000] ✅ Saved: nist_libs_5.0_wt_CeCl3_and_3.5_wt_SmCl3_and_4.0_wt_CsCl.csv
[Run 2969/560000] ✅ Saved: nist_libs_5.0_wt_CeCl3_and_3.5_wt_SmCl3_and_4.5_wt_CsCl.csv
[Run 2970/560000] ✅ Saved: nist_libs_5.0_wt_CeCl3_and_3.5_wt_SmCl3_and_5.0_wt_CsCl.csv
[Run 2971/560000] ✅ Saved: nist_libs_5.0_wt_CeCl3_and_4.0_wt_SmCl3_and_0.5_wt_CsCl.csv
[Run 2972/560000] ✅ Saved: nist_libs_5.0_wt_CeCl3_and_4.0_wt_SmCl3_and_1.0_wt_CsCl.csv
[Run 2973/560000] ✅ Saved: nist_libs_5.0_wt_CeCl3_and_4.0_wt_SmCl3_and_1.5_wt_CsCl.csv
[Run 2974/560000] ✅ Saved: nist_libs_5.0_wt_CeCl3_and_4.0_wt_SmCl3_and_2.0_wt_CsCl.csv
[Run 2975/560000] ✅ Saved: nist_libs_5.0_wt_CeCl3_and_4.0_wt_SmCl3_and_2.5_wt_CsCl.csv
[Run 2977/560000] ✅ Saved: nist_libs_5.0_wt_CeCl3_and_4.0_wt_SmCl3_and_3.5_wt_CsCl.csv
[Run 2976/560000] ✅ Saved: nist_libs_5.0_wt_CeCl3_and_4.0_wt_SmCl3_and_3.0_wt_CsCl.csv
[Run 2978/560000] ✅ Saved: nist_libs_5.0_wt_CeCl3_and_4.0_wt_SmCl3_and_4.0_wt_CsCl.csv
[Run 2979/560000] ✅ Saved: nist_libs_5.0_wt_CeCl3_and_4.0_wt_SmCl3_and_4.5_wt_CsCl.csv
[Run 2980/560000] ✅ Saved: nist_libs_5.0_wt_CeCl3_and_4.0_wt_SmCl3_and_5.0_wt_CsCl.csv
[Run 2981/560000] ✅ Saved: nist_libs_5.0_wt_CeCl3_and_4.5_wt_SmCl3_and_0.5_wt_CsCl.csv
[Run 2982/560000] ✅ Saved: nist_libs_5.0_wt_CeCl3_and_4.5_wt_SmCl3_and_1.0_wt_CsCl.csv
[Run 2983/560000] ✅ Saved: nist_libs_5.0_wt_CeCl3_and_4.5_wt_SmCl3_and_1.5_wt_CsCl.csv
[Run 2984/560000] ✅ Saved: nist_libs_5.0_wt_CeCl3_and_4.5_wt_SmCl3_and_2.0_wt_CsCl.csv
[Run 2985/560000] ✅ Saved: nist_libs_5.0_wt_CeCl3_and_4.5_wt_SmCl3_and_2.5_wt_CsCl.csv
[Run 2986/560000] ✅ Saved: nist_libs_5.0_wt_CeCl3_and_4.5_wt_SmCl3_and_3.0_wt_CsCl.csv
[Run 2987/560000] ✅ Saved: nist_libs_5.0_wt_CeCl3_and_4.5_wt_SmCl3_and_3.5_wt_CsCl.csv
[Run 2988/560000] ✅ Saved: nist_libs_5.0_wt_CeCl3_and_4.5_wt_SmCl3_and_4.0_wt_CsCl.csv
[Run 2989/560000] ✅ Saved: nist_libs_5.0_wt_CeCl3_and_4.5_wt_SmCl3_and_4.5_wt_CsCl.csv
[Run 2990/560000] ✅ Saved: nist_libs_5.0_wt_CeCl3_and_4.5_wt_SmCl3_and_5.0_wt_CsCl.csv
[Run 2991/560000] ✅ Saved: nist_libs_5.0_wt_CeCl3_and_5.0_wt_SmCl3_and_0.5_wt_CsCl.csv
[Run 2992/560000] ✅ Saved: nist_libs_5.0_wt_CeCl3_and_5.0_wt_SmCl3_and_1.0_wt_CsCl.csv
[Run 2993/560000] ✅ Saved: nist_libs_5.0_wt_CeCl3_and_5.0_wt_SmCl3_and_1.5_wt_CsCl.csv
[Run 2994/560000] ✅ Saved: nist_libs_5.0_wt_CeCl3_and_5.0_wt_SmCl3_and_2.0_wt_CsCl.csv
[Run 2995/560000] ✅ Saved: nist_libs_5.0_wt_CeCl3_and_5.0_wt_SmCl3_and_2.5_wt_CsCl.csv
[Run 2996/560000] ✅ Saved: nist_libs_5.0_wt_CeCl3_and_5.0_wt_SmCl3_and_3.0_wt_CsCl.csv
[Run 2997/560000] ✅ Saved: nist_libs_5.0_wt_CeCl3_and_5.0_wt_SmCl3_and_3.5_wt_CsCl.csv
[Run 2998/560000] ✅ Saved: nist_libs_5.0_wt_CeCl3_and_5.0_wt_SmCl3_and_4.0_wt_CsCl.csv
[Run 2999/560000] ✅ Saved: nist_libs_5.0_wt_CeCl3_and_5.0_wt_SmCl3_and_4.5_wt_CsCl.csv
[Run 3000/560000] ✅ Saved: nist_libs_5.0_wt_CeCl3_and_5.0_wt_SmCl3_and_5.0_wt_CsCl.csv
📦 Packaging batch 3 (1000 CSVs) -> nist_libs_batch_0003.zip...
[Run 3001/560000] ✅ Saved: nist_libs_0.5_wt_CeCl3_and_0.5_wt_SmCl3_and_0.5_wt_SrCl2.csv
[Run 3002/560000] ✅ Saved: nist_libs_0.5_wt_CeCl3_and_0.5_wt_SmCl3_and_1.0_wt_SrCl2.csv
[Run 3003/560000] ✅ Saved: nist_libs_0.5_wt_CeCl3_and_0.5_wt_SmCl3_and_1.5_wt_SrCl2.csv
[Run 3007/560000] ✅ Saved: nist_libs_0.5_wt_CeCl3_and_0.5_wt_SmCl3_and_3.5_wt_SrCl2.csv
[Run 3005/560000] ✅ Saved: nist_libs_0.5_wt_CeCl3_and_0.5_wt_SmCl3_and_2.5_wt_SrCl2.csv
[Run 3004/560000] ✅ Saved: nist_libs_0.5_wt_CeCl3_and_0.5_wt_SmCl3_and_2.0_wt_SrCl2.csv
[Run 3006/560000] ✅ Saved: nist_libs_0.5_wt_CeCl3_and_0.5_wt_SmCl3_and_3.0_wt_SrCl2.csv
[Run 3008/560000] ✅ Saved: nist_libs_0.5_wt_CeCl3_and_0.5_wt_SmCl3_and_4.0_wt_SrCl2.csv
[Run 3009/560000] ✅ Saved: nist_libs_0.5_wt_CeCl3_and_0.5_wt_SmCl3_and_4.5_wt_SrCl2.csv
[Run 3011/560000] ✅ Saved: nist_libs_0.5_wt_CeCl3_and_1.0_wt_SmCl3_and_0.5_wt_SrCl2.csv
[Run 3010/560000] ✅ Saved: nist_libs_0.5_wt_CeCl3_and_0.5_wt_SmCl3_and_5.0_wt_SrCl2.csv
[Run 3012/560000] ✅ Saved: nist_libs_0.5_wt_CeCl3_and_1.0_wt_SmCl3_and_1.0_wt_SrCl2.csv
[Run 3013/560000] ✅ Saved: nist_libs_0.5_wt_CeCl3_and_1.0_wt_SmCl3_and_1.5_wt_SrCl2.csv
[Run 3015/560000] ✅ Saved: nist_libs_0.5_wt_CeCl3_and_1.0_wt_SmCl3_and_2.5_wt_SrCl2.csv
[Run 3014/560000] ✅ Saved: nist_libs_0.5_wt_CeCl3_and_1.0_wt_SmCl3_and_2.0_wt_SrCl2.csv
[Run 3016/560000] ✅ Saved: nist_libs_0.5_wt_CeCl3_and_1.0_wt_SmCl3_and_3.0_wt_SrCl2.csv
[Run 3017/560000] ✅ Saved: nist_libs_0.5_wt_CeCl3_and_1.0_wt_SmCl3_and_3.5_wt_SrCl2.csv
[Run 3020/560000] ✅ Saved: nist_libs_0.5_wt_CeCl3_and_1.0_wt_SmCl3_and_5.0_wt_SrCl2.csv
[Run 3018/560000] ✅ Saved: nist_libs_0.5_wt_CeCl3_and_1.0_wt_SmCl3_and_4.0_wt_SrCl2.csv
[Run 3019/560000] ✅ Saved: nist_libs_0.5_wt_CeCl3_and_1.0_wt_SmCl3_and_4.5_wt_SrCl2.csv
[Run 3021/560000] ✅ Saved: nist_libs_0.5_wt_CeCl3_and_1.5_wt_SmCl3_and_0.5_wt_SrCl2.csv
[Run 3023/560000] ✅ Saved: nist_libs_0.5_wt_CeCl3_and_1.5_wt_SmCl3_and_1.5_wt_SrCl2.csv
[Run 3025/560000] ✅ Saved: nist_libs_0.5_wt_CeCl3_and_1.5_wt_SmCl3_and_2.5_wt_SrCl2.csv
[Run 3024/560000] ✅ Saved: nist_libs_0.5_wt_CeCl3_and_1.5_wt_SmCl3_and_2.0_wt_SrCl2.csv
[Run 3022/560000] ✅ Saved: nist_libs_0.5_wt_CeCl3_and_1.5_wt_SmCl3_and_1.0_wt_SrCl2.csv
[Run 3026/560000] ✅ Saved: nist_libs_0.5_wt_CeCl3_and_1.5_wt_SmCl3_and_3.0_wt_SrCl2.csv
[Run 3028/560000] ✅ Saved: nist_libs_0.5_wt_CeCl3_and_1.5_wt_SmCl3_and_4.0_wt_SrCl2.csv
[Run 3027/560000] ✅ Saved: nist_libs_0.5_wt_CeCl3_and_1.5_wt_SmCl3_and_3.5_wt_SrCl2.csv
[Run 3029/560000] ✅ Saved: nist_libs_0.5_wt_CeCl3_and_1.5_wt_SmCl3_and_4.5_wt_SrCl2.csv
[Run 3030/560000] ✅ Saved: nist_libs_0.5_wt_CeCl3_and_1.5_wt_SmCl3_and_5.0_wt_SrCl2.csv
[Run 3031/560000] ✅ Saved: nist_libs_0.5_wt_CeCl3_and_2.0_wt_SmCl3_and_0.5_wt_SrCl2.csv
[Run 3032/560000] ✅ Saved: nist_libs_0.5_wt_CeCl3_and_2.0_wt_SmCl3_and_1.0_wt_SrCl2.csv
[Run 3033/560000] ✅ Saved: nist_libs_0.5_wt_CeCl3_and_2.0_wt_SmCl3_and_1.5_wt_SrCl2.csv
[Run 3034/560000] ✅ Saved: nist_libs_0.5_wt_CeCl3_and_2.0_wt_SmCl3_and_2.0_wt_SrCl2.csv
[Run 3035/560000] ✅ Saved: nist_libs_0.5_wt_CeCl3_and_2.0_wt_SmCl3_and_2.5_wt_SrCl2.csv
[Run 3037/560000] ✅ Saved: nist_libs_0.5_wt_CeCl3_and_2.0_wt_SmCl3_and_3.5_wt_SrCl2.csv
[Run 3036/560000] ✅ Saved: nist_libs_0.5_wt_CeCl3_and_2.0_wt_SmCl3_and_3.0_wt_SrCl2.csv
[Run 3038/560000] ✅ Saved: nist_libs_0.5_wt_CeCl3_and_2.0_wt_SmCl3_and_4.0_wt_SrCl2.csv
[Run 3039/560000] ✅ Saved: nist_libs_0.5_wt_CeCl3_and_2.0_wt_SmCl3_and_4.5_wt_SrCl2.csv
[Run 3041/560000] ✅ Saved: nist_libs_0.5_wt_CeCl3_and_2.5_wt_SmCl3_and_0.5_wt_SrCl2.csv
[Run 3040/560000] ✅ Saved: nist_libs_0.5_wt_CeCl3_and_2.0_wt_SmCl3_and_5.0_wt_SrCl2.csv
[Run 3042/560000] ✅ Saved: nist_libs_0.5_wt_CeCl3_and_2.5_wt_SmCl3_and_1.0_wt_SrCl2.csv
[Run 3043/560000] ✅ Saved: nist_libs_0.5_wt_CeCl3_and_2.5_wt_SmCl3_and_1.5_wt_SrCl2.csv
[Run 3045/560000] ✅ Saved: nist_libs_0.5_wt_CeCl3_and_2.5_wt_SmCl3_and_2.5_wt_SrCl2.csv
[Run 3044/560000] ✅ Saved: nist_libs_0.5_wt_CeCl3_and_2.5_wt_SmCl3_and_2.0_wt_SrCl2.csv
[Run 3046/560000] ✅ Saved: nist_libs_0.5_wt_CeCl3_and_2.5_wt_SmCl3_and_3.0_wt_SrCl2.csv
[Run 3047/560000] ✅ Saved: nist_libs_0.5_wt_CeCl3_and_2.5_wt_SmCl3_and_3.5_wt_SrCl2.csv
[Run 3048/560000] ✅ Saved: nist_libs_0.5_wt_CeCl3_and_2.5_wt_SmCl3_and_4.0_wt_SrCl2.csv
[Run 3049/560000] ✅ Saved: nist_libs_0.5_wt_CeCl3_and_2.5_wt_SmCl3_and_4.5_wt_SrCl2.csv
[Run 3050/560000] ✅ Saved: nist_libs_0.5_wt_CeCl3_and_2.5_wt_SmCl3_and_5.0_wt_SrCl2.csv
[Run 3051/560000] ✅ Saved: nist_libs_0.5_wt_CeCl3_and_3.0_wt_SmCl3_and_0.5_wt_SrCl2.csv
[Run 3052/560000] ✅ Saved: nist_libs_0.5_wt_CeCl3_and_3.0_wt_SmCl3_and_1.0_wt_SrCl2.csv
[Run 3054/560000] ✅ Saved: nist_libs_0.5_wt_CeCl3_and_3.0_wt_SmCl3_and_2.0_wt_SrCl2.csv
[Run 3053/560000] ✅ Saved: nist_libs_0.5_wt_CeCl3_and_3.0_wt_SmCl3_and_1.5_wt_SrCl2.csv
[Run 3055/560000] ✅ Saved: nist_libs_0.5_wt_CeCl3_and_3.0_wt_SmCl3_and_2.5_wt_SrCl2.csv
[Run 3057/560000] ✅ Saved: nist_libs_0.5_wt_CeCl3_and_3.0_wt_SmCl3_and_3.5_wt_SrCl2.csv
[Run 3056/560000] ✅ Saved: nist_libs_0.5_wt_CeCl3_and_3.0_wt_SmCl3_and_3.0_wt_SrCl2.csv
[Run 3058/560000] ✅ Saved: nist_libs_0.5_wt_CeCl3_and_3.0_wt_SmCl3_and_4.0_wt_SrCl2.csv
[Run 3059/560000] ✅ Saved: nist_libs_0.5_wt_CeCl3_and_3.0_wt_SmCl3_and_4.5_wt_SrCl2.csv
[Run 3060/560000] ✅ Saved: nist_libs_0.5_wt_CeCl3_and_3.0_wt_SmCl3_and_5.0_wt_SrCl2.csv
[Run 3062/560000] ✅ Saved: nist_libs_0.5_wt_CeCl3_and_3.5_wt_SmCl3_and_1.0_wt_SrCl2.csv
[Run 3061/560000] ✅ Saved: nist_libs_0.5_wt_CeCl3_and_3.5_wt_SmCl3_and_0.5_wt_SrCl2.csv
[Run 3063/560000] ✅ Saved: nist_libs_0.5_wt_CeCl3_and_3.5_wt_SmCl3_and_1.5_wt_SrCl2.csv
[Run 3064/560000] ✅ Saved: nist_libs_0.5_wt_CeCl3_and_3.5_wt_SmCl3_and_2.0_wt_SrCl2.csv
[Run 3066/560000] ✅ Saved: nist_libs_0.5_wt_CeCl3_and_3.5_wt_SmCl3_and_3.0_wt_SrCl2.csv
[Run 3065/560000] ✅ Saved: nist_libs_0.5_wt_CeCl3_and_3.5_wt_SmCl3_and_2.5_wt_SrCl2.csv
[Run 3067/560000] ✅ Saved: nist_libs_0.5_wt_CeCl3_and_3.5_wt_SmCl3_and_3.5_wt_SrCl2.csv
[Run 3068/560000] ✅ Saved: nist_libs_0.5_wt_CeCl3_and_3.5_wt_SmCl3_and_4.0_wt_SrCl2.csv
[Run 3069/560000] ✅ Saved: nist_libs_0.5_wt_CeCl3_and_3.5_wt_SmCl3_and_4.5_wt_SrCl2.csv
[Run 3071/560000] ✅ Saved: nist_libs_0.5_wt_CeCl3_and_4.0_wt_SmCl3_and_0.5_wt_SrCl2.csv
[Run 3070/560000] ✅ Saved: nist_libs_0.5_wt_CeCl3_and_3.5_wt_SmCl3_and_5.0_wt_SrCl2.csv
[Run 3072/560000] ✅ Saved: nist_libs_0.5_wt_CeCl3_and_4.0_wt_SmCl3_and_1.0_wt_SrCl2.csv
[Run 3073/560000] ✅ Saved: nist_libs_0.5_wt_CeCl3_and_4.0_wt_SmCl3_and_1.5_wt_SrCl2.csv
[Run 3074/560000] ✅ Saved: nist_libs_0.5_wt_CeCl3_and_4.0_wt_SmCl3_and_2.0_wt_SrCl2.csv
[Run 3075/560000] ✅ Saved: nist_libs_0.5_wt_CeCl3_and_4.0_wt_SmCl3_and_2.5_wt_SrCl2.csv
[Run 3076/560000] ✅ Saved: nist_libs_0.5_wt_CeCl3_and_4.0_wt_SmCl3_and_3.0_wt_SrCl2.csv
[Run 3077/560000] ✅ Saved: nist_libs_0.5_wt_CeCl3_and_4.0_wt_SmCl3_and_3.5_wt_SrCl2.csv
[Run 3078/560000] ✅ Saved: nist_libs_0.5_wt_CeCl3_and_4.0_wt_SmCl3_and_4.0_wt_SrCl2.csv
[Run 3079/560000] ✅ Saved: nist_libs_0.5_wt_CeCl3_and_4.0_wt_SmCl3_and_4.5_wt_SrCl2.csv
[Run 3080/560000] ✅ Saved: nist_libs_0.5_wt_CeCl3_and_4.0_wt_SmCl3_and_5.0_wt_SrCl2.csv
[Run 3081/560000] ✅ Saved: nist_libs_0.5_wt_CeCl3_and_4.5_wt_SmCl3_and_0.5_wt_SrCl2.csv
[Run 3082/560000] ✅ Saved: nist_libs_0.5_wt_CeCl3_and_4.5_wt_SmCl3_and_1.0_wt_SrCl2.csv
[Run 3084/560000] ✅ Saved: nist_libs_0.5_wt_CeCl3_and_4.5_wt_SmCl3_and_2.0_wt_SrCl2.csv
[Run 3083/560000] ✅ Saved: nist_libs_0.5_wt_CeCl3_and_4.5_wt_SmCl3_and_1.5_wt_SrCl2.csv
[Run 3086/560000] ✅ Saved: nist_libs_0.5_wt_CeCl3_and_4.5_wt_SmCl3_and_3.0_wt_SrCl2.csv
[Run 3085/560000] ✅ Saved: nist_libs_0.5_wt_CeCl3_and_4.5_wt_SmCl3_and_2.5_wt_SrCl2.csv
[Run 3087/560000] ✅ Saved: nist_libs_0.5_wt_CeCl3_and_4.5_wt_SmCl3_and_3.5_wt_SrCl2.csv
[Run 3088/560000] ✅ Saved: nist_libs_0.5_wt_CeCl3_and_4.5_wt_SmCl3_and_4.0_wt_SrCl2.csv
[Run 3089/560000] ✅ Saved: nist_libs_0.5_wt_CeCl3_and_4.5_wt_SmCl3_and_4.5_wt_SrCl2.csv
[Run 3090/560000] ✅ Saved: nist_libs_0.5_wt_CeCl3_and_4.5_wt_SmCl3_and_5.0_wt_SrCl2.csv
[Run 3091/560000] ✅ Saved: nist_libs_0.5_wt_CeCl3_and_5.0_wt_SmCl3_and_0.5_wt_SrCl2.csv
[Run 3092/560000] ✅ Saved: nist_libs_0.5_wt_CeCl3_and_5.0_wt_SmCl3_and_1.0_wt_SrCl2.csv
[Run 3093/560000] ✅ Saved: nist_libs_0.5_wt_CeCl3_and_5.0_wt_SmCl3_and_1.5_wt_SrCl2.csv
[Run 3095/560000] ✅ Saved: nist_libs_0.5_wt_CeCl3_and_5.0_wt_SmCl3_and_2.5_wt_SrCl2.csv
[Run 3094/560000] ✅ Saved: nist_libs_0.5_wt_CeCl3_and_5.0_wt_SmCl3_and_2.0_wt_SrCl2.csv
[Run 3096/560000] ✅ Saved: nist_libs_0.5_wt_CeCl3_and_5.0_wt_SmCl3_and_3.0_wt_SrCl2.csv
[Run 3097/560000] ✅ Saved: nist_libs_0.5_wt_CeCl3_and_5.0_wt_SmCl3_and_3.5_wt_SrCl2.csv
[Run 3098/560000] ✅ Saved: nist_libs_0.5_wt_CeCl3_and_5.0_wt_SmCl3_and_4.0_wt_SrCl2.csv
[Run 3100/560000] ✅ Saved: nist_libs_0.5_wt_CeCl3_and_5.0_wt_SmCl3_and_5.0_wt_SrCl2.csv
[Run 3099/560000] ✅ Saved: nist_libs_0.5_wt_CeCl3_and_5.0_wt_SmCl3_and_4.5_wt_SrCl2.csv
[Run 3102/560000] ✅ Saved: nist_libs_1.0_wt_CeCl3_and_0.5_wt_SmCl3_and_1.0_wt_SrCl2.csv
[Run 3101/560000] ✅ Saved: nist_libs_1.0_wt_CeCl3_and_0.5_wt_SmCl3_and_0.5_wt_SrCl2.csv
[Run 3104/560000] ✅ Saved: nist_libs_1.0_wt_CeCl3_and_0.5_wt_SmCl3_and_2.0_wt_SrCl2.csv
[Run 3103/560000] ✅ Saved: nist_libs_1.0_wt_CeCl3_and_0.5_wt_SmCl3_and_1.5_wt_SrCl2.csv
[Run 3105/560000] ✅ Saved: nist_libs_1.0_wt_CeCl3_and_0.5_wt_SmCl3_and_2.5_wt_SrCl2.csv
[Run 3106/560000] ✅ Saved: nist_libs_1.0_wt_CeCl3_and_0.5_wt_SmCl3_and_3.0_wt_SrCl2.csv
[Run 3108/560000] ✅ Saved: nist_libs_1.0_wt_CeCl3_and_0.5_wt_SmCl3_and_4.0_wt_SrCl2.csv
[Run 3107/560000] ✅ Saved: nist_libs_1.0_wt_CeCl3_and_0.5_wt_SmCl3_and_3.5_wt_SrCl2.csv
[Run 3109/560000] ✅ Saved: nist_libs_1.0_wt_CeCl3_and_0.5_wt_SmCl3_and_4.5_wt_SrCl2.csv
[Run 3112/560000] ✅ Saved: nist_libs_1.0_wt_CeCl3_and_1.0_wt_SmCl3_and_1.0_wt_SrCl2.csv
[Run 3111/560000] ✅ Saved: nist_libs_1.0_wt_CeCl3_and_1.0_wt_SmCl3_and_0.5_wt_SrCl2.csv
[Run 3110/560000] ✅ Saved: nist_libs_1.0_wt_CeCl3_and_0.5_wt_SmCl3_and_5.0_wt_SrCl2.csv
[Run 3113/560000] ✅ Saved: nist_libs_1.0_wt_CeCl3_and_1.0_wt_SmCl3_and_1.5_wt_SrCl2.csv
[Run 3116/560000] ✅ Saved: nist_libs_1.0_wt_CeCl3_and_1.0_wt_SmCl3_and_3.0_wt_SrCl2.csv
[Run 3115/560000] ✅ Saved: nist_libs_1.0_wt_CeCl3_and_1.0_wt_SmCl3_and_2.5_wt_SrCl2.csv
[Run 3114/560000] ✅ Saved: nist_libs_1.0_wt_CeCl3_and_1.0_wt_SmCl3_and_2.0_wt_SrCl2.csv
[Run 3117/560000] ✅ Saved: nist_libs_1.0_wt_CeCl3_and_1.0_wt_SmCl3_and_3.5_wt_SrCl2.csv
[Run 3118/560000] ✅ Saved: nist_libs_1.0_wt_CeCl3_and_1.0_wt_SmCl3_and_4.0_wt_SrCl2.csv
[Run 3119/560000] ✅ Saved: nist_libs_1.0_wt_CeCl3_and_1.0_wt_SmCl3_and_4.5_wt_SrCl2.csv
[Run 3120/560000] ✅ Saved: nist_libs_1.0_wt_CeCl3_and_1.0_wt_SmCl3_and_5.0_wt_SrCl2.csv
[Run 3121/560000] ✅ Saved: nist_libs_1.0_wt_CeCl3_and_1.5_wt_SmCl3_and_0.5_wt_SrCl2.csv
[Run 3122/560000] ✅ Saved: nist_libs_1.0_wt_CeCl3_and_1.5_wt_SmCl3_and_1.0_wt_SrCl2.csv
[Run 3123/560000] ✅ Saved: nist_libs_1.0_wt_CeCl3_and_1.5_wt_SmCl3_and_1.5_wt_SrCl2.csv
[Run 3124/560000] ✅ Saved: nist_libs_1.0_wt_CeCl3_and_1.5_wt_SmCl3_and_2.0_wt_SrCl2.csv
[Run 3125/560000] ✅ Saved: nist_libs_1.0_wt_CeCl3_and_1.5_wt_SmCl3_and_2.5_wt_SrCl2.csv
[Run 3126/560000] ✅ Saved: nist_libs_1.0_wt_CeCl3_and_1.5_wt_SmCl3_and_3.0_wt_SrCl2.csv
[Run 3128/560000] ✅ Saved: nist_libs_1.0_wt_CeCl3_and_1.5_wt_SmCl3_and_4.0_wt_SrCl2.csv
[Run 3127/560000] ✅ Saved: nist_libs_1.0_wt_CeCl3_and_1.5_wt_SmCl3_and_3.5_wt_SrCl2.csv
[Run 3129/560000] ✅ Saved: nist_libs_1.0_wt_CeCl3_and_1.5_wt_SmCl3_and_4.5_wt_SrCl2.csv
[Run 3130/560000] ✅ Saved: nist_libs_1.0_wt_CeCl3_and_1.5_wt_SmCl3_and_5.0_wt_SrCl2.csv
[Run 3131/560000] ✅ Saved: nist_libs_1.0_wt_CeCl3_and_2.0_wt_SmCl3_and_0.5_wt_SrCl2.csv
[Run 3132/560000] ✅ Saved: nist_libs_1.0_wt_CeCl3_and_2.0_wt_SmCl3_and_1.0_wt_SrCl2.csv
[Run 3134/560000] ✅ Saved: nist_libs_1.0_wt_CeCl3_and_2.0_wt_SmCl3_and_2.0_wt_SrCl2.csv
[Run 3133/560000] ✅ Saved: nist_libs_1.0_wt_CeCl3_and_2.0_wt_SmCl3_and_1.5_wt_SrCl2.csv
[Run 3135/560000] ✅ Saved: nist_libs_1.0_wt_CeCl3_and_2.0_wt_SmCl3_and_2.5_wt_SrCl2.csv
[Run 3136/560000] ✅ Saved: nist_libs_1.0_wt_CeCl3_and_2.0_wt_SmCl3_and_3.0_wt_SrCl2.csv
[Run 3137/560000] ✅ Saved: nist_libs_1.0_wt_CeCl3_and_2.0_wt_SmCl3_and_3.5_wt_SrCl2.csv
[Run 3138/560000] ✅ Saved: nist_libs_1.0_wt_CeCl3_and_2.0_wt_SmCl3_and_4.0_wt_SrCl2.csv
[Run 3139/560000] ✅ Saved: nist_libs_1.0_wt_CeCl3_and_2.0_wt_SmCl3_and_4.5_wt_SrCl2.csv
[Run 3140/560000] ✅ Saved: nist_libs_1.0_wt_CeCl3_and_2.0_wt_SmCl3_and_5.0_wt_SrCl2.csv
[Run 3141/560000] ✅ Saved: nist_libs_1.0_wt_CeCl3_and_2.5_wt_SmCl3_and_0.5_wt_SrCl2.csv
[Run 3142/560000] ✅ Saved: nist_libs_1.0_wt_CeCl3_and_2.5_wt_SmCl3_and_1.0_wt_SrCl2.csv
[Run 3143/560000] ✅ Saved: nist_libs_1.0_wt_CeCl3_and_2.5_wt_SmCl3_and_1.5_wt_SrCl2.csv
[Run 3144/560000] ✅ Saved: nist_libs_1.0_wt_CeCl3_and_2.5_wt_SmCl3_and_2.0_wt_SrCl2.csv
[Run 3145/560000] ✅ Saved: nist_libs_1.0_wt_CeCl3_and_2.5_wt_SmCl3_and_2.5_wt_SrCl2.csv
[Run 3146/560000] ✅ Saved: nist_libs_1.0_wt_CeCl3_and_2.5_wt_SmCl3_and_3.0_wt_SrCl2.csv
[Run 3147/560000] ✅ Saved: nist_libs_1.0_wt_CeCl3_and_2.5_wt_SmCl3_and_3.5_wt_SrCl2.csv
[Run 3148/560000] ✅ Saved: nist_libs_1.0_wt_CeCl3_and_2.5_wt_SmCl3_and_4.0_wt_SrCl2.csv
[Run 3149/560000] ✅ Saved: nist_libs_1.0_wt_CeCl3_and_2.5_wt_SmCl3_and_4.5_wt_SrCl2.csv
[Run 3150/560000] ✅ Saved: nist_libs_1.0_wt_CeCl3_and_2.5_wt_SmCl3_and_5.0_wt_SrCl2.csv
[Run 3151/560000] ✅ Saved: nist_libs_1.0_wt_CeCl3_and_3.0_wt_SmCl3_and_0.5_wt_SrCl2.csv
[Run 3152/560000] ✅ Saved: nist_libs_1.0_wt_CeCl3_and_3.0_wt_SmCl3_and_1.0_wt_SrCl2.csv
[Run 3153/560000] ✅ Saved: nist_libs_1.0_wt_CeCl3_and_3.0_wt_SmCl3_and_1.5_wt_SrCl2.csv
[Run 3154/560000] ✅ Saved: nist_libs_1.0_wt_CeCl3_and_3.0_wt_SmCl3_and_2.0_wt_SrCl2.csv
[Run 3155/560000] ✅ Saved: nist_libs_1.0_wt_CeCl3_and_3.0_wt_SmCl3_and_2.5_wt_SrCl2.csv
[Run 3156/560000] ✅ Saved: nist_libs_1.0_wt_CeCl3_and_3.0_wt_SmCl3_and_3.0_wt_SrCl2.csv
[Run 3157/560000] ✅ Saved: nist_libs_1.0_wt_CeCl3_and_3.0_wt_SmCl3_and_3.5_wt_SrCl2.csv
[Run 3158/560000] ✅ Saved: nist_libs_1.0_wt_CeCl3_and_3.0_wt_SmCl3_and_4.0_wt_SrCl2.csv
[Run 3159/560000] ✅ Saved: nist_libs_1.0_wt_CeCl3_and_3.0_wt_SmCl3_and_4.5_wt_SrCl2.csv
[Run 3161/560000] ✅ Saved: nist_libs_1.0_wt_CeCl3_and_3.5_wt_SmCl3_and_0.5_wt_SrCl2.csv
[Run 3160/560000] ✅ Saved: nist_libs_1.0_wt_CeCl3_and_3.0_wt_SmCl3_and_5.0_wt_SrCl2.csv
[Run 3162/560000] ✅ Saved: nist_libs_1.0_wt_CeCl3_and_3.5_wt_SmCl3_and_1.0_wt_SrCl2.csv
[Run 3163/560000] ✅ Saved: nist_libs_1.0_wt_CeCl3_and_3.5_wt_SmCl3_and_1.5_wt_SrCl2.csv
[Run 3164/560000] ✅ Saved: nist_libs_1.0_wt_CeCl3_and_3.5_wt_SmCl3_and_2.0_wt_SrCl2.csv
[Run 3166/560000] ✅ Saved: nist_libs_1.0_wt_CeCl3_and_3.5_wt_SmCl3_and_3.0_wt_SrCl2.csv
[Run 3165/560000] ✅ Saved: nist_libs_1.0_wt_CeCl3_and_3.5_wt_SmCl3_and_2.5_wt_SrCl2.csv
[Run 3167/560000] ✅ Saved: nist_libs_1.0_wt_CeCl3_and_3.5_wt_SmCl3_and_3.5_wt_SrCl2.csv
[Run 3168/560000] ✅ Saved: nist_libs_1.0_wt_CeCl3_and_3.5_wt_SmCl3_and_4.0_wt_SrCl2.csv
[Run 3169/560000] ✅ Saved: nist_libs_1.0_wt_CeCl3_and_3.5_wt_SmCl3_and_4.5_wt_SrCl2.csv
[Run 3170/560000] ✅ Saved: nist_libs_1.0_wt_CeCl3_and_3.5_wt_SmCl3_and_5.0_wt_SrCl2.csv
[Run 3171/560000] ✅ Saved: nist_libs_1.0_wt_CeCl3_and_4.0_wt_SmCl3_and_0.5_wt_SrCl2.csv
[Run 3172/560000] ✅ Saved: nist_libs_1.0_wt_CeCl3_and_4.0_wt_SmCl3_and_1.0_wt_SrCl2.csv
[Run 3173/560000] ✅ Saved: nist_libs_1.0_wt_CeCl3_and_4.0_wt_SmCl3_and_1.5_wt_SrCl2.csv
[Run 3175/560000] ✅ Saved: nist_libs_1.0_wt_CeCl3_and_4.0_wt_SmCl3_and_2.5_wt_SrCl2.csv
[Run 3174/560000] ✅ Saved: nist_libs_1.0_wt_CeCl3_and_4.0_wt_SmCl3_and_2.0_wt_SrCl2.csv
[Run 3176/560000] ✅ Saved: nist_libs_1.0_wt_CeCl3_and_4.0_wt_SmCl3_and_3.0_wt_SrCl2.csv
[Run 3177/560000] ✅ Saved: nist_libs_1.0_wt_CeCl3_and_4.0_wt_SmCl3_and_3.5_wt_SrCl2.csv
[Run 3178/560000] ✅ Saved: nist_libs_1.0_wt_CeCl3_and_4.0_wt_SmCl3_and_4.0_wt_SrCl2.csv
[Run 3179/560000] ✅ Saved: nist_libs_1.0_wt_CeCl3_and_4.0_wt_SmCl3_and_4.5_wt_SrCl2.csv
[Run 3180/560000] ✅ Saved: nist_libs_1.0_wt_CeCl3_and_4.0_wt_SmCl3_and_5.0_wt_SrCl2.csv
[Run 3181/560000] ✅ Saved: nist_libs_1.0_wt_CeCl3_and_4.5_wt_SmCl3_and_0.5_wt_SrCl2.csv
[Run 3182/560000] ✅ Saved: nist_libs_1.0_wt_CeCl3_and_4.5_wt_SmCl3_and_1.0_wt_SrCl2.csv
[Run 3183/560000] ✅ Saved: nist_libs_1.0_wt_CeCl3_and_4.5_wt_SmCl3_and_1.5_wt_SrCl2.csv
[Run 3184/560000] ✅ Saved: nist_libs_1.0_wt_CeCl3_and_4.5_wt_SmCl3_and_2.0_wt_SrCl2.csv
[Run 3185/560000] ✅ Saved: nist_libs_1.0_wt_CeCl3_and_4.5_wt_SmCl3_and_2.5_wt_SrCl2.csv
[Run 3186/560000] ✅ Saved: nist_libs_1.0_wt_CeCl3_and_4.5_wt_SmCl3_and_3.0_wt_SrCl2.csv
[Run 3187/560000] ✅ Saved: nist_libs_1.0_wt_CeCl3_and_4.5_wt_SmCl3_and_3.5_wt_SrCl2.csv
[Run 3188/560000] ✅ Saved: nist_libs_1.0_wt_CeCl3_and_4.5_wt_SmCl3_and_4.0_wt_SrCl2.csv
[Run 3189/560000] ✅ Saved: nist_libs_1.0_wt_CeCl3_and_4.5_wt_SmCl3_and_4.5_wt_SrCl2.csv
[Run 3190/560000] ✅ Saved: nist_libs_1.0_wt_CeCl3_and_4.5_wt_SmCl3_and_5.0_wt_SrCl2.csv
[Run 3191/560000] ✅ Saved: nist_libs_1.0_wt_CeCl3_and_5.0_wt_SmCl3_and_0.5_wt_SrCl2.csv
[Run 3192/560000] ✅ Saved: nist_libs_1.0_wt_CeCl3_and_5.0_wt_SmCl3_and_1.0_wt_SrCl2.csv
[Run 3193/560000] ✅ Saved: nist_libs_1.0_wt_CeCl3_and_5.0_wt_SmCl3_and_1.5_wt_SrCl2.csv
[Run 3194/560000] ✅ Saved: nist_libs_1.0_wt_CeCl3_and_5.0_wt_SmCl3_and_2.0_wt_SrCl2.csv
[Run 3195/560000] ✅ Saved: nist_libs_1.0_wt_CeCl3_and_5.0_wt_SmCl3_and_2.5_wt_SrCl2.csv
[Run 3196/560000] ✅ Saved: nist_libs_1.0_wt_CeCl3_and_5.0_wt_SmCl3_and_3.0_wt_SrCl2.csv
[Run 3197/560000] ✅ Saved: nist_libs_1.0_wt_CeCl3_and_5.0_wt_SmCl3_and_3.5_wt_SrCl2.csv
[Run 3198/560000] ✅ Saved: nist_libs_1.0_wt_CeCl3_and_5.0_wt_SmCl3_and_4.0_wt_SrCl2.csv
[Run 3199/560000] ✅ Saved: nist_libs_1.0_wt_CeCl3_and_5.0_wt_SmCl3_and_4.5_wt_SrCl2.csv
[Run 3200/560000] ✅ Saved: nist_libs_1.0_wt_CeCl3_and_5.0_wt_SmCl3_and_5.0_wt_SrCl2.csv
[Run 3201/560000] ✅ Saved: nist_libs_1.5_wt_CeCl3_and_0.5_wt_SmCl3_and_0.5_wt_SrCl2.csv
[Run 3202/560000] ✅ Saved: nist_libs_1.5_wt_CeCl3_and_0.5_wt_SmCl3_and_1.0_wt_SrCl2.csv
[Run 3203/560000] ✅ Saved: nist_libs_1.5_wt_CeCl3_and_0.5_wt_SmCl3_and_1.5_wt_SrCl2.csv
[Run 3204/560000] ✅ Saved: nist_libs_1.5_wt_CeCl3_and_0.5_wt_SmCl3_and_2.0_wt_SrCl2.csv
[Run 3205/560000] ✅ Saved: nist_libs_1.5_wt_CeCl3_and_0.5_wt_SmCl3_and_2.5_wt_SrCl2.csv
[Run 3206/560000] ✅ Saved: nist_libs_1.5_wt_CeCl3_and_0.5_wt_SmCl3_and_3.0_wt_SrCl2.csv
[Run 3207/560000] ✅ Saved: nist_libs_1.5_wt_CeCl3_and_0.5_wt_SmCl3_and_3.5_wt_SrCl2.csv
[Run 3208/560000] ✅ Saved: nist_libs_1.5_wt_CeCl3_and_0.5_wt_SmCl3_and_4.0_wt_SrCl2.csv
[Run 3209/560000] ✅ Saved: nist_libs_1.5_wt_CeCl3_and_0.5_wt_SmCl3_and_4.5_wt_SrCl2.csv
[Run 3210/560000] ✅ Saved: nist_libs_1.5_wt_CeCl3_and_0.5_wt_SmCl3_and_5.0_wt_SrCl2.csv
[Run 3211/560000] ✅ Saved: nist_libs_1.5_wt_CeCl3_and_1.0_wt_SmCl3_and_0.5_wt_SrCl2.csv
[Run 3212/560000] ✅ Saved: nist_libs_1.5_wt_CeCl3_and_1.0_wt_SmCl3_and_1.0_wt_SrCl2.csv
[Run 3213/560000] ✅ Saved: nist_libs_1.5_wt_CeCl3_and_1.0_wt_SmCl3_and_1.5_wt_SrCl2.csv
[Run 3214/560000] ✅ Saved: nist_libs_1.5_wt_CeCl3_and_1.0_wt_SmCl3_and_2.0_wt_SrCl2.csv
[Run 3215/560000] ✅ Saved: nist_libs_1.5_wt_CeCl3_and_1.0_wt_SmCl3_and_2.5_wt_SrCl2.csv
[Run 3216/560000] ✅ Saved: nist_libs_1.5_wt_CeCl3_and_1.0_wt_SmCl3_and_3.0_wt_SrCl2.csv
[Run 3217/560000] ✅ Saved: nist_libs_1.5_wt_CeCl3_and_1.0_wt_SmCl3_and_3.5_wt_SrCl2.csv
[Run 3218/560000] ✅ Saved: nist_libs_1.5_wt_CeCl3_and_1.0_wt_SmCl3_and_4.0_wt_SrCl2.csv
[Run 3219/560000] ✅ Saved: nist_libs_1.5_wt_CeCl3_and_1.0_wt_SmCl3_and_4.5_wt_SrCl2.csv
[Run 3220/560000] ✅ Saved: nist_libs_1.5_wt_CeCl3_and_1.0_wt_SmCl3_and_5.0_wt_SrCl2.csv
[Run 3221/560000] ✅ Saved: nist_libs_1.5_wt_CeCl3_and_1.5_wt_SmCl3_and_0.5_wt_SrCl2.csv
[Run 3222/560000] ✅ Saved: nist_libs_1.5_wt_CeCl3_and_1.5_wt_SmCl3_and_1.0_wt_SrCl2.csv
[Run 3223/560000] ✅ Saved: nist_libs_1.5_wt_CeCl3_and_1.5_wt_SmCl3_and_1.5_wt_SrCl2.csv
[Run 3224/560000] ✅ Saved: nist_libs_1.5_wt_CeCl3_and_1.5_wt_SmCl3_and_2.0_wt_SrCl2.csv
[Run 3225/560000] ✅ Saved: nist_libs_1.5_wt_CeCl3_and_1.5_wt_SmCl3_and_2.5_wt_SrCl2.csv
[Run 3226/560000] ✅ Saved: nist_libs_1.5_wt_CeCl3_and_1.5_wt_SmCl3_and_3.0_wt_SrCl2.csv
[Run 3228/560000] ✅ Saved: nist_libs_1.5_wt_CeCl3_and_1.5_wt_SmCl3_and_4.0_wt_SrCl2.csv
[Run 3227/560000] ✅ Saved: nist_libs_1.5_wt_CeCl3_and_1.5_wt_SmCl3_and_3.5_wt_SrCl2.csv
[Run 3229/560000] ✅ Saved: nist_libs_1.5_wt_CeCl3_and_1.5_wt_SmCl3_and_4.5_wt_SrCl2.csv
[Run 3230/560000] ✅ Saved: nist_libs_1.5_wt_CeCl3_and_1.5_wt_SmCl3_and_5.0_wt_SrCl2.csv
[Run 3231/560000] ✅ Saved: nist_libs_1.5_wt_CeCl3_and_2.0_wt_SmCl3_and_0.5_wt_SrCl2.csv
[Run 3232/560000] ✅ Saved: nist_libs_1.5_wt_CeCl3_and_2.0_wt_SmCl3_and_1.0_wt_SrCl2.csv
[Run 3233/560000] ✅ Saved: nist_libs_1.5_wt_CeCl3_and_2.0_wt_SmCl3_and_1.5_wt_SrCl2.csv
[Run 3234/560000] ✅ Saved: nist_libs_1.5_wt_CeCl3_and_2.0_wt_SmCl3_and_2.0_wt_SrCl2.csv
[Run 3235/560000] ✅ Saved: nist_libs_1.5_wt_CeCl3_and_2.0_wt_SmCl3_and_2.5_wt_SrCl2.csv
[Run 3236/560000] ✅ Saved: nist_libs_1.5_wt_CeCl3_and_2.0_wt_SmCl3_and_3.0_wt_SrCl2.csv
[Run 3237/560000] ✅ Saved: nist_libs_1.5_wt_CeCl3_and_2.0_wt_SmCl3_and_3.5_wt_SrCl2.csv
[Run 3239/560000] ✅ Saved: nist_libs_1.5_wt_CeCl3_and_2.0_wt_SmCl3_and_4.5_wt_SrCl2.csv
[Run 3238/560000] ✅ Saved: nist_libs_1.5_wt_CeCl3_and_2.0_wt_SmCl3_and_4.0_wt_SrCl2.csv
[Run 3241/560000] ✅ Saved: nist_libs_1.5_wt_CeCl3_and_2.5_wt_SmCl3_and_0.5_wt_SrCl2.csv
[Run 3240/560000] ✅ Saved: nist_libs_1.5_wt_CeCl3_and_2.0_wt_SmCl3_and_5.0_wt_SrCl2.csv
[Run 3242/560000] ✅ Saved: nist_libs_1.5_wt_CeCl3_and_2.5_wt_SmCl3_and_1.0_wt_SrCl2.csv
[Run 3243/560000] ✅ Saved: nist_libs_1.5_wt_CeCl3_and_2.5_wt_SmCl3_and_1.5_wt_SrCl2.csv
[Run 3245/560000] ✅ Saved: nist_libs_1.5_wt_CeCl3_and_2.5_wt_SmCl3_and_2.5_wt_SrCl2.csv
[Run 3244/560000] ✅ Saved: nist_libs_1.5_wt_CeCl3_and_2.5_wt_SmCl3_and_2.0_wt_SrCl2.csv
[Run 3246/560000] ✅ Saved: nist_libs_1.5_wt_CeCl3_and_2.5_wt_SmCl3_and_3.0_wt_SrCl2.csv
[Run 3247/560000] ✅ Saved: nist_libs_1.5_wt_CeCl3_and_2.5_wt_SmCl3_and_3.5_wt_SrCl2.csv
[Run 3249/560000] ✅ Saved: nist_libs_1.5_wt_CeCl3_and_2.5_wt_SmCl3_and_4.5_wt_SrCl2.csv
[Run 3248/560000] ✅ Saved: nist_libs_1.5_wt_CeCl3_and_2.5_wt_SmCl3_and_4.0_wt_SrCl2.csv
[Run 3250/560000] ✅ Saved: nist_libs_1.5_wt_CeCl3_and_2.5_wt_SmCl3_and_5.0_wt_SrCl2.csv
[Run 3251/560000] ✅ Saved: nist_libs_1.5_wt_CeCl3_and_3.0_wt_SmCl3_and_0.5_wt_SrCl2.csv
[Run 3253/560000] ✅ Saved: nist_libs_1.5_wt_CeCl3_and_3.0_wt_SmCl3_and_1.5_wt_SrCl2.csv
[Run 3252/560000] ✅ Saved: nist_libs_1.5_wt_CeCl3_and_3.0_wt_SmCl3_and_1.0_wt_SrCl2.csv
[Run 3255/560000] ✅ Saved: nist_libs_1.5_wt_CeCl3_and_3.0_wt_SmCl3_and_2.5_wt_SrCl2.csv
[Run 3254/560000] ✅ Saved: nist_libs_1.5_wt_CeCl3_and_3.0_wt_SmCl3_and_2.0_wt_SrCl2.csv
[Run 3257/560000] ✅ Saved: nist_libs_1.5_wt_CeCl3_and_3.0_wt_SmCl3_and_3.5_wt_SrCl2.csv
[Run 3256/560000] ✅ Saved: nist_libs_1.5_wt_CeCl3_and_3.0_wt_SmCl3_and_3.0_wt_SrCl2.csv
[Run 3258/560000] ✅ Saved: nist_libs_1.5_wt_CeCl3_and_3.0_wt_SmCl3_and_4.0_wt_SrCl2.csv
[Run 3259/560000] ✅ Saved: nist_libs_1.5_wt_CeCl3_and_3.0_wt_SmCl3_and_4.5_wt_SrCl2.csv
[Run 3260/560000] ✅ Saved: nist_libs_1.5_wt_CeCl3_and_3.0_wt_SmCl3_and_5.0_wt_SrCl2.csv
[Run 3261/560000] ✅ Saved: nist_libs_1.5_wt_CeCl3_and_3.5_wt_SmCl3_and_0.5_wt_SrCl2.csv
[Run 3262/560000] ✅ Saved: nist_libs_1.5_wt_CeCl3_and_3.5_wt_SmCl3_and_1.0_wt_SrCl2.csv
[Run 3263/560000] ✅ Saved: nist_libs_1.5_wt_CeCl3_and_3.5_wt_SmCl3_and_1.5_wt_SrCl2.csv
[Run 3265/560000] ✅ Saved: nist_libs_1.5_wt_CeCl3_and_3.5_wt_SmCl3_and_2.5_wt_SrCl2.csv
[Run 3264/560000] ✅ Saved: nist_libs_1.5_wt_CeCl3_and_3.5_wt_SmCl3_and_2.0_wt_SrCl2.csv
[Run 3266/560000] ✅ Saved: nist_libs_1.5_wt_CeCl3_and_3.5_wt_SmCl3_and_3.0_wt_SrCl2.csv
[Run 3267/560000] ✅ Saved: nist_libs_1.5_wt_CeCl3_and_3.5_wt_SmCl3_and_3.5_wt_SrCl2.csv
[Run 3269/560000] ✅ Saved: nist_libs_1.5_wt_CeCl3_and_3.5_wt_SmCl3_and_4.5_wt_SrCl2.csv
[Run 3268/560000] ✅ Saved: nist_libs_1.5_wt_CeCl3_and_3.5_wt_SmCl3_and_4.0_wt_SrCl2.csv
[Run 3271/560000] ✅ Saved: nist_libs_1.5_wt_CeCl3_and_4.0_wt_SmCl3_and_0.5_wt_SrCl2.csv
[Run 3270/560000] ✅ Saved: nist_libs_1.5_wt_CeCl3_and_3.5_wt_SmCl3_and_5.0_wt_SrCl2.csv
[Run 3272/560000] ✅ Saved: nist_libs_1.5_wt_CeCl3_and_4.0_wt_SmCl3_and_1.0_wt_SrCl2.csv
[Run 3273/560000] ✅ Saved: nist_libs_1.5_wt_CeCl3_and_4.0_wt_SmCl3_and_1.5_wt_SrCl2.csv
[Run 3275/560000] ✅ Saved: nist_libs_1.5_wt_CeCl3_and_4.0_wt_SmCl3_and_2.5_wt_SrCl2.csv
[Run 3274/560000] ✅ Saved: nist_libs_1.5_wt_CeCl3_and_4.0_wt_SmCl3_and_2.0_wt_SrCl2.csv
[Run 3276/560000] ✅ Saved: nist_libs_1.5_wt_CeCl3_and_4.0_wt_SmCl3_and_3.0_wt_SrCl2.csv
[Run 3277/560000] ✅ Saved: nist_libs_1.5_wt_CeCl3_and_4.0_wt_SmCl3_and_3.5_wt_SrCl2.csv
[Run 3278/560000] ✅ Saved: nist_libs_1.5_wt_CeCl3_and_4.0_wt_SmCl3_and_4.0_wt_SrCl2.csv
[Run 3279/560000] ✅ Saved: nist_libs_1.5_wt_CeCl3_and_4.0_wt_SmCl3_and_4.5_wt_SrCl2.csv
[Run 3280/560000] ✅ Saved: nist_libs_1.5_wt_CeCl3_and_4.0_wt_SmCl3_and_5.0_wt_SrCl2.csv
[Run 3281/560000] ✅ Saved: nist_libs_1.5_wt_CeCl3_and_4.5_wt_SmCl3_and_0.5_wt_SrCl2.csv
[Run 3282/560000] ✅ Saved: nist_libs_1.5_wt_CeCl3_and_4.5_wt_SmCl3_and_1.0_wt_SrCl2.csv
[Run 3283/560000] ✅ Saved: nist_libs_1.5_wt_CeCl3_and_4.5_wt_SmCl3_and_1.5_wt_SrCl2.csv
[Run 3284/560000] ✅ Saved: nist_libs_1.5_wt_CeCl3_and_4.5_wt_SmCl3_and_2.0_wt_SrCl2.csv
[Run 3285/560000] ✅ Saved: nist_libs_1.5_wt_CeCl3_and_4.5_wt_SmCl3_and_2.5_wt_SrCl2.csv
[Run 3286/560000] ✅ Saved: nist_libs_1.5_wt_CeCl3_and_4.5_wt_SmCl3_and_3.0_wt_SrCl2.csv
[Run 3287/560000] ✅ Saved: nist_libs_1.5_wt_CeCl3_and_4.5_wt_SmCl3_and_3.5_wt_SrCl2.csv
[Run 3288/560000] ✅ Saved: nist_libs_1.5_wt_CeCl3_and_4.5_wt_SmCl3_and_4.0_wt_SrCl2.csv
[Run 3289/560000] ✅ Saved: nist_libs_1.5_wt_CeCl3_and_4.5_wt_SmCl3_and_4.5_wt_SrCl2.csv
[Run 3290/560000] ✅ Saved: nist_libs_1.5_wt_CeCl3_and_4.5_wt_SmCl3_and_5.0_wt_SrCl2.csv
[Run 3292/560000] ✅ Saved: nist_libs_1.5_wt_CeCl3_and_5.0_wt_SmCl3_and_1.0_wt_SrCl2.csv
[Run 3291/560000] ✅ Saved: nist_libs_1.5_wt_CeCl3_and_5.0_wt_SmCl3_and_0.5_wt_SrCl2.csv
[Run 3293/560000] ✅ Saved: nist_libs_1.5_wt_CeCl3_and_5.0_wt_SmCl3_and_1.5_wt_SrCl2.csv
[Run 3294/560000] ✅ Saved: nist_libs_1.5_wt_CeCl3_and_5.0_wt_SmCl3_and_2.0_wt_SrCl2.csv
[Run 3295/560000] ✅ Saved: nist_libs_1.5_wt_CeCl3_and_5.0_wt_SmCl3_and_2.5_wt_SrCl2.csv
[Run 3296/560000] ✅ Saved: nist_libs_1.5_wt_CeCl3_and_5.0_wt_SmCl3_and_3.0_wt_SrCl2.csv
[Run 3297/560000] ✅ Saved: nist_libs_1.5_wt_CeCl3_and_5.0_wt_SmCl3_and_3.5_wt_SrCl2.csv
[Run 3298/560000] ✅ Saved: nist_libs_1.5_wt_CeCl3_and_5.0_wt_SmCl3_and_4.0_wt_SrCl2.csv
[Run 3299/560000] ✅ Saved: nist_libs_1.5_wt_CeCl3_and_5.0_wt_SmCl3_and_4.5_wt_SrCl2.csv
[Run 3300/560000] ✅ Saved: nist_libs_1.5_wt_CeCl3_and_5.0_wt_SmCl3_and_5.0_wt_SrCl2.csv
[Run 3301/560000] ✅ Saved: nist_libs_2.0_wt_CeCl3_and_0.5_wt_SmCl3_and_0.5_wt_SrCl2.csv
[Run 3302/560000] ✅ Saved: nist_libs_2.0_wt_CeCl3_and_0.5_wt_SmCl3_and_1.0_wt_SrCl2.csv
[Run 3303/560000] ✅ Saved: nist_libs_2.0_wt_CeCl3_and_0.5_wt_SmCl3_and_1.5_wt_SrCl2.csv
[Run 3305/560000] ✅ Saved: nist_libs_2.0_wt_CeCl3_and_0.5_wt_SmCl3_and_2.5_wt_SrCl2.csv
[Run 3304/560000] ✅ Saved: nist_libs_2.0_wt_CeCl3_and_0.5_wt_SmCl3_and_2.0_wt_SrCl2.csv
[Run 3306/560000] ✅ Saved: nist_libs_2.0_wt_CeCl3_and_0.5_wt_SmCl3_and_3.0_wt_SrCl2.csv
[Run 3307/560000] ✅ Saved: nist_libs_2.0_wt_CeCl3_and_0.5_wt_SmCl3_and_3.5_wt_SrCl2.csv
[Run 3308/560000] ✅ Saved: nist_libs_2.0_wt_CeCl3_and_0.5_wt_SmCl3_and_4.0_wt_SrCl2.csv
[Run 3309/560000] ✅ Saved: nist_libs_2.0_wt_CeCl3_and_0.5_wt_SmCl3_and_4.5_wt_SrCl2.csv
[Run 3310/560000] ✅ Saved: nist_libs_2.0_wt_CeCl3_and_0.5_wt_SmCl3_and_5.0_wt_SrCl2.csv
[Run 3311/560000] ✅ Saved: nist_libs_2.0_wt_CeCl3_and_1.0_wt_SmCl3_and_0.5_wt_SrCl2.csv
[Run 3312/560000] ✅ Saved: nist_libs_2.0_wt_CeCl3_and_1.0_wt_SmCl3_and_1.0_wt_SrCl2.csv
[Run 3313/560000] ✅ Saved: nist_libs_2.0_wt_CeCl3_and_1.0_wt_SmCl3_and_1.5_wt_SrCl2.csv
[Run 3314/560000] ✅ Saved: nist_libs_2.0_wt_CeCl3_and_1.0_wt_SmCl3_and_2.0_wt_SrCl2.csv
[Run 3315/560000] ✅ Saved: nist_libs_2.0_wt_CeCl3_and_1.0_wt_SmCl3_and_2.5_wt_SrCl2.csv
[Run 3316/560000] ✅ Saved: nist_libs_2.0_wt_CeCl3_and_1.0_wt_SmCl3_and_3.0_wt_SrCl2.csv
[Run 3318/560000] ✅ Saved: nist_libs_2.0_wt_CeCl3_and_1.0_wt_SmCl3_and_4.0_wt_SrCl2.csv
[Run 3317/560000] ✅ Saved: nist_libs_2.0_wt_CeCl3_and_1.0_wt_SmCl3_and_3.5_wt_SrCl2.csv
[Run 3319/560000] ✅ Saved: nist_libs_2.0_wt_CeCl3_and_1.0_wt_SmCl3_and_4.5_wt_SrCl2.csv
[Run 3320/560000] ✅ Saved: nist_libs_2.0_wt_CeCl3_and_1.0_wt_SmCl3_and_5.0_wt_SrCl2.csv
[Run 3323/560000] ✅ Saved: nist_libs_2.0_wt_CeCl3_and_1.5_wt_SmCl3_and_1.5_wt_SrCl2.csv
[Run 3321/560000] ✅ Saved: nist_libs_2.0_wt_CeCl3_and_1.5_wt_SmCl3_and_0.5_wt_SrCl2.csv
[Run 3322/560000] ✅ Saved: nist_libs_2.0_wt_CeCl3_and_1.5_wt_SmCl3_and_1.0_wt_SrCl2.csv
[Run 3324/560000] ✅ Saved: nist_libs_2.0_wt_CeCl3_and_1.5_wt_SmCl3_and_2.0_wt_SrCl2.csv
[Run 3325/560000] ✅ Saved: nist_libs_2.0_wt_CeCl3_and_1.5_wt_SmCl3_and_2.5_wt_SrCl2.csv
[Run 3327/560000] ✅ Saved: nist_libs_2.0_wt_CeCl3_and_1.5_wt_SmCl3_and_3.5_wt_SrCl2.csv
[Run 3326/560000] ✅ Saved: nist_libs_2.0_wt_CeCl3_and_1.5_wt_SmCl3_and_3.0_wt_SrCl2.csv
[Run 3328/560000] ✅ Saved: nist_libs_2.0_wt_CeCl3_and_1.5_wt_SmCl3_and_4.0_wt_SrCl2.csv
[Run 3329/560000] ✅ Saved: nist_libs_2.0_wt_CeCl3_and_1.5_wt_SmCl3_and_4.5_wt_SrCl2.csv
[Run 3330/560000] ✅ Saved: nist_libs_2.0_wt_CeCl3_and_1.5_wt_SmCl3_and_5.0_wt_SrCl2.csv
[Run 3331/560000] ✅ Saved: nist_libs_2.0_wt_CeCl3_and_2.0_wt_SmCl3_and_0.5_wt_SrCl2.csv
[Run 3332/560000] ✅ Saved: nist_libs_2.0_wt_CeCl3_and_2.0_wt_SmCl3_and_1.0_wt_SrCl2.csv
[Run 3333/560000] ✅ Saved: nist_libs_2.0_wt_CeCl3_and_2.0_wt_SmCl3_and_1.5_wt_SrCl2.csv
[Run 3334/560000] ✅ Saved: nist_libs_2.0_wt_CeCl3_and_2.0_wt_SmCl3_and_2.0_wt_SrCl2.csv
[Run 3335/560000] ✅ Saved: nist_libs_2.0_wt_CeCl3_and_2.0_wt_SmCl3_and_2.5_wt_SrCl2.csv
[Run 3336/560000] ✅ Saved: nist_libs_2.0_wt_CeCl3_and_2.0_wt_SmCl3_and_3.0_wt_SrCl2.csv
[Run 3337/560000] ✅ Saved: nist_libs_2.0_wt_CeCl3_and_2.0_wt_SmCl3_and_3.5_wt_SrCl2.csv
[Run 3338/560000] ✅ Saved: nist_libs_2.0_wt_CeCl3_and_2.0_wt_SmCl3_and_4.0_wt_SrCl2.csv
[Run 3339/560000] ✅ Saved: nist_libs_2.0_wt_CeCl3_and_2.0_wt_SmCl3_and_4.5_wt_SrCl2.csv
[Run 3340/560000] ✅ Saved: nist_libs_2.0_wt_CeCl3_and_2.0_wt_SmCl3_and_5.0_wt_SrCl2.csv
[Run 3341/560000] ✅ Saved: nist_libs_2.0_wt_CeCl3_and_2.5_wt_SmCl3_and_0.5_wt_SrCl2.csv
[Run 3342/560000] ✅ Saved: nist_libs_2.0_wt_CeCl3_and_2.5_wt_SmCl3_and_1.0_wt_SrCl2.csv
[Run 3343/560000] ✅ Saved: nist_libs_2.0_wt_CeCl3_and_2.5_wt_SmCl3_and_1.5_wt_SrCl2.csv
[Run 3345/560000] ✅ Saved: nist_libs_2.0_wt_CeCl3_and_2.5_wt_SmCl3_and_2.5_wt_SrCl2.csv
[Run 3344/560000] ✅ Saved: nist_libs_2.0_wt_CeCl3_and_2.5_wt_SmCl3_and_2.0_wt_SrCl2.csv
[Run 3346/560000] ✅ Saved: nist_libs_2.0_wt_CeCl3_and_2.5_wt_SmCl3_and_3.0_wt_SrCl2.csv
[Run 3347/560000] ✅ Saved: nist_libs_2.0_wt_CeCl3_and_2.5_wt_SmCl3_and_3.5_wt_SrCl2.csv
[Run 3349/560000] ✅ Saved: nist_libs_2.0_wt_CeCl3_and_2.5_wt_SmCl3_and_4.5_wt_SrCl2.csv
[Run 3348/560000] ✅ Saved: nist_libs_2.0_wt_CeCl3_and_2.5_wt_SmCl3_and_4.0_wt_SrCl2.csv
[Run 3350/560000] ✅ Saved: nist_libs_2.0_wt_CeCl3_and_2.5_wt_SmCl3_and_5.0_wt_SrCl2.csv
[Run 3351/560000] ✅ Saved: nist_libs_2.0_wt_CeCl3_and_3.0_wt_SmCl3_and_0.5_wt_SrCl2.csv
[Run 3352/560000] ✅ Saved: nist_libs_2.0_wt_CeCl3_and_3.0_wt_SmCl3_and_1.0_wt_SrCl2.csv
[Run 3353/560000] ✅ Saved: nist_libs_2.0_wt_CeCl3_and_3.0_wt_SmCl3_and_1.5_wt_SrCl2.csv
[Run 3354/560000] ✅ Saved: nist_libs_2.0_wt_CeCl3_and_3.0_wt_SmCl3_and_2.0_wt_SrCl2.csv
[Run 3355/560000] ✅ Saved: nist_libs_2.0_wt_CeCl3_and_3.0_wt_SmCl3_and_2.5_wt_SrCl2.csv
[Run 3356/560000] ✅ Saved: nist_libs_2.0_wt_CeCl3_and_3.0_wt_SmCl3_and_3.0_wt_SrCl2.csv
[Run 3357/560000] ✅ Saved: nist_libs_2.0_wt_CeCl3_and_3.0_wt_SmCl3_and_3.5_wt_SrCl2.csv
[Run 3358/560000] ✅ Saved: nist_libs_2.0_wt_CeCl3_and_3.0_wt_SmCl3_and_4.0_wt_SrCl2.csv
[Run 3359/560000] ✅ Saved: nist_libs_2.0_wt_CeCl3_and_3.0_wt_SmCl3_and_4.5_wt_SrCl2.csv
[Run 3360/560000] ✅ Saved: nist_libs_2.0_wt_CeCl3_and_3.0_wt_SmCl3_and_5.0_wt_SrCl2.csv
[Run 3361/560000] ✅ Saved: nist_libs_2.0_wt_CeCl3_and_3.5_wt_SmCl3_and_0.5_wt_SrCl2.csv
[Run 3363/560000] ✅ Saved: nist_libs_2.0_wt_CeCl3_and_3.5_wt_SmCl3_and_1.5_wt_SrCl2.csv
[Run 3362/560000] ✅ Saved: nist_libs_2.0_wt_CeCl3_and_3.5_wt_SmCl3_and_1.0_wt_SrCl2.csv
[Run 3364/560000] ✅ Saved: nist_libs_2.0_wt_CeCl3_and_3.5_wt_SmCl3_and_2.0_wt_SrCl2.csv
[Run 3365/560000] ✅ Saved: nist_libs_2.0_wt_CeCl3_and_3.5_wt_SmCl3_and_2.5_wt_SrCl2.csv
[Run 3366/560000] ✅ Saved: nist_libs_2.0_wt_CeCl3_and_3.5_wt_SmCl3_and_3.0_wt_SrCl2.csv
[Run 3367/560000] ✅ Saved: nist_libs_2.0_wt_CeCl3_and_3.5_wt_SmCl3_and_3.5_wt_SrCl2.csv
[Run 3368/560000] ✅ Saved: nist_libs_2.0_wt_CeCl3_and_3.5_wt_SmCl3_and_4.0_wt_SrCl2.csv
[Run 3369/560000] ✅ Saved: nist_libs_2.0_wt_CeCl3_and_3.5_wt_SmCl3_and_4.5_wt_SrCl2.csv
[Run 3370/560000] ✅ Saved: nist_libs_2.0_wt_CeCl3_and_3.5_wt_SmCl3_and_5.0_wt_SrCl2.csv
[Run 3373/560000] ✅ Saved: nist_libs_2.0_wt_CeCl3_and_4.0_wt_SmCl3_and_1.5_wt_SrCl2.csv
[Run 3372/560000] ✅ Saved: nist_libs_2.0_wt_CeCl3_and_4.0_wt_SmCl3_and_1.0_wt_SrCl2.csv
[Run 3371/560000] ✅ Saved: nist_libs_2.0_wt_CeCl3_and_4.0_wt_SmCl3_and_0.5_wt_SrCl2.csv
[Run 3374/560000] ✅ Saved: nist_libs_2.0_wt_CeCl3_and_4.0_wt_SmCl3_and_2.0_wt_SrCl2.csv
[Run 3375/560000] ✅ Saved: nist_libs_2.0_wt_CeCl3_and_4.0_wt_SmCl3_and_2.5_wt_SrCl2.csv
[Run 3377/560000] ✅ Saved: nist_libs_2.0_wt_CeCl3_and_4.0_wt_SmCl3_and_3.5_wt_SrCl2.csv
[Run 3376/560000] ✅ Saved: nist_libs_2.0_wt_CeCl3_and_4.0_wt_SmCl3_and_3.0_wt_SrCl2.csv
[Run 3379/560000] ✅ Saved: nist_libs_2.0_wt_CeCl3_and_4.0_wt_SmCl3_and_4.5_wt_SrCl2.csv
[Run 3378/560000] ✅ Saved: nist_libs_2.0_wt_CeCl3_and_4.0_wt_SmCl3_and_4.0_wt_SrCl2.csv
[Run 3381/560000] ✅ Saved: nist_libs_2.0_wt_CeCl3_and_4.5_wt_SmCl3_and_0.5_wt_SrCl2.csv
[Run 3380/560000] ✅ Saved: nist_libs_2.0_wt_CeCl3_and_4.0_wt_SmCl3_and_5.0_wt_SrCl2.csv
[Run 3382/560000] ✅ Saved: nist_libs_2.0_wt_CeCl3_and_4.5_wt_SmCl3_and_1.0_wt_SrCl2.csv
[Run 3383/560000] ✅ Saved: nist_libs_2.0_wt_CeCl3_and_4.5_wt_SmCl3_and_1.5_wt_SrCl2.csv
[Run 3385/560000] ✅ Saved: nist_libs_2.0_wt_CeCl3_and_4.5_wt_SmCl3_and_2.5_wt_SrCl2.csv
[Run 3384/560000] ✅ Saved: nist_libs_2.0_wt_CeCl3_and_4.5_wt_SmCl3_and_2.0_wt_SrCl2.csv
[Run 3386/560000] ✅ Saved: nist_libs_2.0_wt_CeCl3_and_4.5_wt_SmCl3_and_3.0_wt_SrCl2.csv
[Run 3387/560000] ✅ Saved: nist_libs_2.0_wt_CeCl3_and_4.5_wt_SmCl3_and_3.5_wt_SrCl2.csv
[Run 3388/560000] ✅ Saved: nist_libs_2.0_wt_CeCl3_and_4.5_wt_SmCl3_and_4.0_wt_SrCl2.csv
[Run 3389/560000] ✅ Saved: nist_libs_2.0_wt_CeCl3_and_4.5_wt_SmCl3_and_4.5_wt_SrCl2.csv
[Run 3390/560000] ✅ Saved: nist_libs_2.0_wt_CeCl3_and_4.5_wt_SmCl3_and_5.0_wt_SrCl2.csv
[Run 3391/560000] ✅ Saved: nist_libs_2.0_wt_CeCl3_and_5.0_wt_SmCl3_and_0.5_wt_SrCl2.csv
[Run 3392/560000] ✅ Saved: nist_libs_2.0_wt_CeCl3_and_5.0_wt_SmCl3_and_1.0_wt_SrCl2.csv
[Run 3393/560000] ✅ Saved: nist_libs_2.0_wt_CeCl3_and_5.0_wt_SmCl3_and_1.5_wt_SrCl2.csv
[Run 3394/560000] ✅ Saved: nist_libs_2.0_wt_CeCl3_and_5.0_wt_SmCl3_and_2.0_wt_SrCl2.csv
[Run 3395/560000] ✅ Saved: nist_libs_2.0_wt_CeCl3_and_5.0_wt_SmCl3_and_2.5_wt_SrCl2.csv
[Run 3396/560000] ✅ Saved: nist_libs_2.0_wt_CeCl3_and_5.0_wt_SmCl3_and_3.0_wt_SrCl2.csv
[Run 3397/560000] ✅ Saved: nist_libs_2.0_wt_CeCl3_and_5.0_wt_SmCl3_and_3.5_wt_SrCl2.csv
[Run 3398/560000] ✅ Saved: nist_libs_2.0_wt_CeCl3_and_5.0_wt_SmCl3_and_4.0_wt_SrCl2.csv
[Run 3399/560000] ✅ Saved: nist_libs_2.0_wt_CeCl3_and_5.0_wt_SmCl3_and_4.5_wt_SrCl2.csv
[Run 3401/560000] ✅ Saved: nist_libs_2.5_wt_CeCl3_and_0.5_wt_SmCl3_and_0.5_wt_SrCl2.csv
[Run 3400/560000] ✅ Saved: nist_libs_2.0_wt_CeCl3_and_5.0_wt_SmCl3_and_5.0_wt_SrCl2.csv
[Run 3402/560000] ✅ Saved: nist_libs_2.5_wt_CeCl3_and_0.5_wt_SmCl3_and_1.0_wt_SrCl2.csv
[Run 3403/560000] ✅ Saved: nist_libs_2.5_wt_CeCl3_and_0.5_wt_SmCl3_and_1.5_wt_SrCl2.csv
[Run 3404/560000] ✅ Saved: nist_libs_2.5_wt_CeCl3_and_0.5_wt_SmCl3_and_2.0_wt_SrCl2.csv
[Run 3405/560000] ✅ Saved: nist_libs_2.5_wt_CeCl3_and_0.5_wt_SmCl3_and_2.5_wt_SrCl2.csv
[Run 3406/560000] ✅ Saved: nist_libs_2.5_wt_CeCl3_and_0.5_wt_SmCl3_and_3.0_wt_SrCl2.csv
[Run 3407/560000] ✅ Saved: nist_libs_2.5_wt_CeCl3_and_0.5_wt_SmCl3_and_3.5_wt_SrCl2.csv
[Run 3408/560000] ✅ Saved: nist_libs_2.5_wt_CeCl3_and_0.5_wt_SmCl3_and_4.0_wt_SrCl2.csv
[Run 3409/560000] ✅ Saved: nist_libs_2.5_wt_CeCl3_and_0.5_wt_SmCl3_and_4.5_wt_SrCl2.csv
[Run 3410/560000] ✅ Saved: nist_libs_2.5_wt_CeCl3_and_0.5_wt_SmCl3_and_5.0_wt_SrCl2.csv
[Run 3411/560000] ✅ Saved: nist_libs_2.5_wt_CeCl3_and_1.0_wt_SmCl3_and_0.5_wt_SrCl2.csv
[Run 3412/560000] ✅ Saved: nist_libs_2.5_wt_CeCl3_and_1.0_wt_SmCl3_and_1.0_wt_SrCl2.csv
[Run 3413/560000] ✅ Saved: nist_libs_2.5_wt_CeCl3_and_1.0_wt_SmCl3_and_1.5_wt_SrCl2.csv
[Run 3414/560000] ✅ Saved: nist_libs_2.5_wt_CeCl3_and_1.0_wt_SmCl3_and_2.0_wt_SrCl2.csv
[Run 3415/560000] ✅ Saved: nist_libs_2.5_wt_CeCl3_and_1.0_wt_SmCl3_and_2.5_wt_SrCl2.csv
[Run 3416/560000] ✅ Saved: nist_libs_2.5_wt_CeCl3_and_1.0_wt_SmCl3_and_3.0_wt_SrCl2.csv
[Run 3417/560000] ✅ Saved: nist_libs_2.5_wt_CeCl3_and_1.0_wt_SmCl3_and_3.5_wt_SrCl2.csv
[Run 3418/560000] ✅ Saved: nist_libs_2.5_wt_CeCl3_and_1.0_wt_SmCl3_and_4.0_wt_SrCl2.csv
[Run 3419/560000] ✅ Saved: nist_libs_2.5_wt_CeCl3_and_1.0_wt_SmCl3_and_4.5_wt_SrCl2.csv
[Run 3420/560000] ✅ Saved: nist_libs_2.5_wt_CeCl3_and_1.0_wt_SmCl3_and_5.0_wt_SrCl2.csv
[Run 3421/560000] ✅ Saved: nist_libs_2.5_wt_CeCl3_and_1.5_wt_SmCl3_and_0.5_wt_SrCl2.csv
[Run 3423/560000] ✅ Saved: nist_libs_2.5_wt_CeCl3_and_1.5_wt_SmCl3_and_1.5_wt_SrCl2.csv
[Run 3422/560000] ✅ Saved: nist_libs_2.5_wt_CeCl3_and_1.5_wt_SmCl3_and_1.0_wt_SrCl2.csv
[Run 3425/560000] ✅ Saved: nist_libs_2.5_wt_CeCl3_and_1.5_wt_SmCl3_and_2.5_wt_SrCl2.csv
[Run 3424/560000] ✅ Saved: nist_libs_2.5_wt_CeCl3_and_1.5_wt_SmCl3_and_2.0_wt_SrCl2.csv
[Run 3426/560000] ✅ Saved: nist_libs_2.5_wt_CeCl3_and_1.5_wt_SmCl3_and_3.0_wt_SrCl2.csv
[Run 3427/560000] ✅ Saved: nist_libs_2.5_wt_CeCl3_and_1.5_wt_SmCl3_and_3.5_wt_SrCl2.csv
[Run 3428/560000] ✅ Saved: nist_libs_2.5_wt_CeCl3_and_1.5_wt_SmCl3_and_4.0_wt_SrCl2.csv
[Run 3429/560000] ✅ Saved: nist_libs_2.5_wt_CeCl3_and_1.5_wt_SmCl3_and_4.5_wt_SrCl2.csv
[Run 3431/560000] ✅ Saved: nist_libs_2.5_wt_CeCl3_and_2.0_wt_SmCl3_and_0.5_wt_SrCl2.csv
[Run 3430/560000] ✅ Saved: nist_libs_2.5_wt_CeCl3_and_1.5_wt_SmCl3_and_5.0_wt_SrCl2.csv
[Run 3433/560000] ✅ Saved: nist_libs_2.5_wt_CeCl3_and_2.0_wt_SmCl3_and_1.5_wt_SrCl2.csv
[Run 3432/560000] ✅ Saved: nist_libs_2.5_wt_CeCl3_and_2.0_wt_SmCl3_and_1.0_wt_SrCl2.csv
[Run 3434/560000] ✅ Saved: nist_libs_2.5_wt_CeCl3_and_2.0_wt_SmCl3_and_2.0_wt_SrCl2.csv
[Run 3435/560000] ✅ Saved: nist_libs_2.5_wt_CeCl3_and_2.0_wt_SmCl3_and_2.5_wt_SrCl2.csv
[Run 3437/560000] ✅ Saved: nist_libs_2.5_wt_CeCl3_and_2.0_wt_SmCl3_and_3.5_wt_SrCl2.csv
[Run 3436/560000] ✅ Saved: nist_libs_2.5_wt_CeCl3_and_2.0_wt_SmCl3_and_3.0_wt_SrCl2.csv
[Run 3438/560000] ✅ Saved: nist_libs_2.5_wt_CeCl3_and_2.0_wt_SmCl3_and_4.0_wt_SrCl2.csv
[Run 3439/560000] ✅ Saved: nist_libs_2.5_wt_CeCl3_and_2.0_wt_SmCl3_and_4.5_wt_SrCl2.csv
[Run 3440/560000] ✅ Saved: nist_libs_2.5_wt_CeCl3_and_2.0_wt_SmCl3_and_5.0_wt_SrCl2.csv
[Run 3441/560000] ✅ Saved: nist_libs_2.5_wt_CeCl3_and_2.5_wt_SmCl3_and_0.5_wt_SrCl2.csv
[Run 3442/560000] ✅ Saved: nist_libs_2.5_wt_CeCl3_and_2.5_wt_SmCl3_and_1.0_wt_SrCl2.csv
[Run 3443/560000] ✅ Saved: nist_libs_2.5_wt_CeCl3_and_2.5_wt_SmCl3_and_1.5_wt_SrCl2.csv
[Run 3444/560000] ✅ Saved: nist_libs_2.5_wt_CeCl3_and_2.5_wt_SmCl3_and_2.0_wt_SrCl2.csv
[Run 3445/560000] ✅ Saved: nist_libs_2.5_wt_CeCl3_and_2.5_wt_SmCl3_and_2.5_wt_SrCl2.csv
[Run 3446/560000] ✅ Saved: nist_libs_2.5_wt_CeCl3_and_2.5_wt_SmCl3_and_3.0_wt_SrCl2.csv
[Run 3447/560000] ✅ Saved: nist_libs_2.5_wt_CeCl3_and_2.5_wt_SmCl3_and_3.5_wt_SrCl2.csv
[Run 3448/560000] ✅ Saved: nist_libs_2.5_wt_CeCl3_and_2.5_wt_SmCl3_and_4.0_wt_SrCl2.csv
[Run 3449/560000] ✅ Saved: nist_libs_2.5_wt_CeCl3_and_2.5_wt_SmCl3_and_4.5_wt_SrCl2.csv
[Run 3450/560000] ✅ Saved: nist_libs_2.5_wt_CeCl3_and_2.5_wt_SmCl3_and_5.0_wt_SrCl2.csv
[Run 3451/560000] ✅ Saved: nist_libs_2.5_wt_CeCl3_and_3.0_wt_SmCl3_and_0.5_wt_SrCl2.csv
[Run 3453/560000] ✅ Saved: nist_libs_2.5_wt_CeCl3_and_3.0_wt_SmCl3_and_1.5_wt_SrCl2.csv
[Run 3452/560000] ✅ Saved: nist_libs_2.5_wt_CeCl3_and_3.0_wt_SmCl3_and_1.0_wt_SrCl2.csv
[Run 3454/560000] ✅ Saved: nist_libs_2.5_wt_CeCl3_and_3.0_wt_SmCl3_and_2.0_wt_SrCl2.csv
[Run 3455/560000] ✅ Saved: nist_libs_2.5_wt_CeCl3_and_3.0_wt_SmCl3_and_2.5_wt_SrCl2.csv
[Run 3456/560000] ✅ Saved: nist_libs_2.5_wt_CeCl3_and_3.0_wt_SmCl3_and_3.0_wt_SrCl2.csv
[Run 3457/560000] ✅ Saved: nist_libs_2.5_wt_CeCl3_and_3.0_wt_SmCl3_and_3.5_wt_SrCl2.csv
[Run 3458/560000] ✅ Saved: nist_libs_2.5_wt_CeCl3_and_3.0_wt_SmCl3_and_4.0_wt_SrCl2.csv
[Run 3459/560000] ✅ Saved: nist_libs_2.5_wt_CeCl3_and_3.0_wt_SmCl3_and_4.5_wt_SrCl2.csv
[Run 3460/560000] ✅ Saved: nist_libs_2.5_wt_CeCl3_and_3.0_wt_SmCl3_and_5.0_wt_SrCl2.csv
[Run 3461/560000] ✅ Saved: nist_libs_2.5_wt_CeCl3_and_3.5_wt_SmCl3_and_0.5_wt_SrCl2.csv
[Run 3462/560000] ✅ Saved: nist_libs_2.5_wt_CeCl3_and_3.5_wt_SmCl3_and_1.0_wt_SrCl2.csv
[Run 3463/560000] ✅ Saved: nist_libs_2.5_wt_CeCl3_and_3.5_wt_SmCl3_and_1.5_wt_SrCl2.csv
[Run 3464/560000] ✅ Saved: nist_libs_2.5_wt_CeCl3_and_3.5_wt_SmCl3_and_2.0_wt_SrCl2.csv
[Run 3465/560000] ✅ Saved: nist_libs_2.5_wt_CeCl3_and_3.5_wt_SmCl3_and_2.5_wt_SrCl2.csv
[Run 3466/560000] ✅ Saved: nist_libs_2.5_wt_CeCl3_and_3.5_wt_SmCl3_and_3.0_wt_SrCl2.csv
[Run 3467/560000] ✅ Saved: nist_libs_2.5_wt_CeCl3_and_3.5_wt_SmCl3_and_3.5_wt_SrCl2.csv
[Run 3469/560000] ✅ Saved: nist_libs_2.5_wt_CeCl3_and_3.5_wt_SmCl3_and_4.5_wt_SrCl2.csv
[Run 3468/560000] ✅ Saved: nist_libs_2.5_wt_CeCl3_and_3.5_wt_SmCl3_and_4.0_wt_SrCl2.csv
[Run 3470/560000] ✅ Saved: nist_libs_2.5_wt_CeCl3_and_3.5_wt_SmCl3_and_5.0_wt_SrCl2.csv
[Run 3471/560000] ✅ Saved: nist_libs_2.5_wt_CeCl3_and_4.0_wt_SmCl3_and_0.5_wt_SrCl2.csv
[Run 3472/560000] ✅ Saved: nist_libs_2.5_wt_CeCl3_and_4.0_wt_SmCl3_and_1.0_wt_SrCl2.csv
[Run 3473/560000] ✅ Saved: nist_libs_2.5_wt_CeCl3_and_4.0_wt_SmCl3_and_1.5_wt_SrCl2.csv
[Run 3474/560000] ✅ Saved: nist_libs_2.5_wt_CeCl3_and_4.0_wt_SmCl3_and_2.0_wt_SrCl2.csv
[Run 3475/560000] ✅ Saved: nist_libs_2.5_wt_CeCl3_and_4.0_wt_SmCl3_and_2.5_wt_SrCl2.csv
[Run 3477/560000] ✅ Saved: nist_libs_2.5_wt_CeCl3_and_4.0_wt_SmCl3_and_3.5_wt_SrCl2.csv
[Run 3476/560000] ✅ Saved: nist_libs_2.5_wt_CeCl3_and_4.0_wt_SmCl3_and_3.0_wt_SrCl2.csv
[Run 3478/560000] ✅ Saved: nist_libs_2.5_wt_CeCl3_and_4.0_wt_SmCl3_and_4.0_wt_SrCl2.csv
[Run 3479/560000] ✅ Saved: nist_libs_2.5_wt_CeCl3_and_4.0_wt_SmCl3_and_4.5_wt_SrCl2.csv
[Run 3481/560000] ✅ Saved: nist_libs_2.5_wt_CeCl3_and_4.5_wt_SmCl3_and_0.5_wt_SrCl2.csv
[Run 3480/560000] ✅ Saved: nist_libs_2.5_wt_CeCl3_and_4.0_wt_SmCl3_and_5.0_wt_SrCl2.csv
[Run 3482/560000] ✅ Saved: nist_libs_2.5_wt_CeCl3_and_4.5_wt_SmCl3_and_1.0_wt_SrCl2.csv
[Run 3483/560000] ✅ Saved: nist_libs_2.5_wt_CeCl3_and_4.5_wt_SmCl3_and_1.5_wt_SrCl2.csv
[Run 3484/560000] ✅ Saved: nist_libs_2.5_wt_CeCl3_and_4.5_wt_SmCl3_and_2.0_wt_SrCl2.csv
[Run 3486/560000] ✅ Saved: nist_libs_2.5_wt_CeCl3_and_4.5_wt_SmCl3_and_3.0_wt_SrCl2.csv
[Run 3485/560000] ✅ Saved: nist_libs_2.5_wt_CeCl3_and_4.5_wt_SmCl3_and_2.5_wt_SrCl2.csv
[Run 3487/560000] ✅ Saved: nist_libs_2.5_wt_CeCl3_and_4.5_wt_SmCl3_and_3.5_wt_SrCl2.csv
[Run 3488/560000] ✅ Saved: nist_libs_2.5_wt_CeCl3_and_4.5_wt_SmCl3_and_4.0_wt_SrCl2.csv
[Run 3489/560000] ✅ Saved: nist_libs_2.5_wt_CeCl3_and_4.5_wt_SmCl3_and_4.5_wt_SrCl2.csv
[Run 3490/560000] ✅ Saved: nist_libs_2.5_wt_CeCl3_and_4.5_wt_SmCl3_and_5.0_wt_SrCl2.csv
[Run 3491/560000] ✅ Saved: nist_libs_2.5_wt_CeCl3_and_5.0_wt_SmCl3_and_0.5_wt_SrCl2.csv
[Run 3492/560000] ✅ Saved: nist_libs_2.5_wt_CeCl3_and_5.0_wt_SmCl3_and_1.0_wt_SrCl2.csv
[Run 3493/560000] ✅ Saved: nist_libs_2.5_wt_CeCl3_and_5.0_wt_SmCl3_and_1.5_wt_SrCl2.csv
[Run 3494/560000] ✅ Saved: nist_libs_2.5_wt_CeCl3_and_5.0_wt_SmCl3_and_2.0_wt_SrCl2.csv
[Run 3495/560000] ✅ Saved: nist_libs_2.5_wt_CeCl3_and_5.0_wt_SmCl3_and_2.5_wt_SrCl2.csv
[Run 3496/560000] ✅ Saved: nist_libs_2.5_wt_CeCl3_and_5.0_wt_SmCl3_and_3.0_wt_SrCl2.csv
[Run 3497/560000] ✅ Saved: nist_libs_2.5_wt_CeCl3_and_5.0_wt_SmCl3_and_3.5_wt_SrCl2.csv
[Run 3498/560000] ✅ Saved: nist_libs_2.5_wt_CeCl3_and_5.0_wt_SmCl3_and_4.0_wt_SrCl2.csv
[Run 3499/560000] ✅ Saved: nist_libs_2.5_wt_CeCl3_and_5.0_wt_SmCl3_and_4.5_wt_SrCl2.csv
[Run 3500/560000] ✅ Saved: nist_libs_2.5_wt_CeCl3_and_5.0_wt_SmCl3_and_5.0_wt_SrCl2.csv
[Run 3501/560000] ✅ Saved: nist_libs_3.0_wt_CeCl3_and_0.5_wt_SmCl3_and_0.5_wt_SrCl2.csv
[Run 3502/560000] ✅ Saved: nist_libs_3.0_wt_CeCl3_and_0.5_wt_SmCl3_and_1.0_wt_SrCl2.csv
[Run 3503/560000] ✅ Saved: nist_libs_3.0_wt_CeCl3_and_0.5_wt_SmCl3_and_1.5_wt_SrCl2.csv
[Run 3504/560000] ✅ Saved: nist_libs_3.0_wt_CeCl3_and_0.5_wt_SmCl3_and_2.0_wt_SrCl2.csv
[Run 3505/560000] ✅ Saved: nist_libs_3.0_wt_CeCl3_and_0.5_wt_SmCl3_and_2.5_wt_SrCl2.csv
[Run 3507/560000] ✅ Saved: nist_libs_3.0_wt_CeCl3_and_0.5_wt_SmCl3_and_3.5_wt_SrCl2.csv
[Run 3506/560000] ✅ Saved: nist_libs_3.0_wt_CeCl3_and_0.5_wt_SmCl3_and_3.0_wt_SrCl2.csv
[Run 3508/560000] ✅ Saved: nist_libs_3.0_wt_CeCl3_and_0.5_wt_SmCl3_and_4.0_wt_SrCl2.csv
[Run 3509/560000] ✅ Saved: nist_libs_3.0_wt_CeCl3_and_0.5_wt_SmCl3_and_4.5_wt_SrCl2.csv
[Run 3510/560000] ✅ Saved: nist_libs_3.0_wt_CeCl3_and_0.5_wt_SmCl3_and_5.0_wt_SrCl2.csv
[Run 3512/560000] ✅ Saved: nist_libs_3.0_wt_CeCl3_and_1.0_wt_SmCl3_and_1.0_wt_SrCl2.csv
[Run 3511/560000] ✅ Saved: nist_libs_3.0_wt_CeCl3_and_1.0_wt_SmCl3_and_0.5_wt_SrCl2.csv
[Run 3513/560000] ✅ Saved: nist_libs_3.0_wt_CeCl3_and_1.0_wt_SmCl3_and_1.5_wt_SrCl2.csv
[Run 3514/560000] ✅ Saved: nist_libs_3.0_wt_CeCl3_and_1.0_wt_SmCl3_and_2.0_wt_SrCl2.csv
[Run 3516/560000] ✅ Saved: nist_libs_3.0_wt_CeCl3_and_1.0_wt_SmCl3_and_3.0_wt_SrCl2.csv
[Run 3515/560000] ✅ Saved: nist_libs_3.0_wt_CeCl3_and_1.0_wt_SmCl3_and_2.5_wt_SrCl2.csv
[Run 3517/560000] ✅ Saved: nist_libs_3.0_wt_CeCl3_and_1.0_wt_SmCl3_and_3.5_wt_SrCl2.csv
[Run 3518/560000] ✅ Saved: nist_libs_3.0_wt_CeCl3_and_1.0_wt_SmCl3_and_4.0_wt_SrCl2.csv
[Run 3519/560000] ✅ Saved: nist_libs_3.0_wt_CeCl3_and_1.0_wt_SmCl3_and_4.5_wt_SrCl2.csv
[Run 3520/560000] ✅ Saved: nist_libs_3.0_wt_CeCl3_and_1.0_wt_SmCl3_and_5.0_wt_SrCl2.csv
[Run 3521/560000] ✅ Saved: nist_libs_3.0_wt_CeCl3_and_1.5_wt_SmCl3_and_0.5_wt_SrCl2.csv
[Run 3522/560000] ✅ Saved: nist_libs_3.0_wt_CeCl3_and_1.5_wt_SmCl3_and_1.0_wt_SrCl2.csv
[Run 3523/560000] ✅ Saved: nist_libs_3.0_wt_CeCl3_and_1.5_wt_SmCl3_and_1.5_wt_SrCl2.csv
[Run 3524/560000] ✅ Saved: nist_libs_3.0_wt_CeCl3_and_1.5_wt_SmCl3_and_2.0_wt_SrCl2.csv
[Run 3525/560000] ✅ Saved: nist_libs_3.0_wt_CeCl3_and_1.5_wt_SmCl3_and_2.5_wt_SrCl2.csv
[Run 3526/560000] ✅ Saved: nist_libs_3.0_wt_CeCl3_and_1.5_wt_SmCl3_and_3.0_wt_SrCl2.csv
[Run 3527/560000] ✅ Saved: nist_libs_3.0_wt_CeCl3_and_1.5_wt_SmCl3_and_3.5_wt_SrCl2.csv
[Run 3528/560000] ✅ Saved: nist_libs_3.0_wt_CeCl3_and_1.5_wt_SmCl3_and_4.0_wt_SrCl2.csv
[Run 3529/560000] ✅ Saved: nist_libs_3.0_wt_CeCl3_and_1.5_wt_SmCl3_and_4.5_wt_SrCl2.csv
[Run 3530/560000] ✅ Saved: nist_libs_3.0_wt_CeCl3_and_1.5_wt_SmCl3_and_5.0_wt_SrCl2.csv
[Run 3531/560000] ✅ Saved: nist_libs_3.0_wt_CeCl3_and_2.0_wt_SmCl3_and_0.5_wt_SrCl2.csv
[Run 3532/560000] ✅ Saved: nist_libs_3.0_wt_CeCl3_and_2.0_wt_SmCl3_and_1.0_wt_SrCl2.csv
[Run 3534/560000] ✅ Saved: nist_libs_3.0_wt_CeCl3_and_2.0_wt_SmCl3_and_2.0_wt_SrCl2.csv
[Run 3533/560000] ✅ Saved: nist_libs_3.0_wt_CeCl3_and_2.0_wt_SmCl3_and_1.5_wt_SrCl2.csv
[Run 3535/560000] ✅ Saved: nist_libs_3.0_wt_CeCl3_and_2.0_wt_SmCl3_and_2.5_wt_SrCl2.csv
[Run 3536/560000] ✅ Saved: nist_libs_3.0_wt_CeCl3_and_2.0_wt_SmCl3_and_3.0_wt_SrCl2.csv
[Run 3537/560000] ✅ Saved: nist_libs_3.0_wt_CeCl3_and_2.0_wt_SmCl3_and_3.5_wt_SrCl2.csv
[Run 3538/560000] ✅ Saved: nist_libs_3.0_wt_CeCl3_and_2.0_wt_SmCl3_and_4.0_wt_SrCl2.csv
[Run 3539/560000] ✅ Saved: nist_libs_3.0_wt_CeCl3_and_2.0_wt_SmCl3_and_4.5_wt_SrCl2.csv
[Run 3540/560000] ✅ Saved: nist_libs_3.0_wt_CeCl3_and_2.0_wt_SmCl3_and_5.0_wt_SrCl2.csv
[Run 3541/560000] ✅ Saved: nist_libs_3.0_wt_CeCl3_and_2.5_wt_SmCl3_and_0.5_wt_SrCl2.csv
[Run 3542/560000] ✅ Saved: nist_libs_3.0_wt_CeCl3_and_2.5_wt_SmCl3_and_1.0_wt_SrCl2.csv
[Run 3543/560000] ✅ Saved: nist_libs_3.0_wt_CeCl3_and_2.5_wt_SmCl3_and_1.5_wt_SrCl2.csv
[Run 3544/560000] ✅ Saved: nist_libs_3.0_wt_CeCl3_and_2.5_wt_SmCl3_and_2.0_wt_SrCl2.csv
[Run 3545/560000] ✅ Saved: nist_libs_3.0_wt_CeCl3_and_2.5_wt_SmCl3_and_2.5_wt_SrCl2.csv
[Run 3547/560000] ✅ Saved: nist_libs_3.0_wt_CeCl3_and_2.5_wt_SmCl3_and_3.5_wt_SrCl2.csv
[Run 3546/560000] ✅ Saved: nist_libs_3.0_wt_CeCl3_and_2.5_wt_SmCl3_and_3.0_wt_SrCl2.csv
[Run 3548/560000] ✅ Saved: nist_libs_3.0_wt_CeCl3_and_2.5_wt_SmCl3_and_4.0_wt_SrCl2.csv
[Run 3549/560000] ✅ Saved: nist_libs_3.0_wt_CeCl3_and_2.5_wt_SmCl3_and_4.5_wt_SrCl2.csv
[Run 3551/560000] ✅ Saved: nist_libs_3.0_wt_CeCl3_and_3.0_wt_SmCl3_and_0.5_wt_SrCl2.csv
[Run 3550/560000] ✅ Saved: nist_libs_3.0_wt_CeCl3_and_2.5_wt_SmCl3_and_5.0_wt_SrCl2.csv
[Run 3552/560000] ✅ Saved: nist_libs_3.0_wt_CeCl3_and_3.0_wt_SmCl3_and_1.0_wt_SrCl2.csv
[Run 3553/560000] ✅ Saved: nist_libs_3.0_wt_CeCl3_and_3.0_wt_SmCl3_and_1.5_wt_SrCl2.csv
[Run 3554/560000] ✅ Saved: nist_libs_3.0_wt_CeCl3_and_3.0_wt_SmCl3_and_2.0_wt_SrCl2.csv
[Run 3555/560000] ✅ Saved: nist_libs_3.0_wt_CeCl3_and_3.0_wt_SmCl3_and_2.5_wt_SrCl2.csv
[Run 3556/560000] ✅ Saved: nist_libs_3.0_wt_CeCl3_and_3.0_wt_SmCl3_and_3.0_wt_SrCl2.csv
[Run 3557/560000] ✅ Saved: nist_libs_3.0_wt_CeCl3_and_3.0_wt_SmCl3_and_3.5_wt_SrCl2.csv
[Run 3558/560000] ✅ Saved: nist_libs_3.0_wt_CeCl3_and_3.0_wt_SmCl3_and_4.0_wt_SrCl2.csv
[Run 3559/560000] ✅ Saved: nist_libs_3.0_wt_CeCl3_and_3.0_wt_SmCl3_and_4.5_wt_SrCl2.csv
[Run 3560/560000] ✅ Saved: nist_libs_3.0_wt_CeCl3_and_3.0_wt_SmCl3_and_5.0_wt_SrCl2.csv
[Run 3561/560000] ✅ Saved: nist_libs_3.0_wt_CeCl3_and_3.5_wt_SmCl3_and_0.5_wt_SrCl2.csv
[Run 3562/560000] ✅ Saved: nist_libs_3.0_wt_CeCl3_and_3.5_wt_SmCl3_and_1.0_wt_SrCl2.csv
[Run 3564/560000] ✅ Saved: nist_libs_3.0_wt_CeCl3_and_3.5_wt_SmCl3_and_2.0_wt_SrCl2.csv
[Run 3563/560000] ✅ Saved: nist_libs_3.0_wt_CeCl3_and_3.5_wt_SmCl3_and_1.5_wt_SrCl2.csv
[Run 3565/560000] ✅ Saved: nist_libs_3.0_wt_CeCl3_and_3.5_wt_SmCl3_and_2.5_wt_SrCl2.csv
[Run 3566/560000] ✅ Saved: nist_libs_3.0_wt_CeCl3_and_3.5_wt_SmCl3_and_3.0_wt_SrCl2.csv
[Run 3567/560000] ✅ Saved: nist_libs_3.0_wt_CeCl3_and_3.5_wt_SmCl3_and_3.5_wt_SrCl2.csv
[Run 3568/560000] ✅ Saved: nist_libs_3.0_wt_CeCl3_and_3.5_wt_SmCl3_and_4.0_wt_SrCl2.csv
[Run 3569/560000] ✅ Saved: nist_libs_3.0_wt_CeCl3_and_3.5_wt_SmCl3_and_4.5_wt_SrCl2.csv
[Run 3570/560000] ✅ Saved: nist_libs_3.0_wt_CeCl3_and_3.5_wt_SmCl3_and_5.0_wt_SrCl2.csv
[Run 3572/560000] ✅ Saved: nist_libs_3.0_wt_CeCl3_and_4.0_wt_SmCl3_and_1.0_wt_SrCl2.csv
[Run 3571/560000] ✅ Saved: nist_libs_3.0_wt_CeCl3_and_4.0_wt_SmCl3_and_0.5_wt_SrCl2.csv
[Run 3573/560000] ✅ Saved: nist_libs_3.0_wt_CeCl3_and_4.0_wt_SmCl3_and_1.5_wt_SrCl2.csv
[Run 3574/560000] ✅ Saved: nist_libs_3.0_wt_CeCl3_and_4.0_wt_SmCl3_and_2.0_wt_SrCl2.csv
[Run 3575/560000] ✅ Saved: nist_libs_3.0_wt_CeCl3_and_4.0_wt_SmCl3_and_2.5_wt_SrCl2.csv
[Run 3576/560000] ✅ Saved: nist_libs_3.0_wt_CeCl3_and_4.0_wt_SmCl3_and_3.0_wt_SrCl2.csv
[Run 3577/560000] ✅ Saved: nist_libs_3.0_wt_CeCl3_and_4.0_wt_SmCl3_and_3.5_wt_SrCl2.csv
[Run 3578/560000] ✅ Saved: nist_libs_3.0_wt_CeCl3_and_4.0_wt_SmCl3_and_4.0_wt_SrCl2.csv
[Run 3579/560000] ✅ Saved: nist_libs_3.0_wt_CeCl3_and_4.0_wt_SmCl3_and_4.5_wt_SrCl2.csv
[Run 3580/560000] ✅ Saved: nist_libs_3.0_wt_CeCl3_and_4.0_wt_SmCl3_and_5.0_wt_SrCl2.csv
[Run 3581/560000] ✅ Saved: nist_libs_3.0_wt_CeCl3_and_4.5_wt_SmCl3_and_0.5_wt_SrCl2.csv
[Run 3582/560000] ✅ Saved: nist_libs_3.0_wt_CeCl3_and_4.5_wt_SmCl3_and_1.0_wt_SrCl2.csv
[Run 3583/560000] ✅ Saved: nist_libs_3.0_wt_CeCl3_and_4.5_wt_SmCl3_and_1.5_wt_SrCl2.csv
[Run 3584/560000] ✅ Saved: nist_libs_3.0_wt_CeCl3_and_4.5_wt_SmCl3_and_2.0_wt_SrCl2.csv
[Run 3585/560000] ✅ Saved: nist_libs_3.0_wt_CeCl3_and_4.5_wt_SmCl3_and_2.5_wt_SrCl2.csv
[Run 3586/560000] ✅ Saved: nist_libs_3.0_wt_CeCl3_and_4.5_wt_SmCl3_and_3.0_wt_SrCl2.csv
[Run 3588/560000] ✅ Saved: nist_libs_3.0_wt_CeCl3_and_4.5_wt_SmCl3_and_4.0_wt_SrCl2.csv
[Run 3587/560000] ✅ Saved: nist_libs_3.0_wt_CeCl3_and_4.5_wt_SmCl3_and_3.5_wt_SrCl2.csv
[Run 3589/560000] ✅ Saved: nist_libs_3.0_wt_CeCl3_and_4.5_wt_SmCl3_and_4.5_wt_SrCl2.csv
[Run 3590/560000] ✅ Saved: nist_libs_3.0_wt_CeCl3_and_4.5_wt_SmCl3_and_5.0_wt_SrCl2.csv
[Run 3591/560000] ✅ Saved: nist_libs_3.0_wt_CeCl3_and_5.0_wt_SmCl3_and_0.5_wt_SrCl2.csv
[Run 3593/560000] ✅ Saved: nist_libs_3.0_wt_CeCl3_and_5.0_wt_SmCl3_and_1.5_wt_SrCl2.csv
[Run 3594/560000] ✅ Saved: nist_libs_3.0_wt_CeCl3_and_5.0_wt_SmCl3_and_2.0_wt_SrCl2.csv
[Run 3592/560000] ✅ Saved: nist_libs_3.0_wt_CeCl3_and_5.0_wt_SmCl3_and_1.0_wt_SrCl2.csv
[Run 3595/560000] ✅ Saved: nist_libs_3.0_wt_CeCl3_and_5.0_wt_SmCl3_and_2.5_wt_SrCl2.csv
[Run 3596/560000] ✅ Saved: nist_libs_3.0_wt_CeCl3_and_5.0_wt_SmCl3_and_3.0_wt_SrCl2.csv
[Run 3597/560000] ✅ Saved: nist_libs_3.0_wt_CeCl3_and_5.0_wt_SmCl3_and_3.5_wt_SrCl2.csv
[Run 3598/560000] ✅ Saved: nist_libs_3.0_wt_CeCl3_and_5.0_wt_SmCl3_and_4.0_wt_SrCl2.csv
[Run 3599/560000] ✅ Saved: nist_libs_3.0_wt_CeCl3_and_5.0_wt_SmCl3_and_4.5_wt_SrCl2.csv
[Run 3600/560000] ✅ Saved: nist_libs_3.0_wt_CeCl3_and_5.0_wt_SmCl3_and_5.0_wt_SrCl2.csv
[Run 3601/560000] ✅ Saved: nist_libs_3.5_wt_CeCl3_and_0.5_wt_SmCl3_and_0.5_wt_SrCl2.csv
[Run 3602/560000] ✅ Saved: nist_libs_3.5_wt_CeCl3_and_0.5_wt_SmCl3_and_1.0_wt_SrCl2.csv
[Run 3603/560000] ✅ Saved: nist_libs_3.5_wt_CeCl3_and_0.5_wt_SmCl3_and_1.5_wt_SrCl2.csv
[Run 3604/560000] ✅ Saved: nist_libs_3.5_wt_CeCl3_and_0.5_wt_SmCl3_and_2.0_wt_SrCl2.csv
[Run 3605/560000] ✅ Saved: nist_libs_3.5_wt_CeCl3_and_0.5_wt_SmCl3_and_2.5_wt_SrCl2.csv
[Run 3606/560000] ✅ Saved: nist_libs_3.5_wt_CeCl3_and_0.5_wt_SmCl3_and_3.0_wt_SrCl2.csv
[Run 3607/560000] ✅ Saved: nist_libs_3.5_wt_CeCl3_and_0.5_wt_SmCl3_and_3.5_wt_SrCl2.csv
[Run 3608/560000] ✅ Saved: nist_libs_3.5_wt_CeCl3_and_0.5_wt_SmCl3_and_4.0_wt_SrCl2.csv
[Run 3609/560000] ✅ Saved: nist_libs_3.5_wt_CeCl3_and_0.5_wt_SmCl3_and_4.5_wt_SrCl2.csv
[Run 3611/560000] ✅ Saved: nist_libs_3.5_wt_CeCl3_and_1.0_wt_SmCl3_and_0.5_wt_SrCl2.csv
[Run 3610/560000] ✅ Saved: nist_libs_3.5_wt_CeCl3_and_0.5_wt_SmCl3_and_5.0_wt_SrCl2.csv
[Run 3612/560000] ✅ Saved: nist_libs_3.5_wt_CeCl3_and_1.0_wt_SmCl3_and_1.0_wt_SrCl2.csv
[Run 3613/560000] ✅ Saved: nist_libs_3.5_wt_CeCl3_and_1.0_wt_SmCl3_and_1.5_wt_SrCl2.csv
[Run 3614/560000] ✅ Saved: nist_libs_3.5_wt_CeCl3_and_1.0_wt_SmCl3_and_2.0_wt_SrCl2.csv
[Run 3615/560000] ✅ Saved: nist_libs_3.5_wt_CeCl3_and_1.0_wt_SmCl3_and_2.5_wt_SrCl2.csv
[Run 3616/560000] ✅ Saved: nist_libs_3.5_wt_CeCl3_and_1.0_wt_SmCl3_and_3.0_wt_SrCl2.csv
[Run 3617/560000] ✅ Saved: nist_libs_3.5_wt_CeCl3_and_1.0_wt_SmCl3_and_3.5_wt_SrCl2.csv
[Run 3618/560000] ✅ Saved: nist_libs_3.5_wt_CeCl3_and_1.0_wt_SmCl3_and_4.0_wt_SrCl2.csv
[Run 3619/560000] ✅ Saved: nist_libs_3.5_wt_CeCl3_and_1.0_wt_SmCl3_and_4.5_wt_SrCl2.csv
[Run 3620/560000] ✅ Saved: nist_libs_3.5_wt_CeCl3_and_1.0_wt_SmCl3_and_5.0_wt_SrCl2.csv
[Run 3621/560000] ✅ Saved: nist_libs_3.5_wt_CeCl3_and_1.5_wt_SmCl3_and_0.5_wt_SrCl2.csv
[Run 3622/560000] ✅ Saved: nist_libs_3.5_wt_CeCl3_and_1.5_wt_SmCl3_and_1.0_wt_SrCl2.csv
[Run 3623/560000] ✅ Saved: nist_libs_3.5_wt_CeCl3_and_1.5_wt_SmCl3_and_1.5_wt_SrCl2.csv
[Run 3624/560000] ✅ Saved: nist_libs_3.5_wt_CeCl3_and_1.5_wt_SmCl3_and_2.0_wt_SrCl2.csv
[Run 3625/560000] ✅ Saved: nist_libs_3.5_wt_CeCl3_and_1.5_wt_SmCl3_and_2.5_wt_SrCl2.csv
[Run 3627/560000] ✅ Saved: nist_libs_3.5_wt_CeCl3_and_1.5_wt_SmCl3_and_3.5_wt_SrCl2.csv
[Run 3626/560000] ✅ Saved: nist_libs_3.5_wt_CeCl3_and_1.5_wt_SmCl3_and_3.0_wt_SrCl2.csv
[Run 3628/560000] ✅ Saved: nist_libs_3.5_wt_CeCl3_and_1.5_wt_SmCl3_and_4.0_wt_SrCl2.csv
[Run 3629/560000] ✅ Saved: nist_libs_3.5_wt_CeCl3_and_1.5_wt_SmCl3_and_4.5_wt_SrCl2.csv
[Run 3630/560000] ✅ Saved: nist_libs_3.5_wt_CeCl3_and_1.5_wt_SmCl3_and_5.0_wt_SrCl2.csv
[Run 3631/560000] ✅ Saved: nist_libs_3.5_wt_CeCl3_and_2.0_wt_SmCl3_and_0.5_wt_SrCl2.csv
[Run 3632/560000] ✅ Saved: nist_libs_3.5_wt_CeCl3_and_2.0_wt_SmCl3_and_1.0_wt_SrCl2.csv
[Run 3633/560000] ✅ Saved: nist_libs_3.5_wt_CeCl3_and_2.0_wt_SmCl3_and_1.5_wt_SrCl2.csv
[Run 3634/560000] ✅ Saved: nist_libs_3.5_wt_CeCl3_and_2.0_wt_SmCl3_and_2.0_wt_SrCl2.csv
[Run 3635/560000] ✅ Saved: nist_libs_3.5_wt_CeCl3_and_2.0_wt_SmCl3_and_2.5_wt_SrCl2.csv
[Run 3637/560000] ✅ Saved: nist_libs_3.5_wt_CeCl3_and_2.0_wt_SmCl3_and_3.5_wt_SrCl2.csv
[Run 3636/560000] ✅ Saved: nist_libs_3.5_wt_CeCl3_and_2.0_wt_SmCl3_and_3.0_wt_SrCl2.csv
[Run 3638/560000] ✅ Saved: nist_libs_3.5_wt_CeCl3_and_2.0_wt_SmCl3_and_4.0_wt_SrCl2.csv
[Run 3639/560000] ✅ Saved: nist_libs_3.5_wt_CeCl3_and_2.0_wt_SmCl3_and_4.5_wt_SrCl2.csv
[Run 3640/560000] ✅ Saved: nist_libs_3.5_wt_CeCl3_and_2.0_wt_SmCl3_and_5.0_wt_SrCl2.csv
[Run 3641/560000] ✅ Saved: nist_libs_3.5_wt_CeCl3_and_2.5_wt_SmCl3_and_0.5_wt_SrCl2.csv
[Run 3642/560000] ✅ Saved: nist_libs_3.5_wt_CeCl3_and_2.5_wt_SmCl3_and_1.0_wt_SrCl2.csv
[Run 3643/560000] ✅ Saved: nist_libs_3.5_wt_CeCl3_and_2.5_wt_SmCl3_and_1.5_wt_SrCl2.csv
[Run 3644/560000] ✅ Saved: nist_libs_3.5_wt_CeCl3_and_2.5_wt_SmCl3_and_2.0_wt_SrCl2.csv
[Run 3645/560000] ✅ Saved: nist_libs_3.5_wt_CeCl3_and_2.5_wt_SmCl3_and_2.5_wt_SrCl2.csv
[Run 3646/560000] ✅ Saved: nist_libs_3.5_wt_CeCl3_and_2.5_wt_SmCl3_and_3.0_wt_SrCl2.csv
[Run 3647/560000] ✅ Saved: nist_libs_3.5_wt_CeCl3_and_2.5_wt_SmCl3_and_3.5_wt_SrCl2.csv
[Run 3648/560000] ✅ Saved: nist_libs_3.5_wt_CeCl3_and_2.5_wt_SmCl3_and_4.0_wt_SrCl2.csv
[Run 3649/560000] ✅ Saved: nist_libs_3.5_wt_CeCl3_and_2.5_wt_SmCl3_and_4.5_wt_SrCl2.csv
[Run 3650/560000] ✅ Saved: nist_libs_3.5_wt_CeCl3_and_2.5_wt_SmCl3_and_5.0_wt_SrCl2.csv
[Run 3651/560000] ✅ Saved: nist_libs_3.5_wt_CeCl3_and_3.0_wt_SmCl3_and_0.5_wt_SrCl2.csv
[Run 3652/560000] ✅ Saved: nist_libs_3.5_wt_CeCl3_and_3.0_wt_SmCl3_and_1.0_wt_SrCl2.csv
[Run 3653/560000] ✅ Saved: nist_libs_3.5_wt_CeCl3_and_3.0_wt_SmCl3_and_1.5_wt_SrCl2.csv
[Run 3654/560000] ✅ Saved: nist_libs_3.5_wt_CeCl3_and_3.0_wt_SmCl3_and_2.0_wt_SrCl2.csv
[Run 3655/560000] ✅ Saved: nist_libs_3.5_wt_CeCl3_and_3.0_wt_SmCl3_and_2.5_wt_SrCl2.csv
[Run 3656/560000] ✅ Saved: nist_libs_3.5_wt_CeCl3_and_3.0_wt_SmCl3_and_3.0_wt_SrCl2.csv
[Run 3657/560000] ✅ Saved: nist_libs_3.5_wt_CeCl3_and_3.0_wt_SmCl3_and_3.5_wt_SrCl2.csv
[Run 3658/560000] ✅ Saved: nist_libs_3.5_wt_CeCl3_and_3.0_wt_SmCl3_and_4.0_wt_SrCl2.csv
[Run 3659/560000] ✅ Saved: nist_libs_3.5_wt_CeCl3_and_3.0_wt_SmCl3_and_4.5_wt_SrCl2.csv
[Run 3660/560000] ✅ Saved: nist_libs_3.5_wt_CeCl3_and_3.0_wt_SmCl3_and_5.0_wt_SrCl2.csv
[Run 3661/560000] ✅ Saved: nist_libs_3.5_wt_CeCl3_and_3.5_wt_SmCl3_and_0.5_wt_SrCl2.csv
[Run 3662/560000] ✅ Saved: nist_libs_3.5_wt_CeCl3_and_3.5_wt_SmCl3_and_1.0_wt_SrCl2.csv
[Run 3663/560000] ✅ Saved: nist_libs_3.5_wt_CeCl3_and_3.5_wt_SmCl3_and_1.5_wt_SrCl2.csv
[Run 3664/560000] ✅ Saved: nist_libs_3.5_wt_CeCl3_and_3.5_wt_SmCl3_and_2.0_wt_SrCl2.csv
[Run 3666/560000] ✅ Saved: nist_libs_3.5_wt_CeCl3_and_3.5_wt_SmCl3_and_3.0_wt_SrCl2.csv
[Run 3665/560000] ✅ Saved: nist_libs_3.5_wt_CeCl3_and_3.5_wt_SmCl3_and_2.5_wt_SrCl2.csv
[Run 3667/560000] ✅ Saved: nist_libs_3.5_wt_CeCl3_and_3.5_wt_SmCl3_and_3.5_wt_SrCl2.csv
[Run 3668/560000] ✅ Saved: nist_libs_3.5_wt_CeCl3_and_3.5_wt_SmCl3_and_4.0_wt_SrCl2.csv
[Run 3669/560000] ✅ Saved: nist_libs_3.5_wt_CeCl3_and_3.5_wt_SmCl3_and_4.5_wt_SrCl2.csv
[Run 3670/560000] ✅ Saved: nist_libs_3.5_wt_CeCl3_and_3.5_wt_SmCl3_and_5.0_wt_SrCl2.csv
[Run 3671/560000] ✅ Saved: nist_libs_3.5_wt_CeCl3_and_4.0_wt_SmCl3_and_0.5_wt_SrCl2.csv
[Run 3672/560000] ✅ Saved: nist_libs_3.5_wt_CeCl3_and_4.0_wt_SmCl3_and_1.0_wt_SrCl2.csv
[Run 3673/560000] ✅ Saved: nist_libs_3.5_wt_CeCl3_and_4.0_wt_SmCl3_and_1.5_wt_SrCl2.csv
[Run 3674/560000] ✅ Saved: nist_libs_3.5_wt_CeCl3_and_4.0_wt_SmCl3_and_2.0_wt_SrCl2.csv
[Run 3675/560000] ✅ Saved: nist_libs_3.5_wt_CeCl3_and_4.0_wt_SmCl3_and_2.5_wt_SrCl2.csv
[Run 3676/560000] ✅ Saved: nist_libs_3.5_wt_CeCl3_and_4.0_wt_SmCl3_and_3.0_wt_SrCl2.csv
[Run 3677/560000] ✅ Saved: nist_libs_3.5_wt_CeCl3_and_4.0_wt_SmCl3_and_3.5_wt_SrCl2.csv
[Run 3678/560000] ✅ Saved: nist_libs_3.5_wt_CeCl3_and_4.0_wt_SmCl3_and_4.0_wt_SrCl2.csv
[Run 3679/560000] ✅ Saved: nist_libs_3.5_wt_CeCl3_and_4.0_wt_SmCl3_and_4.5_wt_SrCl2.csv
[Run 3680/560000] ✅ Saved: nist_libs_3.5_wt_CeCl3_and_4.0_wt_SmCl3_and_5.0_wt_SrCl2.csv
[Run 3681/560000] ✅ Saved: nist_libs_3.5_wt_CeCl3_and_4.5_wt_SmCl3_and_0.5_wt_SrCl2.csv
[Run 3682/560000] ✅ Saved: nist_libs_3.5_wt_CeCl3_and_4.5_wt_SmCl3_and_1.0_wt_SrCl2.csv
[Run 3683/560000] ✅ Saved: nist_libs_3.5_wt_CeCl3_and_4.5_wt_SmCl3_and_1.5_wt_SrCl2.csv
[Run 3684/560000] ✅ Saved: nist_libs_3.5_wt_CeCl3_and_4.5_wt_SmCl3_and_2.0_wt_SrCl2.csv
[Run 3685/560000] ✅ Saved: nist_libs_3.5_wt_CeCl3_and_4.5_wt_SmCl3_and_2.5_wt_SrCl2.csv
[Run 3686/560000] ✅ Saved: nist_libs_3.5_wt_CeCl3_and_4.5_wt_SmCl3_and_3.0_wt_SrCl2.csv
[Run 3687/560000] ✅ Saved: nist_libs_3.5_wt_CeCl3_and_4.5_wt_SmCl3_and_3.5_wt_SrCl2.csv
[Run 3688/560000] ✅ Saved: nist_libs_3.5_wt_CeCl3_and_4.5_wt_SmCl3_and_4.0_wt_SrCl2.csv
[Run 3689/560000] ✅ Saved: nist_libs_3.5_wt_CeCl3_and_4.5_wt_SmCl3_and_4.5_wt_SrCl2.csv
[Run 3691/560000] ✅ Saved: nist_libs_3.5_wt_CeCl3_and_5.0_wt_SmCl3_and_0.5_wt_SrCl2.csv
[Run 3690/560000] ✅ Saved: nist_libs_3.5_wt_CeCl3_and_4.5_wt_SmCl3_and_5.0_wt_SrCl2.csv
[Run 3692/560000] ✅ Saved: nist_libs_3.5_wt_CeCl3_and_5.0_wt_SmCl3_and_1.0_wt_SrCl2.csv
[Run 3693/560000] ✅ Saved: nist_libs_3.5_wt_CeCl3_and_5.0_wt_SmCl3_and_1.5_wt_SrCl2.csv
[Run 3695/560000] ✅ Saved: nist_libs_3.5_wt_CeCl3_and_5.0_wt_SmCl3_and_2.5_wt_SrCl2.csv
[Run 3694/560000] ✅ Saved: nist_libs_3.5_wt_CeCl3_and_5.0_wt_SmCl3_and_2.0_wt_SrCl2.csv
[Run 3696/560000] ✅ Saved: nist_libs_3.5_wt_CeCl3_and_5.0_wt_SmCl3_and_3.0_wt_SrCl2.csv
[Run 3697/560000] ✅ Saved: nist_libs_3.5_wt_CeCl3_and_5.0_wt_SmCl3_and_3.5_wt_SrCl2.csv
[Run 3698/560000] ✅ Saved: nist_libs_3.5_wt_CeCl3_and_5.0_wt_SmCl3_and_4.0_wt_SrCl2.csv
[Run 3699/560000] ✅ Saved: nist_libs_3.5_wt_CeCl3_and_5.0_wt_SmCl3_and_4.5_wt_SrCl2.csv
[Run 3700/560000] ✅ Saved: nist_libs_3.5_wt_CeCl3_and_5.0_wt_SmCl3_and_5.0_wt_SrCl2.csv
[Run 3701/560000] ✅ Saved: nist_libs_4.0_wt_CeCl3_and_0.5_wt_SmCl3_and_0.5_wt_SrCl2.csv
[Run 3702/560000] ✅ Saved: nist_libs_4.0_wt_CeCl3_and_0.5_wt_SmCl3_and_1.0_wt_SrCl2.csv
[Run 3703/560000] ✅ Saved: nist_libs_4.0_wt_CeCl3_and_0.5_wt_SmCl3_and_1.5_wt_SrCl2.csv
[Run 3705/560000] ✅ Saved: nist_libs_4.0_wt_CeCl3_and_0.5_wt_SmCl3_and_2.5_wt_SrCl2.csv
[Run 3704/560000] ✅ Saved: nist_libs_4.0_wt_CeCl3_and_0.5_wt_SmCl3_and_2.0_wt_SrCl2.csv
[Run 3706/560000] ✅ Saved: nist_libs_4.0_wt_CeCl3_and_0.5_wt_SmCl3_and_3.0_wt_SrCl2.csv
[Run 3707/560000] ✅ Saved: nist_libs_4.0_wt_CeCl3_and_0.5_wt_SmCl3_and_3.5_wt_SrCl2.csv
[Run 3708/560000] ✅ Saved: nist_libs_4.0_wt_CeCl3_and_0.5_wt_SmCl3_and_4.0_wt_SrCl2.csv
[Run 3709/560000] ✅ Saved: nist_libs_4.0_wt_CeCl3_and_0.5_wt_SmCl3_and_4.5_wt_SrCl2.csv
[Run 3710/560000] ✅ Saved: nist_libs_4.0_wt_CeCl3_and_0.5_wt_SmCl3_and_5.0_wt_SrCl2.csv
[Run 3711/560000] ✅ Saved: nist_libs_4.0_wt_CeCl3_and_1.0_wt_SmCl3_and_0.5_wt_SrCl2.csv
[Run 3712/560000] ✅ Saved: nist_libs_4.0_wt_CeCl3_and_1.0_wt_SmCl3_and_1.0_wt_SrCl2.csv
[Run 3714/560000] ✅ Saved: nist_libs_4.0_wt_CeCl3_and_1.0_wt_SmCl3_and_2.0_wt_SrCl2.csv
[Run 3713/560000] ✅ Saved: nist_libs_4.0_wt_CeCl3_and_1.0_wt_SmCl3_and_1.5_wt_SrCl2.csv
[Run 3715/560000] ✅ Saved: nist_libs_4.0_wt_CeCl3_and_1.0_wt_SmCl3_and_2.5_wt_SrCl2.csv
[Run 3716/560000] ✅ Saved: nist_libs_4.0_wt_CeCl3_and_1.0_wt_SmCl3_and_3.0_wt_SrCl2.csv
[Run 3717/560000] ✅ Saved: nist_libs_4.0_wt_CeCl3_and_1.0_wt_SmCl3_and_3.5_wt_SrCl2.csv
[Run 3718/560000] ✅ Saved: nist_libs_4.0_wt_CeCl3_and_1.0_wt_SmCl3_and_4.0_wt_SrCl2.csv
[Run 3719/560000] ✅ Saved: nist_libs_4.0_wt_CeCl3_and_1.0_wt_SmCl3_and_4.5_wt_SrCl2.csv
[Run 3721/560000] ✅ Saved: nist_libs_4.0_wt_CeCl3_and_1.5_wt_SmCl3_and_0.5_wt_SrCl2.csv
[Run 3720/560000] ✅ Saved: nist_libs_4.0_wt_CeCl3_and_1.0_wt_SmCl3_and_5.0_wt_SrCl2.csv
[Run 3722/560000] ✅ Saved: nist_libs_4.0_wt_CeCl3_and_1.5_wt_SmCl3_and_1.0_wt_SrCl2.csv
[Run 3723/560000] ✅ Saved: nist_libs_4.0_wt_CeCl3_and_1.5_wt_SmCl3_and_1.5_wt_SrCl2.csv
[Run 3724/560000] ✅ Saved: nist_libs_4.0_wt_CeCl3_and_1.5_wt_SmCl3_and_2.0_wt_SrCl2.csv
[Run 3725/560000] ✅ Saved: nist_libs_4.0_wt_CeCl3_and_1.5_wt_SmCl3_and_2.5_wt_SrCl2.csv
[Run 3726/560000] ✅ Saved: nist_libs_4.0_wt_CeCl3_and_1.5_wt_SmCl3_and_3.0_wt_SrCl2.csv
[Run 3727/560000] ✅ Saved: nist_libs_4.0_wt_CeCl3_and_1.5_wt_SmCl3_and_3.5_wt_SrCl2.csv
[Run 3729/560000] ✅ Saved: nist_libs_4.0_wt_CeCl3_and_1.5_wt_SmCl3_and_4.5_wt_SrCl2.csv
[Run 3728/560000] ✅ Saved: nist_libs_4.0_wt_CeCl3_and_1.5_wt_SmCl3_and_4.0_wt_SrCl2.csv
[Run 3731/560000] ✅ Saved: nist_libs_4.0_wt_CeCl3_and_2.0_wt_SmCl3_and_0.5_wt_SrCl2.csv
[Run 3730/560000] ✅ Saved: nist_libs_4.0_wt_CeCl3_and_1.5_wt_SmCl3_and_5.0_wt_SrCl2.csv
[Run 3732/560000] ✅ Saved: nist_libs_4.0_wt_CeCl3_and_2.0_wt_SmCl3_and_1.0_wt_SrCl2.csv
[Run 3733/560000] ✅ Saved: nist_libs_4.0_wt_CeCl3_and_2.0_wt_SmCl3_and_1.5_wt_SrCl2.csv
[Run 3735/560000] ✅ Saved: nist_libs_4.0_wt_CeCl3_and_2.0_wt_SmCl3_and_2.5_wt_SrCl2.csv
[Run 3734/560000] ✅ Saved: nist_libs_4.0_wt_CeCl3_and_2.0_wt_SmCl3_and_2.0_wt_SrCl2.csv
[Run 3736/560000] ✅ Saved: nist_libs_4.0_wt_CeCl3_and_2.0_wt_SmCl3_and_3.0_wt_SrCl2.csv
[Run 3737/560000] ✅ Saved: nist_libs_4.0_wt_CeCl3_and_2.0_wt_SmCl3_and_3.5_wt_SrCl2.csv
[Run 3738/560000] ✅ Saved: nist_libs_4.0_wt_CeCl3_and_2.0_wt_SmCl3_and_4.0_wt_SrCl2.csv
[Run 3739/560000] ✅ Saved: nist_libs_4.0_wt_CeCl3_and_2.0_wt_SmCl3_and_4.5_wt_SrCl2.csv
[Run 3740/560000] ✅ Saved: nist_libs_4.0_wt_CeCl3_and_2.0_wt_SmCl3_and_5.0_wt_SrCl2.csv
[Run 3741/560000] ✅ Saved: nist_libs_4.0_wt_CeCl3_and_2.5_wt_SmCl3_and_0.5_wt_SrCl2.csv
[Run 3743/560000] ✅ Saved: nist_libs_4.0_wt_CeCl3_and_2.5_wt_SmCl3_and_1.5_wt_SrCl2.csv
[Run 3742/560000] ✅ Saved: nist_libs_4.0_wt_CeCl3_and_2.5_wt_SmCl3_and_1.0_wt_SrCl2.csv
[Run 3744/560000] ✅ Saved: nist_libs_4.0_wt_CeCl3_and_2.5_wt_SmCl3_and_2.0_wt_SrCl2.csv
[Run 3745/560000] ✅ Saved: nist_libs_4.0_wt_CeCl3_and_2.5_wt_SmCl3_and_2.5_wt_SrCl2.csv
[Run 3746/560000] ✅ Saved: nist_libs_4.0_wt_CeCl3_and_2.5_wt_SmCl3_and_3.0_wt_SrCl2.csv
[Run 3747/560000] ✅ Saved: nist_libs_4.0_wt_CeCl3_and_2.5_wt_SmCl3_and_3.5_wt_SrCl2.csv
[Run 3748/560000] ✅ Saved: nist_libs_4.0_wt_CeCl3_and_2.5_wt_SmCl3_and_4.0_wt_SrCl2.csv
[Run 3749/560000] ✅ Saved: nist_libs_4.0_wt_CeCl3_and_2.5_wt_SmCl3_and_4.5_wt_SrCl2.csv
[Run 3750/560000] ✅ Saved: nist_libs_4.0_wt_CeCl3_and_2.5_wt_SmCl3_and_5.0_wt_SrCl2.csv
[Run 3751/560000] ✅ Saved: nist_libs_4.0_wt_CeCl3_and_3.0_wt_SmCl3_and_0.5_wt_SrCl2.csv
[Run 3752/560000] ✅ Saved: nist_libs_4.0_wt_CeCl3_and_3.0_wt_SmCl3_and_1.0_wt_SrCl2.csv
[Run 3753/560000] ✅ Saved: nist_libs_4.0_wt_CeCl3_and_3.0_wt_SmCl3_and_1.5_wt_SrCl2.csv
[Run 3755/560000] ✅ Saved: nist_libs_4.0_wt_CeCl3_and_3.0_wt_SmCl3_and_2.5_wt_SrCl2.csv
[Run 3754/560000] ✅ Saved: nist_libs_4.0_wt_CeCl3_and_3.0_wt_SmCl3_and_2.0_wt_SrCl2.csv
[Run 3756/560000] ✅ Saved: nist_libs_4.0_wt_CeCl3_and_3.0_wt_SmCl3_and_3.0_wt_SrCl2.csv
[Run 3757/560000] ✅ Saved: nist_libs_4.0_wt_CeCl3_and_3.0_wt_SmCl3_and_3.5_wt_SrCl2.csv
[Run 3758/560000] ✅ Saved: nist_libs_4.0_wt_CeCl3_and_3.0_wt_SmCl3_and_4.0_wt_SrCl2.csv
[Run 3759/560000] ✅ Saved: nist_libs_4.0_wt_CeCl3_and_3.0_wt_SmCl3_and_4.5_wt_SrCl2.csv
[Run 3760/560000] ✅ Saved: nist_libs_4.0_wt_CeCl3_and_3.0_wt_SmCl3_and_5.0_wt_SrCl2.csv
[Run 3761/560000] ✅ Saved: nist_libs_4.0_wt_CeCl3_and_3.5_wt_SmCl3_and_0.5_wt_SrCl2.csv
[Run 3762/560000] ✅ Saved: nist_libs_4.0_wt_CeCl3_and_3.5_wt_SmCl3_and_1.0_wt_SrCl2.csv
[Run 3763/560000] ✅ Saved: nist_libs_4.0_wt_CeCl3_and_3.5_wt_SmCl3_and_1.5_wt_SrCl2.csv
[Run 3764/560000] ✅ Saved: nist_libs_4.0_wt_CeCl3_and_3.5_wt_SmCl3_and_2.0_wt_SrCl2.csv
[Run 3765/560000] ✅ Saved: nist_libs_4.0_wt_CeCl3_and_3.5_wt_SmCl3_and_2.5_wt_SrCl2.csv
[Run 3766/560000] ✅ Saved: nist_libs_4.0_wt_CeCl3_and_3.5_wt_SmCl3_and_3.0_wt_SrCl2.csv
[Run 3768/560000] ✅ Saved: nist_libs_4.0_wt_CeCl3_and_3.5_wt_SmCl3_and_4.0_wt_SrCl2.csv
[Run 3767/560000] ✅ Saved: nist_libs_4.0_wt_CeCl3_and_3.5_wt_SmCl3_and_3.5_wt_SrCl2.csv
[Run 3769/560000] ✅ Saved: nist_libs_4.0_wt_CeCl3_and_3.5_wt_SmCl3_and_4.5_wt_SrCl2.csv
[Run 3770/560000] ✅ Saved: nist_libs_4.0_wt_CeCl3_and_3.5_wt_SmCl3_and_5.0_wt_SrCl2.csv
[Run 3771/560000] ✅ Saved: nist_libs_4.0_wt_CeCl3_and_4.0_wt_SmCl3_and_0.5_wt_SrCl2.csv
[Run 3772/560000] ✅ Saved: nist_libs_4.0_wt_CeCl3_and_4.0_wt_SmCl3_and_1.0_wt_SrCl2.csv
[Run 3773/560000] ✅ Saved: nist_libs_4.0_wt_CeCl3_and_4.0_wt_SmCl3_and_1.5_wt_SrCl2.csv
[Run 3774/560000] ✅ Saved: nist_libs_4.0_wt_CeCl3_and_4.0_wt_SmCl3_and_2.0_wt_SrCl2.csv
[Run 3775/560000] ✅ Saved: nist_libs_4.0_wt_CeCl3_and_4.0_wt_SmCl3_and_2.5_wt_SrCl2.csv
[Run 3776/560000] ✅ Saved: nist_libs_4.0_wt_CeCl3_and_4.0_wt_SmCl3_and_3.0_wt_SrCl2.csv
[Run 3777/560000] ✅ Saved: nist_libs_4.0_wt_CeCl3_and_4.0_wt_SmCl3_and_3.5_wt_SrCl2.csv
[Run 3778/560000] ✅ Saved: nist_libs_4.0_wt_CeCl3_and_4.0_wt_SmCl3_and_4.0_wt_SrCl2.csv
[Run 3779/560000] ✅ Saved: nist_libs_4.0_wt_CeCl3_and_4.0_wt_SmCl3_and_4.5_wt_SrCl2.csv
[Run 3780/560000] ✅ Saved: nist_libs_4.0_wt_CeCl3_and_4.0_wt_SmCl3_and_5.0_wt_SrCl2.csv
[Run 3781/560000] ✅ Saved: nist_libs_4.0_wt_CeCl3_and_4.5_wt_SmCl3_and_0.5_wt_SrCl2.csv
[Run 3782/560000] ✅ Saved: nist_libs_4.0_wt_CeCl3_and_4.5_wt_SmCl3_and_1.0_wt_SrCl2.csv
[Run 3783/560000] ✅ Saved: nist_libs_4.0_wt_CeCl3_and_4.5_wt_SmCl3_and_1.5_wt_SrCl2.csv
[Run 3784/560000] ✅ Saved: nist_libs_4.0_wt_CeCl3_and_4.5_wt_SmCl3_and_2.0_wt_SrCl2.csv
[Run 3785/560000] ✅ Saved: nist_libs_4.0_wt_CeCl3_and_4.5_wt_SmCl3_and_2.5_wt_SrCl2.csv
[Run 3786/560000] ✅ Saved: nist_libs_4.0_wt_CeCl3_and_4.5_wt_SmCl3_and_3.0_wt_SrCl2.csv
[Run 3787/560000] ✅ Saved: nist_libs_4.0_wt_CeCl3_and_4.5_wt_SmCl3_and_3.5_wt_SrCl2.csv
[Run 3788/560000] ✅ Saved: nist_libs_4.0_wt_CeCl3_and_4.5_wt_SmCl3_and_4.0_wt_SrCl2.csv
[Run 3789/560000] ✅ Saved: nist_libs_4.0_wt_CeCl3_and_4.5_wt_SmCl3_and_4.5_wt_SrCl2.csv
[Run 3790/560000] ✅ Saved: nist_libs_4.0_wt_CeCl3_and_4.5_wt_SmCl3_and_5.0_wt_SrCl2.csv
[Run 3791/560000] ✅ Saved: nist_libs_4.0_wt_CeCl3_and_5.0_wt_SmCl3_and_0.5_wt_SrCl2.csv
[Run 3792/560000] ✅ Saved: nist_libs_4.0_wt_CeCl3_and_5.0_wt_SmCl3_and_1.0_wt_SrCl2.csv
[Run 3793/560000] ✅ Saved: nist_libs_4.0_wt_CeCl3_and_5.0_wt_SmCl3_and_1.5_wt_SrCl2.csv
[Run 3794/560000] ✅ Saved: nist_libs_4.0_wt_CeCl3_and_5.0_wt_SmCl3_and_2.0_wt_SrCl2.csv
[Run 3795/560000] ✅ Saved: nist_libs_4.0_wt_CeCl3_and_5.0_wt_SmCl3_and_2.5_wt_SrCl2.csv
[Run 3796/560000] ✅ Saved: nist_libs_4.0_wt_CeCl3_and_5.0_wt_SmCl3_and_3.0_wt_SrCl2.csv
[Run 3797/560000] ✅ Saved: nist_libs_4.0_wt_CeCl3_and_5.0_wt_SmCl3_and_3.5_wt_SrCl2.csv
[Run 3798/560000] ✅ Saved: nist_libs_4.0_wt_CeCl3_and_5.0_wt_SmCl3_and_4.0_wt_SrCl2.csv
[Run 3799/560000] ✅ Saved: nist_libs_4.0_wt_CeCl3_and_5.0_wt_SmCl3_and_4.5_wt_SrCl2.csv
[Run 3800/560000] ✅ Saved: nist_libs_4.0_wt_CeCl3_and_5.0_wt_SmCl3_and_5.0_wt_SrCl2.csv
[Run 3801/560000] ✅ Saved: nist_libs_4.5_wt_CeCl3_and_0.5_wt_SmCl3_and_0.5_wt_SrCl2.csv
[Run 3802/560000] ✅ Saved: nist_libs_4.5_wt_CeCl3_and_0.5_wt_SmCl3_and_1.0_wt_SrCl2.csv
[Run 3803/560000] ✅ Saved: nist_libs_4.5_wt_CeCl3_and_0.5_wt_SmCl3_and_1.5_wt_SrCl2.csv
[Run 3804/560000] ✅ Saved: nist_libs_4.5_wt_CeCl3_and_0.5_wt_SmCl3_and_2.0_wt_SrCl2.csv
[Run 3805/560000] ✅ Saved: nist_libs_4.5_wt_CeCl3_and_0.5_wt_SmCl3_and_2.5_wt_SrCl2.csv
[Run 3807/560000] ✅ Saved: nist_libs_4.5_wt_CeCl3_and_0.5_wt_SmCl3_and_3.5_wt_SrCl2.csv
[Run 3806/560000] ✅ Saved: nist_libs_4.5_wt_CeCl3_and_0.5_wt_SmCl3_and_3.0_wt_SrCl2.csv
[Run 3808/560000] ✅ Saved: nist_libs_4.5_wt_CeCl3_and_0.5_wt_SmCl3_and_4.0_wt_SrCl2.csv
[Run 3809/560000] ✅ Saved: nist_libs_4.5_wt_CeCl3_and_0.5_wt_SmCl3_and_4.5_wt_SrCl2.csv
[Run 3811/560000] ✅ Saved: nist_libs_4.5_wt_CeCl3_and_1.0_wt_SmCl3_and_0.5_wt_SrCl2.csv
[Run 3810/560000] ✅ Saved: nist_libs_4.5_wt_CeCl3_and_0.5_wt_SmCl3_and_5.0_wt_SrCl2.csv
[Run 3812/560000] ✅ Saved: nist_libs_4.5_wt_CeCl3_and_1.0_wt_SmCl3_and_1.0_wt_SrCl2.csv
[Run 3813/560000] ✅ Saved: nist_libs_4.5_wt_CeCl3_and_1.0_wt_SmCl3_and_1.5_wt_SrCl2.csv
[Run 3814/560000] ✅ Saved: nist_libs_4.5_wt_CeCl3_and_1.0_wt_SmCl3_and_2.0_wt_SrCl2.csv
[Run 3815/560000] ✅ Saved: nist_libs_4.5_wt_CeCl3_and_1.0_wt_SmCl3_and_2.5_wt_SrCl2.csv
[Run 3816/560000] ✅ Saved: nist_libs_4.5_wt_CeCl3_and_1.0_wt_SmCl3_and_3.0_wt_SrCl2.csv
[Run 3817/560000] ✅ Saved: nist_libs_4.5_wt_CeCl3_and_1.0_wt_SmCl3_and_3.5_wt_SrCl2.csv
[Run 3818/560000] ✅ Saved: nist_libs_4.5_wt_CeCl3_and_1.0_wt_SmCl3_and_4.0_wt_SrCl2.csv
[Run 3819/560000] ✅ Saved: nist_libs_4.5_wt_CeCl3_and_1.0_wt_SmCl3_and_4.5_wt_SrCl2.csv
[Run 3821/560000] ✅ Saved: nist_libs_4.5_wt_CeCl3_and_1.5_wt_SmCl3_and_0.5_wt_SrCl2.csv
[Run 3820/560000] ✅ Saved: nist_libs_4.5_wt_CeCl3_and_1.0_wt_SmCl3_and_5.0_wt_SrCl2.csv
[Run 3823/560000] ✅ Saved: nist_libs_4.5_wt_CeCl3_and_1.5_wt_SmCl3_and_1.5_wt_SrCl2.csv
[Run 3822/560000] ✅ Saved: nist_libs_4.5_wt_CeCl3_and_1.5_wt_SmCl3_and_1.0_wt_SrCl2.csv
[Run 3824/560000] ✅ Saved: nist_libs_4.5_wt_CeCl3_and_1.5_wt_SmCl3_and_2.0_wt_SrCl2.csv
[Run 3825/560000] ✅ Saved: nist_libs_4.5_wt_CeCl3_and_1.5_wt_SmCl3_and_2.5_wt_SrCl2.csv
[Run 3826/560000] ✅ Saved: nist_libs_4.5_wt_CeCl3_and_1.5_wt_SmCl3_and_3.0_wt_SrCl2.csv
[Run 3827/560000] ✅ Saved: nist_libs_4.5_wt_CeCl3_and_1.5_wt_SmCl3_and_3.5_wt_SrCl2.csv
[Run 3829/560000] ✅ Saved: nist_libs_4.5_wt_CeCl3_and_1.5_wt_SmCl3_and_4.5_wt_SrCl2.csv
[Run 3828/560000] ✅ Saved: nist_libs_4.5_wt_CeCl3_and_1.5_wt_SmCl3_and_4.0_wt_SrCl2.csv
[Run 3831/560000] ✅ Saved: nist_libs_4.5_wt_CeCl3_and_2.0_wt_SmCl3_and_0.5_wt_SrCl2.csv
[Run 3830/560000] ✅ Saved: nist_libs_4.5_wt_CeCl3_and_1.5_wt_SmCl3_and_5.0_wt_SrCl2.csv
[Run 3832/560000] ✅ Saved: nist_libs_4.5_wt_CeCl3_and_2.0_wt_SmCl3_and_1.0_wt_SrCl2.csv
[Run 3833/560000] ✅ Saved: nist_libs_4.5_wt_CeCl3_and_2.0_wt_SmCl3_and_1.5_wt_SrCl2.csv
[Run 3835/560000] ✅ Saved: nist_libs_4.5_wt_CeCl3_and_2.0_wt_SmCl3_and_2.5_wt_SrCl2.csv
[Run 3834/560000] ✅ Saved: nist_libs_4.5_wt_CeCl3_and_2.0_wt_SmCl3_and_2.0_wt_SrCl2.csv
[Run 3837/560000] ✅ Saved: nist_libs_4.5_wt_CeCl3_and_2.0_wt_SmCl3_and_3.5_wt_SrCl2.csv
[Run 3836/560000] ✅ Saved: nist_libs_4.5_wt_CeCl3_and_2.0_wt_SmCl3_and_3.0_wt_SrCl2.csv
[Run 3838/560000] ✅ Saved: nist_libs_4.5_wt_CeCl3_and_2.0_wt_SmCl3_and_4.0_wt_SrCl2.csv
[Run 3839/560000] ✅ Saved: nist_libs_4.5_wt_CeCl3_and_2.0_wt_SmCl3_and_4.5_wt_SrCl2.csv
[Run 3840/560000] ✅ Saved: nist_libs_4.5_wt_CeCl3_and_2.0_wt_SmCl3_and_5.0_wt_SrCl2.csv
[Run 3841/560000] ✅ Saved: nist_libs_4.5_wt_CeCl3_and_2.5_wt_SmCl3_and_0.5_wt_SrCl2.csv
[Run 3842/560000] ✅ Saved: nist_libs_4.5_wt_CeCl3_and_2.5_wt_SmCl3_and_1.0_wt_SrCl2.csv
[Run 3843/560000] ✅ Saved: nist_libs_4.5_wt_CeCl3_and_2.5_wt_SmCl3_and_1.5_wt_SrCl2.csv
[Run 3844/560000] ✅ Saved: nist_libs_4.5_wt_CeCl3_and_2.5_wt_SmCl3_and_2.0_wt_SrCl2.csv
[Run 3845/560000] ✅ Saved: nist_libs_4.5_wt_CeCl3_and_2.5_wt_SmCl3_and_2.5_wt_SrCl2.csv
[Run 3846/560000] ✅ Saved: nist_libs_4.5_wt_CeCl3_and_2.5_wt_SmCl3_and_3.0_wt_SrCl2.csv
[Run 3847/560000] ✅ Saved: nist_libs_4.5_wt_CeCl3_and_2.5_wt_SmCl3_and_3.5_wt_SrCl2.csv
[Run 3849/560000] ✅ Saved: nist_libs_4.5_wt_CeCl3_and_2.5_wt_SmCl3_and_4.5_wt_SrCl2.csv
[Run 3848/560000] ✅ Saved: nist_libs_4.5_wt_CeCl3_and_2.5_wt_SmCl3_and_4.0_wt_SrCl2.csv
[Run 3850/560000] ✅ Saved: nist_libs_4.5_wt_CeCl3_and_2.5_wt_SmCl3_and_5.0_wt_SrCl2.csv
[Run 3851/560000] ✅ Saved: nist_libs_4.5_wt_CeCl3_and_3.0_wt_SmCl3_and_0.5_wt_SrCl2.csv
[Run 3853/560000] ✅ Saved: nist_libs_4.5_wt_CeCl3_and_3.0_wt_SmCl3_and_1.5_wt_SrCl2.csv
[Run 3852/560000] ✅ Saved: nist_libs_4.5_wt_CeCl3_and_3.0_wt_SmCl3_and_1.0_wt_SrCl2.csv
[Run 3854/560000] ✅ Saved: nist_libs_4.5_wt_CeCl3_and_3.0_wt_SmCl3_and_2.0_wt_SrCl2.csv
[Run 3855/560000] ✅ Saved: nist_libs_4.5_wt_CeCl3_and_3.0_wt_SmCl3_and_2.5_wt_SrCl2.csv
[Run 3857/560000] ✅ Saved: nist_libs_4.5_wt_CeCl3_and_3.0_wt_SmCl3_and_3.5_wt_SrCl2.csv
[Run 3856/560000] ✅ Saved: nist_libs_4.5_wt_CeCl3_and_3.0_wt_SmCl3_and_3.0_wt_SrCl2.csv
[Run 3858/560000] ✅ Saved: nist_libs_4.5_wt_CeCl3_and_3.0_wt_SmCl3_and_4.0_wt_SrCl2.csv
[Run 3859/560000] ✅ Saved: nist_libs_4.5_wt_CeCl3_and_3.0_wt_SmCl3_and_4.5_wt_SrCl2.csv
[Run 3860/560000] ✅ Saved: nist_libs_4.5_wt_CeCl3_and_3.0_wt_SmCl3_and_5.0_wt_SrCl2.csv
[Run 3861/560000] ✅ Saved: nist_libs_4.5_wt_CeCl3_and_3.5_wt_SmCl3_and_0.5_wt_SrCl2.csv
[Run 3862/560000] ✅ Saved: nist_libs_4.5_wt_CeCl3_and_3.5_wt_SmCl3_and_1.0_wt_SrCl2.csv
[Run 3863/560000] ✅ Saved: nist_libs_4.5_wt_CeCl3_and_3.5_wt_SmCl3_and_1.5_wt_SrCl2.csv
[Run 3864/560000] ✅ Saved: nist_libs_4.5_wt_CeCl3_and_3.5_wt_SmCl3_and_2.0_wt_SrCl2.csv
[Run 3865/560000] ✅ Saved: nist_libs_4.5_wt_CeCl3_and_3.5_wt_SmCl3_and_2.5_wt_SrCl2.csv
[Run 3867/560000] ✅ Saved: nist_libs_4.5_wt_CeCl3_and_3.5_wt_SmCl3_and_3.5_wt_SrCl2.csv
[Run 3866/560000] ✅ Saved: nist_libs_4.5_wt_CeCl3_and_3.5_wt_SmCl3_and_3.0_wt_SrCl2.csv
[Run 3868/560000] ✅ Saved: nist_libs_4.5_wt_CeCl3_and_3.5_wt_SmCl3_and_4.0_wt_SrCl2.csv
[Run 3869/560000] ✅ Saved: nist_libs_4.5_wt_CeCl3_and_3.5_wt_SmCl3_and_4.5_wt_SrCl2.csv
[Run 3870/560000] ✅ Saved: nist_libs_4.5_wt_CeCl3_and_3.5_wt_SmCl3_and_5.0_wt_SrCl2.csv
[Run 3872/560000] ✅ Saved: nist_libs_4.5_wt_CeCl3_and_4.0_wt_SmCl3_and_1.0_wt_SrCl2.csv
[Run 3871/560000] ✅ Saved: nist_libs_4.5_wt_CeCl3_and_4.0_wt_SmCl3_and_0.5_wt_SrCl2.csv
[Run 3873/560000] ✅ Saved: nist_libs_4.5_wt_CeCl3_and_4.0_wt_SmCl3_and_1.5_wt_SrCl2.csv
[Run 3874/560000] ✅ Saved: nist_libs_4.5_wt_CeCl3_and_4.0_wt_SmCl3_and_2.0_wt_SrCl2.csv
[Run 3875/560000] ✅ Saved: nist_libs_4.5_wt_CeCl3_and_4.0_wt_SmCl3_and_2.5_wt_SrCl2.csv
[Run 3876/560000] ✅ Saved: nist_libs_4.5_wt_CeCl3_and_4.0_wt_SmCl3_and_3.0_wt_SrCl2.csv
[Run 3877/560000] ✅ Saved: nist_libs_4.5_wt_CeCl3_and_4.0_wt_SmCl3_and_3.5_wt_SrCl2.csv
[Run 3878/560000] ✅ Saved: nist_libs_4.5_wt_CeCl3_and_4.0_wt_SmCl3_and_4.0_wt_SrCl2.csv
[Run 3880/560000] ✅ Saved: nist_libs_4.5_wt_CeCl3_and_4.0_wt_SmCl3_and_5.0_wt_SrCl2.csv
[Run 3881/560000] ✅ Saved: nist_libs_4.5_wt_CeCl3_and_4.5_wt_SmCl3_and_0.5_wt_SrCl2.csv
[Run 3879/560000] ✅ Saved: nist_libs_4.5_wt_CeCl3_and_4.0_wt_SmCl3_and_4.5_wt_SrCl2.csv
[Run 3882/560000] ✅ Saved: nist_libs_4.5_wt_CeCl3_and_4.5_wt_SmCl3_and_1.0_wt_SrCl2.csv
[Run 3885/560000] ✅ Saved: nist_libs_4.5_wt_CeCl3_and_4.5_wt_SmCl3_and_2.5_wt_SrCl2.csv
[Run 3883/560000] ✅ Saved: nist_libs_4.5_wt_CeCl3_and_4.5_wt_SmCl3_and_1.5_wt_SrCl2.csv
[Run 3884/560000] ✅ Saved: nist_libs_4.5_wt_CeCl3_and_4.5_wt_SmCl3_and_2.0_wt_SrCl2.csv
[Run 3886/560000] ✅ Saved: nist_libs_4.5_wt_CeCl3_and_4.5_wt_SmCl3_and_3.0_wt_SrCl2.csv
[Run 3888/560000] ✅ Saved: nist_libs_4.5_wt_CeCl3_and_4.5_wt_SmCl3_and_4.0_wt_SrCl2.csv
[Run 3887/560000] ✅ Saved: nist_libs_4.5_wt_CeCl3_and_4.5_wt_SmCl3_and_3.5_wt_SrCl2.csv
[Run 3890/560000] ✅ Saved: nist_libs_4.5_wt_CeCl3_and_4.5_wt_SmCl3_and_5.0_wt_SrCl2.csv
[Run 3889/560000] ✅ Saved: nist_libs_4.5_wt_CeCl3_and_4.5_wt_SmCl3_and_4.5_wt_SrCl2.csv
[Run 3891/560000] ✅ Saved: nist_libs_4.5_wt_CeCl3_and_5.0_wt_SmCl3_and_0.5_wt_SrCl2.csv
[Run 3892/560000] ✅ Saved: nist_libs_4.5_wt_CeCl3_and_5.0_wt_SmCl3_and_1.0_wt_SrCl2.csv
[Run 3894/560000] ✅ Saved: nist_libs_4.5_wt_CeCl3_and_5.0_wt_SmCl3_and_2.0_wt_SrCl2.csv
[Run 3893/560000] ✅ Saved: nist_libs_4.5_wt_CeCl3_and_5.0_wt_SmCl3_and_1.5_wt_SrCl2.csv
[Run 3895/560000] ✅ Saved: nist_libs_4.5_wt_CeCl3_and_5.0_wt_SmCl3_and_2.5_wt_SrCl2.csv
[Run 3896/560000] ✅ Saved: nist_libs_4.5_wt_CeCl3_and_5.0_wt_SmCl3_and_3.0_wt_SrCl2.csv
[Run 3897/560000] ✅ Saved: nist_libs_4.5_wt_CeCl3_and_5.0_wt_SmCl3_and_3.5_wt_SrCl2.csv
[Run 3898/560000] ✅ Saved: nist_libs_4.5_wt_CeCl3_and_5.0_wt_SmCl3_and_4.0_wt_SrCl2.csv
[Run 3900/560000] ✅ Saved: nist_libs_4.5_wt_CeCl3_and_5.0_wt_SmCl3_and_5.0_wt_SrCl2.csv
[Run 3899/560000] ✅ Saved: nist_libs_4.5_wt_CeCl3_and_5.0_wt_SmCl3_and_4.5_wt_SrCl2.csv
[Run 3902/560000] ✅ Saved: nist_libs_5.0_wt_CeCl3_and_0.5_wt_SmCl3_and_1.0_wt_SrCl2.csv
[Run 3901/560000] ✅ Saved: nist_libs_5.0_wt_CeCl3_and_0.5_wt_SmCl3_and_0.5_wt_SrCl2.csv
[Run 3903/560000] ✅ Saved: nist_libs_5.0_wt_CeCl3_and_0.5_wt_SmCl3_and_1.5_wt_SrCl2.csv
[Run 3904/560000] ✅ Saved: nist_libs_5.0_wt_CeCl3_and_0.5_wt_SmCl3_and_2.0_wt_SrCl2.csv
[Run 3906/560000] ✅ Saved: nist_libs_5.0_wt_CeCl3_and_0.5_wt_SmCl3_and_3.0_wt_SrCl2.csv
[Run 3905/560000] ✅ Saved: nist_libs_5.0_wt_CeCl3_and_0.5_wt_SmCl3_and_2.5_wt_SrCl2.csv
[Run 3907/560000] ✅ Saved: nist_libs_5.0_wt_CeCl3_and_0.5_wt_SmCl3_and_3.5_wt_SrCl2.csv
[Run 3910/560000] ✅ Saved: nist_libs_5.0_wt_CeCl3_and_0.5_wt_SmCl3_and_5.0_wt_SrCl2.csv
[Run 3908/560000] ✅ Saved: nist_libs_5.0_wt_CeCl3_and_0.5_wt_SmCl3_and_4.0_wt_SrCl2.csv
[Run 3909/560000] ✅ Saved: nist_libs_5.0_wt_CeCl3_and_0.5_wt_SmCl3_and_4.5_wt_SrCl2.csv
[Run 3912/560000] ✅ Saved: nist_libs_5.0_wt_CeCl3_and_1.0_wt_SmCl3_and_1.0_wt_SrCl2.csv
[Run 3911/560000] ✅ Saved: nist_libs_5.0_wt_CeCl3_and_1.0_wt_SmCl3_and_0.5_wt_SrCl2.csv
[Run 3913/560000] ✅ Saved: nist_libs_5.0_wt_CeCl3_and_1.0_wt_SmCl3_and_1.5_wt_SrCl2.csv
[Run 3914/560000] ✅ Saved: nist_libs_5.0_wt_CeCl3_and_1.0_wt_SmCl3_and_2.0_wt_SrCl2.csv
[Run 3916/560000] ✅ Saved: nist_libs_5.0_wt_CeCl3_and_1.0_wt_SmCl3_and_3.0_wt_SrCl2.csv
[Run 3915/560000] ✅ Saved: nist_libs_5.0_wt_CeCl3_and_1.0_wt_SmCl3_and_2.5_wt_SrCl2.csv
[Run 3918/560000] ✅ Saved: nist_libs_5.0_wt_CeCl3_and_1.0_wt_SmCl3_and_4.0_wt_SrCl2.csv
[Run 3917/560000] ✅ Saved: nist_libs_5.0_wt_CeCl3_and_1.0_wt_SmCl3_and_3.5_wt_SrCl2.csv
[Run 3919/560000] ✅ Saved: nist_libs_5.0_wt_CeCl3_and_1.0_wt_SmCl3_and_4.5_wt_SrCl2.csv
[Run 3920/560000] ✅ Saved: nist_libs_5.0_wt_CeCl3_and_1.0_wt_SmCl3_and_5.0_wt_SrCl2.csv
[Run 3922/560000] ✅ Saved: nist_libs_5.0_wt_CeCl3_and_1.5_wt_SmCl3_and_1.0_wt_SrCl2.csv
[Run 3921/560000] ✅ Saved: nist_libs_5.0_wt_CeCl3_and_1.5_wt_SmCl3_and_0.5_wt_SrCl2.csv
[Run 3924/560000] ✅ Saved: nist_libs_5.0_wt_CeCl3_and_1.5_wt_SmCl3_and_2.0_wt_SrCl2.csv
[Run 3923/560000] ✅ Saved: nist_libs_5.0_wt_CeCl3_and_1.5_wt_SmCl3_and_1.5_wt_SrCl2.csv
[Run 3925/560000] ✅ Saved: nist_libs_5.0_wt_CeCl3_and_1.5_wt_SmCl3_and_2.5_wt_SrCl2.csv
[Run 3926/560000] ✅ Saved: nist_libs_5.0_wt_CeCl3_and_1.5_wt_SmCl3_and_3.0_wt_SrCl2.csv
[Run 3927/560000] ✅ Saved: nist_libs_5.0_wt_CeCl3_and_1.5_wt_SmCl3_and_3.5_wt_SrCl2.csv
[Run 3928/560000] ✅ Saved: nist_libs_5.0_wt_CeCl3_and_1.5_wt_SmCl3_and_4.0_wt_SrCl2.csv
[Run 3929/560000] ✅ Saved: nist_libs_5.0_wt_CeCl3_and_1.5_wt_SmCl3_and_4.5_wt_SrCl2.csv
[Run 3930/560000] ✅ Saved: nist_libs_5.0_wt_CeCl3_and_1.5_wt_SmCl3_and_5.0_wt_SrCl2.csv
[Run 3931/560000] ✅ Saved: nist_libs_5.0_wt_CeCl3_and_2.0_wt_SmCl3_and_0.5_wt_SrCl2.csv
[Run 3933/560000] ✅ Saved: nist_libs_5.0_wt_CeCl3_and_2.0_wt_SmCl3_and_1.5_wt_SrCl2.csv
[Run 3932/560000] ✅ Saved: nist_libs_5.0_wt_CeCl3_and_2.0_wt_SmCl3_and_1.0_wt_SrCl2.csv
[Run 3934/560000] ✅ Saved: nist_libs_5.0_wt_CeCl3_and_2.0_wt_SmCl3_and_2.0_wt_SrCl2.csv
[Run 3935/560000] ✅ Saved: nist_libs_5.0_wt_CeCl3_and_2.0_wt_SmCl3_and_2.5_wt_SrCl2.csv
[Run 3936/560000] ✅ Saved: nist_libs_5.0_wt_CeCl3_and_2.0_wt_SmCl3_and_3.0_wt_SrCl2.csv
[Run 3937/560000] ✅ Saved: nist_libs_5.0_wt_CeCl3_and_2.0_wt_SmCl3_and_3.5_wt_SrCl2.csv
[Run 3938/560000] ✅ Saved: nist_libs_5.0_wt_CeCl3_and_2.0_wt_SmCl3_and_4.0_wt_SrCl2.csv
[Run 3941/560000] ✅ Saved: nist_libs_5.0_wt_CeCl3_and_2.5_wt_SmCl3_and_0.5_wt_SrCl2.csv
[Run 3939/560000] ✅ Saved: nist_libs_5.0_wt_CeCl3_and_2.0_wt_SmCl3_and_4.5_wt_SrCl2.csv
[Run 3940/560000] ✅ Saved: nist_libs_5.0_wt_CeCl3_and_2.0_wt_SmCl3_and_5.0_wt_SrCl2.csv
[Run 3942/560000] ✅ Saved: nist_libs_5.0_wt_CeCl3_and_2.5_wt_SmCl3_and_1.0_wt_SrCl2.csv
[Run 3943/560000] ✅ Saved: nist_libs_5.0_wt_CeCl3_and_2.5_wt_SmCl3_and_1.5_wt_SrCl2.csv
[Run 3944/560000] ✅ Saved: nist_libs_5.0_wt_CeCl3_and_2.5_wt_SmCl3_and_2.0_wt_SrCl2.csv
[Run 3945/560000] ✅ Saved: nist_libs_5.0_wt_CeCl3_and_2.5_wt_SmCl3_and_2.5_wt_SrCl2.csv
[Run 3946/560000] ✅ Saved: nist_libs_5.0_wt_CeCl3_and_2.5_wt_SmCl3_and_3.0_wt_SrCl2.csv
[Run 3947/560000] ✅ Saved: nist_libs_5.0_wt_CeCl3_and_2.5_wt_SmCl3_and_3.5_wt_SrCl2.csv
[Run 3948/560000] ✅ Saved: nist_libs_5.0_wt_CeCl3_and_2.5_wt_SmCl3_and_4.0_wt_SrCl2.csv
[Run 3949/560000] ✅ Saved: nist_libs_5.0_wt_CeCl3_and_2.5_wt_SmCl3_and_4.5_wt_SrCl2.csv
[Run 3950/560000] ✅ Saved: nist_libs_5.0_wt_CeCl3_and_2.5_wt_SmCl3_and_5.0_wt_SrCl2.csv
[Run 3952/560000] ✅ Saved: nist_libs_5.0_wt_CeCl3_and_3.0_wt_SmCl3_and_1.0_wt_SrCl2.csv
[Run 3951/560000] ✅ Saved: nist_libs_5.0_wt_CeCl3_and_3.0_wt_SmCl3_and_0.5_wt_SrCl2.csv
[Run 3953/560000] ✅ Saved: nist_libs_5.0_wt_CeCl3_and_3.0_wt_SmCl3_and_1.5_wt_SrCl2.csv
[Run 3954/560000] ✅ Saved: nist_libs_5.0_wt_CeCl3_and_3.0_wt_SmCl3_and_2.0_wt_SrCl2.csv
[Run 3956/560000] ✅ Saved: nist_libs_5.0_wt_CeCl3_and_3.0_wt_SmCl3_and_3.0_wt_SrCl2.csv
[Run 3955/560000] ✅ Saved: nist_libs_5.0_wt_CeCl3_and_3.0_wt_SmCl3_and_2.5_wt_SrCl2.csv
[Run 3957/560000] ✅ Saved: nist_libs_5.0_wt_CeCl3_and_3.0_wt_SmCl3_and_3.5_wt_SrCl2.csv
[Run 3958/560000] ✅ Saved: nist_libs_5.0_wt_CeCl3_and_3.0_wt_SmCl3_and_4.0_wt_SrCl2.csv
[Run 3960/560000] ✅ Saved: nist_libs_5.0_wt_CeCl3_and_3.0_wt_SmCl3_and_5.0_wt_SrCl2.csv
[Run 3959/560000] ✅ Saved: nist_libs_5.0_wt_CeCl3_and_3.0_wt_SmCl3_and_4.5_wt_SrCl2.csv
[Run 3961/560000] ✅ Saved: nist_libs_5.0_wt_CeCl3_and_3.5_wt_SmCl3_and_0.5_wt_SrCl2.csv
[Run 3962/560000] ✅ Saved: nist_libs_5.0_wt_CeCl3_and_3.5_wt_SmCl3_and_1.0_wt_SrCl2.csv
[Run 3964/560000] ✅ Saved: nist_libs_5.0_wt_CeCl3_and_3.5_wt_SmCl3_and_2.0_wt_SrCl2.csv
[Run 3963/560000] ✅ Saved: nist_libs_5.0_wt_CeCl3_and_3.5_wt_SmCl3_and_1.5_wt_SrCl2.csv
[Run 3965/560000] ✅ Saved: nist_libs_5.0_wt_CeCl3_and_3.5_wt_SmCl3_and_2.5_wt_SrCl2.csv
[Run 3966/560000] ✅ Saved: nist_libs_5.0_wt_CeCl3_and_3.5_wt_SmCl3_and_3.0_wt_SrCl2.csv
[Run 3968/560000] ✅ Saved: nist_libs_5.0_wt_CeCl3_and_3.5_wt_SmCl3_and_4.0_wt_SrCl2.csv
[Run 3967/560000] ✅ Saved: nist_libs_5.0_wt_CeCl3_and_3.5_wt_SmCl3_and_3.5_wt_SrCl2.csv
[Run 3969/560000] ✅ Saved: nist_libs_5.0_wt_CeCl3_and_3.5_wt_SmCl3_and_4.5_wt_SrCl2.csv
[Run 3970/560000] ✅ Saved: nist_libs_5.0_wt_CeCl3_and_3.5_wt_SmCl3_and_5.0_wt_SrCl2.csv
[Run 3971/560000] ✅ Saved: nist_libs_5.0_wt_CeCl3_and_4.0_wt_SmCl3_and_0.5_wt_SrCl2.csv
[Run 3972/560000] ✅ Saved: nist_libs_5.0_wt_CeCl3_and_4.0_wt_SmCl3_and_1.0_wt_SrCl2.csv
[Run 3973/560000] ✅ Saved: nist_libs_5.0_wt_CeCl3_and_4.0_wt_SmCl3_and_1.5_wt_SrCl2.csv
[Run 3974/560000] ✅ Saved: nist_libs_5.0_wt_CeCl3_and_4.0_wt_SmCl3_and_2.0_wt_SrCl2.csv
[Run 3975/560000] ✅ Saved: nist_libs_5.0_wt_CeCl3_and_4.0_wt_SmCl3_and_2.5_wt_SrCl2.csv
[Run 3976/560000] ✅ Saved: nist_libs_5.0_wt_CeCl3_and_4.0_wt_SmCl3_and_3.0_wt_SrCl2.csv
[Run 3977/560000] ✅ Saved: nist_libs_5.0_wt_CeCl3_and_4.0_wt_SmCl3_and_3.5_wt_SrCl2.csv
[Run 3978/560000] ✅ Saved: nist_libs_5.0_wt_CeCl3_and_4.0_wt_SmCl3_and_4.0_wt_SrCl2.csv
[Run 3979/560000] ✅ Saved: nist_libs_5.0_wt_CeCl3_and_4.0_wt_SmCl3_and_4.5_wt_SrCl2.csv
[Run 3980/560000] ✅ Saved: nist_libs_5.0_wt_CeCl3_and_4.0_wt_SmCl3_and_5.0_wt_SrCl2.csv
[Run 3981/560000] ✅ Saved: nist_libs_5.0_wt_CeCl3_and_4.5_wt_SmCl3_and_0.5_wt_SrCl2.csv
[Run 3982/560000] ✅ Saved: nist_libs_5.0_wt_CeCl3_and_4.5_wt_SmCl3_and_1.0_wt_SrCl2.csv
[Run 3983/560000] ✅ Saved: nist_libs_5.0_wt_CeCl3_and_4.5_wt_SmCl3_and_1.5_wt_SrCl2.csv
[Run 3984/560000] ✅ Saved: nist_libs_5.0_wt_CeCl3_and_4.5_wt_SmCl3_and_2.0_wt_SrCl2.csv
[Run 3985/560000] ✅ Saved: nist_libs_5.0_wt_CeCl3_and_4.5_wt_SmCl3_and_2.5_wt_SrCl2.csv
[Run 3986/560000] ✅ Saved: nist_libs_5.0_wt_CeCl3_and_4.5_wt_SmCl3_and_3.0_wt_SrCl2.csv
[Run 3987/560000] ✅ Saved: nist_libs_5.0_wt_CeCl3_and_4.5_wt_SmCl3_and_3.5_wt_SrCl2.csv
[Run 3990/560000] ✅ Saved: nist_libs_5.0_wt_CeCl3_and_4.5_wt_SmCl3_and_5.0_wt_SrCl2.csv
[Run 3988/560000] ✅ Saved: nist_libs_5.0_wt_CeCl3_and_4.5_wt_SmCl3_and_4.0_wt_SrCl2.csv
[Run 3989/560000] ✅ Saved: nist_libs_5.0_wt_CeCl3_and_4.5_wt_SmCl3_and_4.5_wt_SrCl2.csv
[Run 3991/560000] ✅ Saved: nist_libs_5.0_wt_CeCl3_and_5.0_wt_SmCl3_and_0.5_wt_SrCl2.csv
[Run 3992/560000] ✅ Saved: nist_libs_5.0_wt_CeCl3_and_5.0_wt_SmCl3_and_1.0_wt_SrCl2.csv
[Run 3993/560000] ✅ Saved: nist_libs_5.0_wt_CeCl3_and_5.0_wt_SmCl3_and_1.5_wt_SrCl2.csv
[Run 3994/560000] ✅ Saved: nist_libs_5.0_wt_CeCl3_and_5.0_wt_SmCl3_and_2.0_wt_SrCl2.csv
[Run 3995/560000] ✅ Saved: nist_libs_5.0_wt_CeCl3_and_5.0_wt_SmCl3_and_2.5_wt_SrCl2.csv
[Run 3996/560000] ✅ Saved: nist_libs_5.0_wt_CeCl3_and_5.0_wt_SmCl3_and_3.0_wt_SrCl2.csv
[Run 3997/560000] ✅ Saved: nist_libs_5.0_wt_CeCl3_and_5.0_wt_SmCl3_and_3.5_wt_SrCl2.csv
[Run 3998/560000] ✅ Saved: nist_libs_5.0_wt_CeCl3_and_5.0_wt_SmCl3_and_4.0_wt_SrCl2.csv
[Run 3999/560000] ✅ Saved: nist_libs_5.0_wt_CeCl3_and_5.0_wt_SmCl3_and_4.5_wt_SrCl2.csv
[Run 4000/560000] ✅ Saved: nist_libs_5.0_wt_CeCl3_and_5.0_wt_SmCl3_and_5.0_wt_SrCl2.csv
📦 Packaging batch 4 (1000 CSVs) -> nist_libs_batch_0004.zip...
[Run 4001/560000] ✅ Saved: nist_libs_0.5_wt_CeCl3_and_0.5_wt_SmCl3_and_0.5_wt_BaCl2.csv
[Run 4002/560000] ✅ Saved: nist_libs_0.5_wt_CeCl3_and_0.5_wt_SmCl3_and_1.0_wt_BaCl2.csv
[Run 4003/560000] ✅ Saved: nist_libs_0.5_wt_CeCl3_and_0.5_wt_SmCl3_and_1.5_wt_BaCl2.csv
[Run 4005/560000] ✅ Saved: nist_libs_0.5_wt_CeCl3_and_0.5_wt_SmCl3_and_2.5_wt_BaCl2.csv
[Run 4007/560000] ✅ Saved: nist_libs_0.5_wt_CeCl3_and_0.5_wt_SmCl3_and_3.5_wt_BaCl2.csv
[Run 4006/560000] ✅ Saved: nist_libs_0.5_wt_CeCl3_and_0.5_wt_SmCl3_and_3.0_wt_BaCl2.csv
[Run 4004/560000] ✅ Saved: nist_libs_0.5_wt_CeCl3_and_0.5_wt_SmCl3_and_2.0_wt_BaCl2.csv
[Run 4008/560000] ✅ Saved: nist_libs_0.5_wt_CeCl3_and_0.5_wt_SmCl3_and_4.0_wt_BaCl2.csv
[Run 4010/560000] ✅ Saved: nist_libs_0.5_wt_CeCl3_and_0.5_wt_SmCl3_and_5.0_wt_BaCl2.csv
[Run 4011/560000] ✅ Saved: nist_libs_0.5_wt_CeCl3_and_1.0_wt_SmCl3_and_0.5_wt_BaCl2.csv
[Run 4009/560000] ✅ Saved: nist_libs_0.5_wt_CeCl3_and_0.5_wt_SmCl3_and_4.5_wt_BaCl2.csv
[Run 4012/560000] ✅ Saved: nist_libs_0.5_wt_CeCl3_and_1.0_wt_SmCl3_and_1.0_wt_BaCl2.csv
[Run 4013/560000] ✅ Saved: nist_libs_0.5_wt_CeCl3_and_1.0_wt_SmCl3_and_1.5_wt_BaCl2.csv
[Run 4015/560000] ✅ Saved: nist_libs_0.5_wt_CeCl3_and_1.0_wt_SmCl3_and_2.5_wt_BaCl2.csv
[Run 4014/560000] ✅ Saved: nist_libs_0.5_wt_CeCl3_and_1.0_wt_SmCl3_and_2.0_wt_BaCl2.csv
[Run 4016/560000] ✅ Saved: nist_libs_0.5_wt_CeCl3_and_1.0_wt_SmCl3_and_3.0_wt_BaCl2.csv
[Run 4017/560000] ✅ Saved: nist_libs_0.5_wt_CeCl3_and_1.0_wt_SmCl3_and_3.5_wt_BaCl2.csv
[Run 4018/560000] ✅ Saved: nist_libs_0.5_wt_CeCl3_and_1.0_wt_SmCl3_and_4.0_wt_BaCl2.csv
[Run 4019/560000] ✅ Saved: nist_libs_0.5_wt_CeCl3_and_1.0_wt_SmCl3_and_4.5_wt_BaCl2.csv
[Run 4020/560000] ✅ Saved: nist_libs_0.5_wt_CeCl3_and_1.0_wt_SmCl3_and_5.0_wt_BaCl2.csv
[Run 4021/560000] ✅ Saved: nist_libs_0.5_wt_CeCl3_and_1.5_wt_SmCl3_and_0.5_wt_BaCl2.csv
[Run 4022/560000] ✅ Saved: nist_libs_0.5_wt_CeCl3_and_1.5_wt_SmCl3_and_1.0_wt_BaCl2.csv
[Run 4023/560000] ✅ Saved: nist_libs_0.5_wt_CeCl3_and_1.5_wt_SmCl3_and_1.5_wt_BaCl2.csv
[Run 4025/560000] ✅ Saved: nist_libs_0.5_wt_CeCl3_and_1.5_wt_SmCl3_and_2.5_wt_BaCl2.csv
[Run 4024/560000] ✅ Saved: nist_libs_0.5_wt_CeCl3_and_1.5_wt_SmCl3_and_2.0_wt_BaCl2.csv
[Run 4026/560000] ✅ Saved: nist_libs_0.5_wt_CeCl3_and_1.5_wt_SmCl3_and_3.0_wt_BaCl2.csv
[Run 4027/560000] ✅ Saved: nist_libs_0.5_wt_CeCl3_and_1.5_wt_SmCl3_and_3.5_wt_BaCl2.csv
[Run 4028/560000] ✅ Saved: nist_libs_0.5_wt_CeCl3_and_1.5_wt_SmCl3_and_4.0_wt_BaCl2.csv
[Run 4029/560000] ✅ Saved: nist_libs_0.5_wt_CeCl3_and_1.5_wt_SmCl3_and_4.5_wt_BaCl2.csv
[Run 4030/560000] ✅ Saved: nist_libs_0.5_wt_CeCl3_and_1.5_wt_SmCl3_and_5.0_wt_BaCl2.csv
[Run 4031/560000] ✅ Saved: nist_libs_0.5_wt_CeCl3_and_2.0_wt_SmCl3_and_0.5_wt_BaCl2.csv
[Run 4032/560000] ✅ Saved: nist_libs_0.5_wt_CeCl3_and_2.0_wt_SmCl3_and_1.0_wt_BaCl2.csv
[Run 4033/560000] ✅ Saved: nist_libs_0.5_wt_CeCl3_and_2.0_wt_SmCl3_and_1.5_wt_BaCl2.csv
[Run 4034/560000] ✅ Saved: nist_libs_0.5_wt_CeCl3_and_2.0_wt_SmCl3_and_2.0_wt_BaCl2.csv
[Run 4035/560000] ✅ Saved: nist_libs_0.5_wt_CeCl3_and_2.0_wt_SmCl3_and_2.5_wt_BaCl2.csv
[Run 4036/560000] ✅ Saved: nist_libs_0.5_wt_CeCl3_and_2.0_wt_SmCl3_and_3.0_wt_BaCl2.csv
[Run 4037/560000] ✅ Saved: nist_libs_0.5_wt_CeCl3_and_2.0_wt_SmCl3_and_3.5_wt_BaCl2.csv
[Run 4038/560000] ✅ Saved: nist_libs_0.5_wt_CeCl3_and_2.0_wt_SmCl3_and_4.0_wt_BaCl2.csv
[Run 4039/560000] ✅ Saved: nist_libs_0.5_wt_CeCl3_and_2.0_wt_SmCl3_and_4.5_wt_BaCl2.csv
[Run 4040/560000] ✅ Saved: nist_libs_0.5_wt_CeCl3_and_2.0_wt_SmCl3_and_5.0_wt_BaCl2.csv
[Run 4042/560000] ✅ Saved: nist_libs_0.5_wt_CeCl3_and_2.5_wt_SmCl3_and_1.0_wt_BaCl2.csv
[Run 4041/560000] ✅ Saved: nist_libs_0.5_wt_CeCl3_and_2.5_wt_SmCl3_and_0.5_wt_BaCl2.csv
[Run 4043/560000] ✅ Saved: nist_libs_0.5_wt_CeCl3_and_2.5_wt_SmCl3_and_1.5_wt_BaCl2.csv
[Run 4044/560000] ✅ Saved: nist_libs_0.5_wt_CeCl3_and_2.5_wt_SmCl3_and_2.0_wt_BaCl2.csv
[Run 4045/560000] ✅ Saved: nist_libs_0.5_wt_CeCl3_and_2.5_wt_SmCl3_and_2.5_wt_BaCl2.csv
[Run 4047/560000] ✅ Saved: nist_libs_0.5_wt_CeCl3_and_2.5_wt_SmCl3_and_3.5_wt_BaCl2.csv
[Run 4046/560000] ✅ Saved: nist_libs_0.5_wt_CeCl3_and_2.5_wt_SmCl3_and_3.0_wt_BaCl2.csv
[Run 4048/560000] ✅ Saved: nist_libs_0.5_wt_CeCl3_and_2.5_wt_SmCl3_and_4.0_wt_BaCl2.csv
[Run 4049/560000] ✅ Saved: nist_libs_0.5_wt_CeCl3_and_2.5_wt_SmCl3_and_4.5_wt_BaCl2.csv
[Run 4050/560000] ✅ Saved: nist_libs_0.5_wt_CeCl3_and_2.5_wt_SmCl3_and_5.0_wt_BaCl2.csv
[Run 4051/560000] ✅ Saved: nist_libs_0.5_wt_CeCl3_and_3.0_wt_SmCl3_and_0.5_wt_BaCl2.csv
[Run 4052/560000] ✅ Saved: nist_libs_0.5_wt_CeCl3_and_3.0_wt_SmCl3_and_1.0_wt_BaCl2.csv
[Run 4053/560000] ✅ Saved: nist_libs_0.5_wt_CeCl3_and_3.0_wt_SmCl3_and_1.5_wt_BaCl2.csv
[Run 4054/560000] ✅ Saved: nist_libs_0.5_wt_CeCl3_and_3.0_wt_SmCl3_and_2.0_wt_BaCl2.csv
[Run 4055/560000] ✅ Saved: nist_libs_0.5_wt_CeCl3_and_3.0_wt_SmCl3_and_2.5_wt_BaCl2.csv
[Run 4056/560000] ✅ Saved: nist_libs_0.5_wt_CeCl3_and_3.0_wt_SmCl3_and_3.0_wt_BaCl2.csv
[Run 4057/560000] ✅ Saved: nist_libs_0.5_wt_CeCl3_and_3.0_wt_SmCl3_and_3.5_wt_BaCl2.csv
[Run 4058/560000] ✅ Saved: nist_libs_0.5_wt_CeCl3_and_3.0_wt_SmCl3_and_4.0_wt_BaCl2.csv
[Run 4059/560000] ✅ Saved: nist_libs_0.5_wt_CeCl3_and_3.0_wt_SmCl3_and_4.5_wt_BaCl2.csv
[Run 4060/560000] ✅ Saved: nist_libs_0.5_wt_CeCl3_and_3.0_wt_SmCl3_and_5.0_wt_BaCl2.csv
[Run 4061/560000] ✅ Saved: nist_libs_0.5_wt_CeCl3_and_3.5_wt_SmCl3_and_0.5_wt_BaCl2.csv
[Run 4062/560000] ✅ Saved: nist_libs_0.5_wt_CeCl3_and_3.5_wt_SmCl3_and_1.0_wt_BaCl2.csv
[Run 4063/560000] ✅ Saved: nist_libs_0.5_wt_CeCl3_and_3.5_wt_SmCl3_and_1.5_wt_BaCl2.csv
[Run 4064/560000] ✅ Saved: nist_libs_0.5_wt_CeCl3_and_3.5_wt_SmCl3_and_2.0_wt_BaCl2.csv
[Run 4066/560000] ✅ Saved: nist_libs_0.5_wt_CeCl3_and_3.5_wt_SmCl3_and_3.0_wt_BaCl2.csv
[Run 4065/560000] ✅ Saved: nist_libs_0.5_wt_CeCl3_and_3.5_wt_SmCl3_and_2.5_wt_BaCl2.csv
[Run 4067/560000] ✅ Saved: nist_libs_0.5_wt_CeCl3_and_3.5_wt_SmCl3_and_3.5_wt_BaCl2.csv
[Run 4068/560000] ✅ Saved: nist_libs_0.5_wt_CeCl3_and_3.5_wt_SmCl3_and_4.0_wt_BaCl2.csv
[Run 4069/560000] ✅ Saved: nist_libs_0.5_wt_CeCl3_and_3.5_wt_SmCl3_and_4.5_wt_BaCl2.csv
[Run 4070/560000] ✅ Saved: nist_libs_0.5_wt_CeCl3_and_3.5_wt_SmCl3_and_5.0_wt_BaCl2.csv
[Run 4071/560000] ✅ Saved: nist_libs_0.5_wt_CeCl3_and_4.0_wt_SmCl3_and_0.5_wt_BaCl2.csv
[Run 4072/560000] ✅ Saved: nist_libs_0.5_wt_CeCl3_and_4.0_wt_SmCl3_and_1.0_wt_BaCl2.csv
[Run 4073/560000] ✅ Saved: nist_libs_0.5_wt_CeCl3_and_4.0_wt_SmCl3_and_1.5_wt_BaCl2.csv
[Run 4074/560000] ✅ Saved: nist_libs_0.5_wt_CeCl3_and_4.0_wt_SmCl3_and_2.0_wt_BaCl2.csv
[Run 4075/560000] ✅ Saved: nist_libs_0.5_wt_CeCl3_and_4.0_wt_SmCl3_and_2.5_wt_BaCl2.csv
[Run 4076/560000] ✅ Saved: nist_libs_0.5_wt_CeCl3_and_4.0_wt_SmCl3_and_3.0_wt_BaCl2.csv
[Run 4077/560000] ✅ Saved: nist_libs_0.5_wt_CeCl3_and_4.0_wt_SmCl3_and_3.5_wt_BaCl2.csv
[Run 4078/560000] ✅ Saved: nist_libs_0.5_wt_CeCl3_and_4.0_wt_SmCl3_and_4.0_wt_BaCl2.csv
[Run 4079/560000] ✅ Saved: nist_libs_0.5_wt_CeCl3_and_4.0_wt_SmCl3_and_4.5_wt_BaCl2.csv
[Run 4080/560000] ✅ Saved: nist_libs_0.5_wt_CeCl3_and_4.0_wt_SmCl3_and_5.0_wt_BaCl2.csv
[Run 4081/560000] ✅ Saved: nist_libs_0.5_wt_CeCl3_and_4.5_wt_SmCl3_and_0.5_wt_BaCl2.csv
[Run 4082/560000] ✅ Saved: nist_libs_0.5_wt_CeCl3_and_4.5_wt_SmCl3_and_1.0_wt_BaCl2.csv
[Run 4083/560000] ✅ Saved: nist_libs_0.5_wt_CeCl3_and_4.5_wt_SmCl3_and_1.5_wt_BaCl2.csv
[Run 4084/560000] ✅ Saved: nist_libs_0.5_wt_CeCl3_and_4.5_wt_SmCl3_and_2.0_wt_BaCl2.csv
[Run 4085/560000] ✅ Saved: nist_libs_0.5_wt_CeCl3_and_4.5_wt_SmCl3_and_2.5_wt_BaCl2.csv
[Run 4086/560000] ✅ Saved: nist_libs_0.5_wt_CeCl3_and_4.5_wt_SmCl3_and_3.0_wt_BaCl2.csv
[Run 4087/560000] ✅ Saved: nist_libs_0.5_wt_CeCl3_and_4.5_wt_SmCl3_and_3.5_wt_BaCl2.csv
[Run 4088/560000] ✅ Saved: nist_libs_0.5_wt_CeCl3_and_4.5_wt_SmCl3_and_4.0_wt_BaCl2.csv
[Run 4089/560000] ✅ Saved: nist_libs_0.5_wt_CeCl3_and_4.5_wt_SmCl3_and_4.5_wt_BaCl2.csv
[Run 4090/560000] ✅ Saved: nist_libs_0.5_wt_CeCl3_and_4.5_wt_SmCl3_and_5.0_wt_BaCl2.csv
[Run 4091/560000] ✅ Saved: nist_libs_0.5_wt_CeCl3_and_5.0_wt_SmCl3_and_0.5_wt_BaCl2.csv
[Run 4092/560000] ✅ Saved: nist_libs_0.5_wt_CeCl3_and_5.0_wt_SmCl3_and_1.0_wt_BaCl2.csv
[Run 4093/560000] ✅ Saved: nist_libs_0.5_wt_CeCl3_and_5.0_wt_SmCl3_and_1.5_wt_BaCl2.csv
[Run 4094/560000] ✅ Saved: nist_libs_0.5_wt_CeCl3_and_5.0_wt_SmCl3_and_2.0_wt_BaCl2.csv
[Run 4095/560000] ✅ Saved: nist_libs_0.5_wt_CeCl3_and_5.0_wt_SmCl3_and_2.5_wt_BaCl2.csv
[Run 4096/560000] ✅ Saved: nist_libs_0.5_wt_CeCl3_and_5.0_wt_SmCl3_and_3.0_wt_BaCl2.csv
[Run 4097/560000] ✅ Saved: nist_libs_0.5_wt_CeCl3_and_5.0_wt_SmCl3_and_3.5_wt_BaCl2.csv
[Run 4098/560000] ✅ Saved: nist_libs_0.5_wt_CeCl3_and_5.0_wt_SmCl3_and_4.0_wt_BaCl2.csv
[Run 4099/560000] ✅ Saved: nist_libs_0.5_wt_CeCl3_and_5.0_wt_SmCl3_and_4.5_wt_BaCl2.csv
[Run 4100/560000] ✅ Saved: nist_libs_0.5_wt_CeCl3_and_5.0_wt_SmCl3_and_5.0_wt_BaCl2.csv
[Run 4101/560000] ✅ Saved: nist_libs_1.0_wt_CeCl3_and_0.5_wt_SmCl3_and_0.5_wt_BaCl2.csv
[Run 4102/560000] ✅ Saved: nist_libs_1.0_wt_CeCl3_and_0.5_wt_SmCl3_and_1.0_wt_BaCl2.csv
[Run 4103/560000] ✅ Saved: nist_libs_1.0_wt_CeCl3_and_0.5_wt_SmCl3_and_1.5_wt_BaCl2.csv
[Run 4104/560000] ✅ Saved: nist_libs_1.0_wt_CeCl3_and_0.5_wt_SmCl3_and_2.0_wt_BaCl2.csv
[Run 4105/560000] ✅ Saved: nist_libs_1.0_wt_CeCl3_and_0.5_wt_SmCl3_and_2.5_wt_BaCl2.csv
[Run 4106/560000] ✅ Saved: nist_libs_1.0_wt_CeCl3_and_0.5_wt_SmCl3_and_3.0_wt_BaCl2.csv
[Run 4107/560000] ✅ Saved: nist_libs_1.0_wt_CeCl3_and_0.5_wt_SmCl3_and_3.5_wt_BaCl2.csv
[Run 4108/560000] ✅ Saved: nist_libs_1.0_wt_CeCl3_and_0.5_wt_SmCl3_and_4.0_wt_BaCl2.csv
[Run 4109/560000] ✅ Saved: nist_libs_1.0_wt_CeCl3_and_0.5_wt_SmCl3_and_4.5_wt_BaCl2.csv
[Run 4110/560000] ✅ Saved: nist_libs_1.0_wt_CeCl3_and_0.5_wt_SmCl3_and_5.0_wt_BaCl2.csv
[Run 4112/560000] ✅ Saved: nist_libs_1.0_wt_CeCl3_and_1.0_wt_SmCl3_and_1.0_wt_BaCl2.csv
[Run 4111/560000] ✅ Saved: nist_libs_1.0_wt_CeCl3_and_1.0_wt_SmCl3_and_0.5_wt_BaCl2.csv
[Run 4113/560000] ✅ Saved: nist_libs_1.0_wt_CeCl3_and_1.0_wt_SmCl3_and_1.5_wt_BaCl2.csv
[Run 4114/560000] ✅ Saved: nist_libs_1.0_wt_CeCl3_and_1.0_wt_SmCl3_and_2.0_wt_BaCl2.csv
[Run 4115/560000] ✅ Saved: nist_libs_1.0_wt_CeCl3_and_1.0_wt_SmCl3_and_2.5_wt_BaCl2.csv
[Run 4116/560000] ✅ Saved: nist_libs_1.0_wt_CeCl3_and_1.0_wt_SmCl3_and_3.0_wt_BaCl2.csv
[Run 4118/560000] ✅ Saved: nist_libs_1.0_wt_CeCl3_and_1.0_wt_SmCl3_and_4.0_wt_BaCl2.csv
[Run 4117/560000] ✅ Saved: nist_libs_1.0_wt_CeCl3_and_1.0_wt_SmCl3_and_3.5_wt_BaCl2.csv
[Run 4119/560000] ✅ Saved: nist_libs_1.0_wt_CeCl3_and_1.0_wt_SmCl3_and_4.5_wt_BaCl2.csv
[Run 4120/560000] ✅ Saved: nist_libs_1.0_wt_CeCl3_and_1.0_wt_SmCl3_and_5.0_wt_BaCl2.csv
[Run 4122/560000] ✅ Saved: nist_libs_1.0_wt_CeCl3_and_1.5_wt_SmCl3_and_1.0_wt_BaCl2.csv
[Run 4121/560000] ✅ Saved: nist_libs_1.0_wt_CeCl3_and_1.5_wt_SmCl3_and_0.5_wt_BaCl2.csv
[Run 4123/560000] ✅ Saved: nist_libs_1.0_wt_CeCl3_and_1.5_wt_SmCl3_and_1.5_wt_BaCl2.csv
[Run 4124/560000] ✅ Saved: nist_libs_1.0_wt_CeCl3_and_1.5_wt_SmCl3_and_2.0_wt_BaCl2.csv
[Run 4125/560000] ✅ Saved: nist_libs_1.0_wt_CeCl3_and_1.5_wt_SmCl3_and_2.5_wt_BaCl2.csv
[Run 4126/560000] ✅ Saved: nist_libs_1.0_wt_CeCl3_and_1.5_wt_SmCl3_and_3.0_wt_BaCl2.csv
[Run 4127/560000] ✅ Saved: nist_libs_1.0_wt_CeCl3_and_1.5_wt_SmCl3_and_3.5_wt_BaCl2.csv
[Run 4128/560000] ✅ Saved: nist_libs_1.0_wt_CeCl3_and_1.5_wt_SmCl3_and_4.0_wt_BaCl2.csv
[Run 4129/560000] ✅ Saved: nist_libs_1.0_wt_CeCl3_and_1.5_wt_SmCl3_and_4.5_wt_BaCl2.csv
[Run 4130/560000] ✅ Saved: nist_libs_1.0_wt_CeCl3_and_1.5_wt_SmCl3_and_5.0_wt_BaCl2.csv
[Run 4131/560000] ✅ Saved: nist_libs_1.0_wt_CeCl3_and_2.0_wt_SmCl3_and_0.5_wt_BaCl2.csv
[Run 4132/560000] ✅ Saved: nist_libs_1.0_wt_CeCl3_and_2.0_wt_SmCl3_and_1.0_wt_BaCl2.csv
[Run 4133/560000] ✅ Saved: nist_libs_1.0_wt_CeCl3_and_2.0_wt_SmCl3_and_1.5_wt_BaCl2.csv
[Run 4134/560000] ✅ Saved: nist_libs_1.0_wt_CeCl3_and_2.0_wt_SmCl3_and_2.0_wt_BaCl2.csv
[Run 4135/560000] ✅ Saved: nist_libs_1.0_wt_CeCl3_and_2.0_wt_SmCl3_and_2.5_wt_BaCl2.csv
[Run 4136/560000] ✅ Saved: nist_libs_1.0_wt_CeCl3_and_2.0_wt_SmCl3_and_3.0_wt_BaCl2.csv
[Run 4137/560000] ✅ Saved: nist_libs_1.0_wt_CeCl3_and_2.0_wt_SmCl3_and_3.5_wt_BaCl2.csv
[Run 4138/560000] ✅ Saved: nist_libs_1.0_wt_CeCl3_and_2.0_wt_SmCl3_and_4.0_wt_BaCl2.csv
[Run 4139/560000] ✅ Saved: nist_libs_1.0_wt_CeCl3_and_2.0_wt_SmCl3_and_4.5_wt_BaCl2.csv
[Run 4140/560000] ✅ Saved: nist_libs_1.0_wt_CeCl3_and_2.0_wt_SmCl3_and_5.0_wt_BaCl2.csv
[Run 4141/560000] ✅ Saved: nist_libs_1.0_wt_CeCl3_and_2.5_wt_SmCl3_and_0.5_wt_BaCl2.csv
[Run 4142/560000] ✅ Saved: nist_libs_1.0_wt_CeCl3_and_2.5_wt_SmCl3_and_1.0_wt_BaCl2.csv
[Run 4143/560000] ✅ Saved: nist_libs_1.0_wt_CeCl3_and_2.5_wt_SmCl3_and_1.5_wt_BaCl2.csv
[Run 4145/560000] ✅ Saved: nist_libs_1.0_wt_CeCl3_and_2.5_wt_SmCl3_and_2.5_wt_BaCl2.csv
[Run 4144/560000] ✅ Saved: nist_libs_1.0_wt_CeCl3_and_2.5_wt_SmCl3_and_2.0_wt_BaCl2.csv
[Run 4146/560000] ✅ Saved: nist_libs_1.0_wt_CeCl3_and_2.5_wt_SmCl3_and_3.0_wt_BaCl2.csv
[Run 4147/560000] ✅ Saved: nist_libs_1.0_wt_CeCl3_and_2.5_wt_SmCl3_and_3.5_wt_BaCl2.csv
[Run 4149/560000] ✅ Saved: nist_libs_1.0_wt_CeCl3_and_2.5_wt_SmCl3_and_4.5_wt_BaCl2.csv
[Run 4148/560000] ✅ Saved: nist_libs_1.0_wt_CeCl3_and_2.5_wt_SmCl3_and_4.0_wt_BaCl2.csv
[Run 4150/560000] ✅ Saved: nist_libs_1.0_wt_CeCl3_and_2.5_wt_SmCl3_and_5.0_wt_BaCl2.csv
[Run 4151/560000] ✅ Saved: nist_libs_1.0_wt_CeCl3_and_3.0_wt_SmCl3_and_0.5_wt_BaCl2.csv
[Run 4153/560000] ✅ Saved: nist_libs_1.0_wt_CeCl3_and_3.0_wt_SmCl3_and_1.5_wt_BaCl2.csv
[Run 4152/560000] ✅ Saved: nist_libs_1.0_wt_CeCl3_and_3.0_wt_SmCl3_and_1.0_wt_BaCl2.csv
[Run 4155/560000] ✅ Saved: nist_libs_1.0_wt_CeCl3_and_3.0_wt_SmCl3_and_2.5_wt_BaCl2.csv
[Run 4154/560000] ✅ Saved: nist_libs_1.0_wt_CeCl3_and_3.0_wt_SmCl3_and_2.0_wt_BaCl2.csv
[Run 4156/560000] ✅ Saved: nist_libs_1.0_wt_CeCl3_and_3.0_wt_SmCl3_and_3.0_wt_BaCl2.csv
[Run 4157/560000] ✅ Saved: nist_libs_1.0_wt_CeCl3_and_3.0_wt_SmCl3_and_3.5_wt_BaCl2.csv
[Run 4158/560000] ✅ Saved: nist_libs_1.0_wt_CeCl3_and_3.0_wt_SmCl3_and_4.0_wt_BaCl2.csv
[Run 4159/560000] ✅ Saved: nist_libs_1.0_wt_CeCl3_and_3.0_wt_SmCl3_and_4.5_wt_BaCl2.csv
[Run 4160/560000] ✅ Saved: nist_libs_1.0_wt_CeCl3_and_3.0_wt_SmCl3_and_5.0_wt_BaCl2.csv
[Run 4161/560000] ✅ Saved: nist_libs_1.0_wt_CeCl3_and_3.5_wt_SmCl3_and_0.5_wt_BaCl2.csv
[Run 4163/560000] ✅ Saved: nist_libs_1.0_wt_CeCl3_and_3.5_wt_SmCl3_and_1.5_wt_BaCl2.csv
[Run 4162/560000] ✅ Saved: nist_libs_1.0_wt_CeCl3_and_3.5_wt_SmCl3_and_1.0_wt_BaCl2.csv
[Run 4164/560000] ✅ Saved: nist_libs_1.0_wt_CeCl3_and_3.5_wt_SmCl3_and_2.0_wt_BaCl2.csv
[Run 4165/560000] ✅ Saved: nist_libs_1.0_wt_CeCl3_and_3.5_wt_SmCl3_and_2.5_wt_BaCl2.csv
[Run 4167/560000] ✅ Saved: nist_libs_1.0_wt_CeCl3_and_3.5_wt_SmCl3_and_3.5_wt_BaCl2.csv
[Run 4166/560000] ✅ Saved: nist_libs_1.0_wt_CeCl3_and_3.5_wt_SmCl3_and_3.0_wt_BaCl2.csv
[Run 4168/560000] ✅ Saved: nist_libs_1.0_wt_CeCl3_and_3.5_wt_SmCl3_and_4.0_wt_BaCl2.csv
[Run 4169/560000] ✅ Saved: nist_libs_1.0_wt_CeCl3_and_3.5_wt_SmCl3_and_4.5_wt_BaCl2.csv
[Run 4170/560000] ✅ Saved: nist_libs_1.0_wt_CeCl3_and_3.5_wt_SmCl3_and_5.0_wt_BaCl2.csv
[Run 4171/560000] ✅ Saved: nist_libs_1.0_wt_CeCl3_and_4.0_wt_SmCl3_and_0.5_wt_BaCl2.csv
[Run 4172/560000] ✅ Saved: nist_libs_1.0_wt_CeCl3_and_4.0_wt_SmCl3_and_1.0_wt_BaCl2.csv
[Run 4173/560000] ✅ Saved: nist_libs_1.0_wt_CeCl3_and_4.0_wt_SmCl3_and_1.5_wt_BaCl2.csv
[Run 4174/560000] ✅ Saved: nist_libs_1.0_wt_CeCl3_and_4.0_wt_SmCl3_and_2.0_wt_BaCl2.csv
[Run 4175/560000] ✅ Saved: nist_libs_1.0_wt_CeCl3_and_4.0_wt_SmCl3_and_2.5_wt_BaCl2.csv
[Run 4177/560000] ✅ Saved: nist_libs_1.0_wt_CeCl3_and_4.0_wt_SmCl3_and_3.5_wt_BaCl2.csv
[Run 4176/560000] ✅ Saved: nist_libs_1.0_wt_CeCl3_and_4.0_wt_SmCl3_and_3.0_wt_BaCl2.csv
[Run 4179/560000] ✅ Saved: nist_libs_1.0_wt_CeCl3_and_4.0_wt_SmCl3_and_4.5_wt_BaCl2.csv
[Run 4178/560000] ✅ Saved: nist_libs_1.0_wt_CeCl3_and_4.0_wt_SmCl3_and_4.0_wt_BaCl2.csv
[Run 4180/560000] ✅ Saved: nist_libs_1.0_wt_CeCl3_and_4.0_wt_SmCl3_and_5.0_wt_BaCl2.csv
[Run 4181/560000] ✅ Saved: nist_libs_1.0_wt_CeCl3_and_4.5_wt_SmCl3_and_0.5_wt_BaCl2.csv
[Run 4182/560000] ✅ Saved: nist_libs_1.0_wt_CeCl3_and_4.5_wt_SmCl3_and_1.0_wt_BaCl2.csv
[Run 4183/560000] ✅ Saved: nist_libs_1.0_wt_CeCl3_and_4.5_wt_SmCl3_and_1.5_wt_BaCl2.csv
[Run 4184/560000] ✅ Saved: nist_libs_1.0_wt_CeCl3_and_4.5_wt_SmCl3_and_2.0_wt_BaCl2.csv
[Run 4185/560000] ✅ Saved: nist_libs_1.0_wt_CeCl3_and_4.5_wt_SmCl3_and_2.5_wt_BaCl2.csv
[Run 4187/560000] ✅ Saved: nist_libs_1.0_wt_CeCl3_and_4.5_wt_SmCl3_and_3.5_wt_BaCl2.csv
[Run 4186/560000] ✅ Saved: nist_libs_1.0_wt_CeCl3_and_4.5_wt_SmCl3_and_3.0_wt_BaCl2.csv
[Run 4188/560000] ✅ Saved: nist_libs_1.0_wt_CeCl3_and_4.5_wt_SmCl3_and_4.0_wt_BaCl2.csv
[Run 4189/560000] ✅ Saved: nist_libs_1.0_wt_CeCl3_and_4.5_wt_SmCl3_and_4.5_wt_BaCl2.csv
[Run 4190/560000] ✅ Saved: nist_libs_1.0_wt_CeCl3_and_4.5_wt_SmCl3_and_5.0_wt_BaCl2.csv
[Run 4191/560000] ✅ Saved: nist_libs_1.0_wt_CeCl3_and_5.0_wt_SmCl3_and_0.5_wt_BaCl2.csv
[Run 4192/560000] ✅ Saved: nist_libs_1.0_wt_CeCl3_and_5.0_wt_SmCl3_and_1.0_wt_BaCl2.csv
[Run 4193/560000] ✅ Saved: nist_libs_1.0_wt_CeCl3_and_5.0_wt_SmCl3_and_1.5_wt_BaCl2.csv
[Run 4195/560000] ✅ Saved: nist_libs_1.0_wt_CeCl3_and_5.0_wt_SmCl3_and_2.5_wt_BaCl2.csv
[Run 4194/560000] ✅ Saved: nist_libs_1.0_wt_CeCl3_and_5.0_wt_SmCl3_and_2.0_wt_BaCl2.csv
[Run 4196/560000] ✅ Saved: nist_libs_1.0_wt_CeCl3_and_5.0_wt_SmCl3_and_3.0_wt_BaCl2.csv
[Run 4197/560000] ✅ Saved: nist_libs_1.0_wt_CeCl3_and_5.0_wt_SmCl3_and_3.5_wt_BaCl2.csv
[Run 4198/560000] ✅ Saved: nist_libs_1.0_wt_CeCl3_and_5.0_wt_SmCl3_and_4.0_wt_BaCl2.csv
[Run 4199/560000] ✅ Saved: nist_libs_1.0_wt_CeCl3_and_5.0_wt_SmCl3_and_4.5_wt_BaCl2.csv
[Run 4200/560000] ✅ Saved: nist_libs_1.0_wt_CeCl3_and_5.0_wt_SmCl3_and_5.0_wt_BaCl2.csv
[Run 4201/560000] ✅ Saved: nist_libs_1.5_wt_CeCl3_and_0.5_wt_SmCl3_and_0.5_wt_BaCl2.csv
[Run 4202/560000] ✅ Saved: nist_libs_1.5_wt_CeCl3_and_0.5_wt_SmCl3_and_1.0_wt_BaCl2.csv
[Run 4203/560000] ✅ Saved: nist_libs_1.5_wt_CeCl3_and_0.5_wt_SmCl3_and_1.5_wt_BaCl2.csv
[Run 4204/560000] ✅ Saved: nist_libs_1.5_wt_CeCl3_and_0.5_wt_SmCl3_and_2.0_wt_BaCl2.csv
[Run 4207/560000] ✅ Saved: nist_libs_1.5_wt_CeCl3_and_0.5_wt_SmCl3_and_3.5_wt_BaCl2.csv
[Run 4206/560000] ✅ Saved: nist_libs_1.5_wt_CeCl3_and_0.5_wt_SmCl3_and_3.0_wt_BaCl2.csv
[Run 4205/560000] ✅ Saved: nist_libs_1.5_wt_CeCl3_and_0.5_wt_SmCl3_and_2.5_wt_BaCl2.csv
[Run 4208/560000] ✅ Saved: nist_libs_1.5_wt_CeCl3_and_0.5_wt_SmCl3_and_4.0_wt_BaCl2.csv
[Run 4209/560000] ✅ Saved: nist_libs_1.5_wt_CeCl3_and_0.5_wt_SmCl3_and_4.5_wt_BaCl2.csv
[Run 4210/560000] ✅ Saved: nist_libs_1.5_wt_CeCl3_and_0.5_wt_SmCl3_and_5.0_wt_BaCl2.csv
[Run 4211/560000] ✅ Saved: nist_libs_1.5_wt_CeCl3_and_1.0_wt_SmCl3_and_0.5_wt_BaCl2.csv
[Run 4212/560000] ✅ Saved: nist_libs_1.5_wt_CeCl3_and_1.0_wt_SmCl3_and_1.0_wt_BaCl2.csv
[Run 4213/560000] ✅ Saved: nist_libs_1.5_wt_CeCl3_and_1.0_wt_SmCl3_and_1.5_wt_BaCl2.csv
[Run 4214/560000] ✅ Saved: nist_libs_1.5_wt_CeCl3_and_1.0_wt_SmCl3_and_2.0_wt_BaCl2.csv
[Run 4215/560000] ✅ Saved: nist_libs_1.5_wt_CeCl3_and_1.0_wt_SmCl3_and_2.5_wt_BaCl2.csv
[Run 4216/560000] ✅ Saved: nist_libs_1.5_wt_CeCl3_and_1.0_wt_SmCl3_and_3.0_wt_BaCl2.csv
[Run 4218/560000] ✅ Saved: nist_libs_1.5_wt_CeCl3_and_1.0_wt_SmCl3_and_4.0_wt_BaCl2.csv
[Run 4219/560000] ✅ Saved: nist_libs_1.5_wt_CeCl3_and_1.0_wt_SmCl3_and_4.5_wt_BaCl2.csv
[Run 4217/560000] ✅ Saved: nist_libs_1.5_wt_CeCl3_and_1.0_wt_SmCl3_and_3.5_wt_BaCl2.csv
[Run 4220/560000] ✅ Saved: nist_libs_1.5_wt_CeCl3_and_1.0_wt_SmCl3_and_5.0_wt_BaCl2.csv
[Run 4221/560000] ✅ Saved: nist_libs_1.5_wt_CeCl3_and_1.5_wt_SmCl3_and_0.5_wt_BaCl2.csv
[Run 4223/560000] ✅ Saved: nist_libs_1.5_wt_CeCl3_and_1.5_wt_SmCl3_and_1.5_wt_BaCl2.csv
[Run 4222/560000] ✅ Saved: nist_libs_1.5_wt_CeCl3_and_1.5_wt_SmCl3_and_1.0_wt_BaCl2.csv
[Run 4224/560000] ✅ Saved: nist_libs_1.5_wt_CeCl3_and_1.5_wt_SmCl3_and_2.0_wt_BaCl2.csv
[Run 4225/560000] ✅ Saved: nist_libs_1.5_wt_CeCl3_and_1.5_wt_SmCl3_and_2.5_wt_BaCl2.csv
[Run 4227/560000] ✅ Saved: nist_libs_1.5_wt_CeCl3_and_1.5_wt_SmCl3_and_3.5_wt_BaCl2.csv
[Run 4226/560000] ✅ Saved: nist_libs_1.5_wt_CeCl3_and_1.5_wt_SmCl3_and_3.0_wt_BaCl2.csv
[Run 4228/560000] ✅ Saved: nist_libs_1.5_wt_CeCl3_and_1.5_wt_SmCl3_and_4.0_wt_BaCl2.csv
[Run 4229/560000] ✅ Saved: nist_libs_1.5_wt_CeCl3_and_1.5_wt_SmCl3_and_4.5_wt_BaCl2.csv
[Run 4230/560000] ✅ Saved: nist_libs_1.5_wt_CeCl3_and_1.5_wt_SmCl3_and_5.0_wt_BaCl2.csv
[Run 4231/560000] ✅ Saved: nist_libs_1.5_wt_CeCl3_and_2.0_wt_SmCl3_and_0.5_wt_BaCl2.csv
[Run 4232/560000] ✅ Saved: nist_libs_1.5_wt_CeCl3_and_2.0_wt_SmCl3_and_1.0_wt_BaCl2.csv
[Run 4233/560000] ✅ Saved: nist_libs_1.5_wt_CeCl3_and_2.0_wt_SmCl3_and_1.5_wt_BaCl2.csv
[Run 4234/560000] ✅ Saved: nist_libs_1.5_wt_CeCl3_and_2.0_wt_SmCl3_and_2.0_wt_BaCl2.csv
[Run 4235/560000] ✅ Saved: nist_libs_1.5_wt_CeCl3_and_2.0_wt_SmCl3_and_2.5_wt_BaCl2.csv
[Run 4237/560000] ✅ Saved: nist_libs_1.5_wt_CeCl3_and_2.0_wt_SmCl3_and_3.5_wt_BaCl2.csv
[Run 4236/560000] ✅ Saved: nist_libs_1.5_wt_CeCl3_and_2.0_wt_SmCl3_and_3.0_wt_BaCl2.csv
[Run 4238/560000] ✅ Saved: nist_libs_1.5_wt_CeCl3_and_2.0_wt_SmCl3_and_4.0_wt_BaCl2.csv
[Run 4239/560000] ✅ Saved: nist_libs_1.5_wt_CeCl3_and_2.0_wt_SmCl3_and_4.5_wt_BaCl2.csv
[Run 4241/560000] ✅ Saved: nist_libs_1.5_wt_CeCl3_and_2.5_wt_SmCl3_and_0.5_wt_BaCl2.csv
[Run 4240/560000] ✅ Saved: nist_libs_1.5_wt_CeCl3_and_2.0_wt_SmCl3_and_5.0_wt_BaCl2.csv
[Run 4242/560000] ✅ Saved: nist_libs_1.5_wt_CeCl3_and_2.5_wt_SmCl3_and_1.0_wt_BaCl2.csv
[Run 4243/560000] ✅ Saved: nist_libs_1.5_wt_CeCl3_and_2.5_wt_SmCl3_and_1.5_wt_BaCl2.csv
[Run 4245/560000] ✅ Saved: nist_libs_1.5_wt_CeCl3_and_2.5_wt_SmCl3_and_2.5_wt_BaCl2.csv
[Run 4244/560000] ✅ Saved: nist_libs_1.5_wt_CeCl3_and_2.5_wt_SmCl3_and_2.0_wt_BaCl2.csv
[Run 4246/560000] ✅ Saved: nist_libs_1.5_wt_CeCl3_and_2.5_wt_SmCl3_and_3.0_wt_BaCl2.csv
[Run 4247/560000] ✅ Saved: nist_libs_1.5_wt_CeCl3_and_2.5_wt_SmCl3_and_3.5_wt_BaCl2.csv
[Run 4249/560000] ✅ Saved: nist_libs_1.5_wt_CeCl3_and_2.5_wt_SmCl3_and_4.5_wt_BaCl2.csv
[Run 4248/560000] ✅ Saved: nist_libs_1.5_wt_CeCl3_and_2.5_wt_SmCl3_and_4.0_wt_BaCl2.csv
[Run 4250/560000] ✅ Saved: nist_libs_1.5_wt_CeCl3_and_2.5_wt_SmCl3_and_5.0_wt_BaCl2.csv
[Run 4251/560000] ✅ Saved: nist_libs_1.5_wt_CeCl3_and_3.0_wt_SmCl3_and_0.5_wt_BaCl2.csv
[Run 4252/560000] ✅ Saved: nist_libs_1.5_wt_CeCl3_and_3.0_wt_SmCl3_and_1.0_wt_BaCl2.csv
[Run 4253/560000] ✅ Saved: nist_libs_1.5_wt_CeCl3_and_3.0_wt_SmCl3_and_1.5_wt_BaCl2.csv
[Run 4254/560000] ✅ Saved: nist_libs_1.5_wt_CeCl3_and_3.0_wt_SmCl3_and_2.0_wt_BaCl2.csv
[Run 4255/560000] ✅ Saved: nist_libs_1.5_wt_CeCl3_and_3.0_wt_SmCl3_and_2.5_wt_BaCl2.csv
[Run 4256/560000] ✅ Saved: nist_libs_1.5_wt_CeCl3_and_3.0_wt_SmCl3_and_3.0_wt_BaCl2.csv
[Run 4257/560000] ✅ Saved: nist_libs_1.5_wt_CeCl3_and_3.0_wt_SmCl3_and_3.5_wt_BaCl2.csv
[Run 4258/560000] ✅ Saved: nist_libs_1.5_wt_CeCl3_and_3.0_wt_SmCl3_and_4.0_wt_BaCl2.csv
[Run 4259/560000] ✅ Saved: nist_libs_1.5_wt_CeCl3_and_3.0_wt_SmCl3_and_4.5_wt_BaCl2.csv
[Run 4260/560000] ✅ Saved: nist_libs_1.5_wt_CeCl3_and_3.0_wt_SmCl3_and_5.0_wt_BaCl2.csv
[Run 4261/560000] ✅ Saved: nist_libs_1.5_wt_CeCl3_and_3.5_wt_SmCl3_and_0.5_wt_BaCl2.csv
[Run 4262/560000] ✅ Saved: nist_libs_1.5_wt_CeCl3_and_3.5_wt_SmCl3_and_1.0_wt_BaCl2.csv
[Run 4263/560000] ✅ Saved: nist_libs_1.5_wt_CeCl3_and_3.5_wt_SmCl3_and_1.5_wt_BaCl2.csv
[Run 4264/560000] ✅ Saved: nist_libs_1.5_wt_CeCl3_and_3.5_wt_SmCl3_and_2.0_wt_BaCl2.csv
[Run 4265/560000] ✅ Saved: nist_libs_1.5_wt_CeCl3_and_3.5_wt_SmCl3_and_2.5_wt_BaCl2.csv
[Run 4266/560000] ✅ Saved: nist_libs_1.5_wt_CeCl3_and_3.5_wt_SmCl3_and_3.0_wt_BaCl2.csv
[Run 4267/560000] ✅ Saved: nist_libs_1.5_wt_CeCl3_and_3.5_wt_SmCl3_and_3.5_wt_BaCl2.csv
[Run 4268/560000] ✅ Saved: nist_libs_1.5_wt_CeCl3_and_3.5_wt_SmCl3_and_4.0_wt_BaCl2.csv
[Run 4269/560000] ✅ Saved: nist_libs_1.5_wt_CeCl3_and_3.5_wt_SmCl3_and_4.5_wt_BaCl2.csv
[Run 4270/560000] ✅ Saved: nist_libs_1.5_wt_CeCl3_and_3.5_wt_SmCl3_and_5.0_wt_BaCl2.csv
[Run 4271/560000] ✅ Saved: nist_libs_1.5_wt_CeCl3_and_4.0_wt_SmCl3_and_0.5_wt_BaCl2.csv
[Run 4272/560000] ✅ Saved: nist_libs_1.5_wt_CeCl3_and_4.0_wt_SmCl3_and_1.0_wt_BaCl2.csv
[Run 4273/560000] ✅ Saved: nist_libs_1.5_wt_CeCl3_and_4.0_wt_SmCl3_and_1.5_wt_BaCl2.csv
[Run 4275/560000] ✅ Saved: nist_libs_1.5_wt_CeCl3_and_4.0_wt_SmCl3_and_2.5_wt_BaCl2.csv
[Run 4274/560000] ✅ Saved: nist_libs_1.5_wt_CeCl3_and_4.0_wt_SmCl3_and_2.0_wt_BaCl2.csv
[Run 4276/560000] ✅ Saved: nist_libs_1.5_wt_CeCl3_and_4.0_wt_SmCl3_and_3.0_wt_BaCl2.csv
[Run 4277/560000] ✅ Saved: nist_libs_1.5_wt_CeCl3_and_4.0_wt_SmCl3_and_3.5_wt_BaCl2.csv
[Run 4278/560000] ✅ Saved: nist_libs_1.5_wt_CeCl3_and_4.0_wt_SmCl3_and_4.0_wt_BaCl2.csv
[Run 4279/560000] ✅ Saved: nist_libs_1.5_wt_CeCl3_and_4.0_wt_SmCl3_and_4.5_wt_BaCl2.csv
[Run 4281/560000] ✅ Saved: nist_libs_1.5_wt_CeCl3_and_4.5_wt_SmCl3_and_0.5_wt_BaCl2.csv
[Run 4280/560000] ✅ Saved: nist_libs_1.5_wt_CeCl3_and_4.0_wt_SmCl3_and_5.0_wt_BaCl2.csv
[Run 4282/560000] ✅ Saved: nist_libs_1.5_wt_CeCl3_and_4.5_wt_SmCl3_and_1.0_wt_BaCl2.csv
[Run 4283/560000] ✅ Saved: nist_libs_1.5_wt_CeCl3_and_4.5_wt_SmCl3_and_1.5_wt_BaCl2.csv
[Run 4284/560000] ✅ Saved: nist_libs_1.5_wt_CeCl3_and_4.5_wt_SmCl3_and_2.0_wt_BaCl2.csv
[Run 4285/560000] ✅ Saved: nist_libs_1.5_wt_CeCl3_and_4.5_wt_SmCl3_and_2.5_wt_BaCl2.csv
[Run 4286/560000] ✅ Saved: nist_libs_1.5_wt_CeCl3_and_4.5_wt_SmCl3_and_3.0_wt_BaCl2.csv
[Run 4287/560000] ✅ Saved: nist_libs_1.5_wt_CeCl3_and_4.5_wt_SmCl3_and_3.5_wt_BaCl2.csv
[Run 4288/560000] ✅ Saved: nist_libs_1.5_wt_CeCl3_and_4.5_wt_SmCl3_and_4.0_wt_BaCl2.csv
[Run 4289/560000] ✅ Saved: nist_libs_1.5_wt_CeCl3_and_4.5_wt_SmCl3_and_4.5_wt_BaCl2.csv
[Run 4290/560000] ✅ Saved: nist_libs_1.5_wt_CeCl3_and_4.5_wt_SmCl3_and_5.0_wt_BaCl2.csv
[Run 4291/560000] ✅ Saved: nist_libs_1.5_wt_CeCl3_and_5.0_wt_SmCl3_and_0.5_wt_BaCl2.csv
[Run 4292/560000] ✅ Saved: nist_libs_1.5_wt_CeCl3_and_5.0_wt_SmCl3_and_1.0_wt_BaCl2.csv
[Run 4293/560000] ✅ Saved: nist_libs_1.5_wt_CeCl3_and_5.0_wt_SmCl3_and_1.5_wt_BaCl2.csv
[Run 4295/560000] ✅ Saved: nist_libs_1.5_wt_CeCl3_and_5.0_wt_SmCl3_and_2.5_wt_BaCl2.csv
[Run 4294/560000] ✅ Saved: nist_libs_1.5_wt_CeCl3_and_5.0_wt_SmCl3_and_2.0_wt_BaCl2.csv
[Run 4297/560000] ✅ Saved: nist_libs_1.5_wt_CeCl3_and_5.0_wt_SmCl3_and_3.5_wt_BaCl2.csv
[Run 4296/560000] ✅ Saved: nist_libs_1.5_wt_CeCl3_and_5.0_wt_SmCl3_and_3.0_wt_BaCl2.csv
[Run 4299/560000] ✅ Saved: nist_libs_1.5_wt_CeCl3_and_5.0_wt_SmCl3_and_4.5_wt_BaCl2.csv
[Run 4298/560000] ✅ Saved: nist_libs_1.5_wt_CeCl3_and_5.0_wt_SmCl3_and_4.0_wt_BaCl2.csv
[Run 4300/560000] ✅ Saved: nist_libs_1.5_wt_CeCl3_and_5.0_wt_SmCl3_and_5.0_wt_BaCl2.csv
[Run 4301/560000] ✅ Saved: nist_libs_2.0_wt_CeCl3_and_0.5_wt_SmCl3_and_0.5_wt_BaCl2.csv
[Run 4302/560000] ✅ Saved: nist_libs_2.0_wt_CeCl3_and_0.5_wt_SmCl3_and_1.0_wt_BaCl2.csv
[Run 4303/560000] ✅ Saved: nist_libs_2.0_wt_CeCl3_and_0.5_wt_SmCl3_and_1.5_wt_BaCl2.csv
[Run 4304/560000] ✅ Saved: nist_libs_2.0_wt_CeCl3_and_0.5_wt_SmCl3_and_2.0_wt_BaCl2.csv
[Run 4305/560000] ✅ Saved: nist_libs_2.0_wt_CeCl3_and_0.5_wt_SmCl3_and_2.5_wt_BaCl2.csv
[Run 4306/560000] ✅ Saved: nist_libs_2.0_wt_CeCl3_and_0.5_wt_SmCl3_and_3.0_wt_BaCl2.csv
[Run 4307/560000] ✅ Saved: nist_libs_2.0_wt_CeCl3_and_0.5_wt_SmCl3_and_3.5_wt_BaCl2.csv
[Run 4308/560000] ✅ Saved: nist_libs_2.0_wt_CeCl3_and_0.5_wt_SmCl3_and_4.0_wt_BaCl2.csv
[Run 4309/560000] ✅ Saved: nist_libs_2.0_wt_CeCl3_and_0.5_wt_SmCl3_and_4.5_wt_BaCl2.csv
[Run 4310/560000] ✅ Saved: nist_libs_2.0_wt_CeCl3_and_0.5_wt_SmCl3_and_5.0_wt_BaCl2.csv
[Run 4311/560000] ✅ Saved: nist_libs_2.0_wt_CeCl3_and_1.0_wt_SmCl3_and_0.5_wt_BaCl2.csv
[Run 4312/560000] ✅ Saved: nist_libs_2.0_wt_CeCl3_and_1.0_wt_SmCl3_and_1.0_wt_BaCl2.csv
[Run 4313/560000] ✅ Saved: nist_libs_2.0_wt_CeCl3_and_1.0_wt_SmCl3_and_1.5_wt_BaCl2.csv
[Run 4314/560000] ✅ Saved: nist_libs_2.0_wt_CeCl3_and_1.0_wt_SmCl3_and_2.0_wt_BaCl2.csv
[Run 4315/560000] ✅ Saved: nist_libs_2.0_wt_CeCl3_and_1.0_wt_SmCl3_and_2.5_wt_BaCl2.csv
[Run 4316/560000] ✅ Saved: nist_libs_2.0_wt_CeCl3_and_1.0_wt_SmCl3_and_3.0_wt_BaCl2.csv
[Run 4317/560000] ✅ Saved: nist_libs_2.0_wt_CeCl3_and_1.0_wt_SmCl3_and_3.5_wt_BaCl2.csv
[Run 4318/560000] ✅ Saved: nist_libs_2.0_wt_CeCl3_and_1.0_wt_SmCl3_and_4.0_wt_BaCl2.csv
[Run 4319/560000] ✅ Saved: nist_libs_2.0_wt_CeCl3_and_1.0_wt_SmCl3_and_4.5_wt_BaCl2.csv
[Run 4320/560000] ✅ Saved: nist_libs_2.0_wt_CeCl3_and_1.0_wt_SmCl3_and_5.0_wt_BaCl2.csv
[Run 4322/560000] ✅ Saved: nist_libs_2.0_wt_CeCl3_and_1.5_wt_SmCl3_and_1.0_wt_BaCl2.csv
[Run 4321/560000] ✅ Saved: nist_libs_2.0_wt_CeCl3_and_1.5_wt_SmCl3_and_0.5_wt_BaCl2.csv
[Run 4323/560000] ✅ Saved: nist_libs_2.0_wt_CeCl3_and_1.5_wt_SmCl3_and_1.5_wt_BaCl2.csv
[Run 4324/560000] ✅ Saved: nist_libs_2.0_wt_CeCl3_and_1.5_wt_SmCl3_and_2.0_wt_BaCl2.csv
[Run 4326/560000] ✅ Saved: nist_libs_2.0_wt_CeCl3_and_1.5_wt_SmCl3_and_3.0_wt_BaCl2.csv
[Run 4325/560000] ✅ Saved: nist_libs_2.0_wt_CeCl3_and_1.5_wt_SmCl3_and_2.5_wt_BaCl2.csv
[Run 4327/560000] ✅ Saved: nist_libs_2.0_wt_CeCl3_and_1.5_wt_SmCl3_and_3.5_wt_BaCl2.csv
[Run 4328/560000] ✅ Saved: nist_libs_2.0_wt_CeCl3_and_1.5_wt_SmCl3_and_4.0_wt_BaCl2.csv
[Run 4329/560000] ✅ Saved: nist_libs_2.0_wt_CeCl3_and_1.5_wt_SmCl3_and_4.5_wt_BaCl2.csv
[Run 4331/560000] ✅ Saved: nist_libs_2.0_wt_CeCl3_and_2.0_wt_SmCl3_and_0.5_wt_BaCl2.csv
[Run 4330/560000] ✅ Saved: nist_libs_2.0_wt_CeCl3_and_1.5_wt_SmCl3_and_5.0_wt_BaCl2.csv
[Run 4332/560000] ✅ Saved: nist_libs_2.0_wt_CeCl3_and_2.0_wt_SmCl3_and_1.0_wt_BaCl2.csv
[Run 4333/560000] ✅ Saved: nist_libs_2.0_wt_CeCl3_and_2.0_wt_SmCl3_and_1.5_wt_BaCl2.csv
[Run 4335/560000] ✅ Saved: nist_libs_2.0_wt_CeCl3_and_2.0_wt_SmCl3_and_2.5_wt_BaCl2.csv
[Run 4334/560000] ✅ Saved: nist_libs_2.0_wt_CeCl3_and_2.0_wt_SmCl3_and_2.0_wt_BaCl2.csv
[Run 4336/560000] ✅ Saved: nist_libs_2.0_wt_CeCl3_and_2.0_wt_SmCl3_and_3.0_wt_BaCl2.csv
[Run 4337/560000] ✅ Saved: nist_libs_2.0_wt_CeCl3_and_2.0_wt_SmCl3_and_3.5_wt_BaCl2.csv
[Run 4339/560000] ✅ Saved: nist_libs_2.0_wt_CeCl3_and_2.0_wt_SmCl3_and_4.5_wt_BaCl2.csv
[Run 4338/560000] ✅ Saved: nist_libs_2.0_wt_CeCl3_and_2.0_wt_SmCl3_and_4.0_wt_BaCl2.csv
[Run 4340/560000] ✅ Saved: nist_libs_2.0_wt_CeCl3_and_2.0_wt_SmCl3_and_5.0_wt_BaCl2.csv
[Run 4341/560000] ✅ Saved: nist_libs_2.0_wt_CeCl3_and_2.5_wt_SmCl3_and_0.5_wt_BaCl2.csv
[Run 4343/560000] ✅ Saved: nist_libs_2.0_wt_CeCl3_and_2.5_wt_SmCl3_and_1.5_wt_BaCl2.csv
[Run 4342/560000] ✅ Saved: nist_libs_2.0_wt_CeCl3_and_2.5_wt_SmCl3_and_1.0_wt_BaCl2.csv
[Run 4344/560000] ✅ Saved: nist_libs_2.0_wt_CeCl3_and_2.5_wt_SmCl3_and_2.0_wt_BaCl2.csv
[Run 4345/560000] ✅ Saved: nist_libs_2.0_wt_CeCl3_and_2.5_wt_SmCl3_and_2.5_wt_BaCl2.csv
[Run 4346/560000] ✅ Saved: nist_libs_2.0_wt_CeCl3_and_2.5_wt_SmCl3_and_3.0_wt_BaCl2.csv
[Run 4347/560000] ✅ Saved: nist_libs_2.0_wt_CeCl3_and_2.5_wt_SmCl3_and_3.5_wt_BaCl2.csv
[Run 4348/560000] ✅ Saved: nist_libs_2.0_wt_CeCl3_and_2.5_wt_SmCl3_and_4.0_wt_BaCl2.csv
[Run 4349/560000] ✅ Saved: nist_libs_2.0_wt_CeCl3_and_2.5_wt_SmCl3_and_4.5_wt_BaCl2.csv
[Run 4351/560000] ✅ Saved: nist_libs_2.0_wt_CeCl3_and_3.0_wt_SmCl3_and_0.5_wt_BaCl2.csv
[Run 4350/560000] ✅ Saved: nist_libs_2.0_wt_CeCl3_and_2.5_wt_SmCl3_and_5.0_wt_BaCl2.csv
[Run 4352/560000] ✅ Saved: nist_libs_2.0_wt_CeCl3_and_3.0_wt_SmCl3_and_1.0_wt_BaCl2.csv
[Run 4353/560000] ✅ Saved: nist_libs_2.0_wt_CeCl3_and_3.0_wt_SmCl3_and_1.5_wt_BaCl2.csv
[Run 4354/560000] ✅ Saved: nist_libs_2.0_wt_CeCl3_and_3.0_wt_SmCl3_and_2.0_wt_BaCl2.csv
[Run 4355/560000] ✅ Saved: nist_libs_2.0_wt_CeCl3_and_3.0_wt_SmCl3_and_2.5_wt_BaCl2.csv
[Run 4356/560000] ✅ Saved: nist_libs_2.0_wt_CeCl3_and_3.0_wt_SmCl3_and_3.0_wt_BaCl2.csv
[Run 4357/560000] ✅ Saved: nist_libs_2.0_wt_CeCl3_and_3.0_wt_SmCl3_and_3.5_wt_BaCl2.csv
[Run 4358/560000] ✅ Saved: nist_libs_2.0_wt_CeCl3_and_3.0_wt_SmCl3_and_4.0_wt_BaCl2.csv
[Run 4359/560000] ✅ Saved: nist_libs_2.0_wt_CeCl3_and_3.0_wt_SmCl3_and_4.5_wt_BaCl2.csv
[Run 4360/560000] ✅ Saved: nist_libs_2.0_wt_CeCl3_and_3.0_wt_SmCl3_and_5.0_wt_BaCl2.csv
[Run 4361/560000] ✅ Saved: nist_libs_2.0_wt_CeCl3_and_3.5_wt_SmCl3_and_0.5_wt_BaCl2.csv
[Run 4362/560000] ✅ Saved: nist_libs_2.0_wt_CeCl3_and_3.5_wt_SmCl3_and_1.0_wt_BaCl2.csv
[Run 4363/560000] ✅ Saved: nist_libs_2.0_wt_CeCl3_and_3.5_wt_SmCl3_and_1.5_wt_BaCl2.csv
[Run 4364/560000] ✅ Saved: nist_libs_2.0_wt_CeCl3_and_3.5_wt_SmCl3_and_2.0_wt_BaCl2.csv
[Run 4365/560000] ✅ Saved: nist_libs_2.0_wt_CeCl3_and_3.5_wt_SmCl3_and_2.5_wt_BaCl2.csv
[Run 4366/560000] ✅ Saved: nist_libs_2.0_wt_CeCl3_and_3.5_wt_SmCl3_and_3.0_wt_BaCl2.csv
[Run 4367/560000] ✅ Saved: nist_libs_2.0_wt_CeCl3_and_3.5_wt_SmCl3_and_3.5_wt_BaCl2.csv
[Run 4368/560000] ✅ Saved: nist_libs_2.0_wt_CeCl3_and_3.5_wt_SmCl3_and_4.0_wt_BaCl2.csv
[Run 4370/560000] ✅ Saved: nist_libs_2.0_wt_CeCl3_and_3.5_wt_SmCl3_and_5.0_wt_BaCl2.csv
[Run 4369/560000] ✅ Saved: nist_libs_2.0_wt_CeCl3_and_3.5_wt_SmCl3_and_4.5_wt_BaCl2.csv
[Run 4371/560000] ✅ Saved: nist_libs_2.0_wt_CeCl3_and_4.0_wt_SmCl3_and_0.5_wt_BaCl2.csv
[Run 4372/560000] ✅ Saved: nist_libs_2.0_wt_CeCl3_and_4.0_wt_SmCl3_and_1.0_wt_BaCl2.csv
[Run 4373/560000] ✅ Saved: nist_libs_2.0_wt_CeCl3_and_4.0_wt_SmCl3_and_1.5_wt_BaCl2.csv
[Run 4374/560000] ✅ Saved: nist_libs_2.0_wt_CeCl3_and_4.0_wt_SmCl3_and_2.0_wt_BaCl2.csv
[Run 4375/560000] ✅ Saved: nist_libs_2.0_wt_CeCl3_and_4.0_wt_SmCl3_and_2.5_wt_BaCl2.csv
[Run 4376/560000] ✅ Saved: nist_libs_2.0_wt_CeCl3_and_4.0_wt_SmCl3_and_3.0_wt_BaCl2.csv
[Run 4377/560000] ✅ Saved: nist_libs_2.0_wt_CeCl3_and_4.0_wt_SmCl3_and_3.5_wt_BaCl2.csv
[Run 4379/560000] ✅ Saved: nist_libs_2.0_wt_CeCl3_and_4.0_wt_SmCl3_and_4.5_wt_BaCl2.csv
[Run 4378/560000] ✅ Saved: nist_libs_2.0_wt_CeCl3_and_4.0_wt_SmCl3_and_4.0_wt_BaCl2.csv
[Run 4380/560000] ✅ Saved: nist_libs_2.0_wt_CeCl3_and_4.0_wt_SmCl3_and_5.0_wt_BaCl2.csv
[Run 4381/560000] ✅ Saved: nist_libs_2.0_wt_CeCl3_and_4.5_wt_SmCl3_and_0.5_wt_BaCl2.csv
[Run 4382/560000] ✅ Saved: nist_libs_2.0_wt_CeCl3_and_4.5_wt_SmCl3_and_1.0_wt_BaCl2.csv
[Run 4383/560000] ✅ Saved: nist_libs_2.0_wt_CeCl3_and_4.5_wt_SmCl3_and_1.5_wt_BaCl2.csv
[Run 4384/560000] ✅ Saved: nist_libs_2.0_wt_CeCl3_and_4.5_wt_SmCl3_and_2.0_wt_BaCl2.csv
[Run 4385/560000] ✅ Saved: nist_libs_2.0_wt_CeCl3_and_4.5_wt_SmCl3_and_2.5_wt_BaCl2.csv
[Run 4386/560000] ✅ Saved: nist_libs_2.0_wt_CeCl3_and_4.5_wt_SmCl3_and_3.0_wt_BaCl2.csv
[Run 4387/560000] ✅ Saved: nist_libs_2.0_wt_CeCl3_and_4.5_wt_SmCl3_and_3.5_wt_BaCl2.csv
[Run 4388/560000] ✅ Saved: nist_libs_2.0_wt_CeCl3_and_4.5_wt_SmCl3_and_4.0_wt_BaCl2.csv
[Run 4389/560000] ✅ Saved: nist_libs_2.0_wt_CeCl3_and_4.5_wt_SmCl3_and_4.5_wt_BaCl2.csv
[Run 4390/560000] ✅ Saved: nist_libs_2.0_wt_CeCl3_and_4.5_wt_SmCl3_and_5.0_wt_BaCl2.csv
[Run 4391/560000] ✅ Saved: nist_libs_2.0_wt_CeCl3_and_5.0_wt_SmCl3_and_0.5_wt_BaCl2.csv
[Run 4392/560000] ✅ Saved: nist_libs_2.0_wt_CeCl3_and_5.0_wt_SmCl3_and_1.0_wt_BaCl2.csv
[Run 4393/560000] ✅ Saved: nist_libs_2.0_wt_CeCl3_and_5.0_wt_SmCl3_and_1.5_wt_BaCl2.csv
[Run 4394/560000] ✅ Saved: nist_libs_2.0_wt_CeCl3_and_5.0_wt_SmCl3_and_2.0_wt_BaCl2.csv
[Run 4396/560000] ✅ Saved: nist_libs_2.0_wt_CeCl3_and_5.0_wt_SmCl3_and_3.0_wt_BaCl2.csv
[Run 4395/560000] ✅ Saved: nist_libs_2.0_wt_CeCl3_and_5.0_wt_SmCl3_and_2.5_wt_BaCl2.csv
[Run 4397/560000] ✅ Saved: nist_libs_2.0_wt_CeCl3_and_5.0_wt_SmCl3_and_3.5_wt_BaCl2.csv
[Run 4398/560000] ✅ Saved: nist_libs_2.0_wt_CeCl3_and_5.0_wt_SmCl3_and_4.0_wt_BaCl2.csv
[Run 4399/560000] ✅ Saved: nist_libs_2.0_wt_CeCl3_and_5.0_wt_SmCl3_and_4.5_wt_BaCl2.csv
[Run 4400/560000] ✅ Saved: nist_libs_2.0_wt_CeCl3_and_5.0_wt_SmCl3_and_5.0_wt_BaCl2.csv
[Run 4401/560000] ✅ Saved: nist_libs_2.5_wt_CeCl3_and_0.5_wt_SmCl3_and_0.5_wt_BaCl2.csv
[Run 4402/560000] ✅ Saved: nist_libs_2.5_wt_CeCl3_and_0.5_wt_SmCl3_and_1.0_wt_BaCl2.csv
[Run 4403/560000] ✅ Saved: nist_libs_2.5_wt_CeCl3_and_0.5_wt_SmCl3_and_1.5_wt_BaCl2.csv
[Run 4404/560000] ✅ Saved: nist_libs_2.5_wt_CeCl3_and_0.5_wt_SmCl3_and_2.0_wt_BaCl2.csv
[Run 4405/560000] ✅ Saved: nist_libs_2.5_wt_CeCl3_and_0.5_wt_SmCl3_and_2.5_wt_BaCl2.csv
[Run 4406/560000] ✅ Saved: nist_libs_2.5_wt_CeCl3_and_0.5_wt_SmCl3_and_3.0_wt_BaCl2.csv
[Run 4407/560000] ✅ Saved: nist_libs_2.5_wt_CeCl3_and_0.5_wt_SmCl3_and_3.5_wt_BaCl2.csv
[Run 4408/560000] ✅ Saved: nist_libs_2.5_wt_CeCl3_and_0.5_wt_SmCl3_and_4.0_wt_BaCl2.csv
[Run 4409/560000] ✅ Saved: nist_libs_2.5_wt_CeCl3_and_0.5_wt_SmCl3_and_4.5_wt_BaCl2.csv
[Run 4410/560000] ✅ Saved: nist_libs_2.5_wt_CeCl3_and_0.5_wt_SmCl3_and_5.0_wt_BaCl2.csv
[Run 4411/560000] ✅ Saved: nist_libs_2.5_wt_CeCl3_and_1.0_wt_SmCl3_and_0.5_wt_BaCl2.csv
[Run 4412/560000] ✅ Saved: nist_libs_2.5_wt_CeCl3_and_1.0_wt_SmCl3_and_1.0_wt_BaCl2.csv
[Run 4413/560000] ✅ Saved: nist_libs_2.5_wt_CeCl3_and_1.0_wt_SmCl3_and_1.5_wt_BaCl2.csv
[Run 4414/560000] ✅ Saved: nist_libs_2.5_wt_CeCl3_and_1.0_wt_SmCl3_and_2.0_wt_BaCl2.csv
[Run 4416/560000] ✅ Saved: nist_libs_2.5_wt_CeCl3_and_1.0_wt_SmCl3_and_3.0_wt_BaCl2.csv
[Run 4415/560000] ✅ Saved: nist_libs_2.5_wt_CeCl3_and_1.0_wt_SmCl3_and_2.5_wt_BaCl2.csv
[Run 4417/560000] ✅ Saved: nist_libs_2.5_wt_CeCl3_and_1.0_wt_SmCl3_and_3.5_wt_BaCl2.csv
[Run 4418/560000] ✅ Saved: nist_libs_2.5_wt_CeCl3_and_1.0_wt_SmCl3_and_4.0_wt_BaCl2.csv
[Run 4419/560000] ✅ Saved: nist_libs_2.5_wt_CeCl3_and_1.0_wt_SmCl3_and_4.5_wt_BaCl2.csv
[Run 4420/560000] ✅ Saved: nist_libs_2.5_wt_CeCl3_and_1.0_wt_SmCl3_and_5.0_wt_BaCl2.csv
[Run 4422/560000] ✅ Saved: nist_libs_2.5_wt_CeCl3_and_1.5_wt_SmCl3_and_1.0_wt_BaCl2.csv
[Run 4421/560000] ✅ Saved: nist_libs_2.5_wt_CeCl3_and_1.5_wt_SmCl3_and_0.5_wt_BaCl2.csv
[Run 4423/560000] ✅ Saved: nist_libs_2.5_wt_CeCl3_and_1.5_wt_SmCl3_and_1.5_wt_BaCl2.csv
[Run 4424/560000] ✅ Saved: nist_libs_2.5_wt_CeCl3_and_1.5_wt_SmCl3_and_2.0_wt_BaCl2.csv
[Run 4425/560000] ✅ Saved: nist_libs_2.5_wt_CeCl3_and_1.5_wt_SmCl3_and_2.5_wt_BaCl2.csv
[Run 4426/560000] ✅ Saved: nist_libs_2.5_wt_CeCl3_and_1.5_wt_SmCl3_and_3.0_wt_BaCl2.csv
[Run 4427/560000] ✅ Saved: nist_libs_2.5_wt_CeCl3_and_1.5_wt_SmCl3_and_3.5_wt_BaCl2.csv
[Run 4428/560000] ✅ Saved: nist_libs_2.5_wt_CeCl3_and_1.5_wt_SmCl3_and_4.0_wt_BaCl2.csv
[Run 4429/560000] ✅ Saved: nist_libs_2.5_wt_CeCl3_and_1.5_wt_SmCl3_and_4.5_wt_BaCl2.csv
[Run 4430/560000] ✅ Saved: nist_libs_2.5_wt_CeCl3_and_1.5_wt_SmCl3_and_5.0_wt_BaCl2.csv
[Run 4431/560000] ✅ Saved: nist_libs_2.5_wt_CeCl3_and_2.0_wt_SmCl3_and_0.5_wt_BaCl2.csv
[Run 4432/560000] ✅ Saved: nist_libs_2.5_wt_CeCl3_and_2.0_wt_SmCl3_and_1.0_wt_BaCl2.csv
[Run 4433/560000] ✅ Saved: nist_libs_2.5_wt_CeCl3_and_2.0_wt_SmCl3_and_1.5_wt_BaCl2.csv
[Run 4434/560000] ✅ Saved: nist_libs_2.5_wt_CeCl3_and_2.0_wt_SmCl3_and_2.0_wt_BaCl2.csv
[Run 4436/560000] ✅ Saved: nist_libs_2.5_wt_CeCl3_and_2.0_wt_SmCl3_and_3.0_wt_BaCl2.csv
[Run 4435/560000] ✅ Saved: nist_libs_2.5_wt_CeCl3_and_2.0_wt_SmCl3_and_2.5_wt_BaCl2.csv
[Run 4437/560000] ✅ Saved: nist_libs_2.5_wt_CeCl3_and_2.0_wt_SmCl3_and_3.5_wt_BaCl2.csv
[Run 4438/560000] ✅ Saved: nist_libs_2.5_wt_CeCl3_and_2.0_wt_SmCl3_and_4.0_wt_BaCl2.csv
[Run 4439/560000] ✅ Saved: nist_libs_2.5_wt_CeCl3_and_2.0_wt_SmCl3_and_4.5_wt_BaCl2.csv
[Run 4440/560000] ✅ Saved: nist_libs_2.5_wt_CeCl3_and_2.0_wt_SmCl3_and_5.0_wt_BaCl2.csv
[Run 4442/560000] ✅ Saved: nist_libs_2.5_wt_CeCl3_and_2.5_wt_SmCl3_and_1.0_wt_BaCl2.csv
[Run 4441/560000] ✅ Saved: nist_libs_2.5_wt_CeCl3_and_2.5_wt_SmCl3_and_0.5_wt_BaCl2.csv
[Run 4443/560000] ✅ Saved: nist_libs_2.5_wt_CeCl3_and_2.5_wt_SmCl3_and_1.5_wt_BaCl2.csv
[Run 4444/560000] ✅ Saved: nist_libs_2.5_wt_CeCl3_and_2.5_wt_SmCl3_and_2.0_wt_BaCl2.csv
[Run 4445/560000] ✅ Saved: nist_libs_2.5_wt_CeCl3_and_2.5_wt_SmCl3_and_2.5_wt_BaCl2.csv
[Run 4446/560000] ✅ Saved: nist_libs_2.5_wt_CeCl3_and_2.5_wt_SmCl3_and_3.0_wt_BaCl2.csv
[Run 4448/560000] ✅ Saved: nist_libs_2.5_wt_CeCl3_and_2.5_wt_SmCl3_and_4.0_wt_BaCl2.csv
[Run 4447/560000] ✅ Saved: nist_libs_2.5_wt_CeCl3_and_2.5_wt_SmCl3_and_3.5_wt_BaCl2.csv
[Run 4449/560000] ✅ Saved: nist_libs_2.5_wt_CeCl3_and_2.5_wt_SmCl3_and_4.5_wt_BaCl2.csv
[Run 4450/560000] ✅ Saved: nist_libs_2.5_wt_CeCl3_and_2.5_wt_SmCl3_and_5.0_wt_BaCl2.csv
[Run 4451/560000] ✅ Saved: nist_libs_2.5_wt_CeCl3_and_3.0_wt_SmCl3_and_0.5_wt_BaCl2.csv
[Run 4452/560000] ✅ Saved: nist_libs_2.5_wt_CeCl3_and_3.0_wt_SmCl3_and_1.0_wt_BaCl2.csv
[Run 4453/560000] ✅ Saved: nist_libs_2.5_wt_CeCl3_and_3.0_wt_SmCl3_and_1.5_wt_BaCl2.csv
[Run 4454/560000] ✅ Saved: nist_libs_2.5_wt_CeCl3_and_3.0_wt_SmCl3_and_2.0_wt_BaCl2.csv
[Run 4455/560000] ✅ Saved: nist_libs_2.5_wt_CeCl3_and_3.0_wt_SmCl3_and_2.5_wt_BaCl2.csv
[Run 4456/560000] ✅ Saved: nist_libs_2.5_wt_CeCl3_and_3.0_wt_SmCl3_and_3.0_wt_BaCl2.csv
[Run 4457/560000] ✅ Saved: nist_libs_2.5_wt_CeCl3_and_3.0_wt_SmCl3_and_3.5_wt_BaCl2.csv
[Run 4458/560000] ✅ Saved: nist_libs_2.5_wt_CeCl3_and_3.0_wt_SmCl3_and_4.0_wt_BaCl2.csv
[Run 4459/560000] ✅ Saved: nist_libs_2.5_wt_CeCl3_and_3.0_wt_SmCl3_and_4.5_wt_BaCl2.csv
[Run 4460/560000] ✅ Saved: nist_libs_2.5_wt_CeCl3_and_3.0_wt_SmCl3_and_5.0_wt_BaCl2.csv
[Run 4463/560000] ✅ Saved: nist_libs_2.5_wt_CeCl3_and_3.5_wt_SmCl3_and_1.5_wt_BaCl2.csv
[Run 4462/560000] ✅ Saved: nist_libs_2.5_wt_CeCl3_and_3.5_wt_SmCl3_and_1.0_wt_BaCl2.csv
[Run 4461/560000] ✅ Saved: nist_libs_2.5_wt_CeCl3_and_3.5_wt_SmCl3_and_0.5_wt_BaCl2.csv
[Run 4464/560000] ✅ Saved: nist_libs_2.5_wt_CeCl3_and_3.5_wt_SmCl3_and_2.0_wt_BaCl2.csv
[Run 4465/560000] ✅ Saved: nist_libs_2.5_wt_CeCl3_and_3.5_wt_SmCl3_and_2.5_wt_BaCl2.csv
[Run 4467/560000] ✅ Saved: nist_libs_2.5_wt_CeCl3_and_3.5_wt_SmCl3_and_3.5_wt_BaCl2.csv
[Run 4466/560000] ✅ Saved: nist_libs_2.5_wt_CeCl3_and_3.5_wt_SmCl3_and_3.0_wt_BaCl2.csv
[Run 4468/560000] ✅ Saved: nist_libs_2.5_wt_CeCl3_and_3.5_wt_SmCl3_and_4.0_wt_BaCl2.csv
[Run 4469/560000] ✅ Saved: nist_libs_2.5_wt_CeCl3_and_3.5_wt_SmCl3_and_4.5_wt_BaCl2.csv
[Run 4470/560000] ✅ Saved: nist_libs_2.5_wt_CeCl3_and_3.5_wt_SmCl3_and_5.0_wt_BaCl2.csv
[Run 4471/560000] ✅ Saved: nist_libs_2.5_wt_CeCl3_and_4.0_wt_SmCl3_and_0.5_wt_BaCl2.csv
[Run 4472/560000] ✅ Saved: nist_libs_2.5_wt_CeCl3_and_4.0_wt_SmCl3_and_1.0_wt_BaCl2.csv
[Run 4473/560000] ✅ Saved: nist_libs_2.5_wt_CeCl3_and_4.0_wt_SmCl3_and_1.5_wt_BaCl2.csv
[Run 4474/560000] ✅ Saved: nist_libs_2.5_wt_CeCl3_and_4.0_wt_SmCl3_and_2.0_wt_BaCl2.csv
[Run 4475/560000] ✅ Saved: nist_libs_2.5_wt_CeCl3_and_4.0_wt_SmCl3_and_2.5_wt_BaCl2.csv
[Run 4476/560000] ✅ Saved: nist_libs_2.5_wt_CeCl3_and_4.0_wt_SmCl3_and_3.0_wt_BaCl2.csv
[Run 4477/560000] ✅ Saved: nist_libs_2.5_wt_CeCl3_and_4.0_wt_SmCl3_and_3.5_wt_BaCl2.csv
[Run 4478/560000] ✅ Saved: nist_libs_2.5_wt_CeCl3_and_4.0_wt_SmCl3_and_4.0_wt_BaCl2.csv
[Run 4479/560000] ✅ Saved: nist_libs_2.5_wt_CeCl3_and_4.0_wt_SmCl3_and_4.5_wt_BaCl2.csv
[Run 4480/560000] ✅ Saved: nist_libs_2.5_wt_CeCl3_and_4.0_wt_SmCl3_and_5.0_wt_BaCl2.csv
[Run 4481/560000] ✅ Saved: nist_libs_2.5_wt_CeCl3_and_4.5_wt_SmCl3_and_0.5_wt_BaCl2.csv
[Run 4482/560000] ✅ Saved: nist_libs_2.5_wt_CeCl3_and_4.5_wt_SmCl3_and_1.0_wt_BaCl2.csv
[Run 4483/560000] ✅ Saved: nist_libs_2.5_wt_CeCl3_and_4.5_wt_SmCl3_and_1.5_wt_BaCl2.csv
[Run 4484/560000] ✅ Saved: nist_libs_2.5_wt_CeCl3_and_4.5_wt_SmCl3_and_2.0_wt_BaCl2.csv
[Run 4485/560000] ✅ Saved: nist_libs_2.5_wt_CeCl3_and_4.5_wt_SmCl3_and_2.5_wt_BaCl2.csv
[Run 4486/560000] ✅ Saved: nist_libs_2.5_wt_CeCl3_and_4.5_wt_SmCl3_and_3.0_wt_BaCl2.csv
[Run 4487/560000] ✅ Saved: nist_libs_2.5_wt_CeCl3_and_4.5_wt_SmCl3_and_3.5_wt_BaCl2.csv
[Run 4488/560000] ✅ Saved: nist_libs_2.5_wt_CeCl3_and_4.5_wt_SmCl3_and_4.0_wt_BaCl2.csv
[Run 4489/560000] ✅ Saved: nist_libs_2.5_wt_CeCl3_and_4.5_wt_SmCl3_and_4.5_wt_BaCl2.csv
[Run 4490/560000] ✅ Saved: nist_libs_2.5_wt_CeCl3_and_4.5_wt_SmCl3_and_5.0_wt_BaCl2.csv
[Run 4491/560000] ✅ Saved: nist_libs_2.5_wt_CeCl3_and_5.0_wt_SmCl3_and_0.5_wt_BaCl2.csv
[Run 4492/560000] ✅ Saved: nist_libs_2.5_wt_CeCl3_and_5.0_wt_SmCl3_and_1.0_wt_BaCl2.csv
[Run 4493/560000] ✅ Saved: nist_libs_2.5_wt_CeCl3_and_5.0_wt_SmCl3_and_1.5_wt_BaCl2.csv
[Run 4494/560000] ✅ Saved: nist_libs_2.5_wt_CeCl3_and_5.0_wt_SmCl3_and_2.0_wt_BaCl2.csv
[Run 4495/560000] ✅ Saved: nist_libs_2.5_wt_CeCl3_and_5.0_wt_SmCl3_and_2.5_wt_BaCl2.csv
[Run 4496/560000] ✅ Saved: nist_libs_2.5_wt_CeCl3_and_5.0_wt_SmCl3_and_3.0_wt_BaCl2.csv
[Run 4497/560000] ✅ Saved: nist_libs_2.5_wt_CeCl3_and_5.0_wt_SmCl3_and_3.5_wt_BaCl2.csv
[Run 4498/560000] ✅ Saved: nist_libs_2.5_wt_CeCl3_and_5.0_wt_SmCl3_and_4.0_wt_BaCl2.csv
[Run 4499/560000] ✅ Saved: nist_libs_2.5_wt_CeCl3_and_5.0_wt_SmCl3_and_4.5_wt_BaCl2.csv
[Run 4500/560000] ✅ Saved: nist_libs_2.5_wt_CeCl3_and_5.0_wt_SmCl3_and_5.0_wt_BaCl2.csv
[Run 4501/560000] ✅ Saved: nist_libs_3.0_wt_CeCl3_and_0.5_wt_SmCl3_and_0.5_wt_BaCl2.csv
[Run 4502/560000] ✅ Saved: nist_libs_3.0_wt_CeCl3_and_0.5_wt_SmCl3_and_1.0_wt_BaCl2.csv
[Run 4503/560000] ✅ Saved: nist_libs_3.0_wt_CeCl3_and_0.5_wt_SmCl3_and_1.5_wt_BaCl2.csv
[Run 4504/560000] ✅ Saved: nist_libs_3.0_wt_CeCl3_and_0.5_wt_SmCl3_and_2.0_wt_BaCl2.csv
[Run 4505/560000] ✅ Saved: nist_libs_3.0_wt_CeCl3_and_0.5_wt_SmCl3_and_2.5_wt_BaCl2.csv
[Run 4506/560000] ✅ Saved: nist_libs_3.0_wt_CeCl3_and_0.5_wt_SmCl3_and_3.0_wt_BaCl2.csv
[Run 4507/560000] ✅ Saved: nist_libs_3.0_wt_CeCl3_and_0.5_wt_SmCl3_and_3.5_wt_BaCl2.csv
[Run 4508/560000] ✅ Saved: nist_libs_3.0_wt_CeCl3_and_0.5_wt_SmCl3_and_4.0_wt_BaCl2.csv
[Run 4509/560000] ✅ Saved: nist_libs_3.0_wt_CeCl3_and_0.5_wt_SmCl3_and_4.5_wt_BaCl2.csv
[Run 4510/560000] ✅ Saved: nist_libs_3.0_wt_CeCl3_and_0.5_wt_SmCl3_and_5.0_wt_BaCl2.csv
[Run 4511/560000] ✅ Saved: nist_libs_3.0_wt_CeCl3_and_1.0_wt_SmCl3_and_0.5_wt_BaCl2.csv
[Run 4513/560000] ✅ Saved: nist_libs_3.0_wt_CeCl3_and_1.0_wt_SmCl3_and_1.5_wt_BaCl2.csv
[Run 4512/560000] ✅ Saved: nist_libs_3.0_wt_CeCl3_and_1.0_wt_SmCl3_and_1.0_wt_BaCl2.csv
[Run 4514/560000] ✅ Saved: nist_libs_3.0_wt_CeCl3_and_1.0_wt_SmCl3_and_2.0_wt_BaCl2.csv
[Run 4515/560000] ✅ Saved: nist_libs_3.0_wt_CeCl3_and_1.0_wt_SmCl3_and_2.5_wt_BaCl2.csv
[Run 4517/560000] ✅ Saved: nist_libs_3.0_wt_CeCl3_and_1.0_wt_SmCl3_and_3.5_wt_BaCl2.csv
[Run 4516/560000] ✅ Saved: nist_libs_3.0_wt_CeCl3_and_1.0_wt_SmCl3_and_3.0_wt_BaCl2.csv
[Run 4518/560000] ✅ Saved: nist_libs_3.0_wt_CeCl3_and_1.0_wt_SmCl3_and_4.0_wt_BaCl2.csv
[Run 4519/560000] ✅ Saved: nist_libs_3.0_wt_CeCl3_and_1.0_wt_SmCl3_and_4.5_wt_BaCl2.csv
[Run 4520/560000] ✅ Saved: nist_libs_3.0_wt_CeCl3_and_1.0_wt_SmCl3_and_5.0_wt_BaCl2.csv
[Run 4521/560000] ✅ Saved: nist_libs_3.0_wt_CeCl3_and_1.5_wt_SmCl3_and_0.5_wt_BaCl2.csv
[Run 4522/560000] ✅ Saved: nist_libs_3.0_wt_CeCl3_and_1.5_wt_SmCl3_and_1.0_wt_BaCl2.csv
[Run 4523/560000] ✅ Saved: nist_libs_3.0_wt_CeCl3_and_1.5_wt_SmCl3_and_1.5_wt_BaCl2.csv
[Run 4524/560000] ✅ Saved: nist_libs_3.0_wt_CeCl3_and_1.5_wt_SmCl3_and_2.0_wt_BaCl2.csv
[Run 4525/560000] ✅ Saved: nist_libs_3.0_wt_CeCl3_and_1.5_wt_SmCl3_and_2.5_wt_BaCl2.csv
[Run 4526/560000] ✅ Saved: nist_libs_3.0_wt_CeCl3_and_1.5_wt_SmCl3_and_3.0_wt_BaCl2.csv
[Run 4527/560000] ✅ Saved: nist_libs_3.0_wt_CeCl3_and_1.5_wt_SmCl3_and_3.5_wt_BaCl2.csv
[Run 4528/560000] ✅ Saved: nist_libs_3.0_wt_CeCl3_and_1.5_wt_SmCl3_and_4.0_wt_BaCl2.csv
[Run 4529/560000] ✅ Saved: nist_libs_3.0_wt_CeCl3_and_1.5_wt_SmCl3_and_4.5_wt_BaCl2.csv
[Run 4530/560000] ✅ Saved: nist_libs_3.0_wt_CeCl3_and_1.5_wt_SmCl3_and_5.0_wt_BaCl2.csv
[Run 4531/560000] ✅ Saved: nist_libs_3.0_wt_CeCl3_and_2.0_wt_SmCl3_and_0.5_wt_BaCl2.csv
[Run 4532/560000] ✅ Saved: nist_libs_3.0_wt_CeCl3_and_2.0_wt_SmCl3_and_1.0_wt_BaCl2.csv
[Run 4533/560000] ✅ Saved: nist_libs_3.0_wt_CeCl3_and_2.0_wt_SmCl3_and_1.5_wt_BaCl2.csv
[Run 4534/560000] ✅ Saved: nist_libs_3.0_wt_CeCl3_and_2.0_wt_SmCl3_and_2.0_wt_BaCl2.csv
[Run 4535/560000] ✅ Saved: nist_libs_3.0_wt_CeCl3_and_2.0_wt_SmCl3_and_2.5_wt_BaCl2.csv
[Run 4537/560000] ✅ Saved: nist_libs_3.0_wt_CeCl3_and_2.0_wt_SmCl3_and_3.5_wt_BaCl2.csv
[Run 4536/560000] ✅ Saved: nist_libs_3.0_wt_CeCl3_and_2.0_wt_SmCl3_and_3.0_wt_BaCl2.csv
[Run 4538/560000] ✅ Saved: nist_libs_3.0_wt_CeCl3_and_2.0_wt_SmCl3_and_4.0_wt_BaCl2.csv
[Run 4540/560000] ✅ Saved: nist_libs_3.0_wt_CeCl3_and_2.0_wt_SmCl3_and_5.0_wt_BaCl2.csv
[Run 4539/560000] ✅ Saved: nist_libs_3.0_wt_CeCl3_and_2.0_wt_SmCl3_and_4.5_wt_BaCl2.csv
[Run 4542/560000] ✅ Saved: nist_libs_3.0_wt_CeCl3_and_2.5_wt_SmCl3_and_1.0_wt_BaCl2.csv
[Run 4541/560000] ✅ Saved: nist_libs_3.0_wt_CeCl3_and_2.5_wt_SmCl3_and_0.5_wt_BaCl2.csv
[Run 4543/560000] ✅ Saved: nist_libs_3.0_wt_CeCl3_and_2.5_wt_SmCl3_and_1.5_wt_BaCl2.csv
[Run 4545/560000] ✅ Saved: nist_libs_3.0_wt_CeCl3_and_2.5_wt_SmCl3_and_2.5_wt_BaCl2.csv
[Run 4544/560000] ✅ Saved: nist_libs_3.0_wt_CeCl3_and_2.5_wt_SmCl3_and_2.0_wt_BaCl2.csv
[Run 4546/560000] ✅ Saved: nist_libs_3.0_wt_CeCl3_and_2.5_wt_SmCl3_and_3.0_wt_BaCl2.csv
[Run 4547/560000] ✅ Saved: nist_libs_3.0_wt_CeCl3_and_2.5_wt_SmCl3_and_3.5_wt_BaCl2.csv
[Run 4550/560000] ✅ Saved: nist_libs_3.0_wt_CeCl3_and_2.5_wt_SmCl3_and_5.0_wt_BaCl2.csv
[Run 4549/560000] ✅ Saved: nist_libs_3.0_wt_CeCl3_and_2.5_wt_SmCl3_and_4.5_wt_BaCl2.csv
[Run 4548/560000] ✅ Saved: nist_libs_3.0_wt_CeCl3_and_2.5_wt_SmCl3_and_4.0_wt_BaCl2.csv
[Run 4551/560000] ✅ Saved: nist_libs_3.0_wt_CeCl3_and_3.0_wt_SmCl3_and_0.5_wt_BaCl2.csv
[Run 4554/560000] ✅ Saved: nist_libs_3.0_wt_CeCl3_and_3.0_wt_SmCl3_and_2.0_wt_BaCl2.csv
[Run 4552/560000] ✅ Saved: nist_libs_3.0_wt_CeCl3_and_3.0_wt_SmCl3_and_1.0_wt_BaCl2.csv
[Run 4553/560000] ✅ Saved: nist_libs_3.0_wt_CeCl3_and_3.0_wt_SmCl3_and_1.5_wt_BaCl2.csv
[Run 4555/560000] ✅ Saved: nist_libs_3.0_wt_CeCl3_and_3.0_wt_SmCl3_and_2.5_wt_BaCl2.csv
[Run 4556/560000] ✅ Saved: nist_libs_3.0_wt_CeCl3_and_3.0_wt_SmCl3_and_3.0_wt_BaCl2.csv
[Run 4557/560000] ✅ Saved: nist_libs_3.0_wt_CeCl3_and_3.0_wt_SmCl3_and_3.5_wt_BaCl2.csv
[Run 4558/560000] ✅ Saved: nist_libs_3.0_wt_CeCl3_and_3.0_wt_SmCl3_and_4.0_wt_BaCl2.csv
[Run 4559/560000] ✅ Saved: nist_libs_3.0_wt_CeCl3_and_3.0_wt_SmCl3_and_4.5_wt_BaCl2.csv
[Run 4560/560000] ✅ Saved: nist_libs_3.0_wt_CeCl3_and_3.0_wt_SmCl3_and_5.0_wt_BaCl2.csv
[Run 4561/560000] ✅ Saved: nist_libs_3.0_wt_CeCl3_and_3.5_wt_SmCl3_and_0.5_wt_BaCl2.csv
[Run 4562/560000] ✅ Saved: nist_libs_3.0_wt_CeCl3_and_3.5_wt_SmCl3_and_1.0_wt_BaCl2.csv
[Run 4563/560000] ✅ Saved: nist_libs_3.0_wt_CeCl3_and_3.5_wt_SmCl3_and_1.5_wt_BaCl2.csv
[Run 4564/560000] ✅ Saved: nist_libs_3.0_wt_CeCl3_and_3.5_wt_SmCl3_and_2.0_wt_BaCl2.csv
[Run 4565/560000] ✅ Saved: nist_libs_3.0_wt_CeCl3_and_3.5_wt_SmCl3_and_2.5_wt_BaCl2.csv
[Run 4566/560000] ✅ Saved: nist_libs_3.0_wt_CeCl3_and_3.5_wt_SmCl3_and_3.0_wt_BaCl2.csv
[Run 4567/560000] ✅ Saved: nist_libs_3.0_wt_CeCl3_and_3.5_wt_SmCl3_and_3.5_wt_BaCl2.csv
[Run 4568/560000] ✅ Saved: nist_libs_3.0_wt_CeCl3_and_3.5_wt_SmCl3_and_4.0_wt_BaCl2.csv
[Run 4569/560000] ✅ Saved: nist_libs_3.0_wt_CeCl3_and_3.5_wt_SmCl3_and_4.5_wt_BaCl2.csv
[Run 4570/560000] ✅ Saved: nist_libs_3.0_wt_CeCl3_and_3.5_wt_SmCl3_and_5.0_wt_BaCl2.csv
[Run 4571/560000] ✅ Saved: nist_libs_3.0_wt_CeCl3_and_4.0_wt_SmCl3_and_0.5_wt_BaCl2.csv
[Run 4572/560000] ✅ Saved: nist_libs_3.0_wt_CeCl3_and_4.0_wt_SmCl3_and_1.0_wt_BaCl2.csv
[Run 4573/560000] ✅ Saved: nist_libs_3.0_wt_CeCl3_and_4.0_wt_SmCl3_and_1.5_wt_BaCl2.csv
[Run 4574/560000] ✅ Saved: nist_libs_3.0_wt_CeCl3_and_4.0_wt_SmCl3_and_2.0_wt_BaCl2.csv
[Run 4575/560000] ✅ Saved: nist_libs_3.0_wt_CeCl3_and_4.0_wt_SmCl3_and_2.5_wt_BaCl2.csv
[Run 4576/560000] ✅ Saved: nist_libs_3.0_wt_CeCl3_and_4.0_wt_SmCl3_and_3.0_wt_BaCl2.csv
[Run 4577/560000] ✅ Saved: nist_libs_3.0_wt_CeCl3_and_4.0_wt_SmCl3_and_3.5_wt_BaCl2.csv
[Run 4578/560000] ✅ Saved: nist_libs_3.0_wt_CeCl3_and_4.0_wt_SmCl3_and_4.0_wt_BaCl2.csv
[Run 4579/560000] ✅ Saved: nist_libs_3.0_wt_CeCl3_and_4.0_wt_SmCl3_and_4.5_wt_BaCl2.csv
[Run 4580/560000] ✅ Saved: nist_libs_3.0_wt_CeCl3_and_4.0_wt_SmCl3_and_5.0_wt_BaCl2.csv
[Run 4581/560000] ✅ Saved: nist_libs_3.0_wt_CeCl3_and_4.5_wt_SmCl3_and_0.5_wt_BaCl2.csv
[Run 4582/560000] ✅ Saved: nist_libs_3.0_wt_CeCl3_and_4.5_wt_SmCl3_and_1.0_wt_BaCl2.csv
[Run 4583/560000] ✅ Saved: nist_libs_3.0_wt_CeCl3_and_4.5_wt_SmCl3_and_1.5_wt_BaCl2.csv
[Run 4584/560000] ✅ Saved: nist_libs_3.0_wt_CeCl3_and_4.5_wt_SmCl3_and_2.0_wt_BaCl2.csv
[Run 4585/560000] ✅ Saved: nist_libs_3.0_wt_CeCl3_and_4.5_wt_SmCl3_and_2.5_wt_BaCl2.csv
[Run 4586/560000] ✅ Saved: nist_libs_3.0_wt_CeCl3_and_4.5_wt_SmCl3_and_3.0_wt_BaCl2.csv
[Run 4587/560000] ✅ Saved: nist_libs_3.0_wt_CeCl3_and_4.5_wt_SmCl3_and_3.5_wt_BaCl2.csv
[Run 4589/560000] ✅ Saved: nist_libs_3.0_wt_CeCl3_and_4.5_wt_SmCl3_and_4.5_wt_BaCl2.csv
[Run 4588/560000] ✅ Saved: nist_libs_3.0_wt_CeCl3_and_4.5_wt_SmCl3_and_4.0_wt_BaCl2.csv
[Run 4590/560000] ✅ Saved: nist_libs_3.0_wt_CeCl3_and_4.5_wt_SmCl3_and_5.0_wt_BaCl2.csv
[Run 4591/560000] ✅ Saved: nist_libs_3.0_wt_CeCl3_and_5.0_wt_SmCl3_and_0.5_wt_BaCl2.csv
[Run 4593/560000] ✅ Saved: nist_libs_3.0_wt_CeCl3_and_5.0_wt_SmCl3_and_1.5_wt_BaCl2.csv
[Run 4592/560000] ✅ Saved: nist_libs_3.0_wt_CeCl3_and_5.0_wt_SmCl3_and_1.0_wt_BaCl2.csv
[Run 4594/560000] ✅ Saved: nist_libs_3.0_wt_CeCl3_and_5.0_wt_SmCl3_and_2.0_wt_BaCl2.csv
[Run 4595/560000] ✅ Saved: nist_libs_3.0_wt_CeCl3_and_5.0_wt_SmCl3_and_2.5_wt_BaCl2.csv
[Run 4596/560000] ✅ Saved: nist_libs_3.0_wt_CeCl3_and_5.0_wt_SmCl3_and_3.0_wt_BaCl2.csv
[Run 4597/560000] ✅ Saved: nist_libs_3.0_wt_CeCl3_and_5.0_wt_SmCl3_and_3.5_wt_BaCl2.csv
[Run 4598/560000] ✅ Saved: nist_libs_3.0_wt_CeCl3_and_5.0_wt_SmCl3_and_4.0_wt_BaCl2.csv
[Run 4599/560000] ✅ Saved: nist_libs_3.0_wt_CeCl3_and_5.0_wt_SmCl3_and_4.5_wt_BaCl2.csv
[Run 4601/560000] ✅ Saved: nist_libs_3.5_wt_CeCl3_and_0.5_wt_SmCl3_and_0.5_wt_BaCl2.csv
[Run 4600/560000] ✅ Saved: nist_libs_3.0_wt_CeCl3_and_5.0_wt_SmCl3_and_5.0_wt_BaCl2.csv
[Run 4602/560000] ✅ Saved: nist_libs_3.5_wt_CeCl3_and_0.5_wt_SmCl3_and_1.0_wt_BaCl2.csv
[Run 4603/560000] ✅ Saved: nist_libs_3.5_wt_CeCl3_and_0.5_wt_SmCl3_and_1.5_wt_BaCl2.csv
[Run 4604/560000] ✅ Saved: nist_libs_3.5_wt_CeCl3_and_0.5_wt_SmCl3_and_2.0_wt_BaCl2.csv
[Run 4605/560000] ✅ Saved: nist_libs_3.5_wt_CeCl3_and_0.5_wt_SmCl3_and_2.5_wt_BaCl2.csv
[Run 4606/560000] ✅ Saved: nist_libs_3.5_wt_CeCl3_and_0.5_wt_SmCl3_and_3.0_wt_BaCl2.csv
[Run 4607/560000] ✅ Saved: nist_libs_3.5_wt_CeCl3_and_0.5_wt_SmCl3_and_3.5_wt_BaCl2.csv
[Run 4608/560000] ✅ Saved: nist_libs_3.5_wt_CeCl3_and_0.5_wt_SmCl3_and_4.0_wt_BaCl2.csv
[Run 4609/560000] ✅ Saved: nist_libs_3.5_wt_CeCl3_and_0.5_wt_SmCl3_and_4.5_wt_BaCl2.csv
[Run 4610/560000] ✅ Saved: nist_libs_3.5_wt_CeCl3_and_0.5_wt_SmCl3_and_5.0_wt_BaCl2.csv
[Run 4611/560000] ✅ Saved: nist_libs_3.5_wt_CeCl3_and_1.0_wt_SmCl3_and_0.5_wt_BaCl2.csv
[Run 4613/560000] ✅ Saved: nist_libs_3.5_wt_CeCl3_and_1.0_wt_SmCl3_and_1.5_wt_BaCl2.csv
[Run 4612/560000] ✅ Saved: nist_libs_3.5_wt_CeCl3_and_1.0_wt_SmCl3_and_1.0_wt_BaCl2.csv
[Run 4614/560000] ✅ Saved: nist_libs_3.5_wt_CeCl3_and_1.0_wt_SmCl3_and_2.0_wt_BaCl2.csv
[Run 4615/560000] ✅ Saved: nist_libs_3.5_wt_CeCl3_and_1.0_wt_SmCl3_and_2.5_wt_BaCl2.csv
[Run 4616/560000] ✅ Saved: nist_libs_3.5_wt_CeCl3_and_1.0_wt_SmCl3_and_3.0_wt_BaCl2.csv
[Run 4618/560000] ✅ Saved: nist_libs_3.5_wt_CeCl3_and_1.0_wt_SmCl3_and_4.0_wt_BaCl2.csv
[Run 4617/560000] ✅ Saved: nist_libs_3.5_wt_CeCl3_and_1.0_wt_SmCl3_and_3.5_wt_BaCl2.csv
[Run 4619/560000] ✅ Saved: nist_libs_3.5_wt_CeCl3_and_1.0_wt_SmCl3_and_4.5_wt_BaCl2.csv
[Run 4620/560000] ✅ Saved: nist_libs_3.5_wt_CeCl3_and_1.0_wt_SmCl3_and_5.0_wt_BaCl2.csv
[Run 4622/560000] ✅ Saved: nist_libs_3.5_wt_CeCl3_and_1.5_wt_SmCl3_and_1.0_wt_BaCl2.csv
[Run 4621/560000] ✅ Saved: nist_libs_3.5_wt_CeCl3_and_1.5_wt_SmCl3_and_0.5_wt_BaCl2.csv
[Run 4623/560000] ✅ Saved: nist_libs_3.5_wt_CeCl3_and_1.5_wt_SmCl3_and_1.5_wt_BaCl2.csv
[Run 4624/560000] ✅ Saved: nist_libs_3.5_wt_CeCl3_and_1.5_wt_SmCl3_and_2.0_wt_BaCl2.csv
[Run 4625/560000] ✅ Saved: nist_libs_3.5_wt_CeCl3_and_1.5_wt_SmCl3_and_2.5_wt_BaCl2.csv
[Run 4626/560000] ✅ Saved: nist_libs_3.5_wt_CeCl3_and_1.5_wt_SmCl3_and_3.0_wt_BaCl2.csv
[Run 4627/560000] ✅ Saved: nist_libs_3.5_wt_CeCl3_and_1.5_wt_SmCl3_and_3.5_wt_BaCl2.csv
[Run 4628/560000] ✅ Saved: nist_libs_3.5_wt_CeCl3_and_1.5_wt_SmCl3_and_4.0_wt_BaCl2.csv
[Run 4629/560000] ✅ Saved: nist_libs_3.5_wt_CeCl3_and_1.5_wt_SmCl3_and_4.5_wt_BaCl2.csv
[Run 4630/560000] ✅ Saved: nist_libs_3.5_wt_CeCl3_and_1.5_wt_SmCl3_and_5.0_wt_BaCl2.csv
[Run 4632/560000] ✅ Saved: nist_libs_3.5_wt_CeCl3_and_2.0_wt_SmCl3_and_1.0_wt_BaCl2.csv
[Run 4631/560000] ✅ Saved: nist_libs_3.5_wt_CeCl3_and_2.0_wt_SmCl3_and_0.5_wt_BaCl2.csv
[Run 4634/560000] ✅ Saved: nist_libs_3.5_wt_CeCl3_and_2.0_wt_SmCl3_and_2.0_wt_BaCl2.csv
[Run 4633/560000] ✅ Saved: nist_libs_3.5_wt_CeCl3_and_2.0_wt_SmCl3_and_1.5_wt_BaCl2.csv
[Run 4636/560000] ✅ Saved: nist_libs_3.5_wt_CeCl3_and_2.0_wt_SmCl3_and_3.0_wt_BaCl2.csv
[Run 4635/560000] ✅ Saved: nist_libs_3.5_wt_CeCl3_and_2.0_wt_SmCl3_and_2.5_wt_BaCl2.csv
[Run 4637/560000] ✅ Saved: nist_libs_3.5_wt_CeCl3_and_2.0_wt_SmCl3_and_3.5_wt_BaCl2.csv
[Run 4638/560000] ✅ Saved: nist_libs_3.5_wt_CeCl3_and_2.0_wt_SmCl3_and_4.0_wt_BaCl2.csv
[Run 4639/560000] ✅ Saved: nist_libs_3.5_wt_CeCl3_and_2.0_wt_SmCl3_and_4.5_wt_BaCl2.csv
[Run 4640/560000] ✅ Saved: nist_libs_3.5_wt_CeCl3_and_2.0_wt_SmCl3_and_5.0_wt_BaCl2.csv
[Run 4641/560000] ✅ Saved: nist_libs_3.5_wt_CeCl3_and_2.5_wt_SmCl3_and_0.5_wt_BaCl2.csv
[Run 4642/560000] ✅ Saved: nist_libs_3.5_wt_CeCl3_and_2.5_wt_SmCl3_and_1.0_wt_BaCl2.csv
[Run 4644/560000] ✅ Saved: nist_libs_3.5_wt_CeCl3_and_2.5_wt_SmCl3_and_2.0_wt_BaCl2.csv
[Run 4643/560000] ✅ Saved: nist_libs_3.5_wt_CeCl3_and_2.5_wt_SmCl3_and_1.5_wt_BaCl2.csv
[Run 4645/560000] ✅ Saved: nist_libs_3.5_wt_CeCl3_and_2.5_wt_SmCl3_and_2.5_wt_BaCl2.csv
[Run 4646/560000] ✅ Saved: nist_libs_3.5_wt_CeCl3_and_2.5_wt_SmCl3_and_3.0_wt_BaCl2.csv
[Run 4647/560000] ✅ Saved: nist_libs_3.5_wt_CeCl3_and_2.5_wt_SmCl3_and_3.5_wt_BaCl2.csv
[Run 4648/560000] ✅ Saved: nist_libs_3.5_wt_CeCl3_and_2.5_wt_SmCl3_and_4.0_wt_BaCl2.csv
[Run 4649/560000] ✅ Saved: nist_libs_3.5_wt_CeCl3_and_2.5_wt_SmCl3_and_4.5_wt_BaCl2.csv
[Run 4650/560000] ✅ Saved: nist_libs_3.5_wt_CeCl3_and_2.5_wt_SmCl3_and_5.0_wt_BaCl2.csv
[Run 4652/560000] ✅ Saved: nist_libs_3.5_wt_CeCl3_and_3.0_wt_SmCl3_and_1.0_wt_BaCl2.csv
[Run 4651/560000] ✅ Saved: nist_libs_3.5_wt_CeCl3_and_3.0_wt_SmCl3_and_0.5_wt_BaCl2.csv
[Run 4653/560000] ✅ Saved: nist_libs_3.5_wt_CeCl3_and_3.0_wt_SmCl3_and_1.5_wt_BaCl2.csv
[Run 4654/560000] ✅ Saved: nist_libs_3.5_wt_CeCl3_and_3.0_wt_SmCl3_and_2.0_wt_BaCl2.csv
[Run 4655/560000] ✅ Saved: nist_libs_3.5_wt_CeCl3_and_3.0_wt_SmCl3_and_2.5_wt_BaCl2.csv
[Run 4656/560000] ✅ Saved: nist_libs_3.5_wt_CeCl3_and_3.0_wt_SmCl3_and_3.0_wt_BaCl2.csv
[Run 4657/560000] ✅ Saved: nist_libs_3.5_wt_CeCl3_and_3.0_wt_SmCl3_and_3.5_wt_BaCl2.csv
[Run 4658/560000] ✅ Saved: nist_libs_3.5_wt_CeCl3_and_3.0_wt_SmCl3_and_4.0_wt_BaCl2.csv
[Run 4660/560000] ✅ Saved: nist_libs_3.5_wt_CeCl3_and_3.0_wt_SmCl3_and_5.0_wt_BaCl2.csv
[Run 4659/560000] ✅ Saved: nist_libs_3.5_wt_CeCl3_and_3.0_wt_SmCl3_and_4.5_wt_BaCl2.csv
[Run 4661/560000] ✅ Saved: nist_libs_3.5_wt_CeCl3_and_3.5_wt_SmCl3_and_0.5_wt_BaCl2.csv
[Run 4662/560000] ✅ Saved: nist_libs_3.5_wt_CeCl3_and_3.5_wt_SmCl3_and_1.0_wt_BaCl2.csv
[Run 4663/560000] ✅ Saved: nist_libs_3.5_wt_CeCl3_and_3.5_wt_SmCl3_and_1.5_wt_BaCl2.csv
[Run 4664/560000] ✅ Saved: nist_libs_3.5_wt_CeCl3_and_3.5_wt_SmCl3_and_2.0_wt_BaCl2.csv
[Run 4665/560000] ✅ Saved: nist_libs_3.5_wt_CeCl3_and_3.5_wt_SmCl3_and_2.5_wt_BaCl2.csv
[Run 4666/560000] ✅ Saved: nist_libs_3.5_wt_CeCl3_and_3.5_wt_SmCl3_and_3.0_wt_BaCl2.csv
[Run 4667/560000] ✅ Saved: nist_libs_3.5_wt_CeCl3_and_3.5_wt_SmCl3_and_3.5_wt_BaCl2.csv
[Run 4668/560000] ✅ Saved: nist_libs_3.5_wt_CeCl3_and_3.5_wt_SmCl3_and_4.0_wt_BaCl2.csv
[Run 4669/560000] ✅ Saved: nist_libs_3.5_wt_CeCl3_and_3.5_wt_SmCl3_and_4.5_wt_BaCl2.csv
[Run 4670/560000] ✅ Saved: nist_libs_3.5_wt_CeCl3_and_3.5_wt_SmCl3_and_5.0_wt_BaCl2.csv
[Run 4671/560000] ✅ Saved: nist_libs_3.5_wt_CeCl3_and_4.0_wt_SmCl3_and_0.5_wt_BaCl2.csv
[Run 4672/560000] ✅ Saved: nist_libs_3.5_wt_CeCl3_and_4.0_wt_SmCl3_and_1.0_wt_BaCl2.csv
[Run 4673/560000] ✅ Saved: nist_libs_3.5_wt_CeCl3_and_4.0_wt_SmCl3_and_1.5_wt_BaCl2.csv
[Run 4674/560000] ✅ Saved: nist_libs_3.5_wt_CeCl3_and_4.0_wt_SmCl3_and_2.0_wt_BaCl2.csv
[Run 4675/560000] ✅ Saved: nist_libs_3.5_wt_CeCl3_and_4.0_wt_SmCl3_and_2.5_wt_BaCl2.csv
[Run 4677/560000] ✅ Saved: nist_libs_3.5_wt_CeCl3_and_4.0_wt_SmCl3_and_3.5_wt_BaCl2.csv
[Run 4676/560000] ✅ Saved: nist_libs_3.5_wt_CeCl3_and_4.0_wt_SmCl3_and_3.0_wt_BaCl2.csv
[Run 4678/560000] ✅ Saved: nist_libs_3.5_wt_CeCl3_and_4.0_wt_SmCl3_and_4.0_wt_BaCl2.csv
[Run 4679/560000] ✅ Saved: nist_libs_3.5_wt_CeCl3_and_4.0_wt_SmCl3_and_4.5_wt_BaCl2.csv
[Run 4680/560000] ✅ Saved: nist_libs_3.5_wt_CeCl3_and_4.0_wt_SmCl3_and_5.0_wt_BaCl2.csv
[Run 4681/560000] ✅ Saved: nist_libs_3.5_wt_CeCl3_and_4.5_wt_SmCl3_and_0.5_wt_BaCl2.csv
[Run 4682/560000] ✅ Saved: nist_libs_3.5_wt_CeCl3_and_4.5_wt_SmCl3_and_1.0_wt_BaCl2.csv
[Run 4683/560000] ✅ Saved: nist_libs_3.5_wt_CeCl3_and_4.5_wt_SmCl3_and_1.5_wt_BaCl2.csv
[Run 4684/560000] ✅ Saved: nist_libs_3.5_wt_CeCl3_and_4.5_wt_SmCl3_and_2.0_wt_BaCl2.csv
[Run 4685/560000] ✅ Saved: nist_libs_3.5_wt_CeCl3_and_4.5_wt_SmCl3_and_2.5_wt_BaCl2.csv
[Run 4686/560000] ✅ Saved: nist_libs_3.5_wt_CeCl3_and_4.5_wt_SmCl3_and_3.0_wt_BaCl2.csv
[Run 4687/560000] ✅ Saved: nist_libs_3.5_wt_CeCl3_and_4.5_wt_SmCl3_and_3.5_wt_BaCl2.csv
[Run 4689/560000] ✅ Saved: nist_libs_3.5_wt_CeCl3_and_4.5_wt_SmCl3_and_4.5_wt_BaCl2.csv
[Run 4688/560000] ✅ Saved: nist_libs_3.5_wt_CeCl3_and_4.5_wt_SmCl3_and_4.0_wt_BaCl2.csv
[Run 4690/560000] ✅ Saved: nist_libs_3.5_wt_CeCl3_and_4.5_wt_SmCl3_and_5.0_wt_BaCl2.csv
[Run 4691/560000] ✅ Saved: nist_libs_3.5_wt_CeCl3_and_5.0_wt_SmCl3_and_0.5_wt_BaCl2.csv
[Run 4692/560000] ✅ Saved: nist_libs_3.5_wt_CeCl3_and_5.0_wt_SmCl3_and_1.0_wt_BaCl2.csv
[Run 4693/560000] ✅ Saved: nist_libs_3.5_wt_CeCl3_and_5.0_wt_SmCl3_and_1.5_wt_BaCl2.csv
[Run 4695/560000] ✅ Saved: nist_libs_3.5_wt_CeCl3_and_5.0_wt_SmCl3_and_2.5_wt_BaCl2.csv
[Run 4694/560000] ✅ Saved: nist_libs_3.5_wt_CeCl3_and_5.0_wt_SmCl3_and_2.0_wt_BaCl2.csv
[Run 4696/560000] ✅ Saved: nist_libs_3.5_wt_CeCl3_and_5.0_wt_SmCl3_and_3.0_wt_BaCl2.csv
[Run 4697/560000] ✅ Saved: nist_libs_3.5_wt_CeCl3_and_5.0_wt_SmCl3_and_3.5_wt_BaCl2.csv
[Run 4699/560000] ✅ Saved: nist_libs_3.5_wt_CeCl3_and_5.0_wt_SmCl3_and_4.5_wt_BaCl2.csv
[Run 4698/560000] ✅ Saved: nist_libs_3.5_wt_CeCl3_and_5.0_wt_SmCl3_and_4.0_wt_BaCl2.csv
[Run 4701/560000] ✅ Saved: nist_libs_4.0_wt_CeCl3_and_0.5_wt_SmCl3_and_0.5_wt_BaCl2.csv
[Run 4700/560000] ✅ Saved: nist_libs_3.5_wt_CeCl3_and_5.0_wt_SmCl3_and_5.0_wt_BaCl2.csv
[Run 4702/560000] ✅ Saved: nist_libs_4.0_wt_CeCl3_and_0.5_wt_SmCl3_and_1.0_wt_BaCl2.csv
[Run 4703/560000] ✅ Saved: nist_libs_4.0_wt_CeCl3_and_0.5_wt_SmCl3_and_1.5_wt_BaCl2.csv
[Run 4704/560000] ✅ Saved: nist_libs_4.0_wt_CeCl3_and_0.5_wt_SmCl3_and_2.0_wt_BaCl2.csv
[Run 4705/560000] ✅ Saved: nist_libs_4.0_wt_CeCl3_and_0.5_wt_SmCl3_and_2.5_wt_BaCl2.csv
[Run 4706/560000] ✅ Saved: nist_libs_4.0_wt_CeCl3_and_0.5_wt_SmCl3_and_3.0_wt_BaCl2.csv
[Run 4707/560000] ✅ Saved: nist_libs_4.0_wt_CeCl3_and_0.5_wt_SmCl3_and_3.5_wt_BaCl2.csv
[Run 4708/560000] ✅ Saved: nist_libs_4.0_wt_CeCl3_and_0.5_wt_SmCl3_and_4.0_wt_BaCl2.csv
[Run 4709/560000] ✅ Saved: nist_libs_4.0_wt_CeCl3_and_0.5_wt_SmCl3_and_4.5_wt_BaCl2.csv
[Run 4710/560000] ✅ Saved: nist_libs_4.0_wt_CeCl3_and_0.5_wt_SmCl3_and_5.0_wt_BaCl2.csv
[Run 4711/560000] ✅ Saved: nist_libs_4.0_wt_CeCl3_and_1.0_wt_SmCl3_and_0.5_wt_BaCl2.csv
[Run 4712/560000] ✅ Saved: nist_libs_4.0_wt_CeCl3_and_1.0_wt_SmCl3_and_1.0_wt_BaCl2.csv
[Run 4713/560000] ✅ Saved: nist_libs_4.0_wt_CeCl3_and_1.0_wt_SmCl3_and_1.5_wt_BaCl2.csv
[Run 4715/560000] ✅ Saved: nist_libs_4.0_wt_CeCl3_and_1.0_wt_SmCl3_and_2.5_wt_BaCl2.csv
[Run 4714/560000] ✅ Saved: nist_libs_4.0_wt_CeCl3_and_1.0_wt_SmCl3_and_2.0_wt_BaCl2.csv
[Run 4716/560000] ✅ Saved: nist_libs_4.0_wt_CeCl3_and_1.0_wt_SmCl3_and_3.0_wt_BaCl2.csv
[Run 4717/560000] ✅ Saved: nist_libs_4.0_wt_CeCl3_and_1.0_wt_SmCl3_and_3.5_wt_BaCl2.csv
[Run 4718/560000] ✅ Saved: nist_libs_4.0_wt_CeCl3_and_1.0_wt_SmCl3_and_4.0_wt_BaCl2.csv
[Run 4719/560000] ✅ Saved: nist_libs_4.0_wt_CeCl3_and_1.0_wt_SmCl3_and_4.5_wt_BaCl2.csv
[Run 4720/560000] ✅ Saved: nist_libs_4.0_wt_CeCl3_and_1.0_wt_SmCl3_and_5.0_wt_BaCl2.csv
[Run 4721/560000] ✅ Saved: nist_libs_4.0_wt_CeCl3_and_1.5_wt_SmCl3_and_0.5_wt_BaCl2.csv
[Run 4723/560000] ✅ Saved: nist_libs_4.0_wt_CeCl3_and_1.5_wt_SmCl3_and_1.5_wt_BaCl2.csv
[Run 4722/560000] ✅ Saved: nist_libs_4.0_wt_CeCl3_and_1.5_wt_SmCl3_and_1.0_wt_BaCl2.csv
[Run 4724/560000] ✅ Saved: nist_libs_4.0_wt_CeCl3_and_1.5_wt_SmCl3_and_2.0_wt_BaCl2.csv
[Run 4725/560000] ✅ Saved: nist_libs_4.0_wt_CeCl3_and_1.5_wt_SmCl3_and_2.5_wt_BaCl2.csv
[Run 4726/560000] ✅ Saved: nist_libs_4.0_wt_CeCl3_and_1.5_wt_SmCl3_and_3.0_wt_BaCl2.csv
[Run 4727/560000] ✅ Saved: nist_libs_4.0_wt_CeCl3_and_1.5_wt_SmCl3_and_3.5_wt_BaCl2.csv
[Run 4728/560000] ✅ Saved: nist_libs_4.0_wt_CeCl3_and_1.5_wt_SmCl3_and_4.0_wt_BaCl2.csv
[Run 4729/560000] ✅ Saved: nist_libs_4.0_wt_CeCl3_and_1.5_wt_SmCl3_and_4.5_wt_BaCl2.csv
[Run 4731/560000] ✅ Saved: nist_libs_4.0_wt_CeCl3_and_2.0_wt_SmCl3_and_0.5_wt_BaCl2.csv
[Run 4730/560000] ✅ Saved: nist_libs_4.0_wt_CeCl3_and_1.5_wt_SmCl3_and_5.0_wt_BaCl2.csv
[Run 4732/560000] ✅ Saved: nist_libs_4.0_wt_CeCl3_and_2.0_wt_SmCl3_and_1.0_wt_BaCl2.csv
[Run 4733/560000] ✅ Saved: nist_libs_4.0_wt_CeCl3_and_2.0_wt_SmCl3_and_1.5_wt_BaCl2.csv
[Run 4734/560000] ✅ Saved: nist_libs_4.0_wt_CeCl3_and_2.0_wt_SmCl3_and_2.0_wt_BaCl2.csv
[Run 4735/560000] ✅ Saved: nist_libs_4.0_wt_CeCl3_and_2.0_wt_SmCl3_and_2.5_wt_BaCl2.csv
[Run 4737/560000] ✅ Saved: nist_libs_4.0_wt_CeCl3_and_2.0_wt_SmCl3_and_3.5_wt_BaCl2.csv
[Run 4736/560000] ✅ Saved: nist_libs_4.0_wt_CeCl3_and_2.0_wt_SmCl3_and_3.0_wt_BaCl2.csv
[Run 4738/560000] ✅ Saved: nist_libs_4.0_wt_CeCl3_and_2.0_wt_SmCl3_and_4.0_wt_BaCl2.csv
[Run 4739/560000] ✅ Saved: nist_libs_4.0_wt_CeCl3_and_2.0_wt_SmCl3_and_4.5_wt_BaCl2.csv
[Run 4740/560000] ✅ Saved: nist_libs_4.0_wt_CeCl3_and_2.0_wt_SmCl3_and_5.0_wt_BaCl2.csv
[Run 4741/560000] ✅ Saved: nist_libs_4.0_wt_CeCl3_and_2.5_wt_SmCl3_and_0.5_wt_BaCl2.csv
[Run 4742/560000] ✅ Saved: nist_libs_4.0_wt_CeCl3_and_2.5_wt_SmCl3_and_1.0_wt_BaCl2.csv
[Run 4743/560000] ✅ Saved: nist_libs_4.0_wt_CeCl3_and_2.5_wt_SmCl3_and_1.5_wt_BaCl2.csv
[Run 4744/560000] ✅ Saved: nist_libs_4.0_wt_CeCl3_and_2.5_wt_SmCl3_and_2.0_wt_BaCl2.csv
[Run 4745/560000] ✅ Saved: nist_libs_4.0_wt_CeCl3_and_2.5_wt_SmCl3_and_2.5_wt_BaCl2.csv
[Run 4747/560000] ✅ Saved: nist_libs_4.0_wt_CeCl3_and_2.5_wt_SmCl3_and_3.5_wt_BaCl2.csv
[Run 4746/560000] ✅ Saved: nist_libs_4.0_wt_CeCl3_and_2.5_wt_SmCl3_and_3.0_wt_BaCl2.csv
[Run 4748/560000] ✅ Saved: nist_libs_4.0_wt_CeCl3_and_2.5_wt_SmCl3_and_4.0_wt_BaCl2.csv
[Run 4749/560000] ✅ Saved: nist_libs_4.0_wt_CeCl3_and_2.5_wt_SmCl3_and_4.5_wt_BaCl2.csv
[Run 4751/560000] ✅ Saved: nist_libs_4.0_wt_CeCl3_and_3.0_wt_SmCl3_and_0.5_wt_BaCl2.csv
[Run 4750/560000] ✅ Saved: nist_libs_4.0_wt_CeCl3_and_2.5_wt_SmCl3_and_5.0_wt_BaCl2.csv
[Run 4752/560000] ✅ Saved: nist_libs_4.0_wt_CeCl3_and_3.0_wt_SmCl3_and_1.0_wt_BaCl2.csv
[Run 4753/560000] ✅ Saved: nist_libs_4.0_wt_CeCl3_and_3.0_wt_SmCl3_and_1.5_wt_BaCl2.csv
[Run 4754/560000] ✅ Saved: nist_libs_4.0_wt_CeCl3_and_3.0_wt_SmCl3_and_2.0_wt_BaCl2.csv
[Run 4755/560000] ✅ Saved: nist_libs_4.0_wt_CeCl3_and_3.0_wt_SmCl3_and_2.5_wt_BaCl2.csv
[Run 4757/560000] ✅ Saved: nist_libs_4.0_wt_CeCl3_and_3.0_wt_SmCl3_and_3.5_wt_BaCl2.csv
[Run 4756/560000] ✅ Saved: nist_libs_4.0_wt_CeCl3_and_3.0_wt_SmCl3_and_3.0_wt_BaCl2.csv
[Run 4758/560000] ✅ Saved: nist_libs_4.0_wt_CeCl3_and_3.0_wt_SmCl3_and_4.0_wt_BaCl2.csv
[Run 4760/560000] ✅ Saved: nist_libs_4.0_wt_CeCl3_and_3.0_wt_SmCl3_and_5.0_wt_BaCl2.csv
[Run 4759/560000] ✅ Saved: nist_libs_4.0_wt_CeCl3_and_3.0_wt_SmCl3_and_4.5_wt_BaCl2.csv
[Run 4761/560000] ✅ Saved: nist_libs_4.0_wt_CeCl3_and_3.5_wt_SmCl3_and_0.5_wt_BaCl2.csv
[Run 4762/560000] ✅ Saved: nist_libs_4.0_wt_CeCl3_and_3.5_wt_SmCl3_and_1.0_wt_BaCl2.csv
[Run 4763/560000] ✅ Saved: nist_libs_4.0_wt_CeCl3_and_3.5_wt_SmCl3_and_1.5_wt_BaCl2.csv
[Run 4765/560000] ✅ Saved: nist_libs_4.0_wt_CeCl3_and_3.5_wt_SmCl3_and_2.5_wt_BaCl2.csv
[Run 4764/560000] ✅ Saved: nist_libs_4.0_wt_CeCl3_and_3.5_wt_SmCl3_and_2.0_wt_BaCl2.csv
[Run 4766/560000] ✅ Saved: nist_libs_4.0_wt_CeCl3_and_3.5_wt_SmCl3_and_3.0_wt_BaCl2.csv
[Run 4767/560000] ✅ Saved: nist_libs_4.0_wt_CeCl3_and_3.5_wt_SmCl3_and_3.5_wt_BaCl2.csv
[Run 4769/560000] ✅ Saved: nist_libs_4.0_wt_CeCl3_and_3.5_wt_SmCl3_and_4.5_wt_BaCl2.csv
[Run 4768/560000] ✅ Saved: nist_libs_4.0_wt_CeCl3_and_3.5_wt_SmCl3_and_4.0_wt_BaCl2.csv
[Run 4770/560000] ✅ Saved: nist_libs_4.0_wt_CeCl3_and_3.5_wt_SmCl3_and_5.0_wt_BaCl2.csv
[Run 4771/560000] ✅ Saved: nist_libs_4.0_wt_CeCl3_and_4.0_wt_SmCl3_and_0.5_wt_BaCl2.csv
[Run 4772/560000] ✅ Saved: nist_libs_4.0_wt_CeCl3_and_4.0_wt_SmCl3_and_1.0_wt_BaCl2.csv
[Run 4773/560000] ✅ Saved: nist_libs_4.0_wt_CeCl3_and_4.0_wt_SmCl3_and_1.5_wt_BaCl2.csv
[Run 4774/560000] ✅ Saved: nist_libs_4.0_wt_CeCl3_and_4.0_wt_SmCl3_and_2.0_wt_BaCl2.csv
[Run 4775/560000] ✅ Saved: nist_libs_4.0_wt_CeCl3_and_4.0_wt_SmCl3_and_2.5_wt_BaCl2.csv
[Run 4777/560000] ✅ Saved: nist_libs_4.0_wt_CeCl3_and_4.0_wt_SmCl3_and_3.5_wt_BaCl2.csv
[Run 4776/560000] ✅ Saved: nist_libs_4.0_wt_CeCl3_and_4.0_wt_SmCl3_and_3.0_wt_BaCl2.csv
[Run 4779/560000] ✅ Saved: nist_libs_4.0_wt_CeCl3_and_4.0_wt_SmCl3_and_4.5_wt_BaCl2.csv
[Run 4778/560000] ✅ Saved: nist_libs_4.0_wt_CeCl3_and_4.0_wt_SmCl3_and_4.0_wt_BaCl2.csv
[Run 4780/560000] ✅ Saved: nist_libs_4.0_wt_CeCl3_and_4.0_wt_SmCl3_and_5.0_wt_BaCl2.csv
[Run 4781/560000] ✅ Saved: nist_libs_4.0_wt_CeCl3_and_4.5_wt_SmCl3_and_0.5_wt_BaCl2.csv
[Run 4782/560000] ✅ Saved: nist_libs_4.0_wt_CeCl3_and_4.5_wt_SmCl3_and_1.0_wt_BaCl2.csv
[Run 4783/560000] ✅ Saved: nist_libs_4.0_wt_CeCl3_and_4.5_wt_SmCl3_and_1.5_wt_BaCl2.csv
[Run 4784/560000] ✅ Saved: nist_libs_4.0_wt_CeCl3_and_4.5_wt_SmCl3_and_2.0_wt_BaCl2.csv
[Run 4785/560000] ✅ Saved: nist_libs_4.0_wt_CeCl3_and_4.5_wt_SmCl3_and_2.5_wt_BaCl2.csv
[Run 4787/560000] ✅ Saved: nist_libs_4.0_wt_CeCl3_and_4.5_wt_SmCl3_and_3.5_wt_BaCl2.csv
[Run 4786/560000] ✅ Saved: nist_libs_4.0_wt_CeCl3_and_4.5_wt_SmCl3_and_3.0_wt_BaCl2.csv
[Run 4788/560000] ✅ Saved: nist_libs_4.0_wt_CeCl3_and_4.5_wt_SmCl3_and_4.0_wt_BaCl2.csv
[Run 4789/560000] ✅ Saved: nist_libs_4.0_wt_CeCl3_and_4.5_wt_SmCl3_and_4.5_wt_BaCl2.csv
[Run 4790/560000] ✅ Saved: nist_libs_4.0_wt_CeCl3_and_4.5_wt_SmCl3_and_5.0_wt_BaCl2.csv
[Run 4791/560000] ✅ Saved: nist_libs_4.0_wt_CeCl3_and_5.0_wt_SmCl3_and_0.5_wt_BaCl2.csv
[Run 4793/560000] ✅ Saved: nist_libs_4.0_wt_CeCl3_and_5.0_wt_SmCl3_and_1.5_wt_BaCl2.csv
[Run 4792/560000] ✅ Saved: nist_libs_4.0_wt_CeCl3_and_5.0_wt_SmCl3_and_1.0_wt_BaCl2.csv
[Run 4794/560000] ✅ Saved: nist_libs_4.0_wt_CeCl3_and_5.0_wt_SmCl3_and_2.0_wt_BaCl2.csv
[Run 4795/560000] ✅ Saved: nist_libs_4.0_wt_CeCl3_and_5.0_wt_SmCl3_and_2.5_wt_BaCl2.csv
[Run 4797/560000] ✅ Saved: nist_libs_4.0_wt_CeCl3_and_5.0_wt_SmCl3_and_3.5_wt_BaCl2.csv
[Run 4796/560000] ✅ Saved: nist_libs_4.0_wt_CeCl3_and_5.0_wt_SmCl3_and_3.0_wt_BaCl2.csv
[Run 4798/560000] ✅ Saved: nist_libs_4.0_wt_CeCl3_and_5.0_wt_SmCl3_and_4.0_wt_BaCl2.csv
[Run 4799/560000] ✅ Saved: nist_libs_4.0_wt_CeCl3_and_5.0_wt_SmCl3_and_4.5_wt_BaCl2.csv
[Run 4800/560000] ✅ Saved: nist_libs_4.0_wt_CeCl3_and_5.0_wt_SmCl3_and_5.0_wt_BaCl2.csv
[Run 4801/560000] ✅ Saved: nist_libs_4.5_wt_CeCl3_and_0.5_wt_SmCl3_and_0.5_wt_BaCl2.csv
[Run 4802/560000] ✅ Saved: nist_libs_4.5_wt_CeCl3_and_0.5_wt_SmCl3_and_1.0_wt_BaCl2.csv
[Run 4803/560000] ✅ Saved: nist_libs_4.5_wt_CeCl3_and_0.5_wt_SmCl3_and_1.5_wt_BaCl2.csv
[Run 4804/560000] ✅ Saved: nist_libs_4.5_wt_CeCl3_and_0.5_wt_SmCl3_and_2.0_wt_BaCl2.csv
[Run 4805/560000] ✅ Saved: nist_libs_4.5_wt_CeCl3_and_0.5_wt_SmCl3_and_2.5_wt_BaCl2.csv
[Run 4806/560000] ✅ Saved: nist_libs_4.5_wt_CeCl3_and_0.5_wt_SmCl3_and_3.0_wt_BaCl2.csv
[Run 4807/560000] ✅ Saved: nist_libs_4.5_wt_CeCl3_and_0.5_wt_SmCl3_and_3.5_wt_BaCl2.csv
[Run 4808/560000] ✅ Saved: nist_libs_4.5_wt_CeCl3_and_0.5_wt_SmCl3_and_4.0_wt_BaCl2.csv
[Run 4809/560000] ✅ Saved: nist_libs_4.5_wt_CeCl3_and_0.5_wt_SmCl3_and_4.5_wt_BaCl2.csv
[Run 4810/560000] ✅ Saved: nist_libs_4.5_wt_CeCl3_and_0.5_wt_SmCl3_and_5.0_wt_BaCl2.csv
[Run 4811/560000] ✅ Saved: nist_libs_4.5_wt_CeCl3_and_1.0_wt_SmCl3_and_0.5_wt_BaCl2.csv
[Run 4812/560000] ✅ Saved: nist_libs_4.5_wt_CeCl3_and_1.0_wt_SmCl3_and_1.0_wt_BaCl2.csv
[Run 4813/560000] ✅ Saved: nist_libs_4.5_wt_CeCl3_and_1.0_wt_SmCl3_and_1.5_wt_BaCl2.csv
[Run 4814/560000] ✅ Saved: nist_libs_4.5_wt_CeCl3_and_1.0_wt_SmCl3_and_2.0_wt_BaCl2.csv
[Run 4815/560000] ✅ Saved: nist_libs_4.5_wt_CeCl3_and_1.0_wt_SmCl3_and_2.5_wt_BaCl2.csv
[Run 4816/560000] ✅ Saved: nist_libs_4.5_wt_CeCl3_and_1.0_wt_SmCl3_and_3.0_wt_BaCl2.csv
[Run 4817/560000] ✅ Saved: nist_libs_4.5_wt_CeCl3_and_1.0_wt_SmCl3_and_3.5_wt_BaCl2.csv
[Run 4818/560000] ✅ Saved: nist_libs_4.5_wt_CeCl3_and_1.0_wt_SmCl3_and_4.0_wt_BaCl2.csv
[Run 4819/560000] ✅ Saved: nist_libs_4.5_wt_CeCl3_and_1.0_wt_SmCl3_and_4.5_wt_BaCl2.csv
[Run 4821/560000] ✅ Saved: nist_libs_4.5_wt_CeCl3_and_1.5_wt_SmCl3_and_0.5_wt_BaCl2.csv
[Run 4820/560000] ✅ Saved: nist_libs_4.5_wt_CeCl3_and_1.0_wt_SmCl3_and_5.0_wt_BaCl2.csv
[Run 4822/560000] ✅ Saved: nist_libs_4.5_wt_CeCl3_and_1.5_wt_SmCl3_and_1.0_wt_BaCl2.csv
[Run 4823/560000] ✅ Saved: nist_libs_4.5_wt_CeCl3_and_1.5_wt_SmCl3_and_1.5_wt_BaCl2.csv
[Run 4825/560000] ✅ Saved: nist_libs_4.5_wt_CeCl3_and_1.5_wt_SmCl3_and_2.5_wt_BaCl2.csv
[Run 4824/560000] ✅ Saved: nist_libs_4.5_wt_CeCl3_and_1.5_wt_SmCl3_and_2.0_wt_BaCl2.csv
[Run 4827/560000] ✅ Saved: nist_libs_4.5_wt_CeCl3_and_1.5_wt_SmCl3_and_3.5_wt_BaCl2.csv
[Run 4826/560000] ✅ Saved: nist_libs_4.5_wt_CeCl3_and_1.5_wt_SmCl3_and_3.0_wt_BaCl2.csv
[Run 4828/560000] ✅ Saved: nist_libs_4.5_wt_CeCl3_and_1.5_wt_SmCl3_and_4.0_wt_BaCl2.csv
[Run 4829/560000] ✅ Saved: nist_libs_4.5_wt_CeCl3_and_1.5_wt_SmCl3_and_4.5_wt_BaCl2.csv
[Run 4830/560000] ✅ Saved: nist_libs_4.5_wt_CeCl3_and_1.5_wt_SmCl3_and_5.0_wt_BaCl2.csv
[Run 4831/560000] ✅ Saved: nist_libs_4.5_wt_CeCl3_and_2.0_wt_SmCl3_and_0.5_wt_BaCl2.csv
[Run 4833/560000] ✅ Saved: nist_libs_4.5_wt_CeCl3_and_2.0_wt_SmCl3_and_1.5_wt_BaCl2.csv
[Run 4832/560000] ✅ Saved: nist_libs_4.5_wt_CeCl3_and_2.0_wt_SmCl3_and_1.0_wt_BaCl2.csv
[Run 4834/560000] ✅ Saved: nist_libs_4.5_wt_CeCl3_and_2.0_wt_SmCl3_and_2.0_wt_BaCl2.csv
[Run 4835/560000] ✅ Saved: nist_libs_4.5_wt_CeCl3_and_2.0_wt_SmCl3_and_2.5_wt_BaCl2.csv
[Run 4837/560000] ✅ Saved: nist_libs_4.5_wt_CeCl3_and_2.0_wt_SmCl3_and_3.5_wt_BaCl2.csv
[Run 4836/560000] ✅ Saved: nist_libs_4.5_wt_CeCl3_and_2.0_wt_SmCl3_and_3.0_wt_BaCl2.csv
[Run 4838/560000] ✅ Saved: nist_libs_4.5_wt_CeCl3_and_2.0_wt_SmCl3_and_4.0_wt_BaCl2.csv
[Run 4839/560000] ✅ Saved: nist_libs_4.5_wt_CeCl3_and_2.0_wt_SmCl3_and_4.5_wt_BaCl2.csv
[Run 4840/560000] ✅ Saved: nist_libs_4.5_wt_CeCl3_and_2.0_wt_SmCl3_and_5.0_wt_BaCl2.csv
[Run 4841/560000] ✅ Saved: nist_libs_4.5_wt_CeCl3_and_2.5_wt_SmCl3_and_0.5_wt_BaCl2.csv
[Run 4842/560000] ✅ Saved: nist_libs_4.5_wt_CeCl3_and_2.5_wt_SmCl3_and_1.0_wt_BaCl2.csv
[Run 4843/560000] ✅ Saved: nist_libs_4.5_wt_CeCl3_and_2.5_wt_SmCl3_and_1.5_wt_BaCl2.csv
[Run 4844/560000] ✅ Saved: nist_libs_4.5_wt_CeCl3_and_2.5_wt_SmCl3_and_2.0_wt_BaCl2.csv
[Run 4845/560000] ✅ Saved: nist_libs_4.5_wt_CeCl3_and_2.5_wt_SmCl3_and_2.5_wt_BaCl2.csv
[Run 4846/560000] ✅ Saved: nist_libs_4.5_wt_CeCl3_and_2.5_wt_SmCl3_and_3.0_wt_BaCl2.csv
[Run 4847/560000] ✅ Saved: nist_libs_4.5_wt_CeCl3_and_2.5_wt_SmCl3_and_3.5_wt_BaCl2.csv
[Run 4848/560000] ✅ Saved: nist_libs_4.5_wt_CeCl3_and_2.5_wt_SmCl3_and_4.0_wt_BaCl2.csv
[Run 4849/560000] ✅ Saved: nist_libs_4.5_wt_CeCl3_and_2.5_wt_SmCl3_and_4.5_wt_BaCl2.csv
[Run 4850/560000] ✅ Saved: nist_libs_4.5_wt_CeCl3_and_2.5_wt_SmCl3_and_5.0_wt_BaCl2.csv
[Run 4851/560000] ✅ Saved: nist_libs_4.5_wt_CeCl3_and_3.0_wt_SmCl3_and_0.5_wt_BaCl2.csv
[Run 4852/560000] ✅ Saved: nist_libs_4.5_wt_CeCl3_and_3.0_wt_SmCl3_and_1.0_wt_BaCl2.csv
[Run 4853/560000] ✅ Saved: nist_libs_4.5_wt_CeCl3_and_3.0_wt_SmCl3_and_1.5_wt_BaCl2.csv
[Run 4854/560000] ✅ Saved: nist_libs_4.5_wt_CeCl3_and_3.0_wt_SmCl3_and_2.0_wt_BaCl2.csv
[Run 4855/560000] ✅ Saved: nist_libs_4.5_wt_CeCl3_and_3.0_wt_SmCl3_and_2.5_wt_BaCl2.csv
[Run 4856/560000] ✅ Saved: nist_libs_4.5_wt_CeCl3_and_3.0_wt_SmCl3_and_3.0_wt_BaCl2.csv
[Run 4857/560000] ✅ Saved: nist_libs_4.5_wt_CeCl3_and_3.0_wt_SmCl3_and_3.5_wt_BaCl2.csv
[Run 4858/560000] ✅ Saved: nist_libs_4.5_wt_CeCl3_and_3.0_wt_SmCl3_and_4.0_wt_BaCl2.csv
[Run 4859/560000] ✅ Saved: nist_libs_4.5_wt_CeCl3_and_3.0_wt_SmCl3_and_4.5_wt_BaCl2.csv
[Run 4860/560000] ✅ Saved: nist_libs_4.5_wt_CeCl3_and_3.0_wt_SmCl3_and_5.0_wt_BaCl2.csv
[Run 4861/560000] ✅ Saved: nist_libs_4.5_wt_CeCl3_and_3.5_wt_SmCl3_and_0.5_wt_BaCl2.csv
[Run 4862/560000] ✅ Saved: nist_libs_4.5_wt_CeCl3_and_3.5_wt_SmCl3_and_1.0_wt_BaCl2.csv
[Run 4863/560000] ✅ Saved: nist_libs_4.5_wt_CeCl3_and_3.5_wt_SmCl3_and_1.5_wt_BaCl2.csv
[Run 4864/560000] ✅ Saved: nist_libs_4.5_wt_CeCl3_and_3.5_wt_SmCl3_and_2.0_wt_BaCl2.csv
[Run 4866/560000] ✅ Saved: nist_libs_4.5_wt_CeCl3_and_3.5_wt_SmCl3_and_3.0_wt_BaCl2.csv
[Run 4865/560000] ✅ Saved: nist_libs_4.5_wt_CeCl3_and_3.5_wt_SmCl3_and_2.5_wt_BaCl2.csv
[Run 4867/560000] ✅ Saved: nist_libs_4.5_wt_CeCl3_and_3.5_wt_SmCl3_and_3.5_wt_BaCl2.csv
[Run 4868/560000] ✅ Saved: nist_libs_4.5_wt_CeCl3_and_3.5_wt_SmCl3_and_4.0_wt_BaCl2.csv
[Run 4869/560000] ✅ Saved: nist_libs_4.5_wt_CeCl3_and_3.5_wt_SmCl3_and_4.5_wt_BaCl2.csv
[Run 4870/560000] ✅ Saved: nist_libs_4.5_wt_CeCl3_and_3.5_wt_SmCl3_and_5.0_wt_BaCl2.csv
[Run 4871/560000] ✅ Saved: nist_libs_4.5_wt_CeCl3_and_4.0_wt_SmCl3_and_0.5_wt_BaCl2.csv
[Run 4872/560000] ✅ Saved: nist_libs_4.5_wt_CeCl3_and_4.0_wt_SmCl3_and_1.0_wt_BaCl2.csv
[Run 4874/560000] ✅ Saved: nist_libs_4.5_wt_CeCl3_and_4.0_wt_SmCl3_and_2.0_wt_BaCl2.csv
[Run 4873/560000] ✅ Saved: nist_libs_4.5_wt_CeCl3_and_4.0_wt_SmCl3_and_1.5_wt_BaCl2.csv
[Run 4875/560000] ✅ Saved: nist_libs_4.5_wt_CeCl3_and_4.0_wt_SmCl3_and_2.5_wt_BaCl2.csv
[Run 4876/560000] ✅ Saved: nist_libs_4.5_wt_CeCl3_and_4.0_wt_SmCl3_and_3.0_wt_BaCl2.csv
[Run 4877/560000] ✅ Saved: nist_libs_4.5_wt_CeCl3_and_4.0_wt_SmCl3_and_3.5_wt_BaCl2.csv
[Run 4878/560000] ✅ Saved: nist_libs_4.5_wt_CeCl3_and_4.0_wt_SmCl3_and_4.0_wt_BaCl2.csv
[Run 4879/560000] ✅ Saved: nist_libs_4.5_wt_CeCl3_and_4.0_wt_SmCl3_and_4.5_wt_BaCl2.csv
[Run 4881/560000] ✅ Saved: nist_libs_4.5_wt_CeCl3_and_4.5_wt_SmCl3_and_0.5_wt_BaCl2.csv
[Run 4880/560000] ✅ Saved: nist_libs_4.5_wt_CeCl3_and_4.0_wt_SmCl3_and_5.0_wt_BaCl2.csv
[Run 4883/560000] ✅ Saved: nist_libs_4.5_wt_CeCl3_and_4.5_wt_SmCl3_and_1.5_wt_BaCl2.csv
[Run 4882/560000] ✅ Saved: nist_libs_4.5_wt_CeCl3_and_4.5_wt_SmCl3_and_1.0_wt_BaCl2.csv
[Run 4884/560000] ✅ Saved: nist_libs_4.5_wt_CeCl3_and_4.5_wt_SmCl3_and_2.0_wt_BaCl2.csv
[Run 4885/560000] ✅ Saved: nist_libs_4.5_wt_CeCl3_and_4.5_wt_SmCl3_and_2.5_wt_BaCl2.csv
[Run 4887/560000] ✅ Saved: nist_libs_4.5_wt_CeCl3_and_4.5_wt_SmCl3_and_3.5_wt_BaCl2.csv
[Run 4886/560000] ✅ Saved: nist_libs_4.5_wt_CeCl3_and_4.5_wt_SmCl3_and_3.0_wt_BaCl2.csv
[Run 4888/560000] ✅ Saved: nist_libs_4.5_wt_CeCl3_and_4.5_wt_SmCl3_and_4.0_wt_BaCl2.csv
[Run 4889/560000] ✅ Saved: nist_libs_4.5_wt_CeCl3_and_4.5_wt_SmCl3_and_4.5_wt_BaCl2.csv
[Run 4890/560000] ✅ Saved: nist_libs_4.5_wt_CeCl3_and_4.5_wt_SmCl3_and_5.0_wt_BaCl2.csv
[Run 4891/560000] ✅ Saved: nist_libs_4.5_wt_CeCl3_and_5.0_wt_SmCl3_and_0.5_wt_BaCl2.csv
[Run 4892/560000] ✅ Saved: nist_libs_4.5_wt_CeCl3_and_5.0_wt_SmCl3_and_1.0_wt_BaCl2.csv
[Run 4893/560000] ✅ Saved: nist_libs_4.5_wt_CeCl3_and_5.0_wt_SmCl3_and_1.5_wt_BaCl2.csv
[Run 4894/560000] ✅ Saved: nist_libs_4.5_wt_CeCl3_and_5.0_wt_SmCl3_and_2.0_wt_BaCl2.csv
[Run 4895/560000] ✅ Saved: nist_libs_4.5_wt_CeCl3_and_5.0_wt_SmCl3_and_2.5_wt_BaCl2.csv
[Run 4896/560000] ✅ Saved: nist_libs_4.5_wt_CeCl3_and_5.0_wt_SmCl3_and_3.0_wt_BaCl2.csv
[Run 4897/560000] ✅ Saved: nist_libs_4.5_wt_CeCl3_and_5.0_wt_SmCl3_and_3.5_wt_BaCl2.csv
[Run 4898/560000] ✅ Saved: nist_libs_4.5_wt_CeCl3_and_5.0_wt_SmCl3_and_4.0_wt_BaCl2.csv
[Run 4899/560000] ✅ Saved: nist_libs_4.5_wt_CeCl3_and_5.0_wt_SmCl3_and_4.5_wt_BaCl2.csv
[Run 4900/560000] ✅ Saved: nist_libs_4.5_wt_CeCl3_and_5.0_wt_SmCl3_and_5.0_wt_BaCl2.csv
[Run 4901/560000] ✅ Saved: nist_libs_5.0_wt_CeCl3_and_0.5_wt_SmCl3_and_0.5_wt_BaCl2.csv
[Run 4902/560000] ✅ Saved: nist_libs_5.0_wt_CeCl3_and_0.5_wt_SmCl3_and_1.0_wt_BaCl2.csv
[Run 4903/560000] ✅ Saved: nist_libs_5.0_wt_CeCl3_and_0.5_wt_SmCl3_and_1.5_wt_BaCl2.csv
[Run 4905/560000] ✅ Saved: nist_libs_5.0_wt_CeCl3_and_0.5_wt_SmCl3_and_2.5_wt_BaCl2.csv
[Run 4904/560000] ✅ Saved: nist_libs_5.0_wt_CeCl3_and_0.5_wt_SmCl3_and_2.0_wt_BaCl2.csv
[Run 4906/560000] ✅ Saved: nist_libs_5.0_wt_CeCl3_and_0.5_wt_SmCl3_and_3.0_wt_BaCl2.csv
[Run 4907/560000] ✅ Saved: nist_libs_5.0_wt_CeCl3_and_0.5_wt_SmCl3_and_3.5_wt_BaCl2.csv
[Run 4909/560000] ✅ Saved: nist_libs_5.0_wt_CeCl3_and_0.5_wt_SmCl3_and_4.5_wt_BaCl2.csv
[Run 4908/560000] ✅ Saved: nist_libs_5.0_wt_CeCl3_and_0.5_wt_SmCl3_and_4.0_wt_BaCl2.csv
[Run 4910/560000] ✅ Saved: nist_libs_5.0_wt_CeCl3_and_0.5_wt_SmCl3_and_5.0_wt_BaCl2.csv
[Run 4911/560000] ✅ Saved: nist_libs_5.0_wt_CeCl3_and_1.0_wt_SmCl3_and_0.5_wt_BaCl2.csv
[Run 4913/560000] ✅ Saved: nist_libs_5.0_wt_CeCl3_and_1.0_wt_SmCl3_and_1.5_wt_BaCl2.csv
[Run 4912/560000] ✅ Saved: nist_libs_5.0_wt_CeCl3_and_1.0_wt_SmCl3_and_1.0_wt_BaCl2.csv
[Run 4914/560000] ✅ Saved: nist_libs_5.0_wt_CeCl3_and_1.0_wt_SmCl3_and_2.0_wt_BaCl2.csv
[Run 4915/560000] ✅ Saved: nist_libs_5.0_wt_CeCl3_and_1.0_wt_SmCl3_and_2.5_wt_BaCl2.csv
[Run 4916/560000] ✅ Saved: nist_libs_5.0_wt_CeCl3_and_1.0_wt_SmCl3_and_3.0_wt_BaCl2.csv
[Run 4918/560000] ✅ Saved: nist_libs_5.0_wt_CeCl3_and_1.0_wt_SmCl3_and_4.0_wt_BaCl2.csv
[Run 4917/560000] ✅ Saved: nist_libs_5.0_wt_CeCl3_and_1.0_wt_SmCl3_and_3.5_wt_BaCl2.csv
[Run 4919/560000] ✅ Saved: nist_libs_5.0_wt_CeCl3_and_1.0_wt_SmCl3_and_4.5_wt_BaCl2.csv
[Run 4920/560000] ✅ Saved: nist_libs_5.0_wt_CeCl3_and_1.0_wt_SmCl3_and_5.0_wt_BaCl2.csv
[Run 4921/560000] ✅ Saved: nist_libs_5.0_wt_CeCl3_and_1.5_wt_SmCl3_and_0.5_wt_BaCl2.csv
[Run 4922/560000] ✅ Saved: nist_libs_5.0_wt_CeCl3_and_1.5_wt_SmCl3_and_1.0_wt_BaCl2.csv
[Run 4923/560000] ✅ Saved: nist_libs_5.0_wt_CeCl3_and_1.5_wt_SmCl3_and_1.5_wt_BaCl2.csv
[Run 4924/560000] ✅ Saved: nist_libs_5.0_wt_CeCl3_and_1.5_wt_SmCl3_and_2.0_wt_BaCl2.csv
[Run 4925/560000] ✅ Saved: nist_libs_5.0_wt_CeCl3_and_1.5_wt_SmCl3_and_2.5_wt_BaCl2.csv
[Run 4927/560000] ✅ Saved: nist_libs_5.0_wt_CeCl3_and_1.5_wt_SmCl3_and_3.5_wt_BaCl2.csv
[Run 4926/560000] ✅ Saved: nist_libs_5.0_wt_CeCl3_and_1.5_wt_SmCl3_and_3.0_wt_BaCl2.csv
[Run 4929/560000] ✅ Saved: nist_libs_5.0_wt_CeCl3_and_1.5_wt_SmCl3_and_4.5_wt_BaCl2.csv
[Run 4928/560000] ✅ Saved: nist_libs_5.0_wt_CeCl3_and_1.5_wt_SmCl3_and_4.0_wt_BaCl2.csv
[Run 4930/560000] ✅ Saved: nist_libs_5.0_wt_CeCl3_and_1.5_wt_SmCl3_and_5.0_wt_BaCl2.csv
[Run 4931/560000] ✅ Saved: nist_libs_5.0_wt_CeCl3_and_2.0_wt_SmCl3_and_0.5_wt_BaCl2.csv
[Run 4932/560000] ✅ Saved: nist_libs_5.0_wt_CeCl3_and_2.0_wt_SmCl3_and_1.0_wt_BaCl2.csv
[Run 4934/560000] ✅ Saved: nist_libs_5.0_wt_CeCl3_and_2.0_wt_SmCl3_and_2.0_wt_BaCl2.csv
[Run 4933/560000] ✅ Saved: nist_libs_5.0_wt_CeCl3_and_2.0_wt_SmCl3_and_1.5_wt_BaCl2.csv
[Run 4935/560000] ✅ Saved: nist_libs_5.0_wt_CeCl3_and_2.0_wt_SmCl3_and_2.5_wt_BaCl2.csv
[Run 4936/560000] ✅ Saved: nist_libs_5.0_wt_CeCl3_and_2.0_wt_SmCl3_and_3.0_wt_BaCl2.csv
[Run 4938/560000] ✅ Saved: nist_libs_5.0_wt_CeCl3_and_2.0_wt_SmCl3_and_4.0_wt_BaCl2.csv
[Run 4937/560000] ✅ Saved: nist_libs_5.0_wt_CeCl3_and_2.0_wt_SmCl3_and_3.5_wt_BaCl2.csv
[Run 4939/560000] ✅ Saved: nist_libs_5.0_wt_CeCl3_and_2.0_wt_SmCl3_and_4.5_wt_BaCl2.csv
[Run 4940/560000] ✅ Saved: nist_libs_5.0_wt_CeCl3_and_2.0_wt_SmCl3_and_5.0_wt_BaCl2.csv
[Run 4942/560000] ✅ Saved: nist_libs_5.0_wt_CeCl3_and_2.5_wt_SmCl3_and_1.0_wt_BaCl2.csv
[Run 4941/560000] ✅ Saved: nist_libs_5.0_wt_CeCl3_and_2.5_wt_SmCl3_and_0.5_wt_BaCl2.csv
[Run 4943/560000] ✅ Saved: nist_libs_5.0_wt_CeCl3_and_2.5_wt_SmCl3_and_1.5_wt_BaCl2.csv
[Run 4944/560000] ✅ Saved: nist_libs_5.0_wt_CeCl3_and_2.5_wt_SmCl3_and_2.0_wt_BaCl2.csv
[Run 4946/560000] ✅ Saved: nist_libs_5.0_wt_CeCl3_and_2.5_wt_SmCl3_and_3.0_wt_BaCl2.csv
[Run 4945/560000] ✅ Saved: nist_libs_5.0_wt_CeCl3_and_2.5_wt_SmCl3_and_2.5_wt_BaCl2.csv
[Run 4947/560000] ✅ Saved: nist_libs_5.0_wt_CeCl3_and_2.5_wt_SmCl3_and_3.5_wt_BaCl2.csv
[Run 4948/560000] ✅ Saved: nist_libs_5.0_wt_CeCl3_and_2.5_wt_SmCl3_and_4.0_wt_BaCl2.csv
[Run 4950/560000] ✅ Saved: nist_libs_5.0_wt_CeCl3_and_2.5_wt_SmCl3_and_5.0_wt_BaCl2.csv
[Run 4951/560000] ✅ Saved: nist_libs_5.0_wt_CeCl3_and_3.0_wt_SmCl3_and_0.5_wt_BaCl2.csv
[Run 4949/560000] ✅ Saved: nist_libs_5.0_wt_CeCl3_and_2.5_wt_SmCl3_and_4.5_wt_BaCl2.csv
[Run 4952/560000] ✅ Saved: nist_libs_5.0_wt_CeCl3_and_3.0_wt_SmCl3_and_1.0_wt_BaCl2.csv
[Run 4953/560000] ✅ Saved: nist_libs_5.0_wt_CeCl3_and_3.0_wt_SmCl3_and_1.5_wt_BaCl2.csv
[Run 4954/560000] ✅ Saved: nist_libs_5.0_wt_CeCl3_and_3.0_wt_SmCl3_and_2.0_wt_BaCl2.csv
[Run 4955/560000] ✅ Saved: nist_libs_5.0_wt_CeCl3_and_3.0_wt_SmCl3_and_2.5_wt_BaCl2.csv
[Run 4956/560000] ✅ Saved: nist_libs_5.0_wt_CeCl3_and_3.0_wt_SmCl3_and_3.0_wt_BaCl2.csv
[Run 4957/560000] ✅ Saved: nist_libs_5.0_wt_CeCl3_and_3.0_wt_SmCl3_and_3.5_wt_BaCl2.csv
[Run 4959/560000] ✅ Saved: nist_libs_5.0_wt_CeCl3_and_3.0_wt_SmCl3_and_4.5_wt_BaCl2.csv
[Run 4958/560000] ✅ Saved: nist_libs_5.0_wt_CeCl3_and_3.0_wt_SmCl3_and_4.0_wt_BaCl2.csv
[Run 4960/560000] ✅ Saved: nist_libs_5.0_wt_CeCl3_and_3.0_wt_SmCl3_and_5.0_wt_BaCl2.csv
[Run 4961/560000] ✅ Saved: nist_libs_5.0_wt_CeCl3_and_3.5_wt_SmCl3_and_0.5_wt_BaCl2.csv
[Run 4962/560000] ✅ Saved: nist_libs_5.0_wt_CeCl3_and_3.5_wt_SmCl3_and_1.0_wt_BaCl2.csv
[Run 4963/560000] ✅ Saved: nist_libs_5.0_wt_CeCl3_and_3.5_wt_SmCl3_and_1.5_wt_BaCl2.csv
[Run 4964/560000] ✅ Saved: nist_libs_5.0_wt_CeCl3_and_3.5_wt_SmCl3_and_2.0_wt_BaCl2.csv
[Run 4965/560000] ✅ Saved: nist_libs_5.0_wt_CeCl3_and_3.5_wt_SmCl3_and_2.5_wt_BaCl2.csv
[Run 4966/560000] ✅ Saved: nist_libs_5.0_wt_CeCl3_and_3.5_wt_SmCl3_and_3.0_wt_BaCl2.csv
[Run 4968/560000] ✅ Saved: nist_libs_5.0_wt_CeCl3_and_3.5_wt_SmCl3_and_4.0_wt_BaCl2.csv
[Run 4967/560000] ✅ Saved: nist_libs_5.0_wt_CeCl3_and_3.5_wt_SmCl3_and_3.5_wt_BaCl2.csv
[Run 4970/560000] ✅ Saved: nist_libs_5.0_wt_CeCl3_and_3.5_wt_SmCl3_and_5.0_wt_BaCl2.csv
[Run 4969/560000] ✅ Saved: nist_libs_5.0_wt_CeCl3_and_3.5_wt_SmCl3_and_4.5_wt_BaCl2.csv
[Run 4971/560000] ✅ Saved: nist_libs_5.0_wt_CeCl3_and_4.0_wt_SmCl3_and_0.5_wt_BaCl2.csv
[Run 4972/560000] ✅ Saved: nist_libs_5.0_wt_CeCl3_and_4.0_wt_SmCl3_and_1.0_wt_BaCl2.csv
[Run 4973/560000] ✅ Saved: nist_libs_5.0_wt_CeCl3_and_4.0_wt_SmCl3_and_1.5_wt_BaCl2.csv
[Run 4974/560000] ✅ Saved: nist_libs_5.0_wt_CeCl3_and_4.0_wt_SmCl3_and_2.0_wt_BaCl2.csv
[Run 4975/560000] ✅ Saved: nist_libs_5.0_wt_CeCl3_and_4.0_wt_SmCl3_and_2.5_wt_BaCl2.csv
[Run 4976/560000] ✅ Saved: nist_libs_5.0_wt_CeCl3_and_4.0_wt_SmCl3_and_3.0_wt_BaCl2.csv
[Run 4977/560000] ✅ Saved: nist_libs_5.0_wt_CeCl3_and_4.0_wt_SmCl3_and_3.5_wt_BaCl2.csv
[Run 4978/560000] ✅ Saved: nist_libs_5.0_wt_CeCl3_and_4.0_wt_SmCl3_and_4.0_wt_BaCl2.csv
[Run 4980/560000] ✅ Saved: nist_libs_5.0_wt_CeCl3_and_4.0_wt_SmCl3_and_5.0_wt_BaCl2.csv
[Run 4979/560000] ✅ Saved: nist_libs_5.0_wt_CeCl3_and_4.0_wt_SmCl3_and_4.5_wt_BaCl2.csv
[Run 4981/560000] ✅ Saved: nist_libs_5.0_wt_CeCl3_and_4.5_wt_SmCl3_and_0.5_wt_BaCl2.csv
[Run 4982/560000] ✅ Saved: nist_libs_5.0_wt_CeCl3_and_4.5_wt_SmCl3_and_1.0_wt_BaCl2.csv
[Run 4984/560000] ✅ Saved: nist_libs_5.0_wt_CeCl3_and_4.5_wt_SmCl3_and_2.0_wt_BaCl2.csv
[Run 4983/560000] ✅ Saved: nist_libs_5.0_wt_CeCl3_and_4.5_wt_SmCl3_and_1.5_wt_BaCl2.csv
[Run 4985/560000] ✅ Saved: nist_libs_5.0_wt_CeCl3_and_4.5_wt_SmCl3_and_2.5_wt_BaCl2.csv
[Run 4986/560000] ✅ Saved: nist_libs_5.0_wt_CeCl3_and_4.5_wt_SmCl3_and_3.0_wt_BaCl2.csv
[Run 4988/560000] ✅ Saved: nist_libs_5.0_wt_CeCl3_and_4.5_wt_SmCl3_and_4.0_wt_BaCl2.csv
[Run 4987/560000] ✅ Saved: nist_libs_5.0_wt_CeCl3_and_4.5_wt_SmCl3_and_3.5_wt_BaCl2.csv
[Run 4989/560000] ✅ Saved: nist_libs_5.0_wt_CeCl3_and_4.5_wt_SmCl3_and_4.5_wt_BaCl2.csv
[Run 4990/560000] ✅ Saved: nist_libs_5.0_wt_CeCl3_and_4.5_wt_SmCl3_and_5.0_wt_BaCl2.csv
[Run 4991/560000] ✅ Saved: nist_libs_5.0_wt_CeCl3_and_5.0_wt_SmCl3_and_0.5_wt_BaCl2.csv
[Run 4992/560000] ✅ Saved: nist_libs_5.0_wt_CeCl3_and_5.0_wt_SmCl3_and_1.0_wt_BaCl2.csv
[Run 4993/560000] ✅ Saved: nist_libs_5.0_wt_CeCl3_and_5.0_wt_SmCl3_and_1.5_wt_BaCl2.csv
[Run 4994/560000] ✅ Saved: nist_libs_5.0_wt_CeCl3_and_5.0_wt_SmCl3_and_2.0_wt_BaCl2.csv
[Run 4995/560000] ✅ Saved: nist_libs_5.0_wt_CeCl3_and_5.0_wt_SmCl3_and_2.5_wt_BaCl2.csv
[Run 4997/560000] ✅ Saved: nist_libs_5.0_wt_CeCl3_and_5.0_wt_SmCl3_and_3.5_wt_BaCl2.csv
[Run 4996/560000] ✅ Saved: nist_libs_5.0_wt_CeCl3_and_5.0_wt_SmCl3_and_3.0_wt_BaCl2.csv
[Run 4998/560000] ✅ Saved: nist_libs_5.0_wt_CeCl3_and_5.0_wt_SmCl3_and_4.0_wt_BaCl2.csv
[Run 4999/560000] ✅ Saved: nist_libs_5.0_wt_CeCl3_and_5.0_wt_SmCl3_and_4.5_wt_BaCl2.csv
[Run 5001/560000] ✅ Saved: nist_libs_0.5_wt_CeCl3_and_0.5_wt_SmCl3_and_0.5_wt_YCl3.csv
📦 Packaging batch 5 (1000 CSVs) -> nist_libs_batch_0005.zip...
[Run 5002/560000] ✅ Saved: nist_libs_0.5_wt_CeCl3_and_0.5_wt_SmCl3_and_1.0_wt_YCl3.csv
[Run 5000/560000] ✅ Saved: nist_libs_5.0_wt_CeCl3_and_5.0_wt_SmCl3_and_5.0_wt_BaCl2.csv
[Run 5003/560000] ✅ Saved: nist_libs_0.5_wt_CeCl3_and_0.5_wt_SmCl3_and_1.5_wt_YCl3.csv
[Run 5007/560000] ✅ Saved: nist_libs_0.5_wt_CeCl3_and_0.5_wt_SmCl3_and_3.5_wt_YCl3.csv
[Run 5006/560000] ✅ Saved: nist_libs_0.5_wt_CeCl3_and_0.5_wt_SmCl3_and_3.0_wt_YCl3.csv
[Run 5004/560000] ✅ Saved: nist_libs_0.5_wt_CeCl3_and_0.5_wt_SmCl3_and_2.0_wt_YCl3.csv
[Run 5005/560000] ✅ Saved: nist_libs_0.5_wt_CeCl3_and_0.5_wt_SmCl3_and_2.5_wt_YCl3.csv
[Run 5008/560000] ✅ Saved: nist_libs_0.5_wt_CeCl3_and_0.5_wt_SmCl3_and_4.0_wt_YCl3.csv
[Run 5009/560000] ✅ Saved: nist_libs_0.5_wt_CeCl3_and_0.5_wt_SmCl3_and_4.5_wt_YCl3.csv
[Run 5010/560000] ✅ Saved: nist_libs_0.5_wt_CeCl3_and_0.5_wt_SmCl3_and_5.0_wt_YCl3.csv
[Run 5011/560000] ✅ Saved: nist_libs_0.5_wt_CeCl3_and_1.0_wt_SmCl3_and_0.5_wt_YCl3.csv
[Run 5012/560000] ✅ Saved: nist_libs_0.5_wt_CeCl3_and_1.0_wt_SmCl3_and_1.0_wt_YCl3.csv
[Run 5013/560000] ✅ Saved: nist_libs_0.5_wt_CeCl3_and_1.0_wt_SmCl3_and_1.5_wt_YCl3.csv
[Run 5014/560000] ✅ Saved: nist_libs_0.5_wt_CeCl3_and_1.0_wt_SmCl3_and_2.0_wt_YCl3.csv
[Run 5015/560000] ✅ Saved: nist_libs_0.5_wt_CeCl3_and_1.0_wt_SmCl3_and_2.5_wt_YCl3.csv
[Run 5016/560000] ✅ Saved: nist_libs_0.5_wt_CeCl3_and_1.0_wt_SmCl3_and_3.0_wt_YCl3.csv
[Run 5017/560000] ✅ Saved: nist_libs_0.5_wt_CeCl3_and_1.0_wt_SmCl3_and_3.5_wt_YCl3.csv
[Run 5018/560000] ✅ Saved: nist_libs_0.5_wt_CeCl3_and_1.0_wt_SmCl3_and_4.0_wt_YCl3.csv
[Run 5019/560000] ✅ Saved: nist_libs_0.5_wt_CeCl3_and_1.0_wt_SmCl3_and_4.5_wt_YCl3.csv
[Run 5020/560000] ✅ Saved: nist_libs_0.5_wt_CeCl3_and_1.0_wt_SmCl3_and_5.0_wt_YCl3.csv
[Run 5021/560000] ✅ Saved: nist_libs_0.5_wt_CeCl3_and_1.5_wt_SmCl3_and_0.5_wt_YCl3.csv
[Run 5022/560000] ✅ Saved: nist_libs_0.5_wt_CeCl3_and_1.5_wt_SmCl3_and_1.0_wt_YCl3.csv
[Run 5023/560000] ✅ Saved: nist_libs_0.5_wt_CeCl3_and_1.5_wt_SmCl3_and_1.5_wt_YCl3.csv
[Run 5024/560000] ✅ Saved: nist_libs_0.5_wt_CeCl3_and_1.5_wt_SmCl3_and_2.0_wt_YCl3.csv
[Run 5025/560000] ✅ Saved: nist_libs_0.5_wt_CeCl3_and_1.5_wt_SmCl3_and_2.5_wt_YCl3.csv
[Run 5026/560000] ✅ Saved: nist_libs_0.5_wt_CeCl3_and_1.5_wt_SmCl3_and_3.0_wt_YCl3.csv
[Run 5027/560000] ✅ Saved: nist_libs_0.5_wt_CeCl3_and_1.5_wt_SmCl3_and_3.5_wt_YCl3.csv
[Run 5028/560000] ✅ Saved: nist_libs_0.5_wt_CeCl3_and_1.5_wt_SmCl3_and_4.0_wt_YCl3.csv
[Run 5029/560000] ✅ Saved: nist_libs_0.5_wt_CeCl3_and_1.5_wt_SmCl3_and_4.5_wt_YCl3.csv
[Run 5030/560000] ✅ Saved: nist_libs_0.5_wt_CeCl3_and_1.5_wt_SmCl3_and_5.0_wt_YCl3.csv
[Run 5031/560000] ✅ Saved: nist_libs_0.5_wt_CeCl3_and_2.0_wt_SmCl3_and_0.5_wt_YCl3.csv
[Run 5032/560000] ✅ Saved: nist_libs_0.5_wt_CeCl3_and_2.0_wt_SmCl3_and_1.0_wt_YCl3.csv
[Run 5033/560000] ✅ Saved: nist_libs_0.5_wt_CeCl3_and_2.0_wt_SmCl3_and_1.5_wt_YCl3.csv
[Run 5034/560000] ✅ Saved: nist_libs_0.5_wt_CeCl3_and_2.0_wt_SmCl3_and_2.0_wt_YCl3.csv
[Run 5036/560000] ✅ Saved: nist_libs_0.5_wt_CeCl3_and_2.0_wt_SmCl3_and_3.0_wt_YCl3.csv
[Run 5037/560000] ✅ Saved: nist_libs_0.5_wt_CeCl3_and_2.0_wt_SmCl3_and_3.5_wt_YCl3.csv
[Run 5035/560000] ✅ Saved: nist_libs_0.5_wt_CeCl3_and_2.0_wt_SmCl3_and_2.5_wt_YCl3.csv
[Run 5038/560000] ✅ Saved: nist_libs_0.5_wt_CeCl3_and_2.0_wt_SmCl3_and_4.0_wt_YCl3.csv
[Run 5040/560000] ✅ Saved: nist_libs_0.5_wt_CeCl3_and_2.0_wt_SmCl3_and_5.0_wt_YCl3.csv
[Run 5041/560000] ✅ Saved: nist_libs_0.5_wt_CeCl3_and_2.5_wt_SmCl3_and_0.5_wt_YCl3.csv
[Run 5039/560000] ✅ Saved: nist_libs_0.5_wt_CeCl3_and_2.0_wt_SmCl3_and_4.5_wt_YCl3.csv
[Run 5042/560000] ✅ Saved: nist_libs_0.5_wt_CeCl3_and_2.5_wt_SmCl3_and_1.0_wt_YCl3.csv
[Run 5043/560000] ✅ Saved: nist_libs_0.5_wt_CeCl3_and_2.5_wt_SmCl3_and_1.5_wt_YCl3.csv
[Run 5045/560000] ✅ Saved: nist_libs_0.5_wt_CeCl3_and_2.5_wt_SmCl3_and_2.5_wt_YCl3.csv
[Run 5044/560000] ✅ Saved: nist_libs_0.5_wt_CeCl3_and_2.5_wt_SmCl3_and_2.0_wt_YCl3.csv
[Run 5046/560000] ✅ Saved: nist_libs_0.5_wt_CeCl3_and_2.5_wt_SmCl3_and_3.0_wt_YCl3.csv
[Run 5047/560000] ✅ Saved: nist_libs_0.5_wt_CeCl3_and_2.5_wt_SmCl3_and_3.5_wt_YCl3.csv
[Run 5048/560000] ✅ Saved: nist_libs_0.5_wt_CeCl3_and_2.5_wt_SmCl3_and_4.0_wt_YCl3.csv
[Run 5049/560000] ✅ Saved: nist_libs_0.5_wt_CeCl3_and_2.5_wt_SmCl3_and_4.5_wt_YCl3.csv
[Run 5050/560000] ✅ Saved: nist_libs_0.5_wt_CeCl3_and_2.5_wt_SmCl3_and_5.0_wt_YCl3.csv
[Run 5051/560000] ✅ Saved: nist_libs_0.5_wt_CeCl3_and_3.0_wt_SmCl3_and_0.5_wt_YCl3.csv
[Run 5052/560000] ✅ Saved: nist_libs_0.5_wt_CeCl3_and_3.0_wt_SmCl3_and_1.0_wt_YCl3.csv
[Run 5053/560000] ✅ Saved: nist_libs_0.5_wt_CeCl3_and_3.0_wt_SmCl3_and_1.5_wt_YCl3.csv
[Run 5054/560000] ✅ Saved: nist_libs_0.5_wt_CeCl3_and_3.0_wt_SmCl3_and_2.0_wt_YCl3.csv
[Run 5055/560000] ✅ Saved: nist_libs_0.5_wt_CeCl3_and_3.0_wt_SmCl3_and_2.5_wt_YCl3.csv
[Run 5056/560000] ✅ Saved: nist_libs_0.5_wt_CeCl3_and_3.0_wt_SmCl3_and_3.0_wt_YCl3.csv
[Run 5057/560000] ✅ Saved: nist_libs_0.5_wt_CeCl3_and_3.0_wt_SmCl3_and_3.5_wt_YCl3.csv
[Run 5058/560000] ✅ Saved: nist_libs_0.5_wt_CeCl3_and_3.0_wt_SmCl3_and_4.0_wt_YCl3.csv
[Run 5059/560000] ✅ Saved: nist_libs_0.5_wt_CeCl3_and_3.0_wt_SmCl3_and_4.5_wt_YCl3.csv
[Run 5060/560000] ✅ Saved: nist_libs_0.5_wt_CeCl3_and_3.0_wt_SmCl3_and_5.0_wt_YCl3.csv
[Run 5061/560000] ✅ Saved: nist_libs_0.5_wt_CeCl3_and_3.5_wt_SmCl3_and_0.5_wt_YCl3.csv
[Run 5062/560000] ✅ Saved: nist_libs_0.5_wt_CeCl3_and_3.5_wt_SmCl3_and_1.0_wt_YCl3.csv
[Run 5063/560000] ✅ Saved: nist_libs_0.5_wt_CeCl3_and_3.5_wt_SmCl3_and_1.5_wt_YCl3.csv
[Run 5064/560000] ✅ Saved: nist_libs_0.5_wt_CeCl3_and_3.5_wt_SmCl3_and_2.0_wt_YCl3.csv
[Run 5065/560000] ✅ Saved: nist_libs_0.5_wt_CeCl3_and_3.5_wt_SmCl3_and_2.5_wt_YCl3.csv
[Run 5066/560000] ✅ Saved: nist_libs_0.5_wt_CeCl3_and_3.5_wt_SmCl3_and_3.0_wt_YCl3.csv
[Run 5067/560000] ✅ Saved: nist_libs_0.5_wt_CeCl3_and_3.5_wt_SmCl3_and_3.5_wt_YCl3.csv
[Run 5068/560000] ✅ Saved: nist_libs_0.5_wt_CeCl3_and_3.5_wt_SmCl3_and_4.0_wt_YCl3.csv
[Run 5069/560000] ✅ Saved: nist_libs_0.5_wt_CeCl3_and_3.5_wt_SmCl3_and_4.5_wt_YCl3.csv
[Run 5071/560000] ✅ Saved: nist_libs_0.5_wt_CeCl3_and_4.0_wt_SmCl3_and_0.5_wt_YCl3.csv
[Run 5070/560000] ✅ Saved: nist_libs_0.5_wt_CeCl3_and_3.5_wt_SmCl3_and_5.0_wt_YCl3.csv
[Run 5072/560000] ✅ Saved: nist_libs_0.5_wt_CeCl3_and_4.0_wt_SmCl3_and_1.0_wt_YCl3.csv
[Run 5073/560000] ✅ Saved: nist_libs_0.5_wt_CeCl3_and_4.0_wt_SmCl3_and_1.5_wt_YCl3.csv
[Run 5074/560000] ✅ Saved: nist_libs_0.5_wt_CeCl3_and_4.0_wt_SmCl3_and_2.0_wt_YCl3.csv
[Run 5075/560000] ✅ Saved: nist_libs_0.5_wt_CeCl3_and_4.0_wt_SmCl3_and_2.5_wt_YCl3.csv
[Run 5076/560000] ✅ Saved: nist_libs_0.5_wt_CeCl3_and_4.0_wt_SmCl3_and_3.0_wt_YCl3.csv
[Run 5077/560000] ✅ Saved: nist_libs_0.5_wt_CeCl3_and_4.0_wt_SmCl3_and_3.5_wt_YCl3.csv
[Run 5078/560000] ✅ Saved: nist_libs_0.5_wt_CeCl3_and_4.0_wt_SmCl3_and_4.0_wt_YCl3.csv
[Run 5079/560000] ✅ Saved: nist_libs_0.5_wt_CeCl3_and_4.0_wt_SmCl3_and_4.5_wt_YCl3.csv
[Run 5080/560000] ✅ Saved: nist_libs_0.5_wt_CeCl3_and_4.0_wt_SmCl3_and_5.0_wt_YCl3.csv
[Run 5081/560000] ✅ Saved: nist_libs_0.5_wt_CeCl3_and_4.5_wt_SmCl3_and_0.5_wt_YCl3.csv
[Run 5082/560000] ✅ Saved: nist_libs_0.5_wt_CeCl3_and_4.5_wt_SmCl3_and_1.0_wt_YCl3.csv
[Run 5083/560000] ✅ Saved: nist_libs_0.5_wt_CeCl3_and_4.5_wt_SmCl3_and_1.5_wt_YCl3.csv
[Run 5084/560000] ✅ Saved: nist_libs_0.5_wt_CeCl3_and_4.5_wt_SmCl3_and_2.0_wt_YCl3.csv
[Run 5085/560000] ✅ Saved: nist_libs_0.5_wt_CeCl3_and_4.5_wt_SmCl3_and_2.5_wt_YCl3.csv
[Run 5086/560000] ✅ Saved: nist_libs_0.5_wt_CeCl3_and_4.5_wt_SmCl3_and_3.0_wt_YCl3.csv
[Run 5087/560000] ✅ Saved: nist_libs_0.5_wt_CeCl3_and_4.5_wt_SmCl3_and_3.5_wt_YCl3.csv
[Run 5088/560000] ✅ Saved: nist_libs_0.5_wt_CeCl3_and_4.5_wt_SmCl3_and_4.0_wt_YCl3.csv
[Run 5090/560000] ✅ Saved: nist_libs_0.5_wt_CeCl3_and_4.5_wt_SmCl3_and_5.0_wt_YCl3.csv
[Run 5089/560000] ✅ Saved: nist_libs_0.5_wt_CeCl3_and_4.5_wt_SmCl3_and_4.5_wt_YCl3.csv
[Run 5091/560000] ✅ Saved: nist_libs_0.5_wt_CeCl3_and_5.0_wt_SmCl3_and_0.5_wt_YCl3.csv
[Run 5092/560000] ✅ Saved: nist_libs_0.5_wt_CeCl3_and_5.0_wt_SmCl3_and_1.0_wt_YCl3.csv
[Run 5094/560000] ✅ Saved: nist_libs_0.5_wt_CeCl3_and_5.0_wt_SmCl3_and_2.0_wt_YCl3.csv
[Run 5093/560000] ✅ Saved: nist_libs_0.5_wt_CeCl3_and_5.0_wt_SmCl3_and_1.5_wt_YCl3.csv
[Run 5095/560000] ✅ Saved: nist_libs_0.5_wt_CeCl3_and_5.0_wt_SmCl3_and_2.5_wt_YCl3.csv
[Run 5096/560000] ✅ Saved: nist_libs_0.5_wt_CeCl3_and_5.0_wt_SmCl3_and_3.0_wt_YCl3.csv
[Run 5097/560000] ✅ Saved: nist_libs_0.5_wt_CeCl3_and_5.0_wt_SmCl3_and_3.5_wt_YCl3.csv
[Run 5098/560000] ✅ Saved: nist_libs_0.5_wt_CeCl3_and_5.0_wt_SmCl3_and_4.0_wt_YCl3.csv
[Run 5099/560000] ✅ Saved: nist_libs_0.5_wt_CeCl3_and_5.0_wt_SmCl3_and_4.5_wt_YCl3.csv
[Run 5100/560000] ✅ Saved: nist_libs_0.5_wt_CeCl3_and_5.0_wt_SmCl3_and_5.0_wt_YCl3.csv
[Run 5101/560000] ✅ Saved: nist_libs_1.0_wt_CeCl3_and_0.5_wt_SmCl3_and_0.5_wt_YCl3.csv
[Run 5102/560000] ✅ Saved: nist_libs_1.0_wt_CeCl3_and_0.5_wt_SmCl3_and_1.0_wt_YCl3.csv
[Run 5103/560000] ✅ Saved: nist_libs_1.0_wt_CeCl3_and_0.5_wt_SmCl3_and_1.5_wt_YCl3.csv
[Run 5104/560000] ✅ Saved: nist_libs_1.0_wt_CeCl3_and_0.5_wt_SmCl3_and_2.0_wt_YCl3.csv
[Run 5105/560000] ✅ Saved: nist_libs_1.0_wt_CeCl3_and_0.5_wt_SmCl3_and_2.5_wt_YCl3.csv
[Run 5106/560000] ✅ Saved: nist_libs_1.0_wt_CeCl3_and_0.5_wt_SmCl3_and_3.0_wt_YCl3.csv
[Run 5107/560000] ✅ Saved: nist_libs_1.0_wt_CeCl3_and_0.5_wt_SmCl3_and_3.5_wt_YCl3.csv
[Run 5108/560000] ✅ Saved: nist_libs_1.0_wt_CeCl3_and_0.5_wt_SmCl3_and_4.0_wt_YCl3.csv
[Run 5109/560000] ✅ Saved: nist_libs_1.0_wt_CeCl3_and_0.5_wt_SmCl3_and_4.5_wt_YCl3.csv
[Run 5110/560000] ✅ Saved: nist_libs_1.0_wt_CeCl3_and_0.5_wt_SmCl3_and_5.0_wt_YCl3.csv
[Run 5111/560000] ✅ Saved: nist_libs_1.0_wt_CeCl3_and_1.0_wt_SmCl3_and_0.5_wt_YCl3.csv
[Run 5112/560000] ✅ Saved: nist_libs_1.0_wt_CeCl3_and_1.0_wt_SmCl3_and_1.0_wt_YCl3.csv
[Run 5113/560000] ✅ Saved: nist_libs_1.0_wt_CeCl3_and_1.0_wt_SmCl3_and_1.5_wt_YCl3.csv
[Run 5114/560000] ✅ Saved: nist_libs_1.0_wt_CeCl3_and_1.0_wt_SmCl3_and_2.0_wt_YCl3.csv
[Run 5115/560000] ✅ Saved: nist_libs_1.0_wt_CeCl3_and_1.0_wt_SmCl3_and_2.5_wt_YCl3.csv
[Run 5116/560000] ✅ Saved: nist_libs_1.0_wt_CeCl3_and_1.0_wt_SmCl3_and_3.0_wt_YCl3.csv
[Run 5117/560000] ✅ Saved: nist_libs_1.0_wt_CeCl3_and_1.0_wt_SmCl3_and_3.5_wt_YCl3.csv
[Run 5118/560000] ✅ Saved: nist_libs_1.0_wt_CeCl3_and_1.0_wt_SmCl3_and_4.0_wt_YCl3.csv
[Run 5119/560000] ✅ Saved: nist_libs_1.0_wt_CeCl3_and_1.0_wt_SmCl3_and_4.5_wt_YCl3.csv
 -> Network failure: HTTPSConnectionPool(host='physics.nist.gov', port=443): Read timed out.
[Run 5121/560000] ⚠️ No spectral lines or server fetch failed: nist_libs_1.0_wt_CeCl3_and_1.5_wt_SmCl3_and_0.5_wt_YCl3.csv
 -> Network failure: HTTPSConnectionPool(host='physics.nist.gov', port=443): Read timed out.
[Run 5122/560000] ⚠️ No spectral lines or server fetch failed: nist_libs_1.0_wt_CeCl3_and_1.5_wt_SmCl3_and_1.0_wt_YCl3.csv
[Run 5120/560000] ✅ Saved: nist_libs_1.0_wt_CeCl3_and_1.0_wt_SmCl3_and_5.0_wt_YCl3.csv
 -> Network failure: HTTPSConnectionPool(host='physics.nist.gov', port=443): Read timed out.
[Run 5124/560000] ⚠️ No spectral lines or server fetch failed: nist_libs_1.0_wt_CeCl3_and_1.5_wt_SmCl3_and_2.0_wt_YCl3.csv
[Run 5123/560000] ✅ Saved: nist_libs_1.0_wt_CeCl3_and_1.5_wt_SmCl3_and_1.5_wt_YCl3.csv
[Run 5125/560000] ✅ Saved: nist_libs_1.0_wt_CeCl3_and_1.5_wt_SmCl3_and_2.5_wt_YCl3.csv
[Run 5126/560000] ✅ Saved: nist_libs_1.0_wt_CeCl3_and_1.5_wt_SmCl3_and_3.0_wt_YCl3.csv
[Run 5127/560000] ✅ Saved: nist_libs_1.0_wt_CeCl3_and_1.5_wt_SmCl3_and_3.5_wt_YCl3.csv
[Run 5128/560000] ✅ Saved: nist_libs_1.0_wt_CeCl3_and_1.5_wt_SmCl3_and_4.0_wt_YCl3.csv
[Run 5129/560000] ✅ Saved: nist_libs_1.0_wt_CeCl3_and_1.5_wt_SmCl3_and_4.5_wt_YCl3.csv
[Run 5130/560000] ✅ Saved: nist_libs_1.0_wt_CeCl3_and_1.5_wt_SmCl3_and_5.0_wt_YCl3.csv
[Run 5131/560000] ✅ Saved: nist_libs_1.0_wt_CeCl3_and_2.0_wt_SmCl3_and_0.5_wt_YCl3.csv
[Run 5132/560000] ✅ Saved: nist_libs_1.0_wt_CeCl3_and_2.0_wt_SmCl3_and_1.0_wt_YCl3.csv
[Run 5133/560000] ✅ Saved: nist_libs_1.0_wt_CeCl3_and_2.0_wt_SmCl3_and_1.5_wt_YCl3.csv
[Run 5134/560000] ✅ Saved: nist_libs_1.0_wt_CeCl3_and_2.0_wt_SmCl3_and_2.0_wt_YCl3.csv
[Run 5135/560000] ✅ Saved: nist_libs_1.0_wt_CeCl3_and_2.0_wt_SmCl3_and_2.5_wt_YCl3.csv
[Run 5136/560000] ✅ Saved: nist_libs_1.0_wt_CeCl3_and_2.0_wt_SmCl3_and_3.0_wt_YCl3.csv
[Run 5137/560000] ✅ Saved: nist_libs_1.0_wt_CeCl3_and_2.0_wt_SmCl3_and_3.5_wt_YCl3.csv
[Run 5138/560000] ✅ Saved: nist_libs_1.0_wt_CeCl3_and_2.0_wt_SmCl3_and_4.0_wt_YCl3.csv
[Run 5139/560000] ✅ Saved: nist_libs_1.0_wt_CeCl3_and_2.0_wt_SmCl3_and_4.5_wt_YCl3.csv
[Run 5140/560000] ✅ Saved: nist_libs_1.0_wt_CeCl3_and_2.0_wt_SmCl3_and_5.0_wt_YCl3.csv
[Run 5141/560000] ✅ Saved: nist_libs_1.0_wt_CeCl3_and_2.5_wt_SmCl3_and_0.5_wt_YCl3.csv
[Run 5142/560000] ✅ Saved: nist_libs_1.0_wt_CeCl3_and_2.5_wt_SmCl3_and_1.0_wt_YCl3.csv
[Run 5143/560000] ✅ Saved: nist_libs_1.0_wt_CeCl3_and_2.5_wt_SmCl3_and_1.5_wt_YCl3.csv
[Run 5144/560000] ✅ Saved: nist_libs_1.0_wt_CeCl3_and_2.5_wt_SmCl3_and_2.0_wt_YCl3.csv
[Run 5145/560000] ✅ Saved: nist_libs_1.0_wt_CeCl3_and_2.5_wt_SmCl3_and_2.5_wt_YCl3.csv
[Run 5146/560000] ✅ Saved: nist_libs_1.0_wt_CeCl3_and_2.5_wt_SmCl3_and_3.0_wt_YCl3.csv
[Run 5148/560000] ✅ Saved: nist_libs_1.0_wt_CeCl3_and_2.5_wt_SmCl3_and_4.0_wt_YCl3.csv
[Run 5147/560000] ✅ Saved: nist_libs_1.0_wt_CeCl3_and_2.5_wt_SmCl3_and_3.5_wt_YCl3.csv
[Run 5149/560000] ✅ Saved: nist_libs_1.0_wt_CeCl3_and_2.5_wt_SmCl3_and_4.5_wt_YCl3.csv
[Run 5150/560000] ✅ Saved: nist_libs_1.0_wt_CeCl3_and_2.5_wt_SmCl3_and_5.0_wt_YCl3.csv
[Run 5151/560000] ✅ Saved: nist_libs_1.0_wt_CeCl3_and_3.0_wt_SmCl3_and_0.5_wt_YCl3.csv
[Run 5152/560000] ✅ Saved: nist_libs_1.0_wt_CeCl3_and_3.0_wt_SmCl3_and_1.0_wt_YCl3.csv
[Run 5153/560000] ✅ Saved: nist_libs_1.0_wt_CeCl3_and_3.0_wt_SmCl3_and_1.5_wt_YCl3.csv
[Run 5154/560000] ✅ Saved: nist_libs_1.0_wt_CeCl3_and_3.0_wt_SmCl3_and_2.0_wt_YCl3.csv
[Run 5156/560000] ✅ Saved: nist_libs_1.0_wt_CeCl3_and_3.0_wt_SmCl3_and_3.0_wt_YCl3.csv
[Run 5157/560000] ✅ Saved: nist_libs_1.0_wt_CeCl3_and_3.0_wt_SmCl3_and_3.5_wt_YCl3.csv
[Run 5155/560000] ✅ Saved: nist_libs_1.0_wt_CeCl3_and_3.0_wt_SmCl3_and_2.5_wt_YCl3.csv
[Run 5158/560000] ✅ Saved: nist_libs_1.0_wt_CeCl3_and_3.0_wt_SmCl3_and_4.0_wt_YCl3.csv
[Run 5159/560000] ✅ Saved: nist_libs_1.0_wt_CeCl3_and_3.0_wt_SmCl3_and_4.5_wt_YCl3.csv
[Run 5160/560000] ✅ Saved: nist_libs_1.0_wt_CeCl3_and_3.0_wt_SmCl3_and_5.0_wt_YCl3.csv
[Run 5161/560000] ✅ Saved: nist_libs_1.0_wt_CeCl3_and_3.5_wt_SmCl3_and_0.5_wt_YCl3.csv
[Run 5162/560000] ✅ Saved: nist_libs_1.0_wt_CeCl3_and_3.5_wt_SmCl3_and_1.0_wt_YCl3.csv
[Run 5163/560000] ✅ Saved: nist_libs_1.0_wt_CeCl3_and_3.5_wt_SmCl3_and_1.5_wt_YCl3.csv
[Run 5165/560000] ✅ Saved: nist_libs_1.0_wt_CeCl3_and_3.5_wt_SmCl3_and_2.5_wt_YCl3.csv
[Run 5164/560000] ✅ Saved: nist_libs_1.0_wt_CeCl3_and_3.5_wt_SmCl3_and_2.0_wt_YCl3.csv
[Run 5166/560000] ✅ Saved: nist_libs_1.0_wt_CeCl3_and_3.5_wt_SmCl3_and_3.0_wt_YCl3.csv
[Run 5167/560000] ✅ Saved: nist_libs_1.0_wt_CeCl3_and_3.5_wt_SmCl3_and_3.5_wt_YCl3.csv
[Run 5168/560000] ✅ Saved: nist_libs_1.0_wt_CeCl3_and_3.5_wt_SmCl3_and_4.0_wt_YCl3.csv
[Run 5169/560000] ✅ Saved: nist_libs_1.0_wt_CeCl3_and_3.5_wt_SmCl3_and_4.5_wt_YCl3.csv
[Run 5170/560000] ✅ Saved: nist_libs_1.0_wt_CeCl3_and_3.5_wt_SmCl3_and_5.0_wt_YCl3.csv
[Run 5171/560000] ✅ Saved: nist_libs_1.0_wt_CeCl3_and_4.0_wt_SmCl3_and_0.5_wt_YCl3.csv
[Run 5172/560000] ✅ Saved: nist_libs_1.0_wt_CeCl3_and_4.0_wt_SmCl3_and_1.0_wt_YCl3.csv
[Run 5173/560000] ✅ Saved: nist_libs_1.0_wt_CeCl3_and_4.0_wt_SmCl3_and_1.5_wt_YCl3.csv
[Run 5175/560000] ✅ Saved: nist_libs_1.0_wt_CeCl3_and_4.0_wt_SmCl3_and_2.5_wt_YCl3.csv
[Run 5174/560000] ✅ Saved: nist_libs_1.0_wt_CeCl3_and_4.0_wt_SmCl3_and_2.0_wt_YCl3.csv
[Run 5176/560000] ✅ Saved: nist_libs_1.0_wt_CeCl3_and_4.0_wt_SmCl3_and_3.0_wt_YCl3.csv
[Run 5177/560000] ✅ Saved: nist_libs_1.0_wt_CeCl3_and_4.0_wt_SmCl3_and_3.5_wt_YCl3.csv
[Run 5178/560000] ✅ Saved: nist_libs_1.0_wt_CeCl3_and_4.0_wt_SmCl3_and_4.0_wt_YCl3.csv
[Run 5179/560000] ✅ Saved: nist_libs_1.0_wt_CeCl3_and_4.0_wt_SmCl3_and_4.5_wt_YCl3.csv
[Run 5180/560000] ✅ Saved: nist_libs_1.0_wt_CeCl3_and_4.0_wt_SmCl3_and_5.0_wt_YCl3.csv
[Run 5181/560000] ✅ Saved: nist_libs_1.0_wt_CeCl3_and_4.5_wt_SmCl3_and_0.5_wt_YCl3.csv
[Run 5182/560000] ✅ Saved: nist_libs_1.0_wt_CeCl3_and_4.5_wt_SmCl3_and_1.0_wt_YCl3.csv
[Run 5183/560000] ✅ Saved: nist_libs_1.0_wt_CeCl3_and_4.5_wt_SmCl3_and_1.5_wt_YCl3.csv
[Run 5184/560000] ✅ Saved: nist_libs_1.0_wt_CeCl3_and_4.5_wt_SmCl3_and_2.0_wt_YCl3.csv
 -> Network failure: HTTPSConnectionPool(host='physics.nist.gov', port=443): Read timed out.
[Run 5186/560000] ⚠️ No spectral lines or server fetch failed: nist_libs_1.0_wt_CeCl3_and_4.5_wt_SmCl3_and_3.0_wt_YCl3.csv
[Run 5185/560000] ✅ Saved: nist_libs_1.0_wt_CeCl3_and_4.5_wt_SmCl3_and_2.5_wt_YCl3.csv
[Run 5187/560000] ✅ Saved: nist_libs_1.0_wt_CeCl3_and_4.5_wt_SmCl3_and_3.5_wt_YCl3.csv
[Run 5188/560000] ✅ Saved: nist_libs_1.0_wt_CeCl3_and_4.5_wt_SmCl3_and_4.0_wt_YCl3.csv
[Run 5189/560000] ✅ Saved: nist_libs_1.0_wt_CeCl3_and_4.5_wt_SmCl3_and_4.5_wt_YCl3.csv
[Run 5190/560000] ✅ Saved: nist_libs_1.0_wt_CeCl3_and_4.5_wt_SmCl3_and_5.0_wt_YCl3.csv
[Run 5191/560000] ✅ Saved: nist_libs_1.0_wt_CeCl3_and_5.0_wt_SmCl3_and_0.5_wt_YCl3.csv
[Run 5192/560000] ✅ Saved: nist_libs_1.0_wt_CeCl3_and_5.0_wt_SmCl3_and_1.0_wt_YCl3.csv
[Run 5193/560000] ✅ Saved: nist_libs_1.0_wt_CeCl3_and_5.0_wt_SmCl3_and_1.5_wt_YCl3.csv
[Run 5194/560000] ✅ Saved: nist_libs_1.0_wt_CeCl3_and_5.0_wt_SmCl3_and_2.0_wt_YCl3.csv
[Run 5195/560000] ✅ Saved: nist_libs_1.0_wt_CeCl3_and_5.0_wt_SmCl3_and_2.5_wt_YCl3.csv
[Run 5196/560000] ✅ Saved: nist_libs_1.0_wt_CeCl3_and_5.0_wt_SmCl3_and_3.0_wt_YCl3.csv
[Run 5197/560000] ✅ Saved: nist_libs_1.0_wt_CeCl3_and_5.0_wt_SmCl3_and_3.5_wt_YCl3.csv
[Run 5198/560000] ✅ Saved: nist_libs_1.0_wt_CeCl3_and_5.0_wt_SmCl3_and_4.0_wt_YCl3.csv
[Run 5199/560000] ✅ Saved: nist_libs_1.0_wt_CeCl3_and_5.0_wt_SmCl3_and_4.5_wt_YCl3.csv
[Run 5200/560000] ✅ Saved: nist_libs_1.0_wt_CeCl3_and_5.0_wt_SmCl3_and_5.0_wt_YCl3.csv
[Run 5201/560000] ✅ Saved: nist_libs_1.5_wt_CeCl3_and_0.5_wt_SmCl3_and_0.5_wt_YCl3.csv
[Run 5202/560000] ✅ Saved: nist_libs_1.5_wt_CeCl3_and_0.5_wt_SmCl3_and_1.0_wt_YCl3.csv
[Run 5203/560000] ✅ Saved: nist_libs_1.5_wt_CeCl3_and_0.5_wt_SmCl3_and_1.5_wt_YCl3.csv
[Run 5204/560000] ✅ Saved: nist_libs_1.5_wt_CeCl3_and_0.5_wt_SmCl3_and_2.0_wt_YCl3.csv
[Run 5205/560000] ✅ Saved: nist_libs_1.5_wt_CeCl3_and_0.5_wt_SmCl3_and_2.5_wt_YCl3.csv
[Run 5206/560000] ✅ Saved: nist_libs_1.5_wt_CeCl3_and_0.5_wt_SmCl3_and_3.0_wt_YCl3.csv
[Run 5207/560000] ✅ Saved: nist_libs_1.5_wt_CeCl3_and_0.5_wt_SmCl3_and_3.5_wt_YCl3.csv
[Run 5208/560000] ✅ Saved: nist_libs_1.5_wt_CeCl3_and_0.5_wt_SmCl3_and_4.0_wt_YCl3.csv
[Run 5209/560000] ✅ Saved: nist_libs_1.5_wt_CeCl3_and_0.5_wt_SmCl3_and_4.5_wt_YCl3.csv
[Run 5210/560000] ✅ Saved: nist_libs_1.5_wt_CeCl3_and_0.5_wt_SmCl3_and_5.0_wt_YCl3.csv
[Run 5211/560000] ✅ Saved: nist_libs_1.5_wt_CeCl3_and_1.0_wt_SmCl3_and_0.5_wt_YCl3.csv
[Run 5212/560000] ✅ Saved: nist_libs_1.5_wt_CeCl3_and_1.0_wt_SmCl3_and_1.0_wt_YCl3.csv
[Run 5213/560000] ✅ Saved: nist_libs_1.5_wt_CeCl3_and_1.0_wt_SmCl3_and_1.5_wt_YCl3.csv
[Run 5214/560000] ✅ Saved: nist_libs_1.5_wt_CeCl3_and_1.0_wt_SmCl3_and_2.0_wt_YCl3.csv
[Run 5215/560000] ✅ Saved: nist_libs_1.5_wt_CeCl3_and_1.0_wt_SmCl3_and_2.5_wt_YCl3.csv
[Run 5218/560000] ✅ Saved: nist_libs_1.5_wt_CeCl3_and_1.0_wt_SmCl3_and_4.0_wt_YCl3.csv
[Run 5217/560000] ✅ Saved: nist_libs_1.5_wt_CeCl3_and_1.0_wt_SmCl3_and_3.5_wt_YCl3.csv
[Run 5216/560000] ✅ Saved: nist_libs_1.5_wt_CeCl3_and_1.0_wt_SmCl3_and_3.0_wt_YCl3.csv
[Run 5219/560000] ✅ Saved: nist_libs_1.5_wt_CeCl3_and_1.0_wt_SmCl3_and_4.5_wt_YCl3.csv
[Run 5222/560000] ✅ Saved: nist_libs_1.5_wt_CeCl3_and_1.5_wt_SmCl3_and_1.0_wt_YCl3.csv
[Run 5220/560000] ✅ Saved: nist_libs_1.5_wt_CeCl3_and_1.0_wt_SmCl3_and_5.0_wt_YCl3.csv
[Run 5221/560000] ✅ Saved: nist_libs_1.5_wt_CeCl3_and_1.5_wt_SmCl3_and_0.5_wt_YCl3.csv
[Run 5223/560000] ✅ Saved: nist_libs_1.5_wt_CeCl3_and_1.5_wt_SmCl3_and_1.5_wt_YCl3.csv
[Run 5224/560000] ✅ Saved: nist_libs_1.5_wt_CeCl3_and_1.5_wt_SmCl3_and_2.0_wt_YCl3.csv
[Run 5225/560000] ✅ Saved: nist_libs_1.5_wt_CeCl3_and_1.5_wt_SmCl3_and_2.5_wt_YCl3.csv
[Run 5226/560000] ✅ Saved: nist_libs_1.5_wt_CeCl3_and_1.5_wt_SmCl3_and_3.0_wt_YCl3.csv
[Run 5227/560000] ✅ Saved: nist_libs_1.5_wt_CeCl3_and_1.5_wt_SmCl3_and_3.5_wt_YCl3.csv
[Run 5228/560000] ✅ Saved: nist_libs_1.5_wt_CeCl3_and_1.5_wt_SmCl3_and_4.0_wt_YCl3.csv
[Run 5229/560000] ✅ Saved: nist_libs_1.5_wt_CeCl3_and_1.5_wt_SmCl3_and_4.5_wt_YCl3.csv
[Run 5230/560000] ✅ Saved: nist_libs_1.5_wt_CeCl3_and_1.5_wt_SmCl3_and_5.0_wt_YCl3.csv
[Run 5231/560000] ✅ Saved: nist_libs_1.5_wt_CeCl3_and_2.0_wt_SmCl3_and_0.5_wt_YCl3.csv
[Run 5232/560000] ✅ Saved: nist_libs_1.5_wt_CeCl3_and_2.0_wt_SmCl3_and_1.0_wt_YCl3.csv
[Run 5233/560000] ✅ Saved: nist_libs_1.5_wt_CeCl3_and_2.0_wt_SmCl3_and_1.5_wt_YCl3.csv
[Run 5234/560000] ✅ Saved: nist_libs_1.5_wt_CeCl3_and_2.0_wt_SmCl3_and_2.0_wt_YCl3.csv
[Run 5235/560000] ✅ Saved: nist_libs_1.5_wt_CeCl3_and_2.0_wt_SmCl3_and_2.5_wt_YCl3.csv
[Run 5236/560000] ✅ Saved: nist_libs_1.5_wt_CeCl3_and_2.0_wt_SmCl3_and_3.0_wt_YCl3.csv
[Run 5237/560000] ✅ Saved: nist_libs_1.5_wt_CeCl3_and_2.0_wt_SmCl3_and_3.5_wt_YCl3.csv
[Run 5238/560000] ✅ Saved: nist_libs_1.5_wt_CeCl3_and_2.0_wt_SmCl3_and_4.0_wt_YCl3.csv
[Run 5239/560000] ✅ Saved: nist_libs_1.5_wt_CeCl3_and_2.0_wt_SmCl3_and_4.5_wt_YCl3.csv
[Run 5240/560000] ✅ Saved: nist_libs_1.5_wt_CeCl3_and_2.0_wt_SmCl3_and_5.0_wt_YCl3.csv
[Run 5241/560000] ✅ Saved: nist_libs_1.5_wt_CeCl3_and_2.5_wt_SmCl3_and_0.5_wt_YCl3.csv
[Run 5242/560000] ✅ Saved: nist_libs_1.5_wt_CeCl3_and_2.5_wt_SmCl3_and_1.0_wt_YCl3.csv
[Run 5243/560000] ✅ Saved: nist_libs_1.5_wt_CeCl3_and_2.5_wt_SmCl3_and_1.5_wt_YCl3.csv
[Run 5244/560000] ✅ Saved: nist_libs_1.5_wt_CeCl3_and_2.5_wt_SmCl3_and_2.0_wt_YCl3.csv
[Run 5245/560000] ✅ Saved: nist_libs_1.5_wt_CeCl3_and_2.5_wt_SmCl3_and_2.5_wt_YCl3.csv
[Run 5246/560000] ✅ Saved: nist_libs_1.5_wt_CeCl3_and_2.5_wt_SmCl3_and_3.0_wt_YCl3.csv
[Run 5247/560000] ✅ Saved: nist_libs_1.5_wt_CeCl3_and_2.5_wt_SmCl3_and_3.5_wt_YCl3.csv
[Run 5248/560000] ✅ Saved: nist_libs_1.5_wt_CeCl3_and_2.5_wt_SmCl3_and_4.0_wt_YCl3.csv
[Run 5249/560000] ✅ Saved: nist_libs_1.5_wt_CeCl3_and_2.5_wt_SmCl3_and_4.5_wt_YCl3.csv
[Run 5250/560000] ✅ Saved: nist_libs_1.5_wt_CeCl3_and_2.5_wt_SmCl3_and_5.0_wt_YCl3.csv
[Run 5251/560000] ✅ Saved: nist_libs_1.5_wt_CeCl3_and_3.0_wt_SmCl3_and_0.5_wt_YCl3.csv
[Run 5253/560000] ✅ Saved: nist_libs_1.5_wt_CeCl3_and_3.0_wt_SmCl3_and_1.5_wt_YCl3.csv
[Run 5252/560000] ✅ Saved: nist_libs_1.5_wt_CeCl3_and_3.0_wt_SmCl3_and_1.0_wt_YCl3.csv
[Run 5254/560000] ✅ Saved: nist_libs_1.5_wt_CeCl3_and_3.0_wt_SmCl3_and_2.0_wt_YCl3.csv
[Run 5255/560000] ✅ Saved: nist_libs_1.5_wt_CeCl3_and_3.0_wt_SmCl3_and_2.5_wt_YCl3.csv
[Run 5256/560000] ✅ Saved: nist_libs_1.5_wt_CeCl3_and_3.0_wt_SmCl3_and_3.0_wt_YCl3.csv
[Run 5258/560000] ✅ Saved: nist_libs_1.5_wt_CeCl3_and_3.0_wt_SmCl3_and_4.0_wt_YCl3.csv
[Run 5257/560000] ✅ Saved: nist_libs_1.5_wt_CeCl3_and_3.0_wt_SmCl3_and_3.5_wt_YCl3.csv
[Run 5259/560000] ✅ Saved: nist_libs_1.5_wt_CeCl3_and_3.0_wt_SmCl3_and_4.5_wt_YCl3.csv
[Run 5260/560000] ✅ Saved: nist_libs_1.5_wt_CeCl3_and_3.0_wt_SmCl3_and_5.0_wt_YCl3.csv
[Run 5261/560000] ✅ Saved: nist_libs_1.5_wt_CeCl3_and_3.5_wt_SmCl3_and_0.5_wt_YCl3.csv
[Run 5262/560000] ✅ Saved: nist_libs_1.5_wt_CeCl3_and_3.5_wt_SmCl3_and_1.0_wt_YCl3.csv
[Run 5263/560000] ✅ Saved: nist_libs_1.5_wt_CeCl3_and_3.5_wt_SmCl3_and_1.5_wt_YCl3.csv
[Run 5264/560000] ✅ Saved: nist_libs_1.5_wt_CeCl3_and_3.5_wt_SmCl3_and_2.0_wt_YCl3.csv
[Run 5265/560000] ✅ Saved: nist_libs_1.5_wt_CeCl3_and_3.5_wt_SmCl3_and_2.5_wt_YCl3.csv
[Run 5266/560000] ✅ Saved: nist_libs_1.5_wt_CeCl3_and_3.5_wt_SmCl3_and_3.0_wt_YCl3.csv
[Run 5267/560000] ✅ Saved: nist_libs_1.5_wt_CeCl3_and_3.5_wt_SmCl3_and_3.5_wt_YCl3.csv
[Run 5268/560000] ✅ Saved: nist_libs_1.5_wt_CeCl3_and_3.5_wt_SmCl3_and_4.0_wt_YCl3.csv
[Run 5269/560000] ✅ Saved: nist_libs_1.5_wt_CeCl3_and_3.5_wt_SmCl3_and_4.5_wt_YCl3.csv
[Run 5270/560000] ✅ Saved: nist_libs_1.5_wt_CeCl3_and_3.5_wt_SmCl3_and_5.0_wt_YCl3.csv
[Run 5271/560000] ✅ Saved: nist_libs_1.5_wt_CeCl3_and_4.0_wt_SmCl3_and_0.5_wt_YCl3.csv
[Run 5272/560000] ✅ Saved: nist_libs_1.5_wt_CeCl3_and_4.0_wt_SmCl3_and_1.0_wt_YCl3.csv
[Run 5273/560000] ✅ Saved: nist_libs_1.5_wt_CeCl3_and_4.0_wt_SmCl3_and_1.5_wt_YCl3.csv
[Run 5274/560000] ✅ Saved: nist_libs_1.5_wt_CeCl3_and_4.0_wt_SmCl3_and_2.0_wt_YCl3.csv
[Run 5275/560000] ✅ Saved: nist_libs_1.5_wt_CeCl3_and_4.0_wt_SmCl3_and_2.5_wt_YCl3.csv
[Run 5276/560000] ✅ Saved: nist_libs_1.5_wt_CeCl3_and_4.0_wt_SmCl3_and_3.0_wt_YCl3.csv
[Run 5277/560000] ✅ Saved: nist_libs_1.5_wt_CeCl3_and_4.0_wt_SmCl3_and_3.5_wt_YCl3.csv
[Run 5278/560000] ✅ Saved: nist_libs_1.5_wt_CeCl3_and_4.0_wt_SmCl3_and_4.0_wt_YCl3.csv
[Run 5279/560000] ✅ Saved: nist_libs_1.5_wt_CeCl3_and_4.0_wt_SmCl3_and_4.5_wt_YCl3.csv
[Run 5280/560000] ✅ Saved: nist_libs_1.5_wt_CeCl3_and_4.0_wt_SmCl3_and_5.0_wt_YCl3.csv
[Run 5281/560000] ✅ Saved: nist_libs_1.5_wt_CeCl3_and_4.5_wt_SmCl3_and_0.5_wt_YCl3.csv
[Run 5282/560000] ✅ Saved: nist_libs_1.5_wt_CeCl3_and_4.5_wt_SmCl3_and_1.0_wt_YCl3.csv
[Run 5283/560000] ✅ Saved: nist_libs_1.5_wt_CeCl3_and_4.5_wt_SmCl3_and_1.5_wt_YCl3.csv
[Run 5284/560000] ✅ Saved: nist_libs_1.5_wt_CeCl3_and_4.5_wt_SmCl3_and_2.0_wt_YCl3.csv
[Run 5285/560000] ✅ Saved: nist_libs_1.5_wt_CeCl3_and_4.5_wt_SmCl3_and_2.5_wt_YCl3.csv
[Run 5287/560000] ✅ Saved: nist_libs_1.5_wt_CeCl3_and_4.5_wt_SmCl3_and_3.5_wt_YCl3.csv
[Run 5286/560000] ✅ Saved: nist_libs_1.5_wt_CeCl3_and_4.5_wt_SmCl3_and_3.0_wt_YCl3.csv
[Run 5288/560000] ✅ Saved: nist_libs_1.5_wt_CeCl3_and_4.5_wt_SmCl3_and_4.0_wt_YCl3.csv
[Run 5289/560000] ✅ Saved: nist_libs_1.5_wt_CeCl3_and_4.5_wt_SmCl3_and_4.5_wt_YCl3.csv
[Run 5290/560000] ✅ Saved: nist_libs_1.5_wt_CeCl3_and_4.5_wt_SmCl3_and_5.0_wt_YCl3.csv
[Run 5291/560000] ✅ Saved: nist_libs_1.5_wt_CeCl3_and_5.0_wt_SmCl3_and_0.5_wt_YCl3.csv
[Run 5292/560000] ✅ Saved: nist_libs_1.5_wt_CeCl3_and_5.0_wt_SmCl3_and_1.0_wt_YCl3.csv
[Run 5293/560000] ✅ Saved: nist_libs_1.5_wt_CeCl3_and_5.0_wt_SmCl3_and_1.5_wt_YCl3.csv
[Run 5295/560000] ✅ Saved: nist_libs_1.5_wt_CeCl3_and_5.0_wt_SmCl3_and_2.5_wt_YCl3.csv
[Run 5294/560000] ✅ Saved: nist_libs_1.5_wt_CeCl3_and_5.0_wt_SmCl3_and_2.0_wt_YCl3.csv
[Run 5296/560000] ✅ Saved: nist_libs_1.5_wt_CeCl3_and_5.0_wt_SmCl3_and_3.0_wt_YCl3.csv
[Run 5297/560000] ✅ Saved: nist_libs_1.5_wt_CeCl3_and_5.0_wt_SmCl3_and_3.5_wt_YCl3.csv
[Run 5298/560000] ✅ Saved: nist_libs_1.5_wt_CeCl3_and_5.0_wt_SmCl3_and_4.0_wt_YCl3.csv
[Run 5299/560000] ✅ Saved: nist_libs_1.5_wt_CeCl3_and_5.0_wt_SmCl3_and_4.5_wt_YCl3.csv
[Run 5300/560000] ✅ Saved: nist_libs_1.5_wt_CeCl3_and_5.0_wt_SmCl3_and_5.0_wt_YCl3.csv
[Run 5301/560000] ✅ Saved: nist_libs_2.0_wt_CeCl3_and_0.5_wt_SmCl3_and_0.5_wt_YCl3.csv
[Run 5303/560000] ✅ Saved: nist_libs_2.0_wt_CeCl3_and_0.5_wt_SmCl3_and_1.5_wt_YCl3.csv
[Run 5302/560000] ✅ Saved: nist_libs_2.0_wt_CeCl3_and_0.5_wt_SmCl3_and_1.0_wt_YCl3.csv
[Run 5304/560000] ✅ Saved: nist_libs_2.0_wt_CeCl3_and_0.5_wt_SmCl3_and_2.0_wt_YCl3.csv
[Run 5305/560000] ✅ Saved: nist_libs_2.0_wt_CeCl3_and_0.5_wt_SmCl3_and_2.5_wt_YCl3.csv
[Run 5306/560000] ✅ Saved: nist_libs_2.0_wt_CeCl3_and_0.5_wt_SmCl3_and_3.0_wt_YCl3.csv
[Run 5307/560000] ✅ Saved: nist_libs_2.0_wt_CeCl3_and_0.5_wt_SmCl3_and_3.5_wt_YCl3.csv
[Run 5308/560000] ✅ Saved: nist_libs_2.0_wt_CeCl3_and_0.5_wt_SmCl3_and_4.0_wt_YCl3.csv
[Run 5309/560000] ✅ Saved: nist_libs_2.0_wt_CeCl3_and_0.5_wt_SmCl3_and_4.5_wt_YCl3.csv
[Run 5310/560000] ✅ Saved: nist_libs_2.0_wt_CeCl3_and_0.5_wt_SmCl3_and_5.0_wt_YCl3.csv
[Run 5311/560000] ✅ Saved: nist_libs_2.0_wt_CeCl3_and_1.0_wt_SmCl3_and_0.5_wt_YCl3.csv
[Run 5312/560000] ✅ Saved: nist_libs_2.0_wt_CeCl3_and_1.0_wt_SmCl3_and_1.0_wt_YCl3.csv
[Run 5313/560000] ✅ Saved: nist_libs_2.0_wt_CeCl3_and_1.0_wt_SmCl3_and_1.5_wt_YCl3.csv
[Run 5315/560000] ✅ Saved: nist_libs_2.0_wt_CeCl3_and_1.0_wt_SmCl3_and_2.5_wt_YCl3.csv
[Run 5314/560000] ✅ Saved: nist_libs_2.0_wt_CeCl3_and_1.0_wt_SmCl3_and_2.0_wt_YCl3.csv
[Run 5316/560000] ✅ Saved: nist_libs_2.0_wt_CeCl3_and_1.0_wt_SmCl3_and_3.0_wt_YCl3.csv
[Run 5317/560000] ✅ Saved: nist_libs_2.0_wt_CeCl3_and_1.0_wt_SmCl3_and_3.5_wt_YCl3.csv
[Run 5319/560000] ✅ Saved: nist_libs_2.0_wt_CeCl3_and_1.0_wt_SmCl3_and_4.5_wt_YCl3.csv
[Run 5318/560000] ✅ Saved: nist_libs_2.0_wt_CeCl3_and_1.0_wt_SmCl3_and_4.0_wt_YCl3.csv
[Run 5320/560000] ✅ Saved: nist_libs_2.0_wt_CeCl3_and_1.0_wt_SmCl3_and_5.0_wt_YCl3.csv
[Run 5321/560000] ✅ Saved: nist_libs_2.0_wt_CeCl3_and_1.5_wt_SmCl3_and_0.5_wt_YCl3.csv
[Run 5322/560000] ✅ Saved: nist_libs_2.0_wt_CeCl3_and_1.5_wt_SmCl3_and_1.0_wt_YCl3.csv
[Run 5323/560000] ✅ Saved: nist_libs_2.0_wt_CeCl3_and_1.5_wt_SmCl3_and_1.5_wt_YCl3.csv
[Run 5324/560000] ✅ Saved: nist_libs_2.0_wt_CeCl3_and_1.5_wt_SmCl3_and_2.0_wt_YCl3.csv
[Run 5325/560000] ✅ Saved: nist_libs_2.0_wt_CeCl3_and_1.5_wt_SmCl3_and_2.5_wt_YCl3.csv
[Run 5326/560000] ✅ Saved: nist_libs_2.0_wt_CeCl3_and_1.5_wt_SmCl3_and_3.0_wt_YCl3.csv
[Run 5327/560000] ✅ Saved: nist_libs_2.0_wt_CeCl3_and_1.5_wt_SmCl3_and_3.5_wt_YCl3.csv
[Run 5328/560000] ✅ Saved: nist_libs_2.0_wt_CeCl3_and_1.5_wt_SmCl3_and_4.0_wt_YCl3.csv
[Run 5329/560000] ✅ Saved: nist_libs_2.0_wt_CeCl3_and_1.5_wt_SmCl3_and_4.5_wt_YCl3.csv
[Run 5330/560000] ✅ Saved: nist_libs_2.0_wt_CeCl3_and_1.5_wt_SmCl3_and_5.0_wt_YCl3.csv
[Run 5331/560000] ✅ Saved: nist_libs_2.0_wt_CeCl3_and_2.0_wt_SmCl3_and_0.5_wt_YCl3.csv
[Run 5332/560000] ✅ Saved: nist_libs_2.0_wt_CeCl3_and_2.0_wt_SmCl3_and_1.0_wt_YCl3.csv
[Run 5333/560000] ✅ Saved: nist_libs_2.0_wt_CeCl3_and_2.0_wt_SmCl3_and_1.5_wt_YCl3.csv
[Run 5334/560000] ✅ Saved: nist_libs_2.0_wt_CeCl3_and_2.0_wt_SmCl3_and_2.0_wt_YCl3.csv
[Run 5335/560000] ✅ Saved: nist_libs_2.0_wt_CeCl3_and_2.0_wt_SmCl3_and_2.5_wt_YCl3.csv
[Run 5336/560000] ✅ Saved: nist_libs_2.0_wt_CeCl3_and_2.0_wt_SmCl3_and_3.0_wt_YCl3.csv
[Run 5337/560000] ✅ Saved: nist_libs_2.0_wt_CeCl3_and_2.0_wt_SmCl3_and_3.5_wt_YCl3.csv
[Run 5339/560000] ✅ Saved: nist_libs_2.0_wt_CeCl3_and_2.0_wt_SmCl3_and_4.5_wt_YCl3.csv
[Run 5338/560000] ✅ Saved: nist_libs_2.0_wt_CeCl3_and_2.0_wt_SmCl3_and_4.0_wt_YCl3.csv
[Run 5341/560000] ✅ Saved: nist_libs_2.0_wt_CeCl3_and_2.5_wt_SmCl3_and_0.5_wt_YCl3.csv
[Run 5340/560000] ✅ Saved: nist_libs_2.0_wt_CeCl3_and_2.0_wt_SmCl3_and_5.0_wt_YCl3.csv
[Run 5342/560000] ✅ Saved: nist_libs_2.0_wt_CeCl3_and_2.5_wt_SmCl3_and_1.0_wt_YCl3.csv
[Run 5343/560000] ✅ Saved: nist_libs_2.0_wt_CeCl3_and_2.5_wt_SmCl3_and_1.5_wt_YCl3.csv
[Run 5344/560000] ✅ Saved: nist_libs_2.0_wt_CeCl3_and_2.5_wt_SmCl3_and_2.0_wt_YCl3.csv
[Run 5345/560000] ✅ Saved: nist_libs_2.0_wt_CeCl3_and_2.5_wt_SmCl3_and_2.5_wt_YCl3.csv
[Run 5346/560000] ✅ Saved: nist_libs_2.0_wt_CeCl3_and_2.5_wt_SmCl3_and_3.0_wt_YCl3.csv
[Run 5348/560000] ✅ Saved: nist_libs_2.0_wt_CeCl3_and_2.5_wt_SmCl3_and_4.0_wt_YCl3.csv
[Run 5347/560000] ✅ Saved: nist_libs_2.0_wt_CeCl3_and_2.5_wt_SmCl3_and_3.5_wt_YCl3.csv
[Run 5349/560000] ✅ Saved: nist_libs_2.0_wt_CeCl3_and_2.5_wt_SmCl3_and_4.5_wt_YCl3.csv
[Run 5350/560000] ✅ Saved: nist_libs_2.0_wt_CeCl3_and_2.5_wt_SmCl3_and_5.0_wt_YCl3.csv
[Run 5352/560000] ✅ Saved: nist_libs_2.0_wt_CeCl3_and_3.0_wt_SmCl3_and_1.0_wt_YCl3.csv
[Run 5351/560000] ✅ Saved: nist_libs_2.0_wt_CeCl3_and_3.0_wt_SmCl3_and_0.5_wt_YCl3.csv
[Run 5353/560000] ✅ Saved: nist_libs_2.0_wt_CeCl3_and_3.0_wt_SmCl3_and_1.5_wt_YCl3.csv
[Run 5354/560000] ✅ Saved: nist_libs_2.0_wt_CeCl3_and_3.0_wt_SmCl3_and_2.0_wt_YCl3.csv
[Run 5355/560000] ✅ Saved: nist_libs_2.0_wt_CeCl3_and_3.0_wt_SmCl3_and_2.5_wt_YCl3.csv
[Run 5356/560000] ✅ Saved: nist_libs_2.0_wt_CeCl3_and_3.0_wt_SmCl3_and_3.0_wt_YCl3.csv
[Run 5357/560000] ✅ Saved: nist_libs_2.0_wt_CeCl3_and_3.0_wt_SmCl3_and_3.5_wt_YCl3.csv
[Run 5358/560000] ✅ Saved: nist_libs_2.0_wt_CeCl3_and_3.0_wt_SmCl3_and_4.0_wt_YCl3.csv
[Run 5359/560000] ✅ Saved: nist_libs_2.0_wt_CeCl3_and_3.0_wt_SmCl3_and_4.5_wt_YCl3.csv
[Run 5360/560000] ✅ Saved: nist_libs_2.0_wt_CeCl3_and_3.0_wt_SmCl3_and_5.0_wt_YCl3.csv
[Run 5362/560000] ✅ Saved: nist_libs_2.0_wt_CeCl3_and_3.5_wt_SmCl3_and_1.0_wt_YCl3.csv
[Run 5361/560000] ✅ Saved: nist_libs_2.0_wt_CeCl3_and_3.5_wt_SmCl3_and_0.5_wt_YCl3.csv
[Run 5363/560000] ✅ Saved: nist_libs_2.0_wt_CeCl3_and_3.5_wt_SmCl3_and_1.5_wt_YCl3.csv
[Run 5364/560000] ✅ Saved: nist_libs_2.0_wt_CeCl3_and_3.5_wt_SmCl3_and_2.0_wt_YCl3.csv
[Run 5365/560000] ✅ Saved: nist_libs_2.0_wt_CeCl3_and_3.5_wt_SmCl3_and_2.5_wt_YCl3.csv
[Run 5366/560000] ✅ Saved: nist_libs_2.0_wt_CeCl3_and_3.5_wt_SmCl3_and_3.0_wt_YCl3.csv
[Run 5368/560000] ✅ Saved: nist_libs_2.0_wt_CeCl3_and_3.5_wt_SmCl3_and_4.0_wt_YCl3.csv
[Run 5367/560000] ✅ Saved: nist_libs_2.0_wt_CeCl3_and_3.5_wt_SmCl3_and_3.5_wt_YCl3.csv
[Run 5370/560000] ✅ Saved: nist_libs_2.0_wt_CeCl3_and_3.5_wt_SmCl3_and_5.0_wt_YCl3.csv
[Run 5369/560000] ✅ Saved: nist_libs_2.0_wt_CeCl3_and_3.5_wt_SmCl3_and_4.5_wt_YCl3.csv
[Run 5371/560000] ✅ Saved: nist_libs_2.0_wt_CeCl3_and_4.0_wt_SmCl3_and_0.5_wt_YCl3.csv
[Run 5372/560000] ✅ Saved: nist_libs_2.0_wt_CeCl3_and_4.0_wt_SmCl3_and_1.0_wt_YCl3.csv
[Run 5374/560000] ✅ Saved: nist_libs_2.0_wt_CeCl3_and_4.0_wt_SmCl3_and_2.0_wt_YCl3.csv
[Run 5373/560000] ✅ Saved: nist_libs_2.0_wt_CeCl3_and_4.0_wt_SmCl3_and_1.5_wt_YCl3.csv
[Run 5375/560000] ✅ Saved: nist_libs_2.0_wt_CeCl3_and_4.0_wt_SmCl3_and_2.5_wt_YCl3.csv
[Run 5376/560000] ✅ Saved: nist_libs_2.0_wt_CeCl3_and_4.0_wt_SmCl3_and_3.0_wt_YCl3.csv
[Run 5378/560000] ✅ Saved: nist_libs_2.0_wt_CeCl3_and_4.0_wt_SmCl3_and_4.0_wt_YCl3.csv
[Run 5377/560000] ✅ Saved: nist_libs_2.0_wt_CeCl3_and_4.0_wt_SmCl3_and_3.5_wt_YCl3.csv
[Run 5379/560000] ✅ Saved: nist_libs_2.0_wt_CeCl3_and_4.0_wt_SmCl3_and_4.5_wt_YCl3.csv
[Run 5380/560000] ✅ Saved: nist_libs_2.0_wt_CeCl3_and_4.0_wt_SmCl3_and_5.0_wt_YCl3.csv
[Run 5381/560000] ✅ Saved: nist_libs_2.0_wt_CeCl3_and_4.5_wt_SmCl3_and_0.5_wt_YCl3.csv
[Run 5382/560000] ✅ Saved: nist_libs_2.0_wt_CeCl3_and_4.5_wt_SmCl3_and_1.0_wt_YCl3.csv
[Run 5384/560000] ✅ Saved: nist_libs_2.0_wt_CeCl3_and_4.5_wt_SmCl3_and_2.0_wt_YCl3.csv
[Run 5383/560000] ✅ Saved: nist_libs_2.0_wt_CeCl3_and_4.5_wt_SmCl3_and_1.5_wt_YCl3.csv
[Run 5385/560000] ✅ Saved: nist_libs_2.0_wt_CeCl3_and_4.5_wt_SmCl3_and_2.5_wt_YCl3.csv
[Run 5386/560000] ✅ Saved: nist_libs_2.0_wt_CeCl3_and_4.5_wt_SmCl3_and_3.0_wt_YCl3.csv
[Run 5387/560000] ✅ Saved: nist_libs_2.0_wt_CeCl3_and_4.5_wt_SmCl3_and_3.5_wt_YCl3.csv
[Run 5388/560000] ✅ Saved: nist_libs_2.0_wt_CeCl3_and_4.5_wt_SmCl3_and_4.0_wt_YCl3.csv
[Run 5389/560000] ✅ Saved: nist_libs_2.0_wt_CeCl3_and_4.5_wt_SmCl3_and_4.5_wt_YCl3.csv
[Run 5390/560000] ✅ Saved: nist_libs_2.0_wt_CeCl3_and_4.5_wt_SmCl3_and_5.0_wt_YCl3.csv
[Run 5391/560000] ✅ Saved: nist_libs_2.0_wt_CeCl3_and_5.0_wt_SmCl3_and_0.5_wt_YCl3.csv
[Run 5392/560000] ✅ Saved: nist_libs_2.0_wt_CeCl3_and_5.0_wt_SmCl3_and_1.0_wt_YCl3.csv
[Run 5393/560000] ✅ Saved: nist_libs_2.0_wt_CeCl3_and_5.0_wt_SmCl3_and_1.5_wt_YCl3.csv
[Run 5394/560000] ✅ Saved: nist_libs_2.0_wt_CeCl3_and_5.0_wt_SmCl3_and_2.0_wt_YCl3.csv
[Run 5395/560000] ✅ Saved: nist_libs_2.0_wt_CeCl3_and_5.0_wt_SmCl3_and_2.5_wt_YCl3.csv
[Run 5396/560000] ✅ Saved: nist_libs_2.0_wt_CeCl3_and_5.0_wt_SmCl3_and_3.0_wt_YCl3.csv
[Run 5398/560000] ✅ Saved: nist_libs_2.0_wt_CeCl3_and_5.0_wt_SmCl3_and_4.0_wt_YCl3.csv
[Run 5397/560000] ✅ Saved: nist_libs_2.0_wt_CeCl3_and_5.0_wt_SmCl3_and_3.5_wt_YCl3.csv
[Run 5399/560000] ✅ Saved: nist_libs_2.0_wt_CeCl3_and_5.0_wt_SmCl3_and_4.5_wt_YCl3.csv
[Run 5400/560000] ✅ Saved: nist_libs_2.0_wt_CeCl3_and_5.0_wt_SmCl3_and_5.0_wt_YCl3.csv
[Run 5401/560000] ✅ Saved: nist_libs_2.5_wt_CeCl3_and_0.5_wt_SmCl3_and_0.5_wt_YCl3.csv
[Run 5402/560000] ✅ Saved: nist_libs_2.5_wt_CeCl3_and_0.5_wt_SmCl3_and_1.0_wt_YCl3.csv
[Run 5403/560000] ✅ Saved: nist_libs_2.5_wt_CeCl3_and_0.5_wt_SmCl3_and_1.5_wt_YCl3.csv
[Run 5404/560000] ✅ Saved: nist_libs_2.5_wt_CeCl3_and_0.5_wt_SmCl3_and_2.0_wt_YCl3.csv
[Run 5405/560000] ✅ Saved: nist_libs_2.5_wt_CeCl3_and_0.5_wt_SmCl3_and_2.5_wt_YCl3.csv
[Run 5406/560000] ✅ Saved: nist_libs_2.5_wt_CeCl3_and_0.5_wt_SmCl3_and_3.0_wt_YCl3.csv
[Run 5408/560000] ✅ Saved: nist_libs_2.5_wt_CeCl3_and_0.5_wt_SmCl3_and_4.0_wt_YCl3.csv
[Run 5407/560000] ✅ Saved: nist_libs_2.5_wt_CeCl3_and_0.5_wt_SmCl3_and_3.5_wt_YCl3.csv
[Run 5409/560000] ✅ Saved: nist_libs_2.5_wt_CeCl3_and_0.5_wt_SmCl3_and_4.5_wt_YCl3.csv
[Run 5410/560000] ✅ Saved: nist_libs_2.5_wt_CeCl3_and_0.5_wt_SmCl3_and_5.0_wt_YCl3.csv
[Run 5411/560000] ✅ Saved: nist_libs_2.5_wt_CeCl3_and_1.0_wt_SmCl3_and_0.5_wt_YCl3.csv
[Run 5412/560000] ✅ Saved: nist_libs_2.5_wt_CeCl3_and_1.0_wt_SmCl3_and_1.0_wt_YCl3.csv
[Run 5413/560000] ✅ Saved: nist_libs_2.5_wt_CeCl3_and_1.0_wt_SmCl3_and_1.5_wt_YCl3.csv
[Run 5414/560000] ✅ Saved: nist_libs_2.5_wt_CeCl3_and_1.0_wt_SmCl3_and_2.0_wt_YCl3.csv
[Run 5415/560000] ✅ Saved: nist_libs_2.5_wt_CeCl3_and_1.0_wt_SmCl3_and_2.5_wt_YCl3.csv
[Run 5416/560000] ✅ Saved: nist_libs_2.5_wt_CeCl3_and_1.0_wt_SmCl3_and_3.0_wt_YCl3.csv
[Run 5417/560000] ✅ Saved: nist_libs_2.5_wt_CeCl3_and_1.0_wt_SmCl3_and_3.5_wt_YCl3.csv
[Run 5418/560000] ✅ Saved: nist_libs_2.5_wt_CeCl3_and_1.0_wt_SmCl3_and_4.0_wt_YCl3.csv
[Run 5419/560000] ✅ Saved: nist_libs_2.5_wt_CeCl3_and_1.0_wt_SmCl3_and_4.5_wt_YCl3.csv
[Run 5420/560000] ✅ Saved: nist_libs_2.5_wt_CeCl3_and_1.0_wt_SmCl3_and_5.0_wt_YCl3.csv
[Run 5421/560000] ✅ Saved: nist_libs_2.5_wt_CeCl3_and_1.5_wt_SmCl3_and_0.5_wt_YCl3.csv
[Run 5422/560000] ✅ Saved: nist_libs_2.5_wt_CeCl3_and_1.5_wt_SmCl3_and_1.0_wt_YCl3.csv
[Run 5423/560000] ✅ Saved: nist_libs_2.5_wt_CeCl3_and_1.5_wt_SmCl3_and_1.5_wt_YCl3.csv
[Run 5424/560000] ✅ Saved: nist_libs_2.5_wt_CeCl3_and_1.5_wt_SmCl3_and_2.0_wt_YCl3.csv
[Run 5425/560000] ✅ Saved: nist_libs_2.5_wt_CeCl3_and_1.5_wt_SmCl3_and_2.5_wt_YCl3.csv
[Run 5426/560000] ✅ Saved: nist_libs_2.5_wt_CeCl3_and_1.5_wt_SmCl3_and_3.0_wt_YCl3.csv
[Run 5427/560000] ✅ Saved: nist_libs_2.5_wt_CeCl3_and_1.5_wt_SmCl3_and_3.5_wt_YCl3.csv
[Run 5428/560000] ✅ Saved: nist_libs_2.5_wt_CeCl3_and_1.5_wt_SmCl3_and_4.0_wt_YCl3.csv
[Run 5429/560000] ✅ Saved: nist_libs_2.5_wt_CeCl3_and_1.5_wt_SmCl3_and_4.5_wt_YCl3.csv
[Run 5430/560000] ✅ Saved: nist_libs_2.5_wt_CeCl3_and_1.5_wt_SmCl3_and_5.0_wt_YCl3.csv
[Run 5431/560000] ✅ Saved: nist_libs_2.5_wt_CeCl3_and_2.0_wt_SmCl3_and_0.5_wt_YCl3.csv
[Run 5432/560000] ✅ Saved: nist_libs_2.5_wt_CeCl3_and_2.0_wt_SmCl3_and_1.0_wt_YCl3.csv
[Run 5433/560000] ✅ Saved: nist_libs_2.5_wt_CeCl3_and_2.0_wt_SmCl3_and_1.5_wt_YCl3.csv
[Run 5434/560000] ✅ Saved: nist_libs_2.5_wt_CeCl3_and_2.0_wt_SmCl3_and_2.0_wt_YCl3.csv
[Run 5435/560000] ✅ Saved: nist_libs_2.5_wt_CeCl3_and_2.0_wt_SmCl3_and_2.5_wt_YCl3.csv
[Run 5436/560000] ✅ Saved: nist_libs_2.5_wt_CeCl3_and_2.0_wt_SmCl3_and_3.0_wt_YCl3.csv
[Run 5437/560000] ✅ Saved: nist_libs_2.5_wt_CeCl3_and_2.0_wt_SmCl3_and_3.5_wt_YCl3.csv
[Run 5438/560000] ✅ Saved: nist_libs_2.5_wt_CeCl3_and_2.0_wt_SmCl3_and_4.0_wt_YCl3.csv
[Run 5439/560000] ✅ Saved: nist_libs_2.5_wt_CeCl3_and_2.0_wt_SmCl3_and_4.5_wt_YCl3.csv
[Run 5440/560000] ✅ Saved: nist_libs_2.5_wt_CeCl3_and_2.0_wt_SmCl3_and_5.0_wt_YCl3.csv
[Run 5441/560000] ✅ Saved: nist_libs_2.5_wt_CeCl3_and_2.5_wt_SmCl3_and_0.5_wt_YCl3.csv
[Run 5443/560000] ✅ Saved: nist_libs_2.5_wt_CeCl3_and_2.5_wt_SmCl3_and_1.5_wt_YCl3.csv
[Run 5442/560000] ✅ Saved: nist_libs_2.5_wt_CeCl3_and_2.5_wt_SmCl3_and_1.0_wt_YCl3.csv
[Run 5444/560000] ✅ Saved: nist_libs_2.5_wt_CeCl3_and_2.5_wt_SmCl3_and_2.0_wt_YCl3.csv
[Run 5445/560000] ✅ Saved: nist_libs_2.5_wt_CeCl3_and_2.5_wt_SmCl3_and_2.5_wt_YCl3.csv
[Run 5446/560000] ✅ Saved: nist_libs_2.5_wt_CeCl3_and_2.5_wt_SmCl3_and_3.0_wt_YCl3.csv
[Run 5447/560000] ✅ Saved: nist_libs_2.5_wt_CeCl3_and_2.5_wt_SmCl3_and_3.5_wt_YCl3.csv
[Run 5448/560000] ✅ Saved: nist_libs_2.5_wt_CeCl3_and_2.5_wt_SmCl3_and_4.0_wt_YCl3.csv
[Run 5449/560000] ✅ Saved: nist_libs_2.5_wt_CeCl3_and_2.5_wt_SmCl3_and_4.5_wt_YCl3.csv
[Run 5451/560000] ✅ Saved: nist_libs_2.5_wt_CeCl3_and_3.0_wt_SmCl3_and_0.5_wt_YCl3.csv
[Run 5450/560000] ✅ Saved: nist_libs_2.5_wt_CeCl3_and_2.5_wt_SmCl3_and_5.0_wt_YCl3.csv
[Run 5452/560000] ✅ Saved: nist_libs_2.5_wt_CeCl3_and_3.0_wt_SmCl3_and_1.0_wt_YCl3.csv
[Run 5453/560000] ✅ Saved: nist_libs_2.5_wt_CeCl3_and_3.0_wt_SmCl3_and_1.5_wt_YCl3.csv
[Run 5456/560000] ✅ Saved: nist_libs_2.5_wt_CeCl3_and_3.0_wt_SmCl3_and_3.0_wt_YCl3.csv
[Run 5455/560000] ✅ Saved: nist_libs_2.5_wt_CeCl3_and_3.0_wt_SmCl3_and_2.5_wt_YCl3.csv
[Run 5454/560000] ✅ Saved: nist_libs_2.5_wt_CeCl3_and_3.0_wt_SmCl3_and_2.0_wt_YCl3.csv
[Run 5457/560000] ✅ Saved: nist_libs_2.5_wt_CeCl3_and_3.0_wt_SmCl3_and_3.5_wt_YCl3.csv
[Run 5458/560000] ✅ Saved: nist_libs_2.5_wt_CeCl3_and_3.0_wt_SmCl3_and_4.0_wt_YCl3.csv
[Run 5459/560000] ✅ Saved: nist_libs_2.5_wt_CeCl3_and_3.0_wt_SmCl3_and_4.5_wt_YCl3.csv
[Run 5461/560000] ✅ Saved: nist_libs_2.5_wt_CeCl3_and_3.5_wt_SmCl3_and_0.5_wt_YCl3.csv
[Run 5460/560000] ✅ Saved: nist_libs_2.5_wt_CeCl3_and_3.0_wt_SmCl3_and_5.0_wt_YCl3.csv
[Run 5462/560000] ✅ Saved: nist_libs_2.5_wt_CeCl3_and_3.5_wt_SmCl3_and_1.0_wt_YCl3.csv
[Run 5465/560000] ✅ Saved: nist_libs_2.5_wt_CeCl3_and_3.5_wt_SmCl3_and_2.5_wt_YCl3.csv
[Run 5464/560000] ✅ Saved: nist_libs_2.5_wt_CeCl3_and_3.5_wt_SmCl3_and_2.0_wt_YCl3.csv
[Run 5463/560000] ✅ Saved: nist_libs_2.5_wt_CeCl3_and_3.5_wt_SmCl3_and_1.5_wt_YCl3.csv
[Run 5466/560000] ✅ Saved: nist_libs_2.5_wt_CeCl3_and_3.5_wt_SmCl3_and_3.0_wt_YCl3.csv
[Run 5467/560000] ✅ Saved: nist_libs_2.5_wt_CeCl3_and_3.5_wt_SmCl3_and_3.5_wt_YCl3.csv
[Run 5468/560000] ✅ Saved: nist_libs_2.5_wt_CeCl3_and_3.5_wt_SmCl3_and_4.0_wt_YCl3.csv
[Run 5469/560000] ✅ Saved: nist_libs_2.5_wt_CeCl3_and_3.5_wt_SmCl3_and_4.5_wt_YCl3.csv
[Run 5470/560000] ✅ Saved: nist_libs_2.5_wt_CeCl3_and_3.5_wt_SmCl3_and_5.0_wt_YCl3.csv
[Run 5471/560000] ✅ Saved: nist_libs_2.5_wt_CeCl3_and_4.0_wt_SmCl3_and_0.5_wt_YCl3.csv
[Run 5472/560000] ✅ Saved: nist_libs_2.5_wt_CeCl3_and_4.0_wt_SmCl3_and_1.0_wt_YCl3.csv
[Run 5473/560000] ✅ Saved: nist_libs_2.5_wt_CeCl3_and_4.0_wt_SmCl3_and_1.5_wt_YCl3.csv
[Run 5474/560000] ✅ Saved: nist_libs_2.5_wt_CeCl3_and_4.0_wt_SmCl3_and_2.0_wt_YCl3.csv
[Run 5475/560000] ✅ Saved: nist_libs_2.5_wt_CeCl3_and_4.0_wt_SmCl3_and_2.5_wt_YCl3.csv
[Run 5476/560000] ✅ Saved: nist_libs_2.5_wt_CeCl3_and_4.0_wt_SmCl3_and_3.0_wt_YCl3.csv
[Run 5477/560000] ✅ Saved: nist_libs_2.5_wt_CeCl3_and_4.0_wt_SmCl3_and_3.5_wt_YCl3.csv
[Run 5478/560000] ✅ Saved: nist_libs_2.5_wt_CeCl3_and_4.0_wt_SmCl3_and_4.0_wt_YCl3.csv
[Run 5479/560000] ✅ Saved: nist_libs_2.5_wt_CeCl3_and_4.0_wt_SmCl3_and_4.5_wt_YCl3.csv
[Run 5480/560000] ✅ Saved: nist_libs_2.5_wt_CeCl3_and_4.0_wt_SmCl3_and_5.0_wt_YCl3.csv
[Run 5481/560000] ✅ Saved: nist_libs_2.5_wt_CeCl3_and_4.5_wt_SmCl3_and_0.5_wt_YCl3.csv
[Run 5482/560000] ✅ Saved: nist_libs_2.5_wt_CeCl3_and_4.5_wt_SmCl3_and_1.0_wt_YCl3.csv
[Run 5483/560000] ✅ Saved: nist_libs_2.5_wt_CeCl3_and_4.5_wt_SmCl3_and_1.5_wt_YCl3.csv
[Run 5484/560000] ✅ Saved: nist_libs_2.5_wt_CeCl3_and_4.5_wt_SmCl3_and_2.0_wt_YCl3.csv
[Run 5485/560000] ✅ Saved: nist_libs_2.5_wt_CeCl3_and_4.5_wt_SmCl3_and_2.5_wt_YCl3.csv
[Run 5486/560000] ✅ Saved: nist_libs_2.5_wt_CeCl3_and_4.5_wt_SmCl3_and_3.0_wt_YCl3.csv
[Run 5487/560000] ✅ Saved: nist_libs_2.5_wt_CeCl3_and_4.5_wt_SmCl3_and_3.5_wt_YCl3.csv
[Run 5489/560000] ✅ Saved: nist_libs_2.5_wt_CeCl3_and_4.5_wt_SmCl3_and_4.5_wt_YCl3.csv
[Run 5488/560000] ✅ Saved: nist_libs_2.5_wt_CeCl3_and_4.5_wt_SmCl3_and_4.0_wt_YCl3.csv
[Run 5490/560000] ✅ Saved: nist_libs_2.5_wt_CeCl3_and_4.5_wt_SmCl3_and_5.0_wt_YCl3.csv
[Run 5491/560000] ✅ Saved: nist_libs_2.5_wt_CeCl3_and_5.0_wt_SmCl3_and_0.5_wt_YCl3.csv
[Run 5493/560000] ✅ Saved: nist_libs_2.5_wt_CeCl3_and_5.0_wt_SmCl3_and_1.5_wt_YCl3.csv
[Run 5492/560000] ✅ Saved: nist_libs_2.5_wt_CeCl3_and_5.0_wt_SmCl3_and_1.0_wt_YCl3.csv
[Run 5494/560000] ✅ Saved: nist_libs_2.5_wt_CeCl3_and_5.0_wt_SmCl3_and_2.0_wt_YCl3.csv
[Run 5495/560000] ✅ Saved: nist_libs_2.5_wt_CeCl3_and_5.0_wt_SmCl3_and_2.5_wt_YCl3.csv
[Run 5496/560000] ✅ Saved: nist_libs_2.5_wt_CeCl3_and_5.0_wt_SmCl3_and_3.0_wt_YCl3.csv
[Run 5497/560000] ✅ Saved: nist_libs_2.5_wt_CeCl3_and_5.0_wt_SmCl3_and_3.5_wt_YCl3.csv
[Run 5498/560000] ✅ Saved: nist_libs_2.5_wt_CeCl3_and_5.0_wt_SmCl3_and_4.0_wt_YCl3.csv
[Run 5499/560000] ✅ Saved: nist_libs_2.5_wt_CeCl3_and_5.0_wt_SmCl3_and_4.5_wt_YCl3.csv
[Run 5500/560000] ✅ Saved: nist_libs_2.5_wt_CeCl3_and_5.0_wt_SmCl3_and_5.0_wt_YCl3.csv
[Run 5501/560000] ✅ Saved: nist_libs_3.0_wt_CeCl3_and_0.5_wt_SmCl3_and_0.5_wt_YCl3.csv
[Run 5502/560000] ✅ Saved: nist_libs_3.0_wt_CeCl3_and_0.5_wt_SmCl3_and_1.0_wt_YCl3.csv
[Run 5503/560000] ✅ Saved: nist_libs_3.0_wt_CeCl3_and_0.5_wt_SmCl3_and_1.5_wt_YCl3.csv
[Run 5504/560000] ✅ Saved: nist_libs_3.0_wt_CeCl3_and_0.5_wt_SmCl3_and_2.0_wt_YCl3.csv
[Run 5505/560000] ✅ Saved: nist_libs_3.0_wt_CeCl3_and_0.5_wt_SmCl3_and_2.5_wt_YCl3.csv
[Run 5506/560000] ✅ Saved: nist_libs_3.0_wt_CeCl3_and_0.5_wt_SmCl3_and_3.0_wt_YCl3.csv
[Run 5507/560000] ✅ Saved: nist_libs_3.0_wt_CeCl3_and_0.5_wt_SmCl3_and_3.5_wt_YCl3.csv
[Run 5508/560000] ✅ Saved: nist_libs_3.0_wt_CeCl3_and_0.5_wt_SmCl3_and_4.0_wt_YCl3.csv
[Run 5509/560000] ✅ Saved: nist_libs_3.0_wt_CeCl3_and_0.5_wt_SmCl3_and_4.5_wt_YCl3.csv
[Run 5511/560000] ✅ Saved: nist_libs_3.0_wt_CeCl3_and_1.0_wt_SmCl3_and_0.5_wt_YCl3.csv
[Run 5510/560000] ✅ Saved: nist_libs_3.0_wt_CeCl3_and_0.5_wt_SmCl3_and_5.0_wt_YCl3.csv
[Run 5512/560000] ✅ Saved: nist_libs_3.0_wt_CeCl3_and_1.0_wt_SmCl3_and_1.0_wt_YCl3.csv
[Run 5513/560000] ✅ Saved: nist_libs_3.0_wt_CeCl3_and_1.0_wt_SmCl3_and_1.5_wt_YCl3.csv
[Run 5515/560000] ✅ Saved: nist_libs_3.0_wt_CeCl3_and_1.0_wt_SmCl3_and_2.5_wt_YCl3.csv
[Run 5514/560000] ✅ Saved: nist_libs_3.0_wt_CeCl3_and_1.0_wt_SmCl3_and_2.0_wt_YCl3.csv
[Run 5516/560000] ✅ Saved: nist_libs_3.0_wt_CeCl3_and_1.0_wt_SmCl3_and_3.0_wt_YCl3.csv
[Run 5517/560000] ✅ Saved: nist_libs_3.0_wt_CeCl3_and_1.0_wt_SmCl3_and_3.5_wt_YCl3.csv
[Run 5518/560000] ✅ Saved: nist_libs_3.0_wt_CeCl3_and_1.0_wt_SmCl3_and_4.0_wt_YCl3.csv
[Run 5520/560000] ✅ Saved: nist_libs_3.0_wt_CeCl3_and_1.0_wt_SmCl3_and_5.0_wt_YCl3.csv
[Run 5519/560000] ✅ Saved: nist_libs_3.0_wt_CeCl3_and_1.0_wt_SmCl3_and_4.5_wt_YCl3.csv
[Run 5521/560000] ✅ Saved: nist_libs_3.0_wt_CeCl3_and_1.5_wt_SmCl3_and_0.5_wt_YCl3.csv
[Run 5522/560000] ✅ Saved: nist_libs_3.0_wt_CeCl3_and_1.5_wt_SmCl3_and_1.0_wt_YCl3.csv
[Run 5523/560000] ✅ Saved: nist_libs_3.0_wt_CeCl3_and_1.5_wt_SmCl3_and_1.5_wt_YCl3.csv
[Run 5524/560000] ✅ Saved: nist_libs_3.0_wt_CeCl3_and_1.5_wt_SmCl3_and_2.0_wt_YCl3.csv
[Run 5525/560000] ✅ Saved: nist_libs_3.0_wt_CeCl3_and_1.5_wt_SmCl3_and_2.5_wt_YCl3.csv
[Run 5526/560000] ✅ Saved: nist_libs_3.0_wt_CeCl3_and_1.5_wt_SmCl3_and_3.0_wt_YCl3.csv
[Run 5528/560000] ✅ Saved: nist_libs_3.0_wt_CeCl3_and_1.5_wt_SmCl3_and_4.0_wt_YCl3.csv
[Run 5527/560000] ✅ Saved: nist_libs_3.0_wt_CeCl3_and_1.5_wt_SmCl3_and_3.5_wt_YCl3.csv
[Run 5529/560000] ✅ Saved: nist_libs_3.0_wt_CeCl3_and_1.5_wt_SmCl3_and_4.5_wt_YCl3.csv
[Run 5530/560000] ✅ Saved: nist_libs_3.0_wt_CeCl3_and_1.5_wt_SmCl3_and_5.0_wt_YCl3.csv
[Run 5531/560000] ✅ Saved: nist_libs_3.0_wt_CeCl3_and_2.0_wt_SmCl3_and_0.5_wt_YCl3.csv
[Run 5532/560000] ✅ Saved: nist_libs_3.0_wt_CeCl3_and_2.0_wt_SmCl3_and_1.0_wt_YCl3.csv
[Run 5533/560000] ✅ Saved: nist_libs_3.0_wt_CeCl3_and_2.0_wt_SmCl3_and_1.5_wt_YCl3.csv
[Run 5534/560000] ✅ Saved: nist_libs_3.0_wt_CeCl3_and_2.0_wt_SmCl3_and_2.0_wt_YCl3.csv
[Run 5535/560000] ✅ Saved: nist_libs_3.0_wt_CeCl3_and_2.0_wt_SmCl3_and_2.5_wt_YCl3.csv
[Run 5536/560000] ✅ Saved: nist_libs_3.0_wt_CeCl3_and_2.0_wt_SmCl3_and_3.0_wt_YCl3.csv
[Run 5537/560000] ✅ Saved: nist_libs_3.0_wt_CeCl3_and_2.0_wt_SmCl3_and_3.5_wt_YCl3.csv
[Run 5538/560000] ✅ Saved: nist_libs_3.0_wt_CeCl3_and_2.0_wt_SmCl3_and_4.0_wt_YCl3.csv
[Run 5540/560000] ✅ Saved: nist_libs_3.0_wt_CeCl3_and_2.0_wt_SmCl3_and_5.0_wt_YCl3.csv
[Run 5539/560000] ✅ Saved: nist_libs_3.0_wt_CeCl3_and_2.0_wt_SmCl3_and_4.5_wt_YCl3.csv
[Run 5541/560000] ✅ Saved: nist_libs_3.0_wt_CeCl3_and_2.5_wt_SmCl3_and_0.5_wt_YCl3.csv
[Run 5542/560000] ✅ Saved: nist_libs_3.0_wt_CeCl3_and_2.5_wt_SmCl3_and_1.0_wt_YCl3.csv
[Run 5543/560000] ✅ Saved: nist_libs_3.0_wt_CeCl3_and_2.5_wt_SmCl3_and_1.5_wt_YCl3.csv
[Run 5545/560000] ✅ Saved: nist_libs_3.0_wt_CeCl3_and_2.5_wt_SmCl3_and_2.5_wt_YCl3.csv
[Run 5544/560000] ✅ Saved: nist_libs_3.0_wt_CeCl3_and_2.5_wt_SmCl3_and_2.0_wt_YCl3.csv
[Run 5546/560000] ✅ Saved: nist_libs_3.0_wt_CeCl3_and_2.5_wt_SmCl3_and_3.0_wt_YCl3.csv
[Run 5547/560000] ✅ Saved: nist_libs_3.0_wt_CeCl3_and_2.5_wt_SmCl3_and_3.5_wt_YCl3.csv
[Run 5549/560000] ✅ Saved: nist_libs_3.0_wt_CeCl3_and_2.5_wt_SmCl3_and_4.5_wt_YCl3.csv
[Run 5548/560000] ✅ Saved: nist_libs_3.0_wt_CeCl3_and_2.5_wt_SmCl3_and_4.0_wt_YCl3.csv
[Run 5550/560000] ✅ Saved: nist_libs_3.0_wt_CeCl3_and_2.5_wt_SmCl3_and_5.0_wt_YCl3.csv
[Run 5551/560000] ✅ Saved: nist_libs_3.0_wt_CeCl3_and_3.0_wt_SmCl3_and_0.5_wt_YCl3.csv
[Run 5552/560000] ✅ Saved: nist_libs_3.0_wt_CeCl3_and_3.0_wt_SmCl3_and_1.0_wt_YCl3.csv
[Run 5553/560000] ✅ Saved: nist_libs_3.0_wt_CeCl3_and_3.0_wt_SmCl3_and_1.5_wt_YCl3.csv
[Run 5554/560000] ✅ Saved: nist_libs_3.0_wt_CeCl3_and_3.0_wt_SmCl3_and_2.0_wt_YCl3.csv
[Run 5556/560000] ✅ Saved: nist_libs_3.0_wt_CeCl3_and_3.0_wt_SmCl3_and_3.0_wt_YCl3.csv
[Run 5555/560000] ✅ Saved: nist_libs_3.0_wt_CeCl3_and_3.0_wt_SmCl3_and_2.5_wt_YCl3.csv
[Run 5557/560000] ✅ Saved: nist_libs_3.0_wt_CeCl3_and_3.0_wt_SmCl3_and_3.5_wt_YCl3.csv
[Run 5558/560000] ✅ Saved: nist_libs_3.0_wt_CeCl3_and_3.0_wt_SmCl3_and_4.0_wt_YCl3.csv
[Run 5559/560000] ✅ Saved: nist_libs_3.0_wt_CeCl3_and_3.0_wt_SmCl3_and_4.5_wt_YCl3.csv
[Run 5560/560000] ✅ Saved: nist_libs_3.0_wt_CeCl3_and_3.0_wt_SmCl3_and_5.0_wt_YCl3.csv
[Run 5561/560000] ✅ Saved: nist_libs_3.0_wt_CeCl3_and_3.5_wt_SmCl3_and_0.5_wt_YCl3.csv
[Run 5562/560000] ✅ Saved: nist_libs_3.0_wt_CeCl3_and_3.5_wt_SmCl3_and_1.0_wt_YCl3.csv
[Run 5563/560000] ✅ Saved: nist_libs_3.0_wt_CeCl3_and_3.5_wt_SmCl3_and_1.5_wt_YCl3.csv
[Run 5565/560000] ✅ Saved: nist_libs_3.0_wt_CeCl3_and_3.5_wt_SmCl3_and_2.5_wt_YCl3.csv
[Run 5564/560000] ✅ Saved: nist_libs_3.0_wt_CeCl3_and_3.5_wt_SmCl3_and_2.0_wt_YCl3.csv
[Run 5566/560000] ✅ Saved: nist_libs_3.0_wt_CeCl3_and_3.5_wt_SmCl3_and_3.0_wt_YCl3.csv
[Run 5568/560000] ✅ Saved: nist_libs_3.0_wt_CeCl3_and_3.5_wt_SmCl3_and_4.0_wt_YCl3.csv
[Run 5567/560000] ✅ Saved: nist_libs_3.0_wt_CeCl3_and_3.5_wt_SmCl3_and_3.5_wt_YCl3.csv
[Run 5569/560000] ✅ Saved: nist_libs_3.0_wt_CeCl3_and_3.5_wt_SmCl3_and_4.5_wt_YCl3.csv
[Run 5570/560000] ✅ Saved: nist_libs_3.0_wt_CeCl3_and_3.5_wt_SmCl3_and_5.0_wt_YCl3.csv
[Run 5571/560000] ✅ Saved: nist_libs_3.0_wt_CeCl3_and_4.0_wt_SmCl3_and_0.5_wt_YCl3.csv
[Run 5572/560000] ✅ Saved: nist_libs_3.0_wt_CeCl3_and_4.0_wt_SmCl3_and_1.0_wt_YCl3.csv
[Run 5573/560000] ✅ Saved: nist_libs_3.0_wt_CeCl3_and_4.0_wt_SmCl3_and_1.5_wt_YCl3.csv
[Run 5574/560000] ✅ Saved: nist_libs_3.0_wt_CeCl3_and_4.0_wt_SmCl3_and_2.0_wt_YCl3.csv
[Run 5575/560000] ✅ Saved: nist_libs_3.0_wt_CeCl3_and_4.0_wt_SmCl3_and_2.5_wt_YCl3.csv
[Run 5576/560000] ✅ Saved: nist_libs_3.0_wt_CeCl3_and_4.0_wt_SmCl3_and_3.0_wt_YCl3.csv
[Run 5577/560000] ✅ Saved: nist_libs_3.0_wt_CeCl3_and_4.0_wt_SmCl3_and_3.5_wt_YCl3.csv
[Run 5578/560000] ✅ Saved: nist_libs_3.0_wt_CeCl3_and_4.0_wt_SmCl3_and_4.0_wt_YCl3.csv
[Run 5579/560000] ✅ Saved: nist_libs_3.0_wt_CeCl3_and_4.0_wt_SmCl3_and_4.5_wt_YCl3.csv
[Run 5580/560000] ✅ Saved: nist_libs_3.0_wt_CeCl3_and_4.0_wt_SmCl3_and_5.0_wt_YCl3.csv
[Run 5581/560000] ✅ Saved: nist_libs_3.0_wt_CeCl3_and_4.5_wt_SmCl3_and_0.5_wt_YCl3.csv
[Run 5582/560000] ✅ Saved: nist_libs_3.0_wt_CeCl3_and_4.5_wt_SmCl3_and_1.0_wt_YCl3.csv
[Run 5583/560000] ✅ Saved: nist_libs_3.0_wt_CeCl3_and_4.5_wt_SmCl3_and_1.5_wt_YCl3.csv
[Run 5584/560000] ✅ Saved: nist_libs_3.0_wt_CeCl3_and_4.5_wt_SmCl3_and_2.0_wt_YCl3.csv
[Run 5585/560000] ✅ Saved: nist_libs_3.0_wt_CeCl3_and_4.5_wt_SmCl3_and_2.5_wt_YCl3.csv
[Run 5586/560000] ✅ Saved: nist_libs_3.0_wt_CeCl3_and_4.5_wt_SmCl3_and_3.0_wt_YCl3.csv
[Run 5587/560000] ✅ Saved: nist_libs_3.0_wt_CeCl3_and_4.5_wt_SmCl3_and_3.5_wt_YCl3.csv
[Run 5588/560000] ✅ Saved: nist_libs_3.0_wt_CeCl3_and_4.5_wt_SmCl3_and_4.0_wt_YCl3.csv
[Run 5589/560000] ✅ Saved: nist_libs_3.0_wt_CeCl3_and_4.5_wt_SmCl3_and_4.5_wt_YCl3.csv
[Run 5590/560000] ✅ Saved: nist_libs_3.0_wt_CeCl3_and_4.5_wt_SmCl3_and_5.0_wt_YCl3.csv
[Run 5591/560000] ✅ Saved: nist_libs_3.0_wt_CeCl3_and_5.0_wt_SmCl3_and_0.5_wt_YCl3.csv
[Run 5592/560000] ✅ Saved: nist_libs_3.0_wt_CeCl3_and_5.0_wt_SmCl3_and_1.0_wt_YCl3.csv
[Run 5593/560000] ✅ Saved: nist_libs_3.0_wt_CeCl3_and_5.0_wt_SmCl3_and_1.5_wt_YCl3.csv
[Run 5594/560000] ✅ Saved: nist_libs_3.0_wt_CeCl3_and_5.0_wt_SmCl3_and_2.0_wt_YCl3.csv
[Run 5595/560000] ✅ Saved: nist_libs_3.0_wt_CeCl3_and_5.0_wt_SmCl3_and_2.5_wt_YCl3.csv
[Run 5596/560000] ✅ Saved: nist_libs_3.0_wt_CeCl3_and_5.0_wt_SmCl3_and_3.0_wt_YCl3.csv
[Run 5598/560000] ✅ Saved: nist_libs_3.0_wt_CeCl3_and_5.0_wt_SmCl3_and_4.0_wt_YCl3.csv
[Run 5597/560000] ✅ Saved: nist_libs_3.0_wt_CeCl3_and_5.0_wt_SmCl3_and_3.5_wt_YCl3.csv
[Run 5599/560000] ✅ Saved: nist_libs_3.0_wt_CeCl3_and_5.0_wt_SmCl3_and_4.5_wt_YCl3.csv
[Run 5600/560000] ✅ Saved: nist_libs_3.0_wt_CeCl3_and_5.0_wt_SmCl3_and_5.0_wt_YCl3.csv
[Run 5601/560000] ✅ Saved: nist_libs_3.5_wt_CeCl3_and_0.5_wt_SmCl3_and_0.5_wt_YCl3.csv
[Run 5602/560000] ✅ Saved: nist_libs_3.5_wt_CeCl3_and_0.5_wt_SmCl3_and_1.0_wt_YCl3.csv
[Run 5603/560000] ✅ Saved: nist_libs_3.5_wt_CeCl3_and_0.5_wt_SmCl3_and_1.5_wt_YCl3.csv
[Run 5604/560000] ✅ Saved: nist_libs_3.5_wt_CeCl3_and_0.5_wt_SmCl3_and_2.0_wt_YCl3.csv
[Run 5605/560000] ✅ Saved: nist_libs_3.5_wt_CeCl3_and_0.5_wt_SmCl3_and_2.5_wt_YCl3.csv
[Run 5606/560000] ✅ Saved: nist_libs_3.5_wt_CeCl3_and_0.5_wt_SmCl3_and_3.0_wt_YCl3.csv
[Run 5608/560000] ✅ Saved: nist_libs_3.5_wt_CeCl3_and_0.5_wt_SmCl3_and_4.0_wt_YCl3.csv
[Run 5607/560000] ✅ Saved: nist_libs_3.5_wt_CeCl3_and_0.5_wt_SmCl3_and_3.5_wt_YCl3.csv
[Run 5609/560000] ✅ Saved: nist_libs_3.5_wt_CeCl3_and_0.5_wt_SmCl3_and_4.5_wt_YCl3.csv
[Run 5610/560000] ✅ Saved: nist_libs_3.5_wt_CeCl3_and_0.5_wt_SmCl3_and_5.0_wt_YCl3.csv
[Run 5611/560000] ✅ Saved: nist_libs_3.5_wt_CeCl3_and_1.0_wt_SmCl3_and_0.5_wt_YCl3.csv
[Run 5612/560000] ✅ Saved: nist_libs_3.5_wt_CeCl3_and_1.0_wt_SmCl3_and_1.0_wt_YCl3.csv
[Run 5613/560000] ✅ Saved: nist_libs_3.5_wt_CeCl3_and_1.0_wt_SmCl3_and_1.5_wt_YCl3.csv
[Run 5614/560000] ✅ Saved: nist_libs_3.5_wt_CeCl3_and_1.0_wt_SmCl3_and_2.0_wt_YCl3.csv
[Run 5616/560000] ✅ Saved: nist_libs_3.5_wt_CeCl3_and_1.0_wt_SmCl3_and_3.0_wt_YCl3.csv
[Run 5615/560000] ✅ Saved: nist_libs_3.5_wt_CeCl3_and_1.0_wt_SmCl3_and_2.5_wt_YCl3.csv
[Run 5617/560000] ✅ Saved: nist_libs_3.5_wt_CeCl3_and_1.0_wt_SmCl3_and_3.5_wt_YCl3.csv
[Run 5618/560000] ✅ Saved: nist_libs_3.5_wt_CeCl3_and_1.0_wt_SmCl3_and_4.0_wt_YCl3.csv
[Run 5619/560000] ✅ Saved: nist_libs_3.5_wt_CeCl3_and_1.0_wt_SmCl3_and_4.5_wt_YCl3.csv
[Run 5620/560000] ✅ Saved: nist_libs_3.5_wt_CeCl3_and_1.0_wt_SmCl3_and_5.0_wt_YCl3.csv
[Run 5621/560000] ✅ Saved: nist_libs_3.5_wt_CeCl3_and_1.5_wt_SmCl3_and_0.5_wt_YCl3.csv
[Run 5622/560000] ✅ Saved: nist_libs_3.5_wt_CeCl3_and_1.5_wt_SmCl3_and_1.0_wt_YCl3.csv
[Run 5623/560000] ✅ Saved: nist_libs_3.5_wt_CeCl3_and_1.5_wt_SmCl3_and_1.5_wt_YCl3.csv
[Run 5624/560000] ✅ Saved: nist_libs_3.5_wt_CeCl3_and_1.5_wt_SmCl3_and_2.0_wt_YCl3.csv
[Run 5625/560000] ✅ Saved: nist_libs_3.5_wt_CeCl3_and_1.5_wt_SmCl3_and_2.5_wt_YCl3.csv
[Run 5626/560000] ✅ Saved: nist_libs_3.5_wt_CeCl3_and_1.5_wt_SmCl3_and_3.0_wt_YCl3.csv
[Run 5627/560000] ✅ Saved: nist_libs_3.5_wt_CeCl3_and_1.5_wt_SmCl3_and_3.5_wt_YCl3.csv
[Run 5628/560000] ✅ Saved: nist_libs_3.5_wt_CeCl3_and_1.5_wt_SmCl3_and_4.0_wt_YCl3.csv
[Run 5629/560000] ✅ Saved: nist_libs_3.5_wt_CeCl3_and_1.5_wt_SmCl3_and_4.5_wt_YCl3.csv
[Run 5630/560000] ✅ Saved: nist_libs_3.5_wt_CeCl3_and_1.5_wt_SmCl3_and_5.0_wt_YCl3.csv
[Run 5631/560000] ✅ Saved: nist_libs_3.5_wt_CeCl3_and_2.0_wt_SmCl3_and_0.5_wt_YCl3.csv
[Run 5632/560000] ✅ Saved: nist_libs_3.5_wt_CeCl3_and_2.0_wt_SmCl3_and_1.0_wt_YCl3.csv
[Run 5633/560000] ✅ Saved: nist_libs_3.5_wt_CeCl3_and_2.0_wt_SmCl3_and_1.5_wt_YCl3.csv
[Run 5634/560000] ✅ Saved: nist_libs_3.5_wt_CeCl3_and_2.0_wt_SmCl3_and_2.0_wt_YCl3.csv
[Run 5635/560000] ✅ Saved: nist_libs_3.5_wt_CeCl3_and_2.0_wt_SmCl3_and_2.5_wt_YCl3.csv
[Run 5636/560000] ✅ Saved: nist_libs_3.5_wt_CeCl3_and_2.0_wt_SmCl3_and_3.0_wt_YCl3.csv
[Run 5637/560000] ✅ Saved: nist_libs_3.5_wt_CeCl3_and_2.0_wt_SmCl3_and_3.5_wt_YCl3.csv
[Run 5638/560000] ✅ Saved: nist_libs_3.5_wt_CeCl3_and_2.0_wt_SmCl3_and_4.0_wt_YCl3.csv
[Run 5639/560000] ✅ Saved: nist_libs_3.5_wt_CeCl3_and_2.0_wt_SmCl3_and_4.5_wt_YCl3.csv
[Run 5640/560000] ✅ Saved: nist_libs_3.5_wt_CeCl3_and_2.0_wt_SmCl3_and_5.0_wt_YCl3.csv
[Run 5641/560000] ✅ Saved: nist_libs_3.5_wt_CeCl3_and_2.5_wt_SmCl3_and_0.5_wt_YCl3.csv
[Run 5642/560000] ✅ Saved: nist_libs_3.5_wt_CeCl3_and_2.5_wt_SmCl3_and_1.0_wt_YCl3.csv
[Run 5643/560000] ✅ Saved: nist_libs_3.5_wt_CeCl3_and_2.5_wt_SmCl3_and_1.5_wt_YCl3.csv
[Run 5644/560000] ✅ Saved: nist_libs_3.5_wt_CeCl3_and_2.5_wt_SmCl3_and_2.0_wt_YCl3.csv
[Run 5645/560000] ✅ Saved: nist_libs_3.5_wt_CeCl3_and_2.5_wt_SmCl3_and_2.5_wt_YCl3.csv
[Run 5646/560000] ✅ Saved: nist_libs_3.5_wt_CeCl3_and_2.5_wt_SmCl3_and_3.0_wt_YCl3.csv
[Run 5647/560000] ✅ Saved: nist_libs_3.5_wt_CeCl3_and_2.5_wt_SmCl3_and_3.5_wt_YCl3.csv
[Run 5648/560000] ✅ Saved: nist_libs_3.5_wt_CeCl3_and_2.5_wt_SmCl3_and_4.0_wt_YCl3.csv
[Run 5649/560000] ✅ Saved: nist_libs_3.5_wt_CeCl3_and_2.5_wt_SmCl3_and_4.5_wt_YCl3.csv
[Run 5650/560000] ✅ Saved: nist_libs_3.5_wt_CeCl3_and_2.5_wt_SmCl3_and_5.0_wt_YCl3.csv
[Run 5651/560000] ✅ Saved: nist_libs_3.5_wt_CeCl3_and_3.0_wt_SmCl3_and_0.5_wt_YCl3.csv
[Run 5653/560000] ✅ Saved: nist_libs_3.5_wt_CeCl3_and_3.0_wt_SmCl3_and_1.5_wt_YCl3.csv
[Run 5652/560000] ✅ Saved: nist_libs_3.5_wt_CeCl3_and_3.0_wt_SmCl3_and_1.0_wt_YCl3.csv
[Run 5654/560000] ✅ Saved: nist_libs_3.5_wt_CeCl3_and_3.0_wt_SmCl3_and_2.0_wt_YCl3.csv
[Run 5655/560000] ✅ Saved: nist_libs_3.5_wt_CeCl3_and_3.0_wt_SmCl3_and_2.5_wt_YCl3.csv
[Run 5657/560000] ✅ Saved: nist_libs_3.5_wt_CeCl3_and_3.0_wt_SmCl3_and_3.5_wt_YCl3.csv
[Run 5656/560000] ✅ Saved: nist_libs_3.5_wt_CeCl3_and_3.0_wt_SmCl3_and_3.0_wt_YCl3.csv
[Run 5658/560000] ✅ Saved: nist_libs_3.5_wt_CeCl3_and_3.0_wt_SmCl3_and_4.0_wt_YCl3.csv
[Run 5659/560000] ✅ Saved: nist_libs_3.5_wt_CeCl3_and_3.0_wt_SmCl3_and_4.5_wt_YCl3.csv
[Run 5660/560000] ✅ Saved: nist_libs_3.5_wt_CeCl3_and_3.0_wt_SmCl3_and_5.0_wt_YCl3.csv
[Run 5661/560000] ✅ Saved: nist_libs_3.5_wt_CeCl3_and_3.5_wt_SmCl3_and_0.5_wt_YCl3.csv
[Run 5662/560000] ✅ Saved: nist_libs_3.5_wt_CeCl3_and_3.5_wt_SmCl3_and_1.0_wt_YCl3.csv
[Run 5663/560000] ✅ Saved: nist_libs_3.5_wt_CeCl3_and_3.5_wt_SmCl3_and_1.5_wt_YCl3.csv
[Run 5664/560000] ✅ Saved: nist_libs_3.5_wt_CeCl3_and_3.5_wt_SmCl3_and_2.0_wt_YCl3.csv
[Run 5665/560000] ✅ Saved: nist_libs_3.5_wt_CeCl3_and_3.5_wt_SmCl3_and_2.5_wt_YCl3.csv
[Run 5666/560000] ✅ Saved: nist_libs_3.5_wt_CeCl3_and_3.5_wt_SmCl3_and_3.0_wt_YCl3.csv
[Run 5667/560000] ✅ Saved: nist_libs_3.5_wt_CeCl3_and_3.5_wt_SmCl3_and_3.5_wt_YCl3.csv
[Run 5668/560000] ✅ Saved: nist_libs_3.5_wt_CeCl3_and_3.5_wt_SmCl3_and_4.0_wt_YCl3.csv
[Run 5669/560000] ✅ Saved: nist_libs_3.5_wt_CeCl3_and_3.5_wt_SmCl3_and_4.5_wt_YCl3.csv
[Run 5670/560000] ✅ Saved: nist_libs_3.5_wt_CeCl3_and_3.5_wt_SmCl3_and_5.0_wt_YCl3.csv
[Run 5671/560000] ✅ Saved: nist_libs_3.5_wt_CeCl3_and_4.0_wt_SmCl3_and_0.5_wt_YCl3.csv
[Run 5672/560000] ✅ Saved: nist_libs_3.5_wt_CeCl3_and_4.0_wt_SmCl3_and_1.0_wt_YCl3.csv
[Run 5673/560000] ✅ Saved: nist_libs_3.5_wt_CeCl3_and_4.0_wt_SmCl3_and_1.5_wt_YCl3.csv
[Run 5674/560000] ✅ Saved: nist_libs_3.5_wt_CeCl3_and_4.0_wt_SmCl3_and_2.0_wt_YCl3.csv
[Run 5675/560000] ✅ Saved: nist_libs_3.5_wt_CeCl3_and_4.0_wt_SmCl3_and_2.5_wt_YCl3.csv
[Run 5676/560000] ✅ Saved: nist_libs_3.5_wt_CeCl3_and_4.0_wt_SmCl3_and_3.0_wt_YCl3.csv
[Run 5677/560000] ✅ Saved: nist_libs_3.5_wt_CeCl3_and_4.0_wt_SmCl3_and_3.5_wt_YCl3.csv
[Run 5678/560000] ✅ Saved: nist_libs_3.5_wt_CeCl3_and_4.0_wt_SmCl3_and_4.0_wt_YCl3.csv
[Run 5679/560000] ✅ Saved: nist_libs_3.5_wt_CeCl3_and_4.0_wt_SmCl3_and_4.5_wt_YCl3.csv
[Run 5680/560000] ✅ Saved: nist_libs_3.5_wt_CeCl3_and_4.0_wt_SmCl3_and_5.0_wt_YCl3.csv
[Run 5681/560000] ✅ Saved: nist_libs_3.5_wt_CeCl3_and_4.5_wt_SmCl3_and_0.5_wt_YCl3.csv
[Run 5682/560000] ✅ Saved: nist_libs_3.5_wt_CeCl3_and_4.5_wt_SmCl3_and_1.0_wt_YCl3.csv
[Run 5683/560000] ✅ Saved: nist_libs_3.5_wt_CeCl3_and_4.5_wt_SmCl3_and_1.5_wt_YCl3.csv
[Run 5684/560000] ✅ Saved: nist_libs_3.5_wt_CeCl3_and_4.5_wt_SmCl3_and_2.0_wt_YCl3.csv
[Run 5685/560000] ✅ Saved: nist_libs_3.5_wt_CeCl3_and_4.5_wt_SmCl3_and_2.5_wt_YCl3.csv
[Run 5687/560000] ✅ Saved: nist_libs_3.5_wt_CeCl3_and_4.5_wt_SmCl3_and_3.5_wt_YCl3.csv
[Run 5686/560000] ✅ Saved: nist_libs_3.5_wt_CeCl3_and_4.5_wt_SmCl3_and_3.0_wt_YCl3.csv
[Run 5688/560000] ✅ Saved: nist_libs_3.5_wt_CeCl3_and_4.5_wt_SmCl3_and_4.0_wt_YCl3.csv
[Run 5689/560000] ✅ Saved: nist_libs_3.5_wt_CeCl3_and_4.5_wt_SmCl3_and_4.5_wt_YCl3.csv
[Run 5690/560000] ✅ Saved: nist_libs_3.5_wt_CeCl3_and_4.5_wt_SmCl3_and_5.0_wt_YCl3.csv
[Run 5691/560000] ✅ Saved: nist_libs_3.5_wt_CeCl3_and_5.0_wt_SmCl3_and_0.5_wt_YCl3.csv
[Run 5692/560000] ✅ Saved: nist_libs_3.5_wt_CeCl3_and_5.0_wt_SmCl3_and_1.0_wt_YCl3.csv
[Run 5693/560000] ✅ Saved: nist_libs_3.5_wt_CeCl3_and_5.0_wt_SmCl3_and_1.5_wt_YCl3.csv
[Run 5694/560000] ✅ Saved: nist_libs_3.5_wt_CeCl3_and_5.0_wt_SmCl3_and_2.0_wt_YCl3.csv
[Run 5695/560000] ✅ Saved: nist_libs_3.5_wt_CeCl3_and_5.0_wt_SmCl3_and_2.5_wt_YCl3.csv
[Run 5696/560000] ✅ Saved: nist_libs_3.5_wt_CeCl3_and_5.0_wt_SmCl3_and_3.0_wt_YCl3.csv
[Run 5697/560000] ✅ Saved: nist_libs_3.5_wt_CeCl3_and_5.0_wt_SmCl3_and_3.5_wt_YCl3.csv
[Run 5698/560000] ✅ Saved: nist_libs_3.5_wt_CeCl3_and_5.0_wt_SmCl3_and_4.0_wt_YCl3.csv
[Run 5699/560000] ✅ Saved: nist_libs_3.5_wt_CeCl3_and_5.0_wt_SmCl3_and_4.5_wt_YCl3.csv
[Run 5700/560000] ✅ Saved: nist_libs_3.5_wt_CeCl3_and_5.0_wt_SmCl3_and_5.0_wt_YCl3.csv
[Run 5701/560000] ✅ Saved: nist_libs_4.0_wt_CeCl3_and_0.5_wt_SmCl3_and_0.5_wt_YCl3.csv
[Run 5702/560000] ✅ Saved: nist_libs_4.0_wt_CeCl3_and_0.5_wt_SmCl3_and_1.0_wt_YCl3.csv
[Run 5703/560000] ✅ Saved: nist_libs_4.0_wt_CeCl3_and_0.5_wt_SmCl3_and_1.5_wt_YCl3.csv
[Run 5704/560000] ✅ Saved: nist_libs_4.0_wt_CeCl3_and_0.5_wt_SmCl3_and_2.0_wt_YCl3.csv
[Run 5705/560000] ✅ Saved: nist_libs_4.0_wt_CeCl3_and_0.5_wt_SmCl3_and_2.5_wt_YCl3.csv
[Run 5707/560000] ✅ Saved: nist_libs_4.0_wt_CeCl3_and_0.5_wt_SmCl3_and_3.5_wt_YCl3.csv
[Run 5706/560000] ✅ Saved: nist_libs_4.0_wt_CeCl3_and_0.5_wt_SmCl3_and_3.0_wt_YCl3.csv
[Run 5708/560000] ✅ Saved: nist_libs_4.0_wt_CeCl3_and_0.5_wt_SmCl3_and_4.0_wt_YCl3.csv
[Run 5709/560000] ✅ Saved: nist_libs_4.0_wt_CeCl3_and_0.5_wt_SmCl3_and_4.5_wt_YCl3.csv
[Run 5710/560000] ✅ Saved: nist_libs_4.0_wt_CeCl3_and_0.5_wt_SmCl3_and_5.0_wt_YCl3.csv
[Run 5711/560000] ✅ Saved: nist_libs_4.0_wt_CeCl3_and_1.0_wt_SmCl3_and_0.5_wt_YCl3.csv
[Run 5712/560000] ✅ Saved: nist_libs_4.0_wt_CeCl3_and_1.0_wt_SmCl3_and_1.0_wt_YCl3.csv
[Run 5713/560000] ✅ Saved: nist_libs_4.0_wt_CeCl3_and_1.0_wt_SmCl3_and_1.5_wt_YCl3.csv
[Run 5714/560000] ✅ Saved: nist_libs_4.0_wt_CeCl3_and_1.0_wt_SmCl3_and_2.0_wt_YCl3.csv
[Run 5715/560000] ✅ Saved: nist_libs_4.0_wt_CeCl3_and_1.0_wt_SmCl3_and_2.5_wt_YCl3.csv
[Run 5716/560000] ✅ Saved: nist_libs_4.0_wt_CeCl3_and_1.0_wt_SmCl3_and_3.0_wt_YCl3.csv
[Run 5717/560000] ✅ Saved: nist_libs_4.0_wt_CeCl3_and_1.0_wt_SmCl3_and_3.5_wt_YCl3.csv
[Run 5718/560000] ✅ Saved: nist_libs_4.0_wt_CeCl3_and_1.0_wt_SmCl3_and_4.0_wt_YCl3.csv
[Run 5719/560000] ✅ Saved: nist_libs_4.0_wt_CeCl3_and_1.0_wt_SmCl3_and_4.5_wt_YCl3.csv
[Run 5720/560000] ✅ Saved: nist_libs_4.0_wt_CeCl3_and_1.0_wt_SmCl3_and_5.0_wt_YCl3.csv
[Run 5721/560000] ✅ Saved: nist_libs_4.0_wt_CeCl3_and_1.5_wt_SmCl3_and_0.5_wt_YCl3.csv
[Run 5722/560000] ✅ Saved: nist_libs_4.0_wt_CeCl3_and_1.5_wt_SmCl3_and_1.0_wt_YCl3.csv
[Run 5723/560000] ✅ Saved: nist_libs_4.0_wt_CeCl3_and_1.5_wt_SmCl3_and_1.5_wt_YCl3.csv
[Run 5724/560000] ✅ Saved: nist_libs_4.0_wt_CeCl3_and_1.5_wt_SmCl3_and_2.0_wt_YCl3.csv
[Run 5726/560000] ✅ Saved: nist_libs_4.0_wt_CeCl3_and_1.5_wt_SmCl3_and_3.0_wt_YCl3.csv
[Run 5725/560000] ✅ Saved: nist_libs_4.0_wt_CeCl3_and_1.5_wt_SmCl3_and_2.5_wt_YCl3.csv
[Run 5727/560000] ✅ Saved: nist_libs_4.0_wt_CeCl3_and_1.5_wt_SmCl3_and_3.5_wt_YCl3.csv
[Run 5728/560000] ✅ Saved: nist_libs_4.0_wt_CeCl3_and_1.5_wt_SmCl3_and_4.0_wt_YCl3.csv
[Run 5729/560000] ✅ Saved: nist_libs_4.0_wt_CeCl3_and_1.5_wt_SmCl3_and_4.5_wt_YCl3.csv
[Run 5730/560000] ✅ Saved: nist_libs_4.0_wt_CeCl3_and_1.5_wt_SmCl3_and_5.0_wt_YCl3.csv
[Run 5731/560000] ✅ Saved: nist_libs_4.0_wt_CeCl3_and_2.0_wt_SmCl3_and_0.5_wt_YCl3.csv
[Run 5732/560000] ✅ Saved: nist_libs_4.0_wt_CeCl3_and_2.0_wt_SmCl3_and_1.0_wt_YCl3.csv
[Run 5734/560000] ✅ Saved: nist_libs_4.0_wt_CeCl3_and_2.0_wt_SmCl3_and_2.0_wt_YCl3.csv
[Run 5733/560000] ✅ Saved: nist_libs_4.0_wt_CeCl3_and_2.0_wt_SmCl3_and_1.5_wt_YCl3.csv
[Run 5735/560000] ✅ Saved: nist_libs_4.0_wt_CeCl3_and_2.0_wt_SmCl3_and_2.5_wt_YCl3.csv
[Run 5736/560000] ✅ Saved: nist_libs_4.0_wt_CeCl3_and_2.0_wt_SmCl3_and_3.0_wt_YCl3.csv
[Run 5737/560000] ✅ Saved: nist_libs_4.0_wt_CeCl3_and_2.0_wt_SmCl3_and_3.5_wt_YCl3.csv
[Run 5738/560000] ✅ Saved: nist_libs_4.0_wt_CeCl3_and_2.0_wt_SmCl3_and_4.0_wt_YCl3.csv
[Run 5739/560000] ✅ Saved: nist_libs_4.0_wt_CeCl3_and_2.0_wt_SmCl3_and_4.5_wt_YCl3.csv
[Run 5742/560000] ✅ Saved: nist_libs_4.0_wt_CeCl3_and_2.5_wt_SmCl3_and_1.0_wt_YCl3.csv
[Run 5741/560000] ✅ Saved: nist_libs_4.0_wt_CeCl3_and_2.5_wt_SmCl3_and_0.5_wt_YCl3.csv
[Run 5740/560000] ✅ Saved: nist_libs_4.0_wt_CeCl3_and_2.0_wt_SmCl3_and_5.0_wt_YCl3.csv
[Run 5743/560000] ✅ Saved: nist_libs_4.0_wt_CeCl3_and_2.5_wt_SmCl3_and_1.5_wt_YCl3.csv
[Run 5746/560000] ✅ Saved: nist_libs_4.0_wt_CeCl3_and_2.5_wt_SmCl3_and_3.0_wt_YCl3.csv
[Run 5744/560000] ✅ Saved: nist_libs_4.0_wt_CeCl3_and_2.5_wt_SmCl3_and_2.0_wt_YCl3.csv
[Run 5747/560000] ✅ Saved: nist_libs_4.0_wt_CeCl3_and_2.5_wt_SmCl3_and_3.5_wt_YCl3.csv
[Run 5745/560000] ✅ Saved: nist_libs_4.0_wt_CeCl3_and_2.5_wt_SmCl3_and_2.5_wt_YCl3.csv
[Run 5750/560000] ✅ Saved: nist_libs_4.0_wt_CeCl3_and_2.5_wt_SmCl3_and_5.0_wt_YCl3.csv
[Run 5749/560000] ✅ Saved: nist_libs_4.0_wt_CeCl3_and_2.5_wt_SmCl3_and_4.5_wt_YCl3.csv
[Run 5748/560000] ✅ Saved: nist_libs_4.0_wt_CeCl3_and_2.5_wt_SmCl3_and_4.0_wt_YCl3.csv
[Run 5751/560000] ✅ Saved: nist_libs_4.0_wt_CeCl3_and_3.0_wt_SmCl3_and_0.5_wt_YCl3.csv
[Run 5752/560000] ✅ Saved: nist_libs_4.0_wt_CeCl3_and_3.0_wt_SmCl3_and_1.0_wt_YCl3.csv
[Run 5754/560000] ✅ Saved: nist_libs_4.0_wt_CeCl3_and_3.0_wt_SmCl3_and_2.0_wt_YCl3.csv
[Run 5753/560000] ✅ Saved: nist_libs_4.0_wt_CeCl3_and_3.0_wt_SmCl3_and_1.5_wt_YCl3.csv
[Run 5755/560000] ✅ Saved: nist_libs_4.0_wt_CeCl3_and_3.0_wt_SmCl3_and_2.5_wt_YCl3.csv
[Run 5756/560000] ✅ Saved: nist_libs_4.0_wt_CeCl3_and_3.0_wt_SmCl3_and_3.0_wt_YCl3.csv
[Run 5757/560000] ✅ Saved: nist_libs_4.0_wt_CeCl3_and_3.0_wt_SmCl3_and_3.5_wt_YCl3.csv
[Run 5758/560000] ✅ Saved: nist_libs_4.0_wt_CeCl3_and_3.0_wt_SmCl3_and_4.0_wt_YCl3.csv
[Run 5759/560000] ✅ Saved: nist_libs_4.0_wt_CeCl3_and_3.0_wt_SmCl3_and_4.5_wt_YCl3.csv
[Run 5760/560000] ✅ Saved: nist_libs_4.0_wt_CeCl3_and_3.0_wt_SmCl3_and_5.0_wt_YCl3.csv
[Run 5762/560000] ✅ Saved: nist_libs_4.0_wt_CeCl3_and_3.5_wt_SmCl3_and_1.0_wt_YCl3.csv
[Run 5761/560000] ✅ Saved: nist_libs_4.0_wt_CeCl3_and_3.5_wt_SmCl3_and_0.5_wt_YCl3.csv
[Run 5763/560000] ✅ Saved: nist_libs_4.0_wt_CeCl3_and_3.5_wt_SmCl3_and_1.5_wt_YCl3.csv
[Run 5764/560000] ✅ Saved: nist_libs_4.0_wt_CeCl3_and_3.5_wt_SmCl3_and_2.0_wt_YCl3.csv
[Run 5766/560000] ✅ Saved: nist_libs_4.0_wt_CeCl3_and_3.5_wt_SmCl3_and_3.0_wt_YCl3.csv
[Run 5765/560000] ✅ Saved: nist_libs_4.0_wt_CeCl3_and_3.5_wt_SmCl3_and_2.5_wt_YCl3.csv
[Run 5768/560000] ✅ Saved: nist_libs_4.0_wt_CeCl3_and_3.5_wt_SmCl3_and_4.0_wt_YCl3.csv
[Run 5767/560000] ✅ Saved: nist_libs_4.0_wt_CeCl3_and_3.5_wt_SmCl3_and_3.5_wt_YCl3.csv
[Run 5769/560000] ✅ Saved: nist_libs_4.0_wt_CeCl3_and_3.5_wt_SmCl3_and_4.5_wt_YCl3.csv
[Run 5770/560000] ✅ Saved: nist_libs_4.0_wt_CeCl3_and_3.5_wt_SmCl3_and_5.0_wt_YCl3.csv
[Run 5772/560000] ✅ Saved: nist_libs_4.0_wt_CeCl3_and_4.0_wt_SmCl3_and_1.0_wt_YCl3.csv
[Run 5771/560000] ✅ Saved: nist_libs_4.0_wt_CeCl3_and_4.0_wt_SmCl3_and_0.5_wt_YCl3.csv
[Run 5773/560000] ✅ Saved: nist_libs_4.0_wt_CeCl3_and_4.0_wt_SmCl3_and_1.5_wt_YCl3.csv
[Run 5774/560000] ✅ Saved: nist_libs_4.0_wt_CeCl3_and_4.0_wt_SmCl3_and_2.0_wt_YCl3.csv
[Run 5775/560000] ✅ Saved: nist_libs_4.0_wt_CeCl3_and_4.0_wt_SmCl3_and_2.5_wt_YCl3.csv
[Run 5776/560000] ✅ Saved: nist_libs_4.0_wt_CeCl3_and_4.0_wt_SmCl3_and_3.0_wt_YCl3.csv
[Run 5777/560000] ✅ Saved: nist_libs_4.0_wt_CeCl3_and_4.0_wt_SmCl3_and_3.5_wt_YCl3.csv
[Run 5778/560000] ✅ Saved: nist_libs_4.0_wt_CeCl3_and_4.0_wt_SmCl3_and_4.0_wt_YCl3.csv
[Run 5780/560000] ✅ Saved: nist_libs_4.0_wt_CeCl3_and_4.0_wt_SmCl3_and_5.0_wt_YCl3.csv
[Run 5779/560000] ✅ Saved: nist_libs_4.0_wt_CeCl3_and_4.0_wt_SmCl3_and_4.5_wt_YCl3.csv
[Run 5781/560000] ✅ Saved: nist_libs_4.0_wt_CeCl3_and_4.5_wt_SmCl3_and_0.5_wt_YCl3.csv
[Run 5782/560000] ✅ Saved: nist_libs_4.0_wt_CeCl3_and_4.5_wt_SmCl3_and_1.0_wt_YCl3.csv
[Run 5783/560000] ✅ Saved: nist_libs_4.0_wt_CeCl3_and_4.5_wt_SmCl3_and_1.5_wt_YCl3.csv
[Run 5784/560000] ✅ Saved: nist_libs_4.0_wt_CeCl3_and_4.5_wt_SmCl3_and_2.0_wt_YCl3.csv
[Run 5785/560000] ✅ Saved: nist_libs_4.0_wt_CeCl3_and_4.5_wt_SmCl3_and_2.5_wt_YCl3.csv
[Run 5786/560000] ✅ Saved: nist_libs_4.0_wt_CeCl3_and_4.5_wt_SmCl3_and_3.0_wt_YCl3.csv
[Run 5788/560000] ✅ Saved: nist_libs_4.0_wt_CeCl3_and_4.5_wt_SmCl3_and_4.0_wt_YCl3.csv
[Run 5789/560000] ✅ Saved: nist_libs_4.0_wt_CeCl3_and_4.5_wt_SmCl3_and_4.5_wt_YCl3.csv
[Run 5790/560000] ✅ Saved: nist_libs_4.0_wt_CeCl3_and_4.5_wt_SmCl3_and_5.0_wt_YCl3.csv
[Run 5787/560000] ✅ Saved: nist_libs_4.0_wt_CeCl3_and_4.5_wt_SmCl3_and_3.5_wt_YCl3.csv
[Run 5791/560000] ✅ Saved: nist_libs_4.0_wt_CeCl3_and_5.0_wt_SmCl3_and_0.5_wt_YCl3.csv
[Run 5792/560000] ✅ Saved: nist_libs_4.0_wt_CeCl3_and_5.0_wt_SmCl3_and_1.0_wt_YCl3.csv
[Run 5793/560000] ✅ Saved: nist_libs_4.0_wt_CeCl3_and_5.0_wt_SmCl3_and_1.5_wt_YCl3.csv
[Run 5794/560000] ✅ Saved: nist_libs_4.0_wt_CeCl3_and_5.0_wt_SmCl3_and_2.0_wt_YCl3.csv
[Run 5795/560000] ✅ Saved: nist_libs_4.0_wt_CeCl3_and_5.0_wt_SmCl3_and_2.5_wt_YCl3.csv
[Run 5796/560000] ✅ Saved: nist_libs_4.0_wt_CeCl3_and_5.0_wt_SmCl3_and_3.0_wt_YCl3.csv
[Run 5797/560000] ✅ Saved: nist_libs_4.0_wt_CeCl3_and_5.0_wt_SmCl3_and_3.5_wt_YCl3.csv
[Run 5798/560000] ✅ Saved: nist_libs_4.0_wt_CeCl3_and_5.0_wt_SmCl3_and_4.0_wt_YCl3.csv
[Run 5799/560000] ✅ Saved: nist_libs_4.0_wt_CeCl3_and_5.0_wt_SmCl3_and_4.5_wt_YCl3.csv
[Run 5800/560000] ✅ Saved: nist_libs_4.0_wt_CeCl3_and_5.0_wt_SmCl3_and_5.0_wt_YCl3.csv
[Run 5801/560000] ✅ Saved: nist_libs_4.5_wt_CeCl3_and_0.5_wt_SmCl3_and_0.5_wt_YCl3.csv
[Run 5802/560000] ✅ Saved: nist_libs_4.5_wt_CeCl3_and_0.5_wt_SmCl3_and_1.0_wt_YCl3.csv
[Run 5803/560000] ✅ Saved: nist_libs_4.5_wt_CeCl3_and_0.5_wt_SmCl3_and_1.5_wt_YCl3.csv
[Run 5804/560000] ✅ Saved: nist_libs_4.5_wt_CeCl3_and_0.5_wt_SmCl3_and_2.0_wt_YCl3.csv
[Run 5805/560000] ✅ Saved: nist_libs_4.5_wt_CeCl3_and_0.5_wt_SmCl3_and_2.5_wt_YCl3.csv
[Run 5806/560000] ✅ Saved: nist_libs_4.5_wt_CeCl3_and_0.5_wt_SmCl3_and_3.0_wt_YCl3.csv
[Run 5807/560000] ✅ Saved: nist_libs_4.5_wt_CeCl3_and_0.5_wt_SmCl3_and_3.5_wt_YCl3.csv
[Run 5808/560000] ✅ Saved: nist_libs_4.5_wt_CeCl3_and_0.5_wt_SmCl3_and_4.0_wt_YCl3.csv
[Run 5809/560000] ✅ Saved: nist_libs_4.5_wt_CeCl3_and_0.5_wt_SmCl3_and_4.5_wt_YCl3.csv
[Run 5810/560000] ✅ Saved: nist_libs_4.5_wt_CeCl3_and_0.5_wt_SmCl3_and_5.0_wt_YCl3.csv
[Run 5811/560000] ✅ Saved: nist_libs_4.5_wt_CeCl3_and_1.0_wt_SmCl3_and_0.5_wt_YCl3.csv
[Run 5812/560000] ✅ Saved: nist_libs_4.5_wt_CeCl3_and_1.0_wt_SmCl3_and_1.0_wt_YCl3.csv
[Run 5813/560000] ✅ Saved: nist_libs_4.5_wt_CeCl3_and_1.0_wt_SmCl3_and_1.5_wt_YCl3.csv
[Run 5814/560000] ✅ Saved: nist_libs_4.5_wt_CeCl3_and_1.0_wt_SmCl3_and_2.0_wt_YCl3.csv
[Run 5815/560000] ✅ Saved: nist_libs_4.5_wt_CeCl3_and_1.0_wt_SmCl3_and_2.5_wt_YCl3.csv
[Run 5816/560000] ✅ Saved: nist_libs_4.5_wt_CeCl3_and_1.0_wt_SmCl3_and_3.0_wt_YCl3.csv
[Run 5817/560000] ✅ Saved: nist_libs_4.5_wt_CeCl3_and_1.0_wt_SmCl3_and_3.5_wt_YCl3.csv
[Run 5818/560000] ✅ Saved: nist_libs_4.5_wt_CeCl3_and_1.0_wt_SmCl3_and_4.0_wt_YCl3.csv
[Run 5819/560000] ✅ Saved: nist_libs_4.5_wt_CeCl3_and_1.0_wt_SmCl3_and_4.5_wt_YCl3.csv
[Run 5820/560000] ✅ Saved: nist_libs_4.5_wt_CeCl3_and_1.0_wt_SmCl3_and_5.0_wt_YCl3.csv
[Run 5821/560000] ✅ Saved: nist_libs_4.5_wt_CeCl3_and_1.5_wt_SmCl3_and_0.5_wt_YCl3.csv
[Run 5822/560000] ✅ Saved: nist_libs_4.5_wt_CeCl3_and_1.5_wt_SmCl3_and_1.0_wt_YCl3.csv
[Run 5823/560000] ✅ Saved: nist_libs_4.5_wt_CeCl3_and_1.5_wt_SmCl3_and_1.5_wt_YCl3.csv
[Run 5824/560000] ✅ Saved: nist_libs_4.5_wt_CeCl3_and_1.5_wt_SmCl3_and_2.0_wt_YCl3.csv
[Run 5825/560000] ✅ Saved: nist_libs_4.5_wt_CeCl3_and_1.5_wt_SmCl3_and_2.5_wt_YCl3.csv
[Run 5826/560000] ✅ Saved: nist_libs_4.5_wt_CeCl3_and_1.5_wt_SmCl3_and_3.0_wt_YCl3.csv
[Run 5827/560000] ✅ Saved: nist_libs_4.5_wt_CeCl3_and_1.5_wt_SmCl3_and_3.5_wt_YCl3.csv
[Run 5828/560000] ✅ Saved: nist_libs_4.5_wt_CeCl3_and_1.5_wt_SmCl3_and_4.0_wt_YCl3.csv
[Run 5829/560000] ✅ Saved: nist_libs_4.5_wt_CeCl3_and_1.5_wt_SmCl3_and_4.5_wt_YCl3.csv
[Run 5830/560000] ✅ Saved: nist_libs_4.5_wt_CeCl3_and_1.5_wt_SmCl3_and_5.0_wt_YCl3.csv
[Run 5831/560000] ✅ Saved: nist_libs_4.5_wt_CeCl3_and_2.0_wt_SmCl3_and_0.5_wt_YCl3.csv
[Run 5832/560000] ✅ Saved: nist_libs_4.5_wt_CeCl3_and_2.0_wt_SmCl3_and_1.0_wt_YCl3.csv
[Run 5833/560000] ✅ Saved: nist_libs_4.5_wt_CeCl3_and_2.0_wt_SmCl3_and_1.5_wt_YCl3.csv
[Run 5834/560000] ✅ Saved: nist_libs_4.5_wt_CeCl3_and_2.0_wt_SmCl3_and_2.0_wt_YCl3.csv
[Run 5835/560000] ✅ Saved: nist_libs_4.5_wt_CeCl3_and_2.0_wt_SmCl3_and_2.5_wt_YCl3.csv
[Run 5836/560000] ✅ Saved: nist_libs_4.5_wt_CeCl3_and_2.0_wt_SmCl3_and_3.0_wt_YCl3.csv
[Run 5838/560000] ✅ Saved: nist_libs_4.5_wt_CeCl3_and_2.0_wt_SmCl3_and_4.0_wt_YCl3.csv
[Run 5839/560000] ✅ Saved: nist_libs_4.5_wt_CeCl3_and_2.0_wt_SmCl3_and_4.5_wt_YCl3.csv
[Run 5837/560000] ✅ Saved: nist_libs_4.5_wt_CeCl3_and_2.0_wt_SmCl3_and_3.5_wt_YCl3.csv
[Run 5840/560000] ✅ Saved: nist_libs_4.5_wt_CeCl3_and_2.0_wt_SmCl3_and_5.0_wt_YCl3.csv
[Run 5843/560000] ✅ Saved: nist_libs_4.5_wt_CeCl3_and_2.5_wt_SmCl3_and_1.5_wt_YCl3.csv
[Run 5841/560000] ✅ Saved: nist_libs_4.5_wt_CeCl3_and_2.5_wt_SmCl3_and_0.5_wt_YCl3.csv
[Run 5842/560000] ✅ Saved: nist_libs_4.5_wt_CeCl3_and_2.5_wt_SmCl3_and_1.0_wt_YCl3.csv
[Run 5844/560000] ✅ Saved: nist_libs_4.5_wt_CeCl3_and_2.5_wt_SmCl3_and_2.0_wt_YCl3.csv
[Run 5845/560000] ✅ Saved: nist_libs_4.5_wt_CeCl3_and_2.5_wt_SmCl3_and_2.5_wt_YCl3.csv
[Run 5847/560000] ✅ Saved: nist_libs_4.5_wt_CeCl3_and_2.5_wt_SmCl3_and_3.5_wt_YCl3.csv
[Run 5846/560000] ✅ Saved: nist_libs_4.5_wt_CeCl3_and_2.5_wt_SmCl3_and_3.0_wt_YCl3.csv
[Run 5848/560000] ✅ Saved: nist_libs_4.5_wt_CeCl3_and_2.5_wt_SmCl3_and_4.0_wt_YCl3.csv
[Run 5850/560000] ✅ Saved: nist_libs_4.5_wt_CeCl3_and_2.5_wt_SmCl3_and_5.0_wt_YCl3.csv
[Run 5849/560000] ✅ Saved: nist_libs_4.5_wt_CeCl3_and_2.5_wt_SmCl3_and_4.5_wt_YCl3.csv
[Run 5852/560000] ✅ Saved: nist_libs_4.5_wt_CeCl3_and_3.0_wt_SmCl3_and_1.0_wt_YCl3.csv
[Run 5851/560000] ✅ Saved: nist_libs_4.5_wt_CeCl3_and_3.0_wt_SmCl3_and_0.5_wt_YCl3.csv
[Run 5853/560000] ✅ Saved: nist_libs_4.5_wt_CeCl3_and_3.0_wt_SmCl3_and_1.5_wt_YCl3.csv
[Run 5854/560000] ✅ Saved: nist_libs_4.5_wt_CeCl3_and_3.0_wt_SmCl3_and_2.0_wt_YCl3.csv
[Run 5855/560000] ✅ Saved: nist_libs_4.5_wt_CeCl3_and_3.0_wt_SmCl3_and_2.5_wt_YCl3.csv
[Run 5856/560000] ✅ Saved: nist_libs_4.5_wt_CeCl3_and_3.0_wt_SmCl3_and_3.0_wt_YCl3.csv
[Run 5857/560000] ✅ Saved: nist_libs_4.5_wt_CeCl3_and_3.0_wt_SmCl3_and_3.5_wt_YCl3.csv
[Run 5859/560000] ✅ Saved: nist_libs_4.5_wt_CeCl3_and_3.0_wt_SmCl3_and_4.5_wt_YCl3.csv
[Run 5860/560000] ✅ Saved: nist_libs_4.5_wt_CeCl3_and_3.0_wt_SmCl3_and_5.0_wt_YCl3.csv
[Run 5858/560000] ✅ Saved: nist_libs_4.5_wt_CeCl3_and_3.0_wt_SmCl3_and_4.0_wt_YCl3.csv
[Run 5861/560000] ✅ Saved: nist_libs_4.5_wt_CeCl3_and_3.5_wt_SmCl3_and_0.5_wt_YCl3.csv
[Run 5862/560000] ✅ Saved: nist_libs_4.5_wt_CeCl3_and_3.5_wt_SmCl3_and_1.0_wt_YCl3.csv
[Run 5863/560000] ✅ Saved: nist_libs_4.5_wt_CeCl3_and_3.5_wt_SmCl3_and_1.5_wt_YCl3.csv
[Run 5864/560000] ✅ Saved: nist_libs_4.5_wt_CeCl3_and_3.5_wt_SmCl3_and_2.0_wt_YCl3.csv
[Run 5865/560000] ✅ Saved: nist_libs_4.5_wt_CeCl3_and_3.5_wt_SmCl3_and_2.5_wt_YCl3.csv
[Run 5866/560000] ✅ Saved: nist_libs_4.5_wt_CeCl3_and_3.5_wt_SmCl3_and_3.0_wt_YCl3.csv
[Run 5867/560000] ✅ Saved: nist_libs_4.5_wt_CeCl3_and_3.5_wt_SmCl3_and_3.5_wt_YCl3.csv
[Run 5868/560000] ✅ Saved: nist_libs_4.5_wt_CeCl3_and_3.5_wt_SmCl3_and_4.0_wt_YCl3.csv
[Run 5869/560000] ✅ Saved: nist_libs_4.5_wt_CeCl3_and_3.5_wt_SmCl3_and_4.5_wt_YCl3.csv
[Run 5870/560000] ✅ Saved: nist_libs_4.5_wt_CeCl3_and_3.5_wt_SmCl3_and_5.0_wt_YCl3.csv
[Run 5871/560000] ✅ Saved: nist_libs_4.5_wt_CeCl3_and_4.0_wt_SmCl3_and_0.5_wt_YCl3.csv
[Run 5872/560000] ✅ Saved: nist_libs_4.5_wt_CeCl3_and_4.0_wt_SmCl3_and_1.0_wt_YCl3.csv
[Run 5873/560000] ✅ Saved: nist_libs_4.5_wt_CeCl3_and_4.0_wt_SmCl3_and_1.5_wt_YCl3.csv
[Run 5874/560000] ✅ Saved: nist_libs_4.5_wt_CeCl3_and_4.0_wt_SmCl3_and_2.0_wt_YCl3.csv
[Run 5875/560000] ✅ Saved: nist_libs_4.5_wt_CeCl3_and_4.0_wt_SmCl3_and_2.5_wt_YCl3.csv
[Run 5877/560000] ✅ Saved: nist_libs_4.5_wt_CeCl3_and_4.0_wt_SmCl3_and_3.5_wt_YCl3.csv
[Run 5876/560000] ✅ Saved: nist_libs_4.5_wt_CeCl3_and_4.0_wt_SmCl3_and_3.0_wt_YCl3.csv
[Run 5878/560000] ✅ Saved: nist_libs_4.5_wt_CeCl3_and_4.0_wt_SmCl3_and_4.0_wt_YCl3.csv
[Run 5879/560000] ✅ Saved: nist_libs_4.5_wt_CeCl3_and_4.0_wt_SmCl3_and_4.5_wt_YCl3.csv
[Run 5880/560000] ✅ Saved: nist_libs_4.5_wt_CeCl3_and_4.0_wt_SmCl3_and_5.0_wt_YCl3.csv
[Run 5881/560000] ✅ Saved: nist_libs_4.5_wt_CeCl3_and_4.5_wt_SmCl3_and_0.5_wt_YCl3.csv
[Run 5882/560000] ✅ Saved: nist_libs_4.5_wt_CeCl3_and_4.5_wt_SmCl3_and_1.0_wt_YCl3.csv
[Run 5884/560000] ✅ Saved: nist_libs_4.5_wt_CeCl3_and_4.5_wt_SmCl3_and_2.0_wt_YCl3.csv
[Run 5885/560000] ✅ Saved: nist_libs_4.5_wt_CeCl3_and_4.5_wt_SmCl3_and_2.5_wt_YCl3.csv
[Run 5886/560000] ✅ Saved: nist_libs_4.5_wt_CeCl3_and_4.5_wt_SmCl3_and_3.0_wt_YCl3.csv
[Run 5883/560000] ✅ Saved: nist_libs_4.5_wt_CeCl3_and_4.5_wt_SmCl3_and_1.5_wt_YCl3.csv
[Run 5887/560000] ✅ Saved: nist_libs_4.5_wt_CeCl3_and_4.5_wt_SmCl3_and_3.5_wt_YCl3.csv
[Run 5888/560000] ✅ Saved: nist_libs_4.5_wt_CeCl3_and_4.5_wt_SmCl3_and_4.0_wt_YCl3.csv
[Run 5890/560000] ✅ Saved: nist_libs_4.5_wt_CeCl3_and_4.5_wt_SmCl3_and_5.0_wt_YCl3.csv
[Run 5889/560000] ✅ Saved: nist_libs_4.5_wt_CeCl3_and_4.5_wt_SmCl3_and_4.5_wt_YCl3.csv
[Run 5891/560000] ✅ Saved: nist_libs_4.5_wt_CeCl3_and_5.0_wt_SmCl3_and_0.5_wt_YCl3.csv
[Run 5892/560000] ✅ Saved: nist_libs_4.5_wt_CeCl3_and_5.0_wt_SmCl3_and_1.0_wt_YCl3.csv
[Run 5894/560000] ✅ Saved: nist_libs_4.5_wt_CeCl3_and_5.0_wt_SmCl3_and_2.0_wt_YCl3.csv
[Run 5893/560000] ✅ Saved: nist_libs_4.5_wt_CeCl3_and_5.0_wt_SmCl3_and_1.5_wt_YCl3.csv
[Run 5895/560000] ✅ Saved: nist_libs_4.5_wt_CeCl3_and_5.0_wt_SmCl3_and_2.5_wt_YCl3.csv
[Run 5896/560000] ✅ Saved: nist_libs_4.5_wt_CeCl3_and_5.0_wt_SmCl3_and_3.0_wt_YCl3.csv
[Run 5897/560000] ✅ Saved: nist_libs_4.5_wt_CeCl3_and_5.0_wt_SmCl3_and_3.5_wt_YCl3.csv
[Run 5898/560000] ✅ Saved: nist_libs_4.5_wt_CeCl3_and_5.0_wt_SmCl3_and_4.0_wt_YCl3.csv
[Run 5899/560000] ✅ Saved: nist_libs_4.5_wt_CeCl3_and_5.0_wt_SmCl3_and_4.5_wt_YCl3.csv
[Run 5900/560000] ✅ Saved: nist_libs_4.5_wt_CeCl3_and_5.0_wt_SmCl3_and_5.0_wt_YCl3.csv
[Run 5901/560000] ✅ Saved: nist_libs_5.0_wt_CeCl3_and_0.5_wt_SmCl3_and_0.5_wt_YCl3.csv
[Run 5902/560000] ✅ Saved: nist_libs_5.0_wt_CeCl3_and_0.5_wt_SmCl3_and_1.0_wt_YCl3.csv
[Run 5903/560000] ✅ Saved: nist_libs_5.0_wt_CeCl3_and_0.5_wt_SmCl3_and_1.5_wt_YCl3.csv
[Run 5904/560000] ✅ Saved: nist_libs_5.0_wt_CeCl3_and_0.5_wt_SmCl3_and_2.0_wt_YCl3.csv
[Run 5905/560000] ✅ Saved: nist_libs_5.0_wt_CeCl3_and_0.5_wt_SmCl3_and_2.5_wt_YCl3.csv
[Run 5906/560000] ✅ Saved: nist_libs_5.0_wt_CeCl3_and_0.5_wt_SmCl3_and_3.0_wt_YCl3.csv
[Run 5907/560000] ✅ Saved: nist_libs_5.0_wt_CeCl3_and_0.5_wt_SmCl3_and_3.5_wt_YCl3.csv
[Run 5908/560000] ✅ Saved: nist_libs_5.0_wt_CeCl3_and_0.5_wt_SmCl3_and_4.0_wt_YCl3.csv
[Run 5909/560000] ✅ Saved: nist_libs_5.0_wt_CeCl3_and_0.5_wt_SmCl3_and_4.5_wt_YCl3.csv
[Run 5910/560000] ✅ Saved: nist_libs_5.0_wt_CeCl3_and_0.5_wt_SmCl3_and_5.0_wt_YCl3.csv
[Run 5912/560000] ✅ Saved: nist_libs_5.0_wt_CeCl3_and_1.0_wt_SmCl3_and_1.0_wt_YCl3.csv
[Run 5911/560000] ✅ Saved: nist_libs_5.0_wt_CeCl3_and_1.0_wt_SmCl3_and_0.5_wt_YCl3.csv
[Run 5914/560000] ✅ Saved: nist_libs_5.0_wt_CeCl3_and_1.0_wt_SmCl3_and_2.0_wt_YCl3.csv
[Run 5913/560000] ✅ Saved: nist_libs_5.0_wt_CeCl3_and_1.0_wt_SmCl3_and_1.5_wt_YCl3.csv
[Run 5915/560000] ✅ Saved: nist_libs_5.0_wt_CeCl3_and_1.0_wt_SmCl3_and_2.5_wt_YCl3.csv
[Run 5916/560000] ✅ Saved: nist_libs_5.0_wt_CeCl3_and_1.0_wt_SmCl3_and_3.0_wt_YCl3.csv
[Run 5917/560000] ✅ Saved: nist_libs_5.0_wt_CeCl3_and_1.0_wt_SmCl3_and_3.5_wt_YCl3.csv
[Run 5918/560000] ✅ Saved: nist_libs_5.0_wt_CeCl3_and_1.0_wt_SmCl3_and_4.0_wt_YCl3.csv
[Run 5919/560000] ✅ Saved: nist_libs_5.0_wt_CeCl3_and_1.0_wt_SmCl3_and_4.5_wt_YCl3.csv
[Run 5920/560000] ✅ Saved: nist_libs_5.0_wt_CeCl3_and_1.0_wt_SmCl3_and_5.0_wt_YCl3.csv
[Run 5921/560000] ✅ Saved: nist_libs_5.0_wt_CeCl3_and_1.5_wt_SmCl3_and_0.5_wt_YCl3.csv
[Run 5922/560000] ✅ Saved: nist_libs_5.0_wt_CeCl3_and_1.5_wt_SmCl3_and_1.0_wt_YCl3.csv
[Run 5923/560000] ✅ Saved: nist_libs_5.0_wt_CeCl3_and_1.5_wt_SmCl3_and_1.5_wt_YCl3.csv
[Run 5924/560000] ✅ Saved: nist_libs_5.0_wt_CeCl3_and_1.5_wt_SmCl3_and_2.0_wt_YCl3.csv
[Run 5925/560000] ✅ Saved: nist_libs_5.0_wt_CeCl3_and_1.5_wt_SmCl3_and_2.5_wt_YCl3.csv
[Run 5926/560000] ✅ Saved: nist_libs_5.0_wt_CeCl3_and_1.5_wt_SmCl3_and_3.0_wt_YCl3.csv
[Run 5927/560000] ✅ Saved: nist_libs_5.0_wt_CeCl3_and_1.5_wt_SmCl3_and_3.5_wt_YCl3.csv
[Run 5928/560000] ✅ Saved: nist_libs_5.0_wt_CeCl3_and_1.5_wt_SmCl3_and_4.0_wt_YCl3.csv
[Run 5929/560000] ✅ Saved: nist_libs_5.0_wt_CeCl3_and_1.5_wt_SmCl3_and_4.5_wt_YCl3.csv
[Run 5930/560000] ✅ Saved: nist_libs_5.0_wt_CeCl3_and_1.5_wt_SmCl3_and_5.0_wt_YCl3.csv
[Run 5931/560000] ✅ Saved: nist_libs_5.0_wt_CeCl3_and_2.0_wt_SmCl3_and_0.5_wt_YCl3.csv
[Run 5932/560000] ✅ Saved: nist_libs_5.0_wt_CeCl3_and_2.0_wt_SmCl3_and_1.0_wt_YCl3.csv
[Run 5933/560000] ✅ Saved: nist_libs_5.0_wt_CeCl3_and_2.0_wt_SmCl3_and_1.5_wt_YCl3.csv
[Run 5934/560000] ✅ Saved: nist_libs_5.0_wt_CeCl3_and_2.0_wt_SmCl3_and_2.0_wt_YCl3.csv
[Run 5935/560000] ✅ Saved: nist_libs_5.0_wt_CeCl3_and_2.0_wt_SmCl3_and_2.5_wt_YCl3.csv
[Run 5936/560000] ✅ Saved: nist_libs_5.0_wt_CeCl3_and_2.0_wt_SmCl3_and_3.0_wt_YCl3.csv
[Run 5937/560000] ✅ Saved: nist_libs_5.0_wt_CeCl3_and_2.0_wt_SmCl3_and_3.5_wt_YCl3.csv
[Run 5938/560000] ✅ Saved: nist_libs_5.0_wt_CeCl3_and_2.0_wt_SmCl3_and_4.0_wt_YCl3.csv
[Run 5939/560000] ✅ Saved: nist_libs_5.0_wt_CeCl3_and_2.0_wt_SmCl3_and_4.5_wt_YCl3.csv
[Run 5940/560000] ✅ Saved: nist_libs_5.0_wt_CeCl3_and_2.0_wt_SmCl3_and_5.0_wt_YCl3.csv
[Run 5941/560000] ✅ Saved: nist_libs_5.0_wt_CeCl3_and_2.5_wt_SmCl3_and_0.5_wt_YCl3.csv
[Run 5942/560000] ✅ Saved: nist_libs_5.0_wt_CeCl3_and_2.5_wt_SmCl3_and_1.0_wt_YCl3.csv
[Run 5943/560000] ✅ Saved: nist_libs_5.0_wt_CeCl3_and_2.5_wt_SmCl3_and_1.5_wt_YCl3.csv
[Run 5944/560000] ✅ Saved: nist_libs_5.0_wt_CeCl3_and_2.5_wt_SmCl3_and_2.0_wt_YCl3.csv
[Run 5945/560000] ✅ Saved: nist_libs_5.0_wt_CeCl3_and_2.5_wt_SmCl3_and_2.5_wt_YCl3.csv
[Run 5947/560000] ✅ Saved: nist_libs_5.0_wt_CeCl3_and_2.5_wt_SmCl3_and_3.5_wt_YCl3.csv
[Run 5946/560000] ✅ Saved: nist_libs_5.0_wt_CeCl3_and_2.5_wt_SmCl3_and_3.0_wt_YCl3.csv
[Run 5948/560000] ✅ Saved: nist_libs_5.0_wt_CeCl3_and_2.5_wt_SmCl3_and_4.0_wt_YCl3.csv
[Run 5949/560000] ✅ Saved: nist_libs_5.0_wt_CeCl3_and_2.5_wt_SmCl3_and_4.5_wt_YCl3.csv
[Run 5950/560000] ✅ Saved: nist_libs_5.0_wt_CeCl3_and_2.5_wt_SmCl3_and_5.0_wt_YCl3.csv
[Run 5951/560000] ✅ Saved: nist_libs_5.0_wt_CeCl3_and_3.0_wt_SmCl3_and_0.5_wt_YCl3.csv
[Run 5953/560000] ✅ Saved: nist_libs_5.0_wt_CeCl3_and_3.0_wt_SmCl3_and_1.5_wt_YCl3.csv
[Run 5952/560000] ✅ Saved: nist_libs_5.0_wt_CeCl3_and_3.0_wt_SmCl3_and_1.0_wt_YCl3.csv
[Run 5955/560000] ✅ Saved: nist_libs_5.0_wt_CeCl3_and_3.0_wt_SmCl3_and_2.5_wt_YCl3.csv
[Run 5954/560000] ✅ Saved: nist_libs_5.0_wt_CeCl3_and_3.0_wt_SmCl3_and_2.0_wt_YCl3.csv
[Run 5956/560000] ✅ Saved: nist_libs_5.0_wt_CeCl3_and_3.0_wt_SmCl3_and_3.0_wt_YCl3.csv
[Run 5957/560000] ✅ Saved: nist_libs_5.0_wt_CeCl3_and_3.0_wt_SmCl3_and_3.5_wt_YCl3.csv
[Run 5959/560000] ✅ Saved: nist_libs_5.0_wt_CeCl3_and_3.0_wt_SmCl3_and_4.5_wt_YCl3.csv
[Run 5958/560000] ✅ Saved: nist_libs_5.0_wt_CeCl3_and_3.0_wt_SmCl3_and_4.0_wt_YCl3.csv
[Run 5960/560000] ✅ Saved: nist_libs_5.0_wt_CeCl3_and_3.0_wt_SmCl3_and_5.0_wt_YCl3.csv
[Run 5961/560000] ✅ Saved: nist_libs_5.0_wt_CeCl3_and_3.5_wt_SmCl3_and_0.5_wt_YCl3.csv
[Run 5962/560000] ✅ Saved: nist_libs_5.0_wt_CeCl3_and_3.5_wt_SmCl3_and_1.0_wt_YCl3.csv
[Run 5963/560000] ✅ Saved: nist_libs_5.0_wt_CeCl3_and_3.5_wt_SmCl3_and_1.5_wt_YCl3.csv
[Run 5964/560000] ✅ Saved: nist_libs_5.0_wt_CeCl3_and_3.5_wt_SmCl3_and_2.0_wt_YCl3.csv
[Run 5965/560000] ✅ Saved: nist_libs_5.0_wt_CeCl3_and_3.5_wt_SmCl3_and_2.5_wt_YCl3.csv
[Run 5966/560000] ✅ Saved: nist_libs_5.0_wt_CeCl3_and_3.5_wt_SmCl3_and_3.0_wt_YCl3.csv
[Run 5967/560000] ✅ Saved: nist_libs_5.0_wt_CeCl3_and_3.5_wt_SmCl3_and_3.5_wt_YCl3.csv
[Run 5968/560000] ✅ Saved: nist_libs_5.0_wt_CeCl3_and_3.5_wt_SmCl3_and_4.0_wt_YCl3.csv
[Run 5969/560000] ✅ Saved: nist_libs_5.0_wt_CeCl3_and_3.5_wt_SmCl3_and_4.5_wt_YCl3.csv
[Run 5971/560000] ✅ Saved: nist_libs_5.0_wt_CeCl3_and_4.0_wt_SmCl3_and_0.5_wt_YCl3.csv
[Run 5970/560000] ✅ Saved: nist_libs_5.0_wt_CeCl3_and_3.5_wt_SmCl3_and_5.0_wt_YCl3.csv
[Run 5972/560000] ✅ Saved: nist_libs_5.0_wt_CeCl3_and_4.0_wt_SmCl3_and_1.0_wt_YCl3.csv
[Run 5973/560000] ✅ Saved: nist_libs_5.0_wt_CeCl3_and_4.0_wt_SmCl3_and_1.5_wt_YCl3.csv
[Run 5975/560000] ✅ Saved: nist_libs_5.0_wt_CeCl3_and_4.0_wt_SmCl3_and_2.5_wt_YCl3.csv
[Run 5974/560000] ✅ Saved: nist_libs_5.0_wt_CeCl3_and_4.0_wt_SmCl3_and_2.0_wt_YCl3.csv
[Run 5976/560000] ✅ Saved: nist_libs_5.0_wt_CeCl3_and_4.0_wt_SmCl3_and_3.0_wt_YCl3.csv
[Run 5977/560000] ✅ Saved: nist_libs_5.0_wt_CeCl3_and_4.0_wt_SmCl3_and_3.5_wt_YCl3.csv
[Run 5978/560000] ✅ Saved: nist_libs_5.0_wt_CeCl3_and_4.0_wt_SmCl3_and_4.0_wt_YCl3.csv
[Run 5979/560000] ✅ Saved: nist_libs_5.0_wt_CeCl3_and_4.0_wt_SmCl3_and_4.5_wt_YCl3.csv
[Run 5980/560000] ✅ Saved: nist_libs_5.0_wt_CeCl3_and_4.0_wt_SmCl3_and_5.0_wt_YCl3.csv
[Run 5981/560000] ✅ Saved: nist_libs_5.0_wt_CeCl3_and_4.5_wt_SmCl3_and_0.5_wt_YCl3.csv
[Run 5982/560000] ✅ Saved: nist_libs_5.0_wt_CeCl3_and_4.5_wt_SmCl3_and_1.0_wt_YCl3.csv
[Run 5983/560000] ✅ Saved: nist_libs_5.0_wt_CeCl3_and_4.5_wt_SmCl3_and_1.5_wt_YCl3.csv
[Run 5984/560000] ✅ Saved: nist_libs_5.0_wt_CeCl3_and_4.5_wt_SmCl3_and_2.0_wt_YCl3.csv
[Run 5985/560000] ✅ Saved: nist_libs_5.0_wt_CeCl3_and_4.5_wt_SmCl3_and_2.5_wt_YCl3.csv
[Run 5986/560000] ✅ Saved: nist_libs_5.0_wt_CeCl3_and_4.5_wt_SmCl3_and_3.0_wt_YCl3.csv
[Run 5987/560000] ✅ Saved: nist_libs_5.0_wt_CeCl3_and_4.5_wt_SmCl3_and_3.5_wt_YCl3.csv
[Run 5989/560000] ✅ Saved: nist_libs_5.0_wt_CeCl3_and_4.5_wt_SmCl3_and_4.5_wt_YCl3.csv
[Run 5988/560000] ✅ Saved: nist_libs_5.0_wt_CeCl3_and_4.5_wt_SmCl3_and_4.0_wt_YCl3.csv
[Run 5990/560000] ✅ Saved: nist_libs_5.0_wt_CeCl3_and_4.5_wt_SmCl3_and_5.0_wt_YCl3.csv
[Run 5991/560000] ✅ Saved: nist_libs_5.0_wt_CeCl3_and_5.0_wt_SmCl3_and_0.5_wt_YCl3.csv
[Run 5992/560000] ✅ Saved: nist_libs_5.0_wt_CeCl3_and_5.0_wt_SmCl3_and_1.0_wt_YCl3.csv
[Run 5993/560000] ✅ Saved: nist_libs_5.0_wt_CeCl3_and_5.0_wt_SmCl3_and_1.5_wt_YCl3.csv
[Run 5994/560000] ✅ Saved: nist_libs_5.0_wt_CeCl3_and_5.0_wt_SmCl3_and_2.0_wt_YCl3.csv
[Run 5995/560000] ✅ Saved: nist_libs_5.0_wt_CeCl3_and_5.0_wt_SmCl3_and_2.5_wt_YCl3.csv
[Run 5996/560000] ✅ Saved: nist_libs_5.0_wt_CeCl3_and_5.0_wt_SmCl3_and_3.0_wt_YCl3.csv
[Run 5997/560000] ✅ Saved: nist_libs_5.0_wt_CeCl3_and_5.0_wt_SmCl3_and_3.5_wt_YCl3.csv
[Run 5998/560000] ✅ Saved: nist_libs_5.0_wt_CeCl3_and_5.0_wt_SmCl3_and_4.0_wt_YCl3.csv
[Run 5999/560000] ✅ Saved: nist_libs_5.0_wt_CeCl3_and_5.0_wt_SmCl3_and_4.5_wt_YCl3.csv
[Run 6000/560000] ✅ Saved: nist_libs_5.0_wt_CeCl3_and_5.0_wt_SmCl3_and_5.0_wt_YCl3.csv
 -> Network failure: HTTPSConnectionPool(host='physics.nist.gov', port=443): Read timed out.
[Run 6001/560000] ⚠️ No spectral lines or server fetch failed: nist_libs_0.5_wt_CeCl3_and_0.5_wt_SmCl3_and_0.5_wt_FeCl2.csv
 -> Network failure: HTTPSConnectionPool(host='physics.nist.gov', port=443): Read timed out.
[Run 6002/560000] ⚠️ No spectral lines or server fetch failed: nist_libs_0.5_wt_CeCl3_and_0.5_wt_SmCl3_and_1.0_wt_FeCl2.csv
[Run 6003/560000] ✅ Saved: nist_libs_0.5_wt_CeCl3_and_0.5_wt_SmCl3_and_1.5_wt_FeCl2.csv
[Run 6004/560000] ✅ Saved: nist_libs_0.5_wt_CeCl3_and_0.5_wt_SmCl3_and_2.0_wt_FeCl2.csv
[Run 6005/560000] ✅ Saved: nist_libs_0.5_wt_CeCl3_and_0.5_wt_SmCl3_and_2.5_wt_FeCl2.csv
[Run 6006/560000] ✅ Saved: nist_libs_0.5_wt_CeCl3_and_0.5_wt_SmCl3_and_3.0_wt_FeCl2.csv
📦 Packaging batch 6 (1000 CSVs) -> nist_libs_batch_0006.zip...
[Run 6007/560000] ✅ Saved: nist_libs_0.5_wt_CeCl3_and_0.5_wt_SmCl3_and_3.5_wt_FeCl2.csv
[Run 6008/560000] ✅ Saved: nist_libs_0.5_wt_CeCl3_and_0.5_wt_SmCl3_and_4.0_wt_FeCl2.csv
[Run 6009/560000] ✅ Saved: nist_libs_0.5_wt_CeCl3_and_0.5_wt_SmCl3_and_4.5_wt_FeCl2.csv
[Run 6010/560000] ✅ Saved: nist_libs_0.5_wt_CeCl3_and_0.5_wt_SmCl3_and_5.0_wt_FeCl2.csv
[Run 6012/560000] ✅ Saved: nist_libs_0.5_wt_CeCl3_and_1.0_wt_SmCl3_and_1.0_wt_FeCl2.csv
[Run 6011/560000] ✅ Saved: nist_libs_0.5_wt_CeCl3_and_1.0_wt_SmCl3_and_0.5_wt_FeCl2.csv
[Run 6013/560000] ✅ Saved: nist_libs_0.5_wt_CeCl3_and_1.0_wt_SmCl3_and_1.5_wt_FeCl2.csv
[Run 6014/560000] ✅ Saved: nist_libs_0.5_wt_CeCl3_and_1.0_wt_SmCl3_and_2.0_wt_FeCl2.csv
[Run 6015/560000] ✅ Saved: nist_libs_0.5_wt_CeCl3_and_1.0_wt_SmCl3_and_2.5_wt_FeCl2.csv
[Run 6017/560000] ✅ Saved: nist_libs_0.5_wt_CeCl3_and_1.0_wt_SmCl3_and_3.5_wt_FeCl2.csv
[Run 6016/560000] ✅ Saved: nist_libs_0.5_wt_CeCl3_and_1.0_wt_SmCl3_and_3.0_wt_FeCl2.csv
[Run 6018/560000] ✅ Saved: nist_libs_0.5_wt_CeCl3_and_1.0_wt_SmCl3_and_4.0_wt_FeCl2.csv
 -> Network failure: HTTPSConnectionPool(host='physics.nist.gov', port=443): Read timed out.
[Run 6019/560000] ⚠️ No spectral lines or server fetch failed: nist_libs_0.5_wt_CeCl3_and_1.0_wt_SmCl3_and_4.5_wt_FeCl2.csv
 -> Network failure: HTTPSConnectionPool(host='physics.nist.gov', port=443): Read timed out.
 -> Network failure: HTTPSConnectionPool(host='physics.nist.gov', port=443): Read timed out.
[Run 6020/560000] ⚠️ No spectral lines or server fetch failed: nist_libs_0.5_wt_CeCl3_and_1.0_wt_SmCl3_and_5.0_wt_FeCl2.csv
[Run 6021/560000] ⚠️ No spectral lines or server fetch failed: nist_libs_0.5_wt_CeCl3_and_1.5_wt_SmCl3_and_0.5_wt_FeCl2.csv
 -> Network failure: HTTPSConnectionPool(host='physics.nist.gov', port=443): Read timed out.
[Run 6022/560000] ⚠️ No spectral lines or server fetch failed: nist_libs_0.5_wt_CeCl3_and_1.5_wt_SmCl3_and_1.0_wt_FeCl2.csv
 -> Network failure: HTTPSConnectionPool(host='physics.nist.gov', port=443): Read timed out.
[Run 6023/560000] ⚠️ No spectral lines or server fetch failed: nist_libs_0.5_wt_CeCl3_and_1.5_wt_SmCl3_and_1.5_wt_FeCl2.csv
 -> Network failure: HTTPSConnectionPool(host='physics.nist.gov', port=443): Read timed out.
[Run 6024/560000] ⚠️ No spectral lines or server fetch failed: nist_libs_0.5_wt_CeCl3_and_1.5_wt_SmCl3_and_2.0_wt_FeCl2.csv
 -> Network failure: HTTPSConnectionPool(host='physics.nist.gov', port=443): Read timed out.
[Run 6025/560000] ⚠️ No spectral lines or server fetch failed: nist_libs_0.5_wt_CeCl3_and_1.5_wt_SmCl3_and_2.5_wt_FeCl2.csv
 -> Network failure: HTTPSConnectionPool(host='physics.nist.gov', port=443): Read timed out.
[Run 6026/560000] ⚠️ No spectral lines or server fetch failed: nist_libs_0.5_wt_CeCl3_and_1.5_wt_SmCl3_and_3.0_wt_FeCl2.csv
 -> Network failure: HTTPSConnectionPool(host='physics.nist.gov', port=443): Read timed out.
[Run 6027/560000] ⚠️ No spectral lines or server fetch failed: nist_libs_0.5_wt_CeCl3_and_1.5_wt_SmCl3_and_3.5_wt_FeCl2.csv
 -> Network failure: HTTPSConnectionPool(host='physics.nist.gov', port=443): Read timed out.
 -> Network failure: HTTPSConnectionPool(host='physics.nist.gov', port=443): Read timed out.
[Run 6028/560000] ⚠️ No spectral lines or server fetch failed: nist_libs_0.5_wt_CeCl3_and_1.5_wt_SmCl3_and_4.0_wt_FeCl2.csv
[Run 6029/560000] ⚠️ No spectral lines or server fetch failed: nist_libs_0.5_wt_CeCl3_and_1.5_wt_SmCl3_and_4.5_wt_FeCl2.csv
 -> Network failure: HTTPSConnectionPool(host='physics.nist.gov', port=443): Read timed out.
[Run 6030/560000] ⚠️ No spectral lines or server fetch failed: nist_libs_0.5_wt_CeCl3_and_1.5_wt_SmCl3_and_5.0_wt_FeCl2.csv
 -> Network failure: HTTPSConnectionPool(host='physics.nist.gov', port=443): Read timed out.
[Run 6031/560000] ⚠️ No spectral lines or server fetch failed: nist_libs_0.5_wt_CeCl3_and_2.0_wt_SmCl3_and_0.5_wt_FeCl2.csv
 -> Network failure: HTTPSConnectionPool(host='physics.nist.gov', port=443): Read timed out.
 -> Network failure: HTTPSConnectionPool(host='physics.nist.gov', port=443): Read timed out.
[Run 6032/560000] ⚠️ No spectral lines or server fetch failed: nist_libs_0.5_wt_CeCl3_and_2.0_wt_SmCl3_and_1.0_wt_FeCl2.csv
[Run 6033/560000] ⚠️ No spectral lines or server fetch failed: nist_libs_0.5_wt_CeCl3_and_2.0_wt_SmCl3_and_1.5_wt_FeCl2.csv
 -> Network failure: HTTPSConnectionPool(host='physics.nist.gov', port=443): Read timed out.
[Run 6034/560000] ⚠️ No spectral lines or server fetch failed: nist_libs_0.5_wt_CeCl3_and_2.0_wt_SmCl3_and_2.0_wt_FeCl2.csv
 -> Network failure: HTTPSConnectionPool(host='physics.nist.gov', port=443): Read timed out.
[Run 6035/560000] ⚠️ No spectral lines or server fetch failed: nist_libs_0.5_wt_CeCl3_and_2.0_wt_SmCl3_and_2.5_wt_FeCl2.csv
 -> Network failure: HTTPSConnectionPool(host='physics.nist.gov', port=443): Read timed out.
 -> Network failure: HTTPSConnectionPool(host='physics.nist.gov', port=443): Read timed out.
[Run 6036/560000] ⚠️ No spectral lines or server fetch failed: nist_libs_0.5_wt_CeCl3_and_2.0_wt_SmCl3_and_3.0_wt_FeCl2.csv
[Run 6037/560000] ⚠️ No spectral lines or server fetch failed: nist_libs_0.5_wt_CeCl3_and_2.0_wt_SmCl3_and_3.5_wt_FeCl2.csv
 -> Network failure: HTTPSConnectionPool(host='physics.nist.gov', port=443): Read timed out.
[Run 6038/560000] ⚠️ No spectral lines or server fetch failed: nist_libs_0.5_wt_CeCl3_and_2.0_wt_SmCl3_and_4.0_wt_FeCl2.csv
 -> Network failure: HTTPSConnectionPool(host='physics.nist.gov', port=443): Read timed out.
[Run 6039/560000] ⚠️ No spectral lines or server fetch failed: nist_libs_0.5_wt_CeCl3_and_2.0_wt_SmCl3_and_4.5_wt_FeCl2.csv
 -> Network failure: HTTPSConnectionPool(host='physics.nist.gov', port=443): Read timed out.
[Run 6040/560000] ⚠️ No spectral lines or server fetch failed: nist_libs_0.5_wt_CeCl3_and_2.0_wt_SmCl3_and_5.0_wt_FeCl2.csv
 -> Network failure: HTTPSConnectionPool(host='physics.nist.gov', port=443): Read timed out.
[Run 6041/560000] ⚠️ No spectral lines or server fetch failed: nist_libs_0.5_wt_CeCl3_and_2.5_wt_SmCl3_and_0.5_wt_FeCl2.csv
 -> Network failure: HTTPSConnectionPool(host='physics.nist.gov', port=443): Read timed out.
[Run 6042/560000] ⚠️ No spectral lines or server fetch failed: nist_libs_0.5_wt_CeCl3_and_2.5_wt_SmCl3_and_1.0_wt_FeCl2.csv
 -> Network failure: HTTPSConnectionPool(host='physics.nist.gov', port=443): Read timed out.
[Run 6043/560000] ⚠️ No spectral lines or server fetch failed: nist_libs_0.5_wt_CeCl3_and_2.5_wt_SmCl3_and_1.5_wt_FeCl2.csv
 -> Network failure: HTTPSConnectionPool(host='physics.nist.gov', port=443): Read timed out.
[Run 6044/560000] ⚠️ No spectral lines or server fetch failed: nist_libs_0.5_wt_CeCl3_and_2.5_wt_SmCl3_and_2.0_wt_FeCl2.csv
 -> Network failure: HTTPSConnectionPool(host='physics.nist.gov', port=443): Read timed out.
[Run 6045/560000] ⚠️ No spectral lines or server fetch failed: nist_libs_0.5_wt_CeCl3_and_2.5_wt_SmCl3_and_2.5_wt_FeCl2.csv
 -> Network failure: HTTPSConnectionPool(host='physics.nist.gov', port=443): Read timed out.
[Run 6046/560000] ⚠️ No spectral lines or server fetch failed: nist_libs_0.5_wt_CeCl3_and_2.5_wt_SmCl3_and_3.0_wt_FeCl2.csv
[Run 6047/560000] ✅ Saved: nist_libs_0.5_wt_CeCl3_and_2.5_wt_SmCl3_and_3.5_wt_FeCl2.csv
[Run 6048/560000] ✅ Saved: nist_libs_0.5_wt_CeCl3_and_2.5_wt_SmCl3_and_4.0_wt_FeCl2.csv
[Run 6050/560000] ✅ Saved: nist_libs_0.5_wt_CeCl3_and_2.5_wt_SmCl3_and_5.0_wt_FeCl2.csv
[Run 6049/560000] ✅ Saved: nist_libs_0.5_wt_CeCl3_and_2.5_wt_SmCl3_and_4.5_wt_FeCl2.csv
[Run 6051/560000] ✅ Saved: nist_libs_0.5_wt_CeCl3_and_3.0_wt_SmCl3_and_0.5_wt_FeCl2.csv
[Run 6052/560000] ✅ Saved: nist_libs_0.5_wt_CeCl3_and_3.0_wt_SmCl3_and_1.0_wt_FeCl2.csv
[Run 6053/560000] ✅ Saved: nist_libs_0.5_wt_CeCl3_and_3.0_wt_SmCl3_and_1.5_wt_FeCl2.csv
[Run 6054/560000] ✅ Saved: nist_libs_0.5_wt_CeCl3_and_3.0_wt_SmCl3_and_2.0_wt_FeCl2.csv
[Run 6055/560000] ✅ Saved: nist_libs_0.5_wt_CeCl3_and_3.0_wt_SmCl3_and_2.5_wt_FeCl2.csv
 -> Network failure: HTTPSConnectionPool(host='physics.nist.gov', port=443): Read timed out.
[Run 6056/560000] ⚠️ No spectral lines or server fetch failed: nist_libs_0.5_wt_CeCl3_and_3.0_wt_SmCl3_and_3.0_wt_FeCl2.csv
 -> Network failure: HTTPSConnectionPool(host='physics.nist.gov', port=443): Read timed out.
[Run 6057/560000] ⚠️ No spectral lines or server fetch failed: nist_libs_0.5_wt_CeCl3_and_3.0_wt_SmCl3_and_3.5_wt_FeCl2.csv
 -> Network failure: HTTPSConnectionPool(host='physics.nist.gov', port=443): Read timed out.
[Run 6058/560000] ⚠️ No spectral lines or server fetch failed: nist_libs_0.5_wt_CeCl3_and_3.0_wt_SmCl3_and_4.0_wt_FeCl2.csv
 -> Network failure: HTTPSConnectionPool(host='physics.nist.gov', port=443): Read timed out.
[Run 6059/560000] ⚠️ No spectral lines or server fetch failed: nist_libs_0.5_wt_CeCl3_and_3.0_wt_SmCl3_and_4.5_wt_FeCl2.csv
 -> Network failure: HTTPSConnectionPool(host='physics.nist.gov', port=443): Read timed out.
[Run 6060/560000] ⚠️ No spectral lines or server fetch failed: nist_libs_0.5_wt_CeCl3_and_3.0_wt_SmCl3_and_5.0_wt_FeCl2.csv
 -> Network failure: HTTPSConnectionPool(host='physics.nist.gov', port=443): Read timed out.
[Run 6061/560000] ⚠️ No spectral lines or server fetch failed: nist_libs_0.5_wt_CeCl3_and_3.5_wt_SmCl3_and_0.5_wt_FeCl2.csv
 -> Network failure: HTTPSConnectionPool(host='physics.nist.gov', port=443): Read timed out.
[Run 6062/560000] ⚠️ No spectral lines or server fetch failed: nist_libs_0.5_wt_CeCl3_and_3.5_wt_SmCl3_and_1.0_wt_FeCl2.csv
 -> Network failure: HTTPSConnectionPool(host='physics.nist.gov', port=443): Read timed out.
[Run 6063/560000] ⚠️ No spectral lines or server fetch failed: nist_libs_0.5_wt_CeCl3_and_3.5_wt_SmCl3_and_1.5_wt_FeCl2.csv
 -> Network failure: HTTPSConnectionPool(host='physics.nist.gov', port=443): Read timed out.
[Run 6064/560000] ⚠️ No spectral lines or server fetch failed: nist_libs_0.5_wt_CeCl3_and_3.5_wt_SmCl3_and_2.0_wt_FeCl2.csv
 -> Network failure: HTTPSConnectionPool(host='physics.nist.gov', port=443): Read timed out.
[Run 6065/560000] ⚠️ No spectral lines or server fetch failed: nist_libs_0.5_wt_CeCl3_and_3.5_wt_SmCl3_and_2.5_wt_FeCl2.csv
 -> Network failure: HTTPSConnectionPool(host='physics.nist.gov', port=443): Read timed out.
[Run 6066/560000] ⚠️ No spectral lines or server fetch failed: nist_libs_0.5_wt_CeCl3_and_3.5_wt_SmCl3_and_3.0_wt_FeCl2.csv
 -> Network failure: HTTPSConnectionPool(host='physics.nist.gov', port=443): Read timed out.
[Run 6067/560000] ⚠️ No spectral lines or server fetch failed: nist_libs_0.5_wt_CeCl3_and_3.5_wt_SmCl3_and_3.5_wt_FeCl2.csv
 -> Network failure: HTTPSConnectionPool(host='physics.nist.gov', port=443): Read timed out.
[Run 6068/560000] ⚠️ No spectral lines or server fetch failed: nist_libs_0.5_wt_CeCl3_and_3.5_wt_SmCl3_and_4.0_wt_FeCl2.csv
 -> Network failure: HTTPSConnectionPool(host='physics.nist.gov', port=443): Read timed out.
 -> Network failure: HTTPSConnectionPool(host='physics.nist.gov', port=443): Read timed out.
[Run 6069/560000] ⚠️ No spectral lines or server fetch failed: nist_libs_0.5_wt_CeCl3_and_3.5_wt_SmCl3_and_4.5_wt_FeCl2.csv
[Run 6070/560000] ⚠️ No spectral lines or server fetch failed: nist_libs_0.5_wt_CeCl3_and_3.5_wt_SmCl3_and_5.0_wt_FeCl2.csv
 -> Network failure: HTTPSConnectionPool(host='physics.nist.gov', port=443): Read timed out.
[Run 6071/560000] ⚠️ No spectral lines or server fetch failed: nist_libs_0.5_wt_CeCl3_and_4.0_wt_SmCl3_and_0.5_wt_FeCl2.csv
 -> Network failure: HTTPSConnectionPool(host='physics.nist.gov', port=443): Read timed out.
[Run 6072/560000] ⚠️ No spectral lines or server fetch failed: nist_libs_0.5_wt_CeCl3_and_4.0_wt_SmCl3_and_1.0_wt_FeCl2.csv
 -> Network failure: HTTPSConnectionPool(host='physics.nist.gov', port=443): Read timed out.
 -> Network failure: HTTPSConnectionPool(host='physics.nist.gov', port=443): Read timed out.
[Run 6073/560000] ⚠️ No spectral lines or server fetch failed: nist_libs_0.5_wt_CeCl3_and_4.0_wt_SmCl3_and_1.5_wt_FeCl2.csv
[Run 6074/560000] ⚠️ No spectral lines or server fetch failed: nist_libs_0.5_wt_CeCl3_and_4.0_wt_SmCl3_and_2.0_wt_FeCl2.csv
 -> Network failure: HTTPSConnectionPool(host='physics.nist.gov', port=443): Read timed out.
[Run 6075/560000] ⚠️ No spectral lines or server fetch failed: nist_libs_0.5_wt_CeCl3_and_4.0_wt_SmCl3_and_2.5_wt_FeCl2.csv
 -> Network failure: HTTPSConnectionPool(host='physics.nist.gov', port=443): Read timed out.
[Run 6076/560000] ⚠️ No spectral lines or server fetch failed: nist_libs_0.5_wt_CeCl3_and_4.0_wt_SmCl3_and_3.0_wt_FeCl2.csv
 -> Network failure: HTTPSConnectionPool(host='physics.nist.gov', port=443): Read timed out.
 -> Network failure: HTTPSConnectionPool(host='physics.nist.gov', port=443): Read timed out.
[Run 6077/560000] ⚠️ No spectral lines or server fetch failed: nist_libs_0.5_wt_CeCl3_and_4.0_wt_SmCl3_and_3.5_wt_FeCl2.csv
[Run 6078/560000] ⚠️ No spectral lines or server fetch failed: nist_libs_0.5_wt_CeCl3_and_4.0_wt_SmCl3_and_4.0_wt_FeCl2.csv
 -> Network failure: HTTPSConnectionPool(host='physics.nist.gov', port=443): Read timed out.
[Run 6079/560000] ⚠️ No spectral lines or server fetch failed: nist_libs_0.5_wt_CeCl3_and_4.0_wt_SmCl3_and_4.5_wt_FeCl2.csv
 -> Network failure: HTTPSConnectionPool(host='physics.nist.gov', port=443): Read timed out.
[Run 6080/560000] ⚠️ No spectral lines or server fetch failed: nist_libs_0.5_wt_CeCl3_and_4.0_wt_SmCl3_and_5.0_wt_FeCl2.csv
 -> Network failure: HTTPSConnectionPool(host='physics.nist.gov', port=443): Read timed out.
 -> Network failure: HTTPSConnectionPool(host='physics.nist.gov', port=443): Read timed out.
[Run 6081/560000] ⚠️ No spectral lines or server fetch failed: nist_libs_0.5_wt_CeCl3_and_4.5_wt_SmCl3_and_0.5_wt_FeCl2.csv
[Run 6082/560000] ⚠️ No spectral lines or server fetch failed: nist_libs_0.5_wt_CeCl3_and_4.5_wt_SmCl3_and_1.0_wt_FeCl2.csv
 -> Network failure: HTTPSConnectionPool(host='physics.nist.gov', port=443): Read timed out.
[Run 6083/560000] ⚠️ No spectral lines or server fetch failed: nist_libs_0.5_wt_CeCl3_and_4.5_wt_SmCl3_and_1.5_wt_FeCl2.csv
 -> Network failure: HTTPSConnectionPool(host='physics.nist.gov', port=443): Read timed out.
[Run 6084/560000] ⚠️ No spectral lines or server fetch failed: nist_libs_0.5_wt_CeCl3_and_4.5_wt_SmCl3_and_2.0_wt_FeCl2.csv
[Run 6086/560000] ✅ Saved: nist_libs_0.5_wt_CeCl3_and_4.5_wt_SmCl3_and_3.0_wt_FeCl2.csv
[Run 6085/560000] ✅ Saved: nist_libs_0.5_wt_CeCl3_and_4.5_wt_SmCl3_and_2.5_wt_FeCl2.csv
[Run 6087/560000] ✅ Saved: nist_libs_0.5_wt_CeCl3_and_4.5_wt_SmCl3_and_3.5_wt_FeCl2.csv
[Run 6088/560000] ✅ Saved: nist_libs_0.5_wt_CeCl3_and_4.5_wt_SmCl3_and_4.0_wt_FeCl2.csv
[Run 6089/560000] ✅ Saved: nist_libs_0.5_wt_CeCl3_and_4.5_wt_SmCl3_and_4.5_wt_FeCl2.csv
[Run 6091/560000] ✅ Saved: nist_libs_0.5_wt_CeCl3_and_5.0_wt_SmCl3_and_0.5_wt_FeCl2.csv
[Run 6090/560000] ✅ Saved: nist_libs_0.5_wt_CeCl3_and_4.5_wt_SmCl3_and_5.0_wt_FeCl2.csv
[Run 6092/560000] ✅ Saved: nist_libs_0.5_wt_CeCl3_and_5.0_wt_SmCl3_and_1.0_wt_FeCl2.csv
[Run 6093/560000] ✅ Saved: nist_libs_0.5_wt_CeCl3_and_5.0_wt_SmCl3_and_1.5_wt_FeCl2.csv
 -> Network failure: HTTPSConnectionPool(host='physics.nist.gov', port=443): Read timed out.
 -> Network failure: HTTPSConnectionPool(host='physics.nist.gov', port=443): Read timed out.
[Run 6095/560000] ⚠️ No spectral lines or server fetch failed: nist_libs_0.5_wt_CeCl3_and_5.0_wt_SmCl3_and_2.5_wt_FeCl2.csv
[Run 6096/560000] ⚠️ No spectral lines or server fetch failed: nist_libs_0.5_wt_CeCl3_and_5.0_wt_SmCl3_and_3.0_wt_FeCl2.csv
[Run 6094/560000] ✅ Saved: nist_libs_0.5_wt_CeCl3_and_5.0_wt_SmCl3_and_2.0_wt_FeCl2.csv
[Run 6097/560000] ✅ Saved: nist_libs_0.5_wt_CeCl3_and_5.0_wt_SmCl3_and_3.5_wt_FeCl2.csv
 -> Network failure: HTTPSConnectionPool(host='physics.nist.gov', port=443): Read timed out.
 -> Network failure: HTTPSConnectionPool(host='physics.nist.gov', port=443): Read timed out.
[Run 6099/560000] ⚠️ No spectral lines or server fetch failed: nist_libs_0.5_wt_CeCl3_and_5.0_wt_SmCl3_and_4.5_wt_FeCl2.csv
[Run 6098/560000] ⚠️ No spectral lines or server fetch failed: nist_libs_0.5_wt_CeCl3_and_5.0_wt_SmCl3_and_4.0_wt_FeCl2.csv
 -> Network failure: HTTPSConnectionPool(host='physics.nist.gov', port=443): Read timed out.
[Run 6100/560000] ⚠️ No spectral lines or server fetch failed: nist_libs_0.5_wt_CeCl3_and_5.0_wt_SmCl3_and_5.0_wt_FeCl2.csv
 -> Network failure: HTTPSConnectionPool(host='physics.nist.gov', port=443): Read timed out.
[Run 6101/560000] ⚠️ No spectral lines or server fetch failed: nist_libs_1.0_wt_CeCl3_and_0.5_wt_SmCl3_and_0.5_wt_FeCl2.csv
 -> Network failure: HTTPSConnectionPool(host='physics.nist.gov', port=443): Read timed out.
 -> Network failure: HTTPSConnectionPool(host='physics.nist.gov', port=443): Read timed out.
[Run 6102/560000] ⚠️ No spectral lines or server fetch failed: nist_libs_1.0_wt_CeCl3_and_0.5_wt_SmCl3_and_1.0_wt_FeCl2.csv
[Run 6103/560000] ⚠️ No spectral lines or server fetch failed: nist_libs_1.0_wt_CeCl3_and_0.5_wt_SmCl3_and_1.5_wt_FeCl2.csv
 -> Network failure: HTTPSConnectionPool(host='physics.nist.gov', port=443): Read timed out.
[Run 6104/560000] ⚠️ No spectral lines or server fetch failed: nist_libs_1.0_wt_CeCl3_and_0.5_wt_SmCl3_and_2.0_wt_FeCl2.csv
 -> Network failure: HTTPSConnectionPool(host='physics.nist.gov', port=443): Read timed out.
[Run 6105/560000] ⚠️ No spectral lines or server fetch failed: nist_libs_1.0_wt_CeCl3_and_0.5_wt_SmCl3_and_2.5_wt_FeCl2.csv
 -> Network failure: HTTPSConnectionPool(host='physics.nist.gov', port=443): Read timed out.
 -> Network failure: HTTPSConnectionPool(host='physics.nist.gov', port=443): Read timed out.
[Run 6106/560000] ⚠️ No spectral lines or server fetch failed: nist_libs_1.0_wt_CeCl3_and_0.5_wt_SmCl3_and_3.0_wt_FeCl2.csv
[Run 6107/560000] ⚠️ No spectral lines or server fetch failed: nist_libs_1.0_wt_CeCl3_and_0.5_wt_SmCl3_and_3.5_wt_FeCl2.csv
 -> Network failure: HTTPSConnectionPool(host='physics.nist.gov', port=443): Read timed out.
[Run 6108/560000] ⚠️ No spectral lines or server fetch failed: nist_libs_1.0_wt_CeCl3_and_0.5_wt_SmCl3_and_4.0_wt_FeCl2.csv
 -> Network failure: HTTPSConnectionPool(host='physics.nist.gov', port=443): Read timed out.
[Run 6109/560000] ⚠️ No spectral lines or server fetch failed: nist_libs_1.0_wt_CeCl3_and_0.5_wt_SmCl3_and_4.5_wt_FeCl2.csv
 -> Network failure: HTTPSConnectionPool(host='physics.nist.gov', port=443): Read timed out.
[Run 6110/560000] ⚠️ No spectral lines or server fetch failed: nist_libs_1.0_wt_CeCl3_and_0.5_wt_SmCl3_and_5.0_wt_FeCl2.csv
 -> Network failure: HTTPSConnectionPool(host='physics.nist.gov', port=443): Read timed out.
[Run 6111/560000] ⚠️ No spectral lines or server fetch failed: nist_libs_1.0_wt_CeCl3_and_1.0_wt_SmCl3_and_0.5_wt_FeCl2.csv
 -> Network failure: HTTPSConnectionPool(host='physics.nist.gov', port=443): Read timed out.
[Run 6112/560000] ⚠️ No spectral lines or server fetch failed: nist_libs_1.0_wt_CeCl3_and_1.0_wt_SmCl3_and_1.0_wt_FeCl2.csv
 -> Network failure: HTTPSConnectionPool(host='physics.nist.gov', port=443): Read timed out.
[Run 6113/560000] ⚠️ No spectral lines or server fetch failed: nist_libs_1.0_wt_CeCl3_and_1.0_wt_SmCl3_and_1.5_wt_FeCl2.csv
 -> Network failure: HTTPSConnectionPool(host='physics.nist.gov', port=443): Read timed out.
[Run 6114/560000] ⚠️ No spectral lines or server fetch failed: nist_libs_1.0_wt_CeCl3_and_1.0_wt_SmCl3_and_2.0_wt_FeCl2.csv
 -> Network failure: HTTPSConnectionPool(host='physics.nist.gov', port=443): Read timed out.
 -> Network failure: HTTPSConnectionPool(host='physics.nist.gov', port=443): Read timed out.
[Run 6116/560000] ⚠️ No spectral lines or server fetch failed: nist_libs_1.0_wt_CeCl3_and_1.0_wt_SmCl3_and_3.0_wt_FeCl2.csv
[Run 6115/560000] ⚠️ No spectral lines or server fetch failed: nist_libs_1.0_wt_CeCl3_and_1.0_wt_SmCl3_and_2.5_wt_FeCl2.csv
 -> Network failure: HTTPSConnectionPool(host='physics.nist.gov', port=443): Read timed out.
[Run 6117/560000] ⚠️ No spectral lines or server fetch failed: nist_libs_1.0_wt_CeCl3_and_1.0_wt_SmCl3_and_3.5_wt_FeCl2.csv
 -> Network failure: HTTPSConnectionPool(host='physics.nist.gov', port=443): Read timed out.
[Run 6118/560000] ⚠️ No spectral lines or server fetch failed: nist_libs_1.0_wt_CeCl3_and_1.0_wt_SmCl3_and_4.0_wt_FeCl2.csv
 -> Network failure: HTTPSConnectionPool(host='physics.nist.gov', port=443): Read timed out.
 -> Network failure: HTTPSConnectionPool(host='physics.nist.gov', port=443): Read timed out.
[Run 6119/560000] ⚠️ No spectral lines or server fetch failed: nist_libs_1.0_wt_CeCl3_and_1.0_wt_SmCl3_and_4.5_wt_FeCl2.csv
[Run 6120/560000] ⚠️ No spectral lines or server fetch failed: nist_libs_1.0_wt_CeCl3_and_1.0_wt_SmCl3_and_5.0_wt_FeCl2.csv
[Run 6121/560000] ✅ Saved: nist_libs_1.0_wt_CeCl3_and_1.5_wt_SmCl3_and_0.5_wt_FeCl2.csv
[Run 6122/560000] ✅ Saved: nist_libs_1.0_wt_CeCl3_and_1.5_wt_SmCl3_and_1.0_wt_FeCl2.csv
[Run 6124/560000] ✅ Saved: nist_libs_1.0_wt_CeCl3_and_1.5_wt_SmCl3_and_2.0_wt_FeCl2.csv
[Run 6123/560000] ✅ Saved: nist_libs_1.0_wt_CeCl3_and_1.5_wt_SmCl3_and_1.5_wt_FeCl2.csv
[Run 6125/560000] ✅ Saved: nist_libs_1.0_wt_CeCl3_and_1.5_wt_SmCl3_and_2.5_wt_FeCl2.csv
[Run 6126/560000] ✅ Saved: nist_libs_1.0_wt_CeCl3_and_1.5_wt_SmCl3_and_3.0_wt_FeCl2.csv
[Run 6127/560000] ✅ Saved: nist_libs_1.0_wt_CeCl3_and_1.5_wt_SmCl3_and_3.5_wt_FeCl2.csv
[Run 6128/560000] ✅ Saved: nist_libs_1.0_wt_CeCl3_and_1.5_wt_SmCl3_and_4.0_wt_FeCl2.csv
[Run 6129/560000] ✅ Saved: nist_libs_1.0_wt_CeCl3_and_1.5_wt_SmCl3_and_4.5_wt_FeCl2.csv
[Run 6130/560000] ✅ Saved: nist_libs_1.0_wt_CeCl3_and_1.5_wt_SmCl3_and_5.0_wt_FeCl2.csv
[Run 6131/560000] ✅ Saved: nist_libs_1.0_wt_CeCl3_and_2.0_wt_SmCl3_and_0.5_wt_FeCl2.csv
[Run 6132/560000] ✅ Saved: nist_libs_1.0_wt_CeCl3_and_2.0_wt_SmCl3_and_1.0_wt_FeCl2.csv
[Run 6133/560000] ✅ Saved: nist_libs_1.0_wt_CeCl3_and_2.0_wt_SmCl3_and_1.5_wt_FeCl2.csv
[Run 6134/560000] ✅ Saved: nist_libs_1.0_wt_CeCl3_and_2.0_wt_SmCl3_and_2.0_wt_FeCl2.csv
 -> Network failure: HTTPSConnectionPool(host='physics.nist.gov', port=443): Read timed out.
[Run 6136/560000] ⚠️ No spectral lines or server fetch failed: nist_libs_1.0_wt_CeCl3_and_2.0_wt_SmCl3_and_3.0_wt_FeCl2.csv
 -> Network failure: HTTPSConnectionPool(host='physics.nist.gov', port=443): Read timed out.
[Run 6137/560000] ⚠️ No spectral lines or server fetch failed: nist_libs_1.0_wt_CeCl3_and_2.0_wt_SmCl3_and_3.5_wt_FeCl2.csv
[Run 6135/560000] ✅ Saved: nist_libs_1.0_wt_CeCl3_and_2.0_wt_SmCl3_and_2.5_wt_FeCl2.csv
[Run 6138/560000] ✅ Saved: nist_libs_1.0_wt_CeCl3_and_2.0_wt_SmCl3_and_4.0_wt_FeCl2.csv
 -> Network failure: HTTPSConnectionPool(host='physics.nist.gov', port=443): Read timed out.
 -> Network failure: HTTPSConnectionPool(host='physics.nist.gov', port=443): Read timed out.
[Run 6139/560000] ⚠️ No spectral lines or server fetch failed: nist_libs_1.0_wt_CeCl3_and_2.0_wt_SmCl3_and_4.5_wt_FeCl2.csv
[Run 6140/560000] ⚠️ No spectral lines or server fetch failed: nist_libs_1.0_wt_CeCl3_and_2.0_wt_SmCl3_and_5.0_wt_FeCl2.csv
 -> Network failure: HTTPSConnectionPool(host='physics.nist.gov', port=443): Read timed out.
[Run 6141/560000] ⚠️ No spectral lines or server fetch failed: nist_libs_1.0_wt_CeCl3_and_2.5_wt_SmCl3_and_0.5_wt_FeCl2.csv
 -> Network failure: HTTPSConnectionPool(host='physics.nist.gov', port=443): Read timed out.
[Run 6142/560000] ⚠️ No spectral lines or server fetch failed: nist_libs_1.0_wt_CeCl3_and_2.5_wt_SmCl3_and_1.0_wt_FeCl2.csv
 -> Network failure: HTTPSConnectionPool(host='physics.nist.gov', port=443): Read timed out.
 -> Network failure: HTTPSConnectionPool(host='physics.nist.gov', port=443): Read timed out.
[Run 6143/560000] ⚠️ No spectral lines or server fetch failed: nist_libs_1.0_wt_CeCl3_and_2.5_wt_SmCl3_and_1.5_wt_FeCl2.csv
[Run 6144/560000] ⚠️ No spectral lines or server fetch failed: nist_libs_1.0_wt_CeCl3_and_2.5_wt_SmCl3_and_2.0_wt_FeCl2.csv
 -> Network failure: HTTPSConnectionPool(host='physics.nist.gov', port=443): Read timed out.
[Run 6145/560000] ⚠️ No spectral lines or server fetch failed: nist_libs_1.0_wt_CeCl3_and_2.5_wt_SmCl3_and_2.5_wt_FeCl2.csv
 -> Network failure: HTTPSConnectionPool(host='physics.nist.gov', port=443): Read timed out.
[Run 6146/560000] ⚠️ No spectral lines or server fetch failed: nist_libs_1.0_wt_CeCl3_and_2.5_wt_SmCl3_and_3.0_wt_FeCl2.csv
 -> Network failure: HTTPSConnectionPool(host='physics.nist.gov', port=443): Read timed out.
 -> Network failure: HTTPSConnectionPool(host='physics.nist.gov', port=443): Read timed out.
[Run 6147/560000] ⚠️ No spectral lines or server fetch failed: nist_libs_1.0_wt_CeCl3_and_2.5_wt_SmCl3_and_3.5_wt_FeCl2.csv
[Run 6148/560000] ⚠️ No spectral lines or server fetch failed: nist_libs_1.0_wt_CeCl3_and_2.5_wt_SmCl3_and_4.0_wt_FeCl2.csv
 -> Network failure: HTTPSConnectionPool(host='physics.nist.gov', port=443): Read timed out.
[Run 6149/560000] ⚠️ No spectral lines or server fetch failed: nist_libs_1.0_wt_CeCl3_and_2.5_wt_SmCl3_and_4.5_wt_FeCl2.csv
 -> Network failure: HTTPSConnectionPool(host='physics.nist.gov', port=443): Read timed out.
[Run 6150/560000] ⚠️ No spectral lines or server fetch failed: nist_libs_1.0_wt_CeCl3_and_2.5_wt_SmCl3_and_5.0_wt_FeCl2.csv
 -> Network failure: HTTPSConnectionPool(host='physics.nist.gov', port=443): Read timed out.
[Run 6151/560000] ⚠️ No spectral lines or server fetch failed: nist_libs_1.0_wt_CeCl3_and_3.0_wt_SmCl3_and_0.5_wt_FeCl2.csv
 -> Network failure: HTTPSConnectionPool(host='physics.nist.gov', port=443): Read timed out.
[Run 6152/560000] ⚠️ No spectral lines or server fetch failed: nist_libs_1.0_wt_CeCl3_and_3.0_wt_SmCl3_and_1.0_wt_FeCl2.csv
 -> Network failure: HTTPSConnectionPool(host='physics.nist.gov', port=443): Read timed out.
[Run 6153/560000] ⚠️ No spectral lines or server fetch failed: nist_libs_1.0_wt_CeCl3_and_3.0_wt_SmCl3_and_1.5_wt_FeCl2.csv
 -> Network failure: HTTPSConnectionPool(host='physics.nist.gov', port=443): Read timed out.
[Run 6154/560000] ⚠️ No spectral lines or server fetch failed: nist_libs_1.0_wt_CeCl3_and_3.0_wt_SmCl3_and_2.0_wt_FeCl2.csv
 -> Network failure: HTTPSConnectionPool(host='physics.nist.gov', port=443): Read timed out.
[Run 6155/560000] ⚠️ No spectral lines or server fetch failed: nist_libs_1.0_wt_CeCl3_and_3.0_wt_SmCl3_and_2.5_wt_FeCl2.csv
 -> Network failure: HTTPSConnectionPool(host='physics.nist.gov', port=443): Read timed out.
[Run 6156/560000] ⚠️ No spectral lines or server fetch failed: nist_libs_1.0_wt_CeCl3_and_3.0_wt_SmCl3_and_3.0_wt_FeCl2.csv
 -> Network failure: HTTPSConnectionPool(host='physics.nist.gov', port=443): Read timed out.
[Run 6157/560000] ⚠️ No spectral lines or server fetch failed: nist_libs_1.0_wt_CeCl3_and_3.0_wt_SmCl3_and_3.5_wt_FeCl2.csv
 -> Network failure: HTTPSConnectionPool(host='physics.nist.gov', port=443): Read timed out.
[Run 6158/560000] ⚠️ No spectral lines or server fetch failed: nist_libs_1.0_wt_CeCl3_and_3.0_wt_SmCl3_and_4.0_wt_FeCl2.csv
 -> Network failure: HTTPSConnectionPool(host='physics.nist.gov', port=443): Read timed out.
[Run 6159/560000] ⚠️ No spectral lines or server fetch failed: nist_libs_1.0_wt_CeCl3_and_3.0_wt_SmCl3_and_4.5_wt_FeCl2.csv
 -> Network failure: HTTPSConnectionPool(host='physics.nist.gov', port=443): Read timed out.
[Run 6160/560000] ⚠️ No spectral lines or server fetch failed: nist_libs_1.0_wt_CeCl3_and_3.0_wt_SmCl3_and_5.0_wt_FeCl2.csv
 -> Network failure: HTTPSConnectionPool(host='physics.nist.gov', port=443): Read timed out.
[Run 6161/560000] ⚠️ No spectral lines or server fetch failed: nist_libs_1.0_wt_CeCl3_and_3.5_wt_SmCl3_and_0.5_wt_FeCl2.csv
[Run 6162/560000] ✅ Saved: nist_libs_1.0_wt_CeCl3_and_3.5_wt_SmCl3_and_1.0_wt_FeCl2.csv
[Run 6163/560000] ✅ Saved: nist_libs_1.0_wt_CeCl3_and_3.5_wt_SmCl3_and_1.5_wt_FeCl2.csv
[Run 6164/560000] ✅ Saved: nist_libs_1.0_wt_CeCl3_and_3.5_wt_SmCl3_and_2.0_wt_FeCl2.csv
[Run 6165/560000] ✅ Saved: nist_libs_1.0_wt_CeCl3_and_3.5_wt_SmCl3_and_2.5_wt_FeCl2.csv
[Run 6166/560000] ✅ Saved: nist_libs_1.0_wt_CeCl3_and_3.5_wt_SmCl3_and_3.0_wt_FeCl2.csv
[Run 6167/560000] ✅ Saved: nist_libs_1.0_wt_CeCl3_and_3.5_wt_SmCl3_and_3.5_wt_FeCl2.csv
[Run 6168/560000] ✅ Saved: nist_libs_1.0_wt_CeCl3_and_3.5_wt_SmCl3_and_4.0_wt_FeCl2.csv
[Run 6169/560000] ✅ Saved: nist_libs_1.0_wt_CeCl3_and_3.5_wt_SmCl3_and_4.5_wt_FeCl2.csv
[Run 6170/560000] ✅ Saved: nist_libs_1.0_wt_CeCl3_and_3.5_wt_SmCl3_and_5.0_wt_FeCl2.csv
[Run 6171/560000] ✅ Saved: nist_libs_1.0_wt_CeCl3_and_4.0_wt_SmCl3_and_0.5_wt_FeCl2.csv
[Run 6173/560000] ✅ Saved: nist_libs_1.0_wt_CeCl3_and_4.0_wt_SmCl3_and_1.5_wt_FeCl2.csv
[Run 6172/560000] ✅ Saved: nist_libs_1.0_wt_CeCl3_and_4.0_wt_SmCl3_and_1.0_wt_FeCl2.csv
[Run 6174/560000] ✅ Saved: nist_libs_1.0_wt_CeCl3_and_4.0_wt_SmCl3_and_2.0_wt_FeCl2.csv
[Run 6175/560000] ✅ Saved: nist_libs_1.0_wt_CeCl3_and_4.0_wt_SmCl3_and_2.5_wt_FeCl2.csv
 -> Network failure: HTTPSConnectionPool(host='physics.nist.gov', port=443): Read timed out.
 -> Network failure: HTTPSConnectionPool(host='physics.nist.gov', port=443): Read timed out.
[Run 6176/560000] ⚠️ No spectral lines or server fetch failed: nist_libs_1.0_wt_CeCl3_and_4.0_wt_SmCl3_and_3.0_wt_FeCl2.csv
[Run 6177/560000] ⚠️ No spectral lines or server fetch failed: nist_libs_1.0_wt_CeCl3_and_4.0_wt_SmCl3_and_3.5_wt_FeCl2.csv
 -> Network failure: HTTPSConnectionPool(host='physics.nist.gov', port=443): Read timed out.
[Run 6178/560000] ⚠️ No spectral lines or server fetch failed: nist_libs_1.0_wt_CeCl3_and_4.0_wt_SmCl3_and_4.0_wt_FeCl2.csv
 -> Network failure: HTTPSConnectionPool(host='physics.nist.gov', port=443): Read timed out.
[Run 6179/560000] ⚠️ No spectral lines or server fetch failed: nist_libs_1.0_wt_CeCl3_and_4.0_wt_SmCl3_and_4.5_wt_FeCl2.csv
 -> Network failure: HTTPSConnectionPool(host='physics.nist.gov', port=443): Read timed out.
[Run 6181/560000] ⚠️ No spectral lines or server fetch failed: nist_libs_1.0_wt_CeCl3_and_4.5_wt_SmCl3_and_0.5_wt_FeCl2.csv
 -> Network failure: HTTPSConnectionPool(host='physics.nist.gov', port=443): Read timed out.
[Run 6180/560000] ⚠️ No spectral lines or server fetch failed: nist_libs_1.0_wt_CeCl3_and_4.0_wt_SmCl3_and_5.0_wt_FeCl2.csv
 -> Network failure: HTTPSConnectionPool(host='physics.nist.gov', port=443): Read timed out.
[Run 6182/560000] ⚠️ No spectral lines or server fetch failed: nist_libs_1.0_wt_CeCl3_and_4.5_wt_SmCl3_and_1.0_wt_FeCl2.csv
 -> Network failure: HTTPSConnectionPool(host='physics.nist.gov', port=443): Read timed out.
[Run 6183/560000] ⚠️ No spectral lines or server fetch failed: nist_libs_1.0_wt_CeCl3_and_4.5_wt_SmCl3_and_1.5_wt_FeCl2.csv
 -> Network failure: HTTPSConnectionPool(host='physics.nist.gov', port=443): Read timed out.
[Run 6184/560000] ⚠️ No spectral lines or server fetch failed: nist_libs_1.0_wt_CeCl3_and_4.5_wt_SmCl3_and_2.0_wt_FeCl2.csv
 -> Network failure: HTTPSConnectionPool(host='physics.nist.gov', port=443): Read timed out.
[Run 6185/560000] ⚠️ No spectral lines or server fetch failed: nist_libs_1.0_wt_CeCl3_and_4.5_wt_SmCl3_and_2.5_wt_FeCl2.csv
 -> Network failure: HTTPSConnectionPool(host='physics.nist.gov', port=443): Read timed out.
[Run 6186/560000] ⚠️ No spectral lines or server fetch failed: nist_libs_1.0_wt_CeCl3_and_4.5_wt_SmCl3_and_3.0_wt_FeCl2.csv
 -> Network failure: HTTPSConnectionPool(host='physics.nist.gov', port=443): Read timed out.
[Run 6187/560000] ⚠️ No spectral lines or server fetch failed: nist_libs_1.0_wt_CeCl3_and_4.5_wt_SmCl3_and_3.5_wt_FeCl2.csv
 -> Network failure: HTTPSConnectionPool(host='physics.nist.gov', port=443): Read timed out.
[Run 6188/560000] ⚠️ No spectral lines or server fetch failed: nist_libs_1.0_wt_CeCl3_and_4.5_wt_SmCl3_and_4.0_wt_FeCl2.csv
 -> Network failure: HTTPSConnectionPool(host='physics.nist.gov', port=443): Read timed out.
[Run 6189/560000] ⚠️ No spectral lines or server fetch failed: nist_libs_1.0_wt_CeCl3_and_4.5_wt_SmCl3_and_4.5_wt_FeCl2.csv
 -> Network failure: HTTPSConnectionPool(host='physics.nist.gov', port=443): Read timed out.
[Run 6190/560000] ⚠️ No spectral lines or server fetch failed: nist_libs_1.0_wt_CeCl3_and_4.5_wt_SmCl3_and_5.0_wt_FeCl2.csv
 -> Network failure: HTTPSConnectionPool(host='physics.nist.gov', port=443): Read timed out.
[Run 6191/560000] ⚠️ No spectral lines or server fetch failed: nist_libs_1.0_wt_CeCl3_and_5.0_wt_SmCl3_and_0.5_wt_FeCl2.csv
 -> Network failure: HTTPSConnectionPool(host='physics.nist.gov', port=443): Read timed out.
[Run 6192/560000] ⚠️ No spectral lines or server fetch failed: nist_libs_1.0_wt_CeCl3_and_5.0_wt_SmCl3_and_1.0_wt_FeCl2.csv
 -> Network failure: HTTPSConnectionPool(host='physics.nist.gov', port=443): Read timed out.
[Run 6193/560000] ⚠️ No spectral lines or server fetch failed: nist_libs_1.0_wt_CeCl3_and_5.0_wt_SmCl3_and_1.5_wt_FeCl2.csv
 -> Network failure: HTTPSConnectionPool(host='physics.nist.gov', port=443): Read timed out.
[Run 6194/560000] ⚠️ No spectral lines or server fetch failed: nist_libs_1.0_wt_CeCl3_and_5.0_wt_SmCl3_and_2.0_wt_FeCl2.csv
 -> Network failure: HTTPSConnectionPool(host='physics.nist.gov', port=443): Read timed out.
[Run 6195/560000] ⚠️ No spectral lines or server fetch failed: nist_libs_1.0_wt_CeCl3_and_5.0_wt_SmCl3_and_2.5_wt_FeCl2.csv
 -> Network failure: HTTPSConnectionPool(host='physics.nist.gov', port=443): Read timed out.
[Run 6196/560000] ⚠️ No spectral lines or server fetch failed: nist_libs_1.0_wt_CeCl3_and_5.0_wt_SmCl3_and_3.0_wt_FeCl2.csv
 -> Network failure: HTTPSConnectionPool(host='physics.nist.gov', port=443): Read timed out.
[Run 6197/560000] ⚠️ No spectral lines or server fetch failed: nist_libs_1.0_wt_CeCl3_and_5.0_wt_SmCl3_and_3.5_wt_FeCl2.csv
 -> Network failure: HTTPSConnectionPool(host='physics.nist.gov', port=443): Read timed out.
[Run 6198/560000] ⚠️ No spectral lines or server fetch failed: nist_libs_1.0_wt_CeCl3_and_5.0_wt_SmCl3_and_4.0_wt_FeCl2.csv
 -> Network failure: HTTPSConnectionPool(host='physics.nist.gov', port=443): Read timed out.
[Run 6199/560000] ⚠️ No spectral lines or server fetch failed: nist_libs_1.0_wt_CeCl3_and_5.0_wt_SmCl3_and_4.5_wt_FeCl2.csv
 -> Network failure: HTTPSConnectionPool(host='physics.nist.gov', port=443): Read timed out.
[Run 6200/560000] ⚠️ No spectral lines or server fetch failed: nist_libs_1.0_wt_CeCl3_and_5.0_wt_SmCl3_and_5.0_wt_FeCl2.csv
 -> Network failure: HTTPSConnectionPool(host='physics.nist.gov', port=443): Read timed out.
[Run 6201/560000] ⚠️ No spectral lines or server fetch failed: nist_libs_1.5_wt_CeCl3_and_0.5_wt_SmCl3_and_0.5_wt_FeCl2.csv
 -> Network failure: HTTPSConnectionPool(host='physics.nist.gov', port=443): Read timed out.
[Run 6202/560000] ⚠️ No spectral lines or server fetch failed: nist_libs_1.5_wt_CeCl3_and_0.5_wt_SmCl3_and_1.0_wt_FeCl2.csv
 -> Network failure: HTTPSConnectionPool(host='physics.nist.gov', port=443): Read timed out.
[Run 6203/560000] ⚠️ No spectral lines or server fetch failed: nist_libs_1.5_wt_CeCl3_and_0.5_wt_SmCl3_and_1.5_wt_FeCl2.csv
[Run 6204/560000] ✅ Saved: nist_libs_1.5_wt_CeCl3_and_0.5_wt_SmCl3_and_2.0_wt_FeCl2.csv
[Run 6206/560000] ✅ Saved: nist_libs_1.5_wt_CeCl3_and_0.5_wt_SmCl3_and_3.0_wt_FeCl2.csv
[Run 6205/560000] ✅ Saved: nist_libs_1.5_wt_CeCl3_and_0.5_wt_SmCl3_and_2.5_wt_FeCl2.csv
[Run 6207/560000] ✅ Saved: nist_libs_1.5_wt_CeCl3_and_0.5_wt_SmCl3_and_3.5_wt_FeCl2.csv
[Run 6208/560000] ✅ Saved: nist_libs_1.5_wt_CeCl3_and_0.5_wt_SmCl3_and_4.0_wt_FeCl2.csv
[Run 6210/560000] ✅ Saved: nist_libs_1.5_wt_CeCl3_and_0.5_wt_SmCl3_and_5.0_wt_FeCl2.csv
[Run 6209/560000] ✅ Saved: nist_libs_1.5_wt_CeCl3_and_0.5_wt_SmCl3_and_4.5_wt_FeCl2.csv
[Run 6211/560000] ✅ Saved: nist_libs_1.5_wt_CeCl3_and_1.0_wt_SmCl3_and_0.5_wt_FeCl2.csv
[Run 6212/560000] ✅ Saved: nist_libs_1.5_wt_CeCl3_and_1.0_wt_SmCl3_and_1.0_wt_FeCl2.csv
[Run 6213/560000] ✅ Saved: nist_libs_1.5_wt_CeCl3_and_1.0_wt_SmCl3_and_1.5_wt_FeCl2.csv
[Run 6215/560000] ✅ Saved: nist_libs_1.5_wt_CeCl3_and_1.0_wt_SmCl3_and_2.5_wt_FeCl2.csv
[Run 6214/560000] ✅ Saved: nist_libs_1.5_wt_CeCl3_and_1.0_wt_SmCl3_and_2.0_wt_FeCl2.csv
[Run 6216/560000] ✅ Saved: nist_libs_1.5_wt_CeCl3_and_1.0_wt_SmCl3_and_3.0_wt_FeCl2.csv
[Run 6217/560000] ✅ Saved: nist_libs_1.5_wt_CeCl3_and_1.0_wt_SmCl3_and_3.5_wt_FeCl2.csv
[Run 6218/560000] ✅ Saved: nist_libs_1.5_wt_CeCl3_and_1.0_wt_SmCl3_and_4.0_wt_FeCl2.csv
[Run 6219/560000] ✅ Saved: nist_libs_1.5_wt_CeCl3_and_1.0_wt_SmCl3_and_4.5_wt_FeCl2.csv
[Run 6220/560000] ✅ Saved: nist_libs_1.5_wt_CeCl3_and_1.0_wt_SmCl3_and_5.0_wt_FeCl2.csv
 -> Network failure: HTTPSConnectionPool(host='physics.nist.gov', port=443): Read timed out.
[Run 6221/560000] ⚠️ No spectral lines or server fetch failed: nist_libs_1.5_wt_CeCl3_and_1.5_wt_SmCl3_and_0.5_wt_FeCl2.csv
 -> Network failure: HTTPSConnectionPool(host='physics.nist.gov', port=443): Read timed out.
[Run 6222/560000] ⚠️ No spectral lines or server fetch failed: nist_libs_1.5_wt_CeCl3_and_1.5_wt_SmCl3_and_1.0_wt_FeCl2.csv
 -> Network failure: HTTPSConnectionPool(host='physics.nist.gov', port=443): Read timed out.
[Run 6223/560000] ⚠️ No spectral lines or server fetch failed: nist_libs_1.5_wt_CeCl3_and_1.5_wt_SmCl3_and_1.5_wt_FeCl2.csv
 -> Network failure: HTTPSConnectionPool(host='physics.nist.gov', port=443): Read timed out.
[Run 6224/560000] ⚠️ No spectral lines or server fetch failed: nist_libs_1.5_wt_CeCl3_and_1.5_wt_SmCl3_and_2.0_wt_FeCl2.csv
 -> Network failure: HTTPSConnectionPool(host='physics.nist.gov', port=443): Read timed out.
[Run 6225/560000] ⚠️ No spectral lines or server fetch failed: nist_libs_1.5_wt_CeCl3_and_1.5_wt_SmCl3_and_2.5_wt_FeCl2.csv
 -> Network failure: HTTPSConnectionPool(host='physics.nist.gov', port=443): Read timed out.
[Run 6226/560000] ⚠️ No spectral lines or server fetch failed: nist_libs_1.5_wt_CeCl3_and_1.5_wt_SmCl3_and_3.0_wt_FeCl2.csv
 -> Network failure: HTTPSConnectionPool(host='physics.nist.gov', port=443): Read timed out.
[Run 6227/560000] ⚠️ No spectral lines or server fetch failed: nist_libs_1.5_wt_CeCl3_and_1.5_wt_SmCl3_and_3.5_wt_FeCl2.csv
 -> Network failure: HTTPSConnectionPool(host='physics.nist.gov', port=443): Read timed out.
[Run 6228/560000] ⚠️ No spectral lines or server fetch failed: nist_libs_1.5_wt_CeCl3_and_1.5_wt_SmCl3_and_4.0_wt_FeCl2.csv
 -> Network failure: HTTPSConnectionPool(host='physics.nist.gov', port=443): Read timed out.
[Run 6229/560000] ⚠️ No spectral lines or server fetch failed: nist_libs_1.5_wt_CeCl3_and_1.5_wt_SmCl3_and_4.5_wt_FeCl2.csv
 -> Network failure: HTTPSConnectionPool(host='physics.nist.gov', port=443): Read timed out.
[Run 6230/560000] ⚠️ No spectral lines or server fetch failed: nist_libs_1.5_wt_CeCl3_and_1.5_wt_SmCl3_and_5.0_wt_FeCl2.csv
 -> Network failure: HTTPSConnectionPool(host='physics.nist.gov', port=443): Read timed out.
[Run 6231/560000] ⚠️ No spectral lines or server fetch failed: nist_libs_1.5_wt_CeCl3_and_2.0_wt_SmCl3_and_0.5_wt_FeCl2.csv
 -> Network failure: HTTPSConnectionPool(host='physics.nist.gov', port=443): Read timed out.
[Run 6232/560000] ⚠️ No spectral lines or server fetch failed: nist_libs_1.5_wt_CeCl3_and_2.0_wt_SmCl3_and_1.0_wt_FeCl2.csv
 -> Network failure: HTTPSConnectionPool(host='physics.nist.gov', port=443): Read timed out.
[Run 6233/560000] ⚠️ No spectral lines or server fetch failed: nist_libs_1.5_wt_CeCl3_and_2.0_wt_SmCl3_and_1.5_wt_FeCl2.csv
 -> Network failure: HTTPSConnectionPool(host='physics.nist.gov', port=443): Read timed out.
[Run 6234/560000] ⚠️ No spectral lines or server fetch failed: nist_libs_1.5_wt_CeCl3_and_2.0_wt_SmCl3_and_2.0_wt_FeCl2.csv
 -> Network failure: HTTPSConnectionPool(host='physics.nist.gov', port=443): Read timed out.
[Run 6235/560000] ⚠️ No spectral lines or server fetch failed: nist_libs_1.5_wt_CeCl3_and_2.0_wt_SmCl3_and_2.5_wt_FeCl2.csv
 -> Network failure: HTTPSConnectionPool(host='physics.nist.gov', port=443): Read timed out.
[Run 6236/560000] ⚠️ No spectral lines or server fetch failed: nist_libs_1.5_wt_CeCl3_and_2.0_wt_SmCl3_and_3.0_wt_FeCl2.csv
 -> Network failure: HTTPSConnectionPool(host='physics.nist.gov', port=443): Read timed out.
[Run 6237/560000] ⚠️ No spectral lines or server fetch failed: nist_libs_1.5_wt_CeCl3_and_2.0_wt_SmCl3_and_3.5_wt_FeCl2.csv
 -> Network failure: HTTPSConnectionPool(host='physics.nist.gov', port=443): Read timed out.
[Run 6238/560000] ⚠️ No spectral lines or server fetch failed: nist_libs_1.5_wt_CeCl3_and_2.0_wt_SmCl3_and_4.0_wt_FeCl2.csv
 -> Network failure: HTTPSConnectionPool(host='physics.nist.gov', port=443): Read timed out.
[Run 6239/560000] ⚠️ No spectral lines or server fetch failed: nist_libs_1.5_wt_CeCl3_and_2.0_wt_SmCl3_and_4.5_wt_FeCl2.csv
 -> Network failure: HTTPSConnectionPool(host='physics.nist.gov', port=443): Read timed out.
[Run 6240/560000] ⚠️ No spectral lines or server fetch failed: nist_libs_1.5_wt_CeCl3_and_2.0_wt_SmCl3_and_5.0_wt_FeCl2.csv
 -> Network failure: HTTPSConnectionPool(host='physics.nist.gov', port=443): Read timed out.
[Run 6241/560000] ⚠️ No spectral lines or server fetch failed: nist_libs_1.5_wt_CeCl3_and_2.5_wt_SmCl3_and_0.5_wt_FeCl2.csv
 -> Network failure: HTTPSConnectionPool(host='physics.nist.gov', port=443): Read timed out.
[Run 6242/560000] ⚠️ No spectral lines or server fetch failed: nist_libs_1.5_wt_CeCl3_and_2.5_wt_SmCl3_and_1.0_wt_FeCl2.csv
 -> Network failure: HTTPSConnectionPool(host='physics.nist.gov', port=443): Read timed out.
[Run 6243/560000] ⚠️ No spectral lines or server fetch failed: nist_libs_1.5_wt_CeCl3_and_2.5_wt_SmCl3_and_1.5_wt_FeCl2.csv
[Run 6244/560000] ✅ Saved: nist_libs_1.5_wt_CeCl3_and_2.5_wt_SmCl3_and_2.0_wt_FeCl2.csv
[Run 6245/560000] ✅ Saved: nist_libs_1.5_wt_CeCl3_and_2.5_wt_SmCl3_and_2.5_wt_FeCl2.csv
[Run 6246/560000] ✅ Saved: nist_libs_1.5_wt_CeCl3_and_2.5_wt_SmCl3_and_3.0_wt_FeCl2.csv
[Run 6247/560000] ✅ Saved: nist_libs_1.5_wt_CeCl3_and_2.5_wt_SmCl3_and_3.5_wt_FeCl2.csv
[Run 6248/560000] ✅ Saved: nist_libs_1.5_wt_CeCl3_and_2.5_wt_SmCl3_and_4.0_wt_FeCl2.csv
[Run 6249/560000] ✅ Saved: nist_libs_1.5_wt_CeCl3_and_2.5_wt_SmCl3_and_4.5_wt_FeCl2.csv
[Run 6251/560000] ✅ Saved: nist_libs_1.5_wt_CeCl3_and_3.0_wt_SmCl3_and_0.5_wt_FeCl2.csv
[Run 6250/560000] ✅ Saved: nist_libs_1.5_wt_CeCl3_and_2.5_wt_SmCl3_and_5.0_wt_FeCl2.csv
[Run 6252/560000] ✅ Saved: nist_libs_1.5_wt_CeCl3_and_3.0_wt_SmCl3_and_1.0_wt_FeCl2.csv
[Run 6253/560000] ✅ Saved: nist_libs_1.5_wt_CeCl3_and_3.0_wt_SmCl3_and_1.5_wt_FeCl2.csv
[Run 6255/560000] ✅ Saved: nist_libs_1.5_wt_CeCl3_and_3.0_wt_SmCl3_and_2.5_wt_FeCl2.csv
[Run 6254/560000] ✅ Saved: nist_libs_1.5_wt_CeCl3_and_3.0_wt_SmCl3_and_2.0_wt_FeCl2.csv
[Run 6256/560000] ✅ Saved: nist_libs_1.5_wt_CeCl3_and_3.0_wt_SmCl3_and_3.0_wt_FeCl2.csv
[Run 6257/560000] ✅ Saved: nist_libs_1.5_wt_CeCl3_and_3.0_wt_SmCl3_and_3.5_wt_FeCl2.csv
 -> Network failure: HTTPSConnectionPool(host='physics.nist.gov', port=443): Read timed out.
[Run 6261/560000] ⚠️ No spectral lines or server fetch failed: nist_libs_1.5_wt_CeCl3_and_3.5_wt_SmCl3_and_0.5_wt_FeCl2.csv
[Run 6258/560000] ✅ Saved: nist_libs_1.5_wt_CeCl3_and_3.0_wt_SmCl3_and_4.0_wt_FeCl2.csv
[Run 6259/560000] ✅ Saved: nist_libs_1.5_wt_CeCl3_and_3.0_wt_SmCl3_and_4.5_wt_FeCl2.csv
[Run 6260/560000] ✅ Saved: nist_libs_1.5_wt_CeCl3_and_3.0_wt_SmCl3_and_5.0_wt_FeCl2.csv
 -> Network failure: HTTPSConnectionPool(host='physics.nist.gov', port=443): Read timed out.
[Run 6263/560000] ⚠️ No spectral lines or server fetch failed: nist_libs_1.5_wt_CeCl3_and_3.5_wt_SmCl3_and_1.5_wt_FeCl2.csv
 -> Network failure: HTTPSConnectionPool(host='physics.nist.gov', port=443): Read timed out.
[Run 6264/560000] ⚠️ No spectral lines or server fetch failed: nist_libs_1.5_wt_CeCl3_and_3.5_wt_SmCl3_and_2.0_wt_FeCl2.csv
 -> Network failure: HTTPSConnectionPool(host='physics.nist.gov', port=443): Read timed out.
[Run 6265/560000] ⚠️ No spectral lines or server fetch failed: nist_libs_1.5_wt_CeCl3_and_3.5_wt_SmCl3_and_2.5_wt_FeCl2.csv
[Run 6262/560000] ✅ Saved: nist_libs_1.5_wt_CeCl3_and_3.5_wt_SmCl3_and_1.0_wt_FeCl2.csv
 -> Network failure: HTTPSConnectionPool(host='physics.nist.gov', port=443): Read timed out.
[Run 6266/560000] ⚠️ No spectral lines or server fetch failed: nist_libs_1.5_wt_CeCl3_and_3.5_wt_SmCl3_and_3.0_wt_FeCl2.csv
 -> Network failure: HTTPSConnectionPool(host='physics.nist.gov', port=443): Read timed out.
[Run 6267/560000] ⚠️ No spectral lines or server fetch failed: nist_libs_1.5_wt_CeCl3_and_3.5_wt_SmCl3_and_3.5_wt_FeCl2.csv
 -> Network failure: HTTPSConnectionPool(host='physics.nist.gov', port=443): Read timed out.
[Run 6268/560000] ⚠️ No spectral lines or server fetch failed: nist_libs_1.5_wt_CeCl3_and_3.5_wt_SmCl3_and_4.0_wt_FeCl2.csv
 -> Network failure: HTTPSConnectionPool(host='physics.nist.gov', port=443): Read timed out.
[Run 6269/560000] ⚠️ No spectral lines or server fetch failed: nist_libs_1.5_wt_CeCl3_and_3.5_wt_SmCl3_and_4.5_wt_FeCl2.csv
 -> Network failure: HTTPSConnectionPool(host='physics.nist.gov', port=443): Read timed out.
[Run 6270/560000] ⚠️ No spectral lines or server fetch failed: nist_libs_1.5_wt_CeCl3_and_3.5_wt_SmCl3_and_5.0_wt_FeCl2.csv
 -> Network failure: HTTPSConnectionPool(host='physics.nist.gov', port=443): Read timed out.
[Run 6271/560000] ⚠️ No spectral lines or server fetch failed: nist_libs_1.5_wt_CeCl3_and_4.0_wt_SmCl3_and_0.5_wt_FeCl2.csv
 -> Network failure: HTTPSConnectionPool(host='physics.nist.gov', port=443): Read timed out.
[Run 6272/560000] ⚠️ No spectral lines or server fetch failed: nist_libs_1.5_wt_CeCl3_and_4.0_wt_SmCl3_and_1.0_wt_FeCl2.csv
 -> Network failure: HTTPSConnectionPool(host='physics.nist.gov', port=443): Read timed out.
[Run 6273/560000] ⚠️ No spectral lines or server fetch failed: nist_libs_1.5_wt_CeCl3_and_4.0_wt_SmCl3_and_1.5_wt_FeCl2.csv
 -> Network failure: HTTPSConnectionPool(host='physics.nist.gov', port=443): Read timed out.
[Run 6274/560000] ⚠️ No spectral lines or server fetch failed: nist_libs_1.5_wt_CeCl3_and_4.0_wt_SmCl3_and_2.0_wt_FeCl2.csv
 -> Network failure: HTTPSConnectionPool(host='physics.nist.gov', port=443): Read timed out.
[Run 6275/560000] ⚠️ No spectral lines or server fetch failed: nist_libs_1.5_wt_CeCl3_and_4.0_wt_SmCl3_and_2.5_wt_FeCl2.csv
 -> Network failure: HTTPSConnectionPool(host='physics.nist.gov', port=443): Read timed out.
[Run 6276/560000] ⚠️ No spectral lines or server fetch failed: nist_libs_1.5_wt_CeCl3_and_4.0_wt_SmCl3_and_3.0_wt_FeCl2.csv
 -> Network failure: HTTPSConnectionPool(host='physics.nist.gov', port=443): Read timed out.
[Run 6277/560000] ⚠️ No spectral lines or server fetch failed: nist_libs_1.5_wt_CeCl3_and_4.0_wt_SmCl3_and_3.5_wt_FeCl2.csv
 -> Network failure: HTTPSConnectionPool(host='physics.nist.gov', port=443): Read timed out.
[Run 6278/560000] ⚠️ No spectral lines or server fetch failed: nist_libs_1.5_wt_CeCl3_and_4.0_wt_SmCl3_and_4.0_wt_FeCl2.csv
 -> Network failure: HTTPSConnectionPool(host='physics.nist.gov', port=443): Read timed out.
[Run 6279/560000] ⚠️ No spectral lines or server fetch failed: nist_libs_1.5_wt_CeCl3_and_4.0_wt_SmCl3_and_4.5_wt_FeCl2.csv
 -> Network failure: HTTPSConnectionPool(host='physics.nist.gov', port=443): Read timed out.
[Run 6280/560000] ⚠️ No spectral lines or server fetch failed: nist_libs_1.5_wt_CeCl3_and_4.0_wt_SmCl3_and_5.0_wt_FeCl2.csv
 -> Network failure: HTTPSConnectionPool(host='physics.nist.gov', port=443): Read timed out.
[Run 6281/560000] ⚠️ No spectral lines or server fetch failed: nist_libs_1.5_wt_CeCl3_and_4.5_wt_SmCl3_and_0.5_wt_FeCl2.csv
 -> Network failure: HTTPSConnectionPool(host='physics.nist.gov', port=443): Read timed out.
[Run 6282/560000] ⚠️ No spectral lines or server fetch failed: nist_libs_1.5_wt_CeCl3_and_4.5_wt_SmCl3_and_1.0_wt_FeCl2.csv
 -> Network failure: HTTPSConnectionPool(host='physics.nist.gov', port=443): Read timed out.
[Run 6283/560000] ⚠️ No spectral lines or server fetch failed: nist_libs_1.5_wt_CeCl3_and_4.5_wt_SmCl3_and_1.5_wt_FeCl2.csv
 -> Network failure: HTTPSConnectionPool(host='physics.nist.gov', port=443): Read timed out.
[Run 6284/560000] ⚠️ No spectral lines or server fetch failed: nist_libs_1.5_wt_CeCl3_and_4.5_wt_SmCl3_and_2.0_wt_FeCl2.csv
 -> Network failure: HTTPSConnectionPool(host='physics.nist.gov', port=443): Read timed out.
[Run 6285/560000] ⚠️ No spectral lines or server fetch failed: nist_libs_1.5_wt_CeCl3_and_4.5_wt_SmCl3_and_2.5_wt_FeCl2.csv
 -> Network failure: HTTPSConnectionPool(host='physics.nist.gov', port=443): Read timed out.
[Run 6286/560000] ⚠️ No spectral lines or server fetch failed: nist_libs_1.5_wt_CeCl3_and_4.5_wt_SmCl3_and_3.0_wt_FeCl2.csv
[Run 6287/560000] ✅ Saved: nist_libs_1.5_wt_CeCl3_and_4.5_wt_SmCl3_and_3.5_wt_FeCl2.csv
[Run 6288/560000] ✅ Saved: nist_libs_1.5_wt_CeCl3_and_4.5_wt_SmCl3_and_4.0_wt_FeCl2.csv
[Run 6289/560000] ✅ Saved: nist_libs_1.5_wt_CeCl3_and_4.5_wt_SmCl3_and_4.5_wt_FeCl2.csv
[Run 6290/560000] ✅ Saved: nist_libs_1.5_wt_CeCl3_and_4.5_wt_SmCl3_and_5.0_wt_FeCl2.csv
[Run 6291/560000] ✅ Saved: nist_libs_1.5_wt_CeCl3_and_5.0_wt_SmCl3_and_0.5_wt_FeCl2.csv
[Run 6293/560000] ✅ Saved: nist_libs_1.5_wt_CeCl3_and_5.0_wt_SmCl3_and_1.5_wt_FeCl2.csv
[Run 6292/560000] ✅ Saved: nist_libs_1.5_wt_CeCl3_and_5.0_wt_SmCl3_and_1.0_wt_FeCl2.csv
[Run 6294/560000] ✅ Saved: nist_libs_1.5_wt_CeCl3_and_5.0_wt_SmCl3_and_2.0_wt_FeCl2.csv
[Run 6295/560000] ✅ Saved: nist_libs_1.5_wt_CeCl3_and_5.0_wt_SmCl3_and_2.5_wt_FeCl2.csv
[Run 6296/560000] ✅ Saved: nist_libs_1.5_wt_CeCl3_and_5.0_wt_SmCl3_and_3.0_wt_FeCl2.csv
[Run 6298/560000] ✅ Saved: nist_libs_1.5_wt_CeCl3_and_5.0_wt_SmCl3_and_4.0_wt_FeCl2.csv
 -> Network failure: HTTPSConnectionPool(host='physics.nist.gov', port=443): Read timed out.
[Run 6299/560000] ⚠️ No spectral lines or server fetch failed: nist_libs_1.5_wt_CeCl3_and_5.0_wt_SmCl3_and_4.5_wt_FeCl2.csv
[Run 6297/560000] ✅ Saved: nist_libs_1.5_wt_CeCl3_and_5.0_wt_SmCl3_and_3.5_wt_FeCl2.csv
[Run 6300/560000] ✅ Saved: nist_libs_1.5_wt_CeCl3_and_5.0_wt_SmCl3_and_5.0_wt_FeCl2.csv
 -> Network failure: HTTPSConnectionPool(host='physics.nist.gov', port=443): Read timed out.
[Run 6301/560000] ⚠️ No spectral lines or server fetch failed: nist_libs_2.0_wt_CeCl3_and_0.5_wt_SmCl3_and_0.5_wt_FeCl2.csv
 -> Network failure: HTTPSConnectionPool(host='physics.nist.gov', port=443): Read timed out.
[Run 6302/560000] ⚠️ No spectral lines or server fetch failed: nist_libs_2.0_wt_CeCl3_and_0.5_wt_SmCl3_and_1.0_wt_FeCl2.csv
 -> Network failure: HTTPSConnectionPool(host='physics.nist.gov', port=443): Read timed out.
[Run 6303/560000] ⚠️ No spectral lines or server fetch failed: nist_libs_2.0_wt_CeCl3_and_0.5_wt_SmCl3_and_1.5_wt_FeCl2.csv
 -> Network failure: HTTPSConnectionPool(host='physics.nist.gov', port=443): Read timed out.
[Run 6304/560000] ⚠️ No spectral lines or server fetch failed: nist_libs_2.0_wt_CeCl3_and_0.5_wt_SmCl3_and_2.0_wt_FeCl2.csv
 -> Network failure: HTTPSConnectionPool(host='physics.nist.gov', port=443): Read timed out.
[Run 6305/560000] ⚠️ No spectral lines or server fetch failed: nist_libs_2.0_wt_CeCl3_and_0.5_wt_SmCl3_and_2.5_wt_FeCl2.csv
 -> Network failure: HTTPSConnectionPool(host='physics.nist.gov', port=443): Read timed out.
[Run 6306/560000] ⚠️ No spectral lines or server fetch failed: nist_libs_2.0_wt_CeCl3_and_0.5_wt_SmCl3_and_3.0_wt_FeCl2.csv
 -> Network failure: HTTPSConnectionPool(host='physics.nist.gov', port=443): Read timed out.
[Run 6307/560000] ⚠️ No spectral lines or server fetch failed: nist_libs_2.0_wt_CeCl3_and_0.5_wt_SmCl3_and_3.5_wt_FeCl2.csv
 -> Network failure: HTTPSConnectionPool(host='physics.nist.gov', port=443): Read timed out.
[Run 6308/560000] ⚠️ No spectral lines or server fetch failed: nist_libs_2.0_wt_CeCl3_and_0.5_wt_SmCl3_and_4.0_wt_FeCl2.csv
 -> Network failure: HTTPSConnectionPool(host='physics.nist.gov', port=443): Read timed out.
[Run 6309/560000] ⚠️ No spectral lines or server fetch failed: nist_libs_2.0_wt_CeCl3_and_0.5_wt_SmCl3_and_4.5_wt_FeCl2.csv
 -> Network failure: HTTPSConnectionPool(host='physics.nist.gov', port=443): Read timed out.
 -> Network failure: HTTPSConnectionPool(host='physics.nist.gov', port=443): Read timed out.
[Run 6310/560000] ⚠️ No spectral lines or server fetch failed: nist_libs_2.0_wt_CeCl3_and_0.5_wt_SmCl3_and_5.0_wt_FeCl2.csv
[Run 6311/560000] ⚠️ No spectral lines or server fetch failed: nist_libs_2.0_wt_CeCl3_and_1.0_wt_SmCl3_and_0.5_wt_FeCl2.csv
 -> Network failure: HTTPSConnectionPool(host='physics.nist.gov', port=443): Read timed out.
[Run 6312/560000] ⚠️ No spectral lines or server fetch failed: nist_libs_2.0_wt_CeCl3_and_1.0_wt_SmCl3_and_1.0_wt_FeCl2.csv
 -> Network failure: HTTPSConnectionPool(host='physics.nist.gov', port=443): Read timed out.
[Run 6313/560000] ⚠️ No spectral lines or server fetch failed: nist_libs_2.0_wt_CeCl3_and_1.0_wt_SmCl3_and_1.5_wt_FeCl2.csv
 -> Network failure: HTTPSConnectionPool(host='physics.nist.gov', port=443): Read timed out.
 -> Network failure: HTTPSConnectionPool(host='physics.nist.gov', port=443): Read timed out.
[Run 6314/560000] ⚠️ No spectral lines or server fetch failed: nist_libs_2.0_wt_CeCl3_and_1.0_wt_SmCl3_and_2.0_wt_FeCl2.csv
[Run 6315/560000] ⚠️ No spectral lines or server fetch failed: nist_libs_2.0_wt_CeCl3_and_1.0_wt_SmCl3_and_2.5_wt_FeCl2.csv
 -> Network failure: HTTPSConnectionPool(host='physics.nist.gov', port=443): Read timed out.
[Run 6316/560000] ⚠️ No spectral lines or server fetch failed: nist_libs_2.0_wt_CeCl3_and_1.0_wt_SmCl3_and_3.0_wt_FeCl2.csv
 -> Network failure: HTTPSConnectionPool(host='physics.nist.gov', port=443): Read timed out.
[Run 6317/560000] ⚠️ No spectral lines or server fetch failed: nist_libs_2.0_wt_CeCl3_and_1.0_wt_SmCl3_and_3.5_wt_FeCl2.csv
 -> Network failure: HTTPSConnectionPool(host='physics.nist.gov', port=443): Read timed out.
 -> Network failure: HTTPSConnectionPool(host='physics.nist.gov', port=443): Read timed out.
[Run 6318/560000] ⚠️ No spectral lines or server fetch failed: nist_libs_2.0_wt_CeCl3_and_1.0_wt_SmCl3_and_4.0_wt_FeCl2.csv
[Run 6319/560000] ⚠️ No spectral lines or server fetch failed: nist_libs_2.0_wt_CeCl3_and_1.0_wt_SmCl3_and_4.5_wt_FeCl2.csv
 -> Network failure: HTTPSConnectionPool(host='physics.nist.gov', port=443): Read timed out.
[Run 6320/560000] ⚠️ No spectral lines or server fetch failed: nist_libs_2.0_wt_CeCl3_and_1.0_wt_SmCl3_and_5.0_wt_FeCl2.csv
 -> Network failure: HTTPSConnectionPool(host='physics.nist.gov', port=443): Read timed out.
[Run 6321/560000] ⚠️ No spectral lines or server fetch failed: nist_libs_2.0_wt_CeCl3_and_1.5_wt_SmCl3_and_0.5_wt_FeCl2.csv
 -> Network failure: HTTPSConnectionPool(host='physics.nist.gov', port=443): Read timed out.
 -> Network failure: HTTPSConnectionPool(host='physics.nist.gov', port=443): Read timed out.
[Run 6322/560000] ⚠️ No spectral lines or server fetch failed: nist_libs_2.0_wt_CeCl3_and_1.5_wt_SmCl3_and_1.0_wt_FeCl2.csv
[Run 6323/560000] ⚠️ No spectral lines or server fetch failed: nist_libs_2.0_wt_CeCl3_and_1.5_wt_SmCl3_and_1.5_wt_FeCl2.csv
[Run 6324/560000] ✅ Saved: nist_libs_2.0_wt_CeCl3_and_1.5_wt_SmCl3_and_2.0_wt_FeCl2.csv
[Run 6325/560000] ✅ Saved: nist_libs_2.0_wt_CeCl3_and_1.5_wt_SmCl3_and_2.5_wt_FeCl2.csv
[Run 6326/560000] ✅ Saved: nist_libs_2.0_wt_CeCl3_and_1.5_wt_SmCl3_and_3.0_wt_FeCl2.csv
[Run 6327/560000] ✅ Saved: nist_libs_2.0_wt_CeCl3_and_1.5_wt_SmCl3_and_3.5_wt_FeCl2.csv
[Run 6328/560000] ✅ Saved: nist_libs_2.0_wt_CeCl3_and_1.5_wt_SmCl3_and_4.0_wt_FeCl2.csv
[Run 6329/560000] ✅ Saved: nist_libs_2.0_wt_CeCl3_and_1.5_wt_SmCl3_and_4.5_wt_FeCl2.csv
[Run 6330/560000] ✅ Saved: nist_libs_2.0_wt_CeCl3_and_1.5_wt_SmCl3_and_5.0_wt_FeCl2.csv
[Run 6331/560000] ✅ Saved: nist_libs_2.0_wt_CeCl3_and_2.0_wt_SmCl3_and_0.5_wt_FeCl2.csv
[Run 6332/560000] ✅ Saved: nist_libs_2.0_wt_CeCl3_and_2.0_wt_SmCl3_and_1.0_wt_FeCl2.csv
[Run 6333/560000] ✅ Saved: nist_libs_2.0_wt_CeCl3_and_2.0_wt_SmCl3_and_1.5_wt_FeCl2.csv
[Run 6334/560000] ✅ Saved: nist_libs_2.0_wt_CeCl3_and_2.0_wt_SmCl3_and_2.0_wt_FeCl2.csv
[Run 6335/560000] ✅ Saved: nist_libs_2.0_wt_CeCl3_and_2.0_wt_SmCl3_and_2.5_wt_FeCl2.csv
 -> Network failure: HTTPSConnectionPool(host='physics.nist.gov', port=443): Read timed out.
[Run 6336/560000] ⚠️ No spectral lines or server fetch failed: nist_libs_2.0_wt_CeCl3_and_2.0_wt_SmCl3_and_3.0_wt_FeCl2.csv
 -> Network failure: HTTPSConnectionPool(host='physics.nist.gov', port=443): Read timed out.
[Run 6337/560000] ⚠️ No spectral lines or server fetch failed: nist_libs_2.0_wt_CeCl3_and_2.0_wt_SmCl3_and_3.5_wt_FeCl2.csv
 -> Network failure: HTTPSConnectionPool(host='physics.nist.gov', port=443): Read timed out.
[Run 6338/560000] ⚠️ No spectral lines or server fetch failed: nist_libs_2.0_wt_CeCl3_and_2.0_wt_SmCl3_and_4.0_wt_FeCl2.csv
 -> Network failure: HTTPSConnectionPool(host='physics.nist.gov', port=443): Read timed out.
[Run 6339/560000] ⚠️ No spectral lines or server fetch failed: nist_libs_2.0_wt_CeCl3_and_2.0_wt_SmCl3_and_4.5_wt_FeCl2.csv
 -> Network failure: HTTPSConnectionPool(host='physics.nist.gov', port=443): Read timed out.
 -> Network failure: HTTPSConnectionPool(host='physics.nist.gov', port=443): Read timed out.
[Run 6340/560000] ⚠️ No spectral lines or server fetch failed: nist_libs_2.0_wt_CeCl3_and_2.0_wt_SmCl3_and_5.0_wt_FeCl2.csv
[Run 6341/560000] ⚠️ No spectral lines or server fetch failed: nist_libs_2.0_wt_CeCl3_and_2.5_wt_SmCl3_and_0.5_wt_FeCl2.csv
 -> Network failure: HTTPSConnectionPool(host='physics.nist.gov', port=443): Read timed out.
[Run 6342/560000] ⚠️ No spectral lines or server fetch failed: nist_libs_2.0_wt_CeCl3_and_2.5_wt_SmCl3_and_1.0_wt_FeCl2.csv
 -> Network failure: HTTPSConnectionPool(host='physics.nist.gov', port=443): Read timed out.
[Run 6343/560000] ⚠️ No spectral lines or server fetch failed: nist_libs_2.0_wt_CeCl3_and_2.5_wt_SmCl3_and_1.5_wt_FeCl2.csv
 -> Network failure: HTTPSConnectionPool(host='physics.nist.gov', port=443): Read timed out.
[Run 6344/560000] ⚠️ No spectral lines or server fetch failed: nist_libs_2.0_wt_CeCl3_and_2.5_wt_SmCl3_and_2.0_wt_FeCl2.csv -> Network failure: HTTPSConnectionPool(host='physics.nist.gov', port=443): Read timed out.

[Run 6345/560000] ⚠️ No spectral lines or server fetch failed: nist_libs_2.0_wt_CeCl3_and_2.5_wt_SmCl3_and_2.5_wt_FeCl2.csv
 -> Network failure: HTTPSConnectionPool(host='physics.nist.gov', port=443): Read timed out.
[Run 6346/560000] ⚠️ No spectral lines or server fetch failed: nist_libs_2.0_wt_CeCl3_and_2.5_wt_SmCl3_and_3.0_wt_FeCl2.csv
 -> Network failure: HTTPSConnectionPool(host='physics.nist.gov', port=443): Read timed out.
[Run 6347/560000] ⚠️ No spectral lines or server fetch failed: nist_libs_2.0_wt_CeCl3_and_2.5_wt_SmCl3_and_3.5_wt_FeCl2.csv
 -> Network failure: HTTPSConnectionPool(host='physics.nist.gov', port=443): Read timed out.
[Run 6348/560000] ⚠️ No spectral lines or server fetch failed: nist_libs_2.0_wt_CeCl3_and_2.5_wt_SmCl3_and_4.0_wt_FeCl2.csv
 -> Network failure: HTTPSConnectionPool(host='physics.nist.gov', port=443): Read timed out.
[Run 6349/560000] ⚠️ No spectral lines or server fetch failed: nist_libs_2.0_wt_CeCl3_and_2.5_wt_SmCl3_and_4.5_wt_FeCl2.csv
 -> Network failure: HTTPSConnectionPool(host='physics.nist.gov', port=443): Read timed out.
[Run 6350/560000] ⚠️ No spectral lines or server fetch failed: nist_libs_2.0_wt_CeCl3_and_2.5_wt_SmCl3_and_5.0_wt_FeCl2.csv
 -> Network failure: HTTPSConnectionPool(host='physics.nist.gov', port=443): Read timed out.
[Run 6351/560000] ⚠️ No spectral lines or server fetch failed: nist_libs_2.0_wt_CeCl3_and_3.0_wt_SmCl3_and_0.5_wt_FeCl2.csv
 -> Network failure: HTTPSConnectionPool(host='physics.nist.gov', port=443): Read timed out.
[Run 6352/560000] ⚠️ No spectral lines or server fetch failed: nist_libs_2.0_wt_CeCl3_and_3.0_wt_SmCl3_and_1.0_wt_FeCl2.csv
 -> Network failure: HTTPSConnectionPool(host='physics.nist.gov', port=443): Read timed out.
[Run 6353/560000] ⚠️ No spectral lines or server fetch failed: nist_libs_2.0_wt_CeCl3_and_3.0_wt_SmCl3_and_1.5_wt_FeCl2.csv
 -> Network failure: HTTPSConnectionPool(host='physics.nist.gov', port=443): Read timed out.
[Run 6354/560000] ⚠️ No spectral lines or server fetch failed: nist_libs_2.0_wt_CeCl3_and_3.0_wt_SmCl3_and_2.0_wt_FeCl2.csv
 -> Network failure: HTTPSConnectionPool(host='physics.nist.gov', port=443): Read timed out.
[Run 6355/560000] ⚠️ No spectral lines or server fetch failed: nist_libs_2.0_wt_CeCl3_and_3.0_wt_SmCl3_and_2.5_wt_FeCl2.csv
 -> Network failure: HTTPSConnectionPool(host='physics.nist.gov', port=443): Read timed out.
 -> Network failure: HTTPSConnectionPool(host='physics.nist.gov', port=443): Read timed out.[Run 6356/560000] ⚠️ No spectral lines or server fetch failed: nist_libs_2.0_wt_CeCl3_and_3.0_wt_SmCl3_and_3.0_wt_FeCl2.csv

[Run 6357/560000] ⚠️ No spectral lines or server fetch failed: nist_libs_2.0_wt_CeCl3_and_3.0_wt_SmCl3_and_3.5_wt_FeCl2.csv
 -> Network failure: HTTPSConnectionPool(host='physics.nist.gov', port=443): Read timed out.
[Run 6358/560000] ⚠️ No spectral lines or server fetch failed: nist_libs_2.0_wt_CeCl3_and_3.0_wt_SmCl3_and_4.0_wt_FeCl2.csv
 -> Network failure: HTTPSConnectionPool(host='physics.nist.gov', port=443): Read timed out.
[Run 6359/560000] ⚠️ No spectral lines or server fetch failed: nist_libs_2.0_wt_CeCl3_and_3.0_wt_SmCl3_and_4.5_wt_FeCl2.csv
 -> Network failure: HTTPSConnectionPool(host='physics.nist.gov', port=443): Read timed out.
 -> Network failure: HTTPSConnectionPool(host='physics.nist.gov', port=443): Read timed out.
[Run 6360/560000] ⚠️ No spectral lines or server fetch failed: nist_libs_2.0_wt_CeCl3_and_3.0_wt_SmCl3_and_5.0_wt_FeCl2.csv
[Run 6361/560000] ⚠️ No spectral lines or server fetch failed: nist_libs_2.0_wt_CeCl3_and_3.5_wt_SmCl3_and_0.5_wt_FeCl2.csv
 -> Network failure: HTTPSConnectionPool(host='physics.nist.gov', port=443): Read timed out.
[Run 6362/560000] ⚠️ No spectral lines or server fetch failed: nist_libs_2.0_wt_CeCl3_and_3.5_wt_SmCl3_and_1.0_wt_FeCl2.csv
 -> Network failure: HTTPSConnectionPool(host='physics.nist.gov', port=443): Read timed out.
[Run 6363/560000] ⚠️ No spectral lines or server fetch failed: nist_libs_2.0_wt_CeCl3_and_3.5_wt_SmCl3_and_1.5_wt_FeCl2.csv
 -> Network failure: HTTPSConnectionPool(host='physics.nist.gov', port=443): Read timed out.
 -> Network failure: HTTPSConnectionPool(host='physics.nist.gov', port=443): Read timed out.
[Run 6364/560000] ⚠️ No spectral lines or server fetch failed: nist_libs_2.0_wt_CeCl3_and_3.5_wt_SmCl3_and_2.0_wt_FeCl2.csv
[Run 6365/560000] ⚠️ No spectral lines or server fetch failed: nist_libs_2.0_wt_CeCl3_and_3.5_wt_SmCl3_and_2.5_wt_FeCl2.csv
 -> Network failure: HTTPSConnectionPool(host='physics.nist.gov', port=443): Read timed out.
[Run 6366/560000] ⚠️ No spectral lines or server fetch failed: nist_libs_2.0_wt_CeCl3_and_3.5_wt_SmCl3_and_3.0_wt_FeCl2.csv
 -> Network failure: HTTPSConnectionPool(host='physics.nist.gov', port=443): Read timed out.
[Run 6367/560000] ⚠️ No spectral lines or server fetch failed: nist_libs_2.0_wt_CeCl3_and_3.5_wt_SmCl3_and_3.5_wt_FeCl2.csv
[Run 6368/560000] ✅ Saved: nist_libs_2.0_wt_CeCl3_and_3.5_wt_SmCl3_and_4.0_wt_FeCl2.csv
[Run 6370/560000] ✅ Saved: nist_libs_2.0_wt_CeCl3_and_3.5_wt_SmCl3_and_5.0_wt_FeCl2.csv
[Run 6369/560000] ✅ Saved: nist_libs_2.0_wt_CeCl3_and_3.5_wt_SmCl3_and_4.5_wt_FeCl2.csv
[Run 6371/560000] ✅ Saved: nist_libs_2.0_wt_CeCl3_and_4.0_wt_SmCl3_and_0.5_wt_FeCl2.csv
[Run 6372/560000] ✅ Saved: nist_libs_2.0_wt_CeCl3_and_4.0_wt_SmCl3_and_1.0_wt_FeCl2.csv
[Run 6373/560000] ✅ Saved: nist_libs_2.0_wt_CeCl3_and_4.0_wt_SmCl3_and_1.5_wt_FeCl2.csv
[Run 6374/560000] ✅ Saved: nist_libs_2.0_wt_CeCl3_and_4.0_wt_SmCl3_and_2.0_wt_FeCl2.csv
[Run 6375/560000] ✅ Saved: nist_libs_2.0_wt_CeCl3_and_4.0_wt_SmCl3_and_2.5_wt_FeCl2.csv
 -> Network failure: HTTPSConnectionPool(host='physics.nist.gov', port=443): Read timed out.
[Run 6377/560000] ⚠️ No spectral lines or server fetch failed: nist_libs_2.0_wt_CeCl3_and_4.0_wt_SmCl3_and_3.5_wt_FeCl2.csv
 -> Network failure: HTTPSConnectionPool(host='physics.nist.gov', port=443): Read timed out.
 -> Network failure: HTTPSConnectionPool(host='physics.nist.gov', port=443): Read timed out.
[Run 6379/560000] ⚠️ No spectral lines or server fetch failed: nist_libs_2.0_wt_CeCl3_and_4.0_wt_SmCl3_and_4.5_wt_FeCl2.csv
[Run 6378/560000] ⚠️ No spectral lines or server fetch failed: nist_libs_2.0_wt_CeCl3_and_4.0_wt_SmCl3_and_4.0_wt_FeCl2.csv
[Run 6376/560000] ✅ Saved: nist_libs_2.0_wt_CeCl3_and_4.0_wt_SmCl3_and_3.0_wt_FeCl2.csv
 -> Network failure: HTTPSConnectionPool(host='physics.nist.gov', port=443): Read timed out.
[Run 6380/560000] ⚠️ No spectral lines or server fetch failed: nist_libs_2.0_wt_CeCl3_and_4.0_wt_SmCl3_and_5.0_wt_FeCl2.csv
 -> Network failure: HTTPSConnectionPool(host='physics.nist.gov', port=443): Read timed out.
[Run 6381/560000] ⚠️ No spectral lines or server fetch failed: nist_libs_2.0_wt_CeCl3_and_4.5_wt_SmCl3_and_0.5_wt_FeCl2.csv
 -> Network failure: HTTPSConnectionPool(host='physics.nist.gov', port=443): Read timed out.
[Run 6382/560000] ⚠️ No spectral lines or server fetch failed: nist_libs_2.0_wt_CeCl3_and_4.5_wt_SmCl3_and_1.0_wt_FeCl2.csv
 -> Network failure: HTTPSConnectionPool(host='physics.nist.gov', port=443): Read timed out.
[Run 6383/560000] ⚠️ No spectral lines or server fetch failed: nist_libs_2.0_wt_CeCl3_and_4.5_wt_SmCl3_and_1.5_wt_FeCl2.csv
 -> Network failure: HTTPSConnectionPool(host='physics.nist.gov', port=443): Read timed out.
[Run 6384/560000] ⚠️ No spectral lines or server fetch failed: nist_libs_2.0_wt_CeCl3_and_4.5_wt_SmCl3_and_2.0_wt_FeCl2.csv
 -> Network failure: HTTPSConnectionPool(host='physics.nist.gov', port=443): Read timed out.
[Run 6385/560000] ⚠️ No spectral lines or server fetch failed: nist_libs_2.0_wt_CeCl3_and_4.5_wt_SmCl3_and_2.5_wt_FeCl2.csv
 -> Network failure: HTTPSConnectionPool(host='physics.nist.gov', port=443): Read timed out.
[Run 6386/560000] ⚠️ No spectral lines or server fetch failed: nist_libs_2.0_wt_CeCl3_and_4.5_wt_SmCl3_and_3.0_wt_FeCl2.csv
 -> Network failure: HTTPSConnectionPool(host='physics.nist.gov', port=443): Read timed out.
[Run 6387/560000] ⚠️ No spectral lines or server fetch failed: nist_libs_2.0_wt_CeCl3_and_4.5_wt_SmCl3_and_3.5_wt_FeCl2.csv
 -> Network failure: HTTPSConnectionPool(host='physics.nist.gov', port=443): Read timed out.
[Run 6388/560000] ⚠️ No spectral lines or server fetch failed: nist_libs_2.0_wt_CeCl3_and_4.5_wt_SmCl3_and_4.0_wt_FeCl2.csv
 -> Network failure: HTTPSConnectionPool(host='physics.nist.gov', port=443): Read timed out.
[Run 6389/560000] ⚠️ No spectral lines or server fetch failed: nist_libs_2.0_wt_CeCl3_and_4.5_wt_SmCl3_and_4.5_wt_FeCl2.csv
 -> Network failure: HTTPSConnectionPool(host='physics.nist.gov', port=443): Read timed out.
[Run 6390/560000] ⚠️ No spectral lines or server fetch failed: nist_libs_2.0_wt_CeCl3_and_4.5_wt_SmCl3_and_5.0_wt_FeCl2.csv
 -> Network failure: HTTPSConnectionPool(host='physics.nist.gov', port=443): Read timed out.
[Run 6391/560000] ⚠️ No spectral lines or server fetch failed: nist_libs_2.0_wt_CeCl3_and_5.0_wt_SmCl3_and_0.5_wt_FeCl2.csv
 -> Network failure: HTTPSConnectionPool(host='physics.nist.gov', port=443): Read timed out.
[Run 6392/560000] ⚠️ No spectral lines or server fetch failed: nist_libs_2.0_wt_CeCl3_and_5.0_wt_SmCl3_and_1.0_wt_FeCl2.csv
 -> Network failure: HTTPSConnectionPool(host='physics.nist.gov', port=443): Read timed out.
[Run 6393/560000] ⚠️ No spectral lines or server fetch failed: nist_libs_2.0_wt_CeCl3_and_5.0_wt_SmCl3_and_1.5_wt_FeCl2.csv
 -> Network failure: HTTPSConnectionPool(host='physics.nist.gov', port=443): Read timed out.
[Run 6394/560000] ⚠️ No spectral lines or server fetch failed: nist_libs_2.0_wt_CeCl3_and_5.0_wt_SmCl3_and_2.0_wt_FeCl2.csv
 -> Network failure: HTTPSConnectionPool(host='physics.nist.gov', port=443): Read timed out.
[Run 6395/560000] ⚠️ No spectral lines or server fetch failed: nist_libs_2.0_wt_CeCl3_and_5.0_wt_SmCl3_and_2.5_wt_FeCl2.csv
 -> Network failure: HTTPSConnectionPool(host='physics.nist.gov', port=443): Read timed out.
[Run 6396/560000] ⚠️ No spectral lines or server fetch failed: nist_libs_2.0_wt_CeCl3_and_5.0_wt_SmCl3_and_3.0_wt_FeCl2.csv
 -> Network failure: HTTPSConnectionPool(host='physics.nist.gov', port=443): Read timed out.
[Run 6397/560000] ⚠️ No spectral lines or server fetch failed: nist_libs_2.0_wt_CeCl3_and_5.0_wt_SmCl3_and_3.5_wt_FeCl2.csv
 -> Network failure: HTTPSConnectionPool(host='physics.nist.gov', port=443): Read timed out.
[Run 6398/560000] ⚠️ No spectral lines or server fetch failed: nist_libs_2.0_wt_CeCl3_and_5.0_wt_SmCl3_and_4.0_wt_FeCl2.csv
 -> Network failure: HTTPSConnectionPool(host='physics.nist.gov', port=443): Read timed out.
[Run 6399/560000] ⚠️ No spectral lines or server fetch failed: nist_libs_2.0_wt_CeCl3_and_5.0_wt_SmCl3_and_4.5_wt_FeCl2.csv
[Run 6400/560000] ✅ Saved: nist_libs_2.0_wt_CeCl3_and_5.0_wt_SmCl3_and_5.0_wt_FeCl2.csv
[Run 6402/560000] ✅ Saved: nist_libs_2.5_wt_CeCl3_and_0.5_wt_SmCl3_and_1.0_wt_FeCl2.csv
[Run 6403/560000] ✅ Saved: nist_libs_2.5_wt_CeCl3_and_0.5_wt_SmCl3_and_1.5_wt_FeCl2.csv
[Run 6401/560000] ✅ Saved: nist_libs_2.5_wt_CeCl3_and_0.5_wt_SmCl3_and_0.5_wt_FeCl2.csv
[Run 6404/560000] ✅ Saved: nist_libs_2.5_wt_CeCl3_and_0.5_wt_SmCl3_and_2.0_wt_FeCl2.csv
[Run 6405/560000] ✅ Saved: nist_libs_2.5_wt_CeCl3_and_0.5_wt_SmCl3_and_2.5_wt_FeCl2.csv
[Run 6406/560000] ✅ Saved: nist_libs_2.5_wt_CeCl3_and_0.5_wt_SmCl3_and_3.0_wt_FeCl2.csv
[Run 6407/560000] ✅ Saved: nist_libs_2.5_wt_CeCl3_and_0.5_wt_SmCl3_and_3.5_wt_FeCl2.csv
[Run 6408/560000] ✅ Saved: nist_libs_2.5_wt_CeCl3_and_0.5_wt_SmCl3_and_4.0_wt_FeCl2.csv
[Run 6409/560000] ✅ Saved: nist_libs_2.5_wt_CeCl3_and_0.5_wt_SmCl3_and_4.5_wt_FeCl2.csv
[Run 6410/560000] ✅ Saved: nist_libs_2.5_wt_CeCl3_and_0.5_wt_SmCl3_and_5.0_wt_FeCl2.csv
[Run 6411/560000] ✅ Saved: nist_libs_2.5_wt_CeCl3_and_1.0_wt_SmCl3_and_0.5_wt_FeCl2.csv
[Run 6412/560000] ✅ Saved: nist_libs_2.5_wt_CeCl3_and_1.0_wt_SmCl3_and_1.0_wt_FeCl2.csv
 -> Network failure: HTTPSConnectionPool(host='physics.nist.gov', port=443): Read timed out.
[Run 6413/560000] ⚠️ No spectral lines or server fetch failed: nist_libs_2.5_wt_CeCl3_and_1.0_wt_SmCl3_and_1.5_wt_FeCl2.csv
 -> Network failure: HTTPSConnectionPool(host='physics.nist.gov', port=443): Read timed out.
[Run 6414/560000] ⚠️ No spectral lines or server fetch failed: nist_libs_2.5_wt_CeCl3_and_1.0_wt_SmCl3_and_2.0_wt_FeCl2.csv
 -> Network failure: HTTPSConnectionPool(host='physics.nist.gov', port=443): Read timed out.
[Run 6415/560000] ⚠️ No spectral lines or server fetch failed: nist_libs_2.5_wt_CeCl3_and_1.0_wt_SmCl3_and_2.5_wt_FeCl2.csv
 -> Network failure: HTTPSConnectionPool(host='physics.nist.gov', port=443): Read timed out.
[Run 6416/560000] ⚠️ No spectral lines or server fetch failed: nist_libs_2.5_wt_CeCl3_and_1.0_wt_SmCl3_and_3.0_wt_FeCl2.csv
 -> Network failure: HTTPSConnectionPool(host='physics.nist.gov', port=443): Read timed out.
[Run 6417/560000] ⚠️ No spectral lines or server fetch failed: nist_libs_2.5_wt_CeCl3_and_1.0_wt_SmCl3_and_3.5_wt_FeCl2.csv
 -> Network failure: HTTPSConnectionPool(host='physics.nist.gov', port=443): Read timed out.
[Run 6418/560000] ⚠️ No spectral lines or server fetch failed: nist_libs_2.5_wt_CeCl3_and_1.0_wt_SmCl3_and_4.0_wt_FeCl2.csv
 -> Network failure: HTTPSConnectionPool(host='physics.nist.gov', port=443): Read timed out.
[Run 6419/560000] ⚠️ No spectral lines or server fetch failed: nist_libs_2.5_wt_CeCl3_and_1.0_wt_SmCl3_and_4.5_wt_FeCl2.csv
 -> Network failure: HTTPSConnectionPool(host='physics.nist.gov', port=443): Read timed out.
[Run 6420/560000] ⚠️ No spectral lines or server fetch failed: nist_libs_2.5_wt_CeCl3_and_1.0_wt_SmCl3_and_5.0_wt_FeCl2.csv
 -> Network failure: HTTPSConnectionPool(host='physics.nist.gov', port=443): Read timed out.
[Run 6421/560000] ⚠️ No spectral lines or server fetch failed: nist_libs_2.5_wt_CeCl3_and_1.5_wt_SmCl3_and_0.5_wt_FeCl2.csv
 -> Network failure: HTTPSConnectionPool(host='physics.nist.gov', port=443): Read timed out.
 -> Network failure: HTTPSConnectionPool(host='physics.nist.gov', port=443): Read timed out.
[Run 6422/560000] ⚠️ No spectral lines or server fetch failed: nist_libs_2.5_wt_CeCl3_and_1.5_wt_SmCl3_and_1.0_wt_FeCl2.csv
[Run 6423/560000] ⚠️ No spectral lines or server fetch failed: nist_libs_2.5_wt_CeCl3_and_1.5_wt_SmCl3_and_1.5_wt_FeCl2.csv
 -> Network failure: HTTPSConnectionPool(host='physics.nist.gov', port=443): Read timed out.
[Run 6424/560000] ⚠️ No spectral lines or server fetch failed: nist_libs_2.5_wt_CeCl3_and_1.5_wt_SmCl3_and_2.0_wt_FeCl2.csv
 -> Network failure: HTTPSConnectionPool(host='physics.nist.gov', port=443): Read timed out.
[Run 6425/560000] ⚠️ No spectral lines or server fetch failed: nist_libs_2.5_wt_CeCl3_and_1.5_wt_SmCl3_and_2.5_wt_FeCl2.csv
 -> Network failure: HTTPSConnectionPool(host='physics.nist.gov', port=443): Read timed out.
[Run 6426/560000] ⚠️ No spectral lines or server fetch failed: nist_libs_2.5_wt_CeCl3_and_1.5_wt_SmCl3_and_3.0_wt_FeCl2.csv
 -> Network failure: HTTPSConnectionPool(host='physics.nist.gov', port=443): Read timed out.
[Run 6427/560000] ⚠️ No spectral lines or server fetch failed: nist_libs_2.5_wt_CeCl3_and_1.5_wt_SmCl3_and_3.5_wt_FeCl2.csv
 -> Network failure: HTTPSConnectionPool(host='physics.nist.gov', port=443): Read timed out.
[Run 6428/560000] ⚠️ No spectral lines or server fetch failed: nist_libs_2.5_wt_CeCl3_and_1.5_wt_SmCl3_and_4.0_wt_FeCl2.csv
 -> Network failure: HTTPSConnectionPool(host='physics.nist.gov', port=443): Read timed out.
[Run 6429/560000] ⚠️ No spectral lines or server fetch failed: nist_libs_2.5_wt_CeCl3_and_1.5_wt_SmCl3_and_4.5_wt_FeCl2.csv
 -> Network failure: HTTPSConnectionPool(host='physics.nist.gov', port=443): Read timed out.
 -> Network failure: HTTPSConnectionPool(host='physics.nist.gov', port=443): Read timed out.
[Run 6430/560000] ⚠️ No spectral lines or server fetch failed: nist_libs_2.5_wt_CeCl3_and_1.5_wt_SmCl3_and_5.0_wt_FeCl2.csv
[Run 6431/560000] ⚠️ No spectral lines or server fetch failed: nist_libs_2.5_wt_CeCl3_and_2.0_wt_SmCl3_and_0.5_wt_FeCl2.csv
 -> Network failure: HTTPSConnectionPool(host='physics.nist.gov', port=443): Read timed out.
[Run 6432/560000] ⚠️ No spectral lines or server fetch failed: nist_libs_2.5_wt_CeCl3_and_2.0_wt_SmCl3_and_1.0_wt_FeCl2.csv
 -> Network failure: HTTPSConnectionPool(host='physics.nist.gov', port=443): Read timed out.
[Run 6433/560000] ⚠️ No spectral lines or server fetch failed: nist_libs_2.5_wt_CeCl3_and_2.0_wt_SmCl3_and_1.5_wt_FeCl2.csv
 -> Network failure: HTTPSConnectionPool(host='physics.nist.gov', port=443): Read timed out.
 -> Network failure: HTTPSConnectionPool(host='physics.nist.gov', port=443): Read timed out.
[Run 6435/560000] ⚠️ No spectral lines or server fetch failed: nist_libs_2.5_wt_CeCl3_and_2.0_wt_SmCl3_and_2.5_wt_FeCl2.csv
[Run 6434/560000] ⚠️ No spectral lines or server fetch failed: nist_libs_2.5_wt_CeCl3_and_2.0_wt_SmCl3_and_2.0_wt_FeCl2.csv
 -> Network failure: HTTPSConnectionPool(host='physics.nist.gov', port=443): Read timed out.
[Run 6436/560000] ⚠️ No spectral lines or server fetch failed: nist_libs_2.5_wt_CeCl3_and_2.0_wt_SmCl3_and_3.0_wt_FeCl2.csv
 -> Network failure: HTTPSConnectionPool(host='physics.nist.gov', port=443): Read timed out.
[Run 6437/560000] ⚠️ No spectral lines or server fetch failed: nist_libs_2.5_wt_CeCl3_and_2.0_wt_SmCl3_and_3.5_wt_FeCl2.csv
 -> Network failure: HTTPSConnectionPool(host='physics.nist.gov', port=443): Read timed out.
 -> Network failure: HTTPSConnectionPool(host='physics.nist.gov', port=443): Read timed out.
[Run 6438/560000] ⚠️ No spectral lines or server fetch failed: nist_libs_2.5_wt_CeCl3_and_2.0_wt_SmCl3_and_4.0_wt_FeCl2.csv
[Run 6439/560000] ⚠️ No spectral lines or server fetch failed: nist_libs_2.5_wt_CeCl3_and_2.0_wt_SmCl3_and_4.5_wt_FeCl2.csv
 -> Network failure: HTTPSConnectionPool(host='physics.nist.gov', port=443): Read timed out.
[Run 6440/560000] ⚠️ No spectral lines or server fetch failed: nist_libs_2.5_wt_CeCl3_and_2.0_wt_SmCl3_and_5.0_wt_FeCl2.csv
 -> Network failure: HTTPSConnectionPool(host='physics.nist.gov', port=443): Read timed out.
[Run 6441/560000] ⚠️ No spectral lines or server fetch failed: nist_libs_2.5_wt_CeCl3_and_2.5_wt_SmCl3_and_0.5_wt_FeCl2.csv
[Run 6442/560000] ✅ Saved: nist_libs_2.5_wt_CeCl3_and_2.5_wt_SmCl3_and_1.0_wt_FeCl2.csv
[Run 6443/560000] ✅ Saved: nist_libs_2.5_wt_CeCl3_and_2.5_wt_SmCl3_and_1.5_wt_FeCl2.csv
[Run 6444/560000] ✅ Saved: nist_libs_2.5_wt_CeCl3_and_2.5_wt_SmCl3_and_2.0_wt_FeCl2.csv
[Run 6445/560000] ✅ Saved: nist_libs_2.5_wt_CeCl3_and_2.5_wt_SmCl3_and_2.5_wt_FeCl2.csv
[Run 6446/560000] ✅ Saved: nist_libs_2.5_wt_CeCl3_and_2.5_wt_SmCl3_and_3.0_wt_FeCl2.csv
[Run 6447/560000] ✅ Saved: nist_libs_2.5_wt_CeCl3_and_2.5_wt_SmCl3_and_3.5_wt_FeCl2.csv
[Run 6448/560000] ✅ Saved: nist_libs_2.5_wt_CeCl3_and_2.5_wt_SmCl3_and_4.0_wt_FeCl2.csv
[Run 6449/560000] ✅ Saved: nist_libs_2.5_wt_CeCl3_and_2.5_wt_SmCl3_and_4.5_wt_FeCl2.csv
 -> Network failure: HTTPSConnectionPool(host='physics.nist.gov', port=443): Read timed out.
[Run 6450/560000] ⚠️ No spectral lines or server fetch failed: nist_libs_2.5_wt_CeCl3_and_2.5_wt_SmCl3_and_5.0_wt_FeCl2.csv
 -> Network failure: HTTPSConnectionPool(host='physics.nist.gov', port=443): Read timed out.
[Run 6451/560000] ⚠️ No spectral lines or server fetch failed: nist_libs_2.5_wt_CeCl3_and_3.0_wt_SmCl3_and_0.5_wt_FeCl2.csv
 -> Network failure: HTTPSConnectionPool(host='physics.nist.gov', port=443): Read timed out.
[Run 6452/560000] ⚠️ No spectral lines or server fetch failed: nist_libs_2.5_wt_CeCl3_and_3.0_wt_SmCl3_and_1.0_wt_FeCl2.csv
 -> Network failure: HTTPSConnectionPool(host='physics.nist.gov', port=443): Read timed out.
[Run 6453/560000] ⚠️ No spectral lines or server fetch failed: nist_libs_2.5_wt_CeCl3_and_3.0_wt_SmCl3_and_1.5_wt_FeCl2.csv
 -> Network failure: HTTPSConnectionPool(host='physics.nist.gov', port=443): Read timed out.
[Run 6454/560000] ⚠️ No spectral lines or server fetch failed: nist_libs_2.5_wt_CeCl3_and_3.0_wt_SmCl3_and_2.0_wt_FeCl2.csv
 -> Network failure: HTTPSConnectionPool(host='physics.nist.gov', port=443): Read timed out.
[Run 6455/560000] ⚠️ No spectral lines or server fetch failed: nist_libs_2.5_wt_CeCl3_and_3.0_wt_SmCl3_and_2.5_wt_FeCl2.csv
 -> Network failure: HTTPSConnectionPool(host='physics.nist.gov', port=443): Read timed out.
[Run 6456/560000] ⚠️ No spectral lines or server fetch failed: nist_libs_2.5_wt_CeCl3_and_3.0_wt_SmCl3_and_3.0_wt_FeCl2.csv
 -> Network failure: HTTPSConnectionPool(host='physics.nist.gov', port=443): Read timed out.
[Run 6457/560000] ⚠️ No spectral lines or server fetch failed: nist_libs_2.5_wt_CeCl3_and_3.0_wt_SmCl3_and_3.5_wt_FeCl2.csv
 -> Network failure: HTTPSConnectionPool(host='physics.nist.gov', port=443): Read timed out.
[Run 6458/560000] ⚠️ No spectral lines or server fetch failed: nist_libs_2.5_wt_CeCl3_and_3.0_wt_SmCl3_and_4.0_wt_FeCl2.csv
 -> Network failure: HTTPSConnectionPool(host='physics.nist.gov', port=443): Read timed out.
[Run 6459/560000] ⚠️ No spectral lines or server fetch failed: nist_libs_2.5_wt_CeCl3_and_3.0_wt_SmCl3_and_4.5_wt_FeCl2.csv
 -> Network failure: HTTPSConnectionPool(host='physics.nist.gov', port=443): Read timed out.
[Run 6460/560000] ⚠️ No spectral lines or server fetch failed: nist_libs_2.5_wt_CeCl3_and_3.0_wt_SmCl3_and_5.0_wt_FeCl2.csv
 -> Network failure: HTTPSConnectionPool(host='physics.nist.gov', port=443): Read timed out.
[Run 6461/560000] ⚠️ No spectral lines or server fetch failed: nist_libs_2.5_wt_CeCl3_and_3.5_wt_SmCl3_and_0.5_wt_FeCl2.csv
 -> Network failure: HTTPSConnectionPool(host='physics.nist.gov', port=443): Read timed out.
[Run 6462/560000] ⚠️ No spectral lines or server fetch failed: nist_libs_2.5_wt_CeCl3_and_3.5_wt_SmCl3_and_1.0_wt_FeCl2.csv
 -> Network failure: HTTPSConnectionPool(host='physics.nist.gov', port=443): Read timed out.
[Run 6463/560000] ⚠️ No spectral lines or server fetch failed: nist_libs_2.5_wt_CeCl3_and_3.5_wt_SmCl3_and_1.5_wt_FeCl2.csv
 -> Network failure: HTTPSConnectionPool(host='physics.nist.gov', port=443): Read timed out.
[Run 6464/560000] ⚠️ No spectral lines or server fetch failed: nist_libs_2.5_wt_CeCl3_and_3.5_wt_SmCl3_and_2.0_wt_FeCl2.csv
 -> Network failure: HTTPSConnectionPool(host='physics.nist.gov', port=443): Read timed out.
[Run 6465/560000] ⚠️ No spectral lines or server fetch failed: nist_libs_2.5_wt_CeCl3_and_3.5_wt_SmCl3_and_2.5_wt_FeCl2.csv
 -> Network failure: HTTPSConnectionPool(host='physics.nist.gov', port=443): Read timed out.
[Run 6466/560000] ⚠️ No spectral lines or server fetch failed: nist_libs_2.5_wt_CeCl3_and_3.5_wt_SmCl3_and_3.0_wt_FeCl2.csv
 -> Network failure: HTTPSConnectionPool(host='physics.nist.gov', port=443): Read timed out.
[Run 6467/560000] ⚠️ No spectral lines or server fetch failed: nist_libs_2.5_wt_CeCl3_and_3.5_wt_SmCl3_and_3.5_wt_FeCl2.csv
 -> Network failure: HTTPSConnectionPool(host='physics.nist.gov', port=443): Read timed out.
[Run 6468/560000] ⚠️ No spectral lines or server fetch failed: nist_libs_2.5_wt_CeCl3_and_3.5_wt_SmCl3_and_4.0_wt_FeCl2.csv
 -> Network failure: HTTPSConnectionPool(host='physics.nist.gov', port=443): Read timed out.
[Run 6469/560000] ⚠️ No spectral lines or server fetch failed: nist_libs_2.5_wt_CeCl3_and_3.5_wt_SmCl3_and_4.5_wt_FeCl2.csv
 -> Network failure: HTTPSConnectionPool(host='physics.nist.gov', port=443): Read timed out.
[Run 6470/560000] ⚠️ No spectral lines or server fetch failed: nist_libs_2.5_wt_CeCl3_and_3.5_wt_SmCl3_and_5.0_wt_FeCl2.csv
 -> Network failure: HTTPSConnectionPool(host='physics.nist.gov', port=443): Read timed out.
[Run 6471/560000] ⚠️ No spectral lines or server fetch failed: nist_libs_2.5_wt_CeCl3_and_4.0_wt_SmCl3_and_0.5_wt_FeCl2.csv
 -> Network failure: HTTPSConnectionPool(host='physics.nist.gov', port=443): Read timed out.
[Run 6472/560000] ⚠️ No spectral lines or server fetch failed: nist_libs_2.5_wt_CeCl3_and_4.0_wt_SmCl3_and_1.0_wt_FeCl2.csv
 -> Network failure: HTTPSConnectionPool(host='physics.nist.gov', port=443): Read timed out.
[Run 6473/560000] ⚠️ No spectral lines or server fetch failed: nist_libs_2.5_wt_CeCl3_and_4.0_wt_SmCl3_and_1.5_wt_FeCl2.csv
[Run 6474/560000] ✅ Saved: nist_libs_2.5_wt_CeCl3_and_4.0_wt_SmCl3_and_2.0_wt_FeCl2.csv
[Run 6477/560000] ✅ Saved: nist_libs_2.5_wt_CeCl3_and_4.0_wt_SmCl3_and_3.5_wt_FeCl2.csv
[Run 6476/560000] ✅ Saved: nist_libs_2.5_wt_CeCl3_and_4.0_wt_SmCl3_and_3.0_wt_FeCl2.csv
[Run 6475/560000] ✅ Saved: nist_libs_2.5_wt_CeCl3_and_4.0_wt_SmCl3_and_2.5_wt_FeCl2.csv
[Run 6478/560000] ✅ Saved: nist_libs_2.5_wt_CeCl3_and_4.0_wt_SmCl3_and_4.0_wt_FeCl2.csv
[Run 6479/560000] ✅ Saved: nist_libs_2.5_wt_CeCl3_and_4.0_wt_SmCl3_and_4.5_wt_FeCl2.csv
[Run 6480/560000] ✅ Saved: nist_libs_2.5_wt_CeCl3_and_4.0_wt_SmCl3_and_5.0_wt_FeCl2.csv
[Run 6481/560000] ✅ Saved: nist_libs_2.5_wt_CeCl3_and_4.5_wt_SmCl3_and_0.5_wt_FeCl2.csv
[Run 6482/560000] ✅ Saved: nist_libs_2.5_wt_CeCl3_and_4.5_wt_SmCl3_and_1.0_wt_FeCl2.csv
[Run 6483/560000] ✅ Saved: nist_libs_2.5_wt_CeCl3_and_4.5_wt_SmCl3_and_1.5_wt_FeCl2.csv
[Run 6485/560000] ✅ Saved: nist_libs_2.5_wt_CeCl3_and_4.5_wt_SmCl3_and_2.5_wt_FeCl2.csv
[Run 6484/560000] ✅ Saved: nist_libs_2.5_wt_CeCl3_and_4.5_wt_SmCl3_and_2.0_wt_FeCl2.csv
[Run 6486/560000] ✅ Saved: nist_libs_2.5_wt_CeCl3_and_4.5_wt_SmCl3_and_3.0_wt_FeCl2.csv
[Run 6487/560000] ✅ Saved: nist_libs_2.5_wt_CeCl3_and_4.5_wt_SmCl3_and_3.5_wt_FeCl2.csv
 -> Network failure: HTTPSConnectionPool(host='physics.nist.gov', port=443): Read timed out.
[Run 6489/560000] ⚠️ No spectral lines or server fetch failed: nist_libs_2.5_wt_CeCl3_and_4.5_wt_SmCl3_and_4.5_wt_FeCl2.csv
 -> Network failure: HTTPSConnectionPool(host='physics.nist.gov', port=443): Read timed out.
[Run 6490/560000] ⚠️ No spectral lines or server fetch failed: nist_libs_2.5_wt_CeCl3_and_4.5_wt_SmCl3_and_5.0_wt_FeCl2.csv
[Run 6488/560000] ✅ Saved: nist_libs_2.5_wt_CeCl3_and_4.5_wt_SmCl3_and_4.0_wt_FeCl2.csv
 -> Network failure: HTTPSConnectionPool(host='physics.nist.gov', port=443): Read timed out.
[Run 6491/560000] ⚠️ No spectral lines or server fetch failed: nist_libs_2.5_wt_CeCl3_and_5.0_wt_SmCl3_and_0.5_wt_FeCl2.csv
 -> Network failure: HTTPSConnectionPool(host='physics.nist.gov', port=443): Read timed out.
[Run 6492/560000] ⚠️ No spectral lines or server fetch failed: nist_libs_2.5_wt_CeCl3_and_5.0_wt_SmCl3_and_1.0_wt_FeCl2.csv
 -> Network failure: HTTPSConnectionPool(host='physics.nist.gov', port=443): Read timed out.
[Run 6493/560000] ⚠️ No spectral lines or server fetch failed: nist_libs_2.5_wt_CeCl3_and_5.0_wt_SmCl3_and_1.5_wt_FeCl2.csv
 -> Network failure: HTTPSConnectionPool(host='physics.nist.gov', port=443): Read timed out.
[Run 6494/560000] ⚠️ No spectral lines or server fetch failed: nist_libs_2.5_wt_CeCl3_and_5.0_wt_SmCl3_and_2.0_wt_FeCl2.csv
 -> Network failure: HTTPSConnectionPool(host='physics.nist.gov', port=443): Read timed out.
[Run 6495/560000] ⚠️ No spectral lines or server fetch failed: nist_libs_2.5_wt_CeCl3_and_5.0_wt_SmCl3_and_2.5_wt_FeCl2.csv
 -> Network failure: HTTPSConnectionPool(host='physics.nist.gov', port=443): Read timed out.
[Run 6496/560000] ⚠️ No spectral lines or server fetch failed: nist_libs_2.5_wt_CeCl3_and_5.0_wt_SmCl3_and_3.0_wt_FeCl2.csv
 -> Network failure: HTTPSConnectionPool(host='physics.nist.gov', port=443): Read timed out.
[Run 6497/560000] ⚠️ No spectral lines or server fetch failed: nist_libs_2.5_wt_CeCl3_and_5.0_wt_SmCl3_and_3.5_wt_FeCl2.csv
 -> Network failure: HTTPSConnectionPool(host='physics.nist.gov', port=443): Read timed out.
[Run 6498/560000] ⚠️ No spectral lines or server fetch failed: nist_libs_2.5_wt_CeCl3_and_5.0_wt_SmCl3_and_4.0_wt_FeCl2.csv
 -> Network failure: HTTPSConnectionPool(host='physics.nist.gov', port=443): Read timed out.
[Run 6499/560000] ⚠️ No spectral lines or server fetch failed: nist_libs_2.5_wt_CeCl3_and_5.0_wt_SmCl3_and_4.5_wt_FeCl2.csv
 -> Network failure: HTTPSConnectionPool(host='physics.nist.gov', port=443): Read timed out.
[Run 6500/560000] ⚠️ No spectral lines or server fetch failed: nist_libs_2.5_wt_CeCl3_and_5.0_wt_SmCl3_and_5.0_wt_FeCl2.csv
 -> Network failure: HTTPSConnectionPool(host='physics.nist.gov', port=443): Read timed out.
[Run 6501/560000] ⚠️ No spectral lines or server fetch failed: nist_libs_3.0_wt_CeCl3_and_0.5_wt_SmCl3_and_0.5_wt_FeCl2.csv
 -> Network failure: HTTPSConnectionPool(host='physics.nist.gov', port=443): Read timed out.
[Run 6502/560000] ⚠️ No spectral lines or server fetch failed: nist_libs_3.0_wt_CeCl3_and_0.5_wt_SmCl3_and_1.0_wt_FeCl2.csv
 -> Network failure: HTTPSConnectionPool(host='physics.nist.gov', port=443): Read timed out.
[Run 6503/560000] ⚠️ No spectral lines or server fetch failed: nist_libs_3.0_wt_CeCl3_and_0.5_wt_SmCl3_and_1.5_wt_FeCl2.csv
 -> Network failure: HTTPSConnectionPool(host='physics.nist.gov', port=443): Read timed out.
[Run 6504/560000] ⚠️ No spectral lines or server fetch failed: nist_libs_3.0_wt_CeCl3_and_0.5_wt_SmCl3_and_2.0_wt_FeCl2.csv
 -> Network failure: HTTPSConnectionPool(host='physics.nist.gov', port=443): Read timed out.
[Run 6505/560000] ⚠️ No spectral lines or server fetch failed: nist_libs_3.0_wt_CeCl3_and_0.5_wt_SmCl3_and_2.5_wt_FeCl2.csv
 -> Network failure: HTTPSConnectionPool(host='physics.nist.gov', port=443): Read timed out.
[Run 6506/560000] ⚠️ No spectral lines or server fetch failed: nist_libs_3.0_wt_CeCl3_and_0.5_wt_SmCl3_and_3.0_wt_FeCl2.csv
 -> Network failure: HTTPSConnectionPool(host='physics.nist.gov', port=443): Read timed out.
[Run 6507/560000] ⚠️ No spectral lines or server fetch failed: nist_libs_3.0_wt_CeCl3_and_0.5_wt_SmCl3_and_3.5_wt_FeCl2.csv
 -> Network failure: HTTPSConnectionPool(host='physics.nist.gov', port=443): Read timed out.
[Run 6508/560000] ⚠️ No spectral lines or server fetch failed: nist_libs_3.0_wt_CeCl3_and_0.5_wt_SmCl3_and_4.0_wt_FeCl2.csv
 -> Network failure: HTTPSConnectionPool(host='physics.nist.gov', port=443): Read timed out.
[Run 6509/560000] ⚠️ No spectral lines or server fetch failed: nist_libs_3.0_wt_CeCl3_and_0.5_wt_SmCl3_and_4.5_wt_FeCl2.csv
 -> Network failure: HTTPSConnectionPool(host='physics.nist.gov', port=443): Read timed out.
[Run 6510/560000] ⚠️ No spectral lines or server fetch failed: nist_libs_3.0_wt_CeCl3_and_0.5_wt_SmCl3_and_5.0_wt_FeCl2.csv
 -> Network failure: HTTPSConnectionPool(host='physics.nist.gov', port=443): Read timed out.
[Run 6511/560000] ⚠️ No spectral lines or server fetch failed: nist_libs_3.0_wt_CeCl3_and_1.0_wt_SmCl3_and_0.5_wt_FeCl2.csv
 -> Network failure: HTTPSConnectionPool(host='physics.nist.gov', port=443): Read timed out.
[Run 6512/560000] ⚠️ No spectral lines or server fetch failed: nist_libs_3.0_wt_CeCl3_and_1.0_wt_SmCl3_and_1.0_wt_FeCl2.csv
 -> Network failure: HTTPSConnectionPool(host='physics.nist.gov', port=443): Read timed out.
[Run 6513/560000] ⚠️ No spectral lines or server fetch failed: nist_libs_3.0_wt_CeCl3_and_1.0_wt_SmCl3_and_1.5_wt_FeCl2.csv
 -> Network failure: HTTPSConnectionPool(host='physics.nist.gov', port=443): Read timed out.
[Run 6514/560000] ⚠️ No spectral lines or server fetch failed: nist_libs_3.0_wt_CeCl3_and_1.0_wt_SmCl3_and_2.0_wt_FeCl2.csv
 -> Network failure: HTTPSConnectionPool(host='physics.nist.gov', port=443): Read timed out.
[Run 6515/560000] ⚠️ No spectral lines or server fetch failed: nist_libs_3.0_wt_CeCl3_and_1.0_wt_SmCl3_and_2.5_wt_FeCl2.csv
 -> Network failure: HTTPSConnectionPool(host='physics.nist.gov', port=443): Read timed out.
[Run 6516/560000] ⚠️ No spectral lines or server fetch failed: nist_libs_3.0_wt_CeCl3_and_1.0_wt_SmCl3_and_3.0_wt_FeCl2.csv
[Run 6517/560000] ✅ Saved: nist_libs_3.0_wt_CeCl3_and_1.0_wt_SmCl3_and_3.5_wt_FeCl2.csv
[Run 6518/560000] ✅ Saved: nist_libs_3.0_wt_CeCl3_and_1.0_wt_SmCl3_and_4.0_wt_FeCl2.csv
[Run 6519/560000] ✅ Saved: nist_libs_3.0_wt_CeCl3_and_1.0_wt_SmCl3_and_4.5_wt_FeCl2.csv
[Run 6520/560000] ✅ Saved: nist_libs_3.0_wt_CeCl3_and_1.0_wt_SmCl3_and_5.0_wt_FeCl2.csv
[Run 6521/560000] ✅ Saved: nist_libs_3.0_wt_CeCl3_and_1.5_wt_SmCl3_and_0.5_wt_FeCl2.csv
[Run 6522/560000] ✅ Saved: nist_libs_3.0_wt_CeCl3_and_1.5_wt_SmCl3_and_1.0_wt_FeCl2.csv
[Run 6523/560000] ✅ Saved: nist_libs_3.0_wt_CeCl3_and_1.5_wt_SmCl3_and_1.5_wt_FeCl2.csv
[Run 6524/560000] ✅ Saved: nist_libs_3.0_wt_CeCl3_and_1.5_wt_SmCl3_and_2.0_wt_FeCl2.csv
[Run 6525/560000] ✅ Saved: nist_libs_3.0_wt_CeCl3_and_1.5_wt_SmCl3_and_2.5_wt_FeCl2.csv
[Run 6526/560000] ✅ Saved: nist_libs_3.0_wt_CeCl3_and_1.5_wt_SmCl3_and_3.0_wt_FeCl2.csv
[Run 6527/560000] ✅ Saved: nist_libs_3.0_wt_CeCl3_and_1.5_wt_SmCl3_and_3.5_wt_FeCl2.csv
[Run 6528/560000] ✅ Saved: nist_libs_3.0_wt_CeCl3_and_1.5_wt_SmCl3_and_4.0_wt_FeCl2.csv
[Run 6529/560000] ✅ Saved: nist_libs_3.0_wt_CeCl3_and_1.5_wt_SmCl3_and_4.5_wt_FeCl2.csv
 -> Network failure: HTTPSConnectionPool(host='physics.nist.gov', port=443): Read timed out.
[Run 6530/560000] ⚠️ No spectral lines or server fetch failed: nist_libs_3.0_wt_CeCl3_and_1.5_wt_SmCl3_and_5.0_wt_FeCl2.csv
 -> Network failure: HTTPSConnectionPool(host='physics.nist.gov', port=443): Read timed out.
[Run 6531/560000] ⚠️ No spectral lines or server fetch failed: nist_libs_3.0_wt_CeCl3_and_2.0_wt_SmCl3_and_0.5_wt_FeCl2.csv
 -> Network failure: HTTPSConnectionPool(host='physics.nist.gov', port=443): Read timed out.
[Run 6532/560000] ⚠️ No spectral lines or server fetch failed: nist_libs_3.0_wt_CeCl3_and_2.0_wt_SmCl3_and_1.0_wt_FeCl2.csv
 -> Network failure: HTTPSConnectionPool(host='physics.nist.gov', port=443): Read timed out.
[Run 6533/560000] ⚠️ No spectral lines or server fetch failed: nist_libs_3.0_wt_CeCl3_and_2.0_wt_SmCl3_and_1.5_wt_FeCl2.csv
 -> Network failure: HTTPSConnectionPool(host='physics.nist.gov', port=443): Read timed out.
 -> Network failure: HTTPSConnectionPool(host='physics.nist.gov', port=443): Read timed out.
[Run 6534/560000] ⚠️ No spectral lines or server fetch failed: nist_libs_3.0_wt_CeCl3_and_2.0_wt_SmCl3_and_2.0_wt_FeCl2.csv
[Run 6535/560000] ⚠️ No spectral lines or server fetch failed: nist_libs_3.0_wt_CeCl3_and_2.0_wt_SmCl3_and_2.5_wt_FeCl2.csv
 -> Network failure: HTTPSConnectionPool(host='physics.nist.gov', port=443): Read timed out.
[Run 6536/560000] ⚠️ No spectral lines or server fetch failed: nist_libs_3.0_wt_CeCl3_and_2.0_wt_SmCl3_and_3.0_wt_FeCl2.csv
 -> Network failure: HTTPSConnectionPool(host='physics.nist.gov', port=443): Read timed out.
[Run 6537/560000] ⚠️ No spectral lines or server fetch failed: nist_libs_3.0_wt_CeCl3_and_2.0_wt_SmCl3_and_3.5_wt_FeCl2.csv
 -> Network failure: HTTPSConnectionPool(host='physics.nist.gov', port=443): Read timed out.
[Run 6538/560000] ⚠️ No spectral lines or server fetch failed: nist_libs_3.0_wt_CeCl3_and_2.0_wt_SmCl3_and_4.0_wt_FeCl2.csv
 -> Network failure: HTTPSConnectionPool(host='physics.nist.gov', port=443): Read timed out.
[Run 6539/560000] ⚠️ No spectral lines or server fetch failed: nist_libs_3.0_wt_CeCl3_and_2.0_wt_SmCl3_and_4.5_wt_FeCl2.csv
 -> Network failure: HTTPSConnectionPool(host='physics.nist.gov', port=443): Read timed out.
[Run 6540/560000] ⚠️ No spectral lines or server fetch failed: nist_libs_3.0_wt_CeCl3_and_2.0_wt_SmCl3_and_5.0_wt_FeCl2.csv
 -> Network failure: HTTPSConnectionPool(host='physics.nist.gov', port=443): Read timed out.
[Run 6541/560000] ⚠️ No spectral lines or server fetch failed: nist_libs_3.0_wt_CeCl3_and_2.5_wt_SmCl3_and_0.5_wt_FeCl2.csv
 -> Network failure: HTTPSConnectionPool(host='physics.nist.gov', port=443): Read timed out.
[Run 6542/560000] ⚠️ No spectral lines or server fetch failed: nist_libs_3.0_wt_CeCl3_and_2.5_wt_SmCl3_and_1.0_wt_FeCl2.csv
 -> Network failure: HTTPSConnectionPool(host='physics.nist.gov', port=443): Read timed out.
[Run 6543/560000] ⚠️ No spectral lines or server fetch failed: nist_libs_3.0_wt_CeCl3_and_2.5_wt_SmCl3_and_1.5_wt_FeCl2.csv
 -> Network failure: HTTPSConnectionPool(host='physics.nist.gov', port=443): Read timed out.
[Run 6544/560000] ⚠️ No spectral lines or server fetch failed: nist_libs_3.0_wt_CeCl3_and_2.5_wt_SmCl3_and_2.0_wt_FeCl2.csv
 -> Network failure: HTTPSConnectionPool(host='physics.nist.gov', port=443): Read timed out.
[Run 6545/560000] ⚠️ No spectral lines or server fetch failed: nist_libs_3.0_wt_CeCl3_and_2.5_wt_SmCl3_and_2.5_wt_FeCl2.csv
 -> Network failure: HTTPSConnectionPool(host='physics.nist.gov', port=443): Read timed out.
[Run 6546/560000] ⚠️ No spectral lines or server fetch failed: nist_libs_3.0_wt_CeCl3_and_2.5_wt_SmCl3_and_3.0_wt_FeCl2.csv
 -> Network failure: HTTPSConnectionPool(host='physics.nist.gov', port=443): Read timed out.
 -> Network failure: HTTPSConnectionPool(host='physics.nist.gov', port=443): Read timed out.
[Run 6547/560000] ⚠️ No spectral lines or server fetch failed: nist_libs_3.0_wt_CeCl3_and_2.5_wt_SmCl3_and_3.5_wt_FeCl2.csv
[Run 6548/560000] ⚠️ No spectral lines or server fetch failed: nist_libs_3.0_wt_CeCl3_and_2.5_wt_SmCl3_and_4.0_wt_FeCl2.csv
 -> Network failure: HTTPSConnectionPool(host='physics.nist.gov', port=443): Read timed out.
[Run 6549/560000] ⚠️ No spectral lines or server fetch failed: nist_libs_3.0_wt_CeCl3_and_2.5_wt_SmCl3_and_4.5_wt_FeCl2.csv
 -> Network failure: HTTPSConnectionPool(host='physics.nist.gov', port=443): Read timed out.
[Run 6550/560000] ⚠️ No spectral lines or server fetch failed: nist_libs_3.0_wt_CeCl3_and_2.5_wt_SmCl3_and_5.0_wt_FeCl2.csv
 -> Network failure: HTTPSConnectionPool(host='physics.nist.gov', port=443): Read timed out.
 -> Network failure: HTTPSConnectionPool(host='physics.nist.gov', port=443): Read timed out.
[Run 6551/560000] ⚠️ No spectral lines or server fetch failed: nist_libs_3.0_wt_CeCl3_and_3.0_wt_SmCl3_and_0.5_wt_FeCl2.csv
[Run 6552/560000] ⚠️ No spectral lines or server fetch failed: nist_libs_3.0_wt_CeCl3_and_3.0_wt_SmCl3_and_1.0_wt_FeCl2.csv
 -> Network failure: HTTPSConnectionPool(host='physics.nist.gov', port=443): Read timed out.
[Run 6553/560000] ⚠️ No spectral lines or server fetch failed: nist_libs_3.0_wt_CeCl3_and_3.0_wt_SmCl3_and_1.5_wt_FeCl2.csv
 -> Network failure: HTTPSConnectionPool(host='physics.nist.gov', port=443): Read timed out.
[Run 6554/560000] ⚠️ No spectral lines or server fetch failed: nist_libs_3.0_wt_CeCl3_and_3.0_wt_SmCl3_and_2.0_wt_FeCl2.csv
 -> Network failure: HTTPSConnectionPool(host='physics.nist.gov', port=443): Read timed out.
 -> Network failure: HTTPSConnectionPool(host='physics.nist.gov', port=443): Read timed out.
[Run 6555/560000] ⚠️ No spectral lines or server fetch failed: nist_libs_3.0_wt_CeCl3_and_3.0_wt_SmCl3_and_2.5_wt_FeCl2.csv
[Run 6556/560000] ⚠️ No spectral lines or server fetch failed: nist_libs_3.0_wt_CeCl3_and_3.0_wt_SmCl3_and_3.0_wt_FeCl2.csv
[Run 6557/560000] ✅ Saved: nist_libs_3.0_wt_CeCl3_and_3.0_wt_SmCl3_and_3.5_wt_FeCl2.csv
[Run 6558/560000] ✅ Saved: nist_libs_3.0_wt_CeCl3_and_3.0_wt_SmCl3_and_4.0_wt_FeCl2.csv
[Run 6559/560000] ✅ Saved: nist_libs_3.0_wt_CeCl3_and_3.0_wt_SmCl3_and_4.5_wt_FeCl2.csv
[Run 6560/560000] ✅ Saved: nist_libs_3.0_wt_CeCl3_and_3.0_wt_SmCl3_and_5.0_wt_FeCl2.csv
[Run 6561/560000] ✅ Saved: nist_libs_3.0_wt_CeCl3_and_3.5_wt_SmCl3_and_0.5_wt_FeCl2.csv
[Run 6562/560000] ✅ Saved: nist_libs_3.0_wt_CeCl3_and_3.5_wt_SmCl3_and_1.0_wt_FeCl2.csv
[Run 6563/560000] ✅ Saved: nist_libs_3.0_wt_CeCl3_and_3.5_wt_SmCl3_and_1.5_wt_FeCl2.csv
[Run 6564/560000] ✅ Saved: nist_libs_3.0_wt_CeCl3_and_3.5_wt_SmCl3_and_2.0_wt_FeCl2.csv
[Run 6565/560000] ✅ Saved: nist_libs_3.0_wt_CeCl3_and_3.5_wt_SmCl3_and_2.5_wt_FeCl2.csv
[Run 6566/560000] ✅ Saved: nist_libs_3.0_wt_CeCl3_and_3.5_wt_SmCl3_and_3.0_wt_FeCl2.csv
 -> Network failure: HTTPSConnectionPool(host='physics.nist.gov', port=443): Read timed out.
[Run 6569/560000] ⚠️ No spectral lines or server fetch failed: nist_libs_3.0_wt_CeCl3_and_3.5_wt_SmCl3_and_4.5_wt_FeCl2.csv
[Run 6567/560000] ✅ Saved: nist_libs_3.0_wt_CeCl3_and_3.5_wt_SmCl3_and_3.5_wt_FeCl2.csv
[Run 6568/560000] ✅ Saved: nist_libs_3.0_wt_CeCl3_and_3.5_wt_SmCl3_and_4.0_wt_FeCl2.csv
 -> Network failure: HTTPSConnectionPool(host='physics.nist.gov', port=443): Read timed out.
[Run 6570/560000] ⚠️ No spectral lines or server fetch failed: nist_libs_3.0_wt_CeCl3_and_3.5_wt_SmCl3_and_5.0_wt_FeCl2.csv
 -> Network failure: HTTPSConnectionPool(host='physics.nist.gov', port=443): Read timed out.
[Run 6571/560000] ⚠️ No spectral lines or server fetch failed: nist_libs_3.0_wt_CeCl3_and_4.0_wt_SmCl3_and_0.5_wt_FeCl2.csv
 -> Network failure: HTTPSConnectionPool(host='physics.nist.gov', port=443): Read timed out.
[Run 6572/560000] ⚠️ No spectral lines or server fetch failed: nist_libs_3.0_wt_CeCl3_and_4.0_wt_SmCl3_and_1.0_wt_FeCl2.csv
 -> Network failure: HTTPSConnectionPool(host='physics.nist.gov', port=443): Read timed out.
 -> Network failure: HTTPSConnectionPool(host='physics.nist.gov', port=443): Read timed out.
[Run 6573/560000] ⚠️ No spectral lines or server fetch failed: nist_libs_3.0_wt_CeCl3_and_4.0_wt_SmCl3_and_1.5_wt_FeCl2.csv
[Run 6574/560000] ⚠️ No spectral lines or server fetch failed: nist_libs_3.0_wt_CeCl3_and_4.0_wt_SmCl3_and_2.0_wt_FeCl2.csv
 -> Network failure: HTTPSConnectionPool(host='physics.nist.gov', port=443): Read timed out.
[Run 6575/560000] ⚠️ No spectral lines or server fetch failed: nist_libs_3.0_wt_CeCl3_and_4.0_wt_SmCl3_and_2.5_wt_FeCl2.csv
 -> Network failure: HTTPSConnectionPool(host='physics.nist.gov', port=443): Read timed out.
[Run 6576/560000] ⚠️ No spectral lines or server fetch failed: nist_libs_3.0_wt_CeCl3_and_4.0_wt_SmCl3_and_3.0_wt_FeCl2.csv
 -> Network failure: HTTPSConnectionPool(host='physics.nist.gov', port=443): Read timed out.
 -> Network failure: HTTPSConnectionPool(host='physics.nist.gov', port=443): Read timed out.
[Run 6578/560000] ⚠️ No spectral lines or server fetch failed: nist_libs_3.0_wt_CeCl3_and_4.0_wt_SmCl3_and_4.0_wt_FeCl2.csv
[Run 6577/560000] ⚠️ No spectral lines or server fetch failed: nist_libs_3.0_wt_CeCl3_and_4.0_wt_SmCl3_and_3.5_wt_FeCl2.csv
 -> Network failure: HTTPSConnectionPool(host='physics.nist.gov', port=443): Read timed out.
[Run 6579/560000] ⚠️ No spectral lines or server fetch failed: nist_libs_3.0_wt_CeCl3_and_4.0_wt_SmCl3_and_4.5_wt_FeCl2.csv
 -> Network failure: HTTPSConnectionPool(host='physics.nist.gov', port=443): Read timed out.
[Run 6580/560000] ⚠️ No spectral lines or server fetch failed: nist_libs_3.0_wt_CeCl3_and_4.0_wt_SmCl3_and_5.0_wt_FeCl2.csv
 -> Network failure: HTTPSConnectionPool(host='physics.nist.gov', port=443): Read timed out.
[Run 6582/560000] ⚠️ No spectral lines or server fetch failed: nist_libs_3.0_wt_CeCl3_and_4.5_wt_SmCl3_and_1.0_wt_FeCl2.csv
 -> Network failure: HTTPSConnectionPool(host='physics.nist.gov', port=443): Read timed out.
[Run 6581/560000] ⚠️ No spectral lines or server fetch failed: nist_libs_3.0_wt_CeCl3_and_4.5_wt_SmCl3_and_0.5_wt_FeCl2.csv
 -> Network failure: HTTPSConnectionPool(host='physics.nist.gov', port=443): Read timed out.
[Run 6583/560000] ⚠️ No spectral lines or server fetch failed: nist_libs_3.0_wt_CeCl3_and_4.5_wt_SmCl3_and_1.5_wt_FeCl2.csv
 -> Network failure: HTTPSConnectionPool(host='physics.nist.gov', port=443): Read timed out.
[Run 6584/560000] ⚠️ No spectral lines or server fetch failed: nist_libs_3.0_wt_CeCl3_and_4.5_wt_SmCl3_and_2.0_wt_FeCl2.csv
 -> Network failure: HTTPSConnectionPool(host='physics.nist.gov', port=443): Read timed out.
[Run 6585/560000] ⚠️ No spectral lines or server fetch failed: nist_libs_3.0_wt_CeCl3_and_4.5_wt_SmCl3_and_2.5_wt_FeCl2.csv
 -> Network failure: HTTPSConnectionPool(host='physics.nist.gov', port=443): Read timed out.
[Run 6586/560000] ⚠️ No spectral lines or server fetch failed: nist_libs_3.0_wt_CeCl3_and_4.5_wt_SmCl3_and_3.0_wt_FeCl2.csv
 -> Network failure: HTTPSConnectionPool(host='physics.nist.gov', port=443): Read timed out.
[Run 6587/560000] ⚠️ No spectral lines or server fetch failed: nist_libs_3.0_wt_CeCl3_and_4.5_wt_SmCl3_and_3.5_wt_FeCl2.csv
 -> Network failure: HTTPSConnectionPool(host='physics.nist.gov', port=443): Read timed out.
[Run 6588/560000] ⚠️ No spectral lines or server fetch failed: nist_libs_3.0_wt_CeCl3_and_4.5_wt_SmCl3_and_4.0_wt_FeCl2.csv
 -> Network failure: HTTPSConnectionPool(host='physics.nist.gov', port=443): Read timed out.
[Run 6589/560000] ⚠️ No spectral lines or server fetch failed: nist_libs_3.0_wt_CeCl3_and_4.5_wt_SmCl3_and_4.5_wt_FeCl2.csv
 -> Network failure: HTTPSConnectionPool(host='physics.nist.gov', port=443): Read timed out.
[Run 6590/560000] ⚠️ No spectral lines or server fetch failed: nist_libs_3.0_wt_CeCl3_and_4.5_wt_SmCl3_and_5.0_wt_FeCl2.csv
 -> Network failure: HTTPSConnectionPool(host='physics.nist.gov', port=443): Read timed out.
[Run 6591/560000] ⚠️ No spectral lines or server fetch failed: nist_libs_3.0_wt_CeCl3_and_5.0_wt_SmCl3_and_0.5_wt_FeCl2.csv
 -> Network failure: HTTPSConnectionPool(host='physics.nist.gov', port=443): Read timed out.
[Run 6592/560000] ⚠️ No spectral lines or server fetch failed: nist_libs_3.0_wt_CeCl3_and_5.0_wt_SmCl3_and_1.0_wt_FeCl2.csv
 -> Network failure: HTTPSConnectionPool(host='physics.nist.gov', port=443): Read timed out.
[Run 6593/560000] ⚠️ No spectral lines or server fetch failed: nist_libs_3.0_wt_CeCl3_and_5.0_wt_SmCl3_and_1.5_wt_FeCl2.csv
 -> Network failure: HTTPSConnectionPool(host='physics.nist.gov', port=443): Read timed out.
[Run 6594/560000] ⚠️ No spectral lines or server fetch failed: nist_libs_3.0_wt_CeCl3_and_5.0_wt_SmCl3_and_2.0_wt_FeCl2.csv
 -> Network failure: HTTPSConnectionPool(host='physics.nist.gov', port=443): Read timed out.
[Run 6595/560000] ⚠️ No spectral lines or server fetch failed: nist_libs_3.0_wt_CeCl3_and_5.0_wt_SmCl3_and_2.5_wt_FeCl2.csv
[Run 6596/560000] ✅ Saved: nist_libs_3.0_wt_CeCl3_and_5.0_wt_SmCl3_and_3.0_wt_FeCl2.csv
[Run 6597/560000] ✅ Saved: nist_libs_3.0_wt_CeCl3_and_5.0_wt_SmCl3_and_3.5_wt_FeCl2.csv
[Run 6598/560000] ✅ Saved: nist_libs_3.0_wt_CeCl3_and_5.0_wt_SmCl3_and_4.0_wt_FeCl2.csv
[Run 6599/560000] ✅ Saved: nist_libs_3.0_wt_CeCl3_and_5.0_wt_SmCl3_and_4.5_wt_FeCl2.csv
[Run 6600/560000] ✅ Saved: nist_libs_3.0_wt_CeCl3_and_5.0_wt_SmCl3_and_5.0_wt_FeCl2.csv
[Run 6601/560000] ✅ Saved: nist_libs_3.5_wt_CeCl3_and_0.5_wt_SmCl3_and_0.5_wt_FeCl2.csv
[Run 6602/560000] ✅ Saved: nist_libs_3.5_wt_CeCl3_and_0.5_wt_SmCl3_and_1.0_wt_FeCl2.csv
[Run 6603/560000] ✅ Saved: nist_libs_3.5_wt_CeCl3_and_0.5_wt_SmCl3_and_1.5_wt_FeCl2.csv
 -> Network failure: HTTPSConnectionPool(host='physics.nist.gov', port=443): Read timed out.
[Run 6604/560000] ⚠️ No spectral lines or server fetch failed: nist_libs_3.5_wt_CeCl3_and_0.5_wt_SmCl3_and_2.0_wt_FeCl2.csv
 -> Network failure: HTTPSConnectionPool(host='physics.nist.gov', port=443): Read timed out.
[Run 6605/560000] ⚠️ No spectral lines or server fetch failed: nist_libs_3.5_wt_CeCl3_and_0.5_wt_SmCl3_and_2.5_wt_FeCl2.csv
 -> Network failure: HTTPSConnectionPool(host='physics.nist.gov', port=443): Read timed out.
[Run 6606/560000] ⚠️ No spectral lines or server fetch failed: nist_libs_3.5_wt_CeCl3_and_0.5_wt_SmCl3_and_3.0_wt_FeCl2.csv
 -> Network failure: HTTPSConnectionPool(host='physics.nist.gov', port=443): Read timed out.
[Run 6607/560000] ⚠️ No spectral lines or server fetch failed: nist_libs_3.5_wt_CeCl3_and_0.5_wt_SmCl3_and_3.5_wt_FeCl2.csv
 -> Network failure: HTTPSConnectionPool(host='physics.nist.gov', port=443): Read timed out.
[Run 6608/560000] ⚠️ No spectral lines or server fetch failed: nist_libs_3.5_wt_CeCl3_and_0.5_wt_SmCl3_and_4.0_wt_FeCl2.csv
 -> Network failure: HTTPSConnectionPool(host='physics.nist.gov', port=443): Read timed out.
[Run 6609/560000] ⚠️ No spectral lines or server fetch failed: nist_libs_3.5_wt_CeCl3_and_0.5_wt_SmCl3_and_4.5_wt_FeCl2.csv
 -> Network failure: HTTPSConnectionPool(host='physics.nist.gov', port=443): Read timed out.
[Run 6610/560000] ⚠️ No spectral lines or server fetch failed: nist_libs_3.5_wt_CeCl3_and_0.5_wt_SmCl3_and_5.0_wt_FeCl2.csv
 -> Network failure: HTTPSConnectionPool(host='physics.nist.gov', port=443): Read timed out.
[Run 6611/560000] ⚠️ No spectral lines or server fetch failed: nist_libs_3.5_wt_CeCl3_and_1.0_wt_SmCl3_and_0.5_wt_FeCl2.csv
 -> Network failure: HTTPSConnectionPool(host='physics.nist.gov', port=443): Read timed out.
[Run 6612/560000] ⚠️ No spectral lines or server fetch failed: nist_libs_3.5_wt_CeCl3_and_1.0_wt_SmCl3_and_1.0_wt_FeCl2.csv
 -> Network failure: HTTPSConnectionPool(host='physics.nist.gov', port=443): Read timed out.
[Run 6613/560000] ⚠️ No spectral lines or server fetch failed: nist_libs_3.5_wt_CeCl3_and_1.0_wt_SmCl3_and_1.5_wt_FeCl2.csv
 -> Network failure: HTTPSConnectionPool(host='physics.nist.gov', port=443): Read timed out.
[Run 6614/560000] ⚠️ No spectral lines or server fetch failed: nist_libs_3.5_wt_CeCl3_and_1.0_wt_SmCl3_and_2.0_wt_FeCl2.csv
 -> Network failure: HTTPSConnectionPool(host='physics.nist.gov', port=443): Read timed out.
[Run 6615/560000] ⚠️ No spectral lines or server fetch failed: nist_libs_3.5_wt_CeCl3_and_1.0_wt_SmCl3_and_2.5_wt_FeCl2.csv
 -> Network failure: HTTPSConnectionPool(host='physics.nist.gov', port=443): Read timed out.
[Run 6616/560000] ⚠️ No spectral lines or server fetch failed: nist_libs_3.5_wt_CeCl3_and_1.0_wt_SmCl3_and_3.0_wt_FeCl2.csv
 -> Network failure: HTTPSConnectionPool(host='physics.nist.gov', port=443): Read timed out.
[Run 6617/560000] ⚠️ No spectral lines or server fetch failed: nist_libs_3.5_wt_CeCl3_and_1.0_wt_SmCl3_and_3.5_wt_FeCl2.csv
 -> Network failure: HTTPSConnectionPool(host='physics.nist.gov', port=443): Read timed out.
[Run 6618/560000] ⚠️ No spectral lines or server fetch failed: nist_libs_3.5_wt_CeCl3_and_1.0_wt_SmCl3_and_4.0_wt_FeCl2.csv
 -> Network failure: HTTPSConnectionPool(host='physics.nist.gov', port=443): Read timed out.
[Run 6619/560000] ⚠️ No spectral lines or server fetch failed: nist_libs_3.5_wt_CeCl3_and_1.0_wt_SmCl3_and_4.5_wt_FeCl2.csv
 -> Network failure: HTTPSConnectionPool(host='physics.nist.gov', port=443): Read timed out.
[Run 6620/560000] ⚠️ No spectral lines or server fetch failed: nist_libs_3.5_wt_CeCl3_and_1.0_wt_SmCl3_and_5.0_wt_FeCl2.csv
