==========================================================
Job Started: Wed Sep  2 12:08:49 PM EDT 2026
Running on node: athena204
Job ID: 3075328
Scratch Directory: /tmp/slurm_3075328
==========================================================
NIST_data.py loading ...
🔍 Inspecting existing ZIP archives in persistent storage...
ℹ️ Found 51006 CSVs already packaged in ZIP files.
🔍 Pre-scanning grid to find uncompleted runs...
🚀 Found 508994 remaining simulation runs to execute.
⚡ Processing with 4 concurrent threads (1.2s worker delay)...
[Run 3/508994] ✅ Saved: 20260902_1209_nist_libs_0.5_wt_CeCl3_and_0.5_wt_SrCl2_and_4.5_wt_YCl3.csv
[Run 2/508994] ✅ Saved: 20260902_1209_nist_libs_0.5_wt_CeCl3_and_0.5_wt_SrCl2_and_4.0_wt_YCl3.csv
[Run 4/508994] ✅ Saved: 20260902_1209_nist_libs_0.5_wt_CeCl3_and_0.5_wt_SrCl2_and_5.0_wt_YCl3.csv
[Run 1/508994] ✅ Saved: 20260902_1209_nist_libs_0.5_wt_CeCl3_and_0.5_wt_SrCl2_and_3.5_wt_YCl3.csv
[Run 6/508994] ✅ Saved: 20260902_1209_nist_libs_0.5_wt_CeCl3_and_1.0_wt_SrCl2_and_1.0_wt_YCl3.csv
[Run 5/508994] ✅ Saved: 20260902_1209_nist_libs_0.5_wt_CeCl3_and_1.0_wt_SrCl2_and_0.5_wt_YCl3.csv
[Run 7/508994] ✅ Saved: 20260902_1209_nist_libs_0.5_wt_CeCl3_and_1.0_wt_SrCl2_and_1.5_wt_YCl3.csv
[Run 8/508994] ✅ Saved: 20260902_1209_nist_libs_0.5_wt_CeCl3_and_1.0_wt_SrCl2_and_2.0_wt_YCl3.csv
[Run 9/508994] ✅ Saved: 20260902_1209_nist_libs_0.5_wt_CeCl3_and_1.0_wt_SrCl2_and_2.5_wt_YCl3.csv
[Run 11/508994] ✅ Saved: 20260902_1209_nist_libs_0.5_wt_CeCl3_and_1.0_wt_SrCl2_and_3.5_wt_YCl3.csv
[Run 10/508994] ✅ Saved: 20260902_1209_nist_libs_0.5_wt_CeCl3_and_1.0_wt_SrCl2_and_3.0_wt_YCl3.csv
[Run 12/508994] ✅ Saved: 20260902_1209_nist_libs_0.5_wt_CeCl3_and_1.0_wt_SrCl2_and_4.0_wt_YCl3.csv
[Run 13/508994] ✅ Saved: 20260902_1209_nist_libs_0.5_wt_CeCl3_and_1.0_wt_SrCl2_and_4.5_wt_YCl3.csv
[Run 15/508994] ✅ Saved: 20260902_1209_nist_libs_0.5_wt_CeCl3_and_1.5_wt_SrCl2_and_0.5_wt_YCl3.csv
[Run 16/508994] ✅ Saved: 20260902_1209_nist_libs_0.5_wt_CeCl3_and_1.5_wt_SrCl2_and_1.0_wt_YCl3.csv
[Run 14/508994] ✅ Saved: 20260902_1209_nist_libs_0.5_wt_CeCl3_and_1.0_wt_SrCl2_and_5.0_wt_YCl3.csv
[Run 17/508994] ✅ Saved: 20260902_1209_nist_libs_0.5_wt_CeCl3_and_1.5_wt_SrCl2_and_1.5_wt_YCl3.csv
[Run 18/508994] ✅ Saved: 20260902_1209_nist_libs_0.5_wt_CeCl3_and_1.5_wt_SrCl2_and_2.0_wt_YCl3.csv
[Run 19/508994] ✅ Saved: 20260902_1209_nist_libs_0.5_wt_CeCl3_and_1.5_wt_SrCl2_and_2.5_wt_YCl3.csv
[Run 20/508994] ✅ Saved: 20260902_1209_nist_libs_0.5_wt_CeCl3_and_1.5_wt_SrCl2_and_3.0_wt_YCl3.csv
[Run 21/508994] ✅ Saved: 20260902_1209_nist_libs_0.5_wt_CeCl3_and_1.5_wt_SrCl2_and_3.5_wt_YCl3.csv
[Run 22/508994] ✅ Saved: 20260902_1209_nist_libs_0.5_wt_CeCl3_and_1.5_wt_SrCl2_and_4.0_wt_YCl3.csv
[Run 23/508994] ✅ Saved: 20260902_1209_nist_libs_0.5_wt_CeCl3_and_1.5_wt_SrCl2_and_4.5_wt_YCl3.csv
[Run 24/508994] ✅ Saved: 20260902_1209_nist_libs_0.5_wt_CeCl3_and_1.5_wt_SrCl2_and_5.0_wt_YCl3.csv
[Run 25/508994] ✅ Saved: 20260902_1209_nist_libs_0.5_wt_CeCl3_and_2.0_wt_SrCl2_and_0.5_wt_YCl3.csv
[Run 26/508994] ✅ Saved: 20260902_1209_nist_libs_0.5_wt_CeCl3_and_2.0_wt_SrCl2_and_1.0_wt_YCl3.csv
[Run 28/508994] ✅ Saved: 20260902_1209_nist_libs_0.5_wt_CeCl3_and_2.0_wt_SrCl2_and_2.0_wt_YCl3.csv
[Run 27/508994] ✅ Saved: 20260902_1209_nist_libs_0.5_wt_CeCl3_and_2.0_wt_SrCl2_and_1.5_wt_YCl3.csv
[Run 29/508994] ✅ Saved: 20260902_1209_nist_libs_0.5_wt_CeCl3_and_2.0_wt_SrCl2_and_2.5_wt_YCl3.csv
[Run 30/508994] ✅ Saved: 20260902_1209_nist_libs_0.5_wt_CeCl3_and_2.0_wt_SrCl2_and_3.0_wt_YCl3.csv
[Run 32/508994] ✅ Saved: 20260902_1209_nist_libs_0.5_wt_CeCl3_and_2.0_wt_SrCl2_and_4.0_wt_YCl3.csv
[Run 31/508994] ✅ Saved: 20260902_1209_nist_libs_0.5_wt_CeCl3_and_2.0_wt_SrCl2_and_3.5_wt_YCl3.csv
[Run 33/508994] ✅ Saved: 20260902_1209_nist_libs_0.5_wt_CeCl3_and_2.0_wt_SrCl2_and_4.5_wt_YCl3.csv
[Run 34/508994] ✅ Saved: 20260902_1209_nist_libs_0.5_wt_CeCl3_and_2.0_wt_SrCl2_and_5.0_wt_YCl3.csv
[Run 35/508994] ✅ Saved: 20260902_1209_nist_libs_0.5_wt_CeCl3_and_2.5_wt_SrCl2_and_0.5_wt_YCl3.csv
[Run 36/508994] ✅ Saved: 20260902_1209_nist_libs_0.5_wt_CeCl3_and_2.5_wt_SrCl2_and_1.0_wt_YCl3.csv
[Run 37/508994] ✅ Saved: 20260902_1209_nist_libs_0.5_wt_CeCl3_and_2.5_wt_SrCl2_and_1.5_wt_YCl3.csv
[Run 38/508994] ✅ Saved: 20260902_1209_nist_libs_0.5_wt_CeCl3_and_2.5_wt_SrCl2_and_2.0_wt_YCl3.csv
[Run 39/508994] ✅ Saved: 20260902_1209_nist_libs_0.5_wt_CeCl3_and_2.5_wt_SrCl2_and_2.5_wt_YCl3.csv
[Run 40/508994] ✅ Saved: 20260902_1209_nist_libs_0.5_wt_CeCl3_and_2.5_wt_SrCl2_and_3.0_wt_YCl3.csv
[Run 41/508994] ✅ Saved: 20260902_1209_nist_libs_0.5_wt_CeCl3_and_2.5_wt_SrCl2_and_3.5_wt_YCl3.csv
[Run 42/508994] ✅ Saved: 20260902_1209_nist_libs_0.5_wt_CeCl3_and_2.5_wt_SrCl2_and_4.0_wt_YCl3.csv
[Run 43/508994] ✅ Saved: 20260902_1209_nist_libs_0.5_wt_CeCl3_and_2.5_wt_SrCl2_and_4.5_wt_YCl3.csv
[Run 44/508994] ✅ Saved: 20260902_1209_nist_libs_0.5_wt_CeCl3_and_2.5_wt_SrCl2_and_5.0_wt_YCl3.csv
[Run 45/508994] ✅ Saved: 20260902_1209_nist_libs_0.5_wt_CeCl3_and_3.0_wt_SrCl2_and_0.5_wt_YCl3.csv
[Run 46/508994] ✅ Saved: 20260902_1209_nist_libs_0.5_wt_CeCl3_and_3.0_wt_SrCl2_and_1.0_wt_YCl3.csv
[Run 47/508994] ✅ Saved: 20260902_1209_nist_libs_0.5_wt_CeCl3_and_3.0_wt_SrCl2_and_1.5_wt_YCl3.csv
[Run 48/508994] ✅ Saved: 20260902_1209_nist_libs_0.5_wt_CeCl3_and_3.0_wt_SrCl2_and_2.0_wt_YCl3.csv
[Run 49/508994] ✅ Saved: 20260902_1209_nist_libs_0.5_wt_CeCl3_and_3.0_wt_SrCl2_and_2.5_wt_YCl3.csv
[Run 50/508994] ✅ Saved: 20260902_1209_nist_libs_0.5_wt_CeCl3_and_3.0_wt_SrCl2_and_3.0_wt_YCl3.csv
[Run 51/508994] ✅ Saved: 20260902_1209_nist_libs_0.5_wt_CeCl3_and_3.0_wt_SrCl2_and_3.5_wt_YCl3.csv
[Run 52/508994] ✅ Saved: 20260902_1209_nist_libs_0.5_wt_CeCl3_and_3.0_wt_SrCl2_and_4.0_wt_YCl3.csv
[Run 53/508994] ✅ Saved: 20260902_1209_nist_libs_0.5_wt_CeCl3_and_3.0_wt_SrCl2_and_4.5_wt_YCl3.csv
[Run 54/508994] ✅ Saved: 20260902_1209_nist_libs_0.5_wt_CeCl3_and_3.0_wt_SrCl2_and_5.0_wt_YCl3.csv
[Run 55/508994] ✅ Saved: 20260902_1209_nist_libs_0.5_wt_CeCl3_and_3.5_wt_SrCl2_and_0.5_wt_YCl3.csv
[Run 56/508994] ✅ Saved: 20260902_1209_nist_libs_0.5_wt_CeCl3_and_3.5_wt_SrCl2_and_1.0_wt_YCl3.csv
[Run 57/508994] ✅ Saved: 20260902_1209_nist_libs_0.5_wt_CeCl3_and_3.5_wt_SrCl2_and_1.5_wt_YCl3.csv
[Run 58/508994] ✅ Saved: 20260902_1209_nist_libs_0.5_wt_CeCl3_and_3.5_wt_SrCl2_and_2.0_wt_YCl3.csv
[Run 59/508994] ✅ Saved: 20260902_1209_nist_libs_0.5_wt_CeCl3_and_3.5_wt_SrCl2_and_2.5_wt_YCl3.csv
[Run 60/508994] ✅ Saved: 20260902_1209_nist_libs_0.5_wt_CeCl3_and_3.5_wt_SrCl2_and_3.0_wt_YCl3.csv
[Run 61/508994] ✅ Saved: 20260902_1209_nist_libs_0.5_wt_CeCl3_and_3.5_wt_SrCl2_and_3.5_wt_YCl3.csv
[Run 62/508994] ✅ Saved: 20260902_1209_nist_libs_0.5_wt_CeCl3_and_3.5_wt_SrCl2_and_4.0_wt_YCl3.csv
[Run 63/508994] ✅ Saved: 20260902_1209_nist_libs_0.5_wt_CeCl3_and_3.5_wt_SrCl2_and_4.5_wt_YCl3.csv
[Run 64/508994] ✅ Saved: 20260902_1209_nist_libs_0.5_wt_CeCl3_and_3.5_wt_SrCl2_and_5.0_wt_YCl3.csv
[Run 65/508994] ✅ Saved: 20260902_1209_nist_libs_0.5_wt_CeCl3_and_4.0_wt_SrCl2_and_0.5_wt_YCl3.csv
[Run 66/508994] ✅ Saved: 20260902_1209_nist_libs_0.5_wt_CeCl3_and_4.0_wt_SrCl2_and_1.0_wt_YCl3.csv
[Run 67/508994] ✅ Saved: 20260902_1209_nist_libs_0.5_wt_CeCl3_and_4.0_wt_SrCl2_and_1.5_wt_YCl3.csv
[Run 68/508994] ✅ Saved: 20260902_1209_nist_libs_0.5_wt_CeCl3_and_4.0_wt_SrCl2_and_2.0_wt_YCl3.csv
[Run 69/508994] ✅ Saved: 20260902_1209_nist_libs_0.5_wt_CeCl3_and_4.0_wt_SrCl2_and_2.5_wt_YCl3.csv
[Run 70/508994] ✅ Saved: 20260902_1209_nist_libs_0.5_wt_CeCl3_and_4.0_wt_SrCl2_and_3.0_wt_YCl3.csv
[Run 71/508994] ✅ Saved: 20260902_1209_nist_libs_0.5_wt_CeCl3_and_4.0_wt_SrCl2_and_3.5_wt_YCl3.csv
[Run 72/508994] ✅ Saved: 20260902_1209_nist_libs_0.5_wt_CeCl3_and_4.0_wt_SrCl2_and_4.0_wt_YCl3.csv
[Run 73/508994] ✅ Saved: 20260902_1209_nist_libs_0.5_wt_CeCl3_and_4.0_wt_SrCl2_and_4.5_wt_YCl3.csv
[Run 74/508994] ✅ Saved: 20260902_1209_nist_libs_0.5_wt_CeCl3_and_4.0_wt_SrCl2_and_5.0_wt_YCl3.csv
[Run 75/508994] ✅ Saved: 20260902_1209_nist_libs_0.5_wt_CeCl3_and_4.5_wt_SrCl2_and_0.5_wt_YCl3.csv
[Run 76/508994] ✅ Saved: 20260902_1209_nist_libs_0.5_wt_CeCl3_and_4.5_wt_SrCl2_and_1.0_wt_YCl3.csv
[Run 77/508994] ✅ Saved: 20260902_1209_nist_libs_0.5_wt_CeCl3_and_4.5_wt_SrCl2_and_1.5_wt_YCl3.csv
[Run 78/508994] ✅ Saved: 20260902_1209_nist_libs_0.5_wt_CeCl3_and_4.5_wt_SrCl2_and_2.0_wt_YCl3.csv
[Run 79/508994] ✅ Saved: 20260902_1209_nist_libs_0.5_wt_CeCl3_and_4.5_wt_SrCl2_and_2.5_wt_YCl3.csv
[Run 81/508994] ✅ Saved: 20260902_1209_nist_libs_0.5_wt_CeCl3_and_4.5_wt_SrCl2_and_3.5_wt_YCl3.csv
[Run 80/508994] ✅ Saved: 20260902_1209_nist_libs_0.5_wt_CeCl3_and_4.5_wt_SrCl2_and_3.0_wt_YCl3.csv
[Run 82/508994] ✅ Saved: 20260902_1209_nist_libs_0.5_wt_CeCl3_and_4.5_wt_SrCl2_and_4.0_wt_YCl3.csv
[Run 83/508994] ✅ Saved: 20260902_1209_nist_libs_0.5_wt_CeCl3_and_4.5_wt_SrCl2_and_4.5_wt_YCl3.csv
[Run 84/508994] ✅ Saved: 20260902_1209_nist_libs_0.5_wt_CeCl3_and_4.5_wt_SrCl2_and_5.0_wt_YCl3.csv
[Run 85/508994] ✅ Saved: 20260902_1209_nist_libs_0.5_wt_CeCl3_and_5.0_wt_SrCl2_and_0.5_wt_YCl3.csv
[Run 86/508994] ✅ Saved: 20260902_1209_nist_libs_0.5_wt_CeCl3_and_5.0_wt_SrCl2_and_1.0_wt_YCl3.csv
[Run 87/508994] ✅ Saved: 20260902_1209_nist_libs_0.5_wt_CeCl3_and_5.0_wt_SrCl2_and_1.5_wt_YCl3.csv
[Run 88/508994] ✅ Saved: 20260902_1209_nist_libs_0.5_wt_CeCl3_and_5.0_wt_SrCl2_and_2.0_wt_YCl3.csv
[Run 89/508994] ✅ Saved: 20260902_1209_nist_libs_0.5_wt_CeCl3_and_5.0_wt_SrCl2_and_2.5_wt_YCl3.csv
[Run 90/508994] ✅ Saved: 20260902_1209_nist_libs_0.5_wt_CeCl3_and_5.0_wt_SrCl2_and_3.0_wt_YCl3.csv
[Run 91/508994] ✅ Saved: 20260902_1209_nist_libs_0.5_wt_CeCl3_and_5.0_wt_SrCl2_and_3.5_wt_YCl3.csv
[Run 92/508994] ✅ Saved: 20260902_1209_nist_libs_0.5_wt_CeCl3_and_5.0_wt_SrCl2_and_4.0_wt_YCl3.csv
[Run 93/508994] ✅ Saved: 20260902_1209_nist_libs_0.5_wt_CeCl3_and_5.0_wt_SrCl2_and_4.5_wt_YCl3.csv
[Run 94/508994] ✅ Saved: 20260902_1209_nist_libs_0.5_wt_CeCl3_and_5.0_wt_SrCl2_and_5.0_wt_YCl3.csv
[Run 95/508994] ✅ Saved: 20260902_1209_nist_libs_1.0_wt_CeCl3_and_0.5_wt_SrCl2_and_0.5_wt_YCl3.csv
[Run 96/508994] ✅ Saved: 20260902_1209_nist_libs_1.0_wt_CeCl3_and_0.5_wt_SrCl2_and_1.0_wt_YCl3.csv
[Run 99/508994] ✅ Saved: 20260902_1209_nist_libs_1.0_wt_CeCl3_and_0.5_wt_SrCl2_and_2.5_wt_YCl3.csv
[Run 97/508994] ✅ Saved: 20260902_1209_nist_libs_1.0_wt_CeCl3_and_0.5_wt_SrCl2_and_1.5_wt_YCl3.csv
[Run 98/508994] ✅ Saved: 20260902_1209_nist_libs_1.0_wt_CeCl3_and_0.5_wt_SrCl2_and_2.0_wt_YCl3.csv
[Run 100/508994] ✅ Saved: 20260902_1209_nist_libs_1.0_wt_CeCl3_and_0.5_wt_SrCl2_and_3.0_wt_YCl3.csv
[Run 101/508994] ✅ Saved: 20260902_1209_nist_libs_1.0_wt_CeCl3_and_0.5_wt_SrCl2_and_3.5_wt_YCl3.csv
[Run 103/508994] ✅ Saved: 20260902_1209_nist_libs_1.0_wt_CeCl3_and_0.5_wt_SrCl2_and_4.5_wt_YCl3.csv
[Run 102/508994] ✅ Saved: 20260902_1209_nist_libs_1.0_wt_CeCl3_and_0.5_wt_SrCl2_and_4.0_wt_YCl3.csv
[Run 104/508994] ✅ Saved: 20260902_1209_nist_libs_1.0_wt_CeCl3_and_0.5_wt_SrCl2_and_5.0_wt_YCl3.csv
[Run 105/508994] ✅ Saved: 20260902_1209_nist_libs_1.0_wt_CeCl3_and_1.0_wt_SrCl2_and_0.5_wt_YCl3.csv
[Run 107/508994] ✅ Saved: 20260902_1209_nist_libs_1.0_wt_CeCl3_and_1.0_wt_SrCl2_and_1.5_wt_YCl3.csv
[Run 106/508994] ✅ Saved: 20260902_1209_nist_libs_1.0_wt_CeCl3_and_1.0_wt_SrCl2_and_1.0_wt_YCl3.csv
[Run 108/508994] ✅ Saved: 20260902_1209_nist_libs_1.0_wt_CeCl3_and_1.0_wt_SrCl2_and_2.0_wt_YCl3.csv
[Run 109/508994] ✅ Saved: 20260902_1209_nist_libs_1.0_wt_CeCl3_and_1.0_wt_SrCl2_and_2.5_wt_YCl3.csv
[Run 110/508994] ✅ Saved: 20260902_1209_nist_libs_1.0_wt_CeCl3_and_1.0_wt_SrCl2_and_3.0_wt_YCl3.csv
[Run 111/508994] ✅ Saved: 20260902_1209_nist_libs_1.0_wt_CeCl3_and_1.0_wt_SrCl2_and_3.5_wt_YCl3.csv
[Run 112/508994] ✅ Saved: 20260902_1209_nist_libs_1.0_wt_CeCl3_and_1.0_wt_SrCl2_and_4.0_wt_YCl3.csv
[Run 113/508994] ✅ Saved: 20260902_1209_nist_libs_1.0_wt_CeCl3_and_1.0_wt_SrCl2_and_4.5_wt_YCl3.csv
[Run 114/508994] ✅ Saved: 20260902_1209_nist_libs_1.0_wt_CeCl3_and_1.0_wt_SrCl2_and_5.0_wt_YCl3.csv
[Run 116/508994] ✅ Saved: 20260902_1209_nist_libs_1.0_wt_CeCl3_and_1.5_wt_SrCl2_and_1.0_wt_YCl3.csv
[Run 115/508994] ✅ Saved: 20260902_1209_nist_libs_1.0_wt_CeCl3_and_1.5_wt_SrCl2_and_0.5_wt_YCl3.csv
[Run 117/508994] ✅ Saved: 20260902_1209_nist_libs_1.0_wt_CeCl3_and_1.5_wt_SrCl2_and_1.5_wt_YCl3.csv
[Run 118/508994] ✅ Saved: 20260902_1209_nist_libs_1.0_wt_CeCl3_and_1.5_wt_SrCl2_and_2.0_wt_YCl3.csv
[Run 119/508994] ✅ Saved: 20260902_1209_nist_libs_1.0_wt_CeCl3_and_1.5_wt_SrCl2_and_2.5_wt_YCl3.csv
[Run 120/508994] ✅ Saved: 20260902_1209_nist_libs_1.0_wt_CeCl3_and_1.5_wt_SrCl2_and_3.0_wt_YCl3.csv
[Run 121/508994] ✅ Saved: 20260902_1209_nist_libs_1.0_wt_CeCl3_and_1.5_wt_SrCl2_and_3.5_wt_YCl3.csv
[Run 123/508994] ✅ Saved: 20260902_1209_nist_libs_1.0_wt_CeCl3_and_1.5_wt_SrCl2_and_4.5_wt_YCl3.csv
[Run 122/508994] ✅ Saved: 20260902_1209_nist_libs_1.0_wt_CeCl3_and_1.5_wt_SrCl2_and_4.0_wt_YCl3.csv
[Run 124/508994] ✅ Saved: 20260902_1209_nist_libs_1.0_wt_CeCl3_and_1.5_wt_SrCl2_and_5.0_wt_YCl3.csv
[Run 125/508994] ✅ Saved: 20260902_1209_nist_libs_1.0_wt_CeCl3_and_2.0_wt_SrCl2_and_0.5_wt_YCl3.csv
[Run 127/508994] ✅ Saved: 20260902_1209_nist_libs_1.0_wt_CeCl3_and_2.0_wt_SrCl2_and_1.5_wt_YCl3.csv
[Run 126/508994] ✅ Saved: 20260902_1209_nist_libs_1.0_wt_CeCl3_and_2.0_wt_SrCl2_and_1.0_wt_YCl3.csv
[Run 128/508994] ✅ Saved: 20260902_1209_nist_libs_1.0_wt_CeCl3_and_2.0_wt_SrCl2_and_2.0_wt_YCl3.csv
[Run 129/508994] ✅ Saved: 20260902_1209_nist_libs_1.0_wt_CeCl3_and_2.0_wt_SrCl2_and_2.5_wt_YCl3.csv
[Run 130/508994] ✅ Saved: 20260902_1209_nist_libs_1.0_wt_CeCl3_and_2.0_wt_SrCl2_and_3.0_wt_YCl3.csv
[Run 131/508994] ✅ Saved: 20260902_1209_nist_libs_1.0_wt_CeCl3_and_2.0_wt_SrCl2_and_3.5_wt_YCl3.csv
[Run 132/508994] ✅ Saved: 20260902_1209_nist_libs_1.0_wt_CeCl3_and_2.0_wt_SrCl2_and_4.0_wt_YCl3.csv
[Run 133/508994] ✅ Saved: 20260902_1209_nist_libs_1.0_wt_CeCl3_and_2.0_wt_SrCl2_and_4.5_wt_YCl3.csv
[Run 134/508994] ✅ Saved: 20260902_1209_nist_libs_1.0_wt_CeCl3_and_2.0_wt_SrCl2_and_5.0_wt_YCl3.csv
[Run 135/508994] ✅ Saved: 20260902_1209_nist_libs_1.0_wt_CeCl3_and_2.5_wt_SrCl2_and_0.5_wt_YCl3.csv
[Run 136/508994] ✅ Saved: 20260902_1209_nist_libs_1.0_wt_CeCl3_and_2.5_wt_SrCl2_and_1.0_wt_YCl3.csv
[Run 137/508994] ✅ Saved: 20260902_1209_nist_libs_1.0_wt_CeCl3_and_2.5_wt_SrCl2_and_1.5_wt_YCl3.csv
[Run 138/508994] ✅ Saved: 20260902_1209_nist_libs_1.0_wt_CeCl3_and_2.5_wt_SrCl2_and_2.0_wt_YCl3.csv
[Run 139/508994] ✅ Saved: 20260902_1209_nist_libs_1.0_wt_CeCl3_and_2.5_wt_SrCl2_and_2.5_wt_YCl3.csv
[Run 140/508994] ✅ Saved: 20260902_1209_nist_libs_1.0_wt_CeCl3_and_2.5_wt_SrCl2_and_3.0_wt_YCl3.csv
[Run 141/508994] ✅ Saved: 20260902_1209_nist_libs_1.0_wt_CeCl3_and_2.5_wt_SrCl2_and_3.5_wt_YCl3.csv
[Run 142/508994] ✅ Saved: 20260902_1209_nist_libs_1.0_wt_CeCl3_and_2.5_wt_SrCl2_and_4.0_wt_YCl3.csv
[Run 143/508994] ✅ Saved: 20260902_1209_nist_libs_1.0_wt_CeCl3_and_2.5_wt_SrCl2_and_4.5_wt_YCl3.csv
[Run 144/508994] ✅ Saved: 20260902_1209_nist_libs_1.0_wt_CeCl3_and_2.5_wt_SrCl2_and_5.0_wt_YCl3.csv
[Run 145/508994] ✅ Saved: 20260902_1209_nist_libs_1.0_wt_CeCl3_and_3.0_wt_SrCl2_and_0.5_wt_YCl3.csv
[Run 146/508994] ✅ Saved: 20260902_1209_nist_libs_1.0_wt_CeCl3_and_3.0_wt_SrCl2_and_1.0_wt_YCl3.csv
[Run 147/508994] ✅ Saved: 20260902_1209_nist_libs_1.0_wt_CeCl3_and_3.0_wt_SrCl2_and_1.5_wt_YCl3.csv
[Run 149/508994] ✅ Saved: 20260902_1209_nist_libs_1.0_wt_CeCl3_and_3.0_wt_SrCl2_and_2.5_wt_YCl3.csv
[Run 150/508994] ✅ Saved: 20260902_1209_nist_libs_1.0_wt_CeCl3_and_3.0_wt_SrCl2_and_3.0_wt_YCl3.csv
[Run 148/508994] ✅ Saved: 20260902_1209_nist_libs_1.0_wt_CeCl3_and_3.0_wt_SrCl2_and_2.0_wt_YCl3.csv
[Run 151/508994] ✅ Saved: 20260902_1209_nist_libs_1.0_wt_CeCl3_and_3.0_wt_SrCl2_and_3.5_wt_YCl3.csv
[Run 152/508994] ✅ Saved: 20260902_1209_nist_libs_1.0_wt_CeCl3_and_3.0_wt_SrCl2_and_4.0_wt_YCl3.csv
[Run 154/508994] ✅ Saved: 20260902_1209_nist_libs_1.0_wt_CeCl3_and_3.0_wt_SrCl2_and_5.0_wt_YCl3.csv
[Run 153/508994] ✅ Saved: 20260902_1209_nist_libs_1.0_wt_CeCl3_and_3.0_wt_SrCl2_and_4.5_wt_YCl3.csv
[Run 155/508994] ✅ Saved: 20260902_1209_nist_libs_1.0_wt_CeCl3_and_3.5_wt_SrCl2_and_0.5_wt_YCl3.csv
[Run 156/508994] ✅ Saved: 20260902_1209_nist_libs_1.0_wt_CeCl3_and_3.5_wt_SrCl2_and_1.0_wt_YCl3.csv
[Run 157/508994] ✅ Saved: 20260902_1209_nist_libs_1.0_wt_CeCl3_and_3.5_wt_SrCl2_and_1.5_wt_YCl3.csv
[Run 158/508994] ✅ Saved: 20260902_1209_nist_libs_1.0_wt_CeCl3_and_3.5_wt_SrCl2_and_2.0_wt_YCl3.csv
[Run 159/508994] ✅ Saved: 20260902_1209_nist_libs_1.0_wt_CeCl3_and_3.5_wt_SrCl2_and_2.5_wt_YCl3.csv
[Run 161/508994] ✅ Saved: 20260902_1209_nist_libs_1.0_wt_CeCl3_and_3.5_wt_SrCl2_and_3.5_wt_YCl3.csv
[Run 160/508994] ✅ Saved: 20260902_1209_nist_libs_1.0_wt_CeCl3_and_3.5_wt_SrCl2_and_3.0_wt_YCl3.csv
[Run 162/508994] ✅ Saved: 20260902_1209_nist_libs_1.0_wt_CeCl3_and_3.5_wt_SrCl2_and_4.0_wt_YCl3.csv
[Run 163/508994] ✅ Saved: 20260902_1209_nist_libs_1.0_wt_CeCl3_and_3.5_wt_SrCl2_and_4.5_wt_YCl3.csv
[Run 164/508994] ✅ Saved: 20260902_1209_nist_libs_1.0_wt_CeCl3_and_3.5_wt_SrCl2_and_5.0_wt_YCl3.csv
[Run 165/508994] ✅ Saved: 20260902_1209_nist_libs_1.0_wt_CeCl3_and_4.0_wt_SrCl2_and_0.5_wt_YCl3.csv
[Run 166/508994] ✅ Saved: 20260902_1209_nist_libs_1.0_wt_CeCl3_and_4.0_wt_SrCl2_and_1.0_wt_YCl3.csv
[Run 167/508994] ✅ Saved: 20260902_1209_nist_libs_1.0_wt_CeCl3_and_4.0_wt_SrCl2_and_1.5_wt_YCl3.csv
[Run 169/508994] ✅ Saved: 20260902_1209_nist_libs_1.0_wt_CeCl3_and_4.0_wt_SrCl2_and_2.5_wt_YCl3.csv
[Run 168/508994] ✅ Saved: 20260902_1209_nist_libs_1.0_wt_CeCl3_and_4.0_wt_SrCl2_and_2.0_wt_YCl3.csv
[Run 170/508994] ✅ Saved: 20260902_1209_nist_libs_1.0_wt_CeCl3_and_4.0_wt_SrCl2_and_3.0_wt_YCl3.csv
[Run 171/508994] ✅ Saved: 20260902_1209_nist_libs_1.0_wt_CeCl3_and_4.0_wt_SrCl2_and_3.5_wt_YCl3.csv
[Run 172/508994] ✅ Saved: 20260902_1209_nist_libs_1.0_wt_CeCl3_and_4.0_wt_SrCl2_and_4.0_wt_YCl3.csv
[Run 173/508994] ✅ Saved: 20260902_1209_nist_libs_1.0_wt_CeCl3_and_4.0_wt_SrCl2_and_4.5_wt_YCl3.csv
[Run 174/508994] ✅ Saved: 20260902_1209_nist_libs_1.0_wt_CeCl3_and_4.0_wt_SrCl2_and_5.0_wt_YCl3.csv
[Run 175/508994] ✅ Saved: 20260902_1209_nist_libs_1.0_wt_CeCl3_and_4.5_wt_SrCl2_and_0.5_wt_YCl3.csv
[Run 176/508994] ✅ Saved: 20260902_1209_nist_libs_1.0_wt_CeCl3_and_4.5_wt_SrCl2_and_1.0_wt_YCl3.csv
[Run 177/508994] ✅ Saved: 20260902_1209_nist_libs_1.0_wt_CeCl3_and_4.5_wt_SrCl2_and_1.5_wt_YCl3.csv
[Run 178/508994] ✅ Saved: 20260902_1209_nist_libs_1.0_wt_CeCl3_and_4.5_wt_SrCl2_and_2.0_wt_YCl3.csv
[Run 179/508994] ✅ Saved: 20260902_1209_nist_libs_1.0_wt_CeCl3_and_4.5_wt_SrCl2_and_2.5_wt_YCl3.csv
[Run 180/508994] ✅ Saved: 20260902_1209_nist_libs_1.0_wt_CeCl3_and_4.5_wt_SrCl2_and_3.0_wt_YCl3.csv
[Run 181/508994] ✅ Saved: 20260902_1209_nist_libs_1.0_wt_CeCl3_and_4.5_wt_SrCl2_and_3.5_wt_YCl3.csv
[Run 182/508994] ✅ Saved: 20260902_1209_nist_libs_1.0_wt_CeCl3_and_4.5_wt_SrCl2_and_4.0_wt_YCl3.csv
[Run 183/508994] ✅ Saved: 20260902_1209_nist_libs_1.0_wt_CeCl3_and_4.5_wt_SrCl2_and_4.5_wt_YCl3.csv
[Run 184/508994] ✅ Saved: 20260902_1209_nist_libs_1.0_wt_CeCl3_and_4.5_wt_SrCl2_and_5.0_wt_YCl3.csv
[Run 185/508994] ✅ Saved: 20260902_1209_nist_libs_1.0_wt_CeCl3_and_5.0_wt_SrCl2_and_0.5_wt_YCl3.csv
[Run 186/508994] ✅ Saved: 20260902_1209_nist_libs_1.0_wt_CeCl3_and_5.0_wt_SrCl2_and_1.0_wt_YCl3.csv
[Run 187/508994] ✅ Saved: 20260902_1209_nist_libs_1.0_wt_CeCl3_and_5.0_wt_SrCl2_and_1.5_wt_YCl3.csv
[Run 188/508994] ✅ Saved: 20260902_1209_nist_libs_1.0_wt_CeCl3_and_5.0_wt_SrCl2_and_2.0_wt_YCl3.csv
[Run 189/508994] ✅ Saved: 20260902_1209_nist_libs_1.0_wt_CeCl3_and_5.0_wt_SrCl2_and_2.5_wt_YCl3.csv
[Run 191/508994] ✅ Saved: 20260902_1209_nist_libs_1.0_wt_CeCl3_and_5.0_wt_SrCl2_and_3.5_wt_YCl3.csv
[Run 190/508994] ✅ Saved: 20260902_1209_nist_libs_1.0_wt_CeCl3_and_5.0_wt_SrCl2_and_3.0_wt_YCl3.csv
[Run 192/508994] ✅ Saved: 20260902_1209_nist_libs_1.0_wt_CeCl3_and_5.0_wt_SrCl2_and_4.0_wt_YCl3.csv
[Run 193/508994] ✅ Saved: 20260902_1209_nist_libs_1.0_wt_CeCl3_and_5.0_wt_SrCl2_and_4.5_wt_YCl3.csv
[Run 195/508994] ✅ Saved: 20260902_1209_nist_libs_1.5_wt_CeCl3_and_0.5_wt_SrCl2_and_0.5_wt_YCl3.csv
[Run 194/508994] ✅ Saved: 20260902_1209_nist_libs_1.0_wt_CeCl3_and_5.0_wt_SrCl2_and_5.0_wt_YCl3.csv
[Run 196/508994] ✅ Saved: 20260902_1209_nist_libs_1.5_wt_CeCl3_and_0.5_wt_SrCl2_and_1.0_wt_YCl3.csv
[Run 198/508994] ✅ Saved: 20260902_1209_nist_libs_1.5_wt_CeCl3_and_0.5_wt_SrCl2_and_2.0_wt_YCl3.csv
[Run 199/508994] ✅ Saved: 20260902_1209_nist_libs_1.5_wt_CeCl3_and_0.5_wt_SrCl2_and_2.5_wt_YCl3.csv
[Run 197/508994] ✅ Saved: 20260902_1209_nist_libs_1.5_wt_CeCl3_and_0.5_wt_SrCl2_and_1.5_wt_YCl3.csv
[Run 200/508994] ✅ Saved: 20260902_1209_nist_libs_1.5_wt_CeCl3_and_0.5_wt_SrCl2_and_3.0_wt_YCl3.csv
[Run 203/508994] ✅ Saved: 20260902_1209_nist_libs_1.5_wt_CeCl3_and_0.5_wt_SrCl2_and_4.5_wt_YCl3.csv
[Run 202/508994] ✅ Saved: 20260902_1209_nist_libs_1.5_wt_CeCl3_and_0.5_wt_SrCl2_and_4.0_wt_YCl3.csv
[Run 201/508994] ✅ Saved: 20260902_1209_nist_libs_1.5_wt_CeCl3_and_0.5_wt_SrCl2_and_3.5_wt_YCl3.csv
[Run 204/508994] ✅ Saved: 20260902_1209_nist_libs_1.5_wt_CeCl3_and_0.5_wt_SrCl2_and_5.0_wt_YCl3.csv
[Run 205/508994] ✅ Saved: 20260902_1209_nist_libs_1.5_wt_CeCl3_and_1.0_wt_SrCl2_and_0.5_wt_YCl3.csv
[Run 206/508994] ✅ Saved: 20260902_1209_nist_libs_1.5_wt_CeCl3_and_1.0_wt_SrCl2_and_1.0_wt_YCl3.csv
[Run 207/508994] ✅ Saved: 20260902_1209_nist_libs_1.5_wt_CeCl3_and_1.0_wt_SrCl2_and_1.5_wt_YCl3.csv
[Run 208/508994] ✅ Saved: 20260902_1209_nist_libs_1.5_wt_CeCl3_and_1.0_wt_SrCl2_and_2.0_wt_YCl3.csv
[Run 209/508994] ✅ Saved: 20260902_1209_nist_libs_1.5_wt_CeCl3_and_1.0_wt_SrCl2_and_2.5_wt_YCl3.csv
[Run 210/508994] ✅ Saved: 20260902_1209_nist_libs_1.5_wt_CeCl3_and_1.0_wt_SrCl2_and_3.0_wt_YCl3.csv
[Run 212/508994] ✅ Saved: 20260902_1209_nist_libs_1.5_wt_CeCl3_and_1.0_wt_SrCl2_and_4.0_wt_YCl3.csv
[Run 211/508994] ✅ Saved: 20260902_1209_nist_libs_1.5_wt_CeCl3_and_1.0_wt_SrCl2_and_3.5_wt_YCl3.csv
[Run 213/508994] ✅ Saved: 20260902_1209_nist_libs_1.5_wt_CeCl3_and_1.0_wt_SrCl2_and_4.5_wt_YCl3.csv
[Run 214/508994] ✅ Saved: 20260902_1209_nist_libs_1.5_wt_CeCl3_and_1.0_wt_SrCl2_and_5.0_wt_YCl3.csv
[Run 215/508994] ✅ Saved: 20260902_1209_nist_libs_1.5_wt_CeCl3_and_1.5_wt_SrCl2_and_0.5_wt_YCl3.csv
[Run 216/508994] ✅ Saved: 20260902_1209_nist_libs_1.5_wt_CeCl3_and_1.5_wt_SrCl2_and_1.0_wt_YCl3.csv
[Run 217/508994] ✅ Saved: 20260902_1209_nist_libs_1.5_wt_CeCl3_and_1.5_wt_SrCl2_and_1.5_wt_YCl3.csv
[Run 218/508994] ✅ Saved: 20260902_1209_nist_libs_1.5_wt_CeCl3_and_1.5_wt_SrCl2_and_2.0_wt_YCl3.csv
[Run 219/508994] ✅ Saved: 20260902_1209_nist_libs_1.5_wt_CeCl3_and_1.5_wt_SrCl2_and_2.5_wt_YCl3.csv
[Run 220/508994] ✅ Saved: 20260902_1209_nist_libs_1.5_wt_CeCl3_and_1.5_wt_SrCl2_and_3.0_wt_YCl3.csv
[Run 221/508994] ✅ Saved: 20260902_1209_nist_libs_1.5_wt_CeCl3_and_1.5_wt_SrCl2_and_3.5_wt_YCl3.csv
[Run 222/508994] ✅ Saved: 20260902_1209_nist_libs_1.5_wt_CeCl3_and_1.5_wt_SrCl2_and_4.0_wt_YCl3.csv
[Run 225/508994] ✅ Saved: 20260902_1209_nist_libs_1.5_wt_CeCl3_and_2.0_wt_SrCl2_and_0.5_wt_YCl3.csv
[Run 223/508994] ✅ Saved: 20260902_1209_nist_libs_1.5_wt_CeCl3_and_1.5_wt_SrCl2_and_4.5_wt_YCl3.csv
[Run 224/508994] ✅ Saved: 20260902_1209_nist_libs_1.5_wt_CeCl3_and_1.5_wt_SrCl2_and_5.0_wt_YCl3.csv
[Run 226/508994] ✅ Saved: 20260902_1209_nist_libs_1.5_wt_CeCl3_and_2.0_wt_SrCl2_and_1.0_wt_YCl3.csv
[Run 227/508994] ✅ Saved: 20260902_1209_nist_libs_1.5_wt_CeCl3_and_2.0_wt_SrCl2_and_1.5_wt_YCl3.csv
[Run 229/508994] ✅ Saved: 20260902_1209_nist_libs_1.5_wt_CeCl3_and_2.0_wt_SrCl2_and_2.5_wt_YCl3.csv
[Run 228/508994] ✅ Saved: 20260902_1209_nist_libs_1.5_wt_CeCl3_and_2.0_wt_SrCl2_and_2.0_wt_YCl3.csv
[Run 230/508994] ✅ Saved: 20260902_1209_nist_libs_1.5_wt_CeCl3_and_2.0_wt_SrCl2_and_3.0_wt_YCl3.csv
[Run 231/508994] ✅ Saved: 20260902_1209_nist_libs_1.5_wt_CeCl3_and_2.0_wt_SrCl2_and_3.5_wt_YCl3.csv
[Run 233/508994] ✅ Saved: 20260902_1209_nist_libs_1.5_wt_CeCl3_and_2.0_wt_SrCl2_and_4.5_wt_YCl3.csv
[Run 234/508994] ✅ Saved: 20260902_1209_nist_libs_1.5_wt_CeCl3_and_2.0_wt_SrCl2_and_5.0_wt_YCl3.csv
[Run 232/508994] ✅ Saved: 20260902_1209_nist_libs_1.5_wt_CeCl3_and_2.0_wt_SrCl2_and_4.0_wt_YCl3.csv
[Run 235/508994] ✅ Saved: 20260902_1209_nist_libs_1.5_wt_CeCl3_and_2.5_wt_SrCl2_and_0.5_wt_YCl3.csv
[Run 236/508994] ✅ Saved: 20260902_1209_nist_libs_1.5_wt_CeCl3_and_2.5_wt_SrCl2_and_1.0_wt_YCl3.csv
[Run 238/508994] ✅ Saved: 20260902_1209_nist_libs_1.5_wt_CeCl3_and_2.5_wt_SrCl2_and_2.0_wt_YCl3.csv
[Run 237/508994] ✅ Saved: 20260902_1209_nist_libs_1.5_wt_CeCl3_and_2.5_wt_SrCl2_and_1.5_wt_YCl3.csv
[Run 239/508994] ✅ Saved: 20260902_1209_nist_libs_1.5_wt_CeCl3_and_2.5_wt_SrCl2_and_2.5_wt_YCl3.csv
[Run 240/508994] ✅ Saved: 20260902_1209_nist_libs_1.5_wt_CeCl3_and_2.5_wt_SrCl2_and_3.0_wt_YCl3.csv
[Run 241/508994] ✅ Saved: 20260902_1209_nist_libs_1.5_wt_CeCl3_and_2.5_wt_SrCl2_and_3.5_wt_YCl3.csv
[Run 243/508994] ✅ Saved: 20260902_1209_nist_libs_1.5_wt_CeCl3_and_2.5_wt_SrCl2_and_4.5_wt_YCl3.csv
[Run 242/508994] ✅ Saved: 20260902_1209_nist_libs_1.5_wt_CeCl3_and_2.5_wt_SrCl2_and_4.0_wt_YCl3.csv
[Run 244/508994] ✅ Saved: 20260902_1209_nist_libs_1.5_wt_CeCl3_and_2.5_wt_SrCl2_and_5.0_wt_YCl3.csv
[Run 245/508994] ✅ Saved: 20260902_1209_nist_libs_1.5_wt_CeCl3_and_3.0_wt_SrCl2_and_0.5_wt_YCl3.csv
[Run 246/508994] ✅ Saved: 20260902_1209_nist_libs_1.5_wt_CeCl3_and_3.0_wt_SrCl2_and_1.0_wt_YCl3.csv
[Run 247/508994] ✅ Saved: 20260902_1209_nist_libs_1.5_wt_CeCl3_and_3.0_wt_SrCl2_and_1.5_wt_YCl3.csv
[Run 248/508994] ✅ Saved: 20260902_1209_nist_libs_1.5_wt_CeCl3_and_3.0_wt_SrCl2_and_2.0_wt_YCl3.csv
[Run 249/508994] ✅ Saved: 20260902_1209_nist_libs_1.5_wt_CeCl3_and_3.0_wt_SrCl2_and_2.5_wt_YCl3.csv
[Run 250/508994] ✅ Saved: 20260902_1209_nist_libs_1.5_wt_CeCl3_and_3.0_wt_SrCl2_and_3.0_wt_YCl3.csv
[Run 251/508994] ✅ Saved: 20260902_1209_nist_libs_1.5_wt_CeCl3_and_3.0_wt_SrCl2_and_3.5_wt_YCl3.csv
[Run 252/508994] ✅ Saved: 20260902_1209_nist_libs_1.5_wt_CeCl3_and_3.0_wt_SrCl2_and_4.0_wt_YCl3.csv
[Run 253/508994] ✅ Saved: 20260902_1209_nist_libs_1.5_wt_CeCl3_and_3.0_wt_SrCl2_and_4.5_wt_YCl3.csv
[Run 254/508994] ✅ Saved: 20260902_1209_nist_libs_1.5_wt_CeCl3_and_3.0_wt_SrCl2_and_5.0_wt_YCl3.csv
[Run 255/508994] ✅ Saved: 20260902_1209_nist_libs_1.5_wt_CeCl3_and_3.5_wt_SrCl2_and_0.5_wt_YCl3.csv
[Run 256/508994] ✅ Saved: 20260902_1209_nist_libs_1.5_wt_CeCl3_and_3.5_wt_SrCl2_and_1.0_wt_YCl3.csv
[Run 257/508994] ✅ Saved: 20260902_1209_nist_libs_1.5_wt_CeCl3_and_3.5_wt_SrCl2_and_1.5_wt_YCl3.csv
[Run 258/508994] ✅ Saved: 20260902_1209_nist_libs_1.5_wt_CeCl3_and_3.5_wt_SrCl2_and_2.0_wt_YCl3.csv
[Run 259/508994] ✅ Saved: 20260902_1209_nist_libs_1.5_wt_CeCl3_and_3.5_wt_SrCl2_and_2.5_wt_YCl3.csv
[Run 260/508994] ✅ Saved: 20260902_1209_nist_libs_1.5_wt_CeCl3_and_3.5_wt_SrCl2_and_3.0_wt_YCl3.csv
[Run 261/508994] ✅ Saved: 20260902_1209_nist_libs_1.5_wt_CeCl3_and_3.5_wt_SrCl2_and_3.5_wt_YCl3.csv
[Run 262/508994] ✅ Saved: 20260902_1209_nist_libs_1.5_wt_CeCl3_and_3.5_wt_SrCl2_and_4.0_wt_YCl3.csv
[Run 263/508994] ✅ Saved: 20260902_1209_nist_libs_1.5_wt_CeCl3_and_3.5_wt_SrCl2_and_4.5_wt_YCl3.csv
[Run 264/508994] ✅ Saved: 20260902_1209_nist_libs_1.5_wt_CeCl3_and_3.5_wt_SrCl2_and_5.0_wt_YCl3.csv
[Run 265/508994] ✅ Saved: 20260902_1209_nist_libs_1.5_wt_CeCl3_and_4.0_wt_SrCl2_and_0.5_wt_YCl3.csv
[Run 266/508994] ✅ Saved: 20260902_1209_nist_libs_1.5_wt_CeCl3_and_4.0_wt_SrCl2_and_1.0_wt_YCl3.csv
[Run 267/508994] ✅ Saved: 20260902_1209_nist_libs_1.5_wt_CeCl3_and_4.0_wt_SrCl2_and_1.5_wt_YCl3.csv
[Run 268/508994] ✅ Saved: 20260902_1209_nist_libs_1.5_wt_CeCl3_and_4.0_wt_SrCl2_and_2.0_wt_YCl3.csv
[Run 269/508994] ✅ Saved: 20260902_1209_nist_libs_1.5_wt_CeCl3_and_4.0_wt_SrCl2_and_2.5_wt_YCl3.csv
[Run 270/508994] ✅ Saved: 20260902_1209_nist_libs_1.5_wt_CeCl3_and_4.0_wt_SrCl2_and_3.0_wt_YCl3.csv
[Run 271/508994] ✅ Saved: 20260902_1209_nist_libs_1.5_wt_CeCl3_and_4.0_wt_SrCl2_and_3.5_wt_YCl3.csv
[Run 272/508994] ✅ Saved: 20260902_1209_nist_libs_1.5_wt_CeCl3_and_4.0_wt_SrCl2_and_4.0_wt_YCl3.csv
[Run 273/508994] ✅ Saved: 20260902_1209_nist_libs_1.5_wt_CeCl3_and_4.0_wt_SrCl2_and_4.5_wt_YCl3.csv
[Run 274/508994] ✅ Saved: 20260902_1209_nist_libs_1.5_wt_CeCl3_and_4.0_wt_SrCl2_and_5.0_wt_YCl3.csv
[Run 275/508994] ✅ Saved: 20260902_1209_nist_libs_1.5_wt_CeCl3_and_4.5_wt_SrCl2_and_0.5_wt_YCl3.csv
[Run 276/508994] ✅ Saved: 20260902_1209_nist_libs_1.5_wt_CeCl3_and_4.5_wt_SrCl2_and_1.0_wt_YCl3.csv
[Run 277/508994] ✅ Saved: 20260902_1209_nist_libs_1.5_wt_CeCl3_and_4.5_wt_SrCl2_and_1.5_wt_YCl3.csv
[Run 278/508994] ✅ Saved: 20260902_1209_nist_libs_1.5_wt_CeCl3_and_4.5_wt_SrCl2_and_2.0_wt_YCl3.csv
[Run 279/508994] ✅ Saved: 20260902_1209_nist_libs_1.5_wt_CeCl3_and_4.5_wt_SrCl2_and_2.5_wt_YCl3.csv
[Run 280/508994] ✅ Saved: 20260902_1209_nist_libs_1.5_wt_CeCl3_and_4.5_wt_SrCl2_and_3.0_wt_YCl3.csv
[Run 281/508994] ✅ Saved: 20260902_1209_nist_libs_1.5_wt_CeCl3_and_4.5_wt_SrCl2_and_3.5_wt_YCl3.csv
[Run 283/508994] ✅ Saved: 20260902_1209_nist_libs_1.5_wt_CeCl3_and_4.5_wt_SrCl2_and_4.5_wt_YCl3.csv
[Run 282/508994] ✅ Saved: 20260902_1209_nist_libs_1.5_wt_CeCl3_and_4.5_wt_SrCl2_and_4.0_wt_YCl3.csv
[Run 284/508994] ✅ Saved: 20260902_1209_nist_libs_1.5_wt_CeCl3_and_4.5_wt_SrCl2_and_5.0_wt_YCl3.csv
[Run 285/508994] ✅ Saved: 20260902_1209_nist_libs_1.5_wt_CeCl3_and_5.0_wt_SrCl2_and_0.5_wt_YCl3.csv
[Run 286/508994] ✅ Saved: 20260902_1209_nist_libs_1.5_wt_CeCl3_and_5.0_wt_SrCl2_and_1.0_wt_YCl3.csv
[Run 287/508994] ✅ Saved: 20260902_1209_nist_libs_1.5_wt_CeCl3_and_5.0_wt_SrCl2_and_1.5_wt_YCl3.csv
[Run 288/508994] ✅ Saved: 20260902_1209_nist_libs_1.5_wt_CeCl3_and_5.0_wt_SrCl2_and_2.0_wt_YCl3.csv
[Run 289/508994] ✅ Saved: 20260902_1209_nist_libs_1.5_wt_CeCl3_and_5.0_wt_SrCl2_and_2.5_wt_YCl3.csv
[Run 290/508994] ✅ Saved: 20260902_1209_nist_libs_1.5_wt_CeCl3_and_5.0_wt_SrCl2_and_3.0_wt_YCl3.csv
[Run 292/508994] ✅ Saved: 20260902_1209_nist_libs_1.5_wt_CeCl3_and_5.0_wt_SrCl2_and_4.0_wt_YCl3.csv
[Run 291/508994] ✅ Saved: 20260902_1209_nist_libs_1.5_wt_CeCl3_and_5.0_wt_SrCl2_and_3.5_wt_YCl3.csv
[Run 293/508994] ✅ Saved: 20260902_1209_nist_libs_1.5_wt_CeCl3_and_5.0_wt_SrCl2_and_4.5_wt_YCl3.csv
[Run 294/508994] ✅ Saved: 20260902_1209_nist_libs_1.5_wt_CeCl3_and_5.0_wt_SrCl2_and_5.0_wt_YCl3.csv
[Run 296/508994] ✅ Saved: 20260902_1209_nist_libs_2.0_wt_CeCl3_and_0.5_wt_SrCl2_and_1.0_wt_YCl3.csv
[Run 295/508994] ✅ Saved: 20260902_1209_nist_libs_2.0_wt_CeCl3_and_0.5_wt_SrCl2_and_0.5_wt_YCl3.csv
[Run 297/508994] ✅ Saved: 20260902_1209_nist_libs_2.0_wt_CeCl3_and_0.5_wt_SrCl2_and_1.5_wt_YCl3.csv
[Run 298/508994] ✅ Saved: 20260902_1209_nist_libs_2.0_wt_CeCl3_and_0.5_wt_SrCl2_and_2.0_wt_YCl3.csv
[Run 300/508994] ✅ Saved: 20260902_1209_nist_libs_2.0_wt_CeCl3_and_0.5_wt_SrCl2_and_3.0_wt_YCl3.csv
[Run 299/508994] ✅ Saved: 20260902_1209_nist_libs_2.0_wt_CeCl3_and_0.5_wt_SrCl2_and_2.5_wt_YCl3.csv
[Run 301/508994] ✅ Saved: 20260902_1209_nist_libs_2.0_wt_CeCl3_and_0.5_wt_SrCl2_and_3.5_wt_YCl3.csv
[Run 302/508994] ✅ Saved: 20260902_1209_nist_libs_2.0_wt_CeCl3_and_0.5_wt_SrCl2_and_4.0_wt_YCl3.csv
[Run 303/508994] ✅ Saved: 20260902_1209_nist_libs_2.0_wt_CeCl3_and_0.5_wt_SrCl2_and_4.5_wt_YCl3.csv
[Run 304/508994] ✅ Saved: 20260902_1209_nist_libs_2.0_wt_CeCl3_and_0.5_wt_SrCl2_and_5.0_wt_YCl3.csv
[Run 305/508994] ✅ Saved: 20260902_1209_nist_libs_2.0_wt_CeCl3_and_1.0_wt_SrCl2_and_0.5_wt_YCl3.csv
[Run 306/508994] ✅ Saved: 20260902_1209_nist_libs_2.0_wt_CeCl3_and_1.0_wt_SrCl2_and_1.0_wt_YCl3.csv
[Run 307/508994] ✅ Saved: 20260902_1209_nist_libs_2.0_wt_CeCl3_and_1.0_wt_SrCl2_and_1.5_wt_YCl3.csv
[Run 308/508994] ✅ Saved: 20260902_1209_nist_libs_2.0_wt_CeCl3_and_1.0_wt_SrCl2_and_2.0_wt_YCl3.csv
[Run 309/508994] ✅ Saved: 20260902_1209_nist_libs_2.0_wt_CeCl3_and_1.0_wt_SrCl2_and_2.5_wt_YCl3.csv
[Run 310/508994] ✅ Saved: 20260902_1209_nist_libs_2.0_wt_CeCl3_and_1.0_wt_SrCl2_and_3.0_wt_YCl3.csv
[Run 311/508994] ✅ Saved: 20260902_1209_nist_libs_2.0_wt_CeCl3_and_1.0_wt_SrCl2_and_3.5_wt_YCl3.csv
[Run 312/508994] ✅ Saved: 20260902_1209_nist_libs_2.0_wt_CeCl3_and_1.0_wt_SrCl2_and_4.0_wt_YCl3.csv
[Run 313/508994] ✅ Saved: 20260902_1209_nist_libs_2.0_wt_CeCl3_and_1.0_wt_SrCl2_and_4.5_wt_YCl3.csv
[Run 314/508994] ✅ Saved: 20260902_1209_nist_libs_2.0_wt_CeCl3_and_1.0_wt_SrCl2_and_5.0_wt_YCl3.csv
[Run 316/508994] ✅ Saved: 20260902_1209_nist_libs_2.0_wt_CeCl3_and_1.5_wt_SrCl2_and_1.0_wt_YCl3.csv
[Run 315/508994] ✅ Saved: 20260902_1209_nist_libs_2.0_wt_CeCl3_and_1.5_wt_SrCl2_and_0.5_wt_YCl3.csv
[Run 317/508994] ✅ Saved: 20260902_1209_nist_libs_2.0_wt_CeCl3_and_1.5_wt_SrCl2_and_1.5_wt_YCl3.csv
[Run 318/508994] ✅ Saved: 20260902_1209_nist_libs_2.0_wt_CeCl3_and_1.5_wt_SrCl2_and_2.0_wt_YCl3.csv
[Run 319/508994] ✅ Saved: 20260902_1209_nist_libs_2.0_wt_CeCl3_and_1.5_wt_SrCl2_and_2.5_wt_YCl3.csv
[Run 320/508994] ✅ Saved: 20260902_1209_nist_libs_2.0_wt_CeCl3_and_1.5_wt_SrCl2_and_3.0_wt_YCl3.csv
[Run 321/508994] ✅ Saved: 20260902_1209_nist_libs_2.0_wt_CeCl3_and_1.5_wt_SrCl2_and_3.5_wt_YCl3.csv
[Run 322/508994] ✅ Saved: 20260902_1209_nist_libs_2.0_wt_CeCl3_and_1.5_wt_SrCl2_and_4.0_wt_YCl3.csv
[Run 323/508994] ✅ Saved: 20260902_1209_nist_libs_2.0_wt_CeCl3_and_1.5_wt_SrCl2_and_4.5_wt_YCl3.csv
[Run 324/508994] ✅ Saved: 20260902_1209_nist_libs_2.0_wt_CeCl3_and_1.5_wt_SrCl2_and_5.0_wt_YCl3.csv
[Run 325/508994] ✅ Saved: 20260902_1209_nist_libs_2.0_wt_CeCl3_and_2.0_wt_SrCl2_and_0.5_wt_YCl3.csv
[Run 326/508994] ✅ Saved: 20260902_1209_nist_libs_2.0_wt_CeCl3_and_2.0_wt_SrCl2_and_1.0_wt_YCl3.csv
[Run 328/508994] ✅ Saved: 20260902_1209_nist_libs_2.0_wt_CeCl3_and_2.0_wt_SrCl2_and_2.0_wt_YCl3.csv
[Run 327/508994] ✅ Saved: 20260902_1209_nist_libs_2.0_wt_CeCl3_and_2.0_wt_SrCl2_and_1.5_wt_YCl3.csv
[Run 329/508994] ✅ Saved: 20260902_1209_nist_libs_2.0_wt_CeCl3_and_2.0_wt_SrCl2_and_2.5_wt_YCl3.csv
[Run 330/508994] ✅ Saved: 20260902_1209_nist_libs_2.0_wt_CeCl3_and_2.0_wt_SrCl2_and_3.0_wt_YCl3.csv
[Run 331/508994] ✅ Saved: 20260902_1209_nist_libs_2.0_wt_CeCl3_and_2.0_wt_SrCl2_and_3.5_wt_YCl3.csv
[Run 332/508994] ✅ Saved: 20260902_1209_nist_libs_2.0_wt_CeCl3_and_2.0_wt_SrCl2_and_4.0_wt_YCl3.csv
[Run 333/508994] ✅ Saved: 20260902_1209_nist_libs_2.0_wt_CeCl3_and_2.0_wt_SrCl2_and_4.5_wt_YCl3.csv
[Run 334/508994] ✅ Saved: 20260902_1209_nist_libs_2.0_wt_CeCl3_and_2.0_wt_SrCl2_and_5.0_wt_YCl3.csv
[Run 335/508994] ✅ Saved: 20260902_1209_nist_libs_2.0_wt_CeCl3_and_2.5_wt_SrCl2_and_0.5_wt_YCl3.csv
[Run 336/508994] ✅ Saved: 20260902_1209_nist_libs_2.0_wt_CeCl3_and_2.5_wt_SrCl2_and_1.0_wt_YCl3.csv
[Run 337/508994] ✅ Saved: 20260902_1209_nist_libs_2.0_wt_CeCl3_and_2.5_wt_SrCl2_and_1.5_wt_YCl3.csv
[Run 338/508994] ✅ Saved: 20260902_1209_nist_libs_2.0_wt_CeCl3_and_2.5_wt_SrCl2_and_2.0_wt_YCl3.csv
[Run 339/508994] ✅ Saved: 20260902_1209_nist_libs_2.0_wt_CeCl3_and_2.5_wt_SrCl2_and_2.5_wt_YCl3.csv
[Run 340/508994] ✅ Saved: 20260902_1209_nist_libs_2.0_wt_CeCl3_and_2.5_wt_SrCl2_and_3.0_wt_YCl3.csv
[Run 341/508994] ✅ Saved: 20260902_1209_nist_libs_2.0_wt_CeCl3_and_2.5_wt_SrCl2_and_3.5_wt_YCl3.csv
[Run 342/508994] ✅ Saved: 20260902_1209_nist_libs_2.0_wt_CeCl3_and_2.5_wt_SrCl2_and_4.0_wt_YCl3.csv
[Run 343/508994] ✅ Saved: 20260902_1209_nist_libs_2.0_wt_CeCl3_and_2.5_wt_SrCl2_and_4.5_wt_YCl3.csv
[Run 344/508994] ✅ Saved: 20260902_1209_nist_libs_2.0_wt_CeCl3_and_2.5_wt_SrCl2_and_5.0_wt_YCl3.csv
[Run 345/508994] ✅ Saved: 20260902_1209_nist_libs_2.0_wt_CeCl3_and_3.0_wt_SrCl2_and_0.5_wt_YCl3.csv
[Run 346/508994] ✅ Saved: 20260902_1209_nist_libs_2.0_wt_CeCl3_and_3.0_wt_SrCl2_and_1.0_wt_YCl3.csv
[Run 347/508994] ✅ Saved: 20260902_1209_nist_libs_2.0_wt_CeCl3_and_3.0_wt_SrCl2_and_1.5_wt_YCl3.csv
[Run 348/508994] ✅ Saved: 20260902_1209_nist_libs_2.0_wt_CeCl3_and_3.0_wt_SrCl2_and_2.0_wt_YCl3.csv
[Run 349/508994] ✅ Saved: 20260902_1209_nist_libs_2.0_wt_CeCl3_and_3.0_wt_SrCl2_and_2.5_wt_YCl3.csv
[Run 350/508994] ✅ Saved: 20260902_1209_nist_libs_2.0_wt_CeCl3_and_3.0_wt_SrCl2_and_3.0_wt_YCl3.csv
[Run 351/508994] ✅ Saved: 20260902_1209_nist_libs_2.0_wt_CeCl3_and_3.0_wt_SrCl2_and_3.5_wt_YCl3.csv
[Run 352/508994] ✅ Saved: 20260902_1209_nist_libs_2.0_wt_CeCl3_and_3.0_wt_SrCl2_and_4.0_wt_YCl3.csv
[Run 353/508994] ✅ Saved: 20260902_1209_nist_libs_2.0_wt_CeCl3_and_3.0_wt_SrCl2_and_4.5_wt_YCl3.csv
[Run 354/508994] ✅ Saved: 20260902_1209_nist_libs_2.0_wt_CeCl3_and_3.0_wt_SrCl2_and_5.0_wt_YCl3.csv
[Run 355/508994] ✅ Saved: 20260902_1209_nist_libs_2.0_wt_CeCl3_and_3.5_wt_SrCl2_and_0.5_wt_YCl3.csv
[Run 356/508994] ✅ Saved: 20260902_1209_nist_libs_2.0_wt_CeCl3_and_3.5_wt_SrCl2_and_1.0_wt_YCl3.csv
[Run 357/508994] ✅ Saved: 20260902_1209_nist_libs_2.0_wt_CeCl3_and_3.5_wt_SrCl2_and_1.5_wt_YCl3.csv
[Run 358/508994] ✅ Saved: 20260902_1209_nist_libs_2.0_wt_CeCl3_and_3.5_wt_SrCl2_and_2.0_wt_YCl3.csv
[Run 359/508994] ✅ Saved: 20260902_1209_nist_libs_2.0_wt_CeCl3_and_3.5_wt_SrCl2_and_2.5_wt_YCl3.csv
[Run 360/508994] ✅ Saved: 20260902_1209_nist_libs_2.0_wt_CeCl3_and_3.5_wt_SrCl2_and_3.0_wt_YCl3.csv
[Run 361/508994] ✅ Saved: 20260902_1209_nist_libs_2.0_wt_CeCl3_and_3.5_wt_SrCl2_and_3.5_wt_YCl3.csv
[Run 362/508994] ✅ Saved: 20260902_1209_nist_libs_2.0_wt_CeCl3_and_3.5_wt_SrCl2_and_4.0_wt_YCl3.csv
[Run 363/508994] ✅ Saved: 20260902_1209_nist_libs_2.0_wt_CeCl3_and_3.5_wt_SrCl2_and_4.5_wt_YCl3.csv
[Run 364/508994] ✅ Saved: 20260902_1209_nist_libs_2.0_wt_CeCl3_and_3.5_wt_SrCl2_and_5.0_wt_YCl3.csv
[Run 366/508994] ✅ Saved: 20260902_1209_nist_libs_2.0_wt_CeCl3_and_4.0_wt_SrCl2_and_1.0_wt_YCl3.csv
[Run 365/508994] ✅ Saved: 20260902_1209_nist_libs_2.0_wt_CeCl3_and_4.0_wt_SrCl2_and_0.5_wt_YCl3.csv
[Run 367/508994] ✅ Saved: 20260902_1209_nist_libs_2.0_wt_CeCl3_and_4.0_wt_SrCl2_and_1.5_wt_YCl3.csv
[Run 368/508994] ✅ Saved: 20260902_1209_nist_libs_2.0_wt_CeCl3_and_4.0_wt_SrCl2_and_2.0_wt_YCl3.csv
[Run 369/508994] ✅ Saved: 20260902_1209_nist_libs_2.0_wt_CeCl3_and_4.0_wt_SrCl2_and_2.5_wt_YCl3.csv
[Run 370/508994] ✅ Saved: 20260902_1209_nist_libs_2.0_wt_CeCl3_and_4.0_wt_SrCl2_and_3.0_wt_YCl3.csv
[Run 371/508994] ✅ Saved: 20260902_1209_nist_libs_2.0_wt_CeCl3_and_4.0_wt_SrCl2_and_3.5_wt_YCl3.csv
[Run 372/508994] ✅ Saved: 20260902_1209_nist_libs_2.0_wt_CeCl3_and_4.0_wt_SrCl2_and_4.0_wt_YCl3.csv
[Run 373/508994] ✅ Saved: 20260902_1209_nist_libs_2.0_wt_CeCl3_and_4.0_wt_SrCl2_and_4.5_wt_YCl3.csv
[Run 374/508994] ✅ Saved: 20260902_1209_nist_libs_2.0_wt_CeCl3_and_4.0_wt_SrCl2_and_5.0_wt_YCl3.csv
[Run 375/508994] ✅ Saved: 20260902_1209_nist_libs_2.0_wt_CeCl3_and_4.5_wt_SrCl2_and_0.5_wt_YCl3.csv
[Run 377/508994] ✅ Saved: 20260902_1209_nist_libs_2.0_wt_CeCl3_and_4.5_wt_SrCl2_and_1.5_wt_YCl3.csv
[Run 376/508994] ✅ Saved: 20260902_1209_nist_libs_2.0_wt_CeCl3_and_4.5_wt_SrCl2_and_1.0_wt_YCl3.csv
[Run 378/508994] ✅ Saved: 20260902_1209_nist_libs_2.0_wt_CeCl3_and_4.5_wt_SrCl2_and_2.0_wt_YCl3.csv
[Run 379/508994] ✅ Saved: 20260902_1209_nist_libs_2.0_wt_CeCl3_and_4.5_wt_SrCl2_and_2.5_wt_YCl3.csv
[Run 380/508994] ✅ Saved: 20260902_1209_nist_libs_2.0_wt_CeCl3_and_4.5_wt_SrCl2_and_3.0_wt_YCl3.csv
[Run 381/508994] ✅ Saved: 20260902_1209_nist_libs_2.0_wt_CeCl3_and_4.5_wt_SrCl2_and_3.5_wt_YCl3.csv
[Run 382/508994] ✅ Saved: 20260902_1209_nist_libs_2.0_wt_CeCl3_and_4.5_wt_SrCl2_and_4.0_wt_YCl3.csv
[Run 383/508994] ✅ Saved: 20260902_1209_nist_libs_2.0_wt_CeCl3_and_4.5_wt_SrCl2_and_4.5_wt_YCl3.csv
[Run 384/508994] ✅ Saved: 20260902_1209_nist_libs_2.0_wt_CeCl3_and_4.5_wt_SrCl2_and_5.0_wt_YCl3.csv
[Run 386/508994] ✅ Saved: 20260902_1209_nist_libs_2.0_wt_CeCl3_and_5.0_wt_SrCl2_and_1.0_wt_YCl3.csv
[Run 385/508994] ✅ Saved: 20260902_1209_nist_libs_2.0_wt_CeCl3_and_5.0_wt_SrCl2_and_0.5_wt_YCl3.csv
[Run 387/508994] ✅ Saved: 20260902_1209_nist_libs_2.0_wt_CeCl3_and_5.0_wt_SrCl2_and_1.5_wt_YCl3.csv
[Run 388/508994] ✅ Saved: 20260902_1209_nist_libs_2.0_wt_CeCl3_and_5.0_wt_SrCl2_and_2.0_wt_YCl3.csv
[Run 390/508994] ✅ Saved: 20260902_1209_nist_libs_2.0_wt_CeCl3_and_5.0_wt_SrCl2_and_3.0_wt_YCl3.csv
[Run 389/508994] ✅ Saved: 20260902_1209_nist_libs_2.0_wt_CeCl3_and_5.0_wt_SrCl2_and_2.5_wt_YCl3.csv
[Run 391/508994] ✅ Saved: 20260902_1209_nist_libs_2.0_wt_CeCl3_and_5.0_wt_SrCl2_and_3.5_wt_YCl3.csv
[Run 392/508994] ✅ Saved: 20260902_1209_nist_libs_2.0_wt_CeCl3_and_5.0_wt_SrCl2_and_4.0_wt_YCl3.csv
[Run 394/508994] ✅ Saved: 20260902_1209_nist_libs_2.0_wt_CeCl3_and_5.0_wt_SrCl2_and_5.0_wt_YCl3.csv
[Run 393/508994] ✅ Saved: 20260902_1209_nist_libs_2.0_wt_CeCl3_and_5.0_wt_SrCl2_and_4.5_wt_YCl3.csv
[Run 395/508994] ✅ Saved: 20260902_1209_nist_libs_2.5_wt_CeCl3_and_0.5_wt_SrCl2_and_0.5_wt_YCl3.csv
[Run 396/508994] ✅ Saved: 20260902_1209_nist_libs_2.5_wt_CeCl3_and_0.5_wt_SrCl2_and_1.0_wt_YCl3.csv
[Run 397/508994] ✅ Saved: 20260902_1209_nist_libs_2.5_wt_CeCl3_and_0.5_wt_SrCl2_and_1.5_wt_YCl3.csv
[Run 399/508994] ✅ Saved: 20260902_1209_nist_libs_2.5_wt_CeCl3_and_0.5_wt_SrCl2_and_2.5_wt_YCl3.csv
[Run 400/508994] ✅ Saved: 20260902_1209_nist_libs_2.5_wt_CeCl3_and_0.5_wt_SrCl2_and_3.0_wt_YCl3.csv
[Run 398/508994] ✅ Saved: 20260902_1209_nist_libs_2.5_wt_CeCl3_and_0.5_wt_SrCl2_and_2.0_wt_YCl3.csv
[Run 401/508994] ✅ Saved: 20260902_1209_nist_libs_2.5_wt_CeCl3_and_0.5_wt_SrCl2_and_3.5_wt_YCl3.csv
[Run 402/508994] ✅ Saved: 20260902_1209_nist_libs_2.5_wt_CeCl3_and_0.5_wt_SrCl2_and_4.0_wt_YCl3.csv
[Run 404/508994] ✅ Saved: 20260902_1209_nist_libs_2.5_wt_CeCl3_and_0.5_wt_SrCl2_and_5.0_wt_YCl3.csv
[Run 403/508994] ✅ Saved: 20260902_1209_nist_libs_2.5_wt_CeCl3_and_0.5_wt_SrCl2_and_4.5_wt_YCl3.csv
[Run 405/508994] ✅ Saved: 20260902_1209_nist_libs_2.5_wt_CeCl3_and_1.0_wt_SrCl2_and_0.5_wt_YCl3.csv
[Run 406/508994] ✅ Saved: 20260902_1209_nist_libs_2.5_wt_CeCl3_and_1.0_wt_SrCl2_and_1.0_wt_YCl3.csv
[Run 408/508994] ✅ Saved: 20260902_1209_nist_libs_2.5_wt_CeCl3_and_1.0_wt_SrCl2_and_2.0_wt_YCl3.csv
[Run 407/508994] ✅ Saved: 20260902_1209_nist_libs_2.5_wt_CeCl3_and_1.0_wt_SrCl2_and_1.5_wt_YCl3.csv
[Run 409/508994] ✅ Saved: 20260902_1209_nist_libs_2.5_wt_CeCl3_and_1.0_wt_SrCl2_and_2.5_wt_YCl3.csv
[Run 410/508994] ✅ Saved: 20260902_1209_nist_libs_2.5_wt_CeCl3_and_1.0_wt_SrCl2_and_3.0_wt_YCl3.csv
[Run 412/508994] ✅ Saved: 20260902_1209_nist_libs_2.5_wt_CeCl3_and_1.0_wt_SrCl2_and_4.0_wt_YCl3.csv
[Run 411/508994] ✅ Saved: 20260902_1209_nist_libs_2.5_wt_CeCl3_and_1.0_wt_SrCl2_and_3.5_wt_YCl3.csv
[Run 413/508994] ✅ Saved: 20260902_1209_nist_libs_2.5_wt_CeCl3_and_1.0_wt_SrCl2_and_4.5_wt_YCl3.csv
[Run 414/508994] ✅ Saved: 20260902_1209_nist_libs_2.5_wt_CeCl3_and_1.0_wt_SrCl2_and_5.0_wt_YCl3.csv
[Run 415/508994] ✅ Saved: 20260902_1209_nist_libs_2.5_wt_CeCl3_and_1.5_wt_SrCl2_and_0.5_wt_YCl3.csv
[Run 416/508994] ✅ Saved: 20260902_1209_nist_libs_2.5_wt_CeCl3_and_1.5_wt_SrCl2_and_1.0_wt_YCl3.csv
[Run 417/508994] ✅ Saved: 20260902_1209_nist_libs_2.5_wt_CeCl3_and_1.5_wt_SrCl2_and_1.5_wt_YCl3.csv
[Run 418/508994] ✅ Saved: 20260902_1209_nist_libs_2.5_wt_CeCl3_and_1.5_wt_SrCl2_and_2.0_wt_YCl3.csv
[Run 419/508994] ✅ Saved: 20260902_1209_nist_libs_2.5_wt_CeCl3_and_1.5_wt_SrCl2_and_2.5_wt_YCl3.csv
[Run 420/508994] ✅ Saved: 20260902_1209_nist_libs_2.5_wt_CeCl3_and_1.5_wt_SrCl2_and_3.0_wt_YCl3.csv
[Run 421/508994] ✅ Saved: 20260902_1209_nist_libs_2.5_wt_CeCl3_and_1.5_wt_SrCl2_and_3.5_wt_YCl3.csv
[Run 422/508994] ✅ Saved: 20260902_1209_nist_libs_2.5_wt_CeCl3_and_1.5_wt_SrCl2_and_4.0_wt_YCl3.csv
[Run 423/508994] ✅ Saved: 20260902_1209_nist_libs_2.5_wt_CeCl3_and_1.5_wt_SrCl2_and_4.5_wt_YCl3.csv
[Run 424/508994] ✅ Saved: 20260902_1209_nist_libs_2.5_wt_CeCl3_and_1.5_wt_SrCl2_and_5.0_wt_YCl3.csv
[Run 425/508994] ✅ Saved: 20260902_1209_nist_libs_2.5_wt_CeCl3_and_2.0_wt_SrCl2_and_0.5_wt_YCl3.csv
[Run 426/508994] ✅ Saved: 20260902_1209_nist_libs_2.5_wt_CeCl3_and_2.0_wt_SrCl2_and_1.0_wt_YCl3.csv
[Run 427/508994] ✅ Saved: 20260902_1209_nist_libs_2.5_wt_CeCl3_and_2.0_wt_SrCl2_and_1.5_wt_YCl3.csv
[Run 428/508994] ✅ Saved: 20260902_1209_nist_libs_2.5_wt_CeCl3_and_2.0_wt_SrCl2_and_2.0_wt_YCl3.csv
[Run 429/508994] ✅ Saved: 20260902_1209_nist_libs_2.5_wt_CeCl3_and_2.0_wt_SrCl2_and_2.5_wt_YCl3.csv
[Run 430/508994] ✅ Saved: 20260902_1209_nist_libs_2.5_wt_CeCl3_and_2.0_wt_SrCl2_and_3.0_wt_YCl3.csv
[Run 431/508994] ✅ Saved: 20260902_1209_nist_libs_2.5_wt_CeCl3_and_2.0_wt_SrCl2_and_3.5_wt_YCl3.csv
[Run 432/508994] ✅ Saved: 20260902_1209_nist_libs_2.5_wt_CeCl3_and_2.0_wt_SrCl2_and_4.0_wt_YCl3.csv
[Run 433/508994] ✅ Saved: 20260902_1209_nist_libs_2.5_wt_CeCl3_and_2.0_wt_SrCl2_and_4.5_wt_YCl3.csv
[Run 434/508994] ✅ Saved: 20260902_1209_nist_libs_2.5_wt_CeCl3_and_2.0_wt_SrCl2_and_5.0_wt_YCl3.csv
[Run 435/508994] ✅ Saved: 20260902_1209_nist_libs_2.5_wt_CeCl3_and_2.5_wt_SrCl2_and_0.5_wt_YCl3.csv
[Run 436/508994] ✅ Saved: 20260902_1209_nist_libs_2.5_wt_CeCl3_and_2.5_wt_SrCl2_and_1.0_wt_YCl3.csv
[Run 437/508994] ✅ Saved: 20260902_1209_nist_libs_2.5_wt_CeCl3_and_2.5_wt_SrCl2_and_1.5_wt_YCl3.csv
[Run 438/508994] ✅ Saved: 20260902_1209_nist_libs_2.5_wt_CeCl3_and_2.5_wt_SrCl2_and_2.0_wt_YCl3.csv
[Run 439/508994] ✅ Saved: 20260902_1209_nist_libs_2.5_wt_CeCl3_and_2.5_wt_SrCl2_and_2.5_wt_YCl3.csv
[Run 440/508994] ✅ Saved: 20260902_1209_nist_libs_2.5_wt_CeCl3_and_2.5_wt_SrCl2_and_3.0_wt_YCl3.csv
[Run 441/508994] ✅ Saved: 20260902_1209_nist_libs_2.5_wt_CeCl3_and_2.5_wt_SrCl2_and_3.5_wt_YCl3.csv
[Run 443/508994] ✅ Saved: 20260902_1209_nist_libs_2.5_wt_CeCl3_and_2.5_wt_SrCl2_and_4.5_wt_YCl3.csv
[Run 442/508994] ✅ Saved: 20260902_1209_nist_libs_2.5_wt_CeCl3_and_2.5_wt_SrCl2_and_4.0_wt_YCl3.csv
[Run 444/508994] ✅ Saved: 20260902_1209_nist_libs_2.5_wt_CeCl3_and_2.5_wt_SrCl2_and_5.0_wt_YCl3.csv
[Run 445/508994] ✅ Saved: 20260902_1209_nist_libs_2.5_wt_CeCl3_and_3.0_wt_SrCl2_and_0.5_wt_YCl3.csv
[Run 446/508994] ✅ Saved: 20260902_1209_nist_libs_2.5_wt_CeCl3_and_3.0_wt_SrCl2_and_1.0_wt_YCl3.csv
[Run 447/508994] ✅ Saved: 20260902_1209_nist_libs_2.5_wt_CeCl3_and_3.0_wt_SrCl2_and_1.5_wt_YCl3.csv
[Run 448/508994] ✅ Saved: 20260902_1209_nist_libs_2.5_wt_CeCl3_and_3.0_wt_SrCl2_and_2.0_wt_YCl3.csv
[Run 449/508994] ✅ Saved: 20260902_1209_nist_libs_2.5_wt_CeCl3_and_3.0_wt_SrCl2_and_2.5_wt_YCl3.csv
[Run 451/508994] ✅ Saved: 20260902_1209_nist_libs_2.5_wt_CeCl3_and_3.0_wt_SrCl2_and_3.5_wt_YCl3.csv
[Run 450/508994] ✅ Saved: 20260902_1209_nist_libs_2.5_wt_CeCl3_and_3.0_wt_SrCl2_and_3.0_wt_YCl3.csv
[Run 453/508994] ✅ Saved: 20260902_1209_nist_libs_2.5_wt_CeCl3_and_3.0_wt_SrCl2_and_4.5_wt_YCl3.csv
[Run 452/508994] ✅ Saved: 20260902_1209_nist_libs_2.5_wt_CeCl3_and_3.0_wt_SrCl2_and_4.0_wt_YCl3.csv
[Run 455/508994] ✅ Saved: 20260902_1209_nist_libs_2.5_wt_CeCl3_and_3.5_wt_SrCl2_and_0.5_wt_YCl3.csv
[Run 454/508994] ✅ Saved: 20260902_1209_nist_libs_2.5_wt_CeCl3_and_3.0_wt_SrCl2_and_5.0_wt_YCl3.csv
[Run 457/508994] ✅ Saved: 20260902_1209_nist_libs_2.5_wt_CeCl3_and_3.5_wt_SrCl2_and_1.5_wt_YCl3.csv
[Run 456/508994] ✅ Saved: 20260902_1209_nist_libs_2.5_wt_CeCl3_and_3.5_wt_SrCl2_and_1.0_wt_YCl3.csv
[Run 459/508994] ✅ Saved: 20260902_1209_nist_libs_2.5_wt_CeCl3_and_3.5_wt_SrCl2_and_2.5_wt_YCl3.csv
[Run 458/508994] ✅ Saved: 20260902_1209_nist_libs_2.5_wt_CeCl3_and_3.5_wt_SrCl2_and_2.0_wt_YCl3.csv
[Run 460/508994] ✅ Saved: 20260902_1209_nist_libs_2.5_wt_CeCl3_and_3.5_wt_SrCl2_and_3.0_wt_YCl3.csv
[Run 461/508994] ✅ Saved: 20260902_1209_nist_libs_2.5_wt_CeCl3_and_3.5_wt_SrCl2_and_3.5_wt_YCl3.csv
[Run 462/508994] ✅ Saved: 20260902_1209_nist_libs_2.5_wt_CeCl3_and_3.5_wt_SrCl2_and_4.0_wt_YCl3.csv
[Run 463/508994] ✅ Saved: 20260902_1209_nist_libs_2.5_wt_CeCl3_and_3.5_wt_SrCl2_and_4.5_wt_YCl3.csv
[Run 464/508994] ✅ Saved: 20260902_1209_nist_libs_2.5_wt_CeCl3_and_3.5_wt_SrCl2_and_5.0_wt_YCl3.csv
[Run 465/508994] ✅ Saved: 20260902_1209_nist_libs_2.5_wt_CeCl3_and_4.0_wt_SrCl2_and_0.5_wt_YCl3.csv
[Run 466/508994] ✅ Saved: 20260902_1209_nist_libs_2.5_wt_CeCl3_and_4.0_wt_SrCl2_and_1.0_wt_YCl3.csv
[Run 467/508994] ✅ Saved: 20260902_1209_nist_libs_2.5_wt_CeCl3_and_4.0_wt_SrCl2_and_1.5_wt_YCl3.csv
[Run 468/508994] ✅ Saved: 20260902_1209_nist_libs_2.5_wt_CeCl3_and_4.0_wt_SrCl2_and_2.0_wt_YCl3.csv
[Run 469/508994] ✅ Saved: 20260902_1209_nist_libs_2.5_wt_CeCl3_and_4.0_wt_SrCl2_and_2.5_wt_YCl3.csv
[Run 470/508994] ✅ Saved: 20260902_1209_nist_libs_2.5_wt_CeCl3_and_4.0_wt_SrCl2_and_3.0_wt_YCl3.csv
[Run 471/508994] ✅ Saved: 20260902_1209_nist_libs_2.5_wt_CeCl3_and_4.0_wt_SrCl2_and_3.5_wt_YCl3.csv
[Run 472/508994] ✅ Saved: 20260902_1209_nist_libs_2.5_wt_CeCl3_and_4.0_wt_SrCl2_and_4.0_wt_YCl3.csv
[Run 473/508994] ✅ Saved: 20260902_1209_nist_libs_2.5_wt_CeCl3_and_4.0_wt_SrCl2_and_4.5_wt_YCl3.csv
[Run 474/508994] ✅ Saved: 20260902_1209_nist_libs_2.5_wt_CeCl3_and_4.0_wt_SrCl2_and_5.0_wt_YCl3.csv
[Run 475/508994] ✅ Saved: 20260902_1209_nist_libs_2.5_wt_CeCl3_and_4.5_wt_SrCl2_and_0.5_wt_YCl3.csv
[Run 476/508994] ✅ Saved: 20260902_1209_nist_libs_2.5_wt_CeCl3_and_4.5_wt_SrCl2_and_1.0_wt_YCl3.csv
[Run 477/508994] ✅ Saved: 20260902_1209_nist_libs_2.5_wt_CeCl3_and_4.5_wt_SrCl2_and_1.5_wt_YCl3.csv
[Run 478/508994] ✅ Saved: 20260902_1209_nist_libs_2.5_wt_CeCl3_and_4.5_wt_SrCl2_and_2.0_wt_YCl3.csv
[Run 479/508994] ✅ Saved: 20260902_1209_nist_libs_2.5_wt_CeCl3_and_4.5_wt_SrCl2_and_2.5_wt_YCl3.csv
[Run 480/508994] ✅ Saved: 20260902_1209_nist_libs_2.5_wt_CeCl3_and_4.5_wt_SrCl2_and_3.0_wt_YCl3.csv
[Run 481/508994] ✅ Saved: 20260902_1209_nist_libs_2.5_wt_CeCl3_and_4.5_wt_SrCl2_and_3.5_wt_YCl3.csv
[Run 482/508994] ✅ Saved: 20260902_1209_nist_libs_2.5_wt_CeCl3_and_4.5_wt_SrCl2_and_4.0_wt_YCl3.csv
[Run 483/508994] ✅ Saved: 20260902_1209_nist_libs_2.5_wt_CeCl3_and_4.5_wt_SrCl2_and_4.5_wt_YCl3.csv
[Run 484/508994] ✅ Saved: 20260902_1209_nist_libs_2.5_wt_CeCl3_and_4.5_wt_SrCl2_and_5.0_wt_YCl3.csv
[Run 485/508994] ✅ Saved: 20260902_1209_nist_libs_2.5_wt_CeCl3_and_5.0_wt_SrCl2_and_0.5_wt_YCl3.csv
[Run 486/508994] ✅ Saved: 20260902_1209_nist_libs_2.5_wt_CeCl3_and_5.0_wt_SrCl2_and_1.0_wt_YCl3.csv
[Run 487/508994] ✅ Saved: 20260902_1209_nist_libs_2.5_wt_CeCl3_and_5.0_wt_SrCl2_and_1.5_wt_YCl3.csv
[Run 488/508994] ✅ Saved: 20260902_1209_nist_libs_2.5_wt_CeCl3_and_5.0_wt_SrCl2_and_2.0_wt_YCl3.csv
[Run 489/508994] ✅ Saved: 20260902_1209_nist_libs_2.5_wt_CeCl3_and_5.0_wt_SrCl2_and_2.5_wt_YCl3.csv
[Run 490/508994] ✅ Saved: 20260902_1209_nist_libs_2.5_wt_CeCl3_and_5.0_wt_SrCl2_and_3.0_wt_YCl3.csv
[Run 492/508994] ✅ Saved: 20260902_1209_nist_libs_2.5_wt_CeCl3_and_5.0_wt_SrCl2_and_4.0_wt_YCl3.csv
[Run 491/508994] ✅ Saved: 20260902_1209_nist_libs_2.5_wt_CeCl3_and_5.0_wt_SrCl2_and_3.5_wt_YCl3.csv
[Run 493/508994] ✅ Saved: 20260902_1209_nist_libs_2.5_wt_CeCl3_and_5.0_wt_SrCl2_and_4.5_wt_YCl3.csv
[Run 494/508994] ✅ Saved: 20260902_1209_nist_libs_2.5_wt_CeCl3_and_5.0_wt_SrCl2_and_5.0_wt_YCl3.csv
[Run 496/508994] ✅ Saved: 20260902_1209_nist_libs_3.0_wt_CeCl3_and_0.5_wt_SrCl2_and_1.0_wt_YCl3.csv
[Run 495/508994] ✅ Saved: 20260902_1209_nist_libs_3.0_wt_CeCl3_and_0.5_wt_SrCl2_and_0.5_wt_YCl3.csv
[Run 497/508994] ✅ Saved: 20260902_1209_nist_libs_3.0_wt_CeCl3_and_0.5_wt_SrCl2_and_1.5_wt_YCl3.csv
[Run 498/508994] ✅ Saved: 20260902_1209_nist_libs_3.0_wt_CeCl3_and_0.5_wt_SrCl2_and_2.0_wt_YCl3.csv
[Run 499/508994] ✅ Saved: 20260902_1209_nist_libs_3.0_wt_CeCl3_and_0.5_wt_SrCl2_and_2.5_wt_YCl3.csv
[Run 500/508994] ✅ Saved: 20260902_1209_nist_libs_3.0_wt_CeCl3_and_0.5_wt_SrCl2_and_3.0_wt_YCl3.csv
[Run 501/508994] ✅ Saved: 20260902_1209_nist_libs_3.0_wt_CeCl3_and_0.5_wt_SrCl2_and_3.5_wt_YCl3.csv
[Run 502/508994] ✅ Saved: 20260902_1209_nist_libs_3.0_wt_CeCl3_and_0.5_wt_SrCl2_and_4.0_wt_YCl3.csv
[Run 503/508994] ✅ Saved: 20260902_1209_nist_libs_3.0_wt_CeCl3_and_0.5_wt_SrCl2_and_4.5_wt_YCl3.csv
[Run 504/508994] ✅ Saved: 20260902_1209_nist_libs_3.0_wt_CeCl3_and_0.5_wt_SrCl2_and_5.0_wt_YCl3.csv
[Run 505/508994] ✅ Saved: 20260902_1209_nist_libs_3.0_wt_CeCl3_and_1.0_wt_SrCl2_and_0.5_wt_YCl3.csv
[Run 506/508994] ✅ Saved: 20260902_1209_nist_libs_3.0_wt_CeCl3_and_1.0_wt_SrCl2_and_1.0_wt_YCl3.csv
[Run 507/508994] ✅ Saved: 20260902_1209_nist_libs_3.0_wt_CeCl3_and_1.0_wt_SrCl2_and_1.5_wt_YCl3.csv
[Run 508/508994] ✅ Saved: 20260902_1209_nist_libs_3.0_wt_CeCl3_and_1.0_wt_SrCl2_and_2.0_wt_YCl3.csv
[Run 509/508994] ✅ Saved: 20260902_1209_nist_libs_3.0_wt_CeCl3_and_1.0_wt_SrCl2_and_2.5_wt_YCl3.csv
[Run 510/508994] ✅ Saved: 20260902_1209_nist_libs_3.0_wt_CeCl3_and_1.0_wt_SrCl2_and_3.0_wt_YCl3.csv
[Run 511/508994] ✅ Saved: 20260902_1209_nist_libs_3.0_wt_CeCl3_and_1.0_wt_SrCl2_and_3.5_wt_YCl3.csv
[Run 512/508994] ✅ Saved: 20260902_1209_nist_libs_3.0_wt_CeCl3_and_1.0_wt_SrCl2_and_4.0_wt_YCl3.csv
[Run 514/508994] ✅ Saved: 20260902_1209_nist_libs_3.0_wt_CeCl3_and_1.0_wt_SrCl2_and_5.0_wt_YCl3.csv
[Run 513/508994] ✅ Saved: 20260902_1209_nist_libs_3.0_wt_CeCl3_and_1.0_wt_SrCl2_and_4.5_wt_YCl3.csv
[Run 515/508994] ✅ Saved: 20260902_1209_nist_libs_3.0_wt_CeCl3_and_1.5_wt_SrCl2_and_0.5_wt_YCl3.csv
[Run 516/508994] ✅ Saved: 20260902_1209_nist_libs_3.0_wt_CeCl3_and_1.5_wt_SrCl2_and_1.0_wt_YCl3.csv
[Run 518/508994] ✅ Saved: 20260902_1209_nist_libs_3.0_wt_CeCl3_and_1.5_wt_SrCl2_and_2.0_wt_YCl3.csv
[Run 517/508994] ✅ Saved: 20260902_1209_nist_libs_3.0_wt_CeCl3_and_1.5_wt_SrCl2_and_1.5_wt_YCl3.csv
[Run 519/508994] ✅ Saved: 20260902_1209_nist_libs_3.0_wt_CeCl3_and_1.5_wt_SrCl2_and_2.5_wt_YCl3.csv
[Run 520/508994] ✅ Saved: 20260902_1209_nist_libs_3.0_wt_CeCl3_and_1.5_wt_SrCl2_and_3.0_wt_YCl3.csv
[Run 521/508994] ✅ Saved: 20260902_1209_nist_libs_3.0_wt_CeCl3_and_1.5_wt_SrCl2_and_3.5_wt_YCl3.csv
[Run 522/508994] ✅ Saved: 20260902_1209_nist_libs_3.0_wt_CeCl3_and_1.5_wt_SrCl2_and_4.0_wt_YCl3.csv
[Run 523/508994] ✅ Saved: 20260902_1209_nist_libs_3.0_wt_CeCl3_and_1.5_wt_SrCl2_and_4.5_wt_YCl3.csv
[Run 524/508994] ✅ Saved: 20260902_1209_nist_libs_3.0_wt_CeCl3_and_1.5_wt_SrCl2_and_5.0_wt_YCl3.csv
[Run 525/508994] ✅ Saved: 20260902_1209_nist_libs_3.0_wt_CeCl3_and_2.0_wt_SrCl2_and_0.5_wt_YCl3.csv
[Run 526/508994] ✅ Saved: 20260902_1209_nist_libs_3.0_wt_CeCl3_and_2.0_wt_SrCl2_and_1.0_wt_YCl3.csv
[Run 528/508994] ✅ Saved: 20260902_1209_nist_libs_3.0_wt_CeCl3_and_2.0_wt_SrCl2_and_2.0_wt_YCl3.csv
[Run 527/508994] ✅ Saved: 20260902_1209_nist_libs_3.0_wt_CeCl3_and_2.0_wt_SrCl2_and_1.5_wt_YCl3.csv
[Run 529/508994] ✅ Saved: 20260902_1209_nist_libs_3.0_wt_CeCl3_and_2.0_wt_SrCl2_and_2.5_wt_YCl3.csv
[Run 530/508994] ✅ Saved: 20260902_1209_nist_libs_3.0_wt_CeCl3_and_2.0_wt_SrCl2_and_3.0_wt_YCl3.csv
[Run 531/508994] ✅ Saved: 20260902_1209_nist_libs_3.0_wt_CeCl3_and_2.0_wt_SrCl2_and_3.5_wt_YCl3.csv
[Run 532/508994] ✅ Saved: 20260902_1209_nist_libs_3.0_wt_CeCl3_and_2.0_wt_SrCl2_and_4.0_wt_YCl3.csv
[Run 533/508994] ✅ Saved: 20260902_1209_nist_libs_3.0_wt_CeCl3_and_2.0_wt_SrCl2_and_4.5_wt_YCl3.csv
[Run 534/508994] ✅ Saved: 20260902_1209_nist_libs_3.0_wt_CeCl3_and_2.0_wt_SrCl2_and_5.0_wt_YCl3.csv
[Run 535/508994] ✅ Saved: 20260902_1209_nist_libs_3.0_wt_CeCl3_and_2.5_wt_SrCl2_and_0.5_wt_YCl3.csv
[Run 536/508994] ✅ Saved: 20260902_1209_nist_libs_3.0_wt_CeCl3_and_2.5_wt_SrCl2_and_1.0_wt_YCl3.csv
[Run 537/508994] ✅ Saved: 20260902_1209_nist_libs_3.0_wt_CeCl3_and_2.5_wt_SrCl2_and_1.5_wt_YCl3.csv
[Run 538/508994] ✅ Saved: 20260902_1209_nist_libs_3.0_wt_CeCl3_and_2.5_wt_SrCl2_and_2.0_wt_YCl3.csv
[Run 539/508994] ✅ Saved: 20260902_1209_nist_libs_3.0_wt_CeCl3_and_2.5_wt_SrCl2_and_2.5_wt_YCl3.csv
[Run 540/508994] ✅ Saved: 20260902_1209_nist_libs_3.0_wt_CeCl3_and_2.5_wt_SrCl2_and_3.0_wt_YCl3.csv
[Run 541/508994] ✅ Saved: 20260902_1209_nist_libs_3.0_wt_CeCl3_and_2.5_wt_SrCl2_and_3.5_wt_YCl3.csv
[Run 542/508994] ✅ Saved: 20260902_1209_nist_libs_3.0_wt_CeCl3_and_2.5_wt_SrCl2_and_4.0_wt_YCl3.csv
[Run 544/508994] ✅ Saved: 20260902_1209_nist_libs_3.0_wt_CeCl3_and_2.5_wt_SrCl2_and_5.0_wt_YCl3.csv
[Run 543/508994] ✅ Saved: 20260902_1209_nist_libs_3.0_wt_CeCl3_and_2.5_wt_SrCl2_and_4.5_wt_YCl3.csv
[Run 545/508994] ✅ Saved: 20260902_1209_nist_libs_3.0_wt_CeCl3_and_3.0_wt_SrCl2_and_0.5_wt_YCl3.csv
[Run 546/508994] ✅ Saved: 20260902_1209_nist_libs_3.0_wt_CeCl3_and_3.0_wt_SrCl2_and_1.0_wt_YCl3.csv
[Run 547/508994] ✅ Saved: 20260902_1209_nist_libs_3.0_wt_CeCl3_and_3.0_wt_SrCl2_and_1.5_wt_YCl3.csv
[Run 548/508994] ✅ Saved: 20260902_1209_nist_libs_3.0_wt_CeCl3_and_3.0_wt_SrCl2_and_2.0_wt_YCl3.csv
[Run 549/508994] ✅ Saved: 20260902_1209_nist_libs_3.0_wt_CeCl3_and_3.0_wt_SrCl2_and_2.5_wt_YCl3.csv
[Run 550/508994] ✅ Saved: 20260902_1209_nist_libs_3.0_wt_CeCl3_and_3.0_wt_SrCl2_and_3.0_wt_YCl3.csv
[Run 552/508994] ✅ Saved: 20260902_1209_nist_libs_3.0_wt_CeCl3_and_3.0_wt_SrCl2_and_4.0_wt_YCl3.csv
[Run 551/508994] ✅ Saved: 20260902_1209_nist_libs_3.0_wt_CeCl3_and_3.0_wt_SrCl2_and_3.5_wt_YCl3.csv
[Run 553/508994] ✅ Saved: 20260902_1209_nist_libs_3.0_wt_CeCl3_and_3.0_wt_SrCl2_and_4.5_wt_YCl3.csv
[Run 554/508994] ✅ Saved: 20260902_1209_nist_libs_3.0_wt_CeCl3_and_3.0_wt_SrCl2_and_5.0_wt_YCl3.csv
[Run 555/508994] ✅ Saved: 20260902_1209_nist_libs_3.0_wt_CeCl3_and_3.5_wt_SrCl2_and_0.5_wt_YCl3.csv
[Run 556/508994] ✅ Saved: 20260902_1209_nist_libs_3.0_wt_CeCl3_and_3.5_wt_SrCl2_and_1.0_wt_YCl3.csv
[Run 558/508994] ✅ Saved: 20260902_1209_nist_libs_3.0_wt_CeCl3_and_3.5_wt_SrCl2_and_2.0_wt_YCl3.csv
[Run 557/508994] ✅ Saved: 20260902_1209_nist_libs_3.0_wt_CeCl3_and_3.5_wt_SrCl2_and_1.5_wt_YCl3.csv
[Run 559/508994] ✅ Saved: 20260902_1209_nist_libs_3.0_wt_CeCl3_and_3.5_wt_SrCl2_and_2.5_wt_YCl3.csv
[Run 561/508994] ✅ Saved: 20260902_1209_nist_libs_3.0_wt_CeCl3_and_3.5_wt_SrCl2_and_3.5_wt_YCl3.csv
[Run 560/508994] ✅ Saved: 20260902_1209_nist_libs_3.0_wt_CeCl3_and_3.5_wt_SrCl2_and_3.0_wt_YCl3.csv
[Run 562/508994] ✅ Saved: 20260902_1209_nist_libs_3.0_wt_CeCl3_and_3.5_wt_SrCl2_and_4.0_wt_YCl3.csv
[Run 563/508994] ✅ Saved: 20260902_1209_nist_libs_3.0_wt_CeCl3_and_3.5_wt_SrCl2_and_4.5_wt_YCl3.csv
[Run 564/508994] ✅ Saved: 20260902_1209_nist_libs_3.0_wt_CeCl3_and_3.5_wt_SrCl2_and_5.0_wt_YCl3.csv
[Run 565/508994] ✅ Saved: 20260902_1209_nist_libs_3.0_wt_CeCl3_and_4.0_wt_SrCl2_and_0.5_wt_YCl3.csv
[Run 566/508994] ✅ Saved: 20260902_1209_nist_libs_3.0_wt_CeCl3_and_4.0_wt_SrCl2_and_1.0_wt_YCl3.csv
[Run 567/508994] ✅ Saved: 20260902_1209_nist_libs_3.0_wt_CeCl3_and_4.0_wt_SrCl2_and_1.5_wt_YCl3.csv
[Run 568/508994] ✅ Saved: 20260902_1209_nist_libs_3.0_wt_CeCl3_and_4.0_wt_SrCl2_and_2.0_wt_YCl3.csv
[Run 570/508994] ✅ Saved: 20260902_1209_nist_libs_3.0_wt_CeCl3_and_4.0_wt_SrCl2_and_3.0_wt_YCl3.csv
[Run 569/508994] ✅ Saved: 20260902_1209_nist_libs_3.0_wt_CeCl3_and_4.0_wt_SrCl2_and_2.5_wt_YCl3.csv
[Run 571/508994] ✅ Saved: 20260902_1209_nist_libs_3.0_wt_CeCl3_and_4.0_wt_SrCl2_and_3.5_wt_YCl3.csv
[Run 572/508994] ✅ Saved: 20260902_1209_nist_libs_3.0_wt_CeCl3_and_4.0_wt_SrCl2_and_4.0_wt_YCl3.csv
[Run 574/508994] ✅ Saved: 20260902_1209_nist_libs_3.0_wt_CeCl3_and_4.0_wt_SrCl2_and_5.0_wt_YCl3.csv
[Run 573/508994] ✅ Saved: 20260902_1209_nist_libs_3.0_wt_CeCl3_and_4.0_wt_SrCl2_and_4.5_wt_YCl3.csv
[Run 575/508994] ✅ Saved: 20260902_1209_nist_libs_3.0_wt_CeCl3_and_4.5_wt_SrCl2_and_0.5_wt_YCl3.csv
[Run 576/508994] ✅ Saved: 20260902_1209_nist_libs_3.0_wt_CeCl3_and_4.5_wt_SrCl2_and_1.0_wt_YCl3.csv
[Run 578/508994] ✅ Saved: 20260902_1209_nist_libs_3.0_wt_CeCl3_and_4.5_wt_SrCl2_and_2.0_wt_YCl3.csv
[Run 577/508994] ✅ Saved: 20260902_1209_nist_libs_3.0_wt_CeCl3_and_4.5_wt_SrCl2_and_1.5_wt_YCl3.csv
[Run 579/508994] ✅ Saved: 20260902_1209_nist_libs_3.0_wt_CeCl3_and_4.5_wt_SrCl2_and_2.5_wt_YCl3.csv
[Run 580/508994] ✅ Saved: 20260902_1209_nist_libs_3.0_wt_CeCl3_and_4.5_wt_SrCl2_and_3.0_wt_YCl3.csv
[Run 582/508994] ✅ Saved: 20260902_1209_nist_libs_3.0_wt_CeCl3_and_4.5_wt_SrCl2_and_4.0_wt_YCl3.csv
[Run 581/508994] ✅ Saved: 20260902_1209_nist_libs_3.0_wt_CeCl3_and_4.5_wt_SrCl2_and_3.5_wt_YCl3.csv
[Run 583/508994] ✅ Saved: 20260902_1209_nist_libs_3.0_wt_CeCl3_and_4.5_wt_SrCl2_and_4.5_wt_YCl3.csv
[Run 584/508994] ✅ Saved: 20260902_1209_nist_libs_3.0_wt_CeCl3_and_4.5_wt_SrCl2_and_5.0_wt_YCl3.csv
[Run 586/508994] ✅ Saved: 20260902_1209_nist_libs_3.0_wt_CeCl3_and_5.0_wt_SrCl2_and_1.0_wt_YCl3.csv
[Run 585/508994] ✅ Saved: 20260902_1209_nist_libs_3.0_wt_CeCl3_and_5.0_wt_SrCl2_and_0.5_wt_YCl3.csv
[Run 587/508994] ✅ Saved: 20260902_1209_nist_libs_3.0_wt_CeCl3_and_5.0_wt_SrCl2_and_1.5_wt_YCl3.csv
[Run 588/508994] ✅ Saved: 20260902_1209_nist_libs_3.0_wt_CeCl3_and_5.0_wt_SrCl2_and_2.0_wt_YCl3.csv
[Run 589/508994] ✅ Saved: 20260902_1209_nist_libs_3.0_wt_CeCl3_and_5.0_wt_SrCl2_and_2.5_wt_YCl3.csv
[Run 590/508994] ✅ Saved: 20260902_1209_nist_libs_3.0_wt_CeCl3_and_5.0_wt_SrCl2_and_3.0_wt_YCl3.csv
[Run 591/508994] ✅ Saved: 20260902_1209_nist_libs_3.0_wt_CeCl3_and_5.0_wt_SrCl2_and_3.5_wt_YCl3.csv
[Run 592/508994] ✅ Saved: 20260902_1209_nist_libs_3.0_wt_CeCl3_and_5.0_wt_SrCl2_and_4.0_wt_YCl3.csv
[Run 594/508994] ✅ Saved: 20260902_1209_nist_libs_3.0_wt_CeCl3_and_5.0_wt_SrCl2_and_5.0_wt_YCl3.csv
[Run 593/508994] ✅ Saved: 20260902_1209_nist_libs_3.0_wt_CeCl3_and_5.0_wt_SrCl2_and_4.5_wt_YCl3.csv
[Run 596/508994] ✅ Saved: 20260902_1209_nist_libs_3.5_wt_CeCl3_and_0.5_wt_SrCl2_and_1.0_wt_YCl3.csv
[Run 595/508994] ✅ Saved: 20260902_1209_nist_libs_3.5_wt_CeCl3_and_0.5_wt_SrCl2_and_0.5_wt_YCl3.csv
[Run 597/508994] ✅ Saved: 20260902_1209_nist_libs_3.5_wt_CeCl3_and_0.5_wt_SrCl2_and_1.5_wt_YCl3.csv
[Run 598/508994] ✅ Saved: 20260902_1209_nist_libs_3.5_wt_CeCl3_and_0.5_wt_SrCl2_and_2.0_wt_YCl3.csv
[Run 599/508994] ✅ Saved: 20260902_1209_nist_libs_3.5_wt_CeCl3_and_0.5_wt_SrCl2_and_2.5_wt_YCl3.csv
[Run 600/508994] ✅ Saved: 20260902_1209_nist_libs_3.5_wt_CeCl3_and_0.5_wt_SrCl2_and_3.0_wt_YCl3.csv
[Run 601/508994] ✅ Saved: 20260902_1209_nist_libs_3.5_wt_CeCl3_and_0.5_wt_SrCl2_and_3.5_wt_YCl3.csv
[Run 602/508994] ✅ Saved: 20260902_1209_nist_libs_3.5_wt_CeCl3_and_0.5_wt_SrCl2_and_4.0_wt_YCl3.csv
[Run 603/508994] ✅ Saved: 20260902_1209_nist_libs_3.5_wt_CeCl3_and_0.5_wt_SrCl2_and_4.5_wt_YCl3.csv
[Run 604/508994] ✅ Saved: 20260902_1209_nist_libs_3.5_wt_CeCl3_and_0.5_wt_SrCl2_and_5.0_wt_YCl3.csv
[Run 605/508994] ✅ Saved: 20260902_1209_nist_libs_3.5_wt_CeCl3_and_1.0_wt_SrCl2_and_0.5_wt_YCl3.csv
[Run 606/508994] ✅ Saved: 20260902_1209_nist_libs_3.5_wt_CeCl3_and_1.0_wt_SrCl2_and_1.0_wt_YCl3.csv
[Run 607/508994] ✅ Saved: 20260902_1209_nist_libs_3.5_wt_CeCl3_and_1.0_wt_SrCl2_and_1.5_wt_YCl3.csv
[Run 608/508994] ✅ Saved: 20260902_1209_nist_libs_3.5_wt_CeCl3_and_1.0_wt_SrCl2_and_2.0_wt_YCl3.csv
[Run 609/508994] ✅ Saved: 20260902_1209_nist_libs_3.5_wt_CeCl3_and_1.0_wt_SrCl2_and_2.5_wt_YCl3.csv
[Run 610/508994] ✅ Saved: 20260902_1209_nist_libs_3.5_wt_CeCl3_and_1.0_wt_SrCl2_and_3.0_wt_YCl3.csv
[Run 611/508994] ✅ Saved: 20260902_1209_nist_libs_3.5_wt_CeCl3_and_1.0_wt_SrCl2_and_3.5_wt_YCl3.csv
[Run 612/508994] ✅ Saved: 20260902_1209_nist_libs_3.5_wt_CeCl3_and_1.0_wt_SrCl2_and_4.0_wt_YCl3.csv
[Run 613/508994] ✅ Saved: 20260902_1209_nist_libs_3.5_wt_CeCl3_and_1.0_wt_SrCl2_and_4.5_wt_YCl3.csv
[Run 614/508994] ✅ Saved: 20260902_1209_nist_libs_3.5_wt_CeCl3_and_1.0_wt_SrCl2_and_5.0_wt_YCl3.csv
[Run 615/508994] ✅ Saved: 20260902_1209_nist_libs_3.5_wt_CeCl3_and_1.5_wt_SrCl2_and_0.5_wt_YCl3.csv
[Run 616/508994] ✅ Saved: 20260902_1209_nist_libs_3.5_wt_CeCl3_and_1.5_wt_SrCl2_and_1.0_wt_YCl3.csv
[Run 617/508994] ✅ Saved: 20260902_1209_nist_libs_3.5_wt_CeCl3_and_1.5_wt_SrCl2_and_1.5_wt_YCl3.csv
[Run 618/508994] ✅ Saved: 20260902_1209_nist_libs_3.5_wt_CeCl3_and_1.5_wt_SrCl2_and_2.0_wt_YCl3.csv
[Run 619/508994] ✅ Saved: 20260902_1209_nist_libs_3.5_wt_CeCl3_and_1.5_wt_SrCl2_and_2.5_wt_YCl3.csv
[Run 620/508994] ✅ Saved: 20260902_1209_nist_libs_3.5_wt_CeCl3_and_1.5_wt_SrCl2_and_3.0_wt_YCl3.csv
[Run 622/508994] ✅ Saved: 20260902_1209_nist_libs_3.5_wt_CeCl3_and_1.5_wt_SrCl2_and_4.0_wt_YCl3.csv
[Run 623/508994] ✅ Saved: 20260902_1209_nist_libs_3.5_wt_CeCl3_and_1.5_wt_SrCl2_and_4.5_wt_YCl3.csv
[Run 621/508994] ✅ Saved: 20260902_1209_nist_libs_3.5_wt_CeCl3_and_1.5_wt_SrCl2_and_3.5_wt_YCl3.csv
[Run 624/508994] ✅ Saved: 20260902_1209_nist_libs_3.5_wt_CeCl3_and_1.5_wt_SrCl2_and_5.0_wt_YCl3.csv
[Run 625/508994] ✅ Saved: 20260902_1209_nist_libs_3.5_wt_CeCl3_and_2.0_wt_SrCl2_and_0.5_wt_YCl3.csv
[Run 626/508994] ✅ Saved: 20260902_1209_nist_libs_3.5_wt_CeCl3_and_2.0_wt_SrCl2_and_1.0_wt_YCl3.csv
[Run 628/508994] ✅ Saved: 20260902_1209_nist_libs_3.5_wt_CeCl3_and_2.0_wt_SrCl2_and_2.0_wt_YCl3.csv
[Run 627/508994] ✅ Saved: 20260902_1209_nist_libs_3.5_wt_CeCl3_and_2.0_wt_SrCl2_and_1.5_wt_YCl3.csv
[Run 629/508994] ✅ Saved: 20260902_1209_nist_libs_3.5_wt_CeCl3_and_2.0_wt_SrCl2_and_2.5_wt_YCl3.csv
[Run 632/508994] ✅ Saved: 20260902_1209_nist_libs_3.5_wt_CeCl3_and_2.0_wt_SrCl2_and_4.0_wt_YCl3.csv
[Run 631/508994] ✅ Saved: 20260902_1209_nist_libs_3.5_wt_CeCl3_and_2.0_wt_SrCl2_and_3.5_wt_YCl3.csv
[Run 630/508994] ✅ Saved: 20260902_1209_nist_libs_3.5_wt_CeCl3_and_2.0_wt_SrCl2_and_3.0_wt_YCl3.csv
[Run 633/508994] ✅ Saved: 20260902_1209_nist_libs_3.5_wt_CeCl3_and_2.0_wt_SrCl2_and_4.5_wt_YCl3.csv
[Run 634/508994] ✅ Saved: 20260902_1209_nist_libs_3.5_wt_CeCl3_and_2.0_wt_SrCl2_and_5.0_wt_YCl3.csv
[Run 635/508994] ✅ Saved: 20260902_1209_nist_libs_3.5_wt_CeCl3_and_2.5_wt_SrCl2_and_0.5_wt_YCl3.csv
[Run 636/508994] ✅ Saved: 20260902_1209_nist_libs_3.5_wt_CeCl3_and_2.5_wt_SrCl2_and_1.0_wt_YCl3.csv
[Run 637/508994] ✅ Saved: 20260902_1209_nist_libs_3.5_wt_CeCl3_and_2.5_wt_SrCl2_and_1.5_wt_YCl3.csv
[Run 638/508994] ✅ Saved: 20260902_1209_nist_libs_3.5_wt_CeCl3_and_2.5_wt_SrCl2_and_2.0_wt_YCl3.csv
[Run 639/508994] ✅ Saved: 20260902_1209_nist_libs_3.5_wt_CeCl3_and_2.5_wt_SrCl2_and_2.5_wt_YCl3.csv
[Run 640/508994] ✅ Saved: 20260902_1209_nist_libs_3.5_wt_CeCl3_and_2.5_wt_SrCl2_and_3.0_wt_YCl3.csv
[Run 641/508994] ✅ Saved: 20260902_1209_nist_libs_3.5_wt_CeCl3_and_2.5_wt_SrCl2_and_3.5_wt_YCl3.csv
[Run 642/508994] ✅ Saved: 20260902_1209_nist_libs_3.5_wt_CeCl3_and_2.5_wt_SrCl2_and_4.0_wt_YCl3.csv
[Run 643/508994] ✅ Saved: 20260902_1209_nist_libs_3.5_wt_CeCl3_and_2.5_wt_SrCl2_and_4.5_wt_YCl3.csv
[Run 644/508994] ✅ Saved: 20260902_1209_nist_libs_3.5_wt_CeCl3_and_2.5_wt_SrCl2_and_5.0_wt_YCl3.csv
[Run 645/508994] ✅ Saved: 20260902_1209_nist_libs_3.5_wt_CeCl3_and_3.0_wt_SrCl2_and_0.5_wt_YCl3.csv
[Run 646/508994] ✅ Saved: 20260902_1209_nist_libs_3.5_wt_CeCl3_and_3.0_wt_SrCl2_and_1.0_wt_YCl3.csv
[Run 647/508994] ✅ Saved: 20260902_1209_nist_libs_3.5_wt_CeCl3_and_3.0_wt_SrCl2_and_1.5_wt_YCl3.csv
[Run 649/508994] ✅ Saved: 20260902_1209_nist_libs_3.5_wt_CeCl3_and_3.0_wt_SrCl2_and_2.5_wt_YCl3.csv
[Run 648/508994] ✅ Saved: 20260902_1209_nist_libs_3.5_wt_CeCl3_and_3.0_wt_SrCl2_and_2.0_wt_YCl3.csv
[Run 650/508994] ✅ Saved: 20260902_1209_nist_libs_3.5_wt_CeCl3_and_3.0_wt_SrCl2_and_3.0_wt_YCl3.csv
[Run 651/508994] ✅ Saved: 20260902_1209_nist_libs_3.5_wt_CeCl3_and_3.0_wt_SrCl2_and_3.5_wt_YCl3.csv
[Run 652/508994] ✅ Saved: 20260902_1209_nist_libs_3.5_wt_CeCl3_and_3.0_wt_SrCl2_and_4.0_wt_YCl3.csv
[Run 653/508994] ✅ Saved: 20260902_1209_nist_libs_3.5_wt_CeCl3_and_3.0_wt_SrCl2_and_4.5_wt_YCl3.csv
[Run 654/508994] ✅ Saved: 20260902_1209_nist_libs_3.5_wt_CeCl3_and_3.0_wt_SrCl2_and_5.0_wt_YCl3.csv
[Run 655/508994] ✅ Saved: 20260902_1209_nist_libs_3.5_wt_CeCl3_and_3.5_wt_SrCl2_and_0.5_wt_YCl3.csv
[Run 657/508994] ✅ Saved: 20260902_1209_nist_libs_3.5_wt_CeCl3_and_3.5_wt_SrCl2_and_1.5_wt_YCl3.csv
[Run 656/508994] ✅ Saved: 20260902_1209_nist_libs_3.5_wt_CeCl3_and_3.5_wt_SrCl2_and_1.0_wt_YCl3.csv
[Run 658/508994] ✅ Saved: 20260902_1209_nist_libs_3.5_wt_CeCl3_and_3.5_wt_SrCl2_and_2.0_wt_YCl3.csv
[Run 659/508994] ✅ Saved: 20260902_1209_nist_libs_3.5_wt_CeCl3_and_3.5_wt_SrCl2_and_2.5_wt_YCl3.csv
[Run 661/508994] ✅ Saved: 20260902_1209_nist_libs_3.5_wt_CeCl3_and_3.5_wt_SrCl2_and_3.5_wt_YCl3.csv
[Run 660/508994] ✅ Saved: 20260902_1209_nist_libs_3.5_wt_CeCl3_and_3.5_wt_SrCl2_and_3.0_wt_YCl3.csv
[Run 662/508994] ✅ Saved: 20260902_1209_nist_libs_3.5_wt_CeCl3_and_3.5_wt_SrCl2_and_4.0_wt_YCl3.csv
[Run 663/508994] ✅ Saved: 20260902_1209_nist_libs_3.5_wt_CeCl3_and_3.5_wt_SrCl2_and_4.5_wt_YCl3.csv
[Run 664/508994] ✅ Saved: 20260902_1209_nist_libs_3.5_wt_CeCl3_and_3.5_wt_SrCl2_and_5.0_wt_YCl3.csv
[Run 665/508994] ✅ Saved: 20260902_1209_nist_libs_3.5_wt_CeCl3_and_4.0_wt_SrCl2_and_0.5_wt_YCl3.csv
[Run 666/508994] ✅ Saved: 20260902_1209_nist_libs_3.5_wt_CeCl3_and_4.0_wt_SrCl2_and_1.0_wt_YCl3.csv
[Run 667/508994] ✅ Saved: 20260902_1209_nist_libs_3.5_wt_CeCl3_and_4.0_wt_SrCl2_and_1.5_wt_YCl3.csv
[Run 668/508994] ✅ Saved: 20260902_1209_nist_libs_3.5_wt_CeCl3_and_4.0_wt_SrCl2_and_2.0_wt_YCl3.csv
[Run 669/508994] ✅ Saved: 20260902_1209_nist_libs_3.5_wt_CeCl3_and_4.0_wt_SrCl2_and_2.5_wt_YCl3.csv
[Run 670/508994] ✅ Saved: 20260902_1209_nist_libs_3.5_wt_CeCl3_and_4.0_wt_SrCl2_and_3.0_wt_YCl3.csv
[Run 671/508994] ✅ Saved: 20260902_1209_nist_libs_3.5_wt_CeCl3_and_4.0_wt_SrCl2_and_3.5_wt_YCl3.csv
[Run 673/508994] ✅ Saved: 20260902_1209_nist_libs_3.5_wt_CeCl3_and_4.0_wt_SrCl2_and_4.5_wt_YCl3.csv
[Run 672/508994] ✅ Saved: 20260902_1209_nist_libs_3.5_wt_CeCl3_and_4.0_wt_SrCl2_and_4.0_wt_YCl3.csv
[Run 674/508994] ✅ Saved: 20260902_1209_nist_libs_3.5_wt_CeCl3_and_4.0_wt_SrCl2_and_5.0_wt_YCl3.csv
[Run 675/508994] ✅ Saved: 20260902_1209_nist_libs_3.5_wt_CeCl3_and_4.5_wt_SrCl2_and_0.5_wt_YCl3.csv
[Run 677/508994] ✅ Saved: 20260902_1209_nist_libs_3.5_wt_CeCl3_and_4.5_wt_SrCl2_and_1.5_wt_YCl3.csv
[Run 679/508994] ✅ Saved: 20260902_1209_nist_libs_3.5_wt_CeCl3_and_4.5_wt_SrCl2_and_2.5_wt_YCl3.csv
[Run 678/508994] ✅ Saved: 20260902_1209_nist_libs_3.5_wt_CeCl3_and_4.5_wt_SrCl2_and_2.0_wt_YCl3.csv
[Run 676/508994] ✅ Saved: 20260902_1209_nist_libs_3.5_wt_CeCl3_and_4.5_wt_SrCl2_and_1.0_wt_YCl3.csv
[Run 680/508994] ✅ Saved: 20260902_1209_nist_libs_3.5_wt_CeCl3_and_4.5_wt_SrCl2_and_3.0_wt_YCl3.csv
[Run 682/508994] ✅ Saved: 20260902_1209_nist_libs_3.5_wt_CeCl3_and_4.5_wt_SrCl2_and_4.0_wt_YCl3.csv
[Run 681/508994] ✅ Saved: 20260902_1209_nist_libs_3.5_wt_CeCl3_and_4.5_wt_SrCl2_and_3.5_wt_YCl3.csv
[Run 683/508994] ✅ Saved: 20260902_1209_nist_libs_3.5_wt_CeCl3_and_4.5_wt_SrCl2_and_4.5_wt_YCl3.csv
[Run 685/508994] ✅ Saved: 20260902_1209_nist_libs_3.5_wt_CeCl3_and_5.0_wt_SrCl2_and_0.5_wt_YCl3.csv
[Run 684/508994] ✅ Saved: 20260902_1209_nist_libs_3.5_wt_CeCl3_and_4.5_wt_SrCl2_and_5.0_wt_YCl3.csv
[Run 686/508994] ✅ Saved: 20260902_1209_nist_libs_3.5_wt_CeCl3_and_5.0_wt_SrCl2_and_1.0_wt_YCl3.csv
[Run 687/508994] ✅ Saved: 20260902_1209_nist_libs_3.5_wt_CeCl3_and_5.0_wt_SrCl2_and_1.5_wt_YCl3.csv
[Run 688/508994] ✅ Saved: 20260902_1209_nist_libs_3.5_wt_CeCl3_and_5.0_wt_SrCl2_and_2.0_wt_YCl3.csv
[Run 689/508994] ✅ Saved: 20260902_1209_nist_libs_3.5_wt_CeCl3_and_5.0_wt_SrCl2_and_2.5_wt_YCl3.csv
[Run 690/508994] ✅ Saved: 20260902_1209_nist_libs_3.5_wt_CeCl3_and_5.0_wt_SrCl2_and_3.0_wt_YCl3.csv
[Run 691/508994] ✅ Saved: 20260902_1209_nist_libs_3.5_wt_CeCl3_and_5.0_wt_SrCl2_and_3.5_wt_YCl3.csv
[Run 692/508994] ✅ Saved: 20260902_1209_nist_libs_3.5_wt_CeCl3_and_5.0_wt_SrCl2_and_4.0_wt_YCl3.csv
[Run 693/508994] ✅ Saved: 20260902_1209_nist_libs_3.5_wt_CeCl3_and_5.0_wt_SrCl2_and_4.5_wt_YCl3.csv
[Run 694/508994] ✅ Saved: 20260902_1209_nist_libs_3.5_wt_CeCl3_and_5.0_wt_SrCl2_and_5.0_wt_YCl3.csv
[Run 695/508994] ✅ Saved: 20260902_1209_nist_libs_4.0_wt_CeCl3_and_0.5_wt_SrCl2_and_0.5_wt_YCl3.csv
[Run 696/508994] ✅ Saved: 20260902_1209_nist_libs_4.0_wt_CeCl3_and_0.5_wt_SrCl2_and_1.0_wt_YCl3.csv
[Run 697/508994] ✅ Saved: 20260902_1209_nist_libs_4.0_wt_CeCl3_and_0.5_wt_SrCl2_and_1.5_wt_YCl3.csv
[Run 698/508994] ✅ Saved: 20260902_1209_nist_libs_4.0_wt_CeCl3_and_0.5_wt_SrCl2_and_2.0_wt_YCl3.csv
[Run 699/508994] ✅ Saved: 20260902_1209_nist_libs_4.0_wt_CeCl3_and_0.5_wt_SrCl2_and_2.5_wt_YCl3.csv
[Run 700/508994] ✅ Saved: 20260902_1209_nist_libs_4.0_wt_CeCl3_and_0.5_wt_SrCl2_and_3.0_wt_YCl3.csv
[Run 701/508994] ✅ Saved: 20260902_1209_nist_libs_4.0_wt_CeCl3_and_0.5_wt_SrCl2_and_3.5_wt_YCl3.csv
[Run 702/508994] ✅ Saved: 20260902_1209_nist_libs_4.0_wt_CeCl3_and_0.5_wt_SrCl2_and_4.0_wt_YCl3.csv
[Run 703/508994] ✅ Saved: 20260902_1209_nist_libs_4.0_wt_CeCl3_and_0.5_wt_SrCl2_and_4.5_wt_YCl3.csv
[Run 704/508994] ✅ Saved: 20260902_1209_nist_libs_4.0_wt_CeCl3_and_0.5_wt_SrCl2_and_5.0_wt_YCl3.csv
[Run 705/508994] ✅ Saved: 20260902_1209_nist_libs_4.0_wt_CeCl3_and_1.0_wt_SrCl2_and_0.5_wt_YCl3.csv
[Run 706/508994] ✅ Saved: 20260902_1209_nist_libs_4.0_wt_CeCl3_and_1.0_wt_SrCl2_and_1.0_wt_YCl3.csv
[Run 707/508994] ✅ Saved: 20260902_1209_nist_libs_4.0_wt_CeCl3_and_1.0_wt_SrCl2_and_1.5_wt_YCl3.csv
[Run 708/508994] ✅ Saved: 20260902_1209_nist_libs_4.0_wt_CeCl3_and_1.0_wt_SrCl2_and_2.0_wt_YCl3.csv
[Run 709/508994] ✅ Saved: 20260902_1209_nist_libs_4.0_wt_CeCl3_and_1.0_wt_SrCl2_and_2.5_wt_YCl3.csv
[Run 710/508994] ✅ Saved: 20260902_1209_nist_libs_4.0_wt_CeCl3_and_1.0_wt_SrCl2_and_3.0_wt_YCl3.csv
[Run 711/508994] ✅ Saved: 20260902_1209_nist_libs_4.0_wt_CeCl3_and_1.0_wt_SrCl2_and_3.5_wt_YCl3.csv
[Run 712/508994] ✅ Saved: 20260902_1209_nist_libs_4.0_wt_CeCl3_and_1.0_wt_SrCl2_and_4.0_wt_YCl3.csv
[Run 713/508994] ✅ Saved: 20260902_1209_nist_libs_4.0_wt_CeCl3_and_1.0_wt_SrCl2_and_4.5_wt_YCl3.csv
[Run 714/508994] ✅ Saved: 20260902_1209_nist_libs_4.0_wt_CeCl3_and_1.0_wt_SrCl2_and_5.0_wt_YCl3.csv
[Run 715/508994] ✅ Saved: 20260902_1209_nist_libs_4.0_wt_CeCl3_and_1.5_wt_SrCl2_and_0.5_wt_YCl3.csv
[Run 716/508994] ✅ Saved: 20260902_1209_nist_libs_4.0_wt_CeCl3_and_1.5_wt_SrCl2_and_1.0_wt_YCl3.csv
[Run 717/508994] ✅ Saved: 20260902_1209_nist_libs_4.0_wt_CeCl3_and_1.5_wt_SrCl2_and_1.5_wt_YCl3.csv
[Run 718/508994] ✅ Saved: 20260902_1209_nist_libs_4.0_wt_CeCl3_and_1.5_wt_SrCl2_and_2.0_wt_YCl3.csv
[Run 719/508994] ✅ Saved: 20260902_1209_nist_libs_4.0_wt_CeCl3_and_1.5_wt_SrCl2_and_2.5_wt_YCl3.csv
[Run 720/508994] ✅ Saved: 20260902_1209_nist_libs_4.0_wt_CeCl3_and_1.5_wt_SrCl2_and_3.0_wt_YCl3.csv
[Run 721/508994] ✅ Saved: 20260902_1209_nist_libs_4.0_wt_CeCl3_and_1.5_wt_SrCl2_and_3.5_wt_YCl3.csv
[Run 722/508994] ✅ Saved: 20260902_1209_nist_libs_4.0_wt_CeCl3_and_1.5_wt_SrCl2_and_4.0_wt_YCl3.csv
[Run 723/508994] ✅ Saved: 20260902_1209_nist_libs_4.0_wt_CeCl3_and_1.5_wt_SrCl2_and_4.5_wt_YCl3.csv
[Run 725/508994] ✅ Saved: 20260902_1209_nist_libs_4.0_wt_CeCl3_and_2.0_wt_SrCl2_and_0.5_wt_YCl3.csv
[Run 724/508994] ✅ Saved: 20260902_1209_nist_libs_4.0_wt_CeCl3_and_1.5_wt_SrCl2_and_5.0_wt_YCl3.csv
[Run 726/508994] ✅ Saved: 20260902_1209_nist_libs_4.0_wt_CeCl3_and_2.0_wt_SrCl2_and_1.0_wt_YCl3.csv
[Run 727/508994] ✅ Saved: 20260902_1209_nist_libs_4.0_wt_CeCl3_and_2.0_wt_SrCl2_and_1.5_wt_YCl3.csv
[Run 729/508994] ✅ Saved: 20260902_1209_nist_libs_4.0_wt_CeCl3_and_2.0_wt_SrCl2_and_2.5_wt_YCl3.csv
[Run 728/508994] ✅ Saved: 20260902_1209_nist_libs_4.0_wt_CeCl3_and_2.0_wt_SrCl2_and_2.0_wt_YCl3.csv
[Run 730/508994] ✅ Saved: 20260902_1209_nist_libs_4.0_wt_CeCl3_and_2.0_wt_SrCl2_and_3.0_wt_YCl3.csv
[Run 731/508994] ✅ Saved: 20260902_1209_nist_libs_4.0_wt_CeCl3_and_2.0_wt_SrCl2_and_3.5_wt_YCl3.csv
[Run 732/508994] ✅ Saved: 20260902_1209_nist_libs_4.0_wt_CeCl3_and_2.0_wt_SrCl2_and_4.0_wt_YCl3.csv
[Run 733/508994] ✅ Saved: 20260902_1209_nist_libs_4.0_wt_CeCl3_and_2.0_wt_SrCl2_and_4.5_wt_YCl3.csv
[Run 734/508994] ✅ Saved: 20260902_1209_nist_libs_4.0_wt_CeCl3_and_2.0_wt_SrCl2_and_5.0_wt_YCl3.csv
[Run 735/508994] ✅ Saved: 20260902_1209_nist_libs_4.0_wt_CeCl3_and_2.5_wt_SrCl2_and_0.5_wt_YCl3.csv
[Run 737/508994] ✅ Saved: 20260902_1209_nist_libs_4.0_wt_CeCl3_and_2.5_wt_SrCl2_and_1.5_wt_YCl3.csv
[Run 736/508994] ✅ Saved: 20260902_1209_nist_libs_4.0_wt_CeCl3_and_2.5_wt_SrCl2_and_1.0_wt_YCl3.csv
[Run 738/508994] ✅ Saved: 20260902_1209_nist_libs_4.0_wt_CeCl3_and_2.5_wt_SrCl2_and_2.0_wt_YCl3.csv
[Run 739/508994] ✅ Saved: 20260902_1209_nist_libs_4.0_wt_CeCl3_and_2.5_wt_SrCl2_and_2.5_wt_YCl3.csv
[Run 740/508994] ✅ Saved: 20260902_1209_nist_libs_4.0_wt_CeCl3_and_2.5_wt_SrCl2_and_3.0_wt_YCl3.csv
[Run 741/508994] ✅ Saved: 20260902_1209_nist_libs_4.0_wt_CeCl3_and_2.5_wt_SrCl2_and_3.5_wt_YCl3.csv
[Run 742/508994] ✅ Saved: 20260902_1209_nist_libs_4.0_wt_CeCl3_and_2.5_wt_SrCl2_and_4.0_wt_YCl3.csv
[Run 743/508994] ✅ Saved: 20260902_1209_nist_libs_4.0_wt_CeCl3_and_2.5_wt_SrCl2_and_4.5_wt_YCl3.csv
[Run 745/508994] ✅ Saved: 20260902_1209_nist_libs_4.0_wt_CeCl3_and_3.0_wt_SrCl2_and_0.5_wt_YCl3.csv
[Run 744/508994] ✅ Saved: 20260902_1209_nist_libs_4.0_wt_CeCl3_and_2.5_wt_SrCl2_and_5.0_wt_YCl3.csv
[Run 746/508994] ✅ Saved: 20260902_1209_nist_libs_4.0_wt_CeCl3_and_3.0_wt_SrCl2_and_1.0_wt_YCl3.csv
[Run 747/508994] ✅ Saved: 20260902_1209_nist_libs_4.0_wt_CeCl3_and_3.0_wt_SrCl2_and_1.5_wt_YCl3.csv
[Run 748/508994] ✅ Saved: 20260902_1209_nist_libs_4.0_wt_CeCl3_and_3.0_wt_SrCl2_and_2.0_wt_YCl3.csv
[Run 750/508994] ✅ Saved: 20260902_1209_nist_libs_4.0_wt_CeCl3_and_3.0_wt_SrCl2_and_3.0_wt_YCl3.csv
[Run 749/508994] ✅ Saved: 20260902_1209_nist_libs_4.0_wt_CeCl3_and_3.0_wt_SrCl2_and_2.5_wt_YCl3.csv
[Run 751/508994] ✅ Saved: 20260902_1209_nist_libs_4.0_wt_CeCl3_and_3.0_wt_SrCl2_and_3.5_wt_YCl3.csv
[Run 752/508994] ✅ Saved: 20260902_1209_nist_libs_4.0_wt_CeCl3_and_3.0_wt_SrCl2_and_4.0_wt_YCl3.csv
[Run 754/508994] ✅ Saved: 20260902_1209_nist_libs_4.0_wt_CeCl3_and_3.0_wt_SrCl2_and_5.0_wt_YCl3.csv
[Run 753/508994] ✅ Saved: 20260902_1209_nist_libs_4.0_wt_CeCl3_and_3.0_wt_SrCl2_and_4.5_wt_YCl3.csv
[Run 755/508994] ✅ Saved: 20260902_1209_nist_libs_4.0_wt_CeCl3_and_3.5_wt_SrCl2_and_0.5_wt_YCl3.csv
[Run 756/508994] ✅ Saved: 20260902_1209_nist_libs_4.0_wt_CeCl3_and_3.5_wt_SrCl2_and_1.0_wt_YCl3.csv
[Run 758/508994] ✅ Saved: 20260902_1209_nist_libs_4.0_wt_CeCl3_and_3.5_wt_SrCl2_and_2.0_wt_YCl3.csv
[Run 757/508994] ✅ Saved: 20260902_1209_nist_libs_4.0_wt_CeCl3_and_3.5_wt_SrCl2_and_1.5_wt_YCl3.csv
[Run 759/508994] ✅ Saved: 20260902_1209_nist_libs_4.0_wt_CeCl3_and_3.5_wt_SrCl2_and_2.5_wt_YCl3.csv
[Run 760/508994] ✅ Saved: 20260902_1209_nist_libs_4.0_wt_CeCl3_and_3.5_wt_SrCl2_and_3.0_wt_YCl3.csv
[Run 762/508994] ✅ Saved: 20260902_1209_nist_libs_4.0_wt_CeCl3_and_3.5_wt_SrCl2_and_4.0_wt_YCl3.csv
[Run 761/508994] ✅ Saved: 20260902_1209_nist_libs_4.0_wt_CeCl3_and_3.5_wt_SrCl2_and_3.5_wt_YCl3.csv
[Run 763/508994] ✅ Saved: 20260902_1209_nist_libs_4.0_wt_CeCl3_and_3.5_wt_SrCl2_and_4.5_wt_YCl3.csv
[Run 764/508994] ✅ Saved: 20260902_1209_nist_libs_4.0_wt_CeCl3_and_3.5_wt_SrCl2_and_5.0_wt_YCl3.csv
[Run 765/508994] ✅ Saved: 20260902_1209_nist_libs_4.0_wt_CeCl3_and_4.0_wt_SrCl2_and_0.5_wt_YCl3.csv
[Run 768/508994] ✅ Saved: 20260902_1209_nist_libs_4.0_wt_CeCl3_and_4.0_wt_SrCl2_and_2.0_wt_YCl3.csv
[Run 767/508994] ✅ Saved: 20260902_1209_nist_libs_4.0_wt_CeCl3_and_4.0_wt_SrCl2_and_1.5_wt_YCl3.csv
[Run 766/508994] ✅ Saved: 20260902_1209_nist_libs_4.0_wt_CeCl3_and_4.0_wt_SrCl2_and_1.0_wt_YCl3.csv
[Run 769/508994] ✅ Saved: 20260902_1209_nist_libs_4.0_wt_CeCl3_and_4.0_wt_SrCl2_and_2.5_wt_YCl3.csv
[Run 770/508994] ✅ Saved: 20260902_1209_nist_libs_4.0_wt_CeCl3_and_4.0_wt_SrCl2_and_3.0_wt_YCl3.csv
[Run 772/508994] ✅ Saved: 20260902_1209_nist_libs_4.0_wt_CeCl3_and_4.0_wt_SrCl2_and_4.0_wt_YCl3.csv
[Run 771/508994] ✅ Saved: 20260902_1209_nist_libs_4.0_wt_CeCl3_and_4.0_wt_SrCl2_and_3.5_wt_YCl3.csv
[Run 773/508994] ✅ Saved: 20260902_1209_nist_libs_4.0_wt_CeCl3_and_4.0_wt_SrCl2_and_4.5_wt_YCl3.csv
[Run 774/508994] ✅ Saved: 20260902_1209_nist_libs_4.0_wt_CeCl3_and_4.0_wt_SrCl2_and_5.0_wt_YCl3.csv
[Run 775/508994] ✅ Saved: 20260902_1209_nist_libs_4.0_wt_CeCl3_and_4.5_wt_SrCl2_and_0.5_wt_YCl3.csv
[Run 776/508994] ✅ Saved: 20260902_1209_nist_libs_4.0_wt_CeCl3_and_4.5_wt_SrCl2_and_1.0_wt_YCl3.csv
[Run 777/508994] ✅ Saved: 20260902_1209_nist_libs_4.0_wt_CeCl3_and_4.5_wt_SrCl2_and_1.5_wt_YCl3.csv
[Run 779/508994] ✅ Saved: 20260902_1209_nist_libs_4.0_wt_CeCl3_and_4.5_wt_SrCl2_and_2.5_wt_YCl3.csv
[Run 778/508994] ✅ Saved: 20260902_1209_nist_libs_4.0_wt_CeCl3_and_4.5_wt_SrCl2_and_2.0_wt_YCl3.csv
[Run 780/508994] ✅ Saved: 20260902_1209_nist_libs_4.0_wt_CeCl3_and_4.5_wt_SrCl2_and_3.0_wt_YCl3.csv
[Run 781/508994] ✅ Saved: 20260902_1209_nist_libs_4.0_wt_CeCl3_and_4.5_wt_SrCl2_and_3.5_wt_YCl3.csv
[Run 782/508994] ✅ Saved: 20260902_1209_nist_libs_4.0_wt_CeCl3_and_4.5_wt_SrCl2_and_4.0_wt_YCl3.csv
[Run 783/508994] ✅ Saved: 20260902_1209_nist_libs_4.0_wt_CeCl3_and_4.5_wt_SrCl2_and_4.5_wt_YCl3.csv
[Run 784/508994] ✅ Saved: 20260902_1209_nist_libs_4.0_wt_CeCl3_and_4.5_wt_SrCl2_and_5.0_wt_YCl3.csv
[Run 785/508994] ✅ Saved: 20260902_1209_nist_libs_4.0_wt_CeCl3_and_5.0_wt_SrCl2_and_0.5_wt_YCl3.csv
[Run 786/508994] ✅ Saved: 20260902_1209_nist_libs_4.0_wt_CeCl3_and_5.0_wt_SrCl2_and_1.0_wt_YCl3.csv
[Run 787/508994] ✅ Saved: 20260902_1209_nist_libs_4.0_wt_CeCl3_and_5.0_wt_SrCl2_and_1.5_wt_YCl3.csv
[Run 788/508994] ✅ Saved: 20260902_1209_nist_libs_4.0_wt_CeCl3_and_5.0_wt_SrCl2_and_2.0_wt_YCl3.csv
[Run 789/508994] ✅ Saved: 20260902_1209_nist_libs_4.0_wt_CeCl3_and_5.0_wt_SrCl2_and_2.5_wt_YCl3.csv
[Run 790/508994] ✅ Saved: 20260902_1209_nist_libs_4.0_wt_CeCl3_and_5.0_wt_SrCl2_and_3.0_wt_YCl3.csv
[Run 791/508994] ✅ Saved: 20260902_1209_nist_libs_4.0_wt_CeCl3_and_5.0_wt_SrCl2_and_3.5_wt_YCl3.csv
[Run 792/508994] ✅ Saved: 20260902_1209_nist_libs_4.0_wt_CeCl3_and_5.0_wt_SrCl2_and_4.0_wt_YCl3.csv
[Run 793/508994] ✅ Saved: 20260902_1209_nist_libs_4.0_wt_CeCl3_and_5.0_wt_SrCl2_and_4.5_wt_YCl3.csv
[Run 794/508994] ✅ Saved: 20260902_1209_nist_libs_4.0_wt_CeCl3_and_5.0_wt_SrCl2_and_5.0_wt_YCl3.csv
[Run 795/508994] ✅ Saved: 20260902_1209_nist_libs_4.5_wt_CeCl3_and_0.5_wt_SrCl2_and_0.5_wt_YCl3.csv
[Run 796/508994] ✅ Saved: 20260902_1209_nist_libs_4.5_wt_CeCl3_and_0.5_wt_SrCl2_and_1.0_wt_YCl3.csv
[Run 797/508994] ✅ Saved: 20260902_1209_nist_libs_4.5_wt_CeCl3_and_0.5_wt_SrCl2_and_1.5_wt_YCl3.csv
[Run 799/508994] ✅ Saved: 20260902_1209_nist_libs_4.5_wt_CeCl3_and_0.5_wt_SrCl2_and_2.5_wt_YCl3.csv
[Run 798/508994] ✅ Saved: 20260902_1209_nist_libs_4.5_wt_CeCl3_and_0.5_wt_SrCl2_and_2.0_wt_YCl3.csv
[Run 800/508994] ✅ Saved: 20260902_1209_nist_libs_4.5_wt_CeCl3_and_0.5_wt_SrCl2_and_3.0_wt_YCl3.csv
[Run 801/508994] ✅ Saved: 20260902_1209_nist_libs_4.5_wt_CeCl3_and_0.5_wt_SrCl2_and_3.5_wt_YCl3.csv
[Run 802/508994] ✅ Saved: 20260902_1209_nist_libs_4.5_wt_CeCl3_and_0.5_wt_SrCl2_and_4.0_wt_YCl3.csv
[Run 803/508994] ✅ Saved: 20260902_1209_nist_libs_4.5_wt_CeCl3_and_0.5_wt_SrCl2_and_4.5_wt_YCl3.csv
[Run 804/508994] ✅ Saved: 20260902_1209_nist_libs_4.5_wt_CeCl3_and_0.5_wt_SrCl2_and_5.0_wt_YCl3.csv
[Run 805/508994] ✅ Saved: 20260902_1209_nist_libs_4.5_wt_CeCl3_and_1.0_wt_SrCl2_and_0.5_wt_YCl3.csv
[Run 807/508994] ✅ Saved: 20260902_1209_nist_libs_4.5_wt_CeCl3_and_1.0_wt_SrCl2_and_1.5_wt_YCl3.csv
[Run 806/508994] ✅ Saved: 20260902_1209_nist_libs_4.5_wt_CeCl3_and_1.0_wt_SrCl2_and_1.0_wt_YCl3.csv
[Run 808/508994] ✅ Saved: 20260902_1209_nist_libs_4.5_wt_CeCl3_and_1.0_wt_SrCl2_and_2.0_wt_YCl3.csv
[Run 809/508994] ✅ Saved: 20260902_1209_nist_libs_4.5_wt_CeCl3_and_1.0_wt_SrCl2_and_2.5_wt_YCl3.csv
[Run 811/508994] ✅ Saved: 20260902_1209_nist_libs_4.5_wt_CeCl3_and_1.0_wt_SrCl2_and_3.5_wt_YCl3.csv
[Run 810/508994] ✅ Saved: 20260902_1209_nist_libs_4.5_wt_CeCl3_and_1.0_wt_SrCl2_and_3.0_wt_YCl3.csv
[Run 812/508994] ✅ Saved: 20260902_1209_nist_libs_4.5_wt_CeCl3_and_1.0_wt_SrCl2_and_4.0_wt_YCl3.csv
[Run 813/508994] ✅ Saved: 20260902_1209_nist_libs_4.5_wt_CeCl3_and_1.0_wt_SrCl2_and_4.5_wt_YCl3.csv
[Run 814/508994] ✅ Saved: 20260902_1209_nist_libs_4.5_wt_CeCl3_and_1.0_wt_SrCl2_and_5.0_wt_YCl3.csv
[Run 815/508994] ✅ Saved: 20260902_1209_nist_libs_4.5_wt_CeCl3_and_1.5_wt_SrCl2_and_0.5_wt_YCl3.csv
[Run 816/508994] ✅ Saved: 20260902_1209_nist_libs_4.5_wt_CeCl3_and_1.5_wt_SrCl2_and_1.0_wt_YCl3.csv
[Run 817/508994] ✅ Saved: 20260902_1209_nist_libs_4.5_wt_CeCl3_and_1.5_wt_SrCl2_and_1.5_wt_YCl3.csv
[Run 818/508994] ✅ Saved: 20260902_1209_nist_libs_4.5_wt_CeCl3_and_1.5_wt_SrCl2_and_2.0_wt_YCl3.csv
[Run 819/508994] ✅ Saved: 20260902_1209_nist_libs_4.5_wt_CeCl3_and_1.5_wt_SrCl2_and_2.5_wt_YCl3.csv
[Run 820/508994] ✅ Saved: 20260902_1209_nist_libs_4.5_wt_CeCl3_and_1.5_wt_SrCl2_and_3.0_wt_YCl3.csv
[Run 821/508994] ✅ Saved: 20260902_1209_nist_libs_4.5_wt_CeCl3_and_1.5_wt_SrCl2_and_3.5_wt_YCl3.csv
[Run 822/508994] ✅ Saved: 20260902_1209_nist_libs_4.5_wt_CeCl3_and_1.5_wt_SrCl2_and_4.0_wt_YCl3.csv
[Run 823/508994] ✅ Saved: 20260902_1209_nist_libs_4.5_wt_CeCl3_and_1.5_wt_SrCl2_and_4.5_wt_YCl3.csv
[Run 824/508994] ✅ Saved: 20260902_1209_nist_libs_4.5_wt_CeCl3_and_1.5_wt_SrCl2_and_5.0_wt_YCl3.csv
[Run 825/508994] ✅ Saved: 20260902_1209_nist_libs_4.5_wt_CeCl3_and_2.0_wt_SrCl2_and_0.5_wt_YCl3.csv
[Run 826/508994] ✅ Saved: 20260902_1209_nist_libs_4.5_wt_CeCl3_and_2.0_wt_SrCl2_and_1.0_wt_YCl3.csv
[Run 827/508994] ✅ Saved: 20260902_1209_nist_libs_4.5_wt_CeCl3_and_2.0_wt_SrCl2_and_1.5_wt_YCl3.csv
[Run 828/508994] ✅ Saved: 20260902_1209_nist_libs_4.5_wt_CeCl3_and_2.0_wt_SrCl2_and_2.0_wt_YCl3.csv
[Run 829/508994] ✅ Saved: 20260902_1209_nist_libs_4.5_wt_CeCl3_and_2.0_wt_SrCl2_and_2.5_wt_YCl3.csv
[Run 830/508994] ✅ Saved: 20260902_1209_nist_libs_4.5_wt_CeCl3_and_2.0_wt_SrCl2_and_3.0_wt_YCl3.csv
[Run 832/508994] ✅ Saved: 20260902_1209_nist_libs_4.5_wt_CeCl3_and_2.0_wt_SrCl2_and_4.0_wt_YCl3.csv
[Run 831/508994] ✅ Saved: 20260902_1209_nist_libs_4.5_wt_CeCl3_and_2.0_wt_SrCl2_and_3.5_wt_YCl3.csv
[Run 833/508994] ✅ Saved: 20260902_1209_nist_libs_4.5_wt_CeCl3_and_2.0_wt_SrCl2_and_4.5_wt_YCl3.csv
[Run 834/508994] ✅ Saved: 20260902_1209_nist_libs_4.5_wt_CeCl3_and_2.0_wt_SrCl2_and_5.0_wt_YCl3.csv
[Run 835/508994] ✅ Saved: 20260902_1209_nist_libs_4.5_wt_CeCl3_and_2.5_wt_SrCl2_and_0.5_wt_YCl3.csv
[Run 836/508994] ✅ Saved: 20260902_1209_nist_libs_4.5_wt_CeCl3_and_2.5_wt_SrCl2_and_1.0_wt_YCl3.csv
[Run 838/508994] ✅ Saved: 20260902_1209_nist_libs_4.5_wt_CeCl3_and_2.5_wt_SrCl2_and_2.0_wt_YCl3.csv
[Run 837/508994] ✅ Saved: 20260902_1209_nist_libs_4.5_wt_CeCl3_and_2.5_wt_SrCl2_and_1.5_wt_YCl3.csv
[Run 839/508994] ✅ Saved: 20260902_1209_nist_libs_4.5_wt_CeCl3_and_2.5_wt_SrCl2_and_2.5_wt_YCl3.csv
[Run 840/508994] ✅ Saved: 20260902_1209_nist_libs_4.5_wt_CeCl3_and_2.5_wt_SrCl2_and_3.0_wt_YCl3.csv
[Run 841/508994] ✅ Saved: 20260902_1209_nist_libs_4.5_wt_CeCl3_and_2.5_wt_SrCl2_and_3.5_wt_YCl3.csv
[Run 842/508994] ✅ Saved: 20260902_1209_nist_libs_4.5_wt_CeCl3_and_2.5_wt_SrCl2_and_4.0_wt_YCl3.csv
[Run 843/508994] ✅ Saved: 20260902_1209_nist_libs_4.5_wt_CeCl3_and_2.5_wt_SrCl2_and_4.5_wt_YCl3.csv
[Run 844/508994] ✅ Saved: 20260902_1209_nist_libs_4.5_wt_CeCl3_and_2.5_wt_SrCl2_and_5.0_wt_YCl3.csv
[Run 845/508994] ✅ Saved: 20260902_1209_nist_libs_4.5_wt_CeCl3_and_3.0_wt_SrCl2_and_0.5_wt_YCl3.csv
[Run 846/508994] ✅ Saved: 20260902_1209_nist_libs_4.5_wt_CeCl3_and_3.0_wt_SrCl2_and_1.0_wt_YCl3.csv
[Run 848/508994] ✅ Saved: 20260902_1209_nist_libs_4.5_wt_CeCl3_and_3.0_wt_SrCl2_and_2.0_wt_YCl3.csv
[Run 847/508994] ✅ Saved: 20260902_1209_nist_libs_4.5_wt_CeCl3_and_3.0_wt_SrCl2_and_1.5_wt_YCl3.csv
[Run 849/508994] ✅ Saved: 20260902_1209_nist_libs_4.5_wt_CeCl3_and_3.0_wt_SrCl2_and_2.5_wt_YCl3.csv
[Run 850/508994] ✅ Saved: 20260902_1209_nist_libs_4.5_wt_CeCl3_and_3.0_wt_SrCl2_and_3.0_wt_YCl3.csv
[Run 851/508994] ✅ Saved: 20260902_1209_nist_libs_4.5_wt_CeCl3_and_3.0_wt_SrCl2_and_3.5_wt_YCl3.csv
[Run 852/508994] ✅ Saved: 20260902_1209_nist_libs_4.5_wt_CeCl3_and_3.0_wt_SrCl2_and_4.0_wt_YCl3.csv
[Run 853/508994] ✅ Saved: 20260902_1209_nist_libs_4.5_wt_CeCl3_and_3.0_wt_SrCl2_and_4.5_wt_YCl3.csv
[Run 854/508994] ✅ Saved: 20260902_1209_nist_libs_4.5_wt_CeCl3_and_3.0_wt_SrCl2_and_5.0_wt_YCl3.csv
[Run 856/508994] ✅ Saved: 20260902_1209_nist_libs_4.5_wt_CeCl3_and_3.5_wt_SrCl2_and_1.0_wt_YCl3.csv
[Run 855/508994] ✅ Saved: 20260902_1209_nist_libs_4.5_wt_CeCl3_and_3.5_wt_SrCl2_and_0.5_wt_YCl3.csv
[Run 857/508994] ✅ Saved: 20260902_1209_nist_libs_4.5_wt_CeCl3_and_3.5_wt_SrCl2_and_1.5_wt_YCl3.csv
[Run 858/508994] ✅ Saved: 20260902_1209_nist_libs_4.5_wt_CeCl3_and_3.5_wt_SrCl2_and_2.0_wt_YCl3.csv
[Run 859/508994] ✅ Saved: 20260902_1209_nist_libs_4.5_wt_CeCl3_and_3.5_wt_SrCl2_and_2.5_wt_YCl3.csv
[Run 860/508994] ✅ Saved: 20260902_1209_nist_libs_4.5_wt_CeCl3_and_3.5_wt_SrCl2_and_3.0_wt_YCl3.csv
[Run 861/508994] ✅ Saved: 20260902_1209_nist_libs_4.5_wt_CeCl3_and_3.5_wt_SrCl2_and_3.5_wt_YCl3.csv
[Run 862/508994] ✅ Saved: 20260902_1209_nist_libs_4.5_wt_CeCl3_and_3.5_wt_SrCl2_and_4.0_wt_YCl3.csv
[Run 863/508994] ✅ Saved: 20260902_1209_nist_libs_4.5_wt_CeCl3_and_3.5_wt_SrCl2_and_4.5_wt_YCl3.csv
[Run 864/508994] ✅ Saved: 20260902_1209_nist_libs_4.5_wt_CeCl3_and_3.5_wt_SrCl2_and_5.0_wt_YCl3.csv
[Run 865/508994] ✅ Saved: 20260902_1209_nist_libs_4.5_wt_CeCl3_and_4.0_wt_SrCl2_and_0.5_wt_YCl3.csv
[Run 866/508994] ✅ Saved: 20260902_1209_nist_libs_4.5_wt_CeCl3_and_4.0_wt_SrCl2_and_1.0_wt_YCl3.csv
[Run 868/508994] ✅ Saved: 20260902_1209_nist_libs_4.5_wt_CeCl3_and_4.0_wt_SrCl2_and_2.0_wt_YCl3.csv
[Run 867/508994] ✅ Saved: 20260902_1209_nist_libs_4.5_wt_CeCl3_and_4.0_wt_SrCl2_and_1.5_wt_YCl3.csv
[Run 869/508994] ✅ Saved: 20260902_1209_nist_libs_4.5_wt_CeCl3_and_4.0_wt_SrCl2_and_2.5_wt_YCl3.csv
[Run 870/508994] ✅ Saved: 20260902_1209_nist_libs_4.5_wt_CeCl3_and_4.0_wt_SrCl2_and_3.0_wt_YCl3.csv
[Run 871/508994] ✅ Saved: 20260902_1209_nist_libs_4.5_wt_CeCl3_and_4.0_wt_SrCl2_and_3.5_wt_YCl3.csv
[Run 872/508994] ✅ Saved: 20260902_1209_nist_libs_4.5_wt_CeCl3_and_4.0_wt_SrCl2_and_4.0_wt_YCl3.csv
[Run 873/508994] ✅ Saved: 20260902_1209_nist_libs_4.5_wt_CeCl3_and_4.0_wt_SrCl2_and_4.5_wt_YCl3.csv
[Run 874/508994] ✅ Saved: 20260902_1209_nist_libs_4.5_wt_CeCl3_and_4.0_wt_SrCl2_and_5.0_wt_YCl3.csv
[Run 875/508994] ✅ Saved: 20260902_1209_nist_libs_4.5_wt_CeCl3_and_4.5_wt_SrCl2_and_0.5_wt_YCl3.csv
[Run 876/508994] ✅ Saved: 20260902_1209_nist_libs_4.5_wt_CeCl3_and_4.5_wt_SrCl2_and_1.0_wt_YCl3.csv
[Run 877/508994] ✅ Saved: 20260902_1209_nist_libs_4.5_wt_CeCl3_and_4.5_wt_SrCl2_and_1.5_wt_YCl3.csv
[Run 878/508994] ✅ Saved: 20260902_1209_nist_libs_4.5_wt_CeCl3_and_4.5_wt_SrCl2_and_2.0_wt_YCl3.csv
[Run 879/508994] ✅ Saved: 20260902_1209_nist_libs_4.5_wt_CeCl3_and_4.5_wt_SrCl2_and_2.5_wt_YCl3.csv
[Run 880/508994] ✅ Saved: 20260902_1209_nist_libs_4.5_wt_CeCl3_and_4.5_wt_SrCl2_and_3.0_wt_YCl3.csv
[Run 881/508994] ✅ Saved: 20260902_1209_nist_libs_4.5_wt_CeCl3_and_4.5_wt_SrCl2_and_3.5_wt_YCl3.csv
[Run 882/508994] ✅ Saved: 20260902_1209_nist_libs_4.5_wt_CeCl3_and_4.5_wt_SrCl2_and_4.0_wt_YCl3.csv
[Run 883/508994] ✅ Saved: 20260902_1209_nist_libs_4.5_wt_CeCl3_and_4.5_wt_SrCl2_and_4.5_wt_YCl3.csv
[Run 884/508994] ✅ Saved: 20260902_1209_nist_libs_4.5_wt_CeCl3_and_4.5_wt_SrCl2_and_5.0_wt_YCl3.csv
[Run 885/508994] ✅ Saved: 20260902_1209_nist_libs_4.5_wt_CeCl3_and_5.0_wt_SrCl2_and_0.5_wt_YCl3.csv
[Run 886/508994] ✅ Saved: 20260902_1209_nist_libs_4.5_wt_CeCl3_and_5.0_wt_SrCl2_and_1.0_wt_YCl3.csv
[Run 887/508994] ✅ Saved: 20260902_1209_nist_libs_4.5_wt_CeCl3_and_5.0_wt_SrCl2_and_1.5_wt_YCl3.csv
[Run 888/508994] ✅ Saved: 20260902_1209_nist_libs_4.5_wt_CeCl3_and_5.0_wt_SrCl2_and_2.0_wt_YCl3.csv
[Run 889/508994] ✅ Saved: 20260902_1209_nist_libs_4.5_wt_CeCl3_and_5.0_wt_SrCl2_and_2.5_wt_YCl3.csv
[Run 890/508994] ✅ Saved: 20260902_1209_nist_libs_4.5_wt_CeCl3_and_5.0_wt_SrCl2_and_3.0_wt_YCl3.csv
[Run 891/508994] ✅ Saved: 20260902_1209_nist_libs_4.5_wt_CeCl3_and_5.0_wt_SrCl2_and_3.5_wt_YCl3.csv
[Run 892/508994] ✅ Saved: 20260902_1209_nist_libs_4.5_wt_CeCl3_and_5.0_wt_SrCl2_and_4.0_wt_YCl3.csv
[Run 893/508994] ✅ Saved: 20260902_1209_nist_libs_4.5_wt_CeCl3_and_5.0_wt_SrCl2_and_4.5_wt_YCl3.csv
[Run 894/508994] ✅ Saved: 20260902_1209_nist_libs_4.5_wt_CeCl3_and_5.0_wt_SrCl2_and_5.0_wt_YCl3.csv
[Run 895/508994] ✅ Saved: 20260902_1209_nist_libs_5.0_wt_CeCl3_and_0.5_wt_SrCl2_and_0.5_wt_YCl3.csv
[Run 896/508994] ✅ Saved: 20260902_1209_nist_libs_5.0_wt_CeCl3_and_0.5_wt_SrCl2_and_1.0_wt_YCl3.csv
[Run 897/508994] ✅ Saved: 20260902_1209_nist_libs_5.0_wt_CeCl3_and_0.5_wt_SrCl2_and_1.5_wt_YCl3.csv
[Run 898/508994] ✅ Saved: 20260902_1209_nist_libs_5.0_wt_CeCl3_and_0.5_wt_SrCl2_and_2.0_wt_YCl3.csv
[Run 899/508994] ✅ Saved: 20260902_1209_nist_libs_5.0_wt_CeCl3_and_0.5_wt_SrCl2_and_2.5_wt_YCl3.csv
[Run 900/508994] ✅ Saved: 20260902_1209_nist_libs_5.0_wt_CeCl3_and_0.5_wt_SrCl2_and_3.0_wt_YCl3.csv
[Run 902/508994] ✅ Saved: 20260902_1209_nist_libs_5.0_wt_CeCl3_and_0.5_wt_SrCl2_and_4.0_wt_YCl3.csv
[Run 901/508994] ✅ Saved: 20260902_1209_nist_libs_5.0_wt_CeCl3_and_0.5_wt_SrCl2_and_3.5_wt_YCl3.csv
[Run 903/508994] ✅ Saved: 20260902_1209_nist_libs_5.0_wt_CeCl3_and_0.5_wt_SrCl2_and_4.5_wt_YCl3.csv
[Run 904/508994] ✅ Saved: 20260902_1209_nist_libs_5.0_wt_CeCl3_and_0.5_wt_SrCl2_and_5.0_wt_YCl3.csv
[Run 905/508994] ✅ Saved: 20260902_1209_nist_libs_5.0_wt_CeCl3_and_1.0_wt_SrCl2_and_0.5_wt_YCl3.csv
[Run 906/508994] ✅ Saved: 20260902_1209_nist_libs_5.0_wt_CeCl3_and_1.0_wt_SrCl2_and_1.0_wt_YCl3.csv
[Run 907/508994] ✅ Saved: 20260902_1209_nist_libs_5.0_wt_CeCl3_and_1.0_wt_SrCl2_and_1.5_wt_YCl3.csv
[Run 909/508994] ✅ Saved: 20260902_1209_nist_libs_5.0_wt_CeCl3_and_1.0_wt_SrCl2_and_2.5_wt_YCl3.csv
[Run 908/508994] ✅ Saved: 20260902_1209_nist_libs_5.0_wt_CeCl3_and_1.0_wt_SrCl2_and_2.0_wt_YCl3.csv
[Run 910/508994] ✅ Saved: 20260902_1209_nist_libs_5.0_wt_CeCl3_and_1.0_wt_SrCl2_and_3.0_wt_YCl3.csv
[Run 911/508994] ✅ Saved: 20260902_1209_nist_libs_5.0_wt_CeCl3_and_1.0_wt_SrCl2_and_3.5_wt_YCl3.csv
[Run 912/508994] ✅ Saved: 20260902_1209_nist_libs_5.0_wt_CeCl3_and_1.0_wt_SrCl2_and_4.0_wt_YCl3.csv
[Run 913/508994] ✅ Saved: 20260902_1209_nist_libs_5.0_wt_CeCl3_and_1.0_wt_SrCl2_and_4.5_wt_YCl3.csv
[Run 914/508994] ✅ Saved: 20260902_1209_nist_libs_5.0_wt_CeCl3_and_1.0_wt_SrCl2_and_5.0_wt_YCl3.csv
[Run 915/508994] ✅ Saved: 20260902_1209_nist_libs_5.0_wt_CeCl3_and_1.5_wt_SrCl2_and_0.5_wt_YCl3.csv
[Run 916/508994] ✅ Saved: 20260902_1209_nist_libs_5.0_wt_CeCl3_and_1.5_wt_SrCl2_and_1.0_wt_YCl3.csv
[Run 918/508994] ✅ Saved: 20260902_1209_nist_libs_5.0_wt_CeCl3_and_1.5_wt_SrCl2_and_2.0_wt_YCl3.csv
[Run 919/508994] ✅ Saved: 20260902_1209_nist_libs_5.0_wt_CeCl3_and_1.5_wt_SrCl2_and_2.5_wt_YCl3.csv
[Run 917/508994] ✅ Saved: 20260902_1209_nist_libs_5.0_wt_CeCl3_and_1.5_wt_SrCl2_and_1.5_wt_YCl3.csv
[Run 920/508994] ✅ Saved: 20260902_1209_nist_libs_5.0_wt_CeCl3_and_1.5_wt_SrCl2_and_3.0_wt_YCl3.csv
[Run 923/508994] ✅ Saved: 20260902_1209_nist_libs_5.0_wt_CeCl3_and_1.5_wt_SrCl2_and_4.5_wt_YCl3.csv
[Run 921/508994] ✅ Saved: 20260902_1209_nist_libs_5.0_wt_CeCl3_and_1.5_wt_SrCl2_and_3.5_wt_YCl3.csv
[Run 922/508994] ✅ Saved: 20260902_1209_nist_libs_5.0_wt_CeCl3_and_1.5_wt_SrCl2_and_4.0_wt_YCl3.csv
[Run 924/508994] ✅ Saved: 20260902_1209_nist_libs_5.0_wt_CeCl3_and_1.5_wt_SrCl2_and_5.0_wt_YCl3.csv
[Run 925/508994] ✅ Saved: 20260902_1209_nist_libs_5.0_wt_CeCl3_and_2.0_wt_SrCl2_and_0.5_wt_YCl3.csv
[Run 926/508994] ✅ Saved: 20260902_1209_nist_libs_5.0_wt_CeCl3_and_2.0_wt_SrCl2_and_1.0_wt_YCl3.csv
[Run 927/508994] ✅ Saved: 20260902_1209_nist_libs_5.0_wt_CeCl3_and_2.0_wt_SrCl2_and_1.5_wt_YCl3.csv
[Run 928/508994] ✅ Saved: 20260902_1209_nist_libs_5.0_wt_CeCl3_and_2.0_wt_SrCl2_and_2.0_wt_YCl3.csv
[Run 929/508994] ✅ Saved: 20260902_1209_nist_libs_5.0_wt_CeCl3_and_2.0_wt_SrCl2_and_2.5_wt_YCl3.csv
[Run 930/508994] ✅ Saved: 20260902_1209_nist_libs_5.0_wt_CeCl3_and_2.0_wt_SrCl2_and_3.0_wt_YCl3.csv
[Run 931/508994] ✅ Saved: 20260902_1209_nist_libs_5.0_wt_CeCl3_and_2.0_wt_SrCl2_and_3.5_wt_YCl3.csv
[Run 932/508994] ✅ Saved: 20260902_1209_nist_libs_5.0_wt_CeCl3_and_2.0_wt_SrCl2_and_4.0_wt_YCl3.csv
[Run 933/508994] ✅ Saved: 20260902_1209_nist_libs_5.0_wt_CeCl3_and_2.0_wt_SrCl2_and_4.5_wt_YCl3.csv
[Run 934/508994] ✅ Saved: 20260902_1209_nist_libs_5.0_wt_CeCl3_and_2.0_wt_SrCl2_and_5.0_wt_YCl3.csv
[Run 935/508994] ✅ Saved: 20260902_1209_nist_libs_5.0_wt_CeCl3_and_2.5_wt_SrCl2_and_0.5_wt_YCl3.csv
[Run 936/508994] ✅ Saved: 20260902_1209_nist_libs_5.0_wt_CeCl3_and_2.5_wt_SrCl2_and_1.0_wt_YCl3.csv
[Run 937/508994] ✅ Saved: 20260902_1209_nist_libs_5.0_wt_CeCl3_and_2.5_wt_SrCl2_and_1.5_wt_YCl3.csv
[Run 938/508994] ✅ Saved: 20260902_1209_nist_libs_5.0_wt_CeCl3_and_2.5_wt_SrCl2_and_2.0_wt_YCl3.csv
[Run 939/508994] ✅ Saved: 20260902_1209_nist_libs_5.0_wt_CeCl3_and_2.5_wt_SrCl2_and_2.5_wt_YCl3.csv
[Run 940/508994] ✅ Saved: 20260902_1209_nist_libs_5.0_wt_CeCl3_and_2.5_wt_SrCl2_and_3.0_wt_YCl3.csv
[Run 941/508994] ✅ Saved: 20260902_1209_nist_libs_5.0_wt_CeCl3_and_2.5_wt_SrCl2_and_3.5_wt_YCl3.csv
[Run 942/508994] ✅ Saved: 20260902_1209_nist_libs_5.0_wt_CeCl3_and_2.5_wt_SrCl2_and_4.0_wt_YCl3.csv
[Run 943/508994] ✅ Saved: 20260902_1209_nist_libs_5.0_wt_CeCl3_and_2.5_wt_SrCl2_and_4.5_wt_YCl3.csv
[Run 944/508994] ✅ Saved: 20260902_1209_nist_libs_5.0_wt_CeCl3_and_2.5_wt_SrCl2_and_5.0_wt_YCl3.csv
[Run 945/508994] ✅ Saved: 20260902_1209_nist_libs_5.0_wt_CeCl3_and_3.0_wt_SrCl2_and_0.5_wt_YCl3.csv
[Run 946/508994] ✅ Saved: 20260902_1209_nist_libs_5.0_wt_CeCl3_and_3.0_wt_SrCl2_and_1.0_wt_YCl3.csv
[Run 947/508994] ✅ Saved: 20260902_1209_nist_libs_5.0_wt_CeCl3_and_3.0_wt_SrCl2_and_1.5_wt_YCl3.csv
[Run 948/508994] ✅ Saved: 20260902_1209_nist_libs_5.0_wt_CeCl3_and_3.0_wt_SrCl2_and_2.0_wt_YCl3.csv
[Run 949/508994] ✅ Saved: 20260902_1209_nist_libs_5.0_wt_CeCl3_and_3.0_wt_SrCl2_and_2.5_wt_YCl3.csv
[Run 950/508994] ✅ Saved: 20260902_1209_nist_libs_5.0_wt_CeCl3_and_3.0_wt_SrCl2_and_3.0_wt_YCl3.csv
[Run 951/508994] ✅ Saved: 20260902_1209_nist_libs_5.0_wt_CeCl3_and_3.0_wt_SrCl2_and_3.5_wt_YCl3.csv
[Run 952/508994] ✅ Saved: 20260902_1209_nist_libs_5.0_wt_CeCl3_and_3.0_wt_SrCl2_and_4.0_wt_YCl3.csv
[Run 953/508994] ✅ Saved: 20260902_1209_nist_libs_5.0_wt_CeCl3_and_3.0_wt_SrCl2_and_4.5_wt_YCl3.csv
[Run 954/508994] ✅ Saved: 20260902_1209_nist_libs_5.0_wt_CeCl3_and_3.0_wt_SrCl2_and_5.0_wt_YCl3.csv
[Run 955/508994] ✅ Saved: 20260902_1209_nist_libs_5.0_wt_CeCl3_and_3.5_wt_SrCl2_and_0.5_wt_YCl3.csv
[Run 956/508994] ✅ Saved: 20260902_1209_nist_libs_5.0_wt_CeCl3_and_3.5_wt_SrCl2_and_1.0_wt_YCl3.csv
[Run 957/508994] ✅ Saved: 20260902_1209_nist_libs_5.0_wt_CeCl3_and_3.5_wt_SrCl2_and_1.5_wt_YCl3.csv
[Run 958/508994] ✅ Saved: 20260902_1209_nist_libs_5.0_wt_CeCl3_and_3.5_wt_SrCl2_and_2.0_wt_YCl3.csv
[Run 959/508994] ✅ Saved: 20260902_1209_nist_libs_5.0_wt_CeCl3_and_3.5_wt_SrCl2_and_2.5_wt_YCl3.csv
[Run 960/508994] ✅ Saved: 20260902_1209_nist_libs_5.0_wt_CeCl3_and_3.5_wt_SrCl2_and_3.0_wt_YCl3.csv
[Run 961/508994] ✅ Saved: 20260902_1209_nist_libs_5.0_wt_CeCl3_and_3.5_wt_SrCl2_and_3.5_wt_YCl3.csv
[Run 962/508994] ✅ Saved: 20260902_1209_nist_libs_5.0_wt_CeCl3_and_3.5_wt_SrCl2_and_4.0_wt_YCl3.csv
[Run 963/508994] ✅ Saved: 20260902_1209_nist_libs_5.0_wt_CeCl3_and_3.5_wt_SrCl2_and_4.5_wt_YCl3.csv
[Run 964/508994] ✅ Saved: 20260902_1209_nist_libs_5.0_wt_CeCl3_and_3.5_wt_SrCl2_and_5.0_wt_YCl3.csv
[Run 965/508994] ✅ Saved: 20260902_1209_nist_libs_5.0_wt_CeCl3_and_4.0_wt_SrCl2_and_0.5_wt_YCl3.csv
[Run 966/508994] ✅ Saved: 20260902_1209_nist_libs_5.0_wt_CeCl3_and_4.0_wt_SrCl2_and_1.0_wt_YCl3.csv
[Run 967/508994] ✅ Saved: 20260902_1209_nist_libs_5.0_wt_CeCl3_and_4.0_wt_SrCl2_and_1.5_wt_YCl3.csv
[Run 968/508994] ✅ Saved: 20260902_1209_nist_libs_5.0_wt_CeCl3_and_4.0_wt_SrCl2_and_2.0_wt_YCl3.csv
[Run 969/508994] ✅ Saved: 20260902_1209_nist_libs_5.0_wt_CeCl3_and_4.0_wt_SrCl2_and_2.5_wt_YCl3.csv
[Run 970/508994] ✅ Saved: 20260902_1209_nist_libs_5.0_wt_CeCl3_and_4.0_wt_SrCl2_and_3.0_wt_YCl3.csv
[Run 971/508994] ✅ Saved: 20260902_1209_nist_libs_5.0_wt_CeCl3_and_4.0_wt_SrCl2_and_3.5_wt_YCl3.csv
[Run 972/508994] ✅ Saved: 20260902_1209_nist_libs_5.0_wt_CeCl3_and_4.0_wt_SrCl2_and_4.0_wt_YCl3.csv
[Run 973/508994] ✅ Saved: 20260902_1209_nist_libs_5.0_wt_CeCl3_and_4.0_wt_SrCl2_and_4.5_wt_YCl3.csv
[Run 975/508994] ✅ Saved: 20260902_1209_nist_libs_5.0_wt_CeCl3_and_4.5_wt_SrCl2_and_0.5_wt_YCl3.csv
[Run 974/508994] ✅ Saved: 20260902_1209_nist_libs_5.0_wt_CeCl3_and_4.0_wt_SrCl2_and_5.0_wt_YCl3.csv
[Run 976/508994] ✅ Saved: 20260902_1209_nist_libs_5.0_wt_CeCl3_and_4.5_wt_SrCl2_and_1.0_wt_YCl3.csv
[Run 977/508994] ✅ Saved: 20260902_1209_nist_libs_5.0_wt_CeCl3_and_4.5_wt_SrCl2_and_1.5_wt_YCl3.csv
[Run 979/508994] ✅ Saved: 20260902_1209_nist_libs_5.0_wt_CeCl3_and_4.5_wt_SrCl2_and_2.5_wt_YCl3.csv
[Run 978/508994] ✅ Saved: 20260902_1209_nist_libs_5.0_wt_CeCl3_and_4.5_wt_SrCl2_and_2.0_wt_YCl3.csv
[Run 980/508994] ✅ Saved: 20260902_1209_nist_libs_5.0_wt_CeCl3_and_4.5_wt_SrCl2_and_3.0_wt_YCl3.csv
[Run 981/508994] ✅ Saved: 20260902_1209_nist_libs_5.0_wt_CeCl3_and_4.5_wt_SrCl2_and_3.5_wt_YCl3.csv
[Run 982/508994] ✅ Saved: 20260902_1209_nist_libs_5.0_wt_CeCl3_and_4.5_wt_SrCl2_and_4.0_wt_YCl3.csv
[Run 983/508994] ✅ Saved: 20260902_1209_nist_libs_5.0_wt_CeCl3_and_4.5_wt_SrCl2_and_4.5_wt_YCl3.csv
[Run 984/508994] ✅ Saved: 20260902_1209_nist_libs_5.0_wt_CeCl3_and_4.5_wt_SrCl2_and_5.0_wt_YCl3.csv
[Run 985/508994] ✅ Saved: 20260902_1209_nist_libs_5.0_wt_CeCl3_and_5.0_wt_SrCl2_and_0.5_wt_YCl3.csv
[Run 986/508994] ✅ Saved: 20260902_1209_nist_libs_5.0_wt_CeCl3_and_5.0_wt_SrCl2_and_1.0_wt_YCl3.csv
[Run 987/508994] ✅ Saved: 20260902_1209_nist_libs_5.0_wt_CeCl3_and_5.0_wt_SrCl2_and_1.5_wt_YCl3.csv
[Run 988/508994] ✅ Saved: 20260902_1209_nist_libs_5.0_wt_CeCl3_and_5.0_wt_SrCl2_and_2.0_wt_YCl3.csv
[Run 989/508994] ✅ Saved: 20260902_1209_nist_libs_5.0_wt_CeCl3_and_5.0_wt_SrCl2_and_2.5_wt_YCl3.csv
[Run 991/508994] ✅ Saved: 20260902_1209_nist_libs_5.0_wt_CeCl3_and_5.0_wt_SrCl2_and_3.5_wt_YCl3.csv
[Run 990/508994] ✅ Saved: 20260902_1209_nist_libs_5.0_wt_CeCl3_and_5.0_wt_SrCl2_and_3.0_wt_YCl3.csv
[Run 992/508994] ✅ Saved: 20260902_1209_nist_libs_5.0_wt_CeCl3_and_5.0_wt_SrCl2_and_4.0_wt_YCl3.csv
[Run 993/508994] ✅ Saved: 20260902_1209_nist_libs_5.0_wt_CeCl3_and_5.0_wt_SrCl2_and_4.5_wt_YCl3.csv
[Run 994/508994] ✅ Saved: 20260902_1209_nist_libs_5.0_wt_CeCl3_and_5.0_wt_SrCl2_and_5.0_wt_YCl3.csv
[Run 995/508994] ✅ Saved: 20260902_1209_nist_libs_0.5_wt_CeCl3_and_0.5_wt_SrCl2_and_0.5_wt_FeCl2.csv
[Run 996/508994] ✅ Saved: 20260902_1209_nist_libs_0.5_wt_CeCl3_and_0.5_wt_SrCl2_and_1.0_wt_FeCl2.csv
[Run 997/508994] ✅ Saved: 20260902_1209_nist_libs_0.5_wt_CeCl3_and_0.5_wt_SrCl2_and_1.5_wt_FeCl2.csv
[Run 998/508994] ✅ Saved: 20260902_1209_nist_libs_0.5_wt_CeCl3_and_0.5_wt_SrCl2_and_2.0_wt_FeCl2.csv
[Run 999/508994] ✅ Saved: 20260902_1209_nist_libs_0.5_wt_CeCl3_and_0.5_wt_SrCl2_and_2.5_wt_FeCl2.csv
[Run 1000/508994] ✅ Saved: 20260902_1209_nist_libs_0.5_wt_CeCl3_and_0.5_wt_SrCl2_and_3.0_wt_FeCl2.csv
📦 Packaging batch 1 (1000 CSVs) -> nist_libs_batch_0001.zip...
[Run 1001/508994] ✅ Saved: 20260902_1209_nist_libs_0.5_wt_CeCl3_and_0.5_wt_SrCl2_and_3.5_wt_FeCl2.csv
[Run 1002/508994] ✅ Saved: 20260902_1209_nist_libs_0.5_wt_CeCl3_and_0.5_wt_SrCl2_and_4.0_wt_FeCl2.csv
[Run 1003/508994] ✅ Saved: 20260902_1209_nist_libs_0.5_wt_CeCl3_and_0.5_wt_SrCl2_and_4.5_wt_FeCl2.csv
[Run 1004/508994] ✅ Saved: 20260902_1209_nist_libs_0.5_wt_CeCl3_and_0.5_wt_SrCl2_and_5.0_wt_FeCl2.csv
[Run 1005/508994] ✅ Saved: 20260902_1209_nist_libs_0.5_wt_CeCl3_and_1.0_wt_SrCl2_and_0.5_wt_FeCl2.csv
[Run 1006/508994] ✅ Saved: 20260902_1209_nist_libs_0.5_wt_CeCl3_and_1.0_wt_SrCl2_and_1.0_wt_FeCl2.csv
[Run 1007/508994] ✅ Saved: 20260902_1209_nist_libs_0.5_wt_CeCl3_and_1.0_wt_SrCl2_and_1.5_wt_FeCl2.csv
[Run 1008/508994] ✅ Saved: 20260902_1209_nist_libs_0.5_wt_CeCl3_and_1.0_wt_SrCl2_and_2.0_wt_FeCl2.csv
[Run 1009/508994] ✅ Saved: 20260902_1209_nist_libs_0.5_wt_CeCl3_and_1.0_wt_SrCl2_and_2.5_wt_FeCl2.csv
[Run 1010/508994] ✅ Saved: 20260902_1209_nist_libs_0.5_wt_CeCl3_and_1.0_wt_SrCl2_and_3.0_wt_FeCl2.csv
[Run 1011/508994] ✅ Saved: 20260902_1209_nist_libs_0.5_wt_CeCl3_and_1.0_wt_SrCl2_and_3.5_wt_FeCl2.csv
[Run 1012/508994] ✅ Saved: 20260902_1209_nist_libs_0.5_wt_CeCl3_and_1.0_wt_SrCl2_and_4.0_wt_FeCl2.csv
[Run 1013/508994] ✅ Saved: 20260902_1209_nist_libs_0.5_wt_CeCl3_and_1.0_wt_SrCl2_and_4.5_wt_FeCl2.csv
[Run 1014/508994] ✅ Saved: 20260902_1209_nist_libs_0.5_wt_CeCl3_and_1.0_wt_SrCl2_and_5.0_wt_FeCl2.csv
[Run 1015/508994] ✅ Saved: 20260902_1209_nist_libs_0.5_wt_CeCl3_and_1.5_wt_SrCl2_and_0.5_wt_FeCl2.csv
[Run 1016/508994] ✅ Saved: 20260902_1209_nist_libs_0.5_wt_CeCl3_and_1.5_wt_SrCl2_and_1.0_wt_FeCl2.csv
[Run 1017/508994] ✅ Saved: 20260902_1209_nist_libs_0.5_wt_CeCl3_and_1.5_wt_SrCl2_and_1.5_wt_FeCl2.csv
[Run 1018/508994] ✅ Saved: 20260902_1209_nist_libs_0.5_wt_CeCl3_and_1.5_wt_SrCl2_and_2.0_wt_FeCl2.csv
[Run 1019/508994] ✅ Saved: 20260902_1209_nist_libs_0.5_wt_CeCl3_and_1.5_wt_SrCl2_and_2.5_wt_FeCl2.csv
[Run 1020/508994] ✅ Saved: 20260902_1209_nist_libs_0.5_wt_CeCl3_and_1.5_wt_SrCl2_and_3.0_wt_FeCl2.csv
[Run 1021/508994] ✅ Saved: 20260902_1209_nist_libs_0.5_wt_CeCl3_and_1.5_wt_SrCl2_and_3.5_wt_FeCl2.csv
[Run 1022/508994] ✅ Saved: 20260902_1209_nist_libs_0.5_wt_CeCl3_and_1.5_wt_SrCl2_and_4.0_wt_FeCl2.csv
[Run 1023/508994] ✅ Saved: 20260902_1209_nist_libs_0.5_wt_CeCl3_and_1.5_wt_SrCl2_and_4.5_wt_FeCl2.csv
[Run 1024/508994] ✅ Saved: 20260902_1209_nist_libs_0.5_wt_CeCl3_and_1.5_wt_SrCl2_and_5.0_wt_FeCl2.csv
[Run 1025/508994] ✅ Saved: 20260902_1209_nist_libs_0.5_wt_CeCl3_and_2.0_wt_SrCl2_and_0.5_wt_FeCl2.csv
[Run 1026/508994] ✅ Saved: 20260902_1209_nist_libs_0.5_wt_CeCl3_and_2.0_wt_SrCl2_and_1.0_wt_FeCl2.csv
[Run 1027/508994] ✅ Saved: 20260902_1209_nist_libs_0.5_wt_CeCl3_and_2.0_wt_SrCl2_and_1.5_wt_FeCl2.csv
[Run 1028/508994] ✅ Saved: 20260902_1209_nist_libs_0.5_wt_CeCl3_and_2.0_wt_SrCl2_and_2.0_wt_FeCl2.csv
[Run 1029/508994] ✅ Saved: 20260902_1209_nist_libs_0.5_wt_CeCl3_and_2.0_wt_SrCl2_and_2.5_wt_FeCl2.csv
[Run 1030/508994] ✅ Saved: 20260902_1209_nist_libs_0.5_wt_CeCl3_and_2.0_wt_SrCl2_and_3.0_wt_FeCl2.csv
[Run 1031/508994] ✅ Saved: 20260902_1209_nist_libs_0.5_wt_CeCl3_and_2.0_wt_SrCl2_and_3.5_wt_FeCl2.csv
[Run 1032/508994] ✅ Saved: 20260902_1209_nist_libs_0.5_wt_CeCl3_and_2.0_wt_SrCl2_and_4.0_wt_FeCl2.csv
[Run 1033/508994] ✅ Saved: 20260902_1209_nist_libs_0.5_wt_CeCl3_and_2.0_wt_SrCl2_and_4.5_wt_FeCl2.csv
[Run 1035/508994] ✅ Saved: 20260902_1209_nist_libs_0.5_wt_CeCl3_and_2.5_wt_SrCl2_and_0.5_wt_FeCl2.csv
[Run 1034/508994] ✅ Saved: 20260902_1209_nist_libs_0.5_wt_CeCl3_and_2.0_wt_SrCl2_and_5.0_wt_FeCl2.csv
[Run 1036/508994] ✅ Saved: 20260902_1209_nist_libs_0.5_wt_CeCl3_and_2.5_wt_SrCl2_and_1.0_wt_FeCl2.csv
[Run 1037/508994] ✅ Saved: 20260902_1209_nist_libs_0.5_wt_CeCl3_and_2.5_wt_SrCl2_and_1.5_wt_FeCl2.csv
[Run 1038/508994] ✅ Saved: 20260902_1209_nist_libs_0.5_wt_CeCl3_and_2.5_wt_SrCl2_and_2.0_wt_FeCl2.csv
[Run 1039/508994] ✅ Saved: 20260902_1209_nist_libs_0.5_wt_CeCl3_and_2.5_wt_SrCl2_and_2.5_wt_FeCl2.csv
[Run 1040/508994] ✅ Saved: 20260902_1209_nist_libs_0.5_wt_CeCl3_and_2.5_wt_SrCl2_and_3.0_wt_FeCl2.csv
[Run 1041/508994] ✅ Saved: 20260902_1209_nist_libs_0.5_wt_CeCl3_and_2.5_wt_SrCl2_and_3.5_wt_FeCl2.csv
[Run 1042/508994] ✅ Saved: 20260902_1209_nist_libs_0.5_wt_CeCl3_and_2.5_wt_SrCl2_and_4.0_wt_FeCl2.csv
[Run 1043/508994] ✅ Saved: 20260902_1209_nist_libs_0.5_wt_CeCl3_and_2.5_wt_SrCl2_and_4.5_wt_FeCl2.csv
[Run 1044/508994] ✅ Saved: 20260902_1209_nist_libs_0.5_wt_CeCl3_and_2.5_wt_SrCl2_and_5.0_wt_FeCl2.csv
[Run 1045/508994] ✅ Saved: 20260902_1209_nist_libs_0.5_wt_CeCl3_and_3.0_wt_SrCl2_and_0.5_wt_FeCl2.csv
[Run 1046/508994] ✅ Saved: 20260902_1209_nist_libs_0.5_wt_CeCl3_and_3.0_wt_SrCl2_and_1.0_wt_FeCl2.csv
[Run 1047/508994] ✅ Saved: 20260902_1209_nist_libs_0.5_wt_CeCl3_and_3.0_wt_SrCl2_and_1.5_wt_FeCl2.csv
[Run 1048/508994] ✅ Saved: 20260902_1209_nist_libs_0.5_wt_CeCl3_and_3.0_wt_SrCl2_and_2.0_wt_FeCl2.csv
[Run 1049/508994] ✅ Saved: 20260902_1209_nist_libs_0.5_wt_CeCl3_and_3.0_wt_SrCl2_and_2.5_wt_FeCl2.csv
[Run 1050/508994] ✅ Saved: 20260902_1209_nist_libs_0.5_wt_CeCl3_and_3.0_wt_SrCl2_and_3.0_wt_FeCl2.csv
[Run 1051/508994] ✅ Saved: 20260902_1209_nist_libs_0.5_wt_CeCl3_and_3.0_wt_SrCl2_and_3.5_wt_FeCl2.csv
[Run 1052/508994] ✅ Saved: 20260902_1209_nist_libs_0.5_wt_CeCl3_and_3.0_wt_SrCl2_and_4.0_wt_FeCl2.csv
[Run 1053/508994] ✅ Saved: 20260902_1209_nist_libs_0.5_wt_CeCl3_and_3.0_wt_SrCl2_and_4.5_wt_FeCl2.csv
[Run 1054/508994] ✅ Saved: 20260902_1209_nist_libs_0.5_wt_CeCl3_and_3.0_wt_SrCl2_and_5.0_wt_FeCl2.csv
[Run 1055/508994] ✅ Saved: 20260902_1209_nist_libs_0.5_wt_CeCl3_and_3.5_wt_SrCl2_and_0.5_wt_FeCl2.csv
[Run 1056/508994] ✅ Saved: 20260902_1209_nist_libs_0.5_wt_CeCl3_and_3.5_wt_SrCl2_and_1.0_wt_FeCl2.csv
[Run 1057/508994] ✅ Saved: 20260902_1209_nist_libs_0.5_wt_CeCl3_and_3.5_wt_SrCl2_and_1.5_wt_FeCl2.csv
[Run 1058/508994] ✅ Saved: 20260902_1209_nist_libs_0.5_wt_CeCl3_and_3.5_wt_SrCl2_and_2.0_wt_FeCl2.csv
[Run 1059/508994] ✅ Saved: 20260902_1209_nist_libs_0.5_wt_CeCl3_and_3.5_wt_SrCl2_and_2.5_wt_FeCl2.csv
[Run 1060/508994] ✅ Saved: 20260902_1209_nist_libs_0.5_wt_CeCl3_and_3.5_wt_SrCl2_and_3.0_wt_FeCl2.csv
[Run 1061/508994] ✅ Saved: 20260902_1209_nist_libs_0.5_wt_CeCl3_and_3.5_wt_SrCl2_and_3.5_wt_FeCl2.csv
[Run 1062/508994] ✅ Saved: 20260902_1209_nist_libs_0.5_wt_CeCl3_and_3.5_wt_SrCl2_and_4.0_wt_FeCl2.csv
[Run 1063/508994] ✅ Saved: 20260902_1209_nist_libs_0.5_wt_CeCl3_and_3.5_wt_SrCl2_and_4.5_wt_FeCl2.csv
[Run 1064/508994] ✅ Saved: 20260902_1209_nist_libs_0.5_wt_CeCl3_and_3.5_wt_SrCl2_and_5.0_wt_FeCl2.csv
[Run 1065/508994] ✅ Saved: 20260902_1209_nist_libs_0.5_wt_CeCl3_and_4.0_wt_SrCl2_and_0.5_wt_FeCl2.csv
[Run 1066/508994] ✅ Saved: 20260902_1209_nist_libs_0.5_wt_CeCl3_and_4.0_wt_SrCl2_and_1.0_wt_FeCl2.csv
[Run 1067/508994] ✅ Saved: 20260902_1209_nist_libs_0.5_wt_CeCl3_and_4.0_wt_SrCl2_and_1.5_wt_FeCl2.csv
[Run 1068/508994] ✅ Saved: 20260902_1209_nist_libs_0.5_wt_CeCl3_and_4.0_wt_SrCl2_and_2.0_wt_FeCl2.csv
[Run 1069/508994] ✅ Saved: 20260902_1209_nist_libs_0.5_wt_CeCl3_and_4.0_wt_SrCl2_and_2.5_wt_FeCl2.csv
[Run 1070/508994] ✅ Saved: 20260902_1209_nist_libs_0.5_wt_CeCl3_and_4.0_wt_SrCl2_and_3.0_wt_FeCl2.csv
[Run 1071/508994] ✅ Saved: 20260902_1209_nist_libs_0.5_wt_CeCl3_and_4.0_wt_SrCl2_and_3.5_wt_FeCl2.csv
[Run 1072/508994] ✅ Saved: 20260902_1209_nist_libs_0.5_wt_CeCl3_and_4.0_wt_SrCl2_and_4.0_wt_FeCl2.csv
[Run 1073/508994] ✅ Saved: 20260902_1209_nist_libs_0.5_wt_CeCl3_and_4.0_wt_SrCl2_and_4.5_wt_FeCl2.csv
[Run 1074/508994] ✅ Saved: 20260902_1209_nist_libs_0.5_wt_CeCl3_and_4.0_wt_SrCl2_and_5.0_wt_FeCl2.csv
[Run 1075/508994] ✅ Saved: 20260902_1209_nist_libs_0.5_wt_CeCl3_and_4.5_wt_SrCl2_and_0.5_wt_FeCl2.csv
[Run 1076/508994] ✅ Saved: 20260902_1209_nist_libs_0.5_wt_CeCl3_and_4.5_wt_SrCl2_and_1.0_wt_FeCl2.csv
[Run 1077/508994] ✅ Saved: 20260902_1209_nist_libs_0.5_wt_CeCl3_and_4.5_wt_SrCl2_and_1.5_wt_FeCl2.csv
[Run 1078/508994] ✅ Saved: 20260902_1209_nist_libs_0.5_wt_CeCl3_and_4.5_wt_SrCl2_and_2.0_wt_FeCl2.csv
[Run 1079/508994] ✅ Saved: 20260902_1209_nist_libs_0.5_wt_CeCl3_and_4.5_wt_SrCl2_and_2.5_wt_FeCl2.csv
[Run 1080/508994] ✅ Saved: 20260902_1209_nist_libs_0.5_wt_CeCl3_and_4.5_wt_SrCl2_and_3.0_wt_FeCl2.csv
[Run 1081/508994] ✅ Saved: 20260902_1209_nist_libs_0.5_wt_CeCl3_and_4.5_wt_SrCl2_and_3.5_wt_FeCl2.csv
[Run 1082/508994] ✅ Saved: 20260902_1209_nist_libs_0.5_wt_CeCl3_and_4.5_wt_SrCl2_and_4.0_wt_FeCl2.csv
[Run 1083/508994] ✅ Saved: 20260902_1209_nist_libs_0.5_wt_CeCl3_and_4.5_wt_SrCl2_and_4.5_wt_FeCl2.csv
[Run 1084/508994] ✅ Saved: 20260902_1209_nist_libs_0.5_wt_CeCl3_and_4.5_wt_SrCl2_and_5.0_wt_FeCl2.csv
[Run 1085/508994] ✅ Saved: 20260902_1209_nist_libs_0.5_wt_CeCl3_and_5.0_wt_SrCl2_and_0.5_wt_FeCl2.csv
[Run 1086/508994] ✅ Saved: 20260902_1209_nist_libs_0.5_wt_CeCl3_and_5.0_wt_SrCl2_and_1.0_wt_FeCl2.csv
[Run 1087/508994] ✅ Saved: 20260902_1209_nist_libs_0.5_wt_CeCl3_and_5.0_wt_SrCl2_and_1.5_wt_FeCl2.csv
[Run 1088/508994] ✅ Saved: 20260902_1209_nist_libs_0.5_wt_CeCl3_and_5.0_wt_SrCl2_and_2.0_wt_FeCl2.csv
[Run 1090/508994] ✅ Saved: 20260902_1209_nist_libs_0.5_wt_CeCl3_and_5.0_wt_SrCl2_and_3.0_wt_FeCl2.csv
[Run 1089/508994] ✅ Saved: 20260902_1209_nist_libs_0.5_wt_CeCl3_and_5.0_wt_SrCl2_and_2.5_wt_FeCl2.csv
[Run 1091/508994] ✅ Saved: 20260902_1209_nist_libs_0.5_wt_CeCl3_and_5.0_wt_SrCl2_and_3.5_wt_FeCl2.csv
[Run 1092/508994] ✅ Saved: 20260902_1209_nist_libs_0.5_wt_CeCl3_and_5.0_wt_SrCl2_and_4.0_wt_FeCl2.csv
[Run 1093/508994] ✅ Saved: 20260902_1209_nist_libs_0.5_wt_CeCl3_and_5.0_wt_SrCl2_and_4.5_wt_FeCl2.csv
[Run 1094/508994] ✅ Saved: 20260902_1209_nist_libs_0.5_wt_CeCl3_and_5.0_wt_SrCl2_and_5.0_wt_FeCl2.csv
[Run 1095/508994] ✅ Saved: 20260902_1209_nist_libs_1.0_wt_CeCl3_and_0.5_wt_SrCl2_and_0.5_wt_FeCl2.csv
[Run 1096/508994] ✅ Saved: 20260902_1209_nist_libs_1.0_wt_CeCl3_and_0.5_wt_SrCl2_and_1.0_wt_FeCl2.csv
[Run 1097/508994] ✅ Saved: 20260902_1209_nist_libs_1.0_wt_CeCl3_and_0.5_wt_SrCl2_and_1.5_wt_FeCl2.csv
[Run 1098/508994] ✅ Saved: 20260902_1209_nist_libs_1.0_wt_CeCl3_and_0.5_wt_SrCl2_and_2.0_wt_FeCl2.csv
[Run 1099/508994] ✅ Saved: 20260902_1209_nist_libs_1.0_wt_CeCl3_and_0.5_wt_SrCl2_and_2.5_wt_FeCl2.csv
[Run 1100/508994] ✅ Saved: 20260902_1209_nist_libs_1.0_wt_CeCl3_and_0.5_wt_SrCl2_and_3.0_wt_FeCl2.csv
[Run 1101/508994] ✅ Saved: 20260902_1209_nist_libs_1.0_wt_CeCl3_and_0.5_wt_SrCl2_and_3.5_wt_FeCl2.csv
[Run 1102/508994] ✅ Saved: 20260902_1209_nist_libs_1.0_wt_CeCl3_and_0.5_wt_SrCl2_and_4.0_wt_FeCl2.csv
[Run 1103/508994] ✅ Saved: 20260902_1209_nist_libs_1.0_wt_CeCl3_and_0.5_wt_SrCl2_and_4.5_wt_FeCl2.csv
[Run 1104/508994] ✅ Saved: 20260902_1209_nist_libs_1.0_wt_CeCl3_and_0.5_wt_SrCl2_and_5.0_wt_FeCl2.csv
[Run 1105/508994] ✅ Saved: 20260902_1209_nist_libs_1.0_wt_CeCl3_and_1.0_wt_SrCl2_and_0.5_wt_FeCl2.csv
[Run 1106/508994] ✅ Saved: 20260902_1209_nist_libs_1.0_wt_CeCl3_and_1.0_wt_SrCl2_and_1.0_wt_FeCl2.csv
[Run 1107/508994] ✅ Saved: 20260902_1209_nist_libs_1.0_wt_CeCl3_and_1.0_wt_SrCl2_and_1.5_wt_FeCl2.csv
[Run 1108/508994] ✅ Saved: 20260902_1209_nist_libs_1.0_wt_CeCl3_and_1.0_wt_SrCl2_and_2.0_wt_FeCl2.csv
[Run 1109/508994] ✅ Saved: 20260902_1209_nist_libs_1.0_wt_CeCl3_and_1.0_wt_SrCl2_and_2.5_wt_FeCl2.csv
[Run 1110/508994] ✅ Saved: 20260902_1209_nist_libs_1.0_wt_CeCl3_and_1.0_wt_SrCl2_and_3.0_wt_FeCl2.csv
[Run 1111/508994] ✅ Saved: 20260902_1209_nist_libs_1.0_wt_CeCl3_and_1.0_wt_SrCl2_and_3.5_wt_FeCl2.csv
[Run 1112/508994] ✅ Saved: 20260902_1209_nist_libs_1.0_wt_CeCl3_and_1.0_wt_SrCl2_and_4.0_wt_FeCl2.csv
[Run 1113/508994] ✅ Saved: 20260902_1209_nist_libs_1.0_wt_CeCl3_and_1.0_wt_SrCl2_and_4.5_wt_FeCl2.csv
[Run 1114/508994] ✅ Saved: 20260902_1209_nist_libs_1.0_wt_CeCl3_and_1.0_wt_SrCl2_and_5.0_wt_FeCl2.csv
[Run 1115/508994] ✅ Saved: 20260902_1209_nist_libs_1.0_wt_CeCl3_and_1.5_wt_SrCl2_and_0.5_wt_FeCl2.csv
[Run 1116/508994] ✅ Saved: 20260902_1209_nist_libs_1.0_wt_CeCl3_and_1.5_wt_SrCl2_and_1.0_wt_FeCl2.csv
[Run 1117/508994] ✅ Saved: 20260902_1209_nist_libs_1.0_wt_CeCl3_and_1.5_wt_SrCl2_and_1.5_wt_FeCl2.csv
[Run 1118/508994] ✅ Saved: 20260902_1209_nist_libs_1.0_wt_CeCl3_and_1.5_wt_SrCl2_and_2.0_wt_FeCl2.csv
[Run 1119/508994] ✅ Saved: 20260902_1209_nist_libs_1.0_wt_CeCl3_and_1.5_wt_SrCl2_and_2.5_wt_FeCl2.csv
[Run 1120/508994] ✅ Saved: 20260902_1209_nist_libs_1.0_wt_CeCl3_and_1.5_wt_SrCl2_and_3.0_wt_FeCl2.csv
[Run 1121/508994] ✅ Saved: 20260902_1209_nist_libs_1.0_wt_CeCl3_and_1.5_wt_SrCl2_and_3.5_wt_FeCl2.csv
[Run 1122/508994] ✅ Saved: 20260902_1209_nist_libs_1.0_wt_CeCl3_and_1.5_wt_SrCl2_and_4.0_wt_FeCl2.csv
[Run 1123/508994] ✅ Saved: 20260902_1209_nist_libs_1.0_wt_CeCl3_and_1.5_wt_SrCl2_and_4.5_wt_FeCl2.csv
[Run 1124/508994] ✅ Saved: 20260902_1209_nist_libs_1.0_wt_CeCl3_and_1.5_wt_SrCl2_and_5.0_wt_FeCl2.csv
[Run 1125/508994] ✅ Saved: 20260902_1209_nist_libs_1.0_wt_CeCl3_and_2.0_wt_SrCl2_and_0.5_wt_FeCl2.csv
[Run 1126/508994] ✅ Saved: 20260902_1209_nist_libs_1.0_wt_CeCl3_and_2.0_wt_SrCl2_and_1.0_wt_FeCl2.csv
[Run 1127/508994] ✅ Saved: 20260902_1209_nist_libs_1.0_wt_CeCl3_and_2.0_wt_SrCl2_and_1.5_wt_FeCl2.csv
[Run 1128/508994] ✅ Saved: 20260902_1209_nist_libs_1.0_wt_CeCl3_and_2.0_wt_SrCl2_and_2.0_wt_FeCl2.csv
[Run 1129/508994] ✅ Saved: 20260902_1209_nist_libs_1.0_wt_CeCl3_and_2.0_wt_SrCl2_and_2.5_wt_FeCl2.csv
[Run 1130/508994] ✅ Saved: 20260902_1209_nist_libs_1.0_wt_CeCl3_and_2.0_wt_SrCl2_and_3.0_wt_FeCl2.csv
[Run 1131/508994] ✅ Saved: 20260902_1209_nist_libs_1.0_wt_CeCl3_and_2.0_wt_SrCl2_and_3.5_wt_FeCl2.csv
[Run 1132/508994] ✅ Saved: 20260902_1209_nist_libs_1.0_wt_CeCl3_and_2.0_wt_SrCl2_and_4.0_wt_FeCl2.csv
[Run 1133/508994] ✅ Saved: 20260902_1209_nist_libs_1.0_wt_CeCl3_and_2.0_wt_SrCl2_and_4.5_wt_FeCl2.csv
[Run 1134/508994] ✅ Saved: 20260902_1209_nist_libs_1.0_wt_CeCl3_and_2.0_wt_SrCl2_and_5.0_wt_FeCl2.csv
[Run 1135/508994] ✅ Saved: 20260902_1209_nist_libs_1.0_wt_CeCl3_and_2.5_wt_SrCl2_and_0.5_wt_FeCl2.csv
[Run 1136/508994] ✅ Saved: 20260902_1209_nist_libs_1.0_wt_CeCl3_and_2.5_wt_SrCl2_and_1.0_wt_FeCl2.csv
[Run 1137/508994] ✅ Saved: 20260902_1209_nist_libs_1.0_wt_CeCl3_and_2.5_wt_SrCl2_and_1.5_wt_FeCl2.csv
[Run 1138/508994] ✅ Saved: 20260902_1209_nist_libs_1.0_wt_CeCl3_and_2.5_wt_SrCl2_and_2.0_wt_FeCl2.csv
[Run 1139/508994] ✅ Saved: 20260902_1209_nist_libs_1.0_wt_CeCl3_and_2.5_wt_SrCl2_and_2.5_wt_FeCl2.csv
[Run 1140/508994] ✅ Saved: 20260902_1209_nist_libs_1.0_wt_CeCl3_and_2.5_wt_SrCl2_and_3.0_wt_FeCl2.csv
[Run 1141/508994] ✅ Saved: 20260902_1209_nist_libs_1.0_wt_CeCl3_and_2.5_wt_SrCl2_and_3.5_wt_FeCl2.csv
[Run 1142/508994] ✅ Saved: 20260902_1209_nist_libs_1.0_wt_CeCl3_and_2.5_wt_SrCl2_and_4.0_wt_FeCl2.csv
[Run 1143/508994] ✅ Saved: 20260902_1209_nist_libs_1.0_wt_CeCl3_and_2.5_wt_SrCl2_and_4.5_wt_FeCl2.csv
[Run 1144/508994] ✅ Saved: 20260902_1209_nist_libs_1.0_wt_CeCl3_and_2.5_wt_SrCl2_and_5.0_wt_FeCl2.csv
[Run 1145/508994] ✅ Saved: 20260902_1209_nist_libs_1.0_wt_CeCl3_and_3.0_wt_SrCl2_and_0.5_wt_FeCl2.csv
[Run 1146/508994] ✅ Saved: 20260902_1209_nist_libs_1.0_wt_CeCl3_and_3.0_wt_SrCl2_and_1.0_wt_FeCl2.csv
[Run 1147/508994] ✅ Saved: 20260902_1209_nist_libs_1.0_wt_CeCl3_and_3.0_wt_SrCl2_and_1.5_wt_FeCl2.csv
[Run 1148/508994] ✅ Saved: 20260902_1209_nist_libs_1.0_wt_CeCl3_and_3.0_wt_SrCl2_and_2.0_wt_FeCl2.csv
[Run 1149/508994] ✅ Saved: 20260902_1209_nist_libs_1.0_wt_CeCl3_and_3.0_wt_SrCl2_and_2.5_wt_FeCl2.csv
[Run 1150/508994] ✅ Saved: 20260902_1209_nist_libs_1.0_wt_CeCl3_and_3.0_wt_SrCl2_and_3.0_wt_FeCl2.csv
[Run 1151/508994] ✅ Saved: 20260902_1209_nist_libs_1.0_wt_CeCl3_and_3.0_wt_SrCl2_and_3.5_wt_FeCl2.csv
[Run 1152/508994] ✅ Saved: 20260902_1209_nist_libs_1.0_wt_CeCl3_and_3.0_wt_SrCl2_and_4.0_wt_FeCl2.csv
[Run 1153/508994] ✅ Saved: 20260902_1209_nist_libs_1.0_wt_CeCl3_and_3.0_wt_SrCl2_and_4.5_wt_FeCl2.csv
[Run 1154/508994] ✅ Saved: 20260902_1209_nist_libs_1.0_wt_CeCl3_and_3.0_wt_SrCl2_and_5.0_wt_FeCl2.csv
[Run 1155/508994] ✅ Saved: 20260902_1209_nist_libs_1.0_wt_CeCl3_and_3.5_wt_SrCl2_and_0.5_wt_FeCl2.csv
[Run 1156/508994] ✅ Saved: 20260902_1209_nist_libs_1.0_wt_CeCl3_and_3.5_wt_SrCl2_and_1.0_wt_FeCl2.csv
[Run 1157/508994] ✅ Saved: 20260902_1209_nist_libs_1.0_wt_CeCl3_and_3.5_wt_SrCl2_and_1.5_wt_FeCl2.csv
[Run 1158/508994] ✅ Saved: 20260902_1209_nist_libs_1.0_wt_CeCl3_and_3.5_wt_SrCl2_and_2.0_wt_FeCl2.csv
[Run 1159/508994] ✅ Saved: 20260902_1209_nist_libs_1.0_wt_CeCl3_and_3.5_wt_SrCl2_and_2.5_wt_FeCl2.csv
[Run 1160/508994] ✅ Saved: 20260902_1209_nist_libs_1.0_wt_CeCl3_and_3.5_wt_SrCl2_and_3.0_wt_FeCl2.csv
[Run 1161/508994] ✅ Saved: 20260902_1209_nist_libs_1.0_wt_CeCl3_and_3.5_wt_SrCl2_and_3.5_wt_FeCl2.csv
[Run 1162/508994] ✅ Saved: 20260902_1209_nist_libs_1.0_wt_CeCl3_and_3.5_wt_SrCl2_and_4.0_wt_FeCl2.csv
[Run 1163/508994] ✅ Saved: 20260902_1209_nist_libs_1.0_wt_CeCl3_and_3.5_wt_SrCl2_and_4.5_wt_FeCl2.csv
[Run 1164/508994] ✅ Saved: 20260902_1209_nist_libs_1.0_wt_CeCl3_and_3.5_wt_SrCl2_and_5.0_wt_FeCl2.csv
[Run 1165/508994] ✅ Saved: 20260902_1209_nist_libs_1.0_wt_CeCl3_and_4.0_wt_SrCl2_and_0.5_wt_FeCl2.csv
[Run 1166/508994] ✅ Saved: 20260902_1209_nist_libs_1.0_wt_CeCl3_and_4.0_wt_SrCl2_and_1.0_wt_FeCl2.csv
[Run 1167/508994] ✅ Saved: 20260902_1209_nist_libs_1.0_wt_CeCl3_and_4.0_wt_SrCl2_and_1.5_wt_FeCl2.csv
[Run 1168/508994] ✅ Saved: 20260902_1209_nist_libs_1.0_wt_CeCl3_and_4.0_wt_SrCl2_and_2.0_wt_FeCl2.csv
[Run 1169/508994] ✅ Saved: 20260902_1209_nist_libs_1.0_wt_CeCl3_and_4.0_wt_SrCl2_and_2.5_wt_FeCl2.csv
[Run 1170/508994] ✅ Saved: 20260902_1209_nist_libs_1.0_wt_CeCl3_and_4.0_wt_SrCl2_and_3.0_wt_FeCl2.csv
[Run 1171/508994] ✅ Saved: 20260902_1209_nist_libs_1.0_wt_CeCl3_and_4.0_wt_SrCl2_and_3.5_wt_FeCl2.csv
[Run 1172/508994] ✅ Saved: 20260902_1209_nist_libs_1.0_wt_CeCl3_and_4.0_wt_SrCl2_and_4.0_wt_FeCl2.csv
[Run 1173/508994] ✅ Saved: 20260902_1209_nist_libs_1.0_wt_CeCl3_and_4.0_wt_SrCl2_and_4.5_wt_FeCl2.csv
[Run 1174/508994] ✅ Saved: 20260902_1209_nist_libs_1.0_wt_CeCl3_and_4.0_wt_SrCl2_and_5.0_wt_FeCl2.csv
[Run 1175/508994] ✅ Saved: 20260902_1209_nist_libs_1.0_wt_CeCl3_and_4.5_wt_SrCl2_and_0.5_wt_FeCl2.csv
[Run 1176/508994] ✅ Saved: 20260902_1209_nist_libs_1.0_wt_CeCl3_and_4.5_wt_SrCl2_and_1.0_wt_FeCl2.csv
[Run 1177/508994] ✅ Saved: 20260902_1209_nist_libs_1.0_wt_CeCl3_and_4.5_wt_SrCl2_and_1.5_wt_FeCl2.csv
[Run 1178/508994] ✅ Saved: 20260902_1209_nist_libs_1.0_wt_CeCl3_and_4.5_wt_SrCl2_and_2.0_wt_FeCl2.csv
[Run 1179/508994] ✅ Saved: 20260902_1209_nist_libs_1.0_wt_CeCl3_and_4.5_wt_SrCl2_and_2.5_wt_FeCl2.csv
[Run 1180/508994] ✅ Saved: 20260902_1209_nist_libs_1.0_wt_CeCl3_and_4.5_wt_SrCl2_and_3.0_wt_FeCl2.csv
[Run 1181/508994] ✅ Saved: 20260902_1209_nist_libs_1.0_wt_CeCl3_and_4.5_wt_SrCl2_and_3.5_wt_FeCl2.csv
[Run 1182/508994] ✅ Saved: 20260902_1209_nist_libs_1.0_wt_CeCl3_and_4.5_wt_SrCl2_and_4.0_wt_FeCl2.csv
[Run 1183/508994] ✅ Saved: 20260902_1209_nist_libs_1.0_wt_CeCl3_and_4.5_wt_SrCl2_and_4.5_wt_FeCl2.csv
[Run 1184/508994] ✅ Saved: 20260902_1209_nist_libs_1.0_wt_CeCl3_and_4.5_wt_SrCl2_and_5.0_wt_FeCl2.csv
[Run 1185/508994] ✅ Saved: 20260902_1209_nist_libs_1.0_wt_CeCl3_and_5.0_wt_SrCl2_and_0.5_wt_FeCl2.csv
[Run 1186/508994] ✅ Saved: 20260902_1209_nist_libs_1.0_wt_CeCl3_and_5.0_wt_SrCl2_and_1.0_wt_FeCl2.csv
[Run 1187/508994] ✅ Saved: 20260902_1209_nist_libs_1.0_wt_CeCl3_and_5.0_wt_SrCl2_and_1.5_wt_FeCl2.csv
[Run 1188/508994] ✅ Saved: 20260902_1209_nist_libs_1.0_wt_CeCl3_and_5.0_wt_SrCl2_and_2.0_wt_FeCl2.csv
[Run 1189/508994] ✅ Saved: 20260902_1209_nist_libs_1.0_wt_CeCl3_and_5.0_wt_SrCl2_and_2.5_wt_FeCl2.csv
[Run 1190/508994] ✅ Saved: 20260902_1209_nist_libs_1.0_wt_CeCl3_and_5.0_wt_SrCl2_and_3.0_wt_FeCl2.csv
[Run 1191/508994] ✅ Saved: 20260902_1209_nist_libs_1.0_wt_CeCl3_and_5.0_wt_SrCl2_and_3.5_wt_FeCl2.csv
[Run 1192/508994] ✅ Saved: 20260902_1209_nist_libs_1.0_wt_CeCl3_and_5.0_wt_SrCl2_and_4.0_wt_FeCl2.csv
[Run 1193/508994] ✅ Saved: 20260902_1209_nist_libs_1.0_wt_CeCl3_and_5.0_wt_SrCl2_and_4.5_wt_FeCl2.csv
[Run 1194/508994] ✅ Saved: 20260902_1209_nist_libs_1.0_wt_CeCl3_and_5.0_wt_SrCl2_and_5.0_wt_FeCl2.csv
[Run 1195/508994] ✅ Saved: 20260902_1209_nist_libs_1.5_wt_CeCl3_and_0.5_wt_SrCl2_and_0.5_wt_FeCl2.csv
[Run 1196/508994] ✅ Saved: 20260902_1209_nist_libs_1.5_wt_CeCl3_and_0.5_wt_SrCl2_and_1.0_wt_FeCl2.csv
[Run 1197/508994] ✅ Saved: 20260902_1209_nist_libs_1.5_wt_CeCl3_and_0.5_wt_SrCl2_and_1.5_wt_FeCl2.csv
[Run 1198/508994] ✅ Saved: 20260902_1209_nist_libs_1.5_wt_CeCl3_and_0.5_wt_SrCl2_and_2.0_wt_FeCl2.csv
[Run 1199/508994] ✅ Saved: 20260902_1209_nist_libs_1.5_wt_CeCl3_and_0.5_wt_SrCl2_and_2.5_wt_FeCl2.csv
[Run 1200/508994] ✅ Saved: 20260902_1209_nist_libs_1.5_wt_CeCl3_and_0.5_wt_SrCl2_and_3.0_wt_FeCl2.csv
[Run 1201/508994] ✅ Saved: 20260902_1209_nist_libs_1.5_wt_CeCl3_and_0.5_wt_SrCl2_and_3.5_wt_FeCl2.csv
[Run 1202/508994] ✅ Saved: 20260902_1209_nist_libs_1.5_wt_CeCl3_and_0.5_wt_SrCl2_and_4.0_wt_FeCl2.csv
[Run 1203/508994] ✅ Saved: 20260902_1209_nist_libs_1.5_wt_CeCl3_and_0.5_wt_SrCl2_and_4.5_wt_FeCl2.csv
[Run 1204/508994] ✅ Saved: 20260902_1209_nist_libs_1.5_wt_CeCl3_and_0.5_wt_SrCl2_and_5.0_wt_FeCl2.csv
[Run 1205/508994] ✅ Saved: 20260902_1209_nist_libs_1.5_wt_CeCl3_and_1.0_wt_SrCl2_and_0.5_wt_FeCl2.csv
[Run 1206/508994] ✅ Saved: 20260902_1209_nist_libs_1.5_wt_CeCl3_and_1.0_wt_SrCl2_and_1.0_wt_FeCl2.csv
[Run 1207/508994] ✅ Saved: 20260902_1209_nist_libs_1.5_wt_CeCl3_and_1.0_wt_SrCl2_and_1.5_wt_FeCl2.csv
[Run 1208/508994] ✅ Saved: 20260902_1209_nist_libs_1.5_wt_CeCl3_and_1.0_wt_SrCl2_and_2.0_wt_FeCl2.csv
[Run 1209/508994] ✅ Saved: 20260902_1209_nist_libs_1.5_wt_CeCl3_and_1.0_wt_SrCl2_and_2.5_wt_FeCl2.csv
[Run 1210/508994] ✅ Saved: 20260902_1209_nist_libs_1.5_wt_CeCl3_and_1.0_wt_SrCl2_and_3.0_wt_FeCl2.csv
[Run 1211/508994] ✅ Saved: 20260902_1209_nist_libs_1.5_wt_CeCl3_and_1.0_wt_SrCl2_and_3.5_wt_FeCl2.csv
[Run 1212/508994] ✅ Saved: 20260902_1209_nist_libs_1.5_wt_CeCl3_and_1.0_wt_SrCl2_and_4.0_wt_FeCl2.csv
[Run 1213/508994] ✅ Saved: 20260902_1209_nist_libs_1.5_wt_CeCl3_and_1.0_wt_SrCl2_and_4.5_wt_FeCl2.csv
[Run 1214/508994] ✅ Saved: 20260902_1209_nist_libs_1.5_wt_CeCl3_and_1.0_wt_SrCl2_and_5.0_wt_FeCl2.csv
[Run 1215/508994] ✅ Saved: 20260902_1209_nist_libs_1.5_wt_CeCl3_and_1.5_wt_SrCl2_and_0.5_wt_FeCl2.csv
[Run 1217/508994] ✅ Saved: 20260902_1209_nist_libs_1.5_wt_CeCl3_and_1.5_wt_SrCl2_and_1.5_wt_FeCl2.csv
[Run 1216/508994] ✅ Saved: 20260902_1209_nist_libs_1.5_wt_CeCl3_and_1.5_wt_SrCl2_and_1.0_wt_FeCl2.csv
[Run 1218/508994] ✅ Saved: 20260902_1209_nist_libs_1.5_wt_CeCl3_and_1.5_wt_SrCl2_and_2.0_wt_FeCl2.csv
[Run 1219/508994] ✅ Saved: 20260902_1209_nist_libs_1.5_wt_CeCl3_and_1.5_wt_SrCl2_and_2.5_wt_FeCl2.csv
[Run 1220/508994] ✅ Saved: 20260902_1209_nist_libs_1.5_wt_CeCl3_and_1.5_wt_SrCl2_and_3.0_wt_FeCl2.csv
[Run 1221/508994] ✅ Saved: 20260902_1209_nist_libs_1.5_wt_CeCl3_and_1.5_wt_SrCl2_and_3.5_wt_FeCl2.csv
[Run 1222/508994] ✅ Saved: 20260902_1209_nist_libs_1.5_wt_CeCl3_and_1.5_wt_SrCl2_and_4.0_wt_FeCl2.csv
[Run 1223/508994] ✅ Saved: 20260902_1209_nist_libs_1.5_wt_CeCl3_and_1.5_wt_SrCl2_and_4.5_wt_FeCl2.csv
[Run 1224/508994] ✅ Saved: 20260902_1209_nist_libs_1.5_wt_CeCl3_and_1.5_wt_SrCl2_and_5.0_wt_FeCl2.csv
[Run 1225/508994] ✅ Saved: 20260902_1209_nist_libs_1.5_wt_CeCl3_and_2.0_wt_SrCl2_and_0.5_wt_FeCl2.csv
[Run 1226/508994] ✅ Saved: 20260902_1209_nist_libs_1.5_wt_CeCl3_and_2.0_wt_SrCl2_and_1.0_wt_FeCl2.csv
[Run 1227/508994] ✅ Saved: 20260902_1209_nist_libs_1.5_wt_CeCl3_and_2.0_wt_SrCl2_and_1.5_wt_FeCl2.csv
[Run 1228/508994] ✅ Saved: 20260902_1209_nist_libs_1.5_wt_CeCl3_and_2.0_wt_SrCl2_and_2.0_wt_FeCl2.csv
[Run 1229/508994] ✅ Saved: 20260902_1209_nist_libs_1.5_wt_CeCl3_and_2.0_wt_SrCl2_and_2.5_wt_FeCl2.csv
[Run 1231/508994] ✅ Saved: 20260902_1209_nist_libs_1.5_wt_CeCl3_and_2.0_wt_SrCl2_and_3.5_wt_FeCl2.csv
[Run 1230/508994] ✅ Saved: 20260902_1209_nist_libs_1.5_wt_CeCl3_and_2.0_wt_SrCl2_and_3.0_wt_FeCl2.csv
[Run 1232/508994] ✅ Saved: 20260902_1209_nist_libs_1.5_wt_CeCl3_and_2.0_wt_SrCl2_and_4.0_wt_FeCl2.csv
[Run 1233/508994] ✅ Saved: 20260902_1209_nist_libs_1.5_wt_CeCl3_and_2.0_wt_SrCl2_and_4.5_wt_FeCl2.csv
[Run 1234/508994] ✅ Saved: 20260902_1209_nist_libs_1.5_wt_CeCl3_and_2.0_wt_SrCl2_and_5.0_wt_FeCl2.csv
[Run 1235/508994] ✅ Saved: 20260902_1209_nist_libs_1.5_wt_CeCl3_and_2.5_wt_SrCl2_and_0.5_wt_FeCl2.csv
[Run 1236/508994] ✅ Saved: 20260902_1209_nist_libs_1.5_wt_CeCl3_and_2.5_wt_SrCl2_and_1.0_wt_FeCl2.csv
[Run 1237/508994] ✅ Saved: 20260902_1209_nist_libs_1.5_wt_CeCl3_and_2.5_wt_SrCl2_and_1.5_wt_FeCl2.csv
[Run 1238/508994] ✅ Saved: 20260902_1209_nist_libs_1.5_wt_CeCl3_and_2.5_wt_SrCl2_and_2.0_wt_FeCl2.csv
[Run 1239/508994] ✅ Saved: 20260902_1209_nist_libs_1.5_wt_CeCl3_and_2.5_wt_SrCl2_and_2.5_wt_FeCl2.csv
[Run 1240/508994] ✅ Saved: 20260902_1209_nist_libs_1.5_wt_CeCl3_and_2.5_wt_SrCl2_and_3.0_wt_FeCl2.csv
[Run 1241/508994] ✅ Saved: 20260902_1209_nist_libs_1.5_wt_CeCl3_and_2.5_wt_SrCl2_and_3.5_wt_FeCl2.csv
[Run 1242/508994] ✅ Saved: 20260902_1209_nist_libs_1.5_wt_CeCl3_and_2.5_wt_SrCl2_and_4.0_wt_FeCl2.csv
[Run 1243/508994] ✅ Saved: 20260902_1209_nist_libs_1.5_wt_CeCl3_and_2.5_wt_SrCl2_and_4.5_wt_FeCl2.csv
[Run 1244/508994] ✅ Saved: 20260902_1209_nist_libs_1.5_wt_CeCl3_and_2.5_wt_SrCl2_and_5.0_wt_FeCl2.csv
[Run 1245/508994] ✅ Saved: 20260902_1209_nist_libs_1.5_wt_CeCl3_and_3.0_wt_SrCl2_and_0.5_wt_FeCl2.csv
[Run 1246/508994] ✅ Saved: 20260902_1209_nist_libs_1.5_wt_CeCl3_and_3.0_wt_SrCl2_and_1.0_wt_FeCl2.csv
[Run 1247/508994] ✅ Saved: 20260902_1209_nist_libs_1.5_wt_CeCl3_and_3.0_wt_SrCl2_and_1.5_wt_FeCl2.csv
[Run 1248/508994] ✅ Saved: 20260902_1209_nist_libs_1.5_wt_CeCl3_and_3.0_wt_SrCl2_and_2.0_wt_FeCl2.csv
[Run 1249/508994] ✅ Saved: 20260902_1209_nist_libs_1.5_wt_CeCl3_and_3.0_wt_SrCl2_and_2.5_wt_FeCl2.csv
[Run 1250/508994] ✅ Saved: 20260902_1209_nist_libs_1.5_wt_CeCl3_and_3.0_wt_SrCl2_and_3.0_wt_FeCl2.csv
[Run 1251/508994] ✅ Saved: 20260902_1209_nist_libs_1.5_wt_CeCl3_and_3.0_wt_SrCl2_and_3.5_wt_FeCl2.csv
[Run 1252/508994] ✅ Saved: 20260902_1209_nist_libs_1.5_wt_CeCl3_and_3.0_wt_SrCl2_and_4.0_wt_FeCl2.csv
[Run 1253/508994] ✅ Saved: 20260902_1209_nist_libs_1.5_wt_CeCl3_and_3.0_wt_SrCl2_and_4.5_wt_FeCl2.csv
[Run 1254/508994] ✅ Saved: 20260902_1209_nist_libs_1.5_wt_CeCl3_and_3.0_wt_SrCl2_and_5.0_wt_FeCl2.csv
[Run 1255/508994] ✅ Saved: 20260902_1209_nist_libs_1.5_wt_CeCl3_and_3.5_wt_SrCl2_and_0.5_wt_FeCl2.csv
[Run 1256/508994] ✅ Saved: 20260902_1209_nist_libs_1.5_wt_CeCl3_and_3.5_wt_SrCl2_and_1.0_wt_FeCl2.csv
[Run 1257/508994] ✅ Saved: 20260902_1209_nist_libs_1.5_wt_CeCl3_and_3.5_wt_SrCl2_and_1.5_wt_FeCl2.csv
[Run 1259/508994] ✅ Saved: 20260902_1209_nist_libs_1.5_wt_CeCl3_and_3.5_wt_SrCl2_and_2.5_wt_FeCl2.csv
[Run 1258/508994] ✅ Saved: 20260902_1209_nist_libs_1.5_wt_CeCl3_and_3.5_wt_SrCl2_and_2.0_wt_FeCl2.csv
[Run 1260/508994] ✅ Saved: 20260902_1209_nist_libs_1.5_wt_CeCl3_and_3.5_wt_SrCl2_and_3.0_wt_FeCl2.csv
[Run 1261/508994] ✅ Saved: 20260902_1209_nist_libs_1.5_wt_CeCl3_and_3.5_wt_SrCl2_and_3.5_wt_FeCl2.csv
[Run 1262/508994] ✅ Saved: 20260902_1209_nist_libs_1.5_wt_CeCl3_and_3.5_wt_SrCl2_and_4.0_wt_FeCl2.csv
[Run 1263/508994] ✅ Saved: 20260902_1209_nist_libs_1.5_wt_CeCl3_and_3.5_wt_SrCl2_and_4.5_wt_FeCl2.csv
[Run 1264/508994] ✅ Saved: 20260902_1209_nist_libs_1.5_wt_CeCl3_and_3.5_wt_SrCl2_and_5.0_wt_FeCl2.csv
[Run 1265/508994] ✅ Saved: 20260902_1209_nist_libs_1.5_wt_CeCl3_and_4.0_wt_SrCl2_and_0.5_wt_FeCl2.csv
[Run 1266/508994] ✅ Saved: 20260902_1209_nist_libs_1.5_wt_CeCl3_and_4.0_wt_SrCl2_and_1.0_wt_FeCl2.csv
[Run 1267/508994] ✅ Saved: 20260902_1209_nist_libs_1.5_wt_CeCl3_and_4.0_wt_SrCl2_and_1.5_wt_FeCl2.csv
[Run 1268/508994] ✅ Saved: 20260902_1209_nist_libs_1.5_wt_CeCl3_and_4.0_wt_SrCl2_and_2.0_wt_FeCl2.csv
[Run 1269/508994] ✅ Saved: 20260902_1209_nist_libs_1.5_wt_CeCl3_and_4.0_wt_SrCl2_and_2.5_wt_FeCl2.csv
[Run 1270/508994] ✅ Saved: 20260902_1209_nist_libs_1.5_wt_CeCl3_and_4.0_wt_SrCl2_and_3.0_wt_FeCl2.csv
[Run 1271/508994] ✅ Saved: 20260902_1209_nist_libs_1.5_wt_CeCl3_and_4.0_wt_SrCl2_and_3.5_wt_FeCl2.csv
[Run 1272/508994] ✅ Saved: 20260902_1209_nist_libs_1.5_wt_CeCl3_and_4.0_wt_SrCl2_and_4.0_wt_FeCl2.csv
[Run 1273/508994] ✅ Saved: 20260902_1209_nist_libs_1.5_wt_CeCl3_and_4.0_wt_SrCl2_and_4.5_wt_FeCl2.csv
[Run 1274/508994] ✅ Saved: 20260902_1209_nist_libs_1.5_wt_CeCl3_and_4.0_wt_SrCl2_and_5.0_wt_FeCl2.csv
[Run 1275/508994] ✅ Saved: 20260902_1209_nist_libs_1.5_wt_CeCl3_and_4.5_wt_SrCl2_and_0.5_wt_FeCl2.csv
[Run 1276/508994] ✅ Saved: 20260902_1209_nist_libs_1.5_wt_CeCl3_and_4.5_wt_SrCl2_and_1.0_wt_FeCl2.csv
[Run 1277/508994] ✅ Saved: 20260902_1209_nist_libs_1.5_wt_CeCl3_and_4.5_wt_SrCl2_and_1.5_wt_FeCl2.csv
[Run 1278/508994] ✅ Saved: 20260902_1209_nist_libs_1.5_wt_CeCl3_and_4.5_wt_SrCl2_and_2.0_wt_FeCl2.csv
[Run 1279/508994] ✅ Saved: 20260902_1209_nist_libs_1.5_wt_CeCl3_and_4.5_wt_SrCl2_and_2.5_wt_FeCl2.csv
[Run 1280/508994] ✅ Saved: 20260902_1209_nist_libs_1.5_wt_CeCl3_and_4.5_wt_SrCl2_and_3.0_wt_FeCl2.csv
[Run 1281/508994] ✅ Saved: 20260902_1209_nist_libs_1.5_wt_CeCl3_and_4.5_wt_SrCl2_and_3.5_wt_FeCl2.csv
[Run 1282/508994] ✅ Saved: 20260902_1209_nist_libs_1.5_wt_CeCl3_and_4.5_wt_SrCl2_and_4.0_wt_FeCl2.csv
[Run 1283/508994] ✅ Saved: 20260902_1209_nist_libs_1.5_wt_CeCl3_and_4.5_wt_SrCl2_and_4.5_wt_FeCl2.csv
[Run 1284/508994] ✅ Saved: 20260902_1209_nist_libs_1.5_wt_CeCl3_and_4.5_wt_SrCl2_and_5.0_wt_FeCl2.csv
[Run 1285/508994] ✅ Saved: 20260902_1209_nist_libs_1.5_wt_CeCl3_and_5.0_wt_SrCl2_and_0.5_wt_FeCl2.csv
[Run 1286/508994] ✅ Saved: 20260902_1209_nist_libs_1.5_wt_CeCl3_and_5.0_wt_SrCl2_and_1.0_wt_FeCl2.csv
[Run 1287/508994] ✅ Saved: 20260902_1209_nist_libs_1.5_wt_CeCl3_and_5.0_wt_SrCl2_and_1.5_wt_FeCl2.csv
[Run 1288/508994] ✅ Saved: 20260902_1209_nist_libs_1.5_wt_CeCl3_and_5.0_wt_SrCl2_and_2.0_wt_FeCl2.csv
[Run 1289/508994] ✅ Saved: 20260902_1209_nist_libs_1.5_wt_CeCl3_and_5.0_wt_SrCl2_and_2.5_wt_FeCl2.csv
[Run 1291/508994] ✅ Saved: 20260902_1209_nist_libs_1.5_wt_CeCl3_and_5.0_wt_SrCl2_and_3.5_wt_FeCl2.csv
[Run 1290/508994] ✅ Saved: 20260902_1209_nist_libs_1.5_wt_CeCl3_and_5.0_wt_SrCl2_and_3.0_wt_FeCl2.csv
[Run 1292/508994] ✅ Saved: 20260902_1209_nist_libs_1.5_wt_CeCl3_and_5.0_wt_SrCl2_and_4.0_wt_FeCl2.csv
[Run 1293/508994] ✅ Saved: 20260902_1209_nist_libs_1.5_wt_CeCl3_and_5.0_wt_SrCl2_and_4.5_wt_FeCl2.csv
[Run 1294/508994] ✅ Saved: 20260902_1209_nist_libs_1.5_wt_CeCl3_and_5.0_wt_SrCl2_and_5.0_wt_FeCl2.csv
[Run 1295/508994] ✅ Saved: 20260902_1209_nist_libs_2.0_wt_CeCl3_and_0.5_wt_SrCl2_and_0.5_wt_FeCl2.csv
[Run 1296/508994] ✅ Saved: 20260902_1209_nist_libs_2.0_wt_CeCl3_and_0.5_wt_SrCl2_and_1.0_wt_FeCl2.csv
[Run 1297/508994] ✅ Saved: 20260902_1209_nist_libs_2.0_wt_CeCl3_and_0.5_wt_SrCl2_and_1.5_wt_FeCl2.csv
[Run 1298/508994] ✅ Saved: 20260902_1209_nist_libs_2.0_wt_CeCl3_and_0.5_wt_SrCl2_and_2.0_wt_FeCl2.csv
[Run 1299/508994] ✅ Saved: 20260902_1209_nist_libs_2.0_wt_CeCl3_and_0.5_wt_SrCl2_and_2.5_wt_FeCl2.csv
[Run 1300/508994] ✅ Saved: 20260902_1209_nist_libs_2.0_wt_CeCl3_and_0.5_wt_SrCl2_and_3.0_wt_FeCl2.csv
[Run 1301/508994] ✅ Saved: 20260902_1209_nist_libs_2.0_wt_CeCl3_and_0.5_wt_SrCl2_and_3.5_wt_FeCl2.csv
[Run 1302/508994] ✅ Saved: 20260902_1209_nist_libs_2.0_wt_CeCl3_and_0.5_wt_SrCl2_and_4.0_wt_FeCl2.csv
[Run 1303/508994] ✅ Saved: 20260902_1209_nist_libs_2.0_wt_CeCl3_and_0.5_wt_SrCl2_and_4.5_wt_FeCl2.csv
[Run 1304/508994] ✅ Saved: 20260902_1209_nist_libs_2.0_wt_CeCl3_and_0.5_wt_SrCl2_and_5.0_wt_FeCl2.csv
[Run 1305/508994] ✅ Saved: 20260902_1209_nist_libs_2.0_wt_CeCl3_and_1.0_wt_SrCl2_and_0.5_wt_FeCl2.csv
[Run 1306/508994] ✅ Saved: 20260902_1209_nist_libs_2.0_wt_CeCl3_and_1.0_wt_SrCl2_and_1.0_wt_FeCl2.csv
[Run 1307/508994] ✅ Saved: 20260902_1209_nist_libs_2.0_wt_CeCl3_and_1.0_wt_SrCl2_and_1.5_wt_FeCl2.csv
[Run 1308/508994] ✅ Saved: 20260902_1209_nist_libs_2.0_wt_CeCl3_and_1.0_wt_SrCl2_and_2.0_wt_FeCl2.csv
[Run 1309/508994] ✅ Saved: 20260902_1209_nist_libs_2.0_wt_CeCl3_and_1.0_wt_SrCl2_and_2.5_wt_FeCl2.csv
[Run 1310/508994] ✅ Saved: 20260902_1209_nist_libs_2.0_wt_CeCl3_and_1.0_wt_SrCl2_and_3.0_wt_FeCl2.csv
[Run 1311/508994] ✅ Saved: 20260902_1209_nist_libs_2.0_wt_CeCl3_and_1.0_wt_SrCl2_and_3.5_wt_FeCl2.csv
[Run 1312/508994] ✅ Saved: 20260902_1209_nist_libs_2.0_wt_CeCl3_and_1.0_wt_SrCl2_and_4.0_wt_FeCl2.csv
[Run 1313/508994] ✅ Saved: 20260902_1209_nist_libs_2.0_wt_CeCl3_and_1.0_wt_SrCl2_and_4.5_wt_FeCl2.csv
[Run 1314/508994] ✅ Saved: 20260902_1209_nist_libs_2.0_wt_CeCl3_and_1.0_wt_SrCl2_and_5.0_wt_FeCl2.csv
[Run 1315/508994] ✅ Saved: 20260902_1209_nist_libs_2.0_wt_CeCl3_and_1.5_wt_SrCl2_and_0.5_wt_FeCl2.csv
[Run 1316/508994] ✅ Saved: 20260902_1209_nist_libs_2.0_wt_CeCl3_and_1.5_wt_SrCl2_and_1.0_wt_FeCl2.csv
[Run 1317/508994] ✅ Saved: 20260902_1209_nist_libs_2.0_wt_CeCl3_and_1.5_wt_SrCl2_and_1.5_wt_FeCl2.csv
[Run 1318/508994] ✅ Saved: 20260902_1209_nist_libs_2.0_wt_CeCl3_and_1.5_wt_SrCl2_and_2.0_wt_FeCl2.csv
[Run 1319/508994] ✅ Saved: 20260902_1209_nist_libs_2.0_wt_CeCl3_and_1.5_wt_SrCl2_and_2.5_wt_FeCl2.csv
[Run 1321/508994] ✅ Saved: 20260902_1209_nist_libs_2.0_wt_CeCl3_and_1.5_wt_SrCl2_and_3.5_wt_FeCl2.csv
[Run 1320/508994] ✅ Saved: 20260902_1209_nist_libs_2.0_wt_CeCl3_and_1.5_wt_SrCl2_and_3.0_wt_FeCl2.csv
[Run 1322/508994] ✅ Saved: 20260902_1209_nist_libs_2.0_wt_CeCl3_and_1.5_wt_SrCl2_and_4.0_wt_FeCl2.csv
[Run 1323/508994] ✅ Saved: 20260902_1209_nist_libs_2.0_wt_CeCl3_and_1.5_wt_SrCl2_and_4.5_wt_FeCl2.csv
[Run 1324/508994] ✅ Saved: 20260902_1209_nist_libs_2.0_wt_CeCl3_and_1.5_wt_SrCl2_and_5.0_wt_FeCl2.csv
[Run 1325/508994] ✅ Saved: 20260902_1209_nist_libs_2.0_wt_CeCl3_and_2.0_wt_SrCl2_and_0.5_wt_FeCl2.csv
[Run 1326/508994] ✅ Saved: 20260902_1209_nist_libs_2.0_wt_CeCl3_and_2.0_wt_SrCl2_and_1.0_wt_FeCl2.csv
[Run 1327/508994] ✅ Saved: 20260902_1209_nist_libs_2.0_wt_CeCl3_and_2.0_wt_SrCl2_and_1.5_wt_FeCl2.csv
[Run 1328/508994] ✅ Saved: 20260902_1209_nist_libs_2.0_wt_CeCl3_and_2.0_wt_SrCl2_and_2.0_wt_FeCl2.csv
[Run 1329/508994] ✅ Saved: 20260902_1209_nist_libs_2.0_wt_CeCl3_and_2.0_wt_SrCl2_and_2.5_wt_FeCl2.csv
[Run 1330/508994] ✅ Saved: 20260902_1209_nist_libs_2.0_wt_CeCl3_and_2.0_wt_SrCl2_and_3.0_wt_FeCl2.csv
[Run 1331/508994] ✅ Saved: 20260902_1209_nist_libs_2.0_wt_CeCl3_and_2.0_wt_SrCl2_and_3.5_wt_FeCl2.csv
[Run 1332/508994] ✅ Saved: 20260902_1209_nist_libs_2.0_wt_CeCl3_and_2.0_wt_SrCl2_and_4.0_wt_FeCl2.csv
[Run 1333/508994] ✅ Saved: 20260902_1209_nist_libs_2.0_wt_CeCl3_and_2.0_wt_SrCl2_and_4.5_wt_FeCl2.csv
[Run 1334/508994] ✅ Saved: 20260902_1209_nist_libs_2.0_wt_CeCl3_and_2.0_wt_SrCl2_and_5.0_wt_FeCl2.csv
[Run 1335/508994] ✅ Saved: 20260902_1209_nist_libs_2.0_wt_CeCl3_and_2.5_wt_SrCl2_and_0.5_wt_FeCl2.csv
[Run 1336/508994] ✅ Saved: 20260902_1209_nist_libs_2.0_wt_CeCl3_and_2.5_wt_SrCl2_and_1.0_wt_FeCl2.csv
[Run 1337/508994] ✅ Saved: 20260902_1209_nist_libs_2.0_wt_CeCl3_and_2.5_wt_SrCl2_and_1.5_wt_FeCl2.csv
[Run 1338/508994] ✅ Saved: 20260902_1209_nist_libs_2.0_wt_CeCl3_and_2.5_wt_SrCl2_and_2.0_wt_FeCl2.csv
[Run 1339/508994] ✅ Saved: 20260902_1209_nist_libs_2.0_wt_CeCl3_and_2.5_wt_SrCl2_and_2.5_wt_FeCl2.csv
[Run 1340/508994] ✅ Saved: 20260902_1209_nist_libs_2.0_wt_CeCl3_and_2.5_wt_SrCl2_and_3.0_wt_FeCl2.csv
[Run 1341/508994] ✅ Saved: 20260902_1209_nist_libs_2.0_wt_CeCl3_and_2.5_wt_SrCl2_and_3.5_wt_FeCl2.csv
[Run 1342/508994] ✅ Saved: 20260902_1209_nist_libs_2.0_wt_CeCl3_and_2.5_wt_SrCl2_and_4.0_wt_FeCl2.csv
[Run 1343/508994] ✅ Saved: 20260902_1209_nist_libs_2.0_wt_CeCl3_and_2.5_wt_SrCl2_and_4.5_wt_FeCl2.csv
[Run 1344/508994] ✅ Saved: 20260902_1209_nist_libs_2.0_wt_CeCl3_and_2.5_wt_SrCl2_and_5.0_wt_FeCl2.csv
[Run 1345/508994] ✅ Saved: 20260902_1209_nist_libs_2.0_wt_CeCl3_and_3.0_wt_SrCl2_and_0.5_wt_FeCl2.csv
[Run 1346/508994] ✅ Saved: 20260902_1209_nist_libs_2.0_wt_CeCl3_and_3.0_wt_SrCl2_and_1.0_wt_FeCl2.csv
[Run 1347/508994] ✅ Saved: 20260902_1209_nist_libs_2.0_wt_CeCl3_and_3.0_wt_SrCl2_and_1.5_wt_FeCl2.csv
[Run 1348/508994] ✅ Saved: 20260902_1209_nist_libs_2.0_wt_CeCl3_and_3.0_wt_SrCl2_and_2.0_wt_FeCl2.csv
[Run 1349/508994] ✅ Saved: 20260902_1209_nist_libs_2.0_wt_CeCl3_and_3.0_wt_SrCl2_and_2.5_wt_FeCl2.csv
[Run 1350/508994] ✅ Saved: 20260902_1209_nist_libs_2.0_wt_CeCl3_and_3.0_wt_SrCl2_and_3.0_wt_FeCl2.csv
[Run 1351/508994] ✅ Saved: 20260902_1209_nist_libs_2.0_wt_CeCl3_and_3.0_wt_SrCl2_and_3.5_wt_FeCl2.csv
[Run 1352/508994] ✅ Saved: 20260902_1209_nist_libs_2.0_wt_CeCl3_and_3.0_wt_SrCl2_and_4.0_wt_FeCl2.csv
[Run 1353/508994] ✅ Saved: 20260902_1209_nist_libs_2.0_wt_CeCl3_and_3.0_wt_SrCl2_and_4.5_wt_FeCl2.csv
[Run 1354/508994] ✅ Saved: 20260902_1209_nist_libs_2.0_wt_CeCl3_and_3.0_wt_SrCl2_and_5.0_wt_FeCl2.csv
[Run 1355/508994] ✅ Saved: 20260902_1209_nist_libs_2.0_wt_CeCl3_and_3.5_wt_SrCl2_and_0.5_wt_FeCl2.csv
[Run 1356/508994] ✅ Saved: 20260902_1209_nist_libs_2.0_wt_CeCl3_and_3.5_wt_SrCl2_and_1.0_wt_FeCl2.csv
[Run 1357/508994] ✅ Saved: 20260902_1209_nist_libs_2.0_wt_CeCl3_and_3.5_wt_SrCl2_and_1.5_wt_FeCl2.csv
[Run 1358/508994] ✅ Saved: 20260902_1209_nist_libs_2.0_wt_CeCl3_and_3.5_wt_SrCl2_and_2.0_wt_FeCl2.csv
[Run 1359/508994] ✅ Saved: 20260902_1209_nist_libs_2.0_wt_CeCl3_and_3.5_wt_SrCl2_and_2.5_wt_FeCl2.csv
[Run 1360/508994] ✅ Saved: 20260902_1209_nist_libs_2.0_wt_CeCl3_and_3.5_wt_SrCl2_and_3.0_wt_FeCl2.csv
[Run 1361/508994] ✅ Saved: 20260902_1209_nist_libs_2.0_wt_CeCl3_and_3.5_wt_SrCl2_and_3.5_wt_FeCl2.csv
[Run 1362/508994] ✅ Saved: 20260902_1209_nist_libs_2.0_wt_CeCl3_and_3.5_wt_SrCl2_and_4.0_wt_FeCl2.csv
[Run 1363/508994] ✅ Saved: 20260902_1209_nist_libs_2.0_wt_CeCl3_and_3.5_wt_SrCl2_and_4.5_wt_FeCl2.csv
[Run 1365/508994] ✅ Saved: 20260902_1209_nist_libs_2.0_wt_CeCl3_and_4.0_wt_SrCl2_and_0.5_wt_FeCl2.csv
[Run 1364/508994] ✅ Saved: 20260902_1209_nist_libs_2.0_wt_CeCl3_and_3.5_wt_SrCl2_and_5.0_wt_FeCl2.csv
[Run 1366/508994] ✅ Saved: 20260902_1209_nist_libs_2.0_wt_CeCl3_and_4.0_wt_SrCl2_and_1.0_wt_FeCl2.csv
[Run 1367/508994] ✅ Saved: 20260902_1209_nist_libs_2.0_wt_CeCl3_and_4.0_wt_SrCl2_and_1.5_wt_FeCl2.csv
[Run 1368/508994] ✅ Saved: 20260902_1209_nist_libs_2.0_wt_CeCl3_and_4.0_wt_SrCl2_and_2.0_wt_FeCl2.csv
[Run 1369/508994] ✅ Saved: 20260902_1209_nist_libs_2.0_wt_CeCl3_and_4.0_wt_SrCl2_and_2.5_wt_FeCl2.csv
[Run 1370/508994] ✅ Saved: 20260902_1209_nist_libs_2.0_wt_CeCl3_and_4.0_wt_SrCl2_and_3.0_wt_FeCl2.csv
[Run 1371/508994] ✅ Saved: 20260902_1209_nist_libs_2.0_wt_CeCl3_and_4.0_wt_SrCl2_and_3.5_wt_FeCl2.csv
[Run 1372/508994] ✅ Saved: 20260902_1209_nist_libs_2.0_wt_CeCl3_and_4.0_wt_SrCl2_and_4.0_wt_FeCl2.csv
[Run 1373/508994] ✅ Saved: 20260902_1209_nist_libs_2.0_wt_CeCl3_and_4.0_wt_SrCl2_and_4.5_wt_FeCl2.csv
[Run 1374/508994] ✅ Saved: 20260902_1209_nist_libs_2.0_wt_CeCl3_and_4.0_wt_SrCl2_and_5.0_wt_FeCl2.csv
[Run 1375/508994] ✅ Saved: 20260902_1209_nist_libs_2.0_wt_CeCl3_and_4.5_wt_SrCl2_and_0.5_wt_FeCl2.csv
[Run 1376/508994] ✅ Saved: 20260902_1209_nist_libs_2.0_wt_CeCl3_and_4.5_wt_SrCl2_and_1.0_wt_FeCl2.csv
[Run 1377/508994] ✅ Saved: 20260902_1209_nist_libs_2.0_wt_CeCl3_and_4.5_wt_SrCl2_and_1.5_wt_FeCl2.csv
[Run 1378/508994] ✅ Saved: 20260902_1209_nist_libs_2.0_wt_CeCl3_and_4.5_wt_SrCl2_and_2.0_wt_FeCl2.csv
[Run 1379/508994] ✅ Saved: 20260902_1209_nist_libs_2.0_wt_CeCl3_and_4.5_wt_SrCl2_and_2.5_wt_FeCl2.csv
[Run 1380/508994] ✅ Saved: 20260902_1209_nist_libs_2.0_wt_CeCl3_and_4.5_wt_SrCl2_and_3.0_wt_FeCl2.csv
[Run 1381/508994] ✅ Saved: 20260902_1209_nist_libs_2.0_wt_CeCl3_and_4.5_wt_SrCl2_and_3.5_wt_FeCl2.csv
[Run 1382/508994] ✅ Saved: 20260902_1209_nist_libs_2.0_wt_CeCl3_and_4.5_wt_SrCl2_and_4.0_wt_FeCl2.csv
[Run 1383/508994] ✅ Saved: 20260902_1209_nist_libs_2.0_wt_CeCl3_and_4.5_wt_SrCl2_and_4.5_wt_FeCl2.csv
[Run 1384/508994] ✅ Saved: 20260902_1209_nist_libs_2.0_wt_CeCl3_and_4.5_wt_SrCl2_and_5.0_wt_FeCl2.csv
[Run 1385/508994] ✅ Saved: 20260902_1209_nist_libs_2.0_wt_CeCl3_and_5.0_wt_SrCl2_and_0.5_wt_FeCl2.csv
[Run 1386/508994] ✅ Saved: 20260902_1209_nist_libs_2.0_wt_CeCl3_and_5.0_wt_SrCl2_and_1.0_wt_FeCl2.csv
[Run 1387/508994] ✅ Saved: 20260902_1209_nist_libs_2.0_wt_CeCl3_and_5.0_wt_SrCl2_and_1.5_wt_FeCl2.csv
[Run 1388/508994] ✅ Saved: 20260902_1209_nist_libs_2.0_wt_CeCl3_and_5.0_wt_SrCl2_and_2.0_wt_FeCl2.csv
[Run 1389/508994] ✅ Saved: 20260902_1209_nist_libs_2.0_wt_CeCl3_and_5.0_wt_SrCl2_and_2.5_wt_FeCl2.csv
[Run 1390/508994] ✅ Saved: 20260902_1209_nist_libs_2.0_wt_CeCl3_and_5.0_wt_SrCl2_and_3.0_wt_FeCl2.csv
[Run 1391/508994] ✅ Saved: 20260902_1209_nist_libs_2.0_wt_CeCl3_and_5.0_wt_SrCl2_and_3.5_wt_FeCl2.csv
[Run 1392/508994] ✅ Saved: 20260902_1209_nist_libs_2.0_wt_CeCl3_and_5.0_wt_SrCl2_and_4.0_wt_FeCl2.csv
[Run 1393/508994] ✅ Saved: 20260902_1209_nist_libs_2.0_wt_CeCl3_and_5.0_wt_SrCl2_and_4.5_wt_FeCl2.csv
[Run 1394/508994] ✅ Saved: 20260902_1209_nist_libs_2.0_wt_CeCl3_and_5.0_wt_SrCl2_and_5.0_wt_FeCl2.csv
[Run 1395/508994] ✅ Saved: 20260902_1209_nist_libs_2.5_wt_CeCl3_and_0.5_wt_SrCl2_and_0.5_wt_FeCl2.csv
[Run 1396/508994] ✅ Saved: 20260902_1209_nist_libs_2.5_wt_CeCl3_and_0.5_wt_SrCl2_and_1.0_wt_FeCl2.csv
[Run 1397/508994] ✅ Saved: 20260902_1209_nist_libs_2.5_wt_CeCl3_and_0.5_wt_SrCl2_and_1.5_wt_FeCl2.csv
[Run 1398/508994] ✅ Saved: 20260902_1209_nist_libs_2.5_wt_CeCl3_and_0.5_wt_SrCl2_and_2.0_wt_FeCl2.csv
[Run 1399/508994] ✅ Saved: 20260902_1209_nist_libs_2.5_wt_CeCl3_and_0.5_wt_SrCl2_and_2.5_wt_FeCl2.csv
[Run 1400/508994] ✅ Saved: 20260902_1209_nist_libs_2.5_wt_CeCl3_and_0.5_wt_SrCl2_and_3.0_wt_FeCl2.csv
[Run 1401/508994] ✅ Saved: 20260902_1209_nist_libs_2.5_wt_CeCl3_and_0.5_wt_SrCl2_and_3.5_wt_FeCl2.csv
[Run 1402/508994] ✅ Saved: 20260902_1209_nist_libs_2.5_wt_CeCl3_and_0.5_wt_SrCl2_and_4.0_wt_FeCl2.csv
[Run 1403/508994] ✅ Saved: 20260902_1209_nist_libs_2.5_wt_CeCl3_and_0.5_wt_SrCl2_and_4.5_wt_FeCl2.csv
[Run 1404/508994] ✅ Saved: 20260902_1209_nist_libs_2.5_wt_CeCl3_and_0.5_wt_SrCl2_and_5.0_wt_FeCl2.csv
[Run 1405/508994] ✅ Saved: 20260902_1209_nist_libs_2.5_wt_CeCl3_and_1.0_wt_SrCl2_and_0.5_wt_FeCl2.csv
[Run 1406/508994] ✅ Saved: 20260902_1209_nist_libs_2.5_wt_CeCl3_and_1.0_wt_SrCl2_and_1.0_wt_FeCl2.csv
[Run 1407/508994] ✅ Saved: 20260902_1209_nist_libs_2.5_wt_CeCl3_and_1.0_wt_SrCl2_and_1.5_wt_FeCl2.csv
[Run 1408/508994] ✅ Saved: 20260902_1209_nist_libs_2.5_wt_CeCl3_and_1.0_wt_SrCl2_and_2.0_wt_FeCl2.csv
[Run 1409/508994] ✅ Saved: 20260902_1209_nist_libs_2.5_wt_CeCl3_and_1.0_wt_SrCl2_and_2.5_wt_FeCl2.csv
[Run 1410/508994] ✅ Saved: 20260902_1209_nist_libs_2.5_wt_CeCl3_and_1.0_wt_SrCl2_and_3.0_wt_FeCl2.csv
[Run 1411/508994] ✅ Saved: 20260902_1209_nist_libs_2.5_wt_CeCl3_and_1.0_wt_SrCl2_and_3.5_wt_FeCl2.csv
[Run 1413/508994] ✅ Saved: 20260902_1209_nist_libs_2.5_wt_CeCl3_and_1.0_wt_SrCl2_and_4.5_wt_FeCl2.csv
[Run 1412/508994] ✅ Saved: 20260902_1209_nist_libs_2.5_wt_CeCl3_and_1.0_wt_SrCl2_and_4.0_wt_FeCl2.csv
[Run 1414/508994] ✅ Saved: 20260902_1209_nist_libs_2.5_wt_CeCl3_and_1.0_wt_SrCl2_and_5.0_wt_FeCl2.csv
[Run 1415/508994] ✅ Saved: 20260902_1209_nist_libs_2.5_wt_CeCl3_and_1.5_wt_SrCl2_and_0.5_wt_FeCl2.csv
[Run 1416/508994] ✅ Saved: 20260902_1209_nist_libs_2.5_wt_CeCl3_and_1.5_wt_SrCl2_and_1.0_wt_FeCl2.csv
[Run 1417/508994] ✅ Saved: 20260902_1209_nist_libs_2.5_wt_CeCl3_and_1.5_wt_SrCl2_and_1.5_wt_FeCl2.csv
[Run 1418/508994] ✅ Saved: 20260902_1209_nist_libs_2.5_wt_CeCl3_and_1.5_wt_SrCl2_and_2.0_wt_FeCl2.csv
[Run 1419/508994] ✅ Saved: 20260902_1209_nist_libs_2.5_wt_CeCl3_and_1.5_wt_SrCl2_and_2.5_wt_FeCl2.csv
[Run 1420/508994] ✅ Saved: 20260902_1209_nist_libs_2.5_wt_CeCl3_and_1.5_wt_SrCl2_and_3.0_wt_FeCl2.csv
[Run 1421/508994] ✅ Saved: 20260902_1209_nist_libs_2.5_wt_CeCl3_and_1.5_wt_SrCl2_and_3.5_wt_FeCl2.csv
[Run 1422/508994] ✅ Saved: 20260902_1209_nist_libs_2.5_wt_CeCl3_and_1.5_wt_SrCl2_and_4.0_wt_FeCl2.csv
[Run 1423/508994] ✅ Saved: 20260902_1209_nist_libs_2.5_wt_CeCl3_and_1.5_wt_SrCl2_and_4.5_wt_FeCl2.csv
[Run 1424/508994] ✅ Saved: 20260902_1209_nist_libs_2.5_wt_CeCl3_and_1.5_wt_SrCl2_and_5.0_wt_FeCl2.csv
[Run 1426/508994] ✅ Saved: 20260902_1209_nist_libs_2.5_wt_CeCl3_and_2.0_wt_SrCl2_and_1.0_wt_FeCl2.csv
[Run 1425/508994] ✅ Saved: 20260902_1209_nist_libs_2.5_wt_CeCl3_and_2.0_wt_SrCl2_and_0.5_wt_FeCl2.csv
[Run 1427/508994] ✅ Saved: 20260902_1209_nist_libs_2.5_wt_CeCl3_and_2.0_wt_SrCl2_and_1.5_wt_FeCl2.csv
[Run 1428/508994] ✅ Saved: 20260902_1209_nist_libs_2.5_wt_CeCl3_and_2.0_wt_SrCl2_and_2.0_wt_FeCl2.csv
[Run 1431/508994] ✅ Saved: 20260902_1209_nist_libs_2.5_wt_CeCl3_and_2.0_wt_SrCl2_and_3.5_wt_FeCl2.csv
[Run 1430/508994] ✅ Saved: 20260902_1209_nist_libs_2.5_wt_CeCl3_and_2.0_wt_SrCl2_and_3.0_wt_FeCl2.csv
[Run 1429/508994] ✅ Saved: 20260902_1209_nist_libs_2.5_wt_CeCl3_and_2.0_wt_SrCl2_and_2.5_wt_FeCl2.csv
[Run 1432/508994] ✅ Saved: 20260902_1209_nist_libs_2.5_wt_CeCl3_and_2.0_wt_SrCl2_and_4.0_wt_FeCl2.csv
[Run 1433/508994] ✅ Saved: 20260902_1209_nist_libs_2.5_wt_CeCl3_and_2.0_wt_SrCl2_and_4.5_wt_FeCl2.csv
[Run 1434/508994] ✅ Saved: 20260902_1209_nist_libs_2.5_wt_CeCl3_and_2.0_wt_SrCl2_and_5.0_wt_FeCl2.csv
[Run 1435/508994] ✅ Saved: 20260902_1209_nist_libs_2.5_wt_CeCl3_and_2.5_wt_SrCl2_and_0.5_wt_FeCl2.csv
[Run 1436/508994] ✅ Saved: 20260902_1209_nist_libs_2.5_wt_CeCl3_and_2.5_wt_SrCl2_and_1.0_wt_FeCl2.csv
[Run 1437/508994] ✅ Saved: 20260902_1209_nist_libs_2.5_wt_CeCl3_and_2.5_wt_SrCl2_and_1.5_wt_FeCl2.csv
[Run 1438/508994] ✅ Saved: 20260902_1209_nist_libs_2.5_wt_CeCl3_and_2.5_wt_SrCl2_and_2.0_wt_FeCl2.csv
[Run 1439/508994] ✅ Saved: 20260902_1209_nist_libs_2.5_wt_CeCl3_and_2.5_wt_SrCl2_and_2.5_wt_FeCl2.csv
[Run 1440/508994] ✅ Saved: 20260902_1209_nist_libs_2.5_wt_CeCl3_and_2.5_wt_SrCl2_and_3.0_wt_FeCl2.csv
[Run 1441/508994] ✅ Saved: 20260902_1209_nist_libs_2.5_wt_CeCl3_and_2.5_wt_SrCl2_and_3.5_wt_FeCl2.csv
[Run 1443/508994] ✅ Saved: 20260902_1209_nist_libs_2.5_wt_CeCl3_and_2.5_wt_SrCl2_and_4.5_wt_FeCl2.csv
[Run 1442/508994] ✅ Saved: 20260902_1209_nist_libs_2.5_wt_CeCl3_and_2.5_wt_SrCl2_and_4.0_wt_FeCl2.csv
[Run 1444/508994] ✅ Saved: 20260902_1209_nist_libs_2.5_wt_CeCl3_and_2.5_wt_SrCl2_and_5.0_wt_FeCl2.csv
[Run 1445/508994] ✅ Saved: 20260902_1209_nist_libs_2.5_wt_CeCl3_and_3.0_wt_SrCl2_and_0.5_wt_FeCl2.csv
[Run 1447/508994] ✅ Saved: 20260902_1209_nist_libs_2.5_wt_CeCl3_and_3.0_wt_SrCl2_and_1.5_wt_FeCl2.csv
[Run 1446/508994] ✅ Saved: 20260902_1209_nist_libs_2.5_wt_CeCl3_and_3.0_wt_SrCl2_and_1.0_wt_FeCl2.csv
[Run 1448/508994] ✅ Saved: 20260902_1209_nist_libs_2.5_wt_CeCl3_and_3.0_wt_SrCl2_and_2.0_wt_FeCl2.csv
[Run 1449/508994] ✅ Saved: 20260902_1209_nist_libs_2.5_wt_CeCl3_and_3.0_wt_SrCl2_and_2.5_wt_FeCl2.csv
[Run 1450/508994] ✅ Saved: 20260902_1209_nist_libs_2.5_wt_CeCl3_and_3.0_wt_SrCl2_and_3.0_wt_FeCl2.csv
[Run 1451/508994] ✅ Saved: 20260902_1209_nist_libs_2.5_wt_CeCl3_and_3.0_wt_SrCl2_and_3.5_wt_FeCl2.csv
[Run 1452/508994] ✅ Saved: 20260902_1209_nist_libs_2.5_wt_CeCl3_and_3.0_wt_SrCl2_and_4.0_wt_FeCl2.csv
[Run 1453/508994] ✅ Saved: 20260902_1209_nist_libs_2.5_wt_CeCl3_and_3.0_wt_SrCl2_and_4.5_wt_FeCl2.csv
[Run 1454/508994] ✅ Saved: 20260902_1209_nist_libs_2.5_wt_CeCl3_and_3.0_wt_SrCl2_and_5.0_wt_FeCl2.csv
[Run 1455/508994] ✅ Saved: 20260902_1209_nist_libs_2.5_wt_CeCl3_and_3.5_wt_SrCl2_and_0.5_wt_FeCl2.csv
[Run 1457/508994] ✅ Saved: 20260902_1209_nist_libs_2.5_wt_CeCl3_and_3.5_wt_SrCl2_and_1.5_wt_FeCl2.csv
[Run 1456/508994] ✅ Saved: 20260902_1209_nist_libs_2.5_wt_CeCl3_and_3.5_wt_SrCl2_and_1.0_wt_FeCl2.csv
[Run 1458/508994] ✅ Saved: 20260902_1209_nist_libs_2.5_wt_CeCl3_and_3.5_wt_SrCl2_and_2.0_wt_FeCl2.csv
[Run 1459/508994] ✅ Saved: 20260902_1209_nist_libs_2.5_wt_CeCl3_and_3.5_wt_SrCl2_and_2.5_wt_FeCl2.csv
[Run 1460/508994] ✅ Saved: 20260902_1209_nist_libs_2.5_wt_CeCl3_and_3.5_wt_SrCl2_and_3.0_wt_FeCl2.csv
[Run 1461/508994] ✅ Saved: 20260902_1209_nist_libs_2.5_wt_CeCl3_and_3.5_wt_SrCl2_and_3.5_wt_FeCl2.csv
[Run 1463/508994] ✅ Saved: 20260902_1209_nist_libs_2.5_wt_CeCl3_and_3.5_wt_SrCl2_and_4.5_wt_FeCl2.csv
[Run 1462/508994] ✅ Saved: 20260902_1209_nist_libs_2.5_wt_CeCl3_and_3.5_wt_SrCl2_and_4.0_wt_FeCl2.csv
[Run 1464/508994] ✅ Saved: 20260902_1209_nist_libs_2.5_wt_CeCl3_and_3.5_wt_SrCl2_and_5.0_wt_FeCl2.csv
[Run 1465/508994] ✅ Saved: 20260902_1209_nist_libs_2.5_wt_CeCl3_and_4.0_wt_SrCl2_and_0.5_wt_FeCl2.csv
[Run 1466/508994] ✅ Saved: 20260902_1209_nist_libs_2.5_wt_CeCl3_and_4.0_wt_SrCl2_and_1.0_wt_FeCl2.csv
[Run 1467/508994] ✅ Saved: 20260902_1209_nist_libs_2.5_wt_CeCl3_and_4.0_wt_SrCl2_and_1.5_wt_FeCl2.csv
[Run 1468/508994] ✅ Saved: 20260902_1209_nist_libs_2.5_wt_CeCl3_and_4.0_wt_SrCl2_and_2.0_wt_FeCl2.csv
[Run 1469/508994] ✅ Saved: 20260902_1209_nist_libs_2.5_wt_CeCl3_and_4.0_wt_SrCl2_and_2.5_wt_FeCl2.csv
[Run 1470/508994] ✅ Saved: 20260902_1209_nist_libs_2.5_wt_CeCl3_and_4.0_wt_SrCl2_and_3.0_wt_FeCl2.csv
[Run 1471/508994] ✅ Saved: 20260902_1209_nist_libs_2.5_wt_CeCl3_and_4.0_wt_SrCl2_and_3.5_wt_FeCl2.csv
[Run 1472/508994] ✅ Saved: 20260902_1209_nist_libs_2.5_wt_CeCl3_and_4.0_wt_SrCl2_and_4.0_wt_FeCl2.csv
[Run 1473/508994] ✅ Saved: 20260902_1209_nist_libs_2.5_wt_CeCl3_and_4.0_wt_SrCl2_and_4.5_wt_FeCl2.csv
[Run 1474/508994] ✅ Saved: 20260902_1209_nist_libs_2.5_wt_CeCl3_and_4.0_wt_SrCl2_and_5.0_wt_FeCl2.csv
[Run 1475/508994] ✅ Saved: 20260902_1209_nist_libs_2.5_wt_CeCl3_and_4.5_wt_SrCl2_and_0.5_wt_FeCl2.csv
[Run 1476/508994] ✅ Saved: 20260902_1209_nist_libs_2.5_wt_CeCl3_and_4.5_wt_SrCl2_and_1.0_wt_FeCl2.csv
[Run 1477/508994] ✅ Saved: 20260902_1209_nist_libs_2.5_wt_CeCl3_and_4.5_wt_SrCl2_and_1.5_wt_FeCl2.csv
[Run 1478/508994] ✅ Saved: 20260902_1209_nist_libs_2.5_wt_CeCl3_and_4.5_wt_SrCl2_and_2.0_wt_FeCl2.csv
[Run 1479/508994] ✅ Saved: 20260902_1209_nist_libs_2.5_wt_CeCl3_and_4.5_wt_SrCl2_and_2.5_wt_FeCl2.csv
[Run 1480/508994] ✅ Saved: 20260902_1209_nist_libs_2.5_wt_CeCl3_and_4.5_wt_SrCl2_and_3.0_wt_FeCl2.csv
[Run 1481/508994] ✅ Saved: 20260902_1209_nist_libs_2.5_wt_CeCl3_and_4.5_wt_SrCl2_and_3.5_wt_FeCl2.csv
[Run 1482/508994] ✅ Saved: 20260902_1209_nist_libs_2.5_wt_CeCl3_and_4.5_wt_SrCl2_and_4.0_wt_FeCl2.csv
[Run 1483/508994] ✅ Saved: 20260902_1209_nist_libs_2.5_wt_CeCl3_and_4.5_wt_SrCl2_and_4.5_wt_FeCl2.csv
[Run 1484/508994] ✅ Saved: 20260902_1209_nist_libs_2.5_wt_CeCl3_and_4.5_wt_SrCl2_and_5.0_wt_FeCl2.csv
[Run 1485/508994] ✅ Saved: 20260902_1209_nist_libs_2.5_wt_CeCl3_and_5.0_wt_SrCl2_and_0.5_wt_FeCl2.csv
[Run 1487/508994] ✅ Saved: 20260902_1209_nist_libs_2.5_wt_CeCl3_and_5.0_wt_SrCl2_and_1.5_wt_FeCl2.csv
[Run 1486/508994] ✅ Saved: 20260902_1209_nist_libs_2.5_wt_CeCl3_and_5.0_wt_SrCl2_and_1.0_wt_FeCl2.csv
[Run 1488/508994] ✅ Saved: 20260902_1209_nist_libs_2.5_wt_CeCl3_and_5.0_wt_SrCl2_and_2.0_wt_FeCl2.csv
[Run 1489/508994] ✅ Saved: 20260902_1209_nist_libs_2.5_wt_CeCl3_and_5.0_wt_SrCl2_and_2.5_wt_FeCl2.csv
[Run 1490/508994] ✅ Saved: 20260902_1209_nist_libs_2.5_wt_CeCl3_and_5.0_wt_SrCl2_and_3.0_wt_FeCl2.csv
[Run 1491/508994] ✅ Saved: 20260902_1209_nist_libs_2.5_wt_CeCl3_and_5.0_wt_SrCl2_and_3.5_wt_FeCl2.csv
[Run 1492/508994] ✅ Saved: 20260902_1209_nist_libs_2.5_wt_CeCl3_and_5.0_wt_SrCl2_and_4.0_wt_FeCl2.csv
[Run 1493/508994] ✅ Saved: 20260902_1209_nist_libs_2.5_wt_CeCl3_and_5.0_wt_SrCl2_and_4.5_wt_FeCl2.csv
[Run 1494/508994] ✅ Saved: 20260902_1209_nist_libs_2.5_wt_CeCl3_and_5.0_wt_SrCl2_and_5.0_wt_FeCl2.csv
[Run 1495/508994] ✅ Saved: 20260902_1209_nist_libs_3.0_wt_CeCl3_and_0.5_wt_SrCl2_and_0.5_wt_FeCl2.csv
[Run 1496/508994] ✅ Saved: 20260902_1209_nist_libs_3.0_wt_CeCl3_and_0.5_wt_SrCl2_and_1.0_wt_FeCl2.csv
[Run 1497/508994] ✅ Saved: 20260902_1209_nist_libs_3.0_wt_CeCl3_and_0.5_wt_SrCl2_and_1.5_wt_FeCl2.csv
[Run 1498/508994] ✅ Saved: 20260902_1209_nist_libs_3.0_wt_CeCl3_and_0.5_wt_SrCl2_and_2.0_wt_FeCl2.csv
[Run 1499/508994] ✅ Saved: 20260902_1209_nist_libs_3.0_wt_CeCl3_and_0.5_wt_SrCl2_and_2.5_wt_FeCl2.csv
[Run 1500/508994] ✅ Saved: 20260902_1209_nist_libs_3.0_wt_CeCl3_and_0.5_wt_SrCl2_and_3.0_wt_FeCl2.csv
[Run 1501/508994] ✅ Saved: 20260902_1209_nist_libs_3.0_wt_CeCl3_and_0.5_wt_SrCl2_and_3.5_wt_FeCl2.csv
[Run 1502/508994] ✅ Saved: 20260902_1209_nist_libs_3.0_wt_CeCl3_and_0.5_wt_SrCl2_and_4.0_wt_FeCl2.csv
[Run 1503/508994] ✅ Saved: 20260902_1209_nist_libs_3.0_wt_CeCl3_and_0.5_wt_SrCl2_and_4.5_wt_FeCl2.csv
[Run 1504/508994] ✅ Saved: 20260902_1209_nist_libs_3.0_wt_CeCl3_and_0.5_wt_SrCl2_and_5.0_wt_FeCl2.csv
[Run 1505/508994] ✅ Saved: 20260902_1209_nist_libs_3.0_wt_CeCl3_and_1.0_wt_SrCl2_and_0.5_wt_FeCl2.csv
[Run 1506/508994] ✅ Saved: 20260902_1209_nist_libs_3.0_wt_CeCl3_and_1.0_wt_SrCl2_and_1.0_wt_FeCl2.csv
[Run 1507/508994] ✅ Saved: 20260902_1209_nist_libs_3.0_wt_CeCl3_and_1.0_wt_SrCl2_and_1.5_wt_FeCl2.csv
[Run 1508/508994] ✅ Saved: 20260902_1209_nist_libs_3.0_wt_CeCl3_and_1.0_wt_SrCl2_and_2.0_wt_FeCl2.csv
[Run 1509/508994] ✅ Saved: 20260902_1209_nist_libs_3.0_wt_CeCl3_and_1.0_wt_SrCl2_and_2.5_wt_FeCl2.csv
[Run 1510/508994] ✅ Saved: 20260902_1209_nist_libs_3.0_wt_CeCl3_and_1.0_wt_SrCl2_and_3.0_wt_FeCl2.csv
[Run 1511/508994] ✅ Saved: 20260902_1209_nist_libs_3.0_wt_CeCl3_and_1.0_wt_SrCl2_and_3.5_wt_FeCl2.csv
[Run 1512/508994] ✅ Saved: 20260902_1209_nist_libs_3.0_wt_CeCl3_and_1.0_wt_SrCl2_and_4.0_wt_FeCl2.csv
[Run 1513/508994] ✅ Saved: 20260902_1209_nist_libs_3.0_wt_CeCl3_and_1.0_wt_SrCl2_and_4.5_wt_FeCl2.csv
[Run 1514/508994] ✅ Saved: 20260902_1209_nist_libs_3.0_wt_CeCl3_and_1.0_wt_SrCl2_and_5.0_wt_FeCl2.csv
[Run 1515/508994] ✅ Saved: 20260902_1209_nist_libs_3.0_wt_CeCl3_and_1.5_wt_SrCl2_and_0.5_wt_FeCl2.csv
[Run 1516/508994] ✅ Saved: 20260902_1209_nist_libs_3.0_wt_CeCl3_and_1.5_wt_SrCl2_and_1.0_wt_FeCl2.csv
[Run 1517/508994] ✅ Saved: 20260902_1209_nist_libs_3.0_wt_CeCl3_and_1.5_wt_SrCl2_and_1.5_wt_FeCl2.csv
[Run 1518/508994] ✅ Saved: 20260902_1209_nist_libs_3.0_wt_CeCl3_and_1.5_wt_SrCl2_and_2.0_wt_FeCl2.csv
[Run 1519/508994] ✅ Saved: 20260902_1209_nist_libs_3.0_wt_CeCl3_and_1.5_wt_SrCl2_and_2.5_wt_FeCl2.csv
[Run 1520/508994] ✅ Saved: 20260902_1209_nist_libs_3.0_wt_CeCl3_and_1.5_wt_SrCl2_and_3.0_wt_FeCl2.csv
[Run 1521/508994] ✅ Saved: 20260902_1209_nist_libs_3.0_wt_CeCl3_and_1.5_wt_SrCl2_and_3.5_wt_FeCl2.csv
[Run 1522/508994] ✅ Saved: 20260902_1209_nist_libs_3.0_wt_CeCl3_and_1.5_wt_SrCl2_and_4.0_wt_FeCl2.csv
[Run 1523/508994] ✅ Saved: 20260902_1209_nist_libs_3.0_wt_CeCl3_and_1.5_wt_SrCl2_and_4.5_wt_FeCl2.csv
[Run 1524/508994] ✅ Saved: 20260902_1209_nist_libs_3.0_wt_CeCl3_and_1.5_wt_SrCl2_and_5.0_wt_FeCl2.csv
[Run 1525/508994] ✅ Saved: 20260902_1209_nist_libs_3.0_wt_CeCl3_and_2.0_wt_SrCl2_and_0.5_wt_FeCl2.csv
[Run 1526/508994] ✅ Saved: 20260902_1209_nist_libs_3.0_wt_CeCl3_and_2.0_wt_SrCl2_and_1.0_wt_FeCl2.csv
[Run 1527/508994] ✅ Saved: 20260902_1209_nist_libs_3.0_wt_CeCl3_and_2.0_wt_SrCl2_and_1.5_wt_FeCl2.csv
[Run 1528/508994] ✅ Saved: 20260902_1209_nist_libs_3.0_wt_CeCl3_and_2.0_wt_SrCl2_and_2.0_wt_FeCl2.csv
[Run 1529/508994] ✅ Saved: 20260902_1209_nist_libs_3.0_wt_CeCl3_and_2.0_wt_SrCl2_and_2.5_wt_FeCl2.csv
[Run 1530/508994] ✅ Saved: 20260902_1209_nist_libs_3.0_wt_CeCl3_and_2.0_wt_SrCl2_and_3.0_wt_FeCl2.csv
[Run 1531/508994] ✅ Saved: 20260902_1209_nist_libs_3.0_wt_CeCl3_and_2.0_wt_SrCl2_and_3.5_wt_FeCl2.csv
[Run 1532/508994] ✅ Saved: 20260902_1209_nist_libs_3.0_wt_CeCl3_and_2.0_wt_SrCl2_and_4.0_wt_FeCl2.csv
[Run 1533/508994] ✅ Saved: 20260902_1209_nist_libs_3.0_wt_CeCl3_and_2.0_wt_SrCl2_and_4.5_wt_FeCl2.csv
[Run 1534/508994] ✅ Saved: 20260902_1209_nist_libs_3.0_wt_CeCl3_and_2.0_wt_SrCl2_and_5.0_wt_FeCl2.csv
[Run 1535/508994] ✅ Saved: 20260902_1209_nist_libs_3.0_wt_CeCl3_and_2.5_wt_SrCl2_and_0.5_wt_FeCl2.csv
[Run 1537/508994] ✅ Saved: 20260902_1209_nist_libs_3.0_wt_CeCl3_and_2.5_wt_SrCl2_and_1.5_wt_FeCl2.csv
[Run 1536/508994] ✅ Saved: 20260902_1209_nist_libs_3.0_wt_CeCl3_and_2.5_wt_SrCl2_and_1.0_wt_FeCl2.csv
[Run 1538/508994] ✅ Saved: 20260902_1209_nist_libs_3.0_wt_CeCl3_and_2.5_wt_SrCl2_and_2.0_wt_FeCl2.csv
[Run 1539/508994] ✅ Saved: 20260902_1209_nist_libs_3.0_wt_CeCl3_and_2.5_wt_SrCl2_and_2.5_wt_FeCl2.csv
[Run 1540/508994] ✅ Saved: 20260902_1209_nist_libs_3.0_wt_CeCl3_and_2.5_wt_SrCl2_and_3.0_wt_FeCl2.csv
[Run 1541/508994] ✅ Saved: 20260902_1209_nist_libs_3.0_wt_CeCl3_and_2.5_wt_SrCl2_and_3.5_wt_FeCl2.csv
[Run 1542/508994] ✅ Saved: 20260902_1209_nist_libs_3.0_wt_CeCl3_and_2.5_wt_SrCl2_and_4.0_wt_FeCl2.csv
[Run 1543/508994] ✅ Saved: 20260902_1209_nist_libs_3.0_wt_CeCl3_and_2.5_wt_SrCl2_and_4.5_wt_FeCl2.csv
[Run 1544/508994] ✅ Saved: 20260902_1209_nist_libs_3.0_wt_CeCl3_and_2.5_wt_SrCl2_and_5.0_wt_FeCl2.csv
[Run 1545/508994] ✅ Saved: 20260902_1209_nist_libs_3.0_wt_CeCl3_and_3.0_wt_SrCl2_and_0.5_wt_FeCl2.csv
[Run 1547/508994] ✅ Saved: 20260902_1209_nist_libs_3.0_wt_CeCl3_and_3.0_wt_SrCl2_and_1.5_wt_FeCl2.csv
[Run 1546/508994] ✅ Saved: 20260902_1209_nist_libs_3.0_wt_CeCl3_and_3.0_wt_SrCl2_and_1.0_wt_FeCl2.csv
[Run 1548/508994] ✅ Saved: 20260902_1209_nist_libs_3.0_wt_CeCl3_and_3.0_wt_SrCl2_and_2.0_wt_FeCl2.csv
[Run 1549/508994] ✅ Saved: 20260902_1209_nist_libs_3.0_wt_CeCl3_and_3.0_wt_SrCl2_and_2.5_wt_FeCl2.csv
[Run 1550/508994] ✅ Saved: 20260902_1209_nist_libs_3.0_wt_CeCl3_and_3.0_wt_SrCl2_and_3.0_wt_FeCl2.csv
[Run 1551/508994] ✅ Saved: 20260902_1209_nist_libs_3.0_wt_CeCl3_and_3.0_wt_SrCl2_and_3.5_wt_FeCl2.csv
[Run 1552/508994] ✅ Saved: 20260902_1209_nist_libs_3.0_wt_CeCl3_and_3.0_wt_SrCl2_and_4.0_wt_FeCl2.csv
[Run 1553/508994] ✅ Saved: 20260902_1209_nist_libs_3.0_wt_CeCl3_and_3.0_wt_SrCl2_and_4.5_wt_FeCl2.csv
[Run 1554/508994] ✅ Saved: 20260902_1209_nist_libs_3.0_wt_CeCl3_and_3.0_wt_SrCl2_and_5.0_wt_FeCl2.csv
[Run 1555/508994] ✅ Saved: 20260902_1209_nist_libs_3.0_wt_CeCl3_and_3.5_wt_SrCl2_and_0.5_wt_FeCl2.csv
[Run 1556/508994] ✅ Saved: 20260902_1209_nist_libs_3.0_wt_CeCl3_and_3.5_wt_SrCl2_and_1.0_wt_FeCl2.csv
[Run 1557/508994] ✅ Saved: 20260902_1209_nist_libs_3.0_wt_CeCl3_and_3.5_wt_SrCl2_and_1.5_wt_FeCl2.csv
[Run 1558/508994] ✅ Saved: 20260902_1209_nist_libs_3.0_wt_CeCl3_and_3.5_wt_SrCl2_and_2.0_wt_FeCl2.csv
[Run 1559/508994] ✅ Saved: 20260902_1209_nist_libs_3.0_wt_CeCl3_and_3.5_wt_SrCl2_and_2.5_wt_FeCl2.csv
[Run 1560/508994] ✅ Saved: 20260902_1209_nist_libs_3.0_wt_CeCl3_and_3.5_wt_SrCl2_and_3.0_wt_FeCl2.csv
[Run 1561/508994] ✅ Saved: 20260902_1209_nist_libs_3.0_wt_CeCl3_and_3.5_wt_SrCl2_and_3.5_wt_FeCl2.csv
[Run 1562/508994] ✅ Saved: 20260902_1209_nist_libs_3.0_wt_CeCl3_and_3.5_wt_SrCl2_and_4.0_wt_FeCl2.csv
[Run 1563/508994] ✅ Saved: 20260902_1209_nist_libs_3.0_wt_CeCl3_and_3.5_wt_SrCl2_and_4.5_wt_FeCl2.csv
[Run 1564/508994] ✅ Saved: 20260902_1209_nist_libs_3.0_wt_CeCl3_and_3.5_wt_SrCl2_and_5.0_wt_FeCl2.csv
[Run 1565/508994] ✅ Saved: 20260902_1209_nist_libs_3.0_wt_CeCl3_and_4.0_wt_SrCl2_and_0.5_wt_FeCl2.csv
[Run 1566/508994] ✅ Saved: 20260902_1209_nist_libs_3.0_wt_CeCl3_and_4.0_wt_SrCl2_and_1.0_wt_FeCl2.csv
[Run 1567/508994] ✅ Saved: 20260902_1209_nist_libs_3.0_wt_CeCl3_and_4.0_wt_SrCl2_and_1.5_wt_FeCl2.csv
[Run 1568/508994] ✅ Saved: 20260902_1209_nist_libs_3.0_wt_CeCl3_and_4.0_wt_SrCl2_and_2.0_wt_FeCl2.csv
[Run 1569/508994] ✅ Saved: 20260902_1209_nist_libs_3.0_wt_CeCl3_and_4.0_wt_SrCl2_and_2.5_wt_FeCl2.csv
[Run 1570/508994] ✅ Saved: 20260902_1209_nist_libs_3.0_wt_CeCl3_and_4.0_wt_SrCl2_and_3.0_wt_FeCl2.csv
[Run 1571/508994] ✅ Saved: 20260902_1209_nist_libs_3.0_wt_CeCl3_and_4.0_wt_SrCl2_and_3.5_wt_FeCl2.csv
[Run 1573/508994] ✅ Saved: 20260902_1209_nist_libs_3.0_wt_CeCl3_and_4.0_wt_SrCl2_and_4.5_wt_FeCl2.csv
[Run 1572/508994] ✅ Saved: 20260902_1209_nist_libs_3.0_wt_CeCl3_and_4.0_wt_SrCl2_and_4.0_wt_FeCl2.csv
[Run 1574/508994] ✅ Saved: 20260902_1209_nist_libs_3.0_wt_CeCl3_and_4.0_wt_SrCl2_and_5.0_wt_FeCl2.csv
[Run 1575/508994] ✅ Saved: 20260902_1209_nist_libs_3.0_wt_CeCl3_and_4.5_wt_SrCl2_and_0.5_wt_FeCl2.csv
[Run 1576/508994] ✅ Saved: 20260902_1209_nist_libs_3.0_wt_CeCl3_and_4.5_wt_SrCl2_and_1.0_wt_FeCl2.csv
[Run 1577/508994] ✅ Saved: 20260902_1209_nist_libs_3.0_wt_CeCl3_and_4.5_wt_SrCl2_and_1.5_wt_FeCl2.csv
[Run 1578/508994] ✅ Saved: 20260902_1209_nist_libs_3.0_wt_CeCl3_and_4.5_wt_SrCl2_and_2.0_wt_FeCl2.csv
[Run 1579/508994] ✅ Saved: 20260902_1209_nist_libs_3.0_wt_CeCl3_and_4.5_wt_SrCl2_and_2.5_wt_FeCl2.csv
[Run 1581/508994] ✅ Saved: 20260902_1209_nist_libs_3.0_wt_CeCl3_and_4.5_wt_SrCl2_and_3.5_wt_FeCl2.csv
[Run 1580/508994] ✅ Saved: 20260902_1209_nist_libs_3.0_wt_CeCl3_and_4.5_wt_SrCl2_and_3.0_wt_FeCl2.csv
[Run 1582/508994] ✅ Saved: 20260902_1209_nist_libs_3.0_wt_CeCl3_and_4.5_wt_SrCl2_and_4.0_wt_FeCl2.csv
[Run 1583/508994] ✅ Saved: 20260902_1209_nist_libs_3.0_wt_CeCl3_and_4.5_wt_SrCl2_and_4.5_wt_FeCl2.csv
[Run 1584/508994] ✅ Saved: 20260902_1209_nist_libs_3.0_wt_CeCl3_and_4.5_wt_SrCl2_and_5.0_wt_FeCl2.csv
[Run 1585/508994] ✅ Saved: 20260902_1209_nist_libs_3.0_wt_CeCl3_and_5.0_wt_SrCl2_and_0.5_wt_FeCl2.csv
[Run 1586/508994] ✅ Saved: 20260902_1209_nist_libs_3.0_wt_CeCl3_and_5.0_wt_SrCl2_and_1.0_wt_FeCl2.csv
[Run 1587/508994] ✅ Saved: 20260902_1209_nist_libs_3.0_wt_CeCl3_and_5.0_wt_SrCl2_and_1.5_wt_FeCl2.csv
[Run 1588/508994] ✅ Saved: 20260902_1209_nist_libs_3.0_wt_CeCl3_and_5.0_wt_SrCl2_and_2.0_wt_FeCl2.csv
[Run 1589/508994] ✅ Saved: 20260902_1209_nist_libs_3.0_wt_CeCl3_and_5.0_wt_SrCl2_and_2.5_wt_FeCl2.csv
[Run 1590/508994] ✅ Saved: 20260902_1209_nist_libs_3.0_wt_CeCl3_and_5.0_wt_SrCl2_and_3.0_wt_FeCl2.csv
[Run 1591/508994] ✅ Saved: 20260902_1209_nist_libs_3.0_wt_CeCl3_and_5.0_wt_SrCl2_and_3.5_wt_FeCl2.csv
[Run 1592/508994] ✅ Saved: 20260902_1209_nist_libs_3.0_wt_CeCl3_and_5.0_wt_SrCl2_and_4.0_wt_FeCl2.csv
[Run 1593/508994] ✅ Saved: 20260902_1209_nist_libs_3.0_wt_CeCl3_and_5.0_wt_SrCl2_and_4.5_wt_FeCl2.csv
[Run 1594/508994] ✅ Saved: 20260902_1209_nist_libs_3.0_wt_CeCl3_and_5.0_wt_SrCl2_and_5.0_wt_FeCl2.csv
[Run 1595/508994] ✅ Saved: 20260902_1209_nist_libs_3.5_wt_CeCl3_and_0.5_wt_SrCl2_and_0.5_wt_FeCl2.csv
[Run 1596/508994] ✅ Saved: 20260902_1209_nist_libs_3.5_wt_CeCl3_and_0.5_wt_SrCl2_and_1.0_wt_FeCl2.csv
[Run 1597/508994] ✅ Saved: 20260902_1209_nist_libs_3.5_wt_CeCl3_and_0.5_wt_SrCl2_and_1.5_wt_FeCl2.csv
[Run 1598/508994] ✅ Saved: 20260902_1209_nist_libs_3.5_wt_CeCl3_and_0.5_wt_SrCl2_and_2.0_wt_FeCl2.csv
[Run 1599/508994] ✅ Saved: 20260902_1209_nist_libs_3.5_wt_CeCl3_and_0.5_wt_SrCl2_and_2.5_wt_FeCl2.csv
[Run 1600/508994] ✅ Saved: 20260902_1209_nist_libs_3.5_wt_CeCl3_and_0.5_wt_SrCl2_and_3.0_wt_FeCl2.csv
[Run 1601/508994] ✅ Saved: 20260902_1209_nist_libs_3.5_wt_CeCl3_and_0.5_wt_SrCl2_and_3.5_wt_FeCl2.csv
[Run 1602/508994] ✅ Saved: 20260902_1209_nist_libs_3.5_wt_CeCl3_and_0.5_wt_SrCl2_and_4.0_wt_FeCl2.csv
[Run 1603/508994] ✅ Saved: 20260902_1209_nist_libs_3.5_wt_CeCl3_and_0.5_wt_SrCl2_and_4.5_wt_FeCl2.csv
[Run 1604/508994] ✅ Saved: 20260902_1209_nist_libs_3.5_wt_CeCl3_and_0.5_wt_SrCl2_and_5.0_wt_FeCl2.csv
[Run 1605/508994] ✅ Saved: 20260902_1209_nist_libs_3.5_wt_CeCl3_and_1.0_wt_SrCl2_and_0.5_wt_FeCl2.csv
[Run 1606/508994] ✅ Saved: 20260902_1209_nist_libs_3.5_wt_CeCl3_and_1.0_wt_SrCl2_and_1.0_wt_FeCl2.csv
[Run 1607/508994] ✅ Saved: 20260902_1209_nist_libs_3.5_wt_CeCl3_and_1.0_wt_SrCl2_and_1.5_wt_FeCl2.csv
[Run 1608/508994] ✅ Saved: 20260902_1209_nist_libs_3.5_wt_CeCl3_and_1.0_wt_SrCl2_and_2.0_wt_FeCl2.csv
[Run 1609/508994] ✅ Saved: 20260902_1209_nist_libs_3.5_wt_CeCl3_and_1.0_wt_SrCl2_and_2.5_wt_FeCl2.csv
[Run 1611/508994] ✅ Saved: 20260902_1209_nist_libs_3.5_wt_CeCl3_and_1.0_wt_SrCl2_and_3.5_wt_FeCl2.csv
[Run 1610/508994] ✅ Saved: 20260902_1209_nist_libs_3.5_wt_CeCl3_and_1.0_wt_SrCl2_and_3.0_wt_FeCl2.csv
[Run 1612/508994] ✅ Saved: 20260902_1209_nist_libs_3.5_wt_CeCl3_and_1.0_wt_SrCl2_and_4.0_wt_FeCl2.csv
[Run 1613/508994] ✅ Saved: 20260902_1209_nist_libs_3.5_wt_CeCl3_and_1.0_wt_SrCl2_and_4.5_wt_FeCl2.csv
[Run 1614/508994] ✅ Saved: 20260902_1209_nist_libs_3.5_wt_CeCl3_and_1.0_wt_SrCl2_and_5.0_wt_FeCl2.csv
[Run 1615/508994] ✅ Saved: 20260902_1209_nist_libs_3.5_wt_CeCl3_and_1.5_wt_SrCl2_and_0.5_wt_FeCl2.csv
[Run 1616/508994] ✅ Saved: 20260902_1209_nist_libs_3.5_wt_CeCl3_and_1.5_wt_SrCl2_and_1.0_wt_FeCl2.csv
[Run 1617/508994] ✅ Saved: 20260902_1209_nist_libs_3.5_wt_CeCl3_and_1.5_wt_SrCl2_and_1.5_wt_FeCl2.csv
[Run 1618/508994] ✅ Saved: 20260902_1209_nist_libs_3.5_wt_CeCl3_and_1.5_wt_SrCl2_and_2.0_wt_FeCl2.csv
[Run 1619/508994] ✅ Saved: 20260902_1209_nist_libs_3.5_wt_CeCl3_and_1.5_wt_SrCl2_and_2.5_wt_FeCl2.csv
[Run 1620/508994] ✅ Saved: 20260902_1209_nist_libs_3.5_wt_CeCl3_and_1.5_wt_SrCl2_and_3.0_wt_FeCl2.csv
[Run 1621/508994] ✅ Saved: 20260902_1209_nist_libs_3.5_wt_CeCl3_and_1.5_wt_SrCl2_and_3.5_wt_FeCl2.csv
[Run 1622/508994] ✅ Saved: 20260902_1209_nist_libs_3.5_wt_CeCl3_and_1.5_wt_SrCl2_and_4.0_wt_FeCl2.csv
[Run 1623/508994] ✅ Saved: 20260902_1209_nist_libs_3.5_wt_CeCl3_and_1.5_wt_SrCl2_and_4.5_wt_FeCl2.csv
[Run 1624/508994] ✅ Saved: 20260902_1209_nist_libs_3.5_wt_CeCl3_and_1.5_wt_SrCl2_and_5.0_wt_FeCl2.csv
[Run 1625/508994] ✅ Saved: 20260902_1209_nist_libs_3.5_wt_CeCl3_and_2.0_wt_SrCl2_and_0.5_wt_FeCl2.csv
[Run 1626/508994] ✅ Saved: 20260902_1209_nist_libs_3.5_wt_CeCl3_and_2.0_wt_SrCl2_and_1.0_wt_FeCl2.csv
[Run 1627/508994] ✅ Saved: 20260902_1209_nist_libs_3.5_wt_CeCl3_and_2.0_wt_SrCl2_and_1.5_wt_FeCl2.csv
[Run 1628/508994] ✅ Saved: 20260902_1209_nist_libs_3.5_wt_CeCl3_and_2.0_wt_SrCl2_and_2.0_wt_FeCl2.csv
[Run 1629/508994] ✅ Saved: 20260902_1209_nist_libs_3.5_wt_CeCl3_and_2.0_wt_SrCl2_and_2.5_wt_FeCl2.csv
[Run 1630/508994] ✅ Saved: 20260902_1209_nist_libs_3.5_wt_CeCl3_and_2.0_wt_SrCl2_and_3.0_wt_FeCl2.csv
[Run 1631/508994] ✅ Saved: 20260902_1209_nist_libs_3.5_wt_CeCl3_and_2.0_wt_SrCl2_and_3.5_wt_FeCl2.csv
[Run 1632/508994] ✅ Saved: 20260902_1209_nist_libs_3.5_wt_CeCl3_and_2.0_wt_SrCl2_and_4.0_wt_FeCl2.csv
[Run 1633/508994] ✅ Saved: 20260902_1209_nist_libs_3.5_wt_CeCl3_and_2.0_wt_SrCl2_and_4.5_wt_FeCl2.csv
[Run 1634/508994] ✅ Saved: 20260902_1209_nist_libs_3.5_wt_CeCl3_and_2.0_wt_SrCl2_and_5.0_wt_FeCl2.csv
[Run 1635/508994] ✅ Saved: 20260902_1209_nist_libs_3.5_wt_CeCl3_and_2.5_wt_SrCl2_and_0.5_wt_FeCl2.csv
[Run 1636/508994] ✅ Saved: 20260902_1209_nist_libs_3.5_wt_CeCl3_and_2.5_wt_SrCl2_and_1.0_wt_FeCl2.csv
[Run 1637/508994] ✅ Saved: 20260902_1209_nist_libs_3.5_wt_CeCl3_and_2.5_wt_SrCl2_and_1.5_wt_FeCl2.csv
[Run 1638/508994] ✅ Saved: 20260902_1209_nist_libs_3.5_wt_CeCl3_and_2.5_wt_SrCl2_and_2.0_wt_FeCl2.csv
[Run 1639/508994] ✅ Saved: 20260902_1209_nist_libs_3.5_wt_CeCl3_and_2.5_wt_SrCl2_and_2.5_wt_FeCl2.csv
[Run 1640/508994] ✅ Saved: 20260902_1209_nist_libs_3.5_wt_CeCl3_and_2.5_wt_SrCl2_and_3.0_wt_FeCl2.csv
[Run 1641/508994] ✅ Saved: 20260902_1209_nist_libs_3.5_wt_CeCl3_and_2.5_wt_SrCl2_and_3.5_wt_FeCl2.csv
[Run 1642/508994] ✅ Saved: 20260902_1209_nist_libs_3.5_wt_CeCl3_and_2.5_wt_SrCl2_and_4.0_wt_FeCl2.csv
[Run 1643/508994] ✅ Saved: 20260902_1209_nist_libs_3.5_wt_CeCl3_and_2.5_wt_SrCl2_and_4.5_wt_FeCl2.csv
[Run 1644/508994] ✅ Saved: 20260902_1209_nist_libs_3.5_wt_CeCl3_and_2.5_wt_SrCl2_and_5.0_wt_FeCl2.csv
[Run 1645/508994] ✅ Saved: 20260902_1209_nist_libs_3.5_wt_CeCl3_and_3.0_wt_SrCl2_and_0.5_wt_FeCl2.csv
[Run 1646/508994] ✅ Saved: 20260902_1209_nist_libs_3.5_wt_CeCl3_and_3.0_wt_SrCl2_and_1.0_wt_FeCl2.csv
[Run 1647/508994] ✅ Saved: 20260902_1209_nist_libs_3.5_wt_CeCl3_and_3.0_wt_SrCl2_and_1.5_wt_FeCl2.csv
[Run 1649/508994] ✅ Saved: 20260902_1209_nist_libs_3.5_wt_CeCl3_and_3.0_wt_SrCl2_and_2.5_wt_FeCl2.csv
[Run 1648/508994] ✅ Saved: 20260902_1209_nist_libs_3.5_wt_CeCl3_and_3.0_wt_SrCl2_and_2.0_wt_FeCl2.csv
[Run 1651/508994] ✅ Saved: 20260902_1209_nist_libs_3.5_wt_CeCl3_and_3.0_wt_SrCl2_and_3.5_wt_FeCl2.csv
[Run 1650/508994] ✅ Saved: 20260902_1209_nist_libs_3.5_wt_CeCl3_and_3.0_wt_SrCl2_and_3.0_wt_FeCl2.csv
[Run 1653/508994] ✅ Saved: 20260902_1209_nist_libs_3.5_wt_CeCl3_and_3.0_wt_SrCl2_and_4.5_wt_FeCl2.csv
[Run 1652/508994] ✅ Saved: 20260902_1209_nist_libs_3.5_wt_CeCl3_and_3.0_wt_SrCl2_and_4.0_wt_FeCl2.csv
[Run 1654/508994] ✅ Saved: 20260902_1209_nist_libs_3.5_wt_CeCl3_and_3.0_wt_SrCl2_and_5.0_wt_FeCl2.csv
[Run 1655/508994] ✅ Saved: 20260902_1209_nist_libs_3.5_wt_CeCl3_and_3.5_wt_SrCl2_and_0.5_wt_FeCl2.csv
[Run 1656/508994] ✅ Saved: 20260902_1209_nist_libs_3.5_wt_CeCl3_and_3.5_wt_SrCl2_and_1.0_wt_FeCl2.csv
[Run 1657/508994] ✅ Saved: 20260902_1209_nist_libs_3.5_wt_CeCl3_and_3.5_wt_SrCl2_and_1.5_wt_FeCl2.csv
[Run 1658/508994] ✅ Saved: 20260902_1209_nist_libs_3.5_wt_CeCl3_and_3.5_wt_SrCl2_and_2.0_wt_FeCl2.csv
[Run 1659/508994] ✅ Saved: 20260902_1209_nist_libs_3.5_wt_CeCl3_and_3.5_wt_SrCl2_and_2.5_wt_FeCl2.csv
[Run 1660/508994] ✅ Saved: 20260902_1209_nist_libs_3.5_wt_CeCl3_and_3.5_wt_SrCl2_and_3.0_wt_FeCl2.csv
[Run 1661/508994] ✅ Saved: 20260902_1209_nist_libs_3.5_wt_CeCl3_and_3.5_wt_SrCl2_and_3.5_wt_FeCl2.csv
[Run 1662/508994] ✅ Saved: 20260902_1209_nist_libs_3.5_wt_CeCl3_and_3.5_wt_SrCl2_and_4.0_wt_FeCl2.csv
[Run 1663/508994] ✅ Saved: 20260902_1209_nist_libs_3.5_wt_CeCl3_and_3.5_wt_SrCl2_and_4.5_wt_FeCl2.csv
[Run 1664/508994] ✅ Saved: 20260902_1209_nist_libs_3.5_wt_CeCl3_and_3.5_wt_SrCl2_and_5.0_wt_FeCl2.csv
[Run 1665/508994] ✅ Saved: 20260902_1209_nist_libs_3.5_wt_CeCl3_and_4.0_wt_SrCl2_and_0.5_wt_FeCl2.csv
[Run 1666/508994] ✅ Saved: 20260902_1209_nist_libs_3.5_wt_CeCl3_and_4.0_wt_SrCl2_and_1.0_wt_FeCl2.csv
[Run 1667/508994] ✅ Saved: 20260902_1209_nist_libs_3.5_wt_CeCl3_and_4.0_wt_SrCl2_and_1.5_wt_FeCl2.csv
[Run 1668/508994] ✅ Saved: 20260902_1209_nist_libs_3.5_wt_CeCl3_and_4.0_wt_SrCl2_and_2.0_wt_FeCl2.csv
[Run 1669/508994] ✅ Saved: 20260902_1209_nist_libs_3.5_wt_CeCl3_and_4.0_wt_SrCl2_and_2.5_wt_FeCl2.csv
[Run 1670/508994] ✅ Saved: 20260902_1209_nist_libs_3.5_wt_CeCl3_and_4.0_wt_SrCl2_and_3.0_wt_FeCl2.csv
[Run 1671/508994] ✅ Saved: 20260902_1209_nist_libs_3.5_wt_CeCl3_and_4.0_wt_SrCl2_and_3.5_wt_FeCl2.csv
[Run 1672/508994] ✅ Saved: 20260902_1209_nist_libs_3.5_wt_CeCl3_and_4.0_wt_SrCl2_and_4.0_wt_FeCl2.csv
[Run 1673/508994] ✅ Saved: 20260902_1209_nist_libs_3.5_wt_CeCl3_and_4.0_wt_SrCl2_and_4.5_wt_FeCl2.csv
[Run 1675/508994] ✅ Saved: 20260902_1209_nist_libs_3.5_wt_CeCl3_and_4.5_wt_SrCl2_and_0.5_wt_FeCl2.csv
[Run 1674/508994] ✅ Saved: 20260902_1209_nist_libs_3.5_wt_CeCl3_and_4.0_wt_SrCl2_and_5.0_wt_FeCl2.csv
[Run 1676/508994] ✅ Saved: 20260902_1209_nist_libs_3.5_wt_CeCl3_and_4.5_wt_SrCl2_and_1.0_wt_FeCl2.csv
[Run 1677/508994] ✅ Saved: 20260902_1209_nist_libs_3.5_wt_CeCl3_and_4.5_wt_SrCl2_and_1.5_wt_FeCl2.csv
[Run 1678/508994] ✅ Saved: 20260902_1209_nist_libs_3.5_wt_CeCl3_and_4.5_wt_SrCl2_and_2.0_wt_FeCl2.csv
[Run 1679/508994] ✅ Saved: 20260902_1209_nist_libs_3.5_wt_CeCl3_and_4.5_wt_SrCl2_and_2.5_wt_FeCl2.csv
[Run 1681/508994] ✅ Saved: 20260902_1209_nist_libs_3.5_wt_CeCl3_and_4.5_wt_SrCl2_and_3.5_wt_FeCl2.csv
[Run 1680/508994] ✅ Saved: 20260902_1209_nist_libs_3.5_wt_CeCl3_and_4.5_wt_SrCl2_and_3.0_wt_FeCl2.csv
[Run 1682/508994] ✅ Saved: 20260902_1209_nist_libs_3.5_wt_CeCl3_and_4.5_wt_SrCl2_and_4.0_wt_FeCl2.csv
[Run 1683/508994] ✅ Saved: 20260902_1209_nist_libs_3.5_wt_CeCl3_and_4.5_wt_SrCl2_and_4.5_wt_FeCl2.csv
[Run 1685/508994] ✅ Saved: 20260902_1209_nist_libs_3.5_wt_CeCl3_and_5.0_wt_SrCl2_and_0.5_wt_FeCl2.csv
[Run 1684/508994] ✅ Saved: 20260902_1209_nist_libs_3.5_wt_CeCl3_and_4.5_wt_SrCl2_and_5.0_wt_FeCl2.csv
[Run 1686/508994] ✅ Saved: 20260902_1209_nist_libs_3.5_wt_CeCl3_and_5.0_wt_SrCl2_and_1.0_wt_FeCl2.csv
[Run 1687/508994] ✅ Saved: 20260902_1209_nist_libs_3.5_wt_CeCl3_and_5.0_wt_SrCl2_and_1.5_wt_FeCl2.csv
[Run 1688/508994] ✅ Saved: 20260902_1209_nist_libs_3.5_wt_CeCl3_and_5.0_wt_SrCl2_and_2.0_wt_FeCl2.csv
[Run 1689/508994] ✅ Saved: 20260902_1209_nist_libs_3.5_wt_CeCl3_and_5.0_wt_SrCl2_and_2.5_wt_FeCl2.csv
[Run 1690/508994] ✅ Saved: 20260902_1209_nist_libs_3.5_wt_CeCl3_and_5.0_wt_SrCl2_and_3.0_wt_FeCl2.csv
[Run 1691/508994] ✅ Saved: 20260902_1209_nist_libs_3.5_wt_CeCl3_and_5.0_wt_SrCl2_and_3.5_wt_FeCl2.csv
[Run 1692/508994] ✅ Saved: 20260902_1209_nist_libs_3.5_wt_CeCl3_and_5.0_wt_SrCl2_and_4.0_wt_FeCl2.csv
[Run 1693/508994] ✅ Saved: 20260902_1209_nist_libs_3.5_wt_CeCl3_and_5.0_wt_SrCl2_and_4.5_wt_FeCl2.csv
[Run 1694/508994] ✅ Saved: 20260902_1209_nist_libs_3.5_wt_CeCl3_and_5.0_wt_SrCl2_and_5.0_wt_FeCl2.csv
[Run 1695/508994] ✅ Saved: 20260902_1209_nist_libs_4.0_wt_CeCl3_and_0.5_wt_SrCl2_and_0.5_wt_FeCl2.csv
[Run 1696/508994] ✅ Saved: 20260902_1209_nist_libs_4.0_wt_CeCl3_and_0.5_wt_SrCl2_and_1.0_wt_FeCl2.csv
[Run 1697/508994] ✅ Saved: 20260902_1209_nist_libs_4.0_wt_CeCl3_and_0.5_wt_SrCl2_and_1.5_wt_FeCl2.csv
[Run 1698/508994] ✅ Saved: 20260902_1209_nist_libs_4.0_wt_CeCl3_and_0.5_wt_SrCl2_and_2.0_wt_FeCl2.csv
[Run 1699/508994] ✅ Saved: 20260902_1209_nist_libs_4.0_wt_CeCl3_and_0.5_wt_SrCl2_and_2.5_wt_FeCl2.csv
[Run 1700/508994] ✅ Saved: 20260902_1209_nist_libs_4.0_wt_CeCl3_and_0.5_wt_SrCl2_and_3.0_wt_FeCl2.csv
[Run 1701/508994] ✅ Saved: 20260902_1209_nist_libs_4.0_wt_CeCl3_and_0.5_wt_SrCl2_and_3.5_wt_FeCl2.csv
[Run 1702/508994] ✅ Saved: 20260902_1209_nist_libs_4.0_wt_CeCl3_and_0.5_wt_SrCl2_and_4.0_wt_FeCl2.csv
[Run 1703/508994] ✅ Saved: 20260902_1209_nist_libs_4.0_wt_CeCl3_and_0.5_wt_SrCl2_and_4.5_wt_FeCl2.csv
[Run 1704/508994] ✅ Saved: 20260902_1209_nist_libs_4.0_wt_CeCl3_and_0.5_wt_SrCl2_and_5.0_wt_FeCl2.csv
[Run 1705/508994] ✅ Saved: 20260902_1209_nist_libs_4.0_wt_CeCl3_and_1.0_wt_SrCl2_and_0.5_wt_FeCl2.csv
[Run 1706/508994] ✅ Saved: 20260902_1209_nist_libs_4.0_wt_CeCl3_and_1.0_wt_SrCl2_and_1.0_wt_FeCl2.csv
[Run 1707/508994] ✅ Saved: 20260902_1209_nist_libs_4.0_wt_CeCl3_and_1.0_wt_SrCl2_and_1.5_wt_FeCl2.csv
[Run 1708/508994] ✅ Saved: 20260902_1209_nist_libs_4.0_wt_CeCl3_and_1.0_wt_SrCl2_and_2.0_wt_FeCl2.csv
[Run 1709/508994] ✅ Saved: 20260902_1209_nist_libs_4.0_wt_CeCl3_and_1.0_wt_SrCl2_and_2.5_wt_FeCl2.csv
[Run 1710/508994] ✅ Saved: 20260902_1209_nist_libs_4.0_wt_CeCl3_and_1.0_wt_SrCl2_and_3.0_wt_FeCl2.csv
[Run 1711/508994] ✅ Saved: 20260902_1209_nist_libs_4.0_wt_CeCl3_and_1.0_wt_SrCl2_and_3.5_wt_FeCl2.csv
[Run 1712/508994] ✅ Saved: 20260902_1209_nist_libs_4.0_wt_CeCl3_and_1.0_wt_SrCl2_and_4.0_wt_FeCl2.csv
[Run 1713/508994] ✅ Saved: 20260902_1209_nist_libs_4.0_wt_CeCl3_and_1.0_wt_SrCl2_and_4.5_wt_FeCl2.csv
[Run 1714/508994] ✅ Saved: 20260902_1209_nist_libs_4.0_wt_CeCl3_and_1.0_wt_SrCl2_and_5.0_wt_FeCl2.csv
[Run 1715/508994] ✅ Saved: 20260902_1209_nist_libs_4.0_wt_CeCl3_and_1.5_wt_SrCl2_and_0.5_wt_FeCl2.csv
[Run 1716/508994] ✅ Saved: 20260902_1209_nist_libs_4.0_wt_CeCl3_and_1.5_wt_SrCl2_and_1.0_wt_FeCl2.csv
[Run 1717/508994] ✅ Saved: 20260902_1209_nist_libs_4.0_wt_CeCl3_and_1.5_wt_SrCl2_and_1.5_wt_FeCl2.csv
[Run 1718/508994] ✅ Saved: 20260902_1209_nist_libs_4.0_wt_CeCl3_and_1.5_wt_SrCl2_and_2.0_wt_FeCl2.csv
[Run 1719/508994] ✅ Saved: 20260902_1209_nist_libs_4.0_wt_CeCl3_and_1.5_wt_SrCl2_and_2.5_wt_FeCl2.csv
[Run 1720/508994] ✅ Saved: 20260902_1209_nist_libs_4.0_wt_CeCl3_and_1.5_wt_SrCl2_and_3.0_wt_FeCl2.csv
[Run 1721/508994] ✅ Saved: 20260902_1209_nist_libs_4.0_wt_CeCl3_and_1.5_wt_SrCl2_and_3.5_wt_FeCl2.csv
[Run 1723/508994] ✅ Saved: 20260902_1209_nist_libs_4.0_wt_CeCl3_and_1.5_wt_SrCl2_and_4.5_wt_FeCl2.csv
[Run 1722/508994] ✅ Saved: 20260902_1209_nist_libs_4.0_wt_CeCl3_and_1.5_wt_SrCl2_and_4.0_wt_FeCl2.csv
[Run 1724/508994] ✅ Saved: 20260902_1209_nist_libs_4.0_wt_CeCl3_and_1.5_wt_SrCl2_and_5.0_wt_FeCl2.csv
[Run 1725/508994] ✅ Saved: 20260902_1209_nist_libs_4.0_wt_CeCl3_and_2.0_wt_SrCl2_and_0.5_wt_FeCl2.csv
[Run 1726/508994] ✅ Saved: 20260902_1209_nist_libs_4.0_wt_CeCl3_and_2.0_wt_SrCl2_and_1.0_wt_FeCl2.csv
[Run 1727/508994] ✅ Saved: 20260902_1209_nist_libs_4.0_wt_CeCl3_and_2.0_wt_SrCl2_and_1.5_wt_FeCl2.csv
[Run 1728/508994] ✅ Saved: 20260902_1209_nist_libs_4.0_wt_CeCl3_and_2.0_wt_SrCl2_and_2.0_wt_FeCl2.csv
[Run 1729/508994] ✅ Saved: 20260902_1209_nist_libs_4.0_wt_CeCl3_and_2.0_wt_SrCl2_and_2.5_wt_FeCl2.csv
[Run 1730/508994] ✅ Saved: 20260902_1209_nist_libs_4.0_wt_CeCl3_and_2.0_wt_SrCl2_and_3.0_wt_FeCl2.csv
[Run 1731/508994] ✅ Saved: 20260902_1209_nist_libs_4.0_wt_CeCl3_and_2.0_wt_SrCl2_and_3.5_wt_FeCl2.csv
[Run 1732/508994] ✅ Saved: 20260902_1209_nist_libs_4.0_wt_CeCl3_and_2.0_wt_SrCl2_and_4.0_wt_FeCl2.csv
[Run 1733/508994] ✅ Saved: 20260902_1209_nist_libs_4.0_wt_CeCl3_and_2.0_wt_SrCl2_and_4.5_wt_FeCl2.csv
[Run 1735/508994] ✅ Saved: 20260902_1209_nist_libs_4.0_wt_CeCl3_and_2.5_wt_SrCl2_and_0.5_wt_FeCl2.csv
[Run 1734/508994] ✅ Saved: 20260902_1209_nist_libs_4.0_wt_CeCl3_and_2.0_wt_SrCl2_and_5.0_wt_FeCl2.csv
[Run 1736/508994] ✅ Saved: 20260902_1209_nist_libs_4.0_wt_CeCl3_and_2.5_wt_SrCl2_and_1.0_wt_FeCl2.csv
[Run 1737/508994] ✅ Saved: 20260902_1209_nist_libs_4.0_wt_CeCl3_and_2.5_wt_SrCl2_and_1.5_wt_FeCl2.csv
[Run 1738/508994] ✅ Saved: 20260902_1209_nist_libs_4.0_wt_CeCl3_and_2.5_wt_SrCl2_and_2.0_wt_FeCl2.csv
[Run 1739/508994] ✅ Saved: 20260902_1209_nist_libs_4.0_wt_CeCl3_and_2.5_wt_SrCl2_and_2.5_wt_FeCl2.csv
[Run 1740/508994] ✅ Saved: 20260902_1209_nist_libs_4.0_wt_CeCl3_and_2.5_wt_SrCl2_and_3.0_wt_FeCl2.csv
[Run 1741/508994] ✅ Saved: 20260902_1209_nist_libs_4.0_wt_CeCl3_and_2.5_wt_SrCl2_and_3.5_wt_FeCl2.csv
[Run 1742/508994] ✅ Saved: 20260902_1209_nist_libs_4.0_wt_CeCl3_and_2.5_wt_SrCl2_and_4.0_wt_FeCl2.csv
[Run 1743/508994] ✅ Saved: 20260902_1209_nist_libs_4.0_wt_CeCl3_and_2.5_wt_SrCl2_and_4.5_wt_FeCl2.csv
[Run 1744/508994] ✅ Saved: 20260902_1209_nist_libs_4.0_wt_CeCl3_and_2.5_wt_SrCl2_and_5.0_wt_FeCl2.csv
[Run 1745/508994] ✅ Saved: 20260902_1209_nist_libs_4.0_wt_CeCl3_and_3.0_wt_SrCl2_and_0.5_wt_FeCl2.csv
[Run 1746/508994] ✅ Saved: 20260902_1209_nist_libs_4.0_wt_CeCl3_and_3.0_wt_SrCl2_and_1.0_wt_FeCl2.csv
[Run 1748/508994] ✅ Saved: 20260902_1209_nist_libs_4.0_wt_CeCl3_and_3.0_wt_SrCl2_and_2.0_wt_FeCl2.csv
[Run 1747/508994] ✅ Saved: 20260902_1209_nist_libs_4.0_wt_CeCl3_and_3.0_wt_SrCl2_and_1.5_wt_FeCl2.csv
[Run 1749/508994] ✅ Saved: 20260902_1209_nist_libs_4.0_wt_CeCl3_and_3.0_wt_SrCl2_and_2.5_wt_FeCl2.csv
[Run 1750/508994] ✅ Saved: 20260902_1209_nist_libs_4.0_wt_CeCl3_and_3.0_wt_SrCl2_and_3.0_wt_FeCl2.csv
[Run 1752/508994] ✅ Saved: 20260902_1209_nist_libs_4.0_wt_CeCl3_and_3.0_wt_SrCl2_and_4.0_wt_FeCl2.csv
[Run 1751/508994] ✅ Saved: 20260902_1209_nist_libs_4.0_wt_CeCl3_and_3.0_wt_SrCl2_and_3.5_wt_FeCl2.csv
[Run 1753/508994] ✅ Saved: 20260902_1209_nist_libs_4.0_wt_CeCl3_and_3.0_wt_SrCl2_and_4.5_wt_FeCl2.csv
[Run 1754/508994] ✅ Saved: 20260902_1209_nist_libs_4.0_wt_CeCl3_and_3.0_wt_SrCl2_and_5.0_wt_FeCl2.csv
[Run 1755/508994] ✅ Saved: 20260902_1209_nist_libs_4.0_wt_CeCl3_and_3.5_wt_SrCl2_and_0.5_wt_FeCl2.csv
[Run 1756/508994] ✅ Saved: 20260902_1209_nist_libs_4.0_wt_CeCl3_and_3.5_wt_SrCl2_and_1.0_wt_FeCl2.csv
[Run 1757/508994] ✅ Saved: 20260902_1209_nist_libs_4.0_wt_CeCl3_and_3.5_wt_SrCl2_and_1.5_wt_FeCl2.csv
[Run 1758/508994] ✅ Saved: 20260902_1209_nist_libs_4.0_wt_CeCl3_and_3.5_wt_SrCl2_and_2.0_wt_FeCl2.csv
[Run 1759/508994] ✅ Saved: 20260902_1209_nist_libs_4.0_wt_CeCl3_and_3.5_wt_SrCl2_and_2.5_wt_FeCl2.csv
[Run 1760/508994] ✅ Saved: 20260902_1209_nist_libs_4.0_wt_CeCl3_and_3.5_wt_SrCl2_and_3.0_wt_FeCl2.csv
[Run 1761/508994] ✅ Saved: 20260902_1209_nist_libs_4.0_wt_CeCl3_and_3.5_wt_SrCl2_and_3.5_wt_FeCl2.csv
[Run 1762/508994] ✅ Saved: 20260902_1209_nist_libs_4.0_wt_CeCl3_and_3.5_wt_SrCl2_and_4.0_wt_FeCl2.csv
[Run 1763/508994] ✅ Saved: 20260902_1209_nist_libs_4.0_wt_CeCl3_and_3.5_wt_SrCl2_and_4.5_wt_FeCl2.csv
[Run 1765/508994] ✅ Saved: 20260902_1209_nist_libs_4.0_wt_CeCl3_and_4.0_wt_SrCl2_and_0.5_wt_FeCl2.csv
[Run 1764/508994] ✅ Saved: 20260902_1209_nist_libs_4.0_wt_CeCl3_and_3.5_wt_SrCl2_and_5.0_wt_FeCl2.csv
[Run 1766/508994] ✅ Saved: 20260902_1209_nist_libs_4.0_wt_CeCl3_and_4.0_wt_SrCl2_and_1.0_wt_FeCl2.csv
[Run 1767/508994] ✅ Saved: 20260902_1209_nist_libs_4.0_wt_CeCl3_and_4.0_wt_SrCl2_and_1.5_wt_FeCl2.csv
[Run 1769/508994] ✅ Saved: 20260902_1209_nist_libs_4.0_wt_CeCl3_and_4.0_wt_SrCl2_and_2.5_wt_FeCl2.csv
[Run 1768/508994] ✅ Saved: 20260902_1209_nist_libs_4.0_wt_CeCl3_and_4.0_wt_SrCl2_and_2.0_wt_FeCl2.csv
[Run 1770/508994] ✅ Saved: 20260902_1209_nist_libs_4.0_wt_CeCl3_and_4.0_wt_SrCl2_and_3.0_wt_FeCl2.csv
[Run 1771/508994] ✅ Saved: 20260902_1209_nist_libs_4.0_wt_CeCl3_and_4.0_wt_SrCl2_and_3.5_wt_FeCl2.csv
[Run 1773/508994] ✅ Saved: 20260902_1209_nist_libs_4.0_wt_CeCl3_and_4.0_wt_SrCl2_and_4.5_wt_FeCl2.csv
[Run 1772/508994] ✅ Saved: 20260902_1209_nist_libs_4.0_wt_CeCl3_and_4.0_wt_SrCl2_and_4.0_wt_FeCl2.csv
[Run 1774/508994] ✅ Saved: 20260902_1209_nist_libs_4.0_wt_CeCl3_and_4.0_wt_SrCl2_and_5.0_wt_FeCl2.csv
[Run 1775/508994] ✅ Saved: 20260902_1209_nist_libs_4.0_wt_CeCl3_and_4.5_wt_SrCl2_and_0.5_wt_FeCl2.csv
[Run 1776/508994] ✅ Saved: 20260902_1209_nist_libs_4.0_wt_CeCl3_and_4.5_wt_SrCl2_and_1.0_wt_FeCl2.csv
[Run 1777/508994] ✅ Saved: 20260902_1209_nist_libs_4.0_wt_CeCl3_and_4.5_wt_SrCl2_and_1.5_wt_FeCl2.csv
[Run 1778/508994] ✅ Saved: 20260902_1209_nist_libs_4.0_wt_CeCl3_and_4.5_wt_SrCl2_and_2.0_wt_FeCl2.csv
[Run 1779/508994] ✅ Saved: 20260902_1209_nist_libs_4.0_wt_CeCl3_and_4.5_wt_SrCl2_and_2.5_wt_FeCl2.csv
[Run 1780/508994] ✅ Saved: 20260902_1209_nist_libs_4.0_wt_CeCl3_and_4.5_wt_SrCl2_and_3.0_wt_FeCl2.csv
[Run 1781/508994] ✅ Saved: 20260902_1209_nist_libs_4.0_wt_CeCl3_and_4.5_wt_SrCl2_and_3.5_wt_FeCl2.csv
[Run 1783/508994] ✅ Saved: 20260902_1209_nist_libs_4.0_wt_CeCl3_and_4.5_wt_SrCl2_and_4.5_wt_FeCl2.csv
[Run 1782/508994] ✅ Saved: 20260902_1209_nist_libs_4.0_wt_CeCl3_and_4.5_wt_SrCl2_and_4.0_wt_FeCl2.csv
[Run 1784/508994] ✅ Saved: 20260902_1209_nist_libs_4.0_wt_CeCl3_and_4.5_wt_SrCl2_and_5.0_wt_FeCl2.csv
[Run 1786/508994] ✅ Saved: 20260902_1209_nist_libs_4.0_wt_CeCl3_and_5.0_wt_SrCl2_and_1.0_wt_FeCl2.csv
[Run 1787/508994] ✅ Saved: 20260902_1209_nist_libs_4.0_wt_CeCl3_and_5.0_wt_SrCl2_and_1.5_wt_FeCl2.csv
[Run 1785/508994] ✅ Saved: 20260902_1209_nist_libs_4.0_wt_CeCl3_and_5.0_wt_SrCl2_and_0.5_wt_FeCl2.csv
[Run 1788/508994] ✅ Saved: 20260902_1209_nist_libs_4.0_wt_CeCl3_and_5.0_wt_SrCl2_and_2.0_wt_FeCl2.csv
[Run 1789/508994] ✅ Saved: 20260902_1209_nist_libs_4.0_wt_CeCl3_and_5.0_wt_SrCl2_and_2.5_wt_FeCl2.csv
[Run 1790/508994] ✅ Saved: 20260902_1209_nist_libs_4.0_wt_CeCl3_and_5.0_wt_SrCl2_and_3.0_wt_FeCl2.csv
[Run 1791/508994] ✅ Saved: 20260902_1209_nist_libs_4.0_wt_CeCl3_and_5.0_wt_SrCl2_and_3.5_wt_FeCl2.csv
[Run 1792/508994] ✅ Saved: 20260902_1209_nist_libs_4.0_wt_CeCl3_and_5.0_wt_SrCl2_and_4.0_wt_FeCl2.csv
[Run 1793/508994] ✅ Saved: 20260902_1209_nist_libs_4.0_wt_CeCl3_and_5.0_wt_SrCl2_and_4.5_wt_FeCl2.csv
[Run 1794/508994] ✅ Saved: 20260902_1209_nist_libs_4.0_wt_CeCl3_and_5.0_wt_SrCl2_and_5.0_wt_FeCl2.csv
[Run 1795/508994] ✅ Saved: 20260902_1209_nist_libs_4.5_wt_CeCl3_and_0.5_wt_SrCl2_and_0.5_wt_FeCl2.csv
[Run 1796/508994] ✅ Saved: 20260902_1209_nist_libs_4.5_wt_CeCl3_and_0.5_wt_SrCl2_and_1.0_wt_FeCl2.csv
[Run 1797/508994] ✅ Saved: 20260902_1209_nist_libs_4.5_wt_CeCl3_and_0.5_wt_SrCl2_and_1.5_wt_FeCl2.csv
[Run 1798/508994] ✅ Saved: 20260902_1209_nist_libs_4.5_wt_CeCl3_and_0.5_wt_SrCl2_and_2.0_wt_FeCl2.csv
[Run 1799/508994] ✅ Saved: 20260902_1209_nist_libs_4.5_wt_CeCl3_and_0.5_wt_SrCl2_and_2.5_wt_FeCl2.csv
[Run 1800/508994] ✅ Saved: 20260902_1209_nist_libs_4.5_wt_CeCl3_and_0.5_wt_SrCl2_and_3.0_wt_FeCl2.csv
[Run 1801/508994] ✅ Saved: 20260902_1209_nist_libs_4.5_wt_CeCl3_and_0.5_wt_SrCl2_and_3.5_wt_FeCl2.csv
[Run 1802/508994] ✅ Saved: 20260902_1209_nist_libs_4.5_wt_CeCl3_and_0.5_wt_SrCl2_and_4.0_wt_FeCl2.csv
[Run 1804/508994] ✅ Saved: 20260902_1209_nist_libs_4.5_wt_CeCl3_and_0.5_wt_SrCl2_and_5.0_wt_FeCl2.csv
[Run 1803/508994] ✅ Saved: 20260902_1209_nist_libs_4.5_wt_CeCl3_and_0.5_wt_SrCl2_and_4.5_wt_FeCl2.csv
[Run 1805/508994] ✅ Saved: 20260902_1209_nist_libs_4.5_wt_CeCl3_and_1.0_wt_SrCl2_and_0.5_wt_FeCl2.csv
[Run 1806/508994] ✅ Saved: 20260902_1209_nist_libs_4.5_wt_CeCl3_and_1.0_wt_SrCl2_and_1.0_wt_FeCl2.csv
[Run 1807/508994] ✅ Saved: 20260902_1209_nist_libs_4.5_wt_CeCl3_and_1.0_wt_SrCl2_and_1.5_wt_FeCl2.csv
[Run 1808/508994] ✅ Saved: 20260902_1209_nist_libs_4.5_wt_CeCl3_and_1.0_wt_SrCl2_and_2.0_wt_FeCl2.csv
[Run 1809/508994] ✅ Saved: 20260902_1209_nist_libs_4.5_wt_CeCl3_and_1.0_wt_SrCl2_and_2.5_wt_FeCl2.csv
[Run 1810/508994] ✅ Saved: 20260902_1209_nist_libs_4.5_wt_CeCl3_and_1.0_wt_SrCl2_and_3.0_wt_FeCl2.csv
[Run 1811/508994] ✅ Saved: 20260902_1209_nist_libs_4.5_wt_CeCl3_and_1.0_wt_SrCl2_and_3.5_wt_FeCl2.csv
[Run 1812/508994] ✅ Saved: 20260902_1209_nist_libs_4.5_wt_CeCl3_and_1.0_wt_SrCl2_and_4.0_wt_FeCl2.csv
[Run 1813/508994] ✅ Saved: 20260902_1209_nist_libs_4.5_wt_CeCl3_and_1.0_wt_SrCl2_and_4.5_wt_FeCl2.csv
[Run 1814/508994] ✅ Saved: 20260902_1209_nist_libs_4.5_wt_CeCl3_and_1.0_wt_SrCl2_and_5.0_wt_FeCl2.csv
[Run 1815/508994] ✅ Saved: 20260902_1209_nist_libs_4.5_wt_CeCl3_and_1.5_wt_SrCl2_and_0.5_wt_FeCl2.csv
[Run 1816/508994] ✅ Saved: 20260902_1209_nist_libs_4.5_wt_CeCl3_and_1.5_wt_SrCl2_and_1.0_wt_FeCl2.csv
[Run 1817/508994] ✅ Saved: 20260902_1209_nist_libs_4.5_wt_CeCl3_and_1.5_wt_SrCl2_and_1.5_wt_FeCl2.csv
[Run 1818/508994] ✅ Saved: 20260902_1209_nist_libs_4.5_wt_CeCl3_and_1.5_wt_SrCl2_and_2.0_wt_FeCl2.csv
[Run 1819/508994] ✅ Saved: 20260902_1209_nist_libs_4.5_wt_CeCl3_and_1.5_wt_SrCl2_and_2.5_wt_FeCl2.csv
[Run 1820/508994] ✅ Saved: 20260902_1209_nist_libs_4.5_wt_CeCl3_and_1.5_wt_SrCl2_and_3.0_wt_FeCl2.csv
[Run 1821/508994] ✅ Saved: 20260902_1209_nist_libs_4.5_wt_CeCl3_and_1.5_wt_SrCl2_and_3.5_wt_FeCl2.csv
[Run 1822/508994] ✅ Saved: 20260902_1209_nist_libs_4.5_wt_CeCl3_and_1.5_wt_SrCl2_and_4.0_wt_FeCl2.csv
[Run 1823/508994] ✅ Saved: 20260902_1209_nist_libs_4.5_wt_CeCl3_and_1.5_wt_SrCl2_and_4.5_wt_FeCl2.csv
[Run 1824/508994] ✅ Saved: 20260902_1209_nist_libs_4.5_wt_CeCl3_and_1.5_wt_SrCl2_and_5.0_wt_FeCl2.csv
[Run 1825/508994] ✅ Saved: 20260902_1209_nist_libs_4.5_wt_CeCl3_and_2.0_wt_SrCl2_and_0.5_wt_FeCl2.csv
[Run 1826/508994] ✅ Saved: 20260902_1209_nist_libs_4.5_wt_CeCl3_and_2.0_wt_SrCl2_and_1.0_wt_FeCl2.csv
[Run 1827/508994] ✅ Saved: 20260902_1209_nist_libs_4.5_wt_CeCl3_and_2.0_wt_SrCl2_and_1.5_wt_FeCl2.csv
[Run 1828/508994] ✅ Saved: 20260902_1209_nist_libs_4.5_wt_CeCl3_and_2.0_wt_SrCl2_and_2.0_wt_FeCl2.csv
[Run 1829/508994] ✅ Saved: 20260902_1209_nist_libs_4.5_wt_CeCl3_and_2.0_wt_SrCl2_and_2.5_wt_FeCl2.csv
[Run 1830/508994] ✅ Saved: 20260902_1209_nist_libs_4.5_wt_CeCl3_and_2.0_wt_SrCl2_and_3.0_wt_FeCl2.csv
[Run 1832/508994] ✅ Saved: 20260902_1209_nist_libs_4.5_wt_CeCl3_and_2.0_wt_SrCl2_and_4.0_wt_FeCl2.csv
[Run 1833/508994] ✅ Saved: 20260902_1209_nist_libs_4.5_wt_CeCl3_and_2.0_wt_SrCl2_and_4.5_wt_FeCl2.csv
[Run 1834/508994] ✅ Saved: 20260902_1209_nist_libs_4.5_wt_CeCl3_and_2.0_wt_SrCl2_and_5.0_wt_FeCl2.csv
[Run 1835/508994] ✅ Saved: 20260902_1209_nist_libs_4.5_wt_CeCl3_and_2.5_wt_SrCl2_and_0.5_wt_FeCl2.csv
[Run 1831/508994] ✅ Saved: 20260902_1209_nist_libs_4.5_wt_CeCl3_and_2.0_wt_SrCl2_and_3.5_wt_FeCl2.csv
[Run 1836/508994] ✅ Saved: 20260902_1209_nist_libs_4.5_wt_CeCl3_and_2.5_wt_SrCl2_and_1.0_wt_FeCl2.csv
[Run 1837/508994] ✅ Saved: 20260902_1209_nist_libs_4.5_wt_CeCl3_and_2.5_wt_SrCl2_and_1.5_wt_FeCl2.csv
[Run 1838/508994] ✅ Saved: 20260902_1209_nist_libs_4.5_wt_CeCl3_and_2.5_wt_SrCl2_and_2.0_wt_FeCl2.csv
[Run 1839/508994] ✅ Saved: 20260902_1209_nist_libs_4.5_wt_CeCl3_and_2.5_wt_SrCl2_and_2.5_wt_FeCl2.csv
[Run 1840/508994] ✅ Saved: 20260902_1209_nist_libs_4.5_wt_CeCl3_and_2.5_wt_SrCl2_and_3.0_wt_FeCl2.csv
[Run 1841/508994] ✅ Saved: 20260902_1209_nist_libs_4.5_wt_CeCl3_and_2.5_wt_SrCl2_and_3.5_wt_FeCl2.csv
[Run 1842/508994] ✅ Saved: 20260902_1209_nist_libs_4.5_wt_CeCl3_and_2.5_wt_SrCl2_and_4.0_wt_FeCl2.csv
[Run 1843/508994] ✅ Saved: 20260902_1209_nist_libs_4.5_wt_CeCl3_and_2.5_wt_SrCl2_and_4.5_wt_FeCl2.csv
[Run 1844/508994] ✅ Saved: 20260902_1209_nist_libs_4.5_wt_CeCl3_and_2.5_wt_SrCl2_and_5.0_wt_FeCl2.csv
[Run 1845/508994] ✅ Saved: 20260902_1209_nist_libs_4.5_wt_CeCl3_and_3.0_wt_SrCl2_and_0.5_wt_FeCl2.csv
[Run 1846/508994] ✅ Saved: 20260902_1209_nist_libs_4.5_wt_CeCl3_and_3.0_wt_SrCl2_and_1.0_wt_FeCl2.csv
[Run 1847/508994] ✅ Saved: 20260902_1209_nist_libs_4.5_wt_CeCl3_and_3.0_wt_SrCl2_and_1.5_wt_FeCl2.csv
[Run 1848/508994] ✅ Saved: 20260902_1209_nist_libs_4.5_wt_CeCl3_and_3.0_wt_SrCl2_and_2.0_wt_FeCl2.csv
[Run 1849/508994] ✅ Saved: 20260902_1209_nist_libs_4.5_wt_CeCl3_and_3.0_wt_SrCl2_and_2.5_wt_FeCl2.csv
[Run 1850/508994] ✅ Saved: 20260902_1209_nist_libs_4.5_wt_CeCl3_and_3.0_wt_SrCl2_and_3.0_wt_FeCl2.csv
[Run 1851/508994] ✅ Saved: 20260902_1209_nist_libs_4.5_wt_CeCl3_and_3.0_wt_SrCl2_and_3.5_wt_FeCl2.csv
[Run 1852/508994] ✅ Saved: 20260902_1209_nist_libs_4.5_wt_CeCl3_and_3.0_wt_SrCl2_and_4.0_wt_FeCl2.csv
[Run 1853/508994] ✅ Saved: 20260902_1209_nist_libs_4.5_wt_CeCl3_and_3.0_wt_SrCl2_and_4.5_wt_FeCl2.csv
[Run 1854/508994] ✅ Saved: 20260902_1209_nist_libs_4.5_wt_CeCl3_and_3.0_wt_SrCl2_and_5.0_wt_FeCl2.csv
[Run 1855/508994] ✅ Saved: 20260902_1209_nist_libs_4.5_wt_CeCl3_and_3.5_wt_SrCl2_and_0.5_wt_FeCl2.csv
[Run 1856/508994] ✅ Saved: 20260902_1209_nist_libs_4.5_wt_CeCl3_and_3.5_wt_SrCl2_and_1.0_wt_FeCl2.csv
[Run 1857/508994] ✅ Saved: 20260902_1209_nist_libs_4.5_wt_CeCl3_and_3.5_wt_SrCl2_and_1.5_wt_FeCl2.csv
[Run 1858/508994] ✅ Saved: 20260902_1209_nist_libs_4.5_wt_CeCl3_and_3.5_wt_SrCl2_and_2.0_wt_FeCl2.csv
[Run 1859/508994] ✅ Saved: 20260902_1209_nist_libs_4.5_wt_CeCl3_and_3.5_wt_SrCl2_and_2.5_wt_FeCl2.csv
[Run 1860/508994] ✅ Saved: 20260902_1209_nist_libs_4.5_wt_CeCl3_and_3.5_wt_SrCl2_and_3.0_wt_FeCl2.csv
[Run 1861/508994] ✅ Saved: 20260902_1209_nist_libs_4.5_wt_CeCl3_and_3.5_wt_SrCl2_and_3.5_wt_FeCl2.csv
[Run 1862/508994] ✅ Saved: 20260902_1209_nist_libs_4.5_wt_CeCl3_and_3.5_wt_SrCl2_and_4.0_wt_FeCl2.csv
[Run 1864/508994] ✅ Saved: 20260902_1209_nist_libs_4.5_wt_CeCl3_and_3.5_wt_SrCl2_and_5.0_wt_FeCl2.csv
[Run 1863/508994] ✅ Saved: 20260902_1209_nist_libs_4.5_wt_CeCl3_and_3.5_wt_SrCl2_and_4.5_wt_FeCl2.csv
[Run 1865/508994] ✅ Saved: 20260902_1209_nist_libs_4.5_wt_CeCl3_and_4.0_wt_SrCl2_and_0.5_wt_FeCl2.csv
[Run 1866/508994] ✅ Saved: 20260902_1209_nist_libs_4.5_wt_CeCl3_and_4.0_wt_SrCl2_and_1.0_wt_FeCl2.csv
[Run 1867/508994] ✅ Saved: 20260902_1209_nist_libs_4.5_wt_CeCl3_and_4.0_wt_SrCl2_and_1.5_wt_FeCl2.csv
[Run 1868/508994] ✅ Saved: 20260902_1209_nist_libs_4.5_wt_CeCl3_and_4.0_wt_SrCl2_and_2.0_wt_FeCl2.csv
[Run 1869/508994] ✅ Saved: 20260902_1209_nist_libs_4.5_wt_CeCl3_and_4.0_wt_SrCl2_and_2.5_wt_FeCl2.csv
[Run 1870/508994] ✅ Saved: 20260902_1209_nist_libs_4.5_wt_CeCl3_and_4.0_wt_SrCl2_and_3.0_wt_FeCl2.csv
[Run 1871/508994] ✅ Saved: 20260902_1209_nist_libs_4.5_wt_CeCl3_and_4.0_wt_SrCl2_and_3.5_wt_FeCl2.csv
[Run 1872/508994] ✅ Saved: 20260902_1209_nist_libs_4.5_wt_CeCl3_and_4.0_wt_SrCl2_and_4.0_wt_FeCl2.csv
[Run 1873/508994] ✅ Saved: 20260902_1209_nist_libs_4.5_wt_CeCl3_and_4.0_wt_SrCl2_and_4.5_wt_FeCl2.csv
[Run 1874/508994] ✅ Saved: 20260902_1209_nist_libs_4.5_wt_CeCl3_and_4.0_wt_SrCl2_and_5.0_wt_FeCl2.csv
[Run 1875/508994] ✅ Saved: 20260902_1209_nist_libs_4.5_wt_CeCl3_and_4.5_wt_SrCl2_and_0.5_wt_FeCl2.csv
[Run 1876/508994] ✅ Saved: 20260902_1209_nist_libs_4.5_wt_CeCl3_and_4.5_wt_SrCl2_and_1.0_wt_FeCl2.csv
[Run 1877/508994] ✅ Saved: 20260902_1209_nist_libs_4.5_wt_CeCl3_and_4.5_wt_SrCl2_and_1.5_wt_FeCl2.csv
[Run 1878/508994] ✅ Saved: 20260902_1209_nist_libs_4.5_wt_CeCl3_and_4.5_wt_SrCl2_and_2.0_wt_FeCl2.csv
[Run 1879/508994] ✅ Saved: 20260902_1209_nist_libs_4.5_wt_CeCl3_and_4.5_wt_SrCl2_and_2.5_wt_FeCl2.csv
[Run 1880/508994] ✅ Saved: 20260902_1209_nist_libs_4.5_wt_CeCl3_and_4.5_wt_SrCl2_and_3.0_wt_FeCl2.csv
[Run 1881/508994] ✅ Saved: 20260902_1209_nist_libs_4.5_wt_CeCl3_and_4.5_wt_SrCl2_and_3.5_wt_FeCl2.csv
[Run 1882/508994] ✅ Saved: 20260902_1209_nist_libs_4.5_wt_CeCl3_and_4.5_wt_SrCl2_and_4.0_wt_FeCl2.csv
[Run 1883/508994] ✅ Saved: 20260902_1209_nist_libs_4.5_wt_CeCl3_and_4.5_wt_SrCl2_and_4.5_wt_FeCl2.csv
[Run 1884/508994] ✅ Saved: 20260902_1209_nist_libs_4.5_wt_CeCl3_and_4.5_wt_SrCl2_and_5.0_wt_FeCl2.csv
[Run 1885/508994] ✅ Saved: 20260902_1209_nist_libs_4.5_wt_CeCl3_and_5.0_wt_SrCl2_and_0.5_wt_FeCl2.csv
[Run 1886/508994] ✅ Saved: 20260902_1209_nist_libs_4.5_wt_CeCl3_and_5.0_wt_SrCl2_and_1.0_wt_FeCl2.csv
[Run 1887/508994] ✅ Saved: 20260902_1209_nist_libs_4.5_wt_CeCl3_and_5.0_wt_SrCl2_and_1.5_wt_FeCl2.csv
[Run 1888/508994] ✅ Saved: 20260902_1209_nist_libs_4.5_wt_CeCl3_and_5.0_wt_SrCl2_and_2.0_wt_FeCl2.csv
[Run 1889/508994] ✅ Saved: 20260902_1209_nist_libs_4.5_wt_CeCl3_and_5.0_wt_SrCl2_and_2.5_wt_FeCl2.csv
[Run 1890/508994] ✅ Saved: 20260902_1209_nist_libs_4.5_wt_CeCl3_and_5.0_wt_SrCl2_and_3.0_wt_FeCl2.csv
[Run 1892/508994] ✅ Saved: 20260902_1209_nist_libs_4.5_wt_CeCl3_and_5.0_wt_SrCl2_and_4.0_wt_FeCl2.csv
[Run 1891/508994] ✅ Saved: 20260902_1209_nist_libs_4.5_wt_CeCl3_and_5.0_wt_SrCl2_and_3.5_wt_FeCl2.csv
[Run 1893/508994] ✅ Saved: 20260902_1209_nist_libs_4.5_wt_CeCl3_and_5.0_wt_SrCl2_and_4.5_wt_FeCl2.csv
[Run 1894/508994] ✅ Saved: 20260902_1209_nist_libs_4.5_wt_CeCl3_and_5.0_wt_SrCl2_and_5.0_wt_FeCl2.csv
[Run 1895/508994] ✅ Saved: 20260902_1209_nist_libs_5.0_wt_CeCl3_and_0.5_wt_SrCl2_and_0.5_wt_FeCl2.csv
[Run 1896/508994] ✅ Saved: 20260902_1209_nist_libs_5.0_wt_CeCl3_and_0.5_wt_SrCl2_and_1.0_wt_FeCl2.csv
[Run 1897/508994] ✅ Saved: 20260902_1209_nist_libs_5.0_wt_CeCl3_and_0.5_wt_SrCl2_and_1.5_wt_FeCl2.csv
[Run 1898/508994] ✅ Saved: 20260902_1209_nist_libs_5.0_wt_CeCl3_and_0.5_wt_SrCl2_and_2.0_wt_FeCl2.csv
[Run 1899/508994] ✅ Saved: 20260902_1209_nist_libs_5.0_wt_CeCl3_and_0.5_wt_SrCl2_and_2.5_wt_FeCl2.csv
[Run 1900/508994] ✅ Saved: 20260902_1209_nist_libs_5.0_wt_CeCl3_and_0.5_wt_SrCl2_and_3.0_wt_FeCl2.csv
[Run 1901/508994] ✅ Saved: 20260902_1209_nist_libs_5.0_wt_CeCl3_and_0.5_wt_SrCl2_and_3.5_wt_FeCl2.csv
[Run 1902/508994] ✅ Saved: 20260902_1209_nist_libs_5.0_wt_CeCl3_and_0.5_wt_SrCl2_and_4.0_wt_FeCl2.csv
[Run 1903/508994] ✅ Saved: 20260902_1209_nist_libs_5.0_wt_CeCl3_and_0.5_wt_SrCl2_and_4.5_wt_FeCl2.csv
[Run 1904/508994] ✅ Saved: 20260902_1209_nist_libs_5.0_wt_CeCl3_and_0.5_wt_SrCl2_and_5.0_wt_FeCl2.csv
[Run 1905/508994] ✅ Saved: 20260902_1209_nist_libs_5.0_wt_CeCl3_and_1.0_wt_SrCl2_and_0.5_wt_FeCl2.csv
[Run 1906/508994] ✅ Saved: 20260902_1209_nist_libs_5.0_wt_CeCl3_and_1.0_wt_SrCl2_and_1.0_wt_FeCl2.csv
[Run 1907/508994] ✅ Saved: 20260902_1209_nist_libs_5.0_wt_CeCl3_and_1.0_wt_SrCl2_and_1.5_wt_FeCl2.csv
[Run 1908/508994] ✅ Saved: 20260902_1209_nist_libs_5.0_wt_CeCl3_and_1.0_wt_SrCl2_and_2.0_wt_FeCl2.csv
[Run 1909/508994] ✅ Saved: 20260902_1209_nist_libs_5.0_wt_CeCl3_and_1.0_wt_SrCl2_and_2.5_wt_FeCl2.csv
[Run 1910/508994] ✅ Saved: 20260902_1209_nist_libs_5.0_wt_CeCl3_and_1.0_wt_SrCl2_and_3.0_wt_FeCl2.csv
[Run 1911/508994] ✅ Saved: 20260902_1209_nist_libs_5.0_wt_CeCl3_and_1.0_wt_SrCl2_and_3.5_wt_FeCl2.csv
[Run 1912/508994] ✅ Saved: 20260902_1209_nist_libs_5.0_wt_CeCl3_and_1.0_wt_SrCl2_and_4.0_wt_FeCl2.csv
[Run 1913/508994] ✅ Saved: 20260902_1209_nist_libs_5.0_wt_CeCl3_and_1.0_wt_SrCl2_and_4.5_wt_FeCl2.csv
[Run 1914/508994] ✅ Saved: 20260902_1209_nist_libs_5.0_wt_CeCl3_and_1.0_wt_SrCl2_and_5.0_wt_FeCl2.csv
[Run 1915/508994] ✅ Saved: 20260902_1209_nist_libs_5.0_wt_CeCl3_and_1.5_wt_SrCl2_and_0.5_wt_FeCl2.csv
[Run 1916/508994] ✅ Saved: 20260902_1209_nist_libs_5.0_wt_CeCl3_and_1.5_wt_SrCl2_and_1.0_wt_FeCl2.csv
[Run 1917/508994] ✅ Saved: 20260902_1209_nist_libs_5.0_wt_CeCl3_and_1.5_wt_SrCl2_and_1.5_wt_FeCl2.csv
[Run 1918/508994] ✅ Saved: 20260902_1209_nist_libs_5.0_wt_CeCl3_and_1.5_wt_SrCl2_and_2.0_wt_FeCl2.csv
[Run 1919/508994] ✅ Saved: 20260902_1209_nist_libs_5.0_wt_CeCl3_and_1.5_wt_SrCl2_and_2.5_wt_FeCl2.csv
[Run 1920/508994] ✅ Saved: 20260902_1209_nist_libs_5.0_wt_CeCl3_and_1.5_wt_SrCl2_and_3.0_wt_FeCl2.csv
[Run 1921/508994] ✅ Saved: 20260902_1209_nist_libs_5.0_wt_CeCl3_and_1.5_wt_SrCl2_and_3.5_wt_FeCl2.csv
[Run 1922/508994] ✅ Saved: 20260902_1209_nist_libs_5.0_wt_CeCl3_and_1.5_wt_SrCl2_and_4.0_wt_FeCl2.csv
[Run 1923/508994] ✅ Saved: 20260902_1209_nist_libs_5.0_wt_CeCl3_and_1.5_wt_SrCl2_and_4.5_wt_FeCl2.csv
[Run 1924/508994] ✅ Saved: 20260902_1209_nist_libs_5.0_wt_CeCl3_and_1.5_wt_SrCl2_and_5.0_wt_FeCl2.csv
[Run 1925/508994] ✅ Saved: 20260902_1209_nist_libs_5.0_wt_CeCl3_and_2.0_wt_SrCl2_and_0.5_wt_FeCl2.csv
[Run 1926/508994] ✅ Saved: 20260902_1209_nist_libs_5.0_wt_CeCl3_and_2.0_wt_SrCl2_and_1.0_wt_FeCl2.csv
[Run 1927/508994] ✅ Saved: 20260902_1209_nist_libs_5.0_wt_CeCl3_and_2.0_wt_SrCl2_and_1.5_wt_FeCl2.csv
[Run 1928/508994] ✅ Saved: 20260902_1209_nist_libs_5.0_wt_CeCl3_and_2.0_wt_SrCl2_and_2.0_wt_FeCl2.csv
[Run 1929/508994] ✅ Saved: 20260902_1209_nist_libs_5.0_wt_CeCl3_and_2.0_wt_SrCl2_and_2.5_wt_FeCl2.csv
[Run 1930/508994] ✅ Saved: 20260902_1209_nist_libs_5.0_wt_CeCl3_and_2.0_wt_SrCl2_and_3.0_wt_FeCl2.csv
[Run 1932/508994] ✅ Saved: 20260902_1209_nist_libs_5.0_wt_CeCl3_and_2.0_wt_SrCl2_and_4.0_wt_FeCl2.csv
[Run 1931/508994] ✅ Saved: 20260902_1209_nist_libs_5.0_wt_CeCl3_and_2.0_wt_SrCl2_and_3.5_wt_FeCl2.csv
[Run 1933/508994] ✅ Saved: 20260902_1209_nist_libs_5.0_wt_CeCl3_and_2.0_wt_SrCl2_and_4.5_wt_FeCl2.csv
[Run 1934/508994] ✅ Saved: 20260902_1209_nist_libs_5.0_wt_CeCl3_and_2.0_wt_SrCl2_and_5.0_wt_FeCl2.csv
[Run 1935/508994] ✅ Saved: 20260902_1209_nist_libs_5.0_wt_CeCl3_and_2.5_wt_SrCl2_and_0.5_wt_FeCl2.csv
[Run 1936/508994] ✅ Saved: 20260902_1209_nist_libs_5.0_wt_CeCl3_and_2.5_wt_SrCl2_and_1.0_wt_FeCl2.csv
[Run 1937/508994] ✅ Saved: 20260902_1209_nist_libs_5.0_wt_CeCl3_and_2.5_wt_SrCl2_and_1.5_wt_FeCl2.csv
[Run 1938/508994] ✅ Saved: 20260902_1209_nist_libs_5.0_wt_CeCl3_and_2.5_wt_SrCl2_and_2.0_wt_FeCl2.csv
[Run 1940/508994] ✅ Saved: 20260902_1209_nist_libs_5.0_wt_CeCl3_and_2.5_wt_SrCl2_and_3.0_wt_FeCl2.csv
[Run 1939/508994] ✅ Saved: 20260902_1209_nist_libs_5.0_wt_CeCl3_and_2.5_wt_SrCl2_and_2.5_wt_FeCl2.csv
[Run 1941/508994] ✅ Saved: 20260902_1209_nist_libs_5.0_wt_CeCl3_and_2.5_wt_SrCl2_and_3.5_wt_FeCl2.csv
[Run 1942/508994] ✅ Saved: 20260902_1209_nist_libs_5.0_wt_CeCl3_and_2.5_wt_SrCl2_and_4.0_wt_FeCl2.csv
[Run 1943/508994] ✅ Saved: 20260902_1209_nist_libs_5.0_wt_CeCl3_and_2.5_wt_SrCl2_and_4.5_wt_FeCl2.csv
[Run 1944/508994] ✅ Saved: 20260902_1209_nist_libs_5.0_wt_CeCl3_and_2.5_wt_SrCl2_and_5.0_wt_FeCl2.csv
[Run 1945/508994] ✅ Saved: 20260902_1209_nist_libs_5.0_wt_CeCl3_and_3.0_wt_SrCl2_and_0.5_wt_FeCl2.csv
[Run 1946/508994] ✅ Saved: 20260902_1209_nist_libs_5.0_wt_CeCl3_and_3.0_wt_SrCl2_and_1.0_wt_FeCl2.csv
[Run 1947/508994] ✅ Saved: 20260902_1209_nist_libs_5.0_wt_CeCl3_and_3.0_wt_SrCl2_and_1.5_wt_FeCl2.csv
[Run 1948/508994] ✅ Saved: 20260902_1209_nist_libs_5.0_wt_CeCl3_and_3.0_wt_SrCl2_and_2.0_wt_FeCl2.csv
[Run 1949/508994] ✅ Saved: 20260902_1209_nist_libs_5.0_wt_CeCl3_and_3.0_wt_SrCl2_and_2.5_wt_FeCl2.csv
[Run 1950/508994] ✅ Saved: 20260902_1209_nist_libs_5.0_wt_CeCl3_and_3.0_wt_SrCl2_and_3.0_wt_FeCl2.csv
[Run 1951/508994] ✅ Saved: 20260902_1209_nist_libs_5.0_wt_CeCl3_and_3.0_wt_SrCl2_and_3.5_wt_FeCl2.csv
[Run 1952/508994] ✅ Saved: 20260902_1209_nist_libs_5.0_wt_CeCl3_and_3.0_wt_SrCl2_and_4.0_wt_FeCl2.csv
[Run 1953/508994] ✅ Saved: 20260902_1209_nist_libs_5.0_wt_CeCl3_and_3.0_wt_SrCl2_and_4.5_wt_FeCl2.csv
[Run 1954/508994] ✅ Saved: 20260902_1209_nist_libs_5.0_wt_CeCl3_and_3.0_wt_SrCl2_and_5.0_wt_FeCl2.csv
[Run 1955/508994] ✅ Saved: 20260902_1209_nist_libs_5.0_wt_CeCl3_and_3.5_wt_SrCl2_and_0.5_wt_FeCl2.csv
[Run 1956/508994] ✅ Saved: 20260902_1209_nist_libs_5.0_wt_CeCl3_and_3.5_wt_SrCl2_and_1.0_wt_FeCl2.csv
[Run 1957/508994] ✅ Saved: 20260902_1209_nist_libs_5.0_wt_CeCl3_and_3.5_wt_SrCl2_and_1.5_wt_FeCl2.csv
[Run 1958/508994] ✅ Saved: 20260902_1209_nist_libs_5.0_wt_CeCl3_and_3.5_wt_SrCl2_and_2.0_wt_FeCl2.csv
[Run 1959/508994] ✅ Saved: 20260902_1209_nist_libs_5.0_wt_CeCl3_and_3.5_wt_SrCl2_and_2.5_wt_FeCl2.csv
[Run 1960/508994] ✅ Saved: 20260902_1209_nist_libs_5.0_wt_CeCl3_and_3.5_wt_SrCl2_and_3.0_wt_FeCl2.csv
[Run 1961/508994] ✅ Saved: 20260902_1209_nist_libs_5.0_wt_CeCl3_and_3.5_wt_SrCl2_and_3.5_wt_FeCl2.csv
[Run 1962/508994] ✅ Saved: 20260902_1209_nist_libs_5.0_wt_CeCl3_and_3.5_wt_SrCl2_and_4.0_wt_FeCl2.csv
[Run 1963/508994] ✅ Saved: 20260902_1209_nist_libs_5.0_wt_CeCl3_and_3.5_wt_SrCl2_and_4.5_wt_FeCl2.csv
[Run 1964/508994] ✅ Saved: 20260902_1209_nist_libs_5.0_wt_CeCl3_and_3.5_wt_SrCl2_and_5.0_wt_FeCl2.csv
[Run 1965/508994] ✅ Saved: 20260902_1209_nist_libs_5.0_wt_CeCl3_and_4.0_wt_SrCl2_and_0.5_wt_FeCl2.csv
[Run 1966/508994] ✅ Saved: 20260902_1209_nist_libs_5.0_wt_CeCl3_and_4.0_wt_SrCl2_and_1.0_wt_FeCl2.csv
[Run 1967/508994] ✅ Saved: 20260902_1209_nist_libs_5.0_wt_CeCl3_and_4.0_wt_SrCl2_and_1.5_wt_FeCl2.csv
[Run 1968/508994] ✅ Saved: 20260902_1209_nist_libs_5.0_wt_CeCl3_and_4.0_wt_SrCl2_and_2.0_wt_FeCl2.csv
[Run 1969/508994] ✅ Saved: 20260902_1209_nist_libs_5.0_wt_CeCl3_and_4.0_wt_SrCl2_and_2.5_wt_FeCl2.csv
[Run 1970/508994] ✅ Saved: 20260902_1209_nist_libs_5.0_wt_CeCl3_and_4.0_wt_SrCl2_and_3.0_wt_FeCl2.csv
[Run 1971/508994] ✅ Saved: 20260902_1209_nist_libs_5.0_wt_CeCl3_and_4.0_wt_SrCl2_and_3.5_wt_FeCl2.csv
[Run 1972/508994] ✅ Saved: 20260902_1209_nist_libs_5.0_wt_CeCl3_and_4.0_wt_SrCl2_and_4.0_wt_FeCl2.csv
[Run 1973/508994] ✅ Saved: 20260902_1209_nist_libs_5.0_wt_CeCl3_and_4.0_wt_SrCl2_and_4.5_wt_FeCl2.csv
[Run 1974/508994] ✅ Saved: 20260902_1209_nist_libs_5.0_wt_CeCl3_and_4.0_wt_SrCl2_and_5.0_wt_FeCl2.csv
[Run 1975/508994] ✅ Saved: 20260902_1209_nist_libs_5.0_wt_CeCl3_and_4.5_wt_SrCl2_and_0.5_wt_FeCl2.csv
[Run 1976/508994] ✅ Saved: 20260902_1209_nist_libs_5.0_wt_CeCl3_and_4.5_wt_SrCl2_and_1.0_wt_FeCl2.csv
[Run 1977/508994] ✅ Saved: 20260902_1209_nist_libs_5.0_wt_CeCl3_and_4.5_wt_SrCl2_and_1.5_wt_FeCl2.csv
[Run 1978/508994] ✅ Saved: 20260902_1209_nist_libs_5.0_wt_CeCl3_and_4.5_wt_SrCl2_and_2.0_wt_FeCl2.csv
[Run 1979/508994] ✅ Saved: 20260902_1209_nist_libs_5.0_wt_CeCl3_and_4.5_wt_SrCl2_and_2.5_wt_FeCl2.csv
[Run 1980/508994] ✅ Saved: 20260902_1209_nist_libs_5.0_wt_CeCl3_and_4.5_wt_SrCl2_and_3.0_wt_FeCl2.csv
[Run 1981/508994] ✅ Saved: 20260902_1209_nist_libs_5.0_wt_CeCl3_and_4.5_wt_SrCl2_and_3.5_wt_FeCl2.csv
[Run 1982/508994] ✅ Saved: 20260902_1209_nist_libs_5.0_wt_CeCl3_and_4.5_wt_SrCl2_and_4.0_wt_FeCl2.csv
[Run 1983/508994] ✅ Saved: 20260902_1209_nist_libs_5.0_wt_CeCl3_and_4.5_wt_SrCl2_and_4.5_wt_FeCl2.csv
[Run 1984/508994] ✅ Saved: 20260902_1209_nist_libs_5.0_wt_CeCl3_and_4.5_wt_SrCl2_and_5.0_wt_FeCl2.csv
[Run 1985/508994] ✅ Saved: 20260902_1209_nist_libs_5.0_wt_CeCl3_and_5.0_wt_SrCl2_and_0.5_wt_FeCl2.csv
[Run 1986/508994] ✅ Saved: 20260902_1209_nist_libs_5.0_wt_CeCl3_and_5.0_wt_SrCl2_and_1.0_wt_FeCl2.csv
[Run 1987/508994] ✅ Saved: 20260902_1209_nist_libs_5.0_wt_CeCl3_and_5.0_wt_SrCl2_and_1.5_wt_FeCl2.csv
[Run 1988/508994] ✅ Saved: 20260902_1209_nist_libs_5.0_wt_CeCl3_and_5.0_wt_SrCl2_and_2.0_wt_FeCl2.csv
[Run 1989/508994] ✅ Saved: 20260902_1209_nist_libs_5.0_wt_CeCl3_and_5.0_wt_SrCl2_and_2.5_wt_FeCl2.csv
[Run 1990/508994] ✅ Saved: 20260902_1209_nist_libs_5.0_wt_CeCl3_and_5.0_wt_SrCl2_and_3.0_wt_FeCl2.csv
[Run 1991/508994] ✅ Saved: 20260902_1209_nist_libs_5.0_wt_CeCl3_and_5.0_wt_SrCl2_and_3.5_wt_FeCl2.csv
[Run 1992/508994] ✅ Saved: 20260902_1209_nist_libs_5.0_wt_CeCl3_and_5.0_wt_SrCl2_and_4.0_wt_FeCl2.csv
[Run 1993/508994] ✅ Saved: 20260902_1209_nist_libs_5.0_wt_CeCl3_and_5.0_wt_SrCl2_and_4.5_wt_FeCl2.csv
[Run 1995/508994] ✅ Saved: 20260902_1209_nist_libs_0.5_wt_CeCl3_and_0.5_wt_SrCl2_and_0.5_wt_CrCl2.csv
[Run 1994/508994] ✅ Saved: 20260902_1209_nist_libs_5.0_wt_CeCl3_and_5.0_wt_SrCl2_and_5.0_wt_FeCl2.csv
[Run 1997/508994] ✅ Saved: 20260902_1209_nist_libs_0.5_wt_CeCl3_and_0.5_wt_SrCl2_and_1.5_wt_CrCl2.csv
[Run 1996/508994] ✅ Saved: 20260902_1209_nist_libs_0.5_wt_CeCl3_and_0.5_wt_SrCl2_and_1.0_wt_CrCl2.csv
[Run 1998/508994] ✅ Saved: 20260902_1209_nist_libs_0.5_wt_CeCl3_and_0.5_wt_SrCl2_and_2.0_wt_CrCl2.csv
[Run 1999/508994] ✅ Saved: 20260902_1209_nist_libs_0.5_wt_CeCl3_and_0.5_wt_SrCl2_and_2.5_wt_CrCl2.csv
[Run 2000/508994] ✅ Saved: 20260902_1209_nist_libs_0.5_wt_CeCl3_and_0.5_wt_SrCl2_and_3.0_wt_CrCl2.csv
📦 Packaging batch 2 (1000 CSVs) -> nist_libs_batch_0002.zip...
[Run 2001/508994] ✅ Saved: 20260902_1209_nist_libs_0.5_wt_CeCl3_and_0.5_wt_SrCl2_and_3.5_wt_CrCl2.csv
[Run 2002/508994] ✅ Saved: 20260902_1209_nist_libs_0.5_wt_CeCl3_and_0.5_wt_SrCl2_and_4.0_wt_CrCl2.csv
[Run 2003/508994] ✅ Saved: 20260902_1209_nist_libs_0.5_wt_CeCl3_and_0.5_wt_SrCl2_and_4.5_wt_CrCl2.csv
[Run 2004/508994] ✅ Saved: 20260902_1209_nist_libs_0.5_wt_CeCl3_and_0.5_wt_SrCl2_and_5.0_wt_CrCl2.csv
[Run 2005/508994] ✅ Saved: 20260902_1209_nist_libs_0.5_wt_CeCl3_and_1.0_wt_SrCl2_and_0.5_wt_CrCl2.csv
[Run 2006/508994] ✅ Saved: 20260902_1209_nist_libs_0.5_wt_CeCl3_and_1.0_wt_SrCl2_and_1.0_wt_CrCl2.csv
[Run 2007/508994] ✅ Saved: 20260902_1209_nist_libs_0.5_wt_CeCl3_and_1.0_wt_SrCl2_and_1.5_wt_CrCl2.csv
[Run 2008/508994] ✅ Saved: 20260902_1209_nist_libs_0.5_wt_CeCl3_and_1.0_wt_SrCl2_and_2.0_wt_CrCl2.csv
[Run 2009/508994] ✅ Saved: 20260902_1209_nist_libs_0.5_wt_CeCl3_and_1.0_wt_SrCl2_and_2.5_wt_CrCl2.csv
[Run 2010/508994] ✅ Saved: 20260902_1209_nist_libs_0.5_wt_CeCl3_and_1.0_wt_SrCl2_and_3.0_wt_CrCl2.csv
[Run 2011/508994] ✅ Saved: 20260902_1209_nist_libs_0.5_wt_CeCl3_and_1.0_wt_SrCl2_and_3.5_wt_CrCl2.csv
[Run 2012/508994] ✅ Saved: 20260902_1209_nist_libs_0.5_wt_CeCl3_and_1.0_wt_SrCl2_and_4.0_wt_CrCl2.csv
[Run 2013/508994] ✅ Saved: 20260902_1209_nist_libs_0.5_wt_CeCl3_and_1.0_wt_SrCl2_and_4.5_wt_CrCl2.csv
[Run 2014/508994] ✅ Saved: 20260902_1209_nist_libs_0.5_wt_CeCl3_and_1.0_wt_SrCl2_and_5.0_wt_CrCl2.csv
[Run 2015/508994] ✅ Saved: 20260902_1209_nist_libs_0.5_wt_CeCl3_and_1.5_wt_SrCl2_and_0.5_wt_CrCl2.csv
[Run 2016/508994] ✅ Saved: 20260902_1209_nist_libs_0.5_wt_CeCl3_and_1.5_wt_SrCl2_and_1.0_wt_CrCl2.csv
[Run 2017/508994] ✅ Saved: 20260902_1209_nist_libs_0.5_wt_CeCl3_and_1.5_wt_SrCl2_and_1.5_wt_CrCl2.csv
[Run 2018/508994] ✅ Saved: 20260902_1209_nist_libs_0.5_wt_CeCl3_and_1.5_wt_SrCl2_and_2.0_wt_CrCl2.csv
[Run 2019/508994] ✅ Saved: 20260902_1209_nist_libs_0.5_wt_CeCl3_and_1.5_wt_SrCl2_and_2.5_wt_CrCl2.csv
[Run 2020/508994] ✅ Saved: 20260902_1209_nist_libs_0.5_wt_CeCl3_and_1.5_wt_SrCl2_and_3.0_wt_CrCl2.csv
[Run 2022/508994] ✅ Saved: 20260902_1209_nist_libs_0.5_wt_CeCl3_and_1.5_wt_SrCl2_and_4.0_wt_CrCl2.csv
[Run 2021/508994] ✅ Saved: 20260902_1209_nist_libs_0.5_wt_CeCl3_and_1.5_wt_SrCl2_and_3.5_wt_CrCl2.csv
[Run 2023/508994] ✅ Saved: 20260902_1209_nist_libs_0.5_wt_CeCl3_and_1.5_wt_SrCl2_and_4.5_wt_CrCl2.csv
[Run 2024/508994] ✅ Saved: 20260902_1209_nist_libs_0.5_wt_CeCl3_and_1.5_wt_SrCl2_and_5.0_wt_CrCl2.csv
[Run 2025/508994] ✅ Saved: 20260902_1209_nist_libs_0.5_wt_CeCl3_and_2.0_wt_SrCl2_and_0.5_wt_CrCl2.csv
[Run 2026/508994] ✅ Saved: 20260902_1209_nist_libs_0.5_wt_CeCl3_and_2.0_wt_SrCl2_and_1.0_wt_CrCl2.csv
[Run 2027/508994] ✅ Saved: 20260902_1209_nist_libs_0.5_wt_CeCl3_and_2.0_wt_SrCl2_and_1.5_wt_CrCl2.csv
[Run 2028/508994] ✅ Saved: 20260902_1209_nist_libs_0.5_wt_CeCl3_and_2.0_wt_SrCl2_and_2.0_wt_CrCl2.csv
[Run 2029/508994] ✅ Saved: 20260902_1209_nist_libs_0.5_wt_CeCl3_and_2.0_wt_SrCl2_and_2.5_wt_CrCl2.csv
[Run 2030/508994] ✅ Saved: 20260902_1209_nist_libs_0.5_wt_CeCl3_and_2.0_wt_SrCl2_and_3.0_wt_CrCl2.csv
[Run 2031/508994] ✅ Saved: 20260902_1209_nist_libs_0.5_wt_CeCl3_and_2.0_wt_SrCl2_and_3.5_wt_CrCl2.csv
[Run 2032/508994] ✅ Saved: 20260902_1209_nist_libs_0.5_wt_CeCl3_and_2.0_wt_SrCl2_and_4.0_wt_CrCl2.csv
[Run 2033/508994] ✅ Saved: 20260902_1209_nist_libs_0.5_wt_CeCl3_and_2.0_wt_SrCl2_and_4.5_wt_CrCl2.csv
[Run 2034/508994] ✅ Saved: 20260902_1209_nist_libs_0.5_wt_CeCl3_and_2.0_wt_SrCl2_and_5.0_wt_CrCl2.csv
[Run 2035/508994] ✅ Saved: 20260902_1209_nist_libs_0.5_wt_CeCl3_and_2.5_wt_SrCl2_and_0.5_wt_CrCl2.csv
[Run 2036/508994] ✅ Saved: 20260902_1209_nist_libs_0.5_wt_CeCl3_and_2.5_wt_SrCl2_and_1.0_wt_CrCl2.csv
[Run 2037/508994] ✅ Saved: 20260902_1209_nist_libs_0.5_wt_CeCl3_and_2.5_wt_SrCl2_and_1.5_wt_CrCl2.csv
[Run 2038/508994] ✅ Saved: 20260902_1209_nist_libs_0.5_wt_CeCl3_and_2.5_wt_SrCl2_and_2.0_wt_CrCl2.csv
[Run 2039/508994] ✅ Saved: 20260902_1209_nist_libs_0.5_wt_CeCl3_and_2.5_wt_SrCl2_and_2.5_wt_CrCl2.csv
[Run 2040/508994] ✅ Saved: 20260902_1209_nist_libs_0.5_wt_CeCl3_and_2.5_wt_SrCl2_and_3.0_wt_CrCl2.csv
[Run 2042/508994] ✅ Saved: 20260902_1209_nist_libs_0.5_wt_CeCl3_and_2.5_wt_SrCl2_and_4.0_wt_CrCl2.csv
[Run 2041/508994] ✅ Saved: 20260902_1209_nist_libs_0.5_wt_CeCl3_and_2.5_wt_SrCl2_and_3.5_wt_CrCl2.csv
[Run 2043/508994] ✅ Saved: 20260902_1209_nist_libs_0.5_wt_CeCl3_and_2.5_wt_SrCl2_and_4.5_wt_CrCl2.csv
[Run 2044/508994] ✅ Saved: 20260902_1209_nist_libs_0.5_wt_CeCl3_and_2.5_wt_SrCl2_and_5.0_wt_CrCl2.csv
[Run 2045/508994] ✅ Saved: 20260902_1209_nist_libs_0.5_wt_CeCl3_and_3.0_wt_SrCl2_and_0.5_wt_CrCl2.csv
[Run 2048/508994] ✅ Saved: 20260902_1209_nist_libs_0.5_wt_CeCl3_and_3.0_wt_SrCl2_and_2.0_wt_CrCl2.csv
[Run 2046/508994] ✅ Saved: 20260902_1209_nist_libs_0.5_wt_CeCl3_and_3.0_wt_SrCl2_and_1.0_wt_CrCl2.csv
[Run 2047/508994] ✅ Saved: 20260902_1209_nist_libs_0.5_wt_CeCl3_and_3.0_wt_SrCl2_and_1.5_wt_CrCl2.csv
[Run 2049/508994] ✅ Saved: 20260902_1209_nist_libs_0.5_wt_CeCl3_and_3.0_wt_SrCl2_and_2.5_wt_CrCl2.csv
[Run 2051/508994] ✅ Saved: 20260902_1209_nist_libs_0.5_wt_CeCl3_and_3.0_wt_SrCl2_and_3.5_wt_CrCl2.csv
[Run 2050/508994] ✅ Saved: 20260902_1209_nist_libs_0.5_wt_CeCl3_and_3.0_wt_SrCl2_and_3.0_wt_CrCl2.csv
[Run 2052/508994] ✅ Saved: 20260902_1209_nist_libs_0.5_wt_CeCl3_and_3.0_wt_SrCl2_and_4.0_wt_CrCl2.csv
[Run 2053/508994] ✅ Saved: 20260902_1209_nist_libs_0.5_wt_CeCl3_and_3.0_wt_SrCl2_and_4.5_wt_CrCl2.csv
[Run 2054/508994] ✅ Saved: 20260902_1209_nist_libs_0.5_wt_CeCl3_and_3.0_wt_SrCl2_and_5.0_wt_CrCl2.csv
[Run 2055/508994] ✅ Saved: 20260902_1209_nist_libs_0.5_wt_CeCl3_and_3.5_wt_SrCl2_and_0.5_wt_CrCl2.csv
[Run 2056/508994] ✅ Saved: 20260902_1209_nist_libs_0.5_wt_CeCl3_and_3.5_wt_SrCl2_and_1.0_wt_CrCl2.csv
[Run 2057/508994] ✅ Saved: 20260902_1209_nist_libs_0.5_wt_CeCl3_and_3.5_wt_SrCl2_and_1.5_wt_CrCl2.csv
[Run 2058/508994] ✅ Saved: 20260902_1209_nist_libs_0.5_wt_CeCl3_and_3.5_wt_SrCl2_and_2.0_wt_CrCl2.csv
[Run 2059/508994] ✅ Saved: 20260902_1209_nist_libs_0.5_wt_CeCl3_and_3.5_wt_SrCl2_and_2.5_wt_CrCl2.csv
[Run 2060/508994] ✅ Saved: 20260902_1209_nist_libs_0.5_wt_CeCl3_and_3.5_wt_SrCl2_and_3.0_wt_CrCl2.csv
[Run 2061/508994] ✅ Saved: 20260902_1209_nist_libs_0.5_wt_CeCl3_and_3.5_wt_SrCl2_and_3.5_wt_CrCl2.csv
[Run 2062/508994] ✅ Saved: 20260902_1209_nist_libs_0.5_wt_CeCl3_and_3.5_wt_SrCl2_and_4.0_wt_CrCl2.csv
[Run 2064/508994] ✅ Saved: 20260902_1209_nist_libs_0.5_wt_CeCl3_and_3.5_wt_SrCl2_and_5.0_wt_CrCl2.csv
[Run 2063/508994] ✅ Saved: 20260902_1209_nist_libs_0.5_wt_CeCl3_and_3.5_wt_SrCl2_and_4.5_wt_CrCl2.csv
[Run 2065/508994] ✅ Saved: 20260902_1209_nist_libs_0.5_wt_CeCl3_and_4.0_wt_SrCl2_and_0.5_wt_CrCl2.csv
[Run 2066/508994] ✅ Saved: 20260902_1209_nist_libs_0.5_wt_CeCl3_and_4.0_wt_SrCl2_and_1.0_wt_CrCl2.csv
[Run 2067/508994] ✅ Saved: 20260902_1209_nist_libs_0.5_wt_CeCl3_and_4.0_wt_SrCl2_and_1.5_wt_CrCl2.csv
[Run 2068/508994] ✅ Saved: 20260902_1209_nist_libs_0.5_wt_CeCl3_and_4.0_wt_SrCl2_and_2.0_wt_CrCl2.csv
[Run 2069/508994] ✅ Saved: 20260902_1209_nist_libs_0.5_wt_CeCl3_and_4.0_wt_SrCl2_and_2.5_wt_CrCl2.csv
[Run 2071/508994] ✅ Saved: 20260902_1209_nist_libs_0.5_wt_CeCl3_and_4.0_wt_SrCl2_and_3.5_wt_CrCl2.csv
[Run 2070/508994] ✅ Saved: 20260902_1209_nist_libs_0.5_wt_CeCl3_and_4.0_wt_SrCl2_and_3.0_wt_CrCl2.csv
[Run 2072/508994] ✅ Saved: 20260902_1209_nist_libs_0.5_wt_CeCl3_and_4.0_wt_SrCl2_and_4.0_wt_CrCl2.csv
[Run 2073/508994] ✅ Saved: 20260902_1209_nist_libs_0.5_wt_CeCl3_and_4.0_wt_SrCl2_and_4.5_wt_CrCl2.csv
[Run 2074/508994] ✅ Saved: 20260902_1209_nist_libs_0.5_wt_CeCl3_and_4.0_wt_SrCl2_and_5.0_wt_CrCl2.csv
[Run 2075/508994] ✅ Saved: 20260902_1209_nist_libs_0.5_wt_CeCl3_and_4.5_wt_SrCl2_and_0.5_wt_CrCl2.csv
[Run 2076/508994] ✅ Saved: 20260902_1209_nist_libs_0.5_wt_CeCl3_and_4.5_wt_SrCl2_and_1.0_wt_CrCl2.csv
[Run 2077/508994] ✅ Saved: 20260902_1209_nist_libs_0.5_wt_CeCl3_and_4.5_wt_SrCl2_and_1.5_wt_CrCl2.csv
[Run 2078/508994] ✅ Saved: 20260902_1209_nist_libs_0.5_wt_CeCl3_and_4.5_wt_SrCl2_and_2.0_wt_CrCl2.csv
[Run 2081/508994] ✅ Saved: 20260902_1209_nist_libs_0.5_wt_CeCl3_and_4.5_wt_SrCl2_and_3.5_wt_CrCl2.csv
[Run 2079/508994] ✅ Saved: 20260902_1209_nist_libs_0.5_wt_CeCl3_and_4.5_wt_SrCl2_and_2.5_wt_CrCl2.csv
[Run 2080/508994] ✅ Saved: 20260902_1209_nist_libs_0.5_wt_CeCl3_and_4.5_wt_SrCl2_and_3.0_wt_CrCl2.csv
[Run 2082/508994] ✅ Saved: 20260902_1209_nist_libs_0.5_wt_CeCl3_and_4.5_wt_SrCl2_and_4.0_wt_CrCl2.csv
[Run 2085/508994] ✅ Saved: 20260902_1209_nist_libs_0.5_wt_CeCl3_and_5.0_wt_SrCl2_and_0.5_wt_CrCl2.csv
[Run 2084/508994] ✅ Saved: 20260902_1209_nist_libs_0.5_wt_CeCl3_and_4.5_wt_SrCl2_and_5.0_wt_CrCl2.csv
[Run 2083/508994] ✅ Saved: 20260902_1209_nist_libs_0.5_wt_CeCl3_and_4.5_wt_SrCl2_and_4.5_wt_CrCl2.csv
[Run 2086/508994] ✅ Saved: 20260902_1209_nist_libs_0.5_wt_CeCl3_and_5.0_wt_SrCl2_and_1.0_wt_CrCl2.csv
[Run 2087/508994] ✅ Saved: 20260902_1209_nist_libs_0.5_wt_CeCl3_and_5.0_wt_SrCl2_and_1.5_wt_CrCl2.csv
[Run 2088/508994] ✅ Saved: 20260902_1209_nist_libs_0.5_wt_CeCl3_and_5.0_wt_SrCl2_and_2.0_wt_CrCl2.csv
[Run 2089/508994] ✅ Saved: 20260902_1209_nist_libs_0.5_wt_CeCl3_and_5.0_wt_SrCl2_and_2.5_wt_CrCl2.csv
[Run 2090/508994] ✅ Saved: 20260902_1209_nist_libs_0.5_wt_CeCl3_and_5.0_wt_SrCl2_and_3.0_wt_CrCl2.csv
[Run 2091/508994] ✅ Saved: 20260902_1209_nist_libs_0.5_wt_CeCl3_and_5.0_wt_SrCl2_and_3.5_wt_CrCl2.csv
[Run 2092/508994] ✅ Saved: 20260902_1209_nist_libs_0.5_wt_CeCl3_and_5.0_wt_SrCl2_and_4.0_wt_CrCl2.csv
[Run 2093/508994] ✅ Saved: 20260902_1209_nist_libs_0.5_wt_CeCl3_and_5.0_wt_SrCl2_and_4.5_wt_CrCl2.csv
[Run 2094/508994] ✅ Saved: 20260902_1209_nist_libs_0.5_wt_CeCl3_and_5.0_wt_SrCl2_and_5.0_wt_CrCl2.csv
[Run 2095/508994] ✅ Saved: 20260902_1209_nist_libs_1.0_wt_CeCl3_and_0.5_wt_SrCl2_and_0.5_wt_CrCl2.csv
[Run 2096/508994] ✅ Saved: 20260902_1209_nist_libs_1.0_wt_CeCl3_and_0.5_wt_SrCl2_and_1.0_wt_CrCl2.csv
[Run 2097/508994] ✅ Saved: 20260902_1209_nist_libs_1.0_wt_CeCl3_and_0.5_wt_SrCl2_and_1.5_wt_CrCl2.csv
[Run 2098/508994] ✅ Saved: 20260902_1209_nist_libs_1.0_wt_CeCl3_and_0.5_wt_SrCl2_and_2.0_wt_CrCl2.csv
[Run 2099/508994] ✅ Saved: 20260902_1209_nist_libs_1.0_wt_CeCl3_and_0.5_wt_SrCl2_and_2.5_wt_CrCl2.csv
[Run 2100/508994] ✅ Saved: 20260902_1209_nist_libs_1.0_wt_CeCl3_and_0.5_wt_SrCl2_and_3.0_wt_CrCl2.csv
[Run 2101/508994] ✅ Saved: 20260902_1209_nist_libs_1.0_wt_CeCl3_and_0.5_wt_SrCl2_and_3.5_wt_CrCl2.csv
[Run 2102/508994] ✅ Saved: 20260902_1209_nist_libs_1.0_wt_CeCl3_and_0.5_wt_SrCl2_and_4.0_wt_CrCl2.csv
[Run 2103/508994] ✅ Saved: 20260902_1209_nist_libs_1.0_wt_CeCl3_and_0.5_wt_SrCl2_and_4.5_wt_CrCl2.csv
[Run 2104/508994] ✅ Saved: 20260902_1209_nist_libs_1.0_wt_CeCl3_and_0.5_wt_SrCl2_and_5.0_wt_CrCl2.csv
[Run 2105/508994] ✅ Saved: 20260902_1209_nist_libs_1.0_wt_CeCl3_and_1.0_wt_SrCl2_and_0.5_wt_CrCl2.csv
[Run 2106/508994] ✅ Saved: 20260902_1209_nist_libs_1.0_wt_CeCl3_and_1.0_wt_SrCl2_and_1.0_wt_CrCl2.csv
[Run 2107/508994] ✅ Saved: 20260902_1209_nist_libs_1.0_wt_CeCl3_and_1.0_wt_SrCl2_and_1.5_wt_CrCl2.csv
[Run 2108/508994] ✅ Saved: 20260902_1209_nist_libs_1.0_wt_CeCl3_and_1.0_wt_SrCl2_and_2.0_wt_CrCl2.csv
[Run 2109/508994] ✅ Saved: 20260902_1209_nist_libs_1.0_wt_CeCl3_and_1.0_wt_SrCl2_and_2.5_wt_CrCl2.csv
[Run 2110/508994] ✅ Saved: 20260902_1209_nist_libs_1.0_wt_CeCl3_and_1.0_wt_SrCl2_and_3.0_wt_CrCl2.csv
[Run 2111/508994] ✅ Saved: 20260902_1209_nist_libs_1.0_wt_CeCl3_and_1.0_wt_SrCl2_and_3.5_wt_CrCl2.csv
[Run 2112/508994] ✅ Saved: 20260902_1209_nist_libs_1.0_wt_CeCl3_and_1.0_wt_SrCl2_and_4.0_wt_CrCl2.csv
[Run 2113/508994] ✅ Saved: 20260902_1209_nist_libs_1.0_wt_CeCl3_and_1.0_wt_SrCl2_and_4.5_wt_CrCl2.csv
[Run 2114/508994] ✅ Saved: 20260902_1209_nist_libs_1.0_wt_CeCl3_and_1.0_wt_SrCl2_and_5.0_wt_CrCl2.csv
[Run 2115/508994] ✅ Saved: 20260902_1209_nist_libs_1.0_wt_CeCl3_and_1.5_wt_SrCl2_and_0.5_wt_CrCl2.csv
[Run 2116/508994] ✅ Saved: 20260902_1209_nist_libs_1.0_wt_CeCl3_and_1.5_wt_SrCl2_and_1.0_wt_CrCl2.csv
[Run 2117/508994] ✅ Saved: 20260902_1209_nist_libs_1.0_wt_CeCl3_and_1.5_wt_SrCl2_and_1.5_wt_CrCl2.csv
[Run 2118/508994] ✅ Saved: 20260902_1209_nist_libs_1.0_wt_CeCl3_and_1.5_wt_SrCl2_and_2.0_wt_CrCl2.csv
[Run 2119/508994] ✅ Saved: 20260902_1209_nist_libs_1.0_wt_CeCl3_and_1.5_wt_SrCl2_and_2.5_wt_CrCl2.csv
[Run 2120/508994] ✅ Saved: 20260902_1209_nist_libs_1.0_wt_CeCl3_and_1.5_wt_SrCl2_and_3.0_wt_CrCl2.csv
[Run 2121/508994] ✅ Saved: 20260902_1209_nist_libs_1.0_wt_CeCl3_and_1.5_wt_SrCl2_and_3.5_wt_CrCl2.csv
[Run 2122/508994] ✅ Saved: 20260902_1209_nist_libs_1.0_wt_CeCl3_and_1.5_wt_SrCl2_and_4.0_wt_CrCl2.csv
[Run 2124/508994] ✅ Saved: 20260902_1209_nist_libs_1.0_wt_CeCl3_and_1.5_wt_SrCl2_and_5.0_wt_CrCl2.csv
[Run 2123/508994] ✅ Saved: 20260902_1209_nist_libs_1.0_wt_CeCl3_and_1.5_wt_SrCl2_and_4.5_wt_CrCl2.csv
[Run 2125/508994] ✅ Saved: 20260902_1209_nist_libs_1.0_wt_CeCl3_and_2.0_wt_SrCl2_and_0.5_wt_CrCl2.csv
[Run 2126/508994] ✅ Saved: 20260902_1209_nist_libs_1.0_wt_CeCl3_and_2.0_wt_SrCl2_and_1.0_wt_CrCl2.csv
[Run 2127/508994] ✅ Saved: 20260902_1209_nist_libs_1.0_wt_CeCl3_and_2.0_wt_SrCl2_and_1.5_wt_CrCl2.csv
[Run 2128/508994] ✅ Saved: 20260902_1209_nist_libs_1.0_wt_CeCl3_and_2.0_wt_SrCl2_and_2.0_wt_CrCl2.csv
[Run 2129/508994] ✅ Saved: 20260902_1209_nist_libs_1.0_wt_CeCl3_and_2.0_wt_SrCl2_and_2.5_wt_CrCl2.csv
[Run 2130/508994] ✅ Saved: 20260902_1209_nist_libs_1.0_wt_CeCl3_and_2.0_wt_SrCl2_and_3.0_wt_CrCl2.csv
[Run 2131/508994] ✅ Saved: 20260902_1209_nist_libs_1.0_wt_CeCl3_and_2.0_wt_SrCl2_and_3.5_wt_CrCl2.csv
[Run 2133/508994] ✅ Saved: 20260902_1209_nist_libs_1.0_wt_CeCl3_and_2.0_wt_SrCl2_and_4.5_wt_CrCl2.csv
[Run 2132/508994] ✅ Saved: 20260902_1209_nist_libs_1.0_wt_CeCl3_and_2.0_wt_SrCl2_and_4.0_wt_CrCl2.csv
[Run 2134/508994] ✅ Saved: 20260902_1209_nist_libs_1.0_wt_CeCl3_and_2.0_wt_SrCl2_and_5.0_wt_CrCl2.csv
[Run 2135/508994] ✅ Saved: 20260902_1209_nist_libs_1.0_wt_CeCl3_and_2.5_wt_SrCl2_and_0.5_wt_CrCl2.csv
[Run 2136/508994] ✅ Saved: 20260902_1209_nist_libs_1.0_wt_CeCl3_and_2.5_wt_SrCl2_and_1.0_wt_CrCl2.csv
[Run 2137/508994] ✅ Saved: 20260902_1209_nist_libs_1.0_wt_CeCl3_and_2.5_wt_SrCl2_and_1.5_wt_CrCl2.csv
[Run 2138/508994] ✅ Saved: 20260902_1209_nist_libs_1.0_wt_CeCl3_and_2.5_wt_SrCl2_and_2.0_wt_CrCl2.csv
[Run 2139/508994] ✅ Saved: 20260902_1209_nist_libs_1.0_wt_CeCl3_and_2.5_wt_SrCl2_and_2.5_wt_CrCl2.csv
[Run 2140/508994] ✅ Saved: 20260902_1209_nist_libs_1.0_wt_CeCl3_and_2.5_wt_SrCl2_and_3.0_wt_CrCl2.csv
[Run 2141/508994] ✅ Saved: 20260902_1209_nist_libs_1.0_wt_CeCl3_and_2.5_wt_SrCl2_and_3.5_wt_CrCl2.csv
[Run 2142/508994] ✅ Saved: 20260902_1209_nist_libs_1.0_wt_CeCl3_and_2.5_wt_SrCl2_and_4.0_wt_CrCl2.csv
[Run 2143/508994] ✅ Saved: 20260902_1209_nist_libs_1.0_wt_CeCl3_and_2.5_wt_SrCl2_and_4.5_wt_CrCl2.csv
[Run 2144/508994] ✅ Saved: 20260902_1209_nist_libs_1.0_wt_CeCl3_and_2.5_wt_SrCl2_and_5.0_wt_CrCl2.csv
[Run 2145/508994] ✅ Saved: 20260902_1209_nist_libs_1.0_wt_CeCl3_and_3.0_wt_SrCl2_and_0.5_wt_CrCl2.csv
[Run 2146/508994] ✅ Saved: 20260902_1209_nist_libs_1.0_wt_CeCl3_and_3.0_wt_SrCl2_and_1.0_wt_CrCl2.csv
[Run 2147/508994] ✅ Saved: 20260902_1209_nist_libs_1.0_wt_CeCl3_and_3.0_wt_SrCl2_and_1.5_wt_CrCl2.csv
[Run 2149/508994] ✅ Saved: 20260902_1209_nist_libs_1.0_wt_CeCl3_and_3.0_wt_SrCl2_and_2.5_wt_CrCl2.csv
[Run 2148/508994] ✅ Saved: 20260902_1209_nist_libs_1.0_wt_CeCl3_and_3.0_wt_SrCl2_and_2.0_wt_CrCl2.csv
[Run 2150/508994] ✅ Saved: 20260902_1209_nist_libs_1.0_wt_CeCl3_and_3.0_wt_SrCl2_and_3.0_wt_CrCl2.csv
[Run 2151/508994] ✅ Saved: 20260902_1209_nist_libs_1.0_wt_CeCl3_and_3.0_wt_SrCl2_and_3.5_wt_CrCl2.csv
[Run 2152/508994] ✅ Saved: 20260902_1209_nist_libs_1.0_wt_CeCl3_and_3.0_wt_SrCl2_and_4.0_wt_CrCl2.csv
[Run 2153/508994] ✅ Saved: 20260902_1209_nist_libs_1.0_wt_CeCl3_and_3.0_wt_SrCl2_and_4.5_wt_CrCl2.csv
[Run 2154/508994] ✅ Saved: 20260902_1209_nist_libs_1.0_wt_CeCl3_and_3.0_wt_SrCl2_and_5.0_wt_CrCl2.csv
[Run 2155/508994] ✅ Saved: 20260902_1209_nist_libs_1.0_wt_CeCl3_and_3.5_wt_SrCl2_and_0.5_wt_CrCl2.csv
[Run 2156/508994] ✅ Saved: 20260902_1209_nist_libs_1.0_wt_CeCl3_and_3.5_wt_SrCl2_and_1.0_wt_CrCl2.csv
[Run 2157/508994] ✅ Saved: 20260902_1209_nist_libs_1.0_wt_CeCl3_and_3.5_wt_SrCl2_and_1.5_wt_CrCl2.csv
[Run 2158/508994] ✅ Saved: 20260902_1209_nist_libs_1.0_wt_CeCl3_and_3.5_wt_SrCl2_and_2.0_wt_CrCl2.csv
[Run 2159/508994] ✅ Saved: 20260902_1209_nist_libs_1.0_wt_CeCl3_and_3.5_wt_SrCl2_and_2.5_wt_CrCl2.csv
[Run 2160/508994] ✅ Saved: 20260902_1209_nist_libs_1.0_wt_CeCl3_and_3.5_wt_SrCl2_and_3.0_wt_CrCl2.csv
[Run 2161/508994] ✅ Saved: 20260902_1209_nist_libs_1.0_wt_CeCl3_and_3.5_wt_SrCl2_and_3.5_wt_CrCl2.csv
[Run 2162/508994] ✅ Saved: 20260902_1209_nist_libs_1.0_wt_CeCl3_and_3.5_wt_SrCl2_and_4.0_wt_CrCl2.csv
[Run 2163/508994] ✅ Saved: 20260902_1209_nist_libs_1.0_wt_CeCl3_and_3.5_wt_SrCl2_and_4.5_wt_CrCl2.csv
[Run 2164/508994] ✅ Saved: 20260902_1209_nist_libs_1.0_wt_CeCl3_and_3.5_wt_SrCl2_and_5.0_wt_CrCl2.csv
[Run 2165/508994] ✅ Saved: 20260902_1209_nist_libs_1.0_wt_CeCl3_and_4.0_wt_SrCl2_and_0.5_wt_CrCl2.csv
[Run 2166/508994] ✅ Saved: 20260902_1209_nist_libs_1.0_wt_CeCl3_and_4.0_wt_SrCl2_and_1.0_wt_CrCl2.csv
[Run 2167/508994] ✅ Saved: 20260902_1209_nist_libs_1.0_wt_CeCl3_and_4.0_wt_SrCl2_and_1.5_wt_CrCl2.csv
[Run 2168/508994] ✅ Saved: 20260902_1209_nist_libs_1.0_wt_CeCl3_and_4.0_wt_SrCl2_and_2.0_wt_CrCl2.csv
[Run 2169/508994] ✅ Saved: 20260902_1209_nist_libs_1.0_wt_CeCl3_and_4.0_wt_SrCl2_and_2.5_wt_CrCl2.csv
[Run 2171/508994] ✅ Saved: 20260902_1209_nist_libs_1.0_wt_CeCl3_and_4.0_wt_SrCl2_and_3.5_wt_CrCl2.csv
[Run 2170/508994] ✅ Saved: 20260902_1209_nist_libs_1.0_wt_CeCl3_and_4.0_wt_SrCl2_and_3.0_wt_CrCl2.csv
[Run 2172/508994] ✅ Saved: 20260902_1209_nist_libs_1.0_wt_CeCl3_and_4.0_wt_SrCl2_and_4.0_wt_CrCl2.csv
[Run 2173/508994] ✅ Saved: 20260902_1209_nist_libs_1.0_wt_CeCl3_and_4.0_wt_SrCl2_and_4.5_wt_CrCl2.csv
[Run 2174/508994] ✅ Saved: 20260902_1209_nist_libs_1.0_wt_CeCl3_and_4.0_wt_SrCl2_and_5.0_wt_CrCl2.csv
[Run 2176/508994] ✅ Saved: 20260902_1209_nist_libs_1.0_wt_CeCl3_and_4.5_wt_SrCl2_and_1.0_wt_CrCl2.csv
[Run 2175/508994] ✅ Saved: 20260902_1209_nist_libs_1.0_wt_CeCl3_and_4.5_wt_SrCl2_and_0.5_wt_CrCl2.csv
[Run 2177/508994] ✅ Saved: 20260902_1209_nist_libs_1.0_wt_CeCl3_and_4.5_wt_SrCl2_and_1.5_wt_CrCl2.csv
[Run 2178/508994] ✅ Saved: 20260902_1209_nist_libs_1.0_wt_CeCl3_and_4.5_wt_SrCl2_and_2.0_wt_CrCl2.csv
[Run 2179/508994] ✅ Saved: 20260902_1209_nist_libs_1.0_wt_CeCl3_and_4.5_wt_SrCl2_and_2.5_wt_CrCl2.csv
[Run 2180/508994] ✅ Saved: 20260902_1209_nist_libs_1.0_wt_CeCl3_and_4.5_wt_SrCl2_and_3.0_wt_CrCl2.csv
[Run 2181/508994] ✅ Saved: 20260902_1209_nist_libs_1.0_wt_CeCl3_and_4.5_wt_SrCl2_and_3.5_wt_CrCl2.csv
[Run 2182/508994] ✅ Saved: 20260902_1209_nist_libs_1.0_wt_CeCl3_and_4.5_wt_SrCl2_and_4.0_wt_CrCl2.csv
[Run 2183/508994] ✅ Saved: 20260902_1209_nist_libs_1.0_wt_CeCl3_and_4.5_wt_SrCl2_and_4.5_wt_CrCl2.csv
[Run 2185/508994] ✅ Saved: 20260902_1209_nist_libs_1.0_wt_CeCl3_and_5.0_wt_SrCl2_and_0.5_wt_CrCl2.csv
[Run 2184/508994] ✅ Saved: 20260902_1209_nist_libs_1.0_wt_CeCl3_and_4.5_wt_SrCl2_and_5.0_wt_CrCl2.csv
[Run 2186/508994] ✅ Saved: 20260902_1209_nist_libs_1.0_wt_CeCl3_and_5.0_wt_SrCl2_and_1.0_wt_CrCl2.csv
[Run 2187/508994] ✅ Saved: 20260902_1209_nist_libs_1.0_wt_CeCl3_and_5.0_wt_SrCl2_and_1.5_wt_CrCl2.csv
[Run 2188/508994] ✅ Saved: 20260902_1209_nist_libs_1.0_wt_CeCl3_and_5.0_wt_SrCl2_and_2.0_wt_CrCl2.csv
[Run 2189/508994] ✅ Saved: 20260902_1209_nist_libs_1.0_wt_CeCl3_and_5.0_wt_SrCl2_and_2.5_wt_CrCl2.csv
[Run 2190/508994] ✅ Saved: 20260902_1209_nist_libs_1.0_wt_CeCl3_and_5.0_wt_SrCl2_and_3.0_wt_CrCl2.csv
[Run 2191/508994] ✅ Saved: 20260902_1209_nist_libs_1.0_wt_CeCl3_and_5.0_wt_SrCl2_and_3.5_wt_CrCl2.csv
[Run 2192/508994] ✅ Saved: 20260902_1209_nist_libs_1.0_wt_CeCl3_and_5.0_wt_SrCl2_and_4.0_wt_CrCl2.csv
[Run 2193/508994] ✅ Saved: 20260902_1209_nist_libs_1.0_wt_CeCl3_and_5.0_wt_SrCl2_and_4.5_wt_CrCl2.csv
[Run 2194/508994] ✅ Saved: 20260902_1209_nist_libs_1.0_wt_CeCl3_and_5.0_wt_SrCl2_and_5.0_wt_CrCl2.csv
[Run 2195/508994] ✅ Saved: 20260902_1209_nist_libs_1.5_wt_CeCl3_and_0.5_wt_SrCl2_and_0.5_wt_CrCl2.csv
[Run 2196/508994] ✅ Saved: 20260902_1209_nist_libs_1.5_wt_CeCl3_and_0.5_wt_SrCl2_and_1.0_wt_CrCl2.csv
[Run 2197/508994] ✅ Saved: 20260902_1209_nist_libs_1.5_wt_CeCl3_and_0.5_wt_SrCl2_and_1.5_wt_CrCl2.csv
[Run 2198/508994] ✅ Saved: 20260902_1209_nist_libs_1.5_wt_CeCl3_and_0.5_wt_SrCl2_and_2.0_wt_CrCl2.csv
[Run 2199/508994] ✅ Saved: 20260902_1209_nist_libs_1.5_wt_CeCl3_and_0.5_wt_SrCl2_and_2.5_wt_CrCl2.csv
[Run 2200/508994] ✅ Saved: 20260902_1209_nist_libs_1.5_wt_CeCl3_and_0.5_wt_SrCl2_and_3.0_wt_CrCl2.csv
[Run 2202/508994] ✅ Saved: 20260902_1209_nist_libs_1.5_wt_CeCl3_and_0.5_wt_SrCl2_and_4.0_wt_CrCl2.csv
[Run 2201/508994] ✅ Saved: 20260902_1209_nist_libs_1.5_wt_CeCl3_and_0.5_wt_SrCl2_and_3.5_wt_CrCl2.csv
[Run 2203/508994] ✅ Saved: 20260902_1209_nist_libs_1.5_wt_CeCl3_and_0.5_wt_SrCl2_and_4.5_wt_CrCl2.csv
[Run 2204/508994] ✅ Saved: 20260902_1209_nist_libs_1.5_wt_CeCl3_and_0.5_wt_SrCl2_and_5.0_wt_CrCl2.csv
[Run 2205/508994] ✅ Saved: 20260902_1209_nist_libs_1.5_wt_CeCl3_and_1.0_wt_SrCl2_and_0.5_wt_CrCl2.csv
[Run 2206/508994] ✅ Saved: 20260902_1209_nist_libs_1.5_wt_CeCl3_and_1.0_wt_SrCl2_and_1.0_wt_CrCl2.csv
[Run 2207/508994] ✅ Saved: 20260902_1209_nist_libs_1.5_wt_CeCl3_and_1.0_wt_SrCl2_and_1.5_wt_CrCl2.csv
[Run 2208/508994] ✅ Saved: 20260902_1209_nist_libs_1.5_wt_CeCl3_and_1.0_wt_SrCl2_and_2.0_wt_CrCl2.csv
[Run 2209/508994] ✅ Saved: 20260902_1209_nist_libs_1.5_wt_CeCl3_and_1.0_wt_SrCl2_and_2.5_wt_CrCl2.csv
[Run 2210/508994] ✅ Saved: 20260902_1209_nist_libs_1.5_wt_CeCl3_and_1.0_wt_SrCl2_and_3.0_wt_CrCl2.csv
[Run 2211/508994] ✅ Saved: 20260902_1209_nist_libs_1.5_wt_CeCl3_and_1.0_wt_SrCl2_and_3.5_wt_CrCl2.csv
[Run 2212/508994] ✅ Saved: 20260902_1209_nist_libs_1.5_wt_CeCl3_and_1.0_wt_SrCl2_and_4.0_wt_CrCl2.csv
[Run 2213/508994] ✅ Saved: 20260902_1209_nist_libs_1.5_wt_CeCl3_and_1.0_wt_SrCl2_and_4.5_wt_CrCl2.csv
[Run 2214/508994] ✅ Saved: 20260902_1209_nist_libs_1.5_wt_CeCl3_and_1.0_wt_SrCl2_and_5.0_wt_CrCl2.csv
[Run 2215/508994] ✅ Saved: 20260902_1209_nist_libs_1.5_wt_CeCl3_and_1.5_wt_SrCl2_and_0.5_wt_CrCl2.csv
[Run 2216/508994] ✅ Saved: 20260902_1209_nist_libs_1.5_wt_CeCl3_and_1.5_wt_SrCl2_and_1.0_wt_CrCl2.csv
[Run 2217/508994] ✅ Saved: 20260902_1209_nist_libs_1.5_wt_CeCl3_and_1.5_wt_SrCl2_and_1.5_wt_CrCl2.csv
[Run 2218/508994] ✅ Saved: 20260902_1209_nist_libs_1.5_wt_CeCl3_and_1.5_wt_SrCl2_and_2.0_wt_CrCl2.csv
[Run 2219/508994] ✅ Saved: 20260902_1209_nist_libs_1.5_wt_CeCl3_and_1.5_wt_SrCl2_and_2.5_wt_CrCl2.csv
[Run 2220/508994] ✅ Saved: 20260902_1209_nist_libs_1.5_wt_CeCl3_and_1.5_wt_SrCl2_and_3.0_wt_CrCl2.csv
[Run 2221/508994] ✅ Saved: 20260902_1209_nist_libs_1.5_wt_CeCl3_and_1.5_wt_SrCl2_and_3.5_wt_CrCl2.csv
[Run 2222/508994] ✅ Saved: 20260902_1209_nist_libs_1.5_wt_CeCl3_and_1.5_wt_SrCl2_and_4.0_wt_CrCl2.csv
[Run 2223/508994] ✅ Saved: 20260902_1209_nist_libs_1.5_wt_CeCl3_and_1.5_wt_SrCl2_and_4.5_wt_CrCl2.csv
[Run 2224/508994] ✅ Saved: 20260902_1209_nist_libs_1.5_wt_CeCl3_and_1.5_wt_SrCl2_and_5.0_wt_CrCl2.csv
[Run 2225/508994] ✅ Saved: 20260902_1209_nist_libs_1.5_wt_CeCl3_and_2.0_wt_SrCl2_and_0.5_wt_CrCl2.csv
[Run 2226/508994] ✅ Saved: 20260902_1209_nist_libs_1.5_wt_CeCl3_and_2.0_wt_SrCl2_and_1.0_wt_CrCl2.csv
[Run 2228/508994] ✅ Saved: 20260902_1209_nist_libs_1.5_wt_CeCl3_and_2.0_wt_SrCl2_and_2.0_wt_CrCl2.csv
[Run 2227/508994] ✅ Saved: 20260902_1209_nist_libs_1.5_wt_CeCl3_and_2.0_wt_SrCl2_and_1.5_wt_CrCl2.csv
[Run 2229/508994] ✅ Saved: 20260902_1209_nist_libs_1.5_wt_CeCl3_and_2.0_wt_SrCl2_and_2.5_wt_CrCl2.csv
[Run 2230/508994] ✅ Saved: 20260902_1209_nist_libs_1.5_wt_CeCl3_and_2.0_wt_SrCl2_and_3.0_wt_CrCl2.csv
[Run 2231/508994] ✅ Saved: 20260902_1209_nist_libs_1.5_wt_CeCl3_and_2.0_wt_SrCl2_and_3.5_wt_CrCl2.csv
[Run 2232/508994] ✅ Saved: 20260902_1209_nist_libs_1.5_wt_CeCl3_and_2.0_wt_SrCl2_and_4.0_wt_CrCl2.csv
[Run 2234/508994] ✅ Saved: 20260902_1209_nist_libs_1.5_wt_CeCl3_and_2.0_wt_SrCl2_and_5.0_wt_CrCl2.csv
[Run 2233/508994] ✅ Saved: 20260902_1209_nist_libs_1.5_wt_CeCl3_and_2.0_wt_SrCl2_and_4.5_wt_CrCl2.csv
[Run 2235/508994] ✅ Saved: 20260902_1209_nist_libs_1.5_wt_CeCl3_and_2.5_wt_SrCl2_and_0.5_wt_CrCl2.csv
[Run 2236/508994] ✅ Saved: 20260902_1209_nist_libs_1.5_wt_CeCl3_and_2.5_wt_SrCl2_and_1.0_wt_CrCl2.csv
[Run 2237/508994] ✅ Saved: 20260902_1209_nist_libs_1.5_wt_CeCl3_and_2.5_wt_SrCl2_and_1.5_wt_CrCl2.csv
[Run 2239/508994] ✅ Saved: 20260902_1209_nist_libs_1.5_wt_CeCl3_and_2.5_wt_SrCl2_and_2.5_wt_CrCl2.csv
[Run 2238/508994] ✅ Saved: 20260902_1209_nist_libs_1.5_wt_CeCl3_and_2.5_wt_SrCl2_and_2.0_wt_CrCl2.csv
[Run 2240/508994] ✅ Saved: 20260902_1209_nist_libs_1.5_wt_CeCl3_and_2.5_wt_SrCl2_and_3.0_wt_CrCl2.csv
[Run 2241/508994] ✅ Saved: 20260902_1209_nist_libs_1.5_wt_CeCl3_and_2.5_wt_SrCl2_and_3.5_wt_CrCl2.csv
[Run 2243/508994] ✅ Saved: 20260902_1209_nist_libs_1.5_wt_CeCl3_and_2.5_wt_SrCl2_and_4.5_wt_CrCl2.csv
[Run 2242/508994] ✅ Saved: 20260902_1209_nist_libs_1.5_wt_CeCl3_and_2.5_wt_SrCl2_and_4.0_wt_CrCl2.csv
[Run 2244/508994] ✅ Saved: 20260902_1209_nist_libs_1.5_wt_CeCl3_and_2.5_wt_SrCl2_and_5.0_wt_CrCl2.csv
[Run 2245/508994] ✅ Saved: 20260902_1209_nist_libs_1.5_wt_CeCl3_and_3.0_wt_SrCl2_and_0.5_wt_CrCl2.csv
[Run 2246/508994] ✅ Saved: 20260902_1209_nist_libs_1.5_wt_CeCl3_and_3.0_wt_SrCl2_and_1.0_wt_CrCl2.csv
[Run 2248/508994] ✅ Saved: 20260902_1209_nist_libs_1.5_wt_CeCl3_and_3.0_wt_SrCl2_and_2.0_wt_CrCl2.csv
[Run 2247/508994] ✅ Saved: 20260902_1209_nist_libs_1.5_wt_CeCl3_and_3.0_wt_SrCl2_and_1.5_wt_CrCl2.csv
[Run 2249/508994] ✅ Saved: 20260902_1209_nist_libs_1.5_wt_CeCl3_and_3.0_wt_SrCl2_and_2.5_wt_CrCl2.csv
[Run 2250/508994] ✅ Saved: 20260902_1209_nist_libs_1.5_wt_CeCl3_and_3.0_wt_SrCl2_and_3.0_wt_CrCl2.csv
[Run 2251/508994] ✅ Saved: 20260902_1209_nist_libs_1.5_wt_CeCl3_and_3.0_wt_SrCl2_and_3.5_wt_CrCl2.csv
[Run 2253/508994] ✅ Saved: 20260902_1209_nist_libs_1.5_wt_CeCl3_and_3.0_wt_SrCl2_and_4.5_wt_CrCl2.csv
[Run 2252/508994] ✅ Saved: 20260902_1209_nist_libs_1.5_wt_CeCl3_and_3.0_wt_SrCl2_and_4.0_wt_CrCl2.csv
[Run 2254/508994] ✅ Saved: 20260902_1209_nist_libs_1.5_wt_CeCl3_and_3.0_wt_SrCl2_and_5.0_wt_CrCl2.csv
[Run 2255/508994] ✅ Saved: 20260902_1209_nist_libs_1.5_wt_CeCl3_and_3.5_wt_SrCl2_and_0.5_wt_CrCl2.csv
[Run 2257/508994] ✅ Saved: 20260902_1209_nist_libs_1.5_wt_CeCl3_and_3.5_wt_SrCl2_and_1.5_wt_CrCl2.csv
[Run 2256/508994] ✅ Saved: 20260902_1209_nist_libs_1.5_wt_CeCl3_and_3.5_wt_SrCl2_and_1.0_wt_CrCl2.csv
[Run 2258/508994] ✅ Saved: 20260902_1209_nist_libs_1.5_wt_CeCl3_and_3.5_wt_SrCl2_and_2.0_wt_CrCl2.csv
[Run 2259/508994] ✅ Saved: 20260902_1209_nist_libs_1.5_wt_CeCl3_and_3.5_wt_SrCl2_and_2.5_wt_CrCl2.csv
[Run 2260/508994] ✅ Saved: 20260902_1209_nist_libs_1.5_wt_CeCl3_and_3.5_wt_SrCl2_and_3.0_wt_CrCl2.csv
[Run 2261/508994] ✅ Saved: 20260902_1209_nist_libs_1.5_wt_CeCl3_and_3.5_wt_SrCl2_and_3.5_wt_CrCl2.csv
[Run 2262/508994] ✅ Saved: 20260902_1209_nist_libs_1.5_wt_CeCl3_and_3.5_wt_SrCl2_and_4.0_wt_CrCl2.csv
[Run 2263/508994] ✅ Saved: 20260902_1209_nist_libs_1.5_wt_CeCl3_and_3.5_wt_SrCl2_and_4.5_wt_CrCl2.csv
[Run 2264/508994] ✅ Saved: 20260902_1209_nist_libs_1.5_wt_CeCl3_and_3.5_wt_SrCl2_and_5.0_wt_CrCl2.csv
[Run 2265/508994] ✅ Saved: 20260902_1209_nist_libs_1.5_wt_CeCl3_and_4.0_wt_SrCl2_and_0.5_wt_CrCl2.csv
[Run 2266/508994] ✅ Saved: 20260902_1209_nist_libs_1.5_wt_CeCl3_and_4.0_wt_SrCl2_and_1.0_wt_CrCl2.csv
[Run 2267/508994] ✅ Saved: 20260902_1209_nist_libs_1.5_wt_CeCl3_and_4.0_wt_SrCl2_and_1.5_wt_CrCl2.csv
[Run 2268/508994] ✅ Saved: 20260902_1209_nist_libs_1.5_wt_CeCl3_and_4.0_wt_SrCl2_and_2.0_wt_CrCl2.csv
[Run 2269/508994] ✅ Saved: 20260902_1209_nist_libs_1.5_wt_CeCl3_and_4.0_wt_SrCl2_and_2.5_wt_CrCl2.csv
[Run 2271/508994] ✅ Saved: 20260902_1209_nist_libs_1.5_wt_CeCl3_and_4.0_wt_SrCl2_and_3.5_wt_CrCl2.csv
[Run 2270/508994] ✅ Saved: 20260902_1209_nist_libs_1.5_wt_CeCl3_and_4.0_wt_SrCl2_and_3.0_wt_CrCl2.csv
[Run 2272/508994] ✅ Saved: 20260902_1209_nist_libs_1.5_wt_CeCl3_and_4.0_wt_SrCl2_and_4.0_wt_CrCl2.csv
[Run 2273/508994] ✅ Saved: 20260902_1209_nist_libs_1.5_wt_CeCl3_and_4.0_wt_SrCl2_and_4.5_wt_CrCl2.csv
[Run 2274/508994] ✅ Saved: 20260902_1209_nist_libs_1.5_wt_CeCl3_and_4.0_wt_SrCl2_and_5.0_wt_CrCl2.csv
[Run 2275/508994] ✅ Saved: 20260902_1209_nist_libs_1.5_wt_CeCl3_and_4.5_wt_SrCl2_and_0.5_wt_CrCl2.csv
[Run 2276/508994] ✅ Saved: 20260902_1209_nist_libs_1.5_wt_CeCl3_and_4.5_wt_SrCl2_and_1.0_wt_CrCl2.csv
[Run 2277/508994] ✅ Saved: 20260902_1209_nist_libs_1.5_wt_CeCl3_and_4.5_wt_SrCl2_and_1.5_wt_CrCl2.csv
[Run 2278/508994] ✅ Saved: 20260902_1209_nist_libs_1.5_wt_CeCl3_and_4.5_wt_SrCl2_and_2.0_wt_CrCl2.csv
[Run 2279/508994] ✅ Saved: 20260902_1209_nist_libs_1.5_wt_CeCl3_and_4.5_wt_SrCl2_and_2.5_wt_CrCl2.csv
[Run 2280/508994] ✅ Saved: 20260902_1209_nist_libs_1.5_wt_CeCl3_and_4.5_wt_SrCl2_and_3.0_wt_CrCl2.csv
[Run 2281/508994] ✅ Saved: 20260902_1209_nist_libs_1.5_wt_CeCl3_and_4.5_wt_SrCl2_and_3.5_wt_CrCl2.csv
[Run 2282/508994] ✅ Saved: 20260902_1209_nist_libs_1.5_wt_CeCl3_and_4.5_wt_SrCl2_and_4.0_wt_CrCl2.csv
[Run 2283/508994] ✅ Saved: 20260902_1209_nist_libs_1.5_wt_CeCl3_and_4.5_wt_SrCl2_and_4.5_wt_CrCl2.csv
[Run 2284/508994] ✅ Saved: 20260902_1209_nist_libs_1.5_wt_CeCl3_and_4.5_wt_SrCl2_and_5.0_wt_CrCl2.csv
[Run 2285/508994] ✅ Saved: 20260902_1209_nist_libs_1.5_wt_CeCl3_and_5.0_wt_SrCl2_and_0.5_wt_CrCl2.csv
[Run 2286/508994] ✅ Saved: 20260902_1209_nist_libs_1.5_wt_CeCl3_and_5.0_wt_SrCl2_and_1.0_wt_CrCl2.csv
[Run 2287/508994] ✅ Saved: 20260902_1209_nist_libs_1.5_wt_CeCl3_and_5.0_wt_SrCl2_and_1.5_wt_CrCl2.csv
[Run 2288/508994] ✅ Saved: 20260902_1209_nist_libs_1.5_wt_CeCl3_and_5.0_wt_SrCl2_and_2.0_wt_CrCl2.csv
[Run 2289/508994] ✅ Saved: 20260902_1209_nist_libs_1.5_wt_CeCl3_and_5.0_wt_SrCl2_and_2.5_wt_CrCl2.csv
[Run 2290/508994] ✅ Saved: 20260902_1209_nist_libs_1.5_wt_CeCl3_and_5.0_wt_SrCl2_and_3.0_wt_CrCl2.csv
[Run 2291/508994] ✅ Saved: 20260902_1209_nist_libs_1.5_wt_CeCl3_and_5.0_wt_SrCl2_and_3.5_wt_CrCl2.csv
[Run 2292/508994] ✅ Saved: 20260902_1209_nist_libs_1.5_wt_CeCl3_and_5.0_wt_SrCl2_and_4.0_wt_CrCl2.csv
[Run 2293/508994] ✅ Saved: 20260902_1209_nist_libs_1.5_wt_CeCl3_and_5.0_wt_SrCl2_and_4.5_wt_CrCl2.csv
[Run 2294/508994] ✅ Saved: 20260902_1209_nist_libs_1.5_wt_CeCl3_and_5.0_wt_SrCl2_and_5.0_wt_CrCl2.csv
[Run 2295/508994] ✅ Saved: 20260902_1209_nist_libs_2.0_wt_CeCl3_and_0.5_wt_SrCl2_and_0.5_wt_CrCl2.csv
[Run 2296/508994] ✅ Saved: 20260902_1209_nist_libs_2.0_wt_CeCl3_and_0.5_wt_SrCl2_and_1.0_wt_CrCl2.csv
[Run 2297/508994] ✅ Saved: 20260902_1209_nist_libs_2.0_wt_CeCl3_and_0.5_wt_SrCl2_and_1.5_wt_CrCl2.csv
[Run 2298/508994] ✅ Saved: 20260902_1209_nist_libs_2.0_wt_CeCl3_and_0.5_wt_SrCl2_and_2.0_wt_CrCl2.csv
[Run 2299/508994] ✅ Saved: 20260902_1209_nist_libs_2.0_wt_CeCl3_and_0.5_wt_SrCl2_and_2.5_wt_CrCl2.csv
[Run 2300/508994] ✅ Saved: 20260902_1209_nist_libs_2.0_wt_CeCl3_and_0.5_wt_SrCl2_and_3.0_wt_CrCl2.csv
[Run 2301/508994] ✅ Saved: 20260902_1209_nist_libs_2.0_wt_CeCl3_and_0.5_wt_SrCl2_and_3.5_wt_CrCl2.csv
[Run 2302/508994] ✅ Saved: 20260902_1209_nist_libs_2.0_wt_CeCl3_and_0.5_wt_SrCl2_and_4.0_wt_CrCl2.csv
[Run 2303/508994] ✅ Saved: 20260902_1209_nist_libs_2.0_wt_CeCl3_and_0.5_wt_SrCl2_and_4.5_wt_CrCl2.csv
[Run 2304/508994] ✅ Saved: 20260902_1209_nist_libs_2.0_wt_CeCl3_and_0.5_wt_SrCl2_and_5.0_wt_CrCl2.csv
[Run 2305/508994] ✅ Saved: 20260902_1209_nist_libs_2.0_wt_CeCl3_and_1.0_wt_SrCl2_and_0.5_wt_CrCl2.csv
[Run 2306/508994] ✅ Saved: 20260902_1209_nist_libs_2.0_wt_CeCl3_and_1.0_wt_SrCl2_and_1.0_wt_CrCl2.csv
[Run 2307/508994] ✅ Saved: 20260902_1209_nist_libs_2.0_wt_CeCl3_and_1.0_wt_SrCl2_and_1.5_wt_CrCl2.csv
[Run 2308/508994] ✅ Saved: 20260902_1209_nist_libs_2.0_wt_CeCl3_and_1.0_wt_SrCl2_and_2.0_wt_CrCl2.csv
[Run 2309/508994] ✅ Saved: 20260902_1209_nist_libs_2.0_wt_CeCl3_and_1.0_wt_SrCl2_and_2.5_wt_CrCl2.csv
[Run 2310/508994] ✅ Saved: 20260902_1209_nist_libs_2.0_wt_CeCl3_and_1.0_wt_SrCl2_and_3.0_wt_CrCl2.csv
[Run 2311/508994] ✅ Saved: 20260902_1209_nist_libs_2.0_wt_CeCl3_and_1.0_wt_SrCl2_and_3.5_wt_CrCl2.csv
[Run 2312/508994] ✅ Saved: 20260902_1209_nist_libs_2.0_wt_CeCl3_and_1.0_wt_SrCl2_and_4.0_wt_CrCl2.csv
[Run 2313/508994] ✅ Saved: 20260902_1209_nist_libs_2.0_wt_CeCl3_and_1.0_wt_SrCl2_and_4.5_wt_CrCl2.csv
[Run 2314/508994] ✅ Saved: 20260902_1209_nist_libs_2.0_wt_CeCl3_and_1.0_wt_SrCl2_and_5.0_wt_CrCl2.csv
[Run 2315/508994] ✅ Saved: 20260902_1209_nist_libs_2.0_wt_CeCl3_and_1.5_wt_SrCl2_and_0.5_wt_CrCl2.csv
[Run 2316/508994] ✅ Saved: 20260902_1209_nist_libs_2.0_wt_CeCl3_and_1.5_wt_SrCl2_and_1.0_wt_CrCl2.csv
[Run 2317/508994] ✅ Saved: 20260902_1209_nist_libs_2.0_wt_CeCl3_and_1.5_wt_SrCl2_and_1.5_wt_CrCl2.csv
[Run 2318/508994] ✅ Saved: 20260902_1209_nist_libs_2.0_wt_CeCl3_and_1.5_wt_SrCl2_and_2.0_wt_CrCl2.csv
[Run 2319/508994] ✅ Saved: 20260902_1209_nist_libs_2.0_wt_CeCl3_and_1.5_wt_SrCl2_and_2.5_wt_CrCl2.csv
[Run 2320/508994] ✅ Saved: 20260902_1209_nist_libs_2.0_wt_CeCl3_and_1.5_wt_SrCl2_and_3.0_wt_CrCl2.csv
[Run 2321/508994] ✅ Saved: 20260902_1209_nist_libs_2.0_wt_CeCl3_and_1.5_wt_SrCl2_and_3.5_wt_CrCl2.csv
[Run 2322/508994] ✅ Saved: 20260902_1209_nist_libs_2.0_wt_CeCl3_and_1.5_wt_SrCl2_and_4.0_wt_CrCl2.csv
[Run 2323/508994] ✅ Saved: 20260902_1209_nist_libs_2.0_wt_CeCl3_and_1.5_wt_SrCl2_and_4.5_wt_CrCl2.csv
[Run 2325/508994] ✅ Saved: 20260902_1209_nist_libs_2.0_wt_CeCl3_and_2.0_wt_SrCl2_and_0.5_wt_CrCl2.csv
[Run 2324/508994] ✅ Saved: 20260902_1209_nist_libs_2.0_wt_CeCl3_and_1.5_wt_SrCl2_and_5.0_wt_CrCl2.csv
[Run 2326/508994] ✅ Saved: 20260902_1209_nist_libs_2.0_wt_CeCl3_and_2.0_wt_SrCl2_and_1.0_wt_CrCl2.csv
[Run 2327/508994] ✅ Saved: 20260902_1209_nist_libs_2.0_wt_CeCl3_and_2.0_wt_SrCl2_and_1.5_wt_CrCl2.csv
[Run 2328/508994] ✅ Saved: 20260902_1209_nist_libs_2.0_wt_CeCl3_and_2.0_wt_SrCl2_and_2.0_wt_CrCl2.csv
[Run 2329/508994] ✅ Saved: 20260902_1209_nist_libs_2.0_wt_CeCl3_and_2.0_wt_SrCl2_and_2.5_wt_CrCl2.csv
[Run 2330/508994] ✅ Saved: 20260902_1209_nist_libs_2.0_wt_CeCl3_and_2.0_wt_SrCl2_and_3.0_wt_CrCl2.csv
[Run 2331/508994] ✅ Saved: 20260902_1209_nist_libs_2.0_wt_CeCl3_and_2.0_wt_SrCl2_and_3.5_wt_CrCl2.csv
[Run 2332/508994] ✅ Saved: 20260902_1209_nist_libs_2.0_wt_CeCl3_and_2.0_wt_SrCl2_and_4.0_wt_CrCl2.csv
[Run 2333/508994] ✅ Saved: 20260902_1209_nist_libs_2.0_wt_CeCl3_and_2.0_wt_SrCl2_and_4.5_wt_CrCl2.csv
[Run 2334/508994] ✅ Saved: 20260902_1209_nist_libs_2.0_wt_CeCl3_and_2.0_wt_SrCl2_and_5.0_wt_CrCl2.csv
[Run 2335/508994] ✅ Saved: 20260902_1209_nist_libs_2.0_wt_CeCl3_and_2.5_wt_SrCl2_and_0.5_wt_CrCl2.csv
[Run 2336/508994] ✅ Saved: 20260902_1209_nist_libs_2.0_wt_CeCl3_and_2.5_wt_SrCl2_and_1.0_wt_CrCl2.csv
[Run 2338/508994] ✅ Saved: 20260902_1209_nist_libs_2.0_wt_CeCl3_and_2.5_wt_SrCl2_and_2.0_wt_CrCl2.csv
[Run 2337/508994] ✅ Saved: 20260902_1209_nist_libs_2.0_wt_CeCl3_and_2.5_wt_SrCl2_and_1.5_wt_CrCl2.csv
[Run 2339/508994] ✅ Saved: 20260902_1209_nist_libs_2.0_wt_CeCl3_and_2.5_wt_SrCl2_and_2.5_wt_CrCl2.csv
[Run 2340/508994] ✅ Saved: 20260902_1209_nist_libs_2.0_wt_CeCl3_and_2.5_wt_SrCl2_and_3.0_wt_CrCl2.csv
[Run 2341/508994] ✅ Saved: 20260902_1209_nist_libs_2.0_wt_CeCl3_and_2.5_wt_SrCl2_and_3.5_wt_CrCl2.csv
[Run 2343/508994] ✅ Saved: 20260902_1209_nist_libs_2.0_wt_CeCl3_and_2.5_wt_SrCl2_and_4.5_wt_CrCl2.csv
[Run 2342/508994] ✅ Saved: 20260902_1209_nist_libs_2.0_wt_CeCl3_and_2.5_wt_SrCl2_and_4.0_wt_CrCl2.csv
[Run 2344/508994] ✅ Saved: 20260902_1209_nist_libs_2.0_wt_CeCl3_and_2.5_wt_SrCl2_and_5.0_wt_CrCl2.csv
[Run 2345/508994] ✅ Saved: 20260902_1209_nist_libs_2.0_wt_CeCl3_and_3.0_wt_SrCl2_and_0.5_wt_CrCl2.csv
[Run 2346/508994] ✅ Saved: 20260902_1209_nist_libs_2.0_wt_CeCl3_and_3.0_wt_SrCl2_and_1.0_wt_CrCl2.csv
[Run 2347/508994] ✅ Saved: 20260902_1209_nist_libs_2.0_wt_CeCl3_and_3.0_wt_SrCl2_and_1.5_wt_CrCl2.csv
[Run 2348/508994] ✅ Saved: 20260902_1209_nist_libs_2.0_wt_CeCl3_and_3.0_wt_SrCl2_and_2.0_wt_CrCl2.csv
[Run 2349/508994] ✅ Saved: 20260902_1209_nist_libs_2.0_wt_CeCl3_and_3.0_wt_SrCl2_and_2.5_wt_CrCl2.csv
[Run 2350/508994] ✅ Saved: 20260902_1209_nist_libs_2.0_wt_CeCl3_and_3.0_wt_SrCl2_and_3.0_wt_CrCl2.csv
[Run 2351/508994] ✅ Saved: 20260902_1209_nist_libs_2.0_wt_CeCl3_and_3.0_wt_SrCl2_and_3.5_wt_CrCl2.csv
[Run 2352/508994] ✅ Saved: 20260902_1209_nist_libs_2.0_wt_CeCl3_and_3.0_wt_SrCl2_and_4.0_wt_CrCl2.csv
[Run 2353/508994] ✅ Saved: 20260902_1209_nist_libs_2.0_wt_CeCl3_and_3.0_wt_SrCl2_and_4.5_wt_CrCl2.csv
[Run 2354/508994] ✅ Saved: 20260902_1209_nist_libs_2.0_wt_CeCl3_and_3.0_wt_SrCl2_and_5.0_wt_CrCl2.csv
[Run 2356/508994] ✅ Saved: 20260902_1209_nist_libs_2.0_wt_CeCl3_and_3.5_wt_SrCl2_and_1.0_wt_CrCl2.csv
[Run 2355/508994] ✅ Saved: 20260902_1209_nist_libs_2.0_wt_CeCl3_and_3.5_wt_SrCl2_and_0.5_wt_CrCl2.csv
[Run 2357/508994] ✅ Saved: 20260902_1209_nist_libs_2.0_wt_CeCl3_and_3.5_wt_SrCl2_and_1.5_wt_CrCl2.csv
[Run 2360/508994] ✅ Saved: 20260902_1209_nist_libs_2.0_wt_CeCl3_and_3.5_wt_SrCl2_and_3.0_wt_CrCl2.csv
[Run 2358/508994] ✅ Saved: 20260902_1209_nist_libs_2.0_wt_CeCl3_and_3.5_wt_SrCl2_and_2.0_wt_CrCl2.csv
[Run 2359/508994] ✅ Saved: 20260902_1209_nist_libs_2.0_wt_CeCl3_and_3.5_wt_SrCl2_and_2.5_wt_CrCl2.csv
[Run 2361/508994] ✅ Saved: 20260902_1209_nist_libs_2.0_wt_CeCl3_and_3.5_wt_SrCl2_and_3.5_wt_CrCl2.csv
[Run 2362/508994] ✅ Saved: 20260902_1209_nist_libs_2.0_wt_CeCl3_and_3.5_wt_SrCl2_and_4.0_wt_CrCl2.csv
[Run 2363/508994] ✅ Saved: 20260902_1209_nist_libs_2.0_wt_CeCl3_and_3.5_wt_SrCl2_and_4.5_wt_CrCl2.csv
[Run 2364/508994] ✅ Saved: 20260902_1209_nist_libs_2.0_wt_CeCl3_and_3.5_wt_SrCl2_and_5.0_wt_CrCl2.csv
[Run 2365/508994] ✅ Saved: 20260902_1209_nist_libs_2.0_wt_CeCl3_and_4.0_wt_SrCl2_and_0.5_wt_CrCl2.csv
[Run 2366/508994] ✅ Saved: 20260902_1209_nist_libs_2.0_wt_CeCl3_and_4.0_wt_SrCl2_and_1.0_wt_CrCl2.csv
[Run 2367/508994] ✅ Saved: 20260902_1209_nist_libs_2.0_wt_CeCl3_and_4.0_wt_SrCl2_and_1.5_wt_CrCl2.csv
[Run 2369/508994] ✅ Saved: 20260902_1209_nist_libs_2.0_wt_CeCl3_and_4.0_wt_SrCl2_and_2.5_wt_CrCl2.csv
[Run 2368/508994] ✅ Saved: 20260902_1209_nist_libs_2.0_wt_CeCl3_and_4.0_wt_SrCl2_and_2.0_wt_CrCl2.csv
[Run 2370/508994] ✅ Saved: 20260902_1209_nist_libs_2.0_wt_CeCl3_and_4.0_wt_SrCl2_and_3.0_wt_CrCl2.csv
[Run 2371/508994] ✅ Saved: 20260902_1209_nist_libs_2.0_wt_CeCl3_and_4.0_wt_SrCl2_and_3.5_wt_CrCl2.csv
[Run 2372/508994] ✅ Saved: 20260902_1209_nist_libs_2.0_wt_CeCl3_and_4.0_wt_SrCl2_and_4.0_wt_CrCl2.csv
[Run 2373/508994] ✅ Saved: 20260902_1209_nist_libs_2.0_wt_CeCl3_and_4.0_wt_SrCl2_and_4.5_wt_CrCl2.csv
[Run 2374/508994] ✅ Saved: 20260902_1209_nist_libs_2.0_wt_CeCl3_and_4.0_wt_SrCl2_and_5.0_wt_CrCl2.csv
[Run 2375/508994] ✅ Saved: 20260902_1209_nist_libs_2.0_wt_CeCl3_and_4.5_wt_SrCl2_and_0.5_wt_CrCl2.csv
[Run 2376/508994] ✅ Saved: 20260902_1209_nist_libs_2.0_wt_CeCl3_and_4.5_wt_SrCl2_and_1.0_wt_CrCl2.csv
[Run 2377/508994] ✅ Saved: 20260902_1209_nist_libs_2.0_wt_CeCl3_and_4.5_wt_SrCl2_and_1.5_wt_CrCl2.csv
[Run 2378/508994] ✅ Saved: 20260902_1209_nist_libs_2.0_wt_CeCl3_and_4.5_wt_SrCl2_and_2.0_wt_CrCl2.csv
[Run 2379/508994] ✅ Saved: 20260902_1209_nist_libs_2.0_wt_CeCl3_and_4.5_wt_SrCl2_and_2.5_wt_CrCl2.csv
[Run 2380/508994] ✅ Saved: 20260902_1209_nist_libs_2.0_wt_CeCl3_and_4.5_wt_SrCl2_and_3.0_wt_CrCl2.csv
[Run 2381/508994] ✅ Saved: 20260902_1209_nist_libs_2.0_wt_CeCl3_and_4.5_wt_SrCl2_and_3.5_wt_CrCl2.csv
[Run 2382/508994] ✅ Saved: 20260902_1209_nist_libs_2.0_wt_CeCl3_and_4.5_wt_SrCl2_and_4.0_wt_CrCl2.csv
[Run 2383/508994] ✅ Saved: 20260902_1209_nist_libs_2.0_wt_CeCl3_and_4.5_wt_SrCl2_and_4.5_wt_CrCl2.csv
[Run 2384/508994] ✅ Saved: 20260902_1209_nist_libs_2.0_wt_CeCl3_and_4.5_wt_SrCl2_and_5.0_wt_CrCl2.csv
[Run 2385/508994] ✅ Saved: 20260902_1209_nist_libs_2.0_wt_CeCl3_and_5.0_wt_SrCl2_and_0.5_wt_CrCl2.csv
[Run 2386/508994] ✅ Saved: 20260902_1209_nist_libs_2.0_wt_CeCl3_and_5.0_wt_SrCl2_and_1.0_wt_CrCl2.csv
[Run 2387/508994] ✅ Saved: 20260902_1209_nist_libs_2.0_wt_CeCl3_and_5.0_wt_SrCl2_and_1.5_wt_CrCl2.csv
[Run 2388/508994] ✅ Saved: 20260902_1209_nist_libs_2.0_wt_CeCl3_and_5.0_wt_SrCl2_and_2.0_wt_CrCl2.csv
[Run 2389/508994] ✅ Saved: 20260902_1209_nist_libs_2.0_wt_CeCl3_and_5.0_wt_SrCl2_and_2.5_wt_CrCl2.csv
[Run 2390/508994] ✅ Saved: 20260902_1209_nist_libs_2.0_wt_CeCl3_and_5.0_wt_SrCl2_and_3.0_wt_CrCl2.csv
[Run 2391/508994] ✅ Saved: 20260902_1209_nist_libs_2.0_wt_CeCl3_and_5.0_wt_SrCl2_and_3.5_wt_CrCl2.csv
[Run 2392/508994] ✅ Saved: 20260902_1209_nist_libs_2.0_wt_CeCl3_and_5.0_wt_SrCl2_and_4.0_wt_CrCl2.csv
[Run 2393/508994] ✅ Saved: 20260902_1209_nist_libs_2.0_wt_CeCl3_and_5.0_wt_SrCl2_and_4.5_wt_CrCl2.csv
[Run 2394/508994] ✅ Saved: 20260902_1209_nist_libs_2.0_wt_CeCl3_and_5.0_wt_SrCl2_and_5.0_wt_CrCl2.csv
[Run 2395/508994] ✅ Saved: 20260902_1209_nist_libs_2.5_wt_CeCl3_and_0.5_wt_SrCl2_and_0.5_wt_CrCl2.csv
[Run 2396/508994] ✅ Saved: 20260902_1209_nist_libs_2.5_wt_CeCl3_and_0.5_wt_SrCl2_and_1.0_wt_CrCl2.csv
[Run 2397/508994] ✅ Saved: 20260902_1209_nist_libs_2.5_wt_CeCl3_and_0.5_wt_SrCl2_and_1.5_wt_CrCl2.csv
[Run 2398/508994] ✅ Saved: 20260902_1209_nist_libs_2.5_wt_CeCl3_and_0.5_wt_SrCl2_and_2.0_wt_CrCl2.csv
[Run 2399/508994] ✅ Saved: 20260902_1209_nist_libs_2.5_wt_CeCl3_and_0.5_wt_SrCl2_and_2.5_wt_CrCl2.csv
[Run 2400/508994] ✅ Saved: 20260902_1209_nist_libs_2.5_wt_CeCl3_and_0.5_wt_SrCl2_and_3.0_wt_CrCl2.csv
[Run 2401/508994] ✅ Saved: 20260902_1209_nist_libs_2.5_wt_CeCl3_and_0.5_wt_SrCl2_and_3.5_wt_CrCl2.csv
[Run 2402/508994] ✅ Saved: 20260902_1209_nist_libs_2.5_wt_CeCl3_and_0.5_wt_SrCl2_and_4.0_wt_CrCl2.csv
[Run 2403/508994] ✅ Saved: 20260902_1209_nist_libs_2.5_wt_CeCl3_and_0.5_wt_SrCl2_and_4.5_wt_CrCl2.csv
[Run 2404/508994] ✅ Saved: 20260902_1209_nist_libs_2.5_wt_CeCl3_and_0.5_wt_SrCl2_and_5.0_wt_CrCl2.csv
[Run 2405/508994] ✅ Saved: 20260902_1209_nist_libs_2.5_wt_CeCl3_and_1.0_wt_SrCl2_and_0.5_wt_CrCl2.csv
[Run 2406/508994] ✅ Saved: 20260902_1209_nist_libs_2.5_wt_CeCl3_and_1.0_wt_SrCl2_and_1.0_wt_CrCl2.csv
[Run 2407/508994] ✅ Saved: 20260902_1209_nist_libs_2.5_wt_CeCl3_and_1.0_wt_SrCl2_and_1.5_wt_CrCl2.csv
[Run 2408/508994] ✅ Saved: 20260902_1209_nist_libs_2.5_wt_CeCl3_and_1.0_wt_SrCl2_and_2.0_wt_CrCl2.csv
[Run 2409/508994] ✅ Saved: 20260902_1209_nist_libs_2.5_wt_CeCl3_and_1.0_wt_SrCl2_and_2.5_wt_CrCl2.csv
[Run 2410/508994] ✅ Saved: 20260902_1209_nist_libs_2.5_wt_CeCl3_and_1.0_wt_SrCl2_and_3.0_wt_CrCl2.csv
[Run 2411/508994] ✅ Saved: 20260902_1209_nist_libs_2.5_wt_CeCl3_and_1.0_wt_SrCl2_and_3.5_wt_CrCl2.csv
[Run 2412/508994] ✅ Saved: 20260902_1209_nist_libs_2.5_wt_CeCl3_and_1.0_wt_SrCl2_and_4.0_wt_CrCl2.csv
[Run 2413/508994] ✅ Saved: 20260902_1209_nist_libs_2.5_wt_CeCl3_and_1.0_wt_SrCl2_and_4.5_wt_CrCl2.csv
[Run 2414/508994] ✅ Saved: 20260902_1209_nist_libs_2.5_wt_CeCl3_and_1.0_wt_SrCl2_and_5.0_wt_CrCl2.csv
[Run 2415/508994] ✅ Saved: 20260902_1209_nist_libs_2.5_wt_CeCl3_and_1.5_wt_SrCl2_and_0.5_wt_CrCl2.csv
[Run 2416/508994] ✅ Saved: 20260902_1209_nist_libs_2.5_wt_CeCl3_and_1.5_wt_SrCl2_and_1.0_wt_CrCl2.csv
[Run 2417/508994] ✅ Saved: 20260902_1209_nist_libs_2.5_wt_CeCl3_and_1.5_wt_SrCl2_and_1.5_wt_CrCl2.csv
[Run 2418/508994] ✅ Saved: 20260902_1209_nist_libs_2.5_wt_CeCl3_and_1.5_wt_SrCl2_and_2.0_wt_CrCl2.csv
[Run 2419/508994] ✅ Saved: 20260902_1209_nist_libs_2.5_wt_CeCl3_and_1.5_wt_SrCl2_and_2.5_wt_CrCl2.csv
[Run 2420/508994] ✅ Saved: 20260902_1209_nist_libs_2.5_wt_CeCl3_and_1.5_wt_SrCl2_and_3.0_wt_CrCl2.csv
[Run 2422/508994] ✅ Saved: 20260902_1209_nist_libs_2.5_wt_CeCl3_and_1.5_wt_SrCl2_and_4.0_wt_CrCl2.csv
[Run 2421/508994] ✅ Saved: 20260902_1209_nist_libs_2.5_wt_CeCl3_and_1.5_wt_SrCl2_and_3.5_wt_CrCl2.csv
[Run 2424/508994] ✅ Saved: 20260902_1209_nist_libs_2.5_wt_CeCl3_and_1.5_wt_SrCl2_and_5.0_wt_CrCl2.csv
[Run 2423/508994] ✅ Saved: 20260902_1209_nist_libs_2.5_wt_CeCl3_and_1.5_wt_SrCl2_and_4.5_wt_CrCl2.csv
[Run 2426/508994] ✅ Saved: 20260902_1209_nist_libs_2.5_wt_CeCl3_and_2.0_wt_SrCl2_and_1.0_wt_CrCl2.csv
[Run 2425/508994] ✅ Saved: 20260902_1209_nist_libs_2.5_wt_CeCl3_and_2.0_wt_SrCl2_and_0.5_wt_CrCl2.csv
[Run 2427/508994] ✅ Saved: 20260902_1209_nist_libs_2.5_wt_CeCl3_and_2.0_wt_SrCl2_and_1.5_wt_CrCl2.csv
[Run 2428/508994] ✅ Saved: 20260902_1209_nist_libs_2.5_wt_CeCl3_and_2.0_wt_SrCl2_and_2.0_wt_CrCl2.csv
[Run 2429/508994] ✅ Saved: 20260902_1209_nist_libs_2.5_wt_CeCl3_and_2.0_wt_SrCl2_and_2.5_wt_CrCl2.csv
[Run 2430/508994] ✅ Saved: 20260902_1209_nist_libs_2.5_wt_CeCl3_and_2.0_wt_SrCl2_and_3.0_wt_CrCl2.csv
[Run 2431/508994] ✅ Saved: 20260902_1209_nist_libs_2.5_wt_CeCl3_and_2.0_wt_SrCl2_and_3.5_wt_CrCl2.csv
[Run 2432/508994] ✅ Saved: 20260902_1209_nist_libs_2.5_wt_CeCl3_and_2.0_wt_SrCl2_and_4.0_wt_CrCl2.csv
[Run 2433/508994] ✅ Saved: 20260902_1209_nist_libs_2.5_wt_CeCl3_and_2.0_wt_SrCl2_and_4.5_wt_CrCl2.csv
[Run 2434/508994] ✅ Saved: 20260902_1209_nist_libs_2.5_wt_CeCl3_and_2.0_wt_SrCl2_and_5.0_wt_CrCl2.csv
[Run 2435/508994] ✅ Saved: 20260902_1209_nist_libs_2.5_wt_CeCl3_and_2.5_wt_SrCl2_and_0.5_wt_CrCl2.csv
[Run 2436/508994] ✅ Saved: 20260902_1209_nist_libs_2.5_wt_CeCl3_and_2.5_wt_SrCl2_and_1.0_wt_CrCl2.csv
[Run 2437/508994] ✅ Saved: 20260902_1209_nist_libs_2.5_wt_CeCl3_and_2.5_wt_SrCl2_and_1.5_wt_CrCl2.csv
[Run 2438/508994] ✅ Saved: 20260902_1209_nist_libs_2.5_wt_CeCl3_and_2.5_wt_SrCl2_and_2.0_wt_CrCl2.csv
[Run 2439/508994] ✅ Saved: 20260902_1209_nist_libs_2.5_wt_CeCl3_and_2.5_wt_SrCl2_and_2.5_wt_CrCl2.csv
[Run 2440/508994] ✅ Saved: 20260902_1209_nist_libs_2.5_wt_CeCl3_and_2.5_wt_SrCl2_and_3.0_wt_CrCl2.csv
[Run 2441/508994] ✅ Saved: 20260902_1209_nist_libs_2.5_wt_CeCl3_and_2.5_wt_SrCl2_and_3.5_wt_CrCl2.csv
[Run 2442/508994] ✅ Saved: 20260902_1209_nist_libs_2.5_wt_CeCl3_and_2.5_wt_SrCl2_and_4.0_wt_CrCl2.csv
[Run 2443/508994] ✅ Saved: 20260902_1209_nist_libs_2.5_wt_CeCl3_and_2.5_wt_SrCl2_and_4.5_wt_CrCl2.csv
[Run 2444/508994] ✅ Saved: 20260902_1209_nist_libs_2.5_wt_CeCl3_and_2.5_wt_SrCl2_and_5.0_wt_CrCl2.csv
[Run 2445/508994] ✅ Saved: 20260902_1209_nist_libs_2.5_wt_CeCl3_and_3.0_wt_SrCl2_and_0.5_wt_CrCl2.csv
[Run 2446/508994] ✅ Saved: 20260902_1209_nist_libs_2.5_wt_CeCl3_and_3.0_wt_SrCl2_and_1.0_wt_CrCl2.csv
[Run 2447/508994] ✅ Saved: 20260902_1209_nist_libs_2.5_wt_CeCl3_and_3.0_wt_SrCl2_and_1.5_wt_CrCl2.csv
[Run 2448/508994] ✅ Saved: 20260902_1209_nist_libs_2.5_wt_CeCl3_and_3.0_wt_SrCl2_and_2.0_wt_CrCl2.csv
[Run 2449/508994] ✅ Saved: 20260902_1209_nist_libs_2.5_wt_CeCl3_and_3.0_wt_SrCl2_and_2.5_wt_CrCl2.csv
[Run 2450/508994] ✅ Saved: 20260902_1209_nist_libs_2.5_wt_CeCl3_and_3.0_wt_SrCl2_and_3.0_wt_CrCl2.csv
[Run 2451/508994] ✅ Saved: 20260902_1209_nist_libs_2.5_wt_CeCl3_and_3.0_wt_SrCl2_and_3.5_wt_CrCl2.csv
[Run 2452/508994] ✅ Saved: 20260902_1209_nist_libs_2.5_wt_CeCl3_and_3.0_wt_SrCl2_and_4.0_wt_CrCl2.csv
[Run 2453/508994] ✅ Saved: 20260902_1209_nist_libs_2.5_wt_CeCl3_and_3.0_wt_SrCl2_and_4.5_wt_CrCl2.csv
[Run 2454/508994] ✅ Saved: 20260902_1209_nist_libs_2.5_wt_CeCl3_and_3.0_wt_SrCl2_and_5.0_wt_CrCl2.csv
[Run 2455/508994] ✅ Saved: 20260902_1209_nist_libs_2.5_wt_CeCl3_and_3.5_wt_SrCl2_and_0.5_wt_CrCl2.csv
[Run 2456/508994] ✅ Saved: 20260902_1209_nist_libs_2.5_wt_CeCl3_and_3.5_wt_SrCl2_and_1.0_wt_CrCl2.csv
[Run 2457/508994] ✅ Saved: 20260902_1209_nist_libs_2.5_wt_CeCl3_and_3.5_wt_SrCl2_and_1.5_wt_CrCl2.csv
[Run 2458/508994] ✅ Saved: 20260902_1209_nist_libs_2.5_wt_CeCl3_and_3.5_wt_SrCl2_and_2.0_wt_CrCl2.csv
[Run 2459/508994] ✅ Saved: 20260902_1209_nist_libs_2.5_wt_CeCl3_and_3.5_wt_SrCl2_and_2.5_wt_CrCl2.csv
[Run 2460/508994] ✅ Saved: 20260902_1209_nist_libs_2.5_wt_CeCl3_and_3.5_wt_SrCl2_and_3.0_wt_CrCl2.csv
[Run 2461/508994] ✅ Saved: 20260902_1209_nist_libs_2.5_wt_CeCl3_and_3.5_wt_SrCl2_and_3.5_wt_CrCl2.csv
[Run 2462/508994] ✅ Saved: 20260902_1209_nist_libs_2.5_wt_CeCl3_and_3.5_wt_SrCl2_and_4.0_wt_CrCl2.csv
[Run 2463/508994] ✅ Saved: 20260902_1209_nist_libs_2.5_wt_CeCl3_and_3.5_wt_SrCl2_and_4.5_wt_CrCl2.csv
[Run 2464/508994] ✅ Saved: 20260902_1209_nist_libs_2.5_wt_CeCl3_and_3.5_wt_SrCl2_and_5.0_wt_CrCl2.csv
[Run 2465/508994] ✅ Saved: 20260902_1209_nist_libs_2.5_wt_CeCl3_and_4.0_wt_SrCl2_and_0.5_wt_CrCl2.csv
[Run 2466/508994] ✅ Saved: 20260902_1209_nist_libs_2.5_wt_CeCl3_and_4.0_wt_SrCl2_and_1.0_wt_CrCl2.csv
[Run 2467/508994] ✅ Saved: 20260902_1209_nist_libs_2.5_wt_CeCl3_and_4.0_wt_SrCl2_and_1.5_wt_CrCl2.csv
[Run 2468/508994] ✅ Saved: 20260902_1209_nist_libs_2.5_wt_CeCl3_and_4.0_wt_SrCl2_and_2.0_wt_CrCl2.csv
[Run 2469/508994] ✅ Saved: 20260902_1209_nist_libs_2.5_wt_CeCl3_and_4.0_wt_SrCl2_and_2.5_wt_CrCl2.csv
[Run 2470/508994] ✅ Saved: 20260902_1209_nist_libs_2.5_wt_CeCl3_and_4.0_wt_SrCl2_and_3.0_wt_CrCl2.csv
[Run 2471/508994] ✅ Saved: 20260902_1209_nist_libs_2.5_wt_CeCl3_and_4.0_wt_SrCl2_and_3.5_wt_CrCl2.csv
[Run 2472/508994] ✅ Saved: 20260902_1209_nist_libs_2.5_wt_CeCl3_and_4.0_wt_SrCl2_and_4.0_wt_CrCl2.csv
[Run 2473/508994] ✅ Saved: 20260902_1209_nist_libs_2.5_wt_CeCl3_and_4.0_wt_SrCl2_and_4.5_wt_CrCl2.csv
[Run 2474/508994] ✅ Saved: 20260902_1209_nist_libs_2.5_wt_CeCl3_and_4.0_wt_SrCl2_and_5.0_wt_CrCl2.csv
[Run 2475/508994] ✅ Saved: 20260902_1209_nist_libs_2.5_wt_CeCl3_and_4.5_wt_SrCl2_and_0.5_wt_CrCl2.csv
[Run 2476/508994] ✅ Saved: 20260902_1209_nist_libs_2.5_wt_CeCl3_and_4.5_wt_SrCl2_and_1.0_wt_CrCl2.csv
[Run 2477/508994] ✅ Saved: 20260902_1209_nist_libs_2.5_wt_CeCl3_and_4.5_wt_SrCl2_and_1.5_wt_CrCl2.csv
[Run 2478/508994] ✅ Saved: 20260902_1209_nist_libs_2.5_wt_CeCl3_and_4.5_wt_SrCl2_and_2.0_wt_CrCl2.csv
[Run 2479/508994] ✅ Saved: 20260902_1209_nist_libs_2.5_wt_CeCl3_and_4.5_wt_SrCl2_and_2.5_wt_CrCl2.csv
[Run 2480/508994] ✅ Saved: 20260902_1209_nist_libs_2.5_wt_CeCl3_and_4.5_wt_SrCl2_and_3.0_wt_CrCl2.csv
[Run 2481/508994] ✅ Saved: 20260902_1209_nist_libs_2.5_wt_CeCl3_and_4.5_wt_SrCl2_and_3.5_wt_CrCl2.csv
[Run 2482/508994] ✅ Saved: 20260902_1209_nist_libs_2.5_wt_CeCl3_and_4.5_wt_SrCl2_and_4.0_wt_CrCl2.csv
[Run 2483/508994] ✅ Saved: 20260902_1209_nist_libs_2.5_wt_CeCl3_and_4.5_wt_SrCl2_and_4.5_wt_CrCl2.csv
[Run 2484/508994] ✅ Saved: 20260902_1209_nist_libs_2.5_wt_CeCl3_and_4.5_wt_SrCl2_and_5.0_wt_CrCl2.csv
[Run 2485/508994] ✅ Saved: 20260902_1209_nist_libs_2.5_wt_CeCl3_and_5.0_wt_SrCl2_and_0.5_wt_CrCl2.csv
[Run 2486/508994] ✅ Saved: 20260902_1209_nist_libs_2.5_wt_CeCl3_and_5.0_wt_SrCl2_and_1.0_wt_CrCl2.csv
[Run 2487/508994] ✅ Saved: 20260902_1209_nist_libs_2.5_wt_CeCl3_and_5.0_wt_SrCl2_and_1.5_wt_CrCl2.csv
[Run 2488/508994] ✅ Saved: 20260902_1209_nist_libs_2.5_wt_CeCl3_and_5.0_wt_SrCl2_and_2.0_wt_CrCl2.csv
[Run 2489/508994] ✅ Saved: 20260902_1209_nist_libs_2.5_wt_CeCl3_and_5.0_wt_SrCl2_and_2.5_wt_CrCl2.csv
[Run 2490/508994] ✅ Saved: 20260902_1209_nist_libs_2.5_wt_CeCl3_and_5.0_wt_SrCl2_and_3.0_wt_CrCl2.csv
[Run 2491/508994] ✅ Saved: 20260902_1209_nist_libs_2.5_wt_CeCl3_and_5.0_wt_SrCl2_and_3.5_wt_CrCl2.csv
[Run 2492/508994] ✅ Saved: 20260902_1209_nist_libs_2.5_wt_CeCl3_and_5.0_wt_SrCl2_and_4.0_wt_CrCl2.csv
[Run 2493/508994] ✅ Saved: 20260902_1209_nist_libs_2.5_wt_CeCl3_and_5.0_wt_SrCl2_and_4.5_wt_CrCl2.csv
[Run 2494/508994] ✅ Saved: 20260902_1209_nist_libs_2.5_wt_CeCl3_and_5.0_wt_SrCl2_and_5.0_wt_CrCl2.csv
[Run 2495/508994] ✅ Saved: 20260902_1209_nist_libs_3.0_wt_CeCl3_and_0.5_wt_SrCl2_and_0.5_wt_CrCl2.csv
[Run 2496/508994] ✅ Saved: 20260902_1209_nist_libs_3.0_wt_CeCl3_and_0.5_wt_SrCl2_and_1.0_wt_CrCl2.csv
[Run 2497/508994] ✅ Saved: 20260902_1209_nist_libs_3.0_wt_CeCl3_and_0.5_wt_SrCl2_and_1.5_wt_CrCl2.csv
[Run 2499/508994] ✅ Saved: 20260902_1209_nist_libs_3.0_wt_CeCl3_and_0.5_wt_SrCl2_and_2.5_wt_CrCl2.csv
[Run 2498/508994] ✅ Saved: 20260902_1209_nist_libs_3.0_wt_CeCl3_and_0.5_wt_SrCl2_and_2.0_wt_CrCl2.csv
[Run 2500/508994] ✅ Saved: 20260902_1209_nist_libs_3.0_wt_CeCl3_and_0.5_wt_SrCl2_and_3.0_wt_CrCl2.csv
[Run 2501/508994] ✅ Saved: 20260902_1209_nist_libs_3.0_wt_CeCl3_and_0.5_wt_SrCl2_and_3.5_wt_CrCl2.csv
[Run 2503/508994] ✅ Saved: 20260902_1209_nist_libs_3.0_wt_CeCl3_and_0.5_wt_SrCl2_and_4.5_wt_CrCl2.csv
[Run 2502/508994] ✅ Saved: 20260902_1209_nist_libs_3.0_wt_CeCl3_and_0.5_wt_SrCl2_and_4.0_wt_CrCl2.csv
[Run 2504/508994] ✅ Saved: 20260902_1209_nist_libs_3.0_wt_CeCl3_and_0.5_wt_SrCl2_and_5.0_wt_CrCl2.csv
[Run 2505/508994] ✅ Saved: 20260902_1209_nist_libs_3.0_wt_CeCl3_and_1.0_wt_SrCl2_and_0.5_wt_CrCl2.csv
[Run 2506/508994] ✅ Saved: 20260902_1209_nist_libs_3.0_wt_CeCl3_and_1.0_wt_SrCl2_and_1.0_wt_CrCl2.csv
[Run 2507/508994] ✅ Saved: 20260902_1209_nist_libs_3.0_wt_CeCl3_and_1.0_wt_SrCl2_and_1.5_wt_CrCl2.csv
[Run 2508/508994] ✅ Saved: 20260902_1209_nist_libs_3.0_wt_CeCl3_and_1.0_wt_SrCl2_and_2.0_wt_CrCl2.csv
[Run 2509/508994] ✅ Saved: 20260902_1209_nist_libs_3.0_wt_CeCl3_and_1.0_wt_SrCl2_and_2.5_wt_CrCl2.csv
[Run 2510/508994] ✅ Saved: 20260902_1209_nist_libs_3.0_wt_CeCl3_and_1.0_wt_SrCl2_and_3.0_wt_CrCl2.csv
[Run 2511/508994] ✅ Saved: 20260902_1209_nist_libs_3.0_wt_CeCl3_and_1.0_wt_SrCl2_and_3.5_wt_CrCl2.csv
[Run 2512/508994] ✅ Saved: 20260902_1209_nist_libs_3.0_wt_CeCl3_and_1.0_wt_SrCl2_and_4.0_wt_CrCl2.csv
[Run 2513/508994] ✅ Saved: 20260902_1209_nist_libs_3.0_wt_CeCl3_and_1.0_wt_SrCl2_and_4.5_wt_CrCl2.csv
[Run 2514/508994] ✅ Saved: 20260902_1209_nist_libs_3.0_wt_CeCl3_and_1.0_wt_SrCl2_and_5.0_wt_CrCl2.csv
[Run 2515/508994] ✅ Saved: 20260902_1209_nist_libs_3.0_wt_CeCl3_and_1.5_wt_SrCl2_and_0.5_wt_CrCl2.csv
[Run 2516/508994] ✅ Saved: 20260902_1209_nist_libs_3.0_wt_CeCl3_and_1.5_wt_SrCl2_and_1.0_wt_CrCl2.csv
[Run 2517/508994] ✅ Saved: 20260902_1209_nist_libs_3.0_wt_CeCl3_and_1.5_wt_SrCl2_and_1.5_wt_CrCl2.csv
[Run 2518/508994] ✅ Saved: 20260902_1209_nist_libs_3.0_wt_CeCl3_and_1.5_wt_SrCl2_and_2.0_wt_CrCl2.csv
[Run 2519/508994] ✅ Saved: 20260902_1209_nist_libs_3.0_wt_CeCl3_and_1.5_wt_SrCl2_and_2.5_wt_CrCl2.csv
[Run 2520/508994] ✅ Saved: 20260902_1209_nist_libs_3.0_wt_CeCl3_and_1.5_wt_SrCl2_and_3.0_wt_CrCl2.csv
[Run 2521/508994] ✅ Saved: 20260902_1209_nist_libs_3.0_wt_CeCl3_and_1.5_wt_SrCl2_and_3.5_wt_CrCl2.csv
[Run 2522/508994] ✅ Saved: 20260902_1209_nist_libs_3.0_wt_CeCl3_and_1.5_wt_SrCl2_and_4.0_wt_CrCl2.csv
[Run 2523/508994] ✅ Saved: 20260902_1209_nist_libs_3.0_wt_CeCl3_and_1.5_wt_SrCl2_and_4.5_wt_CrCl2.csv
[Run 2524/508994] ✅ Saved: 20260902_1209_nist_libs_3.0_wt_CeCl3_and_1.5_wt_SrCl2_and_5.0_wt_CrCl2.csv
[Run 2525/508994] ✅ Saved: 20260902_1209_nist_libs_3.0_wt_CeCl3_and_2.0_wt_SrCl2_and_0.5_wt_CrCl2.csv
[Run 2526/508994] ✅ Saved: 20260902_1209_nist_libs_3.0_wt_CeCl3_and_2.0_wt_SrCl2_and_1.0_wt_CrCl2.csv
[Run 2527/508994] ✅ Saved: 20260902_1209_nist_libs_3.0_wt_CeCl3_and_2.0_wt_SrCl2_and_1.5_wt_CrCl2.csv
[Run 2528/508994] ✅ Saved: 20260902_1209_nist_libs_3.0_wt_CeCl3_and_2.0_wt_SrCl2_and_2.0_wt_CrCl2.csv
[Run 2529/508994] ✅ Saved: 20260902_1209_nist_libs_3.0_wt_CeCl3_and_2.0_wt_SrCl2_and_2.5_wt_CrCl2.csv
[Run 2530/508994] ✅ Saved: 20260902_1209_nist_libs_3.0_wt_CeCl3_and_2.0_wt_SrCl2_and_3.0_wt_CrCl2.csv
[Run 2531/508994] ✅ Saved: 20260902_1209_nist_libs_3.0_wt_CeCl3_and_2.0_wt_SrCl2_and_3.5_wt_CrCl2.csv
[Run 2532/508994] ✅ Saved: 20260902_1209_nist_libs_3.0_wt_CeCl3_and_2.0_wt_SrCl2_and_4.0_wt_CrCl2.csv
[Run 2535/508994] ✅ Saved: 20260902_1209_nist_libs_3.0_wt_CeCl3_and_2.5_wt_SrCl2_and_0.5_wt_CrCl2.csv
[Run 2534/508994] ✅ Saved: 20260902_1209_nist_libs_3.0_wt_CeCl3_and_2.0_wt_SrCl2_and_5.0_wt_CrCl2.csv
[Run 2533/508994] ✅ Saved: 20260902_1209_nist_libs_3.0_wt_CeCl3_and_2.0_wt_SrCl2_and_4.5_wt_CrCl2.csv
[Run 2536/508994] ✅ Saved: 20260902_1209_nist_libs_3.0_wt_CeCl3_and_2.5_wt_SrCl2_and_1.0_wt_CrCl2.csv
[Run 2537/508994] ✅ Saved: 20260902_1209_nist_libs_3.0_wt_CeCl3_and_2.5_wt_SrCl2_and_1.5_wt_CrCl2.csv
[Run 2539/508994] ✅ Saved: 20260902_1209_nist_libs_3.0_wt_CeCl3_and_2.5_wt_SrCl2_and_2.5_wt_CrCl2.csv
[Run 2538/508994] ✅ Saved: 20260902_1209_nist_libs_3.0_wt_CeCl3_and_2.5_wt_SrCl2_and_2.0_wt_CrCl2.csv
[Run 2540/508994] ✅ Saved: 20260902_1209_nist_libs_3.0_wt_CeCl3_and_2.5_wt_SrCl2_and_3.0_wt_CrCl2.csv
[Run 2541/508994] ✅ Saved: 20260902_1209_nist_libs_3.0_wt_CeCl3_and_2.5_wt_SrCl2_and_3.5_wt_CrCl2.csv
[Run 2542/508994] ✅ Saved: 20260902_1209_nist_libs_3.0_wt_CeCl3_and_2.5_wt_SrCl2_and_4.0_wt_CrCl2.csv
[Run 2543/508994] ✅ Saved: 20260902_1209_nist_libs_3.0_wt_CeCl3_and_2.5_wt_SrCl2_and_4.5_wt_CrCl2.csv
[Run 2544/508994] ✅ Saved: 20260902_1209_nist_libs_3.0_wt_CeCl3_and_2.5_wt_SrCl2_and_5.0_wt_CrCl2.csv
[Run 2545/508994] ✅ Saved: 20260902_1209_nist_libs_3.0_wt_CeCl3_and_3.0_wt_SrCl2_and_0.5_wt_CrCl2.csv
[Run 2546/508994] ✅ Saved: 20260902_1209_nist_libs_3.0_wt_CeCl3_and_3.0_wt_SrCl2_and_1.0_wt_CrCl2.csv
[Run 2547/508994] ✅ Saved: 20260902_1209_nist_libs_3.0_wt_CeCl3_and_3.0_wt_SrCl2_and_1.5_wt_CrCl2.csv
[Run 2548/508994] ✅ Saved: 20260902_1209_nist_libs_3.0_wt_CeCl3_and_3.0_wt_SrCl2_and_2.0_wt_CrCl2.csv
[Run 2549/508994] ✅ Saved: 20260902_1209_nist_libs_3.0_wt_CeCl3_and_3.0_wt_SrCl2_and_2.5_wt_CrCl2.csv
[Run 2550/508994] ✅ Saved: 20260902_1209_nist_libs_3.0_wt_CeCl3_and_3.0_wt_SrCl2_and_3.0_wt_CrCl2.csv
[Run 2551/508994] ✅ Saved: 20260902_1209_nist_libs_3.0_wt_CeCl3_and_3.0_wt_SrCl2_and_3.5_wt_CrCl2.csv
[Run 2552/508994] ✅ Saved: 20260902_1209_nist_libs_3.0_wt_CeCl3_and_3.0_wt_SrCl2_and_4.0_wt_CrCl2.csv
[Run 2553/508994] ✅ Saved: 20260902_1209_nist_libs_3.0_wt_CeCl3_and_3.0_wt_SrCl2_and_4.5_wt_CrCl2.csv
[Run 2554/508994] ✅ Saved: 20260902_1209_nist_libs_3.0_wt_CeCl3_and_3.0_wt_SrCl2_and_5.0_wt_CrCl2.csv
[Run 2555/508994] ✅ Saved: 20260902_1209_nist_libs_3.0_wt_CeCl3_and_3.5_wt_SrCl2_and_0.5_wt_CrCl2.csv
[Run 2556/508994] ✅ Saved: 20260902_1209_nist_libs_3.0_wt_CeCl3_and_3.5_wt_SrCl2_and_1.0_wt_CrCl2.csv
[Run 2557/508994] ✅ Saved: 20260902_1209_nist_libs_3.0_wt_CeCl3_and_3.5_wt_SrCl2_and_1.5_wt_CrCl2.csv
[Run 2558/508994] ✅ Saved: 20260902_1209_nist_libs_3.0_wt_CeCl3_and_3.5_wt_SrCl2_and_2.0_wt_CrCl2.csv
[Run 2559/508994] ✅ Saved: 20260902_1209_nist_libs_3.0_wt_CeCl3_and_3.5_wt_SrCl2_and_2.5_wt_CrCl2.csv
[Run 2560/508994] ✅ Saved: 20260902_1209_nist_libs_3.0_wt_CeCl3_and_3.5_wt_SrCl2_and_3.0_wt_CrCl2.csv
[Run 2561/508994] ✅ Saved: 20260902_1209_nist_libs_3.0_wt_CeCl3_and_3.5_wt_SrCl2_and_3.5_wt_CrCl2.csv
[Run 2562/508994] ✅ Saved: 20260902_1209_nist_libs_3.0_wt_CeCl3_and_3.5_wt_SrCl2_and_4.0_wt_CrCl2.csv
[Run 2563/508994] ✅ Saved: 20260902_1209_nist_libs_3.0_wt_CeCl3_and_3.5_wt_SrCl2_and_4.5_wt_CrCl2.csv
[Run 2564/508994] ✅ Saved: 20260902_1209_nist_libs_3.0_wt_CeCl3_and_3.5_wt_SrCl2_and_5.0_wt_CrCl2.csv
[Run 2565/508994] ✅ Saved: 20260902_1209_nist_libs_3.0_wt_CeCl3_and_4.0_wt_SrCl2_and_0.5_wt_CrCl2.csv
[Run 2566/508994] ✅ Saved: 20260902_1209_nist_libs_3.0_wt_CeCl3_and_4.0_wt_SrCl2_and_1.0_wt_CrCl2.csv
[Run 2567/508994] ✅ Saved: 20260902_1209_nist_libs_3.0_wt_CeCl3_and_4.0_wt_SrCl2_and_1.5_wt_CrCl2.csv
[Run 2568/508994] ✅ Saved: 20260902_1209_nist_libs_3.0_wt_CeCl3_and_4.0_wt_SrCl2_and_2.0_wt_CrCl2.csv
[Run 2569/508994] ✅ Saved: 20260902_1209_nist_libs_3.0_wt_CeCl3_and_4.0_wt_SrCl2_and_2.5_wt_CrCl2.csv
[Run 2570/508994] ✅ Saved: 20260902_1209_nist_libs_3.0_wt_CeCl3_and_4.0_wt_SrCl2_and_3.0_wt_CrCl2.csv
[Run 2571/508994] ✅ Saved: 20260902_1209_nist_libs_3.0_wt_CeCl3_and_4.0_wt_SrCl2_and_3.5_wt_CrCl2.csv
[Run 2572/508994] ✅ Saved: 20260902_1209_nist_libs_3.0_wt_CeCl3_and_4.0_wt_SrCl2_and_4.0_wt_CrCl2.csv
[Run 2574/508994] ✅ Saved: 20260902_1209_nist_libs_3.0_wt_CeCl3_and_4.0_wt_SrCl2_and_5.0_wt_CrCl2.csv
[Run 2573/508994] ✅ Saved: 20260902_1209_nist_libs_3.0_wt_CeCl3_and_4.0_wt_SrCl2_and_4.5_wt_CrCl2.csv
[Run 2575/508994] ✅ Saved: 20260902_1209_nist_libs_3.0_wt_CeCl3_and_4.5_wt_SrCl2_and_0.5_wt_CrCl2.csv
[Run 2576/508994] ✅ Saved: 20260902_1209_nist_libs_3.0_wt_CeCl3_and_4.5_wt_SrCl2_and_1.0_wt_CrCl2.csv
[Run 2577/508994] ✅ Saved: 20260902_1209_nist_libs_3.0_wt_CeCl3_and_4.5_wt_SrCl2_and_1.5_wt_CrCl2.csv
[Run 2578/508994] ✅ Saved: 20260902_1209_nist_libs_3.0_wt_CeCl3_and_4.5_wt_SrCl2_and_2.0_wt_CrCl2.csv
[Run 2579/508994] ✅ Saved: 20260902_1209_nist_libs_3.0_wt_CeCl3_and_4.5_wt_SrCl2_and_2.5_wt_CrCl2.csv
[Run 2580/508994] ✅ Saved: 20260902_1209_nist_libs_3.0_wt_CeCl3_and_4.5_wt_SrCl2_and_3.0_wt_CrCl2.csv
[Run 2581/508994] ✅ Saved: 20260902_1209_nist_libs_3.0_wt_CeCl3_and_4.5_wt_SrCl2_and_3.5_wt_CrCl2.csv
[Run 2582/508994] ✅ Saved: 20260902_1209_nist_libs_3.0_wt_CeCl3_and_4.5_wt_SrCl2_and_4.0_wt_CrCl2.csv
[Run 2583/508994] ✅ Saved: 20260902_1209_nist_libs_3.0_wt_CeCl3_and_4.5_wt_SrCl2_and_4.5_wt_CrCl2.csv
[Run 2584/508994] ✅ Saved: 20260902_1209_nist_libs_3.0_wt_CeCl3_and_4.5_wt_SrCl2_and_5.0_wt_CrCl2.csv
[Run 2585/508994] ✅ Saved: 20260902_1209_nist_libs_3.0_wt_CeCl3_and_5.0_wt_SrCl2_and_0.5_wt_CrCl2.csv
[Run 2586/508994] ✅ Saved: 20260902_1209_nist_libs_3.0_wt_CeCl3_and_5.0_wt_SrCl2_and_1.0_wt_CrCl2.csv
[Run 2587/508994] ✅ Saved: 20260902_1209_nist_libs_3.0_wt_CeCl3_and_5.0_wt_SrCl2_and_1.5_wt_CrCl2.csv
[Run 2588/508994] ✅ Saved: 20260902_1209_nist_libs_3.0_wt_CeCl3_and_5.0_wt_SrCl2_and_2.0_wt_CrCl2.csv
[Run 2589/508994] ✅ Saved: 20260902_1209_nist_libs_3.0_wt_CeCl3_and_5.0_wt_SrCl2_and_2.5_wt_CrCl2.csv
[Run 2590/508994] ✅ Saved: 20260902_1209_nist_libs_3.0_wt_CeCl3_and_5.0_wt_SrCl2_and_3.0_wt_CrCl2.csv
[Run 2591/508994] ✅ Saved: 20260902_1209_nist_libs_3.0_wt_CeCl3_and_5.0_wt_SrCl2_and_3.5_wt_CrCl2.csv
[Run 2592/508994] ✅ Saved: 20260902_1209_nist_libs_3.0_wt_CeCl3_and_5.0_wt_SrCl2_and_4.0_wt_CrCl2.csv
[Run 2593/508994] ✅ Saved: 20260902_1209_nist_libs_3.0_wt_CeCl3_and_5.0_wt_SrCl2_and_4.5_wt_CrCl2.csv
[Run 2594/508994] ✅ Saved: 20260902_1209_nist_libs_3.0_wt_CeCl3_and_5.0_wt_SrCl2_and_5.0_wt_CrCl2.csv
[Run 2595/508994] ✅ Saved: 20260902_1209_nist_libs_3.5_wt_CeCl3_and_0.5_wt_SrCl2_and_0.5_wt_CrCl2.csv
[Run 2596/508994] ✅ Saved: 20260902_1209_nist_libs_3.5_wt_CeCl3_and_0.5_wt_SrCl2_and_1.0_wt_CrCl2.csv
[Run 2597/508994] ✅ Saved: 20260902_1209_nist_libs_3.5_wt_CeCl3_and_0.5_wt_SrCl2_and_1.5_wt_CrCl2.csv
[Run 2598/508994] ✅ Saved: 20260902_1209_nist_libs_3.5_wt_CeCl3_and_0.5_wt_SrCl2_and_2.0_wt_CrCl2.csv
[Run 2599/508994] ✅ Saved: 20260902_1209_nist_libs_3.5_wt_CeCl3_and_0.5_wt_SrCl2_and_2.5_wt_CrCl2.csv
[Run 2600/508994] ✅ Saved: 20260902_1209_nist_libs_3.5_wt_CeCl3_and_0.5_wt_SrCl2_and_3.0_wt_CrCl2.csv
[Run 2601/508994] ✅ Saved: 20260902_1209_nist_libs_3.5_wt_CeCl3_and_0.5_wt_SrCl2_and_3.5_wt_CrCl2.csv
[Run 2602/508994] ✅ Saved: 20260902_1209_nist_libs_3.5_wt_CeCl3_and_0.5_wt_SrCl2_and_4.0_wt_CrCl2.csv
[Run 2604/508994] ✅ Saved: 20260902_1209_nist_libs_3.5_wt_CeCl3_and_0.5_wt_SrCl2_and_5.0_wt_CrCl2.csv
[Run 2603/508994] ✅ Saved: 20260902_1209_nist_libs_3.5_wt_CeCl3_and_0.5_wt_SrCl2_and_4.5_wt_CrCl2.csv
[Run 2605/508994] ✅ Saved: 20260902_1209_nist_libs_3.5_wt_CeCl3_and_1.0_wt_SrCl2_and_0.5_wt_CrCl2.csv
[Run 2606/508994] ✅ Saved: 20260902_1209_nist_libs_3.5_wt_CeCl3_and_1.0_wt_SrCl2_and_1.0_wt_CrCl2.csv
[Run 2608/508994] ✅ Saved: 20260902_1209_nist_libs_3.5_wt_CeCl3_and_1.0_wt_SrCl2_and_2.0_wt_CrCl2.csv
[Run 2607/508994] ✅ Saved: 20260902_1209_nist_libs_3.5_wt_CeCl3_and_1.0_wt_SrCl2_and_1.5_wt_CrCl2.csv
[Run 2609/508994] ✅ Saved: 20260902_1209_nist_libs_3.5_wt_CeCl3_and_1.0_wt_SrCl2_and_2.5_wt_CrCl2.csv
[Run 2610/508994] ✅ Saved: 20260902_1209_nist_libs_3.5_wt_CeCl3_and_1.0_wt_SrCl2_and_3.0_wt_CrCl2.csv
[Run 2612/508994] ✅ Saved: 20260902_1209_nist_libs_3.5_wt_CeCl3_and_1.0_wt_SrCl2_and_4.0_wt_CrCl2.csv
[Run 2613/508994] ✅ Saved: 20260902_1209_nist_libs_3.5_wt_CeCl3_and_1.0_wt_SrCl2_and_4.5_wt_CrCl2.csv
[Run 2611/508994] ✅ Saved: 20260902_1209_nist_libs_3.5_wt_CeCl3_and_1.0_wt_SrCl2_and_3.5_wt_CrCl2.csv
[Run 2614/508994] ✅ Saved: 20260902_1209_nist_libs_3.5_wt_CeCl3_and_1.0_wt_SrCl2_and_5.0_wt_CrCl2.csv
[Run 2615/508994] ✅ Saved: 20260902_1209_nist_libs_3.5_wt_CeCl3_and_1.5_wt_SrCl2_and_0.5_wt_CrCl2.csv
[Run 2616/508994] ✅ Saved: 20260902_1209_nist_libs_3.5_wt_CeCl3_and_1.5_wt_SrCl2_and_1.0_wt_CrCl2.csv
[Run 2618/508994] ✅ Saved: 20260902_1209_nist_libs_3.5_wt_CeCl3_and_1.5_wt_SrCl2_and_2.0_wt_CrCl2.csv
[Run 2617/508994] ✅ Saved: 20260902_1209_nist_libs_3.5_wt_CeCl3_and_1.5_wt_SrCl2_and_1.5_wt_CrCl2.csv
[Run 2619/508994] ✅ Saved: 20260902_1209_nist_libs_3.5_wt_CeCl3_and_1.5_wt_SrCl2_and_2.5_wt_CrCl2.csv
[Run 2620/508994] ✅ Saved: 20260902_1209_nist_libs_3.5_wt_CeCl3_and_1.5_wt_SrCl2_and_3.0_wt_CrCl2.csv
[Run 2621/508994] ✅ Saved: 20260902_1209_nist_libs_3.5_wt_CeCl3_and_1.5_wt_SrCl2_and_3.5_wt_CrCl2.csv
[Run 2622/508994] ✅ Saved: 20260902_1209_nist_libs_3.5_wt_CeCl3_and_1.5_wt_SrCl2_and_4.0_wt_CrCl2.csv
[Run 2623/508994] ✅ Saved: 20260902_1209_nist_libs_3.5_wt_CeCl3_and_1.5_wt_SrCl2_and_4.5_wt_CrCl2.csv
[Run 2624/508994] ✅ Saved: 20260902_1209_nist_libs_3.5_wt_CeCl3_and_1.5_wt_SrCl2_and_5.0_wt_CrCl2.csv
[Run 2625/508994] ✅ Saved: 20260902_1209_nist_libs_3.5_wt_CeCl3_and_2.0_wt_SrCl2_and_0.5_wt_CrCl2.csv
[Run 2626/508994] ✅ Saved: 20260902_1209_nist_libs_3.5_wt_CeCl3_and_2.0_wt_SrCl2_and_1.0_wt_CrCl2.csv
[Run 2627/508994] ✅ Saved: 20260902_1209_nist_libs_3.5_wt_CeCl3_and_2.0_wt_SrCl2_and_1.5_wt_CrCl2.csv
[Run 2628/508994] ✅ Saved: 20260902_1209_nist_libs_3.5_wt_CeCl3_and_2.0_wt_SrCl2_and_2.0_wt_CrCl2.csv
[Run 2630/508994] ✅ Saved: 20260902_1209_nist_libs_3.5_wt_CeCl3_and_2.0_wt_SrCl2_and_3.0_wt_CrCl2.csv
[Run 2629/508994] ✅ Saved: 20260902_1209_nist_libs_3.5_wt_CeCl3_and_2.0_wt_SrCl2_and_2.5_wt_CrCl2.csv
[Run 2631/508994] ✅ Saved: 20260902_1209_nist_libs_3.5_wt_CeCl3_and_2.0_wt_SrCl2_and_3.5_wt_CrCl2.csv
[Run 2632/508994] ✅ Saved: 20260902_1209_nist_libs_3.5_wt_CeCl3_and_2.0_wt_SrCl2_and_4.0_wt_CrCl2.csv
[Run 2633/508994] ✅ Saved: 20260902_1209_nist_libs_3.5_wt_CeCl3_and_2.0_wt_SrCl2_and_4.5_wt_CrCl2.csv
[Run 2635/508994] ✅ Saved: 20260902_1209_nist_libs_3.5_wt_CeCl3_and_2.5_wt_SrCl2_and_0.5_wt_CrCl2.csv
[Run 2636/508994] ✅ Saved: 20260902_1209_nist_libs_3.5_wt_CeCl3_and_2.5_wt_SrCl2_and_1.0_wt_CrCl2.csv
[Run 2634/508994] ✅ Saved: 20260902_1209_nist_libs_3.5_wt_CeCl3_and_2.0_wt_SrCl2_and_5.0_wt_CrCl2.csv
[Run 2637/508994] ✅ Saved: 20260902_1209_nist_libs_3.5_wt_CeCl3_and_2.5_wt_SrCl2_and_1.5_wt_CrCl2.csv
[Run 2638/508994] ✅ Saved: 20260902_1209_nist_libs_3.5_wt_CeCl3_and_2.5_wt_SrCl2_and_2.0_wt_CrCl2.csv
[Run 2639/508994] ✅ Saved: 20260902_1209_nist_libs_3.5_wt_CeCl3_and_2.5_wt_SrCl2_and_2.5_wt_CrCl2.csv
[Run 2640/508994] ✅ Saved: 20260902_1209_nist_libs_3.5_wt_CeCl3_and_2.5_wt_SrCl2_and_3.0_wt_CrCl2.csv
[Run 2641/508994] ✅ Saved: 20260902_1209_nist_libs_3.5_wt_CeCl3_and_2.5_wt_SrCl2_and_3.5_wt_CrCl2.csv
[Run 2642/508994] ✅ Saved: 20260902_1209_nist_libs_3.5_wt_CeCl3_and_2.5_wt_SrCl2_and_4.0_wt_CrCl2.csv
[Run 2643/508994] ✅ Saved: 20260902_1209_nist_libs_3.5_wt_CeCl3_and_2.5_wt_SrCl2_and_4.5_wt_CrCl2.csv
[Run 2644/508994] ✅ Saved: 20260902_1209_nist_libs_3.5_wt_CeCl3_and_2.5_wt_SrCl2_and_5.0_wt_CrCl2.csv
[Run 2645/508994] ✅ Saved: 20260902_1209_nist_libs_3.5_wt_CeCl3_and_3.0_wt_SrCl2_and_0.5_wt_CrCl2.csv
[Run 2646/508994] ✅ Saved: 20260902_1209_nist_libs_3.5_wt_CeCl3_and_3.0_wt_SrCl2_and_1.0_wt_CrCl2.csv
[Run 2647/508994] ✅ Saved: 20260902_1209_nist_libs_3.5_wt_CeCl3_and_3.0_wt_SrCl2_and_1.5_wt_CrCl2.csv
[Run 2648/508994] ✅ Saved: 20260902_1209_nist_libs_3.5_wt_CeCl3_and_3.0_wt_SrCl2_and_2.0_wt_CrCl2.csv
[Run 2649/508994] ✅ Saved: 20260902_1209_nist_libs_3.5_wt_CeCl3_and_3.0_wt_SrCl2_and_2.5_wt_CrCl2.csv
[Run 2650/508994] ✅ Saved: 20260902_1209_nist_libs_3.5_wt_CeCl3_and_3.0_wt_SrCl2_and_3.0_wt_CrCl2.csv
[Run 2651/508994] ✅ Saved: 20260902_1209_nist_libs_3.5_wt_CeCl3_and_3.0_wt_SrCl2_and_3.5_wt_CrCl2.csv
[Run 2652/508994] ✅ Saved: 20260902_1209_nist_libs_3.5_wt_CeCl3_and_3.0_wt_SrCl2_and_4.0_wt_CrCl2.csv
[Run 2653/508994] ✅ Saved: 20260902_1209_nist_libs_3.5_wt_CeCl3_and_3.0_wt_SrCl2_and_4.5_wt_CrCl2.csv
[Run 2654/508994] ✅ Saved: 20260902_1209_nist_libs_3.5_wt_CeCl3_and_3.0_wt_SrCl2_and_5.0_wt_CrCl2.csv
[Run 2655/508994] ✅ Saved: 20260902_1209_nist_libs_3.5_wt_CeCl3_and_3.5_wt_SrCl2_and_0.5_wt_CrCl2.csv
[Run 2656/508994] ✅ Saved: 20260902_1209_nist_libs_3.5_wt_CeCl3_and_3.5_wt_SrCl2_and_1.0_wt_CrCl2.csv
[Run 2657/508994] ✅ Saved: 20260902_1209_nist_libs_3.5_wt_CeCl3_and_3.5_wt_SrCl2_and_1.5_wt_CrCl2.csv
[Run 2658/508994] ✅ Saved: 20260902_1209_nist_libs_3.5_wt_CeCl3_and_3.5_wt_SrCl2_and_2.0_wt_CrCl2.csv
[Run 2659/508994] ✅ Saved: 20260902_1209_nist_libs_3.5_wt_CeCl3_and_3.5_wt_SrCl2_and_2.5_wt_CrCl2.csv
[Run 2660/508994] ✅ Saved: 20260902_1209_nist_libs_3.5_wt_CeCl3_and_3.5_wt_SrCl2_and_3.0_wt_CrCl2.csv
[Run 2662/508994] ✅ Saved: 20260902_1209_nist_libs_3.5_wt_CeCl3_and_3.5_wt_SrCl2_and_4.0_wt_CrCl2.csv
[Run 2661/508994] ✅ Saved: 20260902_1209_nist_libs_3.5_wt_CeCl3_and_3.5_wt_SrCl2_and_3.5_wt_CrCl2.csv
[Run 2663/508994] ✅ Saved: 20260902_1209_nist_libs_3.5_wt_CeCl3_and_3.5_wt_SrCl2_and_4.5_wt_CrCl2.csv
[Run 2664/508994] ✅ Saved: 20260902_1209_nist_libs_3.5_wt_CeCl3_and_3.5_wt_SrCl2_and_5.0_wt_CrCl2.csv
[Run 2665/508994] ✅ Saved: 20260902_1209_nist_libs_3.5_wt_CeCl3_and_4.0_wt_SrCl2_and_0.5_wt_CrCl2.csv
[Run 2666/508994] ✅ Saved: 20260902_1209_nist_libs_3.5_wt_CeCl3_and_4.0_wt_SrCl2_and_1.0_wt_CrCl2.csv
[Run 2667/508994] ✅ Saved: 20260902_1209_nist_libs_3.5_wt_CeCl3_and_4.0_wt_SrCl2_and_1.5_wt_CrCl2.csv
[Run 2668/508994] ✅ Saved: 20260902_1209_nist_libs_3.5_wt_CeCl3_and_4.0_wt_SrCl2_and_2.0_wt_CrCl2.csv
[Run 2669/508994] ✅ Saved: 20260902_1209_nist_libs_3.5_wt_CeCl3_and_4.0_wt_SrCl2_and_2.5_wt_CrCl2.csv
[Run 2670/508994] ✅ Saved: 20260902_1209_nist_libs_3.5_wt_CeCl3_and_4.0_wt_SrCl2_and_3.0_wt_CrCl2.csv
[Run 2671/508994] ✅ Saved: 20260902_1209_nist_libs_3.5_wt_CeCl3_and_4.0_wt_SrCl2_and_3.5_wt_CrCl2.csv
[Run 2672/508994] ✅ Saved: 20260902_1209_nist_libs_3.5_wt_CeCl3_and_4.0_wt_SrCl2_and_4.0_wt_CrCl2.csv
[Run 2673/508994] ✅ Saved: 20260902_1209_nist_libs_3.5_wt_CeCl3_and_4.0_wt_SrCl2_and_4.5_wt_CrCl2.csv
[Run 2674/508994] ✅ Saved: 20260902_1209_nist_libs_3.5_wt_CeCl3_and_4.0_wt_SrCl2_and_5.0_wt_CrCl2.csv
[Run 2675/508994] ✅ Saved: 20260902_1209_nist_libs_3.5_wt_CeCl3_and_4.5_wt_SrCl2_and_0.5_wt_CrCl2.csv
[Run 2676/508994] ✅ Saved: 20260902_1209_nist_libs_3.5_wt_CeCl3_and_4.5_wt_SrCl2_and_1.0_wt_CrCl2.csv
[Run 2677/508994] ✅ Saved: 20260902_1209_nist_libs_3.5_wt_CeCl3_and_4.5_wt_SrCl2_and_1.5_wt_CrCl2.csv
[Run 2678/508994] ✅ Saved: 20260902_1209_nist_libs_3.5_wt_CeCl3_and_4.5_wt_SrCl2_and_2.0_wt_CrCl2.csv
[Run 2679/508994] ✅ Saved: 20260902_1209_nist_libs_3.5_wt_CeCl3_and_4.5_wt_SrCl2_and_2.5_wt_CrCl2.csv
[Run 2680/508994] ✅ Saved: 20260902_1209_nist_libs_3.5_wt_CeCl3_and_4.5_wt_SrCl2_and_3.0_wt_CrCl2.csv
[Run 2681/508994] ✅ Saved: 20260902_1209_nist_libs_3.5_wt_CeCl3_and_4.5_wt_SrCl2_and_3.5_wt_CrCl2.csv
[Run 2682/508994] ✅ Saved: 20260902_1209_nist_libs_3.5_wt_CeCl3_and_4.5_wt_SrCl2_and_4.0_wt_CrCl2.csv
[Run 2683/508994] ✅ Saved: 20260902_1209_nist_libs_3.5_wt_CeCl3_and_4.5_wt_SrCl2_and_4.5_wt_CrCl2.csv
[Run 2684/508994] ✅ Saved: 20260902_1209_nist_libs_3.5_wt_CeCl3_and_4.5_wt_SrCl2_and_5.0_wt_CrCl2.csv
[Run 2685/508994] ✅ Saved: 20260902_1209_nist_libs_3.5_wt_CeCl3_and_5.0_wt_SrCl2_and_0.5_wt_CrCl2.csv
[Run 2686/508994] ✅ Saved: 20260902_1209_nist_libs_3.5_wt_CeCl3_and_5.0_wt_SrCl2_and_1.0_wt_CrCl2.csv
[Run 2687/508994] ✅ Saved: 20260902_1209_nist_libs_3.5_wt_CeCl3_and_5.0_wt_SrCl2_and_1.5_wt_CrCl2.csv
[Run 2688/508994] ✅ Saved: 20260902_1209_nist_libs_3.5_wt_CeCl3_and_5.0_wt_SrCl2_and_2.0_wt_CrCl2.csv
[Run 2689/508994] ✅ Saved: 20260902_1209_nist_libs_3.5_wt_CeCl3_and_5.0_wt_SrCl2_and_2.5_wt_CrCl2.csv
[Run 2690/508994] ✅ Saved: 20260902_1209_nist_libs_3.5_wt_CeCl3_and_5.0_wt_SrCl2_and_3.0_wt_CrCl2.csv
[Run 2691/508994] ✅ Saved: 20260902_1209_nist_libs_3.5_wt_CeCl3_and_5.0_wt_SrCl2_and_3.5_wt_CrCl2.csv
[Run 2692/508994] ✅ Saved: 20260902_1209_nist_libs_3.5_wt_CeCl3_and_5.0_wt_SrCl2_and_4.0_wt_CrCl2.csv
[Run 2693/508994] ✅ Saved: 20260902_1209_nist_libs_3.5_wt_CeCl3_and_5.0_wt_SrCl2_and_4.5_wt_CrCl2.csv
[Run 2694/508994] ✅ Saved: 20260902_1209_nist_libs_3.5_wt_CeCl3_and_5.0_wt_SrCl2_and_5.0_wt_CrCl2.csv
[Run 2695/508994] ✅ Saved: 20260902_1209_nist_libs_4.0_wt_CeCl3_and_0.5_wt_SrCl2_and_0.5_wt_CrCl2.csv
[Run 2696/508994] ✅ Saved: 20260902_1209_nist_libs_4.0_wt_CeCl3_and_0.5_wt_SrCl2_and_1.0_wt_CrCl2.csv
[Run 2697/508994] ✅ Saved: 20260902_1209_nist_libs_4.0_wt_CeCl3_and_0.5_wt_SrCl2_and_1.5_wt_CrCl2.csv
[Run 2698/508994] ✅ Saved: 20260902_1209_nist_libs_4.0_wt_CeCl3_and_0.5_wt_SrCl2_and_2.0_wt_CrCl2.csv
[Run 2699/508994] ✅ Saved: 20260902_1209_nist_libs_4.0_wt_CeCl3_and_0.5_wt_SrCl2_and_2.5_wt_CrCl2.csv
[Run 2700/508994] ✅ Saved: 20260902_1209_nist_libs_4.0_wt_CeCl3_and_0.5_wt_SrCl2_and_3.0_wt_CrCl2.csv
[Run 2701/508994] ✅ Saved: 20260902_1209_nist_libs_4.0_wt_CeCl3_and_0.5_wt_SrCl2_and_3.5_wt_CrCl2.csv
[Run 2702/508994] ✅ Saved: 20260902_1209_nist_libs_4.0_wt_CeCl3_and_0.5_wt_SrCl2_and_4.0_wt_CrCl2.csv
[Run 2703/508994] ✅ Saved: 20260902_1209_nist_libs_4.0_wt_CeCl3_and_0.5_wt_SrCl2_and_4.5_wt_CrCl2.csv
[Run 2704/508994] ✅ Saved: 20260902_1209_nist_libs_4.0_wt_CeCl3_and_0.5_wt_SrCl2_and_5.0_wt_CrCl2.csv
[Run 2705/508994] ✅ Saved: 20260902_1209_nist_libs_4.0_wt_CeCl3_and_1.0_wt_SrCl2_and_0.5_wt_CrCl2.csv
[Run 2706/508994] ✅ Saved: 20260902_1209_nist_libs_4.0_wt_CeCl3_and_1.0_wt_SrCl2_and_1.0_wt_CrCl2.csv
[Run 2707/508994] ✅ Saved: 20260902_1209_nist_libs_4.0_wt_CeCl3_and_1.0_wt_SrCl2_and_1.5_wt_CrCl2.csv
[Run 2709/508994] ✅ Saved: 20260902_1209_nist_libs_4.0_wt_CeCl3_and_1.0_wt_SrCl2_and_2.5_wt_CrCl2.csv
[Run 2708/508994] ✅ Saved: 20260902_1209_nist_libs_4.0_wt_CeCl3_and_1.0_wt_SrCl2_and_2.0_wt_CrCl2.csv
[Run 2710/508994] ✅ Saved: 20260902_1209_nist_libs_4.0_wt_CeCl3_and_1.0_wt_SrCl2_and_3.0_wt_CrCl2.csv
[Run 2711/508994] ✅ Saved: 20260902_1209_nist_libs_4.0_wt_CeCl3_and_1.0_wt_SrCl2_and_3.5_wt_CrCl2.csv
[Run 2712/508994] ✅ Saved: 20260902_1209_nist_libs_4.0_wt_CeCl3_and_1.0_wt_SrCl2_and_4.0_wt_CrCl2.csv
[Run 2713/508994] ✅ Saved: 20260902_1209_nist_libs_4.0_wt_CeCl3_and_1.0_wt_SrCl2_and_4.5_wt_CrCl2.csv
[Run 2714/508994] ✅ Saved: 20260902_1209_nist_libs_4.0_wt_CeCl3_and_1.0_wt_SrCl2_and_5.0_wt_CrCl2.csv
[Run 2715/508994] ✅ Saved: 20260902_1209_nist_libs_4.0_wt_CeCl3_and_1.5_wt_SrCl2_and_0.5_wt_CrCl2.csv
[Run 2716/508994] ✅ Saved: 20260902_1209_nist_libs_4.0_wt_CeCl3_and_1.5_wt_SrCl2_and_1.0_wt_CrCl2.csv
[Run 2717/508994] ✅ Saved: 20260902_1209_nist_libs_4.0_wt_CeCl3_and_1.5_wt_SrCl2_and_1.5_wt_CrCl2.csv
[Run 2719/508994] ✅ Saved: 20260902_1209_nist_libs_4.0_wt_CeCl3_and_1.5_wt_SrCl2_and_2.5_wt_CrCl2.csv
[Run 2718/508994] ✅ Saved: 20260902_1209_nist_libs_4.0_wt_CeCl3_and_1.5_wt_SrCl2_and_2.0_wt_CrCl2.csv
[Run 2720/508994] ✅ Saved: 20260902_1209_nist_libs_4.0_wt_CeCl3_and_1.5_wt_SrCl2_and_3.0_wt_CrCl2.csv
[Run 2721/508994] ✅ Saved: 20260902_1209_nist_libs_4.0_wt_CeCl3_and_1.5_wt_SrCl2_and_3.5_wt_CrCl2.csv
[Run 2723/508994] ✅ Saved: 20260902_1209_nist_libs_4.0_wt_CeCl3_and_1.5_wt_SrCl2_and_4.5_wt_CrCl2.csv
[Run 2722/508994] ✅ Saved: 20260902_1209_nist_libs_4.0_wt_CeCl3_and_1.5_wt_SrCl2_and_4.0_wt_CrCl2.csv
[Run 2724/508994] ✅ Saved: 20260902_1209_nist_libs_4.0_wt_CeCl3_and_1.5_wt_SrCl2_and_5.0_wt_CrCl2.csv
[Run 2725/508994] ✅ Saved: 20260902_1209_nist_libs_4.0_wt_CeCl3_and_2.0_wt_SrCl2_and_0.5_wt_CrCl2.csv
[Run 2726/508994] ✅ Saved: 20260902_1209_nist_libs_4.0_wt_CeCl3_and_2.0_wt_SrCl2_and_1.0_wt_CrCl2.csv
[Run 2727/508994] ✅ Saved: 20260902_1209_nist_libs_4.0_wt_CeCl3_and_2.0_wt_SrCl2_and_1.5_wt_CrCl2.csv
[Run 2728/508994] ✅ Saved: 20260902_1209_nist_libs_4.0_wt_CeCl3_and_2.0_wt_SrCl2_and_2.0_wt_CrCl2.csv
[Run 2729/508994] ✅ Saved: 20260902_1209_nist_libs_4.0_wt_CeCl3_and_2.0_wt_SrCl2_and_2.5_wt_CrCl2.csv
[Run 2730/508994] ✅ Saved: 20260902_1209_nist_libs_4.0_wt_CeCl3_and_2.0_wt_SrCl2_and_3.0_wt_CrCl2.csv
[Run 2731/508994] ✅ Saved: 20260902_1209_nist_libs_4.0_wt_CeCl3_and_2.0_wt_SrCl2_and_3.5_wt_CrCl2.csv
[Run 2733/508994] ✅ Saved: 20260902_1209_nist_libs_4.0_wt_CeCl3_and_2.0_wt_SrCl2_and_4.5_wt_CrCl2.csv
[Run 2732/508994] ✅ Saved: 20260902_1209_nist_libs_4.0_wt_CeCl3_and_2.0_wt_SrCl2_and_4.0_wt_CrCl2.csv
[Run 2734/508994] ✅ Saved: 20260902_1209_nist_libs_4.0_wt_CeCl3_and_2.0_wt_SrCl2_and_5.0_wt_CrCl2.csv
[Run 2735/508994] ✅ Saved: 20260902_1209_nist_libs_4.0_wt_CeCl3_and_2.5_wt_SrCl2_and_0.5_wt_CrCl2.csv
[Run 2736/508994] ✅ Saved: 20260902_1209_nist_libs_4.0_wt_CeCl3_and_2.5_wt_SrCl2_and_1.0_wt_CrCl2.csv
[Run 2737/508994] ✅ Saved: 20260902_1209_nist_libs_4.0_wt_CeCl3_and_2.5_wt_SrCl2_and_1.5_wt_CrCl2.csv
[Run 2738/508994] ✅ Saved: 20260902_1209_nist_libs_4.0_wt_CeCl3_and_2.5_wt_SrCl2_and_2.0_wt_CrCl2.csv
[Run 2739/508994] ✅ Saved: 20260902_1209_nist_libs_4.0_wt_CeCl3_and_2.5_wt_SrCl2_and_2.5_wt_CrCl2.csv
[Run 2740/508994] ✅ Saved: 20260902_1209_nist_libs_4.0_wt_CeCl3_and_2.5_wt_SrCl2_and_3.0_wt_CrCl2.csv
[Run 2741/508994] ✅ Saved: 20260902_1209_nist_libs_4.0_wt_CeCl3_and_2.5_wt_SrCl2_and_3.5_wt_CrCl2.csv
[Run 2743/508994] ✅ Saved: 20260902_1209_nist_libs_4.0_wt_CeCl3_and_2.5_wt_SrCl2_and_4.5_wt_CrCl2.csv
[Run 2742/508994] ✅ Saved: 20260902_1209_nist_libs_4.0_wt_CeCl3_and_2.5_wt_SrCl2_and_4.0_wt_CrCl2.csv
[Run 2744/508994] ✅ Saved: 20260902_1209_nist_libs_4.0_wt_CeCl3_and_2.5_wt_SrCl2_and_5.0_wt_CrCl2.csv
[Run 2745/508994] ✅ Saved: 20260902_1209_nist_libs_4.0_wt_CeCl3_and_3.0_wt_SrCl2_and_0.5_wt_CrCl2.csv
[Run 2747/508994] ✅ Saved: 20260902_1209_nist_libs_4.0_wt_CeCl3_and_3.0_wt_SrCl2_and_1.5_wt_CrCl2.csv
[Run 2746/508994] ✅ Saved: 20260902_1209_nist_libs_4.0_wt_CeCl3_and_3.0_wt_SrCl2_and_1.0_wt_CrCl2.csv
[Run 2748/508994] ✅ Saved: 20260902_1209_nist_libs_4.0_wt_CeCl3_and_3.0_wt_SrCl2_and_2.0_wt_CrCl2.csv
[Run 2749/508994] ✅ Saved: 20260902_1209_nist_libs_4.0_wt_CeCl3_and_3.0_wt_SrCl2_and_2.5_wt_CrCl2.csv
[Run 2750/508994] ✅ Saved: 20260902_1209_nist_libs_4.0_wt_CeCl3_and_3.0_wt_SrCl2_and_3.0_wt_CrCl2.csv
[Run 2751/508994] ✅ Saved: 20260902_1209_nist_libs_4.0_wt_CeCl3_and_3.0_wt_SrCl2_and_3.5_wt_CrCl2.csv
[Run 2752/508994] ✅ Saved: 20260902_1209_nist_libs_4.0_wt_CeCl3_and_3.0_wt_SrCl2_and_4.0_wt_CrCl2.csv
[Run 2753/508994] ✅ Saved: 20260902_1209_nist_libs_4.0_wt_CeCl3_and_3.0_wt_SrCl2_and_4.5_wt_CrCl2.csv
[Run 2754/508994] ✅ Saved: 20260902_1209_nist_libs_4.0_wt_CeCl3_and_3.0_wt_SrCl2_and_5.0_wt_CrCl2.csv
[Run 2755/508994] ✅ Saved: 20260902_1209_nist_libs_4.0_wt_CeCl3_and_3.5_wt_SrCl2_and_0.5_wt_CrCl2.csv
[Run 2756/508994] ✅ Saved: 20260902_1209_nist_libs_4.0_wt_CeCl3_and_3.5_wt_SrCl2_and_1.0_wt_CrCl2.csv
[Run 2757/508994] ✅ Saved: 20260902_1209_nist_libs_4.0_wt_CeCl3_and_3.5_wt_SrCl2_and_1.5_wt_CrCl2.csv
[Run 2758/508994] ✅ Saved: 20260902_1209_nist_libs_4.0_wt_CeCl3_and_3.5_wt_SrCl2_and_2.0_wt_CrCl2.csv
[Run 2759/508994] ✅ Saved: 20260902_1209_nist_libs_4.0_wt_CeCl3_and_3.5_wt_SrCl2_and_2.5_wt_CrCl2.csv
[Run 2760/508994] ✅ Saved: 20260902_1209_nist_libs_4.0_wt_CeCl3_and_3.5_wt_SrCl2_and_3.0_wt_CrCl2.csv
[Run 2761/508994] ✅ Saved: 20260902_1209_nist_libs_4.0_wt_CeCl3_and_3.5_wt_SrCl2_and_3.5_wt_CrCl2.csv
[Run 2762/508994] ✅ Saved: 20260902_1209_nist_libs_4.0_wt_CeCl3_and_3.5_wt_SrCl2_and_4.0_wt_CrCl2.csv
[Run 2763/508994] ✅ Saved: 20260902_1209_nist_libs_4.0_wt_CeCl3_and_3.5_wt_SrCl2_and_4.5_wt_CrCl2.csv
[Run 2764/508994] ✅ Saved: 20260902_1209_nist_libs_4.0_wt_CeCl3_and_3.5_wt_SrCl2_and_5.0_wt_CrCl2.csv
[Run 2765/508994] ✅ Saved: 20260902_1209_nist_libs_4.0_wt_CeCl3_and_4.0_wt_SrCl2_and_0.5_wt_CrCl2.csv
[Run 2766/508994] ✅ Saved: 20260902_1209_nist_libs_4.0_wt_CeCl3_and_4.0_wt_SrCl2_and_1.0_wt_CrCl2.csv
[Run 2767/508994] ✅ Saved: 20260902_1209_nist_libs_4.0_wt_CeCl3_and_4.0_wt_SrCl2_and_1.5_wt_CrCl2.csv
[Run 2768/508994] ✅ Saved: 20260902_1209_nist_libs_4.0_wt_CeCl3_and_4.0_wt_SrCl2_and_2.0_wt_CrCl2.csv
[Run 2769/508994] ✅ Saved: 20260902_1209_nist_libs_4.0_wt_CeCl3_and_4.0_wt_SrCl2_and_2.5_wt_CrCl2.csv
[Run 2770/508994] ✅ Saved: 20260902_1209_nist_libs_4.0_wt_CeCl3_and_4.0_wt_SrCl2_and_3.0_wt_CrCl2.csv
[Run 2771/508994] ✅ Saved: 20260902_1209_nist_libs_4.0_wt_CeCl3_and_4.0_wt_SrCl2_and_3.5_wt_CrCl2.csv
[Run 2772/508994] ✅ Saved: 20260902_1209_nist_libs_4.0_wt_CeCl3_and_4.0_wt_SrCl2_and_4.0_wt_CrCl2.csv
[Run 2773/508994] ✅ Saved: 20260902_1209_nist_libs_4.0_wt_CeCl3_and_4.0_wt_SrCl2_and_4.5_wt_CrCl2.csv
[Run 2774/508994] ✅ Saved: 20260902_1209_nist_libs_4.0_wt_CeCl3_and_4.0_wt_SrCl2_and_5.0_wt_CrCl2.csv
[Run 2775/508994] ✅ Saved: 20260902_1209_nist_libs_4.0_wt_CeCl3_and_4.5_wt_SrCl2_and_0.5_wt_CrCl2.csv
[Run 2776/508994] ✅ Saved: 20260902_1209_nist_libs_4.0_wt_CeCl3_and_4.5_wt_SrCl2_and_1.0_wt_CrCl2.csv
[Run 2777/508994] ✅ Saved: 20260902_1209_nist_libs_4.0_wt_CeCl3_and_4.5_wt_SrCl2_and_1.5_wt_CrCl2.csv
[Run 2778/508994] ✅ Saved: 20260902_1209_nist_libs_4.0_wt_CeCl3_and_4.5_wt_SrCl2_and_2.0_wt_CrCl2.csv
[Run 2779/508994] ✅ Saved: 20260902_1209_nist_libs_4.0_wt_CeCl3_and_4.5_wt_SrCl2_and_2.5_wt_CrCl2.csv
[Run 2780/508994] ✅ Saved: 20260902_1209_nist_libs_4.0_wt_CeCl3_and_4.5_wt_SrCl2_and_3.0_wt_CrCl2.csv
[Run 2781/508994] ✅ Saved: 20260902_1209_nist_libs_4.0_wt_CeCl3_and_4.5_wt_SrCl2_and_3.5_wt_CrCl2.csv
[Run 2782/508994] ✅ Saved: 20260902_1209_nist_libs_4.0_wt_CeCl3_and_4.5_wt_SrCl2_and_4.0_wt_CrCl2.csv
[Run 2783/508994] ✅ Saved: 20260902_1209_nist_libs_4.0_wt_CeCl3_and_4.5_wt_SrCl2_and_4.5_wt_CrCl2.csv
[Run 2784/508994] ✅ Saved: 20260902_1209_nist_libs_4.0_wt_CeCl3_and_4.5_wt_SrCl2_and_5.0_wt_CrCl2.csv
[Run 2785/508994] ✅ Saved: 20260902_1209_nist_libs_4.0_wt_CeCl3_and_5.0_wt_SrCl2_and_0.5_wt_CrCl2.csv
[Run 2786/508994] ✅ Saved: 20260902_1209_nist_libs_4.0_wt_CeCl3_and_5.0_wt_SrCl2_and_1.0_wt_CrCl2.csv
[Run 2787/508994] ✅ Saved: 20260902_1209_nist_libs_4.0_wt_CeCl3_and_5.0_wt_SrCl2_and_1.5_wt_CrCl2.csv
[Run 2788/508994] ✅ Saved: 20260902_1209_nist_libs_4.0_wt_CeCl3_and_5.0_wt_SrCl2_and_2.0_wt_CrCl2.csv
[Run 2789/508994] ✅ Saved: 20260902_1209_nist_libs_4.0_wt_CeCl3_and_5.0_wt_SrCl2_and_2.5_wt_CrCl2.csv
[Run 2790/508994] ✅ Saved: 20260902_1209_nist_libs_4.0_wt_CeCl3_and_5.0_wt_SrCl2_and_3.0_wt_CrCl2.csv
[Run 2791/508994] ✅ Saved: 20260902_1209_nist_libs_4.0_wt_CeCl3_and_5.0_wt_SrCl2_and_3.5_wt_CrCl2.csv
[Run 2792/508994] ✅ Saved: 20260902_1209_nist_libs_4.0_wt_CeCl3_and_5.0_wt_SrCl2_and_4.0_wt_CrCl2.csv
[Run 2793/508994] ✅ Saved: 20260902_1209_nist_libs_4.0_wt_CeCl3_and_5.0_wt_SrCl2_and_4.5_wt_CrCl2.csv
[Run 2794/508994] ✅ Saved: 20260902_1209_nist_libs_4.0_wt_CeCl3_and_5.0_wt_SrCl2_and_5.0_wt_CrCl2.csv
[Run 2795/508994] ✅ Saved: 20260902_1209_nist_libs_4.5_wt_CeCl3_and_0.5_wt_SrCl2_and_0.5_wt_CrCl2.csv
[Run 2796/508994] ✅ Saved: 20260902_1209_nist_libs_4.5_wt_CeCl3_and_0.5_wt_SrCl2_and_1.0_wt_CrCl2.csv
[Run 2797/508994] ✅ Saved: 20260902_1209_nist_libs_4.5_wt_CeCl3_and_0.5_wt_SrCl2_and_1.5_wt_CrCl2.csv
[Run 2798/508994] ✅ Saved: 20260902_1209_nist_libs_4.5_wt_CeCl3_and_0.5_wt_SrCl2_and_2.0_wt_CrCl2.csv
[Run 2799/508994] ✅ Saved: 20260902_1209_nist_libs_4.5_wt_CeCl3_and_0.5_wt_SrCl2_and_2.5_wt_CrCl2.csv
[Run 2801/508994] ✅ Saved: 20260902_1209_nist_libs_4.5_wt_CeCl3_and_0.5_wt_SrCl2_and_3.5_wt_CrCl2.csv
[Run 2800/508994] ✅ Saved: 20260902_1209_nist_libs_4.5_wt_CeCl3_and_0.5_wt_SrCl2_and_3.0_wt_CrCl2.csv
[Run 2802/508994] ✅ Saved: 20260902_1209_nist_libs_4.5_wt_CeCl3_and_0.5_wt_SrCl2_and_4.0_wt_CrCl2.csv
[Run 2803/508994] ✅ Saved: 20260902_1209_nist_libs_4.5_wt_CeCl3_and_0.5_wt_SrCl2_and_4.5_wt_CrCl2.csv
[Run 2804/508994] ✅ Saved: 20260902_1209_nist_libs_4.5_wt_CeCl3_and_0.5_wt_SrCl2_and_5.0_wt_CrCl2.csv
[Run 2805/508994] ✅ Saved: 20260902_1209_nist_libs_4.5_wt_CeCl3_and_1.0_wt_SrCl2_and_0.5_wt_CrCl2.csv
[Run 2806/508994] ✅ Saved: 20260902_1209_nist_libs_4.5_wt_CeCl3_and_1.0_wt_SrCl2_and_1.0_wt_CrCl2.csv
[Run 2807/508994] ✅ Saved: 20260902_1209_nist_libs_4.5_wt_CeCl3_and_1.0_wt_SrCl2_and_1.5_wt_CrCl2.csv
[Run 2808/508994] ✅ Saved: 20260902_1209_nist_libs_4.5_wt_CeCl3_and_1.0_wt_SrCl2_and_2.0_wt_CrCl2.csv
[Run 2809/508994] ✅ Saved: 20260902_1209_nist_libs_4.5_wt_CeCl3_and_1.0_wt_SrCl2_and_2.5_wt_CrCl2.csv
[Run 2810/508994] ✅ Saved: 20260902_1209_nist_libs_4.5_wt_CeCl3_and_1.0_wt_SrCl2_and_3.0_wt_CrCl2.csv
[Run 2811/508994] ✅ Saved: 20260902_1209_nist_libs_4.5_wt_CeCl3_and_1.0_wt_SrCl2_and_3.5_wt_CrCl2.csv
[Run 2812/508994] ✅ Saved: 20260902_1209_nist_libs_4.5_wt_CeCl3_and_1.0_wt_SrCl2_and_4.0_wt_CrCl2.csv
[Run 2813/508994] ✅ Saved: 20260902_1209_nist_libs_4.5_wt_CeCl3_and_1.0_wt_SrCl2_and_4.5_wt_CrCl2.csv
[Run 2814/508994] ✅ Saved: 20260902_1209_nist_libs_4.5_wt_CeCl3_and_1.0_wt_SrCl2_and_5.0_wt_CrCl2.csv
[Run 2815/508994] ✅ Saved: 20260902_1209_nist_libs_4.5_wt_CeCl3_and_1.5_wt_SrCl2_and_0.5_wt_CrCl2.csv
[Run 2816/508994] ✅ Saved: 20260902_1209_nist_libs_4.5_wt_CeCl3_and_1.5_wt_SrCl2_and_1.0_wt_CrCl2.csv
[Run 2817/508994] ✅ Saved: 20260902_1209_nist_libs_4.5_wt_CeCl3_and_1.5_wt_SrCl2_and_1.5_wt_CrCl2.csv
[Run 2819/508994] ✅ Saved: 20260902_1209_nist_libs_4.5_wt_CeCl3_and_1.5_wt_SrCl2_and_2.5_wt_CrCl2.csv
[Run 2818/508994] ✅ Saved: 20260902_1209_nist_libs_4.5_wt_CeCl3_and_1.5_wt_SrCl2_and_2.0_wt_CrCl2.csv
[Run 2820/508994] ✅ Saved: 20260902_1209_nist_libs_4.5_wt_CeCl3_and_1.5_wt_SrCl2_and_3.0_wt_CrCl2.csv
[Run 2821/508994] ✅ Saved: 20260902_1209_nist_libs_4.5_wt_CeCl3_and_1.5_wt_SrCl2_and_3.5_wt_CrCl2.csv
[Run 2822/508994] ✅ Saved: 20260902_1209_nist_libs_4.5_wt_CeCl3_and_1.5_wt_SrCl2_and_4.0_wt_CrCl2.csv
[Run 2823/508994] ✅ Saved: 20260902_1209_nist_libs_4.5_wt_CeCl3_and_1.5_wt_SrCl2_and_4.5_wt_CrCl2.csv
[Run 2824/508994] ✅ Saved: 20260902_1209_nist_libs_4.5_wt_CeCl3_and_1.5_wt_SrCl2_and_5.0_wt_CrCl2.csv
[Run 2825/508994] ✅ Saved: 20260902_1209_nist_libs_4.5_wt_CeCl3_and_2.0_wt_SrCl2_and_0.5_wt_CrCl2.csv
[Run 2826/508994] ✅ Saved: 20260902_1209_nist_libs_4.5_wt_CeCl3_and_2.0_wt_SrCl2_and_1.0_wt_CrCl2.csv
[Run 2827/508994] ✅ Saved: 20260902_1209_nist_libs_4.5_wt_CeCl3_and_2.0_wt_SrCl2_and_1.5_wt_CrCl2.csv
[Run 2828/508994] ✅ Saved: 20260902_1209_nist_libs_4.5_wt_CeCl3_and_2.0_wt_SrCl2_and_2.0_wt_CrCl2.csv
[Run 2829/508994] ✅ Saved: 20260902_1209_nist_libs_4.5_wt_CeCl3_and_2.0_wt_SrCl2_and_2.5_wt_CrCl2.csv
[Run 2830/508994] ✅ Saved: 20260902_1209_nist_libs_4.5_wt_CeCl3_and_2.0_wt_SrCl2_and_3.0_wt_CrCl2.csv
[Run 2831/508994] ✅ Saved: 20260902_1209_nist_libs_4.5_wt_CeCl3_and_2.0_wt_SrCl2_and_3.5_wt_CrCl2.csv
[Run 2832/508994] ✅ Saved: 20260902_1209_nist_libs_4.5_wt_CeCl3_and_2.0_wt_SrCl2_and_4.0_wt_CrCl2.csv
[Run 2833/508994] ✅ Saved: 20260902_1209_nist_libs_4.5_wt_CeCl3_and_2.0_wt_SrCl2_and_4.5_wt_CrCl2.csv
[Run 2834/508994] ✅ Saved: 20260902_1209_nist_libs_4.5_wt_CeCl3_and_2.0_wt_SrCl2_and_5.0_wt_CrCl2.csv
[Run 2835/508994] ✅ Saved: 20260902_1209_nist_libs_4.5_wt_CeCl3_and_2.5_wt_SrCl2_and_0.5_wt_CrCl2.csv
[Run 2837/508994] ✅ Saved: 20260902_1209_nist_libs_4.5_wt_CeCl3_and_2.5_wt_SrCl2_and_1.5_wt_CrCl2.csv
[Run 2836/508994] ✅ Saved: 20260902_1209_nist_libs_4.5_wt_CeCl3_and_2.5_wt_SrCl2_and_1.0_wt_CrCl2.csv
[Run 2838/508994] ✅ Saved: 20260902_1209_nist_libs_4.5_wt_CeCl3_and_2.5_wt_SrCl2_and_2.0_wt_CrCl2.csv
[Run 2839/508994] ✅ Saved: 20260902_1209_nist_libs_4.5_wt_CeCl3_and_2.5_wt_SrCl2_and_2.5_wt_CrCl2.csv
[Run 2840/508994] ✅ Saved: 20260902_1209_nist_libs_4.5_wt_CeCl3_and_2.5_wt_SrCl2_and_3.0_wt_CrCl2.csv
[Run 2841/508994] ✅ Saved: 20260902_1209_nist_libs_4.5_wt_CeCl3_and_2.5_wt_SrCl2_and_3.5_wt_CrCl2.csv
[Run 2842/508994] ✅ Saved: 20260902_1209_nist_libs_4.5_wt_CeCl3_and_2.5_wt_SrCl2_and_4.0_wt_CrCl2.csv
[Run 2843/508994] ✅ Saved: 20260902_1209_nist_libs_4.5_wt_CeCl3_and_2.5_wt_SrCl2_and_4.5_wt_CrCl2.csv
[Run 2844/508994] ✅ Saved: 20260902_1209_nist_libs_4.5_wt_CeCl3_and_2.5_wt_SrCl2_and_5.0_wt_CrCl2.csv
[Run 2845/508994] ✅ Saved: 20260902_1209_nist_libs_4.5_wt_CeCl3_and_3.0_wt_SrCl2_and_0.5_wt_CrCl2.csv
[Run 2846/508994] ✅ Saved: 20260902_1209_nist_libs_4.5_wt_CeCl3_and_3.0_wt_SrCl2_and_1.0_wt_CrCl2.csv
[Run 2847/508994] ✅ Saved: 20260902_1209_nist_libs_4.5_wt_CeCl3_and_3.0_wt_SrCl2_and_1.5_wt_CrCl2.csv
[Run 2848/508994] ✅ Saved: 20260902_1209_nist_libs_4.5_wt_CeCl3_and_3.0_wt_SrCl2_and_2.0_wt_CrCl2.csv
[Run 2849/508994] ✅ Saved: 20260902_1209_nist_libs_4.5_wt_CeCl3_and_3.0_wt_SrCl2_and_2.5_wt_CrCl2.csv
[Run 2850/508994] ✅ Saved: 20260902_1209_nist_libs_4.5_wt_CeCl3_and_3.0_wt_SrCl2_and_3.0_wt_CrCl2.csv
[Run 2851/508994] ✅ Saved: 20260902_1209_nist_libs_4.5_wt_CeCl3_and_3.0_wt_SrCl2_and_3.5_wt_CrCl2.csv
[Run 2852/508994] ✅ Saved: 20260902_1209_nist_libs_4.5_wt_CeCl3_and_3.0_wt_SrCl2_and_4.0_wt_CrCl2.csv
[Run 2853/508994] ✅ Saved: 20260902_1209_nist_libs_4.5_wt_CeCl3_and_3.0_wt_SrCl2_and_4.5_wt_CrCl2.csv
[Run 2854/508994] ✅ Saved: 20260902_1209_nist_libs_4.5_wt_CeCl3_and_3.0_wt_SrCl2_and_5.0_wt_CrCl2.csv
[Run 2855/508994] ✅ Saved: 20260902_1209_nist_libs_4.5_wt_CeCl3_and_3.5_wt_SrCl2_and_0.5_wt_CrCl2.csv
[Run 2856/508994] ✅ Saved: 20260902_1209_nist_libs_4.5_wt_CeCl3_and_3.5_wt_SrCl2_and_1.0_wt_CrCl2.csv
[Run 2857/508994] ✅ Saved: 20260902_1209_nist_libs_4.5_wt_CeCl3_and_3.5_wt_SrCl2_and_1.5_wt_CrCl2.csv
[Run 2858/508994] ✅ Saved: 20260902_1209_nist_libs_4.5_wt_CeCl3_and_3.5_wt_SrCl2_and_2.0_wt_CrCl2.csv
[Run 2859/508994] ✅ Saved: 20260902_1209_nist_libs_4.5_wt_CeCl3_and_3.5_wt_SrCl2_and_2.5_wt_CrCl2.csv
[Run 2860/508994] ✅ Saved: 20260902_1209_nist_libs_4.5_wt_CeCl3_and_3.5_wt_SrCl2_and_3.0_wt_CrCl2.csv
[Run 2861/508994] ✅ Saved: 20260902_1209_nist_libs_4.5_wt_CeCl3_and_3.5_wt_SrCl2_and_3.5_wt_CrCl2.csv
[Run 2862/508994] ✅ Saved: 20260902_1209_nist_libs_4.5_wt_CeCl3_and_3.5_wt_SrCl2_and_4.0_wt_CrCl2.csv
[Run 2863/508994] ✅ Saved: 20260902_1209_nist_libs_4.5_wt_CeCl3_and_3.5_wt_SrCl2_and_4.5_wt_CrCl2.csv
[Run 2864/508994] ✅ Saved: 20260902_1209_nist_libs_4.5_wt_CeCl3_and_3.5_wt_SrCl2_and_5.0_wt_CrCl2.csv
[Run 2865/508994] ✅ Saved: 20260902_1209_nist_libs_4.5_wt_CeCl3_and_4.0_wt_SrCl2_and_0.5_wt_CrCl2.csv
[Run 2866/508994] ✅ Saved: 20260902_1209_nist_libs_4.5_wt_CeCl3_and_4.0_wt_SrCl2_and_1.0_wt_CrCl2.csv
[Run 2867/508994] ✅ Saved: 20260902_1209_nist_libs_4.5_wt_CeCl3_and_4.0_wt_SrCl2_and_1.5_wt_CrCl2.csv
[Run 2868/508994] ✅ Saved: 20260902_1209_nist_libs_4.5_wt_CeCl3_and_4.0_wt_SrCl2_and_2.0_wt_CrCl2.csv
[Run 2869/508994] ✅ Saved: 20260902_1209_nist_libs_4.5_wt_CeCl3_and_4.0_wt_SrCl2_and_2.5_wt_CrCl2.csv
[Run 2870/508994] ✅ Saved: 20260902_1209_nist_libs_4.5_wt_CeCl3_and_4.0_wt_SrCl2_and_3.0_wt_CrCl2.csv
[Run 2871/508994] ✅ Saved: 20260902_1209_nist_libs_4.5_wt_CeCl3_and_4.0_wt_SrCl2_and_3.5_wt_CrCl2.csv
[Run 2872/508994] ✅ Saved: 20260902_1209_nist_libs_4.5_wt_CeCl3_and_4.0_wt_SrCl2_and_4.0_wt_CrCl2.csv
[Run 2873/508994] ✅ Saved: 20260902_1209_nist_libs_4.5_wt_CeCl3_and_4.0_wt_SrCl2_and_4.5_wt_CrCl2.csv
[Run 2874/508994] ✅ Saved: 20260902_1209_nist_libs_4.5_wt_CeCl3_and_4.0_wt_SrCl2_and_5.0_wt_CrCl2.csv
[Run 2875/508994] ✅ Saved: 20260902_1209_nist_libs_4.5_wt_CeCl3_and_4.5_wt_SrCl2_and_0.5_wt_CrCl2.csv
[Run 2876/508994] ✅ Saved: 20260902_1209_nist_libs_4.5_wt_CeCl3_and_4.5_wt_SrCl2_and_1.0_wt_CrCl2.csv
[Run 2878/508994] ✅ Saved: 20260902_1209_nist_libs_4.5_wt_CeCl3_and_4.5_wt_SrCl2_and_2.0_wt_CrCl2.csv
[Run 2877/508994] ✅ Saved: 20260902_1209_nist_libs_4.5_wt_CeCl3_and_4.5_wt_SrCl2_and_1.5_wt_CrCl2.csv
[Run 2879/508994] ✅ Saved: 20260902_1209_nist_libs_4.5_wt_CeCl3_and_4.5_wt_SrCl2_and_2.5_wt_CrCl2.csv
[Run 2880/508994] ✅ Saved: 20260902_1209_nist_libs_4.5_wt_CeCl3_and_4.5_wt_SrCl2_and_3.0_wt_CrCl2.csv
[Run 2882/508994] ✅ Saved: 20260902_1209_nist_libs_4.5_wt_CeCl3_and_4.5_wt_SrCl2_and_4.0_wt_CrCl2.csv
[Run 2883/508994] ✅ Saved: 20260902_1209_nist_libs_4.5_wt_CeCl3_and_4.5_wt_SrCl2_and_4.5_wt_CrCl2.csv
[Run 2881/508994] ✅ Saved: 20260902_1209_nist_libs_4.5_wt_CeCl3_and_4.5_wt_SrCl2_and_3.5_wt_CrCl2.csv
[Run 2884/508994] ✅ Saved: 20260902_1209_nist_libs_4.5_wt_CeCl3_and_4.5_wt_SrCl2_and_5.0_wt_CrCl2.csv
[Run 2885/508994] ✅ Saved: 20260902_1209_nist_libs_4.5_wt_CeCl3_and_5.0_wt_SrCl2_and_0.5_wt_CrCl2.csv
[Run 2886/508994] ✅ Saved: 20260902_1209_nist_libs_4.5_wt_CeCl3_and_5.0_wt_SrCl2_and_1.0_wt_CrCl2.csv
[Run 2887/508994] ✅ Saved: 20260902_1209_nist_libs_4.5_wt_CeCl3_and_5.0_wt_SrCl2_and_1.5_wt_CrCl2.csv
[Run 2888/508994] ✅ Saved: 20260902_1209_nist_libs_4.5_wt_CeCl3_and_5.0_wt_SrCl2_and_2.0_wt_CrCl2.csv
[Run 2889/508994] ✅ Saved: 20260902_1209_nist_libs_4.5_wt_CeCl3_and_5.0_wt_SrCl2_and_2.5_wt_CrCl2.csv
[Run 2890/508994] ✅ Saved: 20260902_1209_nist_libs_4.5_wt_CeCl3_and_5.0_wt_SrCl2_and_3.0_wt_CrCl2.csv
[Run 2891/508994] ✅ Saved: 20260902_1209_nist_libs_4.5_wt_CeCl3_and_5.0_wt_SrCl2_and_3.5_wt_CrCl2.csv
[Run 2892/508994] ✅ Saved: 20260902_1209_nist_libs_4.5_wt_CeCl3_and_5.0_wt_SrCl2_and_4.0_wt_CrCl2.csv
[Run 2893/508994] ✅ Saved: 20260902_1209_nist_libs_4.5_wt_CeCl3_and_5.0_wt_SrCl2_and_4.5_wt_CrCl2.csv
[Run 2894/508994] ✅ Saved: 20260902_1209_nist_libs_4.5_wt_CeCl3_and_5.0_wt_SrCl2_and_5.0_wt_CrCl2.csv
[Run 2895/508994] ✅ Saved: 20260902_1209_nist_libs_5.0_wt_CeCl3_and_0.5_wt_SrCl2_and_0.5_wt_CrCl2.csv
[Run 2896/508994] ✅ Saved: 20260902_1209_nist_libs_5.0_wt_CeCl3_and_0.5_wt_SrCl2_and_1.0_wt_CrCl2.csv
[Run 2897/508994] ✅ Saved: 20260902_1209_nist_libs_5.0_wt_CeCl3_and_0.5_wt_SrCl2_and_1.5_wt_CrCl2.csv
[Run 2898/508994] ✅ Saved: 20260902_1209_nist_libs_5.0_wt_CeCl3_and_0.5_wt_SrCl2_and_2.0_wt_CrCl2.csv
[Run 2899/508994] ✅ Saved: 20260902_1209_nist_libs_5.0_wt_CeCl3_and_0.5_wt_SrCl2_and_2.5_wt_CrCl2.csv
[Run 2900/508994] ✅ Saved: 20260902_1209_nist_libs_5.0_wt_CeCl3_and_0.5_wt_SrCl2_and_3.0_wt_CrCl2.csv
[Run 2901/508994] ✅ Saved: 20260902_1209_nist_libs_5.0_wt_CeCl3_and_0.5_wt_SrCl2_and_3.5_wt_CrCl2.csv
[Run 2902/508994] ✅ Saved: 20260902_1209_nist_libs_5.0_wt_CeCl3_and_0.5_wt_SrCl2_and_4.0_wt_CrCl2.csv
[Run 2903/508994] ✅ Saved: 20260902_1209_nist_libs_5.0_wt_CeCl3_and_0.5_wt_SrCl2_and_4.5_wt_CrCl2.csv
[Run 2904/508994] ✅ Saved: 20260902_1209_nist_libs_5.0_wt_CeCl3_and_0.5_wt_SrCl2_and_5.0_wt_CrCl2.csv
[Run 2905/508994] ✅ Saved: 20260902_1209_nist_libs_5.0_wt_CeCl3_and_1.0_wt_SrCl2_and_0.5_wt_CrCl2.csv
[Run 2906/508994] ✅ Saved: 20260902_1209_nist_libs_5.0_wt_CeCl3_and_1.0_wt_SrCl2_and_1.0_wt_CrCl2.csv
[Run 2908/508994] ✅ Saved: 20260902_1209_nist_libs_5.0_wt_CeCl3_and_1.0_wt_SrCl2_and_2.0_wt_CrCl2.csv
[Run 2907/508994] ✅ Saved: 20260902_1209_nist_libs_5.0_wt_CeCl3_and_1.0_wt_SrCl2_and_1.5_wt_CrCl2.csv
[Run 2909/508994] ✅ Saved: 20260902_1209_nist_libs_5.0_wt_CeCl3_and_1.0_wt_SrCl2_and_2.5_wt_CrCl2.csv
[Run 2910/508994] ✅ Saved: 20260902_1209_nist_libs_5.0_wt_CeCl3_and_1.0_wt_SrCl2_and_3.0_wt_CrCl2.csv
[Run 2911/508994] ✅ Saved: 20260902_1209_nist_libs_5.0_wt_CeCl3_and_1.0_wt_SrCl2_and_3.5_wt_CrCl2.csv
[Run 2912/508994] ✅ Saved: 20260902_1209_nist_libs_5.0_wt_CeCl3_and_1.0_wt_SrCl2_and_4.0_wt_CrCl2.csv
[Run 2913/508994] ✅ Saved: 20260902_1209_nist_libs_5.0_wt_CeCl3_and_1.0_wt_SrCl2_and_4.5_wt_CrCl2.csv
[Run 2914/508994] ✅ Saved: 20260902_1209_nist_libs_5.0_wt_CeCl3_and_1.0_wt_SrCl2_and_5.0_wt_CrCl2.csv
[Run 2916/508994] ✅ Saved: 20260902_1209_nist_libs_5.0_wt_CeCl3_and_1.5_wt_SrCl2_and_1.0_wt_CrCl2.csv
[Run 2915/508994] ✅ Saved: 20260902_1209_nist_libs_5.0_wt_CeCl3_and_1.5_wt_SrCl2_and_0.5_wt_CrCl2.csv
[Run 2917/508994] ✅ Saved: 20260902_1209_nist_libs_5.0_wt_CeCl3_and_1.5_wt_SrCl2_and_1.5_wt_CrCl2.csv
[Run 2918/508994] ✅ Saved: 20260902_1209_nist_libs_5.0_wt_CeCl3_and_1.5_wt_SrCl2_and_2.0_wt_CrCl2.csv
[Run 2919/508994] ✅ Saved: 20260902_1209_nist_libs_5.0_wt_CeCl3_and_1.5_wt_SrCl2_and_2.5_wt_CrCl2.csv
[Run 2920/508994] ✅ Saved: 20260902_1209_nist_libs_5.0_wt_CeCl3_and_1.5_wt_SrCl2_and_3.0_wt_CrCl2.csv
[Run 2921/508994] ✅ Saved: 20260902_1209_nist_libs_5.0_wt_CeCl3_and_1.5_wt_SrCl2_and_3.5_wt_CrCl2.csv
[Run 2922/508994] ✅ Saved: 20260902_1209_nist_libs_5.0_wt_CeCl3_and_1.5_wt_SrCl2_and_4.0_wt_CrCl2.csv
[Run 2923/508994] ✅ Saved: 20260902_1209_nist_libs_5.0_wt_CeCl3_and_1.5_wt_SrCl2_and_4.5_wt_CrCl2.csv
[Run 2924/508994] ✅ Saved: 20260902_1209_nist_libs_5.0_wt_CeCl3_and_1.5_wt_SrCl2_and_5.0_wt_CrCl2.csv
[Run 2925/508994] ✅ Saved: 20260902_1209_nist_libs_5.0_wt_CeCl3_and_2.0_wt_SrCl2_and_0.5_wt_CrCl2.csv
[Run 2926/508994] ✅ Saved: 20260902_1209_nist_libs_5.0_wt_CeCl3_and_2.0_wt_SrCl2_and_1.0_wt_CrCl2.csv
[Run 2927/508994] ✅ Saved: 20260902_1209_nist_libs_5.0_wt_CeCl3_and_2.0_wt_SrCl2_and_1.5_wt_CrCl2.csv
[Run 2928/508994] ✅ Saved: 20260902_1209_nist_libs_5.0_wt_CeCl3_and_2.0_wt_SrCl2_and_2.0_wt_CrCl2.csv
[Run 2929/508994] ✅ Saved: 20260902_1209_nist_libs_5.0_wt_CeCl3_and_2.0_wt_SrCl2_and_2.5_wt_CrCl2.csv
[Run 2930/508994] ✅ Saved: 20260902_1209_nist_libs_5.0_wt_CeCl3_and_2.0_wt_SrCl2_and_3.0_wt_CrCl2.csv
[Run 2931/508994] ✅ Saved: 20260902_1209_nist_libs_5.0_wt_CeCl3_and_2.0_wt_SrCl2_and_3.5_wt_CrCl2.csv
[Run 2932/508994] ✅ Saved: 20260902_1209_nist_libs_5.0_wt_CeCl3_and_2.0_wt_SrCl2_and_4.0_wt_CrCl2.csv
[Run 2933/508994] ✅ Saved: 20260902_1209_nist_libs_5.0_wt_CeCl3_and_2.0_wt_SrCl2_and_4.5_wt_CrCl2.csv
[Run 2934/508994] ✅ Saved: 20260902_1209_nist_libs_5.0_wt_CeCl3_and_2.0_wt_SrCl2_and_5.0_wt_CrCl2.csv
[Run 2935/508994] ✅ Saved: 20260902_1209_nist_libs_5.0_wt_CeCl3_and_2.5_wt_SrCl2_and_0.5_wt_CrCl2.csv
[Run 2936/508994] ✅ Saved: 20260902_1209_nist_libs_5.0_wt_CeCl3_and_2.5_wt_SrCl2_and_1.0_wt_CrCl2.csv
[Run 2937/508994] ✅ Saved: 20260902_1209_nist_libs_5.0_wt_CeCl3_and_2.5_wt_SrCl2_and_1.5_wt_CrCl2.csv
[Run 2938/508994] ✅ Saved: 20260902_1209_nist_libs_5.0_wt_CeCl3_and_2.5_wt_SrCl2_and_2.0_wt_CrCl2.csv
[Run 2939/508994] ✅ Saved: 20260902_1209_nist_libs_5.0_wt_CeCl3_and_2.5_wt_SrCl2_and_2.5_wt_CrCl2.csv
[Run 2940/508994] ✅ Saved: 20260902_1209_nist_libs_5.0_wt_CeCl3_and_2.5_wt_SrCl2_and_3.0_wt_CrCl2.csv
[Run 2941/508994] ✅ Saved: 20260902_1209_nist_libs_5.0_wt_CeCl3_and_2.5_wt_SrCl2_and_3.5_wt_CrCl2.csv
[Run 2942/508994] ✅ Saved: 20260902_1209_nist_libs_5.0_wt_CeCl3_and_2.5_wt_SrCl2_and_4.0_wt_CrCl2.csv
[Run 2943/508994] ✅ Saved: 20260902_1209_nist_libs_5.0_wt_CeCl3_and_2.5_wt_SrCl2_and_4.5_wt_CrCl2.csv
[Run 2944/508994] ✅ Saved: 20260902_1209_nist_libs_5.0_wt_CeCl3_and_2.5_wt_SrCl2_and_5.0_wt_CrCl2.csv
[Run 2945/508994] ✅ Saved: 20260902_1209_nist_libs_5.0_wt_CeCl3_and_3.0_wt_SrCl2_and_0.5_wt_CrCl2.csv
[Run 2946/508994] ✅ Saved: 20260902_1209_nist_libs_5.0_wt_CeCl3_and_3.0_wt_SrCl2_and_1.0_wt_CrCl2.csv
[Run 2947/508994] ✅ Saved: 20260902_1209_nist_libs_5.0_wt_CeCl3_and_3.0_wt_SrCl2_and_1.5_wt_CrCl2.csv
[Run 2948/508994] ✅ Saved: 20260902_1209_nist_libs_5.0_wt_CeCl3_and_3.0_wt_SrCl2_and_2.0_wt_CrCl2.csv
[Run 2949/508994] ✅ Saved: 20260902_1209_nist_libs_5.0_wt_CeCl3_and_3.0_wt_SrCl2_and_2.5_wt_CrCl2.csv
[Run 2951/508994] ✅ Saved: 20260902_1209_nist_libs_5.0_wt_CeCl3_and_3.0_wt_SrCl2_and_3.5_wt_CrCl2.csv
[Run 2950/508994] ✅ Saved: 20260902_1209_nist_libs_5.0_wt_CeCl3_and_3.0_wt_SrCl2_and_3.0_wt_CrCl2.csv
[Run 2952/508994] ✅ Saved: 20260902_1209_nist_libs_5.0_wt_CeCl3_and_3.0_wt_SrCl2_and_4.0_wt_CrCl2.csv
[Run 2953/508994] ✅ Saved: 20260902_1209_nist_libs_5.0_wt_CeCl3_and_3.0_wt_SrCl2_and_4.5_wt_CrCl2.csv
[Run 2954/508994] ✅ Saved: 20260902_1209_nist_libs_5.0_wt_CeCl3_and_3.0_wt_SrCl2_and_5.0_wt_CrCl2.csv
[Run 2956/508994] ✅ Saved: 20260902_1209_nist_libs_5.0_wt_CeCl3_and_3.5_wt_SrCl2_and_1.0_wt_CrCl2.csv
[Run 2955/508994] ✅ Saved: 20260902_1209_nist_libs_5.0_wt_CeCl3_and_3.5_wt_SrCl2_and_0.5_wt_CrCl2.csv
[Run 2957/508994] ✅ Saved: 20260902_1209_nist_libs_5.0_wt_CeCl3_and_3.5_wt_SrCl2_and_1.5_wt_CrCl2.csv
[Run 2958/508994] ✅ Saved: 20260902_1209_nist_libs_5.0_wt_CeCl3_and_3.5_wt_SrCl2_and_2.0_wt_CrCl2.csv
[Run 2959/508994] ✅ Saved: 20260902_1209_nist_libs_5.0_wt_CeCl3_and_3.5_wt_SrCl2_and_2.5_wt_CrCl2.csv
[Run 2960/508994] ✅ Saved: 20260902_1209_nist_libs_5.0_wt_CeCl3_and_3.5_wt_SrCl2_and_3.0_wt_CrCl2.csv
[Run 2961/508994] ✅ Saved: 20260902_1209_nist_libs_5.0_wt_CeCl3_and_3.5_wt_SrCl2_and_3.5_wt_CrCl2.csv
[Run 2963/508994] ✅ Saved: 20260902_1209_nist_libs_5.0_wt_CeCl3_and_3.5_wt_SrCl2_and_4.5_wt_CrCl2.csv
[Run 2962/508994] ✅ Saved: 20260902_1209_nist_libs_5.0_wt_CeCl3_and_3.5_wt_SrCl2_and_4.0_wt_CrCl2.csv
[Run 2964/508994] ✅ Saved: 20260902_1209_nist_libs_5.0_wt_CeCl3_and_3.5_wt_SrCl2_and_5.0_wt_CrCl2.csv
[Run 2965/508994] ✅ Saved: 20260902_1209_nist_libs_5.0_wt_CeCl3_and_4.0_wt_SrCl2_and_0.5_wt_CrCl2.csv
[Run 2967/508994] ✅ Saved: 20260902_1209_nist_libs_5.0_wt_CeCl3_and_4.0_wt_SrCl2_and_1.5_wt_CrCl2.csv
[Run 2966/508994] ✅ Saved: 20260902_1209_nist_libs_5.0_wt_CeCl3_and_4.0_wt_SrCl2_and_1.0_wt_CrCl2.csv
[Run 2969/508994] ✅ Saved: 20260902_1209_nist_libs_5.0_wt_CeCl3_and_4.0_wt_SrCl2_and_2.5_wt_CrCl2.csv
[Run 2968/508994] ✅ Saved: 20260902_1209_nist_libs_5.0_wt_CeCl3_and_4.0_wt_SrCl2_and_2.0_wt_CrCl2.csv
[Run 2970/508994] ✅ Saved: 20260902_1209_nist_libs_5.0_wt_CeCl3_and_4.0_wt_SrCl2_and_3.0_wt_CrCl2.csv
[Run 2971/508994] ✅ Saved: 20260902_1209_nist_libs_5.0_wt_CeCl3_and_4.0_wt_SrCl2_and_3.5_wt_CrCl2.csv
[Run 2972/508994] ✅ Saved: 20260902_1209_nist_libs_5.0_wt_CeCl3_and_4.0_wt_SrCl2_and_4.0_wt_CrCl2.csv
[Run 2973/508994] ✅ Saved: 20260902_1209_nist_libs_5.0_wt_CeCl3_and_4.0_wt_SrCl2_and_4.5_wt_CrCl2.csv
[Run 2974/508994] ✅ Saved: 20260902_1209_nist_libs_5.0_wt_CeCl3_and_4.0_wt_SrCl2_and_5.0_wt_CrCl2.csv
[Run 2975/508994] ✅ Saved: 20260902_1209_nist_libs_5.0_wt_CeCl3_and_4.5_wt_SrCl2_and_0.5_wt_CrCl2.csv
[Run 2977/508994] ✅ Saved: 20260902_1209_nist_libs_5.0_wt_CeCl3_and_4.5_wt_SrCl2_and_1.5_wt_CrCl2.csv
[Run 2976/508994] ✅ Saved: 20260902_1209_nist_libs_5.0_wt_CeCl3_and_4.5_wt_SrCl2_and_1.0_wt_CrCl2.csv
[Run 2978/508994] ✅ Saved: 20260902_1209_nist_libs_5.0_wt_CeCl3_and_4.5_wt_SrCl2_and_2.0_wt_CrCl2.csv
[Run 2979/508994] ✅ Saved: 20260902_1209_nist_libs_5.0_wt_CeCl3_and_4.5_wt_SrCl2_and_2.5_wt_CrCl2.csv
[Run 2980/508994] ✅ Saved: 20260902_1209_nist_libs_5.0_wt_CeCl3_and_4.5_wt_SrCl2_and_3.0_wt_CrCl2.csv
[Run 2981/508994] ✅ Saved: 20260902_1209_nist_libs_5.0_wt_CeCl3_and_4.5_wt_SrCl2_and_3.5_wt_CrCl2.csv
[Run 2982/508994] ✅ Saved: 20260902_1209_nist_libs_5.0_wt_CeCl3_and_4.5_wt_SrCl2_and_4.0_wt_CrCl2.csv
[Run 2983/508994] ✅ Saved: 20260902_1209_nist_libs_5.0_wt_CeCl3_and_4.5_wt_SrCl2_and_4.5_wt_CrCl2.csv
[Run 2984/508994] ✅ Saved: 20260902_1209_nist_libs_5.0_wt_CeCl3_and_4.5_wt_SrCl2_and_5.0_wt_CrCl2.csv
[Run 2985/508994] ✅ Saved: 20260902_1209_nist_libs_5.0_wt_CeCl3_and_5.0_wt_SrCl2_and_0.5_wt_CrCl2.csv
[Run 2986/508994] ✅ Saved: 20260902_1209_nist_libs_5.0_wt_CeCl3_and_5.0_wt_SrCl2_and_1.0_wt_CrCl2.csv
[Run 2987/508994] ✅ Saved: 20260902_1209_nist_libs_5.0_wt_CeCl3_and_5.0_wt_SrCl2_and_1.5_wt_CrCl2.csv
[Run 2988/508994] ✅ Saved: 20260902_1209_nist_libs_5.0_wt_CeCl3_and_5.0_wt_SrCl2_and_2.0_wt_CrCl2.csv
[Run 2989/508994] ✅ Saved: 20260902_1209_nist_libs_5.0_wt_CeCl3_and_5.0_wt_SrCl2_and_2.5_wt_CrCl2.csv
[Run 2990/508994] ✅ Saved: 20260902_1209_nist_libs_5.0_wt_CeCl3_and_5.0_wt_SrCl2_and_3.0_wt_CrCl2.csv
[Run 2991/508994] ✅ Saved: 20260902_1209_nist_libs_5.0_wt_CeCl3_and_5.0_wt_SrCl2_and_3.5_wt_CrCl2.csv
[Run 2992/508994] ✅ Saved: 20260902_1209_nist_libs_5.0_wt_CeCl3_and_5.0_wt_SrCl2_and_4.0_wt_CrCl2.csv
[Run 2993/508994] ✅ Saved: 20260902_1209_nist_libs_5.0_wt_CeCl3_and_5.0_wt_SrCl2_and_4.5_wt_CrCl2.csv
[Run 2995/508994] ✅ Saved: 20260902_1209_nist_libs_0.5_wt_CeCl3_and_0.5_wt_SrCl2_and_0.5_wt_NiCl2.csv
[Run 2994/508994] ✅ Saved: 20260902_1209_nist_libs_5.0_wt_CeCl3_and_5.0_wt_SrCl2_and_5.0_wt_CrCl2.csv
[Run 2996/508994] ✅ Saved: 20260902_1209_nist_libs_0.5_wt_CeCl3_and_0.5_wt_SrCl2_and_1.0_wt_NiCl2.csv
[Run 2997/508994] ✅ Saved: 20260902_1209_nist_libs_0.5_wt_CeCl3_and_0.5_wt_SrCl2_and_1.5_wt_NiCl2.csv
[Run 2998/508994] ✅ Saved: 20260902_1209_nist_libs_0.5_wt_CeCl3_and_0.5_wt_SrCl2_and_2.0_wt_NiCl2.csv
[Run 2999/508994] ✅ Saved: 20260902_1209_nist_libs_0.5_wt_CeCl3_and_0.5_wt_SrCl2_and_2.5_wt_NiCl2.csv
[Run 3000/508994] ✅ Saved: 20260902_1209_nist_libs_0.5_wt_CeCl3_and_0.5_wt_SrCl2_and_3.0_wt_NiCl2.csv
📦 Packaging batch 3 (1000 CSVs) -> nist_libs_batch_0003.zip...
[Run 3001/508994] ✅ Saved: 20260902_1209_nist_libs_0.5_wt_CeCl3_and_0.5_wt_SrCl2_and_3.5_wt_NiCl2.csv
[Run 3002/508994] ✅ Saved: 20260902_1209_nist_libs_0.5_wt_CeCl3_and_0.5_wt_SrCl2_and_4.0_wt_NiCl2.csv
[Run 3003/508994] ✅ Saved: 20260902_1209_nist_libs_0.5_wt_CeCl3_and_0.5_wt_SrCl2_and_4.5_wt_NiCl2.csv
[Run 3004/508994] ✅ Saved: 20260902_1209_nist_libs_0.5_wt_CeCl3_and_0.5_wt_SrCl2_and_5.0_wt_NiCl2.csv
[Run 3005/508994] ✅ Saved: 20260902_1209_nist_libs_0.5_wt_CeCl3_and_1.0_wt_SrCl2_and_0.5_wt_NiCl2.csv
[Run 3006/508994] ✅ Saved: 20260902_1209_nist_libs_0.5_wt_CeCl3_and_1.0_wt_SrCl2_and_1.0_wt_NiCl2.csv
[Run 3007/508994] ✅ Saved: 20260902_1209_nist_libs_0.5_wt_CeCl3_and_1.0_wt_SrCl2_and_1.5_wt_NiCl2.csv
[Run 3008/508994] ✅ Saved: 20260902_1209_nist_libs_0.5_wt_CeCl3_and_1.0_wt_SrCl2_and_2.0_wt_NiCl2.csv
[Run 3009/508994] ✅ Saved: 20260902_1209_nist_libs_0.5_wt_CeCl3_and_1.0_wt_SrCl2_and_2.5_wt_NiCl2.csv
[Run 3010/508994] ✅ Saved: 20260902_1209_nist_libs_0.5_wt_CeCl3_and_1.0_wt_SrCl2_and_3.0_wt_NiCl2.csv
[Run 3011/508994] ✅ Saved: 20260902_1209_nist_libs_0.5_wt_CeCl3_and_1.0_wt_SrCl2_and_3.5_wt_NiCl2.csv
[Run 3012/508994] ✅ Saved: 20260902_1209_nist_libs_0.5_wt_CeCl3_and_1.0_wt_SrCl2_and_4.0_wt_NiCl2.csv
[Run 3013/508994] ✅ Saved: 20260902_1209_nist_libs_0.5_wt_CeCl3_and_1.0_wt_SrCl2_and_4.5_wt_NiCl2.csv
[Run 3014/508994] ✅ Saved: 20260902_1209_nist_libs_0.5_wt_CeCl3_and_1.0_wt_SrCl2_and_5.0_wt_NiCl2.csv
[Run 3015/508994] ✅ Saved: 20260902_1209_nist_libs_0.5_wt_CeCl3_and_1.5_wt_SrCl2_and_0.5_wt_NiCl2.csv
[Run 3016/508994] ✅ Saved: 20260902_1209_nist_libs_0.5_wt_CeCl3_and_1.5_wt_SrCl2_and_1.0_wt_NiCl2.csv
[Run 3018/508994] ✅ Saved: 20260902_1209_nist_libs_0.5_wt_CeCl3_and_1.5_wt_SrCl2_and_2.0_wt_NiCl2.csv
[Run 3017/508994] ✅ Saved: 20260902_1209_nist_libs_0.5_wt_CeCl3_and_1.5_wt_SrCl2_and_1.5_wt_NiCl2.csv
[Run 3019/508994] ✅ Saved: 20260902_1209_nist_libs_0.5_wt_CeCl3_and_1.5_wt_SrCl2_and_2.5_wt_NiCl2.csv
[Run 3020/508994] ✅ Saved: 20260902_1209_nist_libs_0.5_wt_CeCl3_and_1.5_wt_SrCl2_and_3.0_wt_NiCl2.csv
[Run 3021/508994] ✅ Saved: 20260902_1209_nist_libs_0.5_wt_CeCl3_and_1.5_wt_SrCl2_and_3.5_wt_NiCl2.csv
[Run 3022/508994] ✅ Saved: 20260902_1209_nist_libs_0.5_wt_CeCl3_and_1.5_wt_SrCl2_and_4.0_wt_NiCl2.csv
[Run 3023/508994] ✅ Saved: 20260902_1209_nist_libs_0.5_wt_CeCl3_and_1.5_wt_SrCl2_and_4.5_wt_NiCl2.csv
[Run 3024/508994] ✅ Saved: 20260902_1209_nist_libs_0.5_wt_CeCl3_and_1.5_wt_SrCl2_and_5.0_wt_NiCl2.csv
[Run 3025/508994] ✅ Saved: 20260902_1209_nist_libs_0.5_wt_CeCl3_and_2.0_wt_SrCl2_and_0.5_wt_NiCl2.csv
[Run 3026/508994] ✅ Saved: 20260902_1209_nist_libs_0.5_wt_CeCl3_and_2.0_wt_SrCl2_and_1.0_wt_NiCl2.csv
[Run 3027/508994] ✅ Saved: 20260902_1209_nist_libs_0.5_wt_CeCl3_and_2.0_wt_SrCl2_and_1.5_wt_NiCl2.csv
[Run 3028/508994] ✅ Saved: 20260902_1209_nist_libs_0.5_wt_CeCl3_and_2.0_wt_SrCl2_and_2.0_wt_NiCl2.csv
[Run 3030/508994] ✅ Saved: 20260902_1209_nist_libs_0.5_wt_CeCl3_and_2.0_wt_SrCl2_and_3.0_wt_NiCl2.csv
[Run 3029/508994] ✅ Saved: 20260902_1209_nist_libs_0.5_wt_CeCl3_and_2.0_wt_SrCl2_and_2.5_wt_NiCl2.csv
[Run 3031/508994] ✅ Saved: 20260902_1209_nist_libs_0.5_wt_CeCl3_and_2.0_wt_SrCl2_and_3.5_wt_NiCl2.csv
[Run 3032/508994] ✅ Saved: 20260902_1209_nist_libs_0.5_wt_CeCl3_and_2.0_wt_SrCl2_and_4.0_wt_NiCl2.csv
[Run 3033/508994] ✅ Saved: 20260902_1209_nist_libs_0.5_wt_CeCl3_and_2.0_wt_SrCl2_and_4.5_wt_NiCl2.csv
[Run 3034/508994] ✅ Saved: 20260902_1209_nist_libs_0.5_wt_CeCl3_and_2.0_wt_SrCl2_and_5.0_wt_NiCl2.csv
[Run 3035/508994] ✅ Saved: 20260902_1209_nist_libs_0.5_wt_CeCl3_and_2.5_wt_SrCl2_and_0.5_wt_NiCl2.csv
[Run 3036/508994] ✅ Saved: 20260902_1209_nist_libs_0.5_wt_CeCl3_and_2.5_wt_SrCl2_and_1.0_wt_NiCl2.csv
[Run 3037/508994] ✅ Saved: 20260902_1209_nist_libs_0.5_wt_CeCl3_and_2.5_wt_SrCl2_and_1.5_wt_NiCl2.csv
[Run 3038/508994] ✅ Saved: 20260902_1209_nist_libs_0.5_wt_CeCl3_and_2.5_wt_SrCl2_and_2.0_wt_NiCl2.csv
[Run 3039/508994] ✅ Saved: 20260902_1209_nist_libs_0.5_wt_CeCl3_and_2.5_wt_SrCl2_and_2.5_wt_NiCl2.csv
[Run 3040/508994] ✅ Saved: 20260902_1209_nist_libs_0.5_wt_CeCl3_and_2.5_wt_SrCl2_and_3.0_wt_NiCl2.csv
[Run 3041/508994] ✅ Saved: 20260902_1209_nist_libs_0.5_wt_CeCl3_and_2.5_wt_SrCl2_and_3.5_wt_NiCl2.csv
[Run 3042/508994] ✅ Saved: 20260902_1209_nist_libs_0.5_wt_CeCl3_and_2.5_wt_SrCl2_and_4.0_wt_NiCl2.csv
[Run 3043/508994] ✅ Saved: 20260902_1209_nist_libs_0.5_wt_CeCl3_and_2.5_wt_SrCl2_and_4.5_wt_NiCl2.csv
[Run 3044/508994] ✅ Saved: 20260902_1209_nist_libs_0.5_wt_CeCl3_and_2.5_wt_SrCl2_and_5.0_wt_NiCl2.csv
[Run 3045/508994] ✅ Saved: 20260902_1209_nist_libs_0.5_wt_CeCl3_and_3.0_wt_SrCl2_and_0.5_wt_NiCl2.csv
[Run 3046/508994] ✅ Saved: 20260902_1209_nist_libs_0.5_wt_CeCl3_and_3.0_wt_SrCl2_and_1.0_wt_NiCl2.csv
[Run 3047/508994] ✅ Saved: 20260902_1209_nist_libs_0.5_wt_CeCl3_and_3.0_wt_SrCl2_and_1.5_wt_NiCl2.csv
[Run 3048/508994] ✅ Saved: 20260902_1209_nist_libs_0.5_wt_CeCl3_and_3.0_wt_SrCl2_and_2.0_wt_NiCl2.csv
[Run 3049/508994] ✅ Saved: 20260902_1209_nist_libs_0.5_wt_CeCl3_and_3.0_wt_SrCl2_and_2.5_wt_NiCl2.csv
[Run 3050/508994] ✅ Saved: 20260902_1209_nist_libs_0.5_wt_CeCl3_and_3.0_wt_SrCl2_and_3.0_wt_NiCl2.csv
[Run 3051/508994] ✅ Saved: 20260902_1209_nist_libs_0.5_wt_CeCl3_and_3.0_wt_SrCl2_and_3.5_wt_NiCl2.csv
[Run 3052/508994] ✅ Saved: 20260902_1209_nist_libs_0.5_wt_CeCl3_and_3.0_wt_SrCl2_and_4.0_wt_NiCl2.csv
[Run 3053/508994] ✅ Saved: 20260902_1209_nist_libs_0.5_wt_CeCl3_and_3.0_wt_SrCl2_and_4.5_wt_NiCl2.csv
[Run 3056/508994] ✅ Saved: 20260902_1209_nist_libs_0.5_wt_CeCl3_and_3.5_wt_SrCl2_and_1.0_wt_NiCl2.csv
[Run 3054/508994] ✅ Saved: 20260902_1209_nist_libs_0.5_wt_CeCl3_and_3.0_wt_SrCl2_and_5.0_wt_NiCl2.csv
[Run 3057/508994] ✅ Saved: 20260902_1209_nist_libs_0.5_wt_CeCl3_and_3.5_wt_SrCl2_and_1.5_wt_NiCl2.csv
[Run 3055/508994] ✅ Saved: 20260902_1209_nist_libs_0.5_wt_CeCl3_and_3.5_wt_SrCl2_and_0.5_wt_NiCl2.csv
[Run 3058/508994] ✅ Saved: 20260902_1209_nist_libs_0.5_wt_CeCl3_and_3.5_wt_SrCl2_and_2.0_wt_NiCl2.csv
[Run 3059/508994] ✅ Saved: 20260902_1209_nist_libs_0.5_wt_CeCl3_and_3.5_wt_SrCl2_and_2.5_wt_NiCl2.csv
[Run 3061/508994] ✅ Saved: 20260902_1209_nist_libs_0.5_wt_CeCl3_and_3.5_wt_SrCl2_and_3.5_wt_NiCl2.csv
[Run 3060/508994] ✅ Saved: 20260902_1209_nist_libs_0.5_wt_CeCl3_and_3.5_wt_SrCl2_and_3.0_wt_NiCl2.csv
[Run 3062/508994] ✅ Saved: 20260902_1209_nist_libs_0.5_wt_CeCl3_and_3.5_wt_SrCl2_and_4.0_wt_NiCl2.csv
[Run 3063/508994] ✅ Saved: 20260902_1209_nist_libs_0.5_wt_CeCl3_and_3.5_wt_SrCl2_and_4.5_wt_NiCl2.csv
[Run 3064/508994] ✅ Saved: 20260902_1209_nist_libs_0.5_wt_CeCl3_and_3.5_wt_SrCl2_and_5.0_wt_NiCl2.csv
[Run 3065/508994] ✅ Saved: 20260902_1209_nist_libs_0.5_wt_CeCl3_and_4.0_wt_SrCl2_and_0.5_wt_NiCl2.csv
[Run 3067/508994] ✅ Saved: 20260902_1209_nist_libs_0.5_wt_CeCl3_and_4.0_wt_SrCl2_and_1.5_wt_NiCl2.csv
[Run 3066/508994] ✅ Saved: 20260902_1209_nist_libs_0.5_wt_CeCl3_and_4.0_wt_SrCl2_and_1.0_wt_NiCl2.csv
[Run 3068/508994] ✅ Saved: 20260902_1209_nist_libs_0.5_wt_CeCl3_and_4.0_wt_SrCl2_and_2.0_wt_NiCl2.csv
[Run 3069/508994] ✅ Saved: 20260902_1209_nist_libs_0.5_wt_CeCl3_and_4.0_wt_SrCl2_and_2.5_wt_NiCl2.csv
[Run 3071/508994] ✅ Saved: 20260902_1209_nist_libs_0.5_wt_CeCl3_and_4.0_wt_SrCl2_and_3.5_wt_NiCl2.csv
[Run 3070/508994] ✅ Saved: 20260902_1209_nist_libs_0.5_wt_CeCl3_and_4.0_wt_SrCl2_and_3.0_wt_NiCl2.csv
[Run 3072/508994] ✅ Saved: 20260902_1209_nist_libs_0.5_wt_CeCl3_and_4.0_wt_SrCl2_and_4.0_wt_NiCl2.csv
[Run 3073/508994] ✅ Saved: 20260902_1209_nist_libs_0.5_wt_CeCl3_and_4.0_wt_SrCl2_and_4.5_wt_NiCl2.csv
[Run 3074/508994] ✅ Saved: 20260902_1209_nist_libs_0.5_wt_CeCl3_and_4.0_wt_SrCl2_and_5.0_wt_NiCl2.csv
[Run 3075/508994] ✅ Saved: 20260902_1209_nist_libs_0.5_wt_CeCl3_and_4.5_wt_SrCl2_and_0.5_wt_NiCl2.csv
[Run 3076/508994] ✅ Saved: 20260902_1209_nist_libs_0.5_wt_CeCl3_and_4.5_wt_SrCl2_and_1.0_wt_NiCl2.csv
[Run 3077/508994] ✅ Saved: 20260902_1209_nist_libs_0.5_wt_CeCl3_and_4.5_wt_SrCl2_and_1.5_wt_NiCl2.csv
[Run 3078/508994] ✅ Saved: 20260902_1209_nist_libs_0.5_wt_CeCl3_and_4.5_wt_SrCl2_and_2.0_wt_NiCl2.csv
[Run 3079/508994] ✅ Saved: 20260902_1209_nist_libs_0.5_wt_CeCl3_and_4.5_wt_SrCl2_and_2.5_wt_NiCl2.csv
[Run 3080/508994] ✅ Saved: 20260902_1209_nist_libs_0.5_wt_CeCl3_and_4.5_wt_SrCl2_and_3.0_wt_NiCl2.csv
[Run 3081/508994] ✅ Saved: 20260902_1209_nist_libs_0.5_wt_CeCl3_and_4.5_wt_SrCl2_and_3.5_wt_NiCl2.csv
[Run 3082/508994] ✅ Saved: 20260902_1209_nist_libs_0.5_wt_CeCl3_and_4.5_wt_SrCl2_and_4.0_wt_NiCl2.csv
[Run 3083/508994] ✅ Saved: 20260902_1209_nist_libs_0.5_wt_CeCl3_and_4.5_wt_SrCl2_and_4.5_wt_NiCl2.csv
[Run 3084/508994] ✅ Saved: 20260902_1209_nist_libs_0.5_wt_CeCl3_and_4.5_wt_SrCl2_and_5.0_wt_NiCl2.csv
[Run 3085/508994] ✅ Saved: 20260902_1209_nist_libs_0.5_wt_CeCl3_and_5.0_wt_SrCl2_and_0.5_wt_NiCl2.csv
[Run 3086/508994] ✅ Saved: 20260902_1209_nist_libs_0.5_wt_CeCl3_and_5.0_wt_SrCl2_and_1.0_wt_NiCl2.csv
[Run 3087/508994] ✅ Saved: 20260902_1209_nist_libs_0.5_wt_CeCl3_and_5.0_wt_SrCl2_and_1.5_wt_NiCl2.csv
[Run 3089/508994] ✅ Saved: 20260902_1209_nist_libs_0.5_wt_CeCl3_and_5.0_wt_SrCl2_and_2.5_wt_NiCl2.csv
[Run 3088/508994] ✅ Saved: 20260902_1209_nist_libs_0.5_wt_CeCl3_and_5.0_wt_SrCl2_and_2.0_wt_NiCl2.csv
[Run 3090/508994] ✅ Saved: 20260902_1209_nist_libs_0.5_wt_CeCl3_and_5.0_wt_SrCl2_and_3.0_wt_NiCl2.csv
[Run 3091/508994] ✅ Saved: 20260902_1209_nist_libs_0.5_wt_CeCl3_and_5.0_wt_SrCl2_and_3.5_wt_NiCl2.csv
[Run 3092/508994] ✅ Saved: 20260902_1209_nist_libs_0.5_wt_CeCl3_and_5.0_wt_SrCl2_and_4.0_wt_NiCl2.csv
[Run 3093/508994] ✅ Saved: 20260902_1209_nist_libs_0.5_wt_CeCl3_and_5.0_wt_SrCl2_and_4.5_wt_NiCl2.csv
[Run 3094/508994] ✅ Saved: 20260902_1209_nist_libs_0.5_wt_CeCl3_and_5.0_wt_SrCl2_and_5.0_wt_NiCl2.csv
[Run 3095/508994] ✅ Saved: 20260902_1209_nist_libs_1.0_wt_CeCl3_and_0.5_wt_SrCl2_and_0.5_wt_NiCl2.csv
[Run 3096/508994] ✅ Saved: 20260902_1209_nist_libs_1.0_wt_CeCl3_and_0.5_wt_SrCl2_and_1.0_wt_NiCl2.csv
[Run 3097/508994] ✅ Saved: 20260902_1209_nist_libs_1.0_wt_CeCl3_and_0.5_wt_SrCl2_and_1.5_wt_NiCl2.csv
[Run 3098/508994] ✅ Saved: 20260902_1209_nist_libs_1.0_wt_CeCl3_and_0.5_wt_SrCl2_and_2.0_wt_NiCl2.csv
[Run 3099/508994] ✅ Saved: 20260902_1209_nist_libs_1.0_wt_CeCl3_and_0.5_wt_SrCl2_and_2.5_wt_NiCl2.csv
[Run 3102/508994] ✅ Saved: 20260902_1209_nist_libs_1.0_wt_CeCl3_and_0.5_wt_SrCl2_and_4.0_wt_NiCl2.csv
[Run 3103/508994] ✅ Saved: 20260902_1209_nist_libs_1.0_wt_CeCl3_and_0.5_wt_SrCl2_and_4.5_wt_NiCl2.csv
[Run 3100/508994] ✅ Saved: 20260902_1209_nist_libs_1.0_wt_CeCl3_and_0.5_wt_SrCl2_and_3.0_wt_NiCl2.csv
[Run 3101/508994] ✅ Saved: 20260902_1209_nist_libs_1.0_wt_CeCl3_and_0.5_wt_SrCl2_and_3.5_wt_NiCl2.csv
[Run 3104/508994] ✅ Saved: 20260902_1209_nist_libs_1.0_wt_CeCl3_and_0.5_wt_SrCl2_and_5.0_wt_NiCl2.csv
[Run 3105/508994] ✅ Saved: 20260902_1209_nist_libs_1.0_wt_CeCl3_and_1.0_wt_SrCl2_and_0.5_wt_NiCl2.csv
[Run 3106/508994] ✅ Saved: 20260902_1209_nist_libs_1.0_wt_CeCl3_and_1.0_wt_SrCl2_and_1.0_wt_NiCl2.csv
[Run 3107/508994] ✅ Saved: 20260902_1209_nist_libs_1.0_wt_CeCl3_and_1.0_wt_SrCl2_and_1.5_wt_NiCl2.csv
[Run 3108/508994] ✅ Saved: 20260902_1209_nist_libs_1.0_wt_CeCl3_and_1.0_wt_SrCl2_and_2.0_wt_NiCl2.csv
[Run 3109/508994] ✅ Saved: 20260902_1209_nist_libs_1.0_wt_CeCl3_and_1.0_wt_SrCl2_and_2.5_wt_NiCl2.csv
[Run 3110/508994] ✅ Saved: 20260902_1209_nist_libs_1.0_wt_CeCl3_and_1.0_wt_SrCl2_and_3.0_wt_NiCl2.csv
[Run 3111/508994] ✅ Saved: 20260902_1209_nist_libs_1.0_wt_CeCl3_and_1.0_wt_SrCl2_and_3.5_wt_NiCl2.csv
[Run 3112/508994] ✅ Saved: 20260902_1209_nist_libs_1.0_wt_CeCl3_and_1.0_wt_SrCl2_and_4.0_wt_NiCl2.csv
[Run 3113/508994] ✅ Saved: 20260902_1209_nist_libs_1.0_wt_CeCl3_and_1.0_wt_SrCl2_and_4.5_wt_NiCl2.csv
[Run 3115/508994] ✅ Saved: 20260902_1209_nist_libs_1.0_wt_CeCl3_and_1.5_wt_SrCl2_and_0.5_wt_NiCl2.csv
[Run 3116/508994] ✅ Saved: 20260902_1209_nist_libs_1.0_wt_CeCl3_and_1.5_wt_SrCl2_and_1.0_wt_NiCl2.csv
[Run 3114/508994] ✅ Saved: 20260902_1209_nist_libs_1.0_wt_CeCl3_and_1.0_wt_SrCl2_and_5.0_wt_NiCl2.csv
[Run 3117/508994] ✅ Saved: 20260902_1209_nist_libs_1.0_wt_CeCl3_and_1.5_wt_SrCl2_and_1.5_wt_NiCl2.csv
[Run 3118/508994] ✅ Saved: 20260902_1209_nist_libs_1.0_wt_CeCl3_and_1.5_wt_SrCl2_and_2.0_wt_NiCl2.csv
[Run 3119/508994] ✅ Saved: 20260902_1209_nist_libs_1.0_wt_CeCl3_and_1.5_wt_SrCl2_and_2.5_wt_NiCl2.csv
[Run 3120/508994] ✅ Saved: 20260902_1209_nist_libs_1.0_wt_CeCl3_and_1.5_wt_SrCl2_and_3.0_wt_NiCl2.csv
[Run 3121/508994] ✅ Saved: 20260902_1209_nist_libs_1.0_wt_CeCl3_and_1.5_wt_SrCl2_and_3.5_wt_NiCl2.csv
[Run 3122/508994] ✅ Saved: 20260902_1209_nist_libs_1.0_wt_CeCl3_and_1.5_wt_SrCl2_and_4.0_wt_NiCl2.csv
[Run 3123/508994] ✅ Saved: 20260902_1209_nist_libs_1.0_wt_CeCl3_and_1.5_wt_SrCl2_and_4.5_wt_NiCl2.csv
[Run 3124/508994] ✅ Saved: 20260902_1209_nist_libs_1.0_wt_CeCl3_and_1.5_wt_SrCl2_and_5.0_wt_NiCl2.csv
[Run 3125/508994] ✅ Saved: 20260902_1209_nist_libs_1.0_wt_CeCl3_and_2.0_wt_SrCl2_and_0.5_wt_NiCl2.csv
[Run 3126/508994] ✅ Saved: 20260902_1209_nist_libs_1.0_wt_CeCl3_and_2.0_wt_SrCl2_and_1.0_wt_NiCl2.csv
[Run 3127/508994] ✅ Saved: 20260902_1209_nist_libs_1.0_wt_CeCl3_and_2.0_wt_SrCl2_and_1.5_wt_NiCl2.csv
[Run 3128/508994] ✅ Saved: 20260902_1209_nist_libs_1.0_wt_CeCl3_and_2.0_wt_SrCl2_and_2.0_wt_NiCl2.csv
[Run 3129/508994] ✅ Saved: 20260902_1209_nist_libs_1.0_wt_CeCl3_and_2.0_wt_SrCl2_and_2.5_wt_NiCl2.csv
[Run 3130/508994] ✅ Saved: 20260902_1209_nist_libs_1.0_wt_CeCl3_and_2.0_wt_SrCl2_and_3.0_wt_NiCl2.csv
[Run 3131/508994] ✅ Saved: 20260902_1209_nist_libs_1.0_wt_CeCl3_and_2.0_wt_SrCl2_and_3.5_wt_NiCl2.csv
[Run 3132/508994] ✅ Saved: 20260902_1209_nist_libs_1.0_wt_CeCl3_and_2.0_wt_SrCl2_and_4.0_wt_NiCl2.csv
[Run 3134/508994] ✅ Saved: 20260902_1209_nist_libs_1.0_wt_CeCl3_and_2.0_wt_SrCl2_and_5.0_wt_NiCl2.csv
[Run 3133/508994] ✅ Saved: 20260902_1209_nist_libs_1.0_wt_CeCl3_and_2.0_wt_SrCl2_and_4.5_wt_NiCl2.csv
[Run 3135/508994] ✅ Saved: 20260902_1209_nist_libs_1.0_wt_CeCl3_and_2.5_wt_SrCl2_and_0.5_wt_NiCl2.csv
[Run 3136/508994] ✅ Saved: 20260902_1209_nist_libs_1.0_wt_CeCl3_and_2.5_wt_SrCl2_and_1.0_wt_NiCl2.csv
[Run 3138/508994] ✅ Saved: 20260902_1209_nist_libs_1.0_wt_CeCl3_and_2.5_wt_SrCl2_and_2.0_wt_NiCl2.csv
[Run 3137/508994] ✅ Saved: 20260902_1209_nist_libs_1.0_wt_CeCl3_and_2.5_wt_SrCl2_and_1.5_wt_NiCl2.csv
[Run 3139/508994] ✅ Saved: 20260902_1209_nist_libs_1.0_wt_CeCl3_and_2.5_wt_SrCl2_and_2.5_wt_NiCl2.csv
[Run 3140/508994] ✅ Saved: 20260902_1209_nist_libs_1.0_wt_CeCl3_and_2.5_wt_SrCl2_and_3.0_wt_NiCl2.csv
[Run 3142/508994] ✅ Saved: 20260902_1209_nist_libs_1.0_wt_CeCl3_and_2.5_wt_SrCl2_and_4.0_wt_NiCl2.csv
[Run 3141/508994] ✅ Saved: 20260902_1209_nist_libs_1.0_wt_CeCl3_and_2.5_wt_SrCl2_and_3.5_wt_NiCl2.csv
[Run 3143/508994] ✅ Saved: 20260902_1209_nist_libs_1.0_wt_CeCl3_and_2.5_wt_SrCl2_and_4.5_wt_NiCl2.csv
[Run 3144/508994] ✅ Saved: 20260902_1209_nist_libs_1.0_wt_CeCl3_and_2.5_wt_SrCl2_and_5.0_wt_NiCl2.csv
[Run 3145/508994] ✅ Saved: 20260902_1209_nist_libs_1.0_wt_CeCl3_and_3.0_wt_SrCl2_and_0.5_wt_NiCl2.csv
[Run 3146/508994] ✅ Saved: 20260902_1209_nist_libs_1.0_wt_CeCl3_and_3.0_wt_SrCl2_and_1.0_wt_NiCl2.csv
[Run 3147/508994] ✅ Saved: 20260902_1209_nist_libs_1.0_wt_CeCl3_and_3.0_wt_SrCl2_and_1.5_wt_NiCl2.csv
[Run 3148/508994] ✅ Saved: 20260902_1209_nist_libs_1.0_wt_CeCl3_and_3.0_wt_SrCl2_and_2.0_wt_NiCl2.csv
[Run 3149/508994] ✅ Saved: 20260902_1209_nist_libs_1.0_wt_CeCl3_and_3.0_wt_SrCl2_and_2.5_wt_NiCl2.csv
[Run 3150/508994] ✅ Saved: 20260902_1209_nist_libs_1.0_wt_CeCl3_and_3.0_wt_SrCl2_and_3.0_wt_NiCl2.csv
[Run 3151/508994] ✅ Saved: 20260902_1209_nist_libs_1.0_wt_CeCl3_and_3.0_wt_SrCl2_and_3.5_wt_NiCl2.csv
[Run 3152/508994] ✅ Saved: 20260902_1209_nist_libs_1.0_wt_CeCl3_and_3.0_wt_SrCl2_and_4.0_wt_NiCl2.csv
[Run 3153/508994] ✅ Saved: 20260902_1209_nist_libs_1.0_wt_CeCl3_and_3.0_wt_SrCl2_and_4.5_wt_NiCl2.csv
[Run 3154/508994] ✅ Saved: 20260902_1209_nist_libs_1.0_wt_CeCl3_and_3.0_wt_SrCl2_and_5.0_wt_NiCl2.csv
[Run 3155/508994] ✅ Saved: 20260902_1209_nist_libs_1.0_wt_CeCl3_and_3.5_wt_SrCl2_and_0.5_wt_NiCl2.csv
[Run 3156/508994] ✅ Saved: 20260902_1209_nist_libs_1.0_wt_CeCl3_and_3.5_wt_SrCl2_and_1.0_wt_NiCl2.csv
[Run 3157/508994] ✅ Saved: 20260902_1209_nist_libs_1.0_wt_CeCl3_and_3.5_wt_SrCl2_and_1.5_wt_NiCl2.csv
[Run 3158/508994] ✅ Saved: 20260902_1209_nist_libs_1.0_wt_CeCl3_and_3.5_wt_SrCl2_and_2.0_wt_NiCl2.csv
[Run 3159/508994] ✅ Saved: 20260902_1209_nist_libs_1.0_wt_CeCl3_and_3.5_wt_SrCl2_and_2.5_wt_NiCl2.csv
[Run 3160/508994] ✅ Saved: 20260902_1209_nist_libs_1.0_wt_CeCl3_and_3.5_wt_SrCl2_and_3.0_wt_NiCl2.csv
[Run 3161/508994] ✅ Saved: 20260902_1209_nist_libs_1.0_wt_CeCl3_and_3.5_wt_SrCl2_and_3.5_wt_NiCl2.csv
[Run 3163/508994] ✅ Saved: 20260902_1209_nist_libs_1.0_wt_CeCl3_and_3.5_wt_SrCl2_and_4.5_wt_NiCl2.csv
[Run 3162/508994] ✅ Saved: 20260902_1209_nist_libs_1.0_wt_CeCl3_and_3.5_wt_SrCl2_and_4.0_wt_NiCl2.csv
[Run 3164/508994] ✅ Saved: 20260902_1209_nist_libs_1.0_wt_CeCl3_and_3.5_wt_SrCl2_and_5.0_wt_NiCl2.csv
[Run 3165/508994] ✅ Saved: 20260902_1209_nist_libs_1.0_wt_CeCl3_and_4.0_wt_SrCl2_and_0.5_wt_NiCl2.csv
[Run 3166/508994] ✅ Saved: 20260902_1209_nist_libs_1.0_wt_CeCl3_and_4.0_wt_SrCl2_and_1.0_wt_NiCl2.csv
[Run 3168/508994] ✅ Saved: 20260902_1209_nist_libs_1.0_wt_CeCl3_and_4.0_wt_SrCl2_and_2.0_wt_NiCl2.csv
[Run 3167/508994] ✅ Saved: 20260902_1209_nist_libs_1.0_wt_CeCl3_and_4.0_wt_SrCl2_and_1.5_wt_NiCl2.csv
[Run 3169/508994] ✅ Saved: 20260902_1209_nist_libs_1.0_wt_CeCl3_and_4.0_wt_SrCl2_and_2.5_wt_NiCl2.csv
[Run 3170/508994] ✅ Saved: 20260902_1209_nist_libs_1.0_wt_CeCl3_and_4.0_wt_SrCl2_and_3.0_wt_NiCl2.csv
[Run 3171/508994] ✅ Saved: 20260902_1209_nist_libs_1.0_wt_CeCl3_and_4.0_wt_SrCl2_and_3.5_wt_NiCl2.csv
[Run 3172/508994] ✅ Saved: 20260902_1209_nist_libs_1.0_wt_CeCl3_and_4.0_wt_SrCl2_and_4.0_wt_NiCl2.csv
[Run 3173/508994] ✅ Saved: 20260902_1209_nist_libs_1.0_wt_CeCl3_and_4.0_wt_SrCl2_and_4.5_wt_NiCl2.csv
[Run 3174/508994] ✅ Saved: 20260902_1209_nist_libs_1.0_wt_CeCl3_and_4.0_wt_SrCl2_and_5.0_wt_NiCl2.csv
[Run 3175/508994] ✅ Saved: 20260902_1209_nist_libs_1.0_wt_CeCl3_and_4.5_wt_SrCl2_and_0.5_wt_NiCl2.csv
[Run 3176/508994] ✅ Saved: 20260902_1209_nist_libs_1.0_wt_CeCl3_and_4.5_wt_SrCl2_and_1.0_wt_NiCl2.csv
[Run 3177/508994] ✅ Saved: 20260902_1209_nist_libs_1.0_wt_CeCl3_and_4.5_wt_SrCl2_and_1.5_wt_NiCl2.csv
[Run 3178/508994] ✅ Saved: 20260902_1209_nist_libs_1.0_wt_CeCl3_and_4.5_wt_SrCl2_and_2.0_wt_NiCl2.csv
[Run 3179/508994] ✅ Saved: 20260902_1209_nist_libs_1.0_wt_CeCl3_and_4.5_wt_SrCl2_and_2.5_wt_NiCl2.csv
[Run 3181/508994] ✅ Saved: 20260902_1209_nist_libs_1.0_wt_CeCl3_and_4.5_wt_SrCl2_and_3.5_wt_NiCl2.csv
[Run 3180/508994] ✅ Saved: 20260902_1209_nist_libs_1.0_wt_CeCl3_and_4.5_wt_SrCl2_and_3.0_wt_NiCl2.csv
[Run 3182/508994] ✅ Saved: 20260902_1209_nist_libs_1.0_wt_CeCl3_and_4.5_wt_SrCl2_and_4.0_wt_NiCl2.csv
[Run 3183/508994] ✅ Saved: 20260902_1209_nist_libs_1.0_wt_CeCl3_and_4.5_wt_SrCl2_and_4.5_wt_NiCl2.csv
[Run 3185/508994] ✅ Saved: 20260902_1209_nist_libs_1.0_wt_CeCl3_and_5.0_wt_SrCl2_and_0.5_wt_NiCl2.csv
[Run 3184/508994] ✅ Saved: 20260902_1209_nist_libs_1.0_wt_CeCl3_and_4.5_wt_SrCl2_and_5.0_wt_NiCl2.csv
[Run 3186/508994] ✅ Saved: 20260902_1209_nist_libs_1.0_wt_CeCl3_and_5.0_wt_SrCl2_and_1.0_wt_NiCl2.csv
[Run 3188/508994] ✅ Saved: 20260902_1209_nist_libs_1.0_wt_CeCl3_and_5.0_wt_SrCl2_and_2.0_wt_NiCl2.csv
[Run 3187/508994] ✅ Saved: 20260902_1209_nist_libs_1.0_wt_CeCl3_and_5.0_wt_SrCl2_and_1.5_wt_NiCl2.csv
[Run 3189/508994] ✅ Saved: 20260902_1209_nist_libs_1.0_wt_CeCl3_and_5.0_wt_SrCl2_and_2.5_wt_NiCl2.csv
[Run 3190/508994] ✅ Saved: 20260902_1209_nist_libs_1.0_wt_CeCl3_and_5.0_wt_SrCl2_and_3.0_wt_NiCl2.csv
[Run 3192/508994] ✅ Saved: 20260902_1209_nist_libs_1.0_wt_CeCl3_and_5.0_wt_SrCl2_and_4.0_wt_NiCl2.csv
[Run 3191/508994] ✅ Saved: 20260902_1209_nist_libs_1.0_wt_CeCl3_and_5.0_wt_SrCl2_and_3.5_wt_NiCl2.csv
[Run 3193/508994] ✅ Saved: 20260902_1209_nist_libs_1.0_wt_CeCl3_and_5.0_wt_SrCl2_and_4.5_wt_NiCl2.csv
[Run 3194/508994] ✅ Saved: 20260902_1209_nist_libs_1.0_wt_CeCl3_and_5.0_wt_SrCl2_and_5.0_wt_NiCl2.csv
[Run 3195/508994] ✅ Saved: 20260902_1209_nist_libs_1.5_wt_CeCl3_and_0.5_wt_SrCl2_and_0.5_wt_NiCl2.csv
[Run 3197/508994] ✅ Saved: 20260902_1209_nist_libs_1.5_wt_CeCl3_and_0.5_wt_SrCl2_and_1.5_wt_NiCl2.csv
[Run 3196/508994] ✅ Saved: 20260902_1209_nist_libs_1.5_wt_CeCl3_and_0.5_wt_SrCl2_and_1.0_wt_NiCl2.csv
[Run 3198/508994] ✅ Saved: 20260902_1209_nist_libs_1.5_wt_CeCl3_and_0.5_wt_SrCl2_and_2.0_wt_NiCl2.csv
[Run 3199/508994] ✅ Saved: 20260902_1209_nist_libs_1.5_wt_CeCl3_and_0.5_wt_SrCl2_and_2.5_wt_NiCl2.csv
[Run 3201/508994] ✅ Saved: 20260902_1209_nist_libs_1.5_wt_CeCl3_and_0.5_wt_SrCl2_and_3.5_wt_NiCl2.csv
[Run 3202/508994] ✅ Saved: 20260902_1209_nist_libs_1.5_wt_CeCl3_and_0.5_wt_SrCl2_and_4.0_wt_NiCl2.csv
[Run 3200/508994] ✅ Saved: 20260902_1209_nist_libs_1.5_wt_CeCl3_and_0.5_wt_SrCl2_and_3.0_wt_NiCl2.csv
[Run 3203/508994] ✅ Saved: 20260902_1209_nist_libs_1.5_wt_CeCl3_and_0.5_wt_SrCl2_and_4.5_wt_NiCl2.csv
[Run 3204/508994] ✅ Saved: 20260902_1209_nist_libs_1.5_wt_CeCl3_and_0.5_wt_SrCl2_and_5.0_wt_NiCl2.csv
[Run 3205/508994] ✅ Saved: 20260902_1209_nist_libs_1.5_wt_CeCl3_and_1.0_wt_SrCl2_and_0.5_wt_NiCl2.csv
[Run 3206/508994] ✅ Saved: 20260902_1209_nist_libs_1.5_wt_CeCl3_and_1.0_wt_SrCl2_and_1.0_wt_NiCl2.csv
[Run 3207/508994] ✅ Saved: 20260902_1209_nist_libs_1.5_wt_CeCl3_and_1.0_wt_SrCl2_and_1.5_wt_NiCl2.csv
[Run 3208/508994] ✅ Saved: 20260902_1209_nist_libs_1.5_wt_CeCl3_and_1.0_wt_SrCl2_and_2.0_wt_NiCl2.csv
[Run 3209/508994] ✅ Saved: 20260902_1209_nist_libs_1.5_wt_CeCl3_and_1.0_wt_SrCl2_and_2.5_wt_NiCl2.csv
[Run 3211/508994] ✅ Saved: 20260902_1209_nist_libs_1.5_wt_CeCl3_and_1.0_wt_SrCl2_and_3.5_wt_NiCl2.csv
[Run 3210/508994] ✅ Saved: 20260902_1209_nist_libs_1.5_wt_CeCl3_and_1.0_wt_SrCl2_and_3.0_wt_NiCl2.csv
[Run 3213/508994] ✅ Saved: 20260902_1209_nist_libs_1.5_wt_CeCl3_and_1.0_wt_SrCl2_and_4.5_wt_NiCl2.csv
[Run 3212/508994] ✅ Saved: 20260902_1209_nist_libs_1.5_wt_CeCl3_and_1.0_wt_SrCl2_and_4.0_wt_NiCl2.csv
[Run 3215/508994] ✅ Saved: 20260902_1209_nist_libs_1.5_wt_CeCl3_and_1.5_wt_SrCl2_and_0.5_wt_NiCl2.csv
[Run 3214/508994] ✅ Saved: 20260902_1209_nist_libs_1.5_wt_CeCl3_and_1.0_wt_SrCl2_and_5.0_wt_NiCl2.csv
[Run 3217/508994] ✅ Saved: 20260902_1209_nist_libs_1.5_wt_CeCl3_and_1.5_wt_SrCl2_and_1.5_wt_NiCl2.csv
[Run 3216/508994] ✅ Saved: 20260902_1209_nist_libs_1.5_wt_CeCl3_and_1.5_wt_SrCl2_and_1.0_wt_NiCl2.csv
[Run 3219/508994] ✅ Saved: 20260902_1209_nist_libs_1.5_wt_CeCl3_and_1.5_wt_SrCl2_and_2.5_wt_NiCl2.csv
[Run 3218/508994] ✅ Saved: 20260902_1209_nist_libs_1.5_wt_CeCl3_and_1.5_wt_SrCl2_and_2.0_wt_NiCl2.csv
[Run 3220/508994] ✅ Saved: 20260902_1209_nist_libs_1.5_wt_CeCl3_and_1.5_wt_SrCl2_and_3.0_wt_NiCl2.csv
[Run 3221/508994] ✅ Saved: 20260902_1209_nist_libs_1.5_wt_CeCl3_and_1.5_wt_SrCl2_and_3.5_wt_NiCl2.csv
[Run 3222/508994] ✅ Saved: 20260902_1209_nist_libs_1.5_wt_CeCl3_and_1.5_wt_SrCl2_and_4.0_wt_NiCl2.csv
[Run 3223/508994] ✅ Saved: 20260902_1209_nist_libs_1.5_wt_CeCl3_and_1.5_wt_SrCl2_and_4.5_wt_NiCl2.csv
[Run 3224/508994] ✅ Saved: 20260902_1209_nist_libs_1.5_wt_CeCl3_and_1.5_wt_SrCl2_and_5.0_wt_NiCl2.csv
[Run 3225/508994] ✅ Saved: 20260902_1209_nist_libs_1.5_wt_CeCl3_and_2.0_wt_SrCl2_and_0.5_wt_NiCl2.csv
[Run 3226/508994] ✅ Saved: 20260902_1209_nist_libs_1.5_wt_CeCl3_and_2.0_wt_SrCl2_and_1.0_wt_NiCl2.csv
[Run 3227/508994] ✅ Saved: 20260902_1209_nist_libs_1.5_wt_CeCl3_and_2.0_wt_SrCl2_and_1.5_wt_NiCl2.csv
[Run 3228/508994] ✅ Saved: 20260902_1209_nist_libs_1.5_wt_CeCl3_and_2.0_wt_SrCl2_and_2.0_wt_NiCl2.csv
[Run 3229/508994] ✅ Saved: 20260902_1209_nist_libs_1.5_wt_CeCl3_and_2.0_wt_SrCl2_and_2.5_wt_NiCl2.csv
[Run 3230/508994] ✅ Saved: 20260902_1209_nist_libs_1.5_wt_CeCl3_and_2.0_wt_SrCl2_and_3.0_wt_NiCl2.csv
[Run 3231/508994] ✅ Saved: 20260902_1209_nist_libs_1.5_wt_CeCl3_and_2.0_wt_SrCl2_and_3.5_wt_NiCl2.csv
[Run 3232/508994] ✅ Saved: 20260902_1209_nist_libs_1.5_wt_CeCl3_and_2.0_wt_SrCl2_and_4.0_wt_NiCl2.csv
[Run 3233/508994] ✅ Saved: 20260902_1209_nist_libs_1.5_wt_CeCl3_and_2.0_wt_SrCl2_and_4.5_wt_NiCl2.csv
[Run 3234/508994] ✅ Saved: 20260902_1209_nist_libs_1.5_wt_CeCl3_and_2.0_wt_SrCl2_and_5.0_wt_NiCl2.csv
[Run 3235/508994] ✅ Saved: 20260902_1209_nist_libs_1.5_wt_CeCl3_and_2.5_wt_SrCl2_and_0.5_wt_NiCl2.csv
[Run 3236/508994] ✅ Saved: 20260902_1209_nist_libs_1.5_wt_CeCl3_and_2.5_wt_SrCl2_and_1.0_wt_NiCl2.csv
[Run 3237/508994] ✅ Saved: 20260902_1209_nist_libs_1.5_wt_CeCl3_and_2.5_wt_SrCl2_and_1.5_wt_NiCl2.csv
[Run 3238/508994] ✅ Saved: 20260902_1209_nist_libs_1.5_wt_CeCl3_and_2.5_wt_SrCl2_and_2.0_wt_NiCl2.csv
[Run 3240/508994] ✅ Saved: 20260902_1209_nist_libs_1.5_wt_CeCl3_and_2.5_wt_SrCl2_and_3.0_wt_NiCl2.csv
[Run 3239/508994] ✅ Saved: 20260902_1209_nist_libs_1.5_wt_CeCl3_and_2.5_wt_SrCl2_and_2.5_wt_NiCl2.csv
[Run 3241/508994] ✅ Saved: 20260902_1209_nist_libs_1.5_wt_CeCl3_and_2.5_wt_SrCl2_and_3.5_wt_NiCl2.csv
[Run 3242/508994] ✅ Saved: 20260902_1209_nist_libs_1.5_wt_CeCl3_and_2.5_wt_SrCl2_and_4.0_wt_NiCl2.csv
[Run 3243/508994] ✅ Saved: 20260902_1209_nist_libs_1.5_wt_CeCl3_and_2.5_wt_SrCl2_and_4.5_wt_NiCl2.csv
[Run 3244/508994] ✅ Saved: 20260902_1209_nist_libs_1.5_wt_CeCl3_and_2.5_wt_SrCl2_and_5.0_wt_NiCl2.csv
[Run 3245/508994] ✅ Saved: 20260902_1209_nist_libs_1.5_wt_CeCl3_and_3.0_wt_SrCl2_and_0.5_wt_NiCl2.csv
[Run 3246/508994] ✅ Saved: 20260902_1209_nist_libs_1.5_wt_CeCl3_and_3.0_wt_SrCl2_and_1.0_wt_NiCl2.csv
[Run 3248/508994] ✅ Saved: 20260902_1209_nist_libs_1.5_wt_CeCl3_and_3.0_wt_SrCl2_and_2.0_wt_NiCl2.csv
[Run 3247/508994] ✅ Saved: 20260902_1209_nist_libs_1.5_wt_CeCl3_and_3.0_wt_SrCl2_and_1.5_wt_NiCl2.csv
[Run 3249/508994] ✅ Saved: 20260902_1209_nist_libs_1.5_wt_CeCl3_and_3.0_wt_SrCl2_and_2.5_wt_NiCl2.csv
[Run 3250/508994] ✅ Saved: 20260902_1209_nist_libs_1.5_wt_CeCl3_and_3.0_wt_SrCl2_and_3.0_wt_NiCl2.csv
[Run 3251/508994] ✅ Saved: 20260902_1209_nist_libs_1.5_wt_CeCl3_and_3.0_wt_SrCl2_and_3.5_wt_NiCl2.csv
[Run 3252/508994] ✅ Saved: 20260902_1209_nist_libs_1.5_wt_CeCl3_and_3.0_wt_SrCl2_and_4.0_wt_NiCl2.csv
[Run 3254/508994] ✅ Saved: 20260902_1209_nist_libs_1.5_wt_CeCl3_and_3.0_wt_SrCl2_and_5.0_wt_NiCl2.csv
[Run 3253/508994] ✅ Saved: 20260902_1209_nist_libs_1.5_wt_CeCl3_and_3.0_wt_SrCl2_and_4.5_wt_NiCl2.csv
[Run 3255/508994] ✅ Saved: 20260902_1209_nist_libs_1.5_wt_CeCl3_and_3.5_wt_SrCl2_and_0.5_wt_NiCl2.csv
[Run 3257/508994] ✅ Saved: 20260902_1209_nist_libs_1.5_wt_CeCl3_and_3.5_wt_SrCl2_and_1.5_wt_NiCl2.csv
[Run 3258/508994] ✅ Saved: 20260902_1209_nist_libs_1.5_wt_CeCl3_and_3.5_wt_SrCl2_and_2.0_wt_NiCl2.csv
[Run 3256/508994] ✅ Saved: 20260902_1209_nist_libs_1.5_wt_CeCl3_and_3.5_wt_SrCl2_and_1.0_wt_NiCl2.csv
[Run 3259/508994] ✅ Saved: 20260902_1209_nist_libs_1.5_wt_CeCl3_and_3.5_wt_SrCl2_and_2.5_wt_NiCl2.csv
[Run 3260/508994] ✅ Saved: 20260902_1209_nist_libs_1.5_wt_CeCl3_and_3.5_wt_SrCl2_and_3.0_wt_NiCl2.csv
[Run 3262/508994] ✅ Saved: 20260902_1209_nist_libs_1.5_wt_CeCl3_and_3.5_wt_SrCl2_and_4.0_wt_NiCl2.csv
[Run 3261/508994] ✅ Saved: 20260902_1209_nist_libs_1.5_wt_CeCl3_and_3.5_wt_SrCl2_and_3.5_wt_NiCl2.csv
[Run 3263/508994] ✅ Saved: 20260902_1209_nist_libs_1.5_wt_CeCl3_and_3.5_wt_SrCl2_and_4.5_wt_NiCl2.csv
[Run 3264/508994] ✅ Saved: 20260902_1209_nist_libs_1.5_wt_CeCl3_and_3.5_wt_SrCl2_and_5.0_wt_NiCl2.csv
[Run 3265/508994] ✅ Saved: 20260902_1209_nist_libs_1.5_wt_CeCl3_and_4.0_wt_SrCl2_and_0.5_wt_NiCl2.csv
[Run 3266/508994] ✅ Saved: 20260902_1209_nist_libs_1.5_wt_CeCl3_and_4.0_wt_SrCl2_and_1.0_wt_NiCl2.csv
[Run 3267/508994] ✅ Saved: 20260902_1209_nist_libs_1.5_wt_CeCl3_and_4.0_wt_SrCl2_and_1.5_wt_NiCl2.csv
[Run 3268/508994] ✅ Saved: 20260902_1209_nist_libs_1.5_wt_CeCl3_and_4.0_wt_SrCl2_and_2.0_wt_NiCl2.csv
[Run 3269/508994] ✅ Saved: 20260902_1209_nist_libs_1.5_wt_CeCl3_and_4.0_wt_SrCl2_and_2.5_wt_NiCl2.csv
[Run 3270/508994] ✅ Saved: 20260902_1209_nist_libs_1.5_wt_CeCl3_and_4.0_wt_SrCl2_and_3.0_wt_NiCl2.csv
[Run 3271/508994] ✅ Saved: 20260902_1209_nist_libs_1.5_wt_CeCl3_and_4.0_wt_SrCl2_and_3.5_wt_NiCl2.csv
[Run 3272/508994] ✅ Saved: 20260902_1209_nist_libs_1.5_wt_CeCl3_and_4.0_wt_SrCl2_and_4.0_wt_NiCl2.csv
[Run 3273/508994] ✅ Saved: 20260902_1209_nist_libs_1.5_wt_CeCl3_and_4.0_wt_SrCl2_and_4.5_wt_NiCl2.csv
[Run 3274/508994] ✅ Saved: 20260902_1209_nist_libs_1.5_wt_CeCl3_and_4.0_wt_SrCl2_and_5.0_wt_NiCl2.csv
[Run 3275/508994] ✅ Saved: 20260902_1209_nist_libs_1.5_wt_CeCl3_and_4.5_wt_SrCl2_and_0.5_wt_NiCl2.csv
[Run 3276/508994] ✅ Saved: 20260902_1209_nist_libs_1.5_wt_CeCl3_and_4.5_wt_SrCl2_and_1.0_wt_NiCl2.csv
[Run 3277/508994] ✅ Saved: 20260902_1209_nist_libs_1.5_wt_CeCl3_and_4.5_wt_SrCl2_and_1.5_wt_NiCl2.csv
[Run 3278/508994] ✅ Saved: 20260902_1209_nist_libs_1.5_wt_CeCl3_and_4.5_wt_SrCl2_and_2.0_wt_NiCl2.csv
[Run 3279/508994] ✅ Saved: 20260902_1209_nist_libs_1.5_wt_CeCl3_and_4.5_wt_SrCl2_and_2.5_wt_NiCl2.csv
[Run 3280/508994] ✅ Saved: 20260902_1209_nist_libs_1.5_wt_CeCl3_and_4.5_wt_SrCl2_and_3.0_wt_NiCl2.csv
[Run 3281/508994] ✅ Saved: 20260902_1209_nist_libs_1.5_wt_CeCl3_and_4.5_wt_SrCl2_and_3.5_wt_NiCl2.csv
[Run 3282/508994] ✅ Saved: 20260902_1209_nist_libs_1.5_wt_CeCl3_and_4.5_wt_SrCl2_and_4.0_wt_NiCl2.csv
[Run 3283/508994] ✅ Saved: 20260902_1209_nist_libs_1.5_wt_CeCl3_and_4.5_wt_SrCl2_and_4.5_wt_NiCl2.csv
[Run 3284/508994] ✅ Saved: 20260902_1209_nist_libs_1.5_wt_CeCl3_and_4.5_wt_SrCl2_and_5.0_wt_NiCl2.csv
[Run 3285/508994] ✅ Saved: 20260902_1209_nist_libs_1.5_wt_CeCl3_and_5.0_wt_SrCl2_and_0.5_wt_NiCl2.csv
[Run 3286/508994] ✅ Saved: 20260902_1209_nist_libs_1.5_wt_CeCl3_and_5.0_wt_SrCl2_and_1.0_wt_NiCl2.csv
[Run 3288/508994] ✅ Saved: 20260902_1209_nist_libs_1.5_wt_CeCl3_and_5.0_wt_SrCl2_and_2.0_wt_NiCl2.csv
[Run 3287/508994] ✅ Saved: 20260902_1209_nist_libs_1.5_wt_CeCl3_and_5.0_wt_SrCl2_and_1.5_wt_NiCl2.csv
[Run 3289/508994] ✅ Saved: 20260902_1209_nist_libs_1.5_wt_CeCl3_and_5.0_wt_SrCl2_and_2.5_wt_NiCl2.csv
[Run 3290/508994] ✅ Saved: 20260902_1209_nist_libs_1.5_wt_CeCl3_and_5.0_wt_SrCl2_and_3.0_wt_NiCl2.csv
[Run 3291/508994] ✅ Saved: 20260902_1209_nist_libs_1.5_wt_CeCl3_and_5.0_wt_SrCl2_and_3.5_wt_NiCl2.csv
[Run 3292/508994] ✅ Saved: 20260902_1209_nist_libs_1.5_wt_CeCl3_and_5.0_wt_SrCl2_and_4.0_wt_NiCl2.csv
[Run 3293/508994] ✅ Saved: 20260902_1209_nist_libs_1.5_wt_CeCl3_and_5.0_wt_SrCl2_and_4.5_wt_NiCl2.csv
[Run 3294/508994] ✅ Saved: 20260902_1209_nist_libs_1.5_wt_CeCl3_and_5.0_wt_SrCl2_and_5.0_wt_NiCl2.csv
[Run 3295/508994] ✅ Saved: 20260902_1209_nist_libs_2.0_wt_CeCl3_and_0.5_wt_SrCl2_and_0.5_wt_NiCl2.csv
[Run 3296/508994] ✅ Saved: 20260902_1209_nist_libs_2.0_wt_CeCl3_and_0.5_wt_SrCl2_and_1.0_wt_NiCl2.csv
[Run 3297/508994] ✅ Saved: 20260902_1209_nist_libs_2.0_wt_CeCl3_and_0.5_wt_SrCl2_and_1.5_wt_NiCl2.csv
[Run 3298/508994] ✅ Saved: 20260902_1209_nist_libs_2.0_wt_CeCl3_and_0.5_wt_SrCl2_and_2.0_wt_NiCl2.csv
[Run 3299/508994] ✅ Saved: 20260902_1209_nist_libs_2.0_wt_CeCl3_and_0.5_wt_SrCl2_and_2.5_wt_NiCl2.csv
[Run 3300/508994] ✅ Saved: 20260902_1209_nist_libs_2.0_wt_CeCl3_and_0.5_wt_SrCl2_and_3.0_wt_NiCl2.csv
[Run 3301/508994] ✅ Saved: 20260902_1209_nist_libs_2.0_wt_CeCl3_and_0.5_wt_SrCl2_and_3.5_wt_NiCl2.csv
[Run 3302/508994] ✅ Saved: 20260902_1209_nist_libs_2.0_wt_CeCl3_and_0.5_wt_SrCl2_and_4.0_wt_NiCl2.csv
[Run 3304/508994] ✅ Saved: 20260902_1209_nist_libs_2.0_wt_CeCl3_and_0.5_wt_SrCl2_and_5.0_wt_NiCl2.csv
[Run 3303/508994] ✅ Saved: 20260902_1209_nist_libs_2.0_wt_CeCl3_and_0.5_wt_SrCl2_and_4.5_wt_NiCl2.csv
[Run 3305/508994] ✅ Saved: 20260902_1209_nist_libs_2.0_wt_CeCl3_and_1.0_wt_SrCl2_and_0.5_wt_NiCl2.csv
[Run 3307/508994] ✅ Saved: 20260902_1209_nist_libs_2.0_wt_CeCl3_and_1.0_wt_SrCl2_and_1.5_wt_NiCl2.csv
[Run 3306/508994] ✅ Saved: 20260902_1209_nist_libs_2.0_wt_CeCl3_and_1.0_wt_SrCl2_and_1.0_wt_NiCl2.csv
[Run 3308/508994] ✅ Saved: 20260902_1209_nist_libs_2.0_wt_CeCl3_and_1.0_wt_SrCl2_and_2.0_wt_NiCl2.csv
[Run 3309/508994] ✅ Saved: 20260902_1209_nist_libs_2.0_wt_CeCl3_and_1.0_wt_SrCl2_and_2.5_wt_NiCl2.csv
[Run 3310/508994] ✅ Saved: 20260902_1209_nist_libs_2.0_wt_CeCl3_and_1.0_wt_SrCl2_and_3.0_wt_NiCl2.csv
[Run 3312/508994] ✅ Saved: 20260902_1209_nist_libs_2.0_wt_CeCl3_and_1.0_wt_SrCl2_and_4.0_wt_NiCl2.csv
[Run 3311/508994] ✅ Saved: 20260902_1209_nist_libs_2.0_wt_CeCl3_and_1.0_wt_SrCl2_and_3.5_wt_NiCl2.csv
[Run 3313/508994] ✅ Saved: 20260902_1209_nist_libs_2.0_wt_CeCl3_and_1.0_wt_SrCl2_and_4.5_wt_NiCl2.csv
[Run 3314/508994] ✅ Saved: 20260902_1209_nist_libs_2.0_wt_CeCl3_and_1.0_wt_SrCl2_and_5.0_wt_NiCl2.csv
[Run 3315/508994] ✅ Saved: 20260902_1209_nist_libs_2.0_wt_CeCl3_and_1.5_wt_SrCl2_and_0.5_wt_NiCl2.csv
[Run 3316/508994] ✅ Saved: 20260902_1209_nist_libs_2.0_wt_CeCl3_and_1.5_wt_SrCl2_and_1.0_wt_NiCl2.csv
[Run 3317/508994] ✅ Saved: 20260902_1209_nist_libs_2.0_wt_CeCl3_and_1.5_wt_SrCl2_and_1.5_wt_NiCl2.csv
[Run 3319/508994] ✅ Saved: 20260902_1209_nist_libs_2.0_wt_CeCl3_and_1.5_wt_SrCl2_and_2.5_wt_NiCl2.csv
[Run 3318/508994] ✅ Saved: 20260902_1209_nist_libs_2.0_wt_CeCl3_and_1.5_wt_SrCl2_and_2.0_wt_NiCl2.csv
[Run 3320/508994] ✅ Saved: 20260902_1209_nist_libs_2.0_wt_CeCl3_and_1.5_wt_SrCl2_and_3.0_wt_NiCl2.csv
[Run 3321/508994] ✅ Saved: 20260902_1209_nist_libs_2.0_wt_CeCl3_and_1.5_wt_SrCl2_and_3.5_wt_NiCl2.csv
[Run 3322/508994] ✅ Saved: 20260902_1209_nist_libs_2.0_wt_CeCl3_and_1.5_wt_SrCl2_and_4.0_wt_NiCl2.csv
[Run 3323/508994] ✅ Saved: 20260902_1209_nist_libs_2.0_wt_CeCl3_and_1.5_wt_SrCl2_and_4.5_wt_NiCl2.csv
[Run 3324/508994] ✅ Saved: 20260902_1209_nist_libs_2.0_wt_CeCl3_and_1.5_wt_SrCl2_and_5.0_wt_NiCl2.csv
[Run 3325/508994] ✅ Saved: 20260902_1209_nist_libs_2.0_wt_CeCl3_and_2.0_wt_SrCl2_and_0.5_wt_NiCl2.csv
[Run 3326/508994] ✅ Saved: 20260902_1209_nist_libs_2.0_wt_CeCl3_and_2.0_wt_SrCl2_and_1.0_wt_NiCl2.csv
[Run 3327/508994] ✅ Saved: 20260902_1209_nist_libs_2.0_wt_CeCl3_and_2.0_wt_SrCl2_and_1.5_wt_NiCl2.csv
[Run 3328/508994] ✅ Saved: 20260902_1209_nist_libs_2.0_wt_CeCl3_and_2.0_wt_SrCl2_and_2.0_wt_NiCl2.csv
[Run 3329/508994] ✅ Saved: 20260902_1209_nist_libs_2.0_wt_CeCl3_and_2.0_wt_SrCl2_and_2.5_wt_NiCl2.csv
[Run 3330/508994] ✅ Saved: 20260902_1209_nist_libs_2.0_wt_CeCl3_and_2.0_wt_SrCl2_and_3.0_wt_NiCl2.csv
[Run 3331/508994] ✅ Saved: 20260902_1209_nist_libs_2.0_wt_CeCl3_and_2.0_wt_SrCl2_and_3.5_wt_NiCl2.csv
[Run 3333/508994] ✅ Saved: 20260902_1209_nist_libs_2.0_wt_CeCl3_and_2.0_wt_SrCl2_and_4.5_wt_NiCl2.csv
[Run 3332/508994] ✅ Saved: 20260902_1209_nist_libs_2.0_wt_CeCl3_and_2.0_wt_SrCl2_and_4.0_wt_NiCl2.csv
[Run 3334/508994] ✅ Saved: 20260902_1209_nist_libs_2.0_wt_CeCl3_and_2.0_wt_SrCl2_and_5.0_wt_NiCl2.csv
[Run 3335/508994] ✅ Saved: 20260902_1209_nist_libs_2.0_wt_CeCl3_and_2.5_wt_SrCl2_and_0.5_wt_NiCl2.csv
[Run 3336/508994] ✅ Saved: 20260902_1209_nist_libs_2.0_wt_CeCl3_and_2.5_wt_SrCl2_and_1.0_wt_NiCl2.csv
[Run 3337/508994] ✅ Saved: 20260902_1209_nist_libs_2.0_wt_CeCl3_and_2.5_wt_SrCl2_and_1.5_wt_NiCl2.csv
[Run 3338/508994] ✅ Saved: 20260902_1209_nist_libs_2.0_wt_CeCl3_and_2.5_wt_SrCl2_and_2.0_wt_NiCl2.csv
[Run 3339/508994] ✅ Saved: 20260902_1209_nist_libs_2.0_wt_CeCl3_and_2.5_wt_SrCl2_and_2.5_wt_NiCl2.csv
[Run 3340/508994] ✅ Saved: 20260902_1209_nist_libs_2.0_wt_CeCl3_and_2.5_wt_SrCl2_and_3.0_wt_NiCl2.csv
[Run 3341/508994] ✅ Saved: 20260902_1209_nist_libs_2.0_wt_CeCl3_and_2.5_wt_SrCl2_and_3.5_wt_NiCl2.csv
[Run 3342/508994] ✅ Saved: 20260902_1209_nist_libs_2.0_wt_CeCl3_and_2.5_wt_SrCl2_and_4.0_wt_NiCl2.csv
[Run 3343/508994] ✅ Saved: 20260902_1209_nist_libs_2.0_wt_CeCl3_and_2.5_wt_SrCl2_and_4.5_wt_NiCl2.csv
[Run 3344/508994] ✅ Saved: 20260902_1209_nist_libs_2.0_wt_CeCl3_and_2.5_wt_SrCl2_and_5.0_wt_NiCl2.csv
[Run 3345/508994] ✅ Saved: 20260902_1209_nist_libs_2.0_wt_CeCl3_and_3.0_wt_SrCl2_and_0.5_wt_NiCl2.csv
[Run 3346/508994] ✅ Saved: 20260902_1209_nist_libs_2.0_wt_CeCl3_and_3.0_wt_SrCl2_and_1.0_wt_NiCl2.csv
[Run 3347/508994] ✅ Saved: 20260902_1209_nist_libs_2.0_wt_CeCl3_and_3.0_wt_SrCl2_and_1.5_wt_NiCl2.csv
[Run 3348/508994] ✅ Saved: 20260902_1209_nist_libs_2.0_wt_CeCl3_and_3.0_wt_SrCl2_and_2.0_wt_NiCl2.csv
[Run 3349/508994] ✅ Saved: 20260902_1209_nist_libs_2.0_wt_CeCl3_and_3.0_wt_SrCl2_and_2.5_wt_NiCl2.csv
[Run 3350/508994] ✅ Saved: 20260902_1209_nist_libs_2.0_wt_CeCl3_and_3.0_wt_SrCl2_and_3.0_wt_NiCl2.csv
[Run 3351/508994] ✅ Saved: 20260902_1209_nist_libs_2.0_wt_CeCl3_and_3.0_wt_SrCl2_and_3.5_wt_NiCl2.csv
[Run 3352/508994] ✅ Saved: 20260902_1209_nist_libs_2.0_wt_CeCl3_and_3.0_wt_SrCl2_and_4.0_wt_NiCl2.csv
[Run 3354/508994] ✅ Saved: 20260902_1209_nist_libs_2.0_wt_CeCl3_and_3.0_wt_SrCl2_and_5.0_wt_NiCl2.csv
[Run 3353/508994] ✅ Saved: 20260902_1209_nist_libs_2.0_wt_CeCl3_and_3.0_wt_SrCl2_and_4.5_wt_NiCl2.csv
[Run 3355/508994] ✅ Saved: 20260902_1209_nist_libs_2.0_wt_CeCl3_and_3.5_wt_SrCl2_and_0.5_wt_NiCl2.csv
[Run 3356/508994] ✅ Saved: 20260902_1209_nist_libs_2.0_wt_CeCl3_and_3.5_wt_SrCl2_and_1.0_wt_NiCl2.csv
[Run 3357/508994] ✅ Saved: 20260902_1209_nist_libs_2.0_wt_CeCl3_and_3.5_wt_SrCl2_and_1.5_wt_NiCl2.csv
[Run 3358/508994] ✅ Saved: 20260902_1209_nist_libs_2.0_wt_CeCl3_and_3.5_wt_SrCl2_and_2.0_wt_NiCl2.csv
[Run 3359/508994] ✅ Saved: 20260902_1209_nist_libs_2.0_wt_CeCl3_and_3.5_wt_SrCl2_and_2.5_wt_NiCl2.csv
[Run 3360/508994] ✅ Saved: 20260902_1209_nist_libs_2.0_wt_CeCl3_and_3.5_wt_SrCl2_and_3.0_wt_NiCl2.csv
[Run 3361/508994] ✅ Saved: 20260902_1209_nist_libs_2.0_wt_CeCl3_and_3.5_wt_SrCl2_and_3.5_wt_NiCl2.csv
[Run 3362/508994] ✅ Saved: 20260902_1209_nist_libs_2.0_wt_CeCl3_and_3.5_wt_SrCl2_and_4.0_wt_NiCl2.csv
[Run 3363/508994] ✅ Saved: 20260902_1209_nist_libs_2.0_wt_CeCl3_and_3.5_wt_SrCl2_and_4.5_wt_NiCl2.csv
[Run 3364/508994] ✅ Saved: 20260902_1209_nist_libs_2.0_wt_CeCl3_and_3.5_wt_SrCl2_and_5.0_wt_NiCl2.csv
[Run 3365/508994] ✅ Saved: 20260902_1209_nist_libs_2.0_wt_CeCl3_and_4.0_wt_SrCl2_and_0.5_wt_NiCl2.csv
[Run 3366/508994] ✅ Saved: 20260902_1209_nist_libs_2.0_wt_CeCl3_and_4.0_wt_SrCl2_and_1.0_wt_NiCl2.csv
[Run 3367/508994] ✅ Saved: 20260902_1209_nist_libs_2.0_wt_CeCl3_and_4.0_wt_SrCl2_and_1.5_wt_NiCl2.csv
[Run 3368/508994] ✅ Saved: 20260902_1209_nist_libs_2.0_wt_CeCl3_and_4.0_wt_SrCl2_and_2.0_wt_NiCl2.csv
[Run 3369/508994] ✅ Saved: 20260902_1209_nist_libs_2.0_wt_CeCl3_and_4.0_wt_SrCl2_and_2.5_wt_NiCl2.csv
[Run 3370/508994] ✅ Saved: 20260902_1209_nist_libs_2.0_wt_CeCl3_and_4.0_wt_SrCl2_and_3.0_wt_NiCl2.csv
[Run 3371/508994] ✅ Saved: 20260902_1209_nist_libs_2.0_wt_CeCl3_and_4.0_wt_SrCl2_and_3.5_wt_NiCl2.csv
[Run 3372/508994] ✅ Saved: 20260902_1209_nist_libs_2.0_wt_CeCl3_and_4.0_wt_SrCl2_and_4.0_wt_NiCl2.csv
[Run 3373/508994] ✅ Saved: 20260902_1209_nist_libs_2.0_wt_CeCl3_and_4.0_wt_SrCl2_and_4.5_wt_NiCl2.csv
[Run 3374/508994] ✅ Saved: 20260902_1209_nist_libs_2.0_wt_CeCl3_and_4.0_wt_SrCl2_and_5.0_wt_NiCl2.csv
[Run 3375/508994] ✅ Saved: 20260902_1209_nist_libs_2.0_wt_CeCl3_and_4.5_wt_SrCl2_and_0.5_wt_NiCl2.csv
[Run 3376/508994] ✅ Saved: 20260902_1209_nist_libs_2.0_wt_CeCl3_and_4.5_wt_SrCl2_and_1.0_wt_NiCl2.csv
[Run 3377/508994] ✅ Saved: 20260902_1209_nist_libs_2.0_wt_CeCl3_and_4.5_wt_SrCl2_and_1.5_wt_NiCl2.csv
[Run 3378/508994] ✅ Saved: 20260902_1209_nist_libs_2.0_wt_CeCl3_and_4.5_wt_SrCl2_and_2.0_wt_NiCl2.csv
[Run 3379/508994] ✅ Saved: 20260902_1209_nist_libs_2.0_wt_CeCl3_and_4.5_wt_SrCl2_and_2.5_wt_NiCl2.csv
[Run 3380/508994] ✅ Saved: 20260902_1209_nist_libs_2.0_wt_CeCl3_and_4.5_wt_SrCl2_and_3.0_wt_NiCl2.csv
[Run 3381/508994] ✅ Saved: 20260902_1209_nist_libs_2.0_wt_CeCl3_and_4.5_wt_SrCl2_and_3.5_wt_NiCl2.csv
[Run 3382/508994] ✅ Saved: 20260902_1209_nist_libs_2.0_wt_CeCl3_and_4.5_wt_SrCl2_and_4.0_wt_NiCl2.csv
[Run 3383/508994] ✅ Saved: 20260902_1209_nist_libs_2.0_wt_CeCl3_and_4.5_wt_SrCl2_and_4.5_wt_NiCl2.csv
[Run 3384/508994] ✅ Saved: 20260902_1209_nist_libs_2.0_wt_CeCl3_and_4.5_wt_SrCl2_and_5.0_wt_NiCl2.csv
[Run 3385/508994] ✅ Saved: 20260902_1209_nist_libs_2.0_wt_CeCl3_and_5.0_wt_SrCl2_and_0.5_wt_NiCl2.csv
[Run 3386/508994] ✅ Saved: 20260902_1209_nist_libs_2.0_wt_CeCl3_and_5.0_wt_SrCl2_and_1.0_wt_NiCl2.csv
[Run 3387/508994] ✅ Saved: 20260902_1209_nist_libs_2.0_wt_CeCl3_and_5.0_wt_SrCl2_and_1.5_wt_NiCl2.csv
[Run 3388/508994] ✅ Saved: 20260902_1209_nist_libs_2.0_wt_CeCl3_and_5.0_wt_SrCl2_and_2.0_wt_NiCl2.csv
[Run 3389/508994] ✅ Saved: 20260902_1209_nist_libs_2.0_wt_CeCl3_and_5.0_wt_SrCl2_and_2.5_wt_NiCl2.csv
[Run 3390/508994] ✅ Saved: 20260902_1209_nist_libs_2.0_wt_CeCl3_and_5.0_wt_SrCl2_and_3.0_wt_NiCl2.csv
[Run 3391/508994] ✅ Saved: 20260902_1209_nist_libs_2.0_wt_CeCl3_and_5.0_wt_SrCl2_and_3.5_wt_NiCl2.csv
[Run 3392/508994] ✅ Saved: 20260902_1209_nist_libs_2.0_wt_CeCl3_and_5.0_wt_SrCl2_and_4.0_wt_NiCl2.csv
[Run 3393/508994] ✅ Saved: 20260902_1209_nist_libs_2.0_wt_CeCl3_and_5.0_wt_SrCl2_and_4.5_wt_NiCl2.csv
[Run 3394/508994] ✅ Saved: 20260902_1209_nist_libs_2.0_wt_CeCl3_and_5.0_wt_SrCl2_and_5.0_wt_NiCl2.csv
[Run 3395/508994] ✅ Saved: 20260902_1209_nist_libs_2.5_wt_CeCl3_and_0.5_wt_SrCl2_and_0.5_wt_NiCl2.csv
[Run 3396/508994] ✅ Saved: 20260902_1209_nist_libs_2.5_wt_CeCl3_and_0.5_wt_SrCl2_and_1.0_wt_NiCl2.csv
[Run 3397/508994] ✅ Saved: 20260902_1209_nist_libs_2.5_wt_CeCl3_and_0.5_wt_SrCl2_and_1.5_wt_NiCl2.csv
[Run 3398/508994] ✅ Saved: 20260902_1209_nist_libs_2.5_wt_CeCl3_and_0.5_wt_SrCl2_and_2.0_wt_NiCl2.csv
[Run 3399/508994] ✅ Saved: 20260902_1209_nist_libs_2.5_wt_CeCl3_and_0.5_wt_SrCl2_and_2.5_wt_NiCl2.csv
[Run 3400/508994] ✅ Saved: 20260902_1209_nist_libs_2.5_wt_CeCl3_and_0.5_wt_SrCl2_and_3.0_wt_NiCl2.csv
[Run 3401/508994] ✅ Saved: 20260902_1209_nist_libs_2.5_wt_CeCl3_and_0.5_wt_SrCl2_and_3.5_wt_NiCl2.csv
[Run 3402/508994] ✅ Saved: 20260902_1209_nist_libs_2.5_wt_CeCl3_and_0.5_wt_SrCl2_and_4.0_wt_NiCl2.csv
[Run 3403/508994] ✅ Saved: 20260902_1209_nist_libs_2.5_wt_CeCl3_and_0.5_wt_SrCl2_and_4.5_wt_NiCl2.csv
[Run 3404/508994] ✅ Saved: 20260902_1209_nist_libs_2.5_wt_CeCl3_and_0.5_wt_SrCl2_and_5.0_wt_NiCl2.csv
[Run 3405/508994] ✅ Saved: 20260902_1209_nist_libs_2.5_wt_CeCl3_and_1.0_wt_SrCl2_and_0.5_wt_NiCl2.csv
[Run 3406/508994] ✅ Saved: 20260902_1209_nist_libs_2.5_wt_CeCl3_and_1.0_wt_SrCl2_and_1.0_wt_NiCl2.csv
[Run 3407/508994] ✅ Saved: 20260902_1209_nist_libs_2.5_wt_CeCl3_and_1.0_wt_SrCl2_and_1.5_wt_NiCl2.csv
[Run 3408/508994] ✅ Saved: 20260902_1209_nist_libs_2.5_wt_CeCl3_and_1.0_wt_SrCl2_and_2.0_wt_NiCl2.csv
[Run 3409/508994] ✅ Saved: 20260902_1209_nist_libs_2.5_wt_CeCl3_and_1.0_wt_SrCl2_and_2.5_wt_NiCl2.csv
[Run 3410/508994] ✅ Saved: 20260902_1209_nist_libs_2.5_wt_CeCl3_and_1.0_wt_SrCl2_and_3.0_wt_NiCl2.csv
[Run 3411/508994] ✅ Saved: 20260902_1209_nist_libs_2.5_wt_CeCl3_and_1.0_wt_SrCl2_and_3.5_wt_NiCl2.csv
[Run 3412/508994] ✅ Saved: 20260902_1209_nist_libs_2.5_wt_CeCl3_and_1.0_wt_SrCl2_and_4.0_wt_NiCl2.csv
[Run 3413/508994] ✅ Saved: 20260902_1209_nist_libs_2.5_wt_CeCl3_and_1.0_wt_SrCl2_and_4.5_wt_NiCl2.csv
[Run 3414/508994] ✅ Saved: 20260902_1209_nist_libs_2.5_wt_CeCl3_and_1.0_wt_SrCl2_and_5.0_wt_NiCl2.csv
[Run 3415/508994] ✅ Saved: 20260902_1209_nist_libs_2.5_wt_CeCl3_and_1.5_wt_SrCl2_and_0.5_wt_NiCl2.csv
[Run 3417/508994] ✅ Saved: 20260902_1209_nist_libs_2.5_wt_CeCl3_and_1.5_wt_SrCl2_and_1.5_wt_NiCl2.csv
[Run 3416/508994] ✅ Saved: 20260902_1209_nist_libs_2.5_wt_CeCl3_and_1.5_wt_SrCl2_and_1.0_wt_NiCl2.csv
[Run 3418/508994] ✅ Saved: 20260902_1209_nist_libs_2.5_wt_CeCl3_and_1.5_wt_SrCl2_and_2.0_wt_NiCl2.csv
[Run 3419/508994] ✅ Saved: 20260902_1209_nist_libs_2.5_wt_CeCl3_and_1.5_wt_SrCl2_and_2.5_wt_NiCl2.csv
[Run 3420/508994] ✅ Saved: 20260902_1209_nist_libs_2.5_wt_CeCl3_and_1.5_wt_SrCl2_and_3.0_wt_NiCl2.csv
[Run 3421/508994] ✅ Saved: 20260902_1209_nist_libs_2.5_wt_CeCl3_and_1.5_wt_SrCl2_and_3.5_wt_NiCl2.csv
[Run 3422/508994] ✅ Saved: 20260902_1209_nist_libs_2.5_wt_CeCl3_and_1.5_wt_SrCl2_and_4.0_wt_NiCl2.csv
[Run 3423/508994] ✅ Saved: 20260902_1209_nist_libs_2.5_wt_CeCl3_and_1.5_wt_SrCl2_and_4.5_wt_NiCl2.csv
[Run 3424/508994] ✅ Saved: 20260902_1209_nist_libs_2.5_wt_CeCl3_and_1.5_wt_SrCl2_and_5.0_wt_NiCl2.csv
[Run 3425/508994] ✅ Saved: 20260902_1209_nist_libs_2.5_wt_CeCl3_and_2.0_wt_SrCl2_and_0.5_wt_NiCl2.csv
[Run 3426/508994] ✅ Saved: 20260902_1209_nist_libs_2.5_wt_CeCl3_and_2.0_wt_SrCl2_and_1.0_wt_NiCl2.csv
[Run 3427/508994] ✅ Saved: 20260902_1209_nist_libs_2.5_wt_CeCl3_and_2.0_wt_SrCl2_and_1.5_wt_NiCl2.csv
[Run 3428/508994] ✅ Saved: 20260902_1209_nist_libs_2.5_wt_CeCl3_and_2.0_wt_SrCl2_and_2.0_wt_NiCl2.csv
[Run 3429/508994] ✅ Saved: 20260902_1209_nist_libs_2.5_wt_CeCl3_and_2.0_wt_SrCl2_and_2.5_wt_NiCl2.csv
[Run 3430/508994] ✅ Saved: 20260902_1209_nist_libs_2.5_wt_CeCl3_and_2.0_wt_SrCl2_and_3.0_wt_NiCl2.csv
[Run 3431/508994] ✅ Saved: 20260902_1209_nist_libs_2.5_wt_CeCl3_and_2.0_wt_SrCl2_and_3.5_wt_NiCl2.csv
[Run 3432/508994] ✅ Saved: 20260902_1209_nist_libs_2.5_wt_CeCl3_and_2.0_wt_SrCl2_and_4.0_wt_NiCl2.csv
[Run 3433/508994] ✅ Saved: 20260902_1209_nist_libs_2.5_wt_CeCl3_and_2.0_wt_SrCl2_and_4.5_wt_NiCl2.csv
[Run 3434/508994] ✅ Saved: 20260902_1209_nist_libs_2.5_wt_CeCl3_and_2.0_wt_SrCl2_and_5.0_wt_NiCl2.csv
[Run 3435/508994] ✅ Saved: 20260902_1209_nist_libs_2.5_wt_CeCl3_and_2.5_wt_SrCl2_and_0.5_wt_NiCl2.csv
[Run 3436/508994] ✅ Saved: 20260902_1209_nist_libs_2.5_wt_CeCl3_and_2.5_wt_SrCl2_and_1.0_wt_NiCl2.csv
[Run 3437/508994] ✅ Saved: 20260902_1209_nist_libs_2.5_wt_CeCl3_and_2.5_wt_SrCl2_and_1.5_wt_NiCl2.csv
[Run 3438/508994] ✅ Saved: 20260902_1209_nist_libs_2.5_wt_CeCl3_and_2.5_wt_SrCl2_and_2.0_wt_NiCl2.csv
[Run 3439/508994] ✅ Saved: 20260902_1209_nist_libs_2.5_wt_CeCl3_and_2.5_wt_SrCl2_and_2.5_wt_NiCl2.csv
[Run 3440/508994] ✅ Saved: 20260902_1209_nist_libs_2.5_wt_CeCl3_and_2.5_wt_SrCl2_and_3.0_wt_NiCl2.csv
[Run 3441/508994] ✅ Saved: 20260902_1209_nist_libs_2.5_wt_CeCl3_and_2.5_wt_SrCl2_and_3.5_wt_NiCl2.csv
[Run 3442/508994] ✅ Saved: 20260902_1209_nist_libs_2.5_wt_CeCl3_and_2.5_wt_SrCl2_and_4.0_wt_NiCl2.csv
[Run 3443/508994] ✅ Saved: 20260902_1209_nist_libs_2.5_wt_CeCl3_and_2.5_wt_SrCl2_and_4.5_wt_NiCl2.csv
[Run 3444/508994] ✅ Saved: 20260902_1209_nist_libs_2.5_wt_CeCl3_and_2.5_wt_SrCl2_and_5.0_wt_NiCl2.csv
[Run 3445/508994] ✅ Saved: 20260902_1209_nist_libs_2.5_wt_CeCl3_and_3.0_wt_SrCl2_and_0.5_wt_NiCl2.csv
[Run 3446/508994] ✅ Saved: 20260902_1209_nist_libs_2.5_wt_CeCl3_and_3.0_wt_SrCl2_and_1.0_wt_NiCl2.csv
[Run 3447/508994] ✅ Saved: 20260902_1209_nist_libs_2.5_wt_CeCl3_and_3.0_wt_SrCl2_and_1.5_wt_NiCl2.csv
[Run 3448/508994] ✅ Saved: 20260902_1209_nist_libs_2.5_wt_CeCl3_and_3.0_wt_SrCl2_and_2.0_wt_NiCl2.csv
[Run 3449/508994] ✅ Saved: 20260902_1209_nist_libs_2.5_wt_CeCl3_and_3.0_wt_SrCl2_and_2.5_wt_NiCl2.csv
[Run 3450/508994] ✅ Saved: 20260902_1209_nist_libs_2.5_wt_CeCl3_and_3.0_wt_SrCl2_and_3.0_wt_NiCl2.csv
[Run 3451/508994] ✅ Saved: 20260902_1209_nist_libs_2.5_wt_CeCl3_and_3.0_wt_SrCl2_and_3.5_wt_NiCl2.csv
[Run 3452/508994] ✅ Saved: 20260902_1209_nist_libs_2.5_wt_CeCl3_and_3.0_wt_SrCl2_and_4.0_wt_NiCl2.csv
[Run 3453/508994] ✅ Saved: 20260902_1209_nist_libs_2.5_wt_CeCl3_and_3.0_wt_SrCl2_and_4.5_wt_NiCl2.csv
[Run 3454/508994] ✅ Saved: 20260902_1209_nist_libs_2.5_wt_CeCl3_and_3.0_wt_SrCl2_and_5.0_wt_NiCl2.csv
[Run 3455/508994] ✅ Saved: 20260902_1209_nist_libs_2.5_wt_CeCl3_and_3.5_wt_SrCl2_and_0.5_wt_NiCl2.csv
[Run 3456/508994] ✅ Saved: 20260902_1209_nist_libs_2.5_wt_CeCl3_and_3.5_wt_SrCl2_and_1.0_wt_NiCl2.csv
[Run 3457/508994] ✅ Saved: 20260902_1209_nist_libs_2.5_wt_CeCl3_and_3.5_wt_SrCl2_and_1.5_wt_NiCl2.csv
[Run 3458/508994] ✅ Saved: 20260902_1209_nist_libs_2.5_wt_CeCl3_and_3.5_wt_SrCl2_and_2.0_wt_NiCl2.csv
[Run 3459/508994] ✅ Saved: 20260902_1209_nist_libs_2.5_wt_CeCl3_and_3.5_wt_SrCl2_and_2.5_wt_NiCl2.csv
[Run 3460/508994] ✅ Saved: 20260902_1209_nist_libs_2.5_wt_CeCl3_and_3.5_wt_SrCl2_and_3.0_wt_NiCl2.csv
[Run 3462/508994] ✅ Saved: 20260902_1209_nist_libs_2.5_wt_CeCl3_and_3.5_wt_SrCl2_and_4.0_wt_NiCl2.csv
[Run 3461/508994] ✅ Saved: 20260902_1209_nist_libs_2.5_wt_CeCl3_and_3.5_wt_SrCl2_and_3.5_wt_NiCl2.csv
[Run 3463/508994] ✅ Saved: 20260902_1209_nist_libs_2.5_wt_CeCl3_and_3.5_wt_SrCl2_and_4.5_wt_NiCl2.csv
[Run 3464/508994] ✅ Saved: 20260902_1209_nist_libs_2.5_wt_CeCl3_and_3.5_wt_SrCl2_and_5.0_wt_NiCl2.csv
[Run 3466/508994] ✅ Saved: 20260902_1209_nist_libs_2.5_wt_CeCl3_and_4.0_wt_SrCl2_and_1.0_wt_NiCl2.csv
[Run 3465/508994] ✅ Saved: 20260902_1209_nist_libs_2.5_wt_CeCl3_and_4.0_wt_SrCl2_and_0.5_wt_NiCl2.csv
[Run 3467/508994] ✅ Saved: 20260902_1209_nist_libs_2.5_wt_CeCl3_and_4.0_wt_SrCl2_and_1.5_wt_NiCl2.csv
[Run 3468/508994] ✅ Saved: 20260902_1209_nist_libs_2.5_wt_CeCl3_and_4.0_wt_SrCl2_and_2.0_wt_NiCl2.csv
[Run 3469/508994] ✅ Saved: 20260902_1209_nist_libs_2.5_wt_CeCl3_and_4.0_wt_SrCl2_and_2.5_wt_NiCl2.csv
[Run 3470/508994] ✅ Saved: 20260902_1209_nist_libs_2.5_wt_CeCl3_and_4.0_wt_SrCl2_and_3.0_wt_NiCl2.csv
[Run 3471/508994] ✅ Saved: 20260902_1209_nist_libs_2.5_wt_CeCl3_and_4.0_wt_SrCl2_and_3.5_wt_NiCl2.csv
[Run 3472/508994] ✅ Saved: 20260902_1209_nist_libs_2.5_wt_CeCl3_and_4.0_wt_SrCl2_and_4.0_wt_NiCl2.csv
[Run 3473/508994] ✅ Saved: 20260902_1209_nist_libs_2.5_wt_CeCl3_and_4.0_wt_SrCl2_and_4.5_wt_NiCl2.csv
[Run 3474/508994] ✅ Saved: 20260902_1209_nist_libs_2.5_wt_CeCl3_and_4.0_wt_SrCl2_and_5.0_wt_NiCl2.csv
[Run 3475/508994] ✅ Saved: 20260902_1209_nist_libs_2.5_wt_CeCl3_and_4.5_wt_SrCl2_and_0.5_wt_NiCl2.csv
[Run 3476/508994] ✅ Saved: 20260902_1209_nist_libs_2.5_wt_CeCl3_and_4.5_wt_SrCl2_and_1.0_wt_NiCl2.csv
[Run 3477/508994] ✅ Saved: 20260902_1209_nist_libs_2.5_wt_CeCl3_and_4.5_wt_SrCl2_and_1.5_wt_NiCl2.csv
[Run 3478/508994] ✅ Saved: 20260902_1209_nist_libs_2.5_wt_CeCl3_and_4.5_wt_SrCl2_and_2.0_wt_NiCl2.csv
[Run 3479/508994] ✅ Saved: 20260902_1209_nist_libs_2.5_wt_CeCl3_and_4.5_wt_SrCl2_and_2.5_wt_NiCl2.csv
[Run 3480/508994] ✅ Saved: 20260902_1209_nist_libs_2.5_wt_CeCl3_and_4.5_wt_SrCl2_and_3.0_wt_NiCl2.csv
[Run 3481/508994] ✅ Saved: 20260902_1209_nist_libs_2.5_wt_CeCl3_and_4.5_wt_SrCl2_and_3.5_wt_NiCl2.csv
[Run 3482/508994] ✅ Saved: 20260902_1209_nist_libs_2.5_wt_CeCl3_and_4.5_wt_SrCl2_and_4.0_wt_NiCl2.csv
[Run 3483/508994] ✅ Saved: 20260902_1209_nist_libs_2.5_wt_CeCl3_and_4.5_wt_SrCl2_and_4.5_wt_NiCl2.csv
[Run 3484/508994] ✅ Saved: 20260902_1209_nist_libs_2.5_wt_CeCl3_and_4.5_wt_SrCl2_and_5.0_wt_NiCl2.csv
[Run 3485/508994] ✅ Saved: 20260902_1209_nist_libs_2.5_wt_CeCl3_and_5.0_wt_SrCl2_and_0.5_wt_NiCl2.csv
[Run 3486/508994] ✅ Saved: 20260902_1209_nist_libs_2.5_wt_CeCl3_and_5.0_wt_SrCl2_and_1.0_wt_NiCl2.csv
[Run 3487/508994] ✅ Saved: 20260902_1209_nist_libs_2.5_wt_CeCl3_and_5.0_wt_SrCl2_and_1.5_wt_NiCl2.csv
[Run 3488/508994] ✅ Saved: 20260902_1209_nist_libs_2.5_wt_CeCl3_and_5.0_wt_SrCl2_and_2.0_wt_NiCl2.csv
[Run 3489/508994] ✅ Saved: 20260902_1209_nist_libs_2.5_wt_CeCl3_and_5.0_wt_SrCl2_and_2.5_wt_NiCl2.csv
[Run 3491/508994] ✅ Saved: 20260902_1209_nist_libs_2.5_wt_CeCl3_and_5.0_wt_SrCl2_and_3.5_wt_NiCl2.csv
[Run 3490/508994] ✅ Saved: 20260902_1209_nist_libs_2.5_wt_CeCl3_and_5.0_wt_SrCl2_and_3.0_wt_NiCl2.csv
[Run 3492/508994] ✅ Saved: 20260902_1209_nist_libs_2.5_wt_CeCl3_and_5.0_wt_SrCl2_and_4.0_wt_NiCl2.csv
[Run 3493/508994] ✅ Saved: 20260902_1209_nist_libs_2.5_wt_CeCl3_and_5.0_wt_SrCl2_and_4.5_wt_NiCl2.csv
[Run 3495/508994] ✅ Saved: 20260902_1209_nist_libs_3.0_wt_CeCl3_and_0.5_wt_SrCl2_and_0.5_wt_NiCl2.csv
[Run 3494/508994] ✅ Saved: 20260902_1209_nist_libs_2.5_wt_CeCl3_and_5.0_wt_SrCl2_and_5.0_wt_NiCl2.csv
[Run 3496/508994] ✅ Saved: 20260902_1209_nist_libs_3.0_wt_CeCl3_and_0.5_wt_SrCl2_and_1.0_wt_NiCl2.csv
[Run 3497/508994] ✅ Saved: 20260902_1209_nist_libs_3.0_wt_CeCl3_and_0.5_wt_SrCl2_and_1.5_wt_NiCl2.csv
[Run 3498/508994] ✅ Saved: 20260902_1209_nist_libs_3.0_wt_CeCl3_and_0.5_wt_SrCl2_and_2.0_wt_NiCl2.csv
[Run 3499/508994] ✅ Saved: 20260902_1209_nist_libs_3.0_wt_CeCl3_and_0.5_wt_SrCl2_and_2.5_wt_NiCl2.csv
[Run 3500/508994] ✅ Saved: 20260902_1209_nist_libs_3.0_wt_CeCl3_and_0.5_wt_SrCl2_and_3.0_wt_NiCl2.csv
[Run 3501/508994] ✅ Saved: 20260902_1209_nist_libs_3.0_wt_CeCl3_and_0.5_wt_SrCl2_and_3.5_wt_NiCl2.csv
[Run 3502/508994] ✅ Saved: 20260902_1209_nist_libs_3.0_wt_CeCl3_and_0.5_wt_SrCl2_and_4.0_wt_NiCl2.csv
[Run 3503/508994] ✅ Saved: 20260902_1209_nist_libs_3.0_wt_CeCl3_and_0.5_wt_SrCl2_and_4.5_wt_NiCl2.csv
[Run 3505/508994] ✅ Saved: 20260902_1209_nist_libs_3.0_wt_CeCl3_and_1.0_wt_SrCl2_and_0.5_wt_NiCl2.csv
[Run 3504/508994] ✅ Saved: 20260902_1209_nist_libs_3.0_wt_CeCl3_and_0.5_wt_SrCl2_and_5.0_wt_NiCl2.csv
[Run 3506/508994] ✅ Saved: 20260902_1209_nist_libs_3.0_wt_CeCl3_and_1.0_wt_SrCl2_and_1.0_wt_NiCl2.csv
[Run 3507/508994] ✅ Saved: 20260902_1209_nist_libs_3.0_wt_CeCl3_and_1.0_wt_SrCl2_and_1.5_wt_NiCl2.csv
[Run 3508/508994] ✅ Saved: 20260902_1209_nist_libs_3.0_wt_CeCl3_and_1.0_wt_SrCl2_and_2.0_wt_NiCl2.csv
[Run 3509/508994] ✅ Saved: 20260902_1209_nist_libs_3.0_wt_CeCl3_and_1.0_wt_SrCl2_and_2.5_wt_NiCl2.csv
[Run 3510/508994] ✅ Saved: 20260902_1209_nist_libs_3.0_wt_CeCl3_and_1.0_wt_SrCl2_and_3.0_wt_NiCl2.csv
[Run 3511/508994] ✅ Saved: 20260902_1209_nist_libs_3.0_wt_CeCl3_and_1.0_wt_SrCl2_and_3.5_wt_NiCl2.csv
[Run 3512/508994] ✅ Saved: 20260902_1209_nist_libs_3.0_wt_CeCl3_and_1.0_wt_SrCl2_and_4.0_wt_NiCl2.csv
[Run 3514/508994] ✅ Saved: 20260902_1209_nist_libs_3.0_wt_CeCl3_and_1.0_wt_SrCl2_and_5.0_wt_NiCl2.csv
[Run 3513/508994] ✅ Saved: 20260902_1209_nist_libs_3.0_wt_CeCl3_and_1.0_wt_SrCl2_and_4.5_wt_NiCl2.csv
[Run 3515/508994] ✅ Saved: 20260902_1209_nist_libs_3.0_wt_CeCl3_and_1.5_wt_SrCl2_and_0.5_wt_NiCl2.csv
[Run 3516/508994] ✅ Saved: 20260902_1209_nist_libs_3.0_wt_CeCl3_and_1.5_wt_SrCl2_and_1.0_wt_NiCl2.csv
[Run 3518/508994] ✅ Saved: 20260902_1209_nist_libs_3.0_wt_CeCl3_and_1.5_wt_SrCl2_and_2.0_wt_NiCl2.csv
[Run 3517/508994] ✅ Saved: 20260902_1209_nist_libs_3.0_wt_CeCl3_and_1.5_wt_SrCl2_and_1.5_wt_NiCl2.csv
[Run 3519/508994] ✅ Saved: 20260902_1209_nist_libs_3.0_wt_CeCl3_and_1.5_wt_SrCl2_and_2.5_wt_NiCl2.csv
[Run 3520/508994] ✅ Saved: 20260902_1209_nist_libs_3.0_wt_CeCl3_and_1.5_wt_SrCl2_and_3.0_wt_NiCl2.csv
[Run 3521/508994] ✅ Saved: 20260902_1209_nist_libs_3.0_wt_CeCl3_and_1.5_wt_SrCl2_and_3.5_wt_NiCl2.csv
[Run 3522/508994] ✅ Saved: 20260902_1209_nist_libs_3.0_wt_CeCl3_and_1.5_wt_SrCl2_and_4.0_wt_NiCl2.csv
[Run 3523/508994] ✅ Saved: 20260902_1209_nist_libs_3.0_wt_CeCl3_and_1.5_wt_SrCl2_and_4.5_wt_NiCl2.csv
[Run 3524/508994] ✅ Saved: 20260902_1209_nist_libs_3.0_wt_CeCl3_and_1.5_wt_SrCl2_and_5.0_wt_NiCl2.csv
[Run 3525/508994] ✅ Saved: 20260902_1209_nist_libs_3.0_wt_CeCl3_and_2.0_wt_SrCl2_and_0.5_wt_NiCl2.csv
[Run 3526/508994] ✅ Saved: 20260902_1209_nist_libs_3.0_wt_CeCl3_and_2.0_wt_SrCl2_and_1.0_wt_NiCl2.csv
[Run 3527/508994] ✅ Saved: 20260902_1209_nist_libs_3.0_wt_CeCl3_and_2.0_wt_SrCl2_and_1.5_wt_NiCl2.csv
[Run 3528/508994] ✅ Saved: 20260902_1209_nist_libs_3.0_wt_CeCl3_and_2.0_wt_SrCl2_and_2.0_wt_NiCl2.csv
[Run 3529/508994] ✅ Saved: 20260902_1209_nist_libs_3.0_wt_CeCl3_and_2.0_wt_SrCl2_and_2.5_wt_NiCl2.csv
[Run 3530/508994] ✅ Saved: 20260902_1209_nist_libs_3.0_wt_CeCl3_and_2.0_wt_SrCl2_and_3.0_wt_NiCl2.csv
[Run 3531/508994] ✅ Saved: 20260902_1209_nist_libs_3.0_wt_CeCl3_and_2.0_wt_SrCl2_and_3.5_wt_NiCl2.csv
[Run 3532/508994] ✅ Saved: 20260902_1209_nist_libs_3.0_wt_CeCl3_and_2.0_wt_SrCl2_and_4.0_wt_NiCl2.csv
[Run 3533/508994] ✅ Saved: 20260902_1209_nist_libs_3.0_wt_CeCl3_and_2.0_wt_SrCl2_and_4.5_wt_NiCl2.csv
[Run 3534/508994] ✅ Saved: 20260902_1209_nist_libs_3.0_wt_CeCl3_and_2.0_wt_SrCl2_and_5.0_wt_NiCl2.csv
[Run 3535/508994] ✅ Saved: 20260902_1209_nist_libs_3.0_wt_CeCl3_and_2.5_wt_SrCl2_and_0.5_wt_NiCl2.csv
[Run 3536/508994] ✅ Saved: 20260902_1209_nist_libs_3.0_wt_CeCl3_and_2.5_wt_SrCl2_and_1.0_wt_NiCl2.csv
[Run 3537/508994] ✅ Saved: 20260902_1209_nist_libs_3.0_wt_CeCl3_and_2.5_wt_SrCl2_and_1.5_wt_NiCl2.csv
[Run 3539/508994] ✅ Saved: 20260902_1209_nist_libs_3.0_wt_CeCl3_and_2.5_wt_SrCl2_and_2.5_wt_NiCl2.csv
[Run 3538/508994] ✅ Saved: 20260902_1209_nist_libs_3.0_wt_CeCl3_and_2.5_wt_SrCl2_and_2.0_wt_NiCl2.csv
[Run 3540/508994] ✅ Saved: 20260902_1209_nist_libs_3.0_wt_CeCl3_and_2.5_wt_SrCl2_and_3.0_wt_NiCl2.csv
[Run 3541/508994] ✅ Saved: 20260902_1209_nist_libs_3.0_wt_CeCl3_and_2.5_wt_SrCl2_and_3.5_wt_NiCl2.csv
[Run 3543/508994] ✅ Saved: 20260902_1209_nist_libs_3.0_wt_CeCl3_and_2.5_wt_SrCl2_and_4.5_wt_NiCl2.csv
[Run 3544/508994] ✅ Saved: 20260902_1209_nist_libs_3.0_wt_CeCl3_and_2.5_wt_SrCl2_and_5.0_wt_NiCl2.csv
[Run 3542/508994] ✅ Saved: 20260902_1209_nist_libs_3.0_wt_CeCl3_and_2.5_wt_SrCl2_and_4.0_wt_NiCl2.csv
[Run 3545/508994] ✅ Saved: 20260902_1209_nist_libs_3.0_wt_CeCl3_and_3.0_wt_SrCl2_and_0.5_wt_NiCl2.csv
[Run 3546/508994] ✅ Saved: 20260902_1209_nist_libs_3.0_wt_CeCl3_and_3.0_wt_SrCl2_and_1.0_wt_NiCl2.csv
[Run 3547/508994] ✅ Saved: 20260902_1209_nist_libs_3.0_wt_CeCl3_and_3.0_wt_SrCl2_and_1.5_wt_NiCl2.csv
[Run 3548/508994] ✅ Saved: 20260902_1209_nist_libs_3.0_wt_CeCl3_and_3.0_wt_SrCl2_and_2.0_wt_NiCl2.csv
[Run 3549/508994] ✅ Saved: 20260902_1209_nist_libs_3.0_wt_CeCl3_and_3.0_wt_SrCl2_and_2.5_wt_NiCl2.csv
[Run 3550/508994] ✅ Saved: 20260902_1209_nist_libs_3.0_wt_CeCl3_and_3.0_wt_SrCl2_and_3.0_wt_NiCl2.csv
[Run 3552/508994] ✅ Saved: 20260902_1209_nist_libs_3.0_wt_CeCl3_and_3.0_wt_SrCl2_and_4.0_wt_NiCl2.csv
[Run 3551/508994] ✅ Saved: 20260902_1209_nist_libs_3.0_wt_CeCl3_and_3.0_wt_SrCl2_and_3.5_wt_NiCl2.csv
[Run 3553/508994] ✅ Saved: 20260902_1209_nist_libs_3.0_wt_CeCl3_and_3.0_wt_SrCl2_and_4.5_wt_NiCl2.csv
[Run 3554/508994] ✅ Saved: 20260902_1209_nist_libs_3.0_wt_CeCl3_and_3.0_wt_SrCl2_and_5.0_wt_NiCl2.csv
[Run 3556/508994] ✅ Saved: 20260902_1209_nist_libs_3.0_wt_CeCl3_and_3.5_wt_SrCl2_and_1.0_wt_NiCl2.csv
[Run 3555/508994] ✅ Saved: 20260902_1209_nist_libs_3.0_wt_CeCl3_and_3.5_wt_SrCl2_and_0.5_wt_NiCl2.csv
[Run 3557/508994] ✅ Saved: 20260902_1209_nist_libs_3.0_wt_CeCl3_and_3.5_wt_SrCl2_and_1.5_wt_NiCl2.csv
[Run 3558/508994] ✅ Saved: 20260902_1209_nist_libs_3.0_wt_CeCl3_and_3.5_wt_SrCl2_and_2.0_wt_NiCl2.csv
[Run 3559/508994] ✅ Saved: 20260902_1209_nist_libs_3.0_wt_CeCl3_and_3.5_wt_SrCl2_and_2.5_wt_NiCl2.csv
[Run 3560/508994] ✅ Saved: 20260902_1209_nist_libs_3.0_wt_CeCl3_and_3.5_wt_SrCl2_and_3.0_wt_NiCl2.csv
[Run 3561/508994] ✅ Saved: 20260902_1209_nist_libs_3.0_wt_CeCl3_and_3.5_wt_SrCl2_and_3.5_wt_NiCl2.csv
[Run 3562/508994] ✅ Saved: 20260902_1209_nist_libs_3.0_wt_CeCl3_and_3.5_wt_SrCl2_and_4.0_wt_NiCl2.csv
[Run 3563/508994] ✅ Saved: 20260902_1209_nist_libs_3.0_wt_CeCl3_and_3.5_wt_SrCl2_and_4.5_wt_NiCl2.csv
[Run 3566/508994] ✅ Saved: 20260902_1209_nist_libs_3.0_wt_CeCl3_and_4.0_wt_SrCl2_and_1.0_wt_NiCl2.csv
[Run 3564/508994] ✅ Saved: 20260902_1209_nist_libs_3.0_wt_CeCl3_and_3.5_wt_SrCl2_and_5.0_wt_NiCl2.csv
[Run 3565/508994] ✅ Saved: 20260902_1209_nist_libs_3.0_wt_CeCl3_and_4.0_wt_SrCl2_and_0.5_wt_NiCl2.csv
[Run 3567/508994] ✅ Saved: 20260902_1209_nist_libs_3.0_wt_CeCl3_and_4.0_wt_SrCl2_and_1.5_wt_NiCl2.csv
[Run 3568/508994] ✅ Saved: 20260902_1209_nist_libs_3.0_wt_CeCl3_and_4.0_wt_SrCl2_and_2.0_wt_NiCl2.csv
[Run 3570/508994] ✅ Saved: 20260902_1209_nist_libs_3.0_wt_CeCl3_and_4.0_wt_SrCl2_and_3.0_wt_NiCl2.csv
[Run 3569/508994] ✅ Saved: 20260902_1209_nist_libs_3.0_wt_CeCl3_and_4.0_wt_SrCl2_and_2.5_wt_NiCl2.csv
[Run 3571/508994] ✅ Saved: 20260902_1209_nist_libs_3.0_wt_CeCl3_and_4.0_wt_SrCl2_and_3.5_wt_NiCl2.csv
[Run 3572/508994] ✅ Saved: 20260902_1209_nist_libs_3.0_wt_CeCl3_and_4.0_wt_SrCl2_and_4.0_wt_NiCl2.csv
[Run 3574/508994] ✅ Saved: 20260902_1209_nist_libs_3.0_wt_CeCl3_and_4.0_wt_SrCl2_and_5.0_wt_NiCl2.csv
[Run 3573/508994] ✅ Saved: 20260902_1209_nist_libs_3.0_wt_CeCl3_and_4.0_wt_SrCl2_and_4.5_wt_NiCl2.csv
[Run 3575/508994] ✅ Saved: 20260902_1209_nist_libs_3.0_wt_CeCl3_and_4.5_wt_SrCl2_and_0.5_wt_NiCl2.csv
[Run 3576/508994] ✅ Saved: 20260902_1209_nist_libs_3.0_wt_CeCl3_and_4.5_wt_SrCl2_and_1.0_wt_NiCl2.csv
[Run 3577/508994] ✅ Saved: 20260902_1209_nist_libs_3.0_wt_CeCl3_and_4.5_wt_SrCl2_and_1.5_wt_NiCl2.csv
[Run 3578/508994] ✅ Saved: 20260902_1209_nist_libs_3.0_wt_CeCl3_and_4.5_wt_SrCl2_and_2.0_wt_NiCl2.csv
[Run 3579/508994] ✅ Saved: 20260902_1209_nist_libs_3.0_wt_CeCl3_and_4.5_wt_SrCl2_and_2.5_wt_NiCl2.csv
[Run 3581/508994] ✅ Saved: 20260902_1209_nist_libs_3.0_wt_CeCl3_and_4.5_wt_SrCl2_and_3.5_wt_NiCl2.csv
[Run 3580/508994] ✅ Saved: 20260902_1209_nist_libs_3.0_wt_CeCl3_and_4.5_wt_SrCl2_and_3.0_wt_NiCl2.csv
[Run 3582/508994] ✅ Saved: 20260902_1209_nist_libs_3.0_wt_CeCl3_and_4.5_wt_SrCl2_and_4.0_wt_NiCl2.csv
[Run 3583/508994] ✅ Saved: 20260902_1209_nist_libs_3.0_wt_CeCl3_and_4.5_wt_SrCl2_and_4.5_wt_NiCl2.csv
[Run 3585/508994] ✅ Saved: 20260902_1209_nist_libs_3.0_wt_CeCl3_and_5.0_wt_SrCl2_and_0.5_wt_NiCl2.csv
[Run 3586/508994] ✅ Saved: 20260902_1209_nist_libs_3.0_wt_CeCl3_and_5.0_wt_SrCl2_and_1.0_wt_NiCl2.csv
[Run 3584/508994] ✅ Saved: 20260902_1209_nist_libs_3.0_wt_CeCl3_and_4.5_wt_SrCl2_and_5.0_wt_NiCl2.csv
[Run 3587/508994] ✅ Saved: 20260902_1209_nist_libs_3.0_wt_CeCl3_and_5.0_wt_SrCl2_and_1.5_wt_NiCl2.csv
[Run 3588/508994] ✅ Saved: 20260902_1209_nist_libs_3.0_wt_CeCl3_and_5.0_wt_SrCl2_and_2.0_wt_NiCl2.csv
[Run 3590/508994] ✅ Saved: 20260902_1209_nist_libs_3.0_wt_CeCl3_and_5.0_wt_SrCl2_and_3.0_wt_NiCl2.csv
[Run 3589/508994] ✅ Saved: 20260902_1209_nist_libs_3.0_wt_CeCl3_and_5.0_wt_SrCl2_and_2.5_wt_NiCl2.csv
[Run 3591/508994] ✅ Saved: 20260902_1209_nist_libs_3.0_wt_CeCl3_and_5.0_wt_SrCl2_and_3.5_wt_NiCl2.csv
[Run 3592/508994] ✅ Saved: 20260902_1209_nist_libs_3.0_wt_CeCl3_and_5.0_wt_SrCl2_and_4.0_wt_NiCl2.csv
[Run 3595/508994] ✅ Saved: 20260902_1209_nist_libs_3.5_wt_CeCl3_and_0.5_wt_SrCl2_and_0.5_wt_NiCl2.csv
[Run 3593/508994] ✅ Saved: 20260902_1209_nist_libs_3.0_wt_CeCl3_and_5.0_wt_SrCl2_and_4.5_wt_NiCl2.csv
[Run 3594/508994] ✅ Saved: 20260902_1209_nist_libs_3.0_wt_CeCl3_and_5.0_wt_SrCl2_and_5.0_wt_NiCl2.csv
[Run 3596/508994] ✅ Saved: 20260902_1209_nist_libs_3.5_wt_CeCl3_and_0.5_wt_SrCl2_and_1.0_wt_NiCl2.csv
[Run 3597/508994] ✅ Saved: 20260902_1209_nist_libs_3.5_wt_CeCl3_and_0.5_wt_SrCl2_and_1.5_wt_NiCl2.csv
[Run 3599/508994] ✅ Saved: 20260902_1209_nist_libs_3.5_wt_CeCl3_and_0.5_wt_SrCl2_and_2.5_wt_NiCl2.csv
[Run 3598/508994] ✅ Saved: 20260902_1209_nist_libs_3.5_wt_CeCl3_and_0.5_wt_SrCl2_and_2.0_wt_NiCl2.csv
[Run 3600/508994] ✅ Saved: 20260902_1209_nist_libs_3.5_wt_CeCl3_and_0.5_wt_SrCl2_and_3.0_wt_NiCl2.csv
[Run 3601/508994] ✅ Saved: 20260902_1209_nist_libs_3.5_wt_CeCl3_and_0.5_wt_SrCl2_and_3.5_wt_NiCl2.csv
[Run 3602/508994] ✅ Saved: 20260902_1209_nist_libs_3.5_wt_CeCl3_and_0.5_wt_SrCl2_and_4.0_wt_NiCl2.csv
[Run 3603/508994] ✅ Saved: 20260902_1209_nist_libs_3.5_wt_CeCl3_and_0.5_wt_SrCl2_and_4.5_wt_NiCl2.csv
[Run 3604/508994] ✅ Saved: 20260902_1209_nist_libs_3.5_wt_CeCl3_and_0.5_wt_SrCl2_and_5.0_wt_NiCl2.csv
[Run 3605/508994] ✅ Saved: 20260902_1209_nist_libs_3.5_wt_CeCl3_and_1.0_wt_SrCl2_and_0.5_wt_NiCl2.csv
[Run 3606/508994] ✅ Saved: 20260902_1209_nist_libs_3.5_wt_CeCl3_and_1.0_wt_SrCl2_and_1.0_wt_NiCl2.csv
[Run 3608/508994] ✅ Saved: 20260902_1209_nist_libs_3.5_wt_CeCl3_and_1.0_wt_SrCl2_and_2.0_wt_NiCl2.csv
[Run 3607/508994] ✅ Saved: 20260902_1209_nist_libs_3.5_wt_CeCl3_and_1.0_wt_SrCl2_and_1.5_wt_NiCl2.csv
[Run 3609/508994] ✅ Saved: 20260902_1209_nist_libs_3.5_wt_CeCl3_and_1.0_wt_SrCl2_and_2.5_wt_NiCl2.csv
[Run 3610/508994] ✅ Saved: 20260902_1209_nist_libs_3.5_wt_CeCl3_and_1.0_wt_SrCl2_and_3.0_wt_NiCl2.csv
[Run 3611/508994] ✅ Saved: 20260902_1209_nist_libs_3.5_wt_CeCl3_and_1.0_wt_SrCl2_and_3.5_wt_NiCl2.csv
[Run 3612/508994] ✅ Saved: 20260902_1209_nist_libs_3.5_wt_CeCl3_and_1.0_wt_SrCl2_and_4.0_wt_NiCl2.csv
[Run 3613/508994] ✅ Saved: 20260902_1209_nist_libs_3.5_wt_CeCl3_and_1.0_wt_SrCl2_and_4.5_wt_NiCl2.csv
[Run 3614/508994] ✅ Saved: 20260902_1209_nist_libs_3.5_wt_CeCl3_and_1.0_wt_SrCl2_and_5.0_wt_NiCl2.csv
[Run 3615/508994] ✅ Saved: 20260902_1209_nist_libs_3.5_wt_CeCl3_and_1.5_wt_SrCl2_and_0.5_wt_NiCl2.csv
[Run 3617/508994] ✅ Saved: 20260902_1209_nist_libs_3.5_wt_CeCl3_and_1.5_wt_SrCl2_and_1.5_wt_NiCl2.csv
[Run 3616/508994] ✅ Saved: 20260902_1209_nist_libs_3.5_wt_CeCl3_and_1.5_wt_SrCl2_and_1.0_wt_NiCl2.csv
[Run 3618/508994] ✅ Saved: 20260902_1209_nist_libs_3.5_wt_CeCl3_and_1.5_wt_SrCl2_and_2.0_wt_NiCl2.csv
[Run 3620/508994] ✅ Saved: 20260902_1209_nist_libs_3.5_wt_CeCl3_and_1.5_wt_SrCl2_and_3.0_wt_NiCl2.csv
[Run 3619/508994] ✅ Saved: 20260902_1209_nist_libs_3.5_wt_CeCl3_and_1.5_wt_SrCl2_and_2.5_wt_NiCl2.csv
[Run 3621/508994] ✅ Saved: 20260902_1209_nist_libs_3.5_wt_CeCl3_and_1.5_wt_SrCl2_and_3.5_wt_NiCl2.csv
[Run 3622/508994] ✅ Saved: 20260902_1209_nist_libs_3.5_wt_CeCl3_and_1.5_wt_SrCl2_and_4.0_wt_NiCl2.csv
[Run 3623/508994] ✅ Saved: 20260902_1209_nist_libs_3.5_wt_CeCl3_and_1.5_wt_SrCl2_and_4.5_wt_NiCl2.csv
[Run 3624/508994] ✅ Saved: 20260902_1209_nist_libs_3.5_wt_CeCl3_and_1.5_wt_SrCl2_and_5.0_wt_NiCl2.csv
[Run 3625/508994] ✅ Saved: 20260902_1209_nist_libs_3.5_wt_CeCl3_and_2.0_wt_SrCl2_and_0.5_wt_NiCl2.csv
[Run 3626/508994] ✅ Saved: 20260902_1209_nist_libs_3.5_wt_CeCl3_and_2.0_wt_SrCl2_and_1.0_wt_NiCl2.csv
[Run 3627/508994] ✅ Saved: 20260902_1209_nist_libs_3.5_wt_CeCl3_and_2.0_wt_SrCl2_and_1.5_wt_NiCl2.csv
[Run 3629/508994] ✅ Saved: 20260902_1209_nist_libs_3.5_wt_CeCl3_and_2.0_wt_SrCl2_and_2.5_wt_NiCl2.csv
[Run 3628/508994] ✅ Saved: 20260902_1209_nist_libs_3.5_wt_CeCl3_and_2.0_wt_SrCl2_and_2.0_wt_NiCl2.csv
[Run 3630/508994] ✅ Saved: 20260902_1209_nist_libs_3.5_wt_CeCl3_and_2.0_wt_SrCl2_and_3.0_wt_NiCl2.csv
[Run 3631/508994] ✅ Saved: 20260902_1209_nist_libs_3.5_wt_CeCl3_and_2.0_wt_SrCl2_and_3.5_wt_NiCl2.csv
[Run 3632/508994] ✅ Saved: 20260902_1209_nist_libs_3.5_wt_CeCl3_and_2.0_wt_SrCl2_and_4.0_wt_NiCl2.csv
[Run 3633/508994] ✅ Saved: 20260902_1209_nist_libs_3.5_wt_CeCl3_and_2.0_wt_SrCl2_and_4.5_wt_NiCl2.csv
[Run 3634/508994] ✅ Saved: 20260902_1209_nist_libs_3.5_wt_CeCl3_and_2.0_wt_SrCl2_and_5.0_wt_NiCl2.csv
[Run 3635/508994] ✅ Saved: 20260902_1209_nist_libs_3.5_wt_CeCl3_and_2.5_wt_SrCl2_and_0.5_wt_NiCl2.csv
[Run 3636/508994] ✅ Saved: 20260902_1209_nist_libs_3.5_wt_CeCl3_and_2.5_wt_SrCl2_and_1.0_wt_NiCl2.csv
[Run 3637/508994] ✅ Saved: 20260902_1209_nist_libs_3.5_wt_CeCl3_and_2.5_wt_SrCl2_and_1.5_wt_NiCl2.csv
[Run 3638/508994] ✅ Saved: 20260902_1209_nist_libs_3.5_wt_CeCl3_and_2.5_wt_SrCl2_and_2.0_wt_NiCl2.csv
[Run 3639/508994] ✅ Saved: 20260902_1209_nist_libs_3.5_wt_CeCl3_and_2.5_wt_SrCl2_and_2.5_wt_NiCl2.csv
[Run 3640/508994] ✅ Saved: 20260902_1209_nist_libs_3.5_wt_CeCl3_and_2.5_wt_SrCl2_and_3.0_wt_NiCl2.csv
[Run 3642/508994] ✅ Saved: 20260902_1209_nist_libs_3.5_wt_CeCl3_and_2.5_wt_SrCl2_and_4.0_wt_NiCl2.csv
[Run 3641/508994] ✅ Saved: 20260902_1209_nist_libs_3.5_wt_CeCl3_and_2.5_wt_SrCl2_and_3.5_wt_NiCl2.csv
[Run 3643/508994] ✅ Saved: 20260902_1209_nist_libs_3.5_wt_CeCl3_and_2.5_wt_SrCl2_and_4.5_wt_NiCl2.csv
[Run 3644/508994] ✅ Saved: 20260902_1209_nist_libs_3.5_wt_CeCl3_and_2.5_wt_SrCl2_and_5.0_wt_NiCl2.csv
[Run 3645/508994] ✅ Saved: 20260902_1209_nist_libs_3.5_wt_CeCl3_and_3.0_wt_SrCl2_and_0.5_wt_NiCl2.csv
[Run 3646/508994] ✅ Saved: 20260902_1209_nist_libs_3.5_wt_CeCl3_and_3.0_wt_SrCl2_and_1.0_wt_NiCl2.csv
[Run 3647/508994] ✅ Saved: 20260902_1209_nist_libs_3.5_wt_CeCl3_and_3.0_wt_SrCl2_and_1.5_wt_NiCl2.csv
[Run 3648/508994] ✅ Saved: 20260902_1209_nist_libs_3.5_wt_CeCl3_and_3.0_wt_SrCl2_and_2.0_wt_NiCl2.csv
[Run 3649/508994] ✅ Saved: 20260902_1209_nist_libs_3.5_wt_CeCl3_and_3.0_wt_SrCl2_and_2.5_wt_NiCl2.csv
[Run 3650/508994] ✅ Saved: 20260902_1209_nist_libs_3.5_wt_CeCl3_and_3.0_wt_SrCl2_and_3.0_wt_NiCl2.csv
[Run 3651/508994] ✅ Saved: 20260902_1209_nist_libs_3.5_wt_CeCl3_and_3.0_wt_SrCl2_and_3.5_wt_NiCl2.csv
[Run 3652/508994] ✅ Saved: 20260902_1209_nist_libs_3.5_wt_CeCl3_and_3.0_wt_SrCl2_and_4.0_wt_NiCl2.csv
[Run 3653/508994] ✅ Saved: 20260902_1209_nist_libs_3.5_wt_CeCl3_and_3.0_wt_SrCl2_and_4.5_wt_NiCl2.csv
[Run 3654/508994] ✅ Saved: 20260902_1209_nist_libs_3.5_wt_CeCl3_and_3.0_wt_SrCl2_and_5.0_wt_NiCl2.csv
[Run 3655/508994] ✅ Saved: 20260902_1209_nist_libs_3.5_wt_CeCl3_and_3.5_wt_SrCl2_and_0.5_wt_NiCl2.csv
[Run 3656/508994] ✅ Saved: 20260902_1209_nist_libs_3.5_wt_CeCl3_and_3.5_wt_SrCl2_and_1.0_wt_NiCl2.csv
[Run 3657/508994] ✅ Saved: 20260902_1209_nist_libs_3.5_wt_CeCl3_and_3.5_wt_SrCl2_and_1.5_wt_NiCl2.csv
[Run 3658/508994] ✅ Saved: 20260902_1209_nist_libs_3.5_wt_CeCl3_and_3.5_wt_SrCl2_and_2.0_wt_NiCl2.csv
[Run 3659/508994] ✅ Saved: 20260902_1209_nist_libs_3.5_wt_CeCl3_and_3.5_wt_SrCl2_and_2.5_wt_NiCl2.csv
[Run 3660/508994] ✅ Saved: 20260902_1209_nist_libs_3.5_wt_CeCl3_and_3.5_wt_SrCl2_and_3.0_wt_NiCl2.csv
[Run 3661/508994] ✅ Saved: 20260902_1209_nist_libs_3.5_wt_CeCl3_and_3.5_wt_SrCl2_and_3.5_wt_NiCl2.csv
[Run 3662/508994] ✅ Saved: 20260902_1209_nist_libs_3.5_wt_CeCl3_and_3.5_wt_SrCl2_and_4.0_wt_NiCl2.csv
[Run 3663/508994] ✅ Saved: 20260902_1209_nist_libs_3.5_wt_CeCl3_and_3.5_wt_SrCl2_and_4.5_wt_NiCl2.csv
[Run 3664/508994] ✅ Saved: 20260902_1209_nist_libs_3.5_wt_CeCl3_and_3.5_wt_SrCl2_and_5.0_wt_NiCl2.csv
[Run 3665/508994] ✅ Saved: 20260902_1209_nist_libs_3.5_wt_CeCl3_and_4.0_wt_SrCl2_and_0.5_wt_NiCl2.csv
[Run 3666/508994] ✅ Saved: 20260902_1209_nist_libs_3.5_wt_CeCl3_and_4.0_wt_SrCl2_and_1.0_wt_NiCl2.csv
[Run 3667/508994] ✅ Saved: 20260902_1209_nist_libs_3.5_wt_CeCl3_and_4.0_wt_SrCl2_and_1.5_wt_NiCl2.csv
[Run 3668/508994] ✅ Saved: 20260902_1209_nist_libs_3.5_wt_CeCl3_and_4.0_wt_SrCl2_and_2.0_wt_NiCl2.csv
[Run 3669/508994] ✅ Saved: 20260902_1209_nist_libs_3.5_wt_CeCl3_and_4.0_wt_SrCl2_and_2.5_wt_NiCl2.csv
[Run 3670/508994] ✅ Saved: 20260902_1209_nist_libs_3.5_wt_CeCl3_and_4.0_wt_SrCl2_and_3.0_wt_NiCl2.csv
[Run 3671/508994] ✅ Saved: 20260902_1209_nist_libs_3.5_wt_CeCl3_and_4.0_wt_SrCl2_and_3.5_wt_NiCl2.csv
[Run 3672/508994] ✅ Saved: 20260902_1209_nist_libs_3.5_wt_CeCl3_and_4.0_wt_SrCl2_and_4.0_wt_NiCl2.csv
[Run 3673/508994] ✅ Saved: 20260902_1209_nist_libs_3.5_wt_CeCl3_and_4.0_wt_SrCl2_and_4.5_wt_NiCl2.csv
[Run 3674/508994] ✅ Saved: 20260902_1209_nist_libs_3.5_wt_CeCl3_and_4.0_wt_SrCl2_and_5.0_wt_NiCl2.csv
[Run 3675/508994] ✅ Saved: 20260902_1209_nist_libs_3.5_wt_CeCl3_and_4.5_wt_SrCl2_and_0.5_wt_NiCl2.csv
[Run 3676/508994] ✅ Saved: 20260902_1209_nist_libs_3.5_wt_CeCl3_and_4.5_wt_SrCl2_and_1.0_wt_NiCl2.csv
[Run 3677/508994] ✅ Saved: 20260902_1209_nist_libs_3.5_wt_CeCl3_and_4.5_wt_SrCl2_and_1.5_wt_NiCl2.csv
[Run 3678/508994] ✅ Saved: 20260902_1209_nist_libs_3.5_wt_CeCl3_and_4.5_wt_SrCl2_and_2.0_wt_NiCl2.csv
[Run 3679/508994] ✅ Saved: 20260902_1209_nist_libs_3.5_wt_CeCl3_and_4.5_wt_SrCl2_and_2.5_wt_NiCl2.csv
[Run 3681/508994] ✅ Saved: 20260902_1209_nist_libs_3.5_wt_CeCl3_and_4.5_wt_SrCl2_and_3.5_wt_NiCl2.csv
[Run 3680/508994] ✅ Saved: 20260902_1209_nist_libs_3.5_wt_CeCl3_and_4.5_wt_SrCl2_and_3.0_wt_NiCl2.csv
[Run 3682/508994] ✅ Saved: 20260902_1209_nist_libs_3.5_wt_CeCl3_and_4.5_wt_SrCl2_and_4.0_wt_NiCl2.csv
[Run 3683/508994] ✅ Saved: 20260902_1209_nist_libs_3.5_wt_CeCl3_and_4.5_wt_SrCl2_and_4.5_wt_NiCl2.csv
[Run 3685/508994] ✅ Saved: 20260902_1209_nist_libs_3.5_wt_CeCl3_and_5.0_wt_SrCl2_and_0.5_wt_NiCl2.csv
[Run 3684/508994] ✅ Saved: 20260902_1209_nist_libs_3.5_wt_CeCl3_and_4.5_wt_SrCl2_and_5.0_wt_NiCl2.csv
[Run 3686/508994] ✅ Saved: 20260902_1209_nist_libs_3.5_wt_CeCl3_and_5.0_wt_SrCl2_and_1.0_wt_NiCl2.csv
[Run 3687/508994] ✅ Saved: 20260902_1209_nist_libs_3.5_wt_CeCl3_and_5.0_wt_SrCl2_and_1.5_wt_NiCl2.csv
[Run 3688/508994] ✅ Saved: 20260902_1209_nist_libs_3.5_wt_CeCl3_and_5.0_wt_SrCl2_and_2.0_wt_NiCl2.csv
[Run 3690/508994] ✅ Saved: 20260902_1209_nist_libs_3.5_wt_CeCl3_and_5.0_wt_SrCl2_and_3.0_wt_NiCl2.csv
[Run 3689/508994] ✅ Saved: 20260902_1209_nist_libs_3.5_wt_CeCl3_and_5.0_wt_SrCl2_and_2.5_wt_NiCl2.csv
[Run 3691/508994] ✅ Saved: 20260902_1209_nist_libs_3.5_wt_CeCl3_and_5.0_wt_SrCl2_and_3.5_wt_NiCl2.csv
[Run 3692/508994] ✅ Saved: 20260902_1209_nist_libs_3.5_wt_CeCl3_and_5.0_wt_SrCl2_and_4.0_wt_NiCl2.csv
[Run 3693/508994] ✅ Saved: 20260902_1209_nist_libs_3.5_wt_CeCl3_and_5.0_wt_SrCl2_and_4.5_wt_NiCl2.csv
[Run 3694/508994] ✅ Saved: 20260902_1209_nist_libs_3.5_wt_CeCl3_and_5.0_wt_SrCl2_and_5.0_wt_NiCl2.csv
[Run 3695/508994] ✅ Saved: 20260902_1209_nist_libs_4.0_wt_CeCl3_and_0.5_wt_SrCl2_and_0.5_wt_NiCl2.csv
[Run 3696/508994] ✅ Saved: 20260902_1209_nist_libs_4.0_wt_CeCl3_and_0.5_wt_SrCl2_and_1.0_wt_NiCl2.csv
[Run 3697/508994] ✅ Saved: 20260902_1209_nist_libs_4.0_wt_CeCl3_and_0.5_wt_SrCl2_and_1.5_wt_NiCl2.csv
[Run 3698/508994] ✅ Saved: 20260902_1209_nist_libs_4.0_wt_CeCl3_and_0.5_wt_SrCl2_and_2.0_wt_NiCl2.csv
[Run 3699/508994] ✅ Saved: 20260902_1209_nist_libs_4.0_wt_CeCl3_and_0.5_wt_SrCl2_and_2.5_wt_NiCl2.csv
[Run 3700/508994] ✅ Saved: 20260902_1209_nist_libs_4.0_wt_CeCl3_and_0.5_wt_SrCl2_and_3.0_wt_NiCl2.csv
[Run 3701/508994] ✅ Saved: 20260902_1209_nist_libs_4.0_wt_CeCl3_and_0.5_wt_SrCl2_and_3.5_wt_NiCl2.csv
[Run 3702/508994] ✅ Saved: 20260902_1209_nist_libs_4.0_wt_CeCl3_and_0.5_wt_SrCl2_and_4.0_wt_NiCl2.csv
[Run 3703/508994] ✅ Saved: 20260902_1209_nist_libs_4.0_wt_CeCl3_and_0.5_wt_SrCl2_and_4.5_wt_NiCl2.csv
[Run 3704/508994] ✅ Saved: 20260902_1209_nist_libs_4.0_wt_CeCl3_and_0.5_wt_SrCl2_and_5.0_wt_NiCl2.csv
[Run 3705/508994] ✅ Saved: 20260902_1209_nist_libs_4.0_wt_CeCl3_and_1.0_wt_SrCl2_and_0.5_wt_NiCl2.csv
[Run 3707/508994] ✅ Saved: 20260902_1209_nist_libs_4.0_wt_CeCl3_and_1.0_wt_SrCl2_and_1.5_wt_NiCl2.csv
[Run 3706/508994] ✅ Saved: 20260902_1209_nist_libs_4.0_wt_CeCl3_and_1.0_wt_SrCl2_and_1.0_wt_NiCl2.csv
[Run 3708/508994] ✅ Saved: 20260902_1209_nist_libs_4.0_wt_CeCl3_and_1.0_wt_SrCl2_and_2.0_wt_NiCl2.csv
[Run 3710/508994] ✅ Saved: 20260902_1209_nist_libs_4.0_wt_CeCl3_and_1.0_wt_SrCl2_and_3.0_wt_NiCl2.csv
[Run 3709/508994] ✅ Saved: 20260902_1209_nist_libs_4.0_wt_CeCl3_and_1.0_wt_SrCl2_and_2.5_wt_NiCl2.csv
[Run 3711/508994] ✅ Saved: 20260902_1209_nist_libs_4.0_wt_CeCl3_and_1.0_wt_SrCl2_and_3.5_wt_NiCl2.csv
[Run 3712/508994] ✅ Saved: 20260902_1209_nist_libs_4.0_wt_CeCl3_and_1.0_wt_SrCl2_and_4.0_wt_NiCl2.csv
[Run 3713/508994] ✅ Saved: 20260902_1209_nist_libs_4.0_wt_CeCl3_and_1.0_wt_SrCl2_and_4.5_wt_NiCl2.csv
[Run 3714/508994] ✅ Saved: 20260902_1209_nist_libs_4.0_wt_CeCl3_and_1.0_wt_SrCl2_and_5.0_wt_NiCl2.csv
[Run 3715/508994] ✅ Saved: 20260902_1209_nist_libs_4.0_wt_CeCl3_and_1.5_wt_SrCl2_and_0.5_wt_NiCl2.csv
[Run 3716/508994] ✅ Saved: 20260902_1209_nist_libs_4.0_wt_CeCl3_and_1.5_wt_SrCl2_and_1.0_wt_NiCl2.csv
[Run 3717/508994] ✅ Saved: 20260902_1209_nist_libs_4.0_wt_CeCl3_and_1.5_wt_SrCl2_and_1.5_wt_NiCl2.csv
[Run 3718/508994] ✅ Saved: 20260902_1209_nist_libs_4.0_wt_CeCl3_and_1.5_wt_SrCl2_and_2.0_wt_NiCl2.csv
[Run 3719/508994] ✅ Saved: 20260902_1209_nist_libs_4.0_wt_CeCl3_and_1.5_wt_SrCl2_and_2.5_wt_NiCl2.csv
[Run 3720/508994] ✅ Saved: 20260902_1209_nist_libs_4.0_wt_CeCl3_and_1.5_wt_SrCl2_and_3.0_wt_NiCl2.csv
[Run 3721/508994] ✅ Saved: 20260902_1209_nist_libs_4.0_wt_CeCl3_and_1.5_wt_SrCl2_and_3.5_wt_NiCl2.csv
[Run 3722/508994] ✅ Saved: 20260902_1209_nist_libs_4.0_wt_CeCl3_and_1.5_wt_SrCl2_and_4.0_wt_NiCl2.csv
[Run 3723/508994] ✅ Saved: 20260902_1209_nist_libs_4.0_wt_CeCl3_and_1.5_wt_SrCl2_and_4.5_wt_NiCl2.csv
[Run 3724/508994] ✅ Saved: 20260902_1209_nist_libs_4.0_wt_CeCl3_and_1.5_wt_SrCl2_and_5.0_wt_NiCl2.csv
[Run 3725/508994] ✅ Saved: 20260902_1209_nist_libs_4.0_wt_CeCl3_and_2.0_wt_SrCl2_and_0.5_wt_NiCl2.csv
[Run 3726/508994] ✅ Saved: 20260902_1209_nist_libs_4.0_wt_CeCl3_and_2.0_wt_SrCl2_and_1.0_wt_NiCl2.csv
[Run 3727/508994] ✅ Saved: 20260902_1209_nist_libs_4.0_wt_CeCl3_and_2.0_wt_SrCl2_and_1.5_wt_NiCl2.csv
[Run 3728/508994] ✅ Saved: 20260902_1209_nist_libs_4.0_wt_CeCl3_and_2.0_wt_SrCl2_and_2.0_wt_NiCl2.csv
[Run 3729/508994] ✅ Saved: 20260902_1209_nist_libs_4.0_wt_CeCl3_and_2.0_wt_SrCl2_and_2.5_wt_NiCl2.csv
[Run 3730/508994] ✅ Saved: 20260902_1209_nist_libs_4.0_wt_CeCl3_and_2.0_wt_SrCl2_and_3.0_wt_NiCl2.csv
[Run 3731/508994] ✅ Saved: 20260902_1209_nist_libs_4.0_wt_CeCl3_and_2.0_wt_SrCl2_and_3.5_wt_NiCl2.csv
[Run 3732/508994] ✅ Saved: 20260902_1209_nist_libs_4.0_wt_CeCl3_and_2.0_wt_SrCl2_and_4.0_wt_NiCl2.csv
[Run 3733/508994] ✅ Saved: 20260902_1209_nist_libs_4.0_wt_CeCl3_and_2.0_wt_SrCl2_and_4.5_wt_NiCl2.csv
[Run 3734/508994] ✅ Saved: 20260902_1209_nist_libs_4.0_wt_CeCl3_and_2.0_wt_SrCl2_and_5.0_wt_NiCl2.csv
[Run 3736/508994] ✅ Saved: 20260902_1209_nist_libs_4.0_wt_CeCl3_and_2.5_wt_SrCl2_and_1.0_wt_NiCl2.csv
[Run 3735/508994] ✅ Saved: 20260902_1209_nist_libs_4.0_wt_CeCl3_and_2.5_wt_SrCl2_and_0.5_wt_NiCl2.csv
[Run 3737/508994] ✅ Saved: 20260902_1209_nist_libs_4.0_wt_CeCl3_and_2.5_wt_SrCl2_and_1.5_wt_NiCl2.csv
[Run 3738/508994] ✅ Saved: 20260902_1209_nist_libs_4.0_wt_CeCl3_and_2.5_wt_SrCl2_and_2.0_wt_NiCl2.csv
[Run 3740/508994] ✅ Saved: 20260902_1209_nist_libs_4.0_wt_CeCl3_and_2.5_wt_SrCl2_and_3.0_wt_NiCl2.csv
[Run 3739/508994] ✅ Saved: 20260902_1209_nist_libs_4.0_wt_CeCl3_and_2.5_wt_SrCl2_and_2.5_wt_NiCl2.csv
[Run 3741/508994] ✅ Saved: 20260902_1209_nist_libs_4.0_wt_CeCl3_and_2.5_wt_SrCl2_and_3.5_wt_NiCl2.csv
[Run 3742/508994] ✅ Saved: 20260902_1209_nist_libs_4.0_wt_CeCl3_and_2.5_wt_SrCl2_and_4.0_wt_NiCl2.csv
[Run 3743/508994] ✅ Saved: 20260902_1209_nist_libs_4.0_wt_CeCl3_and_2.5_wt_SrCl2_and_4.5_wt_NiCl2.csv
[Run 3744/508994] ✅ Saved: 20260902_1209_nist_libs_4.0_wt_CeCl3_and_2.5_wt_SrCl2_and_5.0_wt_NiCl2.csv
[Run 3746/508994] ✅ Saved: 20260902_1209_nist_libs_4.0_wt_CeCl3_and_3.0_wt_SrCl2_and_1.0_wt_NiCl2.csv
[Run 3745/508994] ✅ Saved: 20260902_1209_nist_libs_4.0_wt_CeCl3_and_3.0_wt_SrCl2_and_0.5_wt_NiCl2.csv
[Run 3747/508994] ✅ Saved: 20260902_1209_nist_libs_4.0_wt_CeCl3_and_3.0_wt_SrCl2_and_1.5_wt_NiCl2.csv
[Run 3748/508994] ✅ Saved: 20260902_1209_nist_libs_4.0_wt_CeCl3_and_3.0_wt_SrCl2_and_2.0_wt_NiCl2.csv
[Run 3749/508994] ✅ Saved: 20260902_1209_nist_libs_4.0_wt_CeCl3_and_3.0_wt_SrCl2_and_2.5_wt_NiCl2.csv
[Run 3750/508994] ✅ Saved: 20260902_1209_nist_libs_4.0_wt_CeCl3_and_3.0_wt_SrCl2_and_3.0_wt_NiCl2.csv
[Run 3751/508994] ✅ Saved: 20260902_1209_nist_libs_4.0_wt_CeCl3_and_3.0_wt_SrCl2_and_3.5_wt_NiCl2.csv
[Run 3752/508994] ✅ Saved: 20260902_1209_nist_libs_4.0_wt_CeCl3_and_3.0_wt_SrCl2_and_4.0_wt_NiCl2.csv
[Run 3753/508994] ✅ Saved: 20260902_1209_nist_libs_4.0_wt_CeCl3_and_3.0_wt_SrCl2_and_4.5_wt_NiCl2.csv
[Run 3754/508994] ✅ Saved: 20260902_1209_nist_libs_4.0_wt_CeCl3_and_3.0_wt_SrCl2_and_5.0_wt_NiCl2.csv
[Run 3755/508994] ✅ Saved: 20260902_1209_nist_libs_4.0_wt_CeCl3_and_3.5_wt_SrCl2_and_0.5_wt_NiCl2.csv
[Run 3756/508994] ✅ Saved: 20260902_1209_nist_libs_4.0_wt_CeCl3_and_3.5_wt_SrCl2_and_1.0_wt_NiCl2.csv
[Run 3757/508994] ✅ Saved: 20260902_1209_nist_libs_4.0_wt_CeCl3_and_3.5_wt_SrCl2_and_1.5_wt_NiCl2.csv
[Run 3758/508994] ✅ Saved: 20260902_1209_nist_libs_4.0_wt_CeCl3_and_3.5_wt_SrCl2_and_2.0_wt_NiCl2.csv
[Run 3759/508994] ✅ Saved: 20260902_1209_nist_libs_4.0_wt_CeCl3_and_3.5_wt_SrCl2_and_2.5_wt_NiCl2.csv
[Run 3760/508994] ✅ Saved: 20260902_1209_nist_libs_4.0_wt_CeCl3_and_3.5_wt_SrCl2_and_3.0_wt_NiCl2.csv
[Run 3761/508994] ✅ Saved: 20260902_1209_nist_libs_4.0_wt_CeCl3_and_3.5_wt_SrCl2_and_3.5_wt_NiCl2.csv
[Run 3762/508994] ✅ Saved: 20260902_1209_nist_libs_4.0_wt_CeCl3_and_3.5_wt_SrCl2_and_4.0_wt_NiCl2.csv
[Run 3763/508994] ✅ Saved: 20260902_1209_nist_libs_4.0_wt_CeCl3_and_3.5_wt_SrCl2_and_4.5_wt_NiCl2.csv
[Run 3764/508994] ✅ Saved: 20260902_1209_nist_libs_4.0_wt_CeCl3_and_3.5_wt_SrCl2_and_5.0_wt_NiCl2.csv
[Run 3765/508994] ✅ Saved: 20260902_1209_nist_libs_4.0_wt_CeCl3_and_4.0_wt_SrCl2_and_0.5_wt_NiCl2.csv
[Run 3766/508994] ✅ Saved: 20260902_1209_nist_libs_4.0_wt_CeCl3_and_4.0_wt_SrCl2_and_1.0_wt_NiCl2.csv
[Run 3767/508994] ✅ Saved: 20260902_1209_nist_libs_4.0_wt_CeCl3_and_4.0_wt_SrCl2_and_1.5_wt_NiCl2.csv
[Run 3768/508994] ✅ Saved: 20260902_1209_nist_libs_4.0_wt_CeCl3_and_4.0_wt_SrCl2_and_2.0_wt_NiCl2.csv
[Run 3769/508994] ✅ Saved: 20260902_1209_nist_libs_4.0_wt_CeCl3_and_4.0_wt_SrCl2_and_2.5_wt_NiCl2.csv
[Run 3771/508994] ✅ Saved: 20260902_1209_nist_libs_4.0_wt_CeCl3_and_4.0_wt_SrCl2_and_3.5_wt_NiCl2.csv
[Run 3770/508994] ✅ Saved: 20260902_1209_nist_libs_4.0_wt_CeCl3_and_4.0_wt_SrCl2_and_3.0_wt_NiCl2.csv
[Run 3772/508994] ✅ Saved: 20260902_1209_nist_libs_4.0_wt_CeCl3_and_4.0_wt_SrCl2_and_4.0_wt_NiCl2.csv
[Run 3773/508994] ✅ Saved: 20260902_1209_nist_libs_4.0_wt_CeCl3_and_4.0_wt_SrCl2_and_4.5_wt_NiCl2.csv
[Run 3775/508994] ✅ Saved: 20260902_1209_nist_libs_4.0_wt_CeCl3_and_4.5_wt_SrCl2_and_0.5_wt_NiCl2.csv
[Run 3776/508994] ✅ Saved: 20260902_1209_nist_libs_4.0_wt_CeCl3_and_4.5_wt_SrCl2_and_1.0_wt_NiCl2.csv
[Run 3774/508994] ✅ Saved: 20260902_1209_nist_libs_4.0_wt_CeCl3_and_4.0_wt_SrCl2_and_5.0_wt_NiCl2.csv
[Run 3777/508994] ✅ Saved: 20260902_1209_nist_libs_4.0_wt_CeCl3_and_4.5_wt_SrCl2_and_1.5_wt_NiCl2.csv
[Run 3778/508994] ✅ Saved: 20260902_1209_nist_libs_4.0_wt_CeCl3_and_4.5_wt_SrCl2_and_2.0_wt_NiCl2.csv
[Run 3779/508994] ✅ Saved: 20260902_1209_nist_libs_4.0_wt_CeCl3_and_4.5_wt_SrCl2_and_2.5_wt_NiCl2.csv
[Run 3780/508994] ✅ Saved: 20260902_1209_nist_libs_4.0_wt_CeCl3_and_4.5_wt_SrCl2_and_3.0_wt_NiCl2.csv
[Run 3781/508994] ✅ Saved: 20260902_1209_nist_libs_4.0_wt_CeCl3_and_4.5_wt_SrCl2_and_3.5_wt_NiCl2.csv
[Run 3782/508994] ✅ Saved: 20260902_1209_nist_libs_4.0_wt_CeCl3_and_4.5_wt_SrCl2_and_4.0_wt_NiCl2.csv
[Run 3783/508994] ✅ Saved: 20260902_1209_nist_libs_4.0_wt_CeCl3_and_4.5_wt_SrCl2_and_4.5_wt_NiCl2.csv
[Run 3784/508994] ✅ Saved: 20260902_1209_nist_libs_4.0_wt_CeCl3_and_4.5_wt_SrCl2_and_5.0_wt_NiCl2.csv
[Run 3785/508994] ✅ Saved: 20260902_1209_nist_libs_4.0_wt_CeCl3_and_5.0_wt_SrCl2_and_0.5_wt_NiCl2.csv
[Run 3787/508994] ✅ Saved: 20260902_1209_nist_libs_4.0_wt_CeCl3_and_5.0_wt_SrCl2_and_1.5_wt_NiCl2.csv
[Run 3786/508994] ✅ Saved: 20260902_1209_nist_libs_4.0_wt_CeCl3_and_5.0_wt_SrCl2_and_1.0_wt_NiCl2.csv
[Run 3788/508994] ✅ Saved: 20260902_1209_nist_libs_4.0_wt_CeCl3_and_5.0_wt_SrCl2_and_2.0_wt_NiCl2.csv
[Run 3789/508994] ✅ Saved: 20260902_1209_nist_libs_4.0_wt_CeCl3_and_5.0_wt_SrCl2_and_2.5_wt_NiCl2.csv
[Run 3790/508994] ✅ Saved: 20260902_1209_nist_libs_4.0_wt_CeCl3_and_5.0_wt_SrCl2_and_3.0_wt_NiCl2.csv
[Run 3791/508994] ✅ Saved: 20260902_1209_nist_libs_4.0_wt_CeCl3_and_5.0_wt_SrCl2_and_3.5_wt_NiCl2.csv
[Run 3792/508994] ✅ Saved: 20260902_1209_nist_libs_4.0_wt_CeCl3_and_5.0_wt_SrCl2_and_4.0_wt_NiCl2.csv
[Run 3793/508994] ✅ Saved: 20260902_1209_nist_libs_4.0_wt_CeCl3_and_5.0_wt_SrCl2_and_4.5_wt_NiCl2.csv
[Run 3794/508994] ✅ Saved: 20260902_1209_nist_libs_4.0_wt_CeCl3_and_5.0_wt_SrCl2_and_5.0_wt_NiCl2.csv
[Run 3795/508994] ✅ Saved: 20260902_1209_nist_libs_4.5_wt_CeCl3_and_0.5_wt_SrCl2_and_0.5_wt_NiCl2.csv
[Run 3796/508994] ✅ Saved: 20260902_1209_nist_libs_4.5_wt_CeCl3_and_0.5_wt_SrCl2_and_1.0_wt_NiCl2.csv
[Run 3797/508994] ✅ Saved: 20260902_1209_nist_libs_4.5_wt_CeCl3_and_0.5_wt_SrCl2_and_1.5_wt_NiCl2.csv
[Run 3798/508994] ✅ Saved: 20260902_1209_nist_libs_4.5_wt_CeCl3_and_0.5_wt_SrCl2_and_2.0_wt_NiCl2.csv
[Run 3799/508994] ✅ Saved: 20260902_1209_nist_libs_4.5_wt_CeCl3_and_0.5_wt_SrCl2_and_2.5_wt_NiCl2.csv
[Run 3800/508994] ✅ Saved: 20260902_1209_nist_libs_4.5_wt_CeCl3_and_0.5_wt_SrCl2_and_3.0_wt_NiCl2.csv
[Run 3801/508994] ✅ Saved: 20260902_1209_nist_libs_4.5_wt_CeCl3_and_0.5_wt_SrCl2_and_3.5_wt_NiCl2.csv
[Run 3802/508994] ✅ Saved: 20260902_1209_nist_libs_4.5_wt_CeCl3_and_0.5_wt_SrCl2_and_4.0_wt_NiCl2.csv
[Run 3803/508994] ✅ Saved: 20260902_1209_nist_libs_4.5_wt_CeCl3_and_0.5_wt_SrCl2_and_4.5_wt_NiCl2.csv
[Run 3804/508994] ✅ Saved: 20260902_1209_nist_libs_4.5_wt_CeCl3_and_0.5_wt_SrCl2_and_5.0_wt_NiCl2.csv
[Run 3805/508994] ✅ Saved: 20260902_1209_nist_libs_4.5_wt_CeCl3_and_1.0_wt_SrCl2_and_0.5_wt_NiCl2.csv
[Run 3806/508994] ✅ Saved: 20260902_1209_nist_libs_4.5_wt_CeCl3_and_1.0_wt_SrCl2_and_1.0_wt_NiCl2.csv
[Run 3807/508994] ✅ Saved: 20260902_1209_nist_libs_4.5_wt_CeCl3_and_1.0_wt_SrCl2_and_1.5_wt_NiCl2.csv
[Run 3808/508994] ✅ Saved: 20260902_1209_nist_libs_4.5_wt_CeCl3_and_1.0_wt_SrCl2_and_2.0_wt_NiCl2.csv
[Run 3809/508994] ✅ Saved: 20260902_1209_nist_libs_4.5_wt_CeCl3_and_1.0_wt_SrCl2_and_2.5_wt_NiCl2.csv
[Run 3810/508994] ✅ Saved: 20260902_1209_nist_libs_4.5_wt_CeCl3_and_1.0_wt_SrCl2_and_3.0_wt_NiCl2.csv
[Run 3811/508994] ✅ Saved: 20260902_1209_nist_libs_4.5_wt_CeCl3_and_1.0_wt_SrCl2_and_3.5_wt_NiCl2.csv
[Run 3812/508994] ✅ Saved: 20260902_1209_nist_libs_4.5_wt_CeCl3_and_1.0_wt_SrCl2_and_4.0_wt_NiCl2.csv
[Run 3813/508994] ✅ Saved: 20260902_1209_nist_libs_4.5_wt_CeCl3_and_1.0_wt_SrCl2_and_4.5_wt_NiCl2.csv
[Run 3814/508994] ✅ Saved: 20260902_1209_nist_libs_4.5_wt_CeCl3_and_1.0_wt_SrCl2_and_5.0_wt_NiCl2.csv
[Run 3815/508994] ✅ Saved: 20260902_1209_nist_libs_4.5_wt_CeCl3_and_1.5_wt_SrCl2_and_0.5_wt_NiCl2.csv
[Run 3816/508994] ✅ Saved: 20260902_1209_nist_libs_4.5_wt_CeCl3_and_1.5_wt_SrCl2_and_1.0_wt_NiCl2.csv
[Run 3817/508994] ✅ Saved: 20260902_1209_nist_libs_4.5_wt_CeCl3_and_1.5_wt_SrCl2_and_1.5_wt_NiCl2.csv
[Run 3818/508994] ✅ Saved: 20260902_1209_nist_libs_4.5_wt_CeCl3_and_1.5_wt_SrCl2_and_2.0_wt_NiCl2.csv
[Run 3819/508994] ✅ Saved: 20260902_1209_nist_libs_4.5_wt_CeCl3_and_1.5_wt_SrCl2_and_2.5_wt_NiCl2.csv
[Run 3820/508994] ✅ Saved: 20260902_1209_nist_libs_4.5_wt_CeCl3_and_1.5_wt_SrCl2_and_3.0_wt_NiCl2.csv
[Run 3821/508994] ✅ Saved: 20260902_1209_nist_libs_4.5_wt_CeCl3_and_1.5_wt_SrCl2_and_3.5_wt_NiCl2.csv
[Run 3822/508994] ✅ Saved: 20260902_1209_nist_libs_4.5_wt_CeCl3_and_1.5_wt_SrCl2_and_4.0_wt_NiCl2.csv
[Run 3823/508994] ✅ Saved: 20260902_1209_nist_libs_4.5_wt_CeCl3_and_1.5_wt_SrCl2_and_4.5_wt_NiCl2.csv
[Run 3824/508994] ✅ Saved: 20260902_1209_nist_libs_4.5_wt_CeCl3_and_1.5_wt_SrCl2_and_5.0_wt_NiCl2.csv
[Run 3825/508994] ✅ Saved: 20260902_1209_nist_libs_4.5_wt_CeCl3_and_2.0_wt_SrCl2_and_0.5_wt_NiCl2.csv
[Run 3826/508994] ✅ Saved: 20260902_1209_nist_libs_4.5_wt_CeCl3_and_2.0_wt_SrCl2_and_1.0_wt_NiCl2.csv
[Run 3827/508994] ✅ Saved: 20260902_1209_nist_libs_4.5_wt_CeCl3_and_2.0_wt_SrCl2_and_1.5_wt_NiCl2.csv
[Run 3828/508994] ✅ Saved: 20260902_1209_nist_libs_4.5_wt_CeCl3_and_2.0_wt_SrCl2_and_2.0_wt_NiCl2.csv
[Run 3829/508994] ✅ Saved: 20260902_1209_nist_libs_4.5_wt_CeCl3_and_2.0_wt_SrCl2_and_2.5_wt_NiCl2.csv
[Run 3830/508994] ✅ Saved: 20260902_1209_nist_libs_4.5_wt_CeCl3_and_2.0_wt_SrCl2_and_3.0_wt_NiCl2.csv
[Run 3831/508994] ✅ Saved: 20260902_1209_nist_libs_4.5_wt_CeCl3_and_2.0_wt_SrCl2_and_3.5_wt_NiCl2.csv
[Run 3832/508994] ✅ Saved: 20260902_1209_nist_libs_4.5_wt_CeCl3_and_2.0_wt_SrCl2_and_4.0_wt_NiCl2.csv
[Run 3833/508994] ✅ Saved: 20260902_1209_nist_libs_4.5_wt_CeCl3_and_2.0_wt_SrCl2_and_4.5_wt_NiCl2.csv
[Run 3834/508994] ✅ Saved: 20260902_1209_nist_libs_4.5_wt_CeCl3_and_2.0_wt_SrCl2_and_5.0_wt_NiCl2.csv
[Run 3836/508994] ✅ Saved: 20260902_1209_nist_libs_4.5_wt_CeCl3_and_2.5_wt_SrCl2_and_1.0_wt_NiCl2.csv
[Run 3835/508994] ✅ Saved: 20260902_1209_nist_libs_4.5_wt_CeCl3_and_2.5_wt_SrCl2_and_0.5_wt_NiCl2.csv
[Run 3837/508994] ✅ Saved: 20260902_1209_nist_libs_4.5_wt_CeCl3_and_2.5_wt_SrCl2_and_1.5_wt_NiCl2.csv
[Run 3838/508994] ✅ Saved: 20260902_1209_nist_libs_4.5_wt_CeCl3_and_2.5_wt_SrCl2_and_2.0_wt_NiCl2.csv
[Run 3841/508994] ✅ Saved: 20260902_1209_nist_libs_4.5_wt_CeCl3_and_2.5_wt_SrCl2_and_3.5_wt_NiCl2.csv
[Run 3839/508994] ✅ Saved: 20260902_1209_nist_libs_4.5_wt_CeCl3_and_2.5_wt_SrCl2_and_2.5_wt_NiCl2.csv
[Run 3840/508994] ✅ Saved: 20260902_1209_nist_libs_4.5_wt_CeCl3_and_2.5_wt_SrCl2_and_3.0_wt_NiCl2.csv
[Run 3842/508994] ✅ Saved: 20260902_1209_nist_libs_4.5_wt_CeCl3_and_2.5_wt_SrCl2_and_4.0_wt_NiCl2.csv
[Run 3843/508994] ✅ Saved: 20260902_1209_nist_libs_4.5_wt_CeCl3_and_2.5_wt_SrCl2_and_4.5_wt_NiCl2.csv
[Run 3845/508994] ✅ Saved: 20260902_1209_nist_libs_4.5_wt_CeCl3_and_3.0_wt_SrCl2_and_0.5_wt_NiCl2.csv
[Run 3844/508994] ✅ Saved: 20260902_1209_nist_libs_4.5_wt_CeCl3_and_2.5_wt_SrCl2_and_5.0_wt_NiCl2.csv
[Run 3846/508994] ✅ Saved: 20260902_1209_nist_libs_4.5_wt_CeCl3_and_3.0_wt_SrCl2_and_1.0_wt_NiCl2.csv
[Run 3847/508994] ✅ Saved: 20260902_1209_nist_libs_4.5_wt_CeCl3_and_3.0_wt_SrCl2_and_1.5_wt_NiCl2.csv
[Run 3848/508994] ✅ Saved: 20260902_1209_nist_libs_4.5_wt_CeCl3_and_3.0_wt_SrCl2_and_2.0_wt_NiCl2.csv
[Run 3849/508994] ✅ Saved: 20260902_1209_nist_libs_4.5_wt_CeCl3_and_3.0_wt_SrCl2_and_2.5_wt_NiCl2.csv
[Run 3850/508994] ✅ Saved: 20260902_1209_nist_libs_4.5_wt_CeCl3_and_3.0_wt_SrCl2_and_3.0_wt_NiCl2.csv
[Run 3851/508994] ✅ Saved: 20260902_1209_nist_libs_4.5_wt_CeCl3_and_3.0_wt_SrCl2_and_3.5_wt_NiCl2.csv
[Run 3852/508994] ✅ Saved: 20260902_1209_nist_libs_4.5_wt_CeCl3_and_3.0_wt_SrCl2_and_4.0_wt_NiCl2.csv
[Run 3853/508994] ✅ Saved: 20260902_1209_nist_libs_4.5_wt_CeCl3_and_3.0_wt_SrCl2_and_4.5_wt_NiCl2.csv
[Run 3854/508994] ✅ Saved: 20260902_1209_nist_libs_4.5_wt_CeCl3_and_3.0_wt_SrCl2_and_5.0_wt_NiCl2.csv
[Run 3855/508994] ✅ Saved: 20260902_1209_nist_libs_4.5_wt_CeCl3_and_3.5_wt_SrCl2_and_0.5_wt_NiCl2.csv
[Run 3856/508994] ✅ Saved: 20260902_1209_nist_libs_4.5_wt_CeCl3_and_3.5_wt_SrCl2_and_1.0_wt_NiCl2.csv
[Run 3858/508994] ✅ Saved: 20260902_1209_nist_libs_4.5_wt_CeCl3_and_3.5_wt_SrCl2_and_2.0_wt_NiCl2.csv
[Run 3857/508994] ✅ Saved: 20260902_1209_nist_libs_4.5_wt_CeCl3_and_3.5_wt_SrCl2_and_1.5_wt_NiCl2.csv
[Run 3859/508994] ✅ Saved: 20260902_1209_nist_libs_4.5_wt_CeCl3_and_3.5_wt_SrCl2_and_2.5_wt_NiCl2.csv
[Run 3860/508994] ✅ Saved: 20260902_1209_nist_libs_4.5_wt_CeCl3_and_3.5_wt_SrCl2_and_3.0_wt_NiCl2.csv
[Run 3861/508994] ✅ Saved: 20260902_1209_nist_libs_4.5_wt_CeCl3_and_3.5_wt_SrCl2_and_3.5_wt_NiCl2.csv
[Run 3862/508994] ✅ Saved: 20260902_1209_nist_libs_4.5_wt_CeCl3_and_3.5_wt_SrCl2_and_4.0_wt_NiCl2.csv
[Run 3863/508994] ✅ Saved: 20260902_1209_nist_libs_4.5_wt_CeCl3_and_3.5_wt_SrCl2_and_4.5_wt_NiCl2.csv
[Run 3864/508994] ✅ Saved: 20260902_1209_nist_libs_4.5_wt_CeCl3_and_3.5_wt_SrCl2_and_5.0_wt_NiCl2.csv
[Run 3865/508994] ✅ Saved: 20260902_1209_nist_libs_4.5_wt_CeCl3_and_4.0_wt_SrCl2_and_0.5_wt_NiCl2.csv
[Run 3866/508994] ✅ Saved: 20260902_1209_nist_libs_4.5_wt_CeCl3_and_4.0_wt_SrCl2_and_1.0_wt_NiCl2.csv
[Run 3867/508994] ✅ Saved: 20260902_1209_nist_libs_4.5_wt_CeCl3_and_4.0_wt_SrCl2_and_1.5_wt_NiCl2.csv
[Run 3868/508994] ✅ Saved: 20260902_1209_nist_libs_4.5_wt_CeCl3_and_4.0_wt_SrCl2_and_2.0_wt_NiCl2.csv
[Run 3869/508994] ✅ Saved: 20260902_1209_nist_libs_4.5_wt_CeCl3_and_4.0_wt_SrCl2_and_2.5_wt_NiCl2.csv
[Run 3870/508994] ✅ Saved: 20260902_1209_nist_libs_4.5_wt_CeCl3_and_4.0_wt_SrCl2_and_3.0_wt_NiCl2.csv
[Run 3871/508994] ✅ Saved: 20260902_1209_nist_libs_4.5_wt_CeCl3_and_4.0_wt_SrCl2_and_3.5_wt_NiCl2.csv
[Run 3873/508994] ✅ Saved: 20260902_1209_nist_libs_4.5_wt_CeCl3_and_4.0_wt_SrCl2_and_4.5_wt_NiCl2.csv
[Run 3874/508994] ✅ Saved: 20260902_1209_nist_libs_4.5_wt_CeCl3_and_4.0_wt_SrCl2_and_5.0_wt_NiCl2.csv
[Run 3872/508994] ✅ Saved: 20260902_1209_nist_libs_4.5_wt_CeCl3_and_4.0_wt_SrCl2_and_4.0_wt_NiCl2.csv
[Run 3875/508994] ✅ Saved: 20260902_1209_nist_libs_4.5_wt_CeCl3_and_4.5_wt_SrCl2_and_0.5_wt_NiCl2.csv
[Run 3877/508994] ✅ Saved: 20260902_1209_nist_libs_4.5_wt_CeCl3_and_4.5_wt_SrCl2_and_1.5_wt_NiCl2.csv
[Run 3876/508994] ✅ Saved: 20260902_1209_nist_libs_4.5_wt_CeCl3_and_4.5_wt_SrCl2_and_1.0_wt_NiCl2.csv
[Run 3878/508994] ✅ Saved: 20260902_1209_nist_libs_4.5_wt_CeCl3_and_4.5_wt_SrCl2_and_2.0_wt_NiCl2.csv
[Run 3879/508994] ✅ Saved: 20260902_1209_nist_libs_4.5_wt_CeCl3_and_4.5_wt_SrCl2_and_2.5_wt_NiCl2.csv
[Run 3880/508994] ✅ Saved: 20260902_1209_nist_libs_4.5_wt_CeCl3_and_4.5_wt_SrCl2_and_3.0_wt_NiCl2.csv
[Run 3882/508994] ✅ Saved: 20260902_1209_nist_libs_4.5_wt_CeCl3_and_4.5_wt_SrCl2_and_4.0_wt_NiCl2.csv
[Run 3881/508994] ✅ Saved: 20260902_1209_nist_libs_4.5_wt_CeCl3_and_4.5_wt_SrCl2_and_3.5_wt_NiCl2.csv
[Run 3883/508994] ✅ Saved: 20260902_1209_nist_libs_4.5_wt_CeCl3_and_4.5_wt_SrCl2_and_4.5_wt_NiCl2.csv
[Run 3884/508994] ✅ Saved: 20260902_1209_nist_libs_4.5_wt_CeCl3_and_4.5_wt_SrCl2_and_5.0_wt_NiCl2.csv
[Run 3886/508994] ✅ Saved: 20260902_1209_nist_libs_4.5_wt_CeCl3_and_5.0_wt_SrCl2_and_1.0_wt_NiCl2.csv
[Run 3885/508994] ✅ Saved: 20260902_1209_nist_libs_4.5_wt_CeCl3_and_5.0_wt_SrCl2_and_0.5_wt_NiCl2.csv
[Run 3887/508994] ✅ Saved: 20260902_1209_nist_libs_4.5_wt_CeCl3_and_5.0_wt_SrCl2_and_1.5_wt_NiCl2.csv
[Run 3888/508994] ✅ Saved: 20260902_1209_nist_libs_4.5_wt_CeCl3_and_5.0_wt_SrCl2_and_2.0_wt_NiCl2.csv
[Run 3889/508994] ✅ Saved: 20260902_1209_nist_libs_4.5_wt_CeCl3_and_5.0_wt_SrCl2_and_2.5_wt_NiCl2.csv
[Run 3891/508994] ✅ Saved: 20260902_1209_nist_libs_4.5_wt_CeCl3_and_5.0_wt_SrCl2_and_3.5_wt_NiCl2.csv
[Run 3890/508994] ✅ Saved: 20260902_1209_nist_libs_4.5_wt_CeCl3_and_5.0_wt_SrCl2_and_3.0_wt_NiCl2.csv
[Run 3892/508994] ✅ Saved: 20260902_1209_nist_libs_4.5_wt_CeCl3_and_5.0_wt_SrCl2_and_4.0_wt_NiCl2.csv
[Run 3893/508994] ✅ Saved: 20260902_1209_nist_libs_4.5_wt_CeCl3_and_5.0_wt_SrCl2_and_4.5_wt_NiCl2.csv
[Run 3894/508994] ✅ Saved: 20260902_1209_nist_libs_4.5_wt_CeCl3_and_5.0_wt_SrCl2_and_5.0_wt_NiCl2.csv
[Run 3895/508994] ✅ Saved: 20260902_1209_nist_libs_5.0_wt_CeCl3_and_0.5_wt_SrCl2_and_0.5_wt_NiCl2.csv
[Run 3896/508994] ✅ Saved: 20260902_1209_nist_libs_5.0_wt_CeCl3_and_0.5_wt_SrCl2_and_1.0_wt_NiCl2.csv
[Run 3897/508994] ✅ Saved: 20260902_1209_nist_libs_5.0_wt_CeCl3_and_0.5_wt_SrCl2_and_1.5_wt_NiCl2.csv
[Run 3899/508994] ✅ Saved: 20260902_1209_nist_libs_5.0_wt_CeCl3_and_0.5_wt_SrCl2_and_2.5_wt_NiCl2.csv
[Run 3898/508994] ✅ Saved: 20260902_1209_nist_libs_5.0_wt_CeCl3_and_0.5_wt_SrCl2_and_2.0_wt_NiCl2.csv
[Run 3900/508994] ✅ Saved: 20260902_1209_nist_libs_5.0_wt_CeCl3_and_0.5_wt_SrCl2_and_3.0_wt_NiCl2.csv
[Run 3901/508994] ✅ Saved: 20260902_1209_nist_libs_5.0_wt_CeCl3_and_0.5_wt_SrCl2_and_3.5_wt_NiCl2.csv
[Run 3902/508994] ✅ Saved: 20260902_1209_nist_libs_5.0_wt_CeCl3_and_0.5_wt_SrCl2_and_4.0_wt_NiCl2.csv
[Run 3903/508994] ✅ Saved: 20260902_1209_nist_libs_5.0_wt_CeCl3_and_0.5_wt_SrCl2_and_4.5_wt_NiCl2.csv
[Run 3904/508994] ✅ Saved: 20260902_1209_nist_libs_5.0_wt_CeCl3_and_0.5_wt_SrCl2_and_5.0_wt_NiCl2.csv
[Run 3905/508994] ✅ Saved: 20260902_1209_nist_libs_5.0_wt_CeCl3_and_1.0_wt_SrCl2_and_0.5_wt_NiCl2.csv
[Run 3906/508994] ✅ Saved: 20260902_1209_nist_libs_5.0_wt_CeCl3_and_1.0_wt_SrCl2_and_1.0_wt_NiCl2.csv
[Run 3907/508994] ✅ Saved: 20260902_1209_nist_libs_5.0_wt_CeCl3_and_1.0_wt_SrCl2_and_1.5_wt_NiCl2.csv
[Run 3908/508994] ✅ Saved: 20260902_1209_nist_libs_5.0_wt_CeCl3_and_1.0_wt_SrCl2_and_2.0_wt_NiCl2.csv
[Run 3909/508994] ✅ Saved: 20260902_1209_nist_libs_5.0_wt_CeCl3_and_1.0_wt_SrCl2_and_2.5_wt_NiCl2.csv
[Run 3910/508994] ✅ Saved: 20260902_1209_nist_libs_5.0_wt_CeCl3_and_1.0_wt_SrCl2_and_3.0_wt_NiCl2.csv
[Run 3911/508994] ✅ Saved: 20260902_1209_nist_libs_5.0_wt_CeCl3_and_1.0_wt_SrCl2_and_3.5_wt_NiCl2.csv
[Run 3912/508994] ✅ Saved: 20260902_1209_nist_libs_5.0_wt_CeCl3_and_1.0_wt_SrCl2_and_4.0_wt_NiCl2.csv
[Run 3913/508994] ✅ Saved: 20260902_1209_nist_libs_5.0_wt_CeCl3_and_1.0_wt_SrCl2_and_4.5_wt_NiCl2.csv
[Run 3914/508994] ✅ Saved: 20260902_1209_nist_libs_5.0_wt_CeCl3_and_1.0_wt_SrCl2_and_5.0_wt_NiCl2.csv
[Run 3916/508994] ✅ Saved: 20260902_1209_nist_libs_5.0_wt_CeCl3_and_1.5_wt_SrCl2_and_1.0_wt_NiCl2.csv
[Run 3915/508994] ✅ Saved: 20260902_1209_nist_libs_5.0_wt_CeCl3_and_1.5_wt_SrCl2_and_0.5_wt_NiCl2.csv
[Run 3917/508994] ✅ Saved: 20260902_1209_nist_libs_5.0_wt_CeCl3_and_1.5_wt_SrCl2_and_1.5_wt_NiCl2.csv
[Run 3918/508994] ✅ Saved: 20260902_1209_nist_libs_5.0_wt_CeCl3_and_1.5_wt_SrCl2_and_2.0_wt_NiCl2.csv
[Run 3919/508994] ✅ Saved: 20260902_1209_nist_libs_5.0_wt_CeCl3_and_1.5_wt_SrCl2_and_2.5_wt_NiCl2.csv
[Run 3920/508994] ✅ Saved: 20260902_1209_nist_libs_5.0_wt_CeCl3_and_1.5_wt_SrCl2_and_3.0_wt_NiCl2.csv
[Run 3921/508994] ✅ Saved: 20260902_1209_nist_libs_5.0_wt_CeCl3_and_1.5_wt_SrCl2_and_3.5_wt_NiCl2.csv
[Run 3922/508994] ✅ Saved: 20260902_1209_nist_libs_5.0_wt_CeCl3_and_1.5_wt_SrCl2_and_4.0_wt_NiCl2.csv
[Run 3924/508994] ✅ Saved: 20260902_1209_nist_libs_5.0_wt_CeCl3_and_1.5_wt_SrCl2_and_5.0_wt_NiCl2.csv
[Run 3923/508994] ✅ Saved: 20260902_1209_nist_libs_5.0_wt_CeCl3_and_1.5_wt_SrCl2_and_4.5_wt_NiCl2.csv
[Run 3925/508994] ✅ Saved: 20260902_1209_nist_libs_5.0_wt_CeCl3_and_2.0_wt_SrCl2_and_0.5_wt_NiCl2.csv
[Run 3926/508994] ✅ Saved: 20260902_1209_nist_libs_5.0_wt_CeCl3_and_2.0_wt_SrCl2_and_1.0_wt_NiCl2.csv
[Run 3928/508994] ✅ Saved: 20260902_1209_nist_libs_5.0_wt_CeCl3_and_2.0_wt_SrCl2_and_2.0_wt_NiCl2.csv
[Run 3927/508994] ✅ Saved: 20260902_1209_nist_libs_5.0_wt_CeCl3_and_2.0_wt_SrCl2_and_1.5_wt_NiCl2.csv
[Run 3929/508994] ✅ Saved: 20260902_1209_nist_libs_5.0_wt_CeCl3_and_2.0_wt_SrCl2_and_2.5_wt_NiCl2.csv
[Run 3930/508994] ✅ Saved: 20260902_1209_nist_libs_5.0_wt_CeCl3_and_2.0_wt_SrCl2_and_3.0_wt_NiCl2.csv
[Run 3931/508994] ✅ Saved: 20260902_1209_nist_libs_5.0_wt_CeCl3_and_2.0_wt_SrCl2_and_3.5_wt_NiCl2.csv
[Run 3932/508994] ✅ Saved: 20260902_1209_nist_libs_5.0_wt_CeCl3_and_2.0_wt_SrCl2_and_4.0_wt_NiCl2.csv
[Run 3933/508994] ✅ Saved: 20260902_1209_nist_libs_5.0_wt_CeCl3_and_2.0_wt_SrCl2_and_4.5_wt_NiCl2.csv
[Run 3934/508994] ✅ Saved: 20260902_1209_nist_libs_5.0_wt_CeCl3_and_2.0_wt_SrCl2_and_5.0_wt_NiCl2.csv
[Run 3935/508994] ✅ Saved: 20260902_1209_nist_libs_5.0_wt_CeCl3_and_2.5_wt_SrCl2_and_0.5_wt_NiCl2.csv
[Run 3936/508994] ✅ Saved: 20260902_1209_nist_libs_5.0_wt_CeCl3_and_2.5_wt_SrCl2_and_1.0_wt_NiCl2.csv
[Run 3937/508994] ✅ Saved: 20260902_1209_nist_libs_5.0_wt_CeCl3_and_2.5_wt_SrCl2_and_1.5_wt_NiCl2.csv
[Run 3939/508994] ✅ Saved: 20260902_1209_nist_libs_5.0_wt_CeCl3_and_2.5_wt_SrCl2_and_2.5_wt_NiCl2.csv
[Run 3938/508994] ✅ Saved: 20260902_1209_nist_libs_5.0_wt_CeCl3_and_2.5_wt_SrCl2_and_2.0_wt_NiCl2.csv
[Run 3940/508994] ✅ Saved: 20260902_1209_nist_libs_5.0_wt_CeCl3_and_2.5_wt_SrCl2_and_3.0_wt_NiCl2.csv
[Run 3941/508994] ✅ Saved: 20260902_1209_nist_libs_5.0_wt_CeCl3_and_2.5_wt_SrCl2_and_3.5_wt_NiCl2.csv
[Run 3942/508994] ✅ Saved: 20260902_1209_nist_libs_5.0_wt_CeCl3_and_2.5_wt_SrCl2_and_4.0_wt_NiCl2.csv
[Run 3943/508994] ✅ Saved: 20260902_1209_nist_libs_5.0_wt_CeCl3_and_2.5_wt_SrCl2_and_4.5_wt_NiCl2.csv
[Run 3944/508994] ✅ Saved: 20260902_1209_nist_libs_5.0_wt_CeCl3_and_2.5_wt_SrCl2_and_5.0_wt_NiCl2.csv
[Run 3945/508994] ✅ Saved: 20260902_1209_nist_libs_5.0_wt_CeCl3_and_3.0_wt_SrCl2_and_0.5_wt_NiCl2.csv
[Run 3946/508994] ✅ Saved: 20260902_1209_nist_libs_5.0_wt_CeCl3_and_3.0_wt_SrCl2_and_1.0_wt_NiCl2.csv
[Run 3947/508994] ✅ Saved: 20260902_1209_nist_libs_5.0_wt_CeCl3_and_3.0_wt_SrCl2_and_1.5_wt_NiCl2.csv
[Run 3948/508994] ✅ Saved: 20260902_1209_nist_libs_5.0_wt_CeCl3_and_3.0_wt_SrCl2_and_2.0_wt_NiCl2.csv
[Run 3949/508994] ✅ Saved: 20260902_1209_nist_libs_5.0_wt_CeCl3_and_3.0_wt_SrCl2_and_2.5_wt_NiCl2.csv
[Run 3950/508994] ✅ Saved: 20260902_1209_nist_libs_5.0_wt_CeCl3_and_3.0_wt_SrCl2_and_3.0_wt_NiCl2.csv
[Run 3951/508994] ✅ Saved: 20260902_1209_nist_libs_5.0_wt_CeCl3_and_3.0_wt_SrCl2_and_3.5_wt_NiCl2.csv
[Run 3953/508994] ✅ Saved: 20260902_1209_nist_libs_5.0_wt_CeCl3_and_3.0_wt_SrCl2_and_4.5_wt_NiCl2.csv
[Run 3954/508994] ✅ Saved: 20260902_1209_nist_libs_5.0_wt_CeCl3_and_3.0_wt_SrCl2_and_5.0_wt_NiCl2.csv
[Run 3952/508994] ✅ Saved: 20260902_1209_nist_libs_5.0_wt_CeCl3_and_3.0_wt_SrCl2_and_4.0_wt_NiCl2.csv
[Run 3955/508994] ✅ Saved: 20260902_1209_nist_libs_5.0_wt_CeCl3_and_3.5_wt_SrCl2_and_0.5_wt_NiCl2.csv
[Run 3956/508994] ✅ Saved: 20260902_1209_nist_libs_5.0_wt_CeCl3_and_3.5_wt_SrCl2_and_1.0_wt_NiCl2.csv
[Run 3957/508994] ✅ Saved: 20260902_1209_nist_libs_5.0_wt_CeCl3_and_3.5_wt_SrCl2_and_1.5_wt_NiCl2.csv
[Run 3958/508994] ✅ Saved: 20260902_1209_nist_libs_5.0_wt_CeCl3_and_3.5_wt_SrCl2_and_2.0_wt_NiCl2.csv
[Run 3959/508994] ✅ Saved: 20260902_1209_nist_libs_5.0_wt_CeCl3_and_3.5_wt_SrCl2_and_2.5_wt_NiCl2.csv
[Run 3960/508994] ✅ Saved: 20260902_1209_nist_libs_5.0_wt_CeCl3_and_3.5_wt_SrCl2_and_3.0_wt_NiCl2.csv
[Run 3961/508994] ✅ Saved: 20260902_1209_nist_libs_5.0_wt_CeCl3_and_3.5_wt_SrCl2_and_3.5_wt_NiCl2.csv
[Run 3962/508994] ✅ Saved: 20260902_1209_nist_libs_5.0_wt_CeCl3_and_3.5_wt_SrCl2_and_4.0_wt_NiCl2.csv
[Run 3963/508994] ✅ Saved: 20260902_1209_nist_libs_5.0_wt_CeCl3_and_3.5_wt_SrCl2_and_4.5_wt_NiCl2.csv
[Run 3964/508994] ✅ Saved: 20260902_1209_nist_libs_5.0_wt_CeCl3_and_3.5_wt_SrCl2_and_5.0_wt_NiCl2.csv
[Run 3966/508994] ✅ Saved: 20260902_1209_nist_libs_5.0_wt_CeCl3_and_4.0_wt_SrCl2_and_1.0_wt_NiCl2.csv
[Run 3965/508994] ✅ Saved: 20260902_1209_nist_libs_5.0_wt_CeCl3_and_4.0_wt_SrCl2_and_0.5_wt_NiCl2.csv
[Run 3967/508994] ✅ Saved: 20260902_1209_nist_libs_5.0_wt_CeCl3_and_4.0_wt_SrCl2_and_1.5_wt_NiCl2.csv
[Run 3968/508994] ✅ Saved: 20260902_1209_nist_libs_5.0_wt_CeCl3_and_4.0_wt_SrCl2_and_2.0_wt_NiCl2.csv
[Run 3969/508994] ✅ Saved: 20260902_1209_nist_libs_5.0_wt_CeCl3_and_4.0_wt_SrCl2_and_2.5_wt_NiCl2.csv
[Run 3970/508994] ✅ Saved: 20260902_1209_nist_libs_5.0_wt_CeCl3_and_4.0_wt_SrCl2_and_3.0_wt_NiCl2.csv
[Run 3971/508994] ✅ Saved: 20260902_1209_nist_libs_5.0_wt_CeCl3_and_4.0_wt_SrCl2_and_3.5_wt_NiCl2.csv
[Run 3972/508994] ✅ Saved: 20260902_1209_nist_libs_5.0_wt_CeCl3_and_4.0_wt_SrCl2_and_4.0_wt_NiCl2.csv
[Run 3973/508994] ✅ Saved: 20260902_1209_nist_libs_5.0_wt_CeCl3_and_4.0_wt_SrCl2_and_4.5_wt_NiCl2.csv
[Run 3975/508994] ✅ Saved: 20260902_1209_nist_libs_5.0_wt_CeCl3_and_4.5_wt_SrCl2_and_0.5_wt_NiCl2.csv
[Run 3976/508994] ✅ Saved: 20260902_1209_nist_libs_5.0_wt_CeCl3_and_4.5_wt_SrCl2_and_1.0_wt_NiCl2.csv
[Run 3974/508994] ✅ Saved: 20260902_1209_nist_libs_5.0_wt_CeCl3_and_4.0_wt_SrCl2_and_5.0_wt_NiCl2.csv
[Run 3977/508994] ✅ Saved: 20260902_1209_nist_libs_5.0_wt_CeCl3_and_4.5_wt_SrCl2_and_1.5_wt_NiCl2.csv
[Run 3978/508994] ✅ Saved: 20260902_1209_nist_libs_5.0_wt_CeCl3_and_4.5_wt_SrCl2_and_2.0_wt_NiCl2.csv
[Run 3979/508994] ✅ Saved: 20260902_1209_nist_libs_5.0_wt_CeCl3_and_4.5_wt_SrCl2_and_2.5_wt_NiCl2.csv
[Run 3980/508994] ✅ Saved: 20260902_1209_nist_libs_5.0_wt_CeCl3_and_4.5_wt_SrCl2_and_3.0_wt_NiCl2.csv
[Run 3981/508994] ✅ Saved: 20260902_1209_nist_libs_5.0_wt_CeCl3_and_4.5_wt_SrCl2_and_3.5_wt_NiCl2.csv
[Run 3982/508994] ✅ Saved: 20260902_1209_nist_libs_5.0_wt_CeCl3_and_4.5_wt_SrCl2_and_4.0_wt_NiCl2.csv
[Run 3983/508994] ✅ Saved: 20260902_1209_nist_libs_5.0_wt_CeCl3_and_4.5_wt_SrCl2_and_4.5_wt_NiCl2.csv
[Run 3984/508994] ✅ Saved: 20260902_1209_nist_libs_5.0_wt_CeCl3_and_4.5_wt_SrCl2_and_5.0_wt_NiCl2.csv
[Run 3985/508994] ✅ Saved: 20260902_1209_nist_libs_5.0_wt_CeCl3_and_5.0_wt_SrCl2_and_0.5_wt_NiCl2.csv
[Run 3986/508994] ✅ Saved: 20260902_1209_nist_libs_5.0_wt_CeCl3_and_5.0_wt_SrCl2_and_1.0_wt_NiCl2.csv
[Run 3987/508994] ✅ Saved: 20260902_1209_nist_libs_5.0_wt_CeCl3_and_5.0_wt_SrCl2_and_1.5_wt_NiCl2.csv
[Run 3988/508994] ✅ Saved: 20260902_1209_nist_libs_5.0_wt_CeCl3_and_5.0_wt_SrCl2_and_2.0_wt_NiCl2.csv
[Run 3989/508994] ✅ Saved: 20260902_1209_nist_libs_5.0_wt_CeCl3_and_5.0_wt_SrCl2_and_2.5_wt_NiCl2.csv
[Run 3990/508994] ✅ Saved: 20260902_1209_nist_libs_5.0_wt_CeCl3_and_5.0_wt_SrCl2_and_3.0_wt_NiCl2.csv
[Run 3991/508994] ✅ Saved: 20260902_1209_nist_libs_5.0_wt_CeCl3_and_5.0_wt_SrCl2_and_3.5_wt_NiCl2.csv
[Run 3992/508994] ✅ Saved: 20260902_1209_nist_libs_5.0_wt_CeCl3_and_5.0_wt_SrCl2_and_4.0_wt_NiCl2.csv
[Run 3993/508994] ✅ Saved: 20260902_1209_nist_libs_5.0_wt_CeCl3_and_5.0_wt_SrCl2_and_4.5_wt_NiCl2.csv
[Run 3994/508994] ✅ Saved: 20260902_1209_nist_libs_5.0_wt_CeCl3_and_5.0_wt_SrCl2_and_5.0_wt_NiCl2.csv
[Run 3995/508994] ✅ Saved: 20260902_1209_nist_libs_0.5_wt_CeCl3_and_0.5_wt_SrCl2_and_0.5_wt_MnCl2.csv
[Run 3996/508994] ✅ Saved: 20260902_1209_nist_libs_0.5_wt_CeCl3_and_0.5_wt_SrCl2_and_1.0_wt_MnCl2.csv
[Run 3997/508994] ✅ Saved: 20260902_1209_nist_libs_0.5_wt_CeCl3_and_0.5_wt_SrCl2_and_1.5_wt_MnCl2.csv
[Run 3998/508994] ✅ Saved: 20260902_1209_nist_libs_0.5_wt_CeCl3_and_0.5_wt_SrCl2_and_2.0_wt_MnCl2.csv
[Run 3999/508994] ✅ Saved: 20260902_1209_nist_libs_0.5_wt_CeCl3_and_0.5_wt_SrCl2_and_2.5_wt_MnCl2.csv
[Run 4000/508994] ✅ Saved: 20260902_1209_nist_libs_0.5_wt_CeCl3_and_0.5_wt_SrCl2_and_3.0_wt_MnCl2.csv
📦 Packaging batch 4 (1000 CSVs) -> nist_libs_batch_0004.zip...
[Run 4001/508994] ✅ Saved: 20260902_1209_nist_libs_0.5_wt_CeCl3_and_0.5_wt_SrCl2_and_3.5_wt_MnCl2.csv
[Run 4002/508994] ✅ Saved: 20260902_1209_nist_libs_0.5_wt_CeCl3_and_0.5_wt_SrCl2_and_4.0_wt_MnCl2.csv
[Run 4003/508994] ✅ Saved: 20260902_1209_nist_libs_0.5_wt_CeCl3_and_0.5_wt_SrCl2_and_4.5_wt_MnCl2.csv
[Run 4004/508994] ✅ Saved: 20260902_1209_nist_libs_0.5_wt_CeCl3_and_0.5_wt_SrCl2_and_5.0_wt_MnCl2.csv
[Run 4005/508994] ✅ Saved: 20260902_1209_nist_libs_0.5_wt_CeCl3_and_1.0_wt_SrCl2_and_0.5_wt_MnCl2.csv
[Run 4006/508994] ✅ Saved: 20260902_1209_nist_libs_0.5_wt_CeCl3_and_1.0_wt_SrCl2_and_1.0_wt_MnCl2.csv
[Run 4007/508994] ✅ Saved: 20260902_1209_nist_libs_0.5_wt_CeCl3_and_1.0_wt_SrCl2_and_1.5_wt_MnCl2.csv
[Run 4008/508994] ✅ Saved: 20260902_1209_nist_libs_0.5_wt_CeCl3_and_1.0_wt_SrCl2_and_2.0_wt_MnCl2.csv
[Run 4009/508994] ✅ Saved: 20260902_1209_nist_libs_0.5_wt_CeCl3_and_1.0_wt_SrCl2_and_2.5_wt_MnCl2.csv
[Run 4010/508994] ✅ Saved: 20260902_1209_nist_libs_0.5_wt_CeCl3_and_1.0_wt_SrCl2_and_3.0_wt_MnCl2.csv
[Run 4011/508994] ✅ Saved: 20260902_1209_nist_libs_0.5_wt_CeCl3_and_1.0_wt_SrCl2_and_3.5_wt_MnCl2.csv
[Run 4012/508994] ✅ Saved: 20260902_1209_nist_libs_0.5_wt_CeCl3_and_1.0_wt_SrCl2_and_4.0_wt_MnCl2.csv
[Run 4013/508994] ✅ Saved: 20260902_1209_nist_libs_0.5_wt_CeCl3_and_1.0_wt_SrCl2_and_4.5_wt_MnCl2.csv
[Run 4014/508994] ✅ Saved: 20260902_1209_nist_libs_0.5_wt_CeCl3_and_1.0_wt_SrCl2_and_5.0_wt_MnCl2.csv
[Run 4015/508994] ✅ Saved: 20260902_1209_nist_libs_0.5_wt_CeCl3_and_1.5_wt_SrCl2_and_0.5_wt_MnCl2.csv
[Run 4016/508994] ✅ Saved: 20260902_1209_nist_libs_0.5_wt_CeCl3_and_1.5_wt_SrCl2_and_1.0_wt_MnCl2.csv
[Run 4017/508994] ✅ Saved: 20260902_1209_nist_libs_0.5_wt_CeCl3_and_1.5_wt_SrCl2_and_1.5_wt_MnCl2.csv
[Run 4018/508994] ✅ Saved: 20260902_1209_nist_libs_0.5_wt_CeCl3_and_1.5_wt_SrCl2_and_2.0_wt_MnCl2.csv
[Run 4019/508994] ✅ Saved: 20260902_1209_nist_libs_0.5_wt_CeCl3_and_1.5_wt_SrCl2_and_2.5_wt_MnCl2.csv
[Run 4020/508994] ✅ Saved: 20260902_1209_nist_libs_0.5_wt_CeCl3_and_1.5_wt_SrCl2_and_3.0_wt_MnCl2.csv
[Run 4021/508994] ✅ Saved: 20260902_1209_nist_libs_0.5_wt_CeCl3_and_1.5_wt_SrCl2_and_3.5_wt_MnCl2.csv
[Run 4022/508994] ✅ Saved: 20260902_1209_nist_libs_0.5_wt_CeCl3_and_1.5_wt_SrCl2_and_4.0_wt_MnCl2.csv
[Run 4023/508994] ✅ Saved: 20260902_1209_nist_libs_0.5_wt_CeCl3_and_1.5_wt_SrCl2_and_4.5_wt_MnCl2.csv
[Run 4024/508994] ✅ Saved: 20260902_1209_nist_libs_0.5_wt_CeCl3_and_1.5_wt_SrCl2_and_5.0_wt_MnCl2.csv
[Run 4025/508994] ✅ Saved: 20260902_1209_nist_libs_0.5_wt_CeCl3_and_2.0_wt_SrCl2_and_0.5_wt_MnCl2.csv
[Run 4026/508994] ✅ Saved: 20260902_1209_nist_libs_0.5_wt_CeCl3_and_2.0_wt_SrCl2_and_1.0_wt_MnCl2.csv
[Run 4027/508994] ✅ Saved: 20260902_1209_nist_libs_0.5_wt_CeCl3_and_2.0_wt_SrCl2_and_1.5_wt_MnCl2.csv
[Run 4028/508994] ✅ Saved: 20260902_1209_nist_libs_0.5_wt_CeCl3_and_2.0_wt_SrCl2_and_2.0_wt_MnCl2.csv
[Run 4029/508994] ✅ Saved: 20260902_1209_nist_libs_0.5_wt_CeCl3_and_2.0_wt_SrCl2_and_2.5_wt_MnCl2.csv
[Run 4030/508994] ✅ Saved: 20260902_1209_nist_libs_0.5_wt_CeCl3_and_2.0_wt_SrCl2_and_3.0_wt_MnCl2.csv
[Run 4031/508994] ✅ Saved: 20260902_1209_nist_libs_0.5_wt_CeCl3_and_2.0_wt_SrCl2_and_3.5_wt_MnCl2.csv
[Run 4032/508994] ✅ Saved: 20260902_1209_nist_libs_0.5_wt_CeCl3_and_2.0_wt_SrCl2_and_4.0_wt_MnCl2.csv
[Run 4033/508994] ✅ Saved: 20260902_1209_nist_libs_0.5_wt_CeCl3_and_2.0_wt_SrCl2_and_4.5_wt_MnCl2.csv
[Run 4034/508994] ✅ Saved: 20260902_1209_nist_libs_0.5_wt_CeCl3_and_2.0_wt_SrCl2_and_5.0_wt_MnCl2.csv
[Run 4035/508994] ✅ Saved: 20260902_1209_nist_libs_0.5_wt_CeCl3_and_2.5_wt_SrCl2_and_0.5_wt_MnCl2.csv
[Run 4036/508994] ✅ Saved: 20260902_1209_nist_libs_0.5_wt_CeCl3_and_2.5_wt_SrCl2_and_1.0_wt_MnCl2.csv
[Run 4037/508994] ✅ Saved: 20260902_1209_nist_libs_0.5_wt_CeCl3_and_2.5_wt_SrCl2_and_1.5_wt_MnCl2.csv
[Run 4038/508994] ✅ Saved: 20260902_1209_nist_libs_0.5_wt_CeCl3_and_2.5_wt_SrCl2_and_2.0_wt_MnCl2.csv
[Run 4039/508994] ✅ Saved: 20260902_1209_nist_libs_0.5_wt_CeCl3_and_2.5_wt_SrCl2_and_2.5_wt_MnCl2.csv
[Run 4040/508994] ✅ Saved: 20260902_1209_nist_libs_0.5_wt_CeCl3_and_2.5_wt_SrCl2_and_3.0_wt_MnCl2.csv
[Run 4041/508994] ✅ Saved: 20260902_1209_nist_libs_0.5_wt_CeCl3_and_2.5_wt_SrCl2_and_3.5_wt_MnCl2.csv
[Run 4042/508994] ✅ Saved: 20260902_1209_nist_libs_0.5_wt_CeCl3_and_2.5_wt_SrCl2_and_4.0_wt_MnCl2.csv
[Run 4043/508994] ✅ Saved: 20260902_1209_nist_libs_0.5_wt_CeCl3_and_2.5_wt_SrCl2_and_4.5_wt_MnCl2.csv
[Run 4044/508994] ✅ Saved: 20260902_1209_nist_libs_0.5_wt_CeCl3_and_2.5_wt_SrCl2_and_5.0_wt_MnCl2.csv
[Run 4045/508994] ✅ Saved: 20260902_1209_nist_libs_0.5_wt_CeCl3_and_3.0_wt_SrCl2_and_0.5_wt_MnCl2.csv
[Run 4046/508994] ✅ Saved: 20260902_1209_nist_libs_0.5_wt_CeCl3_and_3.0_wt_SrCl2_and_1.0_wt_MnCl2.csv
[Run 4047/508994] ✅ Saved: 20260902_1209_nist_libs_0.5_wt_CeCl3_and_3.0_wt_SrCl2_and_1.5_wt_MnCl2.csv
[Run 4048/508994] ✅ Saved: 20260902_1209_nist_libs_0.5_wt_CeCl3_and_3.0_wt_SrCl2_and_2.0_wt_MnCl2.csv
[Run 4049/508994] ✅ Saved: 20260902_1209_nist_libs_0.5_wt_CeCl3_and_3.0_wt_SrCl2_and_2.5_wt_MnCl2.csv
[Run 4050/508994] ✅ Saved: 20260902_1209_nist_libs_0.5_wt_CeCl3_and_3.0_wt_SrCl2_and_3.0_wt_MnCl2.csv
[Run 4051/508994] ✅ Saved: 20260902_1209_nist_libs_0.5_wt_CeCl3_and_3.0_wt_SrCl2_and_3.5_wt_MnCl2.csv
[Run 4052/508994] ✅ Saved: 20260902_1209_nist_libs_0.5_wt_CeCl3_and_3.0_wt_SrCl2_and_4.0_wt_MnCl2.csv
[Run 4053/508994] ✅ Saved: 20260902_1209_nist_libs_0.5_wt_CeCl3_and_3.0_wt_SrCl2_and_4.5_wt_MnCl2.csv
[Run 4054/508994] ✅ Saved: 20260902_1209_nist_libs_0.5_wt_CeCl3_and_3.0_wt_SrCl2_and_5.0_wt_MnCl2.csv
[Run 4055/508994] ✅ Saved: 20260902_1209_nist_libs_0.5_wt_CeCl3_and_3.5_wt_SrCl2_and_0.5_wt_MnCl2.csv
[Run 4056/508994] ✅ Saved: 20260902_1209_nist_libs_0.5_wt_CeCl3_and_3.5_wt_SrCl2_and_1.0_wt_MnCl2.csv
[Run 4057/508994] ✅ Saved: 20260902_1209_nist_libs_0.5_wt_CeCl3_and_3.5_wt_SrCl2_and_1.5_wt_MnCl2.csv
[Run 4058/508994] ✅ Saved: 20260902_1209_nist_libs_0.5_wt_CeCl3_and_3.5_wt_SrCl2_and_2.0_wt_MnCl2.csv
[Run 4059/508994] ✅ Saved: 20260902_1209_nist_libs_0.5_wt_CeCl3_and_3.5_wt_SrCl2_and_2.5_wt_MnCl2.csv
[Run 4060/508994] ✅ Saved: 20260902_1209_nist_libs_0.5_wt_CeCl3_and_3.5_wt_SrCl2_and_3.0_wt_MnCl2.csv
[Run 4061/508994] ✅ Saved: 20260902_1209_nist_libs_0.5_wt_CeCl3_and_3.5_wt_SrCl2_and_3.5_wt_MnCl2.csv
[Run 4062/508994] ✅ Saved: 20260902_1209_nist_libs_0.5_wt_CeCl3_and_3.5_wt_SrCl2_and_4.0_wt_MnCl2.csv
[Run 4063/508994] ✅ Saved: 20260902_1209_nist_libs_0.5_wt_CeCl3_and_3.5_wt_SrCl2_and_4.5_wt_MnCl2.csv
[Run 4064/508994] ✅ Saved: 20260902_1209_nist_libs_0.5_wt_CeCl3_and_3.5_wt_SrCl2_and_5.0_wt_MnCl2.csv
[Run 4065/508994] ✅ Saved: 20260902_1209_nist_libs_0.5_wt_CeCl3_and_4.0_wt_SrCl2_and_0.5_wt_MnCl2.csv
[Run 4066/508994] ✅ Saved: 20260902_1209_nist_libs_0.5_wt_CeCl3_and_4.0_wt_SrCl2_and_1.0_wt_MnCl2.csv
[Run 4067/508994] ✅ Saved: 20260902_1209_nist_libs_0.5_wt_CeCl3_and_4.0_wt_SrCl2_and_1.5_wt_MnCl2.csv
[Run 4068/508994] ✅ Saved: 20260902_1209_nist_libs_0.5_wt_CeCl3_and_4.0_wt_SrCl2_and_2.0_wt_MnCl2.csv
[Run 4069/508994] ✅ Saved: 20260902_1209_nist_libs_0.5_wt_CeCl3_and_4.0_wt_SrCl2_and_2.5_wt_MnCl2.csv
[Run 4070/508994] ✅ Saved: 20260902_1209_nist_libs_0.5_wt_CeCl3_and_4.0_wt_SrCl2_and_3.0_wt_MnCl2.csv
[Run 4071/508994] ✅ Saved: 20260902_1209_nist_libs_0.5_wt_CeCl3_and_4.0_wt_SrCl2_and_3.5_wt_MnCl2.csv
[Run 4072/508994] ✅ Saved: 20260902_1209_nist_libs_0.5_wt_CeCl3_and_4.0_wt_SrCl2_and_4.0_wt_MnCl2.csv
[Run 4073/508994] ✅ Saved: 20260902_1209_nist_libs_0.5_wt_CeCl3_and_4.0_wt_SrCl2_and_4.5_wt_MnCl2.csv
[Run 4075/508994] ✅ Saved: 20260902_1209_nist_libs_0.5_wt_CeCl3_and_4.5_wt_SrCl2_and_0.5_wt_MnCl2.csv
[Run 4074/508994] ✅ Saved: 20260902_1209_nist_libs_0.5_wt_CeCl3_and_4.0_wt_SrCl2_and_5.0_wt_MnCl2.csv
[Run 4076/508994] ✅ Saved: 20260902_1209_nist_libs_0.5_wt_CeCl3_and_4.5_wt_SrCl2_and_1.0_wt_MnCl2.csv
[Run 4077/508994] ✅ Saved: 20260902_1209_nist_libs_0.5_wt_CeCl3_and_4.5_wt_SrCl2_and_1.5_wt_MnCl2.csv
[Run 4078/508994] ✅ Saved: 20260902_1209_nist_libs_0.5_wt_CeCl3_and_4.5_wt_SrCl2_and_2.0_wt_MnCl2.csv
[Run 4079/508994] ✅ Saved: 20260902_1209_nist_libs_0.5_wt_CeCl3_and_4.5_wt_SrCl2_and_2.5_wt_MnCl2.csv
[Run 4080/508994] ✅ Saved: 20260902_1209_nist_libs_0.5_wt_CeCl3_and_4.5_wt_SrCl2_and_3.0_wt_MnCl2.csv
[Run 4081/508994] ✅ Saved: 20260902_1209_nist_libs_0.5_wt_CeCl3_and_4.5_wt_SrCl2_and_3.5_wt_MnCl2.csv
[Run 4082/508994] ✅ Saved: 20260902_1209_nist_libs_0.5_wt_CeCl3_and_4.5_wt_SrCl2_and_4.0_wt_MnCl2.csv
[Run 4083/508994] ✅ Saved: 20260902_1209_nist_libs_0.5_wt_CeCl3_and_4.5_wt_SrCl2_and_4.5_wt_MnCl2.csv
[Run 4084/508994] ✅ Saved: 20260902_1209_nist_libs_0.5_wt_CeCl3_and_4.5_wt_SrCl2_and_5.0_wt_MnCl2.csv
[Run 4085/508994] ✅ Saved: 20260902_1209_nist_libs_0.5_wt_CeCl3_and_5.0_wt_SrCl2_and_0.5_wt_MnCl2.csv
[Run 4086/508994] ✅ Saved: 20260902_1209_nist_libs_0.5_wt_CeCl3_and_5.0_wt_SrCl2_and_1.0_wt_MnCl2.csv
[Run 4087/508994] ✅ Saved: 20260902_1209_nist_libs_0.5_wt_CeCl3_and_5.0_wt_SrCl2_and_1.5_wt_MnCl2.csv
[Run 4088/508994] ✅ Saved: 20260902_1209_nist_libs_0.5_wt_CeCl3_and_5.0_wt_SrCl2_and_2.0_wt_MnCl2.csv
[Run 4089/508994] ✅ Saved: 20260902_1209_nist_libs_0.5_wt_CeCl3_and_5.0_wt_SrCl2_and_2.5_wt_MnCl2.csv
[Run 4090/508994] ✅ Saved: 20260902_1209_nist_libs_0.5_wt_CeCl3_and_5.0_wt_SrCl2_and_3.0_wt_MnCl2.csv
[Run 4091/508994] ✅ Saved: 20260902_1209_nist_libs_0.5_wt_CeCl3_and_5.0_wt_SrCl2_and_3.5_wt_MnCl2.csv
[Run 4092/508994] ✅ Saved: 20260902_1209_nist_libs_0.5_wt_CeCl3_and_5.0_wt_SrCl2_and_4.0_wt_MnCl2.csv
[Run 4093/508994] ✅ Saved: 20260902_1209_nist_libs_0.5_wt_CeCl3_and_5.0_wt_SrCl2_and_4.5_wt_MnCl2.csv
[Run 4094/508994] ✅ Saved: 20260902_1209_nist_libs_0.5_wt_CeCl3_and_5.0_wt_SrCl2_and_5.0_wt_MnCl2.csv
[Run 4095/508994] ✅ Saved: 20260902_1209_nist_libs_1.0_wt_CeCl3_and_0.5_wt_SrCl2_and_0.5_wt_MnCl2.csv
[Run 4096/508994] ✅ Saved: 20260902_1209_nist_libs_1.0_wt_CeCl3_and_0.5_wt_SrCl2_and_1.0_wt_MnCl2.csv
[Run 4097/508994] ✅ Saved: 20260902_1209_nist_libs_1.0_wt_CeCl3_and_0.5_wt_SrCl2_and_1.5_wt_MnCl2.csv
[Run 4098/508994] ✅ Saved: 20260902_1209_nist_libs_1.0_wt_CeCl3_and_0.5_wt_SrCl2_and_2.0_wt_MnCl2.csv
[Run 4099/508994] ✅ Saved: 20260902_1209_nist_libs_1.0_wt_CeCl3_and_0.5_wt_SrCl2_and_2.5_wt_MnCl2.csv
[Run 4100/508994] ✅ Saved: 20260902_1209_nist_libs_1.0_wt_CeCl3_and_0.5_wt_SrCl2_and_3.0_wt_MnCl2.csv
[Run 4101/508994] ✅ Saved: 20260902_1209_nist_libs_1.0_wt_CeCl3_and_0.5_wt_SrCl2_and_3.5_wt_MnCl2.csv
[Run 4102/508994] ✅ Saved: 20260902_1209_nist_libs_1.0_wt_CeCl3_and_0.5_wt_SrCl2_and_4.0_wt_MnCl2.csv
[Run 4103/508994] ✅ Saved: 20260902_1209_nist_libs_1.0_wt_CeCl3_and_0.5_wt_SrCl2_and_4.5_wt_MnCl2.csv
[Run 4104/508994] ✅ Saved: 20260902_1209_nist_libs_1.0_wt_CeCl3_and_0.5_wt_SrCl2_and_5.0_wt_MnCl2.csv
[Run 4105/508994] ✅ Saved: 20260902_1209_nist_libs_1.0_wt_CeCl3_and_1.0_wt_SrCl2_and_0.5_wt_MnCl2.csv
[Run 4106/508994] ✅ Saved: 20260902_1209_nist_libs_1.0_wt_CeCl3_and_1.0_wt_SrCl2_and_1.0_wt_MnCl2.csv
[Run 4107/508994] ✅ Saved: 20260902_1209_nist_libs_1.0_wt_CeCl3_and_1.0_wt_SrCl2_and_1.5_wt_MnCl2.csv
[Run 4108/508994] ✅ Saved: 20260902_1209_nist_libs_1.0_wt_CeCl3_and_1.0_wt_SrCl2_and_2.0_wt_MnCl2.csv
[Run 4109/508994] ✅ Saved: 20260902_1209_nist_libs_1.0_wt_CeCl3_and_1.0_wt_SrCl2_and_2.5_wt_MnCl2.csv
[Run 4110/508994] ✅ Saved: 20260902_1209_nist_libs_1.0_wt_CeCl3_and_1.0_wt_SrCl2_and_3.0_wt_MnCl2.csv
[Run 4111/508994] ✅ Saved: 20260902_1209_nist_libs_1.0_wt_CeCl3_and_1.0_wt_SrCl2_and_3.5_wt_MnCl2.csv
[Run 4112/508994] ✅ Saved: 20260902_1209_nist_libs_1.0_wt_CeCl3_and_1.0_wt_SrCl2_and_4.0_wt_MnCl2.csv
[Run 4113/508994] ✅ Saved: 20260902_1209_nist_libs_1.0_wt_CeCl3_and_1.0_wt_SrCl2_and_4.5_wt_MnCl2.csv
[Run 4114/508994] ✅ Saved: 20260902_1209_nist_libs_1.0_wt_CeCl3_and_1.0_wt_SrCl2_and_5.0_wt_MnCl2.csv
[Run 4115/508994] ✅ Saved: 20260902_1209_nist_libs_1.0_wt_CeCl3_and_1.5_wt_SrCl2_and_0.5_wt_MnCl2.csv
[Run 4116/508994] ✅ Saved: 20260902_1209_nist_libs_1.0_wt_CeCl3_and_1.5_wt_SrCl2_and_1.0_wt_MnCl2.csv
[Run 4117/508994] ✅ Saved: 20260902_1209_nist_libs_1.0_wt_CeCl3_and_1.5_wt_SrCl2_and_1.5_wt_MnCl2.csv
[Run 4118/508994] ✅ Saved: 20260902_1209_nist_libs_1.0_wt_CeCl3_and_1.5_wt_SrCl2_and_2.0_wt_MnCl2.csv
[Run 4119/508994] ✅ Saved: 20260902_1209_nist_libs_1.0_wt_CeCl3_and_1.5_wt_SrCl2_and_2.5_wt_MnCl2.csv
[Run 4120/508994] ✅ Saved: 20260902_1209_nist_libs_1.0_wt_CeCl3_and_1.5_wt_SrCl2_and_3.0_wt_MnCl2.csv
[Run 4121/508994] ✅ Saved: 20260902_1209_nist_libs_1.0_wt_CeCl3_and_1.5_wt_SrCl2_and_3.5_wt_MnCl2.csv
[Run 4123/508994] ✅ Saved: 20260902_1209_nist_libs_1.0_wt_CeCl3_and_1.5_wt_SrCl2_and_4.5_wt_MnCl2.csv
[Run 4122/508994] ✅ Saved: 20260902_1209_nist_libs_1.0_wt_CeCl3_and_1.5_wt_SrCl2_and_4.0_wt_MnCl2.csv
[Run 4124/508994] ✅ Saved: 20260902_1209_nist_libs_1.0_wt_CeCl3_and_1.5_wt_SrCl2_and_5.0_wt_MnCl2.csv
[Run 4125/508994] ✅ Saved: 20260902_1209_nist_libs_1.0_wt_CeCl3_and_2.0_wt_SrCl2_and_0.5_wt_MnCl2.csv
[Run 4126/508994] ✅ Saved: 20260902_1209_nist_libs_1.0_wt_CeCl3_and_2.0_wt_SrCl2_and_1.0_wt_MnCl2.csv
[Run 4127/508994] ✅ Saved: 20260902_1209_nist_libs_1.0_wt_CeCl3_and_2.0_wt_SrCl2_and_1.5_wt_MnCl2.csv
[Run 4128/508994] ✅ Saved: 20260902_1209_nist_libs_1.0_wt_CeCl3_and_2.0_wt_SrCl2_and_2.0_wt_MnCl2.csv
[Run 4129/508994] ✅ Saved: 20260902_1209_nist_libs_1.0_wt_CeCl3_and_2.0_wt_SrCl2_and_2.5_wt_MnCl2.csv
[Run 4131/508994] ✅ Saved: 20260902_1209_nist_libs_1.0_wt_CeCl3_and_2.0_wt_SrCl2_and_3.5_wt_MnCl2.csv
[Run 4130/508994] ✅ Saved: 20260902_1209_nist_libs_1.0_wt_CeCl3_and_2.0_wt_SrCl2_and_3.0_wt_MnCl2.csv
[Run 4132/508994] ✅ Saved: 20260902_1209_nist_libs_1.0_wt_CeCl3_and_2.0_wt_SrCl2_and_4.0_wt_MnCl2.csv
[Run 4133/508994] ✅ Saved: 20260902_1209_nist_libs_1.0_wt_CeCl3_and_2.0_wt_SrCl2_and_4.5_wt_MnCl2.csv
[Run 4134/508994] ✅ Saved: 20260902_1209_nist_libs_1.0_wt_CeCl3_and_2.0_wt_SrCl2_and_5.0_wt_MnCl2.csv
[Run 4135/508994] ✅ Saved: 20260902_1209_nist_libs_1.0_wt_CeCl3_and_2.5_wt_SrCl2_and_0.5_wt_MnCl2.csv
[Run 4136/508994] ✅ Saved: 20260902_1209_nist_libs_1.0_wt_CeCl3_and_2.5_wt_SrCl2_and_1.0_wt_MnCl2.csv
[Run 4137/508994] ✅ Saved: 20260902_1209_nist_libs_1.0_wt_CeCl3_and_2.5_wt_SrCl2_and_1.5_wt_MnCl2.csv
[Run 4138/508994] ✅ Saved: 20260902_1209_nist_libs_1.0_wt_CeCl3_and_2.5_wt_SrCl2_and_2.0_wt_MnCl2.csv
[Run 4139/508994] ✅ Saved: 20260902_1209_nist_libs_1.0_wt_CeCl3_and_2.5_wt_SrCl2_and_2.5_wt_MnCl2.csv
[Run 4140/508994] ✅ Saved: 20260902_1209_nist_libs_1.0_wt_CeCl3_and_2.5_wt_SrCl2_and_3.0_wt_MnCl2.csv
[Run 4141/508994] ✅ Saved: 20260902_1209_nist_libs_1.0_wt_CeCl3_and_2.5_wt_SrCl2_and_3.5_wt_MnCl2.csv
[Run 4142/508994] ✅ Saved: 20260902_1209_nist_libs_1.0_wt_CeCl3_and_2.5_wt_SrCl2_and_4.0_wt_MnCl2.csv
[Run 4144/508994] ✅ Saved: 20260902_1209_nist_libs_1.0_wt_CeCl3_and_2.5_wt_SrCl2_and_5.0_wt_MnCl2.csv
[Run 4145/508994] ✅ Saved: 20260902_1209_nist_libs_1.0_wt_CeCl3_and_3.0_wt_SrCl2_and_0.5_wt_MnCl2.csv
[Run 4143/508994] ✅ Saved: 20260902_1209_nist_libs_1.0_wt_CeCl3_and_2.5_wt_SrCl2_and_4.5_wt_MnCl2.csv
[Run 4146/508994] ✅ Saved: 20260902_1209_nist_libs_1.0_wt_CeCl3_and_3.0_wt_SrCl2_and_1.0_wt_MnCl2.csv
[Run 4147/508994] ✅ Saved: 20260902_1209_nist_libs_1.0_wt_CeCl3_and_3.0_wt_SrCl2_and_1.5_wt_MnCl2.csv
[Run 4148/508994] ✅ Saved: 20260902_1209_nist_libs_1.0_wt_CeCl3_and_3.0_wt_SrCl2_and_2.0_wt_MnCl2.csv
[Run 4149/508994] ✅ Saved: 20260902_1209_nist_libs_1.0_wt_CeCl3_and_3.0_wt_SrCl2_and_2.5_wt_MnCl2.csv
[Run 4150/508994] ✅ Saved: 20260902_1209_nist_libs_1.0_wt_CeCl3_and_3.0_wt_SrCl2_and_3.0_wt_MnCl2.csv
[Run 4151/508994] ✅ Saved: 20260902_1209_nist_libs_1.0_wt_CeCl3_and_3.0_wt_SrCl2_and_3.5_wt_MnCl2.csv
[Run 4152/508994] ✅ Saved: 20260902_1209_nist_libs_1.0_wt_CeCl3_and_3.0_wt_SrCl2_and_4.0_wt_MnCl2.csv
[Run 4153/508994] ✅ Saved: 20260902_1209_nist_libs_1.0_wt_CeCl3_and_3.0_wt_SrCl2_and_4.5_wt_MnCl2.csv
[Run 4154/508994] ✅ Saved: 20260902_1209_nist_libs_1.0_wt_CeCl3_and_3.0_wt_SrCl2_and_5.0_wt_MnCl2.csv
[Run 4155/508994] ✅ Saved: 20260902_1209_nist_libs_1.0_wt_CeCl3_and_3.5_wt_SrCl2_and_0.5_wt_MnCl2.csv
[Run 4156/508994] ✅ Saved: 20260902_1209_nist_libs_1.0_wt_CeCl3_and_3.5_wt_SrCl2_and_1.0_wt_MnCl2.csv
[Run 4157/508994] ✅ Saved: 20260902_1209_nist_libs_1.0_wt_CeCl3_and_3.5_wt_SrCl2_and_1.5_wt_MnCl2.csv
[Run 4158/508994] ✅ Saved: 20260902_1209_nist_libs_1.0_wt_CeCl3_and_3.5_wt_SrCl2_and_2.0_wt_MnCl2.csv
[Run 4159/508994] ✅ Saved: 20260902_1209_nist_libs_1.0_wt_CeCl3_and_3.5_wt_SrCl2_and_2.5_wt_MnCl2.csv
[Run 4160/508994] ✅ Saved: 20260902_1209_nist_libs_1.0_wt_CeCl3_and_3.5_wt_SrCl2_and_3.0_wt_MnCl2.csv
[Run 4161/508994] ✅ Saved: 20260902_1209_nist_libs_1.0_wt_CeCl3_and_3.5_wt_SrCl2_and_3.5_wt_MnCl2.csv
[Run 4162/508994] ✅ Saved: 20260902_1209_nist_libs_1.0_wt_CeCl3_and_3.5_wt_SrCl2_and_4.0_wt_MnCl2.csv
[Run 4163/508994] ✅ Saved: 20260902_1209_nist_libs_1.0_wt_CeCl3_and_3.5_wt_SrCl2_and_4.5_wt_MnCl2.csv
[Run 4164/508994] ✅ Saved: 20260902_1209_nist_libs_1.0_wt_CeCl3_and_3.5_wt_SrCl2_and_5.0_wt_MnCl2.csv
[Run 4165/508994] ✅ Saved: 20260902_1209_nist_libs_1.0_wt_CeCl3_and_4.0_wt_SrCl2_and_0.5_wt_MnCl2.csv
[Run 4166/508994] ✅ Saved: 20260902_1209_nist_libs_1.0_wt_CeCl3_and_4.0_wt_SrCl2_and_1.0_wt_MnCl2.csv
[Run 4167/508994] ✅ Saved: 20260902_1209_nist_libs_1.0_wt_CeCl3_and_4.0_wt_SrCl2_and_1.5_wt_MnCl2.csv
[Run 4168/508994] ✅ Saved: 20260902_1209_nist_libs_1.0_wt_CeCl3_and_4.0_wt_SrCl2_and_2.0_wt_MnCl2.csv
[Run 4169/508994] ✅ Saved: 20260902_1209_nist_libs_1.0_wt_CeCl3_and_4.0_wt_SrCl2_and_2.5_wt_MnCl2.csv
[Run 4170/508994] ✅ Saved: 20260902_1209_nist_libs_1.0_wt_CeCl3_and_4.0_wt_SrCl2_and_3.0_wt_MnCl2.csv
[Run 4171/508994] ✅ Saved: 20260902_1209_nist_libs_1.0_wt_CeCl3_and_4.0_wt_SrCl2_and_3.5_wt_MnCl2.csv
[Run 4172/508994] ✅ Saved: 20260902_1209_nist_libs_1.0_wt_CeCl3_and_4.0_wt_SrCl2_and_4.0_wt_MnCl2.csv
[Run 4174/508994] ✅ Saved: 20260902_1209_nist_libs_1.0_wt_CeCl3_and_4.0_wt_SrCl2_and_5.0_wt_MnCl2.csv
[Run 4173/508994] ✅ Saved: 20260902_1209_nist_libs_1.0_wt_CeCl3_and_4.0_wt_SrCl2_and_4.5_wt_MnCl2.csv
[Run 4175/508994] ✅ Saved: 20260902_1209_nist_libs_1.0_wt_CeCl3_and_4.5_wt_SrCl2_and_0.5_wt_MnCl2.csv
[Run 4176/508994] ✅ Saved: 20260902_1209_nist_libs_1.0_wt_CeCl3_and_4.5_wt_SrCl2_and_1.0_wt_MnCl2.csv
[Run 4177/508994] ✅ Saved: 20260902_1209_nist_libs_1.0_wt_CeCl3_and_4.5_wt_SrCl2_and_1.5_wt_MnCl2.csv
[Run 4178/508994] ✅ Saved: 20260902_1209_nist_libs_1.0_wt_CeCl3_and_4.5_wt_SrCl2_and_2.0_wt_MnCl2.csv
[Run 4180/508994] ✅ Saved: 20260902_1209_nist_libs_1.0_wt_CeCl3_and_4.5_wt_SrCl2_and_3.0_wt_MnCl2.csv
[Run 4179/508994] ✅ Saved: 20260902_1209_nist_libs_1.0_wt_CeCl3_and_4.5_wt_SrCl2_and_2.5_wt_MnCl2.csv
[Run 4181/508994] ✅ Saved: 20260902_1209_nist_libs_1.0_wt_CeCl3_and_4.5_wt_SrCl2_and_3.5_wt_MnCl2.csv
[Run 4182/508994] ✅ Saved: 20260902_1209_nist_libs_1.0_wt_CeCl3_and_4.5_wt_SrCl2_and_4.0_wt_MnCl2.csv
[Run 4183/508994] ✅ Saved: 20260902_1209_nist_libs_1.0_wt_CeCl3_and_4.5_wt_SrCl2_and_4.5_wt_MnCl2.csv
[Run 4184/508994] ✅ Saved: 20260902_1209_nist_libs_1.0_wt_CeCl3_and_4.5_wt_SrCl2_and_5.0_wt_MnCl2.csv
[Run 4185/508994] ✅ Saved: 20260902_1209_nist_libs_1.0_wt_CeCl3_and_5.0_wt_SrCl2_and_0.5_wt_MnCl2.csv
[Run 4186/508994] ✅ Saved: 20260902_1209_nist_libs_1.0_wt_CeCl3_and_5.0_wt_SrCl2_and_1.0_wt_MnCl2.csv
[Run 4187/508994] ✅ Saved: 20260902_1209_nist_libs_1.0_wt_CeCl3_and_5.0_wt_SrCl2_and_1.5_wt_MnCl2.csv
[Run 4188/508994] ✅ Saved: 20260902_1209_nist_libs_1.0_wt_CeCl3_and_5.0_wt_SrCl2_and_2.0_wt_MnCl2.csv
[Run 4189/508994] ✅ Saved: 20260902_1209_nist_libs_1.0_wt_CeCl3_and_5.0_wt_SrCl2_and_2.5_wt_MnCl2.csv
[Run 4190/508994] ✅ Saved: 20260902_1209_nist_libs_1.0_wt_CeCl3_and_5.0_wt_SrCl2_and_3.0_wt_MnCl2.csv
[Run 4191/508994] ✅ Saved: 20260902_1209_nist_libs_1.0_wt_CeCl3_and_5.0_wt_SrCl2_and_3.5_wt_MnCl2.csv
[Run 4192/508994] ✅ Saved: 20260902_1209_nist_libs_1.0_wt_CeCl3_and_5.0_wt_SrCl2_and_4.0_wt_MnCl2.csv
[Run 4193/508994] ✅ Saved: 20260902_1209_nist_libs_1.0_wt_CeCl3_and_5.0_wt_SrCl2_and_4.5_wt_MnCl2.csv
[Run 4194/508994] ✅ Saved: 20260902_1209_nist_libs_1.0_wt_CeCl3_and_5.0_wt_SrCl2_and_5.0_wt_MnCl2.csv
[Run 4195/508994] ✅ Saved: 20260902_1209_nist_libs_1.5_wt_CeCl3_and_0.5_wt_SrCl2_and_0.5_wt_MnCl2.csv
[Run 4196/508994] ✅ Saved: 20260902_1209_nist_libs_1.5_wt_CeCl3_and_0.5_wt_SrCl2_and_1.0_wt_MnCl2.csv
[Run 4197/508994] ✅ Saved: 20260902_1209_nist_libs_1.5_wt_CeCl3_and_0.5_wt_SrCl2_and_1.5_wt_MnCl2.csv
[Run 4198/508994] ✅ Saved: 20260902_1209_nist_libs_1.5_wt_CeCl3_and_0.5_wt_SrCl2_and_2.0_wt_MnCl2.csv
[Run 4199/508994] ✅ Saved: 20260902_1209_nist_libs_1.5_wt_CeCl3_and_0.5_wt_SrCl2_and_2.5_wt_MnCl2.csv
[Run 4200/508994] ✅ Saved: 20260902_1209_nist_libs_1.5_wt_CeCl3_and_0.5_wt_SrCl2_and_3.0_wt_MnCl2.csv
[Run 4202/508994] ✅ Saved: 20260902_1209_nist_libs_1.5_wt_CeCl3_and_0.5_wt_SrCl2_and_4.0_wt_MnCl2.csv
[Run 4201/508994] ✅ Saved: 20260902_1209_nist_libs_1.5_wt_CeCl3_and_0.5_wt_SrCl2_and_3.5_wt_MnCl2.csv
[Run 4203/508994] ✅ Saved: 20260902_1209_nist_libs_1.5_wt_CeCl3_and_0.5_wt_SrCl2_and_4.5_wt_MnCl2.csv
[Run 4204/508994] ✅ Saved: 20260902_1209_nist_libs_1.5_wt_CeCl3_and_0.5_wt_SrCl2_and_5.0_wt_MnCl2.csv
[Run 4206/508994] ✅ Saved: 20260902_1209_nist_libs_1.5_wt_CeCl3_and_1.0_wt_SrCl2_and_1.0_wt_MnCl2.csv
[Run 4205/508994] ✅ Saved: 20260902_1209_nist_libs_1.5_wt_CeCl3_and_1.0_wt_SrCl2_and_0.5_wt_MnCl2.csv
[Run 4207/508994] ✅ Saved: 20260902_1209_nist_libs_1.5_wt_CeCl3_and_1.0_wt_SrCl2_and_1.5_wt_MnCl2.csv
[Run 4208/508994] ✅ Saved: 20260902_1209_nist_libs_1.5_wt_CeCl3_and_1.0_wt_SrCl2_and_2.0_wt_MnCl2.csv
[Run 4209/508994] ✅ Saved: 20260902_1209_nist_libs_1.5_wt_CeCl3_and_1.0_wt_SrCl2_and_2.5_wt_MnCl2.csv
[Run 4210/508994] ✅ Saved: 20260902_1209_nist_libs_1.5_wt_CeCl3_and_1.0_wt_SrCl2_and_3.0_wt_MnCl2.csv
[Run 4211/508994] ✅ Saved: 20260902_1209_nist_libs_1.5_wt_CeCl3_and_1.0_wt_SrCl2_and_3.5_wt_MnCl2.csv
[Run 4212/508994] ✅ Saved: 20260902_1209_nist_libs_1.5_wt_CeCl3_and_1.0_wt_SrCl2_and_4.0_wt_MnCl2.csv
[Run 4213/508994] ✅ Saved: 20260902_1209_nist_libs_1.5_wt_CeCl3_and_1.0_wt_SrCl2_and_4.5_wt_MnCl2.csv
[Run 4214/508994] ✅ Saved: 20260902_1209_nist_libs_1.5_wt_CeCl3_and_1.0_wt_SrCl2_and_5.0_wt_MnCl2.csv
[Run 4215/508994] ✅ Saved: 20260902_1209_nist_libs_1.5_wt_CeCl3_and_1.5_wt_SrCl2_and_0.5_wt_MnCl2.csv
[Run 4216/508994] ✅ Saved: 20260902_1209_nist_libs_1.5_wt_CeCl3_and_1.5_wt_SrCl2_and_1.0_wt_MnCl2.csv
[Run 4217/508994] ✅ Saved: 20260902_1209_nist_libs_1.5_wt_CeCl3_and_1.5_wt_SrCl2_and_1.5_wt_MnCl2.csv
[Run 4218/508994] ✅ Saved: 20260902_1209_nist_libs_1.5_wt_CeCl3_and_1.5_wt_SrCl2_and_2.0_wt_MnCl2.csv
[Run 4219/508994] ✅ Saved: 20260902_1209_nist_libs_1.5_wt_CeCl3_and_1.5_wt_SrCl2_and_2.5_wt_MnCl2.csv
[Run 4220/508994] ✅ Saved: 20260902_1209_nist_libs_1.5_wt_CeCl3_and_1.5_wt_SrCl2_and_3.0_wt_MnCl2.csv
[Run 4221/508994] ✅ Saved: 20260902_1209_nist_libs_1.5_wt_CeCl3_and_1.5_wt_SrCl2_and_3.5_wt_MnCl2.csv
[Run 4222/508994] ✅ Saved: 20260902_1209_nist_libs_1.5_wt_CeCl3_and_1.5_wt_SrCl2_and_4.0_wt_MnCl2.csv
[Run 4224/508994] ✅ Saved: 20260902_1209_nist_libs_1.5_wt_CeCl3_and_1.5_wt_SrCl2_and_5.0_wt_MnCl2.csv
[Run 4223/508994] ✅ Saved: 20260902_1209_nist_libs_1.5_wt_CeCl3_and_1.5_wt_SrCl2_and_4.5_wt_MnCl2.csv
[Run 4225/508994] ✅ Saved: 20260902_1209_nist_libs_1.5_wt_CeCl3_and_2.0_wt_SrCl2_and_0.5_wt_MnCl2.csv
[Run 4226/508994] ✅ Saved: 20260902_1209_nist_libs_1.5_wt_CeCl3_and_2.0_wt_SrCl2_and_1.0_wt_MnCl2.csv
[Run 4227/508994] ✅ Saved: 20260902_1209_nist_libs_1.5_wt_CeCl3_and_2.0_wt_SrCl2_and_1.5_wt_MnCl2.csv
[Run 4228/508994] ✅ Saved: 20260902_1209_nist_libs_1.5_wt_CeCl3_and_2.0_wt_SrCl2_and_2.0_wt_MnCl2.csv
[Run 4230/508994] ✅ Saved: 20260902_1209_nist_libs_1.5_wt_CeCl3_and_2.0_wt_SrCl2_and_3.0_wt_MnCl2.csv
[Run 4229/508994] ✅ Saved: 20260902_1209_nist_libs_1.5_wt_CeCl3_and_2.0_wt_SrCl2_and_2.5_wt_MnCl2.csv
[Run 4231/508994] ✅ Saved: 20260902_1209_nist_libs_1.5_wt_CeCl3_and_2.0_wt_SrCl2_and_3.5_wt_MnCl2.csv
[Run 4232/508994] ✅ Saved: 20260902_1209_nist_libs_1.5_wt_CeCl3_and_2.0_wt_SrCl2_and_4.0_wt_MnCl2.csv
[Run 4233/508994] ✅ Saved: 20260902_1209_nist_libs_1.5_wt_CeCl3_and_2.0_wt_SrCl2_and_4.5_wt_MnCl2.csv
[Run 4234/508994] ✅ Saved: 20260902_1209_nist_libs_1.5_wt_CeCl3_and_2.0_wt_SrCl2_and_5.0_wt_MnCl2.csv
[Run 4235/508994] ✅ Saved: 20260902_1209_nist_libs_1.5_wt_CeCl3_and_2.5_wt_SrCl2_and_0.5_wt_MnCl2.csv
[Run 4236/508994] ✅ Saved: 20260902_1209_nist_libs_1.5_wt_CeCl3_and_2.5_wt_SrCl2_and_1.0_wt_MnCl2.csv
[Run 4237/508994] ✅ Saved: 20260902_1209_nist_libs_1.5_wt_CeCl3_and_2.5_wt_SrCl2_and_1.5_wt_MnCl2.csv
[Run 4238/508994] ✅ Saved: 20260902_1209_nist_libs_1.5_wt_CeCl3_and_2.5_wt_SrCl2_and_2.0_wt_MnCl2.csv
[Run 4239/508994] ✅ Saved: 20260902_1209_nist_libs_1.5_wt_CeCl3_and_2.5_wt_SrCl2_and_2.5_wt_MnCl2.csv
[Run 4240/508994] ✅ Saved: 20260902_1209_nist_libs_1.5_wt_CeCl3_and_2.5_wt_SrCl2_and_3.0_wt_MnCl2.csv
[Run 4241/508994] ✅ Saved: 20260902_1209_nist_libs_1.5_wt_CeCl3_and_2.5_wt_SrCl2_and_3.5_wt_MnCl2.csv
[Run 4242/508994] ✅ Saved: 20260902_1209_nist_libs_1.5_wt_CeCl3_and_2.5_wt_SrCl2_and_4.0_wt_MnCl2.csv
[Run 4243/508994] ✅ Saved: 20260902_1209_nist_libs_1.5_wt_CeCl3_and_2.5_wt_SrCl2_and_4.5_wt_MnCl2.csv
[Run 4244/508994] ✅ Saved: 20260902_1209_nist_libs_1.5_wt_CeCl3_and_2.5_wt_SrCl2_and_5.0_wt_MnCl2.csv
[Run 4245/508994] ✅ Saved: 20260902_1209_nist_libs_1.5_wt_CeCl3_and_3.0_wt_SrCl2_and_0.5_wt_MnCl2.csv
[Run 4246/508994] ✅ Saved: 20260902_1209_nist_libs_1.5_wt_CeCl3_and_3.0_wt_SrCl2_and_1.0_wt_MnCl2.csv
[Run 4247/508994] ✅ Saved: 20260902_1209_nist_libs_1.5_wt_CeCl3_and_3.0_wt_SrCl2_and_1.5_wt_MnCl2.csv
[Run 4248/508994] ✅ Saved: 20260902_1209_nist_libs_1.5_wt_CeCl3_and_3.0_wt_SrCl2_and_2.0_wt_MnCl2.csv
[Run 4249/508994] ✅ Saved: 20260902_1209_nist_libs_1.5_wt_CeCl3_and_3.0_wt_SrCl2_and_2.5_wt_MnCl2.csv
[Run 4250/508994] ✅ Saved: 20260902_1209_nist_libs_1.5_wt_CeCl3_and_3.0_wt_SrCl2_and_3.0_wt_MnCl2.csv
[Run 4251/508994] ✅ Saved: 20260902_1209_nist_libs_1.5_wt_CeCl3_and_3.0_wt_SrCl2_and_3.5_wt_MnCl2.csv
[Run 4252/508994] ✅ Saved: 20260902_1209_nist_libs_1.5_wt_CeCl3_and_3.0_wt_SrCl2_and_4.0_wt_MnCl2.csv
[Run 4253/508994] ✅ Saved: 20260902_1209_nist_libs_1.5_wt_CeCl3_and_3.0_wt_SrCl2_and_4.5_wt_MnCl2.csv
[Run 4254/508994] ✅ Saved: 20260902_1209_nist_libs_1.5_wt_CeCl3_and_3.0_wt_SrCl2_and_5.0_wt_MnCl2.csv
[Run 4255/508994] ✅ Saved: 20260902_1209_nist_libs_1.5_wt_CeCl3_and_3.5_wt_SrCl2_and_0.5_wt_MnCl2.csv
[Run 4256/508994] ✅ Saved: 20260902_1209_nist_libs_1.5_wt_CeCl3_and_3.5_wt_SrCl2_and_1.0_wt_MnCl2.csv
[Run 4257/508994] ✅ Saved: 20260902_1209_nist_libs_1.5_wt_CeCl3_and_3.5_wt_SrCl2_and_1.5_wt_MnCl2.csv
[Run 4258/508994] ✅ Saved: 20260902_1209_nist_libs_1.5_wt_CeCl3_and_3.5_wt_SrCl2_and_2.0_wt_MnCl2.csv
[Run 4259/508994] ✅ Saved: 20260902_1209_nist_libs_1.5_wt_CeCl3_and_3.5_wt_SrCl2_and_2.5_wt_MnCl2.csv
[Run 4260/508994] ✅ Saved: 20260902_1209_nist_libs_1.5_wt_CeCl3_and_3.5_wt_SrCl2_and_3.0_wt_MnCl2.csv
[Run 4261/508994] ✅ Saved: 20260902_1209_nist_libs_1.5_wt_CeCl3_and_3.5_wt_SrCl2_and_3.5_wt_MnCl2.csv
[Run 4262/508994] ✅ Saved: 20260902_1209_nist_libs_1.5_wt_CeCl3_and_3.5_wt_SrCl2_and_4.0_wt_MnCl2.csv
[Run 4263/508994] ✅ Saved: 20260902_1209_nist_libs_1.5_wt_CeCl3_and_3.5_wt_SrCl2_and_4.5_wt_MnCl2.csv
[Run 4264/508994] ✅ Saved: 20260902_1209_nist_libs_1.5_wt_CeCl3_and_3.5_wt_SrCl2_and_5.0_wt_MnCl2.csv
[Run 4265/508994] ✅ Saved: 20260902_1209_nist_libs_1.5_wt_CeCl3_and_4.0_wt_SrCl2_and_0.5_wt_MnCl2.csv
[Run 4266/508994] ✅ Saved: 20260902_1209_nist_libs_1.5_wt_CeCl3_and_4.0_wt_SrCl2_and_1.0_wt_MnCl2.csv
[Run 4267/508994] ✅ Saved: 20260902_1209_nist_libs_1.5_wt_CeCl3_and_4.0_wt_SrCl2_and_1.5_wt_MnCl2.csv
[Run 4268/508994] ✅ Saved: 20260902_1209_nist_libs_1.5_wt_CeCl3_and_4.0_wt_SrCl2_and_2.0_wt_MnCl2.csv
[Run 4269/508994] ✅ Saved: 20260902_1209_nist_libs_1.5_wt_CeCl3_and_4.0_wt_SrCl2_and_2.5_wt_MnCl2.csv
[Run 4270/508994] ✅ Saved: 20260902_1209_nist_libs_1.5_wt_CeCl3_and_4.0_wt_SrCl2_and_3.0_wt_MnCl2.csv
[Run 4272/508994] ✅ Saved: 20260902_1209_nist_libs_1.5_wt_CeCl3_and_4.0_wt_SrCl2_and_4.0_wt_MnCl2.csv
[Run 4271/508994] ✅ Saved: 20260902_1209_nist_libs_1.5_wt_CeCl3_and_4.0_wt_SrCl2_and_3.5_wt_MnCl2.csv
[Run 4273/508994] ✅ Saved: 20260902_1209_nist_libs_1.5_wt_CeCl3_and_4.0_wt_SrCl2_and_4.5_wt_MnCl2.csv
[Run 4274/508994] ✅ Saved: 20260902_1209_nist_libs_1.5_wt_CeCl3_and_4.0_wt_SrCl2_and_5.0_wt_MnCl2.csv
[Run 4275/508994] ✅ Saved: 20260902_1209_nist_libs_1.5_wt_CeCl3_and_4.5_wt_SrCl2_and_0.5_wt_MnCl2.csv
[Run 4276/508994] ✅ Saved: 20260902_1209_nist_libs_1.5_wt_CeCl3_and_4.5_wt_SrCl2_and_1.0_wt_MnCl2.csv
[Run 4277/508994] ✅ Saved: 20260902_1209_nist_libs_1.5_wt_CeCl3_and_4.5_wt_SrCl2_and_1.5_wt_MnCl2.csv
[Run 4278/508994] ✅ Saved: 20260902_1209_nist_libs_1.5_wt_CeCl3_and_4.5_wt_SrCl2_and_2.0_wt_MnCl2.csv
[Run 4279/508994] ✅ Saved: 20260902_1209_nist_libs_1.5_wt_CeCl3_and_4.5_wt_SrCl2_and_2.5_wt_MnCl2.csv
[Run 4280/508994] ✅ Saved: 20260902_1209_nist_libs_1.5_wt_CeCl3_and_4.5_wt_SrCl2_and_3.0_wt_MnCl2.csv
[Run 4281/508994] ✅ Saved: 20260902_1209_nist_libs_1.5_wt_CeCl3_and_4.5_wt_SrCl2_and_3.5_wt_MnCl2.csv
[Run 4282/508994] ✅ Saved: 20260902_1209_nist_libs_1.5_wt_CeCl3_and_4.5_wt_SrCl2_and_4.0_wt_MnCl2.csv
[Run 4283/508994] ✅ Saved: 20260902_1209_nist_libs_1.5_wt_CeCl3_and_4.5_wt_SrCl2_and_4.5_wt_MnCl2.csv
[Run 4284/508994] ✅ Saved: 20260902_1209_nist_libs_1.5_wt_CeCl3_and_4.5_wt_SrCl2_and_5.0_wt_MnCl2.csv
[Run 4285/508994] ✅ Saved: 20260902_1209_nist_libs_1.5_wt_CeCl3_and_5.0_wt_SrCl2_and_0.5_wt_MnCl2.csv
[Run 4286/508994] ✅ Saved: 20260902_1209_nist_libs_1.5_wt_CeCl3_and_5.0_wt_SrCl2_and_1.0_wt_MnCl2.csv
[Run 4287/508994] ✅ Saved: 20260902_1209_nist_libs_1.5_wt_CeCl3_and_5.0_wt_SrCl2_and_1.5_wt_MnCl2.csv
[Run 4288/508994] ✅ Saved: 20260902_1209_nist_libs_1.5_wt_CeCl3_and_5.0_wt_SrCl2_and_2.0_wt_MnCl2.csv
[Run 4290/508994] ✅ Saved: 20260902_1209_nist_libs_1.5_wt_CeCl3_and_5.0_wt_SrCl2_and_3.0_wt_MnCl2.csv
[Run 4289/508994] ✅ Saved: 20260902_1209_nist_libs_1.5_wt_CeCl3_and_5.0_wt_SrCl2_and_2.5_wt_MnCl2.csv
[Run 4291/508994] ✅ Saved: 20260902_1209_nist_libs_1.5_wt_CeCl3_and_5.0_wt_SrCl2_and_3.5_wt_MnCl2.csv
[Run 4292/508994] ✅ Saved: 20260902_1209_nist_libs_1.5_wt_CeCl3_and_5.0_wt_SrCl2_and_4.0_wt_MnCl2.csv
[Run 4293/508994] ✅ Saved: 20260902_1209_nist_libs_1.5_wt_CeCl3_and_5.0_wt_SrCl2_and_4.5_wt_MnCl2.csv
[Run 4294/508994] ✅ Saved: 20260902_1209_nist_libs_1.5_wt_CeCl3_and_5.0_wt_SrCl2_and_5.0_wt_MnCl2.csv
[Run 4295/508994] ✅ Saved: 20260902_1209_nist_libs_2.0_wt_CeCl3_and_0.5_wt_SrCl2_and_0.5_wt_MnCl2.csv
[Run 4296/508994] ✅ Saved: 20260902_1209_nist_libs_2.0_wt_CeCl3_and_0.5_wt_SrCl2_and_1.0_wt_MnCl2.csv
[Run 4297/508994] ✅ Saved: 20260902_1209_nist_libs_2.0_wt_CeCl3_and_0.5_wt_SrCl2_and_1.5_wt_MnCl2.csv
[Run 4298/508994] ✅ Saved: 20260902_1209_nist_libs_2.0_wt_CeCl3_and_0.5_wt_SrCl2_and_2.0_wt_MnCl2.csv
[Run 4299/508994] ✅ Saved: 20260902_1209_nist_libs_2.0_wt_CeCl3_and_0.5_wt_SrCl2_and_2.5_wt_MnCl2.csv
[Run 4300/508994] ✅ Saved: 20260902_1209_nist_libs_2.0_wt_CeCl3_and_0.5_wt_SrCl2_and_3.0_wt_MnCl2.csv
[Run 4301/508994] ✅ Saved: 20260902_1209_nist_libs_2.0_wt_CeCl3_and_0.5_wt_SrCl2_and_3.5_wt_MnCl2.csv
[Run 4302/508994] ✅ Saved: 20260902_1209_nist_libs_2.0_wt_CeCl3_and_0.5_wt_SrCl2_and_4.0_wt_MnCl2.csv
[Run 4303/508994] ✅ Saved: 20260902_1209_nist_libs_2.0_wt_CeCl3_and_0.5_wt_SrCl2_and_4.5_wt_MnCl2.csv
[Run 4304/508994] ✅ Saved: 20260902_1209_nist_libs_2.0_wt_CeCl3_and_0.5_wt_SrCl2_and_5.0_wt_MnCl2.csv
[Run 4305/508994] ✅ Saved: 20260902_1209_nist_libs_2.0_wt_CeCl3_and_1.0_wt_SrCl2_and_0.5_wt_MnCl2.csv
[Run 4306/508994] ✅ Saved: 20260902_1209_nist_libs_2.0_wt_CeCl3_and_1.0_wt_SrCl2_and_1.0_wt_MnCl2.csv
[Run 4307/508994] ✅ Saved: 20260902_1209_nist_libs_2.0_wt_CeCl3_and_1.0_wt_SrCl2_and_1.5_wt_MnCl2.csv
[Run 4308/508994] ✅ Saved: 20260902_1209_nist_libs_2.0_wt_CeCl3_and_1.0_wt_SrCl2_and_2.0_wt_MnCl2.csv
[Run 4309/508994] ✅ Saved: 20260902_1209_nist_libs_2.0_wt_CeCl3_and_1.0_wt_SrCl2_and_2.5_wt_MnCl2.csv
[Run 4311/508994] ✅ Saved: 20260902_1209_nist_libs_2.0_wt_CeCl3_and_1.0_wt_SrCl2_and_3.5_wt_MnCl2.csv
[Run 4310/508994] ✅ Saved: 20260902_1209_nist_libs_2.0_wt_CeCl3_and_1.0_wt_SrCl2_and_3.0_wt_MnCl2.csv
[Run 4312/508994] ✅ Saved: 20260902_1209_nist_libs_2.0_wt_CeCl3_and_1.0_wt_SrCl2_and_4.0_wt_MnCl2.csv
[Run 4313/508994] ✅ Saved: 20260902_1209_nist_libs_2.0_wt_CeCl3_and_1.0_wt_SrCl2_and_4.5_wt_MnCl2.csv
[Run 4315/508994] ✅ Saved: 20260902_1209_nist_libs_2.0_wt_CeCl3_and_1.5_wt_SrCl2_and_0.5_wt_MnCl2.csv
[Run 4314/508994] ✅ Saved: 20260902_1209_nist_libs_2.0_wt_CeCl3_and_1.0_wt_SrCl2_and_5.0_wt_MnCl2.csv
[Run 4316/508994] ✅ Saved: 20260902_1209_nist_libs_2.0_wt_CeCl3_and_1.5_wt_SrCl2_and_1.0_wt_MnCl2.csv
[Run 4317/508994] ✅ Saved: 20260902_1209_nist_libs_2.0_wt_CeCl3_and_1.5_wt_SrCl2_and_1.5_wt_MnCl2.csv
[Run 4318/508994] ✅ Saved: 20260902_1209_nist_libs_2.0_wt_CeCl3_and_1.5_wt_SrCl2_and_2.0_wt_MnCl2.csv
[Run 4319/508994] ✅ Saved: 20260902_1209_nist_libs_2.0_wt_CeCl3_and_1.5_wt_SrCl2_and_2.5_wt_MnCl2.csv
[Run 4320/508994] ✅ Saved: 20260902_1209_nist_libs_2.0_wt_CeCl3_and_1.5_wt_SrCl2_and_3.0_wt_MnCl2.csv
[Run 4321/508994] ✅ Saved: 20260902_1209_nist_libs_2.0_wt_CeCl3_and_1.5_wt_SrCl2_and_3.5_wt_MnCl2.csv
[Run 4322/508994] ✅ Saved: 20260902_1209_nist_libs_2.0_wt_CeCl3_and_1.5_wt_SrCl2_and_4.0_wt_MnCl2.csv
[Run 4323/508994] ✅ Saved: 20260902_1209_nist_libs_2.0_wt_CeCl3_and_1.5_wt_SrCl2_and_4.5_wt_MnCl2.csv
[Run 4324/508994] ✅ Saved: 20260902_1209_nist_libs_2.0_wt_CeCl3_and_1.5_wt_SrCl2_and_5.0_wt_MnCl2.csv
[Run 4325/508994] ✅ Saved: 20260902_1209_nist_libs_2.0_wt_CeCl3_and_2.0_wt_SrCl2_and_0.5_wt_MnCl2.csv
[Run 4326/508994] ✅ Saved: 20260902_1209_nist_libs_2.0_wt_CeCl3_and_2.0_wt_SrCl2_and_1.0_wt_MnCl2.csv
[Run 4327/508994] ✅ Saved: 20260902_1209_nist_libs_2.0_wt_CeCl3_and_2.0_wt_SrCl2_and_1.5_wt_MnCl2.csv
[Run 4328/508994] ✅ Saved: 20260902_1209_nist_libs_2.0_wt_CeCl3_and_2.0_wt_SrCl2_and_2.0_wt_MnCl2.csv
[Run 4329/508994] ✅ Saved: 20260902_1209_nist_libs_2.0_wt_CeCl3_and_2.0_wt_SrCl2_and_2.5_wt_MnCl2.csv
[Run 4330/508994] ✅ Saved: 20260902_1209_nist_libs_2.0_wt_CeCl3_and_2.0_wt_SrCl2_and_3.0_wt_MnCl2.csv
[Run 4331/508994] ✅ Saved: 20260902_1209_nist_libs_2.0_wt_CeCl3_and_2.0_wt_SrCl2_and_3.5_wt_MnCl2.csv
[Run 4332/508994] ✅ Saved: 20260902_1209_nist_libs_2.0_wt_CeCl3_and_2.0_wt_SrCl2_and_4.0_wt_MnCl2.csv
[Run 4333/508994] ✅ Saved: 20260902_1209_nist_libs_2.0_wt_CeCl3_and_2.0_wt_SrCl2_and_4.5_wt_MnCl2.csv
[Run 4334/508994] ✅ Saved: 20260902_1209_nist_libs_2.0_wt_CeCl3_and_2.0_wt_SrCl2_and_5.0_wt_MnCl2.csv
[Run 4335/508994] ✅ Saved: 20260902_1209_nist_libs_2.0_wt_CeCl3_and_2.5_wt_SrCl2_and_0.5_wt_MnCl2.csv
[Run 4336/508994] ✅ Saved: 20260902_1209_nist_libs_2.0_wt_CeCl3_and_2.5_wt_SrCl2_and_1.0_wt_MnCl2.csv
[Run 4337/508994] ✅ Saved: 20260902_1209_nist_libs_2.0_wt_CeCl3_and_2.5_wt_SrCl2_and_1.5_wt_MnCl2.csv
[Run 4338/508994] ✅ Saved: 20260902_1209_nist_libs_2.0_wt_CeCl3_and_2.5_wt_SrCl2_and_2.0_wt_MnCl2.csv
[Run 4339/508994] ✅ Saved: 20260902_1209_nist_libs_2.0_wt_CeCl3_and_2.5_wt_SrCl2_and_2.5_wt_MnCl2.csv
[Run 4340/508994] ✅ Saved: 20260902_1209_nist_libs_2.0_wt_CeCl3_and_2.5_wt_SrCl2_and_3.0_wt_MnCl2.csv
[Run 4341/508994] ✅ Saved: 20260902_1209_nist_libs_2.0_wt_CeCl3_and_2.5_wt_SrCl2_and_3.5_wt_MnCl2.csv
[Run 4342/508994] ✅ Saved: 20260902_1209_nist_libs_2.0_wt_CeCl3_and_2.5_wt_SrCl2_and_4.0_wt_MnCl2.csv
[Run 4343/508994] ✅ Saved: 20260902_1209_nist_libs_2.0_wt_CeCl3_and_2.5_wt_SrCl2_and_4.5_wt_MnCl2.csv
[Run 4344/508994] ✅ Saved: 20260902_1209_nist_libs_2.0_wt_CeCl3_and_2.5_wt_SrCl2_and_5.0_wt_MnCl2.csv
[Run 4345/508994] ✅ Saved: 20260902_1209_nist_libs_2.0_wt_CeCl3_and_3.0_wt_SrCl2_and_0.5_wt_MnCl2.csv
[Run 4346/508994] ✅ Saved: 20260902_1209_nist_libs_2.0_wt_CeCl3_and_3.0_wt_SrCl2_and_1.0_wt_MnCl2.csv
[Run 4347/508994] ✅ Saved: 20260902_1209_nist_libs_2.0_wt_CeCl3_and_3.0_wt_SrCl2_and_1.5_wt_MnCl2.csv
[Run 4349/508994] ✅ Saved: 20260902_1209_nist_libs_2.0_wt_CeCl3_and_3.0_wt_SrCl2_and_2.5_wt_MnCl2.csv
[Run 4348/508994] ✅ Saved: 20260902_1209_nist_libs_2.0_wt_CeCl3_and_3.0_wt_SrCl2_and_2.0_wt_MnCl2.csv
[Run 4351/508994] ✅ Saved: 20260902_1209_nist_libs_2.0_wt_CeCl3_and_3.0_wt_SrCl2_and_3.5_wt_MnCl2.csv
[Run 4350/508994] ✅ Saved: 20260902_1209_nist_libs_2.0_wt_CeCl3_and_3.0_wt_SrCl2_and_3.0_wt_MnCl2.csv
[Run 4353/508994] ✅ Saved: 20260902_1209_nist_libs_2.0_wt_CeCl3_and_3.0_wt_SrCl2_and_4.5_wt_MnCl2.csv
[Run 4352/508994] ✅ Saved: 20260902_1209_nist_libs_2.0_wt_CeCl3_and_3.0_wt_SrCl2_and_4.0_wt_MnCl2.csv
[Run 4354/508994] ✅ Saved: 20260902_1209_nist_libs_2.0_wt_CeCl3_and_3.0_wt_SrCl2_and_5.0_wt_MnCl2.csv
[Run 4355/508994] ✅ Saved: 20260902_1209_nist_libs_2.0_wt_CeCl3_and_3.5_wt_SrCl2_and_0.5_wt_MnCl2.csv
[Run 4356/508994] ✅ Saved: 20260902_1209_nist_libs_2.0_wt_CeCl3_and_3.5_wt_SrCl2_and_1.0_wt_MnCl2.csv
[Run 4357/508994] ✅ Saved: 20260902_1209_nist_libs_2.0_wt_CeCl3_and_3.5_wt_SrCl2_and_1.5_wt_MnCl2.csv
[Run 4358/508994] ✅ Saved: 20260902_1209_nist_libs_2.0_wt_CeCl3_and_3.5_wt_SrCl2_and_2.0_wt_MnCl2.csv
[Run 4359/508994] ✅ Saved: 20260902_1209_nist_libs_2.0_wt_CeCl3_and_3.5_wt_SrCl2_and_2.5_wt_MnCl2.csv
[Run 4360/508994] ✅ Saved: 20260902_1209_nist_libs_2.0_wt_CeCl3_and_3.5_wt_SrCl2_and_3.0_wt_MnCl2.csv
[Run 4361/508994] ✅ Saved: 20260902_1209_nist_libs_2.0_wt_CeCl3_and_3.5_wt_SrCl2_and_3.5_wt_MnCl2.csv
[Run 4362/508994] ✅ Saved: 20260902_1209_nist_libs_2.0_wt_CeCl3_and_3.5_wt_SrCl2_and_4.0_wt_MnCl2.csv
[Run 4363/508994] ✅ Saved: 20260902_1209_nist_libs_2.0_wt_CeCl3_and_3.5_wt_SrCl2_and_4.5_wt_MnCl2.csv
[Run 4364/508994] ✅ Saved: 20260902_1209_nist_libs_2.0_wt_CeCl3_and_3.5_wt_SrCl2_and_5.0_wt_MnCl2.csv
[Run 4365/508994] ✅ Saved: 20260902_1209_nist_libs_2.0_wt_CeCl3_and_4.0_wt_SrCl2_and_0.5_wt_MnCl2.csv
[Run 4366/508994] ✅ Saved: 20260902_1209_nist_libs_2.0_wt_CeCl3_and_4.0_wt_SrCl2_and_1.0_wt_MnCl2.csv
[Run 4367/508994] ✅ Saved: 20260902_1209_nist_libs_2.0_wt_CeCl3_and_4.0_wt_SrCl2_and_1.5_wt_MnCl2.csv
[Run 4368/508994] ✅ Saved: 20260902_1209_nist_libs_2.0_wt_CeCl3_and_4.0_wt_SrCl2_and_2.0_wt_MnCl2.csv
[Run 4369/508994] ✅ Saved: 20260902_1209_nist_libs_2.0_wt_CeCl3_and_4.0_wt_SrCl2_and_2.5_wt_MnCl2.csv
[Run 4371/508994] ✅ Saved: 20260902_1209_nist_libs_2.0_wt_CeCl3_and_4.0_wt_SrCl2_and_3.5_wt_MnCl2.csv
[Run 4370/508994] ✅ Saved: 20260902_1209_nist_libs_2.0_wt_CeCl3_and_4.0_wt_SrCl2_and_3.0_wt_MnCl2.csv
[Run 4373/508994] ✅ Saved: 20260902_1209_nist_libs_2.0_wt_CeCl3_and_4.0_wt_SrCl2_and_4.5_wt_MnCl2.csv
[Run 4372/508994] ✅ Saved: 20260902_1209_nist_libs_2.0_wt_CeCl3_and_4.0_wt_SrCl2_and_4.0_wt_MnCl2.csv
[Run 4374/508994] ✅ Saved: 20260902_1209_nist_libs_2.0_wt_CeCl3_and_4.0_wt_SrCl2_and_5.0_wt_MnCl2.csv
[Run 4375/508994] ✅ Saved: 20260902_1209_nist_libs_2.0_wt_CeCl3_and_4.5_wt_SrCl2_and_0.5_wt_MnCl2.csv
[Run 4376/508994] ✅ Saved: 20260902_1209_nist_libs_2.0_wt_CeCl3_and_4.5_wt_SrCl2_and_1.0_wt_MnCl2.csv
[Run 4377/508994] ✅ Saved: 20260902_1209_nist_libs_2.0_wt_CeCl3_and_4.5_wt_SrCl2_and_1.5_wt_MnCl2.csv
[Run 4378/508994] ✅ Saved: 20260902_1209_nist_libs_2.0_wt_CeCl3_and_4.5_wt_SrCl2_and_2.0_wt_MnCl2.csv
[Run 4379/508994] ✅ Saved: 20260902_1209_nist_libs_2.0_wt_CeCl3_and_4.5_wt_SrCl2_and_2.5_wt_MnCl2.csv
[Run 4381/508994] ✅ Saved: 20260902_1209_nist_libs_2.0_wt_CeCl3_and_4.5_wt_SrCl2_and_3.5_wt_MnCl2.csv
[Run 4380/508994] ✅ Saved: 20260902_1209_nist_libs_2.0_wt_CeCl3_and_4.5_wt_SrCl2_and_3.0_wt_MnCl2.csv
[Run 4382/508994] ✅ Saved: 20260902_1209_nist_libs_2.0_wt_CeCl3_and_4.5_wt_SrCl2_and_4.0_wt_MnCl2.csv
[Run 4383/508994] ✅ Saved: 20260902_1209_nist_libs_2.0_wt_CeCl3_and_4.5_wt_SrCl2_and_4.5_wt_MnCl2.csv
[Run 4385/508994] ✅ Saved: 20260902_1209_nist_libs_2.0_wt_CeCl3_and_5.0_wt_SrCl2_and_0.5_wt_MnCl2.csv
[Run 4384/508994] ✅ Saved: 20260902_1209_nist_libs_2.0_wt_CeCl3_and_4.5_wt_SrCl2_and_5.0_wt_MnCl2.csv
[Run 4386/508994] ✅ Saved: 20260902_1209_nist_libs_2.0_wt_CeCl3_and_5.0_wt_SrCl2_and_1.0_wt_MnCl2.csv
[Run 4387/508994] ✅ Saved: 20260902_1209_nist_libs_2.0_wt_CeCl3_and_5.0_wt_SrCl2_and_1.5_wt_MnCl2.csv
[Run 4388/508994] ✅ Saved: 20260902_1209_nist_libs_2.0_wt_CeCl3_and_5.0_wt_SrCl2_and_2.0_wt_MnCl2.csv
[Run 4389/508994] ✅ Saved: 20260902_1209_nist_libs_2.0_wt_CeCl3_and_5.0_wt_SrCl2_and_2.5_wt_MnCl2.csv
[Run 4390/508994] ✅ Saved: 20260902_1209_nist_libs_2.0_wt_CeCl3_and_5.0_wt_SrCl2_and_3.0_wt_MnCl2.csv
[Run 4391/508994] ✅ Saved: 20260902_1209_nist_libs_2.0_wt_CeCl3_and_5.0_wt_SrCl2_and_3.5_wt_MnCl2.csv
[Run 4393/508994] ✅ Saved: 20260902_1209_nist_libs_2.0_wt_CeCl3_and_5.0_wt_SrCl2_and_4.5_wt_MnCl2.csv
[Run 4392/508994] ✅ Saved: 20260902_1209_nist_libs_2.0_wt_CeCl3_and_5.0_wt_SrCl2_and_4.0_wt_MnCl2.csv
[Run 4394/508994] ✅ Saved: 20260902_1209_nist_libs_2.0_wt_CeCl3_and_5.0_wt_SrCl2_and_5.0_wt_MnCl2.csv
[Run 4395/508994] ✅ Saved: 20260902_1209_nist_libs_2.5_wt_CeCl3_and_0.5_wt_SrCl2_and_0.5_wt_MnCl2.csv
[Run 4396/508994] ✅ Saved: 20260902_1209_nist_libs_2.5_wt_CeCl3_and_0.5_wt_SrCl2_and_1.0_wt_MnCl2.csv
[Run 4397/508994] ✅ Saved: 20260902_1209_nist_libs_2.5_wt_CeCl3_and_0.5_wt_SrCl2_and_1.5_wt_MnCl2.csv
[Run 4398/508994] ✅ Saved: 20260902_1209_nist_libs_2.5_wt_CeCl3_and_0.5_wt_SrCl2_and_2.0_wt_MnCl2.csv
[Run 4399/508994] ✅ Saved: 20260902_1209_nist_libs_2.5_wt_CeCl3_and_0.5_wt_SrCl2_and_2.5_wt_MnCl2.csv
[Run 4400/508994] ✅ Saved: 20260902_1209_nist_libs_2.5_wt_CeCl3_and_0.5_wt_SrCl2_and_3.0_wt_MnCl2.csv
[Run 4401/508994] ✅ Saved: 20260902_1209_nist_libs_2.5_wt_CeCl3_and_0.5_wt_SrCl2_and_3.5_wt_MnCl2.csv
[Run 4402/508994] ✅ Saved: 20260902_1209_nist_libs_2.5_wt_CeCl3_and_0.5_wt_SrCl2_and_4.0_wt_MnCl2.csv
[Run 4403/508994] ✅ Saved: 20260902_1209_nist_libs_2.5_wt_CeCl3_and_0.5_wt_SrCl2_and_4.5_wt_MnCl2.csv
[Run 4404/508994] ✅ Saved: 20260902_1209_nist_libs_2.5_wt_CeCl3_and_0.5_wt_SrCl2_and_5.0_wt_MnCl2.csv
[Run 4405/508994] ✅ Saved: 20260902_1209_nist_libs_2.5_wt_CeCl3_and_1.0_wt_SrCl2_and_0.5_wt_MnCl2.csv
[Run 4406/508994] ✅ Saved: 20260902_1209_nist_libs_2.5_wt_CeCl3_and_1.0_wt_SrCl2_and_1.0_wt_MnCl2.csv
[Run 4407/508994] ✅ Saved: 20260902_1209_nist_libs_2.5_wt_CeCl3_and_1.0_wt_SrCl2_and_1.5_wt_MnCl2.csv
[Run 4408/508994] ✅ Saved: 20260902_1209_nist_libs_2.5_wt_CeCl3_and_1.0_wt_SrCl2_and_2.0_wt_MnCl2.csv
[Run 4409/508994] ✅ Saved: 20260902_1209_nist_libs_2.5_wt_CeCl3_and_1.0_wt_SrCl2_and_2.5_wt_MnCl2.csv
[Run 4410/508994] ✅ Saved: 20260902_1209_nist_libs_2.5_wt_CeCl3_and_1.0_wt_SrCl2_and_3.0_wt_MnCl2.csv
[Run 4411/508994] ✅ Saved: 20260902_1209_nist_libs_2.5_wt_CeCl3_and_1.0_wt_SrCl2_and_3.5_wt_MnCl2.csv
[Run 4412/508994] ✅ Saved: 20260902_1209_nist_libs_2.5_wt_CeCl3_and_1.0_wt_SrCl2_and_4.0_wt_MnCl2.csv
[Run 4413/508994] ✅ Saved: 20260902_1209_nist_libs_2.5_wt_CeCl3_and_1.0_wt_SrCl2_and_4.5_wt_MnCl2.csv
[Run 4414/508994] ✅ Saved: 20260902_1209_nist_libs_2.5_wt_CeCl3_and_1.0_wt_SrCl2_and_5.0_wt_MnCl2.csv
[Run 4415/508994] ✅ Saved: 20260902_1209_nist_libs_2.5_wt_CeCl3_and_1.5_wt_SrCl2_and_0.5_wt_MnCl2.csv
[Run 4416/508994] ✅ Saved: 20260902_1209_nist_libs_2.5_wt_CeCl3_and_1.5_wt_SrCl2_and_1.0_wt_MnCl2.csv
[Run 4417/508994] ✅ Saved: 20260902_1209_nist_libs_2.5_wt_CeCl3_and_1.5_wt_SrCl2_and_1.5_wt_MnCl2.csv
[Run 4418/508994] ✅ Saved: 20260902_1209_nist_libs_2.5_wt_CeCl3_and_1.5_wt_SrCl2_and_2.0_wt_MnCl2.csv
[Run 4419/508994] ✅ Saved: 20260902_1209_nist_libs_2.5_wt_CeCl3_and_1.5_wt_SrCl2_and_2.5_wt_MnCl2.csv
[Run 4420/508994] ✅ Saved: 20260902_1209_nist_libs_2.5_wt_CeCl3_and_1.5_wt_SrCl2_and_3.0_wt_MnCl2.csv
[Run 4421/508994] ✅ Saved: 20260902_1209_nist_libs_2.5_wt_CeCl3_and_1.5_wt_SrCl2_and_3.5_wt_MnCl2.csv
[Run 4422/508994] ✅ Saved: 20260902_1209_nist_libs_2.5_wt_CeCl3_and_1.5_wt_SrCl2_and_4.0_wt_MnCl2.csv
[Run 4423/508994] ✅ Saved: 20260902_1209_nist_libs_2.5_wt_CeCl3_and_1.5_wt_SrCl2_and_4.5_wt_MnCl2.csv
[Run 4424/508994] ✅ Saved: 20260902_1209_nist_libs_2.5_wt_CeCl3_and_1.5_wt_SrCl2_and_5.0_wt_MnCl2.csv
[Run 4425/508994] ✅ Saved: 20260902_1209_nist_libs_2.5_wt_CeCl3_and_2.0_wt_SrCl2_and_0.5_wt_MnCl2.csv
[Run 4426/508994] ✅ Saved: 20260902_1209_nist_libs_2.5_wt_CeCl3_and_2.0_wt_SrCl2_and_1.0_wt_MnCl2.csv
[Run 4427/508994] ✅ Saved: 20260902_1209_nist_libs_2.5_wt_CeCl3_and_2.0_wt_SrCl2_and_1.5_wt_MnCl2.csv
[Run 4428/508994] ✅ Saved: 20260902_1209_nist_libs_2.5_wt_CeCl3_and_2.0_wt_SrCl2_and_2.0_wt_MnCl2.csv
[Run 4429/508994] ✅ Saved: 20260902_1209_nist_libs_2.5_wt_CeCl3_and_2.0_wt_SrCl2_and_2.5_wt_MnCl2.csv
[Run 4430/508994] ✅ Saved: 20260902_1209_nist_libs_2.5_wt_CeCl3_and_2.0_wt_SrCl2_and_3.0_wt_MnCl2.csv
[Run 4432/508994] ✅ Saved: 20260902_1209_nist_libs_2.5_wt_CeCl3_and_2.0_wt_SrCl2_and_4.0_wt_MnCl2.csv
[Run 4431/508994] ✅ Saved: 20260902_1209_nist_libs_2.5_wt_CeCl3_and_2.0_wt_SrCl2_and_3.5_wt_MnCl2.csv
[Run 4433/508994] ✅ Saved: 20260902_1209_nist_libs_2.5_wt_CeCl3_and_2.0_wt_SrCl2_and_4.5_wt_MnCl2.csv
[Run 4434/508994] ✅ Saved: 20260902_1209_nist_libs_2.5_wt_CeCl3_and_2.0_wt_SrCl2_and_5.0_wt_MnCl2.csv
[Run 4435/508994] ✅ Saved: 20260902_1209_nist_libs_2.5_wt_CeCl3_and_2.5_wt_SrCl2_and_0.5_wt_MnCl2.csv
[Run 4436/508994] ✅ Saved: 20260902_1209_nist_libs_2.5_wt_CeCl3_and_2.5_wt_SrCl2_and_1.0_wt_MnCl2.csv
[Run 4437/508994] ✅ Saved: 20260902_1209_nist_libs_2.5_wt_CeCl3_and_2.5_wt_SrCl2_and_1.5_wt_MnCl2.csv
[Run 4438/508994] ✅ Saved: 20260902_1209_nist_libs_2.5_wt_CeCl3_and_2.5_wt_SrCl2_and_2.0_wt_MnCl2.csv
[Run 4440/508994] ✅ Saved: 20260902_1209_nist_libs_2.5_wt_CeCl3_and_2.5_wt_SrCl2_and_3.0_wt_MnCl2.csv
[Run 4439/508994] ✅ Saved: 20260902_1209_nist_libs_2.5_wt_CeCl3_and_2.5_wt_SrCl2_and_2.5_wt_MnCl2.csv
[Run 4441/508994] ✅ Saved: 20260902_1209_nist_libs_2.5_wt_CeCl3_and_2.5_wt_SrCl2_and_3.5_wt_MnCl2.csv
[Run 4442/508994] ✅ Saved: 20260902_1209_nist_libs_2.5_wt_CeCl3_and_2.5_wt_SrCl2_and_4.0_wt_MnCl2.csv
[Run 4444/508994] ✅ Saved: 20260902_1209_nist_libs_2.5_wt_CeCl3_and_2.5_wt_SrCl2_and_5.0_wt_MnCl2.csv
[Run 4445/508994] ✅ Saved: 20260902_1209_nist_libs_2.5_wt_CeCl3_and_3.0_wt_SrCl2_and_0.5_wt_MnCl2.csv
[Run 4443/508994] ✅ Saved: 20260902_1209_nist_libs_2.5_wt_CeCl3_and_2.5_wt_SrCl2_and_4.5_wt_MnCl2.csv
[Run 4446/508994] ✅ Saved: 20260902_1209_nist_libs_2.5_wt_CeCl3_and_3.0_wt_SrCl2_and_1.0_wt_MnCl2.csv
[Run 4447/508994] ✅ Saved: 20260902_1209_nist_libs_2.5_wt_CeCl3_and_3.0_wt_SrCl2_and_1.5_wt_MnCl2.csv
[Run 4448/508994] ✅ Saved: 20260902_1209_nist_libs_2.5_wt_CeCl3_and_3.0_wt_SrCl2_and_2.0_wt_MnCl2.csv
[Run 4449/508994] ✅ Saved: 20260902_1209_nist_libs_2.5_wt_CeCl3_and_3.0_wt_SrCl2_and_2.5_wt_MnCl2.csv
[Run 4450/508994] ✅ Saved: 20260902_1209_nist_libs_2.5_wt_CeCl3_and_3.0_wt_SrCl2_and_3.0_wt_MnCl2.csv
[Run 4451/508994] ✅ Saved: 20260902_1209_nist_libs_2.5_wt_CeCl3_and_3.0_wt_SrCl2_and_3.5_wt_MnCl2.csv
[Run 4453/508994] ✅ Saved: 20260902_1209_nist_libs_2.5_wt_CeCl3_and_3.0_wt_SrCl2_and_4.5_wt_MnCl2.csv
[Run 4452/508994] ✅ Saved: 20260902_1209_nist_libs_2.5_wt_CeCl3_and_3.0_wt_SrCl2_and_4.0_wt_MnCl2.csv
[Run 4454/508994] ✅ Saved: 20260902_1209_nist_libs_2.5_wt_CeCl3_and_3.0_wt_SrCl2_and_5.0_wt_MnCl2.csv
[Run 4455/508994] ✅ Saved: 20260902_1209_nist_libs_2.5_wt_CeCl3_and_3.5_wt_SrCl2_and_0.5_wt_MnCl2.csv
[Run 4456/508994] ✅ Saved: 20260902_1209_nist_libs_2.5_wt_CeCl3_and_3.5_wt_SrCl2_and_1.0_wt_MnCl2.csv
[Run 4457/508994] ✅ Saved: 20260902_1209_nist_libs_2.5_wt_CeCl3_and_3.5_wt_SrCl2_and_1.5_wt_MnCl2.csv
[Run 4458/508994] ✅ Saved: 20260902_1209_nist_libs_2.5_wt_CeCl3_and_3.5_wt_SrCl2_and_2.0_wt_MnCl2.csv
[Run 4460/508994] ✅ Saved: 20260902_1209_nist_libs_2.5_wt_CeCl3_and_3.5_wt_SrCl2_and_3.0_wt_MnCl2.csv
[Run 4461/508994] ✅ Saved: 20260902_1209_nist_libs_2.5_wt_CeCl3_and_3.5_wt_SrCl2_and_3.5_wt_MnCl2.csv
[Run 4459/508994] ✅ Saved: 20260902_1209_nist_libs_2.5_wt_CeCl3_and_3.5_wt_SrCl2_and_2.5_wt_MnCl2.csv
[Run 4462/508994] ✅ Saved: 20260902_1209_nist_libs_2.5_wt_CeCl3_and_3.5_wt_SrCl2_and_4.0_wt_MnCl2.csv
[Run 4463/508994] ✅ Saved: 20260902_1209_nist_libs_2.5_wt_CeCl3_and_3.5_wt_SrCl2_and_4.5_wt_MnCl2.csv
[Run 4464/508994] ✅ Saved: 20260902_1209_nist_libs_2.5_wt_CeCl3_and_3.5_wt_SrCl2_and_5.0_wt_MnCl2.csv
[Run 4465/508994] ✅ Saved: 20260902_1209_nist_libs_2.5_wt_CeCl3_and_4.0_wt_SrCl2_and_0.5_wt_MnCl2.csv
[Run 4466/508994] ✅ Saved: 20260902_1209_nist_libs_2.5_wt_CeCl3_and_4.0_wt_SrCl2_and_1.0_wt_MnCl2.csv
[Run 4467/508994] ✅ Saved: 20260902_1209_nist_libs_2.5_wt_CeCl3_and_4.0_wt_SrCl2_and_1.5_wt_MnCl2.csv
[Run 4468/508994] ✅ Saved: 20260902_1209_nist_libs_2.5_wt_CeCl3_and_4.0_wt_SrCl2_and_2.0_wt_MnCl2.csv
[Run 4470/508994] ✅ Saved: 20260902_1209_nist_libs_2.5_wt_CeCl3_and_4.0_wt_SrCl2_and_3.0_wt_MnCl2.csv
[Run 4469/508994] ✅ Saved: 20260902_1209_nist_libs_2.5_wt_CeCl3_and_4.0_wt_SrCl2_and_2.5_wt_MnCl2.csv
[Run 4471/508994] ✅ Saved: 20260902_1209_nist_libs_2.5_wt_CeCl3_and_4.0_wt_SrCl2_and_3.5_wt_MnCl2.csv
[Run 4473/508994] ✅ Saved: 20260902_1209_nist_libs_2.5_wt_CeCl3_and_4.0_wt_SrCl2_and_4.5_wt_MnCl2.csv
[Run 4474/508994] ✅ Saved: 20260902_1209_nist_libs_2.5_wt_CeCl3_and_4.0_wt_SrCl2_and_5.0_wt_MnCl2.csv
[Run 4475/508994] ✅ Saved: 20260902_1209_nist_libs_2.5_wt_CeCl3_and_4.5_wt_SrCl2_and_0.5_wt_MnCl2.csv
[Run 4476/508994] ✅ Saved: 20260902_1209_nist_libs_2.5_wt_CeCl3_and_4.5_wt_SrCl2_and_1.0_wt_MnCl2.csv
[Run 4477/508994] ✅ Saved: 20260902_1209_nist_libs_2.5_wt_CeCl3_and_4.5_wt_SrCl2_and_1.5_wt_MnCl2.csv
[Run 4478/508994] ✅ Saved: 20260902_1209_nist_libs_2.5_wt_CeCl3_and_4.5_wt_SrCl2_and_2.0_wt_MnCl2.csv
[Run 4479/508994] ✅ Saved: 20260902_1209_nist_libs_2.5_wt_CeCl3_and_4.5_wt_SrCl2_and_2.5_wt_MnCl2.csv
[Run 4480/508994] ✅ Saved: 20260902_1209_nist_libs_2.5_wt_CeCl3_and_4.5_wt_SrCl2_and_3.0_wt_MnCl2.csv
[Run 4472/508994] ✅ Saved: 20260902_1209_nist_libs_2.5_wt_CeCl3_and_4.0_wt_SrCl2_and_4.0_wt_MnCl2.csv
[Run 4481/508994] ✅ Saved: 20260902_1209_nist_libs_2.5_wt_CeCl3_and_4.5_wt_SrCl2_and_3.5_wt_MnCl2.csv
[Run 4482/508994] ✅ Saved: 20260902_1209_nist_libs_2.5_wt_CeCl3_and_4.5_wt_SrCl2_and_4.0_wt_MnCl2.csv
[Run 4483/508994] ✅ Saved: 20260902_1209_nist_libs_2.5_wt_CeCl3_and_4.5_wt_SrCl2_and_4.5_wt_MnCl2.csv
[Run 4484/508994] ✅ Saved: 20260902_1209_nist_libs_2.5_wt_CeCl3_and_4.5_wt_SrCl2_and_5.0_wt_MnCl2.csv
[Run 4485/508994] ✅ Saved: 20260902_1209_nist_libs_2.5_wt_CeCl3_and_5.0_wt_SrCl2_and_0.5_wt_MnCl2.csv
[Run 4486/508994] ✅ Saved: 20260902_1209_nist_libs_2.5_wt_CeCl3_and_5.0_wt_SrCl2_and_1.0_wt_MnCl2.csv
[Run 4487/508994] ✅ Saved: 20260902_1209_nist_libs_2.5_wt_CeCl3_and_5.0_wt_SrCl2_and_1.5_wt_MnCl2.csv
[Run 4488/508994] ✅ Saved: 20260902_1209_nist_libs_2.5_wt_CeCl3_and_5.0_wt_SrCl2_and_2.0_wt_MnCl2.csv
[Run 4489/508994] ✅ Saved: 20260902_1209_nist_libs_2.5_wt_CeCl3_and_5.0_wt_SrCl2_and_2.5_wt_MnCl2.csv
[Run 4490/508994] ✅ Saved: 20260902_1209_nist_libs_2.5_wt_CeCl3_and_5.0_wt_SrCl2_and_3.0_wt_MnCl2.csv
[Run 4491/508994] ✅ Saved: 20260902_1209_nist_libs_2.5_wt_CeCl3_and_5.0_wt_SrCl2_and_3.5_wt_MnCl2.csv
[Run 4492/508994] ✅ Saved: 20260902_1209_nist_libs_2.5_wt_CeCl3_and_5.0_wt_SrCl2_and_4.0_wt_MnCl2.csv
[Run 4493/508994] ✅ Saved: 20260902_1209_nist_libs_2.5_wt_CeCl3_and_5.0_wt_SrCl2_and_4.5_wt_MnCl2.csv
[Run 4494/508994] ✅ Saved: 20260902_1209_nist_libs_2.5_wt_CeCl3_and_5.0_wt_SrCl2_and_5.0_wt_MnCl2.csv
[Run 4495/508994] ✅ Saved: 20260902_1209_nist_libs_3.0_wt_CeCl3_and_0.5_wt_SrCl2_and_0.5_wt_MnCl2.csv
[Run 4496/508994] ✅ Saved: 20260902_1209_nist_libs_3.0_wt_CeCl3_and_0.5_wt_SrCl2_and_1.0_wt_MnCl2.csv
[Run 4497/508994] ✅ Saved: 20260902_1209_nist_libs_3.0_wt_CeCl3_and_0.5_wt_SrCl2_and_1.5_wt_MnCl2.csv
[Run 4498/508994] ✅ Saved: 20260902_1209_nist_libs_3.0_wt_CeCl3_and_0.5_wt_SrCl2_and_2.0_wt_MnCl2.csv
[Run 4500/508994] ✅ Saved: 20260902_1209_nist_libs_3.0_wt_CeCl3_and_0.5_wt_SrCl2_and_3.0_wt_MnCl2.csv
[Run 4499/508994] ✅ Saved: 20260902_1209_nist_libs_3.0_wt_CeCl3_and_0.5_wt_SrCl2_and_2.5_wt_MnCl2.csv
[Run 4501/508994] ✅ Saved: 20260902_1209_nist_libs_3.0_wt_CeCl3_and_0.5_wt_SrCl2_and_3.5_wt_MnCl2.csv
[Run 4502/508994] ✅ Saved: 20260902_1209_nist_libs_3.0_wt_CeCl3_and_0.5_wt_SrCl2_and_4.0_wt_MnCl2.csv
[Run 4503/508994] ✅ Saved: 20260902_1209_nist_libs_3.0_wt_CeCl3_and_0.5_wt_SrCl2_and_4.5_wt_MnCl2.csv
[Run 4504/508994] ✅ Saved: 20260902_1209_nist_libs_3.0_wt_CeCl3_and_0.5_wt_SrCl2_and_5.0_wt_MnCl2.csv
[Run 4505/508994] ✅ Saved: 20260902_1209_nist_libs_3.0_wt_CeCl3_and_1.0_wt_SrCl2_and_0.5_wt_MnCl2.csv
[Run 4507/508994] ✅ Saved: 20260902_1209_nist_libs_3.0_wt_CeCl3_and_1.0_wt_SrCl2_and_1.5_wt_MnCl2.csv
[Run 4506/508994] ✅ Saved: 20260902_1209_nist_libs_3.0_wt_CeCl3_and_1.0_wt_SrCl2_and_1.0_wt_MnCl2.csv
[Run 4509/508994] ✅ Saved: 20260902_1209_nist_libs_3.0_wt_CeCl3_and_1.0_wt_SrCl2_and_2.5_wt_MnCl2.csv
[Run 4508/508994] ✅ Saved: 20260902_1209_nist_libs_3.0_wt_CeCl3_and_1.0_wt_SrCl2_and_2.0_wt_MnCl2.csv
[Run 4510/508994] ✅ Saved: 20260902_1209_nist_libs_3.0_wt_CeCl3_and_1.0_wt_SrCl2_and_3.0_wt_MnCl2.csv
[Run 4511/508994] ✅ Saved: 20260902_1209_nist_libs_3.0_wt_CeCl3_and_1.0_wt_SrCl2_and_3.5_wt_MnCl2.csv
[Run 4512/508994] ✅ Saved: 20260902_1209_nist_libs_3.0_wt_CeCl3_and_1.0_wt_SrCl2_and_4.0_wt_MnCl2.csv
[Run 4513/508994] ✅ Saved: 20260902_1209_nist_libs_3.0_wt_CeCl3_and_1.0_wt_SrCl2_and_4.5_wt_MnCl2.csv
[Run 4514/508994] ✅ Saved: 20260902_1209_nist_libs_3.0_wt_CeCl3_and_1.0_wt_SrCl2_and_5.0_wt_MnCl2.csv
[Run 4516/508994] ✅ Saved: 20260902_1209_nist_libs_3.0_wt_CeCl3_and_1.5_wt_SrCl2_and_1.0_wt_MnCl2.csv
[Run 4515/508994] ✅ Saved: 20260902_1209_nist_libs_3.0_wt_CeCl3_and_1.5_wt_SrCl2_and_0.5_wt_MnCl2.csv
[Run 4517/508994] ✅ Saved: 20260902_1209_nist_libs_3.0_wt_CeCl3_and_1.5_wt_SrCl2_and_1.5_wt_MnCl2.csv
[Run 4518/508994] ✅ Saved: 20260902_1209_nist_libs_3.0_wt_CeCl3_and_1.5_wt_SrCl2_and_2.0_wt_MnCl2.csv
[Run 4519/508994] ✅ Saved: 20260902_1209_nist_libs_3.0_wt_CeCl3_and_1.5_wt_SrCl2_and_2.5_wt_MnCl2.csv
[Run 4521/508994] ✅ Saved: 20260902_1209_nist_libs_3.0_wt_CeCl3_and_1.5_wt_SrCl2_and_3.5_wt_MnCl2.csv
[Run 4520/508994] ✅ Saved: 20260902_1209_nist_libs_3.0_wt_CeCl3_and_1.5_wt_SrCl2_and_3.0_wt_MnCl2.csv
[Run 4522/508994] ✅ Saved: 20260902_1209_nist_libs_3.0_wt_CeCl3_and_1.5_wt_SrCl2_and_4.0_wt_MnCl2.csv
[Run 4523/508994] ✅ Saved: 20260902_1209_nist_libs_3.0_wt_CeCl3_and_1.5_wt_SrCl2_and_4.5_wt_MnCl2.csv
[Run 4524/508994] ✅ Saved: 20260902_1209_nist_libs_3.0_wt_CeCl3_and_1.5_wt_SrCl2_and_5.0_wt_MnCl2.csv
[Run 4525/508994] ✅ Saved: 20260902_1209_nist_libs_3.0_wt_CeCl3_and_2.0_wt_SrCl2_and_0.5_wt_MnCl2.csv
[Run 4526/508994] ✅ Saved: 20260902_1209_nist_libs_3.0_wt_CeCl3_and_2.0_wt_SrCl2_and_1.0_wt_MnCl2.csv
[Run 4527/508994] ✅ Saved: 20260902_1209_nist_libs_3.0_wt_CeCl3_and_2.0_wt_SrCl2_and_1.5_wt_MnCl2.csv
[Run 4528/508994] ✅ Saved: 20260902_1209_nist_libs_3.0_wt_CeCl3_and_2.0_wt_SrCl2_and_2.0_wt_MnCl2.csv
[Run 4529/508994] ✅ Saved: 20260902_1209_nist_libs_3.0_wt_CeCl3_and_2.0_wt_SrCl2_and_2.5_wt_MnCl2.csv
[Run 4530/508994] ✅ Saved: 20260902_1209_nist_libs_3.0_wt_CeCl3_and_2.0_wt_SrCl2_and_3.0_wt_MnCl2.csv
[Run 4531/508994] ✅ Saved: 20260902_1209_nist_libs_3.0_wt_CeCl3_and_2.0_wt_SrCl2_and_3.5_wt_MnCl2.csv
[Run 4532/508994] ✅ Saved: 20260902_1209_nist_libs_3.0_wt_CeCl3_and_2.0_wt_SrCl2_and_4.0_wt_MnCl2.csv
[Run 4533/508994] ✅ Saved: 20260902_1209_nist_libs_3.0_wt_CeCl3_and_2.0_wt_SrCl2_and_4.5_wt_MnCl2.csv
[Run 4534/508994] ✅ Saved: 20260902_1209_nist_libs_3.0_wt_CeCl3_and_2.0_wt_SrCl2_and_5.0_wt_MnCl2.csv
[Run 4535/508994] ✅ Saved: 20260902_1209_nist_libs_3.0_wt_CeCl3_and_2.5_wt_SrCl2_and_0.5_wt_MnCl2.csv
[Run 4537/508994] ✅ Saved: 20260902_1209_nist_libs_3.0_wt_CeCl3_and_2.5_wt_SrCl2_and_1.5_wt_MnCl2.csv
[Run 4538/508994] ✅ Saved: 20260902_1209_nist_libs_3.0_wt_CeCl3_and_2.5_wt_SrCl2_and_2.0_wt_MnCl2.csv
[Run 4536/508994] ✅ Saved: 20260902_1209_nist_libs_3.0_wt_CeCl3_and_2.5_wt_SrCl2_and_1.0_wt_MnCl2.csv
[Run 4539/508994] ✅ Saved: 20260902_1209_nist_libs_3.0_wt_CeCl3_and_2.5_wt_SrCl2_and_2.5_wt_MnCl2.csv
[Run 4540/508994] ✅ Saved: 20260902_1209_nist_libs_3.0_wt_CeCl3_and_2.5_wt_SrCl2_and_3.0_wt_MnCl2.csv
[Run 4542/508994] ✅ Saved: 20260902_1209_nist_libs_3.0_wt_CeCl3_and_2.5_wt_SrCl2_and_4.0_wt_MnCl2.csv
[Run 4541/508994] ✅ Saved: 20260902_1209_nist_libs_3.0_wt_CeCl3_and_2.5_wt_SrCl2_and_3.5_wt_MnCl2.csv
[Run 4543/508994] ✅ Saved: 20260902_1209_nist_libs_3.0_wt_CeCl3_and_2.5_wt_SrCl2_and_4.5_wt_MnCl2.csv
[Run 4544/508994] ✅ Saved: 20260902_1209_nist_libs_3.0_wt_CeCl3_and_2.5_wt_SrCl2_and_5.0_wt_MnCl2.csv
[Run 4545/508994] ✅ Saved: 20260902_1209_nist_libs_3.0_wt_CeCl3_and_3.0_wt_SrCl2_and_0.5_wt_MnCl2.csv
[Run 4546/508994] ✅ Saved: 20260902_1209_nist_libs_3.0_wt_CeCl3_and_3.0_wt_SrCl2_and_1.0_wt_MnCl2.csv
[Run 4547/508994] ✅ Saved: 20260902_1209_nist_libs_3.0_wt_CeCl3_and_3.0_wt_SrCl2_and_1.5_wt_MnCl2.csv
[Run 4548/508994] ✅ Saved: 20260902_1209_nist_libs_3.0_wt_CeCl3_and_3.0_wt_SrCl2_and_2.0_wt_MnCl2.csv
[Run 4549/508994] ✅ Saved: 20260902_1209_nist_libs_3.0_wt_CeCl3_and_3.0_wt_SrCl2_and_2.5_wt_MnCl2.csv
[Run 4550/508994] ✅ Saved: 20260902_1209_nist_libs_3.0_wt_CeCl3_and_3.0_wt_SrCl2_and_3.0_wt_MnCl2.csv
[Run 4551/508994] ✅ Saved: 20260902_1209_nist_libs_3.0_wt_CeCl3_and_3.0_wt_SrCl2_and_3.5_wt_MnCl2.csv
[Run 4552/508994] ✅ Saved: 20260902_1209_nist_libs_3.0_wt_CeCl3_and_3.0_wt_SrCl2_and_4.0_wt_MnCl2.csv
[Run 4553/508994] ✅ Saved: 20260902_1209_nist_libs_3.0_wt_CeCl3_and_3.0_wt_SrCl2_and_4.5_wt_MnCl2.csv
[Run 4555/508994] ✅ Saved: 20260902_1209_nist_libs_3.0_wt_CeCl3_and_3.5_wt_SrCl2_and_0.5_wt_MnCl2.csv
[Run 4556/508994] ✅ Saved: 20260902_1209_nist_libs_3.0_wt_CeCl3_and_3.5_wt_SrCl2_and_1.0_wt_MnCl2.csv
[Run 4554/508994] ✅ Saved: 20260902_1209_nist_libs_3.0_wt_CeCl3_and_3.0_wt_SrCl2_and_5.0_wt_MnCl2.csv
[Run 4557/508994] ✅ Saved: 20260902_1209_nist_libs_3.0_wt_CeCl3_and_3.5_wt_SrCl2_and_1.5_wt_MnCl2.csv
[Run 4558/508994] ✅ Saved: 20260902_1209_nist_libs_3.0_wt_CeCl3_and_3.5_wt_SrCl2_and_2.0_wt_MnCl2.csv
[Run 4559/508994] ✅ Saved: 20260902_1209_nist_libs_3.0_wt_CeCl3_and_3.5_wt_SrCl2_and_2.5_wt_MnCl2.csv
[Run 4560/508994] ✅ Saved: 20260902_1209_nist_libs_3.0_wt_CeCl3_and_3.5_wt_SrCl2_and_3.0_wt_MnCl2.csv
[Run 4561/508994] ✅ Saved: 20260902_1209_nist_libs_3.0_wt_CeCl3_and_3.5_wt_SrCl2_and_3.5_wt_MnCl2.csv
[Run 4562/508994] ✅ Saved: 20260902_1209_nist_libs_3.0_wt_CeCl3_and_3.5_wt_SrCl2_and_4.0_wt_MnCl2.csv
[Run 4564/508994] ✅ Saved: 20260902_1209_nist_libs_3.0_wt_CeCl3_and_3.5_wt_SrCl2_and_5.0_wt_MnCl2.csv
[Run 4563/508994] ✅ Saved: 20260902_1209_nist_libs_3.0_wt_CeCl3_and_3.5_wt_SrCl2_and_4.5_wt_MnCl2.csv
[Run 4565/508994] ✅ Saved: 20260902_1209_nist_libs_3.0_wt_CeCl3_and_4.0_wt_SrCl2_and_0.5_wt_MnCl2.csv
[Run 4566/508994] ✅ Saved: 20260902_1209_nist_libs_3.0_wt_CeCl3_and_4.0_wt_SrCl2_and_1.0_wt_MnCl2.csv
[Run 4567/508994] ✅ Saved: 20260902_1209_nist_libs_3.0_wt_CeCl3_and_4.0_wt_SrCl2_and_1.5_wt_MnCl2.csv
[Run 4568/508994] ✅ Saved: 20260902_1209_nist_libs_3.0_wt_CeCl3_and_4.0_wt_SrCl2_and_2.0_wt_MnCl2.csv
[Run 4569/508994] ✅ Saved: 20260902_1209_nist_libs_3.0_wt_CeCl3_and_4.0_wt_SrCl2_and_2.5_wt_MnCl2.csv
[Run 4570/508994] ✅ Saved: 20260902_1209_nist_libs_3.0_wt_CeCl3_and_4.0_wt_SrCl2_and_3.0_wt_MnCl2.csv
[Run 4571/508994] ✅ Saved: 20260902_1209_nist_libs_3.0_wt_CeCl3_and_4.0_wt_SrCl2_and_3.5_wt_MnCl2.csv
[Run 4572/508994] ✅ Saved: 20260902_1209_nist_libs_3.0_wt_CeCl3_and_4.0_wt_SrCl2_and_4.0_wt_MnCl2.csv
[Run 4573/508994] ✅ Saved: 20260902_1209_nist_libs_3.0_wt_CeCl3_and_4.0_wt_SrCl2_and_4.5_wt_MnCl2.csv
[Run 4574/508994] ✅ Saved: 20260902_1209_nist_libs_3.0_wt_CeCl3_and_4.0_wt_SrCl2_and_5.0_wt_MnCl2.csv
[Run 4575/508994] ✅ Saved: 20260902_1209_nist_libs_3.0_wt_CeCl3_and_4.5_wt_SrCl2_and_0.5_wt_MnCl2.csv
[Run 4576/508994] ✅ Saved: 20260902_1209_nist_libs_3.0_wt_CeCl3_and_4.5_wt_SrCl2_and_1.0_wt_MnCl2.csv
[Run 4577/508994] ✅ Saved: 20260902_1209_nist_libs_3.0_wt_CeCl3_and_4.5_wt_SrCl2_and_1.5_wt_MnCl2.csv
[Run 4578/508994] ✅ Saved: 20260902_1209_nist_libs_3.0_wt_CeCl3_and_4.5_wt_SrCl2_and_2.0_wt_MnCl2.csv
[Run 4580/508994] ✅ Saved: 20260902_1209_nist_libs_3.0_wt_CeCl3_and_4.5_wt_SrCl2_and_3.0_wt_MnCl2.csv
[Run 4579/508994] ✅ Saved: 20260902_1209_nist_libs_3.0_wt_CeCl3_and_4.5_wt_SrCl2_and_2.5_wt_MnCl2.csv
[Run 4581/508994] ✅ Saved: 20260902_1209_nist_libs_3.0_wt_CeCl3_and_4.5_wt_SrCl2_and_3.5_wt_MnCl2.csv
[Run 4582/508994] ✅ Saved: 20260902_1209_nist_libs_3.0_wt_CeCl3_and_4.5_wt_SrCl2_and_4.0_wt_MnCl2.csv
[Run 4584/508994] ✅ Saved: 20260902_1209_nist_libs_3.0_wt_CeCl3_and_4.5_wt_SrCl2_and_5.0_wt_MnCl2.csv
[Run 4583/508994] ✅ Saved: 20260902_1209_nist_libs_3.0_wt_CeCl3_and_4.5_wt_SrCl2_and_4.5_wt_MnCl2.csv
[Run 4585/508994] ✅ Saved: 20260902_1209_nist_libs_3.0_wt_CeCl3_and_5.0_wt_SrCl2_and_0.5_wt_MnCl2.csv
[Run 4586/508994] ✅ Saved: 20260902_1209_nist_libs_3.0_wt_CeCl3_and_5.0_wt_SrCl2_and_1.0_wt_MnCl2.csv
[Run 4588/508994] ✅ Saved: 20260902_1209_nist_libs_3.0_wt_CeCl3_and_5.0_wt_SrCl2_and_2.0_wt_MnCl2.csv
[Run 4587/508994] ✅ Saved: 20260902_1209_nist_libs_3.0_wt_CeCl3_and_5.0_wt_SrCl2_and_1.5_wt_MnCl2.csv
[Run 4589/508994] ✅ Saved: 20260902_1209_nist_libs_3.0_wt_CeCl3_and_5.0_wt_SrCl2_and_2.5_wt_MnCl2.csv
[Run 4590/508994] ✅ Saved: 20260902_1209_nist_libs_3.0_wt_CeCl3_and_5.0_wt_SrCl2_and_3.0_wt_MnCl2.csv
[Run 4592/508994] ✅ Saved: 20260902_1209_nist_libs_3.0_wt_CeCl3_and_5.0_wt_SrCl2_and_4.0_wt_MnCl2.csv
[Run 4591/508994] ✅ Saved: 20260902_1209_nist_libs_3.0_wt_CeCl3_and_5.0_wt_SrCl2_and_3.5_wt_MnCl2.csv
[Run 4594/508994] ✅ Saved: 20260902_1209_nist_libs_3.0_wt_CeCl3_and_5.0_wt_SrCl2_and_5.0_wt_MnCl2.csv
[Run 4593/508994] ✅ Saved: 20260902_1209_nist_libs_3.0_wt_CeCl3_and_5.0_wt_SrCl2_and_4.5_wt_MnCl2.csv
[Run 4595/508994] ✅ Saved: 20260902_1209_nist_libs_3.5_wt_CeCl3_and_0.5_wt_SrCl2_and_0.5_wt_MnCl2.csv
[Run 4596/508994] ✅ Saved: 20260902_1209_nist_libs_3.5_wt_CeCl3_and_0.5_wt_SrCl2_and_1.0_wt_MnCl2.csv
[Run 4598/508994] ✅ Saved: 20260902_1209_nist_libs_3.5_wt_CeCl3_and_0.5_wt_SrCl2_and_2.0_wt_MnCl2.csv
[Run 4597/508994] ✅ Saved: 20260902_1209_nist_libs_3.5_wt_CeCl3_and_0.5_wt_SrCl2_and_1.5_wt_MnCl2.csv
[Run 4599/508994] ✅ Saved: 20260902_1209_nist_libs_3.5_wt_CeCl3_and_0.5_wt_SrCl2_and_2.5_wt_MnCl2.csv
[Run 4600/508994] ✅ Saved: 20260902_1209_nist_libs_3.5_wt_CeCl3_and_0.5_wt_SrCl2_and_3.0_wt_MnCl2.csv
[Run 4602/508994] ✅ Saved: 20260902_1209_nist_libs_3.5_wt_CeCl3_and_0.5_wt_SrCl2_and_4.0_wt_MnCl2.csv
[Run 4601/508994] ✅ Saved: 20260902_1209_nist_libs_3.5_wt_CeCl3_and_0.5_wt_SrCl2_and_3.5_wt_MnCl2.csv
[Run 4603/508994] ✅ Saved: 20260902_1209_nist_libs_3.5_wt_CeCl3_and_0.5_wt_SrCl2_and_4.5_wt_MnCl2.csv
[Run 4604/508994] ✅ Saved: 20260902_1209_nist_libs_3.5_wt_CeCl3_and_0.5_wt_SrCl2_and_5.0_wt_MnCl2.csv
[Run 4605/508994] ✅ Saved: 20260902_1209_nist_libs_3.5_wt_CeCl3_and_1.0_wt_SrCl2_and_0.5_wt_MnCl2.csv
[Run 4606/508994] ✅ Saved: 20260902_1209_nist_libs_3.5_wt_CeCl3_and_1.0_wt_SrCl2_and_1.0_wt_MnCl2.csv
[Run 4607/508994] ✅ Saved: 20260902_1209_nist_libs_3.5_wt_CeCl3_and_1.0_wt_SrCl2_and_1.5_wt_MnCl2.csv
[Run 4608/508994] ✅ Saved: 20260902_1209_nist_libs_3.5_wt_CeCl3_and_1.0_wt_SrCl2_and_2.0_wt_MnCl2.csv
[Run 4609/508994] ✅ Saved: 20260902_1209_nist_libs_3.5_wt_CeCl3_and_1.0_wt_SrCl2_and_2.5_wt_MnCl2.csv
[Run 4610/508994] ✅ Saved: 20260902_1209_nist_libs_3.5_wt_CeCl3_and_1.0_wt_SrCl2_and_3.0_wt_MnCl2.csv
[Run 4611/508994] ✅ Saved: 20260902_1209_nist_libs_3.5_wt_CeCl3_and_1.0_wt_SrCl2_and_3.5_wt_MnCl2.csv
[Run 4612/508994] ✅ Saved: 20260902_1209_nist_libs_3.5_wt_CeCl3_and_1.0_wt_SrCl2_and_4.0_wt_MnCl2.csv
[Run 4613/508994] ✅ Saved: 20260902_1209_nist_libs_3.5_wt_CeCl3_and_1.0_wt_SrCl2_and_4.5_wt_MnCl2.csv
[Run 4614/508994] ✅ Saved: 20260902_1209_nist_libs_3.5_wt_CeCl3_and_1.0_wt_SrCl2_and_5.0_wt_MnCl2.csv
[Run 4615/508994] ✅ Saved: 20260902_1209_nist_libs_3.5_wt_CeCl3_and_1.5_wt_SrCl2_and_0.5_wt_MnCl2.csv
[Run 4616/508994] ✅ Saved: 20260902_1209_nist_libs_3.5_wt_CeCl3_and_1.5_wt_SrCl2_and_1.0_wt_MnCl2.csv
[Run 4617/508994] ✅ Saved: 20260902_1209_nist_libs_3.5_wt_CeCl3_and_1.5_wt_SrCl2_and_1.5_wt_MnCl2.csv
[Run 4618/508994] ✅ Saved: 20260902_1209_nist_libs_3.5_wt_CeCl3_and_1.5_wt_SrCl2_and_2.0_wt_MnCl2.csv
[Run 4619/508994] ✅ Saved: 20260902_1209_nist_libs_3.5_wt_CeCl3_and_1.5_wt_SrCl2_and_2.5_wt_MnCl2.csv
[Run 4620/508994] ✅ Saved: 20260902_1209_nist_libs_3.5_wt_CeCl3_and_1.5_wt_SrCl2_and_3.0_wt_MnCl2.csv
[Run 4621/508994] ✅ Saved: 20260902_1209_nist_libs_3.5_wt_CeCl3_and_1.5_wt_SrCl2_and_3.5_wt_MnCl2.csv
[Run 4622/508994] ✅ Saved: 20260902_1209_nist_libs_3.5_wt_CeCl3_and_1.5_wt_SrCl2_and_4.0_wt_MnCl2.csv
[Run 4623/508994] ✅ Saved: 20260902_1209_nist_libs_3.5_wt_CeCl3_and_1.5_wt_SrCl2_and_4.5_wt_MnCl2.csv
[Run 4624/508994] ✅ Saved: 20260902_1209_nist_libs_3.5_wt_CeCl3_and_1.5_wt_SrCl2_and_5.0_wt_MnCl2.csv
[Run 4625/508994] ✅ Saved: 20260902_1209_nist_libs_3.5_wt_CeCl3_and_2.0_wt_SrCl2_and_0.5_wt_MnCl2.csv
[Run 4626/508994] ✅ Saved: 20260902_1209_nist_libs_3.5_wt_CeCl3_and_2.0_wt_SrCl2_and_1.0_wt_MnCl2.csv
[Run 4627/508994] ✅ Saved: 20260902_1209_nist_libs_3.5_wt_CeCl3_and_2.0_wt_SrCl2_and_1.5_wt_MnCl2.csv
[Run 4628/508994] ✅ Saved: 20260902_1209_nist_libs_3.5_wt_CeCl3_and_2.0_wt_SrCl2_and_2.0_wt_MnCl2.csv
[Run 4629/508994] ✅ Saved: 20260902_1209_nist_libs_3.5_wt_CeCl3_and_2.0_wt_SrCl2_and_2.5_wt_MnCl2.csv
[Run 4630/508994] ✅ Saved: 20260902_1209_nist_libs_3.5_wt_CeCl3_and_2.0_wt_SrCl2_and_3.0_wt_MnCl2.csv
[Run 4631/508994] ✅ Saved: 20260902_1209_nist_libs_3.5_wt_CeCl3_and_2.0_wt_SrCl2_and_3.5_wt_MnCl2.csv
[Run 4632/508994] ✅ Saved: 20260902_1209_nist_libs_3.5_wt_CeCl3_and_2.0_wt_SrCl2_and_4.0_wt_MnCl2.csv
[Run 4633/508994] ✅ Saved: 20260902_1209_nist_libs_3.5_wt_CeCl3_and_2.0_wt_SrCl2_and_4.5_wt_MnCl2.csv
[Run 4634/508994] ✅ Saved: 20260902_1209_nist_libs_3.5_wt_CeCl3_and_2.0_wt_SrCl2_and_5.0_wt_MnCl2.csv
[Run 4635/508994] ✅ Saved: 20260902_1209_nist_libs_3.5_wt_CeCl3_and_2.5_wt_SrCl2_and_0.5_wt_MnCl2.csv
[Run 4636/508994] ✅ Saved: 20260902_1209_nist_libs_3.5_wt_CeCl3_and_2.5_wt_SrCl2_and_1.0_wt_MnCl2.csv
[Run 4637/508994] ✅ Saved: 20260902_1209_nist_libs_3.5_wt_CeCl3_and_2.5_wt_SrCl2_and_1.5_wt_MnCl2.csv
[Run 4638/508994] ✅ Saved: 20260902_1209_nist_libs_3.5_wt_CeCl3_and_2.5_wt_SrCl2_and_2.0_wt_MnCl2.csv
[Run 4639/508994] ✅ Saved: 20260902_1209_nist_libs_3.5_wt_CeCl3_and_2.5_wt_SrCl2_and_2.5_wt_MnCl2.csv
[Run 4640/508994] ✅ Saved: 20260902_1209_nist_libs_3.5_wt_CeCl3_and_2.5_wt_SrCl2_and_3.0_wt_MnCl2.csv
[Run 4641/508994] ✅ Saved: 20260902_1209_nist_libs_3.5_wt_CeCl3_and_2.5_wt_SrCl2_and_3.5_wt_MnCl2.csv
[Run 4642/508994] ✅ Saved: 20260902_1209_nist_libs_3.5_wt_CeCl3_and_2.5_wt_SrCl2_and_4.0_wt_MnCl2.csv
[Run 4643/508994] ✅ Saved: 20260902_1209_nist_libs_3.5_wt_CeCl3_and_2.5_wt_SrCl2_and_4.5_wt_MnCl2.csv
[Run 4644/508994] ✅ Saved: 20260902_1209_nist_libs_3.5_wt_CeCl3_and_2.5_wt_SrCl2_and_5.0_wt_MnCl2.csv
[Run 4645/508994] ✅ Saved: 20260902_1209_nist_libs_3.5_wt_CeCl3_and_3.0_wt_SrCl2_and_0.5_wt_MnCl2.csv
[Run 4646/508994] ✅ Saved: 20260902_1209_nist_libs_3.5_wt_CeCl3_and_3.0_wt_SrCl2_and_1.0_wt_MnCl2.csv
[Run 4647/508994] ✅ Saved: 20260902_1209_nist_libs_3.5_wt_CeCl3_and_3.0_wt_SrCl2_and_1.5_wt_MnCl2.csv
[Run 4648/508994] ✅ Saved: 20260902_1209_nist_libs_3.5_wt_CeCl3_and_3.0_wt_SrCl2_and_2.0_wt_MnCl2.csv
[Run 4649/508994] ✅ Saved: 20260902_1209_nist_libs_3.5_wt_CeCl3_and_3.0_wt_SrCl2_and_2.5_wt_MnCl2.csv
[Run 4650/508994] ✅ Saved: 20260902_1209_nist_libs_3.5_wt_CeCl3_and_3.0_wt_SrCl2_and_3.0_wt_MnCl2.csv
[Run 4651/508994] ✅ Saved: 20260902_1209_nist_libs_3.5_wt_CeCl3_and_3.0_wt_SrCl2_and_3.5_wt_MnCl2.csv
[Run 4652/508994] ✅ Saved: 20260902_1209_nist_libs_3.5_wt_CeCl3_and_3.0_wt_SrCl2_and_4.0_wt_MnCl2.csv
[Run 4653/508994] ✅ Saved: 20260902_1209_nist_libs_3.5_wt_CeCl3_and_3.0_wt_SrCl2_and_4.5_wt_MnCl2.csv
[Run 4654/508994] ✅ Saved: 20260902_1209_nist_libs_3.5_wt_CeCl3_and_3.0_wt_SrCl2_and_5.0_wt_MnCl2.csv
[Run 4655/508994] ✅ Saved: 20260902_1209_nist_libs_3.5_wt_CeCl3_and_3.5_wt_SrCl2_and_0.5_wt_MnCl2.csv
[Run 4656/508994] ✅ Saved: 20260902_1209_nist_libs_3.5_wt_CeCl3_and_3.5_wt_SrCl2_and_1.0_wt_MnCl2.csv
[Run 4657/508994] ✅ Saved: 20260902_1209_nist_libs_3.5_wt_CeCl3_and_3.5_wt_SrCl2_and_1.5_wt_MnCl2.csv
[Run 4658/508994] ✅ Saved: 20260902_1209_nist_libs_3.5_wt_CeCl3_and_3.5_wt_SrCl2_and_2.0_wt_MnCl2.csv
[Run 4659/508994] ✅ Saved: 20260902_1209_nist_libs_3.5_wt_CeCl3_and_3.5_wt_SrCl2_and_2.5_wt_MnCl2.csv
[Run 4660/508994] ✅ Saved: 20260902_1209_nist_libs_3.5_wt_CeCl3_and_3.5_wt_SrCl2_and_3.0_wt_MnCl2.csv
[Run 4661/508994] ✅ Saved: 20260902_1209_nist_libs_3.5_wt_CeCl3_and_3.5_wt_SrCl2_and_3.5_wt_MnCl2.csv
[Run 4662/508994] ✅ Saved: 20260902_1209_nist_libs_3.5_wt_CeCl3_and_3.5_wt_SrCl2_and_4.0_wt_MnCl2.csv
[Run 4663/508994] ✅ Saved: 20260902_1209_nist_libs_3.5_wt_CeCl3_and_3.5_wt_SrCl2_and_4.5_wt_MnCl2.csv
[Run 4664/508994] ✅ Saved: 20260902_1209_nist_libs_3.5_wt_CeCl3_and_3.5_wt_SrCl2_and_5.0_wt_MnCl2.csv
[Run 4665/508994] ✅ Saved: 20260902_1209_nist_libs_3.5_wt_CeCl3_and_4.0_wt_SrCl2_and_0.5_wt_MnCl2.csv
[Run 4666/508994] ✅ Saved: 20260902_1209_nist_libs_3.5_wt_CeCl3_and_4.0_wt_SrCl2_and_1.0_wt_MnCl2.csv
[Run 4667/508994] ✅ Saved: 20260902_1209_nist_libs_3.5_wt_CeCl3_and_4.0_wt_SrCl2_and_1.5_wt_MnCl2.csv
[Run 4668/508994] ✅ Saved: 20260902_1209_nist_libs_3.5_wt_CeCl3_and_4.0_wt_SrCl2_and_2.0_wt_MnCl2.csv
[Run 4670/508994] ✅ Saved: 20260902_1209_nist_libs_3.5_wt_CeCl3_and_4.0_wt_SrCl2_and_3.0_wt_MnCl2.csv
[Run 4669/508994] ✅ Saved: 20260902_1209_nist_libs_3.5_wt_CeCl3_and_4.0_wt_SrCl2_and_2.5_wt_MnCl2.csv
[Run 4671/508994] ✅ Saved: 20260902_1209_nist_libs_3.5_wt_CeCl3_and_4.0_wt_SrCl2_and_3.5_wt_MnCl2.csv
[Run 4672/508994] ✅ Saved: 20260902_1209_nist_libs_3.5_wt_CeCl3_and_4.0_wt_SrCl2_and_4.0_wt_MnCl2.csv
[Run 4673/508994] ✅ Saved: 20260902_1209_nist_libs_3.5_wt_CeCl3_and_4.0_wt_SrCl2_and_4.5_wt_MnCl2.csv
[Run 4674/508994] ✅ Saved: 20260902_1209_nist_libs_3.5_wt_CeCl3_and_4.0_wt_SrCl2_and_5.0_wt_MnCl2.csv
[Run 4675/508994] ✅ Saved: 20260902_1209_nist_libs_3.5_wt_CeCl3_and_4.5_wt_SrCl2_and_0.5_wt_MnCl2.csv
[Run 4676/508994] ✅ Saved: 20260902_1209_nist_libs_3.5_wt_CeCl3_and_4.5_wt_SrCl2_and_1.0_wt_MnCl2.csv
[Run 4677/508994] ✅ Saved: 20260902_1209_nist_libs_3.5_wt_CeCl3_and_4.5_wt_SrCl2_and_1.5_wt_MnCl2.csv
[Run 4678/508994] ✅ Saved: 20260902_1209_nist_libs_3.5_wt_CeCl3_and_4.5_wt_SrCl2_and_2.0_wt_MnCl2.csv
[Run 4679/508994] ✅ Saved: 20260902_1209_nist_libs_3.5_wt_CeCl3_and_4.5_wt_SrCl2_and_2.5_wt_MnCl2.csv
[Run 4680/508994] ✅ Saved: 20260902_1209_nist_libs_3.5_wt_CeCl3_and_4.5_wt_SrCl2_and_3.0_wt_MnCl2.csv
[Run 4681/508994] ✅ Saved: 20260902_1209_nist_libs_3.5_wt_CeCl3_and_4.5_wt_SrCl2_and_3.5_wt_MnCl2.csv
[Run 4682/508994] ✅ Saved: 20260902_1209_nist_libs_3.5_wt_CeCl3_and_4.5_wt_SrCl2_and_4.0_wt_MnCl2.csv
[Run 4684/508994] ✅ Saved: 20260902_1209_nist_libs_3.5_wt_CeCl3_and_4.5_wt_SrCl2_and_5.0_wt_MnCl2.csv
[Run 4683/508994] ✅ Saved: 20260902_1209_nist_libs_3.5_wt_CeCl3_and_4.5_wt_SrCl2_and_4.5_wt_MnCl2.csv
[Run 4685/508994] ✅ Saved: 20260902_1209_nist_libs_3.5_wt_CeCl3_and_5.0_wt_SrCl2_and_0.5_wt_MnCl2.csv
[Run 4686/508994] ✅ Saved: 20260902_1209_nist_libs_3.5_wt_CeCl3_and_5.0_wt_SrCl2_and_1.0_wt_MnCl2.csv
[Run 4689/508994] ✅ Saved: 20260902_1209_nist_libs_3.5_wt_CeCl3_and_5.0_wt_SrCl2_and_2.5_wt_MnCl2.csv
[Run 4687/508994] ✅ Saved: 20260902_1209_nist_libs_3.5_wt_CeCl3_and_5.0_wt_SrCl2_and_1.5_wt_MnCl2.csv
[Run 4688/508994] ✅ Saved: 20260902_1209_nist_libs_3.5_wt_CeCl3_and_5.0_wt_SrCl2_and_2.0_wt_MnCl2.csv
[Run 4690/508994] ✅ Saved: 20260902_1209_nist_libs_3.5_wt_CeCl3_and_5.0_wt_SrCl2_and_3.0_wt_MnCl2.csv
[Run 4691/508994] ✅ Saved: 20260902_1209_nist_libs_3.5_wt_CeCl3_and_5.0_wt_SrCl2_and_3.5_wt_MnCl2.csv
[Run 4693/508994] ✅ Saved: 20260902_1209_nist_libs_3.5_wt_CeCl3_and_5.0_wt_SrCl2_and_4.5_wt_MnCl2.csv
[Run 4692/508994] ✅ Saved: 20260902_1209_nist_libs_3.5_wt_CeCl3_and_5.0_wt_SrCl2_and_4.0_wt_MnCl2.csv
[Run 4694/508994] ✅ Saved: 20260902_1209_nist_libs_3.5_wt_CeCl3_and_5.0_wt_SrCl2_and_5.0_wt_MnCl2.csv
[Run 4695/508994] ✅ Saved: 20260902_1209_nist_libs_4.0_wt_CeCl3_and_0.5_wt_SrCl2_and_0.5_wt_MnCl2.csv
[Run 4696/508994] ✅ Saved: 20260902_1209_nist_libs_4.0_wt_CeCl3_and_0.5_wt_SrCl2_and_1.0_wt_MnCl2.csv
[Run 4697/508994] ✅ Saved: 20260902_1209_nist_libs_4.0_wt_CeCl3_and_0.5_wt_SrCl2_and_1.5_wt_MnCl2.csv
[Run 4698/508994] ✅ Saved: 20260902_1209_nist_libs_4.0_wt_CeCl3_and_0.5_wt_SrCl2_and_2.0_wt_MnCl2.csv
[Run 4699/508994] ✅ Saved: 20260902_1209_nist_libs_4.0_wt_CeCl3_and_0.5_wt_SrCl2_and_2.5_wt_MnCl2.csv
[Run 4700/508994] ✅ Saved: 20260902_1209_nist_libs_4.0_wt_CeCl3_and_0.5_wt_SrCl2_and_3.0_wt_MnCl2.csv
[Run 4701/508994] ✅ Saved: 20260902_1209_nist_libs_4.0_wt_CeCl3_and_0.5_wt_SrCl2_and_3.5_wt_MnCl2.csv
[Run 4702/508994] ✅ Saved: 20260902_1209_nist_libs_4.0_wt_CeCl3_and_0.5_wt_SrCl2_and_4.0_wt_MnCl2.csv
[Run 4704/508994] ✅ Saved: 20260902_1209_nist_libs_4.0_wt_CeCl3_and_0.5_wt_SrCl2_and_5.0_wt_MnCl2.csv
[Run 4703/508994] ✅ Saved: 20260902_1209_nist_libs_4.0_wt_CeCl3_and_0.5_wt_SrCl2_and_4.5_wt_MnCl2.csv
[Run 4705/508994] ✅ Saved: 20260902_1209_nist_libs_4.0_wt_CeCl3_and_1.0_wt_SrCl2_and_0.5_wt_MnCl2.csv
[Run 4706/508994] ✅ Saved: 20260902_1209_nist_libs_4.0_wt_CeCl3_and_1.0_wt_SrCl2_and_1.0_wt_MnCl2.csv
[Run 4707/508994] ✅ Saved: 20260902_1209_nist_libs_4.0_wt_CeCl3_and_1.0_wt_SrCl2_and_1.5_wt_MnCl2.csv
[Run 4709/508994] ✅ Saved: 20260902_1209_nist_libs_4.0_wt_CeCl3_and_1.0_wt_SrCl2_and_2.5_wt_MnCl2.csv
[Run 4708/508994] ✅ Saved: 20260902_1209_nist_libs_4.0_wt_CeCl3_and_1.0_wt_SrCl2_and_2.0_wt_MnCl2.csv
[Run 4710/508994] ✅ Saved: 20260902_1209_nist_libs_4.0_wt_CeCl3_and_1.0_wt_SrCl2_and_3.0_wt_MnCl2.csv
[Run 4711/508994] ✅ Saved: 20260902_1209_nist_libs_4.0_wt_CeCl3_and_1.0_wt_SrCl2_and_3.5_wt_MnCl2.csv
[Run 4713/508994] ✅ Saved: 20260902_1209_nist_libs_4.0_wt_CeCl3_and_1.0_wt_SrCl2_and_4.5_wt_MnCl2.csv
[Run 4712/508994] ✅ Saved: 20260902_1209_nist_libs_4.0_wt_CeCl3_and_1.0_wt_SrCl2_and_4.0_wt_MnCl2.csv
[Run 4714/508994] ✅ Saved: 20260902_1209_nist_libs_4.0_wt_CeCl3_and_1.0_wt_SrCl2_and_5.0_wt_MnCl2.csv
[Run 4715/508994] ✅ Saved: 20260902_1209_nist_libs_4.0_wt_CeCl3_and_1.5_wt_SrCl2_and_0.5_wt_MnCl2.csv
[Run 4716/508994] ✅ Saved: 20260902_1209_nist_libs_4.0_wt_CeCl3_and_1.5_wt_SrCl2_and_1.0_wt_MnCl2.csv
[Run 4717/508994] ✅ Saved: 20260902_1209_nist_libs_4.0_wt_CeCl3_and_1.5_wt_SrCl2_and_1.5_wt_MnCl2.csv
[Run 4718/508994] ✅ Saved: 20260902_1209_nist_libs_4.0_wt_CeCl3_and_1.5_wt_SrCl2_and_2.0_wt_MnCl2.csv
[Run 4719/508994] ✅ Saved: 20260902_1209_nist_libs_4.0_wt_CeCl3_and_1.5_wt_SrCl2_and_2.5_wt_MnCl2.csv
[Run 4720/508994] ✅ Saved: 20260902_1209_nist_libs_4.0_wt_CeCl3_and_1.5_wt_SrCl2_and_3.0_wt_MnCl2.csv
[Run 4721/508994] ✅ Saved: 20260902_1209_nist_libs_4.0_wt_CeCl3_and_1.5_wt_SrCl2_and_3.5_wt_MnCl2.csv
[Run 4723/508994] ✅ Saved: 20260902_1209_nist_libs_4.0_wt_CeCl3_and_1.5_wt_SrCl2_and_4.5_wt_MnCl2.csv
[Run 4722/508994] ✅ Saved: 20260902_1209_nist_libs_4.0_wt_CeCl3_and_1.5_wt_SrCl2_and_4.0_wt_MnCl2.csv
[Run 4724/508994] ✅ Saved: 20260902_1209_nist_libs_4.0_wt_CeCl3_and_1.5_wt_SrCl2_and_5.0_wt_MnCl2.csv
[Run 4725/508994] ✅ Saved: 20260902_1209_nist_libs_4.0_wt_CeCl3_and_2.0_wt_SrCl2_and_0.5_wt_MnCl2.csv
[Run 4727/508994] ✅ Saved: 20260902_1209_nist_libs_4.0_wt_CeCl3_and_2.0_wt_SrCl2_and_1.5_wt_MnCl2.csv
[Run 4726/508994] ✅ Saved: 20260902_1209_nist_libs_4.0_wt_CeCl3_and_2.0_wt_SrCl2_and_1.0_wt_MnCl2.csv
[Run 4728/508994] ✅ Saved: 20260902_1209_nist_libs_4.0_wt_CeCl3_and_2.0_wt_SrCl2_and_2.0_wt_MnCl2.csv
[Run 4729/508994] ✅ Saved: 20260902_1209_nist_libs_4.0_wt_CeCl3_and_2.0_wt_SrCl2_and_2.5_wt_MnCl2.csv
[Run 4731/508994] ✅ Saved: 20260902_1209_nist_libs_4.0_wt_CeCl3_and_2.0_wt_SrCl2_and_3.5_wt_MnCl2.csv
[Run 4730/508994] ✅ Saved: 20260902_1209_nist_libs_4.0_wt_CeCl3_and_2.0_wt_SrCl2_and_3.0_wt_MnCl2.csv
[Run 4732/508994] ✅ Saved: 20260902_1209_nist_libs_4.0_wt_CeCl3_and_2.0_wt_SrCl2_and_4.0_wt_MnCl2.csv
[Run 4733/508994] ✅ Saved: 20260902_1209_nist_libs_4.0_wt_CeCl3_and_2.0_wt_SrCl2_and_4.5_wt_MnCl2.csv
[Run 4734/508994] ✅ Saved: 20260902_1209_nist_libs_4.0_wt_CeCl3_and_2.0_wt_SrCl2_and_5.0_wt_MnCl2.csv
[Run 4735/508994] ✅ Saved: 20260902_1209_nist_libs_4.0_wt_CeCl3_and_2.5_wt_SrCl2_and_0.5_wt_MnCl2.csv
[Run 4736/508994] ✅ Saved: 20260902_1209_nist_libs_4.0_wt_CeCl3_and_2.5_wt_SrCl2_and_1.0_wt_MnCl2.csv
[Run 4737/508994] ✅ Saved: 20260902_1209_nist_libs_4.0_wt_CeCl3_and_2.5_wt_SrCl2_and_1.5_wt_MnCl2.csv
[Run 4738/508994] ✅ Saved: 20260902_1209_nist_libs_4.0_wt_CeCl3_and_2.5_wt_SrCl2_and_2.0_wt_MnCl2.csv
[Run 4740/508994] ✅ Saved: 20260902_1209_nist_libs_4.0_wt_CeCl3_and_2.5_wt_SrCl2_and_3.0_wt_MnCl2.csv
[Run 4739/508994] ✅ Saved: 20260902_1209_nist_libs_4.0_wt_CeCl3_and_2.5_wt_SrCl2_and_2.5_wt_MnCl2.csv
[Run 4741/508994] ✅ Saved: 20260902_1209_nist_libs_4.0_wt_CeCl3_and_2.5_wt_SrCl2_and_3.5_wt_MnCl2.csv
[Run 4744/508994] ✅ Saved: 20260902_1209_nist_libs_4.0_wt_CeCl3_and_2.5_wt_SrCl2_and_5.0_wt_MnCl2.csv
[Run 4742/508994] ✅ Saved: 20260902_1209_nist_libs_4.0_wt_CeCl3_and_2.5_wt_SrCl2_and_4.0_wt_MnCl2.csv
[Run 4743/508994] ✅ Saved: 20260902_1209_nist_libs_4.0_wt_CeCl3_and_2.5_wt_SrCl2_and_4.5_wt_MnCl2.csv
[Run 4745/508994] ✅ Saved: 20260902_1209_nist_libs_4.0_wt_CeCl3_and_3.0_wt_SrCl2_and_0.5_wt_MnCl2.csv
[Run 4746/508994] ✅ Saved: 20260902_1209_nist_libs_4.0_wt_CeCl3_and_3.0_wt_SrCl2_and_1.0_wt_MnCl2.csv
[Run 4747/508994] ✅ Saved: 20260902_1209_nist_libs_4.0_wt_CeCl3_and_3.0_wt_SrCl2_and_1.5_wt_MnCl2.csv
[Run 4748/508994] ✅ Saved: 20260902_1209_nist_libs_4.0_wt_CeCl3_and_3.0_wt_SrCl2_and_2.0_wt_MnCl2.csv
[Run 4749/508994] ✅ Saved: 20260902_1209_nist_libs_4.0_wt_CeCl3_and_3.0_wt_SrCl2_and_2.5_wt_MnCl2.csv
[Run 4750/508994] ✅ Saved: 20260902_1209_nist_libs_4.0_wt_CeCl3_and_3.0_wt_SrCl2_and_3.0_wt_MnCl2.csv
[Run 4751/508994] ✅ Saved: 20260902_1209_nist_libs_4.0_wt_CeCl3_and_3.0_wt_SrCl2_and_3.5_wt_MnCl2.csv
[Run 4752/508994] ✅ Saved: 20260902_1209_nist_libs_4.0_wt_CeCl3_and_3.0_wt_SrCl2_and_4.0_wt_MnCl2.csv
[Run 4753/508994] ✅ Saved: 20260902_1209_nist_libs_4.0_wt_CeCl3_and_3.0_wt_SrCl2_and_4.5_wt_MnCl2.csv
[Run 4754/508994] ✅ Saved: 20260902_1209_nist_libs_4.0_wt_CeCl3_and_3.0_wt_SrCl2_and_5.0_wt_MnCl2.csv
[Run 4755/508994] ✅ Saved: 20260902_1209_nist_libs_4.0_wt_CeCl3_and_3.5_wt_SrCl2_and_0.5_wt_MnCl2.csv
[Run 4756/508994] ✅ Saved: 20260902_1209_nist_libs_4.0_wt_CeCl3_and_3.5_wt_SrCl2_and_1.0_wt_MnCl2.csv
[Run 4757/508994] ✅ Saved: 20260902_1209_nist_libs_4.0_wt_CeCl3_and_3.5_wt_SrCl2_and_1.5_wt_MnCl2.csv
[Run 4758/508994] ✅ Saved: 20260902_1209_nist_libs_4.0_wt_CeCl3_and_3.5_wt_SrCl2_and_2.0_wt_MnCl2.csv
[Run 4759/508994] ✅ Saved: 20260902_1209_nist_libs_4.0_wt_CeCl3_and_3.5_wt_SrCl2_and_2.5_wt_MnCl2.csv
[Run 4760/508994] ✅ Saved: 20260902_1209_nist_libs_4.0_wt_CeCl3_and_3.5_wt_SrCl2_and_3.0_wt_MnCl2.csv
[Run 4761/508994] ✅ Saved: 20260902_1209_nist_libs_4.0_wt_CeCl3_and_3.5_wt_SrCl2_and_3.5_wt_MnCl2.csv
[Run 4762/508994] ✅ Saved: 20260902_1209_nist_libs_4.0_wt_CeCl3_and_3.5_wt_SrCl2_and_4.0_wt_MnCl2.csv
[Run 4763/508994] ✅ Saved: 20260902_1209_nist_libs_4.0_wt_CeCl3_and_3.5_wt_SrCl2_and_4.5_wt_MnCl2.csv
[Run 4764/508994] ✅ Saved: 20260902_1209_nist_libs_4.0_wt_CeCl3_and_3.5_wt_SrCl2_and_5.0_wt_MnCl2.csv
[Run 4765/508994] ✅ Saved: 20260902_1209_nist_libs_4.0_wt_CeCl3_and_4.0_wt_SrCl2_and_0.5_wt_MnCl2.csv
[Run 4766/508994] ✅ Saved: 20260902_1209_nist_libs_4.0_wt_CeCl3_and_4.0_wt_SrCl2_and_1.0_wt_MnCl2.csv
[Run 4767/508994] ✅ Saved: 20260902_1209_nist_libs_4.0_wt_CeCl3_and_4.0_wt_SrCl2_and_1.5_wt_MnCl2.csv
[Run 4768/508994] ✅ Saved: 20260902_1209_nist_libs_4.0_wt_CeCl3_and_4.0_wt_SrCl2_and_2.0_wt_MnCl2.csv
[Run 4769/508994] ✅ Saved: 20260902_1209_nist_libs_4.0_wt_CeCl3_and_4.0_wt_SrCl2_and_2.5_wt_MnCl2.csv
[Run 4770/508994] ✅ Saved: 20260902_1209_nist_libs_4.0_wt_CeCl3_and_4.0_wt_SrCl2_and_3.0_wt_MnCl2.csv
[Run 4771/508994] ✅ Saved: 20260902_1209_nist_libs_4.0_wt_CeCl3_and_4.0_wt_SrCl2_and_3.5_wt_MnCl2.csv
[Run 4772/508994] ✅ Saved: 20260902_1209_nist_libs_4.0_wt_CeCl3_and_4.0_wt_SrCl2_and_4.0_wt_MnCl2.csv
[Run 4773/508994] ✅ Saved: 20260902_1209_nist_libs_4.0_wt_CeCl3_and_4.0_wt_SrCl2_and_4.5_wt_MnCl2.csv
[Run 4774/508994] ✅ Saved: 20260902_1209_nist_libs_4.0_wt_CeCl3_and_4.0_wt_SrCl2_and_5.0_wt_MnCl2.csv
[Run 4775/508994] ✅ Saved: 20260902_1209_nist_libs_4.0_wt_CeCl3_and_4.5_wt_SrCl2_and_0.5_wt_MnCl2.csv
[Run 4776/508994] ✅ Saved: 20260902_1209_nist_libs_4.0_wt_CeCl3_and_4.5_wt_SrCl2_and_1.0_wt_MnCl2.csv
[Run 4777/508994] ✅ Saved: 20260902_1209_nist_libs_4.0_wt_CeCl3_and_4.5_wt_SrCl2_and_1.5_wt_MnCl2.csv
[Run 4778/508994] ✅ Saved: 20260902_1209_nist_libs_4.0_wt_CeCl3_and_4.5_wt_SrCl2_and_2.0_wt_MnCl2.csv
[Run 4779/508994] ✅ Saved: 20260902_1209_nist_libs_4.0_wt_CeCl3_and_4.5_wt_SrCl2_and_2.5_wt_MnCl2.csv
[Run 4780/508994] ✅ Saved: 20260902_1209_nist_libs_4.0_wt_CeCl3_and_4.5_wt_SrCl2_and_3.0_wt_MnCl2.csv
[Run 4781/508994] ✅ Saved: 20260902_1209_nist_libs_4.0_wt_CeCl3_and_4.5_wt_SrCl2_and_3.5_wt_MnCl2.csv
[Run 4782/508994] ✅ Saved: 20260902_1209_nist_libs_4.0_wt_CeCl3_and_4.5_wt_SrCl2_and_4.0_wt_MnCl2.csv
[Run 4783/508994] ✅ Saved: 20260902_1209_nist_libs_4.0_wt_CeCl3_and_4.5_wt_SrCl2_and_4.5_wt_MnCl2.csv
[Run 4784/508994] ✅ Saved: 20260902_1209_nist_libs_4.0_wt_CeCl3_and_4.5_wt_SrCl2_and_5.0_wt_MnCl2.csv
[Run 4785/508994] ✅ Saved: 20260902_1209_nist_libs_4.0_wt_CeCl3_and_5.0_wt_SrCl2_and_0.5_wt_MnCl2.csv
[Run 4786/508994] ✅ Saved: 20260902_1209_nist_libs_4.0_wt_CeCl3_and_5.0_wt_SrCl2_and_1.0_wt_MnCl2.csv
[Run 4787/508994] ✅ Saved: 20260902_1209_nist_libs_4.0_wt_CeCl3_and_5.0_wt_SrCl2_and_1.5_wt_MnCl2.csv
[Run 4788/508994] ✅ Saved: 20260902_1209_nist_libs_4.0_wt_CeCl3_and_5.0_wt_SrCl2_and_2.0_wt_MnCl2.csv
[Run 4789/508994] ✅ Saved: 20260902_1209_nist_libs_4.0_wt_CeCl3_and_5.0_wt_SrCl2_and_2.5_wt_MnCl2.csv
[Run 4790/508994] ✅ Saved: 20260902_1209_nist_libs_4.0_wt_CeCl3_and_5.0_wt_SrCl2_and_3.0_wt_MnCl2.csv
[Run 4791/508994] ✅ Saved: 20260902_1209_nist_libs_4.0_wt_CeCl3_and_5.0_wt_SrCl2_and_3.5_wt_MnCl2.csv
[Run 4792/508994] ✅ Saved: 20260902_1209_nist_libs_4.0_wt_CeCl3_and_5.0_wt_SrCl2_and_4.0_wt_MnCl2.csv
[Run 4793/508994] ✅ Saved: 20260902_1209_nist_libs_4.0_wt_CeCl3_and_5.0_wt_SrCl2_and_4.5_wt_MnCl2.csv
[Run 4794/508994] ✅ Saved: 20260902_1209_nist_libs_4.0_wt_CeCl3_and_5.0_wt_SrCl2_and_5.0_wt_MnCl2.csv
[Run 4795/508994] ✅ Saved: 20260902_1209_nist_libs_4.5_wt_CeCl3_and_0.5_wt_SrCl2_and_0.5_wt_MnCl2.csv
[Run 4796/508994] ✅ Saved: 20260902_1209_nist_libs_4.5_wt_CeCl3_and_0.5_wt_SrCl2_and_1.0_wt_MnCl2.csv
[Run 4797/508994] ✅ Saved: 20260902_1209_nist_libs_4.5_wt_CeCl3_and_0.5_wt_SrCl2_and_1.5_wt_MnCl2.csv
[Run 4798/508994] ✅ Saved: 20260902_1209_nist_libs_4.5_wt_CeCl3_and_0.5_wt_SrCl2_and_2.0_wt_MnCl2.csv
[Run 4799/508994] ✅ Saved: 20260902_1209_nist_libs_4.5_wt_CeCl3_and_0.5_wt_SrCl2_and_2.5_wt_MnCl2.csv
[Run 4801/508994] ✅ Saved: 20260902_1209_nist_libs_4.5_wt_CeCl3_and_0.5_wt_SrCl2_and_3.5_wt_MnCl2.csv
[Run 4800/508994] ✅ Saved: 20260902_1209_nist_libs_4.5_wt_CeCl3_and_0.5_wt_SrCl2_and_3.0_wt_MnCl2.csv
[Run 4802/508994] ✅ Saved: 20260902_1209_nist_libs_4.5_wt_CeCl3_and_0.5_wt_SrCl2_and_4.0_wt_MnCl2.csv
[Run 4803/508994] ✅ Saved: 20260902_1209_nist_libs_4.5_wt_CeCl3_and_0.5_wt_SrCl2_and_4.5_wt_MnCl2.csv
[Run 4805/508994] ✅ Saved: 20260902_1209_nist_libs_4.5_wt_CeCl3_and_1.0_wt_SrCl2_and_0.5_wt_MnCl2.csv
[Run 4806/508994] ✅ Saved: 20260902_1209_nist_libs_4.5_wt_CeCl3_and_1.0_wt_SrCl2_and_1.0_wt_MnCl2.csv
[Run 4804/508994] ✅ Saved: 20260902_1209_nist_libs_4.5_wt_CeCl3_and_0.5_wt_SrCl2_and_5.0_wt_MnCl2.csv
[Run 4807/508994] ✅ Saved: 20260902_1209_nist_libs_4.5_wt_CeCl3_and_1.0_wt_SrCl2_and_1.5_wt_MnCl2.csv
[Run 4809/508994] ✅ Saved: 20260902_1209_nist_libs_4.5_wt_CeCl3_and_1.0_wt_SrCl2_and_2.5_wt_MnCl2.csv
[Run 4808/508994] ✅ Saved: 20260902_1209_nist_libs_4.5_wt_CeCl3_and_1.0_wt_SrCl2_and_2.0_wt_MnCl2.csv
[Run 4810/508994] ✅ Saved: 20260902_1209_nist_libs_4.5_wt_CeCl3_and_1.0_wt_SrCl2_and_3.0_wt_MnCl2.csv
[Run 4811/508994] ✅ Saved: 20260902_1209_nist_libs_4.5_wt_CeCl3_and_1.0_wt_SrCl2_and_3.5_wt_MnCl2.csv
[Run 4812/508994] ✅ Saved: 20260902_1209_nist_libs_4.5_wt_CeCl3_and_1.0_wt_SrCl2_and_4.0_wt_MnCl2.csv
[Run 4813/508994] ✅ Saved: 20260902_1209_nist_libs_4.5_wt_CeCl3_and_1.0_wt_SrCl2_and_4.5_wt_MnCl2.csv
[Run 4814/508994] ✅ Saved: 20260902_1209_nist_libs_4.5_wt_CeCl3_and_1.0_wt_SrCl2_and_5.0_wt_MnCl2.csv
[Run 4815/508994] ✅ Saved: 20260902_1209_nist_libs_4.5_wt_CeCl3_and_1.5_wt_SrCl2_and_0.5_wt_MnCl2.csv
[Run 4816/508994] ✅ Saved: 20260902_1209_nist_libs_4.5_wt_CeCl3_and_1.5_wt_SrCl2_and_1.0_wt_MnCl2.csv
[Run 4818/508994] ✅ Saved: 20260902_1209_nist_libs_4.5_wt_CeCl3_and_1.5_wt_SrCl2_and_2.0_wt_MnCl2.csv
[Run 4817/508994] ✅ Saved: 20260902_1209_nist_libs_4.5_wt_CeCl3_and_1.5_wt_SrCl2_and_1.5_wt_MnCl2.csv
[Run 4819/508994] ✅ Saved: 20260902_1209_nist_libs_4.5_wt_CeCl3_and_1.5_wt_SrCl2_and_2.5_wt_MnCl2.csv
[Run 4820/508994] ✅ Saved: 20260902_1209_nist_libs_4.5_wt_CeCl3_and_1.5_wt_SrCl2_and_3.0_wt_MnCl2.csv
[Run 4822/508994] ✅ Saved: 20260902_1209_nist_libs_4.5_wt_CeCl3_and_1.5_wt_SrCl2_and_4.0_wt_MnCl2.csv
[Run 4821/508994] ✅ Saved: 20260902_1209_nist_libs_4.5_wt_CeCl3_and_1.5_wt_SrCl2_and_3.5_wt_MnCl2.csv
[Run 4823/508994] ✅ Saved: 20260902_1209_nist_libs_4.5_wt_CeCl3_and_1.5_wt_SrCl2_and_4.5_wt_MnCl2.csv
[Run 4824/508994] ✅ Saved: 20260902_1209_nist_libs_4.5_wt_CeCl3_and_1.5_wt_SrCl2_and_5.0_wt_MnCl2.csv
[Run 4825/508994] ✅ Saved: 20260902_1209_nist_libs_4.5_wt_CeCl3_and_2.0_wt_SrCl2_and_0.5_wt_MnCl2.csv
[Run 4826/508994] ✅ Saved: 20260902_1209_nist_libs_4.5_wt_CeCl3_and_2.0_wt_SrCl2_and_1.0_wt_MnCl2.csv
[Run 4827/508994] ✅ Saved: 20260902_1209_nist_libs_4.5_wt_CeCl3_and_2.0_wt_SrCl2_and_1.5_wt_MnCl2.csv
[Run 4828/508994] ✅ Saved: 20260902_1209_nist_libs_4.5_wt_CeCl3_and_2.0_wt_SrCl2_and_2.0_wt_MnCl2.csv
[Run 4829/508994] ✅ Saved: 20260902_1209_nist_libs_4.5_wt_CeCl3_and_2.0_wt_SrCl2_and_2.5_wt_MnCl2.csv
[Run 4830/508994] ✅ Saved: 20260902_1209_nist_libs_4.5_wt_CeCl3_and_2.0_wt_SrCl2_and_3.0_wt_MnCl2.csv
[Run 4831/508994] ✅ Saved: 20260902_1209_nist_libs_4.5_wt_CeCl3_and_2.0_wt_SrCl2_and_3.5_wt_MnCl2.csv
[Run 4832/508994] ✅ Saved: 20260902_1209_nist_libs_4.5_wt_CeCl3_and_2.0_wt_SrCl2_and_4.0_wt_MnCl2.csv
[Run 4833/508994] ✅ Saved: 20260902_1209_nist_libs_4.5_wt_CeCl3_and_2.0_wt_SrCl2_and_4.5_wt_MnCl2.csv
[Run 4834/508994] ✅ Saved: 20260902_1209_nist_libs_4.5_wt_CeCl3_and_2.0_wt_SrCl2_and_5.0_wt_MnCl2.csv
[Run 4835/508994] ✅ Saved: 20260902_1209_nist_libs_4.5_wt_CeCl3_and_2.5_wt_SrCl2_and_0.5_wt_MnCl2.csv
[Run 4836/508994] ✅ Saved: 20260902_1209_nist_libs_4.5_wt_CeCl3_and_2.5_wt_SrCl2_and_1.0_wt_MnCl2.csv
[Run 4837/508994] ✅ Saved: 20260902_1209_nist_libs_4.5_wt_CeCl3_and_2.5_wt_SrCl2_and_1.5_wt_MnCl2.csv
[Run 4838/508994] ✅ Saved: 20260902_1209_nist_libs_4.5_wt_CeCl3_and_2.5_wt_SrCl2_and_2.0_wt_MnCl2.csv
[Run 4839/508994] ✅ Saved: 20260902_1209_nist_libs_4.5_wt_CeCl3_and_2.5_wt_SrCl2_and_2.5_wt_MnCl2.csv
[Run 4840/508994] ✅ Saved: 20260902_1209_nist_libs_4.5_wt_CeCl3_and_2.5_wt_SrCl2_and_3.0_wt_MnCl2.csv
[Run 4841/508994] ✅ Saved: 20260902_1209_nist_libs_4.5_wt_CeCl3_and_2.5_wt_SrCl2_and_3.5_wt_MnCl2.csv
[Run 4842/508994] ✅ Saved: 20260902_1209_nist_libs_4.5_wt_CeCl3_and_2.5_wt_SrCl2_and_4.0_wt_MnCl2.csv
[Run 4843/508994] ✅ Saved: 20260902_1209_nist_libs_4.5_wt_CeCl3_and_2.5_wt_SrCl2_and_4.5_wt_MnCl2.csv
[Run 4844/508994] ✅ Saved: 20260902_1209_nist_libs_4.5_wt_CeCl3_and_2.5_wt_SrCl2_and_5.0_wt_MnCl2.csv
[Run 4845/508994] ✅ Saved: 20260902_1209_nist_libs_4.5_wt_CeCl3_and_3.0_wt_SrCl2_and_0.5_wt_MnCl2.csv
[Run 4846/508994] ✅ Saved: 20260902_1209_nist_libs_4.5_wt_CeCl3_and_3.0_wt_SrCl2_and_1.0_wt_MnCl2.csv
[Run 4847/508994] ✅ Saved: 20260902_1209_nist_libs_4.5_wt_CeCl3_and_3.0_wt_SrCl2_and_1.5_wt_MnCl2.csv
[Run 4848/508994] ✅ Saved: 20260902_1209_nist_libs_4.5_wt_CeCl3_and_3.0_wt_SrCl2_and_2.0_wt_MnCl2.csv
[Run 4849/508994] ✅ Saved: 20260902_1209_nist_libs_4.5_wt_CeCl3_and_3.0_wt_SrCl2_and_2.5_wt_MnCl2.csv
[Run 4850/508994] ✅ Saved: 20260902_1209_nist_libs_4.5_wt_CeCl3_and_3.0_wt_SrCl2_and_3.0_wt_MnCl2.csv
[Run 4851/508994] ✅ Saved: 20260902_1209_nist_libs_4.5_wt_CeCl3_and_3.0_wt_SrCl2_and_3.5_wt_MnCl2.csv
[Run 4852/508994] ✅ Saved: 20260902_1209_nist_libs_4.5_wt_CeCl3_and_3.0_wt_SrCl2_and_4.0_wt_MnCl2.csv
[Run 4853/508994] ✅ Saved: 20260902_1209_nist_libs_4.5_wt_CeCl3_and_3.0_wt_SrCl2_and_4.5_wt_MnCl2.csv
[Run 4854/508994] ✅ Saved: 20260902_1209_nist_libs_4.5_wt_CeCl3_and_3.0_wt_SrCl2_and_5.0_wt_MnCl2.csv
[Run 4855/508994] ✅ Saved: 20260902_1209_nist_libs_4.5_wt_CeCl3_and_3.5_wt_SrCl2_and_0.5_wt_MnCl2.csv
[Run 4856/508994] ✅ Saved: 20260902_1209_nist_libs_4.5_wt_CeCl3_and_3.5_wt_SrCl2_and_1.0_wt_MnCl2.csv
[Run 4857/508994] ✅ Saved: 20260902_1209_nist_libs_4.5_wt_CeCl3_and_3.5_wt_SrCl2_and_1.5_wt_MnCl2.csv
[Run 4858/508994] ✅ Saved: 20260902_1209_nist_libs_4.5_wt_CeCl3_and_3.5_wt_SrCl2_and_2.0_wt_MnCl2.csv
[Run 4859/508994] ✅ Saved: 20260902_1209_nist_libs_4.5_wt_CeCl3_and_3.5_wt_SrCl2_and_2.5_wt_MnCl2.csv
[Run 4860/508994] ✅ Saved: 20260902_1209_nist_libs_4.5_wt_CeCl3_and_3.5_wt_SrCl2_and_3.0_wt_MnCl2.csv
[Run 4861/508994] ✅ Saved: 20260902_1209_nist_libs_4.5_wt_CeCl3_and_3.5_wt_SrCl2_and_3.5_wt_MnCl2.csv
[Run 4862/508994] ✅ Saved: 20260902_1209_nist_libs_4.5_wt_CeCl3_and_3.5_wt_SrCl2_and_4.0_wt_MnCl2.csv
[Run 4863/508994] ✅ Saved: 20260902_1209_nist_libs_4.5_wt_CeCl3_and_3.5_wt_SrCl2_and_4.5_wt_MnCl2.csv
[Run 4864/508994] ✅ Saved: 20260902_1209_nist_libs_4.5_wt_CeCl3_and_3.5_wt_SrCl2_and_5.0_wt_MnCl2.csv
[Run 4865/508994] ✅ Saved: 20260902_1209_nist_libs_4.5_wt_CeCl3_and_4.0_wt_SrCl2_and_0.5_wt_MnCl2.csv
[Run 4866/508994] ✅ Saved: 20260902_1209_nist_libs_4.5_wt_CeCl3_and_4.0_wt_SrCl2_and_1.0_wt_MnCl2.csv
[Run 4867/508994] ✅ Saved: 20260902_1209_nist_libs_4.5_wt_CeCl3_and_4.0_wt_SrCl2_and_1.5_wt_MnCl2.csv
[Run 4868/508994] ✅ Saved: 20260902_1209_nist_libs_4.5_wt_CeCl3_and_4.0_wt_SrCl2_and_2.0_wt_MnCl2.csv
[Run 4869/508994] ✅ Saved: 20260902_1209_nist_libs_4.5_wt_CeCl3_and_4.0_wt_SrCl2_and_2.5_wt_MnCl2.csv
[Run 4870/508994] ✅ Saved: 20260902_1209_nist_libs_4.5_wt_CeCl3_and_4.0_wt_SrCl2_and_3.0_wt_MnCl2.csv
[Run 4871/508994] ✅ Saved: 20260902_1209_nist_libs_4.5_wt_CeCl3_and_4.0_wt_SrCl2_and_3.5_wt_MnCl2.csv
[Run 4872/508994] ✅ Saved: 20260902_1209_nist_libs_4.5_wt_CeCl3_and_4.0_wt_SrCl2_and_4.0_wt_MnCl2.csv
[Run 4874/508994] ✅ Saved: 20260902_1209_nist_libs_4.5_wt_CeCl3_and_4.0_wt_SrCl2_and_5.0_wt_MnCl2.csv
[Run 4873/508994] ✅ Saved: 20260902_1209_nist_libs_4.5_wt_CeCl3_and_4.0_wt_SrCl2_and_4.5_wt_MnCl2.csv
[Run 4875/508994] ✅ Saved: 20260902_1209_nist_libs_4.5_wt_CeCl3_and_4.5_wt_SrCl2_and_0.5_wt_MnCl2.csv
[Run 4876/508994] ✅ Saved: 20260902_1209_nist_libs_4.5_wt_CeCl3_and_4.5_wt_SrCl2_and_1.0_wt_MnCl2.csv
[Run 4877/508994] ✅ Saved: 20260902_1209_nist_libs_4.5_wt_CeCl3_and_4.5_wt_SrCl2_and_1.5_wt_MnCl2.csv
[Run 4878/508994] ✅ Saved: 20260902_1209_nist_libs_4.5_wt_CeCl3_and_4.5_wt_SrCl2_and_2.0_wt_MnCl2.csv
[Run 4879/508994] ✅ Saved: 20260902_1209_nist_libs_4.5_wt_CeCl3_and_4.5_wt_SrCl2_and_2.5_wt_MnCl2.csv
[Run 4880/508994] ✅ Saved: 20260902_1209_nist_libs_4.5_wt_CeCl3_and_4.5_wt_SrCl2_and_3.0_wt_MnCl2.csv
[Run 4881/508994] ✅ Saved: 20260902_1209_nist_libs_4.5_wt_CeCl3_and_4.5_wt_SrCl2_and_3.5_wt_MnCl2.csv
[Run 4882/508994] ✅ Saved: 20260902_1209_nist_libs_4.5_wt_CeCl3_and_4.5_wt_SrCl2_and_4.0_wt_MnCl2.csv
[Run 4883/508994] ✅ Saved: 20260902_1209_nist_libs_4.5_wt_CeCl3_and_4.5_wt_SrCl2_and_4.5_wt_MnCl2.csv
[Run 4884/508994] ✅ Saved: 20260902_1209_nist_libs_4.5_wt_CeCl3_and_4.5_wt_SrCl2_and_5.0_wt_MnCl2.csv
[Run 4885/508994] ✅ Saved: 20260902_1209_nist_libs_4.5_wt_CeCl3_and_5.0_wt_SrCl2_and_0.5_wt_MnCl2.csv
[Run 4886/508994] ✅ Saved: 20260902_1209_nist_libs_4.5_wt_CeCl3_and_5.0_wt_SrCl2_and_1.0_wt_MnCl2.csv
[Run 4887/508994] ✅ Saved: 20260902_1209_nist_libs_4.5_wt_CeCl3_and_5.0_wt_SrCl2_and_1.5_wt_MnCl2.csv
[Run 4888/508994] ✅ Saved: 20260902_1209_nist_libs_4.5_wt_CeCl3_and_5.0_wt_SrCl2_and_2.0_wt_MnCl2.csv
[Run 4890/508994] ✅ Saved: 20260902_1209_nist_libs_4.5_wt_CeCl3_and_5.0_wt_SrCl2_and_3.0_wt_MnCl2.csv
[Run 4889/508994] ✅ Saved: 20260902_1209_nist_libs_4.5_wt_CeCl3_and_5.0_wt_SrCl2_and_2.5_wt_MnCl2.csv
[Run 4891/508994] ✅ Saved: 20260902_1209_nist_libs_4.5_wt_CeCl3_and_5.0_wt_SrCl2_and_3.5_wt_MnCl2.csv
[Run 4892/508994] ✅ Saved: 20260902_1209_nist_libs_4.5_wt_CeCl3_and_5.0_wt_SrCl2_and_4.0_wt_MnCl2.csv
[Run 4893/508994] ✅ Saved: 20260902_1209_nist_libs_4.5_wt_CeCl3_and_5.0_wt_SrCl2_and_4.5_wt_MnCl2.csv
[Run 4894/508994] ✅ Saved: 20260902_1209_nist_libs_4.5_wt_CeCl3_and_5.0_wt_SrCl2_and_5.0_wt_MnCl2.csv
[Run 4895/508994] ✅ Saved: 20260902_1209_nist_libs_5.0_wt_CeCl3_and_0.5_wt_SrCl2_and_0.5_wt_MnCl2.csv
[Run 4896/508994] ✅ Saved: 20260902_1209_nist_libs_5.0_wt_CeCl3_and_0.5_wt_SrCl2_and_1.0_wt_MnCl2.csv
[Run 4897/508994] ✅ Saved: 20260902_1209_nist_libs_5.0_wt_CeCl3_and_0.5_wt_SrCl2_and_1.5_wt_MnCl2.csv
[Run 4898/508994] ✅ Saved: 20260902_1209_nist_libs_5.0_wt_CeCl3_and_0.5_wt_SrCl2_and_2.0_wt_MnCl2.csv
[Run 4899/508994] ✅ Saved: 20260902_1209_nist_libs_5.0_wt_CeCl3_and_0.5_wt_SrCl2_and_2.5_wt_MnCl2.csv
[Run 4900/508994] ✅ Saved: 20260902_1209_nist_libs_5.0_wt_CeCl3_and_0.5_wt_SrCl2_and_3.0_wt_MnCl2.csv
[Run 4901/508994] ✅ Saved: 20260902_1209_nist_libs_5.0_wt_CeCl3_and_0.5_wt_SrCl2_and_3.5_wt_MnCl2.csv
[Run 4902/508994] ✅ Saved: 20260902_1209_nist_libs_5.0_wt_CeCl3_and_0.5_wt_SrCl2_and_4.0_wt_MnCl2.csv
[Run 4903/508994] ✅ Saved: 20260902_1209_nist_libs_5.0_wt_CeCl3_and_0.5_wt_SrCl2_and_4.5_wt_MnCl2.csv
[Run 4904/508994] ✅ Saved: 20260902_1209_nist_libs_5.0_wt_CeCl3_and_0.5_wt_SrCl2_and_5.0_wt_MnCl2.csv
[Run 4905/508994] ✅ Saved: 20260902_1209_nist_libs_5.0_wt_CeCl3_and_1.0_wt_SrCl2_and_0.5_wt_MnCl2.csv
[Run 4906/508994] ✅ Saved: 20260902_1209_nist_libs_5.0_wt_CeCl3_and_1.0_wt_SrCl2_and_1.0_wt_MnCl2.csv
[Run 4907/508994] ✅ Saved: 20260902_1209_nist_libs_5.0_wt_CeCl3_and_1.0_wt_SrCl2_and_1.5_wt_MnCl2.csv
[Run 4908/508994] ✅ Saved: 20260902_1209_nist_libs_5.0_wt_CeCl3_and_1.0_wt_SrCl2_and_2.0_wt_MnCl2.csv
[Run 4909/508994] ✅ Saved: 20260902_1209_nist_libs_5.0_wt_CeCl3_and_1.0_wt_SrCl2_and_2.5_wt_MnCl2.csv
[Run 4910/508994] ✅ Saved: 20260902_1209_nist_libs_5.0_wt_CeCl3_and_1.0_wt_SrCl2_and_3.0_wt_MnCl2.csv
[Run 4911/508994] ✅ Saved: 20260902_1209_nist_libs_5.0_wt_CeCl3_and_1.0_wt_SrCl2_and_3.5_wt_MnCl2.csv
[Run 4912/508994] ✅ Saved: 20260902_1209_nist_libs_5.0_wt_CeCl3_and_1.0_wt_SrCl2_and_4.0_wt_MnCl2.csv
[Run 4913/508994] ✅ Saved: 20260902_1209_nist_libs_5.0_wt_CeCl3_and_1.0_wt_SrCl2_and_4.5_wt_MnCl2.csv
[Run 4915/508994] ✅ Saved: 20260902_1209_nist_libs_5.0_wt_CeCl3_and_1.5_wt_SrCl2_and_0.5_wt_MnCl2.csv
[Run 4914/508994] ✅ Saved: 20260902_1209_nist_libs_5.0_wt_CeCl3_and_1.0_wt_SrCl2_and_5.0_wt_MnCl2.csv
[Run 4916/508994] ✅ Saved: 20260902_1209_nist_libs_5.0_wt_CeCl3_and_1.5_wt_SrCl2_and_1.0_wt_MnCl2.csv
[Run 4917/508994] ✅ Saved: 20260902_1209_nist_libs_5.0_wt_CeCl3_and_1.5_wt_SrCl2_and_1.5_wt_MnCl2.csv
[Run 4918/508994] ✅ Saved: 20260902_1209_nist_libs_5.0_wt_CeCl3_and_1.5_wt_SrCl2_and_2.0_wt_MnCl2.csv
[Run 4919/508994] ✅ Saved: 20260902_1209_nist_libs_5.0_wt_CeCl3_and_1.5_wt_SrCl2_and_2.5_wt_MnCl2.csv
[Run 4920/508994] ✅ Saved: 20260902_1209_nist_libs_5.0_wt_CeCl3_and_1.5_wt_SrCl2_and_3.0_wt_MnCl2.csv
[Run 4921/508994] ✅ Saved: 20260902_1209_nist_libs_5.0_wt_CeCl3_and_1.5_wt_SrCl2_and_3.5_wt_MnCl2.csv
[Run 4922/508994] ✅ Saved: 20260902_1209_nist_libs_5.0_wt_CeCl3_and_1.5_wt_SrCl2_and_4.0_wt_MnCl2.csv
[Run 4923/508994] ✅ Saved: 20260902_1209_nist_libs_5.0_wt_CeCl3_and_1.5_wt_SrCl2_and_4.5_wt_MnCl2.csv
[Run 4924/508994] ✅ Saved: 20260902_1209_nist_libs_5.0_wt_CeCl3_and_1.5_wt_SrCl2_and_5.0_wt_MnCl2.csv
[Run 4925/508994] ✅ Saved: 20260902_1209_nist_libs_5.0_wt_CeCl3_and_2.0_wt_SrCl2_and_0.5_wt_MnCl2.csv
[Run 4926/508994] ✅ Saved: 20260902_1209_nist_libs_5.0_wt_CeCl3_and_2.0_wt_SrCl2_and_1.0_wt_MnCl2.csv
[Run 4928/508994] ✅ Saved: 20260902_1209_nist_libs_5.0_wt_CeCl3_and_2.0_wt_SrCl2_and_2.0_wt_MnCl2.csv
[Run 4927/508994] ✅ Saved: 20260902_1209_nist_libs_5.0_wt_CeCl3_and_2.0_wt_SrCl2_and_1.5_wt_MnCl2.csv
[Run 4929/508994] ✅ Saved: 20260902_1209_nist_libs_5.0_wt_CeCl3_and_2.0_wt_SrCl2_and_2.5_wt_MnCl2.csv
[Run 4930/508994] ✅ Saved: 20260902_1209_nist_libs_5.0_wt_CeCl3_and_2.0_wt_SrCl2_and_3.0_wt_MnCl2.csv
[Run 4931/508994] ✅ Saved: 20260902_1209_nist_libs_5.0_wt_CeCl3_and_2.0_wt_SrCl2_and_3.5_wt_MnCl2.csv
[Run 4932/508994] ✅ Saved: 20260902_1209_nist_libs_5.0_wt_CeCl3_and_2.0_wt_SrCl2_and_4.0_wt_MnCl2.csv
[Run 4933/508994] ✅ Saved: 20260902_1209_nist_libs_5.0_wt_CeCl3_and_2.0_wt_SrCl2_and_4.5_wt_MnCl2.csv
[Run 4934/508994] ✅ Saved: 20260902_1209_nist_libs_5.0_wt_CeCl3_and_2.0_wt_SrCl2_and_5.0_wt_MnCl2.csv
[Run 4935/508994] ✅ Saved: 20260902_1209_nist_libs_5.0_wt_CeCl3_and_2.5_wt_SrCl2_and_0.5_wt_MnCl2.csv
[Run 4936/508994] ✅ Saved: 20260902_1209_nist_libs_5.0_wt_CeCl3_and_2.5_wt_SrCl2_and_1.0_wt_MnCl2.csv
[Run 4937/508994] ✅ Saved: 20260902_1209_nist_libs_5.0_wt_CeCl3_and_2.5_wt_SrCl2_and_1.5_wt_MnCl2.csv
[Run 4938/508994] ✅ Saved: 20260902_1209_nist_libs_5.0_wt_CeCl3_and_2.5_wt_SrCl2_and_2.0_wt_MnCl2.csv
[Run 4939/508994] ✅ Saved: 20260902_1209_nist_libs_5.0_wt_CeCl3_and_2.5_wt_SrCl2_and_2.5_wt_MnCl2.csv
[Run 4940/508994] ✅ Saved: 20260902_1209_nist_libs_5.0_wt_CeCl3_and_2.5_wt_SrCl2_and_3.0_wt_MnCl2.csv
[Run 4941/508994] ✅ Saved: 20260902_1209_nist_libs_5.0_wt_CeCl3_and_2.5_wt_SrCl2_and_3.5_wt_MnCl2.csv
[Run 4942/508994] ✅ Saved: 20260902_1209_nist_libs_5.0_wt_CeCl3_and_2.5_wt_SrCl2_and_4.0_wt_MnCl2.csv
[Run 4943/508994] ✅ Saved: 20260902_1209_nist_libs_5.0_wt_CeCl3_and_2.5_wt_SrCl2_and_4.5_wt_MnCl2.csv
[Run 4944/508994] ✅ Saved: 20260902_1209_nist_libs_5.0_wt_CeCl3_and_2.5_wt_SrCl2_and_5.0_wt_MnCl2.csv
[Run 4945/508994] ✅ Saved: 20260902_1209_nist_libs_5.0_wt_CeCl3_and_3.0_wt_SrCl2_and_0.5_wt_MnCl2.csv
[Run 4946/508994] ✅ Saved: 20260902_1209_nist_libs_5.0_wt_CeCl3_and_3.0_wt_SrCl2_and_1.0_wt_MnCl2.csv
[Run 4948/508994] ✅ Saved: 20260902_1209_nist_libs_5.0_wt_CeCl3_and_3.0_wt_SrCl2_and_2.0_wt_MnCl2.csv
[Run 4947/508994] ✅ Saved: 20260902_1209_nist_libs_5.0_wt_CeCl3_and_3.0_wt_SrCl2_and_1.5_wt_MnCl2.csv
[Run 4949/508994] ✅ Saved: 20260902_1209_nist_libs_5.0_wt_CeCl3_and_3.0_wt_SrCl2_and_2.5_wt_MnCl2.csv
[Run 4950/508994] ✅ Saved: 20260902_1209_nist_libs_5.0_wt_CeCl3_and_3.0_wt_SrCl2_and_3.0_wt_MnCl2.csv
[Run 4951/508994] ✅ Saved: 20260902_1209_nist_libs_5.0_wt_CeCl3_and_3.0_wt_SrCl2_and_3.5_wt_MnCl2.csv
[Run 4952/508994] ✅ Saved: 20260902_1209_nist_libs_5.0_wt_CeCl3_and_3.0_wt_SrCl2_and_4.0_wt_MnCl2.csv
[Run 4953/508994] ✅ Saved: 20260902_1209_nist_libs_5.0_wt_CeCl3_and_3.0_wt_SrCl2_and_4.5_wt_MnCl2.csv
[Run 4954/508994] ✅ Saved: 20260902_1209_nist_libs_5.0_wt_CeCl3_and_3.0_wt_SrCl2_and_5.0_wt_MnCl2.csv
[Run 4956/508994] ✅ Saved: 20260902_1209_nist_libs_5.0_wt_CeCl3_and_3.5_wt_SrCl2_and_1.0_wt_MnCl2.csv
[Run 4955/508994] ✅ Saved: 20260902_1209_nist_libs_5.0_wt_CeCl3_and_3.5_wt_SrCl2_and_0.5_wt_MnCl2.csv
[Run 4957/508994] ✅ Saved: 20260902_1209_nist_libs_5.0_wt_CeCl3_and_3.5_wt_SrCl2_and_1.5_wt_MnCl2.csv
[Run 4958/508994] ✅ Saved: 20260902_1209_nist_libs_5.0_wt_CeCl3_and_3.5_wt_SrCl2_and_2.0_wt_MnCl2.csv
[Run 4959/508994] ✅ Saved: 20260902_1209_nist_libs_5.0_wt_CeCl3_and_3.5_wt_SrCl2_and_2.5_wt_MnCl2.csv
[Run 4960/508994] ✅ Saved: 20260902_1209_nist_libs_5.0_wt_CeCl3_and_3.5_wt_SrCl2_and_3.0_wt_MnCl2.csv
[Run 4961/508994] ✅ Saved: 20260902_1209_nist_libs_5.0_wt_CeCl3_and_3.5_wt_SrCl2_and_3.5_wt_MnCl2.csv
[Run 4962/508994] ✅ Saved: 20260902_1209_nist_libs_5.0_wt_CeCl3_and_3.5_wt_SrCl2_and_4.0_wt_MnCl2.csv
[Run 4963/508994] ✅ Saved: 20260902_1209_nist_libs_5.0_wt_CeCl3_and_3.5_wt_SrCl2_and_4.5_wt_MnCl2.csv
[Run 4964/508994] ✅ Saved: 20260902_1209_nist_libs_5.0_wt_CeCl3_and_3.5_wt_SrCl2_and_5.0_wt_MnCl2.csv
[Run 4965/508994] ✅ Saved: 20260902_1209_nist_libs_5.0_wt_CeCl3_and_4.0_wt_SrCl2_and_0.5_wt_MnCl2.csv
[Run 4966/508994] ✅ Saved: 20260902_1209_nist_libs_5.0_wt_CeCl3_and_4.0_wt_SrCl2_and_1.0_wt_MnCl2.csv
[Run 4967/508994] ✅ Saved: 20260902_1209_nist_libs_5.0_wt_CeCl3_and_4.0_wt_SrCl2_and_1.5_wt_MnCl2.csv
[Run 4968/508994] ✅ Saved: 20260902_1209_nist_libs_5.0_wt_CeCl3_and_4.0_wt_SrCl2_and_2.0_wt_MnCl2.csv
[Run 4969/508994] ✅ Saved: 20260902_1209_nist_libs_5.0_wt_CeCl3_and_4.0_wt_SrCl2_and_2.5_wt_MnCl2.csv
[Run 4970/508994] ✅ Saved: 20260902_1209_nist_libs_5.0_wt_CeCl3_and_4.0_wt_SrCl2_and_3.0_wt_MnCl2.csv
[Run 4971/508994] ✅ Saved: 20260902_1209_nist_libs_5.0_wt_CeCl3_and_4.0_wt_SrCl2_and_3.5_wt_MnCl2.csv
[Run 4972/508994] ✅ Saved: 20260902_1209_nist_libs_5.0_wt_CeCl3_and_4.0_wt_SrCl2_and_4.0_wt_MnCl2.csv
[Run 4973/508994] ✅ Saved: 20260902_1209_nist_libs_5.0_wt_CeCl3_and_4.0_wt_SrCl2_and_4.5_wt_MnCl2.csv
[Run 4974/508994] ✅ Saved: 20260902_1209_nist_libs_5.0_wt_CeCl3_and_4.0_wt_SrCl2_and_5.0_wt_MnCl2.csv
[Run 4975/508994] ✅ Saved: 20260902_1209_nist_libs_5.0_wt_CeCl3_and_4.5_wt_SrCl2_and_0.5_wt_MnCl2.csv
[Run 4976/508994] ✅ Saved: 20260902_1209_nist_libs_5.0_wt_CeCl3_and_4.5_wt_SrCl2_and_1.0_wt_MnCl2.csv
[Run 4977/508994] ✅ Saved: 20260902_1209_nist_libs_5.0_wt_CeCl3_and_4.5_wt_SrCl2_and_1.5_wt_MnCl2.csv
[Run 4978/508994] ✅ Saved: 20260902_1209_nist_libs_5.0_wt_CeCl3_and_4.5_wt_SrCl2_and_2.0_wt_MnCl2.csv
[Run 4979/508994] ✅ Saved: 20260902_1209_nist_libs_5.0_wt_CeCl3_and_4.5_wt_SrCl2_and_2.5_wt_MnCl2.csv
[Run 4980/508994] ✅ Saved: 20260902_1209_nist_libs_5.0_wt_CeCl3_and_4.5_wt_SrCl2_and_3.0_wt_MnCl2.csv
[Run 4982/508994] ✅ Saved: 20260902_1209_nist_libs_5.0_wt_CeCl3_and_4.5_wt_SrCl2_and_4.0_wt_MnCl2.csv
[Run 4981/508994] ✅ Saved: 20260902_1209_nist_libs_5.0_wt_CeCl3_and_4.5_wt_SrCl2_and_3.5_wt_MnCl2.csv
[Run 4983/508994] ✅ Saved: 20260902_1209_nist_libs_5.0_wt_CeCl3_and_4.5_wt_SrCl2_and_4.5_wt_MnCl2.csv
[Run 4984/508994] ✅ Saved: 20260902_1209_nist_libs_5.0_wt_CeCl3_and_4.5_wt_SrCl2_and_5.0_wt_MnCl2.csv
[Run 4985/508994] ✅ Saved: 20260902_1209_nist_libs_5.0_wt_CeCl3_and_5.0_wt_SrCl2_and_0.5_wt_MnCl2.csv
[Run 4986/508994] ✅ Saved: 20260902_1209_nist_libs_5.0_wt_CeCl3_and_5.0_wt_SrCl2_and_1.0_wt_MnCl2.csv
[Run 4987/508994] ✅ Saved: 20260902_1209_nist_libs_5.0_wt_CeCl3_and_5.0_wt_SrCl2_and_1.5_wt_MnCl2.csv
[Run 4988/508994] ✅ Saved: 20260902_1209_nist_libs_5.0_wt_CeCl3_and_5.0_wt_SrCl2_and_2.0_wt_MnCl2.csv
[Run 4989/508994] ✅ Saved: 20260902_1209_nist_libs_5.0_wt_CeCl3_and_5.0_wt_SrCl2_and_2.5_wt_MnCl2.csv
[Run 4990/508994] ✅ Saved: 20260902_1209_nist_libs_5.0_wt_CeCl3_and_5.0_wt_SrCl2_and_3.0_wt_MnCl2.csv
[Run 4991/508994] ✅ Saved: 20260902_1209_nist_libs_5.0_wt_CeCl3_and_5.0_wt_SrCl2_and_3.5_wt_MnCl2.csv
[Run 4992/508994] ✅ Saved: 20260902_1209_nist_libs_5.0_wt_CeCl3_and_5.0_wt_SrCl2_and_4.0_wt_MnCl2.csv
[Run 4993/508994] ✅ Saved: 20260902_1209_nist_libs_5.0_wt_CeCl3_and_5.0_wt_SrCl2_and_4.5_wt_MnCl2.csv
[Run 4995/508994] ✅ Saved: 20260902_1209_nist_libs_0.5_wt_CeCl3_and_0.5_wt_SrCl2_and_0.5_wt_UCl3.csv
[Run 4994/508994] ✅ Saved: 20260902_1209_nist_libs_5.0_wt_CeCl3_and_5.0_wt_SrCl2_and_5.0_wt_MnCl2.csv
[Run 4996/508994] ✅ Saved: 20260902_1209_nist_libs_0.5_wt_CeCl3_and_0.5_wt_SrCl2_and_1.0_wt_UCl3.csv
[Run 4997/508994] ✅ Saved: 20260902_1209_nist_libs_0.5_wt_CeCl3_and_0.5_wt_SrCl2_and_1.5_wt_UCl3.csv
[Run 4998/508994] ✅ Saved: 20260902_1209_nist_libs_0.5_wt_CeCl3_and_0.5_wt_SrCl2_and_2.0_wt_UCl3.csv
[Run 4999/508994] ✅ Saved: 20260902_1209_nist_libs_0.5_wt_CeCl3_and_0.5_wt_SrCl2_and_2.5_wt_UCl3.csv
[Run 5000/508994] ✅ Saved: 20260902_1209_nist_libs_0.5_wt_CeCl3_and_0.5_wt_SrCl2_and_3.0_wt_UCl3.csv
📦 Packaging batch 5 (1000 CSVs) -> nist_libs_batch_0005.zip...
[Run 5001/508994] ✅ Saved: 20260902_1209_nist_libs_0.5_wt_CeCl3_and_0.5_wt_SrCl2_and_3.5_wt_UCl3.csv
[Run 5002/508994] ✅ Saved: 20260902_1209_nist_libs_0.5_wt_CeCl3_and_0.5_wt_SrCl2_and_4.0_wt_UCl3.csv
[Run 5003/508994] ✅ Saved: 20260902_1209_nist_libs_0.5_wt_CeCl3_and_0.5_wt_SrCl2_and_4.5_wt_UCl3.csv
[Run 5004/508994] ✅ Saved: 20260902_1209_nist_libs_0.5_wt_CeCl3_and_0.5_wt_SrCl2_and_5.0_wt_UCl3.csv
[Run 5005/508994] ✅ Saved: 20260902_1209_nist_libs_0.5_wt_CeCl3_and_1.0_wt_SrCl2_and_0.5_wt_UCl3.csv
[Run 5006/508994] ✅ Saved: 20260902_1209_nist_libs_0.5_wt_CeCl3_and_1.0_wt_SrCl2_and_1.0_wt_UCl3.csv
[Run 5007/508994] ✅ Saved: 20260902_1209_nist_libs_0.5_wt_CeCl3_and_1.0_wt_SrCl2_and_1.5_wt_UCl3.csv
[Run 5008/508994] ✅ Saved: 20260902_1209_nist_libs_0.5_wt_CeCl3_and_1.0_wt_SrCl2_and_2.0_wt_UCl3.csv
[Run 5009/508994] ✅ Saved: 20260902_1209_nist_libs_0.5_wt_CeCl3_and_1.0_wt_SrCl2_and_2.5_wt_UCl3.csv
[Run 5010/508994] ✅ Saved: 20260902_1209_nist_libs_0.5_wt_CeCl3_and_1.0_wt_SrCl2_and_3.0_wt_UCl3.csv
[Run 5011/508994] ✅ Saved: 20260902_1209_nist_libs_0.5_wt_CeCl3_and_1.0_wt_SrCl2_and_3.5_wt_UCl3.csv
[Run 5012/508994] ✅ Saved: 20260902_1209_nist_libs_0.5_wt_CeCl3_and_1.0_wt_SrCl2_and_4.0_wt_UCl3.csv
[Run 5013/508994] ✅ Saved: 20260902_1209_nist_libs_0.5_wt_CeCl3_and_1.0_wt_SrCl2_and_4.5_wt_UCl3.csv
[Run 5014/508994] ✅ Saved: 20260902_1209_nist_libs_0.5_wt_CeCl3_and_1.0_wt_SrCl2_and_5.0_wt_UCl3.csv
[Run 5016/508994] ✅ Saved: 20260902_1209_nist_libs_0.5_wt_CeCl3_and_1.5_wt_SrCl2_and_1.0_wt_UCl3.csv
[Run 5015/508994] ✅ Saved: 20260902_1209_nist_libs_0.5_wt_CeCl3_and_1.5_wt_SrCl2_and_0.5_wt_UCl3.csv
[Run 5017/508994] ✅ Saved: 20260902_1209_nist_libs_0.5_wt_CeCl3_and_1.5_wt_SrCl2_and_1.5_wt_UCl3.csv
[Run 5018/508994] ✅ Saved: 20260902_1209_nist_libs_0.5_wt_CeCl3_and_1.5_wt_SrCl2_and_2.0_wt_UCl3.csv
[Run 5019/508994] ✅ Saved: 20260902_1209_nist_libs_0.5_wt_CeCl3_and_1.5_wt_SrCl2_and_2.5_wt_UCl3.csv
[Run 5020/508994] ✅ Saved: 20260902_1209_nist_libs_0.5_wt_CeCl3_and_1.5_wt_SrCl2_and_3.0_wt_UCl3.csv
[Run 5022/508994] ✅ Saved: 20260902_1209_nist_libs_0.5_wt_CeCl3_and_1.5_wt_SrCl2_and_4.0_wt_UCl3.csv
[Run 5021/508994] ✅ Saved: 20260902_1209_nist_libs_0.5_wt_CeCl3_and_1.5_wt_SrCl2_and_3.5_wt_UCl3.csv
[Run 5023/508994] ✅ Saved: 20260902_1209_nist_libs_0.5_wt_CeCl3_and_1.5_wt_SrCl2_and_4.5_wt_UCl3.csv
[Run 5024/508994] ✅ Saved: 20260902_1209_nist_libs_0.5_wt_CeCl3_and_1.5_wt_SrCl2_and_5.0_wt_UCl3.csv
[Run 5025/508994] ✅ Saved: 20260902_1209_nist_libs_0.5_wt_CeCl3_and_2.0_wt_SrCl2_and_0.5_wt_UCl3.csv
[Run 5026/508994] ✅ Saved: 20260902_1209_nist_libs_0.5_wt_CeCl3_and_2.0_wt_SrCl2_and_1.0_wt_UCl3.csv
[Run 5028/508994] ✅ Saved: 20260902_1209_nist_libs_0.5_wt_CeCl3_and_2.0_wt_SrCl2_and_2.0_wt_UCl3.csv
[Run 5027/508994] ✅ Saved: 20260902_1209_nist_libs_0.5_wt_CeCl3_and_2.0_wt_SrCl2_and_1.5_wt_UCl3.csv
[Run 5029/508994] ✅ Saved: 20260902_1209_nist_libs_0.5_wt_CeCl3_and_2.0_wt_SrCl2_and_2.5_wt_UCl3.csv
[Run 5030/508994] ✅ Saved: 20260902_1209_nist_libs_0.5_wt_CeCl3_and_2.0_wt_SrCl2_and_3.0_wt_UCl3.csv
[Run 5031/508994] ✅ Saved: 20260902_1209_nist_libs_0.5_wt_CeCl3_and_2.0_wt_SrCl2_and_3.5_wt_UCl3.csv
[Run 5032/508994] ✅ Saved: 20260902_1209_nist_libs_0.5_wt_CeCl3_and_2.0_wt_SrCl2_and_4.0_wt_UCl3.csv
[Run 5033/508994] ✅ Saved: 20260902_1209_nist_libs_0.5_wt_CeCl3_and_2.0_wt_SrCl2_and_4.5_wt_UCl3.csv
[Run 5034/508994] ✅ Saved: 20260902_1209_nist_libs_0.5_wt_CeCl3_and_2.0_wt_SrCl2_and_5.0_wt_UCl3.csv
[Run 5035/508994] ✅ Saved: 20260902_1209_nist_libs_0.5_wt_CeCl3_and_2.5_wt_SrCl2_and_0.5_wt_UCl3.csv
[Run 5036/508994] ✅ Saved: 20260902_1209_nist_libs_0.5_wt_CeCl3_and_2.5_wt_SrCl2_and_1.0_wt_UCl3.csv
[Run 5037/508994] ✅ Saved: 20260902_1209_nist_libs_0.5_wt_CeCl3_and_2.5_wt_SrCl2_and_1.5_wt_UCl3.csv
[Run 5040/508994] ✅ Saved: 20260902_1209_nist_libs_0.5_wt_CeCl3_and_2.5_wt_SrCl2_and_3.0_wt_UCl3.csv
[Run 5038/508994] ✅ Saved: 20260902_1209_nist_libs_0.5_wt_CeCl3_and_2.5_wt_SrCl2_and_2.0_wt_UCl3.csv
[Run 5039/508994] ✅ Saved: 20260902_1209_nist_libs_0.5_wt_CeCl3_and_2.5_wt_SrCl2_and_2.5_wt_UCl3.csv
[Run 5041/508994] ✅ Saved: 20260902_1209_nist_libs_0.5_wt_CeCl3_and_2.5_wt_SrCl2_and_3.5_wt_UCl3.csv
[Run 5042/508994] ✅ Saved: 20260902_1209_nist_libs_0.5_wt_CeCl3_and_2.5_wt_SrCl2_and_4.0_wt_UCl3.csv
[Run 5044/508994] ✅ Saved: 20260902_1209_nist_libs_0.5_wt_CeCl3_and_2.5_wt_SrCl2_and_5.0_wt_UCl3.csv
[Run 5043/508994] ✅ Saved: 20260902_1209_nist_libs_0.5_wt_CeCl3_and_2.5_wt_SrCl2_and_4.5_wt_UCl3.csv
[Run 5045/508994] ✅ Saved: 20260902_1209_nist_libs_0.5_wt_CeCl3_and_3.0_wt_SrCl2_and_0.5_wt_UCl3.csv
[Run 5047/508994] ✅ Saved: 20260902_1209_nist_libs_0.5_wt_CeCl3_and_3.0_wt_SrCl2_and_1.5_wt_UCl3.csv
[Run 5049/508994] ✅ Saved: 20260902_1209_nist_libs_0.5_wt_CeCl3_and_3.0_wt_SrCl2_and_2.5_wt_UCl3.csv
[Run 5046/508994] ✅ Saved: 20260902_1209_nist_libs_0.5_wt_CeCl3_and_3.0_wt_SrCl2_and_1.0_wt_UCl3.csv
[Run 5048/508994] ✅ Saved: 20260902_1209_nist_libs_0.5_wt_CeCl3_and_3.0_wt_SrCl2_and_2.0_wt_UCl3.csv
[Run 5051/508994] ✅ Saved: 20260902_1209_nist_libs_0.5_wt_CeCl3_and_3.0_wt_SrCl2_and_3.5_wt_UCl3.csv
[Run 5050/508994] ✅ Saved: 20260902_1209_nist_libs_0.5_wt_CeCl3_and_3.0_wt_SrCl2_and_3.0_wt_UCl3.csv
[Run 5052/508994] ✅ Saved: 20260902_1209_nist_libs_0.5_wt_CeCl3_and_3.0_wt_SrCl2_and_4.0_wt_UCl3.csv
[Run 5053/508994] ✅ Saved: 20260902_1209_nist_libs_0.5_wt_CeCl3_and_3.0_wt_SrCl2_and_4.5_wt_UCl3.csv
[Run 5054/508994] ✅ Saved: 20260902_1209_nist_libs_0.5_wt_CeCl3_and_3.0_wt_SrCl2_and_5.0_wt_UCl3.csv
[Run 5055/508994] ✅ Saved: 20260902_1209_nist_libs_0.5_wt_CeCl3_and_3.5_wt_SrCl2_and_0.5_wt_UCl3.csv
[Run 5057/508994] ✅ Saved: 20260902_1209_nist_libs_0.5_wt_CeCl3_and_3.5_wt_SrCl2_and_1.5_wt_UCl3.csv
[Run 5056/508994] ✅ Saved: 20260902_1209_nist_libs_0.5_wt_CeCl3_and_3.5_wt_SrCl2_and_1.0_wt_UCl3.csv
[Run 5058/508994] ✅ Saved: 20260902_1209_nist_libs_0.5_wt_CeCl3_and_3.5_wt_SrCl2_and_2.0_wt_UCl3.csv
[Run 5059/508994] ✅ Saved: 20260902_1209_nist_libs_0.5_wt_CeCl3_and_3.5_wt_SrCl2_and_2.5_wt_UCl3.csv
[Run 5061/508994] ✅ Saved: 20260902_1209_nist_libs_0.5_wt_CeCl3_and_3.5_wt_SrCl2_and_3.5_wt_UCl3.csv
[Run 5060/508994] ✅ Saved: 20260902_1209_nist_libs_0.5_wt_CeCl3_and_3.5_wt_SrCl2_and_3.0_wt_UCl3.csv
[Run 5062/508994] ✅ Saved: 20260902_1209_nist_libs_0.5_wt_CeCl3_and_3.5_wt_SrCl2_and_4.0_wt_UCl3.csv
[Run 5063/508994] ✅ Saved: 20260902_1209_nist_libs_0.5_wt_CeCl3_and_3.5_wt_SrCl2_and_4.5_wt_UCl3.csv
[Run 5064/508994] ✅ Saved: 20260902_1209_nist_libs_0.5_wt_CeCl3_and_3.5_wt_SrCl2_and_5.0_wt_UCl3.csv
[Run 5065/508994] ✅ Saved: 20260902_1209_nist_libs_0.5_wt_CeCl3_and_4.0_wt_SrCl2_and_0.5_wt_UCl3.csv
[Run 5066/508994] ✅ Saved: 20260902_1209_nist_libs_0.5_wt_CeCl3_and_4.0_wt_SrCl2_and_1.0_wt_UCl3.csv
[Run 5068/508994] ✅ Saved: 20260902_1209_nist_libs_0.5_wt_CeCl3_and_4.0_wt_SrCl2_and_2.0_wt_UCl3.csv
[Run 5069/508994] ✅ Saved: 20260902_1209_nist_libs_0.5_wt_CeCl3_and_4.0_wt_SrCl2_and_2.5_wt_UCl3.csv
[Run 5067/508994] ✅ Saved: 20260902_1209_nist_libs_0.5_wt_CeCl3_and_4.0_wt_SrCl2_and_1.5_wt_UCl3.csv
[Run 5070/508994] ✅ Saved: 20260902_1209_nist_libs_0.5_wt_CeCl3_and_4.0_wt_SrCl2_and_3.0_wt_UCl3.csv
[Run 5071/508994] ✅ Saved: 20260902_1209_nist_libs_0.5_wt_CeCl3_and_4.0_wt_SrCl2_and_3.5_wt_UCl3.csv
[Run 5072/508994] ✅ Saved: 20260902_1209_nist_libs_0.5_wt_CeCl3_and_4.0_wt_SrCl2_and_4.0_wt_UCl3.csv
[Run 5073/508994] ✅ Saved: 20260902_1209_nist_libs_0.5_wt_CeCl3_and_4.0_wt_SrCl2_and_4.5_wt_UCl3.csv
[Run 5074/508994] ✅ Saved: 20260902_1209_nist_libs_0.5_wt_CeCl3_and_4.0_wt_SrCl2_and_5.0_wt_UCl3.csv
[Run 5075/508994] ✅ Saved: 20260902_1209_nist_libs_0.5_wt_CeCl3_and_4.5_wt_SrCl2_and_0.5_wt_UCl3.csv
[Run 5076/508994] ✅ Saved: 20260902_1209_nist_libs_0.5_wt_CeCl3_and_4.5_wt_SrCl2_and_1.0_wt_UCl3.csv
[Run 5077/508994] ✅ Saved: 20260902_1209_nist_libs_0.5_wt_CeCl3_and_4.5_wt_SrCl2_and_1.5_wt_UCl3.csv
[Run 5078/508994] ✅ Saved: 20260902_1209_nist_libs_0.5_wt_CeCl3_and_4.5_wt_SrCl2_and_2.0_wt_UCl3.csv
[Run 5079/508994] ✅ Saved: 20260902_1209_nist_libs_0.5_wt_CeCl3_and_4.5_wt_SrCl2_and_2.5_wt_UCl3.csv
[Run 5081/508994] ✅ Saved: 20260902_1209_nist_libs_0.5_wt_CeCl3_and_4.5_wt_SrCl2_and_3.5_wt_UCl3.csv
[Run 5080/508994] ✅ Saved: 20260902_1209_nist_libs_0.5_wt_CeCl3_and_4.5_wt_SrCl2_and_3.0_wt_UCl3.csv
[Run 5082/508994] ✅ Saved: 20260902_1209_nist_libs_0.5_wt_CeCl3_and_4.5_wt_SrCl2_and_4.0_wt_UCl3.csv
[Run 5083/508994] ✅ Saved: 20260902_1209_nist_libs_0.5_wt_CeCl3_and_4.5_wt_SrCl2_and_4.5_wt_UCl3.csv
[Run 5084/508994] ✅ Saved: 20260902_1209_nist_libs_0.5_wt_CeCl3_and_4.5_wt_SrCl2_and_5.0_wt_UCl3.csv
[Run 5085/508994] ✅ Saved: 20260902_1209_nist_libs_0.5_wt_CeCl3_and_5.0_wt_SrCl2_and_0.5_wt_UCl3.csv
[Run 5086/508994] ✅ Saved: 20260902_1209_nist_libs_0.5_wt_CeCl3_and_5.0_wt_SrCl2_and_1.0_wt_UCl3.csv
[Run 5087/508994] ✅ Saved: 20260902_1209_nist_libs_0.5_wt_CeCl3_and_5.0_wt_SrCl2_and_1.5_wt_UCl3.csv
[Run 5089/508994] ✅ Saved: 20260902_1209_nist_libs_0.5_wt_CeCl3_and_5.0_wt_SrCl2_and_2.5_wt_UCl3.csv
[Run 5088/508994] ✅ Saved: 20260902_1209_nist_libs_0.5_wt_CeCl3_and_5.0_wt_SrCl2_and_2.0_wt_UCl3.csv
[Run 5090/508994] ✅ Saved: 20260902_1209_nist_libs_0.5_wt_CeCl3_and_5.0_wt_SrCl2_and_3.0_wt_UCl3.csv
[Run 5091/508994] ✅ Saved: 20260902_1209_nist_libs_0.5_wt_CeCl3_and_5.0_wt_SrCl2_and_3.5_wt_UCl3.csv
[Run 5092/508994] ✅ Saved: 20260902_1209_nist_libs_0.5_wt_CeCl3_and_5.0_wt_SrCl2_and_4.0_wt_UCl3.csv
[Run 5093/508994] ✅ Saved: 20260902_1209_nist_libs_0.5_wt_CeCl3_and_5.0_wt_SrCl2_and_4.5_wt_UCl3.csv
[Run 5094/508994] ✅ Saved: 20260902_1209_nist_libs_0.5_wt_CeCl3_and_5.0_wt_SrCl2_and_5.0_wt_UCl3.csv
[Run 5095/508994] ✅ Saved: 20260902_1209_nist_libs_1.0_wt_CeCl3_and_0.5_wt_SrCl2_and_0.5_wt_UCl3.csv
[Run 5096/508994] ✅ Saved: 20260902_1209_nist_libs_1.0_wt_CeCl3_and_0.5_wt_SrCl2_and_1.0_wt_UCl3.csv
[Run 5097/508994] ✅ Saved: 20260902_1209_nist_libs_1.0_wt_CeCl3_and_0.5_wt_SrCl2_and_1.5_wt_UCl3.csv
[Run 5098/508994] ✅ Saved: 20260902_1209_nist_libs_1.0_wt_CeCl3_and_0.5_wt_SrCl2_and_2.0_wt_UCl3.csv
[Run 5099/508994] ✅ Saved: 20260902_1209_nist_libs_1.0_wt_CeCl3_and_0.5_wt_SrCl2_and_2.5_wt_UCl3.csv
[Run 5100/508994] ✅ Saved: 20260902_1209_nist_libs_1.0_wt_CeCl3_and_0.5_wt_SrCl2_and_3.0_wt_UCl3.csv
[Run 5101/508994] ✅ Saved: 20260902_1209_nist_libs_1.0_wt_CeCl3_and_0.5_wt_SrCl2_and_3.5_wt_UCl3.csv
[Run 5103/508994] ✅ Saved: 20260902_1209_nist_libs_1.0_wt_CeCl3_and_0.5_wt_SrCl2_and_4.5_wt_UCl3.csv
[Run 5102/508994] ✅ Saved: 20260902_1209_nist_libs_1.0_wt_CeCl3_and_0.5_wt_SrCl2_and_4.0_wt_UCl3.csv
[Run 5104/508994] ✅ Saved: 20260902_1209_nist_libs_1.0_wt_CeCl3_and_0.5_wt_SrCl2_and_5.0_wt_UCl3.csv
[Run 5107/508994] ✅ Saved: 20260902_1209_nist_libs_1.0_wt_CeCl3_and_1.0_wt_SrCl2_and_1.5_wt_UCl3.csv
[Run 5106/508994] ✅ Saved: 20260902_1209_nist_libs_1.0_wt_CeCl3_and_1.0_wt_SrCl2_and_1.0_wt_UCl3.csv
[Run 5105/508994] ✅ Saved: 20260902_1209_nist_libs_1.0_wt_CeCl3_and_1.0_wt_SrCl2_and_0.5_wt_UCl3.csv
[Run 5108/508994] ✅ Saved: 20260902_1209_nist_libs_1.0_wt_CeCl3_and_1.0_wt_SrCl2_and_2.0_wt_UCl3.csv
[Run 5109/508994] ✅ Saved: 20260902_1209_nist_libs_1.0_wt_CeCl3_and_1.0_wt_SrCl2_and_2.5_wt_UCl3.csv
[Run 5110/508994] ✅ Saved: 20260902_1209_nist_libs_1.0_wt_CeCl3_and_1.0_wt_SrCl2_and_3.0_wt_UCl3.csv
[Run 5111/508994] ✅ Saved: 20260902_1209_nist_libs_1.0_wt_CeCl3_and_1.0_wt_SrCl2_and_3.5_wt_UCl3.csv
[Run 5112/508994] ✅ Saved: 20260902_1209_nist_libs_1.0_wt_CeCl3_and_1.0_wt_SrCl2_and_4.0_wt_UCl3.csv
[Run 5114/508994] ✅ Saved: 20260902_1209_nist_libs_1.0_wt_CeCl3_and_1.0_wt_SrCl2_and_5.0_wt_UCl3.csv
[Run 5113/508994] ✅ Saved: 20260902_1209_nist_libs_1.0_wt_CeCl3_and_1.0_wt_SrCl2_and_4.5_wt_UCl3.csv
[Run 5115/508994] ✅ Saved: 20260902_1209_nist_libs_1.0_wt_CeCl3_and_1.5_wt_SrCl2_and_0.5_wt_UCl3.csv
[Run 5116/508994] ✅ Saved: 20260902_1209_nist_libs_1.0_wt_CeCl3_and_1.5_wt_SrCl2_and_1.0_wt_UCl3.csv
[Run 5117/508994] ✅ Saved: 20260902_1209_nist_libs_1.0_wt_CeCl3_and_1.5_wt_SrCl2_and_1.5_wt_UCl3.csv
[Run 5118/508994] ✅ Saved: 20260902_1209_nist_libs_1.0_wt_CeCl3_and_1.5_wt_SrCl2_and_2.0_wt_UCl3.csv
[Run 5119/508994] ✅ Saved: 20260902_1209_nist_libs_1.0_wt_CeCl3_and_1.5_wt_SrCl2_and_2.5_wt_UCl3.csv
[Run 5120/508994] ✅ Saved: 20260902_1209_nist_libs_1.0_wt_CeCl3_and_1.5_wt_SrCl2_and_3.0_wt_UCl3.csv
[Run 5121/508994] ✅ Saved: 20260902_1209_nist_libs_1.0_wt_CeCl3_and_1.5_wt_SrCl2_and_3.5_wt_UCl3.csv
[Run 5122/508994] ✅ Saved: 20260902_1209_nist_libs_1.0_wt_CeCl3_and_1.5_wt_SrCl2_and_4.0_wt_UCl3.csv
[Run 5123/508994] ✅ Saved: 20260902_1209_nist_libs_1.0_wt_CeCl3_and_1.5_wt_SrCl2_and_4.5_wt_UCl3.csv
[Run 5124/508994] ✅ Saved: 20260902_1209_nist_libs_1.0_wt_CeCl3_and_1.5_wt_SrCl2_and_5.0_wt_UCl3.csv
[Run 5125/508994] ✅ Saved: 20260902_1209_nist_libs_1.0_wt_CeCl3_and_2.0_wt_SrCl2_and_0.5_wt_UCl3.csv
[Run 5126/508994] ✅ Saved: 20260902_1209_nist_libs_1.0_wt_CeCl3_and_2.0_wt_SrCl2_and_1.0_wt_UCl3.csv
[Run 5127/508994] ✅ Saved: 20260902_1209_nist_libs_1.0_wt_CeCl3_and_2.0_wt_SrCl2_and_1.5_wt_UCl3.csv
[Run 5128/508994] ✅ Saved: 20260902_1209_nist_libs_1.0_wt_CeCl3_and_2.0_wt_SrCl2_and_2.0_wt_UCl3.csv
[Run 5129/508994] ✅ Saved: 20260902_1209_nist_libs_1.0_wt_CeCl3_and_2.0_wt_SrCl2_and_2.5_wt_UCl3.csv
[Run 5130/508994] ✅ Saved: 20260902_1209_nist_libs_1.0_wt_CeCl3_and_2.0_wt_SrCl2_and_3.0_wt_UCl3.csv
[Run 5131/508994] ✅ Saved: 20260902_1209_nist_libs_1.0_wt_CeCl3_and_2.0_wt_SrCl2_and_3.5_wt_UCl3.csv
[Run 5132/508994] ✅ Saved: 20260902_1209_nist_libs_1.0_wt_CeCl3_and_2.0_wt_SrCl2_and_4.0_wt_UCl3.csv
[Run 5133/508994] ✅ Saved: 20260902_1209_nist_libs_1.0_wt_CeCl3_and_2.0_wt_SrCl2_and_4.5_wt_UCl3.csv
[Run 5134/508994] ✅ Saved: 20260902_1209_nist_libs_1.0_wt_CeCl3_and_2.0_wt_SrCl2_and_5.0_wt_UCl3.csv
[Run 5136/508994] ✅ Saved: 20260902_1209_nist_libs_1.0_wt_CeCl3_and_2.5_wt_SrCl2_and_1.0_wt_UCl3.csv
[Run 5135/508994] ✅ Saved: 20260902_1209_nist_libs_1.0_wt_CeCl3_and_2.5_wt_SrCl2_and_0.5_wt_UCl3.csv
[Run 5137/508994] ✅ Saved: 20260902_1209_nist_libs_1.0_wt_CeCl3_and_2.5_wt_SrCl2_and_1.5_wt_UCl3.csv
[Run 5138/508994] ✅ Saved: 20260902_1209_nist_libs_1.0_wt_CeCl3_and_2.5_wt_SrCl2_and_2.0_wt_UCl3.csv
[Run 5139/508994] ✅ Saved: 20260902_1209_nist_libs_1.0_wt_CeCl3_and_2.5_wt_SrCl2_and_2.5_wt_UCl3.csv
[Run 5140/508994] ✅ Saved: 20260902_1209_nist_libs_1.0_wt_CeCl3_and_2.5_wt_SrCl2_and_3.0_wt_UCl3.csv
[Run 5141/508994] ✅ Saved: 20260902_1209_nist_libs_1.0_wt_CeCl3_and_2.5_wt_SrCl2_and_3.5_wt_UCl3.csv
[Run 5142/508994] ✅ Saved: 20260902_1209_nist_libs_1.0_wt_CeCl3_and_2.5_wt_SrCl2_and_4.0_wt_UCl3.csv
[Run 5143/508994] ✅ Saved: 20260902_1209_nist_libs_1.0_wt_CeCl3_and_2.5_wt_SrCl2_and_4.5_wt_UCl3.csv
[Run 5144/508994] ✅ Saved: 20260902_1209_nist_libs_1.0_wt_CeCl3_and_2.5_wt_SrCl2_and_5.0_wt_UCl3.csv
[Run 5145/508994] ✅ Saved: 20260902_1209_nist_libs_1.0_wt_CeCl3_and_3.0_wt_SrCl2_and_0.5_wt_UCl3.csv
[Run 5146/508994] ✅ Saved: 20260902_1209_nist_libs_1.0_wt_CeCl3_and_3.0_wt_SrCl2_and_1.0_wt_UCl3.csv
[Run 5147/508994] ✅ Saved: 20260902_1209_nist_libs_1.0_wt_CeCl3_and_3.0_wt_SrCl2_and_1.5_wt_UCl3.csv
[Run 5148/508994] ✅ Saved: 20260902_1209_nist_libs_1.0_wt_CeCl3_and_3.0_wt_SrCl2_and_2.0_wt_UCl3.csv
[Run 5149/508994] ✅ Saved: 20260902_1209_nist_libs_1.0_wt_CeCl3_and_3.0_wt_SrCl2_and_2.5_wt_UCl3.csv
[Run 5150/508994] ✅ Saved: 20260902_1209_nist_libs_1.0_wt_CeCl3_and_3.0_wt_SrCl2_and_3.0_wt_UCl3.csv
[Run 5151/508994] ✅ Saved: 20260902_1209_nist_libs_1.0_wt_CeCl3_and_3.0_wt_SrCl2_and_3.5_wt_UCl3.csv
[Run 5152/508994] ✅ Saved: 20260902_1209_nist_libs_1.0_wt_CeCl3_and_3.0_wt_SrCl2_and_4.0_wt_UCl3.csv
[Run 5153/508994] ✅ Saved: 20260902_1209_nist_libs_1.0_wt_CeCl3_and_3.0_wt_SrCl2_and_4.5_wt_UCl3.csv
[Run 5154/508994] ✅ Saved: 20260902_1209_nist_libs_1.0_wt_CeCl3_and_3.0_wt_SrCl2_and_5.0_wt_UCl3.csv
[Run 5155/508994] ✅ Saved: 20260902_1209_nist_libs_1.0_wt_CeCl3_and_3.5_wt_SrCl2_and_0.5_wt_UCl3.csv
[Run 5156/508994] ✅ Saved: 20260902_1209_nist_libs_1.0_wt_CeCl3_and_3.5_wt_SrCl2_and_1.0_wt_UCl3.csv
[Run 5157/508994] ✅ Saved: 20260902_1209_nist_libs_1.0_wt_CeCl3_and_3.5_wt_SrCl2_and_1.5_wt_UCl3.csv
[Run 5158/508994] ✅ Saved: 20260902_1209_nist_libs_1.0_wt_CeCl3_and_3.5_wt_SrCl2_and_2.0_wt_UCl3.csv
[Run 5159/508994] ✅ Saved: 20260902_1209_nist_libs_1.0_wt_CeCl3_and_3.5_wt_SrCl2_and_2.5_wt_UCl3.csv
[Run 5161/508994] ✅ Saved: 20260902_1209_nist_libs_1.0_wt_CeCl3_and_3.5_wt_SrCl2_and_3.5_wt_UCl3.csv
[Run 5160/508994] ✅ Saved: 20260902_1209_nist_libs_1.0_wt_CeCl3_and_3.5_wt_SrCl2_and_3.0_wt_UCl3.csv
[Run 5162/508994] ✅ Saved: 20260902_1209_nist_libs_1.0_wt_CeCl3_and_3.5_wt_SrCl2_and_4.0_wt_UCl3.csv
[Run 5163/508994] ✅ Saved: 20260902_1209_nist_libs_1.0_wt_CeCl3_and_3.5_wt_SrCl2_and_4.5_wt_UCl3.csv
[Run 5165/508994] ✅ Saved: 20260902_1209_nist_libs_1.0_wt_CeCl3_and_4.0_wt_SrCl2_and_0.5_wt_UCl3.csv
[Run 5164/508994] ✅ Saved: 20260902_1209_nist_libs_1.0_wt_CeCl3_and_3.5_wt_SrCl2_and_5.0_wt_UCl3.csv
[Run 5166/508994] ✅ Saved: 20260902_1209_nist_libs_1.0_wt_CeCl3_and_4.0_wt_SrCl2_and_1.0_wt_UCl3.csv
[Run 5167/508994] ✅ Saved: 20260902_1209_nist_libs_1.0_wt_CeCl3_and_4.0_wt_SrCl2_and_1.5_wt_UCl3.csv
[Run 5169/508994] ✅ Saved: 20260902_1209_nist_libs_1.0_wt_CeCl3_and_4.0_wt_SrCl2_and_2.5_wt_UCl3.csv
[Run 5168/508994] ✅ Saved: 20260902_1209_nist_libs_1.0_wt_CeCl3_and_4.0_wt_SrCl2_and_2.0_wt_UCl3.csv
[Run 5170/508994] ✅ Saved: 20260902_1209_nist_libs_1.0_wt_CeCl3_and_4.0_wt_SrCl2_and_3.0_wt_UCl3.csv
[Run 5171/508994] ✅ Saved: 20260902_1209_nist_libs_1.0_wt_CeCl3_and_4.0_wt_SrCl2_and_3.5_wt_UCl3.csv
[Run 5172/508994] ✅ Saved: 20260902_1209_nist_libs_1.0_wt_CeCl3_and_4.0_wt_SrCl2_and_4.0_wt_UCl3.csv
[Run 5173/508994] ✅ Saved: 20260902_1209_nist_libs_1.0_wt_CeCl3_and_4.0_wt_SrCl2_and_4.5_wt_UCl3.csv
[Run 5174/508994] ✅ Saved: 20260902_1209_nist_libs_1.0_wt_CeCl3_and_4.0_wt_SrCl2_and_5.0_wt_UCl3.csv
[Run 5175/508994] ✅ Saved: 20260902_1209_nist_libs_1.0_wt_CeCl3_and_4.5_wt_SrCl2_and_0.5_wt_UCl3.csv
[Run 5176/508994] ✅ Saved: 20260902_1209_nist_libs_1.0_wt_CeCl3_and_4.5_wt_SrCl2_and_1.0_wt_UCl3.csv
[Run 5177/508994] ✅ Saved: 20260902_1209_nist_libs_1.0_wt_CeCl3_and_4.5_wt_SrCl2_and_1.5_wt_UCl3.csv
[Run 5178/508994] ✅ Saved: 20260902_1209_nist_libs_1.0_wt_CeCl3_and_4.5_wt_SrCl2_and_2.0_wt_UCl3.csv
[Run 5179/508994] ✅ Saved: 20260902_1209_nist_libs_1.0_wt_CeCl3_and_4.5_wt_SrCl2_and_2.5_wt_UCl3.csv
[Run 5180/508994] ✅ Saved: 20260902_1209_nist_libs_1.0_wt_CeCl3_and_4.5_wt_SrCl2_and_3.0_wt_UCl3.csv
[Run 5182/508994] ✅ Saved: 20260902_1209_nist_libs_1.0_wt_CeCl3_and_4.5_wt_SrCl2_and_4.0_wt_UCl3.csv
[Run 5183/508994] ✅ Saved: 20260902_1209_nist_libs_1.0_wt_CeCl3_and_4.5_wt_SrCl2_and_4.5_wt_UCl3.csv
[Run 5184/508994] ✅ Saved: 20260902_1209_nist_libs_1.0_wt_CeCl3_and_4.5_wt_SrCl2_and_5.0_wt_UCl3.csv
[Run 5185/508994] ✅ Saved: 20260902_1209_nist_libs_1.0_wt_CeCl3_and_5.0_wt_SrCl2_and_0.5_wt_UCl3.csv
[Run 5186/508994] ✅ Saved: 20260902_1209_nist_libs_1.0_wt_CeCl3_and_5.0_wt_SrCl2_and_1.0_wt_UCl3.csv
[Run 5187/508994] ✅ Saved: 20260902_1209_nist_libs_1.0_wt_CeCl3_and_5.0_wt_SrCl2_and_1.5_wt_UCl3.csv
[Run 5188/508994] ✅ Saved: 20260902_1209_nist_libs_1.0_wt_CeCl3_and_5.0_wt_SrCl2_and_2.0_wt_UCl3.csv
[Run 5189/508994] ✅ Saved: 20260902_1209_nist_libs_1.0_wt_CeCl3_and_5.0_wt_SrCl2_and_2.5_wt_UCl3.csv
[Run 5181/508994] ✅ Saved: 20260902_1209_nist_libs_1.0_wt_CeCl3_and_4.5_wt_SrCl2_and_3.5_wt_UCl3.csv
[Run 5190/508994] ✅ Saved: 20260902_1209_nist_libs_1.0_wt_CeCl3_and_5.0_wt_SrCl2_and_3.0_wt_UCl3.csv
[Run 5191/508994] ✅ Saved: 20260902_1209_nist_libs_1.0_wt_CeCl3_and_5.0_wt_SrCl2_and_3.5_wt_UCl3.csv
[Run 5192/508994] ✅ Saved: 20260902_1209_nist_libs_1.0_wt_CeCl3_and_5.0_wt_SrCl2_and_4.0_wt_UCl3.csv
[Run 5193/508994] ✅ Saved: 20260902_1209_nist_libs_1.0_wt_CeCl3_and_5.0_wt_SrCl2_and_4.5_wt_UCl3.csv
[Run 5194/508994] ✅ Saved: 20260902_1209_nist_libs_1.0_wt_CeCl3_and_5.0_wt_SrCl2_and_5.0_wt_UCl3.csv
[Run 5195/508994] ✅ Saved: 20260902_1209_nist_libs_1.5_wt_CeCl3_and_0.5_wt_SrCl2_and_0.5_wt_UCl3.csv
[Run 5196/508994] ✅ Saved: 20260902_1209_nist_libs_1.5_wt_CeCl3_and_0.5_wt_SrCl2_and_1.0_wt_UCl3.csv
[Run 5197/508994] ✅ Saved: 20260902_1209_nist_libs_1.5_wt_CeCl3_and_0.5_wt_SrCl2_and_1.5_wt_UCl3.csv
[Run 5198/508994] ✅ Saved: 20260902_1209_nist_libs_1.5_wt_CeCl3_and_0.5_wt_SrCl2_and_2.0_wt_UCl3.csv
[Run 5199/508994] ✅ Saved: 20260902_1209_nist_libs_1.5_wt_CeCl3_and_0.5_wt_SrCl2_and_2.5_wt_UCl3.csv
[Run 5200/508994] ✅ Saved: 20260902_1209_nist_libs_1.5_wt_CeCl3_and_0.5_wt_SrCl2_and_3.0_wt_UCl3.csv
[Run 5201/508994] ✅ Saved: 20260902_1209_nist_libs_1.5_wt_CeCl3_and_0.5_wt_SrCl2_and_3.5_wt_UCl3.csv
[Run 5202/508994] ✅ Saved: 20260902_1209_nist_libs_1.5_wt_CeCl3_and_0.5_wt_SrCl2_and_4.0_wt_UCl3.csv
[Run 5203/508994] ✅ Saved: 20260902_1209_nist_libs_1.5_wt_CeCl3_and_0.5_wt_SrCl2_and_4.5_wt_UCl3.csv
[Run 5204/508994] ✅ Saved: 20260902_1209_nist_libs_1.5_wt_CeCl3_and_0.5_wt_SrCl2_and_5.0_wt_UCl3.csv
[Run 5205/508994] ✅ Saved: 20260902_1209_nist_libs_1.5_wt_CeCl3_and_1.0_wt_SrCl2_and_0.5_wt_UCl3.csv
[Run 5206/508994] ✅ Saved: 20260902_1209_nist_libs_1.5_wt_CeCl3_and_1.0_wt_SrCl2_and_1.0_wt_UCl3.csv
[Run 5207/508994] ✅ Saved: 20260902_1209_nist_libs_1.5_wt_CeCl3_and_1.0_wt_SrCl2_and_1.5_wt_UCl3.csv
[Run 5208/508994] ✅ Saved: 20260902_1209_nist_libs_1.5_wt_CeCl3_and_1.0_wt_SrCl2_and_2.0_wt_UCl3.csv
[Run 5209/508994] ✅ Saved: 20260902_1209_nist_libs_1.5_wt_CeCl3_and_1.0_wt_SrCl2_and_2.5_wt_UCl3.csv
[Run 5210/508994] ✅ Saved: 20260902_1209_nist_libs_1.5_wt_CeCl3_and_1.0_wt_SrCl2_and_3.0_wt_UCl3.csv
[Run 5211/508994] ✅ Saved: 20260902_1209_nist_libs_1.5_wt_CeCl3_and_1.0_wt_SrCl2_and_3.5_wt_UCl3.csv
[Run 5212/508994] ✅ Saved: 20260902_1209_nist_libs_1.5_wt_CeCl3_and_1.0_wt_SrCl2_and_4.0_wt_UCl3.csv
[Run 5213/508994] ✅ Saved: 20260902_1209_nist_libs_1.5_wt_CeCl3_and_1.0_wt_SrCl2_and_4.5_wt_UCl3.csv
[Run 5214/508994] ✅ Saved: 20260902_1209_nist_libs_1.5_wt_CeCl3_and_1.0_wt_SrCl2_and_5.0_wt_UCl3.csv
[Run 5215/508994] ✅ Saved: 20260902_1209_nist_libs_1.5_wt_CeCl3_and_1.5_wt_SrCl2_and_0.5_wt_UCl3.csv
[Run 5216/508994] ✅ Saved: 20260902_1209_nist_libs_1.5_wt_CeCl3_and_1.5_wt_SrCl2_and_1.0_wt_UCl3.csv
[Run 5217/508994] ✅ Saved: 20260902_1209_nist_libs_1.5_wt_CeCl3_and_1.5_wt_SrCl2_and_1.5_wt_UCl3.csv
[Run 5218/508994] ✅ Saved: 20260902_1209_nist_libs_1.5_wt_CeCl3_and_1.5_wt_SrCl2_and_2.0_wt_UCl3.csv
[Run 5220/508994] ✅ Saved: 20260902_1209_nist_libs_1.5_wt_CeCl3_and_1.5_wt_SrCl2_and_3.0_wt_UCl3.csv
[Run 5219/508994] ✅ Saved: 20260902_1209_nist_libs_1.5_wt_CeCl3_and_1.5_wt_SrCl2_and_2.5_wt_UCl3.csv
[Run 5221/508994] ✅ Saved: 20260902_1209_nist_libs_1.5_wt_CeCl3_and_1.5_wt_SrCl2_and_3.5_wt_UCl3.csv
[Run 5222/508994] ✅ Saved: 20260902_1209_nist_libs_1.5_wt_CeCl3_and_1.5_wt_SrCl2_and_4.0_wt_UCl3.csv
[Run 5223/508994] ✅ Saved: 20260902_1209_nist_libs_1.5_wt_CeCl3_and_1.5_wt_SrCl2_and_4.5_wt_UCl3.csv
[Run 5224/508994] ✅ Saved: 20260902_1209_nist_libs_1.5_wt_CeCl3_and_1.5_wt_SrCl2_and_5.0_wt_UCl3.csv
[Run 5226/508994] ✅ Saved: 20260902_1209_nist_libs_1.5_wt_CeCl3_and_2.0_wt_SrCl2_and_1.0_wt_UCl3.csv
[Run 5225/508994] ✅ Saved: 20260902_1209_nist_libs_1.5_wt_CeCl3_and_2.0_wt_SrCl2_and_0.5_wt_UCl3.csv
[Run 5227/508994] ✅ Saved: 20260902_1209_nist_libs_1.5_wt_CeCl3_and_2.0_wt_SrCl2_and_1.5_wt_UCl3.csv
[Run 5228/508994] ✅ Saved: 20260902_1209_nist_libs_1.5_wt_CeCl3_and_2.0_wt_SrCl2_and_2.0_wt_UCl3.csv
[Run 5229/508994] ✅ Saved: 20260902_1209_nist_libs_1.5_wt_CeCl3_and_2.0_wt_SrCl2_and_2.5_wt_UCl3.csv
[Run 5230/508994] ✅ Saved: 20260902_1209_nist_libs_1.5_wt_CeCl3_and_2.0_wt_SrCl2_and_3.0_wt_UCl3.csv
[Run 5231/508994] ✅ Saved: 20260902_1209_nist_libs_1.5_wt_CeCl3_and_2.0_wt_SrCl2_and_3.5_wt_UCl3.csv
[Run 5232/508994] ✅ Saved: 20260902_1209_nist_libs_1.5_wt_CeCl3_and_2.0_wt_SrCl2_and_4.0_wt_UCl3.csv
[Run 5233/508994] ✅ Saved: 20260902_1209_nist_libs_1.5_wt_CeCl3_and_2.0_wt_SrCl2_and_4.5_wt_UCl3.csv
[Run 5234/508994] ✅ Saved: 20260902_1209_nist_libs_1.5_wt_CeCl3_and_2.0_wt_SrCl2_and_5.0_wt_UCl3.csv
[Run 5236/508994] ✅ Saved: 20260902_1209_nist_libs_1.5_wt_CeCl3_and_2.5_wt_SrCl2_and_1.0_wt_UCl3.csv
[Run 5235/508994] ✅ Saved: 20260902_1209_nist_libs_1.5_wt_CeCl3_and_2.5_wt_SrCl2_and_0.5_wt_UCl3.csv
[Run 5237/508994] ✅ Saved: 20260902_1209_nist_libs_1.5_wt_CeCl3_and_2.5_wt_SrCl2_and_1.5_wt_UCl3.csv
[Run 5238/508994] ✅ Saved: 20260902_1209_nist_libs_1.5_wt_CeCl3_and_2.5_wt_SrCl2_and_2.0_wt_UCl3.csv
[Run 5240/508994] ✅ Saved: 20260902_1209_nist_libs_1.5_wt_CeCl3_and_2.5_wt_SrCl2_and_3.0_wt_UCl3.csv
[Run 5239/508994] ✅ Saved: 20260902_1209_nist_libs_1.5_wt_CeCl3_and_2.5_wt_SrCl2_and_2.5_wt_UCl3.csv
[Run 5241/508994] ✅ Saved: 20260902_1209_nist_libs_1.5_wt_CeCl3_and_2.5_wt_SrCl2_and_3.5_wt_UCl3.csv
[Run 5242/508994] ✅ Saved: 20260902_1209_nist_libs_1.5_wt_CeCl3_and_2.5_wt_SrCl2_and_4.0_wt_UCl3.csv
[Run 5243/508994] ✅ Saved: 20260902_1209_nist_libs_1.5_wt_CeCl3_and_2.5_wt_SrCl2_and_4.5_wt_UCl3.csv
[Run 5244/508994] ✅ Saved: 20260902_1209_nist_libs_1.5_wt_CeCl3_and_2.5_wt_SrCl2_and_5.0_wt_UCl3.csv
[Run 5245/508994] ✅ Saved: 20260902_1209_nist_libs_1.5_wt_CeCl3_and_3.0_wt_SrCl2_and_0.5_wt_UCl3.csv
[Run 5246/508994] ✅ Saved: 20260902_1209_nist_libs_1.5_wt_CeCl3_and_3.0_wt_SrCl2_and_1.0_wt_UCl3.csv
[Run 5247/508994] ✅ Saved: 20260902_1209_nist_libs_1.5_wt_CeCl3_and_3.0_wt_SrCl2_and_1.5_wt_UCl3.csv
[Run 5248/508994] ✅ Saved: 20260902_1209_nist_libs_1.5_wt_CeCl3_and_3.0_wt_SrCl2_and_2.0_wt_UCl3.csv
[Run 5249/508994] ✅ Saved: 20260902_1209_nist_libs_1.5_wt_CeCl3_and_3.0_wt_SrCl2_and_2.5_wt_UCl3.csv
[Run 5250/508994] ✅ Saved: 20260902_1209_nist_libs_1.5_wt_CeCl3_and_3.0_wt_SrCl2_and_3.0_wt_UCl3.csv
[Run 5252/508994] ✅ Saved: 20260902_1209_nist_libs_1.5_wt_CeCl3_and_3.0_wt_SrCl2_and_4.0_wt_UCl3.csv
[Run 5251/508994] ✅ Saved: 20260902_1209_nist_libs_1.5_wt_CeCl3_and_3.0_wt_SrCl2_and_3.5_wt_UCl3.csv
[Run 5253/508994] ✅ Saved: 20260902_1209_nist_libs_1.5_wt_CeCl3_and_3.0_wt_SrCl2_and_4.5_wt_UCl3.csv
[Run 5254/508994] ✅ Saved: 20260902_1209_nist_libs_1.5_wt_CeCl3_and_3.0_wt_SrCl2_and_5.0_wt_UCl3.csv
[Run 5255/508994] ✅ Saved: 20260902_1209_nist_libs_1.5_wt_CeCl3_and_3.5_wt_SrCl2_and_0.5_wt_UCl3.csv
[Run 5256/508994] ✅ Saved: 20260902_1209_nist_libs_1.5_wt_CeCl3_and_3.5_wt_SrCl2_and_1.0_wt_UCl3.csv
[Run 5257/508994] ✅ Saved: 20260902_1209_nist_libs_1.5_wt_CeCl3_and_3.5_wt_SrCl2_and_1.5_wt_UCl3.csv
[Run 5258/508994] ✅ Saved: 20260902_1209_nist_libs_1.5_wt_CeCl3_and_3.5_wt_SrCl2_and_2.0_wt_UCl3.csv
[Run 5259/508994] ✅ Saved: 20260902_1209_nist_libs_1.5_wt_CeCl3_and_3.5_wt_SrCl2_and_2.5_wt_UCl3.csv
[Run 5260/508994] ✅ Saved: 20260902_1209_nist_libs_1.5_wt_CeCl3_and_3.5_wt_SrCl2_and_3.0_wt_UCl3.csv
[Run 5261/508994] ✅ Saved: 20260902_1209_nist_libs_1.5_wt_CeCl3_and_3.5_wt_SrCl2_and_3.5_wt_UCl3.csv
[Run 5262/508994] ✅ Saved: 20260902_1209_nist_libs_1.5_wt_CeCl3_and_3.5_wt_SrCl2_and_4.0_wt_UCl3.csv
[Run 5263/508994] ✅ Saved: 20260902_1209_nist_libs_1.5_wt_CeCl3_and_3.5_wt_SrCl2_and_4.5_wt_UCl3.csv
[Run 5264/508994] ✅ Saved: 20260902_1209_nist_libs_1.5_wt_CeCl3_and_3.5_wt_SrCl2_and_5.0_wt_UCl3.csv
[Run 5265/508994] ✅ Saved: 20260902_1209_nist_libs_1.5_wt_CeCl3_and_4.0_wt_SrCl2_and_0.5_wt_UCl3.csv
[Run 5266/508994] ✅ Saved: 20260902_1209_nist_libs_1.5_wt_CeCl3_and_4.0_wt_SrCl2_and_1.0_wt_UCl3.csv
[Run 5267/508994] ✅ Saved: 20260902_1209_nist_libs_1.5_wt_CeCl3_and_4.0_wt_SrCl2_and_1.5_wt_UCl3.csv
[Run 5268/508994] ✅ Saved: 20260902_1209_nist_libs_1.5_wt_CeCl3_and_4.0_wt_SrCl2_and_2.0_wt_UCl3.csv
[Run 5269/508994] ✅ Saved: 20260902_1209_nist_libs_1.5_wt_CeCl3_and_4.0_wt_SrCl2_and_2.5_wt_UCl3.csv
[Run 5270/508994] ✅ Saved: 20260902_1209_nist_libs_1.5_wt_CeCl3_and_4.0_wt_SrCl2_and_3.0_wt_UCl3.csv
[Run 5271/508994] ✅ Saved: 20260902_1209_nist_libs_1.5_wt_CeCl3_and_4.0_wt_SrCl2_and_3.5_wt_UCl3.csv
[Run 5272/508994] ✅ Saved: 20260902_1209_nist_libs_1.5_wt_CeCl3_and_4.0_wt_SrCl2_and_4.0_wt_UCl3.csv
[Run 5273/508994] ✅ Saved: 20260902_1209_nist_libs_1.5_wt_CeCl3_and_4.0_wt_SrCl2_and_4.5_wt_UCl3.csv
[Run 5274/508994] ✅ Saved: 20260902_1209_nist_libs_1.5_wt_CeCl3_and_4.0_wt_SrCl2_and_5.0_wt_UCl3.csv
[Run 5275/508994] ✅ Saved: 20260902_1209_nist_libs_1.5_wt_CeCl3_and_4.5_wt_SrCl2_and_0.5_wt_UCl3.csv
[Run 5276/508994] ✅ Saved: 20260902_1209_nist_libs_1.5_wt_CeCl3_and_4.5_wt_SrCl2_and_1.0_wt_UCl3.csv
[Run 5277/508994] ✅ Saved: 20260902_1209_nist_libs_1.5_wt_CeCl3_and_4.5_wt_SrCl2_and_1.5_wt_UCl3.csv
[Run 5279/508994] ✅ Saved: 20260902_1209_nist_libs_1.5_wt_CeCl3_and_4.5_wt_SrCl2_and_2.5_wt_UCl3.csv
[Run 5278/508994] ✅ Saved: 20260902_1209_nist_libs_1.5_wt_CeCl3_and_4.5_wt_SrCl2_and_2.0_wt_UCl3.csv
[Run 5280/508994] ✅ Saved: 20260902_1209_nist_libs_1.5_wt_CeCl3_and_4.5_wt_SrCl2_and_3.0_wt_UCl3.csv
[Run 5281/508994] ✅ Saved: 20260902_1209_nist_libs_1.5_wt_CeCl3_and_4.5_wt_SrCl2_and_3.5_wt_UCl3.csv
[Run 5282/508994] ✅ Saved: 20260902_1209_nist_libs_1.5_wt_CeCl3_and_4.5_wt_SrCl2_and_4.0_wt_UCl3.csv
[Run 5283/508994] ✅ Saved: 20260902_1209_nist_libs_1.5_wt_CeCl3_and_4.5_wt_SrCl2_and_4.5_wt_UCl3.csv
[Run 5284/508994] ✅ Saved: 20260902_1209_nist_libs_1.5_wt_CeCl3_and_4.5_wt_SrCl2_and_5.0_wt_UCl3.csv
[Run 5285/508994] ✅ Saved: 20260902_1209_nist_libs_1.5_wt_CeCl3_and_5.0_wt_SrCl2_and_0.5_wt_UCl3.csv
[Run 5286/508994] ✅ Saved: 20260902_1209_nist_libs_1.5_wt_CeCl3_and_5.0_wt_SrCl2_and_1.0_wt_UCl3.csv
[Run 5287/508994] ✅ Saved: 20260902_1209_nist_libs_1.5_wt_CeCl3_and_5.0_wt_SrCl2_and_1.5_wt_UCl3.csv
[Run 5288/508994] ✅ Saved: 20260902_1209_nist_libs_1.5_wt_CeCl3_and_5.0_wt_SrCl2_and_2.0_wt_UCl3.csv
[Run 5289/508994] ✅ Saved: 20260902_1209_nist_libs_1.5_wt_CeCl3_and_5.0_wt_SrCl2_and_2.5_wt_UCl3.csv
[Run 5290/508994] ✅ Saved: 20260902_1209_nist_libs_1.5_wt_CeCl3_and_5.0_wt_SrCl2_and_3.0_wt_UCl3.csv
[Run 5292/508994] ✅ Saved: 20260902_1209_nist_libs_1.5_wt_CeCl3_and_5.0_wt_SrCl2_and_4.0_wt_UCl3.csv
[Run 5291/508994] ✅ Saved: 20260902_1209_nist_libs_1.5_wt_CeCl3_and_5.0_wt_SrCl2_and_3.5_wt_UCl3.csv
[Run 5293/508994] ✅ Saved: 20260902_1209_nist_libs_1.5_wt_CeCl3_and_5.0_wt_SrCl2_and_4.5_wt_UCl3.csv
[Run 5294/508994] ✅ Saved: 20260902_1209_nist_libs_1.5_wt_CeCl3_and_5.0_wt_SrCl2_and_5.0_wt_UCl3.csv
[Run 5295/508994] ✅ Saved: 20260902_1209_nist_libs_2.0_wt_CeCl3_and_0.5_wt_SrCl2_and_0.5_wt_UCl3.csv
[Run 5296/508994] ✅ Saved: 20260902_1209_nist_libs_2.0_wt_CeCl3_and_0.5_wt_SrCl2_and_1.0_wt_UCl3.csv
[Run 5297/508994] ✅ Saved: 20260902_1209_nist_libs_2.0_wt_CeCl3_and_0.5_wt_SrCl2_and_1.5_wt_UCl3.csv
[Run 5301/508994] ✅ Saved: 20260902_1209_nist_libs_2.0_wt_CeCl3_and_0.5_wt_SrCl2_and_3.5_wt_UCl3.csv
[Run 5298/508994] ✅ Saved: 20260902_1209_nist_libs_2.0_wt_CeCl3_and_0.5_wt_SrCl2_and_2.0_wt_UCl3.csv
[Run 5300/508994] ✅ Saved: 20260902_1209_nist_libs_2.0_wt_CeCl3_and_0.5_wt_SrCl2_and_3.0_wt_UCl3.csv
[Run 5299/508994] ✅ Saved: 20260902_1209_nist_libs_2.0_wt_CeCl3_and_0.5_wt_SrCl2_and_2.5_wt_UCl3.csv
[Run 5302/508994] ✅ Saved: 20260902_1209_nist_libs_2.0_wt_CeCl3_and_0.5_wt_SrCl2_and_4.0_wt_UCl3.csv
[Run 5305/508994] ✅ Saved: 20260902_1209_nist_libs_2.0_wt_CeCl3_and_1.0_wt_SrCl2_and_0.5_wt_UCl3.csv
[Run 5303/508994] ✅ Saved: 20260902_1209_nist_libs_2.0_wt_CeCl3_and_0.5_wt_SrCl2_and_4.5_wt_UCl3.csv
[Run 5304/508994] ✅ Saved: 20260902_1209_nist_libs_2.0_wt_CeCl3_and_0.5_wt_SrCl2_and_5.0_wt_UCl3.csv
[Run 5306/508994] ✅ Saved: 20260902_1209_nist_libs_2.0_wt_CeCl3_and_1.0_wt_SrCl2_and_1.0_wt_UCl3.csv
[Run 5307/508994] ✅ Saved: 20260902_1209_nist_libs_2.0_wt_CeCl3_and_1.0_wt_SrCl2_and_1.5_wt_UCl3.csv
[Run 5309/508994] ✅ Saved: 20260902_1209_nist_libs_2.0_wt_CeCl3_and_1.0_wt_SrCl2_and_2.5_wt_UCl3.csv
[Run 5308/508994] ✅ Saved: 20260902_1209_nist_libs_2.0_wt_CeCl3_and_1.0_wt_SrCl2_and_2.0_wt_UCl3.csv
[Run 5310/508994] ✅ Saved: 20260902_1209_nist_libs_2.0_wt_CeCl3_and_1.0_wt_SrCl2_and_3.0_wt_UCl3.csv
[Run 5311/508994] ✅ Saved: 20260902_1209_nist_libs_2.0_wt_CeCl3_and_1.0_wt_SrCl2_and_3.5_wt_UCl3.csv
[Run 5313/508994] ✅ Saved: 20260902_1209_nist_libs_2.0_wt_CeCl3_and_1.0_wt_SrCl2_and_4.5_wt_UCl3.csv
[Run 5312/508994] ✅ Saved: 20260902_1209_nist_libs_2.0_wt_CeCl3_and_1.0_wt_SrCl2_and_4.0_wt_UCl3.csv
[Run 5314/508994] ✅ Saved: 20260902_1209_nist_libs_2.0_wt_CeCl3_and_1.0_wt_SrCl2_and_5.0_wt_UCl3.csv
[Run 5315/508994] ✅ Saved: 20260902_1209_nist_libs_2.0_wt_CeCl3_and_1.5_wt_SrCl2_and_0.5_wt_UCl3.csv
[Run 5316/508994] ✅ Saved: 20260902_1209_nist_libs_2.0_wt_CeCl3_and_1.5_wt_SrCl2_and_1.0_wt_UCl3.csv
[Run 5317/508994] ✅ Saved: 20260902_1209_nist_libs_2.0_wt_CeCl3_and_1.5_wt_SrCl2_and_1.5_wt_UCl3.csv
[Run 5318/508994] ✅ Saved: 20260902_1209_nist_libs_2.0_wt_CeCl3_and_1.5_wt_SrCl2_and_2.0_wt_UCl3.csv
[Run 5319/508994] ✅ Saved: 20260902_1209_nist_libs_2.0_wt_CeCl3_and_1.5_wt_SrCl2_and_2.5_wt_UCl3.csv
[Run 5320/508994] ✅ Saved: 20260902_1209_nist_libs_2.0_wt_CeCl3_and_1.5_wt_SrCl2_and_3.0_wt_UCl3.csv
[Run 5321/508994] ✅ Saved: 20260902_1209_nist_libs_2.0_wt_CeCl3_and_1.5_wt_SrCl2_and_3.5_wt_UCl3.csv
[Run 5322/508994] ✅ Saved: 20260902_1209_nist_libs_2.0_wt_CeCl3_and_1.5_wt_SrCl2_and_4.0_wt_UCl3.csv
[Run 5323/508994] ✅ Saved: 20260902_1209_nist_libs_2.0_wt_CeCl3_and_1.5_wt_SrCl2_and_4.5_wt_UCl3.csv
[Run 5325/508994] ✅ Saved: 20260902_1209_nist_libs_2.0_wt_CeCl3_and_2.0_wt_SrCl2_and_0.5_wt_UCl3.csv
[Run 5324/508994] ✅ Saved: 20260902_1209_nist_libs_2.0_wt_CeCl3_and_1.5_wt_SrCl2_and_5.0_wt_UCl3.csv
[Run 5326/508994] ✅ Saved: 20260902_1209_nist_libs_2.0_wt_CeCl3_and_2.0_wt_SrCl2_and_1.0_wt_UCl3.csv
[Run 5327/508994] ✅ Saved: 20260902_1209_nist_libs_2.0_wt_CeCl3_and_2.0_wt_SrCl2_and_1.5_wt_UCl3.csv
[Run 5328/508994] ✅ Saved: 20260902_1209_nist_libs_2.0_wt_CeCl3_and_2.0_wt_SrCl2_and_2.0_wt_UCl3.csv
[Run 5329/508994] ✅ Saved: 20260902_1209_nist_libs_2.0_wt_CeCl3_and_2.0_wt_SrCl2_and_2.5_wt_UCl3.csv
[Run 5330/508994] ✅ Saved: 20260902_1209_nist_libs_2.0_wt_CeCl3_and_2.0_wt_SrCl2_and_3.0_wt_UCl3.csv
[Run 5331/508994] ✅ Saved: 20260902_1209_nist_libs_2.0_wt_CeCl3_and_2.0_wt_SrCl2_and_3.5_wt_UCl3.csv
[Run 5332/508994] ✅ Saved: 20260902_1209_nist_libs_2.0_wt_CeCl3_and_2.0_wt_SrCl2_and_4.0_wt_UCl3.csv
[Run 5333/508994] ✅ Saved: 20260902_1209_nist_libs_2.0_wt_CeCl3_and_2.0_wt_SrCl2_and_4.5_wt_UCl3.csv
[Run 5335/508994] ✅ Saved: 20260902_1209_nist_libs_2.0_wt_CeCl3_and_2.5_wt_SrCl2_and_0.5_wt_UCl3.csv
[Run 5334/508994] ✅ Saved: 20260902_1209_nist_libs_2.0_wt_CeCl3_and_2.0_wt_SrCl2_and_5.0_wt_UCl3.csv
[Run 5336/508994] ✅ Saved: 20260902_1209_nist_libs_2.0_wt_CeCl3_and_2.5_wt_SrCl2_and_1.0_wt_UCl3.csv
[Run 5337/508994] ✅ Saved: 20260902_1209_nist_libs_2.0_wt_CeCl3_and_2.5_wt_SrCl2_and_1.5_wt_UCl3.csv
[Run 5339/508994] ✅ Saved: 20260902_1209_nist_libs_2.0_wt_CeCl3_and_2.5_wt_SrCl2_and_2.5_wt_UCl3.csv
[Run 5338/508994] ✅ Saved: 20260902_1209_nist_libs_2.0_wt_CeCl3_and_2.5_wt_SrCl2_and_2.0_wt_UCl3.csv
[Run 5340/508994] ✅ Saved: 20260902_1209_nist_libs_2.0_wt_CeCl3_and_2.5_wt_SrCl2_and_3.0_wt_UCl3.csv
[Run 5341/508994] ✅ Saved: 20260902_1209_nist_libs_2.0_wt_CeCl3_and_2.5_wt_SrCl2_and_3.5_wt_UCl3.csv
[Run 5343/508994] ✅ Saved: 20260902_1209_nist_libs_2.0_wt_CeCl3_and_2.5_wt_SrCl2_and_4.5_wt_UCl3.csv
[Run 5342/508994] ✅ Saved: 20260902_1209_nist_libs_2.0_wt_CeCl3_and_2.5_wt_SrCl2_and_4.0_wt_UCl3.csv
[Run 5344/508994] ✅ Saved: 20260902_1209_nist_libs_2.0_wt_CeCl3_and_2.5_wt_SrCl2_and_5.0_wt_UCl3.csv
[Run 5345/508994] ✅ Saved: 20260902_1209_nist_libs_2.0_wt_CeCl3_and_3.0_wt_SrCl2_and_0.5_wt_UCl3.csv
[Run 5346/508994] ✅ Saved: 20260902_1209_nist_libs_2.0_wt_CeCl3_and_3.0_wt_SrCl2_and_1.0_wt_UCl3.csv
[Run 5347/508994] ✅ Saved: 20260902_1209_nist_libs_2.0_wt_CeCl3_and_3.0_wt_SrCl2_and_1.5_wt_UCl3.csv
[Run 5348/508994] ✅ Saved: 20260902_1209_nist_libs_2.0_wt_CeCl3_and_3.0_wt_SrCl2_and_2.0_wt_UCl3.csv
[Run 5349/508994] ✅ Saved: 20260902_1209_nist_libs_2.0_wt_CeCl3_and_3.0_wt_SrCl2_and_2.5_wt_UCl3.csv
[Run 5350/508994] ✅ Saved: 20260902_1209_nist_libs_2.0_wt_CeCl3_and_3.0_wt_SrCl2_and_3.0_wt_UCl3.csv
[Run 5351/508994] ✅ Saved: 20260902_1209_nist_libs_2.0_wt_CeCl3_and_3.0_wt_SrCl2_and_3.5_wt_UCl3.csv
[Run 5352/508994] ✅ Saved: 20260902_1209_nist_libs_2.0_wt_CeCl3_and_3.0_wt_SrCl2_and_4.0_wt_UCl3.csv
[Run 5353/508994] ✅ Saved: 20260902_1209_nist_libs_2.0_wt_CeCl3_and_3.0_wt_SrCl2_and_4.5_wt_UCl3.csv
[Run 5355/508994] ✅ Saved: 20260902_1209_nist_libs_2.0_wt_CeCl3_and_3.5_wt_SrCl2_and_0.5_wt_UCl3.csv
[Run 5354/508994] ✅ Saved: 20260902_1209_nist_libs_2.0_wt_CeCl3_and_3.0_wt_SrCl2_and_5.0_wt_UCl3.csv
[Run 5356/508994] ✅ Saved: 20260902_1209_nist_libs_2.0_wt_CeCl3_and_3.5_wt_SrCl2_and_1.0_wt_UCl3.csv
[Run 5357/508994] ✅ Saved: 20260902_1209_nist_libs_2.0_wt_CeCl3_and_3.5_wt_SrCl2_and_1.5_wt_UCl3.csv
[Run 5359/508994] ✅ Saved: 20260902_1209_nist_libs_2.0_wt_CeCl3_and_3.5_wt_SrCl2_and_2.5_wt_UCl3.csv
[Run 5358/508994] ✅ Saved: 20260902_1209_nist_libs_2.0_wt_CeCl3_and_3.5_wt_SrCl2_and_2.0_wt_UCl3.csv
[Run 5360/508994] ✅ Saved: 20260902_1209_nist_libs_2.0_wt_CeCl3_and_3.5_wt_SrCl2_and_3.0_wt_UCl3.csv
[Run 5361/508994] ✅ Saved: 20260902_1209_nist_libs_2.0_wt_CeCl3_and_3.5_wt_SrCl2_and_3.5_wt_UCl3.csv
[Run 5362/508994] ✅ Saved: 20260902_1209_nist_libs_2.0_wt_CeCl3_and_3.5_wt_SrCl2_and_4.0_wt_UCl3.csv
[Run 5363/508994] ✅ Saved: 20260902_1209_nist_libs_2.0_wt_CeCl3_and_3.5_wt_SrCl2_and_4.5_wt_UCl3.csv
[Run 5364/508994] ✅ Saved: 20260902_1209_nist_libs_2.0_wt_CeCl3_and_3.5_wt_SrCl2_and_5.0_wt_UCl3.csv
[Run 5365/508994] ✅ Saved: 20260902_1209_nist_libs_2.0_wt_CeCl3_and_4.0_wt_SrCl2_and_0.5_wt_UCl3.csv
[Run 5366/508994] ✅ Saved: 20260902_1209_nist_libs_2.0_wt_CeCl3_and_4.0_wt_SrCl2_and_1.0_wt_UCl3.csv
[Run 5367/508994] ✅ Saved: 20260902_1209_nist_libs_2.0_wt_CeCl3_and_4.0_wt_SrCl2_and_1.5_wt_UCl3.csv
[Run 5368/508994] ✅ Saved: 20260902_1209_nist_libs_2.0_wt_CeCl3_and_4.0_wt_SrCl2_and_2.0_wt_UCl3.csv
[Run 5369/508994] ✅ Saved: 20260902_1209_nist_libs_2.0_wt_CeCl3_and_4.0_wt_SrCl2_and_2.5_wt_UCl3.csv
[Run 5370/508994] ✅ Saved: 20260902_1209_nist_libs_2.0_wt_CeCl3_and_4.0_wt_SrCl2_and_3.0_wt_UCl3.csv
[Run 5371/508994] ✅ Saved: 20260902_1209_nist_libs_2.0_wt_CeCl3_and_4.0_wt_SrCl2_and_3.5_wt_UCl3.csv
[Run 5372/508994] ✅ Saved: 20260902_1209_nist_libs_2.0_wt_CeCl3_and_4.0_wt_SrCl2_and_4.0_wt_UCl3.csv
[Run 5373/508994] ✅ Saved: 20260902_1209_nist_libs_2.0_wt_CeCl3_and_4.0_wt_SrCl2_and_4.5_wt_UCl3.csv
[Run 5374/508994] ✅ Saved: 20260902_1209_nist_libs_2.0_wt_CeCl3_and_4.0_wt_SrCl2_and_5.0_wt_UCl3.csv
[Run 5376/508994] ✅ Saved: 20260902_1209_nist_libs_2.0_wt_CeCl3_and_4.5_wt_SrCl2_and_1.0_wt_UCl3.csv
[Run 5375/508994] ✅ Saved: 20260902_1209_nist_libs_2.0_wt_CeCl3_and_4.5_wt_SrCl2_and_0.5_wt_UCl3.csv
[Run 5377/508994] ✅ Saved: 20260902_1209_nist_libs_2.0_wt_CeCl3_and_4.5_wt_SrCl2_and_1.5_wt_UCl3.csv
[Run 5378/508994] ✅ Saved: 20260902_1209_nist_libs_2.0_wt_CeCl3_and_4.5_wt_SrCl2_and_2.0_wt_UCl3.csv
[Run 5379/508994] ✅ Saved: 20260902_1209_nist_libs_2.0_wt_CeCl3_and_4.5_wt_SrCl2_and_2.5_wt_UCl3.csv
[Run 5380/508994] ✅ Saved: 20260902_1209_nist_libs_2.0_wt_CeCl3_and_4.5_wt_SrCl2_and_3.0_wt_UCl3.csv
[Run 5381/508994] ✅ Saved: 20260902_1209_nist_libs_2.0_wt_CeCl3_and_4.5_wt_SrCl2_and_3.5_wt_UCl3.csv
[Run 5382/508994] ✅ Saved: 20260902_1209_nist_libs_2.0_wt_CeCl3_and_4.5_wt_SrCl2_and_4.0_wt_UCl3.csv
[Run 5383/508994] ✅ Saved: 20260902_1209_nist_libs_2.0_wt_CeCl3_and_4.5_wt_SrCl2_and_4.5_wt_UCl3.csv
[Run 5384/508994] ✅ Saved: 20260902_1209_nist_libs_2.0_wt_CeCl3_and_4.5_wt_SrCl2_and_5.0_wt_UCl3.csv
[Run 5385/508994] ✅ Saved: 20260902_1209_nist_libs_2.0_wt_CeCl3_and_5.0_wt_SrCl2_and_0.5_wt_UCl3.csv
[Run 5386/508994] ✅ Saved: 20260902_1209_nist_libs_2.0_wt_CeCl3_and_5.0_wt_SrCl2_and_1.0_wt_UCl3.csv
[Run 5387/508994] ✅ Saved: 20260902_1209_nist_libs_2.0_wt_CeCl3_and_5.0_wt_SrCl2_and_1.5_wt_UCl3.csv
[Run 5388/508994] ✅ Saved: 20260902_1209_nist_libs_2.0_wt_CeCl3_and_5.0_wt_SrCl2_and_2.0_wt_UCl3.csv
[Run 5389/508994] ✅ Saved: 20260902_1209_nist_libs_2.0_wt_CeCl3_and_5.0_wt_SrCl2_and_2.5_wt_UCl3.csv
[Run 5390/508994] ✅ Saved: 20260902_1209_nist_libs_2.0_wt_CeCl3_and_5.0_wt_SrCl2_and_3.0_wt_UCl3.csv
[Run 5391/508994] ✅ Saved: 20260902_1209_nist_libs_2.0_wt_CeCl3_and_5.0_wt_SrCl2_and_3.5_wt_UCl3.csv
[Run 5392/508994] ✅ Saved: 20260902_1209_nist_libs_2.0_wt_CeCl3_and_5.0_wt_SrCl2_and_4.0_wt_UCl3.csv
[Run 5393/508994] ✅ Saved: 20260902_1209_nist_libs_2.0_wt_CeCl3_and_5.0_wt_SrCl2_and_4.5_wt_UCl3.csv
[Run 5394/508994] ✅ Saved: 20260902_1209_nist_libs_2.0_wt_CeCl3_and_5.0_wt_SrCl2_and_5.0_wt_UCl3.csv
[Run 5395/508994] ✅ Saved: 20260902_1209_nist_libs_2.5_wt_CeCl3_and_0.5_wt_SrCl2_and_0.5_wt_UCl3.csv
[Run 5396/508994] ✅ Saved: 20260902_1209_nist_libs_2.5_wt_CeCl3_and_0.5_wt_SrCl2_and_1.0_wt_UCl3.csv
[Run 5399/508994] ✅ Saved: 20260902_1209_nist_libs_2.5_wt_CeCl3_and_0.5_wt_SrCl2_and_2.5_wt_UCl3.csv
[Run 5398/508994] ✅ Saved: 20260902_1209_nist_libs_2.5_wt_CeCl3_and_0.5_wt_SrCl2_and_2.0_wt_UCl3.csv
[Run 5397/508994] ✅ Saved: 20260902_1209_nist_libs_2.5_wt_CeCl3_and_0.5_wt_SrCl2_and_1.5_wt_UCl3.csv
[Run 5400/508994] ✅ Saved: 20260902_1209_nist_libs_2.5_wt_CeCl3_and_0.5_wt_SrCl2_and_3.0_wt_UCl3.csv
[Run 5401/508994] ✅ Saved: 20260902_1209_nist_libs_2.5_wt_CeCl3_and_0.5_wt_SrCl2_and_3.5_wt_UCl3.csv
[Run 5402/508994] ✅ Saved: 20260902_1209_nist_libs_2.5_wt_CeCl3_and_0.5_wt_SrCl2_and_4.0_wt_UCl3.csv
[Run 5403/508994] ✅ Saved: 20260902_1209_nist_libs_2.5_wt_CeCl3_and_0.5_wt_SrCl2_and_4.5_wt_UCl3.csv
[Run 5404/508994] ✅ Saved: 20260902_1209_nist_libs_2.5_wt_CeCl3_and_0.5_wt_SrCl2_and_5.0_wt_UCl3.csv
[Run 5405/508994] ✅ Saved: 20260902_1209_nist_libs_2.5_wt_CeCl3_and_1.0_wt_SrCl2_and_0.5_wt_UCl3.csv
[Run 5406/508994] ✅ Saved: 20260902_1209_nist_libs_2.5_wt_CeCl3_and_1.0_wt_SrCl2_and_1.0_wt_UCl3.csv
[Run 5407/508994] ✅ Saved: 20260902_1209_nist_libs_2.5_wt_CeCl3_and_1.0_wt_SrCl2_and_1.5_wt_UCl3.csv
[Run 5408/508994] ✅ Saved: 20260902_1209_nist_libs_2.5_wt_CeCl3_and_1.0_wt_SrCl2_and_2.0_wt_UCl3.csv
[Run 5409/508994] ✅ Saved: 20260902_1209_nist_libs_2.5_wt_CeCl3_and_1.0_wt_SrCl2_and_2.5_wt_UCl3.csv
[Run 5412/508994] ✅ Saved: 20260902_1209_nist_libs_2.5_wt_CeCl3_and_1.0_wt_SrCl2_and_4.0_wt_UCl3.csv
[Run 5410/508994] ✅ Saved: 20260902_1209_nist_libs_2.5_wt_CeCl3_and_1.0_wt_SrCl2_and_3.0_wt_UCl3.csv
[Run 5411/508994] ✅ Saved: 20260902_1209_nist_libs_2.5_wt_CeCl3_and_1.0_wt_SrCl2_and_3.5_wt_UCl3.csv
[Run 5413/508994] ✅ Saved: 20260902_1209_nist_libs_2.5_wt_CeCl3_and_1.0_wt_SrCl2_and_4.5_wt_UCl3.csv
[Run 5414/508994] ✅ Saved: 20260902_1209_nist_libs_2.5_wt_CeCl3_and_1.0_wt_SrCl2_and_5.0_wt_UCl3.csv
[Run 5416/508994] ✅ Saved: 20260902_1209_nist_libs_2.5_wt_CeCl3_and_1.5_wt_SrCl2_and_1.0_wt_UCl3.csv
[Run 5415/508994] ✅ Saved: 20260902_1209_nist_libs_2.5_wt_CeCl3_and_1.5_wt_SrCl2_and_0.5_wt_UCl3.csv
[Run 5417/508994] ✅ Saved: 20260902_1209_nist_libs_2.5_wt_CeCl3_and_1.5_wt_SrCl2_and_1.5_wt_UCl3.csv
[Run 5418/508994] ✅ Saved: 20260902_1209_nist_libs_2.5_wt_CeCl3_and_1.5_wt_SrCl2_and_2.0_wt_UCl3.csv
[Run 5419/508994] ✅ Saved: 20260902_1209_nist_libs_2.5_wt_CeCl3_and_1.5_wt_SrCl2_and_2.5_wt_UCl3.csv
[Run 5420/508994] ✅ Saved: 20260902_1209_nist_libs_2.5_wt_CeCl3_and_1.5_wt_SrCl2_and_3.0_wt_UCl3.csv
[Run 5421/508994] ✅ Saved: 20260902_1209_nist_libs_2.5_wt_CeCl3_and_1.5_wt_SrCl2_and_3.5_wt_UCl3.csv
[Run 5422/508994] ✅ Saved: 20260902_1209_nist_libs_2.5_wt_CeCl3_and_1.5_wt_SrCl2_and_4.0_wt_UCl3.csv
[Run 5423/508994] ✅ Saved: 20260902_1209_nist_libs_2.5_wt_CeCl3_and_1.5_wt_SrCl2_and_4.5_wt_UCl3.csv
[Run 5424/508994] ✅ Saved: 20260902_1209_nist_libs_2.5_wt_CeCl3_and_1.5_wt_SrCl2_and_5.0_wt_UCl3.csv
[Run 5425/508994] ✅ Saved: 20260902_1209_nist_libs_2.5_wt_CeCl3_and_2.0_wt_SrCl2_and_0.5_wt_UCl3.csv
[Run 5426/508994] ✅ Saved: 20260902_1209_nist_libs_2.5_wt_CeCl3_and_2.0_wt_SrCl2_and_1.0_wt_UCl3.csv
[Run 5427/508994] ✅ Saved: 20260902_1209_nist_libs_2.5_wt_CeCl3_and_2.0_wt_SrCl2_and_1.5_wt_UCl3.csv
[Run 5428/508994] ✅ Saved: 20260902_1209_nist_libs_2.5_wt_CeCl3_and_2.0_wt_SrCl2_and_2.0_wt_UCl3.csv
[Run 5429/508994] ✅ Saved: 20260902_1209_nist_libs_2.5_wt_CeCl3_and_2.0_wt_SrCl2_and_2.5_wt_UCl3.csv
[Run 5430/508994] ✅ Saved: 20260902_1209_nist_libs_2.5_wt_CeCl3_and_2.0_wt_SrCl2_and_3.0_wt_UCl3.csv
[Run 5432/508994] ✅ Saved: 20260902_1209_nist_libs_2.5_wt_CeCl3_and_2.0_wt_SrCl2_and_4.0_wt_UCl3.csv
[Run 5431/508994] ✅ Saved: 20260902_1209_nist_libs_2.5_wt_CeCl3_and_2.0_wt_SrCl2_and_3.5_wt_UCl3.csv
[Run 5433/508994] ✅ Saved: 20260902_1209_nist_libs_2.5_wt_CeCl3_and_2.0_wt_SrCl2_and_4.5_wt_UCl3.csv
[Run 5434/508994] ✅ Saved: 20260902_1209_nist_libs_2.5_wt_CeCl3_and_2.0_wt_SrCl2_and_5.0_wt_UCl3.csv
[Run 5435/508994] ✅ Saved: 20260902_1209_nist_libs_2.5_wt_CeCl3_and_2.5_wt_SrCl2_and_0.5_wt_UCl3.csv
[Run 5438/508994] ✅ Saved: 20260902_1209_nist_libs_2.5_wt_CeCl3_and_2.5_wt_SrCl2_and_2.0_wt_UCl3.csv
[Run 5437/508994] ✅ Saved: 20260902_1209_nist_libs_2.5_wt_CeCl3_and_2.5_wt_SrCl2_and_1.5_wt_UCl3.csv
[Run 5436/508994] ✅ Saved: 20260902_1209_nist_libs_2.5_wt_CeCl3_and_2.5_wt_SrCl2_and_1.0_wt_UCl3.csv
[Run 5440/508994] ✅ Saved: 20260902_1209_nist_libs_2.5_wt_CeCl3_and_2.5_wt_SrCl2_and_3.0_wt_UCl3.csv
[Run 5439/508994] ✅ Saved: 20260902_1209_nist_libs_2.5_wt_CeCl3_and_2.5_wt_SrCl2_and_2.5_wt_UCl3.csv
[Run 5442/508994] ✅ Saved: 20260902_1209_nist_libs_2.5_wt_CeCl3_and_2.5_wt_SrCl2_and_4.0_wt_UCl3.csv
[Run 5441/508994] ✅ Saved: 20260902_1209_nist_libs_2.5_wt_CeCl3_and_2.5_wt_SrCl2_and_3.5_wt_UCl3.csv
[Run 5443/508994] ✅ Saved: 20260902_1209_nist_libs_2.5_wt_CeCl3_and_2.5_wt_SrCl2_and_4.5_wt_UCl3.csv
[Run 5446/508994] ✅ Saved: 20260902_1209_nist_libs_2.5_wt_CeCl3_and_3.0_wt_SrCl2_and_1.0_wt_UCl3.csv
[Run 5444/508994] ✅ Saved: 20260902_1209_nist_libs_2.5_wt_CeCl3_and_2.5_wt_SrCl2_and_5.0_wt_UCl3.csv
[Run 5445/508994] ✅ Saved: 20260902_1209_nist_libs_2.5_wt_CeCl3_and_3.0_wt_SrCl2_and_0.5_wt_UCl3.csv
[Run 5447/508994] ✅ Saved: 20260902_1209_nist_libs_2.5_wt_CeCl3_and_3.0_wt_SrCl2_and_1.5_wt_UCl3.csv
[Run 5448/508994] ✅ Saved: 20260902_1209_nist_libs_2.5_wt_CeCl3_and_3.0_wt_SrCl2_and_2.0_wt_UCl3.csv
[Run 5449/508994] ✅ Saved: 20260902_1209_nist_libs_2.5_wt_CeCl3_and_3.0_wt_SrCl2_and_2.5_wt_UCl3.csv
[Run 5450/508994] ✅ Saved: 20260902_1209_nist_libs_2.5_wt_CeCl3_and_3.0_wt_SrCl2_and_3.0_wt_UCl3.csv
[Run 5451/508994] ✅ Saved: 20260902_1209_nist_libs_2.5_wt_CeCl3_and_3.0_wt_SrCl2_and_3.5_wt_UCl3.csv
[Run 5452/508994] ✅ Saved: 20260902_1209_nist_libs_2.5_wt_CeCl3_and_3.0_wt_SrCl2_and_4.0_wt_UCl3.csv
[Run 5453/508994] ✅ Saved: 20260902_1209_nist_libs_2.5_wt_CeCl3_and_3.0_wt_SrCl2_and_4.5_wt_UCl3.csv
[Run 5454/508994] ✅ Saved: 20260902_1209_nist_libs_2.5_wt_CeCl3_and_3.0_wt_SrCl2_and_5.0_wt_UCl3.csv
[Run 5455/508994] ✅ Saved: 20260902_1209_nist_libs_2.5_wt_CeCl3_and_3.5_wt_SrCl2_and_0.5_wt_UCl3.csv
[Run 5456/508994] ✅ Saved: 20260902_1209_nist_libs_2.5_wt_CeCl3_and_3.5_wt_SrCl2_and_1.0_wt_UCl3.csv
[Run 5458/508994] ✅ Saved: 20260902_1209_nist_libs_2.5_wt_CeCl3_and_3.5_wt_SrCl2_and_2.0_wt_UCl3.csv
[Run 5457/508994] ✅ Saved: 20260902_1209_nist_libs_2.5_wt_CeCl3_and_3.5_wt_SrCl2_and_1.5_wt_UCl3.csv
[Run 5459/508994] ✅ Saved: 20260902_1209_nist_libs_2.5_wt_CeCl3_and_3.5_wt_SrCl2_and_2.5_wt_UCl3.csv
[Run 5460/508994] ✅ Saved: 20260902_1209_nist_libs_2.5_wt_CeCl3_and_3.5_wt_SrCl2_and_3.0_wt_UCl3.csv
[Run 5461/508994] ✅ Saved: 20260902_1209_nist_libs_2.5_wt_CeCl3_and_3.5_wt_SrCl2_and_3.5_wt_UCl3.csv
[Run 5462/508994] ✅ Saved: 20260902_1209_nist_libs_2.5_wt_CeCl3_and_3.5_wt_SrCl2_and_4.0_wt_UCl3.csv
[Run 5464/508994] ✅ Saved: 20260902_1209_nist_libs_2.5_wt_CeCl3_and_3.5_wt_SrCl2_and_5.0_wt_UCl3.csv
[Run 5463/508994] ✅ Saved: 20260902_1209_nist_libs_2.5_wt_CeCl3_and_3.5_wt_SrCl2_and_4.5_wt_UCl3.csv
[Run 5465/508994] ✅ Saved: 20260902_1209_nist_libs_2.5_wt_CeCl3_and_4.0_wt_SrCl2_and_0.5_wt_UCl3.csv
[Run 5467/508994] ✅ Saved: 20260902_1209_nist_libs_2.5_wt_CeCl3_and_4.0_wt_SrCl2_and_1.5_wt_UCl3.csv
[Run 5466/508994] ✅ Saved: 20260902_1209_nist_libs_2.5_wt_CeCl3_and_4.0_wt_SrCl2_and_1.0_wt_UCl3.csv
[Run 5468/508994] ✅ Saved: 20260902_1209_nist_libs_2.5_wt_CeCl3_and_4.0_wt_SrCl2_and_2.0_wt_UCl3.csv
[Run 5469/508994] ✅ Saved: 20260902_1209_nist_libs_2.5_wt_CeCl3_and_4.0_wt_SrCl2_and_2.5_wt_UCl3.csv
[Run 5470/508994] ✅ Saved: 20260902_1209_nist_libs_2.5_wt_CeCl3_and_4.0_wt_SrCl2_and_3.0_wt_UCl3.csv
[Run 5472/508994] ✅ Saved: 20260902_1209_nist_libs_2.5_wt_CeCl3_and_4.0_wt_SrCl2_and_4.0_wt_UCl3.csv
[Run 5471/508994] ✅ Saved: 20260902_1209_nist_libs_2.5_wt_CeCl3_and_4.0_wt_SrCl2_and_3.5_wt_UCl3.csv
[Run 5473/508994] ✅ Saved: 20260902_1209_nist_libs_2.5_wt_CeCl3_and_4.0_wt_SrCl2_and_4.5_wt_UCl3.csv
[Run 5474/508994] ✅ Saved: 20260902_1209_nist_libs_2.5_wt_CeCl3_and_4.0_wt_SrCl2_and_5.0_wt_UCl3.csv
[Run 5475/508994] ✅ Saved: 20260902_1209_nist_libs_2.5_wt_CeCl3_and_4.5_wt_SrCl2_and_0.5_wt_UCl3.csv
[Run 5477/508994] ✅ Saved: 20260902_1209_nist_libs_2.5_wt_CeCl3_and_4.5_wt_SrCl2_and_1.5_wt_UCl3.csv
[Run 5476/508994] ✅ Saved: 20260902_1209_nist_libs_2.5_wt_CeCl3_and_4.5_wt_SrCl2_and_1.0_wt_UCl3.csv
[Run 5478/508994] ✅ Saved: 20260902_1209_nist_libs_2.5_wt_CeCl3_and_4.5_wt_SrCl2_and_2.0_wt_UCl3.csv
[Run 5479/508994] ✅ Saved: 20260902_1209_nist_libs_2.5_wt_CeCl3_and_4.5_wt_SrCl2_and_2.5_wt_UCl3.csv
[Run 5480/508994] ✅ Saved: 20260902_1209_nist_libs_2.5_wt_CeCl3_and_4.5_wt_SrCl2_and_3.0_wt_UCl3.csv
[Run 5481/508994] ✅ Saved: 20260902_1209_nist_libs_2.5_wt_CeCl3_and_4.5_wt_SrCl2_and_3.5_wt_UCl3.csv
[Run 5482/508994] ✅ Saved: 20260902_1209_nist_libs_2.5_wt_CeCl3_and_4.5_wt_SrCl2_and_4.0_wt_UCl3.csv
[Run 5483/508994] ✅ Saved: 20260902_1209_nist_libs_2.5_wt_CeCl3_and_4.5_wt_SrCl2_and_4.5_wt_UCl3.csv
[Run 5484/508994] ✅ Saved: 20260902_1209_nist_libs_2.5_wt_CeCl3_and_4.5_wt_SrCl2_and_5.0_wt_UCl3.csv
[Run 5485/508994] ✅ Saved: 20260902_1209_nist_libs_2.5_wt_CeCl3_and_5.0_wt_SrCl2_and_0.5_wt_UCl3.csv
[Run 5486/508994] ✅ Saved: 20260902_1209_nist_libs_2.5_wt_CeCl3_and_5.0_wt_SrCl2_and_1.0_wt_UCl3.csv
[Run 5487/508994] ✅ Saved: 20260902_1209_nist_libs_2.5_wt_CeCl3_and_5.0_wt_SrCl2_and_1.5_wt_UCl3.csv
[Run 5489/508994] ✅ Saved: 20260902_1209_nist_libs_2.5_wt_CeCl3_and_5.0_wt_SrCl2_and_2.5_wt_UCl3.csv
[Run 5488/508994] ✅ Saved: 20260902_1209_nist_libs_2.5_wt_CeCl3_and_5.0_wt_SrCl2_and_2.0_wt_UCl3.csv
[Run 5490/508994] ✅ Saved: 20260902_1209_nist_libs_2.5_wt_CeCl3_and_5.0_wt_SrCl2_and_3.0_wt_UCl3.csv
[Run 5491/508994] ✅ Saved: 20260902_1209_nist_libs_2.5_wt_CeCl3_and_5.0_wt_SrCl2_and_3.5_wt_UCl3.csv
[Run 5492/508994] ✅ Saved: 20260902_1209_nist_libs_2.5_wt_CeCl3_and_5.0_wt_SrCl2_and_4.0_wt_UCl3.csv
[Run 5493/508994] ✅ Saved: 20260902_1209_nist_libs_2.5_wt_CeCl3_and_5.0_wt_SrCl2_and_4.5_wt_UCl3.csv
[Run 5494/508994] ✅ Saved: 20260902_1209_nist_libs_2.5_wt_CeCl3_and_5.0_wt_SrCl2_and_5.0_wt_UCl3.csv
[Run 5495/508994] ✅ Saved: 20260902_1209_nist_libs_3.0_wt_CeCl3_and_0.5_wt_SrCl2_and_0.5_wt_UCl3.csv
[Run 5496/508994] ✅ Saved: 20260902_1209_nist_libs_3.0_wt_CeCl3_and_0.5_wt_SrCl2_and_1.0_wt_UCl3.csv
[Run 5497/508994] ✅ Saved: 20260902_1209_nist_libs_3.0_wt_CeCl3_and_0.5_wt_SrCl2_and_1.5_wt_UCl3.csv
[Run 5498/508994] ✅ Saved: 20260902_1209_nist_libs_3.0_wt_CeCl3_and_0.5_wt_SrCl2_and_2.0_wt_UCl3.csv
[Run 5499/508994] ✅ Saved: 20260902_1209_nist_libs_3.0_wt_CeCl3_and_0.5_wt_SrCl2_and_2.5_wt_UCl3.csv
[Run 5500/508994] ✅ Saved: 20260902_1209_nist_libs_3.0_wt_CeCl3_and_0.5_wt_SrCl2_and_3.0_wt_UCl3.csv
[Run 5501/508994] ✅ Saved: 20260902_1209_nist_libs_3.0_wt_CeCl3_and_0.5_wt_SrCl2_and_3.5_wt_UCl3.csv
[Run 5503/508994] ✅ Saved: 20260902_1209_nist_libs_3.0_wt_CeCl3_and_0.5_wt_SrCl2_and_4.5_wt_UCl3.csv
[Run 5502/508994] ✅ Saved: 20260902_1209_nist_libs_3.0_wt_CeCl3_and_0.5_wt_SrCl2_and_4.0_wt_UCl3.csv
[Run 5504/508994] ✅ Saved: 20260902_1209_nist_libs_3.0_wt_CeCl3_and_0.5_wt_SrCl2_and_5.0_wt_UCl3.csv
[Run 5505/508994] ✅ Saved: 20260902_1209_nist_libs_3.0_wt_CeCl3_and_1.0_wt_SrCl2_and_0.5_wt_UCl3.csv
[Run 5506/508994] ✅ Saved: 20260902_1209_nist_libs_3.0_wt_CeCl3_and_1.0_wt_SrCl2_and_1.0_wt_UCl3.csv
[Run 5507/508994] ✅ Saved: 20260902_1209_nist_libs_3.0_wt_CeCl3_and_1.0_wt_SrCl2_and_1.5_wt_UCl3.csv
[Run 5508/508994] ✅ Saved: 20260902_1209_nist_libs_3.0_wt_CeCl3_and_1.0_wt_SrCl2_and_2.0_wt_UCl3.csv
[Run 5509/508994] ✅ Saved: 20260902_1209_nist_libs_3.0_wt_CeCl3_and_1.0_wt_SrCl2_and_2.5_wt_UCl3.csv
[Run 5511/508994] ✅ Saved: 20260902_1209_nist_libs_3.0_wt_CeCl3_and_1.0_wt_SrCl2_and_3.5_wt_UCl3.csv
[Run 5510/508994] ✅ Saved: 20260902_1209_nist_libs_3.0_wt_CeCl3_and_1.0_wt_SrCl2_and_3.0_wt_UCl3.csv
[Run 5512/508994] ✅ Saved: 20260902_1209_nist_libs_3.0_wt_CeCl3_and_1.0_wt_SrCl2_and_4.0_wt_UCl3.csv
[Run 5513/508994] ✅ Saved: 20260902_1209_nist_libs_3.0_wt_CeCl3_and_1.0_wt_SrCl2_and_4.5_wt_UCl3.csv
[Run 5515/508994] ✅ Saved: 20260902_1209_nist_libs_3.0_wt_CeCl3_and_1.5_wt_SrCl2_and_0.5_wt_UCl3.csv
[Run 5514/508994] ✅ Saved: 20260902_1209_nist_libs_3.0_wt_CeCl3_and_1.0_wt_SrCl2_and_5.0_wt_UCl3.csv
[Run 5516/508994] ✅ Saved: 20260902_1209_nist_libs_3.0_wt_CeCl3_and_1.5_wt_SrCl2_and_1.0_wt_UCl3.csv
[Run 5517/508994] ✅ Saved: 20260902_1209_nist_libs_3.0_wt_CeCl3_and_1.5_wt_SrCl2_and_1.5_wt_UCl3.csv
[Run 5519/508994] ✅ Saved: 20260902_1209_nist_libs_3.0_wt_CeCl3_and_1.5_wt_SrCl2_and_2.5_wt_UCl3.csv
[Run 5518/508994] ✅ Saved: 20260902_1209_nist_libs_3.0_wt_CeCl3_and_1.5_wt_SrCl2_and_2.0_wt_UCl3.csv
[Run 5520/508994] ✅ Saved: 20260902_1209_nist_libs_3.0_wt_CeCl3_and_1.5_wt_SrCl2_and_3.0_wt_UCl3.csv
[Run 5521/508994] ✅ Saved: 20260902_1209_nist_libs_3.0_wt_CeCl3_and_1.5_wt_SrCl2_and_3.5_wt_UCl3.csv
[Run 5522/508994] ✅ Saved: 20260902_1209_nist_libs_3.0_wt_CeCl3_and_1.5_wt_SrCl2_and_4.0_wt_UCl3.csv
[Run 5523/508994] ✅ Saved: 20260902_1209_nist_libs_3.0_wt_CeCl3_and_1.5_wt_SrCl2_and_4.5_wt_UCl3.csv
[Run 5524/508994] ✅ Saved: 20260902_1209_nist_libs_3.0_wt_CeCl3_and_1.5_wt_SrCl2_and_5.0_wt_UCl3.csv
[Run 5525/508994] ✅ Saved: 20260902_1209_nist_libs_3.0_wt_CeCl3_and_2.0_wt_SrCl2_and_0.5_wt_UCl3.csv
[Run 5527/508994] ✅ Saved: 20260902_1209_nist_libs_3.0_wt_CeCl3_and_2.0_wt_SrCl2_and_1.5_wt_UCl3.csv
[Run 5526/508994] ✅ Saved: 20260902_1209_nist_libs_3.0_wt_CeCl3_and_2.0_wt_SrCl2_and_1.0_wt_UCl3.csv
[Run 5528/508994] ✅ Saved: 20260902_1209_nist_libs_3.0_wt_CeCl3_and_2.0_wt_SrCl2_and_2.0_wt_UCl3.csv
[Run 5529/508994] ✅ Saved: 20260902_1209_nist_libs_3.0_wt_CeCl3_and_2.0_wt_SrCl2_and_2.5_wt_UCl3.csv
[Run 5530/508994] ✅ Saved: 20260902_1209_nist_libs_3.0_wt_CeCl3_and_2.0_wt_SrCl2_and_3.0_wt_UCl3.csv
[Run 5532/508994] ✅ Saved: 20260902_1209_nist_libs_3.0_wt_CeCl3_and_2.0_wt_SrCl2_and_4.0_wt_UCl3.csv
[Run 5531/508994] ✅ Saved: 20260902_1209_nist_libs_3.0_wt_CeCl3_and_2.0_wt_SrCl2_and_3.5_wt_UCl3.csv
[Run 5533/508994] ✅ Saved: 20260902_1209_nist_libs_3.0_wt_CeCl3_and_2.0_wt_SrCl2_and_4.5_wt_UCl3.csv
[Run 5534/508994] ✅ Saved: 20260902_1209_nist_libs_3.0_wt_CeCl3_and_2.0_wt_SrCl2_and_5.0_wt_UCl3.csv
[Run 5535/508994] ✅ Saved: 20260902_1209_nist_libs_3.0_wt_CeCl3_and_2.5_wt_SrCl2_and_0.5_wt_UCl3.csv
[Run 5536/508994] ✅ Saved: 20260902_1209_nist_libs_3.0_wt_CeCl3_and_2.5_wt_SrCl2_and_1.0_wt_UCl3.csv
[Run 5537/508994] ✅ Saved: 20260902_1209_nist_libs_3.0_wt_CeCl3_and_2.5_wt_SrCl2_and_1.5_wt_UCl3.csv
[Run 5538/508994] ✅ Saved: 20260902_1209_nist_libs_3.0_wt_CeCl3_and_2.5_wt_SrCl2_and_2.0_wt_UCl3.csv
[Run 5539/508994] ✅ Saved: 20260902_1209_nist_libs_3.0_wt_CeCl3_and_2.5_wt_SrCl2_and_2.5_wt_UCl3.csv
[Run 5541/508994] ✅ Saved: 20260902_1209_nist_libs_3.0_wt_CeCl3_and_2.5_wt_SrCl2_and_3.5_wt_UCl3.csv
[Run 5540/508994] ✅ Saved: 20260902_1209_nist_libs_3.0_wt_CeCl3_and_2.5_wt_SrCl2_and_3.0_wt_UCl3.csv
[Run 5542/508994] ✅ Saved: 20260902_1209_nist_libs_3.0_wt_CeCl3_and_2.5_wt_SrCl2_and_4.0_wt_UCl3.csv
[Run 5543/508994] ✅ Saved: 20260902_1209_nist_libs_3.0_wt_CeCl3_and_2.5_wt_SrCl2_and_4.5_wt_UCl3.csv
[Run 5545/508994] ✅ Saved: 20260902_1209_nist_libs_3.0_wt_CeCl3_and_3.0_wt_SrCl2_and_0.5_wt_UCl3.csv
[Run 5544/508994] ✅ Saved: 20260902_1209_nist_libs_3.0_wt_CeCl3_and_2.5_wt_SrCl2_and_5.0_wt_UCl3.csv
[Run 5546/508994] ✅ Saved: 20260902_1209_nist_libs_3.0_wt_CeCl3_and_3.0_wt_SrCl2_and_1.0_wt_UCl3.csv
[Run 5547/508994] ✅ Saved: 20260902_1209_nist_libs_3.0_wt_CeCl3_and_3.0_wt_SrCl2_and_1.5_wt_UCl3.csv
[Run 5548/508994] ✅ Saved: 20260902_1209_nist_libs_3.0_wt_CeCl3_and_3.0_wt_SrCl2_and_2.0_wt_UCl3.csv
[Run 5549/508994] ✅ Saved: 20260902_1209_nist_libs_3.0_wt_CeCl3_and_3.0_wt_SrCl2_and_2.5_wt_UCl3.csv
[Run 5550/508994] ✅ Saved: 20260902_1209_nist_libs_3.0_wt_CeCl3_and_3.0_wt_SrCl2_and_3.0_wt_UCl3.csv
[Run 5551/508994] ✅ Saved: 20260902_1209_nist_libs_3.0_wt_CeCl3_and_3.0_wt_SrCl2_and_3.5_wt_UCl3.csv
[Run 5552/508994] ✅ Saved: 20260902_1209_nist_libs_3.0_wt_CeCl3_and_3.0_wt_SrCl2_and_4.0_wt_UCl3.csv
[Run 5554/508994] ✅ Saved: 20260902_1209_nist_libs_3.0_wt_CeCl3_and_3.0_wt_SrCl2_and_5.0_wt_UCl3.csv
[Run 5553/508994] ✅ Saved: 20260902_1209_nist_libs_3.0_wt_CeCl3_and_3.0_wt_SrCl2_and_4.5_wt_UCl3.csv
[Run 5555/508994] ✅ Saved: 20260902_1209_nist_libs_3.0_wt_CeCl3_and_3.5_wt_SrCl2_and_0.5_wt_UCl3.csv
[Run 5556/508994] ✅ Saved: 20260902_1209_nist_libs_3.0_wt_CeCl3_and_3.5_wt_SrCl2_and_1.0_wt_UCl3.csv
[Run 5558/508994] ✅ Saved: 20260902_1209_nist_libs_3.0_wt_CeCl3_and_3.5_wt_SrCl2_and_2.0_wt_UCl3.csv
[Run 5557/508994] ✅ Saved: 20260902_1209_nist_libs_3.0_wt_CeCl3_and_3.5_wt_SrCl2_and_1.5_wt_UCl3.csv
[Run 5559/508994] ✅ Saved: 20260902_1209_nist_libs_3.0_wt_CeCl3_and_3.5_wt_SrCl2_and_2.5_wt_UCl3.csv
[Run 5560/508994] ✅ Saved: 20260902_1209_nist_libs_3.0_wt_CeCl3_and_3.5_wt_SrCl2_and_3.0_wt_UCl3.csv
[Run 5561/508994] ✅ Saved: 20260902_1209_nist_libs_3.0_wt_CeCl3_and_3.5_wt_SrCl2_and_3.5_wt_UCl3.csv
[Run 5562/508994] ✅ Saved: 20260902_1209_nist_libs_3.0_wt_CeCl3_and_3.5_wt_SrCl2_and_4.0_wt_UCl3.csv
[Run 5563/508994] ✅ Saved: 20260902_1209_nist_libs_3.0_wt_CeCl3_and_3.5_wt_SrCl2_and_4.5_wt_UCl3.csv
[Run 5564/508994] ✅ Saved: 20260902_1209_nist_libs_3.0_wt_CeCl3_and_3.5_wt_SrCl2_and_5.0_wt_UCl3.csv
[Run 5565/508994] ✅ Saved: 20260902_1209_nist_libs_3.0_wt_CeCl3_and_4.0_wt_SrCl2_and_0.5_wt_UCl3.csv
[Run 5566/508994] ✅ Saved: 20260902_1209_nist_libs_3.0_wt_CeCl3_and_4.0_wt_SrCl2_and_1.0_wt_UCl3.csv
[Run 5567/508994] ✅ Saved: 20260902_1209_nist_libs_3.0_wt_CeCl3_and_4.0_wt_SrCl2_and_1.5_wt_UCl3.csv
[Run 5568/508994] ✅ Saved: 20260902_1209_nist_libs_3.0_wt_CeCl3_and_4.0_wt_SrCl2_and_2.0_wt_UCl3.csv
[Run 5571/508994] ✅ Saved: 20260902_1209_nist_libs_3.0_wt_CeCl3_and_4.0_wt_SrCl2_and_3.5_wt_UCl3.csv
[Run 5569/508994] ✅ Saved: 20260902_1209_nist_libs_3.0_wt_CeCl3_and_4.0_wt_SrCl2_and_2.5_wt_UCl3.csv
[Run 5570/508994] ✅ Saved: 20260902_1209_nist_libs_3.0_wt_CeCl3_and_4.0_wt_SrCl2_and_3.0_wt_UCl3.csv
[Run 5572/508994] ✅ Saved: 20260902_1209_nist_libs_3.0_wt_CeCl3_and_4.0_wt_SrCl2_and_4.0_wt_UCl3.csv
[Run 5574/508994] ✅ Saved: 20260902_1209_nist_libs_3.0_wt_CeCl3_and_4.0_wt_SrCl2_and_5.0_wt_UCl3.csv
[Run 5573/508994] ✅ Saved: 20260902_1209_nist_libs_3.0_wt_CeCl3_and_4.0_wt_SrCl2_and_4.5_wt_UCl3.csv
[Run 5575/508994] ✅ Saved: 20260902_1209_nist_libs_3.0_wt_CeCl3_and_4.5_wt_SrCl2_and_0.5_wt_UCl3.csv
[Run 5576/508994] ✅ Saved: 20260902_1209_nist_libs_3.0_wt_CeCl3_and_4.5_wt_SrCl2_and_1.0_wt_UCl3.csv
[Run 5577/508994] ✅ Saved: 20260902_1209_nist_libs_3.0_wt_CeCl3_and_4.5_wt_SrCl2_and_1.5_wt_UCl3.csv
[Run 5578/508994] ✅ Saved: 20260902_1209_nist_libs_3.0_wt_CeCl3_and_4.5_wt_SrCl2_and_2.0_wt_UCl3.csv
[Run 5579/508994] ✅ Saved: 20260902_1209_nist_libs_3.0_wt_CeCl3_and_4.5_wt_SrCl2_and_2.5_wt_UCl3.csv
[Run 5580/508994] ✅ Saved: 20260902_1209_nist_libs_3.0_wt_CeCl3_and_4.5_wt_SrCl2_and_3.0_wt_UCl3.csv
[Run 5581/508994] ✅ Saved: 20260902_1209_nist_libs_3.0_wt_CeCl3_and_4.5_wt_SrCl2_and_3.5_wt_UCl3.csv
[Run 5582/508994] ✅ Saved: 20260902_1209_nist_libs_3.0_wt_CeCl3_and_4.5_wt_SrCl2_and_4.0_wt_UCl3.csv
[Run 5583/508994] ✅ Saved: 20260902_1209_nist_libs_3.0_wt_CeCl3_and_4.5_wt_SrCl2_and_4.5_wt_UCl3.csv
[Run 5584/508994] ✅ Saved: 20260902_1209_nist_libs_3.0_wt_CeCl3_and_4.5_wt_SrCl2_and_5.0_wt_UCl3.csv
[Run 5585/508994] ✅ Saved: 20260902_1209_nist_libs_3.0_wt_CeCl3_and_5.0_wt_SrCl2_and_0.5_wt_UCl3.csv
[Run 5587/508994] ✅ Saved: 20260902_1209_nist_libs_3.0_wt_CeCl3_and_5.0_wt_SrCl2_and_1.5_wt_UCl3.csv
[Run 5586/508994] ✅ Saved: 20260902_1209_nist_libs_3.0_wt_CeCl3_and_5.0_wt_SrCl2_and_1.0_wt_UCl3.csv
[Run 5588/508994] ✅ Saved: 20260902_1209_nist_libs_3.0_wt_CeCl3_and_5.0_wt_SrCl2_and_2.0_wt_UCl3.csv
[Run 5589/508994] ✅ Saved: 20260902_1209_nist_libs_3.0_wt_CeCl3_and_5.0_wt_SrCl2_and_2.5_wt_UCl3.csv
