==========================================================
Job Started: Wed Sep  2 10:33:56 AM EDT 2026
Running on node: athena204
Job ID: 3074627
Scratch Directory: /tmp/slurm_3074627
==========================================================
NIST_data.py loading ...
🔍 Inspecting existing ZIP archives in persistent storage...
ℹ️ Found 48006 CSVs already packaged in ZIP files.
🔍 Pre-scanning grid to find uncompleted runs...
🚀 Found 511994 remaining simulation runs to execute.
⚡ Processing with 4 concurrent threads (1.2s worker delay)...
[Run 4/511994] ✅ Saved: nist_libs_4.5_wt_CeCl3_and_4.5_wt_SmCl3_and_2.0_wt_FeCl2.csv
[Run 2/511994] ✅ Saved: nist_libs_4.0_wt_CeCl3_and_0.5_wt_SmCl3_and_3.5_wt_FeCl2.csv
[Run 1/511994] ✅ Saved: nist_libs_4.0_wt_CeCl3_and_0.5_wt_SmCl3_and_3.0_wt_FeCl2.csv
[Run 3/511994] ✅ Saved: nist_libs_4.5_wt_CeCl3_and_4.5_wt_SmCl3_and_1.5_wt_FeCl2.csv
[Run 5/511994] ✅ Saved: nist_libs_4.0_wt_CeCl3_and_2.0_wt_SmCl3_and_2.5_wt_MgCl2.csv
[Run 6/511994] ✅ Saved: nist_libs_4.0_wt_CeCl3_and_2.0_wt_SmCl3_and_3.0_wt_MgCl2.csv
[Run 8/511994] ✅ Saved: nist_libs_4.0_wt_CeCl3_and_2.0_wt_SmCl3_and_4.0_wt_MgCl2.csv
[Run 7/511994] ✅ Saved: nist_libs_4.0_wt_CeCl3_and_2.0_wt_SmCl3_and_3.5_wt_MgCl2.csv
[Run 9/511994] ✅ Saved: nist_libs_4.0_wt_CeCl3_and_2.0_wt_SmCl3_and_4.5_wt_MgCl2.csv
[Run 10/511994] ✅ Saved: nist_libs_4.0_wt_CeCl3_and_2.0_wt_SmCl3_and_5.0_wt_MgCl2.csv
[Run 11/511994] ✅ Saved: nist_libs_4.0_wt_CeCl3_and_2.5_wt_SmCl3_and_0.5_wt_MgCl2.csv
[Run 12/511994] ✅ Saved: nist_libs_4.0_wt_CeCl3_and_2.5_wt_SmCl3_and_1.0_wt_MgCl2.csv
[Run 14/511994] ✅ Saved: nist_libs_0.5_wt_CeCl3_and_4.0_wt_LaCl3_and_2.0_wt_NdCl3.csv
[Run 13/511994] ✅ Saved: nist_libs_0.5_wt_CeCl3_and_4.0_wt_LaCl3_and_1.5_wt_NdCl3.csv
[Run 15/511994] ✅ Saved: nist_libs_0.5_wt_CeCl3_and_4.0_wt_LaCl3_and_3.0_wt_NdCl3.csv
[Run 16/511994] ✅ Saved: nist_libs_1.5_wt_CeCl3_and_1.0_wt_LaCl3_and_3.5_wt_CsCl.csv
[Run 17/511994] ✅ Saved: nist_libs_1.5_wt_CeCl3_and_1.0_wt_LaCl3_and_4.0_wt_CsCl.csv
[Run 18/511994] ✅ Saved: nist_libs_1.5_wt_CeCl3_and_1.0_wt_LaCl3_and_4.5_wt_CsCl.csv
[Run 19/511994] ✅ Saved: nist_libs_1.5_wt_CeCl3_and_1.0_wt_LaCl3_and_5.0_wt_CsCl.csv
[Run 20/511994] ✅ Saved: nist_libs_1.5_wt_CeCl3_and_1.5_wt_LaCl3_and_0.5_wt_CsCl.csv
[Run 21/511994] ✅ Saved: nist_libs_1.5_wt_CeCl3_and_1.5_wt_LaCl3_and_1.0_wt_CsCl.csv
[Run 22/511994] ✅ Saved: nist_libs_1.5_wt_CeCl3_and_1.5_wt_LaCl3_and_1.5_wt_CsCl.csv
[Run 23/511994] ✅ Saved: nist_libs_1.5_wt_CeCl3_and_1.5_wt_LaCl3_and_2.0_wt_CsCl.csv
[Run 24/511994] ✅ Saved: nist_libs_1.5_wt_CeCl3_and_1.5_wt_LaCl3_and_2.5_wt_CsCl.csv
[Run 25/511994] ✅ Saved: nist_libs_1.5_wt_CeCl3_and_1.5_wt_LaCl3_and_3.0_wt_CsCl.csv
[Run 26/511994] ✅ Saved: nist_libs_1.5_wt_CeCl3_and_1.5_wt_LaCl3_and_3.5_wt_CsCl.csv
[Run 27/511994] ✅ Saved: nist_libs_1.5_wt_CeCl3_and_1.5_wt_LaCl3_and_4.0_wt_CsCl.csv
[Run 28/511994] ✅ Saved: nist_libs_1.5_wt_CeCl3_and_1.5_wt_LaCl3_and_4.5_wt_CsCl.csv
[Run 29/511994] ✅ Saved: nist_libs_1.5_wt_CeCl3_and_1.5_wt_LaCl3_and_5.0_wt_CsCl.csv
[Run 31/511994] ✅ Saved: nist_libs_1.5_wt_CeCl3_and_2.0_wt_LaCl3_and_1.0_wt_CsCl.csv
[Run 30/511994] ✅ Saved: nist_libs_1.5_wt_CeCl3_and_2.0_wt_LaCl3_and_0.5_wt_CsCl.csv
[Run 32/511994] ✅ Saved: nist_libs_1.5_wt_CeCl3_and_2.0_wt_LaCl3_and_1.5_wt_CsCl.csv
[Run 33/511994] ✅ Saved: nist_libs_1.5_wt_CeCl3_and_2.0_wt_LaCl3_and_2.0_wt_CsCl.csv
[Run 34/511994] ✅ Saved: nist_libs_1.5_wt_CeCl3_and_2.0_wt_LaCl3_and_2.5_wt_CsCl.csv
[Run 35/511994] ✅ Saved: nist_libs_1.5_wt_CeCl3_and_2.0_wt_LaCl3_and_3.0_wt_CsCl.csv
[Run 36/511994] ✅ Saved: nist_libs_1.5_wt_CeCl3_and_2.0_wt_LaCl3_and_3.5_wt_CsCl.csv
[Run 37/511994] ✅ Saved: nist_libs_1.5_wt_CeCl3_and_2.0_wt_LaCl3_and_4.0_wt_CsCl.csv
[Run 38/511994] ✅ Saved: nist_libs_1.5_wt_CeCl3_and_2.0_wt_LaCl3_and_4.5_wt_CsCl.csv
[Run 39/511994] ✅ Saved: nist_libs_1.5_wt_CeCl3_and_2.0_wt_LaCl3_and_5.0_wt_CsCl.csv
[Run 40/511994] ✅ Saved: nist_libs_1.5_wt_CeCl3_and_2.5_wt_LaCl3_and_0.5_wt_CsCl.csv
[Run 41/511994] ✅ Saved: nist_libs_1.5_wt_CeCl3_and_2.5_wt_LaCl3_and_1.0_wt_CsCl.csv
[Run 42/511994] ✅ Saved: nist_libs_1.5_wt_CeCl3_and_2.5_wt_LaCl3_and_1.5_wt_CsCl.csv
[Run 44/511994] ✅ Saved: nist_libs_1.5_wt_CeCl3_and_2.5_wt_LaCl3_and_2.5_wt_CsCl.csv
[Run 43/511994] ✅ Saved: nist_libs_1.5_wt_CeCl3_and_2.5_wt_LaCl3_and_2.0_wt_CsCl.csv
[Run 45/511994] ✅ Saved: nist_libs_1.5_wt_CeCl3_and_2.5_wt_LaCl3_and_3.0_wt_CsCl.csv
[Run 46/511994] ✅ Saved: nist_libs_1.5_wt_CeCl3_and_2.5_wt_LaCl3_and_3.5_wt_CsCl.csv
[Run 47/511994] ✅ Saved: nist_libs_1.5_wt_CeCl3_and_2.5_wt_LaCl3_and_4.0_wt_CsCl.csv
[Run 49/511994] ✅ Saved: nist_libs_1.5_wt_CeCl3_and_2.5_wt_LaCl3_and_5.0_wt_CsCl.csv
[Run 48/511994] ✅ Saved: nist_libs_1.5_wt_CeCl3_and_2.5_wt_LaCl3_and_4.5_wt_CsCl.csv
[Run 50/511994] ✅ Saved: nist_libs_1.5_wt_CeCl3_and_3.0_wt_LaCl3_and_0.5_wt_CsCl.csv
[Run 51/511994] ✅ Saved: nist_libs_1.5_wt_CeCl3_and_3.0_wt_LaCl3_and_1.0_wt_CsCl.csv
[Run 53/511994] ✅ Saved: nist_libs_1.5_wt_CeCl3_and_3.0_wt_LaCl3_and_2.0_wt_CsCl.csv
[Run 52/511994] ✅ Saved: nist_libs_1.5_wt_CeCl3_and_3.0_wt_LaCl3_and_1.5_wt_CsCl.csv
[Run 54/511994] ✅ Saved: nist_libs_1.5_wt_CeCl3_and_3.0_wt_LaCl3_and_2.5_wt_CsCl.csv
[Run 55/511994] ✅ Saved: nist_libs_1.5_wt_CeCl3_and_3.0_wt_LaCl3_and_3.0_wt_CsCl.csv
[Run 56/511994] ✅ Saved: nist_libs_1.5_wt_CeCl3_and_3.0_wt_LaCl3_and_3.5_wt_CsCl.csv
[Run 57/511994] ✅ Saved: nist_libs_1.5_wt_CeCl3_and_3.0_wt_LaCl3_and_4.0_wt_CsCl.csv
[Run 58/511994] ✅ Saved: nist_libs_1.5_wt_CeCl3_and_3.0_wt_LaCl3_and_4.5_wt_CsCl.csv
[Run 59/511994] ✅ Saved: nist_libs_1.5_wt_CeCl3_and_3.0_wt_LaCl3_and_5.0_wt_CsCl.csv
[Run 60/511994] ✅ Saved: nist_libs_1.5_wt_CeCl3_and_3.5_wt_LaCl3_and_0.5_wt_CsCl.csv
[Run 61/511994] ✅ Saved: nist_libs_1.5_wt_CeCl3_and_3.5_wt_LaCl3_and_1.0_wt_CsCl.csv
[Run 62/511994] ✅ Saved: nist_libs_1.5_wt_CeCl3_and_3.5_wt_LaCl3_and_1.5_wt_CsCl.csv
[Run 63/511994] ✅ Saved: nist_libs_1.5_wt_CeCl3_and_3.5_wt_LaCl3_and_2.0_wt_CsCl.csv
[Run 64/511994] ✅ Saved: nist_libs_1.5_wt_CeCl3_and_3.5_wt_LaCl3_and_2.5_wt_CsCl.csv
[Run 65/511994] ✅ Saved: nist_libs_1.5_wt_CeCl3_and_3.5_wt_LaCl3_and_3.0_wt_CsCl.csv
[Run 67/511994] ✅ Saved: nist_libs_1.5_wt_CeCl3_and_3.5_wt_LaCl3_and_4.0_wt_CsCl.csv
[Run 66/511994] ✅ Saved: nist_libs_1.5_wt_CeCl3_and_3.5_wt_LaCl3_and_3.5_wt_CsCl.csv
[Run 68/511994] ✅ Saved: nist_libs_1.5_wt_CeCl3_and_3.5_wt_LaCl3_and_4.5_wt_CsCl.csv
[Run 69/511994] ✅ Saved: nist_libs_1.5_wt_CeCl3_and_3.5_wt_LaCl3_and_5.0_wt_CsCl.csv
[Run 71/511994] ✅ Saved: nist_libs_1.5_wt_CeCl3_and_4.0_wt_LaCl3_and_1.0_wt_CsCl.csv
[Run 70/511994] ✅ Saved: nist_libs_1.5_wt_CeCl3_and_4.0_wt_LaCl3_and_0.5_wt_CsCl.csv
[Run 73/511994] ✅ Saved: nist_libs_1.5_wt_CeCl3_and_4.0_wt_LaCl3_and_2.0_wt_CsCl.csv
[Run 72/511994] ✅ Saved: nist_libs_1.5_wt_CeCl3_and_4.0_wt_LaCl3_and_1.5_wt_CsCl.csv
[Run 74/511994] ✅ Saved: nist_libs_1.5_wt_CeCl3_and_4.0_wt_LaCl3_and_2.5_wt_CsCl.csv
[Run 75/511994] ✅ Saved: nist_libs_1.5_wt_CeCl3_and_4.0_wt_LaCl3_and_3.0_wt_CsCl.csv
[Run 76/511994] ✅ Saved: nist_libs_1.5_wt_CeCl3_and_4.0_wt_LaCl3_and_3.5_wt_CsCl.csv
[Run 77/511994] ✅ Saved: nist_libs_1.5_wt_CeCl3_and_4.0_wt_LaCl3_and_4.0_wt_CsCl.csv
[Run 78/511994] ✅ Saved: nist_libs_1.5_wt_CeCl3_and_4.0_wt_LaCl3_and_4.5_wt_CsCl.csv
[Run 79/511994] ✅ Saved: nist_libs_1.5_wt_CeCl3_and_4.0_wt_LaCl3_and_5.0_wt_CsCl.csv
[Run 80/511994] ✅ Saved: nist_libs_1.5_wt_CeCl3_and_4.5_wt_LaCl3_and_0.5_wt_CsCl.csv
[Run 81/511994] ✅ Saved: nist_libs_1.5_wt_CeCl3_and_4.5_wt_LaCl3_and_1.0_wt_CsCl.csv
[Run 82/511994] ✅ Saved: nist_libs_1.5_wt_CeCl3_and_4.5_wt_LaCl3_and_2.0_wt_CsCl.csv
[Run 83/511994] ✅ Saved: nist_libs_4.0_wt_CeCl3_and_5.0_wt_LaCl3_and_3.5_wt_FeCl2.csv
[Run 84/511994] ✅ Saved: nist_libs_1.5_wt_CeCl3_and_3.0_wt_NdCl3_and_1.5_wt_FeCl2.csv
[Run 85/511994] ✅ Saved: nist_libs_3.5_wt_CeCl3_and_2.0_wt_CsCl_and_1.0_wt_YCl3.csv
[Run 86/511994] ✅ Saved: nist_libs_1.0_wt_CeCl3_and_2.0_wt_CsCl_and_4.5_wt_FeCl2.csv
[Run 87/511994] ✅ Saved: nist_libs_1.0_wt_CeCl3_and_2.0_wt_CsCl_and_5.0_wt_FeCl2.csv
[Run 88/511994] ✅ Saved: nist_libs_1.0_wt_CeCl3_and_3.0_wt_CsCl_and_1.5_wt_FeCl2.csv
[Run 89/511994] ✅ Saved: nist_libs_1.0_wt_CeCl3_and_3.0_wt_CsCl_and_2.0_wt_FeCl2.csv
[Run 90/511994] ✅ Saved: nist_libs_1.0_wt_CeCl3_and_3.0_wt_CsCl_and_2.5_wt_FeCl2.csv
[Run 91/511994] ✅ Saved: nist_libs_1.0_wt_CeCl3_and_3.0_wt_CsCl_and_3.0_wt_FeCl2.csv
[Run 92/511994] ✅ Saved: nist_libs_1.0_wt_CeCl3_and_3.0_wt_CsCl_and_3.5_wt_FeCl2.csv
[Run 93/511994] ✅ Saved: nist_libs_1.0_wt_CeCl3_and_3.0_wt_CsCl_and_4.0_wt_FeCl2.csv
[Run 94/511994] ✅ Saved: nist_libs_1.0_wt_CeCl3_and_3.0_wt_CsCl_and_4.5_wt_FeCl2.csv
[Run 95/511994] ✅ Saved: nist_libs_1.0_wt_CeCl3_and_3.0_wt_CsCl_and_5.0_wt_FeCl2.csv
[Run 97/511994] ✅ Saved: nist_libs_1.0_wt_CeCl3_and_3.5_wt_CsCl_and_1.0_wt_FeCl2.csv
[Run 96/511994] ✅ Saved: nist_libs_1.0_wt_CeCl3_and_3.5_wt_CsCl_and_0.5_wt_FeCl2.csv
[Run 98/511994] ✅ Saved: nist_libs_1.0_wt_CeCl3_and_3.5_wt_CsCl_and_1.5_wt_FeCl2.csv
[Run 99/511994] ✅ Saved: nist_libs_1.0_wt_CeCl3_and_3.5_wt_CsCl_and_2.0_wt_FeCl2.csv
[Run 100/511994] ✅ Saved: nist_libs_1.0_wt_CeCl3_and_4.0_wt_CsCl_and_3.5_wt_FeCl2.csv
[Run 101/511994] ✅ Saved: nist_libs_1.0_wt_CeCl3_and_4.0_wt_CsCl_and_4.0_wt_FeCl2.csv
[Run 102/511994] ✅ Saved: nist_libs_1.0_wt_CeCl3_and_4.0_wt_CsCl_and_4.5_wt_FeCl2.csv
[Run 103/511994] ✅ Saved: nist_libs_1.0_wt_CeCl3_and_4.0_wt_CsCl_and_5.0_wt_FeCl2.csv
[Run 104/511994] ✅ Saved: nist_libs_1.0_wt_CeCl3_and_4.5_wt_CsCl_and_0.5_wt_FeCl2.csv
[Run 105/511994] ✅ Saved: nist_libs_1.0_wt_CeCl3_and_4.5_wt_CsCl_and_1.0_wt_FeCl2.csv
[Run 106/511994] ✅ Saved: nist_libs_1.0_wt_CeCl3_and_4.5_wt_CsCl_and_1.5_wt_FeCl2.csv
[Run 107/511994] ✅ Saved: nist_libs_1.0_wt_CeCl3_and_4.5_wt_CsCl_and_2.0_wt_FeCl2.csv
[Run 108/511994] ✅ Saved: nist_libs_1.5_wt_CeCl3_and_1.5_wt_CsCl_and_1.0_wt_FeCl2.csv
[Run 109/511994] ✅ Saved: nist_libs_1.5_wt_CeCl3_and_1.5_wt_CsCl_and_1.5_wt_FeCl2.csv
[Run 110/511994] ✅ Saved: nist_libs_1.5_wt_CeCl3_and_1.5_wt_CsCl_and_2.0_wt_FeCl2.csv
[Run 113/511994] ✅ Saved: nist_libs_1.0_wt_CeCl3_and_1.0_wt_CsCl_and_4.5_wt_GdCl3.csv
[Run 111/511994] ✅ Saved: nist_libs_1.5_wt_CeCl3_and_5.0_wt_CsCl_and_1.0_wt_FeCl2.csv
[Run 112/511994] ✅ Saved: nist_libs_1.5_wt_CeCl3_and_5.0_wt_CsCl_and_1.5_wt_FeCl2.csv
[Run 114/511994] ✅ Saved: nist_libs_1.0_wt_CeCl3_and_1.0_wt_CsCl_and_5.0_wt_GdCl3.csv
[Run 115/511994] ✅ Saved: nist_libs_1.0_wt_CeCl3_and_1.5_wt_CsCl_and_0.5_wt_GdCl3.csv
[Run 116/511994] ✅ Saved: nist_libs_1.0_wt_CeCl3_and_1.5_wt_CsCl_and_1.0_wt_GdCl3.csv
[Run 117/511994] ✅ Saved: nist_libs_1.0_wt_CeCl3_and_1.5_wt_CsCl_and_1.5_wt_GdCl3.csv
[Run 119/511994] ✅ Saved: nist_libs_1.0_wt_CeCl3_and_1.5_wt_CsCl_and_2.5_wt_GdCl3.csv
[Run 118/511994] ✅ Saved: nist_libs_1.0_wt_CeCl3_and_1.5_wt_CsCl_and_2.0_wt_GdCl3.csv
[Run 120/511994] ✅ Saved: nist_libs_1.0_wt_CeCl3_and_1.5_wt_CsCl_and_3.0_wt_GdCl3.csv
[Run 121/511994] ✅ Saved: nist_libs_1.0_wt_CeCl3_and_1.5_wt_CsCl_and_3.5_wt_GdCl3.csv
[Run 122/511994] ✅ Saved: nist_libs_1.0_wt_CeCl3_and_1.5_wt_CsCl_and_4.0_wt_GdCl3.csv
[Run 123/511994] ✅ Saved: nist_libs_1.0_wt_CeCl3_and_1.5_wt_CsCl_and_4.5_wt_GdCl3.csv
[Run 125/511994] ✅ Saved: nist_libs_1.0_wt_CeCl3_and_2.0_wt_CsCl_and_0.5_wt_GdCl3.csv
[Run 124/511994] ✅ Saved: nist_libs_1.0_wt_CeCl3_and_1.5_wt_CsCl_and_5.0_wt_GdCl3.csv
[Run 126/511994] ✅ Saved: nist_libs_1.0_wt_CeCl3_and_2.0_wt_CsCl_and_1.0_wt_GdCl3.csv
[Run 127/511994] ✅ Saved: nist_libs_1.0_wt_CeCl3_and_2.0_wt_CsCl_and_1.5_wt_GdCl3.csv
[Run 129/511994] ✅ Saved: nist_libs_1.0_wt_CeCl3_and_2.0_wt_CsCl_and_2.5_wt_GdCl3.csv
[Run 128/511994] ✅ Saved: nist_libs_1.0_wt_CeCl3_and_2.0_wt_CsCl_and_2.0_wt_GdCl3.csv
[Run 130/511994] ✅ Saved: nist_libs_1.0_wt_CeCl3_and_2.0_wt_CsCl_and_3.0_wt_GdCl3.csv
[Run 131/511994] ✅ Saved: nist_libs_1.0_wt_CeCl3_and_2.0_wt_CsCl_and_3.5_wt_GdCl3.csv
[Run 133/511994] ✅ Saved: nist_libs_1.0_wt_CeCl3_and_2.0_wt_CsCl_and_4.5_wt_GdCl3.csv
[Run 132/511994] ✅ Saved: nist_libs_1.0_wt_CeCl3_and_2.0_wt_CsCl_and_4.0_wt_GdCl3.csv
[Run 134/511994] ✅ Saved: nist_libs_1.0_wt_CeCl3_and_2.0_wt_CsCl_and_5.0_wt_GdCl3.csv
[Run 135/511994] ✅ Saved: nist_libs_1.0_wt_CeCl3_and_2.5_wt_CsCl_and_0.5_wt_GdCl3.csv
[Run 136/511994] ✅ Saved: nist_libs_1.0_wt_CeCl3_and_2.5_wt_CsCl_and_1.0_wt_GdCl3.csv
[Run 137/511994] ✅ Saved: nist_libs_1.0_wt_CeCl3_and_2.5_wt_CsCl_and_1.5_wt_GdCl3.csv
[Run 138/511994] ✅ Saved: nist_libs_1.0_wt_CeCl3_and_2.5_wt_CsCl_and_2.0_wt_GdCl3.csv
[Run 139/511994] ✅ Saved: nist_libs_1.0_wt_CeCl3_and_2.5_wt_CsCl_and_2.5_wt_GdCl3.csv
[Run 140/511994] ✅ Saved: nist_libs_1.0_wt_CeCl3_and_2.5_wt_CsCl_and_3.0_wt_GdCl3.csv
[Run 141/511994] ✅ Saved: nist_libs_1.0_wt_CeCl3_and_2.5_wt_CsCl_and_3.5_wt_GdCl3.csv
[Run 142/511994] ✅ Saved: nist_libs_1.0_wt_CeCl3_and_2.5_wt_CsCl_and_4.0_wt_GdCl3.csv
[Run 143/511994] ✅ Saved: nist_libs_1.0_wt_CeCl3_and_2.5_wt_CsCl_and_4.5_wt_GdCl3.csv
[Run 146/511994] ✅ Saved: nist_libs_1.0_wt_CeCl3_and_3.0_wt_CsCl_and_1.0_wt_GdCl3.csv
[Run 144/511994] ✅ Saved: nist_libs_1.0_wt_CeCl3_and_2.5_wt_CsCl_and_5.0_wt_GdCl3.csv
[Run 145/511994] ✅ Saved: nist_libs_1.0_wt_CeCl3_and_3.0_wt_CsCl_and_0.5_wt_GdCl3.csv
[Run 147/511994] ✅ Saved: nist_libs_1.0_wt_CeCl3_and_3.0_wt_CsCl_and_1.5_wt_GdCl3.csv
[Run 148/511994] ✅ Saved: nist_libs_1.0_wt_CeCl3_and_3.0_wt_CsCl_and_2.0_wt_GdCl3.csv
[Run 150/511994] ✅ Saved: nist_libs_1.0_wt_CeCl3_and_3.0_wt_CsCl_and_3.0_wt_GdCl3.csv
[Run 149/511994] ✅ Saved: nist_libs_1.0_wt_CeCl3_and_3.0_wt_CsCl_and_2.5_wt_GdCl3.csv
[Run 151/511994] ✅ Saved: nist_libs_1.0_wt_CeCl3_and_3.0_wt_CsCl_and_3.5_wt_GdCl3.csv
[Run 154/511994] ✅ Saved: nist_libs_1.0_wt_CeCl3_and_3.0_wt_CsCl_and_5.0_wt_GdCl3.csv
[Run 152/511994] ✅ Saved: nist_libs_1.0_wt_CeCl3_and_3.0_wt_CsCl_and_4.0_wt_GdCl3.csv
[Run 153/511994] ✅ Saved: nist_libs_1.0_wt_CeCl3_and_3.0_wt_CsCl_and_4.5_wt_GdCl3.csv
[Run 155/511994] ✅ Saved: nist_libs_1.0_wt_CeCl3_and_3.5_wt_CsCl_and_0.5_wt_GdCl3.csv
[Run 156/511994] ✅ Saved: nist_libs_1.0_wt_CeCl3_and_3.5_wt_CsCl_and_1.0_wt_GdCl3.csv
[Run 157/511994] ✅ Saved: nist_libs_1.0_wt_CeCl3_and_3.5_wt_CsCl_and_1.5_wt_GdCl3.csv
[Run 158/511994] ✅ Saved: nist_libs_1.0_wt_CeCl3_and_3.5_wt_CsCl_and_2.0_wt_GdCl3.csv
[Run 159/511994] ✅ Saved: nist_libs_1.0_wt_CeCl3_and_3.5_wt_CsCl_and_2.5_wt_GdCl3.csv
[Run 160/511994] ✅ Saved: nist_libs_1.0_wt_CeCl3_and_3.5_wt_CsCl_and_3.0_wt_GdCl3.csv
[Run 161/511994] ✅ Saved: nist_libs_1.0_wt_CeCl3_and_3.5_wt_CsCl_and_3.5_wt_GdCl3.csv
[Run 162/511994] ✅ Saved: nist_libs_1.0_wt_CeCl3_and_3.5_wt_CsCl_and_4.0_wt_GdCl3.csv
[Run 163/511994] ✅ Saved: nist_libs_1.0_wt_CeCl3_and_3.5_wt_CsCl_and_4.5_wt_GdCl3.csv
[Run 164/511994] ✅ Saved: nist_libs_1.0_wt_CeCl3_and_3.5_wt_CsCl_and_5.0_wt_GdCl3.csv
[Run 165/511994] ✅ Saved: nist_libs_1.0_wt_CeCl3_and_4.0_wt_CsCl_and_0.5_wt_GdCl3.csv
[Run 166/511994] ✅ Saved: nist_libs_1.0_wt_CeCl3_and_4.0_wt_CsCl_and_1.0_wt_GdCl3.csv
[Run 167/511994] ✅ Saved: nist_libs_1.0_wt_CeCl3_and_4.0_wt_CsCl_and_1.5_wt_GdCl3.csv
[Run 168/511994] ✅ Saved: nist_libs_1.0_wt_CeCl3_and_4.0_wt_CsCl_and_2.0_wt_GdCl3.csv
[Run 169/511994] ✅ Saved: nist_libs_1.0_wt_CeCl3_and_4.0_wt_CsCl_and_2.5_wt_GdCl3.csv
[Run 170/511994] ✅ Saved: nist_libs_1.0_wt_CeCl3_and_4.0_wt_CsCl_and_3.0_wt_GdCl3.csv
[Run 171/511994] ✅ Saved: nist_libs_1.0_wt_CeCl3_and_4.0_wt_CsCl_and_3.5_wt_GdCl3.csv
[Run 172/511994] ✅ Saved: nist_libs_1.0_wt_CeCl3_and_4.0_wt_CsCl_and_4.0_wt_GdCl3.csv
[Run 173/511994] ✅ Saved: nist_libs_1.0_wt_CeCl3_and_4.0_wt_CsCl_and_4.5_wt_GdCl3.csv
[Run 174/511994] ✅ Saved: nist_libs_1.0_wt_CeCl3_and_4.0_wt_CsCl_and_5.0_wt_GdCl3.csv
[Run 175/511994] ✅ Saved: nist_libs_1.0_wt_CeCl3_and_4.5_wt_CsCl_and_0.5_wt_GdCl3.csv
[Run 176/511994] ✅ Saved: nist_libs_1.0_wt_CeCl3_and_4.5_wt_CsCl_and_1.0_wt_GdCl3.csv
[Run 177/511994] ✅ Saved: nist_libs_1.0_wt_CeCl3_and_4.5_wt_CsCl_and_1.5_wt_GdCl3.csv
[Run 178/511994] ✅ Saved: nist_libs_1.0_wt_CeCl3_and_4.5_wt_CsCl_and_2.0_wt_GdCl3.csv
[Run 179/511994] ✅ Saved: nist_libs_1.0_wt_CeCl3_and_4.5_wt_CsCl_and_2.5_wt_GdCl3.csv
[Run 180/511994] ✅ Saved: nist_libs_1.0_wt_CeCl3_and_4.5_wt_CsCl_and_3.0_wt_GdCl3.csv
[Run 181/511994] ✅ Saved: nist_libs_1.0_wt_CeCl3_and_4.5_wt_CsCl_and_3.5_wt_GdCl3.csv
[Run 182/511994] ✅ Saved: nist_libs_1.0_wt_CeCl3_and_4.5_wt_CsCl_and_4.0_wt_GdCl3.csv
[Run 183/511994] ✅ Saved: nist_libs_1.0_wt_CeCl3_and_4.5_wt_CsCl_and_4.5_wt_GdCl3.csv
[Run 184/511994] ✅ Saved: nist_libs_1.0_wt_CeCl3_and_4.5_wt_CsCl_and_5.0_wt_GdCl3.csv
[Run 185/511994] ✅ Saved: nist_libs_1.0_wt_CeCl3_and_5.0_wt_CsCl_and_0.5_wt_GdCl3.csv
[Run 186/511994] ✅ Saved: nist_libs_1.0_wt_CeCl3_and_5.0_wt_CsCl_and_1.0_wt_GdCl3.csv
[Run 187/511994] ✅ Saved: nist_libs_1.0_wt_CeCl3_and_5.0_wt_CsCl_and_1.5_wt_GdCl3.csv
[Run 188/511994] ✅ Saved: nist_libs_1.0_wt_CeCl3_and_5.0_wt_CsCl_and_2.0_wt_GdCl3.csv
[Run 189/511994] ✅ Saved: nist_libs_1.0_wt_CeCl3_and_5.0_wt_CsCl_and_2.5_wt_GdCl3.csv
[Run 190/511994] ✅ Saved: nist_libs_1.0_wt_CeCl3_and_5.0_wt_CsCl_and_3.0_wt_GdCl3.csv
[Run 191/511994] ✅ Saved: nist_libs_1.0_wt_CeCl3_and_5.0_wt_CsCl_and_3.5_wt_GdCl3.csv
[Run 192/511994] ✅ Saved: nist_libs_1.0_wt_CeCl3_and_5.0_wt_CsCl_and_4.0_wt_GdCl3.csv
[Run 194/511994] ✅ Saved: nist_libs_1.0_wt_CeCl3_and_5.0_wt_CsCl_and_5.0_wt_GdCl3.csv
[Run 193/511994] ✅ Saved: nist_libs_1.0_wt_CeCl3_and_5.0_wt_CsCl_and_4.5_wt_GdCl3.csv
[Run 195/511994] ✅ Saved: nist_libs_1.5_wt_CeCl3_and_0.5_wt_CsCl_and_0.5_wt_GdCl3.csv
[Run 196/511994] ✅ Saved: nist_libs_1.5_wt_CeCl3_and_0.5_wt_CsCl_and_1.0_wt_GdCl3.csv
[Run 197/511994] ✅ Saved: nist_libs_1.5_wt_CeCl3_and_0.5_wt_CsCl_and_1.5_wt_GdCl3.csv
[Run 198/511994] ✅ Saved: nist_libs_1.5_wt_CeCl3_and_0.5_wt_CsCl_and_2.0_wt_GdCl3.csv
[Run 199/511994] ✅ Saved: nist_libs_1.5_wt_CeCl3_and_0.5_wt_CsCl_and_2.5_wt_GdCl3.csv
[Run 200/511994] ✅ Saved: nist_libs_1.5_wt_CeCl3_and_0.5_wt_CsCl_and_3.0_wt_GdCl3.csv
[Run 201/511994] ✅ Saved: nist_libs_1.5_wt_CeCl3_and_0.5_wt_CsCl_and_3.5_wt_GdCl3.csv
[Run 202/511994] ✅ Saved: nist_libs_1.5_wt_CeCl3_and_0.5_wt_CsCl_and_4.0_wt_GdCl3.csv
[Run 203/511994] ✅ Saved: nist_libs_1.5_wt_CeCl3_and_0.5_wt_CsCl_and_4.5_wt_GdCl3.csv
[Run 204/511994] ✅ Saved: nist_libs_1.5_wt_CeCl3_and_0.5_wt_CsCl_and_5.0_wt_GdCl3.csv
[Run 205/511994] ✅ Saved: nist_libs_1.5_wt_CeCl3_and_1.0_wt_CsCl_and_0.5_wt_GdCl3.csv
[Run 206/511994] ✅ Saved: nist_libs_1.5_wt_CeCl3_and_1.0_wt_CsCl_and_1.0_wt_GdCl3.csv
[Run 208/511994] ✅ Saved: nist_libs_1.5_wt_CeCl3_and_1.0_wt_CsCl_and_2.0_wt_GdCl3.csv
[Run 207/511994] ✅ Saved: nist_libs_1.5_wt_CeCl3_and_1.0_wt_CsCl_and_1.5_wt_GdCl3.csv
[Run 209/511994] ✅ Saved: nist_libs_1.5_wt_CeCl3_and_1.0_wt_CsCl_and_2.5_wt_GdCl3.csv
[Run 211/511994] ✅ Saved: nist_libs_1.5_wt_CeCl3_and_1.0_wt_CsCl_and_3.5_wt_GdCl3.csv
[Run 210/511994] ✅ Saved: nist_libs_1.5_wt_CeCl3_and_1.0_wt_CsCl_and_3.0_wt_GdCl3.csv
[Run 212/511994] ✅ Saved: nist_libs_1.5_wt_CeCl3_and_1.0_wt_CsCl_and_4.0_wt_GdCl3.csv
[Run 213/511994] ✅ Saved: nist_libs_1.5_wt_CeCl3_and_1.0_wt_CsCl_and_4.5_wt_GdCl3.csv
[Run 214/511994] ✅ Saved: nist_libs_1.5_wt_CeCl3_and_1.0_wt_CsCl_and_5.0_wt_GdCl3.csv
[Run 215/511994] ✅ Saved: nist_libs_1.5_wt_CeCl3_and_1.5_wt_CsCl_and_0.5_wt_GdCl3.csv
[Run 216/511994] ✅ Saved: nist_libs_1.5_wt_CeCl3_and_1.5_wt_CsCl_and_1.0_wt_GdCl3.csv
[Run 217/511994] ✅ Saved: nist_libs_1.5_wt_CeCl3_and_1.5_wt_CsCl_and_1.5_wt_GdCl3.csv
[Run 218/511994] ✅ Saved: nist_libs_1.5_wt_CeCl3_and_1.5_wt_CsCl_and_2.0_wt_GdCl3.csv
[Run 219/511994] ✅ Saved: nist_libs_1.5_wt_CeCl3_and_1.5_wt_CsCl_and_2.5_wt_GdCl3.csv
[Run 220/511994] ✅ Saved: nist_libs_1.5_wt_CeCl3_and_1.5_wt_CsCl_and_3.0_wt_GdCl3.csv
[Run 221/511994] ✅ Saved: nist_libs_1.5_wt_CeCl3_and_1.5_wt_CsCl_and_3.5_wt_GdCl3.csv
[Run 222/511994] ✅ Saved: nist_libs_1.5_wt_CeCl3_and_1.5_wt_CsCl_and_4.0_wt_GdCl3.csv
[Run 223/511994] ✅ Saved: nist_libs_1.5_wt_CeCl3_and_1.5_wt_CsCl_and_4.5_wt_GdCl3.csv
[Run 224/511994] ✅ Saved: nist_libs_1.5_wt_CeCl3_and_1.5_wt_CsCl_and_5.0_wt_GdCl3.csv
[Run 225/511994] ✅ Saved: nist_libs_1.5_wt_CeCl3_and_2.0_wt_CsCl_and_0.5_wt_GdCl3.csv
[Run 226/511994] ✅ Saved: nist_libs_1.5_wt_CeCl3_and_2.0_wt_CsCl_and_1.0_wt_GdCl3.csv
[Run 227/511994] ✅ Saved: nist_libs_1.5_wt_CeCl3_and_2.0_wt_CsCl_and_1.5_wt_GdCl3.csv
[Run 228/511994] ✅ Saved: nist_libs_1.5_wt_CeCl3_and_2.0_wt_CsCl_and_2.0_wt_GdCl3.csv
[Run 229/511994] ✅ Saved: nist_libs_1.5_wt_CeCl3_and_2.0_wt_CsCl_and_2.5_wt_GdCl3.csv
[Run 230/511994] ✅ Saved: nist_libs_1.5_wt_CeCl3_and_2.0_wt_CsCl_and_3.0_wt_GdCl3.csv
[Run 231/511994] ✅ Saved: nist_libs_1.5_wt_CeCl3_and_2.0_wt_CsCl_and_3.5_wt_GdCl3.csv
[Run 232/511994] ✅ Saved: nist_libs_1.5_wt_CeCl3_and_2.0_wt_CsCl_and_4.0_wt_GdCl3.csv
[Run 233/511994] ✅ Saved: nist_libs_1.5_wt_CeCl3_and_2.0_wt_CsCl_and_4.5_wt_GdCl3.csv
[Run 234/511994] ✅ Saved: nist_libs_1.5_wt_CeCl3_and_2.0_wt_CsCl_and_5.0_wt_GdCl3.csv
[Run 235/511994] ✅ Saved: nist_libs_1.5_wt_CeCl3_and_2.5_wt_CsCl_and_0.5_wt_GdCl3.csv
[Run 236/511994] ✅ Saved: nist_libs_1.5_wt_CeCl3_and_2.5_wt_CsCl_and_1.0_wt_GdCl3.csv
[Run 237/511994] ✅ Saved: nist_libs_1.5_wt_CeCl3_and_2.5_wt_CsCl_and_1.5_wt_GdCl3.csv
[Run 238/511994] ✅ Saved: nist_libs_1.5_wt_CeCl3_and_2.5_wt_CsCl_and_2.0_wt_GdCl3.csv
[Run 239/511994] ✅ Saved: nist_libs_1.5_wt_CeCl3_and_2.5_wt_CsCl_and_2.5_wt_GdCl3.csv
[Run 240/511994] ✅ Saved: nist_libs_1.5_wt_CeCl3_and_2.5_wt_CsCl_and_3.0_wt_GdCl3.csv
[Run 241/511994] ✅ Saved: nist_libs_1.5_wt_CeCl3_and_2.5_wt_CsCl_and_3.5_wt_GdCl3.csv
[Run 242/511994] ✅ Saved: nist_libs_1.5_wt_CeCl3_and_2.5_wt_CsCl_and_4.0_wt_GdCl3.csv
[Run 243/511994] ✅ Saved: nist_libs_1.5_wt_CeCl3_and_2.5_wt_CsCl_and_4.5_wt_GdCl3.csv
[Run 244/511994] ✅ Saved: nist_libs_1.5_wt_CeCl3_and_2.5_wt_CsCl_and_5.0_wt_GdCl3.csv
[Run 245/511994] ✅ Saved: nist_libs_1.5_wt_CeCl3_and_3.0_wt_CsCl_and_0.5_wt_GdCl3.csv
[Run 246/511994] ✅ Saved: nist_libs_1.5_wt_CeCl3_and_3.0_wt_CsCl_and_1.0_wt_GdCl3.csv
[Run 247/511994] ✅ Saved: nist_libs_1.5_wt_CeCl3_and_3.0_wt_CsCl_and_1.5_wt_GdCl3.csv
[Run 248/511994] ✅ Saved: nist_libs_1.5_wt_CeCl3_and_3.0_wt_CsCl_and_2.0_wt_GdCl3.csv
[Run 249/511994] ✅ Saved: nist_libs_1.5_wt_CeCl3_and_3.0_wt_CsCl_and_2.5_wt_GdCl3.csv
[Run 250/511994] ✅ Saved: nist_libs_1.5_wt_CeCl3_and_3.0_wt_CsCl_and_3.0_wt_GdCl3.csv
[Run 251/511994] ✅ Saved: nist_libs_1.5_wt_CeCl3_and_3.0_wt_CsCl_and_3.5_wt_GdCl3.csv
[Run 252/511994] ✅ Saved: nist_libs_1.5_wt_CeCl3_and_3.0_wt_CsCl_and_4.0_wt_GdCl3.csv
[Run 253/511994] ✅ Saved: nist_libs_1.5_wt_CeCl3_and_3.0_wt_CsCl_and_4.5_wt_GdCl3.csv
[Run 254/511994] ✅ Saved: nist_libs_1.5_wt_CeCl3_and_3.0_wt_CsCl_and_5.0_wt_GdCl3.csv
[Run 255/511994] ✅ Saved: nist_libs_1.5_wt_CeCl3_and_3.5_wt_CsCl_and_0.5_wt_GdCl3.csv
[Run 256/511994] ✅ Saved: nist_libs_1.5_wt_CeCl3_and_3.5_wt_CsCl_and_1.0_wt_GdCl3.csv
[Run 257/511994] ✅ Saved: nist_libs_1.5_wt_CeCl3_and_3.5_wt_CsCl_and_1.5_wt_GdCl3.csv
[Run 258/511994] ✅ Saved: nist_libs_1.5_wt_CeCl3_and_3.5_wt_CsCl_and_2.0_wt_GdCl3.csv
[Run 259/511994] ✅ Saved: nist_libs_1.5_wt_CeCl3_and_3.5_wt_CsCl_and_2.5_wt_GdCl3.csv
[Run 260/511994] ✅ Saved: nist_libs_1.5_wt_CeCl3_and_3.5_wt_CsCl_and_3.0_wt_GdCl3.csv
[Run 261/511994] ✅ Saved: nist_libs_1.5_wt_CeCl3_and_3.5_wt_CsCl_and_3.5_wt_GdCl3.csv
[Run 262/511994] ✅ Saved: nist_libs_1.5_wt_CeCl3_and_3.5_wt_CsCl_and_4.0_wt_GdCl3.csv
[Run 263/511994] ✅ Saved: nist_libs_1.5_wt_CeCl3_and_3.5_wt_CsCl_and_4.5_wt_GdCl3.csv
[Run 264/511994] ✅ Saved: nist_libs_1.5_wt_CeCl3_and_3.5_wt_CsCl_and_5.0_wt_GdCl3.csv
[Run 265/511994] ✅ Saved: nist_libs_1.5_wt_CeCl3_and_4.0_wt_CsCl_and_0.5_wt_GdCl3.csv
[Run 266/511994] ✅ Saved: nist_libs_1.5_wt_CeCl3_and_4.0_wt_CsCl_and_1.0_wt_GdCl3.csv
[Run 267/511994] ✅ Saved: nist_libs_1.5_wt_CeCl3_and_4.0_wt_CsCl_and_1.5_wt_GdCl3.csv
[Run 268/511994] ✅ Saved: nist_libs_1.5_wt_CeCl3_and_4.0_wt_CsCl_and_2.0_wt_GdCl3.csv
[Run 270/511994] ✅ Saved: nist_libs_1.5_wt_CeCl3_and_4.0_wt_CsCl_and_3.0_wt_GdCl3.csv
[Run 269/511994] ✅ Saved: nist_libs_1.5_wt_CeCl3_and_4.0_wt_CsCl_and_2.5_wt_GdCl3.csv
[Run 271/511994] ✅ Saved: nist_libs_1.5_wt_CeCl3_and_4.0_wt_CsCl_and_3.5_wt_GdCl3.csv
[Run 272/511994] ✅ Saved: nist_libs_1.5_wt_CeCl3_and_4.0_wt_CsCl_and_4.0_wt_GdCl3.csv
[Run 273/511994] ✅ Saved: nist_libs_1.5_wt_CeCl3_and_4.0_wt_CsCl_and_4.5_wt_GdCl3.csv
[Run 275/511994] ✅ Saved: nist_libs_1.5_wt_CeCl3_and_4.5_wt_CsCl_and_0.5_wt_GdCl3.csv
[Run 274/511994] ✅ Saved: nist_libs_1.5_wt_CeCl3_and_4.0_wt_CsCl_and_5.0_wt_GdCl3.csv
[Run 276/511994] ✅ Saved: nist_libs_1.5_wt_CeCl3_and_4.5_wt_CsCl_and_1.0_wt_GdCl3.csv
[Run 277/511994] ✅ Saved: nist_libs_1.5_wt_CeCl3_and_4.5_wt_CsCl_and_1.5_wt_GdCl3.csv
[Run 279/511994] ✅ Saved: nist_libs_1.5_wt_CeCl3_and_4.5_wt_CsCl_and_2.5_wt_GdCl3.csv
[Run 278/511994] ✅ Saved: nist_libs_1.5_wt_CeCl3_and_4.5_wt_CsCl_and_2.0_wt_GdCl3.csv
[Run 280/511994] ✅ Saved: nist_libs_1.5_wt_CeCl3_and_4.5_wt_CsCl_and_3.0_wt_GdCl3.csv
[Run 281/511994] ✅ Saved: nist_libs_1.5_wt_CeCl3_and_4.5_wt_CsCl_and_3.5_wt_GdCl3.csv
[Run 283/511994] ✅ Saved: nist_libs_1.5_wt_CeCl3_and_4.5_wt_CsCl_and_4.5_wt_GdCl3.csv
[Run 282/511994] ✅ Saved: nist_libs_1.5_wt_CeCl3_and_4.5_wt_CsCl_and_4.0_wt_GdCl3.csv
[Run 284/511994] ✅ Saved: nist_libs_1.5_wt_CeCl3_and_4.5_wt_CsCl_and_5.0_wt_GdCl3.csv
[Run 285/511994] ✅ Saved: nist_libs_1.5_wt_CeCl3_and_5.0_wt_CsCl_and_0.5_wt_GdCl3.csv
[Run 286/511994] ✅ Saved: nist_libs_1.5_wt_CeCl3_and_5.0_wt_CsCl_and_1.0_wt_GdCl3.csv
[Run 287/511994] ✅ Saved: nist_libs_1.5_wt_CeCl3_and_5.0_wt_CsCl_and_1.5_wt_GdCl3.csv
[Run 288/511994] ✅ Saved: nist_libs_1.5_wt_CeCl3_and_5.0_wt_CsCl_and_2.0_wt_GdCl3.csv
[Run 289/511994] ✅ Saved: nist_libs_1.5_wt_CeCl3_and_5.0_wt_CsCl_and_2.5_wt_GdCl3.csv
[Run 291/511994] ✅ Saved: nist_libs_1.5_wt_CeCl3_and_5.0_wt_CsCl_and_3.5_wt_GdCl3.csv
[Run 290/511994] ✅ Saved: nist_libs_1.5_wt_CeCl3_and_5.0_wt_CsCl_and_3.0_wt_GdCl3.csv
[Run 292/511994] ✅ Saved: nist_libs_1.5_wt_CeCl3_and_5.0_wt_CsCl_and_4.0_wt_GdCl3.csv
[Run 293/511994] ✅ Saved: nist_libs_1.5_wt_CeCl3_and_5.0_wt_CsCl_and_4.5_wt_GdCl3.csv
[Run 294/511994] ✅ Saved: nist_libs_1.5_wt_CeCl3_and_5.0_wt_CsCl_and_5.0_wt_GdCl3.csv
[Run 295/511994] ✅ Saved: nist_libs_2.0_wt_CeCl3_and_0.5_wt_CsCl_and_0.5_wt_GdCl3.csv
[Run 296/511994] ✅ Saved: nist_libs_2.0_wt_CeCl3_and_0.5_wt_CsCl_and_1.0_wt_GdCl3.csv
[Run 297/511994] ✅ Saved: nist_libs_2.0_wt_CeCl3_and_0.5_wt_CsCl_and_1.5_wt_GdCl3.csv
[Run 299/511994] ✅ Saved: nist_libs_2.0_wt_CeCl3_and_0.5_wt_CsCl_and_2.5_wt_GdCl3.csv
[Run 298/511994] ✅ Saved: nist_libs_2.0_wt_CeCl3_and_0.5_wt_CsCl_and_2.0_wt_GdCl3.csv
[Run 300/511994] ✅ Saved: nist_libs_2.0_wt_CeCl3_and_0.5_wt_CsCl_and_3.0_wt_GdCl3.csv
[Run 301/511994] ✅ Saved: nist_libs_2.0_wt_CeCl3_and_0.5_wt_CsCl_and_3.5_wt_GdCl3.csv
[Run 302/511994] ✅ Saved: nist_libs_2.0_wt_CeCl3_and_0.5_wt_CsCl_and_4.0_wt_GdCl3.csv
[Run 303/511994] ✅ Saved: nist_libs_2.0_wt_CeCl3_and_0.5_wt_CsCl_and_4.5_wt_GdCl3.csv
[Run 304/511994] ✅ Saved: nist_libs_2.0_wt_CeCl3_and_0.5_wt_CsCl_and_5.0_wt_GdCl3.csv
[Run 305/511994] ✅ Saved: nist_libs_2.0_wt_CeCl3_and_1.0_wt_CsCl_and_0.5_wt_GdCl3.csv
[Run 306/511994] ✅ Saved: nist_libs_2.0_wt_CeCl3_and_1.0_wt_CsCl_and_1.0_wt_GdCl3.csv
[Run 308/511994] ✅ Saved: nist_libs_2.0_wt_CeCl3_and_1.0_wt_CsCl_and_2.0_wt_GdCl3.csv
[Run 307/511994] ✅ Saved: nist_libs_2.0_wt_CeCl3_and_1.0_wt_CsCl_and_1.5_wt_GdCl3.csv
[Run 309/511994] ✅ Saved: nist_libs_2.0_wt_CeCl3_and_1.0_wt_CsCl_and_2.5_wt_GdCl3.csv
[Run 310/511994] ✅ Saved: nist_libs_2.0_wt_CeCl3_and_1.0_wt_CsCl_and_3.0_wt_GdCl3.csv
[Run 311/511994] ✅ Saved: nist_libs_2.0_wt_CeCl3_and_1.0_wt_CsCl_and_3.5_wt_GdCl3.csv
[Run 312/511994] ✅ Saved: nist_libs_2.0_wt_CeCl3_and_1.0_wt_CsCl_and_4.0_wt_GdCl3.csv
[Run 313/511994] ✅ Saved: nist_libs_2.0_wt_CeCl3_and_1.0_wt_CsCl_and_4.5_wt_GdCl3.csv
[Run 314/511994] ✅ Saved: nist_libs_2.0_wt_CeCl3_and_1.0_wt_CsCl_and_5.0_wt_GdCl3.csv
[Run 315/511994] ✅ Saved: nist_libs_2.0_wt_CeCl3_and_1.5_wt_CsCl_and_0.5_wt_GdCl3.csv
[Run 316/511994] ✅ Saved: nist_libs_2.0_wt_CeCl3_and_1.5_wt_CsCl_and_1.0_wt_GdCl3.csv
[Run 317/511994] ✅ Saved: nist_libs_2.0_wt_CeCl3_and_1.5_wt_CsCl_and_1.5_wt_GdCl3.csv
[Run 318/511994] ✅ Saved: nist_libs_2.0_wt_CeCl3_and_1.5_wt_CsCl_and_2.0_wt_GdCl3.csv
[Run 319/511994] ✅ Saved: nist_libs_2.0_wt_CeCl3_and_1.5_wt_CsCl_and_2.5_wt_GdCl3.csv
[Run 321/511994] ✅ Saved: nist_libs_2.0_wt_CeCl3_and_1.5_wt_CsCl_and_3.5_wt_GdCl3.csv
[Run 320/511994] ✅ Saved: nist_libs_2.0_wt_CeCl3_and_1.5_wt_CsCl_and_3.0_wt_GdCl3.csv
[Run 322/511994] ✅ Saved: nist_libs_2.0_wt_CeCl3_and_1.5_wt_CsCl_and_4.0_wt_GdCl3.csv
[Run 323/511994] ✅ Saved: nist_libs_2.0_wt_CeCl3_and_1.5_wt_CsCl_and_4.5_wt_GdCl3.csv
[Run 324/511994] ✅ Saved: nist_libs_2.0_wt_CeCl3_and_1.5_wt_CsCl_and_5.0_wt_GdCl3.csv
[Run 325/511994] ✅ Saved: nist_libs_2.0_wt_CeCl3_and_2.0_wt_CsCl_and_0.5_wt_GdCl3.csv
[Run 326/511994] ✅ Saved: nist_libs_2.0_wt_CeCl3_and_2.0_wt_CsCl_and_1.0_wt_GdCl3.csv
[Run 327/511994] ✅ Saved: nist_libs_2.0_wt_CeCl3_and_2.0_wt_CsCl_and_1.5_wt_GdCl3.csv
[Run 328/511994] ✅ Saved: nist_libs_2.0_wt_CeCl3_and_2.0_wt_CsCl_and_2.0_wt_GdCl3.csv
[Run 329/511994] ✅ Saved: nist_libs_2.0_wt_CeCl3_and_2.0_wt_CsCl_and_2.5_wt_GdCl3.csv
[Run 331/511994] ✅ Saved: nist_libs_2.0_wt_CeCl3_and_2.0_wt_CsCl_and_3.5_wt_GdCl3.csv
[Run 330/511994] ✅ Saved: nist_libs_2.0_wt_CeCl3_and_2.0_wt_CsCl_and_3.0_wt_GdCl3.csv
[Run 332/511994] ✅ Saved: nist_libs_2.0_wt_CeCl3_and_2.0_wt_CsCl_and_4.0_wt_GdCl3.csv
[Run 333/511994] ✅ Saved: nist_libs_2.0_wt_CeCl3_and_2.0_wt_CsCl_and_4.5_wt_GdCl3.csv
[Run 334/511994] ✅ Saved: nist_libs_2.0_wt_CeCl3_and_2.0_wt_CsCl_and_5.0_wt_GdCl3.csv
[Run 335/511994] ✅ Saved: nist_libs_2.0_wt_CeCl3_and_2.5_wt_CsCl_and_0.5_wt_GdCl3.csv
[Run 336/511994] ✅ Saved: nist_libs_2.0_wt_CeCl3_and_2.5_wt_CsCl_and_1.0_wt_GdCl3.csv
[Run 337/511994] ✅ Saved: nist_libs_2.0_wt_CeCl3_and_2.5_wt_CsCl_and_1.5_wt_GdCl3.csv
[Run 338/511994] ✅ Saved: nist_libs_2.0_wt_CeCl3_and_2.5_wt_CsCl_and_2.0_wt_GdCl3.csv
[Run 339/511994] ✅ Saved: nist_libs_2.0_wt_CeCl3_and_2.5_wt_CsCl_and_2.5_wt_GdCl3.csv
[Run 340/511994] ✅ Saved: nist_libs_2.0_wt_CeCl3_and_2.5_wt_CsCl_and_3.0_wt_GdCl3.csv
[Run 341/511994] ✅ Saved: nist_libs_2.0_wt_CeCl3_and_2.5_wt_CsCl_and_3.5_wt_GdCl3.csv
[Run 342/511994] ✅ Saved: nist_libs_2.0_wt_CeCl3_and_2.5_wt_CsCl_and_4.0_wt_GdCl3.csv
[Run 343/511994] ✅ Saved: nist_libs_2.0_wt_CeCl3_and_2.5_wt_CsCl_and_4.5_wt_GdCl3.csv
[Run 344/511994] ✅ Saved: nist_libs_2.0_wt_CeCl3_and_2.5_wt_CsCl_and_5.0_wt_GdCl3.csv
[Run 345/511994] ✅ Saved: nist_libs_2.0_wt_CeCl3_and_3.0_wt_CsCl_and_0.5_wt_GdCl3.csv
[Run 346/511994] ✅ Saved: nist_libs_2.0_wt_CeCl3_and_3.0_wt_CsCl_and_1.0_wt_GdCl3.csv
[Run 347/511994] ✅ Saved: nist_libs_2.0_wt_CeCl3_and_3.0_wt_CsCl_and_1.5_wt_GdCl3.csv
[Run 349/511994] ✅ Saved: nist_libs_2.0_wt_CeCl3_and_3.0_wt_CsCl_and_2.5_wt_GdCl3.csv
[Run 348/511994] ✅ Saved: nist_libs_2.0_wt_CeCl3_and_3.0_wt_CsCl_and_2.0_wt_GdCl3.csv
[Run 350/511994] ✅ Saved: nist_libs_2.0_wt_CeCl3_and_3.0_wt_CsCl_and_3.0_wt_GdCl3.csv
[Run 351/511994] ✅ Saved: nist_libs_2.0_wt_CeCl3_and_3.0_wt_CsCl_and_3.5_wt_GdCl3.csv
[Run 352/511994] ✅ Saved: nist_libs_2.0_wt_CeCl3_and_3.0_wt_CsCl_and_4.0_wt_GdCl3.csv
[Run 353/511994] ✅ Saved: nist_libs_2.0_wt_CeCl3_and_3.0_wt_CsCl_and_4.5_wt_GdCl3.csv
[Run 354/511994] ✅ Saved: nist_libs_2.0_wt_CeCl3_and_3.0_wt_CsCl_and_5.0_wt_GdCl3.csv
[Run 355/511994] ✅ Saved: nist_libs_2.0_wt_CeCl3_and_3.5_wt_CsCl_and_0.5_wt_GdCl3.csv
[Run 356/511994] ✅ Saved: nist_libs_2.0_wt_CeCl3_and_3.5_wt_CsCl_and_1.0_wt_GdCl3.csv
[Run 357/511994] ✅ Saved: nist_libs_2.0_wt_CeCl3_and_3.5_wt_CsCl_and_1.5_wt_GdCl3.csv
[Run 358/511994] ✅ Saved: nist_libs_2.0_wt_CeCl3_and_3.5_wt_CsCl_and_2.0_wt_GdCl3.csv
[Run 359/511994] ✅ Saved: nist_libs_2.0_wt_CeCl3_and_3.5_wt_CsCl_and_2.5_wt_GdCl3.csv
[Run 360/511994] ✅ Saved: nist_libs_2.0_wt_CeCl3_and_3.5_wt_CsCl_and_3.0_wt_GdCl3.csv
[Run 361/511994] ✅ Saved: nist_libs_2.0_wt_CeCl3_and_3.5_wt_CsCl_and_3.5_wt_GdCl3.csv
[Run 362/511994] ✅ Saved: nist_libs_2.0_wt_CeCl3_and_3.5_wt_CsCl_and_4.0_wt_GdCl3.csv
[Run 363/511994] ✅ Saved: nist_libs_2.0_wt_CeCl3_and_3.5_wt_CsCl_and_4.5_wt_GdCl3.csv
[Run 365/511994] ✅ Saved: nist_libs_2.0_wt_CeCl3_and_4.0_wt_CsCl_and_0.5_wt_GdCl3.csv
[Run 364/511994] ✅ Saved: nist_libs_2.0_wt_CeCl3_and_3.5_wt_CsCl_and_5.0_wt_GdCl3.csv
[Run 366/511994] ✅ Saved: nist_libs_2.0_wt_CeCl3_and_4.0_wt_CsCl_and_1.0_wt_GdCl3.csv
[Run 367/511994] ✅ Saved: nist_libs_2.0_wt_CeCl3_and_4.0_wt_CsCl_and_1.5_wt_GdCl3.csv
[Run 369/511994] ✅ Saved: nist_libs_2.0_wt_CeCl3_and_4.0_wt_CsCl_and_2.5_wt_GdCl3.csv
[Run 368/511994] ✅ Saved: nist_libs_2.0_wt_CeCl3_and_4.0_wt_CsCl_and_2.0_wt_GdCl3.csv
[Run 370/511994] ✅ Saved: nist_libs_2.0_wt_CeCl3_and_4.0_wt_CsCl_and_3.0_wt_GdCl3.csv
[Run 371/511994] ✅ Saved: nist_libs_2.0_wt_CeCl3_and_4.0_wt_CsCl_and_3.5_wt_GdCl3.csv
[Run 372/511994] ✅ Saved: nist_libs_2.0_wt_CeCl3_and_4.0_wt_CsCl_and_4.0_wt_GdCl3.csv
[Run 373/511994] ✅ Saved: nist_libs_2.0_wt_CeCl3_and_4.0_wt_CsCl_and_4.5_wt_GdCl3.csv
[Run 374/511994] ✅ Saved: nist_libs_2.0_wt_CeCl3_and_4.0_wt_CsCl_and_5.0_wt_GdCl3.csv
[Run 375/511994] ✅ Saved: nist_libs_2.0_wt_CeCl3_and_4.5_wt_CsCl_and_0.5_wt_GdCl3.csv
[Run 377/511994] ✅ Saved: nist_libs_2.0_wt_CeCl3_and_4.5_wt_CsCl_and_1.5_wt_GdCl3.csv
[Run 376/511994] ✅ Saved: nist_libs_2.0_wt_CeCl3_and_4.5_wt_CsCl_and_1.0_wt_GdCl3.csv
[Run 378/511994] ✅ Saved: nist_libs_2.0_wt_CeCl3_and_4.5_wt_CsCl_and_2.0_wt_GdCl3.csv
[Run 379/511994] ✅ Saved: nist_libs_2.0_wt_CeCl3_and_4.5_wt_CsCl_and_2.5_wt_GdCl3.csv
[Run 380/511994] ✅ Saved: nist_libs_2.0_wt_CeCl3_and_4.5_wt_CsCl_and_3.0_wt_GdCl3.csv
[Run 381/511994] ✅ Saved: nist_libs_2.0_wt_CeCl3_and_4.5_wt_CsCl_and_3.5_wt_GdCl3.csv
[Run 382/511994] ✅ Saved: nist_libs_2.0_wt_CeCl3_and_4.5_wt_CsCl_and_4.0_wt_GdCl3.csv
[Run 383/511994] ✅ Saved: nist_libs_2.0_wt_CeCl3_and_4.5_wt_CsCl_and_4.5_wt_GdCl3.csv
[Run 384/511994] ✅ Saved: nist_libs_2.0_wt_CeCl3_and_4.5_wt_CsCl_and_5.0_wt_GdCl3.csv
[Run 385/511994] ✅ Saved: nist_libs_2.0_wt_CeCl3_and_5.0_wt_CsCl_and_0.5_wt_GdCl3.csv
[Run 386/511994] ✅ Saved: nist_libs_2.0_wt_CeCl3_and_5.0_wt_CsCl_and_1.0_wt_GdCl3.csv
[Run 387/511994] ✅ Saved: nist_libs_2.0_wt_CeCl3_and_5.0_wt_CsCl_and_1.5_wt_GdCl3.csv
[Run 388/511994] ✅ Saved: nist_libs_2.0_wt_CeCl3_and_5.0_wt_CsCl_and_2.0_wt_GdCl3.csv
[Run 389/511994] ✅ Saved: nist_libs_2.0_wt_CeCl3_and_5.0_wt_CsCl_and_2.5_wt_GdCl3.csv
[Run 390/511994] ✅ Saved: nist_libs_2.0_wt_CeCl3_and_5.0_wt_CsCl_and_3.0_wt_GdCl3.csv
[Run 391/511994] ✅ Saved: nist_libs_2.0_wt_CeCl3_and_5.0_wt_CsCl_and_3.5_wt_GdCl3.csv
[Run 392/511994] ✅ Saved: nist_libs_2.0_wt_CeCl3_and_5.0_wt_CsCl_and_4.0_wt_GdCl3.csv
[Run 393/511994] ✅ Saved: nist_libs_2.0_wt_CeCl3_and_5.0_wt_CsCl_and_4.5_wt_GdCl3.csv
[Run 394/511994] ✅ Saved: nist_libs_2.0_wt_CeCl3_and_5.0_wt_CsCl_and_5.0_wt_GdCl3.csv
[Run 395/511994] ✅ Saved: nist_libs_2.5_wt_CeCl3_and_0.5_wt_CsCl_and_0.5_wt_GdCl3.csv
[Run 396/511994] ✅ Saved: nist_libs_2.5_wt_CeCl3_and_0.5_wt_CsCl_and_1.0_wt_GdCl3.csv
[Run 398/511994] ✅ Saved: nist_libs_2.5_wt_CeCl3_and_0.5_wt_CsCl_and_2.0_wt_GdCl3.csv
[Run 399/511994] ✅ Saved: nist_libs_2.5_wt_CeCl3_and_0.5_wt_CsCl_and_2.5_wt_GdCl3.csv
[Run 397/511994] ✅ Saved: nist_libs_2.5_wt_CeCl3_and_0.5_wt_CsCl_and_1.5_wt_GdCl3.csv
[Run 400/511994] ✅ Saved: nist_libs_2.5_wt_CeCl3_and_0.5_wt_CsCl_and_3.0_wt_GdCl3.csv
[Run 401/511994] ✅ Saved: nist_libs_2.5_wt_CeCl3_and_0.5_wt_CsCl_and_3.5_wt_GdCl3.csv
[Run 402/511994] ✅ Saved: nist_libs_2.5_wt_CeCl3_and_0.5_wt_CsCl_and_4.0_wt_GdCl3.csv
[Run 403/511994] ✅ Saved: nist_libs_2.5_wt_CeCl3_and_0.5_wt_CsCl_and_4.5_wt_GdCl3.csv
[Run 404/511994] ✅ Saved: nist_libs_2.5_wt_CeCl3_and_0.5_wt_CsCl_and_5.0_wt_GdCl3.csv
[Run 405/511994] ✅ Saved: nist_libs_2.5_wt_CeCl3_and_1.0_wt_CsCl_and_0.5_wt_GdCl3.csv
[Run 406/511994] ✅ Saved: nist_libs_2.5_wt_CeCl3_and_1.0_wt_CsCl_and_1.0_wt_GdCl3.csv
[Run 407/511994] ✅ Saved: nist_libs_2.5_wt_CeCl3_and_1.0_wt_CsCl_and_1.5_wt_GdCl3.csv
[Run 408/511994] ✅ Saved: nist_libs_2.5_wt_CeCl3_and_1.0_wt_CsCl_and_2.0_wt_GdCl3.csv
[Run 409/511994] ✅ Saved: nist_libs_2.5_wt_CeCl3_and_1.0_wt_CsCl_and_2.5_wt_GdCl3.csv
[Run 410/511994] ✅ Saved: nist_libs_2.5_wt_CeCl3_and_1.0_wt_CsCl_and_3.0_wt_GdCl3.csv
[Run 411/511994] ✅ Saved: nist_libs_2.5_wt_CeCl3_and_1.0_wt_CsCl_and_3.5_wt_GdCl3.csv
[Run 412/511994] ✅ Saved: nist_libs_2.5_wt_CeCl3_and_1.0_wt_CsCl_and_4.0_wt_GdCl3.csv
[Run 413/511994] ✅ Saved: nist_libs_2.5_wt_CeCl3_and_1.0_wt_CsCl_and_4.5_wt_GdCl3.csv
[Run 414/511994] ✅ Saved: nist_libs_2.5_wt_CeCl3_and_1.0_wt_CsCl_and_5.0_wt_GdCl3.csv
[Run 415/511994] ✅ Saved: nist_libs_2.5_wt_CeCl3_and_1.5_wt_CsCl_and_0.5_wt_GdCl3.csv
[Run 416/511994] ✅ Saved: nist_libs_2.5_wt_CeCl3_and_1.5_wt_CsCl_and_1.0_wt_GdCl3.csv
[Run 417/511994] ✅ Saved: nist_libs_2.5_wt_CeCl3_and_1.5_wt_CsCl_and_1.5_wt_GdCl3.csv
[Run 418/511994] ✅ Saved: nist_libs_2.5_wt_CeCl3_and_1.5_wt_CsCl_and_2.0_wt_GdCl3.csv
[Run 419/511994] ✅ Saved: nist_libs_2.5_wt_CeCl3_and_1.5_wt_CsCl_and_2.5_wt_GdCl3.csv
[Run 421/511994] ✅ Saved: nist_libs_2.5_wt_CeCl3_and_1.5_wt_CsCl_and_3.5_wt_GdCl3.csv
[Run 420/511994] ✅ Saved: nist_libs_2.5_wt_CeCl3_and_1.5_wt_CsCl_and_3.0_wt_GdCl3.csv
[Run 422/511994] ✅ Saved: nist_libs_2.5_wt_CeCl3_and_1.5_wt_CsCl_and_4.0_wt_GdCl3.csv
[Run 425/511994] ✅ Saved: nist_libs_2.5_wt_CeCl3_and_2.0_wt_CsCl_and_0.5_wt_GdCl3.csv
[Run 423/511994] ✅ Saved: nist_libs_2.5_wt_CeCl3_and_1.5_wt_CsCl_and_4.5_wt_GdCl3.csv
[Run 424/511994] ✅ Saved: nist_libs_2.5_wt_CeCl3_and_1.5_wt_CsCl_and_5.0_wt_GdCl3.csv
[Run 426/511994] ✅ Saved: nist_libs_2.5_wt_CeCl3_and_2.0_wt_CsCl_and_1.0_wt_GdCl3.csv
[Run 427/511994] ✅ Saved: nist_libs_2.5_wt_CeCl3_and_2.0_wt_CsCl_and_1.5_wt_GdCl3.csv
[Run 428/511994] ✅ Saved: nist_libs_2.5_wt_CeCl3_and_2.0_wt_CsCl_and_2.0_wt_GdCl3.csv
[Run 429/511994] ✅ Saved: nist_libs_2.5_wt_CeCl3_and_2.0_wt_CsCl_and_2.5_wt_GdCl3.csv
[Run 430/511994] ✅ Saved: nist_libs_2.5_wt_CeCl3_and_2.0_wt_CsCl_and_3.0_wt_GdCl3.csv
[Run 431/511994] ✅ Saved: nist_libs_2.5_wt_CeCl3_and_2.0_wt_CsCl_and_3.5_wt_GdCl3.csv
[Run 432/511994] ✅ Saved: nist_libs_2.5_wt_CeCl3_and_2.0_wt_CsCl_and_4.0_wt_GdCl3.csv
[Run 433/511994] ✅ Saved: nist_libs_2.5_wt_CeCl3_and_2.0_wt_CsCl_and_4.5_wt_GdCl3.csv
[Run 434/511994] ✅ Saved: nist_libs_2.5_wt_CeCl3_and_2.0_wt_CsCl_and_5.0_wt_GdCl3.csv
[Run 435/511994] ✅ Saved: nist_libs_2.5_wt_CeCl3_and_2.5_wt_CsCl_and_0.5_wt_GdCl3.csv
[Run 436/511994] ✅ Saved: nist_libs_2.5_wt_CeCl3_and_2.5_wt_CsCl_and_1.0_wt_GdCl3.csv
[Run 438/511994] ✅ Saved: nist_libs_2.5_wt_CeCl3_and_2.5_wt_CsCl_and_2.0_wt_GdCl3.csv
[Run 437/511994] ✅ Saved: nist_libs_2.5_wt_CeCl3_and_2.5_wt_CsCl_and_1.5_wt_GdCl3.csv
[Run 439/511994] ✅ Saved: nist_libs_2.5_wt_CeCl3_and_2.5_wt_CsCl_and_2.5_wt_GdCl3.csv
[Run 440/511994] ✅ Saved: nist_libs_2.5_wt_CeCl3_and_2.5_wt_CsCl_and_3.0_wt_GdCl3.csv
[Run 442/511994] ✅ Saved: nist_libs_2.5_wt_CeCl3_and_2.5_wt_CsCl_and_4.0_wt_GdCl3.csv
[Run 441/511994] ✅ Saved: nist_libs_2.5_wt_CeCl3_and_2.5_wt_CsCl_and_3.5_wt_GdCl3.csv
[Run 443/511994] ✅ Saved: nist_libs_2.5_wt_CeCl3_and_2.5_wt_CsCl_and_4.5_wt_GdCl3.csv
[Run 444/511994] ✅ Saved: nist_libs_2.5_wt_CeCl3_and_2.5_wt_CsCl_and_5.0_wt_GdCl3.csv
[Run 445/511994] ✅ Saved: nist_libs_2.5_wt_CeCl3_and_3.0_wt_CsCl_and_0.5_wt_GdCl3.csv
[Run 446/511994] ✅ Saved: nist_libs_2.5_wt_CeCl3_and_3.0_wt_CsCl_and_1.0_wt_GdCl3.csv
[Run 447/511994] ✅ Saved: nist_libs_2.5_wt_CeCl3_and_3.0_wt_CsCl_and_1.5_wt_GdCl3.csv
[Run 448/511994] ✅ Saved: nist_libs_2.5_wt_CeCl3_and_3.0_wt_CsCl_and_2.0_wt_GdCl3.csv
[Run 449/511994] ✅ Saved: nist_libs_2.5_wt_CeCl3_and_3.0_wt_CsCl_and_2.5_wt_GdCl3.csv
[Run 450/511994] ✅ Saved: nist_libs_2.5_wt_CeCl3_and_3.0_wt_CsCl_and_3.0_wt_GdCl3.csv
[Run 451/511994] ✅ Saved: nist_libs_2.5_wt_CeCl3_and_3.0_wt_CsCl_and_3.5_wt_GdCl3.csv
[Run 452/511994] ✅ Saved: nist_libs_2.5_wt_CeCl3_and_3.0_wt_CsCl_and_4.0_wt_GdCl3.csv
[Run 453/511994] ✅ Saved: nist_libs_2.5_wt_CeCl3_and_3.0_wt_CsCl_and_4.5_wt_GdCl3.csv
[Run 454/511994] ✅ Saved: nist_libs_2.5_wt_CeCl3_and_3.0_wt_CsCl_and_5.0_wt_GdCl3.csv
[Run 455/511994] ✅ Saved: nist_libs_2.5_wt_CeCl3_and_3.5_wt_CsCl_and_0.5_wt_GdCl3.csv
[Run 456/511994] ✅ Saved: nist_libs_2.5_wt_CeCl3_and_3.5_wt_CsCl_and_1.0_wt_GdCl3.csv
[Run 457/511994] ✅ Saved: nist_libs_2.5_wt_CeCl3_and_3.5_wt_CsCl_and_1.5_wt_GdCl3.csv
[Run 458/511994] ✅ Saved: nist_libs_2.5_wt_CeCl3_and_3.5_wt_CsCl_and_2.0_wt_GdCl3.csv
[Run 459/511994] ✅ Saved: nist_libs_2.5_wt_CeCl3_and_3.5_wt_CsCl_and_2.5_wt_GdCl3.csv
[Run 460/511994] ✅ Saved: nist_libs_2.5_wt_CeCl3_and_3.5_wt_CsCl_and_3.0_wt_GdCl3.csv
[Run 461/511994] ✅ Saved: nist_libs_2.5_wt_CeCl3_and_3.5_wt_CsCl_and_3.5_wt_GdCl3.csv
[Run 462/511994] ✅ Saved: nist_libs_2.5_wt_CeCl3_and_3.5_wt_CsCl_and_4.0_wt_GdCl3.csv
[Run 463/511994] ✅ Saved: nist_libs_2.5_wt_CeCl3_and_3.5_wt_CsCl_and_4.5_wt_GdCl3.csv
[Run 464/511994] ✅ Saved: nist_libs_2.5_wt_CeCl3_and_3.5_wt_CsCl_and_5.0_wt_GdCl3.csv
[Run 465/511994] ✅ Saved: nist_libs_2.5_wt_CeCl3_and_4.0_wt_CsCl_and_0.5_wt_GdCl3.csv
[Run 466/511994] ✅ Saved: nist_libs_2.5_wt_CeCl3_and_4.0_wt_CsCl_and_1.0_wt_GdCl3.csv
[Run 467/511994] ✅ Saved: nist_libs_2.5_wt_CeCl3_and_4.0_wt_CsCl_and_1.5_wt_GdCl3.csv
[Run 468/511994] ✅ Saved: nist_libs_2.5_wt_CeCl3_and_4.0_wt_CsCl_and_2.0_wt_GdCl3.csv
[Run 470/511994] ✅ Saved: nist_libs_2.5_wt_CeCl3_and_4.0_wt_CsCl_and_3.0_wt_GdCl3.csv
[Run 469/511994] ✅ Saved: nist_libs_2.5_wt_CeCl3_and_4.0_wt_CsCl_and_2.5_wt_GdCl3.csv
[Run 471/511994] ✅ Saved: nist_libs_2.5_wt_CeCl3_and_4.0_wt_CsCl_and_3.5_wt_GdCl3.csv
[Run 472/511994] ✅ Saved: nist_libs_2.5_wt_CeCl3_and_4.0_wt_CsCl_and_4.0_wt_GdCl3.csv
[Run 473/511994] ✅ Saved: nist_libs_2.5_wt_CeCl3_and_4.0_wt_CsCl_and_4.5_wt_GdCl3.csv
[Run 474/511994] ✅ Saved: nist_libs_2.5_wt_CeCl3_and_4.0_wt_CsCl_and_5.0_wt_GdCl3.csv
[Run 475/511994] ✅ Saved: nist_libs_2.5_wt_CeCl3_and_4.5_wt_CsCl_and_0.5_wt_GdCl3.csv
[Run 476/511994] ✅ Saved: nist_libs_2.5_wt_CeCl3_and_4.5_wt_CsCl_and_1.0_wt_GdCl3.csv
[Run 478/511994] ✅ Saved: nist_libs_2.5_wt_CeCl3_and_4.5_wt_CsCl_and_2.0_wt_GdCl3.csv
[Run 477/511994] ✅ Saved: nist_libs_2.5_wt_CeCl3_and_4.5_wt_CsCl_and_1.5_wt_GdCl3.csv
[Run 479/511994] ✅ Saved: nist_libs_2.5_wt_CeCl3_and_4.5_wt_CsCl_and_2.5_wt_GdCl3.csv
[Run 480/511994] ✅ Saved: nist_libs_2.5_wt_CeCl3_and_4.5_wt_CsCl_and_3.0_wt_GdCl3.csv
[Run 481/511994] ✅ Saved: nist_libs_2.5_wt_CeCl3_and_4.5_wt_CsCl_and_3.5_wt_GdCl3.csv
[Run 482/511994] ✅ Saved: nist_libs_2.5_wt_CeCl3_and_4.5_wt_CsCl_and_4.0_wt_GdCl3.csv
[Run 483/511994] ✅ Saved: nist_libs_2.5_wt_CeCl3_and_4.5_wt_CsCl_and_4.5_wt_GdCl3.csv
[Run 484/511994] ✅ Saved: nist_libs_2.5_wt_CeCl3_and_4.5_wt_CsCl_and_5.0_wt_GdCl3.csv
[Run 485/511994] ✅ Saved: nist_libs_2.5_wt_CeCl3_and_5.0_wt_CsCl_and_0.5_wt_GdCl3.csv
[Run 486/511994] ✅ Saved: nist_libs_2.5_wt_CeCl3_and_5.0_wt_CsCl_and_1.0_wt_GdCl3.csv
[Run 488/511994] ✅ Saved: nist_libs_2.5_wt_CeCl3_and_5.0_wt_CsCl_and_2.0_wt_GdCl3.csv
[Run 487/511994] ✅ Saved: nist_libs_2.5_wt_CeCl3_and_5.0_wt_CsCl_and_1.5_wt_GdCl3.csv
[Run 490/511994] ✅ Saved: nist_libs_2.5_wt_CeCl3_and_5.0_wt_CsCl_and_3.0_wt_GdCl3.csv
[Run 489/511994] ✅ Saved: nist_libs_2.5_wt_CeCl3_and_5.0_wt_CsCl_and_2.5_wt_GdCl3.csv
[Run 491/511994] ✅ Saved: nist_libs_2.5_wt_CeCl3_and_5.0_wt_CsCl_and_3.5_wt_GdCl3.csv
[Run 492/511994] ✅ Saved: nist_libs_2.5_wt_CeCl3_and_5.0_wt_CsCl_and_4.0_wt_GdCl3.csv
[Run 493/511994] ✅ Saved: nist_libs_2.5_wt_CeCl3_and_5.0_wt_CsCl_and_4.5_wt_GdCl3.csv
[Run 494/511994] ✅ Saved: nist_libs_2.5_wt_CeCl3_and_5.0_wt_CsCl_and_5.0_wt_GdCl3.csv
[Run 495/511994] ✅ Saved: nist_libs_3.0_wt_CeCl3_and_0.5_wt_CsCl_and_0.5_wt_GdCl3.csv
[Run 496/511994] ✅ Saved: nist_libs_3.0_wt_CeCl3_and_0.5_wt_CsCl_and_1.0_wt_GdCl3.csv
[Run 497/511994] ✅ Saved: nist_libs_3.0_wt_CeCl3_and_0.5_wt_CsCl_and_1.5_wt_GdCl3.csv
[Run 498/511994] ✅ Saved: nist_libs_3.0_wt_CeCl3_and_0.5_wt_CsCl_and_2.0_wt_GdCl3.csv
[Run 499/511994] ✅ Saved: nist_libs_3.0_wt_CeCl3_and_0.5_wt_CsCl_and_2.5_wt_GdCl3.csv
[Run 500/511994] ✅ Saved: nist_libs_3.0_wt_CeCl3_and_0.5_wt_CsCl_and_3.0_wt_GdCl3.csv
[Run 501/511994] ✅ Saved: nist_libs_3.0_wt_CeCl3_and_0.5_wt_CsCl_and_3.5_wt_GdCl3.csv
[Run 502/511994] ✅ Saved: nist_libs_3.0_wt_CeCl3_and_0.5_wt_CsCl_and_4.0_wt_GdCl3.csv
[Run 504/511994] ✅ Saved: nist_libs_3.0_wt_CeCl3_and_0.5_wt_CsCl_and_5.0_wt_GdCl3.csv
[Run 503/511994] ✅ Saved: nist_libs_3.0_wt_CeCl3_and_0.5_wt_CsCl_and_4.5_wt_GdCl3.csv
[Run 505/511994] ✅ Saved: nist_libs_3.0_wt_CeCl3_and_1.0_wt_CsCl_and_0.5_wt_GdCl3.csv
[Run 506/511994] ✅ Saved: nist_libs_3.0_wt_CeCl3_and_1.0_wt_CsCl_and_1.0_wt_GdCl3.csv
[Run 507/511994] ✅ Saved: nist_libs_3.0_wt_CeCl3_and_1.0_wt_CsCl_and_1.5_wt_GdCl3.csv
[Run 508/511994] ✅ Saved: nist_libs_3.0_wt_CeCl3_and_1.0_wt_CsCl_and_2.0_wt_GdCl3.csv
[Run 509/511994] ✅ Saved: nist_libs_3.0_wt_CeCl3_and_1.0_wt_CsCl_and_2.5_wt_GdCl3.csv
[Run 510/511994] ✅ Saved: nist_libs_3.0_wt_CeCl3_and_1.0_wt_CsCl_and_3.0_wt_GdCl3.csv
[Run 511/511994] ✅ Saved: nist_libs_3.0_wt_CeCl3_and_1.0_wt_CsCl_and_3.5_wt_GdCl3.csv
[Run 512/511994] ✅ Saved: nist_libs_3.0_wt_CeCl3_and_1.0_wt_CsCl_and_4.0_wt_GdCl3.csv
[Run 514/511994] ✅ Saved: nist_libs_3.0_wt_CeCl3_and_1.0_wt_CsCl_and_5.0_wt_GdCl3.csv
[Run 513/511994] ✅ Saved: nist_libs_3.0_wt_CeCl3_and_1.0_wt_CsCl_and_4.5_wt_GdCl3.csv
[Run 515/511994] ✅ Saved: nist_libs_3.0_wt_CeCl3_and_1.5_wt_CsCl_and_0.5_wt_GdCl3.csv
[Run 516/511994] ✅ Saved: nist_libs_3.0_wt_CeCl3_and_1.5_wt_CsCl_and_1.0_wt_GdCl3.csv
[Run 517/511994] ✅ Saved: nist_libs_3.0_wt_CeCl3_and_1.5_wt_CsCl_and_1.5_wt_GdCl3.csv
[Run 518/511994] ✅ Saved: nist_libs_3.0_wt_CeCl3_and_1.5_wt_CsCl_and_2.0_wt_GdCl3.csv
[Run 519/511994] ✅ Saved: nist_libs_3.0_wt_CeCl3_and_1.5_wt_CsCl_and_2.5_wt_GdCl3.csv
[Run 521/511994] ✅ Saved: nist_libs_3.0_wt_CeCl3_and_1.5_wt_CsCl_and_3.5_wt_GdCl3.csv
[Run 520/511994] ✅ Saved: nist_libs_3.0_wt_CeCl3_and_1.5_wt_CsCl_and_3.0_wt_GdCl3.csv
[Run 522/511994] ✅ Saved: nist_libs_3.0_wt_CeCl3_and_1.5_wt_CsCl_and_4.0_wt_GdCl3.csv
[Run 523/511994] ✅ Saved: nist_libs_3.0_wt_CeCl3_and_1.5_wt_CsCl_and_4.5_wt_GdCl3.csv
[Run 524/511994] ✅ Saved: nist_libs_3.0_wt_CeCl3_and_1.5_wt_CsCl_and_5.0_wt_GdCl3.csv
[Run 525/511994] ✅ Saved: nist_libs_3.0_wt_CeCl3_and_2.0_wt_CsCl_and_0.5_wt_GdCl3.csv
[Run 526/511994] ✅ Saved: nist_libs_3.0_wt_CeCl3_and_2.0_wt_CsCl_and_1.0_wt_GdCl3.csv
[Run 527/511994] ✅ Saved: nist_libs_3.0_wt_CeCl3_and_2.0_wt_CsCl_and_1.5_wt_GdCl3.csv
[Run 528/511994] ✅ Saved: nist_libs_3.0_wt_CeCl3_and_2.0_wt_CsCl_and_2.0_wt_GdCl3.csv
[Run 529/511994] ✅ Saved: nist_libs_3.0_wt_CeCl3_and_2.0_wt_CsCl_and_2.5_wt_GdCl3.csv
[Run 530/511994] ✅ Saved: nist_libs_3.0_wt_CeCl3_and_2.0_wt_CsCl_and_3.0_wt_GdCl3.csv
[Run 531/511994] ✅ Saved: nist_libs_3.0_wt_CeCl3_and_2.0_wt_CsCl_and_3.5_wt_GdCl3.csv
[Run 532/511994] ✅ Saved: nist_libs_3.0_wt_CeCl3_and_2.0_wt_CsCl_and_4.0_wt_GdCl3.csv
[Run 534/511994] ✅ Saved: nist_libs_3.0_wt_CeCl3_and_2.0_wt_CsCl_and_5.0_wt_GdCl3.csv
[Run 533/511994] ✅ Saved: nist_libs_3.0_wt_CeCl3_and_2.0_wt_CsCl_and_4.5_wt_GdCl3.csv
[Run 535/511994] ✅ Saved: nist_libs_3.0_wt_CeCl3_and_2.5_wt_CsCl_and_0.5_wt_GdCl3.csv
[Run 536/511994] ✅ Saved: nist_libs_3.0_wt_CeCl3_and_2.5_wt_CsCl_and_1.0_wt_GdCl3.csv
[Run 537/511994] ✅ Saved: nist_libs_3.0_wt_CeCl3_and_2.5_wt_CsCl_and_1.5_wt_GdCl3.csv
[Run 538/511994] ✅ Saved: nist_libs_3.0_wt_CeCl3_and_2.5_wt_CsCl_and_2.0_wt_GdCl3.csv
[Run 539/511994] ✅ Saved: nist_libs_3.0_wt_CeCl3_and_2.5_wt_CsCl_and_2.5_wt_GdCl3.csv
[Run 540/511994] ✅ Saved: nist_libs_3.0_wt_CeCl3_and_2.5_wt_CsCl_and_3.0_wt_GdCl3.csv
[Run 541/511994] ✅ Saved: nist_libs_3.0_wt_CeCl3_and_2.5_wt_CsCl_and_3.5_wt_GdCl3.csv
[Run 542/511994] ✅ Saved: nist_libs_3.0_wt_CeCl3_and_2.5_wt_CsCl_and_4.0_wt_GdCl3.csv
[Run 543/511994] ✅ Saved: nist_libs_3.0_wt_CeCl3_and_2.5_wt_CsCl_and_4.5_wt_GdCl3.csv
[Run 544/511994] ✅ Saved: nist_libs_3.0_wt_CeCl3_and_2.5_wt_CsCl_and_5.0_wt_GdCl3.csv
[Run 545/511994] ✅ Saved: nist_libs_3.0_wt_CeCl3_and_3.0_wt_CsCl_and_0.5_wt_GdCl3.csv
[Run 546/511994] ✅ Saved: nist_libs_3.0_wt_CeCl3_and_3.0_wt_CsCl_and_1.0_wt_GdCl3.csv
[Run 547/511994] ✅ Saved: nist_libs_3.0_wt_CeCl3_and_3.0_wt_CsCl_and_1.5_wt_GdCl3.csv
[Run 548/511994] ✅ Saved: nist_libs_3.0_wt_CeCl3_and_3.0_wt_CsCl_and_2.0_wt_GdCl3.csv
[Run 549/511994] ✅ Saved: nist_libs_3.0_wt_CeCl3_and_3.0_wt_CsCl_and_2.5_wt_GdCl3.csv
[Run 550/511994] ✅ Saved: nist_libs_3.0_wt_CeCl3_and_3.0_wt_CsCl_and_3.0_wt_GdCl3.csv
[Run 551/511994] ✅ Saved: nist_libs_3.0_wt_CeCl3_and_3.0_wt_CsCl_and_3.5_wt_GdCl3.csv
[Run 552/511994] ✅ Saved: nist_libs_3.0_wt_CeCl3_and_3.0_wt_CsCl_and_4.0_wt_GdCl3.csv
[Run 553/511994] ✅ Saved: nist_libs_3.0_wt_CeCl3_and_3.0_wt_CsCl_and_4.5_wt_GdCl3.csv
[Run 554/511994] ✅ Saved: nist_libs_3.0_wt_CeCl3_and_3.0_wt_CsCl_and_5.0_wt_GdCl3.csv
[Run 555/511994] ✅ Saved: nist_libs_3.0_wt_CeCl3_and_3.5_wt_CsCl_and_0.5_wt_GdCl3.csv
[Run 556/511994] ✅ Saved: nist_libs_3.0_wt_CeCl3_and_3.5_wt_CsCl_and_1.0_wt_GdCl3.csv
[Run 557/511994] ✅ Saved: nist_libs_3.0_wt_CeCl3_and_3.5_wt_CsCl_and_1.5_wt_GdCl3.csv
[Run 558/511994] ✅ Saved: nist_libs_3.0_wt_CeCl3_and_3.5_wt_CsCl_and_2.0_wt_GdCl3.csv
[Run 559/511994] ✅ Saved: nist_libs_3.0_wt_CeCl3_and_3.5_wt_CsCl_and_2.5_wt_GdCl3.csv
[Run 560/511994] ✅ Saved: nist_libs_3.0_wt_CeCl3_and_3.5_wt_CsCl_and_3.0_wt_GdCl3.csv
[Run 561/511994] ✅ Saved: nist_libs_3.0_wt_CeCl3_and_3.5_wt_CsCl_and_3.5_wt_GdCl3.csv
[Run 562/511994] ✅ Saved: nist_libs_3.0_wt_CeCl3_and_3.5_wt_CsCl_and_4.0_wt_GdCl3.csv
[Run 563/511994] ✅ Saved: nist_libs_3.0_wt_CeCl3_and_3.5_wt_CsCl_and_4.5_wt_GdCl3.csv
[Run 565/511994] ✅ Saved: nist_libs_3.0_wt_CeCl3_and_4.0_wt_CsCl_and_0.5_wt_GdCl3.csv
[Run 564/511994] ✅ Saved: nist_libs_3.0_wt_CeCl3_and_3.5_wt_CsCl_and_5.0_wt_GdCl3.csv
[Run 566/511994] ✅ Saved: nist_libs_3.0_wt_CeCl3_and_4.0_wt_CsCl_and_1.0_wt_GdCl3.csv
[Run 567/511994] ✅ Saved: nist_libs_3.0_wt_CeCl3_and_4.0_wt_CsCl_and_1.5_wt_GdCl3.csv
[Run 568/511994] ✅ Saved: nist_libs_3.0_wt_CeCl3_and_4.0_wt_CsCl_and_2.0_wt_GdCl3.csv
[Run 569/511994] ✅ Saved: nist_libs_3.0_wt_CeCl3_and_4.0_wt_CsCl_and_2.5_wt_GdCl3.csv
[Run 570/511994] ✅ Saved: nist_libs_3.0_wt_CeCl3_and_4.0_wt_CsCl_and_3.0_wt_GdCl3.csv
[Run 571/511994] ✅ Saved: nist_libs_3.0_wt_CeCl3_and_4.0_wt_CsCl_and_3.5_wt_GdCl3.csv
[Run 572/511994] ✅ Saved: nist_libs_3.0_wt_CeCl3_and_4.0_wt_CsCl_and_4.0_wt_GdCl3.csv
[Run 573/511994] ✅ Saved: nist_libs_3.0_wt_CeCl3_and_4.0_wt_CsCl_and_4.5_wt_GdCl3.csv
[Run 574/511994] ✅ Saved: nist_libs_3.0_wt_CeCl3_and_4.0_wt_CsCl_and_5.0_wt_GdCl3.csv
[Run 575/511994] ✅ Saved: nist_libs_3.0_wt_CeCl3_and_4.5_wt_CsCl_and_0.5_wt_GdCl3.csv
[Run 576/511994] ✅ Saved: nist_libs_3.0_wt_CeCl3_and_4.5_wt_CsCl_and_1.0_wt_GdCl3.csv
[Run 577/511994] ✅ Saved: nist_libs_3.0_wt_CeCl3_and_4.5_wt_CsCl_and_1.5_wt_GdCl3.csv
[Run 578/511994] ✅ Saved: nist_libs_3.0_wt_CeCl3_and_4.5_wt_CsCl_and_2.0_wt_GdCl3.csv
[Run 579/511994] ✅ Saved: nist_libs_3.0_wt_CeCl3_and_4.5_wt_CsCl_and_2.5_wt_GdCl3.csv
[Run 581/511994] ✅ Saved: nist_libs_3.0_wt_CeCl3_and_4.5_wt_CsCl_and_3.5_wt_GdCl3.csv
[Run 580/511994] ✅ Saved: nist_libs_3.0_wt_CeCl3_and_4.5_wt_CsCl_and_3.0_wt_GdCl3.csv
[Run 582/511994] ✅ Saved: nist_libs_3.0_wt_CeCl3_and_4.5_wt_CsCl_and_4.0_wt_GdCl3.csv
[Run 583/511994] ✅ Saved: nist_libs_3.0_wt_CeCl3_and_4.5_wt_CsCl_and_4.5_wt_GdCl3.csv
[Run 584/511994] ✅ Saved: nist_libs_3.0_wt_CeCl3_and_4.5_wt_CsCl_and_5.0_wt_GdCl3.csv
[Run 585/511994] ✅ Saved: nist_libs_3.0_wt_CeCl3_and_5.0_wt_CsCl_and_0.5_wt_GdCl3.csv
[Run 586/511994] ✅ Saved: nist_libs_3.0_wt_CeCl3_and_5.0_wt_CsCl_and_1.0_wt_GdCl3.csv
[Run 587/511994] ✅ Saved: nist_libs_3.0_wt_CeCl3_and_5.0_wt_CsCl_and_1.5_wt_GdCl3.csv
[Run 588/511994] ✅ Saved: nist_libs_3.0_wt_CeCl3_and_5.0_wt_CsCl_and_2.0_wt_GdCl3.csv
[Run 590/511994] ✅ Saved: nist_libs_3.0_wt_CeCl3_and_5.0_wt_CsCl_and_3.0_wt_GdCl3.csv
[Run 589/511994] ✅ Saved: nist_libs_3.0_wt_CeCl3_and_5.0_wt_CsCl_and_2.5_wt_GdCl3.csv
[Run 591/511994] ✅ Saved: nist_libs_3.0_wt_CeCl3_and_5.0_wt_CsCl_and_3.5_wt_GdCl3.csv
[Run 592/511994] ✅ Saved: nist_libs_3.0_wt_CeCl3_and_5.0_wt_CsCl_and_4.0_wt_GdCl3.csv
[Run 593/511994] ✅ Saved: nist_libs_3.0_wt_CeCl3_and_5.0_wt_CsCl_and_4.5_wt_GdCl3.csv
[Run 594/511994] ✅ Saved: nist_libs_3.0_wt_CeCl3_and_5.0_wt_CsCl_and_5.0_wt_GdCl3.csv
[Run 595/511994] ✅ Saved: nist_libs_3.5_wt_CeCl3_and_0.5_wt_CsCl_and_0.5_wt_GdCl3.csv
[Run 596/511994] ✅ Saved: nist_libs_3.5_wt_CeCl3_and_0.5_wt_CsCl_and_1.0_wt_GdCl3.csv
[Run 597/511994] ✅ Saved: nist_libs_3.5_wt_CeCl3_and_0.5_wt_CsCl_and_1.5_wt_GdCl3.csv
[Run 598/511994] ✅ Saved: nist_libs_3.5_wt_CeCl3_and_0.5_wt_CsCl_and_2.0_wt_GdCl3.csv
[Run 599/511994] ✅ Saved: nist_libs_3.5_wt_CeCl3_and_0.5_wt_CsCl_and_2.5_wt_GdCl3.csv
[Run 600/511994] ✅ Saved: nist_libs_3.5_wt_CeCl3_and_0.5_wt_CsCl_and_3.0_wt_GdCl3.csv
[Run 601/511994] ✅ Saved: nist_libs_3.5_wt_CeCl3_and_0.5_wt_CsCl_and_3.5_wt_GdCl3.csv
[Run 602/511994] ✅ Saved: nist_libs_3.5_wt_CeCl3_and_0.5_wt_CsCl_and_4.0_wt_GdCl3.csv
[Run 603/511994] ✅ Saved: nist_libs_3.5_wt_CeCl3_and_0.5_wt_CsCl_and_4.5_wt_GdCl3.csv
[Run 604/511994] ✅ Saved: nist_libs_3.5_wt_CeCl3_and_0.5_wt_CsCl_and_5.0_wt_GdCl3.csv
[Run 605/511994] ✅ Saved: nist_libs_3.5_wt_CeCl3_and_1.0_wt_CsCl_and_0.5_wt_GdCl3.csv
[Run 606/511994] ✅ Saved: nist_libs_3.5_wt_CeCl3_and_1.0_wt_CsCl_and_1.0_wt_GdCl3.csv
[Run 608/511994] ✅ Saved: nist_libs_3.5_wt_CeCl3_and_1.0_wt_CsCl_and_2.0_wt_GdCl3.csv
[Run 607/511994] ✅ Saved: nist_libs_3.5_wt_CeCl3_and_1.0_wt_CsCl_and_1.5_wt_GdCl3.csv
[Run 609/511994] ✅ Saved: nist_libs_3.5_wt_CeCl3_and_1.0_wt_CsCl_and_2.5_wt_GdCl3.csv
[Run 610/511994] ✅ Saved: nist_libs_3.5_wt_CeCl3_and_1.0_wt_CsCl_and_3.0_wt_GdCl3.csv
[Run 611/511994] ✅ Saved: nist_libs_3.5_wt_CeCl3_and_1.0_wt_CsCl_and_3.5_wt_GdCl3.csv
[Run 612/511994] ✅ Saved: nist_libs_3.5_wt_CeCl3_and_1.0_wt_CsCl_and_4.0_wt_GdCl3.csv
[Run 613/511994] ✅ Saved: nist_libs_3.5_wt_CeCl3_and_1.0_wt_CsCl_and_4.5_wt_GdCl3.csv
[Run 614/511994] ✅ Saved: nist_libs_3.5_wt_CeCl3_and_1.0_wt_CsCl_and_5.0_wt_GdCl3.csv
[Run 615/511994] ✅ Saved: nist_libs_3.5_wt_CeCl3_and_1.5_wt_CsCl_and_0.5_wt_GdCl3.csv
[Run 616/511994] ✅ Saved: nist_libs_3.5_wt_CeCl3_and_1.5_wt_CsCl_and_1.0_wt_GdCl3.csv
[Run 617/511994] ✅ Saved: nist_libs_3.5_wt_CeCl3_and_1.5_wt_CsCl_and_1.5_wt_GdCl3.csv
[Run 618/511994] ✅ Saved: nist_libs_3.5_wt_CeCl3_and_1.5_wt_CsCl_and_2.0_wt_GdCl3.csv
[Run 619/511994] ✅ Saved: nist_libs_3.5_wt_CeCl3_and_1.5_wt_CsCl_and_2.5_wt_GdCl3.csv
[Run 620/511994] ✅ Saved: nist_libs_3.5_wt_CeCl3_and_1.5_wt_CsCl_and_3.0_wt_GdCl3.csv
[Run 621/511994] ✅ Saved: nist_libs_3.5_wt_CeCl3_and_1.5_wt_CsCl_and_3.5_wt_GdCl3.csv
[Run 622/511994] ✅ Saved: nist_libs_3.5_wt_CeCl3_and_1.5_wt_CsCl_and_4.0_wt_GdCl3.csv
[Run 623/511994] ✅ Saved: nist_libs_3.5_wt_CeCl3_and_1.5_wt_CsCl_and_4.5_wt_GdCl3.csv
[Run 624/511994] ✅ Saved: nist_libs_3.5_wt_CeCl3_and_1.5_wt_CsCl_and_5.0_wt_GdCl3.csv
[Run 625/511994] ✅ Saved: nist_libs_3.5_wt_CeCl3_and_2.0_wt_CsCl_and_0.5_wt_GdCl3.csv
[Run 626/511994] ✅ Saved: nist_libs_3.5_wt_CeCl3_and_2.0_wt_CsCl_and_1.0_wt_GdCl3.csv
[Run 627/511994] ✅ Saved: nist_libs_3.5_wt_CeCl3_and_2.0_wt_CsCl_and_1.5_wt_GdCl3.csv
[Run 628/511994] ✅ Saved: nist_libs_3.5_wt_CeCl3_and_2.0_wt_CsCl_and_2.0_wt_GdCl3.csv
[Run 629/511994] ✅ Saved: nist_libs_3.5_wt_CeCl3_and_2.0_wt_CsCl_and_2.5_wt_GdCl3.csv
[Run 630/511994] ✅ Saved: nist_libs_3.5_wt_CeCl3_and_2.0_wt_CsCl_and_3.0_wt_GdCl3.csv
[Run 631/511994] ✅ Saved: nist_libs_3.5_wt_CeCl3_and_2.0_wt_CsCl_and_3.5_wt_GdCl3.csv
[Run 632/511994] ✅ Saved: nist_libs_3.5_wt_CeCl3_and_2.0_wt_CsCl_and_4.0_wt_GdCl3.csv
[Run 633/511994] ✅ Saved: nist_libs_3.5_wt_CeCl3_and_2.0_wt_CsCl_and_4.5_wt_GdCl3.csv
[Run 635/511994] ✅ Saved: nist_libs_3.5_wt_CeCl3_and_2.5_wt_CsCl_and_0.5_wt_GdCl3.csv
[Run 634/511994] ✅ Saved: nist_libs_3.5_wt_CeCl3_and_2.0_wt_CsCl_and_5.0_wt_GdCl3.csv
[Run 636/511994] ✅ Saved: nist_libs_3.5_wt_CeCl3_and_2.5_wt_CsCl_and_1.0_wt_GdCl3.csv
[Run 637/511994] ✅ Saved: nist_libs_3.5_wt_CeCl3_and_2.5_wt_CsCl_and_1.5_wt_GdCl3.csv
[Run 639/511994] ✅ Saved: nist_libs_3.5_wt_CeCl3_and_2.5_wt_CsCl_and_2.5_wt_GdCl3.csv
[Run 638/511994] ✅ Saved: nist_libs_3.5_wt_CeCl3_and_2.5_wt_CsCl_and_2.0_wt_GdCl3.csv
[Run 640/511994] ✅ Saved: nist_libs_3.5_wt_CeCl3_and_2.5_wt_CsCl_and_3.0_wt_GdCl3.csv
[Run 641/511994] ✅ Saved: nist_libs_3.5_wt_CeCl3_and_2.5_wt_CsCl_and_3.5_wt_GdCl3.csv
[Run 643/511994] ✅ Saved: nist_libs_3.5_wt_CeCl3_and_2.5_wt_CsCl_and_4.5_wt_GdCl3.csv
[Run 642/511994] ✅ Saved: nist_libs_3.5_wt_CeCl3_and_2.5_wt_CsCl_and_4.0_wt_GdCl3.csv
[Run 644/511994] ✅ Saved: nist_libs_3.5_wt_CeCl3_and_2.5_wt_CsCl_and_5.0_wt_GdCl3.csv
[Run 645/511994] ✅ Saved: nist_libs_3.5_wt_CeCl3_and_3.0_wt_CsCl_and_0.5_wt_GdCl3.csv
[Run 646/511994] ✅ Saved: nist_libs_3.5_wt_CeCl3_and_3.0_wt_CsCl_and_1.0_wt_GdCl3.csv
[Run 647/511994] ✅ Saved: nist_libs_3.5_wt_CeCl3_and_3.0_wt_CsCl_and_1.5_wt_GdCl3.csv
[Run 648/511994] ✅ Saved: nist_libs_3.5_wt_CeCl3_and_3.0_wt_CsCl_and_2.0_wt_GdCl3.csv
[Run 649/511994] ✅ Saved: nist_libs_3.5_wt_CeCl3_and_3.0_wt_CsCl_and_2.5_wt_GdCl3.csv
[Run 650/511994] ✅ Saved: nist_libs_3.5_wt_CeCl3_and_3.0_wt_CsCl_and_3.0_wt_GdCl3.csv
[Run 651/511994] ✅ Saved: nist_libs_3.5_wt_CeCl3_and_3.0_wt_CsCl_and_3.5_wt_GdCl3.csv
[Run 652/511994] ✅ Saved: nist_libs_3.5_wt_CeCl3_and_3.0_wt_CsCl_and_4.0_wt_GdCl3.csv
[Run 653/511994] ✅ Saved: nist_libs_3.5_wt_CeCl3_and_3.0_wt_CsCl_and_4.5_wt_GdCl3.csv
[Run 654/511994] ✅ Saved: nist_libs_3.5_wt_CeCl3_and_3.0_wt_CsCl_and_5.0_wt_GdCl3.csv
[Run 655/511994] ✅ Saved: nist_libs_3.5_wt_CeCl3_and_3.5_wt_CsCl_and_0.5_wt_GdCl3.csv
[Run 656/511994] ✅ Saved: nist_libs_3.5_wt_CeCl3_and_3.5_wt_CsCl_and_1.0_wt_GdCl3.csv
[Run 658/511994] ✅ Saved: nist_libs_3.5_wt_CeCl3_and_3.5_wt_CsCl_and_2.0_wt_GdCl3.csv
[Run 657/511994] ✅ Saved: nist_libs_3.5_wt_CeCl3_and_3.5_wt_CsCl_and_1.5_wt_GdCl3.csv
[Run 659/511994] ✅ Saved: nist_libs_3.5_wt_CeCl3_and_3.5_wt_CsCl_and_2.5_wt_GdCl3.csv
[Run 660/511994] ✅ Saved: nist_libs_3.5_wt_CeCl3_and_3.5_wt_CsCl_and_3.0_wt_GdCl3.csv
[Run 661/511994] ✅ Saved: nist_libs_3.5_wt_CeCl3_and_3.5_wt_CsCl_and_3.5_wt_GdCl3.csv
[Run 662/511994] ✅ Saved: nist_libs_3.5_wt_CeCl3_and_3.5_wt_CsCl_and_4.0_wt_GdCl3.csv
[Run 663/511994] ✅ Saved: nist_libs_3.5_wt_CeCl3_and_3.5_wt_CsCl_and_4.5_wt_GdCl3.csv
[Run 664/511994] ✅ Saved: nist_libs_3.5_wt_CeCl3_and_3.5_wt_CsCl_and_5.0_wt_GdCl3.csv
[Run 666/511994] ✅ Saved: nist_libs_3.5_wt_CeCl3_and_4.0_wt_CsCl_and_1.0_wt_GdCl3.csv
[Run 665/511994] ✅ Saved: nist_libs_3.5_wt_CeCl3_and_4.0_wt_CsCl_and_0.5_wt_GdCl3.csv
[Run 667/511994] ✅ Saved: nist_libs_3.5_wt_CeCl3_and_4.0_wt_CsCl_and_1.5_wt_GdCl3.csv
[Run 668/511994] ✅ Saved: nist_libs_3.5_wt_CeCl3_and_4.0_wt_CsCl_and_2.0_wt_GdCl3.csv
[Run 669/511994] ✅ Saved: nist_libs_3.5_wt_CeCl3_and_4.0_wt_CsCl_and_2.5_wt_GdCl3.csv
[Run 670/511994] ✅ Saved: nist_libs_3.5_wt_CeCl3_and_4.0_wt_CsCl_and_3.0_wt_GdCl3.csv
[Run 671/511994] ✅ Saved: nist_libs_3.5_wt_CeCl3_and_4.0_wt_CsCl_and_3.5_wt_GdCl3.csv
[Run 672/511994] ✅ Saved: nist_libs_3.5_wt_CeCl3_and_4.0_wt_CsCl_and_4.0_wt_GdCl3.csv
[Run 673/511994] ✅ Saved: nist_libs_3.5_wt_CeCl3_and_4.0_wt_CsCl_and_4.5_wt_GdCl3.csv
[Run 674/511994] ✅ Saved: nist_libs_3.5_wt_CeCl3_and_4.0_wt_CsCl_and_5.0_wt_GdCl3.csv
[Run 675/511994] ✅ Saved: nist_libs_3.5_wt_CeCl3_and_4.5_wt_CsCl_and_0.5_wt_GdCl3.csv
[Run 676/511994] ✅ Saved: nist_libs_3.5_wt_CeCl3_and_4.5_wt_CsCl_and_1.0_wt_GdCl3.csv
[Run 677/511994] ✅ Saved: nist_libs_3.5_wt_CeCl3_and_4.5_wt_CsCl_and_1.5_wt_GdCl3.csv
[Run 678/511994] ✅ Saved: nist_libs_3.5_wt_CeCl3_and_4.5_wt_CsCl_and_2.0_wt_GdCl3.csv
[Run 679/511994] ✅ Saved: nist_libs_3.5_wt_CeCl3_and_4.5_wt_CsCl_and_2.5_wt_GdCl3.csv
[Run 680/511994] ✅ Saved: nist_libs_3.5_wt_CeCl3_and_4.5_wt_CsCl_and_3.0_wt_GdCl3.csv
[Run 681/511994] ✅ Saved: nist_libs_3.5_wt_CeCl3_and_4.5_wt_CsCl_and_3.5_wt_GdCl3.csv
[Run 682/511994] ✅ Saved: nist_libs_3.5_wt_CeCl3_and_4.5_wt_CsCl_and_4.0_wt_GdCl3.csv
[Run 683/511994] ✅ Saved: nist_libs_3.5_wt_CeCl3_and_4.5_wt_CsCl_and_4.5_wt_GdCl3.csv
[Run 684/511994] ✅ Saved: nist_libs_3.5_wt_CeCl3_and_4.5_wt_CsCl_and_5.0_wt_GdCl3.csv
[Run 685/511994] ✅ Saved: nist_libs_3.5_wt_CeCl3_and_5.0_wt_CsCl_and_0.5_wt_GdCl3.csv
[Run 686/511994] ✅ Saved: nist_libs_3.5_wt_CeCl3_and_5.0_wt_CsCl_and_1.0_wt_GdCl3.csv
[Run 687/511994] ✅ Saved: nist_libs_3.5_wt_CeCl3_and_5.0_wt_CsCl_and_1.5_wt_GdCl3.csv
[Run 688/511994] ✅ Saved: nist_libs_3.5_wt_CeCl3_and_5.0_wt_CsCl_and_2.0_wt_GdCl3.csv
[Run 689/511994] ✅ Saved: nist_libs_3.5_wt_CeCl3_and_5.0_wt_CsCl_and_2.5_wt_GdCl3.csv
[Run 690/511994] ✅ Saved: nist_libs_3.5_wt_CeCl3_and_5.0_wt_CsCl_and_3.0_wt_GdCl3.csv
[Run 691/511994] ✅ Saved: nist_libs_3.5_wt_CeCl3_and_5.0_wt_CsCl_and_3.5_wt_GdCl3.csv
[Run 692/511994] ✅ Saved: nist_libs_3.5_wt_CeCl3_and_5.0_wt_CsCl_and_4.0_wt_GdCl3.csv
[Run 693/511994] ✅ Saved: nist_libs_3.5_wt_CeCl3_and_5.0_wt_CsCl_and_4.5_wt_GdCl3.csv
[Run 694/511994] ✅ Saved: nist_libs_3.5_wt_CeCl3_and_5.0_wt_CsCl_and_5.0_wt_GdCl3.csv
[Run 695/511994] ✅ Saved: nist_libs_4.0_wt_CeCl3_and_0.5_wt_CsCl_and_0.5_wt_GdCl3.csv
[Run 696/511994] ✅ Saved: nist_libs_4.0_wt_CeCl3_and_0.5_wt_CsCl_and_1.0_wt_GdCl3.csv
[Run 697/511994] ✅ Saved: nist_libs_4.0_wt_CeCl3_and_0.5_wt_CsCl_and_1.5_wt_GdCl3.csv
[Run 698/511994] ✅ Saved: nist_libs_4.0_wt_CeCl3_and_0.5_wt_CsCl_and_2.0_wt_GdCl3.csv
[Run 699/511994] ✅ Saved: nist_libs_4.0_wt_CeCl3_and_0.5_wt_CsCl_and_2.5_wt_GdCl3.csv
[Run 700/511994] ✅ Saved: nist_libs_4.0_wt_CeCl3_and_0.5_wt_CsCl_and_3.0_wt_GdCl3.csv
[Run 701/511994] ✅ Saved: nist_libs_4.0_wt_CeCl3_and_0.5_wt_CsCl_and_3.5_wt_GdCl3.csv
[Run 702/511994] ✅ Saved: nist_libs_4.0_wt_CeCl3_and_0.5_wt_CsCl_and_4.0_wt_GdCl3.csv
[Run 703/511994] ✅ Saved: nist_libs_4.0_wt_CeCl3_and_0.5_wt_CsCl_and_4.5_wt_GdCl3.csv
[Run 704/511994] ✅ Saved: nist_libs_4.0_wt_CeCl3_and_0.5_wt_CsCl_and_5.0_wt_GdCl3.csv
[Run 705/511994] ✅ Saved: nist_libs_4.0_wt_CeCl3_and_1.0_wt_CsCl_and_0.5_wt_GdCl3.csv
[Run 706/511994] ✅ Saved: nist_libs_4.0_wt_CeCl3_and_1.0_wt_CsCl_and_1.0_wt_GdCl3.csv
[Run 707/511994] ✅ Saved: nist_libs_4.0_wt_CeCl3_and_1.0_wt_CsCl_and_1.5_wt_GdCl3.csv
[Run 708/511994] ✅ Saved: nist_libs_4.0_wt_CeCl3_and_1.0_wt_CsCl_and_2.0_wt_GdCl3.csv
[Run 709/511994] ✅ Saved: nist_libs_4.0_wt_CeCl3_and_1.0_wt_CsCl_and_2.5_wt_GdCl3.csv
[Run 710/511994] ✅ Saved: nist_libs_4.0_wt_CeCl3_and_1.0_wt_CsCl_and_3.0_wt_GdCl3.csv
[Run 712/511994] ✅ Saved: nist_libs_4.0_wt_CeCl3_and_1.0_wt_CsCl_and_4.0_wt_GdCl3.csv
[Run 711/511994] ✅ Saved: nist_libs_4.0_wt_CeCl3_and_1.0_wt_CsCl_and_3.5_wt_GdCl3.csv
[Run 713/511994] ✅ Saved: nist_libs_4.0_wt_CeCl3_and_1.0_wt_CsCl_and_4.5_wt_GdCl3.csv
[Run 714/511994] ✅ Saved: nist_libs_4.0_wt_CeCl3_and_1.0_wt_CsCl_and_5.0_wt_GdCl3.csv
[Run 716/511994] ✅ Saved: nist_libs_4.0_wt_CeCl3_and_1.5_wt_CsCl_and_1.0_wt_GdCl3.csv
[Run 715/511994] ✅ Saved: nist_libs_4.0_wt_CeCl3_and_1.5_wt_CsCl_and_0.5_wt_GdCl3.csv
[Run 717/511994] ✅ Saved: nist_libs_4.0_wt_CeCl3_and_1.5_wt_CsCl_and_1.5_wt_GdCl3.csv
[Run 718/511994] ✅ Saved: nist_libs_4.0_wt_CeCl3_and_1.5_wt_CsCl_and_2.0_wt_GdCl3.csv
[Run 720/511994] ✅ Saved: nist_libs_4.0_wt_CeCl3_and_1.5_wt_CsCl_and_3.0_wt_GdCl3.csv
[Run 719/511994] ✅ Saved: nist_libs_4.0_wt_CeCl3_and_1.5_wt_CsCl_and_2.5_wt_GdCl3.csv
[Run 721/511994] ✅ Saved: nist_libs_4.0_wt_CeCl3_and_1.5_wt_CsCl_and_3.5_wt_GdCl3.csv
[Run 722/511994] ✅ Saved: nist_libs_4.0_wt_CeCl3_and_1.5_wt_CsCl_and_4.0_wt_GdCl3.csv
[Run 723/511994] ✅ Saved: nist_libs_4.0_wt_CeCl3_and_1.5_wt_CsCl_and_4.5_wt_GdCl3.csv
[Run 724/511994] ✅ Saved: nist_libs_4.0_wt_CeCl3_and_1.5_wt_CsCl_and_5.0_wt_GdCl3.csv
[Run 725/511994] ✅ Saved: nist_libs_4.0_wt_CeCl3_and_2.0_wt_CsCl_and_0.5_wt_GdCl3.csv
[Run 726/511994] ✅ Saved: nist_libs_4.0_wt_CeCl3_and_2.0_wt_CsCl_and_1.0_wt_GdCl3.csv
[Run 727/511994] ✅ Saved: nist_libs_4.0_wt_CeCl3_and_2.0_wt_CsCl_and_1.5_wt_GdCl3.csv
[Run 728/511994] ✅ Saved: nist_libs_4.0_wt_CeCl3_and_2.0_wt_CsCl_and_2.0_wt_GdCl3.csv
[Run 729/511994] ✅ Saved: nist_libs_4.0_wt_CeCl3_and_2.0_wt_CsCl_and_2.5_wt_GdCl3.csv
[Run 730/511994] ✅ Saved: nist_libs_4.0_wt_CeCl3_and_2.0_wt_CsCl_and_3.0_wt_GdCl3.csv
[Run 731/511994] ✅ Saved: nist_libs_4.0_wt_CeCl3_and_2.0_wt_CsCl_and_3.5_wt_GdCl3.csv
[Run 732/511994] ✅ Saved: nist_libs_4.0_wt_CeCl3_and_2.0_wt_CsCl_and_4.0_wt_GdCl3.csv
[Run 733/511994] ✅ Saved: nist_libs_4.0_wt_CeCl3_and_2.0_wt_CsCl_and_4.5_wt_GdCl3.csv
[Run 734/511994] ✅ Saved: nist_libs_4.0_wt_CeCl3_and_2.0_wt_CsCl_and_5.0_wt_GdCl3.csv
[Run 735/511994] ✅ Saved: nist_libs_4.0_wt_CeCl3_and_2.5_wt_CsCl_and_0.5_wt_GdCl3.csv
[Run 736/511994] ✅ Saved: nist_libs_4.0_wt_CeCl3_and_2.5_wt_CsCl_and_1.0_wt_GdCl3.csv
[Run 737/511994] ✅ Saved: nist_libs_4.0_wt_CeCl3_and_2.5_wt_CsCl_and_1.5_wt_GdCl3.csv
[Run 738/511994] ✅ Saved: nist_libs_4.0_wt_CeCl3_and_2.5_wt_CsCl_and_2.0_wt_GdCl3.csv
[Run 739/511994] ✅ Saved: nist_libs_4.0_wt_CeCl3_and_2.5_wt_CsCl_and_2.5_wt_GdCl3.csv
[Run 740/511994] ✅ Saved: nist_libs_4.0_wt_CeCl3_and_2.5_wt_CsCl_and_3.0_wt_GdCl3.csv
[Run 741/511994] ✅ Saved: nist_libs_4.0_wt_CeCl3_and_2.5_wt_CsCl_and_3.5_wt_GdCl3.csv
[Run 743/511994] ✅ Saved: nist_libs_4.0_wt_CeCl3_and_2.5_wt_CsCl_and_4.5_wt_GdCl3.csv
[Run 742/511994] ✅ Saved: nist_libs_4.0_wt_CeCl3_and_2.5_wt_CsCl_and_4.0_wt_GdCl3.csv
[Run 744/511994] ✅ Saved: nist_libs_4.0_wt_CeCl3_and_2.5_wt_CsCl_and_5.0_wt_GdCl3.csv
[Run 745/511994] ✅ Saved: nist_libs_4.0_wt_CeCl3_and_3.0_wt_CsCl_and_0.5_wt_GdCl3.csv
[Run 746/511994] ✅ Saved: nist_libs_4.0_wt_CeCl3_and_3.0_wt_CsCl_and_1.0_wt_GdCl3.csv
[Run 747/511994] ✅ Saved: nist_libs_4.0_wt_CeCl3_and_3.0_wt_CsCl_and_1.5_wt_GdCl3.csv
[Run 748/511994] ✅ Saved: nist_libs_4.0_wt_CeCl3_and_3.0_wt_CsCl_and_2.0_wt_GdCl3.csv
[Run 749/511994] ✅ Saved: nist_libs_4.0_wt_CeCl3_and_3.0_wt_CsCl_and_2.5_wt_GdCl3.csv
[Run 750/511994] ✅ Saved: nist_libs_4.0_wt_CeCl3_and_3.0_wt_CsCl_and_3.0_wt_GdCl3.csv
[Run 752/511994] ✅ Saved: nist_libs_4.0_wt_CeCl3_and_3.0_wt_CsCl_and_4.0_wt_GdCl3.csv
[Run 751/511994] ✅ Saved: nist_libs_4.0_wt_CeCl3_and_3.0_wt_CsCl_and_3.5_wt_GdCl3.csv
[Run 753/511994] ✅ Saved: nist_libs_4.0_wt_CeCl3_and_3.0_wt_CsCl_and_4.5_wt_GdCl3.csv
[Run 754/511994] ✅ Saved: nist_libs_4.0_wt_CeCl3_and_3.0_wt_CsCl_and_5.0_wt_GdCl3.csv
[Run 755/511994] ✅ Saved: nist_libs_4.0_wt_CeCl3_and_3.5_wt_CsCl_and_0.5_wt_GdCl3.csv
[Run 757/511994] ✅ Saved: nist_libs_4.0_wt_CeCl3_and_3.5_wt_CsCl_and_1.5_wt_GdCl3.csv
[Run 756/511994] ✅ Saved: nist_libs_4.0_wt_CeCl3_and_3.5_wt_CsCl_and_1.0_wt_GdCl3.csv
[Run 758/511994] ✅ Saved: nist_libs_4.0_wt_CeCl3_and_3.5_wt_CsCl_and_2.0_wt_GdCl3.csv
[Run 760/511994] ✅ Saved: nist_libs_4.0_wt_CeCl3_and_3.5_wt_CsCl_and_3.0_wt_GdCl3.csv
[Run 761/511994] ✅ Saved: nist_libs_4.0_wt_CeCl3_and_3.5_wt_CsCl_and_3.5_wt_GdCl3.csv
[Run 759/511994] ✅ Saved: nist_libs_4.0_wt_CeCl3_and_3.5_wt_CsCl_and_2.5_wt_GdCl3.csv
[Run 762/511994] ✅ Saved: nist_libs_4.0_wt_CeCl3_and_3.5_wt_CsCl_and_4.0_wt_GdCl3.csv
[Run 763/511994] ✅ Saved: nist_libs_4.0_wt_CeCl3_and_3.5_wt_CsCl_and_4.5_wt_GdCl3.csv
[Run 765/511994] ✅ Saved: nist_libs_4.0_wt_CeCl3_and_4.0_wt_CsCl_and_0.5_wt_GdCl3.csv
[Run 764/511994] ✅ Saved: nist_libs_4.0_wt_CeCl3_and_3.5_wt_CsCl_and_5.0_wt_GdCl3.csv
[Run 766/511994] ✅ Saved: nist_libs_4.0_wt_CeCl3_and_4.0_wt_CsCl_and_1.0_wt_GdCl3.csv
[Run 767/511994] ✅ Saved: nist_libs_4.0_wt_CeCl3_and_4.0_wt_CsCl_and_1.5_wt_GdCl3.csv
[Run 768/511994] ✅ Saved: nist_libs_4.0_wt_CeCl3_and_4.0_wt_CsCl_and_2.0_wt_GdCl3.csv
[Run 769/511994] ✅ Saved: nist_libs_4.0_wt_CeCl3_and_4.0_wt_CsCl_and_2.5_wt_GdCl3.csv
[Run 770/511994] ✅ Saved: nist_libs_4.0_wt_CeCl3_and_4.0_wt_CsCl_and_3.0_wt_GdCl3.csv
[Run 771/511994] ✅ Saved: nist_libs_4.0_wt_CeCl3_and_4.0_wt_CsCl_and_3.5_wt_GdCl3.csv
[Run 772/511994] ✅ Saved: nist_libs_4.0_wt_CeCl3_and_4.0_wt_CsCl_and_4.0_wt_GdCl3.csv
[Run 773/511994] ✅ Saved: nist_libs_4.0_wt_CeCl3_and_4.0_wt_CsCl_and_4.5_wt_GdCl3.csv
[Run 774/511994] ✅ Saved: nist_libs_4.0_wt_CeCl3_and_4.0_wt_CsCl_and_5.0_wt_GdCl3.csv
[Run 775/511994] ✅ Saved: nist_libs_4.0_wt_CeCl3_and_4.5_wt_CsCl_and_0.5_wt_GdCl3.csv
[Run 776/511994] ✅ Saved: nist_libs_4.0_wt_CeCl3_and_4.5_wt_CsCl_and_1.0_wt_GdCl3.csv
[Run 777/511994] ✅ Saved: nist_libs_4.0_wt_CeCl3_and_4.5_wt_CsCl_and_1.5_wt_GdCl3.csv
[Run 778/511994] ✅ Saved: nist_libs_4.0_wt_CeCl3_and_4.5_wt_CsCl_and_2.0_wt_GdCl3.csv
[Run 779/511994] ✅ Saved: nist_libs_4.0_wt_CeCl3_and_4.5_wt_CsCl_and_2.5_wt_GdCl3.csv
[Run 780/511994] ✅ Saved: nist_libs_4.0_wt_CeCl3_and_4.5_wt_CsCl_and_3.0_wt_GdCl3.csv
[Run 781/511994] ✅ Saved: nist_libs_4.0_wt_CeCl3_and_4.5_wt_CsCl_and_3.5_wt_GdCl3.csv
[Run 782/511994] ✅ Saved: nist_libs_4.0_wt_CeCl3_and_4.5_wt_CsCl_and_4.0_wt_GdCl3.csv
[Run 783/511994] ✅ Saved: nist_libs_4.0_wt_CeCl3_and_4.5_wt_CsCl_and_4.5_wt_GdCl3.csv
[Run 785/511994] ✅ Saved: nist_libs_4.0_wt_CeCl3_and_5.0_wt_CsCl_and_0.5_wt_GdCl3.csv
[Run 784/511994] ✅ Saved: nist_libs_4.0_wt_CeCl3_and_4.5_wt_CsCl_and_5.0_wt_GdCl3.csv
[Run 786/511994] ✅ Saved: nist_libs_4.0_wt_CeCl3_and_5.0_wt_CsCl_and_1.0_wt_GdCl3.csv
[Run 787/511994] ✅ Saved: nist_libs_4.0_wt_CeCl3_and_5.0_wt_CsCl_and_1.5_wt_GdCl3.csv
[Run 788/511994] ✅ Saved: nist_libs_4.0_wt_CeCl3_and_5.0_wt_CsCl_and_2.0_wt_GdCl3.csv
[Run 790/511994] ✅ Saved: nist_libs_4.0_wt_CeCl3_and_5.0_wt_CsCl_and_3.0_wt_GdCl3.csv
[Run 789/511994] ✅ Saved: nist_libs_4.0_wt_CeCl3_and_5.0_wt_CsCl_and_2.5_wt_GdCl3.csv
[Run 791/511994] ✅ Saved: nist_libs_4.0_wt_CeCl3_and_5.0_wt_CsCl_and_3.5_wt_GdCl3.csv
[Run 792/511994] ✅ Saved: nist_libs_4.0_wt_CeCl3_and_5.0_wt_CsCl_and_4.0_wt_GdCl3.csv
[Run 794/511994] ✅ Saved: nist_libs_4.0_wt_CeCl3_and_5.0_wt_CsCl_and_5.0_wt_GdCl3.csv
[Run 793/511994] ✅ Saved: nist_libs_4.0_wt_CeCl3_and_5.0_wt_CsCl_and_4.5_wt_GdCl3.csv
[Run 795/511994] ✅ Saved: nist_libs_4.5_wt_CeCl3_and_0.5_wt_CsCl_and_0.5_wt_GdCl3.csv
[Run 796/511994] ✅ Saved: nist_libs_4.5_wt_CeCl3_and_0.5_wt_CsCl_and_1.0_wt_GdCl3.csv
[Run 797/511994] ✅ Saved: nist_libs_4.5_wt_CeCl3_and_0.5_wt_CsCl_and_1.5_wt_GdCl3.csv
[Run 798/511994] ✅ Saved: nist_libs_4.5_wt_CeCl3_and_0.5_wt_CsCl_and_2.0_wt_GdCl3.csv
[Run 799/511994] ✅ Saved: nist_libs_4.5_wt_CeCl3_and_0.5_wt_CsCl_and_2.5_wt_GdCl3.csv
[Run 800/511994] ✅ Saved: nist_libs_4.5_wt_CeCl3_and_0.5_wt_CsCl_and_3.0_wt_GdCl3.csv
[Run 801/511994] ✅ Saved: nist_libs_4.5_wt_CeCl3_and_0.5_wt_CsCl_and_3.5_wt_GdCl3.csv
[Run 802/511994] ✅ Saved: nist_libs_4.5_wt_CeCl3_and_0.5_wt_CsCl_and_4.0_wt_GdCl3.csv
[Run 803/511994] ✅ Saved: nist_libs_4.5_wt_CeCl3_and_0.5_wt_CsCl_and_4.5_wt_GdCl3.csv
[Run 804/511994] ✅ Saved: nist_libs_4.5_wt_CeCl3_and_0.5_wt_CsCl_and_5.0_wt_GdCl3.csv
[Run 805/511994] ✅ Saved: nist_libs_4.5_wt_CeCl3_and_1.0_wt_CsCl_and_0.5_wt_GdCl3.csv
[Run 806/511994] ✅ Saved: nist_libs_4.5_wt_CeCl3_and_1.0_wt_CsCl_and_1.0_wt_GdCl3.csv
[Run 807/511994] ✅ Saved: nist_libs_4.5_wt_CeCl3_and_1.0_wt_CsCl_and_1.5_wt_GdCl3.csv
[Run 808/511994] ✅ Saved: nist_libs_4.5_wt_CeCl3_and_1.0_wt_CsCl_and_2.0_wt_GdCl3.csv
[Run 809/511994] ✅ Saved: nist_libs_4.5_wt_CeCl3_and_1.0_wt_CsCl_and_2.5_wt_GdCl3.csv
[Run 810/511994] ✅ Saved: nist_libs_4.5_wt_CeCl3_and_1.0_wt_CsCl_and_3.0_wt_GdCl3.csv
[Run 811/511994] ✅ Saved: nist_libs_4.5_wt_CeCl3_and_1.0_wt_CsCl_and_3.5_wt_GdCl3.csv
[Run 812/511994] ✅ Saved: nist_libs_4.5_wt_CeCl3_and_1.0_wt_CsCl_and_4.0_wt_GdCl3.csv
[Run 813/511994] ✅ Saved: nist_libs_4.5_wt_CeCl3_and_1.0_wt_CsCl_and_4.5_wt_GdCl3.csv
[Run 814/511994] ✅ Saved: nist_libs_4.5_wt_CeCl3_and_1.0_wt_CsCl_and_5.0_wt_GdCl3.csv
[Run 815/511994] ✅ Saved: nist_libs_4.5_wt_CeCl3_and_1.5_wt_CsCl_and_0.5_wt_GdCl3.csv
[Run 816/511994] ✅ Saved: nist_libs_4.5_wt_CeCl3_and_1.5_wt_CsCl_and_1.0_wt_GdCl3.csv
[Run 817/511994] ✅ Saved: nist_libs_4.5_wt_CeCl3_and_1.5_wt_CsCl_and_1.5_wt_GdCl3.csv
[Run 818/511994] ✅ Saved: nist_libs_4.5_wt_CeCl3_and_1.5_wt_CsCl_and_2.0_wt_GdCl3.csv
[Run 819/511994] ✅ Saved: nist_libs_4.5_wt_CeCl3_and_1.5_wt_CsCl_and_2.5_wt_GdCl3.csv
[Run 820/511994] ✅ Saved: nist_libs_4.5_wt_CeCl3_and_1.5_wt_CsCl_and_3.0_wt_GdCl3.csv
[Run 821/511994] ✅ Saved: nist_libs_4.5_wt_CeCl3_and_1.5_wt_CsCl_and_3.5_wt_GdCl3.csv
[Run 822/511994] ✅ Saved: nist_libs_4.5_wt_CeCl3_and_1.5_wt_CsCl_and_4.0_wt_GdCl3.csv
[Run 823/511994] ✅ Saved: nist_libs_4.5_wt_CeCl3_and_1.5_wt_CsCl_and_4.5_wt_GdCl3.csv
[Run 824/511994] ✅ Saved: nist_libs_4.5_wt_CeCl3_and_1.5_wt_CsCl_and_5.0_wt_GdCl3.csv
[Run 825/511994] ✅ Saved: nist_libs_4.5_wt_CeCl3_and_2.0_wt_CsCl_and_0.5_wt_GdCl3.csv
[Run 826/511994] ✅ Saved: nist_libs_4.5_wt_CeCl3_and_2.0_wt_CsCl_and_1.0_wt_GdCl3.csv
[Run 827/511994] ✅ Saved: nist_libs_4.5_wt_CeCl3_and_2.0_wt_CsCl_and_1.5_wt_GdCl3.csv
[Run 829/511994] ✅ Saved: nist_libs_4.5_wt_CeCl3_and_2.0_wt_CsCl_and_2.5_wt_GdCl3.csv
[Run 828/511994] ✅ Saved: nist_libs_4.5_wt_CeCl3_and_2.0_wt_CsCl_and_2.0_wt_GdCl3.csv
[Run 830/511994] ✅ Saved: nist_libs_4.5_wt_CeCl3_and_2.0_wt_CsCl_and_3.0_wt_GdCl3.csv
[Run 831/511994] ✅ Saved: nist_libs_4.5_wt_CeCl3_and_2.0_wt_CsCl_and_3.5_wt_GdCl3.csv
[Run 832/511994] ✅ Saved: nist_libs_4.5_wt_CeCl3_and_2.0_wt_CsCl_and_4.0_wt_GdCl3.csv
[Run 833/511994] ✅ Saved: nist_libs_4.5_wt_CeCl3_and_2.0_wt_CsCl_and_4.5_wt_GdCl3.csv
[Run 834/511994] ✅ Saved: nist_libs_4.5_wt_CeCl3_and_2.0_wt_CsCl_and_5.0_wt_GdCl3.csv
[Run 835/511994] ✅ Saved: nist_libs_4.5_wt_CeCl3_and_2.5_wt_CsCl_and_0.5_wt_GdCl3.csv
[Run 836/511994] ✅ Saved: nist_libs_4.5_wt_CeCl3_and_2.5_wt_CsCl_and_1.0_wt_GdCl3.csv
[Run 837/511994] ✅ Saved: nist_libs_4.5_wt_CeCl3_and_2.5_wt_CsCl_and_1.5_wt_GdCl3.csv
[Run 838/511994] ✅ Saved: nist_libs_4.5_wt_CeCl3_and_2.5_wt_CsCl_and_2.0_wt_GdCl3.csv
[Run 839/511994] ✅ Saved: nist_libs_4.5_wt_CeCl3_and_2.5_wt_CsCl_and_2.5_wt_GdCl3.csv
[Run 840/511994] ✅ Saved: nist_libs_4.5_wt_CeCl3_and_2.5_wt_CsCl_and_3.0_wt_GdCl3.csv
[Run 841/511994] ✅ Saved: nist_libs_4.5_wt_CeCl3_and_2.5_wt_CsCl_and_3.5_wt_GdCl3.csv
[Run 843/511994] ✅ Saved: nist_libs_4.5_wt_CeCl3_and_2.5_wt_CsCl_and_4.5_wt_GdCl3.csv
[Run 842/511994] ✅ Saved: nist_libs_4.5_wt_CeCl3_and_2.5_wt_CsCl_and_4.0_wt_GdCl3.csv
[Run 844/511994] ✅ Saved: nist_libs_4.5_wt_CeCl3_and_2.5_wt_CsCl_and_5.0_wt_GdCl3.csv
[Run 845/511994] ✅ Saved: nist_libs_4.5_wt_CeCl3_and_3.0_wt_CsCl_and_0.5_wt_GdCl3.csv
[Run 846/511994] ✅ Saved: nist_libs_4.5_wt_CeCl3_and_3.0_wt_CsCl_and_1.0_wt_GdCl3.csv
[Run 847/511994] ✅ Saved: nist_libs_4.5_wt_CeCl3_and_3.0_wt_CsCl_and_1.5_wt_GdCl3.csv
[Run 848/511994] ✅ Saved: nist_libs_4.5_wt_CeCl3_and_3.0_wt_CsCl_and_2.0_wt_GdCl3.csv
[Run 849/511994] ✅ Saved: nist_libs_4.5_wt_CeCl3_and_3.0_wt_CsCl_and_2.5_wt_GdCl3.csv
[Run 850/511994] ✅ Saved: nist_libs_4.5_wt_CeCl3_and_3.0_wt_CsCl_and_3.0_wt_GdCl3.csv
[Run 851/511994] ✅ Saved: nist_libs_4.5_wt_CeCl3_and_3.0_wt_CsCl_and_3.5_wt_GdCl3.csv
[Run 852/511994] ✅ Saved: nist_libs_4.5_wt_CeCl3_and_3.0_wt_CsCl_and_4.0_wt_GdCl3.csv
[Run 853/511994] ✅ Saved: nist_libs_4.5_wt_CeCl3_and_3.0_wt_CsCl_and_4.5_wt_GdCl3.csv
[Run 854/511994] ✅ Saved: nist_libs_4.5_wt_CeCl3_and_3.0_wt_CsCl_and_5.0_wt_GdCl3.csv
[Run 855/511994] ✅ Saved: nist_libs_4.5_wt_CeCl3_and_3.5_wt_CsCl_and_0.5_wt_GdCl3.csv
[Run 856/511994] ✅ Saved: nist_libs_4.5_wt_CeCl3_and_3.5_wt_CsCl_and_1.0_wt_GdCl3.csv
[Run 857/511994] ✅ Saved: nist_libs_4.5_wt_CeCl3_and_3.5_wt_CsCl_and_1.5_wt_GdCl3.csv
[Run 858/511994] ✅ Saved: nist_libs_4.5_wt_CeCl3_and_3.5_wt_CsCl_and_2.0_wt_GdCl3.csv
[Run 859/511994] ✅ Saved: nist_libs_4.5_wt_CeCl3_and_3.5_wt_CsCl_and_2.5_wt_GdCl3.csv
[Run 861/511994] ✅ Saved: nist_libs_4.5_wt_CeCl3_and_3.5_wt_CsCl_and_3.5_wt_GdCl3.csv
[Run 860/511994] ✅ Saved: nist_libs_4.5_wt_CeCl3_and_3.5_wt_CsCl_and_3.0_wt_GdCl3.csv
[Run 862/511994] ✅ Saved: nist_libs_4.5_wt_CeCl3_and_3.5_wt_CsCl_and_4.0_wt_GdCl3.csv
[Run 863/511994] ✅ Saved: nist_libs_4.5_wt_CeCl3_and_3.5_wt_CsCl_and_4.5_wt_GdCl3.csv
[Run 864/511994] ✅ Saved: nist_libs_4.5_wt_CeCl3_and_3.5_wt_CsCl_and_5.0_wt_GdCl3.csv
[Run 865/511994] ✅ Saved: nist_libs_4.5_wt_CeCl3_and_4.0_wt_CsCl_and_0.5_wt_GdCl3.csv
[Run 866/511994] ✅ Saved: nist_libs_4.5_wt_CeCl3_and_4.0_wt_CsCl_and_1.0_wt_GdCl3.csv
[Run 867/511994] ✅ Saved: nist_libs_4.5_wt_CeCl3_and_4.0_wt_CsCl_and_1.5_wt_GdCl3.csv
[Run 868/511994] ✅ Saved: nist_libs_4.5_wt_CeCl3_and_4.0_wt_CsCl_and_2.0_wt_GdCl3.csv
[Run 870/511994] ✅ Saved: nist_libs_4.5_wt_CeCl3_and_4.0_wt_CsCl_and_3.0_wt_GdCl3.csv
[Run 869/511994] ✅ Saved: nist_libs_4.5_wt_CeCl3_and_4.0_wt_CsCl_and_2.5_wt_GdCl3.csv
[Run 871/511994] ✅ Saved: nist_libs_4.5_wt_CeCl3_and_4.0_wt_CsCl_and_3.5_wt_GdCl3.csv
[Run 872/511994] ✅ Saved: nist_libs_4.5_wt_CeCl3_and_4.0_wt_CsCl_and_4.0_wt_GdCl3.csv
[Run 873/511994] ✅ Saved: nist_libs_4.5_wt_CeCl3_and_4.0_wt_CsCl_and_4.5_wt_GdCl3.csv
[Run 875/511994] ✅ Saved: nist_libs_4.5_wt_CeCl3_and_4.5_wt_CsCl_and_0.5_wt_GdCl3.csv
[Run 874/511994] ✅ Saved: nist_libs_4.5_wt_CeCl3_and_4.0_wt_CsCl_and_5.0_wt_GdCl3.csv
[Run 876/511994] ✅ Saved: nist_libs_4.5_wt_CeCl3_and_4.5_wt_CsCl_and_1.0_wt_GdCl3.csv
[Run 877/511994] ✅ Saved: nist_libs_4.5_wt_CeCl3_and_4.5_wt_CsCl_and_1.5_wt_GdCl3.csv
[Run 878/511994] ✅ Saved: nist_libs_4.5_wt_CeCl3_and_4.5_wt_CsCl_and_2.0_wt_GdCl3.csv
[Run 879/511994] ✅ Saved: nist_libs_4.5_wt_CeCl3_and_4.5_wt_CsCl_and_2.5_wt_GdCl3.csv
[Run 880/511994] ✅ Saved: nist_libs_4.5_wt_CeCl3_and_4.5_wt_CsCl_and_3.0_wt_GdCl3.csv
[Run 881/511994] ✅ Saved: nist_libs_4.5_wt_CeCl3_and_4.5_wt_CsCl_and_3.5_wt_GdCl3.csv
[Run 883/511994] ✅ Saved: nist_libs_4.5_wt_CeCl3_and_4.5_wt_CsCl_and_4.5_wt_GdCl3.csv
[Run 882/511994] ✅ Saved: nist_libs_4.5_wt_CeCl3_and_4.5_wt_CsCl_and_4.0_wt_GdCl3.csv
[Run 884/511994] ✅ Saved: nist_libs_4.5_wt_CeCl3_and_4.5_wt_CsCl_and_5.0_wt_GdCl3.csv
[Run 885/511994] ✅ Saved: nist_libs_4.5_wt_CeCl3_and_5.0_wt_CsCl_and_0.5_wt_GdCl3.csv
[Run 886/511994] ✅ Saved: nist_libs_4.5_wt_CeCl3_and_5.0_wt_CsCl_and_1.0_wt_GdCl3.csv
[Run 887/511994] ✅ Saved: nist_libs_4.5_wt_CeCl3_and_5.0_wt_CsCl_and_1.5_wt_GdCl3.csv
[Run 888/511994] ✅ Saved: nist_libs_4.5_wt_CeCl3_and_5.0_wt_CsCl_and_2.0_wt_GdCl3.csv
[Run 889/511994] ✅ Saved: nist_libs_4.5_wt_CeCl3_and_5.0_wt_CsCl_and_2.5_wt_GdCl3.csv
[Run 890/511994] ✅ Saved: nist_libs_4.5_wt_CeCl3_and_5.0_wt_CsCl_and_3.0_wt_GdCl3.csv
[Run 891/511994] ✅ Saved: nist_libs_4.5_wt_CeCl3_and_5.0_wt_CsCl_and_3.5_wt_GdCl3.csv
[Run 892/511994] ✅ Saved: nist_libs_4.5_wt_CeCl3_and_5.0_wt_CsCl_and_4.0_wt_GdCl3.csv
[Run 893/511994] ✅ Saved: nist_libs_4.5_wt_CeCl3_and_5.0_wt_CsCl_and_4.5_wt_GdCl3.csv
[Run 894/511994] ✅ Saved: nist_libs_4.5_wt_CeCl3_and_5.0_wt_CsCl_and_5.0_wt_GdCl3.csv
[Run 895/511994] ✅ Saved: nist_libs_5.0_wt_CeCl3_and_0.5_wt_CsCl_and_0.5_wt_GdCl3.csv
[Run 896/511994] ✅ Saved: nist_libs_5.0_wt_CeCl3_and_0.5_wt_CsCl_and_1.0_wt_GdCl3.csv
[Run 897/511994] ✅ Saved: nist_libs_5.0_wt_CeCl3_and_0.5_wt_CsCl_and_1.5_wt_GdCl3.csv
[Run 898/511994] ✅ Saved: nist_libs_5.0_wt_CeCl3_and_0.5_wt_CsCl_and_2.0_wt_GdCl3.csv
[Run 899/511994] ✅ Saved: nist_libs_5.0_wt_CeCl3_and_0.5_wt_CsCl_and_2.5_wt_GdCl3.csv
[Run 900/511994] ✅ Saved: nist_libs_5.0_wt_CeCl3_and_0.5_wt_CsCl_and_3.0_wt_GdCl3.csv
[Run 901/511994] ✅ Saved: nist_libs_5.0_wt_CeCl3_and_0.5_wt_CsCl_and_3.5_wt_GdCl3.csv
[Run 902/511994] ✅ Saved: nist_libs_5.0_wt_CeCl3_and_0.5_wt_CsCl_and_4.0_wt_GdCl3.csv
[Run 903/511994] ✅ Saved: nist_libs_5.0_wt_CeCl3_and_0.5_wt_CsCl_and_4.5_wt_GdCl3.csv
[Run 904/511994] ✅ Saved: nist_libs_5.0_wt_CeCl3_and_0.5_wt_CsCl_and_5.0_wt_GdCl3.csv
[Run 905/511994] ✅ Saved: nist_libs_5.0_wt_CeCl3_and_1.0_wt_CsCl_and_0.5_wt_GdCl3.csv
[Run 906/511994] ✅ Saved: nist_libs_5.0_wt_CeCl3_and_1.0_wt_CsCl_and_1.0_wt_GdCl3.csv
[Run 907/511994] ✅ Saved: nist_libs_5.0_wt_CeCl3_and_1.0_wt_CsCl_and_1.5_wt_GdCl3.csv
[Run 908/511994] ✅ Saved: nist_libs_5.0_wt_CeCl3_and_1.0_wt_CsCl_and_2.0_wt_GdCl3.csv
[Run 909/511994] ✅ Saved: nist_libs_5.0_wt_CeCl3_and_1.0_wt_CsCl_and_2.5_wt_GdCl3.csv
[Run 910/511994] ✅ Saved: nist_libs_5.0_wt_CeCl3_and_1.0_wt_CsCl_and_3.0_wt_GdCl3.csv
[Run 911/511994] ✅ Saved: nist_libs_5.0_wt_CeCl3_and_1.0_wt_CsCl_and_3.5_wt_GdCl3.csv
[Run 912/511994] ✅ Saved: nist_libs_5.0_wt_CeCl3_and_1.0_wt_CsCl_and_4.0_wt_GdCl3.csv
[Run 913/511994] ✅ Saved: nist_libs_5.0_wt_CeCl3_and_1.0_wt_CsCl_and_4.5_wt_GdCl3.csv
[Run 914/511994] ✅ Saved: nist_libs_5.0_wt_CeCl3_and_1.0_wt_CsCl_and_5.0_wt_GdCl3.csv
[Run 915/511994] ✅ Saved: nist_libs_5.0_wt_CeCl3_and_1.5_wt_CsCl_and_0.5_wt_GdCl3.csv
[Run 916/511994] ✅ Saved: nist_libs_5.0_wt_CeCl3_and_1.5_wt_CsCl_and_1.0_wt_GdCl3.csv
[Run 917/511994] ✅ Saved: nist_libs_5.0_wt_CeCl3_and_1.5_wt_CsCl_and_1.5_wt_GdCl3.csv
[Run 918/511994] ✅ Saved: nist_libs_5.0_wt_CeCl3_and_1.5_wt_CsCl_and_2.0_wt_GdCl3.csv
[Run 919/511994] ✅ Saved: nist_libs_5.0_wt_CeCl3_and_1.5_wt_CsCl_and_2.5_wt_GdCl3.csv
[Run 920/511994] ✅ Saved: nist_libs_5.0_wt_CeCl3_and_1.5_wt_CsCl_and_3.0_wt_GdCl3.csv
[Run 921/511994] ✅ Saved: nist_libs_5.0_wt_CeCl3_and_1.5_wt_CsCl_and_3.5_wt_GdCl3.csv
[Run 922/511994] ✅ Saved: nist_libs_5.0_wt_CeCl3_and_1.5_wt_CsCl_and_4.0_wt_GdCl3.csv
[Run 923/511994] ✅ Saved: nist_libs_5.0_wt_CeCl3_and_1.5_wt_CsCl_and_4.5_wt_GdCl3.csv
[Run 924/511994] ✅ Saved: nist_libs_5.0_wt_CeCl3_and_1.5_wt_CsCl_and_5.0_wt_GdCl3.csv
[Run 925/511994] ✅ Saved: nist_libs_5.0_wt_CeCl3_and_2.0_wt_CsCl_and_0.5_wt_GdCl3.csv
[Run 926/511994] ✅ Saved: nist_libs_5.0_wt_CeCl3_and_2.0_wt_CsCl_and_1.0_wt_GdCl3.csv
[Run 927/511994] ✅ Saved: nist_libs_5.0_wt_CeCl3_and_2.0_wt_CsCl_and_1.5_wt_GdCl3.csv
[Run 928/511994] ✅ Saved: nist_libs_5.0_wt_CeCl3_and_2.0_wt_CsCl_and_2.0_wt_GdCl3.csv
[Run 929/511994] ✅ Saved: nist_libs_5.0_wt_CeCl3_and_2.0_wt_CsCl_and_2.5_wt_GdCl3.csv
[Run 930/511994] ✅ Saved: nist_libs_5.0_wt_CeCl3_and_2.0_wt_CsCl_and_3.0_wt_GdCl3.csv
[Run 931/511994] ✅ Saved: nist_libs_5.0_wt_CeCl3_and_2.0_wt_CsCl_and_3.5_wt_GdCl3.csv
[Run 932/511994] ✅ Saved: nist_libs_5.0_wt_CeCl3_and_2.0_wt_CsCl_and_4.0_wt_GdCl3.csv
[Run 933/511994] ✅ Saved: nist_libs_5.0_wt_CeCl3_and_2.0_wt_CsCl_and_4.5_wt_GdCl3.csv
[Run 934/511994] ✅ Saved: nist_libs_5.0_wt_CeCl3_and_2.0_wt_CsCl_and_5.0_wt_GdCl3.csv
[Run 935/511994] ✅ Saved: nist_libs_5.0_wt_CeCl3_and_2.5_wt_CsCl_and_0.5_wt_GdCl3.csv
[Run 936/511994] ✅ Saved: nist_libs_5.0_wt_CeCl3_and_2.5_wt_CsCl_and_1.0_wt_GdCl3.csv
[Run 937/511994] ✅ Saved: nist_libs_5.0_wt_CeCl3_and_2.5_wt_CsCl_and_1.5_wt_GdCl3.csv
[Run 938/511994] ✅ Saved: nist_libs_5.0_wt_CeCl3_and_2.5_wt_CsCl_and_2.0_wt_GdCl3.csv
[Run 939/511994] ✅ Saved: nist_libs_5.0_wt_CeCl3_and_2.5_wt_CsCl_and_2.5_wt_GdCl3.csv
[Run 940/511994] ✅ Saved: nist_libs_5.0_wt_CeCl3_and_2.5_wt_CsCl_and_3.0_wt_GdCl3.csv
[Run 941/511994] ✅ Saved: nist_libs_5.0_wt_CeCl3_and_2.5_wt_CsCl_and_3.5_wt_GdCl3.csv
[Run 942/511994] ✅ Saved: nist_libs_5.0_wt_CeCl3_and_2.5_wt_CsCl_and_4.0_wt_GdCl3.csv
[Run 943/511994] ✅ Saved: nist_libs_5.0_wt_CeCl3_and_2.5_wt_CsCl_and_4.5_wt_GdCl3.csv
[Run 944/511994] ✅ Saved: nist_libs_5.0_wt_CeCl3_and_2.5_wt_CsCl_and_5.0_wt_GdCl3.csv
[Run 945/511994] ✅ Saved: nist_libs_5.0_wt_CeCl3_and_3.0_wt_CsCl_and_0.5_wt_GdCl3.csv
[Run 946/511994] ✅ Saved: nist_libs_5.0_wt_CeCl3_and_3.0_wt_CsCl_and_1.0_wt_GdCl3.csv
[Run 947/511994] ✅ Saved: nist_libs_5.0_wt_CeCl3_and_3.0_wt_CsCl_and_1.5_wt_GdCl3.csv
[Run 948/511994] ✅ Saved: nist_libs_5.0_wt_CeCl3_and_3.0_wt_CsCl_and_2.0_wt_GdCl3.csv
[Run 949/511994] ✅ Saved: nist_libs_5.0_wt_CeCl3_and_3.0_wt_CsCl_and_2.5_wt_GdCl3.csv
[Run 950/511994] ✅ Saved: nist_libs_5.0_wt_CeCl3_and_3.0_wt_CsCl_and_3.0_wt_GdCl3.csv
[Run 951/511994] ✅ Saved: nist_libs_5.0_wt_CeCl3_and_3.0_wt_CsCl_and_3.5_wt_GdCl3.csv
[Run 953/511994] ✅ Saved: nist_libs_5.0_wt_CeCl3_and_3.0_wt_CsCl_and_4.5_wt_GdCl3.csv
[Run 952/511994] ✅ Saved: nist_libs_5.0_wt_CeCl3_and_3.0_wt_CsCl_and_4.0_wt_GdCl3.csv
[Run 954/511994] ✅ Saved: nist_libs_5.0_wt_CeCl3_and_3.0_wt_CsCl_and_5.0_wt_GdCl3.csv
[Run 955/511994] ✅ Saved: nist_libs_5.0_wt_CeCl3_and_3.5_wt_CsCl_and_0.5_wt_GdCl3.csv
[Run 956/511994] ✅ Saved: nist_libs_5.0_wt_CeCl3_and_3.5_wt_CsCl_and_1.0_wt_GdCl3.csv
[Run 957/511994] ✅ Saved: nist_libs_5.0_wt_CeCl3_and_3.5_wt_CsCl_and_1.5_wt_GdCl3.csv
[Run 958/511994] ✅ Saved: nist_libs_5.0_wt_CeCl3_and_3.5_wt_CsCl_and_2.0_wt_GdCl3.csv
[Run 959/511994] ✅ Saved: nist_libs_5.0_wt_CeCl3_and_3.5_wt_CsCl_and_2.5_wt_GdCl3.csv
[Run 960/511994] ✅ Saved: nist_libs_5.0_wt_CeCl3_and_3.5_wt_CsCl_and_3.0_wt_GdCl3.csv
[Run 961/511994] ✅ Saved: nist_libs_5.0_wt_CeCl3_and_3.5_wt_CsCl_and_3.5_wt_GdCl3.csv
[Run 962/511994] ✅ Saved: nist_libs_5.0_wt_CeCl3_and_3.5_wt_CsCl_and_4.0_wt_GdCl3.csv
[Run 963/511994] ✅ Saved: nist_libs_5.0_wt_CeCl3_and_3.5_wt_CsCl_and_4.5_wt_GdCl3.csv
[Run 964/511994] ✅ Saved: nist_libs_5.0_wt_CeCl3_and_3.5_wt_CsCl_and_5.0_wt_GdCl3.csv
[Run 966/511994] ✅ Saved: nist_libs_5.0_wt_CeCl3_and_4.0_wt_CsCl_and_1.0_wt_GdCl3.csv
[Run 965/511994] ✅ Saved: nist_libs_5.0_wt_CeCl3_and_4.0_wt_CsCl_and_0.5_wt_GdCl3.csv
[Run 967/511994] ✅ Saved: nist_libs_5.0_wt_CeCl3_and_4.0_wt_CsCl_and_1.5_wt_GdCl3.csv
[Run 968/511994] ✅ Saved: nist_libs_5.0_wt_CeCl3_and_4.0_wt_CsCl_and_2.0_wt_GdCl3.csv
[Run 969/511994] ✅ Saved: nist_libs_5.0_wt_CeCl3_and_4.0_wt_CsCl_and_2.5_wt_GdCl3.csv
[Run 971/511994] ✅ Saved: nist_libs_5.0_wt_CeCl3_and_4.0_wt_CsCl_and_3.5_wt_GdCl3.csv
[Run 970/511994] ✅ Saved: nist_libs_5.0_wt_CeCl3_and_4.0_wt_CsCl_and_3.0_wt_GdCl3.csv
[Run 972/511994] ✅ Saved: nist_libs_5.0_wt_CeCl3_and_4.0_wt_CsCl_and_4.0_wt_GdCl3.csv
[Run 975/511994] ✅ Saved: nist_libs_5.0_wt_CeCl3_and_4.5_wt_CsCl_and_0.5_wt_GdCl3.csv
[Run 973/511994] ✅ Saved: nist_libs_5.0_wt_CeCl3_and_4.0_wt_CsCl_and_4.5_wt_GdCl3.csv
[Run 974/511994] ✅ Saved: nist_libs_5.0_wt_CeCl3_and_4.0_wt_CsCl_and_5.0_wt_GdCl3.csv
[Run 976/511994] ✅ Saved: nist_libs_5.0_wt_CeCl3_and_4.5_wt_CsCl_and_1.0_wt_GdCl3.csv
[Run 977/511994] ✅ Saved: nist_libs_5.0_wt_CeCl3_and_4.5_wt_CsCl_and_1.5_wt_GdCl3.csv
[Run 978/511994] ✅ Saved: nist_libs_5.0_wt_CeCl3_and_4.5_wt_CsCl_and_2.0_wt_GdCl3.csv
[Run 979/511994] ✅ Saved: nist_libs_5.0_wt_CeCl3_and_4.5_wt_CsCl_and_2.5_wt_GdCl3.csv
[Run 980/511994] ✅ Saved: nist_libs_5.0_wt_CeCl3_and_4.5_wt_CsCl_and_3.0_wt_GdCl3.csv
[Run 981/511994] ✅ Saved: nist_libs_5.0_wt_CeCl3_and_4.5_wt_CsCl_and_3.5_wt_GdCl3.csv
[Run 983/511994] ✅ Saved: nist_libs_5.0_wt_CeCl3_and_4.5_wt_CsCl_and_4.5_wt_GdCl3.csv
[Run 982/511994] ✅ Saved: nist_libs_5.0_wt_CeCl3_and_4.5_wt_CsCl_and_4.0_wt_GdCl3.csv
[Run 984/511994] ✅ Saved: nist_libs_5.0_wt_CeCl3_and_4.5_wt_CsCl_and_5.0_wt_GdCl3.csv
[Run 985/511994] ✅ Saved: nist_libs_5.0_wt_CeCl3_and_5.0_wt_CsCl_and_0.5_wt_GdCl3.csv
[Run 986/511994] ✅ Saved: nist_libs_5.0_wt_CeCl3_and_5.0_wt_CsCl_and_1.0_wt_GdCl3.csv
[Run 987/511994] ✅ Saved: nist_libs_5.0_wt_CeCl3_and_5.0_wt_CsCl_and_1.5_wt_GdCl3.csv
[Run 988/511994] ✅ Saved: nist_libs_5.0_wt_CeCl3_and_5.0_wt_CsCl_and_2.0_wt_GdCl3.csv
[Run 989/511994] ✅ Saved: nist_libs_5.0_wt_CeCl3_and_5.0_wt_CsCl_and_2.5_wt_GdCl3.csv
[Run 990/511994] ✅ Saved: nist_libs_5.0_wt_CeCl3_and_5.0_wt_CsCl_and_3.0_wt_GdCl3.csv
[Run 991/511994] ✅ Saved: nist_libs_5.0_wt_CeCl3_and_5.0_wt_CsCl_and_3.5_wt_GdCl3.csv
[Run 992/511994] ✅ Saved: nist_libs_5.0_wt_CeCl3_and_5.0_wt_CsCl_and_4.0_wt_GdCl3.csv
[Run 993/511994] ✅ Saved: nist_libs_5.0_wt_CeCl3_and_5.0_wt_CsCl_and_4.5_wt_GdCl3.csv
[Run 994/511994] ✅ Saved: nist_libs_5.0_wt_CeCl3_and_5.0_wt_CsCl_and_5.0_wt_GdCl3.csv
[Run 995/511994] ✅ Saved: nist_libs_0.5_wt_CeCl3_and_0.5_wt_CsCl_and_0.5_wt_MgCl2.csv
[Run 996/511994] ✅ Saved: nist_libs_0.5_wt_CeCl3_and_0.5_wt_CsCl_and_1.0_wt_MgCl2.csv
[Run 997/511994] ✅ Saved: nist_libs_0.5_wt_CeCl3_and_0.5_wt_CsCl_and_1.5_wt_MgCl2.csv
[Run 998/511994] ✅ Saved: nist_libs_0.5_wt_CeCl3_and_0.5_wt_CsCl_and_2.0_wt_MgCl2.csv
[Run 999/511994] ✅ Saved: nist_libs_0.5_wt_CeCl3_and_0.5_wt_CsCl_and_2.5_wt_MgCl2.csv
[Run 1000/511994] ✅ Saved: nist_libs_0.5_wt_CeCl3_and_0.5_wt_CsCl_and_3.0_wt_MgCl2.csv
📦 Packaging batch 1 (1000 CSVs) -> nist_libs_batch_0001.zip...
[Run 1001/511994] ✅ Saved: nist_libs_0.5_wt_CeCl3_and_0.5_wt_CsCl_and_3.5_wt_MgCl2.csv
[Run 1002/511994] ✅ Saved: nist_libs_0.5_wt_CeCl3_and_0.5_wt_CsCl_and_4.0_wt_MgCl2.csv
[Run 1003/511994] ✅ Saved: nist_libs_0.5_wt_CeCl3_and_0.5_wt_CsCl_and_4.5_wt_MgCl2.csv
[Run 1004/511994] ✅ Saved: nist_libs_0.5_wt_CeCl3_and_0.5_wt_CsCl_and_5.0_wt_MgCl2.csv
[Run 1005/511994] ✅ Saved: nist_libs_0.5_wt_CeCl3_and_1.0_wt_CsCl_and_0.5_wt_MgCl2.csv
[Run 1006/511994] ✅ Saved: nist_libs_0.5_wt_CeCl3_and_1.0_wt_CsCl_and_1.0_wt_MgCl2.csv
[Run 1007/511994] ✅ Saved: nist_libs_0.5_wt_CeCl3_and_1.0_wt_CsCl_and_1.5_wt_MgCl2.csv
[Run 1008/511994] ✅ Saved: nist_libs_0.5_wt_CeCl3_and_1.0_wt_CsCl_and_2.0_wt_MgCl2.csv
[Run 1009/511994] ✅ Saved: nist_libs_0.5_wt_CeCl3_and_1.0_wt_CsCl_and_2.5_wt_MgCl2.csv
[Run 1010/511994] ✅ Saved: nist_libs_0.5_wt_CeCl3_and_1.0_wt_CsCl_and_3.0_wt_MgCl2.csv
[Run 1011/511994] ✅ Saved: nist_libs_0.5_wt_CeCl3_and_1.0_wt_CsCl_and_3.5_wt_MgCl2.csv
[Run 1013/511994] ✅ Saved: nist_libs_0.5_wt_CeCl3_and_1.0_wt_CsCl_and_4.5_wt_MgCl2.csv
[Run 1012/511994] ✅ Saved: nist_libs_0.5_wt_CeCl3_and_1.0_wt_CsCl_and_4.0_wt_MgCl2.csv
[Run 1014/511994] ✅ Saved: nist_libs_0.5_wt_CeCl3_and_1.0_wt_CsCl_and_5.0_wt_MgCl2.csv
[Run 1015/511994] ✅ Saved: nist_libs_0.5_wt_CeCl3_and_1.5_wt_CsCl_and_0.5_wt_MgCl2.csv
[Run 1016/511994] ✅ Saved: nist_libs_0.5_wt_CeCl3_and_1.5_wt_CsCl_and_1.0_wt_MgCl2.csv
[Run 1017/511994] ✅ Saved: nist_libs_0.5_wt_CeCl3_and_1.5_wt_CsCl_and_1.5_wt_MgCl2.csv
[Run 1018/511994] ✅ Saved: nist_libs_0.5_wt_CeCl3_and_1.5_wt_CsCl_and_2.0_wt_MgCl2.csv
[Run 1019/511994] ✅ Saved: nist_libs_0.5_wt_CeCl3_and_1.5_wt_CsCl_and_2.5_wt_MgCl2.csv
[Run 1020/511994] ✅ Saved: nist_libs_0.5_wt_CeCl3_and_1.5_wt_CsCl_and_3.0_wt_MgCl2.csv
[Run 1021/511994] ✅ Saved: nist_libs_0.5_wt_CeCl3_and_1.5_wt_CsCl_and_3.5_wt_MgCl2.csv
[Run 1022/511994] ✅ Saved: nist_libs_0.5_wt_CeCl3_and_1.5_wt_CsCl_and_4.0_wt_MgCl2.csv
[Run 1023/511994] ✅ Saved: nist_libs_0.5_wt_CeCl3_and_1.5_wt_CsCl_and_4.5_wt_MgCl2.csv
[Run 1024/511994] ✅ Saved: nist_libs_0.5_wt_CeCl3_and_1.5_wt_CsCl_and_5.0_wt_MgCl2.csv
[Run 1025/511994] ✅ Saved: nist_libs_0.5_wt_CeCl3_and_2.0_wt_CsCl_and_0.5_wt_MgCl2.csv
[Run 1026/511994] ✅ Saved: nist_libs_0.5_wt_CeCl3_and_2.0_wt_CsCl_and_1.0_wt_MgCl2.csv
[Run 1027/511994] ✅ Saved: nist_libs_0.5_wt_CeCl3_and_2.0_wt_CsCl_and_1.5_wt_MgCl2.csv
[Run 1028/511994] ✅ Saved: nist_libs_0.5_wt_CeCl3_and_2.0_wt_CsCl_and_2.0_wt_MgCl2.csv
[Run 1029/511994] ✅ Saved: nist_libs_0.5_wt_CeCl3_and_2.0_wt_CsCl_and_2.5_wt_MgCl2.csv
[Run 1030/511994] ✅ Saved: nist_libs_0.5_wt_CeCl3_and_2.0_wt_CsCl_and_3.0_wt_MgCl2.csv
[Run 1031/511994] ✅ Saved: nist_libs_0.5_wt_CeCl3_and_2.0_wt_CsCl_and_3.5_wt_MgCl2.csv
[Run 1032/511994] ✅ Saved: nist_libs_0.5_wt_CeCl3_and_2.0_wt_CsCl_and_4.0_wt_MgCl2.csv
[Run 1033/511994] ✅ Saved: nist_libs_0.5_wt_CeCl3_and_2.0_wt_CsCl_and_4.5_wt_MgCl2.csv
[Run 1034/511994] ✅ Saved: nist_libs_0.5_wt_CeCl3_and_2.0_wt_CsCl_and_5.0_wt_MgCl2.csv
[Run 1035/511994] ✅ Saved: nist_libs_0.5_wt_CeCl3_and_2.5_wt_CsCl_and_0.5_wt_MgCl2.csv
[Run 1036/511994] ✅ Saved: nist_libs_0.5_wt_CeCl3_and_2.5_wt_CsCl_and_1.0_wt_MgCl2.csv
[Run 1037/511994] ✅ Saved: nist_libs_0.5_wt_CeCl3_and_2.5_wt_CsCl_and_1.5_wt_MgCl2.csv
[Run 1038/511994] ✅ Saved: nist_libs_0.5_wt_CeCl3_and_2.5_wt_CsCl_and_2.0_wt_MgCl2.csv
[Run 1039/511994] ✅ Saved: nist_libs_0.5_wt_CeCl3_and_2.5_wt_CsCl_and_2.5_wt_MgCl2.csv
[Run 1040/511994] ✅ Saved: nist_libs_0.5_wt_CeCl3_and_2.5_wt_CsCl_and_3.0_wt_MgCl2.csv
[Run 1041/511994] ✅ Saved: nist_libs_0.5_wt_CeCl3_and_2.5_wt_CsCl_and_3.5_wt_MgCl2.csv
[Run 1042/511994] ✅ Saved: nist_libs_0.5_wt_CeCl3_and_2.5_wt_CsCl_and_4.0_wt_MgCl2.csv
[Run 1043/511994] ✅ Saved: nist_libs_0.5_wt_CeCl3_and_2.5_wt_CsCl_and_4.5_wt_MgCl2.csv
[Run 1044/511994] ✅ Saved: nist_libs_0.5_wt_CeCl3_and_2.5_wt_CsCl_and_5.0_wt_MgCl2.csv
[Run 1045/511994] ✅ Saved: nist_libs_0.5_wt_CeCl3_and_3.0_wt_CsCl_and_0.5_wt_MgCl2.csv
[Run 1046/511994] ✅ Saved: nist_libs_0.5_wt_CeCl3_and_3.0_wt_CsCl_and_1.0_wt_MgCl2.csv
[Run 1047/511994] ✅ Saved: nist_libs_0.5_wt_CeCl3_and_3.0_wt_CsCl_and_1.5_wt_MgCl2.csv
[Run 1048/511994] ✅ Saved: nist_libs_0.5_wt_CeCl3_and_3.0_wt_CsCl_and_2.0_wt_MgCl2.csv
[Run 1049/511994] ✅ Saved: nist_libs_0.5_wt_CeCl3_and_3.0_wt_CsCl_and_2.5_wt_MgCl2.csv
[Run 1050/511994] ✅ Saved: nist_libs_0.5_wt_CeCl3_and_3.0_wt_CsCl_and_3.0_wt_MgCl2.csv
[Run 1051/511994] ✅ Saved: nist_libs_0.5_wt_CeCl3_and_3.0_wt_CsCl_and_3.5_wt_MgCl2.csv
[Run 1052/511994] ✅ Saved: nist_libs_0.5_wt_CeCl3_and_3.0_wt_CsCl_and_4.0_wt_MgCl2.csv
[Run 1053/511994] ✅ Saved: nist_libs_0.5_wt_CeCl3_and_3.0_wt_CsCl_and_4.5_wt_MgCl2.csv
[Run 1055/511994] ✅ Saved: nist_libs_0.5_wt_CeCl3_and_3.5_wt_CsCl_and_0.5_wt_MgCl2.csv
[Run 1056/511994] ✅ Saved: nist_libs_0.5_wt_CeCl3_and_3.5_wt_CsCl_and_1.0_wt_MgCl2.csv
[Run 1054/511994] ✅ Saved: nist_libs_0.5_wt_CeCl3_and_3.0_wt_CsCl_and_5.0_wt_MgCl2.csv
[Run 1057/511994] ✅ Saved: nist_libs_0.5_wt_CeCl3_and_3.5_wt_CsCl_and_1.5_wt_MgCl2.csv
[Run 1058/511994] ✅ Saved: nist_libs_0.5_wt_CeCl3_and_3.5_wt_CsCl_and_2.0_wt_MgCl2.csv
[Run 1059/511994] ✅ Saved: nist_libs_0.5_wt_CeCl3_and_3.5_wt_CsCl_and_2.5_wt_MgCl2.csv
[Run 1060/511994] ✅ Saved: nist_libs_0.5_wt_CeCl3_and_3.5_wt_CsCl_and_3.0_wt_MgCl2.csv
[Run 1061/511994] ✅ Saved: nist_libs_0.5_wt_CeCl3_and_3.5_wt_CsCl_and_3.5_wt_MgCl2.csv
[Run 1062/511994] ✅ Saved: nist_libs_0.5_wt_CeCl3_and_3.5_wt_CsCl_and_4.0_wt_MgCl2.csv
[Run 1063/511994] ✅ Saved: nist_libs_0.5_wt_CeCl3_and_3.5_wt_CsCl_and_4.5_wt_MgCl2.csv
[Run 1064/511994] ✅ Saved: nist_libs_0.5_wt_CeCl3_and_3.5_wt_CsCl_and_5.0_wt_MgCl2.csv
[Run 1065/511994] ✅ Saved: nist_libs_0.5_wt_CeCl3_and_4.0_wt_CsCl_and_0.5_wt_MgCl2.csv
[Run 1066/511994] ✅ Saved: nist_libs_0.5_wt_CeCl3_and_4.0_wt_CsCl_and_1.0_wt_MgCl2.csv
[Run 1067/511994] ✅ Saved: nist_libs_0.5_wt_CeCl3_and_4.0_wt_CsCl_and_1.5_wt_MgCl2.csv
[Run 1068/511994] ✅ Saved: nist_libs_0.5_wt_CeCl3_and_4.0_wt_CsCl_and_2.0_wt_MgCl2.csv
[Run 1069/511994] ✅ Saved: nist_libs_0.5_wt_CeCl3_and_4.0_wt_CsCl_and_2.5_wt_MgCl2.csv
[Run 1070/511994] ✅ Saved: nist_libs_0.5_wt_CeCl3_and_4.0_wt_CsCl_and_3.0_wt_MgCl2.csv
[Run 1072/511994] ✅ Saved: nist_libs_0.5_wt_CeCl3_and_4.0_wt_CsCl_and_4.0_wt_MgCl2.csv
[Run 1071/511994] ✅ Saved: nist_libs_0.5_wt_CeCl3_and_4.0_wt_CsCl_and_3.5_wt_MgCl2.csv
[Run 1073/511994] ✅ Saved: nist_libs_0.5_wt_CeCl3_and_4.0_wt_CsCl_and_4.5_wt_MgCl2.csv
[Run 1074/511994] ✅ Saved: nist_libs_0.5_wt_CeCl3_and_4.0_wt_CsCl_and_5.0_wt_MgCl2.csv
[Run 1075/511994] ✅ Saved: nist_libs_0.5_wt_CeCl3_and_4.5_wt_CsCl_and_0.5_wt_MgCl2.csv
[Run 1076/511994] ✅ Saved: nist_libs_0.5_wt_CeCl3_and_4.5_wt_CsCl_and_1.0_wt_MgCl2.csv
[Run 1077/511994] ✅ Saved: nist_libs_0.5_wt_CeCl3_and_4.5_wt_CsCl_and_1.5_wt_MgCl2.csv
[Run 1078/511994] ✅ Saved: nist_libs_0.5_wt_CeCl3_and_4.5_wt_CsCl_and_2.0_wt_MgCl2.csv
[Run 1079/511994] ✅ Saved: nist_libs_0.5_wt_CeCl3_and_4.5_wt_CsCl_and_2.5_wt_MgCl2.csv
[Run 1080/511994] ✅ Saved: nist_libs_0.5_wt_CeCl3_and_4.5_wt_CsCl_and_3.0_wt_MgCl2.csv
[Run 1081/511994] ✅ Saved: nist_libs_0.5_wt_CeCl3_and_4.5_wt_CsCl_and_3.5_wt_MgCl2.csv
[Run 1082/511994] ✅ Saved: nist_libs_0.5_wt_CeCl3_and_4.5_wt_CsCl_and_4.0_wt_MgCl2.csv
[Run 1083/511994] ✅ Saved: nist_libs_0.5_wt_CeCl3_and_4.5_wt_CsCl_and_4.5_wt_MgCl2.csv
[Run 1085/511994] ✅ Saved: nist_libs_0.5_wt_CeCl3_and_5.0_wt_CsCl_and_0.5_wt_MgCl2.csv
[Run 1084/511994] ✅ Saved: nist_libs_0.5_wt_CeCl3_and_4.5_wt_CsCl_and_5.0_wt_MgCl2.csv
[Run 1086/511994] ✅ Saved: nist_libs_0.5_wt_CeCl3_and_5.0_wt_CsCl_and_1.0_wt_MgCl2.csv
[Run 1087/511994] ✅ Saved: nist_libs_0.5_wt_CeCl3_and_5.0_wt_CsCl_and_1.5_wt_MgCl2.csv
[Run 1088/511994] ✅ Saved: nist_libs_0.5_wt_CeCl3_and_5.0_wt_CsCl_and_2.0_wt_MgCl2.csv
[Run 1089/511994] ✅ Saved: nist_libs_0.5_wt_CeCl3_and_5.0_wt_CsCl_and_2.5_wt_MgCl2.csv
[Run 1091/511994] ✅ Saved: nist_libs_0.5_wt_CeCl3_and_5.0_wt_CsCl_and_3.5_wt_MgCl2.csv
[Run 1090/511994] ✅ Saved: nist_libs_0.5_wt_CeCl3_and_5.0_wt_CsCl_and_3.0_wt_MgCl2.csv
[Run 1092/511994] ✅ Saved: nist_libs_0.5_wt_CeCl3_and_5.0_wt_CsCl_and_4.0_wt_MgCl2.csv
[Run 1093/511994] ✅ Saved: nist_libs_0.5_wt_CeCl3_and_5.0_wt_CsCl_and_4.5_wt_MgCl2.csv
[Run 1094/511994] ✅ Saved: nist_libs_0.5_wt_CeCl3_and_5.0_wt_CsCl_and_5.0_wt_MgCl2.csv
[Run 1095/511994] ✅ Saved: nist_libs_1.0_wt_CeCl3_and_0.5_wt_CsCl_and_0.5_wt_MgCl2.csv
[Run 1096/511994] ✅ Saved: nist_libs_1.0_wt_CeCl3_and_0.5_wt_CsCl_and_1.0_wt_MgCl2.csv
[Run 1097/511994] ✅ Saved: nist_libs_1.0_wt_CeCl3_and_0.5_wt_CsCl_and_1.5_wt_MgCl2.csv
[Run 1098/511994] ✅ Saved: nist_libs_1.0_wt_CeCl3_and_0.5_wt_CsCl_and_2.0_wt_MgCl2.csv
[Run 1099/511994] ✅ Saved: nist_libs_1.0_wt_CeCl3_and_0.5_wt_CsCl_and_2.5_wt_MgCl2.csv
[Run 1100/511994] ✅ Saved: nist_libs_1.0_wt_CeCl3_and_0.5_wt_CsCl_and_3.0_wt_MgCl2.csv
[Run 1101/511994] ✅ Saved: nist_libs_1.0_wt_CeCl3_and_0.5_wt_CsCl_and_3.5_wt_MgCl2.csv
[Run 1102/511994] ✅ Saved: nist_libs_1.0_wt_CeCl3_and_0.5_wt_CsCl_and_4.0_wt_MgCl2.csv
[Run 1103/511994] ✅ Saved: nist_libs_1.0_wt_CeCl3_and_0.5_wt_CsCl_and_4.5_wt_MgCl2.csv
[Run 1104/511994] ✅ Saved: nist_libs_1.0_wt_CeCl3_and_0.5_wt_CsCl_and_5.0_wt_MgCl2.csv
[Run 1105/511994] ✅ Saved: nist_libs_1.0_wt_CeCl3_and_1.0_wt_CsCl_and_0.5_wt_MgCl2.csv
[Run 1106/511994] ✅ Saved: nist_libs_1.0_wt_CeCl3_and_1.0_wt_CsCl_and_1.0_wt_MgCl2.csv
[Run 1107/511994] ✅ Saved: nist_libs_1.0_wt_CeCl3_and_1.0_wt_CsCl_and_1.5_wt_MgCl2.csv
[Run 1108/511994] ✅ Saved: nist_libs_1.0_wt_CeCl3_and_1.0_wt_CsCl_and_2.0_wt_MgCl2.csv
[Run 1109/511994] ✅ Saved: nist_libs_1.0_wt_CeCl3_and_1.0_wt_CsCl_and_2.5_wt_MgCl2.csv
[Run 1110/511994] ✅ Saved: nist_libs_1.0_wt_CeCl3_and_1.0_wt_CsCl_and_3.0_wt_MgCl2.csv
[Run 1111/511994] ✅ Saved: nist_libs_1.0_wt_CeCl3_and_1.0_wt_CsCl_and_3.5_wt_MgCl2.csv
[Run 1112/511994] ✅ Saved: nist_libs_1.0_wt_CeCl3_and_1.0_wt_CsCl_and_4.0_wt_MgCl2.csv
[Run 1113/511994] ✅ Saved: nist_libs_1.0_wt_CeCl3_and_1.0_wt_CsCl_and_4.5_wt_MgCl2.csv
[Run 1114/511994] ✅ Saved: nist_libs_1.0_wt_CeCl3_and_1.0_wt_CsCl_and_5.0_wt_MgCl2.csv
[Run 1115/511994] ✅ Saved: nist_libs_1.0_wt_CeCl3_and_1.5_wt_CsCl_and_0.5_wt_MgCl2.csv
[Run 1117/511994] ✅ Saved: nist_libs_1.0_wt_CeCl3_and_1.5_wt_CsCl_and_1.5_wt_MgCl2.csv
[Run 1116/511994] ✅ Saved: nist_libs_1.0_wt_CeCl3_and_1.5_wt_CsCl_and_1.0_wt_MgCl2.csv
[Run 1118/511994] ✅ Saved: nist_libs_1.0_wt_CeCl3_and_1.5_wt_CsCl_and_2.0_wt_MgCl2.csv
[Run 1119/511994] ✅ Saved: nist_libs_1.0_wt_CeCl3_and_1.5_wt_CsCl_and_2.5_wt_MgCl2.csv
[Run 1120/511994] ✅ Saved: nist_libs_1.0_wt_CeCl3_and_1.5_wt_CsCl_and_3.0_wt_MgCl2.csv
[Run 1121/511994] ✅ Saved: nist_libs_1.0_wt_CeCl3_and_1.5_wt_CsCl_and_3.5_wt_MgCl2.csv
[Run 1122/511994] ✅ Saved: nist_libs_1.0_wt_CeCl3_and_1.5_wt_CsCl_and_4.0_wt_MgCl2.csv
[Run 1123/511994] ✅ Saved: nist_libs_1.0_wt_CeCl3_and_1.5_wt_CsCl_and_4.5_wt_MgCl2.csv
[Run 1124/511994] ✅ Saved: nist_libs_1.0_wt_CeCl3_and_1.5_wt_CsCl_and_5.0_wt_MgCl2.csv
[Run 1125/511994] ✅ Saved: nist_libs_1.0_wt_CeCl3_and_2.0_wt_CsCl_and_0.5_wt_MgCl2.csv
[Run 1126/511994] ✅ Saved: nist_libs_1.0_wt_CeCl3_and_2.0_wt_CsCl_and_1.0_wt_MgCl2.csv
[Run 1127/511994] ✅ Saved: nist_libs_1.0_wt_CeCl3_and_2.0_wt_CsCl_and_1.5_wt_MgCl2.csv
[Run 1128/511994] ✅ Saved: nist_libs_1.0_wt_CeCl3_and_2.0_wt_CsCl_and_2.0_wt_MgCl2.csv
[Run 1129/511994] ✅ Saved: nist_libs_1.0_wt_CeCl3_and_2.0_wt_CsCl_and_2.5_wt_MgCl2.csv
[Run 1130/511994] ✅ Saved: nist_libs_1.0_wt_CeCl3_and_2.0_wt_CsCl_and_3.0_wt_MgCl2.csv
[Run 1131/511994] ✅ Saved: nist_libs_1.0_wt_CeCl3_and_2.0_wt_CsCl_and_3.5_wt_MgCl2.csv
[Run 1132/511994] ✅ Saved: nist_libs_1.0_wt_CeCl3_and_2.0_wt_CsCl_and_4.0_wt_MgCl2.csv
[Run 1133/511994] ✅ Saved: nist_libs_1.0_wt_CeCl3_and_2.0_wt_CsCl_and_4.5_wt_MgCl2.csv
[Run 1134/511994] ✅ Saved: nist_libs_1.0_wt_CeCl3_and_2.0_wt_CsCl_and_5.0_wt_MgCl2.csv
[Run 1135/511994] ✅ Saved: nist_libs_1.0_wt_CeCl3_and_2.5_wt_CsCl_and_0.5_wt_MgCl2.csv
[Run 1136/511994] ✅ Saved: nist_libs_1.0_wt_CeCl3_and_2.5_wt_CsCl_and_1.0_wt_MgCl2.csv
[Run 1137/511994] ✅ Saved: nist_libs_1.0_wt_CeCl3_and_2.5_wt_CsCl_and_1.5_wt_MgCl2.csv
[Run 1138/511994] ✅ Saved: nist_libs_1.0_wt_CeCl3_and_2.5_wt_CsCl_and_2.0_wt_MgCl2.csv
[Run 1139/511994] ✅ Saved: nist_libs_1.0_wt_CeCl3_and_2.5_wt_CsCl_and_2.5_wt_MgCl2.csv
[Run 1140/511994] ✅ Saved: nist_libs_1.0_wt_CeCl3_and_2.5_wt_CsCl_and_3.0_wt_MgCl2.csv
[Run 1141/511994] ✅ Saved: nist_libs_1.0_wt_CeCl3_and_2.5_wt_CsCl_and_3.5_wt_MgCl2.csv
[Run 1142/511994] ✅ Saved: nist_libs_1.0_wt_CeCl3_and_2.5_wt_CsCl_and_4.0_wt_MgCl2.csv
[Run 1143/511994] ✅ Saved: nist_libs_1.0_wt_CeCl3_and_2.5_wt_CsCl_and_4.5_wt_MgCl2.csv
[Run 1144/511994] ✅ Saved: nist_libs_1.0_wt_CeCl3_and_2.5_wt_CsCl_and_5.0_wt_MgCl2.csv
[Run 1145/511994] ✅ Saved: nist_libs_1.0_wt_CeCl3_and_3.0_wt_CsCl_and_0.5_wt_MgCl2.csv
[Run 1146/511994] ✅ Saved: nist_libs_1.0_wt_CeCl3_and_3.0_wt_CsCl_and_1.0_wt_MgCl2.csv
[Run 1147/511994] ✅ Saved: nist_libs_1.0_wt_CeCl3_and_3.0_wt_CsCl_and_1.5_wt_MgCl2.csv
[Run 1148/511994] ✅ Saved: nist_libs_1.0_wt_CeCl3_and_3.0_wt_CsCl_and_2.0_wt_MgCl2.csv
[Run 1149/511994] ✅ Saved: nist_libs_1.0_wt_CeCl3_and_3.0_wt_CsCl_and_2.5_wt_MgCl2.csv
[Run 1150/511994] ✅ Saved: nist_libs_1.0_wt_CeCl3_and_3.0_wt_CsCl_and_3.0_wt_MgCl2.csv
[Run 1151/511994] ✅ Saved: nist_libs_1.0_wt_CeCl3_and_3.0_wt_CsCl_and_3.5_wt_MgCl2.csv
[Run 1152/511994] ✅ Saved: nist_libs_1.0_wt_CeCl3_and_3.0_wt_CsCl_and_4.0_wt_MgCl2.csv
[Run 1153/511994] ✅ Saved: nist_libs_1.0_wt_CeCl3_and_3.0_wt_CsCl_and_4.5_wt_MgCl2.csv
[Run 1154/511994] ✅ Saved: nist_libs_1.0_wt_CeCl3_and_3.0_wt_CsCl_and_5.0_wt_MgCl2.csv
[Run 1155/511994] ✅ Saved: nist_libs_1.0_wt_CeCl3_and_3.5_wt_CsCl_and_0.5_wt_MgCl2.csv
[Run 1156/511994] ✅ Saved: nist_libs_1.0_wt_CeCl3_and_3.5_wt_CsCl_and_1.0_wt_MgCl2.csv
[Run 1157/511994] ✅ Saved: nist_libs_1.0_wt_CeCl3_and_3.5_wt_CsCl_and_1.5_wt_MgCl2.csv
[Run 1158/511994] ✅ Saved: nist_libs_1.0_wt_CeCl3_and_3.5_wt_CsCl_and_2.0_wt_MgCl2.csv
[Run 1159/511994] ✅ Saved: nist_libs_1.0_wt_CeCl3_and_3.5_wt_CsCl_and_2.5_wt_MgCl2.csv
[Run 1160/511994] ✅ Saved: nist_libs_1.0_wt_CeCl3_and_3.5_wt_CsCl_and_3.0_wt_MgCl2.csv
[Run 1161/511994] ✅ Saved: nist_libs_1.0_wt_CeCl3_and_3.5_wt_CsCl_and_3.5_wt_MgCl2.csv
[Run 1162/511994] ✅ Saved: nist_libs_1.0_wt_CeCl3_and_3.5_wt_CsCl_and_4.0_wt_MgCl2.csv
[Run 1163/511994] ✅ Saved: nist_libs_1.0_wt_CeCl3_and_3.5_wt_CsCl_and_4.5_wt_MgCl2.csv
[Run 1164/511994] ✅ Saved: nist_libs_1.0_wt_CeCl3_and_3.5_wt_CsCl_and_5.0_wt_MgCl2.csv
[Run 1165/511994] ✅ Saved: nist_libs_1.0_wt_CeCl3_and_4.0_wt_CsCl_and_0.5_wt_MgCl2.csv
[Run 1166/511994] ✅ Saved: nist_libs_1.0_wt_CeCl3_and_4.0_wt_CsCl_and_1.0_wt_MgCl2.csv
[Run 1167/511994] ✅ Saved: nist_libs_1.0_wt_CeCl3_and_4.0_wt_CsCl_and_1.5_wt_MgCl2.csv
[Run 1168/511994] ✅ Saved: nist_libs_1.0_wt_CeCl3_and_4.0_wt_CsCl_and_2.0_wt_MgCl2.csv
[Run 1169/511994] ✅ Saved: nist_libs_1.0_wt_CeCl3_and_4.0_wt_CsCl_and_2.5_wt_MgCl2.csv
[Run 1170/511994] ✅ Saved: nist_libs_1.0_wt_CeCl3_and_4.0_wt_CsCl_and_3.0_wt_MgCl2.csv
[Run 1171/511994] ✅ Saved: nist_libs_1.0_wt_CeCl3_and_4.0_wt_CsCl_and_3.5_wt_MgCl2.csv
[Run 1172/511994] ✅ Saved: nist_libs_1.0_wt_CeCl3_and_4.0_wt_CsCl_and_4.0_wt_MgCl2.csv
[Run 1173/511994] ✅ Saved: nist_libs_1.0_wt_CeCl3_and_4.0_wt_CsCl_and_4.5_wt_MgCl2.csv
[Run 1174/511994] ✅ Saved: nist_libs_1.0_wt_CeCl3_and_4.0_wt_CsCl_and_5.0_wt_MgCl2.csv
[Run 1175/511994] ✅ Saved: nist_libs_1.0_wt_CeCl3_and_4.5_wt_CsCl_and_0.5_wt_MgCl2.csv
[Run 1176/511994] ✅ Saved: nist_libs_1.0_wt_CeCl3_and_4.5_wt_CsCl_and_1.0_wt_MgCl2.csv
[Run 1177/511994] ✅ Saved: nist_libs_1.0_wt_CeCl3_and_4.5_wt_CsCl_and_1.5_wt_MgCl2.csv
[Run 1178/511994] ✅ Saved: nist_libs_1.0_wt_CeCl3_and_4.5_wt_CsCl_and_2.0_wt_MgCl2.csv
[Run 1179/511994] ✅ Saved: nist_libs_1.0_wt_CeCl3_and_4.5_wt_CsCl_and_2.5_wt_MgCl2.csv
[Run 1181/511994] ✅ Saved: nist_libs_1.0_wt_CeCl3_and_4.5_wt_CsCl_and_3.5_wt_MgCl2.csv
[Run 1180/511994] ✅ Saved: nist_libs_1.0_wt_CeCl3_and_4.5_wt_CsCl_and_3.0_wt_MgCl2.csv
[Run 1182/511994] ✅ Saved: nist_libs_1.0_wt_CeCl3_and_4.5_wt_CsCl_and_4.0_wt_MgCl2.csv
[Run 1183/511994] ✅ Saved: nist_libs_1.0_wt_CeCl3_and_4.5_wt_CsCl_and_4.5_wt_MgCl2.csv
[Run 1185/511994] ✅ Saved: nist_libs_1.0_wt_CeCl3_and_5.0_wt_CsCl_and_0.5_wt_MgCl2.csv
[Run 1184/511994] ✅ Saved: nist_libs_1.0_wt_CeCl3_and_4.5_wt_CsCl_and_5.0_wt_MgCl2.csv
[Run 1186/511994] ✅ Saved: nist_libs_1.0_wt_CeCl3_and_5.0_wt_CsCl_and_1.0_wt_MgCl2.csv
[Run 1187/511994] ✅ Saved: nist_libs_1.0_wt_CeCl3_and_5.0_wt_CsCl_and_1.5_wt_MgCl2.csv
[Run 1189/511994] ✅ Saved: nist_libs_1.0_wt_CeCl3_and_5.0_wt_CsCl_and_2.5_wt_MgCl2.csv
[Run 1188/511994] ✅ Saved: nist_libs_1.0_wt_CeCl3_and_5.0_wt_CsCl_and_2.0_wt_MgCl2.csv
[Run 1190/511994] ✅ Saved: nist_libs_1.0_wt_CeCl3_and_5.0_wt_CsCl_and_3.0_wt_MgCl2.csv
[Run 1191/511994] ✅ Saved: nist_libs_1.0_wt_CeCl3_and_5.0_wt_CsCl_and_3.5_wt_MgCl2.csv
[Run 1192/511994] ✅ Saved: nist_libs_1.0_wt_CeCl3_and_5.0_wt_CsCl_and_4.0_wt_MgCl2.csv
[Run 1193/511994] ✅ Saved: nist_libs_1.0_wt_CeCl3_and_5.0_wt_CsCl_and_4.5_wt_MgCl2.csv
[Run 1194/511994] ✅ Saved: nist_libs_1.0_wt_CeCl3_and_5.0_wt_CsCl_and_5.0_wt_MgCl2.csv
[Run 1195/511994] ✅ Saved: nist_libs_1.5_wt_CeCl3_and_0.5_wt_CsCl_and_0.5_wt_MgCl2.csv
[Run 1196/511994] ✅ Saved: nist_libs_1.5_wt_CeCl3_and_0.5_wt_CsCl_and_1.0_wt_MgCl2.csv
[Run 1197/511994] ✅ Saved: nist_libs_1.5_wt_CeCl3_and_0.5_wt_CsCl_and_1.5_wt_MgCl2.csv
[Run 1198/511994] ✅ Saved: nist_libs_1.5_wt_CeCl3_and_0.5_wt_CsCl_and_2.0_wt_MgCl2.csv
[Run 1199/511994] ✅ Saved: nist_libs_1.5_wt_CeCl3_and_0.5_wt_CsCl_and_2.5_wt_MgCl2.csv
[Run 1200/511994] ✅ Saved: nist_libs_1.5_wt_CeCl3_and_0.5_wt_CsCl_and_3.0_wt_MgCl2.csv
[Run 1201/511994] ✅ Saved: nist_libs_1.5_wt_CeCl3_and_0.5_wt_CsCl_and_3.5_wt_MgCl2.csv
[Run 1202/511994] ✅ Saved: nist_libs_1.5_wt_CeCl3_and_0.5_wt_CsCl_and_4.0_wt_MgCl2.csv
[Run 1203/511994] ✅ Saved: nist_libs_1.5_wt_CeCl3_and_0.5_wt_CsCl_and_4.5_wt_MgCl2.csv
[Run 1204/511994] ✅ Saved: nist_libs_1.5_wt_CeCl3_and_0.5_wt_CsCl_and_5.0_wt_MgCl2.csv
[Run 1205/511994] ✅ Saved: nist_libs_1.5_wt_CeCl3_and_1.0_wt_CsCl_and_0.5_wt_MgCl2.csv
[Run 1206/511994] ✅ Saved: nist_libs_1.5_wt_CeCl3_and_1.0_wt_CsCl_and_1.0_wt_MgCl2.csv
[Run 1207/511994] ✅ Saved: nist_libs_1.5_wt_CeCl3_and_1.0_wt_CsCl_and_1.5_wt_MgCl2.csv
[Run 1208/511994] ✅ Saved: nist_libs_1.5_wt_CeCl3_and_1.0_wt_CsCl_and_2.0_wt_MgCl2.csv
[Run 1209/511994] ✅ Saved: nist_libs_1.5_wt_CeCl3_and_1.0_wt_CsCl_and_2.5_wt_MgCl2.csv
[Run 1210/511994] ✅ Saved: nist_libs_1.5_wt_CeCl3_and_1.0_wt_CsCl_and_3.0_wt_MgCl2.csv
[Run 1211/511994] ✅ Saved: nist_libs_1.5_wt_CeCl3_and_1.0_wt_CsCl_and_3.5_wt_MgCl2.csv
[Run 1213/511994] ✅ Saved: nist_libs_1.5_wt_CeCl3_and_1.0_wt_CsCl_and_4.5_wt_MgCl2.csv
[Run 1212/511994] ✅ Saved: nist_libs_1.5_wt_CeCl3_and_1.0_wt_CsCl_and_4.0_wt_MgCl2.csv
[Run 1214/511994] ✅ Saved: nist_libs_1.5_wt_CeCl3_and_1.0_wt_CsCl_and_5.0_wt_MgCl2.csv
[Run 1215/511994] ✅ Saved: nist_libs_1.5_wt_CeCl3_and_1.5_wt_CsCl_and_0.5_wt_MgCl2.csv
[Run 1216/511994] ✅ Saved: nist_libs_1.5_wt_CeCl3_and_1.5_wt_CsCl_and_1.0_wt_MgCl2.csv
[Run 1217/511994] ✅ Saved: nist_libs_1.5_wt_CeCl3_and_1.5_wt_CsCl_and_1.5_wt_MgCl2.csv
[Run 1218/511994] ✅ Saved: nist_libs_1.5_wt_CeCl3_and_1.5_wt_CsCl_and_2.0_wt_MgCl2.csv
[Run 1219/511994] ✅ Saved: nist_libs_1.5_wt_CeCl3_and_1.5_wt_CsCl_and_2.5_wt_MgCl2.csv
[Run 1220/511994] ✅ Saved: nist_libs_1.5_wt_CeCl3_and_1.5_wt_CsCl_and_3.0_wt_MgCl2.csv
[Run 1221/511994] ✅ Saved: nist_libs_1.5_wt_CeCl3_and_1.5_wt_CsCl_and_3.5_wt_MgCl2.csv
[Run 1222/511994] ✅ Saved: nist_libs_1.5_wt_CeCl3_and_1.5_wt_CsCl_and_4.0_wt_MgCl2.csv
[Run 1223/511994] ✅ Saved: nist_libs_1.5_wt_CeCl3_and_1.5_wt_CsCl_and_4.5_wt_MgCl2.csv
[Run 1224/511994] ✅ Saved: nist_libs_1.5_wt_CeCl3_and_1.5_wt_CsCl_and_5.0_wt_MgCl2.csv
[Run 1225/511994] ✅ Saved: nist_libs_1.5_wt_CeCl3_and_2.0_wt_CsCl_and_0.5_wt_MgCl2.csv
[Run 1226/511994] ✅ Saved: nist_libs_1.5_wt_CeCl3_and_2.0_wt_CsCl_and_1.0_wt_MgCl2.csv
[Run 1227/511994] ✅ Saved: nist_libs_1.5_wt_CeCl3_and_2.0_wt_CsCl_and_1.5_wt_MgCl2.csv
[Run 1228/511994] ✅ Saved: nist_libs_1.5_wt_CeCl3_and_2.0_wt_CsCl_and_2.0_wt_MgCl2.csv
[Run 1229/511994] ✅ Saved: nist_libs_1.5_wt_CeCl3_and_2.0_wt_CsCl_and_2.5_wt_MgCl2.csv
[Run 1230/511994] ✅ Saved: nist_libs_1.5_wt_CeCl3_and_2.0_wt_CsCl_and_3.0_wt_MgCl2.csv
[Run 1231/511994] ✅ Saved: nist_libs_1.5_wt_CeCl3_and_2.0_wt_CsCl_and_3.5_wt_MgCl2.csv
[Run 1232/511994] ✅ Saved: nist_libs_1.5_wt_CeCl3_and_2.0_wt_CsCl_and_4.0_wt_MgCl2.csv
[Run 1233/511994] ✅ Saved: nist_libs_1.5_wt_CeCl3_and_2.0_wt_CsCl_and_4.5_wt_MgCl2.csv
[Run 1234/511994] ✅ Saved: nist_libs_1.5_wt_CeCl3_and_2.0_wt_CsCl_and_5.0_wt_MgCl2.csv
[Run 1235/511994] ✅ Saved: nist_libs_1.5_wt_CeCl3_and_2.5_wt_CsCl_and_0.5_wt_MgCl2.csv
[Run 1236/511994] ✅ Saved: nist_libs_1.5_wt_CeCl3_and_2.5_wt_CsCl_and_1.0_wt_MgCl2.csv
[Run 1237/511994] ✅ Saved: nist_libs_1.5_wt_CeCl3_and_2.5_wt_CsCl_and_1.5_wt_MgCl2.csv
[Run 1238/511994] ✅ Saved: nist_libs_1.5_wt_CeCl3_and_2.5_wt_CsCl_and_2.0_wt_MgCl2.csv
[Run 1239/511994] ✅ Saved: nist_libs_1.5_wt_CeCl3_and_2.5_wt_CsCl_and_2.5_wt_MgCl2.csv
[Run 1240/511994] ✅ Saved: nist_libs_1.5_wt_CeCl3_and_2.5_wt_CsCl_and_3.0_wt_MgCl2.csv
[Run 1241/511994] ✅ Saved: nist_libs_1.5_wt_CeCl3_and_2.5_wt_CsCl_and_3.5_wt_MgCl2.csv
[Run 1242/511994] ✅ Saved: nist_libs_1.5_wt_CeCl3_and_2.5_wt_CsCl_and_4.0_wt_MgCl2.csv
[Run 1243/511994] ✅ Saved: nist_libs_1.5_wt_CeCl3_and_2.5_wt_CsCl_and_4.5_wt_MgCl2.csv
[Run 1244/511994] ✅ Saved: nist_libs_1.5_wt_CeCl3_and_2.5_wt_CsCl_and_5.0_wt_MgCl2.csv
[Run 1245/511994] ✅ Saved: nist_libs_1.5_wt_CeCl3_and_3.0_wt_CsCl_and_0.5_wt_MgCl2.csv
[Run 1246/511994] ✅ Saved: nist_libs_1.5_wt_CeCl3_and_3.0_wt_CsCl_and_1.0_wt_MgCl2.csv
[Run 1247/511994] ✅ Saved: nist_libs_1.5_wt_CeCl3_and_3.0_wt_CsCl_and_1.5_wt_MgCl2.csv
[Run 1248/511994] ✅ Saved: nist_libs_1.5_wt_CeCl3_and_3.0_wt_CsCl_and_2.0_wt_MgCl2.csv
[Run 1249/511994] ✅ Saved: nist_libs_1.5_wt_CeCl3_and_3.0_wt_CsCl_and_2.5_wt_MgCl2.csv
[Run 1250/511994] ✅ Saved: nist_libs_1.5_wt_CeCl3_and_3.0_wt_CsCl_and_3.0_wt_MgCl2.csv
[Run 1251/511994] ✅ Saved: nist_libs_1.5_wt_CeCl3_and_3.0_wt_CsCl_and_3.5_wt_MgCl2.csv
[Run 1252/511994] ✅ Saved: nist_libs_1.5_wt_CeCl3_and_3.0_wt_CsCl_and_4.0_wt_MgCl2.csv
[Run 1253/511994] ✅ Saved: nist_libs_1.5_wt_CeCl3_and_3.0_wt_CsCl_and_4.5_wt_MgCl2.csv
[Run 1254/511994] ✅ Saved: nist_libs_1.5_wt_CeCl3_and_3.0_wt_CsCl_and_5.0_wt_MgCl2.csv
[Run 1255/511994] ✅ Saved: nist_libs_1.5_wt_CeCl3_and_3.5_wt_CsCl_and_0.5_wt_MgCl2.csv
[Run 1257/511994] ✅ Saved: nist_libs_1.5_wt_CeCl3_and_3.5_wt_CsCl_and_1.5_wt_MgCl2.csv
[Run 1256/511994] ✅ Saved: nist_libs_1.5_wt_CeCl3_and_3.5_wt_CsCl_and_1.0_wt_MgCl2.csv
[Run 1258/511994] ✅ Saved: nist_libs_1.5_wt_CeCl3_and_3.5_wt_CsCl_and_2.0_wt_MgCl2.csv
[Run 1259/511994] ✅ Saved: nist_libs_1.5_wt_CeCl3_and_3.5_wt_CsCl_and_2.5_wt_MgCl2.csv
[Run 1260/511994] ✅ Saved: nist_libs_1.5_wt_CeCl3_and_3.5_wt_CsCl_and_3.0_wt_MgCl2.csv
[Run 1261/511994] ✅ Saved: nist_libs_1.5_wt_CeCl3_and_3.5_wt_CsCl_and_3.5_wt_MgCl2.csv
[Run 1262/511994] ✅ Saved: nist_libs_1.5_wt_CeCl3_and_3.5_wt_CsCl_and_4.0_wt_MgCl2.csv
[Run 1263/511994] ✅ Saved: nist_libs_1.5_wt_CeCl3_and_3.5_wt_CsCl_and_4.5_wt_MgCl2.csv
[Run 1264/511994] ✅ Saved: nist_libs_1.5_wt_CeCl3_and_3.5_wt_CsCl_and_5.0_wt_MgCl2.csv
[Run 1265/511994] ✅ Saved: nist_libs_1.5_wt_CeCl3_and_4.0_wt_CsCl_and_0.5_wt_MgCl2.csv
[Run 1266/511994] ✅ Saved: nist_libs_1.5_wt_CeCl3_and_4.0_wt_CsCl_and_1.0_wt_MgCl2.csv
[Run 1267/511994] ✅ Saved: nist_libs_1.5_wt_CeCl3_and_4.0_wt_CsCl_and_1.5_wt_MgCl2.csv
[Run 1268/511994] ✅ Saved: nist_libs_1.5_wt_CeCl3_and_4.0_wt_CsCl_and_2.0_wt_MgCl2.csv
[Run 1269/511994] ✅ Saved: nist_libs_1.5_wt_CeCl3_and_4.0_wt_CsCl_and_2.5_wt_MgCl2.csv
[Run 1270/511994] ✅ Saved: nist_libs_1.5_wt_CeCl3_and_4.0_wt_CsCl_and_3.0_wt_MgCl2.csv
[Run 1271/511994] ✅ Saved: nist_libs_1.5_wt_CeCl3_and_4.0_wt_CsCl_and_3.5_wt_MgCl2.csv
[Run 1272/511994] ✅ Saved: nist_libs_1.5_wt_CeCl3_and_4.0_wt_CsCl_and_4.0_wt_MgCl2.csv
[Run 1273/511994] ✅ Saved: nist_libs_1.5_wt_CeCl3_and_4.0_wt_CsCl_and_4.5_wt_MgCl2.csv
[Run 1274/511994] ✅ Saved: nist_libs_1.5_wt_CeCl3_and_4.0_wt_CsCl_and_5.0_wt_MgCl2.csv
[Run 1275/511994] ✅ Saved: nist_libs_1.5_wt_CeCl3_and_4.5_wt_CsCl_and_0.5_wt_MgCl2.csv
[Run 1276/511994] ✅ Saved: nist_libs_1.5_wt_CeCl3_and_4.5_wt_CsCl_and_1.0_wt_MgCl2.csv
[Run 1277/511994] ✅ Saved: nist_libs_1.5_wt_CeCl3_and_4.5_wt_CsCl_and_1.5_wt_MgCl2.csv
[Run 1278/511994] ✅ Saved: nist_libs_1.5_wt_CeCl3_and_4.5_wt_CsCl_and_2.0_wt_MgCl2.csv
[Run 1279/511994] ✅ Saved: nist_libs_1.5_wt_CeCl3_and_4.5_wt_CsCl_and_2.5_wt_MgCl2.csv
[Run 1280/511994] ✅ Saved: nist_libs_1.5_wt_CeCl3_and_4.5_wt_CsCl_and_3.0_wt_MgCl2.csv
[Run 1281/511994] ✅ Saved: nist_libs_1.5_wt_CeCl3_and_4.5_wt_CsCl_and_3.5_wt_MgCl2.csv
[Run 1282/511994] ✅ Saved: nist_libs_1.5_wt_CeCl3_and_4.5_wt_CsCl_and_4.0_wt_MgCl2.csv
[Run 1283/511994] ✅ Saved: nist_libs_1.5_wt_CeCl3_and_4.5_wt_CsCl_and_4.5_wt_MgCl2.csv
[Run 1284/511994] ✅ Saved: nist_libs_1.5_wt_CeCl3_and_4.5_wt_CsCl_and_5.0_wt_MgCl2.csv
[Run 1285/511994] ✅ Saved: nist_libs_1.5_wt_CeCl3_and_5.0_wt_CsCl_and_0.5_wt_MgCl2.csv
[Run 1287/511994] ✅ Saved: nist_libs_1.5_wt_CeCl3_and_5.0_wt_CsCl_and_1.5_wt_MgCl2.csv
[Run 1286/511994] ✅ Saved: nist_libs_1.5_wt_CeCl3_and_5.0_wt_CsCl_and_1.0_wt_MgCl2.csv
[Run 1288/511994] ✅ Saved: nist_libs_1.5_wt_CeCl3_and_5.0_wt_CsCl_and_2.0_wt_MgCl2.csv
[Run 1289/511994] ✅ Saved: nist_libs_1.5_wt_CeCl3_and_5.0_wt_CsCl_and_2.5_wt_MgCl2.csv
[Run 1291/511994] ✅ Saved: nist_libs_1.5_wt_CeCl3_and_5.0_wt_CsCl_and_3.5_wt_MgCl2.csv
[Run 1290/511994] ✅ Saved: nist_libs_1.5_wt_CeCl3_and_5.0_wt_CsCl_and_3.0_wt_MgCl2.csv
[Run 1292/511994] ✅ Saved: nist_libs_1.5_wt_CeCl3_and_5.0_wt_CsCl_and_4.0_wt_MgCl2.csv
[Run 1293/511994] ✅ Saved: nist_libs_1.5_wt_CeCl3_and_5.0_wt_CsCl_and_4.5_wt_MgCl2.csv
[Run 1294/511994] ✅ Saved: nist_libs_1.5_wt_CeCl3_and_5.0_wt_CsCl_and_5.0_wt_MgCl2.csv
[Run 1295/511994] ✅ Saved: nist_libs_2.0_wt_CeCl3_and_0.5_wt_CsCl_and_0.5_wt_MgCl2.csv
[Run 1296/511994] ✅ Saved: nist_libs_2.0_wt_CeCl3_and_0.5_wt_CsCl_and_1.0_wt_MgCl2.csv
[Run 1297/511994] ✅ Saved: nist_libs_2.0_wt_CeCl3_and_0.5_wt_CsCl_and_1.5_wt_MgCl2.csv
[Run 1298/511994] ✅ Saved: nist_libs_2.0_wt_CeCl3_and_0.5_wt_CsCl_and_2.0_wt_MgCl2.csv
[Run 1299/511994] ✅ Saved: nist_libs_2.0_wt_CeCl3_and_0.5_wt_CsCl_and_2.5_wt_MgCl2.csv
[Run 1300/511994] ✅ Saved: nist_libs_2.0_wt_CeCl3_and_0.5_wt_CsCl_and_3.0_wt_MgCl2.csv
[Run 1301/511994] ✅ Saved: nist_libs_2.0_wt_CeCl3_and_0.5_wt_CsCl_and_3.5_wt_MgCl2.csv
[Run 1302/511994] ✅ Saved: nist_libs_2.0_wt_CeCl3_and_0.5_wt_CsCl_and_4.0_wt_MgCl2.csv
[Run 1303/511994] ✅ Saved: nist_libs_2.0_wt_CeCl3_and_0.5_wt_CsCl_and_4.5_wt_MgCl2.csv
[Run 1304/511994] ✅ Saved: nist_libs_2.0_wt_CeCl3_and_0.5_wt_CsCl_and_5.0_wt_MgCl2.csv
[Run 1305/511994] ✅ Saved: nist_libs_2.0_wt_CeCl3_and_1.0_wt_CsCl_and_0.5_wt_MgCl2.csv
[Run 1306/511994] ✅ Saved: nist_libs_2.0_wt_CeCl3_and_1.0_wt_CsCl_and_1.0_wt_MgCl2.csv
[Run 1307/511994] ✅ Saved: nist_libs_2.0_wt_CeCl3_and_1.0_wt_CsCl_and_1.5_wt_MgCl2.csv
[Run 1308/511994] ✅ Saved: nist_libs_2.0_wt_CeCl3_and_1.0_wt_CsCl_and_2.0_wt_MgCl2.csv
[Run 1309/511994] ✅ Saved: nist_libs_2.0_wt_CeCl3_and_1.0_wt_CsCl_and_2.5_wt_MgCl2.csv
[Run 1311/511994] ✅ Saved: nist_libs_2.0_wt_CeCl3_and_1.0_wt_CsCl_and_3.5_wt_MgCl2.csv
[Run 1310/511994] ✅ Saved: nist_libs_2.0_wt_CeCl3_and_1.0_wt_CsCl_and_3.0_wt_MgCl2.csv
[Run 1312/511994] ✅ Saved: nist_libs_2.0_wt_CeCl3_and_1.0_wt_CsCl_and_4.0_wt_MgCl2.csv
[Run 1313/511994] ✅ Saved: nist_libs_2.0_wt_CeCl3_and_1.0_wt_CsCl_and_4.5_wt_MgCl2.csv
[Run 1314/511994] ✅ Saved: nist_libs_2.0_wt_CeCl3_and_1.0_wt_CsCl_and_5.0_wt_MgCl2.csv
[Run 1315/511994] ✅ Saved: nist_libs_2.0_wt_CeCl3_and_1.5_wt_CsCl_and_0.5_wt_MgCl2.csv
[Run 1316/511994] ✅ Saved: nist_libs_2.0_wt_CeCl3_and_1.5_wt_CsCl_and_1.0_wt_MgCl2.csv
[Run 1317/511994] ✅ Saved: nist_libs_2.0_wt_CeCl3_and_1.5_wt_CsCl_and_1.5_wt_MgCl2.csv
[Run 1318/511994] ✅ Saved: nist_libs_2.0_wt_CeCl3_and_1.5_wt_CsCl_and_2.0_wt_MgCl2.csv
[Run 1319/511994] ✅ Saved: nist_libs_2.0_wt_CeCl3_and_1.5_wt_CsCl_and_2.5_wt_MgCl2.csv
[Run 1321/511994] ✅ Saved: nist_libs_2.0_wt_CeCl3_and_1.5_wt_CsCl_and_3.5_wt_MgCl2.csv
[Run 1320/511994] ✅ Saved: nist_libs_2.0_wt_CeCl3_and_1.5_wt_CsCl_and_3.0_wt_MgCl2.csv
[Run 1322/511994] ✅ Saved: nist_libs_2.0_wt_CeCl3_and_1.5_wt_CsCl_and_4.0_wt_MgCl2.csv
[Run 1323/511994] ✅ Saved: nist_libs_2.0_wt_CeCl3_and_1.5_wt_CsCl_and_4.5_wt_MgCl2.csv
[Run 1325/511994] ✅ Saved: nist_libs_2.0_wt_CeCl3_and_2.0_wt_CsCl_and_0.5_wt_MgCl2.csv
[Run 1324/511994] ✅ Saved: nist_libs_2.0_wt_CeCl3_and_1.5_wt_CsCl_and_5.0_wt_MgCl2.csv
[Run 1326/511994] ✅ Saved: nist_libs_2.0_wt_CeCl3_and_2.0_wt_CsCl_and_1.0_wt_MgCl2.csv
[Run 1327/511994] ✅ Saved: nist_libs_2.0_wt_CeCl3_and_2.0_wt_CsCl_and_1.5_wt_MgCl2.csv
[Run 1329/511994] ✅ Saved: nist_libs_2.0_wt_CeCl3_and_2.0_wt_CsCl_and_2.5_wt_MgCl2.csv
[Run 1328/511994] ✅ Saved: nist_libs_2.0_wt_CeCl3_and_2.0_wt_CsCl_and_2.0_wt_MgCl2.csv
[Run 1330/511994] ✅ Saved: nist_libs_2.0_wt_CeCl3_and_2.0_wt_CsCl_and_3.0_wt_MgCl2.csv
[Run 1331/511994] ✅ Saved: nist_libs_2.0_wt_CeCl3_and_2.0_wt_CsCl_and_3.5_wt_MgCl2.csv
[Run 1333/511994] ✅ Saved: nist_libs_2.0_wt_CeCl3_and_2.0_wt_CsCl_and_4.5_wt_MgCl2.csv
[Run 1332/511994] ✅ Saved: nist_libs_2.0_wt_CeCl3_and_2.0_wt_CsCl_and_4.0_wt_MgCl2.csv
[Run 1334/511994] ✅ Saved: nist_libs_2.0_wt_CeCl3_and_2.0_wt_CsCl_and_5.0_wt_MgCl2.csv
[Run 1335/511994] ✅ Saved: nist_libs_2.0_wt_CeCl3_and_2.5_wt_CsCl_and_0.5_wt_MgCl2.csv
[Run 1336/511994] ✅ Saved: nist_libs_2.0_wt_CeCl3_and_2.5_wt_CsCl_and_1.0_wt_MgCl2.csv
[Run 1337/511994] ✅ Saved: nist_libs_2.0_wt_CeCl3_and_2.5_wt_CsCl_and_1.5_wt_MgCl2.csv
[Run 1338/511994] ✅ Saved: nist_libs_2.0_wt_CeCl3_and_2.5_wt_CsCl_and_2.0_wt_MgCl2.csv
[Run 1339/511994] ✅ Saved: nist_libs_2.0_wt_CeCl3_and_2.5_wt_CsCl_and_2.5_wt_MgCl2.csv
[Run 1340/511994] ✅ Saved: nist_libs_2.0_wt_CeCl3_and_2.5_wt_CsCl_and_3.0_wt_MgCl2.csv
[Run 1341/511994] ✅ Saved: nist_libs_2.0_wt_CeCl3_and_2.5_wt_CsCl_and_3.5_wt_MgCl2.csv
[Run 1342/511994] ✅ Saved: nist_libs_2.0_wt_CeCl3_and_2.5_wt_CsCl_and_4.0_wt_MgCl2.csv
[Run 1343/511994] ✅ Saved: nist_libs_2.0_wt_CeCl3_and_2.5_wt_CsCl_and_4.5_wt_MgCl2.csv
[Run 1344/511994] ✅ Saved: nist_libs_2.0_wt_CeCl3_and_2.5_wt_CsCl_and_5.0_wt_MgCl2.csv
[Run 1345/511994] ✅ Saved: nist_libs_2.0_wt_CeCl3_and_3.0_wt_CsCl_and_0.5_wt_MgCl2.csv
[Run 1346/511994] ✅ Saved: nist_libs_2.0_wt_CeCl3_and_3.0_wt_CsCl_and_1.0_wt_MgCl2.csv
[Run 1347/511994] ✅ Saved: nist_libs_2.0_wt_CeCl3_and_3.0_wt_CsCl_and_1.5_wt_MgCl2.csv
[Run 1348/511994] ✅ Saved: nist_libs_2.0_wt_CeCl3_and_3.0_wt_CsCl_and_2.0_wt_MgCl2.csv
[Run 1349/511994] ✅ Saved: nist_libs_2.0_wt_CeCl3_and_3.0_wt_CsCl_and_2.5_wt_MgCl2.csv
[Run 1350/511994] ✅ Saved: nist_libs_2.0_wt_CeCl3_and_3.0_wt_CsCl_and_3.0_wt_MgCl2.csv
[Run 1351/511994] ✅ Saved: nist_libs_2.0_wt_CeCl3_and_3.0_wt_CsCl_and_3.5_wt_MgCl2.csv
[Run 1352/511994] ✅ Saved: nist_libs_2.0_wt_CeCl3_and_3.0_wt_CsCl_and_4.0_wt_MgCl2.csv
[Run 1353/511994] ✅ Saved: nist_libs_2.0_wt_CeCl3_and_3.0_wt_CsCl_and_4.5_wt_MgCl2.csv
[Run 1354/511994] ✅ Saved: nist_libs_2.0_wt_CeCl3_and_3.0_wt_CsCl_and_5.0_wt_MgCl2.csv
[Run 1355/511994] ✅ Saved: nist_libs_2.0_wt_CeCl3_and_3.5_wt_CsCl_and_0.5_wt_MgCl2.csv
[Run 1356/511994] ✅ Saved: nist_libs_2.0_wt_CeCl3_and_3.5_wt_CsCl_and_1.0_wt_MgCl2.csv
[Run 1357/511994] ✅ Saved: nist_libs_2.0_wt_CeCl3_and_3.5_wt_CsCl_and_1.5_wt_MgCl2.csv
[Run 1359/511994] ✅ Saved: nist_libs_2.0_wt_CeCl3_and_3.5_wt_CsCl_and_2.5_wt_MgCl2.csv
[Run 1358/511994] ✅ Saved: nist_libs_2.0_wt_CeCl3_and_3.5_wt_CsCl_and_2.0_wt_MgCl2.csv
[Run 1360/511994] ✅ Saved: nist_libs_2.0_wt_CeCl3_and_3.5_wt_CsCl_and_3.0_wt_MgCl2.csv
[Run 1361/511994] ✅ Saved: nist_libs_2.0_wt_CeCl3_and_3.5_wt_CsCl_and_3.5_wt_MgCl2.csv
[Run 1362/511994] ✅ Saved: nist_libs_2.0_wt_CeCl3_and_3.5_wt_CsCl_and_4.0_wt_MgCl2.csv
[Run 1363/511994] ✅ Saved: nist_libs_2.0_wt_CeCl3_and_3.5_wt_CsCl_and_4.5_wt_MgCl2.csv
[Run 1364/511994] ✅ Saved: nist_libs_2.0_wt_CeCl3_and_3.5_wt_CsCl_and_5.0_wt_MgCl2.csv
[Run 1365/511994] ✅ Saved: nist_libs_2.0_wt_CeCl3_and_4.0_wt_CsCl_and_0.5_wt_MgCl2.csv
[Run 1366/511994] ✅ Saved: nist_libs_2.0_wt_CeCl3_and_4.0_wt_CsCl_and_1.0_wt_MgCl2.csv
[Run 1367/511994] ✅ Saved: nist_libs_2.0_wt_CeCl3_and_4.0_wt_CsCl_and_1.5_wt_MgCl2.csv
[Run 1368/511994] ✅ Saved: nist_libs_2.0_wt_CeCl3_and_4.0_wt_CsCl_and_2.0_wt_MgCl2.csv
[Run 1369/511994] ✅ Saved: nist_libs_2.0_wt_CeCl3_and_4.0_wt_CsCl_and_2.5_wt_MgCl2.csv
[Run 1370/511994] ✅ Saved: nist_libs_2.0_wt_CeCl3_and_4.0_wt_CsCl_and_3.0_wt_MgCl2.csv
[Run 1371/511994] ✅ Saved: nist_libs_2.0_wt_CeCl3_and_4.0_wt_CsCl_and_3.5_wt_MgCl2.csv
[Run 1372/511994] ✅ Saved: nist_libs_2.0_wt_CeCl3_and_4.0_wt_CsCl_and_4.0_wt_MgCl2.csv
[Run 1373/511994] ✅ Saved: nist_libs_2.0_wt_CeCl3_and_4.0_wt_CsCl_and_4.5_wt_MgCl2.csv
[Run 1374/511994] ✅ Saved: nist_libs_2.0_wt_CeCl3_and_4.0_wt_CsCl_and_5.0_wt_MgCl2.csv
[Run 1375/511994] ✅ Saved: nist_libs_2.0_wt_CeCl3_and_4.5_wt_CsCl_and_0.5_wt_MgCl2.csv
[Run 1376/511994] ✅ Saved: nist_libs_2.0_wt_CeCl3_and_4.5_wt_CsCl_and_1.0_wt_MgCl2.csv
[Run 1377/511994] ✅ Saved: nist_libs_2.0_wt_CeCl3_and_4.5_wt_CsCl_and_1.5_wt_MgCl2.csv
[Run 1378/511994] ✅ Saved: nist_libs_2.0_wt_CeCl3_and_4.5_wt_CsCl_and_2.0_wt_MgCl2.csv
[Run 1379/511994] ✅ Saved: nist_libs_2.0_wt_CeCl3_and_4.5_wt_CsCl_and_2.5_wt_MgCl2.csv
[Run 1380/511994] ✅ Saved: nist_libs_2.0_wt_CeCl3_and_4.5_wt_CsCl_and_3.0_wt_MgCl2.csv
[Run 1381/511994] ✅ Saved: nist_libs_2.0_wt_CeCl3_and_4.5_wt_CsCl_and_3.5_wt_MgCl2.csv
[Run 1382/511994] ✅ Saved: nist_libs_2.0_wt_CeCl3_and_4.5_wt_CsCl_and_4.0_wt_MgCl2.csv
[Run 1383/511994] ✅ Saved: nist_libs_2.0_wt_CeCl3_and_4.5_wt_CsCl_and_4.5_wt_MgCl2.csv
[Run 1384/511994] ✅ Saved: nist_libs_2.0_wt_CeCl3_and_4.5_wt_CsCl_and_5.0_wt_MgCl2.csv
[Run 1385/511994] ✅ Saved: nist_libs_2.0_wt_CeCl3_and_5.0_wt_CsCl_and_0.5_wt_MgCl2.csv
[Run 1386/511994] ✅ Saved: nist_libs_2.0_wt_CeCl3_and_5.0_wt_CsCl_and_1.0_wt_MgCl2.csv
[Run 1387/511994] ✅ Saved: nist_libs_2.0_wt_CeCl3_and_5.0_wt_CsCl_and_1.5_wt_MgCl2.csv
[Run 1388/511994] ✅ Saved: nist_libs_2.0_wt_CeCl3_and_5.0_wt_CsCl_and_2.0_wt_MgCl2.csv
[Run 1389/511994] ✅ Saved: nist_libs_2.0_wt_CeCl3_and_5.0_wt_CsCl_and_2.5_wt_MgCl2.csv
[Run 1390/511994] ✅ Saved: nist_libs_2.0_wt_CeCl3_and_5.0_wt_CsCl_and_3.0_wt_MgCl2.csv
[Run 1391/511994] ✅ Saved: nist_libs_2.0_wt_CeCl3_and_5.0_wt_CsCl_and_3.5_wt_MgCl2.csv
[Run 1392/511994] ✅ Saved: nist_libs_2.0_wt_CeCl3_and_5.0_wt_CsCl_and_4.0_wt_MgCl2.csv
[Run 1393/511994] ✅ Saved: nist_libs_2.0_wt_CeCl3_and_5.0_wt_CsCl_and_4.5_wt_MgCl2.csv
[Run 1394/511994] ✅ Saved: nist_libs_2.0_wt_CeCl3_and_5.0_wt_CsCl_and_5.0_wt_MgCl2.csv
[Run 1395/511994] ✅ Saved: nist_libs_2.5_wt_CeCl3_and_0.5_wt_CsCl_and_0.5_wt_MgCl2.csv
[Run 1396/511994] ✅ Saved: nist_libs_2.5_wt_CeCl3_and_0.5_wt_CsCl_and_1.0_wt_MgCl2.csv
[Run 1397/511994] ✅ Saved: nist_libs_2.5_wt_CeCl3_and_0.5_wt_CsCl_and_1.5_wt_MgCl2.csv
[Run 1398/511994] ✅ Saved: nist_libs_2.5_wt_CeCl3_and_0.5_wt_CsCl_and_2.0_wt_MgCl2.csv
[Run 1399/511994] ✅ Saved: nist_libs_2.5_wt_CeCl3_and_0.5_wt_CsCl_and_2.5_wt_MgCl2.csv
[Run 1400/511994] ✅ Saved: nist_libs_2.5_wt_CeCl3_and_0.5_wt_CsCl_and_3.0_wt_MgCl2.csv
[Run 1401/511994] ✅ Saved: nist_libs_2.5_wt_CeCl3_and_0.5_wt_CsCl_and_3.5_wt_MgCl2.csv
[Run 1402/511994] ✅ Saved: nist_libs_2.5_wt_CeCl3_and_0.5_wt_CsCl_and_4.0_wt_MgCl2.csv
[Run 1403/511994] ✅ Saved: nist_libs_2.5_wt_CeCl3_and_0.5_wt_CsCl_and_4.5_wt_MgCl2.csv
[Run 1404/511994] ✅ Saved: nist_libs_2.5_wt_CeCl3_and_0.5_wt_CsCl_and_5.0_wt_MgCl2.csv
[Run 1405/511994] ✅ Saved: nist_libs_2.5_wt_CeCl3_and_1.0_wt_CsCl_and_0.5_wt_MgCl2.csv
[Run 1406/511994] ✅ Saved: nist_libs_2.5_wt_CeCl3_and_1.0_wt_CsCl_and_1.0_wt_MgCl2.csv
[Run 1407/511994] ✅ Saved: nist_libs_2.5_wt_CeCl3_and_1.0_wt_CsCl_and_1.5_wt_MgCl2.csv
[Run 1408/511994] ✅ Saved: nist_libs_2.5_wt_CeCl3_and_1.0_wt_CsCl_and_2.0_wt_MgCl2.csv
[Run 1409/511994] ✅ Saved: nist_libs_2.5_wt_CeCl3_and_1.0_wt_CsCl_and_2.5_wt_MgCl2.csv
[Run 1410/511994] ✅ Saved: nist_libs_2.5_wt_CeCl3_and_1.0_wt_CsCl_and_3.0_wt_MgCl2.csv
[Run 1411/511994] ✅ Saved: nist_libs_2.5_wt_CeCl3_and_1.0_wt_CsCl_and_3.5_wt_MgCl2.csv
[Run 1413/511994] ✅ Saved: nist_libs_2.5_wt_CeCl3_and_1.0_wt_CsCl_and_4.5_wt_MgCl2.csv
[Run 1412/511994] ✅ Saved: nist_libs_2.5_wt_CeCl3_and_1.0_wt_CsCl_and_4.0_wt_MgCl2.csv
[Run 1414/511994] ✅ Saved: nist_libs_2.5_wt_CeCl3_and_1.0_wt_CsCl_and_5.0_wt_MgCl2.csv
[Run 1415/511994] ✅ Saved: nist_libs_2.5_wt_CeCl3_and_1.5_wt_CsCl_and_0.5_wt_MgCl2.csv
[Run 1416/511994] ✅ Saved: nist_libs_2.5_wt_CeCl3_and_1.5_wt_CsCl_and_1.0_wt_MgCl2.csv
[Run 1417/511994] ✅ Saved: nist_libs_2.5_wt_CeCl3_and_1.5_wt_CsCl_and_1.5_wt_MgCl2.csv
[Run 1418/511994] ✅ Saved: nist_libs_2.5_wt_CeCl3_and_1.5_wt_CsCl_and_2.0_wt_MgCl2.csv
[Run 1419/511994] ✅ Saved: nist_libs_2.5_wt_CeCl3_and_1.5_wt_CsCl_and_2.5_wt_MgCl2.csv
[Run 1420/511994] ✅ Saved: nist_libs_2.5_wt_CeCl3_and_1.5_wt_CsCl_and_3.0_wt_MgCl2.csv
[Run 1421/511994] ✅ Saved: nist_libs_2.5_wt_CeCl3_and_1.5_wt_CsCl_and_3.5_wt_MgCl2.csv
[Run 1422/511994] ✅ Saved: nist_libs_2.5_wt_CeCl3_and_1.5_wt_CsCl_and_4.0_wt_MgCl2.csv
[Run 1423/511994] ✅ Saved: nist_libs_2.5_wt_CeCl3_and_1.5_wt_CsCl_and_4.5_wt_MgCl2.csv
[Run 1424/511994] ✅ Saved: nist_libs_2.5_wt_CeCl3_and_1.5_wt_CsCl_and_5.0_wt_MgCl2.csv
[Run 1425/511994] ✅ Saved: nist_libs_2.5_wt_CeCl3_and_2.0_wt_CsCl_and_0.5_wt_MgCl2.csv
[Run 1426/511994] ✅ Saved: nist_libs_2.5_wt_CeCl3_and_2.0_wt_CsCl_and_1.0_wt_MgCl2.csv
[Run 1427/511994] ✅ Saved: nist_libs_2.5_wt_CeCl3_and_2.0_wt_CsCl_and_1.5_wt_MgCl2.csv
[Run 1429/511994] ✅ Saved: nist_libs_2.5_wt_CeCl3_and_2.0_wt_CsCl_and_2.5_wt_MgCl2.csv
[Run 1428/511994] ✅ Saved: nist_libs_2.5_wt_CeCl3_and_2.0_wt_CsCl_and_2.0_wt_MgCl2.csv
[Run 1430/511994] ✅ Saved: nist_libs_2.5_wt_CeCl3_and_2.0_wt_CsCl_and_3.0_wt_MgCl2.csv
[Run 1431/511994] ✅ Saved: nist_libs_2.5_wt_CeCl3_and_2.0_wt_CsCl_and_3.5_wt_MgCl2.csv
[Run 1433/511994] ✅ Saved: nist_libs_2.5_wt_CeCl3_and_2.0_wt_CsCl_and_4.5_wt_MgCl2.csv
[Run 1432/511994] ✅ Saved: nist_libs_2.5_wt_CeCl3_and_2.0_wt_CsCl_and_4.0_wt_MgCl2.csv
[Run 1435/511994] ✅ Saved: nist_libs_2.5_wt_CeCl3_and_2.5_wt_CsCl_and_0.5_wt_MgCl2.csv
[Run 1434/511994] ✅ Saved: nist_libs_2.5_wt_CeCl3_and_2.0_wt_CsCl_and_5.0_wt_MgCl2.csv
[Run 1436/511994] ✅ Saved: nist_libs_2.5_wt_CeCl3_and_2.5_wt_CsCl_and_1.0_wt_MgCl2.csv
[Run 1437/511994] ✅ Saved: nist_libs_2.5_wt_CeCl3_and_2.5_wt_CsCl_and_1.5_wt_MgCl2.csv
[Run 1438/511994] ✅ Saved: nist_libs_2.5_wt_CeCl3_and_2.5_wt_CsCl_and_2.0_wt_MgCl2.csv
[Run 1439/511994] ✅ Saved: nist_libs_2.5_wt_CeCl3_and_2.5_wt_CsCl_and_2.5_wt_MgCl2.csv
[Run 1440/511994] ✅ Saved: nist_libs_2.5_wt_CeCl3_and_2.5_wt_CsCl_and_3.0_wt_MgCl2.csv
[Run 1441/511994] ✅ Saved: nist_libs_2.5_wt_CeCl3_and_2.5_wt_CsCl_and_3.5_wt_MgCl2.csv
[Run 1442/511994] ✅ Saved: nist_libs_2.5_wt_CeCl3_and_2.5_wt_CsCl_and_4.0_wt_MgCl2.csv
[Run 1443/511994] ✅ Saved: nist_libs_2.5_wt_CeCl3_and_2.5_wt_CsCl_and_4.5_wt_MgCl2.csv
[Run 1444/511994] ✅ Saved: nist_libs_2.5_wt_CeCl3_and_2.5_wt_CsCl_and_5.0_wt_MgCl2.csv
[Run 1445/511994] ✅ Saved: nist_libs_2.5_wt_CeCl3_and_3.0_wt_CsCl_and_0.5_wt_MgCl2.csv
[Run 1446/511994] ✅ Saved: nist_libs_2.5_wt_CeCl3_and_3.0_wt_CsCl_and_1.0_wt_MgCl2.csv
[Run 1447/511994] ✅ Saved: nist_libs_2.5_wt_CeCl3_and_3.0_wt_CsCl_and_1.5_wt_MgCl2.csv
[Run 1448/511994] ✅ Saved: nist_libs_2.5_wt_CeCl3_and_3.0_wt_CsCl_and_2.0_wt_MgCl2.csv
[Run 1450/511994] ✅ Saved: nist_libs_2.5_wt_CeCl3_and_3.0_wt_CsCl_and_3.0_wt_MgCl2.csv
[Run 1449/511994] ✅ Saved: nist_libs_2.5_wt_CeCl3_and_3.0_wt_CsCl_and_2.5_wt_MgCl2.csv
[Run 1451/511994] ✅ Saved: nist_libs_2.5_wt_CeCl3_and_3.0_wt_CsCl_and_3.5_wt_MgCl2.csv
[Run 1452/511994] ✅ Saved: nist_libs_2.5_wt_CeCl3_and_3.0_wt_CsCl_and_4.0_wt_MgCl2.csv
[Run 1453/511994] ✅ Saved: nist_libs_2.5_wt_CeCl3_and_3.0_wt_CsCl_and_4.5_wt_MgCl2.csv
[Run 1454/511994] ✅ Saved: nist_libs_2.5_wt_CeCl3_and_3.0_wt_CsCl_and_5.0_wt_MgCl2.csv
[Run 1455/511994] ✅ Saved: nist_libs_2.5_wt_CeCl3_and_3.5_wt_CsCl_and_0.5_wt_MgCl2.csv
[Run 1456/511994] ✅ Saved: nist_libs_2.5_wt_CeCl3_and_3.5_wt_CsCl_and_1.0_wt_MgCl2.csv
[Run 1457/511994] ✅ Saved: nist_libs_2.5_wt_CeCl3_and_3.5_wt_CsCl_and_1.5_wt_MgCl2.csv
[Run 1458/511994] ✅ Saved: nist_libs_2.5_wt_CeCl3_and_3.5_wt_CsCl_and_2.0_wt_MgCl2.csv
[Run 1459/511994] ✅ Saved: nist_libs_2.5_wt_CeCl3_and_3.5_wt_CsCl_and_2.5_wt_MgCl2.csv
[Run 1460/511994] ✅ Saved: nist_libs_2.5_wt_CeCl3_and_3.5_wt_CsCl_and_3.0_wt_MgCl2.csv
[Run 1461/511994] ✅ Saved: nist_libs_2.5_wt_CeCl3_and_3.5_wt_CsCl_and_3.5_wt_MgCl2.csv
[Run 1462/511994] ✅ Saved: nist_libs_2.5_wt_CeCl3_and_3.5_wt_CsCl_and_4.0_wt_MgCl2.csv
[Run 1463/511994] ✅ Saved: nist_libs_2.5_wt_CeCl3_and_3.5_wt_CsCl_and_4.5_wt_MgCl2.csv
[Run 1464/511994] ✅ Saved: nist_libs_2.5_wt_CeCl3_and_3.5_wt_CsCl_and_5.0_wt_MgCl2.csv
[Run 1465/511994] ✅ Saved: nist_libs_2.5_wt_CeCl3_and_4.0_wt_CsCl_and_0.5_wt_MgCl2.csv
[Run 1466/511994] ✅ Saved: nist_libs_2.5_wt_CeCl3_and_4.0_wt_CsCl_and_1.0_wt_MgCl2.csv
[Run 1467/511994] ✅ Saved: nist_libs_2.5_wt_CeCl3_and_4.0_wt_CsCl_and_1.5_wt_MgCl2.csv
[Run 1468/511994] ✅ Saved: nist_libs_2.5_wt_CeCl3_and_4.0_wt_CsCl_and_2.0_wt_MgCl2.csv
[Run 1469/511994] ✅ Saved: nist_libs_2.5_wt_CeCl3_and_4.0_wt_CsCl_and_2.5_wt_MgCl2.csv
[Run 1470/511994] ✅ Saved: nist_libs_2.5_wt_CeCl3_and_4.0_wt_CsCl_and_3.0_wt_MgCl2.csv
[Run 1471/511994] ✅ Saved: nist_libs_2.5_wt_CeCl3_and_4.0_wt_CsCl_and_3.5_wt_MgCl2.csv
[Run 1472/511994] ✅ Saved: nist_libs_2.5_wt_CeCl3_and_4.0_wt_CsCl_and_4.0_wt_MgCl2.csv
[Run 1473/511994] ✅ Saved: nist_libs_2.5_wt_CeCl3_and_4.0_wt_CsCl_and_4.5_wt_MgCl2.csv
[Run 1474/511994] ✅ Saved: nist_libs_2.5_wt_CeCl3_and_4.0_wt_CsCl_and_5.0_wt_MgCl2.csv
[Run 1475/511994] ✅ Saved: nist_libs_2.5_wt_CeCl3_and_4.5_wt_CsCl_and_0.5_wt_MgCl2.csv
[Run 1476/511994] ✅ Saved: nist_libs_2.5_wt_CeCl3_and_4.5_wt_CsCl_and_1.0_wt_MgCl2.csv
[Run 1477/511994] ✅ Saved: nist_libs_2.5_wt_CeCl3_and_4.5_wt_CsCl_and_1.5_wt_MgCl2.csv
[Run 1478/511994] ✅ Saved: nist_libs_2.5_wt_CeCl3_and_4.5_wt_CsCl_and_2.0_wt_MgCl2.csv
[Run 1479/511994] ✅ Saved: nist_libs_2.5_wt_CeCl3_and_4.5_wt_CsCl_and_2.5_wt_MgCl2.csv
[Run 1480/511994] ✅ Saved: nist_libs_2.5_wt_CeCl3_and_4.5_wt_CsCl_and_3.0_wt_MgCl2.csv
[Run 1481/511994] ✅ Saved: nist_libs_2.5_wt_CeCl3_and_4.5_wt_CsCl_and_3.5_wt_MgCl2.csv
[Run 1482/511994] ✅ Saved: nist_libs_2.5_wt_CeCl3_and_4.5_wt_CsCl_and_4.0_wt_MgCl2.csv
[Run 1483/511994] ✅ Saved: nist_libs_2.5_wt_CeCl3_and_4.5_wt_CsCl_and_4.5_wt_MgCl2.csv
[Run 1484/511994] ✅ Saved: nist_libs_2.5_wt_CeCl3_and_4.5_wt_CsCl_and_5.0_wt_MgCl2.csv
[Run 1485/511994] ✅ Saved: nist_libs_2.5_wt_CeCl3_and_5.0_wt_CsCl_and_0.5_wt_MgCl2.csv
[Run 1486/511994] ✅ Saved: nist_libs_2.5_wt_CeCl3_and_5.0_wt_CsCl_and_1.0_wt_MgCl2.csv
[Run 1487/511994] ✅ Saved: nist_libs_2.5_wt_CeCl3_and_5.0_wt_CsCl_and_1.5_wt_MgCl2.csv
[Run 1488/511994] ✅ Saved: nist_libs_2.5_wt_CeCl3_and_5.0_wt_CsCl_and_2.0_wt_MgCl2.csv
[Run 1489/511994] ✅ Saved: nist_libs_2.5_wt_CeCl3_and_5.0_wt_CsCl_and_2.5_wt_MgCl2.csv
[Run 1490/511994] ✅ Saved: nist_libs_2.5_wt_CeCl3_and_5.0_wt_CsCl_and_3.0_wt_MgCl2.csv
[Run 1491/511994] ✅ Saved: nist_libs_2.5_wt_CeCl3_and_5.0_wt_CsCl_and_3.5_wt_MgCl2.csv
[Run 1493/511994] ✅ Saved: nist_libs_2.5_wt_CeCl3_and_5.0_wt_CsCl_and_4.5_wt_MgCl2.csv
[Run 1492/511994] ✅ Saved: nist_libs_2.5_wt_CeCl3_and_5.0_wt_CsCl_and_4.0_wt_MgCl2.csv
[Run 1494/511994] ✅ Saved: nist_libs_2.5_wt_CeCl3_and_5.0_wt_CsCl_and_5.0_wt_MgCl2.csv
[Run 1495/511994] ✅ Saved: nist_libs_3.0_wt_CeCl3_and_0.5_wt_CsCl_and_0.5_wt_MgCl2.csv
[Run 1496/511994] ✅ Saved: nist_libs_3.0_wt_CeCl3_and_0.5_wt_CsCl_and_1.0_wt_MgCl2.csv
[Run 1497/511994] ✅ Saved: nist_libs_3.0_wt_CeCl3_and_0.5_wt_CsCl_and_1.5_wt_MgCl2.csv
[Run 1498/511994] ✅ Saved: nist_libs_3.0_wt_CeCl3_and_0.5_wt_CsCl_and_2.0_wt_MgCl2.csv
[Run 1499/511994] ✅ Saved: nist_libs_3.0_wt_CeCl3_and_0.5_wt_CsCl_and_2.5_wt_MgCl2.csv
[Run 1500/511994] ✅ Saved: nist_libs_3.0_wt_CeCl3_and_0.5_wt_CsCl_and_3.0_wt_MgCl2.csv
[Run 1501/511994] ✅ Saved: nist_libs_3.0_wt_CeCl3_and_0.5_wt_CsCl_and_3.5_wt_MgCl2.csv
[Run 1502/511994] ✅ Saved: nist_libs_3.0_wt_CeCl3_and_0.5_wt_CsCl_and_4.0_wt_MgCl2.csv
[Run 1503/511994] ✅ Saved: nist_libs_3.0_wt_CeCl3_and_0.5_wt_CsCl_and_4.5_wt_MgCl2.csv
[Run 1504/511994] ✅ Saved: nist_libs_3.0_wt_CeCl3_and_0.5_wt_CsCl_and_5.0_wt_MgCl2.csv
[Run 1505/511994] ✅ Saved: nist_libs_3.0_wt_CeCl3_and_1.0_wt_CsCl_and_0.5_wt_MgCl2.csv
[Run 1506/511994] ✅ Saved: nist_libs_3.0_wt_CeCl3_and_1.0_wt_CsCl_and_1.0_wt_MgCl2.csv
[Run 1507/511994] ✅ Saved: nist_libs_3.0_wt_CeCl3_and_1.0_wt_CsCl_and_1.5_wt_MgCl2.csv
[Run 1508/511994] ✅ Saved: nist_libs_3.0_wt_CeCl3_and_1.0_wt_CsCl_and_2.0_wt_MgCl2.csv
[Run 1509/511994] ✅ Saved: nist_libs_3.0_wt_CeCl3_and_1.0_wt_CsCl_and_2.5_wt_MgCl2.csv
[Run 1510/511994] ✅ Saved: nist_libs_3.0_wt_CeCl3_and_1.0_wt_CsCl_and_3.0_wt_MgCl2.csv
[Run 1511/511994] ✅ Saved: nist_libs_3.0_wt_CeCl3_and_1.0_wt_CsCl_and_3.5_wt_MgCl2.csv
[Run 1512/511994] ✅ Saved: nist_libs_3.0_wt_CeCl3_and_1.0_wt_CsCl_and_4.0_wt_MgCl2.csv
[Run 1513/511994] ✅ Saved: nist_libs_3.0_wt_CeCl3_and_1.0_wt_CsCl_and_4.5_wt_MgCl2.csv
[Run 1514/511994] ✅ Saved: nist_libs_3.0_wt_CeCl3_and_1.0_wt_CsCl_and_5.0_wt_MgCl2.csv
[Run 1515/511994] ✅ Saved: nist_libs_3.0_wt_CeCl3_and_1.5_wt_CsCl_and_0.5_wt_MgCl2.csv
[Run 1516/511994] ✅ Saved: nist_libs_3.0_wt_CeCl3_and_1.5_wt_CsCl_and_1.0_wt_MgCl2.csv
[Run 1517/511994] ✅ Saved: nist_libs_3.0_wt_CeCl3_and_1.5_wt_CsCl_and_1.5_wt_MgCl2.csv
[Run 1518/511994] ✅ Saved: nist_libs_3.0_wt_CeCl3_and_1.5_wt_CsCl_and_2.0_wt_MgCl2.csv
[Run 1519/511994] ✅ Saved: nist_libs_3.0_wt_CeCl3_and_1.5_wt_CsCl_and_2.5_wt_MgCl2.csv
[Run 1520/511994] ✅ Saved: nist_libs_3.0_wt_CeCl3_and_1.5_wt_CsCl_and_3.0_wt_MgCl2.csv
[Run 1521/511994] ✅ Saved: nist_libs_3.0_wt_CeCl3_and_1.5_wt_CsCl_and_3.5_wt_MgCl2.csv
[Run 1522/511994] ✅ Saved: nist_libs_3.0_wt_CeCl3_and_1.5_wt_CsCl_and_4.0_wt_MgCl2.csv
[Run 1523/511994] ✅ Saved: nist_libs_3.0_wt_CeCl3_and_1.5_wt_CsCl_and_4.5_wt_MgCl2.csv
[Run 1524/511994] ✅ Saved: nist_libs_3.0_wt_CeCl3_and_1.5_wt_CsCl_and_5.0_wt_MgCl2.csv
[Run 1525/511994] ✅ Saved: nist_libs_3.0_wt_CeCl3_and_2.0_wt_CsCl_and_0.5_wt_MgCl2.csv
[Run 1526/511994] ✅ Saved: nist_libs_3.0_wt_CeCl3_and_2.0_wt_CsCl_and_1.0_wt_MgCl2.csv
[Run 1527/511994] ✅ Saved: nist_libs_3.0_wt_CeCl3_and_2.0_wt_CsCl_and_1.5_wt_MgCl2.csv
[Run 1528/511994] ✅ Saved: nist_libs_3.0_wt_CeCl3_and_2.0_wt_CsCl_and_2.0_wt_MgCl2.csv
[Run 1529/511994] ✅ Saved: nist_libs_3.0_wt_CeCl3_and_2.0_wt_CsCl_and_2.5_wt_MgCl2.csv
[Run 1530/511994] ✅ Saved: nist_libs_3.0_wt_CeCl3_and_2.0_wt_CsCl_and_3.0_wt_MgCl2.csv
[Run 1531/511994] ✅ Saved: nist_libs_3.0_wt_CeCl3_and_2.0_wt_CsCl_and_3.5_wt_MgCl2.csv
[Run 1532/511994] ✅ Saved: nist_libs_3.0_wt_CeCl3_and_2.0_wt_CsCl_and_4.0_wt_MgCl2.csv
[Run 1533/511994] ✅ Saved: nist_libs_3.0_wt_CeCl3_and_2.0_wt_CsCl_and_4.5_wt_MgCl2.csv
[Run 1534/511994] ✅ Saved: nist_libs_3.0_wt_CeCl3_and_2.0_wt_CsCl_and_5.0_wt_MgCl2.csv
[Run 1535/511994] ✅ Saved: nist_libs_3.0_wt_CeCl3_and_2.5_wt_CsCl_and_0.5_wt_MgCl2.csv
[Run 1536/511994] ✅ Saved: nist_libs_3.0_wt_CeCl3_and_2.5_wt_CsCl_and_1.0_wt_MgCl2.csv
[Run 1537/511994] ✅ Saved: nist_libs_3.0_wt_CeCl3_and_2.5_wt_CsCl_and_1.5_wt_MgCl2.csv
[Run 1538/511994] ✅ Saved: nist_libs_3.0_wt_CeCl3_and_2.5_wt_CsCl_and_2.0_wt_MgCl2.csv
[Run 1539/511994] ✅ Saved: nist_libs_3.0_wt_CeCl3_and_2.5_wt_CsCl_and_2.5_wt_MgCl2.csv
[Run 1540/511994] ✅ Saved: nist_libs_3.0_wt_CeCl3_and_2.5_wt_CsCl_and_3.0_wt_MgCl2.csv
[Run 1541/511994] ✅ Saved: nist_libs_3.0_wt_CeCl3_and_2.5_wt_CsCl_and_3.5_wt_MgCl2.csv
[Run 1542/511994] ✅ Saved: nist_libs_3.0_wt_CeCl3_and_2.5_wt_CsCl_and_4.0_wt_MgCl2.csv
[Run 1543/511994] ✅ Saved: nist_libs_3.0_wt_CeCl3_and_2.5_wt_CsCl_and_4.5_wt_MgCl2.csv
[Run 1544/511994] ✅ Saved: nist_libs_3.0_wt_CeCl3_and_2.5_wt_CsCl_and_5.0_wt_MgCl2.csv
[Run 1545/511994] ✅ Saved: nist_libs_3.0_wt_CeCl3_and_3.0_wt_CsCl_and_0.5_wt_MgCl2.csv
[Run 1546/511994] ✅ Saved: nist_libs_3.0_wt_CeCl3_and_3.0_wt_CsCl_and_1.0_wt_MgCl2.csv
[Run 1547/511994] ✅ Saved: nist_libs_3.0_wt_CeCl3_and_3.0_wt_CsCl_and_1.5_wt_MgCl2.csv
[Run 1548/511994] ✅ Saved: nist_libs_3.0_wt_CeCl3_and_3.0_wt_CsCl_and_2.0_wt_MgCl2.csv
[Run 1549/511994] ✅ Saved: nist_libs_3.0_wt_CeCl3_and_3.0_wt_CsCl_and_2.5_wt_MgCl2.csv
[Run 1550/511994] ✅ Saved: nist_libs_3.0_wt_CeCl3_and_3.0_wt_CsCl_and_3.0_wt_MgCl2.csv
[Run 1551/511994] ✅ Saved: nist_libs_3.0_wt_CeCl3_and_3.0_wt_CsCl_and_3.5_wt_MgCl2.csv
[Run 1552/511994] ✅ Saved: nist_libs_3.0_wt_CeCl3_and_3.0_wt_CsCl_and_4.0_wt_MgCl2.csv
[Run 1553/511994] ✅ Saved: nist_libs_3.0_wt_CeCl3_and_3.0_wt_CsCl_and_4.5_wt_MgCl2.csv
[Run 1554/511994] ✅ Saved: nist_libs_3.0_wt_CeCl3_and_3.0_wt_CsCl_and_5.0_wt_MgCl2.csv
[Run 1555/511994] ✅ Saved: nist_libs_3.0_wt_CeCl3_and_3.5_wt_CsCl_and_0.5_wt_MgCl2.csv
[Run 1556/511994] ✅ Saved: nist_libs_3.0_wt_CeCl3_and_3.5_wt_CsCl_and_1.0_wt_MgCl2.csv
[Run 1557/511994] ✅ Saved: nist_libs_3.0_wt_CeCl3_and_3.5_wt_CsCl_and_1.5_wt_MgCl2.csv
[Run 1558/511994] ✅ Saved: nist_libs_3.0_wt_CeCl3_and_3.5_wt_CsCl_and_2.0_wt_MgCl2.csv
[Run 1559/511994] ✅ Saved: nist_libs_3.0_wt_CeCl3_and_3.5_wt_CsCl_and_2.5_wt_MgCl2.csv
[Run 1560/511994] ✅ Saved: nist_libs_3.0_wt_CeCl3_and_3.5_wt_CsCl_and_3.0_wt_MgCl2.csv
[Run 1561/511994] ✅ Saved: nist_libs_3.0_wt_CeCl3_and_3.5_wt_CsCl_and_3.5_wt_MgCl2.csv
[Run 1563/511994] ✅ Saved: nist_libs_3.0_wt_CeCl3_and_3.5_wt_CsCl_and_4.5_wt_MgCl2.csv
[Run 1562/511994] ✅ Saved: nist_libs_3.0_wt_CeCl3_and_3.5_wt_CsCl_and_4.0_wt_MgCl2.csv
[Run 1564/511994] ✅ Saved: nist_libs_3.0_wt_CeCl3_and_3.5_wt_CsCl_and_5.0_wt_MgCl2.csv
[Run 1565/511994] ✅ Saved: nist_libs_3.0_wt_CeCl3_and_4.0_wt_CsCl_and_0.5_wt_MgCl2.csv
[Run 1566/511994] ✅ Saved: nist_libs_3.0_wt_CeCl3_and_4.0_wt_CsCl_and_1.0_wt_MgCl2.csv
[Run 1567/511994] ✅ Saved: nist_libs_3.0_wt_CeCl3_and_4.0_wt_CsCl_and_1.5_wt_MgCl2.csv
[Run 1568/511994] ✅ Saved: nist_libs_3.0_wt_CeCl3_and_4.0_wt_CsCl_and_2.0_wt_MgCl2.csv
[Run 1569/511994] ✅ Saved: nist_libs_3.0_wt_CeCl3_and_4.0_wt_CsCl_and_2.5_wt_MgCl2.csv
[Run 1570/511994] ✅ Saved: nist_libs_3.0_wt_CeCl3_and_4.0_wt_CsCl_and_3.0_wt_MgCl2.csv
[Run 1571/511994] ✅ Saved: nist_libs_3.0_wt_CeCl3_and_4.0_wt_CsCl_and_3.5_wt_MgCl2.csv
[Run 1572/511994] ✅ Saved: nist_libs_3.0_wt_CeCl3_and_4.0_wt_CsCl_and_4.0_wt_MgCl2.csv
[Run 1573/511994] ✅ Saved: nist_libs_3.0_wt_CeCl3_and_4.0_wt_CsCl_and_4.5_wt_MgCl2.csv
[Run 1574/511994] ✅ Saved: nist_libs_3.0_wt_CeCl3_and_4.0_wt_CsCl_and_5.0_wt_MgCl2.csv
[Run 1575/511994] ✅ Saved: nist_libs_3.0_wt_CeCl3_and_4.5_wt_CsCl_and_0.5_wt_MgCl2.csv
[Run 1576/511994] ✅ Saved: nist_libs_3.0_wt_CeCl3_and_4.5_wt_CsCl_and_1.0_wt_MgCl2.csv
[Run 1577/511994] ✅ Saved: nist_libs_3.0_wt_CeCl3_and_4.5_wt_CsCl_and_1.5_wt_MgCl2.csv
[Run 1578/511994] ✅ Saved: nist_libs_3.0_wt_CeCl3_and_4.5_wt_CsCl_and_2.0_wt_MgCl2.csv
[Run 1579/511994] ✅ Saved: nist_libs_3.0_wt_CeCl3_and_4.5_wt_CsCl_and_2.5_wt_MgCl2.csv
[Run 1580/511994] ✅ Saved: nist_libs_3.0_wt_CeCl3_and_4.5_wt_CsCl_and_3.0_wt_MgCl2.csv
[Run 1581/511994] ✅ Saved: nist_libs_3.0_wt_CeCl3_and_4.5_wt_CsCl_and_3.5_wt_MgCl2.csv
[Run 1583/511994] ✅ Saved: nist_libs_3.0_wt_CeCl3_and_4.5_wt_CsCl_and_4.5_wt_MgCl2.csv
[Run 1582/511994] ✅ Saved: nist_libs_3.0_wt_CeCl3_and_4.5_wt_CsCl_and_4.0_wt_MgCl2.csv
[Run 1584/511994] ✅ Saved: nist_libs_3.0_wt_CeCl3_and_4.5_wt_CsCl_and_5.0_wt_MgCl2.csv
[Run 1585/511994] ✅ Saved: nist_libs_3.0_wt_CeCl3_and_5.0_wt_CsCl_and_0.5_wt_MgCl2.csv
[Run 1586/511994] ✅ Saved: nist_libs_3.0_wt_CeCl3_and_5.0_wt_CsCl_and_1.0_wt_MgCl2.csv
[Run 1587/511994] ✅ Saved: nist_libs_3.0_wt_CeCl3_and_5.0_wt_CsCl_and_1.5_wt_MgCl2.csv
[Run 1589/511994] ✅ Saved: nist_libs_3.0_wt_CeCl3_and_5.0_wt_CsCl_and_2.5_wt_MgCl2.csv
[Run 1588/511994] ✅ Saved: nist_libs_3.0_wt_CeCl3_and_5.0_wt_CsCl_and_2.0_wt_MgCl2.csv
[Run 1590/511994] ✅ Saved: nist_libs_3.0_wt_CeCl3_and_5.0_wt_CsCl_and_3.0_wt_MgCl2.csv
[Run 1591/511994] ✅ Saved: nist_libs_3.0_wt_CeCl3_and_5.0_wt_CsCl_and_3.5_wt_MgCl2.csv
[Run 1593/511994] ✅ Saved: nist_libs_3.0_wt_CeCl3_and_5.0_wt_CsCl_and_4.5_wt_MgCl2.csv
[Run 1592/511994] ✅ Saved: nist_libs_3.0_wt_CeCl3_and_5.0_wt_CsCl_and_4.0_wt_MgCl2.csv
[Run 1594/511994] ✅ Saved: nist_libs_3.0_wt_CeCl3_and_5.0_wt_CsCl_and_5.0_wt_MgCl2.csv
[Run 1595/511994] ✅ Saved: nist_libs_3.5_wt_CeCl3_and_0.5_wt_CsCl_and_0.5_wt_MgCl2.csv
[Run 1597/511994] ✅ Saved: nist_libs_3.5_wt_CeCl3_and_0.5_wt_CsCl_and_1.5_wt_MgCl2.csv
[Run 1596/511994] ✅ Saved: nist_libs_3.5_wt_CeCl3_and_0.5_wt_CsCl_and_1.0_wt_MgCl2.csv
[Run 1598/511994] ✅ Saved: nist_libs_3.5_wt_CeCl3_and_0.5_wt_CsCl_and_2.0_wt_MgCl2.csv
[Run 1599/511994] ✅ Saved: nist_libs_3.5_wt_CeCl3_and_0.5_wt_CsCl_and_2.5_wt_MgCl2.csv
[Run 1600/511994] ✅ Saved: nist_libs_3.5_wt_CeCl3_and_0.5_wt_CsCl_and_3.0_wt_MgCl2.csv
[Run 1601/511994] ✅ Saved: nist_libs_3.5_wt_CeCl3_and_0.5_wt_CsCl_and_3.5_wt_MgCl2.csv
[Run 1602/511994] ✅ Saved: nist_libs_3.5_wt_CeCl3_and_0.5_wt_CsCl_and_4.0_wt_MgCl2.csv
[Run 1604/511994] ✅ Saved: nist_libs_3.5_wt_CeCl3_and_0.5_wt_CsCl_and_5.0_wt_MgCl2.csv
[Run 1603/511994] ✅ Saved: nist_libs_3.5_wt_CeCl3_and_0.5_wt_CsCl_and_4.5_wt_MgCl2.csv
[Run 1605/511994] ✅ Saved: nist_libs_3.5_wt_CeCl3_and_1.0_wt_CsCl_and_0.5_wt_MgCl2.csv
[Run 1606/511994] ✅ Saved: nist_libs_3.5_wt_CeCl3_and_1.0_wt_CsCl_and_1.0_wt_MgCl2.csv
[Run 1607/511994] ✅ Saved: nist_libs_3.5_wt_CeCl3_and_1.0_wt_CsCl_and_1.5_wt_MgCl2.csv
[Run 1608/511994] ✅ Saved: nist_libs_3.5_wt_CeCl3_and_1.0_wt_CsCl_and_2.0_wt_MgCl2.csv
[Run 1609/511994] ✅ Saved: nist_libs_3.5_wt_CeCl3_and_1.0_wt_CsCl_and_2.5_wt_MgCl2.csv
[Run 1610/511994] ✅ Saved: nist_libs_3.5_wt_CeCl3_and_1.0_wt_CsCl_and_3.0_wt_MgCl2.csv
[Run 1611/511994] ✅ Saved: nist_libs_3.5_wt_CeCl3_and_1.0_wt_CsCl_and_3.5_wt_MgCl2.csv
[Run 1612/511994] ✅ Saved: nist_libs_3.5_wt_CeCl3_and_1.0_wt_CsCl_and_4.0_wt_MgCl2.csv
[Run 1613/511994] ✅ Saved: nist_libs_3.5_wt_CeCl3_and_1.0_wt_CsCl_and_4.5_wt_MgCl2.csv
[Run 1614/511994] ✅ Saved: nist_libs_3.5_wt_CeCl3_and_1.0_wt_CsCl_and_5.0_wt_MgCl2.csv
[Run 1615/511994] ✅ Saved: nist_libs_3.5_wt_CeCl3_and_1.5_wt_CsCl_and_0.5_wt_MgCl2.csv
[Run 1616/511994] ✅ Saved: nist_libs_3.5_wt_CeCl3_and_1.5_wt_CsCl_and_1.0_wt_MgCl2.csv
[Run 1617/511994] ✅ Saved: nist_libs_3.5_wt_CeCl3_and_1.5_wt_CsCl_and_1.5_wt_MgCl2.csv
[Run 1618/511994] ✅ Saved: nist_libs_3.5_wt_CeCl3_and_1.5_wt_CsCl_and_2.0_wt_MgCl2.csv
[Run 1619/511994] ✅ Saved: nist_libs_3.5_wt_CeCl3_and_1.5_wt_CsCl_and_2.5_wt_MgCl2.csv
[Run 1620/511994] ✅ Saved: nist_libs_3.5_wt_CeCl3_and_1.5_wt_CsCl_and_3.0_wt_MgCl2.csv
[Run 1622/511994] ✅ Saved: nist_libs_3.5_wt_CeCl3_and_1.5_wt_CsCl_and_4.0_wt_MgCl2.csv
[Run 1621/511994] ✅ Saved: nist_libs_3.5_wt_CeCl3_and_1.5_wt_CsCl_and_3.5_wt_MgCl2.csv
[Run 1623/511994] ✅ Saved: nist_libs_3.5_wt_CeCl3_and_1.5_wt_CsCl_and_4.5_wt_MgCl2.csv
[Run 1624/511994] ✅ Saved: nist_libs_3.5_wt_CeCl3_and_1.5_wt_CsCl_and_5.0_wt_MgCl2.csv
[Run 1625/511994] ✅ Saved: nist_libs_3.5_wt_CeCl3_and_2.0_wt_CsCl_and_0.5_wt_MgCl2.csv
[Run 1626/511994] ✅ Saved: nist_libs_3.5_wt_CeCl3_and_2.0_wt_CsCl_and_1.0_wt_MgCl2.csv
[Run 1627/511994] ✅ Saved: nist_libs_3.5_wt_CeCl3_and_2.0_wt_CsCl_and_1.5_wt_MgCl2.csv
[Run 1628/511994] ✅ Saved: nist_libs_3.5_wt_CeCl3_and_2.0_wt_CsCl_and_2.0_wt_MgCl2.csv
[Run 1630/511994] ✅ Saved: nist_libs_3.5_wt_CeCl3_and_2.0_wt_CsCl_and_3.0_wt_MgCl2.csv
[Run 1629/511994] ✅ Saved: nist_libs_3.5_wt_CeCl3_and_2.0_wt_CsCl_and_2.5_wt_MgCl2.csv
[Run 1631/511994] ✅ Saved: nist_libs_3.5_wt_CeCl3_and_2.0_wt_CsCl_and_3.5_wt_MgCl2.csv
[Run 1632/511994] ✅ Saved: nist_libs_3.5_wt_CeCl3_and_2.0_wt_CsCl_and_4.0_wt_MgCl2.csv
[Run 1633/511994] ✅ Saved: nist_libs_3.5_wt_CeCl3_and_2.0_wt_CsCl_and_4.5_wt_MgCl2.csv
[Run 1634/511994] ✅ Saved: nist_libs_3.5_wt_CeCl3_and_2.0_wt_CsCl_and_5.0_wt_MgCl2.csv
[Run 1635/511994] ✅ Saved: nist_libs_3.5_wt_CeCl3_and_2.5_wt_CsCl_and_0.5_wt_MgCl2.csv
[Run 1636/511994] ✅ Saved: nist_libs_3.5_wt_CeCl3_and_2.5_wt_CsCl_and_1.0_wt_MgCl2.csv
[Run 1637/511994] ✅ Saved: nist_libs_3.5_wt_CeCl3_and_2.5_wt_CsCl_and_1.5_wt_MgCl2.csv
[Run 1638/511994] ✅ Saved: nist_libs_3.5_wt_CeCl3_and_2.5_wt_CsCl_and_2.0_wt_MgCl2.csv
[Run 1639/511994] ✅ Saved: nist_libs_3.5_wt_CeCl3_and_2.5_wt_CsCl_and_2.5_wt_MgCl2.csv
[Run 1640/511994] ✅ Saved: nist_libs_3.5_wt_CeCl3_and_2.5_wt_CsCl_and_3.0_wt_MgCl2.csv
[Run 1641/511994] ✅ Saved: nist_libs_3.5_wt_CeCl3_and_2.5_wt_CsCl_and_3.5_wt_MgCl2.csv
[Run 1642/511994] ✅ Saved: nist_libs_3.5_wt_CeCl3_and_2.5_wt_CsCl_and_4.0_wt_MgCl2.csv
[Run 1644/511994] ✅ Saved: nist_libs_3.5_wt_CeCl3_and_2.5_wt_CsCl_and_5.0_wt_MgCl2.csv
[Run 1645/511994] ✅ Saved: nist_libs_3.5_wt_CeCl3_and_3.0_wt_CsCl_and_0.5_wt_MgCl2.csv
[Run 1643/511994] ✅ Saved: nist_libs_3.5_wt_CeCl3_and_2.5_wt_CsCl_and_4.5_wt_MgCl2.csv
[Run 1646/511994] ✅ Saved: nist_libs_3.5_wt_CeCl3_and_3.0_wt_CsCl_and_1.0_wt_MgCl2.csv
[Run 1649/511994] ✅ Saved: nist_libs_3.5_wt_CeCl3_and_3.0_wt_CsCl_and_2.5_wt_MgCl2.csv
[Run 1647/511994] ✅ Saved: nist_libs_3.5_wt_CeCl3_and_3.0_wt_CsCl_and_1.5_wt_MgCl2.csv
[Run 1648/511994] ✅ Saved: nist_libs_3.5_wt_CeCl3_and_3.0_wt_CsCl_and_2.0_wt_MgCl2.csv
[Run 1650/511994] ✅ Saved: nist_libs_3.5_wt_CeCl3_and_3.0_wt_CsCl_and_3.0_wt_MgCl2.csv
[Run 1651/511994] ✅ Saved: nist_libs_3.5_wt_CeCl3_and_3.0_wt_CsCl_and_3.5_wt_MgCl2.csv
[Run 1652/511994] ✅ Saved: nist_libs_3.5_wt_CeCl3_and_3.0_wt_CsCl_and_4.0_wt_MgCl2.csv
[Run 1653/511994] ✅ Saved: nist_libs_3.5_wt_CeCl3_and_3.0_wt_CsCl_and_4.5_wt_MgCl2.csv
[Run 1654/511994] ✅ Saved: nist_libs_3.5_wt_CeCl3_and_3.0_wt_CsCl_and_5.0_wt_MgCl2.csv
[Run 1655/511994] ✅ Saved: nist_libs_3.5_wt_CeCl3_and_3.5_wt_CsCl_and_0.5_wt_MgCl2.csv
[Run 1656/511994] ✅ Saved: nist_libs_3.5_wt_CeCl3_and_3.5_wt_CsCl_and_1.0_wt_MgCl2.csv
[Run 1657/511994] ✅ Saved: nist_libs_3.5_wt_CeCl3_and_3.5_wt_CsCl_and_1.5_wt_MgCl2.csv
[Run 1658/511994] ✅ Saved: nist_libs_3.5_wt_CeCl3_and_3.5_wt_CsCl_and_2.0_wt_MgCl2.csv
[Run 1659/511994] ✅ Saved: nist_libs_3.5_wt_CeCl3_and_3.5_wt_CsCl_and_2.5_wt_MgCl2.csv
[Run 1661/511994] ✅ Saved: nist_libs_3.5_wt_CeCl3_and_3.5_wt_CsCl_and_3.5_wt_MgCl2.csv
[Run 1660/511994] ✅ Saved: nist_libs_3.5_wt_CeCl3_and_3.5_wt_CsCl_and_3.0_wt_MgCl2.csv
[Run 1662/511994] ✅ Saved: nist_libs_3.5_wt_CeCl3_and_3.5_wt_CsCl_and_4.0_wt_MgCl2.csv
[Run 1663/511994] ✅ Saved: nist_libs_3.5_wt_CeCl3_and_3.5_wt_CsCl_and_4.5_wt_MgCl2.csv
[Run 1664/511994] ✅ Saved: nist_libs_3.5_wt_CeCl3_and_3.5_wt_CsCl_and_5.0_wt_MgCl2.csv
[Run 1665/511994] ✅ Saved: nist_libs_3.5_wt_CeCl3_and_4.0_wt_CsCl_and_0.5_wt_MgCl2.csv
[Run 1666/511994] ✅ Saved: nist_libs_3.5_wt_CeCl3_and_4.0_wt_CsCl_and_1.0_wt_MgCl2.csv
[Run 1667/511994] ✅ Saved: nist_libs_3.5_wt_CeCl3_and_4.0_wt_CsCl_and_1.5_wt_MgCl2.csv
[Run 1668/511994] ✅ Saved: nist_libs_3.5_wt_CeCl3_and_4.0_wt_CsCl_and_2.0_wt_MgCl2.csv
[Run 1669/511994] ✅ Saved: nist_libs_3.5_wt_CeCl3_and_4.0_wt_CsCl_and_2.5_wt_MgCl2.csv
[Run 1670/511994] ✅ Saved: nist_libs_3.5_wt_CeCl3_and_4.0_wt_CsCl_and_3.0_wt_MgCl2.csv
[Run 1671/511994] ✅ Saved: nist_libs_3.5_wt_CeCl3_and_4.0_wt_CsCl_and_3.5_wt_MgCl2.csv
[Run 1672/511994] ✅ Saved: nist_libs_3.5_wt_CeCl3_and_4.0_wt_CsCl_and_4.0_wt_MgCl2.csv
[Run 1673/511994] ✅ Saved: nist_libs_3.5_wt_CeCl3_and_4.0_wt_CsCl_and_4.5_wt_MgCl2.csv
[Run 1675/511994] ✅ Saved: nist_libs_3.5_wt_CeCl3_and_4.5_wt_CsCl_and_0.5_wt_MgCl2.csv
[Run 1674/511994] ✅ Saved: nist_libs_3.5_wt_CeCl3_and_4.0_wt_CsCl_and_5.0_wt_MgCl2.csv
[Run 1676/511994] ✅ Saved: nist_libs_3.5_wt_CeCl3_and_4.5_wt_CsCl_and_1.0_wt_MgCl2.csv
[Run 1678/511994] ✅ Saved: nist_libs_3.5_wt_CeCl3_and_4.5_wt_CsCl_and_2.0_wt_MgCl2.csv
[Run 1677/511994] ✅ Saved: nist_libs_3.5_wt_CeCl3_and_4.5_wt_CsCl_and_1.5_wt_MgCl2.csv
[Run 1679/511994] ✅ Saved: nist_libs_3.5_wt_CeCl3_and_4.5_wt_CsCl_and_2.5_wt_MgCl2.csv
[Run 1680/511994] ✅ Saved: nist_libs_3.5_wt_CeCl3_and_4.5_wt_CsCl_and_3.0_wt_MgCl2.csv
[Run 1681/511994] ✅ Saved: nist_libs_3.5_wt_CeCl3_and_4.5_wt_CsCl_and_3.5_wt_MgCl2.csv
[Run 1683/511994] ✅ Saved: nist_libs_3.5_wt_CeCl3_and_4.5_wt_CsCl_and_4.5_wt_MgCl2.csv
[Run 1682/511994] ✅ Saved: nist_libs_3.5_wt_CeCl3_and_4.5_wt_CsCl_and_4.0_wt_MgCl2.csv
[Run 1684/511994] ✅ Saved: nist_libs_3.5_wt_CeCl3_and_4.5_wt_CsCl_and_5.0_wt_MgCl2.csv
[Run 1685/511994] ✅ Saved: nist_libs_3.5_wt_CeCl3_and_5.0_wt_CsCl_and_0.5_wt_MgCl2.csv
[Run 1687/511994] ✅ Saved: nist_libs_3.5_wt_CeCl3_and_5.0_wt_CsCl_and_1.5_wt_MgCl2.csv
[Run 1686/511994] ✅ Saved: nist_libs_3.5_wt_CeCl3_and_5.0_wt_CsCl_and_1.0_wt_MgCl2.csv
[Run 1688/511994] ✅ Saved: nist_libs_3.5_wt_CeCl3_and_5.0_wt_CsCl_and_2.0_wt_MgCl2.csv
[Run 1689/511994] ✅ Saved: nist_libs_3.5_wt_CeCl3_and_5.0_wt_CsCl_and_2.5_wt_MgCl2.csv
[Run 1690/511994] ✅ Saved: nist_libs_3.5_wt_CeCl3_and_5.0_wt_CsCl_and_3.0_wt_MgCl2.csv
[Run 1691/511994] ✅ Saved: nist_libs_3.5_wt_CeCl3_and_5.0_wt_CsCl_and_3.5_wt_MgCl2.csv
[Run 1692/511994] ✅ Saved: nist_libs_3.5_wt_CeCl3_and_5.0_wt_CsCl_and_4.0_wt_MgCl2.csv
[Run 1693/511994] ✅ Saved: nist_libs_3.5_wt_CeCl3_and_5.0_wt_CsCl_and_4.5_wt_MgCl2.csv
[Run 1695/511994] ✅ Saved: nist_libs_4.0_wt_CeCl3_and_0.5_wt_CsCl_and_0.5_wt_MgCl2.csv
[Run 1694/511994] ✅ Saved: nist_libs_3.5_wt_CeCl3_and_5.0_wt_CsCl_and_5.0_wt_MgCl2.csv
[Run 1696/511994] ✅ Saved: nist_libs_4.0_wt_CeCl3_and_0.5_wt_CsCl_and_1.0_wt_MgCl2.csv
[Run 1697/511994] ✅ Saved: nist_libs_4.0_wt_CeCl3_and_0.5_wt_CsCl_and_1.5_wt_MgCl2.csv
[Run 1698/511994] ✅ Saved: nist_libs_4.0_wt_CeCl3_and_0.5_wt_CsCl_and_2.0_wt_MgCl2.csv
[Run 1699/511994] ✅ Saved: nist_libs_4.0_wt_CeCl3_and_0.5_wt_CsCl_and_2.5_wt_MgCl2.csv
[Run 1700/511994] ✅ Saved: nist_libs_4.0_wt_CeCl3_and_0.5_wt_CsCl_and_3.0_wt_MgCl2.csv
[Run 1701/511994] ✅ Saved: nist_libs_4.0_wt_CeCl3_and_0.5_wt_CsCl_and_3.5_wt_MgCl2.csv
[Run 1702/511994] ✅ Saved: nist_libs_4.0_wt_CeCl3_and_0.5_wt_CsCl_and_4.0_wt_MgCl2.csv
[Run 1703/511994] ✅ Saved: nist_libs_4.0_wt_CeCl3_and_0.5_wt_CsCl_and_4.5_wt_MgCl2.csv
[Run 1704/511994] ✅ Saved: nist_libs_4.0_wt_CeCl3_and_0.5_wt_CsCl_and_5.0_wt_MgCl2.csv
[Run 1705/511994] ✅ Saved: nist_libs_4.0_wt_CeCl3_and_1.0_wt_CsCl_and_0.5_wt_MgCl2.csv
[Run 1706/511994] ✅ Saved: nist_libs_4.0_wt_CeCl3_and_1.0_wt_CsCl_and_1.0_wt_MgCl2.csv
[Run 1707/511994] ✅ Saved: nist_libs_4.0_wt_CeCl3_and_1.0_wt_CsCl_and_1.5_wt_MgCl2.csv
[Run 1708/511994] ✅ Saved: nist_libs_4.0_wt_CeCl3_and_1.0_wt_CsCl_and_2.0_wt_MgCl2.csv
[Run 1709/511994] ✅ Saved: nist_libs_4.0_wt_CeCl3_and_1.0_wt_CsCl_and_2.5_wt_MgCl2.csv
[Run 1710/511994] ✅ Saved: nist_libs_4.0_wt_CeCl3_and_1.0_wt_CsCl_and_3.0_wt_MgCl2.csv
[Run 1712/511994] ✅ Saved: nist_libs_4.0_wt_CeCl3_and_1.0_wt_CsCl_and_4.0_wt_MgCl2.csv
[Run 1713/511994] ✅ Saved: nist_libs_4.0_wt_CeCl3_and_1.0_wt_CsCl_and_4.5_wt_MgCl2.csv
[Run 1711/511994] ✅ Saved: nist_libs_4.0_wt_CeCl3_and_1.0_wt_CsCl_and_3.5_wt_MgCl2.csv
[Run 1714/511994] ✅ Saved: nist_libs_4.0_wt_CeCl3_and_1.0_wt_CsCl_and_5.0_wt_MgCl2.csv
[Run 1715/511994] ✅ Saved: nist_libs_4.0_wt_CeCl3_and_1.5_wt_CsCl_and_0.5_wt_MgCl2.csv
[Run 1717/511994] ✅ Saved: nist_libs_4.0_wt_CeCl3_and_1.5_wt_CsCl_and_1.5_wt_MgCl2.csv
[Run 1716/511994] ✅ Saved: nist_libs_4.0_wt_CeCl3_and_1.5_wt_CsCl_and_1.0_wt_MgCl2.csv
[Run 1718/511994] ✅ Saved: nist_libs_4.0_wt_CeCl3_and_1.5_wt_CsCl_and_2.0_wt_MgCl2.csv
[Run 1719/511994] ✅ Saved: nist_libs_4.0_wt_CeCl3_and_1.5_wt_CsCl_and_2.5_wt_MgCl2.csv
[Run 1720/511994] ✅ Saved: nist_libs_4.0_wt_CeCl3_and_1.5_wt_CsCl_and_3.0_wt_MgCl2.csv
[Run 1721/511994] ✅ Saved: nist_libs_4.0_wt_CeCl3_and_1.5_wt_CsCl_and_3.5_wt_MgCl2.csv
[Run 1722/511994] ✅ Saved: nist_libs_4.0_wt_CeCl3_and_1.5_wt_CsCl_and_4.0_wt_MgCl2.csv
[Run 1723/511994] ✅ Saved: nist_libs_4.0_wt_CeCl3_and_1.5_wt_CsCl_and_4.5_wt_MgCl2.csv
[Run 1724/511994] ✅ Saved: nist_libs_4.0_wt_CeCl3_and_1.5_wt_CsCl_and_5.0_wt_MgCl2.csv
[Run 1725/511994] ✅ Saved: nist_libs_4.0_wt_CeCl3_and_2.0_wt_CsCl_and_0.5_wt_MgCl2.csv
[Run 1726/511994] ✅ Saved: nist_libs_4.0_wt_CeCl3_and_2.0_wt_CsCl_and_1.0_wt_MgCl2.csv
[Run 1727/511994] ✅ Saved: nist_libs_4.0_wt_CeCl3_and_2.0_wt_CsCl_and_1.5_wt_MgCl2.csv
[Run 1728/511994] ✅ Saved: nist_libs_4.0_wt_CeCl3_and_2.0_wt_CsCl_and_2.0_wt_MgCl2.csv
[Run 1729/511994] ✅ Saved: nist_libs_4.0_wt_CeCl3_and_2.0_wt_CsCl_and_2.5_wt_MgCl2.csv
[Run 1730/511994] ✅ Saved: nist_libs_4.0_wt_CeCl3_and_2.0_wt_CsCl_and_3.0_wt_MgCl2.csv
[Run 1731/511994] ✅ Saved: nist_libs_4.0_wt_CeCl3_and_2.0_wt_CsCl_and_3.5_wt_MgCl2.csv
[Run 1732/511994] ✅ Saved: nist_libs_4.0_wt_CeCl3_and_2.0_wt_CsCl_and_4.0_wt_MgCl2.csv
[Run 1733/511994] ✅ Saved: nist_libs_4.0_wt_CeCl3_and_2.0_wt_CsCl_and_4.5_wt_MgCl2.csv
[Run 1734/511994] ✅ Saved: nist_libs_4.0_wt_CeCl3_and_2.0_wt_CsCl_and_5.0_wt_MgCl2.csv
[Run 1735/511994] ✅ Saved: nist_libs_4.0_wt_CeCl3_and_2.5_wt_CsCl_and_0.5_wt_MgCl2.csv
[Run 1736/511994] ✅ Saved: nist_libs_4.0_wt_CeCl3_and_2.5_wt_CsCl_and_1.0_wt_MgCl2.csv
[Run 1737/511994] ✅ Saved: nist_libs_4.0_wt_CeCl3_and_2.5_wt_CsCl_and_1.5_wt_MgCl2.csv
[Run 1738/511994] ✅ Saved: nist_libs_4.0_wt_CeCl3_and_2.5_wt_CsCl_and_2.0_wt_MgCl2.csv
[Run 1739/511994] ✅ Saved: nist_libs_4.0_wt_CeCl3_and_2.5_wt_CsCl_and_2.5_wt_MgCl2.csv
[Run 1740/511994] ✅ Saved: nist_libs_4.0_wt_CeCl3_and_2.5_wt_CsCl_and_3.0_wt_MgCl2.csv
[Run 1741/511994] ✅ Saved: nist_libs_4.0_wt_CeCl3_and_2.5_wt_CsCl_and_3.5_wt_MgCl2.csv
[Run 1742/511994] ✅ Saved: nist_libs_4.0_wt_CeCl3_and_2.5_wt_CsCl_and_4.0_wt_MgCl2.csv
[Run 1743/511994] ✅ Saved: nist_libs_4.0_wt_CeCl3_and_2.5_wt_CsCl_and_4.5_wt_MgCl2.csv
[Run 1744/511994] ✅ Saved: nist_libs_4.0_wt_CeCl3_and_2.5_wt_CsCl_and_5.0_wt_MgCl2.csv
[Run 1745/511994] ✅ Saved: nist_libs_4.0_wt_CeCl3_and_3.0_wt_CsCl_and_0.5_wt_MgCl2.csv
[Run 1747/511994] ✅ Saved: nist_libs_4.0_wt_CeCl3_and_3.0_wt_CsCl_and_1.5_wt_MgCl2.csv
[Run 1746/511994] ✅ Saved: nist_libs_4.0_wt_CeCl3_and_3.0_wt_CsCl_and_1.0_wt_MgCl2.csv
[Run 1748/511994] ✅ Saved: nist_libs_4.0_wt_CeCl3_and_3.0_wt_CsCl_and_2.0_wt_MgCl2.csv
[Run 1749/511994] ✅ Saved: nist_libs_4.0_wt_CeCl3_and_3.0_wt_CsCl_and_2.5_wt_MgCl2.csv
[Run 1750/511994] ✅ Saved: nist_libs_4.0_wt_CeCl3_and_3.0_wt_CsCl_and_3.0_wt_MgCl2.csv
[Run 1751/511994] ✅ Saved: nist_libs_4.0_wt_CeCl3_and_3.0_wt_CsCl_and_3.5_wt_MgCl2.csv
[Run 1752/511994] ✅ Saved: nist_libs_4.0_wt_CeCl3_and_3.0_wt_CsCl_and_4.0_wt_MgCl2.csv
[Run 1753/511994] ✅ Saved: nist_libs_4.0_wt_CeCl3_and_3.0_wt_CsCl_and_4.5_wt_MgCl2.csv
[Run 1755/511994] ✅ Saved: nist_libs_4.0_wt_CeCl3_and_3.5_wt_CsCl_and_0.5_wt_MgCl2.csv
[Run 1754/511994] ✅ Saved: nist_libs_4.0_wt_CeCl3_and_3.0_wt_CsCl_and_5.0_wt_MgCl2.csv
[Run 1756/511994] ✅ Saved: nist_libs_4.0_wt_CeCl3_and_3.5_wt_CsCl_and_1.0_wt_MgCl2.csv
[Run 1757/511994] ✅ Saved: nist_libs_4.0_wt_CeCl3_and_3.5_wt_CsCl_and_1.5_wt_MgCl2.csv
[Run 1758/511994] ✅ Saved: nist_libs_4.0_wt_CeCl3_and_3.5_wt_CsCl_and_2.0_wt_MgCl2.csv
[Run 1759/511994] ✅ Saved: nist_libs_4.0_wt_CeCl3_and_3.5_wt_CsCl_and_2.5_wt_MgCl2.csv
[Run 1760/511994] ✅ Saved: nist_libs_4.0_wt_CeCl3_and_3.5_wt_CsCl_and_3.0_wt_MgCl2.csv
[Run 1761/511994] ✅ Saved: nist_libs_4.0_wt_CeCl3_and_3.5_wt_CsCl_and_3.5_wt_MgCl2.csv
[Run 1762/511994] ✅ Saved: nist_libs_4.0_wt_CeCl3_and_3.5_wt_CsCl_and_4.0_wt_MgCl2.csv
[Run 1763/511994] ✅ Saved: nist_libs_4.0_wt_CeCl3_and_3.5_wt_CsCl_and_4.5_wt_MgCl2.csv
[Run 1764/511994] ✅ Saved: nist_libs_4.0_wt_CeCl3_and_3.5_wt_CsCl_and_5.0_wt_MgCl2.csv
[Run 1765/511994] ✅ Saved: nist_libs_4.0_wt_CeCl3_and_4.0_wt_CsCl_and_0.5_wt_MgCl2.csv
[Run 1766/511994] ✅ Saved: nist_libs_4.0_wt_CeCl3_and_4.0_wt_CsCl_and_1.0_wt_MgCl2.csv
[Run 1767/511994] ✅ Saved: nist_libs_4.0_wt_CeCl3_and_4.0_wt_CsCl_and_1.5_wt_MgCl2.csv
[Run 1768/511994] ✅ Saved: nist_libs_4.0_wt_CeCl3_and_4.0_wt_CsCl_and_2.0_wt_MgCl2.csv
[Run 1769/511994] ✅ Saved: nist_libs_4.0_wt_CeCl3_and_4.0_wt_CsCl_and_2.5_wt_MgCl2.csv
[Run 1770/511994] ✅ Saved: nist_libs_4.0_wt_CeCl3_and_4.0_wt_CsCl_and_3.0_wt_MgCl2.csv
[Run 1771/511994] ✅ Saved: nist_libs_4.0_wt_CeCl3_and_4.0_wt_CsCl_and_3.5_wt_MgCl2.csv
[Run 1772/511994] ✅ Saved: nist_libs_4.0_wt_CeCl3_and_4.0_wt_CsCl_and_4.0_wt_MgCl2.csv
[Run 1773/511994] ✅ Saved: nist_libs_4.0_wt_CeCl3_and_4.0_wt_CsCl_and_4.5_wt_MgCl2.csv
[Run 1774/511994] ✅ Saved: nist_libs_4.0_wt_CeCl3_and_4.0_wt_CsCl_and_5.0_wt_MgCl2.csv
[Run 1775/511994] ✅ Saved: nist_libs_4.0_wt_CeCl3_and_4.5_wt_CsCl_and_0.5_wt_MgCl2.csv
[Run 1776/511994] ✅ Saved: nist_libs_4.0_wt_CeCl3_and_4.5_wt_CsCl_and_1.0_wt_MgCl2.csv
[Run 1777/511994] ✅ Saved: nist_libs_4.0_wt_CeCl3_and_4.5_wt_CsCl_and_1.5_wt_MgCl2.csv
[Run 1779/511994] ✅ Saved: nist_libs_4.0_wt_CeCl3_and_4.5_wt_CsCl_and_2.5_wt_MgCl2.csv
[Run 1778/511994] ✅ Saved: nist_libs_4.0_wt_CeCl3_and_4.5_wt_CsCl_and_2.0_wt_MgCl2.csv
[Run 1781/511994] ✅ Saved: nist_libs_4.0_wt_CeCl3_and_4.5_wt_CsCl_and_3.5_wt_MgCl2.csv
[Run 1780/511994] ✅ Saved: nist_libs_4.0_wt_CeCl3_and_4.5_wt_CsCl_and_3.0_wt_MgCl2.csv
[Run 1784/511994] ✅ Saved: nist_libs_4.0_wt_CeCl3_and_4.5_wt_CsCl_and_5.0_wt_MgCl2.csv
[Run 1785/511994] ✅ Saved: nist_libs_4.0_wt_CeCl3_and_5.0_wt_CsCl_and_0.5_wt_MgCl2.csv
[Run 1783/511994] ✅ Saved: nist_libs_4.0_wt_CeCl3_and_4.5_wt_CsCl_and_4.5_wt_MgCl2.csv
[Run 1782/511994] ✅ Saved: nist_libs_4.0_wt_CeCl3_and_4.5_wt_CsCl_and_4.0_wt_MgCl2.csv
[Run 1786/511994] ✅ Saved: nist_libs_4.0_wt_CeCl3_and_5.0_wt_CsCl_and_1.0_wt_MgCl2.csv
[Run 1787/511994] ✅ Saved: nist_libs_4.0_wt_CeCl3_and_5.0_wt_CsCl_and_1.5_wt_MgCl2.csv
[Run 1788/511994] ✅ Saved: nist_libs_4.0_wt_CeCl3_and_5.0_wt_CsCl_and_2.0_wt_MgCl2.csv
[Run 1789/511994] ✅ Saved: nist_libs_4.0_wt_CeCl3_and_5.0_wt_CsCl_and_2.5_wt_MgCl2.csv
[Run 1790/511994] ✅ Saved: nist_libs_4.0_wt_CeCl3_and_5.0_wt_CsCl_and_3.0_wt_MgCl2.csv
[Run 1791/511994] ✅ Saved: nist_libs_4.0_wt_CeCl3_and_5.0_wt_CsCl_and_3.5_wt_MgCl2.csv
[Run 1793/511994] ✅ Saved: nist_libs_4.0_wt_CeCl3_and_5.0_wt_CsCl_and_4.5_wt_MgCl2.csv
[Run 1792/511994] ✅ Saved: nist_libs_4.0_wt_CeCl3_and_5.0_wt_CsCl_and_4.0_wt_MgCl2.csv
[Run 1795/511994] ✅ Saved: nist_libs_4.5_wt_CeCl3_and_0.5_wt_CsCl_and_0.5_wt_MgCl2.csv
[Run 1794/511994] ✅ Saved: nist_libs_4.0_wt_CeCl3_and_5.0_wt_CsCl_and_5.0_wt_MgCl2.csv
[Run 1796/511994] ✅ Saved: nist_libs_4.5_wt_CeCl3_and_0.5_wt_CsCl_and_1.0_wt_MgCl2.csv
[Run 1797/511994] ✅ Saved: nist_libs_4.5_wt_CeCl3_and_0.5_wt_CsCl_and_1.5_wt_MgCl2.csv
[Run 1798/511994] ✅ Saved: nist_libs_4.5_wt_CeCl3_and_0.5_wt_CsCl_and_2.0_wt_MgCl2.csv
[Run 1799/511994] ✅ Saved: nist_libs_4.5_wt_CeCl3_and_0.5_wt_CsCl_and_2.5_wt_MgCl2.csv
[Run 1801/511994] ✅ Saved: nist_libs_4.5_wt_CeCl3_and_0.5_wt_CsCl_and_3.5_wt_MgCl2.csv
[Run 1800/511994] ✅ Saved: nist_libs_4.5_wt_CeCl3_and_0.5_wt_CsCl_and_3.0_wt_MgCl2.csv
[Run 1802/511994] ✅ Saved: nist_libs_4.5_wt_CeCl3_and_0.5_wt_CsCl_and_4.0_wt_MgCl2.csv
[Run 1803/511994] ✅ Saved: nist_libs_4.5_wt_CeCl3_and_0.5_wt_CsCl_and_4.5_wt_MgCl2.csv
[Run 1805/511994] ✅ Saved: nist_libs_4.5_wt_CeCl3_and_1.0_wt_CsCl_and_0.5_wt_MgCl2.csv
[Run 1804/511994] ✅ Saved: nist_libs_4.5_wt_CeCl3_and_0.5_wt_CsCl_and_5.0_wt_MgCl2.csv
[Run 1806/511994] ✅ Saved: nist_libs_4.5_wt_CeCl3_and_1.0_wt_CsCl_and_1.0_wt_MgCl2.csv
[Run 1807/511994] ✅ Saved: nist_libs_4.5_wt_CeCl3_and_1.0_wt_CsCl_and_1.5_wt_MgCl2.csv
[Run 1809/511994] ✅ Saved: nist_libs_4.5_wt_CeCl3_and_1.0_wt_CsCl_and_2.5_wt_MgCl2.csv
[Run 1808/511994] ✅ Saved: nist_libs_4.5_wt_CeCl3_and_1.0_wt_CsCl_and_2.0_wt_MgCl2.csv
[Run 1810/511994] ✅ Saved: nist_libs_4.5_wt_CeCl3_and_1.0_wt_CsCl_and_3.0_wt_MgCl2.csv
[Run 1811/511994] ✅ Saved: nist_libs_4.5_wt_CeCl3_and_1.0_wt_CsCl_and_3.5_wt_MgCl2.csv
[Run 1812/511994] ✅ Saved: nist_libs_4.5_wt_CeCl3_and_1.0_wt_CsCl_and_4.0_wt_MgCl2.csv
[Run 1813/511994] ✅ Saved: nist_libs_4.5_wt_CeCl3_and_1.0_wt_CsCl_and_4.5_wt_MgCl2.csv
[Run 1814/511994] ✅ Saved: nist_libs_4.5_wt_CeCl3_and_1.0_wt_CsCl_and_5.0_wt_MgCl2.csv
[Run 1815/511994] ✅ Saved: nist_libs_4.5_wt_CeCl3_and_1.5_wt_CsCl_and_0.5_wt_MgCl2.csv
[Run 1816/511994] ✅ Saved: nist_libs_4.5_wt_CeCl3_and_1.5_wt_CsCl_and_1.0_wt_MgCl2.csv
[Run 1817/511994] ✅ Saved: nist_libs_4.5_wt_CeCl3_and_1.5_wt_CsCl_and_1.5_wt_MgCl2.csv
[Run 1819/511994] ✅ Saved: nist_libs_4.5_wt_CeCl3_and_1.5_wt_CsCl_and_2.5_wt_MgCl2.csv
[Run 1818/511994] ✅ Saved: nist_libs_4.5_wt_CeCl3_and_1.5_wt_CsCl_and_2.0_wt_MgCl2.csv
[Run 1820/511994] ✅ Saved: nist_libs_4.5_wt_CeCl3_and_1.5_wt_CsCl_and_3.0_wt_MgCl2.csv
[Run 1821/511994] ✅ Saved: nist_libs_4.5_wt_CeCl3_and_1.5_wt_CsCl_and_3.5_wt_MgCl2.csv
[Run 1822/511994] ✅ Saved: nist_libs_4.5_wt_CeCl3_and_1.5_wt_CsCl_and_4.0_wt_MgCl2.csv
[Run 1823/511994] ✅ Saved: nist_libs_4.5_wt_CeCl3_and_1.5_wt_CsCl_and_4.5_wt_MgCl2.csv
[Run 1824/511994] ✅ Saved: nist_libs_4.5_wt_CeCl3_and_1.5_wt_CsCl_and_5.0_wt_MgCl2.csv
[Run 1825/511994] ✅ Saved: nist_libs_4.5_wt_CeCl3_and_2.0_wt_CsCl_and_0.5_wt_MgCl2.csv
[Run 1826/511994] ✅ Saved: nist_libs_4.5_wt_CeCl3_and_2.0_wt_CsCl_and_1.0_wt_MgCl2.csv
[Run 1827/511994] ✅ Saved: nist_libs_4.5_wt_CeCl3_and_2.0_wt_CsCl_and_1.5_wt_MgCl2.csv
[Run 1828/511994] ✅ Saved: nist_libs_4.5_wt_CeCl3_and_2.0_wt_CsCl_and_2.0_wt_MgCl2.csv
[Run 1829/511994] ✅ Saved: nist_libs_4.5_wt_CeCl3_and_2.0_wt_CsCl_and_2.5_wt_MgCl2.csv
[Run 1830/511994] ✅ Saved: nist_libs_4.5_wt_CeCl3_and_2.0_wt_CsCl_and_3.0_wt_MgCl2.csv
[Run 1832/511994] ✅ Saved: nist_libs_4.5_wt_CeCl3_and_2.0_wt_CsCl_and_4.0_wt_MgCl2.csv
[Run 1831/511994] ✅ Saved: nist_libs_4.5_wt_CeCl3_and_2.0_wt_CsCl_and_3.5_wt_MgCl2.csv
[Run 1833/511994] ✅ Saved: nist_libs_4.5_wt_CeCl3_and_2.0_wt_CsCl_and_4.5_wt_MgCl2.csv
[Run 1834/511994] ✅ Saved: nist_libs_4.5_wt_CeCl3_and_2.0_wt_CsCl_and_5.0_wt_MgCl2.csv
[Run 1835/511994] ✅ Saved: nist_libs_4.5_wt_CeCl3_and_2.5_wt_CsCl_and_0.5_wt_MgCl2.csv
[Run 1836/511994] ✅ Saved: nist_libs_4.5_wt_CeCl3_and_2.5_wt_CsCl_and_1.0_wt_MgCl2.csv
[Run 1837/511994] ✅ Saved: nist_libs_4.5_wt_CeCl3_and_2.5_wt_CsCl_and_1.5_wt_MgCl2.csv
[Run 1838/511994] ✅ Saved: nist_libs_4.5_wt_CeCl3_and_2.5_wt_CsCl_and_2.0_wt_MgCl2.csv
[Run 1840/511994] ✅ Saved: nist_libs_4.5_wt_CeCl3_and_2.5_wt_CsCl_and_3.0_wt_MgCl2.csv
[Run 1839/511994] ✅ Saved: nist_libs_4.5_wt_CeCl3_and_2.5_wt_CsCl_and_2.5_wt_MgCl2.csv
[Run 1841/511994] ✅ Saved: nist_libs_4.5_wt_CeCl3_and_2.5_wt_CsCl_and_3.5_wt_MgCl2.csv
[Run 1842/511994] ✅ Saved: nist_libs_4.5_wt_CeCl3_and_2.5_wt_CsCl_and_4.0_wt_MgCl2.csv
[Run 1843/511994] ✅ Saved: nist_libs_4.5_wt_CeCl3_and_2.5_wt_CsCl_and_4.5_wt_MgCl2.csv
[Run 1844/511994] ✅ Saved: nist_libs_4.5_wt_CeCl3_and_2.5_wt_CsCl_and_5.0_wt_MgCl2.csv
[Run 1845/511994] ✅ Saved: nist_libs_4.5_wt_CeCl3_and_3.0_wt_CsCl_and_0.5_wt_MgCl2.csv
[Run 1846/511994] ✅ Saved: nist_libs_4.5_wt_CeCl3_and_3.0_wt_CsCl_and_1.0_wt_MgCl2.csv
[Run 1847/511994] ✅ Saved: nist_libs_4.5_wt_CeCl3_and_3.0_wt_CsCl_and_1.5_wt_MgCl2.csv
[Run 1848/511994] ✅ Saved: nist_libs_4.5_wt_CeCl3_and_3.0_wt_CsCl_and_2.0_wt_MgCl2.csv
[Run 1849/511994] ✅ Saved: nist_libs_4.5_wt_CeCl3_and_3.0_wt_CsCl_and_2.5_wt_MgCl2.csv
[Run 1850/511994] ✅ Saved: nist_libs_4.5_wt_CeCl3_and_3.0_wt_CsCl_and_3.0_wt_MgCl2.csv
[Run 1851/511994] ✅ Saved: nist_libs_4.5_wt_CeCl3_and_3.0_wt_CsCl_and_3.5_wt_MgCl2.csv
[Run 1853/511994] ✅ Saved: nist_libs_4.5_wt_CeCl3_and_3.0_wt_CsCl_and_4.5_wt_MgCl2.csv
[Run 1852/511994] ✅ Saved: nist_libs_4.5_wt_CeCl3_and_3.0_wt_CsCl_and_4.0_wt_MgCl2.csv
[Run 1854/511994] ✅ Saved: nist_libs_4.5_wt_CeCl3_and_3.0_wt_CsCl_and_5.0_wt_MgCl2.csv
[Run 1855/511994] ✅ Saved: nist_libs_4.5_wt_CeCl3_and_3.5_wt_CsCl_and_0.5_wt_MgCl2.csv
[Run 1856/511994] ✅ Saved: nist_libs_4.5_wt_CeCl3_and_3.5_wt_CsCl_and_1.0_wt_MgCl2.csv
[Run 1857/511994] ✅ Saved: nist_libs_4.5_wt_CeCl3_and_3.5_wt_CsCl_and_1.5_wt_MgCl2.csv
[Run 1858/511994] ✅ Saved: nist_libs_4.5_wt_CeCl3_and_3.5_wt_CsCl_and_2.0_wt_MgCl2.csv
[Run 1859/511994] ✅ Saved: nist_libs_4.5_wt_CeCl3_and_3.5_wt_CsCl_and_2.5_wt_MgCl2.csv
[Run 1860/511994] ✅ Saved: nist_libs_4.5_wt_CeCl3_and_3.5_wt_CsCl_and_3.0_wt_MgCl2.csv
[Run 1861/511994] ✅ Saved: nist_libs_4.5_wt_CeCl3_and_3.5_wt_CsCl_and_3.5_wt_MgCl2.csv
[Run 1862/511994] ✅ Saved: nist_libs_4.5_wt_CeCl3_and_3.5_wt_CsCl_and_4.0_wt_MgCl2.csv
[Run 1863/511994] ✅ Saved: nist_libs_4.5_wt_CeCl3_and_3.5_wt_CsCl_and_4.5_wt_MgCl2.csv
[Run 1864/511994] ✅ Saved: nist_libs_4.5_wt_CeCl3_and_3.5_wt_CsCl_and_5.0_wt_MgCl2.csv
[Run 1865/511994] ✅ Saved: nist_libs_4.5_wt_CeCl3_and_4.0_wt_CsCl_and_0.5_wt_MgCl2.csv
[Run 1866/511994] ✅ Saved: nist_libs_4.5_wt_CeCl3_and_4.0_wt_CsCl_and_1.0_wt_MgCl2.csv
[Run 1867/511994] ✅ Saved: nist_libs_4.5_wt_CeCl3_and_4.0_wt_CsCl_and_1.5_wt_MgCl2.csv
[Run 1868/511994] ✅ Saved: nist_libs_4.5_wt_CeCl3_and_4.0_wt_CsCl_and_2.0_wt_MgCl2.csv
[Run 1869/511994] ✅ Saved: nist_libs_4.5_wt_CeCl3_and_4.0_wt_CsCl_and_2.5_wt_MgCl2.csv
[Run 1870/511994] ✅ Saved: nist_libs_4.5_wt_CeCl3_and_4.0_wt_CsCl_and_3.0_wt_MgCl2.csv
[Run 1871/511994] ✅ Saved: nist_libs_4.5_wt_CeCl3_and_4.0_wt_CsCl_and_3.5_wt_MgCl2.csv
[Run 1872/511994] ✅ Saved: nist_libs_4.5_wt_CeCl3_and_4.0_wt_CsCl_and_4.0_wt_MgCl2.csv
[Run 1873/511994] ✅ Saved: nist_libs_4.5_wt_CeCl3_and_4.0_wt_CsCl_and_4.5_wt_MgCl2.csv
[Run 1874/511994] ✅ Saved: nist_libs_4.5_wt_CeCl3_and_4.0_wt_CsCl_and_5.0_wt_MgCl2.csv
[Run 1875/511994] ✅ Saved: nist_libs_4.5_wt_CeCl3_and_4.5_wt_CsCl_and_0.5_wt_MgCl2.csv
[Run 1876/511994] ✅ Saved: nist_libs_4.5_wt_CeCl3_and_4.5_wt_CsCl_and_1.0_wt_MgCl2.csv
[Run 1877/511994] ✅ Saved: nist_libs_4.5_wt_CeCl3_and_4.5_wt_CsCl_and_1.5_wt_MgCl2.csv
[Run 1878/511994] ✅ Saved: nist_libs_4.5_wt_CeCl3_and_4.5_wt_CsCl_and_2.0_wt_MgCl2.csv
[Run 1879/511994] ✅ Saved: nist_libs_4.5_wt_CeCl3_and_4.5_wt_CsCl_and_2.5_wt_MgCl2.csv
[Run 1880/511994] ✅ Saved: nist_libs_4.5_wt_CeCl3_and_4.5_wt_CsCl_and_3.0_wt_MgCl2.csv
[Run 1881/511994] ✅ Saved: nist_libs_4.5_wt_CeCl3_and_4.5_wt_CsCl_and_3.5_wt_MgCl2.csv
[Run 1882/511994] ✅ Saved: nist_libs_4.5_wt_CeCl3_and_4.5_wt_CsCl_and_4.0_wt_MgCl2.csv
[Run 1884/511994] ✅ Saved: nist_libs_4.5_wt_CeCl3_and_4.5_wt_CsCl_and_5.0_wt_MgCl2.csv
[Run 1883/511994] ✅ Saved: nist_libs_4.5_wt_CeCl3_and_4.5_wt_CsCl_and_4.5_wt_MgCl2.csv
[Run 1885/511994] ✅ Saved: nist_libs_4.5_wt_CeCl3_and_5.0_wt_CsCl_and_0.5_wt_MgCl2.csv
[Run 1886/511994] ✅ Saved: nist_libs_4.5_wt_CeCl3_and_5.0_wt_CsCl_and_1.0_wt_MgCl2.csv
[Run 1887/511994] ✅ Saved: nist_libs_4.5_wt_CeCl3_and_5.0_wt_CsCl_and_1.5_wt_MgCl2.csv
[Run 1888/511994] ✅ Saved: nist_libs_4.5_wt_CeCl3_and_5.0_wt_CsCl_and_2.0_wt_MgCl2.csv
[Run 1889/511994] ✅ Saved: nist_libs_4.5_wt_CeCl3_and_5.0_wt_CsCl_and_2.5_wt_MgCl2.csv
[Run 1890/511994] ✅ Saved: nist_libs_4.5_wt_CeCl3_and_5.0_wt_CsCl_and_3.0_wt_MgCl2.csv
[Run 1892/511994] ✅ Saved: nist_libs_4.5_wt_CeCl3_and_5.0_wt_CsCl_and_4.0_wt_MgCl2.csv
[Run 1891/511994] ✅ Saved: nist_libs_4.5_wt_CeCl3_and_5.0_wt_CsCl_and_3.5_wt_MgCl2.csv
[Run 1893/511994] ✅ Saved: nist_libs_4.5_wt_CeCl3_and_5.0_wt_CsCl_and_4.5_wt_MgCl2.csv
[Run 1894/511994] ✅ Saved: nist_libs_4.5_wt_CeCl3_and_5.0_wt_CsCl_and_5.0_wt_MgCl2.csv
[Run 1895/511994] ✅ Saved: nist_libs_5.0_wt_CeCl3_and_0.5_wt_CsCl_and_0.5_wt_MgCl2.csv
[Run 1896/511994] ✅ Saved: nist_libs_5.0_wt_CeCl3_and_0.5_wt_CsCl_and_1.0_wt_MgCl2.csv
[Run 1897/511994] ✅ Saved: nist_libs_5.0_wt_CeCl3_and_0.5_wt_CsCl_and_1.5_wt_MgCl2.csv
[Run 1898/511994] ✅ Saved: nist_libs_5.0_wt_CeCl3_and_0.5_wt_CsCl_and_2.0_wt_MgCl2.csv
[Run 1899/511994] ✅ Saved: nist_libs_5.0_wt_CeCl3_and_0.5_wt_CsCl_and_2.5_wt_MgCl2.csv
[Run 1901/511994] ✅ Saved: nist_libs_5.0_wt_CeCl3_and_0.5_wt_CsCl_and_3.5_wt_MgCl2.csv
[Run 1900/511994] ✅ Saved: nist_libs_5.0_wt_CeCl3_and_0.5_wt_CsCl_and_3.0_wt_MgCl2.csv
[Run 1902/511994] ✅ Saved: nist_libs_5.0_wt_CeCl3_and_0.5_wt_CsCl_and_4.0_wt_MgCl2.csv
[Run 1903/511994] ✅ Saved: nist_libs_5.0_wt_CeCl3_and_0.5_wt_CsCl_and_4.5_wt_MgCl2.csv
[Run 1904/511994] ✅ Saved: nist_libs_5.0_wt_CeCl3_and_0.5_wt_CsCl_and_5.0_wt_MgCl2.csv
[Run 1905/511994] ✅ Saved: nist_libs_5.0_wt_CeCl3_and_1.0_wt_CsCl_and_0.5_wt_MgCl2.csv
[Run 1906/511994] ✅ Saved: nist_libs_5.0_wt_CeCl3_and_1.0_wt_CsCl_and_1.0_wt_MgCl2.csv
[Run 1907/511994] ✅ Saved: nist_libs_5.0_wt_CeCl3_and_1.0_wt_CsCl_and_1.5_wt_MgCl2.csv
[Run 1909/511994] ✅ Saved: nist_libs_5.0_wt_CeCl3_and_1.0_wt_CsCl_and_2.5_wt_MgCl2.csv
[Run 1908/511994] ✅ Saved: nist_libs_5.0_wt_CeCl3_and_1.0_wt_CsCl_and_2.0_wt_MgCl2.csv
[Run 1910/511994] ✅ Saved: nist_libs_5.0_wt_CeCl3_and_1.0_wt_CsCl_and_3.0_wt_MgCl2.csv
[Run 1911/511994] ✅ Saved: nist_libs_5.0_wt_CeCl3_and_1.0_wt_CsCl_and_3.5_wt_MgCl2.csv
[Run 1913/511994] ✅ Saved: nist_libs_5.0_wt_CeCl3_and_1.0_wt_CsCl_and_4.5_wt_MgCl2.csv
[Run 1912/511994] ✅ Saved: nist_libs_5.0_wt_CeCl3_and_1.0_wt_CsCl_and_4.0_wt_MgCl2.csv
[Run 1914/511994] ✅ Saved: nist_libs_5.0_wt_CeCl3_and_1.0_wt_CsCl_and_5.0_wt_MgCl2.csv
[Run 1915/511994] ✅ Saved: nist_libs_5.0_wt_CeCl3_and_1.5_wt_CsCl_and_0.5_wt_MgCl2.csv
[Run 1916/511994] ✅ Saved: nist_libs_5.0_wt_CeCl3_and_1.5_wt_CsCl_and_1.0_wt_MgCl2.csv
[Run 1917/511994] ✅ Saved: nist_libs_5.0_wt_CeCl3_and_1.5_wt_CsCl_and_1.5_wt_MgCl2.csv
[Run 1918/511994] ✅ Saved: nist_libs_5.0_wt_CeCl3_and_1.5_wt_CsCl_and_2.0_wt_MgCl2.csv
[Run 1919/511994] ✅ Saved: nist_libs_5.0_wt_CeCl3_and_1.5_wt_CsCl_and_2.5_wt_MgCl2.csv
[Run 1920/511994] ✅ Saved: nist_libs_5.0_wt_CeCl3_and_1.5_wt_CsCl_and_3.0_wt_MgCl2.csv
[Run 1921/511994] ✅ Saved: nist_libs_5.0_wt_CeCl3_and_1.5_wt_CsCl_and_3.5_wt_MgCl2.csv
[Run 1922/511994] ✅ Saved: nist_libs_5.0_wt_CeCl3_and_1.5_wt_CsCl_and_4.0_wt_MgCl2.csv
[Run 1923/511994] ✅ Saved: nist_libs_5.0_wt_CeCl3_and_1.5_wt_CsCl_and_4.5_wt_MgCl2.csv
[Run 1924/511994] ✅ Saved: nist_libs_5.0_wt_CeCl3_and_1.5_wt_CsCl_and_5.0_wt_MgCl2.csv
[Run 1925/511994] ✅ Saved: nist_libs_5.0_wt_CeCl3_and_2.0_wt_CsCl_and_0.5_wt_MgCl2.csv
[Run 1926/511994] ✅ Saved: nist_libs_5.0_wt_CeCl3_and_2.0_wt_CsCl_and_1.0_wt_MgCl2.csv
[Run 1927/511994] ✅ Saved: nist_libs_5.0_wt_CeCl3_and_2.0_wt_CsCl_and_1.5_wt_MgCl2.csv
[Run 1928/511994] ✅ Saved: nist_libs_5.0_wt_CeCl3_and_2.0_wt_CsCl_and_2.0_wt_MgCl2.csv
[Run 1930/511994] ✅ Saved: nist_libs_5.0_wt_CeCl3_and_2.0_wt_CsCl_and_3.0_wt_MgCl2.csv
[Run 1929/511994] ✅ Saved: nist_libs_5.0_wt_CeCl3_and_2.0_wt_CsCl_and_2.5_wt_MgCl2.csv
[Run 1931/511994] ✅ Saved: nist_libs_5.0_wt_CeCl3_and_2.0_wt_CsCl_and_3.5_wt_MgCl2.csv
[Run 1932/511994] ✅ Saved: nist_libs_5.0_wt_CeCl3_and_2.0_wt_CsCl_and_4.0_wt_MgCl2.csv
[Run 1933/511994] ✅ Saved: nist_libs_5.0_wt_CeCl3_and_2.0_wt_CsCl_and_4.5_wt_MgCl2.csv
[Run 1934/511994] ✅ Saved: nist_libs_5.0_wt_CeCl3_and_2.0_wt_CsCl_and_5.0_wt_MgCl2.csv
[Run 1935/511994] ✅ Saved: nist_libs_5.0_wt_CeCl3_and_2.5_wt_CsCl_and_0.5_wt_MgCl2.csv
[Run 1936/511994] ✅ Saved: nist_libs_5.0_wt_CeCl3_and_2.5_wt_CsCl_and_1.0_wt_MgCl2.csv
[Run 1937/511994] ✅ Saved: nist_libs_5.0_wt_CeCl3_and_2.5_wt_CsCl_and_1.5_wt_MgCl2.csv
[Run 1938/511994] ✅ Saved: nist_libs_5.0_wt_CeCl3_and_2.5_wt_CsCl_and_2.0_wt_MgCl2.csv
[Run 1939/511994] ✅ Saved: nist_libs_5.0_wt_CeCl3_and_2.5_wt_CsCl_and_2.5_wt_MgCl2.csv
[Run 1940/511994] ✅ Saved: nist_libs_5.0_wt_CeCl3_and_2.5_wt_CsCl_and_3.0_wt_MgCl2.csv
[Run 1941/511994] ✅ Saved: nist_libs_5.0_wt_CeCl3_and_2.5_wt_CsCl_and_3.5_wt_MgCl2.csv
[Run 1942/511994] ✅ Saved: nist_libs_5.0_wt_CeCl3_and_2.5_wt_CsCl_and_4.0_wt_MgCl2.csv
[Run 1943/511994] ✅ Saved: nist_libs_5.0_wt_CeCl3_and_2.5_wt_CsCl_and_4.5_wt_MgCl2.csv
[Run 1944/511994] ✅ Saved: nist_libs_5.0_wt_CeCl3_and_2.5_wt_CsCl_and_5.0_wt_MgCl2.csv
[Run 1945/511994] ✅ Saved: nist_libs_5.0_wt_CeCl3_and_3.0_wt_CsCl_and_0.5_wt_MgCl2.csv
[Run 1946/511994] ✅ Saved: nist_libs_5.0_wt_CeCl3_and_3.0_wt_CsCl_and_1.0_wt_MgCl2.csv
[Run 1947/511994] ✅ Saved: nist_libs_5.0_wt_CeCl3_and_3.0_wt_CsCl_and_1.5_wt_MgCl2.csv
[Run 1948/511994] ✅ Saved: nist_libs_5.0_wt_CeCl3_and_3.0_wt_CsCl_and_2.0_wt_MgCl2.csv
[Run 1949/511994] ✅ Saved: nist_libs_5.0_wt_CeCl3_and_3.0_wt_CsCl_and_2.5_wt_MgCl2.csv
[Run 1950/511994] ✅ Saved: nist_libs_5.0_wt_CeCl3_and_3.0_wt_CsCl_and_3.0_wt_MgCl2.csv
[Run 1951/511994] ✅ Saved: nist_libs_5.0_wt_CeCl3_and_3.0_wt_CsCl_and_3.5_wt_MgCl2.csv
[Run 1952/511994] ✅ Saved: nist_libs_5.0_wt_CeCl3_and_3.0_wt_CsCl_and_4.0_wt_MgCl2.csv
[Run 1953/511994] ✅ Saved: nist_libs_5.0_wt_CeCl3_and_3.0_wt_CsCl_and_4.5_wt_MgCl2.csv
[Run 1954/511994] ✅ Saved: nist_libs_5.0_wt_CeCl3_and_3.0_wt_CsCl_and_5.0_wt_MgCl2.csv
[Run 1955/511994] ✅ Saved: nist_libs_5.0_wt_CeCl3_and_3.5_wt_CsCl_and_0.5_wt_MgCl2.csv
[Run 1956/511994] ✅ Saved: nist_libs_5.0_wt_CeCl3_and_3.5_wt_CsCl_and_1.0_wt_MgCl2.csv
[Run 1957/511994] ✅ Saved: nist_libs_5.0_wt_CeCl3_and_3.5_wt_CsCl_and_1.5_wt_MgCl2.csv
[Run 1958/511994] ✅ Saved: nist_libs_5.0_wt_CeCl3_and_3.5_wt_CsCl_and_2.0_wt_MgCl2.csv
[Run 1959/511994] ✅ Saved: nist_libs_5.0_wt_CeCl3_and_3.5_wt_CsCl_and_2.5_wt_MgCl2.csv
[Run 1960/511994] ✅ Saved: nist_libs_5.0_wt_CeCl3_and_3.5_wt_CsCl_and_3.0_wt_MgCl2.csv
[Run 1961/511994] ✅ Saved: nist_libs_5.0_wt_CeCl3_and_3.5_wt_CsCl_and_3.5_wt_MgCl2.csv
[Run 1962/511994] ✅ Saved: nist_libs_5.0_wt_CeCl3_and_3.5_wt_CsCl_and_4.0_wt_MgCl2.csv
[Run 1963/511994] ✅ Saved: nist_libs_5.0_wt_CeCl3_and_3.5_wt_CsCl_and_4.5_wt_MgCl2.csv
[Run 1964/511994] ✅ Saved: nist_libs_5.0_wt_CeCl3_and_3.5_wt_CsCl_and_5.0_wt_MgCl2.csv
[Run 1965/511994] ✅ Saved: nist_libs_5.0_wt_CeCl3_and_4.0_wt_CsCl_and_0.5_wt_MgCl2.csv
[Run 1966/511994] ✅ Saved: nist_libs_5.0_wt_CeCl3_and_4.0_wt_CsCl_and_1.0_wt_MgCl2.csv
[Run 1967/511994] ✅ Saved: nist_libs_5.0_wt_CeCl3_and_4.0_wt_CsCl_and_1.5_wt_MgCl2.csv
[Run 1968/511994] ✅ Saved: nist_libs_5.0_wt_CeCl3_and_4.0_wt_CsCl_and_2.0_wt_MgCl2.csv
[Run 1969/511994] ✅ Saved: nist_libs_5.0_wt_CeCl3_and_4.0_wt_CsCl_and_2.5_wt_MgCl2.csv
[Run 1970/511994] ✅ Saved: nist_libs_5.0_wt_CeCl3_and_4.0_wt_CsCl_and_3.0_wt_MgCl2.csv
[Run 1971/511994] ✅ Saved: nist_libs_5.0_wt_CeCl3_and_4.0_wt_CsCl_and_3.5_wt_MgCl2.csv
[Run 1972/511994] ✅ Saved: nist_libs_5.0_wt_CeCl3_and_4.0_wt_CsCl_and_4.0_wt_MgCl2.csv
[Run 1973/511994] ✅ Saved: nist_libs_5.0_wt_CeCl3_and_4.0_wt_CsCl_and_4.5_wt_MgCl2.csv
[Run 1974/511994] ✅ Saved: nist_libs_5.0_wt_CeCl3_and_4.0_wt_CsCl_and_5.0_wt_MgCl2.csv
[Run 1975/511994] ✅ Saved: nist_libs_5.0_wt_CeCl3_and_4.5_wt_CsCl_and_0.5_wt_MgCl2.csv
[Run 1976/511994] ✅ Saved: nist_libs_5.0_wt_CeCl3_and_4.5_wt_CsCl_and_1.0_wt_MgCl2.csv
[Run 1977/511994] ✅ Saved: nist_libs_5.0_wt_CeCl3_and_4.5_wt_CsCl_and_1.5_wt_MgCl2.csv
[Run 1978/511994] ✅ Saved: nist_libs_5.0_wt_CeCl3_and_4.5_wt_CsCl_and_2.0_wt_MgCl2.csv
[Run 1979/511994] ✅ Saved: nist_libs_5.0_wt_CeCl3_and_4.5_wt_CsCl_and_2.5_wt_MgCl2.csv
[Run 1980/511994] ✅ Saved: nist_libs_5.0_wt_CeCl3_and_4.5_wt_CsCl_and_3.0_wt_MgCl2.csv
[Run 1981/511994] ✅ Saved: nist_libs_5.0_wt_CeCl3_and_4.5_wt_CsCl_and_3.5_wt_MgCl2.csv
[Run 1982/511994] ✅ Saved: nist_libs_5.0_wt_CeCl3_and_4.5_wt_CsCl_and_4.0_wt_MgCl2.csv
[Run 1983/511994] ✅ Saved: nist_libs_5.0_wt_CeCl3_and_4.5_wt_CsCl_and_4.5_wt_MgCl2.csv
[Run 1984/511994] ✅ Saved: nist_libs_5.0_wt_CeCl3_and_4.5_wt_CsCl_and_5.0_wt_MgCl2.csv
[Run 1985/511994] ✅ Saved: nist_libs_5.0_wt_CeCl3_and_5.0_wt_CsCl_and_0.5_wt_MgCl2.csv
[Run 1986/511994] ✅ Saved: nist_libs_5.0_wt_CeCl3_and_5.0_wt_CsCl_and_1.0_wt_MgCl2.csv
[Run 1987/511994] ✅ Saved: nist_libs_5.0_wt_CeCl3_and_5.0_wt_CsCl_and_1.5_wt_MgCl2.csv
[Run 1989/511994] ✅ Saved: nist_libs_5.0_wt_CeCl3_and_5.0_wt_CsCl_and_2.5_wt_MgCl2.csv
[Run 1988/511994] ✅ Saved: nist_libs_5.0_wt_CeCl3_and_5.0_wt_CsCl_and_2.0_wt_MgCl2.csv
[Run 1990/511994] ✅ Saved: nist_libs_5.0_wt_CeCl3_and_5.0_wt_CsCl_and_3.0_wt_MgCl2.csv
[Run 1991/511994] ✅ Saved: nist_libs_5.0_wt_CeCl3_and_5.0_wt_CsCl_and_3.5_wt_MgCl2.csv
[Run 1993/511994] ✅ Saved: nist_libs_5.0_wt_CeCl3_and_5.0_wt_CsCl_and_4.5_wt_MgCl2.csv
[Run 1992/511994] ✅ Saved: nist_libs_5.0_wt_CeCl3_and_5.0_wt_CsCl_and_4.0_wt_MgCl2.csv
[Run 1994/511994] ✅ Saved: nist_libs_5.0_wt_CeCl3_and_5.0_wt_CsCl_and_5.0_wt_MgCl2.csv
[Run 1995/511994] ✅ Saved: nist_libs_0.5_wt_CeCl3_and_0.5_wt_SrCl2_and_0.5_wt_BaCl2.csv
[Run 1997/511994] ✅ Saved: nist_libs_0.5_wt_CeCl3_and_0.5_wt_SrCl2_and_1.5_wt_BaCl2.csv
[Run 1998/511994] ✅ Saved: nist_libs_0.5_wt_CeCl3_and_0.5_wt_SrCl2_and_2.0_wt_BaCl2.csv
[Run 1996/511994] ✅ Saved: nist_libs_0.5_wt_CeCl3_and_0.5_wt_SrCl2_and_1.0_wt_BaCl2.csv
[Run 1999/511994] ✅ Saved: nist_libs_0.5_wt_CeCl3_and_0.5_wt_SrCl2_and_2.5_wt_BaCl2.csv
[Run 2000/511994] ✅ Saved: nist_libs_0.5_wt_CeCl3_and_0.5_wt_SrCl2_and_3.0_wt_BaCl2.csv
📦 Packaging batch 2 (1000 CSVs) -> nist_libs_batch_0002.zip...
[Run 2002/511994] ✅ Saved: nist_libs_0.5_wt_CeCl3_and_0.5_wt_SrCl2_and_4.0_wt_BaCl2.csv
[Run 2001/511994] ✅ Saved: nist_libs_0.5_wt_CeCl3_and_0.5_wt_SrCl2_and_3.5_wt_BaCl2.csv
[Run 2003/511994] ✅ Saved: nist_libs_0.5_wt_CeCl3_and_0.5_wt_SrCl2_and_4.5_wt_BaCl2.csv
[Run 2004/511994] ✅ Saved: nist_libs_0.5_wt_CeCl3_and_0.5_wt_SrCl2_and_5.0_wt_BaCl2.csv
[Run 2005/511994] ✅ Saved: nist_libs_0.5_wt_CeCl3_and_1.0_wt_SrCl2_and_0.5_wt_BaCl2.csv
[Run 2006/511994] ✅ Saved: nist_libs_0.5_wt_CeCl3_and_1.0_wt_SrCl2_and_1.0_wt_BaCl2.csv
[Run 2007/511994] ✅ Saved: nist_libs_0.5_wt_CeCl3_and_1.0_wt_SrCl2_and_1.5_wt_BaCl2.csv
[Run 2008/511994] ✅ Saved: nist_libs_0.5_wt_CeCl3_and_1.0_wt_SrCl2_and_2.0_wt_BaCl2.csv
[Run 2009/511994] ✅ Saved: nist_libs_0.5_wt_CeCl3_and_1.0_wt_SrCl2_and_2.5_wt_BaCl2.csv
[Run 2010/511994] ✅ Saved: nist_libs_0.5_wt_CeCl3_and_1.0_wt_SrCl2_and_3.0_wt_BaCl2.csv
[Run 2012/511994] ✅ Saved: nist_libs_0.5_wt_CeCl3_and_1.0_wt_SrCl2_and_4.0_wt_BaCl2.csv
[Run 2011/511994] ✅ Saved: nist_libs_0.5_wt_CeCl3_and_1.0_wt_SrCl2_and_3.5_wt_BaCl2.csv
[Run 2013/511994] ✅ Saved: nist_libs_0.5_wt_CeCl3_and_1.0_wt_SrCl2_and_4.5_wt_BaCl2.csv
[Run 2014/511994] ✅ Saved: nist_libs_0.5_wt_CeCl3_and_1.0_wt_SrCl2_and_5.0_wt_BaCl2.csv
[Run 2015/511994] ✅ Saved: nist_libs_0.5_wt_CeCl3_and_1.5_wt_SrCl2_and_0.5_wt_BaCl2.csv
[Run 2016/511994] ✅ Saved: nist_libs_0.5_wt_CeCl3_and_1.5_wt_SrCl2_and_1.0_wt_BaCl2.csv
[Run 2017/511994] ✅ Saved: nist_libs_0.5_wt_CeCl3_and_1.5_wt_SrCl2_and_1.5_wt_BaCl2.csv
[Run 2018/511994] ✅ Saved: nist_libs_0.5_wt_CeCl3_and_1.5_wt_SrCl2_and_2.0_wt_BaCl2.csv
[Run 2019/511994] ✅ Saved: nist_libs_0.5_wt_CeCl3_and_1.5_wt_SrCl2_and_2.5_wt_BaCl2.csv
[Run 2020/511994] ✅ Saved: nist_libs_0.5_wt_CeCl3_and_1.5_wt_SrCl2_and_3.0_wt_BaCl2.csv
[Run 2021/511994] ✅ Saved: nist_libs_0.5_wt_CeCl3_and_1.5_wt_SrCl2_and_3.5_wt_BaCl2.csv
[Run 2022/511994] ✅ Saved: nist_libs_0.5_wt_CeCl3_and_1.5_wt_SrCl2_and_4.0_wt_BaCl2.csv
[Run 2023/511994] ✅ Saved: nist_libs_0.5_wt_CeCl3_and_1.5_wt_SrCl2_and_4.5_wt_BaCl2.csv
[Run 2025/511994] ✅ Saved: nist_libs_0.5_wt_CeCl3_and_2.0_wt_SrCl2_and_0.5_wt_BaCl2.csv
[Run 2024/511994] ✅ Saved: nist_libs_0.5_wt_CeCl3_and_1.5_wt_SrCl2_and_5.0_wt_BaCl2.csv
[Run 2026/511994] ✅ Saved: nist_libs_0.5_wt_CeCl3_and_2.0_wt_SrCl2_and_1.0_wt_BaCl2.csv
[Run 2029/511994] ✅ Saved: nist_libs_0.5_wt_CeCl3_and_2.0_wt_SrCl2_and_2.5_wt_BaCl2.csv
[Run 2027/511994] ✅ Saved: nist_libs_0.5_wt_CeCl3_and_2.0_wt_SrCl2_and_1.5_wt_BaCl2.csv
[Run 2028/511994] ✅ Saved: nist_libs_0.5_wt_CeCl3_and_2.0_wt_SrCl2_and_2.0_wt_BaCl2.csv
[Run 2030/511994] ✅ Saved: nist_libs_0.5_wt_CeCl3_and_2.0_wt_SrCl2_and_3.0_wt_BaCl2.csv
[Run 2031/511994] ✅ Saved: nist_libs_0.5_wt_CeCl3_and_2.0_wt_SrCl2_and_3.5_wt_BaCl2.csv
[Run 2032/511994] ✅ Saved: nist_libs_0.5_wt_CeCl3_and_2.0_wt_SrCl2_and_4.0_wt_BaCl2.csv
[Run 2033/511994] ✅ Saved: nist_libs_0.5_wt_CeCl3_and_2.0_wt_SrCl2_and_4.5_wt_BaCl2.csv
[Run 2034/511994] ✅ Saved: nist_libs_0.5_wt_CeCl3_and_2.0_wt_SrCl2_and_5.0_wt_BaCl2.csv
[Run 2035/511994] ✅ Saved: nist_libs_0.5_wt_CeCl3_and_2.5_wt_SrCl2_and_0.5_wt_BaCl2.csv
[Run 2037/511994] ✅ Saved: nist_libs_0.5_wt_CeCl3_and_2.5_wt_SrCl2_and_1.5_wt_BaCl2.csv
[Run 2036/511994] ✅ Saved: nist_libs_0.5_wt_CeCl3_and_2.5_wt_SrCl2_and_1.0_wt_BaCl2.csv
[Run 2038/511994] ✅ Saved: nist_libs_0.5_wt_CeCl3_and_2.5_wt_SrCl2_and_2.0_wt_BaCl2.csv
[Run 2039/511994] ✅ Saved: nist_libs_0.5_wt_CeCl3_and_2.5_wt_SrCl2_and_2.5_wt_BaCl2.csv
[Run 2040/511994] ✅ Saved: nist_libs_0.5_wt_CeCl3_and_2.5_wt_SrCl2_and_3.0_wt_BaCl2.csv
[Run 2041/511994] ✅ Saved: nist_libs_0.5_wt_CeCl3_and_2.5_wt_SrCl2_and_3.5_wt_BaCl2.csv
[Run 2042/511994] ✅ Saved: nist_libs_0.5_wt_CeCl3_and_2.5_wt_SrCl2_and_4.0_wt_BaCl2.csv
[Run 2043/511994] ✅ Saved: nist_libs_0.5_wt_CeCl3_and_2.5_wt_SrCl2_and_4.5_wt_BaCl2.csv
[Run 2044/511994] ✅ Saved: nist_libs_0.5_wt_CeCl3_and_2.5_wt_SrCl2_and_5.0_wt_BaCl2.csv
[Run 2046/511994] ✅ Saved: nist_libs_0.5_wt_CeCl3_and_3.0_wt_SrCl2_and_1.0_wt_BaCl2.csv
[Run 2045/511994] ✅ Saved: nist_libs_0.5_wt_CeCl3_and_3.0_wt_SrCl2_and_0.5_wt_BaCl2.csv
[Run 2047/511994] ✅ Saved: nist_libs_0.5_wt_CeCl3_and_3.0_wt_SrCl2_and_1.5_wt_BaCl2.csv
[Run 2048/511994] ✅ Saved: nist_libs_0.5_wt_CeCl3_and_3.0_wt_SrCl2_and_2.0_wt_BaCl2.csv
[Run 2050/511994] ✅ Saved: nist_libs_0.5_wt_CeCl3_and_3.0_wt_SrCl2_and_3.0_wt_BaCl2.csv
[Run 2049/511994] ✅ Saved: nist_libs_0.5_wt_CeCl3_and_3.0_wt_SrCl2_and_2.5_wt_BaCl2.csv
[Run 2051/511994] ✅ Saved: nist_libs_0.5_wt_CeCl3_and_3.0_wt_SrCl2_and_3.5_wt_BaCl2.csv
[Run 2052/511994] ✅ Saved: nist_libs_0.5_wt_CeCl3_and_3.0_wt_SrCl2_and_4.0_wt_BaCl2.csv
[Run 2054/511994] ✅ Saved: nist_libs_0.5_wt_CeCl3_and_3.0_wt_SrCl2_and_5.0_wt_BaCl2.csv
[Run 2053/511994] ✅ Saved: nist_libs_0.5_wt_CeCl3_and_3.0_wt_SrCl2_and_4.5_wt_BaCl2.csv
[Run 2055/511994] ✅ Saved: nist_libs_0.5_wt_CeCl3_and_3.5_wt_SrCl2_and_0.5_wt_BaCl2.csv
[Run 2056/511994] ✅ Saved: nist_libs_0.5_wt_CeCl3_and_3.5_wt_SrCl2_and_1.0_wt_BaCl2.csv
[Run 2057/511994] ✅ Saved: nist_libs_0.5_wt_CeCl3_and_3.5_wt_SrCl2_and_1.5_wt_BaCl2.csv
[Run 2059/511994] ✅ Saved: nist_libs_0.5_wt_CeCl3_and_3.5_wt_SrCl2_and_2.5_wt_BaCl2.csv
[Run 2058/511994] ✅ Saved: nist_libs_0.5_wt_CeCl3_and_3.5_wt_SrCl2_and_2.0_wt_BaCl2.csv
[Run 2060/511994] ✅ Saved: nist_libs_0.5_wt_CeCl3_and_3.5_wt_SrCl2_and_3.0_wt_BaCl2.csv
[Run 2063/511994] ✅ Saved: nist_libs_0.5_wt_CeCl3_and_3.5_wt_SrCl2_and_4.5_wt_BaCl2.csv
[Run 2062/511994] ✅ Saved: nist_libs_0.5_wt_CeCl3_and_3.5_wt_SrCl2_and_4.0_wt_BaCl2.csv
[Run 2061/511994] ✅ Saved: nist_libs_0.5_wt_CeCl3_and_3.5_wt_SrCl2_and_3.5_wt_BaCl2.csv
[Run 2064/511994] ✅ Saved: nist_libs_0.5_wt_CeCl3_and_3.5_wt_SrCl2_and_5.0_wt_BaCl2.csv
[Run 2065/511994] ✅ Saved: nist_libs_0.5_wt_CeCl3_and_4.0_wt_SrCl2_and_0.5_wt_BaCl2.csv
[Run 2067/511994] ✅ Saved: nist_libs_0.5_wt_CeCl3_and_4.0_wt_SrCl2_and_1.5_wt_BaCl2.csv
[Run 2066/511994] ✅ Saved: nist_libs_0.5_wt_CeCl3_and_4.0_wt_SrCl2_and_1.0_wt_BaCl2.csv
[Run 2068/511994] ✅ Saved: nist_libs_0.5_wt_CeCl3_and_4.0_wt_SrCl2_and_2.0_wt_BaCl2.csv
[Run 2069/511994] ✅ Saved: nist_libs_0.5_wt_CeCl3_and_4.0_wt_SrCl2_and_2.5_wt_BaCl2.csv
[Run 2070/511994] ✅ Saved: nist_libs_0.5_wt_CeCl3_and_4.0_wt_SrCl2_and_3.0_wt_BaCl2.csv
[Run 2072/511994] ✅ Saved: nist_libs_0.5_wt_CeCl3_and_4.0_wt_SrCl2_and_4.0_wt_BaCl2.csv
[Run 2071/511994] ✅ Saved: nist_libs_0.5_wt_CeCl3_and_4.0_wt_SrCl2_and_3.5_wt_BaCl2.csv
[Run 2073/511994] ✅ Saved: nist_libs_0.5_wt_CeCl3_and_4.0_wt_SrCl2_and_4.5_wt_BaCl2.csv
[Run 2074/511994] ✅ Saved: nist_libs_0.5_wt_CeCl3_and_4.0_wt_SrCl2_and_5.0_wt_BaCl2.csv
[Run 2075/511994] ✅ Saved: nist_libs_0.5_wt_CeCl3_and_4.5_wt_SrCl2_and_0.5_wt_BaCl2.csv
[Run 2076/511994] ✅ Saved: nist_libs_0.5_wt_CeCl3_and_4.5_wt_SrCl2_and_1.0_wt_BaCl2.csv
[Run 2077/511994] ✅ Saved: nist_libs_0.5_wt_CeCl3_and_4.5_wt_SrCl2_and_1.5_wt_BaCl2.csv
[Run 2080/511994] ✅ Saved: nist_libs_0.5_wt_CeCl3_and_4.5_wt_SrCl2_and_3.0_wt_BaCl2.csv
[Run 2078/511994] ✅ Saved: nist_libs_0.5_wt_CeCl3_and_4.5_wt_SrCl2_and_2.0_wt_BaCl2.csv
[Run 2079/511994] ✅ Saved: nist_libs_0.5_wt_CeCl3_and_4.5_wt_SrCl2_and_2.5_wt_BaCl2.csv
[Run 2081/511994] ✅ Saved: nist_libs_0.5_wt_CeCl3_and_4.5_wt_SrCl2_and_3.5_wt_BaCl2.csv
[Run 2084/511994] ✅ Saved: nist_libs_0.5_wt_CeCl3_and_4.5_wt_SrCl2_and_5.0_wt_BaCl2.csv
[Run 2083/511994] ✅ Saved: nist_libs_0.5_wt_CeCl3_and_4.5_wt_SrCl2_and_4.5_wt_BaCl2.csv
[Run 2082/511994] ✅ Saved: nist_libs_0.5_wt_CeCl3_and_4.5_wt_SrCl2_and_4.0_wt_BaCl2.csv
[Run 2085/511994] ✅ Saved: nist_libs_0.5_wt_CeCl3_and_5.0_wt_SrCl2_and_0.5_wt_BaCl2.csv
[Run 2086/511994] ✅ Saved: nist_libs_0.5_wt_CeCl3_and_5.0_wt_SrCl2_and_1.0_wt_BaCl2.csv
[Run 2087/511994] ✅ Saved: nist_libs_0.5_wt_CeCl3_and_5.0_wt_SrCl2_and_1.5_wt_BaCl2.csv
[Run 2088/511994] ✅ Saved: nist_libs_0.5_wt_CeCl3_and_5.0_wt_SrCl2_and_2.0_wt_BaCl2.csv
[Run 2089/511994] ✅ Saved: nist_libs_0.5_wt_CeCl3_and_5.0_wt_SrCl2_and_2.5_wt_BaCl2.csv
[Run 2090/511994] ✅ Saved: nist_libs_0.5_wt_CeCl3_and_5.0_wt_SrCl2_and_3.0_wt_BaCl2.csv
[Run 2092/511994] ✅ Saved: nist_libs_0.5_wt_CeCl3_and_5.0_wt_SrCl2_and_4.0_wt_BaCl2.csv
[Run 2091/511994] ✅ Saved: nist_libs_0.5_wt_CeCl3_and_5.0_wt_SrCl2_and_3.5_wt_BaCl2.csv
[Run 2093/511994] ✅ Saved: nist_libs_0.5_wt_CeCl3_and_5.0_wt_SrCl2_and_4.5_wt_BaCl2.csv
[Run 2094/511994] ✅ Saved: nist_libs_0.5_wt_CeCl3_and_5.0_wt_SrCl2_and_5.0_wt_BaCl2.csv
[Run 2095/511994] ✅ Saved: nist_libs_1.0_wt_CeCl3_and_0.5_wt_SrCl2_and_0.5_wt_BaCl2.csv
[Run 2096/511994] ✅ Saved: nist_libs_1.0_wt_CeCl3_and_0.5_wt_SrCl2_and_1.0_wt_BaCl2.csv
[Run 2097/511994] ✅ Saved: nist_libs_1.0_wt_CeCl3_and_0.5_wt_SrCl2_and_1.5_wt_BaCl2.csv
[Run 2098/511994] ✅ Saved: nist_libs_1.0_wt_CeCl3_and_0.5_wt_SrCl2_and_2.0_wt_BaCl2.csv
[Run 2099/511994] ✅ Saved: nist_libs_1.0_wt_CeCl3_and_0.5_wt_SrCl2_and_2.5_wt_BaCl2.csv
[Run 2100/511994] ✅ Saved: nist_libs_1.0_wt_CeCl3_and_0.5_wt_SrCl2_and_3.0_wt_BaCl2.csv
[Run 2101/511994] ✅ Saved: nist_libs_1.0_wt_CeCl3_and_0.5_wt_SrCl2_and_3.5_wt_BaCl2.csv
[Run 2102/511994] ✅ Saved: nist_libs_1.0_wt_CeCl3_and_0.5_wt_SrCl2_and_4.0_wt_BaCl2.csv
[Run 2103/511994] ✅ Saved: nist_libs_1.0_wt_CeCl3_and_0.5_wt_SrCl2_and_4.5_wt_BaCl2.csv
[Run 2104/511994] ✅ Saved: nist_libs_1.0_wt_CeCl3_and_0.5_wt_SrCl2_and_5.0_wt_BaCl2.csv
[Run 2105/511994] ✅ Saved: nist_libs_1.0_wt_CeCl3_and_1.0_wt_SrCl2_and_0.5_wt_BaCl2.csv
[Run 2106/511994] ✅ Saved: nist_libs_1.0_wt_CeCl3_and_1.0_wt_SrCl2_and_1.0_wt_BaCl2.csv
[Run 2107/511994] ✅ Saved: nist_libs_1.0_wt_CeCl3_and_1.0_wt_SrCl2_and_1.5_wt_BaCl2.csv
[Run 2108/511994] ✅ Saved: nist_libs_1.0_wt_CeCl3_and_1.0_wt_SrCl2_and_2.0_wt_BaCl2.csv
[Run 2109/511994] ✅ Saved: nist_libs_1.0_wt_CeCl3_and_1.0_wt_SrCl2_and_2.5_wt_BaCl2.csv
[Run 2110/511994] ✅ Saved: nist_libs_1.0_wt_CeCl3_and_1.0_wt_SrCl2_and_3.0_wt_BaCl2.csv
[Run 2111/511994] ✅ Saved: nist_libs_1.0_wt_CeCl3_and_1.0_wt_SrCl2_and_3.5_wt_BaCl2.csv
[Run 2113/511994] ✅ Saved: nist_libs_1.0_wt_CeCl3_and_1.0_wt_SrCl2_and_4.5_wt_BaCl2.csv
[Run 2112/511994] ✅ Saved: nist_libs_1.0_wt_CeCl3_and_1.0_wt_SrCl2_and_4.0_wt_BaCl2.csv
[Run 2114/511994] ✅ Saved: nist_libs_1.0_wt_CeCl3_and_1.0_wt_SrCl2_and_5.0_wt_BaCl2.csv
[Run 2115/511994] ✅ Saved: nist_libs_1.0_wt_CeCl3_and_1.5_wt_SrCl2_and_0.5_wt_BaCl2.csv
[Run 2116/511994] ✅ Saved: nist_libs_1.0_wt_CeCl3_and_1.5_wt_SrCl2_and_1.0_wt_BaCl2.csv
[Run 2118/511994] ✅ Saved: nist_libs_1.0_wt_CeCl3_and_1.5_wt_SrCl2_and_2.0_wt_BaCl2.csv
[Run 2117/511994] ✅ Saved: nist_libs_1.0_wt_CeCl3_and_1.5_wt_SrCl2_and_1.5_wt_BaCl2.csv
[Run 2119/511994] ✅ Saved: nist_libs_1.0_wt_CeCl3_and_1.5_wt_SrCl2_and_2.5_wt_BaCl2.csv
[Run 2120/511994] ✅ Saved: nist_libs_1.0_wt_CeCl3_and_1.5_wt_SrCl2_and_3.0_wt_BaCl2.csv
[Run 2121/511994] ✅ Saved: nist_libs_1.0_wt_CeCl3_and_1.5_wt_SrCl2_and_3.5_wt_BaCl2.csv
[Run 2122/511994] ✅ Saved: nist_libs_1.0_wt_CeCl3_and_1.5_wt_SrCl2_and_4.0_wt_BaCl2.csv
[Run 2123/511994] ✅ Saved: nist_libs_1.0_wt_CeCl3_and_1.5_wt_SrCl2_and_4.5_wt_BaCl2.csv
[Run 2124/511994] ✅ Saved: nist_libs_1.0_wt_CeCl3_and_1.5_wt_SrCl2_and_5.0_wt_BaCl2.csv
[Run 2125/511994] ✅ Saved: nist_libs_1.0_wt_CeCl3_and_2.0_wt_SrCl2_and_0.5_wt_BaCl2.csv
[Run 2127/511994] ✅ Saved: nist_libs_1.0_wt_CeCl3_and_2.0_wt_SrCl2_and_1.5_wt_BaCl2.csv
[Run 2126/511994] ✅ Saved: nist_libs_1.0_wt_CeCl3_and_2.0_wt_SrCl2_and_1.0_wt_BaCl2.csv
[Run 2128/511994] ✅ Saved: nist_libs_1.0_wt_CeCl3_and_2.0_wt_SrCl2_and_2.0_wt_BaCl2.csv
[Run 2129/511994] ✅ Saved: nist_libs_1.0_wt_CeCl3_and_2.0_wt_SrCl2_and_2.5_wt_BaCl2.csv
[Run 2130/511994] ✅ Saved: nist_libs_1.0_wt_CeCl3_and_2.0_wt_SrCl2_and_3.0_wt_BaCl2.csv
[Run 2131/511994] ✅ Saved: nist_libs_1.0_wt_CeCl3_and_2.0_wt_SrCl2_and_3.5_wt_BaCl2.csv
[Run 2132/511994] ✅ Saved: nist_libs_1.0_wt_CeCl3_and_2.0_wt_SrCl2_and_4.0_wt_BaCl2.csv
[Run 2133/511994] ✅ Saved: nist_libs_1.0_wt_CeCl3_and_2.0_wt_SrCl2_and_4.5_wt_BaCl2.csv
[Run 2135/511994] ✅ Saved: nist_libs_1.0_wt_CeCl3_and_2.5_wt_SrCl2_and_0.5_wt_BaCl2.csv
[Run 2134/511994] ✅ Saved: nist_libs_1.0_wt_CeCl3_and_2.0_wt_SrCl2_and_5.0_wt_BaCl2.csv
[Run 2136/511994] ✅ Saved: nist_libs_1.0_wt_CeCl3_and_2.5_wt_SrCl2_and_1.0_wt_BaCl2.csv
[Run 2137/511994] ✅ Saved: nist_libs_1.0_wt_CeCl3_and_2.5_wt_SrCl2_and_1.5_wt_BaCl2.csv
[Run 2138/511994] ✅ Saved: nist_libs_1.0_wt_CeCl3_and_2.5_wt_SrCl2_and_2.0_wt_BaCl2.csv
[Run 2139/511994] ✅ Saved: nist_libs_1.0_wt_CeCl3_and_2.5_wt_SrCl2_and_2.5_wt_BaCl2.csv
[Run 2140/511994] ✅ Saved: nist_libs_1.0_wt_CeCl3_and_2.5_wt_SrCl2_and_3.0_wt_BaCl2.csv
[Run 2141/511994] ✅ Saved: nist_libs_1.0_wt_CeCl3_and_2.5_wt_SrCl2_and_3.5_wt_BaCl2.csv
[Run 2142/511994] ✅ Saved: nist_libs_1.0_wt_CeCl3_and_2.5_wt_SrCl2_and_4.0_wt_BaCl2.csv
[Run 2143/511994] ✅ Saved: nist_libs_1.0_wt_CeCl3_and_2.5_wt_SrCl2_and_4.5_wt_BaCl2.csv
[Run 2144/511994] ✅ Saved: nist_libs_1.0_wt_CeCl3_and_2.5_wt_SrCl2_and_5.0_wt_BaCl2.csv
[Run 2145/511994] ✅ Saved: nist_libs_1.0_wt_CeCl3_and_3.0_wt_SrCl2_and_0.5_wt_BaCl2.csv
[Run 2147/511994] ✅ Saved: nist_libs_1.0_wt_CeCl3_and_3.0_wt_SrCl2_and_1.5_wt_BaCl2.csv
[Run 2146/511994] ✅ Saved: nist_libs_1.0_wt_CeCl3_and_3.0_wt_SrCl2_and_1.0_wt_BaCl2.csv
[Run 2149/511994] ✅ Saved: nist_libs_1.0_wt_CeCl3_and_3.0_wt_SrCl2_and_2.5_wt_BaCl2.csv
[Run 2148/511994] ✅ Saved: nist_libs_1.0_wt_CeCl3_and_3.0_wt_SrCl2_and_2.0_wt_BaCl2.csv
[Run 2150/511994] ✅ Saved: nist_libs_1.0_wt_CeCl3_and_3.0_wt_SrCl2_and_3.0_wt_BaCl2.csv
[Run 2151/511994] ✅ Saved: nist_libs_1.0_wt_CeCl3_and_3.0_wt_SrCl2_and_3.5_wt_BaCl2.csv
[Run 2152/511994] ✅ Saved: nist_libs_1.0_wt_CeCl3_and_3.0_wt_SrCl2_and_4.0_wt_BaCl2.csv
[Run 2153/511994] ✅ Saved: nist_libs_1.0_wt_CeCl3_and_3.0_wt_SrCl2_and_4.5_wt_BaCl2.csv
[Run 2154/511994] ✅ Saved: nist_libs_1.0_wt_CeCl3_and_3.0_wt_SrCl2_and_5.0_wt_BaCl2.csv
[Run 2155/511994] ✅ Saved: nist_libs_1.0_wt_CeCl3_and_3.5_wt_SrCl2_and_0.5_wt_BaCl2.csv
[Run 2156/511994] ✅ Saved: nist_libs_1.0_wt_CeCl3_and_3.5_wt_SrCl2_and_1.0_wt_BaCl2.csv
[Run 2157/511994] ✅ Saved: nist_libs_1.0_wt_CeCl3_and_3.5_wt_SrCl2_and_1.5_wt_BaCl2.csv
[Run 2158/511994] ✅ Saved: nist_libs_1.0_wt_CeCl3_and_3.5_wt_SrCl2_and_2.0_wt_BaCl2.csv
[Run 2159/511994] ✅ Saved: nist_libs_1.0_wt_CeCl3_and_3.5_wt_SrCl2_and_2.5_wt_BaCl2.csv
[Run 2160/511994] ✅ Saved: nist_libs_1.0_wt_CeCl3_and_3.5_wt_SrCl2_and_3.0_wt_BaCl2.csv
[Run 2161/511994] ✅ Saved: nist_libs_1.0_wt_CeCl3_and_3.5_wt_SrCl2_and_3.5_wt_BaCl2.csv
[Run 2162/511994] ✅ Saved: nist_libs_1.0_wt_CeCl3_and_3.5_wt_SrCl2_and_4.0_wt_BaCl2.csv
[Run 2163/511994] ✅ Saved: nist_libs_1.0_wt_CeCl3_and_3.5_wt_SrCl2_and_4.5_wt_BaCl2.csv
[Run 2164/511994] ✅ Saved: nist_libs_1.0_wt_CeCl3_and_3.5_wt_SrCl2_and_5.0_wt_BaCl2.csv
[Run 2165/511994] ✅ Saved: nist_libs_1.0_wt_CeCl3_and_4.0_wt_SrCl2_and_0.5_wt_BaCl2.csv
[Run 2166/511994] ✅ Saved: nist_libs_1.0_wt_CeCl3_and_4.0_wt_SrCl2_and_1.0_wt_BaCl2.csv
[Run 2167/511994] ✅ Saved: nist_libs_1.0_wt_CeCl3_and_4.0_wt_SrCl2_and_1.5_wt_BaCl2.csv
[Run 2168/511994] ✅ Saved: nist_libs_1.0_wt_CeCl3_and_4.0_wt_SrCl2_and_2.0_wt_BaCl2.csv
[Run 2169/511994] ✅ Saved: nist_libs_1.0_wt_CeCl3_and_4.0_wt_SrCl2_and_2.5_wt_BaCl2.csv
[Run 2170/511994] ✅ Saved: nist_libs_1.0_wt_CeCl3_and_4.0_wt_SrCl2_and_3.0_wt_BaCl2.csv
[Run 2171/511994] ✅ Saved: nist_libs_1.0_wt_CeCl3_and_4.0_wt_SrCl2_and_3.5_wt_BaCl2.csv
[Run 2172/511994] ✅ Saved: nist_libs_1.0_wt_CeCl3_and_4.0_wt_SrCl2_and_4.0_wt_BaCl2.csv
[Run 2173/511994] ✅ Saved: nist_libs_1.0_wt_CeCl3_and_4.0_wt_SrCl2_and_4.5_wt_BaCl2.csv
[Run 2174/511994] ✅ Saved: nist_libs_1.0_wt_CeCl3_and_4.0_wt_SrCl2_and_5.0_wt_BaCl2.csv
[Run 2175/511994] ✅ Saved: nist_libs_1.0_wt_CeCl3_and_4.5_wt_SrCl2_and_0.5_wt_BaCl2.csv
[Run 2176/511994] ✅ Saved: nist_libs_1.0_wt_CeCl3_and_4.5_wt_SrCl2_and_1.0_wt_BaCl2.csv
[Run 2177/511994] ✅ Saved: nist_libs_1.0_wt_CeCl3_and_4.5_wt_SrCl2_and_1.5_wt_BaCl2.csv
[Run 2178/511994] ✅ Saved: nist_libs_1.0_wt_CeCl3_and_4.5_wt_SrCl2_and_2.0_wt_BaCl2.csv
[Run 2179/511994] ✅ Saved: nist_libs_1.0_wt_CeCl3_and_4.5_wt_SrCl2_and_2.5_wt_BaCl2.csv
[Run 2180/511994] ✅ Saved: nist_libs_1.0_wt_CeCl3_and_4.5_wt_SrCl2_and_3.0_wt_BaCl2.csv
[Run 2181/511994] ✅ Saved: nist_libs_1.0_wt_CeCl3_and_4.5_wt_SrCl2_and_3.5_wt_BaCl2.csv
[Run 2182/511994] ✅ Saved: nist_libs_1.0_wt_CeCl3_and_4.5_wt_SrCl2_and_4.0_wt_BaCl2.csv
[Run 2183/511994] ✅ Saved: nist_libs_1.0_wt_CeCl3_and_4.5_wt_SrCl2_and_4.5_wt_BaCl2.csv
[Run 2184/511994] ✅ Saved: nist_libs_1.0_wt_CeCl3_and_4.5_wt_SrCl2_and_5.0_wt_BaCl2.csv
[Run 2185/511994] ✅ Saved: nist_libs_1.0_wt_CeCl3_and_5.0_wt_SrCl2_and_0.5_wt_BaCl2.csv
[Run 2187/511994] ✅ Saved: nist_libs_1.0_wt_CeCl3_and_5.0_wt_SrCl2_and_1.5_wt_BaCl2.csv
[Run 2186/511994] ✅ Saved: nist_libs_1.0_wt_CeCl3_and_5.0_wt_SrCl2_and_1.0_wt_BaCl2.csv
[Run 2189/511994] ✅ Saved: nist_libs_1.0_wt_CeCl3_and_5.0_wt_SrCl2_and_2.5_wt_BaCl2.csv
[Run 2188/511994] ✅ Saved: nist_libs_1.0_wt_CeCl3_and_5.0_wt_SrCl2_and_2.0_wt_BaCl2.csv
[Run 2191/511994] ✅ Saved: nist_libs_1.0_wt_CeCl3_and_5.0_wt_SrCl2_and_3.5_wt_BaCl2.csv
[Run 2190/511994] ✅ Saved: nist_libs_1.0_wt_CeCl3_and_5.0_wt_SrCl2_and_3.0_wt_BaCl2.csv
[Run 2192/511994] ✅ Saved: nist_libs_1.0_wt_CeCl3_and_5.0_wt_SrCl2_and_4.0_wt_BaCl2.csv
[Run 2193/511994] ✅ Saved: nist_libs_1.0_wt_CeCl3_and_5.0_wt_SrCl2_and_4.5_wt_BaCl2.csv
[Run 2194/511994] ✅ Saved: nist_libs_1.0_wt_CeCl3_and_5.0_wt_SrCl2_and_5.0_wt_BaCl2.csv
[Run 2195/511994] ✅ Saved: nist_libs_1.5_wt_CeCl3_and_0.5_wt_SrCl2_and_0.5_wt_BaCl2.csv
[Run 2196/511994] ✅ Saved: nist_libs_1.5_wt_CeCl3_and_0.5_wt_SrCl2_and_1.0_wt_BaCl2.csv
[Run 2197/511994] ✅ Saved: nist_libs_1.5_wt_CeCl3_and_0.5_wt_SrCl2_and_1.5_wt_BaCl2.csv
[Run 2199/511994] ✅ Saved: nist_libs_1.5_wt_CeCl3_and_0.5_wt_SrCl2_and_2.5_wt_BaCl2.csv
[Run 2198/511994] ✅ Saved: nist_libs_1.5_wt_CeCl3_and_0.5_wt_SrCl2_and_2.0_wt_BaCl2.csv
[Run 2200/511994] ✅ Saved: nist_libs_1.5_wt_CeCl3_and_0.5_wt_SrCl2_and_3.0_wt_BaCl2.csv
[Run 2202/511994] ✅ Saved: nist_libs_1.5_wt_CeCl3_and_0.5_wt_SrCl2_and_4.0_wt_BaCl2.csv
[Run 2201/511994] ✅ Saved: nist_libs_1.5_wt_CeCl3_and_0.5_wt_SrCl2_and_3.5_wt_BaCl2.csv
[Run 2203/511994] ✅ Saved: nist_libs_1.5_wt_CeCl3_and_0.5_wt_SrCl2_and_4.5_wt_BaCl2.csv
[Run 2204/511994] ✅ Saved: nist_libs_1.5_wt_CeCl3_and_0.5_wt_SrCl2_and_5.0_wt_BaCl2.csv
[Run 2205/511994] ✅ Saved: nist_libs_1.5_wt_CeCl3_and_1.0_wt_SrCl2_and_0.5_wt_BaCl2.csv
[Run 2206/511994] ✅ Saved: nist_libs_1.5_wt_CeCl3_and_1.0_wt_SrCl2_and_1.0_wt_BaCl2.csv
[Run 2207/511994] ✅ Saved: nist_libs_1.5_wt_CeCl3_and_1.0_wt_SrCl2_and_1.5_wt_BaCl2.csv
[Run 2208/511994] ✅ Saved: nist_libs_1.5_wt_CeCl3_and_1.0_wt_SrCl2_and_2.0_wt_BaCl2.csv
[Run 2209/511994] ✅ Saved: nist_libs_1.5_wt_CeCl3_and_1.0_wt_SrCl2_and_2.5_wt_BaCl2.csv
[Run 2211/511994] ✅ Saved: nist_libs_1.5_wt_CeCl3_and_1.0_wt_SrCl2_and_3.5_wt_BaCl2.csv
[Run 2210/511994] ✅ Saved: nist_libs_1.5_wt_CeCl3_and_1.0_wt_SrCl2_and_3.0_wt_BaCl2.csv
[Run 2212/511994] ✅ Saved: nist_libs_1.5_wt_CeCl3_and_1.0_wt_SrCl2_and_4.0_wt_BaCl2.csv
[Run 2213/511994] ✅ Saved: nist_libs_1.5_wt_CeCl3_and_1.0_wt_SrCl2_and_4.5_wt_BaCl2.csv
[Run 2215/511994] ✅ Saved: nist_libs_1.5_wt_CeCl3_and_1.5_wt_SrCl2_and_0.5_wt_BaCl2.csv
[Run 2214/511994] ✅ Saved: nist_libs_1.5_wt_CeCl3_and_1.0_wt_SrCl2_and_5.0_wt_BaCl2.csv
[Run 2216/511994] ✅ Saved: nist_libs_1.5_wt_CeCl3_and_1.5_wt_SrCl2_and_1.0_wt_BaCl2.csv
[Run 2217/511994] ✅ Saved: nist_libs_1.5_wt_CeCl3_and_1.5_wt_SrCl2_and_1.5_wt_BaCl2.csv
[Run 2218/511994] ✅ Saved: nist_libs_1.5_wt_CeCl3_and_1.5_wt_SrCl2_and_2.0_wt_BaCl2.csv
[Run 2219/511994] ✅ Saved: nist_libs_1.5_wt_CeCl3_and_1.5_wt_SrCl2_and_2.5_wt_BaCl2.csv
[Run 2220/511994] ✅ Saved: nist_libs_1.5_wt_CeCl3_and_1.5_wt_SrCl2_and_3.0_wt_BaCl2.csv
[Run 2221/511994] ✅ Saved: nist_libs_1.5_wt_CeCl3_and_1.5_wt_SrCl2_and_3.5_wt_BaCl2.csv
[Run 2222/511994] ✅ Saved: nist_libs_1.5_wt_CeCl3_and_1.5_wt_SrCl2_and_4.0_wt_BaCl2.csv
[Run 2223/511994] ✅ Saved: nist_libs_1.5_wt_CeCl3_and_1.5_wt_SrCl2_and_4.5_wt_BaCl2.csv
[Run 2224/511994] ✅ Saved: nist_libs_1.5_wt_CeCl3_and_1.5_wt_SrCl2_and_5.0_wt_BaCl2.csv
[Run 2225/511994] ✅ Saved: nist_libs_1.5_wt_CeCl3_and_2.0_wt_SrCl2_and_0.5_wt_BaCl2.csv
[Run 2226/511994] ✅ Saved: nist_libs_1.5_wt_CeCl3_and_2.0_wt_SrCl2_and_1.0_wt_BaCl2.csv
[Run 2227/511994] ✅ Saved: nist_libs_1.5_wt_CeCl3_and_2.0_wt_SrCl2_and_1.5_wt_BaCl2.csv
[Run 2228/511994] ✅ Saved: nist_libs_1.5_wt_CeCl3_and_2.0_wt_SrCl2_and_2.0_wt_BaCl2.csv
[Run 2229/511994] ✅ Saved: nist_libs_1.5_wt_CeCl3_and_2.0_wt_SrCl2_and_2.5_wt_BaCl2.csv
[Run 2230/511994] ✅ Saved: nist_libs_1.5_wt_CeCl3_and_2.0_wt_SrCl2_and_3.0_wt_BaCl2.csv
[Run 2231/511994] ✅ Saved: nist_libs_1.5_wt_CeCl3_and_2.0_wt_SrCl2_and_3.5_wt_BaCl2.csv
[Run 2232/511994] ✅ Saved: nist_libs_1.5_wt_CeCl3_and_2.0_wt_SrCl2_and_4.0_wt_BaCl2.csv
[Run 2233/511994] ✅ Saved: nist_libs_1.5_wt_CeCl3_and_2.0_wt_SrCl2_and_4.5_wt_BaCl2.csv
[Run 2234/511994] ✅ Saved: nist_libs_1.5_wt_CeCl3_and_2.0_wt_SrCl2_and_5.0_wt_BaCl2.csv
[Run 2236/511994] ✅ Saved: nist_libs_1.5_wt_CeCl3_and_2.5_wt_SrCl2_and_1.0_wt_BaCl2.csv
[Run 2235/511994] ✅ Saved: nist_libs_1.5_wt_CeCl3_and_2.5_wt_SrCl2_and_0.5_wt_BaCl2.csv
[Run 2237/511994] ✅ Saved: nist_libs_1.5_wt_CeCl3_and_2.5_wt_SrCl2_and_1.5_wt_BaCl2.csv
[Run 2238/511994] ✅ Saved: nist_libs_1.5_wt_CeCl3_and_2.5_wt_SrCl2_and_2.0_wt_BaCl2.csv
[Run 2239/511994] ✅ Saved: nist_libs_1.5_wt_CeCl3_and_2.5_wt_SrCl2_and_2.5_wt_BaCl2.csv
[Run 2240/511994] ✅ Saved: nist_libs_1.5_wt_CeCl3_and_2.5_wt_SrCl2_and_3.0_wt_BaCl2.csv
[Run 2241/511994] ✅ Saved: nist_libs_1.5_wt_CeCl3_and_2.5_wt_SrCl2_and_3.5_wt_BaCl2.csv
[Run 2242/511994] ✅ Saved: nist_libs_1.5_wt_CeCl3_and_2.5_wt_SrCl2_and_4.0_wt_BaCl2.csv
[Run 2243/511994] ✅ Saved: nist_libs_1.5_wt_CeCl3_and_2.5_wt_SrCl2_and_4.5_wt_BaCl2.csv
[Run 2244/511994] ✅ Saved: nist_libs_1.5_wt_CeCl3_and_2.5_wt_SrCl2_and_5.0_wt_BaCl2.csv
[Run 2245/511994] ✅ Saved: nist_libs_1.5_wt_CeCl3_and_3.0_wt_SrCl2_and_0.5_wt_BaCl2.csv
[Run 2246/511994] ✅ Saved: nist_libs_1.5_wt_CeCl3_and_3.0_wt_SrCl2_and_1.0_wt_BaCl2.csv
[Run 2247/511994] ✅ Saved: nist_libs_1.5_wt_CeCl3_and_3.0_wt_SrCl2_and_1.5_wt_BaCl2.csv
[Run 2249/511994] ✅ Saved: nist_libs_1.5_wt_CeCl3_and_3.0_wt_SrCl2_and_2.5_wt_BaCl2.csv
[Run 2248/511994] ✅ Saved: nist_libs_1.5_wt_CeCl3_and_3.0_wt_SrCl2_and_2.0_wt_BaCl2.csv
[Run 2250/511994] ✅ Saved: nist_libs_1.5_wt_CeCl3_and_3.0_wt_SrCl2_and_3.0_wt_BaCl2.csv
[Run 2251/511994] ✅ Saved: nist_libs_1.5_wt_CeCl3_and_3.0_wt_SrCl2_and_3.5_wt_BaCl2.csv
[Run 2252/511994] ✅ Saved: nist_libs_1.5_wt_CeCl3_and_3.0_wt_SrCl2_and_4.0_wt_BaCl2.csv
[Run 2253/511994] ✅ Saved: nist_libs_1.5_wt_CeCl3_and_3.0_wt_SrCl2_and_4.5_wt_BaCl2.csv
[Run 2254/511994] ✅ Saved: nist_libs_1.5_wt_CeCl3_and_3.0_wt_SrCl2_and_5.0_wt_BaCl2.csv
[Run 2255/511994] ✅ Saved: nist_libs_1.5_wt_CeCl3_and_3.5_wt_SrCl2_and_0.5_wt_BaCl2.csv
[Run 2257/511994] ✅ Saved: nist_libs_1.5_wt_CeCl3_and_3.5_wt_SrCl2_and_1.5_wt_BaCl2.csv
[Run 2256/511994] ✅ Saved: nist_libs_1.5_wt_CeCl3_and_3.5_wt_SrCl2_and_1.0_wt_BaCl2.csv
[Run 2258/511994] ✅ Saved: nist_libs_1.5_wt_CeCl3_and_3.5_wt_SrCl2_and_2.0_wt_BaCl2.csv
[Run 2259/511994] ✅ Saved: nist_libs_1.5_wt_CeCl3_and_3.5_wt_SrCl2_and_2.5_wt_BaCl2.csv
[Run 2260/511994] ✅ Saved: nist_libs_1.5_wt_CeCl3_and_3.5_wt_SrCl2_and_3.0_wt_BaCl2.csv
[Run 2261/511994] ✅ Saved: nist_libs_1.5_wt_CeCl3_and_3.5_wt_SrCl2_and_3.5_wt_BaCl2.csv
[Run 2262/511994] ✅ Saved: nist_libs_1.5_wt_CeCl3_and_3.5_wt_SrCl2_and_4.0_wt_BaCl2.csv
[Run 2263/511994] ✅ Saved: nist_libs_1.5_wt_CeCl3_and_3.5_wt_SrCl2_and_4.5_wt_BaCl2.csv
[Run 2264/511994] ✅ Saved: nist_libs_1.5_wt_CeCl3_and_3.5_wt_SrCl2_and_5.0_wt_BaCl2.csv
[Run 2265/511994] ✅ Saved: nist_libs_1.5_wt_CeCl3_and_4.0_wt_SrCl2_and_0.5_wt_BaCl2.csv
[Run 2266/511994] ✅ Saved: nist_libs_1.5_wt_CeCl3_and_4.0_wt_SrCl2_and_1.0_wt_BaCl2.csv
[Run 2267/511994] ✅ Saved: nist_libs_1.5_wt_CeCl3_and_4.0_wt_SrCl2_and_1.5_wt_BaCl2.csv
[Run 2268/511994] ✅ Saved: nist_libs_1.5_wt_CeCl3_and_4.0_wt_SrCl2_and_2.0_wt_BaCl2.csv
[Run 2269/511994] ✅ Saved: nist_libs_1.5_wt_CeCl3_and_4.0_wt_SrCl2_and_2.5_wt_BaCl2.csv
[Run 2270/511994] ✅ Saved: nist_libs_1.5_wt_CeCl3_and_4.0_wt_SrCl2_and_3.0_wt_BaCl2.csv
[Run 2271/511994] ✅ Saved: nist_libs_1.5_wt_CeCl3_and_4.0_wt_SrCl2_and_3.5_wt_BaCl2.csv
[Run 2272/511994] ✅ Saved: nist_libs_1.5_wt_CeCl3_and_4.0_wt_SrCl2_and_4.0_wt_BaCl2.csv
[Run 2273/511994] ✅ Saved: nist_libs_1.5_wt_CeCl3_and_4.0_wt_SrCl2_and_4.5_wt_BaCl2.csv
[Run 2274/511994] ✅ Saved: nist_libs_1.5_wt_CeCl3_and_4.0_wt_SrCl2_and_5.0_wt_BaCl2.csv
[Run 2275/511994] ✅ Saved: nist_libs_1.5_wt_CeCl3_and_4.5_wt_SrCl2_and_0.5_wt_BaCl2.csv
[Run 2276/511994] ✅ Saved: nist_libs_1.5_wt_CeCl3_and_4.5_wt_SrCl2_and_1.0_wt_BaCl2.csv
[Run 2277/511994] ✅ Saved: nist_libs_1.5_wt_CeCl3_and_4.5_wt_SrCl2_and_1.5_wt_BaCl2.csv
[Run 2278/511994] ✅ Saved: nist_libs_1.5_wt_CeCl3_and_4.5_wt_SrCl2_and_2.0_wt_BaCl2.csv
[Run 2279/511994] ✅ Saved: nist_libs_1.5_wt_CeCl3_and_4.5_wt_SrCl2_and_2.5_wt_BaCl2.csv
[Run 2280/511994] ✅ Saved: nist_libs_1.5_wt_CeCl3_and_4.5_wt_SrCl2_and_3.0_wt_BaCl2.csv
[Run 2281/511994] ✅ Saved: nist_libs_1.5_wt_CeCl3_and_4.5_wt_SrCl2_and_3.5_wt_BaCl2.csv
[Run 2282/511994] ✅ Saved: nist_libs_1.5_wt_CeCl3_and_4.5_wt_SrCl2_and_4.0_wt_BaCl2.csv
[Run 2283/511994] ✅ Saved: nist_libs_1.5_wt_CeCl3_and_4.5_wt_SrCl2_and_4.5_wt_BaCl2.csv
[Run 2284/511994] ✅ Saved: nist_libs_1.5_wt_CeCl3_and_4.5_wt_SrCl2_and_5.0_wt_BaCl2.csv
[Run 2285/511994] ✅ Saved: nist_libs_1.5_wt_CeCl3_and_5.0_wt_SrCl2_and_0.5_wt_BaCl2.csv
[Run 2286/511994] ✅ Saved: nist_libs_1.5_wt_CeCl3_and_5.0_wt_SrCl2_and_1.0_wt_BaCl2.csv
[Run 2287/511994] ✅ Saved: nist_libs_1.5_wt_CeCl3_and_5.0_wt_SrCl2_and_1.5_wt_BaCl2.csv
[Run 2288/511994] ✅ Saved: nist_libs_1.5_wt_CeCl3_and_5.0_wt_SrCl2_and_2.0_wt_BaCl2.csv
[Run 2289/511994] ✅ Saved: nist_libs_1.5_wt_CeCl3_and_5.0_wt_SrCl2_and_2.5_wt_BaCl2.csv
[Run 2290/511994] ✅ Saved: nist_libs_1.5_wt_CeCl3_and_5.0_wt_SrCl2_and_3.0_wt_BaCl2.csv
[Run 2292/511994] ✅ Saved: nist_libs_1.5_wt_CeCl3_and_5.0_wt_SrCl2_and_4.0_wt_BaCl2.csv
[Run 2291/511994] ✅ Saved: nist_libs_1.5_wt_CeCl3_and_5.0_wt_SrCl2_and_3.5_wt_BaCl2.csv
[Run 2293/511994] ✅ Saved: nist_libs_1.5_wt_CeCl3_and_5.0_wt_SrCl2_and_4.5_wt_BaCl2.csv
[Run 2294/511994] ✅ Saved: nist_libs_1.5_wt_CeCl3_and_5.0_wt_SrCl2_and_5.0_wt_BaCl2.csv
[Run 2295/511994] ✅ Saved: nist_libs_2.0_wt_CeCl3_and_0.5_wt_SrCl2_and_0.5_wt_BaCl2.csv
[Run 2296/511994] ✅ Saved: nist_libs_2.0_wt_CeCl3_and_0.5_wt_SrCl2_and_1.0_wt_BaCl2.csv
[Run 2297/511994] ✅ Saved: nist_libs_2.0_wt_CeCl3_and_0.5_wt_SrCl2_and_1.5_wt_BaCl2.csv
[Run 2298/511994] ✅ Saved: nist_libs_2.0_wt_CeCl3_and_0.5_wt_SrCl2_and_2.0_wt_BaCl2.csv
[Run 2299/511994] ✅ Saved: nist_libs_2.0_wt_CeCl3_and_0.5_wt_SrCl2_and_2.5_wt_BaCl2.csv
[Run 2300/511994] ✅ Saved: nist_libs_2.0_wt_CeCl3_and_0.5_wt_SrCl2_and_3.0_wt_BaCl2.csv
[Run 2301/511994] ✅ Saved: nist_libs_2.0_wt_CeCl3_and_0.5_wt_SrCl2_and_3.5_wt_BaCl2.csv
[Run 2302/511994] ✅ Saved: nist_libs_2.0_wt_CeCl3_and_0.5_wt_SrCl2_and_4.0_wt_BaCl2.csv
[Run 2303/511994] ✅ Saved: nist_libs_2.0_wt_CeCl3_and_0.5_wt_SrCl2_and_4.5_wt_BaCl2.csv
[Run 2304/511994] ✅ Saved: nist_libs_2.0_wt_CeCl3_and_0.5_wt_SrCl2_and_5.0_wt_BaCl2.csv
[Run 2305/511994] ✅ Saved: nist_libs_2.0_wt_CeCl3_and_1.0_wt_SrCl2_and_0.5_wt_BaCl2.csv
[Run 2306/511994] ✅ Saved: nist_libs_2.0_wt_CeCl3_and_1.0_wt_SrCl2_and_1.0_wt_BaCl2.csv
[Run 2308/511994] ✅ Saved: nist_libs_2.0_wt_CeCl3_and_1.0_wt_SrCl2_and_2.0_wt_BaCl2.csv
[Run 2307/511994] ✅ Saved: nist_libs_2.0_wt_CeCl3_and_1.0_wt_SrCl2_and_1.5_wt_BaCl2.csv
[Run 2309/511994] ✅ Saved: nist_libs_2.0_wt_CeCl3_and_1.0_wt_SrCl2_and_2.5_wt_BaCl2.csv
[Run 2310/511994] ✅ Saved: nist_libs_2.0_wt_CeCl3_and_1.0_wt_SrCl2_and_3.0_wt_BaCl2.csv
[Run 2311/511994] ✅ Saved: nist_libs_2.0_wt_CeCl3_and_1.0_wt_SrCl2_and_3.5_wt_BaCl2.csv
[Run 2312/511994] ✅ Saved: nist_libs_2.0_wt_CeCl3_and_1.0_wt_SrCl2_and_4.0_wt_BaCl2.csv
[Run 2313/511994] ✅ Saved: nist_libs_2.0_wt_CeCl3_and_1.0_wt_SrCl2_and_4.5_wt_BaCl2.csv
[Run 2314/511994] ✅ Saved: nist_libs_2.0_wt_CeCl3_and_1.0_wt_SrCl2_and_5.0_wt_BaCl2.csv
[Run 2315/511994] ✅ Saved: nist_libs_2.0_wt_CeCl3_and_1.5_wt_SrCl2_and_0.5_wt_BaCl2.csv
[Run 2317/511994] ✅ Saved: nist_libs_2.0_wt_CeCl3_and_1.5_wt_SrCl2_and_1.5_wt_BaCl2.csv
[Run 2318/511994] ✅ Saved: nist_libs_2.0_wt_CeCl3_and_1.5_wt_SrCl2_and_2.0_wt_BaCl2.csv
[Run 2316/511994] ✅ Saved: nist_libs_2.0_wt_CeCl3_and_1.5_wt_SrCl2_and_1.0_wt_BaCl2.csv
[Run 2319/511994] ✅ Saved: nist_libs_2.0_wt_CeCl3_and_1.5_wt_SrCl2_and_2.5_wt_BaCl2.csv
[Run 2321/511994] ✅ Saved: nist_libs_2.0_wt_CeCl3_and_1.5_wt_SrCl2_and_3.5_wt_BaCl2.csv
[Run 2322/511994] ✅ Saved: nist_libs_2.0_wt_CeCl3_and_1.5_wt_SrCl2_and_4.0_wt_BaCl2.csv
[Run 2320/511994] ✅ Saved: nist_libs_2.0_wt_CeCl3_and_1.5_wt_SrCl2_and_3.0_wt_BaCl2.csv
[Run 2323/511994] ✅ Saved: nist_libs_2.0_wt_CeCl3_and_1.5_wt_SrCl2_and_4.5_wt_BaCl2.csv
[Run 2324/511994] ✅ Saved: nist_libs_2.0_wt_CeCl3_and_1.5_wt_SrCl2_and_5.0_wt_BaCl2.csv
[Run 2325/511994] ✅ Saved: nist_libs_2.0_wt_CeCl3_and_2.0_wt_SrCl2_and_0.5_wt_BaCl2.csv
[Run 2326/511994] ✅ Saved: nist_libs_2.0_wt_CeCl3_and_2.0_wt_SrCl2_and_1.0_wt_BaCl2.csv
[Run 2327/511994] ✅ Saved: nist_libs_2.0_wt_CeCl3_and_2.0_wt_SrCl2_and_1.5_wt_BaCl2.csv
[Run 2328/511994] ✅ Saved: nist_libs_2.0_wt_CeCl3_and_2.0_wt_SrCl2_and_2.0_wt_BaCl2.csv
[Run 2329/511994] ✅ Saved: nist_libs_2.0_wt_CeCl3_and_2.0_wt_SrCl2_and_2.5_wt_BaCl2.csv
[Run 2331/511994] ✅ Saved: nist_libs_2.0_wt_CeCl3_and_2.0_wt_SrCl2_and_3.5_wt_BaCl2.csv
[Run 2330/511994] ✅ Saved: nist_libs_2.0_wt_CeCl3_and_2.0_wt_SrCl2_and_3.0_wt_BaCl2.csv
[Run 2332/511994] ✅ Saved: nist_libs_2.0_wt_CeCl3_and_2.0_wt_SrCl2_and_4.0_wt_BaCl2.csv
[Run 2333/511994] ✅ Saved: nist_libs_2.0_wt_CeCl3_and_2.0_wt_SrCl2_and_4.5_wt_BaCl2.csv
[Run 2335/511994] ✅ Saved: nist_libs_2.0_wt_CeCl3_and_2.5_wt_SrCl2_and_0.5_wt_BaCl2.csv
[Run 2334/511994] ✅ Saved: nist_libs_2.0_wt_CeCl3_and_2.0_wt_SrCl2_and_5.0_wt_BaCl2.csv
[Run 2336/511994] ✅ Saved: nist_libs_2.0_wt_CeCl3_and_2.5_wt_SrCl2_and_1.0_wt_BaCl2.csv
[Run 2337/511994] ✅ Saved: nist_libs_2.0_wt_CeCl3_and_2.5_wt_SrCl2_and_1.5_wt_BaCl2.csv
[Run 2338/511994] ✅ Saved: nist_libs_2.0_wt_CeCl3_and_2.5_wt_SrCl2_and_2.0_wt_BaCl2.csv
[Run 2339/511994] ✅ Saved: nist_libs_2.0_wt_CeCl3_and_2.5_wt_SrCl2_and_2.5_wt_BaCl2.csv
[Run 2340/511994] ✅ Saved: nist_libs_2.0_wt_CeCl3_and_2.5_wt_SrCl2_and_3.0_wt_BaCl2.csv
[Run 2341/511994] ✅ Saved: nist_libs_2.0_wt_CeCl3_and_2.5_wt_SrCl2_and_3.5_wt_BaCl2.csv
[Run 2343/511994] ✅ Saved: nist_libs_2.0_wt_CeCl3_and_2.5_wt_SrCl2_and_4.5_wt_BaCl2.csv
[Run 2342/511994] ✅ Saved: nist_libs_2.0_wt_CeCl3_and_2.5_wt_SrCl2_and_4.0_wt_BaCl2.csv
[Run 2344/511994] ✅ Saved: nist_libs_2.0_wt_CeCl3_and_2.5_wt_SrCl2_and_5.0_wt_BaCl2.csv
[Run 2345/511994] ✅ Saved: nist_libs_2.0_wt_CeCl3_and_3.0_wt_SrCl2_and_0.5_wt_BaCl2.csv
[Run 2346/511994] ✅ Saved: nist_libs_2.0_wt_CeCl3_and_3.0_wt_SrCl2_and_1.0_wt_BaCl2.csv
[Run 2347/511994] ✅ Saved: nist_libs_2.0_wt_CeCl3_and_3.0_wt_SrCl2_and_1.5_wt_BaCl2.csv
[Run 2348/511994] ✅ Saved: nist_libs_2.0_wt_CeCl3_and_3.0_wt_SrCl2_and_2.0_wt_BaCl2.csv
[Run 2349/511994] ✅ Saved: nist_libs_2.0_wt_CeCl3_and_3.0_wt_SrCl2_and_2.5_wt_BaCl2.csv
[Run 2350/511994] ✅ Saved: nist_libs_2.0_wt_CeCl3_and_3.0_wt_SrCl2_and_3.0_wt_BaCl2.csv
[Run 2351/511994] ✅ Saved: nist_libs_2.0_wt_CeCl3_and_3.0_wt_SrCl2_and_3.5_wt_BaCl2.csv
[Run 2353/511994] ✅ Saved: nist_libs_2.0_wt_CeCl3_and_3.0_wt_SrCl2_and_4.5_wt_BaCl2.csv
[Run 2352/511994] ✅ Saved: nist_libs_2.0_wt_CeCl3_and_3.0_wt_SrCl2_and_4.0_wt_BaCl2.csv
[Run 2354/511994] ✅ Saved: nist_libs_2.0_wt_CeCl3_and_3.0_wt_SrCl2_and_5.0_wt_BaCl2.csv
[Run 2355/511994] ✅ Saved: nist_libs_2.0_wt_CeCl3_and_3.5_wt_SrCl2_and_0.5_wt_BaCl2.csv
[Run 2356/511994] ✅ Saved: nist_libs_2.0_wt_CeCl3_and_3.5_wt_SrCl2_and_1.0_wt_BaCl2.csv
[Run 2357/511994] ✅ Saved: nist_libs_2.0_wt_CeCl3_and_3.5_wt_SrCl2_and_1.5_wt_BaCl2.csv
[Run 2358/511994] ✅ Saved: nist_libs_2.0_wt_CeCl3_and_3.5_wt_SrCl2_and_2.0_wt_BaCl2.csv
[Run 2359/511994] ✅ Saved: nist_libs_2.0_wt_CeCl3_and_3.5_wt_SrCl2_and_2.5_wt_BaCl2.csv
[Run 2360/511994] ✅ Saved: nist_libs_2.0_wt_CeCl3_and_3.5_wt_SrCl2_and_3.0_wt_BaCl2.csv
[Run 2361/511994] ✅ Saved: nist_libs_2.0_wt_CeCl3_and_3.5_wt_SrCl2_and_3.5_wt_BaCl2.csv
[Run 2362/511994] ✅ Saved: nist_libs_2.0_wt_CeCl3_and_3.5_wt_SrCl2_and_4.0_wt_BaCl2.csv
[Run 2363/511994] ✅ Saved: nist_libs_2.0_wt_CeCl3_and_3.5_wt_SrCl2_and_4.5_wt_BaCl2.csv
[Run 2364/511994] ✅ Saved: nist_libs_2.0_wt_CeCl3_and_3.5_wt_SrCl2_and_5.0_wt_BaCl2.csv
[Run 2365/511994] ✅ Saved: nist_libs_2.0_wt_CeCl3_and_4.0_wt_SrCl2_and_0.5_wt_BaCl2.csv
[Run 2366/511994] ✅ Saved: nist_libs_2.0_wt_CeCl3_and_4.0_wt_SrCl2_and_1.0_wt_BaCl2.csv
[Run 2367/511994] ✅ Saved: nist_libs_2.0_wt_CeCl3_and_4.0_wt_SrCl2_and_1.5_wt_BaCl2.csv
[Run 2368/511994] ✅ Saved: nist_libs_2.0_wt_CeCl3_and_4.0_wt_SrCl2_and_2.0_wt_BaCl2.csv
[Run 2369/511994] ✅ Saved: nist_libs_2.0_wt_CeCl3_and_4.0_wt_SrCl2_and_2.5_wt_BaCl2.csv
[Run 2370/511994] ✅ Saved: nist_libs_2.0_wt_CeCl3_and_4.0_wt_SrCl2_and_3.0_wt_BaCl2.csv
[Run 2371/511994] ✅ Saved: nist_libs_2.0_wt_CeCl3_and_4.0_wt_SrCl2_and_3.5_wt_BaCl2.csv
[Run 2372/511994] ✅ Saved: nist_libs_2.0_wt_CeCl3_and_4.0_wt_SrCl2_and_4.0_wt_BaCl2.csv
[Run 2373/511994] ✅ Saved: nist_libs_2.0_wt_CeCl3_and_4.0_wt_SrCl2_and_4.5_wt_BaCl2.csv
[Run 2374/511994] ✅ Saved: nist_libs_2.0_wt_CeCl3_and_4.0_wt_SrCl2_and_5.0_wt_BaCl2.csv
[Run 2375/511994] ✅ Saved: nist_libs_2.0_wt_CeCl3_and_4.5_wt_SrCl2_and_0.5_wt_BaCl2.csv
[Run 2376/511994] ✅ Saved: nist_libs_2.0_wt_CeCl3_and_4.5_wt_SrCl2_and_1.0_wt_BaCl2.csv
[Run 2377/511994] ✅ Saved: nist_libs_2.0_wt_CeCl3_and_4.5_wt_SrCl2_and_1.5_wt_BaCl2.csv
[Run 2379/511994] ✅ Saved: nist_libs_2.0_wt_CeCl3_and_4.5_wt_SrCl2_and_2.5_wt_BaCl2.csv
[Run 2378/511994] ✅ Saved: nist_libs_2.0_wt_CeCl3_and_4.5_wt_SrCl2_and_2.0_wt_BaCl2.csv
[Run 2381/511994] ✅ Saved: nist_libs_2.0_wt_CeCl3_and_4.5_wt_SrCl2_and_3.5_wt_BaCl2.csv
[Run 2380/511994] ✅ Saved: nist_libs_2.0_wt_CeCl3_and_4.5_wt_SrCl2_and_3.0_wt_BaCl2.csv
[Run 2382/511994] ✅ Saved: nist_libs_2.0_wt_CeCl3_and_4.5_wt_SrCl2_and_4.0_wt_BaCl2.csv
[Run 2383/511994] ✅ Saved: nist_libs_2.0_wt_CeCl3_and_4.5_wt_SrCl2_and_4.5_wt_BaCl2.csv
[Run 2384/511994] ✅ Saved: nist_libs_2.0_wt_CeCl3_and_4.5_wt_SrCl2_and_5.0_wt_BaCl2.csv
[Run 2385/511994] ✅ Saved: nist_libs_2.0_wt_CeCl3_and_5.0_wt_SrCl2_and_0.5_wt_BaCl2.csv
[Run 2386/511994] ✅ Saved: nist_libs_2.0_wt_CeCl3_and_5.0_wt_SrCl2_and_1.0_wt_BaCl2.csv
[Run 2387/511994] ✅ Saved: nist_libs_2.0_wt_CeCl3_and_5.0_wt_SrCl2_and_1.5_wt_BaCl2.csv
[Run 2388/511994] ✅ Saved: nist_libs_2.0_wt_CeCl3_and_5.0_wt_SrCl2_and_2.0_wt_BaCl2.csv
[Run 2389/511994] ✅ Saved: nist_libs_2.0_wt_CeCl3_and_5.0_wt_SrCl2_and_2.5_wt_BaCl2.csv
[Run 2390/511994] ✅ Saved: nist_libs_2.0_wt_CeCl3_and_5.0_wt_SrCl2_and_3.0_wt_BaCl2.csv
[Run 2391/511994] ✅ Saved: nist_libs_2.0_wt_CeCl3_and_5.0_wt_SrCl2_and_3.5_wt_BaCl2.csv
[Run 2392/511994] ✅ Saved: nist_libs_2.0_wt_CeCl3_and_5.0_wt_SrCl2_and_4.0_wt_BaCl2.csv
[Run 2393/511994] ✅ Saved: nist_libs_2.0_wt_CeCl3_and_5.0_wt_SrCl2_and_4.5_wt_BaCl2.csv
[Run 2394/511994] ✅ Saved: nist_libs_2.0_wt_CeCl3_and_5.0_wt_SrCl2_and_5.0_wt_BaCl2.csv
[Run 2395/511994] ✅ Saved: nist_libs_2.5_wt_CeCl3_and_0.5_wt_SrCl2_and_0.5_wt_BaCl2.csv
[Run 2396/511994] ✅ Saved: nist_libs_2.5_wt_CeCl3_and_0.5_wt_SrCl2_and_1.0_wt_BaCl2.csv
[Run 2397/511994] ✅ Saved: nist_libs_2.5_wt_CeCl3_and_0.5_wt_SrCl2_and_1.5_wt_BaCl2.csv
[Run 2399/511994] ✅ Saved: nist_libs_2.5_wt_CeCl3_and_0.5_wt_SrCl2_and_2.5_wt_BaCl2.csv
[Run 2398/511994] ✅ Saved: nist_libs_2.5_wt_CeCl3_and_0.5_wt_SrCl2_and_2.0_wt_BaCl2.csv
[Run 2400/511994] ✅ Saved: nist_libs_2.5_wt_CeCl3_and_0.5_wt_SrCl2_and_3.0_wt_BaCl2.csv
[Run 2401/511994] ✅ Saved: nist_libs_2.5_wt_CeCl3_and_0.5_wt_SrCl2_and_3.5_wt_BaCl2.csv
[Run 2403/511994] ✅ Saved: nist_libs_2.5_wt_CeCl3_and_0.5_wt_SrCl2_and_4.5_wt_BaCl2.csv
[Run 2402/511994] ✅ Saved: nist_libs_2.5_wt_CeCl3_and_0.5_wt_SrCl2_and_4.0_wt_BaCl2.csv
[Run 2405/511994] ✅ Saved: nist_libs_2.5_wt_CeCl3_and_1.0_wt_SrCl2_and_0.5_wt_BaCl2.csv
[Run 2404/511994] ✅ Saved: nist_libs_2.5_wt_CeCl3_and_0.5_wt_SrCl2_and_5.0_wt_BaCl2.csv
[Run 2406/511994] ✅ Saved: nist_libs_2.5_wt_CeCl3_and_1.0_wt_SrCl2_and_1.0_wt_BaCl2.csv
[Run 2407/511994] ✅ Saved: nist_libs_2.5_wt_CeCl3_and_1.0_wt_SrCl2_and_1.5_wt_BaCl2.csv
[Run 2408/511994] ✅ Saved: nist_libs_2.5_wt_CeCl3_and_1.0_wt_SrCl2_and_2.0_wt_BaCl2.csv
[Run 2409/511994] ✅ Saved: nist_libs_2.5_wt_CeCl3_and_1.0_wt_SrCl2_and_2.5_wt_BaCl2.csv
[Run 2410/511994] ✅ Saved: nist_libs_2.5_wt_CeCl3_and_1.0_wt_SrCl2_and_3.0_wt_BaCl2.csv
[Run 2411/511994] ✅ Saved: nist_libs_2.5_wt_CeCl3_and_1.0_wt_SrCl2_and_3.5_wt_BaCl2.csv
[Run 2412/511994] ✅ Saved: nist_libs_2.5_wt_CeCl3_and_1.0_wt_SrCl2_and_4.0_wt_BaCl2.csv
[Run 2413/511994] ✅ Saved: nist_libs_2.5_wt_CeCl3_and_1.0_wt_SrCl2_and_4.5_wt_BaCl2.csv
[Run 2414/511994] ✅ Saved: nist_libs_2.5_wt_CeCl3_and_1.0_wt_SrCl2_and_5.0_wt_BaCl2.csv
[Run 2415/511994] ✅ Saved: nist_libs_2.5_wt_CeCl3_and_1.5_wt_SrCl2_and_0.5_wt_BaCl2.csv
[Run 2416/511994] ✅ Saved: nist_libs_2.5_wt_CeCl3_and_1.5_wt_SrCl2_and_1.0_wt_BaCl2.csv
[Run 2417/511994] ✅ Saved: nist_libs_2.5_wt_CeCl3_and_1.5_wt_SrCl2_and_1.5_wt_BaCl2.csv
[Run 2418/511994] ✅ Saved: nist_libs_2.5_wt_CeCl3_and_1.5_wt_SrCl2_and_2.0_wt_BaCl2.csv
[Run 2419/511994] ✅ Saved: nist_libs_2.5_wt_CeCl3_and_1.5_wt_SrCl2_and_2.5_wt_BaCl2.csv
[Run 2420/511994] ✅ Saved: nist_libs_2.5_wt_CeCl3_and_1.5_wt_SrCl2_and_3.0_wt_BaCl2.csv
[Run 2421/511994] ✅ Saved: nist_libs_2.5_wt_CeCl3_and_1.5_wt_SrCl2_and_3.5_wt_BaCl2.csv
[Run 2422/511994] ✅ Saved: nist_libs_2.5_wt_CeCl3_and_1.5_wt_SrCl2_and_4.0_wt_BaCl2.csv
[Run 2423/511994] ✅ Saved: nist_libs_2.5_wt_CeCl3_and_1.5_wt_SrCl2_and_4.5_wt_BaCl2.csv
[Run 2424/511994] ✅ Saved: nist_libs_2.5_wt_CeCl3_and_1.5_wt_SrCl2_and_5.0_wt_BaCl2.csv
[Run 2425/511994] ✅ Saved: nist_libs_2.5_wt_CeCl3_and_2.0_wt_SrCl2_and_0.5_wt_BaCl2.csv
[Run 2426/511994] ✅ Saved: nist_libs_2.5_wt_CeCl3_and_2.0_wt_SrCl2_and_1.0_wt_BaCl2.csv
[Run 2427/511994] ✅ Saved: nist_libs_2.5_wt_CeCl3_and_2.0_wt_SrCl2_and_1.5_wt_BaCl2.csv
[Run 2428/511994] ✅ Saved: nist_libs_2.5_wt_CeCl3_and_2.0_wt_SrCl2_and_2.0_wt_BaCl2.csv
[Run 2429/511994] ✅ Saved: nist_libs_2.5_wt_CeCl3_and_2.0_wt_SrCl2_and_2.5_wt_BaCl2.csv
[Run 2430/511994] ✅ Saved: nist_libs_2.5_wt_CeCl3_and_2.0_wt_SrCl2_and_3.0_wt_BaCl2.csv
[Run 2431/511994] ✅ Saved: nist_libs_2.5_wt_CeCl3_and_2.0_wt_SrCl2_and_3.5_wt_BaCl2.csv
[Run 2432/511994] ✅ Saved: nist_libs_2.5_wt_CeCl3_and_2.0_wt_SrCl2_and_4.0_wt_BaCl2.csv
[Run 2433/511994] ✅ Saved: nist_libs_2.5_wt_CeCl3_and_2.0_wt_SrCl2_and_4.5_wt_BaCl2.csv
[Run 2434/511994] ✅ Saved: nist_libs_2.5_wt_CeCl3_and_2.0_wt_SrCl2_and_5.0_wt_BaCl2.csv
[Run 2435/511994] ✅ Saved: nist_libs_2.5_wt_CeCl3_and_2.5_wt_SrCl2_and_0.5_wt_BaCl2.csv
[Run 2436/511994] ✅ Saved: nist_libs_2.5_wt_CeCl3_and_2.5_wt_SrCl2_and_1.0_wt_BaCl2.csv
[Run 2437/511994] ✅ Saved: nist_libs_2.5_wt_CeCl3_and_2.5_wt_SrCl2_and_1.5_wt_BaCl2.csv
[Run 2438/511994] ✅ Saved: nist_libs_2.5_wt_CeCl3_and_2.5_wt_SrCl2_and_2.0_wt_BaCl2.csv
[Run 2439/511994] ✅ Saved: nist_libs_2.5_wt_CeCl3_and_2.5_wt_SrCl2_and_2.5_wt_BaCl2.csv
[Run 2440/511994] ✅ Saved: nist_libs_2.5_wt_CeCl3_and_2.5_wt_SrCl2_and_3.0_wt_BaCl2.csv
[Run 2441/511994] ✅ Saved: nist_libs_2.5_wt_CeCl3_and_2.5_wt_SrCl2_and_3.5_wt_BaCl2.csv
[Run 2443/511994] ✅ Saved: nist_libs_2.5_wt_CeCl3_and_2.5_wt_SrCl2_and_4.5_wt_BaCl2.csv
[Run 2442/511994] ✅ Saved: nist_libs_2.5_wt_CeCl3_and_2.5_wt_SrCl2_and_4.0_wt_BaCl2.csv
[Run 2444/511994] ✅ Saved: nist_libs_2.5_wt_CeCl3_and_2.5_wt_SrCl2_and_5.0_wt_BaCl2.csv
[Run 2445/511994] ✅ Saved: nist_libs_2.5_wt_CeCl3_and_3.0_wt_SrCl2_and_0.5_wt_BaCl2.csv
[Run 2446/511994] ✅ Saved: nist_libs_2.5_wt_CeCl3_and_3.0_wt_SrCl2_and_1.0_wt_BaCl2.csv
[Run 2447/511994] ✅ Saved: nist_libs_2.5_wt_CeCl3_and_3.0_wt_SrCl2_and_1.5_wt_BaCl2.csv
[Run 2448/511994] ✅ Saved: nist_libs_2.5_wt_CeCl3_and_3.0_wt_SrCl2_and_2.0_wt_BaCl2.csv
[Run 2449/511994] ✅ Saved: nist_libs_2.5_wt_CeCl3_and_3.0_wt_SrCl2_and_2.5_wt_BaCl2.csv
[Run 2450/511994] ✅ Saved: nist_libs_2.5_wt_CeCl3_and_3.0_wt_SrCl2_and_3.0_wt_BaCl2.csv
[Run 2451/511994] ✅ Saved: nist_libs_2.5_wt_CeCl3_and_3.0_wt_SrCl2_and_3.5_wt_BaCl2.csv
[Run 2452/511994] ✅ Saved: nist_libs_2.5_wt_CeCl3_and_3.0_wt_SrCl2_and_4.0_wt_BaCl2.csv
[Run 2453/511994] ✅ Saved: nist_libs_2.5_wt_CeCl3_and_3.0_wt_SrCl2_and_4.5_wt_BaCl2.csv
[Run 2455/511994] ✅ Saved: nist_libs_2.5_wt_CeCl3_and_3.5_wt_SrCl2_and_0.5_wt_BaCl2.csv
[Run 2454/511994] ✅ Saved: nist_libs_2.5_wt_CeCl3_and_3.0_wt_SrCl2_and_5.0_wt_BaCl2.csv
[Run 2456/511994] ✅ Saved: nist_libs_2.5_wt_CeCl3_and_3.5_wt_SrCl2_and_1.0_wt_BaCl2.csv
[Run 2457/511994] ✅ Saved: nist_libs_2.5_wt_CeCl3_and_3.5_wt_SrCl2_and_1.5_wt_BaCl2.csv
[Run 2458/511994] ✅ Saved: nist_libs_2.5_wt_CeCl3_and_3.5_wt_SrCl2_and_2.0_wt_BaCl2.csv
[Run 2459/511994] ✅ Saved: nist_libs_2.5_wt_CeCl3_and_3.5_wt_SrCl2_and_2.5_wt_BaCl2.csv
[Run 2460/511994] ✅ Saved: nist_libs_2.5_wt_CeCl3_and_3.5_wt_SrCl2_and_3.0_wt_BaCl2.csv
[Run 2461/511994] ✅ Saved: nist_libs_2.5_wt_CeCl3_and_3.5_wt_SrCl2_and_3.5_wt_BaCl2.csv
[Run 2463/511994] ✅ Saved: nist_libs_2.5_wt_CeCl3_and_3.5_wt_SrCl2_and_4.5_wt_BaCl2.csv
[Run 2462/511994] ✅ Saved: nist_libs_2.5_wt_CeCl3_and_3.5_wt_SrCl2_and_4.0_wt_BaCl2.csv
[Run 2464/511994] ✅ Saved: nist_libs_2.5_wt_CeCl3_and_3.5_wt_SrCl2_and_5.0_wt_BaCl2.csv
[Run 2465/511994] ✅ Saved: nist_libs_2.5_wt_CeCl3_and_4.0_wt_SrCl2_and_0.5_wt_BaCl2.csv
[Run 2467/511994] ✅ Saved: nist_libs_2.5_wt_CeCl3_and_4.0_wt_SrCl2_and_1.5_wt_BaCl2.csv
[Run 2466/511994] ✅ Saved: nist_libs_2.5_wt_CeCl3_and_4.0_wt_SrCl2_and_1.0_wt_BaCl2.csv
[Run 2468/511994] ✅ Saved: nist_libs_2.5_wt_CeCl3_and_4.0_wt_SrCl2_and_2.0_wt_BaCl2.csv
[Run 2469/511994] ✅ Saved: nist_libs_2.5_wt_CeCl3_and_4.0_wt_SrCl2_and_2.5_wt_BaCl2.csv
[Run 2470/511994] ✅ Saved: nist_libs_2.5_wt_CeCl3_and_4.0_wt_SrCl2_and_3.0_wt_BaCl2.csv
[Run 2471/511994] ✅ Saved: nist_libs_2.5_wt_CeCl3_and_4.0_wt_SrCl2_and_3.5_wt_BaCl2.csv
[Run 2472/511994] ✅ Saved: nist_libs_2.5_wt_CeCl3_and_4.0_wt_SrCl2_and_4.0_wt_BaCl2.csv
[Run 2473/511994] ✅ Saved: nist_libs_2.5_wt_CeCl3_and_4.0_wt_SrCl2_and_4.5_wt_BaCl2.csv
[Run 2474/511994] ✅ Saved: nist_libs_2.5_wt_CeCl3_and_4.0_wt_SrCl2_and_5.0_wt_BaCl2.csv
[Run 2475/511994] ✅ Saved: nist_libs_2.5_wt_CeCl3_and_4.5_wt_SrCl2_and_0.5_wt_BaCl2.csv
[Run 2476/511994] ✅ Saved: nist_libs_2.5_wt_CeCl3_and_4.5_wt_SrCl2_and_1.0_wt_BaCl2.csv
[Run 2477/511994] ✅ Saved: nist_libs_2.5_wt_CeCl3_and_4.5_wt_SrCl2_and_1.5_wt_BaCl2.csv
[Run 2478/511994] ✅ Saved: nist_libs_2.5_wt_CeCl3_and_4.5_wt_SrCl2_and_2.0_wt_BaCl2.csv
[Run 2479/511994] ✅ Saved: nist_libs_2.5_wt_CeCl3_and_4.5_wt_SrCl2_and_2.5_wt_BaCl2.csv
[Run 2480/511994] ✅ Saved: nist_libs_2.5_wt_CeCl3_and_4.5_wt_SrCl2_and_3.0_wt_BaCl2.csv
[Run 2481/511994] ✅ Saved: nist_libs_2.5_wt_CeCl3_and_4.5_wt_SrCl2_and_3.5_wt_BaCl2.csv
[Run 2482/511994] ✅ Saved: nist_libs_2.5_wt_CeCl3_and_4.5_wt_SrCl2_and_4.0_wt_BaCl2.csv
[Run 2483/511994] ✅ Saved: nist_libs_2.5_wt_CeCl3_and_4.5_wt_SrCl2_and_4.5_wt_BaCl2.csv
[Run 2484/511994] ✅ Saved: nist_libs_2.5_wt_CeCl3_and_4.5_wt_SrCl2_and_5.0_wt_BaCl2.csv
[Run 2485/511994] ✅ Saved: nist_libs_2.5_wt_CeCl3_and_5.0_wt_SrCl2_and_0.5_wt_BaCl2.csv
[Run 2486/511994] ✅ Saved: nist_libs_2.5_wt_CeCl3_and_5.0_wt_SrCl2_and_1.0_wt_BaCl2.csv
[Run 2488/511994] ✅ Saved: nist_libs_2.5_wt_CeCl3_and_5.0_wt_SrCl2_and_2.0_wt_BaCl2.csv
[Run 2487/511994] ✅ Saved: nist_libs_2.5_wt_CeCl3_and_5.0_wt_SrCl2_and_1.5_wt_BaCl2.csv
[Run 2489/511994] ✅ Saved: nist_libs_2.5_wt_CeCl3_and_5.0_wt_SrCl2_and_2.5_wt_BaCl2.csv
[Run 2490/511994] ✅ Saved: nist_libs_2.5_wt_CeCl3_and_5.0_wt_SrCl2_and_3.0_wt_BaCl2.csv
[Run 2492/511994] ✅ Saved: nist_libs_2.5_wt_CeCl3_and_5.0_wt_SrCl2_and_4.0_wt_BaCl2.csv
[Run 2493/511994] ✅ Saved: nist_libs_2.5_wt_CeCl3_and_5.0_wt_SrCl2_and_4.5_wt_BaCl2.csv
[Run 2491/511994] ✅ Saved: nist_libs_2.5_wt_CeCl3_and_5.0_wt_SrCl2_and_3.5_wt_BaCl2.csv
[Run 2494/511994] ✅ Saved: nist_libs_2.5_wt_CeCl3_and_5.0_wt_SrCl2_and_5.0_wt_BaCl2.csv
[Run 2496/511994] ✅ Saved: nist_libs_3.0_wt_CeCl3_and_0.5_wt_SrCl2_and_1.0_wt_BaCl2.csv
[Run 2497/511994] ✅ Saved: nist_libs_3.0_wt_CeCl3_and_0.5_wt_SrCl2_and_1.5_wt_BaCl2.csv
[Run 2495/511994] ✅ Saved: nist_libs_3.0_wt_CeCl3_and_0.5_wt_SrCl2_and_0.5_wt_BaCl2.csv
[Run 2498/511994] ✅ Saved: nist_libs_3.0_wt_CeCl3_and_0.5_wt_SrCl2_and_2.0_wt_BaCl2.csv
[Run 2499/511994] ✅ Saved: nist_libs_3.0_wt_CeCl3_and_0.5_wt_SrCl2_and_2.5_wt_BaCl2.csv
[Run 2500/511994] ✅ Saved: nist_libs_3.0_wt_CeCl3_and_0.5_wt_SrCl2_and_3.0_wt_BaCl2.csv
[Run 2501/511994] ✅ Saved: nist_libs_3.0_wt_CeCl3_and_0.5_wt_SrCl2_and_3.5_wt_BaCl2.csv
[Run 2502/511994] ✅ Saved: nist_libs_3.0_wt_CeCl3_and_0.5_wt_SrCl2_and_4.0_wt_BaCl2.csv
[Run 2506/511994] ✅ Saved: nist_libs_3.0_wt_CeCl3_and_1.0_wt_SrCl2_and_1.0_wt_BaCl2.csv
[Run 2504/511994] ✅ Saved: nist_libs_3.0_wt_CeCl3_and_0.5_wt_SrCl2_and_5.0_wt_BaCl2.csv
[Run 2503/511994] ✅ Saved: nist_libs_3.0_wt_CeCl3_and_0.5_wt_SrCl2_and_4.5_wt_BaCl2.csv
[Run 2505/511994] ✅ Saved: nist_libs_3.0_wt_CeCl3_and_1.0_wt_SrCl2_and_0.5_wt_BaCl2.csv
[Run 2507/511994] ✅ Saved: nist_libs_3.0_wt_CeCl3_and_1.0_wt_SrCl2_and_1.5_wt_BaCl2.csv
[Run 2510/511994] ✅ Saved: nist_libs_3.0_wt_CeCl3_and_1.0_wt_SrCl2_and_3.0_wt_BaCl2.csv
[Run 2509/511994] ✅ Saved: nist_libs_3.0_wt_CeCl3_and_1.0_wt_SrCl2_and_2.5_wt_BaCl2.csv
[Run 2508/511994] ✅ Saved: nist_libs_3.0_wt_CeCl3_and_1.0_wt_SrCl2_and_2.0_wt_BaCl2.csv
[Run 2511/511994] ✅ Saved: nist_libs_3.0_wt_CeCl3_and_1.0_wt_SrCl2_and_3.5_wt_BaCl2.csv
[Run 2512/511994] ✅ Saved: nist_libs_3.0_wt_CeCl3_and_1.0_wt_SrCl2_and_4.0_wt_BaCl2.csv
[Run 2513/511994] ✅ Saved: nist_libs_3.0_wt_CeCl3_and_1.0_wt_SrCl2_and_4.5_wt_BaCl2.csv
[Run 2514/511994] ✅ Saved: nist_libs_3.0_wt_CeCl3_and_1.0_wt_SrCl2_and_5.0_wt_BaCl2.csv
[Run 2515/511994] ✅ Saved: nist_libs_3.0_wt_CeCl3_and_1.5_wt_SrCl2_and_0.5_wt_BaCl2.csv
[Run 2516/511994] ✅ Saved: nist_libs_3.0_wt_CeCl3_and_1.5_wt_SrCl2_and_1.0_wt_BaCl2.csv
[Run 2518/511994] ✅ Saved: nist_libs_3.0_wt_CeCl3_and_1.5_wt_SrCl2_and_2.0_wt_BaCl2.csv
[Run 2517/511994] ✅ Saved: nist_libs_3.0_wt_CeCl3_and_1.5_wt_SrCl2_and_1.5_wt_BaCl2.csv
[Run 2519/511994] ✅ Saved: nist_libs_3.0_wt_CeCl3_and_1.5_wt_SrCl2_and_2.5_wt_BaCl2.csv
[Run 2520/511994] ✅ Saved: nist_libs_3.0_wt_CeCl3_and_1.5_wt_SrCl2_and_3.0_wt_BaCl2.csv
[Run 2521/511994] ✅ Saved: nist_libs_3.0_wt_CeCl3_and_1.5_wt_SrCl2_and_3.5_wt_BaCl2.csv
[Run 2522/511994] ✅ Saved: nist_libs_3.0_wt_CeCl3_and_1.5_wt_SrCl2_and_4.0_wt_BaCl2.csv
[Run 2523/511994] ✅ Saved: nist_libs_3.0_wt_CeCl3_and_1.5_wt_SrCl2_and_4.5_wt_BaCl2.csv
[Run 2525/511994] ✅ Saved: nist_libs_3.0_wt_CeCl3_and_2.0_wt_SrCl2_and_0.5_wt_BaCl2.csv
[Run 2524/511994] ✅ Saved: nist_libs_3.0_wt_CeCl3_and_1.5_wt_SrCl2_and_5.0_wt_BaCl2.csv
[Run 2526/511994] ✅ Saved: nist_libs_3.0_wt_CeCl3_and_2.0_wt_SrCl2_and_1.0_wt_BaCl2.csv
[Run 2527/511994] ✅ Saved: nist_libs_3.0_wt_CeCl3_and_2.0_wt_SrCl2_and_1.5_wt_BaCl2.csv
[Run 2529/511994] ✅ Saved: nist_libs_3.0_wt_CeCl3_and_2.0_wt_SrCl2_and_2.5_wt_BaCl2.csv
[Run 2528/511994] ✅ Saved: nist_libs_3.0_wt_CeCl3_and_2.0_wt_SrCl2_and_2.0_wt_BaCl2.csv
[Run 2530/511994] ✅ Saved: nist_libs_3.0_wt_CeCl3_and_2.0_wt_SrCl2_and_3.0_wt_BaCl2.csv
[Run 2531/511994] ✅ Saved: nist_libs_3.0_wt_CeCl3_and_2.0_wt_SrCl2_and_3.5_wt_BaCl2.csv
[Run 2532/511994] ✅ Saved: nist_libs_3.0_wt_CeCl3_and_2.0_wt_SrCl2_and_4.0_wt_BaCl2.csv
[Run 2533/511994] ✅ Saved: nist_libs_3.0_wt_CeCl3_and_2.0_wt_SrCl2_and_4.5_wt_BaCl2.csv
[Run 2534/511994] ✅ Saved: nist_libs_3.0_wt_CeCl3_and_2.0_wt_SrCl2_and_5.0_wt_BaCl2.csv
[Run 2535/511994] ✅ Saved: nist_libs_3.0_wt_CeCl3_and_2.5_wt_SrCl2_and_0.5_wt_BaCl2.csv
[Run 2536/511994] ✅ Saved: nist_libs_3.0_wt_CeCl3_and_2.5_wt_SrCl2_and_1.0_wt_BaCl2.csv
[Run 2537/511994] ✅ Saved: nist_libs_3.0_wt_CeCl3_and_2.5_wt_SrCl2_and_1.5_wt_BaCl2.csv
[Run 2538/511994] ✅ Saved: nist_libs_3.0_wt_CeCl3_and_2.5_wt_SrCl2_and_2.0_wt_BaCl2.csv
[Run 2539/511994] ✅ Saved: nist_libs_3.0_wt_CeCl3_and_2.5_wt_SrCl2_and_2.5_wt_BaCl2.csv
[Run 2540/511994] ✅ Saved: nist_libs_3.0_wt_CeCl3_and_2.5_wt_SrCl2_and_3.0_wt_BaCl2.csv
[Run 2541/511994] ✅ Saved: nist_libs_3.0_wt_CeCl3_and_2.5_wt_SrCl2_and_3.5_wt_BaCl2.csv
[Run 2542/511994] ✅ Saved: nist_libs_3.0_wt_CeCl3_and_2.5_wt_SrCl2_and_4.0_wt_BaCl2.csv
[Run 2544/511994] ✅ Saved: nist_libs_3.0_wt_CeCl3_and_2.5_wt_SrCl2_and_5.0_wt_BaCl2.csv
[Run 2543/511994] ✅ Saved: nist_libs_3.0_wt_CeCl3_and_2.5_wt_SrCl2_and_4.5_wt_BaCl2.csv
[Run 2545/511994] ✅ Saved: nist_libs_3.0_wt_CeCl3_and_3.0_wt_SrCl2_and_0.5_wt_BaCl2.csv
[Run 2546/511994] ✅ Saved: nist_libs_3.0_wt_CeCl3_and_3.0_wt_SrCl2_and_1.0_wt_BaCl2.csv
[Run 2547/511994] ✅ Saved: nist_libs_3.0_wt_CeCl3_and_3.0_wt_SrCl2_and_1.5_wt_BaCl2.csv
[Run 2549/511994] ✅ Saved: nist_libs_3.0_wt_CeCl3_and_3.0_wt_SrCl2_and_2.5_wt_BaCl2.csv
[Run 2548/511994] ✅ Saved: nist_libs_3.0_wt_CeCl3_and_3.0_wt_SrCl2_and_2.0_wt_BaCl2.csv
[Run 2550/511994] ✅ Saved: nist_libs_3.0_wt_CeCl3_and_3.0_wt_SrCl2_and_3.0_wt_BaCl2.csv
[Run 2552/511994] ✅ Saved: nist_libs_3.0_wt_CeCl3_and_3.0_wt_SrCl2_and_4.0_wt_BaCl2.csv
[Run 2551/511994] ✅ Saved: nist_libs_3.0_wt_CeCl3_and_3.0_wt_SrCl2_and_3.5_wt_BaCl2.csv
[Run 2553/511994] ✅ Saved: nist_libs_3.0_wt_CeCl3_and_3.0_wt_SrCl2_and_4.5_wt_BaCl2.csv
[Run 2554/511994] ✅ Saved: nist_libs_3.0_wt_CeCl3_and_3.0_wt_SrCl2_and_5.0_wt_BaCl2.csv
[Run 2555/511994] ✅ Saved: nist_libs_3.0_wt_CeCl3_and_3.5_wt_SrCl2_and_0.5_wt_BaCl2.csv
[Run 2556/511994] ✅ Saved: nist_libs_3.0_wt_CeCl3_and_3.5_wt_SrCl2_and_1.0_wt_BaCl2.csv
[Run 2558/511994] ✅ Saved: nist_libs_3.0_wt_CeCl3_and_3.5_wt_SrCl2_and_2.0_wt_BaCl2.csv
[Run 2557/511994] ✅ Saved: nist_libs_3.0_wt_CeCl3_and_3.5_wt_SrCl2_and_1.5_wt_BaCl2.csv
[Run 2559/511994] ✅ Saved: nist_libs_3.0_wt_CeCl3_and_3.5_wt_SrCl2_and_2.5_wt_BaCl2.csv
[Run 2560/511994] ✅ Saved: nist_libs_3.0_wt_CeCl3_and_3.5_wt_SrCl2_and_3.0_wt_BaCl2.csv
[Run 2561/511994] ✅ Saved: nist_libs_3.0_wt_CeCl3_and_3.5_wt_SrCl2_and_3.5_wt_BaCl2.csv
[Run 2562/511994] ✅ Saved: nist_libs_3.0_wt_CeCl3_and_3.5_wt_SrCl2_and_4.0_wt_BaCl2.csv
[Run 2563/511994] ✅ Saved: nist_libs_3.0_wt_CeCl3_and_3.5_wt_SrCl2_and_4.5_wt_BaCl2.csv
[Run 2566/511994] ✅ Saved: nist_libs_3.0_wt_CeCl3_and_4.0_wt_SrCl2_and_1.0_wt_BaCl2.csv
[Run 2564/511994] ✅ Saved: nist_libs_3.0_wt_CeCl3_and_3.5_wt_SrCl2_and_5.0_wt_BaCl2.csv
[Run 2565/511994] ✅ Saved: nist_libs_3.0_wt_CeCl3_and_4.0_wt_SrCl2_and_0.5_wt_BaCl2.csv
[Run 2567/511994] ✅ Saved: nist_libs_3.0_wt_CeCl3_and_4.0_wt_SrCl2_and_1.5_wt_BaCl2.csv
[Run 2569/511994] ✅ Saved: nist_libs_3.0_wt_CeCl3_and_4.0_wt_SrCl2_and_2.5_wt_BaCl2.csv
[Run 2568/511994] ✅ Saved: nist_libs_3.0_wt_CeCl3_and_4.0_wt_SrCl2_and_2.0_wt_BaCl2.csv
[Run 2570/511994] ✅ Saved: nist_libs_3.0_wt_CeCl3_and_4.0_wt_SrCl2_and_3.0_wt_BaCl2.csv
[Run 2571/511994] ✅ Saved: nist_libs_3.0_wt_CeCl3_and_4.0_wt_SrCl2_and_3.5_wt_BaCl2.csv
[Run 2572/511994] ✅ Saved: nist_libs_3.0_wt_CeCl3_and_4.0_wt_SrCl2_and_4.0_wt_BaCl2.csv
[Run 2574/511994] ✅ Saved: nist_libs_3.0_wt_CeCl3_and_4.0_wt_SrCl2_and_5.0_wt_BaCl2.csv
[Run 2573/511994] ✅ Saved: nist_libs_3.0_wt_CeCl3_and_4.0_wt_SrCl2_and_4.5_wt_BaCl2.csv
[Run 2575/511994] ✅ Saved: nist_libs_3.0_wt_CeCl3_and_4.5_wt_SrCl2_and_0.5_wt_BaCl2.csv
[Run 2576/511994] ✅ Saved: nist_libs_3.0_wt_CeCl3_and_4.5_wt_SrCl2_and_1.0_wt_BaCl2.csv
[Run 2577/511994] ✅ Saved: nist_libs_3.0_wt_CeCl3_and_4.5_wt_SrCl2_and_1.5_wt_BaCl2.csv
[Run 2578/511994] ✅ Saved: nist_libs_3.0_wt_CeCl3_and_4.5_wt_SrCl2_and_2.0_wt_BaCl2.csv
[Run 2579/511994] ✅ Saved: nist_libs_3.0_wt_CeCl3_and_4.5_wt_SrCl2_and_2.5_wt_BaCl2.csv
[Run 2580/511994] ✅ Saved: nist_libs_3.0_wt_CeCl3_and_4.5_wt_SrCl2_and_3.0_wt_BaCl2.csv
[Run 2581/511994] ✅ Saved: nist_libs_3.0_wt_CeCl3_and_4.5_wt_SrCl2_and_3.5_wt_BaCl2.csv
[Run 2582/511994] ✅ Saved: nist_libs_3.0_wt_CeCl3_and_4.5_wt_SrCl2_and_4.0_wt_BaCl2.csv
[Run 2583/511994] ✅ Saved: nist_libs_3.0_wt_CeCl3_and_4.5_wt_SrCl2_and_4.5_wt_BaCl2.csv
[Run 2584/511994] ✅ Saved: nist_libs_3.0_wt_CeCl3_and_4.5_wt_SrCl2_and_5.0_wt_BaCl2.csv
[Run 2585/511994] ✅ Saved: nist_libs_3.0_wt_CeCl3_and_5.0_wt_SrCl2_and_0.5_wt_BaCl2.csv
[Run 2586/511994] ✅ Saved: nist_libs_3.0_wt_CeCl3_and_5.0_wt_SrCl2_and_1.0_wt_BaCl2.csv
[Run 2587/511994] ✅ Saved: nist_libs_3.0_wt_CeCl3_and_5.0_wt_SrCl2_and_1.5_wt_BaCl2.csv
[Run 2588/511994] ✅ Saved: nist_libs_3.0_wt_CeCl3_and_5.0_wt_SrCl2_and_2.0_wt_BaCl2.csv
[Run 2589/511994] ✅ Saved: nist_libs_3.0_wt_CeCl3_and_5.0_wt_SrCl2_and_2.5_wt_BaCl2.csv
[Run 2591/511994] ✅ Saved: nist_libs_3.0_wt_CeCl3_and_5.0_wt_SrCl2_and_3.5_wt_BaCl2.csv
[Run 2590/511994] ✅ Saved: nist_libs_3.0_wt_CeCl3_and_5.0_wt_SrCl2_and_3.0_wt_BaCl2.csv
[Run 2592/511994] ✅ Saved: nist_libs_3.0_wt_CeCl3_and_5.0_wt_SrCl2_and_4.0_wt_BaCl2.csv
[Run 2593/511994] ✅ Saved: nist_libs_3.0_wt_CeCl3_and_5.0_wt_SrCl2_and_4.5_wt_BaCl2.csv
[Run 2595/511994] ✅ Saved: nist_libs_3.5_wt_CeCl3_and_0.5_wt_SrCl2_and_0.5_wt_BaCl2.csv
[Run 2594/511994] ✅ Saved: nist_libs_3.0_wt_CeCl3_and_5.0_wt_SrCl2_and_5.0_wt_BaCl2.csv
[Run 2596/511994] ✅ Saved: nist_libs_3.5_wt_CeCl3_and_0.5_wt_SrCl2_and_1.0_wt_BaCl2.csv
[Run 2597/511994] ✅ Saved: nist_libs_3.5_wt_CeCl3_and_0.5_wt_SrCl2_and_1.5_wt_BaCl2.csv
[Run 2598/511994] ✅ Saved: nist_libs_3.5_wt_CeCl3_and_0.5_wt_SrCl2_and_2.0_wt_BaCl2.csv
[Run 2599/511994] ✅ Saved: nist_libs_3.5_wt_CeCl3_and_0.5_wt_SrCl2_and_2.5_wt_BaCl2.csv
[Run 2600/511994] ✅ Saved: nist_libs_3.5_wt_CeCl3_and_0.5_wt_SrCl2_and_3.0_wt_BaCl2.csv
[Run 2601/511994] ✅ Saved: nist_libs_3.5_wt_CeCl3_and_0.5_wt_SrCl2_and_3.5_wt_BaCl2.csv
[Run 2604/511994] ✅ Saved: nist_libs_3.5_wt_CeCl3_and_0.5_wt_SrCl2_and_5.0_wt_BaCl2.csv
[Run 2602/511994] ✅ Saved: nist_libs_3.5_wt_CeCl3_and_0.5_wt_SrCl2_and_4.0_wt_BaCl2.csv
[Run 2603/511994] ✅ Saved: nist_libs_3.5_wt_CeCl3_and_0.5_wt_SrCl2_and_4.5_wt_BaCl2.csv
[Run 2605/511994] ✅ Saved: nist_libs_3.5_wt_CeCl3_and_1.0_wt_SrCl2_and_0.5_wt_BaCl2.csv
[Run 2606/511994] ✅ Saved: nist_libs_3.5_wt_CeCl3_and_1.0_wt_SrCl2_and_1.0_wt_BaCl2.csv
[Run 2607/511994] ✅ Saved: nist_libs_3.5_wt_CeCl3_and_1.0_wt_SrCl2_and_1.5_wt_BaCl2.csv
[Run 2608/511994] ✅ Saved: nist_libs_3.5_wt_CeCl3_and_1.0_wt_SrCl2_and_2.0_wt_BaCl2.csv
[Run 2609/511994] ✅ Saved: nist_libs_3.5_wt_CeCl3_and_1.0_wt_SrCl2_and_2.5_wt_BaCl2.csv
[Run 2610/511994] ✅ Saved: nist_libs_3.5_wt_CeCl3_and_1.0_wt_SrCl2_and_3.0_wt_BaCl2.csv
[Run 2611/511994] ✅ Saved: nist_libs_3.5_wt_CeCl3_and_1.0_wt_SrCl2_and_3.5_wt_BaCl2.csv
[Run 2612/511994] ✅ Saved: nist_libs_3.5_wt_CeCl3_and_1.0_wt_SrCl2_and_4.0_wt_BaCl2.csv
[Run 2613/511994] ✅ Saved: nist_libs_3.5_wt_CeCl3_and_1.0_wt_SrCl2_and_4.5_wt_BaCl2.csv
[Run 2614/511994] ✅ Saved: nist_libs_3.5_wt_CeCl3_and_1.0_wt_SrCl2_and_5.0_wt_BaCl2.csv
[Run 2615/511994] ✅ Saved: nist_libs_3.5_wt_CeCl3_and_1.5_wt_SrCl2_and_0.5_wt_BaCl2.csv
[Run 2616/511994] ✅ Saved: nist_libs_3.5_wt_CeCl3_and_1.5_wt_SrCl2_and_1.0_wt_BaCl2.csv
[Run 2617/511994] ✅ Saved: nist_libs_3.5_wt_CeCl3_and_1.5_wt_SrCl2_and_1.5_wt_BaCl2.csv
[Run 2618/511994] ✅ Saved: nist_libs_3.5_wt_CeCl3_and_1.5_wt_SrCl2_and_2.0_wt_BaCl2.csv
[Run 2619/511994] ✅ Saved: nist_libs_3.5_wt_CeCl3_and_1.5_wt_SrCl2_and_2.5_wt_BaCl2.csv
[Run 2620/511994] ✅ Saved: nist_libs_3.5_wt_CeCl3_and_1.5_wt_SrCl2_and_3.0_wt_BaCl2.csv
[Run 2622/511994] ✅ Saved: nist_libs_3.5_wt_CeCl3_and_1.5_wt_SrCl2_and_4.0_wt_BaCl2.csv
[Run 2621/511994] ✅ Saved: nist_libs_3.5_wt_CeCl3_and_1.5_wt_SrCl2_and_3.5_wt_BaCl2.csv
[Run 2623/511994] ✅ Saved: nist_libs_3.5_wt_CeCl3_and_1.5_wt_SrCl2_and_4.5_wt_BaCl2.csv
[Run 2624/511994] ✅ Saved: nist_libs_3.5_wt_CeCl3_and_1.5_wt_SrCl2_and_5.0_wt_BaCl2.csv
[Run 2626/511994] ✅ Saved: nist_libs_3.5_wt_CeCl3_and_2.0_wt_SrCl2_and_1.0_wt_BaCl2.csv
[Run 2625/511994] ✅ Saved: nist_libs_3.5_wt_CeCl3_and_2.0_wt_SrCl2_and_0.5_wt_BaCl2.csv
[Run 2627/511994] ✅ Saved: nist_libs_3.5_wt_CeCl3_and_2.0_wt_SrCl2_and_1.5_wt_BaCl2.csv
[Run 2628/511994] ✅ Saved: nist_libs_3.5_wt_CeCl3_and_2.0_wt_SrCl2_and_2.0_wt_BaCl2.csv
[Run 2629/511994] ✅ Saved: nist_libs_3.5_wt_CeCl3_and_2.0_wt_SrCl2_and_2.5_wt_BaCl2.csv
[Run 2630/511994] ✅ Saved: nist_libs_3.5_wt_CeCl3_and_2.0_wt_SrCl2_and_3.0_wt_BaCl2.csv
[Run 2631/511994] ✅ Saved: nist_libs_3.5_wt_CeCl3_and_2.0_wt_SrCl2_and_3.5_wt_BaCl2.csv
[Run 2632/511994] ✅ Saved: nist_libs_3.5_wt_CeCl3_and_2.0_wt_SrCl2_and_4.0_wt_BaCl2.csv
[Run 2633/511994] ✅ Saved: nist_libs_3.5_wt_CeCl3_and_2.0_wt_SrCl2_and_4.5_wt_BaCl2.csv
[Run 2634/511994] ✅ Saved: nist_libs_3.5_wt_CeCl3_and_2.0_wt_SrCl2_and_5.0_wt_BaCl2.csv
[Run 2635/511994] ✅ Saved: nist_libs_3.5_wt_CeCl3_and_2.5_wt_SrCl2_and_0.5_wt_BaCl2.csv
[Run 2636/511994] ✅ Saved: nist_libs_3.5_wt_CeCl3_and_2.5_wt_SrCl2_and_1.0_wt_BaCl2.csv
[Run 2637/511994] ✅ Saved: nist_libs_3.5_wt_CeCl3_and_2.5_wt_SrCl2_and_1.5_wt_BaCl2.csv
[Run 2638/511994] ✅ Saved: nist_libs_3.5_wt_CeCl3_and_2.5_wt_SrCl2_and_2.0_wt_BaCl2.csv
[Run 2639/511994] ✅ Saved: nist_libs_3.5_wt_CeCl3_and_2.5_wt_SrCl2_and_2.5_wt_BaCl2.csv
[Run 2640/511994] ✅ Saved: nist_libs_3.5_wt_CeCl3_and_2.5_wt_SrCl2_and_3.0_wt_BaCl2.csv
[Run 2642/511994] ✅ Saved: nist_libs_3.5_wt_CeCl3_and_2.5_wt_SrCl2_and_4.0_wt_BaCl2.csv
[Run 2641/511994] ✅ Saved: nist_libs_3.5_wt_CeCl3_and_2.5_wt_SrCl2_and_3.5_wt_BaCl2.csv
[Run 2643/511994] ✅ Saved: nist_libs_3.5_wt_CeCl3_and_2.5_wt_SrCl2_and_4.5_wt_BaCl2.csv
[Run 2644/511994] ✅ Saved: nist_libs_3.5_wt_CeCl3_and_2.5_wt_SrCl2_and_5.0_wt_BaCl2.csv
[Run 2646/511994] ✅ Saved: nist_libs_3.5_wt_CeCl3_and_3.0_wt_SrCl2_and_1.0_wt_BaCl2.csv
[Run 2645/511994] ✅ Saved: nist_libs_3.5_wt_CeCl3_and_3.0_wt_SrCl2_and_0.5_wt_BaCl2.csv
[Run 2647/511994] ✅ Saved: nist_libs_3.5_wt_CeCl3_and_3.0_wt_SrCl2_and_1.5_wt_BaCl2.csv
[Run 2648/511994] ✅ Saved: nist_libs_3.5_wt_CeCl3_and_3.0_wt_SrCl2_and_2.0_wt_BaCl2.csv
[Run 2649/511994] ✅ Saved: nist_libs_3.5_wt_CeCl3_and_3.0_wt_SrCl2_and_2.5_wt_BaCl2.csv
[Run 2650/511994] ✅ Saved: nist_libs_3.5_wt_CeCl3_and_3.0_wt_SrCl2_and_3.0_wt_BaCl2.csv
[Run 2651/511994] ✅ Saved: nist_libs_3.5_wt_CeCl3_and_3.0_wt_SrCl2_and_3.5_wt_BaCl2.csv
[Run 2652/511994] ✅ Saved: nist_libs_3.5_wt_CeCl3_and_3.0_wt_SrCl2_and_4.0_wt_BaCl2.csv
[Run 2653/511994] ✅ Saved: nist_libs_3.5_wt_CeCl3_and_3.0_wt_SrCl2_and_4.5_wt_BaCl2.csv
[Run 2655/511994] ✅ Saved: nist_libs_3.5_wt_CeCl3_and_3.5_wt_SrCl2_and_0.5_wt_BaCl2.csv
[Run 2654/511994] ✅ Saved: nist_libs_3.5_wt_CeCl3_and_3.0_wt_SrCl2_and_5.0_wt_BaCl2.csv
[Run 2656/511994] ✅ Saved: nist_libs_3.5_wt_CeCl3_and_3.5_wt_SrCl2_and_1.0_wt_BaCl2.csv
[Run 2657/511994] ✅ Saved: nist_libs_3.5_wt_CeCl3_and_3.5_wt_SrCl2_and_1.5_wt_BaCl2.csv
[Run 2658/511994] ✅ Saved: nist_libs_3.5_wt_CeCl3_and_3.5_wt_SrCl2_and_2.0_wt_BaCl2.csv
[Run 2659/511994] ✅ Saved: nist_libs_3.5_wt_CeCl3_and_3.5_wt_SrCl2_and_2.5_wt_BaCl2.csv
[Run 2660/511994] ✅ Saved: nist_libs_3.5_wt_CeCl3_and_3.5_wt_SrCl2_and_3.0_wt_BaCl2.csv
[Run 2661/511994] ✅ Saved: nist_libs_3.5_wt_CeCl3_and_3.5_wt_SrCl2_and_3.5_wt_BaCl2.csv
[Run 2662/511994] ✅ Saved: nist_libs_3.5_wt_CeCl3_and_3.5_wt_SrCl2_and_4.0_wt_BaCl2.csv
[Run 2663/511994] ✅ Saved: nist_libs_3.5_wt_CeCl3_and_3.5_wt_SrCl2_and_4.5_wt_BaCl2.csv
[Run 2664/511994] ✅ Saved: nist_libs_3.5_wt_CeCl3_and_3.5_wt_SrCl2_and_5.0_wt_BaCl2.csv
[Run 2665/511994] ✅ Saved: nist_libs_3.5_wt_CeCl3_and_4.0_wt_SrCl2_and_0.5_wt_BaCl2.csv
[Run 2666/511994] ✅ Saved: nist_libs_3.5_wt_CeCl3_and_4.0_wt_SrCl2_and_1.0_wt_BaCl2.csv
[Run 2668/511994] ✅ Saved: nist_libs_3.5_wt_CeCl3_and_4.0_wt_SrCl2_and_2.0_wt_BaCl2.csv
[Run 2667/511994] ✅ Saved: nist_libs_3.5_wt_CeCl3_and_4.0_wt_SrCl2_and_1.5_wt_BaCl2.csv
[Run 2669/511994] ✅ Saved: nist_libs_3.5_wt_CeCl3_and_4.0_wt_SrCl2_and_2.5_wt_BaCl2.csv
[Run 2670/511994] ✅ Saved: nist_libs_3.5_wt_CeCl3_and_4.0_wt_SrCl2_and_3.0_wt_BaCl2.csv
[Run 2672/511994] ✅ Saved: nist_libs_3.5_wt_CeCl3_and_4.0_wt_SrCl2_and_4.0_wt_BaCl2.csv
[Run 2671/511994] ✅ Saved: nist_libs_3.5_wt_CeCl3_and_4.0_wt_SrCl2_and_3.5_wt_BaCl2.csv
[Run 2673/511994] ✅ Saved: nist_libs_3.5_wt_CeCl3_and_4.0_wt_SrCl2_and_4.5_wt_BaCl2.csv
[Run 2674/511994] ✅ Saved: nist_libs_3.5_wt_CeCl3_and_4.0_wt_SrCl2_and_5.0_wt_BaCl2.csv
[Run 2676/511994] ✅ Saved: nist_libs_3.5_wt_CeCl3_and_4.5_wt_SrCl2_and_1.0_wt_BaCl2.csv
[Run 2675/511994] ✅ Saved: nist_libs_3.5_wt_CeCl3_and_4.5_wt_SrCl2_and_0.5_wt_BaCl2.csv
[Run 2677/511994] ✅ Saved: nist_libs_3.5_wt_CeCl3_and_4.5_wt_SrCl2_and_1.5_wt_BaCl2.csv
[Run 2678/511994] ✅ Saved: nist_libs_3.5_wt_CeCl3_and_4.5_wt_SrCl2_and_2.0_wt_BaCl2.csv
[Run 2680/511994] ✅ Saved: nist_libs_3.5_wt_CeCl3_and_4.5_wt_SrCl2_and_3.0_wt_BaCl2.csv
[Run 2681/511994] ✅ Saved: nist_libs_3.5_wt_CeCl3_and_4.5_wt_SrCl2_and_3.5_wt_BaCl2.csv
[Run 2679/511994] ✅ Saved: nist_libs_3.5_wt_CeCl3_and_4.5_wt_SrCl2_and_2.5_wt_BaCl2.csv
[Run 2682/511994] ✅ Saved: nist_libs_3.5_wt_CeCl3_and_4.5_wt_SrCl2_and_4.0_wt_BaCl2.csv
[Run 2683/511994] ✅ Saved: nist_libs_3.5_wt_CeCl3_and_4.5_wt_SrCl2_and_4.5_wt_BaCl2.csv
[Run 2685/511994] ✅ Saved: nist_libs_3.5_wt_CeCl3_and_5.0_wt_SrCl2_and_0.5_wt_BaCl2.csv
[Run 2684/511994] ✅ Saved: nist_libs_3.5_wt_CeCl3_and_4.5_wt_SrCl2_and_5.0_wt_BaCl2.csv
[Run 2686/511994] ✅ Saved: nist_libs_3.5_wt_CeCl3_and_5.0_wt_SrCl2_and_1.0_wt_BaCl2.csv
[Run 2688/511994] ✅ Saved: nist_libs_3.5_wt_CeCl3_and_5.0_wt_SrCl2_and_2.0_wt_BaCl2.csv
[Run 2687/511994] ✅ Saved: nist_libs_3.5_wt_CeCl3_and_5.0_wt_SrCl2_and_1.5_wt_BaCl2.csv
[Run 2690/511994] ✅ Saved: nist_libs_3.5_wt_CeCl3_and_5.0_wt_SrCl2_and_3.0_wt_BaCl2.csv
[Run 2689/511994] ✅ Saved: nist_libs_3.5_wt_CeCl3_and_5.0_wt_SrCl2_and_2.5_wt_BaCl2.csv
[Run 2691/511994] ✅ Saved: nist_libs_3.5_wt_CeCl3_and_5.0_wt_SrCl2_and_3.5_wt_BaCl2.csv
[Run 2694/511994] ✅ Saved: nist_libs_3.5_wt_CeCl3_and_5.0_wt_SrCl2_and_5.0_wt_BaCl2.csv
[Run 2692/511994] ✅ Saved: nist_libs_3.5_wt_CeCl3_and_5.0_wt_SrCl2_and_4.0_wt_BaCl2.csv
[Run 2693/511994] ✅ Saved: nist_libs_3.5_wt_CeCl3_and_5.0_wt_SrCl2_and_4.5_wt_BaCl2.csv
[Run 2695/511994] ✅ Saved: nist_libs_4.0_wt_CeCl3_and_0.5_wt_SrCl2_and_0.5_wt_BaCl2.csv
[Run 2697/511994] ✅ Saved: nist_libs_4.0_wt_CeCl3_and_0.5_wt_SrCl2_and_1.5_wt_BaCl2.csv
[Run 2696/511994] ✅ Saved: nist_libs_4.0_wt_CeCl3_and_0.5_wt_SrCl2_and_1.0_wt_BaCl2.csv
[Run 2698/511994] ✅ Saved: nist_libs_4.0_wt_CeCl3_and_0.5_wt_SrCl2_and_2.0_wt_BaCl2.csv
[Run 2699/511994] ✅ Saved: nist_libs_4.0_wt_CeCl3_and_0.5_wt_SrCl2_and_2.5_wt_BaCl2.csv
[Run 2700/511994] ✅ Saved: nist_libs_4.0_wt_CeCl3_and_0.5_wt_SrCl2_and_3.0_wt_BaCl2.csv
[Run 2701/511994] ✅ Saved: nist_libs_4.0_wt_CeCl3_and_0.5_wt_SrCl2_and_3.5_wt_BaCl2.csv
[Run 2702/511994] ✅ Saved: nist_libs_4.0_wt_CeCl3_and_0.5_wt_SrCl2_and_4.0_wt_BaCl2.csv
[Run 2703/511994] ✅ Saved: nist_libs_4.0_wt_CeCl3_and_0.5_wt_SrCl2_and_4.5_wt_BaCl2.csv
[Run 2705/511994] ✅ Saved: nist_libs_4.0_wt_CeCl3_and_1.0_wt_SrCl2_and_0.5_wt_BaCl2.csv
[Run 2704/511994] ✅ Saved: nist_libs_4.0_wt_CeCl3_and_0.5_wt_SrCl2_and_5.0_wt_BaCl2.csv
[Run 2706/511994] ✅ Saved: nist_libs_4.0_wt_CeCl3_and_1.0_wt_SrCl2_and_1.0_wt_BaCl2.csv
[Run 2707/511994] ✅ Saved: nist_libs_4.0_wt_CeCl3_and_1.0_wt_SrCl2_and_1.5_wt_BaCl2.csv
[Run 2708/511994] ✅ Saved: nist_libs_4.0_wt_CeCl3_and_1.0_wt_SrCl2_and_2.0_wt_BaCl2.csv
[Run 2709/511994] ✅ Saved: nist_libs_4.0_wt_CeCl3_and_1.0_wt_SrCl2_and_2.5_wt_BaCl2.csv
[Run 2710/511994] ✅ Saved: nist_libs_4.0_wt_CeCl3_and_1.0_wt_SrCl2_and_3.0_wt_BaCl2.csv
[Run 2711/511994] ✅ Saved: nist_libs_4.0_wt_CeCl3_and_1.0_wt_SrCl2_and_3.5_wt_BaCl2.csv
[Run 2712/511994] ✅ Saved: nist_libs_4.0_wt_CeCl3_and_1.0_wt_SrCl2_and_4.0_wt_BaCl2.csv
[Run 2713/511994] ✅ Saved: nist_libs_4.0_wt_CeCl3_and_1.0_wt_SrCl2_and_4.5_wt_BaCl2.csv
[Run 2714/511994] ✅ Saved: nist_libs_4.0_wt_CeCl3_and_1.0_wt_SrCl2_and_5.0_wt_BaCl2.csv
[Run 2715/511994] ✅ Saved: nist_libs_4.0_wt_CeCl3_and_1.5_wt_SrCl2_and_0.5_wt_BaCl2.csv
[Run 2717/511994] ✅ Saved: nist_libs_4.0_wt_CeCl3_and_1.5_wt_SrCl2_and_1.5_wt_BaCl2.csv
[Run 2716/511994] ✅ Saved: nist_libs_4.0_wt_CeCl3_and_1.5_wt_SrCl2_and_1.0_wt_BaCl2.csv
[Run 2718/511994] ✅ Saved: nist_libs_4.0_wt_CeCl3_and_1.5_wt_SrCl2_and_2.0_wt_BaCl2.csv
[Run 2719/511994] ✅ Saved: nist_libs_4.0_wt_CeCl3_and_1.5_wt_SrCl2_and_2.5_wt_BaCl2.csv
[Run 2721/511994] ✅ Saved: nist_libs_4.0_wt_CeCl3_and_1.5_wt_SrCl2_and_3.5_wt_BaCl2.csv
[Run 2720/511994] ✅ Saved: nist_libs_4.0_wt_CeCl3_and_1.5_wt_SrCl2_and_3.0_wt_BaCl2.csv
[Run 2722/511994] ✅ Saved: nist_libs_4.0_wt_CeCl3_and_1.5_wt_SrCl2_and_4.0_wt_BaCl2.csv
[Run 2723/511994] ✅ Saved: nist_libs_4.0_wt_CeCl3_and_1.5_wt_SrCl2_and_4.5_wt_BaCl2.csv
[Run 2724/511994] ✅ Saved: nist_libs_4.0_wt_CeCl3_and_1.5_wt_SrCl2_and_5.0_wt_BaCl2.csv
[Run 2725/511994] ✅ Saved: nist_libs_4.0_wt_CeCl3_and_2.0_wt_SrCl2_and_0.5_wt_BaCl2.csv
[Run 2726/511994] ✅ Saved: nist_libs_4.0_wt_CeCl3_and_2.0_wt_SrCl2_and_1.0_wt_BaCl2.csv
[Run 2727/511994] ✅ Saved: nist_libs_4.0_wt_CeCl3_and_2.0_wt_SrCl2_and_1.5_wt_BaCl2.csv
[Run 2728/511994] ✅ Saved: nist_libs_4.0_wt_CeCl3_and_2.0_wt_SrCl2_and_2.0_wt_BaCl2.csv
[Run 2729/511994] ✅ Saved: nist_libs_4.0_wt_CeCl3_and_2.0_wt_SrCl2_and_2.5_wt_BaCl2.csv
[Run 2730/511994] ✅ Saved: nist_libs_4.0_wt_CeCl3_and_2.0_wt_SrCl2_and_3.0_wt_BaCl2.csv
[Run 2731/511994] ✅ Saved: nist_libs_4.0_wt_CeCl3_and_2.0_wt_SrCl2_and_3.5_wt_BaCl2.csv
[Run 2733/511994] ✅ Saved: nist_libs_4.0_wt_CeCl3_and_2.0_wt_SrCl2_and_4.5_wt_BaCl2.csv
[Run 2732/511994] ✅ Saved: nist_libs_4.0_wt_CeCl3_and_2.0_wt_SrCl2_and_4.0_wt_BaCl2.csv
[Run 2734/511994] ✅ Saved: nist_libs_4.0_wt_CeCl3_and_2.0_wt_SrCl2_and_5.0_wt_BaCl2.csv
[Run 2735/511994] ✅ Saved: nist_libs_4.0_wt_CeCl3_and_2.5_wt_SrCl2_and_0.5_wt_BaCl2.csv
[Run 2737/511994] ✅ Saved: nist_libs_4.0_wt_CeCl3_and_2.5_wt_SrCl2_and_1.5_wt_BaCl2.csv
[Run 2736/511994] ✅ Saved: nist_libs_4.0_wt_CeCl3_and_2.5_wt_SrCl2_and_1.0_wt_BaCl2.csv
[Run 2738/511994] ✅ Saved: nist_libs_4.0_wt_CeCl3_and_2.5_wt_SrCl2_and_2.0_wt_BaCl2.csv
[Run 2739/511994] ✅ Saved: nist_libs_4.0_wt_CeCl3_and_2.5_wt_SrCl2_and_2.5_wt_BaCl2.csv
[Run 2740/511994] ✅ Saved: nist_libs_4.0_wt_CeCl3_and_2.5_wt_SrCl2_and_3.0_wt_BaCl2.csv
[Run 2742/511994] ✅ Saved: nist_libs_4.0_wt_CeCl3_and_2.5_wt_SrCl2_and_4.0_wt_BaCl2.csv
[Run 2741/511994] ✅ Saved: nist_libs_4.0_wt_CeCl3_and_2.5_wt_SrCl2_and_3.5_wt_BaCl2.csv
[Run 2743/511994] ✅ Saved: nist_libs_4.0_wt_CeCl3_and_2.5_wt_SrCl2_and_4.5_wt_BaCl2.csv
[Run 2744/511994] ✅ Saved: nist_libs_4.0_wt_CeCl3_and_2.5_wt_SrCl2_and_5.0_wt_BaCl2.csv
[Run 2745/511994] ✅ Saved: nist_libs_4.0_wt_CeCl3_and_3.0_wt_SrCl2_and_0.5_wt_BaCl2.csv
[Run 2746/511994] ✅ Saved: nist_libs_4.0_wt_CeCl3_and_3.0_wt_SrCl2_and_1.0_wt_BaCl2.csv
[Run 2747/511994] ✅ Saved: nist_libs_4.0_wt_CeCl3_and_3.0_wt_SrCl2_and_1.5_wt_BaCl2.csv
[Run 2748/511994] ✅ Saved: nist_libs_4.0_wt_CeCl3_and_3.0_wt_SrCl2_and_2.0_wt_BaCl2.csv
[Run 2749/511994] ✅ Saved: nist_libs_4.0_wt_CeCl3_and_3.0_wt_SrCl2_and_2.5_wt_BaCl2.csv
[Run 2750/511994] ✅ Saved: nist_libs_4.0_wt_CeCl3_and_3.0_wt_SrCl2_and_3.0_wt_BaCl2.csv
[Run 2751/511994] ✅ Saved: nist_libs_4.0_wt_CeCl3_and_3.0_wt_SrCl2_and_3.5_wt_BaCl2.csv
[Run 2752/511994] ✅ Saved: nist_libs_4.0_wt_CeCl3_and_3.0_wt_SrCl2_and_4.0_wt_BaCl2.csv
[Run 2753/511994] ✅ Saved: nist_libs_4.0_wt_CeCl3_and_3.0_wt_SrCl2_and_4.5_wt_BaCl2.csv
[Run 2754/511994] ✅ Saved: nist_libs_4.0_wt_CeCl3_and_3.0_wt_SrCl2_and_5.0_wt_BaCl2.csv
[Run 2755/511994] ✅ Saved: nist_libs_4.0_wt_CeCl3_and_3.5_wt_SrCl2_and_0.5_wt_BaCl2.csv
[Run 2756/511994] ✅ Saved: nist_libs_4.0_wt_CeCl3_and_3.5_wt_SrCl2_and_1.0_wt_BaCl2.csv
[Run 2757/511994] ✅ Saved: nist_libs_4.0_wt_CeCl3_and_3.5_wt_SrCl2_and_1.5_wt_BaCl2.csv
[Run 2758/511994] ✅ Saved: nist_libs_4.0_wt_CeCl3_and_3.5_wt_SrCl2_and_2.0_wt_BaCl2.csv
[Run 2759/511994] ✅ Saved: nist_libs_4.0_wt_CeCl3_and_3.5_wt_SrCl2_and_2.5_wt_BaCl2.csv
[Run 2760/511994] ✅ Saved: nist_libs_4.0_wt_CeCl3_and_3.5_wt_SrCl2_and_3.0_wt_BaCl2.csv
[Run 2761/511994] ✅ Saved: nist_libs_4.0_wt_CeCl3_and_3.5_wt_SrCl2_and_3.5_wt_BaCl2.csv
[Run 2762/511994] ✅ Saved: nist_libs_4.0_wt_CeCl3_and_3.5_wt_SrCl2_and_4.0_wt_BaCl2.csv
[Run 2763/511994] ✅ Saved: nist_libs_4.0_wt_CeCl3_and_3.5_wt_SrCl2_and_4.5_wt_BaCl2.csv
[Run 2764/511994] ✅ Saved: nist_libs_4.0_wt_CeCl3_and_3.5_wt_SrCl2_and_5.0_wt_BaCl2.csv
[Run 2765/511994] ✅ Saved: nist_libs_4.0_wt_CeCl3_and_4.0_wt_SrCl2_and_0.5_wt_BaCl2.csv
[Run 2766/511994] ✅ Saved: nist_libs_4.0_wt_CeCl3_and_4.0_wt_SrCl2_and_1.0_wt_BaCl2.csv
[Run 2768/511994] ✅ Saved: nist_libs_4.0_wt_CeCl3_and_4.0_wt_SrCl2_and_2.0_wt_BaCl2.csv
[Run 2767/511994] ✅ Saved: nist_libs_4.0_wt_CeCl3_and_4.0_wt_SrCl2_and_1.5_wt_BaCl2.csv
[Run 2769/511994] ✅ Saved: nist_libs_4.0_wt_CeCl3_and_4.0_wt_SrCl2_and_2.5_wt_BaCl2.csv
[Run 2771/511994] ✅ Saved: nist_libs_4.0_wt_CeCl3_and_4.0_wt_SrCl2_and_3.5_wt_BaCl2.csv
[Run 2770/511994] ✅ Saved: nist_libs_4.0_wt_CeCl3_and_4.0_wt_SrCl2_and_3.0_wt_BaCl2.csv
[Run 2772/511994] ✅ Saved: nist_libs_4.0_wt_CeCl3_and_4.0_wt_SrCl2_and_4.0_wt_BaCl2.csv
[Run 2773/511994] ✅ Saved: nist_libs_4.0_wt_CeCl3_and_4.0_wt_SrCl2_and_4.5_wt_BaCl2.csv
[Run 2775/511994] ✅ Saved: nist_libs_4.0_wt_CeCl3_and_4.5_wt_SrCl2_and_0.5_wt_BaCl2.csv
[Run 2774/511994] ✅ Saved: nist_libs_4.0_wt_CeCl3_and_4.0_wt_SrCl2_and_5.0_wt_BaCl2.csv
[Run 2776/511994] ✅ Saved: nist_libs_4.0_wt_CeCl3_and_4.5_wt_SrCl2_and_1.0_wt_BaCl2.csv
[Run 2777/511994] ✅ Saved: nist_libs_4.0_wt_CeCl3_and_4.5_wt_SrCl2_and_1.5_wt_BaCl2.csv
[Run 2780/511994] ✅ Saved: nist_libs_4.0_wt_CeCl3_and_4.5_wt_SrCl2_and_3.0_wt_BaCl2.csv
[Run 2778/511994] ✅ Saved: nist_libs_4.0_wt_CeCl3_and_4.5_wt_SrCl2_and_2.0_wt_BaCl2.csv
[Run 2779/511994] ✅ Saved: nist_libs_4.0_wt_CeCl3_and_4.5_wt_SrCl2_and_2.5_wt_BaCl2.csv
[Run 2781/511994] ✅ Saved: nist_libs_4.0_wt_CeCl3_and_4.5_wt_SrCl2_and_3.5_wt_BaCl2.csv
[Run 2782/511994] ✅ Saved: nist_libs_4.0_wt_CeCl3_and_4.5_wt_SrCl2_and_4.0_wt_BaCl2.csv
[Run 2784/511994] ✅ Saved: nist_libs_4.0_wt_CeCl3_and_4.5_wt_SrCl2_and_5.0_wt_BaCl2.csv
[Run 2783/511994] ✅ Saved: nist_libs_4.0_wt_CeCl3_and_4.5_wt_SrCl2_and_4.5_wt_BaCl2.csv
[Run 2785/511994] ✅ Saved: nist_libs_4.0_wt_CeCl3_and_5.0_wt_SrCl2_and_0.5_wt_BaCl2.csv
[Run 2786/511994] ✅ Saved: nist_libs_4.0_wt_CeCl3_and_5.0_wt_SrCl2_and_1.0_wt_BaCl2.csv
[Run 2787/511994] ✅ Saved: nist_libs_4.0_wt_CeCl3_and_5.0_wt_SrCl2_and_1.5_wt_BaCl2.csv
[Run 2789/511994] ✅ Saved: nist_libs_4.0_wt_CeCl3_and_5.0_wt_SrCl2_and_2.5_wt_BaCl2.csv
[Run 2788/511994] ✅ Saved: nist_libs_4.0_wt_CeCl3_and_5.0_wt_SrCl2_and_2.0_wt_BaCl2.csv
[Run 2790/511994] ✅ Saved: nist_libs_4.0_wt_CeCl3_and_5.0_wt_SrCl2_and_3.0_wt_BaCl2.csv
[Run 2791/511994] ✅ Saved: nist_libs_4.0_wt_CeCl3_and_5.0_wt_SrCl2_and_3.5_wt_BaCl2.csv
[Run 2793/511994] ✅ Saved: nist_libs_4.0_wt_CeCl3_and_5.0_wt_SrCl2_and_4.5_wt_BaCl2.csv
[Run 2792/511994] ✅ Saved: nist_libs_4.0_wt_CeCl3_and_5.0_wt_SrCl2_and_4.0_wt_BaCl2.csv
[Run 2794/511994] ✅ Saved: nist_libs_4.0_wt_CeCl3_and_5.0_wt_SrCl2_and_5.0_wt_BaCl2.csv
[Run 2795/511994] ✅ Saved: nist_libs_4.5_wt_CeCl3_and_0.5_wt_SrCl2_and_0.5_wt_BaCl2.csv
[Run 2796/511994] ✅ Saved: nist_libs_4.5_wt_CeCl3_and_0.5_wt_SrCl2_and_1.0_wt_BaCl2.csv
[Run 2797/511994] ✅ Saved: nist_libs_4.5_wt_CeCl3_and_0.5_wt_SrCl2_and_1.5_wt_BaCl2.csv
[Run 2798/511994] ✅ Saved: nist_libs_4.5_wt_CeCl3_and_0.5_wt_SrCl2_and_2.0_wt_BaCl2.csv
[Run 2799/511994] ✅ Saved: nist_libs_4.5_wt_CeCl3_and_0.5_wt_SrCl2_and_2.5_wt_BaCl2.csv
[Run 2800/511994] ✅ Saved: nist_libs_4.5_wt_CeCl3_and_0.5_wt_SrCl2_and_3.0_wt_BaCl2.csv
[Run 2802/511994] ✅ Saved: nist_libs_4.5_wt_CeCl3_and_0.5_wt_SrCl2_and_4.0_wt_BaCl2.csv
[Run 2801/511994] ✅ Saved: nist_libs_4.5_wt_CeCl3_and_0.5_wt_SrCl2_and_3.5_wt_BaCl2.csv
[Run 2803/511994] ✅ Saved: nist_libs_4.5_wt_CeCl3_and_0.5_wt_SrCl2_and_4.5_wt_BaCl2.csv
[Run 2804/511994] ✅ Saved: nist_libs_4.5_wt_CeCl3_and_0.5_wt_SrCl2_and_5.0_wt_BaCl2.csv
[Run 2805/511994] ✅ Saved: nist_libs_4.5_wt_CeCl3_and_1.0_wt_SrCl2_and_0.5_wt_BaCl2.csv
[Run 2806/511994] ✅ Saved: nist_libs_4.5_wt_CeCl3_and_1.0_wt_SrCl2_and_1.0_wt_BaCl2.csv
[Run 2807/511994] ✅ Saved: nist_libs_4.5_wt_CeCl3_and_1.0_wt_SrCl2_and_1.5_wt_BaCl2.csv
[Run 2808/511994] ✅ Saved: nist_libs_4.5_wt_CeCl3_and_1.0_wt_SrCl2_and_2.0_wt_BaCl2.csv
[Run 2809/511994] ✅ Saved: nist_libs_4.5_wt_CeCl3_and_1.0_wt_SrCl2_and_2.5_wt_BaCl2.csv
[Run 2810/511994] ✅ Saved: nist_libs_4.5_wt_CeCl3_and_1.0_wt_SrCl2_and_3.0_wt_BaCl2.csv
[Run 2811/511994] ✅ Saved: nist_libs_4.5_wt_CeCl3_and_1.0_wt_SrCl2_and_3.5_wt_BaCl2.csv
[Run 2812/511994] ✅ Saved: nist_libs_4.5_wt_CeCl3_and_1.0_wt_SrCl2_and_4.0_wt_BaCl2.csv
[Run 2813/511994] ✅ Saved: nist_libs_4.5_wt_CeCl3_and_1.0_wt_SrCl2_and_4.5_wt_BaCl2.csv
[Run 2814/511994] ✅ Saved: nist_libs_4.5_wt_CeCl3_and_1.0_wt_SrCl2_and_5.0_wt_BaCl2.csv
[Run 2815/511994] ✅ Saved: nist_libs_4.5_wt_CeCl3_and_1.5_wt_SrCl2_and_0.5_wt_BaCl2.csv
[Run 2816/511994] ✅ Saved: nist_libs_4.5_wt_CeCl3_and_1.5_wt_SrCl2_and_1.0_wt_BaCl2.csv
[Run 2817/511994] ✅ Saved: nist_libs_4.5_wt_CeCl3_and_1.5_wt_SrCl2_and_1.5_wt_BaCl2.csv
[Run 2818/511994] ✅ Saved: nist_libs_4.5_wt_CeCl3_and_1.5_wt_SrCl2_and_2.0_wt_BaCl2.csv
[Run 2820/511994] ✅ Saved: nist_libs_4.5_wt_CeCl3_and_1.5_wt_SrCl2_and_3.0_wt_BaCl2.csv
[Run 2819/511994] ✅ Saved: nist_libs_4.5_wt_CeCl3_and_1.5_wt_SrCl2_and_2.5_wt_BaCl2.csv
[Run 2821/511994] ✅ Saved: nist_libs_4.5_wt_CeCl3_and_1.5_wt_SrCl2_and_3.5_wt_BaCl2.csv
[Run 2823/511994] ✅ Saved: nist_libs_4.5_wt_CeCl3_and_1.5_wt_SrCl2_and_4.5_wt_BaCl2.csv
[Run 2822/511994] ✅ Saved: nist_libs_4.5_wt_CeCl3_and_1.5_wt_SrCl2_and_4.0_wt_BaCl2.csv
[Run 2824/511994] ✅ Saved: nist_libs_4.5_wt_CeCl3_and_1.5_wt_SrCl2_and_5.0_wt_BaCl2.csv
[Run 2825/511994] ✅ Saved: nist_libs_4.5_wt_CeCl3_and_2.0_wt_SrCl2_and_0.5_wt_BaCl2.csv
[Run 2826/511994] ✅ Saved: nist_libs_4.5_wt_CeCl3_and_2.0_wt_SrCl2_and_1.0_wt_BaCl2.csv
[Run 2828/511994] ✅ Saved: nist_libs_4.5_wt_CeCl3_and_2.0_wt_SrCl2_and_2.0_wt_BaCl2.csv
[Run 2827/511994] ✅ Saved: nist_libs_4.5_wt_CeCl3_and_2.0_wt_SrCl2_and_1.5_wt_BaCl2.csv
[Run 2829/511994] ✅ Saved: nist_libs_4.5_wt_CeCl3_and_2.0_wt_SrCl2_and_2.5_wt_BaCl2.csv
[Run 2831/511994] ✅ Saved: nist_libs_4.5_wt_CeCl3_and_2.0_wt_SrCl2_and_3.5_wt_BaCl2.csv
[Run 2830/511994] ✅ Saved: nist_libs_4.5_wt_CeCl3_and_2.0_wt_SrCl2_and_3.0_wt_BaCl2.csv
[Run 2832/511994] ✅ Saved: nist_libs_4.5_wt_CeCl3_and_2.0_wt_SrCl2_and_4.0_wt_BaCl2.csv
[Run 2833/511994] ✅ Saved: nist_libs_4.5_wt_CeCl3_and_2.0_wt_SrCl2_and_4.5_wt_BaCl2.csv
[Run 2834/511994] ✅ Saved: nist_libs_4.5_wt_CeCl3_and_2.0_wt_SrCl2_and_5.0_wt_BaCl2.csv
[Run 2835/511994] ✅ Saved: nist_libs_4.5_wt_CeCl3_and_2.5_wt_SrCl2_and_0.5_wt_BaCl2.csv
[Run 2836/511994] ✅ Saved: nist_libs_4.5_wt_CeCl3_and_2.5_wt_SrCl2_and_1.0_wt_BaCl2.csv
[Run 2837/511994] ✅ Saved: nist_libs_4.5_wt_CeCl3_and_2.5_wt_SrCl2_and_1.5_wt_BaCl2.csv
[Run 2838/511994] ✅ Saved: nist_libs_4.5_wt_CeCl3_and_2.5_wt_SrCl2_and_2.0_wt_BaCl2.csv
[Run 2839/511994] ✅ Saved: nist_libs_4.5_wt_CeCl3_and_2.5_wt_SrCl2_and_2.5_wt_BaCl2.csv
[Run 2840/511994] ✅ Saved: nist_libs_4.5_wt_CeCl3_and_2.5_wt_SrCl2_and_3.0_wt_BaCl2.csv
[Run 2841/511994] ✅ Saved: nist_libs_4.5_wt_CeCl3_and_2.5_wt_SrCl2_and_3.5_wt_BaCl2.csv
[Run 2842/511994] ✅ Saved: nist_libs_4.5_wt_CeCl3_and_2.5_wt_SrCl2_and_4.0_wt_BaCl2.csv
[Run 2843/511994] ✅ Saved: nist_libs_4.5_wt_CeCl3_and_2.5_wt_SrCl2_and_4.5_wt_BaCl2.csv
[Run 2844/511994] ✅ Saved: nist_libs_4.5_wt_CeCl3_and_2.5_wt_SrCl2_and_5.0_wt_BaCl2.csv
[Run 2845/511994] ✅ Saved: nist_libs_4.5_wt_CeCl3_and_3.0_wt_SrCl2_and_0.5_wt_BaCl2.csv
[Run 2846/511994] ✅ Saved: nist_libs_4.5_wt_CeCl3_and_3.0_wt_SrCl2_and_1.0_wt_BaCl2.csv
[Run 2847/511994] ✅ Saved: nist_libs_4.5_wt_CeCl3_and_3.0_wt_SrCl2_and_1.5_wt_BaCl2.csv
[Run 2849/511994] ✅ Saved: nist_libs_4.5_wt_CeCl3_and_3.0_wt_SrCl2_and_2.5_wt_BaCl2.csv
[Run 2848/511994] ✅ Saved: nist_libs_4.5_wt_CeCl3_and_3.0_wt_SrCl2_and_2.0_wt_BaCl2.csv
[Run 2850/511994] ✅ Saved: nist_libs_4.5_wt_CeCl3_and_3.0_wt_SrCl2_and_3.0_wt_BaCl2.csv
[Run 2853/511994] ✅ Saved: nist_libs_4.5_wt_CeCl3_and_3.0_wt_SrCl2_and_4.5_wt_BaCl2.csv
[Run 2852/511994] ✅ Saved: nist_libs_4.5_wt_CeCl3_and_3.0_wt_SrCl2_and_4.0_wt_BaCl2.csv
[Run 2851/511994] ✅ Saved: nist_libs_4.5_wt_CeCl3_and_3.0_wt_SrCl2_and_3.5_wt_BaCl2.csv
[Run 2854/511994] ✅ Saved: nist_libs_4.5_wt_CeCl3_and_3.0_wt_SrCl2_and_5.0_wt_BaCl2.csv
[Run 2857/511994] ✅ Saved: nist_libs_4.5_wt_CeCl3_and_3.5_wt_SrCl2_and_1.5_wt_BaCl2.csv
[Run 2856/511994] ✅ Saved: nist_libs_4.5_wt_CeCl3_and_3.5_wt_SrCl2_and_1.0_wt_BaCl2.csv
[Run 2855/511994] ✅ Saved: nist_libs_4.5_wt_CeCl3_and_3.5_wt_SrCl2_and_0.5_wt_BaCl2.csv
[Run 2858/511994] ✅ Saved: nist_libs_4.5_wt_CeCl3_and_3.5_wt_SrCl2_and_2.0_wt_BaCl2.csv
[Run 2859/511994] ✅ Saved: nist_libs_4.5_wt_CeCl3_and_3.5_wt_SrCl2_and_2.5_wt_BaCl2.csv
[Run 2860/511994] ✅ Saved: nist_libs_4.5_wt_CeCl3_and_3.5_wt_SrCl2_and_3.0_wt_BaCl2.csv
[Run 2861/511994] ✅ Saved: nist_libs_4.5_wt_CeCl3_and_3.5_wt_SrCl2_and_3.5_wt_BaCl2.csv
[Run 2862/511994] ✅ Saved: nist_libs_4.5_wt_CeCl3_and_3.5_wt_SrCl2_and_4.0_wt_BaCl2.csv
[Run 2863/511994] ✅ Saved: nist_libs_4.5_wt_CeCl3_and_3.5_wt_SrCl2_and_4.5_wt_BaCl2.csv
[Run 2864/511994] ✅ Saved: nist_libs_4.5_wt_CeCl3_and_3.5_wt_SrCl2_and_5.0_wt_BaCl2.csv
[Run 2865/511994] ✅ Saved: nist_libs_4.5_wt_CeCl3_and_4.0_wt_SrCl2_and_0.5_wt_BaCl2.csv
[Run 2866/511994] ✅ Saved: nist_libs_4.5_wt_CeCl3_and_4.0_wt_SrCl2_and_1.0_wt_BaCl2.csv
[Run 2867/511994] ✅ Saved: nist_libs_4.5_wt_CeCl3_and_4.0_wt_SrCl2_and_1.5_wt_BaCl2.csv
[Run 2868/511994] ✅ Saved: nist_libs_4.5_wt_CeCl3_and_4.0_wt_SrCl2_and_2.0_wt_BaCl2.csv
[Run 2869/511994] ✅ Saved: nist_libs_4.5_wt_CeCl3_and_4.0_wt_SrCl2_and_2.5_wt_BaCl2.csv
[Run 2870/511994] ✅ Saved: nist_libs_4.5_wt_CeCl3_and_4.0_wt_SrCl2_and_3.0_wt_BaCl2.csv
[Run 2871/511994] ✅ Saved: nist_libs_4.5_wt_CeCl3_and_4.0_wt_SrCl2_and_3.5_wt_BaCl2.csv
[Run 2872/511994] ✅ Saved: nist_libs_4.5_wt_CeCl3_and_4.0_wt_SrCl2_and_4.0_wt_BaCl2.csv
[Run 2873/511994] ✅ Saved: nist_libs_4.5_wt_CeCl3_and_4.0_wt_SrCl2_and_4.5_wt_BaCl2.csv
[Run 2874/511994] ✅ Saved: nist_libs_4.5_wt_CeCl3_and_4.0_wt_SrCl2_and_5.0_wt_BaCl2.csv
[Run 2875/511994] ✅ Saved: nist_libs_4.5_wt_CeCl3_and_4.5_wt_SrCl2_and_0.5_wt_BaCl2.csv
[Run 2876/511994] ✅ Saved: nist_libs_4.5_wt_CeCl3_and_4.5_wt_SrCl2_and_1.0_wt_BaCl2.csv
[Run 2877/511994] ✅ Saved: nist_libs_4.5_wt_CeCl3_and_4.5_wt_SrCl2_and_1.5_wt_BaCl2.csv
[Run 2878/511994] ✅ Saved: nist_libs_4.5_wt_CeCl3_and_4.5_wt_SrCl2_and_2.0_wt_BaCl2.csv
[Run 2879/511994] ✅ Saved: nist_libs_4.5_wt_CeCl3_and_4.5_wt_SrCl2_and_2.5_wt_BaCl2.csv
[Run 2880/511994] ✅ Saved: nist_libs_4.5_wt_CeCl3_and_4.5_wt_SrCl2_and_3.0_wt_BaCl2.csv
[Run 2881/511994] ✅ Saved: nist_libs_4.5_wt_CeCl3_and_4.5_wt_SrCl2_and_3.5_wt_BaCl2.csv
[Run 2882/511994] ✅ Saved: nist_libs_4.5_wt_CeCl3_and_4.5_wt_SrCl2_and_4.0_wt_BaCl2.csv
[Run 2884/511994] ✅ Saved: nist_libs_4.5_wt_CeCl3_and_4.5_wt_SrCl2_and_5.0_wt_BaCl2.csv
[Run 2883/511994] ✅ Saved: nist_libs_4.5_wt_CeCl3_and_4.5_wt_SrCl2_and_4.5_wt_BaCl2.csv
[Run 2886/511994] ✅ Saved: nist_libs_4.5_wt_CeCl3_and_5.0_wt_SrCl2_and_1.0_wt_BaCl2.csv
[Run 2885/511994] ✅ Saved: nist_libs_4.5_wt_CeCl3_and_5.0_wt_SrCl2_and_0.5_wt_BaCl2.csv
[Run 2888/511994] ✅ Saved: nist_libs_4.5_wt_CeCl3_and_5.0_wt_SrCl2_and_2.0_wt_BaCl2.csv
[Run 2887/511994] ✅ Saved: nist_libs_4.5_wt_CeCl3_and_5.0_wt_SrCl2_and_1.5_wt_BaCl2.csv
[Run 2889/511994] ✅ Saved: nist_libs_4.5_wt_CeCl3_and_5.0_wt_SrCl2_and_2.5_wt_BaCl2.csv
[Run 2890/511994] ✅ Saved: nist_libs_4.5_wt_CeCl3_and_5.0_wt_SrCl2_and_3.0_wt_BaCl2.csv
[Run 2891/511994] ✅ Saved: nist_libs_4.5_wt_CeCl3_and_5.0_wt_SrCl2_and_3.5_wt_BaCl2.csv
[Run 2892/511994] ✅ Saved: nist_libs_4.5_wt_CeCl3_and_5.0_wt_SrCl2_and_4.0_wt_BaCl2.csv
[Run 2893/511994] ✅ Saved: nist_libs_4.5_wt_CeCl3_and_5.0_wt_SrCl2_and_4.5_wt_BaCl2.csv
[Run 2894/511994] ✅ Saved: nist_libs_4.5_wt_CeCl3_and_5.0_wt_SrCl2_and_5.0_wt_BaCl2.csv
[Run 2895/511994] ✅ Saved: nist_libs_5.0_wt_CeCl3_and_0.5_wt_SrCl2_and_0.5_wt_BaCl2.csv
[Run 2896/511994] ✅ Saved: nist_libs_5.0_wt_CeCl3_and_0.5_wt_SrCl2_and_1.0_wt_BaCl2.csv
[Run 2897/511994] ✅ Saved: nist_libs_5.0_wt_CeCl3_and_0.5_wt_SrCl2_and_1.5_wt_BaCl2.csv
[Run 2898/511994] ✅ Saved: nist_libs_5.0_wt_CeCl3_and_0.5_wt_SrCl2_and_2.0_wt_BaCl2.csv
[Run 2899/511994] ✅ Saved: nist_libs_5.0_wt_CeCl3_and_0.5_wt_SrCl2_and_2.5_wt_BaCl2.csv
[Run 2900/511994] ✅ Saved: nist_libs_5.0_wt_CeCl3_and_0.5_wt_SrCl2_and_3.0_wt_BaCl2.csv
[Run 2901/511994] ✅ Saved: nist_libs_5.0_wt_CeCl3_and_0.5_wt_SrCl2_and_3.5_wt_BaCl2.csv
[Run 2902/511994] ✅ Saved: nist_libs_5.0_wt_CeCl3_and_0.5_wt_SrCl2_and_4.0_wt_BaCl2.csv
[Run 2903/511994] ✅ Saved: nist_libs_5.0_wt_CeCl3_and_0.5_wt_SrCl2_and_4.5_wt_BaCl2.csv
[Run 2904/511994] ✅ Saved: nist_libs_5.0_wt_CeCl3_and_0.5_wt_SrCl2_and_5.0_wt_BaCl2.csv
[Run 2905/511994] ✅ Saved: nist_libs_5.0_wt_CeCl3_and_1.0_wt_SrCl2_and_0.5_wt_BaCl2.csv
[Run 2906/511994] ✅ Saved: nist_libs_5.0_wt_CeCl3_and_1.0_wt_SrCl2_and_1.0_wt_BaCl2.csv
[Run 2907/511994] ✅ Saved: nist_libs_5.0_wt_CeCl3_and_1.0_wt_SrCl2_and_1.5_wt_BaCl2.csv
[Run 2908/511994] ✅ Saved: nist_libs_5.0_wt_CeCl3_and_1.0_wt_SrCl2_and_2.0_wt_BaCl2.csv
[Run 2909/511994] ✅ Saved: nist_libs_5.0_wt_CeCl3_and_1.0_wt_SrCl2_and_2.5_wt_BaCl2.csv
[Run 2910/511994] ✅ Saved: nist_libs_5.0_wt_CeCl3_and_1.0_wt_SrCl2_and_3.0_wt_BaCl2.csv
[Run 2912/511994] ✅ Saved: nist_libs_5.0_wt_CeCl3_and_1.0_wt_SrCl2_and_4.0_wt_BaCl2.csv
[Run 2911/511994] ✅ Saved: nist_libs_5.0_wt_CeCl3_and_1.0_wt_SrCl2_and_3.5_wt_BaCl2.csv
[Run 2913/511994] ✅ Saved: nist_libs_5.0_wt_CeCl3_and_1.0_wt_SrCl2_and_4.5_wt_BaCl2.csv
[Run 2915/511994] ✅ Saved: nist_libs_5.0_wt_CeCl3_and_1.5_wt_SrCl2_and_0.5_wt_BaCl2.csv
[Run 2914/511994] ✅ Saved: nist_libs_5.0_wt_CeCl3_and_1.0_wt_SrCl2_and_5.0_wt_BaCl2.csv
[Run 2916/511994] ✅ Saved: nist_libs_5.0_wt_CeCl3_and_1.5_wt_SrCl2_and_1.0_wt_BaCl2.csv
[Run 2917/511994] ✅ Saved: nist_libs_5.0_wt_CeCl3_and_1.5_wt_SrCl2_and_1.5_wt_BaCl2.csv
[Run 2918/511994] ✅ Saved: nist_libs_5.0_wt_CeCl3_and_1.5_wt_SrCl2_and_2.0_wt_BaCl2.csv
[Run 2920/511994] ✅ Saved: nist_libs_5.0_wt_CeCl3_and_1.5_wt_SrCl2_and_3.0_wt_BaCl2.csv
[Run 2919/511994] ✅ Saved: nist_libs_5.0_wt_CeCl3_and_1.5_wt_SrCl2_and_2.5_wt_BaCl2.csv
[Run 2921/511994] ✅ Saved: nist_libs_5.0_wt_CeCl3_and_1.5_wt_SrCl2_and_3.5_wt_BaCl2.csv
[Run 2923/511994] ✅ Saved: nist_libs_5.0_wt_CeCl3_and_1.5_wt_SrCl2_and_4.5_wt_BaCl2.csv
[Run 2922/511994] ✅ Saved: nist_libs_5.0_wt_CeCl3_and_1.5_wt_SrCl2_and_4.0_wt_BaCl2.csv
[Run 2925/511994] ✅ Saved: nist_libs_5.0_wt_CeCl3_and_2.0_wt_SrCl2_and_0.5_wt_BaCl2.csv
[Run 2924/511994] ✅ Saved: nist_libs_5.0_wt_CeCl3_and_1.5_wt_SrCl2_and_5.0_wt_BaCl2.csv
[Run 2926/511994] ✅ Saved: nist_libs_5.0_wt_CeCl3_and_2.0_wt_SrCl2_and_1.0_wt_BaCl2.csv
[Run 2927/511994] ✅ Saved: nist_libs_5.0_wt_CeCl3_and_2.0_wt_SrCl2_and_1.5_wt_BaCl2.csv
[Run 2929/511994] ✅ Saved: nist_libs_5.0_wt_CeCl3_and_2.0_wt_SrCl2_and_2.5_wt_BaCl2.csv
[Run 2928/511994] ✅ Saved: nist_libs_5.0_wt_CeCl3_and_2.0_wt_SrCl2_and_2.0_wt_BaCl2.csv
[Run 2930/511994] ✅ Saved: nist_libs_5.0_wt_CeCl3_and_2.0_wt_SrCl2_and_3.0_wt_BaCl2.csv
[Run 2932/511994] ✅ Saved: nist_libs_5.0_wt_CeCl3_and_2.0_wt_SrCl2_and_4.0_wt_BaCl2.csv
[Run 2931/511994] ✅ Saved: nist_libs_5.0_wt_CeCl3_and_2.0_wt_SrCl2_and_3.5_wt_BaCl2.csv
[Run 2933/511994] ✅ Saved: nist_libs_5.0_wt_CeCl3_and_2.0_wt_SrCl2_and_4.5_wt_BaCl2.csv
[Run 2934/511994] ✅ Saved: nist_libs_5.0_wt_CeCl3_and_2.0_wt_SrCl2_and_5.0_wt_BaCl2.csv
[Run 2937/511994] ✅ Saved: nist_libs_5.0_wt_CeCl3_and_2.5_wt_SrCl2_and_1.5_wt_BaCl2.csv
[Run 2936/511994] ✅ Saved: nist_libs_5.0_wt_CeCl3_and_2.5_wt_SrCl2_and_1.0_wt_BaCl2.csv
[Run 2935/511994] ✅ Saved: nist_libs_5.0_wt_CeCl3_and_2.5_wt_SrCl2_and_0.5_wt_BaCl2.csv
[Run 2938/511994] ✅ Saved: nist_libs_5.0_wt_CeCl3_and_2.5_wt_SrCl2_and_2.0_wt_BaCl2.csv
[Run 2939/511994] ✅ Saved: nist_libs_5.0_wt_CeCl3_and_2.5_wt_SrCl2_and_2.5_wt_BaCl2.csv
[Run 2941/511994] ✅ Saved: nist_libs_5.0_wt_CeCl3_and_2.5_wt_SrCl2_and_3.5_wt_BaCl2.csv
[Run 2940/511994] ✅ Saved: nist_libs_5.0_wt_CeCl3_and_2.5_wt_SrCl2_and_3.0_wt_BaCl2.csv
[Run 2942/511994] ✅ Saved: nist_libs_5.0_wt_CeCl3_and_2.5_wt_SrCl2_and_4.0_wt_BaCl2.csv
[Run 2943/511994] ✅ Saved: nist_libs_5.0_wt_CeCl3_and_2.5_wt_SrCl2_and_4.5_wt_BaCl2.csv
[Run 2944/511994] ✅ Saved: nist_libs_5.0_wt_CeCl3_and_2.5_wt_SrCl2_and_5.0_wt_BaCl2.csv
[Run 2945/511994] ✅ Saved: nist_libs_5.0_wt_CeCl3_and_3.0_wt_SrCl2_and_0.5_wt_BaCl2.csv
[Run 2946/511994] ✅ Saved: nist_libs_5.0_wt_CeCl3_and_3.0_wt_SrCl2_and_1.0_wt_BaCl2.csv
[Run 2947/511994] ✅ Saved: nist_libs_5.0_wt_CeCl3_and_3.0_wt_SrCl2_and_1.5_wt_BaCl2.csv
[Run 2948/511994] ✅ Saved: nist_libs_5.0_wt_CeCl3_and_3.0_wt_SrCl2_and_2.0_wt_BaCl2.csv
[Run 2949/511994] ✅ Saved: nist_libs_5.0_wt_CeCl3_and_3.0_wt_SrCl2_and_2.5_wt_BaCl2.csv
[Run 2950/511994] ✅ Saved: nist_libs_5.0_wt_CeCl3_and_3.0_wt_SrCl2_and_3.0_wt_BaCl2.csv
[Run 2951/511994] ✅ Saved: nist_libs_5.0_wt_CeCl3_and_3.0_wt_SrCl2_and_3.5_wt_BaCl2.csv
[Run 2952/511994] ✅ Saved: nist_libs_5.0_wt_CeCl3_and_3.0_wt_SrCl2_and_4.0_wt_BaCl2.csv
[Run 2953/511994] ✅ Saved: nist_libs_5.0_wt_CeCl3_and_3.0_wt_SrCl2_and_4.5_wt_BaCl2.csv
[Run 2954/511994] ✅ Saved: nist_libs_5.0_wt_CeCl3_and_3.0_wt_SrCl2_and_5.0_wt_BaCl2.csv
[Run 2955/511994] ✅ Saved: nist_libs_5.0_wt_CeCl3_and_3.5_wt_SrCl2_and_0.5_wt_BaCl2.csv
[Run 2956/511994] ✅ Saved: nist_libs_5.0_wt_CeCl3_and_3.5_wt_SrCl2_and_1.0_wt_BaCl2.csv
[Run 2957/511994] ✅ Saved: nist_libs_5.0_wt_CeCl3_and_3.5_wt_SrCl2_and_1.5_wt_BaCl2.csv
[Run 2958/511994] ✅ Saved: nist_libs_5.0_wt_CeCl3_and_3.5_wt_SrCl2_and_2.0_wt_BaCl2.csv
[Run 2959/511994] ✅ Saved: nist_libs_5.0_wt_CeCl3_and_3.5_wt_SrCl2_and_2.5_wt_BaCl2.csv
[Run 2960/511994] ✅ Saved: nist_libs_5.0_wt_CeCl3_and_3.5_wt_SrCl2_and_3.0_wt_BaCl2.csv
[Run 2961/511994] ✅ Saved: nist_libs_5.0_wt_CeCl3_and_3.5_wt_SrCl2_and_3.5_wt_BaCl2.csv
[Run 2962/511994] ✅ Saved: nist_libs_5.0_wt_CeCl3_and_3.5_wt_SrCl2_and_4.0_wt_BaCl2.csv
[Run 2963/511994] ✅ Saved: nist_libs_5.0_wt_CeCl3_and_3.5_wt_SrCl2_and_4.5_wt_BaCl2.csv
[Run 2964/511994] ✅ Saved: nist_libs_5.0_wt_CeCl3_and_3.5_wt_SrCl2_and_5.0_wt_BaCl2.csv
[Run 2965/511994] ✅ Saved: nist_libs_5.0_wt_CeCl3_and_4.0_wt_SrCl2_and_0.5_wt_BaCl2.csv
[Run 2966/511994] ✅ Saved: nist_libs_5.0_wt_CeCl3_and_4.0_wt_SrCl2_and_1.0_wt_BaCl2.csv
[Run 2967/511994] ✅ Saved: nist_libs_5.0_wt_CeCl3_and_4.0_wt_SrCl2_and_1.5_wt_BaCl2.csv
[Run 2968/511994] ✅ Saved: nist_libs_5.0_wt_CeCl3_and_4.0_wt_SrCl2_and_2.0_wt_BaCl2.csv
[Run 2969/511994] ✅ Saved: nist_libs_5.0_wt_CeCl3_and_4.0_wt_SrCl2_and_2.5_wt_BaCl2.csv
[Run 2970/511994] ✅ Saved: nist_libs_5.0_wt_CeCl3_and_4.0_wt_SrCl2_and_3.0_wt_BaCl2.csv
[Run 2971/511994] ✅ Saved: nist_libs_5.0_wt_CeCl3_and_4.0_wt_SrCl2_and_3.5_wt_BaCl2.csv
[Run 2972/511994] ✅ Saved: nist_libs_5.0_wt_CeCl3_and_4.0_wt_SrCl2_and_4.0_wt_BaCl2.csv
[Run 2973/511994] ✅ Saved: nist_libs_5.0_wt_CeCl3_and_4.0_wt_SrCl2_and_4.5_wt_BaCl2.csv
[Run 2974/511994] ✅ Saved: nist_libs_5.0_wt_CeCl3_and_4.0_wt_SrCl2_and_5.0_wt_BaCl2.csv
[Run 2975/511994] ✅ Saved: nist_libs_5.0_wt_CeCl3_and_4.5_wt_SrCl2_and_0.5_wt_BaCl2.csv
[Run 2976/511994] ✅ Saved: nist_libs_5.0_wt_CeCl3_and_4.5_wt_SrCl2_and_1.0_wt_BaCl2.csv
[Run 2977/511994] ✅ Saved: nist_libs_5.0_wt_CeCl3_and_4.5_wt_SrCl2_and_1.5_wt_BaCl2.csv
[Run 2978/511994] ✅ Saved: nist_libs_5.0_wt_CeCl3_and_4.5_wt_SrCl2_and_2.0_wt_BaCl2.csv
[Run 2979/511994] ✅ Saved: nist_libs_5.0_wt_CeCl3_and_4.5_wt_SrCl2_and_2.5_wt_BaCl2.csv
[Run 2980/511994] ✅ Saved: nist_libs_5.0_wt_CeCl3_and_4.5_wt_SrCl2_and_3.0_wt_BaCl2.csv
[Run 2981/511994] ✅ Saved: nist_libs_5.0_wt_CeCl3_and_4.5_wt_SrCl2_and_3.5_wt_BaCl2.csv
[Run 2982/511994] ✅ Saved: nist_libs_5.0_wt_CeCl3_and_4.5_wt_SrCl2_and_4.0_wt_BaCl2.csv
[Run 2983/511994] ✅ Saved: nist_libs_5.0_wt_CeCl3_and_4.5_wt_SrCl2_and_4.5_wt_BaCl2.csv
[Run 2984/511994] ✅ Saved: nist_libs_5.0_wt_CeCl3_and_4.5_wt_SrCl2_and_5.0_wt_BaCl2.csv
[Run 2985/511994] ✅ Saved: nist_libs_5.0_wt_CeCl3_and_5.0_wt_SrCl2_and_0.5_wt_BaCl2.csv
[Run 2987/511994] ✅ Saved: nist_libs_5.0_wt_CeCl3_and_5.0_wt_SrCl2_and_1.5_wt_BaCl2.csv
[Run 2986/511994] ✅ Saved: nist_libs_5.0_wt_CeCl3_and_5.0_wt_SrCl2_and_1.0_wt_BaCl2.csv
[Run 2988/511994] ✅ Saved: nist_libs_5.0_wt_CeCl3_and_5.0_wt_SrCl2_and_2.0_wt_BaCl2.csv
[Run 2989/511994] ✅ Saved: nist_libs_5.0_wt_CeCl3_and_5.0_wt_SrCl2_and_2.5_wt_BaCl2.csv
[Run 2990/511994] ✅ Saved: nist_libs_5.0_wt_CeCl3_and_5.0_wt_SrCl2_and_3.0_wt_BaCl2.csv
[Run 2991/511994] ✅ Saved: nist_libs_5.0_wt_CeCl3_and_5.0_wt_SrCl2_and_3.5_wt_BaCl2.csv
[Run 2992/511994] ✅ Saved: nist_libs_5.0_wt_CeCl3_and_5.0_wt_SrCl2_and_4.0_wt_BaCl2.csv
[Run 2993/511994] ✅ Saved: nist_libs_5.0_wt_CeCl3_and_5.0_wt_SrCl2_and_4.5_wt_BaCl2.csv
[Run 2994/511994] ✅ Saved: nist_libs_5.0_wt_CeCl3_and_5.0_wt_SrCl2_and_5.0_wt_BaCl2.csv
[Run 2995/511994] ✅ Saved: nist_libs_0.5_wt_CeCl3_and_0.5_wt_SrCl2_and_0.5_wt_YCl3.csv
[Run 2996/511994] ✅ Saved: nist_libs_0.5_wt_CeCl3_and_0.5_wt_SrCl2_and_1.0_wt_YCl3.csv
[Run 2997/511994] ✅ Saved: nist_libs_0.5_wt_CeCl3_and_0.5_wt_SrCl2_and_1.5_wt_YCl3.csv
[Run 2998/511994] ✅ Saved: nist_libs_0.5_wt_CeCl3_and_0.5_wt_SrCl2_and_2.0_wt_YCl3.csv
[Run 2999/511994] ✅ Saved: nist_libs_0.5_wt_CeCl3_and_0.5_wt_SrCl2_and_2.5_wt_YCl3.csv
[Run 3000/511994] ✅ Saved: nist_libs_0.5_wt_CeCl3_and_0.5_wt_SrCl2_and_3.0_wt_YCl3.csv
📦 Packaging batch 3 (1000 CSVs) -> nist_libs_batch_0003.zip...
[Run 3001/511994] ✅ Saved: nist_libs_0.5_wt_CeCl3_and_0.5_wt_SrCl2_and_3.5_wt_YCl3.csv
[Run 3002/511994] ✅ Saved: nist_libs_0.5_wt_CeCl3_and_0.5_wt_SrCl2_and_4.0_wt_YCl3.csv
[Run 3003/511994] ✅ Saved: nist_libs_0.5_wt_CeCl3_and_0.5_wt_SrCl2_and_4.5_wt_YCl3.csv
[Run 3004/511994] ✅ Saved: nist_libs_0.5_wt_CeCl3_and_0.5_wt_SrCl2_and_5.0_wt_YCl3.csv
[Run 3005/511994] ✅ Saved: nist_libs_0.5_wt_CeCl3_and_1.0_wt_SrCl2_and_0.5_wt_YCl3.csv
[Run 3006/511994] ✅ Saved: nist_libs_0.5_wt_CeCl3_and_1.0_wt_SrCl2_and_1.0_wt_YCl3.csv
[Run 3007/511994] ✅ Saved: nist_libs_0.5_wt_CeCl3_and_1.0_wt_SrCl2_and_1.5_wt_YCl3.csv
[Run 3008/511994] ✅ Saved: nist_libs_0.5_wt_CeCl3_and_1.0_wt_SrCl2_and_2.0_wt_YCl3.csv
[Run 3009/511994] ✅ Saved: nist_libs_0.5_wt_CeCl3_and_1.0_wt_SrCl2_and_2.5_wt_YCl3.csv
[Run 3010/511994] ✅ Saved: nist_libs_0.5_wt_CeCl3_and_1.0_wt_SrCl2_and_3.0_wt_YCl3.csv
[Run 3011/511994] ✅ Saved: nist_libs_0.5_wt_CeCl3_and_1.0_wt_SrCl2_and_3.5_wt_YCl3.csv
[Run 3012/511994] ✅ Saved: nist_libs_0.5_wt_CeCl3_and_1.0_wt_SrCl2_and_4.0_wt_YCl3.csv
[Run 3013/511994] ✅ Saved: nist_libs_0.5_wt_CeCl3_and_1.0_wt_SrCl2_and_4.5_wt_YCl3.csv
[Run 3014/511994] ✅ Saved: nist_libs_0.5_wt_CeCl3_and_1.0_wt_SrCl2_and_5.0_wt_YCl3.csv
[Run 3015/511994] ✅ Saved: nist_libs_0.5_wt_CeCl3_and_1.5_wt_SrCl2_and_0.5_wt_YCl3.csv
[Run 3016/511994] ✅ Saved: nist_libs_0.5_wt_CeCl3_and_1.5_wt_SrCl2_and_1.0_wt_YCl3.csv
[Run 3017/511994] ✅ Saved: nist_libs_0.5_wt_CeCl3_and_1.5_wt_SrCl2_and_1.5_wt_YCl3.csv
[Run 3018/511994] ✅ Saved: nist_libs_0.5_wt_CeCl3_and_1.5_wt_SrCl2_and_2.0_wt_YCl3.csv
[Run 3019/511994] ✅ Saved: nist_libs_0.5_wt_CeCl3_and_1.5_wt_SrCl2_and_2.5_wt_YCl3.csv
[Run 3020/511994] ✅ Saved: nist_libs_0.5_wt_CeCl3_and_1.5_wt_SrCl2_and_3.0_wt_YCl3.csv
[Run 3021/511994] ✅ Saved: nist_libs_0.5_wt_CeCl3_and_1.5_wt_SrCl2_and_3.5_wt_YCl3.csv
[Run 3022/511994] ✅ Saved: nist_libs_0.5_wt_CeCl3_and_1.5_wt_SrCl2_and_4.0_wt_YCl3.csv
[Run 3023/511994] ✅ Saved: nist_libs_0.5_wt_CeCl3_and_1.5_wt_SrCl2_and_4.5_wt_YCl3.csv
[Run 3024/511994] ✅ Saved: nist_libs_0.5_wt_CeCl3_and_1.5_wt_SrCl2_and_5.0_wt_YCl3.csv
[Run 3025/511994] ✅ Saved: nist_libs_0.5_wt_CeCl3_and_2.0_wt_SrCl2_and_0.5_wt_YCl3.csv
[Run 3026/511994] ✅ Saved: nist_libs_0.5_wt_CeCl3_and_2.0_wt_SrCl2_and_1.0_wt_YCl3.csv
[Run 3027/511994] ✅ Saved: nist_libs_0.5_wt_CeCl3_and_2.0_wt_SrCl2_and_1.5_wt_YCl3.csv
[Run 3028/511994] ✅ Saved: nist_libs_0.5_wt_CeCl3_and_2.0_wt_SrCl2_and_2.0_wt_YCl3.csv
[Run 3029/511994] ✅ Saved: nist_libs_0.5_wt_CeCl3_and_2.0_wt_SrCl2_and_2.5_wt_YCl3.csv
[Run 3030/511994] ✅ Saved: nist_libs_0.5_wt_CeCl3_and_2.0_wt_SrCl2_and_3.0_wt_YCl3.csv
[Run 3031/511994] ✅ Saved: nist_libs_0.5_wt_CeCl3_and_2.0_wt_SrCl2_and_3.5_wt_YCl3.csv
[Run 3032/511994] ✅ Saved: nist_libs_0.5_wt_CeCl3_and_2.0_wt_SrCl2_and_4.0_wt_YCl3.csv
[Run 3033/511994] ✅ Saved: nist_libs_0.5_wt_CeCl3_and_2.0_wt_SrCl2_and_4.5_wt_YCl3.csv
[Run 3034/511994] ✅ Saved: nist_libs_0.5_wt_CeCl3_and_2.0_wt_SrCl2_and_5.0_wt_YCl3.csv
[Run 3035/511994] ✅ Saved: nist_libs_0.5_wt_CeCl3_and_2.5_wt_SrCl2_and_0.5_wt_YCl3.csv
[Run 3036/511994] ✅ Saved: nist_libs_0.5_wt_CeCl3_and_2.5_wt_SrCl2_and_1.0_wt_YCl3.csv
[Run 3038/511994] ✅ Saved: nist_libs_0.5_wt_CeCl3_and_2.5_wt_SrCl2_and_2.0_wt_YCl3.csv
[Run 3037/511994] ✅ Saved: nist_libs_0.5_wt_CeCl3_and_2.5_wt_SrCl2_and_1.5_wt_YCl3.csv
[Run 3039/511994] ✅ Saved: nist_libs_0.5_wt_CeCl3_and_2.5_wt_SrCl2_and_2.5_wt_YCl3.csv
[Run 3040/511994] ✅ Saved: nist_libs_0.5_wt_CeCl3_and_2.5_wt_SrCl2_and_3.0_wt_YCl3.csv
[Run 3042/511994] ✅ Saved: nist_libs_0.5_wt_CeCl3_and_2.5_wt_SrCl2_and_4.0_wt_YCl3.csv
[Run 3041/511994] ✅ Saved: nist_libs_0.5_wt_CeCl3_and_2.5_wt_SrCl2_and_3.5_wt_YCl3.csv
[Run 3043/511994] ✅ Saved: nist_libs_0.5_wt_CeCl3_and_2.5_wt_SrCl2_and_4.5_wt_YCl3.csv
[Run 3044/511994] ✅ Saved: nist_libs_0.5_wt_CeCl3_and_2.5_wt_SrCl2_and_5.0_wt_YCl3.csv
[Run 3046/511994] ✅ Saved: nist_libs_0.5_wt_CeCl3_and_3.0_wt_SrCl2_and_1.0_wt_YCl3.csv
[Run 3045/511994] ✅ Saved: nist_libs_0.5_wt_CeCl3_and_3.0_wt_SrCl2_and_0.5_wt_YCl3.csv
[Run 3048/511994] ✅ Saved: nist_libs_0.5_wt_CeCl3_and_3.0_wt_SrCl2_and_2.0_wt_YCl3.csv
[Run 3047/511994] ✅ Saved: nist_libs_0.5_wt_CeCl3_and_3.0_wt_SrCl2_and_1.5_wt_YCl3.csv
[Run 3050/511994] ✅ Saved: nist_libs_0.5_wt_CeCl3_and_3.0_wt_SrCl2_and_3.0_wt_YCl3.csv
[Run 3049/511994] ✅ Saved: nist_libs_0.5_wt_CeCl3_and_3.0_wt_SrCl2_and_2.5_wt_YCl3.csv
[Run 3052/511994] ✅ Saved: nist_libs_0.5_wt_CeCl3_and_3.0_wt_SrCl2_and_4.0_wt_YCl3.csv
[Run 3051/511994] ✅ Saved: nist_libs_0.5_wt_CeCl3_and_3.0_wt_SrCl2_and_3.5_wt_YCl3.csv
[Run 3053/511994] ✅ Saved: nist_libs_0.5_wt_CeCl3_and_3.0_wt_SrCl2_and_4.5_wt_YCl3.csv
[Run 3054/511994] ✅ Saved: nist_libs_0.5_wt_CeCl3_and_3.0_wt_SrCl2_and_5.0_wt_YCl3.csv
[Run 3056/511994] ✅ Saved: nist_libs_0.5_wt_CeCl3_and_3.5_wt_SrCl2_and_1.0_wt_YCl3.csv
[Run 3055/511994] ✅ Saved: nist_libs_0.5_wt_CeCl3_and_3.5_wt_SrCl2_and_0.5_wt_YCl3.csv
[Run 3057/511994] ✅ Saved: nist_libs_0.5_wt_CeCl3_and_3.5_wt_SrCl2_and_1.5_wt_YCl3.csv
[Run 3058/511994] ✅ Saved: nist_libs_0.5_wt_CeCl3_and_3.5_wt_SrCl2_and_2.0_wt_YCl3.csv
[Run 3059/511994] ✅ Saved: nist_libs_0.5_wt_CeCl3_and_3.5_wt_SrCl2_and_2.5_wt_YCl3.csv
[Run 3060/511994] ✅ Saved: nist_libs_0.5_wt_CeCl3_and_3.5_wt_SrCl2_and_3.0_wt_YCl3.csv
[Run 3061/511994] ✅ Saved: nist_libs_0.5_wt_CeCl3_and_3.5_wt_SrCl2_and_3.5_wt_YCl3.csv
[Run 3062/511994] ✅ Saved: nist_libs_0.5_wt_CeCl3_and_3.5_wt_SrCl2_and_4.0_wt_YCl3.csv
[Run 3063/511994] ✅ Saved: nist_libs_0.5_wt_CeCl3_and_3.5_wt_SrCl2_and_4.5_wt_YCl3.csv
[Run 3064/511994] ✅ Saved: nist_libs_0.5_wt_CeCl3_and_3.5_wt_SrCl2_and_5.0_wt_YCl3.csv
[Run 3065/511994] ✅ Saved: nist_libs_0.5_wt_CeCl3_and_4.0_wt_SrCl2_and_0.5_wt_YCl3.csv
[Run 3066/511994] ✅ Saved: nist_libs_0.5_wt_CeCl3_and_4.0_wt_SrCl2_and_1.0_wt_YCl3.csv
[Run 3068/511994] ✅ Saved: nist_libs_0.5_wt_CeCl3_and_4.0_wt_SrCl2_and_2.0_wt_YCl3.csv
[Run 3067/511994] ✅ Saved: nist_libs_0.5_wt_CeCl3_and_4.0_wt_SrCl2_and_1.5_wt_YCl3.csv
[Run 3069/511994] ✅ Saved: nist_libs_0.5_wt_CeCl3_and_4.0_wt_SrCl2_and_2.5_wt_YCl3.csv
[Run 3070/511994] ✅ Saved: nist_libs_0.5_wt_CeCl3_and_4.0_wt_SrCl2_and_3.0_wt_YCl3.csv
[Run 3071/511994] ✅ Saved: nist_libs_0.5_wt_CeCl3_and_4.0_wt_SrCl2_and_3.5_wt_YCl3.csv
[Run 3072/511994] ✅ Saved: nist_libs_0.5_wt_CeCl3_and_4.0_wt_SrCl2_and_4.0_wt_YCl3.csv
[Run 3073/511994] ✅ Saved: nist_libs_0.5_wt_CeCl3_and_4.0_wt_SrCl2_and_4.5_wt_YCl3.csv
[Run 3074/511994] ✅ Saved: nist_libs_0.5_wt_CeCl3_and_4.0_wt_SrCl2_and_5.0_wt_YCl3.csv
[Run 3075/511994] ✅ Saved: nist_libs_0.5_wt_CeCl3_and_4.5_wt_SrCl2_and_0.5_wt_YCl3.csv
[Run 3076/511994] ✅ Saved: nist_libs_0.5_wt_CeCl3_and_4.5_wt_SrCl2_and_1.0_wt_YCl3.csv
[Run 3077/511994] ✅ Saved: nist_libs_0.5_wt_CeCl3_and_4.5_wt_SrCl2_and_1.5_wt_YCl3.csv
[Run 3078/511994] ✅ Saved: nist_libs_0.5_wt_CeCl3_and_4.5_wt_SrCl2_and_2.0_wt_YCl3.csv
[Run 3079/511994] ✅ Saved: nist_libs_0.5_wt_CeCl3_and_4.5_wt_SrCl2_and_2.5_wt_YCl3.csv
[Run 3080/511994] ✅ Saved: nist_libs_0.5_wt_CeCl3_and_4.5_wt_SrCl2_and_3.0_wt_YCl3.csv
[Run 3081/511994] ✅ Saved: nist_libs_0.5_wt_CeCl3_and_4.5_wt_SrCl2_and_3.5_wt_YCl3.csv
[Run 3082/511994] ✅ Saved: nist_libs_0.5_wt_CeCl3_and_4.5_wt_SrCl2_and_4.0_wt_YCl3.csv
[Run 3083/511994] ✅ Saved: nist_libs_0.5_wt_CeCl3_and_4.5_wt_SrCl2_and_4.5_wt_YCl3.csv
[Run 3084/511994] ✅ Saved: nist_libs_0.5_wt_CeCl3_and_4.5_wt_SrCl2_and_5.0_wt_YCl3.csv
[Run 3085/511994] ✅ Saved: nist_libs_0.5_wt_CeCl3_and_5.0_wt_SrCl2_and_0.5_wt_YCl3.csv
[Run 3086/511994] ✅ Saved: nist_libs_0.5_wt_CeCl3_and_5.0_wt_SrCl2_and_1.0_wt_YCl3.csv
[Run 3087/511994] ✅ Saved: nist_libs_0.5_wt_CeCl3_and_5.0_wt_SrCl2_and_1.5_wt_YCl3.csv
[Run 3089/511994] ✅ Saved: nist_libs_0.5_wt_CeCl3_and_5.0_wt_SrCl2_and_2.5_wt_YCl3.csv
[Run 3088/511994] ✅ Saved: nist_libs_0.5_wt_CeCl3_and_5.0_wt_SrCl2_and_2.0_wt_YCl3.csv
[Run 3090/511994] ✅ Saved: nist_libs_0.5_wt_CeCl3_and_5.0_wt_SrCl2_and_3.0_wt_YCl3.csv
[Run 3091/511994] ✅ Saved: nist_libs_0.5_wt_CeCl3_and_5.0_wt_SrCl2_and_3.5_wt_YCl3.csv
[Run 3092/511994] ✅ Saved: nist_libs_0.5_wt_CeCl3_and_5.0_wt_SrCl2_and_4.0_wt_YCl3.csv
[Run 3093/511994] ✅ Saved: nist_libs_0.5_wt_CeCl3_and_5.0_wt_SrCl2_and_4.5_wt_YCl3.csv
[Run 3094/511994] ✅ Saved: nist_libs_0.5_wt_CeCl3_and_5.0_wt_SrCl2_and_5.0_wt_YCl3.csv
[Run 3095/511994] ✅ Saved: nist_libs_1.0_wt_CeCl3_and_0.5_wt_SrCl2_and_0.5_wt_YCl3.csv
[Run 3096/511994] ✅ Saved: nist_libs_1.0_wt_CeCl3_and_0.5_wt_SrCl2_and_1.0_wt_YCl3.csv
[Run 3097/511994] ✅ Saved: nist_libs_1.0_wt_CeCl3_and_0.5_wt_SrCl2_and_1.5_wt_YCl3.csv
[Run 3098/511994] ✅ Saved: nist_libs_1.0_wt_CeCl3_and_0.5_wt_SrCl2_and_2.0_wt_YCl3.csv
[Run 3099/511994] ✅ Saved: nist_libs_1.0_wt_CeCl3_and_0.5_wt_SrCl2_and_2.5_wt_YCl3.csv
[Run 3100/511994] ✅ Saved: nist_libs_1.0_wt_CeCl3_and_0.5_wt_SrCl2_and_3.0_wt_YCl3.csv
[Run 3101/511994] ✅ Saved: nist_libs_1.0_wt_CeCl3_and_0.5_wt_SrCl2_and_3.5_wt_YCl3.csv
[Run 3102/511994] ✅ Saved: nist_libs_1.0_wt_CeCl3_and_0.5_wt_SrCl2_and_4.0_wt_YCl3.csv
[Run 3103/511994] ✅ Saved: nist_libs_1.0_wt_CeCl3_and_0.5_wt_SrCl2_and_4.5_wt_YCl3.csv
[Run 3105/511994] ✅ Saved: nist_libs_1.0_wt_CeCl3_and_1.0_wt_SrCl2_and_0.5_wt_YCl3.csv
[Run 3104/511994] ✅ Saved: nist_libs_1.0_wt_CeCl3_and_0.5_wt_SrCl2_and_5.0_wt_YCl3.csv
[Run 3106/511994] ✅ Saved: nist_libs_1.0_wt_CeCl3_and_1.0_wt_SrCl2_and_1.0_wt_YCl3.csv
[Run 3107/511994] ✅ Saved: nist_libs_1.0_wt_CeCl3_and_1.0_wt_SrCl2_and_1.5_wt_YCl3.csv
[Run 3109/511994] ✅ Saved: nist_libs_1.0_wt_CeCl3_and_1.0_wt_SrCl2_and_2.5_wt_YCl3.csv
[Run 3108/511994] ✅ Saved: nist_libs_1.0_wt_CeCl3_and_1.0_wt_SrCl2_and_2.0_wt_YCl3.csv
[Run 3110/511994] ✅ Saved: nist_libs_1.0_wt_CeCl3_and_1.0_wt_SrCl2_and_3.0_wt_YCl3.csv
[Run 3111/511994] ✅ Saved: nist_libs_1.0_wt_CeCl3_and_1.0_wt_SrCl2_and_3.5_wt_YCl3.csv
[Run 3113/511994] ✅ Saved: nist_libs_1.0_wt_CeCl3_and_1.0_wt_SrCl2_and_4.5_wt_YCl3.csv
[Run 3112/511994] ✅ Saved: nist_libs_1.0_wt_CeCl3_and_1.0_wt_SrCl2_and_4.0_wt_YCl3.csv
[Run 3114/511994] ✅ Saved: nist_libs_1.0_wt_CeCl3_and_1.0_wt_SrCl2_and_5.0_wt_YCl3.csv
[Run 3115/511994] ✅ Saved: nist_libs_1.0_wt_CeCl3_and_1.5_wt_SrCl2_and_0.5_wt_YCl3.csv
[Run 3116/511994] ✅ Saved: nist_libs_1.0_wt_CeCl3_and_1.5_wt_SrCl2_and_1.0_wt_YCl3.csv
[Run 3117/511994] ✅ Saved: nist_libs_1.0_wt_CeCl3_and_1.5_wt_SrCl2_and_1.5_wt_YCl3.csv
[Run 3118/511994] ✅ Saved: nist_libs_1.0_wt_CeCl3_and_1.5_wt_SrCl2_and_2.0_wt_YCl3.csv
[Run 3119/511994] ✅ Saved: nist_libs_1.0_wt_CeCl3_and_1.5_wt_SrCl2_and_2.5_wt_YCl3.csv
[Run 3121/511994] ✅ Saved: nist_libs_1.0_wt_CeCl3_and_1.5_wt_SrCl2_and_3.5_wt_YCl3.csv
[Run 3122/511994] ✅ Saved: nist_libs_1.0_wt_CeCl3_and_1.5_wt_SrCl2_and_4.0_wt_YCl3.csv
[Run 3120/511994] ✅ Saved: nist_libs_1.0_wt_CeCl3_and_1.5_wt_SrCl2_and_3.0_wt_YCl3.csv
[Run 3123/511994] ✅ Saved: nist_libs_1.0_wt_CeCl3_and_1.5_wt_SrCl2_and_4.5_wt_YCl3.csv
[Run 3124/511994] ✅ Saved: nist_libs_1.0_wt_CeCl3_and_1.5_wt_SrCl2_and_5.0_wt_YCl3.csv
[Run 3126/511994] ✅ Saved: nist_libs_1.0_wt_CeCl3_and_2.0_wt_SrCl2_and_1.0_wt_YCl3.csv
[Run 3125/511994] ✅ Saved: nist_libs_1.0_wt_CeCl3_and_2.0_wt_SrCl2_and_0.5_wt_YCl3.csv
[Run 3127/511994] ✅ Saved: nist_libs_1.0_wt_CeCl3_and_2.0_wt_SrCl2_and_1.5_wt_YCl3.csv
[Run 3128/511994] ✅ Saved: nist_libs_1.0_wt_CeCl3_and_2.0_wt_SrCl2_and_2.0_wt_YCl3.csv
[Run 3130/511994] ✅ Saved: nist_libs_1.0_wt_CeCl3_and_2.0_wt_SrCl2_and_3.0_wt_YCl3.csv
[Run 3129/511994] ✅ Saved: nist_libs_1.0_wt_CeCl3_and_2.0_wt_SrCl2_and_2.5_wt_YCl3.csv
[Run 3131/511994] ✅ Saved: nist_libs_1.0_wt_CeCl3_and_2.0_wt_SrCl2_and_3.5_wt_YCl3.csv
[Run 3132/511994] ✅ Saved: nist_libs_1.0_wt_CeCl3_and_2.0_wt_SrCl2_and_4.0_wt_YCl3.csv
[Run 3133/511994] ✅ Saved: nist_libs_1.0_wt_CeCl3_and_2.0_wt_SrCl2_and_4.5_wt_YCl3.csv
[Run 3134/511994] ✅ Saved: nist_libs_1.0_wt_CeCl3_and_2.0_wt_SrCl2_and_5.0_wt_YCl3.csv
[Run 3135/511994] ✅ Saved: nist_libs_1.0_wt_CeCl3_and_2.5_wt_SrCl2_and_0.5_wt_YCl3.csv
[Run 3136/511994] ✅ Saved: nist_libs_1.0_wt_CeCl3_and_2.5_wt_SrCl2_and_1.0_wt_YCl3.csv
[Run 3137/511994] ✅ Saved: nist_libs_1.0_wt_CeCl3_and_2.5_wt_SrCl2_and_1.5_wt_YCl3.csv
[Run 3138/511994] ✅ Saved: nist_libs_1.0_wt_CeCl3_and_2.5_wt_SrCl2_and_2.0_wt_YCl3.csv
[Run 3139/511994] ✅ Saved: nist_libs_1.0_wt_CeCl3_and_2.5_wt_SrCl2_and_2.5_wt_YCl3.csv
[Run 3140/511994] ✅ Saved: nist_libs_1.0_wt_CeCl3_and_2.5_wt_SrCl2_and_3.0_wt_YCl3.csv
[Run 3141/511994] ✅ Saved: nist_libs_1.0_wt_CeCl3_and_2.5_wt_SrCl2_and_3.5_wt_YCl3.csv
[Run 3143/511994] ✅ Saved: nist_libs_1.0_wt_CeCl3_and_2.5_wt_SrCl2_and_4.5_wt_YCl3.csv
[Run 3142/511994] ✅ Saved: nist_libs_1.0_wt_CeCl3_and_2.5_wt_SrCl2_and_4.0_wt_YCl3.csv
[Run 3144/511994] ✅ Saved: nist_libs_1.0_wt_CeCl3_and_2.5_wt_SrCl2_and_5.0_wt_YCl3.csv
[Run 3145/511994] ✅ Saved: nist_libs_1.0_wt_CeCl3_and_3.0_wt_SrCl2_and_0.5_wt_YCl3.csv
[Run 3147/511994] ✅ Saved: nist_libs_1.0_wt_CeCl3_and_3.0_wt_SrCl2_and_1.5_wt_YCl3.csv
[Run 3146/511994] ✅ Saved: nist_libs_1.0_wt_CeCl3_and_3.0_wt_SrCl2_and_1.0_wt_YCl3.csv
[Run 3148/511994] ✅ Saved: nist_libs_1.0_wt_CeCl3_and_3.0_wt_SrCl2_and_2.0_wt_YCl3.csv
[Run 3149/511994] ✅ Saved: nist_libs_1.0_wt_CeCl3_and_3.0_wt_SrCl2_and_2.5_wt_YCl3.csv
[Run 3150/511994] ✅ Saved: nist_libs_1.0_wt_CeCl3_and_3.0_wt_SrCl2_and_3.0_wt_YCl3.csv
[Run 3151/511994] ✅ Saved: nist_libs_1.0_wt_CeCl3_and_3.0_wt_SrCl2_and_3.5_wt_YCl3.csv
[Run 3152/511994] ✅ Saved: nist_libs_1.0_wt_CeCl3_and_3.0_wt_SrCl2_and_4.0_wt_YCl3.csv
[Run 3153/511994] ✅ Saved: nist_libs_1.0_wt_CeCl3_and_3.0_wt_SrCl2_and_4.5_wt_YCl3.csv
[Run 3154/511994] ✅ Saved: nist_libs_1.0_wt_CeCl3_and_3.0_wt_SrCl2_and_5.0_wt_YCl3.csv
[Run 3155/511994] ✅ Saved: nist_libs_1.0_wt_CeCl3_and_3.5_wt_SrCl2_and_0.5_wt_YCl3.csv
[Run 3156/511994] ✅ Saved: nist_libs_1.0_wt_CeCl3_and_3.5_wt_SrCl2_and_1.0_wt_YCl3.csv
[Run 3157/511994] ✅ Saved: nist_libs_1.0_wt_CeCl3_and_3.5_wt_SrCl2_and_1.5_wt_YCl3.csv
[Run 3159/511994] ✅ Saved: nist_libs_1.0_wt_CeCl3_and_3.5_wt_SrCl2_and_2.5_wt_YCl3.csv
[Run 3158/511994] ✅ Saved: nist_libs_1.0_wt_CeCl3_and_3.5_wt_SrCl2_and_2.0_wt_YCl3.csv
[Run 3160/511994] ✅ Saved: nist_libs_1.0_wt_CeCl3_and_3.5_wt_SrCl2_and_3.0_wt_YCl3.csv
[Run 3161/511994] ✅ Saved: nist_libs_1.0_wt_CeCl3_and_3.5_wt_SrCl2_and_3.5_wt_YCl3.csv
[Run 3162/511994] ✅ Saved: nist_libs_1.0_wt_CeCl3_and_3.5_wt_SrCl2_and_4.0_wt_YCl3.csv
[Run 3163/511994] ✅ Saved: nist_libs_1.0_wt_CeCl3_and_3.5_wt_SrCl2_and_4.5_wt_YCl3.csv
[Run 3164/511994] ✅ Saved: nist_libs_1.0_wt_CeCl3_and_3.5_wt_SrCl2_and_5.0_wt_YCl3.csv
[Run 3165/511994] ✅ Saved: nist_libs_1.0_wt_CeCl3_and_4.0_wt_SrCl2_and_0.5_wt_YCl3.csv
[Run 3166/511994] ✅ Saved: nist_libs_1.0_wt_CeCl3_and_4.0_wt_SrCl2_and_1.0_wt_YCl3.csv
[Run 3169/511994] ✅ Saved: nist_libs_1.0_wt_CeCl3_and_4.0_wt_SrCl2_and_2.5_wt_YCl3.csv
[Run 3167/511994] ✅ Saved: nist_libs_1.0_wt_CeCl3_and_4.0_wt_SrCl2_and_1.5_wt_YCl3.csv
[Run 3168/511994] ✅ Saved: nist_libs_1.0_wt_CeCl3_and_4.0_wt_SrCl2_and_2.0_wt_YCl3.csv
[Run 3170/511994] ✅ Saved: nist_libs_1.0_wt_CeCl3_and_4.0_wt_SrCl2_and_3.0_wt_YCl3.csv
[Run 3172/511994] ✅ Saved: nist_libs_1.0_wt_CeCl3_and_4.0_wt_SrCl2_and_4.0_wt_YCl3.csv
[Run 3171/511994] ✅ Saved: nist_libs_1.0_wt_CeCl3_and_4.0_wt_SrCl2_and_3.5_wt_YCl3.csv
[Run 3173/511994] ✅ Saved: nist_libs_1.0_wt_CeCl3_and_4.0_wt_SrCl2_and_4.5_wt_YCl3.csv
[Run 3174/511994] ✅ Saved: nist_libs_1.0_wt_CeCl3_and_4.0_wt_SrCl2_and_5.0_wt_YCl3.csv
[Run 3175/511994] ✅ Saved: nist_libs_1.0_wt_CeCl3_and_4.5_wt_SrCl2_and_0.5_wt_YCl3.csv
[Run 3176/511994] ✅ Saved: nist_libs_1.0_wt_CeCl3_and_4.5_wt_SrCl2_and_1.0_wt_YCl3.csv
[Run 3177/511994] ✅ Saved: nist_libs_1.0_wt_CeCl3_and_4.5_wt_SrCl2_and_1.5_wt_YCl3.csv
[Run 3178/511994] ✅ Saved: nist_libs_1.0_wt_CeCl3_and_4.5_wt_SrCl2_and_2.0_wt_YCl3.csv
[Run 3179/511994] ✅ Saved: nist_libs_1.0_wt_CeCl3_and_4.5_wt_SrCl2_and_2.5_wt_YCl3.csv
[Run 3180/511994] ✅ Saved: nist_libs_1.0_wt_CeCl3_and_4.5_wt_SrCl2_and_3.0_wt_YCl3.csv
[Run 3181/511994] ✅ Saved: nist_libs_1.0_wt_CeCl3_and_4.5_wt_SrCl2_and_3.5_wt_YCl3.csv
[Run 3182/511994] ✅ Saved: nist_libs_1.0_wt_CeCl3_and_4.5_wt_SrCl2_and_4.0_wt_YCl3.csv
[Run 3183/511994] ✅ Saved: nist_libs_1.0_wt_CeCl3_and_4.5_wt_SrCl2_and_4.5_wt_YCl3.csv
[Run 3184/511994] ✅ Saved: nist_libs_1.0_wt_CeCl3_and_4.5_wt_SrCl2_and_5.0_wt_YCl3.csv
[Run 3185/511994] ✅ Saved: nist_libs_1.0_wt_CeCl3_and_5.0_wt_SrCl2_and_0.5_wt_YCl3.csv
[Run 3186/511994] ✅ Saved: nist_libs_1.0_wt_CeCl3_and_5.0_wt_SrCl2_and_1.0_wt_YCl3.csv
[Run 3187/511994] ✅ Saved: nist_libs_1.0_wt_CeCl3_and_5.0_wt_SrCl2_and_1.5_wt_YCl3.csv
[Run 3188/511994] ✅ Saved: nist_libs_1.0_wt_CeCl3_and_5.0_wt_SrCl2_and_2.0_wt_YCl3.csv
[Run 3189/511994] ✅ Saved: nist_libs_1.0_wt_CeCl3_and_5.0_wt_SrCl2_and_2.5_wt_YCl3.csv
[Run 3190/511994] ✅ Saved: nist_libs_1.0_wt_CeCl3_and_5.0_wt_SrCl2_and_3.0_wt_YCl3.csv
[Run 3191/511994] ✅ Saved: nist_libs_1.0_wt_CeCl3_and_5.0_wt_SrCl2_and_3.5_wt_YCl3.csv
[Run 3192/511994] ✅ Saved: nist_libs_1.0_wt_CeCl3_and_5.0_wt_SrCl2_and_4.0_wt_YCl3.csv
[Run 3193/511994] ✅ Saved: nist_libs_1.0_wt_CeCl3_and_5.0_wt_SrCl2_and_4.5_wt_YCl3.csv
[Run 3194/511994] ✅ Saved: nist_libs_1.0_wt_CeCl3_and_5.0_wt_SrCl2_and_5.0_wt_YCl3.csv
[Run 3195/511994] ✅ Saved: nist_libs_1.5_wt_CeCl3_and_0.5_wt_SrCl2_and_0.5_wt_YCl3.csv
[Run 3196/511994] ✅ Saved: nist_libs_1.5_wt_CeCl3_and_0.5_wt_SrCl2_and_1.0_wt_YCl3.csv
[Run 3197/511994] ✅ Saved: nist_libs_1.5_wt_CeCl3_and_0.5_wt_SrCl2_and_1.5_wt_YCl3.csv
[Run 3198/511994] ✅ Saved: nist_libs_1.5_wt_CeCl3_and_0.5_wt_SrCl2_and_2.0_wt_YCl3.csv
[Run 3199/511994] ✅ Saved: nist_libs_1.5_wt_CeCl3_and_0.5_wt_SrCl2_and_2.5_wt_YCl3.csv
[Run 3200/511994] ✅ Saved: nist_libs_1.5_wt_CeCl3_and_0.5_wt_SrCl2_and_3.0_wt_YCl3.csv
[Run 3201/511994] ✅ Saved: nist_libs_1.5_wt_CeCl3_and_0.5_wt_SrCl2_and_3.5_wt_YCl3.csv
[Run 3202/511994] ✅ Saved: nist_libs_1.5_wt_CeCl3_and_0.5_wt_SrCl2_and_4.0_wt_YCl3.csv
[Run 3203/511994] ✅ Saved: nist_libs_1.5_wt_CeCl3_and_0.5_wt_SrCl2_and_4.5_wt_YCl3.csv
[Run 3204/511994] ✅ Saved: nist_libs_1.5_wt_CeCl3_and_0.5_wt_SrCl2_and_5.0_wt_YCl3.csv
[Run 3205/511994] ✅ Saved: nist_libs_1.5_wt_CeCl3_and_1.0_wt_SrCl2_and_0.5_wt_YCl3.csv
[Run 3206/511994] ✅ Saved: nist_libs_1.5_wt_CeCl3_and_1.0_wt_SrCl2_and_1.0_wt_YCl3.csv
[Run 3207/511994] ✅ Saved: nist_libs_1.5_wt_CeCl3_and_1.0_wt_SrCl2_and_1.5_wt_YCl3.csv
[Run 3208/511994] ✅ Saved: nist_libs_1.5_wt_CeCl3_and_1.0_wt_SrCl2_and_2.0_wt_YCl3.csv
[Run 3209/511994] ✅ Saved: nist_libs_1.5_wt_CeCl3_and_1.0_wt_SrCl2_and_2.5_wt_YCl3.csv
[Run 3210/511994] ✅ Saved: nist_libs_1.5_wt_CeCl3_and_1.0_wt_SrCl2_and_3.0_wt_YCl3.csv
[Run 3211/511994] ✅ Saved: nist_libs_1.5_wt_CeCl3_and_1.0_wt_SrCl2_and_3.5_wt_YCl3.csv
[Run 3212/511994] ✅ Saved: nist_libs_1.5_wt_CeCl3_and_1.0_wt_SrCl2_and_4.0_wt_YCl3.csv
[Run 3213/511994] ✅ Saved: nist_libs_1.5_wt_CeCl3_and_1.0_wt_SrCl2_and_4.5_wt_YCl3.csv
[Run 3214/511994] ✅ Saved: nist_libs_1.5_wt_CeCl3_and_1.0_wt_SrCl2_and_5.0_wt_YCl3.csv
[Run 3215/511994] ✅ Saved: nist_libs_1.5_wt_CeCl3_and_1.5_wt_SrCl2_and_0.5_wt_YCl3.csv
[Run 3216/511994] ✅ Saved: nist_libs_1.5_wt_CeCl3_and_1.5_wt_SrCl2_and_1.0_wt_YCl3.csv
[Run 3217/511994] ✅ Saved: nist_libs_1.5_wt_CeCl3_and_1.5_wt_SrCl2_and_1.5_wt_YCl3.csv
[Run 3218/511994] ✅ Saved: nist_libs_1.5_wt_CeCl3_and_1.5_wt_SrCl2_and_2.0_wt_YCl3.csv
[Run 3219/511994] ✅ Saved: nist_libs_1.5_wt_CeCl3_and_1.5_wt_SrCl2_and_2.5_wt_YCl3.csv
[Run 3220/511994] ✅ Saved: nist_libs_1.5_wt_CeCl3_and_1.5_wt_SrCl2_and_3.0_wt_YCl3.csv
[Run 3221/511994] ✅ Saved: nist_libs_1.5_wt_CeCl3_and_1.5_wt_SrCl2_and_3.5_wt_YCl3.csv
[Run 3222/511994] ✅ Saved: nist_libs_1.5_wt_CeCl3_and_1.5_wt_SrCl2_and_4.0_wt_YCl3.csv
[Run 3223/511994] ✅ Saved: nist_libs_1.5_wt_CeCl3_and_1.5_wt_SrCl2_and_4.5_wt_YCl3.csv
[Run 3224/511994] ✅ Saved: nist_libs_1.5_wt_CeCl3_and_1.5_wt_SrCl2_and_5.0_wt_YCl3.csv
[Run 3225/511994] ✅ Saved: nist_libs_1.5_wt_CeCl3_and_2.0_wt_SrCl2_and_0.5_wt_YCl3.csv
[Run 3226/511994] ✅ Saved: nist_libs_1.5_wt_CeCl3_and_2.0_wt_SrCl2_and_1.0_wt_YCl3.csv
[Run 3227/511994] ✅ Saved: nist_libs_1.5_wt_CeCl3_and_2.0_wt_SrCl2_and_1.5_wt_YCl3.csv
[Run 3228/511994] ✅ Saved: nist_libs_1.5_wt_CeCl3_and_2.0_wt_SrCl2_and_2.0_wt_YCl3.csv
[Run 3229/511994] ✅ Saved: nist_libs_1.5_wt_CeCl3_and_2.0_wt_SrCl2_and_2.5_wt_YCl3.csv
[Run 3230/511994] ✅ Saved: nist_libs_1.5_wt_CeCl3_and_2.0_wt_SrCl2_and_3.0_wt_YCl3.csv
[Run 3231/511994] ✅ Saved: nist_libs_1.5_wt_CeCl3_and_2.0_wt_SrCl2_and_3.5_wt_YCl3.csv
[Run 3232/511994] ✅ Saved: nist_libs_1.5_wt_CeCl3_and_2.0_wt_SrCl2_and_4.0_wt_YCl3.csv
[Run 3233/511994] ✅ Saved: nist_libs_1.5_wt_CeCl3_and_2.0_wt_SrCl2_and_4.5_wt_YCl3.csv
[Run 3234/511994] ✅ Saved: nist_libs_1.5_wt_CeCl3_and_2.0_wt_SrCl2_and_5.0_wt_YCl3.csv
[Run 3235/511994] ✅ Saved: nist_libs_1.5_wt_CeCl3_and_2.5_wt_SrCl2_and_0.5_wt_YCl3.csv
[Run 3236/511994] ✅ Saved: nist_libs_1.5_wt_CeCl3_and_2.5_wt_SrCl2_and_1.0_wt_YCl3.csv
[Run 3237/511994] ✅ Saved: nist_libs_1.5_wt_CeCl3_and_2.5_wt_SrCl2_and_1.5_wt_YCl3.csv
[Run 3238/511994] ✅ Saved: nist_libs_1.5_wt_CeCl3_and_2.5_wt_SrCl2_and_2.0_wt_YCl3.csv
[Run 3239/511994] ✅ Saved: nist_libs_1.5_wt_CeCl3_and_2.5_wt_SrCl2_and_2.5_wt_YCl3.csv
[Run 3240/511994] ✅ Saved: nist_libs_1.5_wt_CeCl3_and_2.5_wt_SrCl2_and_3.0_wt_YCl3.csv
[Run 3242/511994] ✅ Saved: nist_libs_1.5_wt_CeCl3_and_2.5_wt_SrCl2_and_4.0_wt_YCl3.csv
[Run 3241/511994] ✅ Saved: nist_libs_1.5_wt_CeCl3_and_2.5_wt_SrCl2_and_3.5_wt_YCl3.csv
[Run 3243/511994] ✅ Saved: nist_libs_1.5_wt_CeCl3_and_2.5_wt_SrCl2_and_4.5_wt_YCl3.csv
[Run 3244/511994] ✅ Saved: nist_libs_1.5_wt_CeCl3_and_2.5_wt_SrCl2_and_5.0_wt_YCl3.csv
[Run 3245/511994] ✅ Saved: nist_libs_1.5_wt_CeCl3_and_3.0_wt_SrCl2_and_0.5_wt_YCl3.csv
[Run 3246/511994] ✅ Saved: nist_libs_1.5_wt_CeCl3_and_3.0_wt_SrCl2_and_1.0_wt_YCl3.csv
[Run 3247/511994] ✅ Saved: nist_libs_1.5_wt_CeCl3_and_3.0_wt_SrCl2_and_1.5_wt_YCl3.csv
[Run 3248/511994] ✅ Saved: nist_libs_1.5_wt_CeCl3_and_3.0_wt_SrCl2_and_2.0_wt_YCl3.csv
[Run 3249/511994] ✅ Saved: nist_libs_1.5_wt_CeCl3_and_3.0_wt_SrCl2_and_2.5_wt_YCl3.csv
[Run 3250/511994] ✅ Saved: nist_libs_1.5_wt_CeCl3_and_3.0_wt_SrCl2_and_3.0_wt_YCl3.csv
[Run 3252/511994] ✅ Saved: nist_libs_1.5_wt_CeCl3_and_3.0_wt_SrCl2_and_4.0_wt_YCl3.csv
[Run 3251/511994] ✅ Saved: nist_libs_1.5_wt_CeCl3_and_3.0_wt_SrCl2_and_3.5_wt_YCl3.csv
[Run 3253/511994] ✅ Saved: nist_libs_1.5_wt_CeCl3_and_3.0_wt_SrCl2_and_4.5_wt_YCl3.csv
[Run 3254/511994] ✅ Saved: nist_libs_1.5_wt_CeCl3_and_3.0_wt_SrCl2_and_5.0_wt_YCl3.csv
[Run 3255/511994] ✅ Saved: nist_libs_1.5_wt_CeCl3_and_3.5_wt_SrCl2_and_0.5_wt_YCl3.csv
[Run 3256/511994] ✅ Saved: nist_libs_1.5_wt_CeCl3_and_3.5_wt_SrCl2_and_1.0_wt_YCl3.csv
[Run 3257/511994] ✅ Saved: nist_libs_1.5_wt_CeCl3_and_3.5_wt_SrCl2_and_1.5_wt_YCl3.csv
[Run 3258/511994] ✅ Saved: nist_libs_1.5_wt_CeCl3_and_3.5_wt_SrCl2_and_2.0_wt_YCl3.csv
[Run 3259/511994] ✅ Saved: nist_libs_1.5_wt_CeCl3_and_3.5_wt_SrCl2_and_2.5_wt_YCl3.csv
[Run 3260/511994] ✅ Saved: nist_libs_1.5_wt_CeCl3_and_3.5_wt_SrCl2_and_3.0_wt_YCl3.csv
[Run 3261/511994] ✅ Saved: nist_libs_1.5_wt_CeCl3_and_3.5_wt_SrCl2_and_3.5_wt_YCl3.csv
[Run 3262/511994] ✅ Saved: nist_libs_1.5_wt_CeCl3_and_3.5_wt_SrCl2_and_4.0_wt_YCl3.csv
[Run 3264/511994] ✅ Saved: nist_libs_1.5_wt_CeCl3_and_3.5_wt_SrCl2_and_5.0_wt_YCl3.csv
[Run 3263/511994] ✅ Saved: nist_libs_1.5_wt_CeCl3_and_3.5_wt_SrCl2_and_4.5_wt_YCl3.csv
[Run 3265/511994] ✅ Saved: nist_libs_1.5_wt_CeCl3_and_4.0_wt_SrCl2_and_0.5_wt_YCl3.csv
[Run 3266/511994] ✅ Saved: nist_libs_1.5_wt_CeCl3_and_4.0_wt_SrCl2_and_1.0_wt_YCl3.csv
[Run 3268/511994] ✅ Saved: nist_libs_1.5_wt_CeCl3_and_4.0_wt_SrCl2_and_2.0_wt_YCl3.csv
[Run 3267/511994] ✅ Saved: nist_libs_1.5_wt_CeCl3_and_4.0_wt_SrCl2_and_1.5_wt_YCl3.csv
[Run 3269/511994] ✅ Saved: nist_libs_1.5_wt_CeCl3_and_4.0_wt_SrCl2_and_2.5_wt_YCl3.csv
[Run 3270/511994] ✅ Saved: nist_libs_1.5_wt_CeCl3_and_4.0_wt_SrCl2_and_3.0_wt_YCl3.csv
[Run 3271/511994] ✅ Saved: nist_libs_1.5_wt_CeCl3_and_4.0_wt_SrCl2_and_3.5_wt_YCl3.csv
[Run 3273/511994] ✅ Saved: nist_libs_1.5_wt_CeCl3_and_4.0_wt_SrCl2_and_4.5_wt_YCl3.csv
[Run 3272/511994] ✅ Saved: nist_libs_1.5_wt_CeCl3_and_4.0_wt_SrCl2_and_4.0_wt_YCl3.csv
[Run 3274/511994] ✅ Saved: nist_libs_1.5_wt_CeCl3_and_4.0_wt_SrCl2_and_5.0_wt_YCl3.csv
[Run 3276/511994] ✅ Saved: nist_libs_1.5_wt_CeCl3_and_4.5_wt_SrCl2_and_1.0_wt_YCl3.csv
[Run 3275/511994] ✅ Saved: nist_libs_1.5_wt_CeCl3_and_4.5_wt_SrCl2_and_0.5_wt_YCl3.csv
[Run 3277/511994] ✅ Saved: nist_libs_1.5_wt_CeCl3_and_4.5_wt_SrCl2_and_1.5_wt_YCl3.csv
[Run 3278/511994] ✅ Saved: nist_libs_1.5_wt_CeCl3_and_4.5_wt_SrCl2_and_2.0_wt_YCl3.csv
[Run 3279/511994] ✅ Saved: nist_libs_1.5_wt_CeCl3_and_4.5_wt_SrCl2_and_2.5_wt_YCl3.csv
[Run 3280/511994] ✅ Saved: nist_libs_1.5_wt_CeCl3_and_4.5_wt_SrCl2_and_3.0_wt_YCl3.csv
[Run 3282/511994] ✅ Saved: nist_libs_1.5_wt_CeCl3_and_4.5_wt_SrCl2_and_4.0_wt_YCl3.csv
[Run 3281/511994] ✅ Saved: nist_libs_1.5_wt_CeCl3_and_4.5_wt_SrCl2_and_3.5_wt_YCl3.csv
[Run 3283/511994] ✅ Saved: nist_libs_1.5_wt_CeCl3_and_4.5_wt_SrCl2_and_4.5_wt_YCl3.csv
[Run 3284/511994] ✅ Saved: nist_libs_1.5_wt_CeCl3_and_4.5_wt_SrCl2_and_5.0_wt_YCl3.csv
[Run 3286/511994] ✅ Saved: nist_libs_1.5_wt_CeCl3_and_5.0_wt_SrCl2_and_1.0_wt_YCl3.csv
[Run 3285/511994] ✅ Saved: nist_libs_1.5_wt_CeCl3_and_5.0_wt_SrCl2_and_0.5_wt_YCl3.csv
[Run 3287/511994] ✅ Saved: nist_libs_1.5_wt_CeCl3_and_5.0_wt_SrCl2_and_1.5_wt_YCl3.csv
[Run 3288/511994] ✅ Saved: nist_libs_1.5_wt_CeCl3_and_5.0_wt_SrCl2_and_2.0_wt_YCl3.csv
[Run 3289/511994] ✅ Saved: nist_libs_1.5_wt_CeCl3_and_5.0_wt_SrCl2_and_2.5_wt_YCl3.csv
[Run 3290/511994] ✅ Saved: nist_libs_1.5_wt_CeCl3_and_5.0_wt_SrCl2_and_3.0_wt_YCl3.csv
[Run 3291/511994] ✅ Saved: nist_libs_1.5_wt_CeCl3_and_5.0_wt_SrCl2_and_3.5_wt_YCl3.csv
[Run 3292/511994] ✅ Saved: nist_libs_1.5_wt_CeCl3_and_5.0_wt_SrCl2_and_4.0_wt_YCl3.csv
[Run 3294/511994] ✅ Saved: nist_libs_1.5_wt_CeCl3_and_5.0_wt_SrCl2_and_5.0_wt_YCl3.csv
[Run 3293/511994] ✅ Saved: nist_libs_1.5_wt_CeCl3_and_5.0_wt_SrCl2_and_4.5_wt_YCl3.csv
[Run 3296/511994] ✅ Saved: nist_libs_2.0_wt_CeCl3_and_0.5_wt_SrCl2_and_1.0_wt_YCl3.csv
[Run 3295/511994] ✅ Saved: nist_libs_2.0_wt_CeCl3_and_0.5_wt_SrCl2_and_0.5_wt_YCl3.csv
[Run 3297/511994] ✅ Saved: nist_libs_2.0_wt_CeCl3_and_0.5_wt_SrCl2_and_1.5_wt_YCl3.csv
[Run 3298/511994] ✅ Saved: nist_libs_2.0_wt_CeCl3_and_0.5_wt_SrCl2_and_2.0_wt_YCl3.csv
[Run 3299/511994] ✅ Saved: nist_libs_2.0_wt_CeCl3_and_0.5_wt_SrCl2_and_2.5_wt_YCl3.csv
[Run 3300/511994] ✅ Saved: nist_libs_2.0_wt_CeCl3_and_0.5_wt_SrCl2_and_3.0_wt_YCl3.csv
[Run 3301/511994] ✅ Saved: nist_libs_2.0_wt_CeCl3_and_0.5_wt_SrCl2_and_3.5_wt_YCl3.csv
[Run 3302/511994] ✅ Saved: nist_libs_2.0_wt_CeCl3_and_0.5_wt_SrCl2_and_4.0_wt_YCl3.csv
[Run 3303/511994] ✅ Saved: nist_libs_2.0_wt_CeCl3_and_0.5_wt_SrCl2_and_4.5_wt_YCl3.csv
[Run 3304/511994] ✅ Saved: nist_libs_2.0_wt_CeCl3_and_0.5_wt_SrCl2_and_5.0_wt_YCl3.csv
[Run 3305/511994] ✅ Saved: nist_libs_2.0_wt_CeCl3_and_1.0_wt_SrCl2_and_0.5_wt_YCl3.csv
[Run 3306/511994] ✅ Saved: nist_libs_2.0_wt_CeCl3_and_1.0_wt_SrCl2_and_1.0_wt_YCl3.csv
[Run 3307/511994] ✅ Saved: nist_libs_2.0_wt_CeCl3_and_1.0_wt_SrCl2_and_1.5_wt_YCl3.csv
[Run 3308/511994] ✅ Saved: nist_libs_2.0_wt_CeCl3_and_1.0_wt_SrCl2_and_2.0_wt_YCl3.csv
[Run 3310/511994] ✅ Saved: nist_libs_2.0_wt_CeCl3_and_1.0_wt_SrCl2_and_3.0_wt_YCl3.csv
[Run 3309/511994] ✅ Saved: nist_libs_2.0_wt_CeCl3_and_1.0_wt_SrCl2_and_2.5_wt_YCl3.csv
[Run 3311/511994] ✅ Saved: nist_libs_2.0_wt_CeCl3_and_1.0_wt_SrCl2_and_3.5_wt_YCl3.csv
[Run 3312/511994] ✅ Saved: nist_libs_2.0_wt_CeCl3_and_1.0_wt_SrCl2_and_4.0_wt_YCl3.csv
[Run 3314/511994] ✅ Saved: nist_libs_2.0_wt_CeCl3_and_1.0_wt_SrCl2_and_5.0_wt_YCl3.csv
[Run 3313/511994] ✅ Saved: nist_libs_2.0_wt_CeCl3_and_1.0_wt_SrCl2_and_4.5_wt_YCl3.csv
[Run 3315/511994] ✅ Saved: nist_libs_2.0_wt_CeCl3_and_1.5_wt_SrCl2_and_0.5_wt_YCl3.csv
[Run 3316/511994] ✅ Saved: nist_libs_2.0_wt_CeCl3_and_1.5_wt_SrCl2_and_1.0_wt_YCl3.csv
[Run 3317/511994] ✅ Saved: nist_libs_2.0_wt_CeCl3_and_1.5_wt_SrCl2_and_1.5_wt_YCl3.csv
[Run 3318/511994] ✅ Saved: nist_libs_2.0_wt_CeCl3_and_1.5_wt_SrCl2_and_2.0_wt_YCl3.csv
[Run 3319/511994] ✅ Saved: nist_libs_2.0_wt_CeCl3_and_1.5_wt_SrCl2_and_2.5_wt_YCl3.csv
[Run 3320/511994] ✅ Saved: nist_libs_2.0_wt_CeCl3_and_1.5_wt_SrCl2_and_3.0_wt_YCl3.csv
[Run 3321/511994] ✅ Saved: nist_libs_2.0_wt_CeCl3_and_1.5_wt_SrCl2_and_3.5_wt_YCl3.csv
[Run 3322/511994] ✅ Saved: nist_libs_2.0_wt_CeCl3_and_1.5_wt_SrCl2_and_4.0_wt_YCl3.csv
[Run 3323/511994] ✅ Saved: nist_libs_2.0_wt_CeCl3_and_1.5_wt_SrCl2_and_4.5_wt_YCl3.csv
[Run 3324/511994] ✅ Saved: nist_libs_2.0_wt_CeCl3_and_1.5_wt_SrCl2_and_5.0_wt_YCl3.csv
[Run 3325/511994] ✅ Saved: nist_libs_2.0_wt_CeCl3_and_2.0_wt_SrCl2_and_0.5_wt_YCl3.csv
[Run 3327/511994] ✅ Saved: nist_libs_2.0_wt_CeCl3_and_2.0_wt_SrCl2_and_1.5_wt_YCl3.csv
[Run 3326/511994] ✅ Saved: nist_libs_2.0_wt_CeCl3_and_2.0_wt_SrCl2_and_1.0_wt_YCl3.csv
[Run 3328/511994] ✅ Saved: nist_libs_2.0_wt_CeCl3_and_2.0_wt_SrCl2_and_2.0_wt_YCl3.csv
[Run 3329/511994] ✅ Saved: nist_libs_2.0_wt_CeCl3_and_2.0_wt_SrCl2_and_2.5_wt_YCl3.csv
[Run 3330/511994] ✅ Saved: nist_libs_2.0_wt_CeCl3_and_2.0_wt_SrCl2_and_3.0_wt_YCl3.csv
[Run 3331/511994] ✅ Saved: nist_libs_2.0_wt_CeCl3_and_2.0_wt_SrCl2_and_3.5_wt_YCl3.csv
[Run 3332/511994] ✅ Saved: nist_libs_2.0_wt_CeCl3_and_2.0_wt_SrCl2_and_4.0_wt_YCl3.csv
[Run 3333/511994] ✅ Saved: nist_libs_2.0_wt_CeCl3_and_2.0_wt_SrCl2_and_4.5_wt_YCl3.csv
[Run 3334/511994] ✅ Saved: nist_libs_2.0_wt_CeCl3_and_2.0_wt_SrCl2_and_5.0_wt_YCl3.csv
[Run 3335/511994] ✅ Saved: nist_libs_2.0_wt_CeCl3_and_2.5_wt_SrCl2_and_0.5_wt_YCl3.csv
[Run 3336/511994] ✅ Saved: nist_libs_2.0_wt_CeCl3_and_2.5_wt_SrCl2_and_1.0_wt_YCl3.csv
[Run 3337/511994] ✅ Saved: nist_libs_2.0_wt_CeCl3_and_2.5_wt_SrCl2_and_1.5_wt_YCl3.csv
[Run 3338/511994] ✅ Saved: nist_libs_2.0_wt_CeCl3_and_2.5_wt_SrCl2_and_2.0_wt_YCl3.csv
[Run 3339/511994] ✅ Saved: nist_libs_2.0_wt_CeCl3_and_2.5_wt_SrCl2_and_2.5_wt_YCl3.csv
[Run 3340/511994] ✅ Saved: nist_libs_2.0_wt_CeCl3_and_2.5_wt_SrCl2_and_3.0_wt_YCl3.csv
[Run 3341/511994] ✅ Saved: nist_libs_2.0_wt_CeCl3_and_2.5_wt_SrCl2_and_3.5_wt_YCl3.csv
[Run 3342/511994] ✅ Saved: nist_libs_2.0_wt_CeCl3_and_2.5_wt_SrCl2_and_4.0_wt_YCl3.csv
[Run 3343/511994] ✅ Saved: nist_libs_2.0_wt_CeCl3_and_2.5_wt_SrCl2_and_4.5_wt_YCl3.csv
[Run 3344/511994] ✅ Saved: nist_libs_2.0_wt_CeCl3_and_2.5_wt_SrCl2_and_5.0_wt_YCl3.csv
[Run 3345/511994] ✅ Saved: nist_libs_2.0_wt_CeCl3_and_3.0_wt_SrCl2_and_0.5_wt_YCl3.csv
[Run 3346/511994] ✅ Saved: nist_libs_2.0_wt_CeCl3_and_3.0_wt_SrCl2_and_1.0_wt_YCl3.csv
[Run 3348/511994] ✅ Saved: nist_libs_2.0_wt_CeCl3_and_3.0_wt_SrCl2_and_2.0_wt_YCl3.csv
[Run 3347/511994] ✅ Saved: nist_libs_2.0_wt_CeCl3_and_3.0_wt_SrCl2_and_1.5_wt_YCl3.csv
[Run 3349/511994] ✅ Saved: nist_libs_2.0_wt_CeCl3_and_3.0_wt_SrCl2_and_2.5_wt_YCl3.csv
[Run 3350/511994] ✅ Saved: nist_libs_2.0_wt_CeCl3_and_3.0_wt_SrCl2_and_3.0_wt_YCl3.csv
[Run 3351/511994] ✅ Saved: nist_libs_2.0_wt_CeCl3_and_3.0_wt_SrCl2_and_3.5_wt_YCl3.csv
[Run 3352/511994] ✅ Saved: nist_libs_2.0_wt_CeCl3_and_3.0_wt_SrCl2_and_4.0_wt_YCl3.csv
[Run 3353/511994] ✅ Saved: nist_libs_2.0_wt_CeCl3_and_3.0_wt_SrCl2_and_4.5_wt_YCl3.csv
[Run 3354/511994] ✅ Saved: nist_libs_2.0_wt_CeCl3_and_3.0_wt_SrCl2_and_5.0_wt_YCl3.csv
[Run 3355/511994] ✅ Saved: nist_libs_2.0_wt_CeCl3_and_3.5_wt_SrCl2_and_0.5_wt_YCl3.csv
[Run 3356/511994] ✅ Saved: nist_libs_2.0_wt_CeCl3_and_3.5_wt_SrCl2_and_1.0_wt_YCl3.csv
[Run 3357/511994] ✅ Saved: nist_libs_2.0_wt_CeCl3_and_3.5_wt_SrCl2_and_1.5_wt_YCl3.csv
[Run 3358/511994] ✅ Saved: nist_libs_2.0_wt_CeCl3_and_3.5_wt_SrCl2_and_2.0_wt_YCl3.csv
[Run 3359/511994] ✅ Saved: nist_libs_2.0_wt_CeCl3_and_3.5_wt_SrCl2_and_2.5_wt_YCl3.csv
[Run 3361/511994] ✅ Saved: nist_libs_2.0_wt_CeCl3_and_3.5_wt_SrCl2_and_3.5_wt_YCl3.csv
[Run 3360/511994] ✅ Saved: nist_libs_2.0_wt_CeCl3_and_3.5_wt_SrCl2_and_3.0_wt_YCl3.csv
[Run 3362/511994] ✅ Saved: nist_libs_2.0_wt_CeCl3_and_3.5_wt_SrCl2_and_4.0_wt_YCl3.csv
[Run 3363/511994] ✅ Saved: nist_libs_2.0_wt_CeCl3_and_3.5_wt_SrCl2_and_4.5_wt_YCl3.csv
[Run 3364/511994] ✅ Saved: nist_libs_2.0_wt_CeCl3_and_3.5_wt_SrCl2_and_5.0_wt_YCl3.csv
[Run 3366/511994] ✅ Saved: nist_libs_2.0_wt_CeCl3_and_4.0_wt_SrCl2_and_1.0_wt_YCl3.csv
[Run 3365/511994] ✅ Saved: nist_libs_2.0_wt_CeCl3_and_4.0_wt_SrCl2_and_0.5_wt_YCl3.csv
[Run 3367/511994] ✅ Saved: nist_libs_2.0_wt_CeCl3_and_4.0_wt_SrCl2_and_1.5_wt_YCl3.csv
[Run 3368/511994] ✅ Saved: nist_libs_2.0_wt_CeCl3_and_4.0_wt_SrCl2_and_2.0_wt_YCl3.csv
[Run 3369/511994] ✅ Saved: nist_libs_2.0_wt_CeCl3_and_4.0_wt_SrCl2_and_2.5_wt_YCl3.csv
[Run 3370/511994] ✅ Saved: nist_libs_2.0_wt_CeCl3_and_4.0_wt_SrCl2_and_3.0_wt_YCl3.csv
[Run 3371/511994] ✅ Saved: nist_libs_2.0_wt_CeCl3_and_4.0_wt_SrCl2_and_3.5_wt_YCl3.csv
[Run 3372/511994] ✅ Saved: nist_libs_2.0_wt_CeCl3_and_4.0_wt_SrCl2_and_4.0_wt_YCl3.csv
[Run 3373/511994] ✅ Saved: nist_libs_2.0_wt_CeCl3_and_4.0_wt_SrCl2_and_4.5_wt_YCl3.csv
[Run 3374/511994] ✅ Saved: nist_libs_2.0_wt_CeCl3_and_4.0_wt_SrCl2_and_5.0_wt_YCl3.csv
[Run 3375/511994] ✅ Saved: nist_libs_2.0_wt_CeCl3_and_4.5_wt_SrCl2_and_0.5_wt_YCl3.csv
[Run 3376/511994] ✅ Saved: nist_libs_2.0_wt_CeCl3_and_4.5_wt_SrCl2_and_1.0_wt_YCl3.csv
[Run 3377/511994] ✅ Saved: nist_libs_2.0_wt_CeCl3_and_4.5_wt_SrCl2_and_1.5_wt_YCl3.csv
[Run 3378/511994] ✅ Saved: nist_libs_2.0_wt_CeCl3_and_4.5_wt_SrCl2_and_2.0_wt_YCl3.csv
[Run 3379/511994] ✅ Saved: nist_libs_2.0_wt_CeCl3_and_4.5_wt_SrCl2_and_2.5_wt_YCl3.csv
[Run 3380/511994] ✅ Saved: nist_libs_2.0_wt_CeCl3_and_4.5_wt_SrCl2_and_3.0_wt_YCl3.csv
[Run 3381/511994] ✅ Saved: nist_libs_2.0_wt_CeCl3_and_4.5_wt_SrCl2_and_3.5_wt_YCl3.csv
[Run 3382/511994] ✅ Saved: nist_libs_2.0_wt_CeCl3_and_4.5_wt_SrCl2_and_4.0_wt_YCl3.csv
[Run 3383/511994] ✅ Saved: nist_libs_2.0_wt_CeCl3_and_4.5_wt_SrCl2_and_4.5_wt_YCl3.csv
[Run 3384/511994] ✅ Saved: nist_libs_2.0_wt_CeCl3_and_4.5_wt_SrCl2_and_5.0_wt_YCl3.csv
[Run 3385/511994] ✅ Saved: nist_libs_2.0_wt_CeCl3_and_5.0_wt_SrCl2_and_0.5_wt_YCl3.csv
[Run 3386/511994] ✅ Saved: nist_libs_2.0_wt_CeCl3_and_5.0_wt_SrCl2_and_1.0_wt_YCl3.csv
[Run 3387/511994] ✅ Saved: nist_libs_2.0_wt_CeCl3_and_5.0_wt_SrCl2_and_1.5_wt_YCl3.csv
[Run 3388/511994] ✅ Saved: nist_libs_2.0_wt_CeCl3_and_5.0_wt_SrCl2_and_2.0_wt_YCl3.csv
[Run 3389/511994] ✅ Saved: nist_libs_2.0_wt_CeCl3_and_5.0_wt_SrCl2_and_2.5_wt_YCl3.csv
[Run 3390/511994] ✅ Saved: nist_libs_2.0_wt_CeCl3_and_5.0_wt_SrCl2_and_3.0_wt_YCl3.csv
[Run 3391/511994] ✅ Saved: nist_libs_2.0_wt_CeCl3_and_5.0_wt_SrCl2_and_3.5_wt_YCl3.csv
[Run 3392/511994] ✅ Saved: nist_libs_2.0_wt_CeCl3_and_5.0_wt_SrCl2_and_4.0_wt_YCl3.csv
[Run 3393/511994] ✅ Saved: nist_libs_2.0_wt_CeCl3_and_5.0_wt_SrCl2_and_4.5_wt_YCl3.csv
[Run 3394/511994] ✅ Saved: nist_libs_2.0_wt_CeCl3_and_5.0_wt_SrCl2_and_5.0_wt_YCl3.csv
[Run 3395/511994] ✅ Saved: nist_libs_2.5_wt_CeCl3_and_0.5_wt_SrCl2_and_0.5_wt_YCl3.csv
[Run 3396/511994] ✅ Saved: nist_libs_2.5_wt_CeCl3_and_0.5_wt_SrCl2_and_1.0_wt_YCl3.csv
[Run 3397/511994] ✅ Saved: nist_libs_2.5_wt_CeCl3_and_0.5_wt_SrCl2_and_1.5_wt_YCl3.csv
[Run 3398/511994] ✅ Saved: nist_libs_2.5_wt_CeCl3_and_0.5_wt_SrCl2_and_2.0_wt_YCl3.csv
[Run 3399/511994] ✅ Saved: nist_libs_2.5_wt_CeCl3_and_0.5_wt_SrCl2_and_2.5_wt_YCl3.csv
[Run 3400/511994] ✅ Saved: nist_libs_2.5_wt_CeCl3_and_0.5_wt_SrCl2_and_3.0_wt_YCl3.csv
[Run 3401/511994] ✅ Saved: nist_libs_2.5_wt_CeCl3_and_0.5_wt_SrCl2_and_3.5_wt_YCl3.csv
[Run 3402/511994] ✅ Saved: nist_libs_2.5_wt_CeCl3_and_0.5_wt_SrCl2_and_4.0_wt_YCl3.csv
[Run 3403/511994] ✅ Saved: nist_libs_2.5_wt_CeCl3_and_0.5_wt_SrCl2_and_4.5_wt_YCl3.csv
[Run 3404/511994] ✅ Saved: nist_libs_2.5_wt_CeCl3_and_0.5_wt_SrCl2_and_5.0_wt_YCl3.csv
[Run 3405/511994] ✅ Saved: nist_libs_2.5_wt_CeCl3_and_1.0_wt_SrCl2_and_0.5_wt_YCl3.csv
[Run 3406/511994] ✅ Saved: nist_libs_2.5_wt_CeCl3_and_1.0_wt_SrCl2_and_1.0_wt_YCl3.csv
[Run 3407/511994] ✅ Saved: nist_libs_2.5_wt_CeCl3_and_1.0_wt_SrCl2_and_1.5_wt_YCl3.csv
[Run 3408/511994] ✅ Saved: nist_libs_2.5_wt_CeCl3_and_1.0_wt_SrCl2_and_2.0_wt_YCl3.csv
[Run 3409/511994] ✅ Saved: nist_libs_2.5_wt_CeCl3_and_1.0_wt_SrCl2_and_2.5_wt_YCl3.csv
[Run 3410/511994] ✅ Saved: nist_libs_2.5_wt_CeCl3_and_1.0_wt_SrCl2_and_3.0_wt_YCl3.csv
[Run 3411/511994] ✅ Saved: nist_libs_2.5_wt_CeCl3_and_1.0_wt_SrCl2_and_3.5_wt_YCl3.csv
[Run 3412/511994] ✅ Saved: nist_libs_2.5_wt_CeCl3_and_1.0_wt_SrCl2_and_4.0_wt_YCl3.csv
[Run 3413/511994] ✅ Saved: nist_libs_2.5_wt_CeCl3_and_1.0_wt_SrCl2_and_4.5_wt_YCl3.csv
[Run 3414/511994] ✅ Saved: nist_libs_2.5_wt_CeCl3_and_1.0_wt_SrCl2_and_5.0_wt_YCl3.csv
[Run 3415/511994] ✅ Saved: nist_libs_2.5_wt_CeCl3_and_1.5_wt_SrCl2_and_0.5_wt_YCl3.csv
[Run 3416/511994] ✅ Saved: nist_libs_2.5_wt_CeCl3_and_1.5_wt_SrCl2_and_1.0_wt_YCl3.csv
[Run 3417/511994] ✅ Saved: nist_libs_2.5_wt_CeCl3_and_1.5_wt_SrCl2_and_1.5_wt_YCl3.csv
[Run 3418/511994] ✅ Saved: nist_libs_2.5_wt_CeCl3_and_1.5_wt_SrCl2_and_2.0_wt_YCl3.csv
[Run 3419/511994] ✅ Saved: nist_libs_2.5_wt_CeCl3_and_1.5_wt_SrCl2_and_2.5_wt_YCl3.csv
[Run 3420/511994] ✅ Saved: nist_libs_2.5_wt_CeCl3_and_1.5_wt_SrCl2_and_3.0_wt_YCl3.csv
[Run 3421/511994] ✅ Saved: nist_libs_2.5_wt_CeCl3_and_1.5_wt_SrCl2_and_3.5_wt_YCl3.csv
[Run 3422/511994] ✅ Saved: nist_libs_2.5_wt_CeCl3_and_1.5_wt_SrCl2_and_4.0_wt_YCl3.csv
[Run 3423/511994] ✅ Saved: nist_libs_2.5_wt_CeCl3_and_1.5_wt_SrCl2_and_4.5_wt_YCl3.csv
[Run 3424/511994] ✅ Saved: nist_libs_2.5_wt_CeCl3_and_1.5_wt_SrCl2_and_5.0_wt_YCl3.csv
[Run 3425/511994] ✅ Saved: nist_libs_2.5_wt_CeCl3_and_2.0_wt_SrCl2_and_0.5_wt_YCl3.csv
[Run 3426/511994] ✅ Saved: nist_libs_2.5_wt_CeCl3_and_2.0_wt_SrCl2_and_1.0_wt_YCl3.csv
[Run 3428/511994] ✅ Saved: nist_libs_2.5_wt_CeCl3_and_2.0_wt_SrCl2_and_2.0_wt_YCl3.csv
[Run 3427/511994] ✅ Saved: nist_libs_2.5_wt_CeCl3_and_2.0_wt_SrCl2_and_1.5_wt_YCl3.csv
[Run 3429/511994] ✅ Saved: nist_libs_2.5_wt_CeCl3_and_2.0_wt_SrCl2_and_2.5_wt_YCl3.csv
[Run 3430/511994] ✅ Saved: nist_libs_2.5_wt_CeCl3_and_2.0_wt_SrCl2_and_3.0_wt_YCl3.csv
[Run 3431/511994] ✅ Saved: nist_libs_2.5_wt_CeCl3_and_2.0_wt_SrCl2_and_3.5_wt_YCl3.csv
[Run 3432/511994] ✅ Saved: nist_libs_2.5_wt_CeCl3_and_2.0_wt_SrCl2_and_4.0_wt_YCl3.csv
[Run 3433/511994] ✅ Saved: nist_libs_2.5_wt_CeCl3_and_2.0_wt_SrCl2_and_4.5_wt_YCl3.csv
[Run 3434/511994] ✅ Saved: nist_libs_2.5_wt_CeCl3_and_2.0_wt_SrCl2_and_5.0_wt_YCl3.csv
[Run 3435/511994] ✅ Saved: nist_libs_2.5_wt_CeCl3_and_2.5_wt_SrCl2_and_0.5_wt_YCl3.csv
[Run 3436/511994] ✅ Saved: nist_libs_2.5_wt_CeCl3_and_2.5_wt_SrCl2_and_1.0_wt_YCl3.csv
[Run 3437/511994] ✅ Saved: nist_libs_2.5_wt_CeCl3_and_2.5_wt_SrCl2_and_1.5_wt_YCl3.csv
[Run 3438/511994] ✅ Saved: nist_libs_2.5_wt_CeCl3_and_2.5_wt_SrCl2_and_2.0_wt_YCl3.csv
[Run 3439/511994] ✅ Saved: nist_libs_2.5_wt_CeCl3_and_2.5_wt_SrCl2_and_2.5_wt_YCl3.csv
[Run 3440/511994] ✅ Saved: nist_libs_2.5_wt_CeCl3_and_2.5_wt_SrCl2_and_3.0_wt_YCl3.csv
[Run 3441/511994] ✅ Saved: nist_libs_2.5_wt_CeCl3_and_2.5_wt_SrCl2_and_3.5_wt_YCl3.csv
[Run 3442/511994] ✅ Saved: nist_libs_2.5_wt_CeCl3_and_2.5_wt_SrCl2_and_4.0_wt_YCl3.csv
[Run 3443/511994] ✅ Saved: nist_libs_2.5_wt_CeCl3_and_2.5_wt_SrCl2_and_4.5_wt_YCl3.csv
[Run 3444/511994] ✅ Saved: nist_libs_2.5_wt_CeCl3_and_2.5_wt_SrCl2_and_5.0_wt_YCl3.csv
[Run 3446/511994] ✅ Saved: nist_libs_2.5_wt_CeCl3_and_3.0_wt_SrCl2_and_1.0_wt_YCl3.csv
[Run 3445/511994] ✅ Saved: nist_libs_2.5_wt_CeCl3_and_3.0_wt_SrCl2_and_0.5_wt_YCl3.csv
[Run 3447/511994] ✅ Saved: nist_libs_2.5_wt_CeCl3_and_3.0_wt_SrCl2_and_1.5_wt_YCl3.csv
[Run 3448/511994] ✅ Saved: nist_libs_2.5_wt_CeCl3_and_3.0_wt_SrCl2_and_2.0_wt_YCl3.csv
[Run 3449/511994] ✅ Saved: nist_libs_2.5_wt_CeCl3_and_3.0_wt_SrCl2_and_2.5_wt_YCl3.csv
[Run 3450/511994] ✅ Saved: nist_libs_2.5_wt_CeCl3_and_3.0_wt_SrCl2_and_3.0_wt_YCl3.csv
[Run 3451/511994] ✅ Saved: nist_libs_2.5_wt_CeCl3_and_3.0_wt_SrCl2_and_3.5_wt_YCl3.csv
[Run 3452/511994] ✅ Saved: nist_libs_2.5_wt_CeCl3_and_3.0_wt_SrCl2_and_4.0_wt_YCl3.csv
[Run 3453/511994] ✅ Saved: nist_libs_2.5_wt_CeCl3_and_3.0_wt_SrCl2_and_4.5_wt_YCl3.csv
[Run 3454/511994] ✅ Saved: nist_libs_2.5_wt_CeCl3_and_3.0_wt_SrCl2_and_5.0_wt_YCl3.csv
[Run 3455/511994] ✅ Saved: nist_libs_2.5_wt_CeCl3_and_3.5_wt_SrCl2_and_0.5_wt_YCl3.csv
[Run 3456/511994] ✅ Saved: nist_libs_2.5_wt_CeCl3_and_3.5_wt_SrCl2_and_1.0_wt_YCl3.csv
[Run 3457/511994] ✅ Saved: nist_libs_2.5_wt_CeCl3_and_3.5_wt_SrCl2_and_1.5_wt_YCl3.csv
[Run 3458/511994] ✅ Saved: nist_libs_2.5_wt_CeCl3_and_3.5_wt_SrCl2_and_2.0_wt_YCl3.csv
[Run 3459/511994] ✅ Saved: nist_libs_2.5_wt_CeCl3_and_3.5_wt_SrCl2_and_2.5_wt_YCl3.csv
[Run 3460/511994] ✅ Saved: nist_libs_2.5_wt_CeCl3_and_3.5_wt_SrCl2_and_3.0_wt_YCl3.csv
[Run 3461/511994] ✅ Saved: nist_libs_2.5_wt_CeCl3_and_3.5_wt_SrCl2_and_3.5_wt_YCl3.csv
[Run 3462/511994] ✅ Saved: nist_libs_2.5_wt_CeCl3_and_3.5_wt_SrCl2_and_4.0_wt_YCl3.csv
[Run 3463/511994] ✅ Saved: nist_libs_2.5_wt_CeCl3_and_3.5_wt_SrCl2_and_4.5_wt_YCl3.csv
[Run 3464/511994] ✅ Saved: nist_libs_2.5_wt_CeCl3_and_3.5_wt_SrCl2_and_5.0_wt_YCl3.csv
[Run 3465/511994] ✅ Saved: nist_libs_2.5_wt_CeCl3_and_4.0_wt_SrCl2_and_0.5_wt_YCl3.csv
[Run 3466/511994] ✅ Saved: nist_libs_2.5_wt_CeCl3_and_4.0_wt_SrCl2_and_1.0_wt_YCl3.csv
[Run 3467/511994] ✅ Saved: nist_libs_2.5_wt_CeCl3_and_4.0_wt_SrCl2_and_1.5_wt_YCl3.csv
[Run 3468/511994] ✅ Saved: nist_libs_2.5_wt_CeCl3_and_4.0_wt_SrCl2_and_2.0_wt_YCl3.csv
[Run 3469/511994] ✅ Saved: nist_libs_2.5_wt_CeCl3_and_4.0_wt_SrCl2_and_2.5_wt_YCl3.csv
[Run 3470/511994] ✅ Saved: nist_libs_2.5_wt_CeCl3_and_4.0_wt_SrCl2_and_3.0_wt_YCl3.csv
[Run 3471/511994] ✅ Saved: nist_libs_2.5_wt_CeCl3_and_4.0_wt_SrCl2_and_3.5_wt_YCl3.csv
[Run 3472/511994] ✅ Saved: nist_libs_2.5_wt_CeCl3_and_4.0_wt_SrCl2_and_4.0_wt_YCl3.csv
[Run 3473/511994] ✅ Saved: nist_libs_2.5_wt_CeCl3_and_4.0_wt_SrCl2_and_4.5_wt_YCl3.csv
[Run 3474/511994] ✅ Saved: nist_libs_2.5_wt_CeCl3_and_4.0_wt_SrCl2_and_5.0_wt_YCl3.csv
[Run 3475/511994] ✅ Saved: nist_libs_2.5_wt_CeCl3_and_4.5_wt_SrCl2_and_0.5_wt_YCl3.csv
[Run 3476/511994] ✅ Saved: nist_libs_2.5_wt_CeCl3_and_4.5_wt_SrCl2_and_1.0_wt_YCl3.csv
[Run 3478/511994] ✅ Saved: nist_libs_2.5_wt_CeCl3_and_4.5_wt_SrCl2_and_2.0_wt_YCl3.csv
[Run 3479/511994] ✅ Saved: nist_libs_2.5_wt_CeCl3_and_4.5_wt_SrCl2_and_2.5_wt_YCl3.csv
[Run 3477/511994] ✅ Saved: nist_libs_2.5_wt_CeCl3_and_4.5_wt_SrCl2_and_1.5_wt_YCl3.csv
[Run 3480/511994] ✅ Saved: nist_libs_2.5_wt_CeCl3_and_4.5_wt_SrCl2_and_3.0_wt_YCl3.csv
[Run 3481/511994] ✅ Saved: nist_libs_2.5_wt_CeCl3_and_4.5_wt_SrCl2_and_3.5_wt_YCl3.csv
[Run 3482/511994] ✅ Saved: nist_libs_2.5_wt_CeCl3_and_4.5_wt_SrCl2_and_4.0_wt_YCl3.csv
[Run 3483/511994] ✅ Saved: nist_libs_2.5_wt_CeCl3_and_4.5_wt_SrCl2_and_4.5_wt_YCl3.csv
[Run 3484/511994] ✅ Saved: nist_libs_2.5_wt_CeCl3_and_4.5_wt_SrCl2_and_5.0_wt_YCl3.csv
[Run 3485/511994] ✅ Saved: nist_libs_2.5_wt_CeCl3_and_5.0_wt_SrCl2_and_0.5_wt_YCl3.csv
[Run 3486/511994] ✅ Saved: nist_libs_2.5_wt_CeCl3_and_5.0_wt_SrCl2_and_1.0_wt_YCl3.csv
[Run 3488/511994] ✅ Saved: nist_libs_2.5_wt_CeCl3_and_5.0_wt_SrCl2_and_2.0_wt_YCl3.csv
[Run 3487/511994] ✅ Saved: nist_libs_2.5_wt_CeCl3_and_5.0_wt_SrCl2_and_1.5_wt_YCl3.csv
[Run 3489/511994] ✅ Saved: nist_libs_2.5_wt_CeCl3_and_5.0_wt_SrCl2_and_2.5_wt_YCl3.csv
[Run 3490/511994] ✅ Saved: nist_libs_2.5_wt_CeCl3_and_5.0_wt_SrCl2_and_3.0_wt_YCl3.csv
[Run 3491/511994] ✅ Saved: nist_libs_2.5_wt_CeCl3_and_5.0_wt_SrCl2_and_3.5_wt_YCl3.csv
[Run 3492/511994] ✅ Saved: nist_libs_2.5_wt_CeCl3_and_5.0_wt_SrCl2_and_4.0_wt_YCl3.csv
[Run 3493/511994] ✅ Saved: nist_libs_2.5_wt_CeCl3_and_5.0_wt_SrCl2_and_4.5_wt_YCl3.csv
[Run 3494/511994] ✅ Saved: nist_libs_2.5_wt_CeCl3_and_5.0_wt_SrCl2_and_5.0_wt_YCl3.csv
[Run 3495/511994] ✅ Saved: nist_libs_3.0_wt_CeCl3_and_0.5_wt_SrCl2_and_0.5_wt_YCl3.csv
[Run 3496/511994] ✅ Saved: nist_libs_3.0_wt_CeCl3_and_0.5_wt_SrCl2_and_1.0_wt_YCl3.csv
[Run 3497/511994] ✅ Saved: nist_libs_3.0_wt_CeCl3_and_0.5_wt_SrCl2_and_1.5_wt_YCl3.csv
[Run 3498/511994] ✅ Saved: nist_libs_3.0_wt_CeCl3_and_0.5_wt_SrCl2_and_2.0_wt_YCl3.csv
[Run 3499/511994] ✅ Saved: nist_libs_3.0_wt_CeCl3_and_0.5_wt_SrCl2_and_2.5_wt_YCl3.csv
[Run 3500/511994] ✅ Saved: nist_libs_3.0_wt_CeCl3_and_0.5_wt_SrCl2_and_3.0_wt_YCl3.csv
[Run 3501/511994] ✅ Saved: nist_libs_3.0_wt_CeCl3_and_0.5_wt_SrCl2_and_3.5_wt_YCl3.csv
[Run 3502/511994] ✅ Saved: nist_libs_3.0_wt_CeCl3_and_0.5_wt_SrCl2_and_4.0_wt_YCl3.csv
[Run 3503/511994] ✅ Saved: nist_libs_3.0_wt_CeCl3_and_0.5_wt_SrCl2_and_4.5_wt_YCl3.csv
[Run 3504/511994] ✅ Saved: nist_libs_3.0_wt_CeCl3_and_0.5_wt_SrCl2_and_5.0_wt_YCl3.csv
[Run 3505/511994] ✅ Saved: nist_libs_3.0_wt_CeCl3_and_1.0_wt_SrCl2_and_0.5_wt_YCl3.csv
[Run 3506/511994] ✅ Saved: nist_libs_3.0_wt_CeCl3_and_1.0_wt_SrCl2_and_1.0_wt_YCl3.csv
[Run 3507/511994] ✅ Saved: nist_libs_3.0_wt_CeCl3_and_1.0_wt_SrCl2_and_1.5_wt_YCl3.csv
[Run 3508/511994] ✅ Saved: nist_libs_3.0_wt_CeCl3_and_1.0_wt_SrCl2_and_2.0_wt_YCl3.csv
[Run 3509/511994] ✅ Saved: nist_libs_3.0_wt_CeCl3_and_1.0_wt_SrCl2_and_2.5_wt_YCl3.csv
[Run 3510/511994] ✅ Saved: nist_libs_3.0_wt_CeCl3_and_1.0_wt_SrCl2_and_3.0_wt_YCl3.csv
[Run 3511/511994] ✅ Saved: nist_libs_3.0_wt_CeCl3_and_1.0_wt_SrCl2_and_3.5_wt_YCl3.csv
[Run 3512/511994] ✅ Saved: nist_libs_3.0_wt_CeCl3_and_1.0_wt_SrCl2_and_4.0_wt_YCl3.csv
[Run 3513/511994] ✅ Saved: nist_libs_3.0_wt_CeCl3_and_1.0_wt_SrCl2_and_4.5_wt_YCl3.csv
[Run 3514/511994] ✅ Saved: nist_libs_3.0_wt_CeCl3_and_1.0_wt_SrCl2_and_5.0_wt_YCl3.csv
[Run 3515/511994] ✅ Saved: nist_libs_3.0_wt_CeCl3_and_1.5_wt_SrCl2_and_0.5_wt_YCl3.csv
[Run 3516/511994] ✅ Saved: nist_libs_3.0_wt_CeCl3_and_1.5_wt_SrCl2_and_1.0_wt_YCl3.csv
[Run 3517/511994] ✅ Saved: nist_libs_3.0_wt_CeCl3_and_1.5_wt_SrCl2_and_1.5_wt_YCl3.csv
[Run 3518/511994] ✅ Saved: nist_libs_3.0_wt_CeCl3_and_1.5_wt_SrCl2_and_2.0_wt_YCl3.csv
[Run 3519/511994] ✅ Saved: nist_libs_3.0_wt_CeCl3_and_1.5_wt_SrCl2_and_2.5_wt_YCl3.csv
[Run 3520/511994] ✅ Saved: nist_libs_3.0_wt_CeCl3_and_1.5_wt_SrCl2_and_3.0_wt_YCl3.csv
[Run 3521/511994] ✅ Saved: nist_libs_3.0_wt_CeCl3_and_1.5_wt_SrCl2_and_3.5_wt_YCl3.csv
[Run 3522/511994] ✅ Saved: nist_libs_3.0_wt_CeCl3_and_1.5_wt_SrCl2_and_4.0_wt_YCl3.csv
[Run 3523/511994] ✅ Saved: nist_libs_3.0_wt_CeCl3_and_1.5_wt_SrCl2_and_4.5_wt_YCl3.csv
[Run 3524/511994] ✅ Saved: nist_libs_3.0_wt_CeCl3_and_1.5_wt_SrCl2_and_5.0_wt_YCl3.csv
[Run 3525/511994] ✅ Saved: nist_libs_3.0_wt_CeCl3_and_2.0_wt_SrCl2_and_0.5_wt_YCl3.csv
[Run 3526/511994] ✅ Saved: nist_libs_3.0_wt_CeCl3_and_2.0_wt_SrCl2_and_1.0_wt_YCl3.csv
[Run 3527/511994] ✅ Saved: nist_libs_3.0_wt_CeCl3_and_2.0_wt_SrCl2_and_1.5_wt_YCl3.csv
[Run 3528/511994] ✅ Saved: nist_libs_3.0_wt_CeCl3_and_2.0_wt_SrCl2_and_2.0_wt_YCl3.csv
[Run 3529/511994] ✅ Saved: nist_libs_3.0_wt_CeCl3_and_2.0_wt_SrCl2_and_2.5_wt_YCl3.csv
[Run 3530/511994] ✅ Saved: nist_libs_3.0_wt_CeCl3_and_2.0_wt_SrCl2_and_3.0_wt_YCl3.csv
[Run 3531/511994] ✅ Saved: nist_libs_3.0_wt_CeCl3_and_2.0_wt_SrCl2_and_3.5_wt_YCl3.csv
[Run 3532/511994] ✅ Saved: nist_libs_3.0_wt_CeCl3_and_2.0_wt_SrCl2_and_4.0_wt_YCl3.csv
[Run 3533/511994] ✅ Saved: nist_libs_3.0_wt_CeCl3_and_2.0_wt_SrCl2_and_4.5_wt_YCl3.csv
[Run 3534/511994] ✅ Saved: nist_libs_3.0_wt_CeCl3_and_2.0_wt_SrCl2_and_5.0_wt_YCl3.csv
[Run 3535/511994] ✅ Saved: nist_libs_3.0_wt_CeCl3_and_2.5_wt_SrCl2_and_0.5_wt_YCl3.csv
[Run 3536/511994] ✅ Saved: nist_libs_3.0_wt_CeCl3_and_2.5_wt_SrCl2_and_1.0_wt_YCl3.csv
[Run 3537/511994] ✅ Saved: nist_libs_3.0_wt_CeCl3_and_2.5_wt_SrCl2_and_1.5_wt_YCl3.csv
[Run 3539/511994] ✅ Saved: nist_libs_3.0_wt_CeCl3_and_2.5_wt_SrCl2_and_2.5_wt_YCl3.csv
[Run 3538/511994] ✅ Saved: nist_libs_3.0_wt_CeCl3_and_2.5_wt_SrCl2_and_2.0_wt_YCl3.csv
[Run 3540/511994] ✅ Saved: nist_libs_3.0_wt_CeCl3_and_2.5_wt_SrCl2_and_3.0_wt_YCl3.csv
[Run 3541/511994] ✅ Saved: nist_libs_3.0_wt_CeCl3_and_2.5_wt_SrCl2_and_3.5_wt_YCl3.csv
[Run 3542/511994] ✅ Saved: nist_libs_3.0_wt_CeCl3_and_2.5_wt_SrCl2_and_4.0_wt_YCl3.csv
[Run 3543/511994] ✅ Saved: nist_libs_3.0_wt_CeCl3_and_2.5_wt_SrCl2_and_4.5_wt_YCl3.csv
[Run 3544/511994] ✅ Saved: nist_libs_3.0_wt_CeCl3_and_2.5_wt_SrCl2_and_5.0_wt_YCl3.csv
[Run 3545/511994] ✅ Saved: nist_libs_3.0_wt_CeCl3_and_3.0_wt_SrCl2_and_0.5_wt_YCl3.csv
[Run 3546/511994] ✅ Saved: nist_libs_3.0_wt_CeCl3_and_3.0_wt_SrCl2_and_1.0_wt_YCl3.csv
[Run 3547/511994] ✅ Saved: nist_libs_3.0_wt_CeCl3_and_3.0_wt_SrCl2_and_1.5_wt_YCl3.csv
[Run 3548/511994] ✅ Saved: nist_libs_3.0_wt_CeCl3_and_3.0_wt_SrCl2_and_2.0_wt_YCl3.csv
[Run 3549/511994] ✅ Saved: nist_libs_3.0_wt_CeCl3_and_3.0_wt_SrCl2_and_2.5_wt_YCl3.csv
[Run 3550/511994] ✅ Saved: nist_libs_3.0_wt_CeCl3_and_3.0_wt_SrCl2_and_3.0_wt_YCl3.csv
[Run 3552/511994] ✅ Saved: nist_libs_3.0_wt_CeCl3_and_3.0_wt_SrCl2_and_4.0_wt_YCl3.csv
[Run 3551/511994] ✅ Saved: nist_libs_3.0_wt_CeCl3_and_3.0_wt_SrCl2_and_3.5_wt_YCl3.csv
[Run 3553/511994] ✅ Saved: nist_libs_3.0_wt_CeCl3_and_3.0_wt_SrCl2_and_4.5_wt_YCl3.csv
[Run 3554/511994] ✅ Saved: nist_libs_3.0_wt_CeCl3_and_3.0_wt_SrCl2_and_5.0_wt_YCl3.csv
[Run 3555/511994] ✅ Saved: nist_libs_3.0_wt_CeCl3_and_3.5_wt_SrCl2_and_0.5_wt_YCl3.csv
[Run 3556/511994] ✅ Saved: nist_libs_3.0_wt_CeCl3_and_3.5_wt_SrCl2_and_1.0_wt_YCl3.csv
[Run 3557/511994] ✅ Saved: nist_libs_3.0_wt_CeCl3_and_3.5_wt_SrCl2_and_1.5_wt_YCl3.csv
[Run 3558/511994] ✅ Saved: nist_libs_3.0_wt_CeCl3_and_3.5_wt_SrCl2_and_2.0_wt_YCl3.csv
[Run 3559/511994] ✅ Saved: nist_libs_3.0_wt_CeCl3_and_3.5_wt_SrCl2_and_2.5_wt_YCl3.csv
[Run 3561/511994] ✅ Saved: nist_libs_3.0_wt_CeCl3_and_3.5_wt_SrCl2_and_3.5_wt_YCl3.csv
[Run 3560/511994] ✅ Saved: nist_libs_3.0_wt_CeCl3_and_3.5_wt_SrCl2_and_3.0_wt_YCl3.csv
[Run 3562/511994] ✅ Saved: nist_libs_3.0_wt_CeCl3_and_3.5_wt_SrCl2_and_4.0_wt_YCl3.csv
[Run 3563/511994] ✅ Saved: nist_libs_3.0_wt_CeCl3_and_3.5_wt_SrCl2_and_4.5_wt_YCl3.csv
[Run 3564/511994] ✅ Saved: nist_libs_3.0_wt_CeCl3_and_3.5_wt_SrCl2_and_5.0_wt_YCl3.csv
[Run 3565/511994] ✅ Saved: nist_libs_3.0_wt_CeCl3_and_4.0_wt_SrCl2_and_0.5_wt_YCl3.csv
[Run 3566/511994] ✅ Saved: nist_libs_3.0_wt_CeCl3_and_4.0_wt_SrCl2_and_1.0_wt_YCl3.csv
[Run 3567/511994] ✅ Saved: nist_libs_3.0_wt_CeCl3_and_4.0_wt_SrCl2_and_1.5_wt_YCl3.csv
[Run 3568/511994] ✅ Saved: nist_libs_3.0_wt_CeCl3_and_4.0_wt_SrCl2_and_2.0_wt_YCl3.csv
[Run 3569/511994] ✅ Saved: nist_libs_3.0_wt_CeCl3_and_4.0_wt_SrCl2_and_2.5_wt_YCl3.csv
[Run 3570/511994] ✅ Saved: nist_libs_3.0_wt_CeCl3_and_4.0_wt_SrCl2_and_3.0_wt_YCl3.csv
[Run 3571/511994] ✅ Saved: nist_libs_3.0_wt_CeCl3_and_4.0_wt_SrCl2_and_3.5_wt_YCl3.csv
[Run 3572/511994] ✅ Saved: nist_libs_3.0_wt_CeCl3_and_4.0_wt_SrCl2_and_4.0_wt_YCl3.csv
[Run 3573/511994] ✅ Saved: nist_libs_3.0_wt_CeCl3_and_4.0_wt_SrCl2_and_4.5_wt_YCl3.csv
[Run 3574/511994] ✅ Saved: nist_libs_3.0_wt_CeCl3_and_4.0_wt_SrCl2_and_5.0_wt_YCl3.csv
[Run 3575/511994] ✅ Saved: nist_libs_3.0_wt_CeCl3_and_4.5_wt_SrCl2_and_0.5_wt_YCl3.csv
[Run 3576/511994] ✅ Saved: nist_libs_3.0_wt_CeCl3_and_4.5_wt_SrCl2_and_1.0_wt_YCl3.csv
[Run 3577/511994] ✅ Saved: nist_libs_3.0_wt_CeCl3_and_4.5_wt_SrCl2_and_1.5_wt_YCl3.csv
[Run 3578/511994] ✅ Saved: nist_libs_3.0_wt_CeCl3_and_4.5_wt_SrCl2_and_2.0_wt_YCl3.csv
[Run 3579/511994] ✅ Saved: nist_libs_3.0_wt_CeCl3_and_4.5_wt_SrCl2_and_2.5_wt_YCl3.csv
[Run 3580/511994] ✅ Saved: nist_libs_3.0_wt_CeCl3_and_4.5_wt_SrCl2_and_3.0_wt_YCl3.csv
[Run 3581/511994] ✅ Saved: nist_libs_3.0_wt_CeCl3_and_4.5_wt_SrCl2_and_3.5_wt_YCl3.csv
[Run 3582/511994] ✅ Saved: nist_libs_3.0_wt_CeCl3_and_4.5_wt_SrCl2_and_4.0_wt_YCl3.csv
[Run 3583/511994] ✅ Saved: nist_libs_3.0_wt_CeCl3_and_4.5_wt_SrCl2_and_4.5_wt_YCl3.csv
[Run 3584/511994] ✅ Saved: nist_libs_3.0_wt_CeCl3_and_4.5_wt_SrCl2_and_5.0_wt_YCl3.csv
[Run 3586/511994] ✅ Saved: nist_libs_3.0_wt_CeCl3_and_5.0_wt_SrCl2_and_1.0_wt_YCl3.csv
[Run 3585/511994] ✅ Saved: nist_libs_3.0_wt_CeCl3_and_5.0_wt_SrCl2_and_0.5_wt_YCl3.csv
[Run 3587/511994] ✅ Saved: nist_libs_3.0_wt_CeCl3_and_5.0_wt_SrCl2_and_1.5_wt_YCl3.csv
[Run 3588/511994] ✅ Saved: nist_libs_3.0_wt_CeCl3_and_5.0_wt_SrCl2_and_2.0_wt_YCl3.csv
[Run 3589/511994] ✅ Saved: nist_libs_3.0_wt_CeCl3_and_5.0_wt_SrCl2_and_2.5_wt_YCl3.csv
[Run 3590/511994] ✅ Saved: nist_libs_3.0_wt_CeCl3_and_5.0_wt_SrCl2_and_3.0_wt_YCl3.csv
[Run 3591/511994] ✅ Saved: nist_libs_3.0_wt_CeCl3_and_5.0_wt_SrCl2_and_3.5_wt_YCl3.csv
[Run 3592/511994] ✅ Saved: nist_libs_3.0_wt_CeCl3_and_5.0_wt_SrCl2_and_4.0_wt_YCl3.csv
[Run 3593/511994] ✅ Saved: nist_libs_3.0_wt_CeCl3_and_5.0_wt_SrCl2_and_4.5_wt_YCl3.csv
[Run 3594/511994] ✅ Saved: nist_libs_3.0_wt_CeCl3_and_5.0_wt_SrCl2_and_5.0_wt_YCl3.csv
[Run 3595/511994] ✅ Saved: nist_libs_3.5_wt_CeCl3_and_0.5_wt_SrCl2_and_0.5_wt_YCl3.csv
[Run 3596/511994] ✅ Saved: nist_libs_3.5_wt_CeCl3_and_0.5_wt_SrCl2_and_1.0_wt_YCl3.csv
[Run 3597/511994] ✅ Saved: nist_libs_3.5_wt_CeCl3_and_0.5_wt_SrCl2_and_1.5_wt_YCl3.csv
[Run 3598/511994] ✅ Saved: nist_libs_3.5_wt_CeCl3_and_0.5_wt_SrCl2_and_2.0_wt_YCl3.csv
[Run 3599/511994] ✅ Saved: nist_libs_3.5_wt_CeCl3_and_0.5_wt_SrCl2_and_2.5_wt_YCl3.csv
[Run 3600/511994] ✅ Saved: nist_libs_3.5_wt_CeCl3_and_0.5_wt_SrCl2_and_3.0_wt_YCl3.csv
[Run 3601/511994] ✅ Saved: nist_libs_3.5_wt_CeCl3_and_0.5_wt_SrCl2_and_3.5_wt_YCl3.csv
[Run 3602/511994] ✅ Saved: nist_libs_3.5_wt_CeCl3_and_0.5_wt_SrCl2_and_4.0_wt_YCl3.csv
[Run 3603/511994] ✅ Saved: nist_libs_3.5_wt_CeCl3_and_0.5_wt_SrCl2_and_4.5_wt_YCl3.csv
[Run 3604/511994] ✅ Saved: nist_libs_3.5_wt_CeCl3_and_0.5_wt_SrCl2_and_5.0_wt_YCl3.csv
[Run 3605/511994] ✅ Saved: nist_libs_3.5_wt_CeCl3_and_1.0_wt_SrCl2_and_0.5_wt_YCl3.csv
[Run 3606/511994] ✅ Saved: nist_libs_3.5_wt_CeCl3_and_1.0_wt_SrCl2_and_1.0_wt_YCl3.csv
[Run 3607/511994] ✅ Saved: nist_libs_3.5_wt_CeCl3_and_1.0_wt_SrCl2_and_1.5_wt_YCl3.csv
[Run 3608/511994] ✅ Saved: nist_libs_3.5_wt_CeCl3_and_1.0_wt_SrCl2_and_2.0_wt_YCl3.csv
[Run 3609/511994] ✅ Saved: nist_libs_3.5_wt_CeCl3_and_1.0_wt_SrCl2_and_2.5_wt_YCl3.csv
[Run 3610/511994] ✅ Saved: nist_libs_3.5_wt_CeCl3_and_1.0_wt_SrCl2_and_3.0_wt_YCl3.csv
[Run 3612/511994] ✅ Saved: nist_libs_3.5_wt_CeCl3_and_1.0_wt_SrCl2_and_4.0_wt_YCl3.csv
[Run 3611/511994] ✅ Saved: nist_libs_3.5_wt_CeCl3_and_1.0_wt_SrCl2_and_3.5_wt_YCl3.csv
[Run 3613/511994] ✅ Saved: nist_libs_3.5_wt_CeCl3_and_1.0_wt_SrCl2_and_4.5_wt_YCl3.csv
[Run 3614/511994] ✅ Saved: nist_libs_3.5_wt_CeCl3_and_1.0_wt_SrCl2_and_5.0_wt_YCl3.csv
[Run 3615/511994] ✅ Saved: nist_libs_3.5_wt_CeCl3_and_1.5_wt_SrCl2_and_0.5_wt_YCl3.csv
[Run 3616/511994] ✅ Saved: nist_libs_3.5_wt_CeCl3_and_1.5_wt_SrCl2_and_1.0_wt_YCl3.csv
[Run 3617/511994] ✅ Saved: nist_libs_3.5_wt_CeCl3_and_1.5_wt_SrCl2_and_1.5_wt_YCl3.csv
[Run 3618/511994] ✅ Saved: nist_libs_3.5_wt_CeCl3_and_1.5_wt_SrCl2_and_2.0_wt_YCl3.csv
[Run 3619/511994] ✅ Saved: nist_libs_3.5_wt_CeCl3_and_1.5_wt_SrCl2_and_2.5_wt_YCl3.csv
[Run 3620/511994] ✅ Saved: nist_libs_3.5_wt_CeCl3_and_1.5_wt_SrCl2_and_3.0_wt_YCl3.csv
[Run 3621/511994] ✅ Saved: nist_libs_3.5_wt_CeCl3_and_1.5_wt_SrCl2_and_3.5_wt_YCl3.csv
[Run 3622/511994] ✅ Saved: nist_libs_3.5_wt_CeCl3_and_1.5_wt_SrCl2_and_4.0_wt_YCl3.csv
[Run 3623/511994] ✅ Saved: nist_libs_3.5_wt_CeCl3_and_1.5_wt_SrCl2_and_4.5_wt_YCl3.csv
[Run 3624/511994] ✅ Saved: nist_libs_3.5_wt_CeCl3_and_1.5_wt_SrCl2_and_5.0_wt_YCl3.csv
[Run 3625/511994] ✅ Saved: nist_libs_3.5_wt_CeCl3_and_2.0_wt_SrCl2_and_0.5_wt_YCl3.csv
[Run 3626/511994] ✅ Saved: nist_libs_3.5_wt_CeCl3_and_2.0_wt_SrCl2_and_1.0_wt_YCl3.csv
[Run 3627/511994] ✅ Saved: nist_libs_3.5_wt_CeCl3_and_2.0_wt_SrCl2_and_1.5_wt_YCl3.csv
[Run 3628/511994] ✅ Saved: nist_libs_3.5_wt_CeCl3_and_2.0_wt_SrCl2_and_2.0_wt_YCl3.csv
[Run 3629/511994] ✅ Saved: nist_libs_3.5_wt_CeCl3_and_2.0_wt_SrCl2_and_2.5_wt_YCl3.csv
[Run 3630/511994] ✅ Saved: nist_libs_3.5_wt_CeCl3_and_2.0_wt_SrCl2_and_3.0_wt_YCl3.csv
[Run 3631/511994] ✅ Saved: nist_libs_3.5_wt_CeCl3_and_2.0_wt_SrCl2_and_3.5_wt_YCl3.csv
[Run 3632/511994] ✅ Saved: nist_libs_3.5_wt_CeCl3_and_2.0_wt_SrCl2_and_4.0_wt_YCl3.csv
[Run 3633/511994] ✅ Saved: nist_libs_3.5_wt_CeCl3_and_2.0_wt_SrCl2_and_4.5_wt_YCl3.csv
[Run 3634/511994] ✅ Saved: nist_libs_3.5_wt_CeCl3_and_2.0_wt_SrCl2_and_5.0_wt_YCl3.csv
[Run 3635/511994] ✅ Saved: nist_libs_3.5_wt_CeCl3_and_2.5_wt_SrCl2_and_0.5_wt_YCl3.csv
[Run 3636/511994] ✅ Saved: nist_libs_3.5_wt_CeCl3_and_2.5_wt_SrCl2_and_1.0_wt_YCl3.csv
[Run 3637/511994] ✅ Saved: nist_libs_3.5_wt_CeCl3_and_2.5_wt_SrCl2_and_1.5_wt_YCl3.csv
[Run 3639/511994] ✅ Saved: nist_libs_3.5_wt_CeCl3_and_2.5_wt_SrCl2_and_2.5_wt_YCl3.csv
[Run 3638/511994] ✅ Saved: nist_libs_3.5_wt_CeCl3_and_2.5_wt_SrCl2_and_2.0_wt_YCl3.csv
[Run 3640/511994] ✅ Saved: nist_libs_3.5_wt_CeCl3_and_2.5_wt_SrCl2_and_3.0_wt_YCl3.csv
