Wavelength (nm),Sum,Y I (1.1e-02),Y II (9.0e-01)
293.09,1.684e-8,1.684e-8,
293.14,1.225e-7,1.225e-7,
293.19,8.411e-7,8.411e-7,
293.24,5.454e-6,5.454e-6,
293.3,4.763e-5,4.763e-5,
293.35,2.721e-4,2.721e-4,
293.4,1.468e-3,1.468e-3,
293.45,7.475e-3,7.475e-3,
293.5,3.594e-2,3.594e-2,
293.55,1.631e-1,1.631e-1,
293.6,6.990e-1,6.990e-1,
293.65,2.828e+0,2.828e+0,
293.7,1.080e+1,1.080e+1,
293.75,3.895e+1,3.895e+1,
293.8,1.326e+2,1.326e+2,
293.85,4.263e+2,4.263e+2,
293.9,1.294e+3,1.294e+3,
293.95,3.706e+3,3.706e+3,
294,1.002e+4,1.002e+4,
294.05,2.560e+4,2.560e+4,
294.1,6.171e+4,6.171e+4,
294.15,1.405e+5,1.405e+5,
294.2,3.019e+5,3.019e+5,
294.25,6.124e+5,6.124e+5,
294.3,1.173e+6,1.173e+6,
294.35,2.121e+6,2.121e+6,
294.4,3.622e+6,3.622e+6,
294.45,5.838e+6,5.838e+6,
294.5,8.884e+6,8.884e+6,
294.55,1.276e+7,1.276e+7,
294.6,1.731e+7,1.731e+7,
294.65,2.217e+7,2.217e+7,
294.7,2.680e+7,2.680e+7,
294.75,3.059e+7,3.059e+7,
294.8,3.297e+7,3.297e+7,
294.85,3.354e+7,3.354e+7,
294.9,3.222e+7,3.222e+7,
294.95,2.922e+7,2.922e+7,
295,2.502e+7,2.502e+7,
295.05,2.022e+7,2.022e+7,
295.1,1.543e+7,1.543e+7,
295.15,1.112e+7,1.112e+7,
295.2,7.562e+6,7.562e+6,
295.25,4.856e+6,4.856e+6,
295.3,2.944e+6,2.944e+6,
295.35,1.685e+6,1.685e+6,
295.4,9.108e+5,9.108e+5,
295.45,4.647e+5,4.647e+5,
295.5,2.238e+5,2.238e+5,
295.55,1.018e+5,1.018e+5,
295.6,4.370e+4,4.370e+4,
295.65,1.771e+4,1.771e+4,
295.7,6.779e+3,6.779e+3,
295.75,2.449e+3,2.449e+3,
295.8,8.355e+2,8.355e+2,
295.85,2.690e+2,2.690e+2,
295.9,8.180e+1,8.180e+1,
295.95,2.348e+1,2.348e+1,
296,6.365e+0,6.365e+0,
296.05,1.637e+0,1.637e+0,
296.1,4.357e-1,4.357e-1,
296.15,2.814e-1,2.814e-1,
296.2,8.383e-1,8.383e-1,
296.25,3.311e+0,3.311e+0,
296.3,1.262e+1,1.262e+1,
296.35,4.552e+1,4.552e+1,
296.4,1.551e+2,1.551e+2,
296.45,4.997e+2,4.997e+2,
296.5,1.521e+3,1.521e+3,
296.55,4.376e+3,4.376e+3,
296.6,1.190e+4,1.190e+4,
296.65,3.057e+4,3.057e+4,
296.7,7.424e+4,7.424e+4,
296.75,1.704e+5,1.704e+5,
296.8,3.695e+5,3.695e+5,
296.85,7.574e+5,7.574e+5,
296.9,1.467e+6,1.467e+6,
296.95,2.686e+6,2.686e+6,
297,4.646e+6,4.646e+6,
297.05,7.596e+6,7.596e+6,
297.1,1.174e+7,1.174e+7,
297.15,1.714e+7,1.714e+7,
297.2,2.365e+7,2.365e+7,
297.25,3.085e+7,3.085e+7,
297.3,3.802e+7,3.802e+7,
297.35,4.429e+7,4.429e+7,
297.4,4.876e+7,4.876e+7,
297.45,5.072e+7,5.072e+7,
297.5,4.987e+7,4.987e+7,
297.55,4.635e+7,4.635e+7,
297.6,4.073e+7,4.073e+7,
297.65,3.386e+7,3.386e+7,
297.7,2.670e+7,2.670e+7,
297.75,2.011e+7,2.011e+7,
297.8,1.476e+7,1.476e+7,
297.85,1.109e+7,1.109e+7,
297.9,9.394e+6,9.394e+6,
297.95,9.890e+6,9.890e+6,
298,1.275e+7,1.275e+7,
298.05,1.813e+7,1.813e+7,
298.1,2.602e+7,2.602e+7,
298.15,3.618e+7,3.618e+7,
298.2,4.797e+7,4.797e+7,
298.25,6.030e+7,6.030e+7,
298.3,7.173e+7,7.173e+7,
298.35,8.069e+7,8.069e+7,
298.4,8.583e+7,8.583e+7,
298.45,8.631e+7,8.631e+7,
298.5,8.206e+7,8.206e+7,
298.55,7.375e+7,7.375e+7,
298.6,6.267e+7,6.267e+7,
298.65,5.035e+7,5.035e+7,
298.7,3.824e+7,3.824e+7,
298.75,2.746e+7,2.746e+7,
298.8,1.865e+7,1.865e+7,
298.85,1.199e+7,1.199e+7,
298.9,7.325e+6,7.325e+6,
298.95,4.300e+6,4.300e+6,
299,2.522e+6,2.522e+6,
299.05,1.644e+6,1.644e+6,
299.1,1.410e+6,1.410e+6,
299.15,1.668e+6,1.668e+6,
299.2,2.346e+6,2.346e+6,
299.25,3.418e+6,3.418e+6,
299.3,4.867e+6,4.867e+6,
299.35,6.655e+6,6.655e+6,
299.4,8.692e+6,8.692e+6,
299.45,1.083e+7,1.083e+7,
299.5,1.285e+7,1.285e+7,
299.55,1.454e+7,1.454e+7,
299.6,1.567e+7,1.567e+7,
299.65,1.607e+7,1.607e+7,
299.7,1.568e+7,1.568e+7,
299.75,1.455e+7,1.455e+7,
299.8,1.284e+7,1.284e+7,
299.85,1.078e+7,1.078e+7,
299.9,8.607e+6,8.607e+6,
299.95,6.566e+6,6.566e+6,
300,4.828e+6,4.828e+6,
300.05,3.498e+6,3.498e+6,
300.1,2.616e+6,2.616e+6,
300.15,2.166e+6,2.166e+6,
300.2,2.095e+6,2.095e+6,
300.25,2.329e+6,2.329e+6,
300.3,2.774e+6,2.774e+6,
300.35,3.327e+6,3.327e+6,
300.4,3.878e+6,3.878e+6,
300.45,4.325e+6,4.325e+6,
300.5,4.583e+6,4.583e+6,
300.55,4.604e+6,4.604e+6,
300.6,4.378e+6,4.378e+6,
300.65,3.940e+6,3.940e+6,
300.7,3.356e+6,3.356e+6,
300.75,2.704e+6,2.704e+6,
300.8,2.061e+6,2.061e+6,
300.85,1.487e+6,1.487e+6,
300.9,1.015e+6,1.015e+6,
300.95,6.553e+5,6.553e+5,
301,4.004e+5,4.004e+5,
301.05,2.315e+5,2.315e+5,
301.1,1.266e+5,1.266e+5,
301.15,6.553e+4,6.553e+4,
301.2,3.216e+4,3.216e+4,
301.25,1.511e+4,1.511e+4,
301.3,7.224e+3,7.224e+3,
301.35,4.618e+3,4.618e+3,
301.4,5.951e+3,5.951e+3,
301.45,1.220e+4,1.220e+4,
301.5,2.712e+4,2.712e+4,
301.55,5.844e+4,5.844e+4,
301.6,1.196e+5,1.196e+5,
301.65,2.320e+5,2.320e+5,
301.7,4.259e+5,4.259e+5,
301.75,7.403e+5,7.403e+5,
301.8,1.218e+6,1.218e+6,
301.85,1.898e+6,1.898e+6,
301.9,2.800e+6,2.800e+6,
301.95,3.909e+6,3.909e+6,
302,5.168e+6,5.168e+6,
302.05,6.469e+6,6.469e+6,
302.1,7.665e+6,7.665e+6,
302.15,8.599e+6,8.599e+6,
302.2,9.133e+6,9.133e+6,
302.25,9.183e+6,9.183e+6,
302.3,8.741e+6,8.741e+6,
302.35,7.878e+6,7.878e+6,
302.4,6.722e+6,6.722e+6,
302.45,5.429e+6,5.429e+6,
302.5,4.152e+6,4.152e+6,
302.55,3.006e+6,3.006e+6,
302.6,2.060e+6,2.060e+6,
302.65,1.337e+6,1.337e+6,
302.7,8.215e+5,8.215e+5,
302.75,4.778e+5,4.778e+5,
302.8,2.631e+5,2.631e+5,
302.85,1.372e+5,1.372e+5,
302.9,6.769e+4,6.769e+4,
302.95,3.163e+4,3.163e+4,
303,1.399e+4,1.399e+4,
303.05,5.860e+3,5.860e+3,
303.1,2.323e+3,2.323e+3,
303.15,8.721e+2,8.721e+2,
303.2,3.100e+2,3.100e+2,
303.25,1.045e+2,1.045e+2,
303.3,3.417e+1,3.417e+1,
303.35,1.357e+1,1.357e+1,
303.4,1.533e+1,1.533e+1,
303.45,4.226e+1,4.226e+1,
303.5,1.310e+2,1.310e+2,
303.55,3.909e+2,3.909e+2,
303.6,1.106e+3,1.106e+3,
303.65,2.967e+3,2.967e+3,
303.7,7.541e+3,7.541e+3,
303.75,1.816e+4,1.816e+4,
303.8,4.143e+4,4.143e+4,
303.85,8.956e+4,8.956e+4,
303.9,1.835e+5,1.835e+5,
303.95,3.561e+5,3.561e+5,
304,6.548e+5,6.548e+5,
304.05,1.141e+6,1.141e+6,
304.1,1.884e+6,1.884e+6,
304.15,2.947e+6,2.947e+6,
304.2,4.368e+6,4.368e+6,
304.25,6.135e+6,6.135e+6,
304.3,8.163e+6,8.163e+6,
304.35,1.029e+7,1.029e+7,
304.4,1.230e+7,1.230e+7,
304.45,1.392e+7,1.392e+7,
304.5,1.493e+7,1.493e+7,
304.55,1.518e+7,1.518e+7,
304.6,1.461e+7,1.461e+7,
304.65,1.333e+7,1.333e+7,
304.7,1.153e+7,1.153e+7,
304.75,9.443e+6,9.443e+6,
304.8,7.329e+6,7.329e+6,
304.85,5.390e+6,5.390e+6,
304.9,3.756e+6,3.756e+6,
304.95,2.480e+6,2.480e+6,
305,1.551e+6,1.551e+6,
305.05,9.196e+5,9.196e+5,
305.1,5.165e+5,5.165e+5,
305.15,2.749e+5,2.749e+5,
305.2,1.386e+5,1.386e+5,
305.25,6.622e+4,6.622e+4,
305.3,2.998e+4,2.998e+4,
305.35,1.286e+4,1.286e+4,
305.4,5.226e+3,5.226e+3,
305.45,2.013e+3,2.013e+3,
305.5,7.344e+2,7.344e+2,
305.55,2.539e+2,2.539e+2,
305.6,8.318e+1,8.318e+1,
305.65,2.582e+1,2.582e+1,
305.7,7.593e+0,7.593e+0,
305.75,2.116e+0,2.116e+0,
305.8,5.587e-1,5.587e-1,
305.85,1.398e-1,1.398e-1,
305.9,3.314e-2,3.314e-2,
305.95,7.443e-3,7.443e-3,
306,1.584e-3,1.584e-3,
306.05,3.194e-4,3.194e-4,
306.1,6.103e-5,6.103e-5,
306.15,1.105e-5,1.105e-5,
306.2,1.895e-6,1.895e-6,
306.25,3.080e-7,3.080e-7,
306.3,4.744e-8,4.744e-8,
306.35,6.923e-9,6.923e-9,
316.05,2.544e-7,,2.544e-7
316.1,1.610e-6,,1.610e-6
316.15,9.693e-6,,9.693e-6
316.2,5.556e-5,,5.556e-5
316.25,3.031e-4,,3.031e-4
316.3,1.574e-3,,1.574e-3
316.35,7.776e-3,,7.776e-3
316.4,3.657e-2,,3.657e-2
316.45,1.637e-1,,1.637e-1
316.5,6.972e-1,,6.972e-1
316.55,2.827e+0,,2.827e+0
316.6,1.091e+1,,1.091e+1
316.65,4.006e+1,,4.006e+1
316.7,1.400e+2,,1.400e+2
316.75,4.658e+2,,4.658e+2
316.8,1.475e+3,,1.475e+3
316.85,4.443e+3,,4.443e+3
316.9,1.274e+4,,1.274e+4
316.95,3.478e+4,,3.478e+4
317,9.035e+4,,9.035e+4
317.05,2.234e+5,,2.234e+5
317.1,5.256e+5,,5.256e+5
317.15,1.177e+6,,1.177e+6
317.2,2.509e+6,,2.509e+6
317.25,5.089e+6,,5.089e+6
317.3,9.825e+6,,9.825e+6
317.35,1.805e+7,,1.805e+7
317.4,3.157e+7,,3.157e+7
317.45,5.255e+7,,5.255e+7
317.5,8.324e+7,,8.324e+7
317.55,1.255e+8,,1.255e+8
317.6,1.801e+8,,1.801e+8
317.65,2.459e+8,,2.459e+8
317.7,3.196e+8,,3.196e+8
317.75,3.954e+8,,3.954e+8
317.8,4.655e+8,,4.655e+8
317.85,5.215e+8,,5.215e+8
317.9,5.562e+8,,5.562e+8
317.95,5.645e+8,,5.645e+8
318,5.453e+8,,5.453e+8
318.05,5.013e+8,,5.013e+8
318.1,4.386e+8,,4.386e+8
318.15,3.653e+8,,3.653e+8
318.2,2.895e+8,,2.895e+8
318.25,2.184e+8,,2.184e+8
318.3,1.568e+8,,1.568e+8
318.35,1.071e+8,,1.071e+8
318.4,6.968e+7,,6.968e+7
318.45,4.316e+7,,4.316e+7
318.5,2.552e+7,,2.552e+7
318.55,1.458e+7,,1.458e+7
318.6,8.491e+6,,8.491e+6
318.65,6.091e+6,,6.091e+6
318.7,7.178e+6,,7.178e+6
318.75,1.289e+7,,1.289e+7
318.8,2.634e+7,,2.634e+7
318.85,5.348e+7,,5.348e+7
318.9,1.044e+8,,1.044e+8
318.95,1.943e+8,,1.943e+8
319,3.446e+8,,3.446e+8
319.05,5.821e+8,,5.821e+8
319.1,9.366e+8,,9.366e+8
319.15,1.435e+9,,1.435e+9
319.2,2.096e+9,,2.096e+9
319.25,2.916e+9,,2.916e+9
319.3,3.870e+9,,3.870e+9
319.35,4.900e+9,,4.900e+9
319.4,5.928e+9,,5.928e+9
319.45,6.865e+9,,6.865e+9
319.5,7.635e+9,,7.635e+9
319.55,8.187e+9,,8.187e+9
319.6,8.521e+9,,8.521e+9
319.65,8.681e+9,,8.681e+9
319.7,8.749e+9,,8.749e+9
319.75,8.824e+9,,8.824e+9
319.8,8.991e+9,,8.991e+9
319.85,9.306e+9,,9.306e+9
319.9,9.779e+9,,9.779e+9
319.95,1.038e+10,,1.038e+10
320,1.103e+10,,1.103e+10
320.05,1.166e+10,,1.166e+10
320.1,1.218e+10,,1.218e+10
320.15,1.250e+10,,1.250e+10
320.2,1.257e+10,,1.257e+10
320.25,1.235e+10,,1.235e+10
320.3,1.181e+10,,1.181e+10
320.35,1.096e+10,,1.096e+10
320.4,9.847e+9,,9.847e+9
320.45,8.541e+9,,8.541e+9
320.5,7.135e+9,,7.135e+9
320.55,5.728e+9,,5.728e+9
320.6,4.410e+9,,4.410e+9
320.65,3.252e+9,,3.252e+9
320.7,2.295e+9,,2.295e+9
320.75,1.550e+9,,1.550e+9
320.8,1.006e+9,,1.006e+9
320.85,6.374e+8,,6.374e+8
320.9,4.161e+8,,4.161e+8
320.95,3.204e+8,,3.204e+8
321,3.430e+8,,3.430e+8
321.05,4.956e+8,,4.956e+8
321.1,8.112e+8,,8.112e+8
321.15,1.342e+9,,1.342e+9
321.2,2.151e+9,,2.151e+9
321.25,3.301e+9,,3.301e+9
321.3,4.833e+9,,4.833e+9
321.35,6.744e+9,,6.744e+9
321.4,8.969e+9,,8.969e+9
321.45,1.136e+10,,1.136e+10
321.5,1.372e+10,,1.372e+10
321.55,1.579e+10,,1.579e+10
321.6,1.730e+10,,1.730e+10
321.65,1.807e+10,,1.807e+10
321.7,1.799e+10,,1.799e+10
321.75,1.705e+10,,1.705e+10
321.8,1.541e+10,,1.541e+10
321.85,1.327e+10,,1.327e+10
321.9,1.088e+10,,1.088e+10
321.95,8.504e+9,,8.504e+9
322,6.333e+9,,6.333e+9
322.05,4.494e+9,,4.494e+9
322.1,3.038e+9,,3.038e+9
322.15,1.957e+9,,1.957e+9
322.2,1.201e+9,,1.201e+9
322.25,7.026e+8,,7.026e+8
322.3,3.916e+8,,3.916e+8
322.35,2.079e+8,,2.079e+8
322.4,1.052e+8,,1.052e+8
322.45,5.071e+7,,5.071e+7
322.5,2.329e+7,,2.329e+7
322.55,1.019e+7,,1.019e+7
322.6,4.251e+6,,4.251e+6
322.65,1.689e+6,,1.689e+6
322.7,6.394e+5,,6.394e+5
322.75,2.307e+5,,2.307e+5
322.8,7.939e+4,,7.939e+4
322.85,2.636e+4,,2.636e+4
322.9,9.539e+3,,9.539e+3
322.95,7.380e+3,,7.380e+3
323,1.708e+4,,1.708e+4
323.05,5.179e+4,,5.179e+4
323.1,1.549e+5,,1.549e+5
323.15,4.430e+5,,4.430e+5
323.2,1.208e+6,,1.208e+6
323.25,3.143e+6,,3.143e+6
323.3,7.797e+6,,7.797e+6
323.35,1.844e+7,,1.844e+7
323.4,4.160e+7,,4.160e+7
323.45,8.946e+7,,8.946e+7
323.5,1.835e+8,,1.835e+8
323.55,3.587e+8,,3.587e+8
323.6,6.689e+8,,6.689e+8
323.65,1.189e+9,,1.189e+9
323.7,2.017e+9,,2.017e+9
323.75,3.260e+9,,3.260e+9
323.8,5.026e+9,,5.026e+9
323.85,7.388e+9,,7.388e+9
323.9,1.036e+10,,1.036e+10
323.95,1.384e+10,,1.384e+10
324,1.764e+10,,1.764e+10
324.05,2.144e+10,,2.144e+10
324.1,2.485e+10,,2.485e+10
324.15,2.746e+10,,2.746e+10
324.21,2.907e+10,,2.907e+10
324.26,2.893e+10,,2.893e+10
324.31,2.746e+10,,2.746e+10
324.36,2.485e+10,,2.485e+10
324.41,2.144e+10,,2.144e+10
324.46,1.764e+10,,1.764e+10
324.51,1.384e+10,,1.384e+10
324.56,1.036e+10,,1.036e+10
324.61,7.388e+9,,7.388e+9
324.66,5.026e+9,,5.026e+9
324.71,3.260e+9,,3.260e+9
324.76,2.017e+9,,2.017e+9
324.81,1.189e+9,,1.189e+9
324.86,6.689e+8,,6.689e+8
324.91,3.587e+8,,3.587e+8
324.96,1.835e+8,,1.835e+8
325.01,8.946e+7,,8.946e+7
325.06,4.160e+7,,4.160e+7
325.11,1.844e+7,,1.844e+7
325.16,7.797e+6,,7.797e+6
325.21,3.143e+6,,3.143e+6
325.26,1.208e+6,,1.208e+6
325.31,4.430e+5,,4.430e+5
325.36,1.548e+5,,1.548e+5
325.41,5.160e+4,,5.160e+4
325.46,1.640e+4,,1.640e+4
325.51,4.970e+3,,4.970e+3
325.56,1.436e+3,,1.436e+3
325.61,3.958e+2,,3.958e+2
325.66,1.040e+2,,1.040e+2
325.71,2.606e+1,,2.606e+1
325.76,6.225e+0,,6.225e+0
325.81,1.418e+0,,1.418e+0
325.86,3.081e-1,,3.081e-1
325.91,6.382e-2,,6.382e-2
325.96,1.261e-2,,1.261e-2
326.01,2.374e-3,,2.374e-3
326.06,4.264e-4,,4.264e-4
326.11,7.302e-5,,7.302e-5
326.16,1.193e-5,,1.193e-5
342.81,1.178e-7,,1.178e-7
342.86,6.576e-7,,6.576e-7
342.91,3.519e-6,,3.519e-6
342.96,1.806e-5,,1.806e-5
343.01,8.882e-5,,8.882e-5
343.06,4.190e-4,,4.190e-4
343.11,1.895e-3,,1.895e-3
343.16,8.218e-3,,8.218e-3
343.21,3.417e-2,,3.417e-2
343.26,1.362e-1,,1.362e-1
343.31,5.208e-1,,5.208e-1
343.36,1.909e+0,,1.909e+0
343.41,6.709e+0,,6.709e+0
343.46,2.261e+1,,2.261e+1
343.51,7.305e+1,,7.305e+1
343.56,2.263e+2,,2.263e+2
343.61,6.723e+2,,6.723e+2
343.66,1.915e+3,,1.915e+3
343.71,5.230e+3,,5.230e+3
343.76,1.369e+4,,1.369e+4
343.81,3.439e+4,,3.439e+4
343.86,8.278e+4,,8.278e+4
343.91,1.911e+5,,1.911e+5
343.96,4.229e+5,,4.229e+5
344.01,8.976e+5,,8.976e+5
344.06,1.826e+6,,1.826e+6
344.11,3.564e+6,,3.564e+6
344.16,6.667e+6,,6.667e+6
344.21,1.196e+7,,1.196e+7
344.26,2.057e+7,,2.057e+7
344.31,3.392e+7,,3.392e+7
344.36,5.363e+7,,5.363e+7
344.41,8.131e+7,,8.131e+7
344.46,1.182e+8,,1.182e+8
344.51,1.648e+8,,1.648e+8
344.56,2.202e+8,,2.202e+8
344.61,2.822e+8,,2.822e+8
344.66,3.467e+8,,3.467e+8
344.71,4.085e+8,,4.085e+8
344.76,4.615e+8,,4.615e+8
344.81,4.999e+8,,4.999e+8
344.86,5.191e+8,,5.191e+8
344.91,5.170e+8,,5.170e+8
344.96,4.936e+8,,4.936e+8
345.01,4.519e+8,,4.519e+8
345.06,3.967e+8,,3.967e+8
345.11,3.339e+8,,3.339e+8
345.16,2.694e+8,,2.694e+8
345.21,2.085e+8,,2.085e+8
345.26,1.547e+8,,1.547e+8
345.31,1.101e+8,,1.101e+8
345.36,7.507e+7,,7.507e+7
345.41,4.910e+7,,4.910e+7
345.46,3.079e+7,,3.079e+7
345.51,1.852e+7,,1.852e+7
345.56,1.068e+7,,1.068e+7
345.61,5.902e+6,,5.902e+6
345.66,3.128e+6,,3.128e+6
345.71,1.590e+6,,1.590e+6
345.76,7.748e+5,,7.748e+5
345.81,3.620e+5,,3.620e+5
345.86,1.622e+5,,1.622e+5
345.91,6.968e+4,,6.968e+4
345.96,2.870e+4,,2.870e+4
346.01,1.133e+4,,1.133e+4
346.06,4.292e+3,,4.292e+3
346.11,1.558e+3,,1.558e+3
346.16,5.426e+2,,5.426e+2
346.21,1.811e+2,,1.811e+2
346.26,5.797e+1,,5.797e+1
346.31,1.779e+1,,1.779e+1
346.36,5.235e+0,,5.235e+0
346.41,1.477e+0,,1.477e+0
346.46,3.996e-1,,3.996e-1
346.51,1.037e-1,,1.037e-1
346.56,2.578e-2,,2.578e-2
346.61,6.149e-3,,6.149e-3
346.66,1.406e-3,,1.406e-3
346.71,3.083e-4,,3.083e-4
346.76,6.480e-5,,6.480e-5
346.81,1.306e-5,,1.306e-5
346.86,2.525e-6,,2.525e-6
346.91,4.679e-7,,4.679e-7
346.96,8.313e-8,,8.313e-8
347.51,8.750e-7,,8.750e-7
347.56,4.779e-6,,4.779e-6
347.61,2.505e-5,,2.505e-5
347.66,1.261e-4,,1.261e-4
347.71,6.090e-4,,6.090e-4
347.76,2.824e-3,,2.824e-3
347.81,1.257e-2,,1.257e-2
347.86,5.370e-2,,5.370e-2
347.91,2.202e-1,,2.202e-1
347.96,8.671e-1,,8.671e-1
348.01,3.277e+0,,3.277e+0
348.06,1.189e+1,,1.189e+1
348.11,4.140e+1,,4.140e+1
348.16,1.384e+2,,1.384e+2
348.21,4.440e+2,,4.440e+2
348.26,1.368e+3,,1.368e+3
348.31,4.044e+3,,4.044e+3
348.36,1.148e+4,,1.148e+4
348.41,3.127e+4,,3.127e+4
348.46,8.176e+4,,8.176e+4
348.51,2.053e+5,,2.053e+5
348.56,4.946e+5,,4.946e+5
348.61,1.144e+6,,1.144e+6
348.66,2.540e+6,,2.540e+6
348.71,5.415e+6,,5.415e+6
348.76,1.108e+7,,1.108e+7
348.81,2.176e+7,,2.176e+7
348.86,4.102e+7,,4.102e+7
348.91,7.424e+7,,7.424e+7
348.96,1.290e+8,2.330e-10,1.290e+8
349.01,2.150e+8,1.245e-9,2.150e+8
349.06,3.442e+8,6.385e-9,3.442e+8
349.11,5.289e+8,3.145e-8,5.289e+8
349.16,7.801e+8,1.488e-7,7.801e+8
349.21,1.105e+9,6.756e-7,1.105e+9
349.26,1.501e+9,2.947e-6,1.501e+9
349.31,1.958e+9,1.234e-5,1.958e+9
349.36,2.453e+9,4.963e-5,2.453e+9
349.41,2.948e+9,1.916e-4,2.948e+9
349.46,3.402e+9,7.105e-4,3.402e+9
349.51,3.768e+9,2.530e-3,3.768e+9
349.56,4.007e+9,8.650e-3,4.007e+9
349.61,4.090e+9,2.840e-2,4.090e+9
349.66,4.007e+9,8.952e-2,4.007e+9
349.71,3.768e+9,2.710e-1,3.768e+9
349.76,3.402e+9,7.877e-1,3.402e+9
349.81,2.948e+9,2.199e+0,2.948e+9
349.86,2.453e+9,5.893e+0,2.453e+9
349.91,1.958e+9,1.517e+1,1.958e+9
349.96,1.501e+9,3.748e+1,1.501e+9
350.01,1.105e+9,8.895e+1,1.105e+9
350.06,7.801e+8,2.027e+2,7.801e+8
350.11,5.289e+8,4.435e+2,5.289e+8
350.16,3.442e+8,9.318e+2,3.442e+8
350.21,2.151e+8,1.880e+3,2.150e+8
350.26,1.290e+8,3.642e+3,1.290e+8
350.31,7.424e+7,6.776e+3,7.424e+7
350.36,4.103e+7,1.210e+4,4.102e+7
350.41,2.178e+7,2.076e+4,2.176e+7
350.46,1.111e+7,3.420e+4,1.108e+7
350.51,5.469e+6,5.409e+4,5.415e+6
350.56,2.623e+6,8.215e+4,2.540e+6
350.61,1.264e+6,1.198e+5,1.144e+6
350.66,6.624e+5,1.678e+5,4.946e+5
350.71,4.309e+5,2.256e+5,2.053e+5
350.76,3.731e+5,2.913e+5,8.176e+4
350.81,3.925e+5,3.612e+5,3.127e+4
350.86,4.415e+5,4.301e+5,1.148e+4
350.91,4.957e+5,4.917e+5,4.044e+3
350.96,5.411e+5,5.398e+5,1.368e+3
351.01,5.694e+5,5.690e+5,4.440e+2
351.06,5.761e+5,5.760e+5,1.384e+2
351.11,5.599e+5,5.598e+5,4.140e+1
351.16,5.225e+5,5.225e+5,1.189e+1
351.21,4.683e+5,4.683e+5,3.277e+0
351.26,4.030e+5,4.030e+5,8.671e-1
351.31,3.331e+5,3.331e+5,2.202e-1
351.36,2.643e+5,2.643e+5,5.370e-2
351.41,2.014e+5,2.014e+5,1.257e-2
351.46,1.473e+5,1.473e+5,2.824e-3
351.51,1.035e+5,1.035e+5,6.090e-4
351.56,6.985e+4,6.985e+4,1.261e-4
351.61,4.525e+4,4.525e+4,2.505e-5
351.66,2.815e+4,2.815e+4,4.779e-6
351.71,1.681e+4,1.681e+4,8.750e-7
351.76,9.644e+3,9.644e+3,
351.81,5.312e+3,5.312e+3,
351.86,2.809e+3,2.809e+3,
351.91,1.427e+3,1.427e+3,
351.96,6.958e+2,6.958e+2,
352.01,3.258e+2,3.258e+2,
352.06,1.465e+2,1.465e+2,
352.11,6.326e+1,6.326e+1,
352.16,2.623e+1,2.623e+1,
352.21,1.044e+1,1.044e+1,
352.26,3.992e+0,3.992e+0,
352.31,1.465e+0,1.465e+0,
352.36,5.166e-1,5.166e-1,
352.41,1.748e-1,1.748e-1,
352.46,5.683e-2,5.683e-2,
352.51,1.774e-2,1.774e-2,
352.56,5.316e-3,5.316e-3,
352.61,1.530e-3,1.530e-3,
352.66,4.227e-4,4.227e-4,
352.71,1.122e-4,1.122e-4,
352.76,3.017e-5,2.858e-5,1.592e-6
352.81,1.553e-5,6.993e-6,8.535e-6
352.86,4.562e-5,1.643e-6,4.397e-5
352.91,2.181e-4,3.706e-7,2.178e-4
352.96,1.036e-3,8.029e-8,1.036e-3
353.01,4.740e-3,1.670e-8,4.740e-3
353.06,2.084e-2,3.336e-9,2.084e-2
353.11,8.804e-2,3.315e-9,8.804e-2
353.16,3.575e-1,1.464e-8,3.575e-1
353.21,1.395e+0,7.577e-8,1.395e+0
353.26,5.233e+0,3.799e-7,5.233e+0
353.31,1.886e+1,1.831e-6,1.886e+1
353.36,6.534e+1,8.482e-6,6.534e+1
353.41,2.176e+2,3.777e-5,2.176e+2
353.46,6.961e+2,1.616e-4,6.961e+2
353.51,2.141e+3,6.648e-4,2.141e+3
353.56,6.328e+3,2.629e-3,6.328e+3
353.61,1.798e+4,9.989e-3,1.798e+4
353.66,4.907e+4,3.648e-2,4.907e+4
353.71,1.288e+5,1.281e-1,1.288e+5
353.76,3.247e+5,4.322e-1,3.247e+5
353.81,7.869e+5,1.402e+0,7.869e+5
353.86,1.833e+6,4.369e+0,1.833e+6
353.91,4.103e+6,1.309e+1,4.103e+6
353.96,8.828e+6,3.770e+1,8.828e+6
354.01,1.825e+7,1.043e+2,1.825e+7
354.06,3.628e+7,2.776e+2,3.628e+7
354.11,6.928e+7,7.098e+2,6.928e+7
354.16,1.272e+8,1.745e+3,1.272e+8
354.21,2.244e+8,4.121e+3,2.244e+8
354.26,3.804e+8,9.357e+3,3.804e+8
354.31,6.199e+8,2.042e+4,6.198e+8
354.36,9.708e+8,4.284e+4,9.707e+8
354.41,1.461e+9,8.636e+4,1.461e+9
354.46,2.114e+9,1.674e+5,2.114e+9
354.51,2.939e+9,3.117e+5,2.938e+9
354.56,3.927e+9,5.580e+5,3.926e+9
354.61,5.043e+9,9.602e+5,5.042e+9
354.66,6.224e+9,1.588e+6,6.222e+9
354.71,7.383e+9,2.524e+6,7.380e+9
354.76,8.417e+9,3.857e+6,8.413e+9
354.81,9.223e+9,5.664e+6,9.218e+9
354.86,9.714e+9,7.994e+6,9.706e+9
354.91,9.833e+9,1.085e+7,9.822e+9
354.96,9.567e+9,1.414e+7,9.553e+9
355.01,8.947e+9,1.773e+7,8.929e+9
355.07,7.836e+9,2.206e+7,7.814e+9
355.12,6.719e+9,2.534e+7,6.694e+9
355.17,5.538e+9,2.798e+7,5.510e+9
355.22,4.389e+9,2.969e+7,4.360e+9
355.27,3.345e+9,3.028e+7,3.315e+9
355.32,2.452e+9,2.969e+7,2.423e+9
355.37,1.730e+9,2.798e+7,1.702e+9
355.42,1.174e+9,2.534e+7,1.149e+9
355.47,7.673e+8,2.206e+7,7.452e+8
355.52,4.831e+8,1.846e+7,4.646e+8
355.57,2.933e+8,1.484e+7,2.784e+8
355.62,1.718e+8,1.147e+7,1.604e+8
355.67,9.728e+7,8.524e+6,8.876e+7
355.72,5.330e+7,6.087e+6,4.722e+7
355.77,2.832e+7,4.178e+6,2.414e+7
355.82,1.462e+7,2.756e+6,1.186e+7
355.87,7.349e+6,1.748e+6,5.601e+6
355.92,3.607e+6,1.065e+6,2.542e+6
355.97,1.733e+6,6.240e+5,1.109e+6
356.02,8.162e+5,3.513e+5,4.649e+5
356.07,3.774e+5,1.901e+5,1.873e+5
356.12,1.714e+5,9.889e+4,7.253e+4
356.17,7.643e+4,4.944e+4,2.699e+4
356.22,3.341e+4,2.376e+4,9.654e+3
356.27,1.429e+4,1.098e+4,3.318e+3
356.32,5.976e+3,4.880e+3,1.096e+3
356.37,2.451e+3,2.103e+3,3.481e+2
356.42,1.021e+3,9.149e+2,1.062e+2
356.47,5.227e+2,4.916e+2,3.115e+1
356.52,5.082e+2,4.994e+2,8.782e+0
356.57,9.044e+2,9.020e+2,2.387e+0
356.62,1.909e+3,1.909e+3,6.543e-1
356.67,4.030e+3,4.030e+3,2.977e-1
356.72,8.234e+3,8.233e+3,5.966e-1
356.77,1.619e+4,1.619e+4,2.117e+0
356.82,3.063e+4,3.062e+4,7.647e+0
356.87,5.572e+4,5.569e+4,2.666e+1
356.92,9.750e+4,9.742e+4,8.943e+1
356.97,1.641e+5,1.639e+5,2.885e+2
357.02,2.659e+5,2.650e+5,8.953e+2
357.07,4.150e+5,4.123e+5,2.672e+3
357.12,6.244e+5,6.167e+5,7.671e+3
357.17,9.084e+5,8.872e+5,2.118e+4
357.22,1.284e+6,1.227e+6,5.625e+4
357.27,1.776e+6,1.633e+6,1.437e+5
357.32,2.442e+6,2.089e+6,3.531e+5
357.37,3.404e+6,2.570e+6,8.343e+5
357.42,4.937e+6,3.040e+6,1.896e+6
357.47,7.605e+6,3.459e+6,4.146e+6
357.52,1.250e+7,3.784e+6,8.718e+6
357.57,2.161e+7,3.982e+6,1.763e+7
357.62,3.833e+7,4.029e+6,3.430e+7
357.67,6.810e+7,3.920e+6,6.418e+7
357.72,1.192e+8,3.668e+6,1.155e+8
357.77,2.032e+8,3.300e+6,1.999e+8
357.82,3.357e+8,2.856e+6,3.329e+8
357.87,5.354e+8,2.376e+6,5.331e+8
357.92,8.230e+8,1.902e+6,8.211e+8
357.97,1.218e+9,1.463e+6,1.216e+9
358.02,1.734e+9,1.083e+6,1.733e+9
358.07,2.376e+9,7.707e+5,2.375e+9
358.12,3.132e+9,5.274e+5,3.131e+9
358.17,3.971e+9,3.471e+5,3.970e+9
358.22,4.842e+9,2.197e+5,4.842e+9
358.27,5.680e+9,1.337e+5,5.680e+9
358.32,6.408e+9,7.826e+4,6.408e+9
358.37,6.953e+9,4.405e+4,6.953e+9
358.42,7.257e+9,2.384e+4,7.257e+9
358.47,7.286e+9,1.241e+4,7.286e+9
358.52,7.035e+9,6.212e+3,7.035e+9
358.57,6.534e+9,2.990e+3,6.534e+9
358.62,5.836e+9,1.384e+3,5.836e+9
358.67,5.015e+9,6.161e+2,5.015e+9
358.72,4.144e+9,2.638e+2,4.144e+9
358.77,3.294e+9,1.086e+2,3.294e+9
358.82,2.518e+9,4.298e+1,2.518e+9
358.87,1.852e+9,1.636e+1,1.852e+9
358.92,1.311e+9,5.991e+0,1.311e+9
358.97,8.940e+8,2.109e+0,8.940e+8
359.02,5.900e+8,7.141e-1,5.900e+8
359.07,3.824e+8,2.325e-1,3.824e+8
359.12,2.551e+8,7.280e-2,2.551e+8
359.17,1.971e+8,2.192e-2,1.971e+8
359.22,2.064e+8,6.347e-3,2.064e+8
359.27,2.937e+8,1.767e-3,2.937e+8
359.32,4.865e+8,4.732e-4,4.865e+8
359.37,8.319e+8,1.219e-4,8.319e+8
359.42,1.399e+9,3.017e-5,1.399e+9
359.47,2.280e+9,7.185e-6,2.280e+9
359.52,3.585e+9,1.645e-6,3.585e+9
359.57,5.430e+9,3.624e-7,5.430e+9
359.62,7.921e+9,7.674e-8,7.921e+9
359.67,1.113e+10,1.563e-8,1.113e+10
359.72,1.506e+10,3.061e-9,1.506e+10
359.77,1.963e+10,5.765e-10,1.963e+10
359.82,2.465e+10,,2.465e+10
359.87,2.982e+10,,2.982e+10
359.92,3.475e+10,7.554e-8,3.475e+10
359.97,3.902e+10,3.879e-7,3.902e+10
360.02,4.221e+10,1.917e-6,4.221e+10
360.07,4.402e+10,9.121e-6,4.402e+10
360.12,4.423e+10,4.177e-5,4.423e+10
360.17,4.285e+10,1.841e-4,4.285e+10
360.22,4.003e+10,7.813e-4,4.003e+10
360.27,3.606e+10,3.191e-3,3.606e+10
360.32,3.137e+10,1.255e-2,3.137e+10
360.37,2.640e+10,4.748e-2,2.640e+10
360.42,2.157e+10,1.730e-1,2.157e+10
360.47,1.724e+10,6.066e-1,1.724e+10
360.52,1.367e+10,2.047e+0,1.367e+10
360.57,1.102e+10,6.653e+0,1.102e+10
360.62,9.368e+9,2.081e+1,9.368e+9
360.67,8.679e+9,6.264e+1,8.679e+9
360.72,8.872e+9,1.815e+2,8.872e+9
360.77,9.800e+9,5.063e+2,9.800e+9
360.82,1.127e+10,1.360e+3,1.127e+10
360.87,1.307e+10,3.514e+3,1.307e+10
360.92,1.493e+10,8.742e+3,1.493e+10
360.97,1.663e+10,2.094e+4,1.663e+10
361.02,1.792e+10,4.826e+4,1.792e+10
361.07,1.864e+10,1.071e+5,1.864e+10
361.12,1.869e+10,2.287e+5,1.869e+10
361.17,1.804e+10,4.703e+5,1.804e+10
361.22,1.677e+10,9.307e+5,1.677e+10
361.27,1.501e+10,1.773e+6,1.500e+10
361.32,1.292e+10,3.251e+6,1.292e+10
361.37,1.071e+10,5.739e+6,1.071e+10
361.42,8.548e+9,9.750e+6,8.538e+9
361.47,6.569e+9,1.595e+7,6.553e+9
361.52,4.866e+9,2.510e+7,4.840e+9
361.57,3.479e+9,3.804e+7,3.441e+9
361.62,2.410e+9,5.549e+7,2.354e+9
361.67,1.628e+9,7.792e+7,1.550e+9
361.72,1.087e+9,1.053e+8,9.822e+8
361.77,7.362e+8,1.370e+8,5.992e+8
361.82,5.238e+8,1.716e+8,3.522e+8
361.87,4.071e+8,2.068e+8,2.003e+8
361.92,3.517e+8,2.400e+8,1.117e+8
361.97,3.321e+8,2.681e+8,6.407e+7
362.02,3.315e+8,2.882e+8,4.328e+7
362.07,3.399e+8,2.983e+8,4.163e+7
362.12,3.539e+8,2.971e+8,5.671e+7
362.17,3.753e+8,2.849e+8,9.035e+7
362.22,4.109e+8,2.630e+8,1.478e+8
362.27,4.711e+8,2.337e+8,2.374e+8
362.32,5.694e+8,1.999e+8,3.696e+8
362.37,7.206e+8,1.645e+8,5.560e+8
362.42,9.392e+8,1.304e+8,8.088e+8
362.47,1.238e+9,9.946e+7,1.139e+9
362.52,1.627e+9,7.303e+7,1.554e+9
362.57,2.113e+9,5.161e+7,2.061e+9
362.62,2.699e+9,3.512e+7,2.664e+9
362.67,3.388e+9,2.300e+7,3.365e+9
362.72,4.185e+9,1.450e+7,4.170e+9
362.77,5.096e+9,8.796e+6,5.087e+9
362.82,6.132e+9,5.138e+6,6.127e+9
362.87,7.301e+9,2.889e+6,7.298e+9
362.92,8.607e+9,1.563e+6,8.605e+9
362.97,1.003e+10,8.144e+5,1.003e+10
363.02,1.154e+10,4.084e+5,1.154e+10
363.07,1.306e+10,1.971e+5,1.306e+10
363.12,1.449e+10,9.159e+4,1.449e+10
363.17,1.571e+10,4.096e+4,1.571e+10
363.22,1.658e+10,1.763e+4,1.658e+10
363.27,1.699e+10,7.307e+3,1.699e+10
363.32,1.688e+10,2.915e+3,1.688e+10
363.37,1.623e+10,1.119e+3,1.623e+10
363.42,1.507e+10,4.137e+2,1.507e+10
363.47,1.351e+10,1.472e+2,1.351e+10
363.52,1.169e+10,5.040e+1,1.169e+10
363.57,9.749e+9,1.661e+1,9.749e+9
363.62,7.836e+9,5.272e+0,7.836e+9
363.67,6.068e+9,1.610e+0,6.068e+9
363.72,4.527e+9,4.734e-1,4.527e+9
363.77,3.253e+9,1.340e-1,3.253e+9
363.82,2.251e+9,3.650e-2,2.251e+9
363.87,1.500e+9,9.571e-3,1.500e+9
363.92,9.629e+8,2.416e-3,9.629e+8
363.97,5.950e+8,5.870e-4,5.950e+8
364.02,3.541e+8,1.373e-4,3.541e+8
364.07,2.029e+8,3.090e-5,2.029e+8
364.12,1.119e+8,6.697e-6,1.119e+8
364.17,5.945e+7,1.397e-6,5.945e+7
364.22,3.040e+7,2.805e-7,3.040e+7
364.27,1.497e+7,5.421e-8,1.497e+7
364.32,7.099e+6,,7.099e+6
364.37,3.241e+6,,3.241e+6
364.42,1.424e+6,,1.424e+6
364.47,6.028e+5,,6.028e+5
364.52,2.456e+5,,2.456e+5
364.57,9.637e+4,,9.637e+4
364.62,3.640e+4,,3.640e+4
364.67,1.324e+4,,1.324e+4
364.72,4.638e+3,,4.638e+3
364.77,1.567e+3,,1.567e+3
364.82,5.205e+2,,5.205e+2
364.87,2.018e+2,,2.018e+2
364.92,1.862e+2,,1.862e+2
364.97,4.416e+2,,4.416e+2
365.02,1.277e+3,,1.277e+3
365.07,3.653e+3,,3.653e+3
365.12,1.009e+4,,1.009e+4
365.17,2.687e+4,,2.687e+4
365.22,6.891e+4,,6.891e+4
365.27,1.703e+5,,1.703e+5
365.32,4.055e+5,,4.055e+5
365.37,9.302e+5,,9.302e+5
365.42,2.056e+6,,2.056e+6
365.47,4.377e+6,,4.377e+6
365.52,8.980e+6,,8.980e+6
365.57,1.775e+7,,1.775e+7
365.62,3.380e+7,,3.380e+7
365.67,6.201e+7,,6.201e+7
365.72,1.096e+8,,1.096e+8
365.77,1.867e+8,,1.867e+8
365.82,3.063e+8,,3.063e+8
365.87,4.842e+8,,4.842e+8
365.92,7.375e+8,,7.375e+8
365.97,1.082e+9,,1.082e+9
366.02,1.530e+9,,1.530e+9
366.07,2.084e+9,,2.084e+9
366.12,2.735e+9,,2.735e+9
366.17,3.458e+9,,3.458e+9
366.22,4.212e+9,,4.212e+9
366.27,4.943e+9,,4.943e+9
366.32,5.590e+9,,5.590e+9
366.37,6.089e+9,,6.089e+9
366.42,6.391e+9,,6.391e+9
366.47,6.463e+9,,6.463e+9
366.52,6.297e+9,,6.297e+9
366.57,5.911e+9,,5.911e+9
366.62,5.345e+9,,5.345e+9
366.67,4.658e+9,,4.658e+9
366.72,3.910e+9,,3.910e+9
366.77,3.162e+9,,3.162e+9
366.82,2.464e+9,,2.464e+9
366.87,1.850e+9,,1.850e+9
366.92,1.338e+9,,1.338e+9
366.97,9.325e+8,,9.325e+8
367.02,6.261e+8,2.552e-10,6.261e+8
367.07,4.050e+8,1.286e-9,4.050e+8
367.12,2.524e+8,6.247e-9,2.524e+8
367.17,1.516e+8,2.925e-8,1.516e+8
367.22,8.767e+7,1.321e-7,8.767e+7
367.27,4.887e+7,5.746e-7,4.887e+7
367.32,2.624e+7,2.410e-6,2.624e+7
367.37,1.358e+7,9.747e-6,1.358e+7
367.42,6.767e+6,3.799e-5,6.767e+6
367.47,3.250e+6,1.428e-4,3.250e+6
367.52,1.504e+6,5.172e-4,1.504e+6
367.57,6.703e+5,1.806e-3,6.703e+5
367.62,2.879e+5,6.080e-3,2.879e+5
367.67,1.191e+5,1.973e-2,1.191e+5
367.72,4.749e+4,6.172e-2,4.749e+4
367.77,1.824e+4,1.861e-1,1.824e+4
367.82,6.751e+3,5.410e-1,6.750e+3
367.87,2.408e+3,1.516e+0,2.407e+3
367.92,8.308e+2,4.096e+0,8.267e+2
367.97,2.843e+2,1.067e+1,2.736e+2
368.02,1.140e+2,2.678e+1,8.724e+1
368.07,9.160e+1,6.480e+1,2.680e+1
368.12,1.591e+2,1.512e+2,7.932e+0
368.17,3.422e+2,3.400e+2,2.262e+0
368.22,7.376e+2,7.370e+2,6.214e-1
368.27,1.540e+3,1.540e+3,1.645e-1
368.32,3.103e+3,3.103e+3,4.195e-2
368.37,6.026e+3,6.026e+3,1.031e-2
368.42,1.128e+4,1.128e+4,2.440e-3
368.47,2.036e+4,2.036e+4,5.565e-4
368.52,3.542e+4,3.542e+4,1.223e-4
368.57,5.941e+4,5.941e+4,2.589e-5
368.62,9.604e+4,9.604e+4,5.280e-6
368.67,1.497e+5,1.497e+5,1.038e-6
368.72,2.249e+5,2.249e+5,
368.77,3.257e+5,3.257e+5,
368.82,4.547e+5,4.547e+5,1.925e-5
368.87,6.120e+5,6.120e+5,9.413e-5
368.92,7.940e+5,7.940e+5,4.439e-4
368.97,9.930e+5,9.930e+5,2.019e-3
369.02,1.197e+6,1.197e+6,8.852e-3
369.07,1.391e+6,1.391e+6,3.744e-2
369.12,1.559e+6,1.559e+6,1.527e-1
369.17,1.684e+6,1.684e+6,6.004e-1
369.22,1.753e+6,1.753e+6,2.277e+0
369.27,1.760e+6,1.760e+6,8.326e+0
369.32,1.702e+6,1.702e+6,2.936e+1
369.37,1.588e+6,1.588e+6,9.986e+1
369.42,1.428e+6,1.428e+6,3.275e+2
369.47,1.238e+6,1.237e+6,1.036e+3
369.52,1.037e+6,1.034e+6,3.158e+3
369.57,8.420e+5,8.327e+5,9.289e+3
369.62,6.729e+5,6.466e+5,2.634e+4
369.67,5.560e+5,4.839e+5,7.205e+4
369.72,5.392e+5,3.492e+5,1.900e+5
369.77,7.261e+5,2.429e+5,4.832e+5
369.82,1.348e+6,1.629e+5,1.185e+6
369.87,2.908e+6,1.053e+5,2.803e+6
369.92,6.458e+6,6.559e+4,6.393e+6
369.97,1.410e+7,3.940e+4,1.406e+7
370.02,2.984e+7,2.281e+4,2.982e+7
370.07,6.100e+7,1.273e+4,6.099e+7
370.12,1.203e+8,6.851e+3,1.203e+8
370.17,2.288e+8,3.554e+3,2.288e+8
370.22,4.196e+8,1.777e+3,4.196e+8
370.27,7.421e+8,8.566e+2,7.421e+8
370.32,1.266e+9,3.980e+2,1.266e+9
370.37,2.082e+9,1.783e+2,2.082e+9
370.42,3.302e+9,7.699e+1,3.302e+9
370.47,5.051e+9,3.205e+1,5.051e+9
370.52,7.450e+9,1.286e+1,7.450e+9
370.57,1.060e+10,4.975e+0,1.060e+10
370.62,1.453e+10,1.855e+0,1.453e+10
370.67,1.922e+10,6.668e-1,1.922e+10
370.72,2.452e+10,2.311e-1,2.452e+10
370.77,3.016e+10,7.719e-2,3.016e+10
370.82,3.577e+10,2.486e-2,3.577e+10
370.87,4.092e+10,7.716e-3,4.092e+10
370.92,4.514e+10,2.309e-3,4.514e+10
370.97,4.801e+10,6.661e-4,4.801e+10
371.02,4.925e+10,1.852e-4,4.925e+10
371.07,4.871e+10,4.966e-5,4.871e+10
371.12,4.647e+10,1.283e-5,4.647e+10
371.17,4.274e+10,3.197e-6,4.274e+10
371.22,3.791e+10,7.677e-7,3.791e+10
371.27,3.243e+10,1.777e-7,3.243e+10
371.32,2.675e+10,3.966e-8,2.675e+10
371.37,2.128e+10,8.532e-9,2.128e+10
371.42,1.632e+10,1.769e-9,1.632e+10
371.47,1.208e+10,3.537e-10,1.208e+10
371.52,8.614e+9,,8.614e+9
371.57,5.926e+9,,5.926e+9
371.62,3.931e+9,,3.931e+9
371.67,2.515e+9,,2.515e+9
371.72,1.551e+9,,1.551e+9
371.77,9.228e+8,,9.228e+8
371.82,5.294e+8,,5.294e+8
371.87,2.929e+8,,2.929e+8
371.92,1.562e+8,,1.562e+8
371.97,8.038e+7,,8.038e+7
372.02,3.987e+7,,3.987e+7
372.07,1.908e+7,,1.908e+7
372.12,8.800e+6,,8.800e+6
372.17,3.915e+6,,3.915e+6
372.22,1.680e+6,,1.680e+6
372.27,6.949e+5,,6.949e+5
372.32,2.772e+5,,2.772e+5
372.37,1.067e+5,,1.067e+5
372.42,3.957e+4,,3.957e+4
372.47,1.416e+4,,1.416e+4
372.52,4.884e+3,,4.884e+3
372.57,1.625e+3,,1.625e+3
372.62,5.213e+2,,5.213e+2
372.67,1.613e+2,,1.613e+2
372.72,4.812e+1,,4.812e+1
372.77,1.385e+1,,1.385e+1
372.82,3.846e+0,,3.846e+0
372.87,1.049e+0,,1.049e+0
372.92,3.443e-1,,3.443e-1
372.97,3.540e-1,,3.540e-1
373.02,1.028e+0,,1.028e+0
373.07,3.436e+0,,3.436e+0
373.12,1.123e+1,,1.123e+1
373.17,3.547e+1,,3.547e+1
373.22,1.081e+2,,1.081e+2
373.27,3.179e+2,,3.179e+2
373.32,9.023e+2,,9.023e+2
373.37,2.471e+3,,2.471e+3
373.42,6.532e+3,,6.532e+3
373.47,1.666e+4,,1.666e+4
373.52,4.101e+4,,4.101e+4
373.57,9.740e+4,,9.740e+4
373.62,2.233e+5,,2.233e+5
373.67,4.939e+5,,4.939e+5
373.72,1.054e+6,,1.054e+6
373.77,2.172e+6,,2.172e+6
373.82,4.318e+6,,4.318e+6
373.87,8.283e+6,,8.283e+6
373.92,1.533e+7,,1.533e+7
373.97,2.740e+7,,2.740e+7
374.02,4.724e+7,,4.724e+7
374.07,7.859e+7,,7.859e+7
374.12,1.262e+8,,1.262e+8
374.17,1.955e+8,,1.955e+8
374.22,2.924e+8,,2.924e+8
374.27,4.219e+8,,4.219e+8
374.32,5.874e+8,,5.874e+8
374.37,7.894e+8,,7.894e+8
374.42,1.024e+9,,1.024e+9
374.47,1.281e+9,,1.281e+9
374.52,1.547e+9,,1.547e+9
374.57,1.803e+9,,1.803e+9
374.62,2.028e+9,,2.028e+9
374.67,2.201e+9,,2.201e+9
374.72,2.305e+9,,2.305e+9
374.77,2.330e+9,,2.330e+9
374.82,2.273e+9,,2.273e+9
374.87,2.139e+9,,2.139e+9
374.92,1.943e+9,,1.943e+9
374.97,1.703e+9,,1.703e+9
375.02,1.441e+9,,1.441e+9
375.07,1.176e+9,,1.176e+9
375.12,9.266e+8,,9.266e+8
375.17,7.044e+8,,7.044e+8
375.22,5.168e+8,,5.168e+8
375.27,3.659e+8,,3.659e+8
375.32,2.500e+8,,2.500e+8
375.37,1.648e+8,,1.648e+8
375.42,1.049e+8,,1.049e+8
375.47,6.439e+7,,6.439e+7
375.52,3.815e+7,,3.815e+7
375.57,2.181e+7,,2.181e+7
375.62,1.204e+7,,1.204e+7
375.67,6.410e+6,,6.410e+6
375.72,3.294e+6,,3.294e+6
375.77,1.634e+6,,1.634e+6
375.82,7.821e+5,,7.821e+5
375.87,3.622e+5,,3.622e+5
375.92,1.642e+5,,1.642e+5
375.97,7.855e+4,,7.855e+4
376.02,5.433e+4,,5.433e+4
376.07,7.920e+4,,7.920e+4
376.12,1.773e+5,,1.773e+5
376.17,4.277e+5,,4.277e+5
376.22,1.015e+6,,1.015e+6
376.27,2.330e+6,,2.330e+6
376.32,5.171e+6,,5.171e+6
376.37,1.108e+7,,1.108e+7
376.42,2.292e+7,,2.292e+7
376.47,4.577e+7,,4.577e+7
376.52,8.829e+7,,8.829e+7
376.57,1.644e+8,,1.644e+8
376.62,2.957e+8,,2.957e+8
376.67,5.134e+8,,5.134e+8
376.72,8.610e+8,,8.610e+8
376.77,1.394e+9,,1.394e+9
376.82,2.180e+9,,2.180e+9
376.87,3.292e+9,,3.292e+9
376.92,4.802e+9,,4.802e+9
376.97,6.764e+9,,6.764e+9
377.02,9.202e+9,,9.202e+9
377.07,1.209e+10,,1.209e+10
377.12,1.535e+10,,1.535e+10
377.17,1.883e+10,,1.883e+10
377.22,2.231e+10,,2.231e+10
377.27,2.555e+10,,2.555e+10
377.32,2.827e+10,,2.827e+10
377.37,3.023e+10,,3.023e+10
377.42,3.126e+10,,3.126e+10
377.47,3.125e+10,,3.125e+10
377.52,3.022e+10,,3.022e+10
377.57,2.826e+10,,2.826e+10
377.62,2.558e+10,,2.558e+10
377.67,2.240e+10,,2.240e+10
377.72,1.900e+10,,1.900e+10
377.77,1.561e+10,,1.561e+10
377.82,1.243e+10,,1.243e+10
377.87,9.601e+9,,9.601e+9
377.92,7.202e+9,,7.202e+9
377.97,5.262e+9,,5.262e+9
378.02,3.770e+9,,3.770e+9
378.07,2.691e+9,,2.691e+9
378.12,1.979e+9,,1.979e+9
378.17,1.594e+9,,1.594e+9
378.22,1.505e+9,,1.505e+9
378.27,1.694e+9,,1.694e+9
378.32,2.159e+9,,2.159e+9
378.37,2.902e+9,,2.902e+9
378.42,3.924e+9,,3.924e+9
378.47,5.214e+9,,5.214e+9
378.52,6.737e+9,,6.737e+9
378.57,8.433e+9,,8.433e+9
378.62,1.021e+10,,1.021e+10
378.67,1.193e+10,,1.193e+10
378.72,1.348e+10,,1.348e+10
378.77,1.470e+10,,1.470e+10
378.82,1.549e+10,,1.549e+10
378.87,1.576e+10,,1.576e+10
378.92,1.549e+10,,1.549e+10
378.97,1.470e+10,,1.470e+10
379.02,1.348e+10,,1.348e+10
379.07,1.193e+10,,1.193e+10
379.12,1.020e+10,,1.020e+10
379.17,8.421e+9,,8.421e+9
379.22,6.715e+9,,6.715e+9
379.27,5.171e+9,,5.171e+9
379.32,3.846e+9,,3.846e+9
379.37,2.762e+9,,2.762e+9
379.42,1.916e+9,,1.916e+9
379.47,1.284e+9,,1.284e+9
379.52,8.306e+8,,8.306e+8
379.57,5.190e+8,,5.190e+8
379.62,3.132e+8,,3.132e+8
379.67,1.825e+8,,1.825e+8
379.72,1.027e+8,,1.027e+8
379.77,5.584e+7,,5.584e+7
379.82,2.932e+7,,2.932e+7
379.87,1.486e+7,,1.486e+7
379.92,7.278e+6,,7.278e+6
379.97,3.441e+6,,3.441e+6
380.02,1.572e+6,,1.572e+6
380.07,6.932e+5,,6.932e+5
380.12,2.953e+5,,2.953e+5
380.17,1.215e+5,,1.215e+5
380.22,4.830e+4,,4.830e+4
380.27,1.862e+4,,1.862e+4
380.32,7.166e+3,,7.166e+3
380.37,3.297e+3,,3.297e+3
380.42,3.100e+3,,3.100e+3
380.47,6.105e+3,,6.105e+3
380.52,1.464e+4,,1.464e+4
380.57,3.514e+4,,3.514e+4
380.62,8.193e+4,,8.193e+4
380.67,1.847e+5,,1.847e+5
380.72,4.022e+5,,4.022e+5
380.77,8.465e+5,,8.465e+5
380.82,1.722e+6,,1.722e+6
380.87,3.383e+6,,3.383e+6
380.92,6.425e+6,,6.425e+6
380.97,1.179e+7,,1.179e+7
381.02,2.090e+7,,2.090e+7
381.07,3.581e+7,,3.581e+7
381.12,5.929e+7,,5.929e+7
381.17,9.485e+7,,9.485e+7
381.22,1.466e+8,,1.466e+8
381.27,2.190e+8,,2.190e+8
381.32,3.161e+8,,3.161e+8
381.37,4.408e+8,,4.408e+8
381.42,5.941e+8,,5.941e+8
381.47,7.736e+8,,7.736e+8
381.52,9.735e+8,,9.735e+8
381.57,1.184e+9,,1.184e+9
381.62,1.391e+9,,1.391e+9
381.67,1.579e+9,,1.579e+9
381.72,1.732e+9,,1.732e+9
381.77,1.836e+9,,1.836e+9
381.82,1.881e+9,,1.881e+9
381.87,1.861e+9,,1.861e+9
381.92,1.780e+9,,1.780e+9
381.97,1.645e+9,,1.645e+9
382.02,1.469e+9,,1.469e+9
382.07,1.268e+9,,1.268e+9
382.12,1.058e+9,,1.058e+9
382.17,8.531e+8,,8.531e+8
382.22,6.662e+8,,6.662e+8
382.27,5.052e+8,,5.052e+8
382.32,3.752e+8,,3.752e+8
382.37,2.788e+8,,2.788e+8
382.42,2.172e+8,,2.172e+8
382.47,1.921e+8,,1.921e+8
382.52,2.071e+8,,2.071e+8
382.57,2.687e+8,,2.687e+8
382.62,3.866e+8,,3.866e+8
382.67,5.742e+8,,5.742e+8
382.72,8.468e+8,,8.468e+8
382.77,1.220e+9,,1.220e+9
382.82,1.704e+9,,1.704e+9
382.87,2.305e+9,,2.305e+9
382.92,3.016e+9,,3.016e+9
382.97,3.814e+9,,3.814e+9
383.02,4.661e+9,,4.661e+9
383.07,5.507e+9,,5.507e+9
383.12,6.289e+9,,6.289e+9
383.17,6.941e+9,,6.941e+9
383.22,7.405e+9,,7.405e+9
383.27,7.635e+9,,7.635e+9
383.32,7.609e+9,,7.609e+9
383.37,7.330e+9,,7.330e+9
383.42,6.824e+9,,6.824e+9
383.47,6.141e+9,,6.141e+9
383.52,5.341e+9,,5.341e+9
383.57,4.490e+9,,4.490e+9
383.62,3.648e+9,,3.648e+9
383.67,2.865e+9,,2.865e+9
383.72,2.175e+9,,2.175e+9
383.77,1.596e+9,,1.596e+9
383.82,1.131e+9,,1.131e+9
383.87,7.755e+8,,7.755e+8
383.92,5.137e+8,,5.137e+8
383.97,3.289e+8,,3.289e+8
384.02,2.035e+8,,2.035e+8
384.07,1.218e+8,,1.218e+8
384.12,7.039e+7,,7.039e+7
384.17,3.933e+7,,3.933e+7
384.22,2.124e+7,,2.124e+7
384.27,1.109e+7,,1.109e+7
384.32,5.595e+6,,5.595e+6
384.37,2.728e+6,,2.728e+6
384.42,1.286e+6,,1.286e+6
384.47,5.859e+5,,5.859e+5
384.52,2.580e+5,,2.580e+5
384.57,1.098e+5,,1.098e+5
384.62,4.517e+4,,4.517e+4
384.67,1.796e+4,,1.796e+4
384.72,6.901e+3,,6.901e+3
384.77,2.563e+3,,2.563e+3
384.82,9.202e+2,,9.202e+2
384.87,3.193e+2,,3.193e+2
384.92,1.071e+2,,1.071e+2
384.97,3.471e+1,,3.471e+1
385.02,1.088e+1,,1.088e+1
385.07,3.293e+0,,3.293e+0
385.12,9.639e-1,,9.639e-1
385.17,2.727e-1,,2.727e-1
385.22,7.456e-2,,7.456e-2
385.27,1.971e-2,,1.971e-2
385.32,5.034e-3,,5.034e-3
385.37,1.243e-3,,1.243e-3
385.42,2.966e-4,,2.966e-4
385.47,6.840e-5,,6.840e-5
385.52,1.546e-5,,1.546e-5
385.57,4.237e-6,,4.237e-6
385.62,4.205e-6,,4.205e-6
385.67,1.798e-5,,1.798e-5
385.72,7.433e-5,,7.433e-5
385.77,2.973e-4,,2.973e-4
385.82,1.150e-3,,1.150e-3
385.87,4.304e-3,,4.304e-3
385.93,2.007e-2,,2.007e-2
385.98,6.982e-2,,6.982e-2
386.03,2.349e-1,,2.349e-1
386.08,7.646e-1,,7.646e-1
386.13,2.407e+0,,2.407e+0
386.18,7.331e+0,,7.331e+0
386.23,2.160e+1,,2.160e+1
386.28,6.154e+1,,6.154e+1
386.33,1.696e+2,,1.696e+2
386.38,4.522e+2,,4.522e+2
386.43,1.166e+3,,1.166e+3
386.48,2.909e+3,,2.909e+3
386.53,7.021e+3,,7.021e+3
386.58,1.639e+4,,1.639e+4
386.63,3.700e+4,,3.700e+4
386.68,8.082e+4,,8.082e+4
386.73,1.707e+5,,1.707e+5
386.78,3.489e+5,,3.489e+5
386.83,6.897e+5,,6.897e+5
386.88,1.319e+6,,1.319e+6
386.93,2.439e+6,,2.439e+6
386.98,4.364e+6,,4.364e+6
387.03,7.553e+6,,7.553e+6
387.08,1.264e+7,,1.264e+7
387.13,2.048e+7,,2.048e+7
387.18,3.207e+7,,3.207e+7
387.23,4.860e+7,,4.860e+7
387.28,7.122e+7,,7.122e+7
387.33,1.010e+8,,1.010e+8
387.38,1.385e+8,,1.385e+8
387.43,1.837e+8,,1.837e+8
387.48,2.357e+8,,2.357e+8
387.53,2.925e+8,,2.925e+8
387.58,3.512e+8,,3.512e+8
387.63,4.079e+8,,4.079e+8
387.68,4.582e+8,,4.582e+8
387.73,4.980e+8,,4.980e+8
387.78,5.234e+8,,5.234e+8
387.83,5.322e+8,,5.322e+8
387.88,5.234e+8,,5.234e+8
387.93,4.980e+8,,4.980e+8
387.98,4.582e+8,,4.582e+8
388.03,4.079e+8,,4.079e+8
388.08,3.512e+8,,3.512e+8
388.13,2.925e+8,,2.925e+8
388.18,2.357e+8,,2.357e+8
388.23,1.837e+8,,1.837e+8
388.28,1.385e+8,,1.385e+8
388.33,1.010e+8,,1.010e+8
388.38,7.122e+7,,7.122e+7
388.43,4.860e+7,,4.860e+7
388.48,3.207e+7,,3.207e+7
388.53,2.048e+7,,2.048e+7
388.58,1.264e+7,,1.264e+7
388.63,7.553e+6,,7.553e+6
388.68,4.364e+6,,4.364e+6
388.73,2.439e+6,,2.439e+6
388.78,1.319e+6,,1.319e+6
388.83,6.897e+5,,6.897e+5
388.88,3.489e+5,,3.489e+5
388.93,1.707e+5,,1.707e+5
388.98,8.082e+4,,8.082e+4
389.03,3.700e+4,,3.700e+4
389.08,1.639e+4,,1.639e+4
389.13,7.021e+3,,7.021e+3
389.18,2.909e+3,,2.909e+3
389.23,1.166e+3,,1.166e+3
389.28,4.522e+2,,4.522e+2
389.33,1.696e+2,,1.696e+2
389.38,6.154e+1,,6.154e+1
389.43,2.160e+1,,2.160e+1
389.48,7.331e+0,5.548e-10,7.331e+0
389.53,2.407e+0,2.506e-9,2.407e+0
389.58,7.646e-1,1.096e-8,7.646e-1
389.63,2.349e-1,4.638e-8,2.349e-1
389.68,6.982e-2,1.900e-7,6.982e-2
389.73,2.007e-2,7.536e-7,2.007e-2
389.78,5.585e-3,2.893e-6,5.582e-3
389.83,1.512e-3,1.075e-5,1.502e-3
389.88,4.293e-4,3.865e-5,3.907e-4
389.93,2.329e-4,1.346e-4,9.833e-5
389.98,4.774e-4,4.534e-4,2.394e-5
390.03,1.485e-3,1.479e-3,5.638e-6
390.08,4.671e-3,4.670e-3,1.284e-6
390.13,1.427e-2,1.427e-2,2.830e-7
390.18,4.221e-2,4.221e-2,6.032e-8
390.23,1.209e-1,1.209e-1,
390.28,3.350e-1,3.350e-1,
390.33,8.987e-1,8.987e-1,
390.38,2.334e+0,2.334e+0,
390.43,5.866e+0,5.866e+0,
390.48,1.427e+1,1.427e+1,
390.53,3.361e+1,3.361e+1,
390.58,7.662e+1,7.662e+1,
390.63,1.691e+2,1.691e+2,
390.68,3.611e+2,3.611e+2,
390.73,7.465e+2,7.465e+2,
390.78,1.494e+3,1.494e+3,
390.83,2.894e+3,2.894e+3,
390.88,5.426e+3,5.426e+3,
390.93,9.847e+3,9.847e+3,
390.98,1.730e+4,1.730e+4,
391.03,2.941e+4,2.941e+4,
391.08,4.841e+4,4.841e+4,
391.13,7.713e+4,7.713e+4,
391.18,1.189e+5,1.189e+5,
391.23,1.776e+5,1.776e+5,
391.28,2.565e+5,2.565e+5,
391.33,3.588e+5,3.588e+5,
391.38,4.857e+5,4.857e+5,
391.43,6.365e+5,6.365e+5,
391.48,8.073e+5,8.073e+5,
391.53,9.912e+5,9.912e+5,
391.58,1.178e+6,1.178e+6,
391.63,1.355e+6,1.355e+6,
391.68,1.509e+6,1.509e+6,
391.73,1.626e+6,1.626e+6,
391.78,1.696e+6,1.696e+6,
391.83,1.713e+6,1.713e+6,
391.88,1.674e+6,1.674e+6,
391.93,1.584e+6,1.584e+6,
391.98,1.451e+6,1.451e+6,
392.03,1.286e+6,1.286e+6,
392.08,1.104e+6,1.104e+6,
392.13,9.167e+5,9.167e+5,
392.18,7.369e+5,7.369e+5,
392.23,5.735e+5,5.735e+5,
392.28,4.320e+5,4.320e+5,
392.33,3.150e+5,3.150e+5,
392.38,2.223e+5,2.223e+5,
392.43,1.519e+5,1.519e+5,
392.48,1.004e+5,1.004e+5,
392.53,6.427e+4,6.427e+4,
392.58,3.982e+4,3.982e+4,
392.63,2.388e+4,2.388e+4,
392.68,1.386e+4,1.386e+4,2.462e-6
392.73,7.788e+3,7.788e+3,1.092e-5
392.78,4.236e+3,4.236e+3,4.694e-5
392.83,2.230e+3,2.230e+3,1.953e-4
392.88,1.136e+3,1.136e+3,7.871e-4
392.93,5.605e+2,5.605e+2,3.072e-3
392.98,2.676e+2,2.676e+2,1.161e-2
393.03,1.237e+2,1.237e+2,4.251e-2
393.08,5.547e+1,5.532e+1,1.507e-1
393.13,2.447e+1,2.395e+1,5.174e-1
393.18,1.176e+1,1.004e+1,1.720e+0
393.23,9.614e+0,4.073e+0,5.541e+0
393.28,1.888e+1,1.599e+0,1.728e+1
393.33,5.280e+1,6.080e-1,5.219e+1
393.38,1.529e+2,2.237e-1,1.527e+2
393.43,4.326e+2,7.966e-2,4.325e+2
393.48,1.187e+3,2.746e-2,1.187e+3
393.53,3.153e+3,9.164e-3,3.153e+3
393.58,8.114e+3,2.960e-3,8.114e+3
393.63,2.022e+4,9.253e-4,2.022e+4
393.68,4.880e+4,2.800e-4,4.880e+4
393.73,1.141e+5,8.202e-5,1.141e+5
393.78,2.582e+5,2.326e-5,2.582e+5
393.83,5.662e+5,6.383e-6,5.662e+5
393.88,1.202e+6,1.696e-6,1.202e+6
393.93,2.472e+6,4.360e-7,2.472e+6
393.98,4.923e+6,1.085e-7,4.923e+6
394.03,9.494e+6,2.615e-8,9.494e+6
394.08,1.773e+7,6.098e-9,1.773e+7
394.13,3.208e+7,1.376e-9,3.208e+7
394.18,5.620e+7,3.007e-10,5.620e+7
394.23,9.536e+7,,9.536e+7
394.28,1.567e+8,,1.567e+8
394.33,2.493e+8,,2.493e+8
394.38,3.843e+8,,3.843e+8
394.43,5.736e+8,,5.736e+8
394.48,8.291e+8,,8.291e+8
394.53,1.161e+9,,1.161e+9
394.58,1.574e+9,,1.574e+9
394.63,2.066e+9,,2.066e+9
394.68,2.628e+9,,2.628e+9
394.73,3.236e+9,,3.236e+9
394.78,3.860e+9,,3.860e+9
394.83,4.458e+9,,4.458e+9
394.88,4.987e+9,,4.987e+9
394.93,5.403e+9,,5.403e+9
394.98,5.669e+9,,5.669e+9
395.03,5.761e+9,,5.761e+9
395.08,5.669e+9,,5.669e+9
395.13,5.403e+9,,5.403e+9
395.18,4.987e+9,,4.987e+9
395.23,4.458e+9,,4.458e+9
395.28,3.860e+9,,3.860e+9
395.33,3.236e+9,,3.236e+9
395.38,2.628e+9,,2.628e+9
395.43,2.066e+9,,2.066e+9
395.48,1.574e+9,,1.574e+9
395.53,1.161e+9,,1.161e+9
395.58,8.291e+8,,8.291e+8
395.63,5.736e+8,,5.736e+8
395.68,3.843e+8,,3.843e+8
395.73,2.493e+8,,2.493e+8
395.78,1.567e+8,,1.567e+8
395.83,9.536e+7,,9.536e+7
395.88,5.620e+7,,5.620e+7
395.93,3.208e+7,,3.208e+7
395.98,1.773e+7,,1.773e+7
396.03,9.494e+6,,9.494e+6
396.08,4.923e+6,,4.923e+6
396.13,2.472e+6,,2.472e+6
396.18,1.202e+6,,1.202e+6
396.23,5.662e+5,,5.662e+5
396.28,2.582e+5,,2.582e+5
396.33,1.141e+5,,1.141e+5
396.38,4.880e+4,,4.880e+4
396.43,2.022e+4,,2.022e+4
396.48,8.125e+3,,8.125e+3
396.53,3.188e+3,,3.188e+3
396.58,1.290e+3,5.350e-10,1.290e+3
396.63,7.259e+2,2.379e-9,7.259e+2
396.68,9.597e+2,1.025e-8,9.597e+2
396.73,2.203e+3,4.279e-8,2.203e+3
396.78,5.573e+3,1.731e-7,5.573e+3
396.83,1.391e+4,6.789e-7,1.391e+4
396.88,3.372e+4,2.580e-6,3.372e+4
396.93,7.923e+4,9.499e-6,7.923e+4
396.98,1.804e+5,3.389e-5,1.804e+5
397.03,3.980e+5,1.172e-4,3.980e+5
397.08,8.507e+5,3.928e-4,8.507e+5
397.13,1.762e+6,1.276e-3,1.762e+6
397.18,3.537e+6,4.014e-3,3.537e+6
397.23,6.878e+6,1.224e-2,6.878e+6
397.28,1.296e+7,3.618e-2,1.296e+7
397.33,2.367e+7,1.036e-1,2.367e+7
397.38,4.187e+7,2.876e-1,4.187e+7
397.43,7.179e+7,7.736e-1,7.179e+7
397.48,1.193e+8,2.016e+0,1.193e+8
397.53,1.920e+8,5.093e+0,1.920e+8
397.58,2.994e+8,1.247e+1,2.994e+8
397.63,4.525e+8,2.958e+1,4.525e+8
397.68,6.626e+8,6.799e+1,6.626e+8
397.73,9.402e+8,1.515e+2,9.402e+8
397.78,1.293e+9,3.270e+2,1.293e+9
397.83,1.722e+9,6.840e+2,1.722e+9
397.88,2.223e+9,1.387e+3,2.223e+9
397.93,2.781e+9,2.724e+3,2.781e+9
397.98,3.370e+9,5.187e+3,3.370e+9
398.03,3.958e+9,9.570e+3,3.958e+9
398.08,4.504e+9,1.711e+4,4.504e+9
398.13,4.967e+9,2.965e+4,4.967e+9
398.18,5.307e+9,4.979e+4,5.307e+9
398.23,5.494e+9,8.101e+4,5.494e+9
398.28,5.511e+9,1.277e+5,5.511e+9
398.33,5.357e+9,1.952e+5,5.357e+9
398.38,5.046e+9,2.891e+5,5.046e+9
398.43,4.605e+9,4.149e+5,4.605e+9
398.48,4.073e+9,5.769e+5,4.072e+9
398.53,3.490e+9,7.775e+5,3.489e+9
398.58,2.898e+9,1.015e+6,2.897e+9
398.63,2.332e+9,1.285e+6,2.331e+9
398.68,1.818e+9,1.576e+6,1.817e+9
398.73,1.374e+9,1.874e+6,1.372e+9
398.78,1.007e+9,2.158e+6,1.004e+9
398.83,7.148e+8,2.409e+6,7.124e+8
398.88,4.922e+8,2.606e+6,4.896e+8
398.93,3.287e+8,2.731e+6,3.260e+8
398.98,2.131e+8,2.775e+6,2.103e+8
399.03,1.342e+8,2.731e+6,1.315e+8
399.08,8.226e+7,2.606e+6,7.966e+7
399.13,4.917e+7,2.409e+6,4.676e+7
399.18,2.875e+7,2.158e+6,2.659e+7
399.23,1.653e+7,1.874e+6,1.466e+7
399.28,9.403e+6,1.576e+6,7.827e+6
399.33,5.335e+6,1.285e+6,4.050e+6
399.38,3.046e+6,1.015e+6,2.031e+6
399.43,1.764e+6,7.775e+5,9.866e+5
399.48,1.041e+6,5.769e+5,4.644e+5
399.53,6.267e+5,4.149e+5,2.118e+5
399.58,3.827e+5,2.891e+5,9.363e+4
399.63,2.353e+5,1.952e+5,4.010e+4
399.68,1.444e+5,1.277e+5,1.664e+4
399.73,8.770e+4,8.101e+4,6.692e+3
399.78,5.239e+4,4.979e+4,2.607e+3
399.83,3.063e+4,2.965e+4,9.843e+2
399.88,1.747e+4,1.711e+4,3.601e+2
399.93,9.698e+3,9.570e+3,1.276e+2
399.98,5.231e+3,5.187e+3,4.384e+1
400.03,2.739e+3,2.724e+3,1.459e+1
400.08,1.391e+3,1.387e+3,4.705e+0
400.13,6.855e+2,6.840e+2,1.470e+0
400.18,3.274e+2,3.270e+2,4.452e-1
400.23,1.516e+2,1.515e+2,1.306e-1
400.28,6.802e+1,6.799e+1,3.713e-2
400.33,2.959e+1,2.958e+1,1.023e-2
400.38,1.247e+1,1.247e+1,2.730e-3
400.43,5.094e+0,5.093e+0,7.060e-4
400.48,2.017e+0,2.016e+0,1.769e-4
400.53,7.737e-1,7.736e-1,4.296e-5
400.58,2.876e-1,2.876e-1,1.011e-5
400.63,1.036e-1,1.036e-1,2.305e-6
400.68,3.618e-2,3.618e-2,
400.73,1.224e-2,1.224e-2,
400.78,4.014e-3,4.014e-3,
400.83,1.276e-3,1.276e-3,
400.88,3.928e-4,3.928e-4,
400.93,1.172e-4,1.172e-4,
400.98,3.389e-5,3.389e-5,
401.03,9.499e-6,9.499e-6,
401.08,2.580e-6,2.580e-6,
401.13,6.789e-7,6.789e-7,
401.18,1.731e-7,1.731e-7,
401.23,4.279e-8,4.279e-8,
401.28,1.025e-8,1.025e-8,
401.33,2.379e-9,2.379e-9,
401.38,5.350e-10,5.350e-10,
401.53,2.796e-9,2.796e-9,
401.58,1.235e-8,1.235e-8,
401.63,5.294e-8,5.294e-8,
401.68,2.200e-7,2.200e-7,
401.73,8.869e-7,8.869e-7,
401.78,3.467e-6,3.467e-6,
401.83,1.315e-5,1.315e-5,
401.88,4.833e-5,4.833e-5,
401.93,1.724e-4,1.724e-4,
401.98,5.961e-4,5.961e-4,
402.03,1.999e-3,1.999e-3,
402.08,6.503e-3,6.503e-3,
402.13,2.052e-2,2.052e-2,
402.18,6.277e-2,6.277e-2,
402.23,1.862e-1,1.862e-1,
402.28,5.359e-1,5.359e-1,
402.33,1.496e+0,1.496e+0,
402.38,4.048e+0,4.048e+0,
402.43,1.063e+1,1.063e+1,
402.48,2.705e+1,2.705e+1,
402.53,6.679e+1,6.679e+1,
402.58,1.599e+2,1.599e+2,
402.63,3.714e+2,3.714e+2,
402.68,8.364e+2,8.364e+2,
402.73,1.827e+3,1.827e+3,
402.78,3.870e+3,3.870e+3,
402.83,7.950e+3,7.950e+3,
402.88,1.584e+4,1.584e+4,
402.93,3.061e+4,3.061e+4,
402.98,5.736e+4,5.736e+4,
403.03,1.042e+5,1.042e+5,
403.08,1.837e+5,1.837e+5,
403.13,3.141e+5,3.141e+5,
403.18,5.207e+5,5.207e+5,
403.23,8.371e+5,8.371e+5,
403.28,1.305e+6,1.305e+6,
403.33,1.974e+6,1.974e+6,
403.38,2.895e+6,2.895e+6,
403.43,4.118e+6,4.118e+6,
403.48,5.681e+6,5.681e+6,
403.53,7.600e+6,7.600e+6,
403.58,9.860e+6,9.860e+6,
403.63,1.241e+7,1.241e+7,
403.68,1.514e+7,1.514e+7,
403.73,1.792e+7,1.792e+7,
403.78,2.057e+7,2.057e+7,
403.83,2.290e+7,2.290e+7,
403.88,2.472e+7,2.472e+7,
403.93,2.588e+7,2.588e+7,
403.98,2.628e+7,2.628e+7,
404.03,2.588e+7,2.588e+7,
404.08,2.472e+7,2.472e+7,
404.13,2.290e+7,2.290e+7,
404.18,2.057e+7,2.057e+7,
404.23,1.792e+7,1.792e+7,
404.28,1.514e+7,1.514e+7,
404.33,1.241e+7,1.241e+7,
404.38,9.860e+6,9.860e+6,
404.43,7.600e+6,7.600e+6,
404.48,5.681e+6,5.681e+6,
404.53,4.118e+6,4.118e+6,
404.58,2.895e+6,2.895e+6,
404.63,1.974e+6,1.974e+6,
404.68,1.305e+6,1.305e+6,
404.73,8.371e+5,8.371e+5,
404.78,5.207e+5,5.207e+5,
404.83,3.141e+5,3.141e+5,
404.88,1.837e+5,1.837e+5,
404.93,1.042e+5,1.042e+5,
404.98,5.736e+4,5.736e+4,
405.03,3.061e+4,3.061e+4,
405.08,1.584e+4,1.584e+4,
405.13,7.950e+3,7.950e+3,
405.18,3.870e+3,3.870e+3,
405.23,1.827e+3,1.827e+3,
405.28,8.364e+2,8.364e+2,
405.33,3.714e+2,3.714e+2,
405.38,1.599e+2,1.599e+2,
405.43,6.679e+1,6.679e+1,
405.48,2.705e+1,2.705e+1,
405.53,1.063e+1,1.063e+1,
405.58,4.048e+0,4.048e+0,
405.63,1.496e+0,1.496e+0,
405.68,5.381e-1,5.381e-1,
405.73,1.936e-1,1.936e-1,
405.78,8.701e-2,8.701e-2,
405.83,9.814e-2,9.814e-2,
405.88,2.477e-1,2.477e-1,
405.93,7.294e-1,7.294e-1,
405.98,2.129e+0,2.129e+0,
406.03,6.044e+0,6.044e+0,
406.08,1.665e+1,1.665e+1,
406.13,4.453e+1,4.453e+1,
406.18,1.155e+2,1.155e+2,
406.23,2.908e+2,2.908e+2,
406.28,7.105e+2,7.105e+2,
406.33,1.684e+3,1.684e+3,
406.38,3.875e+3,3.875e+3,
406.43,8.650e+3,8.650e+3,
406.48,1.874e+4,1.874e+4,
406.53,3.938e+4,3.938e+4,
406.58,8.033e+4,8.033e+4,
406.63,1.590e+5,1.590e+5,
406.68,3.054e+5,3.054e+5,
406.73,5.691e+5,5.691e+5,
406.78,1.029e+6,1.029e+6,
406.83,1.806e+6,1.806e+6,
406.88,3.076e+6,3.076e+6,
406.93,5.082e+6,5.082e+6,
406.98,8.150e+6,8.150e+6,
407.03,1.268e+7,1.268e+7,
407.08,1.915e+7,1.915e+7,
407.13,2.806e+7,2.806e+7,
407.18,3.989e+7,3.989e+7,
407.23,5.504e+7,5.504e+7,
407.28,7.369e+7,7.369e+7,
407.33,9.575e+7,9.575e+7,
407.38,1.207e+8,1.207e+8,
407.43,1.478e+8,1.478e+8,
407.48,1.755e+8,1.755e+8,
407.53,2.023e+8,2.023e+8,
407.58,2.264e+8,2.264e+8,
407.63,2.460e+8,2.460e+8,
407.68,2.597e+8,2.597e+8,
407.73,2.663e+8,2.663e+8,
407.78,2.654e+8,2.654e+8,
407.83,2.574e+8,2.574e+8,
407.88,2.432e+8,2.432e+8,
407.93,2.241e+8,2.241e+8,
407.98,2.019e+8,2.019e+8,
408.03,1.784e+8,1.784e+8,
408.08,1.552e+8,1.552e+8,
408.13,1.335e+8,1.335e+8,
408.18,1.141e+8,1.141e+8,
408.23,9.739e+7,9.739e+7,
408.28,8.342e+7,8.342e+7,
408.33,7.184e+7,7.184e+7,
408.38,6.222e+7,6.222e+7,
408.43,5.406e+7,5.406e+7,
408.48,4.692e+7,4.692e+7,
408.53,4.049e+7,4.049e+7,
408.58,3.455e+7,3.455e+7,
408.63,2.903e+7,2.903e+7,
408.68,2.393e+7,2.393e+7,
408.73,1.930e+7,1.930e+7,
408.78,1.519e+7,1.519e+7,
408.83,1.165e+7,1.165e+7,
408.88,8.706e+6,8.706e+6,
408.93,6.334e+6,6.334e+6,
408.98,4.496e+6,4.496e+6,
409.03,3.130e+6,3.130e+6,
409.08,2.175e+6,2.175e+6,
409.13,1.579e+6,1.579e+6,
409.18,1.315e+6,1.315e+6,
409.23,1.396e+6,1.396e+6,
409.28,1.889e+6,1.889e+6,
409.33,2.936e+6,2.936e+6,
409.38,4.767e+6,4.767e+6,
409.43,7.720e+6,7.720e+6,
409.48,1.225e+7,1.225e+7,
409.53,1.893e+7,1.893e+7,
409.58,2.842e+7,2.842e+7,
409.63,4.144e+7,4.144e+7,
409.68,5.866e+7,5.866e+7,
409.73,8.061e+7,8.061e+7,
409.78,1.075e+8,1.075e+8,
409.83,1.393e+8,1.393e+8,
409.88,1.750e+8,1.750e+8,
409.93,2.136e+8,2.136e+8,
409.98,2.530e+8,2.530e+8,
410.03,2.909e+8,2.909e+8,1.411e-7
410.08,3.247e+8,3.247e+8,5.903e-7
410.13,3.519e+8,3.519e+8,2.398e-6
410.18,3.701e+8,3.701e+8,9.459e-6
410.23,3.779e+8,3.779e+8,3.623e-5
410.28,3.745e+8,3.745e+8,1.348e-4
410.33,3.603e+8,3.603e+8,4.867e-4
410.38,3.365e+8,3.365e+8,1.707e-3
410.43,3.051e+8,3.051e+8,5.813e-3
410.48,2.685e+8,2.685e+8,1.922e-2
410.53,2.294e+8,2.294e+8,6.173e-2
410.58,1.902e+8,1.902e+8,1.925e-1
410.63,1.531e+8,1.531e+8,5.828e-1
410.68,1.197e+8,1.197e+8,1.713e+0
410.73,9.078e+7,9.078e+7,4.892e+0
410.78,6.685e+7,6.685e+7,1.356e+1
410.83,4.779e+7,4.779e+7,3.651e+1
410.88,3.316e+7,3.316e+7,9.544e+1
410.93,2.234e+7,2.234e+7,2.423e+2
410.98,1.461e+7,1.460e+7,5.972e+2
411.03,9.271e+6,9.270e+6,1.429e+3
411.08,5.715e+6,5.712e+6,3.322e+3
411.13,3.424e+6,3.416e+6,7.498e+3
411.18,2.000e+6,1.983e+6,1.643e+4
411.23,1.153e+6,1.118e+6,3.497e+4
411.28,6.841e+5,6.119e+5,7.226e+4
411.33,4.705e+5,3.255e+5,1.450e+5
411.38,4.515e+5,1.690e+5,2.825e+5
411.43,6.219e+5,8.735e+4,5.346e+5
411.48,1.031e+6,4.867e+4,9.822e+5
411.53,1.789e+6,3.651e+4,1.752e+6
411.58,3.081e+6,4.536e+4,3.036e+6
411.63,5.186e+6,7.894e+4,5.107e+6
411.68,8.493e+6,1.512e+5,8.342e+6
411.73,1.352e+7,2.900e+5,1.323e+7
411.78,2.093e+7,5.439e+5,2.038e+7
411.83,3.148e+7,9.921e+5,3.049e+7
411.88,4.603e+7,1.758e+6,4.428e+7
411.93,6.547e+7,3.025e+6,6.244e+7
411.98,9.057e+7,5.054e+6,8.551e+7
412.03,1.219e+8,8.201e+6,1.137e+8
412.08,1.598e+8,1.292e+7,1.468e+8
412.13,2.039e+8,1.977e+7,1.841e+8
412.18,2.536e+8,2.938e+7,2.242e+8
412.23,3.075e+8,4.240e+7,2.651e+8
412.28,3.638e+8,5.942e+7,3.043e+8
412.33,4.202e+8,8.085e+7,3.393e+8
412.38,4.742e+8,1.068e+8,3.673e+8
412.43,5.232e+8,1.371e+8,3.861e+8
412.48,5.650e+8,1.708e+8,3.942e+8
412.53,5.974e+8,2.067e+8,3.907e+8
412.58,6.190e+8,2.429e+8,3.761e+8
412.63,6.287e+8,2.772e+8,3.515e+8
412.68,6.262e+8,3.072e+8,3.190e+8
412.73,6.117e+8,3.306e+8,2.811e+8
412.78,5.860e+8,3.454e+8,2.406e+8
412.83,5.505e+8,3.506e+8,1.999e+8
412.88,5.068e+8,3.455e+8,1.613e+8
412.93,4.570e+8,3.306e+8,1.264e+8
412.98,4.034e+8,3.072e+8,9.618e+7
413.03,3.483e+8,2.772e+8,7.106e+7
413.08,2.940e+8,2.430e+8,5.098e+7
413.13,2.424e+8,2.068e+8,3.552e+7
413.18,1.951e+8,1.711e+8,2.403e+7
413.23,1.533e+8,1.375e+8,1.578e+7
413.28,1.177e+8,1.076e+8,1.007e+7
413.33,8.842e+7,8.218e+7,6.236e+6
413.38,6.544e+7,6.169e+7,3.751e+6
413.43,4.838e+7,4.619e+7,2.191e+6
413.48,3.676e+7,3.552e+7,1.242e+6
413.53,3.009e+7,2.941e+7,6.842e+5
413.58,2.798e+7,2.762e+7,3.659e+5
413.63,3.016e+7,2.997e+7,1.900e+5
413.68,3.649e+7,3.639e+7,9.581e+4
413.73,4.688e+7,4.683e+7,4.691e+4
413.78,6.127e+7,6.124e+7,2.231e+4
413.83,7.945e+7,7.944e+7,1.030e+4
413.88,1.010e+8,1.010e+8,4.617e+3
413.93,1.253e+8,1.253e+8,2.010e+3
413.98,1.513e+8,1.513e+8,8.497e+2
414.03,1.774e+8,1.774e+8,3.488e+2
414.08,2.022e+8,2.022e+8,1.390e+2
414.13,2.239e+8,2.239e+8,5.381e+1
414.18,2.408e+8,2.408e+8,2.023e+1
414.23,2.516e+8,2.516e+8,7.382e+0
414.28,2.553e+8,2.553e+8,2.616e+0
414.33,2.516e+8,2.516e+8,9.003e-1
414.38,2.408e+8,2.408e+8,3.008e-1
414.43,2.239e+8,2.239e+8,9.762e-2
414.48,2.022e+8,2.022e+8,3.076e-2
414.53,1.774e+8,1.774e+8,9.412e-3
414.58,1.511e+8,1.511e+8,2.796e-3
414.63,1.250e+8,1.250e+8,8.068e-4
414.68,1.005e+8,1.005e+8,2.260e-4
414.73,7.845e+7,7.845e+7,6.149e-5
414.78,5.949e+7,5.949e+7,1.624e-5
414.83,4.381e+7,4.381e+7,4.166e-6
414.88,3.134e+7,3.134e+7,1.038e-6
414.93,2.177e+7,2.177e+7,2.510e-7
414.98,1.469e+7,1.469e+7,5.896e-8
415.03,9.631e+6,9.631e+6,
415.08,6.131e+6,6.131e+6,
415.13,3.791e+6,3.791e+6,
415.18,2.277e+6,2.277e+6,
415.23,1.328e+6,1.328e+6,1.351e-6
415.28,7.529e+5,7.529e+5,5.645e-6
415.33,4.147e+5,4.147e+5,2.291e-5
415.38,2.225e+5,2.225e+5,9.038e-5
415.43,1.174e+5,1.174e+5,3.465e-4
415.48,6.302e+4,6.302e+4,1.291e-3
415.53,3.873e+4,3.873e+4,4.672e-3
415.58,3.407e+4,3.407e+4,1.643e-2
415.63,4.598e+4,4.598e+4,5.617e-2
415.68,7.746e+4,7.746e+4,1.866e-1
415.73,1.375e+5,1.375e+5,6.022e-1
415.78,2.422e+5,2.422e+5,1.889e+0
415.83,4.166e+5,4.166e+5,5.757e+0
415.88,6.972e+5,6.972e+5,1.705e+1
415.93,1.134e+6,1.134e+6,4.908e+1
415.98,1.793e+6,1.792e+6,1.373e+2
416.03,2.753e+6,2.753e+6,3.732e+2
416.08,4.109e+6,4.108e+6,9.856e+2
416.13,5.959e+6,5.956e+6,2.530e+3
416.18,8.399e+6,8.392e+6,6.309e+3
416.23,1.151e+7,1.149e+7,1.529e+4
416.28,1.533e+7,1.529e+7,3.602e+4
416.33,1.986e+7,1.977e+7,8.243e+4
416.38,2.504e+7,2.486e+7,1.833e+5
416.43,3.077e+7,3.038e+7,3.962e+5
416.48,3.694e+7,3.611e+7,8.322e+5
416.53,4.345e+7,4.175e+7,1.698e+6
416.58,5.036e+7,4.699e+7,3.368e+6
416.63,5.803e+7,5.154e+7,6.492e+6
416.68,6.729e+7,5.513e+7,1.216e+7
416.73,7.974e+7,5.762e+7,2.213e+7
416.78,9.810e+7,5.897e+7,3.913e+7
416.84,1.339e+8,5.923e+7,7.468e+7
416.89,1.826e+8,5.857e+7,1.240e+8
416.94,2.575e+8,5.743e+7,2.001e+8
416.99,3.699e+8,5.613e+7,3.138e+8
417.04,5.330e+8,5.494e+7,4.781e+8
417.09,7.620e+8,5.406e+7,7.079e+8
417.14,1.072e+9,5.357e+7,1.019e+9
417.19,1.478e+9,5.342e+7,1.424e+9
417.24,1.989e+9,5.344e+7,1.935e+9
417.29,2.609e+9,5.338e+7,2.555e+9
417.34,3.331e+9,5.298e+7,3.278e+9
417.39,4.140e+9,5.199e+7,4.088e+9
417.44,5.003e+9,5.022e+7,4.953e+9
417.49,5.879e+9,4.758e+7,5.831e+9
417.54,6.716e+9,4.411e+7,6.672e+9
417.59,7.458e+9,3.992e+7,7.418e+9
417.64,8.050e+9,3.522e+7,8.015e+9
417.69,8.445e+9,3.027e+7,8.415e+9
417.74,8.610e+9,2.532e+7,8.585e+9
417.79,8.532e+9,2.060e+7,8.512e+9
417.84,8.217e+9,1.630e+7,8.200e+9
417.89,7.690e+9,1.254e+7,7.677e+9
417.94,6.994e+9,9.380e+6,6.985e+9
417.99,6.182e+9,6.817e+6,6.175e+9
418.04,5.310e+9,4.816e+6,5.305e+9
418.09,4.432e+9,3.306e+6,4.429e+9
418.14,3.595e+9,2.205e+6,3.593e+9
418.19,2.834e+9,1.430e+6,2.833e+9
418.24,2.171e+9,9.006e+5,2.170e+9
418.29,1.616e+9,5.513e+5,1.616e+9
418.34,1.169e+9,3.280e+5,1.169e+9
418.39,8.218e+8,1.896e+5,8.217e+8
418.44,5.614e+8,1.065e+5,5.613e+8
418.49,3.727e+8,5.811e+4,3.726e+8
418.54,2.404e+8,3.082e+4,2.404e+8
418.59,1.507e+8,1.588e+4,1.507e+8
418.64,9.180e+7,7.954e+3,9.180e+7
418.69,5.434e+7,3.870e+3,5.434e+7
418.74,3.126e+7,1.830e+3,3.126e+7
418.79,1.747e+7,8.409e+2,1.747e+7
418.84,9.492e+6,3.754e+2,9.492e+6
418.89,5.011e+6,1.629e+2,5.011e+6
418.94,2.571e+6,6.866e+1,2.571e+6
418.99,1.283e+6,2.813e+1,1.283e+6
419.04,6.237e+5,1.120e+1,6.237e+5
419.09,2.989e+5,4.330e+0,2.989e+5
419.14,1.482e+5,1.628e+0,1.482e+5
419.19,8.986e+4,5.944e-1,8.986e+4
419.24,8.761e+4,2.109e-1,8.761e+4
419.29,1.333e+5,7.274e-2,1.333e+5
419.34,2.398e+5,2.438e-2,2.398e+5
419.39,4.415e+5,7.937e-3,4.415e+5
419.44,7.994e+5,2.511e-3,7.994e+5
419.49,1.410e+6,7.721e-4,1.410e+6
419.54,2.420e+6,2.307e-4,2.420e+6
419.59,4.038e+6,6.696e-5,4.038e+6
419.64,6.550e+6,1.889e-5,6.550e+6
419.69,1.033e+7,5.178e-6,1.033e+7
419.74,1.583e+7,1.379e-6,1.583e+7
419.79,2.358e+7,3.569e-7,2.358e+7
419.84,3.416e+7,8.977e-8,3.416e+7
419.89,4.810e+7,2.194e-8,4.810e+7
419.94,6.584e+7,5.209e-9,6.584e+7
419.99,8.760e+7,,8.760e+7
420.04,1.133e+8,,1.133e+8
420.09,1.425e+8,,1.425e+8
420.14,1.742e+8,,1.742e+8
420.19,2.070e+8,,2.070e+8
420.24,2.391e+8,,2.391e+8
420.29,2.685e+8,,2.685e+8
420.34,2.931e+8,,2.931e+8
420.39,3.110e+8,,3.110e+8
420.44,3.208e+8,,3.208e+8
420.49,3.217e+8,,3.217e+8
420.54,3.137e+8,,3.137e+8
420.59,2.972e+8,,2.972e+8
420.64,2.738e+8,,2.738e+8
420.69,2.452e+8,1.282e-10,2.452e+8
420.74,2.135e+8,5.279e-10,2.135e+8
420.79,1.807e+8,2.113e-9,1.807e+8
420.84,1.487e+8,8.227e-9,1.487e+8
420.89,1.189e+8,3.115e-8,1.189e+8
420.94,9.244e+7,1.147e-7,9.244e+7
420.99,6.986e+7,4.106e-7,6.986e+7
421.04,5.133e+7,1.438e-6,5.133e+7
421.09,3.666e+7,4.876e-6,3.666e+7
421.14,2.546e+7,1.608e-5,2.546e+7
421.19,1.718e+7,5.158e-5,1.718e+7
421.24,1.127e+7,1.610e-4,1.127e+7
421.29,7.190e+6,4.887e-4,7.190e+6
421.34,4.458e+6,1.444e-3,4.458e+6
421.39,2.687e+6,4.150e-3,2.687e+6
421.44,1.575e+6,1.161e-2,1.575e+6
421.49,8.969e+5,3.161e-2,8.969e+5
421.54,4.967e+5,8.380e-2,4.967e+5
421.59,2.673e+5,2.163e-1,2.673e+5
421.64,1.399e+5,5.437e-1,1.399e+5
421.69,7.117e+4,1.332e+0,7.116e+4
421.74,3.520e+4,3.178e+0,3.519e+4
421.79,1.693e+4,7.394e+0,1.693e+4
421.84,7.950e+3,1.678e+1,7.934e+3
421.89,3.702e+3,3.715e+1,3.665e+3
421.94,1.853e+3,8.031e+1,1.772e+3
421.99,1.307e+3,1.696e+2,1.137e+3
422.04,1.720e+3,3.500e+2,1.370e+3
422.09,3.333e+3,7.065e+2,2.627e+3
422.14,7.093e+3,1.396e+3,5.697e+3
422.19,1.508e+4,2.700e+3,1.238e+4
422.24,3.144e+4,5.119e+3,2.632e+4
422.29,6.399e+4,9.515e+3,5.447e+4
422.34,1.270e+5,1.734e+4,1.096e+5
422.39,2.456e+5,3.102e+4,2.146e+5
422.44,4.629e+5,5.442e+4,4.085e+5
422.49,8.500e+5,9.369e+4,7.563e+5
422.54,1.520e+6,1.582e+5,1.362e+6
422.59,2.646e+6,2.620e+5,2.384e+6
422.64,4.485e+6,4.254e+5,4.060e+6
422.69,7.400e+6,6.765e+5,6.723e+6
422.74,1.188e+7,1.053e+6,1.083e+7
422.79,1.856e+7,1.605e+6,1.696e+7
422.84,2.822e+7,2.392e+6,2.583e+7
422.89,4.175e+7,3.483e+6,3.827e+7
422.94,6.008e+7,4.952e+6,5.513e+7
422.99,8.411e+7,6.875e+6,7.723e+7
423.04,1.145e+8,9.310e+6,1.052e+8
423.09,1.517e+8,1.230e+7,1.394e+8
423.14,1.955e+8,1.583e+7,1.797e+8
423.19,2.451e+8,1.986e+7,2.252e+8
423.24,2.987e+8,2.427e+7,2.745e+8
423.29,3.542e+8,2.888e+7,3.253e+8
423.34,4.085e+8,3.347e+7,3.750e+8
423.39,4.582e+8,3.775e+7,4.204e+8
423.44,4.998e+8,4.145e+7,4.584e+8
423.49,5.303e+8,4.429e+7,4.860e+8
423.54,5.472e+8,4.605e+7,5.011e+8
423.59,5.491e+8,4.659e+7,5.025e+8
423.64,5.359e+8,4.586e+7,4.901e+8
423.69,5.087e+8,4.391e+7,4.648e+8
423.74,4.696e+8,4.090e+7,4.287e+8
423.79,4.216e+8,3.706e+7,3.845e+8
423.84,3.681e+8,3.266e+7,3.355e+8
423.89,3.126e+8,2.800e+7,2.846e+8
423.94,2.582e+8,2.335e+7,2.348e+8
423.99,2.073e+8,1.893e+7,1.884e+8
424.04,1.620e+8,1.493e+7,1.470e+8
424.09,1.230e+8,1.146e+7,1.116e+8
424.14,9.089e+7,8.548e+6,8.235e+7
424.19,6.531e+7,6.203e+6,5.910e+7
424.24,4.563e+7,4.378e+6,4.126e+7
424.29,3.101e+7,3.005e+6,2.801e+7
424.34,2.049e+7,2.006e+6,1.849e+7
424.39,1.317e+7,1.302e+6,1.187e+7
424.44,8.234e+6,8.220e+5,7.412e+6
424.49,5.006e+6,5.047e+5,4.501e+6
424.54,2.959e+6,3.014e+5,2.658e+6
424.59,1.702e+6,1.750e+5,1.526e+6
424.64,9.514e+5,9.886e+4,8.526e+5
424.69,5.174e+5,5.430e+4,4.631e+5
424.74,2.736e+5,2.901e+4,2.446e+5
424.79,1.407e+5,1.507e+4,1.257e+5
424.84,7.040e+4,7.614e+3,6.279e+4
424.89,3.425e+4,3.741e+3,3.051e+4
424.94,1.620e+4,1.788e+3,1.442e+4
424.99,7.455e+3,8.308e+2,6.624e+3
425.04,3.336e+3,3.755e+2,2.961e+3
425.09,1.452e+3,1.650e+2,1.287e+3
425.14,6.144e+2,7.054e+1,5.439e+2
425.19,2.529e+2,2.933e+1,2.236e+2
425.24,1.012e+2,1.186e+1,8.937e+1
425.29,3.941e+1,4.661e+0,3.475e+1
425.34,1.492e+1,1.782e+0,1.314e+1
425.39,5.494e+0,6.628e-1,4.831e+0
425.44,1.967e+0,2.397e-1,1.727e+0
425.49,6.851e-1,8.430e-2,6.008e-1
425.54,2.320e-1,2.883e-2,2.032e-1
425.59,7.642e-2,9.591e-3,6.683e-2
425.64,2.448e-2,3.103e-3,2.138e-2
425.69,7.626e-3,9.761e-4,6.650e-3
425.74,2.311e-3,2.987e-4,2.012e-3
425.79,6.808e-4,8.887e-5,5.919e-4
425.84,1.951e-4,2.572e-5,1.694e-4
425.89,5.437e-5,7.237e-6,4.713e-5
425.94,1.474e-5,1.981e-6,1.275e-5
425.99,3.884e-6,5.272e-7,3.357e-6
426.04,9.957e-7,1.365e-7,8.592e-7
426.09,2.482e-7,3.435e-8,2.139e-7
426.14,6.018e-8,8.411e-9,5.177e-8
428.39,9.684e-7,,9.684e-7
428.44,3.812e-6,,3.812e-6
428.49,1.461e-5,,1.461e-5
428.54,5.449e-5,,5.449e-5
428.59,1.978e-4,,1.978e-4
428.64,6.993e-4,,6.993e-4
428.69,2.406e-3,,2.406e-3
428.74,8.059e-3,,8.059e-3
428.79,2.627e-2,,2.627e-2
428.84,8.339e-2,,8.339e-2
428.89,2.576e-1,,2.576e-1
428.94,7.748e-1,,7.748e-1
428.99,2.268e+0,,2.268e+0
429.04,6.464e+0,,6.464e+0
429.09,1.793e+1,,1.793e+1
429.14,4.842e+1,,4.842e+1
429.19,1.273e+2,1.278e-10,1.273e+2
429.24,3.257e+2,5.086e-10,3.257e+2
429.29,8.112e+2,1.970e-9,8.112e+2
429.34,1.967e+3,7.432e-9,1.967e+3
429.39,4.642e+3,2.729e-8,4.642e+3
429.44,1.067e+4,9.755e-8,1.067e+4
429.49,2.386e+4,3.395e-7,2.386e+4
429.54,5.194e+4,1.150e-6,5.194e+4
429.59,1.101e+5,3.794e-6,1.101e+5
429.64,2.271e+5,1.218e-5,2.271e+5
429.69,4.560e+5,3.808e-5,4.560e+5
429.74,8.915e+5,1.159e-4,8.915e+5
429.79,1.697e+6,3.434e-4,1.697e+6
429.84,3.143e+6,9.904e-4,3.143e+6
429.89,5.667e+6,2.781e-3,5.667e+6
429.94,9.947e+6,7.603e-3,9.947e+6
429.99,1.700e+7,2.024e-2,1.700e+7
430.04,2.827e+7,5.243e-2,2.827e+7
430.09,4.577e+7,1.323e-1,4.577e+7
430.14,7.214e+7,3.248e-1,7.214e+7
430.19,1.107e+8,7.765e-1,1.107e+8
430.24,1.653e+8,1.807e+0,1.653e+8
430.29,2.403e+8,4.095e+0,2.403e+8
430.34,3.401e+8,9.033e+0,3.401e+8
430.39,4.686e+8,1.940e+1,4.686e+8
430.44,6.284e+8,4.056e+1,6.284e+8
430.49,8.203e+8,8.255e+1,8.203e+8
430.54,1.042e+9,1.636e+2,1.042e+9
430.59,1.289e+9,3.155e+2,1.289e+9
430.64,1.553e+9,5.926e+2,1.553e+9
430.69,1.820e+9,1.083e+3,1.820e+9
430.74,2.076e+9,1.929e+3,2.076e+9
430.79,2.306e+9,3.342e+3,2.306e+9
430.84,2.494e+9,5.638e+3,2.494e+9
430.89,2.624e+9,9.260e+3,2.624e+9
430.94,2.689e+9,1.481e+4,2.689e+9
430.99,2.682e+9,2.305e+4,2.682e+9
431.04,2.603e+9,3.492e+4,2.603e+9
431.09,2.460e+9,5.152e+4,2.460e+9
431.14,2.263e+9,7.400e+4,2.263e+9
431.19,2.027e+9,1.035e+5,2.027e+9
431.24,1.767e+9,1.409e+5,1.767e+9
431.29,1.499e+9,1.867e+5,1.499e+9
431.34,1.239e+9,2.408e+5,1.238e+9
431.39,9.960e+8,3.025e+5,9.957e+8
431.44,7.797e+8,3.699e+5,7.794e+8
431.49,5.943e+8,4.403e+5,5.938e+8
431.54,4.409e+8,5.103e+5,4.404e+8
431.59,3.186e+8,5.758e+5,3.180e+8
431.64,2.241e+8,6.324e+5,2.235e+8
431.69,1.536e+8,6.763e+5,1.529e+8
431.74,1.025e+8,7.040e+5,1.018e+8
431.79,6.673e+7,7.135e+5,6.601e+7
431.84,4.236e+7,7.040e+5,4.166e+7
431.89,2.627e+7,6.763e+5,2.559e+7
431.94,1.594e+7,6.324e+5,1.530e+7
431.99,9.483e+6,5.758e+5,8.908e+6
432.04,5.558e+6,5.103e+5,5.047e+6
432.09,3.224e+6,4.403e+5,2.784e+6
432.14,1.865e+6,3.699e+5,1.495e+6
432.19,1.084e+6,3.025e+5,7.813e+5
432.24,6.384e+5,2.408e+5,3.975e+5
432.29,3.836e+5,1.867e+5,1.969e+5
432.34,2.358e+5,1.409e+5,9.493e+4
432.39,1.480e+5,1.035e+5,4.455e+4
432.44,9.435e+4,7.400e+4,2.035e+4
432.49,6.057e+4,5.152e+4,9.051e+3
432.54,3.884e+4,3.492e+4,3.918e+3
432.59,2.470e+4,2.305e+4,1.651e+3
432.64,1.548e+4,1.481e+4,6.773e+2
432.69,9.530e+3,9.260e+3,2.705e+2
432.74,5.743e+3,5.638e+3,1.051e+2
432.79,3.382e+3,3.342e+3,3.978e+1
432.84,1.943e+3,1.929e+3,1.465e+1
432.89,1.089e+3,1.083e+3,5.254e+0
432.94,5.944e+2,5.926e+2,1.834e+0
432.99,3.162e+2,3.155e+2,6.230e-1
433.04,1.638e+2,1.636e+2,2.060e-1
433.09,8.261e+1,8.255e+1,6.633e-2
433.14,4.058e+1,4.056e+1,2.079e-2
433.19,1.940e+1,1.940e+1,6.342e-3
433.24,9.035e+0,9.033e+0,1.883e-3
433.29,4.095e+0,4.095e+0,5.449e-4
433.34,1.807e+0,1.807e+0,1.550e-4
433.39,7.765e-1,7.765e-1,4.860e-5
433.44,3.248e-1,3.248e-1,3.533e-5
433.49,1.323e-1,1.323e-1,8.853e-5
433.54,5.273e-2,5.243e-2,2.965e-4
433.59,2.123e-2,2.024e-2,9.950e-4
433.64,1.086e-2,7.603e-3,3.261e-3
433.69,1.319e-2,2.781e-3,1.041e-2
433.74,3.335e-2,9.904e-4,3.236e-2
433.79,9.833e-2,3.434e-4,9.799e-2
433.84,2.891e-1,1.159e-4,2.890e-1
433.89,8.304e-1,3.808e-5,8.304e-1
433.94,2.324e+0,1.218e-5,2.324e+0
433.99,6.334e+0,3.796e-6,6.334e+0
434.04,1.681e+1,1.160e-6,1.681e+1
434.09,4.348e+1,3.770e-7,4.348e+1
434.14,1.095e+2,2.357e-7,1.095e+2
434.19,2.687e+2,5.227e-7,2.687e+2
434.24,6.421e+2,1.739e-6,6.421e+2
434.29,1.494e+3,5.895e-6,1.494e+3
434.34,3.388e+3,1.954e-5,3.388e+3
434.39,7.481e+3,6.312e-5,7.481e+3
434.44,1.609e+4,1.986e-4,1.609e+4
434.49,3.371e+4,6.086e-4,3.371e+4
434.54,6.878e+4,1.817e-3,6.878e+4
434.59,1.367e+5,5.285e-3,1.367e+5
434.64,2.647e+5,1.497e-2,2.647e+5
434.69,4.991e+5,4.132e-2,4.991e+5
434.74,9.166e+5,1.111e-1,9.166e+5
434.79,1.640e+6,2.908e-1,1.640e+6
434.84,2.857e+6,7.419e-1,2.857e+6
434.89,4.849e+6,1.843e+0,4.849e+6
434.94,8.016e+6,4.462e+0,8.016e+6
434.99,1.291e+7,1.052e+1,1.291e+7
435.04,2.024e+7,2.416e+1,2.024e+7
435.09,3.093e+7,5.406e+1,3.093e+7
435.14,4.602e+7,1.178e+2,4.602e+7
435.19,6.669e+7,2.501e+2,6.669e+7
435.24,9.415e+7,5.172e+2,9.415e+7
435.29,1.295e+8,1.042e+3,1.294e+8
435.34,1.734e+8,2.044e+3,1.734e+8
435.39,2.262e+8,3.908e+3,2.262e+8
435.44,2.874e+8,7.276e+3,2.874e+8
435.49,3.556e+8,1.320e+4,3.556e+8
435.54,4.287e+8,2.332e+4,4.287e+8
435.59,5.034e+8,4.013e+4,5.034e+8
435.64,5.757e+8,6.728e+4,5.757e+8
435.69,6.414e+8,1.099e+5,6.413e+8
435.74,6.959e+8,1.748e+5,6.958e+8
435.79,7.356e+8,2.709e+5,7.353e+8
435.84,7.573e+8,4.089e+5,7.569e+8
435.89,7.595e+8,6.013e+5,7.589e+8
435.94,7.420e+8,8.613e+5,7.412e+8
435.99,7.063e+8,1.202e+6,7.051e+8
436.04,6.551e+8,1.634e+6,6.535e+8
436.09,5.922e+8,2.163e+6,5.901e+8
436.14,5.222e+8,2.789e+6,5.194e+8
436.19,4.496e+8,3.504e+6,4.461e+8
436.24,3.791e+8,4.289e+6,3.748e+8
436.29,3.147e+8,5.113e+6,3.096e+8
436.34,2.606e+8,5.937e+6,2.546e+8
436.39,2.203e+8,6.716e+6,2.136e+8
436.44,1.982e+8,7.401e+6,1.908e+8
436.49,1.994e+8,7.944e+6,1.915e+8
436.54,2.312e+8,8.306e+6,2.229e+8
436.59,3.035e+8,8.460e+6,2.950e+8
436.64,4.295e+8,8.394e+6,4.211e+8
436.69,6.266e+8,8.113e+6,6.185e+8
436.74,9.160e+8,7.639e+6,9.083e+8
436.79,1.322e+9,7.008e+6,1.315e+9
436.84,1.870e+9,6.264e+6,1.864e+9
436.89,2.584e+9,5.457e+6,2.579e+9
436.94,3.485e+9,4.636e+6,3.480e+9
436.99,4.581e+9,3.845e+6,4.577e+9
437.04,5.869e+9,3.120e+6,5.866e+9
437.09,7.326e+9,2.487e+6,7.324e+9
437.14,8.911e+9,1.964e+6,8.909e+9
437.19,1.056e+10,1.558e+6,1.056e+10
437.24,1.219e+10,1.270e+6,1.219e+10
437.29,1.371e+10,1.096e+6,1.371e+10
437.34,1.502e+10,1.030e+6,1.502e+10
437.39,1.604e+10,1.061e+6,1.603e+10
437.44,1.668e+10,1.180e+6,1.668e+10
437.49,1.690e+10,1.372e+6,1.689e+10
437.54,1.668e+10,1.625e+6,1.668e+10
437.59,1.604e+10,1.922e+6,1.603e+10
437.64,1.502e+10,2.246e+6,1.502e+10
437.69,1.371e+10,2.579e+6,1.371e+10
437.74,1.219e+10,2.902e+6,1.219e+10
437.79,1.056e+10,3.196e+6,1.056e+10
437.84,8.912e+9,3.448e+6,8.908e+9
437.89,7.327e+9,3.647e+6,7.323e+9
437.94,5.869e+9,3.789e+6,5.865e+9
437.99,4.580e+9,3.874e+6,4.576e+9
438.04,3.482e+9,3.909e+6,3.478e+9
438.09,2.580e+9,3.906e+6,2.576e+9
438.14,1.862e+9,3.875e+6,1.858e+9
438.19,1.310e+9,3.829e+6,1.306e+9
438.24,8.980e+8,3.779e+6,8.942e+8
438.29,6.002e+8,3.729e+6,5.965e+8
438.34,3.913e+8,3.679e+6,3.876e+8
438.39,2.491e+8,3.626e+6,2.454e+8
438.44,1.550e+8,3.563e+6,1.514e+8
438.49,9.463e+7,3.481e+6,9.115e+7
438.54,5.702e+7,3.372e+6,5.365e+7
438.59,3.439e+7,3.232e+6,3.115e+7
438.64,2.140e+7,3.061e+6,1.834e+7
438.69,1.464e+7,2.862e+6,1.178e+7
438.74,1.211e+7,2.646e+6,9.461e+6
438.79,1.283e+7,2.423e+6,1.041e+7
438.84,1.665e+7,2.209e+6,1.444e+7
438.89,2.404e+7,2.016e+6,2.202e+7
438.94,3.598e+7,1.855e+6,3.413e+7
438.99,5.398e+7,1.735e+6,5.225e+7
439.04,7.992e+7,1.658e+6,7.826e+7
439.09,1.160e+8,1.621e+6,1.144e+8
439.14,1.646e+8,1.618e+6,1.630e+8
439.19,2.279e+8,1.638e+6,2.263e+8
439.24,3.078e+8,1.669e+6,3.062e+8
439.29,4.054e+8,1.698e+6,4.037e+8
439.34,5.205e+8,1.713e+6,5.188e+8
439.39,6.513e+8,1.703e+6,6.496e+8
439.44,7.943e+8,1.664e+6,7.927e+8
439.49,9.442e+8,1.593e+6,9.426e+8
439.54,1.094e+9,1.491e+6,1.092e+9
439.59,1.235e+9,1.363e+6,1.233e+9
439.64,1.358e+9,1.217e+6,1.357e+9
439.69,1.456e+9,1.059e+6,1.455e+9
439.74,1.521e+9,8.983e+5,1.521e+9
439.79,1.549e+9,7.430e+5,1.548e+9
439.84,1.537e+9,5.990e+5,1.536e+9
439.89,1.486e+9,4.707e+5,1.486e+9
439.94,1.400e+9,3.604e+5,1.400e+9
439.99,1.286e+9,2.689e+5,1.285e+9
440.04,1.150e+9,1.956e+5,1.150e+9
440.09,1.003e+9,1.386e+5,1.003e+9
440.14,8.523e+8,9.568e+4,8.522e+8
440.19,7.057e+8,6.438e+4,7.056e+8
440.24,5.694e+8,4.222e+4,5.694e+8
440.29,4.477e+8,2.700e+4,4.477e+8
440.34,3.431e+8,1.685e+4,3.430e+8
440.39,2.562e+8,1.031e+4,2.562e+8
440.44,1.864e+8,6.273e+3,1.864e+8
440.49,1.322e+8,3.952e+3,1.322e+8
440.54,9.132e+7,2.854e+3,9.132e+7
440.59,6.149e+7,2.722e+3,6.149e+7
440.64,4.035e+7,3.517e+3,4.035e+7
440.69,2.581e+7,5.411e+3,2.580e+7
440.74,1.609e+7,8.800e+3,1.608e+7
440.79,9.788e+6,1.433e+4,9.774e+6
440.84,5.826e+6,2.294e+4,5.804e+6
440.89,3.424e+6,3.588e+4,3.388e+6
440.94,2.040e+6,5.475e+4,1.986e+6
440.99,1.328e+6,8.143e+4,1.246e+6
441.04,1.084e+6,1.181e+5,9.659e+5
441.09,1.223e+6,1.669e+5,1.057e+6
441.14,1.761e+6,2.299e+5,1.531e+6
441.19,2.807e+6,3.086e+5,2.499e+6
441.24,4.580e+6,4.039e+5,4.176e+6
441.29,7.420e+6,5.152e+5,6.905e+6
441.34,1.182e+7,6.406e+5,1.118e+7
441.39,1.843e+7,7.763e+5,1.765e+7
441.44,2.810e+7,9.170e+5,2.719e+7
441.49,4.187e+7,1.056e+6,4.082e+7
441.54,6.093e+7,1.185e+6,5.974e+7
441.59,8.653e+7,1.296e+6,8.523e+7
441.64,1.199e+8,1.382e+6,1.185e+8
441.69,1.621e+8,1.436e+6,1.607e+8
441.74,2.137e+8,1.454e+6,2.123e+8
441.79,2.749e+8,1.436e+6,2.734e+8
441.84,3.447e+8,1.382e+6,3.433e+8
441.89,4.214e+8,1.296e+6,4.201e+8
441.94,5.023e+8,1.185e+6,5.011e+8
441.99,5.838e+8,1.056e+6,5.827e+8
442.04,6.614e+8,9.170e+5,6.605e+8
442.09,7.305e+8,7.763e+5,7.297e+8
442.14,7.865e+8,6.406e+5,7.859e+8
442.19,8.255e+8,5.152e+5,8.250e+8
442.24,8.446e+8,4.040e+5,8.442e+8
442.29,8.423e+8,3.088e+5,8.420e+8
442.34,8.189e+8,2.302e+5,8.187e+8
442.39,7.761e+8,1.675e+5,7.759e+8
442.44,7.169e+8,1.193e+5,7.168e+8
442.49,6.455e+8,8.369e+4,6.455e+8
442.54,5.666e+8,5.893e+4,5.666e+8
442.59,4.848e+8,4.345e+4,4.848e+8
442.64,4.043e+8,3.627e+4,4.043e+8
442.69,3.287e+8,3.721e+4,3.287e+8
442.74,2.605e+8,4.708e+4,2.605e+8
442.79,2.013e+8,6.785e+4,2.012e+8
442.84,1.516e+8,1.028e+5,1.515e+8
442.89,1.113e+8,1.566e+5,1.112e+8
442.94,7.978e+7,2.354e+5,7.955e+7
442.99,5.582e+7,3.465e+5,5.547e+7
443.04,3.821e+7,4.981e+5,3.771e+7
443.09,2.568e+7,6.986e+5,2.499e+7
443.14,1.709e+7,9.557e+5,1.614e+7
443.19,1.144e+7,1.275e+6,1.016e+7
443.24,7.895e+6,1.660e+6,6.235e+6
443.29,5.839e+6,2.109e+6,3.730e+6
443.34,4.789e+6,2.614e+6,2.175e+6
443.39,4.401e+6,3.165e+6,1.236e+6
443.44,4.429e+6,3.744e+6,6.849e+5
443.49,4.700e+6,4.330e+6,3.699e+5
443.54,5.096e+6,4.901e+6,1.947e+5
443.59,5.537e+6,5.437e+6,9.992e+4
443.64,5.973e+6,5.923e+6,4.998e+4
443.69,6.373e+6,6.348e+6,2.437e+4
443.74,6.724e+6,6.712e+6,1.158e+4
443.79,7.028e+6,7.023e+6,5.365e+3
443.84,7.296e+6,7.294e+6,2.423e+3
443.89,7.545e+6,7.544e+6,1.066e+3
443.94,7.792e+6,7.792e+6,4.576e+2
443.99,8.050e+6,8.050e+6,1.914e+2
444.04,8.323e+6,8.323e+6,7.802e+1
444.09,8.606e+6,8.606e+6,3.100e+1
444.14,8.882e+6,8.882e+6,1.201e+1
444.19,9.124e+6,9.124e+6,4.535e+0
444.24,9.298e+6,9.298e+6,1.669e+0
444.29,9.370e+6,9.370e+6,5.988e-1
444.34,9.311e+6,9.311e+6,2.094e-1
444.39,9.100e+6,9.100e+6,7.138e-2
444.44,8.730e+6,8.730e+6,2.372e-2
444.49,8.206e+6,8.206e+6,7.682e-3
444.54,7.548e+6,7.548e+6,2.425e-3
444.59,6.788e+6,6.788e+6,7.464e-4
444.64,5.964e+6,5.964e+6,2.239e-4
444.69,5.117e+6,5.117e+6,6.547e-5
444.74,4.284e+6,4.284e+6,1.866e-5
444.79,3.501e+6,3.501e+6,5.185e-6
444.84,2.790e+6,2.790e+6,1.404e-6
444.89,2.169e+6,2.169e+6,3.707e-7
444.94,1.645e+6,1.645e+6,9.539e-8
444.99,1.216e+6,1.216e+6,
445.04,8.769e+5,8.769e+5,
445.09,6.165e+5,6.165e+5,
445.14,4.227e+5,4.227e+5,
445.19,2.825e+5,2.825e+5,
445.24,1.842e+5,1.842e+5,
445.29,1.170e+5,1.170e+5,
445.34,7.252e+4,7.252e+4,
445.39,4.381e+4,4.381e+4,
445.44,2.581e+4,2.581e+4,
445.49,1.482e+4,1.482e+4,
445.54,8.300e+3,8.300e+3,
445.59,4.531e+3,4.531e+3,
445.64,2.412e+3,2.412e+3,
445.69,1.252e+3,1.252e+3,
445.74,6.336e+2,6.336e+2,
445.79,3.129e+2,3.129e+2,
445.84,1.512e+2,1.512e+2,
445.89,7.272e+1,7.272e+1,
445.94,3.762e+1,3.762e+1,
445.99,2.715e+1,2.715e+1,
446.04,3.590e+1,3.590e+1,
446.09,6.979e+1,6.979e+1,
446.14,1.494e+2,1.494e+2,
446.19,3.200e+2,3.200e+2,
446.24,6.719e+2,6.719e+2,
446.29,1.377e+3,1.377e+3,
446.34,2.755e+3,2.755e+3,
446.39,5.375e+3,5.375e+3,
446.44,1.023e+4,1.023e+4,
446.49,1.899e+4,1.899e+4,
446.54,3.440e+4,3.440e+4,
446.59,6.078e+4,6.078e+4,
446.64,1.048e+5,1.048e+5,
446.69,1.761e+5,1.761e+5,
446.74,2.888e+5,2.888e+5,
446.79,4.621e+5,4.621e+5,
446.84,7.212e+5,7.212e+5,
446.89,1.098e+6,1.098e+6,
446.94,1.631e+6,1.631e+6,
446.99,2.362e+6,2.362e+6,
447.04,3.339e+6,3.339e+6,
447.09,4.603e+6,4.603e+6,
447.14,6.190e+6,6.190e+6,
447.19,8.122e+6,8.122e+6,
447.24,1.040e+7,1.040e+7,
447.29,1.298e+7,1.298e+7,
447.34,1.581e+7,1.581e+7,
447.39,1.879e+7,1.879e+7,
447.44,2.178e+7,2.178e+7,
447.49,2.464e+7,2.464e+7,
447.54,2.721e+7,2.721e+7,
447.59,2.931e+7,2.931e+7,
447.64,3.084e+7,3.084e+7,
447.7,3.178e+7,3.178e+7,
447.75,3.179e+7,3.179e+7,
447.8,3.113e+7,3.113e+7,
447.85,2.992e+7,2.992e+7,
447.9,2.831e+7,2.831e+7,
447.95,2.651e+7,2.651e+7,
448,2.473e+7,2.473e+7,
448.05,2.322e+7,2.322e+7,
448.1,2.216e+7,2.216e+7,
448.15,2.175e+7,2.175e+7,
448.2,2.210e+7,2.210e+7,
448.25,2.326e+7,2.326e+7,
448.3,2.522e+7,2.522e+7,
448.35,2.790e+7,2.790e+7,
448.4,3.114e+7,3.114e+7,
448.45,3.471e+7,3.471e+7,
448.5,3.838e+7,3.838e+7,
448.55,4.184e+7,4.184e+7,
448.6,4.484e+7,4.484e+7,
448.65,4.711e+7,4.711e+7,
448.7,4.847e+7,4.847e+7,
448.75,4.878e+7,4.878e+7,
448.8,4.801e+7,4.801e+7,
448.85,4.619e+7,4.619e+7,
448.9,4.345e+7,4.345e+7,
448.95,3.997e+7,3.997e+7,
449,3.595e+7,3.595e+7,
449.05,3.163e+7,3.163e+7,
449.1,2.724e+7,2.724e+7,
449.15,2.297e+7,2.297e+7,
449.2,1.898e+7,1.898e+7,
449.25,1.538e+7,1.538e+7,
449.3,1.223e+7,1.223e+7,
449.35,9.560e+6,9.560e+6,
449.4,7.360e+6,7.360e+6,
449.45,5.598e+6,5.598e+6,
449.5,4.233e+6,4.233e+6,
449.55,3.222e+6,3.222e+6,
449.6,2.526e+6,2.526e+6,
449.65,2.116e+6,2.116e+6,
449.7,1.980e+6,1.980e+6,
449.75,2.121e+6,2.121e+6,
449.8,2.558e+6,2.558e+6,
449.85,3.324e+6,3.324e+6,
449.9,4.465e+6,4.465e+6,
449.95,6.026e+6,6.026e+6,
450,8.051e+6,8.051e+6,
450.05,1.057e+7,1.057e+7,
450.1,1.358e+7,1.358e+7,
450.15,1.706e+7,1.706e+7,
450.2,2.092e+7,2.092e+7,
450.25,2.504e+7,2.504e+7,
450.3,2.926e+7,2.926e+7,
450.35,3.336e+7,3.336e+7,
450.4,3.714e+7,3.714e+7,
450.45,4.037e+7,4.037e+7,
450.5,4.286e+7,4.286e+7,
450.55,4.445e+7,4.445e+7,
450.6,4.509e+7,4.509e+7,
450.65,4.476e+7,4.476e+7,
450.7,4.354e+7,4.354e+7,
450.75,4.160e+7,4.160e+7,
450.8,3.914e+7,3.914e+7,
450.85,3.639e+7,3.639e+7,
450.9,3.359e+7,3.359e+7,
450.95,3.095e+7,3.095e+7,
451,2.862e+7,2.862e+7,
451.05,2.670e+7,2.670e+7,
451.1,2.522e+7,2.522e+7,
451.15,2.414e+7,2.414e+7,
451.2,2.339e+7,2.339e+7,
451.25,2.284e+7,2.284e+7,
451.3,2.235e+7,2.235e+7,
451.35,2.180e+7,2.180e+7,
451.4,2.109e+7,2.109e+7,
451.45,2.015e+7,2.015e+7,
451.5,1.895e+7,1.895e+7,
451.55,1.750e+7,1.750e+7,
451.6,1.585e+7,1.585e+7,
451.65,1.407e+7,1.407e+7,
451.7,1.226e+7,1.226e+7,
451.75,1.051e+7,1.051e+7,
451.8,8.921e+6,8.921e+6,
451.85,7.578e+6,7.578e+6,
451.9,6.566e+6,6.566e+6,
451.95,5.957e+6,5.957e+6,
452,5.820e+6,5.820e+6,
452.05,6.214e+6,6.214e+6,
452.1,7.196e+6,7.196e+6,
452.15,8.813e+6,8.813e+6,
452.2,1.110e+7,1.110e+7,
452.25,1.405e+7,1.405e+7,
452.3,1.766e+7,1.766e+7,
452.35,2.185e+7,2.185e+7,
452.4,2.650e+7,2.650e+7,
452.45,3.144e+7,3.144e+7,
452.5,3.645e+7,3.645e+7,
452.55,4.126e+7,4.126e+7,
452.6,4.561e+7,4.561e+7,
452.65,4.921e+7,4.921e+7,
452.7,5.184e+7,5.184e+7,
452.75,5.331e+7,5.331e+7,
452.8,5.352e+7,5.352e+7,
452.85,5.246e+7,5.246e+7,
452.9,5.023e+7,5.023e+7,
452.95,4.698e+7,4.698e+7,
453,4.294e+7,4.294e+7,
453.05,3.837e+7,3.837e+7,
453.1,3.354e+7,3.354e+7,
453.15,2.871e+7,2.871e+7,
453.2,2.409e+7,2.409e+7,
453.25,1.984e+7,1.984e+7,
453.3,1.608e+7,1.608e+7,
453.35,1.285e+7,1.285e+7,
453.4,1.016e+7,1.016e+7,
453.45,8.002e+6,8.002e+6,
453.5,6.315e+6,6.315e+6,
453.55,5.051e+6,5.051e+6,
453.6,4.157e+6,4.157e+6,
453.65,3.587e+6,3.587e+6,
453.7,3.308e+6,3.308e+6,
453.75,3.295e+6,3.295e+6,
453.8,3.535e+6,3.535e+6,
453.85,4.017e+6,4.017e+6,
453.9,4.734e+6,4.734e+6,
453.95,5.668e+6,5.668e+6,
454,6.795e+6,6.795e+6,
454.05,8.076e+6,8.076e+6,
454.1,9.457e+6,9.457e+6,
454.15,1.087e+7,1.087e+7,
454.2,1.224e+7,1.224e+7,
454.25,1.347e+7,1.347e+7,
454.3,1.450e+7,1.450e+7,
454.35,1.524e+7,1.524e+7,
454.4,1.564e+7,1.564e+7,
454.45,1.567e+7,1.567e+7,
454.5,1.533e+7,1.533e+7,
454.55,1.464e+7,1.464e+7,
454.6,1.364e+7,1.364e+7,
454.65,1.242e+7,1.242e+7,
454.7,1.103e+7,1.103e+7,
454.75,9.567e+6,9.567e+6,
454.8,8.105e+6,8.105e+6,
454.85,6.711e+6,6.711e+6,
454.9,5.438e+6,5.438e+6,
454.95,4.326e+6,4.326e+6,
455,3.396e+6,3.396e+6,
455.05,2.661e+6,2.661e+6,
455.1,2.121e+6,2.121e+6,
455.15,1.773e+6,1.773e+6,
455.2,1.609e+6,1.609e+6,
455.25,1.621e+6,1.621e+6,
455.3,1.801e+6,1.801e+6,
455.35,2.143e+6,2.143e+6,
455.4,2.636e+6,2.636e+6,
455.45,3.270e+6,3.270e+6,
455.5,4.026e+6,4.026e+6,
455.55,4.882e+6,4.882e+6,
455.6,5.804e+6,5.804e+6,
455.65,6.753e+6,6.753e+6,
455.7,7.681e+6,7.681e+6,
455.75,8.539e+6,8.539e+6,
455.8,9.277e+6,9.277e+6,
455.85,9.850e+6,9.850e+6,
455.9,1.023e+7,1.023e+7,
455.95,1.038e+7,1.038e+7,
456,1.032e+7,1.032e+7,
456.05,1.004e+7,1.004e+7,
456.1,9.567e+6,9.567e+6,
456.15,8.946e+6,8.946e+6,
456.2,8.215e+6,8.215e+6,
456.25,7.419e+6,7.419e+6,
456.3,6.598e+6,6.598e+6,
456.35,5.790e+6,5.790e+6,
456.4,5.021e+6,5.021e+6,
456.45,4.311e+6,4.311e+6,
456.5,3.671e+6,3.671e+6,
456.55,3.102e+6,3.102e+6,
456.6,2.604e+6,2.604e+6,
456.65,2.172e+6,2.172e+6,
456.7,1.799e+6,1.799e+6,
456.75,1.478e+6,1.478e+6,
456.8,1.203e+6,1.203e+6,
456.85,9.690e+5,9.690e+5,
456.9,7.718e+5,7.718e+5,
456.95,6.082e+5,6.082e+5,
457,4.758e+5,4.758e+5,
457.05,3.729e+5,3.729e+5,
457.1,2.986e+5,2.986e+5,
457.15,2.529e+5,2.529e+5,
457.2,2.371e+5,2.371e+5,
457.25,2.539e+5,2.539e+5,
457.3,3.079e+5,3.079e+5,
457.35,4.055e+5,4.055e+5,
457.4,5.548e+5,5.548e+5,
457.45,7.653e+5,7.653e+5,
457.5,1.047e+6,1.047e+6,
457.55,1.408e+6,1.408e+6,
457.6,1.857e+6,1.857e+6,
457.65,2.394e+6,2.394e+6,
457.7,3.017e+6,3.017e+6,
457.75,3.715e+6,3.715e+6,
457.8,4.469e+6,4.469e+6,
457.85,5.252e+6,5.252e+6,
457.9,6.028e+6,6.028e+6,
457.95,6.758e+6,6.758e+6,
458,7.401e+6,7.401e+6,
458.05,7.916e+6,7.916e+6,
458.1,8.271e+6,8.271e+6,
458.15,8.442e+6,8.442e+6,
458.2,8.415e+6,8.415e+6,
458.25,8.195e+6,8.195e+6,
458.3,7.795e+6,7.795e+6,
458.35,7.243e+6,7.243e+6,
458.4,6.576e+6,6.576e+6,
458.45,5.833e+6,5.833e+6,
458.5,5.058e+6,5.058e+6,
458.55,4.291e+6,4.291e+6,
458.6,3.567e+6,3.567e+6,
458.65,2.913e+6,2.913e+6,
458.7,2.352e+6,2.352e+6,
458.75,1.898e+6,1.898e+6,
458.8,1.559e+6,1.559e+6,
458.85,1.339e+6,1.339e+6,
458.9,1.241e+6,1.241e+6,
458.95,1.264e+6,1.264e+6,
459,1.408e+6,1.408e+6,
459.05,1.671e+6,1.671e+6,
459.1,2.050e+6,2.050e+6,
459.15,2.536e+6,2.536e+6,
459.2,3.120e+6,3.120e+6,
459.25,3.782e+6,3.782e+6,
459.3,4.500e+6,4.500e+6,
459.35,5.244e+6,5.244e+6,
459.4,5.978e+6,5.978e+6,
459.45,6.666e+6,6.666e+6,
459.5,7.272e+6,7.272e+6,
459.55,7.765e+6,7.765e+6,
459.6,8.124e+6,8.124e+6,
459.65,8.337e+6,8.337e+6,
459.7,8.410e+6,8.410e+6,
459.75,8.361e+6,8.361e+6,
459.8,8.222e+6,8.222e+6,
459.85,8.032e+6,8.032e+6,
459.9,7.839e+6,7.839e+6,
459.95,7.685e+6,7.685e+6,
460,7.609e+6,7.609e+6,
460.05,7.636e+6,7.636e+6,
460.1,7.776e+6,7.776e+6,
460.15,8.022e+6,8.022e+6,
460.2,8.353e+6,8.353e+6,
460.25,8.730e+6,8.730e+6,
460.3,9.110e+6,9.110e+6,
460.35,9.443e+6,9.443e+6,
460.4,9.686e+6,9.686e+6,
460.45,9.800e+6,9.800e+6,
460.5,9.766e+6,9.766e+6,
460.55,9.575e+6,9.575e+6,
460.6,9.239e+6,9.239e+6,
460.65,8.782e+6,8.782e+6,
460.7,8.242e+6,8.242e+6,
460.75,7.661e+6,7.661e+6,
460.8,7.082e+6,7.082e+6,
460.85,6.543e+6,6.543e+6,
460.9,6.075e+6,6.075e+6,
460.95,5.694e+6,5.694e+6,
461,5.406e+6,5.406e+6,
461.05,5.203e+6,5.203e+6,
461.1,5.066e+6,5.066e+6,
461.15,4.972e+6,4.972e+6,
461.2,4.891e+6,4.891e+6,
461.25,4.798e+6,4.798e+6,
461.3,4.671e+6,4.671e+6,
461.35,4.492e+6,4.492e+6,
461.4,4.255e+6,4.255e+6,
461.45,3.961e+6,3.961e+6,
461.5,3.615e+6,3.615e+6,
461.55,3.233e+6,3.233e+6,
461.6,2.829e+6,2.829e+6,
461.65,2.421e+6,2.421e+6,
461.7,2.026e+6,2.026e+6,
461.75,1.657e+6,1.657e+6,
461.8,1.324e+6,1.324e+6,
461.85,1.034e+6,1.034e+6,
461.9,7.890e+5,7.890e+5,
461.95,5.881e+5,5.881e+5,
462,4.281e+5,4.281e+5,
462.05,3.045e+5,3.045e+5,
462.1,2.115e+5,2.115e+5,
462.15,1.435e+5,1.435e+5,
462.2,9.514e+4,9.514e+4,
462.25,6.160e+4,6.160e+4,
462.3,3.896e+4,3.896e+4,
462.35,2.406e+4,2.406e+4,
462.4,1.452e+4,1.452e+4,
462.45,8.560e+3,8.560e+3,
462.5,4.931e+3,4.931e+3,
462.55,2.781e+3,2.781e+3,
462.6,1.545e+3,1.545e+3,
462.65,8.689e+2,8.689e+2,
462.7,5.430e+2,5.430e+2,
462.75,4.659e+2,4.659e+2,
462.8,6.268e+2,6.268e+2,
462.85,1.112e+3,1.112e+3,
462.9,2.144e+3,2.144e+3,
462.95,4.152e+3,4.152e+3,
463,7.911e+3,7.911e+3,
463.05,1.475e+4,1.475e+4,
463.1,2.689e+4,2.689e+4,
463.15,4.790e+4,4.790e+4,
463.2,8.338e+4,8.338e+4,
463.25,1.418e+5,1.418e+5,
463.3,2.356e+5,2.356e+5,
463.35,3.825e+5,3.825e+5,
463.4,6.068e+5,6.068e+5,
463.45,9.405e+5,9.405e+5,
463.5,1.424e+6,1.424e+6,
463.55,2.108e+6,2.108e+6,
463.6,3.047e+6,3.047e+6,
463.65,4.305e+6,4.305e+6,
463.7,5.942e+6,5.942e+6,
463.75,8.013e+6,8.013e+6,
463.8,1.056e+7,1.056e+7,
463.85,1.360e+7,1.360e+7,
463.9,1.710e+7,1.710e+7,
463.95,2.102e+7,2.102e+7,
464,2.525e+7,2.525e+7,
464.05,2.963e+7,2.963e+7,
464.1,3.398e+7,3.398e+7,
464.15,3.807e+7,3.807e+7,
464.2,4.168e+7,4.168e+7,
464.25,4.458e+7,4.458e+7,
464.3,4.660e+7,4.660e+7,
464.35,4.760e+7,4.760e+7,
464.4,4.751e+7,4.751e+7,
464.45,4.636e+7,4.636e+7,
464.5,4.422e+7,4.422e+7,
464.55,4.125e+7,4.125e+7,
464.6,3.764e+7,3.764e+7,
464.65,3.365e+7,3.365e+7,
464.7,2.949e+7,2.949e+7,
464.75,2.541e+7,2.541e+7,
464.8,2.160e+7,2.160e+7,
464.85,1.822e+7,1.822e+7,
464.9,1.538e+7,1.538e+7,
464.95,1.313e+7,1.313e+7,
465,1.152e+7,1.152e+7,
465.05,1.053e+7,1.053e+7,
465.1,1.012e+7,1.012e+7,
465.15,1.024e+7,1.024e+7,
465.2,1.084e+7,1.084e+7,
465.25,1.184e+7,1.184e+7,
465.3,1.319e+7,1.319e+7,
465.35,1.480e+7,1.480e+7,
465.4,1.661e+7,1.661e+7,4.560e-8
465.45,1.853e+7,1.853e+7,1.639e-7
465.5,2.047e+7,2.047e+7,5.758e-7
465.55,2.234e+7,2.234e+7,1.978e-6
465.6,2.403e+7,2.403e+7,6.638e-6
465.65,2.545e+7,2.545e+7,2.178e-5
465.7,2.650e+7,2.650e+7,6.986e-5
465.75,2.711e+7,2.711e+7,2.190e-4
465.8,2.722e+7,2.722e+7,6.710e-4
465.85,2.681e+7,2.681e+7,2.010e-3
465.9,2.588e+7,2.588e+7,5.883e-3
465.95,2.448e+7,2.448e+7,1.684e-2
466,2.268e+7,2.268e+7,4.709e-2
466.05,2.056e+7,2.056e+7,1.287e-1
466.1,1.825e+7,1.825e+7,3.440e-1
466.15,1.585e+7,1.585e+7,8.986e-1
466.2,1.348e+7,1.348e+7,2.294e+0
466.25,1.122e+7,1.122e+7,5.725e+0
466.3,9.151e+6,9.151e+6,1.397e+1
466.35,7.336e+6,7.336e+6,3.330e+1
466.4,5.808e+6,5.808e+6,7.761e+1
466.45,4.592e+6,4.591e+6,1.768e+2
466.5,3.697e+6,3.696e+6,3.936e+2
466.55,3.130e+6,3.129e+6,8.567e+2
466.6,2.898e+6,2.896e+6,1.823e+3
466.65,3.013e+6,3.010e+6,3.790e+3
466.7,3.495e+6,3.488e+6,7.703e+3
466.75,4.372e+6,4.356e+6,1.530e+4
466.8,5.676e+6,5.646e+6,2.972e+4
466.85,7.442e+6,7.386e+6,5.640e+4
466.9,9.702e+6,9.597e+6,1.046e+5
466.95,1.247e+7,1.228e+7,1.898e+5
467,1.576e+7,1.543e+7,3.364e+5
467.05,1.955e+7,1.897e+7,5.828e+5
467.1,2.380e+7,2.281e+7,9.870e+5
467.15,2.846e+7,2.683e+7,1.634e+6
467.2,3.348e+7,3.084e+7,2.643e+6
467.25,3.884e+7,3.466e+7,4.181e+6
467.3,4.453e+7,3.806e+7,6.463e+6
467.35,5.063e+7,4.086e+7,9.766e+6
467.4,5.729e+7,4.287e+7,1.442e+7
467.45,6.479e+7,4.396e+7,2.082e+7
467.5,7.345e+7,4.406e+7,2.938e+7
467.55,8.369e+7,4.317e+7,4.053e+7
467.6,9.597e+7,4.133e+7,5.464e+7
467.65,1.107e+8,3.868e+7,7.200e+7
467.7,1.281e+8,3.538e+7,9.274e+7
467.75,1.484e+8,3.164e+7,1.168e+8
467.8,1.713e+8,2.765e+7,1.437e+8
467.85,1.965e+8,2.363e+7,1.728e+8
467.9,2.230e+8,1.975e+7,2.032e+8
467.95,2.497e+8,1.616e+7,2.336e+8
468,2.753e+8,1.296e+7,2.624e+8
468.05,2.983e+8,1.022e+7,2.881e+8
468.1,3.172e+8,7.963e+6,3.092e+8
468.15,3.306e+8,6.191e+6,3.244e+8
468.2,3.375e+8,4.884e+6,3.326e+8
468.25,3.374e+8,4.009e+6,3.334e+8
468.3,3.301e+8,3.524e+6,3.266e+8
468.35,3.161e+8,3.388e+6,3.127e+8
468.4,2.963e+8,3.559e+6,2.927e+8
468.45,2.718e+8,3.996e+6,2.678e+8
468.5,2.442e+8,4.657e+6,2.395e+8
468.55,2.148e+8,5.499e+6,2.093e+8
468.6,1.853e+8,6.473e+6,1.789e+8
468.65,1.569e+8,7.529e+6,1.494e+8
468.7,1.305e+8,8.607e+6,1.219e+8
468.75,1.069e+8,9.646e+6,9.729e+7
468.8,8.646e+7,1.058e+7,7.588e+7
468.85,6.921e+7,1.136e+7,5.784e+7
468.9,5.504e+7,1.194e+7,4.310e+7
468.95,4.365e+7,1.226e+7,3.139e+7
469,3.467e+7,1.232e+7,2.235e+7
469.05,2.766e+7,1.211e+7,1.555e+7
469.1,2.222e+7,1.164e+7,1.058e+7
469.15,1.798e+7,1.095e+7,7.032e+6
469.2,1.465e+7,1.008e+7,4.570e+6
469.25,1.199e+7,9.084e+6,2.903e+6
469.3,9.819e+6,8.016e+6,1.802e+6
469.35,8.023e+6,6.930e+6,1.094e+6
469.4,6.519e+6,5.871e+6,6.487e+5
469.45,5.253e+6,4.877e+6,3.761e+5
469.5,4.188e+6,3.975e+6,2.132e+5
469.55,3.300e+6,3.182e+6,1.181e+5
469.6,2.567e+6,2.503e+6,6.394e+4
469.65,1.971e+6,1.937e+6,3.384e+4
469.7,1.495e+6,1.478e+6,1.751e+4
469.75,1.122e+6,1.113e+6,8.852e+3
469.8,8.348e+5,8.304e+5,4.375e+3
469.85,6.195e+5,6.174e+5,2.114e+3
469.9,4.632e+5,4.622e+5,9.981e+2
469.95,3.554e+5,3.549e+5,4.607e+2
470,2.881e+5,2.879e+5,2.079e+2
470.05,2.556e+5,2.555e+5,9.166e+1
470.1,2.542e+5,2.541e+5,3.951e+1
470.15,2.821e+5,2.820e+5,1.665e+1
470.2,3.386e+5,3.386e+5,6.856e+0
470.25,4.237e+5,4.237e+5,2.760e+0
470.3,5.377e+5,5.377e+5,1.086e+0
470.35,6.800e+5,6.800e+5,4.176e-1
470.4,8.492e+5,8.492e+5,1.570e-1
470.45,1.042e+6,1.042e+6,5.769e-2
470.5,1.253e+6,1.253e+6,2.072e-2
470.55,1.475e+6,1.475e+6,7.273e-3
470.6,1.700e+6,1.700e+6,2.496e-3
470.65,1.915e+6,1.915e+6,8.371e-4
470.7,2.109e+6,2.109e+6,2.745e-4
470.75,2.272e+6,2.272e+6,8.795e-5
470.8,2.393e+6,2.393e+6,2.755e-5
470.85,2.464e+6,2.464e+6,8.434e-6
470.9,2.481e+6,2.481e+6,2.524e-6
470.95,2.442e+6,2.442e+6,7.383e-7
471,2.350e+6,2.350e+6,2.111e-7
471.05,2.211e+6,2.211e+6,5.900e-8
471.1,2.034e+6,2.034e+6,
471.15,1.830e+6,1.830e+6,
471.2,1.610e+6,1.610e+6,
471.25,1.384e+6,1.384e+6,
471.3,1.165e+6,1.165e+6,
471.35,9.595e+5,9.595e+5,
471.4,7.745e+5,7.745e+5,
471.45,6.144e+5,6.144e+5,
471.5,4.817e+5,4.817e+5,
471.55,3.773e+5,3.773e+5,
471.6,3.015e+5,3.015e+5,
471.65,2.540e+5,2.540e+5,
471.7,2.347e+5,2.347e+5,
471.75,2.438e+5,2.438e+5,
471.8,2.823e+5,2.823e+5,
471.85,3.520e+5,3.520e+5,
471.9,4.548e+5,4.548e+5,
471.95,5.930e+5,5.930e+5,
472,7.684e+5,7.684e+5,
472.05,9.817e+5,9.817e+5,
472.1,1.232e+6,1.232e+6,
472.15,1.517e+6,1.517e+6,
472.2,1.830e+6,1.830e+6,
472.25,2.166e+6,2.166e+6,
472.3,2.515e+6,2.515e+6,
472.35,2.867e+6,2.867e+6,
472.4,3.213e+6,3.213e+6,
472.45,3.546e+6,3.546e+6,
472.5,3.858e+6,3.858e+6,
472.55,4.149e+6,4.149e+6,
472.6,4.419e+6,4.419e+6,
472.65,4.672e+6,4.672e+6,
472.7,4.916e+6,4.916e+6,
472.75,5.155e+6,5.155e+6,
472.8,5.396e+6,5.396e+6,
472.85,5.642e+6,5.642e+6,
472.9,5.888e+6,5.888e+6,
472.95,6.127e+6,6.127e+6,
473,6.347e+6,6.347e+6,
473.05,6.530e+6,6.530e+6,
473.1,6.657e+6,6.657e+6,
473.15,6.709e+6,6.709e+6,
473.2,6.671e+6,6.671e+6,
473.25,6.533e+6,6.533e+6,
473.3,6.290e+6,6.290e+6,
473.35,5.949e+6,5.949e+6,
473.4,5.519e+6,5.519e+6,
473.45,5.020e+6,5.020e+6,
473.5,4.474e+6,4.474e+6,
473.55,3.905e+6,3.905e+6,
473.6,3.337e+6,3.337e+6,
473.65,2.790e+6,2.790e+6,
473.7,2.283e+6,2.283e+6,
473.75,1.828e+6,1.828e+6,
473.8,1.433e+6,1.433e+6,
473.85,1.099e+6,1.099e+6,
473.9,8.256e+5,8.256e+5,
473.95,6.093e+5,6.093e+5,
474,4.442e+5,4.442e+5,
474.05,3.245e+5,3.245e+5,
474.1,2.448e+5,2.448e+5,
474.15,2.013e+5,2.013e+5,
474.2,1.926e+5,1.926e+5,
474.25,2.203e+5,2.203e+5,
474.3,2.891e+5,2.891e+5,
474.35,4.078e+5,4.078e+5,
474.4,5.887e+5,5.887e+5,
474.45,8.478e+5,8.478e+5,
474.5,1.204e+6,1.204e+6,
474.55,1.678e+6,1.678e+6,
474.6,2.291e+6,2.291e+6,
474.65,3.061e+6,3.061e+6,
474.7,4.000e+6,4.000e+6,
474.75,5.115e+6,5.115e+6,
474.8,6.398e+6,6.398e+6,
474.85,7.828e+6,7.828e+6,
474.9,9.370e+6,9.370e+6,
474.95,1.097e+7,1.097e+7,
475,1.257e+7,1.257e+7,
475.05,1.410e+7,1.410e+7,
475.1,1.547e+7,1.547e+7,
475.15,1.662e+7,1.662e+7,
475.2,1.748e+7,1.748e+7,
475.25,1.803e+7,1.803e+7,
475.3,1.823e+7,1.823e+7,
475.35,1.810e+7,1.810e+7,
475.4,1.767e+7,1.767e+7,
475.45,1.700e+7,1.700e+7,
475.5,1.616e+7,1.616e+7,
475.55,1.524e+7,1.524e+7,
475.6,1.430e+7,1.430e+7,
475.65,1.342e+7,1.342e+7,
475.7,1.266e+7,1.266e+7,
475.75,1.204e+7,1.204e+7,
475.8,1.159e+7,1.159e+7,8.873e-8
475.85,1.127e+7,1.127e+7,3.058e-7
475.9,1.107e+7,1.107e+7,1.031e-6
475.95,1.095e+7,1.095e+7,3.402e-6
476,1.084e+7,1.084e+7,1.098e-5
476.05,1.070e+7,1.070e+7,3.469e-5
476.1,1.049e+7,1.049e+7,1.072e-4
476.15,1.017e+7,1.017e+7,3.241e-4
476.2,9.730e+6,9.730e+6,9.589e-4
476.25,9.164e+6,9.164e+6,2.776e-3
476.3,8.483e+6,8.483e+6,7.860e-3
476.35,7.710e+6,7.710e+6,2.178e-2
476.4,6.873e+6,6.873e+6,5.904e-2
476.45,6.007e+6,6.007e+6,1.566e-1
476.5,5.146e+6,5.146e+6,4.065e-1
476.55,4.319e+6,4.319e+6,1.032e+0
476.6,3.552e+6,3.552e+6,2.564e+0
476.65,2.862e+6,2.862e+6,6.233e+0
476.7,2.260e+6,2.260e+6,1.482e+1
476.75,1.750e+6,1.750e+6,3.449e+1
476.8,1.331e+6,1.330e+6,7.853e+1
476.85,9.968e+5,9.966e+5,1.749e+2
476.9,7.412e+5,7.408e+5,3.813e+2
476.95,5.556e+5,5.548e+5,8.130e+2
477,4.332e+5,4.315e+5,1.696e+3
477.05,3.689e+5,3.654e+5,3.463e+3
477.1,3.610e+5,3.541e+5,6.916e+3
477.15,4.119e+5,3.984e+5,1.352e+4
477.2,5.287e+5,5.028e+5,2.584e+4
477.25,7.238e+5,6.754e+5,4.834e+4
477.3,1.016e+6,9.274e+5,8.848e+4
477.35,1.431e+6,1.272e+6,1.585e+5
477.4,2.002e+6,1.725e+6,2.777e+5
477.45,2.775e+6,2.299e+6,4.760e+5
477.5,3.804e+6,3.006e+6,7.984e+5
477.55,5.163e+6,3.853e+6,1.310e+6
477.6,6.946e+6,4.842e+6,2.104e+6
477.65,9.272e+6,5.966e+6,3.305e+6
477.7,1.229e+7,7.211e+6,5.081e+6
477.75,1.620e+7,8.555e+6,7.641e+6
477.8,2.121e+7,9.968e+6,1.124e+7
477.85,2.761e+7,1.142e+7,1.619e+7
477.9,3.568e+7,1.288e+7,2.280e+7
477.95,4.574e+7,1.431e+7,3.143e+7
478,5.809e+7,1.570e+7,4.238e+7
478.05,7.295e+7,1.704e+7,5.592e+7
478.1,9.049e+7,1.831e+7,7.218e+7
478.15,1.107e+8,1.952e+7,9.117e+7
478.2,1.333e+8,2.067e+7,1.127e+8
478.25,1.580e+8,2.178e+7,1.362e+8
478.3,1.840e+8,2.284e+7,1.611e+8
478.35,2.104e+8,2.384e+7,1.865e+8
478.4,2.360e+8,2.476e+7,2.112e+8
478.45,2.596e+8,2.555e+7,2.340e+8
478.5,2.799e+8,2.617e+7,2.537e+8
478.56,2.982e+8,2.660e+7,2.716e+8
478.61,3.073e+8,2.664e+7,2.806e+8
478.66,3.100e+8,2.634e+7,2.837e+8
478.71,3.063e+8,2.567e+7,2.806e+8
478.76,2.962e+8,2.463e+7,2.716e+8
478.81,2.804e+8,2.325e+7,2.572e+8
478.86,2.598e+8,2.157e+7,2.383e+8
478.91,2.356e+8,1.966e+7,2.160e+8
478.96,2.092e+8,1.763e+7,1.915e+8
479.01,1.818e+8,1.555e+7,1.662e+8
479.06,1.547e+8,1.354e+7,1.411e+8
479.11,1.289e+8,1.168e+7,1.172e+8
479.16,1.053e+8,1.005e+7,9.528e+7
479.21,8.448e+7,8.720e+6,7.576e+7
479.26,6.668e+7,7.731e+6,5.895e+7
479.31,5.199e+7,7.110e+6,4.487e+7
479.36,4.029e+7,6.865e+6,3.342e+7
479.41,3.134e+7,6.985e+6,2.436e+7
479.46,2.481e+7,7.446e+6,1.737e+7
479.51,2.033e+7,8.210e+6,1.212e+7
479.56,1.750e+7,9.228e+6,8.269e+6
479.61,1.597e+7,1.044e+7,5.523e+6
479.66,1.540e+7,1.179e+7,3.608e+6
479.71,1.552e+7,1.322e+7,2.307e+6
479.76,1.609e+7,1.465e+7,1.443e+6
479.81,1.692e+7,1.604e+7,8.831e+5
479.86,1.787e+7,1.734e+7,5.288e+5
479.91,1.882e+7,1.851e+7,3.098e+5
479.96,1.970e+7,1.952e+7,1.776e+5
480.01,2.047e+7,2.037e+7,9.959e+4
480.06,2.109e+7,2.104e+7,5.465e+4
480.11,2.155e+7,2.152e+7,2.934e+4
480.16,2.184e+7,2.183e+7,1.541e+4
480.21,2.196e+7,2.195e+7,7.924e+3
480.26,2.189e+7,2.188e+7,3.988e+3
480.31,2.163e+7,2.162e+7,1.971e+3
480.36,2.117e+7,2.117e+7,9.688e+2
480.41,2.050e+7,2.050e+7,5.027e+2
480.46,1.963e+7,1.963e+7,3.364e+2
480.51,1.856e+7,1.856e+7,3.833e+2
480.56,1.731e+7,1.731e+7,6.701e+2
480.61,1.591e+7,1.591e+7,1.350e+3
480.66,1.440e+7,1.439e+7,2.769e+3
480.71,1.281e+7,1.281e+7,5.603e+3
480.76,1.121e+7,1.120e+7,1.112e+4
480.81,9.653e+6,9.632e+6,2.160e+4
480.86,8.184e+6,8.143e+6,4.106e+4
480.91,6.855e+6,6.779e+6,7.642e+4
480.96,5.715e+6,5.575e+6,1.392e+5
481.01,4.809e+6,4.561e+6,2.481e+5
481.06,4.187e+6,3.754e+6,4.330e+5
481.11,3.911e+6,3.172e+6,7.394e+5
481.16,4.060e+6,2.824e+6,1.236e+6
481.21,4.742e+6,2.721e+6,2.022e+6
481.26,6.110e+6,2.873e+6,3.237e+6
481.31,8.366e+6,3.294e+6,5.072e+6
481.36,1.177e+7,3.996e+6,7.779e+6
481.41,1.667e+7,4.993e+6,1.168e+7
481.46,2.345e+7,6.298e+6,1.716e+7
481.51,3.258e+7,7.915e+6,2.467e+7
481.56,4.456e+7,9.839e+6,3.472e+7
481.61,5.988e+7,1.205e+7,4.782e+7
481.66,7.899e+7,1.452e+7,6.448e+7
481.71,1.023e+8,1.718e+7,8.507e+7
481.76,1.298e+8,1.997e+7,1.099e+8
481.81,1.616e+8,2.278e+7,1.389e+8
481.86,1.973e+8,2.550e+7,1.718e+8
481.91,2.360e+8,2.802e+7,2.080e+8
481.96,2.767e+8,3.020e+7,2.465e+8
482.01,3.179e+8,3.195e+7,2.859e+8
482.06,3.577e+8,3.316e+7,3.246e+8
482.11,3.944e+8,3.377e+7,3.606e+8
482.16,4.259e+8,3.373e+7,3.921e+8
482.21,4.504e+8,3.305e+7,4.174e+8
482.26,4.665e+8,3.176e+7,4.348e+8
482.31,4.732e+8,2.993e+7,4.432e+8
482.36,4.700e+8,2.766e+7,4.423e+8
482.41,4.570e+8,2.506e+7,4.320e+8
482.46,4.352e+8,2.226e+7,4.129e+8
482.51,4.057e+8,1.939e+7,3.863e+8
482.56,3.703e+8,1.656e+7,3.537e+8
482.61,3.309e+8,1.387e+7,3.170e+8
482.66,2.894e+8,1.140e+7,2.780e+8
482.71,2.479e+8,9.211e+6,2.387e+8
482.76,2.079e+8,7.343e+6,2.006e+8
482.81,1.707e+8,5.818e+6,1.649e+8
482.86,1.374e+8,4.648e+6,1.327e+8
482.91,1.084e+8,3.844e+6,1.046e+8
482.96,8.404e+7,3.417e+6,8.062e+7
483.01,6.423e+7,3.390e+6,6.084e+7
483.06,4.873e+7,3.800e+6,4.493e+7
483.11,3.718e+7,4.701e+6,3.248e+7
483.16,2.915e+7,6.167e+6,2.298e+7
483.21,2.420e+7,8.287e+6,1.591e+7
483.26,2.194e+7,1.116e+7,1.078e+7
483.31,2.203e+7,1.488e+7,7.154e+6
483.36,2.418e+7,1.954e+7,4.644e+6
483.41,2.814e+7,2.519e+7,2.951e+6
483.46,3.367e+7,3.184e+7,1.835e+6
483.51,4.057e+7,3.945e+7,1.117e+6
483.56,4.857e+7,4.790e+7,6.658e+5
483.61,5.740e+7,5.701e+7,3.887e+5
483.66,6.673e+7,6.651e+7,2.230e+5
483.71,7.622e+7,7.609e+7,1.271e+5
483.76,8.548e+7,8.540e+7,7.485e+4
483.81,9.413e+7,9.408e+7,5.111e+4
483.86,1.018e+8,1.018e+8,4.908e+4
483.91,1.083e+8,1.083e+8,6.926e+4
483.96,1.134e+8,1.133e+8,1.201e+5
484.01,1.170e+8,1.168e+8,2.205e+5
484.06,1.192e+8,1.188e+8,4.056e+5
484.11,1.200e+8,1.193e+8,7.346e+5
484.16,1.198e+8,1.185e+8,1.305e+6
484.21,1.189e+8,1.167e+8,2.269e+6
484.26,1.179e+8,1.140e+8,3.864e+6
484.31,1.172e+8,1.107e+8,6.443e+6
484.36,1.176e+8,1.071e+8,1.052e+7
484.41,1.199e+8,1.031e+8,1.681e+7
484.46,1.253e+8,9.898e+7,2.630e+7
484.51,1.351e+8,9.479e+7,4.028e+7
484.56,1.510e+8,9.057e+7,6.041e+7
484.61,1.751e+8,8.638e+7,8.868e+7
484.66,2.097e+8,8.228e+7,1.275e+8
484.71,2.577e+8,7.834e+7,1.794e+8
484.76,3.217e+8,7.463e+7,2.471e+8
484.81,4.045e+8,7.126e+7,3.332e+8
484.86,5.083e+8,6.829e+7,4.400e+8
484.91,6.345e+8,6.579e+7,5.687e+8
484.96,7.835e+8,6.379e+7,7.197e+8
485.01,9.540e+8,6.227e+7,8.917e+8
485.06,1.143e+9,6.119e+7,1.082e+9
485.11,1.345e+9,6.044e+7,1.284e+9
485.16,1.553e+9,5.994e+7,1.493e+9
485.21,1.759e+9,5.956e+7,1.699e+9
485.26,1.953e+9,5.920e+7,1.894e+9
485.31,2.124e+9,5.878e+7,2.066e+9
485.36,2.264e+9,5.824e+7,2.206e+9
485.41,2.364e+9,5.759e+7,2.307e+9
485.46,2.418e+9,5.682e+7,2.361e+9
485.51,2.422e+9,5.597e+7,2.366e+9
485.56,2.376e+9,5.508e+7,2.321e+9
485.61,2.284e+9,5.417e+7,2.230e+9
485.66,2.150e+9,5.326e+7,2.097e+9
485.71,1.982e+9,5.234e+7,1.930e+9
485.76,1.791e+9,5.135e+7,1.739e+9
485.81,1.585e+9,5.024e+7,1.535e+9
485.86,1.375e+9,4.893e+7,1.326e+9
485.91,1.169e+9,4.736e+7,1.121e+9
485.96,9.738e+8,4.544e+7,9.284e+8
486.01,7.957e+8,4.316e+7,7.525e+8
486.06,6.376e+8,4.049e+7,5.972e+8
486.11,5.014e+8,3.747e+7,4.639e+8
486.16,3.870e+8,3.415e+7,3.529e+8
486.21,2.934e+8,3.063e+7,2.628e+8
486.26,2.185e+8,2.700e+7,1.915e+8
486.31,1.601e+8,2.337e+7,1.367e+8
486.36,1.154e+8,1.986e+7,9.552e+7
486.41,8.190e+7,1.656e+7,6.534e+7
486.46,5.730e+7,1.354e+7,4.376e+7
486.51,3.955e+7,1.085e+7,2.869e+7
486.56,2.695e+7,8.529e+6,1.842e+7
486.61,1.815e+7,6.567e+6,1.159e+7
486.66,1.210e+7,4.955e+6,7.148e+6
486.71,8.009e+6,3.662e+6,4.346e+6
486.76,5.296e+6,2.652e+6,2.644e+6
486.81,3.566e+6,1.881e+6,1.685e+6
486.86,2.561e+6,1.306e+6,1.255e+6
486.91,2.146e+6,8.887e+5,1.258e+6
486.96,2.302e+6,5.921e+5,1.710e+6
487.01,3.132e+6,3.863e+5,2.745e+6
487.06,4.890e+6,2.469e+5,4.643e+6
487.11,8.031e+6,1.546e+5,7.876e+6
487.16,1.327e+7,9.506e+4,1.318e+7
487.21,2.170e+7,5.764e+4,2.164e+7
487.26,3.485e+7,3.498e+4,3.482e+7
487.31,5.489e+7,2.211e+4,5.487e+7
487.36,8.470e+7,1.593e+4,8.468e+7
487.41,1.280e+8,1.471e+4,1.280e+8
487.46,1.894e+8,1.785e+4,1.894e+8
487.51,2.745e+8,2.565e+4,2.745e+8
487.56,3.896e+8,3.924e+4,3.896e+8
487.61,5.415e+8,6.063e+4,5.414e+8
487.66,7.369e+8,9.269e+4,7.369e+8
487.71,9.821e+8,1.393e+5,9.820e+8
487.76,1.282e+9,2.051e+5,1.282e+9
487.81,1.638e+9,2.960e+5,1.638e+9
487.86,2.050e+9,4.183e+5,2.050e+9
487.91,2.512e+9,5.792e+5,2.512e+9
487.96,3.015e+9,7.856e+5,3.014e+9
488.01,3.544e+9,1.044e+6,3.543e+9
488.06,4.078e+9,1.359e+6,4.077e+9
488.11,4.596e+9,1.733e+6,4.594e+9
488.16,5.072e+9,2.167e+6,5.070e+9
488.21,5.481e+9,2.656e+6,5.479e+9
488.26,5.801e+9,3.193e+6,5.798e+9
488.31,6.012e+9,3.766e+6,6.008e+9
488.36,6.101e+9,4.361e+6,6.097e+9
488.41,6.064e+9,4.962e+6,6.059e+9
488.46,5.902e+9,5.552e+6,5.896e+9
488.51,5.625e+9,6.117e+6,5.619e+9
488.56,5.250e+9,6.646e+6,5.244e+9
488.61,4.799e+9,7.132e+6,4.792e+9
488.66,4.297e+9,7.577e+6,4.289e+9
488.71,3.769e+9,7.986e+6,3.761e+9
488.76,3.239e+9,8.369e+6,3.230e+9
488.81,2.728e+9,8.739e+6,2.720e+9
488.86,2.256e+9,9.113e+6,2.247e+9
488.91,1.834e+9,9.500e+6,1.825e+9
488.96,1.472e+9,9.911e+6,1.462e+9
489.01,1.174e+9,1.035e+7,1.163e+9
489.06,9.420e+8,1.080e+7,9.312e+8
489.11,7.761e+8,1.127e+7,7.648e+8
489.16,6.743e+8,1.174e+7,6.626e+8
489.21,6.348e+8,1.219e+7,6.227e+8
489.26,6.556e+8,1.260e+7,6.430e+8
489.31,7.348e+8,1.298e+7,7.218e+8
489.36,8.707e+8,1.332e+7,8.574e+8
489.41,1.061e+9,1.362e+7,1.048e+9
489.46,1.304e+9,1.389e+7,1.290e+9
489.51,1.594e+9,1.416e+7,1.580e+9
489.56,1.924e+9,1.443e+7,1.909e+9
489.61,2.284e+9,1.472e+7,2.269e+9
489.66,2.662e+9,1.504e+7,2.647e+9
489.71,3.043e+9,1.539e+7,3.028e+9
489.76,3.409e+9,1.576e+7,3.393e+9
489.81,3.742e+9,1.614e+7,3.726e+9
489.86,4.023e+9,1.651e+7,4.007e+9
489.91,4.237e+9,1.684e+7,4.221e+9
489.96,4.371e+9,1.710e+7,4.354e+9
490.01,4.417e+9,1.729e+7,4.400e+9
490.06,4.372e+9,1.739e+7,4.354e+9
490.11,4.238e+9,1.739e+7,4.220e+9
490.16,4.024e+9,1.731e+7,4.006e+9
490.21,3.742e+9,1.714e+7,3.725e+9
490.26,3.408e+9,1.690e+7,3.391e+9
490.31,3.041e+9,1.660e+7,3.024e+9
490.36,2.658e+9,1.624e+7,2.642e+9
490.41,2.275e+9,1.582e+7,2.260e+9
490.46,1.908e+9,1.535e+7,1.893e+9
490.51,1.568e+9,1.480e+7,1.553e+9
490.56,1.262e+9,1.418e+7,1.248e+9
490.61,9.959e+8,1.347e+7,9.824e+8
490.66,7.699e+8,1.267e+7,7.573e+8
490.71,5.835e+8,1.179e+7,5.717e+8
490.76,4.335e+8,1.083e+7,4.227e+8
490.81,3.159e+8,9.802e+6,3.061e+8
490.86,2.258e+8,8.740e+6,2.171e+8
490.91,1.585e+8,7.666e+6,1.508e+8
490.96,1.092e+8,6.609e+6,1.026e+8
491.01,7.394e+7,5.596e+6,6.835e+7
491.06,4.925e+7,4.652e+6,4.460e+7
491.11,3.230e+7,3.794e+6,2.850e+7
491.16,2.088e+7,3.035e+6,1.784e+7
491.21,1.332e+7,2.381e+6,1.094e+7
491.26,8.398e+6,1.831e+6,6.566e+6
491.31,5.242e+6,1.381e+6,3.861e+6
491.36,3.245e+6,1.022e+6,2.224e+6
491.41,1.996e+6,7.418e+5,1.254e+6
491.46,1.223e+6,5.301e+5,6.928e+5
491.51,7.497e+5,3.749e+5,3.748e+5
491.56,4.642e+5,2.656e+5,1.986e+5
491.61,2.962e+5,1.931e+5,1.031e+5
491.66,2.028e+5,1.504e+5,5.238e+4
491.71,1.581e+5,1.321e+5,2.608e+4
491.76,1.473e+5,1.346e+5,1.271e+4
491.81,1.621e+5,1.561e+5,6.070e+3
491.86,1.986e+5,1.958e+5,2.839e+3
491.91,2.552e+5,2.539e+5,1.300e+3
491.96,3.316e+5,3.310e+5,5.831e+2
492.01,4.280e+5,4.278e+5,2.562e+2
492.06,5.445e+5,5.444e+5,1.102e+2
492.11,6.804e+5,6.803e+5,4.645e+1
492.16,8.336e+5,8.336e+5,1.917e+1
492.21,1.001e+6,1.001e+6,7.749e+0
492.26,1.178e+6,1.178e+6,3.068e+0
492.31,1.358e+6,1.358e+6,1.189e+0
492.36,1.533e+6,1.533e+6,4.516e-1
492.41,1.696e+6,1.696e+6,1.680e-1
492.46,1.838e+6,1.838e+6,6.118e-2
492.51,1.951e+6,1.951e+6,2.182e-2
492.56,2.029e+6,2.029e+6,7.625e-3
492.61,2.067e+6,2.067e+6,2.609e-3
492.66,2.063e+6,2.063e+6,8.744e-4
492.71,2.016e+6,2.016e+6,2.870e-4
492.76,1.931e+6,1.931e+6,9.226e-5
492.81,1.811e+6,1.811e+6,2.905e-5
492.86,1.665e+6,1.665e+6,8.956e-6
492.91,1.499e+6,1.499e+6,2.705e-6
492.96,1.322e+6,1.322e+6,7.999e-7
493.01,1.142e+6,1.142e+6,
493.06,9.663e+5,9.663e+5,
493.11,8.011e+5,8.011e+5,
493.16,6.506e+5,6.506e+5,
493.21,5.177e+5,5.177e+5,
493.26,4.035e+5,4.035e+5,
493.31,3.081e+5,3.081e+5,
493.36,2.305e+5,2.305e+5,
493.41,1.691e+5,1.691e+5,
493.46,1.218e+5,1.218e+5,
493.51,8.634e+4,8.634e+4,
493.56,6.070e+4,6.070e+4,
493.61,4.304e+4,4.304e+4,
493.66,3.190e+4,3.190e+4,
493.71,2.626e+4,2.626e+4,
493.76,2.559e+4,2.559e+4,
493.81,2.983e+4,2.983e+4,
493.86,3.947e+4,3.947e+4,
493.91,5.548e+4,5.548e+4,
493.96,7.934e+4,7.934e+4,
494.01,1.130e+5,1.130e+5,
494.06,1.587e+5,1.587e+5,
494.11,2.191e+5,2.191e+5,
494.16,2.967e+5,2.967e+5,
494.21,3.941e+5,3.941e+5,
494.26,5.131e+5,5.131e+5,
494.31,6.549e+5,6.549e+5,
494.36,8.194e+5,8.194e+5,
494.41,1.005e+6,1.005e+6,
494.46,1.208e+6,1.208e+6,
494.51,1.424e+6,1.424e+6,
494.56,1.645e+6,1.645e+6,
494.61,1.864e+6,1.864e+6,
494.66,2.069e+6,2.069e+6,
494.71,2.252e+6,2.252e+6,
494.76,2.404e+6,2.404e+6,
494.81,2.515e+6,2.515e+6,
494.86,2.580e+6,2.580e+6,
494.91,2.595e+6,2.595e+6,
494.96,2.558e+6,2.558e+6,
495.01,2.473e+6,2.473e+6,
495.06,2.344e+6,2.344e+6,
495.11,2.179e+6,2.179e+6,
495.16,1.985e+6,1.985e+6,
495.21,1.774e+6,1.774e+6,
495.26,1.554e+6,1.554e+6,
495.31,1.335e+6,1.335e+6,
495.36,1.125e+6,1.125e+6,
495.41,9.291e+5,9.291e+5,
495.46,7.525e+5,7.525e+5,
495.51,5.976e+5,5.976e+5,
495.56,4.654e+5,4.654e+5,
495.61,3.555e+5,3.555e+5,
495.66,2.662e+5,2.662e+5,
495.71,1.955e+5,1.955e+5,
495.76,1.408e+5,1.408e+5,
495.81,9.939e+4,9.939e+4,
495.86,6.882e+4,6.882e+4,
495.91,4.673e+4,4.673e+4,
495.96,3.111e+4,3.111e+4,
496.01,2.031e+4,2.031e+4,
496.06,1.301e+4,1.301e+4,
496.11,8.164e+3,8.164e+3,
496.16,5.026e+3,5.026e+3,
496.21,3.034e+3,3.034e+3,
496.26,1.795e+3,1.795e+3,
496.31,1.042e+3,1.042e+3,
496.36,5.929e+2,5.929e+2,
496.41,3.308e+2,3.308e+2,
496.46,1.810e+2,1.810e+2,
496.51,9.707e+1,9.707e+1,
496.56,5.105e+1,5.105e+1,
496.61,2.632e+1,2.632e+1,
496.66,1.331e+1,1.331e+1,
496.71,6.594e+0,6.594e+0,
496.76,3.204e+0,3.204e+0,
496.81,1.526e+0,1.526e+0,
496.86,7.128e-1,7.128e-1,
496.91,3.264e-1,3.264e-1,
496.96,1.465e-1,1.465e-1,
497.01,6.445e-2,6.445e-2,
497.06,2.780e-2,2.780e-2,
497.11,1.175e-2,1.175e-2,
497.16,4.871e-3,4.871e-3,
497.21,1.979e-3,1.979e-3,
497.26,7.880e-4,7.880e-4,
497.31,3.076e-4,3.076e-4,
497.36,1.177e-4,1.177e-4,
497.41,4.414e-5,4.414e-5,
497.46,1.622e-5,1.622e-5,
497.51,5.845e-6,5.845e-6,
497.56,2.064e-6,2.064e-6,
497.61,7.144e-7,7.144e-7,
497.66,2.423e-7,2.423e-7,
497.71,8.056e-8,8.056e-8,
497.76,2.625e-8,2.625e-8,
497.81,8.383e-9,8.383e-9,
497.86,2.418e-9,2.418e-9,
497.91,7.450e-10,7.450e-10,
497.96,2.249e-10,2.249e-10,
503.96,6.804e-10,6.804e-10,
504.01,2.216e-9,2.216e-9,
504.06,7.076e-9,7.076e-9,
504.11,2.216e-8,2.216e-8,
504.16,6.808e-8,6.808e-8,
504.21,2.051e-7,2.051e-7,
504.26,6.060e-7,6.060e-7,
504.31,1.756e-6,1.756e-6,
504.36,4.990e-6,4.990e-6,
504.41,1.391e-5,1.391e-5,
504.46,3.802e-5,3.802e-5,
504.51,1.019e-4,1.019e-4,
504.56,2.680e-4,2.680e-4,
504.61,6.910e-4,6.910e-4,
504.66,1.747e-3,1.747e-3,
504.71,4.334e-3,4.334e-3,
504.76,1.054e-2,1.054e-2,
504.81,2.515e-2,2.515e-2,
504.86,5.883e-2,5.883e-2,
504.91,1.350e-1,1.350e-1,
504.96,3.038e-1,3.038e-1,
505.01,6.704e-1,6.704e-1,
505.06,1.451e+0,1.451e+0,
505.11,3.080e+0,3.080e+0,
505.16,6.413e+0,6.413e+0,
505.21,1.309e+1,1.309e+1,
505.26,2.622e+1,2.622e+1,
505.31,5.149e+1,5.149e+1,
505.36,9.918e+1,9.918e+1,
505.41,1.873e+2,1.873e+2,
505.46,3.471e+2,3.471e+2,
505.51,6.306e+2,6.306e+2,
505.56,1.124e+3,1.124e+3,
505.61,1.964e+3,1.964e+3,
505.66,3.365e+3,3.365e+3,4.008e-7
505.71,5.657e+3,5.657e+3,1.305e-6
505.76,9.325e+3,9.325e+3,4.167e-6
505.81,1.508e+4,1.508e+4,1.305e-5
505.86,2.390e+4,2.390e+4,4.010e-5
505.91,3.717e+4,3.717e+4,1.208e-4
505.96,5.669e+4,5.669e+4,3.571e-4
506.01,8.480e+4,8.480e+4,1.035e-3
506.06,1.244e+5,1.244e+5,2.945e-3
506.11,1.790e+5,1.790e+5,8.214e-3
506.16,2.525e+5,2.525e+5,2.247e-2
506.21,3.494e+5,3.494e+5,6.031e-2
506.26,4.742e+5,4.742e+5,1.588e-1
506.31,6.311e+5,6.311e+5,4.099e-1
506.36,8.239e+5,8.238e+5,1.038e+0
506.41,1.055e+6,1.055e+6,2.579e+0
506.46,1.324e+6,1.324e+6,6.283e+0
506.51,1.631e+6,1.631e+6,1.502e+1
506.56,1.969e+6,1.969e+6,3.520e+1
506.61,2.332e+6,2.332e+6,8.094e+1
506.66,2.709e+6,2.709e+6,1.825e+2
506.71,3.086e+6,3.086e+6,4.038e+2
506.76,3.449e+6,3.448e+6,8.763e+2
506.81,3.780e+6,3.778e+6,1.865e+3
506.86,4.064e+6,4.060e+6,3.893e+3
506.91,4.287e+6,4.279e+6,7.973e+3
506.96,4.439e+6,4.423e+6,1.601e+4
507.01,4.515e+6,4.483e+6,3.155e+4
507.06,4.518e+6,4.457e+6,6.096e+4
507.11,4.461e+6,4.346e+6,1.156e+5
507.16,4.371e+6,4.156e+6,2.148e+5
507.21,4.289e+6,3.897e+6,3.918e+5
507.26,4.285e+6,3.585e+6,7.007e+5
507.31,4.463e+6,3.234e+6,1.229e+6
507.36,4.976e+6,2.861e+6,2.116e+6
507.41,6.053e+6,2.482e+6,3.571e+6
507.46,8.025e+6,2.112e+6,5.913e+6
507.51,1.137e+7,1.762e+6,9.603e+6
507.56,1.674e+7,1.443e+6,1.530e+7
507.61,2.506e+7,1.158e+6,2.390e+7
507.66,3.754e+7,9.115e+5,3.663e+7
507.71,5.577e+7,7.038e+5,5.506e+7
507.76,8.172e+7,5.329e+5,8.119e+7
507.81,1.178e+8,3.957e+5,1.174e+8
507.86,1.669e+8,2.882e+5,1.666e+8
507.91,2.320e+8,2.059e+5,2.318e+8
507.96,3.165e+8,1.442e+5,3.163e+8
508.01,4.236e+8,9.907e+4,4.235e+8
508.06,5.561e+8,6.676e+4,5.561e+8
508.11,7.162e+8,4.411e+4,7.162e+8
508.16,9.048e+8,2.859e+4,9.048e+8
508.21,1.121e+9,1.817e+4,1.121e+9
508.26,1.363e+9,1.133e+4,1.363e+9
508.31,1.625e+9,6.925e+3,1.625e+9
508.36,1.900e+9,4.152e+3,1.900e+9
508.41,2.179e+9,2.441e+3,2.179e+9
508.46,2.452e+9,1.408e+3,2.452e+9
508.51,2.706e+9,7.963e+2,2.706e+9
508.56,2.929e+9,4.417e+2,2.929e+9
508.61,3.109e+9,2.403e+2,3.109e+9
508.66,3.238e+9,1.282e+2,3.238e+9
508.71,3.308e+9,6.708e+1,3.308e+9
508.76,3.314e+9,3.443e+1,3.314e+9
508.81,3.257e+9,1.733e+1,3.257e+9
508.86,3.140e+9,8.552e+0,3.140e+9
508.91,2.968e+9,4.140e+0,2.968e+9
508.96,2.753e+9,1.966e+0,2.753e+9
509.01,2.504e+9,9.152e-1,2.504e+9
509.06,2.235e+9,4.179e-1,2.235e+9
509.11,1.956e+9,1.872e-1,1.956e+9
509.16,1.679e+9,8.221e-2,1.679e+9
509.21,1.414e+9,3.541e-2,1.414e+9
509.26,1.168e+9,1.496e-2,1.168e+9
509.31,9.459e+8,6.199e-3,9.459e+8
509.36,7.516e+8,2.519e-3,7.516e+8
509.42,5.561e+8,8.332e-4,5.561e+8
509.47,4.235e+8,3.244e-4,4.235e+8
509.52,3.163e+8,1.239e-4,3.163e+8
509.57,2.318e+8,4.638e-5,2.318e+8
509.62,1.666e+8,1.703e-5,1.666e+8
509.67,1.174e+8,6.135e-6,1.174e+8
509.72,8.119e+7,2.167e-6,8.119e+7
509.77,5.506e+7,7.509e-7,5.506e+7
509.82,3.663e+7,2.551e-7,3.663e+7
509.87,2.390e+7,8.501e-8,2.390e+7
509.92,1.530e+7,2.778e-8,1.530e+7
509.97,9.603e+6,8.905e-9,9.603e+6
510.02,5.913e+6,2.799e-9,5.913e+6
510.07,3.571e+6,8.629e-10,3.571e+6
510.12,2.116e+6,,2.116e+6
510.17,1.229e+6,,1.229e+6
510.22,7.008e+5,,7.008e+5
510.27,3.918e+5,,3.918e+5
510.32,2.150e+5,,2.150e+5
510.37,1.160e+5,,1.160e+5
510.42,6.183e+4,,6.183e+4
510.47,3.331e+4,,3.331e+4
510.52,1.955e+4,,1.955e+4
510.57,1.492e+4,,1.492e+4
510.62,1.729e+4,,1.729e+4
510.67,2.723e+4,,2.723e+4
510.72,4.799e+4,,4.799e+4
510.77,8.625e+4,,8.625e+4
510.82,1.537e+5,,1.537e+5
510.87,2.693e+5,,2.693e+5
510.92,4.634e+5,,4.634e+5
510.97,7.824e+5,,7.824e+5
511.02,1.296e+6,,1.296e+6
511.07,2.107e+6,,2.107e+6
511.12,3.360e+6,,3.360e+6
511.17,5.257e+6,,5.257e+6
511.22,8.070e+6,,8.070e+6
511.27,1.215e+7,,1.215e+7
511.32,1.796e+7,,1.796e+7
511.37,2.604e+7,,2.604e+7
511.42,3.704e+7,,3.704e+7
511.47,5.170e+7,,5.170e+7
511.52,7.080e+7,,7.080e+7
511.57,9.511e+7,,9.511e+7
511.62,1.254e+8,,1.254e+8
511.67,1.621e+8,,1.621e+8
511.72,2.057e+8,,2.057e+8
511.77,2.561e+8,,2.561e+8
511.82,3.128e+8,,3.128e+8
511.87,3.749e+8,,3.749e+8
511.92,4.408e+8,,4.408e+8
511.97,5.085e+8,,5.085e+8
512.02,5.755e+8,,5.755e+8
512.07,6.391e+8,,6.391e+8
512.12,6.963e+8,,6.963e+8
512.17,7.443e+8,,7.443e+8
512.22,7.806e+8,,7.806e+8
512.27,8.032e+8,,8.032e+8
512.32,8.109e+8,,8.109e+8
512.37,8.032e+8,,8.032e+8
512.42,7.806e+8,,7.806e+8
512.47,7.443e+8,,7.443e+8
512.52,6.963e+8,,6.963e+8
512.57,6.391e+8,,6.391e+8
512.62,5.755e+8,,5.755e+8
512.67,5.085e+8,,5.085e+8
512.72,4.408e+8,,4.408e+8
512.77,3.749e+8,,3.749e+8
512.82,3.128e+8,,3.128e+8
512.87,2.561e+8,,2.561e+8
512.92,2.057e+8,,2.057e+8
512.97,1.621e+8,,1.621e+8
513.02,1.254e+8,,1.254e+8
513.07,9.511e+7,,9.511e+7
513.12,7.080e+7,,7.080e+7
513.17,5.170e+7,,5.170e+7
513.22,3.704e+7,,3.704e+7
513.27,2.604e+7,,2.604e+7
513.32,1.796e+7,,1.796e+7
513.37,1.215e+7,,1.215e+7
513.42,8.070e+6,,8.070e+6
513.47,5.257e+6,,5.257e+6
513.52,3.360e+6,,3.360e+6
513.57,2.107e+6,,2.107e+6
513.62,1.296e+6,,1.296e+6
513.67,7.824e+5,,7.824e+5
513.72,4.633e+5,,4.633e+5
513.77,2.692e+5,,2.692e+5
513.82,1.535e+5,,1.535e+5
513.87,8.585e+4,,8.585e+4
513.92,4.711e+4,,4.711e+4
513.97,2.537e+4,,2.537e+4
514.02,1.340e+4,,1.340e+4
514.07,6.945e+3,,6.945e+3
514.12,3.532e+3,,3.532e+3
514.17,1.762e+3,,1.762e+3
514.22,8.625e+2,,8.625e+2
514.27,4.142e+2,,4.142e+2
514.32,1.952e+2,,1.952e+2
514.37,9.024e+1,,9.024e+1
514.42,4.093e+1,,4.093e+1
514.47,1.822e+1,,1.822e+1
514.52,7.954e+0,,7.954e+0
514.57,3.407e+0,,3.407e+0
514.62,1.432e+0,,1.432e+0
514.67,5.906e-1,,5.906e-1
514.72,2.390e-1,,2.390e-1
514.77,9.486e-2,,9.486e-2
514.82,3.695e-2,,3.695e-2
514.87,1.412e-2,,1.412e-2
514.92,5.293e-3,,5.293e-3
514.97,1.947e-3,,1.947e-3
515.02,7.027e-4,,7.027e-4
515.07,2.488e-4,,2.488e-4
515.12,8.644e-5,,8.644e-5
515.17,2.946e-5,,2.946e-5
515.22,9.853e-6,,9.853e-6
515.27,3.233e-6,,3.233e-6
515.32,1.041e-6,,1.041e-6
515.37,3.287e-7,,3.287e-7
515.42,1.019e-7,,1.019e-7
516.92,3.220e-7,,3.220e-7
516.97,1.011e-6,,1.011e-6
517.02,3.118e-6,,3.118e-6
517.07,9.438e-6,,9.438e-6
517.12,2.804e-5,,2.804e-5
517.17,8.179e-5,,8.179e-5
517.22,2.342e-4,,2.342e-4
517.27,6.583e-4,,6.583e-4
517.32,1.816e-3,,1.816e-3
517.37,4.920e-3,,4.920e-3
517.42,1.308e-2,,1.308e-2
517.47,3.416e-2,,3.416e-2
517.52,8.754e-2,,8.754e-2
517.57,2.202e-1,,2.202e-1
517.62,5.439e-1,,5.439e-1
517.67,1.319e+0,,1.319e+0
517.72,3.138e+0,,3.138e+0
517.77,7.332e+0,,7.332e+0
517.82,1.682e+1,,1.682e+1
517.87,3.787e+1,,3.787e+1
517.92,8.370e+1,,8.370e+1
517.97,1.816e+2,,1.816e+2
518.02,3.869e+2,,3.869e+2
518.07,8.090e+2,,8.090e+2
518.12,1.661e+3,,1.661e+3
518.17,3.347e+3,,3.347e+3
518.22,6.622e+3,,6.622e+3
518.27,1.286e+4,,1.286e+4
518.32,2.452e+4,,2.452e+4
518.37,4.590e+4,,4.590e+4
518.42,8.435e+4,,8.435e+4
518.47,1.522e+5,,1.522e+5
518.52,2.695e+5,,2.695e+5
518.57,4.685e+5,,4.685e+5
518.62,7.998e+5,,7.998e+5
518.67,1.340e+6,,1.340e+6
518.72,2.205e+6,,2.205e+6
518.77,3.562e+6,,3.562e+6
518.82,5.650e+6,,5.650e+6
518.87,8.798e+6,,8.798e+6
518.92,1.345e+7,,1.345e+7
518.97,2.020e+7,,2.020e+7
519.02,2.978e+7,,2.978e+7
519.07,4.312e+7,,4.312e+7
519.12,6.133e+7,,6.133e+7
519.17,8.567e+7,,8.567e+7
519.22,1.176e+8,,1.176e+8
519.27,1.585e+8,,1.585e+8
519.32,2.100e+8,,2.100e+8
519.37,2.735e+8,,2.735e+8
519.42,3.502e+8,,3.502e+8
519.47,4.410e+8,,4.410e+8
519.52,5.462e+8,,5.462e+8
519.57,6.658e+8,,6.658e+8
519.62,7.991e+8,,7.991e+8
519.67,9.448e+8,,9.448e+8
519.72,1.101e+9,4.342e-10,1.101e+9
519.77,1.265e+9,1.352e-9,1.265e+9
519.82,1.435e+9,4.133e-9,1.435e+9
519.87,1.607e+9,1.241e-8,1.607e+9
519.92,1.780e+9,3.657e-8,1.780e+9
519.97,1.948e+9,1.058e-7,1.948e+9
520.02,2.111e+9,3.007e-7,2.111e+9
520.07,2.265e+9,8.391e-7,2.265e+9
520.12,2.408e+9,2.299e-6,2.408e+9
520.17,2.537e+9,6.183e-6,2.537e+9
520.22,2.648e+9,1.633e-5,2.648e+9
520.27,2.740e+9,4.235e-5,2.740e+9
520.32,2.809e+9,1.078e-4,2.809e+9
520.37,2.853e+9,2.696e-4,2.853e+9
520.42,2.868e+9,6.617e-4,2.868e+9
520.47,2.853e+9,1.595e-3,2.853e+9
520.52,2.805e+9,3.775e-3,2.805e+9
520.57,2.726e+9,8.771e-3,2.726e+9
520.62,2.615e+9,2.001e-2,2.615e+9
520.67,2.474e+9,4.483e-2,2.474e+9
520.72,2.309e+9,9.861e-2,2.309e+9
520.77,2.123e+9,2.130e-1,2.123e+9
520.82,1.922e+9,4.517e-1,1.922e+9
520.87,1.713e+9,9.404e-1,1.713e+9
520.92,1.502e+9,1.923e+0,1.502e+9
520.97,1.296e+9,3.860e+0,1.296e+9
521.02,1.099e+9,7.607e+0,1.099e+9
521.07,9.166e+8,1.472e+1,9.166e+8
521.12,7.511e+8,2.798e+1,7.511e+8
521.17,6.049e+8,5.220e+1,6.049e+8
521.22,4.786e+8,9.563e+1,4.786e+8
521.27,3.719e+8,1.720e+2,3.719e+8
521.32,2.839e+8,3.038e+2,2.839e+8
521.37,2.129e+8,5.268e+2,2.129e+8
521.42,1.567e+8,8.971e+2,1.567e+8
521.47,1.133e+8,1.500e+3,1.133e+8
521.52,8.047e+7,2.462e+3,8.047e+7
521.57,5.610e+7,3.968e+3,5.610e+7
521.62,3.841e+7,6.280e+3,3.840e+7
521.67,2.582e+7,9.759e+3,2.581e+7
521.72,1.705e+7,1.489e+4,1.703e+7
521.77,1.106e+7,2.231e+4,1.104e+7
521.82,7.053e+6,3.281e+4,7.020e+6
521.87,4.432e+6,4.739e+4,4.384e+6
521.92,2.755e+6,6.721e+4,2.688e+6
521.97,1.712e+6,9.358e+4,1.618e+6
522.02,1.084e+6,1.279e+5,9.562e+5
522.07,7.265e+5,1.718e+5,5.548e+5
522.12,5.424e+5,2.264e+5,3.160e+5
522.17,4.697e+5,2.930e+5,1.767e+5
522.22,4.693e+5,3.723e+5,9.700e+4
522.27,5.168e+5,4.645e+5,5.228e+4
522.32,5.968e+5,5.691e+5,2.766e+4
522.37,6.989e+5,6.846e+5,1.437e+4
522.42,8.159e+5,8.085e+5,7.326e+3
522.47,9.413e+5,9.376e+5,3.668e+3
522.52,1.069e+6,1.068e+6,1.803e+3
522.57,1.195e+6,1.194e+6,8.697e+2
522.62,1.311e+6,1.310e+6,4.119e+2
522.67,1.413e+6,1.412e+6,1.916e+2
522.72,1.495e+6,1.495e+6,8.745e+1
522.77,1.553e+6,1.553e+6,3.919e+1
522.82,1.585e+6,1.585e+6,1.724e+1
522.87,1.588e+6,1.588e+6,7.447e+0
522.92,1.562e+6,1.562e+6,3.158e+0
522.97,1.509e+6,1.509e+6,1.315e+0
523.02,1.431e+6,1.431e+6,5.372e-1
523.07,1.332e+6,1.332e+6,2.155e-1
523.12,1.218e+6,1.218e+6,8.489e-2
523.17,1.093e+6,1.093e+6,3.282e-2
523.22,9.637e+5,9.637e+5,1.246e-2
523.27,8.341e+5,8.341e+5,4.643e-3
523.32,7.088e+5,7.088e+5,1.699e-3
523.37,5.914e+5,5.914e+5,6.101e-4
523.42,4.845e+5,4.845e+5,2.151e-4
523.47,3.897e+5,3.897e+5,7.446e-5
523.52,3.078e+5,3.078e+5,2.530e-5
523.57,2.387e+5,2.387e+5,8.441e-6
523.62,1.818e+5,1.818e+5,2.764e-6
523.67,1.359e+5,1.359e+5,8.888e-7
523.72,9.977e+4,9.977e+4,2.805e-7
523.77,7.191e+4,7.191e+4,
523.82,5.090e+4,5.090e+4,
523.87,3.537e+4,3.537e+4,
523.92,2.413e+4,2.413e+4,
523.97,1.617e+4,1.617e+4,
524.02,1.064e+4,1.064e+4,
524.07,6.869e+3,6.869e+3,
524.12,4.356e+3,4.356e+3,
524.17,2.713e+3,2.713e+3,
524.22,1.659e+3,1.659e+3,
524.27,9.956e+2,9.956e+2,
524.32,5.869e+2,5.869e+2,
524.37,3.397e+2,3.397e+2,
524.42,1.930e+2,1.930e+2,
524.47,1.077e+2,1.077e+2,
524.52,5.900e+1,5.900e+1,
524.57,3.174e+1,3.174e+1,
524.62,1.676e+1,1.676e+1,
524.67,8.694e+0,8.694e+0,
524.72,4.427e+0,4.427e+0,
524.77,2.213e+0,2.213e+0,
524.82,1.087e+0,1.087e+0,
524.87,5.238e-1,5.238e-1,
524.92,2.479e-1,2.479e-1,
524.97,1.152e-1,1.152e-1,
525.02,5.256e-2,5.256e-2,
525.07,2.355e-2,2.355e-2,
525.12,1.036e-2,1.036e-2,
525.17,4.474e-3,4.474e-3,
525.22,1.898e-3,1.898e-3,
525.27,7.902e-4,7.902e-4,
525.32,3.231e-4,3.231e-4,
525.37,1.297e-4,1.297e-4,
525.42,5.112e-5,5.112e-5,
525.47,1.979e-5,1.979e-5,
525.52,7.519e-6,7.519e-6,
525.57,2.806e-6,2.806e-6,
525.62,1.028e-6,1.028e-6,
525.67,3.698e-7,3.698e-7,
525.72,1.306e-7,1.306e-7,
525.77,4.530e-8,4.530e-8,
525.82,1.542e-8,1.542e-8,
525.87,5.157e-9,5.157e-9,
525.92,1.693e-9,1.693e-9,
525.97,5.457e-10,5.457e-10,
526.02,1.727e-10,1.727e-10,
534.82,1.622e-9,1.622e-9,
534.87,4.923e-9,4.923e-9,
534.92,1.469e-8,1.469e-8,
534.97,4.308e-8,4.308e-8,
535.02,1.242e-7,1.242e-7,
535.07,3.518e-7,3.518e-7,
535.12,9.798e-7,9.798e-7,
535.17,2.682e-6,2.682e-6,
535.22,7.214e-6,7.214e-6,
535.27,1.907e-5,1.907e-5,
535.32,4.957e-5,4.957e-5,
535.37,1.266e-4,1.266e-4,
535.42,3.179e-4,3.179e-4,
535.47,7.844e-4,7.844e-4,
535.52,1.903e-3,1.903e-3,
535.57,4.535e-3,4.535e-3,
535.62,1.063e-2,1.063e-2,
535.67,2.447e-2,2.447e-2,
535.72,5.539e-2,5.539e-2,
535.77,1.232e-1,1.232e-1,
535.82,2.694e-1,2.694e-1,
535.87,5.791e-1,5.791e-1,
535.92,1.223e+0,1.223e+0,
535.97,2.540e+0,2.540e+0,
536.02,5.183e+0,5.183e+0,
536.07,1.039e+1,1.039e+1,
536.12,2.049e+1,2.049e+1,
536.17,3.971e+1,3.971e+1,
536.22,7.562e+1,7.562e+1,
536.27,1.415e+2,1.415e+2,
536.32,2.604e+2,2.604e+2,
536.37,4.709e+2,4.709e+2,
536.42,8.369e+2,8.369e+2,
536.47,1.462e+3,1.462e+3,
536.52,2.510e+3,2.510e+3,
536.57,4.236e+3,4.236e+3,
536.62,7.026e+3,7.026e+3,
536.67,1.146e+4,1.146e+4,
536.72,1.836e+4,1.836e+4,
536.77,2.891e+4,2.891e+4,
536.82,4.475e+4,4.475e+4,
536.87,6.808e+4,6.808e+4,
536.92,1.018e+5,1.018e+5,
536.97,1.496e+5,1.496e+5,
537.02,2.162e+5,2.162e+5,
537.07,3.070e+5,3.070e+5,
537.12,4.284e+5,4.284e+5,
537.17,5.876e+5,5.876e+5,
537.22,7.923e+5,7.923e+5,
537.27,1.050e+6,1.050e+6,
537.32,1.367e+6,1.367e+6,
537.37,1.750e+6,1.750e+6,
537.42,2.202e+6,2.202e+6,
537.47,2.724e+6,2.724e+6,
537.52,3.311e+6,3.311e+6,
537.57,3.956e+6,3.956e+6,
537.62,4.645e+6,4.645e+6,
537.67,5.361e+6,5.361e+6,
537.72,6.082e+6,6.082e+6,
537.77,6.782e+6,6.782e+6,
537.82,7.434e+6,7.434e+6,
537.87,8.009e+6,8.009e+6,
537.92,8.482e+6,8.482e+6,
537.97,8.831e+6,8.831e+6,
538.02,9.039e+6,9.039e+6,
538.07,9.096e+6,9.096e+6,
538.12,9.001e+6,9.001e+6,
538.17,8.761e+6,8.761e+6,
538.22,8.389e+6,8.389e+6,
538.27,7.906e+6,7.906e+6,
538.32,7.338e+6,7.338e+6,
538.37,6.711e+6,6.711e+6,
538.42,6.056e+6,6.056e+6,
538.47,5.398e+6,5.398e+6,
538.52,4.764e+6,4.764e+6,
538.57,4.171e+6,4.171e+6,
538.62,3.636e+6,3.636e+6,
538.67,3.166e+6,3.166e+6,
538.72,2.766e+6,2.766e+6,
538.77,2.433e+6,2.433e+6,
538.82,2.164e+6,2.164e+6,
538.87,1.950e+6,1.950e+6,
538.92,1.781e+6,1.781e+6,
538.97,1.646e+6,1.646e+6,
539.02,1.537e+6,1.537e+6,
539.07,1.442e+6,1.442e+6,
539.12,1.356e+6,1.356e+6,
539.17,1.272e+6,1.272e+6,
539.22,1.185e+6,1.185e+6,
539.27,1.096e+6,1.096e+6,
539.32,1.002e+6,1.002e+6,
539.37,9.041e+5,9.041e+5,
539.42,8.048e+5,8.048e+5,
539.47,7.058e+5,7.058e+5,
539.52,6.095e+5,6.095e+5,
539.57,5.179e+5,5.179e+5,
539.62,4.329e+5,4.329e+5,
539.67,3.559e+5,3.559e+5,
539.72,2.878e+5,2.878e+5,
539.77,2.287e+5,2.287e+5,
539.82,1.788e+5,1.788e+5,
539.87,1.373e+5,1.373e+5,
539.92,1.037e+5,1.037e+5,
539.97,7.702e+4,7.702e+4,
540.02,5.621e+4,5.621e+4,
540.07,4.032e+4,4.032e+4,
540.12,2.843e+4,2.843e+4,
540.17,1.971e+4,1.971e+4,
540.22,1.343e+4,1.343e+4,
540.27,8.994e+3,8.994e+3,
540.33,5.436e+3,5.436e+3,
540.38,3.509e+3,3.509e+3,
540.43,2.232e+3,2.232e+3,
540.48,1.405e+3,1.405e+3,
540.53,8.876e+2,8.876e+2,
540.58,5.863e+2,5.863e+2,
540.63,4.439e+2,4.439e+2,
540.68,4.361e+2,4.361e+2,
540.73,5.702e+2,5.702e+2,
540.78,8.895e+2,8.895e+2,
540.83,1.483e+3,1.483e+3,
540.88,2.506e+3,2.506e+3,
540.93,4.202e+3,4.202e+3,
540.98,6.951e+3,6.951e+3,
541.03,1.131e+4,1.131e+4,
541.08,1.811e+4,1.811e+4,
541.13,2.851e+4,2.851e+4,
541.18,4.412e+4,4.412e+4,
541.23,6.714e+4,6.714e+4,
541.28,1.004e+5,1.004e+5,
541.33,1.477e+5,1.477e+5,
541.38,2.136e+5,2.136e+5,
541.43,3.036e+5,3.036e+5,
541.48,4.243e+5,4.243e+5,
541.53,5.830e+5,5.830e+5,
541.58,7.876e+5,7.876e+5,
541.63,1.046e+6,1.046e+6,
541.68,1.366e+6,1.366e+6,
541.73,1.754e+6,1.754e+6,
541.78,2.213e+6,2.213e+6,
541.83,2.746e+6,2.746e+6,
541.88,3.350e+6,3.350e+6,
541.93,4.019e+6,4.019e+6,
541.98,4.739e+6,4.739e+6,
542.03,5.494e+6,5.494e+6,
542.08,6.262e+6,6.262e+6,
542.13,7.017e+6,7.017e+6,
542.18,7.730e+6,7.730e+6,
542.23,8.373e+6,8.373e+6,
542.28,8.916e+6,8.916e+6,
542.33,9.335e+6,9.335e+6,
542.38,9.609e+6,9.609e+6,
542.43,9.724e+6,9.724e+6,
542.48,9.674e+6,9.674e+6,
542.53,9.463e+6,9.463e+6,
542.58,9.100e+6,9.100e+6,
542.63,8.604e+6,8.604e+6,
542.68,7.998e+6,7.998e+6,
542.73,7.309e+6,7.309e+6,
542.78,6.567e+6,6.567e+6,
542.83,5.801e+6,5.801e+6,
542.88,5.038e+6,5.038e+6,
542.93,4.301e+6,4.301e+6,
542.98,3.611e+6,3.611e+6,
543.03,2.980e+6,2.980e+6,
543.08,2.418e+6,2.418e+6,
543.13,1.929e+6,1.929e+6,
543.18,1.513e+6,1.513e+6,
543.23,1.166e+6,1.166e+6,
543.28,8.841e+5,8.841e+5,
543.33,6.589e+5,6.589e+5,
543.38,4.828e+5,4.828e+5,
543.43,3.478e+5,3.478e+5,
543.48,2.463e+5,2.463e+5,
543.53,1.715e+5,1.715e+5,
543.58,1.174e+5,1.174e+5,
543.63,7.903e+4,7.903e+4,
543.68,5.230e+4,5.230e+4,
543.73,3.402e+4,3.402e+4,
543.78,2.176e+4,2.176e+4,
543.83,1.368e+4,1.368e+4,
543.88,8.459e+3,8.459e+3,
543.93,5.142e+3,5.142e+3,
543.98,3.072e+3,3.072e+3,
544.03,1.805e+3,1.805e+3,2.841e-8
544.08,1.043e+3,1.043e+3,8.504e-8
544.13,5.921e+2,5.921e+2,2.504e-7
544.18,3.307e+2,3.307e+2,7.250e-7
544.23,1.817e+2,1.817e+2,2.064e-6
544.28,9.855e+1,9.855e+1,5.781e-6
544.33,5.335e+1,5.335e+1,1.592e-5
544.38,3.011e+1,3.011e+1,4.313e-5
544.43,2.029e+1,2.029e+1,1.149e-4
544.48,2.034e+1,2.034e+1,3.009e-4
544.53,3.081e+1,3.081e+1,7.752e-4
544.58,5.682e+1,5.682e+1,1.964e-3
544.63,1.101e+2,1.101e+2,4.894e-3
544.68,2.135e+2,2.135e+2,1.199e-2
544.73,4.089e+2,4.089e+2,2.890e-2
544.78,7.710e+2,7.710e+2,6.849e-2
544.83,1.430e+3,1.430e+3,1.596e-1
544.88,2.609e+3,2.608e+3,3.659e-1
544.93,4.680e+3,4.679e+3,8.248e-1
544.98,8.258e+3,8.256e+3,1.829e+0
545.03,1.433e+4,1.433e+4,3.987e+0
545.08,2.446e+4,2.445e+4,8.548e+0
545.13,4.106e+4,4.104e+4,1.802e+1
545.18,6.778e+4,6.774e+4,3.738e+1
545.23,1.101e+5,1.100e+5,7.623e+1
545.28,1.758e+5,1.756e+5,1.529e+2
545.33,2.761e+5,2.758e+5,3.016e+2
545.38,4.265e+5,4.259e+5,5.850e+2
545.43,6.481e+5,6.470e+5,1.116e+3
545.48,9.688e+5,9.667e+5,2.094e+3
545.53,1.424e+6,1.421e+6,3.863e+3
545.58,2.060e+6,2.053e+6,7.010e+3
545.63,2.931e+6,2.919e+6,1.251e+4
545.68,4.103e+6,4.081e+6,2.196e+4
545.73,5.650e+6,5.612e+6,3.789e+4
545.78,7.656e+6,7.592e+6,6.432e+4
545.83,1.021e+7,1.010e+7,1.074e+5
545.88,1.340e+7,1.322e+7,1.763e+5
545.93,1.730e+7,1.702e+7,2.846e+5
545.98,2.200e+7,2.155e+7,4.519e+5
546.03,2.755e+7,2.684e+7,7.057e+5
546.08,3.397e+7,3.288e+7,1.084e+6
546.13,4.127e+7,3.963e+7,1.637e+6
546.18,4.942e+7,4.699e+7,2.431e+6
546.23,5.836e+7,5.481e+7,3.552e+6
546.28,6.798e+7,6.288e+7,5.103e+6
546.33,7.819e+7,7.097e+7,7.211e+6
546.38,8.883e+7,7.881e+7,1.002e+7
546.43,9.979e+7,8.609e+7,1.370e+7
546.48,1.110e+8,9.253e+7,1.842e+7
546.53,1.222e+8,9.784e+7,2.436e+7
546.58,1.335e+8,1.018e+8,3.169e+7
546.63,1.447e+8,1.042e+8,4.055e+7
546.68,1.560e+8,1.049e+8,5.105e+7
546.73,1.672e+8,1.040e+8,6.323e+7
546.78,1.785e+8,1.014e+8,7.706e+7
546.83,1.897e+8,9.728e+7,9.243e+7
546.88,2.010e+8,9.185e+7,1.091e+8
546.93,2.122e+8,8.533e+7,1.268e+8
546.98,2.232e+8,7.802e+7,1.452e+8
547.03,2.340e+8,7.020e+7,1.638e+8
547.08,2.442e+8,6.216e+7,1.820e+8
547.13,2.537e+8,5.417e+7,1.996e+8
547.18,2.623e+8,4.647e+7,2.159e+8
547.23,2.699e+8,3.923e+7,2.306e+8
547.28,2.762e+8,3.259e+7,2.436e+8
547.33,2.813e+8,2.666e+7,2.546e+8
547.38,2.852e+8,2.146e+7,2.637e+8
547.43,2.880e+8,1.700e+7,2.709e+8
547.48,2.899e+8,1.326e+7,2.766e+8
547.53,2.911e+8,1.018e+7,2.809e+8
547.58,2.919e+8,7.698e+6,2.842e+8
547.63,2.924e+8,5.728e+6,2.866e+8
547.68,2.927e+8,4.197e+6,2.885e+8
547.73,2.928e+8,3.027e+6,2.898e+8
547.78,2.926e+8,2.151e+6,2.905e+8
547.83,2.920e+8,1.506e+6,2.905e+8
547.88,2.905e+8,1.040e+6,2.894e+8
547.93,2.878e+8,7.106e+5,2.871e+8
547.98,2.835e+8,4.836e+5,2.830e+8
548.03,2.774e+8,3.325e+5,2.770e+8
548.08,2.691e+8,2.378e+5,2.688e+8
548.13,2.585e+8,1.856e+5,2.583e+8
548.18,2.457e+8,1.669e+5,2.455e+8
548.23,2.308e+8,1.767e+5,2.306e+8
548.28,2.141e+8,2.129e+5,2.139e+8
548.33,1.961e+8,2.763e+5,1.959e+8
548.38,1.774e+8,3.695e+5,1.770e+8
548.43,1.586e+8,4.969e+5,1.581e+8
548.48,1.402e+8,6.641e+5,1.395e+8
548.53,1.230e+8,8.774e+5,1.221e+8
548.58,1.075e+8,1.143e+6,1.064e+8
548.63,9.443e+7,1.468e+6,9.296e+7
548.68,8.416e+7,1.857e+6,8.230e+7
548.73,7.720e+7,2.314e+6,7.489e+7
548.78,7.399e+7,2.841e+6,7.115e+7
548.83,7.490e+7,3.436e+6,7.146e+7
548.88,8.027e+7,4.095e+6,7.617e+7
548.93,9.039e+7,4.810e+6,8.558e+7
548.98,1.055e+8,5.569e+6,9.993e+7
549.03,1.257e+8,6.360e+6,1.194e+8
549.08,1.511e+8,7.167e+6,1.439e+8
549.13,1.814e+8,7.974e+6,1.734e+8
549.18,2.164e+8,8.765e+6,2.076e+8
549.23,2.554e+8,9.528e+6,2.458e+8
549.28,2.976e+8,1.026e+7,2.873e+8
549.33,3.419e+8,1.095e+7,3.309e+8
549.38,3.870e+8,1.161e+7,3.753e+8
549.43,4.313e+8,1.226e+7,4.190e+8
549.48,4.732e+8,1.291e+7,4.603e+8
549.53,5.111e+8,1.361e+7,4.975e+8
549.58,5.434e+8,1.437e+7,5.291e+8
549.63,5.688e+8,1.524e+7,5.535e+8
549.68,5.861e+8,1.625e+7,5.698e+8
549.73,5.947e+8,1.743e+7,5.773e+8
549.78,5.944e+8,1.880e+7,5.756e+8
549.83,5.855e+8,2.035e+7,5.652e+8
549.88,5.688e+8,2.208e+7,5.467e+8
549.93,5.454e+8,2.395e+7,5.214e+8
549.98,5.168e+8,2.590e+7,4.909e+8
550.03,4.849e+8,2.787e+7,4.570e+8
550.08,4.515e+8,2.977e+7,4.218e+8
550.13,4.186e+8,3.152e+7,3.871e+8
550.18,3.881e+8,3.301e+7,3.550e+8
550.23,3.614e+8,3.418e+7,3.272e+8
550.28,3.399e+8,3.494e+7,3.049e+8
550.33,3.246e+8,3.526e+7,2.893e+8
550.38,3.160e+8,3.510e+7,2.809e+8
550.43,3.142e+8,3.447e+7,2.797e+8
550.48,3.190e+8,3.339e+7,2.857e+8
550.53,3.298e+8,3.193e+7,2.979e+8
550.58,3.454e+8,3.017e+7,3.153e+8
550.63,3.647e+8,2.818e+7,3.365e+8
550.68,3.861e+8,2.607e+7,3.600e+8
550.73,4.079e+8,2.394e+7,3.839e+8
550.78,4.285e+8,2.187e+7,4.066e+8
550.83,4.463e+8,1.995e+7,4.264e+8
550.88,4.600e+8,1.822e+7,4.418e+8
550.93,4.683e+8,1.673e+7,4.516e+8
550.98,4.705e+8,1.550e+7,4.550e+8
551.03,4.661e+8,1.453e+7,4.516e+8
551.08,4.550e+8,1.378e+7,4.412e+8
551.13,4.376e+8,1.325e+7,4.244e+8
551.18,4.145e+8,1.288e+7,4.016e+8
551.23,3.866e+8,1.264e+7,3.739e+8
551.28,3.551e+8,1.248e+7,3.426e+8
551.33,3.211e+8,1.239e+7,3.087e+8
551.38,2.861e+8,1.233e+7,2.737e+8
551.43,2.510e+8,1.229e+7,2.387e+8
551.48,2.171e+8,1.229e+7,2.048e+8
551.53,1.852e+8,1.232e+7,1.729e+8
551.58,1.559e+8,1.241e+7,1.435e+8
551.63,1.298e+8,1.259e+7,1.172e+8
551.68,1.070e+8,1.291e+7,9.413e+7
551.73,8.779e+7,1.341e+7,7.438e+7
551.78,7.195e+7,1.414e+7,5.781e+7
551.83,5.933e+7,1.513e+7,4.420e+7
551.88,4.968e+7,1.644e+7,3.324e+7
551.93,4.268e+7,1.809e+7,2.459e+7
551.98,3.802e+7,2.013e+7,1.789e+7
552.03,3.537e+7,2.256e+7,1.281e+7
552.08,3.443e+7,2.541e+7,9.019e+6
552.13,3.489e+7,2.865e+7,6.247e+6
552.18,3.651e+7,3.225e+7,4.256e+6
552.23,3.902e+7,3.617e+7,2.852e+6
552.28,4.221e+7,4.033e+7,1.880e+6
552.33,4.584e+7,4.462e+7,1.219e+6
552.38,4.971e+7,4.893e+7,7.779e+5
552.43,5.359e+7,5.311e+7,4.883e+5
552.48,5.730e+7,5.699e+7,3.018e+5
552.53,6.062e+7,6.043e+7,1.840e+5
552.58,6.337e+7,6.326e+7,1.113e+5
552.63,6.542e+7,6.535e+7,6.804e+4
552.68,6.662e+7,6.657e+7,4.411e+4
552.73,6.690e+7,6.686e+7,3.362e+4
552.78,6.621e+7,6.618e+7,3.380e+4
552.83,6.458e+7,6.454e+7,4.449e+4
552.88,6.206e+7,6.199e+7,6.808e+4
552.93,5.875e+7,5.864e+7,1.098e+5
552.98,5.480e+7,5.463e+7,1.787e+5
553.03,5.039e+7,5.010e+7,2.883e+5
553.08,4.570e+7,4.524e+7,4.590e+5
553.13,4.095e+7,4.023e+7,7.199e+5
553.18,3.633e+7,3.522e+7,1.111e+6
553.23,3.207e+7,3.038e+7,1.689e+6
553.28,2.836e+7,2.583e+7,2.526e+6
553.33,2.539e+7,2.167e+7,3.719e+6
553.38,2.335e+7,1.796e+7,5.389e+6
553.43,2.243e+7,1.475e+7,7.685e+6
553.48,2.283e+7,1.204e+7,1.079e+7
553.53,2.474e+7,9.840e+6,1.490e+7
553.58,2.838e+7,8.108e+6,2.027e+7
553.63,3.394e+7,6.811e+6,2.713e+7
553.68,4.165e+7,5.900e+6,3.575e+7
553.73,5.168e+7,5.326e+6,4.636e+7
553.78,6.421e+7,5.036e+6,5.918e+7
553.83,7.933e+7,4.978e+6,7.435e+7
553.88,9.706e+7,5.103e+6,9.196e+7
553.93,1.173e+8,5.365e+6,1.120e+8
553.98,1.399e+8,5.722e+6,1.342e+8
554.03,1.644e+8,6.135e+6,1.583e+8
554.08,1.903e+8,6.570e+6,1.838e+8
554.13,2.170e+8,6.995e+6,2.100e+8
554.18,2.437e+8,7.385e+6,2.363e+8
554.23,2.694e+8,7.718e+6,2.617e+8
554.28,2.933e+8,7.977e+6,2.853e+8
554.33,3.143e+8,8.152e+6,3.062e+8
554.38,3.317e+8,8.235e+6,3.234e+8
554.43,3.446e+8,8.227e+6,3.363e+8
554.48,3.524e+8,8.134e+6,3.443e+8
554.53,3.549e+8,7.964e+6,3.469e+8
554.58,3.519e+8,7.732e+6,3.441e+8
554.63,3.435e+8,7.455e+6,3.360e+8
554.68,3.301e+8,7.151e+6,3.230e+8
554.73,3.124e+8,6.841e+6,3.056e+8
554.78,2.912e+8,6.543e+6,2.846e+8
554.83,2.672e+8,6.274e+6,2.609e+8
554.88,2.415e+8,6.051e+6,2.355e+8
554.93,2.151e+8,5.884e+6,2.092e+8
554.98,1.887e+8,5.781e+6,1.830e+8
555.03,1.632e+8,5.746e+6,1.575e+8
555.08,1.392e+8,5.777e+6,1.335e+8
555.13,1.172e+8,5.871e+6,1.113e+8
555.18,9.742e+7,6.017e+6,9.140e+7
555.23,8.008e+7,6.204e+6,7.387e+7
555.28,6.519e+7,6.416e+6,5.877e+7
555.33,5.266e+7,6.637e+6,4.602e+7
555.38,4.232e+7,6.848e+6,3.548e+7
555.43,3.395e+7,7.034e+6,2.692e+7
555.48,2.728e+7,7.176e+6,2.010e+7
555.53,2.204e+7,7.263e+6,1.478e+7
555.58,1.798e+7,7.283e+6,1.069e+7
555.63,1.485e+7,7.233e+6,7.615e+6
555.68,1.245e+7,7.112e+6,5.338e+6
555.73,1.061e+7,6.924e+6,3.683e+6
555.78,9.182e+6,6.681e+6,2.501e+6
555.83,8.069e+6,6.397e+6,1.672e+6
555.88,7.191e+6,6.091e+6,1.100e+6
555.93,6.496e+6,5.783e+6,7.123e+5
555.98,5.950e+6,5.496e+6,4.539e+5
556.03,5.536e+6,5.252e+6,2.847e+5
556.08,5.244e+6,5.068e+6,1.758e+5
556.13,5.068e+6,4.961e+6,1.068e+5
556.18,5.007e+6,4.943e+6,6.387e+4
556.23,5.055e+6,5.017e+6,3.759e+4
556.28,5.206e+6,5.184e+6,2.177e+4
556.33,5.449e+6,5.437e+6,1.241e+4
556.38,5.771e+6,5.764e+6,6.963e+3
556.43,6.153e+6,6.149e+6,3.845e+3
556.48,6.575e+6,6.573e+6,2.089e+3
556.53,7.016e+6,7.015e+6,1.117e+3
556.58,7.456e+6,7.455e+6,5.879e+2
556.63,7.879e+6,7.878e+6,3.045e+2
556.68,8.272e+6,8.271e+6,1.552e+2
556.73,8.630e+6,8.630e+6,7.784e+1
556.78,8.954e+6,8.954e+6,3.842e+1
556.83,9.255e+6,9.255e+6,1.866e+1
556.88,9.550e+6,9.550e+6,8.921e+0
556.93,9.861e+6,9.861e+6,4.197e+0
556.98,1.022e+7,1.022e+7,1.943e+0
557.03,1.064e+7,1.064e+7,8.849e-1
557.08,1.117e+7,1.117e+7,3.967e-1
557.13,1.182e+7,1.182e+7,1.750e-1
557.18,1.262e+7,1.262e+7,7.595e-2
557.23,1.355e+7,1.355e+7,3.244e-2
557.28,1.462e+7,1.462e+7,1.363e-2
557.33,1.580e+7,1.580e+7,5.639e-3
557.38,1.706e+7,1.706e+7,2.295e-3
557.43,1.836e+7,1.836e+7,9.191e-4
557.48,1.963e+7,1.963e+7,3.622e-4
557.53,2.083e+7,2.083e+7,1.404e-4
557.58,2.188e+7,2.188e+7,5.359e-5
557.63,2.273e+7,2.273e+7,2.012e-5
557.68,2.334e+7,2.334e+7,7.433e-6
557.73,2.366e+7,2.366e+7,2.702e-6
557.78,2.367e+7,2.367e+7,9.665e-7
557.83,2.336e+7,2.336e+7,3.241e-7
557.88,2.273e+7,2.273e+7,1.125e-7
557.93,2.183e+7,2.183e+7,3.840e-8
557.98,2.067e+7,2.067e+7,
558.03,1.930e+7,1.930e+7,
558.08,1.779e+7,1.779e+7,
558.13,1.618e+7,1.618e+7,
558.18,1.453e+7,1.453e+7,
558.23,1.290e+7,1.290e+7,
558.28,1.133e+7,1.133e+7,
558.33,9.866e+6,9.866e+6,
558.38,8.530e+6,8.530e+6,
558.43,7.347e+6,7.347e+6,
558.48,6.330e+6,6.330e+6,
558.53,5.485e+6,5.485e+6,
558.58,4.808e+6,4.808e+6,
558.63,4.291e+6,4.291e+6,
558.68,3.924e+6,3.924e+6,
558.73,3.688e+6,3.688e+6,
558.78,3.567e+6,3.567e+6,
558.83,3.539e+6,3.539e+6,
558.88,3.584e+6,3.584e+6,
558.93,3.682e+6,3.682e+6,
558.98,3.812e+6,3.812e+6,
559.03,3.956e+6,3.956e+6,
559.08,4.096e+6,4.096e+6,
559.13,4.219e+6,4.219e+6,
559.18,4.311e+6,4.311e+6,
559.23,4.365e+6,4.365e+6,
559.28,4.373e+6,4.373e+6,
559.33,4.333e+6,4.333e+6,
559.38,4.246e+6,4.246e+6,
559.43,4.116e+6,4.116e+6,
559.48,3.948e+6,3.948e+6,
559.53,3.754e+6,3.754e+6,
559.58,3.543e+6,3.543e+6,
559.63,3.329e+6,3.329e+6,
559.68,3.126e+6,3.126e+6,
559.73,2.946e+6,2.946e+6,
559.78,2.804e+6,2.804e+6,
559.83,2.712e+6,2.712e+6,
559.88,2.679e+6,2.679e+6,
559.93,2.713e+6,2.713e+6,
559.98,2.820e+6,2.820e+6,
560.03,2.999e+6,2.999e+6,
560.08,3.248e+6,3.248e+6,
560.13,3.561e+6,3.561e+6,
560.18,3.926e+6,3.926e+6,
560.23,4.329e+6,4.329e+6,
560.28,4.754e+6,4.754e+6,
560.33,5.179e+6,5.179e+6,
560.38,5.585e+6,5.585e+6,
560.43,5.950e+6,5.950e+6,
560.48,6.257e+6,6.257e+6,
560.53,6.486e+6,6.486e+6,
560.58,6.626e+6,6.626e+6,
560.63,6.668e+6,6.668e+6,
560.68,6.607e+6,6.607e+6,
560.73,6.447e+6,6.447e+6,
560.78,6.192e+6,6.192e+6,
560.83,5.855e+6,5.855e+6,
560.88,5.449e+6,5.449e+6,
560.93,4.992e+6,4.992e+6,
560.98,4.501e+6,4.501e+6,
561.03,3.994e+6,3.994e+6,
561.08,3.489e+6,3.489e+6,
561.13,3.000e+6,3.000e+6,
561.18,2.539e+6,2.539e+6,
561.23,2.115e+6,2.115e+6,
561.28,1.735e+6,1.735e+6,
561.33,1.402e+6,1.402e+6,
561.38,1.117e+6,1.117e+6,
561.43,8.800e+5,8.800e+5,
561.48,6.878e+5,6.878e+5,
561.53,5.383e+5,5.383e+5,
561.58,4.290e+5,4.290e+5,
561.63,3.582e+5,3.582e+5,
561.68,3.253e+5,3.253e+5,
561.73,3.320e+5,3.320e+5,
561.78,3.822e+5,3.822e+5,
561.83,4.825e+5,4.825e+5,
561.88,6.431e+5,6.431e+5,
561.93,8.772e+5,8.772e+5,
561.98,1.202e+6,1.202e+6,
562.03,1.636e+6,1.636e+6,
562.08,2.204e+6,2.204e+6,
562.13,2.929e+6,2.929e+6,
562.18,3.835e+6,3.835e+6,
562.23,4.947e+6,4.947e+6,
562.28,6.282e+6,6.282e+6,
562.33,7.855e+6,7.855e+6,
562.38,9.669e+6,9.669e+6,
562.43,1.172e+7,1.172e+7,
562.48,1.398e+7,1.398e+7,
562.53,1.642e+7,1.642e+7,
562.58,1.899e+7,1.899e+7,
562.63,2.162e+7,2.162e+7,
562.68,2.423e+7,2.423e+7,
562.73,2.674e+7,2.674e+7,
562.78,2.905e+7,2.905e+7,
562.83,3.107e+7,3.107e+7,
562.88,3.272e+7,3.272e+7,
562.93,3.393e+7,3.393e+7,
562.98,3.465e+7,3.465e+7,
563.03,3.483e+7,3.483e+7,
563.08,3.448e+7,3.448e+7,
563.13,3.361e+7,3.361e+7,
563.18,3.226e+7,3.226e+7,
563.23,3.050e+7,3.050e+7,
563.28,2.839e+7,2.839e+7,
563.33,2.603e+7,2.603e+7,
563.38,2.350e+7,2.350e+7,
563.43,2.090e+7,2.090e+7,
563.48,1.831e+7,1.831e+7,
563.53,1.580e+7,1.580e+7,
563.58,1.343e+7,1.343e+7,
563.63,1.124e+7,1.124e+7,
563.68,9.271e+6,9.271e+6,
563.73,7.533e+6,7.533e+6,
563.78,6.032e+6,6.032e+6,
563.83,4.758e+6,4.758e+6,
563.88,3.699e+6,3.699e+6,
563.93,2.834e+6,2.834e+6,
563.98,2.139e+6,2.139e+6,
564.03,1.592e+6,1.592e+6,
564.08,1.167e+6,1.167e+6,
564.13,8.440e+5,8.440e+5,
564.18,6.015e+5,6.015e+5,
564.23,4.226e+5,4.226e+5,
564.28,2.927e+5,2.927e+5,
564.33,1.999e+5,1.999e+5,
564.38,1.346e+5,1.346e+5,
564.43,8.939e+4,8.939e+4,
564.48,5.854e+4,5.854e+4,
564.53,3.780e+4,3.780e+4,
564.58,2.408e+4,2.408e+4,
564.63,1.512e+4,1.512e+4,
564.68,9.368e+3,9.368e+3,
564.73,5.724e+3,5.724e+3,
564.78,3.449e+3,3.449e+3,
564.83,2.050e+3,2.050e+3,
564.88,1.202e+3,1.202e+3,
564.93,6.949e+2,6.949e+2,
564.98,3.963e+2,3.963e+2,
565.03,2.229e+2,2.229e+2,
565.08,1.237e+2,1.237e+2,
565.13,6.773e+1,6.773e+1,
565.18,3.672e+1,3.672e+1,
565.23,1.993e+1,1.993e+1,
565.28,1.126e+1,1.126e+1,
565.33,7.431e+0,7.431e+0,
565.38,6.956e+0,6.956e+0,
565.43,9.629e+0,9.629e+0,
565.48,1.646e+1,1.646e+1,
565.53,2.999e+1,2.999e+1,
565.58,5.500e+1,5.500e+1,
565.63,9.993e+1,9.993e+1,
565.68,1.790e+2,1.790e+2,
565.73,3.159e+2,3.159e+2,
565.78,5.489e+2,5.489e+2,
565.83,9.392e+2,9.392e+2,
565.88,1.582e+3,1.582e+3,
565.93,2.625e+3,2.625e+3,
565.98,4.286e+3,4.286e+3,
566.03,6.893e+3,6.893e+3,
566.08,1.091e+4,1.091e+4,
566.13,1.701e+4,1.701e+4,
566.18,2.611e+4,2.611e+4,
566.23,3.947e+4,3.947e+4,
566.28,5.873e+4,5.873e+4,
566.33,8.605e+4,8.605e+4,
566.38,1.241e+5,1.241e+5,
566.43,1.763e+5,1.763e+5,
566.48,2.466e+5,2.466e+5,
566.53,3.396e+5,3.396e+5,
566.58,4.604e+5,4.604e+5,
566.63,6.146e+5,6.146e+5,
566.68,8.078e+5,8.078e+5,
566.73,1.045e+6,1.045e+6,
566.78,1.332e+6,1.332e+6,
566.83,1.671e+6,1.671e+6,
566.88,2.065e+6,2.065e+6,
566.93,2.511e+6,2.511e+6,
566.98,3.008e+6,3.008e+6,
567.03,3.547e+6,3.547e+6,
567.08,4.118e+6,4.118e+6,
567.13,4.707e+6,4.707e+6,
567.18,5.298e+6,5.298e+6,
567.23,5.872e+6,5.872e+6,
567.28,6.407e+6,6.407e+6,
567.33,6.884e+6,6.884e+6,
567.38,7.282e+6,7.282e+6,
567.43,7.585e+6,7.585e+6,
567.48,7.779e+6,7.779e+6,
567.53,7.855e+6,7.855e+6,
567.58,7.810e+6,7.810e+6,
567.63,7.645e+6,7.645e+6,
567.68,7.369e+6,7.369e+6,
567.73,6.994e+6,6.994e+6,
567.78,6.536e+6,6.536e+6,
567.83,6.014e+6,6.014e+6,
567.88,5.450e+6,5.450e+6,
567.93,4.863e+6,4.863e+6,
567.98,4.274e+6,4.274e+6,
568.03,3.701e+6,3.701e+6,
568.08,3.158e+6,3.158e+6,
568.13,2.658e+6,2.658e+6,
568.18,2.210e+6,2.210e+6,
568.23,1.819e+6,1.819e+6,
568.28,1.487e+6,1.487e+6,
568.33,1.216e+6,1.216e+6,
568.38,1.003e+6,1.003e+6,
568.43,8.470e+5,8.470e+5,
568.48,7.437e+5,7.437e+5,
568.53,6.897e+5,6.897e+5,
568.58,6.810e+5,6.810e+5,
568.63,7.137e+5,7.137e+5,
568.68,7.840e+5,7.840e+5,
568.73,8.878e+5,8.878e+5,
568.78,1.021e+6,1.021e+6,
568.83,1.179e+6,1.179e+6,
568.88,1.355e+6,1.355e+6,
568.93,1.546e+6,1.546e+6,
568.98,1.743e+6,1.743e+6,
569.03,1.940e+6,1.940e+6,
569.08,2.130e+6,2.130e+6,
569.13,2.305e+6,2.305e+6,
569.18,2.460e+6,2.460e+6,
569.23,2.588e+6,2.588e+6,
569.28,2.687e+6,2.687e+6,
569.33,2.753e+6,2.753e+6,
569.38,2.788e+6,2.788e+6,
569.43,2.795e+6,2.795e+6,2.056e-8
569.48,2.780e+6,2.780e+6,5.856e-8
569.53,2.753e+6,2.753e+6,1.642e-7
569.58,2.725e+6,2.725e+6,4.537e-7
569.63,2.711e+6,2.711e+6,1.234e-6
569.68,2.727e+6,2.727e+6,3.308e-6
569.73,2.790e+6,2.790e+6,8.730e-6
569.78,2.919e+6,2.919e+6,2.269e-5
569.83,3.129e+6,3.129e+6,5.809e-5
569.88,3.438e+6,3.438e+6,1.464e-4
569.93,3.857e+6,3.857e+6,3.636e-4
569.98,4.395e+6,4.395e+6,8.893e-4
570.03,5.055e+6,5.055e+6,2.142e-3
570.08,5.835e+6,5.835e+6,5.081e-3
570.13,6.726e+6,6.726e+6,1.187e-2
570.18,7.711e+6,7.711e+6,2.731e-2
570.23,8.766e+6,8.766e+6,6.190e-2
570.28,9.861e+6,9.861e+6,1.382e-1
570.33,1.096e+7,1.096e+7,3.037e-1
570.38,1.202e+7,1.202e+7,6.575e-1
570.43,1.301e+7,1.301e+7,1.402e+0
570.48,1.388e+7,1.388e+7,2.944e+0
570.53,1.459e+7,1.459e+7,6.089e+0
570.58,1.511e+7,1.511e+7,1.240e+1
570.63,1.543e+7,1.543e+7,2.488e+1
570.68,1.552e+7,1.552e+7,4.916e+1
570.73,1.538e+7,1.538e+7,9.566e+1
570.78,1.502e+7,1.502e+7,1.833e+2
570.83,1.446e+7,1.446e+7,3.461e+2
570.88,1.372e+7,1.371e+7,6.433e+2
570.93,1.283e+7,1.283e+7,1.178e+3
570.98,1.184e+7,1.184e+7,2.124e+3
571.03,1.078e+7,1.077e+7,3.772e+3
571.08,9.689e+6,9.683e+6,6.598e+3
571.13,8.606e+6,8.595e+6,1.137e+4
571.19,7.359e+6,7.338e+6,2.139e+4
571.24,6.394e+6,6.358e+6,3.564e+4
571.29,5.517e+6,5.458e+6,5.848e+4
571.34,4.743e+6,4.648e+6,9.449e+4
571.39,4.083e+6,3.933e+6,1.504e+5
571.44,3.546e+6,3.310e+6,2.357e+5
571.49,3.140e+6,2.776e+6,3.639e+5
571.54,2.877e+6,2.324e+6,5.532e+5
571.59,2.772e+6,1.944e+6,8.284e+5
571.64,2.847e+6,1.626e+6,1.222e+6
571.69,3.135e+6,1.361e+6,1.774e+6
571.74,3.679e+6,1.141e+6,2.538e+6
571.79,4.533e+6,9.574e+5,3.576e+6
571.84,5.766e+6,8.044e+5,4.962e+6
571.89,7.457e+6,6.769e+5,6.780e+6
571.94,9.697e+6,5.713e+5,9.126e+6
571.99,1.258e+7,4.850e+5,1.210e+7
572.04,1.621e+7,4.164e+5,1.579e+7
572.09,2.067e+7,3.645e+5,2.031e+7
572.14,2.604e+7,3.294e+5,2.571e+7
572.19,3.238e+7,3.111e+5,3.207e+7
572.24,3.971e+7,3.103e+5,3.939e+7
572.29,4.799e+7,3.280e+5,4.766e+7
572.34,5.715e+7,3.651e+5,5.678e+7
572.39,6.706e+7,4.226e+5,6.663e+7
572.44,7.751e+7,5.012e+5,7.701e+7
572.49,8.826e+7,6.015e+5,8.766e+7
572.54,9.899e+7,7.233e+5,9.827e+7
572.59,1.094e+8,8.660e+5,1.085e+8
572.64,1.190e+8,1.028e+6,1.180e+8
572.69,1.276e+8,1.206e+6,1.264e+8
572.74,1.347e+8,1.398e+6,1.333e+8
572.79,1.400e+8,1.597e+6,1.384e+8
572.84,1.434e+8,1.799e+6,1.416e+8
572.89,1.447e+8,1.997e+6,1.427e+8
572.94,1.438e+8,2.183e+6,1.416e+8
572.99,1.408e+8,2.352e+6,1.384e+8
573.04,1.358e+8,2.495e+6,1.333e+8
573.09,1.290e+8,2.608e+6,1.264e+8
573.14,1.207e+8,2.684e+6,1.180e+8
573.19,1.112e+8,2.721e+6,1.085e+8
573.24,1.010e+8,2.717e+6,9.827e+7
573.29,9.033e+7,2.672e+6,8.766e+7
573.34,7.960e+7,2.588e+6,7.701e+7
573.39,6.910e+7,2.468e+6,6.663e+7
573.44,5.910e+7,2.319e+6,5.678e+7
573.49,4.980e+7,2.146e+6,4.766e+7
573.54,4.135e+7,1.956e+6,3.939e+7
573.59,3.383e+7,1.755e+6,3.207e+7
573.64,2.727e+7,1.552e+6,2.571e+7
573.69,2.166e+7,1.351e+6,2.031e+7
573.74,1.695e+7,1.159e+6,1.579e+7
573.79,1.308e+7,9.786e+5,1.210e+7
573.84,9.940e+6,8.140e+5,9.126e+6
573.89,7.447e+6,6.669e+5,6.780e+6
573.94,5.500e+6,5.381e+5,4.962e+6
573.99,4.003e+6,4.276e+5,3.576e+6
574.04,2.873e+6,3.347e+5,2.538e+6
574.09,2.032e+6,2.580e+5,1.774e+6
574.14,1.418e+6,1.959e+5,1.222e+6
574.19,9.748e+5,1.465e+5,8.284e+5
574.24,6.611e+5,1.079e+5,5.532e+5
574.29,4.421e+5,7.826e+4,3.639e+5
574.34,2.916e+5,5.591e+4,2.357e+5
574.39,1.897e+5,3.934e+4,1.504e+5
574.44,1.218e+5,2.727e+4,9.449e+4
574.49,7.710e+4,1.863e+4,5.848e+4
574.54,4.818e+4,1.254e+4,3.564e+4
574.59,2.974e+4,8.347e+3,2.139e+4
574.64,1.817e+4,5.520e+3,1.265e+4
574.69,1.105e+4,3.681e+3,7.365e+3
574.74,6.790e+3,2.566e+3,4.224e+3
574.79,4.394e+3,2.008e+3,2.385e+3
574.84,3.254e+3,1.927e+3,1.327e+3
574.89,3.052e+3,2.325e+3,7.269e+2
574.94,3.685e+3,3.293e+3,3.922e+2
574.99,5.233e+3,5.025e+3,2.084e+2
575.04,7.951e+3,7.841e+3,1.091e+2
575.09,1.229e+4,1.223e+4,5.623e+1
575.14,1.892e+4,1.889e+4,2.855e+1
575.19,2.880e+4,2.879e+4,1.427e+1
575.24,4.327e+4,4.326e+4,7.028e+0
575.29,6.405e+4,6.405e+4,3.408e+0
575.34,9.342e+4,9.342e+4,1.628e+0
575.39,1.342e+5,1.342e+5,7.659e-1
575.44,1.900e+5,1.900e+5,3.549e-1
575.49,2.649e+5,2.649e+5,1.619e-1
575.54,3.639e+5,3.639e+5,7.277e-2
575.59,4.923e+5,4.923e+5,3.221e-2
575.64,6.561e+5,6.561e+5,1.404e-2
575.69,8.615e+5,8.615e+5,6.028e-3
575.74,1.114e+6,1.114e+6,2.549e-3
575.79,1.419e+6,1.419e+6,1.062e-3
575.84,1.781e+6,1.781e+6,4.354e-4
575.89,2.202e+6,2.202e+6,1.759e-4
575.94,2.682e+6,2.682e+6,6.997e-5
575.99,3.217e+6,3.217e+6,2.742e-5
576.04,3.802e+6,3.802e+6,1.058e-5
576.09,4.425e+6,4.425e+6,4.021e-6
576.14,5.074e+6,5.074e+6,1.505e-6
576.19,5.732e+6,5.732e+6,5.550e-7
576.24,6.378e+6,6.378e+6,2.015e-7
576.29,6.991e+6,6.991e+6,7.206e-8
576.34,7.548e+6,7.548e+6,2.538e-8
576.39,8.028e+6,8.028e+6,
576.44,8.411e+6,8.411e+6,
576.49,8.681e+6,8.681e+6,
576.54,8.826e+6,8.826e+6,
576.59,8.839e+6,8.839e+6,
576.64,8.720e+6,8.720e+6,
576.69,8.475e+6,8.475e+6,
576.74,8.113e+6,8.113e+6,
576.79,7.651e+6,7.651e+6,
576.84,7.107e+6,7.107e+6,
576.89,6.504e+6,6.504e+6,
576.94,5.863e+6,5.863e+6,
576.99,5.206e+6,5.206e+6,
577.04,4.554e+6,4.554e+6,
577.09,3.924e+6,3.924e+6,
577.14,3.331e+6,3.331e+6,
577.19,2.785e+6,2.785e+6,
577.24,2.294e+6,2.294e+6,
577.29,1.862e+6,1.862e+6,
577.34,1.489e+6,1.489e+6,
577.39,1.174e+6,1.174e+6,
577.44,9.121e+5,9.121e+5,
577.49,6.998e+5,6.998e+5,
577.54,5.309e+5,5.309e+5,
577.59,3.997e+5,3.997e+5,
577.64,3.005e+5,3.005e+5,
577.69,2.282e+5,2.282e+5,
577.74,1.782e+5,1.782e+5,
577.79,1.466e+5,1.466e+5,
577.84,1.304e+5,1.304e+5,
577.89,1.271e+5,1.271e+5,
577.94,1.349e+5,1.349e+5,
577.99,1.523e+5,1.523e+5,
578.04,1.784e+5,1.784e+5,
578.09,2.122e+5,2.122e+5,
578.14,2.531e+5,2.531e+5,
578.19,3.001e+5,3.001e+5,
578.24,3.522e+5,3.522e+5,
578.29,4.084e+5,4.084e+5,
578.34,4.672e+5,4.672e+5,
578.39,5.268e+5,5.268e+5,
578.44,5.855e+5,5.855e+5,
578.49,6.412e+5,6.412e+5,
578.54,6.918e+5,6.918e+5,
578.59,7.355e+5,7.355e+5,
578.64,7.703e+5,7.703e+5,
578.69,7.948e+5,7.948e+5,
578.74,8.079e+5,8.079e+5,
578.79,8.092e+5,8.092e+5,
578.84,7.984e+5,7.984e+5,
578.89,7.760e+5,7.760e+5,
578.94,7.432e+5,7.432e+5,
578.99,7.011e+5,7.011e+5,
579.04,6.517e+5,6.517e+5,
579.09,5.967e+5,5.967e+5,
579.14,5.383e+5,5.383e+5,
579.19,4.785e+5,4.785e+5,
579.24,4.189e+5,4.189e+5,
579.29,3.614e+5,3.614e+5,
579.34,3.071e+5,3.071e+5,
579.39,2.571e+5,2.571e+5,
579.44,2.121e+5,2.121e+5,
579.49,1.724e+5,1.724e+5,
579.54,1.380e+5,1.380e+5,
579.59,1.088e+5,1.088e+5,
579.64,8.457e+4,8.457e+4,
579.69,6.474e+4,6.474e+4,
579.74,4.883e+4,4.883e+4,
579.79,3.628e+4,3.628e+4,
579.84,2.656e+4,2.656e+4,
579.89,1.915e+4,1.915e+4,
579.94,1.361e+4,1.361e+4,
579.99,9.526e+3,9.526e+3,
580.04,6.570e+3,6.570e+3,
580.09,4.466e+3,4.466e+3,
580.14,2.994e+3,2.994e+3,
580.19,1.984e+3,1.984e+3,
580.24,1.305e+3,1.305e+3,
580.29,8.639e+2,8.639e+2,
580.34,5.946e+2,5.946e+2,
580.39,4.546e+2,4.546e+2,
580.44,4.218e+2,4.218e+2,
580.49,4.924e+2,4.924e+2,
580.54,6.817e+2,6.817e+2,
580.59,1.026e+3,1.026e+3,
580.64,1.586e+3,1.586e+3,
580.69,2.457e+3,2.457e+3,
580.74,3.772e+3,3.772e+3,
580.79,5.719e+3,5.719e+3,
580.84,8.551e+3,8.551e+3,
580.89,1.260e+4,1.260e+4,
580.94,1.830e+4,1.830e+4,
580.99,2.619e+4,2.619e+4,
581.04,3.693e+4,3.693e+4,
581.09,5.132e+4,5.132e+4,
581.14,7.027e+4,7.027e+4,
581.19,9.481e+4,9.481e+4,
581.24,1.260e+5,1.260e+5,
581.29,1.651e+5,1.651e+5,
581.34,2.131e+5,2.131e+5,
581.39,2.711e+5,2.711e+5,
581.44,3.397e+5,3.397e+5,
581.49,4.196e+5,4.196e+5,
581.54,5.106e+5,5.106e+5,
581.59,6.124e+5,6.124e+5,
581.64,7.237e+5,7.237e+5,
581.69,8.429e+5,8.429e+5,
581.74,9.674e+5,9.674e+5,
581.79,1.094e+6,1.094e+6,
581.84,1.220e+6,1.220e+6,
581.89,1.341e+6,1.341e+6,
581.94,1.453e+6,1.453e+6,
581.99,1.553e+6,1.553e+6,
582.04,1.637e+6,1.637e+6,
582.09,1.702e+6,1.702e+6,
582.14,1.748e+6,1.748e+6,
582.19,1.772e+6,1.772e+6,
582.24,1.777e+6,1.777e+6,
582.29,1.763e+6,1.763e+6,
582.34,1.734e+6,1.734e+6,
582.39,1.692e+6,1.692e+6,
582.44,1.643e+6,1.643e+6,
582.49,1.590e+6,1.590e+6,
582.54,1.539e+6,1.539e+6,
582.59,1.493e+6,1.493e+6,
582.64,1.456e+6,1.456e+6,
582.69,1.430e+6,1.430e+6,
582.74,1.416e+6,1.416e+6,
582.79,1.414e+6,1.414e+6,
582.84,1.424e+6,1.424e+6,
582.89,1.442e+6,1.442e+6,
582.94,1.466e+6,1.466e+6,
582.99,1.491e+6,1.491e+6,
583.04,1.515e+6,1.515e+6,
583.09,1.532e+6,1.532e+6,
583.14,1.540e+6,1.540e+6,
583.19,1.535e+6,1.535e+6,
583.24,1.515e+6,1.515e+6,
583.29,1.478e+6,1.478e+6,
583.34,1.426e+6,1.426e+6,
583.39,1.359e+6,1.359e+6,
583.44,1.277e+6,1.277e+6,
583.49,1.185e+6,1.185e+6,
583.54,1.083e+6,1.083e+6,
583.59,9.772e+5,9.772e+5,
583.64,8.690e+5,8.690e+5,
583.69,7.617e+5,7.617e+5,
583.74,6.580e+5,6.580e+5,
583.79,5.603e+5,5.603e+5,
583.84,4.702e+5,4.702e+5,
583.89,3.889e+5,3.889e+5,
583.94,3.170e+5,3.170e+5,
583.99,2.546e+5,2.546e+5,
584.04,2.015e+5,2.015e+5,
584.09,1.572e+5,1.572e+5,
584.14,1.208e+5,1.208e+5,
584.19,9.149e+4,9.149e+4,
584.24,6.828e+4,6.828e+4,
584.29,5.022e+4,5.022e+4,
584.34,3.640e+4,3.640e+4,
584.39,2.599e+4,2.599e+4,
584.44,1.829e+4,1.829e+4,
584.49,1.269e+4,1.269e+4,
584.54,8.670e+3,8.670e+3,
584.59,5.838e+3,5.838e+3,
584.64,3.874e+3,3.874e+3,
584.69,2.533e+3,2.533e+3,
584.74,1.632e+3,1.632e+3,
584.79,1.036e+3,1.036e+3,
584.84,6.485e+2,6.485e+2,
584.89,3.998e+2,3.998e+2,
584.94,2.429e+2,2.429e+2,
584.99,1.454e+2,1.454e+2,
585.04,8.580e+1,8.580e+1,
585.09,4.988e+1,4.988e+1,
585.14,2.857e+1,2.857e+1,
585.19,1.613e+1,1.613e+1,
585.24,8.973e+0,8.973e+0,
585.29,4.919e+0,4.919e+0,
585.34,2.658e+0,2.658e+0,
585.39,1.418e+0,1.418e+0,
585.44,7.492e-1,7.492e-1,
585.49,3.989e-1,3.989e-1,
585.54,2.272e-1,2.272e-1,
585.59,1.624e-1,1.624e-1,
585.64,1.765e-1,1.765e-1,
585.69,2.744e-1,2.744e-1,
585.74,4.956e-1,4.956e-1,
585.79,9.270e-1,9.270e-1,
585.84,1.731e+0,1.731e+0,
585.89,3.198e+0,3.198e+0,
585.94,5.827e+0,5.827e+0,
585.99,1.047e+1,1.047e+1,
586.04,1.853e+1,1.853e+1,
586.09,3.233e+1,3.233e+1,
586.14,5.561e+1,5.561e+1,
586.19,9.428e+1,9.428e+1,
586.24,1.575e+2,1.575e+2,
586.29,2.595e+2,2.595e+2,
586.34,4.212e+2,4.212e+2,
586.39,6.739e+2,6.739e+2,
586.44,1.063e+3,1.063e+3,
586.49,1.652e+3,1.652e+3,
586.54,2.531e+3,2.531e+3,
586.59,3.822e+3,3.822e+3,
586.64,5.688e+3,5.688e+3,
586.69,8.345e+3,8.345e+3,
586.74,1.207e+4,1.207e+4,
586.79,1.720e+4,1.720e+4,
586.84,2.416e+4,2.416e+4,
586.89,3.345e+4,3.345e+4,
586.94,4.565e+4,4.565e+4,
586.99,6.140e+4,6.140e+4,
587.04,8.140e+4,8.140e+4,
587.09,1.064e+5,1.064e+5,
587.14,1.370e+5,1.370e+5,
587.19,1.739e+5,1.739e+5,
587.24,2.176e+5,2.176e+5,
587.29,2.684e+5,2.684e+5,
587.34,3.263e+5,3.263e+5,
587.39,3.909e+5,3.909e+5,
587.44,4.617e+5,4.617e+5,
587.49,5.374e+5,5.374e+5,
587.54,6.165e+5,6.165e+5,
587.59,6.972e+5,6.972e+5,
587.64,7.770e+5,7.770e+5,
587.69,8.536e+5,8.536e+5,
587.74,9.243e+5,9.243e+5,
587.79,9.865e+5,9.865e+5,
587.84,1.038e+6,1.038e+6,
587.89,1.076e+6,1.076e+6,
587.94,1.099e+6,1.099e+6,
587.99,1.107e+6,1.107e+6,
588.04,1.099e+6,1.099e+6,
588.09,1.076e+6,1.076e+6,
588.14,1.038e+6,1.038e+6,
588.19,9.865e+5,9.865e+5,
588.24,9.243e+5,9.243e+5,
588.29,8.537e+5,8.537e+5,
588.34,7.771e+5,7.771e+5,
588.39,6.972e+5,6.972e+5,
588.44,6.166e+5,6.166e+5,
588.49,5.376e+5,5.376e+5,
588.54,4.620e+5,4.620e+5,
588.59,3.914e+5,3.914e+5,
588.64,3.271e+5,3.271e+5,
588.69,2.697e+5,2.697e+5,
588.74,2.196e+5,2.196e+5,
588.79,1.770e+5,1.770e+5,
588.84,1.417e+5,1.417e+5,
588.89,1.135e+5,1.135e+5,
588.94,9.193e+4,9.193e+4,
588.99,7.680e+4,7.680e+4,
589.04,6.785e+4,6.785e+4,
589.09,6.500e+4,6.500e+4,
589.14,6.836e+4,6.836e+4,
589.19,7.825e+4,7.825e+4,
589.24,9.518e+4,9.518e+4,
589.29,1.199e+5,1.199e+5,
589.34,1.532e+5,1.532e+5,
589.39,1.962e+5,1.962e+5,
589.44,2.499e+5,2.499e+5,
589.49,3.151e+5,3.151e+5,
589.54,3.926e+5,3.926e+5,
589.59,4.827e+5,4.827e+5,
589.64,5.855e+5,5.855e+5,
589.69,7.003e+5,7.003e+5,
589.74,8.258e+5,8.258e+5,
589.79,9.600e+5,9.600e+5,
589.84,1.100e+6,1.100e+6,
589.89,1.243e+6,1.243e+6,
589.94,1.384e+6,1.384e+6,
589.99,1.519e+6,1.519e+6,
590.04,1.644e+6,1.644e+6,
590.09,1.754e+6,1.754e+6,
590.14,1.844e+6,1.844e+6,
590.19,1.911e+6,1.911e+6,
590.24,1.953e+6,1.953e+6,
590.29,1.967e+6,1.967e+6,
590.34,1.953e+6,1.953e+6,
590.39,1.911e+6,1.911e+6,
590.44,1.844e+6,1.844e+6,
590.49,1.754e+6,1.754e+6,
590.54,1.644e+6,1.644e+6,
590.59,1.519e+6,1.519e+6,
590.64,1.384e+6,1.384e+6,
590.69,1.243e+6,1.243e+6,
590.74,1.100e+6,1.100e+6,
590.79,9.599e+5,9.599e+5,
590.84,8.256e+5,8.256e+5,
590.89,7.000e+5,7.000e+5,
590.94,5.851e+5,5.851e+5,
590.99,4.820e+5,4.820e+5,
591.04,3.915e+5,3.915e+5,
591.09,3.134e+5,3.134e+5,
591.14,2.473e+5,2.473e+5,
591.19,1.924e+5,1.924e+5,
591.24,1.476e+5,1.476e+5,
591.29,1.115e+5,1.115e+5,
591.34,8.312e+4,8.312e+4,
591.39,6.105e+4,6.105e+4,
591.44,4.421e+4,4.421e+4,
591.49,3.155e+4,3.155e+4,
591.54,2.220e+4,2.220e+4,
591.59,1.540e+4,1.540e+4,
591.64,1.053e+4,1.053e+4,
591.69,7.094e+3,7.094e+3,
591.74,4.713e+3,4.713e+3,
591.79,3.086e+3,3.086e+3,
591.84,1.992e+3,1.992e+3,
591.89,1.268e+3,1.268e+3,
591.94,7.953e+2,7.953e+2,
591.99,4.918e+2,4.918e+2,
592.04,2.998e+2,2.998e+2,
592.09,1.801e+2,1.801e+2,
592.14,1.067e+2,1.067e+2,
592.19,6.228e+1,6.228e+1,
592.24,3.585e+1,3.585e+1,
592.29,2.034e+1,2.034e+1,
592.34,1.138e+1,1.138e+1,
592.39,6.276e+0,6.276e+0,
592.44,3.420e+0,3.420e+0,
592.49,1.852e+0,1.852e+0,
592.54,1.018e+0,1.018e+0,
592.59,6.093e-1,6.093e-1,
592.64,4.684e-1,4.684e-1,
592.69,5.382e-1,5.382e-1,
592.74,8.430e-1,8.430e-1,
592.79,1.495e+0,1.495e+0,
592.84,2.727e+0,2.727e+0,
592.89,4.963e+0,4.963e+0,
592.94,8.935e+0,8.935e+0,
592.99,1.587e+1,1.587e+1,
593.04,2.780e+1,2.780e+1,
593.09,4.802e+1,4.802e+1,
593.14,8.178e+1,8.178e+1,
593.19,1.373e+2,1.373e+2,
593.24,2.274e+2,2.274e+2,
593.29,3.712e+2,3.712e+2,
593.34,5.974e+2,5.974e+2,
593.39,9.481e+2,9.481e+2,
593.44,1.484e+3,1.484e+3,
593.49,2.289e+3,2.289e+3,
593.54,3.482e+3,3.482e+3,
593.59,5.222e+3,5.222e+3,
593.64,7.722e+3,7.722e+3,
593.69,1.126e+4,1.126e+4,
593.74,1.619e+4,1.619e+4,
593.79,2.294e+4,2.294e+4,
593.84,3.206e+4,3.206e+4,
593.89,4.418e+4,4.418e+4,
593.94,6.003e+4,6.003e+4,
593.99,8.041e+4,8.041e+4,
594.04,1.062e+5,1.062e+5,
594.09,1.383e+5,1.383e+5,
594.14,1.776e+5,1.776e+5,
594.19,2.248e+5,2.248e+5,
594.24,2.806e+5,2.806e+5,
594.29,3.454e+5,3.454e+5,
594.34,4.191e+5,4.191e+5,
594.39,5.015e+5,5.015e+5,
594.44,5.916e+5,5.916e+5,
594.49,6.881e+5,6.881e+5,
594.54,7.891e+5,7.891e+5,
594.59,8.922e+5,8.922e+5,
594.64,9.947e+5,9.947e+5,
594.69,1.093e+6,1.093e+6,
594.74,1.185e+6,1.185e+6,
594.79,1.266e+6,1.266e+6,
594.84,1.334e+6,1.334e+6,
594.89,1.386e+6,1.386e+6,
594.94,1.420e+6,1.420e+6,
594.99,1.434e+6,1.434e+6,
595.04,1.428e+6,1.428e+6,
595.09,1.402e+6,1.402e+6,
595.14,1.357e+6,1.357e+6,
595.19,1.295e+6,1.295e+6,
595.24,1.219e+6,1.219e+6,
595.29,1.131e+6,1.131e+6,
595.34,1.035e+6,1.035e+6,
595.39,9.335e+5,9.335e+5,
595.44,8.302e+5,8.302e+5,
595.49,7.280e+5,7.280e+5,
595.54,6.295e+5,6.295e+5,
595.59,5.366e+5,5.366e+5,
595.64,4.511e+5,4.511e+5,
595.69,3.738e+5,3.738e+5,
595.74,3.054e+5,3.054e+5,
595.79,2.461e+5,2.461e+5,
595.84,1.955e+5,1.955e+5,
595.89,1.531e+5,1.531e+5,
595.94,1.182e+5,1.182e+5,
595.99,9.003e+4,9.003e+4,
596.04,6.759e+4,6.759e+4,
596.09,5.004e+4,5.004e+4,
596.14,3.653e+4,3.653e+4,
596.19,2.630e+4,2.630e+4,
596.24,1.868e+4,1.868e+4,
596.29,1.311e+4,1.311e+4,
596.34,9.118e+3,9.118e+3,
596.39,6.323e+3,6.323e+3,
596.44,4.440e+3,4.440e+3,
596.49,3.259e+3,3.259e+3,
596.54,2.642e+3,2.642e+3,
596.59,2.513e+3,2.513e+3,
596.64,2.859e+3,2.859e+3,
596.69,3.725e+3,3.725e+3,
596.74,5.224e+3,5.224e+3,
596.79,7.535e+3,7.535e+3,
596.84,1.092e+4,1.092e+4,
596.89,1.573e+4,1.573e+4,
596.94,2.241e+4,2.241e+4,
596.99,3.153e+4,3.153e+4,
597.04,4.376e+4,4.376e+4,
597.09,5.992e+4,5.992e+4,
597.14,8.091e+4,8.091e+4,
597.19,1.077e+5,1.077e+5,
597.24,1.415e+5,1.415e+5,
597.29,1.832e+5,1.832e+5,
597.34,2.340e+5,2.340e+5,
597.39,2.947e+5,2.947e+5,
597.44,3.659e+5,3.659e+5,
597.49,4.481e+5,4.481e+5,
597.54,5.411e+5,5.411e+5,
597.59,6.444e+5,6.444e+5,
597.64,7.568e+5,7.568e+5,
597.69,8.763e+5,8.763e+5,
597.74,1.001e+6,1.001e+6,
597.79,1.127e+6,1.127e+6,
597.84,1.251e+6,1.251e+6,
597.89,1.370e+6,1.370e+6,
597.94,1.480e+6,1.480e+6,
597.99,1.576e+6,1.576e+6,
598.04,1.655e+6,1.655e+6,
598.09,1.714e+6,1.714e+6,
598.14,1.750e+6,1.750e+6,
598.19,1.762e+6,1.762e+6,
598.24,1.750e+6,1.750e+6,
598.29,1.714e+6,1.714e+6,
598.34,1.655e+6,1.655e+6,
598.39,1.576e+6,1.576e+6,
598.44,1.480e+6,1.480e+6,
598.49,1.370e+6,1.370e+6,
598.54,1.251e+6,1.251e+6,
598.59,1.127e+6,1.127e+6,
598.64,1.001e+6,1.001e+6,
598.69,8.763e+5,8.763e+5,
598.74,7.568e+5,7.568e+5,
598.79,6.444e+5,6.444e+5,
598.84,5.411e+5,5.411e+5,
598.89,4.481e+5,4.481e+5,
598.94,3.659e+5,3.659e+5,
598.99,2.947e+5,2.947e+5,
599.04,2.340e+5,2.340e+5,
599.09,1.832e+5,1.832e+5,
599.14,1.415e+5,1.415e+5,
599.19,1.077e+5,1.077e+5,
599.24,8.091e+4,8.091e+4,
599.29,5.991e+4,5.991e+4,
599.34,4.375e+4,4.375e+4,
599.39,3.151e+4,3.151e+4,
599.44,2.237e+4,2.237e+4,
599.49,1.567e+4,1.567e+4,
599.54,1.082e+4,1.082e+4,
599.59,7.367e+3,7.367e+3,
599.64,4.947e+3,4.947e+3,
599.69,3.276e+3,3.276e+3,
599.74,2.139e+3,2.139e+3,
599.79,1.377e+3,1.377e+3,
599.84,8.746e+2,8.746e+2,
599.89,5.477e+2,5.477e+2,
599.94,3.382e+2,3.382e+2,
599.99,2.059e+2,2.059e+2,
600.04,1.237e+2,1.237e+2,
600.09,7.323e+1,7.323e+1,
600.14,4.276e+1,4.276e+1,