Wavelength (nm),Sum,Cs I (2.2e-02),Cs III (2.3e-05)
200.11,3.525e-2,,3.525e-2
200.16,5.188e-2,,5.188e-2
200.21,6.740e-2,,6.740e-2
200.26,7.730e-2,,7.730e-2
200.31,7.828e-2,,7.828e-2
200.36,6.999e-2,,6.999e-2
200.41,5.529e-2,,5.529e-2
200.46,3.870e-2,,3.870e-2
200.51,2.429e-2,,2.429e-2
200.56,1.438e-2,,1.438e-2
200.61,9.416e-3,,9.416e-3
200.66,8.736e-3,,8.736e-3
200.72,1.190e-2,,1.190e-2
200.77,1.617e-2,,1.617e-2
200.82,2.021e-2,,2.021e-2
200.87,2.253e-2,,2.253e-2
200.92,2.224e-2,,2.224e-2
200.97,1.940e-2,,1.940e-2
201.02,1.496e-2,,1.496e-2
201.07,1.019e-2,,1.019e-2
201.12,6.130e-3,,6.130e-3
201.17,3.259e-3,,3.259e-3
201.22,1.530e-3,,1.530e-3
201.27,6.350e-4,,6.350e-4
201.32,2.329e-4,,2.329e-4
201.37,7.583e-5,,7.583e-5
201.42,2.400e-5,,2.400e-5
201.47,1.724e-5,,1.724e-5
201.52,5.182e-5,,5.182e-5
201.57,1.924e-4,,1.924e-4
201.62,6.459e-4,,6.459e-4
201.67,1.920e-3,,1.920e-3
201.72,5.051e-3,,5.051e-3
201.77,1.175e-2,,1.175e-2
201.82,2.421e-2,,2.421e-2
201.87,4.410e-2,,4.410e-2
201.92,7.109e-2,,7.109e-2
201.97,1.014e-1,,1.014e-1
202.02,1.280e-1,,1.280e-1
202.07,1.429e-1,,1.429e-1
202.12,1.412e-1,,1.412e-1
202.17,1.235e-1,,1.235e-1
202.22,9.557e-2,,9.557e-2
202.27,6.552e-2,,6.552e-2
202.32,3.988e-2,,3.988e-2
202.37,2.193e-2,,2.193e-2
202.42,1.208e-2,,1.208e-2
202.47,1.007e-2,,1.007e-2
202.52,1.725e-2,,1.725e-2
202.57,3.835e-2,,3.835e-2
202.62,8.170e-2,,8.170e-2
202.67,1.569e-1,,1.569e-1
202.72,2.695e-1,,2.695e-1
202.77,4.140e-1,,4.140e-1
202.82,5.698e-1,,5.698e-1
202.87,7.039e-1,,7.039e-1
202.92,7.816e-1,,7.816e-1
202.97,7.819e-1,,7.819e-1
203.02,7.076e-1,,7.076e-1
203.07,5.869e-1,,5.869e-1
203.12,4.653e-1,,4.653e-1
203.17,3.943e-1,,3.943e-1
203.22,4.216e-1,,4.216e-1
203.27,5.797e-1,,5.797e-1
203.32,8.714e-1,,8.714e-1
203.37,1.255e+0,,1.255e+0
203.42,1.640e+0,,1.640e+0
203.47,1.913e+0,,1.913e+0
203.52,1.982e+0,,1.982e+0
203.57,1.821e+0,,1.821e+0
203.62,1.483e+0,,1.483e+0
203.67,1.071e+0,,1.071e+0
203.72,6.852e-1,,6.852e-1
203.77,3.893e-1,,3.893e-1
203.82,1.974e-1,,1.974e-1
203.87,9.172e-2,,9.172e-2
203.92,4.319e-2,,4.319e-2
203.97,2.653e-2,,2.653e-2
204.02,2.479e-2,,2.479e-2
204.07,2.813e-2,,2.813e-2
204.12,3.119e-2,,3.119e-2
204.17,3.136e-2,,3.136e-2
204.22,2.812e-2,,2.812e-2
204.27,2.238e-2,,2.238e-2
204.32,1.580e-2,,1.580e-2
204.37,9.897e-3,,9.897e-3
204.42,5.498e-3,,5.498e-3
204.47,2.709e-3,,2.709e-3
204.52,1.184e-3,,1.184e-3
204.57,4.589e-4,,4.589e-4
204.62,1.578e-4,,1.578e-4
204.67,4.832e-5,,4.832e-5
204.72,1.381e-5,,1.381e-5
204.77,5.867e-6,,5.867e-6
204.82,9.237e-6,,9.237e-6
204.87,2.462e-5,,2.462e-5
204.92,6.556e-5,,6.556e-5
204.97,1.694e-4,,1.694e-4
205.02,4.371e-4,,4.371e-4
205.07,1.145e-3,,1.145e-3
205.12,3.013e-3,,3.013e-3
205.17,7.748e-3,,7.748e-3
205.22,1.891e-2,,1.891e-2
205.27,4.288e-2,,4.288e-2
205.32,8.916e-2,,8.916e-2
205.37,1.688e-1,,1.688e-1
205.42,2.896e-1,,2.896e-1
205.47,4.498e-1,,4.498e-1
205.52,6.317e-1,,6.317e-1
205.57,8.030e-1,,8.030e-1
205.62,9.260e-1,,9.260e-1
205.67,9.716e-1,,9.716e-1
205.72,9.317e-1,,9.317e-1
205.77,8.206e-1,,8.206e-1
205.82,6.669e-1,,6.669e-1
205.87,5.020e-1,,5.020e-1
205.92,3.506e-1,,3.506e-1
205.97,2.270e-1,,2.270e-1
206.02,1.359e-1,,1.359e-1
206.07,7.483e-2,,7.483e-2
206.12,3.774e-2,,3.774e-2
206.17,1.733e-2,,1.733e-2
206.22,7.219e-3,,7.219e-3
206.27,2.715e-3,,2.715e-3
206.32,9.197e-4,,9.197e-4
206.37,2.798e-4,,2.798e-4
206.42,7.640e-5,,7.640e-5
206.47,1.931e-5,,1.931e-5
206.52,7.433e-6,,7.433e-6
206.57,1.527e-5,,1.527e-5
206.62,5.544e-5,,5.544e-5
206.67,1.879e-4,,1.879e-4
206.72,5.684e-4,,5.684e-4
206.77,1.530e-3,,1.530e-3
206.82,3.666e-3,,3.666e-3
206.87,7.819e-3,,7.819e-3
206.92,1.485e-2,,1.485e-2
206.97,2.512e-2,,2.512e-2
207.02,3.794e-2,,3.794e-2
207.07,5.149e-2,,5.149e-2
207.12,6.392e-2,,6.392e-2
207.17,7.620e-2,,7.620e-2
207.22,9.643e-2,,9.643e-2
207.27,1.450e-1,,1.450e-1
207.32,2.583e-1,,2.583e-1
207.37,4.869e-1,,4.869e-1
207.42,8.836e-1,,8.836e-1
207.47,1.477e+0,,1.477e+0
207.52,2.240e+0,,2.240e+0
207.57,3.064e+0,,3.064e+0
207.62,3.777e+0,,3.777e+0
207.67,4.192e+0,,4.192e+0
207.72,4.188e+0,,4.188e+0
207.77,3.765e+0,,3.765e+0
207.82,3.044e+0,,3.044e+0
207.87,2.216e+0,,2.216e+0
207.92,1.461e+0,,1.461e+0
207.97,8.948e-1,,8.948e-1
208.02,5.592e-1,,5.592e-1
208.07,4.418e-1,,4.418e-1
208.12,5.052e-1,,5.052e-1
208.17,7.020e-1,,7.020e-1
208.22,9.732e-1,,9.732e-1
208.27,1.247e+0,,1.247e+0
208.32,1.445e+0,,1.445e+0
208.37,1.508e+0,,1.508e+0
208.42,1.420e+0,,1.420e+0
208.47,1.215e+0,,1.215e+0
208.52,9.684e-1,,9.684e-1
208.57,7.657e-1,,7.657e-1
208.62,6.729e-1,,6.729e-1
208.67,7.158e-1,,7.158e-1
208.72,8.724e-1,,8.724e-1
208.77,1.081e+0,,1.081e+0
208.82,1.264e+0,,1.264e+0
208.87,1.357e+0,,1.357e+0
208.92,1.338e+0,,1.338e+0
208.97,1.232e+0,,1.232e+0
209.02,1.097e+0,,1.097e+0
209.07,9.796e-1,,9.796e-1
209.12,8.988e-1,,8.988e-1
209.17,8.378e-1,,8.378e-1
209.22,7.659e-1,,7.659e-1
209.27,6.624e-1,,6.624e-1
209.32,5.293e-1,,5.293e-1
209.37,3.860e-1,,3.860e-1
209.42,2.558e-1,,2.558e-1
209.47,1.543e-1,,1.543e-1
209.52,8.573e-2,,8.573e-2
209.57,4.555e-2,,4.555e-2
209.62,2.615e-2,,2.615e-2
209.67,2.071e-2,,2.071e-2
209.72,2.494e-2,,2.494e-2
209.77,3.739e-2,,3.739e-2
209.82,5.924e-2,,5.924e-2
209.87,9.361e-2,,9.361e-2
209.92,1.438e-1,,1.438e-1
209.97,2.100e-1,,2.100e-1
210.02,2.857e-1,,2.857e-1
210.07,3.565e-1,,3.565e-1
210.12,4.037e-1,,4.037e-1
210.17,4.122e-1,,4.122e-1
210.22,3.779e-1,,3.779e-1
210.27,3.104e-1,,3.104e-1
210.32,2.281e-1,,2.281e-1
210.37,1.499e-1,,1.499e-1
210.42,8.820e-2,,8.820e-2
210.47,4.697e-2,,4.697e-2
210.52,2.400e-2,,2.400e-2
210.57,1.493e-2,,1.493e-2
210.62,1.639e-2,,1.639e-2
210.67,2.709e-2,,2.709e-2
210.72,4.722e-2,,4.722e-2
210.77,7.685e-2,,7.685e-2
210.82,1.141e-1,,1.141e-1
210.87,1.539e-1,,1.539e-1
210.92,1.888e-1,,1.888e-1
210.97,2.113e-1,,2.113e-1
211.02,2.174e-1,,2.174e-1
211.07,2.095e-1,,2.095e-1
211.12,1.967e-1,,1.967e-1
211.17,1.910e-1,,1.910e-1
211.22,2.021e-1,,2.021e-1
211.27,2.313e-1,,2.313e-1
211.32,2.695e-1,,2.695e-1
211.37,3.012e-1,,3.012e-1
211.42,3.108e-1,,3.108e-1
211.47,2.908e-1,,2.908e-1
211.52,2.448e-1,,2.448e-1
211.57,1.846e-1,,1.846e-1
211.62,1.247e-1,,1.247e-1
211.67,7.530e-2,,7.530e-2
211.72,4.068e-2,,4.068e-2
211.77,1.966e-2,,1.966e-2
211.82,8.515e-3,,8.515e-3
211.87,3.333e-3,,3.333e-3
211.92,1.227e-3,,1.227e-3
211.97,4.962e-4,,4.962e-4
212.02,2.990e-4,,2.990e-4
212.07,2.747e-4,,2.747e-4
212.12,2.858e-4,,2.858e-4
212.17,2.919e-4,,2.919e-4
212.22,3.066e-4,,3.066e-4
212.27,4.026e-4,,4.026e-4
212.32,7.521e-4,,7.521e-4
212.37,1.697e-3,,1.697e-3
212.42,3.820e-3,,3.820e-3
212.47,7.930e-3,,7.930e-3
212.52,1.485e-2,,1.485e-2
212.57,2.496e-2,,2.496e-2
212.62,3.761e-2,,3.761e-2
212.67,5.089e-2,,5.089e-2
212.72,6.206e-2,,6.206e-2
212.77,6.883e-2,,6.883e-2
212.82,7.091e-2,,7.091e-2
212.87,7.087e-2,,7.087e-2
212.92,7.341e-2,,7.341e-2
212.97,8.327e-2,,8.327e-2
213.02,1.024e-1,,1.024e-1
213.07,1.282e-1,,1.282e-1
213.12,1.535e-1,,1.535e-1
213.17,1.696e-1,,1.696e-1
213.22,1.700e-1,,1.700e-1
213.27,1.534e-1,,1.534e-1
213.32,1.243e-1,,1.243e-1
213.37,9.033e-2,,9.033e-2
213.42,5.904e-2,,5.904e-2
213.47,3.497e-2,,3.497e-2
213.52,1.936e-2,,1.936e-2
213.57,1.104e-2,,1.104e-2
213.62,8.007e-3,,8.007e-3
213.67,8.581e-3,,8.581e-3
213.72,1.213e-2,,1.213e-2
213.77,1.945e-2,,1.945e-2
213.82,3.279e-2,,3.279e-2
213.87,5.527e-2,,5.527e-2
213.92,8.929e-2,,8.929e-2
213.97,1.341e-1,,1.341e-1
214.02,1.839e-1,,1.839e-1
214.07,2.282e-1,,2.282e-1
214.12,2.550e-1,,2.550e-1
214.17,2.563e-1,,2.563e-1
214.22,2.317e-1,,2.317e-1
214.27,1.892e-1,,1.892e-1
214.32,1.415e-1,,1.415e-1
214.37,1.013e-1,,1.013e-1
214.42,7.654e-2,,7.654e-2
214.47,6.988e-2,,6.988e-2
214.52,7.854e-2,,7.854e-2
214.57,9.601e-2,,9.601e-2
214.62,1.140e-1,,1.140e-1
214.67,1.248e-1,,1.248e-1
214.72,1.237e-1,,1.237e-1
214.77,1.103e-1,,1.103e-1
214.82,8.835e-2,,8.835e-2
214.87,6.356e-2,,6.356e-2
214.92,4.105e-2,,4.105e-2
214.97,2.380e-2,,2.380e-2
215.02,1.240e-2,,1.240e-2
215.07,5.814e-3,,5.814e-3
215.12,2.514e-3,,2.514e-3
215.17,1.190e-3,,1.190e-3
215.22,1.123e-3,,1.123e-3
215.27,2.255e-3,,2.255e-3
215.32,5.188e-3,,5.188e-3
215.37,1.108e-2,,1.108e-2
215.42,2.134e-2,,2.134e-2
215.47,3.694e-2,,3.694e-2
215.52,5.743e-2,,5.743e-2
215.57,8.020e-2,,8.020e-2
215.62,1.006e-1,,1.006e-1
215.67,1.134e-1,,1.134e-1
215.72,1.148e-1,,1.148e-1
215.77,1.044e-1,,1.044e-1
215.82,8.532e-2,,8.532e-2
215.87,6.269e-2,,6.269e-2
215.92,4.146e-2,,4.146e-2
215.97,2.477e-2,,2.477e-2
216.02,1.357e-2,,1.357e-2
216.07,7.190e-3,,7.190e-3
216.12,4.292e-3,,4.292e-3
216.17,3.540e-3,,3.540e-3
216.22,3.896e-3,,3.896e-3
216.27,4.623e-3,,4.623e-3
216.32,5.215e-3,,5.215e-3
216.37,5.382e-3,,5.382e-3
216.42,5.057e-3,,5.057e-3
216.47,4.397e-3,,4.397e-3
216.52,3.724e-3,,3.724e-3
216.57,3.420e-3,,3.420e-3
216.62,3.815e-3,,3.815e-3
216.67,5.076e-3,,5.076e-3
216.72,7.121e-3,,7.121e-3
216.77,9.581e-3,,9.581e-3
216.82,1.185e-2,,1.185e-2
216.87,1.328e-2,,1.328e-2
216.92,1.340e-2,,1.340e-2
216.97,1.218e-2,,1.218e-2
217.02,9.949e-3,,9.949e-3
217.07,7.310e-3,,7.310e-3
217.12,4.829e-3,,4.829e-3
217.17,2.869e-3,,2.869e-3
217.22,1.534e-3,,1.534e-3
217.27,7.414e-4,,7.414e-4
217.32,3.398e-4,,3.398e-4
217.37,2.051e-4,,2.051e-4
217.42,3.171e-4,,3.171e-4
217.47,8.410e-4,,8.410e-4
217.52,2.253e-3,,2.253e-3
217.57,5.506e-3,,5.506e-3
217.62,1.213e-2,,1.213e-2
217.67,2.408e-2,,2.408e-2
217.72,4.305e-2,,4.305e-2
217.77,6.938e-2,,6.938e-2
217.82,1.009e-1,,1.009e-1
217.87,1.327e-1,,1.327e-1
217.92,1.581e-1,,1.581e-1
217.97,1.716e-1,,1.716e-1
218.02,1.706e-1,,1.706e-1
218.07,1.571e-1,,1.571e-1
218.12,1.356e-1,,1.356e-1
218.17,1.113e-1,,1.113e-1
218.22,8.802e-2,,8.802e-2
218.27,6.770e-2,,6.770e-2
218.32,5.109e-2,,5.109e-2
218.37,3.854e-2,,3.854e-2
218.42,3.039e-2,,3.039e-2
218.47,2.681e-2,,2.681e-2
218.52,2.787e-2,,2.787e-2
218.57,3.380e-2,,3.380e-2
218.62,4.549e-2,,4.549e-2
218.67,6.457e-2,,6.457e-2
218.72,9.243e-2,,9.243e-2
218.77,1.284e-1,,1.284e-1
218.82,1.681e-1,,1.681e-1
218.87,2.033e-1,,2.033e-1
218.92,2.247e-1,,2.247e-1
218.97,2.255e-1,,2.255e-1
219.02,2.046e-1,,2.046e-1
219.07,1.677e-1,,1.677e-1
219.12,1.240e-1,,1.240e-1
219.17,8.274e-2,,8.274e-2
219.22,4.981e-2,,4.981e-2
219.27,2.706e-2,,2.706e-2
219.32,1.328e-2,,1.328e-2
219.37,5.893e-3,,5.893e-3
219.42,2.372e-3,,2.372e-3
219.47,8.802e-4,,8.802e-4
219.52,3.432e-4,,3.432e-4
219.57,2.556e-4,,2.556e-4
219.62,4.746e-4,,4.746e-4
219.67,1.090e-3,,1.090e-3
219.72,2.352e-3,,2.352e-3
219.77,4.599e-3,,4.599e-3
219.82,8.114e-3,,8.114e-3
219.87,1.291e-2,,1.291e-2
219.92,1.853e-2,,1.853e-2
219.97,2.399e-2,,2.399e-2
220.02,2.801e-2,,2.801e-2
220.07,2.949e-2,,2.949e-2
220.12,2.801e-2,,2.801e-2
220.17,2.399e-2,,2.399e-2
220.22,1.853e-2,,1.853e-2
220.27,1.291e-2,,1.291e-2
220.32,8.113e-3,,8.113e-3
220.37,4.598e-3,,4.598e-3
220.42,2.351e-3,,2.351e-3
220.47,1.085e-3,,1.085e-3
220.52,4.530e-4,,4.530e-4
220.57,1.744e-4,,1.744e-4
220.62,6.809e-5,,6.809e-5
220.67,3.744e-5,,3.744e-5
220.72,3.785e-5,,3.785e-5
220.77,5.048e-5,,5.048e-5
220.82,6.660e-5,,6.660e-5
220.87,8.064e-5,,8.064e-5
220.92,8.838e-5,,8.838e-5
220.97,8.747e-5,,8.747e-5
221.02,7.815e-5,,7.815e-5
221.07,6.303e-5,,6.303e-5
221.12,4.592e-5,,4.592e-5
221.17,3.032e-5,,3.032e-5
221.22,1.846e-5,,1.846e-5
221.27,1.134e-5,,1.134e-5
221.32,9.466e-6,,9.466e-6
221.37,1.398e-5,,1.398e-5
221.42,2.749e-5,,2.749e-5
221.47,5.412e-5,,5.412e-5
221.52,9.816e-5,,9.816e-5
221.57,1.614e-4,,1.614e-4
221.62,2.399e-4,,2.399e-4
221.67,3.221e-4,,3.221e-4
221.72,3.907e-4,,3.907e-4
221.77,4.281e-4,,4.281e-4
221.82,4.238e-4,,4.238e-4
221.87,3.790e-4,,3.790e-4
221.92,3.061e-4,,3.061e-4
221.97,2.234e-4,,2.234e-4
222.02,1.473e-4,,1.473e-4
222.07,8.771e-5,,8.771e-5
222.12,4.727e-5,,4.727e-5
222.17,2.337e-5,,2.337e-5
222.22,1.188e-5,,1.188e-5
222.27,1.065e-5,,1.065e-5
222.32,2.349e-5,,2.349e-5
222.37,6.655e-5,,6.655e-5
222.42,1.791e-4,,1.791e-4
222.47,4.384e-4,,4.384e-4
222.52,9.709e-4,,9.709e-4
222.57,1.944e-3,,1.944e-3
222.62,3.521e-3,,3.521e-3
222.67,5.767e-3,,5.767e-3
222.72,8.543e-3,,8.543e-3
222.77,1.145e-2,,1.145e-2
222.82,1.390e-2,,1.390e-2
222.87,1.530e-2,,1.530e-2
222.92,1.535e-2,,1.535e-2
222.97,1.416e-2,,1.416e-2
223.02,1.228e-2,,1.228e-2
223.07,1.041e-2,,1.041e-2
223.12,9.125e-3,,9.125e-3
223.17,8.639e-3,,8.639e-3
223.22,8.767e-3,,8.767e-3
223.27,9.059e-3,,9.059e-3
223.32,9.039e-3,,9.039e-3
223.37,8.423e-3,,8.423e-3
223.42,7.207e-3,,7.207e-3
223.47,5.619e-3,,5.619e-3
223.52,3.981e-3,,3.981e-3
223.57,2.561e-3,,2.561e-3
223.62,1.496e-3,,1.496e-3
223.67,7.937e-4,,7.937e-4
223.72,3.831e-4,,3.831e-4
223.77,1.685e-4,,1.685e-4
223.82,6.795e-5,,6.795e-5
223.87,2.630e-5,,2.630e-5
223.92,1.373e-5,,1.373e-5
223.97,1.998e-5,,1.998e-5
224.02,5.189e-5,,5.189e-5
224.07,1.375e-4,,1.375e-4
224.12,3.372e-4,,3.372e-4
224.17,7.588e-4,,7.588e-4
224.22,1.567e-3,,1.567e-3
224.27,2.976e-3,,2.976e-3
224.32,5.198e-3,,5.198e-3
224.37,8.359e-3,,8.359e-3
224.42,1.238e-2,,1.238e-2
224.47,1.686e-2,,1.686e-2
224.52,2.112e-2,,2.112e-2
224.57,2.428e-2,,2.428e-2
224.62,2.560e-2,,2.560e-2
224.67,2.469e-2,,2.469e-2
224.72,2.177e-2,,2.177e-2
224.77,1.751e-2,,1.751e-2
224.82,1.283e-2,,1.283e-2
224.87,8.562e-3,,8.562e-3
224.92,5.193e-3,,5.193e-3
224.97,2.862e-3,,2.862e-3
225.02,1.433e-3,,1.433e-3
225.07,6.525e-4,,6.525e-4
225.12,2.742e-4,,2.742e-4
225.17,1.160e-4,,1.160e-4
225.22,7.011e-5,,7.011e-5
225.27,8.478e-5,,8.478e-5
225.32,1.416e-4,,1.416e-4
225.37,2.364e-4,,2.364e-4
225.42,3.682e-4,,3.682e-4
225.47,5.368e-4,,5.368e-4
225.52,7.572e-4,,7.572e-4
225.57,1.091e-3,,1.091e-3
225.62,1.698e-3,,1.698e-3
225.67,2.879e-3,,2.879e-3
225.72,5.080e-3,,5.080e-3
225.77,8.794e-3,,8.794e-3
225.82,1.434e-2,,1.434e-2
225.87,2.157e-2,,2.157e-2
225.92,2.964e-2,,2.964e-2
225.97,3.704e-2,,3.704e-2
226.02,4.203e-2,,4.203e-2
226.07,4.327e-2,,4.327e-2
226.12,4.042e-2,,4.042e-2
226.17,3.427e-2,,3.427e-2
226.22,2.645e-2,,2.645e-2
226.27,1.877e-2,,1.877e-2
226.32,1.268e-2,,1.268e-2
226.37,9.018e-3,,9.018e-3
226.42,8.051e-3,,8.051e-3
226.47,9.658e-3,,9.658e-3
226.52,1.339e-2,,1.339e-2
226.57,1.847e-2,,1.847e-2
226.62,2.377e-2,,2.377e-2
226.67,2.796e-2,,2.796e-2
226.72,2.991e-2,,2.991e-2
226.77,2.904e-2,,2.904e-2
226.82,2.559e-2,,2.559e-2
226.87,2.046e-2,,2.046e-2
226.92,1.484e-2,,1.484e-2
226.97,9.770e-3,,9.770e-3
227.02,5.834e-3,,5.834e-3
227.07,3.161e-3,,3.161e-3
227.12,1.554e-3,,1.554e-3
227.17,6.933e-4,,6.933e-4
227.22,2.806e-4,,2.806e-4
227.27,1.030e-4,,1.030e-4
227.32,3.432e-5,,3.432e-5
227.37,1.038e-5,,1.038e-5
227.42,2.846e-6,,2.846e-6
227.47,7.082e-7,,7.082e-7
227.52,1.599e-7,,1.599e-7
227.57,3.275e-8,,3.275e-8
227.62,6.088e-9,,6.088e-9
227.67,1.027e-9,,1.027e-9
227.72,1.571e-10,,1.571e-10
227.77,2.181e-11,,2.181e-11
227.82,2.747e-12,,2.747e-12
227.87,3.140e-13,,3.140e-13
227.92,3.256e-14,,3.256e-14
227.97,3.063e-15,,3.063e-15
228.02,2.615e-16,,2.615e-16
228.07,2.025e-17,,2.025e-17
228.42,5.084e-17,,5.084e-17
228.47,6.372e-16,,6.372e-16
228.52,7.265e-15,,7.265e-15
228.57,7.534e-14,,7.534e-14
228.62,7.108e-13,,7.108e-13
228.67,6.100e-12,,6.100e-12
228.72,4.761e-11,,4.761e-11
228.77,3.381e-10,,3.381e-10
228.82,2.184e-9,,2.184e-9
228.87,1.283e-8,,1.283e-8
228.92,6.858e-8,,6.858e-8
228.97,3.334e-7,,3.334e-7
229.02,1.475e-6,,1.475e-6
229.07,5.933e-6,,5.933e-6
229.12,2.171e-5,,2.171e-5
229.17,7.227e-5,,7.227e-5
229.22,2.189e-4,,2.189e-4
229.27,6.028e-4,,6.028e-4
229.32,1.511e-3,,1.511e-3
229.37,3.443e-3,,3.443e-3
229.42,7.138e-3,,7.138e-3
229.47,1.346e-2,,1.346e-2
229.52,2.310e-2,,2.310e-2
229.57,3.605e-2,,3.605e-2
229.62,5.117e-2,,5.117e-2
229.67,6.608e-2,,6.608e-2
229.72,7.763e-2,,7.763e-2
229.77,8.296e-2,,8.296e-2
229.82,8.066e-2,,8.066e-2
229.87,7.135e-2,,7.135e-2
229.92,5.744e-2,,5.744e-2
229.97,4.209e-2,,4.209e-2
230.02,2.810e-2,,2.810e-2
230.07,1.712e-2,,1.712e-2
230.12,9.537e-3,,9.537e-3
230.17,4.882e-3,,4.882e-3
230.22,2.316e-3,,2.316e-3
230.27,1.033e-3,,1.033e-3
230.32,4.443e-4,,4.443e-4
230.37,1.933e-4,,1.933e-4
230.42,9.508e-5,,9.508e-5
230.47,6.539e-5,,6.539e-5
230.52,6.985e-5,,6.985e-5
230.57,9.476e-5,,9.476e-5
230.62,1.331e-4,,1.331e-4
230.67,1.782e-4,,1.782e-4
230.72,2.224e-4,,2.224e-4
230.77,2.568e-4,,2.568e-4
230.82,2.743e-4,,2.743e-4
230.87,2.719e-4,,2.719e-4
230.92,2.552e-4,,2.552e-4
230.97,2.462e-4,,2.462e-4
231.02,3.074e-4,,3.074e-4
231.07,6.070e-4,,6.070e-4
231.12,1.570e-3,,1.570e-3
231.17,4.172e-3,,4.172e-3
231.22,1.040e-2,,1.040e-2
231.27,2.379e-2,,2.379e-2
231.32,4.963e-2,,4.963e-2
231.37,9.437e-2,,9.437e-2
231.42,1.635e-1,,1.635e-1
231.47,2.580e-1,,2.580e-1
231.52,3.711e-1,,3.711e-1
231.58,5.074e-1,,5.074e-1
231.63,5.945e-1,,5.945e-1
231.68,6.346e-1,,6.346e-1
231.73,6.171e-1,,6.171e-1
231.78,5.467e-1,,5.467e-1
231.83,4.413e-1,,4.413e-1
231.88,3.246e-1,,3.246e-1
231.93,2.177e-1,,2.177e-1
231.98,1.335e-1,,1.335e-1
232.03,7.561e-2,,7.561e-2
232.08,4.143e-2,,4.143e-2
232.13,2.573e-2,,2.573e-2
232.18,2.398e-2,,2.398e-2
232.23,3.381e-2,,3.381e-2
232.28,5.487e-2,,5.487e-2
232.33,8.753e-2,,8.753e-2
232.38,1.310e-1,,1.310e-1
232.43,1.816e-1,,1.816e-1
232.48,2.318e-1,,2.318e-1
232.53,2.716e-1,,2.716e-1
232.58,2.917e-1,,2.917e-1
232.63,2.867e-1,,2.867e-1
232.68,2.575e-1,,2.575e-1
232.73,2.112e-1,,2.112e-1
232.78,1.582e-1,,1.582e-1
232.83,1.081e-1,,1.081e-1
232.88,6.737e-2,,6.737e-2
232.93,3.830e-2,,3.830e-2
232.98,1.986e-2,,1.986e-2
233.03,9.392e-3,,9.392e-3
233.08,4.052e-3,,4.052e-3
233.13,1.600e-3,,1.600e-3
233.18,5.852e-4,,5.852e-4
233.23,2.118e-4,,2.118e-4
233.28,9.914e-5,,9.914e-5
233.33,9.704e-5,,9.704e-5
233.38,1.866e-4,,1.866e-4
233.43,4.719e-4,,4.719e-4
233.48,1.270e-3,,1.270e-3
233.53,3.316e-3,,3.316e-3
233.58,8.085e-3,,8.085e-3
233.63,1.814e-2,,1.814e-2
233.68,3.726e-2,,3.726e-2
233.73,6.992e-2,,6.992e-2
233.78,1.198e-1,,1.198e-1
233.83,1.875e-1,,1.875e-1
233.88,2.679e-1,,2.679e-1
233.93,3.495e-1,,3.495e-1
233.98,4.163e-1,,4.163e-1
234.03,4.531e-1,,4.531e-1
234.08,4.506e-1,,4.506e-1
234.13,4.097e-1,,4.097e-1
234.18,3.408e-1,,3.408e-1
234.23,2.597e-1,,2.597e-1
234.28,1.815e-1,,1.815e-1
234.33,1.166e-1,,1.166e-1
234.38,6.907e-2,,6.907e-2
234.43,3.785e-2,,3.785e-2
234.48,1.928e-2,,1.928e-2
234.53,9.180e-3,,9.180e-3
234.58,4.121e-3,,4.121e-3
234.63,1.788e-3,,1.788e-3
234.68,8.394e-4,,8.394e-4
234.73,6.134e-4,,6.134e-4
234.78,8.637e-4,,8.637e-4
234.83,1.595e-3,,1.595e-3
234.88,2.975e-3,,2.975e-3
234.93,5.299e-3,,5.299e-3
234.98,8.994e-3,,8.994e-3
235.03,1.463e-2,,1.463e-2
235.08,2.290e-2,,2.290e-2
235.13,3.447e-2,,3.447e-2
235.18,4.966e-2,,4.966e-2
235.23,6.795e-2,,6.795e-2
235.28,8.750e-2,,8.750e-2
235.33,1.053e-1,,1.053e-1
235.38,1.175e-1,,1.175e-1
235.43,1.213e-1,,1.213e-1
235.48,1.154e-1,,1.154e-1
235.53,1.012e-1,,1.012e-1
235.58,8.203e-2,,8.203e-2
235.63,6.206e-2,,6.206e-2
235.68,4.477e-2,,4.477e-2
235.73,3.210e-2,,3.210e-2
235.78,2.422e-2,,2.422e-2
235.83,2.006e-2,,2.006e-2
235.88,1.802e-2,,1.802e-2
235.93,1.668e-2,,1.668e-2
235.98,1.523e-2,,1.523e-2
236.03,1.359e-2,,1.359e-2
236.08,1.227e-2,,1.227e-2
236.13,1.210e-2,,1.210e-2
236.18,1.387e-2,,1.387e-2
236.23,1.803e-2,,1.803e-2
236.28,2.443e-2,,2.443e-2
236.33,3.213e-2,,3.213e-2
236.38,3.961e-2,,3.961e-2
236.43,4.506e-2,,4.506e-2
236.48,4.704e-2,,4.704e-2
236.53,4.497e-2,,4.497e-2
236.58,3.933e-2,,3.933e-2
236.63,3.147e-2,,3.147e-2
236.68,2.303e-2,,2.303e-2
236.73,1.541e-2,,1.541e-2
236.78,9.432e-3,,9.432e-3
236.83,5.280e-3,,5.280e-3
236.88,2.704e-3,,2.704e-3
236.93,1.266e-3,,1.266e-3
236.98,5.424e-4,,5.424e-4
237.03,2.125e-4,,2.125e-4
237.08,7.619e-5,,7.619e-5
237.13,2.499e-5,,2.499e-5
237.18,7.520e-6,,7.520e-6
237.23,2.156e-6,,2.156e-6
237.28,8.908e-7,,8.908e-7
237.33,1.417e-6,,1.417e-6
237.38,4.150e-6,,4.150e-6
237.43,1.201e-5,,1.201e-5
237.48,3.197e-5,,3.197e-5
237.53,7.797e-5,,7.797e-5
237.58,1.741e-4,,1.741e-4
237.63,3.558e-4,,3.558e-4
237.68,6.659e-4,,6.659e-4
237.73,1.141e-3,,1.141e-3
237.78,1.789e-3,,1.789e-3
237.83,2.570e-3,,2.570e-3
237.88,3.378e-3,,3.378e-3
237.93,4.066e-3,,4.066e-3
237.98,4.481e-3,,4.481e-3
238.03,4.521e-3,,4.521e-3
238.08,4.175e-3,,4.175e-3
238.13,3.531e-3,,3.531e-3
238.18,2.733e-3,,2.733e-3
238.23,1.937e-3,,1.937e-3
238.28,1.257e-3,,1.257e-3
238.33,7.468e-4,,7.468e-4
238.38,4.062e-4,,4.062e-4
238.43,2.023e-4,,2.023e-4
238.48,9.221e-5,,9.221e-5
238.53,3.850e-5,,3.850e-5
238.58,1.477e-5,,1.477e-5
238.63,5.406e-6,,5.406e-6
238.68,2.599e-6,,2.599e-6
238.73,3.689e-6,,3.689e-6
238.78,1.015e-5,,1.015e-5
238.83,2.910e-5,,2.910e-5
238.88,7.827e-5,,7.827e-5
238.93,1.955e-4,,1.955e-4
238.98,4.529e-4,,4.529e-4
239.03,9.721e-4,,9.721e-4
239.08,1.931e-3,,1.931e-3
239.13,3.547e-3,,3.547e-3
239.18,6.018e-3,,6.018e-3
239.23,9.420e-3,,9.420e-3
239.28,1.359e-2,,1.359e-2
239.33,1.806e-2,,1.806e-2
239.38,2.209e-2,,2.209e-2
239.43,2.487e-2,,2.487e-2
239.48,2.578e-2,,2.578e-2
239.53,2.469e-2,,2.469e-2
239.58,2.201e-2,,2.201e-2
239.63,1.860e-2,,1.860e-2
239.68,1.546e-2,,1.546e-2
239.73,1.343e-2,,1.343e-2
239.78,1.292e-2,,1.292e-2
239.83,1.381e-2,,1.381e-2
239.88,1.552e-2,,1.552e-2
239.93,1.724e-2,,1.724e-2
239.98,1.817e-2,,1.817e-2
240.03,1.783e-2,,1.783e-2
240.08,1.614e-2,,1.614e-2
240.13,1.343e-2,,1.343e-2
240.18,1.025e-2,,1.025e-2
240.23,7.180e-3,,7.180e-3
240.28,4.611e-3,,4.611e-3
240.33,2.715e-3,,2.715e-3
240.38,1.466e-3,,1.466e-3
240.43,7.259e-4,,7.259e-4
240.48,3.299e-4,,3.299e-4
240.53,1.388e-4,,1.388e-4
240.58,5.725e-5,,5.725e-5
240.63,3.144e-5,,3.144e-5
240.68,3.809e-5,,3.809e-5
240.73,7.453e-5,,7.453e-5
240.78,1.522e-4,,1.522e-4
240.83,2.922e-4,,2.922e-4
240.88,5.194e-4,,5.194e-4
240.93,8.554e-4,,8.554e-4
240.98,1.310e-3,,1.310e-3
241.03,1.874e-3,,1.874e-3
241.08,2.522e-3,,2.522e-3
241.13,3.223e-3,,3.223e-3
241.18,3.947e-3,,3.947e-3
241.23,4.666e-3,,4.666e-3
241.28,5.344e-3,,5.344e-3
241.33,5.918e-3,,5.918e-3
241.38,6.294e-3,,6.294e-3
241.43,6.371e-3,,6.371e-3
241.48,6.081e-3,,6.081e-3
241.53,5.429e-3,,5.429e-3
241.58,4.505e-3,,4.505e-3
241.63,3.461e-3,,3.461e-3
241.68,2.454e-3,,2.454e-3
241.73,1.604e-3,,1.604e-3
241.78,9.692e-4,,9.692e-4
241.83,5.497e-4,,5.497e-4
241.88,3.161e-4,,3.161e-4
241.93,2.368e-4,,2.368e-4
241.98,3.052e-4,,3.052e-4
242.03,5.599e-4,,5.599e-4
242.08,1.103e-3,,1.103e-3
242.13,2.121e-3,,2.121e-3
242.18,3.907e-3,,3.907e-3
242.23,6.900e-3,,6.900e-3
242.28,1.173e-2,,1.173e-2
242.33,1.924e-2,,1.924e-2
242.38,3.048e-2,,3.048e-2
242.43,4.654e-2,,4.654e-2
242.48,6.812e-2,,6.812e-2
242.53,9.492e-2,,9.492e-2
242.58,1.250e-1,,1.250e-1
242.63,1.546e-1,,1.546e-1
242.68,1.786e-1,,1.786e-1
242.73,1.919e-1,,1.919e-1
242.78,1.911e-1,,1.911e-1
242.83,1.760e-1,,1.760e-1
242.88,1.497e-1,,1.497e-1
242.93,1.174e-1,,1.174e-1
242.98,8.481e-2,,8.481e-2
243.03,5.642e-2,,5.642e-2
243.08,3.455e-2,,3.455e-2
243.13,1.946e-2,,1.946e-2
243.18,1.008e-2,,1.008e-2
243.23,4.800e-3,,4.800e-3
243.28,2.102e-3,,2.102e-3
243.33,8.458e-4,,8.458e-4
243.38,3.128e-4,,3.128e-4
243.43,1.063e-4,,1.063e-4
243.48,3.321e-5,,3.321e-5
243.53,9.531e-6,,9.531e-6
243.58,2.513e-6,,2.513e-6
243.63,6.090e-7,,6.090e-7
243.68,1.356e-7,,1.356e-7
243.73,2.773e-8,,2.773e-8
243.78,5.210e-9,,5.210e-9
243.83,8.995e-10,,8.995e-10
243.88,1.427e-10,,1.427e-10
243.93,2.086e-11,,2.086e-11
243.98,3.318e-12,,3.318e-12
244.03,3.941e-12,,3.941e-12
244.08,2.229e-11,,2.229e-11
244.13,1.267e-10,,1.267e-10
244.18,6.632e-10,,6.632e-10
244.23,3.196e-9,,3.196e-9
244.28,1.417e-8,,1.417e-8
244.33,5.782e-8,,5.782e-8
244.38,2.171e-7,,2.171e-7
244.43,7.501e-7,,7.501e-7
244.48,2.385e-6,,2.385e-6
244.53,6.982e-6,,6.982e-6
244.58,1.882e-5,,1.882e-5
244.63,4.675e-5,,4.675e-5
244.68,1.072e-4,,1.072e-4
244.73,2.277e-4,,2.277e-4
244.78,4.505e-4,,4.505e-4
244.83,8.403e-4,,8.403e-4
244.88,1.508e-3,,1.508e-3
244.93,2.680e-3,,2.680e-3
244.98,4.871e-3,,4.871e-3
245.03,9.223e-3,,9.223e-3
245.08,1.802e-2,,1.802e-2
245.13,3.530e-2,,3.530e-2
245.18,6.713e-2,,6.713e-2
245.23,1.211e-1,,1.211e-1
245.28,2.043e-1,,2.043e-1
245.33,3.198e-1,,3.198e-1
245.38,4.625e-1,,4.625e-1
245.43,6.171e-1,,6.171e-1
245.48,7.585e-1,,7.585e-1
245.53,8.585e-1,,8.585e-1
245.58,8.947e-1,,8.947e-1
245.63,8.583e-1,,8.583e-1
245.68,7.581e-1,,7.581e-1
245.73,6.166e-1,,6.166e-1
245.78,4.622e-1,,4.622e-1
245.83,3.200e-1,,3.200e-1
245.88,2.059e-1,,2.059e-1
245.93,1.253e-1,,1.253e-1
245.98,7.509e-2,,7.509e-2
246.03,4.811e-2,,4.811e-2
246.08,3.612e-2,,3.612e-2
246.13,3.214e-2,,3.214e-2
246.18,3.121e-2,,3.121e-2
246.23,3.043e-2,,3.043e-2
246.28,2.861e-2,,2.861e-2
246.33,2.577e-2,,2.577e-2
246.38,2.253e-2,,2.253e-2
246.43,1.962e-2,,1.962e-2
246.48,1.750e-2,,1.750e-2
246.53,1.617e-2,,1.617e-2
246.58,1.528e-2,,1.528e-2
246.63,1.435e-2,,1.435e-2
246.68,1.302e-2,,1.302e-2
246.73,1.118e-2,,1.118e-2
246.78,8.971e-3,,8.971e-3
246.83,6.680e-3,,6.680e-3
246.88,4.601e-3,,4.601e-3
246.93,2.932e-3,,2.932e-3
246.98,1.754e-3,,1.754e-3
247.03,1.071e-3,,1.071e-3
247.08,9.232e-4,,9.232e-4
247.13,1.559e-3,,1.559e-3
247.18,3.703e-3,,3.703e-3
247.23,8.962e-3,,8.962e-3
247.28,2.034e-2,,2.034e-2
247.33,4.266e-2,,4.266e-2
247.38,8.252e-2,,8.252e-2
247.43,1.472e-1,,1.472e-1
247.48,2.419e-1,,2.419e-1
247.53,3.665e-1,,3.665e-1
247.58,5.119e-1,,5.119e-1
247.63,6.590e-1,,6.590e-1
247.68,7.821e-1,,7.821e-1
247.73,8.555e-1,,8.555e-1
247.78,8.627e-1,,8.627e-1
247.83,8.020e-1,,8.020e-1
247.88,6.875e-1,,6.875e-1
247.93,5.439e-1,,5.439e-1
247.98,3.982e-1,,3.982e-1
248.03,2.725e-1,,2.725e-1
248.08,1.802e-1,,1.802e-1
248.13,1.262e-1,,1.262e-1
248.18,1.100e-1,,1.100e-1
248.23,1.284e-1,,1.284e-1
248.28,1.765e-1,,1.765e-1
248.33,2.470e-1,,2.470e-1
248.38,3.290e-1,,3.290e-1
248.43,4.079e-1,,4.079e-1
248.48,4.676e-1,,4.676e-1
248.53,4.947e-1,,4.947e-1
248.58,4.828e-1,,4.828e-1
248.63,4.346e-1,,4.346e-1
248.68,3.608e-1,,3.608e-1
248.73,2.762e-1,,2.762e-1
248.78,1.951e-1,,1.951e-1
248.83,1.272e-1,,1.272e-1
248.88,7.667e-2,,7.667e-2
248.93,4.320e-2,,4.320e-2
248.98,2.380e-2,,2.380e-2
249.03,1.506e-2,,1.506e-2
249.08,1.451e-2,,1.451e-2
249.13,2.109e-2,,2.109e-2
249.18,3.489e-2,,3.489e-2
249.23,5.633e-2,,5.633e-2
249.28,8.508e-2,,8.508e-2
249.33,1.192e-1,,1.192e-1
249.38,1.546e-1,,1.546e-1
249.43,1.858e-1,,1.858e-1
249.48,2.071e-1,,2.071e-1
249.53,2.144e-1,,2.144e-1
249.58,2.066e-1,,2.066e-1
249.63,1.857e-1,,1.857e-1
249.68,1.560e-1,,1.560e-1
249.73,1.230e-1,,1.230e-1
249.78,9.114e-2,,9.114e-2
249.83,6.369e-2,,6.369e-2
249.88,4.209e-2,,4.209e-2
249.93,2.641e-2,,2.641e-2
249.98,1.584e-2,,1.584e-2
250.03,9.234e-3,,9.234e-3
250.08,5.409e-3,,5.409e-3
250.13,3.364e-3,,3.364e-3
250.18,2.341e-3,,2.341e-3
250.23,1.828e-3,,1.828e-3
250.28,1.517e-3,,1.517e-3
250.33,1.259e-3,,1.259e-3
250.38,1.005e-3,,1.005e-3
250.43,7.636e-4,,7.636e-4
250.48,5.692e-4,,5.692e-4
250.53,4.759e-4,,4.759e-4
250.58,5.697e-4,,5.697e-4
250.63,1.004e-3,,1.004e-3
250.68,2.049e-3,,2.049e-3
250.73,4.126e-3,,4.126e-3
250.78,7.804e-3,,7.804e-3
250.83,1.368e-2,,1.368e-2
250.88,2.219e-2,,2.219e-2
250.93,3.324e-2,,3.324e-2
250.98,4.600e-2,,4.600e-2
251.03,5.882e-2,,5.882e-2
251.08,6.947e-2,,6.947e-2
251.13,7.580e-2,,7.580e-2
251.18,7.640e-2,,7.640e-2
251.23,7.114e-2,,7.114e-2
251.28,6.120e-2,,6.120e-2
251.33,4.863e-2,,4.863e-2
251.38,3.570e-2,,3.570e-2
251.43,2.421e-2,,2.421e-2
251.48,1.517e-2,,1.517e-2
251.53,8.781e-3,,8.781e-3
251.58,4.703e-3,,4.703e-3
251.63,2.341e-3,,2.341e-3
251.68,1.105e-3,,1.105e-3
251.73,5.374e-4,,5.374e-4
251.78,3.477e-4,,3.477e-4
251.83,3.972e-4,,3.972e-4
251.88,6.954e-4,,6.954e-4
251.93,1.448e-3,,1.448e-3
251.98,3.200e-3,,3.200e-3
252.03,7.087e-3,,7.087e-3
252.08,1.518e-2,,1.518e-2
252.13,3.078e-2,,3.078e-2
252.18,5.837e-2,,5.837e-2
252.23,1.029e-1,,1.029e-1
252.28,1.682e-1,,1.682e-1
252.33,2.546e-1,,2.546e-1
252.38,3.565e-1,,3.565e-1
252.43,4.616e-1,,4.616e-1
252.48,5.527e-1,,5.527e-1
252.53,6.119e-1,,6.119e-1
252.58,6.265e-1,,6.265e-1
252.63,5.930e-1,,5.930e-1
252.68,5.191e-1,,5.191e-1
252.73,4.201e-1,,4.201e-1
252.78,3.144e-1,,3.144e-1
252.83,2.177e-1,,2.177e-1
252.88,1.396e-1,,1.396e-1
252.93,8.320e-2,,8.320e-2
252.98,4.669e-2,,4.669e-2
253.03,2.561e-2,,2.561e-2
253.08,1.509e-2,,1.509e-2
253.13,1.102e-2,,1.102e-2
253.18,1.041e-2,,1.041e-2
253.23,1.127e-2,,1.127e-2
253.28,1.235e-2,,1.235e-2
253.33,1.294e-2,,1.294e-2
253.38,1.275e-2,,1.275e-2
253.43,1.183e-2,,1.183e-2
253.48,1.051e-2,,1.051e-2
253.53,9.214e-3,,9.214e-3
253.58,8.375e-3,,8.375e-3
253.63,8.245e-3,,8.245e-3
253.68,8.839e-3,,8.839e-3
253.73,9.937e-3,,9.937e-3
253.78,1.115e-2,,1.115e-2
253.83,1.206e-2,,1.206e-2
253.88,1.232e-2,,1.232e-2
253.93,1.178e-2,,1.178e-2
253.98,1.052e-2,,1.052e-2
254.03,8.767e-3,,8.767e-3
254.08,6.832e-3,,6.832e-3
254.13,5.011e-3,,5.011e-3
254.18,3.512e-3,,3.512e-3
254.23,2.443e-3,,2.443e-3
254.28,1.820e-3,,1.820e-3
254.33,1.602e-3,,1.602e-3
254.38,1.711e-3,,1.711e-3
254.43,2.046e-3,,2.046e-3
254.48,2.494e-3,,2.494e-3
254.53,2.941e-3,,2.941e-3
254.58,3.296e-3,,3.296e-3
254.63,3.520e-3,,3.520e-3
254.68,3.648e-3,,3.648e-3
254.73,3.790e-3,,3.790e-3
254.78,4.099e-3,,4.099e-3
254.83,4.717e-3,,4.717e-3
254.88,5.712e-3,,5.712e-3
254.93,7.029e-3,,7.029e-3
254.98,8.488e-3,,8.488e-3
255.03,9.827e-3,,9.827e-3
255.08,1.079e-2,,1.079e-2
255.13,1.124e-2,,1.124e-2
255.18,1.116e-2,,1.116e-2
255.23,1.070e-2,,1.070e-2
255.28,1.008e-2,,1.008e-2
255.33,9.455e-3,,9.455e-3
255.38,8.918e-3,,8.918e-3
255.43,8.442e-3,,8.442e-3
255.48,7.960e-3,,7.960e-3
255.53,7.453e-3,,7.453e-3
255.58,7.016e-3,,7.016e-3
255.63,6.877e-3,,6.877e-3
255.68,7.349e-3,,7.349e-3
255.73,8.725e-3,,8.725e-3
255.78,1.116e-2,,1.116e-2
255.83,1.454e-2,,1.454e-2
255.88,1.846e-2,,1.846e-2
255.93,2.223e-2,,2.223e-2
255.98,2.509e-2,,2.509e-2
256.03,2.635e-2,,2.635e-2
256.08,2.571e-2,,2.571e-2
256.13,2.326e-2,,2.326e-2
256.18,1.951e-2,,1.951e-2
256.23,1.518e-2,,1.518e-2
256.28,1.096e-2,,1.096e-2
256.33,7.371e-3,,7.371e-3
256.38,4.685e-3,,4.685e-3
256.43,2.941e-3,,2.941e-3
256.48,2.047e-3,,2.047e-3
256.53,1.863e-3,,1.863e-3
256.58,2.264e-3,,2.264e-3
256.63,3.157e-3,,3.157e-3
256.68,4.498e-3,,4.498e-3
256.73,6.311e-3,,6.311e-3
256.78,8.744e-3,,8.744e-3
256.83,1.215e-2,,1.215e-2
256.88,1.714e-2,,1.714e-2
256.93,2.452e-2,,2.452e-2
256.98,3.512e-2,,3.512e-2
257.03,4.935e-2,,4.935e-2
257.08,6.681e-2,,6.681e-2
257.13,8.594e-2,,8.594e-2
257.18,1.041e-1,,1.041e-1
257.23,1.180e-1,,1.180e-1
257.28,1.249e-1,,1.249e-1
257.33,1.232e-1,,1.232e-1
257.38,1.130e-1,,1.130e-1
257.43,9.647e-2,,9.647e-2
257.48,7.662e-2,,7.662e-2
257.53,5.662e-2,,5.662e-2
257.58,3.896e-2,,3.896e-2
257.63,2.499e-2,,2.499e-2
257.68,1.495e-2,,1.495e-2
257.73,8.362e-3,,8.362e-3
257.78,4.379e-3,,4.379e-3
257.83,2.153e-3,,2.153e-3
257.88,9.960e-4,,9.960e-4
257.93,4.348e-4,,4.348e-4
257.98,1.796e-4,,1.796e-4
258.03,7.029e-5,,7.029e-5
258.08,2.613e-5,,2.613e-5
258.13,9.281e-6,,9.281e-6
258.18,3.304e-6,,3.304e-6
258.23,1.624e-6,,1.624e-6
258.28,2.048e-6,,2.048e-6
258.33,4.531e-6,,4.531e-6
258.38,1.057e-5,,1.057e-5
258.43,2.349e-5,,2.349e-5
258.48,4.919e-5,,4.919e-5
258.53,9.722e-5,,9.722e-5
258.58,1.819e-4,,1.819e-4
258.63,3.228e-4,,3.228e-4
258.68,5.444e-4,,5.444e-4
258.73,8.734e-4,,8.734e-4
258.78,1.332e-3,,1.332e-3
258.83,1.930e-3,,1.930e-3
258.88,2.653e-3,,2.653e-3
258.93,3.459e-3,,3.459e-3
258.98,4.292e-3,,4.292e-3
259.03,5.127e-3,,5.127e-3
259.08,6.046e-3,,6.046e-3
259.13,7.368e-3,,7.368e-3
259.18,9.779e-3,,9.779e-3
259.23,1.445e-2,,1.445e-2
259.28,2.300e-2,,2.300e-2
259.33,3.734e-2,,3.734e-2
259.38,5.910e-2,,5.910e-2
259.43,8.894e-2,,8.894e-2
259.48,1.258e-1,,1.258e-1
259.53,1.666e-1,,1.666e-1
259.58,2.065e-1,,2.065e-1
259.63,2.402e-1,,2.402e-1
259.68,2.635e-1,,2.635e-1
259.73,2.747e-1,,2.747e-1
259.78,2.752e-1,,2.752e-1
259.83,2.679e-1,,2.679e-1
259.88,2.562e-1,,2.562e-1
259.93,2.422e-1,,2.422e-1
259.98,2.261e-1,,2.261e-1
260.03,2.068e-1,,2.068e-1
260.08,1.833e-1,,1.833e-1
260.13,1.559e-1,,1.559e-1
260.18,1.262e-1,,1.262e-1
260.23,9.709e-2,,9.709e-2
260.28,7.130e-2,,7.130e-2
260.33,5.080e-2,,5.080e-2
260.38,3.627e-2,,3.627e-2
260.43,2.732e-2,,2.732e-2
260.48,2.305e-2,,2.305e-2
260.53,2.270e-2,,2.270e-2
260.58,2.610e-2,,2.610e-2
260.63,3.379e-2,,3.379e-2
260.68,4.671e-2,,4.671e-2
260.73,6.556e-2,,6.556e-2
260.78,9.002e-2,,9.002e-2
260.83,1.181e-1,,1.181e-1
260.88,1.461e-1,,1.461e-1
260.93,1.692e-1,,1.692e-1
260.98,1.828e-1,,1.828e-1
261.03,1.839e-1,,1.839e-1
261.08,1.722e-1,,1.722e-1
261.13,1.501e-1,,1.501e-1
261.18,1.219e-1,,1.219e-1
261.23,9.257e-2,,9.257e-2
261.28,6.619e-2,,6.619e-2
261.33,4.524e-2,,4.524e-2
261.38,3.046e-2,,3.046e-2
261.43,2.124e-2,,2.124e-2
261.48,1.620e-2,,1.620e-2
261.53,1.380e-2,,1.380e-2
261.58,1.273e-2,,1.273e-2
261.63,1.207e-2,,1.207e-2
261.68,1.130e-2,,1.130e-2
261.73,1.024e-2,,1.024e-2
261.78,8.939e-3,,8.939e-3
261.83,7.524e-3,,7.524e-3
261.88,6.134e-3,,6.134e-3
261.93,4.865e-3,,4.865e-3
261.98,3.764e-3,,3.764e-3
262.03,2.836e-3,,2.836e-3
262.08,2.073e-3,,2.073e-3
262.13,1.466e-3,,1.466e-3
262.18,1.011e-3,,1.011e-3
262.23,7.249e-4,,7.249e-4
262.28,6.722e-4,,6.722e-4
262.33,1.052e-3,,1.052e-3
262.38,2.367e-3,,2.367e-3
262.44,6.836e-3,,6.836e-3
262.49,1.580e-2,,1.580e-2
262.54,3.416e-2,,3.416e-2
262.59,6.882e-2,,6.882e-2
262.64,1.290e-1,,1.290e-1
262.69,2.250e-1,,2.250e-1
262.74,3.652e-1,,3.652e-1
262.79,5.513e-1,,5.513e-1
262.84,7.743e-1,,7.743e-1
262.89,1.012e+0,,1.012e+0
262.94,1.230e+0,,1.230e+0
262.99,1.391e+0,,1.391e+0
263.04,1.463e+0,,1.463e+0
263.09,1.432e+0,,1.432e+0
263.14,1.304e+0,,1.304e+0
263.19,1.105e+0,,1.105e+0
263.24,8.721e-1,,8.721e-1
263.29,6.407e-1,,6.407e-1
263.34,4.387e-1,,4.387e-1
263.39,2.804e-1,,2.804e-1
263.44,1.676e-1,,1.676e-1
263.49,9.414e-2,,9.414e-2
263.54,5.008e-2,,5.008e-2
263.59,2.562e-2,,2.562e-2
263.64,1.299e-2,,1.299e-2
263.69,6.935e-3,,6.935e-3
263.74,4.345e-3,,4.345e-3
263.79,3.575e-3,,3.575e-3
263.84,3.850e-3,,3.850e-3
263.89,4.835e-3,,4.835e-3
263.94,6.382e-3,,6.382e-3
263.99,8.386e-3,,8.386e-3
264.04,1.071e-2,,1.071e-2
264.09,1.318e-2,,1.318e-2
264.14,1.556e-2,,1.556e-2
264.19,1.763e-2,,1.763e-2
264.24,1.928e-2,,1.928e-2
264.29,2.051e-2,,2.051e-2
264.34,2.146e-2,,2.146e-2
264.39,2.233e-2,,2.233e-2
264.44,2.324e-2,,2.324e-2
264.49,2.419e-2,,2.419e-2
264.54,2.503e-2,,2.503e-2
264.59,2.558e-2,,2.558e-2
264.64,2.581e-2,,2.581e-2
264.69,2.592e-2,,2.592e-2
264.74,2.641e-2,,2.641e-2
264.79,2.787e-2,,2.787e-2
264.84,3.077e-2,,3.077e-2
264.89,3.518e-2,,3.518e-2
264.94,4.066e-2,,4.066e-2
264.99,4.625e-2,,4.625e-2
265.04,5.076e-2,,5.076e-2
265.09,5.308e-2,,5.308e-2
265.14,5.252e-2,,5.252e-2
265.19,4.902e-2,,4.902e-2
265.24,4.311e-2,,4.311e-2
265.29,3.573e-2,,3.573e-2
265.34,2.799e-2,,2.799e-2
265.39,2.084e-2,,2.084e-2
265.44,1.493e-2,,1.493e-2
265.49,1.055e-2,,1.055e-2
265.54,7.652e-3,,7.652e-3
265.59,5.962e-3,,5.962e-3
265.64,5.122e-3,,5.122e-3
265.69,4.774e-3,,4.774e-3
265.74,4.625e-3,,4.625e-3
265.79,4.472e-3,,4.472e-3
265.84,4.204e-3,,4.204e-3
265.89,3.788e-3,,3.788e-3
265.94,3.247e-3,,3.247e-3
265.99,2.636e-3,,2.636e-3
266.04,2.022e-3,,2.022e-3
266.09,1.462e-3,,1.462e-3
266.14,9.959e-4,,9.959e-4
266.19,6.405e-4,,6.405e-4
266.24,3.955e-4,,3.955e-4
266.29,2.506e-4,,2.506e-4
266.34,1.964e-4,,1.964e-4
266.39,2.327e-4,,2.327e-4
266.44,3.749e-4,,3.749e-4
266.49,6.545e-4,,6.545e-4
266.54,1.114e-3,,1.114e-3
266.59,1.796e-3,,1.796e-3
266.64,2.725e-3,,2.725e-3
266.69,3.892e-3,,3.892e-3
266.74,5.241e-3,,5.241e-3
266.79,6.673e-3,,6.673e-3
266.84,8.058e-3,,8.058e-3
266.89,9.261e-3,,9.261e-3
266.94,1.017e-2,,1.017e-2
266.99,1.070e-2,,1.070e-2
267.04,1.081e-2,,1.081e-2
267.09,1.051e-2,,1.051e-2
267.14,9.828e-3,,9.828e-3
267.19,8.829e-3,,8.829e-3
267.24,7.617e-3,,7.617e-3
267.29,6.321e-3,,6.321e-3
267.34,5.081e-3,,5.081e-3
267.39,4.028e-3,,4.028e-3
267.44,3.263e-3,,3.263e-3
267.49,2.843e-3,,2.843e-3
267.54,2.787e-3,,2.787e-3
267.59,3.087e-3,,3.087e-3
267.64,3.731e-3,,3.731e-3
267.69,4.723e-3,,4.723e-3
267.74,6.098e-3,,6.098e-3
267.79,7.921e-3,,7.921e-3
267.84,1.027e-2,,1.027e-2
267.89,1.317e-2,,1.317e-2
267.94,1.658e-2,,1.658e-2
267.99,2.026e-2,,2.026e-2
268.04,2.382e-2,,2.382e-2
268.09,2.675e-2,,2.675e-2
268.14,2.853e-2,,2.853e-2
268.19,2.880e-2,,2.880e-2
268.24,2.747e-2,,2.747e-2
268.29,2.478e-2,,2.478e-2
268.34,2.127e-2,,2.127e-2
268.39,1.753e-2,,1.753e-2
268.44,1.412e-2,,1.412e-2
268.49,1.138e-2,,1.138e-2
268.54,9.413e-3,,9.413e-3
268.59,8.094e-3,,8.094e-3
268.64,7.195e-3,,7.195e-3
268.69,6.482e-3,,6.482e-3
268.74,5.793e-3,,5.793e-3
268.79,5.062e-3,,5.062e-3
268.84,4.307e-3,,4.307e-3
268.89,3.587e-3,,3.587e-3
268.94,2.963e-3,,2.963e-3
268.99,2.467e-3,,2.467e-3
269.04,2.097e-3,,2.097e-3
269.09,1.825e-3,,1.825e-3
269.14,1.611e-3,,1.611e-3
269.19,1.419e-3,,1.419e-3
269.24,1.228e-3,,1.228e-3
269.29,1.037e-3,,1.037e-3
269.34,8.689e-4,,8.689e-4
269.39,7.760e-4,,7.760e-4
269.44,8.530e-4,,8.530e-4
269.49,1.266e-3,,1.266e-3
269.54,2.296e-3,,2.296e-3
269.59,4.386e-3,,4.386e-3
269.64,8.163e-3,,8.163e-3
269.69,1.441e-2,,1.441e-2
269.74,2.390e-2,,2.390e-2
269.79,3.718e-2,,3.718e-2
269.84,5.419e-2,,5.419e-2
269.89,7.398e-2,,7.398e-2
269.94,9.458e-2,,9.458e-2
269.99,1.132e-1,,1.132e-1
270.04,1.270e-1,,1.270e-1
270.09,1.333e-1,,1.333e-1
270.14,1.312e-1,,1.312e-1
270.19,1.212e-1,,1.212e-1
270.24,1.054e-1,,1.054e-1
270.29,8.689e-2,,8.689e-2
270.34,6.889e-2,,6.889e-2
270.39,5.389e-2,,5.389e-2
270.44,4.324e-2,,4.324e-2
270.49,3.704e-2,,3.704e-2
270.54,3.438e-2,,3.438e-2
270.59,3.378e-2,,3.378e-2
270.64,3.369e-2,,3.369e-2
270.69,3.290e-2,,3.290e-2
270.74,3.076e-2,,3.076e-2
270.79,2.719e-2,,2.719e-2
270.84,2.263e-2,,2.263e-2
270.89,1.770e-2,,1.770e-2
270.94,1.302e-2,,1.302e-2
270.99,9.054e-3,,9.054e-3
271.04,5.987e-3,,5.987e-3
271.09,3.806e-3,,3.806e-3
271.14,2.363e-3,,2.363e-3
271.19,1.458e-3,,1.458e-3
271.24,9.090e-4,,9.090e-4
271.29,5.762e-4,,5.762e-4
271.34,3.694e-4,,3.694e-4
271.39,2.359e-4,,2.359e-4
271.44,1.476e-4,,1.476e-4
271.49,8.907e-5,,8.907e-5
271.54,5.132e-5,,5.132e-5
271.59,2.803e-5,,2.803e-5
271.64,1.446e-5,,1.446e-5
271.69,7.019e-6,,7.019e-6
271.74,3.204e-6,,3.204e-6
271.79,1.374e-6,,1.374e-6
271.84,5.527e-7,,5.527e-7
271.89,2.086e-7,,2.086e-7
271.94,7.379e-8,,7.379e-8
271.99,2.447e-8,,2.447e-8
272.04,7.601e-9,,7.601e-9
272.09,2.211e-9,,2.211e-9
272.14,6.024e-10,,6.024e-10
272.19,1.536e-10,,1.536e-10
272.24,3.666e-11,,3.666e-11
272.29,8.186e-12,,8.186e-12
272.34,1.710e-12,,1.710e-12
272.39,3.342e-13,,3.342e-13
272.44,6.107e-14,,6.107e-14
272.49,1.046e-14,,1.046e-14
272.54,1.854e-15,,1.854e-15
272.59,1.632e-15,,1.632e-15
272.64,9.632e-15,,9.632e-15
272.69,6.230e-14,,6.230e-14
272.74,3.783e-13,,3.783e-13
272.79,2.150e-12,,2.150e-12
272.84,1.143e-11,,1.143e-11
272.89,5.684e-11,,5.684e-11
272.94,2.645e-10,,2.645e-10
272.99,1.151e-9,,1.151e-9
273.04,4.690e-9,,4.690e-9
273.09,1.788e-8,,1.788e-8
273.14,6.374e-8,,6.374e-8
273.19,2.126e-7,,2.126e-7
273.24,6.637e-7,,6.637e-7
273.29,1.938e-6,,1.938e-6
273.34,5.295e-6,,5.295e-6
273.39,1.354e-5,,1.354e-5
273.44,3.237e-5,,3.237e-5
273.49,7.244e-5,,7.244e-5
273.54,1.516e-4,,1.516e-4
273.59,2.970e-4,,2.970e-4
273.64,5.443e-4,,5.443e-4
273.69,9.333e-4,,9.333e-4
273.74,1.497e-3,,1.497e-3
273.79,2.247e-3,,2.247e-3
273.84,3.155e-3,,3.155e-3
273.89,4.146e-3,,4.146e-3
273.94,5.097e-3,,5.097e-3
273.99,5.864e-3,,5.864e-3
274.04,6.318e-3,,6.318e-3
274.09,6.383e-3,,6.383e-3
274.14,6.070e-3,,6.070e-3
274.19,5.487e-3,,5.487e-3
274.24,4.831e-3,,4.831e-3
274.29,4.368e-3,,4.368e-3
274.34,4.404e-3,,4.404e-3
274.39,5.260e-3,,5.260e-3
274.44,7.234e-3,,7.234e-3
274.49,1.054e-2,,1.054e-2
274.54,1.521e-2,,1.521e-2
274.59,2.103e-2,,2.103e-2
274.64,2.746e-2,,2.746e-2
274.69,3.369e-2,,3.369e-2
274.74,3.875e-2,,3.875e-2
274.79,4.176e-2,,4.176e-2
274.84,4.218e-2,,4.218e-2
274.89,3.993e-2,,3.993e-2
274.94,3.547e-2,,3.547e-2
274.99,2.959e-2,,2.959e-2
275.04,2.321e-2,,2.321e-2
275.09,1.716e-2,,1.716e-2
275.14,1.200e-2,,1.200e-2
275.19,7.984e-3,,7.984e-3
275.24,5.109e-3,,5.109e-3
275.29,3.221e-3,,3.221e-3
275.34,2.107e-3,,2.107e-3
275.39,1.563e-3,,1.563e-3
275.44,1.422e-3,,1.422e-3
275.49,1.554e-3,,1.554e-3
275.54,1.852e-3,,1.852e-3
275.59,2.220e-3,,2.220e-3
275.64,2.566e-3,,2.566e-3
275.69,2.810e-3,,2.810e-3
275.74,2.895e-3,,2.895e-3
275.79,2.800e-3,,2.800e-3
275.84,2.541e-3,,2.541e-3
275.89,2.167e-3,,2.167e-3
275.94,1.745e-3,,1.745e-3
275.99,1.343e-3,,1.343e-3
276.04,1.016e-3,,1.016e-3
276.09,7.987e-4,,7.987e-4
276.14,7.012e-4,,7.012e-4
276.19,7.149e-4,,7.149e-4
276.24,8.155e-4,,8.155e-4
276.29,9.675e-4,,9.675e-4
276.34,1.130e-3,,1.130e-3
276.39,1.262e-3,,1.262e-3
276.44,1.331e-3,,1.331e-3
276.49,1.320e-3,,1.320e-3
276.54,1.227e-3,,1.227e-3
276.59,1.070e-3,,1.070e-3
276.64,8.767e-4,,8.767e-4
276.69,6.786e-4,,6.786e-4
276.74,5.075e-4,,5.075e-4
276.79,3.931e-4,,3.931e-4
276.84,3.683e-4,,3.683e-4
276.89,4.795e-4,,4.795e-4
276.94,7.995e-4,,7.995e-4
276.99,1.439e-3,,1.439e-3
277.04,2.548e-3,,2.548e-3
277.09,4.308e-3,,4.308e-3
277.14,6.900e-3,,6.900e-3
277.19,1.046e-2,,1.046e-2
277.24,1.502e-2,,1.502e-2
277.29,2.048e-2,,2.048e-2
277.34,2.656e-2,,2.656e-2
277.39,3.286e-2,,3.286e-2
277.44,3.892e-2,,3.892e-2
277.49,4.427e-2,,4.427e-2
277.54,4.858e-2,,4.858e-2
277.59,5.167e-2,,5.167e-2
277.64,5.355e-2,,5.355e-2
277.69,5.432e-2,,5.432e-2
277.74,5.409e-2,,5.409e-2
277.79,5.294e-2,,5.294e-2
277.84,5.081e-2,,5.081e-2
277.89,4.762e-2,,4.762e-2
277.94,4.333e-2,,4.333e-2
277.99,3.806e-2,,3.806e-2
278.04,3.215e-2,,3.215e-2
278.09,2.609e-2,,2.609e-2
278.14,2.045e-2,,2.045e-2
278.19,1.572e-2,,1.572e-2
278.24,1.228e-2,,1.228e-2
278.29,1.032e-2,,1.032e-2
278.34,9.920e-3,,9.920e-3
278.39,1.113e-2,,1.113e-2
278.44,1.398e-2,,1.398e-2
278.49,1.847e-2,,1.847e-2
278.54,2.447e-2,,2.447e-2
278.59,3.164e-2,,3.164e-2
278.64,3.931e-2,,3.931e-2
278.69,4.657e-2,,4.657e-2
278.74,5.235e-2,,5.235e-2
278.79,5.571e-2,,5.571e-2
278.84,5.611e-2,,5.611e-2
278.89,5.353e-2,,5.353e-2
278.94,4.852e-2,,4.852e-2
278.99,4.203e-2,,4.203e-2
279.04,3.509e-2,,3.509e-2
279.09,2.859e-2,,2.859e-2
279.14,2.309e-2,,2.309e-2
279.19,1.877e-2,,1.877e-2
279.24,1.554e-2,,1.554e-2
279.29,1.314e-2,,1.314e-2
279.34,1.126e-2,,1.126e-2
279.39,9.680e-3,,9.680e-3
279.44,8.245e-3,,8.245e-3
279.49,6.894e-3,,6.894e-3
279.54,5.629e-3,,5.629e-3
279.59,4.480e-3,,4.480e-3
279.64,3.492e-3,,3.492e-3
279.69,2.694e-3,,2.694e-3
279.74,2.096e-3,,2.096e-3
279.79,1.680e-3,,1.680e-3
279.84,1.408e-3,,1.408e-3
279.89,1.230e-3,,1.230e-3
279.94,1.098e-3,,1.098e-3
279.99,9.763e-4,,9.763e-4
280.04,8.456e-4,,8.456e-4
280.09,7.026e-4,,7.026e-4
280.14,5.555e-4,,5.555e-4
280.19,4.181e-4,,4.181e-4
280.24,3.061e-4,,3.061e-4
280.29,2.370e-4,,2.370e-4
280.34,2.377e-4,,2.377e-4
280.39,3.590e-4,,3.590e-4
280.44,7.005e-4,,7.005e-4
280.49,1.444e-3,,1.444e-3
280.54,2.891e-3,,2.891e-3
280.59,5.486e-3,,5.486e-3
280.64,9.812e-3,,9.812e-3
280.69,1.651e-2,,1.651e-2
280.74,2.614e-2,,2.614e-2
280.79,3.890e-2,,3.890e-2
280.84,5.441e-2,,5.441e-2
280.89,7.155e-2,,7.155e-2
280.94,8.843e-2,,8.843e-2
280.99,1.027e-1,,1.027e-1
281.04,1.121e-1,,1.121e-1
281.09,1.150e-1,,1.150e-1
281.14,1.110e-1,,1.110e-1
281.19,1.008e-1,,1.008e-1
281.24,8.651e-2,,8.651e-2
281.29,7.049e-2,,7.049e-2
281.34,5.523e-2,,5.523e-2
281.39,4.258e-2,,4.258e-2
281.44,3.353e-2,,3.353e-2
281.49,2.816e-2,,2.816e-2
281.54,2.583e-2,,2.583e-2
281.59,2.548e-2,,2.548e-2
281.64,2.594e-2,,2.594e-2
281.69,2.619e-2,,2.619e-2
281.74,2.556e-2,,2.556e-2
281.79,2.381e-2,,2.381e-2
281.84,2.106e-2,,2.106e-2
281.89,1.768e-2,,1.768e-2
281.94,1.417e-2,,1.417e-2
281.99,1.096e-2,,1.096e-2
282.04,8.347e-3,,8.347e-3
282.09,6.445e-3,,6.445e-3
282.14,5.210e-3,,5.210e-3
282.19,4.490e-3,,4.490e-3
282.24,4.089e-3,,4.089e-3
282.29,3.823e-3,,3.823e-3
282.34,3.558e-3,,3.558e-3
282.39,3.226e-3,,3.226e-3
282.44,2.822e-3,,2.822e-3
282.49,2.389e-3,,2.389e-3
282.54,1.992e-3,,1.992e-3
282.59,1.693e-3,,1.693e-3
282.64,1.533e-3,,1.533e-3
282.69,1.524e-3,,1.524e-3
282.74,1.645e-3,,1.645e-3
282.79,1.848e-3,,1.848e-3
282.84,2.070e-3,,2.070e-3
282.89,2.247e-3,,2.247e-3
282.94,2.329e-3,,2.329e-3
282.99,2.293e-3,,2.293e-3
283.04,2.146e-3,,2.146e-3
283.09,1.924e-3,,1.924e-3
283.14,1.680e-3,,1.680e-3
283.19,1.474e-3,,1.474e-3
283.24,1.361e-3,,1.361e-3
283.29,1.383e-3,,1.383e-3
283.34,1.570e-3,,1.570e-3
283.39,1.942e-3,,1.942e-3
283.44,2.506e-3,,2.506e-3
283.49,3.260e-3,,3.260e-3
283.54,4.177e-3,,4.177e-3
283.59,5.198e-3,,5.198e-3
283.64,6.227e-3,,6.227e-3
283.69,7.137e-3,,7.137e-3
283.74,7.792e-3,,7.792e-3
283.79,8.085e-3,,8.085e-3
283.84,7.971e-3,,7.971e-3
283.89,7.499e-3,,7.499e-3
283.94,6.820e-3,,6.820e-3
283.99,6.179e-3,,6.179e-3
284.04,5.885e-3,,5.885e-3
284.09,6.285e-3,,6.285e-3
284.14,7.717e-3,,7.717e-3
284.19,1.046e-2,,1.046e-2
284.24,1.465e-2,,1.465e-2
284.29,2.023e-2,,2.023e-2
284.34,2.685e-2,,2.685e-2
284.39,3.386e-2,,3.386e-2
284.44,4.041e-2,,4.041e-2
284.49,4.561e-2,,4.561e-2
284.54,4.874e-2,,4.874e-2
284.59,4.952e-2,,4.952e-2
284.64,4.823e-2,,4.823e-2
284.69,4.572e-2,,4.572e-2
284.74,4.314e-2,,4.314e-2
284.79,4.169e-2,,4.169e-2
284.84,4.225e-2,,4.225e-2
284.89,4.507e-2,,4.507e-2
284.94,4.971e-2,,4.971e-2
284.99,5.508e-2,,5.508e-2
285.04,5.980e-2,,5.980e-2
285.09,6.254e-2,,6.254e-2
285.14,6.244e-2,,6.244e-2
285.19,5.936e-2,,5.936e-2
285.24,5.402e-2,,5.402e-2
285.29,4.794e-2,,4.794e-2
285.34,4.327e-2,,4.327e-2
285.39,4.268e-2,,4.268e-2
285.44,4.926e-2,,4.926e-2
285.49,6.631e-2,,6.631e-2
285.54,9.700e-2,,9.700e-2
285.59,1.436e-1,,1.436e-1
285.64,2.066e-1,,2.066e-1
285.69,2.834e-1,,2.834e-1
285.74,3.677e-1,,3.677e-1
285.79,4.501e-1,,4.501e-1
285.84,5.190e-1,,5.190e-1
285.89,5.636e-1,,5.636e-1
285.94,5.764e-1,,5.764e-1
285.99,5.552e-1,,5.552e-1
286.04,5.040e-1,,5.040e-1
286.09,4.315e-1,,4.315e-1
286.14,3.488e-1,,3.488e-1
286.19,2.670e-1,,2.670e-1
286.24,1.944e-1,,1.944e-1
286.29,1.357e-1,,1.357e-1
286.34,9.213e-2,,9.213e-2
286.39,6.206e-2,,6.206e-2
286.44,4.261e-2,,4.261e-2
286.49,3.053e-2,,3.053e-2
286.54,2.299e-2,,2.299e-2
286.59,1.798e-2,,1.798e-2
286.64,1.425e-2,,1.425e-2
286.69,1.120e-2,,1.120e-2
286.74,8.616e-3,,8.616e-3
286.79,6.463e-3,,6.463e-3
286.84,4.764e-3,,4.764e-3
286.89,3.508e-3,,3.508e-3
286.94,2.643e-3,,2.643e-3
286.99,2.086e-3,,2.086e-3
287.04,1.748e-3,,1.748e-3
287.09,1.546e-3,,1.546e-3
287.14,1.422e-3,,1.422e-3
287.19,1.335e-3,,1.335e-3
287.24,1.265e-3,,1.265e-3
287.29,1.204e-3,,1.204e-3
287.34,1.150e-3,,1.150e-3
287.39,1.100e-3,,1.100e-3
287.44,1.052e-3,,1.052e-3
287.49,1.002e-3,,1.002e-3
287.54,9.494e-4,,9.494e-4
287.59,8.996e-4,,8.996e-4
287.64,8.671e-4,,8.671e-4
287.69,8.743e-4,,8.743e-4
287.74,9.488e-4,,9.488e-4
287.79,1.117e-3,,1.117e-3
287.84,1.397e-3,,1.397e-3
287.89,1.798e-3,,1.798e-3
287.94,2.312e-3,,2.312e-3
287.99,2.924e-3,,2.924e-3
288.04,3.614e-3,,3.614e-3
288.09,4.359e-3,,4.359e-3
288.14,5.138e-3,,5.138e-3
288.19,5.923e-3,,5.923e-3
288.24,6.670e-3,,6.670e-3
288.29,7.315e-3,,7.315e-3
288.34,7.777e-3,,7.777e-3
288.39,7.972e-3,,7.972e-3
288.44,7.839e-3,,7.839e-3
288.49,7.361e-3,,7.361e-3
288.54,6.579e-3,,6.579e-3
288.59,5.587e-3,,5.587e-3
288.64,4.513e-3,,4.513e-3
288.69,3.492e-3,,3.492e-3
288.74,2.641e-3,,2.641e-3
288.79,2.053e-3,,2.053e-3
288.84,1.795e-3,,1.795e-3
288.89,1.921e-3,,1.921e-3
288.94,2.485e-3,,2.485e-3
288.99,3.550e-3,,3.550e-3
289.04,5.179e-3,,5.179e-3
289.09,7.417e-3,,7.417e-3
289.14,1.026e-2,,1.026e-2
289.19,1.365e-2,,1.365e-2
289.24,1.738e-2,,1.738e-2
289.29,2.119e-2,,2.119e-2
289.34,2.469e-2,,2.469e-2
289.39,2.749e-2,,2.749e-2
289.44,2.921e-2,,2.921e-2
289.49,2.960e-2,,2.960e-2
289.54,2.859e-2,,2.859e-2
289.59,2.628e-2,,2.628e-2
289.64,2.298e-2,,2.298e-2
289.69,1.908e-2,,1.908e-2
289.74,1.504e-2,,1.504e-2
289.79,1.124e-2,,1.124e-2
289.84,7.961e-3,,7.961e-3
289.89,5.336e-3,,5.336e-3
289.94,3.384e-3,,3.384e-3
289.99,2.028e-3,,2.028e-3
290.04,1.149e-3,,1.149e-3
290.09,6.144e-4,,6.144e-4
290.14,3.102e-4,,3.102e-4
290.19,1.478e-4,,1.478e-4
290.24,6.645e-5,,6.645e-5
290.29,2.817e-5,,2.817e-5
290.34,1.126e-5,,1.126e-5
290.39,4.248e-6,,4.248e-6
290.44,1.516e-6,,1.516e-6
290.49,5.276e-7,,5.276e-7
290.54,2.271e-7,,2.271e-7
290.59,2.410e-7,,2.410e-7
290.64,5.365e-7,,5.365e-7
290.69,1.337e-6,,1.337e-6
290.74,3.207e-6,,3.207e-6
290.79,7.266e-6,,7.266e-6
290.84,1.552e-5,,1.552e-5
290.89,3.127e-5,,3.127e-5
290.94,5.940e-5,,5.940e-5
290.99,1.064e-4,,1.064e-4
291.04,1.796e-4,,1.796e-4
291.09,2.860e-4,,2.860e-4
291.14,4.295e-4,,4.295e-4
291.19,6.082e-4,,6.082e-4
291.24,8.127e-4,,8.127e-4
291.29,1.026e-3,,1.026e-3
291.34,1.225e-3,,1.225e-3
291.39,1.392e-3,,1.392e-3
291.44,1.517e-3,,1.517e-3
291.49,1.616e-3,,1.616e-3
291.54,1.737e-3,,1.737e-3
291.59,1.971e-3,,1.971e-3
291.64,2.446e-3,,2.446e-3
291.69,3.325e-3,,3.325e-3
291.74,4.776e-3,,4.776e-3
291.79,6.940e-3,,6.940e-3
291.84,9.879e-3,,9.879e-3
291.89,1.353e-2,,1.353e-2
291.94,1.765e-2,,1.765e-2
291.99,2.186e-2,,2.186e-2
292.04,2.564e-2,,2.564e-2
292.09,2.845e-2,,2.845e-2
292.14,2.987e-2,,2.987e-2
292.19,2.968e-2,,2.968e-2
292.24,2.790e-2,,2.790e-2
292.29,2.484e-2,,2.484e-2
292.34,2.094e-2,,2.094e-2
292.39,1.674e-2,,1.674e-2
292.44,1.270e-2,,1.270e-2
292.49,9.154e-3,,9.154e-3
292.54,6.284e-3,,6.284e-3
292.59,4.117e-3,,4.117e-3
292.64,2.581e-3,,2.581e-3
292.69,1.554e-3,,1.554e-3
292.74,9.011e-4,,9.011e-4
292.79,5.048e-4,,5.048e-4
292.84,2.740e-4,,2.740e-4
292.89,1.444e-4,,1.444e-4
292.94,7.439e-5,,7.439e-5
292.99,3.871e-5,,3.871e-5
293.04,2.353e-5,,2.353e-5
293.09,2.304e-5,,2.304e-5
293.14,3.806e-5,,3.806e-5
293.19,7.615e-5,,7.615e-5
293.24,1.529e-4,,1.529e-4
293.3,3.318e-4,,3.318e-4
293.35,5.954e-4,,5.954e-4
293.4,1.008e-3,,1.008e-3
293.45,1.612e-3,,1.612e-3
293.5,2.433e-3,,2.433e-3
293.55,3.465e-3,,3.465e-3
293.6,4.659e-3,,4.659e-3
293.65,5.913e-3,,5.913e-3
293.7,7.087e-3,,7.087e-3
293.75,8.023e-3,,8.023e-3
293.8,8.583e-3,,8.583e-3
293.85,8.684e-3,,8.684e-3
293.9,8.319e-3,,8.319e-3
293.95,7.559e-3,,7.559e-3
294,6.532e-3,,6.532e-3
294.05,5.389e-3,,5.389e-3
294.1,4.268e-3,,4.268e-3
294.15,3.267e-3,,3.267e-3
294.2,2.438e-3,,2.438e-3
294.25,1.789e-3,,1.789e-3
294.3,1.299e-3,,1.299e-3
294.35,9.365e-4,,9.365e-4
294.4,6.691e-4,,6.691e-4
294.45,4.708e-4,,4.708e-4
294.5,3.235e-4,,3.235e-4
294.55,2.153e-4,,2.153e-4
294.6,1.378e-4,,1.378e-4
294.65,8.426e-5,,8.426e-5
294.7,4.905e-5,,4.905e-5
294.75,2.710e-5,,2.710e-5
294.8,1.418e-5,,1.418e-5
294.85,7.022e-6,,7.022e-6
294.9,3.286e-6,,3.286e-6
294.95,1.453e-6,,1.453e-6
295,6.068e-7,,6.068e-7
295.05,2.393e-7,,2.393e-7
295.1,8.917e-8,,8.917e-8
295.15,3.166e-8,,3.166e-8
295.2,1.164e-8,,1.164e-8
295.25,7.499e-9,,7.499e-9
295.3,1.455e-8,,1.455e-8
295.35,4.141e-8,,4.141e-8
295.4,1.180e-7,,1.180e-7
295.45,3.201e-7,,3.201e-7
295.5,8.237e-7,,8.237e-7
295.55,2.010e-6,,2.010e-6
295.6,4.658e-6,,4.658e-6
295.65,1.026e-5,,1.026e-5
295.7,2.149e-5,,2.149e-5
295.75,4.289e-5,,4.289e-5
295.8,8.165e-5,,8.165e-5
295.85,1.485e-4,,1.485e-4
295.9,2.582e-4,,2.582e-4
295.95,4.301e-4,,4.301e-4
296,6.865e-4,,6.865e-4
296.05,1.051e-3,,1.051e-3
296.1,1.546e-3,,1.546e-3
296.15,2.185e-3,,2.185e-3
296.2,2.972e-3,,2.972e-3
296.25,3.901e-3,,3.901e-3
296.3,4.960e-3,,4.960e-3
296.35,6.145e-3,,6.145e-3
296.4,7.476e-3,,7.476e-3
296.45,9.015e-3,,9.015e-3
296.5,1.086e-2,,1.086e-2
296.55,1.313e-2,,1.313e-2
296.6,1.590e-2,,1.590e-2
296.65,1.917e-2,,1.917e-2
296.7,2.277e-2,,2.277e-2
296.75,2.636e-2,,2.636e-2
296.8,2.948e-2,,2.948e-2
296.85,3.161e-2,,3.161e-2
296.9,3.235e-2,,3.235e-2
296.95,3.150e-2,,3.150e-2
297,2.914e-2,,2.914e-2
297.05,2.564e-2,,2.564e-2
297.1,2.155e-2,,2.155e-2
297.15,1.750e-2,,1.750e-2
297.2,1.410e-2,,1.410e-2
297.25,1.181e-2,,1.181e-2
297.3,1.093e-2,,1.093e-2
297.35,1.154e-2,,1.154e-2
297.4,1.354e-2,,1.354e-2
297.45,1.662e-2,,1.662e-2
297.5,2.033e-2,,2.033e-2
297.55,2.406e-2,,2.406e-2
297.6,2.720e-2,,2.720e-2
297.65,2.919e-2,,2.919e-2
297.7,2.967e-2,,2.967e-2
297.75,2.855e-2,,2.855e-2
297.8,2.600e-2,,2.600e-2
297.85,2.243e-2,,2.243e-2
297.9,1.837e-2,,1.837e-2
297.95,1.434e-2,,1.434e-2
298,1.073e-2,,1.073e-2
298.05,7.794e-3,,7.794e-3
298.1,5.589e-3,,5.589e-3
298.15,4.052e-3,,4.052e-3
298.2,3.038e-3,,3.038e-3
298.25,2.383e-3,,2.383e-3
298.3,1.942e-3,,1.942e-3
298.35,1.609e-3,,1.609e-3
298.4,1.323e-3,,1.323e-3
298.45,1.060e-3,,1.060e-3
298.5,8.159e-4,,8.159e-4
298.55,5.995e-4,,5.995e-4
298.6,4.190e-4,,4.190e-4
298.65,2.789e-4,,2.789e-4
298.7,1.790e-4,,1.790e-4
298.75,1.168e-4,,1.168e-4
298.8,9.044e-5,,9.044e-5
298.85,1.029e-4,,1.029e-4
298.9,1.659e-4,,1.659e-4
298.95,3.036e-4,,3.036e-4
299,5.554e-4,,5.554e-4
299.05,9.752e-4,,9.752e-4
299.1,1.627e-3,,1.627e-3
299.15,2.576e-3,,2.576e-3
299.2,3.871e-3,,3.871e-3
299.25,5.529e-3,,5.529e-3
299.3,7.529e-3,,7.529e-3
299.35,9.814e-3,,9.814e-3
299.4,1.232e-2,,1.232e-2
299.45,1.502e-2,,1.502e-2
299.5,1.798e-2,,1.798e-2
299.55,2.137e-2,,2.137e-2
299.6,2.552e-2,,2.552e-2
299.65,3.077e-2,,3.077e-2
299.7,3.745e-2,,3.745e-2
299.75,4.570e-2,,4.570e-2
299.8,5.534e-2,,5.534e-2
299.85,6.584e-2,,6.584e-2
299.9,7.630e-2,,7.630e-2
299.95,8.557e-2,,8.557e-2
300,9.244e-2,,9.244e-2
300.05,9.587e-2,,9.587e-2
300.1,9.523e-2,,9.523e-2
300.15,9.043e-2,,9.043e-2
300.2,8.197e-2,,8.197e-2
300.25,7.084e-2,,7.084e-2
300.3,5.830e-2,,5.830e-2
300.35,4.565e-2,,4.565e-2
300.4,3.398e-2,,3.398e-2
300.45,2.402e-2,,2.402e-2
300.5,1.612e-2,,1.612e-2
300.55,1.026e-2,,1.026e-2
300.6,6.197e-3,,6.197e-3
300.65,3.546e-3,,3.546e-3
300.7,1.923e-3,,1.923e-3
300.75,9.875e-4,,9.875e-4
300.8,4.803e-4,,4.803e-4
300.85,2.212e-4,,2.212e-4
300.9,9.643e-5,,9.643e-5
300.95,3.980e-5,,3.980e-5
301,1.554e-5,,1.554e-5
301.05,5.745e-6,,5.745e-6
301.1,2.010e-6,,2.010e-6
301.15,6.652e-7,,6.652e-7
301.2,2.083e-7,,2.083e-7
301.25,6.173e-8,,6.173e-8
301.3,1.730e-8,,1.730e-8
301.35,4.590e-9,,4.590e-9
301.4,1.152e-9,,1.152e-9
301.45,2.735e-10,,2.735e-10
301.5,6.142e-11,,6.142e-11
301.55,1.305e-11,,1.305e-11
301.6,2.624e-12,,2.624e-12
301.65,4.989e-13,,4.989e-13
301.7,8.976e-14,,8.976e-14
301.75,1.528e-14,,1.528e-14
301.8,2.459e-15,,2.459e-15
301.85,3.746e-16,,3.746e-16
301.9,5.398e-17,,5.398e-17
301.95,7.358e-18,,7.358e-18
303.75,4.852e-20,,4.852e-20
303.8,3.425e-19,,3.425e-19
303.85,2.291e-18,,2.291e-18
303.9,1.453e-17,,1.453e-17
303.95,8.733e-17,,8.733e-17
304,4.976e-16,,4.976e-16
304.05,2.687e-15,,2.687e-15
304.1,1.375e-14,,1.375e-14
304.15,6.674e-14,,6.674e-14
304.2,3.069e-13,,3.069e-13
304.25,1.338e-12,,1.338e-12
304.3,5.529e-12,,5.529e-12
304.35,2.165e-11,,2.165e-11
304.4,8.039e-11,,8.039e-11
304.45,2.829e-10,,2.829e-10
304.5,9.435e-10,,9.435e-10
304.55,2.983e-9,,2.983e-9
304.6,8.940e-9,,8.940e-9
304.65,2.539e-8,,2.539e-8
304.7,6.837e-8,,6.837e-8
304.75,1.745e-7,,1.745e-7
304.8,4.221e-7,,4.221e-7
304.85,9.680e-7,,9.680e-7
304.9,2.104e-6,,2.104e-6
304.95,4.335e-6,,4.335e-6
305,8.468e-6,,8.468e-6
305.05,1.568e-5,,1.568e-5
305.1,2.753e-5,,2.753e-5
305.15,4.584e-5,,4.584e-5
305.2,7.242e-5,,7.242e-5
305.25,1.086e-4,,1.086e-4
305.3,1.549e-4,,1.549e-4
305.35,2.105e-4,,2.105e-4
305.4,2.735e-4,,2.735e-4
305.45,3.419e-4,,3.419e-4
305.5,4.152e-4,,4.152e-4
305.55,4.963e-4,,4.963e-4
305.6,5.941e-4,,5.941e-4
305.65,7.242e-4,,7.242e-4
305.7,9.088e-4,,9.088e-4
305.75,1.175e-3,,1.175e-3
305.8,1.553e-3,,1.553e-3
305.85,2.080e-3,,2.080e-3
305.9,2.812e-3,,2.812e-3
305.95,3.848e-3,,3.848e-3
306,5.380e-3,,5.380e-3
306.05,7.740e-3,,7.740e-3
306.1,1.146e-2,,1.146e-2
306.15,1.729e-2,,1.729e-2
306.2,2.617e-2,,2.617e-2
306.25,3.903e-2,,3.903e-2
306.3,5.662e-2,,5.662e-2
306.35,7.910e-2,,7.910e-2
306.4,1.057e-1,,1.057e-1
306.45,1.348e-1,,1.348e-1
306.5,1.634e-1,,1.634e-1
306.55,1.882e-1,,1.882e-1
306.6,2.057e-1,,2.057e-1
306.65,2.133e-1,,2.133e-1
306.7,2.099e-1,,2.099e-1
306.75,1.958e-1,,1.958e-1
306.8,1.732e-1,,1.732e-1
306.85,1.454e-1,,1.454e-1
306.9,1.156e-1,,1.156e-1
306.95,8.724e-2,,8.724e-2
307,6.241e-2,,6.241e-2
307.05,4.235e-2,,4.235e-2
307.1,2.726e-2,,2.726e-2
307.15,1.667e-2,,1.667e-2
307.2,9.731e-3,,9.731e-3
307.25,5.502e-3,,5.502e-3
307.3,3.153e-3,,3.153e-3
307.35,2.042e-3,,2.042e-3
307.4,1.726e-3,,1.726e-3
307.45,1.923e-3,,1.923e-3
307.5,2.458e-3,,2.458e-3
307.55,3.209e-3,,3.209e-3
307.6,4.069e-3,,4.069e-3
307.65,4.932e-3,,4.932e-3
307.7,5.682e-3,,5.682e-3
307.75,6.213e-3,,6.213e-3
307.8,6.447e-3,,6.447e-3
307.85,6.345e-3,,6.345e-3
307.9,5.925e-3,,5.925e-3
307.95,5.247e-3,,5.247e-3
308,4.409e-3,,4.409e-3
308.05,3.514e-3,,3.514e-3
308.1,2.656e-3,,2.656e-3
308.15,1.905e-3,,1.905e-3
308.2,1.296e-3,,1.296e-3
308.25,8.363e-4,,8.363e-4
308.3,5.119e-4,,5.119e-4
308.35,2.973e-4,,2.973e-4
308.4,1.637e-4,,1.637e-4
308.45,8.555e-5,,8.555e-5
308.5,4.240e-5,,4.240e-5
308.55,1.994e-5,,1.994e-5
308.6,8.892e-6,,8.892e-6
308.65,3.762e-6,,3.762e-6
308.7,1.510e-6,,1.510e-6
308.75,5.747e-7,,5.747e-7
308.8,2.076e-7,,2.076e-7
308.85,7.110e-8,,7.110e-8
308.9,2.310e-8,,2.310e-8
308.95,7.122e-9,,7.122e-9
309,2.082e-9,,2.082e-9
309.05,5.776e-10,,5.776e-10
309.1,1.520e-10,,1.520e-10
309.15,3.793e-11,,3.793e-11
309.2,8.980e-12,,8.980e-12
309.25,2.017e-12,,2.017e-12
309.3,4.297e-13,,4.297e-13
309.35,8.683e-14,,8.683e-14
309.4,1.665e-14,,1.665e-14
309.45,3.027e-15,,3.027e-15
309.5,5.221e-16,,5.221e-16
309.55,8.544e-17,,8.544e-17
309.6,1.326e-17,,1.326e-17
309.65,1.953e-18,,1.953e-18
313.05,4.599e-17,,4.599e-17
313.1,3.015e-16,,3.015e-16
313.15,1.879e-15,,1.879e-15
313.2,1.114e-14,,1.114e-14
313.25,6.277e-14,,6.277e-14
313.3,3.364e-13,,3.364e-13
313.35,1.714e-12,,1.714e-12
313.4,8.303e-12,,8.303e-12
313.45,3.825e-11,,3.825e-11
313.5,1.675e-10,,1.675e-10
313.55,6.977e-10,,6.977e-10
313.6,2.763e-9,,2.763e-9
313.65,1.040e-8,,1.040e-8
313.7,3.725e-8,,3.725e-8
313.75,1.268e-7,,1.268e-7
313.8,4.105e-7,,4.105e-7
313.85,1.263e-6,,1.263e-6
313.9,3.698e-6,,3.698e-6
313.95,1.029e-5,,1.029e-5
314,2.724e-5,,2.724e-5
314.05,6.855e-5,,6.855e-5
314.1,1.641e-4,,1.641e-4
314.15,3.734e-4,,3.734e-4
314.2,8.084e-4,,8.084e-4
314.25,1.665e-3,,1.665e-3
314.3,3.261e-3,,3.261e-3
314.35,6.078e-3,,6.078e-3
314.4,1.078e-2,,1.078e-2
314.45,1.821e-2,,1.821e-2
314.5,2.929e-2,,2.929e-2
314.55,4.489e-2,,4.489e-2
314.6,6.563e-2,,6.563e-2
314.65,9.159e-2,,9.159e-2
314.7,1.222e-1,,1.222e-1
314.75,1.560e-1,,1.560e-1
314.8,1.912e-1,,1.912e-1
314.85,2.254e-1,,2.254e-1
314.9,2.563e-1,,2.563e-1
314.95,2.821e-1,,2.821e-1
315,3.013e-1,,3.013e-1
315.05,3.134e-1,,3.134e-1
315.1,3.182e-1,,3.182e-1
315.15,3.156e-1,,3.156e-1
315.2,3.059e-1,,3.059e-1
315.25,2.895e-1,,2.895e-1
315.3,2.668e-1,,2.668e-1
315.35,2.390e-1,,2.390e-1
315.4,2.076e-1,,2.076e-1
315.45,1.743e-1,,1.743e-1
315.5,1.412e-1,,1.412e-1
315.55,1.102e-1,,1.102e-1
315.6,8.270e-2,,8.270e-2
315.65,5.961e-2,,5.961e-2
315.7,4.124e-2,,4.124e-2
315.75,2.737e-2,,2.737e-2
315.8,1.740e-2,,1.740e-2
315.85,1.060e-2,,1.060e-2
315.9,6.186e-3,,6.186e-3
315.95,3.454e-3,,3.454e-3
316,1.845e-3,,1.845e-3
316.05,9.425e-4,,9.425e-4
316.1,4.602e-4,,4.602e-4
316.15,2.147e-4,,2.147e-4
316.2,9.573e-5,,9.573e-5
316.25,4.102e-5,,4.102e-5
316.3,1.749e-5,,1.749e-5
316.35,8.905e-6,,8.905e-6
316.4,8.437e-6,,8.437e-6
316.45,1.477e-5,,1.477e-5
316.5,3.070e-5,,3.070e-5
316.55,6.322e-5,,6.322e-5
316.6,1.247e-4,,1.247e-4
316.65,2.343e-4,,2.343e-4
316.7,4.190e-4,,4.190e-4
316.75,7.130e-4,,7.130e-4
316.8,1.154e-3,,1.154e-3
316.85,1.779e-3,,1.779e-3
316.9,2.608e-3,,2.608e-3
316.95,3.639e-3,,3.639e-3
317,4.833e-3,,4.833e-3
317.05,6.111e-3,,6.111e-3
317.1,7.358e-3,,7.358e-3
317.15,8.445e-3,,8.445e-3
317.2,9.248e-3,,9.248e-3
317.25,9.687e-3,,9.687e-3
317.3,9.743e-3,,9.743e-3
317.35,9.471e-3,,9.471e-3
317.4,8.995e-3,,8.995e-3
317.45,8.475e-3,,8.475e-3
317.5,8.075e-3,,8.075e-3
317.55,7.920e-3,,7.920e-3
317.6,8.065e-3,,8.065e-3
317.65,8.481e-3,,8.481e-3
317.7,9.062e-3,,9.062e-3
317.75,9.649e-3,,9.649e-3
317.8,1.007e-2,,1.007e-2
317.85,1.018e-2,,1.018e-2
317.9,9.903e-3,,9.903e-3
317.95,9.218e-3,,9.218e-3
318,8.193e-3,,8.193e-3
318.05,6.943e-3,,6.943e-3
318.1,5.605e-3,,5.605e-3
318.15,4.309e-3,,4.309e-3
318.2,3.154e-3,,3.154e-3
318.25,2.197e-3,,2.197e-3
318.3,1.457e-3,,1.457e-3
318.35,9.194e-4,,9.194e-4
318.4,5.522e-4,,5.522e-4
318.45,3.157e-4,,3.157e-4
318.5,1.717e-4,,1.717e-4
318.55,8.893e-5,,8.893e-5
318.6,4.382e-5,,4.382e-5
318.65,2.055e-5,,2.055e-5
318.7,9.174e-6,,9.174e-6
318.75,3.897e-6,,3.897e-6
318.8,1.576e-6,,1.576e-6
318.85,6.063e-7,,6.063e-7
318.9,2.220e-7,,2.220e-7
318.95,7.738e-8,,7.738e-8
319,2.567e-8,,2.567e-8
319.05,8.102e-9,,8.102e-9
319.1,2.434e-9,,2.434e-9
319.15,6.960e-10,,6.960e-10
319.2,1.894e-10,,1.894e-10
319.25,4.906e-11,,4.906e-11
319.3,1.214e-11,,1.214e-11
319.35,3.080e-12,,3.080e-12
319.4,1.782e-12,,1.782e-12
319.45,5.281e-12,,5.281e-12
319.5,2.199e-11,,2.199e-11
319.55,8.931e-11,,8.931e-11
319.6,3.459e-10,,3.459e-10
319.65,1.276e-9,,1.276e-9
319.7,4.486e-9,,4.486e-9
319.75,1.502e-8,,1.502e-8
319.8,4.792e-8,,4.792e-8
319.85,1.456e-7,,1.456e-7
319.9,4.215e-7,,4.215e-7
319.95,1.162e-6,,1.162e-6
320,3.054e-6,,3.054e-6
320.05,7.642e-6,,7.642e-6
320.1,1.822e-5,,1.822e-5
320.15,4.138e-5,,4.138e-5
320.2,8.955e-5,,8.955e-5
320.25,1.846e-4,,1.846e-4
320.3,3.625e-4,,3.625e-4
320.35,6.785e-4,,6.785e-4
320.4,1.210e-3,,1.210e-3
320.45,2.056e-3,,2.056e-3
320.5,3.330e-3,,3.330e-3
320.55,5.143e-3,,5.143e-3
320.6,7.577e-3,,7.577e-3
320.65,1.066e-2,,1.066e-2
320.7,1.431e-2,,1.431e-2
320.75,1.839e-2,,1.839e-2
320.8,2.265e-2,,2.265e-2
320.85,2.680e-2,,2.680e-2
320.9,3.058e-2,,3.058e-2
320.95,3.379e-2,,3.379e-2
321,3.636e-2,,3.636e-2
321.05,3.833e-2,,3.833e-2
321.1,3.980e-2,,3.980e-2
321.15,4.087e-2,,4.087e-2
321.2,4.159e-2,,4.159e-2
321.25,4.188e-2,,4.188e-2
321.3,4.156e-2,,4.156e-2
321.35,4.043e-2,,4.043e-2
321.4,3.833e-2,,3.833e-2
321.45,3.522e-2,,3.522e-2
321.5,3.122e-2,,3.122e-2
321.55,2.661e-2,,2.661e-2
321.6,2.173e-2,,2.173e-2
321.65,1.699e-2,,1.699e-2
321.7,1.269e-2,,1.269e-2
321.75,9.049e-3,,9.049e-3
321.8,6.156e-3,,6.156e-3
321.85,3.994e-3,,3.994e-3
321.9,2.471e-3,,2.471e-3
321.95,1.458e-3,,1.458e-3
322,8.227e-4,,8.227e-4
322.05,4.474e-4,,4.474e-4
322.1,2.414e-4,,2.414e-4
322.15,1.411e-4,,1.411e-4
322.2,1.063e-4,,1.063e-4
322.25,1.141e-4,,1.141e-4
322.3,1.529e-4,,1.529e-4
322.35,2.176e-4,,2.176e-4
322.4,3.051e-4,,3.051e-4
322.45,4.115e-4,,4.115e-4
322.5,5.305e-4,,5.305e-4
322.55,6.525e-4,,6.525e-4
322.6,7.657e-4,,7.657e-4
322.65,8.578e-4,,8.578e-4
322.7,9.186e-4,,9.186e-4
322.75,9.429e-4,,9.429e-4
322.8,9.323e-4,,9.323e-4
322.85,8.960e-4,,8.960e-4
322.9,8.495e-4,,8.495e-4
322.95,8.124e-4,,8.124e-4
323,8.046e-4,,8.046e-4
323.05,8.422e-4,,8.422e-4
323.1,9.340e-4,,9.340e-4
323.15,1.078e-3,,1.078e-3
323.2,1.263e-3,,1.263e-3
323.25,1.465e-3,,1.465e-3
323.3,1.656e-3,,1.656e-3
323.35,1.807e-3,,1.807e-3
323.4,1.891e-3,,1.891e-3
323.45,1.894e-3,,1.894e-3
323.5,1.810e-3,,1.810e-3
323.55,1.652e-3,,1.652e-3
323.6,1.437e-3,,1.437e-3
323.65,1.192e-3,,1.192e-3
323.7,9.433e-4,,9.433e-4
323.75,7.115e-4,,7.115e-4
323.8,5.116e-4,,5.116e-4
323.85,3.507e-4,,3.507e-4
323.9,2.292e-4,,2.292e-4
323.95,1.428e-4,,1.428e-4
324,8.479e-5,,8.479e-5
324.05,4.801e-5,,4.801e-5
324.1,2.592e-5,,2.592e-5
324.15,1.334e-5,,1.334e-5
324.21,5.642e-6,,5.642e-6
324.26,2.615e-6,,2.615e-6
324.31,1.160e-6,,1.160e-6
324.36,5.056e-7,,5.056e-7
324.41,2.534e-7,,2.534e-7
324.46,2.388e-7,,2.388e-7
324.51,4.673e-7,,4.673e-7
324.56,1.135e-6,,1.135e-6
324.61,2.749e-6,,2.749e-6
324.66,6.390e-6,,6.390e-6
324.71,1.418e-5,,1.418e-5
324.76,3.003e-5,,3.003e-5
324.81,6.066e-5,,6.066e-5
324.86,1.169e-4,,1.169e-4
324.91,2.148e-4,,2.148e-4
324.96,3.766e-4,,3.766e-4
325.01,6.299e-4,,6.299e-4
325.06,1.005e-3,,1.005e-3
325.11,1.529e-3,,1.529e-3
325.16,2.220e-3,,2.220e-3
325.21,3.074e-3,,3.074e-3
325.26,4.061e-3,,4.061e-3
325.31,5.117e-3,,5.117e-3
325.36,6.151e-3,,6.151e-3
325.41,7.053e-3,,7.053e-3
325.46,7.715e-3,,7.715e-3
325.51,8.050e-3,,8.050e-3
325.56,8.012e-3,,8.012e-3
325.61,7.607e-3,,7.607e-3
325.66,6.891e-3,,6.891e-3
325.71,5.957e-3,,5.957e-3
325.76,4.920e-3,,4.920e-3
325.81,3.898e-3,,3.898e-3
325.86,2.998e-3,,2.998e-3
325.91,2.326e-3,,2.326e-3
325.96,2.006e-3,,2.006e-3
326.01,2.231e-3,,2.231e-3
326.06,3.332e-3,,3.332e-3
326.11,5.884e-3,,5.884e-3
326.16,1.082e-2,,1.082e-2
326.21,1.955e-2,,1.955e-2
326.26,3.399e-2,,3.399e-2
326.31,5.656e-2,,5.656e-2
326.36,8.987e-2,,8.987e-2
326.41,1.363e-1,,1.363e-1
326.46,1.973e-1,,1.973e-1
326.51,2.725e-1,,2.725e-1
326.56,3.592e-1,,3.592e-1
326.61,4.517e-1,,4.517e-1
326.66,5.422e-1,,5.422e-1
326.71,6.210e-1,,6.210e-1
326.76,6.788e-1,,6.788e-1
326.81,7.080e-1,,7.080e-1
326.86,7.047e-1,,7.047e-1
326.91,6.693e-1,,6.693e-1
326.96,6.067e-1,,6.067e-1
327.01,5.247e-1,,5.247e-1
327.06,4.331e-1,,4.331e-1
327.11,3.411e-1,,3.411e-1
327.16,2.564e-1,,2.564e-1
327.21,1.839e-1,,1.839e-1
327.26,1.259e-1,,1.259e-1
327.31,8.221e-2,,8.221e-2
327.36,5.124e-2,,5.124e-2
327.41,3.048e-2,,3.048e-2
327.46,1.730e-2,,1.730e-2
327.51,9.369e-3,,9.369e-3
327.56,4.842e-3,,4.842e-3
327.61,2.388e-3,,2.388e-3
327.66,1.124e-3,,1.124e-3
327.71,5.049e-4,,5.049e-4
327.76,2.164e-4,,2.164e-4
327.81,8.851e-5,,8.851e-5
327.86,3.454e-5,,3.454e-5
327.91,1.287e-5,,1.287e-5
327.96,4.573e-6,,4.573e-6
328.01,1.551e-6,,1.551e-6
328.06,5.020e-7,,5.020e-7
328.11,1.550e-7,,1.550e-7
328.16,4.569e-8,,4.569e-8
328.21,1.285e-8,,1.285e-8
328.26,3.449e-9,,3.449e-9
328.31,8.836e-10,,8.836e-10
328.36,2.166e-10,,2.166e-10
328.41,5.316e-11,,5.316e-11
328.46,2.289e-11,,2.289e-11
328.51,4.891e-11,,4.891e-11
328.56,1.775e-10,,1.775e-10
328.61,6.434e-10,,6.434e-10
328.66,2.233e-9,,2.233e-9
328.71,7.401e-9,,7.401e-9
328.76,2.343e-8,,2.343e-8
328.81,7.087e-8,,7.087e-8
328.86,2.047e-7,,2.047e-7
328.91,5.647e-7,,5.647e-7
328.96,1.488e-6,,1.488e-6
329.01,3.744e-6,,3.744e-6
329.06,9.000e-6,,9.000e-6
329.11,2.066e-5,,2.066e-5
329.16,4.531e-5,,4.531e-5
329.21,9.490e-5,,9.490e-5
329.26,1.898e-4,,1.898e-4
329.31,3.627e-4,,3.627e-4
329.36,6.619e-4,,6.619e-4
329.41,1.154e-3,,1.154e-3
329.46,1.921e-3,,1.921e-3
329.51,3.054e-3,,3.054e-3
329.56,4.638e-3,,4.638e-3
329.61,6.727e-3,,6.727e-3
329.66,9.320e-3,,9.320e-3
329.71,1.233e-2,,1.233e-2
329.76,1.559e-2,,1.559e-2
329.81,1.882e-2,,1.882e-2
329.86,2.169e-2,,2.169e-2
329.91,2.389e-2,,2.389e-2
329.96,2.513e-2,,2.513e-2
330.01,2.524e-2,,2.524e-2
330.06,2.422e-2,,2.422e-2
330.11,2.220e-2,,2.220e-2
330.16,1.943e-2,,1.943e-2
330.21,1.625e-2,,1.625e-2
330.26,1.298e-2,,1.298e-2
330.31,9.901e-3,,9.901e-3
330.36,7.224e-3,,7.224e-3
330.41,5.049e-3,,5.049e-3
330.46,3.400e-3,,3.400e-3
330.51,2.243e-3,,2.243e-3
330.56,1.512e-3,,1.512e-3
330.61,1.143e-3,,1.143e-3
330.66,1.087e-3,,1.087e-3
330.71,1.329e-3,,1.329e-3
330.76,1.898e-3,,1.898e-3
330.81,2.877e-3,,2.877e-3
330.86,4.420e-3,,4.420e-3
330.91,6.765e-3,,6.765e-3
330.96,1.025e-2,,1.025e-2
331.01,1.529e-2,,1.529e-2
331.06,2.239e-2,,2.239e-2
331.11,3.202e-2,,3.202e-2
331.16,4.452e-2,,4.452e-2
331.21,5.993e-2,,5.993e-2
331.26,7.784e-2,,7.784e-2
331.31,9.732e-2,,9.732e-2
331.36,1.169e-1,,1.169e-1
331.41,1.346e-1,,1.346e-1
331.46,1.485e-1,,1.485e-1
331.51,1.569e-1,,1.569e-1
331.56,1.586e-1,,1.586e-1
331.61,1.533e-1,,1.533e-1
331.66,1.417e-1,,1.417e-1
331.71,1.251e-1,,1.251e-1
331.76,1.057e-1,,1.057e-1
331.81,8.530e-2,,8.530e-2
331.86,6.579e-2,,6.579e-2
331.91,4.850e-2,,4.850e-2
331.96,3.416e-2,,3.416e-2
332.01,2.299e-2,,2.299e-2
332.06,1.479e-2,,1.479e-2
332.11,9.089e-3,,9.089e-3
332.16,5.338e-3,,5.338e-3
332.21,2.995e-3,,2.995e-3
332.26,1.606e-3,,1.606e-3
332.31,8.230e-4,,8.230e-4
332.36,4.030e-4,,4.030e-4
332.41,1.885e-4,,1.885e-4
332.46,8.427e-5,,8.427e-5
332.51,3.600e-5,,3.600e-5
332.56,1.469e-5,,1.469e-5
332.61,5.731e-6,,5.731e-6
332.66,2.138e-6,,2.138e-6
332.71,7.682e-7,,7.682e-7
332.76,2.842e-7,3.790e-11,2.842e-7
332.81,1.641e-7,2.189e-10,1.639e-7
332.86,2.664e-7,1.209e-9,2.652e-7
332.91,6.993e-7,6.385e-9,6.929e-7
332.96,1.912e-6,3.226e-8,1.880e-6
333.01,5.077e-6,1.558e-7,4.921e-6
333.06,1.305e-5,7.200e-7,1.233e-5
333.11,3.272e-5,3.181e-6,2.954e-5
333.16,8.112e-5,1.344e-5,6.768e-5
333.21,2.026e-4,5.433e-5,1.483e-4
333.26,5.206e-4,2.100e-4,3.106e-4
333.31,1.399e-3,7.762e-4,6.223e-4
333.36,3.936e-3,2.744e-3,1.192e-3
333.41,1.146e-2,9.277e-3,2.185e-3
333.46,3.382e-2,3.000e-2,3.829e-3
333.51,9.917e-2,9.275e-2,6.418e-3
333.56,2.846e-1,2.743e-1,1.029e-2
333.61,7.915e-1,7.757e-1,1.579e-2
333.66,2.121e+0,2.098e+0,2.318e-2
333.71,5.460e+0,5.427e+0,3.258e-2
333.76,1.347e+1,1.343e+1,4.385e-2
333.81,3.182e+1,3.177e+1,5.655e-2
333.86,7.195e+1,7.188e+1,6.991e-2
333.91,1.556e+2,1.555e+2,8.295e-2
333.96,3.220e+2,3.219e+2,9.457e-2
334.01,6.371e+2,6.370e+2,1.037e-1
334.06,1.206e+3,1.206e+3,1.097e-1
334.11,2.183e+3,2.183e+3,1.122e-1
334.16,3.779e+3,3.779e+3,1.113e-1
334.21,6.257e+3,6.256e+3,1.077e-1
334.26,9.907e+3,9.906e+3,1.022e-1
334.31,1.500e+4,1.500e+4,9.594e-2
334.36,2.173e+4,2.173e+4,9.029e-2
334.41,3.009e+4,3.009e+4,8.650e-2
334.46,3.986e+4,3.986e+4,8.582e-2
334.51,5.049e+4,5.049e+4,8.930e-2
334.56,6.117e+4,6.117e+4,9.772e-2
334.61,7.087e+4,7.087e+4,1.113e-1
334.66,7.853e+4,7.853e+4,1.296e-1
334.71,8.322e+4,8.322e+4,1.513e-1
334.76,8.435e+4,8.435e+4,1.742e-1
334.81,8.175e+4,8.175e+4,1.957e-1
334.86,7.578e+4,7.578e+4,2.129e-1
334.91,6.718e+4,6.718e+4,2.230e-1
334.96,5.696e+4,5.696e+4,2.245e-1
335.01,4.618e+4,4.618e+4,2.167e-1
335.06,3.581e+4,3.581e+4,2.004e-1
335.11,2.656e+4,2.656e+4,1.775e-1
335.16,1.884e+4,1.883e+4,1.505e-1
335.21,1.278e+4,1.278e+4,1.223e-1
335.26,8.287e+3,8.287e+3,9.518e-2
335.31,5.141e+3,5.141e+3,7.118e-2
335.36,3.050e+3,3.050e+3,5.136e-2
335.41,1.731e+3,1.731e+3,3.606e-2
335.46,9.392e+2,9.392e+2,2.503e-2
335.51,4.874e+2,4.874e+2,1.764e-2
335.56,2.419e+2,2.419e+2,1.306e-2
335.61,1.148e+2,1.148e+2,1.047e-2
335.66,5.214e+1,5.213e+1,9.133e-3
335.71,2.264e+1,2.263e+1,8.462e-3
335.76,9.404e+0,9.396e+0,8.042e-3
335.81,3.739e+0,3.731e+0,7.613e-3
335.86,1.424e+0,1.417e+0,7.042e-3
335.91,5.209e-1,5.146e-1,6.299e-3
335.96,1.841e-1,1.787e-1,5.419e-3
336.01,6.384e-2,5.937e-2,4.472e-3
336.06,2.239e-2,1.886e-2,3.535e-3
336.11,8.405e-3,5.730e-3,2.675e-3
336.16,3.602e-3,1.665e-3,1.937e-3
336.21,1.805e-3,4.626e-4,1.343e-3
336.26,1.013e-3,1.229e-4,8.903e-4
336.31,5.961e-4,3.124e-5,5.649e-4
336.36,3.505e-4,7.594e-6,3.429e-4
336.41,2.010e-4,1.765e-6,1.992e-4
336.46,1.111e-4,3.925e-7,1.107e-4
336.51,5.897e-5,8.344e-8,5.889e-5
336.56,2.999e-5,1.697e-8,2.997e-5
336.61,1.460e-5,3.299e-9,1.460e-5
336.66,6.805e-6,6.135e-10,6.804e-6
336.71,3.037e-6,1.091e-10,3.037e-6
336.76,1.302e-6,1.856e-11,1.302e-6
336.81,5.456e-7,,5.456e-7
336.86,2.488e-7,,2.488e-7
336.91,1.801e-7,,1.801e-7
336.96,2.688e-7,,2.688e-7
337.01,5.514e-7,,5.514e-7
337.06,1.169e-6,,1.169e-6
337.11,2.402e-6,,2.402e-6
337.16,4.734e-6,,4.734e-6
337.21,8.933e-6,,8.933e-6
337.26,1.613e-5,,1.613e-5
337.31,2.789e-5,,2.789e-5
337.36,4.614e-5,,4.614e-5
337.41,7.308e-5,,7.308e-5
337.46,1.108e-4,,1.108e-4
337.51,1.607e-4,,1.607e-4
337.56,2.232e-4,,2.232e-4
337.61,2.967e-4,,2.967e-4
337.66,3.775e-4,,3.775e-4
337.71,4.598e-4,,4.598e-4
337.76,5.359e-4,3.236e-11,5.359e-4
337.81,5.979e-4,1.853e-10,5.979e-4
337.86,6.385e-4,1.016e-9,6.385e-4
337.91,6.528e-4,5.337e-9,6.528e-4
337.96,6.388e-4,2.684e-8,6.388e-4
338.01,5.988e-4,1.293e-7,5.986e-4
338.06,5.381e-4,5.962e-7,5.375e-4
338.11,4.657e-4,2.633e-6,4.631e-4
338.16,3.953e-4,1.114e-5,3.842e-4
338.21,3.545e-4,4.510e-5,3.094e-4
338.26,4.213e-4,1.749e-4,2.464e-4
338.31,8.511e-4,6.496e-4,2.014e-4
338.36,2.490e-3,2.310e-3,1.791e-4
338.41,8.052e-3,7.869e-3,1.829e-4
338.46,2.588e-2,2.567e-2,2.151e-4
338.51,8.044e-2,8.016e-2,2.767e-4
338.56,2.401e-1,2.398e-1,3.671e-4
338.61,6.872e-1,6.867e-1,4.829e-4
338.66,1.884e+0,1.884e+0,6.176e-4
338.71,4.948e+0,4.947e+0,7.613e-4
338.76,1.244e+1,1.244e+1,9.012e-4
338.81,2.997e+1,2.997e+1,1.023e-3
338.86,6.914e+1,6.914e+1,1.115e-3
338.91,1.527e+2,1.527e+2,1.167e-3
338.96,3.230e+2,3.230e+2,1.177e-3
339.01,6.543e+2,6.543e+2,1.151e-3
339.06,1.269e+3,1.269e+3,1.102e-3
339.11,2.357e+3,2.357e+3,1.053e-3
339.16,4.194e+3,4.194e+3,1.031e-3
339.21,7.143e+3,7.143e+3,1.064e-3
339.26,1.165e+4,1.165e+4,1.179e-3
339.31,1.820e+4,1.820e+4,1.394e-3
339.36,2.723e+4,2.723e+4,1.719e-3
339.41,3.901e+4,3.901e+4,2.144e-3
339.46,5.351e+4,5.351e+4,2.646e-3
339.51,7.029e+4,7.029e+4,3.183e-3
339.56,8.842e+4,8.842e+4,3.700e-3
339.61,1.065e+5,1.065e+5,4.140e-3
339.66,1.229e+5,1.229e+5,4.448e-3
339.71,1.358e+5,1.358e+5,4.584e-3
339.76,1.436e+5,1.436e+5,4.533e-3
339.81,1.455e+5,1.455e+5,4.308e-3
339.86,1.412e+5,1.412e+5,3.949e-3
339.91,1.311e+5,1.311e+5,3.519e-3
339.96,1.167e+5,1.167e+5,3.103e-3
340.01,9.939e+4,9.939e+4,2.791e-3
340.06,8.109e+4,8.109e+4,2.681e-3
340.11,6.335e+4,6.335e+4,2.868e-3
340.16,4.740e+4,4.740e+4,3.441e-3
340.21,3.396e+4,3.396e+4,4.472e-3
340.26,2.330e+4,2.330e+4,6.004e-3
340.31,1.531e+4,1.531e+4,8.038e-3
340.36,9.631e+3,9.631e+3,1.052e-2
340.41,5.803e+3,5.803e+3,1.334e-2
340.46,3.348e+3,3.348e+3,1.631e-2
340.51,1.850e+3,1.850e+3,1.923e-2
340.56,9.788e+2,9.788e+2,2.191e-2
340.61,4.959e+2,4.959e+2,2.415e-2
340.66,2.406e+2,2.406e+2,2.589e-2
340.71,1.118e+2,1.118e+2,2.711e-2
340.76,4.978e+1,4.975e+1,2.791e-2
340.81,2.123e+1,2.120e+1,2.842e-2
340.86,8.678e+0,8.649e+0,2.877e-2
340.91,3.409e+0,3.380e+0,2.904e-2
340.96,1.294e+0,1.265e+0,2.924e-2
341.01,4.824e-1,4.531e-1,2.926e-2
341.06,1.845e-1,1.555e-1,2.896e-2
341.11,7.927e-2,5.110e-2,2.818e-2
341.16,4.287e-2,1.608e-2,2.679e-2
341.21,2.962e-2,4.845e-3,2.478e-2
341.26,2.361e-2,1.398e-3,2.221e-2
341.31,1.964e-2,3.864e-4,1.925e-2
341.36,1.624e-2,1.022e-4,1.614e-2
341.41,1.313e-2,2.591e-5,1.310e-2
341.46,1.036e-2,6.287e-6,1.035e-2
341.51,8.028e-3,1.461e-6,8.026e-3
341.56,6.185e-3,3.252e-7,6.184e-3
341.61,4.818e-3,6.929e-8,4.818e-3
341.66,3.863e-3,1.414e-8,3.863e-3
341.71,3.224e-3,2.764e-9,3.224e-3
341.76,2.799e-3,5.172e-10,2.799e-3
341.81,2.496e-3,9.269e-11,2.496e-3
341.86,2.244e-3,1.591e-11,2.244e-3
341.91,2.001e-3,,2.001e-3
341.96,1.746e-3,,1.746e-3
342.01,1.478e-3,,1.478e-3
342.06,1.208e-3,,1.208e-3
342.11,9.495e-4,,9.495e-4
342.16,7.168e-4,,7.168e-4
342.21,5.191e-4,,5.191e-4
342.26,3.605e-4,,3.605e-4
342.31,2.399e-4,,2.399e-4
342.36,1.531e-4,,1.531e-4
342.41,9.355e-5,,9.355e-5
342.46,5.479e-5,,5.479e-5
342.51,3.074e-5,,3.074e-5
342.56,1.653e-5,,1.653e-5
342.61,8.514e-6,,8.514e-6
342.66,4.202e-6,,4.202e-6
342.71,1.987e-6,,1.987e-6
342.76,9.003e-7,,9.003e-7
342.81,3.908e-7,,3.908e-7
342.86,1.625e-7,,1.625e-7
342.91,6.477e-8,,6.477e-8
342.96,2.474e-8,,2.474e-8
343.01,9.087e-9,,9.087e-9
343.06,3.303e-9,,3.303e-9
343.11,1.467e-9,,1.467e-9
343.16,1.512e-9,,1.512e-9
343.21,3.362e-9,,3.362e-9
343.26,8.728e-9,,8.728e-9
343.31,2.227e-8,,2.227e-8
343.36,5.465e-8,,5.465e-8
343.41,1.286e-7,,1.286e-7
343.46,2.901e-7,,2.901e-7
343.51,6.275e-7,,6.275e-7
343.56,1.301e-6,,1.301e-6
343.61,2.587e-6,,2.587e-6
343.66,4.930e-6,,4.930e-6
343.71,9.009e-6,,9.009e-6
343.76,1.578e-5,,1.578e-5
343.81,2.651e-5,,2.651e-5
343.86,4.268e-5,,4.268e-5
343.91,6.589e-5,,6.589e-5
343.96,9.751e-5,,9.751e-5
344.01,1.384e-4,,1.384e-4
344.06,1.882e-4,,1.882e-4
344.11,2.455e-4,,2.455e-4
344.16,3.069e-4,,3.069e-4
344.21,3.679e-4,,3.679e-4
344.26,4.228e-4,,4.228e-4
344.31,4.659e-4,,4.659e-4
344.36,4.921e-4,,4.921e-4
344.41,4.984e-4,,4.984e-4
344.46,4.839e-4,,4.839e-4
344.51,4.504e-4,,4.504e-4
344.56,4.020e-4,,4.020e-4
344.61,3.439e-4,,3.439e-4
344.66,2.821e-4,,2.821e-4
344.71,2.218e-4,,2.218e-4
344.76,1.673e-4,,1.673e-4
344.81,1.209e-4,,1.209e-4
344.86,8.378e-5,,8.378e-5
344.91,5.566e-5,,5.566e-5
344.96,3.545e-5,,3.545e-5
345.01,2.165e-5,,2.165e-5
345.06,1.268e-5,,1.268e-5
345.11,7.115e-6,,7.115e-6
345.16,3.828e-6,,3.828e-6
345.21,1.975e-6,,1.975e-6
345.26,9.769e-7,,9.769e-7
345.31,4.632e-7,,4.632e-7
345.36,2.106e-7,,2.106e-7
345.41,9.179e-8,,9.179e-8
345.46,3.835e-8,,3.835e-8
345.51,1.537e-8,,1.537e-8
345.56,5.901e-9,,5.901e-9
345.61,2.280e-9,1.066e-10,2.173e-9
345.66,1.346e-9,5.790e-10,7.671e-10
345.71,3.275e-9,3.016e-9,2.596e-10
345.76,1.516e-8,1.507e-8,8.424e-11
345.81,7.230e-8,7.228e-8,2.621e-11
345.86,3.325e-7,3.325e-7,7.816e-12
345.91,1.468e-6,1.468e-6,2.235e-12
345.96,6.218e-6,6.218e-6,6.126e-13
346.01,2.527e-5,2.527e-5,1.610e-13
346.06,9.854e-5,9.854e-5,4.057e-14
346.11,3.687e-4,3.687e-4,9.799e-15
346.16,1.323e-3,1.323e-3,2.269e-15
346.21,4.558e-3,4.558e-3,5.039e-16
346.26,1.506e-2,1.506e-2,1.073e-16
346.31,4.777e-2,4.777e-2,2.189e-17
346.36,1.453e-1,1.453e-1,4.283e-18
346.41,4.242e-1,4.242e-1,8.033e-19
346.46,1.188e+0,1.188e+0,1.445e-19
346.51,3.193e+0,3.193e+0,
346.56,8.234e+0,8.234e+0,
346.61,2.037e+1,2.037e+1,
346.66,4.835e+1,4.835e+1,
346.71,1.101e+2,1.101e+2,
346.76,2.407e+2,2.407e+2,
346.81,5.046e+2,5.046e+2,
346.86,1.015e+3,1.015e+3,
346.91,1.960e+3,1.960e+3,
346.96,3.629e+3,3.629e+3,
347.01,6.449e+3,6.449e+3,
347.06,1.100e+4,1.100e+4,
347.11,1.799e+4,1.799e+4,
347.16,2.824e+4,2.824e+4,
347.21,4.252e+4,4.252e+4,
347.26,6.145e+4,6.145e+4,
347.31,8.520e+4,8.520e+4,
347.36,1.133e+5,1.133e+5,
347.41,1.447e+5,1.447e+5,
347.46,1.772e+5,1.772e+5,
347.51,2.082e+5,2.082e+5,
347.56,2.347e+5,2.347e+5,
347.61,2.539e+5,2.539e+5,
347.66,2.635e+5,2.635e+5,
347.71,2.624e+5,2.624e+5,
347.76,2.508e+5,2.508e+5,
347.81,2.299e+5,2.299e+5,
347.86,2.022e+5,2.022e+5,
347.91,1.707e+5,1.707e+5,
347.96,1.382e+5,1.382e+5,
348.01,1.074e+5,1.074e+5,
348.06,8.007e+4,8.007e+4,
348.11,5.728e+4,5.728e+4,
348.16,3.931e+4,3.931e+4,
348.21,2.589e+4,2.589e+4,
348.26,1.636e+4,1.636e+4,
348.31,9.916e+3,9.916e+3,
348.36,5.768e+3,5.768e+3,
348.41,3.219e+3,3.219e+3,
348.46,1.724e+3,1.724e+3,
348.51,8.856e+2,8.856e+2,
348.56,4.366e+2,4.366e+2,
348.61,2.065e+2,2.065e+2,
348.66,9.372e+1,9.372e+1,
348.71,4.081e+1,4.081e+1,
348.76,1.705e+1,1.705e+1,
348.81,6.835e+0,6.835e+0,
348.86,2.629e+0,2.629e+0,
348.91,9.703e-1,9.703e-1,
348.96,3.436e-1,3.436e-1,
349.01,1.167e-1,1.167e-1,
349.06,3.805e-2,3.805e-2,
349.11,1.190e-2,1.190e-2,
349.16,3.571e-3,3.571e-3,
349.21,1.028e-3,1.028e-3,
349.26,2.841e-4,2.841e-4,
349.31,7.531e-5,7.531e-5,
349.36,1.915e-5,1.915e-5,
349.41,4.674e-6,4.674e-6,
349.46,1.094e-6,1.094e-6,
349.51,2.459e-7,2.459e-7,
349.56,5.300e-8,5.300e-8,
349.61,1.096e-8,1.096e-8,
349.66,2.175e-9,2.175e-9,
349.71,4.141e-10,4.141e-10,
349.76,7.566e-11,7.566e-11,
351.21,4.964e-19,,4.964e-19
351.26,2.679e-18,,2.679e-18
351.31,1.390e-17,,1.390e-17
351.36,6.924e-17,,6.924e-17
351.41,3.314e-16,,3.314e-16
351.46,1.524e-15,,1.524e-15
351.51,6.735e-15,,6.735e-15
351.56,2.859e-14,,2.859e-14
351.61,1.166e-13,,1.166e-13
351.66,4.569e-13,,4.569e-13
351.71,1.720e-12,,1.720e-12
351.76,6.221e-12,,6.221e-12
351.81,2.162e-11,,2.162e-11
351.86,7.216e-11,,7.216e-11
351.91,2.314e-10,,2.314e-10
351.96,7.132e-10,,7.132e-10
352.01,2.111e-9,,2.111e-9
352.06,6.005e-9,,6.005e-9
352.11,1.641e-8,,1.641e-8
352.16,4.307e-8,,4.307e-8
352.21,1.086e-7,,1.086e-7
352.26,2.633e-7,,2.633e-7
352.31,6.129e-7,,6.129e-7
352.36,1.371e-6,,1.371e-6
352.41,2.946e-6,,2.946e-6
352.46,6.081e-6,,6.081e-6
352.51,1.206e-5,,1.206e-5
352.56,2.298e-5,,2.298e-5
352.61,4.208e-5,,4.208e-5
352.66,7.401e-5,,7.401e-5
352.71,1.251e-4,,1.251e-4
352.76,2.031e-4,,2.031e-4
352.81,3.167e-4,,3.167e-4
352.86,4.747e-4,,4.747e-4
352.91,6.835e-4,,6.835e-4
352.96,9.455e-4,,9.455e-4
353.01,1.257e-3,,1.257e-3
353.06,1.606e-3,,1.606e-3
353.11,1.973e-3,,1.973e-3
353.16,2.331e-3,,2.331e-3
353.21,2.653e-3,,2.653e-3
353.26,2.914e-3,,2.914e-3
353.31,3.102e-3,,3.102e-3
353.36,3.225e-3,,3.225e-3
353.41,3.315e-3,,3.315e-3
353.46,3.437e-3,,3.437e-3
353.51,3.684e-3,,3.684e-3
353.56,4.179e-3,,4.179e-3
353.61,5.061e-3,,5.061e-3
353.66,6.467e-3,,6.467e-3
353.71,8.516e-3,,8.516e-3
353.76,1.127e-2,,1.127e-2
353.81,1.473e-2,,1.473e-2
353.86,1.877e-2,,1.877e-2
353.91,2.316e-2,,2.316e-2
353.96,2.758e-2,,2.758e-2
354.01,3.163e-2,,3.163e-2
354.06,3.491e-2,,3.491e-2
354.11,3.703e-2,,3.703e-2
354.16,3.777e-2,,3.777e-2
354.21,3.701e-2,,3.701e-2
354.26,3.486e-2,,3.486e-2
354.31,3.155e-2,,3.155e-2
354.36,2.744e-2,,2.744e-2
354.41,2.294e-2,,2.294e-2
354.46,1.842e-2,,1.842e-2
354.51,1.422e-2,,1.422e-2
354.56,1.054e-2,,1.054e-2
354.61,7.512e-3,,7.512e-3
354.66,5.144e-3,,5.144e-3
354.71,3.385e-3,,3.385e-3
354.76,2.141e-3,,2.141e-3
354.81,1.302e-3,,1.302e-3
354.86,7.628e-4,,7.628e-4
354.91,4.346e-4,,4.346e-4
354.96,2.496e-4,,2.496e-4
355.01,1.628e-4,,1.628e-4
355.07,1.581e-4,,1.581e-4
355.12,2.392e-4,,2.392e-4
355.17,4.263e-4,,4.263e-4
355.22,7.764e-4,,7.764e-4
355.27,1.380e-3,,1.380e-3
355.32,2.367e-3,,2.367e-3
355.37,3.906e-3,,3.906e-3
355.42,6.197e-3,,6.197e-3
355.47,9.454e-3,,9.454e-3
355.52,1.387e-2,,1.387e-2
355.57,1.955e-2,,1.955e-2
355.62,2.651e-2,,2.651e-2
355.67,3.456e-2,,3.456e-2
355.72,4.333e-2,,4.333e-2
355.77,5.226e-2,,5.226e-2
355.82,6.066e-2,,6.066e-2
355.87,6.778e-2,,6.778e-2
355.92,7.297e-2,,7.297e-2
355.97,7.579e-2,,7.579e-2
356.02,7.605e-2,,7.605e-2
356.07,7.391e-2,,7.391e-2
356.12,6.980e-2,,6.980e-2
356.17,6.435e-2,,6.435e-2
356.22,5.825e-2,,5.825e-2
356.27,5.211e-2,,5.211e-2
356.32,4.639e-2,,4.639e-2
356.37,4.133e-2,,4.133e-2
356.42,3.695e-2,,3.695e-2
356.47,3.315e-2,,3.315e-2
356.52,2.972e-2,,2.972e-2
356.57,2.646e-2,,2.646e-2
356.62,2.324e-2,,2.324e-2
356.67,2.000e-2,,2.000e-2
356.72,1.679e-2,,1.679e-2
356.77,1.367e-2,,1.367e-2
356.82,1.078e-2,,1.078e-2
356.87,8.209e-3,,8.209e-3
356.92,6.028e-3,,6.028e-3
356.97,4.264e-3,,4.264e-3
357.02,2.904e-3,,2.904e-3
357.07,1.903e-3,,1.903e-3
357.12,1.200e-3,,1.200e-3
357.17,7.274e-4,,7.274e-4
357.22,4.241e-4,,4.241e-4
357.27,2.378e-4,,2.378e-4
357.32,1.282e-4,,1.282e-4
357.37,6.646e-5,,6.646e-5
357.42,3.312e-5,,3.312e-5
357.47,1.587e-5,,1.587e-5
357.52,7.312e-6,,7.312e-6
357.57,3.239e-6,,3.239e-6
357.62,1.379e-6,,1.379e-6
357.67,5.647e-7,,5.647e-7
357.72,2.223e-7,,2.223e-7
357.77,8.412e-8,,8.412e-8
357.82,3.061e-8,,3.061e-8
357.87,1.071e-8,,1.071e-8
357.92,3.604e-9,,3.604e-9
357.97,1.175e-9,,1.175e-9
358.02,4.041e-10,,4.041e-10
358.07,2.654e-10,,2.654e-10
358.12,5.958e-10,,5.958e-10
358.17,1.960e-9,,1.960e-9
358.22,6.492e-9,,6.492e-9
358.27,2.076e-8,,2.076e-8
358.32,6.391e-8,,6.391e-8
358.37,1.893e-7,,1.893e-7
358.42,5.392e-7,,5.392e-7
358.47,1.478e-6,,1.478e-6
358.52,3.898e-6,,3.898e-6
358.57,9.890e-6,,9.890e-6
358.62,2.414e-5,,2.414e-5
358.67,5.670e-5,,5.670e-5
358.72,1.281e-4,,1.281e-4
358.77,2.786e-4,,2.786e-4
358.82,5.826e-4,,5.826e-4
358.87,1.172e-3,,1.172e-3
358.92,2.270e-3,,2.270e-3
358.97,4.228e-3,9.517e-11,4.228e-3
359.02,7.577e-3,4.967e-10,7.577e-3
359.07,1.306e-2,2.494e-9,1.306e-2
359.12,2.167e-2,1.206e-8,2.167e-2
359.17,3.459e-2,5.609e-8,3.459e-2
359.22,5.311e-2,2.511e-7,5.311e-2
359.27,7.846e-2,1.082e-6,7.846e-2
359.32,1.115e-1,4.486e-6,1.115e-1
359.37,1.525e-1,1.790e-5,1.525e-1
359.42,2.007e-1,6.875e-5,2.006e-1
359.47,2.542e-1,2.541e-4,2.539e-1
359.52,3.101e-1,9.038e-4,3.092e-1
359.57,3.654e-1,3.094e-3,3.623e-1
359.62,4.186e-1,1.019e-2,4.084e-1
359.67,4.752e-1,3.232e-2,4.429e-1
359.72,5.608e-1,9.860e-2,4.622e-1
359.77,7.535e-1,2.896e-1,4.640e-1
359.82,1.266e+0,8.183e-1,4.481e-1
359.87,2.642e+0,2.226e+0,4.165e-1
359.92,6.198e+0,5.826e+0,3.724e-1
359.97,1.500e+1,1.468e+1,3.205e-1
360.02,3.584e+1,3.558e+1,2.656e-1
360.07,8.322e+1,8.301e+1,2.121e-1
360.12,1.865e+2,1.864e+2,1.636e-1
360.17,4.029e+2,4.028e+2,1.225e-1
360.22,8.377e+2,8.376e+2,8.998e-2
360.27,1.677e+3,1.676e+3,6.630e-2
360.32,3.229e+3,3.229e+3,5.092e-2
360.37,5.986e+3,5.986e+3,4.291e-2
360.42,1.068e+4,1.068e+4,4.110e-2
360.47,1.834e+4,1.834e+4,4.423e-2
360.52,3.030e+4,3.030e+4,5.101e-2
360.57,4.818e+4,4.818e+4,6.014e-2
360.62,7.373e+4,7.373e+4,7.028e-2
360.67,1.086e+5,1.086e+5,8.014e-2
360.72,1.539e+5,1.539e+5,8.847e-2
360.77,2.100e+5,2.100e+5,9.425e-2
360.82,2.757e+5,2.757e+5,9.673e-2
360.87,3.483e+5,3.483e+5,9.559e-2
360.92,4.235e+5,4.235e+5,9.092e-2
360.97,4.956e+5,4.956e+5,8.323e-2
361.02,5.581e+5,5.581e+5,7.334e-2
361.07,6.049e+5,6.049e+5,6.219e-2
361.12,6.309e+5,6.309e+5,5.078e-2
361.17,6.334e+5,6.334e+5,3.993e-2
361.22,6.119e+5,6.119e+5,3.027e-2
361.27,5.689e+5,5.689e+5,2.216e-2
361.32,5.090e+5,5.090e+5,1.574e-2
361.37,4.383e+5,4.383e+5,1.094e-2
361.42,3.633e+5,3.633e+5,7.556e-3
361.47,2.897e+5,2.897e+5,5.336e-3
361.52,2.224e+5,2.224e+5,4.002e-3
361.57,1.643e+5,1.643e+5,3.298e-3
361.62,1.168e+5,1.168e+5,3.006e-3
361.67,7.991e+4,7.991e+4,2.949e-3
361.72,5.262e+4,5.262e+4,2.995e-3
361.77,3.334e+4,3.334e+4,3.050e-3
361.82,2.033e+4,2.033e+4,3.054e-3
361.87,1.193e+4,1.193e+4,2.975e-3
361.92,6.741e+3,6.741e+3,2.807e-3
361.97,3.665e+3,3.665e+3,2.561e-3
362.02,1.917e+3,1.917e+3,2.259e-3
362.07,9.653e+2,9.653e+2,1.929e-3
362.12,4.677e+2,4.677e+2,1.599e-3
362.17,2.181e+2,2.181e+2,1.294e-3
362.22,9.788e+1,9.788e+1,1.028e-3
362.27,4.228e+1,4.228e+1,8.118e-4
362.32,1.757e+1,1.757e+1,6.460e-4
362.37,7.030e+0,7.029e+0,5.278e-4
362.42,2.707e+0,2.706e+0,4.521e-4
362.47,1.003e+0,1.003e+0,4.134e-4
362.52,3.579e-1,3.575e-1,4.075e-4
362.57,1.231e-1,1.227e-1,4.319e-4
362.62,4.100e-2,4.052e-2,4.854e-4
362.67,1.344e-2,1.288e-2,5.671e-4
362.72,4.614e-3,3.939e-3,6.748e-4
362.77,1.963e-3,1.160e-3,8.039e-4
362.82,1.275e-3,3.285e-4,9.463e-4
362.87,1.180e-3,8.956e-5,1.091e-3
362.92,1.247e-3,2.350e-5,1.224e-3
362.97,1.337e-3,5.935e-6,1.331e-3
363.02,1.402e-3,1.442e-6,1.401e-3
363.07,1.426e-3,3.373e-7,1.425e-3
363.12,1.403e-3,7.593e-8,1.403e-3
363.17,1.341e-3,1.645e-8,1.341e-3
363.22,1.254e-3,3.429e-9,1.254e-3
363.27,1.166e-3,6.880e-10,1.166e-3
363.32,1.112e-3,1.328e-10,1.112e-3
363.37,1.137e-3,,1.137e-3
363.42,1.296e-3,,1.296e-3
363.47,1.659e-3,,1.659e-3
363.52,2.306e-3,,2.306e-3
363.57,3.325e-3,,3.325e-3
363.62,4.804e-3,,4.804e-3
363.67,6.813e-3,,6.813e-3
363.72,9.389e-3,,9.389e-3
363.77,1.251e-2,,1.251e-2
363.82,1.609e-2,,1.609e-2
363.87,1.993e-2,,1.993e-2
363.92,2.380e-2,,2.380e-2
363.97,2.737e-2,,2.737e-2
364.02,3.031e-2,,3.031e-2
364.07,3.232e-2,,3.232e-2
364.12,3.321e-2,,3.321e-2
364.17,3.285e-2,,3.285e-2
364.22,3.130e-2,,3.130e-2
364.27,2.873e-2,,2.873e-2
364.32,2.539e-2,,2.539e-2
364.37,2.162e-2,,2.162e-2
364.42,1.773e-2,,1.773e-2
364.47,1.400e-2,,1.400e-2
364.52,1.066e-2,,1.066e-2
364.57,7.814e-3,,7.814e-3
364.62,5.521e-3,,5.521e-3
364.67,3.759e-3,,3.759e-3
364.72,2.469e-3,,2.469e-3
364.77,1.567e-3,,1.567e-3
364.82,9.654e-4,,9.654e-4
364.87,5.872e-4,,5.872e-4
364.92,3.691e-4,,3.691e-4
364.97,2.669e-4,,2.669e-4
365.02,2.547e-4,,2.547e-4
365.07,3.258e-4,,3.258e-4
365.12,4.925e-4,,4.925e-4
365.17,7.913e-4,,7.913e-4
365.22,1.290e-3,,1.290e-3
365.27,2.104e-3,,2.104e-3
365.32,3.414e-3,,3.414e-3
365.37,5.493e-3,,5.493e-3
365.42,8.737e-3,,8.737e-3
365.47,1.368e-2,,1.368e-2
365.52,2.100e-2,,2.100e-2
365.57,3.149e-2,,3.149e-2
365.62,4.597e-2,,4.597e-2
365.67,6.517e-2,,6.517e-2
365.72,8.951e-2,,8.951e-2
365.77,1.189e-1,,1.189e-1
365.82,1.527e-1,,1.527e-1
365.87,1.893e-1,,1.893e-1
365.92,2.264e-1,,2.264e-1
365.97,2.612e-1,,2.612e-1
366.02,2.905e-1,,2.905e-1
366.07,3.114e-1,,3.114e-1
366.12,3.217e-1,,3.217e-1
366.17,3.203e-1,,3.203e-1
366.22,3.073e-1,,3.073e-1
366.27,2.841e-1,,2.841e-1
366.32,2.530e-1,,2.530e-1
366.37,2.171e-1,,2.171e-1
366.42,1.795e-1,,1.795e-1
366.47,1.429e-1,,1.429e-1
366.52,1.097e-1,,1.097e-1
366.57,8.107e-2,,8.107e-2
366.62,5.774e-2,,5.774e-2
366.67,3.961e-2,,3.961e-2
366.72,2.619e-2,,2.619e-2
366.77,1.667e-2,,1.667e-2
366.82,1.023e-2,,1.023e-2
366.87,6.047e-3,,6.047e-3
366.92,3.444e-3,,3.444e-3
366.97,1.892e-3,,1.892e-3
367.02,1.006e-3,,1.006e-3
367.07,5.255e-4,,5.255e-4
367.12,2.845e-4,,2.845e-4
367.17,1.865e-4,,1.865e-4
367.22,1.829e-4,,1.829e-4
367.27,2.577e-4,,2.577e-4
367.32,4.189e-4,,4.189e-4
367.37,6.922e-4,,6.922e-4
367.42,1.118e-3,,1.118e-3
367.47,1.745e-3,,1.745e-3
367.52,2.628e-3,,2.628e-3
367.57,3.815e-3,,3.815e-3
367.62,5.338e-3,,5.338e-3
367.67,7.198e-3,,7.198e-3
367.72,9.355e-3,,9.355e-3
367.77,1.172e-2,,1.172e-2
367.82,1.414e-2,,1.414e-2
367.87,1.646e-2,,1.646e-2
367.92,1.845e-2,,1.845e-2
367.97,1.994e-2,,1.994e-2
368.02,2.076e-2,,2.076e-2
368.07,2.084e-2,,2.084e-2
368.12,2.016e-2,,2.016e-2
368.17,1.879e-2,,1.879e-2
368.22,1.689e-2,,1.689e-2
368.27,1.462e-2,,1.462e-2
368.32,1.220e-2,,1.220e-2
368.37,9.815e-3,,9.815e-3
368.42,7.608e-3,,7.608e-3
368.47,5.684e-3,,5.684e-3
368.52,4.092e-3,,4.092e-3
368.57,2.840e-3,,2.840e-3
368.62,1.899e-3,,1.899e-3
368.67,1.224e-3,,1.224e-3
368.72,7.609e-4,,7.609e-4
368.77,4.567e-4,,4.567e-4
368.82,2.661e-4,,2.661e-4
368.87,1.539e-4,,1.539e-4
368.92,9.528e-5,,9.528e-5
368.97,7.590e-5,,7.590e-5
369.02,9.142e-5,,9.142e-5
369.07,1.478e-4,,1.478e-4
369.12,2.624e-4,,2.624e-4
369.17,4.665e-4,,4.665e-4
369.22,8.074e-4,,8.074e-4
369.27,1.350e-3,,1.350e-3
369.32,2.179e-3,,2.179e-3
369.37,3.390e-3,,3.390e-3
369.42,5.085e-3,,5.085e-3
369.47,7.354e-3,,7.354e-3
369.52,1.025e-2,,1.025e-2
369.57,1.379e-2,,1.379e-2
369.62,1.787e-2,,1.787e-2
369.67,2.233e-2,,2.233e-2
369.72,2.690e-2,,2.690e-2
369.77,3.125e-2,,3.125e-2
369.82,3.499e-2,,3.499e-2
369.87,3.778e-2,,3.778e-2
369.92,3.933e-2,,3.933e-2
369.97,3.948e-2,,3.948e-2
370.02,3.820e-2,,3.820e-2
370.07,3.564e-2,,3.564e-2
370.12,3.206e-2,,3.206e-2
370.17,2.780e-2,,2.780e-2
370.22,2.325e-2,,2.325e-2
370.27,1.874e-2,,1.874e-2
370.32,1.457e-2,,1.457e-2
370.37,1.092e-2,,1.092e-2
370.42,7.905e-3,,7.905e-3
370.47,5.526e-3,,5.526e-3
370.52,3.742e-3,,3.742e-3
370.57,2.468e-3,,2.468e-3
370.62,1.606e-3,,1.606e-3
370.67,1.056e-3,,1.056e-3
370.72,7.305e-4,,7.305e-4
370.77,5.592e-4,,5.592e-4
370.82,4.868e-4,,4.868e-4
370.87,4.728e-4,,4.728e-4
370.92,4.884e-4,,4.884e-4
370.97,5.134e-4,,5.134e-4
371.02,5.342e-4,,5.342e-4
371.07,5.427e-4,,5.427e-4
371.12,5.345e-4,,5.345e-4
371.17,5.089e-4,,5.089e-4
371.22,4.677e-4,,4.677e-4
371.27,4.147e-4,,4.147e-4
371.32,3.547e-4,,3.547e-4
371.37,2.926e-4,,2.926e-4
371.42,2.328e-4,,2.328e-4
371.47,1.786e-4,,1.786e-4
371.52,1.321e-4,,1.321e-4
371.57,9.424e-5,,9.424e-5
371.62,6.484e-5,,6.484e-5
371.67,4.302e-5,,4.302e-5
371.72,2.752e-5,,2.752e-5
371.77,1.698e-5,,1.698e-5
371.82,1.010e-5,,1.010e-5
371.87,5.797e-6,,5.797e-6
371.92,3.208e-6,,3.208e-6
371.97,1.714e-6,,1.714e-6
372.02,8.882e-7,,8.882e-7
372.07,4.581e-7,,4.581e-7
372.12,2.647e-7,,2.647e-7
372.17,2.372e-7,,2.372e-7
372.22,3.866e-7,,3.866e-7
372.27,8.282e-7,,8.282e-7
372.32,1.848e-6,,1.848e-6
372.37,4.039e-6,,4.039e-6
372.42,8.540e-6,,8.540e-6
372.47,1.743e-5,,1.743e-5
372.52,3.432e-5,,3.432e-5
372.57,6.521e-5,,6.521e-5
372.62,1.195e-4,,1.195e-4
372.67,2.114e-4,,2.114e-4
372.72,3.606e-4,,3.606e-4
372.77,5.936e-4,,5.936e-4
372.82,9.426e-4,,9.426e-4
372.87,1.444e-3,,1.444e-3
372.92,2.135e-3,,2.135e-3
372.97,3.045e-3,,3.045e-3
373.02,4.189e-3,,4.189e-3
373.07,5.561e-3,,5.561e-3
373.12,7.121e-3,,7.121e-3
373.17,8.799e-3,,8.799e-3
373.22,1.049e-2,,1.049e-2
373.27,1.206e-2,,1.206e-2
373.32,1.338e-2,,1.338e-2
373.37,1.433e-2,,1.433e-2
373.42,1.480e-2,,1.480e-2
373.47,1.475e-2,,1.475e-2
373.52,1.418e-2,,1.418e-2
373.57,1.315e-2,,1.315e-2
373.62,1.176e-2,,1.176e-2
373.67,1.016e-2,,1.016e-2
373.72,8.459e-3,,8.459e-3
373.77,6.797e-3,,6.797e-3
373.82,5.269e-3,,5.269e-3
373.87,3.941e-3,,3.941e-3
373.92,2.844e-3,,2.844e-3
373.97,1.980e-3,,1.980e-3
374.02,1.330e-3,,1.330e-3
374.07,8.629e-4,,8.629e-4
374.12,5.412e-4,,5.412e-4
374.17,3.298e-4,,3.298e-4
374.22,1.986e-4,,1.986e-4
374.27,1.241e-4,,1.241e-4
374.32,9.011e-5,,9.011e-5
374.37,8.740e-5,,8.740e-5
374.42,1.125e-4,,1.125e-4
374.47,1.669e-4,,1.669e-4
374.52,2.558e-4,,2.558e-4
374.57,3.866e-4,,3.866e-4
374.62,5.679e-4,,5.679e-4
374.67,8.065e-4,,8.065e-4
374.72,1.106e-3,,1.106e-3
374.77,1.465e-3,,1.465e-3
374.82,1.871e-3,,1.871e-3
374.87,2.308e-3,,2.308e-3
374.92,2.747e-3,,2.747e-3
374.97,3.155e-3,,3.155e-3
375.02,3.497e-3,,3.497e-3
375.07,3.741e-3,,3.741e-3
375.12,3.863e-3,,3.863e-3
375.17,3.849e-3,,3.849e-3
375.22,3.702e-3,,3.702e-3
375.27,3.436e-3,,3.436e-3
375.32,3.077e-3,,3.077e-3
375.37,2.660e-3,,2.660e-3
375.42,2.219e-3,,2.219e-3
375.47,1.787e-3,,1.787e-3
375.52,1.389e-3,,1.389e-3
375.57,1.041e-3,,1.041e-3
375.62,7.536e-4,,7.536e-4
375.67,5.264e-4,,5.264e-4
375.72,3.548e-4,,3.548e-4
375.77,2.309e-4,,2.309e-4
375.82,1.449e-4,,1.449e-4
375.87,8.783e-5,,8.783e-5
375.92,5.136e-5,,5.136e-5
375.97,2.899e-5,,2.899e-5
376.02,1.579e-5,,1.579e-5
376.07,8.300e-6,,8.300e-6
376.12,4.211e-6,,4.211e-6
376.17,2.062e-6,,2.062e-6
376.22,9.743e-7,,9.743e-7
376.27,4.443e-7,,4.443e-7
376.32,1.955e-7,,1.955e-7
376.37,8.306e-8,,8.306e-8
376.42,3.405e-8,,3.405e-8
376.47,1.347e-8,,1.347e-8
376.52,5.143e-9,,5.143e-9
376.57,1.895e-9,,1.895e-9
376.62,6.740e-10,,6.740e-10
376.67,2.313e-10,,2.313e-10
376.72,7.662e-11,,7.662e-11
376.77,2.449e-11,,2.449e-11
376.82,7.556e-12,,7.556e-12
376.87,2.250e-12,,2.250e-12
376.92,6.465e-13,,6.465e-13
376.97,1.793e-13,,1.793e-13
377.02,4.798e-14,,4.798e-14
377.07,1.239e-14,,1.239e-14
377.12,3.090e-15,,3.090e-15
377.17,7.433e-16,,7.433e-16
377.22,1.726e-16,,1.726e-16
377.27,3.867e-17,,3.867e-17
377.32,8.363e-18,,8.363e-18
377.37,1.745e-18,,1.745e-18
377.42,3.516e-19,,3.516e-19
379.92,3.145e-20,,3.145e-20
379.97,1.513e-19,,1.513e-19
380.02,7.033e-19,,7.033e-19
380.07,3.159e-18,,3.159e-18
380.12,1.372e-17,,1.372e-17
380.17,5.754e-17,,5.754e-17
380.22,2.332e-16,,2.332e-16
380.27,9.137e-16,,9.137e-16
380.32,3.459e-15,,3.459e-15
380.37,1.265e-14,,1.265e-14
380.42,4.474e-14,,4.474e-14
380.47,1.528e-13,,1.528e-13
380.52,5.046e-13,,5.046e-13
380.57,1.610e-12,,1.610e-12
380.62,4.963e-12,,4.963e-12
380.67,1.479e-11,,1.479e-11
380.72,4.257e-11,,4.257e-11
380.77,1.184e-10,,1.184e-10
380.82,3.184e-10,,3.184e-10
380.87,8.273e-10,,8.273e-10
380.92,2.077e-9,,2.077e-9
380.97,5.040e-9,,5.040e-9
381.02,1.182e-8,,1.182e-8
381.07,2.677e-8,,2.677e-8
381.12,5.862e-8,,5.862e-8
381.17,1.240e-7,,1.240e-7
381.22,2.536e-7,,2.536e-7
381.27,5.011e-7,,5.011e-7
381.32,9.567e-7,,9.567e-7
381.37,1.765e-6,,1.765e-6
381.42,3.148e-6,,3.148e-6
381.47,5.424e-6,,5.424e-6
381.52,9.032e-6,,9.032e-6
381.57,1.453e-5,,1.453e-5
381.62,2.260e-5,,2.260e-5
381.67,3.396e-5,,3.396e-5
381.72,4.931e-5,,4.931e-5
381.77,6.920e-5,,6.920e-5
381.82,9.383e-5,,9.383e-5
381.87,1.230e-4,,1.230e-4
381.92,1.557e-4,,1.557e-4
381.97,1.905e-4,,1.905e-4
382.02,2.253e-4,,2.253e-4
382.07,2.575e-4,,2.575e-4
382.12,2.844e-4,,2.844e-4
382.17,3.035e-4,,3.035e-4
382.22,3.130e-4,,3.130e-4
382.27,3.119e-4,,3.119e-4
382.32,3.004e-4,,3.004e-4
382.37,2.796e-4,,2.796e-4
382.42,2.514e-4,,2.514e-4
382.47,2.185e-4,,2.185e-4
382.52,1.835e-4,,1.835e-4
382.57,1.489e-4,,1.489e-4
382.62,1.168e-4,,1.168e-4
382.67,8.853e-5,,8.853e-5
382.72,6.484e-5,,6.484e-5
382.77,4.589e-5,,4.589e-5
382.82,3.139e-5,,3.139e-5
382.87,2.075e-5,,2.075e-5
382.92,1.325e-5,,1.325e-5
382.97,8.178e-6,,8.178e-6
383.02,4.878e-6,,4.878e-6
383.07,2.812e-6,,2.812e-6
383.12,1.566e-6,,1.566e-6
383.17,8.430e-7,,8.430e-7
383.22,4.385e-7,,4.385e-7
383.27,2.204e-7,,2.204e-7
383.32,1.071e-7,,1.071e-7
383.37,5.025e-8,,5.025e-8
383.42,2.279e-8,,2.279e-8
383.47,9.992e-9,,9.992e-9
383.52,4.232e-9,,4.232e-9
383.57,1.733e-9,,1.733e-9
383.62,6.854e-10,,6.854e-10
383.67,2.620e-10,,2.620e-10
383.72,9.678e-11,,9.678e-11
383.77,3.455e-11,,3.455e-11
383.82,1.192e-11,,1.192e-11
383.87,3.973e-12,,3.973e-12
383.92,1.280e-12,,1.280e-12
383.97,3.985e-13,,3.985e-13
384.02,1.199e-13,,1.199e-13
384.07,3.485e-14,,3.485e-14
384.12,9.802e-15,,9.802e-15
384.17,2.714e-15,,2.714e-15
384.22,9.481e-16,,9.481e-16
384.27,1.260e-15,,1.260e-15
384.32,4.570e-15,,4.570e-15
384.37,1.830e-14,,1.830e-14
384.42,7.145e-14,,7.145e-14
384.47,2.699e-13,,2.699e-13
384.52,9.863e-13,,9.863e-13
384.57,3.485e-12,,3.485e-12
384.62,1.191e-11,,1.191e-11
384.67,3.936e-11,,3.936e-11
384.72,1.258e-10,,1.258e-10
384.77,3.887e-10,,3.887e-10
384.82,1.162e-9,,1.162e-9
384.87,3.358e-9,,3.358e-9
384.92,9.387e-9,,9.387e-9
384.97,2.537e-8,,2.537e-8
385.02,6.633e-8,,6.633e-8
385.07,1.677e-7,,1.677e-7
385.12,4.100e-7,,4.100e-7
385.17,9.694e-7,,9.694e-7
385.22,2.216e-6,,2.216e-6
385.27,4.901e-6,2.828e-10,4.901e-6
385.32,1.048e-5,1.320e-9,1.048e-5
385.37,2.168e-5,5.961e-9,2.167e-5
385.42,4.337e-5,2.604e-8,4.334e-5
385.47,8.394e-5,1.100e-7,8.383e-5
385.52,1.572e-4,4.495e-7,1.568e-4
385.57,2.854e-4,1.777e-6,2.836e-4
385.62,5.029e-4,6.794e-6,4.961e-4
385.67,8.643e-4,2.512e-5,8.392e-4
385.72,1.463e-3,8.988e-5,1.373e-3
385.77,2.483e-3,3.110e-4,2.172e-3
385.82,4.364e-3,1.041e-3,3.323e-3
385.87,8.286e-3,3.369e-3,4.916e-3
385.93,2.073e-2,1.320e-2,7.527e-3
385.98,5.007e-2,3.973e-2,1.035e-2
386.03,1.294e-1,1.156e-1,1.375e-2
386.08,3.431e-1,3.255e-1,1.768e-2
386.13,9.082e-1,8.862e-1,2.197e-2
386.18,2.361e+0,2.334e+0,2.642e-2
386.23,5.977e+0,5.946e+0,3.071e-2
386.28,1.469e+1,1.465e+1,3.453e-2
386.33,3.496e+1,3.493e+1,3.755e-2
386.38,8.056e+1,8.052e+1,3.948e-2
386.43,1.796e+2,1.796e+2,4.015e-2
386.48,3.874e+2,3.873e+2,3.948e-2
386.53,8.082e+2,8.081e+2,3.755e-2
386.58,1.631e+3,1.631e+3,3.453e-2
386.63,3.184e+3,3.184e+3,3.071e-2
386.68,6.012e+3,6.012e+3,2.642e-2
386.73,1.098e+4,1.098e+4,2.197e-2
386.78,1.940e+4,1.940e+4,1.768e-2
386.83,3.315e+4,3.315e+4,1.375e-2
386.88,5.479e+4,5.479e+4,1.035e-2
386.93,8.759e+4,8.759e+4,7.527e-3
386.98,1.355e+5,1.355e+5,5.296e-3
387.03,2.026e+5,2.026e+5,3.603e-3
387.08,2.932e+5,2.932e+5,2.371e-3
387.13,4.103e+5,4.103e+5,1.509e-3
387.18,5.554e+5,5.554e+5,9.285e-4
387.23,7.272e+5,7.272e+5,5.527e-4
387.28,9.210e+5,9.210e+5,3.183e-4
387.33,1.128e+6,1.128e+6,1.775e-4
387.38,1.337e+6,1.337e+6,9.634e-5
387.43,1.532e+6,1.532e+6,5.161e-5
387.48,1.699e+6,1.699e+6,2.865e-5
387.53,1.822e+6,1.822e+6,1.864e-5
387.58,1.890e+6,1.890e+6,1.679e-5
387.63,1.896e+6,1.896e+6,2.087e-5
387.68,1.840e+6,1.840e+6,3.029e-5
387.73,1.728e+6,1.728e+6,4.549e-5
387.78,1.569e+6,1.569e+6,6.741e-5
387.83,1.378e+6,1.378e+6,9.718e-5
387.88,1.171e+6,1.171e+6,1.357e-4
387.93,9.625e+5,9.625e+5,1.835e-4
387.98,7.657e+5,7.657e+5,2.400e-4
388.03,5.900e+5,5.900e+5,3.037e-4
388.08,4.410e+5,4.410e+5,3.718e-4
388.13,3.209e+5,3.209e+5,4.403e-4
388.18,2.291e+5,2.291e+5,5.044e-4
388.23,1.632e+5,1.632e+5,5.590e-4
388.28,1.196e+5,1.196e+5,5.993e-4
388.33,9.470e+4,9.470e+4,6.215e-4
388.38,8.474e+4,8.474e+4,6.236e-4
388.43,8.649e+4,8.649e+4,6.053e-4
388.48,9.709e+4,9.709e+4,5.683e-4
388.53,1.140e+5,1.140e+5,5.162e-4
388.58,1.348e+5,1.348e+5,4.536e-4
388.63,1.571e+5,1.571e+5,3.856e-4
388.68,1.787e+5,1.787e+5,3.171e-4
388.73,1.974e+5,1.974e+5,2.523e-4
388.78,2.113e+5,2.113e+5,1.941e-4
388.83,2.190e+5,2.190e+5,1.445e-4
388.88,2.197e+5,2.197e+5,1.041e-4
388.93,2.132e+5,2.132e+5,7.253e-5
388.98,2.002e+5,2.002e+5,4.889e-5
389.03,1.819e+5,1.819e+5,3.188e-5
389.08,1.599e+5,1.599e+5,2.011e-5
389.13,1.360e+5,1.360e+5,1.228e-5
389.18,1.119e+5,1.119e+5,7.274e-6
389.23,8.906e+4,8.906e+4,4.208e-6
389.28,6.859e+4,6.859e+4,2.444e-6
389.33,5.110e+4,5.110e+4,1.565e-6
389.38,3.683e+4,3.683e+4,1.351e-6
389.43,2.569e+4,2.569e+4,1.772e-6
389.48,1.733e+4,1.733e+4,3.005e-6
389.53,1.131e+4,1.131e+4,5.478e-6
389.58,7.145e+3,7.145e+3,9.949e-6
389.63,4.365e+3,4.365e+3,1.762e-5
389.68,2.580e+3,2.580e+3,3.024e-5
389.73,1.476e+3,1.476e+3,5.027e-5
389.78,8.165e+2,8.165e+2,8.087e-5
389.83,4.371e+2,4.371e+2,1.259e-4
389.88,2.263e+2,2.263e+2,1.897e-4
389.93,1.134e+2,1.134e+2,2.766e-4
389.98,5.497e+1,5.497e+1,3.903e-4
390.03,2.578e+1,2.578e+1,5.329e-4
390.08,1.170e+1,1.170e+1,7.043e-4
390.13,5.135e+0,5.135e+0,9.006e-4
390.18,2.182e+0,2.181e+0,1.115e-3
390.23,8.973e-1,8.959e-1,1.335e-3
390.28,3.577e-1,3.561e-1,1.547e-3
390.33,1.387e-1,1.370e-1,1.735e-3
390.38,5.284e-2,5.096e-2,1.884e-3
390.43,2.032e-2,1.834e-2,1.978e-3
390.48,8.400e-3,6.389e-3,2.011e-3
390.53,4.131e-3,2.153e-3,1.978e-3
390.58,2.585e-3,7.017e-4,1.884e-3
390.63,1.957e-3,2.213e-4,1.735e-3
390.68,1.615e-3,6.752e-5,1.547e-3
390.73,1.355e-3,1.993e-5,1.335e-3
390.78,1.120e-3,5.692e-6,1.115e-3
390.83,9.022e-4,1.573e-6,9.006e-4
390.88,7.047e-4,4.204e-7,7.043e-4
390.93,5.330e-4,1.087e-7,5.329e-4
390.98,3.903e-4,2.720e-8,3.903e-4
391.03,2.766e-4,6.585e-9,2.766e-4
391.08,1.898e-4,1.542e-9,1.898e-4
391.13,1.261e-4,3.494e-10,1.261e-4
391.18,8.147e-5,7.660e-11,8.147e-5
391.23,5.171e-5,,5.171e-5
391.28,3.361e-5,,3.361e-5
391.33,2.521e-5,,2.521e-5
391.38,2.655e-5,,2.655e-5
391.43,4.060e-5,,4.060e-5
391.48,7.494e-5,,7.494e-5
391.53,1.444e-4,,1.444e-4
391.58,2.752e-4,,2.752e-4
391.63,5.103e-4,,5.103e-4
391.68,9.177e-4,,9.177e-4
391.73,1.598e-3,,1.598e-3
391.78,2.694e-3,,2.694e-3
391.83,4.398e-3,,4.398e-3
391.88,6.949e-3,,6.949e-3
391.93,1.063e-2,,1.063e-2
391.98,1.574e-2,,1.574e-2
392.03,2.256e-2,,2.256e-2
392.08,3.131e-2,,3.131e-2
392.13,4.207e-2,,4.207e-2
392.18,5.471e-2,,5.471e-2
392.23,6.889e-2,,6.889e-2
392.28,8.396e-2,,8.396e-2
392.33,9.907e-2,,9.907e-2
392.38,1.132e-1,,1.132e-1
392.43,1.251e-1,,1.251e-1
392.48,1.340e-1,,1.340e-1
392.53,1.388e-1,,1.388e-1
392.58,1.393e-1,,1.393e-1
392.63,1.353e-1,,1.353e-1
392.68,1.272e-1,,1.272e-1
392.73,1.158e-1,,1.158e-1
392.78,1.020e-1,,1.020e-1
392.83,8.701e-2,,8.701e-2
392.88,7.185e-2,,7.185e-2
392.93,5.744e-2,,5.744e-2
392.98,4.445e-2,,4.445e-2
393.03,3.330e-2,,3.330e-2
393.08,2.415e-2,,2.415e-2
393.13,1.696e-2,,1.696e-2
393.18,1.153e-2,,1.153e-2
393.23,7.585e-3,,7.585e-3
393.28,4.832e-3,,4.832e-3
393.33,2.979e-3,,2.979e-3
393.38,1.779e-3,,1.779e-3
393.43,1.028e-3,,1.028e-3
393.48,5.751e-4,,5.751e-4
393.53,3.115e-4,,3.115e-4
393.58,1.633e-4,,1.633e-4
393.63,8.288e-5,,8.288e-5
393.68,4.073e-5,,4.073e-5
393.73,1.937e-5,,1.937e-5
393.78,8.921e-6,,8.921e-6
393.83,3.977e-6,,3.977e-6
393.88,1.716e-6,,1.716e-6
393.93,7.174e-7,,7.174e-7
393.98,2.910e-7,,2.910e-7
394.03,1.163e-7,,1.163e-7
394.08,5.042e-8,,5.042e-8
394.13,3.486e-8,,3.486e-8
394.18,5.332e-8,,5.332e-8
394.23,1.175e-7,,1.175e-7
394.28,2.719e-7,,2.719e-7
394.33,6.169e-7,,6.169e-7
394.38,1.358e-6,,1.358e-6
394.43,2.895e-6,,2.895e-6
394.48,5.979e-6,,5.979e-6
394.53,1.196e-5,,1.196e-5
394.58,2.317e-5,,2.317e-5
394.63,4.348e-5,,4.348e-5
394.68,7.903e-5,,7.903e-5
394.73,1.391e-4,,1.391e-4
394.78,2.372e-4,,2.372e-4
394.83,3.917e-4,,3.917e-4
394.88,6.265e-4,,6.265e-4
394.93,9.706e-4,,9.706e-4
394.98,1.456e-3,,1.456e-3
395.03,2.116e-3,,2.116e-3
395.08,2.979e-3,,2.979e-3
395.13,4.061e-3,,4.061e-3
395.18,5.363e-3,,5.363e-3
395.23,6.858e-3,,6.858e-3
395.28,8.495e-3,,8.495e-3
395.33,1.019e-2,,1.019e-2
395.38,1.184e-2,,1.184e-2
395.43,1.333e-2,,1.333e-2
395.48,1.453e-2,,1.453e-2
395.53,1.534e-2,,1.534e-2
395.58,1.569e-2,,1.569e-2
395.63,1.554e-2,,1.554e-2
395.68,1.491e-2,,1.491e-2
395.73,1.385e-2,,1.385e-2
395.78,1.247e-2,,1.247e-2
395.83,1.086e-2,,1.086e-2
395.88,9.172e-3,,9.172e-3
395.93,7.500e-3,,7.500e-3
395.98,5.940e-3,,5.940e-3
396.03,4.556e-3,,4.556e-3
396.08,3.385e-3,,3.385e-3
396.13,2.436e-3,,2.436e-3
396.18,1.698e-3,,1.698e-3
396.23,1.146e-3,,1.146e-3
396.28,7.493e-4,,7.493e-4
396.33,4.745e-4,,4.745e-4
396.38,2.910e-4,,2.910e-4
396.43,1.729e-4,,1.729e-4
396.48,9.947e-5,,9.947e-5
396.53,5.543e-5,,5.543e-5
396.58,2.992e-5,,2.992e-5
396.63,1.564e-5,,1.564e-5
396.68,7.920e-6,,7.920e-6
396.73,3.884e-6,,3.884e-6
396.78,1.845e-6,,1.845e-6
396.83,8.488e-7,,8.488e-7
396.88,3.782e-7,,3.782e-7
396.93,1.632e-7,,1.632e-7
396.98,6.824e-8,,6.824e-8
397.03,2.763e-8,,2.763e-8
397.08,1.083e-8,,1.083e-8
397.13,4.115e-9,,4.115e-9
397.18,1.514e-9,,1.514e-9
397.23,5.393e-10,,5.393e-10
397.28,1.861e-10,,1.861e-10
397.33,6.221e-11,,6.221e-11
397.38,2.014e-11,,2.014e-11
397.43,6.315e-12,,6.315e-12
397.48,1.918e-12,,1.918e-12
397.53,5.641e-13,,5.641e-13
397.58,1.607e-13,,1.607e-13
397.63,4.434e-14,,4.434e-14
397.68,1.185e-14,,1.185e-14
397.73,3.068e-15,,3.068e-15
397.78,7.858e-16,,7.858e-16
397.83,2.598e-16,,2.598e-16
397.88,3.541e-16,,3.541e-16
397.93,1.286e-15,,1.286e-15
397.98,5.091e-15,,5.091e-15
398.03,1.967e-14,,1.967e-14
398.08,7.368e-14,,7.368e-14
398.13,2.675e-13,,2.675e-13
398.18,9.415e-13,,9.415e-13
398.23,3.212e-12,,3.212e-12
398.28,1.062e-11,,1.062e-11
398.33,3.403e-11,,3.403e-11
398.38,1.057e-10,,1.057e-10
398.43,3.183e-10,,3.183e-10
398.48,9.289e-10,,9.289e-10
398.53,2.627e-9,,2.627e-9
398.58,7.203e-9,,7.203e-9
398.63,1.914e-8,,1.914e-8
398.68,4.930e-8,,4.930e-8
398.73,1.231e-7,,1.231e-7
398.78,2.978e-7,,2.978e-7
398.83,6.985e-7,,6.985e-7
398.88,1.588e-6,,1.588e-6
398.93,3.499e-6,,3.499e-6
398.98,7.474e-6,,7.474e-6
399.03,1.548e-5,,1.548e-5
399.08,3.106e-5,,3.106e-5
399.13,6.042e-5,,6.042e-5
399.18,1.140e-4,,1.140e-4
399.23,2.084e-4,,2.084e-4
399.28,3.694e-4,,3.694e-4
399.33,6.349e-4,,6.349e-4
399.38,1.058e-3,,1.058e-3
399.43,1.711e-3,,1.711e-3
399.48,2.684e-3,,2.684e-3
399.53,4.086e-3,,4.086e-3
399.58,6.039e-3,,6.039e-3
399.63,8.671e-3,,8.671e-3
399.68,1.210e-2,,1.210e-2
399.73,1.644e-2,,1.644e-2
399.78,2.175e-2,,2.175e-2
399.83,2.808e-2,,2.808e-2
399.88,3.543e-2,,3.543e-2
399.93,4.380e-2,,4.380e-2
399.98,5.317e-2,,5.317e-2
400.03,6.354e-2,,6.354e-2
400.08,7.495e-2,,7.495e-2
400.13,8.744e-2,,8.744e-2
400.18,1.010e-1,,1.010e-1
400.23,1.158e-1,,1.158e-1
400.28,1.314e-1,,1.314e-1
400.33,1.476e-1,,1.476e-1
400.38,1.638e-1,,1.638e-1
400.43,1.792e-1,,1.792e-1
400.48,1.926e-1,,1.926e-1
400.53,2.029e-1,,2.029e-1
400.58,2.092e-1,,2.092e-1
400.63,2.105e-1,,2.105e-1
400.68,2.065e-1,,2.065e-1
400.73,1.972e-1,,1.972e-1
400.78,1.832e-1,,1.832e-1
400.83,1.653e-1,,1.653e-1
400.88,1.449e-1,,1.449e-1
400.93,1.233e-1,,1.233e-1
400.98,1.018e-1,,1.018e-1
401.03,8.149e-2,,8.149e-2
401.08,6.329e-2,,6.329e-2
401.13,4.768e-2,,4.768e-2
401.18,3.483e-2,,3.483e-2
401.23,2.466e-2,,2.466e-2
401.28,1.694e-2,,1.694e-2
401.33,1.128e-2,,1.128e-2
401.38,7.290e-3,,7.290e-3
401.43,4.581e-3,,4.581e-3
401.48,2.813e-3,,2.813e-3
401.53,1.712e-3,,1.712e-3
401.58,1.073e-3,,1.073e-3
401.63,7.472e-4,,7.472e-4
401.68,6.390e-4,,6.390e-4
401.73,6.898e-4,,6.898e-4
401.78,8.675e-4,,8.675e-4
401.83,1.156e-3,,1.156e-3
401.88,1.549e-3,,1.549e-3
401.93,2.037e-3,,2.037e-3
401.98,2.610e-3,,2.610e-3
402.03,3.247e-3,,3.247e-3
402.08,3.919e-3,,3.919e-3
402.13,4.588e-3,,4.588e-3
402.18,5.207e-3,,5.207e-3
402.23,5.731e-3,,5.731e-3
402.28,6.117e-3,,6.117e-3
402.33,6.330e-3,,6.330e-3
402.38,6.352e-3,,6.352e-3
402.43,6.181e-3,,6.181e-3
402.48,5.833e-3,,5.833e-3
402.53,5.339e-3,,5.339e-3
402.58,4.739e-3,,4.739e-3
402.63,4.082e-3,,4.082e-3
402.68,3.412e-3,,3.412e-3
402.73,2.769e-3,,2.769e-3
402.78,2.183e-3,,2.183e-3
402.83,1.675e-3,,1.675e-3
402.88,1.253e-3,,1.253e-3
402.93,9.187e-4,,9.187e-4
402.98,6.650e-4,,6.650e-4
403.03,4.820e-4,,4.820e-4
403.08,3.574e-4,,3.574e-4
403.13,2.793e-4,,2.793e-4
403.18,2.367e-4,,2.367e-4
403.23,2.210e-4,,2.210e-4
403.28,2.261e-4,,2.261e-4
403.33,2.491e-4,,2.491e-4
403.38,2.913e-4,,2.913e-4
403.43,3.582e-4,,3.582e-4
403.48,4.614e-4,,4.614e-4
403.53,6.195e-4,,6.195e-4
403.58,8.587e-4,,8.587e-4
403.63,1.213e-3,,1.213e-3
403.68,1.723e-3,,1.723e-3
403.73,2.433e-3,,2.433e-3
403.78,3.388e-3,,3.388e-3
403.83,4.624e-3,,4.624e-3
403.88,6.158e-3,,6.158e-3
403.93,7.987e-3,,7.987e-3
403.98,1.007e-2,,1.007e-2
404.03,1.233e-2,,1.233e-2
404.08,1.466e-2,,1.466e-2
404.13,1.692e-2,,1.692e-2
404.18,1.893e-2,,1.893e-2
404.23,2.056e-2,,2.056e-2
404.28,2.165e-2,,2.165e-2
404.33,2.212e-2,,2.212e-2
404.38,2.191e-2,,2.191e-2
404.43,2.106e-2,,2.106e-2
404.48,1.963e-2,,1.963e-2
404.53,1.774e-2,,1.774e-2
404.58,1.556e-2,,1.556e-2
404.63,1.323e-2,,1.323e-2
404.68,1.091e-2,,1.091e-2
404.73,8.727e-3,,8.727e-3
404.78,6.771e-3,,6.771e-3
404.83,5.095e-3,,5.095e-3
404.88,3.718e-3,,3.718e-3
404.93,2.632e-3,,2.632e-3
404.98,1.807e-3,,1.807e-3
405.03,1.203e-3,,1.203e-3
405.08,7.768e-4,,7.768e-4
405.13,4.865e-4,,4.865e-4
405.18,2.955e-4,,2.955e-4
405.23,1.741e-4,,1.741e-4
405.28,9.948e-5,,9.948e-5
405.33,5.513e-5,,5.513e-5
405.38,2.963e-5,,2.963e-5
405.43,1.545e-5,,1.545e-5
405.48,7.811e-6,,7.811e-6
405.53,3.830e-6,,3.830e-6
405.58,1.822e-6,,1.822e-6
405.63,8.404e-7,,8.404e-7
405.68,3.760e-7,,3.760e-7
405.73,1.631e-7,,1.631e-7
405.78,6.866e-8,,6.866e-8
405.83,2.802e-8,,2.802e-8
405.88,1.109e-8,,1.109e-8
405.93,4.260e-9,,4.260e-9
405.98,1.586e-9,,1.586e-9
406.03,5.730e-10,,5.730e-10
406.08,2.009e-10,,2.009e-10
406.13,6.873e-11,,6.873e-11
406.18,2.428e-11,,2.428e-11
406.23,1.300e-11,,1.300e-11
406.28,2.037e-11,,2.037e-11
406.33,5.559e-11,,5.559e-11
406.38,1.615e-10,,1.615e-10
406.43,4.599e-10,,4.599e-10
406.48,1.272e-9,,1.272e-9
406.53,3.415e-9,,3.415e-9
406.58,8.897e-9,,8.897e-9
406.63,2.249e-8,,2.249e-8
406.68,5.518e-8,,5.518e-8
406.73,1.314e-7,,1.314e-7
406.78,3.035e-7,,3.035e-7
406.83,6.805e-7,,6.805e-7
406.88,1.481e-6,,1.481e-6
406.93,3.126e-6,,3.126e-6
406.98,6.405e-6,,6.405e-6
407.03,1.274e-5,,1.274e-5
407.08,2.458e-5,,2.458e-5
407.13,4.602e-5,,4.602e-5
407.18,8.363e-5,,8.363e-5
407.23,1.475e-4,,1.475e-4
407.28,2.524e-4,,2.524e-4
407.33,4.191e-4,,4.191e-4
407.38,6.754e-4,,6.754e-4
407.43,1.056e-3,,1.056e-3
407.48,1.603e-3,,1.603e-3
407.53,2.361e-3,,2.361e-3
407.58,3.375e-3,,3.375e-3
407.63,4.681e-3,,4.681e-3
407.68,6.301e-3,,6.301e-3
407.73,8.230e-3,,8.230e-3
407.78,1.043e-2,,1.043e-2
407.83,1.283e-2,,1.283e-2
407.88,1.532e-2,,1.532e-2
407.93,1.775e-2,,1.775e-2
407.98,1.995e-2,,1.995e-2
408.03,2.176e-2,,2.176e-2
408.08,2.304e-2,,2.304e-2
408.13,2.367e-2,,2.367e-2
408.18,2.360e-2,,2.360e-2
408.23,2.284e-2,,2.284e-2
408.28,2.144e-2,,2.144e-2
408.33,1.954e-2,,1.954e-2
408.38,1.727e-2,,1.727e-2
408.43,1.482e-2,,1.482e-2
408.48,1.234e-2,,1.234e-2
408.53,9.973e-3,,9.973e-3
408.58,7.821e-3,,7.821e-3
408.63,5.952e-3,,5.952e-3
408.68,4.395e-3,,4.395e-3
408.73,3.150e-3,,3.150e-3
408.78,2.191e-3,,2.191e-3
408.83,1.478e-3,,1.478e-3
408.88,9.683e-4,,9.683e-4
408.93,6.154e-4,,6.154e-4
408.98,3.796e-4,,3.796e-4
409.03,2.272e-4,,2.272e-4
409.08,1.320e-4,,1.320e-4
409.13,7.439e-5,,7.439e-5
409.18,4.069e-5,,4.069e-5
409.23,2.160e-5,,2.160e-5
409.28,1.113e-5,,1.113e-5
409.33,5.562e-6,,5.562e-6
409.38,2.698e-6,,2.698e-6
409.43,1.270e-6,,1.270e-6
409.48,5.804e-7,,5.804e-7
409.53,2.573e-7,,2.573e-7
409.58,1.107e-7,,1.107e-7
409.63,4.622e-8,,4.622e-8
409.68,1.873e-8,,1.873e-8
409.73,7.364e-9,,7.364e-9
409.78,2.810e-9,,2.810e-9
409.83,1.040e-9,,1.040e-9
409.88,3.739e-10,,3.739e-10
409.93,1.304e-10,,1.304e-10
409.98,4.415e-11,,4.415e-11
410.03,1.458e-11,,1.458e-11
410.08,4.905e-12,,4.905e-12
410.13,2.272e-12,,2.272e-12
410.18,2.831e-12,,2.831e-12
410.23,6.764e-12,,6.764e-12
410.28,1.785e-11,,1.785e-11
410.33,4.643e-11,,4.643e-11
410.38,1.174e-10,,1.174e-10
410.43,2.885e-10,,2.885e-10
410.48,6.881e-10,,6.881e-10
410.53,1.594e-9,,1.594e-9
410.58,3.583e-9,,3.583e-9
410.63,7.824e-9,,7.824e-9
410.68,1.659e-8,,1.659e-8
410.73,3.414e-8,,3.414e-8
410.78,6.823e-8,,6.823e-8
410.83,1.324e-7,,1.324e-7
410.88,2.495e-7,,2.495e-7
410.93,4.565e-7,,4.565e-7
410.98,8.109e-7,,8.109e-7
411.03,1.399e-6,,1.399e-6
411.08,2.342e-6,,2.342e-6
411.13,3.809e-6,,3.809e-6
411.18,6.014e-6,,6.014e-6
411.23,9.219e-6,,9.219e-6
411.28,1.372e-5,,1.372e-5
411.33,1.983e-5,,1.983e-5
411.38,2.783e-5,,2.783e-5
411.43,3.793e-5,,3.793e-5
411.48,5.018e-5,,5.018e-5
411.53,6.446e-5,,6.446e-5
411.58,8.040e-5,,8.040e-5
411.63,9.738e-5,,9.738e-5
411.68,1.145e-4,,1.145e-4
411.73,1.307e-4,,1.307e-4
411.78,1.450e-4,,1.450e-4
411.83,1.560e-4,,1.560e-4
411.88,1.631e-4,,1.631e-4
411.93,1.655e-4,,1.655e-4
411.98,1.631e-4,,1.631e-4
412.03,1.560e-4,,1.560e-4
412.08,1.450e-4,,1.450e-4
412.13,1.307e-4,,1.307e-4
412.18,1.145e-4,,1.145e-4
412.23,9.738e-5,,9.738e-5
412.28,8.040e-5,,8.040e-5
412.33,6.446e-5,,6.446e-5
412.38,5.018e-5,,5.018e-5
412.43,3.793e-5,,3.793e-5
412.48,2.783e-5,,2.783e-5
412.53,1.983e-5,,1.983e-5
412.58,1.372e-5,,1.372e-5
412.63,9.219e-6,,9.219e-6
412.68,6.014e-6,,6.014e-6
412.73,3.809e-6,,3.809e-6
412.78,2.342e-6,,2.342e-6
412.83,1.399e-6,,1.399e-6
412.88,8.109e-7,,8.109e-7
412.93,4.565e-7,,4.565e-7
412.98,2.495e-7,,2.495e-7
413.03,1.324e-7,,1.324e-7
413.08,6.823e-8,,6.823e-8
413.13,3.414e-8,,3.414e-8
413.18,1.659e-8,,1.659e-8
413.23,7.824e-9,,7.824e-9
413.28,3.584e-9,,3.584e-9
413.33,1.594e-9,,1.594e-9
413.38,6.899e-10,,6.899e-10
413.43,2.937e-10,,2.937e-10
413.48,1.317e-10,,1.317e-10
413.53,8.462e-11,,8.462e-11
413.58,1.170e-10,,1.170e-10
413.63,2.568e-10,,2.568e-10
413.68,6.154e-10,,6.154e-10
413.73,1.460e-9,,1.460e-9
413.78,3.374e-9,,3.374e-9
413.83,7.578e-9,,7.578e-9
413.88,1.653e-8,,1.653e-8
413.93,3.505e-8,,3.505e-8
413.98,7.216e-8,,7.216e-8
414.03,1.443e-7,,1.443e-7
414.08,2.804e-7,,2.804e-7
414.13,5.293e-7,,5.293e-7
414.18,9.705e-7,,9.705e-7
414.23,1.729e-6,,1.729e-6
414.28,2.991e-6,,2.991e-6
414.33,5.028e-6,,5.028e-6
414.38,8.211e-6,,8.211e-6
414.43,1.303e-5,,1.303e-5
414.48,2.009e-5,,2.009e-5
414.53,3.009e-5,,3.009e-5
414.58,4.381e-5,,4.381e-5
414.63,6.201e-5,,6.201e-5
414.68,8.534e-5,,8.534e-5
414.73,1.143e-4,,1.143e-4
414.78,1.489e-4,,1.489e-4
414.83,1.892e-4,,1.892e-4
414.88,2.344e-4,,2.344e-4
414.93,2.840e-4,,2.840e-4
414.98,3.372e-4,,3.372e-4
415.03,3.938e-4,,3.938e-4
415.08,4.541e-4,,4.541e-4
415.13,5.198e-4,,5.198e-4
415.18,5.936e-4,,5.936e-4
415.23,6.798e-4,,6.798e-4
415.28,7.836e-4,,7.836e-4
415.33,9.102e-4,,9.102e-4
415.38,1.065e-3,,1.065e-3
415.43,1.249e-3,,1.249e-3
415.48,1.464e-3,,1.464e-3
415.53,1.706e-3,,1.706e-3
415.58,1.967e-3,,1.967e-3
415.63,2.234e-3,,2.234e-3
415.68,2.495e-3,,2.495e-3
415.73,2.734e-3,,2.734e-3
415.78,2.937e-3,,2.937e-3
415.83,3.093e-3,,3.093e-3
415.88,3.194e-3,,3.194e-3
415.93,3.237e-3,,3.237e-3
415.98,3.225e-3,,3.225e-3
416.03,3.162e-3,,3.162e-3
416.08,3.058e-3,,3.058e-3
416.13,2.921e-3,,2.921e-3
416.18,2.758e-3,,2.758e-3
416.23,2.577e-3,,2.577e-3
416.28,2.383e-3,,2.383e-3
416.33,2.180e-3,,2.180e-3
416.38,1.970e-3,,1.970e-3
416.43,1.756e-3,,1.756e-3
416.48,1.541e-3,,1.541e-3
416.53,1.330e-3,,1.330e-3
416.58,1.125e-3,,1.125e-3
416.63,9.324e-4,,9.324e-4
416.68,7.555e-4,,7.555e-4
416.73,5.978e-4,,5.978e-4
416.78,4.614e-4,,4.614e-4
416.84,3.268e-4,,3.268e-4
416.89,2.382e-4,,2.382e-4
416.94,1.689e-4,,1.689e-4
416.99,1.166e-4,,1.166e-4
417.04,7.825e-5,,7.825e-5
417.09,5.107e-5,,5.107e-5
417.14,3.241e-5,,3.241e-5
417.19,1.999e-5,,1.999e-5
417.24,1.198e-5,,1.198e-5
417.29,6.979e-6,,6.979e-6
417.34,3.951e-6,,3.951e-6
417.39,2.173e-6,,2.173e-6
417.44,1.162e-6,,1.162e-6
417.49,6.033e-7,,6.033e-7
417.54,3.045e-7,,3.045e-7
417.59,1.493e-7,,1.493e-7
417.64,7.112e-8,,7.112e-8
417.69,3.292e-8,,3.292e-8
417.74,1.480e-8,,1.480e-8
417.79,6.468e-9,,6.468e-9
417.84,2.746e-9,,2.746e-9
417.89,1.133e-9,,1.133e-9
417.94,4.538e-10,,4.538e-10
417.99,1.767e-10,,1.767e-10
418.04,6.684e-11,,6.684e-11
418.09,2.456e-11,,2.456e-11
418.14,8.770e-12,,8.770e-12
418.19,3.043e-12,,3.043e-12
418.24,1.025e-12,,1.025e-12
418.29,3.358e-13,,3.358e-13
418.34,1.068e-13,,1.068e-13
418.39,3.302e-14,,3.302e-14
418.44,9.917e-15,,9.917e-15
418.49,2.893e-15,,2.893e-15
418.54,8.202e-16,,8.202e-16
418.59,2.259e-16,,2.259e-16
418.64,6.045e-17,,6.045e-17
418.69,1.572e-17,,1.572e-17
418.74,3.969e-18,,3.969e-18
418.79,9.741e-19,,9.741e-19
418.84,2.322e-19,,2.322e-19
428.69,2.575e-20,,2.575e-20
428.74,1.023e-19,,1.023e-19
428.79,3.953e-19,,3.953e-19
428.84,1.488e-18,,1.488e-18
428.89,5.449e-18,,5.449e-18
428.94,1.943e-17,,1.943e-17
428.99,6.747e-17,,6.747e-17
429.04,2.280e-16,,2.280e-16
429.09,7.501e-16,,7.501e-16
429.14,2.402e-15,,2.402e-15
429.19,7.490e-15,,7.490e-15
429.24,2.273e-14,,2.273e-14
429.29,6.716e-14,,6.716e-14
429.34,1.932e-13,,1.932e-13
429.39,5.408e-13,,5.408e-13
429.44,1.474e-12,,1.474e-12
429.49,3.911e-12,,3.911e-12
429.54,1.010e-11,,1.010e-11
429.59,2.540e-11,,2.540e-11
429.64,6.217e-11,,6.217e-11
429.69,1.481e-10,,1.481e-10
429.74,3.436e-10,,3.436e-10
429.79,7.759e-10,,7.759e-10
429.84,1.706e-9,,1.706e-9
429.89,3.650e-9,,3.650e-9
429.94,7.603e-9,,7.603e-9
429.99,1.542e-8,,1.542e-8
430.04,3.044e-8,,3.044e-8
430.09,5.849e-8,,5.849e-8
430.14,1.094e-7,,1.094e-7
430.19,1.993e-7,,1.993e-7
430.24,3.533e-7,,3.533e-7
430.29,6.097e-7,,6.097e-7
430.34,1.024e-6,,1.024e-6
430.39,1.675e-6,,1.675e-6
430.44,2.667e-6,,2.667e-6
430.49,4.133e-6,,4.133e-6
430.54,6.236e-6,,6.236e-6
430.59,9.159e-6,,9.159e-6
430.64,1.310e-5,,1.310e-5
430.69,1.823e-5,,1.823e-5
430.74,2.470e-5,,2.470e-5
430.79,3.258e-5,,3.258e-5
430.84,4.183e-5,,4.183e-5
430.89,5.228e-5,,5.228e-5
430.94,6.362e-5,,6.362e-5
430.99,7.536e-5,,7.536e-5
431.04,8.690e-5,,8.690e-5
431.09,9.755e-5,,9.755e-5
431.14,1.066e-4,,1.066e-4
431.19,1.134e-4,,1.134e-4
431.24,1.175e-4,,1.175e-4
431.29,1.184e-4,,1.184e-4
431.34,1.163e-4,,1.163e-4
431.39,1.112e-4,,1.112e-4
431.44,1.036e-4,,1.036e-4
431.49,9.422e-5,,9.422e-5
431.54,8.377e-5,,8.377e-5
431.59,7.316e-5,,7.316e-5
431.64,6.331e-5,,6.331e-5
431.69,5.518e-5,,5.518e-5
431.74,4.973e-5,,4.973e-5
431.79,4.792e-5,,4.792e-5
431.84,5.079e-5,,5.079e-5
431.89,5.943e-5,,5.943e-5
431.94,7.499e-5,,7.499e-5
431.99,9.861e-5,,9.861e-5
432.04,1.313e-4,,1.313e-4
432.09,1.739e-4,,1.739e-4
432.14,2.266e-4,,2.266e-4
432.19,2.891e-4,,2.891e-4
432.24,3.599e-4,,3.599e-4
432.29,4.369e-4,,4.369e-4
432.34,5.167e-4,,5.167e-4
432.39,5.951e-4,,5.951e-4
432.44,6.675e-4,,6.675e-4
432.49,7.289e-4,,7.289e-4
432.54,7.751e-4,,7.751e-4
432.59,8.025e-4,,8.025e-4
432.64,8.089e-4,,8.089e-4
432.69,7.940e-4,,7.940e-4
432.74,7.587e-4,,7.587e-4
432.79,7.059e-4,,7.059e-4
432.84,6.395e-4,,6.395e-4
432.89,5.640e-4,,5.640e-4
432.94,4.844e-4,,4.844e-4
432.99,4.050e-4,,4.050e-4
433.04,3.297e-4,,3.297e-4
433.09,2.613e-4,,2.613e-4
433.14,2.017e-4,,2.017e-4
433.19,1.515e-4,,1.515e-4
433.24,1.109e-4,,1.109e-4
433.29,7.896e-5,,7.896e-5
433.34,5.476e-5,,5.476e-5
433.39,3.698e-5,,3.698e-5
433.44,2.431e-5,,2.431e-5
433.49,1.556e-5,,1.556e-5
433.54,9.698e-6,,9.698e-6
433.59,5.885e-6,,5.885e-6
433.64,3.477e-6,,3.477e-6
433.69,2.000e-6,,2.000e-6
433.74,1.120e-6,,1.120e-6
433.79,6.109e-7,,6.109e-7
433.84,3.243e-7,,3.243e-7
433.89,1.677e-7,,1.677e-7
433.94,8.439e-8,,8.439e-8
433.99,4.135e-8,,4.135e-8
434.04,1.973e-8,,1.973e-8
434.09,9.166e-9,,9.166e-9
434.14,4.146e-9,,4.146e-9
434.19,1.826e-9,,1.826e-9
434.24,7.829e-10,,7.829e-10
434.29,3.268e-10,,3.268e-10
434.34,1.328e-10,,1.328e-10
434.39,5.257e-11,,5.257e-11
434.44,2.026e-11,,2.026e-11
434.49,7.600e-12,,7.600e-12
434.54,2.776e-12,,2.776e-12
434.59,9.873e-13,,9.873e-13
434.64,3.419e-13,,3.419e-13
434.69,1.153e-13,,1.153e-13
434.74,3.784e-14,,3.784e-14
434.79,1.209e-14,,1.209e-14
434.84,3.763e-15,,3.763e-15
434.89,1.140e-15,,1.140e-15
434.94,3.363e-16,,3.363e-16
434.99,9.660e-17,,9.660e-17
435.04,2.701e-17,,2.701e-17
435.09,7.355e-18,,7.355e-18
435.14,1.950e-18,,1.950e-18
435.19,5.033e-19,,5.033e-19
435.24,1.265e-19,,1.265e-19
437.74,3.529e-18,,3.529e-18
437.79,1.366e-17,,1.366e-17
437.84,5.153e-17,,5.153e-17
437.89,1.894e-16,,1.894e-16
437.94,6.788e-16,,6.788e-16
437.99,2.370e-15,,2.370e-15
438.04,8.065e-15,,8.065e-15
438.09,2.675e-14,,2.675e-14
438.14,8.644e-14,,8.644e-14
438.19,2.722e-13,,2.722e-13
438.24,8.356e-13,,8.356e-13
438.29,2.499e-12,,2.499e-12
438.34,7.286e-12,,7.286e-12
438.39,2.070e-11,,2.070e-11
438.44,5.731e-11,,5.731e-11
438.49,1.546e-10,,1.546e-10
438.54,4.066e-10,,4.066e-10
438.59,1.042e-9,,1.042e-9
438.64,2.602e-9,,2.602e-9
438.69,6.333e-9,,6.333e-9
438.74,1.502e-8,,1.502e-8
438.79,3.472e-8,,3.472e-8
438.84,7.822e-8,,7.822e-8
438.89,1.717e-7,,1.717e-7
438.94,3.674e-7,,3.674e-7
438.99,7.660e-7,,7.660e-7
439.04,1.556e-6,,1.556e-6
439.09,3.082e-6,,3.082e-6
439.14,5.948e-6,,5.948e-6
439.19,1.119e-5,,1.119e-5
439.24,2.050e-5,,2.050e-5
439.29,3.663e-5,,3.663e-5
439.34,6.377e-5,,6.377e-5
439.39,1.082e-4,,1.082e-4
439.44,1.789e-4,,1.789e-4
439.49,2.883e-4,,2.883e-4
439.54,4.529e-4,,4.529e-4
439.59,6.934e-4,,6.934e-4
439.64,1.035e-3,,1.035e-3
439.69,1.505e-3,,1.505e-3
439.74,2.135e-3,,2.135e-3
439.79,2.953e-3,,2.953e-3
439.84,3.983e-3,,3.983e-3
439.89,5.241e-3,,5.241e-3
439.94,6.731e-3,,6.731e-3
439.99,8.440e-3,,8.440e-3
440.04,1.034e-2,,1.034e-2
440.09,1.239e-2,,1.239e-2
440.14,1.454e-2,,1.454e-2
440.19,1.674e-2,,1.674e-2
440.24,1.894e-2,,1.894e-2
440.29,2.111e-2,,2.111e-2
440.34,2.325e-2,,2.325e-2
440.39,2.538e-2,,2.538e-2
440.44,2.755e-2,,2.755e-2
440.49,2.983e-2,,2.983e-2
440.54,3.228e-2,,3.228e-2
440.59,3.494e-2,,3.494e-2
440.64,3.783e-2,,3.783e-2
440.69,4.088e-2,,4.088e-2
440.74,4.400e-2,,4.400e-2
440.79,4.701e-2,,4.701e-2
440.84,4.970e-2,,4.970e-2
440.89,5.184e-2,,5.184e-2
440.94,5.321e-2,,5.321e-2
440.99,5.361e-2,,5.361e-2
441.04,5.293e-2,,5.293e-2
441.09,5.115e-2,,5.115e-2
441.14,4.831e-2,,4.831e-2
441.19,4.458e-2,,4.458e-2
441.24,4.015e-2,,4.015e-2
441.29,3.529e-2,,3.529e-2
441.34,3.027e-2,,3.027e-2
441.39,2.532e-2,,2.532e-2
441.44,2.067e-2,,2.067e-2
441.49,1.648e-2,,1.648e-2
441.54,1.286e-2,,1.286e-2
441.59,9.853e-3,,9.853e-3
441.64,7.487e-3,,7.487e-3
441.69,5.744e-3,,5.744e-3
441.74,4.591e-3,,4.591e-3
441.79,3.995e-3,,3.995e-3
441.84,3.927e-3,,3.927e-3
441.89,4.368e-3,,4.368e-3
441.94,5.306e-3,,5.306e-3
441.99,6.736e-3,,6.736e-3
442.04,8.649e-3,,8.649e-3
442.09,1.102e-2,,1.102e-2
442.14,1.381e-2,,1.381e-2
442.19,1.692e-2,,1.692e-2
442.24,2.026e-2,,2.026e-2
442.29,2.365e-2,,2.365e-2
442.34,2.693e-2,,2.693e-2
442.39,2.990e-2,,2.990e-2
442.44,3.236e-2,,3.236e-2
442.49,3.414e-2,,3.414e-2
442.54,3.512e-2,,3.512e-2
442.59,3.521e-2,,3.521e-2
442.64,3.441e-2,,3.441e-2
442.69,3.278e-2,,3.278e-2
442.74,3.044e-2,,3.044e-2
442.79,2.755e-2,,2.755e-2
442.84,2.431e-2,,2.431e-2
442.89,2.091e-2,,2.091e-2
442.94,1.754e-2,,1.754e-2
442.99,1.433e-2,,1.433e-2
443.04,1.142e-2,,1.142e-2
443.09,8.870e-3,,8.870e-3
443.14,6.716e-3,,6.716e-3
443.19,4.956e-3,,4.956e-3
443.24,3.566e-3,,3.566e-3
443.29,2.501e-3,,2.501e-3
443.34,1.709e-3,,1.709e-3
443.39,1.139e-3,,1.139e-3
443.44,7.400e-4,,7.400e-4
443.49,4.686e-4,,4.686e-4
443.54,2.892e-4,,2.892e-4
443.59,1.740e-4,,1.740e-4
443.64,1.021e-4,,1.021e-4
443.69,5.836e-5,,5.836e-5
443.74,3.253e-5,,3.253e-5
443.79,1.767e-5,,1.767e-5
443.84,9.358e-6,,9.358e-6
443.89,4.831e-6,,4.831e-6
443.94,2.431e-6,,2.431e-6
443.99,1.193e-6,,1.193e-6
444.04,5.703e-7,,5.703e-7
444.09,2.658e-7,,2.658e-7
444.14,1.208e-7,,1.208e-7
444.19,5.351e-8,,5.351e-8
444.24,2.310e-8,,2.310e-8
444.29,9.723e-9,,9.723e-9
444.34,3.989e-9,,3.989e-9
444.39,1.595e-9,,1.595e-9
444.44,6.220e-10,,6.220e-10
444.49,2.364e-10,,2.364e-10
444.54,8.757e-11,,8.757e-11
444.59,3.162e-11,,3.162e-11
444.64,1.113e-11,,1.113e-11
444.69,3.820e-12,,3.820e-12
444.74,1.278e-12,,1.278e-12
444.79,4.166e-13,,4.166e-13
444.84,1.324e-13,,1.324e-13
444.89,4.103e-14,,4.103e-14
444.94,1.239e-14,,1.239e-14
444.99,3.648e-15,,3.648e-15
445.04,1.047e-15,,1.047e-15
445.09,2.929e-16,,2.929e-16
445.14,7.988e-17,,7.988e-17
445.19,2.123e-17,,2.123e-17
445.24,5.502e-18,,5.502e-18
452.8,2.632e-9,2.632e-9,
452.85,9.692e-9,9.692e-9,
452.9,3.484e-8,3.484e-8,
452.95,1.223e-7,1.223e-7,
453,4.188e-7,4.188e-7,
453.05,1.401e-6,1.401e-6,
453.1,4.572e-6,4.572e-6,
453.15,1.457e-5,1.457e-5,
453.2,4.533e-5,4.533e-5,
453.25,1.377e-4,1.377e-4,
453.3,4.081e-4,4.081e-4,
453.35,1.181e-3,1.181e-3,
453.4,3.336e-3,3.336e-3,
453.45,9.201e-3,9.201e-3,
453.5,2.477e-2,2.477e-2,
453.55,6.510e-2,6.510e-2,
453.6,1.670e-1,1.670e-1,
453.65,4.182e-1,4.182e-1,
453.7,1.023e+0,1.023e+0,
453.75,2.440e+0,2.440e+0,
453.8,5.685e+0,5.685e+0,
453.85,1.293e+1,1.293e+1,
453.9,2.871e+1,2.871e+1,
453.95,6.221e+1,6.221e+1,
454,1.316e+2,1.316e+2,
454.05,2.718e+2,2.718e+2,
454.1,5.481e+2,5.481e+2,
454.15,1.079e+3,1.079e+3,
454.2,2.073e+3,2.073e+3,
454.25,3.887e+3,3.887e+3,
454.3,7.117e+3,7.117e+3,
454.35,1.272e+4,1.272e+4,
454.4,2.219e+4,2.219e+4,
454.45,3.780e+4,3.780e+4,
454.5,6.285e+4,6.285e+4,
454.55,1.020e+5,1.020e+5,
454.6,1.616e+5,1.616e+5,
454.65,2.500e+5,2.500e+5,
454.7,3.774e+5,3.774e+5,
454.75,5.563e+5,5.563e+5,
454.8,8.005e+5,8.005e+5,
454.85,1.124e+6,1.124e+6,
454.9,1.542e+6,1.542e+6,
454.95,2.064e+6,2.064e+6,
455,2.696e+6,2.696e+6,
455.05,3.439e+6,3.439e+6,
455.1,4.282e+6,4.282e+6,
455.15,5.205e+6,5.205e+6,
455.2,6.177e+6,6.177e+6,
455.25,7.155e+6,7.155e+6,
455.3,8.090e+6,8.090e+6,
455.35,8.930e+6,8.930e+6,
455.4,9.623e+6,9.623e+6,
455.45,1.012e+7,1.012e+7,
455.5,1.039e+7,1.039e+7,
455.55,1.042e+7,1.042e+7,
455.6,1.020e+7,1.020e+7,
455.65,9.740e+6,9.740e+6,
455.7,9.082e+6,9.082e+6,
455.75,8.268e+6,8.268e+6,
455.8,7.347e+6,7.347e+6,
455.85,6.373e+6,6.373e+6,
455.9,5.397e+6,5.397e+6,
455.95,4.462e+6,4.462e+6,
456,3.600e+6,3.600e+6,
456.05,2.836e+6,2.836e+6,
456.1,2.181e+6,2.181e+6,
456.15,1.637e+6,1.637e+6,
456.2,1.200e+6,1.200e+6,
456.25,8.584e+5,8.584e+5,
456.3,5.995e+5,5.995e+5,
456.35,4.087e+5,4.087e+5,
456.4,2.720e+5,2.720e+5,
456.45,1.767e+5,1.767e+5,
456.5,1.121e+5,1.121e+5,
456.55,6.937e+4,6.937e+4,
456.6,4.193e+4,4.193e+4,
456.65,2.473e+4,2.473e+4,
456.7,1.425e+4,1.425e+4,
456.75,8.009e+3,8.009e+3,
456.8,4.395e+3,4.395e+3,
456.85,2.355e+3,2.355e+3,
456.9,1.232e+3,1.232e+3,
456.95,6.288e+2,6.288e+2,
457,3.134e+2,3.134e+2,
457.05,1.525e+2,1.525e+2,
457.1,7.241e+1,7.241e+1,
457.15,3.357e+1,3.357e+1,
457.2,1.520e+1,1.520e+1,
457.25,6.717e+0,6.717e+0,
457.3,2.905e+0,2.905e+0,
457.35,1.242e+0,1.242e+0,
457.4,5.596e-1,5.596e-1,
457.45,3.448e-1,3.448e-1,
457.5,4.235e-1,4.235e-1,
457.55,8.373e-1,8.373e-1,
457.6,1.857e+0,1.857e+0,
457.65,4.126e+0,4.126e+0,
457.7,8.991e+0,8.991e+0,
457.75,1.915e+1,1.915e+1,
457.8,3.982e+1,3.982e+1,
457.85,8.088e+1,8.088e+1,
457.9,1.604e+2,1.604e+2,
457.95,3.108e+2,3.108e+2,
458,5.880e+2,5.880e+2,
458.05,1.086e+3,1.086e+3,
458.1,1.960e+3,1.960e+3,
458.15,3.453e+3,3.453e+3,
458.2,5.942e+3,5.942e+3,
458.25,9.985e+3,9.985e+3,
458.3,1.638e+4,1.638e+4,
458.35,2.626e+4,2.626e+4,
458.4,4.110e+4,4.110e+4,
458.45,6.281e+4,6.281e+4,4.902e-20
458.5,9.375e+4,9.375e+4,1.782e-19
458.55,1.367e+5,1.367e+5,6.324e-19
458.6,1.945e+5,1.945e+5,2.193e-18
458.65,2.704e+5,2.704e+5,7.427e-18
458.7,3.672e+5,3.672e+5,2.457e-17
458.75,4.868e+5,4.868e+5,7.939e-17
458.8,6.303e+5,6.303e+5,2.506e-16
458.85,7.969e+5,7.969e+5,7.726e-16
458.9,9.841e+5,9.841e+5,2.326e-15
458.95,1.187e+6,1.187e+6,6.843e-15
459,1.398e+6,1.398e+6,1.966e-14
459.05,1.607e+6,1.607e+6,5.517e-14
459.1,1.805e+6,1.805e+6,1.512e-13
459.15,1.980e+6,1.980e+6,4.049e-13
459.2,2.121e+6,2.121e+6,1.059e-12
459.25,2.219e+6,2.219e+6,2.705e-12
459.3,2.266e+6,2.266e+6,6.749e-12
459.35,2.261e+6,2.261e+6,1.645e-11
459.4,2.203e+6,2.203e+6,3.916e-11
459.45,2.096e+6,2.096e+6,9.105e-11
459.5,1.947e+6,1.947e+6,2.068e-10
459.55,1.767e+6,1.767e+6,4.588e-10
459.6,1.566e+6,1.566e+6,9.941e-10
459.65,1.355e+6,1.355e+6,2.104e-9
459.7,1.145e+6,1.145e+6,4.350e-9
459.75,9.452e+5,9.452e+5,8.785e-9
459.8,7.618e+5,7.618e+5,1.733e-8
459.85,5.997e+5,5.997e+5,3.338e-8
459.9,4.610e+5,4.610e+5,6.283e-8
459.95,3.460e+5,3.460e+5,1.155e-7
460,2.537e+5,2.537e+5,2.074e-7
460.05,1.816e+5,1.816e+5,3.636e-7
460.1,1.270e+5,1.270e+5,6.229e-7
460.15,8.670e+4,8.670e+4,1.042e-6
460.2,5.781e+4,5.781e+4,1.704e-6
460.25,3.765e+4,3.765e+4,2.720e-6
460.3,2.394e+4,2.394e+4,4.241e-6
460.35,1.487e+4,1.487e+4,6.460e-6
460.4,9.017e+3,9.017e+3,9.611e-6
460.45,5.341e+3,5.341e+3,1.397e-5
460.5,3.089e+3,3.089e+3,1.983e-5
460.55,1.745e+3,1.745e+3,2.750e-5
460.6,9.626e+2,9.626e+2,3.726e-5
460.65,5.186e+2,5.186e+2,4.933e-5
460.7,2.728e+2,2.728e+2,6.380e-5
460.75,1.402e+2,1.402e+2,8.065e-5
460.8,7.033e+1,7.033e+1,9.965e-5
460.85,3.446e+1,3.446e+1,1.204e-4
460.9,1.649e+1,1.649e+1,1.423e-4
460.95,7.706e+0,7.706e+0,1.647e-4
461,3.517e+0,3.517e+0,1.869e-4
461.05,1.567e+0,1.567e+0,2.082e-4
461.1,6.824e-1,6.821e-1,2.282e-4
461.15,2.902e-1,2.899e-1,2.469e-4
461.2,1.206e-1,1.204e-1,2.647e-4
461.25,4.907e-2,4.879e-2,2.826e-4
461.3,1.962e-2,1.931e-2,3.021e-4
461.35,7.792e-3,7.467e-3,3.252e-4
461.4,3.173e-3,2.819e-3,3.543e-4
461.45,1.431e-3,1.039e-3,3.917e-4
461.5,8.138e-4,3.742e-4,4.395e-4
461.55,6.307e-4,1.316e-4,4.991e-4
461.6,6.160e-4,4.519e-5,5.708e-4
461.65,6.691e-4,1.515e-5,6.539e-4
461.7,7.510e-4,4.963e-6,7.460e-4
461.75,8.451e-4,1.587e-6,8.435e-4
461.8,9.419e-4,4.958e-7,9.415e-4
461.85,1.034e-3,1.512e-7,1.034e-3
461.9,1.115e-3,4.505e-8,1.115e-3
461.95,1.179e-3,1.311e-8,1.179e-3
462,1.221e-3,3.723e-9,1.221e-3
462.05,1.236e-3,1.033e-9,1.236e-3
462.1,1.225e-3,2.799e-10,1.225e-3
462.15,1.186e-3,,1.186e-3
462.2,1.123e-3,,1.123e-3
462.25,1.039e-3,,1.039e-3
462.3,9.387e-4,,9.387e-4
462.35,8.288e-4,,8.288e-4
462.4,7.150e-4,,7.150e-4
462.45,6.025e-4,,6.025e-4
462.5,4.960e-4,,4.960e-4
462.55,3.989e-4,,3.989e-4
462.6,3.134e-4,,3.134e-4
462.65,2.405e-4,,2.405e-4
462.7,1.803e-4,,1.803e-4
462.75,1.321e-4,,1.321e-4
462.8,9.448e-5,,9.448e-5
462.85,6.603e-5,,6.603e-5
462.9,4.508e-5,,4.508e-5
462.95,3.006e-5,,3.006e-5
463,1.958e-5,,1.958e-5
463.05,1.246e-5,,1.246e-5
463.1,7.746e-6,,7.746e-6
463.15,4.704e-6,,4.704e-6
463.2,2.790e-6,,2.790e-6
463.25,1.617e-6,,1.617e-6
463.3,9.152e-7,,9.152e-7
463.35,5.061e-7,,5.061e-7
463.4,2.733e-7,,2.733e-7
463.45,1.442e-7,,1.442e-7
463.5,7.434e-8,,7.434e-8
463.55,3.743e-8,,3.743e-8
463.6,1.841e-8,,1.841e-8
463.65,8.845e-9,,8.845e-9
463.7,4.151e-9,,4.151e-9
463.75,1.903e-9,,1.903e-9
463.8,8.524e-10,,8.524e-10
463.85,3.729e-10,,3.729e-10
463.9,1.594e-10,,1.594e-10
463.95,6.653e-11,,6.653e-11
464,2.713e-11,,2.713e-11
464.05,1.081e-11,,1.081e-11
464.1,4.206e-12,,4.206e-12
464.15,1.599e-12,,1.599e-12
464.2,5.937e-13,,5.937e-13
464.25,2.154e-13,,2.154e-13
464.3,7.632e-14,,7.632e-14
464.35,2.642e-14,,2.642e-14
464.4,8.933e-15,,8.933e-15
464.45,2.951e-15,,2.951e-15
464.5,9.521e-16,,9.521e-16
464.55,3.001e-16,,3.001e-16
464.6,9.240e-17,,9.240e-17
464.65,2.779e-17,,2.779e-17
464.7,8.165e-18,,8.165e-18
464.75,2.343e-18,,2.343e-18
464.8,6.570e-19,,6.570e-19
464.85,1.799e-19,,1.799e-19
468.8,1.568e-20,,1.568e-20
468.85,5.483e-20,,5.483e-20
468.9,1.875e-19,,1.875e-19
468.95,6.271e-19,,6.271e-19
469,2.051e-18,,2.051e-18
469.05,6.556e-18,,6.556e-18
469.1,2.049e-17,,2.049e-17
469.15,6.264e-17,,6.264e-17
469.2,1.872e-16,,1.872e-16
469.25,5.470e-16,,5.470e-16
469.3,1.563e-15,,1.563e-15
469.35,4.366e-15,,4.366e-15
469.4,1.193e-14,,1.193e-14
469.45,3.185e-14,,3.185e-14
469.5,8.318e-14,,8.318e-14
469.55,2.124e-13,,2.124e-13
469.6,5.303e-13,,5.303e-13
469.65,1.294e-12,,1.294e-12
469.7,3.090e-12,,3.090e-12
469.75,7.211e-12,,7.211e-12
469.8,1.645e-11,,1.645e-11
469.85,3.671e-11,,3.671e-11
469.9,8.010e-11,,8.010e-11
469.95,1.709e-10,,1.709e-10
470,3.563e-10,,3.563e-10
470.05,7.267e-10,,7.267e-10
470.1,1.449e-9,,1.449e-9
470.15,2.825e-9,,2.825e-9
470.2,5.386e-9,,5.386e-9
470.25,1.004e-8,,1.004e-8
470.3,1.830e-8,,1.830e-8
470.35,3.260e-8,,3.260e-8
470.4,5.681e-8,,5.681e-8
470.45,9.678e-8,,9.678e-8
470.5,1.612e-7,,1.612e-7
470.55,2.626e-7,,2.626e-7
470.6,4.182e-7,,4.182e-7
470.65,6.512e-7,,6.512e-7
470.7,9.915e-7,,9.915e-7
470.75,1.476e-6,,1.476e-6
470.8,2.148e-6,,2.148e-6
470.85,3.058e-6,,3.058e-6
470.9,4.255e-6,,4.255e-6
470.95,5.790e-6,,5.790e-6
471,7.703e-6,,7.703e-6
471.05,1.002e-5,,1.002e-5
471.1,1.275e-5,,1.275e-5
471.15,1.585e-5,,1.585e-5
471.2,1.928e-5,,1.928e-5
471.25,2.292e-5,,2.292e-5
471.3,2.664e-5,,2.664e-5
471.35,3.029e-5,,3.029e-5
471.4,3.366e-5,,3.366e-5
471.45,3.658e-5,,3.658e-5
471.5,3.887e-5,,3.887e-5
471.55,4.038e-5,,4.038e-5
471.6,4.102e-5,,4.102e-5
471.65,4.075e-5,,4.075e-5
471.7,3.957e-5,,3.957e-5
471.75,3.758e-5,,3.758e-5
471.8,3.489e-5,,3.489e-5
471.85,3.168e-5,,3.168e-5
471.9,2.812e-5,,2.812e-5
471.95,2.441e-5,,2.441e-5
472,2.071e-5,,2.071e-5
472.05,1.719e-5,,1.719e-5
472.1,1.394e-5,,1.394e-5
472.15,1.106e-5,,1.106e-5
472.2,8.581e-6,,8.581e-6
472.25,6.508e-6,,6.508e-6
472.3,4.826e-6,,4.826e-6
472.35,3.499e-6,,3.499e-6
472.4,2.481e-6,,2.481e-6
472.45,1.720e-6,,1.720e-6
472.5,1.166e-6,,1.166e-6
472.55,7.725e-7,,7.725e-7
472.6,5.006e-7,,5.006e-7
472.65,3.172e-7,,3.172e-7
472.7,1.965e-7,,1.965e-7
472.75,1.190e-7,,1.190e-7
472.8,7.049e-8,,7.049e-8
472.85,4.082e-8,,4.082e-8
472.9,2.312e-8,,2.312e-8
472.95,1.280e-8,,1.280e-8
473,6.928e-9,,6.928e-9
473.05,3.667e-9,,3.667e-9
473.1,1.898e-9,,1.898e-9
473.15,9.603e-10,,9.603e-10
473.2,4.752e-10,,4.752e-10
473.25,2.299e-10,,2.299e-10
473.3,1.087e-10,,1.087e-10
473.35,5.029e-11,,5.029e-11
473.4,2.274e-11,,2.274e-11
473.45,1.006e-11,,1.006e-11
473.5,4.348e-12,,4.348e-12
473.55,1.838e-12,,1.838e-12
473.6,7.598e-13,,7.598e-13
473.65,3.071e-13,,3.071e-13
473.7,1.213e-13,,1.213e-13
473.75,4.689e-14,,4.689e-14
473.8,1.771e-14,,1.771e-14
473.85,6.544e-15,,6.544e-15
473.9,2.363e-15,,2.363e-15
473.95,8.347e-16,,8.347e-16
474,2.882e-16,,2.882e-16
474.05,9.731e-17,,9.731e-17
474.1,3.213e-17,,3.213e-17
474.15,1.037e-17,,1.037e-17
474.2,3.273e-18,,3.273e-18
474.25,1.010e-18,,1.010e-18
474.3,3.048e-19,,3.048e-19
474.35,8.991e-20,,8.991e-20
474.4,2.594e-20,,2.594e-20
474.45,7.316e-21,,7.316e-21
482.26,3.889e-19,,3.889e-19
482.31,1.319e-18,,1.319e-18
482.36,4.381e-18,,4.381e-18
482.41,1.424e-17,,1.424e-17
482.46,4.533e-17,,4.533e-17
482.51,1.412e-16,,1.412e-16
482.56,4.308e-16,,4.308e-16
482.61,1.286e-15,,1.286e-15
482.66,3.761e-15,,3.761e-15
482.71,1.076e-14,,1.076e-14
482.76,3.016e-14,,3.016e-14
482.81,8.271e-14,,8.271e-14
482.86,2.221e-13,,2.221e-13
482.91,5.839e-13,,5.839e-13
482.96,1.503e-12,,1.503e-12
483.01,3.786e-12,,3.786e-12
483.06,9.337e-12,,9.337e-12
483.11,2.255e-11,,2.255e-11
483.16,5.330e-11,,5.330e-11
483.21,1.233e-10,,1.233e-10
483.26,2.794e-10,,2.794e-10
483.31,6.198e-10,,6.198e-10
483.36,1.346e-9,,1.346e-9
483.41,2.861e-9,,2.861e-9
483.46,5.953e-9,,5.953e-9
483.51,1.213e-8,,1.213e-8
483.56,2.419e-8,,2.419e-8
483.61,4.723e-8,,4.723e-8
483.66,9.028e-8,,9.028e-8
483.71,1.690e-7,,1.690e-7
483.76,3.095e-7,,3.095e-7
483.81,5.551e-7,,5.551e-7
483.86,9.747e-7,,9.747e-7
483.91,1.675e-6,,1.675e-6
483.96,2.819e-6,,2.819e-6
484.01,4.644e-6,,4.644e-6
484.06,7.490e-6,,7.490e-6
484.11,1.183e-5,,1.183e-5
484.16,1.828e-5,,1.828e-5
484.21,2.766e-5,,2.766e-5
484.26,4.098e-5,,4.098e-5
484.31,5.943e-5,,5.943e-5
484.36,8.437e-5,,8.437e-5
484.41,1.173e-4,,1.173e-4
484.46,1.596e-4,,1.596e-4
484.51,2.126e-4,,2.126e-4
484.56,2.772e-4,,2.772e-4
484.61,3.539e-4,,3.539e-4
484.66,4.424e-4,,4.424e-4
484.71,5.413e-4,,5.413e-4
484.76,6.484e-4,,6.484e-4
484.81,7.604e-4,,7.604e-4
484.86,8.730e-4,,8.730e-4
484.91,9.811e-4,,9.811e-4
484.96,1.080e-3,,1.080e-3
485.01,1.163e-3,,1.163e-3
485.06,1.226e-3,,1.226e-3
485.11,1.266e-3,,1.266e-3
485.16,1.280e-3,,1.280e-3
485.21,1.266e-3,,1.266e-3
485.26,1.226e-3,,1.226e-3
485.31,1.163e-3,,1.163e-3
485.36,1.080e-3,,1.080e-3
485.41,9.811e-4,,9.811e-4
485.46,8.730e-4,,8.730e-4
485.51,7.604e-4,,7.604e-4
485.56,6.484e-4,,6.484e-4
485.61,5.413e-4,,5.413e-4
485.66,4.424e-4,,4.424e-4
485.71,3.539e-4,,3.539e-4
485.76,2.772e-4,,2.772e-4
485.81,2.126e-4,,2.126e-4
485.86,1.596e-4,,1.596e-4
485.91,1.173e-4,,1.173e-4
485.96,8.437e-5,,8.437e-5
486.01,5.943e-5,,5.943e-5
486.06,4.098e-5,,4.098e-5
486.11,2.766e-5,,2.766e-5
486.16,1.828e-5,,1.828e-5
486.21,1.183e-5,,1.183e-5
486.26,7.490e-6,,7.490e-6
486.31,4.644e-6,,4.644e-6
486.36,2.819e-6,,2.819e-6
486.41,1.675e-6,,1.675e-6
486.46,9.747e-7,,9.747e-7
486.51,5.551e-7,,5.551e-7
486.56,3.095e-7,,3.095e-7
486.61,1.690e-7,,1.690e-7
486.66,9.028e-8,,9.028e-8
486.71,4.723e-8,,4.723e-8
486.76,2.419e-8,,2.419e-8
486.81,1.213e-8,,1.213e-8
486.86,5.953e-9,,5.953e-9
486.91,2.861e-9,,2.861e-9
486.96,1.346e-9,,1.346e-9
487.01,6.198e-10,,6.198e-10
487.06,2.794e-10,,2.794e-10
487.11,1.233e-10,,1.233e-10
487.16,5.330e-11,,5.330e-11
487.21,2.255e-11,,2.255e-11
487.26,9.337e-12,,9.337e-12
487.31,3.786e-12,,3.786e-12
487.36,1.503e-12,,1.503e-12
487.41,5.839e-13,,5.839e-13
487.46,2.221e-13,,2.221e-13
487.51,8.271e-14,,8.271e-14
487.56,3.016e-14,,3.016e-14
487.61,1.076e-14,,1.076e-14
487.66,3.761e-15,,3.761e-15
487.71,1.286e-15,,1.286e-15
487.76,4.308e-16,,4.308e-16
487.81,1.412e-16,,1.412e-16
487.86,4.533e-17,,4.533e-17
487.91,1.424e-17,,1.424e-17
487.96,4.381e-18,,4.381e-18
488.01,1.319e-18,,1.319e-18
488.06,3.889e-19,,3.889e-19
581.59,2.755e-21,,2.755e-21
581.64,7.646e-21,,7.646e-21
581.69,2.092e-20,,2.092e-20
581.74,5.638e-20,,5.638e-20
581.79,1.498e-19,,1.498e-19
581.84,3.922e-19,,3.922e-19
581.89,1.012e-18,,1.012e-18
581.94,2.573e-18,,2.573e-18
581.99,6.447e-18,,6.447e-18
582.04,1.592e-17,,1.592e-17
582.09,3.875e-17,,3.875e-17
582.14,9.294e-17,,9.294e-17
582.19,2.197e-16,,2.197e-16
582.24,5.117e-16,,5.117e-16
582.29,1.175e-15,,1.175e-15
582.34,2.658e-15,,2.658e-15
582.39,5.926e-15,,5.926e-15
582.44,1.302e-14,,1.302e-14
582.49,2.819e-14,,2.819e-14
582.54,6.016e-14,,6.016e-14
582.59,1.265e-13,,1.265e-13
582.64,2.622e-13,,2.622e-13
582.69,5.356e-13,,5.356e-13
582.74,1.078e-12,,1.078e-12
582.79,2.139e-12,,2.139e-12
582.84,4.181e-12,,4.181e-12
582.89,8.055e-12,,8.055e-12
582.94,1.529e-11,,1.529e-11
582.99,2.862e-11,,2.862e-11
583.04,5.277e-11,,5.277e-11
583.09,9.590e-11,,9.590e-11
583.14,1.717e-10,,1.717e-10
583.19,3.031e-10,,3.031e-10
583.24,5.272e-10,,5.272e-10
583.29,9.038e-10,,9.038e-10
583.34,1.527e-9,,1.527e-9
583.39,2.542e-9,,2.542e-9
583.44,4.170e-9,,4.170e-9
583.49,6.743e-9,,6.743e-9
583.54,1.074e-8,,1.074e-8
583.59,1.687e-8,,1.687e-8
583.64,2.611e-8,,2.611e-8
583.69,3.982e-8,,3.982e-8
583.74,5.985e-8,,5.985e-8
583.79,8.865e-8,,8.865e-8
583.84,1.294e-7,,1.294e-7
583.89,1.862e-7,,1.862e-7
583.94,2.639e-7,,2.639e-7
583.99,3.688e-7,,3.688e-7
584.04,5.078e-7,,5.078e-7
584.09,6.890e-7,,6.890e-7
584.14,9.214e-7,,9.214e-7
584.19,1.214e-6,,1.214e-6
584.24,1.577e-6,,1.577e-6
584.29,2.019e-6,,2.019e-6
584.34,2.546e-6,,2.546e-6
584.39,3.165e-6,,3.165e-6
584.44,3.878e-6,,3.878e-6
584.49,4.682e-6,,4.682e-6
584.54,5.570e-6,,5.570e-6
584.59,6.532e-6,,6.532e-6
584.64,7.548e-6,,7.548e-6
584.69,8.595e-6,,8.595e-6
584.74,9.647e-6,,9.647e-6
584.79,1.067e-5,,1.067e-5
584.84,1.163e-5,,1.163e-5
584.89,1.249e-5,,1.249e-5
584.94,1.322e-5,,1.322e-5
584.99,1.380e-5,,1.380e-5
585.04,1.418e-5,,1.418e-5
585.09,1.437e-5,,1.437e-5
585.14,1.435e-5,,1.435e-5
585.19,1.412e-5,,1.412e-5
585.24,1.370e-5,,1.370e-5
585.29,1.309e-5,,1.309e-5
585.34,1.233e-5,,1.233e-5
585.39,1.144e-5,,1.144e-5
585.44,1.047e-5,,1.047e-5
585.49,9.437e-6,,9.437e-6
585.54,8.385e-6,,8.385e-6
585.59,7.341e-6,,7.341e-6
585.64,6.334e-6,,6.334e-6
585.69,5.386e-6,,5.386e-6
585.74,4.514e-6,,4.514e-6
585.79,3.728e-6,,3.728e-6
585.84,3.034e-6,,3.034e-6
585.89,2.434e-6,,2.434e-6
585.94,1.924e-6,,1.924e-6
585.99,1.499e-6,,1.499e-6
586.04,1.150e-6,,1.150e-6
586.09,8.704e-7,,8.704e-7
586.14,6.490e-7,,6.490e-7
586.19,4.769e-7,,4.769e-7
586.24,3.453e-7,,3.453e-7
586.29,2.464e-7,,2.464e-7
586.34,1.733e-7,,1.733e-7
586.39,1.201e-7,,1.201e-7
586.44,8.205e-8,,8.205e-8
586.49,5.523e-8,,5.523e-8
586.54,3.664e-8,,3.664e-8
586.59,2.395e-8,,2.395e-8
586.64,1.543e-8,,1.543e-8
586.69,9.800e-9,,9.800e-9
586.74,6.132e-9,,6.132e-9
586.79,3.781e-9,,3.781e-9
586.84,2.298e-9,,2.298e-9
586.89,1.376e-9,,1.376e-9
586.94,8.124e-10,,8.124e-10
586.99,4.725e-10,,4.725e-10
587.04,2.709e-10,,2.709e-10
587.09,1.530e-10,,1.530e-10
587.14,8.520e-11,,8.520e-11
587.19,4.675e-11,,4.675e-11
587.24,2.528e-11,,2.528e-11
587.29,1.347e-11,,1.347e-11
587.34,7.073e-12,,7.073e-12
587.39,3.661e-12,,3.661e-12
587.44,1.867e-12,,1.867e-12
587.49,9.384e-13,,9.384e-13
587.54,4.649e-13,,4.649e-13
587.59,2.269e-13,,2.269e-13
587.64,1.092e-13,,1.092e-13
587.69,5.176e-14,,5.176e-14
587.74,2.418e-14,,2.418e-14
587.79,1.114e-14,,1.114e-14
587.84,5.053e-15,,5.053e-15
587.89,2.260e-15,,2.260e-15
587.94,9.960e-16,,9.960e-16
587.99,4.326e-16,,4.326e-16
588.04,1.852e-16,,1.852e-16
588.09,7.811e-17,,7.811e-17
588.14,3.247e-17,,3.247e-17
588.19,1.330e-17,,1.330e-17
588.24,5.371e-18,,5.371e-18
588.29,2.137e-18,,2.137e-18
588.34,8.381e-19,,8.381e-19
588.39,3.239e-19,,3.239e-19
588.44,1.233e-19,,1.233e-19
588.49,4.629e-20,,4.629e-20
588.54,1.712e-20,,1.712e-20
588.59,6.241e-21,,6.241e-21
588.64,2.242e-21,,2.242e-21
590.39,9.911e-22,,9.911e-22
590.44,3.008e-21,,3.008e-21
590.49,8.093e-21,,8.093e-21
590.54,2.147e-20,,2.147e-20
590.59,5.614e-20,,5.614e-20
590.64,1.447e-19,,1.447e-19
590.69,3.680e-19,,3.680e-19
590.74,9.265e-19,,9.265e-19
590.79,2.291e-18,,2.291e-18
590.84,5.584e-18,,5.584e-18
590.89,1.342e-17,,1.342e-17
590.94,3.181e-17,,3.181e-17
590.99,7.435e-17,,7.435e-17
591.04,1.713e-16,,1.713e-16
591.09,3.892e-16,,3.892e-16
591.14,8.720e-16,,8.720e-16
591.19,1.926e-15,,1.926e-15
591.24,4.196e-15,,4.196e-15
591.29,9.013e-15,,9.013e-15
591.34,1.909e-14,,1.909e-14
591.39,3.987e-14,,3.987e-14
591.44,8.212e-14,,8.212e-14
591.49,1.668e-13,,1.668e-13
591.54,3.340e-13,,3.340e-13
591.59,6.597e-13,,6.597e-13
591.64,1.285e-12,,1.285e-12
591.69,2.468e-12,,2.468e-12
591.74,4.676e-12,,4.676e-12
591.79,8.736e-12,,8.736e-12
591.84,1.610e-11,,1.610e-11
591.89,2.925e-11,,2.925e-11
591.94,5.244e-11,,5.244e-11
591.99,9.272e-11,,9.272e-11
592.04,1.617e-10,,1.617e-10
592.09,2.782e-10,,2.782e-10
592.14,4.722e-10,,4.722e-10
592.19,7.907e-10,,7.907e-10
592.24,1.306e-9,,1.306e-9
592.29,2.129e-9,,2.129e-9
592.34,3.425e-9,,3.425e-9
592.39,5.437e-9,,5.437e-9
592.44,8.517e-9,,8.517e-9
592.49,1.317e-8,,1.317e-8
592.54,2.010e-8,,2.010e-8
592.59,3.029e-8,,3.029e-8
592.64,4.508e-8,,4.508e-8
592.69,6.624e-8,,6.624e-8
592.74,9.614e-8,,9.614e-8
592.79,1.378e-7,,1.378e-7
592.84,1.953e-7,,1.953e-7
592.89,2.735e-7,,2.735e-7
592.94,3.785e-7,,3.785e-7
592.99,5.181e-7,,5.181e-7
593.04,7.014e-7,,7.014e-7
593.09,9.397e-7,,9.397e-7
593.14,1.246e-6,,1.246e-6
593.19,1.636e-6,,1.636e-6
593.24,2.128e-6,,2.128e-6
593.29,2.742e-6,,2.742e-6
593.34,3.504e-6,,3.504e-6
593.39,4.441e-6,,4.441e-6
593.44,5.585e-6,,5.585e-6
593.49,6.973e-6,,6.973e-6
593.54,8.646e-6,,8.646e-6
593.59,1.065e-5,,1.065e-5
593.64,1.304e-5,,1.304e-5
593.69,1.587e-5,,1.587e-5
593.74,1.921e-5,,1.921e-5
593.79,2.311e-5,,2.311e-5
593.84,2.765e-5,,2.765e-5
593.89,3.290e-5,,3.290e-5
593.94,3.892e-5,,3.892e-5
593.99,4.577e-5,,4.577e-5
594.04,5.347e-5,,5.347e-5
594.09,6.207e-5,,6.207e-5
594.14,7.154e-5,,7.154e-5
594.19,8.186e-5,,8.186e-5
594.24,9.294e-5,,9.294e-5
594.29,1.047e-4,,1.047e-4
594.34,1.169e-4,,1.169e-4
594.39,1.293e-4,,1.293e-4
594.44,1.418e-4,,1.418e-4
594.49,1.541e-4,,1.541e-4
594.54,1.657e-4,,1.657e-4
594.59,1.764e-4,,1.764e-4
594.64,1.858e-4,,1.858e-4
594.69,1.937e-4,,1.937e-4
594.74,1.998e-4,,1.998e-4
594.79,2.037e-4,,2.037e-4
594.84,2.054e-4,,2.054e-4
594.89,2.048e-4,,2.048e-4
594.94,2.019e-4,,2.019e-4
594.99,1.967e-4,,1.967e-4
595.04,1.893e-4,,1.893e-4
595.09,1.801e-4,,1.801e-4
595.14,1.693e-4,,1.693e-4
595.19,1.571e-4,,1.571e-4
595.24,1.441e-4,,1.441e-4
595.29,1.306e-4,,1.306e-4
595.34,1.168e-4,,1.168e-4
595.39,1.032e-4,,1.032e-4
595.44,9.004e-5,,9.004e-5
595.49,7.756e-5,,7.756e-5
595.54,6.596e-5,,6.596e-5
595.59,5.538e-5,,5.538e-5
595.64,4.590e-5,,4.590e-5
595.69,3.755e-5,,3.755e-5
595.74,3.032e-5,,3.032e-5
595.79,2.417e-5,,2.417e-5
595.84,1.902e-5,,1.902e-5
595.89,1.477e-5,,1.477e-5
595.94,1.134e-5,,1.134e-5
595.99,8.603e-6,,8.603e-6
596.04,6.465e-6,,6.465e-6
596.09,4.829e-6,,4.829e-6
596.14,3.609e-6,,3.609e-6
596.19,2.730e-6,,2.730e-6
596.24,2.131e-6,,2.131e-6
596.29,1.760e-6,,1.760e-6
596.34,1.579e-6,,1.579e-6
596.39,1.561e-6,,1.561e-6
596.44,1.683e-6,,1.683e-6
596.49,1.935e-6,,1.935e-6
596.54,2.306e-6,,2.306e-6
596.59,2.792e-6,,2.792e-6
596.64,3.388e-6,,3.388e-6
596.69,4.089e-6,,4.089e-6
596.74,4.889e-6,,4.889e-6
596.79,5.778e-6,,5.778e-6
596.84,6.742e-6,,6.742e-6
596.89,7.761e-6,,7.761e-6
596.94,8.814e-6,,8.814e-6
596.99,9.871e-6,,9.871e-6
597.04,1.090e-5,,1.090e-5
597.09,1.188e-5,,1.188e-5
597.14,1.275e-5,,1.275e-5
597.19,1.351e-5,,1.351e-5
597.24,1.411e-5,,1.411e-5
597.29,1.453e-5,,1.453e-5
597.34,1.475e-5,,1.475e-5
597.39,1.478e-5,,1.478e-5
597.44,1.459e-5,,1.459e-5
597.49,1.421e-5,,1.421e-5
597.54,1.364e-5,,1.364e-5
597.59,1.292e-5,,1.292e-5
597.64,1.206e-5,,1.206e-5
597.69,1.110e-5,,1.110e-5
597.74,1.008e-5,,1.008e-5
597.79,9.023e-6,,9.023e-6
597.84,7.965e-6,,7.965e-6
597.89,6.933e-6,,6.933e-6
597.94,5.951e-6,,5.951e-6
597.99,5.037e-6,,5.037e-6
598.04,4.205e-6,,4.205e-6
598.09,3.460e-6,,3.460e-6
598.14,2.808e-6,,2.808e-6
598.19,2.248e-6,,2.248e-6
598.24,1.774e-6,,1.774e-6
598.29,1.380e-6,,1.380e-6
598.34,1.059e-6,,1.059e-6
598.39,8.014e-7,,8.014e-7
598.44,5.980e-7,,5.980e-7
598.49,4.400e-7,,4.400e-7
598.54,3.192e-7,,3.192e-7
598.59,2.284e-7,,2.284e-7
598.64,1.611e-7,,1.611e-7
598.69,1.121e-7,,1.121e-7
598.74,7.688e-8,,7.688e-8
598.79,5.201e-8,,5.201e-8
598.84,3.469e-8,,3.469e-8
598.89,2.282e-8,,2.282e-8
598.94,1.480e-8,,1.480e-8
598.99,9.465e-9,,9.465e-9
599.04,5.969e-9,,5.969e-9
599.09,3.712e-9,,3.712e-9
599.14,2.277e-9,,2.277e-9
599.19,1.377e-9,,1.377e-9
599.24,8.209e-10,,8.209e-10
599.29,4.827e-10,,4.827e-10
599.34,2.799e-10,,2.799e-10
599.39,1.600e-10,,1.600e-10
599.44,9.021e-11,,9.021e-11
599.49,5.016e-11,,5.016e-11
599.54,2.750e-11,,2.750e-11
599.59,1.486e-11,,1.486e-11
599.64,7.923e-12,,7.923e-12
599.69,4.165e-12,,4.165e-12
599.74,2.159e-12,,2.159e-12
599.79,1.103e-12,,1.103e-12
599.84,5.562e-13,,5.562e-13
599.89,2.764e-13,,2.764e-13
599.94,1.355e-13,,1.355e-13
599.99,6.547e-14,,6.547e-14
600.04,3.120e-14,,3.120e-14
600.09,1.466e-14,,1.466e-14
600.14,6.793e-15,,6.793e-15