Wavelength (nm),Sum,Ba I (7.7e-03),Ba II (7.3e-01)
201.17,1.974e-8,,1.974e-8
201.22,3.832e-7,,3.832e-7
201.27,6.583e-6,,6.583e-6
201.32,1.001e-4,,1.001e-4
201.37,1.347e-3,,1.347e-3
201.42,1.605e-2,,1.605e-2
201.47,1.692e-1,,1.692e-1
201.52,1.579e+0,,1.579e+0
201.57,1.304e+1,,1.304e+1
201.62,9.533e+1,,9.533e+1
201.67,6.169e+2,,6.169e+2
201.72,3.533e+3,,3.533e+3
201.77,1.791e+4,,1.791e+4
201.82,8.036e+4,,8.036e+4
201.87,3.192e+5,,3.192e+5
201.92,1.122e+6,,1.122e+6
201.97,3.491e+6,,3.491e+6
202.02,9.612e+6,,9.612e+6
202.07,2.343e+7,,2.343e+7
202.12,5.054e+7,,5.054e+7
202.17,9.652e+7,,9.652e+7
202.22,1.631e+8,,1.631e+8
202.27,2.440e+8,,2.440e+8
202.32,3.231e+8,,3.231e+8
202.37,3.787e+8,,3.787e+8
202.42,3.928e+8,,3.928e+8
202.47,3.606e+8,,3.606e+8
202.52,2.930e+8,,2.930e+8
202.57,2.108e+8,,2.108e+8
202.62,1.342e+8,,1.342e+8
202.67,7.561e+7,,7.561e+7
202.72,3.771e+7,,3.771e+7
202.77,1.665e+7,,1.665e+7
202.82,6.504e+6,,6.504e+6
202.87,2.249e+6,,2.249e+6
202.92,6.885e+5,,6.885e+5
202.97,1.865e+5,,1.865e+5
203.02,4.473e+4,,4.473e+4
203.07,9.495e+3,,9.495e+3
203.12,1.784e+3,,1.784e+3
203.17,2.966e+2,,2.966e+2
203.22,4.365e+1,,4.365e+1
203.27,5.687e+0,,5.687e+0
203.32,6.557e-1,,6.557e-1
203.37,6.691e-2,,6.691e-2
203.42,6.044e-3,,6.044e-3
203.47,4.832e-4,,4.832e-4
203.52,3.419e-5,,3.419e-5
203.57,2.142e-6,,2.142e-6
203.62,1.187e-7,,1.187e-7
204.02,1.138e-8,,1.138e-8
204.07,2.133e-7,,2.133e-7
204.12,3.551e-6,,3.551e-6
204.17,5.250e-5,,5.250e-5
204.22,6.893e-4,,6.893e-4
204.27,8.038e-3,,8.038e-3
204.32,8.324e-2,,8.324e-2
204.37,7.656e-1,,7.656e-1
204.42,6.253e+0,,6.253e+0
204.47,4.536e+1,,4.536e+1
204.52,2.923e+2,,2.923e+2
204.57,1.672e+3,,1.672e+3
204.62,8.497e+3,,8.497e+3
204.67,3.835e+4,,3.835e+4
204.72,1.537e+5,,1.537e+5
204.77,5.471e+5,,5.471e+5
204.82,1.730e+6,,1.730e+6
204.87,4.856e+6,,4.856e+6
204.92,1.211e+7,,1.211e+7
204.97,2.681e+7,,2.681e+7
205.02,5.273e+7,,5.273e+7
205.07,9.211e+7,,9.211e+7
205.12,1.429e+8,,1.429e+8
205.17,1.968e+8,,1.968e+8
205.22,2.408e+8,,2.408e+8
205.27,2.617e+8,,2.617e+8
205.32,2.525e+8,,2.525e+8
205.37,2.164e+8,,2.164e+8
205.42,1.647e+8,,1.647e+8
205.47,1.114e+8,,1.114e+8
205.52,6.686e+7,,6.686e+7
205.57,3.565e+7,,3.565e+7
205.62,1.688e+7,,1.688e+7
205.67,7.099e+6,,7.099e+6
205.72,2.651e+6,,2.651e+6
205.77,8.794e+5,,8.794e+5
205.82,2.591e+5,,2.591e+5
205.87,6.778e+4,,6.778e+4
205.92,1.575e+4,,1.575e+4
205.97,3.250e+3,,3.250e+3
206.02,5.956e+2,,5.956e+2
206.07,9.694e+1,,9.694e+1
206.12,1.401e+1,,1.401e+1
206.17,1.799e+0,,1.799e+0
206.22,2.051e-1,,2.051e-1
206.27,2.077e-2,,2.077e-2
206.32,1.868e-3,,1.868e-3
206.37,1.492e-4,,1.492e-4
206.42,1.058e-5,,1.058e-5
206.47,6.664e-7,,6.664e-7
206.52,3.728e-8,,3.728e-8
206.72,1.796e-9,,1.796e-9
206.77,3.267e-8,,3.267e-8
206.82,5.293e-7,,5.293e-7
206.87,7.642e-6,,7.642e-6
206.92,9.827e-5,,9.827e-5
206.97,1.126e-3,,1.126e-3
207.02,1.149e-2,,1.149e-2
207.07,1.045e-1,,1.045e-1
207.12,8.463e-1,,8.463e-1
207.17,6.107e+0,,6.107e+0
207.22,3.926e+1,,3.926e+1
207.27,2.248e+2,,2.248e+2
207.32,1.147e+3,,1.147e+3
207.37,5.212e+3,,5.212e+3
207.42,2.110e+4,,2.110e+4
207.47,7.612e+4,,7.612e+4
207.52,2.446e+5,,2.446e+5
207.57,7.002e+5,,7.002e+5
207.62,1.785e+6,,1.785e+6
207.67,4.056e+6,,4.056e+6
207.72,8.209e+6,,8.209e+6
207.77,1.480e+7,,1.480e+7
207.82,2.377e+7,,2.377e+7
207.87,3.401e+7,,3.401e+7
207.92,4.336e+7,,4.336e+7
207.97,4.924e+7,,4.924e+7
208.02,4.981e+7,,4.981e+7
208.07,4.489e+7,,4.489e+7
208.12,3.604e+7,,3.604e+7
208.17,2.578e+7,,2.578e+7
208.22,1.642e+7,,1.642e+7
208.27,9.322e+6,,9.322e+6
208.32,4.714e+6,,4.714e+6
208.37,2.123e+6,,2.123e+6
208.42,8.522e+5,,8.522e+5
208.47,3.047e+5,,3.047e+5
208.52,9.703e+4,,9.703e+4
208.57,2.753e+4,,2.753e+4
208.62,6.959e+3,,6.959e+3
208.67,1.567e+3,,1.567e+3
208.72,3.143e+2,,3.143e+2
208.77,5.617e+1,,5.617e+1
208.82,8.942e+0,,8.942e+0
208.87,1.268e+0,,1.268e+0
208.92,1.602e-1,,1.602e-1
208.97,1.803e-2,,1.803e-2
209.02,1.808e-3,,1.808e-3
209.07,1.615e-4,,1.615e-4
209.12,1.285e-5,,1.285e-5
209.17,9.113e-7,,9.113e-7
209.22,5.755e-8,,5.755e-8
209.27,3.238e-9,,3.238e-9
214.12,3.206e-7,,3.206e-7
214.17,4.692e-6,,4.692e-6
214.22,6.166e-5,,6.166e-5
214.27,7.275e-4,,7.275e-4
214.32,7.706e-3,,7.706e-3
214.37,7.329e-2,,7.329e-2
214.42,6.259e-1,,6.259e-1
214.47,4.798e+0,,4.798e+0
214.52,3.303e+1,,3.303e+1
214.57,2.041e+2,,2.041e+2
214.62,1.133e+3,,1.133e+3
214.67,5.643e+3,,5.643e+3
214.72,2.524e+4,,2.524e+4
214.77,1.014e+5,,1.014e+5
214.82,3.654e+5,,3.654e+5
214.87,1.183e+6,,1.183e+6
214.92,3.438e+6,,3.438e+6
214.97,8.973e+6,,8.973e+6
215.02,2.102e+7,,2.102e+7
215.07,4.422e+7,,4.422e+7
215.12,8.352e+7,,8.352e+7
215.17,1.416e+8,,1.416e+8
215.22,2.156e+8,,2.156e+8
215.27,2.947e+8,,2.947e+8
215.32,3.617e+8,,3.617e+8
215.37,3.985e+8,,3.985e+8
215.42,3.942e+8,,3.942e+8
215.47,3.502e+8,,3.502e+8
215.52,2.792e+8,,2.792e+8
215.57,1.999e+8,,1.999e+8
215.62,1.285e+8,,1.285e+8
215.67,7.418e+7,,7.418e+7
215.72,3.844e+7,,3.844e+7
215.77,1.788e+7,,1.788e+7
215.82,7.471e+6,,7.471e+6
215.87,2.802e+6,,2.802e+6
215.92,9.434e+5,,9.434e+5
215.97,2.852e+5,,2.852e+5
216.02,7.742e+4,,7.742e+4
216.07,1.887e+4,,1.887e+4
216.12,4.128e+3,,4.128e+3
216.17,8.109e+2,,8.109e+2
216.22,1.430e+2,,1.430e+2
216.27,2.265e+1,,2.265e+1
216.32,3.220e+0,,3.220e+0
216.37,4.111e-1,,4.111e-1
216.42,4.712e-2,,4.712e-2
216.47,4.848e-3,,4.848e-3
216.52,4.479e-4,,4.479e-4
216.57,3.715e-5,,3.715e-5
216.62,2.767e-6,,2.767e-6
216.67,1.850e-7,,1.850e-7
218.77,1.681e-8,,1.681e-8
218.82,2.436e-7,,2.436e-7
218.87,3.184e-6,,3.184e-6
218.92,3.753e-5,,3.753e-5
218.97,3.990e-4,,3.990e-4
219.02,3.826e-3,,3.826e-3
219.07,3.308e-2,,3.308e-2
219.12,2.581e-1,,2.581e-1
219.17,1.815e+0,,1.815e+0
219.22,1.152e+1,,1.152e+1
219.27,6.592e+1,,6.592e+1
219.32,3.403e+2,,3.403e+2
219.37,1.584e+3,,1.584e+3
219.42,6.651e+3,,6.651e+3
219.47,2.519e+4,,2.519e+4
219.52,8.603e+4,,8.603e+4
219.57,2.650e+5,,2.650e+5
219.62,7.364e+5,,7.364e+5
219.67,1.845e+6,,1.845e+6
219.72,4.171e+6,,4.171e+6
219.77,8.503e+6,,8.503e+6
219.82,1.563e+7,,1.563e+7
219.87,2.592e+7,,2.592e+7
219.92,3.877e+7,,3.877e+7
219.97,5.231e+7,,5.231e+7
220.02,6.364e+7,,6.364e+7
220.07,6.983e+7,,6.983e+7
220.12,6.912e+7,,6.912e+7
220.17,6.170e+7,,6.170e+7
220.22,4.967e+7,,4.967e+7
220.27,3.607e+7,,3.607e+7
220.32,2.362e+7,,2.362e+7
220.37,1.396e+7,,1.396e+7
220.42,7.435e+6,,7.435e+6
220.47,3.573e+6,,3.573e+6
220.52,1.548e+6,,1.548e+6
220.57,6.052e+5,,6.052e+5
220.62,2.134e+5,,2.134e+5
220.67,6.785e+4,,6.785e+4
220.72,1.946e+4,,1.946e+4
220.77,5.033e+3,,5.033e+3
220.82,1.174e+3,,1.174e+3
220.87,2.471e+2,,2.471e+2
220.92,4.689e+1,,4.689e+1
220.97,8.027e+0,,8.027e+0
221.02,1.239e+0,,1.239e+0
221.07,1.725e-1,,1.725e-1
221.12,2.167e-2,,2.167e-2
221.17,2.454e-3,,2.454e-3
221.22,2.507e-4,,2.507e-4
221.27,2.310e-5,,2.310e-5
221.32,1.920e-6,,1.920e-6
221.37,1.439e-7,,1.439e-7
221.42,9.728e-9,,9.728e-9
221.92,4.680e-8,,4.680e-8
221.97,6.812e-7,,6.812e-7
222.02,8.968e-6,,8.968e-6
222.07,1.068e-4,,1.068e-4
222.12,1.150e-3,,1.150e-3
222.17,1.121e-2,,1.121e-2
222.22,9.881e-2,,9.881e-2
222.27,7.878e-1,,7.878e-1
222.32,5.682e+0,,5.682e+0
222.37,3.707e+1,,3.707e+1
222.42,2.188e+2,,2.188e+2
222.47,1.168e+3,,1.168e+3
222.52,5.640e+3,,5.640e+3
222.57,2.463e+4,,2.463e+4
222.62,9.734e+4,,9.734e+4
222.67,3.479e+5,,3.479e+5
222.72,1.125e+6,,1.125e+6
222.77,3.290e+6,,3.290e+6
222.82,8.704e+6,,8.704e+6
222.87,2.083e+7,,2.083e+7
222.92,4.511e+7,,4.511e+7
222.97,8.837e+7,,8.837e+7
223.02,1.566e+8,,1.566e+8
223.07,2.513e+8,,2.513e+8
223.12,3.650e+8,,3.650e+8
223.17,4.803e+8,,4.803e+8
223.22,5.731e+8,,5.731e+8
223.27,6.211e+8,,6.211e+8
223.32,6.130e+8,,6.130e+8
223.37,5.533e+8,,5.533e+8
223.42,4.597e+8,,4.597e+8
223.47,3.548e+8,,3.548e+8
223.52,2.575e+8,,2.575e+8
223.57,1.781e+8,,1.781e+8
223.62,1.186e+8,,1.186e+8
223.67,7.645e+7,,7.645e+7
223.72,4.750e+7,,4.750e+7
223.77,2.814e+7,,2.814e+7
223.82,1.570e+7,,1.570e+7
223.87,8.182e+6,,8.182e+6
223.92,4.057e+6,,4.057e+6
223.97,2.287e+6,,2.287e+6
224.02,2.518e+6,,2.518e+6
224.07,5.460e+6,,5.460e+6
224.12,1.346e+7,,1.346e+7
224.17,3.110e+7,,3.110e+7
224.22,6.537e+7,,6.537e+7
224.27,1.245e+8,,1.245e+8
224.32,2.148e+8,,2.148e+8
224.37,3.356e+8,,3.356e+8
224.42,4.748e+8,,4.748e+8
224.47,6.083e+8,,6.083e+8
224.52,7.058e+8,,7.058e+8
224.57,7.417e+8,,7.417e+8
224.62,7.058e+8,,7.058e+8
224.67,6.083e+8,,6.083e+8
224.72,4.748e+8,,4.748e+8
224.77,3.356e+8,,3.356e+8
224.82,2.150e+8,,2.150e+8
224.87,1.253e+8,,1.253e+8
224.92,6.786e+7,,6.786e+7
224.97,3.822e+7,,3.822e+7
225.02,3.194e+7,,3.194e+7
225.07,4.890e+7,,4.890e+7
225.12,9.500e+7,,9.500e+7
225.17,1.806e+8,,1.806e+8
225.22,3.155e+8,,3.155e+8
225.27,5.007e+8,,5.007e+8
225.32,7.205e+8,,7.205e+8
225.37,9.396e+8,,9.396e+8
225.42,1.111e+9,,1.111e+9
225.47,1.190e+9,,1.190e+9
225.52,1.155e+9,,1.155e+9
225.57,1.016e+9,,1.016e+9
225.62,8.107e+8,,8.107e+8
225.67,5.860e+8,,5.860e+8
225.72,3.839e+8,,3.839e+8
225.77,2.280e+8,,2.280e+8
225.82,1.227e+8,,1.227e+8
225.87,5.984e+7,,5.984e+7
225.92,2.645e+7,,2.645e+7
225.97,1.060e+7,,1.060e+7
226.02,3.849e+6,,3.849e+6
226.07,1.267e+6,,1.267e+6
226.12,3.779e+5,,3.779e+5
226.17,1.022e+5,,1.022e+5
226.22,2.503e+4,,2.503e+4
226.27,5.559e+3,,5.559e+3
226.32,1.119e+3,,1.119e+3
226.37,2.041e+2,,2.041e+2
226.42,3.375e+1,,3.375e+1
226.47,5.058e+0,,5.058e+0
226.52,6.869e-1,,6.869e-1
226.57,8.455e-2,,8.455e-2
226.62,9.433e-3,,9.433e-3
226.67,9.539e-4,,9.539e-4
226.72,8.742e-5,,8.742e-5
226.77,7.261e-6,,7.261e-6
226.82,5.466e-7,,5.466e-7
227.22,1.768e-8,,1.768e-8
227.27,2.364e-7,,2.364e-7
227.32,2.872e-6,,2.872e-6
227.37,3.171e-5,,3.171e-5
227.42,3.181e-4,,3.181e-4
227.47,2.900e-3,,2.900e-3
227.52,2.403e-2,,2.403e-2
227.57,1.809e-1,,1.809e-1
227.62,1.238e+0,,1.238e+0
227.67,7.699e+0,,7.699e+0
227.72,4.351e+1,,4.351e+1
227.77,2.234e+2,,2.234e+2
227.82,1.043e+3,,1.043e+3
227.87,4.422e+3,,4.422e+3
227.92,1.704e+4,,1.704e+4
227.97,5.968e+4,,5.968e+4
228.02,1.899e+5,,1.899e+5
228.07,5.494e+5,,5.494e+5
228.12,1.444e+6,,1.444e+6
228.17,3.449e+6,,3.449e+6
228.22,7.486e+6,,7.486e+6
228.27,1.477e+7,,1.477e+7
228.32,2.647e+7,,2.647e+7
228.37,4.312e+7,,4.312e+7
228.42,6.384e+7,,6.384e+7
228.47,8.588e+7,,8.588e+7
228.52,1.050e+8,,1.050e+8
228.57,1.166e+8,,1.166e+8
228.62,1.178e+8,,1.178e+8
228.67,1.080e+8,,1.080e+8
228.72,9.009e+7,,9.009e+7
228.77,6.826e+7,,6.826e+7
228.82,4.700e+7,,4.700e+7
228.87,2.941e+7,,2.941e+7
228.92,1.672e+7,,1.672e+7
228.97,8.642e+6,,8.642e+6
229.02,4.058e+6,,4.058e+6
229.07,1.732e+6,,1.732e+6
229.12,6.716e+5,,6.716e+5
229.17,2.367e+5,,2.367e+5
229.22,7.581e+4,,7.581e+4
229.27,2.206e+4,,2.206e+4
229.32,5.836e+3,,5.836e+3
229.37,1.403e+3,,1.403e+3
229.42,3.064e+2,,3.064e+2
229.47,6.081e+1,,6.081e+1
229.52,1.097e+1,,1.097e+1
229.57,1.798e+0,,1.798e+0
229.62,2.679e-1,,2.679e-1
229.67,3.626e-2,,3.626e-2
229.72,4.461e-3,,4.461e-3
229.77,4.987e-4,,4.987e-4
229.82,5.067e-5,,5.067e-5
229.87,4.678e-6,,4.678e-6
229.92,3.925e-7,,3.925e-7
229.97,2.993e-8,,2.993e-8
251.33,4.495e-7,,4.495e-7
251.38,4.587e-6,,4.587e-6
251.43,4.329e-5,,4.329e-5
251.48,3.778e-4,,3.778e-4
251.53,3.049e-3,,3.049e-3
251.58,2.276e-2,,2.276e-2
251.63,1.571e-1,,1.571e-1
251.68,1.003e+0,,1.003e+0
251.73,5.919e+0,,5.919e+0
251.78,3.231e+1,,3.231e+1
251.83,1.631e+2,,1.631e+2
251.88,7.614e+2,,7.614e+2
251.93,3.287e+3,,3.287e+3
251.98,1.312e+4,,1.312e+4
252.03,4.845e+4,,4.845e+4
252.08,1.654e+5,,1.654e+5
252.13,5.222e+5,,5.222e+5
252.18,1.525e+6,,1.525e+6
252.23,4.117e+6,,4.117e+6
252.28,1.028e+7,,1.028e+7
252.33,2.374e+7,,2.374e+7
252.38,5.069e+7,,5.069e+7
252.43,1.001e+8,,1.001e+8
252.48,1.828e+8,,1.828e+8
252.53,3.087e+8,,3.087e+8
252.58,4.822e+8,,4.822e+8
252.63,6.964e+8,,6.964e+8
252.68,9.301e+8,,9.301e+8
252.73,1.149e+9,,1.149e+9
252.78,1.312e+9,7.173e-10,1.312e+9
252.83,1.386e+9,7.240e-9,1.386e+9
252.88,1.354e+9,6.763e-8,1.354e+9
252.93,1.223e+9,5.848e-7,1.223e+9
252.98,1.022e+9,4.680e-6,1.022e+9
253.03,7.892e+8,3.467e-5,7.892e+8
253.08,5.638e+8,2.377e-4,5.638e+8
253.13,3.725e+8,1.509e-3,3.725e+8
253.18,2.276e+8,8.863e-3,2.276e+8
253.23,1.286e+8,4.819e-2,1.286e+8
253.28,6.718e+7,2.425e-1,6.718e+7
253.33,3.246e+7,1.130e+0,3.246e+7
253.38,1.450e+7,4.871e+0,1.450e+7
253.43,5.993e+6,1.944e+1,5.993e+6
253.48,2.290e+6,7.180e+1,2.290e+6
253.53,8.095e+5,2.455e+2,8.092e+5
253.58,2.652e+5,7.769e+2,2.645e+5
253.63,8.219e+4,2.276e+3,7.992e+4
253.68,2.850e+4,6.170e+3,2.233e+4
253.73,2.125e+4,1.548e+4,5.772e+3
253.78,3.734e+4,3.596e+4,1.380e+3
253.83,7.762e+4,7.732e+4,3.049e+2
253.88,1.539e+5,1.539e+5,6.232e+1
253.93,2.834e+5,2.834e+5,1.178e+1
253.98,4.832e+5,4.832e+5,2.059e+0
254.03,7.625e+5,7.625e+5,3.328e-1
254.08,1.114e+6,1.114e+6,4.976e-2
254.13,1.506e+6,1.506e+6,6.878e-3
254.18,1.884e+6,1.884e+6,8.793e-4
254.23,2.182e+6,2.182e+6,1.039e-4
254.28,2.339e+6,2.339e+6,1.136e-5
254.33,2.321e+6,2.321e+6,1.149e-6
254.38,2.132e+6,2.132e+6,1.074e-7
254.43,1.813e+6,1.813e+6,
254.48,1.426e+6,1.426e+6,
254.53,1.039e+6,1.039e+6,
254.58,7.003e+5,7.003e+5,
254.63,4.370e+5,4.370e+5,
254.68,2.524e+5,2.524e+5,
254.73,1.349e+5,1.349e+5,
254.78,6.675e+4,6.675e+4,
254.83,3.057e+4,3.057e+4,
254.88,1.296e+4,1.296e+4,
254.93,5.085e+3,5.085e+3,
254.98,1.847e+3,1.847e+3,
255.03,6.208e+2,6.208e+2,
255.08,1.932e+2,1.932e+2,
255.13,5.563e+1,5.563e+1,
255.18,1.483e+1,1.483e+1,
255.23,3.659e+0,3.659e+0,
255.28,8.356e-1,8.356e-1,
255.33,1.766e-1,1.766e-1,
255.38,3.456e-2,3.456e-2,
255.43,6.258e-3,6.258e-3,
255.48,1.049e-3,1.049e-3,
255.53,1.628e-4,1.628e-4,
255.58,2.337e-5,2.337e-5,
255.63,3.107e-6,3.107e-6,
255.68,3.822e-7,3.822e-7,
255.73,4.353e-8,4.353e-8,
255.78,4.588e-9,4.588e-9,
255.83,4.476e-10,4.476e-10,
258.08,6.083e-10,6.083e-10,
258.13,6.106e-9,6.106e-9,
258.18,5.690e-8,5.690e-8,
258.23,4.924e-7,4.924e-7,
258.28,3.956e-6,3.956e-6,
258.33,2.952e-5,2.952e-5,
258.38,2.045e-4,2.045e-4,
258.43,1.315e-3,1.315e-3,
258.48,7.855e-3,7.855e-3,
258.53,4.356e-2,4.356e-2,
258.58,2.243e-1,2.243e-1,
258.63,1.072e+0,1.072e+0,
258.68,4.761e+0,4.761e+0,
258.73,1.963e+1,1.963e+1,
258.78,7.512e+1,7.512e+1,
258.83,2.670e+2,2.670e+2,
258.88,8.810e+2,8.810e+2,
258.93,2.700e+3,2.700e+3,
258.98,7.681e+3,7.681e+3,
259.03,2.029e+4,2.029e+4,
259.08,4.977e+4,4.977e+4,
259.13,1.134e+5,1.134e+5,
259.18,2.397e+5,2.397e+5,
259.23,4.708e+5,4.708e+5,
259.28,8.584e+5,8.584e+5,
259.33,1.453e+6,1.453e+6,
259.38,2.285e+6,2.285e+6,
259.43,3.335e+6,3.335e+6,
259.48,4.520e+6,4.520e+6,
259.53,5.688e+6,5.688e+6,
259.58,6.646e+6,6.646e+6,
259.63,7.211e+6,7.211e+6,
259.68,7.265e+6,7.265e+6,
259.73,6.796e+6,6.796e+6,
259.78,5.902e+6,5.902e+6,
259.83,4.760e+6,4.760e+6,
259.88,3.565e+6,3.565e+6,
259.93,2.479e+6,2.479e+6,
259.98,1.600e+6,1.600e+6,
260.03,9.594e+5,9.594e+5,
260.08,5.340e+5,5.340e+5,
260.13,2.760e+5,2.760e+5,
260.18,1.325e+5,1.325e+5,
260.23,5.903e+4,5.903e+4,
260.28,2.442e+4,2.442e+4,
260.33,9.383e+3,9.383e+3,
260.38,3.347e+3,3.347e+3,
260.43,1.109e+3,1.109e+3,
260.48,3.410e+2,3.410e+2,
260.53,9.738e+1,9.738e+1,
260.58,2.582e+1,2.582e+1,
260.63,6.358e+0,6.358e+0,
260.68,1.454e+0,1.454e+0,
260.73,3.086e-1,3.086e-1,
260.78,6.082e-2,6.082e-2,
260.83,1.113e-2,1.113e-2,
260.88,1.891e-3,1.891e-3,
260.93,2.985e-4,2.985e-4,
260.98,4.373e-5,4.373e-5,
261.03,5.949e-6,5.949e-6,
261.08,7.514e-7,7.514e-7,
261.13,8.813e-8,8.813e-8,
261.18,9.598e-9,9.598e-9,
261.23,9.706e-10,9.706e-10,
261.88,1.936e-7,,1.936e-7
261.93,1.871e-6,,1.871e-6
261.98,1.683e-5,,1.683e-5
262.03,1.409e-4,,1.409e-4
262.08,1.097e-3,,1.097e-3
262.13,7.954e-3,,7.954e-3
262.18,5.364e-2,,5.364e-2
262.23,3.366e-1,,3.366e-1
262.28,1.966e+0,,1.966e+0
262.33,1.068e+1,,1.068e+1
262.38,5.400e+1,,5.400e+1
262.44,3.433e+2,,3.433e+2
262.49,1.481e+3,,1.481e+3
262.54,5.947e+3,,5.947e+3
262.59,2.222e+4,,2.222e+4
262.64,7.725e+4,,7.725e+4
262.69,2.499e+5,,2.499e+5
262.74,7.522e+5,,7.522e+5
262.79,2.107e+6,,2.107e+6
262.84,5.491e+6,,5.491e+6
262.89,1.332e+7,,1.332e+7
262.94,3.005e+7,,3.005e+7
262.99,6.310e+7,,6.310e+7
263.04,1.233e+8,,1.233e+8
263.09,2.242e+8,,2.242e+8
263.14,3.792e+8,,3.792e+8
263.19,5.970e+8,,5.970e+8
263.24,8.745e+8,,8.745e+8
263.29,1.192e+9,,1.192e+9
263.34,1.512e+9,,1.512e+9
263.39,1.784e+9,,1.784e+9
263.44,1.960e+9,,1.960e+9
263.49,2.003e+9,,2.003e+9
263.54,1.905e+9,,1.905e+9
263.59,1.687e+9,,1.687e+9
263.64,1.393e+9,,1.393e+9
263.69,1.074e+9,,1.074e+9
263.74,7.795e+8,,7.795e+8
263.79,5.405e+8,,5.405e+8
263.84,3.709e+8,,3.709e+8
263.89,2.684e+8,,2.684e+8
263.94,2.199e+8,,2.199e+8
263.99,2.076e+8,,2.076e+8
264.04,2.139e+8,,2.139e+8
264.09,2.236e+8,,2.236e+8
264.14,2.268e+8,,2.268e+8
264.19,2.189e+8,,2.189e+8
264.24,2.006e+8,,2.006e+8
264.29,1.767e+8,,1.767e+8
264.34,1.542e+8,,1.542e+8
264.39,1.400e+8,,1.400e+8
264.44,1.387e+8,,1.387e+8
264.49,1.518e+8,,1.518e+8
264.54,1.767e+8,,1.767e+8
264.59,2.075e+8,,2.075e+8
264.64,2.364e+8,,2.364e+8
264.69,2.555e+8,,2.555e+8
264.74,2.593e+8,,2.593e+8
264.79,2.460e+8,,2.460e+8
264.84,2.176e+8,,2.176e+8
264.89,1.794e+8,,1.794e+8
264.94,1.378e+8,,1.378e+8
264.99,9.850e+7,,9.850e+7
265.04,6.559e+7,,6.559e+7
265.09,4.066e+7,,4.066e+7
265.14,2.348e+7,,2.348e+7
265.19,1.262e+7,,1.262e+7
265.24,6.316e+6,,6.316e+6
265.29,2.944e+6,,2.944e+6
265.34,1.278e+6,,1.278e+6
265.39,5.163e+5,,5.163e+5
265.44,1.943e+5,,1.943e+5
265.49,6.806e+4,,6.806e+4
265.54,2.220e+4,,2.220e+4
265.59,6.744e+3,,6.744e+3
265.64,1.908e+3,,1.908e+3
265.69,5.024e+2,,5.024e+2
265.74,1.232e+2,,1.232e+2
265.79,2.814e+1,,2.814e+1
265.84,5.982e+0,,5.982e+0
265.89,1.184e+0,,1.184e+0
265.94,2.183e-1,,2.183e-1
265.99,3.748e-2,,3.748e-2
266.04,5.990e-3,,5.990e-3
266.09,8.915e-4,,8.915e-4
266.14,1.235e-4,,1.235e-4
266.19,1.594e-5,,1.594e-5
266.24,1.915e-6,,1.915e-6
266.29,2.143e-7,,2.143e-7
266.34,2.232e-8,,2.232e-8
268.64,4.216e-10,4.216e-10,
268.69,3.744e-9,3.744e-9,
268.74,3.104e-8,3.104e-8,
268.79,2.403e-7,2.403e-7,
268.84,1.738e-6,1.738e-6,
268.89,1.173e-5,1.173e-5,
268.94,7.398e-5,7.398e-5,
268.99,4.356e-4,4.356e-4,
269.04,2.395e-3,2.395e-3,
269.09,1.230e-2,1.230e-2,
269.14,5.898e-2,5.898e-2,
269.19,2.641e-1,2.641e-1,
269.24,1.104e+0,1.104e+0,
269.29,4.312e+0,4.312e+0,
269.34,1.572e+1,1.572e+1,
269.39,5.354e+1,5.354e+1,
269.44,1.703e+2,1.703e+2,
269.49,5.056e+2,5.056e+2,
269.54,1.402e+3,1.402e+3,
269.59,3.631e+3,3.631e+3,
269.64,8.781e+3,8.781e+3,
269.69,1.983e+4,1.983e+4,
269.74,4.182e+4,4.182e+4,
269.79,8.235e+4,8.235e+4,
269.84,1.514e+5,1.514e+5,
269.89,2.601e+5,2.601e+5,
269.94,4.171e+5,4.171e+5,
269.99,6.247e+5,6.247e+5,
270.04,8.736e+5,8.736e+5,
270.09,1.141e+6,1.141e+6,
270.14,1.391e+6,1.391e+6,
270.19,1.585e+6,1.585e+6,
270.24,1.685e+6,1.685e+6,
270.29,1.674e+6,1.674e+6,
270.34,1.553e+6,1.553e+6,
270.39,1.345e+6,1.345e+6,
270.44,1.088e+6,1.088e+6,
270.49,8.214e+5,8.214e+5,
270.54,5.794e+5,5.794e+5,
270.59,3.816e+5,3.816e+5,
270.64,2.347e+5,2.347e+5,
270.69,1.348e+5,1.348e+5,
270.74,7.231e+4,7.231e+4,
270.79,3.622e+4,3.622e+4,
270.84,1.694e+4,1.694e+4,
270.89,7.400e+3,7.400e+3,
270.94,3.018e+3,3.018e+3,
270.99,1.150e+3,1.150e+3,
271.04,4.089e+2,4.089e+2,
271.09,1.358e+2,1.358e+2,
271.14,4.214e+1,4.214e+1,
271.19,1.221e+1,1.221e+1,
271.24,3.302e+0,3.302e+0,
271.29,8.341e-1,8.341e-1,
271.34,1.967e-1,1.967e-1,
271.39,4.334e-2,4.334e-2,
271.44,8.916e-3,8.916e-3,
271.49,1.713e-3,1.713e-3,
271.54,3.073e-4,3.073e-4,
271.59,5.147e-5,5.147e-5,
271.64,8.052e-6,8.052e-6,
271.69,1.176e-6,1.176e-6,
271.74,1.605e-7,1.605e-7,
271.79,2.044e-8,2.044e-8,
271.84,2.432e-9,2.432e-9,
271.89,2.702e-10,2.702e-10,
275.49,1.661e-7,,1.661e-7
275.54,1.378e-6,,1.378e-6
275.59,1.071e-5,,1.071e-5
275.64,7.803e-5,,7.803e-5
275.69,5.325e-4,,5.325e-4
275.74,3.405e-3,,3.405e-3
275.79,2.040e-2,,2.040e-2
275.84,1.145e-1,,1.145e-1
275.89,6.022e-1,,6.022e-1
275.94,2.968e+0,,2.968e+0
275.99,1.370e+1,,1.370e+1
276.04,5.929e+1,,5.929e+1
276.09,2.404e+2,,2.404e+2
276.14,9.130e+2,,9.130e+2
276.19,3.249e+3,,3.249e+3
276.24,1.084e+4,,1.084e+4
276.29,3.385e+4,,3.385e+4
276.34,9.911e+4,,9.911e+4
276.39,2.719e+5,,2.719e+5
276.44,6.987e+5,,6.987e+5
276.49,1.683e+6,,1.683e+6
276.54,3.797e+6,,3.797e+6
276.59,8.027e+6,,8.027e+6
276.64,1.590e+7,,1.590e+7
276.69,2.951e+7,,2.951e+7
276.74,5.132e+7,,5.132e+7
276.79,8.363e+7,,8.363e+7
276.84,1.277e+8,2.100e-10,1.277e+8
276.89,1.827e+8,1.796e-9,1.827e+8
276.94,2.448e+8,1.440e-8,2.448e+8
276.99,3.075e+8,1.083e-7,3.075e+8
277.04,3.618e+8,7.633e-7,3.618e+8
277.09,3.989e+8,5.045e-6,3.989e+8
277.14,4.121e+8,3.126e-5,4.121e+8
277.19,3.989e+8,1.816e-4,3.989e+8
277.24,3.618e+8,9.893e-4,3.618e+8
277.29,3.075e+8,5.052e-3,3.075e+8
277.34,2.448e+8,2.419e-2,2.448e+8
277.39,1.827e+8,1.086e-1,1.827e+8
277.44,1.277e+8,4.571e-1,1.277e+8
277.49,8.363e+7,1.804e+0,8.363e+7
277.54,5.132e+7,6.675e+0,5.132e+7
277.59,2.951e+7,2.316e+1,2.951e+7
277.64,1.590e+7,7.532e+1,1.590e+7
277.69,8.027e+6,2.297e+2,8.027e+6
277.74,3.797e+6,6.568e+2,3.797e+6
277.79,1.684e+6,1.761e+3,1.683e+6
277.84,7.031e+5,4.425e+3,6.987e+5
277.89,2.823e+5,1.043e+4,2.719e+5
277.94,1.222e+5,2.304e+4,9.911e+4
277.99,8.159e+4,4.773e+4,3.385e+4
278.04,1.035e+5,9.271e+4,1.084e+4
278.09,1.721e+5,1.688e+5,3.249e+3
278.14,2.892e+5,2.882e+5,9.130e+2
278.19,4.617e+5,4.614e+5,2.404e+2
278.24,6.926e+5,6.925e+5,5.929e+1
278.29,9.745e+5,9.745e+5,1.370e+1
278.34,1.286e+6,1.286e+6,2.968e+0
278.39,1.590e+6,1.590e+6,6.022e-1
278.44,1.845e+6,1.845e+6,1.145e-1
278.49,2.006e+6,2.006e+6,2.040e-2
278.54,2.045e+6,2.045e+6,3.405e-3
278.59,1.955e+6,1.955e+6,5.325e-4
278.64,1.752e+6,1.752e+6,7.803e-5
278.69,1.472e+6,1.472e+6,1.071e-5
278.74,1.160e+6,1.160e+6,1.378e-6
278.79,8.567e+5,8.567e+5,1.661e-7
278.84,5.933e+5,5.933e+5,
278.89,3.852e+5,3.852e+5,
278.94,2.345e+5,2.345e+5,
278.99,1.339e+5,1.339e+5,
279.04,7.164e+4,7.164e+4,
279.09,3.595e+4,3.595e+4,
279.14,1.691e+4,1.691e+4,
279.19,7.459e+3,7.459e+3,
279.24,3.085e+3,3.085e+3,
279.29,1.196e+3,1.196e+3,
279.34,4.348e+2,4.348e+2,
279.39,1.482e+2,1.482e+2,
279.44,4.736e+1,4.736e+1,
279.49,1.419e+1,1.419e+1,
279.54,3.986e+0,3.986e+0,
279.59,1.050e+0,1.050e+0,
279.64,2.593e-1,2.593e-1,
279.69,6.002e-2,6.002e-2,
279.74,1.303e-2,1.303e-2,
279.79,2.652e-3,2.652e-3,
279.84,5.061e-4,5.061e-4,
279.89,9.054e-5,9.054e-5,
279.94,1.519e-5,1.519e-5,
279.99,2.389e-6,2.389e-6,
280.04,3.522e-7,3.522e-7,
280.09,4.870e-8,4.870e-8,
280.14,6.312e-9,6.312e-9,
280.19,7.672e-10,7.672e-10,
305.3,4.542e-9,4.542e-9,
305.35,3.177e-8,3.177e-8,
305.4,2.107e-7,2.107e-7,
305.45,1.325e-6,1.325e-6,
305.5,7.905e-6,7.905e-6,
305.55,4.472e-5,4.472e-5,
305.6,2.400e-4,2.400e-4,
305.65,1.221e-3,1.221e-3,
305.7,5.893e-3,5.893e-3,
305.75,2.697e-2,2.697e-2,
305.8,1.171e-1,1.171e-1,
305.85,4.819e-1,4.819e-1,
305.9,1.881e+0,1.881e+0,
305.95,6.965e+0,6.965e+0,
306,2.446e+1,2.446e+1,
306.05,8.145e+1,8.145e+1,
306.1,2.572e+2,2.572e+2,
306.15,7.705e+2,7.705e+2,
306.2,2.189e+3,2.189e+3,
306.25,5.896e+3,5.896e+3,
306.3,1.506e+4,1.506e+4,
306.35,3.650e+4,3.650e+4,
306.4,8.388e+4,8.388e+4,
306.45,1.828e+5,1.828e+5,
306.5,3.779e+5,3.779e+5,
306.55,7.407e+5,7.407e+5,
306.6,1.377e+6,1.377e+6,
306.65,2.428e+6,2.428e+6,
306.7,4.059e+6,4.059e+6,
306.75,6.437e+6,6.437e+6,
306.8,9.681e+6,9.681e+6,
306.85,1.381e+7,1.381e+7,
306.9,1.868e+7,1.868e+7,
306.95,2.396e+7,2.396e+7,
307,2.915e+7,2.915e+7,
307.05,3.363e+7,3.363e+7,
307.1,3.681e+7,3.681e+7,
307.15,3.820e+7,3.820e+7,
307.2,3.759e+7,3.759e+7,
307.25,3.509e+7,3.509e+7,
307.3,3.106e+7,3.106e+7,
307.35,2.608e+7,2.608e+7,
307.4,2.077e+7,2.077e+7,
307.45,1.568e+7,1.568e+7,
307.5,1.123e+7,1.123e+7,
307.55,7.627e+6,7.627e+6,
307.6,4.913e+6,4.913e+6,
307.65,3.001e+6,3.001e+6,
307.7,1.739e+6,1.739e+6,
307.75,9.552e+5,9.552e+5,
307.8,4.978e+5,4.978e+5,
307.85,2.460e+5,2.460e+5,
307.9,1.153e+5,1.153e+5,
307.95,5.124e+4,5.124e+4,
308,2.160e+4,2.160e+4,
308.05,8.636e+3,8.636e+3,
308.1,3.274e+3,3.274e+3,
308.15,1.177e+3,1.177e+3,
308.2,4.015e+2,4.015e+2,
308.25,1.298e+2,1.298e+2,
308.3,3.983e+1,3.983e+1,
308.35,1.159e+1,1.159e+1,
308.4,3.196e+0,3.196e+0,
308.45,8.362e-1,8.362e-1,
308.5,2.075e-1,2.075e-1,
308.55,4.883e-2,4.883e-2,
308.6,1.090e-2,1.090e-2,
308.65,2.306e-3,2.306e-3,
308.7,4.630e-4,4.630e-4,
308.75,8.813e-5,8.813e-5,
308.8,1.591e-5,1.591e-5,
308.85,2.725e-6,2.725e-6,
308.9,4.424e-7,4.424e-7,
308.95,6.814e-8,6.814e-8,
309,9.952e-9,9.952e-9,
348.01,9.548e-9,9.548e-9,
348.06,5.189e-8,5.189e-8,
348.11,2.707e-7,2.707e-7,
348.16,1.356e-6,1.356e-6,
348.21,6.521e-6,6.521e-6,
348.26,3.010e-5,3.010e-5,
348.31,1.334e-4,1.334e-4,
348.36,5.677e-4,5.677e-4,
348.41,2.319e-3,2.319e-3,
348.46,9.094e-3,9.094e-3,
348.51,3.424e-2,3.424e-2,
348.56,1.237e-1,1.237e-1,
348.61,4.294e-1,4.294e-1,
348.66,1.430e+0,1.430e+0,
348.71,4.574e+0,4.574e+0,
348.76,1.404e+1,1.404e+1,
348.81,4.139e+1,4.139e+1,
348.86,1.171e+2,1.171e+2,
348.91,3.182e+2,3.182e+2,
348.96,8.298e+2,8.298e+2,
349.01,2.078e+3,2.078e+3,
349.06,4.994e+3,4.994e+3,
349.11,1.152e+4,1.152e+4,
349.16,2.553e+4,2.553e+4,
349.21,5.430e+4,5.430e+4,
349.26,1.109e+5,1.109e+5,
349.31,2.173e+5,2.173e+5,
349.36,4.089e+5,4.089e+5,
349.41,7.388e+5,7.388e+5,
349.46,1.281e+6,1.281e+6,
349.51,2.134e+6,2.134e+6,
349.56,3.411e+6,3.411e+6,
349.61,5.234e+6,5.234e+6,
349.66,7.712e+6,7.712e+6,
349.71,1.091e+7,1.091e+7,
349.76,1.481e+7,1.481e+7,
349.81,1.931e+7,1.931e+7,
349.86,2.416e+7,2.416e+7,
349.91,2.903e+7,2.903e+7,
349.96,3.349e+7,3.349e+7,
350.01,3.708e+7,3.708e+7,
350.06,3.942e+7,3.942e+7,
350.11,4.024e+7,4.024e+7,
350.16,3.942e+7,3.942e+7,
350.21,3.708e+7,3.708e+7,
350.26,3.349e+7,3.349e+7,
350.31,2.903e+7,2.903e+7,
350.36,2.416e+7,2.416e+7,
350.41,1.931e+7,1.931e+7,
350.46,1.481e+7,1.481e+7,
350.51,1.091e+7,1.091e+7,
350.56,7.712e+6,7.712e+6,
350.61,5.234e+6,5.234e+6,
350.66,3.411e+6,3.411e+6,
350.71,2.134e+6,2.134e+6,
350.76,1.281e+6,1.281e+6,
350.81,7.388e+5,7.388e+5,
350.86,4.089e+5,4.089e+5,
350.91,2.173e+5,2.173e+5,
350.96,1.109e+5,1.109e+5,
351.01,5.430e+4,5.430e+4,
351.06,2.553e+4,2.553e+4,
351.11,1.152e+4,1.152e+4,
351.16,4.994e+3,4.994e+3,
351.21,2.078e+3,2.078e+3,
351.26,8.298e+2,8.298e+2,
351.31,3.182e+2,3.182e+2,
351.36,1.171e+2,1.171e+2,
351.41,4.139e+1,4.139e+1,
351.46,1.404e+1,1.404e+1,
351.51,4.574e+0,4.574e+0,
351.56,1.430e+0,1.430e+0,
351.61,4.294e-1,4.294e-1,
351.66,1.237e-1,1.237e-1,
351.71,3.424e-2,3.424e-2,
351.76,9.094e-3,9.094e-3,
351.81,2.319e-3,2.319e-3,
351.86,5.677e-4,5.677e-4,
351.91,1.334e-4,1.334e-4,
351.96,3.010e-5,3.010e-5,
352.01,6.521e-6,6.521e-6,
352.06,1.356e-6,1.356e-6,
352.11,2.707e-7,2.707e-7,
352.16,5.189e-8,5.189e-8,
352.21,9.548e-9,9.548e-9,
386.83,1.500e-6,,1.500e-6
386.88,6.962e-6,,6.962e-6
386.93,3.126e-5,,3.126e-5
386.98,1.358e-4,,1.358e-4
387.03,5.711e-4,,5.711e-4
387.08,2.323e-3,,2.323e-3
387.13,9.142e-3,,9.142e-3
387.18,3.481e-2,,3.481e-2
387.23,1.282e-1,,1.282e-1
387.28,4.570e-1,,4.570e-1
387.33,1.576e+0,,1.576e+0
387.38,5.259e+0,,5.259e+0
387.43,1.698e+1,,1.698e+1
387.48,5.302e+1,,5.302e+1
387.53,1.602e+2,,1.602e+2
387.58,4.685e+2,,4.685e+2
387.63,1.325e+3,,1.325e+3
387.68,3.628e+3,,3.628e+3
387.73,9.606e+3,,9.606e+3
387.78,2.461e+4,,2.461e+4
387.83,6.101e+4,,6.101e+4
387.88,1.463e+5,,1.463e+5
387.93,3.396e+5,,3.396e+5
387.98,7.624e+5,,7.624e+5
388.03,1.656e+6,,1.656e+6
388.08,3.481e+6,,3.481e+6
388.13,7.079e+6,,7.079e+6
388.18,1.393e+7,,1.393e+7
388.23,2.651e+7,,2.651e+7
388.28,4.883e+7,,4.883e+7
388.33,8.701e+7,,8.701e+7
388.38,1.500e+8,,1.500e+8
388.43,2.502e+8,,2.502e+8
388.48,4.039e+8,,4.039e+8
388.53,6.306e+8,,6.306e+8
388.58,9.528e+8,,9.528e+8
388.63,1.393e+9,5.352e-9,1.393e+9
388.68,1.970e+9,2.465e-8,1.970e+9
388.73,2.695e+9,1.099e-7,2.695e+9
388.78,3.568e+9,4.741e-7,3.568e+9
388.83,4.571e+9,1.980e-6,4.571e+9
388.88,5.665e+9,8.001e-6,5.665e+9
388.93,6.793e+9,3.130e-5,6.793e+9
388.98,7.881e+9,1.185e-4,7.881e+9
389.03,8.846e+9,4.340e-4,8.846e+9
389.08,9.607e+9,1.539e-3,9.607e+9
389.13,1.009e+10,5.281e-3,1.009e+10
389.18,1.026e+10,1.754e-2,1.026e+10
389.23,1.009e+10,5.638e-2,1.009e+10
389.28,9.607e+9,1.754e-1,9.607e+9
389.33,8.846e+9,5.281e-1,8.846e+9
389.38,7.881e+9,1.539e+0,7.881e+9
389.43,6.793e+9,4.340e+0,6.793e+9
389.48,5.665e+9,1.184e+1,5.665e+9
389.53,4.571e+9,3.129e+1,4.571e+9
389.58,3.568e+9,7.999e+1,3.568e+9
389.63,2.695e+9,1.979e+2,2.695e+9
389.68,1.970e+9,4.740e+2,1.970e+9
389.73,1.393e+9,1.099e+3,1.393e+9
389.78,9.528e+8,2.464e+3,9.528e+8
389.83,6.306e+8,5.349e+3,6.306e+8
389.88,4.039e+8,1.124e+4,4.039e+8
389.93,2.503e+8,2.286e+4,2.502e+8
389.98,1.501e+8,4.498e+4,1.500e+8
390.03,8.709e+7,8.567e+4,8.701e+7
390.08,4.899e+7,1.579e+5,4.883e+7
390.13,2.679e+7,2.818e+5,2.651e+7
390.18,1.441e+7,4.865e+5,1.393e+7
390.23,7.892e+6,8.130e+5,7.079e+6
390.28,4.796e+6,1.315e+6,3.481e+6
390.33,3.715e+6,2.058e+6,1.656e+6
390.38,3.881e+6,3.118e+6,7.624e+5
390.43,4.911e+6,4.572e+6,3.396e+5
390.48,6.634e+6,6.487e+6,1.463e+5
390.53,8.971e+6,8.910e+6,6.101e+4
390.58,1.187e+7,1.184e+7,2.461e+4
390.63,1.524e+7,1.523e+7,9.606e+3
390.68,1.897e+7,1.897e+7,3.628e+3
390.73,2.285e+7,2.285e+7,1.325e+3
390.78,2.665e+7,2.665e+7,4.685e+2
390.83,3.008e+7,3.008e+7,1.602e+2
390.88,3.286e+7,3.286e+7,5.302e+1
390.93,3.473e+7,3.473e+7,1.698e+1
390.98,3.554e+7,3.554e+7,5.259e+0
391.03,3.519e+7,3.519e+7,1.576e+0
391.08,3.373e+7,3.373e+7,4.570e-1
391.13,3.128e+7,3.128e+7,1.282e-1
391.18,2.808e+7,2.808e+7,3.481e-2
391.23,2.440e+7,2.440e+7,9.142e-3
391.28,2.051e+7,2.051e+7,2.323e-3
391.33,1.669e+7,1.669e+7,5.711e-4
391.38,1.315e+7,1.315e+7,1.358e-4
391.43,1.002e+7,1.002e+7,3.126e-5
391.48,7.394e+6,7.394e+6,6.962e-6
391.53,5.279e+6,5.279e+6,1.500e-6
391.58,3.648e+6,3.648e+6,
391.63,2.440e+6,2.440e+6,
391.68,1.579e+6,1.579e+6,
391.73,9.893e+5,9.893e+5,
391.78,5.998e+5,5.998e+5,
391.83,3.519e+5,3.519e+5,
391.88,1.999e+5,1.999e+5,
391.93,1.098e+5,1.098e+5,
391.98,5.844e+4,5.844e+4,
392.03,3.009e+4,3.009e+4,
392.08,1.502e+4,1.502e+4,
392.13,7.300e+3,7.300e+3,
392.18,3.554e+3,3.554e+3,
392.23,1.959e+3,1.959e+3,
392.28,1.685e+3,1.685e+3,
392.33,2.589e+3,2.589e+3,
392.38,5.174e+3,5.174e+3,
392.43,1.078e+4,1.078e+4,
392.48,2.209e+4,2.209e+4,
392.53,4.394e+4,4.394e+4,
392.58,8.469e+4,8.469e+4,
392.63,1.581e+5,1.581e+5,
392.68,2.857e+5,2.857e+5,
392.73,5.002e+5,5.002e+5,
392.78,8.480e+5,8.480e+5,
392.83,1.392e+6,1.392e+6,
392.88,2.214e+6,2.214e+6,
392.93,3.410e+6,3.410e+6,
392.98,5.087e+6,5.087e+6,
393.03,7.351e+6,7.351e+6,
393.08,1.029e+7,1.029e+7,
393.13,1.396e+7,1.396e+7,
393.18,1.834e+7,1.834e+7,
393.23,2.335e+7,2.335e+7,
393.28,2.881e+7,2.881e+7,
393.33,3.445e+7,3.445e+7,
393.38,3.993e+7,3.993e+7,
393.43,4.487e+7,4.487e+7,
393.48,4.889e+7,4.889e+7,
393.53,5.166e+7,5.166e+7,
393.58,5.294e+7,5.294e+7,
393.63,5.264e+7,5.264e+7,
393.68,5.079e+7,5.079e+7,
393.73,4.757e+7,4.757e+7,
393.78,4.326e+7,4.326e+7,
393.83,3.820e+7,3.820e+7,
393.88,3.277e+7,3.277e+7,
393.93,2.732e+7,2.732e+7,
393.98,2.213e+7,2.213e+7,
394.03,1.743e+7,1.743e+7,
394.08,1.335e+7,1.335e+7,
394.13,9.948e+6,9.948e+6,
394.18,7.210e+6,7.210e+6,
394.23,5.085e+6,5.085e+6,
394.28,3.490e+6,3.490e+6,
394.33,2.330e+6,2.330e+6,
394.38,1.515e+6,1.515e+6,
394.43,9.579e+5,9.579e+5,
394.48,5.895e+5,5.895e+5,
394.53,3.530e+5,3.530e+5,
394.58,2.056e+5,2.056e+5,
394.63,1.164e+5,1.164e+5,
394.68,6.412e+4,6.412e+4,
394.73,3.432e+4,3.432e+4,
394.78,1.785e+4,1.785e+4,
394.83,9.023e+3,9.023e+3,
394.88,4.429e+3,4.429e+3,
394.93,2.111e+3,2.111e+3,
394.98,9.765e+2,9.765e+2,
395.03,4.384e+2,4.384e+2,
395.08,1.910e+2,1.910e+2,
395.13,8.071e+1,8.071e+1,
395.18,3.308e+1,3.308e+1,
395.23,1.315e+1,1.315e+1,
395.28,5.065e+0,5.065e+0,
395.33,1.892e+0,1.892e+0,
395.38,6.848e-1,6.848e-1,
395.43,2.402e-1,2.402e-1,
395.48,8.167e-2,8.167e-2,
395.53,2.690e-2,2.690e-2,
395.58,8.584e-3,8.584e-3,
395.63,2.654e-3,2.654e-3,
395.68,7.948e-4,7.948e-4,
395.73,2.306e-4,2.306e-4,
395.78,6.479e-5,6.479e-5,
395.83,1.763e-5,1.763e-5,
395.88,4.648e-6,4.648e-6,
395.93,1.186e-6,1.186e-6,
395.98,2.909e-7,2.909e-7,
396.03,6.972e-8,6.972e-8,
396.08,1.618e-8,1.618e-8,
396.13,3.636e-9,3.636e-9,
396.93,1.045e-8,1.045e-8,
396.98,4.664e-8,4.664e-8,
397.03,2.017e-7,2.017e-7,
397.08,8.451e-7,8.451e-7,
397.13,3.432e-6,3.432e-6,
397.18,1.351e-5,1.351e-5,
397.23,5.154e-5,5.154e-5,
397.28,1.905e-4,1.905e-4,
397.33,6.826e-4,6.826e-4,
397.38,2.370e-3,2.370e-3,
397.43,7.976e-3,7.976e-3,
397.48,2.601e-2,2.601e-2,
397.53,8.221e-2,8.221e-2,
397.58,2.518e-1,2.518e-1,
397.63,7.475e-1,7.475e-1,
397.68,2.150e+0,2.150e+0,
397.73,5.995e+0,5.995e+0,
397.78,1.620e+1,1.620e+1,
397.83,4.243e+1,4.243e+1,
397.88,1.077e+2,1.077e+2,
397.93,2.649e+2,2.649e+2,
397.98,6.314e+2,6.314e+2,
398.03,1.459e+3,1.459e+3,
398.08,3.266e+3,3.266e+3,
398.13,7.088e+3,7.088e+3,
398.18,1.491e+4,1.491e+4,
398.23,3.039e+4,3.039e+4,
398.28,6.005e+4,6.005e+4,
398.33,1.150e+5,1.150e+5,
398.38,2.134e+5,2.134e+5,
398.43,3.839e+5,3.839e+5,
398.48,6.694e+5,6.694e+5,
398.53,1.131e+6,1.131e+6,
398.58,1.853e+6,1.853e+6,
398.63,2.943e+6,2.943e+6,
398.68,4.530e+6,4.530e+6,
398.73,6.759e+6,6.759e+6,
398.78,9.777e+6,9.777e+6,
398.83,1.371e+7,1.371e+7,
398.88,1.864e+7,1.864e+7,
398.93,2.458e+7,2.458e+7,
398.98,3.142e+7,3.142e+7,
399.03,3.895e+7,3.895e+7,
399.08,4.682e+7,4.682e+7,
399.13,5.460e+7,5.460e+7,
399.18,6.175e+7,6.175e+7,
399.23,6.777e+7,6.777e+7,
399.28,7.215e+7,7.215e+7,
399.33,7.455e+7,7.455e+7,
399.38,7.477e+7,7.477e+7,
399.43,7.280e+7,7.280e+7,
399.48,6.882e+7,6.882e+7,
399.53,6.319e+7,6.319e+7,
399.58,5.637e+7,5.637e+7,
399.63,4.886e+7,4.886e+7,
399.68,4.117e+7,4.117e+7,
399.73,3.373e+7,3.373e+7,
399.78,2.687e+7,2.687e+7,
399.83,2.083e+7,2.083e+7,
399.88,1.571e+7,1.571e+7,
399.93,1.153e+7,1.153e+7,
399.98,8.243e+6,8.243e+6,
400.03,5.738e+6,5.738e+6,
400.08,3.890e+6,3.890e+6,
400.13,2.569e+6,2.569e+6,
400.18,1.653e+6,1.653e+6,
400.23,1.036e+6,1.036e+6,
400.28,6.328e+5,6.328e+5,
400.33,3.764e+5,3.764e+5,
400.38,2.181e+5,2.181e+5,
400.43,1.231e+5,1.231e+5,
400.48,6.760e+4,6.760e+4,
400.53,3.615e+4,3.615e+4,
400.58,1.881e+4,1.881e+4,
400.63,9.522e+3,9.522e+3,
400.68,4.688e+3,4.688e+3,
400.73,2.244e+3,2.244e+3,
400.78,1.044e+3,1.044e+3,
400.83,4.721e+2,4.721e+2,
400.88,2.074e+2,2.074e+2,
400.93,8.846e+1,8.846e+1,
400.98,3.665e+1,3.665e+1,
401.03,1.474e+1,1.474e+1,
401.08,5.753e+0,5.753e+0,
401.13,2.179e+0,2.179e+0,
401.18,8.011e-1,8.011e-1,
401.23,2.857e-1,2.857e-1,
401.28,9.882e-2,9.882e-2,
401.33,3.316e-2,3.316e-2,
401.38,1.079e-2,1.079e-2,
401.43,3.405e-3,3.405e-3,
401.48,1.042e-3,1.042e-3,
401.53,3.091e-4,3.091e-4,
401.58,8.893e-5,8.893e-5,
401.63,2.480e-5,2.480e-5,
401.68,6.706e-6,6.706e-6,
401.73,1.758e-6,1.758e-6,
401.78,4.424e-7,4.424e-7,
401.83,1.091e-7,1.091e-7,
401.88,2.608e-8,2.608e-8,
401.93,6.041e-9,6.041e-9,
401.98,1.356e-9,1.356e-9,
410.58,2.962e-6,,2.962e-6
410.63,1.249e-5,,1.249e-5
410.68,5.113e-5,,5.113e-5
410.73,2.033e-4,,2.033e-4
410.78,7.849e-4,,7.849e-4
410.83,2.943e-3,,2.943e-3
410.88,1.072e-2,,1.072e-2
410.93,3.789e-2,,3.789e-2
410.98,1.301e-1,,1.301e-1
411.03,4.339e-1,,4.339e-1
411.08,1.405e+0,,1.405e+0
411.13,4.419e+0,,4.419e+0
411.18,1.350e+1,,1.350e+1
411.23,4.003e+1,,4.003e+1
411.28,1.153e+2,,1.153e+2
411.33,3.225e+2,,3.225e+2
411.38,8.761e+2,,8.761e+2
411.43,2.311e+3,,2.311e+3
411.48,5.920e+3,,5.920e+3
411.53,1.473e+4,,1.473e+4
411.58,3.558e+4,,3.558e+4
411.63,8.348e+4,,8.348e+4
411.68,1.902e+5,,1.902e+5
411.73,4.208e+5,,4.208e+5
411.78,9.042e+5,,9.042e+5
411.83,1.887e+6,,1.887e+6
411.88,3.823e+6,,3.823e+6
411.93,7.523e+6,,7.523e+6
411.98,1.438e+7,,1.438e+7
412.03,2.668e+7,,2.668e+7
412.08,4.808e+7,,4.808e+7
412.13,8.415e+7,,8.415e+7
412.18,1.430e+8,,1.430e+8
412.23,2.361e+8,,2.361e+8
412.28,3.784e+8,,3.784e+8
412.33,5.890e+8,,5.890e+8
412.38,8.904e+8,,8.904e+8
412.43,1.307e+9,,1.307e+9
412.48,1.863e+9,,1.863e+9
412.53,2.580e+9,,2.580e+9
412.58,3.468e+9,,3.468e+9
412.63,4.528e+9,,4.528e+9
412.68,5.741e+9,,5.741e+9
412.73,7.069e+9,,7.069e+9
412.78,8.453e+9,,8.453e+9
412.83,9.815e+9,,9.815e+9
412.88,1.107e+10,,1.107e+10
412.93,1.212e+10,,1.212e+10
412.98,1.289e+10,,1.289e+10
413.03,1.331e+10,,1.331e+10
413.08,1.335e+10,,1.335e+10
413.13,1.300e+10,,1.300e+10
413.18,1.230e+10,,1.230e+10
413.23,1.130e+10,,1.130e+10
413.28,1.008e+10,,1.008e+10
413.33,8.730e+9,,8.730e+9
413.38,7.344e+9,,7.344e+9
413.43,5.999e+9,,5.999e+9
413.48,4.759e+9,,4.759e+9
413.53,3.667e+9,,3.667e+9
413.58,2.743e+9,,2.743e+9
413.63,1.993e+9,,1.993e+9
413.68,1.406e+9,,1.406e+9
413.73,9.637e+8,,9.637e+8
413.78,6.413e+8,,6.413e+8
413.83,4.144e+8,,4.144e+8
413.88,2.600e+8,,2.600e+8
413.93,1.585e+8,,1.585e+8
413.98,9.379e+7,,9.379e+7
414.03,5.390e+7,,5.390e+7
414.08,3.009e+7,,3.009e+7
414.13,1.631e+7,,1.631e+7
414.18,8.583e+6,,8.583e+6
414.23,4.388e+6,,4.388e+6
414.28,2.178e+6,,2.178e+6
414.33,1.050e+6,,1.050e+6
414.38,4.915e+5,,4.915e+5
414.43,2.234e+5,,2.234e+5
414.48,9.865e+4,,9.865e+4
414.53,4.230e+4,,4.230e+4
414.58,1.761e+4,,1.761e+4
414.63,7.121e+3,,7.121e+3
414.68,2.797e+3,,2.797e+3
414.73,1.069e+3,,1.069e+3
414.78,4.023e+2,,4.023e+2
414.83,1.631e+2,,1.631e+2
414.88,1.074e+2,,1.074e+2
414.93,1.702e+2,,1.702e+2
414.98,4.014e+2,,4.014e+2
415.03,9.941e+2,,9.941e+2
415.08,2.417e+3,,2.417e+3
415.13,5.720e+3,,5.720e+3
415.18,1.315e+4,,1.315e+4
415.23,2.938e+4,,2.938e+4
415.28,6.377e+4,,6.377e+4
415.33,1.345e+5,,1.345e+5
415.38,2.755e+5,,2.755e+5
415.43,5.485e+5,,5.485e+5
415.48,1.061e+6,,1.061e+6
415.53,1.994e+6,,1.994e+6
415.58,3.641e+6,,3.641e+6
415.63,6.460e+6,,6.460e+6
415.68,1.113e+7,,1.113e+7
415.73,1.865e+7,,1.865e+7
415.78,3.035e+7,,3.035e+7
415.83,4.798e+7,,4.798e+7
415.88,7.370e+7,,7.370e+7
415.93,1.100e+8,,1.100e+8
415.98,1.595e+8,,1.595e+8
416.03,2.247e+8,,2.247e+8
416.08,3.076e+8,,3.076e+8
416.13,4.092e+8,,4.092e+8
416.18,5.287e+8,,5.287e+8
416.23,6.639e+8,,6.639e+8
416.28,8.099e+8,,8.099e+8
416.33,9.599e+8,,9.599e+8
416.38,1.105e+9,,1.105e+9
416.43,1.237e+9,,1.237e+9
416.48,1.345e+9,,1.345e+9
416.53,1.420e+9,,1.420e+9
416.58,1.458e+9,,1.458e+9
416.63,1.453e+9,,1.453e+9
416.68,1.408e+9,,1.408e+9
416.73,1.325e+9,,1.325e+9
416.78,1.212e+9,,1.212e+9
416.84,1.048e+9,,1.048e+9
416.89,8.999e+8,,8.999e+8
416.94,7.506e+8,,7.506e+8
416.99,6.082e+8,,6.082e+8
417.04,4.789e+8,,4.789e+8
417.09,3.663e+8,,3.663e+8
417.14,2.723e+8,,2.723e+8
417.19,1.966e+8,,1.966e+8
417.24,1.379e+8,,1.379e+8
417.29,9.404e+7,,9.404e+7
417.34,6.228e+7,,6.228e+7
417.39,4.008e+7,,4.008e+7
417.44,2.506e+7,,2.506e+7
417.49,1.523e+7,,1.523e+7
417.54,8.987e+6,,8.987e+6
417.59,5.154e+6,,5.154e+6
417.64,2.872e+6,,2.872e+6
417.69,1.555e+6,,1.555e+6
417.74,8.178e+5,,8.178e+5
417.79,4.179e+5,,4.179e+5
417.84,2.075e+5,,2.075e+5
417.89,1.001e+5,,1.001e+5
417.94,4.693e+4,,4.693e+4
417.99,2.137e+4,,2.137e+4
418.04,9.458e+3,,9.458e+3
418.09,4.067e+3,,4.067e+3
418.14,1.699e+3,,1.699e+3
418.19,6.895e+2,,6.895e+2
418.24,2.719e+2,,2.719e+2
418.29,1.042e+2,,1.042e+2
418.34,3.878e+1,,3.878e+1
418.39,1.403e+1,,1.403e+1
418.44,4.929e+0,,4.929e+0
418.49,1.683e+0,,1.683e+0
418.54,5.583e-1,,5.583e-1
418.59,1.800e-1,,1.800e-1
418.64,5.636e-2,,5.636e-2
418.69,1.715e-2,,1.715e-2
418.74,5.070e-3,,5.070e-3
418.79,1.456e-3,,1.456e-3
418.84,4.064e-4,,4.064e-4
418.89,1.102e-4,,1.102e-4
418.94,2.903e-5,,2.903e-5
418.99,7.431e-6,,7.431e-6
419.04,1.848e-6,,1.848e-6
419.09,4.488e-7,,4.488e-7
419.14,8.797e-9,,8.797e-9
419.19,3.481e-8,,3.481e-8
419.24,1.339e-7,,1.339e-7
419.29,5.009e-7,,5.009e-7
419.34,1.822e-6,,1.822e-6
419.39,6.441e-6,,6.441e-6
419.44,2.214e-5,,2.214e-5
419.49,7.401e-5,,7.401e-5
419.54,2.405e-4,,2.405e-4
419.59,7.600e-4,,7.600e-4
419.64,2.335e-3,,2.335e-3
419.69,6.973e-3,,6.973e-3
419.74,2.025e-2,,2.025e-2
419.79,5.717e-2,,5.717e-2
419.84,1.569e-1,,1.569e-1
419.89,4.188e-1,,4.188e-1
419.94,1.087e+0,,1.087e+0
419.99,2.742e+0,,2.742e+0
420.04,6.726e+0,,6.726e+0
420.09,1.604e+1,,1.604e+1
420.14,3.719e+1,,3.719e+1
420.19,8.385e+1,,8.385e+1
420.24,1.838e+2,,1.838e+2
420.29,3.917e+2,,3.917e+2
420.34,8.116e+2,,8.116e+2
420.39,1.635e+3,,1.635e+3
420.44,3.202e+3,,3.202e+3
420.49,6.099e+3,,6.099e+3
420.54,1.129e+4,,1.129e+4
420.59,2.033e+4,,2.033e+4
420.64,3.558e+4,,3.558e+4
420.69,6.054e+4,,6.054e+4
420.74,1.002e+5,,1.002e+5
420.79,1.611e+5,,1.611e+5
420.84,2.520e+5,,2.520e+5
420.89,3.832e+5,,3.832e+5
420.94,5.665e+5,,5.665e+5
420.99,8.143e+5,,8.143e+5
421.04,1.138e+6,,1.138e+6
421.09,1.546e+6,,1.546e+6
421.14,2.043e+6,,2.043e+6
421.19,2.624e+6,,2.624e+6
421.24,3.277e+6,,3.277e+6
421.29,3.979e+6,,3.979e+6
421.34,4.697e+6,,4.697e+6
421.39,5.392e+6,7.169e-10,5.392e+6
421.44,6.017e+6,2.954e-9,6.017e+6
421.49,6.528e+6,1.184e-8,6.528e+6
421.54,6.886e+6,4.614e-8,6.886e+6
421.59,7.063e+6,1.749e-7,7.063e+6
421.64,7.043e+6,6.447e-7,7.043e+6
421.69,6.829e+6,2.312e-6,6.829e+6
421.74,6.437e+6,8.061e-6,6.437e+6
421.79,5.899e+6,2.734e-5,5.899e+6
421.84,5.257e+6,9.017e-5,5.257e+6
421.89,4.554e+6,2.893e-4,4.554e+6
421.94,3.836e+6,9.025e-4,3.836e+6
421.99,3.142e+6,2.739e-3,3.142e+6
422.04,2.502e+6,8.082e-3,2.502e+6
422.09,1.937e+6,2.320e-2,1.937e+6
422.14,1.458e+6,6.475e-2,1.458e+6
422.19,1.067e+6,1.758e-1,1.067e+6
422.24,7.590e+5,4.642e-1,7.590e+5
422.29,5.251e+5,1.192e+0,5.251e+5
422.34,3.532e+5,2.978e+0,3.532e+5
422.39,2.310e+5,7.234e+0,2.310e+5
422.44,1.469e+5,1.709e+1,1.468e+5
422.49,9.081e+4,3.928e+1,9.077e+4
422.54,5.465e+4,8.780e+1,5.456e+4
422.59,3.207e+4,1.909e+2,3.188e+4
422.64,1.852e+4,4.036e+2,1.811e+4
422.69,1.084e+4,8.301e+2,1.001e+4
422.74,7.034e+3,1.660e+3,5.374e+3
422.79,6.037e+3,3.231e+3,2.806e+3
422.84,7.540e+3,6.115e+3,1.425e+3
422.89,1.196e+4,1.126e+4,7.031e+2
422.94,2.050e+4,2.016e+4,3.375e+2
422.99,3.529e+4,3.513e+4,1.575e+2
423.04,5.961e+4,5.954e+4,7.143e+1
423.09,9.821e+4,9.818e+4,3.151e+1
423.14,1.575e+5,1.575e+5,1.351e+1
423.19,2.459e+5,2.459e+5,5.634e+0
423.24,3.735e+5,3.735e+5,2.284e+0
423.29,5.522e+5,5.522e+5,9.002e-1
423.34,7.945e+5,7.945e+5,3.449e-1
423.39,1.113e+6,1.113e+6,1.285e-1
423.44,1.517e+6,1.517e+6,4.656e-2
423.49,2.014e+6,2.014e+6,1.640e-2
423.54,2.605e+6,2.605e+6,5.615e-3
423.59,3.281e+6,3.281e+6,1.869e-3
423.64,4.026e+6,4.026e+6,6.051e-4
423.69,4.816e+6,4.816e+6,1.904e-4
423.74,5.615e+6,5.615e+6,5.827e-5
423.79,6.386e+6,6.386e+6,1.734e-5
423.84,7.086e+6,7.086e+6,5.015e-6
423.89,7.674e+6,7.674e+6,1.410e-6
423.94,8.114e+6,8.114e+6,3.856e-7
423.99,8.382e+6,8.382e+6,1.025e-7
424.04,8.461e+6,8.461e+6,2.650e-8
424.09,8.352e+6,8.352e+6,6.659e-9
424.14,8.063e+6,8.063e+6,1.627e-9
424.19,7.617e+6,7.617e+6,
424.24,7.044e+6,7.044e+6,3.147e-8
424.29,6.378e+6,6.378e+6,1.259e-7
424.34,5.655e+6,5.655e+6,4.898e-7
424.39,4.910e+6,4.910e+6,1.854e-6
424.44,4.176e+6,4.176e+6,6.830e-6
424.49,3.478e+6,3.478e+6,2.448e-5
424.54,2.836e+6,2.836e+6,8.535e-5
424.59,2.263e+6,2.263e+6,2.895e-4
424.64,1.768e+6,1.768e+6,9.556e-4
424.69,1.350e+6,1.350e+6,3.068e-3
424.74,1.008e+6,1.008e+6,9.586e-3
424.79,7.359e+5,7.359e+5,2.914e-2
424.84,5.247e+5,5.247e+5,8.617e-2
424.89,3.652e+5,3.652e+5,2.479e-1
424.94,2.482e+5,2.482e+5,6.940e-1
424.99,1.645e+5,1.645e+5,1.890e+0
425.04,1.064e+5,1.064e+5,5.008e+0
425.09,6.723e+4,6.721e+4,1.291e+1
425.14,4.162e+4,4.159e+4,3.238e+1
425.19,2.559e+4,2.552e+4,7.903e+1
425.24,1.629e+4,1.610e+4,1.876e+2
425.29,1.191e+4,1.148e+4,4.334e+2
425.34,1.165e+4,1.068e+4,9.740e+2
425.39,1.570e+4,1.357e+4,2.130e+3
425.44,2.538e+4,2.085e+4,4.531e+3
425.49,4.350e+4,3.412e+4,9.377e+3
425.54,7.488e+4,5.599e+4,1.888e+4
425.59,1.272e+5,9.023e+4,3.699e+4
425.64,2.124e+5,1.419e+5,7.051e+4
425.69,3.479e+5,2.172e+5,1.308e+5
425.74,5.594e+5,3.235e+5,2.359e+5
425.79,8.831e+5,4.689e+5,4.142e+5
425.84,1.369e+6,6.612e+5,7.074e+5
425.89,2.083e+6,9.071e+5,1.175e+6
425.94,3.111e+6,1.211e+6,1.900e+6
425.99,4.561e+6,1.572e+6,2.989e+6
426.04,6.560e+6,1.986e+6,4.574e+6
426.09,9.251e+6,2.441e+6,6.810e+6
426.14,1.278e+7,2.918e+6,9.865e+6
426.19,1.730e+7,3.395e+6,1.390e+7
426.24,2.291e+7,3.842e+6,1.906e+7
426.29,2.966e+7,4.230e+6,2.543e+7
426.34,3.754e+7,4.531e+6,3.301e+7
426.39,4.640e+7,4.722e+6,4.168e+7
426.44,5.600e+7,4.787e+6,5.121e+7
426.49,6.594e+7,4.722e+6,6.121e+7
426.54,7.572e+7,4.531e+6,7.119e+7
426.59,8.478e+7,4.230e+6,8.055e+7
426.64,9.251e+7,3.842e+6,8.867e+7
426.69,9.837e+7,3.395e+6,9.497e+7
426.74,1.019e+8,2.918e+6,9.896e+7
426.79,1.028e+8,2.441e+6,1.003e+8
426.84,1.010e+8,1.986e+6,9.896e+7
426.89,9.654e+7,1.573e+6,9.497e+7
426.94,8.989e+7,1.213e+6,8.867e+7
426.99,8.146e+7,9.111e+5,8.055e+7
427.04,7.186e+7,6.693e+5,7.119e+7
427.09,6.170e+7,4.848e+5,6.121e+7
427.14,5.157e+7,3.541e+5,5.121e+7
427.19,4.196e+7,2.743e+5,4.168e+7
427.24,3.325e+7,2.456e+5,3.301e+7
427.29,2.571e+7,2.736e+5,2.543e+7
427.34,1.943e+7,3.714e+5,1.906e+7
427.39,1.446e+7,5.619e+5,1.390e+7
427.44,1.075e+7,8.803e+5,9.865e+6
427.49,8.186e+6,1.375e+6,6.810e+6
427.54,6.684e+6,2.110e+6,4.574e+6
427.59,6.151e+6,3.162e+6,2.989e+6
427.64,6.515e+6,4.615e+6,1.900e+6
427.69,7.733e+6,6.558e+6,1.175e+6
427.74,9.777e+6,9.069e+6,7.074e+5
427.79,1.262e+7,1.221e+7,4.142e+5
427.84,1.622e+7,1.599e+7,2.359e+5
427.89,2.051e+7,2.038e+7,1.308e+5
427.94,2.534e+7,2.527e+7,7.051e+4
427.99,3.054e+7,3.050e+7,3.699e+4
428.04,3.584e+7,3.582e+7,1.888e+4
428.09,4.095e+7,4.094e+7,9.377e+3
428.14,4.554e+7,4.553e+7,4.531e+3
428.19,4.928e+7,4.928e+7,2.130e+3
428.24,5.190e+7,5.189e+7,9.740e+2
428.29,5.318e+7,5.318e+7,4.334e+2
428.34,5.304e+7,5.304e+7,1.876e+2
428.39,5.147e+7,5.147e+7,7.903e+1
428.44,4.861e+7,4.861e+7,3.238e+1
428.49,4.467e+7,4.467e+7,1.291e+1
428.54,3.995e+7,3.995e+7,5.008e+0
428.59,3.476e+7,3.476e+7,1.890e+0
428.64,2.944e+7,2.944e+7,6.941e-1
428.69,2.426e+7,2.426e+7,2.482e-1
428.74,1.945e+7,1.945e+7,8.713e-2
428.79,1.518e+7,1.518e+7,3.221e-2
428.84,1.153e+7,1.153e+7,1.920e-2
428.89,8.518e+6,8.518e+6,3.229e-2
428.94,6.125e+6,6.125e+6,8.744e-2
428.99,4.286e+6,4.286e+6,2.495e-1
429.04,2.918e+6,2.918e+6,6.989e-1
429.09,1.934e+6,1.934e+6,1.908e+0
429.14,1.247e+6,1.247e+6,5.070e+0
429.19,7.824e+5,7.824e+5,1.312e+1
429.24,4.778e+5,4.777e+5,3.303e+1
429.29,2.839e+5,2.838e+5,8.096e+1
429.34,1.643e+5,1.641e+5,1.932e+2
429.39,9.279e+4,9.234e+4,4.487e+2
429.44,5.157e+4,5.056e+4,1.015e+3
429.49,2.917e+4,2.694e+4,2.233e+3
429.54,1.875e+4,1.397e+4,4.785e+3
429.59,1.703e+4,7.047e+3,9.979e+3
429.64,2.372e+4,3.460e+3,2.026e+4
429.69,4.169e+4,1.653e+3,4.004e+4
429.74,7.779e+4,7.685e+2,7.703e+4
429.79,1.446e+5,3.477e+2,1.442e+5
429.84,2.631e+5,1.531e+2,2.629e+5
429.89,4.667e+5,6.558e+1,4.666e+5
429.94,8.060e+5,2.734e+1,8.060e+5
429.99,1.355e+6,1.109e+1,1.355e+6
430.04,2.218e+6,4.379e+0,2.218e+6
430.09,3.534e+6,1.682e+0,3.534e+6
430.14,5.482e+6,6.290e-1,5.482e+6
430.19,8.276e+6,2.290e-1,8.276e+6
430.24,1.216e+7,8.162e-2,1.216e+7
430.29,1.740e+7,2.977e-2,1.740e+7
430.34,2.423e+7,1.476e-2,2.423e+7
430.39,3.285e+7,1.828e-2,3.285e+7
430.44,4.335e+7,4.278e-2,4.335e+7
430.49,5.568e+7,1.121e-1,5.568e+7
430.54,6.963e+7,2.911e-1,6.963e+7
430.59,8.475e+7,7.377e-1,8.475e+7
430.64,1.004e+8,1.821e+0,1.004e+8
430.69,1.158e+8,4.378e+0,1.158e+8
430.74,1.300e+8,1.025e+1,1.300e+8
430.79,1.421e+8,2.337e+1,1.421e+8
430.84,1.512e+8,5.189e+1,1.512e+8
430.89,1.566e+8,1.122e+2,1.566e+8
430.94,1.579e+8,2.364e+2,1.579e+8
430.99,1.549e+8,4.850e+2,1.549e+8
431.04,1.480e+8,9.693e+2,1.480e+8
431.09,1.376e+8,1.887e+3,1.376e+8
431.14,1.246e+8,3.579e+3,1.246e+8
431.19,1.098e+8,6.613e+3,1.097e+8
431.24,9.415e+7,1.190e+4,9.413e+7
431.29,7.862e+7,2.088e+4,7.860e+7
431.34,6.392e+7,3.570e+4,6.388e+7
431.39,5.060e+7,5.946e+4,5.055e+7
431.44,3.903e+7,9.655e+4,3.893e+7
431.49,2.935e+7,1.528e+5,2.920e+7
431.54,2.157e+7,2.357e+5,2.133e+7
431.59,1.555e+7,3.546e+5,1.519e+7
431.64,1.109e+7,5.201e+5,1.057e+7
431.69,7.963e+6,7.439e+5,7.219e+6
431.74,5.933e+6,1.038e+6,4.895e+6
431.79,4.787e+6,1.412e+6,3.375e+6
431.84,4.349e+6,1.875e+6,2.475e+6
431.89,4.476e+6,2.428e+6,2.048e+6
431.94,5.058e+6,3.069e+6,1.989e+6
431.99,6.009e+6,3.787e+6,2.222e+6
432.04,7.257e+6,4.560e+6,2.696e+6
432.09,8.735e+6,5.362e+6,3.373e+6
432.14,1.037e+7,6.156e+6,4.217e+6
432.19,1.209e+7,6.901e+6,5.193e+6
432.24,1.381e+7,7.557e+6,6.256e+6
432.29,1.544e+7,8.085e+6,7.353e+6
432.34,1.687e+7,8.453e+6,8.421e+6
432.39,1.803e+7,8.641e+6,9.394e+6
432.44,1.884e+7,8.640e+6,1.020e+7
432.49,1.925e+7,8.459e+6,1.079e+7
432.54,1.923e+7,8.120e+6,1.111e+7
432.59,1.880e+7,7.658e+6,1.114e+7
432.64,1.800e+7,7.116e+6,1.088e+7
432.69,1.688e+7,6.543e+6,1.034e+7
432.74,1.556e+7,5.988e+6,9.570e+6
432.79,1.411e+7,5.492e+6,8.623e+6
432.84,1.265e+7,5.089e+6,7.564e+6
432.89,1.126e+7,4.799e+6,6.461e+6
432.94,1.000e+7,4.627e+6,5.373e+6
432.99,8.914e+6,4.563e+6,4.351e+6
433.04,8.017e+6,4.587e+6,3.430e+6
433.09,7.299e+6,4.667e+6,2.633e+6
433.14,6.734e+6,4.766e+6,1.967e+6
433.19,6.280e+6,4.849e+6,1.432e+6
433.24,5.895e+6,4.881e+6,1.014e+6
433.29,5.538e+6,4.838e+6,6.995e+5
433.34,5.175e+6,4.705e+6,4.698e+5
433.39,4.784e+6,4.477e+6,3.072e+5
433.44,4.358e+6,4.163e+6,1.955e+5
433.49,3.898e+6,3.777e+6,1.212e+5
433.54,3.414e+6,3.341e+6,7.315e+4
433.59,2.924e+6,2.881e+6,4.298e+4
433.64,2.446e+6,2.421e+6,2.459e+4
433.69,1.996e+6,1.983e+6,1.370e+4
433.74,1.590e+6,1.583e+6,7.427e+3
433.79,1.238e+6,1.234e+6,3.922e+3
433.84,9.455e+5,9.435e+5,2.016e+3
433.89,7.150e+5,7.140e+5,1.009e+3
433.94,5.473e+5,5.468e+5,4.918e+2
433.99,4.435e+5,4.432e+5,2.334e+2
434.04,4.067e+5,4.066e+5,1.078e+2
434.09,4.445e+5,4.444e+5,4.849e+1
434.14,5.708e+5,5.708e+5,2.124e+1
434.19,8.075e+5,8.075e+5,9.055e+0
434.24,1.185e+6,1.185e+6,3.759e+0
434.29,1.740e+6,1.740e+6,1.519e+0
434.34,2.520e+6,2.520e+6,5.979e-1
434.39,3.569e+6,3.569e+6,2.291e-1
434.44,4.934e+6,4.934e+6,8.547e-2
434.49,6.647e+6,6.647e+6,3.105e-2
434.54,8.724e+6,8.724e+6,1.098e-2
434.59,1.115e+7,1.115e+7,3.781e-3
434.64,1.389e+7,1.389e+7,1.267e-3
434.69,1.684e+7,1.684e+7,4.137e-4
434.74,1.989e+7,1.989e+7,1.315e-4
434.79,2.288e+7,2.288e+7,4.068e-5
434.84,2.563e+7,2.563e+7,1.226e-5
434.89,2.797e+7,2.797e+7,3.595e-6
434.94,2.972e+7,2.972e+7,1.027e-6
434.99,3.076e+7,3.076e+7,2.855e-7
435.04,3.100e+7,3.100e+7,7.728e-8
435.09,3.043e+7,3.043e+7,2.037e-8
435.14,2.910e+7,2.910e+7,5.228e-9
435.19,2.709e+7,2.709e+7,1.306e-9
435.24,2.457e+7,2.457e+7,
435.29,2.170e+7,2.170e+7,
435.34,1.867e+7,1.867e+7,
435.39,1.564e+7,1.564e+7,
435.44,1.276e+7,1.276e+7,
435.49,1.014e+7,1.014e+7,
435.54,7.848e+6,7.848e+6,
435.59,5.915e+6,5.915e+6,
435.64,4.342e+6,4.342e+6,
435.69,3.105e+6,3.105e+6,
435.74,2.162e+6,2.162e+6,
435.79,1.466e+6,1.466e+6,
435.84,9.683e+5,9.683e+5,
435.89,6.229e+5,6.229e+5,
435.94,3.902e+5,3.902e+5,
435.99,2.381e+5,2.381e+5,
436.04,1.415e+5,1.415e+5,
436.09,8.189e+4,8.189e+4,
436.14,4.616e+4,4.616e+4,
436.19,2.534e+4,2.534e+4,
436.24,1.355e+4,1.355e+4,
436.29,7.054e+3,7.054e+3,
436.34,3.577e+3,3.577e+3,
436.39,1.767e+3,1.767e+3,
436.44,8.499e+2,8.499e+2,
436.49,3.982e+2,3.982e+2,
436.54,1.817e+2,1.817e+2,
436.59,8.073e+1,8.073e+1,
436.64,3.494e+1,3.494e+1,
436.69,1.473e+1,1.473e+1,
436.74,6.046e+0,6.046e+0,
436.79,2.417e+0,2.417e+0,
436.84,9.412e-1,9.412e-1,
436.89,3.569e-1,3.569e-1,
436.94,1.318e-1,1.318e-1,
436.99,4.742e-2,4.742e-2,
437.04,1.661e-2,1.661e-2,
437.09,5.669e-3,5.669e-3,
437.14,1.884e-3,1.884e-3,
437.19,6.097e-4,6.097e-4,
437.24,1.922e-4,1.922e-4,
437.29,5.899e-5,5.899e-5,
437.34,1.764e-5,1.764e-5,
437.39,5.136e-6,5.136e-6,
437.44,1.457e-6,1.457e-6,
437.49,4.023e-7,4.023e-7,
437.54,1.082e-7,1.082e-7,
437.59,3.032e-8,3.032e-8,
437.64,1.492e-8,1.492e-8,
437.69,2.915e-8,2.915e-8,
437.74,1.078e-7,1.078e-7,
437.79,3.886e-7,3.886e-7,
437.84,1.365e-6,1.365e-6,
437.89,4.672e-6,4.672e-6,
437.94,1.558e-5,1.558e-5,
437.99,5.066e-5,5.066e-5,
438.04,1.605e-4,1.605e-4,
438.09,4.955e-4,4.955e-4,
438.14,1.491e-3,1.491e-3,
438.19,4.372e-3,4.372e-3,
438.24,1.249e-2,1.249e-2,
438.29,3.479e-2,3.479e-2,
438.34,9.440e-2,9.440e-2,
438.39,2.497e-1,2.497e-1,
438.44,6.434e-1,6.434e-1,
438.49,1.616e+0,1.616e+0,
438.54,3.956e+0,3.956e+0,
438.59,9.436e+0,9.436e+0,
438.64,2.194e+1,2.194e+1,
438.69,4.969e+1,4.969e+1,
438.74,1.097e+2,1.097e+2,
438.79,2.361e+2,2.361e+2,
438.84,4.950e+2,4.950e+2,
438.89,1.011e+3,1.011e+3,
438.94,2.014e+3,2.014e+3,
438.99,3.909e+3,3.909e+3,
439.04,7.393e+3,7.393e+3,
439.09,1.363e+4,1.363e+4,
439.14,2.448e+4,2.448e+4,
439.19,4.286e+4,4.286e+4,
439.24,7.313e+4,7.313e+4,
439.29,1.216e+5,1.216e+5,
439.34,1.971e+5,1.971e+5,
439.39,3.113e+5,3.113e+5,
439.44,4.793e+5,4.793e+5,
439.49,7.192e+5,7.192e+5,
439.54,1.052e+6,1.052e+6,
439.59,1.500e+6,1.500e+6,
439.64,2.085e+6,2.085e+6,
439.69,2.826e+6,2.826e+6,
439.74,3.734e+6,3.734e+6,
439.79,4.811e+6,4.811e+6,
439.84,6.046e+6,6.046e+6,
439.89,7.412e+6,7.412e+6,
439.94,8.866e+6,8.866e+6,
439.99,1.035e+7,1.035e+7,
440.04,1.180e+7,1.180e+7,
440.09,1.313e+7,1.313e+7,
440.14,1.429e+7,1.429e+7,
440.19,1.520e+7,1.520e+7,
440.24,1.582e+7,1.582e+7,
440.29,1.612e+7,1.612e+7,
440.34,1.610e+7,1.610e+7,
440.39,1.578e+7,1.578e+7,
440.44,1.519e+7,1.519e+7,
440.49,1.436e+7,1.436e+7,
440.54,1.337e+7,1.337e+7,
440.59,1.226e+7,1.226e+7,
440.64,1.108e+7,1.108e+7,
440.69,9.876e+6,9.876e+6,
440.74,8.685e+6,8.685e+6,
440.79,7.535e+6,7.535e+6,
440.84,6.447e+6,6.447e+6,
440.89,5.438e+6,5.438e+6,
440.94,4.518e+6,4.518e+6,
440.99,3.693e+6,3.693e+6,
441.04,2.968e+6,2.968e+6,
441.09,2.342e+6,2.342e+6,
441.14,1.813e+6,1.813e+6,
441.19,1.376e+6,1.376e+6,
441.24,1.022e+6,1.022e+6,
441.29,7.430e+5,7.430e+5,
441.34,5.281e+5,5.281e+5,
441.39,3.668e+5,3.668e+5,
441.44,2.489e+5,2.489e+5,
441.49,1.649e+5,1.649e+5,
441.54,1.066e+5,1.066e+5,
441.59,6.733e+4,6.733e+4,
441.64,4.158e+4,4.158e+4,
441.69,2.526e+4,2.526e+4,
441.74,1.543e+4,1.543e+4,
441.79,1.014e+4,1.014e+4,
441.84,8.315e+3,8.315e+3,
441.89,9.761e+3,9.761e+3,
441.94,1.521e+4,1.521e+4,
441.99,2.659e+4,2.659e+4,
442.04,4.747e+4,4.747e+4,
442.09,8.373e+4,8.373e+4,
442.14,1.445e+5,1.445e+5,
442.19,2.434e+5,2.434e+5,
442.24,3.999e+5,3.999e+5,
442.29,6.404e+5,6.404e+5,
442.34,9.997e+5,9.997e+5,
442.39,1.522e+6,1.522e+6,
442.44,2.258e+6,2.258e+6,
442.49,3.266e+6,3.266e+6,
442.54,4.605e+6,4.605e+6,
442.59,6.330e+6,6.330e+6,
442.64,8.483e+6,8.483e+6,
442.69,1.108e+7,1.108e+7,
442.74,1.411e+7,1.411e+7,
442.79,1.752e+7,1.752e+7,
442.84,2.121e+7,2.121e+7,
442.89,2.503e+7,2.503e+7,
442.94,2.879e+7,2.879e+7,
442.99,3.228e+7,3.228e+7,
443.04,3.529e+7,3.529e+7,
443.09,3.761e+7,3.761e+7,
443.14,3.907e+7,3.907e+7,
443.19,3.957e+7,3.957e+7,
443.24,3.907e+7,3.907e+7,
443.29,3.761e+7,3.761e+7,
443.34,3.529e+7,3.529e+7,
443.39,3.228e+7,3.228e+7,
443.44,2.879e+7,2.879e+7,
443.49,2.503e+7,2.503e+7,
443.54,2.121e+7,2.121e+7,
443.59,1.752e+7,1.752e+7,
443.64,1.411e+7,1.411e+7,
443.69,1.108e+7,1.108e+7,
443.74,8.483e+6,8.483e+6,
443.79,6.330e+6,6.330e+6,
443.84,4.605e+6,4.605e+6,
443.89,3.266e+6,3.266e+6,
443.94,2.258e+6,2.258e+6,
443.99,1.522e+6,1.522e+6,
444.04,9.997e+5,9.997e+5,
444.09,6.403e+5,6.403e+5,
444.14,3.998e+5,3.998e+5,
444.19,2.434e+5,2.434e+5,
444.24,1.444e+5,1.444e+5,
444.29,8.356e+4,8.356e+4,
444.34,4.712e+4,4.712e+4,
444.39,2.591e+4,2.591e+4,
444.44,1.389e+4,1.389e+4,
444.49,7.255e+3,7.255e+3,
444.54,3.696e+3,3.696e+3,
444.59,1.835e+3,1.835e+3,
444.64,8.884e+2,8.884e+2,
444.69,4.192e+2,4.192e+2,
444.74,1.929e+2,1.929e+2,
444.79,8.654e+1,8.654e+1,
444.84,3.793e+1,3.793e+1,
444.89,1.639e+1,1.639e+1,
444.94,7.363e+0,7.363e+0,
444.99,4.308e+0,4.308e+0,
445.04,4.800e+0,4.800e+0,
445.09,8.914e+0,8.914e+0,
445.14,1.906e+1,1.906e+1,
445.19,4.107e+1,4.107e+1,
445.24,8.677e+1,8.677e+1,
445.29,1.790e+2,1.790e+2,
445.34,3.600e+2,3.600e+2,
445.39,7.064e+2,7.064e+2,
445.44,1.352e+3,1.352e+3,
445.49,2.523e+3,2.523e+3,
445.54,4.591e+3,4.591e+3,
445.59,8.150e+3,8.150e+3,
445.64,1.411e+4,1.411e+4,
445.69,2.382e+4,2.382e+4,
445.74,3.921e+4,3.921e+4,
445.79,6.297e+4,6.297e+4,
445.84,9.860e+4,9.860e+4,
445.89,1.506e+5,1.506e+5,
445.94,2.243e+5,2.243e+5,
445.99,3.258e+5,3.258e+5,
446.04,4.616e+5,4.616e+5,
446.09,6.377e+5,6.377e+5,
446.14,8.592e+5,8.592e+5,
446.19,1.129e+6,1.129e+6,
446.24,1.447e+6,1.447e+6,
446.29,1.808e+6,1.808e+6,
446.34,2.204e+6,2.204e+6,
446.39,2.620e+6,2.620e+6,
446.44,3.038e+6,3.038e+6,
446.49,3.434e+6,3.434e+6,
446.54,3.787e+6,3.787e+6,
446.59,4.072e+6,4.072e+6,
446.64,4.271e+6,4.271e+6,
446.69,4.368e+6,4.368e+6,
446.74,4.358e+6,4.358e+6,
446.79,4.239e+6,4.239e+6,
446.84,4.022e+6,4.022e+6,
446.89,3.721e+6,3.721e+6,
446.94,3.358e+6,3.358e+6,
446.99,2.955e+6,2.955e+6,
447.04,2.536e+6,2.536e+6,
447.09,2.123e+6,2.123e+6,
447.14,1.733e+6,1.733e+6,
447.19,1.380e+6,1.380e+6,
447.24,1.071e+6,1.071e+6,
447.29,8.111e+5,8.111e+5,
447.34,5.991e+5,5.991e+5,
447.39,4.316e+5,4.316e+5,
447.44,3.034e+5,3.034e+5,
447.49,2.085e+5,2.085e+5,
447.54,1.406e+5,1.406e+5,
447.59,9.406e+4,9.406e+4,
447.64,6.446e+4,6.446e+4,
447.7,4.692e+4,4.692e+4,
447.75,4.571e+4,4.571e+4,
447.8,5.740e+4,5.740e+4,
447.85,8.502e+4,8.502e+4,
447.9,1.343e+5,1.343e+5,
447.95,2.140e+5,2.140e+5,
448,3.368e+5,3.368e+5,
448.05,5.193e+5,5.193e+5,
448.1,7.822e+5,7.822e+5,
448.15,1.150e+6,1.150e+6,
448.2,1.650e+6,1.650e+6,
448.25,2.312e+6,2.312e+6,
448.3,3.159e+6,3.159e+6,
448.35,4.215e+6,4.215e+6,
448.4,5.490e+6,5.490e+6,
448.45,6.981e+6,6.981e+6,
448.5,8.670e+6,8.670e+6,
448.55,1.052e+7,1.052e+7,
448.6,1.247e+7,1.247e+7,
448.65,1.445e+7,1.445e+7,
448.7,1.638e+7,1.638e+7,
448.75,1.818e+7,1.818e+7,
448.8,1.975e+7,1.975e+7,
448.85,2.103e+7,2.103e+7,
448.9,2.198e+7,2.198e+7,
448.95,2.255e+7,2.255e+7,
449,2.275e+7,2.275e+7,
449.05,2.258e+7,2.258e+7,
449.1,2.209e+7,2.209e+7,
449.15,2.132e+7,2.132e+7,
449.2,2.031e+7,2.031e+7,
449.25,1.912e+7,1.912e+7,
449.3,1.778e+7,1.778e+7,
449.35,1.635e+7,1.635e+7,
449.4,1.487e+7,1.487e+7,
449.45,1.336e+7,1.336e+7,
449.5,1.186e+7,1.186e+7,
449.55,1.042e+7,1.042e+7,
449.6,9.075e+6,9.075e+6,
449.65,7.871e+6,7.871e+6,
449.7,6.857e+6,6.857e+6,
449.75,6.084e+6,6.084e+6,2.155e-7
449.8,5.606e+6,5.606e+6,8.117e-7
449.85,5.475e+6,5.475e+6,2.983e-6
449.9,5.740e+6,5.740e+6,1.070e-5
449.95,6.443e+6,6.443e+6,3.745e-5
450,7.617e+6,7.617e+6,1.279e-4
450.05,9.273e+6,9.273e+6,4.263e-4
450.1,1.140e+7,1.140e+7,1.387e-3
450.15,1.396e+7,1.396e+7,4.401e-3
450.2,1.688e+7,1.688e+7,1.363e-2
450.25,2.005e+7,2.005e+7,4.122e-2
450.3,2.331e+7,2.331e+7,1.216e-1
450.35,2.650e+7,2.650e+7,3.500e-1
450.4,2.942e+7,2.942e+7,9.834e-1
450.45,3.189e+7,3.189e+7,2.696e+0
450.5,3.374e+7,3.374e+7,7.213e+0
450.55,3.483e+7,3.483e+7,1.883e+1
450.6,3.508e+7,3.508e+7,4.799e+1
450.65,3.448e+7,3.448e+7,1.193e+2
450.7,3.306e+7,3.306e+7,2.895e+2
450.75,3.094e+7,3.094e+7,6.856e+2
450.8,2.824e+7,2.824e+7,1.584e+3
450.85,2.516e+7,2.516e+7,3.573e+3
450.9,2.187e+7,2.186e+7,7.862e+3
450.95,1.856e+7,1.854e+7,1.688e+4
451,1.538e+7,1.534e+7,3.539e+4
451.05,1.247e+7,1.239e+7,7.237e+4
451.1,9.923e+6,9.778e+6,1.444e+5
451.15,7.827e+6,7.546e+6,2.813e+5
451.2,6.249e+6,5.714e+6,5.348e+5
451.25,5.269e+6,4.277e+6,9.920e+5
451.3,5.010e+6,3.214e+6,1.796e+6
451.35,5.674e+6,2.502e+6,3.172e+6
451.4,7.587e+6,2.119e+6,5.468e+6
451.45,1.125e+7,2.054e+6,9.198e+6
451.5,1.741e+7,2.310e+6,1.510e+7
451.55,2.710e+7,2.906e+6,2.419e+7
451.6,4.170e+7,3.874e+6,3.782e+7
451.65,6.296e+7,5.255e+6,5.771e+7
451.7,9.302e+7,7.094e+6,8.592e+7
451.75,1.343e+8,9.427e+6,1.248e+8
451.8,1.893e+8,1.227e+7,1.770e+8
451.85,2.606e+8,1.561e+7,2.450e+8
451.9,3.502e+8,1.939e+7,3.308e+8
451.95,4.594e+8,2.352e+7,4.359e+8
452,5.884e+8,2.783e+7,5.606e+8
452.05,7.356e+8,3.215e+7,7.035e+8
452.1,8.978e+8,3.624e+7,8.615e+8
452.15,1.070e+9,3.986e+7,1.030e+9
452.2,1.244e+9,4.279e+7,1.201e+9
452.25,1.412e+9,4.482e+7,1.367e+9
452.3,1.564e+9,4.582e+7,1.518e+9
452.35,1.691e+9,4.571e+7,1.646e+9
452.4,1.785e+9,4.450e+7,1.741e+9
452.45,1.839e+9,4.227e+7,1.797e+9
452.5,1.849e+9,3.919e+7,1.810e+9
452.55,1.815e+9,3.545e+7,1.779e+9
452.6,1.738e+9,3.130e+7,1.707e+9
452.65,1.625e+9,2.696e+7,1.598e+9
452.7,1.483e+9,2.267e+7,1.460e+9
452.75,1.320e+9,1.860e+7,1.302e+9
452.8,1.147e+9,1.489e+7,1.133e+9
452.85,9.732e+8,1.163e+7,9.616e+8
452.9,8.056e+8,8.868e+6,7.968e+8
452.95,6.509e+8,6.598e+6,6.443e+8
453,5.132e+8,4.790e+6,5.084e+8
453.05,3.949e+8,3.394e+6,3.915e+8
453.1,2.965e+8,2.346e+6,2.942e+8
453.15,2.173e+8,1.583e+6,2.157e+8
453.2,1.554e+8,1.042e+6,1.544e+8
453.25,1.085e+8,6.698e+5,1.078e+8
453.3,7.391e+7,4.200e+5,7.349e+7
453.35,4.914e+7,2.570e+5,4.888e+7
453.4,3.188e+7,1.534e+5,3.173e+7
453.45,2.019e+7,8.940e+4,2.010e+7
453.5,1.247e+7,5.084e+4,1.242e+7
453.55,7.526e+6,2.821e+4,7.498e+6
453.6,4.438e+6,1.528e+4,4.423e+6
453.65,2.571e+6,8.072e+3,2.563e+6
453.7,1.491e+6,4.162e+3,1.487e+6
453.75,9.286e+5,2.095e+3,9.265e+5
453.8,7.432e+5,1.029e+3,7.421e+5
453.85,9.161e+5,4.929e+2,9.156e+5
453.9,1.569e+6,2.305e+2,1.569e+6
453.95,3.026e+6,1.052e+2,3.026e+6
454,5.934e+6,4.684e+1,5.934e+6
454.05,1.148e+7,2.036e+1,1.148e+7
454.1,2.172e+7,8.633e+0,2.172e+7
454.15,4.016e+7,3.573e+0,4.016e+7
454.2,7.249e+7,1.443e+0,7.249e+7
454.25,1.277e+8,5.687e-1,1.277e+8
454.3,2.198e+8,2.187e-1,2.198e+8
454.35,3.690e+8,8.208e-2,3.690e+8
454.4,6.049e+8,3.006e-2,6.049e+8
454.45,9.680e+8,1.074e-2,9.680e+8
454.5,1.512e+9,3.747e-3,1.512e+9
454.55,2.306e+9,1.275e-3,2.306e+9
454.6,3.432e+9,4.236e-4,3.432e+9
454.65,4.987e+9,1.373e-4,4.987e+9
454.7,7.074e+9,4.344e-5,7.074e+9
454.75,9.795e+9,1.345e-5,9.795e+9
454.8,1.324e+10,4.192e-6,1.324e+10
454.85,1.747e+10,1.713e-6,1.747e+10
454.9,2.250e+10,2.090e-6,2.250e+10
454.95,2.830e+10,5.781e-6,2.830e+10
455,3.473e+10,1.806e-5,3.473e+10
455.05,4.161e+10,5.586e-5,4.161e+10
455.1,4.867e+10,1.689e-4,4.867e+10
455.15,5.558e+10,4.987e-4,5.558e+10
455.2,6.194e+10,1.438e-3,6.194e+10
455.25,6.740e+10,4.047e-3,6.740e+10
455.3,7.159e+10,1.112e-2,7.159e+10
455.35,7.422e+10,2.985e-2,7.422e+10
455.4,7.512e+10,7.820e-2,7.512e+10
455.45,7.422e+10,2.001e-1,7.422e+10
455.5,7.159e+10,4.997e-1,7.159e+10
455.55,6.740e+10,1.219e+0,6.740e+10
455.6,6.194e+10,2.902e+0,6.194e+10
455.65,5.558e+10,6.746e+0,5.558e+10
455.7,4.867e+10,1.531e+1,4.867e+10
455.75,4.161e+10,3.394e+1,4.161e+10
455.8,3.473e+10,7.346e+1,3.473e+10
455.85,2.830e+10,1.552e+2,2.830e+10
455.9,2.250e+10,3.202e+2,2.250e+10
455.95,1.747e+10,6.451e+2,1.747e+10
456,1.324e+10,1.269e+3,1.324e+10
456.05,9.795e+9,2.437e+3,9.795e+9
456.1,7.074e+9,4.569e+3,7.074e+9
456.15,4.987e+9,8.366e+3,4.987e+9
456.2,3.432e+9,1.496e+4,3.432e+9
456.25,2.306e+9,2.611e+4,2.306e+9
456.3,1.512e+9,4.451e+4,1.512e+9
456.35,9.680e+8,7.408e+4,9.680e+8
456.4,6.050e+8,1.204e+5,6.049e+8
456.45,3.692e+8,1.911e+5,3.690e+8
456.5,2.201e+8,2.963e+5,2.198e+8
456.55,1.282e+8,4.487e+5,1.277e+8
456.6,7.316e+7,6.636e+5,7.249e+7
456.65,4.112e+7,9.588e+5,4.016e+7
456.7,2.307e+7,1.354e+6,2.172e+7
456.75,1.333e+7,1.868e+6,1.146e+7
456.8,8.426e+6,2.519e+6,5.907e+6
456.85,6.294e+6,3.323e+6,2.972e+6
456.9,5.747e+6,4.288e+6,1.459e+6
456.95,6.116e+6,5.417e+6,6.994e+5
457,7.032e+6,6.705e+6,3.273e+5
457.05,8.287e+6,8.137e+6,1.495e+5
457.1,9.763e+6,9.696e+6,6.666e+4
457.15,1.139e+7,1.136e+7,2.902e+4
457.2,1.311e+7,1.310e+7,1.233e+4
457.25,1.490e+7,1.490e+7,5.114e+3
457.3,1.675e+7,1.675e+7,2.071e+3
457.35,1.864e+7,1.864e+7,8.186e+2
457.4,2.058e+7,2.058e+7,3.158e+2
457.45,2.256e+7,2.256e+7,1.190e+2
457.5,2.459e+7,2.459e+7,4.374e+1
457.55,2.666e+7,2.666e+7,1.570e+1
457.6,2.874e+7,2.874e+7,5.501e+0
457.65,3.078e+7,3.078e+7,1.882e+0
457.7,3.269e+7,3.269e+7,6.282e-1
457.75,3.437e+7,3.437e+7,2.048e-1
457.8,3.572e+7,3.572e+7,6.515e-2
457.85,3.662e+7,3.662e+7,2.023e-2
457.9,3.696e+7,3.696e+7,6.135e-3
457.95,3.667e+7,3.667e+7,1.816e-3
458,3.572e+7,3.572e+7,5.246e-4
458.05,3.412e+7,3.412e+7,1.480e-4
458.1,3.194e+7,3.194e+7,4.074e-5
458.15,2.927e+7,2.927e+7,1.095e-5
458.2,2.624e+7,2.624e+7,
458.25,2.302e+7,2.302e+7,
458.3,1.975e+7,1.975e+7,
458.35,1.656e+7,1.656e+7,
458.4,1.359e+7,1.359e+7,
458.45,1.092e+7,1.092e+7,
458.5,8.593e+6,8.593e+6,
458.55,6.646e+6,6.646e+6,
458.6,5.071e+6,5.071e+6,
458.65,3.845e+6,3.845e+6,
458.7,2.929e+6,2.929e+6,
458.75,2.277e+6,2.277e+6,
458.8,1.841e+6,1.841e+6,
458.85,1.572e+6,1.572e+6,
458.9,1.429e+6,1.429e+6,
458.95,1.374e+6,1.374e+6,
459,1.377e+6,1.377e+6,
459.05,1.415e+6,1.415e+6,
459.1,1.471e+6,1.471e+6,
459.15,1.537e+6,1.537e+6,
459.2,1.607e+6,1.607e+6,
459.25,1.683e+6,1.683e+6,
459.3,1.769e+6,1.769e+6,
459.35,1.874e+6,1.874e+6,
459.4,2.007e+6,2.007e+6,
459.45,2.174e+6,2.174e+6,
459.5,2.381e+6,2.381e+6,
459.55,2.630e+6,2.630e+6,
459.6,2.917e+6,2.917e+6,
459.65,3.233e+6,3.233e+6,
459.7,3.565e+6,3.565e+6,
459.75,3.894e+6,3.894e+6,
459.8,4.202e+6,4.202e+6,
459.85,4.468e+6,4.468e+6,
459.9,4.675e+6,4.675e+6,
459.95,4.808e+6,4.808e+6,
460,4.861e+6,4.861e+6,
460.05,4.830e+6,4.830e+6,
460.1,4.721e+6,4.721e+6,
460.15,4.542e+6,4.542e+6,
460.2,4.306e+6,4.306e+6,
460.25,4.029e+6,4.029e+6,
460.3,3.725e+6,3.725e+6,
460.35,3.408e+6,3.408e+6,
460.4,3.088e+6,3.088e+6,
460.45,2.775e+6,2.775e+6,
460.5,2.474e+6,2.474e+6,
460.55,2.188e+6,2.188e+6,
460.6,1.918e+6,1.918e+6,
460.65,1.667e+6,1.667e+6,
460.7,1.434e+6,1.434e+6,
460.75,1.218e+6,1.218e+6,
460.8,1.022e+6,1.022e+6,
460.85,8.456e+5,8.456e+5,
460.9,6.891e+5,6.891e+5,
460.95,5.534e+5,5.534e+5,
461,4.386e+5,4.386e+5,
461.05,3.447e+5,3.447e+5,
461.1,2.711e+5,2.711e+5,
461.15,2.171e+5,2.171e+5,
461.2,1.818e+5,1.818e+5,
461.25,1.641e+5,1.641e+5,
461.3,1.633e+5,1.633e+5,
461.35,1.785e+5,1.785e+5,
461.4,2.087e+5,2.087e+5,
461.45,2.532e+5,2.532e+5,
461.5,3.106e+5,3.106e+5,
461.55,3.793e+5,3.793e+5,
461.6,4.571e+5,4.571e+5,
461.65,5.412e+5,5.412e+5,
461.7,6.283e+5,6.283e+5,
461.75,7.147e+5,7.147e+5,
461.8,7.968e+5,7.968e+5,
461.85,8.715e+5,8.715e+5,
461.9,9.367e+5,9.367e+5,
461.95,9.916e+5,9.916e+5,
462,1.037e+6,1.037e+6,
462.05,1.077e+6,1.077e+6,
462.1,1.115e+6,1.115e+6,
462.15,1.159e+6,1.159e+6,
462.2,1.214e+6,1.214e+6,
462.25,1.289e+6,1.289e+6,
462.3,1.389e+6,1.389e+6,
462.35,1.517e+6,1.517e+6,
462.4,1.676e+6,1.676e+6,
462.45,1.860e+6,1.860e+6,
462.5,2.065e+6,2.065e+6,
462.55,2.279e+6,2.279e+6,
462.6,2.490e+6,2.490e+6,
462.65,2.683e+6,2.683e+6,
462.7,2.842e+6,2.842e+6,
462.75,2.956e+6,2.956e+6,
462.8,3.012e+6,3.012e+6,
462.85,3.005e+6,3.005e+6,
462.9,2.934e+6,2.934e+6,
462.95,2.800e+6,2.800e+6,
463,2.613e+6,2.613e+6,
463.05,2.384e+6,2.384e+6,
463.1,2.125e+6,2.125e+6,
463.15,1.851e+6,1.851e+6,
463.2,1.575e+6,1.575e+6,
463.25,1.309e+6,1.309e+6,
463.3,1.064e+6,1.064e+6,
463.35,8.441e+5,8.441e+5,
463.4,6.544e+5,6.544e+5,
463.45,4.957e+5,4.957e+5,
463.5,3.668e+5,3.668e+5,
463.55,2.652e+5,2.652e+5,
463.6,1.873e+5,1.873e+5,
463.65,1.292e+5,1.292e+5,
463.7,8.709e+4,8.709e+4,
463.75,5.735e+4,5.735e+4,
463.8,3.689e+4,3.689e+4,
463.85,2.319e+4,2.319e+4,
463.9,1.423e+4,1.423e+4,
463.95,8.538e+3,8.538e+3,
464,5.003e+3,5.003e+3,
464.05,2.864e+3,2.864e+3,
464.1,1.602e+3,1.602e+3,
464.15,8.750e+2,8.750e+2,
464.2,4.670e+2,4.670e+2,
464.25,2.435e+2,2.435e+2,
464.3,1.240e+2,1.240e+2,
464.35,6.172e+1,6.172e+1,
464.4,3.001e+1,3.001e+1,
464.45,1.425e+1,1.425e+1,
464.5,6.612e+0,6.612e+0,
464.55,2.997e+0,2.997e+0,
464.6,1.327e+0,1.327e+0,
464.65,5.741e-1,5.741e-1,
464.7,2.426e-1,2.426e-1,
464.75,1.002e-1,1.002e-1,
464.8,4.041e-2,4.041e-2,
464.85,1.592e-2,1.592e-2,
464.9,6.134e-3,6.134e-3,
464.95,2.319e-3,2.319e-3,
465,8.904e-4,8.904e-4,
465.05,4.309e-4,4.309e-4,
465.1,4.680e-4,4.680e-4,
465.15,1.042e-3,1.042e-3,
465.2,2.747e-3,2.747e-3,
465.25,7.272e-3,7.272e-3,
465.3,1.888e-2,1.888e-2,
465.35,4.792e-2,4.792e-2,
465.4,1.189e-1,1.189e-1,
465.45,2.884e-1,2.884e-1,
465.5,6.835e-1,6.835e-1,
465.55,1.583e+0,1.583e+0,
465.6,3.585e+0,3.585e+0,
465.65,7.934e+0,7.934e+0,
465.7,1.716e+1,1.716e+1,
465.75,3.627e+1,3.627e+1,
465.8,7.494e+1,7.494e+1,
465.85,1.513e+2,1.513e+2,
465.9,2.987e+2,2.987e+2,
465.95,5.761e+2,5.761e+2,
466,1.086e+3,1.086e+3,
466.05,2.001e+3,2.001e+3,
466.1,3.604e+3,3.604e+3,
466.15,6.344e+3,6.344e+3,
466.2,1.091e+4,1.091e+4,
466.25,1.835e+4,1.835e+4,
466.3,3.016e+4,3.016e+4,
466.35,4.844e+4,4.844e+4,
466.4,7.603e+4,7.603e+4,
466.45,1.167e+5,1.167e+5,
466.5,1.749e+5,1.749e+5,
466.55,2.564e+5,2.564e+5,
466.6,3.673e+5,3.673e+5,
466.65,5.142e+5,5.142e+5,
466.7,7.036e+5,7.036e+5,
466.75,9.410e+5,9.410e+5,
466.8,1.230e+6,1.230e+6,
466.85,1.571e+6,1.571e+6,
466.9,1.962e+6,1.962e+6,
466.95,2.394e+6,2.394e+6,
467,2.856e+6,2.856e+6,
467.05,3.329e+6,3.329e+6,
467.1,3.793e+6,3.793e+6,
467.15,4.224e+6,4.224e+6,
467.2,4.597e+6,4.597e+6,
467.25,4.890e+6,4.890e+6,
467.3,5.085e+6,5.085e+6,
467.35,5.167e+6,5.167e+6,
467.4,5.131e+6,5.131e+6,
467.45,4.981e+6,4.981e+6,
467.5,4.726e+6,4.726e+6,
467.55,4.382e+6,4.382e+6,
467.6,3.972e+6,3.972e+6,
467.65,3.519e+6,3.519e+6,
467.7,3.048e+6,3.048e+6,
467.75,2.582e+6,2.582e+6,
467.8,2.141e+6,2.141e+6,
467.85,1.741e+6,1.741e+6,
467.9,1.395e+6,1.395e+6,
467.95,1.111e+6,1.111e+6,
468,8.967e+5,8.967e+5,
468.05,7.590e+5,7.590e+5,2.049e-9
468.1,7.071e+5,7.071e+5,7.292e-9
468.15,7.541e+5,7.541e+5,2.537e-8
468.2,9.197e+5,9.197e+5,8.633e-8
468.25,1.231e+6,1.231e+6,2.871e-7
468.3,1.726e+6,1.726e+6,9.338e-7
468.35,2.448e+6,2.448e+6,2.969e-6
468.4,3.450e+6,3.450e+6,9.231e-6
468.45,4.790e+6,4.790e+6,2.806e-5
468.5,6.521e+6,6.521e+6,8.338e-5
468.55,8.691e+6,8.691e+6,2.422e-4
468.6,1.133e+7,1.133e+7,6.881e-4
468.65,1.445e+7,1.445e+7,1.911e-3
468.7,1.801e+7,1.801e+7,5.189e-3
468.75,2.194e+7,2.194e+7,1.378e-2
468.8,2.613e+7,2.613e+7,3.576e-2
468.85,3.043e+7,3.043e+7,9.075e-2
468.9,3.464e+7,3.464e+7,2.252e-1
468.95,3.854e+7,3.854e+7,5.462e-1
469,4.193e+7,4.193e+7,1.295e+0
469.05,4.459e+7,4.459e+7,3.004e+0
469.1,4.636e+7,4.636e+7,6.811e+0
469.15,4.712e+7,4.712e+7,1.510e+1
469.2,4.682e+7,4.682e+7,3.272e+1
469.25,4.550e+7,4.550e+7,6.933e+1
469.3,4.324e+7,4.324e+7,1.436e+2
469.35,4.019e+7,4.019e+7,2.909e+2
469.4,3.656e+7,3.656e+7,5.760e+2
469.45,3.255e+7,3.255e+7,1.115e+3
469.5,2.838e+7,2.838e+7,2.111e+3
469.55,2.427e+7,2.427e+7,3.907e+3
469.6,2.038e+7,2.037e+7,7.070e+3
469.65,1.684e+7,1.682e+7,1.251e+4
469.7,1.373e+7,1.371e+7,2.164e+4
469.75,1.109e+7,1.105e+7,3.659e+4
469.8,8.928e+6,8.867e+6,6.050e+4
469.85,7.213e+6,7.116e+6,9.779e+4
469.9,5.901e+6,5.746e+6,1.546e+5
469.95,4.934e+6,4.695e+6,2.388e+5
470,4.259e+6,3.898e+6,3.608e+5
470.05,3.824e+6,3.291e+6,5.330e+5
470.1,3.591e+6,2.822e+6,7.698e+5
470.15,3.532e+6,2.446e+6,1.087e+6
470.2,3.631e+6,2.130e+6,1.501e+6
470.25,3.880e+6,1.854e+6,2.025e+6
470.3,4.277e+6,1.604e+6,2.673e+6
470.35,4.821e+6,1.373e+6,3.448e+6
470.4,5.508e+6,1.158e+6,4.350e+6
470.45,6.326e+6,9.609e+5,5.365e+6
470.5,7.251e+6,7.825e+5,6.469e+6
470.55,8.251e+6,6.247e+5,7.626e+6
470.6,9.279e+6,4.885e+5,8.790e+6
470.65,1.028e+7,3.739e+5,9.906e+6
470.7,1.119e+7,2.800e+5,1.091e+7
470.75,1.196e+7,2.051e+5,1.176e+7
470.8,1.253e+7,1.470e+5,1.238e+7
470.85,1.286e+7,1.030e+5,1.275e+7
470.9,1.291e+7,7.055e+4,1.284e+7
470.95,1.269e+7,4.728e+4,1.264e+7
471,1.219e+7,3.101e+4,1.216e+7
471.05,1.146e+7,1.996e+4,1.144e+7
471.1,1.054e+7,1.271e+4,1.053e+7
471.15,9.478e+6,8.199e+3,9.469e+6
471.2,8.333e+6,5.719e+3,8.327e+6
471.25,7.165e+6,4.879e+3,7.160e+6
471.3,6.024e+6,5.616e+3,6.018e+6
471.35,4.955e+6,8.232e+3,4.946e+6
471.4,3.988e+6,1.347e+4,3.975e+6
471.45,3.145e+6,2.265e+4,3.123e+6
471.5,2.436e+6,3.788e+4,2.398e+6
471.55,1.863e+6,6.224e+4,1.801e+6
471.6,1.423e+6,1.002e+5,1.323e+6
471.65,1.107e+6,1.578e+5,9.494e+5
471.7,9.093e+5,2.430e+5,6.663e+5
471.75,8.233e+5,3.660e+5,4.572e+5
471.8,8.459e+5,5.391e+5,3.068e+5
471.85,9.777e+5,7.764e+5,2.012e+5
471.9,1.223e+6,1.094e+6,1.291e+5
471.95,1.587e+6,1.506e+6,8.092e+4
472,2.078e+6,2.028e+6,4.961e+4
472.05,2.701e+6,2.671e+6,2.973e+4
472.1,3.457e+6,3.440e+6,1.742e+4
472.15,4.341e+6,4.331e+6,9.983e+3
472.2,5.339e+6,5.334e+6,5.592e+3
472.25,6.426e+6,6.423e+6,3.063e+3
472.3,7.564e+6,7.563e+6,1.640e+3
472.35,8.709e+6,8.708e+6,8.586e+2
472.4,9.805e+6,9.805e+6,4.395e+2
472.45,1.080e+7,1.080e+7,2.199e+2
472.5,1.162e+7,1.162e+7,1.076e+2
472.55,1.224e+7,1.224e+7,5.148e+1
472.6,1.260e+7,1.260e+7,2.408e+1
472.65,1.268e+7,1.268e+7,1.101e+1
472.7,1.249e+7,1.249e+7,4.922e+0
472.75,1.202e+7,1.202e+7,2.152e+0
472.8,1.131e+7,1.131e+7,9.196e-1
472.85,1.042e+7,1.042e+7,3.842e-1
472.9,9.375e+6,9.375e+6,1.570e-1
472.95,8.253e+6,8.253e+6,6.270e-2
473,7.103e+6,7.103e+6,2.448e-2
473.05,5.979e+6,5.979e+6,9.348e-3
473.1,4.921e+6,4.921e+6,3.489e-3
473.15,3.961e+6,3.961e+6,1.274e-3
473.2,3.117e+6,3.117e+6,4.544e-4
473.25,2.399e+6,2.399e+6,1.585e-4
473.3,1.805e+6,1.805e+6,5.408e-5
473.35,1.329e+6,1.329e+6,1.803e-5
473.4,9.561e+5,9.561e+5,5.880e-6
473.45,6.728e+5,6.728e+5,1.874e-6
473.5,4.630e+5,4.630e+5,5.842e-7
473.55,3.115e+5,3.115e+5,1.780e-7
473.6,2.050e+5,2.050e+5,5.304e-8
473.65,1.319e+5,1.319e+5,1.545e-8
473.7,8.299e+4,8.299e+4,4.400e-9
473.75,5.106e+4,5.106e+4,
473.8,3.072e+4,3.072e+4,
473.85,1.807e+4,1.807e+4,
473.9,1.040e+4,1.040e+4,
473.95,5.850e+3,5.850e+3,
474,3.218e+3,3.218e+3,
474.05,1.731e+3,1.731e+3,
474.1,9.107e+2,9.107e+2,
474.15,4.685e+2,4.685e+2,
474.2,2.357e+2,2.357e+2,
474.25,1.159e+2,1.159e+2,
474.3,5.575e+1,5.575e+1,
474.35,2.622e+1,2.622e+1,
474.4,1.206e+1,1.206e+1,
474.45,5.425e+0,5.425e+0,
474.5,2.386e+0,2.386e+0,
474.55,1.026e+0,1.026e+0,
474.6,4.315e-1,4.315e-1,
474.65,1.775e-1,1.775e-1,
474.7,7.136e-2,7.136e-2,
474.75,2.806e-2,2.806e-2,
474.8,1.079e-2,1.079e-2,
474.85,4.058e-3,4.058e-3,
474.9,1.492e-3,1.492e-3,
474.95,5.365e-4,5.365e-4,
475,1.886e-4,1.886e-4,
475.05,6.485e-5,6.485e-5,
475.1,2.180e-5,2.180e-5,
475.15,7.169e-6,7.169e-6,
475.2,2.305e-6,2.305e-6,
475.25,7.245e-7,7.245e-7,
475.3,2.227e-7,2.227e-7,
475.35,6.696e-8,6.696e-8,
475.4,1.968e-8,1.968e-8,
475.45,5.658e-9,5.658e-9,
475.5,1.590e-9,1.590e-9,
481.46,6.904e-9,,6.904e-9
481.51,2.341e-8,,2.341e-8
481.56,7.774e-8,,7.774e-8
481.61,2.526e-7,,2.526e-7
481.66,8.037e-7,,8.037e-7
481.71,2.503e-6,,2.503e-6
481.76,7.631e-6,,7.631e-6
481.81,2.277e-5,,2.277e-5
481.86,6.653e-5,,6.653e-5
481.91,1.903e-4,,1.903e-4
481.96,5.327e-4,,5.327e-4
482.01,1.460e-3,,1.460e-3
482.06,3.916e-3,,3.916e-3
482.11,1.028e-2,,1.028e-2
482.16,2.644e-2,,2.644e-2
482.21,6.653e-2,,6.653e-2
482.26,1.639e-1,,1.639e-1
482.31,3.952e-1,,3.952e-1
482.36,9.330e-1,,9.330e-1
482.41,2.156e+0,,2.156e+0
482.46,4.877e+0,,4.877e+0
482.51,1.080e+1,,1.080e+1
482.56,2.341e+1,,2.341e+1
482.61,4.968e+1,,4.968e+1
482.66,1.032e+2,,1.032e+2
482.71,2.099e+2,,2.099e+2
482.76,4.177e+2,,4.177e+2
482.81,8.140e+2,,8.140e+2
482.86,1.553e+3,,1.553e+3
482.91,2.899e+3,,2.899e+3
482.96,5.300e+3,,5.300e+3
483.01,9.483e+3,,9.483e+3
483.06,1.661e+4,,1.661e+4
483.11,2.848e+4,,2.848e+4
483.16,4.781e+4,,4.781e+4
483.21,7.856e+4,,7.856e+4
483.26,1.264e+5,,1.264e+5
483.31,1.990e+5,,1.990e+5
483.36,3.067e+5,,3.067e+5
483.41,4.627e+5,,4.627e+5
483.46,6.835e+5,,6.835e+5
483.51,9.882e+5,,9.882e+5
483.56,1.399e+6,,1.399e+6
483.61,1.938e+6,,1.938e+6
483.66,2.629e+6,,2.629e+6
483.71,3.490e+6,,3.490e+6
483.76,4.536e+6,,4.536e+6
483.81,5.771e+6,,5.771e+6
483.86,7.188e+6,,7.188e+6
483.91,8.764e+6,,8.764e+6
483.96,1.046e+7,,1.046e+7
484.01,1.222e+7,,1.222e+7
484.06,1.398e+7,,1.398e+7
484.11,1.565e+7,,1.565e+7
484.16,1.715e+7,,1.715e+7
484.21,1.840e+7,,1.840e+7
484.26,1.932e+7,,1.932e+7
484.31,1.987e+7,,1.987e+7
484.36,1.999e+7,,1.999e+7
484.41,1.970e+7,,1.970e+7
484.46,1.900e+7,,1.900e+7
484.51,1.794e+7,,1.794e+7
484.56,1.658e+7,,1.658e+7
484.61,1.500e+7,,1.500e+7
484.66,1.328e+7,,1.328e+7
484.71,1.151e+7,,1.151e+7
484.76,9.770e+6,,9.770e+6
484.81,8.117e+6,,8.117e+6
484.86,6.601e+6,,6.601e+6
484.91,5.255e+6,,5.255e+6
484.96,4.095e+6,,4.095e+6
485.01,3.124e+6,,3.124e+6
485.06,2.333e+6,,2.333e+6
485.11,1.705e+6,,1.705e+6
485.16,1.220e+6,,1.220e+6
485.21,8.549e+5,,8.549e+5
485.26,5.862e+5,,5.862e+5
485.31,3.935e+5,,3.935e+5
485.36,2.586e+5,,2.586e+5
485.41,1.663e+5,,1.663e+5
485.46,1.047e+5,,1.047e+5
485.51,6.457e+4,,6.457e+4
485.56,3.896e+4,,3.896e+4
485.61,2.302e+4,,2.302e+4
485.66,1.331e+4,,1.331e+4
485.71,7.533e+3,,7.533e+3
485.76,4.174e+3,,4.174e+3
485.81,2.264e+3,,2.264e+3
485.86,1.202e+3,,1.202e+3
485.91,6.250e+2,,6.250e+2
485.96,3.180e+2,,3.180e+2
486.01,1.584e+2,,1.584e+2
486.06,7.723e+1,,7.723e+1
486.11,3.686e+1,,3.686e+1
486.16,1.722e+1,,1.722e+1
486.21,7.878e+0,,7.878e+0
486.26,3.528e+0,,3.528e+0
486.31,1.546e+0,,1.546e+0
486.36,6.634e-1,,6.634e-1
486.41,2.786e-1,,2.786e-1
486.46,1.146e-1,,1.146e-1
486.51,4.611e-2,,4.611e-2
486.56,1.817e-2,,1.817e-2
486.61,7.007e-3,,7.007e-3
486.66,2.646e-3,,2.646e-3
486.71,9.778e-4,,9.778e-4
486.76,3.538e-4,,3.538e-4
486.81,1.253e-4,,1.253e-4
486.86,4.344e-5,,4.344e-5
486.91,1.474e-5,,1.474e-5
486.96,4.898e-6,,4.898e-6
487.01,1.593e-6,,1.593e-6
487.06,1.224e-6,,1.224e-6
487.11,2.562e-6,,2.562e-6
487.16,7.942e-6,,7.942e-6
487.21,2.540e-5,,2.540e-5
487.26,7.999e-5,,7.999e-5
487.31,2.468e-4,,2.468e-4
487.36,7.457e-4,6.421e-10,7.457e-4
487.41,2.207e-3,2.141e-9,2.207e-3
487.46,6.396e-3,6.993e-9,6.396e-3
487.51,1.816e-2,2.237e-8,1.816e-2
487.56,5.048e-2,7.008e-8,5.048e-2
487.61,1.375e-1,2.150e-7,1.375e-1
487.66,3.666e-1,6.462e-7,3.666e-1
487.71,9.574e-1,1.902e-6,9.574e-1
487.76,2.449e+0,5.483e-6,2.449e+0
487.81,6.135e+0,1.548e-5,6.135e+0
487.86,1.505e+1,4.281e-5,1.505e+1
487.91,3.617e+1,1.159e-4,3.617e+1
487.96,8.514e+1,3.075e-4,8.514e+1
488.01,1.962e+2,7.990e-4,1.962e+2
488.06,4.430e+2,2.033e-3,4.430e+2
488.11,9.795e+2,5.067e-3,9.795e+2
488.16,2.121e+3,1.237e-2,2.121e+3
488.21,4.499e+3,2.956e-2,4.498e+3
488.26,9.344e+3,6.922e-2,9.344e+3
488.31,1.901e+4,1.587e-1,1.901e+4
488.36,3.787e+4,3.565e-1,3.787e+4
488.41,7.390e+4,7.842e-1,7.390e+4
488.46,1.412e+5,1.690e+0,1.412e+5
488.51,2.643e+5,3.565e+0,2.643e+5
488.56,4.845e+5,7.368e+0,4.845e+5
488.61,8.699e+5,1.491e+1,8.699e+5
488.66,1.530e+6,2.957e+1,1.530e+6
488.71,2.634e+6,5.741e+1,2.634e+6
488.76,4.443e+6,1.092e+2,4.443e+6
488.81,7.339e+6,2.033e+2,7.338e+6
488.86,1.187e+7,3.709e+2,1.187e+7
488.91,1.881e+7,6.627e+2,1.881e+7
488.96,2.919e+7,1.160e+3,2.919e+7
489.01,4.437e+7,1.987e+3,4.436e+7
489.06,6.604e+7,3.336e+3,6.604e+7
489.11,9.627e+7,5.484e+3,9.627e+7
489.16,1.375e+8,8.831e+3,1.374e+8
489.21,1.922e+8,1.393e+4,1.922e+8
489.26,2.632e+8,2.151e+4,2.632e+8
489.31,3.531e+8,3.254e+4,3.531e+8
489.36,4.638e+8,4.821e+4,4.638e+8
489.41,5.968e+8,6.996e+4,5.967e+8
489.46,7.520e+8,9.942e+4,7.519e+8
489.51,9.280e+8,1.384e+5,9.279e+8
489.56,1.122e+9,1.887e+5,1.122e+9
489.61,1.328e+9,2.519e+5,1.328e+9
489.66,1.539e+9,3.295e+5,1.539e+9
489.71,1.748e+9,4.220e+5,1.748e+9
489.76,1.944e+9,5.294e+5,1.943e+9
489.81,2.117e+9,6.505e+5,2.117e+9
489.86,2.259e+9,7.827e+5,2.258e+9
489.91,2.360e+9,9.225e+5,2.359e+9
489.96,2.414e+9,1.065e+6,2.413e+9
490.01,2.420e+9,1.204e+6,2.418e+9
490.06,2.375e+9,1.333e+6,2.374e+9
490.11,2.283e+9,1.446e+6,2.281e+9
490.16,2.149e+9,1.536e+6,2.148e+9
490.21,1.982e+9,1.598e+6,1.980e+9
490.26,1.790e+9,1.628e+6,1.788e+9
490.31,1.583e+9,1.624e+6,1.581e+9
490.36,1.371e+9,1.588e+6,1.370e+9
490.41,1.163e+9,1.520e+6,1.162e+9
490.46,9.668e+8,1.425e+6,9.653e+8
490.51,7.868e+8,1.308e+6,7.855e+8
490.56,6.272e+8,1.177e+6,6.260e+8
490.61,4.896e+8,1.037e+6,4.886e+8
490.66,3.744e+8,8.942e+5,3.735e+8
490.71,2.804e+8,7.556e+5,2.796e+8
490.76,2.056e+8,6.253e+5,2.050e+8
490.81,1.477e+8,5.068e+5,1.472e+8
490.86,1.039e+8,4.023e+5,1.035e+8
490.91,7.164e+7,3.128e+5,7.132e+7
490.96,4.836e+7,2.382e+5,4.812e+7
491.01,3.197e+7,1.776e+5,3.179e+7
491.06,2.070e+7,1.298e+5,2.057e+7
491.11,1.313e+7,9.283e+4,1.304e+7
491.16,8.158e+6,6.504e+4,8.093e+6
491.21,4.965e+6,4.464e+4,4.920e+6
491.26,2.959e+6,3.000e+4,2.929e+6
491.31,1.728e+6,1.975e+4,1.709e+6
491.36,9.893e+5,1.273e+4,9.765e+5
491.41,5.561e+5,8.042e+3,5.481e+5
491.46,3.094e+5,4.974e+3,3.045e+5
491.51,1.757e+5,3.013e+3,1.727e+5
491.56,1.126e+5,1.787e+3,1.108e+5
491.61,1.006e+5,1.039e+3,9.960e+4
491.66,1.390e+5,5.911e+2,1.385e+5
491.71,2.479e+5,3.295e+2,2.476e+5
491.76,4.766e+5,1.799e+2,4.765e+5
491.81,9.212e+5,9.616e+1,9.211e+5
491.86,1.755e+6,5.036e+1,1.755e+6
491.91,3.283e+6,2.583e+1,3.283e+6
491.96,6.016e+6,1.297e+1,6.016e+6
492.01,1.080e+7,6.383e+0,1.080e+7
492.06,1.900e+7,3.076e+0,1.900e+7
492.11,3.274e+7,1.452e+0,3.274e+7
492.16,5.528e+7,6.710e-1,5.528e+7
492.21,9.143e+7,3.038e-1,9.143e+7
492.26,1.482e+8,1.347e-1,1.482e+8
492.31,2.352e+8,5.849e-2,2.352e+8
492.36,3.657e+8,2.488e-2,3.657e+8
492.41,5.572e+8,1.036e-2,5.572e+8
492.46,8.317e+8,4.228e-3,8.317e+8
492.51,1.216e+9,1.689e-3,1.216e+9
492.56,1.742e+9,6.612e-4,1.742e+9
492.61,2.445e+9,2.535e-4,2.445e+9
492.66,3.361e+9,9.515e-5,3.361e+9
492.71,4.527e+9,3.499e-5,4.527e+9
492.76,5.974e+9,1.260e-5,5.974e+9
492.81,7.722e+9,4.444e-6,7.722e+9
492.86,9.779e+9,1.535e-6,9.779e+9
492.91,1.213e+10,5.194e-7,1.213e+10
492.96,1.475e+10,1.721e-7,1.475e+10
493.01,1.756e+10,5.586e-8,1.756e+10
493.06,2.048e+10,1.776e-8,2.048e+10
493.11,2.341e+10,5.528e-9,2.341e+10
493.16,2.621e+10,1.686e-9,2.621e+10
493.21,2.875e+10,5.034e-10,2.875e+10
493.26,3.089e+10,,3.089e+10
493.31,3.252e+10,,3.252e+10
493.36,3.353e+10,,3.353e+10
493.41,3.388e+10,,3.388e+10
493.46,3.353e+10,,3.353e+10
493.51,3.252e+10,,3.252e+10
493.56,3.089e+10,,3.089e+10
493.61,2.875e+10,,2.875e+10
493.66,2.621e+10,,2.621e+10
493.71,2.341e+10,,2.341e+10
493.76,2.048e+10,,2.048e+10
493.81,1.756e+10,,1.756e+10
493.86,1.475e+10,,1.475e+10
493.91,1.213e+10,,1.213e+10
493.96,9.779e+9,,9.779e+9
494.01,7.722e+9,,7.722e+9
494.06,5.974e+9,,5.974e+9
494.11,4.527e+9,,4.527e+9
494.16,3.361e+9,,3.361e+9
494.21,2.445e+9,,2.445e+9
494.26,1.742e+9,,1.742e+9
494.31,1.216e+9,,1.216e+9
494.36,8.318e+8,,8.318e+8
494.41,5.574e+8,,5.574e+8
494.46,3.661e+8,,3.661e+8
494.51,2.357e+8,,2.357e+8
494.56,1.490e+8,,1.490e+8
494.61,9.276e+7,,9.276e+7
494.66,5.734e+7,,5.734e+7
494.71,3.587e+7,,3.587e+7
494.76,2.366e+7,,2.366e+7
494.81,1.758e+7,,1.758e+7
494.86,1.570e+7,,1.570e+7
494.91,1.683e+7,,1.683e+7
494.96,2.032e+7,,2.032e+7
495.01,2.586e+7,,2.586e+7
495.06,3.330e+7,,3.330e+7
495.11,4.257e+7,,4.257e+7
495.16,5.362e+7,,5.362e+7
495.21,6.630e+7,,6.630e+7
495.26,8.039e+7,,8.039e+7
495.31,9.555e+7,,9.555e+7
495.36,1.113e+8,,1.113e+8
495.41,1.270e+8,,1.270e+8
495.46,1.421e+8,,1.421e+8
495.51,1.557e+8,,1.557e+8
495.56,1.672e+8,,1.672e+8
495.61,1.759e+8,,1.759e+8
495.66,1.814e+8,,1.814e+8
495.71,1.832e+8,,1.832e+8
495.76,1.814e+8,,1.814e+8
495.81,1.759e+8,,1.759e+8
495.86,1.672e+8,,1.672e+8
495.91,1.557e+8,,1.557e+8
495.96,1.421e+8,,1.421e+8
496.01,1.270e+8,,1.270e+8
496.06,1.113e+8,,1.113e+8
496.11,9.554e+7,,9.554e+7
496.16,8.037e+7,,8.037e+7
496.21,6.624e+7,,6.624e+7
496.26,5.350e+7,,5.350e+7
496.31,4.234e+7,,4.234e+7
496.36,3.283e+7,,3.283e+7
496.41,2.494e+7,,2.494e+7
496.46,1.857e+7,,1.857e+7
496.51,1.355e+7,,1.355e+7
496.56,9.684e+6,,9.684e+6
496.61,6.783e+6,,6.783e+6
496.66,4.655e+6,,4.655e+6
496.71,3.130e+6,,3.130e+6
496.76,2.063e+6,,2.063e+6
496.81,1.332e+6,,1.332e+6
496.86,8.426e+5,,8.426e+5
496.91,5.223e+5,,5.223e+5
496.96,3.173e+5,,3.173e+5
497.01,1.888e+5,,1.888e+5
497.06,1.101e+5,,1.101e+5
497.11,6.294e+4,,6.294e+4
497.16,3.524e+4,,3.524e+4
497.21,1.934e+4,,1.934e+4
497.26,1.040e+4,,1.040e+4
497.31,5.476e+3,,5.476e+3
497.36,2.827e+3,,2.827e+3
497.41,1.430e+3,,1.430e+3
497.46,7.086e+2,,7.086e+2
497.51,3.441e+2,,3.441e+2
497.56,1.637e+2,,1.637e+2
497.61,7.634e+1,,7.634e+1
497.66,3.488e+1,,3.488e+1
497.71,1.561e+1,,1.561e+1
497.76,6.848e+0,,6.848e+0
497.81,2.943e+0,,2.943e+0
497.86,1.240e+0,,1.240e+0
497.91,5.115e-1,,5.115e-1
497.96,2.068e-1,,2.068e-1
498.01,8.195e-2,,8.195e-2
498.06,3.181e-2,,3.181e-2
498.11,1.210e-2,,1.210e-2
498.16,4.511e-3,,4.511e-3
498.21,1.648e-3,,1.648e-3
498.26,5.897e-4,,5.897e-4
498.31,2.069e-4,,2.069e-4
498.36,7.132e-5,,7.132e-5
498.41,2.479e-5,,2.479e-5
498.46,1.060e-5,,1.060e-5
498.51,1.084e-5,,1.084e-5
498.56,2.572e-5,,2.572e-5
498.61,7.363e-5,,7.363e-5
498.66,2.120e-4,,2.120e-4
498.71,5.999e-4,,5.999e-4
498.76,1.665e-3,,1.665e-3
498.81,4.529e-3,,4.529e-3
498.86,1.208e-2,,1.208e-2
498.91,3.158e-2,,3.158e-2
498.96,8.093e-2,,8.093e-2
499.01,2.033e-1,,2.033e-1
499.06,5.007e-1,,5.007e-1
499.11,1.209e+0,,1.209e+0
499.16,2.861e+0,,2.861e+0
499.21,6.639e+0,,6.639e+0
499.26,1.510e+1,,1.510e+1
499.31,3.367e+1,,3.367e+1
499.36,7.359e+1,,7.359e+1
499.41,1.577e+2,,1.577e+2
499.46,3.312e+2,,3.312e+2
499.51,6.819e+2,,6.819e+2
499.56,1.376e+3,,1.376e+3
499.61,2.724e+3,,2.724e+3
499.66,5.283e+3,,5.283e+3
499.71,1.005e+4,,1.005e+4
499.76,1.873e+4,,1.873e+4
499.81,3.422e+4,,3.422e+4
499.86,6.130e+4,,6.130e+4
499.91,1.077e+5,,1.077e+5
499.96,1.853e+5,,1.853e+5
500.01,3.127e+5,,3.127e+5
500.06,5.174e+5,,5.174e+5
500.11,8.390e+5,,8.390e+5
500.16,1.334e+6,,1.334e+6
500.21,2.079e+6,,2.079e+6
500.26,3.176e+6,,3.176e+6
500.31,4.756e+6,,4.756e+6
500.36,6.983e+6,,6.983e+6
500.41,1.005e+7,,1.005e+7
500.46,1.418e+7,,1.418e+7
500.51,1.961e+7,,1.961e+7
500.56,2.659e+7,,2.659e+7
500.61,3.534e+7,,3.534e+7
500.66,4.605e+7,,4.605e+7
500.71,5.882e+7,,5.882e+7
500.76,7.365e+7,,7.365e+7
500.81,9.040e+7,,9.040e+7
500.86,1.088e+8,,1.088e+8
500.91,1.283e+8,,1.283e+8
500.96,1.484e+8,,1.484e+8
501.01,1.682e+8,,1.682e+8
501.06,1.869e+8,,1.869e+8
501.11,2.036e+8,,2.036e+8
501.16,2.174e+8,,2.174e+8
501.21,2.276e+8,,2.276e+8
501.26,2.335e+8,,2.335e+8
501.31,2.349e+8,,2.349e+8
501.36,2.317e+8,,2.317e+8
501.41,2.240e+8,,2.240e+8
501.46,2.123e+8,,2.123e+8
501.51,1.972e+8,,1.972e+8
501.56,1.796e+8,,1.796e+8
501.61,1.603e+8,,1.603e+8
501.66,1.403e+8,,1.403e+8
501.71,1.204e+8,,1.204e+8
501.76,1.013e+8,,1.013e+8
501.81,8.348e+7,,8.348e+7
501.86,6.747e+7,,6.747e+7
501.91,5.346e+7,,5.346e+7
501.96,4.152e+7,,4.152e+7
502.01,3.162e+7,,3.162e+7
502.06,2.360e+7,,2.360e+7
502.11,1.727e+7,,1.727e+7
502.16,1.239e+7,,1.239e+7
502.21,8.709e+6,,8.709e+6
502.26,6.003e+6,,6.003e+6
502.31,4.056e+6,,4.056e+6
502.36,2.687e+6,,2.687e+6
502.41,1.745e+6,,1.745e+6
502.46,1.111e+6,,1.111e+6
502.51,6.931e+5,,6.931e+5
502.56,4.240e+5,,4.240e+5
502.61,2.543e+5,,2.543e+5
502.66,1.495e+5,,1.495e+5
502.71,8.615e+4,,8.615e+4
502.76,4.867e+4,,4.867e+4
502.81,2.695e+4,,2.695e+4
502.86,1.463e+4,,1.463e+4
502.91,7.788e+3,,7.788e+3
502.96,4.063e+3,,4.063e+3
503.01,2.078e+3,,2.078e+3
503.06,1.042e+3,,1.042e+3
503.11,5.120e+2,,5.120e+2
503.16,2.467e+2,,2.467e+2
503.21,1.165e+2,,1.165e+2
503.26,5.395e+1,,5.395e+1
503.31,2.449e+1,,2.449e+1
503.36,1.090e+1,,1.090e+1
503.41,4.753e+0,,4.753e+0
503.46,2.032e+0,,2.032e+0
503.51,8.518e-1,,8.518e-1
503.56,3.500e-1,,3.500e-1
503.61,1.410e-1,,1.410e-1
503.66,5.567e-2,,5.567e-2
503.71,2.155e-2,,2.155e-2
503.76,8.178e-3,,8.178e-3
503.81,3.042e-3,,3.042e-3
503.86,1.109e-3,,1.109e-3
503.91,3.966e-4,,3.966e-4
503.96,1.390e-4,,1.390e-4
504.01,4.775e-5,,4.775e-5
504.06,1.608e-5,,1.608e-5
504.11,5.308e-6,,5.308e-6
504.16,1.718e-6,,1.718e-6
504.21,5.450e-7,,5.450e-7
504.26,1.695e-7,,1.695e-7
504.31,5.168e-8,,5.168e-8
532.92,4.001e-9,,4.001e-9
532.97,1.212e-8,,1.212e-8
533.02,3.606e-8,,3.606e-8
533.07,1.055e-7,,1.055e-7
533.12,3.032e-7,,3.032e-7
533.17,8.564e-7,,8.564e-7
533.22,2.378e-6,,2.378e-6
533.27,6.487e-6,,6.487e-6
533.32,1.739e-5,,1.739e-5
533.37,4.583e-5,,4.583e-5
533.42,1.187e-4,,1.187e-4
533.47,3.021e-4,,3.021e-4
533.52,7.554e-4,,7.554e-4
533.57,1.857e-3,,1.857e-3
533.62,4.485e-3,,4.485e-3
533.67,1.065e-2,,1.065e-2
533.72,2.484e-2,,2.484e-2
533.77,5.695e-2,,5.695e-2
533.82,1.283e-1,,1.283e-1
533.87,2.841e-1,,2.841e-1
533.92,6.183e-1,,6.183e-1
533.97,1.322e+0,,1.322e+0
534.02,2.779e+0,,2.779e+0
534.07,5.741e+0,,5.741e+0
534.12,1.165e+1,,1.165e+1
534.17,2.325e+1,,2.325e+1
534.22,4.557e+1,,4.557e+1
534.27,8.780e+1,,8.780e+1
534.32,1.663e+2,,1.663e+2
534.37,3.094e+2,,3.094e+2
534.42,5.657e+2,,5.657e+2
534.47,1.017e+3,,1.017e+3
534.52,1.796e+3,,1.796e+3
534.57,3.117e+3,,3.117e+3
534.62,5.317e+3,,5.317e+3
534.67,8.913e+3,,8.913e+3
534.72,1.468e+4,,1.468e+4
534.77,2.377e+4,,2.377e+4
534.82,3.783e+4,,3.783e+4
534.87,5.915e+4,,5.915e+4
534.92,9.089e+4,,9.089e+4
534.97,1.373e+5,,1.373e+5
535.02,2.037e+5,,2.037e+5
535.07,2.972e+5,,2.972e+5
535.12,4.260e+5,,4.260e+5
535.17,6.001e+5,,6.001e+5
535.22,8.307e+5,,8.307e+5
535.27,1.130e+6,,1.130e+6
535.32,1.511e+6,,1.511e+6
535.37,1.986e+6,,1.986e+6
535.42,2.564e+6,,2.564e+6
535.47,3.255e+6,,3.255e+6
535.52,4.059e+6,,4.059e+6
535.57,4.975e+6,,4.975e+6
535.62,5.993e+6,,5.993e+6
535.67,7.095e+6,,7.095e+6
535.72,8.254e+6,,8.254e+6
535.77,9.437e+6,,9.437e+6
535.82,1.060e+7,,1.060e+7
535.87,1.171e+7,,1.171e+7
535.92,1.271e+7,,1.271e+7
535.97,1.355e+7,,1.355e+7
536.02,1.420e+7,,1.420e+7
536.07,1.463e+7,,1.463e+7
536.12,1.481e+7,,1.481e+7
536.17,1.473e+7,,1.473e+7
536.22,1.440e+7,,1.440e+7
536.27,1.384e+7,,1.384e+7
536.32,1.306e+7,,1.306e+7
536.37,1.212e+7,,1.212e+7
536.42,1.106e+7,,1.106e+7
536.47,9.908e+6,,9.908e+6
536.52,8.727e+6,,8.727e+6
536.57,7.553e+6,,7.553e+6
536.62,6.425e+6,,6.425e+6
536.67,5.371e+6,,5.371e+6
536.72,4.413e+6,,4.413e+6
536.77,3.563e+6,,3.563e+6
536.82,2.827e+6,,2.827e+6
536.87,2.204e+6,,2.204e+6
536.92,1.689e+6,,1.689e+6
536.97,1.272e+6,,1.272e+6
537.02,9.416e+5,,9.416e+5
537.07,6.849e+5,,6.849e+5
537.12,4.896e+5,,4.896e+5
537.17,3.439e+5,,3.439e+5
537.22,2.375e+5,,2.375e+5
537.27,1.612e+5,,1.612e+5
537.32,1.076e+5,,1.076e+5
537.37,7.072e+4,,7.072e+4
537.42,4.593e+4,,4.593e+4
537.47,2.978e+4,,2.978e+4
537.52,1.978e+4,,1.978e+4
537.57,1.429e+4,,1.429e+4
537.62,1.235e+4,,1.235e+4
537.67,1.363e+4,,1.363e+4
537.72,1.841e+4,,1.841e+4
537.77,2.758e+4,,2.758e+4
537.82,4.277e+4,,4.277e+4
537.87,6.651e+4,,6.651e+4
537.92,1.024e+5,,1.024e+5
537.97,1.553e+5,,1.553e+5
538.02,2.317e+5,,2.317e+5
538.07,3.400e+5,,3.400e+5
538.12,4.904e+5,,4.904e+5
538.17,6.953e+5,,6.953e+5
538.22,9.691e+5,,9.691e+5
538.27,1.328e+6,,1.328e+6
538.32,1.788e+6,,1.788e+6
538.37,2.366e+6,,2.366e+6
538.42,3.079e+6,,3.079e+6
538.47,3.937e+6,,3.937e+6
538.52,4.949e+6,,4.949e+6
538.57,6.115e+6,,6.115e+6
538.62,7.427e+6,,7.427e+6
538.67,8.867e+6,,8.867e+6
538.72,1.040e+7,,1.040e+7
538.77,1.200e+7,,1.200e+7
538.82,1.361e+7,,1.361e+7
538.87,1.516e+7,,1.516e+7
538.92,1.661e+7,,1.661e+7
538.97,1.789e+7,,1.789e+7
539.02,1.893e+7,,1.893e+7
539.07,1.970e+7,,1.970e+7
539.12,2.014e+7,,2.014e+7
539.17,2.024e+7,,2.024e+7
539.22,2.000e+7,,2.000e+7
539.27,1.943e+7,,1.943e+7
539.32,1.854e+7,,1.854e+7
539.37,1.740e+7,,1.740e+7
539.42,1.605e+7,,1.605e+7
539.47,1.455e+7,,1.455e+7
539.52,1.297e+7,,1.297e+7
539.57,1.136e+7,,1.136e+7
539.62,9.780e+6,,9.780e+6
539.67,8.277e+6,,8.277e+6
539.72,6.886e+6,,6.886e+6
539.77,5.631e+6,,5.631e+6
539.82,4.526e+6,,4.526e+6
539.87,3.576e+6,,3.576e+6
539.92,2.777e+6,,2.777e+6
539.97,2.120e+6,,2.120e+6
540.02,1.590e+6,,1.590e+6
540.07,1.173e+6,,1.173e+6
540.12,8.503e+5,,8.503e+5
540.17,6.060e+5,,6.060e+5
540.22,4.244e+5,,4.244e+5
540.27,2.922e+5,,2.922e+5
540.33,1.825e+5,,1.825e+5
540.38,1.210e+5,,1.210e+5
540.43,7.885e+4,,7.885e+4
540.48,5.050e+4,,5.050e+4
540.53,3.180e+4,,3.180e+4
540.58,1.968e+4,,1.968e+4
540.63,1.197e+4,,1.197e+4
540.68,7.157e+3,,7.157e+3
540.73,4.206e+3,,4.206e+3
540.78,2.430e+3,,2.430e+3
540.83,1.380e+3,,1.380e+3
540.88,7.702e+2,,7.702e+2
540.93,4.226e+2,,4.226e+2
540.98,2.279e+2,,2.279e+2
541.03,1.208e+2,,1.208e+2
541.08,6.295e+1,,6.295e+1
541.13,3.224e+1,,3.224e+1
541.18,1.623e+1,,1.623e+1
541.23,8.032e+0,,8.032e+0
541.28,3.907e+0,,3.907e+0
541.33,1.868e+0,,1.868e+0
541.38,8.779e-1,,8.779e-1
541.43,4.055e-1,,4.055e-1
541.48,1.841e-1,,1.841e-1
541.53,8.219e-2,,8.219e-2
541.58,3.606e-2,,3.606e-2
541.63,1.555e-2,,1.555e-2
541.68,6.591e-3,,6.591e-3
541.73,2.746e-3,,2.746e-3
541.78,1.125e-3,,1.125e-3
541.83,4.528e-4,,4.528e-4
541.88,1.792e-4,,1.792e-4
541.93,6.969e-5,,6.969e-5
541.98,2.664e-5,,2.664e-5
542.03,1.001e-5,,1.001e-5
542.08,3.698e-6,,3.698e-6
542.13,1.343e-6,,1.343e-6
542.18,4.793e-7,,4.793e-7
542.23,1.681e-7,,1.681e-7
542.28,5.798e-8,,5.798e-8
542.33,1.965e-8,,1.965e-8
542.38,6.548e-9,,6.548e-9
548.58,6.442e-9,6.442e-9,
548.63,1.900e-8,1.900e-8,
548.68,5.514e-8,5.514e-8,
548.73,1.574e-7,1.574e-7,
548.78,4.420e-7,4.420e-7,
548.83,1.221e-6,1.221e-6,
548.88,3.318e-6,3.318e-6,
548.93,8.870e-6,8.870e-6,
548.98,2.332e-5,2.332e-5,
549.03,6.034e-5,6.034e-5,
549.08,1.535e-4,1.535e-4,
549.13,3.843e-4,3.843e-4,
549.18,9.465e-4,9.465e-4,
549.23,2.293e-3,2.293e-3,
549.28,5.464e-3,5.464e-3,
549.33,1.281e-2,1.281e-2,
549.38,2.953e-2,2.953e-2,
549.43,6.700e-2,6.700e-2,
549.48,1.495e-1,1.495e-1,
549.53,3.282e-1,3.282e-1,
549.58,7.088e-1,7.088e-1,
549.63,1.506e+0,1.506e+0,
549.68,3.146e+0,3.146e+0,
549.73,6.468e+0,6.468e+0,
549.78,1.308e+1,1.308e+1,
549.83,2.602e+1,2.602e+1,
549.88,5.092e+1,5.092e+1,
549.93,9.802e+1,9.802e+1,
549.98,1.856e+2,1.856e+2,
550.03,3.458e+2,3.458e+2,
550.08,6.337e+2,6.337e+2,
550.13,1.142e+3,1.142e+3,
550.18,2.026e+3,2.026e+3,
550.23,3.534e+3,3.534e+3,
550.28,6.065e+3,6.065e+3,
550.33,1.024e+4,1.024e+4,
550.38,1.700e+4,1.700e+4,
550.43,2.778e+4,2.778e+4,
550.48,4.464e+4,4.464e+4,
550.53,7.057e+4,7.057e+4,
550.58,1.097e+5,1.097e+5,
550.63,1.679e+5,1.679e+5,
550.68,2.527e+5,2.527e+5,
550.73,3.740e+5,3.740e+5,
550.78,5.447e+5,5.447e+5,
550.83,7.804e+5,7.804e+5,
550.88,1.100e+6,1.100e+6,
550.93,1.525e+6,1.525e+6,
550.98,2.079e+6,2.079e+6,
551.03,2.789e+6,2.789e+6,
551.08,3.681e+6,3.681e+6,
551.13,4.779e+6,4.779e+6,
551.18,6.103e+6,6.103e+6,
551.23,7.667e+6,7.667e+6,
551.28,9.476e+6,9.476e+6,
551.33,1.152e+7,1.152e+7,
551.38,1.378e+7,1.378e+7,
551.43,1.621e+7,1.621e+7,
551.48,1.876e+7,1.876e+7,
551.53,2.136e+7,2.136e+7,
551.58,2.392e+7,2.392e+7,
551.63,2.635e+7,2.635e+7,
551.68,2.856e+7,2.856e+7,
551.73,3.045e+7,3.045e+7,
551.78,3.193e+7,3.193e+7,
551.83,3.295e+7,3.295e+7,
551.88,3.345e+7,3.345e+7,
551.93,3.341e+7,3.341e+7,
551.98,3.284e+7,3.284e+7,
552.03,3.177e+7,3.177e+7,
552.08,3.027e+7,3.027e+7,
552.13,2.842e+7,2.842e+7,
552.18,2.632e+7,2.632e+7,
552.23,2.409e+7,2.409e+7,
552.28,2.188e+7,2.188e+7,
552.33,1.980e+7,1.980e+7,
552.38,1.802e+7,1.802e+7,
552.43,1.666e+7,1.666e+7,
552.48,1.589e+7,1.589e+7,
552.53,1.583e+7,1.583e+7,
552.58,1.666e+7,1.666e+7,
552.63,1.851e+7,1.851e+7,
552.68,2.154e+7,2.154e+7,
552.73,2.589e+7,2.589e+7,
552.78,3.167e+7,3.167e+7,
552.83,3.898e+7,3.898e+7,
552.88,4.788e+7,4.788e+7,
552.93,5.836e+7,5.836e+7,
552.98,7.035e+7,7.035e+7,
553.03,8.368e+7,8.368e+7,
553.08,9.811e+7,9.811e+7,
553.13,1.133e+8,1.133e+8,
553.18,1.287e+8,1.287e+8,
553.23,1.440e+8,1.440e+8,
553.28,1.585e+8,1.585e+8,
553.33,1.717e+8,1.717e+8,
553.38,1.830e+8,1.830e+8,
553.43,1.918e+8,1.918e+8,
553.48,1.978e+8,1.978e+8,
553.53,2.008e+8,2.008e+8,
553.58,2.004e+8,2.004e+8,
553.63,1.969e+8,1.969e+8,
553.68,1.902e+8,1.902e+8,
553.73,1.809e+8,1.809e+8,
553.78,1.692e+8,1.692e+8,
553.83,1.556e+8,1.556e+8,
553.88,1.409e+8,1.409e+8,
553.93,1.255e+8,1.255e+8,
553.98,1.099e+8,1.099e+8,
554.03,9.478e+7,9.478e+7,
554.08,8.038e+7,8.038e+7,
554.13,6.706e+7,6.706e+7,
554.18,5.504e+7,5.504e+7,
554.23,4.445e+7,4.445e+7,
554.28,3.531e+7,3.531e+7,
554.33,2.760e+7,2.760e+7,
554.38,2.123e+7,2.123e+7,
554.43,1.606e+7,1.606e+7,
554.48,1.195e+7,1.195e+7,
554.53,8.751e+6,8.751e+6,
554.58,6.304e+6,6.304e+6,
554.63,4.468e+6,4.468e+6,
554.68,3.115e+6,3.115e+6,
554.73,2.137e+6,2.137e+6,
554.78,1.442e+6,1.442e+6,
554.83,9.574e+5,9.574e+5,
554.88,6.254e+5,6.254e+5,
554.93,4.019e+5,4.019e+5,
554.98,2.541e+5,2.541e+5,
555.03,1.580e+5,1.580e+5,
555.08,9.670e+4,9.670e+4,
555.13,5.821e+4,5.821e+4,
555.18,3.448e+4,3.448e+4,
555.23,2.009e+4,2.009e+4,
555.28,1.152e+4,1.152e+4,
555.33,6.495e+3,6.495e+3,
555.38,3.604e+3,3.604e+3,
555.43,1.967e+3,1.967e+3,
555.48,1.056e+3,1.056e+3,
555.53,5.581e+2,5.581e+2,
555.58,2.901e+2,2.901e+2,
555.63,1.483e+2,1.483e+2,
555.68,7.463e+1,7.463e+1,
555.73,3.694e+1,3.694e+1,
555.78,1.799e+1,1.799e+1,
555.83,8.617e+0,8.617e+0,
555.88,4.061e+0,4.061e+0,
555.93,1.883e+0,1.883e+0,
555.98,8.590e-1,8.590e-1,
556.03,3.855e-1,3.855e-1,
556.08,1.702e-1,1.702e-1,
556.13,7.394e-2,7.394e-2,
556.18,3.160e-2,3.160e-2,
556.23,1.328e-2,1.328e-2,
556.28,5.495e-3,5.495e-3,
556.33,2.236e-3,2.236e-3,
556.38,8.952e-4,8.952e-4,
556.43,3.526e-4,3.526e-4,
556.48,1.366e-4,1.366e-4,
556.53,5.209e-5,5.209e-5,
556.58,1.953e-5,1.953e-5,
556.63,7.208e-6,7.208e-6,
556.68,2.617e-6,2.617e-6,
556.73,9.345e-7,9.345e-7,
556.78,3.283e-7,3.283e-7,
556.83,1.135e-7,1.135e-7,
556.88,3.859e-8,3.859e-8,
574.29,1.286e-8,1.286e-8,
574.34,3.608e-8,3.608e-8,
574.39,9.977e-8,9.977e-8,
574.44,2.718e-7,2.718e-7,
574.49,7.292e-7,7.292e-7,
574.54,1.928e-6,1.928e-6,
574.59,5.020e-6,5.020e-6,
574.64,1.288e-5,1.288e-5,
574.69,3.255e-5,3.255e-5,
574.74,8.105e-5,8.105e-5,
574.79,1.988e-4,1.988e-4,
574.84,4.803e-4,4.803e-4,
574.89,1.143e-3,1.143e-3,
574.94,2.681e-3,2.681e-3,4.963e-9
574.99,6.194e-3,6.194e-3,1.394e-8
575.04,1.410e-2,1.410e-2,3.857e-8
575.09,3.160e-2,3.160e-2,1.051e-7
575.14,6.980e-2,6.980e-2,2.823e-7
575.19,1.519e-1,1.519e-1,7.469e-7
575.24,3.255e-1,3.255e-1,1.947e-6
575.29,6.874e-1,6.874e-1,4.999e-6
575.34,1.430e+0,1.430e+0,1.264e-5
575.39,2.930e+0,2.930e+0,3.151e-5
575.44,5.915e+0,5.915e+0,7.736e-5
575.49,1.176e+1,1.176e+1,1.871e-4
575.54,2.305e+1,2.305e+1,4.459e-4
575.59,4.449e+1,4.449e+1,1.047e-3
575.64,8.459e+1,8.459e+1,2.421e-3
575.69,1.584e+2,1.584e+2,5.515e-3
575.74,2.924e+2,2.924e+2,1.238e-2
575.79,5.315e+2,5.315e+2,2.737e-2
575.84,9.518e+2,9.518e+2,5.963e-2
575.89,1.679e+3,1.679e+3,1.280e-1
575.94,2.919e+3,2.918e+3,2.706e-1
575.99,4.997e+3,4.996e+3,5.637e-1
576.04,8.428e+3,8.427e+3,1.157e+0
576.09,1.401e+4,1.400e+4,2.338e+0
576.14,2.293e+4,2.292e+4,4.657e+0
576.19,3.697e+4,3.696e+4,9.138e+0
576.24,5.874e+4,5.872e+4,1.766e+1
576.29,9.193e+4,9.189e+4,3.364e+1
576.34,1.417e+5,1.417e+5,6.310e+1
576.39,2.153e+5,2.152e+5,1.166e+2
576.44,3.222e+5,3.220e+5,2.124e+2
576.49,4.750e+5,4.746e+5,3.809e+2
576.54,6.898e+5,6.891e+5,6.732e+2
576.59,9.870e+5,9.859e+5,1.172e+3
576.64,1.391e+6,1.389e+6,2.010e+3
576.69,1.932e+6,1.929e+6,3.397e+3
576.74,2.644e+6,2.638e+6,5.654e+3
576.79,3.564e+6,3.555e+6,9.273e+3
576.84,4.734e+6,4.719e+6,1.498e+4
576.89,6.195e+6,6.171e+6,2.385e+4
576.94,7.988e+6,7.951e+6,3.739e+4
576.99,1.015e+7,1.009e+7,5.776e+4
577.04,1.271e+7,1.262e+7,8.791e+4
577.09,1.568e+7,1.555e+7,1.318e+5
577.14,1.907e+7,1.887e+7,1.947e+5
577.19,2.285e+7,2.257e+7,2.833e+5
577.24,2.699e+7,2.659e+7,4.061e+5
577.29,3.144e+7,3.087e+7,5.736e+5
577.34,3.610e+7,3.531e+7,7.980e+5
577.39,4.089e+7,3.979e+7,1.094e+6
577.44,4.567e+7,4.420e+7,1.477e+6
577.49,5.034e+7,4.837e+7,1.965e+6
577.54,5.475e+7,5.218e+7,2.576e+6
577.59,5.880e+7,5.547e+7,3.325e+6
577.64,6.236e+7,5.813e+7,4.230e+6
577.69,6.536e+7,6.006e+7,5.301e+6
577.74,6.772e+7,6.117e+7,6.544e+6
577.79,6.940e+7,6.144e+7,7.960e+6
577.84,7.041e+7,6.087e+7,9.537e+6
577.89,7.076e+7,5.950e+7,1.126e+7
577.94,7.048e+7,5.739e+7,1.309e+7
577.99,6.964e+7,5.464e+7,1.500e+7
578.04,6.830e+7,5.137e+7,1.693e+7
578.09,6.654e+7,4.772e+7,1.883e+7
578.14,6.443e+7,4.381e+7,2.062e+7
578.19,6.203e+7,3.977e+7,2.226e+7
578.24,5.939e+7,3.573e+7,2.366e+7
578.29,5.657e+7,3.178e+7,2.478e+7
578.34,5.359e+7,2.801e+7,2.557e+7
578.39,5.048e+7,2.448e+7,2.600e+7
578.44,4.726e+7,2.122e+7,2.604e+7
578.49,4.396e+7,1.827e+7,2.569e+7
578.54,4.060e+7,1.563e+7,2.497e+7
578.59,3.720e+7,1.329e+7,2.391e+7
578.64,3.380e+7,1.124e+7,2.256e+7
578.69,3.043e+7,9.467e+6,2.096e+7
578.74,2.714e+7,7.945e+6,1.919e+7
578.79,2.397e+7,6.654e+6,1.731e+7
578.84,2.096e+7,5.573e+6,1.539e+7
578.89,1.815e+7,4.685e+6,1.347e+7
578.94,1.559e+7,3.974e+6,1.162e+7
578.99,1.330e+7,3.430e+6,9.871e+6
579.04,1.131e+7,3.043e+6,8.263e+6
579.09,9.620e+6,2.806e+6,6.814e+6
579.14,8.250e+6,2.714e+6,5.536e+6
579.19,7.195e+6,2.765e+6,4.431e+6
579.24,6.447e+6,2.954e+6,3.494e+6
579.29,5.991e+6,3.277e+6,2.714e+6
579.34,5.806e+6,3.730e+6,2.077e+6
579.39,5.869e+6,4.303e+6,1.566e+6
579.44,6.151e+6,4.988e+6,1.163e+6
579.49,6.619e+6,5.768e+6,8.510e+5
579.54,7.239e+6,6.626e+6,6.135e+5
579.59,7.973e+6,7.537e+6,4.357e+5
579.64,8.780e+6,8.475e+6,3.048e+5
579.69,9.620e+6,9.410e+6,2.101e+5
579.74,1.045e+7,1.031e+7,1.427e+5
579.79,1.124e+7,1.114e+7,9.544e+4
579.84,1.194e+7,1.188e+7,6.290e+4
579.89,1.252e+7,1.248e+7,4.084e+4
579.94,1.296e+7,1.294e+7,2.612e+4
579.99,1.324e+7,1.322e+7,1.646e+4
580.04,1.334e+7,1.333e+7,1.022e+4
580.09,1.326e+7,1.325e+7,6.250e+3
580.14,1.300e+7,1.300e+7,3.766e+3
580.19,1.258e+7,1.258e+7,2.235e+3
580.24,1.202e+7,1.201e+7,1.307e+3
580.29,1.133e+7,1.133e+7,7.530e+2
580.34,1.055e+7,1.055e+7,4.274e+2
580.39,9.704e+6,9.704e+6,2.390e+2
580.44,8.820e+6,8.820e+6,1.316e+2
580.49,7.924e+6,7.924e+6,7.144e+1
580.54,7.040e+6,7.040e+6,3.819e+1
580.59,6.188e+6,6.188e+6,2.012e+1
580.64,5.382e+6,5.382e+6,1.044e+1
580.69,4.636e+6,4.636e+6,5.336e+0
580.74,3.955e+6,3.955e+6,2.687e+0
580.79,3.344e+6,3.344e+6,1.333e+0
580.84,2.803e+6,2.803e+6,6.516e-1
580.89,2.330e+6,2.330e+6,3.138e-1
580.94,1.922e+6,1.922e+6,1.488e-1
580.99,1.574e+6,1.574e+6,6.956e-2
581.04,1.281e+6,1.281e+6,3.203e-2
581.09,1.039e+6,1.039e+6,1.453e-2
581.14,8.412e+5,8.412e+5,6.491e-3
581.19,6.852e+5,6.852e+5,2.858e-3
581.24,5.674e+5,5.674e+5,1.239e-3
581.29,4.858e+5,4.858e+5,5.295e-4
581.34,4.399e+5,4.399e+5,2.229e-4
581.39,4.307e+5,4.307e+5,9.242e-5
581.44,4.609e+5,4.609e+5,3.776e-5
581.49,5.349e+5,5.349e+5,1.520e-5
581.54,6.590e+5,6.590e+5,6.025e-6
581.59,8.411e+5,8.411e+5,2.354e-6
581.64,1.091e+6,1.091e+6,9.057e-7
581.69,1.419e+6,1.419e+6,3.434e-7
581.74,1.836e+6,1.836e+6,1.282e-7
581.79,2.354e+6,2.354e+6,4.719e-8
581.84,2.983e+6,2.983e+6,4.126e-7
581.89,3.730e+6,3.730e+6,1.106e-6
581.94,4.600e+6,4.600e+6,3.015e-6
581.99,5.593e+6,5.593e+6,8.143e-6
582.04,6.702e+6,6.702e+6,2.168e-5
582.09,7.914e+6,7.914e+6,5.687e-5
582.14,9.210e+6,9.210e+6,1.471e-4
582.19,1.056e+7,1.056e+7,3.747e-4
582.24,1.193e+7,1.193e+7,9.409e-4
582.29,1.329e+7,1.329e+7,2.329e-3
582.34,1.458e+7,1.458e+7,5.679e-3
582.39,1.577e+7,1.577e+7,1.365e-2
582.44,1.680e+7,1.680e+7,3.234e-2
582.49,1.763e+7,1.763e+7,7.549e-2
582.54,1.824e+7,1.824e+7,1.737e-1
582.59,1.859e+7,1.859e+7,3.938e-1
582.64,1.868e+7,1.868e+7,8.799e-1
582.69,1.848e+7,1.848e+7,1.938e+0
582.74,1.803e+7,1.803e+7,4.205e+0
582.79,1.732e+7,1.732e+7,8.994e+0
582.84,1.640e+7,1.640e+7,1.896e+1
582.89,1.531e+7,1.531e+7,3.938e+1
582.94,1.407e+7,1.407e+7,8.062e+1
582.99,1.275e+7,1.275e+7,1.626e+2
583.04,1.139e+7,1.138e+7,3.234e+2
583.09,1.002e+7,1.002e+7,6.337e+2
583.14,8.683e+6,8.682e+6,1.224e+3
583.19,7.418e+6,7.416e+6,2.329e+3
583.24,6.247e+6,6.242e+6,4.368e+3
583.29,5.185e+6,5.177e+6,8.074e+3
583.34,4.246e+6,4.231e+6,1.471e+4
583.39,3.434e+6,3.407e+6,2.640e+4
583.44,2.751e+6,2.704e+6,4.671e+4
583.49,2.196e+6,2.114e+6,8.145e+4
583.54,1.769e+6,1.629e+6,1.400e+5
583.59,1.474e+6,1.237e+6,2.370e+5
583.64,1.321e+6,9.253e+5,3.956e+5
583.69,1.333e+6,6.821e+5,6.506e+5
583.74,1.550e+6,4.955e+5,1.055e+6
583.79,2.039e+6,3.547e+5,1.685e+6
583.84,2.902e+6,2.502e+5,2.652e+6
583.89,4.289e+6,1.739e+5,4.115e+6
583.94,6.410e+6,1.191e+5,6.291e+6
583.99,9.561e+6,8.036e+4,9.480e+6
584.04,1.413e+7,5.344e+4,1.408e+7
584.09,2.064e+7,3.501e+4,2.060e+7
584.14,2.974e+7,2.261e+4,2.972e+7
584.19,4.226e+7,1.438e+4,4.224e+7
584.24,5.918e+7,9.018e+3,5.917e+7
584.29,8.170e+7,5.571e+3,8.169e+7
584.34,1.112e+8,3.391e+3,1.111e+8
584.39,1.490e+8,2.034e+3,1.490e+8
584.44,1.969e+8,1.202e+3,1.969e+8
584.49,2.565e+8,7.002e+2,2.565e+8
584.54,3.291e+8,4.018e+2,3.291e+8
584.59,4.163e+8,2.272e+2,4.163e+8
584.64,5.189e+8,1.266e+2,5.189e+8
584.69,6.375e+8,6.953e+1,6.375e+8
584.74,7.718e+8,3.762e+1,7.718e+8
584.79,9.208e+8,2.006e+1,9.208e+8
584.84,1.083e+9,1.054e+1,1.083e+9
584.89,1.255e+9,5.455e+0,1.255e+9
584.94,1.433e+9,2.783e+0,1.433e+9
584.99,1.613e+9,1.399e+0,1.613e+9
585.04,1.789e+9,6.928e-1,1.789e+9
585.09,1.955e+9,3.381e-1,1.955e+9
585.14,2.106e+9,1.626e-1,2.106e+9
585.19,2.236e+9,7.705e-2,2.236e+9
585.24,2.339e+9,3.598e-2,2.339e+9
585.29,2.412e+9,1.656e-2,2.412e+9
585.34,2.451e+9,7.506e-3,2.451e+9
585.39,2.455e+9,3.354e-3,2.455e+9
585.44,2.423e+9,1.476e-3,2.423e+9
585.49,2.357e+9,6.405e-4,2.357e+9
585.54,2.259e+9,2.738e-4,2.259e+9
585.59,2.134e+9,1.153e-4,2.134e+9
585.64,1.987e+9,4.786e-5,1.987e+9
585.69,1.823e+9,1.958e-5,1.823e+9
585.74,1.648e+9,7.889e-6,1.648e+9
585.79,1.469e+9,3.133e-6,1.469e+9
585.84,1.290e+9,1.226e-6,1.290e+9
585.89,1.116e+9,4.727e-7,1.116e+9
585.94,9.522e+8,1.796e-7,9.522e+8
585.99,8.004e+8,6.724e-8,8.004e+8
586.04,6.631e+8,2.480e-8,6.631e+8
586.09,5.414e+8,9.017e-9,5.414e+8
586.14,4.356e+8,3.230e-9,4.356e+8
586.19,3.454e+8,,3.454e+8
586.24,2.699e+8,,2.699e+8
586.29,2.079e+8,,2.079e+8
586.34,1.578e+8,,1.578e+8
586.39,1.180e+8,,1.180e+8
586.44,8.698e+7,,8.698e+7
586.49,6.319e+7,,6.319e+7
586.54,4.524e+7,,4.524e+7
586.59,3.192e+7,,3.192e+7
586.64,2.220e+7,,2.220e+7
586.69,1.521e+7,,1.521e+7
586.74,1.027e+7,,1.027e+7
586.79,6.837e+6,,6.837e+6
586.84,4.485e+6,,4.485e+6
586.89,2.899e+6,,2.899e+6
586.94,1.847e+6,,1.847e+6
586.99,1.159e+6,,1.159e+6
587.04,7.174e+5,,7.174e+5
587.09,4.375e+5,,4.375e+5
587.14,2.629e+5,,2.629e+5
587.19,1.557e+5,4.619e-10,1.557e+5
587.24,9.087e+4,1.275e-9,9.087e+4
587.29,5.227e+4,3.472e-9,5.227e+4
587.34,2.963e+4,9.317e-9,2.963e+4
587.39,1.655e+4,2.465e-8,1.655e+4
587.44,9.113e+3,6.427e-8,9.113e+3
587.49,4.945e+3,1.652e-7,4.945e+3
587.54,2.644e+3,4.186e-7,2.644e+3
587.59,1.393e+3,1.046e-6,1.393e+3
587.64,7.237e+2,2.575e-6,7.237e+2
587.69,3.704e+2,6.250e-6,3.704e+2
587.74,1.868e+2,1.496e-5,1.868e+2
587.79,9.288e+1,3.528e-5,9.288e+1
587.84,4.550e+1,8.203e-5,4.550e+1
587.89,2.197e+1,1.880e-4,2.197e+1
587.94,1.045e+1,4.249e-4,1.045e+1
587.99,4.902e+0,9.464e-4,4.901e+0
588.04,2.267e+0,2.078e-3,2.265e+0
588.09,1.036e+0,4.498e-3,1.032e+0
588.14,4.726e-1,9.598e-3,4.630e-1
588.19,2.250e-1,2.019e-2,2.048e-1
588.24,1.311e-1,4.186e-2,8.928e-2
588.29,1.239e-1,8.556e-2,3.836e-2
588.34,1.886e-1,1.724e-1,1.624e-2
588.39,3.492e-1,3.424e-1,6.776e-3
588.44,6.732e-1,6.704e-1,2.786e-3
588.49,1.295e+0,1.294e+0,1.129e-3
588.54,2.463e+0,2.462e+0,4.510e-4
588.59,4.618e+0,4.618e+0,1.775e-4
588.64,8.538e+0,8.538e+0,6.885e-5
588.69,1.556e+1,1.556e+1,2.632e-5
588.74,2.796e+1,2.796e+1,9.916e-6
588.79,4.952e+1,4.952e+1,3.682e-6
588.84,8.647e+1,8.647e+1,1.347e-6
588.89,1.488e+2,1.488e+2,4.858e-7
588.94,2.525e+2,2.525e+2,
588.99,4.223e+2,4.223e+2,
589.04,6.962e+2,6.962e+2,
589.09,1.132e+3,1.132e+3,
589.14,1.813e+3,1.813e+3,
589.19,2.863e+3,2.863e+3,
589.24,4.458e+3,4.458e+3,
589.29,6.842e+3,6.842e+3,
589.34,1.035e+4,1.035e+4,
589.39,1.544e+4,1.544e+4,
589.44,2.270e+4,2.270e+4,
589.49,3.289e+4,3.289e+4,
589.54,4.699e+4,4.699e+4,
589.59,6.618e+4,6.618e+4,
589.64,9.188e+4,9.188e+4,
589.69,1.257e+5,1.257e+5,
589.74,1.696e+5,1.696e+5,
589.79,2.256e+5,2.256e+5,
589.84,2.957e+5,2.957e+5,
589.89,3.822e+5,3.822e+5,
589.94,4.869e+5,4.869e+5,
589.99,6.115e+5,6.115e+5,
590.04,7.570e+5,7.570e+5,
590.09,9.238e+5,9.238e+5,
590.14,1.111e+6,1.111e+6,
590.19,1.318e+6,1.318e+6,
590.24,1.541e+6,1.541e+6,
590.29,1.775e+6,1.775e+6,
590.34,2.017e+6,2.017e+6,
590.39,2.258e+6,2.258e+6,
590.44,2.493e+6,2.493e+6,
590.49,2.713e+6,2.713e+6,
590.54,2.910e+6,2.910e+6,
590.59,3.078e+6,3.078e+6,
590.64,3.208e+6,3.208e+6,
590.69,3.297e+6,3.297e+6,
590.74,3.339e+6,3.339e+6,
590.79,3.335e+6,3.335e+6,
590.84,3.282e+6,3.282e+6,
590.89,3.185e+6,3.185e+6,
590.94,3.047e+6,3.047e+6,
590.99,2.873e+6,2.873e+6,
591.04,2.671e+6,2.671e+6,
591.09,2.447e+6,2.447e+6,
591.14,2.210e+6,2.210e+6,
591.19,1.968e+6,1.968e+6,
591.24,1.728e+6,1.728e+6,
591.29,1.495e+6,1.495e+6,
591.34,1.275e+6,1.275e+6,
591.39,1.072e+6,1.072e+6,
591.44,8.887e+5,8.887e+5,
591.49,7.261e+5,7.261e+5,
591.54,5.849e+5,5.849e+5,
591.59,4.644e+5,4.644e+5,
591.64,3.635e+5,3.635e+5,
591.69,2.805e+5,2.805e+5,
591.74,2.133e+5,2.133e+5,
591.79,1.600e+5,1.600e+5,
591.84,1.182e+5,1.182e+5,
591.89,8.614e+4,8.614e+4,
591.94,6.187e+4,6.187e+4,
591.99,4.380e+4,4.380e+4,
592.04,3.057e+4,3.057e+4,
592.09,2.104e+4,2.104e+4,
592.14,1.427e+4,1.427e+4,
592.19,9.539e+3,9.539e+3,
592.24,6.287e+3,6.287e+3,
592.29,4.085e+3,4.085e+3,
592.34,2.616e+3,2.616e+3,
592.39,1.652e+3,1.652e+3,
592.44,1.028e+3,1.028e+3,
592.49,6.307e+2,6.307e+2,
592.54,3.814e+2,3.814e+2,
592.59,2.274e+2,2.274e+2,
592.64,1.337e+2,1.337e+2,
592.69,7.743e+1,7.743e+1,
592.74,4.422e+1,4.422e+1,
592.79,2.490e+1,2.490e+1,
592.84,1.382e+1,1.382e+1,
592.89,7.559e+0,7.559e+0,
592.94,4.077e+0,4.077e+0,
592.99,2.167e+0,2.167e+0,
593.04,1.136e+0,1.136e+0,
593.09,5.868e-1,5.868e-1,
593.14,2.988e-1,2.988e-1,
593.19,1.500e-1,1.500e-1,
593.24,7.424e-2,7.424e-2,
593.29,3.622e-2,3.622e-2,
593.34,1.742e-2,1.742e-2,
593.39,8.257e-3,8.257e-3,
593.44,3.859e-3,3.859e-3,
593.49,1.778e-3,1.778e-3,
593.54,8.073e-4,8.073e-4,
593.59,3.614e-4,3.614e-4,
593.64,1.595e-4,1.595e-4,
593.69,6.940e-5,6.940e-5,
593.74,2.982e-5,2.982e-5,
593.79,1.275e-5,1.275e-5,
593.84,5.696e-6,5.696e-6,
593.89,3.303e-6,3.303e-6,
593.94,3.736e-6,3.736e-6,
593.99,7.385e-6,7.385e-6,
594.04,1.718e-5,1.718e-5,
594.09,4.077e-5,4.077e-5,
594.14,9.591e-5,9.591e-5,
594.19,2.227e-4,2.227e-4,
594.24,5.101e-4,5.101e-4,
594.29,1.152e-3,1.152e-3,
594.34,2.565e-3,2.565e-3,
594.39,5.632e-3,5.632e-3,
594.44,1.220e-2,1.220e-2,
594.49,2.604e-2,2.604e-2,
594.54,5.482e-2,5.482e-2,8.944e-9
594.59,1.138e-1,1.138e-1,2.423e-8
594.64,2.330e-1,2.330e-1,6.471e-8
594.69,4.704e-1,4.704e-1,1.705e-7
594.74,9.363e-1,9.363e-1,4.428e-7
594.79,1.838e+0,1.838e+0,1.134e-6
594.84,3.557e+0,3.557e+0,2.865e-6
594.89,6.789e+0,6.789e+0,7.136e-6
594.94,1.278e+1,1.278e+1,1.753e-5
594.99,2.371e+1,2.371e+1,4.246e-5
595.04,4.339e+1,4.339e+1,1.014e-4
595.09,7.830e+1,7.830e+1,2.389e-4
595.14,1.393e+2,1.393e+2,5.548e-4
595.19,2.445e+2,2.445e+2,1.271e-3
595.24,4.230e+2,4.230e+2,2.871e-3
595.29,7.216e+2,7.216e+2,6.394e-3
595.34,1.214e+3,1.214e+3,1.404e-2
595.39,2.014e+3,2.014e+3,3.042e-2
595.44,3.294e+3,3.294e+3,6.497e-2
595.49,5.314e+3,5.314e+3,1.368e-1
595.54,8.452e+3,8.452e+3,2.842e-1
595.59,1.326e+4,1.326e+4,5.822e-1
595.64,2.050e+4,2.050e+4,1.176e+0
595.69,3.127e+4,3.127e+4,2.342e+0
595.74,4.702e+4,4.702e+4,4.600e+0
595.79,6.973e+4,6.972e+4,8.910e+0
595.84,1.020e+5,1.019e+5,1.702e+1
595.89,1.470e+5,1.470e+5,3.205e+1
595.94,2.091e+5,2.090e+5,5.953e+1
595.99,2.931e+5,2.930e+5,1.090e+2
596.04,4.053e+5,4.051e+5,1.969e+2
596.09,5.526e+5,5.522e+5,3.507e+2
596.14,7.430e+5,7.424e+5,6.160e+2
596.19,9.851e+5,9.840e+5,1.067e+3
596.24,1.288e+6,1.286e+6,1.822e+3
596.29,1.661e+6,1.658e+6,3.069e+3
596.34,2.112e+6,2.107e+6,5.097e+3
596.39,2.649e+6,2.640e+6,8.349e+3
596.44,3.277e+6,3.263e+6,1.348e+4
596.49,3.998e+6,3.976e+6,2.147e+4
596.54,4.812e+6,4.778e+6,3.373e+4
596.59,5.714e+6,5.661e+6,5.223e+4
596.64,6.695e+6,6.615e+6,7.978e+4
596.69,7.741e+6,7.621e+6,1.201e+5
596.74,8.837e+6,8.658e+6,1.784e+5
596.79,9.961e+6,9.700e+6,2.613e+5
596.84,1.109e+7,1.071e+7,3.774e+5
596.89,1.221e+7,1.167e+7,5.375e+5
596.94,1.329e+7,1.254e+7,7.549e+5
596.99,1.432e+7,1.328e+7,1.045e+6
597.04,1.530e+7,1.387e+7,1.428e+6
597.09,1.621e+7,1.428e+7,1.923e+6
597.14,1.706e+7,1.450e+7,2.554e+6
597.19,1.787e+7,1.453e+7,3.344e+6
597.24,1.866e+7,1.434e+7,4.319e+6
597.29,1.947e+7,1.397e+7,5.500e+6
597.34,2.032e+7,1.341e+7,6.908e+6
597.39,2.125e+7,1.270e+7,8.554e+6
597.44,2.230e+7,1.185e+7,1.045e+7
597.49,2.349e+7,1.091e+7,1.258e+7
597.54,2.485e+7,9.906e+6,1.494e+7
597.59,2.636e+7,8.867e+6,1.750e+7
597.64,2.803e+7,7.827e+6,2.021e+7
597.69,2.982e+7,6.813e+6,2.301e+7
597.74,3.169e+7,5.847e+6,2.584e+7
597.79,3.357e+7,4.949e+6,2.862e+7
597.84,3.538e+7,4.131e+6,3.125e+7
597.89,3.705e+7,3.400e+6,3.365e+7
597.94,3.850e+7,2.760e+6,3.574e+7
597.99,3.964e+7,2.211e+6,3.742e+7
598.04,4.039e+7,1.748e+6,3.865e+7
598.09,4.072e+7,1.365e+6,3.936e+7
598.14,4.058e+7,1.056e+6,3.952e+7
598.19,3.995e+7,8.116e+5,3.914e+7
598.24,3.884e+7,6.250e+5,3.822e+7
598.29,3.729e+7,4.889e+5,3.680e+7
598.34,3.534e+7,3.976e+5,3.495e+7
598.39,3.307e+7,3.468e+5,3.273e+7
598.44,3.055e+7,3.341e+5,3.022e+7
598.49,2.788e+7,3.589e+5,2.752e+7
598.54,2.513e+7,4.226e+5,2.471e+7
598.59,2.241e+7,5.284e+5,2.188e+7
598.64,1.979e+7,6.814e+5,1.911e+7
598.69,1.734e+7,8.880e+5,1.645e+7
598.74,1.513e+7,1.156e+6,1.397e+7
598.79,1.319e+7,1.494e+6,1.170e+7
598.84,1.157e+7,1.910e+6,9.660e+6
598.89,1.028e+7,2.412e+6,7.866e+6
598.94,9.323e+6,3.007e+6,6.317e+6
598.99,8.699e+6,3.697e+6,5.002e+6
599.04,8.390e+6,4.485e+6,3.906e+6
599.09,8.372e+6,5.365e+6,3.007e+6
599.14,8.613e+6,6.330e+6,2.284e+6
599.19,9.075e+6,7.365e+6,1.710e+6
599.24,9.715e+6,8.452e+6,1.263e+6
599.29,1.048e+7,9.565e+6,9.193e+5
599.34,1.134e+7,1.068e+7,6.601e+5
599.39,1.222e+7,1.175e+7,4.674e+5
599.44,1.308e+7,1.275e+7,3.264e+5
599.49,1.388e+7,1.365e+7,2.247e+5
599.54,1.457e+7,1.441e+7,1.526e+5
599.59,1.511e+7,1.501e+7,1.022e+5
599.64,1.548e+7,1.541e+7,6.746e+4
599.69,1.565e+7,1.560e+7,4.392e+4
599.74,1.561e+7,1.558e+7,2.820e+4
599.79,1.536e+7,1.535e+7,1.786e+4
599.84,1.492e+7,1.490e+7,1.115e+4
599.89,1.428e+7,1.428e+7,6.865e+3
599.94,1.349e+7,1.348e+7,4.168e+3
599.99,1.256e+7,1.256e+7,2.496e+3
600.04,1.154e+7,1.154e+7,1.474e+3
600.09,1.046e+7,1.046e+7,8.579e+2
600.14,9.342e+6,9.342e+6,4.926e+2