Wavelength (nm),Sum,Ce I (5.5e-03),Ce II (8.4e-01)
340.21,5.121e-8,,5.121e-8
340.26,2.909e-7,,2.909e-7
340.31,1.584e-6,,1.584e-6
340.36,8.261e-6,,8.261e-6
340.41,4.129e-5,,4.129e-5
340.46,1.977e-4,,1.977e-4
340.51,9.075e-4,,9.075e-4
340.56,3.990e-3,,3.990e-3
340.61,1.681e-2,,1.681e-2
340.66,6.789e-2,,6.789e-2
340.71,2.627e-1,,2.627e-1
340.76,9.738e-1,,9.738e-1
340.81,3.459e+0,,3.459e+0
340.86,1.178e+1,,1.178e+1
340.91,3.841e+1,,3.841e+1
340.96,1.200e+2,,1.200e+2
341.01,3.595e+2,,3.595e+2
341.06,1.032e+3,,1.032e+3
341.11,2.838e+3,,2.838e+3
341.16,7.477e+3,,7.477e+3
341.21,1.888e+4,,1.888e+4
341.26,4.569e+4,,4.569e+4
341.31,1.059e+5,,1.059e+5
341.36,2.354e+5,,2.354e+5
341.41,5.013e+5,,5.013e+5
341.46,1.023e+6,,1.023e+6
341.51,2.001e+6,,2.001e+6
341.56,3.750e+6,,3.750e+6
341.61,6.739e+6,,6.739e+6
341.66,1.161e+7,,1.161e+7
341.71,1.917e+7,,1.917e+7
341.76,3.036e+7,,3.036e+7
341.81,4.613e+7,,4.613e+7
341.86,6.726e+7,,6.726e+7
341.91,9.414e+7,,9.414e+7
341.96,1.266e+8,,1.266e+8
342.01,1.637e+8,,1.637e+8
342.06,2.036e+8,,2.036e+8
342.11,2.442e+8,,2.442e+8
342.16,2.827e+8,,2.827e+8
342.21,3.165e+8,,3.165e+8
342.26,3.435e+8,,3.435e+8
342.31,3.622e+8,,3.622e+8
342.36,3.722e+8,,3.722e+8
342.41,3.735e+8,,3.735e+8
342.46,3.666e+8,,3.666e+8
342.51,3.526e+8,,3.526e+8
342.56,3.322e+8,,3.322e+8
342.61,3.064e+8,,3.064e+8
342.66,2.762e+8,,2.762e+8
342.71,2.429e+8,,2.429e+8
342.76,2.078e+8,,2.078e+8
342.81,1.726e+8,,1.726e+8
342.86,1.388e+8,,1.388e+8
342.91,1.078e+8,,1.078e+8
342.96,8.079e+7,,8.079e+7
343.01,5.830e+7,,5.830e+7
343.06,4.047e+7,,4.047e+7
343.11,2.700e+7,,2.700e+7
343.16,1.730e+7,,1.730e+7
343.21,1.064e+7,,1.064e+7
343.26,6.278e+6,,6.278e+6
343.31,3.553e+6,,3.553e+6
343.36,1.929e+6,,1.929e+6
343.41,1.004e+6,,1.004e+6
343.46,5.007e+5,,5.007e+5
343.51,2.395e+5,,2.395e+5
343.56,1.098e+5,,1.098e+5
343.61,4.822e+4,,4.822e+4
343.66,2.031e+4,,2.031e+4
343.71,8.194e+3,,8.194e+3
343.76,3.169e+3,,3.169e+3
343.81,1.174e+3,,1.174e+3
343.86,4.172e+2,,4.172e+2
343.91,1.420e+2,,1.420e+2
343.96,4.632e+1,,4.632e+1
344.01,1.448e+1,,1.448e+1
344.06,4.337e+0,,4.337e+0
344.11,1.245e+0,,1.245e+0
344.16,3.425e-1,,3.425e-1
344.21,9.031e-2,,9.031e-2
344.26,2.282e-2,,2.282e-2
344.31,5.524e-3,,5.524e-3
344.36,1.282e-3,,1.282e-3
344.41,2.849e-4,,2.849e-4
344.46,6.071e-5,,6.071e-5
344.51,1.240e-5,,1.240e-5
344.56,2.426e-6,,2.426e-6
344.61,4.548e-7,,4.548e-7
344.66,8.173e-8,,8.173e-8
346.41,4.848e-8,,4.848e-8
346.46,2.676e-7,,2.676e-7
346.51,1.418e-6,,1.418e-6
346.56,7.208e-6,,7.208e-6
346.61,3.517e-5,,3.517e-5
346.66,1.647e-4,,1.647e-4
346.71,7.399e-4,,7.399e-4
346.76,3.191e-3,,3.191e-3
346.81,1.320e-2,,1.320e-2
346.86,5.244e-2,,5.244e-2
346.91,1.998e-1,,1.998e-1
346.96,7.309e-1,,7.309e-1
347.01,2.565e+0,,2.565e+0
347.06,8.641e+0,,8.641e+0
347.11,2.793e+1,,2.793e+1
347.16,8.665e+1,,8.665e+1
347.21,2.580e+2,,2.580e+2
347.26,7.370e+2,,7.370e+2
347.31,2.021e+3,,2.021e+3
347.36,5.317e+3,,5.317e+3
347.41,1.343e+4,,1.343e+4
347.46,3.253e+4,,3.253e+4
347.51,7.565e+4,,7.565e+4
347.56,1.688e+5,,1.688e+5
347.61,3.616e+5,,3.616e+5
347.66,7.432e+5,,7.432e+5
347.71,1.466e+6,,1.466e+6
347.76,2.775e+6,,2.775e+6
347.81,5.040e+6,,5.040e+6
347.86,8.787e+6,,8.787e+6
347.91,1.470e+7,,1.470e+7
347.96,2.360e+7,,2.360e+7
348.01,3.636e+7,,3.636e+7
348.06,5.376e+7,,5.376e+7
348.11,7.629e+7,,7.629e+7
348.16,1.039e+8,,1.039e+8
348.21,1.358e+8,,1.358e+8
348.26,1.702e+8,,1.702e+8
348.31,2.049e+8,,2.049e+8
348.36,2.367e+8,,2.367e+8
348.41,2.623e+8,,2.623e+8
348.46,2.790e+8,,2.790e+8
348.51,2.848e+8,,2.848e+8
348.56,2.790e+8,,2.790e+8
348.61,2.623e+8,,2.623e+8
348.66,2.367e+8,,2.367e+8
348.71,2.049e+8,,2.049e+8
348.76,1.702e+8,,1.702e+8
348.81,1.358e+8,,1.358e+8
348.86,1.039e+8,,1.039e+8
348.91,7.629e+7,,7.629e+7
348.96,5.376e+7,,5.376e+7
349.01,3.636e+7,,3.636e+7
349.06,2.360e+7,,2.360e+7
349.11,1.470e+7,,1.470e+7
349.16,8.787e+6,,8.787e+6
349.21,5.040e+6,,5.040e+6
349.26,2.775e+6,,2.775e+6
349.31,1.466e+6,,1.466e+6
349.36,7.432e+5,,7.432e+5
349.41,3.616e+5,,3.616e+5
349.46,1.689e+5,,1.689e+5
349.51,7.581e+4,,7.581e+4
349.56,3.298e+4,,3.298e+4
349.61,1.461e+4,,1.461e+4
349.66,8.339e+3,,8.339e+3
349.71,9.439e+3,,9.439e+3
349.76,1.822e+4,,1.822e+4
349.81,3.983e+4,,3.983e+4
349.86,8.607e+4,,8.607e+4
349.91,1.794e+5,,1.794e+5
349.96,3.594e+5,,3.594e+5
350.01,6.913e+5,,6.913e+5
350.06,1.277e+6,,1.277e+6
350.11,2.264e+6,,2.264e+6
350.16,3.855e+6,,3.855e+6
350.21,6.304e+6,,6.304e+6
350.26,9.896e+6,,9.896e+6
350.31,1.492e+7,,1.492e+7
350.36,2.159e+7,,2.159e+7
350.41,3.001e+7,,3.001e+7
350.46,4.004e+7,,4.004e+7
350.51,5.130e+7,,5.130e+7
350.56,6.311e+7,,6.311e+7
350.61,7.455e+7,,7.455e+7
350.66,8.456e+7,,8.456e+7
350.71,9.209e+7,,9.209e+7
350.76,9.630e+7,,9.630e+7
350.81,9.670e+7,,9.670e+7
350.86,9.323e+7,,9.323e+7
350.91,8.630e+7,,8.630e+7
350.96,7.671e+7,,7.671e+7
351.01,6.548e+7,,6.548e+7
351.06,5.369e+7,,5.369e+7
351.11,4.230e+7,,4.230e+7
351.16,3.207e+7,,3.207e+7
351.21,2.350e+7,,2.350e+7
351.26,1.682e+7,,1.682e+7
351.31,1.208e+7,,1.208e+7
351.36,9.238e+6,,9.238e+6
351.41,8.230e+6,,8.230e+6
351.46,9.035e+6,,9.035e+6
351.51,1.170e+7,,1.170e+7
351.56,1.634e+7,,1.634e+7
351.61,2.305e+7,,2.305e+7
351.66,3.185e+7,,3.185e+7
351.71,4.258e+7,,4.258e+7
351.76,5.481e+7,,5.481e+7
351.81,6.784e+7,,6.784e+7
351.86,8.068e+7,,8.068e+7
351.91,9.216e+7,,9.216e+7
351.96,1.011e+8,,1.011e+8
352.01,1.066e+8,,1.066e+8
352.06,1.079e+8,,1.079e+8
352.11,1.049e+8,,1.049e+8
352.16,9.791e+7,,9.791e+7
352.21,8.781e+7,,8.781e+7
352.26,7.564e+7,,7.564e+7
352.31,6.260e+7,,6.260e+7
352.36,4.979e+7,,4.979e+7
352.41,3.811e+7,,3.811e+7
352.46,2.819e+7,,2.819e+7
352.51,2.037e+7,,2.037e+7
352.56,1.482e+7,,1.482e+7
352.61,1.164e+7,,1.164e+7
352.66,1.097e+7,,1.097e+7
352.71,1.316e+7,,1.316e+7
352.76,1.879e+7,,1.879e+7
352.81,2.874e+7,,2.874e+7
352.86,4.414e+7,,4.414e+7
352.91,6.618e+7,,6.618e+7
352.96,9.586e+7,,9.586e+7
353.01,1.337e+8,,1.337e+8
353.06,1.795e+8,,1.795e+8
353.11,2.318e+8,,2.318e+8
353.16,2.881e+8,,2.881e+8
353.21,3.449e+8,,3.449e+8
353.26,3.982e+8,,3.982e+8
353.31,4.443e+8,,4.443e+8
353.36,4.801e+8,,4.801e+8
353.41,5.043e+8,,5.043e+8
353.46,5.172e+8,,5.172e+8
353.51,5.210e+8,,5.210e+8
353.56,5.185e+8,,5.185e+8
353.61,5.132e+8,,5.132e+8
353.66,5.074e+8,,5.074e+8
353.71,5.024e+8,,5.024e+8
353.76,4.975e+8,,4.975e+8
353.81,4.907e+8,,4.907e+8
353.86,4.794e+8,,4.794e+8
353.91,4.608e+8,,4.608e+8
353.96,4.333e+8,,4.333e+8
354.01,3.966e+8,,3.966e+8
354.06,3.520e+8,,3.520e+8
354.11,3.021e+8,,3.021e+8
354.16,2.502e+8,,2.502e+8
354.21,1.997e+8,,1.997e+8
354.26,1.535e+8,,1.535e+8
354.31,1.135e+8,,1.135e+8
354.36,8.085e+7,,8.085e+7
354.41,5.554e+7,,5.554e+7
354.46,3.704e+7,,3.704e+7
354.51,2.441e+7,,2.441e+7
354.56,1.667e+7,,1.667e+7
354.61,1.296e+7,,1.296e+7
354.66,1.271e+7,,1.271e+7
354.71,1.570e+7,,1.570e+7
354.76,2.200e+7,,2.200e+7
354.81,3.193e+7,,3.193e+7
354.86,4.592e+7,,4.592e+7
354.91,6.438e+7,,6.438e+7
354.96,8.751e+7,,8.751e+7
355.01,1.152e+8,,1.152e+8
355.07,1.535e+8,,1.535e+8
355.12,1.884e+8,,1.884e+8
355.17,2.243e+8,,2.243e+8
355.22,2.592e+8,,2.592e+8
355.27,2.913e+8,,2.913e+8
355.32,3.192e+8,,3.192e+8
355.37,3.420e+8,,3.420e+8
355.42,3.603e+8,,3.603e+8
355.47,3.760e+8,,3.760e+8
355.52,3.921e+8,,3.921e+8
355.57,4.129e+8,,4.129e+8
355.62,4.433e+8,,4.433e+8
355.67,4.872e+8,,4.872e+8
355.72,5.472e+8,,5.472e+8
355.77,6.232e+8,,6.232e+8
355.82,7.116e+8,,7.116e+8
355.87,8.057e+8,,8.057e+8
355.92,8.960e+8,,8.960e+8
355.97,9.717e+8,,9.717e+8
356.02,1.022e+9,,1.022e+9
356.07,1.040e+9,,1.040e+9
356.12,1.022e+9,,1.022e+9
356.17,9.667e+8,,9.667e+8
356.22,8.807e+8,,8.807e+8
356.27,7.720e+8,,7.720e+8
356.32,6.509e+8,,6.509e+8
356.37,5.278e+8,,5.278e+8
356.42,4.115e+8,,4.115e+8
356.47,3.085e+8,,3.085e+8
356.52,2.224e+8,,2.224e+8
356.57,1.541e+8,,1.541e+8
356.62,1.027e+8,,1.027e+8
356.67,6.583e+7,,6.583e+7
356.72,4.069e+7,,4.069e+7
356.77,2.444e+7,,2.444e+7
356.82,1.466e+7,,1.466e+7
356.87,9.556e+6,,9.556e+6
356.92,8.019e+6,,8.019e+6
356.97,9.671e+6,,9.671e+6
357.02,1.483e+7,,1.483e+7
357.07,2.451e+7,,2.451e+7
357.12,4.034e+7,,4.034e+7
357.17,6.449e+7,,6.449e+7
357.22,9.940e+7,,9.940e+7
357.27,1.475e+8,,1.475e+8
357.32,2.104e+8,,2.104e+8
357.37,2.887e+8,,2.887e+8
357.42,3.810e+8,,3.810e+8
357.47,4.835e+8,,4.835e+8
357.52,5.901e+8,,5.901e+8
357.57,6.926e+8,,6.926e+8
357.62,7.818e+8,,7.818e+8
357.67,8.486e+8,,8.486e+8
357.72,8.859e+8,,8.859e+8
357.77,8.894e+8,,8.894e+8
357.82,8.587e+8,,8.587e+8
357.87,7.972e+8,,7.972e+8
357.92,7.118e+8,,7.118e+8
357.97,6.112e+8,,6.112e+8
358.02,5.047e+8,,5.047e+8
358.07,4.008e+8,,4.008e+8
358.12,3.061e+8,,3.061e+8
358.17,2.248e+8,,2.248e+8
358.22,1.588e+8,,1.588e+8
358.27,1.079e+8,,1.079e+8
358.32,7.046e+7,,7.046e+7
358.37,4.426e+7,,4.426e+7
358.42,2.674e+7,,2.674e+7
358.47,1.553e+7,,1.553e+7
358.52,8.679e+6,,8.679e+6
358.57,4.664e+6,,4.664e+6
358.62,2.410e+6,,2.410e+6
358.67,1.197e+6,,1.197e+6
358.72,5.723e+5,,5.723e+5
358.77,2.630e+5,,2.630e+5
358.82,1.162e+5,,1.162e+5
358.87,4.940e+4,,4.940e+4
358.92,2.019e+4,,2.019e+4
358.97,7.938e+3,,7.938e+3
359.02,3.001e+3,,3.001e+3
359.07,1.091e+3,,1.091e+3
359.12,3.814e+2,,3.814e+2
359.17,1.282e+2,,1.282e+2
359.22,4.146e+1,,4.146e+1
359.27,1.289e+1,,1.289e+1
359.32,3.855e+0,,3.855e+0
359.37,1.109e+0,,1.109e+0
359.42,3.066e-1,,3.066e-1
359.47,8.154e-2,,8.154e-2
359.52,2.086e-2,,2.086e-2
359.57,5.130e-3,,5.130e-3
359.62,1.214e-3,,1.214e-3
359.67,2.761e-4,,2.761e-4
359.72,6.039e-5,,6.039e-5
359.77,1.271e-5,,1.271e-5
359.82,2.571e-6,,2.571e-6
359.87,5.002e-7,,5.002e-7
359.92,9.359e-8,,9.359e-8
362.52,5.524e-8,,5.524e-8
362.57,2.792e-7,,2.792e-7
362.62,1.359e-6,,1.359e-6
362.67,6.373e-6,,6.373e-6
362.72,2.877e-5,,2.877e-5
362.77,1.251e-4,,1.251e-4
362.82,5.241e-4,,5.241e-4
362.87,2.114e-3,,2.114e-3
362.92,8.213e-3,,8.213e-3
362.97,3.073e-2,,3.073e-2
363.02,1.107e-1,,1.107e-1
363.07,3.843e-1,,3.843e-1
363.12,1.285e+0,,1.285e+0
363.17,4.136e+0,,4.136e+0
363.22,1.282e+1,,1.282e+1
363.27,3.829e+1,,3.829e+1
363.32,1.101e+2,,1.101e+2
363.37,3.050e+2,,3.050e+2
363.42,8.136e+2,,8.136e+2
363.47,2.090e+3,,2.090e+3
363.52,5.172e+3,,5.172e+3
363.57,1.233e+4,,1.233e+4
363.62,2.829e+4,,2.829e+4
363.67,6.253e+4,,6.253e+4
363.72,1.331e+5,,1.331e+5
363.77,2.730e+5,,2.730e+5
363.82,5.391e+5,,5.391e+5
363.87,1.025e+6,,1.025e+6
363.92,1.878e+6,,1.878e+6
363.97,3.313e+6,,3.313e+6
364.02,5.630e+6,,5.630e+6
364.07,9.214e+6,,9.214e+6
364.12,1.452e+7,,1.452e+7
364.17,2.205e+7,,2.205e+7
364.22,3.226e+7,,3.226e+7
364.27,4.546e+7,,4.546e+7
364.32,6.175e+7,,6.175e+7
364.37,8.085e+7,,8.085e+7
364.42,1.021e+8,,1.021e+8
364.47,1.246e+8,,1.246e+8
364.52,1.469e+8,,1.469e+8
364.57,1.681e+8,,1.681e+8
364.62,1.871e+8,,1.871e+8
364.67,2.041e+8,,2.041e+8
364.72,2.198e+8,,2.198e+8
364.77,2.363e+8,,2.363e+8
364.82,2.567e+8,,2.567e+8
364.87,2.851e+8,,2.851e+8
364.92,3.256e+8,,3.256e+8
364.97,3.818e+8,,3.818e+8
365.02,4.563e+8,,4.563e+8
365.07,5.494e+8,,5.494e+8
365.12,6.596e+8,,6.596e+8
365.17,7.825e+8,,7.825e+8
365.22,9.116e+8,,9.116e+8
365.27,1.039e+9,,1.039e+9
365.32,1.156e+9,,1.156e+9
365.37,1.254e+9,,1.254e+9
365.42,1.328e+9,,1.328e+9
365.47,1.373e+9,,1.373e+9
365.52,1.388e+9,,1.388e+9
365.57,1.376e+9,,1.376e+9
365.62,1.340e+9,,1.340e+9
365.67,1.288e+9,,1.288e+9
365.72,1.224e+9,,1.224e+9
365.77,1.156e+9,,1.156e+9
365.82,1.086e+9,,1.086e+9
365.87,1.016e+9,,1.016e+9
365.92,9.478e+8,,9.478e+8
365.97,8.789e+8,,8.789e+8
366.02,8.084e+8,,8.084e+8
366.07,7.356e+8,,7.356e+8
366.12,6.609e+8,,6.609e+8
366.17,5.865e+8,,5.865e+8
366.22,5.157e+8,,5.157e+8
366.27,4.529e+8,,4.529e+8
366.32,4.022e+8,,4.022e+8
366.37,3.672e+8,,3.672e+8
366.42,3.497e+8,,3.497e+8
366.47,3.498e+8,,3.498e+8
366.52,3.653e+8,,3.653e+8
366.57,3.918e+8,,3.918e+8
366.62,4.240e+8,,4.240e+8
366.67,4.554e+8,,4.554e+8
366.72,4.800e+8,,4.800e+8
366.77,4.928e+8,,4.928e+8
366.82,4.905e+8,,4.905e+8
366.87,4.721e+8,,4.721e+8
366.92,4.388e+8,,4.388e+8
366.97,3.933e+8,,3.933e+8
367.02,3.400e+8,,3.400e+8
367.07,2.832e+8,,2.832e+8
367.12,2.274e+8,,2.274e+8
367.17,1.759e+8,,1.759e+8
367.22,1.312e+8,,1.312e+8
367.27,9.422e+7,,9.422e+7
367.32,6.522e+7,,6.522e+7
367.37,4.349e+7,,4.349e+7
367.42,2.795e+7,,2.795e+7
367.47,1.730e+7,,1.730e+7
367.52,1.032e+7,,1.032e+7
367.57,5.934e+6,,5.934e+6
367.62,3.286e+6,,3.286e+6
367.67,1.754e+6,,1.754e+6
367.72,9.016e+5,,9.016e+5
367.77,4.467e+5,,4.467e+5
367.82,2.132e+5,,2.132e+5
367.87,9.806e+4,,9.806e+4
367.92,4.345e+4,,4.345e+4
367.97,1.856e+4,,1.856e+4
368.02,7.645e+3,,7.645e+3
368.07,3.061e+3,,3.061e+3
368.12,1.255e+3,,1.255e+3
368.17,6.908e+2,,6.908e+2
368.22,8.366e+2,,8.366e+2
368.27,1.759e+3,,1.759e+3
368.32,4.114e+3,,4.114e+3
368.37,9.482e+3,,9.482e+3
368.42,2.114e+4,,2.114e+4
368.47,4.544e+4,,4.544e+4
368.52,9.418e+4,,9.418e+4
368.57,1.882e+5,,1.882e+5
368.62,3.625e+5,,3.625e+5
368.67,6.731e+5,,6.731e+5
368.72,1.205e+6,,1.205e+6
368.77,2.079e+6,,2.079e+6
368.82,3.460e+6,,3.460e+6
368.87,5.549e+6,,5.549e+6
368.92,8.580e+6,,8.580e+6
368.97,1.279e+7,,1.279e+7
369.02,1.838e+7,,1.838e+7
369.07,2.546e+7,,2.546e+7
369.12,3.400e+7,,3.400e+7
369.17,4.378e+7,,4.378e+7
369.22,5.434e+7,,5.434e+7
369.27,6.502e+7,,6.502e+7
369.32,7.501e+7,,7.501e+7
369.37,8.342e+7,,8.342e+7
369.42,8.944e+7,,8.944e+7
369.47,9.245e+7,,9.245e+7
369.52,9.215e+7,,9.215e+7
369.57,8.858e+7,,8.858e+7
369.62,8.217e+7,,8.217e+7
369.67,7.361e+7,,7.361e+7
369.72,6.383e+7,,6.383e+7
369.77,5.379e+7,,5.379e+7
369.82,4.443e+7,,4.443e+7
369.87,3.657e+7,,3.657e+7
369.92,3.085e+7,,3.085e+7
369.97,2.776e+7,,2.776e+7
370.02,2.767e+7,,2.767e+7
370.07,3.087e+7,,3.087e+7
370.12,3.769e+7,,3.769e+7
370.17,4.854e+7,,4.854e+7
370.22,6.404e+7,,6.404e+7
370.27,8.506e+7,,8.506e+7
370.32,1.128e+8,,1.128e+8
370.37,1.489e+8,,1.489e+8
370.42,1.949e+8,,1.949e+8
370.47,2.526e+8,,2.526e+8
370.52,3.231e+8,,3.231e+8
370.57,4.065e+8,,4.065e+8
370.62,5.014e+8,,5.014e+8
370.67,6.044e+8,,6.044e+8
370.72,7.101e+8,,7.101e+8
370.77,8.115e+8,,8.115e+8
370.82,9.004e+8,,9.004e+8
370.87,9.691e+8,,9.691e+8
370.92,1.011e+9,,1.011e+9
370.97,1.024e+9,,1.024e+9
371.02,1.006e+9,,1.006e+9
371.07,9.626e+8,,9.626e+8
371.12,9.003e+8,,9.003e+8
371.17,8.282e+8,,8.282e+8
371.22,7.560e+8,,7.560e+8
371.27,6.922e+8,,6.922e+8
371.32,6.430e+8,,6.430e+8
371.37,6.112e+8,,6.112e+8
371.42,5.966e+8,,5.966e+8
371.47,5.956e+8,,5.956e+8
371.52,6.030e+8,,6.030e+8
371.57,6.125e+8,,6.125e+8
371.62,6.182e+8,,6.182e+8
371.67,6.157e+8,,6.157e+8
371.72,6.021e+8,,6.021e+8
371.77,5.771e+8,,5.771e+8
371.82,5.417e+8,,5.417e+8
371.87,4.990e+8,,4.990e+8
371.92,4.525e+8,,4.525e+8
371.97,4.064e+8,,4.064e+8
372.02,3.649e+8,,3.649e+8
372.07,3.320e+8,,3.320e+8
372.12,3.114e+8,,3.114e+8
372.17,3.065e+8,,3.065e+8
372.22,3.199e+8,,3.199e+8
372.27,3.537e+8,,3.537e+8
372.32,4.091e+8,,4.091e+8
372.37,4.858e+8,,4.858e+8
372.42,5.818e+8,,5.818e+8
372.47,6.933e+8,,6.933e+8
372.52,8.141e+8,,8.141e+8
372.57,9.363e+8,,9.363e+8
372.62,1.051e+9,,1.051e+9
372.67,1.147e+9,,1.147e+9
372.72,1.217e+9,,1.217e+9
372.77,1.252e+9,,1.252e+9
372.82,1.249e+9,,1.249e+9
372.87,1.207e+9,,1.207e+9
372.92,1.129e+9,,1.129e+9
372.97,1.022e+9,,1.022e+9
373.02,8.947e+8,,8.947e+8
373.07,7.572e+8,,7.572e+8
373.12,6.194e+8,,6.194e+8
373.17,4.895e+8,,4.895e+8
373.22,3.738e+8,,3.738e+8
373.27,2.756e+8,,2.756e+8
373.32,1.963e+8,,1.963e+8
373.37,1.350e+8,,1.350e+8
373.42,8.958e+7,,8.958e+7
373.47,5.740e+7,,5.740e+7
373.52,3.550e+7,,3.550e+7
373.57,2.119e+7,,2.119e+7
373.62,1.222e+7,,1.222e+7
373.67,6.808e+6,,6.808e+6
373.72,3.688e+6,,3.688e+6
373.77,1.985e+6,,1.985e+6
373.82,1.147e+6,,1.147e+6
373.87,8.614e+5,,8.614e+5
373.92,9.926e+5,,9.926e+5
373.97,1.541e+6,,1.541e+6
374.02,2.625e+6,,2.625e+6
374.07,4.471e+6,,4.471e+6
374.12,7.417e+6,,7.417e+6
374.17,1.190e+7,,1.190e+7
374.22,1.843e+7,,1.843e+7
374.27,2.755e+7,,2.755e+7
374.32,3.976e+7,,3.976e+7
374.37,5.535e+7,,5.535e+7
374.42,7.438e+7,,7.438e+7
374.47,9.645e+7,,9.645e+7
374.52,1.207e+8,,1.207e+8
374.57,1.457e+8,,1.457e+8
374.62,1.699e+8,,1.699e+8
374.67,1.910e+8,,1.910e+8
374.72,2.073e+8,,2.073e+8
374.77,2.171e+8,,2.171e+8
374.82,2.195e+8,,2.195e+8
374.87,2.141e+8,,2.141e+8
374.92,2.015e+8,,2.015e+8
374.97,1.830e+8,,1.830e+8
375.02,1.605e+8,,1.605e+8
375.07,1.357e+8,,1.357e+8
375.12,1.108e+8,,1.108e+8
375.17,8.731e+7,,8.731e+7
375.22,6.639e+7,,6.639e+7
375.27,4.874e+7,,4.874e+7
375.32,3.457e+7,,3.457e+7
375.37,2.374e+7,,2.374e+7
375.42,1.591e+7,,1.591e+7
375.47,1.063e+7,,1.063e+7
375.52,7.498e+6,,7.498e+6
375.57,6.225e+6,,6.225e+6
375.62,6.728e+6,,6.728e+6
375.67,9.150e+6,,9.150e+6
375.72,1.388e+7,,1.388e+7
375.77,2.154e+7,,2.154e+7
375.82,3.292e+7,,3.292e+7
375.87,4.889e+7,,4.889e+7
375.92,7.025e+7,,7.025e+7
375.97,9.751e+7,,9.751e+7
376.02,1.307e+8,,1.307e+8
376.07,1.691e+8,,1.691e+8
376.12,2.112e+8,,2.112e+8
376.17,2.547e+8,,2.547e+8
376.22,2.966e+8,,2.966e+8
376.27,3.335e+8,,3.335e+8
376.32,3.622e+8,,3.622e+8
376.37,3.800e+8,,3.800e+8
376.42,3.855e+8,,3.855e+8
376.47,3.785e+8,,3.785e+8
376.52,3.603e+8,,3.603e+8
376.57,3.335e+8,,3.335e+8
376.62,3.015e+8,,3.015e+8
376.67,2.682e+8,,2.682e+8
376.72,2.370e+8,,2.370e+8
376.77,2.108e+8,,2.108e+8
376.82,1.915e+8,,1.915e+8
376.87,1.795e+8,,1.795e+8
376.92,1.745e+8,,1.745e+8
376.97,1.750e+8,,1.750e+8
377.02,1.791e+8,,1.791e+8
377.07,1.848e+8,,1.848e+8
377.12,1.901e+8,,1.901e+8
377.17,1.938e+8,,1.938e+8
377.22,1.951e+8,,1.951e+8
377.27,1.941e+8,,1.941e+8
377.32,1.914e+8,,1.914e+8
377.37,1.877e+8,,1.877e+8
377.42,1.841e+8,,1.841e+8
377.47,1.815e+8,,1.815e+8
377.52,1.810e+8,,1.810e+8
377.57,1.830e+8,,1.830e+8
377.62,1.881e+8,,1.881e+8
377.67,1.968e+8,,1.968e+8
377.72,2.093e+8,,2.093e+8
377.77,2.257e+8,,2.257e+8
377.82,2.459e+8,,2.459e+8
377.87,2.694e+8,,2.694e+8
377.92,2.953e+8,,2.953e+8
377.97,3.224e+8,,3.224e+8
378.02,3.493e+8,,3.493e+8
378.07,3.747e+8,,3.747e+8
378.12,3.978e+8,,3.978e+8
378.17,4.184e+8,,4.184e+8
378.22,4.371e+8,,4.371e+8
378.27,4.553e+8,,4.553e+8
378.32,4.747e+8,,4.747e+8
378.37,4.968e+8,,4.968e+8
378.42,5.225e+8,,5.225e+8
378.47,5.520e+8,,5.520e+8
378.52,5.840e+8,,5.840e+8
378.57,6.164e+8,,6.164e+8
378.62,6.461e+8,,6.461e+8
378.67,6.701e+8,,6.701e+8
378.72,6.854e+8,,6.854e+8
378.77,6.900e+8,,6.900e+8
378.82,6.830e+8,,6.830e+8
378.87,6.646e+8,,6.646e+8
378.92,6.362e+8,,6.362e+8
378.97,5.998e+8,,5.998e+8
379.02,5.577e+8,,5.577e+8
379.07,5.122e+8,,5.122e+8
379.12,4.652e+8,,4.652e+8
379.17,4.184e+8,,4.184e+8
379.22,3.733e+8,,3.733e+8
379.27,3.312e+8,,3.312e+8
379.32,2.936e+8,,2.936e+8
379.37,2.627e+8,,2.627e+8
379.42,2.413e+8,,2.413e+8
379.47,2.332e+8,,2.332e+8
379.52,2.426e+8,,2.426e+8
379.57,2.745e+8,,2.745e+8
379.62,3.338e+8,,3.338e+8
379.67,4.244e+8,,4.244e+8
379.72,5.488e+8,,5.488e+8
379.77,7.069e+8,,7.069e+8
379.82,8.950e+8,,8.950e+8
379.87,1.105e+9,,1.105e+9
379.92,1.327e+9,,1.327e+9
379.97,1.544e+9,,1.544e+9
380.02,1.742e+9,,1.742e+9
380.07,1.904e+9,,1.904e+9
380.12,2.017e+9,,2.017e+9
380.17,2.072e+9,,2.072e+9
380.22,2.068e+9,,2.068e+9
380.27,2.009e+9,,2.009e+9
380.32,1.905e+9,,1.905e+9
380.37,1.772e+9,,1.772e+9
380.42,1.625e+9,,1.625e+9
380.47,1.480e+9,,1.480e+9
380.52,1.350e+9,,1.350e+9
380.57,1.243e+9,,1.243e+9
380.62,1.160e+9,,1.160e+9
380.67,1.101e+9,,1.101e+9
380.72,1.058e+9,,1.058e+9
380.77,1.023e+9,,1.023e+9
380.82,9.886e+8,,9.886e+8
380.87,9.469e+8,,9.469e+8
380.92,8.941e+8,,8.941e+8
380.97,8.292e+8,,8.292e+8
381.02,7.542e+8,,7.542e+8
381.07,6.734e+8,,6.734e+8
381.12,5.926e+8,,5.926e+8
381.17,5.173e+8,,5.173e+8
381.22,4.525e+8,,4.525e+8
381.27,4.016e+8,,4.016e+8
381.32,3.659e+8,,3.659e+8
381.37,3.451e+8,,3.451e+8
381.42,3.371e+8,,3.371e+8
381.47,3.389e+8,,3.389e+8
381.52,3.471e+8,,3.471e+8
381.57,3.581e+8,,3.581e+8
381.62,3.690e+8,,3.690e+8
381.67,3.774e+8,,3.774e+8
381.72,3.820e+8,,3.820e+8
381.77,3.821e+8,,3.821e+8
381.82,3.780e+8,,3.780e+8
381.87,3.703e+8,,3.703e+8
381.92,3.604e+8,,3.604e+8
381.97,3.495e+8,,3.495e+8
382.02,3.389e+8,,3.389e+8
382.07,3.295e+8,,3.295e+8
382.12,3.217e+8,,3.217e+8
382.17,3.155e+8,,3.155e+8
382.22,3.100e+8,,3.100e+8
382.27,3.040e+8,,3.040e+8
382.32,2.962e+8,,2.962e+8
382.37,2.853e+8,,2.853e+8
382.42,2.703e+8,,2.703e+8
382.47,2.511e+8,,2.511e+8
382.52,2.278e+8,,2.278e+8
382.57,2.016e+8,,2.016e+8
382.62,1.741e+8,,1.741e+8
382.67,1.469e+8,,1.469e+8
382.72,1.221e+8,,1.221e+8
382.77,1.013e+8,,1.013e+8
382.82,8.617e+7,,8.617e+7
382.87,7.780e+7,,7.780e+7
382.92,7.716e+7,,7.716e+7
382.97,8.491e+7,,8.491e+7
383.02,1.015e+8,,1.015e+8
383.07,1.270e+8,,1.270e+8
383.12,1.613e+8,,1.613e+8
383.17,2.040e+8,,2.040e+8
383.22,2.540e+8,,2.540e+8
383.27,3.102e+8,,3.102e+8
383.32,3.709e+8,,3.709e+8
383.37,4.341e+8,,4.341e+8
383.42,4.976e+8,,4.976e+8
383.47,5.590e+8,,5.590e+8
383.52,6.158e+8,,6.158e+8
383.57,6.656e+8,,6.656e+8
383.62,7.060e+8,,7.060e+8
383.67,7.348e+8,,7.348e+8
383.72,7.502e+8,,7.502e+8
383.77,7.513e+8,,7.513e+8
383.82,7.379e+8,,7.379e+8
383.87,7.110e+8,,7.110e+8
383.92,6.728e+8,,6.728e+8
383.97,6.264e+8,,6.264e+8
384.02,5.758e+8,,5.758e+8
384.07,5.250e+8,,5.250e+8
384.12,4.782e+8,,4.782e+8
384.17,4.389e+8,,4.389e+8
384.22,4.099e+8,,4.099e+8
384.27,3.933e+8,,3.933e+8
384.32,3.899e+8,,3.899e+8
384.37,4.002e+8,,4.002e+8
384.42,4.237e+8,,4.237e+8
384.47,4.592e+8,,4.592e+8
384.52,5.052e+8,,5.052e+8
384.57,5.593e+8,,5.593e+8
384.62,6.188e+8,,6.188e+8
384.67,6.809e+8,,6.809e+8
384.72,7.429e+8,,7.429e+8
384.77,8.034e+8,,8.034e+8
384.82,8.619e+8,,8.619e+8
384.87,9.198e+8,,9.198e+8
384.92,9.800e+8,,9.800e+8
384.97,1.046e+9,,1.046e+9
385.02,1.122e+9,,1.122e+9
385.07,1.211e+9,,1.211e+9
385.12,1.313e+9,,1.313e+9
385.17,1.426e+9,,1.426e+9
385.22,1.544e+9,,1.544e+9
385.27,1.658e+9,,1.658e+9
385.32,1.759e+9,,1.759e+9
385.37,1.835e+9,,1.835e+9
385.42,1.878e+9,,1.878e+9
385.47,1.882e+9,,1.882e+9
385.52,1.844e+9,,1.844e+9
385.57,1.765e+9,,1.765e+9
385.62,1.650e+9,,1.650e+9
385.67,1.506e+9,,1.506e+9
385.72,1.342e+9,,1.342e+9
385.77,1.167e+9,,1.167e+9
385.82,9.920e+8,,9.920e+8
385.87,8.233e+8,,8.233e+8
385.93,6.382e+8,,6.382e+8
385.98,5.030e+8,,5.030e+8
386.03,3.875e+8,,3.875e+8
386.08,2.920e+8,,2.920e+8
386.13,2.158e+8,,2.158e+8
386.18,1.573e+8,,1.573e+8
386.23,1.146e+8,,1.146e+8
386.28,8.523e+7,,8.523e+7
386.33,6.694e+7,,6.694e+7
386.38,5.754e+7,,5.754e+7
386.43,5.503e+7,,5.503e+7
386.48,5.758e+7,,5.758e+7
386.53,6.353e+7,,6.353e+7
386.58,7.135e+7,,7.135e+7
386.63,7.967e+7,,7.967e+7
386.68,8.723e+7,,8.723e+7
386.73,9.303e+7,,9.303e+7
386.78,9.632e+7,,9.632e+7
386.83,9.671e+7,,9.671e+7
386.88,9.418e+7,,9.418e+7
386.93,8.910e+7,,8.910e+7
386.98,8.221e+7,,8.221e+7
387.03,7.451e+7,,7.451e+7
387.08,6.723e+7,,6.723e+7
387.13,6.170e+7,,6.170e+7
387.18,5.929e+7,,5.929e+7
387.23,6.130e+7,,6.130e+7
387.28,6.896e+7,,6.896e+7
387.33,8.324e+7,,8.324e+7
387.38,1.049e+8,,1.049e+8
387.43,1.341e+8,,1.341e+8
387.48,1.708e+8,,1.708e+8
387.53,2.142e+8,,2.142e+8
387.58,2.631e+8,,2.631e+8
387.63,3.156e+8,,3.156e+8
387.68,3.697e+8,,3.697e+8
387.73,4.232e+8,,4.232e+8
387.78,4.741e+8,,4.741e+8
387.83,5.205e+8,,5.205e+8
387.88,5.609e+8,,5.609e+8
387.93,5.942e+8,,5.942e+8
387.98,6.196e+8,,6.196e+8
388.03,6.364e+8,,6.364e+8
388.08,6.440e+8,,6.440e+8
388.13,6.420e+8,,6.420e+8
388.18,6.307e+8,,6.307e+8
388.23,6.106e+8,,6.106e+8
388.28,5.834e+8,,5.834e+8
388.33,5.519e+8,,5.519e+8
388.38,5.196e+8,,5.196e+8
388.43,4.913e+8,,4.913e+8
388.48,4.716e+8,,4.716e+8
388.53,4.651e+8,,4.651e+8
388.58,4.753e+8,,4.753e+8
388.63,5.036e+8,,5.036e+8
388.68,5.497e+8,,5.497e+8
388.73,6.103e+8,,6.103e+8
388.78,6.804e+8,,6.804e+8
388.83,7.528e+8,,7.528e+8
388.88,8.200e+8,,8.200e+8
388.93,8.745e+8,,8.745e+8
388.98,9.103e+8,,9.103e+8
389.03,9.236e+8,,9.236e+8
389.08,9.139e+8,,9.139e+8
389.13,8.834e+8,,8.834e+8
389.18,8.371e+8,,8.371e+8
389.23,7.815e+8,,7.815e+8
389.28,7.241e+8,,7.241e+8
389.33,6.718e+8,,6.718e+8
389.38,6.297e+8,,6.297e+8
389.43,6.009e+8,,6.009e+8
389.48,5.860e+8,,5.860e+8
389.53,5.829e+8,,5.829e+8
389.58,5.881e+8,,5.881e+8
389.63,5.968e+8,,5.968e+8
389.68,6.041e+8,,6.041e+8
389.73,6.060e+8,,6.060e+8
389.78,5.997e+8,,5.997e+8
389.83,5.844e+8,,5.844e+8
389.88,5.609e+8,,5.609e+8
389.93,5.313e+8,,5.313e+8
389.98,4.990e+8,,4.990e+8
390.03,4.678e+8,,4.678e+8
390.08,4.411e+8,,4.411e+8
390.13,4.219e+8,,4.219e+8
390.18,4.126e+8,,4.126e+8
390.23,4.144e+8,,4.144e+8
390.28,4.280e+8,,4.280e+8
390.33,4.536e+8,,4.536e+8
390.38,4.909e+8,,4.909e+8
390.43,5.393e+8,,5.393e+8
390.48,5.979e+8,,5.979e+8
390.53,6.651e+8,,6.651e+8
390.58,7.389e+8,,7.389e+8
390.63,8.162e+8,,8.162e+8
390.68,8.935e+8,,8.935e+8
390.73,9.668e+8,,9.668e+8
390.78,1.032e+9,,1.032e+9
390.83,1.085e+9,,1.085e+9
390.88,1.124e+9,,1.124e+9
390.93,1.147e+9,,1.147e+9
390.98,1.153e+9,,1.153e+9
391.03,1.144e+9,,1.144e+9
391.08,1.119e+9,,1.119e+9
391.13,1.082e+9,,1.082e+9
391.18,1.036e+9,,1.036e+9
391.23,9.826e+8,,9.826e+8
391.28,9.253e+8,,9.253e+8
391.33,8.673e+8,,8.673e+8
391.38,8.115e+8,,8.115e+8
391.43,7.608e+8,,7.608e+8
391.48,7.176e+8,,7.176e+8
391.53,6.836e+8,,6.836e+8
391.58,6.598e+8,,6.598e+8
391.63,6.460e+8,,6.460e+8
391.68,6.414e+8,,6.414e+8
391.73,6.442e+8,,6.442e+8
391.78,6.520e+8,,6.520e+8
391.83,6.624e+8,,6.624e+8
391.88,6.729e+8,,6.729e+8
391.93,6.810e+8,,6.810e+8
391.98,6.850e+8,,6.850e+8
392.03,6.832e+8,,6.832e+8
392.08,6.746e+8,,6.746e+8
392.13,6.587e+8,,6.587e+8
392.18,6.352e+8,,6.352e+8
392.23,6.045e+8,,6.045e+8
392.28,5.673e+8,,5.673e+8
392.33,5.249e+8,,5.249e+8
392.38,4.794e+8,,4.794e+8
392.43,4.330e+8,,4.330e+8
392.48,3.886e+8,,3.886e+8
392.53,3.495e+8,,3.495e+8
392.58,3.184e+8,,3.184e+8
392.63,2.980e+8,,2.980e+8
392.68,2.898e+8,,2.898e+8
392.73,2.945e+8,,2.945e+8
392.78,3.112e+8,,3.112e+8
392.83,3.379e+8,,3.379e+8
392.88,3.711e+8,,3.711e+8
392.93,4.067e+8,,4.067e+8
392.98,4.401e+8,,4.401e+8
393.03,4.669e+8,,4.669e+8
393.08,4.834e+8,,4.834e+8
393.13,4.874e+8,,4.874e+8
393.18,4.784e+8,,4.784e+8
393.23,4.577e+8,,4.577e+8
393.28,4.284e+8,,4.284e+8
393.33,3.952e+8,,3.952e+8
393.38,3.642e+8,,3.642e+8
393.43,3.422e+8,,3.422e+8
393.48,3.366e+8,,3.366e+8
393.53,3.549e+8,,3.549e+8
393.58,4.045e+8,,4.045e+8
393.63,4.922e+8,,4.922e+8
393.68,6.241e+8,,6.241e+8
393.73,8.041e+8,,8.041e+8
393.78,1.034e+9,,1.034e+9
393.83,1.311e+9,,1.311e+9
393.88,1.630e+9,,1.630e+9
393.93,1.980e+9,,1.980e+9
393.98,2.343e+9,,2.343e+9
394.03,2.701e+9,,2.701e+9
394.08,3.029e+9,,3.029e+9
394.13,3.304e+9,,3.304e+9
394.18,3.504e+9,,3.504e+9
394.23,3.614e+9,,3.614e+9
394.28,3.625e+9,,3.625e+9
394.33,3.534e+9,,3.534e+9
394.38,3.352e+9,,3.352e+9
394.43,3.093e+9,,3.093e+9
394.48,2.779e+9,,2.779e+9
394.53,2.435e+9,,2.435e+9
394.58,2.085e+9,,2.085e+9
394.63,1.752e+9,,1.752e+9
394.68,1.452e+9,,1.452e+9
394.73,1.198e+9,,1.198e+9
394.78,9.966e+8,,9.966e+8
394.83,8.500e+8,,8.500e+8
394.88,7.555e+8,,7.555e+8
394.93,7.078e+8,,7.078e+8
394.98,6.995e+8,,6.995e+8
395.03,7.224e+8,,7.224e+8
395.08,7.679e+8,,7.679e+8
395.13,8.277e+8,,8.277e+8
395.18,8.942e+8,,8.942e+8
395.23,9.607e+8,,9.607e+8
395.28,1.022e+9,,1.022e+9
395.33,1.073e+9,,1.073e+9
395.38,1.111e+9,,1.111e+9
395.43,1.135e+9,,1.135e+9
395.48,1.142e+9,,1.142e+9
395.53,1.133e+9,,1.133e+9
395.58,1.109e+9,,1.109e+9
395.63,1.071e+9,,1.071e+9
395.68,1.022e+9,,1.022e+9
395.73,9.650e+8,,9.650e+8
395.78,9.034e+8,,9.034e+8
395.83,8.404e+8,,8.404e+8
395.88,7.793e+8,,7.793e+8
395.93,7.225e+8,,7.225e+8
395.98,6.719e+8,,6.719e+8
396.03,6.284e+8,,6.284e+8
396.08,5.925e+8,,5.925e+8
396.13,5.641e+8,,5.641e+8
396.18,5.426e+8,,5.426e+8
396.23,5.274e+8,,5.274e+8
396.28,5.178e+8,,5.178e+8
396.33,5.128e+8,,5.128e+8
396.38,5.113e+8,,5.113e+8
396.43,5.121e+8,,5.121e+8
396.48,5.138e+8,,5.138e+8
396.53,5.149e+8,,5.149e+8
396.58,5.141e+8,,5.141e+8
396.63,5.102e+8,,5.102e+8
396.68,5.025e+8,,5.025e+8
396.73,4.911e+8,,4.911e+8
396.78,4.763e+8,,4.763e+8
396.83,4.588e+8,,4.588e+8
396.88,4.395e+8,,4.395e+8
396.93,4.194e+8,,4.194e+8
396.98,3.991e+8,,3.991e+8
397.03,3.791e+8,,3.791e+8
397.08,3.596e+8,,3.596e+8
397.13,3.407e+8,,3.407e+8
397.18,3.226e+8,,3.226e+8
397.23,3.060e+8,,3.060e+8
397.28,2.918e+8,,2.918e+8
397.33,2.816e+8,,2.816e+8
397.38,2.769e+8,,2.769e+8
397.43,2.797e+8,,2.797e+8
397.48,2.916e+8,,2.916e+8
397.53,3.138e+8,,3.138e+8
397.58,3.467e+8,,3.467e+8
397.63,3.900e+8,,3.900e+8
397.68,4.425e+8,,4.425e+8
397.73,5.025e+8,,5.025e+8
397.78,5.675e+8,,5.675e+8
397.83,6.351e+8,,6.351e+8
397.88,7.027e+8,,7.027e+8
397.93,7.679e+8,,7.679e+8
397.98,8.283e+8,,8.283e+8
398.03,8.820e+8,,8.820e+8
398.08,9.270e+8,,9.270e+8
398.13,9.615e+8,,9.615e+8
398.18,9.839e+8,,9.839e+8
398.23,9.925e+8,,9.925e+8
398.28,9.863e+8,,9.863e+8
398.33,9.647e+8,,9.647e+8
398.38,9.281e+8,,9.281e+8
398.43,8.777e+8,,8.777e+8
398.48,8.162e+8,,8.162e+8
398.53,7.474e+8,,7.474e+8
398.58,6.761e+8,,6.761e+8
398.63,6.079e+8,,6.079e+8
398.68,5.486e+8,,5.486e+8
398.73,5.037e+8,,5.037e+8
398.78,4.780e+8,,4.780e+8
398.83,4.750e+8,,4.750e+8
398.88,4.963e+8,,4.963e+8
398.93,5.418e+8,,5.418e+8
398.98,6.089e+8,,6.089e+8
399.03,6.931e+8,,6.931e+8
399.08,7.882e+8,,7.882e+8
399.13,8.868e+8,,8.868e+8
399.18,9.813e+8,,9.813e+8
399.23,1.065e+9,,1.065e+9
399.28,1.131e+9,,1.131e+9
399.33,1.178e+9,,1.178e+9
399.38,1.204e+9,,1.204e+9
399.43,1.213e+9,,1.213e+9
399.48,1.207e+9,,1.207e+9
399.53,1.194e+9,,1.194e+9
399.58,1.179e+9,,1.179e+9
399.63,1.167e+9,,1.167e+9
399.68,1.163e+9,,1.163e+9
399.73,1.168e+9,,1.168e+9
399.78,1.182e+9,,1.182e+9
399.83,1.203e+9,,1.203e+9
399.88,1.228e+9,,1.228e+9
399.93,1.255e+9,,1.255e+9
399.98,1.279e+9,,1.279e+9
400.03,1.299e+9,,1.299e+9
400.08,1.312e+9,,1.312e+9
400.13,1.318e+9,,1.318e+9
400.18,1.315e+9,,1.315e+9
400.23,1.302e+9,,1.302e+9
400.28,1.277e+9,,1.277e+9
400.33,1.240e+9,,1.240e+9
400.38,1.190e+9,,1.190e+9
400.43,1.129e+9,,1.129e+9
400.48,1.057e+9,,1.057e+9
400.53,9.795e+8,,9.795e+8
400.58,9.009e+8,,9.009e+8
400.63,8.279e+8,,8.279e+8
400.68,7.671e+8,,7.671e+8
400.73,7.250e+8,,7.250e+8
400.78,7.068e+8,,7.068e+8
400.83,7.156e+8,,7.156e+8
400.88,7.520e+8,,7.520e+8
400.93,8.137e+8,,8.137e+8
400.98,8.954e+8,,8.954e+8
401.03,9.896e+8,,9.896e+8
401.08,1.087e+9,,1.087e+9
401.13,1.177e+9,,1.177e+9
401.18,1.251e+9,,1.251e+9
401.23,1.301e+9,,1.301e+9
401.28,1.321e+9,,1.321e+9
401.33,1.307e+9,,1.307e+9
401.38,1.262e+9,,1.262e+9
401.43,1.187e+9,,1.187e+9
401.48,1.089e+9,,1.089e+9
401.53,9.744e+8,,9.744e+8
401.58,8.509e+8,,8.509e+8
401.63,7.260e+8,,7.260e+8
401.68,6.065e+8,,6.065e+8
401.73,4.980e+8,,4.980e+8
401.78,4.045e+8,,4.045e+8
401.83,3.289e+8,,3.289e+8
401.88,2.725e+8,,2.725e+8
401.93,2.359e+8,,2.359e+8
401.98,2.184e+8,,2.184e+8
402.03,2.189e+8,,2.189e+8
402.08,2.354e+8,,2.354e+8
402.13,2.656e+8,,2.656e+8
402.18,3.069e+8,,3.069e+8
402.23,3.560e+8,,3.560e+8
402.28,4.100e+8,,4.100e+8
402.33,4.658e+8,,4.658e+8
402.38,5.207e+8,,5.207e+8
402.43,5.724e+8,,5.724e+8
402.48,6.195e+8,,6.195e+8
402.53,6.610e+8,,6.610e+8
402.58,6.965e+8,,6.965e+8
402.63,7.260e+8,,7.260e+8
402.68,7.499e+8,,7.499e+8
402.73,7.681e+8,,7.681e+8
402.78,7.806e+8,,7.806e+8
402.83,7.869e+8,,7.869e+8
402.88,7.864e+8,,7.864e+8
402.93,7.783e+8,,7.783e+8
402.98,7.619e+8,,7.619e+8
403.03,7.368e+8,,7.368e+8
403.08,7.034e+8,,7.034e+8
403.13,6.628e+8,,6.628e+8
403.18,6.170e+8,,6.170e+8
403.23,5.690e+8,,5.690e+8
403.28,5.223e+8,,5.223e+8
403.33,4.811e+8,,4.811e+8
403.38,4.498e+8,,4.498e+8
403.43,4.326e+8,,4.326e+8
403.48,4.333e+8,,4.333e+8
403.53,4.550e+8,,4.550e+8
403.58,4.997e+8,,4.997e+8
403.63,5.681e+8,,5.681e+8
403.68,6.594e+8,,6.594e+8
403.73,7.709e+8,,7.709e+8
403.78,8.986e+8,,8.986e+8
403.83,1.036e+9,,1.036e+9
403.88,1.177e+9,,1.177e+9
403.93,1.312e+9,,1.312e+9
403.98,1.432e+9,,1.432e+9
404.03,1.531e+9,,1.531e+9
404.08,1.602e+9,,1.602e+9
404.13,1.640e+9,,1.640e+9
404.18,1.644e+9,,1.644e+9
404.23,1.615e+9,,1.615e+9
404.28,1.557e+9,,1.557e+9
404.33,1.474e+9,,1.474e+9
404.38,1.374e+9,,1.374e+9
404.43,1.263e+9,,1.263e+9
404.48,1.148e+9,,1.148e+9
404.53,1.034e+9,,1.034e+9
404.58,9.256e+8,,9.256e+8
404.63,8.254e+8,,8.254e+8
404.68,7.357e+8,,7.357e+8
404.73,6.578e+8,,6.578e+8
404.78,5.922e+8,,5.922e+8
404.83,5.393e+8,,5.393e+8
404.88,4.986e+8,,4.986e+8
404.93,4.695e+8,,4.695e+8
404.98,4.505e+8,,4.505e+8
405.03,4.397e+8,,4.397e+8
405.08,4.346e+8,,4.346e+8
405.13,4.323e+8,,4.323e+8
405.18,4.298e+8,,4.298e+8
405.23,4.245e+8,,4.245e+8
405.28,4.143e+8,,4.143e+8
405.33,3.979e+8,,3.979e+8
405.38,3.747e+8,,3.747e+8
405.43,3.455e+8,,3.455e+8
405.48,3.114e+8,,3.114e+8
405.53,2.744e+8,,2.744e+8
405.58,2.366e+8,,2.366e+8
405.63,2.003e+8,,2.003e+8
405.68,1.673e+8,,1.673e+8
405.73,1.392e+8,,1.392e+8
405.78,1.170e+8,,1.170e+8
405.83,1.013e+8,,1.013e+8
405.88,9.184e+7,,9.184e+7
405.93,8.829e+7,,8.829e+7
405.98,8.981e+7,,8.981e+7
406.03,9.541e+7,,9.541e+7
406.08,1.041e+8,,1.041e+8
406.13,1.148e+8,,1.148e+8
406.18,1.270e+8,,1.270e+8
406.23,1.404e+8,,1.404e+8
406.28,1.551e+8,,1.551e+8
406.33,1.717e+8,,1.717e+8
406.38,1.915e+8,,1.915e+8
406.43,2.160e+8,,2.160e+8
406.48,2.471e+8,,2.471e+8
406.53,2.868e+8,,2.868e+8
406.58,3.372e+8,,3.372e+8
406.63,4.003e+8,,4.003e+8
406.68,4.781e+8,,4.781e+8
406.73,5.723e+8,,5.723e+8
406.78,6.841e+8,,6.841e+8
406.83,8.147e+8,,8.147e+8
406.88,9.645e+8,,9.645e+8
406.93,1.133e+9,,1.133e+9
406.98,1.319e+9,,1.319e+9
407.03,1.519e+9,,1.519e+9
407.08,1.728e+9,,1.728e+9
407.13,1.940e+9,,1.940e+9
407.18,2.147e+9,,2.147e+9
407.23,2.338e+9,,2.338e+9
407.28,2.504e+9,,2.504e+9
407.33,2.635e+9,,2.635e+9
407.38,2.722e+9,,2.722e+9
407.43,2.759e+9,,2.759e+9
407.48,2.743e+9,,2.743e+9
407.53,2.675e+9,,2.675e+9
407.58,2.559e+9,,2.559e+9
407.63,2.405e+9,,2.405e+9
407.68,2.224e+9,,2.224e+9
407.73,2.029e+9,,2.029e+9
407.78,1.836e+9,,1.836e+9
407.83,1.657e+9,,1.657e+9
407.88,1.503e+9,,1.503e+9
407.93,1.382e+9,,1.382e+9
407.98,1.297e+9,,1.297e+9
408.03,1.248e+9,,1.248e+9
408.08,1.232e+9,,1.232e+9
408.13,1.239e+9,,1.239e+9
408.18,1.262e+9,,1.262e+9
408.23,1.290e+9,,1.290e+9
408.28,1.315e+9,,1.315e+9
408.33,1.327e+9,,1.327e+9
408.38,1.323e+9,,1.323e+9
408.43,1.298e+9,,1.298e+9
408.48,1.253e+9,,1.253e+9
408.53,1.189e+9,,1.189e+9
408.58,1.109e+9,,1.109e+9
408.63,1.019e+9,,1.019e+9
408.68,9.216e+8,,9.216e+8
408.73,8.221e+8,,8.221e+8
408.78,7.238e+8,,7.238e+8
408.83,6.295e+8,,6.295e+8
408.88,5.410e+8,,5.410e+8
408.93,4.594e+8,,4.594e+8
408.98,3.854e+8,,3.854e+8
409.03,3.191e+8,,3.191e+8
409.08,2.605e+8,,2.605e+8
409.13,2.096e+8,,2.096e+8
409.18,1.661e+8,,1.661e+8
409.23,1.298e+8,,1.298e+8
409.28,1.005e+8,,1.005e+8
409.33,7.799e+7,,7.799e+7
409.38,6.201e+7,,6.201e+7
409.43,5.246e+7,,5.246e+7
409.48,4.932e+7,,4.932e+7
409.53,5.268e+7,,5.268e+7
409.58,6.271e+7,,6.271e+7
409.63,7.963e+7,,7.963e+7
409.68,1.035e+8,,1.035e+8
409.73,1.343e+8,,1.343e+8
409.78,1.716e+8,,1.716e+8
409.83,2.142e+8,,2.142e+8
409.88,2.607e+8,,2.607e+8
409.93,3.090e+8,,3.090e+8
409.98,3.569e+8,,3.569e+8
410.03,4.019e+8,,4.019e+8
410.08,4.418e+8,,4.418e+8
410.13,4.751e+8,,4.751e+8
410.18,5.008e+8,,5.008e+8
410.23,5.191e+8,,5.191e+8
410.28,5.309e+8,,5.309e+8
410.33,5.379e+8,,5.379e+8
410.38,5.420e+8,,5.420e+8
410.43,5.448e+8,,5.448e+8
410.48,5.478e+8,,5.478e+8
410.53,5.514e+8,,5.514e+8
410.58,5.557e+8,,5.557e+8
410.63,5.596e+8,,5.596e+8
410.68,5.620e+8,,5.620e+8
410.73,5.615e+8,,5.615e+8
410.78,5.569e+8,,5.569e+8
410.83,5.476e+8,,5.476e+8
410.88,5.335e+8,,5.335e+8
410.93,5.155e+8,,5.155e+8
410.98,4.949e+8,,4.949e+8
411.03,4.737e+8,,4.737e+8
411.08,4.544e+8,,4.544e+8
411.13,4.399e+8,,4.399e+8
411.18,4.334e+8,,4.334e+8
411.23,4.381e+8,,4.381e+8
411.28,4.570e+8,,4.570e+8
411.33,4.927e+8,,4.927e+8
411.38,5.473e+8,,5.473e+8
411.43,6.215e+8,,6.215e+8
411.48,7.148e+8,,7.148e+8
411.53,8.252e+8,,8.252e+8
411.58,9.492e+8,,9.492e+8
411.63,1.082e+9,,1.082e+9
411.68,1.219e+9,,1.219e+9
411.73,1.354e+9,,1.354e+9
411.78,1.483e+9,,1.483e+9
411.83,1.603e+9,,1.603e+9
411.88,1.711e+9,,1.711e+9
411.93,1.808e+9,,1.808e+9
411.98,1.896e+9,,1.896e+9
412.03,1.978e+9,,1.978e+9
412.08,2.055e+9,,2.055e+9
412.13,2.130e+9,,2.130e+9
412.18,2.205e+9,,2.205e+9
412.23,2.281e+9,,2.281e+9
412.28,2.354e+9,,2.354e+9
412.33,2.422e+9,,2.422e+9
412.38,2.481e+9,,2.481e+9
412.43,2.528e+9,,2.528e+9
412.48,2.556e+9,,2.556e+9
412.53,2.563e+9,,2.563e+9
412.58,2.545e+9,,2.545e+9
412.63,2.501e+9,,2.501e+9
412.68,2.430e+9,,2.430e+9
412.73,2.332e+9,,2.332e+9
412.78,2.211e+9,,2.211e+9
412.83,2.071e+9,,2.071e+9
412.88,1.917e+9,,1.917e+9
412.93,1.756e+9,,1.756e+9
412.98,1.596e+9,,1.596e+9
413.03,1.444e+9,,1.444e+9
413.08,1.309e+9,,1.309e+9
413.13,1.198e+9,,1.198e+9
413.18,1.118e+9,,1.118e+9
413.23,1.073e+9,,1.073e+9
413.28,1.066e+9,,1.066e+9
413.33,1.096e+9,,1.096e+9
413.38,1.161e+9,,1.161e+9
413.43,1.255e+9,,1.255e+9
413.48,1.370e+9,,1.370e+9
413.53,1.497e+9,,1.497e+9
413.58,1.624e+9,,1.624e+9
413.63,1.742e+9,,1.742e+9
413.68,1.842e+9,,1.842e+9
413.73,1.918e+9,,1.918e+9
413.78,1.969e+9,,1.969e+9
413.83,1.994e+9,,1.994e+9
413.88,2.000e+9,,2.000e+9
413.93,1.991e+9,,1.991e+9
413.98,1.975e+9,,1.975e+9
414.03,1.960e+9,,1.960e+9
414.08,1.950e+9,,1.950e+9
414.13,1.949e+9,,1.949e+9
414.18,1.956e+9,,1.956e+9
414.23,1.970e+9,,1.970e+9
414.28,1.987e+9,,1.987e+9
414.33,2.001e+9,,2.001e+9
414.38,2.008e+9,,2.008e+9
414.43,2.004e+9,,2.004e+9
414.48,1.989e+9,,1.989e+9
414.53,1.963e+9,,1.963e+9
414.58,1.930e+9,,1.930e+9
414.63,1.895e+9,,1.895e+9
414.68,1.863e+9,,1.863e+9
414.73,1.840e+9,,1.840e+9
414.78,1.830e+9,,1.830e+9
414.83,1.834e+9,,1.834e+9
414.88,1.851e+9,,1.851e+9
414.93,1.877e+9,,1.877e+9
414.98,1.905e+9,,1.905e+9
415.03,1.926e+9,,1.926e+9
415.08,1.932e+9,,1.932e+9
415.13,1.915e+9,,1.915e+9
415.18,1.868e+9,,1.868e+9
415.23,1.789e+9,,1.789e+9
415.28,1.678e+9,,1.678e+9
415.33,1.539e+9,,1.539e+9
415.38,1.379e+9,,1.379e+9
415.43,1.205e+9,,1.205e+9
415.48,1.028e+9,,1.028e+9
415.53,8.544e+8,,8.544e+8
415.58,6.932e+8,,6.932e+8
415.63,5.501e+8,,5.501e+8
415.68,4.291e+8,,4.291e+8
415.73,3.323e+8,,3.323e+8
415.78,2.609e+8,,2.609e+8
415.83,2.147e+8,,2.147e+8
415.88,1.933e+8,,1.933e+8
415.93,1.961e+8,,1.961e+8
415.98,2.223e+8,,2.223e+8
416.03,2.714e+8,,2.714e+8
416.08,3.422e+8,,3.422e+8
416.13,4.331e+8,,4.331e+8
416.18,5.414e+8,,5.414e+8
416.23,6.630e+8,,6.630e+8
416.28,7.926e+8,,7.926e+8
416.33,9.234e+8,,9.234e+8
416.38,1.048e+9,,1.048e+9
416.43,1.159e+9,,1.159e+9
416.48,1.249e+9,,1.249e+9
416.53,1.313e+9,,1.313e+9
416.58,1.347e+9,,1.347e+9
416.63,1.351e+9,,1.351e+9
416.68,1.325e+9,,1.325e+9
416.73,1.273e+9,,1.273e+9
416.78,1.200e+9,,1.200e+9
416.84,1.091e+9,,1.091e+9
416.89,9.902e+8,,9.902e+8
416.94,8.851e+8,,8.851e+8
416.99,7.800e+8,,7.800e+8
417.04,6.780e+8,,6.780e+8
417.09,5.812e+8,,5.812e+8
417.14,4.913e+8,,4.913e+8
417.19,4.091e+8,,4.091e+8
417.24,3.353e+8,,3.353e+8
417.29,2.700e+8,,2.700e+8
417.34,2.134e+8,,2.134e+8
417.39,1.654e+8,,1.654e+8
417.44,1.255e+8,,1.255e+8
417.49,9.320e+7,,9.320e+7
417.54,6.782e+7,,6.782e+7
417.59,4.854e+7,,4.854e+7
417.64,3.455e+7,,3.455e+7
417.69,2.506e+7,,2.506e+7
417.74,1.942e+7,,1.942e+7
417.79,1.716e+7,,1.716e+7
417.84,1.801e+7,,1.801e+7
417.89,2.187e+7,,2.187e+7
417.94,2.886e+7,,2.886e+7
417.99,3.917e+7,,3.917e+7
418.04,5.309e+7,,5.309e+7
418.09,7.082e+7,,7.082e+7
418.14,9.246e+7,,9.246e+7
418.19,1.179e+8,,1.179e+8
418.24,1.466e+8,,1.466e+8
418.29,1.779e+8,,1.779e+8
418.34,2.107e+8,,2.107e+8
418.39,2.437e+8,,2.437e+8
418.44,2.754e+8,,2.754e+8
418.49,3.045e+8,,3.045e+8
418.54,3.300e+8,,3.300e+8
418.59,3.512e+8,,3.512e+8
418.64,3.681e+8,,3.681e+8
418.69,3.816e+8,,3.816e+8
418.74,3.930e+8,,3.930e+8
418.79,4.043e+8,,4.043e+8
418.84,4.180e+8,,4.180e+8
418.89,4.361e+8,,4.361e+8
418.94,4.608e+8,,4.608e+8
418.99,4.930e+8,,4.930e+8
419.04,5.329e+8,,5.329e+8
419.09,5.799e+8,,5.799e+8
419.14,6.318e+8,,6.318e+8
419.19,6.859e+8,,6.859e+8
419.24,7.391e+8,,7.391e+8
419.29,7.879e+8,,7.879e+8
419.34,8.295e+8,,8.295e+8
419.39,8.614e+8,,8.614e+8
419.44,8.823e+8,,8.823e+8
419.49,8.918e+8,,8.918e+8
419.54,8.903e+8,,8.903e+8
419.59,8.792e+8,,8.792e+8
419.64,8.604e+8,,8.604e+8
419.69,8.362e+8,,8.362e+8
419.74,8.089e+8,,8.089e+8
419.79,7.807e+8,,7.807e+8
419.84,7.533e+8,,7.533e+8
419.89,7.282e+8,,7.282e+8
419.94,7.061e+8,,7.061e+8
419.99,6.869e+8,,6.869e+8
420.04,6.701e+8,,6.701e+8
420.09,6.546e+8,,6.546e+8
420.14,6.388e+8,,6.388e+8
420.19,6.211e+8,,6.211e+8
420.24,5.999e+8,,5.999e+8
420.29,5.742e+8,,5.742e+8
420.34,5.434e+8,,5.434e+8
420.39,5.080e+8,,5.080e+8
420.44,4.688e+8,,4.688e+8
420.49,4.274e+8,,4.274e+8
420.54,3.859e+8,,3.859e+8
420.59,3.461e+8,,3.461e+8
420.64,3.099e+8,,3.099e+8
420.69,2.787e+8,,2.787e+8
420.74,2.534e+8,,2.534e+8
420.79,2.341e+8,,2.341e+8
420.84,2.208e+8,,2.208e+8
420.89,2.128e+8,,2.128e+8
420.94,2.092e+8,,2.092e+8
420.99,2.090e+8,,2.090e+8
421.04,2.111e+8,,2.111e+8
421.09,2.146e+8,,2.146e+8
421.14,2.186e+8,,2.186e+8
421.19,2.220e+8,,2.220e+8
421.24,2.243e+8,,2.243e+8
421.29,2.248e+8,,2.248e+8
421.34,2.233e+8,,2.233e+8
421.39,2.197e+8,,2.197e+8
421.44,2.144e+8,,2.144e+8
421.49,2.084e+8,,2.084e+8
421.54,2.028e+8,,2.028e+8
421.59,1.994e+8,,1.994e+8
421.64,2.000e+8,,2.000e+8
421.69,2.065e+8,,2.065e+8
421.74,2.205e+8,,2.205e+8
421.79,2.432e+8,,2.432e+8
421.84,2.751e+8,,2.751e+8
421.89,3.156e+8,,3.156e+8
421.94,3.634e+8,,3.634e+8
421.99,4.162e+8,,4.162e+8
422.04,4.711e+8,,4.711e+8
422.09,5.248e+8,,5.248e+8
422.14,5.740e+8,,5.740e+8
422.19,6.158e+8,,6.158e+8
422.24,6.482e+8,,6.482e+8
422.29,6.699e+8,,6.699e+8
422.34,6.808e+8,,6.808e+8
422.39,6.817e+8,,6.817e+8
422.44,6.738e+8,,6.738e+8
422.49,6.590e+8,,6.590e+8
422.54,6.389e+8,,6.389e+8
422.59,6.149e+8,,6.149e+8
422.64,5.881e+8,,5.881e+8
422.69,5.590e+8,,5.590e+8
422.74,5.282e+8,,5.282e+8
422.79,4.959e+8,,4.959e+8
422.84,4.627e+8,,4.627e+8
422.89,4.292e+8,,4.292e+8
422.94,3.965e+8,,3.965e+8
422.99,3.661e+8,,3.661e+8
423.04,3.394e+8,,3.394e+8
423.09,3.179e+8,,3.179e+8
423.14,3.027e+8,,3.027e+8
423.19,2.948e+8,,2.948e+8
423.24,2.944e+8,,2.944e+8
423.29,3.016e+8,,3.016e+8
423.34,3.162e+8,,3.162e+8
423.39,3.374e+8,,3.374e+8
423.44,3.647e+8,,3.647e+8
423.49,3.975e+8,,3.975e+8
423.54,4.349e+8,,4.349e+8
423.59,4.762e+8,,4.762e+8
423.64,5.205e+8,,5.205e+8
423.69,5.665e+8,,5.665e+8
423.74,6.126e+8,,6.126e+8
423.79,6.571e+8,,6.571e+8
423.84,6.981e+8,,6.981e+8
423.89,7.337e+8,,7.337e+8
423.94,7.625e+8,,7.625e+8
423.99,7.837e+8,,7.837e+8
424.04,7.973e+8,,7.973e+8
424.09,8.043e+8,,8.043e+8
424.14,8.068e+8,,8.068e+8
424.19,8.073e+8,,8.073e+8
424.24,8.089e+8,,8.089e+8
424.29,8.145e+8,,8.145e+8
424.34,8.266e+8,,8.266e+8
424.39,8.465e+8,,8.465e+8
424.44,8.747e+8,,8.747e+8
424.49,9.098e+8,,9.098e+8
424.54,9.494e+8,,9.494e+8
424.59,9.901e+8,,9.901e+8
424.64,1.028e+9,,1.028e+9
424.69,1.058e+9,,1.058e+9
424.74,1.077e+9,,1.077e+9
424.79,1.083e+9,,1.083e+9
424.84,1.074e+9,,1.074e+9
424.89,1.049e+9,,1.049e+9
424.94,1.012e+9,,1.012e+9
424.99,9.637e+8,,9.637e+8
425.04,9.091e+8,,9.091e+8
425.09,8.519e+8,,8.519e+8
425.14,7.959e+8,,7.959e+8
425.19,7.439e+8,,7.439e+8
425.24,6.978e+8,,6.978e+8
425.29,6.582e+8,,6.582e+8
425.34,6.245e+8,,6.245e+8
425.39,5.952e+8,,5.952e+8
425.44,5.681e+8,,5.681e+8
425.49,5.411e+8,,5.411e+8
425.54,5.121e+8,,5.121e+8
425.59,4.798e+8,,4.798e+8
425.64,4.433e+8,,4.433e+8
425.69,4.029e+8,,4.029e+8
425.74,3.592e+8,,3.592e+8
425.79,3.137e+8,,3.137e+8
425.84,2.680e+8,,2.680e+8
425.89,2.238e+8,,2.238e+8
425.94,1.825e+8,,1.825e+8
425.99,1.455e+8,,1.455e+8
426.04,1.135e+8,,1.135e+8
426.09,8.704e+7,,8.704e+7
426.14,6.621e+7,,6.621e+7
426.19,5.091e+7,,5.091e+7
426.24,4.090e+7,,4.090e+7
426.29,3.590e+7,,3.590e+7
426.34,3.567e+7,,3.567e+7
426.39,4.003e+7,,4.003e+7
426.44,4.885e+7,,4.885e+7
426.49,6.201e+7,,6.201e+7
426.54,7.928e+7,,7.928e+7
426.59,1.003e+8,,1.003e+8
426.64,1.244e+8,,1.244e+8
426.69,1.507e+8,,1.507e+8
426.74,1.780e+8,,1.780e+8
426.79,2.046e+8,,2.046e+8
426.84,2.290e+8,,2.290e+8
426.89,2.494e+8,,2.494e+8
426.94,2.644e+8,,2.644e+8
426.99,2.729e+8,,2.729e+8
427.04,2.743e+8,,2.743e+8
427.09,2.687e+8,,2.687e+8
427.14,2.566e+8,,2.566e+8
427.19,2.393e+8,,2.393e+8
427.24,2.184e+8,,2.184e+8
427.29,1.957e+8,,1.957e+8
427.34,1.730e+8,,1.730e+8
427.39,1.518e+8,,1.518e+8
427.44,1.335e+8,,1.335e+8
427.49,1.187e+8,,1.187e+8
427.54,1.079e+8,,1.079e+8
427.59,1.008e+8,,1.008e+8
427.64,9.689e+7,,9.689e+7
427.69,9.540e+7,,9.540e+7
427.74,9.537e+7,,9.537e+7
427.79,9.588e+7,,9.588e+7
427.84,9.615e+7,,9.615e+7
427.89,9.564e+7,,9.564e+7
427.94,9.413e+7,,9.413e+7
427.99,9.179e+7,,9.179e+7
428.04,8.920e+7,,8.920e+7
428.09,8.729e+7,,8.729e+7
428.14,8.741e+7,,8.741e+7
428.19,9.116e+7,,9.116e+7
428.24,1.004e+8,,1.004e+8
428.29,1.171e+8,,1.171e+8
428.34,1.432e+8,,1.432e+8
428.39,1.804e+8,,1.804e+8
428.44,2.301e+8,,2.301e+8
428.49,2.927e+8,,2.927e+8
428.54,3.680e+8,,3.680e+8
428.59,4.546e+8,,4.546e+8
428.64,5.496e+8,,5.496e+8
428.69,6.495e+8,,6.495e+8
428.74,7.493e+8,,7.493e+8
428.79,8.442e+8,,8.442e+8
428.84,9.292e+8,,9.292e+8
428.89,1.000e+9,,1.000e+9
428.94,1.055e+9,,1.055e+9
428.99,1.093e+9,,1.093e+9
429.04,1.115e+9,,1.115e+9
429.09,1.126e+9,,1.126e+9
429.14,1.130e+9,,1.130e+9
429.19,1.134e+9,,1.134e+9
429.24,1.144e+9,,1.144e+9
429.29,1.164e+9,,1.164e+9
429.34,1.197e+9,,1.197e+9
429.39,1.244e+9,,1.244e+9
429.44,1.303e+9,,1.303e+9
429.49,1.369e+9,,1.369e+9
429.54,1.436e+9,,1.436e+9
429.59,1.498e+9,,1.498e+9
429.64,1.547e+9,,1.547e+9
429.69,1.579e+9,,1.579e+9
429.74,1.588e+9,,1.588e+9
429.79,1.574e+9,,1.574e+9
429.84,1.537e+9,,1.537e+9
429.89,1.479e+9,,1.479e+9
429.94,1.406e+9,,1.406e+9
429.99,1.322e+9,,1.322e+9
430.04,1.234e+9,,1.234e+9
430.09,1.147e+9,,1.147e+9
430.14,1.067e+9,,1.067e+9
430.19,9.984e+8,,9.984e+8
430.24,9.428e+8,,9.428e+8
430.29,9.015e+8,,9.015e+8
430.34,8.741e+8,,8.741e+8
430.39,8.584e+8,,8.584e+8
430.44,8.514e+8,,8.514e+8
430.49,8.491e+8,,8.491e+8
430.54,8.475e+8,,8.475e+8
430.59,8.428e+8,,8.428e+8
430.64,8.319e+8,,8.319e+8
430.69,8.123e+8,,8.123e+8
430.74,7.830e+8,,7.830e+8
430.79,7.438e+8,,7.438e+8
430.84,6.956e+8,,6.956e+8
430.89,6.398e+8,,6.398e+8
430.94,5.788e+8,,5.788e+8
430.99,5.147e+8,,5.147e+8
431.04,4.500e+8,,4.500e+8
431.09,3.869e+8,,3.869e+8
431.14,3.273e+8,,3.273e+8
431.19,2.727e+8,,2.727e+8
431.24,2.244e+8,,2.244e+8
431.29,1.831e+8,,1.831e+8
431.34,1.494e+8,,1.494e+8
431.39,1.236e+8,,1.236e+8
431.44,1.055e+8,,1.055e+8
431.49,9.507e+7,,9.507e+7
431.54,9.178e+7,,9.178e+7
431.59,9.507e+7,,9.507e+7
431.64,1.041e+8,,1.041e+8
431.69,1.178e+8,,1.178e+8
431.74,1.350e+8,,1.350e+8
431.79,1.543e+8,,1.543e+8
431.84,1.739e+8,,1.739e+8
431.89,1.923e+8,,1.923e+8
431.94,2.079e+8,,2.079e+8
431.99,2.195e+8,,2.195e+8
432.04,2.259e+8,,2.259e+8
432.09,2.266e+8,,2.266e+8
432.14,2.217e+8,,2.217e+8
432.19,2.116e+8,,2.116e+8
432.24,1.972e+8,,1.972e+8
432.29,1.799e+8,,1.799e+8
432.34,1.613e+8,,1.613e+8
432.39,1.427e+8,,1.427e+8
432.44,1.259e+8,,1.259e+8
432.49,1.121e+8,,1.121e+8
432.54,1.023e+8,,1.023e+8
432.59,9.710e+7,,9.710e+7
432.64,9.691e+7,,9.691e+7
432.69,1.017e+8,,1.017e+8
432.74,1.110e+8,,1.110e+8
432.79,1.242e+8,,1.242e+8
432.84,1.406e+8,,1.406e+8
432.89,1.592e+8,,1.592e+8
432.94,1.790e+8,,1.790e+8
432.99,1.990e+8,,1.990e+8
433.04,2.184e+8,,2.184e+8
433.09,2.365e+8,,2.365e+8
433.14,2.531e+8,,2.531e+8
433.19,2.681e+8,,2.681e+8
433.24,2.817e+8,,2.817e+8
433.29,2.941e+8,,2.941e+8
433.34,3.058e+8,,3.058e+8
433.39,3.171e+8,,3.171e+8
433.44,3.281e+8,,3.281e+8
433.49,3.387e+8,,3.387e+8
433.54,3.484e+8,,3.484e+8
433.59,3.562e+8,,3.562e+8
433.64,3.611e+8,,3.611e+8
433.69,3.621e+8,,3.621e+8
433.74,3.580e+8,,3.580e+8
433.79,3.484e+8,,3.484e+8
433.84,3.329e+8,,3.329e+8
433.89,3.119e+8,,3.119e+8
433.94,2.862e+8,,2.862e+8
433.99,2.571e+8,,2.571e+8
434.04,2.263e+8,,2.263e+8
434.09,1.954e+8,,1.954e+8
434.14,1.663e+8,,1.663e+8
434.19,1.406e+8,,1.406e+8
434.24,1.197e+8,,1.197e+8
434.29,1.048e+8,,1.048e+8
434.34,9.674e+7,,9.674e+7
434.39,9.604e+7,,9.604e+7
434.44,1.030e+8,,1.030e+8
434.49,1.178e+8,,1.178e+8
434.54,1.400e+8,,1.400e+8
434.59,1.691e+8,,1.691e+8
434.64,2.044e+8,,2.044e+8
434.69,2.445e+8,,2.445e+8
434.74,2.878e+8,,2.878e+8
434.79,3.325e+8,,3.325e+8
434.84,3.765e+8,,3.765e+8
434.89,4.174e+8,,4.174e+8
434.94,4.533e+8,,4.533e+8
434.99,4.820e+8,,4.820e+8
435.04,5.020e+8,,5.020e+8
435.09,5.121e+8,,5.121e+8
435.14,5.117e+8,,5.117e+8
435.19,5.010e+8,,5.010e+8
435.24,4.806e+8,,4.806e+8
435.29,4.516e+8,,4.516e+8
435.34,4.158e+8,,4.158e+8
435.39,3.751e+8,,3.751e+8
435.44,3.316e+8,,3.316e+8
435.49,2.875e+8,,2.875e+8
435.54,2.448e+8,,2.448e+8
435.59,2.053e+8,,2.053e+8
435.64,1.706e+8,,1.706e+8
435.69,1.418e+8,,1.418e+8
435.74,1.200e+8,,1.200e+8
435.79,1.056e+8,,1.056e+8
435.84,9.905e+7,,9.905e+7
435.89,1.004e+8,,1.004e+8
435.94,1.094e+8,,1.094e+8
435.99,1.256e+8,,1.256e+8
436.04,1.482e+8,,1.482e+8
436.09,1.759e+8,,1.759e+8
436.14,2.073e+8,,2.073e+8
436.19,2.405e+8,,2.405e+8
436.24,2.733e+8,,2.733e+8
436.29,3.035e+8,,3.035e+8
436.34,3.288e+8,,3.288e+8
436.39,3.476e+8,,3.476e+8
436.44,3.583e+8,,3.583e+8
436.49,3.603e+8,,3.603e+8
436.54,3.537e+8,,3.537e+8
436.59,3.395e+8,,3.395e+8
436.64,3.191e+8,,3.191e+8
436.69,2.947e+8,,2.947e+8
436.74,2.688e+8,,2.688e+8
436.79,2.440e+8,,2.440e+8
436.84,2.226e+8,,2.226e+8
436.89,2.066e+8,,2.066e+8
436.94,1.975e+8,,1.975e+8
436.99,1.961e+8,,1.961e+8
437.04,2.026e+8,,2.026e+8
437.09,2.165e+8,,2.165e+8
437.14,2.365e+8,,2.365e+8
437.19,2.613e+8,,2.613e+8
437.24,2.889e+8,,2.889e+8
437.29,3.174e+8,,3.174e+8
437.34,3.449e+8,,3.449e+8
437.39,3.700e+8,,3.700e+8
437.44,3.915e+8,,3.915e+8
437.49,4.091e+8,,4.091e+8
437.54,4.230e+8,,4.230e+8
437.59,4.342e+8,,4.342e+8
437.64,4.442e+8,,4.442e+8
437.69,4.546e+8,,4.546e+8
437.74,4.675e+8,,4.675e+8
437.79,4.844e+8,,4.844e+8
437.84,5.063e+8,,5.063e+8
437.89,5.336e+8,,5.336e+8
437.94,5.657e+8,,5.657e+8
437.99,6.013e+8,,6.013e+8
438.04,6.385e+8,,6.385e+8
438.09,6.749e+8,,6.749e+8
438.14,7.084e+8,,7.084e+8
438.19,7.371e+8,,7.371e+8
438.24,7.595e+8,,7.595e+8
438.29,7.753e+8,,7.753e+8
438.34,7.848e+8,,7.848e+8
438.39,7.888e+8,,7.888e+8
438.44,7.890e+8,,7.890e+8
438.49,7.870e+8,,7.870e+8
438.54,7.845e+8,,7.845e+8
438.59,7.830e+8,,7.830e+8
438.64,7.832e+8,,7.832e+8
438.69,7.859e+8,,7.859e+8
438.74,7.908e+8,,7.908e+8
438.79,7.973e+8,,7.973e+8
438.84,8.043e+8,,8.043e+8
438.89,8.105e+8,,8.105e+8
438.94,8.141e+8,,8.141e+8
438.99,8.133e+8,,8.133e+8
439.04,8.067e+8,,8.067e+8
439.09,7.929e+8,,7.929e+8
439.14,7.713e+8,,7.713e+8
439.19,7.418e+8,,7.418e+8
439.24,7.053e+8,,7.053e+8
439.29,6.633e+8,,6.633e+8
439.34,6.180e+8,,6.180e+8
439.39,5.720e+8,,5.720e+8
439.44,5.279e+8,,5.279e+8
439.49,4.879e+8,,4.879e+8
439.54,4.539e+8,,4.539e+8
439.59,4.266e+8,,4.266e+8
439.64,4.061e+8,,4.061e+8
439.69,3.913e+8,,3.913e+8
439.74,3.808e+8,,3.808e+8
439.79,3.724e+8,,3.724e+8
439.84,3.640e+8,,3.640e+8
439.89,3.537e+8,,3.537e+8
439.94,3.400e+8,,3.400e+8
439.99,3.220e+8,,3.220e+8
440.04,2.996e+8,,2.996e+8
440.09,2.731e+8,,2.731e+8
440.14,2.435e+8,,2.435e+8
440.19,2.122e+8,,2.122e+8
440.24,1.806e+8,,1.806e+8
440.29,1.499e+8,,1.499e+8
440.34,1.214e+8,,1.214e+8
440.39,9.589e+7,,9.589e+7
440.44,7.385e+7,,7.385e+7
440.49,5.548e+7,,5.548e+7
440.54,4.069e+7,,4.069e+7
440.59,2.921e+7,,2.921e+7
440.64,2.065e+7,,2.065e+7
440.69,1.460e+7,,1.460e+7
440.74,1.070e+7,,1.070e+7
440.79,8.681e+6,,8.681e+6
440.84,8.412e+6,,8.412e+6
440.89,9.933e+6,,9.933e+6
440.94,1.347e+7,,1.347e+7
440.99,1.946e+7,,1.946e+7
441.04,2.852e+7,,2.852e+7
441.09,4.147e+7,,4.147e+7
441.14,5.924e+7,,5.924e+7
441.19,8.283e+7,,8.283e+7
441.24,1.132e+8,,1.132e+8
441.29,1.512e+8,,1.512e+8
441.34,1.971e+8,,1.971e+8
441.39,2.510e+8,,2.510e+8
441.44,3.120e+8,,3.120e+8
441.49,3.786e+8,,3.786e+8
441.54,4.485e+8,,4.485e+8
441.59,5.187e+8,,5.187e+8
441.64,5.855e+8,,5.855e+8
441.69,6.451e+8,,6.451e+8
441.74,6.939e+8,,6.939e+8
441.79,7.287e+8,,7.287e+8
441.84,7.474e+8,,7.474e+8
441.89,7.490e+8,,7.490e+8
441.94,7.341e+8,,7.341e+8
441.99,7.045e+8,,7.045e+8
442.04,6.633e+8,,6.633e+8
442.09,6.148e+8,,6.148e+8
442.14,5.633e+8,,5.633e+8
442.19,5.134e+8,,5.134e+8
442.24,4.691e+8,,4.691e+8
442.29,4.338e+8,,4.338e+8
442.34,4.092e+8,,4.092e+8
442.39,3.963e+8,,3.963e+8
442.44,3.943e+8,,3.943e+8
442.49,4.014e+8,,4.014e+8
442.54,4.150e+8,,4.150e+8
442.59,4.318e+8,,4.318e+8
442.64,4.482e+8,,4.482e+8
442.69,4.611e+8,,4.611e+8
442.74,4.676e+8,,4.676e+8
442.79,4.658e+8,,4.658e+8
442.84,4.546e+8,,4.546e+8
442.89,4.340e+8,,4.340e+8
442.94,4.049e+8,,4.049e+8
442.99,3.690e+8,,3.690e+8
443.04,3.281e+8,,3.281e+8
443.09,2.848e+8,,2.848e+8
443.14,2.412e+8,,2.412e+8
443.19,1.992e+8,,1.992e+8
443.24,1.606e+8,,1.606e+8
443.29,1.262e+8,,1.262e+8
443.34,9.677e+7,,9.677e+7
443.39,7.238e+7,,7.238e+7
443.44,5.280e+7,,5.280e+7
443.49,3.758e+7,,3.758e+7
443.54,2.610e+7,,2.610e+7
443.59,1.770e+7,,1.770e+7
443.64,1.177e+7,,1.177e+7
443.69,7.732e+6,,7.732e+6
443.74,5.145e+6,,5.145e+6
443.79,3.678e+6,,3.678e+6
443.84,3.129e+6,,3.129e+6
443.89,3.431e+6,,3.431e+6
443.94,4.656e+6,,4.656e+6
443.99,7.024e+6,,7.024e+6
444.04,1.091e+7,,1.091e+7
444.09,1.688e+7,,1.688e+7
444.14,2.564e+7,,2.564e+7
444.19,3.809e+7,,3.809e+7
444.24,5.526e+7,,5.526e+7
444.29,7.823e+7,,7.823e+7
444.34,1.081e+8,,1.081e+8
444.39,1.457e+8,,1.457e+8
444.44,1.917e+8,,1.917e+8
444.49,2.461e+8,,2.461e+8
444.54,3.084e+8,,3.084e+8
444.59,3.771e+8,,3.771e+8
444.64,4.500e+8,,4.500e+8
444.69,5.242e+8,,5.242e+8
444.74,5.960e+8,,5.960e+8
444.79,6.615e+8,,6.615e+8
444.84,7.168e+8,,7.168e+8
444.89,7.585e+8,,7.585e+8
444.94,7.840e+8,,7.840e+8
444.99,7.920e+8,,7.920e+8
445.04,7.824e+8,,7.824e+8
445.09,7.570e+8,,7.570e+8
445.14,7.188e+8,,7.188e+8
445.19,6.721e+8,,6.721e+8
445.24,6.221e+8,,6.221e+8
445.29,5.744e+8,,5.744e+8
445.34,5.348e+8,,5.348e+8
445.39,5.084e+8,,5.084e+8
445.44,4.995e+8,,4.995e+8
445.49,5.113e+8,,5.113e+8
445.54,5.453e+8,,5.453e+8
445.59,6.011e+8,,6.011e+8
445.64,6.766e+8,,6.766e+8
445.69,7.678e+8,,7.678e+8
445.74,8.690e+8,,8.690e+8
445.79,9.732e+8,,9.732e+8
445.84,1.073e+9,,1.073e+9
445.89,1.160e+9,,1.160e+9
445.94,1.228e+9,,1.228e+9
445.99,1.271e+9,,1.271e+9
446.04,1.285e+9,,1.285e+9
446.09,1.269e+9,,1.269e+9
446.14,1.224e+9,,1.224e+9
446.19,1.153e+9,,1.153e+9
446.24,1.064e+9,,1.064e+9
446.29,9.609e+8,,9.609e+8
446.34,8.532e+8,,8.532e+8
446.39,7.479e+8,,7.479e+8
446.44,6.522e+8,,6.522e+8
446.49,5.718e+8,,5.718e+8
446.54,5.111e+8,,5.111e+8
446.59,4.726e+8,,4.726e+8
446.64,4.572e+8,,4.572e+8
446.69,4.640e+8,,4.640e+8
446.74,4.907e+8,,4.907e+8
446.79,5.334e+8,,5.334e+8
446.84,5.875e+8,,5.875e+8
446.89,6.473e+8,,6.473e+8
446.94,7.071e+8,,7.071e+8
446.99,7.614e+8,,7.614e+8
447.04,8.051e+8,,8.051e+8
447.09,8.345e+8,,8.345e+8
447.14,8.468e+8,,8.468e+8
447.19,8.414e+8,,8.414e+8
447.24,8.188e+8,,8.188e+8
447.29,7.814e+8,,7.814e+8
447.34,7.326e+8,,7.326e+8
447.39,6.766e+8,,6.766e+8
447.44,6.180e+8,,6.180e+8
447.49,5.611e+8,,5.611e+8
447.54,5.098e+8,,5.098e+8
447.59,4.671e+8,,4.671e+8
447.64,4.349e+8,,4.349e+8
447.7,4.115e+8,,4.115e+8
447.75,4.048e+8,,4.048e+8
447.8,4.090e+8,,4.090e+8
447.85,4.230e+8,,4.230e+8
447.9,4.453e+8,,4.453e+8
447.95,4.747e+8,2.297e-10,4.747e+8
448,5.096e+8,8.532e-10,5.096e+8
448.05,5.488e+8,3.092e-9,5.488e+8
448.1,5.907e+8,1.094e-8,5.907e+8
448.15,6.338e+8,3.773e-8,6.338e+8
448.2,6.767e+8,1.270e-7,6.767e+8
448.25,7.174e+8,4.172e-7,7.174e+8
448.3,7.540e+8,1.337e-6,7.540e+8
448.35,7.846e+8,4.180e-6,7.846e+8
448.4,8.071e+8,1.275e-5,8.071e+8
448.45,8.198e+8,3.795e-5,8.198e+8
448.5,8.214e+8,1.102e-4,8.214e+8
448.55,8.109e+8,3.123e-4,8.109e+8
448.6,7.882e+8,8.633e-4,7.882e+8
448.65,7.536e+8,2.329e-3,7.536e+8
448.7,7.083e+8,6.128e-3,7.083e+8
448.75,6.540e+8,1.573e-2,6.540e+8
448.8,5.929e+8,3.942e-2,5.929e+8
448.85,5.275e+8,9.635e-2,5.275e+8
448.9,4.603e+8,2.298e-1,4.603e+8
448.95,3.937e+8,5.346e-1,3.937e+8
449,3.299e+8,1.214e+0,3.299e+8
449.05,2.708e+8,2.688e+0,2.708e+8
449.1,2.177e+8,5.810e+0,2.177e+8
449.15,1.712e+8,1.225e+1,1.712e+8
449.2,1.317e+8,2.520e+1,1.317e+8
449.25,9.914e+7,5.059e+1,9.914e+7
449.3,7.295e+7,9.908e+1,7.295e+7
449.35,5.247e+7,1.893e+2,5.247e+7
449.4,3.688e+7,3.530e+2,3.688e+7
449.45,2.533e+7,6.421e+2,2.533e+7
449.5,1.699e+7,1.140e+3,1.699e+7
449.55,1.113e+7,1.973e+3,1.113e+7
449.6,7.126e+6,3.334e+3,7.123e+6
449.65,4.455e+6,5.495e+3,4.450e+6
449.7,2.723e+6,8.838e+3,2.714e+6
449.75,1.629e+6,1.387e+4,1.616e+6
449.8,9.600e+5,2.123e+4,9.388e+5
449.85,5.641e+5,3.172e+4,5.324e+5
449.9,3.409e+5,4.623e+4,2.947e+5
449.95,2.249e+5,6.574e+4,1.592e+5
450,1.751e+5,9.121e+4,8.389e+4
450.05,1.666e+5,1.235e+5,4.314e+4
450.1,1.847e+5,1.631e+5,2.165e+4
450.15,2.208e+5,2.102e+5,1.060e+4
450.2,2.693e+5,2.642e+5,5.063e+3
450.25,3.265e+5,3.241e+5,2.360e+3
450.3,3.890e+5,3.880e+5,1.074e+3
450.35,4.535e+5,4.531e+5,4.788e+2
450.4,5.164e+5,5.162e+5,2.134e+2
450.45,5.740e+5,5.739e+5,1.059e+2
450.5,6.225e+5,6.224e+5,8.221e+1
450.55,6.588e+5,6.587e+5,1.254e+2
450.6,6.804e+5,6.801e+5,2.650e+2
450.65,6.858e+5,6.852e+5,5.932e+2
450.7,6.748e+5,6.735e+5,1.315e+3
450.75,6.487e+5,6.459e+5,2.853e+3
450.8,6.104e+5,6.043e+5,6.043e+3
450.85,5.642e+5,5.517e+5,1.249e+4
450.9,5.166e+5,4.914e+5,2.520e+4
450.95,4.767e+5,4.271e+5,4.960e+4
451,4.574e+5,3.621e+5,9.530e+4
451.05,4.783e+5,2.996e+5,1.787e+5
451.1,5.689e+5,2.418e+5,3.271e+5
451.15,7.747e+5,1.904e+5,5.842e+5
451.2,1.165e+6,1.463e+5,1.019e+6
451.25,1.843e+6,1.097e+5,1.733e+6
451.3,2.960e+6,8.025e+4,2.880e+6
451.35,4.728e+6,5.727e+4,4.671e+6
451.4,7.436e+6,3.988e+4,7.397e+6
451.45,1.146e+7,2.710e+4,1.144e+7
451.5,1.729e+7,1.796e+4,1.727e+7
451.55,2.549e+7,1.162e+4,2.548e+7
451.6,3.673e+7,7.330e+3,3.673e+7
451.65,5.174e+7,4.513e+3,5.174e+7
451.7,7.126e+7,2.711e+3,7.126e+7
451.75,9.601e+7,1.589e+3,9.601e+7
451.8,1.266e+8,9.086e+2,1.266e+8
451.85,1.635e+8,5.069e+2,1.635e+8
451.9,2.068e+8,2.759e+2,2.068e+8
451.95,2.568e+8,1.466e+2,2.568e+8
452,3.129e+8,7.595e+1,3.129e+8
452.05,3.749e+8,3.840e+1,3.749e+8
452.1,4.421e+8,1.894e+1,4.421e+8
452.15,5.137e+8,9.117e+0,5.137e+8
452.2,5.889e+8,4.282e+0,5.889e+8
452.25,6.669e+8,1.962e+0,6.669e+8
452.3,7.466e+8,8.770e-1,7.466e+8
452.35,8.270e+8,3.825e-1,8.270e+8
452.4,9.065e+8,1.628e-1,9.065e+8
452.45,9.835e+8,6.759e-2,9.835e+8
452.5,1.056e+9,2.738e-2,1.056e+9
452.55,1.120e+9,1.082e-2,1.120e+9
452.6,1.174e+9,4.173e-3,1.174e+9
452.65,1.213e+9,1.570e-3,1.213e+9
452.7,1.236e+9,5.765e-4,1.236e+9
452.75,1.240e+9,2.065e-4,1.240e+9
452.8,1.222e+9,7.216e-5,1.222e+9
452.85,1.183e+9,2.461e-5,1.183e+9
452.9,1.125e+9,8.186e-6,1.125e+9
452.95,1.048e+9,2.657e-6,1.048e+9
453,9.581e+8,8.415e-7,9.581e+8
453.05,8.589e+8,2.600e-7,8.589e+8
453.1,7.558e+8,7.839e-8,7.558e+8
453.15,6.540e+8,2.306e-8,6.540e+8
453.2,5.585e+8,6.618e-9,5.585e+8
453.25,4.734e+8,1.853e-9,4.734e+8
453.3,4.020e+8,5.063e-10,4.020e+8
453.35,3.465e+8,1.350e-10,3.465e+8
453.4,3.080e+8,,3.080e+8
453.45,2.865e+8,,2.865e+8
453.5,2.811e+8,,2.811e+8
453.55,2.901e+8,,2.901e+8
453.6,3.108e+8,,3.108e+8
453.65,3.404e+8,,3.404e+8
453.7,3.754e+8,,3.754e+8
453.75,4.123e+8,,4.123e+8
453.8,4.477e+8,,4.477e+8
453.85,4.784e+8,,4.784e+8
453.9,5.018e+8,,5.018e+8
453.95,5.160e+8,,5.160e+8
454,5.200e+8,,5.200e+8
454.05,5.136e+8,,5.136e+8
454.1,4.975e+8,,4.975e+8
454.15,4.732e+8,,4.732e+8
454.2,4.424e+8,,4.424e+8
454.25,4.073e+8,,4.073e+8
454.3,3.703e+8,,3.703e+8
454.35,3.333e+8,,3.333e+8
454.4,2.980e+8,,2.980e+8
454.45,2.659e+8,,2.659e+8
454.5,2.378e+8,,2.378e+8
454.55,2.144e+8,,2.144e+8
454.6,1.958e+8,,1.958e+8
454.65,1.818e+8,,1.818e+8
454.7,1.723e+8,,1.723e+8
454.75,1.666e+8,,1.666e+8
454.8,1.642e+8,,1.642e+8
454.85,1.643e+8,,1.643e+8
454.9,1.660e+8,,1.660e+8
454.95,1.688e+8,,1.688e+8
455,1.718e+8,,1.718e+8
455.05,1.746e+8,,1.746e+8
455.1,1.771e+8,,1.771e+8
455.15,1.795e+8,,1.795e+8
455.2,1.826e+8,,1.826e+8
455.25,1.875e+8,,1.875e+8
455.3,1.959e+8,,1.959e+8
455.35,2.099e+8,,2.099e+8
455.4,2.320e+8,,2.320e+8
455.45,2.645e+8,,2.645e+8
455.5,3.097e+8,,3.097e+8
455.55,3.696e+8,,3.696e+8
455.6,4.451e+8,,4.451e+8
455.65,5.364e+8,,5.364e+8
455.7,6.423e+8,,6.423e+8
455.75,7.602e+8,,7.602e+8
455.8,8.863e+8,,8.863e+8
455.85,1.015e+9,,1.015e+9
455.9,1.141e+9,,1.141e+9
455.95,1.257e+9,,1.257e+9
456,1.356e+9,,1.356e+9
456.05,1.433e+9,,1.433e+9
456.1,1.482e+9,,1.482e+9
456.15,1.501e+9,,1.501e+9
456.2,1.487e+9,,1.487e+9
456.25,1.443e+9,,1.443e+9
456.3,1.372e+9,,1.372e+9
456.35,1.278e+9,,1.278e+9
456.4,1.169e+9,,1.169e+9
456.45,1.052e+9,,1.052e+9
456.5,9.337e+8,,9.337e+8
456.55,8.217e+8,,8.217e+8
456.6,7.220e+8,,7.220e+8
456.65,6.395e+8,,6.395e+8
456.7,5.771e+8,,5.771e+8
456.75,5.363e+8,,5.363e+8
456.8,5.167e+8,,5.167e+8
456.85,5.163e+8,,5.163e+8
456.9,5.318e+8,,5.318e+8
456.95,5.588e+8,,5.588e+8
457,5.922e+8,,5.922e+8
457.05,6.270e+8,,6.270e+8
457.1,6.579e+8,,6.579e+8
457.15,6.808e+8,,6.808e+8
457.2,6.923e+8,,6.923e+8
457.25,6.902e+8,,6.902e+8
457.3,6.738e+8,,6.738e+8
457.35,6.438e+8,,6.438e+8
457.4,6.021e+8,,6.021e+8
457.45,5.513e+8,,5.513e+8
457.5,4.948e+8,,4.948e+8
457.55,4.363e+8,,4.363e+8
457.6,3.792e+8,,3.792e+8
457.65,3.265e+8,,3.265e+8
457.7,2.805e+8,,2.805e+8
457.75,2.426e+8,,2.426e+8
457.8,2.136e+8,,2.136e+8
457.85,1.934e+8,,1.934e+8
457.9,1.812e+8,,1.812e+8
457.95,1.757e+8,,1.757e+8
458,1.753e+8,,1.753e+8
458.05,1.781e+8,,1.781e+8
458.1,1.824e+8,,1.824e+8
458.15,1.867e+8,,1.867e+8
458.2,1.897e+8,,1.897e+8
458.25,1.905e+8,,1.905e+8
458.3,1.887e+8,,1.887e+8
458.35,1.844e+8,,1.844e+8
458.4,1.783e+8,,1.783e+8
458.45,1.712e+8,,1.712e+8
458.5,1.643e+8,,1.643e+8
458.55,1.590e+8,,1.590e+8
458.6,1.568e+8,,1.568e+8
458.65,1.590e+8,,1.590e+8
458.7,1.667e+8,,1.667e+8
458.75,1.808e+8,,1.808e+8
458.8,2.017e+8,,2.017e+8
458.85,2.294e+8,,2.294e+8
458.9,2.633e+8,,2.633e+8
458.95,3.024e+8,,3.024e+8
459,3.452e+8,,3.452e+8
459.05,3.897e+8,,3.897e+8
459.1,4.334e+8,,4.334e+8
459.15,4.739e+8,,4.739e+8
459.2,5.087e+8,,5.087e+8
459.25,5.355e+8,,5.355e+8
459.3,5.523e+8,,5.523e+8
459.35,5.580e+8,,5.580e+8
459.4,5.518e+8,,5.518e+8
459.45,5.342e+8,,5.342e+8
459.5,5.061e+8,,5.061e+8
459.55,4.693e+8,,4.693e+8
459.6,4.259e+8,,4.259e+8
459.65,3.785e+8,,3.785e+8
459.7,3.298e+8,,3.298e+8
459.75,2.823e+8,,2.823e+8
459.8,2.383e+8,,2.383e+8
459.85,1.995e+8,,1.995e+8
459.9,1.674e+8,,1.674e+8
459.95,1.429e+8,,1.429e+8
460,1.264e+8,,1.264e+8
460.05,1.179e+8,,1.179e+8
460.1,1.173e+8,,1.173e+8
460.15,1.237e+8,,1.237e+8
460.2,1.363e+8,,1.363e+8
460.25,1.538e+8,,1.538e+8
460.3,1.749e+8,,1.749e+8
460.35,1.979e+8,,1.979e+8
460.4,2.211e+8,,2.211e+8
460.45,2.428e+8,3.798e-10,2.428e+8
460.5,2.612e+8,1.371e-9,2.612e+8
460.55,2.751e+8,4.837e-9,2.751e+8
460.6,2.833e+8,1.667e-8,2.833e+8
460.65,2.851e+8,5.613e-8,2.851e+8
460.7,2.803e+8,1.846e-7,2.803e+8
460.75,2.692e+8,5.933e-7,2.692e+8
460.8,2.526e+8,1.863e-6,2.526e+8
460.85,2.315e+8,5.713e-6,2.315e+8
460.9,2.072e+8,1.712e-5,2.072e+8
460.95,1.812e+8,5.012e-5,1.812e+8
461,1.547e+8,1.433e-4,1.547e+8
461.05,1.290e+8,4.005e-4,1.290e+8
461.1,1.051e+8,1.093e-3,1.051e+8
461.15,8.365e+7,2.916e-3,8.365e+7
461.2,6.501e+7,7.599e-3,6.501e+7
461.25,4.935e+7,1.934e-2,4.935e+7
461.3,3.659e+7,4.811e-2,3.659e+7
461.35,2.651e+7,1.169e-1,2.651e+7
461.4,1.879e+7,2.774e-1,1.879e+7
461.45,1.304e+7,6.434e-1,1.304e+7
461.5,8.924e+6,1.458e+0,8.924e+6
461.55,6.107e+6,3.227e+0,6.107e+6
461.6,4.336e+6,6.978e+0,4.336e+6
461.65,3.434e+6,1.474e+1,3.434e+6
461.7,3.318e+6,3.043e+1,3.317e+6
461.75,4.006e+6,6.136e+1,4.005e+6
461.8,5.630e+6,1.209e+2,5.630e+6
461.85,8.448e+6,2.326e+2,8.447e+6
461.9,1.285e+7,4.375e+2,1.285e+7
461.95,1.935e+7,8.036e+2,1.935e+7
462,2.863e+7,1.442e+3,2.863e+7
462.05,4.145e+7,2.529e+3,4.145e+7
462.1,5.868e+7,4.332e+3,5.867e+7
462.15,8.116e+7,7.250e+3,8.115e+7
462.2,1.097e+8,1.185e+4,1.097e+8
462.25,1.448e+8,1.893e+4,1.448e+8
462.3,1.867e+8,2.955e+4,1.867e+8
462.35,2.353e+8,4.505e+4,2.352e+8
462.4,2.896e+8,6.710e+4,2.896e+8
462.45,3.483e+8,9.765e+4,3.482e+8
462.5,4.092e+8,1.388e+5,4.091e+8
462.55,4.697e+8,1.928e+5,4.695e+8
462.6,5.266e+8,2.616e+5,5.264e+8
462.65,5.769e+8,3.469e+5,5.765e+8
462.7,6.173e+8,4.492e+5,6.169e+8
462.75,6.454e+8,5.684e+5,6.449e+8
462.8,6.593e+8,7.027e+5,6.586e+8
462.85,6.579e+8,8.487e+5,6.570e+8
462.9,6.414e+8,1.001e+6,6.404e+8
462.95,6.109e+8,1.154e+6,6.097e+8
463,5.685e+8,1.300e+6,5.672e+8
463.05,5.168e+8,1.430e+6,5.154e+8
463.1,4.591e+8,1.537e+6,4.576e+8
463.15,3.984e+8,1.615e+6,3.968e+8
463.2,3.379e+8,1.656e+6,3.362e+8
463.25,2.800e+8,1.660e+6,2.783e+8
463.3,2.267e+8,1.626e+6,2.250e+8
463.35,1.793e+8,1.555e+6,1.778e+8
463.4,1.387e+8,1.454e+6,1.372e+8
463.45,1.048e+8,1.328e+6,1.034e+8
463.5,7.737e+7,1.184e+6,7.619e+7
463.55,5.585e+7,1.032e+6,5.482e+7
463.6,3.941e+7,8.789e+5,3.854e+7
463.65,2.719e+7,7.312e+5,2.646e+7
463.7,1.835e+7,5.943e+5,1.775e+7
463.75,1.211e+7,4.720e+5,1.164e+7
463.8,7.817e+6,3.663e+5,7.450e+6
463.85,4.939e+6,2.780e+5,4.661e+6
463.9,3.055e+6,2.065e+5,2.849e+6
463.95,1.853e+6,1.505e+5,1.702e+6
464,1.104e+6,1.081e+5,9.958e+5
464.05,6.506e+5,7.756e+4,5.731e+5
464.1,3.866e+5,5.687e+4,3.298e+5
464.15,2.435e+5,4.447e+4,1.990e+5
464.2,1.800e+5,3.911e+4,1.408e+5
464.25,1.743e+5,3.996e+4,1.344e+5
464.3,2.191e+5,4.653e+4,1.726e+5
464.35,3.181e+5,5.866e+4,2.595e+5
464.4,4.852e+5,7.640e+4,4.088e+5
464.45,7.435e+5,9.985e+4,6.437e+5
464.5,1.126e+6,1.291e+5,9.973e+5
464.55,1.677e+6,1.639e+5,1.513e+6
464.6,2.449e+6,2.038e+5,2.245e+6
464.65,3.503e+6,2.478e+5,3.255e+6
464.7,4.907e+6,2.946e+5,4.612e+6
464.75,6.729e+6,3.424e+5,6.386e+6
464.8,9.030e+6,3.888e+5,8.641e+6
464.85,1.186e+7,4.314e+5,1.142e+7
464.9,1.523e+7,4.677e+5,1.476e+7
464.95,1.913e+7,4.956e+5,1.864e+7
465,2.351e+7,5.130e+5,2.299e+7
465.05,2.824e+7,5.190e+5,2.772e+7
465.1,3.317e+7,5.130e+5,3.266e+7
465.15,3.809e+7,4.956e+5,3.759e+7
465.2,4.276e+7,4.677e+5,4.229e+7
465.25,4.692e+7,4.314e+5,4.649e+7
465.3,5.032e+7,3.887e+5,4.993e+7
465.35,5.276e+7,3.423e+5,5.241e+7
465.4,5.406e+7,2.946e+5,5.376e+7
465.45,5.413e+7,2.477e+5,5.389e+7
465.5,5.298e+7,2.035e+5,5.278e+7
465.55,5.068e+7,1.634e+5,5.051e+7
465.6,4.737e+7,1.282e+5,4.724e+7
465.65,4.327e+7,9.823e+4,4.318e+7
465.7,3.863e+7,7.358e+4,3.856e+7
465.75,3.370e+7,5.385e+4,3.365e+7
465.8,2.873e+7,3.851e+4,2.870e+7
465.85,2.394e+7,2.692e+4,2.391e+7
465.9,1.949e+7,1.838e+4,1.947e+7
465.95,1.551e+7,1.226e+4,1.549e+7
466,1.206e+7,7.996e+3,1.205e+7
466.05,9.159e+6,5.094e+3,9.154e+6
466.1,6.800e+6,3.171e+3,6.797e+6
466.15,4.933e+6,1.929e+3,4.931e+6
466.2,3.497e+6,1.147e+3,3.496e+6
466.25,2.423e+6,6.661e+2,2.422e+6
466.3,1.640e+6,3.780e+2,1.640e+6
466.35,1.085e+6,2.097e+2,1.085e+6
466.4,7.021e+5,1.136e+2,7.020e+5
466.45,4.445e+5,6.016e+1,4.444e+5
466.5,2.763e+5,3.113e+1,2.763e+5
466.55,1.704e+5,1.574e+1,1.704e+5
466.6,1.078e+5,7.776e+0,1.077e+5
466.65,7.580e+4,3.754e+0,7.579e+4
466.7,6.793e+4,1.771e+0,6.793e+4
466.75,8.283e+4,8.162e-1,8.283e+4
466.8,1.245e+5,3.676e-1,1.245e+5
466.85,2.029e+5,1.618e-1,2.029e+5
466.9,3.354e+5,6.958e-2,3.354e+5
466.95,5.483e+5,2.924e-2,5.483e+5
467,8.795e+5,1.201e-2,8.795e+5
467.05,1.381e+6,4.817e-3,1.381e+6
467.1,2.121e+6,1.889e-3,2.121e+6
467.15,3.187e+6,7.236e-4,3.187e+6
467.2,4.684e+6,2.709e-4,4.684e+6
467.25,6.733e+6,9.908e-5,6.733e+6
467.3,9.470e+6,3.542e-5,9.470e+6
467.35,1.304e+7,1.237e-5,1.304e+7
467.4,1.757e+7,4.222e-6,1.757e+7
467.45,2.318e+7,1.408e-6,2.318e+7
467.5,2.995e+7,4.588e-7,2.995e+7
467.55,3.793e+7,1.461e-7,3.793e+7
467.6,4.710e+7,4.545e-8,4.710e+7
467.65,5.737e+7,1.382e-8,5.737e+7
467.7,6.860e+7,4.105e-9,6.860e+7
467.75,8.058e+7,1.192e-9,8.058e+7
467.8,9.305e+7,3.380e-10,9.305e+7
467.85,1.057e+8,9.370e-11,1.057e+8
467.9,1.183e+8,,1.183e+8
467.95,1.304e+8,,1.304e+8
468,1.417e+8,,1.417e+8
468.05,1.521e+8,,1.521e+8
468.1,1.611e+8,,1.611e+8
468.15,1.686e+8,,1.686e+8
468.2,1.743e+8,,1.743e+8
468.25,1.779e+8,,1.779e+8
468.3,1.793e+8,,1.793e+8
468.35,1.783e+8,,1.783e+8
468.4,1.749e+8,,1.749e+8
468.45,1.691e+8,,1.691e+8
468.5,1.609e+8,,1.609e+8
468.55,1.507e+8,,1.507e+8
468.6,1.388e+8,,1.388e+8
468.65,1.255e+8,,1.255e+8
468.7,1.114e+8,,1.114e+8
468.75,9.699e+7,,9.699e+7
468.8,8.281e+7,,8.281e+7
468.85,6.929e+7,,6.929e+7
468.9,5.678e+7,,5.678e+7
468.95,4.557e+7,,4.557e+7
469,3.580e+7,,3.580e+7
469.05,2.752e+7,,2.752e+7
469.1,2.070e+7,,2.070e+7
469.15,1.524e+7,,1.524e+7
469.2,1.097e+7,,1.097e+7
469.25,7.720e+6,,7.720e+6
469.3,5.315e+6,,5.315e+6
469.35,3.578e+6,,3.578e+6
469.4,2.355e+6,,2.355e+6
469.45,1.515e+6,,1.515e+6
469.5,9.534e+5,,9.534e+5
469.55,5.864e+5,,5.864e+5
469.6,3.527e+5,,3.527e+5
469.65,2.074e+5,,2.074e+5
469.7,1.194e+5,,1.194e+5
469.75,6.759e+4,,6.759e+4
469.8,3.816e+4,,3.816e+4
469.85,2.263e+4,,2.263e+4
469.9,1.615e+4,,1.615e+4
469.95,1.665e+4,,1.665e+4
470,2.432e+4,,2.432e+4
470.05,4.177e+4,,4.177e+4
470.1,7.454e+4,,7.454e+4
470.15,1.323e+5,,1.323e+5
470.2,2.308e+5,,2.308e+5
470.25,3.941e+5,,3.941e+5
470.3,6.584e+5,,6.584e+5
470.35,1.076e+6,,1.076e+6
470.4,1.719e+6,,1.719e+6
470.45,2.686e+6,,2.686e+6
470.5,4.105e+6,,4.105e+6
470.55,6.135e+6,,6.135e+6
470.6,8.967e+6,,8.967e+6
470.65,1.282e+7,,1.282e+7
470.7,1.792e+7,,1.792e+7
470.75,2.450e+7,,2.450e+7
470.8,3.276e+7,,3.276e+7
470.85,4.284e+7,,4.284e+7
470.9,5.479e+7,,5.479e+7
470.95,6.853e+7,,6.853e+7
471,8.383e+7,,8.383e+7
471.05,1.003e+8,,1.003e+8
471.1,1.173e+8,,1.173e+8
471.15,1.343e+8,,1.343e+8
471.2,1.503e+8,,1.503e+8
471.25,1.645e+8,,1.645e+8
471.3,1.761e+8,,1.761e+8
471.35,1.844e+8,,1.844e+8
471.4,1.889e+8,,1.889e+8
471.45,1.892e+8,,1.892e+8
471.5,1.853e+8,,1.853e+8
471.55,1.776e+8,,1.776e+8
471.6,1.664e+8,,1.664e+8
471.65,1.525e+8,,1.525e+8
471.7,1.367e+8,,1.367e+8
471.75,1.198e+8,,1.198e+8
471.8,1.028e+8,,1.028e+8
471.85,8.619e+7,,8.619e+7
471.9,7.070e+7,,7.070e+7
471.95,5.672e+7,,5.672e+7
472,4.451e+7,,4.451e+7
472.05,3.416e+7,,3.416e+7
472.1,2.565e+7,,2.565e+7
472.15,1.883e+7,,1.883e+7
472.2,1.353e+7,,1.353e+7
472.25,9.509e+6,,9.509e+6
472.3,6.547e+6,,6.547e+6
472.35,4.426e+6,,4.426e+6
472.4,2.958e+6,,2.958e+6
472.45,1.991e+6,,1.991e+6
472.5,1.407e+6,,1.407e+6
472.55,1.132e+6,,1.132e+6
472.6,1.127e+6,,1.127e+6
472.65,1.393e+6,,1.393e+6
472.7,1.970e+6,,1.970e+6
472.75,2.936e+6,,2.936e+6
472.8,4.413e+6,,4.413e+6
472.85,6.562e+6,,6.562e+6
472.9,9.583e+6,,9.583e+6
472.95,1.371e+7,,1.371e+7
473,1.918e+7,,1.918e+7
473.05,2.626e+7,,2.626e+7
473.1,3.516e+7,,3.516e+7
473.15,4.603e+7,,4.603e+7
473.2,5.895e+7,,5.895e+7
473.25,7.383e+7,,7.383e+7
473.3,9.042e+7,,9.042e+7
473.35,1.083e+8,,1.083e+8
473.4,1.269e+8,,1.269e+8
473.45,1.453e+8,,1.453e+8
473.5,1.628e+8,,1.628e+8
473.55,1.784e+8,,1.784e+8
473.6,1.912e+8,,1.912e+8
473.65,2.003e+8,,2.003e+8
473.7,2.053e+8,,2.053e+8
473.75,2.057e+8,,2.057e+8
473.8,2.017e+8,,2.017e+8
473.85,1.933e+8,,1.933e+8
473.9,1.812e+8,,1.812e+8
473.95,1.661e+8,,1.661e+8
474,1.489e+8,,1.489e+8
474.05,1.306e+8,,1.306e+8
474.1,1.120e+8,,1.120e+8
474.15,9.391e+7,,9.391e+7
474.2,7.702e+7,,7.702e+7
474.25,6.178e+7,,6.178e+7
474.3,4.846e+7,,4.846e+7
474.35,3.718e+7,,3.718e+7
474.4,2.790e+7,,2.790e+7
474.45,2.048e+7,,2.048e+7
474.5,1.472e+7,,1.472e+7
474.55,1.037e+7,,1.037e+7
474.6,7.192e+6,,7.192e+6
474.65,4.950e+6,,4.950e+6
474.7,3.449e+6,,3.449e+6
474.75,2.533e+6,,2.533e+6
474.8,2.088e+6,,2.088e+6
474.85,2.041e+6,,2.041e+6
474.9,2.359e+6,,2.359e+6
474.95,3.038e+6,,3.038e+6
475,4.104e+6,,4.104e+6
475.05,5.598e+6,,5.598e+6
475.1,7.572e+6,,7.572e+6
475.15,1.007e+7,,1.007e+7
475.2,1.314e+7,,1.314e+7
475.25,1.678e+7,,1.678e+7
475.3,2.097e+7,,2.097e+7
475.35,2.564e+7,,2.564e+7
475.4,3.066e+7,,3.066e+7
475.45,3.587e+7,,3.587e+7
475.5,4.105e+7,,4.105e+7
475.55,4.595e+7,,4.595e+7
475.6,5.032e+7,,5.032e+7
475.65,5.391e+7,,5.391e+7
475.7,5.652e+7,,5.652e+7
475.75,5.798e+7,,5.798e+7
475.8,5.823e+7,,5.823e+7
475.85,5.727e+7,,5.727e+7
475.9,5.522e+7,,5.522e+7
475.95,5.225e+7,,5.225e+7
476,4.861e+7,,4.861e+7
476.05,4.462e+7,,4.462e+7
476.1,4.059e+7,,4.059e+7
476.15,3.686e+7,,3.686e+7
476.2,3.371e+7,,3.371e+7
476.25,3.141e+7,,3.141e+7
476.3,3.016e+7,,3.016e+7
476.35,3.011e+7,,3.011e+7
476.4,3.131e+7,,3.131e+7
476.45,3.378e+7,,3.378e+7
476.5,3.748e+7,,3.748e+7
476.55,4.232e+7,,4.232e+7
476.6,4.817e+7,,4.817e+7
476.65,5.489e+7,,5.489e+7
476.7,6.235e+7,,6.235e+7
476.75,7.037e+7,,7.037e+7
476.8,7.883e+7,,7.883e+7
476.85,8.758e+7,,8.758e+7
476.9,9.646e+7,,9.646e+7
476.95,1.053e+8,,1.053e+8
477,1.140e+8,,1.140e+8
477.05,1.222e+8,,1.222e+8
477.1,1.296e+8,,1.296e+8
477.15,1.361e+8,,1.361e+8
477.2,1.412e+8,,1.412e+8
477.25,1.446e+8,,1.446e+8
477.3,1.460e+8,,1.460e+8
477.35,1.453e+8,,1.453e+8
477.4,1.422e+8,,1.422e+8
477.45,1.369e+8,,1.369e+8
477.5,1.295e+8,,1.295e+8
477.55,1.202e+8,,1.202e+8
477.6,1.095e+8,,1.095e+8
477.65,9.779e+7,,9.779e+7
477.7,8.561e+7,,8.561e+7
477.75,7.344e+7,,7.344e+7
477.8,6.170e+7,,6.170e+7
477.85,5.077e+7,,5.077e+7
477.9,4.090e+7,,4.090e+7
477.95,3.226e+7,,3.226e+7
478,2.490e+7,,2.490e+7
478.05,1.882e+7,,1.882e+7
478.1,1.391e+7,,1.391e+7
478.15,1.007e+7,,1.007e+7
478.2,7.127e+6,,7.127e+6
478.25,4.937e+6,,4.937e+6
478.3,3.347e+6,,3.347e+6
478.35,2.219e+6,,2.219e+6
478.4,1.440e+6,,1.440e+6
478.45,9.142e+5,,9.142e+5
478.5,5.678e+5,,5.678e+5
478.56,3.115e+5,,3.115e+5
478.61,1.843e+5,,1.843e+5
478.66,1.067e+5,,1.067e+5
478.71,6.047e+4,,6.047e+4
478.76,3.351e+4,,3.351e+4
478.81,1.817e+4,,1.817e+4
478.86,9.637e+3,,9.637e+3
478.91,5.001e+3,,5.001e+3
478.96,2.539e+3,,2.539e+3
479.01,1.261e+3,,1.261e+3
479.06,6.126e+2,,6.126e+2
479.11,2.912e+2,,2.912e+2
479.16,1.354e+2,,1.354e+2
479.21,6.160e+1,,6.160e+1
479.26,2.742e+1,,2.742e+1
479.31,1.194e+1,,1.194e+1
479.36,5.085e+0,4.162e-10,5.085e+0
479.41,2.119e+0,1.427e-9,2.119e+0
479.46,8.638e-1,4.787e-9,8.638e-1
479.51,3.445e-1,1.572e-8,3.445e-1
479.56,1.344e-1,5.051e-8,1.344e-1
479.61,5.130e-2,1.589e-7,5.130e-2
479.66,1.916e-2,4.890e-7,1.916e-2
479.71,7.000e-3,1.473e-6,6.998e-3
479.76,2.505e-3,4.345e-6,2.501e-3
479.81,8.870e-4,1.254e-5,8.745e-4
479.86,3.345e-4,3.542e-5,2.991e-4
479.91,1.980e-4,9.792e-5,1.001e-4
479.96,2.977e-4,2.649e-4,3.276e-5
480.01,7.121e-4,7.016e-4,1.049e-5
480.06,1.822e-3,1.819e-3,3.288e-6
480.11,4.614e-3,4.613e-3,1.008e-6
480.16,1.145e-2,1.145e-2,3.022e-7
480.21,2.783e-2,2.783e-2,8.864e-8
480.26,6.620e-2,6.620e-2,2.544e-8
480.31,1.541e-1,1.541e-1,
480.36,3.511e-1,3.511e-1,
480.41,7.828e-1,7.828e-1,
480.46,1.708e+0,1.708e+0,
480.51,3.649e+0,3.649e+0,
480.56,7.629e+0,7.629e+0,
480.61,1.561e+1,1.561e+1,
480.66,3.126e+1,3.126e+1,
480.71,6.126e+1,6.126e+1,
480.76,1.175e+2,1.175e+2,
480.81,2.206e+2,2.206e+2,
480.86,4.054e+2,4.054e+2,
480.91,7.291e+2,7.291e+2,
480.96,1.283e+3,1.283e+3,
481.01,2.211e+3,2.211e+3,
481.06,3.728e+3,3.728e+3,
481.11,6.152e+3,6.152e+3,
481.16,9.936e+3,9.936e+3,
481.21,1.571e+4,1.571e+4,
481.26,2.430e+4,2.430e+4,
481.31,3.680e+4,3.680e+4,
481.36,5.454e+4,5.454e+4,
481.41,7.911e+4,7.911e+4,
481.46,1.123e+5,1.123e+5,
481.51,1.561e+5,1.561e+5,
481.56,2.122e+5,2.122e+5,
481.61,2.825e+5,2.825e+5,
481.66,3.680e+5,3.680e+5,
481.71,4.692e+5,4.692e+5,
481.76,5.855e+5,5.855e+5,
481.81,7.150e+5,7.150e+5,
481.86,8.547e+5,8.547e+5,
481.91,1.000e+6,1.000e+6,
481.96,1.145e+6,1.145e+6,
482.01,1.283e+6,1.283e+6,
482.06,1.407e+6,1.407e+6,
482.11,1.511e+6,1.511e+6,
482.16,1.588e+6,1.588e+6,
482.21,1.633e+6,1.633e+6,
482.26,1.643e+6,1.643e+6,
482.31,1.619e+6,1.619e+6,
482.36,1.560e+6,1.560e+6,
482.41,1.472e+6,1.472e+6,
482.46,1.360e+6,1.360e+6,
482.51,1.229e+6,1.229e+6,
482.56,1.087e+6,1.087e+6,
482.61,9.415e+5,9.415e+5,
482.66,7.979e+5,7.979e+5,
482.71,6.618e+5,6.618e+5,
482.76,5.372e+5,5.372e+5,
482.81,4.268e+5,4.268e+5,
482.86,3.319e+5,3.319e+5,
482.91,2.526e+5,2.526e+5,
482.96,1.881e+5,1.881e+5,
483.01,1.372e+5,1.372e+5,
483.06,9.787e+4,9.787e+4,
483.11,6.835e+4,6.835e+4,
483.16,4.672e+4,4.672e+4,
483.21,3.125e+4,3.125e+4,
483.26,2.046e+4,2.046e+4,
483.31,1.311e+4,1.311e+4,
483.36,8.223e+3,8.223e+3,
483.41,5.048e+3,5.048e+3,
483.46,3.033e+3,3.033e+3,
483.51,1.783e+3,1.783e+3,
483.56,1.026e+3,1.026e+3,
483.61,5.780e+2,5.780e+2,
483.66,3.187e+2,3.187e+2,
483.71,1.719e+2,1.719e+2,
483.76,9.079e+1,9.079e+1,
483.81,4.693e+1,4.693e+1,
483.86,2.374e+1,2.374e+1,
483.91,1.175e+1,1.175e+1,
483.96,5.695e+0,5.695e+0,
484.01,2.701e+0,2.701e+0,
484.06,1.254e+0,1.254e+0,
484.11,5.695e-1,5.695e-1,
484.16,2.532e-1,2.532e-1,
484.21,1.102e-1,1.102e-1,
484.26,4.693e-2,4.693e-2,
484.31,1.956e-2,1.956e-2,
484.36,7.982e-3,7.982e-3,
484.41,3.187e-3,3.187e-3,
484.46,1.246e-3,1.246e-3,
484.51,4.765e-4,4.765e-4,
484.56,1.784e-4,1.784e-4,
484.61,6.536e-5,6.536e-5,
484.66,2.344e-5,2.344e-5,
484.71,8.227e-6,8.227e-6,
484.76,2.826e-6,2.826e-6,
484.81,9.502e-7,9.502e-7,
484.86,3.127e-7,3.127e-7,
484.91,1.007e-7,1.007e-7,
484.96,3.174e-8,3.174e-8,
485.01,9.794e-9,9.794e-9,
485.06,2.957e-9,2.957e-9,
485.11,8.739e-10,8.739e-10,
485.16,2.528e-10,2.528e-10,
485.31,4.484e-8,,4.484e-8
485.36,1.523e-7,,1.523e-7
485.41,5.066e-7,,5.066e-7
485.46,1.650e-6,,1.650e-6
485.51,5.263e-6,,5.263e-6
485.56,1.644e-5,,1.644e-5
485.61,5.028e-5,,5.028e-5
485.66,1.506e-4,,1.506e-4
485.71,4.417e-4,,4.417e-4
485.76,1.268e-3,,1.268e-3
485.81,3.568e-3,,3.568e-3
485.86,9.825e-3,,9.825e-3
485.91,2.650e-2,,2.650e-2
485.96,6.998e-2,,6.998e-2
486.01,1.810e-1,,1.810e-1
486.06,4.583e-1,,4.583e-1
486.11,1.136e+0,,1.136e+0
486.16,2.760e+0,,2.760e+0
486.21,6.563e+0,,6.563e+0
486.26,1.528e+1,,1.528e+1
486.31,3.485e+1,,3.485e+1
486.36,7.781e+1,,7.781e+1
486.41,1.701e+2,,1.701e+2
486.46,3.643e+2,,3.643e+2
486.51,7.639e+2,,7.639e+2
486.56,1.568e+3,,1.568e+3
486.61,3.154e+3,,3.154e+3
486.66,6.209e+3,,6.209e+3
486.71,1.197e+4,,1.197e+4
486.76,2.260e+4,,2.260e+4
486.81,4.179e+4,,4.179e+4
486.86,7.565e+4,,7.565e+4
486.91,1.341e+5,,1.341e+5
486.96,2.329e+5,,2.329e+5
487.01,3.959e+5,,3.959e+5
487.06,6.590e+5,,6.590e+5
487.11,1.074e+6,,1.074e+6
487.16,1.715e+6,,1.715e+6
487.21,2.681e+6,,2.681e+6
487.26,4.104e+6,,4.104e+6
487.31,6.152e+6,,6.152e+6
487.36,9.030e+6,,9.030e+6
487.41,1.298e+7,,1.298e+7
487.46,1.827e+7,,1.827e+7
487.51,2.519e+7,,2.519e+7
487.56,3.399e+7,,3.399e+7
487.61,4.493e+7,,4.493e+7
487.66,5.816e+7,,5.816e+7
487.71,7.371e+7,,7.371e+7
487.76,9.149e+7,,9.149e+7
487.81,1.112e+8,,1.112e+8
487.86,1.323e+8,,1.323e+8
487.91,1.542e+8,,1.542e+8
487.96,1.760e+8,,1.760e+8
488.01,1.967e+8,,1.967e+8
488.06,2.153e+8,,2.153e+8
488.11,2.307e+8,,2.307e+8
488.16,2.421e+8,,2.421e+8
488.21,2.488e+8,,2.488e+8
488.26,2.504e+8,,2.504e+8
488.31,2.467e+8,,2.467e+8
488.36,2.381e+8,,2.381e+8
488.41,2.250e+8,,2.250e+8
488.46,2.082e+8,,2.082e+8
488.51,1.886e+8,,1.886e+8
488.56,1.674e+8,,1.674e+8
488.61,1.454e+8,,1.454e+8
488.66,1.237e+8,,1.237e+8
488.71,1.031e+8,,1.031e+8
488.76,8.412e+7,,8.412e+7
488.81,6.721e+7,,6.721e+7
488.86,5.259e+7,,5.259e+7
488.91,4.029e+7,,4.029e+7
488.96,3.023e+7,,3.023e+7
489.01,2.221e+7,,2.221e+7
489.06,1.598e+7,,1.598e+7
489.11,1.126e+7,,1.126e+7
489.16,7.765e+6,,7.765e+6
489.21,5.245e+6,,5.245e+6
489.26,3.470e+6,,3.470e+6
489.31,2.248e+6,,2.248e+6
489.36,1.426e+6,,1.426e+6
489.41,8.858e+5,,8.858e+5
489.46,5.388e+5,,5.388e+5
489.51,3.210e+5,,3.210e+5
489.56,1.872e+5,,1.872e+5
489.61,1.069e+5,,1.069e+5
489.66,5.981e+4,,5.981e+4
489.71,3.276e+4,,3.276e+4
489.76,1.757e+4,,1.757e+4
489.81,9.230e+3,,9.230e+3
489.86,4.747e+3,,4.747e+3
489.91,2.391e+3,,2.391e+3
489.96,1.179e+3,,1.179e+3
490.01,5.695e+2,,5.695e+2
490.06,2.693e+2,,2.693e+2
490.11,1.247e+2,,1.247e+2
490.16,5.657e+1,,5.657e+1
490.21,2.512e+1,,2.512e+1
490.26,1.093e+1,,1.093e+1
490.31,4.652e+0,,4.652e+0
490.36,1.940e+0,,1.940e+0
490.41,7.923e-1,,7.923e-1
490.46,3.168e-1,,3.168e-1
490.51,1.241e-1,,1.241e-1
490.56,4.757e-2,,4.757e-2
490.61,1.786e-2,,1.786e-2
490.66,6.568e-3,,6.568e-3
490.71,2.365e-3,,2.365e-3
490.76,8.339e-4,,8.339e-4
490.81,2.879e-4,,2.879e-4
490.86,9.735e-5,,9.735e-5
490.91,3.223e-5,,3.223e-5
490.96,1.045e-5,,1.045e-5
491.01,3.318e-6,,3.318e-6
491.06,1.032e-6,,1.032e-6
491.11,3.140e-7,,3.140e-7
491.16,9.362e-8,,9.362e-8
497.91,8.846e-10,8.846e-10,
497.96,2.895e-9,2.895e-9,
498.01,9.289e-9,9.289e-9,
498.06,2.921e-8,2.921e-8,
498.11,9.006e-8,9.006e-8,
498.16,2.861e-7,2.722e-7,1.394e-8
498.21,8.523e-7,8.064e-7,4.593e-8
498.26,2.490e-6,2.342e-6,1.484e-7
498.31,7.136e-6,6.666e-6,4.697e-7
498.36,2.006e-5,1.860e-5,1.458e-6
498.41,5.533e-5,5.089e-5,4.436e-6
498.46,1.497e-4,1.365e-4,1.323e-5
498.51,3.974e-4,3.587e-4,3.869e-5
498.56,1.035e-3,9.244e-4,1.109e-4
498.61,2.647e-3,2.335e-3,3.116e-4
498.66,6.640e-3,5.782e-3,8.584e-4
498.71,1.635e-2,1.403e-2,2.318e-3
498.76,3.953e-2,3.339e-2,6.135e-3
498.81,9.380e-2,7.788e-2,1.592e-2
498.86,2.186e-1,1.781e-1,4.049e-2
498.91,5.001e-1,3.991e-1,1.010e-1
498.96,1.124e+0,8.769e-1,2.468e-1
499.01,2.480e+0,1.889e+0,5.914e-1
499.06,5.376e+0,3.987e+0,1.389e+0
499.11,1.145e+1,8.252e+0,3.199e+0
499.16,2.396e+1,1.674e+1,7.221e+0
499.21,4.927e+1,3.329e+1,1.598e+1
499.26,9.957e+1,6.491e+1,3.466e+1
499.31,1.977e+2,1.240e+2,7.370e+1
499.36,3.860e+2,2.324e+2,1.536e+2
499.41,7.406e+2,4.267e+2,3.139e+2
499.46,1.397e+3,7.681e+2,6.289e+2
499.51,2.590e+3,1.355e+3,1.235e+3
499.56,4.722e+3,2.345e+3,2.377e+3
499.61,8.461e+3,3.976e+3,4.486e+3
499.66,1.491e+4,6.608e+3,8.298e+3
499.71,2.582e+4,1.077e+4,1.505e+4
499.76,4.395e+4,1.720e+4,2.675e+4
499.81,7.354e+4,2.693e+4,4.661e+4
499.86,1.210e+5,4.133e+4,7.963e+4
499.91,1.955e+5,6.219e+4,1.333e+5
499.96,3.106e+5,9.172e+4,2.189e+5
500.01,4.849e+5,1.326e+5,3.523e+5
500.06,7.436e+5,1.879e+5,5.557e+5
500.11,1.120e+6,2.611e+5,8.593e+5
500.16,1.658e+6,3.556e+5,1.303e+6
500.21,2.411e+6,4.747e+5,1.936e+6
500.26,3.442e+6,6.213e+5,2.820e+6
500.31,4.825e+6,7.970e+5,4.028e+6
500.36,6.640e+6,1.002e+6,5.638e+6
500.41,8.973e+6,1.236e+6,7.737e+6
500.46,1.190e+7,1.493e+6,1.041e+7
500.51,1.550e+7,1.769e+6,1.373e+7
500.56,1.980e+7,2.054e+6,1.775e+7
500.61,2.483e+7,2.338e+6,2.249e+7
500.66,3.055e+7,2.609e+6,2.794e+7
500.71,3.688e+7,2.853e+6,3.403e+7
500.76,4.369e+7,3.059e+6,4.063e+7
500.81,5.077e+7,3.216e+6,4.756e+7
500.86,5.788e+7,3.313e+6,5.457e+7
500.91,6.474e+7,3.346e+6,6.139e+7
500.96,7.103e+7,3.313e+6,6.771e+7
501.01,7.645e+7,3.216e+6,7.324e+7
501.06,8.074e+7,3.059e+6,7.768e+7
501.11,8.368e+7,2.853e+6,8.083e+7
501.16,8.514e+7,2.609e+6,8.253e+7
501.21,8.507e+7,2.338e+6,8.273e+7
501.26,8.356e+7,2.054e+6,8.150e+7
501.31,8.077e+7,1.769e+6,7.901e+7
501.36,7.699e+7,1.493e+6,7.550e+7
501.41,7.257e+7,1.236e+6,7.134e+7
501.46,6.791e+7,1.002e+6,6.691e+7
501.51,6.344e+7,7.970e+5,6.264e+7
501.56,5.957e+7,6.213e+5,5.895e+7
501.61,5.669e+7,4.747e+5,5.621e+7
501.66,5.509e+7,3.556e+5,5.473e+7
501.71,5.498e+7,2.611e+5,5.472e+7
501.76,5.646e+7,1.879e+5,5.627e+7
501.81,5.952e+7,1.326e+5,5.939e+7
501.86,6.400e+7,9.172e+4,6.391e+7
501.91,6.965e+7,6.219e+4,6.959e+7
501.96,7.611e+7,4.133e+4,7.607e+7
502.01,8.294e+7,2.693e+4,8.292e+7
502.06,8.967e+7,1.720e+4,8.965e+7
502.11,9.580e+7,1.077e+4,9.578e+7
502.16,1.009e+8,6.610e+3,1.009e+8
502.21,1.045e+8,3.979e+3,1.045e+8
502.26,1.064e+8,2.351e+3,1.063e+8
502.31,1.063e+8,1.368e+3,1.063e+8
502.36,1.042e+8,7.931e+2,1.042e+8
502.41,1.003e+8,4.754e+2,1.003e+8
502.46,9.466e+7,3.255e+2,9.466e+7
502.51,8.763e+7,2.985e+2,8.763e+7
502.56,7.959e+7,3.853e+2,7.959e+7
502.61,7.093e+7,6.104e+2,7.093e+7
502.66,6.208e+7,1.036e+3,6.208e+7
502.71,5.342e+7,1.773e+3,5.342e+7
502.76,4.530e+7,3.000e+3,4.530e+7
502.81,3.800e+7,4.989e+3,3.799e+7
502.86,3.173e+7,8.141e+3,3.172e+7
502.91,2.666e+7,1.303e+4,2.664e+7
502.96,2.287e+7,2.044e+4,2.285e+7
503.01,2.043e+7,3.146e+4,2.039e+7
503.06,1.933e+7,4.746e+4,1.928e+7
503.11,1.956e+7,7.021e+4,1.949e+7
503.16,2.108e+7,1.018e+5,2.097e+7
503.21,2.382e+7,1.448e+5,2.367e+7
503.26,2.771e+7,2.020e+5,2.750e+7
503.31,3.264e+7,2.762e+5,3.236e+7
503.36,3.850e+7,3.703e+5,3.813e+7
503.41,4.515e+7,4.867e+5,4.466e+7
503.46,5.245e+7,6.274e+5,5.182e+7
503.51,6.025e+7,7.929e+5,5.945e+7
503.56,6.839e+7,9.826e+5,6.741e+7
503.61,7.676e+7,1.194e+6,7.557e+7
503.66,8.525e+7,1.422e+6,8.382e+7
503.71,9.377e+7,1.662e+6,9.211e+7
503.76,1.023e+8,1.903e+6,1.004e+8
503.81,1.108e+8,2.138e+6,1.086e+8
503.86,1.192e+8,2.354e+6,1.169e+8
503.91,1.276e+8,2.542e+6,1.251e+8
503.96,1.359e+8,2.691e+6,1.332e+8
504.01,1.440e+8,2.793e+6,1.412e+8
504.06,1.516e+8,2.843e+6,1.488e+8
504.11,1.587e+8,2.838e+6,1.559e+8
504.16,1.648e+8,2.777e+6,1.621e+8
504.21,1.697e+8,2.665e+6,1.671e+8
504.26,1.730e+8,2.507e+6,1.705e+8
504.31,1.743e+8,2.313e+6,1.720e+8
504.36,1.734e+8,2.092e+6,1.713e+8
504.41,1.701e+8,1.855e+6,1.683e+8
504.46,1.645e+8,1.613e+6,1.628e+8
504.51,1.565e+8,1.376e+6,1.551e+8
504.56,1.465e+8,1.150e+6,1.454e+8
504.61,1.348e+8,9.428e+5,1.339e+8
504.66,1.219e+8,7.578e+5,1.212e+8
504.71,1.083e+8,5.973e+5,1.077e+8
504.76,9.442e+7,4.615e+5,9.396e+7
504.81,8.082e+7,3.497e+5,8.047e+7
504.86,6.788e+7,2.598e+5,6.762e+7
504.91,5.595e+7,1.893e+5,5.576e+7
504.96,4.524e+7,1.352e+5,4.511e+7
505.01,3.589e+7,9.469e+4,3.579e+7
505.06,2.792e+7,6.502e+4,2.786e+7
505.11,2.131e+7,4.378e+4,2.126e+7
505.16,1.595e+7,2.891e+4,1.592e+7
505.21,1.170e+7,1.871e+4,1.168e+7
505.26,8.424e+6,1.188e+4,8.412e+6
505.31,5.946e+6,7.392e+3,5.939e+6
505.36,4.116e+6,4.511e+3,4.111e+6
505.41,2.794e+6,2.699e+3,2.791e+6
505.46,1.860e+6,1.584e+3,1.858e+6
505.51,1.214e+6,9.110e+2,1.213e+6
505.56,7.768e+5,5.138e+2,7.762e+5
505.61,4.875e+5,2.842e+2,4.872e+5
505.66,3.001e+5,1.541e+2,2.999e+5
505.71,1.812e+5,8.194e+1,1.812e+5
505.76,1.076e+5,4.272e+1,1.076e+5
505.81,6.314e+4,2.184e+1,6.312e+4
505.86,3.731e+4,1.095e+1,3.730e+4
505.91,2.346e+4,5.380e+0,2.345e+4
505.96,1.776e+4,2.593e+0,1.776e+4
506.01,1.855e+4,1.225e+0,1.854e+4
506.06,2.593e+4,5.676e-1,2.593e+4
506.11,4.184e+4,2.578e-1,4.184e+4
506.16,7.027e+4,1.148e-1,7.027e+4
506.21,1.180e+5,5.016e-2,1.180e+5
506.26,1.953e+5,2.148e-2,1.953e+5
506.31,3.177e+5,9.019e-3,3.177e+5
506.36,5.071e+5,3.713e-3,5.071e+5
506.41,7.940e+5,1.499e-3,7.940e+5
506.46,1.219e+6,5.933e-4,1.219e+6
506.51,1.837e+6,2.303e-4,1.837e+6
506.56,2.713e+6,8.763e-5,2.713e+6
506.61,3.930e+6,3.270e-5,3.930e+6
506.66,5.585e+6,1.196e-5,5.585e+6
506.71,7.783e+6,4.291e-6,7.783e+6
506.76,1.064e+7,1.509e-6,1.064e+7
506.81,1.426e+7,5.206e-7,1.426e+7
506.86,1.875e+7,1.760e-7,1.875e+7
506.91,2.418e+7,5.837e-8,2.418e+7
506.96,3.058e+7,1.898e-8,3.058e+7
507.01,3.794e+7,6.050e-9,3.794e+7
507.06,4.615e+7,1.891e-9,4.615e+7
507.11,5.507e+7,5.795e-10,5.507e+7
507.16,6.444e+7,,6.444e+7
507.21,7.397e+7,,7.397e+7
507.26,8.326e+7,,8.326e+7
507.31,9.193e+7,,9.193e+7
507.36,9.954e+7,,9.954e+7
507.41,1.057e+8,,1.057e+8
507.46,1.101e+8,,1.101e+8
507.51,1.125e+8,,1.125e+8
507.56,1.127e+8,,1.127e+8
507.61,1.108e+8,,1.108e+8
507.66,1.067e+8,,1.067e+8
507.71,1.009e+8,,1.009e+8
507.76,9.355e+7,,9.355e+7
507.81,8.506e+7,,8.506e+7
507.86,7.586e+7,,7.586e+7
507.91,6.635e+7,,6.635e+7
507.96,5.692e+7,,5.692e+7
508.01,4.789e+7,,4.789e+7
508.06,3.951e+7,,3.951e+7
508.11,3.198e+7,,3.198e+7
508.16,2.538e+7,,2.538e+7
508.21,1.976e+7,6.925e-10,1.976e+7
508.26,1.509e+7,2.211e-9,1.509e+7
508.31,1.130e+7,6.928e-9,1.130e+7
508.36,8.298e+6,2.129e-8,8.298e+6
508.41,5.978e+6,6.420e-8,5.978e+6
508.46,4.223e+6,1.899e-7,4.223e+6
508.51,2.926e+6,5.512e-7,2.926e+6
508.56,1.989e+6,1.569e-6,1.989e+6
508.61,1.325e+6,4.383e-6,1.325e+6
508.66,8.665e+5,1.201e-5,8.665e+5
508.71,5.555e+5,3.229e-5,5.555e+5
508.76,3.493e+5,8.516e-5,3.493e+5
508.81,2.154e+5,2.203e-4,2.154e+5
508.86,1.303e+5,5.593e-4,1.303e+5
508.91,7.731e+4,1.393e-3,7.731e+4
508.96,4.498e+4,3.403e-3,4.498e+4
509.01,2.567e+4,8.156e-3,2.567e+4
509.06,1.437e+4,1.918e-2,1.437e+4
509.11,7.886e+3,4.424e-2,7.886e+3
509.16,4.246e+3,1.001e-1,4.246e+3
509.21,2.242e+3,2.223e-1,2.242e+3
509.26,1.162e+3,4.842e-1,1.161e+3
509.31,5.908e+2,1.035e+0,5.897e+2
509.36,2.959e+2,2.169e+0,2.938e+2
509.42,1.292e+2,5.142e+0,1.241e+2
509.47,6.957e+1,1.034e+1,5.923e+1
509.52,4.811e+1,2.038e+1,2.773e+1
509.57,5.217e+1,3.944e+1,1.273e+1
509.62,8.058e+1,7.485e+1,5.734e+0
509.67,1.419e+2,1.394e+2,2.532e+0
509.72,2.557e+2,2.546e+2,1.097e+0
509.77,4.567e+2,4.562e+2,4.661e-1
509.82,8.024e+2,8.022e+2,1.942e-1
509.87,1.384e+3,1.384e+3,7.937e-2
509.92,2.341e+3,2.341e+3,3.181e-2
509.97,3.887e+3,3.887e+3,1.251e-2
510.02,6.330e+3,6.330e+3,4.822e-3
510.07,1.011e+4,1.011e+4,1.823e-3
510.12,1.586e+4,1.586e+4,6.763e-4
510.17,2.438e+4,2.438e+4,2.460e-4
510.22,3.679e+4,3.679e+4,8.776e-5
510.27,5.445e+4,5.445e+4,3.071e-5
510.32,7.906e+4,7.906e+4,1.054e-5
510.37,1.126e+5,1.126e+5,3.547e-6
510.42,1.574e+5,1.574e+5,1.171e-6
510.47,2.158e+5,2.158e+5,3.791e-7
510.52,2.903e+5,2.903e+5,1.204e-7
510.57,3.831e+5,3.831e+5,3.749e-8
510.62,4.960e+5,4.960e+5,
510.67,6.300e+5,6.300e+5,
510.72,7.850e+5,7.850e+5,
510.77,9.595e+5,9.595e+5,
510.82,1.151e+6,1.151e+6,
510.87,1.354e+6,1.354e+6,
510.92,1.563e+6,1.563e+6,
510.97,1.770e+6,1.770e+6,
511.02,1.966e+6,1.966e+6,
511.07,2.143e+6,2.143e+6,
511.12,2.291e+6,2.291e+6,
511.17,2.403e+6,2.403e+6,
511.22,2.473e+6,2.473e+6,
511.27,2.497e+6,2.497e+6,
511.32,2.473e+6,2.473e+6,
511.37,2.403e+6,2.403e+6,
511.42,2.291e+6,2.291e+6,
511.47,2.143e+6,2.143e+6,
511.52,1.966e+6,1.966e+6,
511.57,1.770e+6,1.770e+6,
511.62,1.563e+6,1.563e+6,
511.67,1.354e+6,1.354e+6,2.150e-8
511.72,1.151e+6,1.151e+6,6.836e-8
511.77,9.595e+5,9.595e+5,2.133e-7
511.82,7.850e+5,7.850e+5,6.530e-7
511.87,6.300e+5,6.300e+5,1.962e-6
511.92,4.960e+5,4.960e+5,5.784e-6
511.97,3.831e+5,3.831e+5,1.674e-5
512.02,2.903e+5,2.903e+5,4.751e-5
512.07,2.158e+5,2.158e+5,1.324e-4
512.12,1.574e+5,1.574e+5,3.619e-4
512.17,1.126e+5,1.126e+5,9.710e-4
512.22,7.906e+4,7.906e+4,2.556e-3
512.27,5.445e+4,5.445e+4,6.604e-3
512.32,3.679e+4,3.679e+4,1.674e-2
512.37,2.438e+4,2.438e+4,4.165e-2
512.42,1.586e+4,1.586e+4,1.017e-1
512.47,1.012e+4,1.011e+4,2.436e-1
512.52,6.331e+3,6.330e+3,5.727e-1
512.57,3.888e+3,3.887e+3,1.321e+0
512.62,2.344e+3,2.341e+3,2.991e+0
512.67,1.390e+3,1.384e+3,6.645e+0
512.72,8.166e+2,8.022e+2,1.449e+1
512.77,4.872e+2,4.562e+2,3.099e+1
512.82,3.196e+2,2.546e+2,6.505e+1
512.87,2.734e+2,1.394e+2,1.340e+2
512.92,3.457e+2,7.485e+1,2.709e+2
512.97,5.768e+2,3.944e+1,5.374e+2
513.02,1.066e+3,2.038e+1,1.046e+3
513.07,2.009e+3,1.034e+1,1.998e+3
513.12,3.751e+3,5.142e+0,3.746e+3
513.17,6.893e+3,2.510e+0,6.891e+3
513.22,1.244e+4,1.202e+0,1.244e+4
513.27,2.203e+4,5.645e-1,2.203e+4
513.32,3.830e+4,2.602e-1,3.830e+4
513.37,6.533e+4,1.176e-1,6.533e+4
513.42,1.094e+5,5.217e-2,1.094e+5
513.47,1.796e+5,2.270e-2,1.796e+5
513.52,2.895e+5,9.692e-3,2.895e+5
513.57,4.580e+5,4.059e-3,4.580e+5
513.62,7.108e+5,1.668e-3,7.108e+5
513.67,1.083e+6,6.723e-4,1.083e+6
513.72,1.618e+6,2.659e-4,1.618e+6
513.77,2.374e+6,1.031e-4,2.374e+6
513.82,3.417e+6,3.926e-5,3.417e+6
513.87,4.826e+6,1.466e-5,4.826e+6
513.92,6.689e+6,5.370e-6,6.689e+6
513.97,9.098e+6,1.930e-6,9.098e+6
514.02,1.214e+7,6.805e-7,1.214e+7
514.07,1.590e+7,2.354e-7,1.590e+7
514.12,2.044e+7,7.988e-8,2.044e+7
514.17,2.578e+7,2.659e-8,2.578e+7
514.22,3.191e+7,8.686e-9,3.191e+7
514.27,3.875e+7,2.783e-9,3.875e+7
514.32,4.619e+7,8.749e-10,4.619e+7
514.37,5.402e+7,,5.402e+7
514.42,6.200e+7,,6.200e+7
514.47,6.982e+7,,6.982e+7
514.52,7.716e+7,,7.716e+7
514.57,8.369e+7,,8.369e+7
514.62,8.906e+7,,8.906e+7
514.67,9.301e+7,,9.301e+7
514.72,9.532e+7,,9.532e+7
514.77,9.587e+7,,9.587e+7
514.82,9.461e+7,,9.461e+7
514.87,9.162e+7,,9.162e+7
514.92,8.707e+7,,8.707e+7
514.97,8.120e+7,,8.120e+7
515.02,7.431e+7,,7.431e+7
515.07,6.673e+7,,6.673e+7
515.12,5.880e+7,,5.880e+7
515.17,5.085e+7,,5.085e+7
515.22,4.315e+7,,4.315e+7
515.27,3.594e+7,,3.594e+7
515.32,2.937e+7,,2.937e+7
515.37,2.355e+7,,2.355e+7
515.42,1.853e+7,,1.853e+7
515.47,1.431e+7,,1.431e+7
515.52,1.084e+7,,1.084e+7
515.57,8.063e+6,,8.063e+6
515.62,5.883e+6,,5.883e+6
515.67,4.213e+6,,4.213e+6
515.72,2.960e+6,,2.960e+6
515.77,2.041e+6,,2.041e+6
515.82,1.381e+6,,1.381e+6
515.87,9.171e+5,,9.171e+5
515.92,5.976e+5,,5.976e+5
515.97,3.821e+5,,3.821e+5
516.02,2.397e+5,,2.397e+5
516.07,1.476e+5,,1.476e+5
516.12,8.919e+4,,8.919e+4
516.17,5.288e+4,,5.288e+4
516.22,3.077e+4,,3.077e+4
516.27,1.757e+4,,1.757e+4
516.32,9.843e+3,,9.843e+3
516.37,5.412e+3,,5.412e+3
516.42,2.921e+3,,2.921e+3
516.47,1.547e+3,,1.547e+3
516.52,8.061e+2,,8.061e+2
516.57,4.160e+2,,4.160e+2
516.62,2.193e+2,,2.193e+2
516.67,1.320e+2,,1.320e+2
516.72,1.160e+2,,1.160e+2
516.77,1.651e+2,,1.651e+2
516.82,3.047e+2,,3.047e+2
516.87,6.018e+2,,6.018e+2
516.92,1.192e+3,,1.192e+3
516.97,2.327e+3,,2.327e+3
517.02,4.467e+3,,4.467e+3
517.07,8.417e+3,,8.417e+3
517.12,1.557e+4,,1.557e+4
517.17,2.828e+4,,2.828e+4
517.22,5.040e+4,,5.040e+4
517.27,8.819e+4,,8.819e+4
517.32,1.515e+5,,1.515e+5
517.37,2.554e+5,,2.554e+5
517.42,4.227e+5,,4.227e+5
517.47,6.868e+5,,6.868e+5
517.52,1.095e+6,,1.095e+6
517.57,1.715e+6,,1.715e+6
517.62,2.636e+6,,2.636e+6
517.67,3.977e+6,,3.977e+6
517.72,5.890e+6,,5.890e+6
517.77,8.565e+6,,8.565e+6
517.82,1.223e+7,,1.223e+7
517.87,1.714e+7,,1.714e+7
517.92,2.358e+7,,2.358e+7
517.97,3.185e+7,,3.185e+7
518.02,4.225e+7,,4.225e+7
518.07,5.503e+7,9.906e-10,5.503e+7
518.12,7.038e+7,3.095e-9,7.038e+7
518.17,8.840e+7,9.496e-9,8.840e+7
518.22,1.090e+8,2.860e-8,1.090e+8
518.27,1.321e+8,8.457e-8,1.321e+8
518.32,1.571e+8,2.455e-7,1.571e+8
518.37,1.837e+8,6.997e-7,1.837e+8
518.42,2.109e+8,1.958e-6,2.109e+8
518.47,2.380e+8,5.378e-6,2.380e+8
518.52,2.639e+8,1.450e-5,2.639e+8
518.57,2.875e+8,3.840e-5,2.875e+8
518.62,3.081e+8,9.983e-5,3.081e+8
518.67,3.245e+8,2.548e-4,3.245e+8
518.72,3.362e+8,6.383e-4,3.362e+8
518.77,3.426e+8,1.570e-3,3.426e+8
518.82,3.436e+8,3.792e-3,3.436e+8
518.87,3.391e+8,8.990e-3,3.391e+8
518.92,3.296e+8,2.093e-2,3.296e+8
518.97,3.155e+8,4.782e-2,3.155e+8
519.02,2.975e+8,1.073e-1,2.975e+8
519.07,2.766e+8,2.363e-1,2.766e+8
519.12,2.534e+8,5.110e-1,2.534e+8
519.17,2.291e+8,1.085e+0,2.291e+8
519.22,2.042e+8,2.261e+0,2.042e+8
519.27,1.797e+8,4.627e+0,1.797e+8
519.32,1.561e+8,9.295e+0,1.561e+8
519.37,1.338e+8,1.833e+1,1.338e+8
519.42,1.132e+8,3.550e+1,1.132e+8
519.47,9.462e+7,6.749e+1,9.462e+7
519.52,7.807e+7,1.260e+2,7.807e+7
519.57,6.359e+7,2.308e+2,6.359e+7
519.62,5.112e+7,4.152e+2,5.112e+7
519.67,4.056e+7,7.332e+2,4.056e+7
519.72,3.175e+7,1.271e+3,3.175e+7
519.77,2.451e+7,2.164e+3,2.451e+7
519.82,1.866e+7,3.617e+3,1.866e+7
519.87,1.401e+7,5.934e+3,1.400e+7
519.92,1.036e+7,9.558e+3,1.035e+7
519.97,7.553e+6,1.512e+4,7.538e+6
520.02,5.429e+6,2.347e+4,5.405e+6
520.07,3.851e+6,3.577e+4,3.816e+6
520.12,2.704e+6,5.353e+4,2.651e+6
520.17,1.890e+6,7.865e+4,1.811e+6
520.22,1.331e+6,1.134e+5,1.218e+6
520.27,9.654e+5,1.606e+5,8.047e+5
520.32,7.462e+5,2.233e+5,5.229e+5
520.37,6.388e+5,3.048e+5,3.340e+5
520.42,6.181e+5,4.084e+5,2.096e+5
520.47,6.666e+5,5.373e+5,1.293e+5
520.52,7.724e+5,6.940e+5,7.836e+4
520.57,9.267e+5,8.800e+5,4.665e+4
520.62,1.123e+6,1.096e+6,2.728e+4
520.67,1.355e+6,1.339e+6,1.567e+4
520.72,1.616e+6,1.607e+6,8.837e+3
520.77,1.898e+6,1.893e+6,4.895e+3
520.82,2.192e+6,2.189e+6,2.663e+3
520.87,2.488e+6,2.486e+6,1.422e+3
520.92,2.773e+6,2.772e+6,7.460e+2
520.97,3.035e+6,3.035e+6,3.843e+2
521.02,3.263e+6,3.263e+6,1.948e+2
521.07,3.445e+6,3.445e+6,9.774e+1
521.12,3.573e+6,3.573e+6,5.000e+1
521.17,3.641e+6,3.640e+6,2.909e+1
521.22,3.646e+6,3.646e+6,2.479e+1
521.27,3.591e+6,3.591e+6,3.490e+1
521.32,3.482e+6,3.482e+6,6.443e+1
521.37,3.328e+6,3.328e+6,1.276e+2
521.42,3.141e+6,3.141e+6,2.534e+2
521.47,2.937e+6,2.936e+6,4.963e+2
521.52,2.731e+6,2.730e+6,9.557e+2
521.57,2.539e+6,2.537e+6,1.807e+3
521.62,2.376e+6,2.373e+6,3.356e+3
521.67,2.256e+6,2.250e+6,6.120e+3
521.72,2.189e+6,2.178e+6,1.096e+4
521.77,2.182e+6,2.163e+6,1.926e+4
521.82,2.240e+6,2.207e+6,3.326e+4
521.87,2.366e+6,2.310e+6,5.637e+4
521.92,2.560e+6,2.466e+6,9.382e+4
521.97,2.819e+6,2.666e+6,1.533e+5
522.02,3.145e+6,2.899e+6,2.460e+5
522.07,3.540e+6,3.152e+6,3.876e+5
522.12,4.011e+6,3.411e+6,5.997e+5
522.17,4.572e+6,3.661e+6,9.111e+5
522.22,5.249e+6,3.890e+6,1.359e+6
522.27,6.076e+6,4.085e+6,1.990e+6
522.32,7.102e+6,4.240e+6,2.863e+6
522.37,8.390e+6,4.348e+6,4.042e+6
522.42,1.001e+7,4.407e+6,5.605e+6
522.47,1.205e+7,4.419e+6,7.631e+6
522.52,1.459e+7,4.386e+6,1.020e+7
522.57,1.771e+7,4.314e+6,1.339e+7
522.62,2.147e+7,4.209e+6,1.726e+7
522.67,2.592e+7,4.077e+6,2.184e+7
522.72,3.107e+7,3.924e+6,2.715e+7
522.77,3.688e+7,3.755e+6,3.312e+7
522.82,4.326e+7,3.574e+6,3.969e+7
522.87,5.007e+7,3.384e+6,4.669e+7
522.92,5.712e+7,3.185e+6,5.394e+7
522.97,6.416e+7,2.978e+6,6.118e+7
523.02,7.090e+7,2.765e+6,6.814e+7
523.07,7.706e+7,2.546e+6,7.451e+7
523.12,8.234e+7,2.323e+6,8.001e+7
523.17,8.646e+7,2.098e+6,8.436e+7
523.22,8.922e+7,1.874e+6,8.734e+7
523.27,9.044e+7,1.654e+6,8.879e+7
523.32,9.007e+7,1.442e+6,8.863e+7
523.37,8.811e+7,1.243e+6,8.687e+7
523.42,8.466e+7,1.061e+6,8.360e+7
523.47,7.990e+7,8.981e+5,7.900e+7
523.52,7.406e+7,7.591e+5,7.330e+7
523.57,6.743e+7,6.466e+5,6.678e+7
523.62,6.031e+7,5.629e+5,5.974e+7
523.67,5.299e+7,5.101e+5,5.248e+7
523.72,4.575e+7,4.899e+5,4.526e+7
523.77,3.884e+7,5.039e+5,3.833e+7
523.82,3.243e+7,5.531e+5,3.188e+7
523.87,2.667e+7,6.386e+5,2.603e+7
523.92,2.163e+7,7.604e+5,2.087e+7
523.97,1.735e+7,9.182e+5,1.643e+7
524.02,1.381e+7,1.110e+6,1.270e+7
524.07,1.097e+7,1.334e+6,9.640e+6
524.12,8.768e+6,1.583e+6,7.185e+6
524.17,7.110e+6,1.852e+6,5.258e+6
524.22,5.911e+6,2.133e+6,3.778e+6
524.27,5.080e+6,2.414e+6,2.666e+6
524.32,4.532e+6,2.685e+6,1.847e+6
524.37,4.190e+6,2.934e+6,1.256e+6
524.42,3.988e+6,3.149e+6,8.392e+5
524.47,3.869e+6,3.319e+6,5.504e+5
524.52,3.789e+6,3.435e+6,3.545e+5
524.57,3.716e+6,3.491e+6,2.242e+5
524.62,3.624e+6,3.485e+6,1.393e+5
524.67,3.501e+6,3.416e+6,8.510e+4
524.72,3.339e+6,3.288e+6,5.128e+4
524.77,3.139e+6,3.108e+6,3.080e+4
524.82,2.904e+6,2.885e+6,1.902e+4
524.87,2.643e+6,2.630e+6,1.309e+4
524.92,2.365e+6,2.354e+6,1.152e+4
524.97,2.083e+6,2.069e+6,1.391e+4
525.02,1.807e+6,1.786e+6,2.089e+4
525.07,1.548e+6,1.514e+6,3.429e+4
525.12,1.317e+6,1.260e+6,5.738e+4
525.17,1.125e+6,1.030e+6,9.542e+4
525.22,9.830e+5,8.265e+5,1.564e+5
525.27,9.036e+5,6.515e+5,2.521e+5
525.32,9.035e+5,5.042e+5,3.993e+5
525.37,1.004e+6,3.833e+5,6.211e+5
525.42,1.235e+6,2.861e+5,9.489e+5
525.47,1.634e+6,2.097e+5,1.424e+6
525.52,2.249e+6,1.509e+5,2.098e+6
525.57,3.144e+6,1.067e+5,3.037e+6
525.62,4.392e+6,7.403e+4,4.318e+6
525.67,6.079e+6,5.045e+4,6.029e+6
525.72,8.302e+6,3.377e+4,8.269e+6
525.77,1.116e+7,2.219e+4,1.114e+7
525.82,1.475e+7,1.432e+4,1.474e+7
525.87,1.917e+7,9.079e+3,1.916e+7
525.92,2.447e+7,5.650e+3,2.446e+7
525.97,3.070e+7,3.453e+3,3.069e+7
526.02,3.784e+7,2.073e+3,3.784e+7
526.07,4.585e+7,1.221e+3,4.584e+7
526.12,5.460e+7,7.069e+2,5.460e+7
526.17,6.395e+7,4.018e+2,6.395e+7
526.22,7.367e+7,2.242e+2,7.367e+7
526.27,8.355e+7,1.229e+2,8.355e+7
526.32,9.333e+7,6.614e+1,9.333e+7
526.37,1.028e+8,3.495e+1,1.028e+8
526.42,1.118e+8,1.814e+1,1.118e+8
526.47,1.201e+8,9.245e+0,1.201e+8
526.52,1.279e+8,4.626e+0,1.279e+8
526.57,1.353e+8,2.274e+0,1.353e+8
526.62,1.424e+8,1.097e+0,1.424e+8
526.67,1.495e+8,5.200e-1,1.495e+8
526.72,1.572e+8,2.420e-1,1.572e+8
526.77,1.657e+8,1.106e-1,1.657e+8
526.82,1.756e+8,4.963e-2,1.756e+8
526.87,1.869e+8,2.187e-2,1.869e+8
526.92,2.000e+8,9.470e-3,2.000e+8
526.97,2.148e+8,4.035e-3,2.148e+8
527.02,2.310e+8,1.713e-3,2.310e+8
527.07,2.481e+8,7.742e-4,2.481e+8
527.12,2.653e+8,4.923e-4,2.653e+8
527.17,2.820e+8,6.376e-4,2.820e+8
527.22,2.970e+8,1.314e-3,2.970e+8
527.27,3.094e+8,3.024e-3,3.094e+8
527.32,3.184e+8,6.995e-3,3.184e+8
527.37,3.231e+8,1.595e-2,3.231e+8
527.42,3.231e+8,3.576e-2,3.231e+8
527.47,3.180e+8,7.876e-2,3.180e+8
527.52,3.080e+8,1.704e-1,3.080e+8
527.57,2.934e+8,3.622e-1,2.934e+8
527.62,2.747e+8,7.561e-1,2.747e+8
527.67,2.529e+8,1.551e+0,2.529e+8
527.72,2.287e+8,3.124e+0,2.287e+8
527.77,2.033e+8,6.183e+0,2.033e+8
527.82,1.775e+8,1.202e+1,1.775e+8
527.87,1.523e+8,2.295e+1,1.523e+8
527.92,1.283e+8,4.306e+1,1.283e+8
527.97,1.062e+8,7.936e+1,1.062e+8
528.02,8.635e+7,1.437e+2,8.635e+7
528.07,6.896e+7,2.555e+2,6.896e+7
528.12,5.410e+7,4.463e+2,5.410e+7
528.17,4.168e+7,7.659e+2,4.168e+7
528.22,3.155e+7,1.291e+3,3.154e+7
528.27,2.345e+7,2.138e+3,2.345e+7
528.32,1.712e+7,3.478e+3,1.712e+7
528.37,1.228e+7,5.558e+3,1.228e+7
528.42,8.655e+6,8.725e+3,8.646e+6
528.47,5.995e+6,1.345e+4,5.981e+6
528.52,4.084e+6,2.038e+4,4.064e+6
528.57,2.742e+6,3.033e+4,2.712e+6
528.62,1.822e+6,4.433e+4,1.778e+6
528.67,1.208e+6,6.365e+4,1.144e+6
528.72,8.135e+5,8.978e+4,7.237e+5
528.77,5.739e+5,1.244e+5,4.495e+5
528.82,4.435e+5,1.693e+5,2.742e+5
528.87,3.907e+5,2.264e+5,1.643e+5
528.92,3.941e+5,2.974e+5,9.666e+4
528.97,4.396e+5,3.838e+5,5.587e+4
529.02,5.181e+5,4.864e+5,3.172e+4
529.07,6.233e+5,6.056e+5,1.768e+4
529.12,7.504e+5,7.407e+5,9.685e+3
529.17,8.952e+5,8.900e+5,5.209e+3
529.22,1.053e+6,1.050e+6,2.752e+3
529.27,1.219e+6,1.218e+6,1.428e+3
529.32,1.388e+6,1.387e+6,7.278e+2
529.37,1.552e+6,1.552e+6,3.643e+2
529.42,1.706e+6,1.706e+6,1.791e+2
529.47,1.842e+6,1.842e+6,8.649e+1
529.52,1.953e+6,1.953e+6,4.102e+1
529.57,2.035e+6,2.035e+6,1.911e+1
529.62,2.083e+6,2.083e+6,8.743e+0
529.67,2.094e+6,2.094e+6,3.929e+0
529.72,2.068e+6,2.068e+6,1.734e+0
529.77,2.006e+6,2.006e+6,7.519e-1
529.82,1.912e+6,1.912e+6,3.202e-1
529.87,1.790e+6,1.790e+6,1.339e-1
529.92,1.646e+6,1.646e+6,5.500e-2
529.97,1.487e+6,1.487e+6,2.219e-2
530.02,1.320e+6,1.320e+6,8.794e-3
530.07,1.150e+6,1.150e+6,3.425e-3
530.12,9.852e+5,9.852e+5,1.315e-3
530.17,8.288e+5,8.288e+5,5.099e-4
530.22,6.849e+5,6.849e+5,2.323e-4
530.27,5.560e+5,5.560e+5,2.035e-4
530.32,4.433e+5,4.433e+5,3.882e-4
530.37,3.473e+5,3.473e+5,9.567e-4
530.42,2.672e+5,2.672e+5,2.426e-3
530.47,2.020e+5,2.020e+5,6.083e-3
530.52,1.500e+5,1.500e+5,1.500e-2
530.57,1.094e+5,1.094e+5,3.635e-2
530.62,7.841e+4,7.841e+4,8.655e-2
530.67,5.519e+4,5.519e+4,2.025e-1
530.72,3.817e+4,3.817e+4,4.654e-1
530.77,2.593e+4,2.592e+4,1.051e+0
530.82,1.730e+4,1.730e+4,2.333e+0
530.87,1.135e+4,1.134e+4,5.086e+0
530.92,7.319e+3,7.308e+3,1.090e+1
530.97,4.655e+3,4.633e+3,2.294e+1
531.02,2.945e+3,2.897e+3,4.744e+1
531.07,1.900e+3,1.804e+3,9.641e+1
531.12,1.339e+3,1.146e+3,1.925e+2
531.17,1.169e+3,7.912e+2,3.777e+2
531.22,1.391e+3,6.630e+2,7.281e+2
531.27,2.112e+3,7.329e+2,1.379e+3
531.32,3.583e+3,1.017e+3,2.567e+3
531.37,6.269e+3,1.575e+3,4.693e+3
531.42,1.096e+4,2.524e+3,8.433e+3
531.47,1.893e+4,4.046e+3,1.489e+4
531.52,3.223e+4,6.411e+3,2.582e+4
531.57,5.401e+4,1.000e+4,4.401e+4
531.62,8.904e+4,1.534e+4,7.370e+4
531.67,1.444e+5,2.312e+4,1.213e+5
531.72,2.303e+5,3.424e+4,1.960e+5
531.77,3.612e+5,4.982e+4,3.114e+5
531.82,5.573e+5,7.123e+4,4.861e+5
531.87,8.455e+5,1.001e+5,7.454e+5
531.92,1.261e+6,1.381e+5,1.123e+6
531.97,1.850e+6,1.873e+5,1.663e+6
532.02,2.669e+6,2.496e+5,2.419e+6
532.07,3.784e+6,3.268e+5,3.458e+6
532.12,5.276e+6,4.204e+5,4.856e+6
532.17,7.232e+6,5.314e+5,6.701e+6
532.22,9.745e+6,6.600e+5,9.085e+6
532.27,1.291e+7,8.053e+5,1.210e+7
532.32,1.681e+7,9.655e+5,1.584e+7
532.37,2.151e+7,1.137e+6,2.038e+7
532.42,2.706e+7,1.316e+6,2.575e+7
532.47,3.347e+7,1.497e+6,3.197e+7
532.52,4.068e+7,1.673e+6,3.900e+7
532.57,4.859e+7,1.836e+6,4.675e+7
532.62,5.705e+7,1.981e+6,5.506e+7
532.67,6.582e+7,2.099e+6,6.372e+7
532.72,7.464e+7,2.186e+6,7.246e+7
532.77,8.319e+7,2.237e+6,8.095e+7
532.82,9.112e+7,2.249e+6,8.887e+7
532.87,9.807e+7,2.221e+6,9.585e+7
532.92,1.037e+8,2.156e+6,1.016e+8
532.97,1.078e+8,2.055e+6,1.058e+8
533.02,1.102e+8,1.926e+6,1.082e+8
533.07,1.106e+8,1.773e+6,1.088e+8
533.12,1.091e+8,1.603e+6,1.075e+8
533.17,1.057e+8,1.425e+6,1.043e+8
533.22,1.007e+8,1.244e+6,9.946e+7
533.27,9.426e+7,1.067e+6,9.319e+7
533.32,8.669e+7,8.998e+5,8.579e+7
533.37,7.835e+7,7.453e+5,7.761e+7
533.42,6.958e+7,6.065e+5,6.898e+7
533.47,6.072e+7,4.849e+5,6.024e+7
533.52,5.207e+7,3.810e+5,5.169e+7
533.57,4.387e+7,2.941e+5,4.358e+7
533.62,3.633e+7,2.230e+5,3.611e+7
533.67,2.956e+7,1.662e+5,2.940e+7
533.72,2.365e+7,1.217e+5,2.353e+7
533.77,1.861e+7,8.753e+4,1.852e+7
533.82,1.441e+7,6.187e+4,1.435e+7
533.87,1.102e+7,4.297e+4,1.097e+7
533.92,8.356e+6,2.932e+4,8.327e+6
533.97,6.358e+6,1.966e+4,6.338e+6
534.02,4.958e+6,1.295e+4,4.946e+6
534.07,4.112e+6,8.381e+3,4.103e+6
534.12,3.796e+6,5.330e+3,3.790e+6
534.17,4.022e+6,3.330e+3,4.019e+6
534.22,4.839e+6,2.045e+3,4.837e+6
534.27,6.339e+6,1.233e+3,6.337e+6
534.32,8.656e+6,7.310e+2,8.656e+6
534.37,1.197e+7,4.257e+2,1.197e+7
534.42,1.651e+7,2.436e+2,1.651e+7
534.47,2.251e+7,1.369e+2,2.251e+7
534.52,3.026e+7,7.563e+1,3.026e+7
534.57,4.003e+7,4.105e+1,4.003e+7
534.62,5.207e+7,2.189e+1,5.207e+7
534.67,6.658e+7,1.147e+1,6.658e+7
534.72,8.367e+7,5.903e+0,8.367e+7
534.77,1.033e+8,2.986e+0,1.033e+8
534.82,1.254e+8,1.484e+0,1.254e+8
534.87,1.496e+8,7.246e-1,1.496e+8
534.92,1.753e+8,3.476e-1,1.753e+8
534.97,2.019e+8,1.639e-1,2.019e+8
535.02,2.285e+8,7.590e-2,2.285e+8
535.07,2.542e+8,3.454e-2,2.542e+8
535.12,2.778e+8,1.544e-2,2.778e+8
535.17,2.984e+8,6.785e-3,2.984e+8
535.22,3.150e+8,2.929e-3,3.150e+8
535.27,3.268e+8,1.242e-3,3.268e+8
535.32,3.331e+8,5.176e-4,3.331e+8
535.37,3.337e+8,2.119e-4,3.337e+8
535.42,3.285e+8,8.526e-5,3.285e+8
535.47,3.178e+8,3.370e-5,3.178e+8
535.52,3.021e+8,1.309e-5,3.021e+8
535.57,2.822e+8,4.994e-6,2.822e+8
535.62,2.591e+8,1.872e-6,2.591e+8
535.67,2.338e+8,6.898e-7,2.338e+8
535.72,2.073e+8,2.497e-7,2.073e+8
535.77,1.806e+8,8.879e-8,1.806e+8
535.82,1.546e+8,3.102e-8,1.546e+8
535.87,1.301e+8,1.065e-8,1.301e+8
535.92,1.076e+8,3.593e-9,1.076e+8
535.97,8.739e+7,1.191e-9,8.739e+7
536.02,6.978e+7,3.878e-10,6.978e+7
536.07,5.475e+7,,5.475e+7
536.12,4.222e+7,,4.222e+7
536.17,3.199e+7,,3.199e+7
536.22,2.382e+7,,2.382e+7
536.27,1.743e+7,,1.743e+7
536.32,1.254e+7,,1.254e+7
536.37,8.860e+6,,8.860e+6
536.42,6.153e+6,,6.153e+6
536.47,4.199e+6,,4.199e+6
536.52,2.816e+6,5.233e-10,2.816e+6
536.57,1.856e+6,1.578e-9,1.856e+6
536.62,1.202e+6,4.675e-9,1.202e+6
536.67,7.650e+5,1.362e-8,7.650e+5
536.72,4.785e+5,3.900e-8,4.785e+5
536.77,2.941e+5,1.098e-7,2.941e+5
536.82,1.776e+5,3.037e-7,1.776e+5
536.87,1.054e+5,8.260e-7,1.054e+5
536.92,6.149e+4,2.208e-6,6.149e+4
536.97,3.525e+4,5.803e-6,3.525e+4
537.02,1.986e+4,1.499e-5,1.986e+4
537.07,1.099e+4,3.806e-5,1.099e+4
537.12,5.987e+3,9.501e-5,5.987e+3
537.17,3.213e+3,2.331e-4,3.213e+3
537.22,1.715e+3,5.623e-4,1.715e+3
537.27,9.408e+2,1.333e-3,9.408e+2
537.32,5.894e+2,3.107e-3,5.894e+2
537.37,5.164e+2,7.117e-3,5.164e+2
537.42,6.874e+2,1.603e-2,6.874e+2
537.47,1.164e+3,3.547e-2,1.164e+3
537.52,2.123e+3,7.719e-2,2.123e+3
537.57,3.900e+3,1.651e-1,3.900e+3
537.62,7.091e+3,3.471e-1,7.090e+3
537.67,1.269e+4,7.173e-1,1.269e+4
537.72,2.234e+4,1.457e+0,2.234e+4
537.77,3.865e+4,2.910e+0,3.865e+4
537.82,6.574e+4,5.712e+0,6.574e+4
537.87,1.099e+5,1.102e+1,1.099e+5
537.92,1.806e+5,2.091e+1,1.806e+5
537.97,2.918e+5,3.898e+1,2.918e+5
538.02,4.633e+5,7.144e+1,4.633e+5
538.07,7.232e+5,1.287e+2,7.231e+5
538.12,1.110e+6,2.279e+2,1.109e+6
538.17,1.673e+6,3.968e+2,1.673e+6
538.22,2.480e+6,6.789e+2,2.480e+6
538.27,3.614e+6,1.142e+3,3.613e+6
538.32,5.177e+6,1.888e+3,5.175e+6
538.37,7.289e+6,3.069e+3,7.286e+6
538.42,1.009e+7,4.903e+3,1.008e+7
538.47,1.372e+7,7.699e+3,1.371e+7
538.52,1.835e+7,1.189e+4,1.834e+7
538.57,2.412e+7,1.804e+4,2.410e+7
538.62,3.116e+7,2.690e+4,3.114e+7
538.67,3.958e+7,3.945e+4,3.954e+7
538.72,4.941e+7,5.685e+4,4.935e+7
538.77,6.064e+7,8.055e+4,6.056e+7
538.82,7.315e+7,1.122e+5,7.303e+7
538.87,8.674e+7,1.536e+5,8.658e+7
538.92,1.011e+8,2.067e+5,1.009e+8
538.97,1.158e+8,2.734e+5,1.156e+8
539.02,1.305e+8,3.554e+5,1.301e+8
539.07,1.445e+8,4.543e+5,1.440e+8
539.12,1.572e+8,5.708e+5,1.567e+8
539.17,1.682e+8,7.049e+5,1.675e+8
539.22,1.770e+8,8.558e+5,1.761e+8
539.27,1.830e+8,1.021e+6,1.819e+8
539.32,1.860e+8,1.198e+6,1.848e+8
539.37,1.859e+8,1.381e+6,1.845e+8
539.42,1.826e+8,1.566e+6,1.811e+8
539.47,1.764e+8,1.745e+6,1.747e+8
539.52,1.676e+8,1.911e+6,1.657e+8
539.57,1.565e+8,2.057e+6,1.545e+8
539.62,1.438e+8,2.177e+6,1.417e+8
539.67,1.300e+8,2.265e+6,1.278e+8
539.72,1.157e+8,2.316e+6,1.134e+8
539.77,1.015e+8,2.328e+6,9.918e+7
539.82,8.785e+7,2.300e+6,8.555e+7
539.87,7.521e+7,2.234e+6,7.297e+7
539.92,6.393e+7,2.133e+6,6.180e+7
539.97,5.429e+7,2.001e+6,5.229e+7
540.02,4.646e+7,1.846e+6,4.462e+7
540.07,4.056e+7,1.674e+6,3.889e+7
540.12,3.662e+7,1.492e+6,3.513e+7
540.17,3.464e+7,1.308e+6,3.333e+7
540.22,3.455e+7,1.126e+6,3.342e+7
540.27,3.624e+7,9.536e+5,3.529e+7
540.33,4.043e+7,7.635e+5,3.967e+7
540.38,4.551e+7,6.225e+5,4.489e+7
540.43,5.179e+7,4.990e+5,5.129e+7
540.48,5.899e+7,3.934e+5,5.859e+7
540.53,6.680e+7,3.050e+5,6.650e+7
540.58,7.489e+7,2.329e+5,7.466e+7
540.63,8.288e+7,1.754e+5,8.271e+7
540.68,9.040e+7,1.308e+5,9.027e+7
540.73,9.707e+7,9.748e+4,9.698e+7
540.78,1.026e+8,7.374e+4,1.025e+8
540.83,1.066e+8,5.831e+4,1.065e+8
540.88,1.089e+8,5.021e+4,1.089e+8
540.93,1.095e+8,4.886e+4,1.094e+8
540.98,1.082e+8,5.408e+4,1.081e+8
541.03,1.051e+8,6.608e+4,1.050e+8
541.08,1.004e+8,8.545e+4,1.003e+8
541.13,9.424e+7,1.131e+5,9.413e+7
541.18,8.701e+7,1.501e+5,8.686e+7
541.23,7.900e+7,1.978e+5,7.880e+7
541.28,7.053e+7,2.574e+5,7.028e+7
541.33,6.194e+7,3.300e+5,6.161e+7
541.38,5.352e+7,4.163e+5,5.310e+7
541.43,4.551e+7,5.166e+5,4.499e+7
541.48,3.810e+7,6.302e+5,3.747e+7
541.53,3.144e+7,7.561e+5,3.068e+7
541.58,2.559e+7,8.917e+5,2.470e+7
541.63,2.057e+7,1.034e+6,1.954e+7
541.68,1.638e+7,1.179e+6,1.520e+7
541.73,1.294e+7,1.321e+6,1.162e+7
541.78,1.019e+7,1.456e+6,8.738e+6
541.83,8.034e+6,1.577e+6,6.457e+6
541.88,6.370e+6,1.679e+6,4.691e+6
541.93,5.109e+6,1.758e+6,3.350e+6
541.98,4.162e+6,1.810e+6,2.352e+6
542.03,3.455e+6,1.832e+6,1.623e+6
542.08,2.924e+6,1.822e+6,1.101e+6
542.13,2.517e+6,1.783e+6,7.346e+5
542.18,2.196e+6,1.714e+6,4.817e+5
542.23,1.931e+6,1.620e+6,3.105e+5
542.28,1.703e+6,1.506e+6,1.967e+5
542.33,1.499e+6,1.376e+6,1.225e+5
542.38,1.311e+6,1.236e+6,7.504e+4
542.43,1.137e+6,1.092e+6,4.517e+4
542.48,9.748e+5,9.480e+5,2.673e+4
542.53,8.248e+5,8.093e+5,1.555e+4
542.58,6.881e+5,6.792e+5,8.894e+3
542.63,5.653e+5,5.603e+5,5.000e+3
542.68,4.573e+5,4.545e+5,2.764e+3
542.73,3.640e+5,3.624e+5,1.502e+3
542.78,2.850e+5,2.842e+5,8.020e+2
542.83,2.194e+5,2.190e+5,4.211e+2
542.88,1.662e+5,1.660e+5,2.174e+2
542.93,1.238e+5,1.236e+5,1.103e+2
542.98,9.062e+4,9.056e+4,5.502e+1
543.03,6.524e+4,6.522e+4,2.698e+1
543.08,4.620e+4,4.619e+4,1.301e+1
543.13,3.219e+4,3.218e+4,6.164e+0
543.18,2.209e+4,2.209e+4,2.871e+0
543.23,1.498e+4,1.498e+4,1.315e+0
543.28,1.012e+4,1.012e+4,5.921e-1
543.33,6.949e+3,6.949e+3,2.620e-1
543.38,5.067e+3,5.067e+3,1.140e-1
543.43,4.226e+3,4.226e+3,4.876e-2
543.48,4.317e+3,4.317e+3,2.050e-2
543.53,5.371e+3,5.371e+3,8.475e-3
543.58,7.561e+3,7.561e+3,3.444e-3
543.63,1.122e+4,1.122e+4,1.376e-3
543.68,1.686e+4,1.686e+4,5.406e-4
543.73,2.520e+4,2.520e+4,2.097e-4
543.78,3.720e+4,3.720e+4,8.241e-5
543.83,5.410e+4,5.410e+4,3.854e-5
543.88,7.740e+4,7.740e+4,3.529e-5
543.93,1.089e+5,1.089e+5,6.919e-5
543.98,1.507e+5,1.507e+5,1.727e-4
544.03,2.051e+5,2.051e+5,4.426e-4
544.08,2.745e+5,2.745e+5,1.122e-3
544.13,3.612e+5,3.612e+5,2.801e-3
544.18,4.674e+5,4.674e+5,6.874e-3
544.23,5.946e+5,5.946e+5,1.659e-2
544.28,7.439e+5,7.439e+5,3.938e-2
544.33,9.150e+5,9.150e+5,9.193e-2
544.38,1.107e+6,1.107e+6,2.110e-1
544.43,1.316e+6,1.316e+6,4.765e-1
544.48,1.540e+6,1.540e+6,1.058e+0
544.53,1.771e+6,1.771e+6,2.310e+0
544.58,2.002e+6,2.002e+6,4.959e+0
544.63,2.226e+6,2.226e+6,1.047e+1
544.68,2.434e+6,2.434e+6,2.174e+1
544.73,2.617e+6,2.617e+6,4.440e+1
544.78,2.766e+6,2.766e+6,8.917e+1
544.83,2.876e+6,2.875e+6,1.761e+2
544.88,2.939e+6,2.939e+6,3.420e+2
544.93,2.955e+6,2.954e+6,6.533e+2
544.98,2.921e+6,2.919e+6,1.227e+3
545.03,2.839e+6,2.837e+6,2.266e+3
545.08,2.715e+6,2.711e+6,4.117e+3
545.13,2.555e+6,2.547e+6,7.355e+3
545.18,2.366e+6,2.353e+6,1.292e+4
545.23,2.160e+6,2.138e+6,2.232e+4
545.28,1.948e+6,1.910e+6,3.793e+4
545.33,1.741e+6,1.678e+6,6.337e+4
545.38,1.553e+6,1.449e+6,1.041e+5
545.43,1.399e+6,1.231e+6,1.683e+5
545.48,1.295e+6,1.028e+6,2.674e+5
545.53,1.262e+6,8.440e+5,4.178e+5
545.58,1.324e+6,6.815e+5,6.421e+5
545.63,1.512e+6,5.411e+5,9.705e+5
545.68,1.865e+6,4.225e+5,1.442e+6
545.73,2.433e+6,3.243e+5,2.108e+6
545.78,3.275e+6,2.448e+5,3.031e+6
545.83,4.466e+6,1.817e+5,4.284e+6
545.88,6.088e+6,1.326e+5,5.955e+6
545.93,8.236e+6,9.519e+4,8.141e+6
545.98,1.101e+7,6.718e+4,1.095e+7
546.03,1.452e+7,4.662e+4,1.447e+7
546.08,1.885e+7,3.181e+4,1.881e+7
546.13,2.408e+7,2.134e+4,2.406e+7
546.18,3.026e+7,1.408e+4,3.025e+7
546.23,3.742e+7,9.134e+3,3.741e+7
546.28,4.550e+7,5.827e+3,4.549e+7
546.33,5.441e+7,3.655e+3,5.440e+7
546.38,6.398e+7,2.254e+3,6.398e+7
546.43,7.400e+7,1.367e+3,7.400e+7
546.48,8.417e+7,8.152e+2,8.417e+7
546.53,9.415e+7,4.780e+2,9.414e+7
546.58,1.036e+8,2.756e+2,1.036e+8
546.63,1.120e+8,1.563e+2,1.120e+8
546.68,1.192e+8,8.712e+1,1.192e+8
546.73,1.247e+8,4.776e+1,1.247e+8
546.78,1.283e+8,2.575e+1,1.283e+8
546.83,1.298e+8,1.365e+1,1.298e+8
546.88,1.291e+8,7.112e+0,1.291e+8
546.93,1.264e+8,3.645e+0,1.264e+8
546.98,1.216e+8,1.837e+0,1.216e+8
547.03,1.151e+8,9.101e-1,1.151e+8
547.08,1.071e+8,4.435e-1,1.071e+8
547.13,9.800e+7,2.125e-1,9.800e+7
547.18,8.820e+7,1.001e-1,8.820e+7
547.23,7.807e+7,4.637e-2,7.807e+7
547.28,6.795e+7,2.112e-2,6.795e+7
547.33,5.816e+7,9.460e-3,5.816e+7
547.38,4.896e+7,4.166e-3,4.896e+7
547.43,4.053e+7,1.804e-3,4.053e+7
547.48,3.300e+7,7.683e-4,3.300e+7
547.53,2.642e+7,3.217e-4,2.642e+7
547.58,2.080e+7,1.325e-4,2.080e+7
547.63,1.611e+7,5.363e-5,1.611e+7
547.68,1.226e+7,2.135e-5,1.226e+7
547.73,9.183e+6,8.357e-6,9.183e+6
547.78,6.762e+6,3.217e-6,6.762e+6
547.83,4.897e+6,1.218e-6,4.897e+6
547.88,3.488e+6,4.531e-7,3.488e+6
547.93,2.443e+6,1.658e-7,2.443e+6
547.98,1.682e+6,5.967e-8,1.682e+6
548.03,1.139e+6,2.111e-8,1.139e+6
548.08,7.590e+5,7.346e-9,7.590e+5
548.13,4.972e+5,2.513e-9,4.972e+5
548.18,3.203e+5,8.455e-10,3.203e+5
548.23,2.029e+5,,2.029e+5
548.28,1.264e+5,,1.264e+5
548.33,7.745e+4,,7.745e+4
548.38,4.667e+4,,4.667e+4
548.43,2.765e+4,,2.765e+4
548.48,1.611e+4,,1.611e+4
548.53,9.233e+3,,9.233e+3
548.58,5.203e+3,,5.203e+3
548.63,2.884e+3,,2.884e+3
548.68,1.572e+3,,1.572e+3
548.73,8.424e+2,,8.424e+2
548.78,4.443e+2,,4.443e+2
548.83,2.309e+2,,2.309e+2
548.88,1.189e+2,,1.189e+2
548.93,6.225e+1,,6.225e+1
548.98,3.623e+1,,3.623e+1
549.03,2.902e+1,,2.902e+1
549.08,3.713e+1,,3.713e+1
549.13,6.398e+1,,6.398e+1
549.18,1.211e+2,,1.211e+2
549.23,2.321e+2,,2.321e+2
549.28,4.408e+2,,4.408e+2
549.33,8.248e+2,,8.248e+2
549.38,1.519e+3,,1.519e+3
549.43,2.751e+3,,2.751e+3
549.48,4.901e+3,,4.901e+3
549.53,8.590e+3,,8.590e+3
549.58,1.481e+4,,1.481e+4
549.63,2.512e+4,,2.512e+4
549.68,4.190e+4,,4.190e+4
549.73,6.877e+4,,6.877e+4
549.78,1.110e+5,,1.110e+5
549.83,1.763e+5,,1.763e+5
549.88,2.753e+5,,2.753e+5
549.93,4.231e+5,,4.231e+5
549.98,6.394e+5,,6.394e+5
550.03,9.507e+5,,9.507e+5
550.08,1.390e+6,,1.390e+6
550.13,2.000e+6,,2.000e+6
550.18,2.831e+6,,2.831e+6
550.23,3.941e+6,,3.941e+6
550.28,5.396e+6,,5.396e+6
550.33,7.268e+6,,7.268e+6
550.38,9.630e+6,,9.630e+6
550.43,1.255e+7,,1.255e+7
550.48,1.609e+7,,1.609e+7
550.53,2.030e+7,,2.030e+7
550.58,2.518e+7,,2.518e+7
550.63,3.073e+7,,3.073e+7
550.68,3.688e+7,,3.688e+7
550.73,4.355e+7,,4.355e+7
550.78,5.059e+7,,5.059e+7
550.83,5.780e+7,,5.780e+7
550.88,6.497e+7,,6.497e+7
550.93,7.183e+7,,7.183e+7
550.98,7.812e+7,,7.812e+7
551.03,8.357e+7,,8.357e+7
551.08,8.794e+7,,8.794e+7
551.13,9.103e+7,,9.103e+7
551.18,9.270e+7,,9.270e+7
551.23,9.285e+7,,9.285e+7
551.28,9.149e+7,,9.149e+7
551.33,8.867e+7,,8.867e+7
551.38,8.454e+7,,8.454e+7
551.43,7.928e+7,,7.928e+7
551.48,7.314e+7,,7.314e+7
551.53,6.637e+7,,6.637e+7
551.58,5.925e+7,,5.925e+7
551.63,5.202e+7,,5.202e+7
551.68,4.494e+7,,4.494e+7
551.73,3.818e+7,,3.818e+7
551.78,3.191e+7,,3.191e+7
551.83,2.624e+7,,2.624e+7
551.88,2.122e+7,,2.122e+7
551.93,1.688e+7,,1.688e+7
551.98,1.321e+7,,1.321e+7
552.03,1.017e+7,,1.017e+7
552.08,7.699e+6,,7.699e+6
552.13,5.735e+6,,5.735e+6
552.18,4.202e+6,,4.202e+6
552.23,3.028e+6,,3.028e+6
552.28,2.147e+6,3.149e-10,2.147e+6
552.33,1.497e+6,9.246e-10,1.497e+6
552.38,1.027e+6,2.671e-9,1.027e+6
552.43,6.931e+5,7.591e-9,6.931e+5
552.48,4.601e+5,2.123e-8,4.601e+5
552.53,3.004e+5,5.842e-8,3.004e+5
552.58,1.930e+5,1.582e-7,1.930e+5
552.63,1.219e+5,4.214e-7,1.219e+5
552.68,7.578e+4,1.105e-6,7.578e+4
552.73,4.633e+4,2.849e-6,4.633e+4
552.78,2.786e+4,7.230e-6,2.786e+4
552.83,1.648e+4,1.805e-5,1.648e+4
552.88,9.591e+3,4.435e-5,9.591e+3
552.93,5.490e+3,1.072e-4,5.490e+3
552.98,3.091e+3,2.550e-4,3.091e+3
553.03,1.712e+3,5.968e-4,1.712e+3
553.08,9.330e+2,1.374e-3,9.330e+2
553.13,5.000e+2,3.114e-3,5.000e+2
553.18,2.636e+2,6.942e-3,2.636e+2
553.23,1.367e+2,1.523e-2,1.367e+2
553.28,6.977e+1,3.286e-2,6.974e+1
553.33,3.507e+1,6.979e-2,3.500e+1
553.38,1.742e+1,1.458e-1,1.728e+1
553.43,8.688e+0,2.998e-1,8.388e+0
553.48,4.613e+0,6.064e-1,4.007e+0
553.53,3.089e+0,1.207e+0,1.882e+0
553.58,3.234e+0,2.364e+0,8.700e-1
553.63,4.951e+0,4.555e+0,3.955e-1
553.68,8.813e+0,8.636e+0,1.769e-1
553.73,1.619e+1,1.611e+1,7.781e-2
553.78,2.961e+1,2.957e+1,3.367e-2
553.83,5.343e+1,5.341e+1,1.433e-2
553.88,9.492e+1,9.492e+1,6.001e-3
553.93,1.660e+2,1.660e+2,2.472e-3
553.98,2.855e+2,2.855e+2,1.002e-3
554.03,4.833e+2,4.833e+2,3.992e-4
554.08,8.050e+2,8.050e+2,1.565e-4
554.13,1.319e+3,1.319e+3,6.035e-5
554.18,2.127e+3,2.127e+3,2.289e-5
554.23,3.375e+3,3.375e+3,8.543e-6
554.28,5.269e+3,5.269e+3,3.136e-6
554.33,8.094e+3,8.094e+3,1.132e-6
554.38,1.223e+4,1.223e+4,4.022e-7
554.43,1.819e+4,1.819e+4,1.405e-7
554.48,2.662e+4,2.662e+4,4.829e-8
554.53,3.833e+4,3.833e+4,1.633e-8
554.58,5.430e+4,5.430e+4,
554.63,7.569e+4,7.569e+4,
554.68,1.038e+5,1.038e+5,
554.73,1.401e+5,1.401e+5,
554.78,1.861e+5,1.861e+5,
554.83,2.432e+5,2.432e+5,
554.88,3.128e+5,3.128e+5,
554.93,3.960e+5,3.960e+5,
554.98,4.933e+5,4.933e+5,
555.03,6.049e+5,6.049e+5,
555.08,7.301e+5,7.301e+5,
555.13,8.677e+5,8.677e+5,
555.18,1.016e+6,1.016e+6,
555.23,1.171e+6,1.171e+6,
555.28,1.330e+6,1.330e+6,
555.33,1.490e+6,1.490e+6,
555.38,1.646e+6,1.646e+6,
555.43,1.796e+6,1.796e+6,
555.48,1.937e+6,1.937e+6,
555.53,2.067e+6,2.067e+6,
555.58,2.186e+6,2.186e+6,
555.63,2.296e+6,2.296e+6,
555.68,2.400e+6,2.400e+6,
555.73,2.503e+6,2.503e+6,
555.78,2.609e+6,2.609e+6,
555.83,2.726e+6,2.726e+6,
555.88,2.859e+6,2.859e+6,
555.93,3.013e+6,3.013e+6,
555.98,3.192e+6,3.192e+6,
556.03,3.396e+6,3.396e+6,
556.08,3.626e+6,3.626e+6,
556.13,3.875e+6,3.875e+6,
556.18,4.137e+6,4.137e+6,
556.23,4.401e+6,4.401e+6,
556.28,4.655e+6,4.655e+6,
556.33,4.885e+6,4.885e+6,
556.38,5.079e+6,5.079e+6,
556.43,5.224e+6,5.224e+6,
556.48,5.308e+6,5.308e+6,
556.53,5.324e+6,5.324e+6,
556.58,5.268e+6,5.268e+6,
556.63,5.140e+6,5.140e+6,
556.68,4.941e+6,4.941e+6,
556.73,4.680e+6,4.680e+6,
556.78,4.366e+6,4.366e+6,
556.83,4.011e+6,4.011e+6,
556.88,3.628e+6,3.628e+6,
556.93,3.232e+6,3.232e+6,
556.98,2.833e+6,2.833e+6,
557.03,2.445e+6,2.445e+6,
557.08,2.078e+6,2.078e+6,
557.13,1.737e+6,1.737e+6,
557.18,1.430e+6,1.430e+6,
557.23,1.159e+6,1.159e+6,
557.28,9.242e+5,9.242e+5,
557.33,7.254e+5,7.254e+5,
557.38,5.605e+5,5.605e+5,
557.43,4.262e+5,4.262e+5,
557.48,3.190e+5,3.190e+5,
557.53,2.350e+5,2.350e+5,
557.58,1.704e+5,1.704e+5,
557.63,1.216e+5,1.216e+5,
557.68,8.543e+4,8.543e+4,
557.73,5.908e+4,5.908e+4,
557.78,4.023e+4,4.023e+4,
557.83,2.700e+4,2.700e+4,
557.88,1.790e+4,1.790e+4,
557.93,1.179e+4,1.179e+4,
557.98,7.828e+3,7.828e+3,
558.03,5.417e+3,5.417e+3,
558.08,4.163e+3,4.163e+3,
558.13,3.842e+3,3.842e+3,
558.18,4.374e+3,4.374e+3,
558.23,5.809e+3,5.809e+3,
558.28,8.330e+3,8.330e+3,
558.33,1.225e+4,1.225e+4,
558.38,1.804e+4,1.804e+4,
558.43,2.632e+4,2.632e+4,
558.48,3.791e+4,3.791e+4,
558.53,5.384e+4,5.384e+4,
558.58,7.533e+4,7.533e+4,
558.63,1.039e+5,1.039e+5,
558.68,1.411e+5,1.411e+5,
558.73,1.889e+5,1.889e+5,
558.78,2.493e+5,2.493e+5,
558.83,3.244e+5,3.244e+5,
558.88,4.163e+5,4.163e+5,
558.93,5.272e+5,5.272e+5,
558.98,6.589e+5,6.589e+5,
559.03,8.131e+5,8.131e+5,
559.08,9.912e+5,9.912e+5,
559.13,1.194e+6,1.194e+6,
559.18,1.422e+6,1.422e+6,
559.23,1.676e+6,1.676e+6,
559.28,1.955e+6,1.955e+6,
559.33,2.257e+6,2.257e+6,
559.38,2.582e+6,2.582e+6,
559.43,2.926e+6,2.926e+6,
559.48,3.288e+6,3.288e+6,
559.53,3.662e+6,3.662e+6,
559.58,4.044e+6,4.044e+6,
559.63,4.428e+6,4.428e+6,
559.68,4.806e+6,4.806e+6,
559.73,5.170e+6,5.170e+6,
559.78,5.510e+6,5.510e+6,
559.83,5.816e+6,5.816e+6,
559.88,6.078e+6,6.078e+6,
559.93,6.284e+6,6.284e+6,
559.98,6.426e+6,6.426e+6,
560.03,6.496e+6,6.496e+6,
560.08,6.488e+6,6.488e+6,
560.13,6.400e+6,6.400e+6,
560.18,6.232e+6,6.232e+6,
560.23,5.989e+6,5.989e+6,
560.28,5.677e+6,5.677e+6,
560.33,5.307e+6,5.307e+6,
560.38,4.891e+6,4.891e+6,
560.43,4.444e+6,4.444e+6,
560.48,3.978e+6,3.978e+6,
560.53,3.509e+6,3.509e+6,
560.58,3.049e+6,3.049e+6,
560.63,2.609e+6,2.609e+6,
560.68,2.199e+6,2.199e+6,
560.73,1.825e+6,1.825e+6,
560.78,1.492e+6,1.492e+6,
560.83,1.200e+6,1.200e+6,
560.88,9.509e+5,9.509e+5,
560.93,7.416e+5,7.416e+5,
560.98,5.694e+5,5.694e+5,
561.03,4.303e+5,4.303e+5,
561.08,3.202e+5,3.202e+5,
561.13,2.345e+5,2.345e+5,
561.18,1.690e+5,1.690e+5,
561.23,1.199e+5,1.199e+5,
561.28,8.373e+4,8.373e+4,
561.33,5.756e+4,5.756e+4,
561.38,3.894e+4,3.894e+4,
561.43,2.593e+4,2.593e+4,
561.48,1.699e+4,1.699e+4,
561.53,1.096e+4,1.096e+4,
561.58,6.958e+3,6.958e+3,
561.63,4.348e+3,4.348e+3,
561.68,2.674e+3,2.674e+3,
561.73,1.618e+3,1.618e+3,
561.78,9.640e+2,9.640e+2,
561.83,5.652e+2,5.652e+2,
561.88,3.261e+2,3.261e+2,
561.93,1.852e+2,1.852e+2,
561.98,1.035e+2,1.035e+2,
562.03,5.695e+1,5.695e+1,
562.08,3.083e+1,3.083e+1,
562.13,1.643e+1,1.643e+1,
562.18,8.616e+0,8.616e+0,
562.23,4.447e+0,4.447e+0,
562.28,2.259e+0,2.259e+0,
562.33,1.129e+0,1.129e+0,
562.38,5.557e-1,5.557e-1,
562.43,2.691e-1,2.691e-1,
562.48,1.283e-1,1.283e-1,
562.53,6.016e-2,6.016e-2,
562.58,2.778e-2,2.778e-2,
562.63,1.263e-2,1.263e-2,
562.68,5.674e-3,5.674e-3,
562.73,2.559e-3,2.559e-3,
562.78,1.255e-3,1.255e-3,
562.83,8.761e-4,8.761e-4,
562.88,1.150e-3,1.150e-3,
562.93,2.242e-3,2.242e-3,
562.98,4.841e-3,4.841e-3,
563.03,1.054e-2,1.054e-2,
563.08,2.268e-2,2.268e-2,
563.13,4.810e-2,4.810e-2,
563.18,1.005e-1,1.005e-1,
563.23,2.065e-1,2.065e-1,
563.28,4.180e-1,4.180e-1,
563.33,8.330e-1,8.330e-1,
563.38,1.634e+0,1.634e+0,
563.43,3.156e+0,3.156e+0,
563.48,6.001e+0,6.001e+0,
563.53,1.123e+1,1.123e+1,
563.58,2.070e+1,2.070e+1,
563.63,3.756e+1,3.756e+1,
563.68,6.708e+1,6.708e+1,
563.73,1.180e+2,1.180e+2,
563.78,2.042e+2,2.042e+2,
563.83,3.480e+2,3.480e+2,
563.88,5.839e+2,5.839e+2,
563.93,9.644e+2,9.644e+2,
563.98,1.568e+3,1.568e+3,
564.03,2.511e+3,2.511e+3,
564.08,3.957e+3,3.957e+3,
564.13,6.141e+3,6.141e+3,
564.18,9.380e+3,9.380e+3,
564.23,1.411e+4,1.411e+4,
564.28,2.089e+4,2.089e+4,
564.33,3.044e+4,3.044e+4,
564.38,4.369e+4,4.369e+4,
564.43,6.172e+4,6.172e+4,
564.48,8.584e+4,8.584e+4,
564.53,1.175e+5,1.175e+5,
564.58,1.584e+5,1.584e+5,
564.63,2.103e+5,2.103e+5,
564.68,2.747e+5,2.747e+5,
564.73,3.533e+5,3.533e+5,
564.78,4.474e+5,4.474e+5,
564.83,5.577e+5,5.577e+5,
564.88,6.845e+5,6.845e+5,
564.93,8.271e+5,8.271e+5,
564.98,9.838e+5,9.838e+5,
565.03,1.152e+6,1.152e+6,
565.08,1.328e+6,1.328e+6,
565.13,1.508e+6,1.508e+6,
565.18,1.685e+6,1.685e+6,
565.23,1.853e+6,1.853e+6,
565.28,2.007e+6,2.007e+6,
565.33,2.140e+6,2.140e+6,
565.38,2.247e+6,2.247e+6,
565.43,2.323e+6,2.323e+6,
565.48,2.364e+6,2.364e+6,
565.53,2.369e+6,2.369e+6,
565.58,2.339e+6,2.339e+6,
565.63,2.274e+6,2.274e+6,
565.68,2.179e+6,2.179e+6,
565.73,2.059e+6,2.059e+6,
565.78,1.921e+6,1.921e+6,
565.83,1.770e+6,1.770e+6,
565.88,1.616e+6,1.616e+6,
565.93,1.467e+6,1.467e+6,
565.98,1.329e+6,1.329e+6,
566.03,1.211e+6,1.211e+6,
566.08,1.118e+6,1.118e+6,
566.13,1.056e+6,1.056e+6,
566.18,1.029e+6,1.029e+6,
566.23,1.041e+6,1.041e+6,
566.28,1.094e+6,1.094e+6,
566.33,1.187e+6,1.187e+6,
566.38,1.321e+6,1.321e+6,
566.43,1.492e+6,1.492e+6,
566.48,1.696e+6,1.696e+6,
566.53,1.927e+6,1.927e+6,
566.58,2.179e+6,2.179e+6,
566.63,2.444e+6,2.444e+6,
566.68,2.712e+6,2.712e+6,
566.73,2.975e+6,2.975e+6,
566.78,3.222e+6,3.222e+6,
566.83,3.445e+6,3.445e+6,
566.88,3.637e+6,3.637e+6,
566.93,3.792e+6,3.792e+6,
566.98,3.907e+6,3.907e+6,
567.03,3.980e+6,3.980e+6,
567.08,4.012e+6,4.012e+6,
567.13,4.007e+6,4.007e+6,
567.18,3.968e+6,3.968e+6,
567.23,3.902e+6,3.902e+6,
567.28,3.816e+6,3.816e+6,
567.33,3.715e+6,3.715e+6,
567.38,3.606e+6,3.606e+6,
567.43,3.493e+6,3.493e+6,
567.48,3.380e+6,3.380e+6,
567.53,3.267e+6,3.267e+6,
567.58,3.155e+6,3.155e+6,
567.63,3.042e+6,3.042e+6,
567.68,2.927e+6,2.927e+6,
567.73,2.807e+6,2.807e+6,
567.78,2.680e+6,2.680e+6,
567.83,2.543e+6,2.543e+6,
567.88,2.397e+6,2.397e+6,
567.93,2.240e+6,2.240e+6,
567.98,2.075e+6,2.075e+6,
568.03,1.903e+6,1.903e+6,
568.08,1.728e+6,1.728e+6,
568.13,1.554e+6,1.554e+6,
568.18,1.385e+6,1.385e+6,
568.23,1.226e+6,1.226e+6,
568.28,1.081e+6,1.081e+6,
568.33,9.557e+5,9.557e+5,
568.38,8.527e+5,8.527e+5,
568.43,7.761e+5,7.761e+5,
568.48,7.288e+5,7.288e+5,
568.53,7.135e+5,7.135e+5,
568.58,7.325e+5,7.325e+5,
568.63,7.876e+5,7.876e+5,
568.68,8.804e+5,8.804e+5,
568.73,1.012e+6,1.012e+6,
568.78,1.184e+6,1.184e+6,
568.83,1.395e+6,1.395e+6,
568.88,1.646e+6,1.646e+6,
568.93,1.936e+6,1.936e+6,
568.98,2.261e+6,2.261e+6,
569.03,2.620e+6,2.620e+6,
569.08,3.006e+6,3.006e+6,
569.13,3.413e+6,3.413e+6,
569.18,3.834e+6,3.834e+6,
569.23,4.258e+6,4.258e+6,
569.28,4.676e+6,4.676e+6,
569.33,5.074e+6,5.074e+6,
569.38,5.440e+6,5.440e+6,
569.43,5.762e+6,5.762e+6,
569.48,6.028e+6,6.028e+6,
569.53,6.228e+6,6.228e+6,
569.58,6.352e+6,6.352e+6,
569.63,6.396e+6,6.396e+6,
569.68,6.355e+6,6.355e+6,
569.73,6.231e+6,6.231e+6,
569.78,6.028e+6,6.028e+6,
569.83,5.751e+6,5.751e+6,
569.88,5.412e+6,5.412e+6,
569.93,5.022e+6,5.022e+6,
569.98,4.595e+6,4.595e+6,
570.03,4.145e+6,4.145e+6,
570.08,3.685e+6,3.685e+6,
570.13,3.229e+6,3.229e+6,
570.18,2.789e+6,2.789e+6,
570.23,2.374e+6,2.374e+6,
570.28,1.992e+6,1.992e+6,
570.33,1.647e+6,1.647e+6,
570.38,1.343e+6,1.343e+6,
570.43,1.080e+6,1.080e+6,
570.48,8.585e+5,8.585e+5,
570.53,6.760e+5,6.760e+5,
570.58,5.302e+5,5.302e+5,
570.63,4.181e+5,4.181e+5,
570.68,3.370e+5,3.370e+5,
570.73,2.844e+5,2.844e+5,
570.78,2.585e+5,2.585e+5,
570.83,2.581e+5,2.581e+5,
570.88,2.831e+5,2.831e+5,
570.93,3.340e+5,3.340e+5,
570.98,4.122e+5,4.122e+5,
571.03,5.193e+5,5.193e+5,
571.08,6.576e+5,6.576e+5,
571.13,8.289e+5,8.289e+5,
571.19,1.080e+6,1.080e+6,
571.24,1.328e+6,1.328e+6,
571.29,1.611e+6,1.611e+6,
571.34,1.925e+6,1.925e+6,
571.39,2.266e+6,2.266e+6,
571.44,2.628e+6,2.628e+6,
571.49,3.002e+6,3.002e+6,
571.54,3.376e+6,3.376e+6,
571.59,3.740e+6,3.740e+6,
571.64,4.081e+6,4.081e+6,
571.69,4.385e+6,4.385e+6,
571.74,4.640e+6,4.640e+6,
571.79,4.836e+6,4.836e+6,
571.84,4.963e+6,4.963e+6,
571.89,5.016e+6,5.016e+6,
571.94,4.993e+6,4.993e+6,
571.99,4.895e+6,4.895e+6,
572.04,4.726e+6,4.726e+6,
572.09,4.494e+6,4.494e+6,
572.14,4.208e+6,4.208e+6,
572.19,3.880e+6,3.880e+6,
572.24,3.524e+6,3.524e+6,
572.29,3.152e+6,3.152e+6,
572.34,2.776e+6,2.776e+6,
572.39,2.408e+6,2.408e+6,
572.44,2.057e+6,2.057e+6,
572.49,1.731e+6,1.731e+6,
572.54,1.434e+6,1.434e+6,
572.59,1.170e+6,1.170e+6,
572.64,9.406e+5,9.406e+5,
572.69,7.444e+5,7.444e+5,
572.74,5.802e+5,5.802e+5,
572.79,4.454e+5,4.454e+5,
572.84,3.367e+5,3.367e+5,
572.89,2.507e+5,2.507e+5,
572.94,1.838e+5,1.838e+5,
572.99,1.327e+5,1.327e+5,
573.04,9.438e+4,9.438e+4,
573.09,6.610e+4,6.610e+4,
573.14,4.559e+4,4.559e+4,
573.19,3.097e+4,3.097e+4,
573.24,2.072e+4,2.072e+4,
573.29,1.365e+4,1.365e+4,
573.34,8.854e+3,8.854e+3,
573.39,5.658e+3,5.658e+3,
573.44,3.560e+3,3.560e+3,
573.49,2.206e+3,2.206e+3,
573.54,1.347e+3,1.347e+3,
573.59,8.094e+2,8.094e+2,
573.64,4.791e+2,4.791e+2,
573.69,2.793e+2,2.793e+2,
573.74,1.603e+2,1.603e+2,
573.79,9.066e+1,9.066e+1,
573.84,5.048e+1,5.048e+1,
573.89,2.768e+1,2.768e+1,
573.94,1.495e+1,1.495e+1,
573.99,7.952e+0,7.952e+0,
574.04,4.165e+0,4.165e+0,
574.09,2.149e+0,2.149e+0,
574.14,1.092e+0,1.092e+0,
574.19,5.461e-1,5.461e-1,
574.24,2.691e-1,2.691e-1,
574.29,1.306e-1,1.306e-1,
574.34,6.241e-2,6.241e-2,
574.39,2.939e-2,2.939e-2,
574.44,1.366e-2,1.366e-2,
574.49,6.328e-3,6.328e-3,
574.54,3.056e-3,3.056e-3,
574.59,1.834e-3,1.834e-3,
574.64,1.881e-3,1.881e-3,
574.69,3.198e-3,3.198e-3,
574.74,6.560e-3,6.560e-3,
574.79,1.391e-2,1.391e-2,
574.84,2.933e-2,2.933e-2,
574.89,6.106e-2,6.106e-2,
574.94,1.253e-1,1.253e-1,
574.99,2.531e-1,2.531e-1,
575.04,5.040e-1,5.040e-1,
575.09,9.885e-1,9.885e-1,
575.14,1.910e+0,1.910e+0,
575.19,3.635e+0,3.635e+0,
575.24,6.815e+0,6.815e+0,
575.29,1.259e+1,1.259e+1,
575.34,2.290e+1,2.290e+1,
575.39,4.105e+1,4.105e+1,
575.44,7.249e+1,7.249e+1,
575.49,1.261e+2,1.261e+2,
575.54,2.161e+2,2.161e+2,
575.59,3.647e+2,3.647e+2,
575.64,6.065e+2,6.065e+2,
575.69,9.936e+2,9.936e+2,
575.74,1.603e+3,1.603e+3,
575.79,2.549e+3,2.549e+3,
575.84,3.992e+3,3.992e+3,
575.89,6.158e+3,6.158e+3,
575.94,9.359e+3,9.359e+3,
575.99,1.401e+4,1.401e+4,
576.04,2.067e+4,2.067e+4,
576.09,3.002e+4,3.002e+4,
576.14,4.297e+4,4.297e+4,
576.19,6.059e+4,6.059e+4,
576.24,8.415e+4,8.415e+4,
576.29,1.151e+5,1.151e+5,
576.34,1.552e+5,1.552e+5,
576.39,2.061e+5,2.061e+5,
576.44,2.696e+5,2.696e+5,
576.49,3.473e+5,3.473e+5,
576.54,4.409e+5,4.409e+5,
576.59,5.514e+5,5.514e+5,
576.64,6.792e+5,6.792e+5,
576.69,8.242e+5,8.242e+5,
576.74,9.853e+5,9.853e+5,
576.79,1.160e+6,1.160e+6,
576.84,1.346e+6,1.346e+6,
576.89,1.538e+6,1.538e+6,
576.94,1.732e+6,1.732e+6,
576.99,1.921e+6,1.921e+6,
577.04,2.099e+6,2.099e+6,
577.09,2.259e+6,2.259e+6,
577.14,2.396e+6,2.396e+6,
577.19,2.503e+6,2.503e+6,
577.24,2.576e+6,2.576e+6,
577.29,2.612e+6,2.612e+6,
577.34,2.610e+6,2.610e+6,
577.39,2.570e+6,2.570e+6,
577.44,2.494e+6,2.494e+6,
577.49,2.387e+6,2.387e+6,
577.54,2.253e+6,2.253e+6,
577.59,2.100e+6,2.100e+6,
577.64,1.935e+6,1.935e+6,
577.69,1.766e+6,1.766e+6,
577.74,1.600e+6,1.600e+6,
577.79,1.445e+6,1.445e+6,
577.84,1.309e+6,1.309e+6,
577.89,1.197e+6,1.197e+6,
577.94,1.113e+6,1.113e+6,
577.99,1.064e+6,1.064e+6,
578.04,1.049e+6,1.049e+6,
578.09,1.072e+6,1.072e+6,
578.14,1.132e+6,1.132e+6,
578.19,1.227e+6,1.227e+6,
578.24,1.355e+6,1.355e+6,
578.29,1.512e+6,1.512e+6,
578.34,1.691e+6,1.691e+6,
578.39,1.887e+6,1.887e+6,
578.44,2.091e+6,2.091e+6,
578.49,2.295e+6,2.295e+6,
578.54,2.490e+6,2.490e+6,
578.59,2.668e+6,2.668e+6,
578.64,2.821e+6,2.821e+6,
578.69,2.940e+6,2.940e+6,
578.74,3.022e+6,3.022e+6,
578.79,3.061e+6,3.061e+6,
578.84,3.055e+6,3.055e+6,
578.89,3.004e+6,3.004e+6,
578.94,2.911e+6,2.911e+6,
578.99,2.779e+6,2.779e+6,
579.04,2.614e+6,2.614e+6,
579.09,2.422e+6,2.422e+6,
579.14,2.211e+6,2.211e+6,
579.19,1.989e+6,1.989e+6,
579.24,1.762e+6,1.762e+6,
579.29,1.539e+6,1.539e+6,
579.34,1.323e+6,1.323e+6,
579.39,1.121e+6,1.121e+6,
579.44,9.362e+5,9.362e+5,
579.49,7.700e+5,7.700e+5,
579.54,6.241e+5,6.241e+5,
579.59,4.985e+5,4.985e+5,
579.64,3.925e+5,3.925e+5,
579.69,3.049e+5,3.049e+5,
579.74,2.341e+5,2.341e+5,
579.79,1.781e+5,1.781e+5,
579.84,1.351e+5,1.351e+5,
579.89,1.035e+5,1.035e+5,
579.94,8.180e+4,8.180e+4,
579.99,6.883e+4,6.883e+4,
580.04,6.392e+4,6.392e+4,
580.09,6.677e+4,6.677e+4,
580.14,7.754e+4,7.754e+4,
580.19,9.683e+4,9.683e+4,
580.24,1.256e+5,1.256e+5,
580.29,1.653e+5,1.653e+5,
580.34,2.175e+5,2.175e+5,
580.39,2.841e+5,2.841e+5,
580.44,3.669e+5,3.669e+5,
580.49,4.676e+5,4.676e+5,
580.54,5.877e+5,5.877e+5,
580.59,7.281e+5,7.281e+5,
580.64,8.889e+5,8.889e+5,
580.69,1.069e+6,1.069e+6,
580.74,1.268e+6,1.268e+6,
580.79,1.481e+6,1.481e+6,
580.84,1.704e+6,1.704e+6,
580.89,1.933e+6,1.933e+6,
580.94,2.160e+6,2.160e+6,
580.99,2.378e+6,2.378e+6,
581.04,2.579e+6,2.579e+6,
581.09,2.757e+6,2.757e+6,
581.14,2.903e+6,2.903e+6,
581.19,3.013e+6,3.013e+6,
581.24,3.080e+6,3.080e+6,
581.29,3.103e+6,3.103e+6,
581.34,3.080e+6,3.080e+6,
581.39,3.013e+6,3.013e+6,
581.44,2.903e+6,2.903e+6,
581.49,2.757e+6,2.757e+6,
581.54,2.579e+6,2.579e+6,
581.59,2.378e+6,2.378e+6,
581.64,2.160e+6,2.160e+6,
581.69,1.933e+6,1.933e+6,
581.74,1.704e+6,1.704e+6,
581.79,1.481e+6,1.481e+6,
581.84,1.268e+6,1.268e+6,
581.89,1.069e+6,1.069e+6,
581.94,8.888e+5,8.888e+5,
581.99,7.279e+5,7.279e+5,
582.04,5.873e+5,5.873e+5,
582.09,4.669e+5,4.669e+5,
582.14,3.658e+5,3.658e+5,
582.19,2.823e+5,2.823e+5,
582.24,2.147e+5,2.147e+5,
582.29,1.609e+5,1.609e+5,
582.34,1.188e+5,1.188e+5,
582.39,8.643e+4,8.643e+4,
582.44,6.195e+4,6.195e+4,
582.49,4.376e+4,4.376e+4,
582.54,3.045e+4,3.045e+4,
582.59,2.088e+4,2.088e+4,
582.64,1.411e+4,1.411e+4,
582.69,9.391e+3,9.391e+3,
582.74,6.159e+3,6.159e+3,
582.79,3.981e+3,3.981e+3,
582.84,2.535e+3,2.535e+3,
582.89,1.590e+3,1.590e+3,
582.94,9.833e+2,9.833e+2,
582.99,5.989e+2,5.989e+2,
583.04,3.595e+2,3.595e+2,
583.09,2.126e+2,2.126e+2,
583.14,1.239e+2,1.239e+2,
583.19,7.112e+1,7.112e+1,
583.24,4.023e+1,4.023e+1,
583.29,2.242e+1,2.242e+1,
583.34,1.232e+1,1.232e+1,
583.39,6.664e+0,6.664e+0,
583.44,3.553e+0,3.553e+0,
583.49,1.867e+0,1.867e+0,
583.54,9.663e-1,9.663e-1,
583.59,4.929e-1,4.929e-1,
583.64,2.477e-1,2.477e-1,
583.69,1.226e-1,1.226e-1,
583.74,5.984e-2,5.984e-2,
583.79,2.876e-2,2.876e-2,
583.84,1.362e-2,1.362e-2,
583.89,6.359e-3,6.359e-3,
583.94,2.924e-3,2.924e-3,
583.99,1.325e-3,1.325e-3,
584.04,5.915e-4,5.915e-4,
584.09,2.602e-4,2.602e-4,
584.14,1.128e-4,1.128e-4,
584.19,4.816e-5,4.816e-5,
584.24,2.026e-5,2.026e-5,
584.29,8.401e-6,8.401e-6,
584.34,3.432e-6,3.432e-6,
584.39,1.381e-6,1.381e-6,
584.44,5.479e-7,5.479e-7,
584.49,2.141e-7,2.141e-7,
584.54,8.243e-8,8.243e-8,
584.59,3.127e-8,3.127e-8,
584.64,1.169e-8,1.169e-8,
584.69,4.306e-9,4.306e-9,
584.74,1.563e-9,1.563e-9,
584.79,5.587e-10,5.587e-10,
590.54,8.429e-10,8.429e-10,
590.59,2.288e-9,2.288e-9,
590.64,6.125e-9,6.125e-9,
590.69,1.617e-8,1.617e-8,
590.74,4.206e-8,4.206e-8,
590.79,1.079e-7,1.079e-7,
590.84,2.729e-7,2.729e-7,
590.89,6.806e-7,6.806e-7,
590.94,1.673e-6,1.673e-6,
590.99,4.056e-6,4.056e-6,
591.04,9.693e-6,9.693e-6,
591.09,2.284e-5,2.284e-5,
591.14,5.306e-5,5.306e-5,
591.19,1.215e-4,1.215e-4,
591.24,2.745e-4,2.745e-4,
591.29,6.111e-4,6.111e-4,
591.34,1.341e-3,1.341e-3,
591.39,2.903e-3,2.903e-3,
591.44,6.195e-3,6.195e-3,
591.49,1.303e-2,1.303e-2,
591.54,2.703e-2,2.703e-2,
591.59,5.529e-2,5.529e-2,
591.64,1.115e-1,1.115e-1,
591.69,2.216e-1,2.216e-1,
591.74,4.343e-1,4.343e-1,
591.79,8.393e-1,8.393e-1,
591.84,1.599e+0,1.599e+0,
591.89,3.004e+0,3.004e+0,
591.94,5.563e+0,5.563e+0,
591.99,1.016e+1,1.016e+1,
592.04,1.828e+1,1.828e+1,
592.09,3.245e+1,3.245e+1,
592.14,5.679e+1,5.679e+1,
592.19,9.799e+1,9.799e+1,
592.24,1.667e+2,1.667e+2,
592.29,2.796e+2,2.796e+2,
592.34,4.622e+2,4.622e+2,
592.39,7.536e+2,7.536e+2,
592.44,1.211e+3,1.211e+3,
592.49,1.920e+3,1.920e+3,
592.54,2.999e+3,2.999e+3,
592.59,4.620e+3,4.620e+3,
592.64,7.017e+3,7.017e+3,
592.69,1.051e+4,1.051e+4,
592.74,1.551e+4,1.551e+4,
592.79,2.258e+4,2.258e+4,
592.84,3.241e+4,3.241e+4,
592.89,4.585e+4,4.585e+4,
592.94,6.397e+4,6.397e+4,
592.99,8.798e+4,8.798e+4,
593.04,1.193e+5,1.193e+5,
593.09,1.595e+5,1.595e+5,
593.14,2.103e+5,2.103e+5,
593.19,2.733e+5,2.733e+5,
593.24,3.502e+5,3.502e+5,
593.29,4.424e+5,4.424e+5,
593.34,5.510e+5,5.510e+5,
593.39,6.767e+5,6.767e+5,
593.44,8.193e+5,8.193e+5,
593.49,9.780e+5,9.780e+5,
593.54,1.151e+6,1.151e+6,
593.59,1.336e+6,1.336e+6,
593.64,1.528e+6,1.528e+6,
593.69,1.724e+6,1.724e+6,
593.74,1.917e+6,1.917e+6,
593.79,2.102e+6,2.102e+6,
593.84,2.272e+6,2.272e+6,
593.89,2.422e+6,2.422e+6,
593.94,2.545e+6,2.545e+6,
593.99,2.636e+6,2.636e+6,
594.04,2.693e+6,2.693e+6,
594.09,2.712e+6,2.712e+6,
594.14,2.693e+6,2.693e+6,
594.19,2.636e+6,2.636e+6,
594.24,2.545e+6,2.545e+6,
594.29,2.422e+6,2.422e+6,
594.34,2.272e+6,2.272e+6,
594.39,2.102e+6,2.102e+6,
594.44,1.917e+6,1.917e+6,
594.49,1.724e+6,1.724e+6,
594.54,1.528e+6,1.528e+6,
594.59,1.336e+6,1.336e+6,
594.64,1.151e+6,1.151e+6,
594.69,9.780e+5,9.780e+5,
594.74,8.193e+5,8.193e+5,
594.79,6.767e+5,6.767e+5,
594.84,5.510e+5,5.510e+5,
594.89,4.424e+5,4.424e+5,
594.94,3.502e+5,3.502e+5,
594.99,2.733e+5,2.733e+5,
595.04,2.103e+5,2.103e+5,
595.09,1.595e+5,1.595e+5,
595.14,1.193e+5,1.193e+5,
595.19,8.798e+4,8.798e+4,
595.24,6.397e+4,6.397e+4,
595.29,4.585e+4,4.585e+4,
595.34,3.241e+4,3.241e+4,
595.39,2.258e+4,2.258e+4,
595.44,1.551e+4,1.551e+4,
595.49,1.051e+4,1.051e+4,
595.54,7.017e+3,7.017e+3,
595.59,4.620e+3,4.620e+3,
595.64,2.999e+3,2.999e+3,
595.69,1.920e+3,1.920e+3,
595.74,1.211e+3,1.211e+3,
595.79,7.536e+2,7.536e+2,
595.84,4.622e+2,4.622e+2,
595.89,2.796e+2,2.796e+2,
595.94,1.667e+2,1.667e+2,
595.99,9.799e+1,9.799e+1,
596.04,5.679e+1,5.679e+1,
596.09,3.245e+1,3.245e+1,
596.14,1.828e+1,1.828e+1,
596.19,1.016e+1,1.016e+1,
596.24,5.563e+0,5.563e+0,
596.29,3.004e+0,3.004e+0,
596.34,1.599e+0,1.599e+0,
596.39,8.393e-1,8.393e-1,
596.44,4.343e-1,4.343e-1,
596.49,2.216e-1,2.216e-1,
596.54,1.115e-1,1.115e-1,
596.59,5.529e-2,5.529e-2,
596.64,2.703e-2,2.703e-2,
596.69,1.303e-2,1.303e-2,
596.74,6.195e-3,6.195e-3,
596.79,2.903e-3,2.903e-3,
596.84,1.341e-3,1.341e-3,
596.89,6.111e-4,6.111e-4,
596.94,2.745e-4,2.745e-4,
596.99,1.215e-4,1.215e-4,
597.04,5.306e-5,5.306e-5,
597.09,2.284e-5,2.284e-5,
597.14,9.696e-6,9.696e-6,
597.19,4.064e-6,4.064e-6,
597.24,1.694e-6,1.694e-6,
597.29,7.319e-7,7.319e-7,
597.34,4.007e-7,4.007e-7,
597.39,4.218e-7,4.218e-7,
597.44,8.021e-7,8.021e-7,
597.49,1.832e-6,1.832e-6,
597.54,4.283e-6,4.283e-6,
597.59,9.939e-6,9.939e-6,
597.64,2.278e-5,2.278e-5,
597.69,5.148e-5,5.148e-5,
597.74,1.148e-4,1.148e-4,
597.79,2.524e-4,2.524e-4,
597.84,5.475e-4,5.475e-4,
597.89,1.171e-3,1.171e-3,
597.94,2.472e-3,2.472e-3,
597.99,5.144e-3,5.144e-3,
598.04,1.056e-2,1.056e-2,
598.09,2.138e-2,2.138e-2,
598.14,4.271e-2,4.271e-2,
598.19,8.413e-2,8.413e-2,
598.24,1.635e-1,1.635e-1,
598.29,3.133e-1,3.133e-1,
598.34,5.922e-1,5.922e-1,
598.39,1.104e+0,1.104e+0,
598.44,2.030e+0,2.030e+0,
598.49,3.683e+0,3.683e+0,
598.54,6.590e+0,6.590e+0,
598.59,1.163e+1,1.163e+1,
598.64,2.024e+1,2.024e+1,
598.69,3.476e+1,3.476e+1,
598.74,5.886e+1,5.886e+1,
598.79,9.832e+1,9.832e+1,
598.84,1.620e+2,1.620e+2,
598.89,2.633e+2,2.633e+2,
598.94,4.220e+2,4.220e+2,
598.99,6.673e+2,6.673e+2,
599.04,1.041e+3,1.041e+3,
599.09,1.601e+3,1.601e+3,
599.14,2.430e+3,2.430e+3,
599.19,3.636e+3,3.636e+3,
599.24,5.369e+3,5.369e+3,
599.29,7.819e+3,7.819e+3,
599.34,1.123e+4,1.123e+4,
599.39,1.592e+4,1.592e+4,
599.44,2.225e+4,2.225e+4,
599.49,3.067e+4,3.067e+4,
599.54,4.172e+4,4.172e+4,
599.59,5.597e+4,5.597e+4,
599.64,7.407e+4,7.407e+4,
599.69,9.671e+4,9.671e+4,
599.74,1.246e+5,1.246e+5,
599.79,1.583e+5,1.583e+5,5.363e-9
599.84,1.985e+5,1.985e+5,1.443e-8
599.89,2.455e+5,2.455e+5,3.832e-8
599.94,2.996e+5,2.996e+5,1.058e-7
599.99,3.608e+5,3.608e+5,2.738e-7
600.04,4.288e+5,4.288e+5,6.988e-7
600.09,5.029e+5,5.029e+5,1.760e-6
600.14,5.822e+5,5.822e+5,4.370e-6
600.19,6.654e+5,6.654e+5,1.071e-5
600.24,7.508e+5,7.508e+5,2.587e-5
600.29,8.367e+5,8.367e+5,6.168e-5
600.34,9.209e+5,9.209e+5,1.451e-4
600.39,1.001e+6,1.001e+6,3.365e-4
600.44,1.076e+6,1.076e+6,7.699e-4
600.49,1.144e+6,1.144e+6,1.738e-3
600.54,1.202e+6,1.202e+6,3.870e-3
600.59,1.251e+6,1.251e+6,8.500e-3
600.64,1.288e+6,1.288e+6,1.842e-2
600.69,1.315e+6,1.315e+6,3.936e-2
600.74,1.330e+6,1.330e+6,8.299e-2
600.79,1.335e+6,1.335e+6,1.726e-1
600.84,1.330e+6,1.330e+6,3.542e-1
600.89,1.317e+6,1.317e+6,7.168e-1
600.94,1.297e+6,1.297e+6,1.431e+0
600.99,1.270e+6,1.270e+6,2.819e+0
601.04,1.239e+6,1.239e+6,5.477e+0
601.09,1.205e+6,1.205e+6,1.050e+1
601.14,1.168e+6,1.168e+6,1.985e+1
601.19,1.129e+6,1.129e+6,3.702e+1
601.24,1.090e+6,1.090e+6,6.812e+1
601.29,1.051e+6,1.051e+6,1.236e+2
601.34,1.013e+6,1.013e+6,2.214e+2
601.39,9.777e+5,9.773e+5,3.911e+2
601.44,9.457e+5,9.450e+5,6.816e+2
601.49,9.186e+5,9.174e+5,1.172e+3
601.54,8.978e+5,8.958e+5,1.987e+3
601.59,8.850e+5,8.817e+5,3.325e+3
601.64,8.818e+5,8.764e+5,5.487e+3
601.69,8.901e+5,8.811e+5,8.935e+3
601.74,9.113e+5,8.969e+5,1.435e+4
601.79,9.470e+5,9.242e+5,2.275e+4
601.84,9.986e+5,9.630e+5,3.556e+4
601.89,1.068e+6,1.013e+6,5.485e+4
601.94,1.155e+6,1.072e+6,8.345e+4
601.99,1.264e+6,1.139e+6,1.253e+5
602.05,1.425e+6,1.225e+6,2.004e+5
602.1,1.591e+6,1.299e+6,2.920e+5
602.15,1.789e+6,1.370e+6,4.197e+5
602.2,2.030e+6,1.434e+6,5.953e+5
602.25,2.323e+6,1.490e+6,8.329e+5
602.3,2.682e+6,1.532e+6,1.150e+6
602.35,3.125e+6,1.559e+6,1.566e+6
602.4,3.672e+6,1.568e+6,2.105e+6
602.45,4.348e+6,1.558e+6,2.790e+6
602.5,5.179e+6,1.529e+6,3.650e+6
602.55,6.193e+6,1.481e+6,4.712e+6
602.6,7.417e+6,1.416e+6,6.001e+6
602.65,8.877e+6,1.336e+6,7.541e+6
602.7,1.059e+7,1.244e+6,9.351e+6
602.75,1.259e+7,1.143e+6,1.144e+7
602.8,1.485e+7,1.036e+6,1.382e+7
602.85,1.739e+7,9.261e+5,1.647e+7
602.9,2.019e+7,8.167e+5,1.937e+7
602.95,2.321e+7,7.104e+5,2.250e+7
603,2.640e+7,6.096e+5,2.579e+7
603.05,2.972e+7,5.161e+5,2.920e+7
603.1,3.308e+7,4.309e+5,3.265e+7
603.15,3.642e+7,3.550e+5,3.607e+7
603.2,3.967e+7,2.887e+5,3.938e+7
603.25,4.273e+7,2.318e+5,4.250e+7
603.3,4.556e+7,1.839e+5,4.537e+7
603.35,4.809e+7,1.445e+5,4.795e+7
603.4,5.029e+7,1.127e+5,5.018e+7
603.45,5.215e+7,8.785e+4,5.206e+7
603.5,5.366e+7,6.908e+4,5.359e+7
603.55,5.486e+7,5.567e+4,5.480e+7
603.6,5.578e+7,4.700e+4,5.573e+7
603.65,5.647e+7,4.255e+4,5.643e+7
603.7,5.700e+7,4.192e+4,5.696e+7
603.75,5.743e+7,4.485e+4,5.739e+7
603.8,5.781e+7,5.118e+4,5.776e+7
603.85,5.819e+7,6.083e+4,5.813e+7
603.9,5.858e+7,7.378e+4,5.851e+7
603.95,5.900e+7,9.004e+4,5.891e+7
604,5.941e+7,1.096e+5,5.930e+7
604.05,5.979e+7,1.324e+5,5.965e+7
604.1,6.006e+7,1.582e+5,5.990e+7
604.15,6.017e+7,1.869e+5,5.998e+7
604.2,6.003e+7,2.180e+5,5.981e+7
604.25,5.958e+7,2.510e+5,5.933e+7
604.3,5.875e+7,2.851e+5,5.846e+7
604.35,5.749e+7,3.196e+5,5.717e+7
604.4,5.578e+7,3.536e+5,5.542e+7
604.45,5.360e+7,3.861e+5,5.322e+7
604.5,5.099e+7,4.160e+5,5.058e+7
604.55,4.799e+7,4.426e+5,4.754e+7
604.6,4.465e+7,4.649e+5,4.418e+7
604.65,4.106e+7,4.824e+5,4.058e+7
604.7,3.730e+7,4.946e+5,3.681e+7
604.75,3.348e+7,5.014e+5,3.298e+7
604.8,2.967e+7,5.029e+5,2.917e+7
604.85,2.597e+7,4.996e+5,2.547e+7
604.9,2.244e+7,4.921e+5,2.195e+7
604.95,1.915e+7,4.812e+5,1.866e+7
605,1.613e+7,4.681e+5,1.566e+7
605.05,1.342e+7,4.538e+5,1.297e+7
605.1,1.103e+7,4.394e+5,1.060e+7
605.15,8.966e+6,4.259e+5,8.540e+6
605.2,7.205e+6,4.143e+5,6.791e+6
605.25,5.732e+6,4.050e+5,5.327e+6
605.3,4.521e+6,3.986e+5,4.122e+6
605.35,3.542e+6,3.952e+5,3.147e+6
605.4,2.764e+6,3.945e+5,2.370e+6
605.45,2.157e+6,3.962e+5,1.760e+6
605.5,1.689e+6,3.995e+5,1.290e+6
605.55,1.336e+6,4.037e+5,9.324e+5
605.6,1.073e+6,4.079e+5,6.648e+5
605.65,8.787e+5,4.111e+5,4.676e+5
605.7,7.369e+5,4.125e+5,3.244e+5
605.75,6.334e+5,4.114e+5,2.220e+5
605.8,5.570e+5,4.072e+5,1.499e+5
605.85,4.993e+5,3.995e+5,9.980e+4
605.9,4.539e+5,3.883e+5,6.556e+4
605.95,4.163e+5,3.738e+5,4.247e+4
606,3.835e+5,3.563e+5,2.715e+4
606.05,3.535e+5,3.364e+5,1.711e+4
606.1,3.255e+5,3.149e+5,1.064e+4
606.15,2.991e+5,2.926e+5,6.527e+3
606.2,2.744e+5,2.705e+5,3.949e+3
606.25,2.518e+5,2.495e+5,2.357e+3
606.3,2.319e+5,2.305e+5,1.388e+3
606.35,2.152e+5,2.144e+5,8.058e+2
606.4,2.022e+5,2.018e+5,4.616e+2
606.45,1.935e+5,1.933e+5,2.608e+2
606.5,1.895e+5,1.893e+5,1.454e+2
606.55,1.901e+5,1.901e+5,7.992e+1
606.6,1.957e+5,1.956e+5,4.334e+1
606.65,2.058e+5,2.058e+5,2.318e+1
606.7,2.203e+5,2.203e+5,1.223e+1
606.75,2.388e+5,2.388e+5,6.366e+0
606.8,2.606e+5,2.606e+5,3.268e+0
606.85,2.850e+5,2.850e+5,1.655e+0
606.9,3.113e+5,3.113e+5,8.268e-1
606.95,3.387e+5,3.387e+5,4.074e-1
607,3.662e+5,3.662e+5,1.980e-1
607.05,3.930e+5,3.930e+5,9.493e-2
607.1,4.183e+5,4.183e+5,4.489e-2
607.15,4.413e+5,4.413e+5,2.094e-2
607.2,4.613e+5,4.613e+5,9.636e-3
607.25,4.777e+5,4.777e+5,4.373e-3
607.3,4.900e+5,4.900e+5,1.958e-3
607.35,4.978e+5,4.978e+5,8.648e-4
607.4,5.010e+5,5.010e+5,3.769e-4
607.45,4.993e+5,4.993e+5,1.623e-4
607.5,4.930e+5,4.930e+5,6.969e-5
607.55,4.820e+5,4.820e+5,3.135e-5
607.6,4.668e+5,4.668e+5,1.828e-5
607.65,4.478e+5,4.478e+5,2.020e-5
607.7,4.254e+5,4.254e+5,3.817e-5
607.75,4.002e+5,4.002e+5,8.493e-5
607.8,3.729e+5,3.729e+5,1.932e-4
607.85,3.440e+5,3.440e+5,4.364e-4
607.9,3.145e+5,3.145e+5,9.734e-4
607.95,2.848e+5,2.848e+5,2.143e-3
608,2.558e+5,2.558e+5,4.655e-3
608.05,2.280e+5,2.280e+5,9.978e-3
608.1,2.021e+5,2.021e+5,2.110e-2
608.15,1.786e+5,1.786e+5,4.403e-2
608.2,1.580e+5,1.580e+5,9.067e-2
608.25,1.408e+5,1.408e+5,1.842e-1
608.3,1.273e+5,1.273e+5,3.692e-1
608.35,1.177e+5,1.177e+5,7.302e-1
608.4,1.124e+5,1.124e+5,1.425e+0
608.45,1.115e+5,1.115e+5,2.744e+0
608.5,1.149e+5,1.149e+5,5.213e+0
608.55,1.229e+5,1.229e+5,9.773e+0
608.6,1.351e+5,1.351e+5,1.808e+1
608.65,1.516e+5,1.515e+5,3.299e+1
608.7,1.719e+5,1.718e+5,5.941e+1
608.75,1.956e+5,1.955e+5,1.056e+2
608.8,2.222e+5,2.221e+5,1.851e+2
608.85,2.512e+5,2.508e+5,3.201e+2
608.9,2.816e+5,2.811e+5,5.464e+2
608.95,3.128e+5,3.119e+5,9.201e+2
609,3.440e+5,3.424e+5,1.529e+3
609.05,3.742e+5,3.717e+5,2.507e+3
609.1,4.027e+5,3.987e+5,4.055e+3
609.15,4.291e+5,4.226e+5,6.473e+3
609.2,4.528e+5,4.426e+5,1.019e+4
609.25,4.740e+5,4.582e+5,1.584e+4
609.3,4.931e+5,4.688e+5,2.429e+4
609.35,5.110e+5,4.743e+5,3.675e+4
609.4,5.294e+5,4.745e+5,5.486e+4
609.45,5.504e+5,4.696e+5,8.080e+4
609.5,5.775e+5,4.600e+5,1.174e+5
609.55,6.146e+5,4.462e+5,1.684e+5
609.6,6.669e+5,4.287e+5,2.382e+5
609.65,7.408e+5,4.082e+5,3.326e+5
609.7,8.436e+5,3.855e+5,4.581e+5
609.75,9.837e+5,3.611e+5,6.226e+5
609.8,1.171e+6,3.359e+5,8.349e+5
609.85,1.415e+6,3.102e+5,1.105e+6
609.9,1.727e+6,2.848e+5,1.442e+6
609.95,2.118e+6,2.598e+5,1.858e+6
610,2.597e+6,2.357e+5,2.362e+6
610.05,3.174e+6,2.126e+5,2.962e+6
610.1,3.856e+6,1.907e+5,3.665e+6
610.15,4.645e+6,1.701e+5,4.475e+6
610.2,5.542e+6,1.509e+5,5.391e+6
610.25,6.541e+6,1.331e+5,6.408e+6
610.3,7.632e+6,1.167e+5,7.516e+6
610.35,8.799e+6,1.016e+5,8.698e+6
610.4,1.002e+7,8.801e+4,9.931e+6
610.45,1.126e+7,7.579e+4,1.119e+7
610.5,1.250e+7,6.497e+4,1.244e+7
610.55,1.370e+7,5.558e+4,1.364e+7
610.6,1.481e+7,4.762e+4,1.477e+7
610.65,1.581e+7,4.112e+4,1.577e+7
610.7,1.665e+7,3.611e+4,1.661e+7
610.75,1.730e+7,3.263e+4,1.727e+7
610.8,1.775e+7,3.072e+4,1.772e+7
610.85,1.796e+7,3.044e+4,1.793e+7
610.9,1.794e+7,3.185e+4,1.791e+7
610.95,1.768e+7,3.502e+4,1.765e+7
611,1.720e+7,4.002e+4,1.716e+7
611.05,1.651e+7,4.689e+4,1.646e+7
611.1,1.563e+7,5.569e+4,1.558e+7
611.15,1.462e+7,6.641e+4,1.455e+7
611.2,1.349e+7,7.900e+4,1.341e+7
611.25,1.228e+7,9.337e+4,1.219e+7
611.3,1.105e+7,1.094e+5,1.094e+7
611.35,9.808e+6,1.267e+5,9.682e+6
611.4,8.601e+6,1.450e+5,8.456e+6
611.45,7.452e+6,1.640e+5,7.288e+6
611.5,6.380e+6,1.831e+5,6.197e+6
611.55,5.401e+6,2.017e+5,5.199e+6
611.6,4.524e+6,2.194e+5,4.304e+6
611.65,3.751e+6,2.354e+5,3.516e+6
611.7,3.083e+6,2.493e+5,2.834e+6
611.75,2.514e+6,2.605e+5,2.253e+6
611.8,2.037e+6,2.687e+5,1.768e+6
611.85,1.642e+6,2.734e+5,1.369e+6
611.9,1.320e+6,2.745e+5,1.046e+6
611.95,1.060e+6,2.721e+5,7.882e+5
612,8.522e+5,2.661e+5,5.862e+5
612.05,6.869e+5,2.568e+5,4.301e+5
612.1,5.561e+5,2.447e+5,3.114e+5
612.15,4.526e+5,2.302e+5,2.225e+5
612.2,3.707e+5,2.138e+5,1.568e+5
612.25,3.053e+5,1.963e+5,1.091e+5
612.3,2.530e+5,1.781e+5,7.486e+4
612.35,2.108e+5,1.601e+5,5.069e+4
612.4,1.765e+5,1.426e+5,3.386e+4
612.45,1.487e+5,1.263e+5,2.232e+4
612.5,1.262e+5,1.117e+5,1.452e+4
612.55,1.083e+5,9.898e+4,9.319e+3
612.6,9.448e+4,8.858e+4,5.901e+3
612.65,8.436e+4,8.067e+4,3.687e+3
612.7,7.766e+4,7.539e+4,2.273e+3
612.75,7.417e+4,7.279e+4,1.383e+3
612.8,7.368e+4,7.285e+4,8.299e+2
612.85,7.601e+4,7.552e+4,4.915e+2
612.9,8.095e+4,8.067e+4,2.872e+2
612.95,8.828e+4,8.811e+4,1.656e+2
613,9.774e+4,9.765e+4,9.419e+1
613.05,1.091e+5,1.090e+5,5.287e+1
613.1,1.220e+5,1.220e+5,2.928e+1
613.15,1.363e+5,1.363e+5,1.600e+1
613.2,1.516e+5,1.516e+5,8.628e+0
613.25,1.677e+5,1.677e+5,4.590e+0
613.3,1.844e+5,1.844e+5,2.410e+0
613.35,2.016e+5,2.016e+5,1.248e+0
613.4,2.191e+5,2.191e+5,6.378e-1
613.45,2.370e+5,2.370e+5,3.216e-1
613.5,2.555e+5,2.555e+5,1.600e-1
613.55,2.746e+5,2.746e+5,7.856e-2
613.6,2.948e+5,2.948e+5,3.805e-2
613.65,3.164e+5,3.164e+5,1.819e-2
613.7,3.398e+5,3.398e+5,8.576e-3
613.75,3.654e+5,3.654e+5,3.991e-3
613.8,3.937e+5,3.937e+5,1.832e-3
613.85,4.249e+5,4.249e+5,8.299e-4
613.9,4.594e+5,4.594e+5,3.710e-4
613.95,4.971e+5,4.971e+5,1.636e-4
614,5.379e+5,5.379e+5,7.119e-5
614.05,5.815e+5,5.815e+5,3.057e-5
614.1,6.273e+5,6.273e+5,1.295e-5
614.15,6.745e+5,6.745e+5,5.413e-6
614.2,7.220e+5,7.220e+5,2.232e-6
614.25,7.686e+5,7.686e+5,9.085e-7
614.3,8.131e+5,8.131e+5,3.648e-7
614.35,8.539e+5,8.539e+5,1.445e-7
614.4,8.896e+5,8.896e+5,5.650e-8
614.45,9.190e+5,9.190e+5,2.179e-8
614.5,9.407e+5,9.407e+5,8.294e-9
614.55,9.538e+5,9.538e+5,3.114e-9
614.6,9.576e+5,9.576e+5,
614.65,9.516e+5,9.516e+5,
614.7,9.357e+5,9.357e+5,
614.75,9.102e+5,9.102e+5,
614.8,8.758e+5,8.758e+5,
614.85,8.333e+5,8.333e+5,
614.9,7.840e+5,7.840e+5,
614.95,7.291e+5,7.291e+5,
615,6.703e+5,6.703e+5,
615.05,6.091e+5,6.091e+5,
615.1,5.469e+5,5.469e+5,
615.15,4.853e+5,4.853e+5,
615.2,4.254e+5,4.254e+5,
615.25,3.685e+5,3.685e+5,
615.3,3.154e+5,3.154e+5,
615.35,2.666e+5,2.666e+5,
615.4,2.226e+5,2.226e+5,
615.45,1.836e+5,1.836e+5,
615.5,1.495e+5,1.495e+5,
615.55,1.203e+5,1.203e+5,
615.6,9.559e+4,9.559e+4,
615.65,7.501e+4,7.501e+4,
615.7,5.812e+4,5.812e+4,
615.75,4.447e+4,4.447e+4,
615.8,3.360e+4,3.360e+4,
615.85,2.507e+4,2.507e+4,
615.9,1.846e+4,1.846e+4,
615.95,1.343e+4,1.343e+4,
616,9.644e+3,9.644e+3,
616.05,6.837e+3,6.837e+3,
616.1,4.786e+3,4.786e+3,
616.15,3.308e+3,3.308e+3,
616.2,2.257e+3,2.257e+3,
616.25,1.520e+3,1.520e+3,
616.3,1.011e+3,1.011e+3,
616.35,6.638e+2,6.638e+2,
616.4,4.302e+2,4.302e+2,
616.45,2.753e+2,2.753e+2,
616.5,1.739e+2,1.739e+2,
616.55,1.084e+2,1.084e+2,
616.6,6.674e+1,6.674e+1,
616.65,4.056e+1,4.056e+1,
616.7,2.433e+1,2.433e+1,
616.75,1.441e+1,1.441e+1,
616.8,8.421e+0,8.421e+0,
616.85,4.860e+0,4.860e+0,
616.9,2.770e+0,2.770e+0,
616.95,1.562e+0,1.562e+0,
617,8.749e-1,8.749e-1,
617.05,4.951e-1,4.951e-1,
617.1,2.978e-1,2.978e-1,
617.15,2.156e-1,2.156e-1,
617.2,2.188e-1,2.188e-1,
617.25,3.066e-1,3.066e-1,
617.3,5.061e-1,5.061e-1,
617.35,8.791e-1,8.791e-1,
617.4,1.537e+0,1.537e+0,
617.45,2.667e+0,2.667e+0,
617.5,4.577e+0,4.577e+0,
617.55,7.755e+0,7.755e+0,
617.6,1.297e+1,1.297e+1,
617.65,2.142e+1,2.142e+1,
617.7,3.491e+1,3.491e+1,
617.75,5.616e+1,5.616e+1,
617.8,8.918e+1,8.918e+1,
617.85,1.398e+2,1.398e+2,
617.9,2.163e+2,2.163e+2,
617.95,3.302e+2,3.302e+2,
618,4.978e+2,4.978e+2,
618.05,7.406e+2,7.406e+2,
618.1,1.088e+3,1.088e+3,
618.15,1.576e+3,1.576e+3,
618.2,2.256e+3,2.256e+3,
618.25,3.185e+3,3.185e+3,
618.3,4.440e+3,4.440e+3,
618.35,6.110e+3,6.110e+3,
618.4,8.298e+3,8.298e+3,
618.45,1.112e+4,1.112e+4,
618.5,1.472e+4,1.472e+4,
618.55,1.923e+4,1.923e+4,
618.6,2.478e+4,2.478e+4,
618.65,3.154e+4,3.154e+4,
618.7,3.962e+4,3.962e+4,
618.75,4.912e+4,4.912e+4,
618.8,6.011e+4,6.011e+4,
618.85,7.261e+4,7.261e+4,
618.9,8.658e+4,8.658e+4,
618.95,1.019e+5,1.019e+5,
619,1.184e+5,1.184e+5,
619.05,1.358e+5,1.358e+5,
619.1,1.537e+5,1.537e+5,
619.15,1.719e+5,1.719e+5,
619.2,1.897e+5,1.897e+5,
619.25,2.067e+5,2.067e+5,
619.3,2.224e+5,2.224e+5,
619.35,2.364e+5,2.364e+5,
619.4,2.483e+5,2.483e+5,
619.45,2.578e+5,2.578e+5,
619.5,2.648e+5,2.648e+5,4.324e-9
619.55,2.692e+5,2.692e+5,1.125e-8
619.6,2.712e+5,2.712e+5,2.891e-8
619.65,2.711e+5,2.711e+5,7.332e-8
619.7,2.696e+5,2.696e+5,1.836e-7
619.75,2.673e+5,2.673e+5,4.537e-7
619.8,2.651e+5,2.651e+5,1.107e-6
619.85,2.640e+5,2.640e+5,2.667e-6
619.9,2.650e+5,2.650e+5,6.342e-6
619.95,2.692e+5,2.692e+5,1.489e-5
620,2.778e+5,2.778e+5,3.451e-5
620.05,2.915e+5,2.915e+5,7.896e-5
620.1,3.114e+5,3.114e+5,1.783e-4
620.15,3.379e+5,3.379e+5,3.977e-4
620.2,3.715e+5,3.715e+5,8.755e-4
620.25,4.121e+5,4.121e+5,1.903e-3
620.3,4.593e+5,4.593e+5,4.082e-3
620.35,5.125e+5,5.125e+5,8.645e-3
620.4,5.706e+5,5.706e+5,1.808e-2
620.45,6.322e+5,6.322e+5,3.731e-2
620.5,6.955e+5,6.955e+5,7.603e-2
620.55,7.584e+5,7.584e+5,1.529e-1
620.6,8.189e+5,8.189e+5,3.037e-1
620.65,8.748e+5,8.748e+5,5.955e-1
620.7,9.239e+5,9.239e+5,1.152e+0
620.75,9.642e+5,9.642e+5,2.202e+0
620.8,9.941e+5,9.941e+5,4.154e+0
620.85,1.012e+6,1.012e+6,7.735e+0
620.9,1.018e+6,1.018e+6,1.422e+1
620.95,1.011e+6,1.011e+6,2.580e+1
621,9.908e+5,9.908e+5,4.623e+1
621.05,9.589e+5,9.588e+5,8.177e+1
621.1,9.162e+5,9.161e+5,1.428e+2
621.15,8.642e+5,8.640e+5,2.461e+2
621.2,8.048e+5,8.044e+5,4.188e+2
621.25,7.400e+5,7.393e+5,7.035e+2
621.3,6.719e+5,6.708e+5,1.167e+3
621.35,6.026e+5,6.007e+5,1.910e+3
621.4,5.342e+5,5.311e+5,3.088e+3
621.45,4.684e+5,4.634e+5,4.927e+3
621.5,4.070e+5,3.992e+5,7.761e+3
621.55,3.515e+5,3.395e+5,1.207e+4
621.6,3.035e+5,2.849e+5,1.853e+4
621.65,2.642e+5,2.361e+5,2.808e+4
621.7,2.351e+5,1.931e+5,4.201e+4
621.75,2.180e+5,1.559e+5,6.205e+4
621.8,2.147e+5,1.243e+5,9.047e+4
621.85,2.280e+5,9.776e+4,1.302e+5
621.9,2.610e+5,7.594e+4,1.851e+5
621.95,3.179e+5,5.825e+4,2.596e+5
622,4.037e+5,4.413e+4,3.596e+5
622.05,5.247e+5,3.306e+4,4.916e+5
622.1,6.881e+5,2.452e+4,6.636e+5
622.15,9.023e+5,1.806e+4,8.842e+5
622.2,1.176e+6,1.331e+4,1.163e+6
622.25,1.520e+6,9.934e+3,1.511e+6
622.3,1.944e+6,7.684e+3,1.937e+6
622.35,2.457e+6,6.371e+3,2.451e+6
622.4,3.068e+6,5.868e+3,3.062e+6
622.45,3.783e+6,6.109e+3,3.777e+6
622.5,4.606e+6,7.080e+3,4.599e+6
622.55,5.538e+6,8.817e+3,5.529e+6
622.6,6.573e+6,1.140e+4,6.561e+6
622.65,7.702e+6,1.496e+4,7.687e+6
622.7,8.910e+6,1.964e+4,8.890e+6
622.75,1.018e+7,2.563e+4,1.015e+7
622.8,1.147e+7,3.313e+4,1.144e+7
622.85,1.277e+7,4.235e+4,1.273e+7
622.9,1.404e+7,5.350e+4,1.399e+7
622.95,1.523e+7,6.677e+4,1.517e+7
623,1.632e+7,8.228e+4,1.624e+7
623.05,1.726e+7,1.001e+5,1.716e+7
623.1,1.803e+7,1.203e+5,1.791e+7
623.15,1.859e+7,1.428e+5,1.845e+7
623.2,1.892e+7,1.673e+5,1.876e+7
623.25,1.902e+7,1.936e+5,1.883e+7
623.3,1.888e+7,2.212e+5,1.866e+7
623.35,1.851e+7,2.496e+5,1.826e+7
623.4,1.791e+7,2.781e+5,1.763e+7
623.45,1.712e+7,3.059e+5,1.681e+7
623.5,1.616e+7,3.323e+5,1.583e+7
623.55,1.506e+7,3.564e+5,1.471e+7
623.6,1.387e+7,3.776e+5,1.349e+7
623.65,1.261e+7,3.949e+5,1.222e+7
623.7,1.133e+7,4.079e+5,1.092e+7
623.75,1.006e+7,4.161e+5,9.641e+6
623.8,8.820e+6,4.191e+5,8.401e+6
623.85,7.643e+6,4.169e+5,7.226e+6
623.9,6.546e+6,4.095e+5,6.136e+6
623.95,5.542e+6,3.974e+5,5.144e+6
624,4.638e+6,3.808e+5,4.257e+6
624.05,3.839e+6,3.606e+5,3.478e+6
624.1,3.143e+6,3.373e+5,2.806e+6
624.15,2.546e+6,3.119e+5,2.234e+6
624.2,2.041e+6,2.852e+5,1.756e+6
624.25,1.621e+6,2.581e+5,1.363e+6
624.3,1.275e+6,2.313e+5,1.044e+6
624.35,9.952e+5,2.057e+5,7.895e+5
624.4,7.713e+5,1.818e+5,5.895e+5
624.45,5.946e+5,1.601e+5,4.345e+5
624.5,4.573e+5,1.411e+5,3.162e+5
624.55,3.521e+5,1.250e+5,2.271e+5
624.6,2.730e+5,1.120e+5,1.611e+5
624.65,2.147e+5,1.020e+5,1.128e+5
624.7,1.729e+5,9.494e+4,7.793e+4
624.75,1.439e+5,9.068e+4,5.318e+4
624.8,1.248e+5,8.894e+4,3.583e+4
624.85,1.132e+5,8.938e+4,2.385e+4
624.9,1.073e+5,9.164e+4,1.569e+4
624.95,1.055e+5,9.529e+4,1.023e+4
625,1.066e+5,9.993e+4,6.665e+3
625.05,1.095e+5,1.051e+5,4.413e+3
625.1,1.135e+5,1.104e+5,3.102e+3
625.15,1.180e+5,1.155e+5,2.503e+3
625.2,1.224e+5,1.199e+5,2.514e+3
625.25,1.265e+5,1.234e+5,3.149e+3
625.3,1.302e+5,1.257e+5,4.541e+3
625.35,1.336e+5,1.267e+5,6.966e+3
625.4,1.371e+5,1.262e+5,1.088e+4
625.45,1.412e+5,1.242e+5,1.697e+4
625.5,1.470e+5,1.208e+5,2.624e+4
625.55,1.561e+5,1.160e+5,4.013e+4
625.6,1.706e+5,1.100e+5,6.064e+4
625.65,1.935e+5,1.030e+5,9.048e+4
625.7,2.286e+5,9.528e+4,1.333e+5
625.75,2.810e+5,8.700e+4,1.940e+5
625.8,3.571e+5,7.843e+4,2.786e+5
625.85,4.650e+5,6.981e+4,3.952e+5
625.9,6.149e+5,6.135e+4,5.535e+5
625.95,8.186e+5,5.323e+4,7.654e+5
626,1.091e+6,4.560e+4,1.045e+6
626.05,1.447e+6,3.857e+4,1.409e+6
626.1,1.907e+6,3.221e+4,1.875e+6
626.15,2.491e+6,2.655e+4,2.465e+6
626.2,3.220e+6,2.161e+4,3.198e+6
626.25,4.115e+6,1.737e+4,4.098e+6
626.3,5.198e+6,1.378e+4,5.184e+6
626.35,6.486e+6,1.079e+4,6.475e+6
626.4,7.994e+6,8.348e+3,7.986e+6
626.45,9.731e+6,6.374e+3,9.725e+6
626.5,1.170e+7,4.805e+3,1.169e+7
626.55,1.389e+7,3.576e+3,1.388e+7
626.6,1.628e+7,2.628e+3,1.627e+7
626.65,1.884e+7,1.907e+3,1.883e+7
626.7,2.152e+7,1.366e+3,2.152e+7
626.75,2.429e+7,9.658e+2,2.428e+7
626.8,2.706e+7,6.743e+2,2.706e+7
626.85,2.976e+7,4.648e+2,2.976e+7
626.9,3.232e+7,3.163e+2,3.232e+7
626.95,3.467e+7,2.126e+2,3.467e+7
627,3.671e+7,1.410e+2,3.671e+7
627.05,3.838e+7,9.235e+1,3.838e+7
627.1,3.961e+7,5.972e+1,3.961e+7
627.15,4.038e+7,3.813e+1,4.038e+7
627.2,4.063e+7,2.403e+1,4.063e+7
627.25,4.038e+7,1.496e+1,4.038e+7
627.3,3.961e+7,9.190e+0,3.961e+7
627.35,3.838e+7,5.578e+0,3.838e+7
627.4,3.671e+7,3.347e+0,3.671e+7
627.45,3.467e+7,1.990e+0,3.467e+7
627.5,3.232e+7,1.184e+0,3.232e+7
627.55,2.976e+7,7.239e-1,2.976e+7
627.6,2.706e+7,4.888e-1,2.706e+7
627.65,2.428e+7,4.151e-1,2.428e+7
627.7,2.152e+7,4.838e-1,2.152e+7
627.75,1.883e+7,7.172e-1,1.883e+7
627.8,1.627e+7,1.184e+0,1.627e+7
627.85,1.388e+7,2.016e+0,1.388e+7
627.9,1.169e+7,3.439e+0,1.169e+7
627.95,9.725e+6,5.819e+0,9.725e+6
628,7.986e+6,9.734e+0,7.986e+6
628.05,6.475e+6,1.609e+1,6.475e+6
628.1,5.184e+6,2.626e+1,5.184e+6
628.15,4.098e+6,4.233e+1,4.098e+6
628.2,3.198e+6,6.737e+1,3.198e+6
628.25,2.465e+6,1.059e+2,2.465e+6
628.3,1.875e+6,1.644e+2,1.875e+6
628.35,1.409e+6,2.519e+2,1.409e+6
628.4,1.045e+6,3.813e+2,1.045e+6
628.45,7.660e+5,5.699e+2,7.654e+5
628.5,5.544e+5,8.411e+2,5.535e+5
628.55,3.965e+5,1.226e+3,3.952e+5
628.6,2.804e+5,1.764e+3,2.786e+5
628.65,1.965e+5,2.507e+3,1.940e+5
628.7,1.368e+5,3.518e+3,1.333e+5
628.75,9.535e+4,4.875e+3,9.048e+4
628.8,6.730e+4,6.671e+3,6.063e+4
628.85,4.913e+4,9.015e+3,4.011e+4
628.9,3.823e+4,1.203e+4,2.620e+4
628.95,3.275e+4,1.585e+4,1.690e+4
629,3.139e+4,2.062e+4,1.076e+4
629.05,3.327e+4,2.650e+4,6.768e+3
629.1,3.783e+4,3.362e+4,4.202e+3
629.15,4.470e+4,4.213e+4,2.576e+3
629.2,5.368e+4,5.212e+4,1.559e+3
629.25,6.461e+4,6.368e+4,9.318e+2
629.3,7.738e+4,7.683e+4,5.499e+2
629.35,9.185e+4,9.153e+4,3.204e+2
629.4,1.079e+5,1.077e+5,1.843e+2
629.45,1.252e+5,1.251e+5,1.047e+2
629.5,1.436e+5,1.435e+5,5.871e+1
629.55,1.626e+5,1.626e+5,3.251e+1
629.6,1.819e+5,1.819e+5,1.778e+1
629.65,2.009e+5,2.009e+5,9.597e+0
629.7,2.191e+5,2.191e+5,5.116e+0
629.75,2.360e+5,2.360e+5,2.692e+0
629.8,2.511e+5,2.511e+5,1.399e+0
629.85,2.637e+5,2.637e+5,7.179e-1
629.9,2.735e+5,2.735e+5,3.637e-1
629.95,2.801e+5,2.801e+5,1.819e-1
630,2.833e+5,2.833e+5,8.986e-2
630.05,2.830e+5,2.830e+5,4.382e-2
630.1,2.791e+5,2.791e+5,2.110e-2
630.15,2.718e+5,2.718e+5,1.003e-2
630.2,2.614e+5,2.614e+5,4.709e-3
630.25,2.482e+5,2.482e+5,2.182e-3
630.3,2.328e+5,2.328e+5,9.988e-4
630.35,2.156e+5,2.156e+5,4.513e-4
630.4,1.971e+5,1.971e+5,2.013e-4
630.45,1.780e+5,1.780e+5,8.870e-5
630.5,1.587e+5,1.587e+5,3.858e-5
630.55,1.398e+5,1.398e+5,1.657e-5
630.6,1.215e+5,1.215e+5,7.025e-6
630.65,1.043e+5,1.043e+5,2.941e-6
630.7,8.847e+4,8.847e+4,1.216e-6
630.75,7.407e+4,7.407e+4,4.963e-7
630.8,6.124e+4,6.124e+4,2.000e-7
630.85,5.000e+4,5.000e+4,7.959e-8
630.9,4.031e+4,4.031e+4,3.127e-8
630.95,3.209e+4,3.209e+4,1.213e-8
631,2.523e+4,2.523e+4,
631.05,1.959e+4,1.959e+4,
631.1,1.501e+4,1.501e+4,
631.15,1.137e+4,1.137e+4,
631.2,8.497e+3,8.497e+3,
631.25,6.272e+3,6.272e+3,
631.3,4.572e+3,4.572e+3,
631.35,3.291e+3,3.291e+3,
631.4,2.339e+3,2.339e+3,
631.45,1.642e+3,1.642e+3,
631.5,1.138e+3,1.138e+3,
631.55,7.788e+2,7.788e+2,
631.6,5.264e+2,5.264e+2,
631.65,3.513e+2,3.513e+2,
631.7,2.315e+2,2.315e+2,
631.75,1.507e+2,1.507e+2,
631.8,9.684e+1,9.684e+1,
631.85,6.145e+1,6.145e+1,
631.9,3.851e+1,3.851e+1,
631.95,2.383e+1,2.383e+1,
632,1.456e+1,1.456e+1,
632.05,8.788e+0,8.788e+0,
632.1,5.236e+0,5.236e+0,
632.15,3.081e+0,3.081e+0,
632.2,1.790e+0,1.790e+0,
632.25,1.027e+0,1.027e+0,
632.3,5.820e-1,5.820e-1,
632.35,3.256e-1,3.256e-1,
632.4,1.799e-1,1.799e-1,
632.45,9.816e-2,9.816e-2,
632.5,5.288e-2,5.288e-2,
632.55,2.813e-2,2.813e-2,
632.6,1.478e-2,1.478e-2,
632.65,7.667e-3,7.667e-3,
632.7,3.928e-3,3.928e-3,
632.75,1.987e-3,1.987e-3,
632.8,9.925e-4,9.925e-4,
632.85,4.896e-4,4.896e-4,
632.9,2.385e-4,2.385e-4,
632.96,9.894e-5,9.894e-5,
633.01,4.688e-5,4.688e-5,
633.06,2.193e-5,2.193e-5,
633.11,1.013e-5,1.013e-5,
633.16,4.623e-6,4.623e-6,
633.21,2.083e-6,2.083e-6,
633.26,9.297e-7,9.265e-7,3.240e-9
633.31,4.153e-7,4.070e-7,8.313e-9
633.36,1.976e-7,1.766e-7,2.107e-8
633.41,1.284e-7,7.563e-8,5.275e-8
633.46,1.624e-7,3.199e-8,1.304e-7
633.51,3.320e-7,1.336e-8,3.186e-7
633.56,7.742e-7,5.512e-9,7.687e-7
633.61,1.834e-6,2.245e-9,1.832e-6
633.66,4.313e-6,9.031e-10,4.312e-6
633.71,1.003e-5,3.587e-10,1.003e-5
633.76,2.303e-5,1.407e-10,2.303e-5
633.81,5.224e-5,5.449e-11,5.224e-5
633.86,1.171e-4,,1.171e-4
633.91,2.591e-4,,2.591e-4
633.96,5.664e-4,,5.664e-4
634.01,1.223e-3,,1.223e-3
634.06,2.609e-3,,2.609e-3
634.11,5.497e-3,,5.497e-3
634.16,1.144e-2,,1.144e-2
634.21,2.352e-2,,2.352e-2
634.26,4.775e-2,,4.775e-2
634.31,9.578e-2,,9.578e-2
634.36,1.897e-1,,1.897e-1
634.41,3.713e-1,,3.713e-1
634.46,7.177e-1,,7.177e-1
634.51,1.370e+0,,1.370e+0
634.56,2.584e+0,,2.584e+0
634.61,4.813e+0,,4.813e+0
634.66,8.856e+0,,8.856e+0
634.71,1.610e+1,,1.610e+1
634.76,2.890e+1,,2.890e+1
634.81,5.124e+1,,5.124e+1
634.86,8.974e+1,,8.974e+1
634.91,1.553e+2,,1.553e+2
634.96,2.653e+2,,2.653e+2
635.01,4.478e+2,,4.478e+2
635.06,7.467e+2,,7.467e+2
635.11,1.230e+3,,1.230e+3
635.16,2.000e+3,,2.000e+3
635.21,3.214e+3,,3.214e+3
635.26,5.101e+3,,5.101e+3
635.31,7.997e+3,,7.997e+3
635.36,1.238e+4,,1.238e+4
635.41,1.894e+4,,1.894e+4
635.46,2.862e+4,,2.862e+4
635.51,4.271e+4,,4.271e+4
635.56,6.295e+4,,6.295e+4
635.61,9.166e+4,,9.166e+4
635.66,1.318e+5,,1.318e+5
635.71,1.873e+5,,1.873e+5
635.76,2.628e+5,,2.628e+5
635.81,3.642e+5,,3.642e+5
635.86,4.986e+5,,4.986e+5
635.91,6.742e+5,,6.742e+5
635.96,9.006e+5,,9.006e+5
636.01,1.188e+6,,1.188e+6
636.06,1.548e+6,,1.548e+6
636.11,1.993e+6,,1.993e+6
636.16,2.534e+6,,2.534e+6
636.21,3.183e+6,,3.183e+6
636.26,3.949e+6,,3.949e+6
636.31,4.839e+6,,4.839e+6
636.36,5.857e+6,,5.857e+6
636.41,7.002e+6,,7.002e+6
636.46,8.269e+6,,8.269e+6
636.51,9.646e+6,,9.646e+6
636.56,1.111e+7,,1.111e+7
636.61,1.265e+7,,1.265e+7
636.66,1.422e+7,,1.422e+7
636.71,1.579e+7,,1.579e+7
636.76,1.732e+7,,1.732e+7
636.81,1.876e+7,,1.876e+7
636.86,2.007e+7,,2.007e+7
636.91,2.122e+7,,2.122e+7
636.96,2.215e+7,,2.215e+7
637.01,2.285e+7,,2.285e+7
637.06,2.327e+7,,2.327e+7
637.11,2.342e+7,,2.342e+7
637.16,2.327e+7,,2.327e+7
637.21,2.285e+7,,2.285e+7
637.26,2.215e+7,,2.215e+7
637.31,2.122e+7,,2.122e+7
637.36,2.007e+7,,2.007e+7
637.41,1.876e+7,,1.876e+7
637.46,1.732e+7,,1.732e+7
637.51,1.579e+7,,1.579e+7
637.56,1.422e+7,,1.422e+7
637.61,1.265e+7,,1.265e+7
637.66,1.111e+7,,1.111e+7
637.71,9.646e+6,,9.646e+6
637.76,8.269e+6,,8.269e+6
637.81,7.002e+6,,7.002e+6
637.86,5.857e+6,,5.857e+6
637.91,4.839e+6,,4.839e+6
637.96,3.949e+6,,3.949e+6
638.01,3.183e+6,,3.183e+6
638.06,2.534e+6,,2.534e+6
638.11,1.993e+6,,1.993e+6
638.16,1.548e+6,,1.548e+6
638.21,1.188e+6,,1.188e+6
638.26,9.006e+5,,9.006e+5
638.31,6.742e+5,,6.742e+5
638.36,4.986e+5,,4.986e+5
638.41,3.642e+5,,3.642e+5
638.46,2.628e+5,,2.628e+5
638.51,1.873e+5,,1.873e+5
638.56,1.318e+5,,1.318e+5
638.61,9.166e+4,,9.166e+4
638.66,6.295e+4,,6.295e+4
638.71,4.271e+4,,4.271e+4
638.76,2.862e+4,,2.862e+4
638.81,1.894e+4,,1.894e+4
638.86,1.238e+4,,1.238e+4
638.91,7.997e+3,,7.997e+3
638.96,5.101e+3,,5.101e+3
639.01,3.214e+3,,3.214e+3
639.06,2.000e+3,,2.000e+3
639.11,1.230e+3,,1.230e+3
639.16,7.467e+2,,7.467e+2
639.21,4.478e+2,,4.478e+2
639.26,2.653e+2,,2.653e+2
639.31,1.553e+2,,1.553e+2
639.36,8.974e+1,,8.974e+1
639.41,5.124e+1,,5.124e+1
639.46,2.890e+1,,2.890e+1
639.51,1.610e+1,,1.610e+1
639.56,8.856e+0,,8.856e+0
639.61,4.813e+0,,4.813e+0
639.66,2.584e+0,,2.584e+0
639.71,1.370e+0,,1.370e+0
639.76,7.177e-1,3.372e-11,7.177e-1
639.81,3.713e-1,8.551e-11,3.713e-1
639.86,1.897e-1,2.142e-10,1.897e-1
639.91,9.578e-2,5.303e-10,9.578e-2
639.96,4.775e-2,1.297e-9,4.775e-2
640.01,2.352e-2,3.134e-9,2.352e-2
640.06,1.144e-2,7.483e-9,1.144e-2
640.11,5.497e-3,1.765e-8,5.497e-3
640.16,2.609e-3,4.113e-8,2.609e-3
640.21,1.223e-3,9.471e-8,1.223e-3
640.26,5.666e-4,2.154e-7,5.664e-4
640.31,2.596e-4,4.842e-7,2.591e-4
640.36,1.181e-4,1.075e-6,1.171e-4
640.41,5.460e-5,2.359e-6,5.224e-5
640.46,2.814e-5,5.114e-6,2.303e-5
640.51,2.098e-5,1.095e-5,1.003e-5
640.56,2.749e-5,2.317e-5,4.312e-6
640.61,5.028e-5,4.845e-5,1.832e-6
640.66,1.008e-4,1.001e-4,7.687e-7
640.71,2.045e-4,2.042e-4,3.186e-7
640.76,4.119e-4,4.117e-4,1.304e-7
640.81,8.202e-4,8.202e-4,5.275e-8
640.86,1.614e-3,1.614e-3,2.107e-8
640.91,3.139e-3,3.139e-3,8.313e-9
640.96,6.030e-3,6.030e-3,3.240e-9
641.01,1.145e-2,1.145e-2,
641.06,2.147e-2,2.147e-2,
641.11,3.978e-2,3.978e-2,
641.16,7.282e-2,7.282e-2,
641.21,1.317e-1,1.317e-1,
641.26,2.354e-1,2.354e-1,
641.31,4.155e-1,4.155e-1,
641.36,7.248e-1,7.248e-1,
641.41,1.249e+0,1.249e+0,
641.46,2.127e+0,2.127e+0,
641.51,3.579e+0,3.579e+0,
641.56,5.948e+0,5.948e+0,
641.61,9.768e+0,9.768e+0,
641.66,1.585e+1,1.585e+1,
641.71,2.541e+1,2.541e+1,
641.76,4.024e+1,4.024e+1,
641.81,6.297e+1,6.297e+1,
641.86,9.735e+1,9.735e+1,
641.91,1.487e+2,1.487e+2,
641.96,2.244e+2,2.244e+2,
642.01,3.346e+2,3.346e+2,
642.06,4.930e+2,4.930e+2,
642.11,7.175e+2,7.175e+2,
642.16,1.032e+3,1.032e+3,
642.21,1.466e+3,1.466e+3,
642.26,2.058e+3,2.058e+3,
642.31,2.854e+3,2.854e+3,
642.36,3.911e+3,3.911e+3,
642.41,5.295e+3,5.295e+3,
642.46,7.083e+3,7.083e+3,
642.51,9.360e+3,9.360e+3,
642.56,1.222e+4,1.222e+4,
642.61,1.577e+4,1.577e+4,
642.66,2.009e+4,2.009e+4,
642.71,2.530e+4,2.530e+4,
642.76,3.148e+4,3.148e+4,
642.81,3.870e+4,3.870e+4,4.069e-9
642.86,4.700e+4,4.700e+4,1.023e-8
642.91,5.639e+4,5.639e+4,2.541e-8
642.96,6.686e+4,6.686e+4,6.236e-8
643.01,7.831e+4,7.831e+4,1.512e-7
643.06,9.062e+4,9.062e+4,3.624e-7
643.11,1.036e+5,1.036e+5,8.582e-7
643.16,1.170e+5,1.170e+5,2.008e-6
643.21,1.306e+5,1.306e+5,4.643e-6
643.26,1.440e+5,1.440e+5,1.061e-5
643.31,1.569e+5,1.569e+5,2.394e-5
643.36,1.689e+5,1.689e+5,5.340e-5
643.41,1.797e+5,1.797e+5,1.177e-4
643.46,1.888e+5,1.888e+5,2.563e-4
643.51,1.960e+5,1.960e+5,5.516e-4
643.56,2.010e+5,2.010e+5,1.173e-3
643.61,2.037e+5,2.037e+5,2.464e-3
643.66,2.039e+5,2.039e+5,5.116e-3
643.71,2.017e+5,2.017e+5,1.050e-2
643.76,1.972e+5,1.972e+5,2.128e-2
643.81,1.904e+5,1.904e+5,4.261e-2
643.86,1.817e+5,1.817e+5,8.434e-2
643.91,1.713e+5,1.713e+5,1.649e-1
643.96,1.595e+5,1.595e+5,3.187e-1
644.01,1.469e+5,1.469e+5,6.086e-1
644.06,1.336e+5,1.336e+5,1.148e+0
644.11,1.202e+5,1.202e+5,2.141e+0
644.16,1.069e+5,1.069e+5,3.944e+0
644.21,9.405e+4,9.404e+4,7.179e+0
644.26,8.199e+4,8.198e+4,1.291e+1
644.31,7.092e+4,7.090e+4,2.295e+1
644.36,6.104e+4,6.100e+4,4.030e+1
644.41,5.251e+4,5.244e+4,6.993e+1
644.46,4.545e+4,4.533e+4,1.199e+2
644.51,3.998e+4,3.978e+4,2.031e+2
644.56,3.619e+4,3.585e+4,3.401e+2
644.61,3.420e+4,3.363e+4,5.626e+2
644.66,3.411e+4,3.319e+4,9.196e+2
644.71,3.607e+4,3.459e+4,1.485e+3
644.76,4.029e+4,3.792e+4,2.371e+3
644.81,4.699e+4,4.326e+4,3.738e+3
644.86,5.651e+4,5.069e+4,5.825e+3
644.91,6.925e+4,6.028e+4,8.969e+3
644.96,8.575e+4,7.210e+4,1.365e+4
645.01,1.067e+5,8.616e+4,2.051e+4
645.06,1.329e+5,1.024e+5,3.047e+4
645.11,1.656e+5,1.208e+5,4.473e+4
645.16,2.061e+5,1.412e+5,6.488e+4
645.21,2.563e+5,1.633e+5,9.298e+4
645.26,3.184e+5,1.867e+5,1.317e+5
645.31,3.953e+5,2.111e+5,1.842e+5
645.36,4.906e+5,2.359e+5,2.547e+5
645.41,6.085e+5,2.605e+5,3.480e+5
645.46,7.541e+5,2.843e+5,4.698e+5
645.51,9.332e+5,3.065e+5,6.267e+5
645.56,1.153e+6,3.266e+5,8.261e+5
645.61,1.420e+6,3.439e+5,1.076e+6
645.66,1.742e+6,3.578e+5,1.385e+6
645.71,2.128e+6,3.678e+5,1.761e+6
645.76,2.586e+6,3.735e+5,2.212e+6
645.81,3.122e+6,3.749e+5,2.747e+6
645.86,3.742e+6,3.717e+5,3.370e+6
645.91,4.450e+6,3.642e+5,4.085e+6
645.96,5.246e+6,3.526e+5,4.894e+6
646.01,6.130e+6,3.373e+5,5.792e+6
646.06,7.093e+6,3.189e+5,6.774e+6
646.11,8.127e+6,2.978e+5,7.829e+6
646.16,9.215e+6,2.748e+5,8.940e+6
646.21,1.034e+7,2.506e+5,1.009e+7
646.26,1.147e+7,2.258e+5,1.125e+7
646.31,1.259e+7,2.010e+5,1.239e+7
646.36,1.366e+7,1.768e+5,1.349e+7
646.41,1.466e+7,1.536e+5,1.451e+7
646.46,1.555e+7,1.319e+5,1.542e+7
646.51,1.631e+7,1.120e+5,1.620e+7
646.56,1.690e+7,9.387e+4,1.681e+7
646.61,1.731e+7,7.776e+4,1.723e+7
646.66,1.753e+7,6.365e+4,1.746e+7
646.71,1.753e+7,5.148e+4,1.748e+7
646.76,1.734e+7,4.114e+4,1.730e+7
646.81,1.694e+7,3.249e+4,1.691e+7
646.86,1.636e+7,2.535e+4,1.633e+7
646.91,1.561e+7,1.954e+4,1.559e+7
646.96,1.472e+7,1.489e+4,1.470e+7
647.01,1.371e+7,1.120e+4,1.370e+7
647.06,1.262e+7,8.333e+3,1.261e+7
647.11,1.148e+7,6.123e+3,1.148e+7
647.16,1.032e+7,4.446e+3,1.032e+7
647.21,9.170e+6,3.190e+3,9.167e+6
647.26,8.049e+6,2.261e+3,8.047e+6
647.31,6.981e+6,1.584e+3,6.980e+6
647.36,5.983e+6,1.096e+3,5.982e+6
647.41,5.067e+6,7.495e+2,5.066e+6
647.46,4.240e+6,5.064e+2,4.240e+6
647.51,3.506e+6,3.381e+2,3.506e+6
647.56,2.865e+6,2.230e+2,2.864e+6
647.61,2.313e+6,1.454e+2,2.312e+6
647.66,1.845e+6,9.364e+1,1.845e+6
647.71,1.454e+6,5.959e+1,1.454e+6
647.76,1.133e+6,3.747e+1,1.133e+6
647.81,8.717e+5,2.328e+1,8.717e+5
647.86,6.630e+5,1.429e+1,6.629e+5
647.91,4.982e+5,8.668e+0,4.982e+5
647.96,3.699e+5,5.195e+0,3.699e+5
648.01,2.714e+5,3.077e+0,2.714e+5
648.06,1.968e+5,1.800e+0,1.968e+5
648.11,1.410e+5,1.041e+0,1.410e+5
648.16,9.977e+4,5.946e-1,9.977e+4
648.21,6.979e+4,3.357e-1,6.979e+4
648.26,4.823e+4,1.872e-1,4.823e+4
648.31,3.295e+4,1.032e-1,3.295e+4
648.36,2.224e+4,5.618e-2,2.224e+4
648.41,1.485e+4,3.023e-2,1.485e+4
648.46,9.810e+3,1.607e-2,9.810e+3
648.51,6.435e+3,8.442e-3,6.435e+3
648.56,4.220e+3,4.382e-3,4.220e+3
648.61,2.816e+3,2.247e-3,2.816e+3
648.66,1.987e+3,1.139e-3,1.987e+3
648.71,1.587e+3,5.702e-4,1.587e+3
648.76,1.539e+3,2.821e-4,1.539e+3
648.81,1.825e+3,1.379e-4,1.825e+3
648.86,2.487e+3,6.660e-5,2.487e+3
648.91,3.621e+3,3.179e-5,3.621e+3
648.96,5.395e+3,1.499e-5,5.395e+3
649.01,8.055e+3,6.984e-6,8.055e+3
649.06,1.195e+4,3.216e-6,1.195e+4
649.11,1.756e+4,1.463e-6,1.756e+4
649.16,2.552e+4,6.575e-7,2.552e+4
649.21,3.666e+4,2.920e-7,3.666e+4
649.26,5.205e+4,1.282e-7,5.205e+4
649.31,7.305e+4,5.557e-8,7.305e+4
649.36,1.013e+5,2.381e-8,1.013e+5
649.41,1.389e+5,1.008e-8,1.389e+5
649.46,1.881e+5,4.216e-9,1.881e+5
649.51,2.518e+5,1.742e-9,2.518e+5
649.56,3.331e+5,7.116e-10,3.331e+5
649.61,4.355e+5,2.871e-10,4.355e+5
649.66,5.627e+5,1.145e-10,5.627e+5
649.71,7.185e+5,,7.185e+5
649.76,9.067e+5,,9.067e+5
649.81,1.131e+6,,1.131e+6
649.86,1.394e+6,,1.394e+6
649.91,1.697e+6,,1.697e+6
649.96,2.043e+6,,2.043e+6
650.01,2.430e+6,,2.430e+6
650.06,2.857e+6,,2.857e+6
650.11,3.320e+6,,3.320e+6
650.16,3.811e+6,,3.811e+6
650.21,4.325e+6,,4.325e+6
650.26,4.849e+6,,4.849e+6
650.31,5.374e+6,,5.374e+6
650.36,5.886e+6,,5.886e+6
650.41,6.370e+6,,6.370e+6
650.46,6.814e+6,,6.814e+6
650.51,7.203e+6,,7.203e+6
650.56,7.524e+6,,7.524e+6
650.61,7.768e+6,,7.768e+6
650.66,7.926e+6,,7.926e+6
650.71,7.991e+6,,7.991e+6
650.76,7.963e+6,,7.963e+6
650.81,7.842e+6,,7.842e+6
650.86,7.632e+6,,7.632e+6
650.91,7.340e+6,,7.340e+6
650.96,6.977e+6,,6.977e+6
651.01,6.553e+6,,6.553e+6
651.06,6.084e+6,,6.084e+6
651.11,5.581e+6,,5.581e+6
651.16,5.060e+6,,5.060e+6
651.21,4.534e+6,2.788e-11,4.534e+6
651.26,4.015e+6,6.974e-11,4.015e+6
651.31,3.513e+6,1.724e-10,3.513e+6
651.36,3.038e+6,4.213e-10,3.038e+6
651.41,2.597e+6,1.017e-9,2.597e+6
651.46,2.193e+6,2.429e-9,2.193e+6
651.51,1.831e+6,5.731e-9,1.831e+6
651.56,1.510e+6,1.337e-8,1.510e+6
651.61,1.231e+6,3.088e-8,1.231e+6
651.66,9.919e+5,7.039e-8,9.919e+5
651.71,7.897e+5,1.586e-7,7.897e+5
651.76,6.214e+5,3.531e-7,6.214e+5
651.81,4.832e+5,7.771e-7,4.832e+5
651.86,3.713e+5,1.690e-6,3.713e+5
651.91,2.820e+5,3.635e-6,2.820e+5
651.96,2.117e+5,7.727e-6,2.117e+5
652.01,1.570e+5,1.623e-5,1.570e+5
652.06,1.151e+5,3.371e-5,1.151e+5
652.11,8.338e+4,6.920e-5,8.338e+4
652.16,5.969e+4,1.404e-4,5.969e+4
652.21,4.223e+4,2.816e-4,4.223e+4
652.26,2.953e+4,5.584e-4,2.953e+4
652.31,2.041e+4,1.094e-3,2.041e+4
652.36,1.394e+4,2.120e-3,1.394e+4
652.41,9.405e+3,4.059e-3,9.405e+3
652.46,6.273e+3,7.683e-3,6.273e+3
652.51,4.134e+3,1.438e-2,4.134e+3
652.56,2.693e+3,2.659e-2,2.693e+3
652.61,1.734e+3,4.861e-2,1.734e+3
652.66,1.103e+3,8.786e-2,1.103e+3
652.71,6.936e+2,1.570e-1,6.935e+2
652.76,4.312e+2,2.773e-1,4.309e+2
652.81,2.651e+2,4.841e-1,2.646e+2
652.86,1.614e+2,8.356e-1,1.606e+2
652.91,9.772e+1,1.426e+0,9.629e+1
652.96,5.947e+1,2.405e+0,5.707e+1
653.01,3.744e+1,4.011e+0,3.343e+1
653.06,2.596e+1,6.613e+0,1.935e+1
653.11,2.185e+1,1.078e+1,1.107e+1
653.16,2.363e+1,1.737e+1,6.257e+0
653.21,3.118e+1,2.768e+1,3.496e+0
653.26,4.554e+1,4.361e+1,1.930e+0
653.31,6.899e+1,6.794e+1,1.053e+0
653.36,1.052e+2,1.046e+2,5.680e-1
653.41,1.597e+2,1.594e+2,3.027e-1
653.46,2.402e+2,2.400e+2,1.594e-1
653.51,3.575e+2,3.575e+2,8.297e-2
653.56,5.265e+2,5.265e+2,4.268e-2
653.61,7.668e+2,7.668e+2,2.169e-2
653.66,1.105e+3,1.105e+3,1.090e-2
653.71,1.574e+3,1.574e+3,5.411e-3
653.76,2.218e+3,2.218e+3,2.655e-3
653.81,3.092e+3,3.092e+3,1.287e-3
653.86,4.263e+3,4.263e+3,6.169e-4
653.91,5.815e+3,5.815e+3,2.921e-4
653.96,7.848e+3,7.848e+3,1.367e-4
654.01,1.048e+4,1.048e+4,6.323e-5
654.06,1.384e+4,1.384e+4,2.890e-5
654.11,1.810e+4,1.810e+4,1.306e-5
654.16,2.341e+4,2.341e+4,5.828e-6
654.21,2.997e+4,2.997e+4,2.571e-6
654.26,3.798e+4,3.798e+4,1.121e-6
654.31,4.763e+4,4.763e+4,4.830e-7
654.36,5.913e+4,5.913e+4,2.057e-7
654.41,7.267e+4,7.267e+4,8.656e-8
654.46,8.842e+4,8.842e+4,3.600e-8
654.51,1.065e+5,1.065e+5,1.480e-8
654.56,1.270e+5,1.270e+5,6.009e-9
654.61,1.500e+5,1.500e+5,2.412e-9
654.66,1.755e+5,1.755e+5,
654.71,2.032e+5,2.032e+5,
654.76,2.331e+5,2.331e+5,
654.81,2.648e+5,2.648e+5,
654.86,2.979e+5,2.979e+5,
654.91,3.320e+5,3.320e+5,
654.96,3.664e+5,3.664e+5,
655.01,4.006e+5,4.006e+5,
655.06,4.337e+5,4.337e+5,
655.11,4.651e+5,4.651e+5,
655.16,4.940e+5,4.940e+5,
655.21,5.197e+5,5.197e+5,
655.26,5.414e+5,5.414e+5,
655.31,5.586e+5,5.586e+5,
655.36,5.707e+5,5.707e+5,
655.41,5.774e+5,5.774e+5,
655.46,5.785e+5,5.785e+5,
655.51,5.738e+5,5.738e+5,
655.56,5.634e+5,5.634e+5,
655.61,5.478e+5,5.478e+5,
655.66,5.272e+5,5.272e+5,
655.71,5.022e+5,5.022e+5,
655.76,4.735e+5,4.735e+5,
655.81,4.418e+5,4.418e+5,
655.86,4.080e+5,4.080e+5,
655.91,3.728e+5,3.728e+5,
655.96,3.371e+5,3.371e+5,
656.01,3.016e+5,3.016e+5,
656.06,2.670e+5,2.670e+5,
656.11,2.338e+5,2.338e+5,
656.16,2.025e+5,2.025e+5,
656.21,1.735e+5,1.735e+5,
656.26,1.471e+5,1.471e+5,
656.31,1.233e+5,1.233e+5,
656.36,1.022e+5,1.022e+5,
656.41,8.384e+4,8.384e+4,
656.46,6.799e+4,6.799e+4,
656.51,5.453e+4,5.453e+4,
656.56,4.324e+4,4.324e+4,
656.61,3.391e+4,3.391e+4,
656.66,2.629e+4,2.629e+4,
656.71,2.016e+4,2.016e+4,
656.76,1.528e+4,1.528e+4,
656.81,1.146e+4,1.146e+4,
656.86,8.490e+3,8.490e+3,
656.91,6.220e+3,6.220e+3,
656.96,4.506e+3,4.506e+3,
657.01,3.227e+3,3.227e+3,
657.06,2.285e+3,2.285e+3,
657.11,1.599e+3,1.599e+3,
657.16,1.107e+3,1.107e+3,
657.21,7.570e+2,7.570e+2,
657.26,5.119e+2,5.119e+2,
657.31,3.422e+2,3.422e+2,
657.36,2.262e+2,2.262e+2,
657.41,1.477e+2,1.477e+2,
657.46,9.541e+1,9.541e+1,
657.51,6.090e+1,6.090e+1,
657.56,3.843e+1,3.843e+1,
657.61,2.397e+1,2.397e+1,
657.66,1.478e+1,1.478e+1,
657.71,9.010e+0,9.010e+0,
657.76,5.428e+0,5.428e+0,
657.81,3.233e+0,3.233e+0,
657.86,1.903e+0,1.903e+0,
657.91,1.107e+0,1.107e+0,
657.96,6.370e-1,6.370e-1,
658.01,3.622e-1,3.622e-1,
658.06,2.036e-1,2.036e-1,
658.11,1.131e-1,1.131e-1,
658.16,6.209e-2,6.209e-2,
658.21,3.370e-2,3.370e-2,
658.26,1.808e-2,1.808e-2,
658.31,9.589e-3,9.589e-3,
658.36,5.026e-3,5.026e-3,
658.41,2.604e-3,2.604e-3,
658.46,1.334e-3,1.334e-3,
658.51,6.752e-4,6.752e-4,
658.56,3.379e-4,3.379e-4,
658.61,1.671e-4,1.671e-4,
658.66,8.171e-5,8.171e-5,
658.71,3.949e-5,3.949e-5,
658.76,1.889e-5,1.889e-5,
658.81,8.965e-6,8.965e-6,
658.86,4.290e-6,4.290e-6,
658.91,2.210e-6,2.210e-6,
658.96,1.505e-6,1.505e-6,
659.01,1.737e-6,1.737e-6,
659.06,3.003e-6,3.003e-6,
659.11,5.963e-6,5.963e-6,
659.16,1.214e-5,1.214e-5,
659.21,2.465e-5,2.465e-5,
659.26,4.955e-5,4.955e-5,
659.31,9.852e-5,9.852e-5,
659.36,1.937e-4,1.937e-4,
659.41,3.764e-4,3.764e-4,
659.46,7.234e-4,7.234e-4,
659.51,1.374e-3,1.374e-3,
659.56,2.581e-3,2.581e-3,
659.61,4.793e-3,4.793e-3,
659.66,8.800e-3,8.800e-3,
659.71,1.597e-2,1.597e-2,
659.76,2.867e-2,2.867e-2,
659.81,5.086e-2,5.086e-2,
659.86,8.922e-2,8.922e-2,
659.91,1.547e-1,1.547e-1,
659.96,2.653e-1,2.653e-1,
660.01,4.497e-1,4.497e-1,
660.06,7.536e-1,7.536e-1,
660.11,1.249e+0,1.249e+0,
660.16,2.046e+0,2.046e+0,
660.21,3.313e+0,3.313e+0,
660.26,5.305e+0,5.305e+0,
660.31,8.398e+0,8.398e+0,
660.36,1.314e+1,1.314e+1,
660.41,2.034e+1,2.034e+1,
660.46,3.112e+1,3.112e+1,
660.51,4.706e+1,4.706e+1,
660.56,7.038e+1,7.038e+1,
660.61,1.041e+2,1.041e+2,
660.66,1.521e+2,1.521e+2,
660.71,2.198e+2,2.198e+2,
660.76,3.140e+2,3.140e+2,
660.81,4.436e+2,4.436e+2,
660.86,6.194e+2,6.194e+2,
660.91,8.552e+2,8.552e+2,
660.96,1.167e+3,1.167e+3,
661.01,1.576e+3,1.576e+3,
661.06,2.102e+3,2.102e+3,
661.11,2.773e+3,2.773e+3,
661.16,3.617e+3,3.617e+3,
661.21,4.664e+3,4.664e+3,
661.26,5.945e+3,5.945e+3,
661.31,7.493e+3,7.493e+3,
661.36,9.337e+3,9.337e+3,
661.41,1.150e+4,1.150e+4,
661.46,1.401e+4,1.401e+4,
661.51,1.687e+4,1.687e+4,
661.56,2.009e+4,2.009e+4,
661.61,2.364e+4,2.364e+4,
661.66,2.751e+4,2.751e+4,
661.71,3.165e+4,3.165e+4,
661.76,3.600e+4,3.600e+4,
661.81,4.049e+4,4.049e+4,
661.86,4.502e+4,4.502e+4,
661.91,4.948e+4,4.948e+4,
661.96,5.378e+4,5.378e+4,
662.01,5.778e+4,5.778e+4,
662.06,6.138e+4,6.138e+4,
662.11,6.446e+4,6.446e+4,
662.16,6.693e+4,6.693e+4,
662.21,6.871e+4,6.871e+4,
662.26,6.974e+4,6.974e+4,
662.31,6.998e+4,6.998e+4,
662.36,6.942e+4,6.942e+4,
662.41,6.809e+4,6.809e+4,
662.46,6.602e+4,6.602e+4,
662.51,6.330e+4,6.330e+4,
662.56,6.000e+4,6.000e+4,
662.61,5.622e+4,5.622e+4,
662.66,5.209e+4,5.209e+4,
662.71,4.771e+4,4.771e+4,
662.76,4.321e+4,4.321e+4,
662.81,3.868e+4,3.868e+4,
662.86,3.424e+4,3.424e+4,
662.91,2.997e+4,2.997e+4,
662.96,2.593e+4,2.593e+4,
663.01,2.218e+4,2.218e+4,
663.06,1.876e+4,1.876e+4,
663.11,1.568e+4,1.568e+4,
663.16,1.297e+4,1.297e+4,
663.21,1.060e+4,1.060e+4,
663.26,8.562e+3,8.562e+3,
663.31,6.840e+3,6.840e+3,
663.36,5.402e+3,5.402e+3,
663.41,4.218e+3,4.218e+3,
663.46,3.257e+3,3.257e+3,
663.51,2.486e+3,2.486e+3,
663.56,1.876e+3,1.876e+3,
663.61,1.400e+3,1.400e+3,
663.66,1.032e+3,1.032e+3,
663.71,7.530e+2,7.530e+2,
663.76,5.432e+2,5.432e+2,
663.82,3.620e+2,3.620e+2,
663.87,2.554e+2,2.554e+2,
663.92,1.791e+2,1.791e+2,
663.97,1.256e+2,1.256e+2,
664.02,8.941e+1,8.941e+1,
664.07,6.660e+1,6.660e+1,
664.12,5.460e+1,5.460e+1,
664.17,5.212e+1,5.212e+1,
664.22,5.907e+1,5.907e+1,
664.27,7.664e+1,7.664e+1,
664.32,1.074e+2,1.074e+2,
664.37,1.556e+2,1.556e+2,
664.42,2.274e+2,2.274e+2,
664.47,3.315e+2,3.315e+2,
664.52,4.797e+2,4.797e+2,
664.57,6.875e+2,6.875e+2,
664.62,9.753e+2,9.753e+2,
664.67,1.368e+3,1.368e+3,
664.72,1.899e+3,1.899e+3,
664.77,2.607e+3,2.607e+3,
664.82,3.540e+3,3.540e+3,
664.87,4.753e+3,4.753e+3,
664.92,6.313e+3,6.313e+3,
664.97,8.294e+3,8.294e+3,
665.02,1.078e+4,1.078e+4,
665.07,1.385e+4,1.385e+4,
665.12,1.761e+4,1.761e+4,
665.17,2.215e+4,2.215e+4,
665.22,2.756e+4,2.756e+4,
665.27,3.392e+4,3.392e+4,
665.32,4.131e+4,4.131e+4,
665.37,4.978e+4,4.978e+4,
665.42,5.935e+4,5.935e+4,
665.47,7.001e+4,7.001e+4,
665.52,8.172e+4,8.172e+4,
665.57,9.441e+4,9.441e+4,
665.62,1.079e+5,1.079e+5,
665.67,1.221e+5,1.221e+5,
665.72,1.368e+5,1.368e+5,
665.77,1.517e+5,1.517e+5,
665.82,1.665e+5,1.665e+5,
665.87,1.809e+5,1.809e+5,
665.92,1.946e+5,1.946e+5,
665.97,2.073e+5,2.073e+5,
666.02,2.187e+5,2.187e+5,
666.07,2.285e+5,2.285e+5,
666.12,2.365e+5,2.365e+5,
666.17,2.424e+5,2.424e+5,
666.22,2.462e+5,2.462e+5,
666.27,2.476e+5,2.476e+5,
666.32,2.468e+5,2.468e+5,
666.37,2.437e+5,2.437e+5,
666.42,2.384e+5,2.384e+5,
666.47,2.311e+5,2.311e+5,
666.52,2.220e+5,2.220e+5,
666.57,2.114e+5,2.114e+5,1.501e-9
666.62,1.994e+5,1.994e+5,3.666e-9
666.67,1.865e+5,1.865e+5,8.852e-9
666.72,1.728e+5,1.728e+5,2.114e-8
666.77,1.587e+5,1.587e+5,4.993e-8
666.82,1.444e+5,1.444e+5,1.166e-7
666.87,1.302e+5,1.302e+5,2.694e-7
666.92,1.164e+5,1.164e+5,6.154e-7
666.97,1.030e+5,1.030e+5,1.390e-6
667.02,9.040e+4,9.040e+4,3.106e-6
667.07,7.858e+4,7.858e+4,6.863e-6
667.12,6.768e+4,6.768e+4,1.499e-5
667.17,5.774e+4,5.774e+4,3.240e-5
667.22,4.880e+4,4.880e+4,6.924e-5
667.27,4.085e+4,4.085e+4,1.463e-4
667.32,3.387e+4,3.387e+4,3.058e-4
667.37,2.781e+4,2.781e+4,6.321e-4
667.42,2.262e+4,2.262e+4,1.292e-3
667.47,1.821e+4,1.821e+4,2.611e-3
667.52,1.452e+4,1.452e+4,5.220e-3
667.57,1.146e+4,1.146e+4,1.032e-2
667.62,8.952e+3,8.952e+3,2.018e-2
667.67,6.923e+3,6.923e+3,3.901e-2
667.72,5.300e+3,5.300e+3,7.460e-2
667.77,4.016e+3,4.016e+3,1.411e-1
667.82,3.011e+3,3.011e+3,2.638e-1
667.87,2.235e+3,2.235e+3,4.878e-1
667.92,1.642e+3,1.641e+3,8.922e-1
667.97,1.194e+3,1.193e+3,1.614e+0
668.02,8.607e+2,8.578e+2,2.886e+0
668.07,6.160e+2,6.109e+2,5.106e+0
668.12,4.401e+2,4.311e+2,8.932e+0
668.17,3.177e+2,3.022e+2,1.545e+1
668.22,2.380e+2,2.115e+2,2.644e+1
668.27,1.943e+2,1.496e+2,4.473e+1
668.32,1.845e+2,1.096e+2,7.485e+1
668.37,2.110e+2,8.711e+1,1.239e+2
668.42,2.822e+2,7.949e+1,2.027e+2
668.47,4.141e+2,8.613e+1,3.280e+2
668.52,6.333e+2,1.083e+2,5.250e+2
668.57,9.802e+2,1.493e+2,8.309e+2
668.62,1.515e+3,2.148e+2,1.301e+3
668.67,2.327e+3,3.135e+2,2.013e+3
668.72,3.540e+3,4.574e+2,3.082e+3
668.77,5.329e+3,6.632e+2,4.666e+3
668.82,7.939e+3,9.527e+2,6.986e+3
668.87,1.170e+4,1.355e+3,1.034e+4
668.92,1.705e+4,1.906e+3,1.515e+4
668.97,2.458e+4,2.652e+3,2.193e+4
669.02,3.506e+4,3.649e+3,3.141e+4
669.07,4.945e+4,4.965e+3,4.448e+4
669.12,6.898e+4,6.683e+3,6.230e+4
669.17,9.519e+4,8.894e+3,8.629e+4
669.22,1.299e+5,1.171e+4,1.182e+5
669.27,1.754e+5,1.524e+4,1.601e+5
669.32,2.341e+5,1.962e+4,2.145e+5
669.37,3.092e+5,2.497e+4,2.842e+5
669.42,4.038e+5,3.144e+4,3.723e+5
669.47,5.216e+5,3.914e+4,4.824e+5
669.52,6.664e+5,4.819e+4,6.182e+5
669.57,8.420e+5,5.868e+4,7.834e+5
669.62,1.052e+6,7.066e+4,9.817e+5
669.67,1.301e+6,8.414e+4,1.217e+6
669.72,1.590e+6,9.909e+4,1.491e+6
669.77,1.923e+6,1.154e+5,1.807e+6
669.82,2.300e+6,1.329e+5,2.167e+6
669.87,2.720e+6,1.514e+5,2.568e+6
669.92,3.182e+6,1.705e+5,3.011e+6
669.97,3.681e+6,1.899e+5,3.491e+6
670.02,4.212e+6,2.092e+5,4.002e+6
670.07,4.766e+6,2.280e+5,4.538e+6
670.12,5.334e+6,2.456e+5,5.089e+6
670.17,5.905e+6,2.617e+5,5.643e+6
670.22,6.464e+6,2.757e+5,6.189e+6
670.27,6.999e+6,2.873e+5,6.712e+6
670.32,7.495e+6,2.961e+5,7.199e+6
670.37,7.938e+6,3.017e+5,7.636e+6
670.42,8.314e+6,3.041e+5,8.010e+6
670.47,8.612e+6,3.031e+5,8.309e+6
670.52,8.823e+6,2.987e+5,8.524e+6
670.57,8.940e+6,2.912e+5,8.649e+6
670.62,8.958e+6,2.807e+5,8.677e+6
670.67,8.878e+6,2.676e+5,8.610e+6
670.72,8.701e+6,2.522e+5,8.449e+6
670.77,8.434e+6,2.352e+5,8.199e+6
670.82,8.085e+6,2.168e+5,7.869e+6
670.87,7.666e+6,1.977e+5,7.468e+6
670.92,7.188e+6,1.783e+5,7.009e+6
670.97,6.665e+6,1.590e+5,6.506e+6
671.02,6.113e+6,1.402e+5,5.972e+6
671.07,5.544e+6,1.223e+5,5.422e+6
671.12,4.973e+6,1.055e+5,4.867e+6
671.17,4.411e+6,8.995e+4,4.322e+6
671.22,3.870e+6,7.587e+4,3.794e+6
671.27,3.358e+6,6.329e+4,3.295e+6
671.32,2.881e+6,5.221e+4,2.829e+6
671.37,2.445e+6,4.259e+4,2.403e+6
671.42,2.052e+6,3.436e+4,2.018e+6
671.47,1.703e+6,2.742e+4,1.676e+6
671.52,1.398e+6,2.163e+4,1.377e+6
671.57,1.135e+6,1.688e+4,1.118e+6
671.62,9.112e+5,1.303e+4,8.982e+5
671.67,7.235e+5,9.941e+3,7.135e+5
671.72,5.681e+5,7.502e+3,5.606e+5
671.77,4.411e+5,5.599e+3,4.355e+5
671.82,3.388e+5,4.133e+3,3.346e+5
671.87,2.573e+5,3.017e+3,2.543e+5
671.92,1.933e+5,2.178e+3,1.911e+5
671.97,1.436e+5,1.554e+3,1.420e+5
672.02,1.055e+5,1.097e+3,1.044e+5
672.07,7.662e+4,7.661e+2,7.585e+4
672.12,5.505e+4,5.290e+2,5.452e+4
672.17,3.912e+4,3.612e+2,3.875e+4
672.22,2.749e+4,2.439e+2,2.724e+4
672.27,1.910e+4,1.629e+2,1.894e+4
672.32,1.313e+4,1.076e+2,1.302e+4
672.37,8.923e+3,7.024e+1,8.853e+3
672.42,5.998e+3,4.536e+1,5.952e+3
672.47,3.987e+3,2.897e+1,3.958e+3
672.52,2.621e+3,1.830e+1,2.603e+3
672.57,1.704e+3,1.143e+1,1.693e+3
672.62,1.096e+3,7.062e+0,1.089e+3
672.67,6.967e+2,4.314e+0,6.924e+2
672.72,4.381e+2,2.607e+0,4.355e+2
672.77,2.725e+2,1.557e+0,2.709e+2
672.82,1.676e+2,9.202e-1,1.667e+2
672.87,1.019e+2,5.377e-1,1.014e+2
672.92,6.131e+1,3.107e-1,6.100e+1
672.97,3.647e+1,1.776e-1,3.629e+1
673.02,2.146e+1,1.003e-1,2.135e+1
673.07,1.248e+1,5.608e-2,1.243e+1
673.12,7.182e+0,3.100e-2,7.151e+0
673.17,4.087e+0,1.694e-2,4.070e+0
673.22,2.300e+0,9.159e-3,2.290e+0
673.27,1.280e+0,4.896e-3,1.275e+0
673.32,7.043e-1,2.588e-3,7.017e-1
673.37,3.833e-1,1.353e-3,3.820e-1
673.42,2.063e-1,6.997e-4,2.056e-1
673.47,1.098e-1,3.577e-4,1.095e-1
673.52,5.782e-2,1.809e-4,5.764e-2
673.57,3.010e-2,9.046e-5,3.001e-2
673.62,1.550e-2,4.473e-5,1.545e-2
673.67,7.890e-3,2.188e-5,7.868e-3
673.72,3.973e-3,1.058e-5,3.962e-3
673.77,1.978e-3,5.061e-6,1.973e-3
673.82,9.743e-4,2.394e-6,9.719e-4
673.87,4.745e-4,1.120e-6,4.734e-4
673.92,2.285e-4,5.180e-7,2.280e-4
673.97,1.089e-4,2.370e-7,1.086e-4
674.02,5.128e-5,1.072e-7,5.117e-5
674.07,2.389e-5,4.796e-8,2.384e-5
674.12,1.100e-5,2.122e-8,1.098e-5
674.17,5.014e-6,9.286e-9,5.004e-6
674.22,2.259e-6,4.018e-9,2.255e-6
674.27,1.007e-6,1.720e-9,1.005e-6
674.32,4.436e-7,7.277e-10,4.428e-7
674.37,1.933e-7,3.046e-10,1.930e-7
674.42,8.331e-8,1.261e-10,8.318e-8
674.47,3.551e-8,5.160e-11,3.545e-8
674.52,1.494e-8,,1.494e-8
674.57,6.230e-9,,6.230e-9
674.62,2.568e-9,,2.568e-9
676.77,7.996e-12,7.996e-12,
676.82,1.930e-11,1.930e-11,
676.87,4.608e-11,4.608e-11,
676.92,1.089e-10,1.089e-10,
676.97,2.544e-10,2.544e-10,
677.02,5.880e-10,5.880e-10,
677.07,1.345e-9,1.345e-9,
677.12,3.043e-9,3.043e-9,
677.17,6.810e-9,6.810e-9,
677.22,1.508e-8,1.508e-8,
677.27,3.303e-8,3.303e-8,
677.32,7.156e-8,7.156e-8,
677.37,1.534e-7,1.534e-7,
677.42,3.253e-7,3.253e-7,
677.47,6.825e-7,6.825e-7,
677.52,1.416e-6,1.416e-6,
677.57,2.908e-6,2.908e-6,
677.62,5.907e-6,5.907e-6,
677.67,1.187e-5,1.187e-5,
677.72,2.359e-5,2.359e-5,
677.77,4.639e-5,4.639e-5,
677.82,9.025e-5,9.025e-5,
677.87,1.737e-4,1.737e-4,
677.92,3.307e-4,3.307e-4,
677.97,6.228e-4,6.228e-4,
678.02,1.160e-3,1.160e-3,
678.07,2.139e-3,2.139e-3,
678.12,3.900e-3,3.900e-3,
678.17,7.035e-3,7.035e-3,
678.22,1.256e-2,1.256e-2,
678.27,2.216e-2,2.216e-2,
678.32,3.871e-2,3.871e-2,
678.37,6.688e-2,6.688e-2,
678.42,1.143e-1,1.143e-1,
678.47,1.933e-1,1.933e-1,
678.52,3.233e-1,3.233e-1,
678.57,5.350e-1,5.350e-1,
678.62,8.758e-1,8.758e-1,
678.67,1.418e+0,1.418e+0,
678.72,2.272e+0,2.272e+0,
678.77,3.601e+0,3.601e+0,
678.82,5.647e+0,5.647e+0,
678.87,8.759e+0,8.759e+0,2.080e-9
678.92,1.344e+1,1.344e+1,4.983e-9
678.97,2.040e+1,2.040e+1,1.181e-8
679.02,3.064e+1,3.064e+1,2.769e-8
679.07,4.551e+1,4.551e+1,6.424e-8
679.12,6.689e+1,6.689e+1,1.474e-7
679.17,9.725e+1,9.725e+1,3.347e-7
679.22,1.399e+2,1.399e+2,7.520e-7
679.27,1.990e+2,1.990e+2,1.671e-6
679.32,2.801e+2,2.801e+2,3.674e-6
679.37,3.901e+2,3.901e+2,7.993e-6
679.42,5.374e+2,5.374e+2,1.720e-5
679.47,7.323e+2,7.323e+2,3.662e-5
679.52,9.873e+2,9.873e+2,7.714e-5
679.57,1.317e+3,1.317e+3,1.608e-4
679.62,1.737e+3,1.737e+3,3.314e-4
679.67,2.268e+3,2.268e+3,6.761e-4
679.72,2.928e+3,2.928e+3,1.364e-3
679.77,3.740e+3,3.740e+3,2.724e-3
679.82,4.727e+3,4.727e+3,5.380e-3
679.87,5.909e+3,5.909e+3,1.051e-2
679.92,7.308e+3,7.308e+3,2.033e-2
679.97,8.941e+3,8.941e+3,3.888e-2
680.02,1.082e+4,1.082e+4,7.357e-2
680.07,1.296e+4,1.296e+4,1.377e-1
680.12,1.535e+4,1.535e+4,2.551e-1
680.17,1.799e+4,1.798e+4,4.674e-1
680.22,2.085e+4,2.085e+4,8.474e-1
680.27,2.391e+4,2.391e+4,1.520e+0
680.32,2.713e+4,2.712e+4,2.697e+0
680.37,3.045e+4,3.044e+4,4.734e+0
680.42,3.381e+4,3.380e+4,8.223e+0
680.47,3.714e+4,3.712e+4,1.413e+1
680.52,4.036e+4,4.034e+4,2.402e+1
680.57,4.340e+4,4.336e+4,4.039e+1
680.62,4.618e+4,4.611e+4,6.721e+1
680.67,4.862e+4,4.851e+4,1.106e+2
680.72,5.066e+4,5.048e+4,1.802e+2
680.77,5.227e+4,5.198e+4,2.903e+2
680.82,5.340e+4,5.294e+4,4.628e+2
680.87,5.407e+4,5.334e+4,7.299e+2
680.92,5.431e+4,5.317e+4,1.139e+3
680.97,5.418e+4,5.243e+4,1.758e+3
681.02,5.383e+4,5.114e+4,2.685e+3
681.07,5.341e+4,4.935e+4,4.056e+3
681.12,5.318e+4,4.712e+4,6.063e+3
681.17,5.347e+4,4.450e+4,8.966e+3
681.22,5.469e+4,4.158e+4,1.312e+4
681.27,5.742e+4,3.843e+4,1.899e+4
681.32,6.233e+4,3.514e+4,2.719e+4
681.37,7.031e+4,3.178e+4,3.852e+4
681.42,8.244e+4,2.844e+4,5.399e+4
681.47,1.001e+5,2.518e+4,7.488e+4
681.52,1.248e+5,2.205e+4,1.027e+5
681.57,1.585e+5,1.910e+4,1.394e+5
681.62,2.036e+5,1.637e+4,1.872e+5
681.67,2.626e+5,1.388e+4,2.487e+5
681.72,3.386e+5,1.165e+4,3.269e+5
681.77,4.348e+5,9.663e+3,4.251e+5
681.82,5.548e+5,7.932e+3,5.469e+5
681.87,7.025e+5,6.442e+3,6.961e+5
681.92,8.816e+5,5.175e+3,8.765e+5
681.97,1.096e+6,4.113e+3,1.092e+6
682.02,1.349e+6,3.234e+3,1.346e+6
682.07,1.643e+6,2.515e+3,1.641e+6
682.12,1.981e+6,1.935e+3,1.979e+6
682.17,2.364e+6,1.473e+3,2.362e+6
682.22,2.790e+6,1.109e+3,2.789e+6
682.27,3.259e+6,8.264e+2,3.258e+6
682.32,3.766e+6,6.090e+2,3.766e+6
682.37,4.306e+6,4.440e+2,4.306e+6
682.42,4.871e+6,3.202e+2,4.871e+6
682.47,5.451e+6,2.285e+2,5.451e+6
682.52,6.035e+6,1.613e+2,6.035e+6
682.57,6.611e+6,1.126e+2,6.611e+6
682.62,7.164e+6,7.779e+1,7.164e+6
682.67,7.681e+6,5.316e+1,7.681e+6
682.72,8.148e+6,3.594e+1,8.148e+6
682.77,8.550e+6,2.404e+1,8.550e+6
682.82,8.877e+6,1.590e+1,8.877e+6
682.87,9.118e+6,1.041e+1,9.118e+6
682.92,9.266e+6,6.739e+0,9.266e+6
682.97,9.316e+6,4.317e+0,9.316e+6
683.02,9.266e+6,2.735e+0,9.266e+6
683.07,9.118e+6,1.715e+0,9.118e+6
683.12,8.877e+6,1.063e+0,8.877e+6
683.17,8.550e+6,6.524e-1,8.550e+6
683.22,8.148e+6,3.960e-1,8.148e+6
683.27,7.681e+6,2.378e-1,7.681e+6
683.32,7.164e+6,1.412e-1,7.164e+6
683.37,6.611e+6,8.298e-2,6.611e+6
683.42,6.035e+6,4.824e-2,6.035e+6
683.47,5.451e+6,2.774e-2,5.451e+6
683.52,4.871e+6,1.578e-2,4.871e+6
683.57,4.306e+6,8.881e-3,4.306e+6
683.62,3.766e+6,4.945e-3,3.766e+6
683.67,3.258e+6,2.723e-3,3.258e+6
683.72,2.789e+6,1.484e-3,2.789e+6
683.77,2.362e+6,7.999e-4,2.362e+6
683.82,1.979e+6,4.265e-4,1.979e+6
683.87,1.641e+6,2.250e-4,1.641e+6
683.92,1.346e+6,1.174e-4,1.346e+6
683.97,1.092e+6,6.062e-5,1.092e+6
684.02,8.765e+5,3.096e-5,8.765e+5
684.07,6.961e+5,1.564e-5,6.961e+5
684.12,5.469e+5,7.819e-6,5.469e+5
684.17,4.251e+5,3.866e-6,4.251e+5
684.22,3.269e+5,1.891e-6,3.269e+5
684.27,2.487e+5,9.152e-7,2.487e+5
684.32,1.872e+5,4.381e-7,1.872e+5
684.37,1.394e+5,2.075e-7,1.394e+5
684.42,1.027e+5,9.721e-8,1.027e+5
684.47,7.488e+4,4.506e-8,7.488e+4
684.52,5.399e+4,2.066e-8,5.399e+4
684.57,3.852e+4,9.371e-9,3.852e+4
684.62,2.719e+4,4.205e-9,2.719e+4
684.67,1.899e+4,1.867e-9,1.899e+4
684.72,1.312e+4,8.197e-10,1.312e+4
684.77,8.966e+3,3.561e-10,8.966e+3
684.82,6.063e+3,1.531e-10,6.063e+3
684.87,4.056e+3,6.508e-11,4.056e+3
684.92,2.685e+3,2.737e-11,2.685e+3
684.97,1.758e+3,1.139e-11,1.758e+3
685.02,1.139e+3,,1.139e+3
685.07,7.299e+2,,7.299e+2
685.12,4.628e+2,,4.628e+2
685.17,2.903e+2,,2.903e+2
685.22,1.802e+2,,1.802e+2
685.27,1.106e+2,,1.106e+2
685.32,6.721e+1,,6.721e+1
685.37,4.039e+1,,4.039e+1
685.42,2.402e+1,,2.402e+1
685.47,1.413e+1,,1.413e+1
685.52,8.223e+0,,8.223e+0
685.57,4.734e+0,,4.734e+0
685.62,2.697e+0,,2.697e+0
685.67,1.520e+0,,1.520e+0
685.72,8.474e-1,,8.474e-1
685.77,4.674e-1,,4.674e-1
685.82,2.551e-1,,2.551e-1
685.87,1.377e-1,,1.377e-1
685.92,7.357e-2,,7.357e-2
685.97,3.888e-2,,3.888e-2
686.02,2.033e-2,,2.033e-2
686.07,1.051e-2,,1.051e-2
686.12,5.380e-3,,5.380e-3
686.17,2.724e-3,,2.724e-3
686.22,1.364e-3,,1.364e-3
686.27,6.761e-4,,6.761e-4
686.32,3.314e-4,,3.314e-4
686.37,1.608e-4,,1.608e-4
686.42,7.714e-5,,7.714e-5
686.47,3.662e-5,,3.662e-5
686.52,1.720e-5,,1.720e-5
686.57,7.993e-6,,7.993e-6
686.62,3.674e-6,,3.674e-6
686.67,1.671e-6,,1.671e-6
686.72,7.520e-7,,7.520e-7
686.77,3.347e-7,,3.347e-7
686.82,1.474e-7,,1.474e-7
686.87,6.424e-8,,6.424e-8
686.92,2.769e-8,,2.769e-8
686.97,1.181e-8,,1.181e-8
687.02,4.983e-9,,4.983e-9
687.07,2.080e-9,,2.080e-9
688.32,9.193e-11,9.193e-11,
688.37,2.177e-10,2.177e-10,
688.42,5.104e-10,5.104e-10,
688.47,1.184e-9,1.184e-9,
688.52,2.718e-9,2.718e-9,
688.57,6.175e-9,6.175e-9,
688.62,1.388e-8,1.388e-8,
688.67,3.089e-8,3.089e-8,
688.72,6.801e-8,6.801e-8,
688.77,1.482e-7,1.482e-7,
688.82,3.196e-7,3.196e-7,
688.87,6.820e-7,6.820e-7,
688.92,1.440e-6,1.440e-6,
688.97,3.011e-6,3.011e-6,
689.02,6.227e-6,6.227e-6,
689.07,1.275e-5,1.275e-5,
689.12,2.582e-5,2.582e-5,
689.17,5.176e-5,5.176e-5,
689.22,1.027e-4,1.027e-4,
689.27,2.016e-4,2.016e-4,
689.32,3.917e-4,3.917e-4,
689.37,7.531e-4,7.531e-4,
689.42,1.433e-3,1.433e-3,
689.47,2.698e-3,2.698e-3,
689.52,5.029e-3,5.029e-3,
689.57,9.274e-3,9.274e-3,
689.62,1.693e-2,1.693e-2,
689.67,3.057e-2,3.057e-2,
689.72,5.464e-2,5.464e-2,
689.77,9.666e-2,9.666e-2,
689.82,1.692e-1,1.692e-1,
689.87,2.931e-1,2.931e-1,
689.92,5.025e-1,5.025e-1,
689.97,8.526e-1,8.526e-1,
690.02,1.432e+0,1.432e+0,
690.07,2.379e+0,2.379e+0,
690.12,3.912e+0,3.912e+0,
690.17,6.365e+0,6.365e+0,
690.22,1.025e+1,1.025e+1,
690.27,1.634e+1,1.634e+1,
690.32,2.577e+1,2.577e+1,
690.37,4.022e+1,4.022e+1,
690.42,6.212e+1,6.212e+1,
690.47,9.497e+1,9.497e+1,
690.52,1.437e+2,1.437e+2,
690.57,2.151e+2,2.151e+2,
690.62,3.186e+2,3.186e+2,
690.67,4.672e+2,4.672e+2,
690.72,6.779e+2,6.779e+2,
690.77,9.734e+2,9.734e+2,
690.82,1.383e+3,1.383e+3,
690.87,1.945e+3,1.945e+3,
690.92,2.707e+3,2.707e+3,
690.97,3.729e+3,3.729e+3,
691.02,5.082e+3,5.082e+3,
691.07,6.855e+3,6.855e+3,
691.12,9.150e+3,9.150e+3,
691.17,1.209e+4,1.209e+4,
691.22,1.580e+4,1.580e+4,
691.27,2.044e+4,2.044e+4,
691.32,2.617e+4,2.617e+4,
691.37,3.316e+4,3.316e+4,
691.42,4.159e+4,4.159e+4,
691.47,5.160e+4,5.160e+4,
691.52,6.337e+4,6.337e+4,
691.57,7.701e+4,7.701e+4,
691.62,9.262e+4,9.262e+4,
691.67,1.102e+5,1.102e+5,
691.72,1.298e+5,1.298e+5,
691.77,1.514e+5,1.514e+5,
691.82,1.746e+5,1.746e+5,
691.87,1.993e+5,1.993e+5,
691.92,2.252e+5,2.252e+5,
691.97,2.518e+5,2.518e+5,
692.02,2.786e+5,2.786e+5,
692.07,3.050e+5,3.050e+5,
692.12,3.305e+5,3.305e+5,
692.17,3.544e+5,3.544e+5,
692.22,3.761e+5,3.761e+5,
692.27,3.950e+5,3.950e+5,
692.32,4.105e+5,4.105e+5,
692.37,4.223e+5,4.223e+5,
692.42,4.298e+5,4.298e+5,
692.47,4.330e+5,4.330e+5,
692.52,4.316e+5,4.316e+5,
692.57,4.258e+5,4.258e+5,
692.62,4.157e+5,4.157e+5,
692.67,4.017e+5,4.017e+5,
692.72,3.840e+5,3.840e+5,
692.77,3.634e+5,3.634e+5,
692.82,3.403e+5,3.403e+5,
692.87,3.154e+5,3.154e+5,
692.92,2.892e+5,2.892e+5,
692.97,2.625e+5,2.625e+5,
693.02,2.358e+5,2.358e+5,
693.07,2.095e+5,2.095e+5,
693.12,1.843e+5,1.843e+5,
693.17,1.605e+5,1.605e+5,
693.22,1.382e+5,1.382e+5,
693.27,1.178e+5,1.178e+5,
693.32,9.943e+4,9.943e+4,
693.37,8.302e+4,8.302e+4,
693.42,6.860e+4,6.860e+4,
693.47,5.609e+4,5.609e+4,
693.52,4.539e+4,4.539e+4,
693.57,3.635e+4,3.635e+4,
693.62,2.881e+4,2.881e+4,
693.67,2.260e+4,2.260e+4,
693.72,1.754e+4,1.754e+4,
693.77,1.347e+4,1.347e+4,
693.82,1.024e+4,1.024e+4,
693.87,7.704e+3,7.704e+3,
693.92,5.735e+3,5.735e+3,
693.97,4.225e+3,4.225e+3,
694.02,3.081e+3,3.081e+3,
694.07,2.223e+3,2.223e+3,
694.12,1.587e+3,1.587e+3,
694.17,1.122e+3,1.122e+3,8.061e-10
694.22,7.844e+2,7.844e+2,1.901e-9
694.27,5.429e+2,5.429e+2,4.438e-9
694.32,3.718e+2,3.718e+2,1.026e-8
694.37,2.520e+2,2.520e+2,2.346e-8
694.42,1.690e+2,1.690e+2,5.310e-8
694.47,1.122e+2,1.122e+2,1.190e-7
694.52,7.371e+1,7.371e+1,2.639e-7
694.57,4.792e+1,4.792e+1,5.793e-7
694.62,3.083e+1,3.083e+1,1.259e-6
694.68,1.791e+1,1.791e+1,3.151e-6
694.73,1.126e+1,1.126e+1,6.694e-6
694.78,7.008e+0,7.008e+0,1.408e-5
694.83,4.315e+0,4.315e+0,2.930e-5
694.88,2.630e+0,2.630e+0,6.035e-5
694.93,1.586e+0,1.586e+0,1.231e-4
694.98,9.468e-1,9.465e-1,2.484e-4
695.03,5.595e-1,5.591e-1,4.961e-4
695.08,3.278e-1,3.268e-1,9.810e-4
695.13,1.909e-1,1.890e-1,1.920e-3
695.18,1.119e-1,1.082e-1,3.719e-3
695.23,6.843e-2,6.130e-2,7.131e-3
695.28,4.790e-2,3.437e-2,1.353e-2
695.33,4.449e-2,1.907e-2,2.542e-2
695.38,5.774e-2,1.047e-2,4.727e-2
695.43,9.268e-2,5.688e-3,8.699e-2
695.48,1.615e-1,3.059e-3,1.585e-1
695.53,2.873e-1,1.628e-3,2.857e-1
695.58,5.107e-1,8.572e-4,5.099e-1
695.63,9.011e-1,4.468e-4,9.006e-1
695.68,1.575e+0,2.304e-4,1.575e+0
695.73,2.725e+0,1.176e-4,2.725e+0
695.78,4.668e+0,5.941e-5,4.668e+0
695.83,7.914e+0,2.970e-5,7.914e+0
695.88,1.328e+1,1.469e-5,1.328e+1
695.93,2.206e+1,7.192e-6,2.206e+1
695.98,3.627e+1,3.484e-6,3.627e+1
696.03,5.902e+1,1.671e-6,5.902e+1
696.08,9.507e+1,7.927e-7,9.507e+1
696.13,1.516e+2,3.722e-7,1.516e+2
696.18,2.392e+2,1.730e-7,2.392e+2
696.23,3.736e+2,7.955e-8,3.736e+2
696.28,5.776e+2,3.620e-8,5.776e+2
696.33,8.839e+2,1.630e-8,8.839e+2
696.38,1.339e+3,7.267e-9,1.339e+3
696.43,2.007e+3,3.205e-9,2.007e+3
696.48,2.978e+3,1.399e-9,2.978e+3
696.53,4.374e+3,6.044e-10,4.374e+3
696.58,6.360e+3,2.584e-10,6.360e+3
696.63,9.151e+3,1.093e-10,9.151e+3
696.68,1.303e+4,,1.303e+4
696.73,1.837e+4,,1.837e+4
696.78,2.564e+4,,2.564e+4
696.83,3.541e+4,,3.541e+4
696.88,4.841e+4,,4.841e+4
696.93,6.551e+4,,6.551e+4
696.98,8.773e+4,,8.773e+4
697.03,1.163e+5,,1.163e+5
697.08,1.526e+5,,1.526e+5
697.13,1.982e+5,,1.982e+5
697.18,2.548e+5,,2.548e+5
697.23,3.242e+5,,3.242e+5
697.28,4.083e+5,,4.083e+5
697.33,5.090e+5,,5.090e+5
697.38,6.280e+5,,6.280e+5
697.43,7.670e+5,,7.670e+5
697.48,9.272e+5,,9.272e+5
697.53,1.109e+6,,1.109e+6
697.58,1.314e+6,,1.314e+6
697.63,1.540e+6,,1.540e+6
697.68,1.787e+6,,1.787e+6
697.73,2.052e+6,,2.052e+6
697.78,2.333e+6,,2.333e+6
697.83,2.625e+6,,2.625e+6
697.88,2.923e+6,,2.923e+6
697.93,3.222e+6,,3.222e+6
697.98,3.515e+6,,3.515e+6
698.03,3.796e+6,,3.796e+6
698.08,4.058e+6,,4.058e+6
698.13,4.293e+6,,4.293e+6
698.18,4.496e+6,,4.496e+6
698.23,4.660e+6,,4.660e+6
698.28,4.781e+6,,4.781e+6
698.33,4.855e+6,,4.855e+6
698.38,4.880e+6,,4.880e+6
698.43,4.855e+6,,4.855e+6
698.48,4.781e+6,,4.781e+6
698.53,4.660e+6,,4.660e+6
698.58,4.496e+6,,4.496e+6
698.63,4.293e+6,,4.293e+6
698.68,4.058e+6,,4.058e+6
698.73,3.796e+6,,3.796e+6
698.78,3.515e+6,,3.515e+6
698.83,3.222e+6,,3.222e+6
698.88,2.923e+6,,2.923e+6
698.93,2.625e+6,,2.625e+6
698.98,2.333e+6,,2.333e+6
699.03,2.052e+6,,2.052e+6
699.08,1.787e+6,,1.787e+6
699.13,1.540e+6,,1.540e+6
699.18,1.314e+6,,1.314e+6
699.23,1.109e+6,,1.109e+6
699.28,9.272e+5,,9.272e+5
699.33,7.670e+5,,7.670e+5
699.38,6.280e+5,,6.280e+5
699.43,5.090e+5,,5.090e+5
699.48,4.083e+5,,4.083e+5
699.53,3.242e+5,,3.242e+5
699.58,2.548e+5,,2.548e+5
699.63,1.982e+5,,1.982e+5
699.68,1.526e+5,,1.526e+5
699.73,1.163e+5,,1.163e+5
699.78,8.773e+4,,8.773e+4
699.83,6.551e+4,,6.551e+4
699.88,4.841e+4,,4.841e+4
699.93,3.541e+4,,3.541e+4
699.98,2.564e+4,,2.564e+4
700.03,1.837e+4,,1.837e+4
700.08,1.303e+4,,1.303e+4
700.13,9.151e+3,,9.151e+3
700.18,6.360e+3,,6.360e+3
700.23,4.374e+3,,4.374e+3
700.28,2.978e+3,,2.978e+3
700.33,2.007e+3,,2.007e+3
700.38,1.339e+3,,1.339e+3
700.43,8.839e+2,,8.839e+2
700.48,5.776e+2,,5.776e+2
700.53,3.736e+2,,3.736e+2
700.58,2.392e+2,,2.392e+2
700.63,1.516e+2,,1.516e+2
700.68,9.507e+1,,9.507e+1
700.73,5.902e+1,,5.902e+1
700.78,3.627e+1,,3.627e+1
700.83,2.206e+1,,2.206e+1
700.88,1.328e+1,,1.328e+1
700.93,7.914e+0,,7.914e+0
700.98,4.668e+0,,4.668e+0
701.03,2.725e+0,,2.725e+0
701.08,1.575e+0,,1.575e+0
701.13,9.006e-1,,9.006e-1
701.18,5.099e-1,,5.099e-1
701.23,2.857e-1,,2.857e-1
701.28,1.585e-1,,1.585e-1
701.33,8.699e-2,,8.699e-2
701.38,4.727e-2,,4.727e-2
701.43,2.542e-2,,2.542e-2
701.48,1.353e-2,,1.353e-2
701.53,7.131e-3,,7.131e-3
701.58,3.719e-3,,3.719e-3
701.63,1.920e-3,,1.920e-3
701.68,9.810e-4,,9.810e-4
701.73,4.961e-4,,4.961e-4
701.78,2.484e-4,,2.484e-4
701.83,1.231e-4,,1.231e-4
701.88,6.035e-5,,6.035e-5
701.93,2.930e-5,,2.930e-5
701.98,1.409e-5,,1.409e-5
702.03,6.734e-6,,6.734e-6
702.08,3.242e-6,,3.242e-6
702.13,1.674e-6,,1.674e-6
702.18,1.137e-6,,1.137e-6
702.23,1.331e-6,4.036e-11,1.331e-6
702.28,2.384e-6,9.353e-11,2.384e-6
702.33,4.944e-6,2.146e-10,4.943e-6
702.38,1.054e-5,4.875e-10,1.054e-5
702.43,2.242e-5,1.097e-9,2.242e-5
702.48,4.730e-5,2.442e-9,4.730e-5
702.53,9.882e-5,5.382e-9,9.882e-5
702.58,2.044e-4,1.175e-8,2.044e-4
702.63,4.187e-4,2.538e-8,4.187e-4
702.68,8.489e-4,5.429e-8,8.489e-4
702.73,1.704e-3,1.150e-7,1.704e-3
702.78,3.387e-3,2.411e-7,3.387e-3
702.83,6.664e-3,5.004e-7,6.663e-3
702.88,1.298e-2,1.028e-6,1.298e-2
702.93,2.503e-2,2.093e-6,2.503e-2
702.98,4.779e-2,4.215e-6,4.779e-2
703.03,9.034e-2,8.406e-6,9.033e-2
703.08,1.691e-1,1.660e-5,1.690e-1
703.13,3.132e-1,3.244e-5,3.132e-1
703.18,5.745e-1,6.278e-5,5.744e-1
703.23,1.043e+0,1.203e-4,1.043e+0
703.28,1.875e+0,2.282e-4,1.875e+0
703.33,3.338e+0,4.285e-4,3.337e+0
703.38,5.882e+0,7.967e-4,5.881e+0
703.43,1.026e+1,1.466e-3,1.026e+1
703.48,1.772e+1,2.672e-3,1.772e+1
703.53,3.030e+1,4.821e-3,3.030e+1
703.58,5.129e+1,8.611e-3,5.128e+1
703.63,8.596e+1,1.523e-2,8.595e+1
703.68,1.426e+2,2.666e-2,1.426e+2
703.73,2.343e+2,4.621e-2,2.342e+2
703.78,3.810e+2,7.930e-2,3.810e+2
703.83,6.135e+2,1.347e-1,6.133e+2
703.88,9.779e+2,2.266e-1,9.776e+2
703.93,1.543e+3,3.773e-1,1.543e+3
703.98,2.411e+3,6.221e-1,2.410e+3
704.03,3.729e+3,1.015e+0,3.728e+3
704.08,5.711e+3,1.641e+0,5.709e+3
704.13,8.658e+3,2.625e+0,8.655e+3
704.18,1.299e+4,4.157e+0,1.299e+4
704.23,1.931e+4,6.519e+0,1.930e+4
704.28,2.841e+4,1.012e+1,2.840e+4
704.33,4.137e+4,1.555e+1,4.136e+4
704.38,5.966e+4,2.367e+1,5.963e+4
704.43,8.516e+4,3.565e+1,8.513e+4
704.48,1.204e+5,5.317e+1,1.203e+5
704.53,1.684e+5,7.851e+1,1.683e+5
704.58,2.333e+5,1.148e+2,2.332e+5
704.63,3.199e+5,1.661e+2,3.198e+5
704.68,4.344e+5,2.380e+2,4.342e+5
704.73,5.839e+5,3.376e+2,5.836e+5
704.78,7.771e+5,4.742e+2,7.766e+5
704.83,1.024e+6,6.593e+2,1.023e+6
704.88,1.336e+6,9.076e+2,1.335e+6
704.93,1.725e+6,1.237e+3,1.723e+6
704.98,2.205e+6,1.669e+3,2.203e+6
705.03,2.791e+6,2.229e+3,2.789e+6
705.08,3.497e+6,2.948e+3,3.494e+6
705.13,4.339e+6,3.860e+3,4.335e+6
705.18,5.329e+6,5.004e+3,5.324e+6
705.23,6.480e+6,6.422e+3,6.474e+6
705.28,7.802e+6,8.159e+3,7.794e+6
705.33,9.299e+6,1.026e+4,9.288e+6
705.38,1.097e+7,1.278e+4,1.096e+7
705.43,1.282e+7,1.576e+4,1.280e+7
705.48,1.482e+7,1.924e+4,1.481e+7
705.53,1.697e+7,2.324e+4,1.695e+7
705.58,1.924e+7,2.781e+4,1.921e+7
705.63,2.160e+7,3.294e+4,2.156e+7
705.68,2.400e+7,3.863e+4,2.396e+7
705.73,2.640e+7,4.485e+4,2.635e+7
705.78,2.875e+7,5.155e+4,2.870e+7
705.83,3.099e+7,5.866e+4,3.094e+7
705.88,3.309e+7,6.609e+4,3.302e+7
705.93,3.497e+7,7.372e+4,3.489e+7
705.98,3.658e+7,8.140e+4,3.650e+7
706.03,3.789e+7,8.899e+4,3.781e+7
706.08,3.886e+7,9.632e+4,3.877e+7
706.13,3.946e+7,1.032e+5,3.935e+7
706.18,3.966e+7,1.095e+5,3.955e+7
706.23,3.947e+7,1.150e+5,3.935e+7
706.28,3.889e+7,1.196e+5,3.877e+7
706.33,3.793e+7,1.231e+5,3.781e+7
706.38,3.663e+7,1.255e+5,3.650e+7
706.43,3.502e+7,1.266e+5,3.489e+7
706.48,3.315e+7,1.265e+5,3.302e+7
706.53,3.107e+7,1.251e+5,3.094e+7
706.58,2.883e+7,1.225e+5,2.871e+7
706.63,2.649e+7,1.188e+5,2.637e+7
706.68,2.410e+7,1.140e+5,2.398e+7
706.73,2.171e+7,1.083e+5,2.160e+7
706.78,1.938e+7,1.019e+5,1.927e+7
706.83,1.713e+7,9.489e+4,1.704e+7
706.88,1.502e+7,8.749e+4,1.493e+7
706.93,1.306e+7,7.987e+4,1.298e+7
706.98,1.127e+7,7.218e+4,1.120e+7
707.03,9.688e+6,6.458e+4,9.624e+6
707.08,8.311e+6,5.721e+4,8.253e+6
707.13,7.149e+6,5.017e+4,7.098e+6
707.18,6.207e+6,4.356e+4,6.164e+6
707.23,5.489e+6,3.745e+4,5.452e+6
707.28,4.998e+6,3.187e+4,4.966e+6
707.33,4.735e+6,2.685e+4,4.708e+6
707.38,4.705e+6,2.240e+4,4.683e+6
707.43,4.912e+6,1.850e+4,4.894e+6
707.48,5.364e+6,1.512e+4,5.349e+6
707.53,6.068e+6,1.224e+4,6.056e+6
707.58,7.033e+6,9.811e+3,7.023e+6
707.63,8.267e+6,7.784e+3,8.259e+6
707.68,9.780e+6,6.114e+3,9.773e+6
707.73,1.158e+7,4.755e+3,1.157e+7
707.78,1.366e+7,3.661e+3,1.365e+7
707.83,1.602e+7,2.790e+3,1.601e+7
707.88,1.865e+7,2.106e+3,1.865e+7
707.93,2.153e+7,1.573e+3,2.153e+7
707.98,2.464e+7,1.164e+3,2.464e+7
708.03,2.794e+7,8.521e+2,2.794e+7
708.08,3.137e+7,6.178e+2,3.137e+7
708.13,3.489e+7,4.434e+2,3.489e+7
708.18,3.842e+7,3.151e+2,3.841e+7
708.23,4.189e+7,2.217e+2,4.189e+7
708.28,4.522e+7,1.544e+2,4.522e+7
708.33,4.834e+7,1.065e+2,4.834e+7
708.38,5.116e+7,7.268e+1,5.116e+7
708.43,5.361e+7,4.913e+1,5.361e+7
708.48,5.562e+7,3.287e+1,5.562e+7
708.53,5.713e+7,2.178e+1,5.713e+7
708.58,5.811e+7,1.428e+1,5.811e+7
708.63,5.852e+7,9.275e+0,5.852e+7
708.68,5.834e+7,5.962e+0,5.834e+7
708.73,5.759e+7,3.795e+0,5.759e+7
708.78,5.629e+7,2.391e+0,5.629e+7
708.83,5.447e+7,1.492e+0,5.447e+7
708.88,5.218e+7,9.213e-1,5.218e+7
708.93,4.950e+7,5.633e-1,4.950e+7
708.98,4.649e+7,3.410e-1,4.649e+7
709.03,4.323e+7,2.044e-1,4.323e+7
709.08,3.980e+7,1.213e-1,3.980e+7
709.13,3.628e+7,7.124e-2,3.628e+7
709.18,3.275e+7,4.143e-2,3.275e+7
709.23,2.926e+7,2.385e-2,2.926e+7
709.28,2.589e+7,1.360e-2,2.589e+7
709.33,2.268e+7,7.674e-3,2.268e+7
709.38,1.967e+7,4.288e-3,1.967e+7
709.43,1.689e+7,2.372e-3,1.689e+7
709.48,1.436e+7,1.299e-3,1.436e+7
709.53,1.209e+7,7.043e-4,1.209e+7
709.58,1.007e+7,3.781e-4,1.007e+7
709.63,8.312e+6,2.009e-4,8.312e+6
709.68,6.791e+6,1.057e-4,6.791e+6
709.73,5.493e+6,5.506e-5,5.493e+6
709.78,4.399e+6,2.840e-5,4.399e+6
709.83,3.489e+6,1.450e-5,3.489e+6
709.88,2.739e+6,7.328e-6,2.739e+6
709.93,2.129e+6,3.667e-6,2.129e+6
709.98,1.638e+6,1.817e-6,1.638e+6
710.03,1.248e+6,8.912e-7,1.248e+6
710.08,9.419e+5,4.328e-7,9.419e+5
710.13,7.036e+5,2.081e-7,7.036e+5
710.18,5.203e+5,9.904e-8,5.203e+5
710.23,3.810e+5,4.667e-8,3.810e+5
710.28,2.762e+5,2.177e-8,2.762e+5
710.33,1.983e+5,1.006e-8,1.983e+5
710.38,1.409e+5,4.599e-9,1.409e+5
710.43,9.915e+4,2.082e-9,9.915e+4
710.48,6.908e+4,9.332e-10,6.908e+4
710.53,4.765e+4,4.141e-10,4.765e+4
710.58,3.254e+4,1.819e-10,3.254e+4
710.63,2.200e+4,7.912e-11,2.200e+4
710.68,1.473e+4,3.407e-11,1.473e+4
710.73,9.764e+3,,9.764e+3
710.78,6.408e+3,,6.408e+3
710.83,4.164e+3,,4.164e+3
710.88,2.679e+3,,2.679e+3
710.93,1.706e+3,,1.706e+3
710.98,1.076e+3,,1.076e+3
711.03,6.718e+2,,6.718e+2
711.08,4.153e+2,,4.153e+2
711.13,2.542e+2,,2.542e+2
711.18,1.541e+2,,1.541e+2
711.23,9.244e+1,,9.244e+1
711.28,5.492e+1,,5.492e+1
711.33,3.230e+1,,3.230e+1
711.38,1.881e+1,,1.881e+1
711.43,1.085e+1,,1.085e+1
711.48,6.192e+0,,6.192e+0
711.53,3.500e+0,,3.500e+0
711.58,1.959e+0,,1.959e+0
711.63,1.085e+0,,1.085e+0
711.68,5.954e-1,,5.954e-1
711.73,3.234e-1,,3.234e-1
711.78,1.739e-1,,1.739e-1
711.83,9.260e-2,,9.260e-2
711.88,4.881e-2,,4.881e-2
711.93,2.548e-2,,2.548e-2
711.98,1.317e-2,,1.317e-2
712.03,6.737e-3,,6.737e-3
712.08,3.413e-3,,3.413e-3
712.13,1.712e-3,,1.712e-3
712.18,8.501e-4,,8.501e-4
712.23,4.180e-4,,4.180e-4
712.28,2.035e-4,,2.035e-4
712.33,9.807e-5,,9.807e-5
712.38,4.680e-5,,4.680e-5
712.43,2.211e-5,,2.211e-5
712.48,1.034e-5,,1.034e-5
712.53,4.791e-6,,4.791e-6
712.58,2.197e-6,,2.197e-6
712.63,9.975e-7,,9.975e-7
712.68,4.484e-7,,4.484e-7
712.73,1.996e-7,,1.996e-7
712.78,8.795e-8,,8.795e-8
712.83,3.837e-8,,3.837e-8
712.88,1.658e-8,,1.658e-8
719.48,1.636e-9,,1.636e-9
719.53,3.742e-9,,3.742e-9
719.58,8.478e-9,,8.478e-9
719.63,1.903e-8,,1.903e-8
719.68,4.229e-8,,4.229e-8
719.73,9.311e-8,,9.311e-8
719.78,2.031e-7,,2.031e-7
719.83,4.386e-7,,4.386e-7
719.88,9.384e-7,,9.384e-7
719.93,1.989e-6,,1.989e-6
719.98,4.174e-6,,4.174e-6
720.03,8.679e-6,,8.679e-6
720.08,1.787e-5,,1.787e-5
720.13,3.646e-5,,3.646e-5
720.18,7.366e-5,,7.366e-5
720.23,1.474e-4,,1.474e-4
720.28,2.922e-4,,2.922e-4
720.33,5.738e-4,,5.738e-4
720.38,1.116e-3,,1.116e-3
720.43,2.149e-3,,2.149e-3
720.48,4.101e-3,,4.101e-3
720.53,7.751e-3,,7.751e-3
720.58,1.451e-2,,1.451e-2
720.63,2.690e-2,,2.690e-2
720.68,4.941e-2,,4.941e-2
720.73,8.988e-2,,8.988e-2
720.78,1.620e-1,,1.620e-1
720.83,2.890e-1,,2.890e-1
720.88,5.110e-1,,5.110e-1
720.93,8.947e-1,,8.947e-1
720.98,1.552e+0,,1.552e+0
721.03,2.666e+0,,2.666e+0
721.08,4.536e+0,,4.536e+0
721.13,7.644e+0,,7.644e+0
721.18,1.276e+1,,1.276e+1
721.23,2.110e+1,,2.110e+1
721.28,3.456e+1,,3.456e+1
721.33,5.607e+1,,5.607e+1
721.38,9.010e+1,,9.010e+1
721.43,1.434e+2,,1.434e+2
721.48,2.261e+2,,2.261e+2
721.53,3.530e+2,,3.530e+2
721.58,5.460e+2,,5.460e+2
721.63,8.365e+2,,8.365e+2
721.68,1.269e+3,,1.269e+3
721.73,1.908e+3,,1.908e+3
721.78,2.840e+3,,2.840e+3
721.83,4.188e+3,,4.188e+3
721.88,6.118e+3,,6.118e+3
721.93,8.850e+3,,8.850e+3
721.98,1.268e+4,,1.268e+4
722.03,1.800e+4,,1.800e+4
722.08,2.531e+4,,2.531e+4
722.13,3.524e+4,,3.524e+4
722.18,4.861e+4,,4.861e+4
722.23,6.642e+4,,6.642e+4
722.28,8.988e+4,,8.988e+4
722.33,1.205e+5,,1.205e+5
722.38,1.600e+5,,1.600e+5
722.43,2.103e+5,,2.103e+5
722.48,2.740e+5,,2.740e+5
722.53,3.535e+5,,3.535e+5
722.58,4.518e+5,,4.518e+5
722.63,5.719e+5,,5.719e+5
722.68,7.170e+5,,7.170e+5
722.73,8.904e+5,,8.904e+5
722.78,1.095e+6,,1.095e+6
722.83,1.334e+6,,1.334e+6
722.88,1.611e+6,,1.611e+6
722.93,1.925e+6,,1.925e+6
722.98,2.279e+6,,2.279e+6
723.03,2.673e+6,,2.673e+6
723.08,3.105e+6,,3.105e+6
723.13,3.573e+6,,3.573e+6
723.18,4.072e+6,,4.072e+6
723.23,4.597e+6,,4.597e+6
723.28,5.140e+6,,5.140e+6
723.33,5.692e+6,,5.692e+6
723.38,6.244e+6,,6.244e+6
723.43,6.785e+6,,6.785e+6
723.48,7.302e+6,,7.302e+6
723.53,7.784e+6,,7.784e+6
723.58,8.220e+6,,8.220e+6
723.63,8.597e+6,,8.597e+6
723.68,8.906e+6,,8.906e+6
723.73,9.138e+6,,9.138e+6
723.78,9.287e+6,,9.287e+6
723.83,9.350e+6,,9.350e+6
723.88,9.323e+6,,9.323e+6
723.93,9.208e+6,,9.208e+6
723.98,9.008e+6,,9.008e+6
724.03,8.729e+6,,8.729e+6
724.08,8.378e+6,,8.378e+6
724.13,7.965e+6,,7.965e+6
724.18,7.500e+6,,7.500e+6
724.23,6.995e+6,,6.995e+6
724.28,6.463e+6,,6.463e+6
724.33,5.914e+6,,5.914e+6
724.38,5.360e+6,,5.360e+6
724.43,4.812e+6,,4.812e+6
724.48,4.279e+6,,4.279e+6
724.53,3.769e+6,,3.769e+6
724.58,3.288e+6,,3.288e+6
724.63,2.842e+6,,2.842e+6
724.68,2.432e+6,,2.432e+6
724.73,2.062e+6,,2.062e+6
724.78,1.732e+6,,1.732e+6
724.83,1.440e+6,,1.440e+6
724.88,1.187e+6,,1.187e+6
724.93,9.684e+5,,9.684e+5
724.98,7.828e+5,,7.828e+5
725.03,6.267e+5,,6.267e+5
725.08,4.970e+5,,4.970e+5
725.13,3.904e+5,,3.904e+5
725.18,3.037e+5,,3.037e+5
725.23,2.341e+5,,2.341e+5
725.28,1.787e+5,,1.787e+5
725.33,1.351e+5,,1.351e+5
725.38,1.012e+5,,1.012e+5
725.43,7.505e+4,,7.505e+4
725.48,5.514e+4,,5.514e+4
725.54,3.761e+4,,3.761e+4
725.59,2.706e+4,,2.706e+4
725.64,1.929e+4,,1.929e+4
725.69,1.361e+4,,1.361e+4
725.74,9.518e+3,,9.518e+3
725.79,6.592e+3,,6.592e+3
725.84,4.521e+3,,4.521e+3
725.89,3.072e+3,,3.072e+3
725.94,2.067e+3,,2.067e+3
725.99,1.378e+3,,1.378e+3
726.04,9.099e+2,,9.099e+2
726.09,5.951e+2,,5.951e+2
726.14,3.855e+2,,3.855e+2
726.19,2.473e+2,,2.473e+2
726.24,1.572e+2,,1.572e+2
726.29,9.895e+1,,9.895e+1
726.34,6.169e+1,,6.169e+1
726.39,3.810e+1,,3.810e+1
726.44,2.331e+1,,2.331e+1
726.49,1.412e+1,,1.412e+1
726.54,8.476e+0,,8.476e+0
726.59,5.039e+0,,5.039e+0
726.64,2.967e+0,,2.967e+0
726.69,1.730e+0,,1.730e+0
726.74,9.996e-1,,9.996e-1
726.79,5.720e-1,,5.720e-1
726.84,3.242e-1,,3.242e-1
726.89,1.820e-1,,1.820e-1
726.94,1.012e-1,,1.012e-1
726.99,5.573e-2,,5.573e-2
727.04,3.040e-2,,3.040e-2
727.09,1.643e-2,,1.643e-2
727.14,8.793e-3,,8.793e-3
727.19,4.662e-3,,4.662e-3
727.24,2.448e-3,,2.448e-3
727.29,1.273e-3,,1.273e-3
727.34,6.559e-4,,6.559e-4
727.39,3.347e-4,,3.347e-4
727.44,1.692e-4,,1.692e-4
727.49,8.469e-5,,8.469e-5
727.54,4.200e-5,,4.200e-5
727.59,2.063e-5,,2.063e-5
727.64,1.004e-5,,1.004e-5
727.69,4.836e-6,,4.836e-6
727.74,2.308e-6,,2.308e-6
727.79,1.091e-6,,1.091e-6
727.84,5.111e-7,,5.111e-7
727.89,2.370e-7,,2.370e-7
727.94,1.089e-7,,1.089e-7
727.99,4.956e-8,,4.956e-8
728.04,2.234e-8,,2.234e-8
728.09,9.974e-9,,9.974e-9
728.14,4.411e-9,,4.411e-9
728.19,1.932e-9,,1.932e-9
748.84,1.342e-11,1.342e-11,
748.89,2.969e-11,2.969e-11,
748.94,6.509e-11,6.509e-11,
748.99,1.414e-10,1.414e-10,
749.04,3.047e-10,3.047e-10,
749.09,6.505e-10,6.505e-10,
749.14,1.377e-9,1.377e-9,
749.19,2.888e-9,2.888e-9,
749.24,6.005e-9,6.005e-9,
749.29,1.238e-8,1.238e-8,
749.34,2.529e-8,2.529e-8,
749.39,5.121e-8,5.121e-8,
749.44,1.028e-7,1.028e-7,
749.49,2.045e-7,2.045e-7,
749.54,4.034e-7,4.034e-7,
749.59,7.887e-7,7.887e-7,
749.64,1.528e-6,1.528e-6,
749.69,2.936e-6,2.936e-6,
749.74,5.590e-6,5.590e-6,
749.79,1.055e-5,1.055e-5,
749.84,1.974e-5,1.974e-5,
749.89,3.660e-5,3.660e-5,
749.94,6.727e-5,6.727e-5,
749.99,1.226e-4,1.226e-4,
750.04,2.214e-4,2.214e-4,
750.09,3.963e-4,3.963e-4,
750.14,7.032e-4,7.032e-4,
750.19,1.237e-3,1.237e-3,
750.24,2.156e-3,2.156e-3,
750.29,3.727e-3,3.727e-3,
750.34,6.384e-3,6.384e-3,
750.39,1.084e-2,1.084e-2,
750.44,1.824e-2,1.824e-2,
750.49,3.044e-2,3.044e-2,
750.54,5.034e-2,5.034e-2,
750.59,8.251e-2,8.251e-2,
750.64,1.341e-1,1.341e-1,
750.69,2.159e-1,2.159e-1,
750.74,3.447e-1,3.447e-1,
750.79,5.455e-1,5.455e-1,
750.84,8.556e-1,8.556e-1,
750.89,1.330e+0,1.330e+0,
750.94,2.050e+0,2.050e+0,
750.99,3.132e+0,3.132e+0,
751.04,4.743e+0,4.743e+0,
751.09,7.119e+0,7.119e+0,
751.14,1.059e+1,1.059e+1,
751.19,1.562e+1,1.562e+1,
751.24,2.283e+1,2.283e+1,
751.29,3.309e+1,3.309e+1,
751.34,4.752e+1,4.752e+1,
751.39,6.766e+1,6.766e+1,
751.44,9.548e+1,9.548e+1,
751.49,1.336e+2,1.336e+2,
751.54,1.852e+2,1.852e+2,
751.59,2.545e+2,2.545e+2,
751.64,3.468e+2,3.468e+2,
751.69,4.683e+2,4.683e+2,
751.74,6.268e+2,6.268e+2,
751.79,8.317e+2,8.317e+2,
751.84,1.094e+3,1.094e+3,
751.89,1.426e+3,1.426e+3,
751.94,1.843e+3,1.843e+3,
751.99,2.360e+3,2.360e+3,
752.04,2.997e+3,2.997e+3,
752.09,3.771e+3,3.771e+3,
752.14,4.704e+3,4.704e+3,
752.19,5.817e+3,5.817e+3,
752.24,7.130e+3,7.130e+3,
752.29,8.662e+3,8.662e+3,
752.34,1.043e+4,1.043e+4,
752.39,1.245e+4,1.245e+4,
752.44,1.473e+4,1.473e+4,
752.49,1.728e+4,1.728e+4,
752.54,2.009e+4,2.009e+4,
752.59,2.315e+4,2.315e+4,
752.64,2.645e+4,2.645e+4,
752.69,2.995e+4,2.995e+4,
752.74,3.361e+4,3.361e+4,
752.79,3.739e+4,3.739e+4,
752.84,4.123e+4,4.123e+4,
752.89,4.507e+4,4.507e+4,
752.94,4.883e+4,4.883e+4,
752.99,5.244e+4,5.244e+4,
753.04,5.582e+4,5.582e+4,
753.09,5.891e+4,5.891e+4,
753.14,6.161e+4,6.161e+4,
753.19,6.388e+4,6.388e+4,
753.24,6.565e+4,6.565e+4,
753.29,6.687e+4,6.687e+4,
753.34,6.752e+4,6.752e+4,
753.39,6.758e+4,6.758e+4,
753.44,6.705e+4,6.705e+4,
753.49,6.594e+4,6.594e+4,
753.54,6.427e+4,6.427e+4,
753.59,6.210e+4,6.210e+4,
753.64,5.948e+4,5.948e+4,
753.69,5.647e+4,5.647e+4,
753.74,5.314e+4,5.314e+4,
753.79,4.956e+4,4.956e+4,
753.84,4.583e+4,4.583e+4,
753.89,4.200e+4,4.200e+4,
753.94,3.815e+4,3.815e+4,
753.99,3.436e+4,3.436e+4,
754.04,3.067e+4,3.067e+4,
754.09,2.713e+4,2.713e+4,
754.14,2.379e+4,2.379e+4,
754.19,2.068e+4,2.068e+4,
754.24,1.782e+4,1.782e+4,
754.29,1.522e+4,1.522e+4,
754.34,1.289e+4,1.289e+4,
754.39,1.082e+4,1.082e+4,
754.44,8.997e+3,8.997e+3,
754.49,7.418e+3,7.418e+3,
754.54,6.063e+3,6.063e+3,
754.59,4.912e+3,4.912e+3,
754.64,3.944e+3,3.944e+3,
754.69,3.140e+3,3.140e+3,
754.74,2.477e+3,2.477e+3,
754.79,1.937e+3,1.937e+3,
754.84,1.502e+3,1.502e+3,
754.89,1.154e+3,1.154e+3,
754.94,8.791e+2,8.791e+2,
754.99,6.637e+2,6.637e+2,
755.04,4.967e+2,4.967e+2,
755.09,3.685e+2,3.685e+2,
755.14,2.710e+2,2.710e+2,
755.19,1.975e+2,1.975e+2,
755.24,1.427e+2,1.427e+2,
755.29,1.022e+2,1.022e+2,
755.34,7.254e+1,7.254e+1,
755.39,5.104e+1,5.104e+1,
755.44,3.560e+1,3.560e+1,
755.49,2.461e+1,2.461e+1,
755.54,1.686e+1,1.686e+1,
755.59,1.146e+1,1.146e+1,
755.64,7.713e+0,7.713e+0,
755.69,5.148e+0,5.148e+0,
755.74,3.406e+0,3.406e+0,
755.79,2.233e+0,2.233e+0,
755.84,1.452e+0,1.452e+0,
755.89,9.353e-1,9.353e-1,
755.94,5.973e-1,5.973e-1,
755.99,3.781e-1,3.781e-1,
756.04,2.373e-1,2.373e-1,
756.09,1.476e-1,1.476e-1,
756.14,9.099e-2,9.099e-2,
756.19,5.560e-2,5.560e-2,
756.24,3.368e-2,3.368e-2,
756.29,2.023e-2,2.023e-2,
756.34,1.204e-2,1.204e-2,
756.39,7.102e-3,7.102e-3,
756.45,3.727e-3,3.727e-3,
756.5,2.156e-3,2.156e-3,
756.55,1.237e-3,1.237e-3,
756.6,7.032e-4,7.032e-4,
756.65,3.963e-4,3.963e-4,
756.7,2.214e-4,2.214e-4,
756.75,1.226e-4,1.226e-4,
756.8,6.727e-5,6.727e-5,
756.85,3.660e-5,3.660e-5,
756.9,1.974e-5,1.974e-5,
756.95,1.055e-5,1.055e-5,
757,5.590e-6,5.590e-6,
757.05,2.936e-6,2.936e-6,
757.1,1.528e-6,1.528e-6,
757.15,7.887e-7,7.887e-7,
757.2,4.034e-7,4.034e-7,
757.25,2.045e-7,2.045e-7,
757.3,1.028e-7,1.028e-7,
757.35,5.121e-8,5.121e-8,
757.4,2.529e-8,2.529e-8,
757.45,1.238e-8,1.238e-8,
757.5,6.005e-9,6.005e-9,
757.55,2.888e-9,2.888e-9,
757.6,1.377e-9,1.377e-9,
757.65,6.505e-10,6.505e-10,
757.7,3.047e-10,3.047e-10,
757.75,1.414e-10,1.414e-10,
757.8,6.509e-11,6.509e-11,
757.85,2.969e-11,2.969e-11,
757.9,1.342e-11,1.342e-11,
780.4,1.887e-9,,1.887e-9
780.45,4.042e-9,,4.042e-9
780.5,8.588e-9,,8.588e-9
780.55,1.810e-8,,1.810e-8
780.6,3.783e-8,,3.783e-8
780.65,7.844e-8,,7.844e-8
780.7,1.613e-7,,1.613e-7
780.75,3.291e-7,,3.291e-7
780.8,6.660e-7,,6.660e-7
780.85,1.337e-6,,1.337e-6
780.9,2.662e-6,,2.662e-6
780.95,5.257e-6,,5.257e-6
781,1.030e-5,,1.030e-5
781.05,2.001e-5,,2.001e-5
781.1,3.857e-5,,3.857e-5
781.15,7.375e-5,,7.375e-5
781.2,1.399e-4,,1.399e-4
781.25,2.631e-4,,2.631e-4
781.3,4.909e-4,,4.909e-4
781.35,9.087e-4,,9.087e-4
781.4,1.668e-3,,1.668e-3
781.45,3.038e-3,,3.038e-3
781.5,5.488e-3,,5.488e-3
781.55,9.833e-3,,9.833e-3
781.6,1.748e-2,,1.748e-2
781.65,3.081e-2,,3.081e-2
781.7,5.388e-2,,5.388e-2
781.75,9.345e-2,,9.345e-2
781.8,1.608e-1,,1.608e-1
781.85,2.744e-1,,2.744e-1
781.9,4.646e-1,,4.646e-1
781.95,7.801e-1,,7.801e-1
782,1.299e+0,,1.299e+0
782.05,2.147e+0,,2.147e+0
782.1,3.518e+0,,3.518e+0
782.15,5.719e+0,,5.719e+0
782.2,9.222e+0,,9.222e+0
782.25,1.475e+1,,1.475e+1
782.3,2.340e+1,,2.340e+1
782.35,3.683e+1,,3.683e+1
782.4,5.749e+1,,5.749e+1
782.45,8.901e+1,,8.901e+1
782.5,1.367e+2,,1.367e+2
782.55,2.083e+2,,2.083e+2
782.6,3.147e+2,,3.147e+2
782.65,4.718e+2,,4.718e+2
782.7,7.014e+2,,7.014e+2
782.75,1.034e+3,,1.034e+3
782.8,1.513e+3,,1.513e+3
782.85,2.196e+3,,2.196e+3
782.9,3.161e+3,,3.161e+3
782.95,4.513e+3,,4.513e+3
783,6.391e+3,,6.391e+3
783.05,8.978e+3,,8.978e+3
783.1,1.251e+4,,1.251e+4
783.15,1.729e+4,,1.729e+4
783.2,2.371e+4,,2.371e+4
783.25,3.224e+4,,3.224e+4
783.3,4.349e+4,,4.349e+4
783.35,5.819e+4,,5.819e+4
783.4,7.723e+4,,7.723e+4
783.45,1.017e+5,,1.017e+5
783.5,1.328e+5,,1.328e+5
783.55,1.720e+5,,1.720e+5
783.6,2.210e+5,,2.210e+5
783.65,2.816e+5,,2.816e+5
783.7,3.560e+5,,3.560e+5
783.75,4.464e+5,,4.464e+5
783.8,5.553e+5,,5.553e+5
783.85,6.851e+5,,6.851e+5
783.9,8.384e+5,,8.384e+5
783.95,1.018e+6,,1.018e+6
784,1.226e+6,,1.226e+6
784.05,1.464e+6,,1.464e+6
784.1,1.734e+6,,1.734e+6
784.15,2.038e+6,,2.038e+6
784.2,2.376e+6,,2.376e+6
784.25,2.747e+6,,2.747e+6
784.3,3.150e+6,,3.150e+6
784.35,3.584e+6,,3.584e+6
784.4,4.045e+6,,4.045e+6
784.45,4.527e+6,,4.527e+6
784.5,5.027e+6,,5.027e+6
784.55,5.536e+6,,5.536e+6
784.6,6.048e+6,,6.048e+6
784.65,6.554e+6,,6.554e+6
784.7,7.044e+6,,7.044e+6
784.75,7.510e+6,,7.510e+6
784.8,7.943e+6,,7.943e+6
784.85,8.332e+6,,8.332e+6
784.9,8.670e+6,,8.670e+6
784.95,8.949e+6,,8.949e+6
785,9.162e+6,,9.162e+6
785.05,9.304e+6,,9.304e+6
785.1,9.372e+6,,9.372e+6
785.15,9.364e+6,,9.364e+6
785.2,9.281e+6,,9.281e+6
785.25,9.125e+6,,9.125e+6
785.3,8.898e+6,,8.898e+6
785.35,8.607e+6,,8.607e+6
785.4,8.258e+6,,8.258e+6
785.45,7.859e+6,,7.859e+6
785.5,7.420e+6,,7.420e+6
785.55,6.948e+6,,6.948e+6
785.6,6.453e+6,,6.453e+6
785.65,5.946e+6,,5.946e+6
785.7,5.434e+6,,5.434e+6
785.75,4.926e+6,,4.926e+6
785.8,4.429e+6,,4.429e+6
785.85,3.951e+6,,3.951e+6
785.9,3.495e+6,,3.495e+6
785.95,3.067e+6,,3.067e+6
786,2.670e+6,,2.670e+6
786.05,2.305e+6,,2.305e+6
786.1,1.975e+6,,1.975e+6
786.15,1.677e+6,,1.677e+6
786.2,1.414e+6,,1.414e+6
786.25,1.182e+6,,1.182e+6
786.3,9.797e+5,,9.797e+5
786.35,8.058e+5,,8.058e+5
786.4,6.573e+5,,6.573e+5
786.45,5.319e+5,,5.319e+5
786.5,4.269e+5,,4.269e+5
786.55,3.399e+5,,3.399e+5
786.6,2.685e+5,1.800e-11,2.685e+5
786.65,2.103e+5,3.828e-11,2.103e+5
786.7,1.634e+5,8.075e-11,1.634e+5
786.75,1.259e+5,1.690e-10,1.259e+5
786.8,9.629e+4,3.509e-10,9.629e+4
786.85,7.302e+4,7.227e-10,7.302e+4
786.9,5.493e+4,1.477e-9,5.493e+4
786.95,4.099e+4,2.993e-9,4.099e+4
787,3.034e+4,6.020e-9,3.034e+4
787.05,2.227e+4,1.201e-8,2.227e+4
787.1,1.622e+4,2.377e-8,1.622e+4
787.15,1.171e+4,4.666e-8,1.171e+4
787.2,8.394e+3,9.089e-8,8.394e+3
787.25,5.965e+3,1.756e-7,5.965e+3
787.31,3.918e+3,3.831e-7,3.918e+3
787.36,2.735e+3,7.273e-7,2.735e+3
787.41,1.894e+3,1.370e-6,1.894e+3
787.46,1.301e+3,2.560e-6,1.301e+3
787.51,8.864e+2,4.745e-6,8.864e+2
787.56,5.991e+2,8.726e-6,5.991e+2
787.61,4.016e+2,1.592e-5,4.016e+2
787.66,2.671e+2,2.881e-5,2.671e+2
787.71,1.762e+2,5.173e-5,1.762e+2
787.76,1.153e+2,9.213e-5,1.153e+2
787.81,7.480e+1,1.628e-4,7.480e+1
787.86,4.815e+1,2.854e-4,4.815e+1
787.91,3.075e+1,4.963e-4,3.075e+1
787.96,1.948e+1,8.561e-4,1.948e+1
788.01,1.224e+1,1.465e-3,1.224e+1
788.06,7.628e+0,2.488e-3,7.625e+0
788.11,4.718e+0,4.190e-3,4.714e+0
788.16,2.897e+0,7.001e-3,2.890e+0
788.21,1.769e+0,1.161e-2,1.758e+0
788.26,1.080e+0,1.909e-2,1.061e+0
788.31,6.658e-1,3.114e-2,6.346e-1
788.36,4.271e-1,5.039e-2,3.767e-1
788.41,3.027e-1,8.090e-2,2.218e-1
788.46,2.584e-1,1.289e-1,1.295e-1
788.51,2.787e-1,2.036e-1,7.505e-2
788.56,3.623e-1,3.192e-1,4.313e-2
788.61,5.209e-1,4.963e-1,2.458e-2
788.66,7.796e-1,7.657e-1,1.390e-2
788.71,1.180e+0,1.172e+0,7.794e-3
788.76,1.784e+0,1.779e+0,4.336e-3
788.81,2.682e+0,2.680e+0,2.393e-3
788.86,4.006e+0,4.004e+0,1.310e-3
788.91,5.936e+0,5.936e+0,7.110e-4
788.96,8.729e+0,8.729e+0,3.829e-4
789.01,1.273e+1,1.273e+1,2.045e-4
789.06,1.843e+1,1.843e+1,1.084e-4
789.11,2.646e+1,2.646e+1,5.696e-5
789.16,3.769e+1,3.769e+1,2.970e-5
789.21,5.325e+1,5.325e+1,1.536e-5
789.26,7.465e+1,7.465e+1,7.877e-6
789.31,1.038e+2,1.038e+2,4.008e-6
789.36,1.432e+2,1.432e+2,2.023e-6
789.41,1.960e+2,1.960e+2,1.013e-6
789.46,2.661e+2,2.661e+2,5.029e-7
789.51,3.584e+2,3.584e+2,2.477e-7
789.56,4.789e+2,4.789e+2,1.210e-7
789.61,6.348e+2,6.348e+2,5.865e-8
789.66,8.348e+2,8.348e+2,2.820e-8
789.71,1.089e+3,1.089e+3,1.344e-8
789.76,1.409e+3,1.409e+3,6.359e-9
789.81,1.810e+3,1.810e+3,2.984e-9
789.86,2.305e+3,2.305e+3,1.388e-9
789.91,2.912e+3,2.912e+3,
789.96,3.651e+3,3.651e+3,
790.01,4.540e+3,4.540e+3,
790.06,5.601e+3,5.601e+3,
790.11,6.854e+3,6.854e+3,
790.16,8.322e+3,8.322e+3,
790.21,1.002e+4,1.002e+4,
790.26,1.198e+4,1.198e+4,
790.31,1.420e+4,1.420e+4,
790.36,1.670e+4,1.670e+4,
790.41,1.948e+4,1.948e+4,
790.46,2.254e+4,2.254e+4,
790.51,2.588e+4,2.588e+4,
790.56,2.948e+4,2.948e+4,
790.61,3.331e+4,3.331e+4,
790.66,3.733e+4,3.733e+4,
790.71,4.152e+4,4.152e+4,
790.76,4.580e+4,4.580e+4,
790.81,5.013e+4,5.013e+4,
790.86,5.442e+4,5.442e+4,
790.91,5.862e+4,5.862e+4,
790.96,6.263e+4,6.263e+4,
791.01,6.639e+4,6.639e+4,
791.06,6.982e+4,6.982e+4,
791.11,7.283e+4,7.283e+4,
791.16,7.538e+4,7.538e+4,
791.21,7.739e+4,7.739e+4,
791.26,7.883e+4,7.883e+4,
791.31,7.965e+4,7.965e+4,
791.36,7.984e+4,7.984e+4,
791.41,7.939e+4,7.939e+4,
791.46,7.832e+4,7.832e+4,
791.51,7.665e+4,7.665e+4,
791.56,7.442e+4,7.442e+4,
791.61,7.168e+4,7.168e+4,
791.66,6.849e+4,6.849e+4,
791.71,6.492e+4,6.492e+4,
791.76,6.105e+4,6.105e+4,
791.81,5.696e+4,5.696e+4,
791.86,5.271e+4,5.271e+4,
791.91,4.840e+4,4.840e+4,
791.96,4.408e+4,4.408e+4,
792.01,3.983e+4,3.983e+4,
792.06,3.570e+4,3.570e+4,
792.11,3.175e+4,3.175e+4,
792.16,2.801e+4,2.801e+4,
792.21,2.451e+4,2.451e+4,
792.26,2.128e+4,2.128e+4,
792.31,1.833e+4,1.833e+4,
792.36,1.566e+4,1.566e+4,
792.41,1.328e+4,1.328e+4,
792.46,1.116e+4,1.116e+4,
792.51,9.314e+3,9.314e+3,
792.56,7.708e+3,7.708e+3,
792.61,6.328e+3,6.328e+3,
792.66,5.154e+3,5.154e+3,
792.71,4.165e+3,4.165e+3,
792.76,3.338e+3,3.338e+3,
792.81,2.655e+3,2.655e+3,
792.86,2.094e+3,2.094e+3,
792.91,1.639e+3,1.639e+3,
792.96,1.273e+3,1.273e+3,
793.01,9.801e+2,9.801e+2,
793.06,7.489e+2,7.489e+2,
793.11,5.677e+2,5.677e+2,
793.16,4.269e+2,4.269e+2,
793.21,3.185e+2,3.185e+2,
793.26,2.357e+2,2.357e+2,
793.31,1.730e+2,1.730e+2,
793.36,1.260e+2,1.260e+2,
793.41,9.107e+1,9.107e+1,
793.46,6.528e+1,6.528e+1,
793.51,4.642e+1,4.642e+1,
793.56,3.275e+1,3.275e+1,
793.61,2.292e+1,2.292e+1,
793.66,1.591e+1,1.591e+1,
793.71,1.096e+1,1.096e+1,
793.76,7.488e+0,7.488e+0,
793.81,5.076e+0,5.076e+0,
793.86,3.413e+0,3.413e+0,
793.91,2.277e+0,2.277e+0,
793.96,1.507e+0,1.507e+0,
794.01,9.894e-1,9.894e-1,
794.06,6.444e-1,6.444e-1,
794.11,4.164e-1,4.164e-1,
794.16,2.669e-1,2.669e-1,
794.21,1.697e-1,1.697e-1,
794.26,1.071e-1,1.071e-1,
794.31,6.701e-2,6.701e-2,
794.36,4.160e-2,4.160e-2,
794.41,2.562e-2,2.562e-2,
794.46,1.566e-2,1.566e-2,
794.51,9.491e-3,9.491e-3,
794.56,5.707e-3,5.707e-3,
794.61,3.405e-3,3.405e-3,
794.66,2.015e-3,2.015e-3,
794.71,1.183e-3,1.183e-3,
794.76,6.890e-4,6.890e-4,
794.81,3.981e-4,3.981e-4,
794.86,2.282e-4,2.282e-4,
794.91,1.298e-4,1.298e-4,
794.96,7.321e-5,7.321e-5,
795.01,4.097e-5,4.097e-5,
795.06,2.275e-5,2.275e-5,
795.11,1.253e-5,1.253e-5,
795.16,6.845e-6,6.845e-6,
795.21,3.711e-6,3.711e-6,
795.26,1.995e-6,1.995e-6,
795.31,1.064e-6,1.064e-6,
795.36,5.633e-7,5.633e-7,
795.41,2.958e-7,2.958e-7,
795.46,1.540e-7,1.540e-7,
795.51,7.960e-8,7.960e-8,
795.56,4.080e-8,4.080e-8,
795.61,2.075e-8,2.075e-8,
795.66,1.047e-8,1.047e-8,
795.71,5.238e-9,5.238e-9,
795.76,2.601e-9,2.601e-9,
795.81,1.281e-9,1.281e-9,
795.86,6.259e-10,6.259e-10,
795.91,3.034e-10,3.034e-10,
795.96,1.459e-10,1.459e-10,
796.01,6.959e-11,6.959e-11,
796.06,3.294e-11,3.294e-11,
796.11,1.546e-11,1.546e-11,