Wavelength (nm),Sum,Ca I (1.7e-02),Ca II (8.9e-01),Ca III (9.1e-02)
200.11,2.251e-5,,,2.251e-5
200.16,2.155e-5,,,2.155e-5
200.21,1.892e-5,,,1.892e-5
200.26,1.543e-5,,,1.543e-5
200.31,1.182e-5,,,1.182e-5
200.36,8.561e-6,,,8.561e-6
200.41,5.837e-6,,,5.837e-6
200.46,3.708e-6,,,3.708e-6
200.51,2.167e-6,,,2.167e-6
200.56,1.150e-6,,,1.150e-6
200.61,5.485e-7,,,5.485e-7
200.66,2.338e-7,,,2.338e-7
200.72,7.192e-8,,,7.192e-8
200.77,2.359e-8,,,2.359e-8
200.82,6.844e-9,,,6.844e-9
200.87,1.756e-9,,,1.756e-9
200.92,3.980e-10,,,3.980e-10
200.97,7.972e-11,,,7.972e-11
201.02,1.447e-11,,,1.447e-11
201.07,5.069e-12,,,5.069e-12
201.12,1.952e-11,,,1.952e-11
201.17,1.139e-10,,,1.139e-10
201.22,5.968e-10,,,5.968e-10
201.27,2.766e-9,,,2.766e-9
201.32,1.134e-8,,,1.134e-8
201.37,4.113e-8,,,4.113e-8
201.42,1.319e-7,,,1.319e-7
201.47,3.744e-7,,,3.744e-7
201.52,9.396e-7,,,9.396e-7
201.57,2.086e-6,,,2.086e-6
201.62,4.096e-6,,,4.096e-6
201.67,7.115e-6,,,7.115e-6
201.72,1.093e-5,,,1.093e-5
201.77,1.486e-5,,,1.486e-5
201.82,1.786e-5,,,1.786e-5
201.87,1.899e-5,,,1.899e-5
201.92,1.786e-5,,,1.786e-5
201.97,1.486e-5,,,1.486e-5
202.02,1.093e-5,,,1.093e-5
202.07,7.130e-6,,,7.130e-6
202.12,4.149e-6,,,4.149e-6
202.17,2.251e-6,,,2.251e-6
202.22,1.395e-6,,,1.395e-6
202.27,1.489e-6,,,1.489e-6
202.32,2.545e-6,,,2.545e-6
202.37,4.672e-6,,,4.672e-6
202.42,7.885e-6,,,7.885e-6
202.47,1.186e-5,,,1.186e-5
202.52,1.583e-5,,,1.583e-5
202.57,1.873e-5,,,1.873e-5
202.62,1.964e-5,,,1.964e-5
202.67,1.826e-5,,,1.826e-5
202.72,1.505e-5,,,1.505e-5
202.77,1.101e-5,,,1.101e-5
202.82,7.178e-6,,,7.178e-6
202.87,4.268e-6,,,4.268e-6
202.92,2.593e-6,,,2.593e-6
202.97,2.257e-6,,,2.257e-6
203.02,3.402e-6,,,3.402e-6
203.07,6.304e-6,,,6.304e-6
203.12,1.120e-5,,,1.120e-5
203.17,1.789e-5,,,1.789e-5
203.22,2.540e-5,,,2.540e-5
203.27,3.195e-5,,,3.195e-5
203.32,3.563e-5,,,3.563e-5
203.37,3.520e-5,,,3.520e-5
203.42,3.082e-5,,,3.082e-5
203.47,2.393e-5,,,2.393e-5
203.52,1.657e-5,,,1.657e-5
203.57,1.059e-5,,,1.059e-5
203.62,7.605e-6,,,7.605e-6
203.67,9.988e-6,,,9.988e-6
203.72,2.316e-5,,,2.316e-5
203.77,5.871e-5,,,5.871e-5
203.82,1.368e-4,,,1.368e-4
203.87,2.841e-4,,,2.841e-4
203.92,5.237e-4,,,5.237e-4
203.97,8.564e-4,,,8.564e-4
204.02,1.242e-3,,,1.242e-3
204.07,1.598e-3,,,1.598e-3
204.12,1.824e-3,,,1.824e-3
204.17,1.846e-3,,,1.846e-3
204.22,1.658e-3,,,1.658e-3
204.27,1.322e-3,,,1.322e-3
204.32,9.366e-4,,,9.366e-4
204.37,5.927e-4,,,5.927e-4
204.42,3.392e-4,,,3.392e-4
204.47,1.817e-4,,,1.817e-4
204.52,9.851e-5,,,9.851e-5
204.57,6.079e-5,,,6.079e-5
204.62,4.501e-5,,,4.501e-5
204.67,3.697e-5,,,3.697e-5
204.72,3.025e-5,,,3.025e-5
204.77,2.322e-5,,,2.322e-5
204.82,1.632e-5,,,1.632e-5
204.87,1.041e-5,,,1.041e-5
204.92,6.001e-6,,,6.001e-6
204.97,3.120e-6,,,3.120e-6
205.02,1.460e-6,,,1.460e-6
205.07,6.140e-7,,,6.140e-7
205.12,2.316e-7,,,2.316e-7
205.17,7.823e-8,,,7.823e-8
205.22,2.364e-8,,,2.364e-8
205.27,6.379e-9,,,6.379e-9
205.32,1.537e-9,,,1.537e-9
205.37,3.303e-10,,,3.303e-10
205.42,6.445e-11,,,6.445e-11
205.47,1.844e-11,,,1.844e-11
205.52,4.378e-11,,,4.378e-11
205.57,2.063e-10,,,2.063e-10
205.62,8.961e-10,,,8.961e-10
205.67,3.464e-9,,,3.464e-9
205.72,1.191e-8,,,1.191e-8
205.77,3.638e-8,,,3.638e-8
205.82,9.883e-8,,,9.883e-8
205.87,2.387e-7,,,2.387e-7
205.92,5.126e-7,,,5.126e-7
205.97,9.786e-7,,,9.786e-7
206.02,1.661e-6,,,1.661e-6
206.07,2.507e-6,,,2.507e-6
206.12,3.363e-6,,,3.363e-6
206.17,4.012e-6,,,4.012e-6
206.22,4.255e-6,,,4.255e-6
206.27,4.012e-6,,,4.012e-6
206.32,3.363e-6,,,3.363e-6
206.37,2.507e-6,,,2.507e-6
206.42,1.661e-6,,,1.661e-6
206.47,9.786e-7,,,9.786e-7
206.52,5.126e-7,,,5.126e-7
206.57,2.387e-7,,,2.387e-7
206.62,9.883e-8,,,9.883e-8
206.67,3.638e-8,,,3.638e-8
206.72,1.192e-8,,,1.192e-8
206.77,3.529e-9,,,3.529e-9
206.82,1.215e-9,,,1.215e-9
206.87,1.600e-9,,,1.600e-9
206.92,5.466e-9,,,5.466e-9
206.97,1.880e-8,,,1.880e-8
207.02,5.798e-8,,,5.798e-8
207.07,1.593e-7,,,1.593e-7
207.12,3.896e-7,,,3.896e-7
207.17,8.485e-7,,,8.485e-7
207.22,1.646e-6,,,1.646e-6
207.27,2.845e-6,,,2.845e-6
207.32,4.390e-6,,,4.390e-6
207.37,6.068e-6,,,6.068e-6
207.42,7.583e-6,,,7.583e-6
207.47,8.759e-6,,,8.759e-6
207.52,9.790e-6,,,9.790e-6
207.57,1.138e-5,,,1.138e-5
207.62,1.457e-5,,,1.457e-5
207.67,2.026e-5,,,2.026e-5
207.72,2.852e-5,,,2.852e-5
207.77,3.810e-5,,,3.810e-5
207.82,4.661e-5,,,4.661e-5
207.87,5.136e-5,,,5.136e-5
207.92,5.063e-5,,,5.063e-5
207.97,4.453e-5,,,4.453e-5
208.02,3.491e-5,,,3.491e-5
208.07,2.439e-5,,,2.439e-5
208.12,1.518e-5,,,1.518e-5
208.17,8.412e-6,,,8.412e-6
208.22,4.153e-6,,,4.153e-6
208.27,1.827e-6,,,1.827e-6
208.32,7.156e-7,,,7.156e-7
208.37,2.497e-7,,,2.497e-7
208.42,7.763e-8,,,7.763e-8
208.47,2.149e-8,,,2.149e-8
208.52,5.301e-9,,,5.301e-9
208.57,1.165e-9,,,1.165e-9
208.62,2.279e-10,,,2.279e-10
208.67,3.972e-11,,,3.972e-11
208.72,6.168e-12,,,6.168e-12
208.77,8.531e-13,,,8.531e-13
208.82,1.064e-13,,,1.064e-13
208.87,2.467e-14,,,2.467e-14
208.92,1.161e-13,,,1.161e-13
208.97,8.974e-13,,,8.974e-13
209.02,6.254e-12,,,6.254e-12
209.07,5.022e-7,,5.021e-7,3.891e-11
209.12,8.007e-6,,8.007e-6,2.161e-10
209.17,1.140e-4,,1.140e-4,1.071e-9
209.22,1.451e-3,,1.451e-3,4.741e-9
209.27,1.648e-2,,1.648e-2,1.873e-8
209.32,1.672e-1,,1.672e-1,6.605e-8
209.37,1.515e+0,,1.515e+0,2.079e-7
209.42,1.226e+1,,1.226e+1,5.843e-7
209.47,8.864e+1,,8.864e+1,1.466e-6
209.52,5.723e+2,,5.723e+2,3.282e-6
209.57,3.300e+3,,3.300e+3,6.560e-6
209.62,1.699e+4,,1.699e+4,1.171e-5
209.67,7.815e+4,,7.815e+4,1.865e-5
209.72,3.210e+5,,3.210e+5,2.651e-5
209.77,1.178e+6,,1.178e+6,3.365e-5
209.82,3.859e+6,,3.859e+6,3.813e-5
209.87,1.129e+7,,1.129e+7,3.856e-5
209.92,2.952e+7,,2.952e+7,3.482e-5
209.97,6.891e+7,,6.891e+7,2.806e-5
210.02,1.437e+8,,1.437e+8,2.019e-5
210.07,2.675e+8,,2.675e+8,1.297e-5
210.12,4.449e+8,,4.449e+8,7.434e-6
210.17,6.607e+8,,6.607e+8,3.808e-6
210.22,8.765e+8,,8.765e+8,1.752e-6
210.27,1.038e+9,,1.038e+9,7.493e-7
210.32,1.099e+9,,1.099e+9,3.614e-7
210.37,1.038e+9,,1.038e+9,3.191e-7
210.42,8.765e+8,,8.765e+8,5.025e-7
210.47,6.607e+8,,6.607e+8,8.749e-7
210.52,4.449e+8,,4.449e+8,1.411e-6
210.57,2.675e+8,,2.675e+8,2.045e-6
210.62,1.438e+8,,1.438e+8,2.649e-6
210.67,6.939e+7,,6.939e+7,3.067e-6
210.72,3.132e+7,,3.132e+7,3.173e-6
210.77,1.729e+7,,1.729e+7,2.940e-6
210.82,2.170e+7,,2.170e+7,2.459e-6
210.87,4.863e+7,,4.863e+7,1.933e-6
210.92,1.132e+8,,1.132e+8,1.674e-6
210.97,2.402e+8,,2.402e+8,2.196e-6
211.02,4.568e+8,,4.568e+8,4.432e-6
211.07,7.771e+8,,7.771e+8,1.001e-5
211.12,1.182e+9,,1.182e+9,2.136e-5
211.17,1.609e+9,,1.609e+9,4.120e-5
211.22,1.958e+9,,1.958e+9,7.124e-5
211.27,2.131e+9,,2.131e+9,1.102e-4
211.32,2.074e+9,,2.074e+9,1.524e-4
211.37,1.806e+9,,1.806e+9,1.885e-4
211.42,1.406e+9,,1.406e+9,2.084e-4
211.47,9.794e+8,,9.794e+8,2.061e-4
211.52,6.102e+8,,6.102e+8,1.822e-4
211.57,3.401e+8,,3.401e+8,1.441e-4
211.62,1.695e+8,,1.695e+8,1.019e-4
211.67,7.559e+7,,7.559e+7,6.446e-5
211.72,3.016e+7,,3.016e+7,3.660e-5
211.77,1.076e+7,,1.076e+7,1.906e-5
211.82,3.436e+6,,3.436e+6,1.033e-5
211.87,9.814e+5,,9.814e+5,8.891e-6
211.92,2.508e+5,,2.508e+5,1.479e-5
211.97,5.734e+4,,5.734e+4,3.024e-5
212.02,1.173e+4,,1.173e+4,5.884e-5
212.07,2.147e+3,,2.147e+3,1.034e-4
212.12,3.517e+2,,3.517e+2,1.629e-4
212.17,5.154e+1,,5.154e+1,2.298e-4
212.22,6.759e+0,,6.759e+0,2.901e-4
212.27,7.936e-1,,7.932e-1,3.278e-4
212.32,8.364e-2,,8.331e-2,3.314e-4
212.37,8.130e-3,,7.830e-3,3.000e-4
212.42,9.019e-4,,6.586e-4,2.433e-4
212.47,2.267e-4,,4.958e-5,1.771e-4
212.52,1.202e-4,,3.340e-6,1.168e-4
212.57,7.246e-5,,2.014e-7,7.226e-5
212.62,4.660e-5,,,4.660e-5
212.67,3.827e-5,,,3.827e-5
212.72,4.319e-5,,,4.319e-5
212.77,5.622e-5,,,5.622e-5
212.82,7.166e-5,,,7.166e-5
212.87,8.396e-5,,,8.396e-5
212.92,8.895e-5,,,8.895e-5
212.97,8.529e-5,,,8.529e-5
213.02,7.509e-5,,,7.509e-5
213.07,6.314e-5,,,6.314e-5
213.12,5.493e-5,,,5.493e-5
213.17,5.447e-5,,,5.447e-5
213.22,6.269e-5,,,6.269e-5
213.27,7.700e-5,,,7.700e-5
213.32,9.211e-5,,,9.211e-5
213.37,1.020e-4,,,1.020e-4
213.42,1.025e-4,,,1.025e-4
213.47,9.274e-5,,,9.274e-5
213.52,7.549e-5,,,7.549e-5
213.57,5.570e-5,,,5.570e-5
213.62,3.845e-5,,,3.845e-5
213.67,2.754e-5,,,2.754e-5
213.72,2.522e-5,,,2.522e-5
213.77,3.241e-5,8.781e-10,,3.240e-5
213.82,4.878e-5,1.412e-8,,4.876e-5
213.87,7.238e-5,2.039e-7,,7.217e-5
213.92,1.009e-4,2.642e-6,,9.824e-5
213.97,1.514e-4,3.072e-5,,1.207e-4
214.02,4.539e-4,3.207e-4,,1.332e-4
214.07,3.137e-3,3.005e-3,,1.320e-4
214.12,2.538e-2,2.527e-2,,1.176e-4
214.17,1.908e-1,1.907e-1,,9.438e-5
214.22,1.292e+0,1.292e+0,,6.854e-5
214.27,7.855e+0,7.855e+0,,4.546e-5
214.32,4.286e+1,4.286e+1,,2.799e-5
214.37,2.100e+2,2.100e+2,,1.643e-5
214.42,9.231e+2,9.231e+2,,9.504e-6
214.47,3.642e+3,3.642e+3,,5.572e-6
214.52,1.290e+4,1.290e+4,,3.319e-6
214.57,4.101e+4,4.101e+4,,1.968e-6
214.62,1.170e+5,1.170e+5,,1.147e-6
214.67,2.996e+5,2.996e+5,,7.226e-7
214.72,6.887e+5,6.887e+5,,7.293e-7
214.77,1.421e+6,1.421e+6,,1.424e-6
214.82,2.631e+6,2.631e+6,,3.447e-6
214.87,4.373e+6,4.373e+6,,7.990e-6
214.92,6.523e+6,6.523e+6,,1.679e-5
214.97,8.733e+6,8.733e+6,,3.174e-5
215.02,1.049e+7,1.049e+7,,5.385e-5
215.07,1.132e+7,1.132e+7,,8.203e-5
215.12,1.096e+7,1.096e+7,,1.122e-4
215.17,9.522e+6,9.522e+6,,1.377e-4
215.22,7.426e+6,7.426e+6,,1.518e-4
215.27,5.198e+6,5.198e+6,,1.501e-4
215.32,3.266e+6,3.266e+6,,1.333e-4
215.37,1.842e+6,1.842e+6,,1.063e-4
215.42,9.322e+5,9.322e+5,,7.606e-5
215.47,4.235e+5,4.235e+5,,4.887e-5
215.52,1.727e+5,1.727e+5,,2.818e-5
215.57,6.319e+4,6.319e+4,,1.459e-5
215.62,2.076e+4,2.076e+4,,6.781e-6
215.67,6.119e+3,6.119e+3,,2.830e-6
215.72,1.619e+3,1.619e+3,,1.063e-6
215.77,3.846e+2,3.846e+2,,3.675e-7
215.82,8.199e+1,8.199e+1,,1.435e-7
215.87,1.569e+1,1.569e+1,,1.329e-7
215.92,2.694e+0,2.694e+0,,2.755e-7
215.97,4.153e-1,4.153e-1,,6.258e-7
216.02,5.745e-2,5.745e-2,,1.305e-6
216.07,7.136e-3,7.134e-3,,2.450e-6
216.12,7.992e-4,7.951e-4,,4.136e-6
216.17,8.581e-5,7.953e-5,,6.274e-6
216.22,1.569e-5,7.141e-6,,8.552e-6
216.27,1.105e-5,5.755e-7,,1.048e-5
216.32,1.158e-5,4.162e-8,,1.153e-5
216.37,1.141e-5,2.702e-9,,1.141e-5
216.42,1.015e-5,,,1.015e-5
216.47,8.110e-6,,,8.110e-6
216.52,5.835e-6,,,5.835e-6
216.57,3.805e-6,,,3.805e-6
216.62,2.338e-6,,,2.338e-6
216.67,1.607e-6,,,1.607e-6
216.72,1.785e-6,,,1.785e-6
216.77,3.221e-6,,,3.221e-6
216.82,6.535e-6,,,6.535e-6
216.87,1.252e-5,,,1.252e-5
216.92,2.178e-5,,,2.178e-5
216.97,3.413e-5,,,3.413e-5
217.02,4.813e-5,,,4.813e-5
217.07,6.108e-5,,,6.108e-5
217.12,6.974e-5,,,6.974e-5
217.17,7.163e-5,,,7.163e-5
217.22,6.620e-5,,,6.620e-5
217.27,5.505e-5,,,5.505e-5
217.32,4.123e-5,,,4.123e-5
217.37,2.791e-5,,,2.791e-5
217.42,1.733e-5,,,1.733e-5
217.47,1.049e-5,,,1.049e-5
217.52,7.408e-6,,,7.408e-6
217.57,7.674e-6,,,7.674e-6
217.62,1.075e-5,,,1.075e-5
217.67,1.598e-5,,,1.598e-5
217.72,2.235e-5,,,2.235e-5
217.77,2.849e-5,,,2.849e-5
217.82,3.286e-5,,,3.286e-5
217.87,3.437e-5,,,3.437e-5
217.92,3.280e-5,,,3.280e-5
217.97,2.891e-5,,,2.891e-5
218.02,2.404e-5,,,2.404e-5
218.07,1.945e-5,,,1.945e-5
218.12,1.581e-5,,,1.581e-5
218.17,1.312e-5,,,1.312e-5
218.22,1.097e-5,,,1.097e-5
218.27,8.960e-6,,,8.960e-6
218.32,6.932e-6,,,6.932e-6
218.37,4.965e-6,,,4.965e-6
218.42,3.249e-6,,,3.249e-6
218.47,2.020e-6,,9.114e-8,1.929e-6
218.52,2.340e-6,,1.303e-6,1.037e-6
218.57,1.731e-5,,1.681e-5,5.083e-7
218.62,1.956e-4,,1.954e-4,2.423e-7
218.67,2.048e-3,,2.048e-3,1.509e-7
218.72,1.936e-2,,1.936e-2,1.886e-7
218.77,1.650e-1,2.171e-8,1.650e-1,3.555e-7
218.82,1.268e+0,3.019e-7,1.268e+0,6.833e-7
218.87,8.786e+0,3.788e-6,8.786e+0,1.207e-6
218.92,5.489e+1,4.285e-5,5.489e+1,1.928e-6
218.97,3.092e+2,4.373e-4,3.092e+2,2.776e-6
219.02,1.571e+3,4.025e-3,1.571e+3,3.601e-6
219.07,7.193e+3,3.341e-2,7.193e+3,4.210e-6
219.12,2.970e+4,2.501e-1,2.970e+4,4.435e-6
219.17,1.106e+5,1.689e+0,1.106e+5,4.210e-6
219.22,3.713e+5,1.029e+1,3.713e+5,3.601e-6
219.27,1.124e+6,5.650e+1,1.124e+6,2.776e-6
219.32,3.068e+6,2.799e+2,3.068e+6,1.928e-6
219.37,7.551e+6,1.251e+3,7.550e+6,1.207e-6
219.42,1.676e+7,5.039e+3,1.675e+7,6.806e-7
219.47,3.354e+7,1.832e+4,3.352e+7,3.459e-7
219.52,6.053e+7,6.004e+4,6.047e+7,1.586e-7
219.57,9.854e+7,1.775e+5,9.836e+7,6.608e-8
219.62,1.447e+8,4.733e+5,1.443e+8,2.704e-8
219.67,1.919e+8,1.138e+6,1.908e+8,1.751e-8
219.72,2.300e+8,2.469e+6,2.275e+8,3.137e-8
219.77,2.494e+8,4.830e+6,2.446e+8,8.127e-8
219.82,2.456e+8,8.522e+6,2.371e+8,2.034e-7
219.87,2.208e+8,1.356e+7,2.073e+8,4.638e-7
219.92,1.828e+8,1.946e+7,1.633e+8,9.592e-7
219.97,1.413e+8,2.519e+7,1.161e+8,1.802e-6
220.02,1.038e+8,2.941e+7,7.438e+7,3.085e-6
220.07,7.395e+7,3.097e+7,4.297e+7,4.829e-6
220.12,5.181e+7,2.941e+7,2.239e+7,6.945e-6
220.17,3.574e+7,2.519e+7,1.054e+7,9.227e-6
220.22,2.403e+7,1.946e+7,4.563e+6,1.139e-5
220.27,1.565e+7,1.356e+7,2.087e+6,1.312e-5
220.32,1.034e+7,8.522e+6,1.816e+6,1.416e-5
220.37,8.547e+6,4.830e+6,3.717e+6,1.432e-5
220.42,1.169e+7,2.469e+6,9.222e+6,1.354e-5
220.47,2.263e+7,1.138e+6,2.149e+7,1.191e-5
220.52,4.586e+7,4.733e+5,4.539e+7,9.700e-6
220.57,8.674e+7,1.775e+5,8.657e+7,7.272e-6
220.62,1.491e+8,6.004e+4,1.490e+8,4.994e-6
220.67,2.316e+8,1.832e+4,2.316e+8,3.128e-6
220.72,3.248e+8,5.039e+3,3.248e+8,1.782e-6
220.77,4.111e+8,1.251e+3,4.111e+8,9.206e-7
220.82,4.697e+8,2.799e+2,4.697e+8,4.308e-7
220.87,4.844e+8,5.650e+1,4.844e+8,1.824e-7
220.92,4.509e+8,1.029e+1,4.509e+8,6.978e-8
220.97,3.788e+8,1.689e+0,3.788e+8,2.412e-8
221.02,2.872e+8,2.501e-1,2.872e+8,7.526e-9
221.07,1.965e+8,3.341e-2,1.965e+8,2.120e-9
221.12,1.214e+8,4.025e-3,1.214e+8,5.399e-10
221.17,6.769e+7,4.373e-4,6.769e+7,1.283e-10
221.22,3.406e+7,4.285e-5,3.406e+7,4.887e-11
221.27,1.547e+7,3.788e-6,1.547e+7,1.103e-10
221.32,6.341e+6,3.019e-7,6.341e+6,4.330e-10
221.37,2.346e+6,2.171e-8,2.346e+6,1.600e-9
221.42,7.835e+5,1.407e-9,7.835e+5,5.352e-9
221.47,2.362e+5,,2.362e+5,1.618e-8
221.52,6.425e+4,,6.425e+4,4.417e-8
221.57,1.578e+4,,1.578e+4,1.090e-7
221.62,3.496e+3,,3.496e+3,2.429e-7
221.67,6.994e+2,,6.994e+2,4.892e-7
221.72,1.263e+2,,1.263e+2,8.902e-7
221.77,2.058e+1,,2.058e+1,1.464e-6
221.82,3.026e+0,,3.026e+0,2.174e-6
221.87,4.018e-1,,4.017e-1,2.918e-6
221.92,4.814e-2,,4.814e-2,3.538e-6
221.97,5.210e-3,,5.206e-3,3.877e-6
222.02,5.120e-4,,5.081e-4,3.837e-6
222.07,4.820e-5,,4.476e-5,3.432e-6
222.12,6.333e-6,,3.560e-6,2.773e-6
222.17,2.280e-6,,2.555e-7,2.025e-6
222.22,1.336e-6,,,1.336e-6
222.27,7.962e-7,,,7.962e-7
222.32,4.287e-7,,,4.287e-7
222.37,2.086e-7,,,2.086e-7
222.42,9.171e-8,,,9.171e-8
222.47,3.642e-8,,,3.642e-8
222.52,1.307e-8,,,1.307e-8
222.57,4.238e-9,,,4.238e-9
222.62,1.242e-9,,,1.242e-9
222.67,3.286e-10,,,3.286e-10
222.72,7.859e-11,,,7.859e-11
222.77,1.698e-11,,,1.698e-11
222.82,3.315e-12,,,3.315e-12
222.87,5.848e-13,,,5.848e-13
222.92,9.319e-14,,,9.319e-14
222.97,1.342e-14,,,1.342e-14
223.02,1.746e-15,,,1.746e-15
223.07,2.052e-16,,,2.052e-16
223.12,2.179e-17,,,2.179e-17
223.17,2.091e-18,,,2.091e-18
223.22,1.813e-19,,,1.813e-19
223.27,1.420e-20,,,1.420e-20
223.32,1.005e-21,,,1.005e-21
226.17,7.288e-9,7.288e-9,,
226.22,9.980e-8,9.980e-8,,
226.27,1.241e-6,1.241e-6,,4.473e-21
226.32,1.401e-5,1.401e-5,,6.111e-20
226.37,1.436e-4,1.436e-4,,7.580e-19
226.42,1.336e-3,1.336e-3,,8.539e-18
226.47,1.129e-2,1.129e-2,,8.733e-17
226.52,8.663e-2,8.663e-2,,8.111e-16
226.57,6.034e-1,6.034e-1,,6.840e-15
226.62,3.816e+0,3.816e+0,,5.238e-14
226.67,2.191e+1,2.191e+1,,3.642e-13
226.72,1.143e+2,1.143e+2,,2.299e-12
226.77,5.409e+2,5.409e+2,,1.318e-11
226.82,2.325e+3,2.325e+3,,6.863e-11
226.87,9.072e+3,9.072e+3,,3.244e-10
226.92,3.214e+4,3.214e+4,,1.392e-9
226.97,1.034e+5,1.034e+5,,5.427e-9
227.02,3.020e+5,3.020e+5,,1.921e-8
227.07,8.010e+5,8.010e+5,,6.172e-8
227.12,1.929e+6,1.929e+6,,1.801e-7
227.17,4.217e+6,4.217e+6,,4.772e-7
227.22,8.371e+6,8.371e+6,,1.148e-6
227.27,1.509e+7,1.509e+7,,2.509e-6
227.32,2.469e+7,2.469e+7,,4.976e-6
227.37,3.668e+7,3.668e+7,,8.964e-6
227.42,4.948e+7,4.948e+7,,1.466e-5
227.47,6.060e+7,6.060e+7,,2.178e-5
227.52,6.740e+7,6.740e+7,,2.937e-5
227.57,6.805e+7,6.805e+7,,3.596e-5
227.62,6.239e+7,6.239e+7,,3.999e-5
227.67,5.193e+7,5.193e+7,,4.038e-5
227.72,3.924e+7,3.924e+7,,3.702e-5
227.77,2.693e+7,2.693e+7,,3.082e-5
227.82,1.678e+7,1.678e+7,,2.330e-5
227.87,9.490e+6,9.490e+6,,1.600e-5
227.92,4.874e+6,4.874e+6,,9.976e-6
227.97,2.273e+6,2.273e+6,,5.653e-6
228.02,9.624e+5,9.624e+5,,2.915e-6
228.07,3.699e+5,3.699e+5,,1.373e-6
228.12,1.291e+5,1.291e+5,,5.953e-7
228.17,4.092e+4,4.092e+4,,2.428e-7
228.22,1.177e+4,1.177e+4,,9.746e-8
228.27,3.076e+3,3.076e+3,,4.144e-8
228.32,7.296e+2,7.296e+2,,1.991e-8
228.37,1.571e+2,1.571e+2,,1.069e-8
228.42,3.073e+1,3.073e+1,,5.962e-9
228.47,5.455e+0,5.455e+0,,3.229e-9
228.52,8.794e-1,8.794e-1,,1.634e-9
228.57,1.287e-1,1.287e-1,,7.597e-10
228.62,1.710e-2,1.710e-2,,3.222e-10
228.67,2.064e-3,2.064e-3,,1.244e-10
228.72,2.261e-4,2.261e-4,,4.363e-11
228.77,2.249e-5,2.249e-5,,1.391e-11
228.82,2.031e-6,2.031e-6,,4.028e-12
228.87,1.665e-7,1.665e-7,,1.060e-12
228.92,1.240e-8,1.240e-8,,2.538e-13
228.97,5.748e-14,,,5.748e-14
229.02,2.292e-14,,,2.292e-14
229.07,5.531e-14,,,5.531e-14
229.12,2.149e-13,,,2.149e-13
229.17,7.849e-13,,,7.849e-13
229.22,2.611e-12,,,2.611e-12
229.27,7.903e-12,,,7.903e-12
229.32,2.176e-11,,,2.176e-11
229.37,5.450e-11,,,5.450e-11
229.42,1.242e-10,,,1.242e-10
229.47,2.574e-10,,,2.574e-10
229.52,4.853e-10,,,4.853e-10
229.57,8.324e-10,,,8.324e-10
229.62,1.299e-9,,,1.299e-9
229.67,1.844e-9,,,1.844e-9
229.72,2.380e-9,,,2.380e-9
229.77,2.796e-9,,,2.796e-9
229.82,2.987e-9,,,2.987e-9
229.87,2.904e-9,,,2.904e-9
229.92,2.568e-9,,,2.568e-9
229.97,2.065e-9,,,2.065e-9
230.02,1.511e-9,,,1.511e-9
230.07,1.006e-9,,,1.006e-9
230.12,6.097e-10,,,6.097e-10
230.17,3.392e-10,,,3.392e-10
230.22,1.901e-10,,,1.901e-10
230.27,1.971e-10,,,1.971e-10
230.32,6.410e-10,,,6.410e-10
230.37,2.855e-9,,,2.855e-9
230.42,1.224e-8,,,1.224e-8
230.47,4.846e-8,,,4.846e-8
230.52,1.765e-7,,,1.765e-7
230.57,5.900e-7,,,5.900e-7
230.62,1.809e-6,,,1.809e-6
230.67,5.082e-6,,,5.082e-6
230.72,1.306e-5,,,1.306e-5
230.77,3.070e-5,,,3.070e-5
230.82,6.590e-5,,,6.590e-5
230.87,1.292e-4,,,1.292e-4
230.92,2.310e-4,,,2.310e-4
230.97,3.770e-4,,,3.770e-4
231.02,5.609e-4,,,5.609e-4
231.07,7.609e-4,,,7.609e-4
231.12,9.407e-4,,,9.407e-4
231.17,1.060e-3,,,1.060e-3
231.22,1.088e-3,,,1.088e-3
231.27,1.018e-3,,,1.018e-3
231.32,8.669e-4,,,8.669e-4
231.37,6.729e-4,,,6.729e-4
231.42,4.757e-4,,,4.757e-4
231.47,3.063e-4,,,3.063e-4
231.52,1.797e-4,,,1.797e-4
231.58,8.371e-5,,,8.371e-5
231.63,3.997e-5,,,3.997e-5
231.68,1.738e-5,,,1.738e-5
231.73,6.886e-6,,,6.886e-6
231.78,2.485e-6,,,2.485e-6
231.83,8.176e-7,,,8.176e-7
231.88,2.468e-7,,,2.468e-7
231.93,7.052e-8,,,7.052e-8
231.98,2.214e-8,,,2.214e-8
232.03,1.106e-8,,,1.106e-8
232.08,9.648e-9,,,9.648e-9
232.13,1.019e-8,,,1.019e-8
232.18,1.072e-8,,,1.072e-8
232.23,1.074e-8,,,1.074e-8
232.28,1.020e-8,,,1.020e-8
232.33,9.169e-9,,,9.169e-9
232.38,7.774e-9,,,7.774e-9
232.43,6.188e-9,,,6.188e-9
232.48,4.598e-9,,,4.598e-9
232.53,3.173e-9,,,3.173e-9
232.58,2.024e-9,,,2.024e-9
232.63,1.188e-9,,,1.188e-9
232.68,6.405e-10,,,6.405e-10
232.73,3.163e-10,,,3.163e-10
232.78,1.430e-10,,,1.430e-10
232.83,5.958e-11,,,5.958e-11
232.88,2.426e-11,,,2.426e-11
232.93,1.383e-11,,,1.383e-11
232.98,1.953e-11,,,1.953e-11
233.03,4.394e-11,,,4.394e-11
233.08,9.984e-11,,,9.984e-11
233.13,2.096e-10,,,2.096e-10
233.18,4.021e-10,,,4.021e-10
233.23,7.045e-10,,,7.045e-10
233.28,1.128e-9,,,1.128e-9
233.33,1.652e-9,,,1.652e-9
233.38,2.218e-9,,,2.218e-9
233.43,2.745e-9,,,2.745e-9
233.48,3.154e-9,,,3.154e-9
233.53,3.414e-9,,,3.414e-9
233.58,3.557e-9,,,3.557e-9
233.63,3.665e-9,,,3.665e-9
233.68,3.825e-9,,,3.825e-9
233.73,4.080e-9,,,4.080e-9
233.78,4.402e-9,,,4.402e-9
233.83,4.709e-9,,,4.709e-9
233.88,4.919e-9,,,4.919e-9
233.93,4.992e-9,,,4.992e-9
233.98,4.946e-9,,,4.946e-9
234.03,4.833e-9,,,4.833e-9
234.08,4.705e-9,,,4.705e-9
234.13,4.583e-9,,,4.583e-9
234.18,4.456e-9,,,4.456e-9
234.23,4.294e-9,,,4.294e-9
234.28,4.069e-9,,,4.069e-9
234.33,3.770e-9,,,3.770e-9
234.38,3.444e-9,,,3.444e-9
234.43,3.283e-9,,,3.283e-9
234.48,3.884e-9,,,3.884e-9
234.53,6.845e-9,,,6.845e-9
234.58,1.604e-8,,,1.604e-8
234.63,3.987e-8,,,3.987e-8
234.68,9.449e-8,,,9.449e-8
234.73,2.068e-7,,,2.068e-7
234.78,4.145e-7,,,4.145e-7
234.83,7.596e-7,,,7.596e-7
234.88,1.272e-6,,,1.272e-6
234.93,1.945e-6,,,1.945e-6
234.98,2.718e-6,,,2.718e-6
235.03,3.470e-6,,,3.470e-6
235.08,4.047e-6,,,4.047e-6
235.13,4.312e-6,,,4.312e-6
235.18,4.197e-6,,,4.197e-6
235.23,3.732e-6,,,3.732e-6
235.28,3.032e-6,,,3.032e-6
235.33,2.251e-6,,,2.251e-6
235.38,1.528e-6,,,1.528e-6
235.43,9.491e-7,,,9.491e-7
235.48,5.406e-7,,,5.406e-7
235.53,2.838e-7,,,2.838e-7
235.58,1.388e-7,,,1.388e-7
235.63,6.470e-8,,,6.470e-8
235.68,3.002e-8,,,3.002e-8
235.73,1.472e-8,,,1.472e-8
235.78,7.960e-9,,,7.960e-9
235.83,4.687e-9,,,4.687e-9
235.88,2.842e-9,,,2.842e-9
235.93,1.683e-9,,,1.683e-9
235.98,9.417e-10,,,9.417e-10
236.03,4.899e-10,,,4.899e-10
236.08,2.351e-10,,,2.351e-10
236.13,1.037e-10,,,1.037e-10
236.18,4.198e-11,,,4.198e-11
236.23,1.557e-11,,,1.557e-11
236.28,5.291e-12,,,5.291e-12
236.33,1.646e-12,,,1.646e-12
236.38,4.684e-13,,,4.684e-13
236.43,1.220e-13,,,1.220e-13
236.48,2.905e-14,,,2.905e-14
236.53,6.329e-15,,,6.329e-15
236.58,1.261e-15,,,1.261e-15
236.63,2.296e-16,,,2.296e-16
236.68,3.822e-17,,,3.822e-17
236.73,5.816e-18,,,5.816e-18
236.78,8.091e-19,,,8.091e-19
236.83,1.029e-19,,,1.029e-19
236.88,1.196e-20,,,1.196e-20
236.93,1.270e-21,,,1.270e-21
236.98,1.232e-22,,,1.232e-22
237.03,1.094e-23,,,1.094e-23
237.08,8.871e-25,,,8.871e-25
237.88,4.064e-21,,,4.064e-21
237.93,4.807e-20,,,4.807e-20
237.98,5.211e-19,,,5.211e-19
238.03,5.177e-18,,,5.177e-18
238.08,4.714e-17,,,4.714e-17
238.13,3.933e-16,,,3.933e-16
238.18,3.007e-15,,,3.007e-15
238.23,2.107e-14,,,2.107e-14
238.28,1.353e-13,,,1.353e-13
238.33,7.958e-13,,,7.958e-13
238.38,4.291e-12,,,4.291e-12
238.43,1.659e-8,1.657e-8,,2.120e-11
238.48,1.906e-7,1.905e-7,,9.602e-11
238.53,2.008e-6,2.008e-6,,3.984e-10
238.58,1.940e-5,1.940e-5,,1.515e-9
238.63,1.719e-4,1.719e-4,,5.280e-9
238.68,1.396e-3,1.396e-3,,1.686e-8
238.73,1.039e-2,1.039e-2,,4.934e-8
238.78,7.095e-2,7.095e-2,,1.323e-7
238.83,4.440e-1,4.440e-1,,3.252e-7
238.88,2.547e+0,2.547e+0,,7.325e-7
238.93,1.339e+1,1.339e+1,,1.512e-6
238.98,6.458e+1,6.458e+1,,2.859e-6
239.03,2.855e+2,2.855e+2,,4.956e-6
239.08,1.157e+3,1.157e+3,,7.872e-6
239.13,4.297e+3,4.297e+3,,1.146e-5
239.18,1.463e+4,1.463e+4,,1.528e-5
239.23,4.569e+4,4.569e+4,,1.868e-5
239.28,1.308e+5,1.308e+5,,2.093e-5
239.33,3.431e+5,3.431e+5,,2.148e-5
239.38,8.255e+5,8.255e+5,,2.021e-5
239.43,1.820e+6,1.820e+6,,1.742e-5
239.48,3.680e+6,3.680e+6,,1.376e-5
239.53,6.822e+6,6.822e+6,,9.964e-6
239.58,1.159e+7,1.159e+7,,6.611e-6
239.63,1.806e+7,1.806e+7,,4.019e-6
239.68,2.579e+7,2.579e+7,,2.239e-6
239.73,3.376e+7,3.376e+7,,1.143e-6
239.78,4.052e+7,4.052e+7,,5.349e-7
239.83,4.458e+7,4.458e+7,,2.294e-7
239.88,4.497e+7,4.497e+7,,9.013e-8
239.93,4.159e+7,4.159e+7,,3.245e-8
239.98,3.526e+7,3.526e+7,,1.071e-8
240.03,2.740e+7,2.740e+7,,3.238e-9
240.08,1.953e+7,1.953e+7,,8.973e-10
240.13,1.275e+7,1.275e+7,,2.279e-10
240.18,7.638e+6,7.638e+6,,5.303e-11
240.23,4.193e+6,4.193e+6,,1.131e-11
240.28,2.110e+6,2.110e+6,,2.210e-12
240.33,9.737e+5,9.737e+5,,3.958e-13
240.38,4.119e+5,4.119e+5,,6.497e-14
240.43,1.597e+5,1.597e+5,,9.771e-15
240.48,5.678e+4,5.678e+4,,1.347e-15
240.53,1.850e+4,1.850e+4,,1.701e-16
240.58,5.529e+3,5.529e+3,,1.969e-17
240.63,1.514e+3,1.514e+3,,2.088e-18
240.68,3.803e+2,3.803e+2,,2.030e-19
240.73,8.754e+1,8.754e+1,,1.808e-20
240.78,1.847e+1,1.847e+1,,1.476e-21
240.83,3.574e+0,3.574e+0,,
240.88,6.340e-1,6.340e-1,,
240.93,1.031e-1,1.031e-1,,
240.98,1.537e-2,1.537e-2,,
241.03,2.100e-3,2.100e-3,,
241.08,2.631e-4,2.631e-4,,
241.13,3.022e-5,3.022e-5,,
241.18,3.182e-6,3.182e-6,,
241.23,3.072e-7,3.072e-7,,
241.28,2.719e-8,2.719e-8,,
241.63,4.168e-22,,,4.168e-22
241.68,4.887e-21,,,4.887e-21
241.73,5.266e-20,,,5.266e-20
241.78,5.214e-19,,,5.214e-19
241.83,4.743e-18,,,4.743e-18
241.88,3.966e-17,,,3.966e-17
241.93,3.046e-16,,,3.046e-16
241.98,2.150e-15,,,2.150e-15
242.03,1.395e-14,,,1.395e-14
242.08,8.312e-14,,,8.312e-14
242.13,4.552e-13,,,4.552e-13
242.18,2.291e-12,,,2.291e-12
242.23,1.059e-11,,,1.059e-11
242.28,4.500e-11,,,4.500e-11
242.33,1.757e-10,,,1.757e-10
242.38,6.303e-10,,,6.303e-10
242.43,2.078e-9,,,2.078e-9
242.48,6.294e-9,,,6.294e-9
242.53,1.752e-8,,,1.752e-8
242.58,4.480e-8,,,4.480e-8
242.63,1.053e-7,,,1.053e-7
242.68,2.274e-7,,,2.274e-7
242.73,4.512e-7,,,4.512e-7
242.78,8.226e-7,,,8.226e-7
242.83,1.378e-6,,,1.378e-6
242.88,2.122e-6,,,2.122e-6
242.93,3.001e-6,,,3.001e-6
242.98,3.901e-6,,,3.901e-6
243.03,4.660e-6,,,4.660e-6
243.08,5.114e-6,,,5.114e-6
243.13,5.158e-6,,,5.158e-6
243.18,4.780e-6,,,4.780e-6
243.23,4.070e-6,,,4.070e-6
243.28,3.185e-6,,,3.185e-6
243.33,2.290e-6,,,2.290e-6
243.38,1.513e-6,,,1.513e-6
243.43,9.183e-7,,,9.183e-7
243.48,5.125e-7,,,5.125e-7
243.53,2.635e-7,,,2.635e-7
243.58,1.267e-7,,,1.267e-7
243.63,6.237e-8,,,6.237e-8
243.68,4.529e-8,,,4.529e-8
243.73,6.762e-8,,,6.762e-8
243.78,1.398e-7,,,1.398e-7
243.83,2.901e-7,,,2.901e-7
243.88,5.611e-7,,,5.611e-7
243.93,1.000e-6,,,1.000e-6
243.98,1.640e-6,,,1.640e-6
244.03,2.472e-6,,,2.472e-6
244.08,3.428e-6,,,3.428e-6
244.13,4.371e-6,,,4.371e-6
244.18,5.126e-6,,,5.126e-6
244.23,5.527e-6,,,5.527e-6
244.28,5.481e-6,,,5.481e-6
244.33,4.998e-6,,,4.998e-6
244.38,4.192e-6,,,4.192e-6
244.43,3.233e-6,,,3.233e-6
244.48,2.293e-6,,,2.293e-6
244.53,1.495e-6,,,1.495e-6
244.58,8.968e-7,,,8.968e-7
244.63,4.946e-7,,,4.946e-7
244.68,2.509e-7,,,2.509e-7
244.73,1.170e-7,,,1.170e-7
244.78,5.019e-8,,,5.019e-8
244.83,1.980e-8,,,1.980e-8
244.88,7.181e-9,,,7.181e-9
244.93,2.396e-9,,,2.396e-9
244.98,7.349e-10,,,7.349e-10
245.03,2.073e-10,,,2.073e-10
245.08,5.378e-11,,,5.378e-11
245.13,1.283e-11,,,1.283e-11
245.18,2.815e-12,,,2.815e-12
245.23,5.679e-13,,,5.679e-13
245.28,1.054e-13,,,1.054e-13
245.33,1.798e-14,,,1.798e-14
245.38,2.820e-15,,,2.820e-15
245.43,4.069e-16,,,4.069e-16
245.48,5.400e-17,,,5.400e-17
245.53,6.589e-18,,,6.589e-18
245.58,7.429e-19,,,7.429e-19
245.63,1.130e-19,,,1.130e-19
245.68,3.562e-19,,,3.562e-19
245.73,3.061e-18,,,3.061e-18
245.78,2.473e-17,,,2.473e-17
245.83,1.841e-16,,,1.841e-16
245.88,1.263e-15,,,1.263e-15
245.93,7.979e-15,,,7.979e-15
245.98,4.646e-14,,,4.646e-14
246.03,2.492e-13,,,2.492e-13
246.08,1.232e-12,,,1.232e-12
246.13,5.611e-12,,,5.611e-12
246.18,2.355e-11,,,2.355e-11
246.23,9.106e-11,,,9.106e-11
246.28,3.245e-10,,,3.245e-10
246.33,1.066e-9,,,1.066e-9
246.38,3.228e-9,,,3.228e-9
246.43,9.011e-9,,,9.011e-9
246.48,2.320e-8,,,2.320e-8
246.53,5.512e-8,,,5.512e-8
246.58,1.209e-7,,,1.209e-7
246.63,2.451e-7,,,2.451e-7
246.68,4.597e-7,,,4.597e-7
246.73,7.989e-7,,,7.989e-7
246.78,1.290e-6,,,1.290e-6
246.83,1.939e-6,,,1.939e-6
246.88,2.724e-6,,,2.724e-6
246.93,3.593e-6,,,3.593e-6
246.98,4.467e-6,,,4.467e-6
247.03,5.257e-6,,,5.257e-6
247.08,5.876e-6,,,5.876e-6
247.13,6.249e-6,,,6.249e-6
247.18,6.321e-6,,,6.321e-6
247.23,6.070e-6,,,6.070e-6
247.28,5.512e-6,,,5.512e-6
247.33,4.714e-6,,,4.714e-6
247.38,3.780e-6,,,3.780e-6
247.43,2.830e-6,,,2.830e-6
247.48,1.972e-6,,,1.972e-6
247.53,1.276e-6,,,1.276e-6
247.58,7.649e-7,,,7.649e-7
247.63,4.241e-7,,,4.241e-7
247.68,2.172e-7,,,2.172e-7
247.73,1.027e-7,,,1.027e-7
247.78,4.484e-8,,,4.484e-8
247.83,1.805e-8,,,1.805e-8
247.88,6.698e-9,,,6.698e-9
247.93,2.292e-9,,,2.292e-9
247.98,7.229e-10,,,7.229e-10
248.03,2.101e-10,,,2.101e-10
248.08,5.629e-11,,,5.629e-11
248.13,1.390e-11,,,1.390e-11
248.18,3.163e-12,,,3.163e-12
248.23,6.706e-13,,,6.706e-13
248.28,1.725e-13,,,1.725e-13
248.33,2.614e-13,,,2.614e-13
248.38,1.186e-12,,,1.186e-12
248.43,5.406e-12,,,5.406e-12
248.48,2.280e-11,,,2.280e-11
248.53,8.876e-11,,,8.876e-11
248.58,3.189e-10,,,3.189e-10
248.63,1.057e-9,,,1.057e-9
248.68,3.236e-9,,,3.236e-9
248.73,9.146e-9,,,9.146e-9
248.78,2.389e-8,,,2.389e-8
248.83,5.776e-8,,,5.776e-8
248.88,1.296e-7,,,1.296e-7
248.93,2.714e-7,,,2.714e-7
248.98,5.352e-7,,,5.352e-7
249.03,1.011e-6,,,1.011e-6
249.08,1.871e-6,,,1.871e-6
249.13,3.493e-6,,,3.493e-6
249.18,6.703e-6,,,6.703e-6
249.23,1.322e-5,,,1.322e-5
249.28,2.627e-5,,,2.627e-5
249.33,5.115e-5,,,5.115e-5
249.38,9.531e-5,,,9.531e-5
249.43,1.673e-4,,,1.673e-4
249.48,2.739e-4,,,2.739e-4
249.53,4.163e-4,,,4.163e-4
249.58,5.858e-4,,,5.858e-4
249.63,7.620e-4,,,7.620e-4
249.68,9.155e-4,,,9.155e-4
249.73,1.016e-3,,,1.016e-3
249.78,1.040e-3,,,1.040e-3
249.83,9.832e-4,,,9.832e-4
249.88,8.580e-4,,,8.580e-4
249.93,6.910e-4,,,6.910e-4
249.98,5.137e-4,,,5.137e-4
250.03,3.524e-4,,,3.524e-4
250.08,2.232e-4,,,2.232e-4
250.13,1.305e-4,,,1.305e-4
250.18,7.038e-5,,,7.038e-5
250.23,3.505e-5,,,3.505e-5
250.28,1.611e-5,,,1.611e-5
250.33,6.833e-6,,,6.833e-6
250.38,2.675e-6,,,2.675e-6
250.43,9.668e-7,,,9.668e-7
250.48,3.225e-7,,,3.225e-7
250.53,9.927e-8,,,9.927e-8
250.58,2.821e-8,,,2.821e-8
250.63,7.397e-9,,,7.397e-9
250.68,1.791e-9,,,1.791e-9
250.73,4.000e-10,,,4.000e-10
250.78,8.249e-11,,,8.249e-11
250.83,1.570e-11,,,1.570e-11
250.88,2.758e-12,,,2.758e-12
250.93,4.472e-13,,,4.472e-13
250.98,6.692e-14,,,6.692e-14
251.03,9.244e-15,,,9.244e-15
251.08,1.179e-15,,,1.179e-15
251.13,1.387e-16,,,1.387e-16
251.18,1.506e-17,,,1.506e-17
251.23,1.510e-18,,,1.510e-18
251.28,1.397e-19,,,1.397e-19
252.63,5.723e-19,,,5.723e-19
252.68,5.792e-18,,,5.792e-18
252.73,5.425e-17,,,5.425e-17
252.78,4.702e-16,,,4.702e-16
252.83,3.773e-15,,,3.773e-15
252.88,2.801e-14,,,2.801e-14
252.93,1.925e-13,,,1.925e-13
252.98,1.224e-12,,,1.224e-12
253.03,7.208e-12,,,7.208e-12
253.08,3.927e-11,,,3.927e-11
253.13,1.980e-10,,,1.980e-10
253.18,9.240e-10,,,9.240e-10
253.23,3.991e-9,,,3.991e-9
253.28,1.595e-8,,,1.595e-8
253.33,5.901e-8,,,5.901e-8
253.38,2.021e-7,,,2.021e-7
253.43,6.403e-7,,,6.403e-7
253.48,1.878e-6,,,1.878e-6
253.53,5.098e-6,,,5.098e-6
253.58,1.281e-5,,,1.281e-5
253.63,2.978e-5,,,2.978e-5
253.68,6.407e-5,,,6.407e-5
253.73,1.276e-4,,,1.276e-4
253.78,2.352e-4,,,2.352e-4
253.83,4.013e-4,,,4.013e-4
253.88,6.335e-4,,,6.335e-4
253.93,9.258e-4,,,9.258e-4
253.98,1.252e-3,,,1.252e-3
254.03,1.567e-3,,,1.567e-3
254.08,1.815e-3,,,1.815e-3
254.13,1.946e-3,,,1.946e-3
254.18,1.931e-3,,,1.931e-3
254.23,1.774e-3,,,1.774e-3
254.28,1.508e-3,,,1.508e-3
254.33,1.186e-3,,,1.186e-3
254.38,8.635e-4,,,8.635e-4
254.43,5.818e-4,,,5.818e-4
254.48,3.628e-4,,,3.628e-4
254.53,2.094e-4,,,2.094e-4
254.58,1.119e-4,,,1.119e-4
254.63,5.531e-5,,,5.531e-5
254.68,2.531e-5,,,2.531e-5
254.73,1.072e-5,,,1.072e-5
254.78,4.201e-6,,,4.201e-6
254.83,1.524e-6,,,1.524e-6
254.88,5.116e-7,,,5.116e-7
254.93,1.590e-7,,,1.590e-7
254.98,4.571e-8,,,4.571e-8
255.03,1.217e-8,,,1.217e-8
255.08,2.997e-9,,,2.997e-9
255.13,6.832e-10,,,6.832e-10
255.18,1.442e-10,,,1.442e-10
255.23,2.815e-11,,,2.815e-11
255.28,5.088e-12,,,5.088e-12
255.33,8.510e-13,,,8.510e-13
255.38,1.317e-13,,,1.317e-13
255.43,1.888e-14,,,1.888e-14
255.48,2.503e-15,,,2.503e-15
255.53,3.072e-16,,,3.072e-16
255.58,3.489e-17,,,3.489e-17
255.63,3.668e-18,,,3.668e-18
255.68,3.569e-19,,,3.569e-19
260.48,9.807e-20,,,9.807e-20
260.53,9.714e-19,,,9.714e-19
260.58,8.946e-18,,,8.946e-18
260.63,7.660e-17,,,7.660e-17
260.68,6.099e-16,,,6.099e-16
260.73,4.515e-15,,,4.515e-15
260.78,3.107e-14,,,3.107e-14
260.83,1.989e-13,,,1.989e-13
260.88,1.183e-12,,,1.183e-12
260.93,6.547e-12,,,6.547e-12
260.98,3.368e-11,,,3.368e-11
261.03,1.611e-10,,,1.611e-10
261.08,7.164e-10,,,7.164e-10
261.13,2.962e-9,,,2.962e-9
261.18,1.139e-8,,,1.139e-8
261.23,4.072e-8,,,4.072e-8
261.28,1.353e-7,,,1.353e-7
261.33,4.182e-7,,,4.182e-7
261.38,1.202e-6,,,1.202e-6
261.43,3.211e-6,,,3.211e-6
261.48,7.976e-6,,,7.976e-6
261.53,1.842e-5,,,1.842e-5
261.58,3.956e-5,,,3.956e-5
261.63,7.900e-5,,,7.900e-5
261.68,1.467e-4,,,1.467e-4
261.73,2.532e-4,,,2.532e-4
261.78,4.064e-4,,,4.064e-4
261.83,6.065e-4,,,6.065e-4
261.88,8.416e-4,,,8.416e-4
261.93,1.086e-3,,,1.086e-3
261.98,1.303e-3,,,1.303e-3
262.03,1.453e-3,,,1.453e-3
262.08,1.507e-3,,,1.507e-3
262.13,1.453e-3,,,1.453e-3
262.18,1.303e-3,,,1.303e-3
262.23,1.086e-3,,,1.086e-3
262.28,8.416e-4,,,8.416e-4
262.33,6.065e-4,,,6.065e-4
262.38,4.064e-4,,,4.064e-4
262.44,2.283e-4,,,2.283e-4
262.49,1.304e-4,,,1.304e-4
262.54,6.923e-5,,,6.923e-5
262.59,3.427e-5,,,3.427e-5
262.64,1.603e-5,,,1.603e-5
262.69,7.726e-6,,,7.726e-6
262.74,5.479e-6,,,5.479e-6
262.79,8.138e-6,,,8.138e-6
262.84,1.721e-5,,,1.721e-5
262.89,3.712e-5,,,3.712e-5
262.94,7.558e-5,,,7.558e-5
262.99,1.435e-4,,,1.435e-4
263.04,2.535e-4,,,2.535e-4
263.09,4.168e-4,,,4.168e-4
263.14,6.376e-4,,,6.376e-4
263.19,9.076e-4,,,9.076e-4
263.24,1.202e-3,,,1.202e-3
263.29,1.481e-3,,,1.481e-3
263.34,1.699e-3,,,1.699e-3
263.39,1.813e-3,,,1.813e-3
263.44,1.800e-3,,,1.800e-3
263.49,1.663e-3,,,1.663e-3
263.54,1.429e-3,,,1.429e-3
263.59,1.143e-3,,,1.143e-3
263.64,8.506e-4,,,8.506e-4
263.69,5.890e-4,,,5.890e-4
263.74,3.795e-4,,,3.795e-4
263.79,2.275e-4,,,2.275e-4
263.84,1.269e-4,,,1.269e-4
263.89,6.588e-5,,,6.588e-5
263.94,3.182e-5,,,3.182e-5
263.99,1.430e-5,,,1.430e-5
264.04,5.979e-6,,,5.979e-6
264.09,2.326e-6,,,2.326e-6
264.14,8.421e-7,,,8.421e-7
264.19,2.837e-7,,,2.837e-7
264.24,8.892e-8,,,8.892e-8
264.29,2.593e-8,,,2.593e-8
264.34,7.037e-9,,,7.037e-9
264.39,1.777e-9,,,1.777e-9
264.44,4.175e-10,,,4.175e-10
264.49,9.158e-11,,,9.158e-11
264.54,1.995e-11,,,1.995e-11
264.59,9.042e-12,,,9.042e-12
264.64,2.115e-11,,,2.115e-11
264.69,7.111e-11,,,7.111e-11
264.74,2.288e-10,,,2.288e-10
264.79,6.867e-10,,,6.867e-10
264.84,1.920e-9,,,1.920e-9
264.89,5.001e-9,,,5.001e-9
264.94,1.214e-8,,,1.214e-8
264.99,2.743e-8,,,2.743e-8
265.04,5.775e-8,,,5.775e-8
265.09,1.133e-7,,,1.133e-7
265.14,2.070e-7,,,2.070e-7
265.19,3.523e-7,,,3.523e-7
265.24,5.585e-7,,,5.585e-7
265.29,8.249e-7,,,8.249e-7
265.34,1.135e-6,,,1.135e-6
265.39,1.455e-6,,,1.455e-6
265.44,1.737e-6,,,1.737e-6
265.49,1.932e-6,,,1.932e-6
265.54,2.002e-6,,,2.002e-6
265.59,1.932e-6,,,1.932e-6
265.64,1.737e-6,,,1.737e-6
265.69,1.455e-6,,,1.455e-6
265.74,1.135e-6,,,1.135e-6
265.79,8.249e-7,,,8.249e-7
265.84,5.585e-7,,,5.585e-7
265.89,3.523e-7,,,3.523e-7
265.94,2.070e-7,,,2.070e-7
265.99,1.133e-7,,,1.133e-7
266.04,5.775e-8,,,5.775e-8
266.09,2.743e-8,,,2.743e-8
266.14,1.214e-8,,,1.214e-8
266.19,5.001e-9,,,5.001e-9
266.24,1.920e-9,,,1.920e-9
266.29,6.867e-10,,,6.867e-10
266.34,2.288e-10,,,2.288e-10
266.39,7.101e-11,,,7.101e-11
266.44,2.053e-11,,,2.053e-11
266.49,5.529e-12,,,5.529e-12
266.54,1.387e-12,,,1.387e-12
266.59,3.242e-13,,,3.242e-13
266.64,7.058e-14,,,7.058e-14
266.69,1.431e-14,,,1.431e-14
266.74,2.704e-15,,,2.704e-15
266.79,4.759e-16,,,4.759e-16
266.84,7.802e-17,,,7.802e-17
266.89,1.192e-17,,,1.192e-17
266.94,1.695e-18,,,1.695e-18
266.99,2.246e-19,,,2.246e-19
267.04,2.773e-20,,,2.773e-20
267.09,3.189e-21,,,3.189e-21
267.14,2.971e-19,,,2.971e-19
267.19,2.775e-18,,,2.775e-18
267.24,2.422e-17,,,2.422e-17
267.29,1.972e-16,,,1.972e-16
267.34,1.498e-15,,,1.498e-15
267.39,1.062e-14,,,1.062e-14
267.44,7.029e-14,,,7.029e-14
267.49,4.340e-13,,,4.340e-13
267.54,2.500e-12,,,2.500e-12
267.59,1.344e-11,,,1.344e-11
267.64,6.741e-11,,,6.741e-11
267.69,3.155e-10,,,3.155e-10
267.74,1.378e-9,,,1.378e-9
267.79,5.617e-9,,,5.617e-9
267.84,2.136e-8,,,2.136e-8
267.89,7.581e-8,,,7.581e-8
267.94,2.510e-7,,,2.510e-7
267.99,7.757e-7,,,7.757e-7
268.04,2.237e-6,,,2.237e-6
268.09,6.018e-6,,,6.018e-6
268.14,1.511e-5,,,1.511e-5
268.19,3.539e-5,,,3.539e-5
268.24,7.738e-5,,,7.738e-5
268.29,1.578e-4,,,1.578e-4
268.34,3.004e-4,,,3.004e-4
268.39,5.336e-4,,,5.336e-4
268.44,8.845e-4,,,8.845e-4
268.49,1.368e-3,,,1.368e-3
268.54,1.974e-3,,,1.974e-3
268.59,2.658e-3,,,2.658e-3
268.64,3.340e-3,,,3.340e-3
268.69,3.917e-3,,,3.917e-3
268.74,4.286e-3,,,4.286e-3
268.79,4.376e-3,,,4.376e-3
268.84,4.169e-3,,,4.169e-3
268.89,3.706e-3,,,3.706e-3
268.94,3.074e-3,,,3.074e-3
268.99,2.380e-3,,,2.380e-3
269.04,1.719e-3,,,1.719e-3
269.09,1.159e-3,,,1.159e-3
269.14,7.286e-4,,,7.286e-4
269.19,4.276e-4,,,4.276e-4
269.24,2.342e-4,,,2.342e-4
269.29,1.197e-4,,,1.197e-4
269.34,5.706e-5,,,5.706e-5
269.39,2.539e-5,,,2.539e-5
269.44,1.054e-5,,,1.054e-5
269.49,4.086e-6,,,4.086e-6
269.54,1.482e-6,,,1.482e-6
269.59,5.191e-7,,,5.191e-7
269.64,2.263e-7,,,2.263e-7
269.69,2.607e-7,,,2.607e-7
269.74,6.318e-7,,,6.318e-7
269.79,1.671e-6,,,1.671e-6
269.84,4.197e-6,,,4.197e-6
269.89,9.860e-6,,,9.860e-6
269.94,2.164e-5,,,2.164e-5
269.99,4.434e-5,,,4.434e-5
270.04,8.487e-5,,,8.487e-5
270.09,1.517e-4,,,1.517e-4
270.14,2.533e-4,,,2.533e-4
270.19,3.950e-4,,,3.950e-4
270.24,5.752e-4,,,5.752e-4
270.29,7.823e-4,,,7.823e-4
270.34,9.937e-4,,,9.937e-4
270.39,1.179e-3,,,1.179e-3
270.44,1.306e-3,,,1.306e-3
270.49,1.352e-3,,,1.352e-3
270.54,1.306e-3,,,1.306e-3
270.59,1.179e-3,,,1.179e-3
270.64,9.937e-4,,,9.937e-4
270.69,7.823e-4,,,7.823e-4
270.74,5.752e-4,,,5.752e-4
270.79,3.950e-4,,,3.950e-4
270.84,2.533e-4,,,2.533e-4
270.89,1.517e-4,,,1.517e-4
270.94,8.487e-5,,,8.487e-5
270.99,4.434e-5,,,4.434e-5
271.04,2.164e-5,,,2.164e-5
271.09,9.859e-6,,,9.859e-6
271.14,4.196e-6,,,4.196e-6
271.19,1.668e-6,,,1.668e-6
271.24,6.192e-7,,,6.192e-7
271.29,2.147e-7,,,2.147e-7
271.34,6.951e-8,,,6.951e-8
271.39,2.102e-8,,,2.102e-8
271.44,5.937e-9,,,5.937e-9
271.49,1.566e-9,,,1.566e-9
271.54,3.858e-10,,,3.858e-10
271.59,8.876e-11,,,8.876e-11
271.64,1.907e-11,,,1.907e-11
271.69,3.828e-12,,,3.828e-12
271.74,7.174e-13,,,7.174e-13
271.79,1.256e-13,,,1.256e-13
271.84,2.053e-14,,,2.053e-14
271.89,3.135e-15,,,3.135e-15
271.94,4.470e-16,,,4.470e-16
271.99,5.954e-17,,,5.954e-17
272.04,7.405e-18,,,7.405e-18
272.09,8.602e-19,,,8.602e-19
273.54,3.111e-24,,,3.111e-24
273.59,2.625e-23,,,2.625e-23
273.64,2.074e-22,,,2.074e-22
273.69,1.533e-21,,,1.533e-21
273.74,1.061e-20,,,1.061e-20
273.79,6.877e-20,,,6.877e-20
273.84,4.171e-19,,,4.171e-19
273.89,2.368e-18,,,2.368e-18
273.94,1.259e-17,,,1.259e-17
273.99,6.263e-17,,,6.263e-17
274.04,2.917e-16,,,2.917e-16
274.09,1.272e-15,,,1.272e-15
274.14,5.190e-15,,,5.190e-15
274.19,1.983e-14,,,1.983e-14
274.24,7.092e-14,,,7.092e-14
274.29,2.374e-13,,,2.374e-13
274.34,7.441e-13,,,7.441e-13
274.39,2.183e-12,,,2.183e-12
274.44,5.995e-12,,,5.995e-12
274.49,1.541e-11,,,1.541e-11
274.54,3.709e-11,,,3.709e-11
274.59,8.356e-11,,,8.356e-11
274.64,1.762e-10,,,1.762e-10
274.69,3.479e-10,,,3.479e-10
274.74,6.428e-10,,,6.428e-10
274.79,1.112e-9,,,1.112e-9
274.84,1.801e-9,,,1.801e-9
274.89,2.730e-9,,,2.730e-9
274.94,3.873e-9,,,3.873e-9
274.99,5.145e-9,,,5.145e-9
275.04,6.398e-9,,,6.398e-9
275.09,7.447e-9,,,7.447e-9
275.14,8.114e-9,,,8.114e-9
275.19,8.277e-9,,,8.277e-9
275.24,7.903e-9,,,7.903e-9
275.29,7.064e-9,,,7.064e-9
275.34,5.910e-9,,,5.910e-9
275.39,4.629e-9,,,4.629e-9
275.44,3.394e-9,,,3.394e-9
275.49,2.330e-9,,,2.330e-9
275.54,1.497e-9,,,1.497e-9
275.59,9.018e-10,,,9.018e-10
275.64,5.114e-10,,,5.114e-10
275.69,2.794e-10,,,2.794e-10
275.74,1.622e-10,,,1.622e-10
275.79,1.316e-10,,,1.316e-10
275.84,1.806e-10,,,1.806e-10
275.89,3.262e-10,,,3.262e-10
275.94,6.107e-10,,,6.107e-10
275.99,1.103e-9,,,1.103e-9
276.04,1.916e-9,,,1.916e-9
276.09,3.278e-9,,,3.278e-9
276.14,5.834e-9,,,5.834e-9
276.19,1.159e-8,,,1.159e-8
276.24,2.667e-8,,,2.667e-8
276.29,6.834e-8,,,6.834e-8
276.34,1.817e-7,,,1.817e-7
276.39,4.753e-7,,,4.753e-7
276.44,1.189e-6,,,1.189e-6
276.49,2.812e-6,,,2.812e-6
276.54,6.249e-6,,,6.249e-6
276.59,1.303e-5,,,1.303e-5
276.64,2.547e-5,,,2.547e-5
276.69,4.666e-5,,,4.666e-5
276.74,8.009e-5,,,8.009e-5
276.79,1.288e-4,,,1.288e-4
276.84,1.941e-4,,,1.941e-4
276.89,2.741e-4,,,2.741e-4
276.94,3.627e-4,,,3.627e-4
276.99,4.496e-4,,,4.496e-4
277.04,5.222e-4,,,5.222e-4
277.09,5.684e-4,,,5.684e-4
277.14,5.796e-4,,,5.796e-4
277.19,5.537e-4,,,5.537e-4
277.24,4.957e-4,,,4.957e-4
277.29,4.158e-4,,,4.158e-4
277.34,3.268e-4,,,3.268e-4
277.39,2.407e-4,,,2.407e-4
277.44,1.660e-4,,,1.660e-4
277.49,1.073e-4,,,1.073e-4
277.54,6.503e-5,,,6.503e-5
277.59,3.691e-5,,,3.691e-5
277.64,1.963e-5,,,1.963e-5
277.69,9.779e-6,,,9.779e-6
277.74,4.565e-6,,,4.565e-6
277.79,1.997e-6,,,1.997e-6
277.84,8.185e-7,,,8.185e-7
277.89,3.143e-7,,,3.143e-7
277.94,1.131e-7,,,1.131e-7
277.99,3.816e-8,,,3.816e-8
278.04,1.215e-8,,,1.215e-8
278.09,3.982e-9,,,3.982e-9
278.14,2.583e-9,,,2.583e-9
278.19,5.971e-9,,,5.971e-9
278.24,1.928e-8,,,1.928e-8
278.29,6.060e-8,,,6.060e-8
278.34,1.792e-7,,,1.792e-7
278.39,4.970e-7,,,4.970e-7
278.44,1.293e-6,,,1.293e-6
278.49,3.154e-6,,,3.154e-6
278.54,7.216e-6,,,7.216e-6
278.59,1.548e-5,,,1.548e-5
278.64,3.116e-5,,,3.116e-5
278.69,5.881e-5,,,5.881e-5
278.74,1.041e-4,,,1.041e-4
278.79,1.728e-4,,,1.728e-4
278.84,2.690e-4,,,2.690e-4
278.89,3.929e-4,,,3.929e-4
278.94,5.380e-4,,,5.380e-4
278.99,6.909e-4,,,6.909e-4
279.04,8.322e-4,,,8.322e-4
279.09,9.401e-4,,,9.401e-4
279.14,9.960e-4,,,9.960e-4
279.19,9.897e-4,,,9.897e-4
279.24,9.222e-4,,,9.222e-4
279.29,8.060e-4,,,8.060e-4
279.34,6.606e-4,,,6.606e-4
279.39,5.078e-4,,,5.078e-4
279.44,3.661e-4,,,3.661e-4
279.49,2.475e-4,,,2.475e-4
279.54,1.570e-4,,,1.570e-4
279.59,9.338e-5,,,9.338e-5
279.64,5.211e-5,,,5.211e-5
279.69,2.728e-5,,,2.728e-5
279.74,1.341e-5,,,1.341e-5
279.79,6.194e-6,,,6.194e-6
279.84,2.697e-6,,,2.697e-6
279.89,1.115e-6,,,1.115e-6
279.94,4.439e-7,,,4.439e-7
279.99,1.762e-7,,,1.762e-7
280.04,7.404e-8,,,7.404e-8
280.09,3.536e-8,,,3.536e-8
280.14,1.967e-8,,,1.967e-8
280.19,1.216e-8,,,1.216e-8
280.24,7.820e-9,,,7.820e-9
280.29,5.173e-9,,,5.173e-9
280.34,4.139e-9,,,4.139e-9
280.39,6.090e-9,,,6.090e-9
280.44,1.604e-8,,,1.604e-8
280.49,4.913e-8,,,4.913e-8
280.54,1.472e-7,,,1.472e-7
280.59,4.167e-7,,,4.167e-7
280.64,1.109e-6,,,1.109e-6
280.69,2.770e-6,,,2.770e-6
280.74,6.497e-6,,,6.497e-6
280.79,1.431e-5,,,1.431e-5
280.84,2.958e-5,,,2.958e-5
280.89,5.740e-5,,,5.740e-5
280.94,1.046e-4,,,1.046e-4
280.99,1.789e-4,,,1.789e-4
281.04,2.872e-4,,,2.872e-4
281.09,4.330e-4,,,4.330e-4
281.14,6.128e-4,,,6.128e-4
281.19,8.142e-4,,,8.142e-4
281.24,1.016e-3,,,1.016e-3
281.29,1.189e-3,,,1.189e-3
281.34,1.307e-3,,,1.307e-3
281.39,1.349e-3,,,1.349e-3
281.44,1.307e-3,,,1.307e-3
281.49,1.189e-3,,,1.189e-3
281.54,1.016e-3,,,1.016e-3
281.59,8.142e-4,,,8.142e-4
281.64,6.128e-4,,,6.128e-4
281.69,4.330e-4,,,4.330e-4
281.74,2.872e-4,,,2.872e-4
281.79,1.789e-4,,,1.789e-4
281.84,1.046e-4,,,1.046e-4
281.89,5.742e-5,,,5.742e-5
281.94,2.960e-5,,,2.960e-5
281.99,1.433e-5,,,1.433e-5
282.04,6.520e-6,,,6.520e-6
282.09,2.792e-6,,,2.792e-6
282.14,1.129e-6,,,1.129e-6
282.19,4.359e-7,,,4.359e-7
282.24,1.648e-7,,,1.648e-7
282.29,6.517e-8,,,6.517e-8
282.34,3.049e-8,,,3.049e-8
282.39,1.879e-8,,,1.879e-8
282.44,1.469e-8,,,1.469e-8
282.49,1.299e-8,,,1.299e-8
282.54,1.205e-8,,,1.205e-8
282.59,1.140e-8,,,1.140e-8
282.64,1.090e-8,,,1.090e-8
282.69,1.049e-8,,,1.049e-8
282.74,1.005e-8,,,1.005e-8
282.79,9.482e-9,,,9.482e-9
282.84,8.698e-9,,,8.698e-9
282.89,7.677e-9,,,7.677e-9
282.94,6.469e-9,,,6.469e-9
282.99,5.173e-9,,,5.173e-9
283.04,3.911e-9,,,3.911e-9
283.09,2.790e-9,,,2.790e-9
283.14,1.874e-9,,,1.874e-9
283.19,1.184e-9,,,1.184e-9
283.24,7.038e-10,,,7.038e-10
283.29,3.931e-10,,,3.931e-10
283.34,2.064e-10,,,2.064e-10
283.39,1.021e-10,,,1.021e-10
283.44,4.816e-11,,,4.816e-11
283.49,2.342e-11,,,2.342e-11
283.54,1.625e-11,,,1.625e-11
283.59,2.333e-11,,,2.333e-11
283.64,4.957e-11,,,4.957e-11
283.69,1.102e-10,,,1.102e-10
283.74,2.346e-10,,,2.346e-10
283.79,4.721e-10,,,4.721e-10
283.84,8.963e-10,,,8.963e-10
283.89,1.606e-9,,,1.606e-9
283.94,2.718e-9,,,2.718e-9
283.99,4.349e-9,,,4.349e-9
284.04,6.587e-9,,,6.587e-9
284.09,9.454e-9,,,9.454e-9
284.14,1.287e-8,,,1.287e-8
284.19,1.665e-8,,,1.665e-8
284.24,2.048e-8,,,2.048e-8
284.29,2.399e-8,,,2.399e-8
284.34,2.676e-8,,,2.676e-8
284.39,2.845e-8,,,2.845e-8
284.44,2.883e-8,,,2.883e-8
284.49,2.783e-8,,,2.783e-8
284.54,2.558e-8,,,2.558e-8
284.59,2.236e-8,,,2.236e-8
284.64,1.857e-8,,,1.857e-8
284.69,1.464e-8,,,1.464e-8
284.74,1.094e-8,,,1.094e-8
284.79,7.735e-9,,,7.735e-9
284.84,5.173e-9,,,5.173e-9
284.89,3.268e-9,,,3.268e-9
284.94,1.949e-9,,,1.949e-9
284.99,1.096e-9,,,1.096e-9
285.04,5.811e-10,,,5.811e-10
285.09,2.903e-10,,,2.903e-10
285.14,1.365e-10,,,1.365e-10
285.19,6.046e-11,,,6.046e-11
285.24,2.523e-11,,,2.523e-11
285.29,1.008e-11,,,1.008e-11
285.34,4.640e-12,,,4.640e-12
285.39,6.017e-12,,,6.017e-12
285.44,2.177e-11,,,2.177e-11
285.49,9.048e-11,,,9.048e-11
285.54,3.596e-10,,,3.596e-10
285.59,1.347e-9,,,1.347e-9
285.64,4.746e-9,,,4.746e-9
285.69,1.574e-8,,,1.574e-8
285.74,4.912e-8,,,4.912e-8
285.79,1.442e-7,,,1.442e-7
285.84,3.986e-7,,,3.986e-7
285.89,1.036e-6,,,1.036e-6
285.94,2.537e-6,,,2.537e-6
285.99,5.845e-6,,,5.845e-6
286.04,1.268e-5,,,1.268e-5
286.09,2.589e-5,,,2.589e-5
286.14,4.981e-5,,,4.981e-5
286.19,9.031e-5,,,9.031e-5
286.24,1.545e-4,,,1.545e-4
286.29,2.495e-4,,,2.495e-4
286.34,3.812e-4,,,3.812e-4
286.39,5.524e-4,,,5.524e-4
286.44,7.618e-4,,,7.618e-4
286.49,1.004e-3,,,1.004e-3
286.54,1.273e-3,,,1.273e-3
286.59,1.561e-3,,,1.561e-3
286.64,1.864e-3,,,1.864e-3
286.69,2.180e-3,,,2.180e-3
286.74,2.503e-3,,,2.503e-3
286.79,2.818e-3,,,2.818e-3
286.84,3.099e-3,,,3.099e-3
286.89,3.310e-3,,,3.310e-3
286.94,3.411e-3,,,3.411e-3
286.99,3.369e-3,,,3.369e-3
287.04,3.174e-3,,,3.174e-3
287.09,2.841e-3,,,2.841e-3
287.14,2.409e-3,,,2.409e-3
287.19,1.930e-3,,,1.930e-3
287.24,1.460e-3,,,1.460e-3
287.29,1.042e-3,,,1.042e-3
287.34,7.008e-4,,,7.008e-4
287.39,4.450e-4,,,4.450e-4
287.44,2.686e-4,,,2.686e-4
287.49,1.584e-4,,,1.584e-4
287.54,1.007e-4,,,1.007e-4
287.59,8.573e-5,,,8.573e-5
287.64,1.105e-4,,,1.105e-4
287.69,1.796e-4,,,1.796e-4
287.74,3.037e-4,,,3.037e-4
287.79,4.963e-4,,,4.963e-4
287.84,7.687e-4,,,7.687e-4
287.89,1.123e-3,,,1.123e-3
287.94,1.545e-3,,,1.545e-3
287.99,2.001e-3,,,2.001e-3
288.04,2.441e-3,,,2.441e-3
288.09,2.803e-3,,,2.803e-3
288.14,3.032e-3,,,3.032e-3
288.19,3.087e-3,,,3.087e-3
288.24,2.959e-3,,,2.959e-3
288.29,2.671e-3,,,2.671e-3
288.34,2.271e-3,,,2.271e-3
288.39,1.817e-3,,,1.817e-3
288.44,1.369e-3,,,1.369e-3
288.49,9.716e-4,,,9.716e-4
288.54,6.491e-4,,,6.491e-4
288.59,4.083e-4,,,4.083e-4
288.64,2.418e-4,,,2.418e-4
288.69,1.348e-4,,,1.348e-4
288.74,7.080e-5,,,7.080e-5
288.79,3.500e-5,,,3.500e-5
288.84,1.630e-5,,,1.630e-5
288.89,7.152e-6,,,7.152e-6
288.94,2.981e-6,,,2.981e-6
288.99,1.258e-6,,,1.258e-6
289.04,7.741e-7,,,7.741e-7
289.09,1.198e-6,,,1.198e-6
289.14,2.995e-6,,,2.995e-6
289.19,7.787e-6,,,7.787e-6
289.24,1.931e-5,,,1.931e-5
289.29,4.518e-5,,,4.518e-5
289.34,9.963e-5,,,9.963e-5
289.39,2.070e-4,,,2.070e-4
289.44,4.054e-4,,,4.054e-4
289.49,7.479e-4,,,7.479e-4
289.54,1.300e-3,,,1.300e-3
289.59,2.130e-3,,,2.130e-3
289.64,3.287e-3,,,3.287e-3
289.69,4.781e-3,,,4.781e-3
289.74,6.552e-3,,,6.552e-3
289.79,8.461e-3,,,8.461e-3
289.84,1.030e-2,,,1.030e-2
289.89,1.180e-2,,,1.180e-2
289.94,1.275e-2,,,1.275e-2
289.99,1.298e-2,,,1.298e-2
290.04,1.245e-2,,,1.245e-2
290.09,1.126e-2,,,1.126e-2
290.14,9.587e-3,,,9.587e-3
290.19,7.694e-3,,,7.694e-3
290.24,5.818e-3,,,5.818e-3
290.29,4.145e-3,,,4.145e-3
290.34,2.783e-3,,,2.783e-3
290.39,1.761e-3,,,1.761e-3
290.44,1.050e-3,,,1.050e-3
290.49,5.896e-4,,,5.896e-4
290.54,3.120e-4,,,3.120e-4
290.59,1.556e-4,,,1.556e-4
290.64,7.313e-5,,,7.313e-5
290.69,3.238e-5,,,3.238e-5
290.74,1.351e-5,,,1.351e-5
290.79,5.312e-6,,,5.312e-6
290.84,1.968e-6,,,1.968e-6
290.89,6.870e-7,,,6.870e-7
290.94,2.260e-7,,,2.260e-7
290.99,7.003e-8,,,7.003e-8
291.04,2.045e-8,,,2.045e-8
291.09,5.630e-9,,,5.630e-9
291.14,1.469e-9,,,1.469e-9
291.19,3.997e-10,,,3.997e-10
291.24,2.608e-10,,,2.608e-10
291.29,7.159e-10,,,7.159e-10
291.34,2.575e-9,,,2.575e-9
291.39,8.934e-9,,,8.934e-9
291.44,2.927e-8,,,2.927e-8
291.49,9.047e-8,,,9.047e-8
291.54,2.638e-7,,,2.638e-7
291.59,7.252e-7,,,7.252e-7
291.64,1.881e-6,,,1.881e-6
291.69,4.601e-6,,,4.601e-6
291.74,1.062e-5,,,1.062e-5
291.79,2.311e-5,,,2.311e-5
291.84,4.743e-5,,,4.743e-5
291.89,9.183e-5,,,9.183e-5
291.94,1.677e-4,,,1.677e-4
291.99,2.888e-4,,,2.888e-4
292.04,4.693e-4,,,4.693e-4
292.09,7.191e-4,,,7.191e-4
292.14,1.039e-3,,,1.039e-3
292.19,1.417e-3,,,1.417e-3
292.24,1.822e-3,,,1.822e-3
292.29,2.210e-3,,,2.210e-3
292.34,2.528e-3,,,2.528e-3
292.39,2.727e-3,,,2.727e-3
292.44,2.775e-3,,,2.775e-3
292.49,2.664e-3,,,2.664e-3
292.54,2.412e-3,,,2.412e-3
292.59,2.060e-3,,,2.060e-3
292.64,1.659e-3,,,1.659e-3
292.69,1.260e-3,,,1.260e-3
292.74,9.032e-4,,,9.032e-4
292.79,6.105e-4,,,6.105e-4
292.84,3.892e-4,,,3.892e-4
292.89,2.340e-4,,,2.340e-4
292.94,1.327e-4,,,1.327e-4
292.99,7.100e-5,,,7.100e-5
293.04,3.582e-5,,,3.582e-5
293.09,1.705e-5,,,1.705e-5
293.14,7.652e-6,,,7.652e-6
293.19,3.240e-6,,,3.240e-6
293.24,1.294e-6,,,1.294e-6
293.3,3.981e-7,,,3.981e-7
293.35,1.398e-7,,,1.398e-7
293.4,4.629e-8,,,4.629e-8
293.45,1.446e-8,,,1.446e-8
293.5,4.261e-9,,,4.261e-9
293.55,1.184e-9,,,1.184e-9
293.6,3.104e-10,,,3.104e-10
293.65,7.675e-11,,,7.675e-11
293.7,1.790e-11,,,1.790e-11
293.75,3.937e-12,,,3.937e-12
293.8,8.168e-13,,,8.168e-13
293.85,1.598e-13,,,1.598e-13
293.9,2.950e-14,,,2.950e-14
293.95,5.136e-15,,,5.136e-15
294,8.433e-16,,,8.433e-16
294.05,1.306e-16,,,1.306e-16
294.1,1.908e-17,,,1.908e-17
294.15,2.629e-18,,,2.629e-18
294.2,3.416e-19,,,3.416e-19
297.05,5.903e-19,,,5.903e-19
297.1,4.355e-18,,,4.355e-18
297.15,3.100e-17,,,3.100e-17
297.2,2.048e-16,,,2.048e-16
297.25,1.280e-15,,,1.280e-15
297.3,7.562e-15,,,7.562e-15
297.35,4.225e-14,,,4.225e-14
297.4,2.233e-13,,,2.233e-13
297.45,1.116e-12,,,1.116e-12
297.5,5.274e-12,,,5.274e-12
297.55,2.358e-11,,,2.358e-11
297.6,9.967e-11,,,9.967e-11
297.65,3.985e-10,,,3.985e-10
297.7,7.110e-9,5.603e-9,,1.507e-9
297.75,4.593e-8,4.054e-8,,5.390e-9
297.8,2.956e-7,2.774e-7,,1.824e-8
297.85,1.853e-6,1.795e-6,,5.835e-8
297.9,1.116e-5,1.099e-5,,1.766e-7
297.95,6.411e-5,6.361e-5,,5.055e-7
298,3.496e-4,3.483e-4,,1.369e-6
298.05,1.807e-3,1.803e-3,,3.507e-6
298.1,8.841e-3,8.833e-3,,8.497e-6
298.15,4.094e-2,4.092e-2,,1.948e-5
298.2,1.793e-1,1.793e-1,,4.224e-5
298.25,7.430e-1,7.429e-1,,8.666e-5
298.3,2.912e+0,2.912e+0,,1.682e-4
298.35,1.080e+1,1.080e+1,,3.089e-4
298.4,3.786e+1,3.786e+1,,5.367e-4
298.45,1.256e+2,1.256e+2,,8.824e-4
298.5,3.941e+2,3.941e+2,,1.373e-3
298.55,1.170e+3,1.170e+3,,2.021e-3
298.6,3.285e+3,3.285e+3,,2.815e-3
298.65,8.729e+3,8.729e+3,,3.711e-3
298.7,2.195e+4,2.195e+4,,4.630e-3
298.75,5.223e+4,5.223e+4,,5.467e-3
298.8,1.176e+5,1.176e+5,,6.110e-3
298.85,2.509e+5,2.509e+5,,6.464e-3
298.9,5.068e+5,5.068e+5,,6.473e-3
298.95,9.699e+5,9.699e+5,,6.135e-3
299,1.760e+6,1.760e+6,,5.506e-3
299.05,3.028e+6,3.028e+6,,4.677e-3
299.1,4.947e+6,4.947e+6,,3.762e-3
299.15,7.679e+6,7.679e+6,,2.865e-3
299.2,1.134e+7,1.134e+7,,2.065e-3
299.25,1.596e+7,1.596e+7,,1.410e-3
299.3,2.146e+7,2.146e+7,,9.115e-4
299.35,2.760e+7,2.760e+7,,5.579e-4
299.4,3.407e+7,3.407e+7,,3.234e-4
299.45,4.050e+7,4.050e+7,,1.775e-4
299.5,4.655e+7,4.655e+7,,9.228e-5
299.55,5.196e+7,5.196e+7,,4.543e-5
299.6,5.662e+7,5.662e+7,,2.118e-5
299.65,6.054e+7,6.054e+7,,9.351e-6
299.7,6.384e+7,6.384e+7,,3.910e-6
299.75,6.665e+7,6.665e+7,,1.548e-6
299.8,6.904e+7,6.904e+7,,5.806e-7
299.85,7.097e+7,7.097e+7,,2.062e-7
299.9,7.222e+7,7.222e+7,,6.935e-8
299.95,7.246e+7,7.246e+7,,2.209e-8
300,7.135e+7,7.135e+7,,6.661e-9
300.05,6.869e+7,6.869e+7,,1.902e-9
300.1,6.457e+7,6.457e+7,,5.145e-10
300.15,5.947e+7,5.947e+7,,1.317e-10
300.2,5.425e+7,5.425e+7,,3.194e-11
300.25,5.004e+7,5.004e+7,,7.331e-12
300.3,4.800e+7,4.800e+7,,1.593e-12
300.35,4.912e+7,4.912e+7,,3.278e-13
300.4,5.388e+7,5.388e+7,,6.384e-14
300.45,6.213e+7,6.213e+7,,1.177e-14
300.5,7.302e+7,7.302e+7,,2.054e-15
300.55,8.511e+7,8.511e+7,,3.394e-16
300.6,9.661e+7,9.661e+7,,5.306e-17
300.65,1.057e+8,1.057e+8,,7.852e-18
300.7,1.110e+8,1.110e+8,,9.265e-19
300.75,1.116e+8,1.116e+8,,1.243e-19
300.8,1.075e+8,1.075e+8,,
300.85,9.926e+7,9.926e+7,,
300.9,8.794e+7,8.794e+7,,
300.95,7.484e+7,7.484e+7,,
301,6.123e+7,6.123e+7,,
301.05,4.817e+7,4.817e+7,,2.681e-19
301.1,3.644e+7,3.644e+7,,1.877e-18
301.15,2.649e+7,2.649e+7,,1.245e-17
301.2,1.849e+7,1.849e+7,,7.813e-17
301.25,1.237e+7,1.237e+7,,4.645e-16
301.3,7.924e+6,7.924e+6,,2.615e-15
301.35,4.851e+6,4.851e+6,,1.394e-14
301.4,2.834e+6,2.834e+6,,7.037e-14
301.45,1.577e+6,1.577e+6,,3.364e-13
301.5,8.358e+5,8.358e+5,,1.523e-12
301.55,4.210e+5,4.210e+5,,6.527e-12
301.6,2.014e+5,2.014e+5,,2.649e-11
301.65,9.146e+4,9.146e+4,,1.018e-10
301.7,3.940e+4,3.940e+4,,3.706e-10
301.75,1.609e+4,1.609e+4,,1.278e-9
301.8,6.226e+3,6.226e+3,,4.170e-9
301.85,2.282e+3,2.282e+3,,1.289e-8
301.9,7.925e+2,7.925e+2,,3.772e-8
301.95,2.606e+2,2.606e+2,,1.045e-7
302,8.113e+1,8.113e+1,,2.743e-7
302.05,2.391e+1,2.391e+1,,6.818e-7
302.1,6.670e+0,6.670e+0,,1.604e-6
302.15,1.761e+0,1.761e+0,,3.575e-6
302.2,4.402e-1,4.402e-1,,7.545e-6
302.25,1.041e-1,1.041e-1,,1.508e-5
302.3,2.334e-2,2.331e-2,,2.853e-5
302.35,4.989e-3,4.938e-3,,5.112e-5
302.4,1.077e-3,9.899e-4,,8.675e-5
302.45,3.272e-4,1.878e-4,,1.394e-4
302.5,2.458e-4,3.372e-5,,2.121e-4
302.55,3.113e-4,5.726e-6,,3.056e-4
302.6,4.179e-4,9.207e-7,,4.169e-4
302.65,5.388e-4,1.401e-7,,5.387e-4
302.7,6.591e-4,2.017e-8,,6.591e-4
302.75,7.636e-4,2.748e-9,,7.636e-4
302.8,8.377e-4,,,8.377e-4
302.85,8.703e-4,,,8.703e-4
302.9,8.562e-4,,,8.562e-4
302.95,7.976e-4,,,7.976e-4
303,7.036e-4,,,7.036e-4
303.05,5.878e-4,,,5.878e-4
303.1,4.650e-4,,,4.650e-4
303.15,3.483e-4,,,3.483e-4
303.2,2.471e-4,,,2.471e-4
303.25,1.660e-4,,,1.660e-4
303.3,1.056e-4,,,1.056e-4
303.35,6.358e-5,,,6.358e-5
303.4,3.626e-5,,,3.626e-5
303.45,1.959e-5,,,1.959e-5
303.5,1.002e-5,,,1.002e-5
303.55,4.852e-6,,,4.852e-6
303.6,2.225e-6,,,2.225e-6
303.65,9.664e-7,,,9.664e-7
303.7,3.974e-7,,,3.974e-7
303.75,1.548e-7,,,1.548e-7
303.8,5.708e-8,,,5.708e-8
303.85,1.993e-8,,,1.993e-8
303.9,6.591e-9,,,6.591e-9
303.95,2.064e-9,,,2.064e-9
304,6.120e-10,,,6.120e-10
304.05,1.719e-10,,,1.719e-10
304.1,4.569e-11,,,4.569e-11
304.15,1.151e-11,,,1.151e-11
304.2,2.743e-12,,,2.743e-12
304.25,6.194e-13,,,6.194e-13
304.3,1.324e-13,,,1.324e-13
304.35,2.681e-14,,,2.681e-14
304.4,5.141e-15,,,5.141e-15
304.45,9.333e-16,,,9.333e-16
304.5,1.604e-16,,,1.604e-16
304.55,2.612e-17,,,2.612e-17
304.6,4.027e-18,,,4.027e-18
304.65,5.878e-19,,,5.878e-19
304.7,8.126e-20,,,8.126e-20
310.1,4.896e-19,,,4.896e-19
310.15,3.260e-18,,,3.260e-18
310.2,2.062e-17,,,2.062e-17
310.25,1.238e-16,,,1.238e-16
310.3,7.067e-16,,,7.067e-16
310.35,3.831e-15,,,3.831e-15
310.4,1.973e-14,,,1.973e-14
310.45,9.649e-14,,,9.649e-14
310.5,4.484e-13,,,4.484e-13
310.55,1.979e-12,,,1.979e-12
310.6,8.298e-12,,,8.298e-12
310.65,3.305e-11,,,3.305e-11
310.7,1.250e-10,,,1.250e-10
310.75,4.494e-10,,,4.494e-10
310.8,1.534e-9,,,1.534e-9
310.85,4.975e-9,,,4.975e-9
310.9,1.533e-8,,,1.533e-8
310.95,4.485e-8,,,4.485e-8
311,1.247e-7,,,1.247e-7
311.05,3.292e-7,,,3.292e-7
311.1,8.257e-7,,,8.257e-7
311.15,1.967e-6,,,1.967e-6
311.2,4.453e-6,,,4.453e-6
311.25,9.574e-6,,,9.574e-6
311.3,1.955e-5,,,1.955e-5
311.35,3.794e-5,,,3.794e-5
311.4,6.992e-5,,,6.992e-5
311.45,1.224e-4,,,1.224e-4
311.5,2.036e-4,,,2.036e-4
311.55,3.216e-4,,,3.216e-4
311.6,4.825e-4,,,4.825e-4
311.65,6.878e-4,,,6.878e-4
311.7,9.313e-4,3.829e-10,,9.313e-4
311.75,1.198e-3,2.577e-9,,1.198e-3
311.8,1.464e-3,1.648e-8,,1.464e-3
311.85,1.699e-3,1.002e-7,,1.699e-3
311.9,1.874e-3,5.788e-7,,1.873e-3
311.95,1.965e-3,3.178e-6,,1.962e-3
312,1.968e-3,1.659e-5,,1.952e-3
312.05,1.927e-3,8.229e-5,,1.844e-3
312.1,2.044e-3,3.879e-4,,1.656e-3
312.15,3.150e-3,1.738e-3,,1.412e-3
312.2,8.547e-3,7.403e-3,,1.144e-3
312.25,3.084e-2,2.996e-2,,8.802e-4
312.3,1.159e-1,1.153e-1,,6.434e-4
312.35,4.219e-1,4.215e-1,,4.467e-4
312.4,1.465e+0,1.465e+0,,2.947e-4
312.45,4.837e+0,4.837e+0,,1.846e-4
312.5,1.518e+1,1.518e+1,,1.099e-4
312.55,4.530e+1,4.530e+1,,6.212e-5
312.6,1.285e+2,1.285e+2,,3.337e-5
312.65,3.462e+2,3.462e+2,,1.702e-5
312.7,8.867e+2,8.867e+2,,8.249e-6
312.75,2.159e+3,2.159e+3,,3.797e-6
312.8,4.995e+3,4.995e+3,,1.661e-6
312.85,1.098e+4,1.098e+4,,6.898e-7
312.9,2.296e+4,2.296e+4,,2.722e-7
312.95,4.562e+4,4.562e+4,,1.020e-7
313,8.615e+4,8.615e+4,,3.633e-8
313.05,1.546e+5,1.546e+5,,1.229e-8
313.1,2.639e+5,2.639e+5,,3.948e-9
313.15,4.283e+5,4.283e+5,,1.205e-9
313.2,6.610e+5,6.610e+5,,3.493e-10
313.25,9.706e+5,9.706e+5,,9.621e-11
313.3,1.357e+6,1.357e+6,,2.517e-11
313.35,1.809e+6,1.809e+6,,6.255e-12
313.4,2.303e+6,2.303e+6,,1.477e-12
313.45,2.808e+6,2.808e+6,,3.311e-13
313.5,3.293e+6,3.293e+6,,7.053e-14
313.55,3.739e+6,3.739e+6,,1.427e-14
313.6,4.148e+6,4.148e+6,,2.743e-15
313.65,4.543e+6,4.543e+6,,5.009e-16
313.7,4.970e+6,4.970e+6,,8.688e-17
313.75,5.476e+6,5.476e+6,,1.431e-17
313.8,6.095e+6,6.095e+6,,2.240e-18
313.85,6.826e+6,6.826e+6,,3.331e-19
313.9,7.620e+6,7.620e+6,,
313.95,8.383e+6,8.383e+6,,
314,8.995e+6,8.995e+6,3.745e-6,
314.05,9.335e+6,9.335e+6,2.428e-5,
314.1,9.314e+6,9.314e+6,1.497e-4,
314.15,8.900e+6,8.900e+6,8.777e-4,
314.2,8.124e+6,8.124e+6,4.895e-3,
314.25,7.079e+6,7.079e+6,2.597e-2,
314.3,5.893e+6,5.893e+6,1.310e-1,
314.35,4.705e+6,4.705e+6,6.287e-1,
314.4,3.649e+6,3.649e+6,2.870e+0,
314.45,2.831e+6,2.831e+6,1.246e+1,
314.5,2.336e+6,2.336e+6,5.144e+1,
314.55,2.229e+6,2.229e+6,2.020e+2,
314.6,2.561e+6,2.560e+6,7.546e+2,
314.65,3.372e+6,3.369e+6,2.681e+3,
314.7,4.684e+6,4.675e+6,9.059e+3,
314.75,6.489e+6,6.460e+6,2.912e+4,
314.8,8.735e+6,8.646e+6,8.901e+4,
314.85,1.134e+7,1.109e+7,2.588e+5,
314.9,1.427e+7,1.355e+7,7.157e+5,
314.95,1.766e+7,1.578e+7,1.882e+6,
315,2.219e+7,1.748e+7,4.709e+6,
315.05,2.963e+7,1.842e+7,1.121e+7,
315.1,4.383e+7,1.847e+7,2.536e+7,
315.15,7.220e+7,1.762e+7,5.459e+7,
315.2,1.277e+8,1.598e+7,1.118e+8,
315.25,2.314e+8,1.380e+7,2.176e+8,
315.3,4.144e+8,1.133e+7,4.031e+8,
315.35,7.189e+8,8.849e+6,7.100e+8,
315.4,1.196e+9,6.577e+6,1.190e+9,
315.45,1.901e+9,4.650e+6,1.896e+9,
315.5,2.877e+9,3.128e+6,2.874e+9,
315.55,4.145e+9,2.002e+6,4.143e+9,
315.6,5.682e+9,1.219e+6,5.681e+9,
315.65,7.409e+9,7.065e+5,7.409e+9,
315.7,9.190e+9,3.895e+5,9.190e+9,
315.75,1.084e+10,2.043e+5,1.084e+10,
315.8,1.217e+10,1.020e+5,1.217e+10,
315.85,1.299e+10,4.844e+4,1.299e+10,
315.9,1.318e+10,2.190e+4,1.318e+10,
315.95,1.273e+10,9.418e+3,1.273e+10,
316,1.169e+10,3.855e+3,1.169e+10,
316.05,1.021e+10,1.501e+3,1.021e+10,
316.1,8.482e+9,5.565e+2,8.482e+9,
316.15,6.702e+9,1.963e+2,6.702e+9,
316.2,5.037e+9,6.590e+1,5.037e+9,
316.25,3.601e+9,2.105e+1,3.601e+9,
316.3,2.448e+9,6.402e+0,2.448e+9,
316.35,1.583e+9,1.853e+0,1.583e+9,
316.4,9.736e+8,5.102e-1,9.736e+8,
316.45,5.696e+8,1.338e-1,5.696e+8,
316.5,3.169e+8,3.348e-2,3.169e+8,
316.55,1.677e+8,8.445e-3,1.677e+8,
316.6,8.442e+7,4.034e-3,8.442e+7,
316.65,4.042e+7,9.564e-3,4.042e+7,
316.7,1.841e+7,3.581e-2,1.841e+7,
316.75,7.993e+6,1.324e-1,7.993e+6,
316.8,3.357e+6,4.670e-1,3.357e+6,
316.85,1.507e+6,1.568e+0,1.507e+6,
316.9,1.106e+6,5.009e+0,1.106e+6,
316.95,1.865e+6,1.523e+1,1.865e+6,
317,4.418e+6,4.408e+1,4.418e+6,
317.05,1.070e+7,1.214e+2,1.070e+7,
317.1,2.490e+7,3.184e+2,2.490e+7,
317.15,5.525e+7,7.944e+2,5.525e+7,
317.2,1.167e+8,1.887e+3,1.167e+8,
317.25,2.346e+8,4.265e+3,2.346e+8,
317.3,4.489e+8,9.176e+3,4.489e+8,
317.35,8.178e+8,1.879e+4,8.178e+8,
317.4,1.418e+9,3.662e+4,1.418e+9,
317.45,2.342e+9,6.792e+4,2.342e+9,
317.5,3.682e+9,1.199e+5,3.682e+9,
317.55,5.513e+9,2.015e+5,5.513e+9,
317.6,7.860e+9,3.223e+5,7.859e+9,
317.65,1.067e+10,4.905e+5,1.067e+10,
317.7,1.381e+10,7.107e+5,1.380e+10,
317.75,1.701e+10,9.800e+5,1.701e+10,
317.8,1.998e+10,1.286e+6,1.998e+10,
317.85,2.237e+10,1.606e+6,2.237e+10,
317.9,2.388e+10,1.910e+6,2.388e+10,
317.95,2.432e+10,2.161e+6,2.431e+10,
318,2.363e+10,2.327e+6,2.363e+10,
318.05,2.192e+10,2.386e+6,2.192e+10,
318.1,1.942e+10,2.327e+6,1.942e+10,
318.15,1.645e+10,2.161e+6,1.645e+10,
318.2,1.333e+10,1.910e+6,1.332e+10,
318.25,1.033e+10,1.606e+6,1.033e+10,
318.3,7.674e+9,1.286e+6,7.672e+9,
318.35,5.463e+9,9.800e+5,5.462e+9,
318.4,3.730e+9,7.107e+5,3.730e+9,
318.45,2.445e+9,4.905e+5,2.445e+9,
318.5,1.539e+9,3.223e+5,1.539e+9,
318.55,9.311e+8,2.015e+5,9.309e+8,
318.6,5.413e+8,1.199e+5,5.412e+8,
318.65,3.025e+8,6.792e+4,3.024e+8,
318.7,1.624e+8,3.662e+4,1.624e+8,
318.75,8.380e+7,1.879e+4,8.378e+7,
318.8,4.152e+7,9.176e+3,4.151e+7,
318.85,1.975e+7,4.265e+3,1.974e+7,
318.9,9.006e+6,1.887e+3,9.004e+6,
318.95,3.937e+6,7.944e+2,3.936e+6,
319,1.648e+6,3.184e+2,1.648e+6,
319.05,6.603e+5,1.214e+2,6.602e+5,
319.1,2.530e+5,4.408e+1,2.530e+5,
319.15,9.265e+4,1.523e+1,9.263e+4,
319.2,3.240e+4,5.009e+0,3.240e+4,
319.25,1.082e+4,1.568e+0,1.082e+4,
319.3,3.447e+3,4.670e-1,3.447e+3,
319.35,1.048e+3,1.324e-1,1.047e+3,
319.4,3.036e+2,3.584e-2,3.035e+2,
319.45,8.384e+1,9.645e-3,8.383e+1,
319.5,2.207e+1,4.291e-3,2.207e+1,
319.55,5.543e+0,9.088e-3,5.534e+0,
319.6,1.356e+0,3.426e-2,1.322e+0,
319.65,4.305e-1,1.297e-1,3.008e-1,
319.7,5.344e-1,4.692e-1,6.519e-2,
319.75,1.631e+0,1.617e+0,1.345e-2,
319.8,5.313e+0,5.310e+0,2.643e-3,
319.85,1.661e+1,1.661e+1,4.944e-4,
319.9,4.949e+1,4.949e+1,8.757e-5,
319.95,1.405e+2,1.405e+2,1.486e-5,
320,3.799e+2,3.799e+2,2.401e-6,
320.05,9.786e+2,9.786e+2,3.691e-7,
320.1,2.402e+3,2.402e+3,,
320.15,5.615e+3,5.615e+3,,
320.2,1.250e+4,1.250e+4,,
320.25,2.653e+4,2.653e+4,,
320.3,5.362e+4,5.362e+4,,
320.35,1.033e+5,1.033e+5,,
320.4,1.894e+5,1.894e+5,,
320.45,3.311e+5,3.311e+5,,
320.5,5.514e+5,5.514e+5,,
320.55,8.752e+5,8.752e+5,,
320.6,1.324e+6,1.324e+6,,
320.65,1.910e+6,1.910e+6,,
320.7,2.630e+6,2.630e+6,,
320.75,3.460e+6,3.460e+6,,
320.8,4.355e+6,4.355e+6,,
320.85,5.261e+6,5.261e+6,,
320.9,6.126e+6,6.126e+6,,
320.95,6.922e+6,6.922e+6,,
321,7.658e+6,7.658e+6,,
321.05,8.389e+6,8.389e+6,,
321.1,9.211e+6,9.211e+6,,
321.15,1.023e+7,1.023e+7,,
321.2,1.153e+7,1.153e+7,,
321.25,1.313e+7,1.313e+7,,
321.3,1.497e+7,1.497e+7,,
321.35,1.686e+7,1.686e+7,,
321.4,1.857e+7,1.857e+7,,
321.45,1.982e+7,1.982e+7,,
321.5,2.039e+7,2.039e+7,,
321.55,2.011e+7,2.011e+7,,
321.6,1.899e+7,1.899e+7,,
321.65,1.713e+7,1.713e+7,,
321.7,1.475e+7,1.475e+7,,
321.75,1.213e+7,1.213e+7,,
321.8,9.548e+6,9.548e+6,,
321.85,7.238e+6,7.238e+6,,
321.9,5.378e+6,5.378e+6,,
321.95,4.087e+6,4.087e+6,,
322,3.443e+6,3.443e+6,,
322.05,3.509e+6,3.509e+6,,
322.1,4.348e+6,4.348e+6,,
322.15,6.023e+6,6.023e+6,,
322.2,8.581e+6,8.581e+6,,
322.25,1.201e+7,1.201e+7,,
322.3,1.622e+7,1.622e+7,,
322.35,2.095e+7,2.095e+7,,
322.4,2.584e+7,2.584e+7,,
322.45,3.039e+7,3.039e+7,,
322.5,3.408e+7,3.408e+7,,
322.55,3.643e+7,3.643e+7,,
322.6,3.712e+7,3.712e+7,,
322.65,3.605e+7,3.605e+7,,
322.7,3.337e+7,3.337e+7,,
322.75,2.945e+7,2.945e+7,,
322.8,2.477e+7,2.477e+7,,
322.85,1.986e+7,1.986e+7,,
322.9,1.518e+7,1.518e+7,,
322.95,1.106e+7,1.106e+7,,
323,7.677e+6,7.677e+6,,
323.05,5.081e+6,5.081e+6,,
323.1,3.206e+6,3.206e+6,,
323.15,1.928e+6,1.928e+6,,
323.2,1.105e+6,1.105e+6,,
323.25,6.040e+5,6.040e+5,,
323.3,3.146e+5,3.146e+5,,
323.35,1.562e+5,1.562e+5,,
323.4,7.393e+4,7.393e+4,,
323.45,3.335e+4,3.335e+4,,
323.5,1.434e+4,1.434e+4,,
323.55,5.880e+3,5.880e+3,,
323.6,2.298e+3,2.298e+3,,
323.65,8.560e+2,8.560e+2,,
323.7,3.039e+2,3.039e+2,,
323.75,1.029e+2,1.029e+2,,
323.8,3.319e+1,3.319e+1,,
323.85,1.021e+1,1.021e+1,,
323.9,2.993e+0,2.993e+0,,
323.95,8.366e-1,8.366e-1,,
324,2.229e-1,2.229e-1,,
324.05,5.660e-2,5.660e-2,,
324.1,1.370e-2,1.370e-2,,
324.15,3.162e-3,3.162e-3,,
324.21,5.110e-4,5.110e-4,,
324.26,1.061e-4,1.061e-4,,
324.31,2.102e-5,2.102e-5,,
324.36,3.967e-6,3.967e-6,,
324.41,7.137e-7,7.137e-7,,
324.46,1.224e-7,1.224e-7,,
324.51,2.002e-8,2.002e-8,,
324.56,1.113e-9,1.113e-9,,
325.51,7.296e-10,7.296e-10,,
325.56,4.434e-9,4.434e-9,,
325.61,2.571e-8,2.571e-8,,
325.66,1.423e-7,1.423e-7,,
325.71,7.520e-7,7.520e-7,,
325.76,3.792e-6,3.792e-6,,
325.81,1.825e-5,1.825e-5,,
325.86,8.385e-5,8.385e-5,,
325.91,3.676e-4,3.676e-4,,
325.96,1.538e-3,1.538e-3,,
326.01,6.145e-3,6.145e-3,,
326.06,2.342e-2,2.342e-2,,
326.11,8.523e-2,8.523e-2,,
326.16,2.960e-1,2.960e-1,,
326.21,9.810e-1,9.810e-1,,
326.26,3.103e+0,3.103e+0,,
326.31,9.370e+0,9.370e+0,,
326.36,2.700e+1,2.700e+1,,
326.41,7.427e+1,7.427e+1,,
326.46,1.950e+2,1.950e+2,,
326.51,4.886e+2,4.886e+2,,
326.56,1.168e+3,1.168e+3,,
326.61,2.667e+3,2.667e+3,,
326.66,5.810e+3,5.810e+3,,
326.71,1.208e+4,1.208e+4,,
326.76,2.398e+4,2.398e+4,,
326.81,4.541e+4,4.541e+4,,
326.86,8.210e+4,8.210e+4,,
326.91,1.417e+5,1.417e+5,,
326.96,2.333e+5,2.333e+5,,
327.01,3.668e+5,3.668e+5,,
327.06,5.502e+5,5.502e+5,,
327.11,7.879e+5,7.879e+5,,
327.16,1.077e+6,1.077e+6,,
327.21,1.405e+6,1.405e+6,,
327.26,1.749e+6,1.749e+6,,
327.31,2.078e+6,2.078e+6,,
327.36,2.357e+6,2.357e+6,,
327.41,2.551e+6,2.551e+6,,
327.46,2.636e+6,2.636e+6,,
327.51,2.599e+6,2.599e+6,,
327.56,2.447e+6,2.447e+6,,
327.61,2.198e+6,2.198e+6,,
327.66,1.885e+6,1.885e+6,,
327.71,1.545e+6,1.545e+6,,
327.76,1.210e+6,1.210e+6,,
327.81,9.101e+5,9.101e+5,,
327.86,6.641e+5,6.641e+5,,
327.91,4.833e+5,4.833e+5,,
327.96,3.737e+5,3.737e+5,,
328.01,3.390e+5,3.390e+5,,
328.06,3.838e+5,3.838e+5,,
328.11,5.150e+5,5.150e+5,,
328.16,7.408e+5,7.408e+5,,
328.21,1.068e+6,1.068e+6,,
328.26,1.497e+6,1.497e+6,,
328.31,2.015e+6,2.015e+6,,
328.36,2.597e+6,2.597e+6,,
328.41,3.197e+6,3.197e+6,,
328.46,3.759e+6,3.759e+6,,
328.51,4.220e+6,4.220e+6,,
328.56,4.523e+6,4.523e+6,,
328.61,4.629e+6,4.629e+6,,
328.66,4.523e+6,4.523e+6,,
328.71,4.220e+6,4.220e+6,,
328.76,3.758e+6,3.758e+6,,
328.81,3.196e+6,3.196e+6,,
328.86,2.595e+6,2.595e+6,,
328.91,2.011e+6,2.011e+6,,
328.96,1.489e+6,1.489e+6,,
329.01,1.052e+6,1.052e+6,,
329.06,7.097e+5,7.097e+5,,
329.11,4.571e+5,4.571e+5,,
329.16,2.811e+5,2.811e+5,,
329.21,1.650e+5,1.650e+5,,
329.26,9.252e+4,9.252e+4,,
329.31,4.952e+4,4.952e+4,,
329.36,2.530e+4,2.530e+4,,
329.41,1.234e+4,1.234e+4,,
329.46,5.750e+3,5.750e+3,,
329.51,2.557e+3,2.557e+3,,
329.56,1.086e+3,1.086e+3,,
329.61,4.401e+2,4.401e+2,,
329.66,1.703e+2,1.703e+2,,
329.71,6.295e+1,6.295e+1,,
329.76,2.221e+1,2.221e+1,,
329.81,7.481e+0,7.481e+0,,
329.86,2.406e+0,2.406e+0,,
329.91,7.387e-1,7.387e-1,,
329.96,2.166e-1,2.166e-1,,
330.01,6.061e-2,6.061e-2,,
330.06,1.620e-2,1.620e-2,,
330.11,4.132e-3,4.132e-3,,
330.16,1.007e-3,1.007e-3,,
330.21,2.341e-4,2.341e-4,,
330.26,5.198e-5,5.198e-5,,
330.31,1.102e-5,1.102e-5,,
330.36,2.231e-6,2.231e-6,,
330.41,4.311e-7,4.311e-7,,
330.46,7.953e-8,7.953e-8,,
330.51,1.401e-8,1.401e-8,,
330.56,2.356e-9,2.356e-9,,
332.46,5.843e-9,5.843e-9,,
332.51,3.385e-8,3.385e-8,,
332.56,1.875e-7,1.875e-7,,
332.61,9.935e-7,9.935e-7,,
332.66,5.033e-6,5.033e-6,,
332.71,2.438e-5,2.438e-5,,
332.76,1.130e-4,1.130e-4,,
332.81,5.005e-4,5.005e-4,,
332.86,2.121e-3,2.121e-3,,
332.91,8.592e-3,8.592e-3,,
332.96,3.329e-2,3.329e-2,,
333.01,1.233e-1,1.233e-1,,
333.06,4.370e-1,4.370e-1,,
333.11,1.481e+0,1.481e+0,,
333.16,4.797e+0,4.797e+0,,
333.21,1.486e+1,1.486e+1,,
333.26,4.404e+1,4.404e+1,,
333.31,1.248e+2,1.248e+2,,
333.36,3.382e+2,3.382e+2,,
333.41,8.762e+2,8.762e+2,,
333.46,2.171e+3,2.171e+3,,
333.51,5.145e+3,5.145e+3,,
333.56,1.166e+4,1.166e+4,,
333.61,2.526e+4,2.526e+4,,
333.66,5.235e+4,5.235e+4,,
333.71,1.037e+5,1.037e+5,,
333.76,1.966e+5,1.966e+5,,
333.81,3.563e+5,3.563e+5,,
333.86,6.175e+5,6.175e+5,,
333.91,1.024e+6,1.024e+6,,
333.96,1.623e+6,1.623e+6,,
334.01,2.461e+6,2.461e+6,,
334.06,3.569e+6,3.569e+6,,
334.11,4.955e+6,4.955e+6,,
334.16,6.586e+6,6.586e+6,,
334.21,8.387e+6,8.387e+6,,
334.26,1.025e+7,1.025e+7,,
334.31,1.203e+7,1.203e+7,,
334.36,1.362e+7,1.362e+7,,
334.41,1.495e+7,1.495e+7,,
334.46,1.602e+7,1.602e+7,,
334.51,1.694e+7,1.694e+7,,
334.56,1.787e+7,1.787e+7,,
334.61,1.906e+7,1.906e+7,,
334.66,2.071e+7,2.071e+7,,
334.71,2.296e+7,2.296e+7,,
334.76,2.579e+7,2.579e+7,,
334.81,2.902e+7,2.902e+7,,
334.86,3.231e+7,3.231e+7,,
334.91,3.520e+7,3.520e+7,,
334.96,3.724e+7,3.724e+7,,
335.01,3.804e+7,3.804e+7,,
335.06,3.739e+7,3.739e+7,,
335.11,3.527e+7,3.527e+7,,
335.16,3.189e+7,3.189e+7,,
335.21,2.762e+7,2.762e+7,,
335.26,2.292e+7,2.292e+7,,1.262e-18
335.31,1.822e+7,1.822e+7,,7.229e-18
335.36,1.390e+7,1.390e+7,,3.962e-17
335.41,1.026e+7,1.026e+7,,2.078e-16
335.46,7.441e+6,7.441e+6,,1.043e-15
335.51,5.536e+6,5.536e+6,,5.008e-15
335.56,4.579e+6,4.579e+6,,2.302e-14
335.61,4.601e+6,4.601e+6,,1.013e-13
335.66,5.652e+6,5.652e+6,,4.262e-13
335.71,7.811e+6,7.811e+6,,1.717e-12
335.76,1.116e+7,1.116e+7,,6.620e-12
335.81,1.572e+7,1.572e+7,,2.443e-11
335.86,2.144e+7,2.144e+7,,8.624e-11
335.91,2.810e+7,2.810e+7,,2.914e-10
335.96,3.528e+7,3.528e+7,,9.423e-10
336.01,4.241e+7,4.241e+7,,2.916e-9
336.06,4.878e+7,4.878e+7,,8.637e-9
336.11,5.368e+7,5.368e+7,,2.448e-8
336.16,5.653e+7,5.653e+7,,6.639e-8
336.21,5.695e+7,5.695e+7,,1.723e-7
336.26,5.490e+7,5.490e+7,,4.281e-7
336.31,5.063e+7,5.063e+7,,1.018e-6
336.36,4.468e+7,4.468e+7,,2.315e-6
336.41,3.772e+7,3.772e+7,,5.040e-6
336.46,3.047e+7,3.047e+7,,1.050e-5
336.51,2.355e+7,2.355e+7,,2.094e-5
336.56,1.741e+7,1.741e+7,,3.996e-5
336.61,1.232e+7,1.232e+7,,7.297e-5
336.66,8.337e+6,8.337e+6,,1.275e-4
336.71,5.399e+6,5.399e+6,,2.133e-4
336.76,3.346e+6,3.346e+6,,3.413e-4
336.81,1.983e+6,1.983e+6,,5.228e-4
336.86,1.125e+6,1.125e+6,,7.664e-4
336.91,6.106e+5,6.106e+5,,1.075e-3
336.96,3.171e+5,3.171e+5,,1.443e-3
337.01,1.575e+5,1.575e+5,,1.854e-3
337.06,7.487e+4,7.487e+4,,2.280e-3
337.11,3.405e+4,3.405e+4,,2.682e-3
337.16,1.482e+4,1.482e+4,,3.020e-3
337.21,6.169e+3,6.169e+3,,3.255e-3
337.26,2.457e+3,2.457e+3,,3.356e-3
337.31,9.365e+2,9.365e+2,,3.312e-3
337.36,3.415e+2,3.415e+2,,3.128e-3
337.41,1.191e+2,1.191e+2,,2.828e-3
337.46,3.977e+1,3.977e+1,,2.446e-3
337.51,1.270e+1,1.270e+1,,2.025e-3
337.56,3.883e+0,3.882e+0,,1.604e-3
337.61,1.136e+0,1.135e+0,,1.216e-3
337.66,3.184e-1,3.175e-1,,8.821e-4
337.71,8.559e-2,8.498e-2,,6.125e-4
337.76,2.217e-2,2.176e-2,,4.070e-4
337.81,5.591e-3,5.332e-3,,2.588e-4
337.86,1.407e-3,1.250e-3,,1.575e-4
337.91,3.721e-4,2.804e-4,,9.171e-5
337.96,1.113e-4,6.017e-5,,5.111e-5
338.01,3.962e-5,1.236e-5,,2.726e-5
338.06,1.634e-5,2.427e-6,,1.391e-5
338.11,7.253e-6,4.563e-7,,6.796e-6
338.16,3.259e-6,8.207e-8,,3.177e-6
338.21,1.435e-6,1.412e-8,,1.421e-6
338.26,6.092e-7,7.035e-10,,6.085e-7
338.31,2.493e-7,,,2.493e-7
338.36,9.775e-8,,,9.775e-8
338.41,3.668e-8,,,3.668e-8
338.46,1.317e-8,,,1.317e-8
338.51,4.526e-9,,,4.526e-9
338.56,1.488e-9,,,1.488e-9
338.61,4.685e-10,,,4.685e-10
338.66,1.411e-10,,,1.411e-10
338.71,4.067e-11,,,4.067e-11
338.76,1.122e-11,,,1.122e-11
338.81,2.962e-12,,,2.962e-12
338.86,7.482e-13,,,7.482e-13
338.91,1.809e-13,,,1.809e-13
338.96,4.185e-14,,,4.185e-14
339.01,9.267e-15,,,9.267e-15
339.06,1.964e-15,,,1.964e-15
339.11,3.982e-16,,,3.982e-16
339.16,7.727e-17,,,7.727e-17
339.21,1.435e-17,,,1.435e-17
339.26,2.551e-18,,,2.551e-18
339.31,4.338e-19,,,4.338e-19
345.41,1.728e-9,1.728e-9,,
345.46,9.400e-9,9.400e-9,,
345.51,4.906e-8,4.906e-8,,
345.56,2.457e-7,2.457e-7,,
345.61,1.180e-6,1.180e-6,,
345.66,5.440e-6,5.440e-6,,
345.71,2.406e-5,2.406e-5,,
345.76,1.021e-4,1.021e-4,,
345.81,4.155e-4,4.155e-4,,
345.86,1.623e-3,1.623e-3,,
345.91,6.082e-3,6.082e-3,,
345.96,2.186e-2,2.186e-2,,
346.01,7.542e-2,7.542e-2,,
346.06,2.496e-1,2.496e-1,,
346.11,7.925e-1,7.925e-1,,
346.16,2.414e+0,2.414e+0,,
346.21,7.057e+0,7.057e+0,,
346.26,1.979e+1,1.979e+1,,
346.31,5.324e+1,5.324e+1,,
346.36,1.374e+2,1.374e+2,,
346.41,3.404e+2,3.404e+2,,
346.46,8.088e+2,8.088e+2,,
346.51,1.844e+3,1.844e+3,,
346.56,4.033e+3,4.033e+3,,
346.61,8.464e+3,8.464e+3,,
346.66,1.704e+4,1.704e+4,,
346.71,3.292e+4,3.292e+4,,
346.76,6.102e+4,6.102e+4,,
346.81,1.085e+5,1.085e+5,,
346.86,1.851e+5,1.851e+5,,
346.91,3.030e+5,3.030e+5,,
346.96,4.759e+5,4.759e+5,,
347.01,7.171e+5,7.171e+5,,
347.06,1.037e+6,1.037e+6,,
347.11,1.438e+6,1.438e+6,,
347.16,1.913e+6,1.913e+6,,
347.21,2.443e+6,2.443e+6,,
347.26,2.993e+6,2.993e+6,,
347.31,3.517e+6,3.517e+6,,
347.36,3.966e+6,3.966e+6,,
347.41,4.290e+6,4.290e+6,,
347.46,4.453e+6,4.453e+6,,
347.51,4.435e+6,4.435e+6,,
347.56,4.238e+6,4.238e+6,,
347.61,3.885e+6,3.885e+6,,
347.66,3.417e+6,3.417e+6,,
347.71,2.884e+6,2.884e+6,,
347.76,2.336e+6,2.336e+6,,
347.81,1.818e+6,1.818e+6,,
347.86,1.361e+6,1.361e+6,,
347.91,9.860e+5,9.860e+5,,
347.96,7.018e+5,7.018e+5,,
348.01,5.100e+5,5.100e+5,,
348.06,4.094e+5,4.094e+5,,
348.11,4.001e+5,4.001e+5,,
348.16,4.869e+5,4.869e+5,,
348.21,6.795e+5,6.795e+5,,
348.26,9.920e+5,9.920e+5,,
348.31,1.438e+6,1.438e+6,,
348.36,2.026e+6,2.026e+6,,
348.41,2.751e+6,2.751e+6,,
348.46,3.590e+6,3.590e+6,,
348.51,4.500e+6,4.500e+6,,
348.56,5.413e+6,5.413e+6,,
348.61,6.251e+6,6.251e+6,,
348.66,6.927e+6,6.927e+6,,
348.71,7.368e+6,7.368e+6,,
348.76,7.521e+6,7.521e+6,,
348.81,7.368e+6,7.368e+6,,
348.86,6.927e+6,6.927e+6,,
348.91,6.251e+6,6.251e+6,,
348.96,5.413e+6,5.413e+6,,
349.01,4.499e+6,4.499e+6,,
349.06,3.589e+6,3.589e+6,,
349.11,2.747e+6,2.747e+6,,
349.16,2.018e+6,2.018e+6,,
349.21,1.423e+6,1.423e+6,,
349.26,9.630e+5,9.630e+5,,
349.31,6.254e+5,6.254e+5,,
349.36,3.898e+5,3.898e+5,,
349.41,2.332e+5,2.332e+5,,
349.46,1.339e+5,1.339e+5,,
349.51,7.376e+4,7.376e+4,,
349.56,3.901e+4,3.901e+4,,
349.61,1.980e+4,1.980e+4,,
349.66,9.641e+3,9.641e+3,,
349.71,4.507e+3,4.507e+3,,
349.76,2.022e+3,2.022e+3,,
349.81,8.705e+2,8.705e+2,,
349.86,3.597e+2,3.597e+2,,
349.91,1.426e+2,1.426e+2,,
349.96,5.429e+1,5.429e+1,,
350.01,1.983e+1,1.983e+1,,
350.06,6.952e+0,6.952e+0,,
350.11,2.339e+0,2.339e+0,,
350.16,7.552e-1,7.552e-1,,
350.21,2.340e-1,2.340e-1,,
350.26,6.960e-2,6.960e-2,,
350.31,1.986e-2,1.986e-2,,
350.36,5.442e-3,5.442e-3,,
350.41,1.431e-3,1.431e-3,,
350.46,3.610e-4,3.610e-4,,
350.51,8.741e-5,8.741e-5,,
350.56,2.031e-5,2.031e-5,,
350.61,4.531e-6,4.531e-6,,
350.66,9.698e-7,9.698e-7,,
350.71,1.992e-7,1.992e-7,,
350.76,3.928e-8,3.928e-8,,
350.81,7.433e-9,7.433e-9,,
350.86,1.350e-9,1.350e-9,,
351.66,2.422e-19,,,2.422e-19
351.71,1.292e-18,,,1.292e-18
351.76,6.619e-18,,,6.619e-18
351.81,3.259e-17,,,3.259e-17
351.86,1.542e-16,,,1.542e-16
351.91,7.007e-16,,,7.007e-16
351.96,3.060e-15,,,3.060e-15
352.01,1.284e-14,,,1.284e-14
352.06,5.177e-14,,,5.177e-14
352.11,2.006e-13,,,2.006e-13
352.16,7.465e-13,,,7.465e-13
352.21,2.670e-12,,,2.670e-12
352.26,9.175e-12,,,9.175e-12
352.31,3.030e-11,,,3.030e-11
352.36,9.611e-11,,,9.611e-11
352.41,2.930e-10,,,2.930e-10
352.46,8.581e-10,,,8.581e-10
352.51,2.415e-9,,,2.415e-9
352.56,6.530e-9,,,6.530e-9
352.61,1.697e-8,,,1.697e-8
352.66,4.235e-8,,,4.235e-8
352.71,1.016e-7,,,1.016e-7
352.76,2.341e-7,,,2.341e-7
352.81,5.185e-7,,,5.185e-7
352.86,1.103e-6,,,1.103e-6
352.91,2.255e-6,,,2.255e-6
352.96,4.430e-6,,,4.430e-6
353.01,8.361e-6,,,8.361e-6
353.06,1.516e-5,,,1.516e-5
353.11,2.642e-5,,,2.642e-5
353.16,4.423e-5,,,4.423e-5
353.21,7.116e-5,,,7.116e-5
353.26,1.100e-4,,,1.100e-4
353.31,1.633e-4,,,1.633e-4
353.36,2.331e-4,,,2.331e-4
353.41,3.196e-4,,,3.196e-4
353.46,4.210e-4,,,4.210e-4
353.51,5.329e-4,,,5.329e-4
353.56,6.481e-4,,,6.481e-4
353.61,7.574e-4,,,7.574e-4
353.66,8.504e-4,,,8.504e-4
353.71,9.175e-4,,,9.175e-4
353.76,9.511e-4,,,9.511e-4
353.81,9.473e-4,,,9.473e-4
353.86,9.065e-4,,,9.065e-4
353.91,8.336e-4,,,8.336e-4
353.96,7.365e-4,,,7.365e-4
354.01,6.252e-4,,,6.252e-4
354.06,5.100e-4,,,5.100e-4
354.11,3.997e-4,,,3.997e-4
354.16,3.010e-4,,,3.010e-4
354.21,2.178e-4,,,2.178e-4
354.26,1.514e-4,,,1.514e-4
354.31,1.011e-4,,,1.011e-4
354.36,6.491e-5,,,6.491e-5
354.41,4.003e-5,,,4.003e-5
354.46,2.372e-5,,,2.372e-5
354.51,1.350e-5,,,1.350e-5
354.56,7.387e-6,,,7.387e-6
354.61,3.883e-6,,,3.883e-6
354.66,1.961e-6,,,1.961e-6
354.71,9.516e-7,,,9.516e-7
354.76,4.437e-7,,,4.437e-7
354.81,1.988e-7,,,1.988e-7
354.86,8.555e-8,,,8.555e-8
354.91,3.538e-8,,,3.538e-8
354.96,1.406e-8,,,1.406e-8
355.01,5.369e-9,,,5.369e-9
355.07,1.604e-9,,,1.604e-9
355.12,5.610e-10,,,5.610e-10
355.17,1.885e-10,,,1.885e-10
355.22,6.086e-11,,,6.086e-11
355.27,1.888e-11,,,1.888e-11
355.32,5.627e-12,,,5.627e-12
355.37,1.611e-12,,,1.611e-12
355.42,4.434e-13,,,4.434e-13
355.47,1.172e-13,,,1.172e-13
355.52,2.978e-14,,,2.978e-14
355.57,7.270e-15,,,7.270e-15
355.62,1.705e-15,,,1.705e-15
355.67,3.842e-16,,,3.842e-16
355.72,8.319e-17,,,8.319e-17
355.77,1.731e-17,,,1.731e-17
355.82,3.460e-18,,,3.460e-18
355.87,6.645e-19,,,6.645e-19
355.92,1.226e-19,,,1.226e-19
360.22,3.055e-9,3.055e-9,,
360.27,1.588e-8,1.588e-8,,
360.32,7.948e-8,7.948e-8,,
360.37,3.829e-7,3.829e-7,,
360.42,1.776e-6,1.776e-6,,
360.47,7.927e-6,7.927e-6,,
360.52,3.407e-5,3.407e-5,,
360.57,1.409e-4,1.409e-4,,
360.62,5.612e-4,5.612e-4,,
360.67,2.152e-3,2.152e-3,,
360.72,7.940e-3,7.940e-3,,
360.77,2.821e-2,2.821e-2,,
360.82,9.647e-2,9.647e-2,,
360.87,3.176e-1,3.176e-1,,
360.92,1.007e+0,1.007e+0,,
360.97,3.071e+0,3.071e+0,,
361.02,9.018e+0,9.018e+0,,
361.07,2.550e+1,2.550e+1,,
361.12,6.939e+1,6.939e+1,,
361.17,1.818e+2,1.818e+2,,
361.22,4.585e+2,4.585e+2,,
361.27,1.113e+3,1.113e+3,,
361.32,2.602e+3,2.602e+3,,
361.37,5.853e+3,5.853e+3,,
361.42,1.268e+4,1.268e+4,,
361.47,2.643e+4,2.643e+4,,
361.52,5.305e+4,5.305e+4,,
361.57,1.025e+5,1.025e+5,,
361.62,1.906e+5,1.906e+5,,
361.67,3.413e+5,3.413e+5,,
361.72,5.883e+5,5.883e+5,,
361.77,9.761e+5,9.761e+5,,
361.82,1.559e+6,1.559e+6,,
361.87,2.398e+6,2.398e+6,,
361.92,3.550e+6,3.550e+6,,
361.97,5.060e+6,5.060e+6,,
362.02,6.945e+6,6.945e+6,,
362.07,9.180e+6,9.180e+6,,
362.12,1.169e+7,1.169e+7,,
362.17,1.435e+7,1.435e+7,,
362.22,1.700e+7,1.700e+7,,
362.27,1.945e+7,1.945e+7,,
362.32,2.155e+7,2.155e+7,,
362.37,2.320e+7,2.320e+7,,
362.42,2.441e+7,2.441e+7,,
362.47,2.531e+7,2.531e+7,,
362.52,2.612e+7,2.612e+7,,
362.57,2.718e+7,2.718e+7,,
362.62,2.885e+7,2.885e+7,,
362.67,3.144e+7,3.144e+7,,
362.72,3.513e+7,3.513e+7,,
362.77,3.994e+7,3.994e+7,,
362.82,4.563e+7,4.563e+7,,
362.87,5.177e+7,5.177e+7,,
362.92,5.773e+7,5.773e+7,,
362.97,6.282e+7,6.282e+7,,
363.02,6.636e+7,6.636e+7,,
363.07,6.785e+7,6.785e+7,,
363.12,6.701e+7,6.701e+7,,
363.17,6.383e+7,6.383e+7,,
363.22,5.862e+7,5.862e+7,,
363.27,5.186e+7,5.186e+7,,
363.32,4.420e+7,4.420e+7,,
363.37,3.629e+7,3.629e+7,,
363.42,2.870e+7,2.870e+7,,
363.47,2.189e+7,2.189e+7,,
363.52,1.615e+7,1.615e+7,,
363.57,1.159e+7,1.159e+7,,
363.62,8.262e+6,8.262e+6,,
363.67,6.108e+6,6.108e+6,,
363.72,5.084e+6,5.084e+6,,
363.77,5.178e+6,5.178e+6,,
363.82,6.441e+6,6.441e+6,,
363.87,8.990e+6,8.990e+6,,
363.92,1.299e+7,1.299e+7,,
363.97,1.861e+7,1.861e+7,,
364.02,2.595e+7,2.595e+7,,
364.07,3.500e+7,3.500e+7,,
364.12,4.552e+7,4.552e+7,,
364.17,5.706e+7,5.706e+7,,
364.22,6.890e+7,6.890e+7,,
364.27,8.013e+7,8.013e+7,,
364.32,8.977e+7,8.977e+7,,
364.37,9.686e+7,9.686e+7,,
364.42,1.007e+8,1.007e+8,,
364.47,1.008e+8,1.008e+8,,
364.52,9.715e+7,9.715e+7,,
364.57,9.021e+7,9.021e+7,,
364.62,8.069e+7,8.069e+7,,
364.67,6.951e+7,6.951e+7,,
364.72,5.768e+7,5.768e+7,,
364.77,4.610e+7,4.610e+7,,
364.82,3.549e+7,3.549e+7,,
364.87,2.631e+7,2.631e+7,,
364.92,1.879e+7,1.879e+7,,
364.97,1.293e+7,1.293e+7,,
365.02,8.565e+6,8.565e+6,,
365.07,5.466e+6,5.466e+6,,
365.12,3.360e+6,3.360e+6,,
365.17,1.990e+6,1.990e+6,,
365.22,1.135e+6,1.135e+6,,
365.27,6.233e+5,6.233e+5,,
365.32,3.298e+5,3.298e+5,,
365.37,1.681e+5,1.681e+5,,
365.42,8.252e+4,8.252e+4,,
365.47,3.902e+4,3.902e+4,,
365.52,1.777e+4,1.777e+4,,
365.57,7.797e+3,7.797e+3,,
365.62,3.295e+3,3.295e+3,,
365.67,1.341e+3,1.341e+3,,
365.72,5.259e+2,5.259e+2,,
365.77,1.986e+2,1.986e+2,,
365.82,7.233e+1,7.233e+1,,
365.87,2.555e+1,2.555e+1,,
365.92,9.223e+0,9.223e+0,,
365.97,4.686e+0,4.686e+0,,
366.02,6.055e+0,6.055e+0,,
366.07,1.385e+1,1.385e+1,,
366.12,3.442e+1,3.442e+1,,
366.17,8.370e+1,8.370e+1,,
366.22,1.966e+2,1.966e+2,,
366.27,4.456e+2,4.456e+2,,
366.32,9.741e+2,9.741e+2,,
366.37,2.054e+3,2.054e+3,,
366.42,4.179e+3,4.179e+3,,
366.47,8.205e+3,8.205e+3,,
366.52,1.555e+4,1.555e+4,,
366.57,2.844e+4,2.844e+4,,
366.62,5.025e+4,5.025e+4,,
366.67,8.573e+4,8.573e+4,,
366.72,1.413e+5,1.413e+5,,
366.77,2.252e+5,2.252e+5,,
366.82,3.469e+5,3.469e+5,,
366.87,5.170e+5,5.170e+5,,
366.92,7.457e+5,7.457e+5,,
366.97,1.042e+6,1.042e+6,,
367.02,1.410e+6,1.410e+6,,
367.07,1.851e+6,1.851e+6,,
367.12,2.358e+6,2.358e+6,,
367.17,2.919e+6,2.919e+6,,
367.22,3.514e+6,3.514e+6,,
367.27,4.121e+6,4.121e+6,,
367.32,4.712e+6,4.712e+6,,
367.37,5.262e+6,5.262e+6,,
367.42,5.748e+6,5.748e+6,,
367.47,6.148e+6,6.148e+6,,
367.52,6.447e+6,6.447e+6,,
367.57,6.633e+6,6.633e+6,,
367.62,6.700e+6,6.700e+6,,
367.67,6.643e+6,6.643e+6,,
367.72,6.462e+6,6.462e+6,,
367.77,6.161e+6,6.161e+6,,
367.82,5.750e+6,5.750e+6,,
367.87,5.244e+6,5.244e+6,,
367.92,4.666e+6,4.666e+6,,
367.97,4.045e+6,4.045e+6,,
368.02,3.409e+6,3.409e+6,,
368.07,2.791e+6,2.791e+6,,
368.12,2.216e+6,2.216e+6,,
368.17,1.704e+6,1.704e+6,,
368.22,1.268e+6,1.268e+6,,
368.27,9.132e+5,9.132e+5,,
368.32,6.353e+5,6.353e+5,,
368.37,4.269e+5,4.269e+5,4.580e-7,
368.42,2.770e+5,2.770e+5,2.281e-6,
368.47,1.735e+5,1.735e+5,1.095e-5,
368.52,1.048e+5,1.048e+5,5.071e-5,
368.57,6.109e+4,6.109e+4,2.264e-4,
368.62,3.434e+4,3.434e+4,9.747e-4,
368.67,1.862e+4,1.862e+4,4.046e-3,
368.72,9.730e+3,9.730e+3,1.620e-2,
368.77,4.903e+3,4.903e+3,6.251e-2,
368.82,2.382e+3,2.382e+3,2.327e-1,
368.87,1.116e+3,1.115e+3,8.350e-1,
368.92,5.064e+2,5.035e+2,2.889e+0,
368.97,2.287e+2,2.191e+2,9.641e+0,
369.02,1.229e+2,9.186e+1,3.102e+1,
369.07,1.334e+2,3.713e+1,9.623e+1,
369.12,3.023e+2,1.446e+1,2.879e+2,
369.17,8.358e+2,5.430e+0,8.304e+2,
369.22,2.312e+3,1.965e+0,2.310e+3,
369.27,6.195e+3,6.852e-1,6.195e+3,
369.32,1.602e+4,2.303e-1,1.602e+4,
369.37,3.995e+4,7.459e-2,3.995e+4,
369.42,9.605e+4,2.328e-2,9.605e+4,
369.47,2.227e+5,7.005e-3,2.227e+5,
369.52,4.979e+5,2.031e-3,4.979e+5,
369.57,1.073e+6,5.675e-4,1.073e+6,
369.62,2.231e+6,1.528e-4,2.231e+6,
369.67,4.472e+6,3.965e-5,4.472e+6,
369.72,8.643e+6,9.917e-6,8.643e+6,
369.77,1.611e+7,2.390e-6,1.611e+7,
369.82,2.894e+7,5.552e-7,2.894e+7,
369.87,5.015e+7,1.243e-7,5.015e+7,
369.92,8.380e+7,2.681e-8,8.380e+7,
369.97,1.350e+8,5.574e-9,1.350e+8,
370.02,2.097e+8,1.117e-9,2.097e+8,
370.07,3.141e+8,,3.141e+8,
370.12,4.537e+8,,4.537e+8,
370.17,6.320e+8,,6.320e+8,
370.22,8.487e+8,,8.487e+8,
370.27,1.099e+9,,1.099e+9,
370.32,1.372e+9,,1.372e+9,
370.37,1.652e+9,,1.652e+9,
370.42,1.918e+9,,1.918e+9,
370.47,2.147e+9,,2.147e+9,
370.52,2.318e+9,,2.318e+9,
370.57,2.413e+9,,2.413e+9,
370.62,2.421e+9,,2.421e+9,
370.67,2.343e+9,,2.343e+9,
370.72,2.187e+9,,2.187e+9,
370.77,1.968e+9,,1.968e+9,
370.82,1.707e+9,,1.707e+9,
370.87,1.428e+9,,1.428e+9,
370.92,1.152e+9,,1.152e+9,
370.97,8.963e+8,,8.963e+8,
371.02,6.723e+8,,6.723e+8,
371.07,4.862e+8,,4.862e+8,
371.12,3.391e+8,,3.391e+8,
371.17,2.280e+8,,2.280e+8,
371.22,1.479e+8,,1.479e+8,
371.27,9.245e+7,,9.245e+7,
371.32,5.574e+7,,5.574e+7,
371.37,3.240e+7,,3.240e+7,
371.42,1.816e+7,,1.816e+7,
371.47,9.817e+6,,9.817e+6,
371.52,5.117e+6,,5.117e+6,
371.57,2.571e+6,,2.571e+6,
371.62,1.246e+6,,1.246e+6,
371.67,5.823e+5,,5.823e+5,
371.72,2.624e+5,,2.624e+5,
371.77,1.140e+5,,1.140e+5,
371.82,4.775e+4,,4.775e+4,
371.87,1.929e+4,,1.929e+4,
371.92,7.514e+3,,7.514e+3,
371.97,2.825e+3,,2.825e+3,
372.02,1.032e+3,,1.032e+3,
372.07,3.886e+2,,3.886e+2,
372.12,2.198e+2,,2.198e+2,
372.17,3.401e+2,,3.401e+2,
372.22,8.906e+2,,8.906e+2,
372.27,2.476e+3,,2.476e+3,
372.32,6.714e+3,,6.714e+3,
372.37,1.759e+4,,1.759e+4,
372.42,4.446e+4,,4.446e+4,
372.47,1.084e+5,,1.084e+5,
372.52,2.552e+5,,2.552e+5,
372.57,5.793e+5,5.299e-10,5.793e+5,
372.62,1.269e+6,2.600e-9,1.269e+6,
372.67,2.682e+6,1.231e-8,2.682e+6,
372.72,5.469e+6,5.628e-8,5.469e+6,
372.77,1.076e+7,2.490e-7,1.076e+7,
372.82,2.042e+7,1.060e-6,2.042e+7,
372.87,3.741e+7,4.357e-6,3.741e+7,
372.92,6.610e+7,1.728e-5,6.610e+7,
372.97,1.127e+8,6.616e-5,1.127e+8,
373.02,1.854e+8,2.444e-4,1.854e+8,
373.07,2.942e+8,8.715e-4,2.942e+8,
373.12,4.505e+8,3.000e-3,4.505e+8,
373.17,6.655e+8,9.964e-3,6.655e+8,
373.22,9.487e+8,3.195e-2,9.487e+8,
373.27,1.305e+9,9.887e-2,1.305e+9,
373.32,1.731e+9,2.954e-1,1.731e+9,
373.37,2.216e+9,8.518e-1,2.216e+9,
373.42,2.738e+9,2.371e+0,2.738e+9,
373.47,3.263e+9,6.373e+0,3.263e+9,
373.52,3.752e+9,1.654e+1,3.752e+9,
373.57,4.162e+9,4.143e+1,4.162e+9,
373.62,4.455e+9,1.002e+2,4.455e+9,
373.67,4.601e+9,2.341e+2,4.601e+9,
373.72,4.585e+9,5.281e+2,4.585e+9,
373.77,4.408e+9,1.151e+3,4.408e+9,
373.82,4.088e+9,2.422e+3,4.088e+9,
373.87,3.659e+9,4.925e+3,3.659e+9,
373.92,3.159e+9,9.678e+3,3.159e+9,
373.97,2.632e+9,1.838e+4,2.632e+9,
374.02,2.116e+9,3.373e+4,2.116e+9,
374.07,1.641e+9,5.986e+4,1.641e+9,
374.12,1.228e+9,1.027e+5,1.228e+9,
374.17,8.864e+8,1.705e+5,8.863e+8,
374.22,6.176e+8,2.740e+5,6.173e+8,
374.27,4.153e+8,4.261e+5,4.149e+8,
374.32,2.696e+8,6.417e+5,2.690e+8,
374.37,1.692e+8,9.365e+5,1.683e+8,
374.42,1.029e+8,1.325e+6,1.016e+8,
374.47,6.097e+7,1.818e+6,5.915e+7,
374.52,3.566e+7,2.422e+6,3.324e+7,
374.57,2.115e+7,3.136e+6,1.802e+7,
374.62,1.337e+7,3.947e+6,9.425e+6,
374.67,9.594e+6,4.838e+6,4.756e+6,
374.72,8.095e+6,5.779e+6,2.316e+6,
374.77,7.827e+6,6.739e+6,1.088e+6,
374.82,8.174e+6,7.681e+6,4.931e+5,
374.87,8.786e+6,8.570e+6,2.156e+5,
374.92,9.465e+6,9.374e+6,9.099e+4,
374.97,1.010e+7,1.006e+7,3.704e+4,
375.02,1.063e+7,1.061e+7,1.455e+4,
375.07,1.101e+7,1.101e+7,5.513e+3,
375.12,1.123e+7,1.122e+7,2.016e+3,
375.17,1.125e+7,1.125e+7,7.111e+2,
375.22,1.108e+7,1.108e+7,2.420e+2,
375.27,1.070e+7,1.070e+7,7.949e+1,
375.32,1.012e+7,1.012e+7,2.518e+1,
375.37,9.364e+6,9.364e+6,7.699e+0,
375.42,8.458e+6,8.458e+6,2.271e+0,
375.47,7.447e+6,7.447e+6,6.462e-1,
375.52,6.380e+6,6.380e+6,1.774e-1,
375.57,5.313e+6,5.313e+6,4.700e-2,
375.62,4.294e+6,4.294e+6,1.201e-2,
375.67,3.366e+6,3.366e+6,2.962e-3,
375.72,2.556e+6,2.556e+6,7.048e-4,
375.77,1.879e+6,1.879e+6,1.618e-4,
375.82,1.337e+6,1.337e+6,3.584e-5,
375.87,9.196e+5,9.196e+5,7.658e-6,
375.92,6.116e+5,6.116e+5,1.579e-6,
375.97,3.931e+5,3.931e+5,,
376.02,2.441e+5,2.441e+5,,
376.07,1.464e+5,1.464e+5,,
376.12,8.482e+4,8.482e+4,,
376.17,4.745e+4,4.745e+4,,
376.22,2.563e+4,2.563e+4,,
376.27,1.337e+4,1.337e+4,,
376.32,6.731e+3,6.731e+3,,
376.37,3.271e+3,3.271e+3,,
376.42,1.535e+3,1.535e+3,,
376.47,6.951e+2,6.951e+2,,
376.52,3.039e+2,3.039e+2,,
376.57,1.282e+2,1.282e+2,,
376.62,5.222e+1,5.222e+1,,
376.67,2.053e+1,2.053e+1,,
376.72,7.788e+0,7.788e+0,,
376.77,2.852e+0,2.852e+0,,
376.82,1.008e+0,1.008e+0,,
376.87,3.438e-1,3.438e-1,,
376.92,1.132e-1,1.132e-1,,
376.97,3.597e-2,3.597e-2,,
377.02,1.103e-2,1.103e-2,,
377.07,3.265e-3,3.265e-3,,
377.12,9.327e-4,9.327e-4,,
377.17,2.572e-4,2.572e-4,,
377.22,6.843e-5,6.843e-5,,
377.27,1.757e-5,1.757e-5,,
377.32,4.356e-6,4.356e-6,,
377.37,1.042e-6,1.042e-6,,
377.42,2.406e-7,2.406e-7,,
377.47,5.361e-8,5.361e-8,,
377.52,1.153e-8,1.153e-8,,
377.57,2.393e-9,2.393e-9,,
384.72,1.308e-9,1.308e-9,,
384.77,6.094e-9,6.094e-9,,
384.82,2.745e-8,2.745e-8,,
384.87,1.196e-7,1.196e-7,,
384.92,5.056e-7,5.056e-7,,
384.97,2.062e-6,2.062e-6,,
385.02,8.132e-6,8.132e-6,,
385.07,3.102e-5,3.102e-5,,
385.12,1.145e-4,1.145e-4,,
385.17,4.086e-4,4.086e-4,,
385.22,1.410e-3,1.410e-3,,
385.27,4.710e-3,4.710e-3,,
385.32,1.521e-2,1.521e-2,,
385.37,4.754e-2,4.754e-2,,
385.42,1.437e-1,1.437e-1,,
385.47,4.201e-1,4.201e-1,,
385.52,1.188e+0,1.188e+0,,
385.57,3.251e+0,3.251e+0,,
385.62,8.605e+0,8.605e+0,,
385.67,2.204e+1,2.204e+1,,
385.72,5.460e+1,5.460e+1,,
385.77,1.309e+2,1.309e+2,,
385.82,3.037e+2,3.037e+2,,
385.87,6.816e+2,6.816e+2,,
385.93,1.722e+3,1.722e+3,,
385.98,3.598e+3,3.598e+3,,
386.03,7.274e+3,7.274e+3,,
386.08,1.423e+4,1.423e+4,,
386.13,2.697e+4,2.697e+4,,
386.18,4.948e+4,4.948e+4,,
386.23,8.790e+4,8.790e+4,,
386.28,1.513e+5,1.513e+5,,
386.33,2.521e+5,2.521e+5,,
386.38,4.073e+5,4.073e+5,,
386.43,6.377e+5,6.377e+5,,
386.48,9.679e+5,9.679e+5,,
386.53,1.425e+6,1.425e+6,,
386.58,2.035e+6,2.035e+6,,
386.63,2.821e+6,2.821e+6,,
386.68,3.799e+6,3.799e+6,,
386.73,4.971e+6,4.971e+6,,
386.78,6.327e+6,6.327e+6,,
386.83,7.840e+6,7.840e+6,,
386.88,9.466e+6,9.466e+6,,
386.93,1.115e+7,1.115e+7,,
386.98,1.284e+7,1.284e+7,,
387.03,1.447e+7,1.447e+7,,
387.08,1.599e+7,1.599e+7,,
387.13,1.736e+7,1.736e+7,,
387.18,1.854e+7,1.854e+7,,
387.23,1.951e+7,1.951e+7,,
387.28,2.026e+7,2.026e+7,,
387.33,2.076e+7,2.076e+7,,
387.38,2.099e+7,2.099e+7,,
387.43,2.094e+7,2.094e+7,,
387.48,2.057e+7,2.057e+7,,
387.53,1.988e+7,1.988e+7,,
387.58,1.885e+7,1.885e+7,,
387.63,1.751e+7,1.751e+7,,
387.68,1.590e+7,1.590e+7,,
387.73,1.409e+7,1.409e+7,,
387.78,1.217e+7,1.217e+7,,
387.83,1.023e+7,1.023e+7,,
387.88,8.357e+6,8.357e+6,,
387.93,6.629e+6,6.629e+6,,
387.98,5.102e+6,5.102e+6,,
388.03,3.808e+6,3.808e+6,,
388.08,2.754e+6,2.754e+6,,
388.13,1.930e+6,1.930e+6,,
388.18,1.310e+6,1.310e+6,,
388.23,8.606e+5,8.606e+5,,
388.28,5.474e+5,5.474e+5,,
388.33,3.370e+5,3.370e+5,,
388.38,2.008e+5,2.008e+5,,
388.43,1.157e+5,1.157e+5,,
388.48,6.456e+4,6.456e+4,,
388.53,3.484e+4,3.484e+4,,
388.58,1.819e+4,1.819e+4,,
388.63,9.189e+3,9.189e+3,,
388.68,4.490e+3,4.490e+3,,
388.73,2.122e+3,2.122e+3,,
388.78,9.705e+2,9.705e+2,,
388.83,4.293e+2,4.293e+2,,
388.88,1.837e+2,1.837e+2,,
388.93,7.601e+1,7.601e+1,,
388.98,3.043e+1,3.043e+1,,
389.03,1.178e+1,1.178e+1,,
389.08,4.413e+0,4.413e+0,,
389.13,1.599e+0,1.599e+0,,
389.18,5.603e-1,5.603e-1,,
389.23,1.899e-1,1.899e-1,,
389.28,6.228e-2,6.228e-2,,
389.33,1.975e-2,1.975e-2,,
389.38,6.059e-3,6.059e-3,,
389.43,1.798e-3,1.798e-3,,
389.48,5.161e-4,5.161e-4,,
389.53,1.433e-4,1.433e-4,,
389.58,3.847e-5,3.847e-5,,
389.63,9.993e-6,9.993e-6,,
389.68,2.511e-6,2.511e-6,,
389.73,6.101e-7,6.101e-7,,
389.78,1.434e-7,1.434e-7,,
389.83,3.261e-8,3.261e-8,,
389.88,7.171e-9,7.171e-9,,
389.93,1.525e-9,1.525e-9,,
390.98,1.845e-5,,1.845e-5,
391.03,8.507e-5,,8.507e-5,
391.08,3.798e-4,,3.798e-4,
391.13,1.641e-3,,1.641e-3,
391.18,6.869e-3,,6.869e-3,
391.23,2.783e-2,,2.783e-2,
391.28,1.092e-1,,1.092e-1,
391.33,4.147e-1,,4.147e-1,
391.38,1.525e+0,,1.525e+0,
391.43,5.430e+0,,5.430e+0,
391.48,1.872e+1,,1.872e+1,
391.53,6.248e+1,,6.248e+1,
391.58,2.019e+2,,2.019e+2,
391.63,6.317e+2,,6.317e+2,
391.68,1.914e+3,,1.914e+3,
391.73,5.612e+3,,5.612e+3,
391.78,1.594e+4,,1.594e+4,
391.83,4.382e+4,,4.382e+4,
391.88,1.166e+5,,1.166e+5,
391.93,3.006e+5,,3.006e+5,
391.98,7.502e+5,,7.502e+5,
392.03,1.813e+6,,1.813e+6,
392.08,4.240e+6,,4.240e+6,
392.13,9.603e+6,,9.603e+6,
392.18,2.106e+7,,2.106e+7,
392.23,4.471e+7,,4.471e+7,
392.28,9.191e+7,,9.191e+7,
392.33,1.829e+8,,1.829e+8,
392.38,3.525e+8,,3.525e+8,
392.43,6.576e+8,,6.576e+8,
392.48,1.188e+9,,1.188e+9,
392.53,2.078e+9,1.195e-9,2.078e+9,
392.58,3.518e+9,5.340e-9,3.518e+9,
392.63,5.768e+9,2.312e-8,5.768e+9,
392.68,9.156e+9,9.692e-8,9.156e+9,
392.73,1.407e+10,3.935e-7,1.407e+10,
392.78,2.094e+10,1.547e-6,2.094e+10,
392.83,3.017e+10,5.891e-6,3.017e+10,
392.88,4.208e+10,2.173e-5,4.208e+10,
392.93,5.683e+10,7.759e-5,5.683e+10,
392.98,7.431e+10,2.684e-4,7.431e+10,
393.03,9.408e+10,8.989e-4,9.408e+10,
393.08,1.153e+11,2.916e-3,1.153e+11,
393.13,1.369e+11,9.160e-3,1.369e+11,
393.18,1.573e+11,2.787e-2,1.573e+11,
393.23,1.750e+11,8.210e-2,1.750e+11,
393.28,1.885e+11,2.343e-1,1.885e+11,
393.33,1.965e+11,6.474e-1,1.965e+11,
393.38,1.985e+11,1.732e+0,1.985e+11,
393.43,1.940e+11,4.490e+0,1.940e+11,
393.48,1.836e+11,1.127e+1,1.836e+11,
393.53,1.683e+11,2.739e+1,1.683e+11,
393.58,1.493e+11,6.448e+1,1.493e+11,
393.63,1.283e+11,1.470e+2,1.283e+11,
393.68,1.067e+11,3.245e+2,1.067e+11,
393.73,8.594e+10,6.939e+2,8.594e+10,
393.78,6.701e+10,1.437e+3,6.701e+10,
393.83,5.059e+10,2.881e+3,5.059e+10,
393.88,3.698e+10,5.595e+3,3.698e+10,
393.93,2.617e+10,1.052e+4,2.617e+10,
393.98,1.793e+10,1.917e+4,1.793e+10,
394.03,1.189e+10,3.381e+4,1.189e+10,
394.08,7.640e+9,5.775e+4,7.640e+9,
394.13,4.751e+9,9.554e+4,4.751e+9,
394.18,2.861e+9,1.531e+5,2.861e+9,
394.23,1.668e+9,2.375e+5,1.668e+9,
394.28,9.417e+8,3.569e+5,9.413e+8,
394.33,5.149e+8,5.194e+5,5.144e+8,
394.38,2.729e+8,7.320e+5,2.722e+8,
394.43,1.404e+8,9.992e+5,1.394e+8,
394.48,7.048e+7,1.321e+6,6.916e+7,
394.53,3.490e+7,1.692e+6,3.321e+7,
394.58,1.754e+7,2.098e+6,1.544e+7,
394.63,9.473e+6,2.522e+6,6.952e+6,
394.68,5.967e+6,2.937e+6,3.030e+6,
394.73,4.596e+6,3.317e+6,1.279e+6,
394.78,4.158e+6,3.636e+6,5.224e+5,
394.83,4.079e+6,3.872e+6,2.067e+5,
394.88,4.096e+6,4.017e+6,7.916e+4,
394.93,4.103e+6,4.073e+6,2.936e+4,
394.98,4.071e+6,4.061e+6,1.056e+4,
395.03,4.017e+6,4.013e+6,3.734e+3,
395.08,3.978e+6,3.977e+6,1.452e+3,
395.13,4.006e+6,4.004e+6,1.065e+3,
395.18,4.150e+6,4.148e+6,2.073e+3,
395.23,4.457e+6,4.452e+6,5.571e+3,
395.28,4.959e+6,4.944e+6,1.524e+4,
395.33,5.670e+6,5.629e+6,4.063e+4,
395.38,6.593e+6,6.488e+6,1.050e+5,
395.43,7.732e+6,7.470e+6,2.628e+5,
395.48,9.140e+6,8.503e+6,6.372e+5,
395.53,1.100e+7,9.499e+6,1.497e+6,
395.58,1.377e+7,1.036e+7,3.406e+6,
395.63,1.851e+7,1.100e+7,7.509e+6,
395.68,2.738e+7,1.134e+7,1.604e+7,
395.73,4.453e+7,1.135e+7,3.318e+7,
395.78,7.752e+7,1.101e+7,6.650e+7,
395.83,1.395e+8,1.035e+7,1.291e+8,
395.88,2.523e+8,9.434e+6,2.429e+8,
395.93,4.509e+8,8.327e+6,4.426e+8,
395.98,7.884e+8,7.119e+6,7.813e+8,
396.03,1.342e+9,5.896e+6,1.336e+9,
396.08,2.218e+9,4.730e+6,2.213e+9,
396.13,3.556e+9,3.676e+6,3.552e+9,
396.18,5.526e+9,2.769e+6,5.523e+9,
396.23,8.320e+9,2.022e+6,8.318e+9,
396.28,1.214e+10,1.434e+6,1.214e+10,
396.33,1.716e+10,9.948e+5,1.716e+10,
396.38,2.349e+10,6.853e+5,2.349e+10,
396.43,3.116e+10,4.883e+5,3.116e+10,
396.48,4.005e+10,3.902e+5,4.005e+10,
396.53,4.985e+10,3.849e+5,4.985e+10,
396.58,6.012e+10,4.758e+5,6.012e+10,
396.63,7.024e+10,6.769e+5,7.024e+10,
396.68,7.950e+10,1.012e+6,7.950e+10,
396.73,8.717e+10,1.515e+6,8.717e+10,
396.78,9.259e+10,2.222e+6,9.259e+10,
396.83,9.528e+10,3.171e+6,9.527e+10,
396.88,9.498e+10,4.390e+6,9.497e+10,
396.93,9.172e+10,5.892e+6,9.171e+10,
396.98,8.580e+10,7.662e+6,8.580e+10,
397.03,7.776e+10,9.655e+6,7.775e+10,
397.08,6.828e+10,1.179e+7,6.826e+10,
397.13,5.807e+10,1.394e+7,5.806e+10,
397.18,4.785e+10,1.597e+7,4.784e+10,
397.23,3.820e+10,1.773e+7,3.818e+10,
397.28,2.954e+10,1.907e+7,2.952e+10,
397.33,2.214e+10,1.987e+7,2.212e+10,
397.38,1.607e+10,2.006e+7,1.605e+10,
397.43,1.130e+10,1.962e+7,1.128e+10,
397.48,7.702e+9,1.860e+7,7.684e+9,
397.53,5.086e+9,1.707e+7,5.069e+9,
397.58,3.255e+9,1.518e+7,3.240e+9,
397.63,2.019e+9,1.308e+7,2.006e+9,
397.68,1.214e+9,1.092e+7,1.203e+9,
397.73,7.080e+8,8.835e+6,6.991e+8,
397.78,4.005e+8,6.924e+6,3.935e+8,
397.83,2.199e+8,5.257e+6,2.146e+8,
397.88,1.172e+8,3.866e+6,1.134e+8,
397.93,6.077e+7,2.755e+6,5.802e+7,
397.98,3.067e+7,1.902e+6,2.876e+7,
398.03,1.509e+7,1.272e+6,1.381e+7,
398.08,7.252e+6,8.245e+5,6.427e+6,
398.13,3.415e+6,5.177e+5,2.897e+6,
398.18,1.580e+6,3.149e+5,1.265e+6,
398.23,7.206e+5,1.856e+5,5.351e+5,
398.28,3.252e+5,1.059e+5,2.193e+5,
398.33,1.456e+5,5.860e+4,8.704e+4,
398.38,6.488e+4,3.141e+4,3.347e+4,
398.43,2.878e+4,1.631e+4,1.247e+4,
398.48,1.270e+4,8.202e+3,4.501e+3,
398.53,5.571e+3,3.997e+3,1.574e+3,
398.58,2.420e+3,1.887e+3,5.330e+2,
398.63,1.038e+3,8.633e+2,1.749e+2,
398.68,4.382e+2,3.826e+2,5.559e+1,
398.73,1.814e+2,1.643e+2,1.712e+1,
398.78,7.344e+1,6.834e+1,5.106e+0,
398.83,2.902e+1,2.754e+1,1.476e+0,
398.88,1.117e+1,1.075e+1,4.131e-1,
398.93,4.180e+0,4.068e+0,1.120e-1,
398.98,1.520e+0,1.491e+0,2.944e-2,
399.03,5.368e-1,5.293e-1,7.493e-3,
399.08,1.839e-1,1.821e-1,1.847e-3,
399.13,6.113e-2,6.069e-2,4.413e-4,
399.18,1.970e-2,1.960e-2,1.021e-4,
399.23,6.153e-3,6.130e-3,2.289e-5,
399.28,1.858e-3,1.858e-3,,
399.33,5.455e-4,5.455e-4,,
399.38,1.552e-4,1.552e-4,,
399.43,4.277e-5,4.277e-5,,
399.48,1.142e-5,1.142e-5,,
399.53,2.955e-6,2.955e-6,,
399.58,7.405e-7,7.405e-7,,
399.63,1.798e-7,1.798e-7,,
399.68,4.230e-8,4.230e-8,,
399.73,9.642e-9,9.642e-9,,
399.78,2.129e-9,2.129e-9,,
401.43,1.331e-23,,,1.331e-23
401.48,5.780e-23,,,5.780e-23
401.53,2.434e-22,,,2.434e-22
401.58,9.943e-22,,,9.943e-22
401.63,3.938e-21,,,3.938e-21
401.68,1.513e-20,,,1.513e-20
401.73,5.636e-20,,,5.636e-20
401.78,2.036e-19,,,2.036e-19
401.83,7.135e-19,,,7.135e-19
401.88,2.425e-18,,,2.425e-18
401.93,7.990e-18,,,7.990e-18
401.98,2.554e-17,,,2.554e-17
402.03,7.915e-17,,,7.915e-17
402.08,2.379e-16,,,2.379e-16
402.13,6.936e-16,,,6.936e-16
402.18,1.961e-15,,,1.961e-15
402.23,5.376e-15,,,5.376e-15
402.28,1.430e-14,,,1.430e-14
402.33,3.686e-14,,,3.686e-14
402.38,9.219e-14,,,9.219e-14
402.43,2.236e-13,,,2.236e-13
402.48,5.260e-13,,,5.260e-13
402.53,1.200e-12,,,1.200e-12
402.58,2.654e-12,,,2.654e-12
402.63,5.695e-12,,,5.695e-12
402.68,1.185e-11,,,1.185e-11
402.73,2.391e-11,,,2.391e-11
402.78,4.679e-11,,,4.679e-11
402.83,8.880e-11,,,8.880e-11
402.88,1.634e-10,,,1.634e-10
402.93,2.917e-10,,,2.917e-10
402.98,5.050e-10,,,5.050e-10
403.03,8.479e-10,,,8.479e-10
403.08,1.380e-9,,,1.380e-9
403.13,2.180e-9,,,2.180e-9
403.18,3.338e-9,,,3.338e-9
403.23,4.957e-9,,,4.957e-9
403.28,7.139e-9,,,7.139e-9
403.33,9.972e-9,,,9.972e-9
403.38,1.351e-8,,,1.351e-8
403.43,1.775e-8,,,1.775e-8
403.48,2.261e-8,,,2.261e-8
403.53,2.793e-8,,,2.793e-8
403.58,3.347e-8,,,3.347e-8
403.63,3.890e-8,,,3.890e-8
403.68,4.384e-8,,,4.384e-8
403.73,4.792e-8,,,4.792e-8
403.78,5.079e-8,,,5.079e-8
403.83,5.221e-8,,,5.221e-8
403.88,5.205e-8,,,5.205e-8
403.93,5.032e-8,,,5.032e-8
403.98,4.719e-8,,,4.719e-8
404.03,4.291e-8,,,4.291e-8
404.08,3.784e-8,,,3.784e-8
404.13,3.236e-8,,,3.236e-8
404.18,2.684e-8,,,2.684e-8
404.23,2.159e-8,,,2.159e-8
404.28,1.684e-8,,,1.684e-8
404.33,1.274e-8,,,1.274e-8
404.38,9.350e-9,,,9.350e-9
404.43,6.653e-9,,,6.653e-9
404.48,4.591e-9,,,4.591e-9
404.53,3.073e-9,,,3.073e-9
404.58,1.994e-9,,,1.994e-9
404.63,1.255e-9,,,1.255e-9
404.68,7.663e-10,,,7.663e-10
404.73,4.537e-10,,,4.537e-10
404.78,2.605e-10,,,2.605e-10
404.83,1.450e-10,,,1.450e-10
404.88,7.831e-11,,,7.831e-11
404.93,4.101e-11,,,4.101e-11
404.98,2.083e-11,,,2.083e-11
405.03,1.026e-11,,,1.026e-11
405.08,4.900e-12,,,4.900e-12
405.13,2.270e-12,,,2.270e-12
405.18,1.020e-12,,,1.020e-12
405.23,4.443e-13,,,4.443e-13
405.28,1.878e-13,,,1.878e-13
405.33,7.694e-14,,,7.694e-14
405.38,3.058e-14,,,3.058e-14
405.43,1.178e-14,,,1.178e-14
405.48,4.405e-15,,,4.405e-15
405.53,1.597e-15,,,1.597e-15
405.58,5.613e-16,,,5.613e-16
405.63,1.914e-16,,,1.914e-16
405.68,6.328e-17,,,6.328e-17
405.73,2.029e-17,,,2.029e-17
405.78,6.310e-18,,,6.310e-18
405.83,1.903e-18,,,1.903e-18
405.88,5.566e-19,,,5.566e-19
405.93,1.579e-19,,,1.579e-19
405.98,4.343e-20,,,4.343e-20
406.03,1.159e-20,,,1.159e-20
406.08,2.998e-21,,,2.998e-21
406.13,7.522e-22,,,7.522e-22
406.18,1.831e-22,,,1.831e-22
406.23,4.320e-23,,,4.320e-23
406.28,9.887e-24,,,9.887e-24
406.78,1.316e-9,1.316e-9,,
406.83,5.699e-9,5.699e-9,,
406.88,2.395e-8,2.395e-8,,
406.93,9.772e-8,9.772e-8,,
406.98,3.869e-7,3.869e-7,,
407.03,1.491e-6,1.491e-6,,
407.08,5.565e-6,5.565e-6,,
407.13,2.016e-5,2.016e-5,,
407.18,7.086e-5,7.086e-5,,
407.23,2.418e-4,2.418e-4,9.412e-10,
407.28,8.011e-4,8.011e-4,4.063e-9,
407.33,2.576e-3,2.576e-3,1.702e-8,
407.38,8.040e-3,8.040e-3,6.924e-8,
407.43,2.436e-2,2.436e-2,2.733e-7,
407.48,7.165e-2,7.165e-2,1.047e-6,
407.53,2.046e-1,2.046e-1,3.896e-6,
407.58,5.671e-1,5.671e-1,1.406e-5,
407.63,1.526e+0,1.526e+0,4.929e-5,
407.68,3.987e+0,3.986e+0,1.677e-4,
407.73,1.011e+1,1.011e+1,5.535e-4,
407.78,2.490e+1,2.490e+1,1.774e-3,
407.83,5.954e+1,5.954e+1,5.518e-3,
407.88,1.382e+2,1.382e+2,1.666e-2,
407.93,3.117e+2,3.117e+2,4.884e-2,
407.98,6.826e+2,6.824e+2,1.389e-1,
408.03,1.452e+3,1.451e+3,3.836e-1,
408.08,2.999e+3,2.998e+3,1.028e+0,
408.13,6.017e+3,6.015e+3,2.675e+0,
408.18,1.173e+4,1.172e+4,6.755e+0,
408.23,2.222e+4,2.221e+4,1.656e+1,
408.28,4.092e+4,4.088e+4,3.940e+1,
408.33,7.322e+4,7.313e+4,9.098e+1,
408.38,1.274e+5,1.272e+5,2.040e+2,
408.43,2.155e+5,2.150e+5,4.438e+2,
408.48,3.545e+5,3.536e+5,9.373e+2,
408.53,5.676e+5,5.656e+5,1.921e+3,
408.58,8.842e+5,8.804e+5,3.823e+3,
408.63,1.341e+6,1.334e+6,7.385e+3,
408.68,1.981e+6,1.967e+6,1.384e+4,
408.73,2.850e+6,2.825e+6,2.519e+4,
408.78,3.998e+6,3.954e+6,4.450e+4,
408.83,5.470e+6,5.393e+6,7.630e+4,
408.88,7.302e+6,7.175e+6,1.270e+5,
408.93,9.518e+6,9.313e+6,2.051e+5,
408.98,1.212e+7,1.180e+7,3.216e+5,
409.03,1.510e+7,1.461e+7,4.895e+5,
409.08,1.841e+7,1.768e+7,7.231e+5,
409.13,2.198e+7,2.094e+7,1.037e+6,
409.18,2.573e+7,2.429e+7,1.443e+6,
409.23,2.957e+7,2.762e+7,1.950e+6,
409.28,3.338e+7,3.082e+7,2.557e+6,
409.33,3.705e+7,3.380e+7,3.254e+6,
409.38,4.048e+7,3.646e+7,4.021e+6,
409.43,4.357e+7,3.874e+7,4.822e+6,
409.48,4.620e+7,4.059e+7,5.613e+6,
409.53,4.829e+7,4.195e+7,6.342e+6,
409.58,4.976e+7,4.281e+7,6.956e+6,
409.63,5.053e+7,4.313e+7,7.405e+6,
409.68,5.055e+7,4.289e+7,7.652e+6,
409.73,4.977e+7,4.210e+7,7.675e+6,
409.78,4.821e+7,4.074e+7,7.474e+6,
409.83,4.591e+7,3.885e+7,7.065e+6,
409.88,4.299e+7,3.650e+7,6.486e+6,
409.93,3.960e+7,3.382e+7,5.786e+6,
409.98,3.599e+7,3.097e+7,5.020e+6,
410.03,3.243e+7,2.819e+7,4.246e+6,
410.08,2.927e+7,2.575e+7,3.518e+6,
410.13,2.684e+7,2.396e+7,2.882e+6,
410.18,2.553e+7,2.316e+7,2.377e+6,
410.23,2.568e+7,2.365e+7,2.033e+6,
410.28,2.759e+7,2.571e+7,1.874e+6,
410.33,3.147e+7,2.956e+7,1.918e+6,
410.38,3.745e+7,3.528e+7,2.179e+6,
410.43,4.549e+7,4.282e+7,2.668e+6,
410.48,5.535e+7,5.196e+7,3.388e+6,
410.53,6.663e+7,6.230e+7,4.330e+6,
410.58,7.873e+7,7.326e+7,5.473e+6,
410.63,9.088e+7,8.410e+7,6.777e+6,
410.68,1.022e+8,9.403e+7,8.184e+6,
410.73,1.119e+8,1.022e+8,9.613e+6,
410.78,1.190e+8,1.080e+8,1.097e+7,
410.83,1.230e+8,1.109e+8,1.217e+7,
410.88,1.236e+8,1.105e+8,1.310e+7,
410.93,1.206e+8,1.069e+8,1.369e+7,
410.98,1.144e+8,1.005e+8,1.390e+7,
411.03,1.054e+8,9.166e+7,1.369e+7,
411.08,9.427e+7,8.118e+7,1.310e+7,
411.13,8.196e+7,6.979e+7,1.216e+7,8.218e-24
411.18,6.922e+7,5.826e+7,1.096e+7,3.471e-23
411.23,5.680e+7,4.721e+7,9.597e+6,1.443e-22
411.28,4.529e+7,3.714e+7,8.155e+6,5.753e-22
411.33,3.509e+7,2.836e+7,6.728e+6,2.228e-21
411.38,2.642e+7,2.103e+7,5.388e+6,8.377e-21
411.43,1.933e+7,1.514e+7,4.190e+6,3.060e-20
411.48,1.374e+7,1.058e+7,3.163e+6,1.085e-19
411.53,9.493e+6,7.175e+6,2.318e+6,3.739e-19
411.58,6.375e+6,4.726e+6,1.649e+6,1.251e-18
411.63,4.160e+6,3.021e+6,1.139e+6,4.066e-18
411.68,2.639e+6,1.875e+6,7.637e+5,1.284e-17
411.73,1.627e+6,1.130e+6,4.972e+5,3.935e-17
411.78,9.754e+5,6.611e+5,3.142e+5,1.172e-16
411.83,5.683e+5,3.755e+5,1.928e+5,3.388e-16
411.88,3.219e+5,2.070e+5,1.149e+5,9.516e-16
411.93,1.772e+5,1.108e+5,6.642e+4,2.596e-15
411.98,9.487e+4,5.758e+4,3.729e+4,6.878e-15
412.03,4.937e+4,2.905e+4,2.033e+4,1.770e-14
412.08,2.498e+4,1.423e+4,1.076e+4,4.424e-14
412.13,1.229e+4,6.764e+3,5.526e+3,1.074e-13
412.18,5.878e+3,3.122e+3,2.756e+3,2.532e-13
412.23,2.733e+3,1.399e+3,1.334e+3,5.798e-13
412.28,1.236e+3,6.086e+2,6.273e+2,1.290e-12
412.33,5.433e+2,2.570e+2,2.863e+2,2.786e-12
412.38,2.322e+2,1.054e+2,1.268e+2,5.846e-12
412.43,9.650e+1,4.195e+1,5.456e+1,1.191e-11
412.48,3.899e+1,1.621e+1,2.278e+1,2.358e-11
412.53,1.532e+1,6.081e+0,9.236e+0,4.533e-11
412.58,5.850e+0,2.214e+0,3.635e+0,8.466e-11
412.63,2.172e+0,7.830e-1,1.389e+0,1.535e-10
412.68,7.840e-1,2.687e-1,5.152e-1,2.705e-10
412.73,2.751e-1,8.955e-2,1.856e-1,4.628e-10
412.78,9.385e-2,2.897e-2,6.488e-2,7.692e-10
412.83,3.112e-2,9.098e-3,2.202e-2,1.242e-9
412.88,1.003e-2,2.774e-3,7.257e-3,1.947e-9
412.93,3.143e-3,8.211e-4,2.322e-3,2.965e-9
412.98,9.570e-4,2.359e-4,7.210e-4,4.387e-9
413.03,2.832e-4,6.582e-5,2.174e-4,6.303e-9
413.08,8.148e-5,1.783e-5,6.364e-5,8.797e-9
413.13,2.279e-5,4.687e-6,1.809e-5,1.193e-8
413.18,6.202e-6,1.196e-6,4.990e-6,1.570e-8
413.23,1.653e-6,2.964e-7,1.337e-6,2.009e-8
413.28,4.439e-7,7.131e-8,3.476e-7,2.496e-8
413.33,1.345e-7,1.665e-8,8.775e-8,3.012e-8
413.38,5.682e-8,,2.151e-8,3.531e-8
413.43,4.533e-8,,5.118e-9,4.021e-8
413.48,4.448e-8,,,4.448e-8
413.53,4.779e-8,,,4.779e-8
413.58,4.989e-8,,,4.989e-8
413.63,5.058e-8,,,5.058e-8
413.68,4.982e-8,,,4.982e-8
413.73,4.766e-8,,,4.766e-8
413.78,4.430e-8,,,4.430e-8
413.83,4.000e-8,,,4.000e-8
413.88,3.508e-8,,,3.508e-8
413.93,2.989e-8,,,2.989e-8
413.98,2.474e-8,,,2.474e-8
414.03,1.990e-8,,,1.990e-8
414.08,1.556e-8,,,1.556e-8
414.13,1.183e-8,,,1.183e-8
414.18,8.773e-9,,,8.773e-9
414.23,6.381e-9,,,6.381e-9
414.28,4.624e-9,,,4.624e-9
414.33,3.465e-9,,,3.465e-9
414.38,2.883e-9,,,2.883e-9
414.43,2.896e-9,,,2.896e-9
414.48,3.580e-9,,,3.580e-9
414.53,5.086e-9,,,5.086e-9
414.58,7.648e-9,,,7.648e-9
414.63,1.158e-8,,,1.158e-8
414.68,1.729e-8,,,1.729e-8
414.73,2.519e-8,,,2.519e-8
414.78,3.573e-8,,,3.573e-8
414.83,4.927e-8,,,4.927e-8
414.88,6.601e-8,,,6.601e-8
414.93,8.593e-8,,,8.593e-8
414.98,1.087e-7,,,1.087e-7
415.03,1.335e-7,,,1.335e-7
415.08,1.593e-7,,,1.593e-7
415.13,1.847e-7,,,1.847e-7
415.18,2.080e-7,,,2.080e-7
415.23,2.275e-7,,,2.275e-7
415.28,2.418e-7,,,2.418e-7
415.33,2.497e-7,,,2.497e-7
415.38,2.505e-7,,,2.505e-7
415.43,2.441e-7,,,2.441e-7
415.48,2.312e-7,,,2.312e-7
415.53,2.128e-7,,,2.128e-7
415.58,1.905e-7,,,1.905e-7
415.63,1.659e-7,,,1.659e-7
415.68,1.409e-7,,,1.409e-7
415.73,1.169e-7,,,1.169e-7
415.78,9.532e-8,,,9.532e-8
415.83,7.699e-8,,,7.699e-8
415.88,6.244e-8,,,6.244e-8
415.93,5.183e-8,,,5.183e-8
415.98,4.500e-8,,,4.500e-8
416.03,4.155e-8,,,4.155e-8
416.08,4.093e-8,,,4.093e-8
416.13,4.244e-8,,,4.244e-8
416.18,4.537e-8,,,4.537e-8
416.23,4.898e-8,,,4.898e-8
416.28,5.259e-8,,,5.259e-8
416.33,5.561e-8,,,5.561e-8
416.38,5.758e-8,,,5.758e-8
416.43,5.819e-8,,,5.819e-8
416.48,5.731e-8,,,5.731e-8
416.53,5.501e-8,,,5.501e-8
416.58,5.149e-8,,,5.149e-8
416.63,4.712e-8,,,4.712e-8
416.68,4.239e-8,,,4.239e-8
416.73,3.781e-8,,,3.781e-8
416.78,3.395e-8,,,3.395e-8
416.84,3.104e-8,,,3.104e-8
416.89,3.066e-8,,,3.066e-8
416.94,3.259e-8,,,3.259e-8
416.99,3.718e-8,,,3.718e-8
417.04,4.465e-8,,,4.465e-8
417.09,5.502e-8,,,5.502e-8
417.14,6.815e-8,,,6.815e-8
417.19,8.361e-8,,,8.361e-8
417.24,1.008e-7,,,1.008e-7
417.29,1.187e-7,,,1.187e-7
417.34,1.364e-7,,,1.364e-7
417.39,1.527e-7,,,1.527e-7
417.44,1.665e-7,,,1.665e-7
417.49,1.769e-7,,,1.769e-7
417.54,1.836e-7,,,1.836e-7
417.59,1.864e-7,,,1.864e-7
417.64,1.860e-7,,,1.860e-7
417.69,1.833e-7,,,1.833e-7
417.74,1.800e-7,,,1.800e-7
417.79,1.779e-7,,,1.779e-7
417.84,1.789e-7,,,1.789e-7
417.89,1.849e-7,,,1.849e-7
417.94,1.971e-7,,,1.971e-7
417.99,2.163e-7,,,2.163e-7
418.04,2.422e-7,,,2.422e-7
418.09,2.740e-7,,,2.740e-7
418.14,3.096e-7,,,3.096e-7
418.19,3.465e-7,,,3.465e-7
418.24,3.815e-7,,,3.815e-7
418.29,4.115e-7,,,4.115e-7
418.34,4.334e-7,,,4.334e-7
418.39,4.451e-7,,,4.451e-7
418.44,4.450e-7,,,4.450e-7
418.49,4.329e-7,,,4.329e-7
418.54,4.096e-7,,,4.096e-7
418.59,3.768e-7,,,3.768e-7
418.64,3.369e-7,,,3.369e-7
418.69,2.928e-7,,,2.928e-7
418.74,2.474e-7,,,2.474e-7
418.79,2.031e-7,,,2.031e-7
418.84,1.621e-7,,,1.621e-7
418.89,1.257e-7,,,1.257e-7
418.94,9.474e-8,,,9.474e-8
418.99,6.940e-8,,,6.940e-8
419.04,4.940e-8,,,4.940e-8
419.09,3.418e-8,,,3.418e-8
419.14,2.298e-8,,,2.298e-8
419.19,1.502e-8,,,1.502e-8
419.24,9.541e-9,,,9.541e-9
419.29,5.897e-9,,,5.897e-9
419.34,3.555e-9,,,3.555e-9
419.39,2.110e-9,,,2.110e-9
419.44,1.271e-9,,,1.271e-9
419.49,8.481e-10,,,8.481e-10
419.54,7.380e-10,,,7.380e-10
419.59,9.148e-10,,,9.148e-10
419.64,1.430e-9,,,1.430e-9
419.69,2.420e-9,,,2.420e-9
419.74,4.130e-9,,,4.130e-9
419.79,6.933e-9,,,6.933e-9
419.84,1.137e-8,,,1.137e-8
419.89,1.817e-8,,,1.817e-8
419.94,2.830e-8,,,2.830e-8
419.99,4.290e-8,,,4.290e-8
420.04,6.331e-8,,,6.331e-8
420.09,9.095e-8,,,9.095e-8
420.14,6.170e-7,4.898e-7,,1.272e-7
420.19,2.164e-6,1.990e-6,,1.730e-7
420.24,8.095e-6,7.866e-6,,2.290e-7
420.29,3.052e-5,3.023e-5,,2.950e-7
420.34,1.133e-4,1.130e-4,,3.697e-7
420.39,4.109e-4,4.104e-4,,4.509e-7
420.44,1.451e-3,1.450e-3,,5.350e-7
420.49,4.983e-3,4.982e-3,,6.178e-7
420.54,1.665e-2,1.665e-2,,6.944e-7
420.59,5.408e-2,5.408e-2,,7.600e-7
420.64,1.708e-1,1.708e-1,,8.102e-7
420.69,5.248e-1,5.248e-1,,8.418e-7
420.74,1.568e+0,1.568e+0,,8.532e-7
420.79,4.553e+0,4.553e+0,,8.445e-7
420.84,1.286e+1,1.286e+1,,8.176e-7
420.89,3.532e+1,3.532e+1,,7.756e-7
420.94,9.434e+1,9.434e+1,,7.227e-7
420.99,2.450e+2,2.450e+2,,6.634e-7
421.04,6.187e+2,6.187e+2,,6.018e-7
421.09,1.519e+3,1.519e+3,,5.414e-7
421.14,3.628e+3,3.628e+3,,4.846e-7
421.19,8.424e+3,8.424e+3,,4.326e-7
421.24,1.902e+4,1.902e+4,,3.858e-7
421.29,4.176e+4,4.176e+4,,3.437e-7
421.34,8.916e+4,8.916e+4,,3.054e-7
421.39,1.851e+5,1.851e+5,,2.700e-7
421.44,3.737e+5,3.737e+5,,2.368e-7
421.49,7.335e+5,7.335e+5,,2.053e-7
421.54,1.400e+6,1.400e+6,,1.754e-7
421.59,2.599e+6,2.599e+6,,1.472e-7
421.64,4.691e+6,4.691e+6,,1.210e-7
421.69,8.234e+6,8.234e+6,,9.740e-8
421.74,1.405e+7,1.405e+7,,7.658e-8
421.79,2.332e+7,2.332e+7,,5.880e-8
421.84,3.763e+7,3.763e+7,,4.413e-8
421.89,5.906e+7,5.906e+7,,3.246e-8
421.94,9.012e+7,9.012e+7,,2.358e-8
421.99,1.337e+8,1.337e+8,,1.721e-8
422.04,1.929e+8,1.929e+8,,1.304e-8
422.09,2.707e+8,2.707e+8,,1.081e-8
422.14,3.693e+8,3.693e+8,,1.027e-8
422.19,4.900e+8,4.900e+8,,1.127e-8
422.24,6.321e+8,6.321e+8,,1.371e-8
422.29,7.929e+8,7.929e+8,,1.751e-8
422.34,9.672e+8,9.672e+8,,2.262e-8
422.39,1.147e+9,1.147e+9,,2.896e-8
422.44,1.323e+9,1.323e+9,,3.642e-8
422.49,1.484e+9,1.484e+9,,4.481e-8
422.54,1.619e+9,1.619e+9,,5.390e-8
422.59,1.717e+9,1.717e+9,,6.340e-8
422.64,1.770e+9,1.770e+9,,7.302e-8
422.69,1.775e+9,1.775e+9,,8.248e-8
422.74,1.731e+9,1.731e+9,,9.159e-8
422.79,1.642e+9,1.642e+9,,1.002e-7
422.84,1.514e+9,1.514e+9,,1.084e-7
422.89,1.357e+9,1.357e+9,,1.161e-7
422.94,1.183e+9,1.183e+9,,1.236e-7
422.99,1.003e+9,1.003e+9,,1.309e-7
423.04,8.269e+8,8.269e+8,,1.381e-7
423.09,6.629e+8,6.629e+8,,1.451e-7
423.14,5.167e+8,5.167e+8,,1.516e-7
423.19,3.917e+8,3.917e+8,,1.573e-7
423.24,2.887e+8,2.887e+8,,1.618e-7
423.29,2.069e+8,2.069e+8,,1.646e-7
423.34,1.442e+8,1.442e+8,,1.654e-7
423.39,9.774e+7,9.774e+7,,1.641e-7
423.44,6.441e+7,6.441e+7,,1.609e-7
423.49,4.128e+7,4.128e+7,,1.561e-7
423.54,2.572e+7,2.572e+7,,1.503e-7
423.59,1.559e+7,1.559e+7,,1.443e-7
423.64,9.183e+6,9.183e+6,,1.387e-7
423.69,5.261e+6,5.261e+6,,1.341e-7
423.74,2.931e+6,2.931e+6,,1.310e-7
423.79,1.588e+6,1.588e+6,,1.294e-7
423.84,8.366e+5,8.366e+5,,1.290e-7
423.89,4.286e+5,4.286e+5,,1.294e-7
423.94,2.135e+5,2.135e+5,,1.299e-7
423.99,1.034e+5,1.034e+5,,1.297e-7
424.04,4.871e+4,4.871e+4,,1.281e-7
424.09,2.231e+4,2.231e+4,,1.247e-7
424.14,9.936e+3,9.936e+3,,1.191e-7
424.19,4.303e+3,4.303e+3,,1.113e-7
424.24,1.812e+3,1.812e+3,,1.017e-7
424.29,7.421e+2,7.421e+2,,9.066e-8
424.34,2.955e+2,2.955e+2,,7.875e-8
424.39,1.144e+2,1.144e+2,,6.663e-8
424.44,4.309e+1,4.309e+1,,5.489e-8
424.49,1.578e+1,1.578e+1,,4.401e-8
424.54,5.617e+0,5.617e+0,,3.433e-8
424.59,1.945e+0,1.945e+0,,2.606e-8
424.64,6.546e-1,6.546e-1,,1.926e-8
424.69,2.143e-1,2.143e-1,,1.386e-8
424.74,6.822e-2,6.822e-2,,9.730e-9
424.79,2.112e-2,2.112e-2,,6.693e-9
424.84,6.356e-3,6.356e-3,,4.553e-9
424.89,1.860e-3,1.860e-3,,3.129e-9
424.94,5.295e-4,5.295e-4,,2.262e-9
424.99,1.465e-4,1.465e-4,,1.825e-9
425.04,3.944e-5,3.943e-5,,1.721e-9
425.09,1.032e-5,1.032e-5,,1.881e-9
425.14,2.628e-6,2.626e-6,,2.256e-9
425.19,6.526e-7,6.498e-7,,2.810e-9
425.24,3.510e-9,,,3.510e-9
425.29,4.323e-9,,,4.323e-9
425.34,5.209e-9,,,5.209e-9
425.39,6.120e-9,,,6.120e-9
425.44,7.001e-9,,,7.001e-9
425.49,7.794e-9,,,7.794e-9
425.54,8.443e-9,,,8.443e-9
425.59,8.897e-9,,,8.897e-9
425.64,9.120e-9,,,9.120e-9
425.69,9.095e-9,,,9.095e-9
425.74,3.649e-8,2.766e-8,,8.824e-9
425.79,1.185e-7,1.102e-7,,8.328e-9
425.84,4.346e-7,4.269e-7,,7.646e-9
425.89,1.617e-6,1.610e-6,,6.832e-9
425.94,5.915e-6,5.909e-6,,5.942e-9
425.99,2.111e-5,2.110e-5,,5.035e-9
426.04,7.333e-5,7.333e-5,,4.165e-9
426.09,2.480e-4,2.480e-4,,3.380e-9
426.14,8.160e-4,8.160e-4,,2.720e-9
426.19,2.613e-3,2.613e-3,,2.218e-9
426.24,8.143e-3,8.143e-3,,1.911e-9
426.29,2.469e-2,2.469e-2,,1.838e-9
426.34,7.286e-2,7.286e-2,,2.054e-9
426.39,2.092e-1,2.092e-1,,2.635e-9
426.44,5.846e-1,5.846e-1,,3.682e-9
426.49,1.590e+0,1.590e+0,,5.332e-9
426.54,4.206e+0,4.206e+0,,7.749e-9
426.59,1.083e+1,1.083e+1,,1.113e-8
426.64,2.714e+1,2.714e+1,,1.568e-8
426.69,6.617e+1,6.617e+1,,2.160e-8
426.74,1.570e+2,1.570e+2,,2.908e-8
426.79,3.625e+2,3.625e+2,,3.826e-8
426.84,8.145e+2,8.145e+2,,4.917e-8
426.89,1.781e+3,1.781e+3,,6.176e-8
426.94,3.789e+3,3.789e+3,,7.588e-8
426.99,7.845e+3,7.845e+3,,9.123e-8
427.04,1.581e+4,1.581e+4,,1.074e-7
427.09,3.099e+4,3.099e+4,,1.241e-7
427.14,5.912e+4,5.912e+4,,1.407e-7
427.19,1.098e+5,1.098e+5,,1.569e-7
427.24,1.983e+5,1.983e+5,,1.723e-7
427.29,3.486e+5,3.486e+5,,1.867e-7
427.34,5.965e+5,5.965e+5,,2.001e-7
427.39,9.930e+5,9.930e+5,,2.124e-7
427.44,1.609e+6,1.609e+6,,2.238e-7
427.49,2.537e+6,2.537e+6,,2.342e-7
427.54,3.892e+6,3.892e+6,,2.436e-7
427.59,5.811e+6,5.811e+6,,2.520e-7
427.64,8.444e+6,8.444e+6,,2.589e-7
427.69,1.194e+7,1.194e+7,,2.641e-7
427.74,1.643e+7,1.643e+7,,2.671e-7
427.79,2.202e+7,2.202e+7,,2.674e-7
427.84,2.871e+7,2.871e+7,,2.648e-7
427.89,3.645e+7,3.645e+7,,2.591e-7
427.94,4.506e+7,4.506e+7,,2.506e-7
427.99,5.425e+7,5.425e+7,,2.396e-7
428.04,6.364e+7,6.364e+7,,2.266e-7
428.09,7.278e+7,7.278e+7,,2.125e-7
428.14,8.119e+7,8.119e+7,,1.980e-7
428.19,8.843e+7,8.843e+7,,1.836e-7
428.24,9.418e+7,9.418e+7,,1.699e-7
428.29,9.823e+7,9.823e+7,,1.572e-7
428.34,1.006e+8,1.006e+8,,1.458e-7
428.39,1.014e+8,1.014e+8,,1.355e-7
428.44,1.009e+8,1.009e+8,,1.263e-7
428.49,9.967e+7,9.967e+7,,1.181e-7
428.54,9.799e+7,9.799e+7,,1.107e-7
428.59,9.627e+7,9.627e+7,,1.041e-7
428.64,9.475e+7,9.475e+7,,9.811e-8
428.69,9.355e+7,9.355e+7,,9.282e-8
428.74,9.257e+7,9.257e+7,,8.811e-8
428.79,9.163e+7,9.163e+7,,8.390e-8
428.84,9.041e+7,9.041e+7,,8.006e-8
428.89,8.860e+7,8.860e+7,,7.642e-8
428.94,8.593e+7,8.593e+7,,7.280e-8
428.99,8.225e+7,8.225e+7,,6.904e-8
429.04,7.753e+7,7.753e+7,,6.505e-8
429.09,7.196e+7,7.196e+7,,6.088e-8
429.14,6.585e+7,6.585e+7,,5.672e-8
429.19,5.965e+7,5.965e+7,,5.297e-8
429.24,5.389e+7,5.389e+7,,5.027e-8
429.29,4.914e+7,4.914e+7,,4.955e-8
429.34,4.596e+7,4.596e+7,,5.204e-8
429.39,4.488e+7,4.488e+7,,5.933e-8
429.44,4.634e+7,4.634e+7,,7.341e-8
429.49,5.072e+7,5.072e+7,,9.662e-8
429.54,5.831e+7,5.831e+7,,1.316e-7
429.59,6.929e+7,6.929e+7,,1.813e-7
429.64,8.374e+7,8.374e+7,,2.486e-7
429.69,1.016e+8,1.016e+8,,3.358e-7
429.74,1.227e+8,1.227e+8,,4.446e-7
429.79,1.466e+8,1.466e+8,,5.754e-7
429.84,1.727e+8,1.727e+8,,7.266e-7
429.89,2.002e+8,2.002e+8,,8.948e-7
429.94,2.280e+8,2.280e+8,,1.074e-6
429.99,2.548e+8,2.548e+8,,1.256e-6
430.04,2.794e+8,2.794e+8,,1.431e-6
430.09,3.003e+8,3.003e+8,,1.588e-6
430.14,3.165e+8,3.165e+8,,1.717e-6
430.19,3.269e+8,3.269e+8,,1.809e-6
430.24,3.311e+8,3.311e+8,,1.855e-6
430.29,3.290e+8,3.290e+8,,1.854e-6
430.34,3.209e+8,3.209e+8,,1.804e-6
430.39,3.076e+8,3.076e+8,,1.709e-6
430.44,2.902e+8,2.902e+8,,1.577e-6
430.49,2.699e+8,2.699e+8,,1.418e-6
430.54,2.480e+8,2.480e+8,,1.241e-6
430.59,2.254e+8,2.254e+8,,1.057e-6
430.64,2.031e+8,2.031e+8,,8.773e-7
430.69,1.817e+8,1.817e+8,,7.089e-7
430.74,1.615e+8,1.615e+8,,5.577e-7
430.79,1.426e+8,1.426e+8,,4.273e-7
430.84,1.251e+8,1.251e+8,,3.187e-7
430.89,1.090e+8,1.090e+8,,2.314e-7
430.94,9.408e+7,9.408e+7,,1.636e-7
430.99,8.054e+7,8.054e+7,,1.126e-7
431.04,6.843e+7,6.843e+7,,7.549e-8
431.09,5.791e+7,5.791e+7,,4.926e-8
431.14,4.917e+7,4.917e+7,,3.129e-8
431.19,4.241e+7,4.241e+7,,1.935e-8
431.24,3.781e+7,3.781e+7,,1.165e-8
431.29,3.547e+7,3.547e+7,,6.828e-9
431.34,3.542e+7,3.542e+7,,3.896e-9
431.39,3.759e+7,3.759e+7,,2.164e-9
431.44,4.179e+7,4.179e+7,,1.171e-9
431.49,4.770e+7,4.770e+7,,6.174e-10
431.54,5.488e+7,5.488e+7,,3.186e-10
431.59,6.281e+7,6.281e+7,,1.636e-10
431.64,7.086e+7,7.086e+7,,8.879e-11
431.69,7.838e+7,7.838e+7,,6.025e-11
431.74,8.475e+7,8.475e+7,,6.251e-11
431.79,8.940e+7,8.940e+7,,9.246e-11
431.84,9.194e+7,9.194e+7,,1.566e-10
431.89,9.211e+7,9.211e+7,,2.709e-10
431.94,8.987e+7,8.987e+7,,4.618e-10
431.99,8.538e+7,8.538e+7,,7.688e-10
432.04,7.899e+7,7.899e+7,,1.248e-9
432.09,7.114e+7,7.114e+7,,1.973e-9
432.14,6.238e+7,6.238e+7,,3.038e-9
432.19,5.325e+7,5.325e+7,,4.559e-9
432.24,4.426e+7,4.426e+7,,6.667e-9
432.29,3.581e+7,3.581e+7,,9.501e-9
432.34,2.821e+7,2.821e+7,,1.320e-8
432.39,2.163e+7,2.163e+7,,1.789e-8
432.44,1.615e+7,1.615e+7,,2.364e-8
432.49,1.174e+7,1.174e+7,,3.050e-8
432.54,8.308e+6,8.308e+6,,3.842e-8
432.59,5.723e+6,5.723e+6,,4.729e-8
432.64,3.839e+6,3.839e+6,,5.693e-8
432.69,2.506e+6,2.506e+6,,6.709e-8
432.74,1.593e+6,1.593e+6,,7.746e-8
432.79,9.860e+5,9.860e+5,,8.774e-8
432.84,5.940e+5,5.940e+5,,9.761e-8
432.89,3.484e+5,3.484e+5,,1.068e-7
432.94,1.990e+5,1.990e+5,,1.150e-7
432.99,1.106e+5,1.106e+5,,1.221e-7
433.04,5.987e+4,5.987e+4,,1.279e-7
433.09,3.155e+4,3.155e+4,,1.322e-7
433.14,1.618e+4,1.618e+4,,1.349e-7
433.19,8.081e+3,8.081e+3,,1.359e-7
433.24,3.929e+3,3.929e+3,,1.351e-7
433.29,1.860e+3,1.860e+3,,1.324e-7
433.34,8.570e+2,8.570e+2,,1.279e-7
433.39,3.845e+2,3.845e+2,,1.215e-7
433.44,1.679e+2,1.679e+2,,1.136e-7
433.49,7.141e+1,7.141e+1,,1.044e-7
433.54,2.959e+1,2.959e+1,,9.433e-8
433.59,1.200e+1,1.200e+1,,8.373e-8
433.64,4.917e+0,4.917e+0,,7.312e-8
433.69,2.429e+0,2.429e+0,,6.291e-8
433.74,2.323e+0,2.323e+0,,5.349e-8
433.79,4.404e+0,4.404e+0,,4.512e-8
433.84,1.026e+1,1.026e+1,,3.796e-8
433.89,2.426e+1,2.426e+1,,3.208e-8
433.94,5.618e+1,5.618e+1,,2.743e-8
433.99,1.269e+2,1.269e+2,,2.391e-8
434.04,2.790e+2,2.790e+2,,2.135e-8
434.09,5.977e+2,5.977e+2,,1.957e-8
434.14,1.247e+3,1.247e+3,,1.838e-8
434.19,2.534e+3,2.534e+3,,1.761e-8
434.24,5.017e+3,5.017e+3,,1.709e-8
434.29,9.671e+3,9.671e+3,,1.670e-8
434.34,1.816e+4,1.816e+4,,1.632e-8
434.39,3.321e+4,3.321e+4,,1.587e-8
434.44,5.916e+4,5.916e+4,,1.529e-8
434.49,1.026e+5,1.026e+5,,1.456e-8
434.54,1.734e+5,1.734e+5,,1.366e-8
434.59,2.854e+5,2.854e+5,,1.261e-8
434.64,4.576e+5,4.576e+5,,1.145e-8
434.69,7.144e+5,7.144e+5,,1.024e-8
434.74,1.086e+6,1.086e+6,,9.048e-9
434.79,1.609e+6,1.609e+6,,7.980e-9
434.84,2.321e+6,2.321e+6,,7.144e-9
434.89,3.261e+6,3.261e+6,,6.674e-9
434.94,4.463e+6,4.463e+6,,6.728e-9
434.99,5.949e+6,5.949e+6,,7.495e-9
435.04,7.723e+6,7.723e+6,,9.202e-9
435.09,9.765e+6,9.765e+6,,1.211e-8
435.14,1.203e+7,1.203e+7,,1.650e-8
435.19,1.442e+7,1.442e+7,,2.269e-8
435.24,1.685e+7,1.685e+7,,3.096e-8
435.29,1.918e+7,1.918e+7,,4.152e-8
435.34,2.125e+7,2.125e+7,,5.450e-8
435.39,2.294e+7,2.294e+7,,6.983e-8
435.44,2.412e+7,2.412e+7,,8.725e-8
435.49,2.470e+7,2.470e+7,,1.062e-7
435.54,2.463e+7,2.463e+7,,1.260e-7
435.59,2.393e+7,2.393e+7,,1.456e-7
435.64,2.264e+7,2.264e+7,,1.639e-7
435.69,2.086e+7,2.086e+7,,1.798e-7
435.74,1.873e+7,1.873e+7,,1.920e-7
435.79,1.637e+7,1.637e+7,,1.997e-7
435.84,1.394e+7,1.394e+7,,2.024e-7
435.89,1.156e+7,1.156e+7,,1.997e-7
435.94,9.337e+6,9.337e+6,,1.920e-7
435.99,7.345e+6,7.345e+6,,1.798e-7
436.04,5.628e+6,5.628e+6,,1.639e-7
436.09,4.201e+6,4.201e+6,,1.456e-7
436.14,3.053e+6,3.053e+6,,1.260e-7
436.19,2.162e+6,2.162e+6,,1.062e-7
436.24,1.491e+6,1.491e+6,,8.716e-8
436.29,1.001e+6,1.001e+6,,6.968e-8
436.34,6.549e+5,6.549e+5,,5.427e-8
436.39,4.172e+5,4.172e+5,,4.116e-8
436.44,2.589e+5,2.589e+5,,3.041e-8
436.49,1.565e+5,1.565e+5,,2.188e-8
436.54,9.212e+4,9.212e+4,,1.534e-8
436.59,5.282e+4,5.282e+4,,1.047e-8
436.64,2.950e+4,2.950e+4,,6.964e-9
436.69,1.604e+4,1.604e+4,,4.511e-9
436.74,8.499e+3,8.499e+3,,2.846e-9
436.79,4.386e+3,4.386e+3,,1.749e-9
436.84,2.204e+3,2.204e+3,,1.047e-9
436.89,1.079e+3,1.079e+3,,6.102e-10
436.94,5.143e+2,5.143e+2,,3.465e-10
436.99,2.388e+2,2.388e+2,,1.916e-10
437.04,1.080e+2,1.080e+2,,1.032e-10
437.09,4.758e+1,4.758e+1,,5.417e-11
437.14,2.041e+1,2.041e+1,,2.768e-11
437.19,8.530e+0,8.530e+0,,1.378e-11
437.24,3.472e+0,3.472e+0,,6.682e-12
437.29,1.376e+0,1.376e+0,,3.156e-12
437.34,5.313e-1,5.313e-1,,1.452e-12
437.39,1.998e-1,1.998e-1,,6.505e-13
437.44,7.318e-2,7.318e-2,,2.839e-13
437.49,2.611e-2,2.611e-2,,1.207e-13
437.54,9.071e-3,9.071e-3,,4.996e-14
437.59,3.070e-3,3.070e-3,,2.015e-14
437.64,1.012e-3,1.012e-3,,7.916e-15
437.69,3.248e-4,3.248e-4,,3.031e-15
437.74,1.016e-4,1.016e-4,,1.137e-15
437.79,3.093e-5,3.093e-5,,4.357e-16
437.84,9.176e-6,9.176e-6,,2.239e-16
437.89,2.651e-6,2.651e-6,,2.832e-16
437.94,7.460e-7,7.460e-7,,6.878e-16
437.99,2.044e-7,2.044e-7,,1.886e-15
438.04,5.457e-8,5.457e-8,,5.139e-15
438.09,1.419e-8,1.419e-8,,1.368e-14
438.14,3.593e-9,3.593e-9,,3.547e-14
438.19,8.967e-14,,,8.967e-14
438.24,2.209e-13,,,2.209e-13
438.29,5.302e-13,,,5.302e-13
438.34,1.240e-12,,,1.240e-12
438.39,2.828e-12,,,2.828e-12
438.44,6.282e-12,,,6.282e-12
438.49,1.360e-11,,,1.360e-11
438.54,2.869e-11,,,2.869e-11
438.59,5.898e-11,,,5.898e-11
438.64,1.182e-10,,,1.182e-10
438.69,2.307e-10,,,2.307e-10
438.74,4.389e-10,,,4.389e-10
438.79,8.138e-10,,,8.138e-10
438.84,1.470e-9,,,1.470e-9
438.89,2.589e-9,,,2.589e-9
438.94,4.442e-9,,,4.442e-9
438.99,7.427e-9,,,7.427e-9
439.04,1.210e-8,,,1.210e-8
439.09,1.922e-8,,,1.922e-8
439.14,2.974e-8,,,2.974e-8
439.19,4.484e-8,,,4.484e-8
439.24,6.590e-8,,,6.590e-8
439.29,9.439e-8,,,9.439e-8
439.34,1.317e-7,,,1.317e-7
439.39,1.792e-7,,,1.792e-7
439.44,2.376e-7,,,2.376e-7
439.49,3.070e-7,,,3.070e-7
439.54,3.867e-7,,,3.867e-7
439.59,4.748e-7,,,4.748e-7
439.64,5.685e-7,,,5.685e-7
439.69,6.637e-7,,,6.637e-7
439.74,7.558e-7,,,7.558e-7
439.79,8.400e-7,,,8.400e-7
439.84,9.115e-7,,,9.115e-7
439.89,9.838e-7,1.728e-8,,9.665e-7
439.94,1.068e-6,6.600e-8,,1.002e-6
439.99,1.264e-6,2.458e-7,,1.019e-6
440.04,1.908e-6,8.923e-7,,1.016e-6
440.09,4.154e-6,3.157e-6,,9.962e-7
440.14,1.186e-5,1.089e-5,,9.642e-7
440.19,3.755e-5,3.662e-5,,9.240e-7
440.24,1.209e-4,1.200e-4,,8.803e-7
440.29,3.844e-4,3.836e-4,,8.368e-7
440.34,1.195e-3,1.195e-3,,7.964e-7
440.39,3.628e-3,3.627e-3,,7.604e-7
440.44,1.073e-2,1.073e-2,,7.290e-7
440.49,3.097e-2,3.097e-2,,7.008e-7
440.54,8.709e-2,8.709e-2,,6.738e-7
440.59,2.387e-1,2.387e-1,,6.457e-7
440.64,6.380e-1,6.380e-1,,6.143e-7
440.69,1.662e+0,1.662e+0,,5.781e-7
440.74,4.220e+0,4.220e+0,,5.362e-7
440.79,1.045e+1,1.045e+1,,4.889e-7
440.84,2.520e+1,2.520e+1,,4.372e-7
440.89,5.928e+1,5.928e+1,,3.828e-7
440.94,1.359e+2,1.359e+2,,3.277e-7
440.99,3.037e+2,3.037e+2,,2.741e-7
441.04,6.617e+2,6.617e+2,,2.239e-7
441.09,1.405e+3,1.405e+3,,1.784e-7
441.14,2.909e+3,2.909e+3,,1.387e-7
441.19,5.870e+3,5.870e+3,,1.051e-7
441.24,1.155e+4,1.155e+4,,7.768e-8
441.29,2.214e+4,2.214e+4,,5.597e-8
441.34,4.139e+4,4.139e+4,,3.931e-8
441.39,7.541e+4,7.541e+4,,2.691e-8
441.44,1.339e+5,1.339e+5,,1.795e-8
441.49,2.319e+5,2.319e+5,,1.168e-8
441.54,3.914e+5,3.914e+5,,7.403e-9
441.59,6.439e+5,6.439e+5,,4.576e-9
441.64,1.033e+6,1.033e+6,,2.760e-9
441.69,1.614e+6,1.614e+6,,1.632e-9
441.74,2.460e+6,2.460e+6,,9.575e-10
441.79,3.654e+6,3.654e+6,,5.826e-10
441.84,5.291e+6,5.291e+6,,4.122e-10
441.89,7.469e+6,7.469e+6,,4.005e-10
441.94,1.028e+7,1.028e+7,,5.452e-10
441.99,1.378e+7,1.378e+7,,8.870e-10
442.04,1.802e+7,1.802e+7,,1.516e-9
442.09,2.297e+7,2.297e+7,,2.585e-9
442.14,2.854e+7,2.854e+7,,4.323e-9
442.19,3.458e+7,3.458e+7,,7.062e-9
442.24,4.084e+7,4.084e+7,,1.125e-8
442.29,4.703e+7,4.703e+7,,1.748e-8
442.34,5.283e+7,5.283e+7,,2.647e-8
442.39,5.789e+7,5.789e+7,,3.908e-8
442.44,6.191e+7,6.191e+7,,5.624e-8
442.49,6.469e+7,6.469e+7,,7.891e-8
442.54,6.612e+7,6.612e+7,,1.079e-7
442.59,6.624e+7,6.624e+7,,1.439e-7
442.64,6.527e+7,6.527e+7,,1.871e-7
442.69,6.357e+7,6.357e+7,,2.371e-7
442.74,6.163e+7,6.163e+7,,2.928e-7
442.79,6.005e+7,6.005e+7,,3.527e-7
442.84,5.947e+7,5.947e+7,,4.140e-7
442.89,6.050e+7,6.050e+7,,4.739e-7
442.94,6.367e+7,6.367e+7,,5.287e-7
442.99,6.936e+7,6.936e+7,,5.750e-7
443.04,7.776e+7,7.776e+7,,6.097e-7
443.09,8.879e+7,8.879e+7,,6.302e-7
443.14,1.021e+8,1.021e+8,,6.351e-7
443.19,1.171e+8,1.171e+8,,6.238e-7
443.24,1.329e+8,1.329e+8,,5.974e-7
443.29,1.485e+8,1.485e+8,,5.577e-7
443.34,1.627e+8,1.627e+8,,5.076e-7
443.39,1.746e+8,1.746e+8,,4.503e-7
443.44,1.831e+8,1.831e+8,,3.895e-7
443.49,1.874e+8,1.874e+8,,3.284e-7
443.54,1.873e+8,1.873e+8,,2.699e-7
443.59,1.826e+8,1.826e+8,,2.163e-7
443.64,1.737e+8,1.737e+8,,1.690e-7
443.69,1.611e+8,1.611e+8,,1.287e-7
443.74,1.457e+8,1.457e+8,,9.551e-8
443.79,1.285e+8,1.285e+8,,6.912e-8
443.84,1.106e+8,1.106e+8,,4.877e-8
443.89,9.276e+7,9.276e+7,,3.354e-8
443.94,7.588e+7,7.588e+7,,2.249e-8
443.99,6.054e+7,6.054e+7,,1.470e-8
444.04,4.710e+7,4.710e+7,,9.366e-9
444.09,3.574e+7,3.574e+7,,5.818e-9
444.14,2.646e+7,2.646e+7,,3.523e-9
444.19,1.913e+7,1.913e+7,,2.080e-9
444.24,1.353e+7,1.353e+7,,1.197e-9
444.29,9.418e+6,9.418e+6,,6.714e-10
444.34,6.545e+6,6.545e+6,,3.672e-10
444.39,4.699e+6,4.699e+6,,1.958e-10
444.44,3.725e+6,3.725e+6,,1.018e-10
444.49,3.541e+6,3.541e+6,,5.156e-11
444.54,4.148e+6,4.148e+6,,2.547e-11
444.59,5.637e+6,5.637e+6,,1.226e-11
444.64,8.191e+6,8.191e+6,,5.757e-12
444.69,1.208e+7,1.208e+7,,2.634e-12
444.74,1.766e+7,1.766e+7,,1.175e-12
444.79,2.531e+7,2.531e+7,,5.111e-13
444.84,3.548e+7,3.548e+7,,2.167e-13
444.89,4.854e+7,4.854e+7,,8.956e-14
444.94,6.479e+7,6.479e+7,,3.608e-14
444.99,8.435e+7,8.435e+7,,1.417e-14
445.04,1.071e+8,1.071e+8,,5.427e-15
445.09,1.327e+8,1.327e+8,,2.026e-15
445.14,1.603e+8,1.603e+8,,7.372e-16
445.19,1.889e+8,1.889e+8,,2.615e-16
445.24,2.171e+8,2.171e+8,,9.044e-17
445.29,2.434e+8,2.434e+8,,3.049e-17
445.34,2.662e+8,2.662e+8,,1.002e-17
445.39,2.840e+8,2.840e+8,,3.211e-18
445.44,2.955e+8,2.955e+8,,1.003e-18
445.49,2.999e+8,2.999e+8,,3.054e-19
445.54,2.969e+8,2.969e+8,,9.064e-20
445.59,2.868e+8,2.868e+8,,2.623e-20
445.64,2.702e+8,2.702e+8,,7.399e-21
445.69,2.483e+8,2.483e+8,,2.035e-21
445.74,2.227e+8,2.227e+8,,5.518e-22
445.79,1.947e+8,1.947e+8,,1.826e-22
445.84,1.662e+8,1.662e+8,,1.490e-22
445.89,1.383e+8,1.383e+8,,5.418e-22
445.94,1.123e+8,1.123e+8,,1.921e-21
445.99,8.902e+7,8.902e+7,,6.647e-21
446.04,6.881e+7,6.881e+7,,2.244e-20
446.09,5.190e+7,5.190e+7,,7.389e-20
446.14,3.819e+7,3.819e+7,,2.374e-19
446.19,2.742e+7,2.742e+7,,7.440e-19
446.24,1.921e+7,1.921e+7,,2.275e-18
446.29,1.313e+7,1.313e+7,,6.786e-18
446.34,8.754e+6,8.754e+6,,1.975e-17
446.39,5.696e+6,5.696e+6,,5.607e-17
446.44,3.617e+6,3.617e+6,,1.553e-16
446.49,2.241e+6,2.241e+6,,4.197e-16
446.54,1.355e+6,1.355e+6,,1.107e-15
446.59,7.990e+5,7.990e+5,,2.846e-15
446.64,4.600e+5,4.600e+5,,7.142e-15
446.69,2.584e+5,2.584e+5,,1.748e-14
446.74,1.416e+5,1.416e+5,,4.175e-14
446.79,7.575e+4,7.575e+4,,9.729e-14
446.84,3.954e+4,3.954e+4,,2.211e-13
446.89,2.014e+4,2.014e+4,,4.904e-13
446.94,1.001e+4,1.001e+4,,1.061e-12
446.99,4.857e+3,4.857e+3,,2.240e-12
447.04,2.299e+3,2.299e+3,,4.612e-12
447.09,1.062e+3,1.062e+3,,9.265e-12
447.14,4.788e+2,4.788e+2,,1.816e-11
447.19,2.107e+2,2.107e+2,,3.472e-11
447.24,9.045e+1,9.045e+1,,6.477e-11
447.29,3.790e+1,3.790e+1,,1.179e-10
447.34,1.550e+1,1.550e+1,,2.093e-10
447.39,6.184e+0,6.184e+0,,3.625e-10
447.44,2.408e+0,2.408e+0,,6.125e-10
447.49,9.150e-1,9.150e-1,,1.010e-9
447.54,3.393e-1,3.393e-1,,1.624e-9
447.59,1.228e-1,1.228e-1,,2.548e-9
447.64,4.336e-2,4.336e-2,,3.901e-9
447.7,1.204e-2,1.204e-2,,6.294e-9
447.75,4.029e-3,4.029e-3,,9.124e-9
447.8,1.316e-3,1.316e-3,,1.290e-8
447.85,4.193e-4,4.192e-4,,1.781e-8
447.9,1.304e-4,1.304e-4,,2.397e-8
447.95,3.958e-5,3.955e-5,,3.148e-8
448,1.175e-5,1.171e-5,,4.033e-8
448.05,3.432e-6,3.382e-6,,5.041e-8
448.1,1.015e-6,9.532e-7,,6.147e-8
448.15,3.352e-7,2.621e-7,,7.312e-8
448.2,1.385e-7,5.361e-8,,8.486e-8
448.25,1.103e-7,1.422e-8,,9.608e-8
448.3,1.061e-7,,,1.061e-7
448.35,1.144e-7,,,1.144e-7
448.4,1.202e-7,,,1.202e-7
448.45,1.233e-7,,,1.233e-7
448.5,1.234e-7,,,1.234e-7
448.55,1.204e-7,,,1.204e-7
448.6,1.147e-7,,,1.147e-7
448.65,1.066e-7,,,1.066e-7
448.7,9.669e-8,,,9.669e-8
448.75,8.567e-8,,,8.567e-8
448.8,7.421e-8,,,7.421e-8
448.85,6.302e-8,,,6.302e-8
448.9,5.273e-8,,,5.273e-8
448.95,4.392e-8,,,4.392e-8
449,3.710e-8,,,3.710e-8
449.05,3.277e-8,,,3.277e-8
449.1,3.144e-8,,,3.144e-8
449.15,3.364e-8,,,3.364e-8
449.2,4.001e-8,,,4.001e-8
449.25,5.127e-8,,,5.127e-8
449.3,6.819e-8,,,6.819e-8
449.35,9.155e-8,,,9.155e-8
449.4,1.220e-7,,,1.220e-7
449.45,1.600e-7,,,1.600e-7
449.5,2.056e-7,,,2.056e-7
449.55,2.582e-7,,,2.582e-7
449.6,3.167e-7,,,3.167e-7
449.65,3.791e-7,,,3.791e-7
449.7,4.429e-7,,,4.429e-7
449.75,5.047e-7,,,5.047e-7
449.8,5.613e-7,,,5.613e-7
449.85,6.089e-7,,,6.089e-7
449.9,6.445e-7,,,6.445e-7
449.95,6.684e-7,2.902e-9,,6.655e-7
450,6.814e-7,1.091e-8,,6.704e-7
450.05,6.990e-7,4.007e-8,,6.589e-7
450.1,7.754e-7,1.435e-7,,6.319e-7
450.15,1.093e-6,5.018e-7,,5.911e-7
450.2,2.252e-6,1.712e-6,,5.395e-7
450.25,6.181e-6,5.701e-6,,4.804e-7
450.3,1.894e-5,1.852e-5,,4.174e-7
450.35,5.909e-5,5.874e-5,,3.538e-7
450.4,1.821e-4,1.818e-4,,2.926e-7
450.45,5.492e-4,5.489e-4,,2.363e-7
450.5,1.618e-3,1.618e-3,,1.863e-7
450.55,4.653e-3,4.653e-3,,1.437e-7
450.6,1.306e-2,1.306e-2,,1.087e-7
450.65,3.577e-2,3.577e-2,,8.115e-8
450.7,9.563e-2,9.563e-2,,6.068e-8
450.75,2.495e-1,2.495e-1,,4.668e-8
450.8,6.351e-1,6.351e-1,,3.858e-8
450.85,1.578e+0,1.578e+0,,3.593e-8
450.9,3.826e+0,3.826e+0,,3.847e-8
450.95,9.053e+0,9.053e+0,,4.613e-8
451,2.090e+1,2.090e+1,,5.899e-8
451.05,4.711e+1,4.711e+1,,7.720e-8
451.1,1.036e+2,1.036e+2,,1.009e-7
451.15,2.223e+2,2.223e+2,,1.300e-7
451.2,4.656e+2,4.656e+2,,1.643e-7
451.25,9.517e+2,9.517e+2,,2.030e-7
451.3,1.898e+3,1.898e+3,,2.450e-7
451.35,3.695e+3,3.695e+3,,2.886e-7
451.4,7.020e+3,7.020e+3,,3.319e-7
451.45,1.301e+4,1.301e+4,,3.724e-7
451.5,2.355e+4,2.355e+4,,4.077e-7
451.55,4.157e+4,4.157e+4,,4.356e-7
451.6,7.163e+4,7.163e+4,,4.541e-7
451.65,1.204e+5,1.204e+5,,4.620e-7
451.7,1.976e+5,1.976e+5,,4.586e-7
451.75,3.165e+5,3.165e+5,,4.442e-7
451.8,4.947e+5,4.947e+5,,4.199e-7
451.85,7.544e+5,7.544e+5,,3.872e-7
451.9,1.123e+6,1.123e+6,,3.485e-7
451.95,1.631e+6,1.631e+6,,3.060e-7
452,2.312e+6,2.312e+6,,2.623e-7
452.05,3.198e+6,3.198e+6,,2.193e-7
452.1,4.318e+6,4.318e+6,,1.789e-7
452.15,5.688e+6,5.688e+6,,1.425e-7
452.2,7.313e+6,7.313e+6,,1.107e-7
452.25,9.176e+6,9.176e+6,,8.390e-8
452.3,1.124e+7,1.124e+7,,6.206e-8
452.35,1.343e+7,1.343e+7,,4.480e-8
452.4,1.566e+7,1.566e+7,,3.155e-8
452.45,1.782e+7,1.782e+7,,2.169e-8
452.5,1.979e+7,1.979e+7,,1.454e-8
452.55,2.145e+7,2.145e+7,,9.517e-9
452.6,2.269e+7,2.269e+7,,6.077e-9
452.65,2.342e+7,2.342e+7,,3.787e-9
452.7,2.359e+7,2.359e+7,,2.302e-9
452.75,2.319e+7,2.319e+7,,1.366e-9
452.8,2.225e+7,2.225e+7,,7.908e-10
452.85,2.083e+7,2.083e+7,,4.467e-10
452.9,1.903e+7,1.903e+7,,2.462e-10
452.95,1.697e+7,1.697e+7,,1.325e-10
453,1.477e+7,1.477e+7,,6.952e-11
453.05,1.254e+7,1.254e+7,,3.560e-11
453.1,1.039e+7,1.039e+7,,1.779e-11
453.15,8.405e+6,8.405e+6,,8.677e-12
453.2,6.633e+6,6.633e+6,,4.129e-12
453.25,5.109e+6,5.109e+6,,1.917e-12
453.3,3.840e+6,3.840e+6,,8.687e-13
453.35,2.817e+6,2.817e+6,,3.842e-13
453.4,2.017e+6,2.017e+6,,1.660e-13
453.45,1.409e+6,1.409e+6,,7.060e-14
453.5,9.606e+5,9.606e+5,,3.075e-14
453.55,6.391e+5,6.391e+5,,1.651e-14
453.6,4.150e+5,4.150e+5,,1.620e-14
453.65,2.629e+5,2.629e+5,,2.837e-14
453.7,1.626e+5,1.626e+5,,5.985e-14
453.75,9.813e+4,9.813e+4,,1.287e-13
453.8,5.779e+4,5.779e+4,,2.720e-13
453.85,3.321e+4,3.321e+4,,5.619e-13
453.9,1.863e+4,1.863e+4,,1.134e-12
453.95,1.020e+4,1.020e+4,,2.232e-12
454,5.447e+3,5.447e+3,,4.291e-12
454.05,2.839e+3,2.839e+3,,8.053e-12
454.1,1.444e+3,1.444e+3,,1.475e-11
454.15,7.171e+2,7.171e+2,,2.638e-11
454.2,3.475e+2,3.475e+2,,4.605e-11
454.25,1.643e+2,1.643e+2,,7.846e-11
454.3,7.581e+1,7.581e+1,,1.305e-10
454.35,3.414e+1,3.414e+1,,2.119e-10
454.4,1.500e+1,1.500e+1,,3.359e-10
454.45,6.433e+0,6.433e+0,,5.198e-10
454.5,2.692e+0,2.692e+0,,7.851e-10
454.55,1.100e+0,1.100e+0,,1.158e-9
454.6,4.383e-1,4.383e-1,,1.666e-9
454.65,1.705e-1,1.705e-1,,2.341e-9
454.7,6.472e-2,6.472e-2,,3.211e-9
454.75,2.398e-2,2.398e-2,,4.298e-9
454.8,8.668e-3,8.668e-3,,5.618e-9
454.85,3.058e-3,3.058e-3,,7.167e-9
454.9,1.053e-3,1.053e-3,,8.926e-9
454.95,3.538e-4,3.538e-4,,1.085e-8
455,1.160e-4,1.160e-4,,1.288e-8
455.05,3.714e-5,3.713e-5,,1.492e-8
455.1,1.162e-5,1.160e-5,,1.687e-8
455.15,3.565e-6,3.546e-6,,1.863e-8
455.2,1.116e-6,1.096e-6,,2.007e-8
455.25,4.846e-7,4.635e-7,,2.111e-8
455.3,6.519e-7,6.303e-7,,2.168e-8
455.35,1.868e-6,1.846e-6,,2.173e-8
455.4,6.002e-6,5.981e-6,,2.127e-8
455.45,1.911e-5,1.909e-5,,2.032e-8
455.5,5.960e-5,5.958e-5,,1.894e-8
455.55,1.816e-4,1.815e-4,,1.724e-8
455.6,5.402e-4,5.402e-4,,1.532e-8
455.65,1.569e-3,1.569e-3,,1.330e-8
455.7,4.453e-3,4.453e-3,,1.126e-8
455.75,1.234e-2,1.234e-2,,9.327e-9
455.8,3.337e-2,3.337e-2,,7.557e-9
455.85,8.817e-2,8.817e-2,,6.014e-9
455.9,2.275e-1,2.275e-1,,4.741e-9
455.95,5.731e-1,5.731e-1,,3.775e-9
456,1.410e+0,1.410e+0,,3.157e-9
456.05,3.388e+0,3.388e+0,,2.947e-9
456.1,7.950e+0,7.950e+0,,3.245e-9
456.15,1.822e+1,1.822e+1,,4.207e-9
456.2,4.077e+1,4.077e+1,,6.073e-9
456.25,8.913e+1,8.913e+1,,9.190e-9
456.3,1.903e+2,1.903e+2,,1.403e-8
456.35,3.969e+2,3.969e+2,,2.122e-8
456.4,8.085e+2,8.085e+2,,3.150e-8
456.45,1.609e+3,1.609e+3,,4.579e-8
456.5,3.128e+3,3.128e+3,,6.504e-8
456.55,5.941e+3,5.941e+3,,9.023e-8
456.6,1.102e+4,1.102e+4,,1.222e-7
456.65,1.999e+4,1.999e+4,,1.617e-7
456.7,3.542e+4,3.542e+4,,2.089e-7
456.75,6.135e+4,6.135e+4,,2.634e-7
456.8,1.038e+5,1.038e+5,,3.243e-7
456.85,1.718e+5,1.718e+5,,3.899e-7
456.9,2.780e+5,2.780e+5,,4.577e-7
456.95,4.399e+5,4.399e+5,,5.246e-7
457,6.807e+5,6.807e+5,,5.870e-7
457.05,1.030e+6,1.030e+6,,6.413e-7
457.1,1.526e+6,1.526e+6,,6.841e-7
457.15,2.212e+6,2.212e+6,,7.125e-7
457.2,3.139e+6,3.139e+6,,7.245e-7
457.25,4.361e+6,4.361e+6,,7.193e-7
457.3,5.934e+6,5.934e+6,,6.973e-7
457.35,7.911e+6,7.911e+6,,6.600e-7
457.4,1.034e+7,1.034e+7,,6.099e-7
457.45,1.324e+7,1.324e+7,,5.503e-7
457.5,1.664e+7,1.664e+7,,4.848e-7
457.55,2.052e+7,2.052e+7,,4.169e-7
457.6,2.483e+7,2.483e+7,,3.501e-7
457.65,2.952e+7,2.952e+7,,2.871e-7
457.7,3.449e+7,3.449e+7,,2.298e-7
457.75,3.962e+7,3.962e+7,,1.797e-7
457.8,4.479e+7,4.479e+7,,1.371e-7
457.85,4.986e+7,4.986e+7,,1.022e-7
457.9,5.471e+7,5.471e+7,,7.432e-8
457.95,5.923e+7,5.923e+7,,5.279e-8
458,6.333e+7,6.333e+7,,3.661e-8
458.05,6.695e+7,6.695e+7,,2.479e-8
458.1,7.003e+7,7.003e+7,,1.639e-8
458.15,7.257e+7,7.257e+7,,1.058e-8
458.2,7.456e+7,7.456e+7,,6.669e-9
458.25,7.597e+7,7.597e+7,,4.104e-9
458.3,7.681e+7,7.681e+7,,2.466e-9
458.35,7.703e+7,7.703e+7,,1.446e-9
458.4,7.661e+7,7.661e+7,,8.284e-10
458.45,7.548e+7,7.548e+7,,4.633e-10
458.5,7.360e+7,7.360e+7,,2.529e-10
458.55,7.094e+7,7.094e+7,,1.348e-10
458.6,6.750e+7,6.750e+7,,7.018e-11
458.65,6.332e+7,6.332e+7,,3.567e-11
458.7,5.848e+7,5.848e+7,,1.770e-11
458.75,5.311e+7,5.311e+7,,8.574e-12
458.8,4.737e+7,4.737e+7,,4.055e-12
458.85,4.147e+7,4.147e+7,,1.873e-12
458.9,3.559e+7,3.559e+7,,8.445e-13
458.95,2.993e+7,2.993e+7,,3.718e-13
459,2.464e+7,2.464e+7,,1.598e-13
459.05,1.986e+7,1.986e+7,,6.707e-14
459.1,1.565e+7,1.565e+7,,2.748e-14
459.15,1.207e+7,1.207e+7,,1.100e-14
459.2,9.094e+6,9.094e+6,,4.295e-15
459.25,6.700e+6,6.700e+6,,1.638e-15
459.3,4.824e+6,4.824e+6,,6.101e-16
459.35,3.393e+6,3.393e+6,,2.218e-16
459.4,2.332e+6,2.332e+6,,7.874e-17
459.45,1.566e+6,1.566e+6,,2.729e-17
459.5,1.027e+6,1.027e+6,,9.235e-18
459.55,6.580e+5,6.580e+5,,3.051e-18
459.6,4.117e+5,4.117e+5,,9.844e-19
459.65,2.516e+5,2.516e+5,,3.101e-19
459.7,1.502e+5,1.502e+5,,9.535e-20
459.75,8.753e+4,8.753e+4,,2.863e-20
459.8,4.983e+4,4.983e+4,,8.393e-21
459.85,2.770e+4,2.770e+4,,2.403e-21
459.9,1.504e+4,1.504e+4,,6.714e-22
459.95,7.972e+3,7.972e+3,,1.832e-22
460,4.127e+3,4.127e+3,,
460.05,2.087e+3,2.087e+3,,
460.1,1.030e+3,1.030e+3,,
460.15,4.967e+2,4.967e+2,,
460.2,2.338e+2,2.338e+2,,
460.25,1.075e+2,1.075e+2,,
460.3,4.827e+1,4.827e+1,,
460.35,2.116e+1,2.116e+1,,
460.4,9.059e+0,9.059e+0,,
460.45,3.787e+0,3.787e+0,,
460.5,1.546e+0,1.546e+0,,1.629e-24
460.55,6.163e-1,6.163e-1,,5.906e-24
460.6,2.399e-1,2.399e-1,,2.093e-23
460.65,9.121e-2,9.121e-2,,7.243e-23
460.7,3.386e-2,3.386e-2,,2.449e-22
460.75,1.227e-2,1.227e-2,,8.092e-22
460.8,4.344e-3,4.344e-3,,2.612e-21
460.85,1.502e-3,1.502e-3,,8.236e-21
460.9,5.069e-4,5.069e-4,,2.537e-20
460.95,1.671e-4,1.671e-4,,7.637e-20
461,5.377e-5,5.377e-5,,2.246e-19
461.05,1.690e-5,1.690e-5,,6.451e-19
461.1,5.187e-6,5.187e-6,,1.811e-18
461.15,1.555e-6,1.555e-6,,4.965e-18
461.2,4.550e-7,4.550e-7,,1.330e-17
461.25,1.300e-7,1.300e-7,,3.481e-17
461.3,3.629e-8,3.629e-8,,8.900e-17
461.35,9.890e-9,9.890e-9,,2.223e-16
461.4,5.426e-16,,,5.426e-16
461.45,1.294e-15,,,1.294e-15
461.5,3.014e-15,,,3.014e-15
461.55,6.859e-15,,,6.859e-15
461.6,1.525e-14,,,1.525e-14
461.65,3.313e-14,,,3.313e-14
461.7,7.030e-14,,,7.030e-14
461.75,1.458e-13,,,1.458e-13
461.8,2.952e-13,,,2.952e-13
461.85,5.842e-13,,,5.842e-13
461.9,1.130e-12,,,1.130e-12
461.95,2.134e-12,,,2.134e-12
462,3.937e-12,,,3.937e-12
462.05,7.098e-12,,,7.098e-12
462.1,1.250e-11,,,1.250e-11
462.15,2.151e-11,,,2.151e-11
462.2,3.617e-11,,,3.617e-11
462.25,5.941e-11,,,5.941e-11
462.3,9.533e-11,,,9.533e-11
462.35,1.494e-10,,,1.494e-10
462.4,2.289e-10,,,2.289e-10
462.45,3.425e-10,,,3.425e-10
462.5,5.007e-10,,,5.007e-10
462.55,7.151e-10,,,7.151e-10
462.6,9.977e-10,,,9.977e-10
462.65,1.360e-9,,,1.360e-9
462.7,1.811e-9,,,1.811e-9
462.75,2.357e-9,,,2.357e-9
462.8,2.996e-9,,,2.996e-9
462.85,3.721e-9,,,3.721e-9
462.9,4.514e-9,,,4.514e-9
462.95,5.351e-9,,,5.351e-9
463,6.197e-9,,,6.197e-9
463.05,7.012e-9,,,7.012e-9
463.1,7.750e-9,,,7.750e-9
463.15,8.370e-9,,,8.370e-9
463.2,8.830e-9,,,8.830e-9
463.25,9.102e-9,,,9.102e-9
463.3,9.166e-9,,,9.166e-9
463.35,9.017e-9,,,9.017e-9
463.4,8.667e-9,,,8.667e-9
463.45,8.139e-9,,,8.139e-9
463.5,7.467e-9,,,7.467e-9
463.55,6.692e-9,,,6.692e-9
463.6,5.860e-9,,,5.860e-9
463.65,5.013e-9,,,5.013e-9
463.7,4.190e-9,,,4.190e-9
463.75,3.421e-9,,,3.421e-9
463.8,2.729e-9,,,2.729e-9
463.85,2.127e-9,,,2.127e-9
463.9,1.620e-9,,,1.620e-9
463.95,1.205e-9,,,1.205e-9
464,8.757e-10,,,8.757e-10
464.05,6.218e-10,,,6.218e-10
464.1,4.313e-10,,,4.313e-10
464.15,2.923e-10,,,2.923e-10
464.2,1.935e-10,,,1.935e-10
464.25,1.252e-10,,,1.252e-10
464.3,7.912e-11,,,7.912e-11
464.35,4.885e-11,,,4.885e-11
464.4,2.946e-11,,,2.946e-11
464.45,1.736e-11,,,1.736e-11
464.5,9.997e-12,,,9.997e-12
464.55,5.623e-12,,,5.623e-12
464.6,3.090e-12,,,3.090e-12
464.65,1.659e-12,,,1.659e-12
464.7,8.702e-13,,,8.702e-13
464.75,4.459e-13,,,4.459e-13
464.8,2.232e-13,,,2.232e-13
464.85,1.092e-13,,,1.092e-13
464.9,5.217e-14,,,5.217e-14
464.95,2.436e-14,,,2.436e-14
465,1.111e-14,,,1.111e-14
465.05,4.950e-15,,,4.950e-15
465.1,2.155e-15,,,2.155e-15
465.15,9.165e-16,,,9.165e-16
465.2,3.808e-16,,,3.808e-16
465.25,1.546e-16,,,1.546e-16
465.3,6.131e-17,,,6.131e-17
465.35,2.376e-17,,,2.376e-17
465.4,8.992e-18,,,8.992e-18
465.45,3.326e-18,,,3.326e-18
465.5,1.202e-18,,,1.202e-18
465.55,4.242e-19,,,4.242e-19
465.6,1.463e-19,,,1.463e-19
465.65,4.928e-20,,,4.928e-20
465.7,8.985e-10,8.985e-10,,1.622e-20
465.75,3.224e-9,3.224e-9,,5.217e-21
465.8,1.131e-8,1.131e-8,,1.639e-21
465.85,3.878e-8,3.878e-8,,5.031e-22
465.9,1.300e-7,1.300e-7,,1.509e-22
465.95,4.259e-7,4.259e-7,,4.420e-23
466,1.364e-6,1.364e-6,,1.265e-23
466.05,4.269e-6,4.269e-6,,3.538e-24
466.1,1.306e-5,1.306e-5,,
466.15,3.907e-5,3.907e-5,,
466.2,1.142e-4,1.142e-4,,
466.25,3.264e-4,3.264e-4,,
466.3,9.119e-4,9.119e-4,,
466.35,2.490e-3,2.490e-3,,
466.4,6.645e-3,6.645e-3,,
466.45,1.734e-2,1.734e-2,,
466.5,4.421e-2,4.421e-2,,
466.55,1.102e-1,1.102e-1,,
466.6,2.685e-1,2.685e-1,,
466.65,6.396e-1,6.396e-1,,
466.7,1.489e+0,1.489e+0,,
466.75,3.388e+0,3.388e+0,,
466.8,7.537e+0,7.537e+0,,
466.85,1.639e+1,1.639e+1,,
466.9,3.483e+1,3.483e+1,,
466.95,7.235e+1,7.235e+1,,
467,1.469e+2,1.469e+2,,
467.05,2.916e+2,2.916e+2,,
467.1,5.659e+2,5.659e+2,,
467.15,1.073e+3,1.073e+3,,
467.2,1.990e+3,1.990e+3,,
467.25,3.605e+3,3.605e+3,,
467.3,6.386e+3,6.386e+3,,
467.35,1.106e+4,1.106e+4,,
467.4,1.871e+4,1.871e+4,,
467.45,3.096e+4,3.096e+4,,
467.5,5.006e+4,5.006e+4,,
467.55,7.912e+4,7.912e+4,,
467.6,1.222e+5,1.222e+5,,
467.65,1.846e+5,1.846e+5,,
467.7,2.725e+5,2.725e+5,,
467.75,3.933e+5,3.933e+5,,
467.8,5.547e+5,5.547e+5,,
467.85,7.648e+5,7.648e+5,,
467.9,1.031e+6,1.031e+6,,
467.95,1.358e+6,1.358e+6,,
468,1.748e+6,1.748e+6,,
468.05,2.201e+6,2.201e+6,,2.301e-23
468.1,2.707e+6,2.707e+6,,8.152e-23
468.15,3.256e+6,3.256e+6,,2.824e-22
468.2,3.827e+6,3.827e+6,,9.565e-22
468.25,4.398e+6,4.398e+6,,3.167e-21
468.3,4.940e+6,4.940e+6,,1.025e-20
468.35,5.423e+6,5.423e+6,,3.246e-20
468.4,5.820e+6,5.820e+6,,1.005e-19
468.45,6.105e+6,6.105e+6,,3.040e-19
468.5,6.260e+6,6.260e+6,,8.993e-19
468.55,6.274e+6,6.274e+6,,2.601e-18
468.6,6.147e+6,6.147e+6,,7.356e-18
468.65,5.887e+6,5.887e+6,,2.034e-17
468.7,5.510e+6,5.510e+6,,5.498e-17
468.75,5.042e+6,5.042e+6,,1.453e-16
468.8,4.510e+6,4.510e+6,,3.755e-16
468.85,3.942e+6,3.942e+6,,9.486e-16
468.9,3.369e+6,3.369e+6,,2.343e-15
468.95,2.814e+6,2.814e+6,,5.659e-15
469,2.298e+6,2.298e+6,,1.336e-14
469.05,1.834e+6,1.834e+6,,3.084e-14
469.1,1.431e+6,1.431e+6,,6.961e-14
469.15,1.091e+6,1.091e+6,,1.536e-13
469.2,8.133e+5,8.133e+5,,3.314e-13
469.25,5.926e+5,5.926e+5,,6.991e-13
469.3,4.220e+5,4.220e+5,,1.442e-12
469.35,2.938e+5,2.938e+5,,2.907e-12
469.4,1.999e+5,1.999e+5,,5.731e-12
469.45,1.330e+5,1.330e+5,,1.105e-11
469.5,8.647e+4,8.647e+4,,2.082e-11
469.55,5.496e+4,5.496e+4,,3.836e-11
469.6,3.414e+4,3.414e+4,,6.909e-11
469.65,2.073e+4,2.073e+4,,1.217e-10
469.7,1.231e+4,1.231e+4,,2.095e-10
469.75,7.140e+3,7.140e+3,,3.528e-10
469.8,4.049e+3,4.049e+3,,5.807e-10
469.85,2.245e+3,2.245e+3,,9.345e-10
469.9,1.216e+3,1.216e+3,,1.470e-9
469.95,6.443e+2,6.443e+2,,2.262e-9
470,3.336e+2,3.336e+2,,3.403e-9
470.05,1.688e+2,1.688e+2,,5.004e-9
470.1,8.352e+1,8.352e+1,,7.195e-9
470.15,4.039e+1,4.039e+1,,1.012e-8
470.2,1.909e+1,1.909e+1,,1.391e-8
470.25,8.819e+0,8.819e+0,,1.869e-8
470.3,3.983e+0,3.983e+0,,2.456e-8
470.35,1.758e+0,1.758e+0,,3.157e-8
470.4,7.587e-1,7.587e-1,,3.968e-8
470.45,3.200e-1,3.200e-1,,4.879e-8
470.5,1.319e-1,1.319e-1,,5.867e-8
470.55,5.317e-2,5.317e-2,,6.903e-8
470.6,2.095e-2,2.095e-2,,7.949e-8
470.65,8.065e-3,8.065e-3,,8.961e-8
470.7,3.036e-3,3.036e-3,,9.897e-8
470.75,1.117e-3,1.117e-3,,1.071e-7
470.8,4.017e-4,4.016e-4,,1.138e-7
470.85,1.413e-4,1.412e-4,,1.188e-7
470.9,4.863e-5,4.851e-5,,1.221e-7
470.95,1.642e-5,1.629e-5,,1.238e-7
471,5.473e-6,5.349e-6,,1.241e-7
471.05,1.840e-6,1.717e-6,,1.235e-7
471.1,6.609e-7,5.385e-7,,1.224e-7
471.15,2.865e-7,1.651e-7,,1.213e-7
471.2,1.701e-7,4.949e-8,,1.206e-7
471.25,1.350e-7,1.450e-8,,1.205e-7
471.3,1.252e-7,4.152e-9,,1.210e-7
471.35,1.234e-7,1.162e-9,,1.222e-7
471.4,1.238e-7,,,1.238e-7
471.45,1.253e-7,,,1.253e-7
471.5,1.264e-7,,,1.264e-7
471.55,1.266e-7,,,1.266e-7
471.6,1.254e-7,,,1.254e-7
471.65,1.226e-7,,,1.226e-7
471.7,1.180e-7,,,1.180e-7
471.75,1.116e-7,,,1.116e-7
471.8,1.036e-7,,,1.036e-7
471.85,9.422e-8,,,9.422e-8
471.9,8.398e-8,,,8.398e-8
471.95,7.329e-8,,,7.329e-8
472,6.260e-8,,,6.260e-8
472.05,5.232e-8,,,5.232e-8
472.1,4.278e-8,,,4.278e-8
472.15,3.421e-8,,,3.421e-8
472.2,2.676e-8,,,2.676e-8
472.25,2.047e-8,,,2.047e-8
472.3,1.531e-8,,,1.531e-8
472.35,1.120e-8,,,1.120e-8
472.4,8.018e-9,,,8.018e-9
472.45,5.614e-9,,,5.614e-9
472.5,3.851e-9,,,3.851e-9
472.55,2.594e-9,,,2.594e-9
472.6,1.727e-9,,,1.727e-9
472.65,1.153e-9,,,1.153e-9
472.7,7.975e-10,,,7.975e-10
472.75,6.043e-10,,,6.043e-10
472.8,5.352e-10,,,5.352e-10
472.85,5.664e-10,,,5.664e-10
472.9,6.852e-10,,,6.852e-10
472.95,8.869e-10,,,8.869e-10
473,1.172e-9,,,1.172e-9
473.05,1.542e-9,,,1.542e-9
473.1,2.000e-9,,,2.000e-9
473.15,2.544e-9,,,2.544e-9
473.2,3.170e-9,,,3.170e-9
473.25,3.864e-9,,,3.864e-9
473.3,4.607e-9,,,4.607e-9
473.35,5.373e-9,,,5.373e-9
473.4,6.128e-9,,,6.128e-9
473.45,6.835e-9,,,6.835e-9
473.5,7.455e-9,,,7.455e-9
473.55,7.953e-9,,,7.953e-9
473.6,8.297e-9,,,8.297e-9
473.65,8.465e-9,,,8.465e-9
473.7,8.446e-9,,,8.446e-9
473.75,8.241e-9,,,8.241e-9
473.8,7.865e-9,,,7.865e-9
473.85,7.340e-9,,,7.340e-9
473.9,6.699e-9,,,6.699e-9
473.95,5.979e-9,,,5.979e-9
474,5.219e-9,,,5.219e-9
474.05,4.455e-9,,,4.455e-9
474.1,3.719e-9,,,3.719e-9
474.15,3.037e-9,,,3.037e-9
474.2,2.425e-9,,,2.425e-9
474.25,1.893e-9,,,1.893e-9
474.3,1.446e-9,,,1.446e-9
474.35,1.080e-9,,,1.080e-9
474.4,7.886e-10,,,7.886e-10
474.45,5.633e-10,,,5.633e-10
474.5,3.935e-10,,,3.935e-10
474.55,2.688e-10,,,2.688e-10
474.6,1.796e-10,,,1.796e-10
474.65,1.173e-10,,,1.173e-10
474.7,7.496e-11,,,7.496e-11
474.75,4.684e-11,,,4.684e-11
474.8,2.862e-11,,,2.862e-11
474.85,1.711e-11,,,1.711e-11
474.9,9.997e-12,,,9.997e-12
474.95,5.714e-12,,,5.714e-12
475,3.194e-12,,,3.194e-12
475.05,1.746e-12,,,1.746e-12
475.1,9.334e-13,,,9.334e-13
475.15,4.880e-13,,,4.880e-13
475.2,2.495e-13,,,2.495e-13
475.25,1.248e-13,,,1.248e-13
475.3,6.102e-14,,,6.102e-14
475.35,2.918e-14,,,2.918e-14
475.4,1.365e-14,,,1.365e-14
475.45,6.242e-15,,,6.242e-15
475.5,2.792e-15,,,2.792e-15
475.55,1.221e-15,,,1.221e-15
475.6,5.225e-16,,,5.225e-16
475.65,2.186e-16,,,2.186e-16
475.7,8.945e-17,,,8.945e-17
475.75,3.579e-17,,,3.579e-17
475.8,1.401e-17,,,1.401e-17
475.85,5.360e-18,,,5.360e-18
475.9,2.006e-18,,,2.006e-18
475.95,7.343e-19,,,7.343e-19
476,2.628e-19,,,2.628e-19
476.05,9.201e-20,,,9.201e-20
476.1,3.150e-20,,,3.150e-20
476.15,1.055e-20,,,1.055e-20
476.2,3.453e-21,,,3.453e-21
476.25,1.106e-21,,,1.106e-21
476.3,3.462e-22,,,3.462e-22
476.35,1.060e-22,,,1.060e-22
476.4,3.176e-23,,,3.176e-23
476.45,9.301e-24,,,9.301e-24
476.5,2.664e-24,,,2.664e-24
482.26,3.230e-24,,,3.230e-24
482.31,1.109e-23,,,1.109e-23
482.36,3.731e-23,,,3.731e-23
482.41,1.228e-22,,,1.228e-22
482.46,3.958e-22,,,3.958e-22
482.51,1.249e-21,,,1.249e-21
482.56,3.858e-21,,,3.858e-21
482.61,1.167e-20,,,1.167e-20
482.66,3.454e-20,,,3.454e-20
482.71,1.001e-19,,,1.001e-19
482.76,2.840e-19,,,2.840e-19
482.81,7.888e-19,,,7.888e-19
482.86,2.145e-18,,,2.145e-18
482.91,5.710e-18,,,5.710e-18
482.96,1.488e-17,,,1.488e-17
483.01,3.797e-17,,,3.797e-17
483.06,9.485e-17,,,9.485e-17
483.11,2.319e-16,,,2.319e-16
483.16,5.552e-16,,,5.552e-16
483.21,1.301e-15,,,1.301e-15
483.26,2.986e-15,,,2.986e-15
483.31,6.706e-15,,,6.706e-15
483.36,1.475e-14,,,1.475e-14
483.41,3.174e-14,,,3.174e-14
483.46,6.690e-14,,,6.690e-14
483.51,1.380e-13,,,1.380e-13
483.56,2.788e-13,,,2.788e-13
483.61,5.513e-13,,,5.513e-13
483.66,1.067e-12,,,1.067e-12
483.71,2.023e-12,,,2.023e-12
483.76,3.753e-12,,,3.753e-12
483.81,6.816e-12,,,6.816e-12
483.86,1.212e-11,,,1.212e-11
483.91,2.110e-11,,,2.110e-11
483.96,3.596e-11,,,3.596e-11
484.01,6.000e-11,,,6.000e-11
484.06,9.800e-11,,,9.800e-11
484.11,1.567e-10,,,1.567e-10
484.16,2.453e-10,,,2.453e-10
484.21,3.760e-10,,,3.760e-10
484.26,5.643e-10,,,5.643e-10
484.31,8.290e-10,,,8.290e-10
484.36,1.192e-9,,,1.192e-9
484.41,1.679e-9,,,1.679e-9
484.46,2.316e-9,,,2.316e-9
484.51,3.127e-9,,,3.127e-9
484.56,4.134e-9,,,4.134e-9
484.61,5.353e-9,,,5.353e-9
484.66,6.790e-9,,,6.790e-9
484.71,8.438e-9,,,8.438e-9
484.76,1.027e-8,,,1.027e-8
484.81,1.226e-8,,,1.226e-8
484.86,1.783e-8,3.470e-9,,1.436e-8
484.91,2.836e-8,1.186e-8,,1.649e-8
484.96,5.832e-8,3.971e-8,,1.861e-8
485.01,1.508e-7,1.302e-7,,2.064e-8
485.06,4.403e-7,4.178e-7,,2.254e-8
485.11,1.337e-6,1.313e-6,,2.427e-8
485.16,4.067e-6,4.041e-6,,2.582e-8
485.21,1.220e-5,1.218e-5,,2.722e-8
485.26,3.596e-5,3.594e-5,,2.849e-8
485.31,1.039e-4,1.038e-4,,2.970e-8
485.36,2.938e-4,2.938e-4,,3.093e-8
485.41,8.140e-4,8.140e-4,,3.223e-8
485.46,2.208e-3,2.208e-3,,3.366e-8
485.51,5.867e-3,5.867e-3,,3.526e-8
485.56,1.526e-2,1.526e-2,,3.699e-8
485.61,3.888e-2,3.888e-2,,3.882e-8
485.66,9.697e-2,9.697e-2,,4.064e-8
485.71,2.368e-1,2.368e-1,,4.233e-8
485.76,5.665e-1,5.665e-1,,4.375e-8
485.81,1.327e+0,1.327e+0,,4.475e-8
485.86,3.042e+0,3.042e+0,,4.519e-8
485.91,6.832e+0,6.832e+0,,4.497e-8
485.96,1.502e+1,1.502e+1,,4.404e-8
486.01,3.234e+1,3.234e+1,,4.238e-8
486.06,6.819e+1,6.819e+1,,4.004e-8
486.11,1.408e+2,1.408e+2,,3.711e-8
486.16,2.846e+2,2.846e+2,,3.374e-8
486.21,5.634e+2,5.634e+2,,3.006e-8
486.26,1.092e+3,1.092e+3,,2.624e-8
486.31,2.073e+3,2.073e+3,,2.244e-8
486.36,3.853e+3,3.853e+3,,1.880e-8
486.41,7.013e+3,7.013e+3,,1.543e-8
486.46,1.250e+4,1.250e+4,,1.239e-8
486.51,2.181e+4,2.181e+4,,9.752e-9
486.56,3.727e+4,3.727e+4,,7.513e-9
486.61,6.236e+4,6.236e+4,,5.667e-9
486.66,1.022e+5,1.022e+5,,4.186e-9
486.71,1.639e+5,1.639e+5,,3.027e-9
486.76,2.576e+5,2.576e+5,,2.143e-9
486.81,3.962e+5,3.962e+5,,1.486e-9
486.86,5.969e+5,5.969e+5,,1.008e-9
486.91,8.804e+5,8.804e+5,,6.700e-10
486.96,1.272e+6,1.272e+6,,4.359e-10
487.01,1.799e+6,1.799e+6,,2.776e-10
487.06,2.491e+6,2.491e+6,,1.731e-10
487.11,3.379e+6,3.379e+6,,1.057e-10
487.16,4.487e+6,4.487e+6,,6.319e-11
487.21,5.834e+6,5.834e+6,,3.699e-11
487.26,7.429e+6,7.429e+6,,2.121e-11
487.31,9.263e+6,9.263e+6,,1.194e-11
487.36,1.131e+7,1.131e+7,,6.630e-12
487.41,1.352e+7,1.352e+7,,3.711e-12
487.46,1.583e+7,1.583e+7,,2.232e-12
487.51,1.814e+7,1.814e+7,,1.672e-12
487.56,2.037e+7,2.037e+7,,1.797e-12
487.61,2.239e+7,2.239e+7,,2.597e-12
487.66,2.410e+7,2.410e+7,,4.256e-12
487.71,2.540e+7,2.540e+7,,7.173e-12
487.76,2.621e+7,2.621e+7,,1.201e-11
487.81,2.649e+7,2.649e+7,,1.976e-11
487.86,2.621e+7,2.621e+7,,3.189e-11
487.91,2.540e+7,2.540e+7,,5.040e-11
487.96,2.410e+7,2.410e+7,,7.803e-11
488.01,2.239e+7,2.239e+7,,1.183e-10
488.06,2.037e+7,2.037e+7,,1.756e-10
488.11,1.814e+7,1.814e+7,,2.554e-10
488.16,1.583e+7,1.583e+7,,3.636e-10
488.21,1.352e+7,1.352e+7,,5.071e-10
488.26,1.131e+7,1.131e+7,,6.925e-10
488.31,9.263e+6,9.263e+6,,9.261e-10
488.36,7.429e+6,7.429e+6,,1.213e-9
488.41,5.834e+6,5.834e+6,,1.556e-9
488.46,4.487e+6,4.487e+6,,1.955e-9
488.51,3.379e+6,3.379e+6,,2.405e-9
488.56,2.491e+6,2.491e+6,,2.898e-9
488.61,1.799e+6,1.799e+6,,3.420e-9
488.66,1.272e+6,1.272e+6,,3.954e-9
488.71,8.804e+5,8.804e+5,,4.478e-9
488.76,5.969e+5,5.969e+5,,4.970e-9
488.81,3.962e+5,3.962e+5,,5.406e-9
488.86,2.576e+5,2.576e+5,,5.767e-9
488.91,1.639e+5,1.639e+5,,6.034e-9
488.96,1.022e+5,1.022e+5,,6.200e-9
489.01,6.236e+4,6.236e+4,,6.264e-9
489.06,3.727e+4,3.727e+4,,6.232e-9
489.11,2.181e+4,2.181e+4,,6.122e-9
489.16,1.250e+4,1.250e+4,,5.958e-9
489.21,7.013e+3,7.013e+3,,5.768e-9
489.26,3.853e+3,3.853e+3,,5.585e-9
489.31,2.073e+3,2.073e+3,,5.440e-9
489.36,1.092e+3,1.092e+3,,5.361e-9
489.41,5.634e+2,5.634e+2,,5.369e-9
489.46,2.846e+2,2.846e+2,,5.475e-9
489.51,1.408e+2,1.408e+2,,5.680e-9
489.56,6.819e+1,6.819e+1,,5.974e-9
489.61,3.234e+1,3.234e+1,,6.337e-9
489.66,1.502e+1,1.502e+1,,6.740e-9
489.71,6.832e+0,6.832e+0,,7.147e-9
489.76,3.042e+0,3.042e+0,,7.520e-9
489.81,1.327e+0,1.327e+0,,7.823e-9
489.86,5.665e-1,5.665e-1,,8.023e-9
489.91,2.368e-1,2.368e-1,,8.095e-9
489.96,9.697e-2,9.697e-2,,8.025e-9
490.01,3.888e-2,3.888e-2,,7.808e-9
490.06,1.526e-2,1.526e-2,,7.452e-9
490.11,5.867e-3,5.867e-3,,6.972e-9
490.16,2.208e-3,2.208e-3,,6.392e-9
490.21,8.140e-4,8.140e-4,,5.743e-9
490.26,2.938e-4,2.938e-4,,5.055e-9
490.31,1.038e-4,1.038e-4,,4.358e-9
490.36,3.594e-5,3.594e-5,,3.681e-9
490.41,1.218e-5,1.218e-5,,3.047e-9
490.46,4.043e-6,4.041e-6,,2.471e-9
490.51,1.315e-6,1.313e-6,,1.966e-9
490.56,4.193e-7,4.178e-7,,1.537e-9
490.61,1.314e-7,1.302e-7,,1.186e-9
490.66,4.062e-8,3.971e-8,,9.117e-10
490.71,1.258e-8,1.186e-8,,7.116e-10
490.76,4.054e-9,3.470e-9,,5.841e-10
490.81,5.299e-10,,,5.299e-10
490.86,5.535e-10,,,5.535e-10
490.91,6.645e-10,,,6.645e-10
490.96,8.787e-10,,,8.787e-10
491.01,1.219e-9,,,1.219e-9
491.06,1.714e-9,,,1.714e-9
491.11,2.399e-9,,,2.399e-9
491.16,3.313e-9,,,3.313e-9
491.21,4.497e-9,,,4.497e-9
491.26,5.986e-9,,,5.986e-9
491.31,7.811e-9,,,7.811e-9
491.36,9.986e-9,,,9.986e-9
491.41,1.251e-8,,,1.251e-8
491.46,1.535e-8,,,1.535e-8
491.51,1.844e-8,,,1.844e-8
491.56,2.171e-8,,,2.171e-8
491.61,2.504e-8,,,2.504e-8
491.66,2.829e-8,,,2.829e-8
491.71,3.130e-8,,,3.130e-8
491.76,3.393e-8,,,3.393e-8
491.81,3.602e-8,,,3.602e-8
491.86,3.746e-8,,,3.746e-8
491.91,3.817e-8,,,3.817e-8
491.96,3.809e-8,,,3.809e-8
492.01,3.723e-8,,,3.723e-8
492.06,3.565e-8,,,3.565e-8
492.11,3.344e-8,,,3.344e-8
492.16,3.072e-8,,,3.072e-8
492.21,2.765e-8,,,2.765e-8
492.26,2.438e-8,,,2.438e-8
492.31,2.105e-8,,,2.105e-8
492.36,1.781e-8,,,1.781e-8
492.41,1.475e-8,,,1.475e-8
492.46,1.198e-8,,,1.198e-8
492.51,9.521e-9,,,9.521e-9
492.56,7.415e-9,,,7.415e-9
492.61,5.657e-9,,,5.657e-9
492.66,4.227e-9,,,4.227e-9
492.71,3.094e-9,,,3.094e-9
492.76,2.219e-9,,,2.219e-9
492.81,1.558e-9,,,1.558e-9
492.86,1.072e-9,,,1.072e-9
492.91,7.225e-10,,,7.225e-10
492.96,4.769e-10,,,4.769e-10
493.01,3.084e-10,,,3.084e-10
493.06,1.953e-10,,,1.953e-10
493.11,1.212e-10,,,1.212e-10
493.16,7.367e-11,,,7.367e-11
493.21,4.387e-11,,,4.387e-11
493.26,2.561e-11,,,2.561e-11
493.31,1.468e-11,,,1.468e-11
493.36,8.316e-12,,,8.316e-12
493.41,4.759e-12,,,4.759e-12
493.46,2.945e-12,,,2.945e-12
493.51,2.290e-12,,,2.290e-12
493.56,2.561e-12,,,2.561e-12
493.61,3.814e-12,,,3.814e-12
493.66,6.395e-12,,,6.395e-12
493.71,1.100e-11,,,1.100e-11
493.76,1.879e-11,,,1.879e-11
493.81,3.157e-11,,,3.157e-11
493.86,5.202e-11,,,5.202e-11
493.91,8.402e-11,,,8.402e-11
493.96,1.330e-10,,,1.330e-10
494.01,2.062e-10,,,2.062e-10
494.06,3.132e-10,,,3.132e-10
494.11,4.662e-10,,,4.662e-10
494.16,6.800e-10,,,6.800e-10
494.21,9.718e-10,,,9.718e-10
494.26,1.361e-9,,,1.361e-9
494.31,1.867e-9,,,1.867e-9
494.36,2.509e-9,,,2.509e-9
494.41,3.305e-9,,,3.305e-9
494.46,4.265e-9,,,4.265e-9
494.51,5.393e-9,,,5.393e-9
494.56,6.682e-9,,,6.682e-9
494.61,8.110e-9,,,8.110e-9
494.66,9.646e-9,,,9.646e-9
494.71,1.124e-8,,,1.124e-8
494.76,1.284e-8,,,1.284e-8
494.81,1.436e-8,,,1.436e-8
494.86,1.574e-8,,,1.574e-8
494.91,1.690e-8,,,1.690e-8
494.96,1.779e-8,,,1.779e-8
495.01,1.834e-8,,,1.834e-8
495.06,1.853e-8,,,1.853e-8
495.11,1.834e-8,,,1.834e-8
495.16,1.779e-8,,,1.779e-8
495.21,1.690e-8,,,1.690e-8
495.26,1.574e-8,,,1.574e-8
495.31,1.436e-8,,,1.436e-8
495.36,1.284e-8,,,1.284e-8
495.41,1.124e-8,,,1.124e-8
495.46,9.646e-9,,,9.646e-9
495.51,8.110e-9,,,8.110e-9
495.56,6.682e-9,,,6.682e-9
495.61,5.393e-9,,,5.393e-9
495.66,4.265e-9,,,4.265e-9
495.71,3.305e-9,,,3.305e-9
495.76,2.509e-9,,,2.509e-9
495.81,1.867e-9,,,1.867e-9
495.86,1.361e-9,,,1.361e-9
495.91,9.718e-10,,,9.718e-10
495.96,6.800e-10,,,6.800e-10
496.01,4.662e-10,,,4.662e-10
496.06,3.132e-10,,,3.132e-10
496.11,2.062e-10,,,2.062e-10
496.16,1.330e-10,,,1.330e-10
496.21,8.402e-11,,,8.402e-11
496.26,5.202e-11,,,5.202e-11
496.31,3.156e-11,,,3.156e-11
496.36,1.876e-11,,,1.876e-11
496.41,1.092e-11,,,1.092e-11
496.46,6.233e-12,,,6.233e-12
496.51,3.485e-12,,,3.485e-12
496.56,1.909e-12,,,1.909e-12
496.61,1.025e-12,,,1.025e-12
496.66,5.388e-13,,,5.388e-13
496.71,2.777e-13,,,2.777e-13
496.76,1.402e-13,,,1.402e-13
496.81,6.934e-14,,,6.934e-14
496.86,3.361e-14,,,3.361e-14
496.91,1.596e-14,,,1.596e-14
496.96,7.427e-15,,,7.427e-15
497.01,3.386e-15,,,3.386e-15
497.06,1.513e-15,,,1.513e-15
497.11,6.620e-16,,,6.620e-16
497.16,5.425e-9,,5.425e-9,2.839e-16
497.21,1.775e-8,,1.775e-8,1.193e-16
497.26,5.692e-8,,5.692e-8,4.911e-17
497.31,1.789e-7,,1.789e-7,1.981e-17
497.36,5.513e-7,,5.513e-7,7.830e-18
497.41,1.665e-6,,1.665e-6,3.032e-18
497.46,4.930e-6,,4.930e-6,1.151e-18
497.51,1.431e-5,,1.431e-5,4.278e-19
497.56,4.069e-5,,4.069e-5,1.558e-19
497.61,1.135e-4,,1.135e-4,5.561e-20
497.66,3.101e-4,,3.101e-4,1.945e-20
497.71,8.307e-4,,8.307e-4,6.664e-21
497.76,2.181e-3,,2.181e-3,2.237e-21
497.81,5.614e-3,,5.614e-3,7.359e-22
497.86,1.417e-2,,1.417e-2,2.422e-22
497.91,3.503e-2,,3.503e-2,9.145e-23
497.96,8.492e-2,,8.492e-2,7.690e-23
498.01,2.018e-1,,2.018e-1,1.780e-22
498.06,4.700e-1,,4.700e-1,5.336e-22
498.11,1.073e+0,,1.073e+0,1.632e-21
498.16,2.401e+0,,2.401e+0,4.894e-21
498.21,5.267e+0,,5.267e+0,1.438e-20
498.26,1.133e+1,,1.133e+1,4.145e-20
498.31,2.387e+1,,2.387e+1,1.171e-19
498.36,4.931e+1,,4.931e+1,3.241e-19
498.41,9.986e+1,,9.986e+1,8.796e-19
498.46,1.982e+2,,1.982e+2,2.340e-18
498.51,3.857e+2,,3.857e+2,6.103e-18
498.56,7.356e+2,,7.356e+2,1.560e-17
498.61,1.375e+3,,1.375e+3,3.910e-17
498.66,2.520e+3,,2.520e+3,9.605e-17
498.71,4.526e+3,,4.526e+3,2.313e-16
498.76,7.968e+3,,7.968e+3,5.460e-16
498.81,1.375e+4,,1.375e+4,1.264e-15
498.86,2.326e+4,,2.326e+4,2.866e-15
498.91,3.857e+4,,3.857e+4,6.373e-15
498.96,6.269e+4,,6.269e+4,1.389e-14
499.01,9.988e+4,,9.988e+4,2.968e-14
499.06,1.560e+5,,1.560e+5,6.218e-14
499.11,2.388e+5,,2.388e+5,1.277e-13
499.16,3.582e+5,,3.582e+5,2.570e-13
499.21,5.269e+5,,5.269e+5,5.070e-13
499.26,7.596e+5,,7.596e+5,9.806e-13
499.31,1.073e+6,,1.073e+6,1.859e-12
499.36,1.487e+6,,1.487e+6,3.455e-12
499.41,2.019e+6,,2.019e+6,6.295e-12
499.46,2.687e+6,,2.687e+6,1.124e-11
499.51,3.505e+6,,3.505e+6,1.968e-11
499.56,4.481e+6,,4.481e+6,3.377e-11
499.61,5.617e+6,,5.617e+6,5.682e-11
499.66,6.901e+6,,6.901e+6,9.370e-11
499.71,8.311e+6,,8.311e+6,1.515e-10
499.76,9.811e+6,,9.811e+6,2.400e-10
499.81,1.135e+7,,1.135e+7,3.728e-10
499.86,1.288e+7,,1.288e+7,5.677e-10
499.91,1.431e+7,,1.431e+7,8.474e-10
499.96,1.560e+7,,1.560e+7,1.240e-9
500.01,1.666e+7,,1.666e+7,1.778e-9
500.06,1.745e+7,,1.745e+7,2.501e-9
500.11,1.791e+7,,1.791e+7,3.447e-9
500.16,1.801e+7,,1.801e+7,4.657e-9
500.21,1.776e+7,,1.776e+7,6.168e-9
500.26,1.717e+7,,1.717e+7,8.007e-9
500.31,1.627e+7,,1.627e+7,1.019e-8
500.36,1.511e+7,,1.511e+7,1.271e-8
500.41,1.375e+7,,1.375e+7,1.555e-8
500.46,1.227e+7,,1.227e+7,1.864e-8
500.51,1.074e+7,,1.074e+7,2.191e-8
500.56,9.211e+6,,9.211e+6,2.524e-8
500.61,7.748e+6,,7.748e+6,2.850e-8
500.66,6.396e+6,,6.396e+6,3.155e-8
500.71,5.186e+6,,5.186e+6,3.423e-8
500.76,4.141e+6,,4.141e+6,3.641e-8
500.81,3.271e+6,,3.271e+6,3.797e-8
500.86,2.580e+6,,2.580e+6,3.881e-8
500.91,2.067e+6,,2.067e+6,3.889e-8
500.96,1.730e+6,,1.730e+6,3.820e-8
501.01,1.568e+6,,1.568e+6,3.678e-8
501.06,1.583e+6,,1.583e+6,3.471e-8
501.11,1.783e+6,2.583e-9,1.783e+6,3.212e-8
501.16,2.181e+6,8.492e-9,2.181e+6,2.913e-8
501.21,2.793e+6,2.737e-8,2.793e+6,2.590e-8
501.26,3.641e+6,8.651e-8,3.641e+6,2.257e-8
501.31,4.745e+6,2.681e-7,4.745e+6,1.928e-8
501.36,6.122e+6,8.147e-7,6.122e+6,1.615e-8
501.41,7.780e+6,2.427e-6,7.780e+6,1.326e-8
501.46,9.714e+6,7.091e-6,9.714e+6,1.067e-8
501.51,1.191e+7,2.031e-5,1.191e+7,8.417e-9
501.56,1.431e+7,5.705e-5,1.431e+7,6.509e-9
501.61,1.687e+7,1.571e-4,1.687e+7,4.934e-9
501.66,1.950e+7,4.243e-4,1.950e+7,3.666e-9
501.71,2.209e+7,1.123e-3,2.209e+7,2.671e-9
501.76,2.454e+7,2.917e-3,2.454e+7,1.907e-9
501.81,2.672e+7,7.425e-3,2.672e+7,1.335e-9
501.86,2.853e+7,1.853e-2,2.853e+7,9.159e-10
501.91,2.986e+7,4.536e-2,2.986e+7,6.160e-10
501.96,3.064e+7,1.089e-1,3.064e+7,4.062e-10
502.01,3.083e+7,2.561e-1,3.083e+7,2.625e-10
502.06,3.040e+7,5.909e-1,3.040e+7,1.663e-10
502.11,2.939e+7,1.337e+0,2.939e+7,1.033e-10
502.16,2.786e+7,2.965e+0,2.786e+7,6.290e-11
502.21,2.589e+7,6.449e+0,2.589e+7,3.754e-11
502.26,2.358e+7,1.375e+1,2.358e+7,2.196e-11
502.31,2.106e+7,2.876e+1,2.106e+7,1.259e-11
502.36,1.844e+7,5.897e+1,1.844e+7,7.080e-12
502.41,1.583e+7,1.185e+2,1.583e+7,3.902e-12
502.46,1.332e+7,2.337e+2,1.332e+7,2.108e-12
502.51,1.099e+7,4.517e+2,1.099e+7,1.116e-12
502.56,8.886e+6,8.560e+2,8.885e+6,5.798e-13
502.61,7.046e+6,1.591e+3,7.044e+6,2.958e-13
502.66,5.478e+6,2.898e+3,5.475e+6,1.493e-13
502.71,4.177e+6,5.178e+3,4.172e+6,7.673e-14
502.76,3.126e+6,9.071e+3,3.117e+6,4.487e-14
502.81,2.298e+6,1.558e+4,2.282e+6,3.822e-14
502.86,1.665e+6,2.624e+4,1.639e+6,5.323e-14
502.91,1.197e+6,4.333e+4,1.153e+6,9.668e-14
502.96,8.660e+5,7.017e+4,7.959e+5,1.881e-13
503.01,6.498e+5,1.114e+5,5.384e+5,3.668e-13
503.06,5.305e+5,1.734e+5,3.570e+5,7.051e-13
503.11,4.968e+5,2.647e+5,2.321e+5,1.331e-12
503.16,5.442e+5,3.962e+5,1.480e+5,2.468e-12
503.21,6.739e+5,5.814e+5,9.245e+4,4.489e-12
503.26,8.933e+5,8.367e+5,5.663e+4,8.014e-12
503.31,1.214e+6,1.180e+6,3.401e+4,1.404e-11
503.36,1.653e+6,1.633e+6,2.002e+4,2.416e-11
503.41,2.227e+6,2.215e+6,1.156e+4,4.080e-11
503.46,2.953e+6,2.947e+6,6.540e+3,6.767e-11
503.51,3.846e+6,3.843e+6,3.628e+3,1.102e-10
503.56,4.916e+6,4.914e+6,1.973e+3,1.763e-10
503.61,6.162e+6,6.161e+6,1.052e+3,2.771e-10
503.66,7.576e+6,7.575e+6,5.497e+2,4.280e-10
503.71,9.132e+6,9.131e+6,2.817e+2,6.495e-10
503.76,1.079e+7,1.079e+7,1.415e+2,9.688e-10
503.81,1.251e+7,1.251e+7,6.968e+1,1.421e-9
503.86,1.422e+7,1.422e+7,3.364e+1,2.049e-9
503.91,1.584e+7,1.584e+7,1.592e+1,2.906e-9
503.96,1.731e+7,1.731e+7,7.389e+0,4.053e-9
504.01,1.854e+7,1.854e+7,3.361e+0,5.563e-9
504.06,1.947e+7,1.947e+7,1.499e+0,7.513e-9
504.11,2.006e+7,2.006e+7,6.553e-1,9.985e-9
504.16,2.026e+7,2.026e+7,2.809e-1,1.306e-8
504.21,2.006e+7,2.006e+7,1.180e-1,1.682e-8
504.26,1.947e+7,1.947e+7,4.861e-2,2.131e-8
504.31,1.854e+7,1.854e+7,1.963e-2,2.659e-8
504.36,1.731e+7,1.731e+7,7.772e-3,3.267e-8
504.41,1.584e+7,1.584e+7,3.017e-3,3.950e-8
504.46,1.422e+7,1.422e+7,1.148e-3,4.701e-8
504.51,1.251e+7,1.251e+7,4.282e-4,5.507e-8
504.56,1.079e+7,1.079e+7,1.566e-4,6.349e-8
504.61,9.131e+6,9.131e+6,5.614e-5,7.202e-8
504.66,7.575e+6,7.575e+6,1.973e-5,8.039e-8
504.71,6.161e+6,6.161e+6,6.798e-6,8.827e-8
504.76,4.914e+6,4.914e+6,2.296e-6,9.533e-8
504.81,3.843e+6,3.843e+6,7.605e-7,1.012e-7
504.86,2.947e+6,2.947e+6,2.469e-7,1.057e-7
504.91,2.215e+6,2.215e+6,7.858e-8,1.085e-7
504.96,1.633e+6,1.633e+6,2.452e-8,1.094e-7
505.01,1.180e+6,1.180e+6,7.500e-9,1.085e-7
505.06,8.367e+5,8.367e+5,,1.056e-7
505.11,5.814e+5,5.814e+5,,1.011e-7
505.16,3.962e+5,3.962e+5,,9.496e-8
505.21,2.647e+5,2.647e+5,,8.764e-8
505.26,1.734e+5,1.734e+5,,7.944e-8
505.31,1.114e+5,1.114e+5,,7.072e-8
505.36,7.017e+4,7.017e+4,,6.186e-8
505.41,4.333e+4,4.333e+4,,5.318e-8
505.46,2.624e+4,2.624e+4,,4.498e-8
505.51,1.558e+4,1.558e+4,,3.748e-8
505.56,9.071e+3,9.071e+3,,3.086e-8
505.61,5.178e+3,5.178e+3,,2.521e-8
505.66,2.898e+3,2.898e+3,,2.057e-8
505.71,1.591e+3,1.591e+3,,1.693e-8
505.76,8.560e+2,8.560e+2,,1.424e-8
505.81,4.517e+2,4.517e+2,,1.242e-8
505.86,2.337e+2,2.337e+2,,1.135e-8
505.91,1.185e+2,1.185e+2,,1.092e-8
505.96,5.897e+1,5.897e+1,,1.099e-8
506.01,2.876e+1,2.876e+1,,1.145e-8
506.06,1.375e+1,1.375e+1,,1.217e-8
506.11,6.449e+0,6.449e+0,,1.302e-8
506.16,2.965e+0,2.965e+0,,1.390e-8
506.21,1.337e+0,1.337e+0,,1.471e-8
506.26,5.909e-1,5.909e-1,,1.536e-8
506.31,2.561e-1,2.561e-1,,1.579e-8
506.36,1.089e-1,1.089e-1,,1.595e-8
506.41,4.536e-2,4.536e-2,,1.583e-8
506.46,1.853e-2,1.853e-2,,1.542e-8
506.51,7.425e-3,7.425e-3,,1.473e-8
506.56,2.917e-3,2.917e-3,,1.381e-8
506.61,1.124e-3,1.123e-3,,1.269e-8
506.66,4.243e-4,4.243e-4,,1.145e-8
506.71,1.571e-4,1.571e-4,,1.012e-8
506.76,5.706e-5,5.705e-5,,8.779e-9
506.81,2.032e-5,2.031e-5,,7.467e-9
506.86,7.098e-6,7.091e-6,,6.228e-9
506.91,2.432e-6,2.427e-6,,5.095e-9
506.96,8.188e-7,8.147e-7,,4.087e-9
507.01,2.713e-7,2.681e-7,,3.216e-9
507.06,8.899e-8,8.651e-8,,2.481e-9
507.11,2.925e-8,2.737e-8,,1.877e-9
507.16,9.885e-9,8.492e-9,,1.393e-9
507.21,3.597e-9,2.583e-9,,1.014e-9
507.26,7.234e-10,,,7.234e-10
507.31,5.063e-10,,,5.063e-10
507.36,3.475e-10,,,3.475e-10
507.41,2.339e-10,,,2.339e-10
507.46,1.544e-10,,,1.544e-10
507.51,9.996e-11,,,9.996e-11
507.56,6.346e-11,,,6.346e-11
507.61,3.951e-11,,,3.951e-11
507.66,2.413e-11,,,2.413e-11
507.71,1.445e-11,,,1.445e-11
507.76,8.483e-12,,,8.483e-12
507.81,4.885e-12,,,4.885e-12
507.86,2.759e-12,,,2.759e-12
507.91,1.528e-12,,,1.528e-12
507.96,8.300e-13,,,8.300e-13
508.01,4.421e-13,,,4.421e-13
508.06,2.310e-13,,,2.310e-13
508.11,1.183e-13,,,1.183e-13
508.16,5.945e-14,,,5.945e-14
508.21,2.929e-14,,,2.929e-14
508.26,1.415e-14,,,1.415e-14
508.31,6.706e-15,,,6.706e-15
508.36,3.116e-15,,,3.116e-15
508.41,1.420e-15,,,1.420e-15
508.46,6.348e-16,,,6.348e-16
508.51,2.782e-16,,,2.782e-16
508.56,1.196e-16,,,1.196e-16
508.61,5.042e-17,,,5.042e-17
508.66,2.087e-17,,,2.087e-17
508.71,8.530e-18,,,8.530e-18
508.76,3.575e-18,,,3.575e-18
508.81,1.875e-18,,,1.875e-18
508.86,1.952e-18,,,1.952e-18
508.91,3.844e-18,,,3.844e-18
508.96,9.103e-18,,,9.103e-18
509.01,2.193e-17,,,2.193e-17
509.06,5.210e-17,,,5.210e-17
509.11,1.215e-16,,,1.215e-16
509.16,2.782e-16,,,2.782e-16
509.21,6.248e-16,,,6.248e-16
509.26,1.376e-15,,,1.376e-15
509.31,2.975e-15,,,2.975e-15
509.36,6.309e-15,,,6.309e-15
509.42,1.516e-14,,,1.516e-14
509.47,3.082e-14,,,3.082e-14
509.52,6.148e-14,,,6.148e-14
509.57,1.203e-13,,,1.203e-13
509.62,2.310e-13,,,2.310e-13
509.67,4.350e-13,,,4.350e-13
509.72,8.037e-13,,,8.037e-13
509.77,1.457e-12,,,1.457e-12
509.82,2.591e-12,,,2.591e-12
509.87,4.520e-12,,,4.520e-12
509.92,7.737e-12,,,7.737e-12
509.97,1.299e-11,,,1.299e-11
510.02,2.140e-11,,,2.140e-11
510.07,3.459e-11,,,3.459e-11
510.12,5.484e-11,,,5.484e-11
510.17,8.531e-11,,,8.531e-11
510.22,1.302e-10,,,1.302e-10
510.27,1.949e-10,,,1.949e-10
510.32,2.863e-10,,,2.863e-10
510.37,4.125e-10,,,4.125e-10
510.42,5.831e-10,,,5.831e-10
510.47,8.087e-10,,,8.087e-10
510.52,1.100e-9,,,1.100e-9
510.57,1.469e-9,,,1.469e-9
510.62,1.923e-9,,,1.923e-9
510.67,2.471e-9,,,2.471e-9
510.72,3.115e-9,,,3.115e-9
510.77,3.851e-9,,,3.851e-9
510.82,4.672e-9,,,4.672e-9
510.87,5.560e-9,,,5.560e-9
510.92,6.492e-9,,,6.492e-9
510.97,7.436e-9,,,7.436e-9
511.02,8.356e-9,,,8.356e-9
511.07,9.212e-9,,,9.212e-9
511.12,9.964e-9,,,9.964e-9
511.17,1.057e-8,,,1.057e-8
511.22,1.101e-8,,,1.101e-8
511.27,1.124e-8,,,1.124e-8
511.32,1.126e-8,,,1.126e-8
511.37,1.107e-8,,,1.107e-8
511.42,1.067e-8,,,1.067e-8
511.47,1.010e-8,,,1.010e-8
511.52,9.372e-9,,,9.372e-9
511.57,8.534e-9,,,8.534e-9
511.62,7.623e-9,,,7.623e-9
511.67,6.681e-9,,,6.681e-9
511.72,5.744e-9,,,5.744e-9
511.77,4.845e-9,,,4.845e-9
511.82,4.009e-9,,,4.009e-9
511.87,3.255e-9,,,3.255e-9
511.92,2.592e-9,,,2.592e-9
511.97,2.026e-9,,,2.026e-9
512.02,1.553e-9,,,1.553e-9
512.07,1.168e-9,,,1.168e-9
512.12,8.623e-10,,,8.623e-10
512.17,6.252e-10,,,6.252e-10
512.22,4.459e-10,,,4.459e-10
512.27,3.140e-10,,,3.140e-10
512.32,2.205e-10,,,2.205e-10
512.37,1.580e-10,,,1.580e-10
512.42,1.209e-10,,,1.209e-10
512.47,1.062e-10,,,1.062e-10
512.52,1.129e-10,,,1.129e-10
512.57,1.427e-10,,,1.427e-10
512.62,2.003e-10,,,2.003e-10
512.67,2.933e-10,,,2.933e-10
512.72,4.328e-10,,,4.328e-10
512.77,6.336e-10,,,6.336e-10
512.82,9.142e-10,,,9.142e-10
512.87,1.296e-9,,,1.296e-9
512.92,1.805e-9,,,1.805e-9
512.97,2.467e-9,,,2.467e-9
513.02,3.309e-9,,,3.309e-9
513.07,4.355e-9,,,4.355e-9
513.12,5.624e-9,,,5.624e-9
513.17,7.126e-9,,,7.126e-9
513.22,8.860e-9,,,8.860e-9
513.27,1.081e-8,,,1.081e-8
513.32,1.294e-8,,,1.294e-8
513.37,1.520e-8,,,1.520e-8
513.42,1.752e-8,,,1.752e-8
513.47,1.982e-8,,,1.982e-8
513.52,2.199e-8,,,2.199e-8
513.57,2.395e-8,,,2.395e-8
513.62,2.559e-8,,,2.559e-8
513.67,2.683e-8,,,2.683e-8
513.72,2.761e-8,,,2.761e-8
513.77,2.787e-8,,,2.787e-8
513.82,2.761e-8,,,2.761e-8
513.87,2.683e-8,,,2.683e-8
513.92,2.559e-8,,,2.559e-8
513.97,2.395e-8,,,2.395e-8
514.02,2.199e-8,,,2.199e-8
514.07,1.982e-8,,,1.982e-8
514.12,1.752e-8,,,1.752e-8
514.17,1.520e-8,,,1.520e-8
514.22,1.294e-8,,,1.294e-8
514.27,1.081e-8,,,1.081e-8
514.32,8.860e-9,,,8.860e-9
514.37,7.126e-9,,,7.126e-9
514.42,5.624e-9,,,5.624e-9
514.47,4.355e-9,,,4.355e-9
514.52,3.309e-9,,,3.309e-9
514.57,2.467e-9,,,2.467e-9
514.62,1.805e-9,,,1.805e-9
514.67,1.296e-9,,,1.296e-9
514.72,9.126e-10,,,9.126e-10
514.77,6.307e-10,,,6.307e-10
514.82,4.278e-10,,,4.278e-10
514.87,2.847e-10,,,2.847e-10
514.92,1.859e-10,,,1.859e-10
514.97,1.191e-10,,,1.191e-10
515.02,7.488e-11,,,7.488e-11
515.07,4.620e-11,,,4.620e-11
515.12,2.796e-11,,,2.796e-11
515.17,1.661e-11,,,1.661e-11
515.22,9.681e-12,,,9.681e-12
515.27,5.537e-12,,,5.537e-12
515.32,3.107e-12,,,3.107e-12
515.37,1.711e-12,,,1.711e-12
515.42,9.244e-13,,,9.244e-13
515.47,4.901e-13,,,4.901e-13
515.52,2.549e-13,,,2.549e-13
515.57,1.301e-13,,,1.301e-13
515.62,6.518e-14,,,6.518e-14
515.67,3.204e-14,,,3.204e-14
515.72,1.545e-14,,,1.545e-14
515.77,8.294e-9,8.294e-9,,7.311e-15
515.82,2.608e-8,2.608e-8,,3.395e-15
515.87,8.052e-8,8.052e-8,,1.547e-15
515.92,2.440e-7,2.440e-7,,6.915e-16
515.97,7.258e-7,7.258e-7,,3.034e-16
516.02,2.119e-6,2.119e-6,,1.306e-16
516.07,6.074e-6,6.074e-6,,5.515e-17
516.12,1.709e-5,1.709e-5,,2.286e-17
516.17,4.719e-5,4.719e-5,,9.296e-18
516.22,1.279e-4,1.279e-4,,3.709e-18
516.27,3.404e-4,3.404e-4,,1.452e-18
516.32,8.892e-4,8.892e-4,,5.580e-19
516.37,2.280e-3,2.280e-3,,2.104e-19
516.42,5.738e-3,5.738e-3,,7.782e-20
516.47,1.417e-2,1.417e-2,,2.825e-20
516.52,3.437e-2,3.437e-2,,1.006e-20
516.57,8.182e-2,8.182e-2,,3.516e-21
516.62,1.912e-1,1.912e-1,,1.206e-21
516.67,4.385e-1,4.385e-1,,4.058e-22
516.72,9.872e-1,9.872e-1,,1.340e-22
516.77,2.182e+0,2.182e+0,,4.341e-23
516.82,4.733e+0,4.733e+0,,1.380e-23
516.87,1.008e+1,1.008e+1,,4.304e-24
516.92,2.106e+1,2.106e+1,,
516.97,4.322e+1,4.322e+1,,
517.02,8.704e+1,8.704e+1,,3.865e-24
517.07,1.721e+2,1.721e+2,,1.213e-23
517.12,3.339e+2,3.339e+2,,3.739e-23
517.17,6.360e+2,6.360e+2,,1.131e-22
517.22,1.189e+3,1.189e+3,,3.360e-22
517.27,2.183e+3,2.183e+3,,9.796e-22
517.32,3.933e+3,3.933e+3,,2.804e-21
517.37,6.955e+3,6.955e+3,,7.878e-21
517.42,1.207e+4,1.207e+4,,2.173e-20
517.47,2.057e+4,2.057e+4,,5.884e-20
517.52,3.441e+4,3.441e+4,,1.564e-19
517.57,5.650e+4,5.650e+4,,4.082e-19
517.62,9.106e+4,9.106e+4,,1.046e-18
517.67,1.441e+5,1.441e+5,,2.630e-18
517.72,2.237e+5,2.237e+5,,6.493e-18
517.77,3.410e+5,3.410e+5,,1.574e-17
517.82,5.102e+5,5.102e+5,,3.744e-17
517.87,7.494e+5,7.494e+5,,8.745e-17
517.92,1.080e+6,1.080e+6,,2.005e-16
517.97,1.529e+6,1.529e+6,,4.513e-16
518.02,2.124e+6,2.124e+6,,9.973e-16
518.07,2.896e+6,2.896e+6,,2.163e-15
518.12,3.877e+6,3.877e+6,,4.607e-15
518.17,5.094e+6,5.094e+6,,9.631e-15
518.22,6.569e+6,6.569e+6,,1.976e-14
518.27,8.317e+6,8.317e+6,,3.982e-14
518.32,1.034e+7,1.034e+7,,7.875e-14
518.37,1.261e+7,1.261e+7,,1.529e-13
518.42,1.510e+7,1.510e+7,,2.914e-13
518.47,1.774e+7,1.774e+7,,5.453e-13
518.52,2.047e+7,2.047e+7,,1.002e-12
518.57,2.318e+7,2.318e+7,,1.806e-12
518.62,2.577e+7,2.577e+7,,3.197e-12
518.67,2.812e+7,2.812e+7,,5.556e-12
518.72,3.012e+7,3.012e+7,,9.478e-12
518.77,3.167e+7,3.167e+7,,1.587e-11
518.82,3.269e+7,3.269e+7,,2.610e-11
518.87,3.311e+7,3.311e+7,,4.212e-11
518.92,3.293e+7,3.293e+7,,6.673e-11
518.97,3.214e+7,3.214e+7,,1.038e-10
519.02,3.080e+7,3.080e+7,,1.585e-10
519.07,2.897e+7,2.897e+7,,2.375e-10
519.12,2.675e+7,2.675e+7,,3.495e-10
519.17,2.424e+7,2.424e+7,,5.049e-10
519.22,2.156e+7,2.156e+7,,7.160e-10
519.27,1.883e+7,1.883e+7,,9.967e-10
519.32,1.614e+7,1.614e+7,,1.362e-9
519.37,1.358e+7,1.358e+7,,1.827e-9
519.42,1.121e+7,1.121e+7,,2.407e-9
519.47,9.092e+6,9.092e+6,,3.112e-9
519.52,7.235e+6,7.235e+6,,3.950e-9
519.57,5.652e+6,5.652e+6,,4.921e-9
519.62,4.334e+6,4.334e+6,,6.019e-9
519.67,3.262e+6,3.262e+6,,7.228e-9
519.72,2.410e+6,2.410e+6,,8.520e-9
519.77,1.748e+6,1.748e+6,,9.859e-9
519.82,1.244e+6,1.244e+6,,1.120e-8
519.87,8.694e+5,8.694e+5,,1.249e-8
519.92,5.964e+5,5.964e+5,,1.367e-8
519.97,4.015e+5,4.015e+5,,1.470e-8
520.02,2.654e+5,2.654e+5,,1.551e-8
520.07,1.722e+5,1.722e+5,,1.606e-8
520.12,1.096e+5,1.096e+5,,1.633e-8
520.17,6.853e+4,6.853e+4,,1.630e-8
520.22,4.205e+4,4.205e+4,,1.597e-8
520.27,2.533e+4,2.533e+4,,1.536e-8
520.32,1.498e+4,1.498e+4,,1.451e-8
520.37,8.691e+3,8.691e+3,,1.345e-8
520.42,4.951e+3,4.951e+3,,1.224e-8
520.47,2.769e+3,2.769e+3,,1.093e-8
520.52,1.520e+3,1.520e+3,,9.590e-9
520.57,8.188e+2,8.188e+2,,8.257e-9
520.62,4.331e+2,4.331e+2,,6.978e-9
520.67,2.248e+2,2.248e+2,,5.790e-9
520.72,1.146e+2,1.146e+2,,4.716e-9
520.77,5.731e+1,5.731e+1,,3.771e-9
520.82,2.814e+1,2.814e+1,,2.960e-9
520.87,1.356e+1,1.356e+1,,2.281e-9
520.92,6.417e+0,6.417e+0,,1.726e-9
520.97,2.980e+0,2.980e+0,,1.282e-9
521.02,1.359e+0,1.359e+0,,9.343e-10
521.07,6.080e-1,6.080e-1,,6.687e-10
521.12,2.671e-1,2.671e-1,,4.698e-10
521.17,1.151e-1,1.151e-1,,3.240e-10
521.22,4.873e-2,4.873e-2,,2.194e-10
521.27,2.025e-2,2.025e-2,,1.459e-10
521.32,8.257e-3,8.257e-3,,9.531e-11
521.37,3.305e-3,3.305e-3,,6.126e-11
521.42,1.299e-3,1.299e-3,,3.893e-11
521.47,5.009e-4,5.009e-4,,2.479e-11
521.52,1.897e-4,1.897e-4,,1.643e-11
521.57,7.048e-5,7.048e-5,,1.234e-11
521.62,2.571e-5,2.571e-5,,1.178e-11
521.67,9.208e-6,9.208e-6,,1.476e-11
521.72,3.237e-6,3.237e-6,,2.209e-11
521.77,1.117e-6,1.117e-6,,3.549e-11
521.82,3.783e-7,3.782e-7,,5.788e-11
521.87,1.258e-7,1.257e-7,,9.373e-11
521.92,4.119e-8,4.104e-8,,1.496e-10
521.97,1.338e-8,1.315e-8,,2.348e-10
522.02,4.495e-9,4.133e-9,,3.619e-10
522.07,5.478e-10,,,5.478e-10
522.12,8.143e-10,,,8.143e-10
522.17,1.189e-9,,,1.189e-9
522.22,1.703e-9,,,1.703e-9
522.27,2.397e-9,,,2.397e-9
522.32,3.312e-9,,,3.312e-9
522.37,4.493e-9,,,4.493e-9
522.42,5.986e-9,,,5.986e-9
522.47,7.829e-9,,,7.829e-9
522.52,1.006e-8,,,1.006e-8
522.57,1.268e-8,,,1.268e-8
522.62,1.570e-8,,,1.570e-8
522.67,1.909e-8,,,1.909e-8
522.72,2.279e-8,,,2.279e-8
522.77,2.672e-8,,,2.672e-8
522.82,3.076e-8,,,3.076e-8
522.87,3.476e-8,,,3.476e-8
522.92,3.857e-8,,,3.857e-8
522.97,4.203e-8,,,4.203e-8
523.02,4.805e-8,3.077e-9,,4.497e-8
523.07,6.089e-8,1.364e-8,,4.725e-8
523.12,9.040e-8,4.166e-8,,4.874e-8
523.17,1.743e-7,1.249e-7,,4.937e-8
523.22,4.170e-7,3.679e-7,,4.911e-8
523.27,1.115e-6,1.067e-6,,4.798e-8
523.32,3.079e-6,3.033e-6,,4.603e-8
523.37,8.513e-6,8.470e-6,,4.339e-8
523.42,2.326e-5,2.322e-5,,4.019e-8
523.47,6.257e-5,6.253e-5,,3.660e-8
523.52,1.654e-4,1.654e-4,,3.281e-8
523.57,4.297e-4,4.297e-4,,2.902e-8
523.62,1.096e-3,1.096e-3,,2.539e-8
523.67,2.748e-3,2.748e-3,,2.209e-8
523.72,6.765e-3,6.765e-3,,1.928e-8
523.77,1.636e-2,1.636e-2,,1.710e-8
523.82,3.885e-2,3.885e-2,,1.564e-8
523.87,9.065e-2,9.065e-2,,1.502e-8
523.92,2.077e-1,2.077e-1,,1.531e-8
523.97,4.676e-1,4.676e-1,,1.657e-8
524.02,1.034e+0,1.034e+0,,1.884e-8
524.07,2.246e+0,2.246e+0,,2.216e-8
524.12,4.791e+0,4.791e+0,,2.651e-8
524.17,1.004e+1,1.004e+1,,3.185e-8
524.22,2.067e+1,2.067e+1,,3.810e-8
524.27,4.180e+1,4.180e+1,,4.511e-8
524.32,8.305e+1,8.305e+1,,5.269e-8
524.37,1.621e+2,1.621e+2,,6.060e-8
524.42,3.108e+2,3.108e+2,,6.856e-8
524.47,5.854e+2,5.854e+2,,7.622e-8
524.52,1.083e+3,1.083e+3,,8.326e-8
524.57,1.970e+3,1.970e+3,,8.934e-8
524.62,3.519e+3,3.519e+3,,9.415e-8
524.67,6.176e+3,6.176e+3,,9.744e-8
524.72,1.065e+4,1.065e+4,,9.904e-8
524.77,1.805e+4,1.805e+4,,9.886e-8
524.82,3.006e+4,3.006e+4,,9.690e-8
524.87,4.920e+4,4.920e+4,,9.328e-8
524.92,7.914e+4,7.914e+4,,8.817e-8
524.97,1.251e+5,1.251e+5,,8.184e-8
525.02,1.944e+5,1.944e+5,,7.460e-8
525.07,2.970e+5,2.970e+5,,6.678e-8
525.12,4.459e+5,4.459e+5,,5.870e-8
525.17,6.584e+5,6.584e+5,,5.067e-8
525.22,9.558e+5,9.558e+5,,4.296e-8
525.27,1.365e+6,1.365e+6,,3.576e-8
525.32,1.916e+6,1.916e+6,,2.923e-8
525.37,2.646e+6,2.646e+6,,2.347e-8
525.42,3.596e+6,3.596e+6,,1.850e-8
525.47,4.808e+6,4.808e+6,,1.432e-8
525.52,6.326e+6,6.326e+6,,1.089e-8
525.57,8.193e+6,8.193e+6,,8.136e-9
525.62,1.045e+7,1.045e+7,,5.975e-9
525.67,1.312e+7,1.312e+7,,4.321e-9
525.72,1.622e+7,1.622e+7,,3.087e-9
525.77,1.977e+7,1.977e+7,,2.199e-9
525.82,2.375e+7,2.375e+7,,1.591e-9
525.87,2.812e+7,2.812e+7,,1.215e-9
525.92,3.284e+7,3.284e+7,,1.039e-9
525.97,3.783e+7,3.783e+7,,1.047e-9
526.02,4.303e+7,4.303e+7,,1.245e-9
526.07,4.832e+7,4.832e+7,,1.656e-9
526.12,5.363e+7,5.363e+7,,2.324e-9
526.17,5.884e+7,5.884e+7,,3.312e-9
526.22,6.386e+7,6.386e+7,,4.705e-9
526.27,6.862e+7,6.862e+7,,6.605e-9
526.32,7.305e+7,7.305e+7,,9.131e-9
526.37,7.709e+7,7.709e+7,,1.241e-8
526.42,8.071e+7,8.071e+7,,1.657e-8
526.47,8.388e+7,8.388e+7,,2.174e-8
526.52,8.660e+7,8.660e+7,,2.802e-8
526.57,8.884e+7,8.884e+7,,3.547e-8
526.62,9.061e+7,9.061e+7,,4.409e-8
526.67,9.187e+7,9.187e+7,,5.384e-8
526.72,9.259e+7,9.259e+7,,6.456e-8
526.77,9.275e+7,9.275e+7,,7.605e-8
526.82,9.228e+7,9.228e+7,,8.798e-8
526.87,9.115e+7,9.115e+7,,9.996e-8
526.92,8.931e+7,8.931e+7,,1.116e-7
526.97,8.673e+7,8.673e+7,,1.223e-7
527.02,8.340e+7,8.340e+7,,1.316e-7
527.07,7.935e+7,7.935e+7,,1.392e-7
527.12,7.463e+7,7.463e+7,,1.445e-7
527.17,6.933e+7,6.933e+7,,1.474e-7
527.22,6.356e+7,6.356e+7,,1.477e-7
527.27,5.748e+7,5.748e+7,,1.453e-7
527.32,5.123e+7,5.123e+7,,1.404e-7
527.37,4.499e+7,4.499e+7,,1.333e-7
527.42,3.891e+7,3.891e+7,,1.243e-7
527.47,3.312e+7,3.312e+7,,1.138e-7
527.52,2.774e+7,2.774e+7,1.115e-9,1.023e-7
527.57,2.286e+7,2.286e+7,3.442e-9,9.038e-8
527.62,1.852e+7,1.852e+7,1.044e-8,7.841e-8
527.67,1.476e+7,1.476e+7,3.110e-8,6.681e-8
527.72,1.156e+7,1.156e+7,9.103e-8,5.591e-8
527.77,8.899e+6,8.899e+6,2.617e-7,4.595e-8
527.82,6.733e+6,6.733e+6,7.394e-7,3.710e-8
527.87,5.007e+6,5.007e+6,2.052e-6,2.942e-8
527.92,3.658e+6,3.658e+6,5.594e-6,2.291e-8
527.97,2.626e+6,2.626e+6,1.498e-5,1.752e-8
528.02,1.852e+6,1.852e+6,3.943e-5,1.316e-8
528.07,1.283e+6,1.283e+6,1.019e-4,9.712e-9
528.12,8.736e+5,8.736e+5,2.588e-4,7.039e-9
528.17,5.842e+5,5.842e+5,6.457e-4,5.010e-9
528.22,3.837e+5,3.837e+5,1.582e-3,3.504e-9
528.27,2.476e+5,2.476e+5,3.810e-3,2.407e-9
528.32,1.569e+5,1.569e+5,9.013e-3,1.626e-9
528.37,9.769e+4,9.769e+4,2.094e-2,1.082e-9
528.42,5.974e+4,5.974e+4,4.781e-2,7.113e-10
528.47,3.588e+4,3.588e+4,1.072e-1,4.668e-10
528.52,2.117e+4,2.117e+4,2.363e-1,3.125e-10
528.57,1.227e+4,1.226e+4,5.114e-1,2.235e-10
528.62,6.981e+3,6.980e+3,1.087e+0,1.830e-10
528.67,3.904e+3,3.902e+3,2.272e+0,1.816e-10
528.72,2.147e+3,2.142e+3,4.662e+0,2.153e-10
528.77,1.165e+3,1.155e+3,9.399e+0,2.853e-10
528.82,6.305e+2,6.119e+2,1.862e+1,3.970e-10
528.87,3.545e+2,3.183e+2,3.622e+1,5.596e-10
528.92,2.319e+2,1.626e+2,6.924e+1,7.866e-10
528.97,2.116e+2,8.161e+1,1.300e+2,1.096e-9
529.02,2.801e+2,4.022e+1,2.399e+2,1.508e-9
529.07,4.543e+2,1.947e+1,4.348e+2,2.048e-9
529.12,7.835e+2,9.257e+0,7.742e+2,2.747e-9
529.17,1.359e+3,4.323e+0,1.354e+3,3.635e-9
529.22,2.329e+3,1.983e+0,2.327e+3,4.748e-9
529.27,3.930e+3,8.931e-1,3.929e+3,6.119e-9
529.32,6.516e+3,3.951e-1,6.516e+3,7.783e-9
529.37,1.062e+4,1.717e-1,1.062e+4,9.766e-9
529.42,1.699e+4,7.328e-2,1.699e+4,1.209e-8
529.47,2.672e+4,3.072e-2,2.672e+4,1.476e-8
529.52,4.128e+4,1.265e-2,4.128e+4,1.778e-8
529.57,6.265e+4,5.113e-3,6.265e+4,2.111e-8
529.62,9.341e+4,2.031e-3,9.341e+4,2.471e-8
529.67,1.368e+5,7.921e-4,1.368e+5,2.851e-8
529.72,1.969e+5,3.034e-4,1.969e+5,3.240e-8
529.77,2.783e+5,1.142e-4,2.783e+5,3.628e-8
529.82,3.865e+5,4.219e-5,3.865e+5,4.001e-8
529.87,5.273e+5,1.531e-5,5.273e+5,4.345e-8
529.92,7.067e+5,5.459e-6,7.067e+5,4.644e-8
529.97,9.306e+5,1.911e-6,9.306e+5,4.886e-8
530.02,1.204e+6,6.573e-7,1.204e+6,5.059e-8
530.07,1.530e+6,2.220e-7,1.530e+6,5.153e-8
530.12,1.910e+6,7.364e-8,1.910e+6,5.164e-8
530.17,2.342e+6,2.399e-8,2.342e+6,5.089e-8
530.22,2.822e+6,,2.822e+6,4.933e-8
530.27,3.341e+6,,3.341e+6,4.702e-8
530.32,3.885e+6,,3.885e+6,4.406e-8
530.37,4.438e+6,,4.438e+6,4.059e-8
530.42,4.981e+6,,4.981e+6,3.676e-8
530.47,5.492e+6,,5.492e+6,3.273e-8
530.52,5.948e+6,,5.948e+6,2.864e-8
530.57,6.329e+6,,6.329e+6,2.463e-8
530.62,6.617e+6,,6.617e+6,2.083e-8
530.67,6.795e+6,,6.795e+6,1.732e-8
530.72,6.856e+6,,6.856e+6,1.417e-8
530.77,6.795e+6,,6.795e+6,1.142e-8
530.82,6.617e+6,,6.617e+6,9.093e-9
530.87,6.329e+6,,6.329e+6,7.186e-9
530.92,5.948e+6,,5.948e+6,5.692e-9
530.97,5.492e+6,,5.492e+6,4.598e-9
531.02,4.981e+6,,4.981e+6,3.888e-9
531.07,4.438e+6,,4.438e+6,3.557e-9
531.12,3.885e+6,,3.885e+6,3.605e-9
531.17,3.341e+6,,3.341e+6,4.045e-9
531.22,2.822e+6,,2.822e+6,4.903e-9
531.27,2.342e+6,,2.342e+6,6.216e-9
531.32,1.910e+6,,1.910e+6,8.030e-9
531.37,1.530e+6,,1.530e+6,1.039e-8
531.42,1.204e+6,,1.204e+6,1.335e-8
531.47,9.306e+5,,9.306e+5,1.693e-8
531.52,7.067e+5,,7.067e+5,2.117e-8
531.57,5.273e+5,,5.273e+5,2.603e-8
531.62,3.865e+5,,3.865e+5,3.149e-8
531.67,2.783e+5,,2.783e+5,3.745e-8
531.72,1.969e+5,,1.969e+5,4.379e-8
531.77,1.368e+5,,1.368e+5,5.036e-8
531.82,9.341e+4,,9.341e+4,5.697e-8
531.87,6.265e+4,,6.265e+4,6.339e-8
531.92,4.128e+4,,4.128e+4,6.942e-8
531.97,2.672e+4,,2.672e+4,7.484e-8
532.02,1.699e+4,,1.699e+4,7.948e-8
532.07,1.062e+4,,1.062e+4,8.319e-8
532.12,6.516e+3,,6.516e+3,8.588e-8
532.17,3.929e+3,,3.929e+3,8.753e-8
532.22,2.327e+3,,2.327e+3,8.815e-8
532.27,1.354e+3,,1.354e+3,8.784e-8
532.32,7.742e+2,,7.742e+2,8.670e-8
532.37,4.348e+2,,4.348e+2,8.489e-8
532.42,2.399e+2,,2.399e+2,8.256e-8
532.47,1.300e+2,,1.300e+2,7.987e-8
532.52,6.924e+1,,6.924e+1,7.694e-8
532.57,3.622e+1,,3.622e+1,7.388e-8
532.62,1.862e+1,,1.862e+1,7.076e-8
532.67,9.399e+0,,9.399e+0,6.760e-8
532.72,4.662e+0,,4.662e+0,6.443e-8
532.77,2.272e+0,,2.272e+0,6.121e-8
532.82,1.087e+0,,1.087e+0,5.794e-8
532.87,5.114e-1,,5.114e-1,5.458e-8
532.92,2.363e-1,,2.363e-1,5.113e-8
532.97,1.072e-1,,1.072e-1,4.758e-8
533.02,4.781e-2,,4.781e-2,4.394e-8
533.07,2.094e-2,,2.094e-2,4.025e-8
533.12,9.013e-3,,9.013e-3,3.655e-8
533.17,3.810e-3,,3.810e-3,3.290e-8
533.22,1.582e-3,,1.582e-3,2.934e-8
533.27,6.457e-4,,6.457e-4,2.594e-8
533.32,2.588e-4,,2.588e-4,2.273e-8
533.37,1.019e-4,,1.019e-4,1.974e-8
533.42,3.944e-5,,3.943e-5,1.701e-8
533.47,1.500e-5,,1.498e-5,1.455e-8
533.52,5.607e-6,,5.594e-6,1.234e-8
533.57,2.062e-6,,2.052e-6,1.040e-8
533.62,7.481e-7,,7.394e-7,8.695e-9
533.67,2.690e-7,,2.617e-7,7.220e-9
533.72,9.698e-8,,9.103e-8,5.953e-9
533.77,3.597e-8,,3.110e-8,4.875e-9
533.82,1.441e-8,,1.044e-8,3.967e-9
533.87,6.655e-9,,3.442e-9,3.213e-9
533.92,3.714e-9,,1.115e-9,2.599e-9
533.97,2.112e-9,,,2.112e-9
534.02,1.742e-9,,,1.742e-9
534.07,1.484e-9,,,1.484e-9
534.12,1.331e-9,,,1.331e-9
534.17,1.282e-9,,,1.282e-9
534.22,1.337e-9,,,1.337e-9
534.27,1.497e-9,,,1.497e-9
534.32,1.766e-9,,,1.766e-9
534.37,2.148e-9,,,2.148e-9
534.42,2.647e-9,,,2.647e-9
534.47,3.264e-9,,,3.264e-9
534.52,3.999e-9,,,3.999e-9
534.57,4.850e-9,,,4.850e-9
534.62,5.806e-9,,,5.806e-9
534.67,6.856e-9,,,6.856e-9
534.72,7.980e-9,,,7.980e-9
534.77,9.153e-9,,,9.153e-9
534.82,1.035e-8,,,1.035e-8
534.87,1.152e-8,,,1.152e-8
534.92,1.265e-8,,,1.265e-8
534.97,1.369e-8,,,1.369e-8
535.02,1.461e-8,,,1.461e-8
535.07,1.538e-8,,,1.538e-8
535.12,1.596e-8,,,1.596e-8
535.17,1.633e-8,,,1.633e-8
535.22,1.649e-8,,,1.649e-8
535.27,1.643e-8,,,1.643e-8
535.32,1.615e-8,,,1.615e-8
535.37,1.566e-8,,,1.566e-8
535.42,1.498e-8,,,1.498e-8
535.47,1.413e-8,,,1.413e-8
535.52,1.316e-8,,,1.316e-8
535.57,1.208e-8,,,1.208e-8
535.62,1.094e-8,,,1.094e-8
535.67,9.767e-9,,,9.767e-9
535.72,8.598e-9,,,8.598e-9
535.77,7.461e-9,,,7.461e-9
535.82,6.381e-9,,,6.381e-9
535.87,5.378e-9,,,5.378e-9
535.92,4.465e-9,,,4.465e-9
535.97,3.652e-9,,,3.652e-9
536.02,2.941e-9,,,2.941e-9
536.07,2.333e-9,,,2.333e-9
536.12,1.821e-9,,,1.821e-9
536.17,1.400e-9,,,1.400e-9
536.22,1.059e-9,,,1.059e-9
536.27,7.878e-10,,,7.878e-10
536.32,5.769e-10,,,5.769e-10
536.37,4.156e-10,,,4.156e-10
536.42,2.945e-10,,,2.945e-10
536.47,2.053e-10,,,2.053e-10
536.52,1.407e-10,,,1.407e-10
536.57,9.484e-11,,,9.484e-11
536.62,6.287e-11,,,6.287e-11
536.67,4.097e-11,,,4.097e-11
536.72,2.626e-11,,,2.626e-11
536.77,1.654e-11,,,1.654e-11
536.82,1.024e-11,,,1.024e-11
536.87,6.237e-12,,,6.237e-12
536.92,3.733e-12,,,3.733e-12
536.97,2.196e-12,,,2.196e-12
537.02,1.270e-12,,,1.270e-12
537.07,7.218e-13,,,7.218e-13
537.12,4.033e-13,,,4.033e-13
537.17,2.214e-13,,,2.214e-13
537.22,1.195e-13,,,1.195e-13
537.27,6.339e-14,,,6.339e-14
537.32,3.304e-14,,,3.304e-14
537.37,1.693e-14,,,1.693e-14
537.42,8.525e-15,,,8.525e-15
537.47,4.219e-15,,,4.219e-15
537.52,2.052e-15,,,2.052e-15
537.57,9.807e-16,,,9.807e-16
537.62,4.607e-16,,,4.607e-16
537.67,2.127e-16,,,2.127e-16
537.72,9.648e-17,,,9.648e-17
537.77,4.301e-17,,,4.301e-17
537.82,1.885e-17,,,1.885e-17
537.87,8.115e-18,,,8.115e-18
537.92,3.434e-18,,,3.434e-18
537.97,1.428e-18,,,1.428e-18
538.02,5.835e-19,,,5.835e-19
538.07,2.343e-19,,,2.343e-19
538.12,9.249e-20,,,9.249e-20
538.17,3.587e-20,,,3.587e-20
538.22,1.367e-20,,,1.367e-20
538.27,5.121e-21,,,5.121e-21
538.32,1.884e-21,,,1.884e-21
538.37,6.815e-22,,,6.815e-22
538.42,2.423e-22,,,2.423e-22
538.47,8.464e-23,,,8.464e-23
538.52,2.906e-23,,,2.906e-23
538.57,9.803e-24,,,9.803e-24
538.62,3.250e-24,,,3.250e-24
544.73,3.704e-24,,,3.704e-24
544.78,1.091e-23,,,1.091e-23
544.83,3.162e-23,,,3.162e-23
544.88,9.011e-23,,,9.011e-23
544.93,2.526e-22,,,2.526e-22
544.98,6.962e-22,,,6.962e-22
545.03,1.887e-21,,,1.887e-21
545.08,5.032e-21,,,5.032e-21
545.13,1.320e-20,,,1.320e-20
545.18,3.403e-20,,,3.403e-20
545.23,8.631e-20,,,8.631e-20
545.28,2.153e-19,,,2.153e-19
545.33,5.282e-19,,,5.282e-19
545.38,1.274e-18,,,1.274e-18
545.43,3.024e-18,,,3.024e-18
545.48,7.057e-18,,,7.057e-18
545.53,1.620e-17,,,1.620e-17
545.58,3.656e-17,,,3.656e-17
545.63,8.117e-17,,,8.117e-17
545.68,1.772e-16,,,1.772e-16
545.73,3.806e-16,,,3.806e-16
545.78,8.037e-16,,,8.037e-16
545.83,1.669e-15,,,1.669e-15
545.88,3.410e-15,,,3.410e-15
545.93,6.851e-15,,,6.851e-15
545.98,1.354e-14,,,1.354e-14
546.03,2.630e-14,,,2.630e-14
546.08,5.027e-14,,,5.027e-14
546.13,9.447e-14,,,9.447e-14
546.18,1.746e-13,,,1.746e-13
546.23,3.175e-13,,,3.175e-13
546.28,5.677e-13,,,5.677e-13
546.33,9.982e-13,,,9.982e-13
546.38,1.726e-12,,,1.726e-12
546.43,2.936e-12,,,2.936e-12
546.48,4.911e-12,,,4.911e-12
546.53,8.080e-12,,,8.080e-12
546.58,1.307e-11,,,1.307e-11
546.63,2.080e-11,,,2.080e-11
546.68,3.256e-11,,,3.256e-11
546.73,5.011e-11,,,5.011e-11
546.78,7.585e-11,,,7.585e-11
546.83,1.129e-10,,,1.129e-10
546.88,1.653e-10,,,1.653e-10
546.93,2.381e-10,,,2.381e-10
546.98,3.372e-10,,,3.372e-10
547.03,4.696e-10,,,4.696e-10
547.08,6.433e-10,,,6.433e-10
547.13,8.666e-10,,,8.666e-10
547.18,1.148e-9,,,1.148e-9
547.23,1.496e-9,,,1.496e-9
547.28,1.918e-9,,,1.918e-9
547.33,2.417e-9,,,2.417e-9
547.38,2.996e-9,,,2.996e-9
547.43,3.652e-9,,,3.652e-9
547.48,4.379e-9,,,4.379e-9
547.53,5.164e-9,,,5.164e-9
547.58,5.989e-9,,,5.989e-9
547.63,6.831e-9,,,6.831e-9
547.68,7.662e-9,,,7.662e-9
547.73,8.453e-9,,,8.453e-9
547.78,9.172e-9,,,9.172e-9
547.83,9.787e-9,,,9.787e-9
547.88,1.027e-8,,,1.027e-8
547.93,1.060e-8,,,1.060e-8
547.98,1.406e-8,3.301e-9,,1.076e-8
548.03,2.050e-8,9.760e-9,,1.074e-8
548.08,3.894e-8,2.839e-8,,1.055e-8
548.13,9.141e-8,8.123e-8,,1.019e-8
548.18,2.383e-7,2.286e-7,,9.674e-9
548.23,6.420e-7,6.329e-7,,9.035e-9
548.28,1.732e-6,1.724e-6,,8.300e-9
548.33,4.625e-6,4.618e-6,,7.498e-9
548.38,1.218e-5,1.217e-5,,6.662e-9
548.43,3.155e-5,3.154e-5,,5.822e-9
548.48,8.044e-5,8.044e-5,,5.003e-9
548.53,2.018e-4,2.018e-4,,4.229e-9
548.58,4.978e-4,4.978e-4,,3.515e-9
548.63,1.208e-3,1.208e-3,,2.874e-9
548.68,2.885e-3,2.885e-3,,2.311e-9
548.73,6.775e-3,6.775e-3,,1.827e-9
548.78,1.565e-2,1.565e-2,,1.421e-9
548.83,3.557e-2,3.557e-2,,1.087e-9
548.88,7.952e-2,7.952e-2,,8.176e-10
548.93,1.749e-1,1.749e-1,,6.049e-10
548.98,3.783e-1,3.783e-1,,4.401e-10
549.03,8.049e-1,8.049e-1,,3.149e-10
549.08,1.685e+0,1.685e+0,,2.216e-10
549.13,3.469e+0,3.469e+0,,1.534e-10
549.18,7.026e+0,7.026e+0,,1.044e-10
549.23,1.400e+1,1.400e+1,,6.991e-11
549.28,2.743e+1,2.743e+1,,4.603e-11
549.33,5.289e+1,5.289e+1,,2.981e-11
549.38,1.003e+2,1.003e+2,,1.898e-11
549.43,1.871e+2,1.871e+2,,1.189e-11
549.48,3.433e+2,3.433e+2,,7.324e-12
549.53,6.197e+2,6.197e+2,,4.437e-12
549.58,1.100e+3,1.100e+3,,2.644e-12
549.63,1.922e+3,1.922e+3,,1.549e-12
549.68,3.302e+3,3.302e+3,,8.928e-13
549.73,5.581e+3,5.581e+3,,5.060e-13
549.78,9.279e+3,9.279e+3,,2.821e-13
549.83,1.517e+4,1.517e+4,,1.547e-13
549.88,2.441e+4,2.441e+4,,8.338e-14
549.93,3.863e+4,3.863e+4,,4.422e-14
549.98,6.013e+4,6.013e+4,,2.306e-14
550.03,9.208e+4,9.208e+4,,1.183e-14
550.08,1.387e+5,1.387e+5,,5.966e-15
550.13,2.055e+5,2.055e+5,,2.960e-15
550.18,2.995e+5,2.995e+5,,1.444e-15
550.23,4.294e+5,4.294e+5,,6.930e-16
550.28,6.057e+5,6.057e+5,,3.271e-16
550.33,8.402e+5,8.402e+5,,1.518e-16
550.38,1.147e+6,1.147e+6,,6.930e-17
550.43,1.539e+6,1.539e+6,,3.111e-17
550.48,2.033e+6,2.033e+6,,1.374e-17
550.53,2.640e+6,2.640e+6,,5.965e-18
550.58,3.374e+6,3.374e+6,,2.548e-18
550.63,4.241e+6,4.241e+6,,1.070e-18
550.68,5.243e+6,5.243e+6,,4.420e-19
550.73,6.377e+6,6.377e+6,,1.796e-19
550.78,7.630e+6,7.630e+6,,7.175e-20
550.83,8.979e+6,8.979e+6,,2.819e-20
550.88,1.039e+7,1.039e+7,,1.090e-20
550.93,1.184e+7,1.184e+7,,4.142e-21
550.98,1.326e+7,1.326e+7,,1.548e-21
551.03,1.461e+7,1.461e+7,,5.692e-22
551.08,1.584e+7,1.584e+7,,2.058e-22
551.13,1.689e+7,1.689e+7,,7.318e-23
551.18,1.771e+7,1.771e+7,,2.559e-23
551.23,1.828e+7,1.828e+7,,8.803e-24
551.28,1.855e+7,1.855e+7,,2.978e-24
551.33,1.852e+7,1.852e+7,,
551.38,1.819e+7,1.819e+7,,
551.43,1.757e+7,1.757e+7,,
551.48,1.670e+7,1.670e+7,,
551.53,1.561e+7,1.561e+7,,
551.58,1.435e+7,1.435e+7,,
551.63,1.298e+7,1.298e+7,,
551.68,1.155e+7,1.155e+7,,
551.73,1.011e+7,1.011e+7,,
551.78,8.703e+6,8.703e+6,,
551.83,7.371e+6,7.371e+6,,
551.88,6.140e+6,6.140e+6,,
551.93,5.032e+6,5.032e+6,,
551.98,4.056e+6,4.056e+6,,
552.03,3.217e+6,3.217e+6,,
552.08,2.509e+6,2.509e+6,,
552.13,1.925e+6,1.925e+6,,
552.18,1.453e+6,1.453e+6,,
552.23,1.079e+6,1.079e+6,,
552.28,7.880e+5,7.880e+5,,
552.33,5.661e+5,5.661e+5,,
552.38,4.001e+5,4.001e+5,,
552.43,2.782e+5,2.782e+5,,
552.48,1.902e+5,1.902e+5,,
552.53,1.280e+5,1.280e+5,,
552.58,8.467e+4,8.467e+4,,
552.63,5.511e+4,5.511e+4,,
552.68,3.529e+4,3.529e+4,,
552.73,2.223e+4,2.223e+4,,
552.78,1.377e+4,1.377e+4,,
552.83,8.393e+3,8.393e+3,,
552.88,5.032e+3,5.032e+3,,
552.93,2.967e+3,2.967e+3,,
552.98,1.721e+3,1.721e+3,,
553.03,9.823e+2,9.823e+2,,
553.08,5.514e+2,5.514e+2,,
553.13,3.045e+2,3.045e+2,,
553.18,1.654e+2,1.654e+2,,
553.23,8.836e+1,8.836e+1,,
553.28,4.644e+1,4.644e+1,,
553.33,2.401e+1,2.401e+1,,
553.38,1.221e+1,1.221e+1,,
553.43,6.109e+0,6.109e+0,,
553.48,3.006e+0,3.006e+0,,
553.53,1.455e+0,1.455e+0,,
553.58,6.930e-1,6.930e-1,,
553.63,3.246e-1,3.246e-1,,
553.68,1.496e-1,1.496e-1,,
553.73,6.779e-2,6.779e-2,,2.942e-23
553.78,3.023e-2,3.023e-2,,8.535e-23
553.83,1.326e-2,1.326e-2,,2.437e-22
553.88,5.719e-3,5.719e-3,,6.844e-22
553.93,2.427e-3,2.427e-3,,1.892e-21
553.98,1.013e-3,1.013e-3,,5.145e-21
554.03,4.161e-4,4.161e-4,,1.377e-20
554.08,1.681e-4,1.681e-4,,3.627e-20
554.13,6.679e-5,6.679e-5,,9.399e-20
554.18,2.611e-5,2.611e-5,,2.397e-19
554.23,1.004e-5,1.004e-5,,6.015e-19
554.28,3.797e-6,3.797e-6,,1.485e-18
554.33,1.413e-6,1.413e-6,,3.609e-18
554.38,5.170e-7,5.170e-7,,8.628e-18
554.43,1.861e-7,1.861e-7,,2.030e-17
554.48,6.591e-8,6.591e-8,,4.700e-17
554.53,2.296e-8,2.296e-8,,1.071e-16
554.58,7.868e-9,7.868e-9,,2.400e-16
554.63,2.652e-9,2.652e-9,,5.294e-16
554.68,1.149e-15,,,1.149e-15
554.73,2.455e-15,,,2.455e-15
554.78,5.159e-15,,,5.159e-15
554.83,1.586e-9,1.586e-9,,1.067e-14
554.88,4.640e-9,4.640e-9,,2.172e-14
554.93,1.336e-8,1.336e-8,,4.349e-14
554.98,3.785e-8,3.785e-8,,8.570e-14
555.03,1.055e-7,1.055e-7,,1.662e-13
555.08,2.896e-7,2.896e-7,,3.171e-13
555.13,7.819e-7,7.819e-7,,5.954e-13
555.18,2.078e-6,2.078e-6,,1.100e-12
555.23,5.433e-6,5.433e-6,,2.000e-12
555.28,1.398e-5,1.398e-5,,3.578e-12
555.33,3.540e-5,3.540e-5,,6.298e-12
555.38,8.822e-5,8.822e-5,,1.091e-11
555.43,2.163e-4,2.163e-4,,1.860e-11
555.48,5.221e-4,5.221e-4,,3.120e-11
555.53,1.240e-3,1.240e-3,,5.149e-11
555.58,2.898e-3,2.898e-3,,8.363e-11
555.63,6.664e-3,6.664e-3,,1.337e-10
555.68,1.508e-2,1.508e-2,,2.102e-10
555.73,3.359e-2,3.359e-2,,3.253e-10
555.78,7.363e-2,7.363e-2,,4.953e-10
555.83,1.588e-1,1.588e-1,,7.422e-10
555.88,3.371e-1,3.371e-1,,1.094e-9
555.93,7.041e-1,7.041e-1,,1.588e-9
555.98,1.447e+0,1.447e+0,,2.267e-9
556.03,2.928e+0,2.928e+0,,3.185e-9
556.08,5.828e+0,5.828e+0,,4.404e-9
556.13,1.142e+1,1.142e+1,,5.991e-9
556.18,2.201e+1,2.201e+1,,8.020e-9
556.23,4.176e+1,4.176e+1,,1.057e-8
556.28,7.796e+1,7.796e+1,,1.370e-8
556.33,1.432e+2,1.432e+2,,1.747e-8
556.38,2.590e+2,2.590e+2,,2.193e-8
556.43,4.609e+2,4.609e+2,,2.709e-8
556.48,8.070e+2,8.070e+2,,3.294e-8
556.53,1.391e+3,1.391e+3,,3.940e-8
556.58,2.359e+3,2.359e+3,,4.640e-8
556.63,3.938e+3,3.938e+3,,5.376e-8
556.68,6.469e+3,6.469e+3,,6.132e-8
556.73,1.046e+4,1.046e+4,,6.884e-8
556.78,1.665e+4,1.665e+4,,7.608e-8
556.83,2.607e+4,2.607e+4,,8.279e-8
556.88,4.020e+4,4.020e+4,,8.871e-8
556.93,6.102e+4,6.102e+4,,9.361e-8
556.98,9.118e+4,9.118e+4,,9.733e-8
557.03,1.341e+5,1.341e+5,,9.973e-8
557.08,1.943e+5,1.943e+5,,1.008e-7
557.13,2.772e+5,2.772e+5,,1.004e-7
557.18,3.895e+5,3.895e+5,,9.885e-8
557.23,5.392e+5,5.392e+5,,9.614e-8
557.28,7.355e+5,7.355e+5,,9.252e-8
557.33,9.891e+5,9.891e+5,,8.820e-8
557.38,1.311e+6,1.311e+6,,8.344e-8
557.43,1.715e+6,1.715e+6,,7.846e-8
557.48,2.215e+6,2.215e+6,,7.349e-8
557.53,2.824e+6,2.824e+6,,6.869e-8
557.58,3.559e+6,3.559e+6,,6.419e-8
557.63,4.436e+6,4.436e+6,,6.005e-8
557.68,5.474e+6,5.474e+6,,5.631e-8
557.73,6.693e+6,6.693e+6,,5.294e-8
557.78,8.116e+6,8.116e+6,,4.988e-8
557.83,9.772e+6,9.772e+6,,4.706e-8
557.88,1.169e+7,1.169e+7,,4.439e-8
557.93,1.392e+7,1.392e+7,,4.179e-8
557.98,1.649e+7,1.649e+7,,3.918e-8
558.03,1.945e+7,1.945e+7,,3.653e-8
558.08,2.285e+7,2.285e+7,,3.379e-8
558.13,2.674e+7,2.674e+7,,3.097e-8
558.18,3.116e+7,3.116e+7,,2.809e-8
558.23,3.613e+7,3.613e+7,,2.518e-8
558.28,4.168e+7,4.168e+7,,2.228e-8
558.33,4.777e+7,4.777e+7,,1.946e-8
558.38,5.437e+7,5.437e+7,,1.675e-8
558.43,6.141e+7,6.141e+7,,1.422e-8
558.48,6.875e+7,6.875e+7,,1.189e-8
558.53,7.627e+7,7.627e+7,,9.791e-9
558.58,8.379e+7,8.379e+7,,7.940e-9
558.63,9.112e+7,9.112e+7,,6.340e-9
558.68,9.807e+7,9.807e+7,,4.984e-9
558.73,1.044e+8,1.044e+8,,3.857e-9
558.78,1.101e+8,1.101e+8,,2.938e-9
558.83,1.148e+8,1.148e+8,,2.202e-9
558.88,1.186e+8,1.186e+8,,1.625e-9
558.93,1.214e+8,1.214e+8,,1.180e-9
558.98,1.231e+8,1.231e+8,,8.433e-10
559.03,1.239e+8,1.239e+8,,5.930e-10
559.08,1.238e+8,1.238e+8,,4.105e-10
559.13,1.230e+8,1.230e+8,,2.796e-10
559.18,1.214e+8,1.214e+8,,1.874e-10
559.23,1.194e+8,1.194e+8,,1.236e-10
559.28,1.170e+8,1.170e+8,,8.023e-11
559.33,1.144e+8,1.144e+8,,5.125e-11
559.38,1.116e+8,1.116e+8,,3.221e-11
559.43,1.087e+8,1.087e+8,,1.993e-11
559.48,1.057e+8,1.057e+8,,1.213e-11
559.53,1.027e+8,1.027e+8,,7.266e-12
559.58,9.964e+7,9.964e+7,,4.283e-12
559.63,9.654e+7,9.654e+7,,2.485e-12
559.68,9.337e+7,9.337e+7,,1.418e-12
559.73,9.010e+7,9.010e+7,,7.968e-13
559.78,8.670e+7,8.670e+7,,4.405e-13
559.83,8.314e+7,8.314e+7,,2.396e-13
559.88,7.942e+7,7.942e+7,,1.283e-13
559.93,7.552e+7,7.552e+7,,6.757e-14
559.98,7.146e+7,7.146e+7,,3.503e-14
560.03,6.723e+7,6.723e+7,,1.787e-14
560.08,6.287e+7,6.287e+7,,8.971e-15
560.13,5.840e+7,5.840e+7,,4.432e-15
560.18,5.387e+7,5.387e+7,,2.155e-15
560.23,4.931e+7,4.931e+7,,1.031e-15
560.28,4.477e+7,4.477e+7,,4.852e-16
560.33,4.030e+7,4.030e+7,,2.248e-16
560.38,3.595e+7,3.595e+7,,1.025e-16
560.43,3.178e+7,3.178e+7,,4.597e-17
560.48,2.781e+7,2.781e+7,,2.030e-17
560.53,2.409e+7,2.409e+7,,8.817e-18
560.58,2.064e+7,2.064e+7,,3.770e-18
560.63,1.750e+7,1.750e+7,,1.586e-18
560.68,1.466e+7,1.466e+7,,6.565e-19
560.73,1.215e+7,1.215e+7,,2.675e-19
560.78,9.941e+6,9.941e+6,,1.072e-19
560.83,8.037e+6,8.037e+6,,4.230e-20
560.88,6.416e+6,6.416e+6,,1.642e-20
560.93,5.057e+6,5.057e+6,,6.275e-21
560.98,3.933e+6,3.933e+6,,2.359e-21
561.03,3.019e+6,3.019e+6,,8.728e-22
561.08,2.286e+6,2.286e+6,,3.177e-22
561.13,1.708e+6,1.708e+6,,1.138e-22
561.18,1.258e+6,1.258e+6,,4.014e-23
561.23,9.139e+5,9.139e+5,,1.392e-23
561.28,6.545e+5,6.545e+5,,4.754e-24
561.33,4.620e+5,4.620e+5,,
561.38,3.215e+5,3.215e+5,,
561.43,2.204e+5,2.204e+5,,
561.48,1.490e+5,1.490e+5,,
561.53,9.917e+4,9.917e+4,,
561.58,6.505e+4,6.505e+4,,
561.63,4.204e+4,4.204e+4,,
561.68,2.676e+4,2.676e+4,,
561.73,1.678e+4,1.678e+4,,
561.78,1.036e+4,1.036e+4,,
561.83,6.303e+3,6.303e+3,,
561.88,3.776e+3,3.776e+3,,
561.93,2.227e+3,2.227e+3,,
561.98,1.294e+3,1.294e+3,,
562.03,7.402e+2,7.402e+2,,
562.08,4.169e+2,4.169e+2,,
562.13,2.312e+2,2.312e+2,,
562.18,1.263e+2,1.263e+2,,
562.23,6.790e+1,6.790e+1,,
562.28,3.595e+1,3.595e+1,,
562.33,1.874e+1,1.874e+1,,
562.38,9.615e+0,9.615e+0,,
562.43,4.857e+0,4.857e+0,,
562.48,2.416e+0,2.416e+0,,
562.53,1.183e+0,1.183e+0,,
562.58,5.702e-1,5.702e-1,,
562.63,2.706e-1,2.706e-1,,
562.68,1.264e-1,1.264e-1,,
562.73,5.812e-2,5.812e-2,,
562.78,2.631e-2,2.631e-2,,
562.83,1.172e-2,1.172e-2,,
562.88,5.143e-3,5.143e-3,,
562.93,2.221e-3,2.221e-3,,
562.98,9.439e-4,9.439e-4,,1.313e-24
563.03,3.949e-4,3.949e-4,,3.748e-24
563.08,1.627e-4,1.627e-4,,1.053e-23
563.13,6.594e-5,6.594e-5,,2.915e-23
563.18,2.632e-5,2.632e-5,,7.942e-23
563.23,1.034e-5,1.034e-5,,2.130e-22
563.28,3.995e-6,3.995e-6,,5.626e-22
563.33,1.520e-6,1.520e-6,,1.463e-21
563.38,5.696e-7,5.696e-7,,3.744e-21
563.43,2.100e-7,2.100e-7,,9.436e-21
563.48,7.623e-8,7.623e-8,,2.341e-20
563.53,2.614e-8,2.614e-8,,5.720e-20
563.58,9.211e-9,9.211e-9,,1.376e-19
563.63,3.194e-9,3.194e-9,,3.257e-19
563.68,7.593e-19,,,7.593e-19
563.73,1.743e-18,,,1.743e-18
563.78,3.938e-18,,,3.938e-18
563.83,8.761e-18,,,8.761e-18
563.88,1.919e-17,,,1.919e-17
563.93,4.138e-17,,,4.138e-17
563.98,8.786e-17,,,8.786e-17
564.03,1.836e-16,,,1.836e-16
564.08,3.779e-16,,,3.779e-16
564.13,7.657e-16,,,7.657e-16
564.18,1.527e-15,,,1.527e-15
564.23,3.000e-15,,,3.000e-15
564.28,5.800e-15,,,5.800e-15
564.33,1.104e-14,,,1.104e-14
564.38,2.069e-14,,,2.069e-14
564.43,3.818e-14,,,3.818e-14
564.48,6.936e-14,,,6.936e-14
564.53,1.241e-13,,,1.241e-13
564.58,2.185e-13,,,2.185e-13
564.63,3.787e-13,,,3.787e-13
564.68,6.465e-13,,,6.465e-13
564.73,1.086e-12,,,1.086e-12
564.78,1.797e-12,,,1.797e-12
564.83,2.928e-12,,,2.928e-12
564.88,4.695e-12,,,4.695e-12
564.93,7.413e-12,,,7.413e-12
564.98,1.152e-11,,,1.152e-11
565.03,1.763e-11,,,1.763e-11
565.08,2.657e-11,,,2.657e-11
565.13,3.941e-11,,,3.941e-11
565.18,5.757e-11,,,5.757e-11
565.23,8.277e-11,,,8.277e-11
565.28,1.172e-10,,,1.172e-10
565.33,1.633e-10,,,1.633e-10
565.38,2.241e-10,,,2.241e-10
565.43,3.028e-10,,,3.028e-10
565.48,4.027e-10,,,4.027e-10
565.53,5.274e-10,,,5.274e-10
565.58,6.799e-10,,,6.799e-10
565.63,8.630e-10,,,8.630e-10
565.68,1.079e-9,,,1.079e-9
565.73,1.327e-9,,,1.327e-9
565.78,1.607e-9,,,1.607e-9
565.83,1.917e-9,,,1.917e-9
565.88,2.251e-9,,,2.251e-9
565.93,2.602e-9,,,2.602e-9
565.98,2.961e-9,,,2.961e-9
566.03,3.318e-9,,,3.318e-9
566.08,3.661e-9,,,3.661e-9
566.13,3.976e-9,,,3.976e-9
566.18,4.252e-9,,,4.252e-9
566.23,4.476e-9,,,4.476e-9
566.28,4.639e-9,,,4.639e-9
566.33,4.734e-9,,,4.734e-9
566.38,4.757e-9,,,4.757e-9
566.43,4.705e-9,,,4.705e-9
566.48,4.582e-9,,,4.582e-9
566.53,4.393e-9,,,4.393e-9
566.58,4.147e-9,,,4.147e-9
566.63,3.854e-9,,,3.854e-9
566.68,3.526e-9,,,3.526e-9
566.73,3.177e-9,,,3.177e-9
566.78,2.817e-9,,,2.817e-9
566.83,2.460e-9,,,2.460e-9
566.88,2.115e-9,,,2.115e-9
566.93,1.790e-9,,,1.790e-9
566.98,1.492e-9,,,1.492e-9
567.03,1.224e-9,,,1.224e-9
567.08,9.884e-10,,,9.884e-10
567.13,7.860e-10,,,7.860e-10
567.18,6.154e-10,,,6.154e-10
567.23,4.743e-10,,,4.743e-10
567.28,3.600e-10,,,3.600e-10
567.33,2.690e-10,,,2.690e-10
567.38,1.978e-10,,,1.978e-10
567.43,1.433e-10,,,1.433e-10
567.48,1.022e-10,,,1.022e-10
567.53,7.178e-11,,,7.178e-11
567.58,4.969e-11,,,4.969e-11
567.63,3.394e-11,,,3.394e-11
567.68,2.297e-11,,,2.297e-11
567.73,1.556e-11,,,1.556e-11
567.78,1.079e-11,,,1.079e-11
567.83,8.043e-12,,,8.043e-12
567.88,6.949e-12,,,6.949e-12
567.93,7.363e-12,,,7.363e-12
567.98,9.370e-12,,,9.370e-12
568.03,1.329e-11,,,1.329e-11
568.08,1.972e-11,,,1.972e-11
568.13,2.955e-11,,,2.955e-11
568.18,4.404e-11,,,4.404e-11
568.23,6.489e-11,,,6.489e-11
568.28,9.429e-11,,,9.429e-11
568.33,1.350e-10,,,1.350e-10
568.38,1.904e-10,,,1.904e-10
568.43,2.644e-10,,,2.644e-10
568.48,3.615e-10,,,3.615e-10
568.53,4.868e-10,,,4.868e-10
568.58,6.455e-10,,,6.455e-10
568.63,8.428e-10,,,8.428e-10
568.68,1.084e-9,,,1.084e-9
568.73,1.372e-9,,,1.372e-9
568.78,1.710e-9,,,1.710e-9
568.83,2.100e-9,,,2.100e-9
568.88,2.538e-9,,,2.538e-9
568.93,3.021e-9,,,3.021e-9
568.98,3.541e-9,,,3.541e-9
569.03,4.087e-9,,,4.087e-9
569.08,4.645e-9,,,4.645e-9
569.13,5.198e-9,,,5.198e-9
569.18,5.729e-9,,,5.729e-9
569.23,6.216e-9,,,6.216e-9
569.28,6.642e-9,,,6.642e-9
569.33,6.989e-9,,,6.989e-9
569.38,7.241e-9,,,7.241e-9
569.43,7.388e-9,,,7.388e-9
569.48,7.422e-9,,,7.422e-9
569.53,7.343e-9,,,7.343e-9
569.58,7.153e-9,,,7.153e-9
569.63,6.861e-9,,,6.861e-9
569.68,6.481e-9,,,6.481e-9
569.73,6.028e-9,,,6.028e-9
569.78,5.520e-9,,,5.520e-9
569.83,4.979e-9,,,4.979e-9
569.88,4.421e-9,,,4.421e-9
569.93,3.866e-9,,,3.866e-9
569.98,3.329e-9,,,3.329e-9
570.03,2.823e-9,,,2.823e-9
570.08,2.357e-9,,,2.357e-9
570.13,1.938e-9,,,1.938e-9
570.18,1.569e-9,,,1.569e-9
570.23,1.251e-9,,,1.251e-9
570.28,9.818e-10,,,9.818e-10
570.33,7.589e-10,,,7.589e-10
570.38,5.777e-10,,,5.777e-10
570.43,4.330e-10,,,4.330e-10
570.48,3.196e-10,,,3.196e-10
570.53,2.322e-10,,,2.322e-10
570.58,1.662e-10,,,1.662e-10
570.63,1.171e-10,,,1.171e-10
570.68,8.127e-11,,,8.127e-11
570.73,5.553e-11,,,5.553e-11
570.78,3.737e-11,,,3.737e-11
570.83,2.476e-11,,,2.476e-11
570.88,1.615e-11,,,1.615e-11
570.93,1.038e-11,,,1.038e-11
570.98,6.564e-12,,,6.564e-12
571.03,4.089e-12,,,4.089e-12
571.08,2.508e-12,,,2.508e-12
571.13,1.515e-12,,,1.515e-12
571.19,8.106e-13,,,8.106e-13
571.24,4.733e-13,,,4.733e-13
571.29,2.721e-13,,,2.721e-13
571.34,1.540e-13,,,1.540e-13
571.39,8.587e-14,,,8.587e-14
571.44,4.714e-14,,,4.714e-14
571.49,2.548e-14,,,2.548e-14
571.54,1.356e-14,,,1.356e-14
571.59,7.109e-15,,,7.109e-15
571.64,3.669e-15,,,3.669e-15
571.69,1.865e-15,,,1.865e-15
571.74,9.331e-16,,,9.331e-16
571.79,4.598e-16,,,4.598e-16
571.84,2.231e-16,,,2.231e-16
571.89,1.066e-16,,,1.066e-16
571.94,5.016e-17,,,5.016e-17
571.99,2.324e-17,,,2.324e-17
572.04,1.060e-17,,,1.060e-17
572.09,4.763e-18,,,4.763e-18
572.14,2.107e-18,,,2.107e-18
572.19,9.178e-19,,,9.178e-19
572.24,3.937e-19,,,3.937e-19
572.29,1.663e-19,,,1.663e-19
572.34,6.916e-20,,,6.916e-20
572.39,2.832e-20,,,2.832e-20
572.44,1.142e-20,,,1.142e-20
572.49,4.536e-21,,,4.536e-21
572.54,1.774e-21,,,1.774e-21
572.59,6.829e-22,,,6.829e-22
572.64,2.589e-22,,,2.589e-22
572.69,9.668e-23,,,9.668e-23
572.74,3.554e-23,,,3.554e-23
572.79,1.287e-23,,,1.287e-23
572.84,4.587e-24,,,4.587e-24
572.89,1.610e-24,,,1.610e-24
582.24,1.432e-8,1.432e-8,,
582.29,3.954e-8,3.954e-8,,
582.34,1.076e-7,1.076e-7,,
582.39,2.886e-7,2.886e-7,,
582.44,7.629e-7,7.629e-7,,
582.49,1.988e-6,1.988e-6,,
582.54,5.103e-6,5.103e-6,,
582.59,1.291e-5,1.291e-5,,
582.64,3.219e-5,3.219e-5,,
582.69,7.912e-5,7.912e-5,,
582.74,1.916e-4,1.916e-4,,
582.79,4.574e-4,4.574e-4,,
582.84,1.076e-3,1.076e-3,,
582.89,2.495e-3,2.495e-3,,
582.94,5.700e-3,5.700e-3,,
582.99,1.283e-2,1.283e-2,,
583.04,2.848e-2,2.848e-2,,
583.09,6.229e-2,6.229e-2,,
583.14,1.343e-1,1.343e-1,,
583.19,2.852e-1,2.852e-1,,
583.24,5.971e-1,5.971e-1,,
583.29,1.232e+0,1.232e+0,,
583.34,2.505e+0,2.505e+0,,
583.39,5.021e+0,5.021e+0,,
583.44,9.916e+0,9.916e+0,,
583.49,1.930e+1,1.930e+1,,
583.54,3.702e+1,3.702e+1,,
583.59,6.999e+1,6.999e+1,,
583.64,1.304e+2,1.304e+2,,
583.69,2.394e+2,2.394e+2,,
583.74,4.333e+2,4.333e+2,,
583.79,7.728e+2,7.728e+2,,
583.84,1.358e+3,1.358e+3,,
583.89,2.353e+3,2.353e+3,,
583.94,4.017e+3,4.017e+3,,
583.99,6.758e+3,6.758e+3,,
584.04,1.121e+4,1.121e+4,,
584.09,1.831e+4,1.831e+4,,
584.14,2.949e+4,2.949e+4,,
584.19,4.681e+4,4.681e+4,,
584.24,7.322e+4,7.322e+4,,
584.29,1.129e+5,1.129e+5,,
584.34,1.715e+5,1.715e+5,,
584.39,2.568e+5,2.568e+5,,
584.44,3.789e+5,3.789e+5,,
584.49,5.511e+5,5.511e+5,,
584.54,7.898e+5,7.898e+5,,
584.59,1.116e+6,1.116e+6,,
584.64,1.553e+6,1.553e+6,,
584.69,2.131e+6,2.131e+6,,
584.74,2.881e+6,2.881e+6,,
584.79,3.839e+6,3.839e+6,,
584.84,5.042e+6,5.042e+6,,
584.89,6.525e+6,6.525e+6,,
584.94,8.323e+6,8.323e+6,,
584.99,1.046e+7,1.046e+7,,
585.04,1.296e+7,1.296e+7,,
585.09,1.583e+7,1.583e+7,,
585.14,1.904e+7,1.904e+7,,
585.19,2.259e+7,2.259e+7,,
585.24,2.640e+7,2.640e+7,,
585.29,3.040e+7,3.040e+7,,
585.34,3.451e+7,3.451e+7,,
585.39,3.861e+7,3.861e+7,,
585.44,4.257e+7,4.257e+7,,
585.49,4.626e+7,4.626e+7,,
585.54,4.954e+7,4.954e+7,,
585.59,5.229e+7,5.229e+7,,
585.64,5.438e+7,5.438e+7,,
585.69,5.575e+7,5.575e+7,,
585.74,5.632e+7,5.632e+7,,
585.79,5.607e+7,5.607e+7,,
585.84,5.502e+7,5.502e+7,,
585.89,5.321e+7,5.321e+7,,
585.94,5.071e+7,5.071e+7,,
585.99,4.763e+7,4.763e+7,,
586.04,4.409e+7,4.409e+7,,
586.09,4.022e+7,4.022e+7,,
586.14,3.616e+7,3.616e+7,,
586.19,3.204e+7,3.204e+7,,
586.24,2.798e+7,2.798e+7,,
586.29,2.408e+7,2.408e+7,,
586.34,2.042e+7,2.042e+7,,
586.39,1.707e+7,1.707e+7,,
586.44,1.406e+7,1.406e+7,,
586.49,1.142e+7,1.142e+7,,
586.54,9.137e+6,9.137e+6,,
586.59,7.205e+6,7.205e+6,,
586.64,5.599e+6,5.599e+6,,
586.69,4.289e+6,4.289e+6,,
586.74,3.237e+6,3.237e+6,,
586.79,2.408e+6,2.408e+6,,
586.84,1.766e+6,1.766e+6,,
586.89,1.276e+6,1.276e+6,,
586.94,9.084e+5,9.084e+5,,
586.99,6.375e+5,6.375e+5,,
587.04,4.409e+5,4.409e+5,,
587.09,3.005e+5,3.005e+5,,
587.14,2.019e+5,2.019e+5,,
587.19,1.337e+5,1.337e+5,,
587.24,8.721e+4,8.721e+4,,
587.29,5.608e+4,5.608e+4,,
587.34,3.554e+4,3.554e+4,,
587.39,2.220e+4,2.220e+4,,
587.44,1.366e+4,1.366e+4,,
587.49,8.288e+3,8.288e+3,,
587.54,4.955e+3,4.955e+3,,
587.59,2.919e+3,2.919e+3,,
587.64,1.695e+3,1.695e+3,,
587.69,9.701e+2,9.701e+2,,
587.74,5.471e+2,5.471e+2,,
587.79,3.041e+2,3.041e+2,,
587.84,1.666e+2,1.666e+2,,
587.89,8.993e+1,8.993e+1,,
587.94,4.785e+1,4.785e+1,,
587.99,2.509e+1,2.509e+1,,
588.04,1.297e+1,1.297e+1,,
588.09,6.603e+0,6.603e+0,,
588.14,3.314e+0,3.314e+0,,
588.19,1.639e+0,1.639e+0,,
588.24,7.992e-1,7.992e-1,,
588.29,3.840e-1,3.840e-1,,
588.34,1.818e-1,1.818e-1,,
588.39,8.485e-2,8.485e-2,,
588.44,3.902e-2,3.902e-2,,
588.49,1.769e-2,1.769e-2,,
588.54,7.900e-3,7.900e-3,,
588.59,3.478e-3,3.478e-3,,
588.64,1.509e-3,1.509e-3,,
588.69,6.452e-4,6.452e-4,,
588.74,2.719e-4,2.719e-4,,
588.79,1.129e-4,1.129e-4,,
588.84,4.621e-5,4.621e-5,,
588.89,1.864e-5,1.864e-5,,
588.94,7.410e-6,7.410e-6,,
588.99,2.903e-6,2.903e-6,,
589.04,1.121e-6,1.121e-6,,
589.09,4.265e-7,4.265e-7,,
589.14,1.600e-7,1.600e-7,,
589.19,5.912e-8,5.912e-8,,
589.24,2.154e-8,2.154e-8,,