Wavelength (nm),Sum,Mn I (3.3e-02),Mn II (9.6e-01)
200.11,1.257e+7,,1.257e+7
200.16,1.441e+7,,1.441e+7
200.21,1.460e+7,,1.460e+7
200.26,1.304e+7,,1.304e+7
200.31,1.029e+7,,1.029e+7
200.36,7.167e+6,,7.167e+6
200.41,4.406e+6,,4.406e+6
200.46,2.391e+6,,2.391e+6
200.51,1.145e+6,,1.145e+6
200.56,4.842e+5,,4.842e+5
200.61,1.807e+5,,1.807e+5
200.66,5.952e+4,,5.952e+4
200.72,1.332e+4,,1.332e+4
200.77,3.335e+3,,3.335e+3
200.82,7.369e+2,,7.369e+2
200.87,1.437e+2,,1.437e+2
200.92,2.475e+1,,2.475e+1
200.97,3.762e+0,,3.762e+0
201.02,5.047e-1,,5.047e-1
201.07,5.977e-2,,5.977e-2
201.12,6.249e-3,,6.249e-3
201.17,5.766e-4,,5.766e-4
201.22,4.696e-5,,4.696e-5
201.27,3.377e-6,,3.377e-6
201.32,2.143e-7,,2.143e-7
201.37,1.201e-8,,1.201e-8
201.42,5.937e-10,,5.937e-10
202.52,3.497e-7,,3.497e-7
202.57,6.124e-6,,6.124e-6
202.62,9.514e-5,,9.514e-5
202.67,1.311e-3,,1.311e-3
202.72,1.603e-2,,1.603e-2
202.77,1.738e-1,,1.738e-1
202.82,1.671e+0,,1.671e+0
202.87,1.426e+1,,1.426e+1
202.92,1.079e+2,,1.079e+2
202.97,7.249e+2,,7.249e+2
203.02,4.319e+3,,4.319e+3
203.07,2.283e+4,,2.283e+4
203.12,1.071e+5,,1.071e+5
203.17,4.458e+5,,4.458e+5
203.22,1.646e+6,,1.646e+6
203.27,5.396e+6,,5.396e+6
203.32,1.570e+7,,1.570e+7
203.37,4.052e+7,,4.052e+7
203.42,9.287e+7,,9.287e+7
203.47,1.890e+8,,1.890e+8
203.52,3.416e+8,,3.416e+8
203.57,5.491e+8,,5.491e+8
203.62,7.858e+8,,7.858e+8
203.67,1.004e+9,,1.004e+9
203.72,1.151e+9,,1.151e+9
203.77,1.192e+9,,1.192e+9
203.82,1.131e+9,,1.131e+9
203.87,1.001e+9,,1.001e+9
203.92,8.435e+8,,8.435e+8
203.97,6.890e+8,,6.890e+8
204.02,5.478e+8,,5.478e+8
204.07,4.190e+8,,4.190e+8
204.12,3.023e+8,,3.023e+8
204.17,2.014e+8,,2.014e+8
204.22,1.220e+8,,1.220e+8
204.27,6.648e+7,,6.648e+7
204.32,3.240e+7,,3.240e+7
204.37,1.406e+7,,1.406e+7
204.42,5.426e+6,,5.426e+6
204.47,1.860e+6,,1.860e+6
204.52,5.655e+5,,5.655e+5
204.57,1.526e+5,,1.526e+5
204.62,3.651e+4,,3.651e+4
204.67,7.748e+3,,7.748e+3
204.72,1.458e+3,,1.458e+3
204.77,2.434e+2,,2.434e+2
204.82,3.603e+1,,3.603e+1
204.87,4.730e+0,,4.730e+0
204.92,5.506e-1,,5.506e-1
204.97,5.683e-2,,5.683e-2
205.02,5.202e-3,,5.202e-3
205.07,4.223e-4,,4.223e-4
205.12,3.040e-5,,3.040e-5
205.17,1.941e-6,,1.941e-6
205.22,1.099e-7,,1.099e-7
206.37,3.942e-8,,3.942e-8
206.42,6.759e-7,,6.759e-7
206.47,1.032e-5,,1.032e-5
206.52,1.403e-4,,1.403e-4
206.57,1.699e-3,,1.699e-3
206.62,1.831e-2,,1.831e-2
206.67,1.758e-1,,1.758e-1
206.72,1.503e+0,,1.503e+0
206.77,1.144e+1,,1.144e+1
206.82,7.758e+1,,7.758e+1
206.87,4.683e+2,,4.683e+2
206.92,2.517e+3,,2.517e+3
206.97,1.205e+4,,1.205e+4
207.02,5.137e+4,,5.137e+4
207.07,1.950e+5,,1.950e+5
207.12,6.591e+5,,6.591e+5
207.17,1.984e+6,,1.984e+6
207.22,5.317e+6,,5.317e+6
207.27,1.269e+7,,1.269e+7
207.32,2.697e+7,,2.697e+7
207.37,5.105e+7,,5.105e+7
207.42,8.603e+7,,8.603e+7
207.47,1.291e+8,,1.291e+8
207.52,1.725e+8,,1.725e+8
207.57,2.053e+8,,2.053e+8
207.62,2.176e+8,,2.176e+8
207.67,2.053e+8,,2.053e+8
207.72,1.725e+8,,1.725e+8
207.77,1.291e+8,,1.291e+8
207.82,8.604e+7,,8.604e+7
207.87,5.109e+7,,5.109e+7
207.92,2.715e+7,,2.715e+7
207.97,1.331e+7,,1.331e+7
208.02,7.213e+6,,7.213e+6
208.07,7.143e+6,,7.143e+6
208.12,1.317e+7,,1.317e+7
208.17,2.723e+7,,2.723e+7
208.22,5.215e+7,,5.215e+7
208.27,8.948e+7,,8.948e+7
208.32,1.370e+8,,1.370e+8
208.37,1.869e+8,,1.869e+8
208.42,2.275e+8,,2.275e+8
208.47,2.473e+8,,2.473e+8
208.52,2.405e+8,,2.405e+8
208.57,2.106e+8,,2.106e+8
208.62,1.686e+8,,1.686e+8
208.67,1.275e+8,,1.275e+8
208.72,9.683e+7,,9.683e+7
208.77,7.921e+7,,7.921e+7
208.82,7.144e+7,,7.144e+7
208.87,6.751e+7,,6.751e+7
208.92,6.224e+7,,6.224e+7
208.97,5.333e+7,,5.333e+7
209.02,4.145e+7,,4.145e+7
209.07,2.894e+7,,2.894e+7
209.12,1.808e+7,,1.808e+7
209.17,1.017e+7,,1.017e+7
209.22,5.395e+6,,5.395e+6
209.27,3.466e+6,,3.466e+6
209.32,4.394e+6,,4.394e+6
209.37,9.142e+6,,9.142e+6
209.42,1.989e+7,,1.989e+7
209.47,3.962e+7,,3.962e+7
209.52,7.070e+7,,7.070e+7
209.57,1.127e+8,,1.127e+8
209.62,1.603e+8,,1.603e+8
209.67,2.035e+8,,2.035e+8
209.72,2.307e+8,,2.307e+8
209.77,2.338e+8,,2.338e+8
209.82,2.123e+8,,2.123e+8
209.87,1.740e+8,,1.740e+8
209.92,1.319e+8,,1.319e+8
209.97,9.801e+7,,9.801e+7
210.02,7.994e+7,,7.994e+7
210.07,7.872e+7,,7.872e+7
210.12,8.966e+7,,8.966e+7
210.17,1.047e+8,,1.047e+8
210.22,1.153e+8,,1.153e+8
210.27,1.155e+8,,1.155e+8
210.32,1.040e+8,,1.040e+8
210.37,8.383e+7,,8.383e+7
210.42,6.037e+7,,6.037e+7
210.47,3.883e+7,,3.883e+7
210.52,2.231e+7,,2.231e+7
210.57,1.145e+7,,1.145e+7
210.62,5.245e+6,,5.245e+6
210.67,2.148e+6,,2.148e+6
210.72,7.917e+5,,7.917e+5
210.77,2.883e+5,,2.883e+5
210.82,2.000e+5,,2.000e+5
210.87,4.536e+5,,4.536e+5
210.92,1.349e+6,,1.349e+6
210.97,3.722e+6,,3.722e+6
211.02,9.209e+6,,9.209e+6
211.07,2.038e+7,,2.038e+7
211.12,4.033e+7,,4.033e+7
211.17,7.136e+7,,7.136e+7
211.22,1.129e+8,,1.129e+8
211.27,1.597e+8,,1.597e+8
211.32,2.020e+8,,2.020e+8
211.37,2.285e+8,,2.285e+8
211.42,2.312e+8,,2.312e+8
211.47,2.095e+8,,2.095e+8
211.52,1.706e+8,,1.706e+8
211.57,1.264e+8,,1.264e+8
211.62,8.888e+7,,8.888e+7
211.67,6.618e+7,,6.618e+7
211.72,6.160e+7,,6.160e+7
211.77,7.388e+7,,7.388e+7
211.82,9.796e+7,,9.796e+7
211.87,1.259e+8,,1.259e+8
211.92,1.484e+8,,1.484e+8
211.97,1.578e+8,,1.578e+8
212.02,1.506e+8,,1.506e+8
212.07,1.288e+8,,1.288e+8
212.12,9.862e+7,,9.862e+7
212.17,6.762e+7,,6.762e+7
212.22,4.152e+7,,4.152e+7
212.27,2.282e+7,,2.282e+7
212.32,1.123e+7,,1.123e+7
212.37,4.949e+6,,4.949e+6
212.42,1.952e+6,,1.952e+6
212.47,6.893e+5,,6.893e+5
212.52,2.179e+5,,2.179e+5
212.57,6.180e+4,,6.180e+4
212.62,1.650e+4,,1.650e+4
212.67,7.764e+3,,7.764e+3
212.72,1.854e+4,,1.854e+4
212.77,6.746e+4,,6.746e+4
212.82,2.279e+5,,2.279e+5
212.87,6.913e+5,,6.913e+5
212.92,1.878e+6,,1.878e+6
212.97,4.573e+6,,4.573e+6
213.02,9.975e+6,,9.975e+6
213.07,1.950e+7,,1.950e+7
213.12,3.414e+7,,3.414e+7
213.17,5.356e+7,,5.356e+7
213.22,7.529e+7,,7.529e+7
213.27,9.483e+7,,9.483e+7
213.32,1.070e+8,,1.070e+8
213.37,1.082e+8,,1.082e+8
213.42,9.800e+7,,9.800e+7
213.47,7.954e+7,,7.954e+7
213.52,5.784e+7,,5.784e+7
213.57,3.769e+7,,3.769e+7
213.62,2.200e+7,,2.200e+7
213.67,1.151e+7,,1.151e+7
213.72,5.392e+6,,5.392e+6
213.77,2.264e+6,,2.264e+6
213.82,8.517e+5,,8.517e+5
213.87,2.871e+5,,2.871e+5
213.92,8.669e+4,,8.669e+4
213.97,2.346e+4,,2.346e+4
214.02,5.686e+3,,5.686e+3
214.07,1.235e+3,,1.235e+3
214.12,2.403e+2,,2.403e+2
214.17,4.191e+1,,4.191e+1
214.22,6.547e+0,,6.547e+0
214.27,9.164e-1,,9.164e-1
214.32,1.149e-1,,1.149e-1
214.37,1.291e-2,,1.291e-2
214.42,1.300e-3,,1.300e-3
214.47,1.173e-4,,1.173e-4
214.52,9.476e-6,,9.476e-6
214.57,6.861e-7,,6.861e-7
214.62,4.451e-8,,4.451e-8
221.67,1.689e-7,,1.689e-7
221.72,2.299e-6,,2.299e-6
221.77,2.830e-5,,2.830e-5
221.82,3.151e-4,,3.151e-4
221.87,3.174e-3,,3.174e-3
221.92,2.890e-2,,2.890e-2
221.97,2.381e-1,,2.381e-1
222.02,1.774e+0,,1.774e+0
222.07,1.195e+1,,1.195e+1
222.12,7.286e+1,,7.286e+1
222.17,4.016e+2,,4.016e+2
222.22,2.003e+3,,2.003e+3
222.27,9.032e+3,,9.032e+3
222.32,3.685e+4,,3.685e+4
222.37,1.360e+5,,1.360e+5
222.42,4.541e+5,,4.541e+5
222.47,1.372e+6,,1.372e+6
222.52,3.751e+6,,3.751e+6
222.57,9.287e+6,,9.287e+6
222.62,2.082e+7,,2.082e+7
222.67,4.229e+7,,4.229e+7
222.72,7.791e+7,,7.791e+7
222.77,1.303e+8,,1.303e+8
222.82,1.981e+8,,1.981e+8
222.87,2.742e+8,,2.742e+8
222.92,3.467e+8,,3.467e+8
222.97,4.014e+8,,4.014e+8
223.02,4.272e+8,,4.272e+8
223.07,4.196e+8,,4.196e+8
223.12,3.821e+8,,3.821e+8
223.17,3.235e+8,,3.235e+8
223.22,2.554e+8,,2.554e+8
223.27,1.880e+8,,1.880e+8
223.32,1.290e+8,,1.290e+8
223.37,8.221e+7,,8.221e+7
223.42,4.850e+7,,4.850e+7
223.47,2.637e+7,,2.637e+7
223.52,1.316e+7,,1.316e+7
223.57,6.012e+6,,6.012e+6
223.62,2.505e+6,,2.505e+6
223.67,9.499e+5,,9.499e+5
223.72,3.273e+5,,3.273e+5
223.77,1.023e+5,,1.023e+5
223.82,2.901e+4,,2.901e+4
223.87,7.450e+3,,7.450e+3
223.92,1.733e+3,,1.733e+3
223.97,3.648e+2,,3.648e+2
224.02,6.950e+1,,6.950e+1
224.07,1.198e+1,,1.198e+1
224.12,1.869e+0,,1.869e+0
224.17,2.638e-1,,2.638e-1
224.22,3.367e-2,,3.367e-2
224.27,3.888e-3,,3.888e-3
224.32,4.061e-4,,4.061e-4
224.37,3.835e-5,,3.835e-5
224.42,3.278e-6,,3.278e-6
224.47,2.534e-7,,2.534e-7
224.52,1.771e-8,,1.771e-8
230.62,1.776e-8,,1.776e-8
230.67,2.369e-7,,2.369e-7
230.72,2.881e-6,,2.881e-6
230.77,3.192e-5,,3.192e-5
230.82,3.223e-4,,3.223e-4
230.87,2.966e-3,,2.966e-3
230.92,2.487e-2,,2.487e-2
230.97,1.901e-1,,1.901e-1
231.02,1.324e+0,,1.324e+0
231.07,8.404e+0,,8.404e+0
231.12,4.861e+1,,4.861e+1
231.17,2.562e+2,,2.562e+2
231.22,1.231e+3,,1.231e+3
231.27,5.389e+3,,5.389e+3
231.32,2.150e+4,,2.150e+4
231.37,7.816e+4,,7.816e+4
231.42,2.590e+5,,2.590e+5
231.47,7.820e+5,,7.820e+5
231.52,2.152e+6,,2.152e+6
231.58,6.413e+6,,6.413e+6
231.63,1.439e+7,,1.439e+7
231.68,2.941e+7,,2.941e+7
231.73,5.479e+7,,5.479e+7
231.78,9.302e+7,,9.302e+7
231.83,1.439e+8,,1.439e+8
231.88,2.029e+8,,2.029e+8
231.93,2.608e+8,,2.608e+8
231.98,3.054e+8,,3.054e+8
232.03,3.259e+8,,3.259e+8
232.08,3.169e+8,,3.169e+8
232.13,2.809e+8,,2.809e+8
232.18,2.269e+8,,2.269e+8
232.23,1.670e+8,,1.670e+8
232.28,1.120e+8,,1.120e+8
232.33,6.847e+7,,6.847e+7
232.38,3.814e+7,,3.814e+7
232.43,1.937e+7,,1.937e+7
232.48,8.961e+6,,8.961e+6
232.53,3.784e+6,,3.784e+6
232.58,1.475e+6,,1.475e+6
232.63,5.818e+5,,5.818e+5
232.68,3.689e+5,,3.689e+5
232.73,5.782e+5,,5.782e+5
232.78,1.261e+6,,1.261e+6
232.83,2.690e+6,,2.690e+6
232.88,5.298e+6,,5.298e+6
232.93,9.575e+6,,9.575e+6
232.98,1.587e+7,,1.587e+7
233.03,2.416e+7,,2.416e+7
233.08,3.379e+7,,3.379e+7
233.13,4.346e+7,,4.346e+7
233.18,5.143e+7,,5.143e+7
233.23,5.604e+7,,5.604e+7
233.28,5.625e+7,,5.625e+7
233.33,5.202e+7,,5.202e+7
233.38,4.434e+7,,4.434e+7
233.43,3.483e+7,,3.483e+7
233.48,2.520e+7,,2.520e+7
233.53,1.679e+7,,1.679e+7
233.58,1.029e+7,,1.029e+7
233.63,5.802e+6,,5.802e+6
233.68,3.005e+6,,3.005e+6
233.73,1.429e+6,,1.429e+6
233.78,6.234e+5,,6.234e+5
233.83,2.493e+5,,2.493e+5
233.88,9.134e+4,,9.134e+4
233.93,3.064e+4,,3.064e+4
233.98,9.402e+3,,9.402e+3
234.03,2.639e+3,,2.639e+3
234.08,6.772e+2,,6.772e+2
234.13,1.588e+2,,1.588e+2
234.18,3.402e+1,,3.402e+1
234.23,6.658e+0,,6.658e+0
234.28,1.190e+0,,1.190e+0
234.33,1.941e-1,,1.941e-1
234.38,2.891e-2,,2.891e-2
234.43,3.930e-3,,3.930e-3
234.48,4.875e-4,,4.875e-4
234.53,5.520e-5,,5.520e-5
234.58,5.703e-6,,5.703e-6
234.63,5.377e-7,,5.377e-7
234.68,4.606e-8,,4.606e-8
234.73,3.618e-9,,3.618e-9
235.28,2.502e-8,,2.502e-8
235.33,2.965e-7,,2.965e-7
235.38,3.213e-6,,3.213e-6
235.43,3.185e-5,,3.185e-5
235.48,2.887e-4,,2.887e-4
235.53,2.394e-3,,2.394e-3
235.58,1.816e-2,,1.816e-2
235.63,1.259e-1,,1.259e-1
235.68,7.989e-1,,7.989e-1
235.73,4.635e+0,,4.635e+0
235.78,2.460e+1,,2.460e+1
235.83,1.194e+2,,1.194e+2
235.88,5.300e+2,,5.300e+2
235.93,2.152e+3,,2.152e+3
235.98,7.991e+3,,7.991e+3
236.03,2.714e+4,,2.714e+4
236.08,8.432e+4,,8.432e+4
236.13,2.396e+5,,2.396e+5
236.18,6.225e+5,,6.225e+5
236.23,1.480e+6,,1.480e+6
236.28,3.216e+6,,3.216e+6
236.33,6.395e+6,,6.395e+6
236.38,1.163e+7,,1.163e+7
236.43,1.934e+7,,1.934e+7
236.48,2.942e+7,,2.942e+7
236.53,4.094e+7,,4.094e+7
236.58,5.210e+7,,5.210e+7
236.63,6.068e+7,,6.068e+7
236.68,6.471e+7,,6.471e+7
236.73,6.340e+7,,6.340e+7
236.78,5.756e+7,,5.756e+7
236.83,4.975e+7,,4.975e+7
236.88,4.385e+7,,4.385e+7
236.93,4.458e+7,,4.458e+7
236.98,5.692e+7,,5.692e+7
237.03,8.527e+7,,8.527e+7
237.08,1.321e+8,,1.321e+8
237.13,1.960e+8,,1.960e+8
237.18,2.703e+8,,2.703e+8
237.23,3.427e+8,,3.427e+8
237.28,3.982e+8,,3.982e+8
237.33,4.237e+8,,4.237e+8
237.38,4.125e+8,,4.125e+8
237.43,3.675e+8,,3.675e+8
237.48,2.997e+8,,2.997e+8
237.53,2.236e+8,,2.236e+8
237.58,1.526e+8,,1.526e+8
237.63,9.535e+7,,9.535e+7
237.68,5.451e+7,,5.451e+7
237.73,2.851e+7,,2.851e+7
237.78,1.365e+7,,1.365e+7
237.83,5.978e+6,,5.978e+6
237.88,2.396e+6,,2.396e+6
237.93,8.788e+5,,8.788e+5
237.98,2.949e+5,,2.949e+5
238.03,9.057e+4,,9.057e+4
238.08,2.545e+4,,2.545e+4
238.13,6.545e+3,,6.545e+3
238.18,1.540e+3,,1.540e+3
238.23,3.316e+2,,3.316e+2
238.28,6.533e+1,,6.533e+1
238.33,1.178e+1,,1.178e+1
238.38,1.943e+0,,1.943e+0
238.43,2.934e-1,,2.934e-1
238.48,4.057e-2,,4.057e-2
238.53,5.442e-3,,5.442e-3
238.58,3.079e-3,,3.079e-3
238.63,1.787e-2,,1.787e-2
238.68,1.171e-1,,1.171e-1
238.73,7.067e-1,,7.067e-1
238.78,3.916e+0,,3.916e+0
238.83,1.993e+1,,1.993e+1
238.88,9.315e+1,,9.315e+1
238.93,4.000e+2,,4.000e+2
238.98,1.579e+3,,1.579e+3
239.03,5.728e+3,,5.728e+3
239.08,1.911e+4,,1.911e+4
239.13,5.868e+4,,5.868e+4
239.18,1.659e+5,,1.659e+5
239.23,4.319e+5,,4.319e+5
239.28,1.037e+6,,1.037e+6
239.33,2.296e+6,,2.296e+6
239.38,4.696e+6,,4.696e+6
239.43,8.884e+6,,8.884e+6
239.48,1.557e+7,,1.557e+7
239.53,2.532e+7,,2.532e+7
239.58,3.830e+7,,3.830e+7
239.63,5.406e+7,,5.406e+7
239.68,7.144e+7,,7.144e+7
239.73,8.877e+7,,8.877e+7
239.78,1.043e+8,,1.043e+8
239.83,1.165e+8,,1.165e+8
239.88,1.246e+8,,1.246e+8
239.93,1.285e+8,,1.285e+8
239.98,1.287e+8,,1.287e+8
240.03,1.257e+8,,1.257e+8
240.08,1.199e+8,,1.199e+8
240.13,1.115e+8,,1.115e+8
240.18,1.004e+8,,1.004e+8
240.23,8.688e+7,,8.688e+7
240.28,7.159e+7,,7.159e+7
240.33,5.571e+7,,5.571e+7
240.38,4.066e+7,,4.066e+7
240.43,2.766e+7,,2.766e+7
240.48,1.746e+7,,1.746e+7
240.53,1.020e+7,,1.020e+7
240.58,5.499e+6,,5.499e+6
240.63,2.731e+6,,2.731e+6
240.68,1.248e+6,,1.248e+6
240.73,5.240e+5,,5.240e+5
240.78,2.022e+5,,2.022e+5
240.83,7.162e+4,,7.162e+4
240.88,2.329e+4,,2.329e+4
240.93,6.948e+3,,6.948e+3
240.98,1.902e+3,,1.902e+3
241.03,4.777e+2,,4.777e+2
241.08,1.100e+2,,1.100e+2
241.13,2.325e+1,,2.325e+1
241.18,4.506e+0,,4.506e+0
241.23,8.009e-1,,8.009e-1
241.28,1.306e-1,,1.306e-1
241.33,1.952e-2,,1.952e-2
241.38,2.687e-3,,2.687e-3
241.43,4.445e-4,,4.445e-4
241.48,1.017e-3,,1.017e-3
241.53,8.150e-3,,8.150e-3
241.58,6.238e-2,,6.238e-2
241.63,4.392e-1,,4.392e-1
241.68,2.844e+0,,2.844e+0
241.73,1.693e+1,,1.693e+1
241.78,9.273e+1,,9.273e+1
241.83,4.669e+2,,4.669e+2
241.88,2.162e+3,,2.162e+3
241.93,9.208e+3,,9.208e+3
241.98,3.606e+4,,3.606e+4
242.03,1.299e+5,,1.299e+5
242.08,4.303e+5,,4.303e+5
242.13,1.311e+6,,1.311e+6
242.18,3.673e+6,,3.673e+6
242.23,9.463e+6,,9.463e+6
242.28,2.243e+7,,2.243e+7
242.33,4.888e+7,,4.888e+7
242.38,9.797e+7,,9.797e+7
242.43,1.806e+8,,1.806e+8
242.48,3.062e+8,,3.062e+8
242.53,4.775e+8,,4.775e+8
242.58,6.847e+8,,6.847e+8
242.63,9.029e+8,,9.029e+8
242.68,1.095e+9,,1.095e+9
242.73,1.221e+9,,1.221e+9
242.78,1.253e+9,,1.253e+9
242.83,1.182e+9,,1.182e+9
242.88,1.025e+9,,1.025e+9
242.93,8.174e+8,,8.174e+8
242.98,5.996e+8,,5.996e+8
243.03,4.046e+8,,4.046e+8
243.08,2.517e+8,,2.517e+8
243.13,1.457e+8,,1.457e+8
243.18,8.210e+7,,8.210e+7
243.23,5.366e+7,,5.366e+7
243.28,5.577e+7,,5.577e+7
243.33,8.983e+7,,8.983e+7
243.38,1.636e+8,,1.636e+8
243.43,2.886e+8,,2.886e+8
243.48,4.745e+8,,4.745e+8
243.53,7.213e+8,,7.213e+8
243.58,1.012e+9,,1.012e+9
243.63,1.310e+9,,1.310e+9
243.68,1.565e+9,,1.565e+9
243.73,1.727e+9,,1.727e+9
243.78,1.759e+9,,1.759e+9
243.83,1.658e+9,,1.658e+9
243.88,1.449e+9,,1.449e+9
243.93,1.177e+9,,1.177e+9
243.98,8.941e+8,,8.941e+8
244.03,6.401e+8,,6.401e+8
244.08,4.368e+8,,4.368e+8
244.13,2.883e+8,,2.883e+8
244.18,1.871e+8,,1.871e+8
244.23,1.216e+8,,1.216e+8
244.28,8.141e+7,,8.141e+7
244.33,5.871e+7,,5.871e+7
244.38,4.861e+7,,4.861e+7
244.43,4.764e+7,,4.764e+7
244.48,5.272e+7,,5.272e+7
244.53,6.079e+7,,6.079e+7
244.58,6.904e+7,,6.904e+7
244.63,7.588e+7,,7.588e+7
244.68,8.197e+7,,8.197e+7
244.73,9.148e+7,,9.148e+7
244.78,1.130e+8,,1.130e+8
244.83,1.600e+8,,1.600e+8
244.88,2.502e+8,,2.502e+8
244.93,4.027e+8,,4.027e+8
244.98,6.317e+8,,6.317e+8
245.03,9.379e+8,,9.379e+8
245.08,1.300e+9,,1.300e+9
245.13,1.673e+9,,1.673e+9
245.18,1.992e+9,,1.992e+9
245.23,2.191e+9,,2.191e+9
245.28,2.227e+9,,2.227e+9
245.33,2.090e+9,,2.090e+9
245.38,1.812e+9,,1.812e+9
245.43,1.453e+9,,1.453e+9
245.48,1.081e+9,,1.081e+9
245.53,7.514e+8,,7.514e+8
245.58,4.963e+8,,4.963e+8
245.63,3.231e+8,,3.231e+8
245.68,2.212e+8,,2.212e+8
245.73,1.705e+8,,1.705e+8
245.78,1.498e+8,,1.498e+8
245.83,1.415e+8,,1.415e+8
245.88,1.342e+8,,1.342e+8
245.93,1.226e+8,,1.226e+8
245.98,1.062e+8,,1.062e+8
246.03,8.772e+7,,8.772e+7
246.08,7.063e+7,,7.063e+7
246.13,5.840e+7,,5.840e+7
246.18,5.387e+7,,5.387e+7
246.23,5.955e+7,,5.955e+7
246.28,7.792e+7,,7.792e+7
246.33,1.111e+8,,1.111e+8
246.38,1.598e+8,,1.598e+8
246.43,2.214e+8,,2.214e+8
246.48,2.888e+8,,2.888e+8
246.53,3.512e+8,,3.512e+8
246.58,3.960e+8,,3.960e+8
246.63,4.132e+8,,4.132e+8
246.68,3.987e+8,,3.987e+8
246.73,3.560e+8,,3.560e+8
246.78,2.949e+8,,2.949e+8
246.83,2.280e+8,,2.280e+8
246.88,1.675e+8,,1.675e+8
246.93,1.217e+8,,1.217e+8
246.98,9.466e+7,,9.466e+7
247.03,8.618e+7,,8.618e+7
247.08,9.292e+7,,9.292e+7
247.13,1.094e+8,,1.094e+8
247.18,1.290e+8,,1.290e+8
247.23,1.451e+8,,1.451e+8
247.28,1.528e+8,,1.528e+8
247.33,1.492e+8,,1.492e+8
247.38,1.349e+8,,1.349e+8
247.43,1.130e+8,,1.130e+8
247.48,8.783e+7,,8.783e+7
247.53,6.397e+7,,6.397e+7
247.58,4.463e+7,,4.463e+7
247.63,3.140e+7,,3.140e+7
247.68,2.434e+7,,2.434e+7
247.73,2.239e+7,,2.239e+7
247.78,2.388e+7,,2.388e+7
247.83,2.692e+7,,2.692e+7
247.88,2.977e+7,,2.977e+7
247.93,3.112e+7,,3.112e+7
247.98,3.038e+7,,3.038e+7
248.03,2.770e+7,,2.770e+7
248.08,2.401e+7,,2.401e+7
248.13,2.072e+7,,2.072e+7
248.18,1.957e+7,,1.957e+7
248.23,2.229e+7,,2.229e+7
248.28,3.043e+7,,3.043e+7
248.33,4.492e+7,,4.492e+7
248.38,6.568e+7,,6.568e+7
248.43,9.117e+7,,9.117e+7
248.48,1.184e+8,,1.184e+8
248.53,1.433e+8,,1.433e+8
248.58,1.623e+8,,1.623e+8
248.63,1.732e+8,,1.732e+8
248.68,1.765e+8,,1.765e+8
248.73,1.754e+8,,1.754e+8
248.78,1.745e+8,,1.745e+8
248.83,1.780e+8,,1.780e+8
248.88,1.882e+8,,1.882e+8
248.93,2.038e+8,,2.038e+8
248.98,2.206e+8,,2.206e+8
249.03,2.325e+8,,2.325e+8
249.08,2.336e+8,,2.336e+8
249.13,2.210e+8,,2.210e+8
249.18,1.953e+8,,1.953e+8
249.23,1.606e+8,,1.606e+8
249.28,1.230e+8,,1.230e+8
249.33,8.881e+7,,8.881e+7
249.38,6.314e+7,,6.314e+7
249.43,4.984e+7,,4.984e+7
249.48,5.192e+7,,5.192e+7
249.53,7.230e+7,,7.230e+7
249.58,1.136e+8,,1.136e+8
249.63,1.769e+8,,1.769e+8
249.68,2.598e+8,,2.598e+8
249.73,3.543e+8,,3.543e+8
249.78,4.466e+8,,4.466e+8
249.83,5.199e+8,,5.199e+8
249.88,5.587e+8,,5.587e+8
249.93,5.543e+8,,5.543e+8
249.98,5.075e+8,,5.075e+8
250.03,4.290e+8,,4.290e+8
250.08,3.348e+8,,3.348e+8
250.13,2.415e+8,,2.415e+8
250.18,1.613e+8,,1.613e+8
250.23,1.010e+8,,1.010e+8
250.28,6.159e+7,,6.159e+7
250.33,4.132e+7,,4.132e+7
250.38,3.737e+7,,3.737e+7
250.43,4.740e+7,,4.740e+7
250.48,6.962e+7,,6.962e+7
250.53,1.019e+8,,1.019e+8
250.58,1.407e+8,,1.407e+8
250.63,1.803e+8,,1.803e+8
250.68,2.138e+8,,2.138e+8
250.73,2.342e+8,,2.342e+8
250.78,2.372e+8,,2.372e+8
250.83,2.220e+8,,2.220e+8
250.88,1.924e+8,,1.924e+8
250.93,1.552e+8,,1.552e+8
250.98,1.180e+8,,1.180e+8
251.03,8.760e+7,,8.760e+7
251.08,6.873e+7,,6.873e+7
251.13,6.393e+7,,6.393e+7
251.18,7.423e+7,,7.423e+7
251.23,1.000e+8,,1.000e+8
251.28,1.417e+8,,1.417e+8
251.33,1.995e+8,,1.995e+8
251.38,2.736e+8,,2.736e+8
251.43,3.618e+8,,3.618e+8
251.48,4.594e+8,,4.594e+8
251.53,5.572e+8,,5.572e+8
251.58,6.432e+8,,6.432e+8
251.63,7.050e+8,,7.050e+8
251.68,7.341e+8,,7.341e+8
251.73,7.289e+8,,7.289e+8
251.78,6.950e+8,,6.950e+8
251.83,6.433e+8,,6.433e+8
251.88,5.851e+8,,5.851e+8
251.93,5.284e+8,,5.284e+8
251.98,4.760e+8,,4.760e+8
252.03,4.269e+8,,4.269e+8
252.08,3.786e+8,,3.786e+8
252.13,3.295e+8,,3.295e+8
252.18,2.800e+8,,2.800e+8
252.23,2.320e+8,,2.320e+8
252.28,1.877e+8,,1.877e+8
252.33,1.490e+8,,1.490e+8
252.38,1.172e+8,,1.172e+8
252.43,9.329e+7,,9.329e+7
252.48,7.790e+7,,7.790e+7
252.53,7.122e+7,,7.122e+7
252.58,7.260e+7,,7.260e+7
252.63,8.022e+7,,8.022e+7
252.68,9.120e+7,,9.120e+7
252.73,1.023e+8,,1.023e+8
252.78,1.113e+8,,1.113e+8
252.83,1.181e+8,,1.181e+8
252.88,1.257e+8,,1.257e+8
252.93,1.402e+8,,1.402e+8
252.98,1.693e+8,,1.693e+8
253.03,2.207e+8,,2.207e+8
253.08,2.992e+8,,2.992e+8
253.13,4.047e+8,,4.047e+8
253.18,5.317e+8,,5.317e+8
253.23,6.696e+8,,6.696e+8
253.28,8.061e+8,,8.061e+8
253.33,9.300e+8,,9.300e+8
253.38,1.034e+9,,1.034e+9
253.43,1.117e+9,,1.117e+9
253.48,1.180e+9,,1.180e+9
253.53,1.230e+9,,1.230e+9
253.58,1.267e+9,,1.267e+9
253.63,1.291e+9,,1.291e+9
253.68,1.294e+9,,1.294e+9
253.73,1.267e+9,,1.267e+9
253.78,1.201e+9,,1.201e+9
253.83,1.099e+9,,1.099e+9
253.88,9.740e+8,,9.740e+8
253.93,8.505e+8,,8.505e+8
253.98,7.584e+8,,7.584e+8
254.03,7.241e+8,,7.241e+8
254.08,7.611e+8,,7.611e+8
254.13,8.644e+8,,8.644e+8
254.18,1.009e+9,,1.009e+9
254.23,1.158e+9,,1.158e+9
254.28,1.268e+9,,1.268e+9
254.33,1.309e+9,,1.309e+9
254.38,1.269e+9,,1.269e+9
254.43,1.163e+9,,1.163e+9
254.48,1.023e+9,,1.023e+9
254.53,8.914e+8,,8.914e+8
254.58,8.055e+8,,8.055e+8
254.63,7.872e+8,,7.872e+8
254.68,8.369e+8,,8.369e+8
254.73,9.347e+8,,9.347e+8
254.78,1.047e+9,,1.047e+9
254.83,1.139e+9,,1.139e+9
254.88,1.184e+9,,1.184e+9
254.93,1.172e+9,,1.172e+9
254.98,1.109e+9,,1.109e+9
255.03,1.012e+9,,1.012e+9
255.08,9.049e+8,,9.049e+8
255.13,8.051e+8,,8.051e+8
255.18,7.265e+8,,7.265e+8
255.23,6.806e+8,,6.806e+8
255.28,6.812e+8,,6.812e+8
255.33,7.474e+8,,7.474e+8
255.38,9.024e+8,,9.024e+8
255.43,1.168e+9,,1.168e+9
255.48,1.555e+9,,1.555e+9
255.53,2.055e+9,,2.055e+9
255.58,2.637e+9,,2.637e+9
255.63,3.244e+9,,3.244e+9
255.68,3.804e+9,,3.804e+9
255.73,4.239e+9,,4.239e+9
255.78,4.486e+9,,4.486e+9
255.83,4.509e+9,,4.509e+9
255.88,4.315e+9,,4.315e+9
255.93,3.954e+9,,3.954e+9
255.98,3.513e+9,,3.513e+9
256.03,3.096e+9,,3.096e+9
256.08,2.795e+9,,2.795e+9
256.13,2.667e+9,,2.667e+9
256.18,2.714e+9,,2.714e+9
256.23,2.882e+9,,2.882e+9
256.28,3.082e+9,,3.082e+9
256.33,3.213e+9,,3.213e+9
256.38,3.198e+9,,3.198e+9
256.43,3.006e+9,,3.006e+9
256.48,2.655e+9,,2.655e+9
256.53,2.202e+9,,2.202e+9
256.58,1.719e+9,,1.719e+9
256.63,1.272e+9,,1.272e+9
256.68,9.049e+8,,9.049e+8
256.73,6.344e+8,,6.344e+8
256.78,4.563e+8,,4.563e+8
256.83,3.554e+8,,3.554e+8
256.88,3.181e+8,,3.181e+8
256.93,3.457e+8,,3.457e+8
256.98,4.737e+8,,4.737e+8
257.03,7.983e+8,,7.983e+8
257.08,1.516e+9,,1.516e+9
257.13,2.965e+9,,2.965e+9
257.18,5.651e+9,,5.651e+9
257.23,1.021e+10,,1.021e+10
257.28,1.729e+10,,1.729e+10
257.33,2.728e+10,,2.728e+10
257.38,3.999e+10,,3.999e+10
257.43,5.443e+10,,5.443e+10
257.48,6.874e+10,,6.874e+10
257.53,8.056e+10,,8.056e+10
257.58,8.760e+10,,8.760e+10
257.63,8.838e+10,,8.838e+10
257.68,8.276e+10,,8.276e+10
257.73,7.194e+10,,7.194e+10
257.78,5.809e+10,,5.809e+10
257.83,4.360e+10,,4.360e+10
257.88,3.046e+10,,3.046e+10
257.93,1.984e+10,,1.984e+10
257.98,1.210e+10,,1.210e+10
258.03,6.974e+9,,6.974e+9
258.08,3.868e+9,,3.868e+9
258.13,2.156e+9,,2.156e+9
258.18,1.312e+9,,1.312e+9
258.23,9.611e+8,,9.611e+8
258.28,8.659e+8,,8.659e+8
258.33,8.896e+8,,8.896e+8
258.38,9.583e+8,,9.583e+8
258.43,1.035e+9,,1.035e+9
258.48,1.105e+9,,1.105e+9
258.53,1.170e+9,,1.170e+9
258.58,1.244e+9,,1.244e+9
258.63,1.355e+9,,1.355e+9
258.68,1.541e+9,,1.541e+9
258.73,1.855e+9,,1.855e+9
258.78,2.373e+9,,2.373e+9
258.83,3.215e+9,,3.215e+9
258.88,4.585e+9,,4.585e+9
258.93,6.801e+9,,6.801e+9
258.98,1.029e+10,,1.029e+10
259.03,1.552e+10,,1.552e+10
259.08,2.281e+10,,2.281e+10
259.13,3.215e+10,,3.215e+10
259.18,4.289e+10,,4.289e+10
259.23,5.378e+10,,5.378e+10
259.28,6.306e+10,,6.306e+10
259.33,6.895e+10,,6.895e+10
259.38,7.019e+10,,7.019e+10
259.43,6.647e+10,,6.647e+10
259.48,5.854e+10,,5.854e+10
259.53,4.797e+10,,4.797e+10
259.58,3.661e+10,,3.661e+10
259.63,2.610e+10,,2.610e+10
259.68,1.749e+10,,1.749e+10
259.73,1.117e+10,,1.117e+10
259.78,6.964e+9,,6.964e+9
259.83,4.425e+9,,4.425e+9
259.88,3.036e+9,,3.036e+9
259.93,2.377e+9,,2.377e+9
259.98,2.197e+9,,2.197e+9
260.03,2.427e+9,,2.427e+9
260.08,3.159e+9,,3.159e+9
260.13,4.616e+9,,4.616e+9
260.18,7.106e+9,,7.106e+9
260.23,1.094e+10,,1.094e+10
260.28,1.631e+10,,1.631e+10
260.33,2.314e+10,,2.314e+10
260.38,3.094e+10,,3.094e+10
260.43,3.878e+10,,3.878e+10
260.48,4.545e+10,,4.545e+10
260.53,4.971e+10,,4.971e+10
260.58,5.073e+10,,5.073e+10
260.63,4.834e+10,,4.834e+10
260.68,4.311e+10,,4.311e+10
260.73,3.615e+10,,3.615e+10
260.78,2.876e+10,,2.876e+10
260.83,2.204e+10,,2.204e+10
260.88,1.663e+10,,1.663e+10
260.93,1.268e+10,,1.268e+10
260.98,9.959e+9,,9.959e+9
261.03,8.071e+9,,8.071e+9
261.08,6.637e+9,,6.637e+9
261.13,5.401e+9,,5.401e+9
261.18,4.261e+9,,4.261e+9
261.23,3.221e+9,,3.221e+9
261.28,2.340e+9,,2.340e+9
261.33,1.680e+9,,1.680e+9
261.38,1.280e+9,,1.280e+9
261.43,1.160e+9,,1.160e+9
261.48,1.316e+9,,1.316e+9
261.53,1.725e+9,,1.725e+9
261.58,2.342e+9,,2.342e+9
261.63,3.087e+9,,3.087e+9
261.68,3.848e+9,,3.848e+9
261.73,4.492e+9,,4.492e+9
261.78,4.895e+9,,4.895e+9
261.83,4.974e+9,,4.974e+9
261.88,4.713e+9,,4.713e+9
261.93,4.168e+9,,4.168e+9
261.98,3.449e+9,,3.449e+9
262.03,2.690e+9,,2.690e+9
262.08,2.017e+9,,2.017e+9
262.13,1.524e+9,,1.524e+9
262.18,1.267e+9,,1.267e+9
262.23,1.262e+9,,1.262e+9
262.28,1.496e+9,,1.496e+9
262.33,1.923e+9,,1.923e+9
262.38,2.470e+9,,2.470e+9
262.44,3.145e+9,,3.145e+9
262.49,3.598e+9,,3.598e+9
262.54,3.852e+9,,3.852e+9
262.59,3.860e+9,,3.860e+9
262.64,3.626e+9,,3.626e+9
262.69,3.208e+9,,3.208e+9
262.74,2.699e+9,,2.699e+9
262.79,2.203e+9,,2.203e+9
262.84,1.810e+9,,1.810e+9
262.89,1.585e+9,,1.585e+9
262.94,1.555e+9,,1.555e+9
262.99,1.714e+9,,1.714e+9
263.04,2.020e+9,,2.020e+9
263.09,2.402e+9,,2.402e+9
263.14,2.771e+9,,2.771e+9
263.19,3.040e+9,,3.040e+9
263.24,3.144e+9,,3.144e+9
263.29,3.064e+9,,3.064e+9
263.34,2.829e+9,,2.829e+9
263.39,2.509e+9,,2.509e+9
263.44,2.199e+9,,2.199e+9
263.49,1.985e+9,,1.985e+9
263.54,1.930e+9,,1.930e+9
263.59,2.055e+9,,2.055e+9
263.64,2.339e+9,,2.339e+9
263.69,2.720e+9,,2.720e+9
263.74,3.117e+9,,3.117e+9
263.79,3.441e+9,,3.441e+9
263.84,3.618e+9,,3.618e+9
263.89,3.607e+9,,3.607e+9
263.94,3.401e+9,,3.401e+9
263.99,3.032e+9,,3.032e+9
264.04,2.557e+9,,2.557e+9
264.09,2.041e+9,,2.041e+9
264.14,1.542e+9,,1.542e+9
264.19,1.105e+9,,1.105e+9
264.24,7.540e+8,,7.540e+8
264.29,4.932e+8,,4.932e+8
264.34,3.163e+8,,3.163e+8
264.39,2.101e+8,,2.101e+8
264.44,1.613e+8,,1.613e+8
264.49,1.593e+8,,1.593e+8
264.54,1.966e+8,,1.966e+8
264.59,2.672e+8,,2.672e+8
264.64,3.644e+8,,3.644e+8
264.69,4.785e+8,,4.785e+8
264.74,5.969e+8,,5.969e+8
264.79,7.053e+8,,7.053e+8
264.84,7.908e+8,,7.908e+8
264.89,8.452e+8,,8.452e+8
264.94,8.671e+8,,8.671e+8
264.99,8.614e+8,,8.614e+8
265.04,8.379e+8,,8.379e+8
265.09,8.090e+8,,8.090e+8
265.14,7.873e+8,,7.873e+8
265.19,7.857e+8,,7.857e+8
265.24,8.161e+8,,8.161e+8
265.29,8.881e+8,,8.881e+8
265.34,1.005e+9,,1.005e+9
265.39,1.161e+9,,1.161e+9
265.44,1.335e+9,,1.335e+9
265.49,1.497e+9,,1.497e+9
265.54,1.610e+9,,1.610e+9
265.59,1.645e+9,,1.645e+9
265.64,1.588e+9,,1.588e+9
265.69,1.443e+9,,1.443e+9
265.74,1.237e+9,,1.237e+9
265.79,1.002e+9,,1.002e+9
265.84,7.730e+8,,7.730e+8
265.89,5.744e+8,,5.744e+8
265.94,4.192e+8,,4.192e+8
265.99,3.095e+8,,3.095e+8
266.04,2.401e+8,,2.401e+8
266.09,2.031e+8,,2.031e+8
266.14,1.918e+8,,1.918e+8
266.19,2.028e+8,,2.028e+8
266.24,2.380e+8,,2.380e+8
266.29,3.036e+8,,3.036e+8
266.34,4.086e+8,,4.086e+8
266.39,5.604e+8,,5.604e+8
266.44,7.593e+8,,7.593e+8
266.49,9.934e+8,,9.934e+8
266.54,1.237e+9,,1.237e+9
266.59,1.453e+9,,1.453e+9
266.64,1.604e+9,,1.604e+9
266.69,1.664e+9,,1.664e+9
266.74,1.628e+9,,1.628e+9
266.79,1.516e+9,,1.516e+9
266.84,1.371e+9,,1.371e+9
266.89,1.250e+9,,1.250e+9
266.94,1.204e+9,,1.204e+9
266.99,1.270e+9,,1.270e+9
267.04,1.458e+9,,1.458e+9
267.09,1.752e+9,,1.752e+9
267.14,2.110e+9,,2.110e+9
267.19,2.473e+9,,2.473e+9
267.24,2.784e+9,,2.784e+9
267.29,2.995e+9,,2.995e+9
267.34,3.077e+9,,3.077e+9
267.39,3.029e+9,,3.029e+9
267.44,2.868e+9,,2.868e+9
267.49,2.626e+9,,2.626e+9
267.54,2.344e+9,,2.344e+9
267.59,2.062e+9,,2.062e+9
267.64,1.817e+9,,1.817e+9
267.69,1.636e+9,,1.636e+9
267.74,1.536e+9,,1.536e+9
267.79,1.516e+9,,1.516e+9
267.84,1.565e+9,,1.565e+9
267.89,1.654e+9,,1.654e+9
267.94,1.750e+9,,1.750e+9
267.99,1.817e+9,,1.817e+9
268.04,1.829e+9,,1.829e+9
268.09,1.775e+9,,1.775e+9
268.14,1.659e+9,,1.659e+9
268.19,1.504e+9,,1.504e+9
268.24,1.339e+9,,1.339e+9
268.29,1.193e+9,,1.193e+9
268.34,1.086e+9,,1.086e+9
268.39,1.023e+9,,1.023e+9
268.44,9.970e+8,,9.970e+8
268.49,9.939e+8,,9.939e+8
268.54,9.966e+8,,9.966e+8
268.59,9.931e+8,,9.931e+8
268.64,9.793e+8,,9.793e+8
268.69,9.599e+8,,9.599e+8
268.74,9.459e+8,,9.459e+8
268.79,9.516e+8,,9.516e+8
268.84,9.898e+8,,9.898e+8
268.89,1.068e+9,,1.068e+9
268.94,1.187e+9,,1.187e+9
268.99,1.338e+9,,1.338e+9
269.04,1.509e+9,,1.509e+9
269.09,1.679e+9,,1.679e+9
269.14,1.830e+9,,1.830e+9
269.19,1.942e+9,,1.942e+9
269.24,2.000e+9,,2.000e+9
269.29,1.997e+9,,1.997e+9
269.34,1.933e+9,,1.933e+9
269.39,1.816e+9,,1.816e+9
269.44,1.660e+9,,1.660e+9
269.49,1.488e+9,,1.488e+9
269.54,1.325e+9,,1.325e+9
269.59,1.198e+9,,1.198e+9
269.64,1.138e+9,,1.138e+9
269.69,1.174e+9,,1.174e+9
269.74,1.334e+9,,1.334e+9
269.79,1.642e+9,,1.642e+9
269.84,2.109e+9,,2.109e+9
269.89,2.729e+9,,2.729e+9
269.94,3.467e+9,,3.467e+9
269.99,4.259e+9,,4.259e+9
270.04,5.016e+9,,5.016e+9
270.09,5.644e+9,,5.644e+9
270.14,6.065e+9,,6.065e+9
270.19,6.249e+9,,6.249e+9
270.24,6.220e+9,,6.220e+9
270.29,6.052e+9,,6.052e+9
270.34,5.840e+9,,5.840e+9
270.39,5.668e+9,,5.668e+9
270.44,5.582e+9,,5.582e+9
270.49,5.586e+9,,5.586e+9
270.54,5.649e+9,,5.649e+9
270.59,5.734e+9,,5.734e+9
270.64,5.814e+9,,5.814e+9
270.69,5.880e+9,,5.880e+9
270.74,5.943e+9,,5.943e+9
270.79,6.013e+9,,6.013e+9
270.84,6.089e+9,,6.089e+9
270.89,6.151e+9,,6.151e+9
270.94,6.159e+9,,6.159e+9
270.99,6.067e+9,,6.067e+9
271.04,5.831e+9,,5.831e+9
271.09,5.429e+9,,5.429e+9
271.14,4.869e+9,,4.869e+9
271.19,4.187e+9,,4.187e+9
271.24,3.443e+9,,3.443e+9
271.29,2.708e+9,,2.708e+9
271.34,2.044e+9,,2.044e+9
271.39,1.501e+9,,1.501e+9
271.44,1.102e+9,,1.102e+9
271.49,8.519e+8,,8.519e+8
271.54,7.375e+8,,7.375e+8
271.59,7.389e+8,,7.389e+8
271.64,8.327e+8,,8.327e+8
271.69,9.949e+8,,9.949e+8
271.74,1.201e+9,,1.201e+9
271.79,1.424e+9,,1.424e+9
271.84,1.635e+9,,1.635e+9
271.89,1.806e+9,,1.806e+9
271.94,1.914e+9,,1.914e+9
271.99,1.946e+9,,1.946e+9
272.04,1.905e+9,,1.905e+9
272.09,1.803e+9,,1.803e+9
272.14,1.662e+9,,1.662e+9
272.19,1.507e+9,,1.507e+9
272.24,1.358e+9,,1.358e+9
272.29,1.229e+9,,1.229e+9
272.34,1.131e+9,,1.131e+9
272.39,1.068e+9,,1.068e+9
272.44,1.047e+9,,1.047e+9
272.49,1.075e+9,,1.075e+9
272.54,1.157e+9,,1.157e+9
272.59,1.296e+9,,1.296e+9
272.64,1.480e+9,,1.480e+9
272.69,1.686e+9,,1.686e+9
272.74,1.876e+9,,1.876e+9
272.79,2.008e+9,,2.008e+9
272.84,2.047e+9,,2.047e+9
272.89,1.974e+9,,1.974e+9
272.94,1.794e+9,,1.794e+9
272.99,1.533e+9,,1.533e+9
273.04,1.232e+9,,1.232e+9
273.09,9.311e+8,,9.311e+8
273.14,6.647e+8,,6.647e+8
273.19,4.523e+8,,4.523e+8
273.24,2.998e+8,,2.998e+8
273.29,2.025e+8,,2.025e+8
273.34,1.503e+8,,1.503e+8
273.39,1.320e+8,,1.320e+8
273.44,1.381e+8,,1.381e+8
273.49,1.608e+8,,1.608e+8
273.54,1.939e+8,,1.939e+8
273.59,2.314e+8,,2.314e+8
273.64,2.675e+8,,2.675e+8
273.69,2.967e+8,,2.967e+8
273.74,3.148e+8,,3.148e+8
273.79,3.201e+8,,3.201e+8
273.84,3.130e+8,,3.130e+8
273.89,2.963e+8,,2.963e+8
273.94,2.734e+8,,2.734e+8
273.99,2.477e+8,,2.477e+8
274.04,2.213e+8,,2.213e+8
274.09,1.955e+8,,1.955e+8
274.14,1.712e+8,,1.712e+8
274.19,1.493e+8,,1.493e+8
274.24,1.311e+8,,1.311e+8
274.29,1.180e+8,,1.180e+8
274.34,1.111e+8,,1.111e+8
274.39,1.110e+8,,1.110e+8
274.44,1.172e+8,,1.172e+8
274.49,1.287e+8,,1.287e+8
274.54,1.444e+8,,1.444e+8
274.59,1.628e+8,,1.628e+8
274.64,1.828e+8,,1.828e+8
274.69,2.033e+8,,2.033e+8
274.74,2.228e+8,,2.228e+8
274.79,2.398e+8,,2.398e+8
274.84,2.522e+8,,2.522e+8
274.89,2.580e+8,,2.580e+8
274.94,2.558e+8,,2.558e+8
274.99,2.451e+8,,2.451e+8
275.04,2.266e+8,,2.266e+8
275.09,2.028e+8,,2.028e+8
275.14,1.766e+8,,1.766e+8
275.19,1.515e+8,,1.515e+8
275.24,1.303e+8,,1.303e+8
275.29,1.149e+8,,1.149e+8
275.34,1.062e+8,,1.062e+8
275.39,1.039e+8,,1.039e+8
275.44,1.074e+8,,1.074e+8
275.49,1.156e+8,,1.156e+8
275.54,1.278e+8,,1.278e+8
275.59,1.432e+8,,1.432e+8
275.64,1.613e+8,,1.613e+8
275.69,1.820e+8,,1.820e+8
275.74,2.057e+8,,2.057e+8
275.79,2.332e+8,,2.332e+8
275.84,2.655e+8,,2.655e+8
275.89,3.035e+8,,3.035e+8
275.94,3.466e+8,,3.466e+8
275.99,3.925e+8,,3.925e+8
276.04,4.371e+8,,4.371e+8
276.09,4.747e+8,,4.747e+8
276.14,4.999e+8,,4.999e+8
276.19,5.089e+8,,5.089e+8
276.24,5.006e+8,,5.006e+8
276.29,4.776e+8,,4.776e+8
276.34,4.458e+8,,4.458e+8
276.39,4.133e+8,,4.133e+8
276.44,3.889e+8,,3.889e+8
276.49,3.806e+8,,3.806e+8
276.54,3.933e+8,,3.933e+8
276.59,4.282e+8,,4.282e+8
276.64,4.811e+8,,4.811e+8
276.69,5.436e+8,,5.436e+8
276.74,6.041e+8,,6.041e+8
276.79,6.499e+8,,6.499e+8
276.84,6.711e+8,,6.711e+8
276.89,6.622e+8,,6.622e+8
276.94,6.240e+8,,6.240e+8
276.99,5.629e+8,,5.629e+8
277.04,4.897e+8,,4.897e+8
277.09,4.166e+8,,4.166e+8
277.14,3.553e+8,,3.553e+8
277.19,3.146e+8,,3.146e+8
277.24,2.997e+8,,2.997e+8
277.29,3.110e+8,,3.110e+8
277.34,3.444e+8,,3.444e+8
277.39,3.919e+8,,3.919e+8
277.44,4.426e+8,,4.426e+8
277.49,4.851e+8,,4.851e+8
277.54,5.100e+8,,5.100e+8
277.59,5.113e+8,,5.113e+8
277.64,4.883e+8,,4.883e+8
277.69,4.451e+8,,4.451e+8
277.74,3.888e+8,,3.888e+8
277.79,3.284e+8,4.747e-7,3.284e+8
277.84,2.723e+8,4.001e-6,2.723e+8
277.89,2.274e+8,3.163e-5,2.274e+8
277.94,1.985e+8,2.346e-4,1.985e+8
277.99,1.883e+8,1.632e-3,1.883e+8
278.04,1.974e+8,1.065e-2,1.974e+8
278.09,2.252e+8,6.515e-2,2.252e+8
278.14,2.696e+8,3.740e-1,2.696e+8
278.19,3.274e+8,2.014e+0,3.274e+8
278.24,3.937e+8,1.017e+1,3.937e+8
278.29,4.621e+8,4.818e+1,4.621e+8
278.34,5.245e+8,2.141e+2,5.245e+8
278.39,5.723e+8,8.924e+2,5.723e+8
278.44,5.980e+8,3.489e+3,5.980e+8
278.49,5.968e+8,1.280e+4,5.968e+8
278.54,5.689e+8,4.402e+4,5.688e+8
278.59,5.192e+8,1.420e+5,5.190e+8
278.64,4.568e+8,4.299e+5,4.563e+8
278.69,3.925e+8,1.220e+6,3.913e+8
278.74,3.367e+8,3.250e+6,3.334e+8
278.79,2.971e+8,8.118e+6,2.890e+8
278.84,2.792e+8,1.902e+7,2.601e+8
278.89,2.874e+8,4.182e+7,2.456e+8
278.94,3.287e+8,8.623e+7,2.424e+8
278.99,4.154e+8,1.668e+8,2.485e+8
279.04,5.676e+8,3.029e+8,2.646e+8
279.09,8.114e+8,5.162e+8,2.952e+8
279.14,1.174e+9,8.258e+8,3.477e+8
279.19,1.672e+9,1.241e+9,4.306e+8
279.24,2.303e+9,1.754e+9,5.491e+8
279.29,3.035e+9,2.332e+9,7.021e+8
279.34,3.805e+9,2.926e+9,8.792e+8
279.39,4.532e+9,3.471e+9,1.061e+9
279.44,5.132e+9,3.912e+9,1.220e+9
279.49,5.543e+9,4.212e+9,1.331e+9
279.54,5.740e+9,4.368e+9,1.372e+9
279.59,5.740e+9,4.405e+9,1.335e+9
279.64,5.590e+9,4.366e+9,1.225e+9
279.69,5.351e+9,4.291e+9,1.060e+9
279.74,5.073e+9,4.209e+9,8.647e+8
279.79,4.791e+9,4.126e+9,6.658e+8
279.84,4.517e+9,4.033e+9,4.846e+8
279.89,4.248e+9,3.913e+9,3.349e+8
279.94,3.973e+9,3.751e+9,2.225e+8
279.99,3.683e+9,3.537e+9,1.467e+8
280.04,3.370e+9,3.267e+9,1.036e+8
280.09,3.031e+9,2.944e+9,8.773e+7
280.14,2.670e+9,2.576e+9,9.450e+7
280.19,2.298e+9,2.178e+9,1.201e+8
280.24,1.931e+9,1.770e+9,1.614e+8
280.29,1.590e+9,1.376e+9,2.147e+8
280.34,1.293e+9,1.018e+9,2.750e+8
280.39,1.050e+9,7.147e+8,3.357e+8
280.44,8.639e+8,4.746e+8,3.893e+8
280.49,7.259e+8,2.975e+8,4.284e+8
280.54,6.240e+8,1.757e+8,4.482e+8
280.59,5.453e+8,9.770e+7,4.476e+8
280.64,4.814e+8,5.107e+7,4.304e+8
280.69,4.294e+8,2.508e+7,4.043e+8
280.74,3.916e+8,1.157e+7,3.801e+8
280.79,3.736e+8,5.013e+6,3.686e+8
280.84,3.810e+8,2.039e+6,3.789e+8
280.89,4.178e+8,7.781e+5,4.171e+8
280.94,4.848e+8,2.787e+5,4.846e+8
280.99,5.789e+8,9.370e+4,5.788e+8
281.04,6.934e+8,2.956e+4,6.934e+8
281.09,8.192e+8,8.750e+3,8.192e+8
281.14,9.457e+8,2.430e+3,9.457e+8
281.19,1.062e+9,6.333e+2,1.062e+9
281.24,1.161e+9,1.549e+2,1.161e+9
281.29,1.235e+9,3.553e+1,1.235e+9
281.34,1.282e+9,7.649e+0,1.282e+9
281.39,1.298e+9,1.545e+0,1.298e+9
281.44,1.285e+9,2.928e-1,1.285e+9
281.49,1.240e+9,5.207e-2,1.240e+9
281.54,1.166e+9,8.687e-3,1.166e+9
281.59,1.065e+9,1.360e-3,1.065e+9
281.64,9.426e+8,1.997e-4,9.426e+8
281.69,8.063e+8,2.752e-5,8.063e+8
281.74,6.654e+8,3.559e-6,6.654e+8
281.79,5.292e+8,4.318e-7,5.292e+8
281.84,4.054e+8,,4.054e+8
281.89,2.996e+8,,2.996e+8
281.94,2.144e+8,,2.144e+8
281.99,1.503e+8,,1.503e+8
282.04,1.062e+8,,1.062e+8
282.09,7.972e+7,,7.972e+7
282.14,6.822e+7,,6.822e+7
282.19,6.868e+7,,6.868e+7
282.24,7.788e+7,,7.788e+7
282.29,9.232e+7,,9.232e+7
282.34,1.084e+8,,1.084e+8
282.39,1.226e+8,,1.226e+8
282.44,1.324e+8,,1.324e+8
282.49,1.363e+8,,1.363e+8
282.54,1.348e+8,,1.348e+8
282.59,1.296e+8,,1.296e+8
282.64,1.240e+8,,1.240e+8
282.69,1.214e+8,,1.214e+8
282.74,1.244e+8,,1.244e+8
282.79,1.342e+8,,1.342e+8
282.84,1.504e+8,,1.504e+8
282.89,1.704e+8,,1.704e+8
282.94,1.902e+8,,1.902e+8
282.99,2.054e+8,,2.054e+8
283.04,2.122e+8,,2.122e+8
283.09,2.083e+8,,2.083e+8
283.14,1.934e+8,,1.934e+8
283.19,1.696e+8,,1.696e+8
283.24,1.402e+8,,1.402e+8
283.29,1.091e+8,,1.091e+8
283.34,7.998e+7,,7.998e+7
283.39,5.523e+7,,5.523e+7
283.44,3.602e+7,,3.602e+7
283.49,2.240e+7,,2.240e+7
283.54,1.371e+7,,1.371e+7
283.59,8.955e+6,,8.955e+6
283.64,7.200e+6,,7.200e+6
283.69,7.673e+6,,7.673e+6
283.74,9.791e+6,,9.791e+6
283.79,1.307e+7,,1.307e+7
283.84,1.704e+7,,1.704e+7
283.89,2.118e+7,,2.118e+7
283.94,2.495e+7,,2.495e+7
283.99,2.793e+7,,2.793e+7
284.04,2.997e+7,,2.997e+7
284.09,3.131e+7,,3.131e+7
284.14,3.263e+7,,3.263e+7
284.19,3.496e+7,,3.496e+7
284.24,3.943e+7,,3.943e+7
284.29,4.690e+7,,4.690e+7
284.34,5.763e+7,,5.763e+7
284.39,7.098e+7,,7.098e+7
284.44,8.539e+7,,8.539e+7
284.49,9.862e+7,,9.862e+7
284.54,1.083e+8,,1.083e+8
284.59,1.124e+8,,1.124e+8
284.64,1.100e+8,,1.100e+8
284.69,1.014e+8,,1.014e+8
284.74,8.794e+7,,8.794e+7
284.79,7.175e+7,,7.175e+7
284.84,5.511e+7,,5.511e+7
284.89,3.995e+7,,3.995e+7
284.94,2.756e+7,,2.756e+7
284.99,1.853e+7,,1.853e+7
285.04,1.295e+7,,1.295e+7
285.09,1.061e+7,,1.061e+7
285.14,1.123e+7,,1.123e+7
285.19,1.456e+7,,1.456e+7
285.24,2.033e+7,,2.033e+7
285.29,2.817e+7,,2.817e+7
285.34,3.746e+7,,3.746e+7
285.39,4.725e+7,,4.725e+7
285.44,5.638e+7,,5.638e+7
285.49,6.356e+7,,6.356e+7
285.54,6.772e+7,,6.772e+7
285.59,6.827e+7,,6.827e+7
285.64,6.528e+7,,6.528e+7
285.69,5.945e+7,,5.945e+7
285.74,5.203e+7,,5.203e+7
285.79,4.444e+7,,4.444e+7
285.84,3.803e+7,,3.803e+7
285.89,3.372e+7,,3.372e+7
285.94,3.193e+7,,3.193e+7
285.99,3.252e+7,,3.252e+7
286.04,3.496e+7,,3.496e+7
286.09,3.848e+7,,3.848e+7
286.14,4.234e+7,,4.234e+7
286.19,4.597e+7,,4.597e+7
286.24,4.911e+7,,4.911e+7
286.29,5.187e+7,,5.187e+7
286.34,5.478e+7,,5.478e+7
286.39,5.886e+7,,5.886e+7
286.44,6.580e+7,,6.580e+7
286.49,7.809e+7,,7.809e+7
286.54,9.908e+7,,9.908e+7
286.59,1.328e+8,,1.328e+8
286.64,1.831e+8,,1.831e+8
286.69,2.529e+8,,2.529e+8
286.74,3.422e+8,,3.422e+8
286.79,4.475e+8,,4.475e+8
286.84,5.611e+8,,5.611e+8
286.89,6.720e+8,,6.720e+8
286.94,7.681e+8,,7.681e+8
286.99,8.384e+8,,8.384e+8
287.04,8.759e+8,,8.759e+8
287.09,8.783e+8,,8.783e+8
287.14,8.484e+8,,8.484e+8
287.19,7.920e+8,,7.920e+8
287.24,7.166e+8,,7.166e+8
287.29,6.302e+8,,6.302e+8
287.34,5.404e+8,,5.404e+8
287.39,4.551e+8,,4.551e+8
287.44,3.823e+8,,3.823e+8
287.49,3.305e+8,,3.305e+8
287.54,3.077e+8,,3.077e+8
287.59,3.203e+8,,3.203e+8
287.64,3.710e+8,,3.710e+8
287.69,4.573e+8,,4.573e+8
287.74,5.704e+8,,5.704e+8
287.79,6.950e+8,,6.950e+8
287.84,8.122e+8,,8.122e+8
287.89,9.026e+8,,9.026e+8
287.94,9.511e+8,,9.511e+8
287.99,9.510e+8,,9.510e+8
288.04,9.059e+8,,9.059e+8
288.09,8.289e+8,,8.289e+8
288.14,7.395e+8,,7.395e+8
288.19,6.587e+8,,6.587e+8
288.24,6.049e+8,,6.049e+8
288.29,5.914e+8,,5.914e+8
288.34,6.252e+8,,6.252e+8
288.39,7.087e+8,,7.087e+8
288.44,8.415e+8,,8.415e+8
288.49,1.022e+9,,1.022e+9
288.54,1.251e+9,,1.251e+9
288.59,1.526e+9,,1.526e+9
288.64,1.847e+9,,1.847e+9
288.69,2.205e+9,,2.205e+9
288.74,2.585e+9,,2.585e+9
288.79,2.961e+9,,2.961e+9
288.84,3.297e+9,,3.297e+9
288.89,3.555e+9,,3.555e+9
288.94,3.699e+9,,3.699e+9
288.99,3.710e+9,,3.710e+9
289.04,3.585e+9,,3.585e+9
289.09,3.340e+9,,3.340e+9
289.14,3.006e+9,,3.006e+9
289.19,2.621e+9,,2.621e+9
289.24,2.220e+9,,2.220e+9
289.29,1.835e+9,,1.835e+9
289.34,1.489e+9,,1.489e+9
289.39,1.201e+9,,1.201e+9
289.44,9.798e+8,,9.798e+8
289.49,8.332e+8,,8.332e+8
289.54,7.615e+8,,7.615e+8
289.59,7.601e+8,,7.601e+8
289.64,8.184e+8,,8.184e+8
289.69,9.203e+8,,9.203e+8
289.74,1.045e+9,,1.045e+9
289.79,1.170e+9,,1.170e+9
289.84,1.272e+9,,1.272e+9
289.89,1.334e+9,,1.334e+9
289.94,1.343e+9,,1.343e+9
289.99,1.297e+9,,1.297e+9
290.04,1.201e+9,,1.201e+9
290.09,1.069e+9,,1.069e+9
290.14,9.170e+8,,9.170e+8
290.19,7.629e+8,,7.629e+8
290.24,6.211e+8,,6.211e+8
290.29,5.009e+8,,5.009e+8
290.34,4.054e+8,,4.054e+8
290.39,3.329e+8,,3.329e+8
290.44,2.784e+8,,2.784e+8
290.49,2.360e+8,,2.360e+8
290.54,2.005e+8,,2.005e+8
290.59,1.684e+8,,1.684e+8
290.64,1.382e+8,,1.382e+8
290.69,1.099e+8,,1.099e+8
290.74,8.466e+7,,8.466e+7
290.79,6.351e+7,,6.351e+7
290.84,4.746e+7,,4.746e+7
290.89,3.699e+7,,3.699e+7
290.94,3.212e+7,,3.212e+7
290.99,3.239e+7,,3.239e+7
291.04,3.695e+7,,3.695e+7
291.09,4.458e+7,,4.458e+7
291.14,5.375e+7,,5.375e+7
291.19,6.272e+7,,6.272e+7
291.24,6.980e+7,,6.980e+7
291.29,7.360e+7,,7.360e+7
291.34,7.334e+7,,7.334e+7
291.39,6.898e+7,,6.898e+7
291.44,6.123e+7,,6.123e+7
291.49,5.132e+7,,5.132e+7
291.54,4.069e+7,,4.069e+7
291.59,3.072e+7,,3.072e+7
291.64,2.249e+7,,2.249e+7
291.69,1.675e+7,,1.675e+7
291.74,1.397e+7,,1.397e+7
291.79,1.449e+7,,1.449e+7
291.84,1.861e+7,,1.861e+7
291.89,2.651e+7,,2.651e+7
291.94,3.822e+7,,3.822e+7
291.99,5.333e+7,,5.333e+7
292.04,7.084e+7,,7.084e+7
292.09,8.911e+7,,8.911e+7
292.14,1.060e+8,,1.060e+8
292.19,1.194e+8,,1.194e+8
292.24,1.275e+8,,1.275e+8
292.29,1.298e+8,,1.298e+8
292.34,1.268e+8,,1.268e+8
292.39,1.202e+8,,1.202e+8
292.44,1.129e+8,,1.129e+8
292.49,1.078e+8,,1.078e+8
292.54,1.089e+8,,1.089e+8
292.59,1.207e+8,,1.207e+8
292.64,1.507e+8,,1.507e+8
292.69,2.115e+8,,2.115e+8
292.74,3.231e+8,,3.231e+8
292.79,5.162e+8,,5.162e+8
292.84,8.308e+8,,8.308e+8
292.89,1.313e+9,,1.313e+9
292.94,2.004e+9,,2.004e+9
292.99,2.926e+9,,2.926e+9
293.04,4.065e+9,,4.065e+9
293.09,5.356e+9,,5.356e+9
293.14,6.683e+9,,6.683e+9
293.19,7.890e+9,,7.890e+9
293.24,8.816e+9,,8.816e+9
293.3,9.389e+9,,9.389e+9
293.35,9.374e+9,,9.374e+9
293.4,8.986e+9,,8.986e+9
293.45,8.398e+9,,8.398e+9
293.5,7.843e+9,,7.843e+9
293.55,7.566e+9,,7.566e+9
293.6,7.755e+9,,7.755e+9
293.65,8.499e+9,,8.499e+9
293.7,9.751e+9,,9.751e+9
293.75,1.133e+10,,1.133e+10
293.8,1.296e+10,,1.296e+10
293.85,1.431e+10,,1.431e+10
293.9,1.509e+10,,1.509e+10
293.95,1.513e+10,,1.513e+10
294,1.439e+10,,1.439e+10
294.05,1.296e+10,,1.296e+10
294.1,1.108e+10,,1.108e+10
294.15,9.011e+9,,9.011e+9
294.2,7.010e+9,,7.010e+9
294.25,5.278e+9,,5.278e+9
294.3,3.941e+9,,3.941e+9
294.35,3.069e+9,,3.069e+9
294.4,2.694e+9,,2.694e+9
294.45,2.847e+9,,2.847e+9
294.5,3.566e+9,,3.566e+9
294.55,4.889e+9,,4.889e+9
294.6,6.824e+9,,6.824e+9
294.65,9.311e+9,,9.311e+9
294.7,1.219e+10,,1.219e+10
294.75,1.517e+10,,1.517e+10
294.8,1.790e+10,,1.790e+10
294.85,1.998e+10,,1.998e+10
294.9,2.109e+10,,2.109e+10
294.95,2.104e+10,,2.104e+10
295,1.984e+10,,1.984e+10
295.05,1.770e+10,,1.770e+10
295.1,1.493e+10,,1.493e+10
295.15,1.193e+10,,1.193e+10
295.2,9.028e+9,,9.028e+9
295.25,6.484e+9,,6.484e+9
295.3,4.429e+9,,4.429e+9
295.35,2.888e+9,,2.888e+9
295.4,1.809e+9,,1.809e+9
295.45,1.100e+9,,1.100e+9
295.5,6.610e+8,,6.610e+8
295.55,4.044e+8,,4.044e+8
295.6,2.622e+8,,2.622e+8
295.65,1.876e+8,,1.876e+8
295.7,1.507e+8,,1.507e+8
295.75,1.338e+8,,1.338e+8
295.8,1.265e+8,,1.265e+8
295.85,1.232e+8,,1.232e+8
295.9,1.207e+8,,1.207e+8
295.95,1.175e+8,,1.175e+8
296,1.129e+8,,1.129e+8
296.05,1.068e+8,,1.068e+8
296.1,9.938e+7,,9.938e+7
296.15,9.099e+7,,9.099e+7
296.2,8.214e+7,,8.214e+7
296.25,7.334e+7,,7.334e+7
296.3,6.514e+7,,6.514e+7
296.35,5.798e+7,,5.798e+7
296.4,5.213e+7,,5.213e+7
296.45,4.757e+7,,4.757e+7
296.5,4.400e+7,,4.400e+7
296.55,4.093e+7,,4.093e+7
296.6,3.780e+7,,3.780e+7
296.65,3.423e+7,,3.423e+7
296.7,3.004e+7,,3.004e+7
296.75,2.534e+7,,2.534e+7
296.8,2.044e+7,,2.044e+7
296.85,1.575e+7,,1.575e+7
296.9,1.168e+7,,1.168e+7
296.95,8.581e+6,,8.581e+6
297,6.763e+6,,6.763e+6
297.05,6.568e+6,,6.568e+6
297.1,8.474e+6,,8.474e+6
297.15,1.317e+7,,1.317e+7
297.2,2.157e+7,,2.157e+7
297.25,3.469e+7,,3.469e+7
297.3,5.336e+7,,5.336e+7
297.35,7.790e+7,,7.790e+7
297.4,1.077e+8,,1.077e+8
297.45,1.407e+8,,1.407e+8
297.5,1.739e+8,,1.739e+8
297.55,2.033e+8,,2.033e+8
297.6,2.246e+8,,2.246e+8
297.65,2.348e+8,,2.348e+8
297.7,2.320e+8,,2.320e+8
297.75,2.169e+8,,2.169e+8
297.8,1.919e+8,,1.919e+8
297.85,1.608e+8,,1.608e+8
297.9,1.281e+8,,1.281e+8
297.95,9.756e+7,,9.756e+7
298,7.214e+7,,7.214e+7
298.05,5.345e+7,,5.345e+7
298.1,4.188e+7,,4.188e+7
298.15,3.683e+7,,3.683e+7
298.2,3.707e+7,,3.707e+7
298.25,4.098e+7,,4.098e+7
298.3,4.676e+7,,4.676e+7
298.35,5.266e+7,,5.266e+7
298.4,5.714e+7,,5.714e+7
298.45,5.909e+7,,5.909e+7
298.5,5.798e+7,,5.798e+7
298.55,5.387e+7,,5.387e+7
298.6,4.738e+7,,4.738e+7
298.65,3.949e+7,,3.949e+7
298.7,3.128e+7,,3.128e+7
298.75,2.377e+7,,2.377e+7
298.8,1.773e+7,,1.773e+7
298.85,1.365e+7,,1.365e+7
298.9,1.181e+7,,1.181e+7
298.95,1.227e+7,1.684e-9,1.227e+7
299,1.498e+7,1.211e-8,1.498e+7
299.05,1.971e+7,8.246e-8,1.971e+7
299.1,2.605e+7,5.311e-7,2.605e+7
299.15,3.337e+7,3.237e-6,3.337e+7
299.2,4.081e+7,1.867e-5,4.081e+7
299.25,4.735e+7,1.019e-4,4.735e+7
299.3,5.202e+7,5.261e-4,5.202e+7
299.35,5.408e+7,2.570e-3,5.408e+7
299.4,5.318e+7,1.188e-2,5.318e+7
299.45,4.945e+7,5.198e-2,4.945e+7
299.5,4.350e+7,2.152e-1,4.350e+7
299.55,3.618e+7,8.427e-1,3.618e+7
299.6,2.846e+7,3.123e+0,2.846e+7
299.65,2.118e+7,1.095e+1,2.118e+7
299.7,1.490e+7,3.635e+1,1.490e+7
299.75,9.916e+6,1.141e+2,9.916e+6
299.8,6.241e+6,3.391e+2,6.241e+6
299.85,3.715e+6,9.534e+2,3.714e+6
299.9,2.093e+6,2.536e+3,2.091e+6
299.95,1.119e+6,6.386e+3,1.113e+6
300,5.756e+5,1.521e+4,5.604e+5
300.05,3.011e+5,3.431e+4,2.668e+5
300.1,1.934e+5,7.323e+4,1.201e+5
300.15,1.991e+5,1.480e+5,5.116e+4
300.2,3.037e+5,2.831e+5,2.061e+4
300.25,5.208e+5,5.130e+5,7.849e+3
300.3,8.839e+5,8.810e+5,2.827e+3
300.35,1.436e+6,1.435e+6,9.633e+2
300.4,2.220e+6,2.220e+6,3.104e+2
300.45,3.266e+6,3.265e+6,9.457e+1
300.5,4.580e+6,4.580e+6,2.726e+1
300.55,6.144e+6,6.144e+6,7.462e+0
300.6,7.920e+6,7.920e+6,2.077e+0
300.65,9.863e+6,9.863e+6,1.193e+0
300.7,1.194e+7,1.194e+7,3.172e+0
300.75,1.416e+7,1.416e+7,1.226e+1
300.8,1.652e+7,1.652e+7,4.624e+1
300.85,1.903e+7,1.903e+7,1.654e+2
300.9,2.164e+7,2.164e+7,5.604e+2
300.95,2.421e+7,2.421e+7,1.797e+3
301,2.652e+7,2.652e+7,5.456e+3
301.05,2.830e+7,2.828e+7,1.568e+4
301.1,2.930e+7,2.926e+7,4.266e+4
301.15,2.943e+7,2.932e+7,1.099e+5
301.2,2.880e+7,2.853e+7,2.680e+5
301.25,2.776e+7,2.714e+7,6.186e+5
301.3,2.689e+7,2.554e+7,1.352e+6
301.35,2.693e+7,2.414e+7,2.797e+6
301.4,2.872e+7,2.324e+7,5.478e+6
301.45,3.313e+7,2.297e+7,1.016e+7
301.5,4.101e+7,2.318e+7,1.783e+7
301.55,5.320e+7,2.357e+7,2.963e+7
301.6,7.035e+7,2.374e+7,4.662e+7
301.65,9.274e+7,2.332e+7,6.943e+7
301.7,1.200e+8,2.209e+7,9.788e+7
301.75,1.507e+8,2.003e+7,1.307e+8
301.8,1.824e+8,1.730e+7,1.651e+8
301.85,2.117e+8,1.420e+7,1.975e+8
301.9,2.347e+8,1.106e+7,2.236e+8
301.95,2.479e+8,8.162e+6,2.398e+8
302,2.490e+8,5.705e+6,2.433e+8
302.05,2.376e+8,3.776e+6,2.338e+8
302.1,2.151e+8,2.366e+6,2.127e+8
302.15,1.847e+8,1.404e+6,1.833e+8
302.2,1.505e+8,7.883e+5,1.497e+8
302.25,1.166e+8,4.190e+5,1.162e+8
302.3,8.643e+7,2.108e+5,8.622e+7
302.35,6.246e+7,1.004e+5,6.236e+7
302.4,4.614e+7,4.525e+4,4.610e+7
302.45,3.832e+7,1.931e+4,3.830e+7
302.5,3.970e+7,7.798e+3,3.969e+7
302.55,5.126e+7,2.981e+3,5.126e+7
302.6,7.443e+7,1.079e+3,7.443e+7
302.65,1.109e+8,3.694e+2,1.109e+8
302.7,1.623e+8,1.197e+2,1.623e+8
302.75,2.292e+8,3.675e+1,2.292e+8
302.8,3.103e+8,1.070e+1,3.103e+8
302.85,4.017e+8,3.048e+0,4.017e+8
302.9,4.970e+8,1.206e+0,4.970e+8
302.95,5.874e+8,1.809e+0,5.874e+8
303,6.637e+8,5.672e+0,6.637e+8
303.05,7.181e+8,1.856e+1,7.181e+8
303.1,7.463e+8,5.804e+1,7.463e+8
303.15,7.491e+8,1.725e+2,7.491e+8
303.2,7.321e+8,4.875e+2,7.321e+8
303.25,7.043e+8,1.311e+3,7.043e+8
303.3,6.759e+8,3.357e+3,6.759e+8
303.35,6.555e+8,8.199e+3,6.555e+8
303.4,6.485e+8,1.912e+4,6.484e+8
303.45,6.556e+8,4.267e+4,6.556e+8
303.5,6.742e+8,9.125e+4,6.741e+8
303.55,6.992e+8,1.874e+5,6.990e+8
303.6,7.242e+8,3.703e+5,7.238e+8
303.65,7.431e+8,7.054e+5,7.424e+8
303.7,7.506e+8,1.298e+6,7.493e+8
303.75,7.428e+8,2.309e+6,7.405e+8
303.8,7.173e+8,3.976e+6,7.133e+8
303.85,6.737e+8,6.627e+6,6.670e+8
303.9,6.141e+8,1.069e+7,6.034e+8
303.95,5.429e+8,1.668e+7,5.263e+8
304,4.665e+8,2.515e+7,4.413e+8
304.05,3.917e+8,3.660e+7,3.551e+8
304.1,3.253e+8,5.136e+7,2.739e+8
304.15,2.721e+8,6.944e+7,2.027e+8
304.2,2.348e+8,9.037e+7,1.445e+8
304.25,2.134e+8,1.132e+8,1.003e+8
304.3,2.057e+8,1.363e+8,6.946e+7
304.35,2.080e+8,1.578e+8,5.017e+7
304.4,2.160e+8,1.758e+8,4.020e+7
304.45,2.259e+8,1.884e+8,3.742e+7
304.5,2.347e+8,1.944e+8,4.025e+7
304.55,2.410e+8,1.931e+8,4.790e+7
304.6,2.453e+8,1.848e+8,6.042e+7
304.65,2.491e+8,1.705e+8,7.854e+7
304.7,2.552e+8,1.518e+8,1.034e+8
304.75,2.662e+8,1.305e+8,1.357e+8
304.8,2.839e+8,1.084e+8,1.755e+8
304.85,3.084e+8,8.736e+7,2.210e+8
304.9,3.375e+8,6.866e+7,2.688e+8
304.95,3.672e+8,5.327e+7,3.140e+8
305,3.922e+8,4.175e+7,3.505e+8
305.05,4.072e+8,3.424e+7,3.729e+8
305.1,4.083e+8,3.059e+7,3.777e+8
305.15,3.940e+8,3.032e+7,3.637e+8
305.2,3.656e+8,3.268e+7,3.329e+8
305.25,3.266e+8,3.673e+7,2.899e+8
305.3,2.819e+8,4.134e+7,2.405e+8
305.35,2.366e+8,4.542e+7,1.912e+8
305.4,1.954e+8,4.799e+7,1.474e+8
305.45,1.613e+8,4.842e+7,1.129e+8
305.5,1.364e+8,4.649e+7,8.988e+7
305.55,1.211e+8,4.241e+7,7.871e+7
305.6,1.151e+8,3.676e+7,7.838e+7
305.65,1.171e+8,3.031e+7,8.676e+7
305.7,1.248e+8,2.387e+7,1.010e+8
305.75,1.357e+8,1.811e+7,1.176e+8
305.8,1.467e+8,1.350e+7,1.332e+8
305.85,1.548e+8,1.023e+7,1.446e+8
305.9,1.579e+8,8.300e+6,1.496e+8
305.95,1.545e+8,7.547e+6,1.470e+8
306,1.448e+8,7.728e+6,1.370e+8
306.05,1.297e+8,8.579e+6,1.212e+8
306.1,1.114e+8,9.865e+6,1.016e+8
306.15,9.212e+7,1.141e+7,8.071e+7
306.2,7.393e+7,1.312e+7,6.081e+7
306.25,5.840e+7,1.495e+7,4.346e+7
306.3,4.637e+7,1.690e+7,2.947e+7
306.35,3.799e+7,1.895e+7,1.904e+7
306.4,3.289e+7,2.105e+7,1.184e+7
306.45,3.042e+7,2.308e+7,7.333e+6
306.5,2.984e+7,2.487e+7,4.973e+6
306.55,3.056e+7,2.625e+7,4.314e+6
306.6,3.221e+7,2.712e+7,5.087e+6
306.65,3.469e+7,2.752e+7,7.177e+6
306.7,3.814e+7,2.758e+7,1.056e+7
306.75,4.274e+7,2.756e+7,1.519e+7
306.8,4.863e+7,2.772e+7,2.091e+7
306.85,5.567e+7,2.829e+7,2.737e+7
306.9,6.337e+7,2.937e+7,3.401e+7
306.95,7.097e+7,3.089e+7,4.008e+7
307,7.749e+7,3.269e+7,4.480e+7
307.05,8.200e+7,3.451e+7,4.749e+7
307.1,8.378e+7,3.604e+7,4.774e+7
307.15,8.252e+7,3.700e+7,4.552e+7
307.2,7.830e+7,3.715e+7,4.115e+7
307.25,7.162e+7,3.633e+7,3.529e+7
307.3,6.318e+7,3.448e+7,2.870e+7
307.35,5.382e+7,3.168e+7,2.213e+7
307.4,4.435e+7,2.816e+7,1.619e+7
307.45,3.546e+7,2.422e+7,1.124e+7
307.5,2.768e+7,2.027e+7,7.413e+6
307.55,2.135e+7,1.669e+7,4.658e+6
307.6,1.663e+7,1.382e+7,2.811e+6
307.65,1.351e+7,1.184e+7,1.666e+6
307.7,1.184e+7,1.082e+7,1.022e+6
307.75,1.137e+7,1.066e+7,7.099e+5
307.8,1.178e+7,1.118e+7,6.050e+5
307.85,1.273e+7,1.211e+7,6.180e+5
307.9,1.388e+7,1.320e+7,6.879e+5
307.95,1.498e+7,1.421e+7,7.724e+5
308,1.582e+7,1.497e+7,8.424e+5
308.05,1.628e+7,1.540e+7,8.792e+5
308.1,1.631e+7,1.544e+7,8.732e+5
308.15,1.592e+7,1.509e+7,8.235e+5
308.2,1.512e+7,1.439e+7,7.371e+5
308.25,1.398e+7,1.335e+7,6.260e+5
308.3,1.254e+7,1.204e+7,5.044e+5
308.35,1.090e+7,1.052e+7,3.855e+5
308.4,9.152e+6,8.873e+6,2.796e+5
308.45,7.396e+6,7.203e+6,1.923e+5
308.5,5.737e+6,5.612e+6,1.255e+5
308.55,4.263e+6,4.185e+6,7.772e+4
308.6,3.028e+6,2.982e+6,4.565e+4
308.65,2.055e+6,2.029e+6,2.544e+4
308.7,1.335e+6,1.321e+6,1.345e+4
308.75,8.365e+5,8.297e+5,6.743e+3
308.8,5.189e+5,5.157e+5,3.208e+3
308.85,3.398e+5,3.384e+5,1.448e+3
308.9,2.626e+5,2.620e+5,6.200e+2
308.95,2.593e+5,2.590e+5,2.519e+2
309,3.090e+5,3.089e+5,9.705e+1
309.05,3.964e+5,3.964e+5,3.548e+1
309.1,5.081e+5,5.081e+5,1.231e+1
309.15,6.315e+5,6.315e+5,4.052e+0
309.2,7.543e+5,7.543e+5,1.278e+0
309.25,8.656e+5,8.656e+5,4.338e-1
309.3,9.580e+5,9.580e+5,3.388e-1
309.35,1.030e+6,1.030e+6,8.980e-1
309.4,1.084e+6,1.084e+6,3.084e+0
309.45,1.129e+6,1.129e+6,1.033e+1
309.5,1.173e+6,1.173e+6,3.295e+1
309.55,1.221e+6,1.221e+6,9.981e+1
309.6,1.273e+6,1.273e+6,2.871e+2
309.65,1.321e+6,1.320e+6,7.844e+2
309.7,1.352e+6,1.350e+6,2.036e+3
309.75,1.354e+6,1.349e+6,5.018e+3
309.8,1.317e+6,1.305e+6,1.175e+4
309.85,1.243e+6,1.216e+6,2.614e+4
309.9,1.142e+6,1.087e+6,5.527e+4
309.95,1.042e+6,9.311e+5,1.111e+5
310,9.791e+5,7.669e+5,2.122e+5
310.05,1.001e+6,6.147e+5,3.858e+5
310.1,1.161e+6,4.936e+5,6.674e+5
310.15,1.519e+6,4.195e+5,1.100e+6
310.2,2.133e+6,4.048e+5,1.728e+6
310.25,3.051e+6,4.588e+5,2.592e+6
310.3,4.305e+6,5.878e+5,3.718e+6
310.35,5.905e+6,7.954e+5,5.109e+6
310.4,7.827e+6,1.083e+6,6.744e+6
310.45,1.003e+7,1.452e+6,8.574e+6
310.5,1.243e+7,1.905e+6,1.053e+7
310.55,1.498e+7,2.450e+6,1.253e+7
310.6,1.758e+7,3.105e+6,1.447e+7
310.65,2.017e+7,3.895e+6,1.627e+7
310.7,2.266e+7,4.853e+6,1.780e+7
310.75,2.496e+7,6.004e+6,1.896e+7
310.8,2.696e+7,7.351e+6,1.961e+7
310.85,2.853e+7,8.867e+6,1.966e+7
310.9,2.954e+7,1.049e+7,1.906e+7
310.95,2.991e+7,1.212e+7,1.780e+7
311,2.962e+7,1.365e+7,1.597e+7
311.05,2.875e+7,1.500e+7,1.375e+7
311.1,2.744e+7,1.612e+7,1.132e+7
311.15,2.590e+7,1.700e+7,8.900e+6
311.2,2.437e+7,1.769e+7,6.678e+6
311.25,2.301e+7,1.824e+7,4.775e+6
311.3,2.194e+7,1.869e+7,3.253e+6
311.35,2.118e+7,1.906e+7,2.111e+6
311.4,2.064e+7,1.933e+7,1.310e+6
311.45,2.023e+7,1.944e+7,7.879e+5
311.5,1.981e+7,1.933e+7,4.837e+5
311.55,1.929e+7,1.894e+7,3.517e+5
311.6,1.861e+7,1.823e+7,3.722e+5
311.65,1.779e+7,1.723e+7,5.583e+5
311.7,1.695e+7,1.599e+7,9.613e+5
311.75,1.626e+7,1.459e+7,1.671e+6
311.8,1.594e+7,1.312e+7,2.813e+6
311.85,1.624e+7,1.171e+7,4.537e+6
311.9,1.742e+7,1.043e+7,6.991e+6
311.95,1.965e+7,9.357e+6,1.029e+7
312,2.300e+7,8.526e+6,1.447e+7
312.05,2.739e+7,7.930e+6,1.946e+7
312.1,3.255e+7,7.530e+6,2.502e+7
312.15,3.807e+7,7.263e+6,3.081e+7
312.2,4.339e+7,7.060e+6,3.633e+7
312.25,4.794e+7,6.858e+6,4.108e+7
312.3,5.119e+7,6.616e+6,4.458e+7
312.35,5.278e+7,6.322e+6,4.646e+7
312.4,5.252e+7,5.985e+6,4.654e+7
312.45,5.046e+7,5.629e+6,4.484e+7
312.5,4.684e+7,5.281e+6,4.155e+7
312.55,4.201e+7,4.957e+6,3.706e+7
312.6,3.645e+7,4.665e+6,3.179e+7
312.65,3.063e+7,4.409e+6,2.622e+7
312.7,2.498e+7,4.197e+6,2.078e+7
312.75,1.986e+7,4.050e+6,1.581e+7
312.8,1.555e+7,4.009e+6,1.154e+7
312.85,1.219e+7,4.122e+6,8.072e+6
312.9,9.839e+6,4.436e+6,5.403e+6
312.95,8.433e+6,4.975e+6,3.458e+6
313,7.836e+6,5.722e+6,2.115e+6
313.05,7.844e+6,6.610e+6,1.234e+6
313.1,8.215e+6,7.528e+6,6.869e+5
313.15,8.700e+6,8.335e+6,3.645e+5
313.2,9.076e+6,8.892e+6,1.842e+5
313.25,9.176e+6,9.087e+6,8.866e+4
313.3,8.910e+6,8.869e+6,4.061e+4
313.35,8.269e+6,8.251e+6,1.771e+4
313.4,7.316e+6,7.309e+6,7.359e+3
313.45,6.164e+6,6.161e+6,2.953e+3
313.5,4.942e+6,4.941e+6,1.243e+3
313.55,3.770e+6,3.769e+6,7.909e+2
313.6,2.735e+6,2.734e+6,1.110e+3
313.65,1.888e+6,1.886e+6,2.298e+3
313.7,1.242e+6,1.237e+6,4.953e+3
313.75,7.823e+5,7.720e+5,1.029e+4
313.8,4.786e+5,4.582e+5,2.036e+4
313.85,2.975e+5,2.592e+5,3.830e+4
313.9,2.094e+5,1.409e+5,6.851e+4
313.95,1.930e+5,7.652e+4,1.165e+5
314,2.364e+5,4.809e+4,1.883e+5
314.05,3.363e+5,4.677e+4,2.895e+5
314.1,4.959e+5,7.292e+4,4.230e+5
314.15,7.242e+5,1.366e+5,5.876e+5
314.2,1.035e+6,2.589e+5,7.760e+5
314.25,1.447e+6,4.730e+5,9.743e+5
314.3,1.987e+6,8.244e+5,1.163e+6
314.35,2.687e+6,1.367e+6,1.320e+6
314.4,3.582e+6,2.158e+6,1.424e+6
314.45,4.701e+6,3.240e+6,1.460e+6
314.5,6.054e+6,4.630e+6,1.424e+6
314.55,7.617e+6,6.298e+6,1.320e+6
314.6,9.318e+6,8.155e+6,1.163e+6
314.65,1.103e+7,1.006e+7,9.743e+5
314.7,1.260e+7,1.182e+7,7.760e+5
314.75,1.384e+7,1.325e+7,5.876e+5
314.8,1.460e+7,1.418e+7,4.230e+5
314.85,1.480e+7,1.451e+7,2.895e+5
314.9,1.441e+7,1.422e+7,1.883e+5
314.95,1.350e+7,1.338e+7,1.165e+5
315,1.221e+7,1.214e+7,6.851e+4
315.05,1.071e+7,1.067e+7,3.830e+4
315.1,9.143e+6,9.122e+6,2.035e+4
315.15,7.653e+6,7.643e+6,1.028e+4
315.2,6.327e+6,6.322e+6,4.940e+3
315.25,5.210e+6,5.208e+6,2.256e+3
315.3,4.313e+6,4.312e+6,9.794e+2
315.35,3.629e+6,3.629e+6,4.043e+2
315.4,3.140e+6,3.140e+6,1.586e+2
315.45,2.830e+6,2.830e+6,5.917e+1
315.5,2.689e+6,2.689e+6,2.099e+1
315.55,2.715e+6,2.715e+6,7.075e+0
315.6,2.917e+6,2.917e+6,2.268e+0
315.65,3.305e+6,3.305e+6,6.911e-1
315.7,3.892e+6,3.892e+6,2.002e-1
315.75,4.673e+6,4.673e+6,5.514e-2
315.8,5.621e+6,5.621e+6,1.444e-2
315.85,6.671e+6,6.671e+6,3.594e-3
315.9,7.723e+6,7.723e+6,8.504e-4
315.95,8.653e+6,8.653e+6,1.913e-4
316,9.331e+6,9.331e+6,4.092e-5
316.05,9.648e+6,9.648e+6,8.321e-6
316.1,9.544e+6,9.544e+6,1.608e-6
316.15,9.018e+6,9.018e+6,2.956e-7
316.2,8.131e+6,8.131e+6,5.165e-8
316.25,6.994e+6,6.994e+6,8.579e-9
316.3,5.740e+6,5.740e+6,1.355e-9
316.35,4.500e+6,4.500e+6,2.034e-10
316.4,3.380e+6,3.380e+6,
316.45,2.450e+6,2.450e+6,
316.5,1.741e+6,1.741e+6,
316.55,1.253e+6,1.253e+6,
316.6,9.602e+5,9.602e+5,
316.65,8.248e+5,8.248e+5,
316.7,8.046e+5,8.046e+5,
316.75,8.587e+5,8.587e+5,
316.8,9.514e+5,9.514e+5,
316.85,1.056e+6,1.056e+6,
316.9,1.157e+6,1.157e+6,
316.95,1.254e+6,1.254e+6,
317,1.363e+6,1.363e+6,
317.05,1.515e+6,1.515e+6,
317.1,1.750e+6,1.750e+6,
317.15,2.113e+6,2.113e+6,
317.2,2.636e+6,2.636e+6,
317.25,3.331e+6,3.331e+6,
317.3,4.174e+6,4.174e+6,
317.35,5.106e+6,5.106e+6,
317.4,6.033e+6,6.033e+6,
317.45,6.839e+6,6.839e+6,
317.5,7.412e+6,7.412e+6,
317.55,7.663e+6,7.663e+6,
317.6,7.551e+6,7.551e+6,
317.65,7.086e+6,7.086e+6,
317.7,6.332e+6,6.332e+6,
317.75,5.385e+6,5.385e+6,
317.8,4.359e+6,4.359e+6,
317.85,3.359e+6,3.359e+6,
317.9,2.463e+6,2.463e+6,
317.95,1.719e+6,1.719e+6,
318,1.142e+6,1.142e+6,
318.05,7.220e+5,7.220e+5,
318.1,4.350e+5,4.350e+5,
318.15,2.507e+5,2.507e+5,
318.2,1.404e+5,1.404e+5,
318.25,8.089e+4,8.089e+4,
318.3,5.648e+4,5.648e+4,
318.35,5.878e+4,5.878e+4,
318.4,8.614e+4,8.614e+4,
318.45,1.425e+5,1.425e+5,
318.5,2.363e+5,2.363e+5,
318.55,3.782e+5,3.782e+5,
318.6,5.792e+5,5.792e+5,
318.65,8.473e+5,8.473e+5,
318.7,1.184e+6,1.184e+6,
318.75,1.580e+6,1.580e+6,
318.8,2.017e+6,2.017e+6,
318.85,2.465e+6,2.465e+6,
318.9,2.887e+6,2.887e+6,
318.95,3.243e+6,3.243e+6,
319,3.499e+6,3.499e+6,
319.05,3.631e+6,3.631e+6,1.035e-10
319.1,3.628e+6,3.628e+6,6.704e-10
319.15,3.494e+6,3.494e+6,4.136e-9
319.2,3.247e+6,3.247e+6,2.431e-8
319.25,2.913e+6,2.913e+6,1.361e-7
319.3,2.525e+6,2.525e+6,7.262e-7
319.35,2.115e+6,2.115e+6,3.690e-6
319.4,1.717e+6,1.717e+6,1.786e-5
319.45,1.358e+6,1.358e+6,8.238e-5
319.5,1.059e+6,1.059e+6,3.619e-4
319.55,8.381e+5,8.381e+5,1.514e-3
319.6,7.070e+5,7.070e+5,6.038e-3
319.65,6.730e+5,6.730e+5,2.293e-2
319.7,7.387e+5,7.387e+5,8.297e-2
319.75,9.007e+5,9.007e+5,2.860e-1
319.8,1.148e+6,1.148e+6,9.389e-1
319.85,1.460e+6,1.460e+6,2.937e+0
319.9,1.808e+6,1.808e+6,8.751e+0
319.95,2.150e+6,2.150e+6,2.484e+1
320,2.446e+6,2.446e+6,6.717e+1
320.05,2.654e+6,2.654e+6,1.730e+2
320.1,2.746e+6,2.745e+6,4.246e+2
320.15,2.706e+6,2.705e+6,9.927e+2
320.2,2.541e+6,2.538e+6,2.211e+3
320.25,2.274e+6,2.269e+6,4.690e+3
320.3,1.943e+6,1.934e+6,9.480e+3
320.35,1.590e+6,1.572e+6,1.825e+4
320.4,1.257e+6,1.224e+6,3.348e+4
320.45,9.815e+5,9.230e+5,5.849e+4
320.5,7.949e+5,6.975e+5,9.736e+4
320.55,7.269e+5,5.725e+5,1.544e+5
320.6,8.114e+5,5.782e+5,2.332e+5
320.65,1.094e+6,7.585e+5,3.356e+5
320.7,1.639e+6,1.179e+6,4.600e+5
320.75,2.530e+6,1.929e+6,6.007e+5
320.8,3.867e+6,3.120e+6,7.473e+5
320.85,5.753e+6,4.867e+6,8.857e+5
320.9,8.262e+6,7.262e+6,9.999e+5
320.95,1.141e+7,1.034e+7,1.075e+6
321,1.512e+7,1.402e+7,1.102e+6
321.05,1.920e+7,1.813e+7,1.075e+6
321.1,2.332e+7,2.232e+7,9.999e+5
321.15,2.708e+7,2.619e+7,8.857e+5
321.2,3.003e+7,2.928e+7,7.473e+5
321.25,3.178e+7,3.118e+7,6.007e+5
321.3,3.210e+7,3.164e+7,4.600e+5
321.35,3.092e+7,3.058e+7,3.356e+5
321.4,2.840e+7,2.817e+7,2.332e+5
321.45,2.487e+7,2.471e+7,1.544e+5
321.5,2.076e+7,2.066e+7,9.736e+4
321.55,1.651e+7,1.645e+7,5.849e+4
321.6,1.252e+7,1.248e+7,3.348e+4
321.65,9.042e+6,9.024e+6,1.825e+4
321.7,6.225e+6,6.215e+6,9.480e+3
321.75,4.085e+6,4.081e+6,4.690e+3
321.8,2.560e+6,2.558e+6,2.211e+3
321.85,1.542e+6,1.541e+6,9.927e+2
321.9,9.188e+5,9.184e+5,4.246e+2
321.95,5.988e+5,5.986e+5,1.730e+2
322,5.353e+5,5.352e+5,6.717e+1
322.05,7.434e+5,7.434e+5,2.484e+1
322.1,1.319e+6,1.319e+6,8.751e+0
322.15,2.460e+6,2.460e+6,2.937e+0
322.2,4.487e+6,4.487e+6,9.389e-1
322.25,7.854e+6,7.854e+6,2.860e-1
322.3,1.314e+7,1.314e+7,8.297e-2
322.35,2.097e+7,2.097e+7,2.293e-2
322.4,3.196e+7,3.196e+7,6.038e-3
322.45,4.651e+7,4.651e+7,1.514e-3
322.5,6.464e+7,6.464e+7,3.619e-4
322.55,8.587e+7,8.587e+7,8.238e-5
322.6,1.091e+8,1.091e+8,1.786e-5
322.65,1.326e+8,1.326e+8,3.690e-6
322.7,1.543e+8,1.543e+8,7.262e-7
322.75,1.723e+8,1.723e+8,1.361e-7
322.8,1.845e+8,1.845e+8,2.431e-8
322.85,1.900e+8,1.900e+8,4.136e-9
322.9,1.883e+8,1.883e+8,6.704e-10
322.95,1.799e+8,1.799e+8,1.035e-10
323,1.659e+8,1.659e+8,
323.05,1.478e+8,1.478e+8,
323.1,1.273e+8,1.273e+8,
323.15,1.062e+8,1.062e+8,
323.2,8.572e+7,8.572e+7,
323.25,6.699e+7,6.699e+7,
323.3,5.070e+7,5.070e+7,
323.35,3.719e+7,3.719e+7,
323.4,2.658e+7,2.658e+7,
323.45,1.872e+7,1.872e+7,
323.5,1.338e+7,1.338e+7,
323.55,1.024e+7,1.024e+7,
323.6,8.980e+6,8.980e+6,
323.65,9.307e+6,9.307e+6,
323.7,1.098e+7,1.098e+7,
323.75,1.378e+7,1.378e+7,
323.8,1.754e+7,1.754e+7,
323.85,2.212e+7,2.212e+7,
323.9,2.736e+7,2.736e+7,
323.95,3.315e+7,3.315e+7,
324,3.934e+7,3.934e+7,
324.05,4.577e+7,4.577e+7,
324.1,5.221e+7,5.221e+7,
324.15,5.834e+7,5.834e+7,
324.21,6.466e+7,6.466e+7,
324.26,6.847e+7,6.847e+7,
324.31,7.039e+7,7.039e+7,
324.36,7.005e+7,7.005e+7,
324.41,6.730e+7,6.730e+7,
324.46,6.228e+7,6.228e+7,
324.51,5.547e+7,5.547e+7,
324.56,4.757e+7,4.757e+7,
324.61,3.939e+7,3.939e+7,
324.66,3.172e+7,3.172e+7,
324.71,2.521e+7,2.521e+7,
324.76,2.026e+7,2.026e+7,
324.81,1.706e+7,1.706e+7,
324.86,1.558e+7,1.558e+7,
324.91,1.563e+7,1.563e+7,
324.96,1.696e+7,1.696e+7,
325.01,1.931e+7,1.931e+7,
325.06,2.245e+7,2.245e+7,
325.11,2.626e+7,2.626e+7,
325.16,3.069e+7,3.069e+7,
325.21,3.577e+7,3.577e+7,
325.26,4.158e+7,4.158e+7,
325.31,4.817e+7,4.817e+7,
325.36,5.551e+7,5.551e+7,
325.41,6.342e+7,6.342e+7,
325.46,7.159e+7,7.159e+7,
325.51,7.952e+7,7.952e+7,
325.56,8.670e+7,8.670e+7,
325.61,9.258e+7,9.258e+7,
325.66,9.672e+7,9.672e+7,
325.71,9.884e+7,9.884e+7,
325.76,9.883e+7,9.883e+7,
325.81,9.675e+7,9.675e+7,
325.86,9.280e+7,9.280e+7,
325.91,8.730e+7,8.730e+7,
325.96,8.066e+7,8.066e+7,
326.01,7.339e+7,7.339e+7,
326.06,6.599e+7,6.599e+7,
326.11,5.900e+7,5.900e+7,
326.16,5.286e+7,5.286e+7,
326.21,4.790e+7,4.790e+7,
326.26,4.427e+7,4.427e+7,
326.31,4.192e+7,4.192e+7,
326.36,4.061e+7,4.061e+7,
326.41,4.001e+7,4.001e+7,
326.46,3.978e+7,3.978e+7,
326.51,3.958e+7,3.958e+7,
326.56,3.922e+7,3.922e+7,
326.61,3.858e+7,3.858e+7,
326.66,3.765e+7,3.765e+7,
326.71,3.645e+7,3.645e+7,
326.76,3.502e+7,3.502e+7,
326.81,3.340e+7,3.340e+7,
326.86,3.159e+7,3.159e+7,
326.91,2.961e+7,2.961e+7,
326.96,2.748e+7,2.748e+7,
327.01,2.523e+7,2.523e+7,
327.06,2.293e+7,2.293e+7,
327.11,2.063e+7,2.063e+7,
327.16,1.839e+7,1.839e+7,
327.21,1.624e+7,1.624e+7,
327.26,1.421e+7,1.421e+7,
327.31,1.231e+7,1.231e+7,
327.36,1.056e+7,1.056e+7,
327.41,8.959e+6,8.959e+6,
327.46,7.534e+6,7.534e+6,
327.51,6.305e+6,6.305e+6,
327.56,5.285e+6,5.285e+6,
327.61,4.471e+6,4.471e+6,
327.66,3.846e+6,3.846e+6,
327.71,3.372e+6,3.372e+6,
327.76,3.004e+6,3.004e+6,
327.81,2.696e+6,2.696e+6,
327.86,2.408e+6,2.408e+6,
327.91,2.117e+6,2.117e+6,
327.96,1.814e+6,1.814e+6,
328.01,1.504e+6,1.504e+6,
328.06,1.202e+6,1.202e+6,
328.11,9.216e+5,9.216e+5,
328.16,6.771e+5,6.771e+5,
328.21,4.758e+5,4.758e+5,
328.26,3.197e+5,3.197e+5,
328.31,2.052e+5,2.052e+5,
328.36,1.258e+5,1.258e+5,
328.41,7.361e+4,7.361e+4,
328.46,4.113e+4,4.113e+4,
328.51,2.194e+4,2.194e+4,
328.56,1.118e+4,1.118e+4,
328.61,5.441e+3,5.441e+3,
328.66,2.549e+3,2.549e+3,
328.71,1.196e+3,1.196e+3,
328.76,6.879e+2,6.879e+2,
328.81,7.493e+2,7.493e+2,4.664e-9
328.86,1.455e+3,1.455e+3,2.759e-8
328.91,3.291e+3,3.291e+3,1.559e-7
328.96,7.374e+3,7.374e+3,8.419e-7
329.01,1.587e+4,1.587e+4,4.342e-6
329.06,3.265e+4,3.265e+4,2.140e-5
329.11,6.417e+4,6.417e+4,1.007e-4
329.16,1.205e+5,1.205e+5,4.530e-4
329.21,2.160e+5,2.160e+5,1.946e-3
329.26,3.698e+5,3.698e+5,7.987e-3
329.31,6.048e+5,6.048e+5,3.132e-2
329.36,9.450e+5,9.450e+5,1.173e-1
329.41,1.410e+6,1.410e+6,4.198e-1
329.46,2.011e+6,2.011e+6,1.435e+0
329.51,2.739e+6,2.739e+6,4.687e+0
329.56,3.567e+6,3.567e+6,1.463e+1
329.61,4.442e+6,4.442e+6,4.359e+1
329.66,5.292e+6,5.292e+6,1.241e+2
329.71,6.041e+6,6.041e+6,3.377e+2
329.76,6.618e+6,6.617e+6,8.776e+2
329.81,6.977e+6,6.974e+6,2.179e+3
329.86,7.106e+6,7.101e+6,5.168e+3
329.91,7.036e+6,7.025e+6,1.171e+4
329.96,6.829e+6,6.804e+6,2.535e+4
330.01,6.568e+6,6.515e+6,5.243e+4
330.06,6.335e+6,6.232e+6,1.036e+5
330.11,6.202e+6,6.007e+6,1.955e+5
330.16,6.216e+6,5.863e+6,3.525e+5
330.21,6.399e+6,5.792e+6,6.071e+5
330.26,6.760e+6,5.761e+6,9.991e+5
330.31,7.297e+6,5.727e+6,1.571e+6
330.36,8.009e+6,5.650e+6,2.359e+6
330.41,8.889e+6,5.504e+6,3.385e+6
330.46,9.921e+6,5.282e+6,4.639e+6
330.51,1.106e+7,4.988e+6,6.075e+6
330.56,1.224e+7,4.638e+6,7.599e+6
330.61,1.333e+7,4.247e+6,9.082e+6
330.66,1.420e+7,3.830e+6,1.037e+7
330.71,1.471e+7,3.397e+6,1.131e+7
330.76,1.474e+7,2.957e+6,1.178e+7
330.81,1.425e+7,2.516e+6,1.173e+7
330.86,1.324e+7,2.086e+6,1.116e+7
330.91,1.181e+7,1.678e+6,1.013e+7
330.96,1.010e+7,1.306e+6,8.796e+6
331.01,8.274e+6,9.804e+5,7.293e+6
331.06,6.485e+6,7.081e+5,5.777e+6
331.11,4.863e+6,4.911e+5,4.372e+6
331.16,3.487e+6,3.266e+5,3.160e+6
331.21,2.391e+6,2.081e+5,2.183e+6
331.26,1.567e+6,1.270e+5,1.440e+6
331.31,9.818e+5,7.409e+4,9.077e+5
331.36,5.879e+5,4.135e+4,5.466e+5
331.41,3.365e+5,2.206e+4,3.144e+5
331.46,1.840e+5,1.125e+4,1.728e+5
331.51,9.620e+4,5.483e+3,9.072e+4
331.56,4.805e+4,2.553e+3,4.550e+4
331.61,2.294e+4,1.136e+3,2.180e+4
331.66,1.046e+4,4.831e+2,9.981e+3
331.71,4.563e+3,1.962e+2,4.367e+3
331.76,1.908e+3,7.615e+1,1.831e+3
331.81,7.821e+2,2.823e+1,7.539e+2
331.86,3.680e+2,9.999e+0,3.580e+2
331.91,3.410e+2,3.383e+0,3.376e+2
331.96,7.002e+2,1.094e+0,6.991e+2
332.01,1.793e+3,3.378e-1,1.793e+3
332.06,4.573e+3,9.964e-2,4.573e+3
332.11,1.120e+4,2.808e-2,1.120e+4
332.16,2.626e+4,7.561e-3,2.626e+4
332.21,5.884e+4,1.945e-3,5.884e+4
332.26,1.260e+5,4.778e-4,1.260e+5
332.31,2.580e+5,1.122e-4,2.580e+5
332.36,5.050e+5,2.515e-5,5.050e+5
332.41,9.449e+5,5.388e-6,9.449e+5
332.46,1.690e+6,1.103e-6,1.690e+6
332.51,2.889e+6,2.156e-7,2.889e+6
332.56,4.722e+6,4.026e-8,4.722e+6
332.61,7.378e+6,7.183e-9,7.378e+6
332.66,1.102e+7,1.224e-9,1.102e+7
332.71,1.573e+7,1.993e-10,1.573e+7
332.76,2.147e+7,,2.147e+7
332.81,2.801e+7,,2.801e+7
332.86,3.493e+7,,3.493e+7
332.91,4.164e+7,,4.164e+7
332.96,4.746e+7,,4.746e+7
333.01,5.170e+7,,5.170e+7
333.06,5.384e+7,,5.384e+7
333.11,5.360e+7,,5.360e+7
333.16,5.101e+7,,5.101e+7
333.21,4.640e+7,,4.640e+7
333.26,4.035e+7,,4.035e+7
333.31,3.354e+7,,3.354e+7
333.36,2.665e+7,,2.665e+7
333.41,2.025e+7,,2.025e+7
333.46,1.470e+7,,1.470e+7
333.51,1.021e+7,,1.021e+7
333.56,6.772e+6,,6.772e+6
333.61,4.296e+6,,4.296e+6
333.66,2.605e+6,,2.605e+6
333.71,1.510e+6,,1.510e+6
333.76,8.366e+5,,8.366e+5
333.81,4.431e+5,,4.431e+5
333.86,2.244e+5,,2.244e+5
333.91,1.086e+5,,1.086e+5
333.96,5.025e+4,,5.025e+4
334.01,2.223e+4,,2.223e+4
334.06,9.398e+3,,9.398e+3
334.11,3.798e+3,,3.798e+3
334.16,1.468e+3,,1.468e+3
334.21,5.420e+2,,5.420e+2
334.26,1.914e+2,,1.914e+2
334.31,6.459e+1,,6.459e+1
334.36,2.084e+1,,2.084e+1
334.41,6.427e+0,,6.427e+0
334.46,1.895e+0,,1.895e+0
334.51,5.340e-1,5.793e-10,5.340e-1
334.56,1.439e-1,3.314e-9,1.439e-1
334.61,3.727e-2,1.814e-8,3.727e-2
334.66,1.007e-2,9.499e-8,1.007e-2
334.71,6.085e-3,4.760e-7,6.085e-3
334.76,1.620e-2,2.282e-6,1.619e-2
334.81,6.009e-2,1.047e-5,6.008e-2
334.86,2.191e-1,4.595e-5,2.191e-1
334.91,7.656e-1,1.930e-4,7.654e-1
334.96,2.560e+0,7.754e-4,2.559e+0
335.01,8.187e+0,2.981e-3,8.184e+0
335.06,2.506e+1,1.097e-2,2.505e+1
335.11,7.337e+1,3.860e-2,7.333e+1
335.16,2.056e+2,1.300e-1,2.054e+2
335.21,5.510e+2,4.188e-1,5.506e+2
335.26,1.413e+3,1.291e+0,1.412e+3
335.31,3.467e+3,3.809e+0,3.464e+3
335.36,8.140e+3,1.075e+1,8.130e+3
335.41,1.829e+4,2.904e+1,1.826e+4
335.46,3.930e+4,7.502e+1,3.923e+4
335.51,8.082e+4,1.855e+2,8.064e+4
335.56,1.590e+5,4.388e+2,1.586e+5
335.61,2.994e+5,9.931e+2,2.984e+5
335.66,5.394e+5,2.151e+3,5.373e+5
335.71,9.299e+5,4.456e+3,9.255e+5
335.76,1.534e+6,8.834e+3,1.525e+6
335.81,2.422e+6,1.676e+4,2.405e+6
335.86,3.658e+6,3.042e+4,3.628e+6
335.91,5.289e+6,5.282e+4,5.236e+6
335.96,7.318e+6,8.776e+4,7.230e+6
336.01,9.692e+6,1.395e+5,9.553e+6
336.06,1.229e+7,2.122e+5,1.207e+7
336.11,1.491e+7,3.089e+5,1.460e+7
336.16,1.733e+7,4.302e+5,1.690e+7
336.21,1.928e+7,5.732e+5,1.870e+7
336.26,2.054e+7,7.307e+5,1.981e+7
336.31,2.097e+7,8.913e+5,2.008e+7
336.36,2.050e+7,1.040e+6,1.946e+7
336.41,1.922e+7,1.162e+6,1.805e+7
336.46,1.726e+7,1.241e+6,1.602e+7
336.51,1.487e+7,1.269e+6,1.361e+7
336.56,1.229e+7,1.241e+6,1.105e+7
336.61,9.753e+6,1.162e+6,8.591e+6
336.66,7.429e+6,1.040e+6,6.389e+6
336.71,5.437e+6,8.913e+5,4.545e+6
336.76,3.825e+6,7.307e+5,3.094e+6
336.81,2.588e+6,5.732e+5,2.015e+6
336.86,1.686e+6,4.302e+5,1.256e+6
336.91,1.057e+6,3.089e+5,7.485e+5
336.96,6.392e+5,2.122e+5,4.269e+5
337.01,3.725e+5,1.395e+5,2.330e+5
337.06,2.094e+5,8.776e+4,1.216e+5
337.11,1.136e+5,5.282e+4,6.077e+4
337.16,5.946e+4,3.042e+4,2.904e+4
337.21,3.004e+4,1.676e+4,1.328e+4
337.26,1.464e+4,8.834e+3,5.810e+3
337.31,6.888e+3,4.456e+3,2.432e+3
337.36,3.124e+3,2.151e+3,9.738e+2
337.41,1.366e+3,9.931e+2,3.731e+2
337.46,5.755e+2,4.388e+2,1.368e+2
337.51,2.335e+2,1.855e+2,4.797e+1
337.56,9.112e+1,7.502e+1,1.610e+1
337.61,3.420e+1,2.904e+1,5.168e+0
337.66,1.234e+1,1.075e+1,1.587e+0
337.71,4.276e+0,3.809e+0,4.665e-1
337.76,1.422e+0,1.291e+0,1.312e-1
337.81,4.541e-1,4.188e-1,3.528e-2
337.86,1.391e-1,1.300e-1,9.081e-3
337.91,4.083e-2,3.860e-2,2.236e-3
337.96,1.149e-2,1.097e-2,5.268e-4
338.01,3.100e-3,2.981e-3,1.188e-4
338.06,8.010e-4,7.754e-4,2.561e-5
338.11,1.983e-4,1.930e-4,5.284e-6
338.16,4.699e-5,4.595e-5,1.043e-6
338.21,1.067e-5,1.047e-5,1.970e-7
338.26,2.318e-6,2.282e-6,3.560e-8
338.31,4.821e-7,4.760e-7,6.155e-9
338.36,9.499e-8,9.499e-8,
338.41,1.814e-8,1.814e-8,
338.46,3.314e-9,3.314e-9,
338.51,5.793e-10,5.793e-10,
338.56,9.689e-11,9.689e-11,
340.01,5.576e-10,5.576e-10,
340.06,3.201e-9,3.201e-9,
340.11,1.761e-8,1.761e-8,
340.16,9.281e-8,9.281e-8,
340.21,4.687e-7,4.687e-7,
340.26,2.268e-6,2.268e-6,
340.31,1.052e-5,1.052e-5,
340.36,4.672e-5,4.672e-5,
340.41,1.989e-4,1.989e-4,
340.46,8.111e-4,8.111e-4,
340.51,3.170e-3,3.170e-3,
340.56,1.187e-2,1.187e-2,
340.61,4.259e-2,4.259e-2,
340.66,1.464e-1,1.464e-1,
340.71,4.823e-1,4.823e-1,
340.76,1.522e+0,1.522e+0,
340.81,4.604e+0,4.604e+0,
340.86,1.334e+1,1.334e+1,
340.91,3.704e+1,3.704e+1,
340.96,9.854e+1,9.854e+1,
341.01,2.512e+2,2.512e+2,
341.06,6.135e+2,6.135e+2,
341.11,1.436e+3,1.436e+3,
341.16,3.220e+3,3.220e+3,
341.21,6.918e+3,6.918e+3,
341.26,1.424e+4,1.424e+4,
341.31,2.810e+4,2.810e+4,
341.36,5.311e+4,5.311e+4,
341.41,9.619e+4,9.619e+4,
341.46,1.669e+5,1.669e+5,
341.51,2.775e+5,2.775e+5,
341.56,4.422e+5,4.422e+5,
341.61,6.750e+5,6.750e+5,
341.66,9.873e+5,9.873e+5,
341.71,1.384e+6,1.384e+6,
341.76,1.858e+6,1.858e+6,
341.81,2.391e+6,2.391e+6,
341.86,2.948e+6,2.948e+6,
341.91,3.483e+6,3.483e+6,
341.96,3.942e+6,3.942e+6,
342.01,4.276e+6,4.276e+6,
342.06,4.445e+6,4.445e+6,
342.11,4.428e+6,4.428e+6,2.748e-7
342.16,4.229e+6,4.229e+6,1.570e-6
342.21,3.873e+6,3.873e+6,8.603e-6
342.26,3.406e+6,3.406e+6,4.518e-5
342.31,2.882e+6,2.882e+6,2.275e-4
342.36,2.357e+6,2.357e+6,1.098e-3
342.41,1.877e+6,1.877e+6,5.081e-3
342.46,1.477e+6,1.477e+6,2.254e-2
342.51,1.178e+6,1.178e+6,9.587e-2
342.56,9.829e+5,9.829e+5,3.909e-1
342.61,8.836e+5,8.836e+5,1.528e+0
342.66,8.624e+5,8.624e+5,5.724e+0
342.71,8.960e+5,8.960e+5,2.056e+1
342.76,9.589e+5,9.588e+5,7.082e+1
342.81,1.026e+6,1.026e+6,2.338e+2
342.86,1.078e+6,1.077e+6,7.400e+2
342.91,1.099e+6,1.097e+6,2.245e+3
342.96,1.083e+6,1.077e+6,6.531e+3
343.01,1.034e+6,1.016e+6,1.821e+4
343.06,9.687e+5,9.200e+5,4.869e+4
343.11,9.238e+5,7.990e+5,1.248e+5
343.16,9.719e+5,6.653e+5,3.066e+5
343.21,1.253e+6,5.310e+5,7.222e+5
343.26,2.037e+6,4.062e+5,1.631e+6
343.31,3.828e+6,2.978e+5,3.530e+6
343.36,7.536e+6,2.092e+5,7.327e+6
343.41,1.472e+7,1.409e+5,1.458e+7
343.46,2.790e+7,9.092e+4,2.780e+7
343.51,5.090e+7,5.623e+4,5.084e+7
343.56,8.916e+7,3.333e+4,8.912e+7
343.61,1.498e+8,1.893e+4,1.498e+8
343.66,2.413e+8,1.031e+4,2.413e+8
343.71,3.727e+8,5.379e+3,3.727e+8
343.76,5.518e+8,2.691e+3,5.518e+8
343.81,7.833e+8,1.293e+3,7.833e+8
343.86,1.066e+9,6.047e+2,1.066e+9
343.91,1.391e+9,2.948e+2,1.391e+9
343.96,1.739e+9,1.981e+2,1.739e+9
344.01,2.085e+9,2.620e+2,2.085e+9
344.06,2.397e+9,5.319e+2,2.397e+9
344.11,2.641e+9,1.174e+3,2.641e+9
344.16,2.790e+9,2.541e+3,2.790e+9
344.21,2.826e+9,5.294e+3,2.826e+9
344.26,2.743e+9,1.058e+4,2.743e+9
344.31,2.554e+9,2.029e+4,2.554e+9
344.36,2.279e+9,3.731e+4,2.278e+9
344.41,1.949e+9,6.576e+4,1.949e+9
344.46,1.599e+9,1.112e+5,1.598e+9
344.51,1.257e+9,1.802e+5,1.257e+9
344.56,9.474e+8,2.800e+5,9.471e+8
344.61,6.848e+8,4.173e+5,6.843e+8
344.66,4.746e+8,5.963e+5,4.740e+8
344.71,3.156e+8,8.170e+5,3.148e+8
344.76,2.015e+8,1.073e+6,2.004e+8
344.81,1.237e+8,1.352e+6,1.223e+8
344.86,7.321e+7,1.634e+6,7.158e+7
344.91,4.207e+7,1.892e+6,4.018e+7
344.96,2.379e+7,2.102e+6,2.168e+7
345.01,1.360e+7,2.238e+6,1.137e+7
345.06,8.332e+6,2.286e+6,6.046e+6
345.11,6.049e+6,2.238e+6,3.810e+6
345.16,5.829e+6,2.102e+6,3.728e+6
345.21,7.560e+6,1.892e+6,5.668e+6
345.26,1.186e+7,1.634e+6,1.022e+7
345.31,2.009e+7,1.353e+6,1.873e+7
345.36,3.443e+7,1.074e+6,3.335e+7
345.41,5.793e+7,8.191e+5,5.711e+7
345.46,9.446e+7,6.007e+5,9.386e+7
345.51,1.484e+8,4.266e+5,1.480e+8
345.56,2.240e+8,2.987e+5,2.237e+8
345.61,3.246e+8,2.161e+5,3.244e+8
345.66,4.513e+8,1.776e+5,4.512e+8
345.71,6.020e+8,1.833e+5,6.018e+8
345.76,7.702e+8,2.368e+5,7.700e+8
345.81,9.452e+8,3.452e+5,9.448e+8
345.86,1.112e+9,5.181e+5,1.112e+9
345.91,1.256e+9,7.657e+5,1.255e+9
345.96,1.360e+9,1.095e+6,1.359e+9
346.01,1.412e+9,1.508e+6,1.411e+9
346.06,1.407e+9,1.994e+6,1.405e+9
346.11,1.345e+9,2.530e+6,1.342e+9
346.16,1.233e+9,3.081e+6,1.230e+9
346.21,1.085e+9,3.602e+6,1.081e+9
346.26,9.153e+8,4.045e+6,9.113e+8
346.31,7.414e+8,4.368e+6,7.371e+8
346.36,5.766e+8,4.542e+6,5.721e+8
346.41,4.308e+8,4.561e+6,4.262e+8
346.46,3.097e+8,4.440e+6,3.052e+8
346.51,2.149e+8,4.218e+6,2.107e+8
346.56,1.453e+8,3.947e+6,1.413e+8
346.61,9.796e+7,3.682e+6,9.428e+7
346.66,6.974e+7,3.470e+6,6.627e+7
346.71,5.802e+7,3.341e+6,5.468e+7
346.76,6.148e+7,3.303e+6,5.818e+7
346.81,8.028e+7,3.339e+6,7.694e+7
346.86,1.160e+8,3.416e+6,1.125e+8
346.91,1.709e+8,3.489e+6,1.674e+8
346.96,2.476e+8,3.515e+6,2.441e+8
347.01,3.474e+8,3.458e+6,3.440e+8
347.06,4.696e+8,3.301e+6,4.663e+8
347.11,6.100e+8,3.044e+6,6.070e+8
347.16,7.611e+8,2.704e+6,7.584e+8
347.21,9.117e+8,2.311e+6,9.094e+8
347.26,1.048e+9,1.897e+6,1.046e+9
347.31,1.156e+9,1.495e+6,1.155e+9
347.36,1.225e+9,1.131e+6,1.224e+9
347.41,1.245e+9,8.211e+5,1.244e+9
347.46,1.215e+9,5.720e+5,1.214e+9
347.51,1.139e+9,3.823e+5,1.139e+9
347.56,1.028e+9,2.451e+5,1.027e+9
347.61,8.945e+8,1.508e+5,8.943e+8
347.66,7.558e+8,8.899e+4,7.557e+8
347.71,6.268e+8,5.038e+4,6.268e+8
347.76,5.207e+8,2.736e+4,5.206e+8
347.81,4.466e+8,1.426e+4,4.466e+8
347.86,4.099e+8,7.126e+3,4.099e+8
347.91,4.112e+8,3.417e+3,4.112e+8
347.96,4.474e+8,1.572e+3,4.474e+8
348.01,5.115e+8,6.936e+2,5.115e+8
348.06,5.942e+8,2.936e+2,5.942e+8
348.11,6.841e+8,1.192e+2,6.841e+8
348.16,7.696e+8,4.646e+1,7.696e+8
348.21,8.400e+8,1.736e+1,8.400e+8
348.26,8.879e+8,6.226e+0,8.879e+8
348.31,9.094e+8,2.142e+0,9.094e+8
348.36,9.056e+8,7.067e-1,9.056e+8
348.41,8.819e+8,2.237e-1,8.819e+8
348.46,8.465e+8,6.794e-2,8.465e+8
348.51,8.086e+8,1.979e-2,8.086e+8
348.56,7.765e+8,5.531e-3,7.765e+8
348.61,7.552e+8,1.483e-3,7.552e+8
348.66,7.458e+8,3.814e-4,7.458e+8
348.71,7.453e+8,9.412e-5,7.453e+8
348.76,7.475e+8,2.228e-5,7.475e+8
348.81,7.449e+8,5.059e-6,7.449e+8
348.86,7.304e+8,1.102e-6,7.304e+8
348.91,6.993e+8,2.303e-7,6.993e+8
348.96,6.499e+8,4.617e-8,6.499e+8
349.01,5.840e+8,8.881e-9,5.840e+8
349.06,5.060e+8,2.528e-9,5.060e+8
349.11,4.220e+8,5.151e-9,4.220e+8
349.16,3.384e+8,2.552e-8,3.384e+8
349.21,2.607e+8,1.286e-7,2.607e+8
349.26,1.929e+8,6.227e-7,1.929e+8
349.31,1.371e+8,2.895e-6,1.371e+8
349.36,9.352e+7,1.292e-5,9.352e+7
349.41,6.124e+7,5.539e-5,6.124e+7
349.46,3.849e+7,2.280e-4,3.849e+7
349.51,2.322e+7,9.011e-4,2.322e+7
349.56,1.344e+7,3.420e-3,1.344e+7
349.61,7.471e+6,1.247e-2,7.471e+6
349.66,3.984e+6,4.363e-2,3.984e+6
349.71,2.040e+6,1.466e-1,2.040e+6
349.76,1.002e+6,4.732e-1,1.002e+6
349.81,4.725e+5,1.467e+0,4.725e+5
349.86,2.138e+5,4.364e+0,2.138e+5
349.91,9.288e+4,1.247e+1,9.286e+4
349.96,3.874e+4,3.423e+1,3.871e+4
350.01,1.558e+4,9.020e+1,1.549e+4
350.06,6.175e+3,2.282e+2,5.946e+3
350.11,2.746e+3,5.546e+2,2.191e+3
350.16,2.069e+3,1.294e+3,7.750e+2
350.21,3.163e+3,2.900e+3,2.631e+2
350.26,6.325e+3,6.239e+3,8.570e+1
350.31,1.292e+4,1.289e+4,2.680e+1
350.36,2.559e+4,2.558e+4,8.041e+0
350.41,4.873e+4,4.873e+4,2.316e+0
350.46,8.916e+4,8.916e+4,6.401e-1
350.51,1.566e+5,1.566e+5,1.698e-1
350.56,2.643e+5,2.643e+5,4.324e-2
350.61,4.281e+5,4.281e+5,1.057e-2
350.66,6.660e+5,6.660e+5,2.478e-3
350.71,9.949e+5,9.949e+5,5.578e-4
350.76,1.427e+6,1.427e+6,1.205e-4
350.81,1.966e+6,1.966e+6,2.498e-5
350.86,2.601e+6,2.601e+6,4.971e-6
350.91,3.303e+6,3.303e+6,9.494e-7
350.96,4.029e+6,4.029e+6,1.740e-7
351.01,4.719e+6,4.719e+6,
351.06,5.308e+6,5.308e+6,
351.11,5.733e+6,5.733e+6,
351.16,5.946e+6,5.946e+6,
351.21,5.922e+6,5.922e+6,
351.26,5.664e+6,5.664e+6,
351.31,5.202e+6,5.202e+6,
351.36,4.587e+6,4.587e+6,
351.41,3.885e+6,3.885e+6,
351.46,3.159e+6,3.159e+6,
351.51,2.467e+6,2.467e+6,
351.56,1.850e+6,1.850e+6,
351.61,1.332e+6,1.332e+6,
351.66,9.211e+5,9.211e+5,
351.71,6.116e+5,6.116e+5,
351.76,3.900e+5,3.900e+5,
351.81,2.388e+5,2.388e+5,
351.86,1.404e+5,1.404e+5,
351.91,7.927e+4,7.927e+4,
351.96,4.298e+4,4.298e+4,
352.01,2.237e+4,2.237e+4,
352.06,1.119e+4,1.119e+4,
352.11,5.370e+3,5.370e+3,
352.16,2.477e+3,2.477e+3,
352.21,1.099e+3,1.099e+3,
352.26,4.735e+2,4.735e+2,
352.31,2.109e+2,2.109e+2,
352.36,1.285e+2,1.285e+2,
352.41,1.630e+2,1.630e+2,
352.46,3.344e+2,3.344e+2,
352.51,7.521e+2,7.521e+2,
352.56,1.661e+3,1.661e+3,
352.61,3.539e+3,3.539e+3,
352.66,7.246e+3,7.246e+3,
352.71,1.426e+4,1.426e+4,
352.76,2.697e+4,2.697e+4,
352.81,4.901e+4,4.901e+4,
352.86,8.562e+4,8.562e+4,
352.91,1.437e+5,1.437e+5,
352.96,2.320e+5,2.320e+5,
353.01,3.600e+5,3.600e+5,
353.06,5.370e+5,5.370e+5,
353.11,7.704e+5,7.704e+5,
353.16,1.063e+6,1.063e+6,
353.21,1.412e+6,1.412e+6,
353.26,1.804e+6,1.804e+6,
353.31,2.219e+6,2.219e+6,
353.36,2.630e+6,2.630e+6,
353.41,3.004e+6,3.004e+6,
353.46,3.308e+6,3.308e+6,
353.51,3.515e+6,3.515e+6,
353.56,3.608e+6,3.608e+6,
353.61,3.579e+6,3.579e+6,
353.66,3.435e+6,3.435e+6,
353.71,3.193e+6,3.193e+6,
353.76,2.877e+6,2.877e+6,
353.81,2.515e+6,2.515e+6,
353.86,2.135e+6,2.135e+6,
353.91,1.761e+6,1.761e+6,
353.96,1.411e+6,1.411e+6,
354.01,1.100e+6,1.100e+6,
354.06,8.329e+5,8.329e+5,
354.11,6.129e+5,6.129e+5,
354.16,4.379e+5,4.379e+5,
354.21,3.035e+5,3.035e+5,
354.26,2.039e+5,2.039e+5,
354.31,1.327e+5,1.327e+5,
354.36,8.354e+4,8.354e+4,
354.41,5.083e+4,5.083e+4,
354.46,2.987e+4,2.987e+4,4.804e-11
354.51,1.694e+4,1.694e+4,2.534e-10
354.56,9.262e+3,9.262e+3,1.286e-9
354.61,4.882e+3,4.882e+3,6.270e-9
354.66,2.480e+3,2.480e+3,2.940e-8
354.71,1.218e+3,1.218e+3,1.326e-7
354.76,5.875e+2,5.875e+2,5.746e-7
354.81,3.038e+2,3.038e+2,2.395e-6
354.86,2.258e+2,2.258e+2,9.594e-6
354.91,3.166e+2,3.166e+2,3.696e-5
354.96,6.339e+2,6.339e+2,1.369e-4
355.01,1.356e+3,1.356e+3,4.874e-4
355.07,3.286e+3,3.286e+3,2.125e-3
355.12,6.604e+3,6.604e+3,6.938e-3
355.17,1.276e+4,1.276e+4,2.179e-2
355.22,2.371e+4,2.371e+4,6.577e-2
355.27,4.235e+4,4.235e+4,1.909e-1
355.32,7.271e+4,7.271e+4,5.327e-1
355.37,1.200e+5,1.200e+5,1.429e+0
355.42,1.904e+5,1.904e+5,3.687e+0
355.47,2.904e+5,2.904e+5,9.143e+0
355.52,4.259e+5,4.259e+5,2.180e+1
355.57,6.003e+5,6.003e+5,4.998e+1
355.62,8.135e+5,8.134e+5,1.102e+2
355.67,1.060e+6,1.060e+6,2.334e+2
355.72,1.327e+6,1.327e+6,4.756e+2
355.77,1.598e+6,1.597e+6,9.316e+2
355.82,1.850e+6,1.848e+6,1.755e+3
355.87,2.059e+6,2.056e+6,3.177e+3
355.92,2.204e+6,2.198e+6,5.531e+3
355.97,2.269e+6,2.260e+6,9.258e+3
356.02,2.248e+6,2.233e+6,1.490e+4
356.07,2.145e+6,2.122e+6,2.305e+4
356.12,1.972e+6,1.938e+6,3.429e+4
356.17,1.750e+6,1.701e+6,4.904e+4
356.22,1.503e+6,1.436e+6,6.743e+4
356.27,1.254e+6,1.165e+6,8.914e+4
356.32,1.022e+6,9.084e+5,1.133e+5
356.37,8.195e+5,6.811e+5,1.385e+5
356.42,6.536e+5,4.909e+5,1.627e+5
356.47,5.241e+5,3.403e+5,1.838e+5
356.52,4.267e+5,2.271e+5,1.996e+5
356.57,3.550e+5,1.466e+5,2.084e+5
356.62,3.025e+5,9.330e+4,2.092e+5
356.67,2.647e+5,6.269e+4,2.020e+5
356.72,2.407e+5,5.327e+4,1.874e+5
356.77,2.362e+5,6.897e+4,1.672e+5
356.82,2.664e+5,1.229e+5,1.435e+5
356.87,3.618e+5,2.435e+5,1.183e+5
356.92,5.771e+5,4.833e+5,9.382e+4
356.97,1.004e+6,9.320e+5,7.153e+4
357.02,1.785e+6,1.733e+6,5.243e+4
357.07,3.138e+6,3.101e+6,3.695e+4
357.12,5.361e+6,5.336e+6,2.503e+4
357.17,8.848e+6,8.832e+6,1.631e+4
357.22,1.407e+7,1.406e+7,1.021e+4
357.27,2.152e+7,2.152e+7,6.150e+3
357.32,3.168e+7,3.168e+7,3.561e+3
357.37,4.485e+7,4.484e+7,1.982e+3
357.42,6.106e+7,6.105e+7,1.061e+3
357.47,7.994e+7,7.994e+7,5.458e+2
357.52,1.007e+8,1.007e+8,2.700e+2
357.57,1.219e+8,1.219e+8,1.284e+2
357.62,1.419e+8,1.419e+8,5.872e+1
357.67,1.590e+8,1.590e+8,2.582e+1
357.72,1.712e+8,1.712e+8,1.091e+1
357.77,1.773e+8,1.773e+8,4.435e+0
357.82,1.767e+8,1.767e+8,1.733e+0
357.87,1.692e+8,1.692e+8,6.510e-1
357.92,1.559e+8,1.559e+8,2.351e-1
357.97,1.381e+8,1.381e+8,8.165e-2
358.02,1.177e+8,1.177e+8,2.726e-2
358.07,9.642e+7,9.642e+7,8.750e-3
358.12,7.598e+7,7.598e+7,2.700e-3
358.17,5.758e+7,5.758e+7,8.013e-4
358.22,4.196e+7,4.196e+7,2.286e-4
358.27,2.941e+7,2.941e+7,6.270e-5
358.32,1.982e+7,1.982e+7,1.653e-5
358.37,1.285e+7,1.285e+7,4.192e-6
358.42,8.012e+6,8.012e+6,1.022e-6
358.47,4.806e+6,4.806e+6,2.395e-7
358.52,2.777e+6,2.777e+6,5.396e-8
358.57,1.552e+6,1.552e+6,1.169e-8
358.62,8.540e+5,8.540e+5,2.435e-9
358.67,4.892e+5,4.892e+5,4.876e-10
358.72,3.375e+5,3.375e+5,9.387e-11
358.77,3.341e+5,3.341e+5,
358.82,4.550e+5,4.550e+5,
358.87,7.059e+5,7.059e+5,
358.92,1.113e+6,1.113e+6,
358.97,1.714e+6,1.714e+6,
359.02,2.549e+6,2.549e+6,
359.07,3.651e+6,3.651e+6,
359.12,5.034e+6,5.034e+6,
359.17,6.678e+6,6.678e+6,
359.22,8.523e+6,8.523e+6,
359.27,1.047e+7,1.047e+7,
359.32,1.237e+7,1.237e+7,
359.37,1.407e+7,1.407e+7,
359.42,1.542e+7,1.542e+7,
359.47,1.627e+7,1.627e+7,
359.52,1.654e+7,1.654e+7,
359.57,1.624e+7,1.624e+7,
359.62,1.542e+7,1.542e+7,
359.67,1.420e+7,1.420e+7,
359.72,1.274e+7,1.274e+7,
359.77,1.121e+7,1.121e+7,
359.82,9.779e+6,9.779e+6,
359.87,8.559e+6,8.559e+6,
359.92,7.637e+6,7.637e+6,
359.97,7.065e+6,7.065e+6,
360.02,6.881e+6,6.881e+6,
360.07,7.136e+6,7.136e+6,
360.12,7.917e+6,7.917e+6,
360.17,9.369e+6,9.369e+6,
360.22,1.170e+7,1.170e+7,
360.27,1.516e+7,1.516e+7,
360.32,2.002e+7,2.002e+7,
360.37,2.652e+7,2.652e+7,
360.42,3.478e+7,3.478e+7,
360.47,4.478e+7,4.478e+7,
360.52,5.625e+7,5.625e+7,
360.57,6.872e+7,6.872e+7,
360.62,8.145e+7,8.145e+7,
360.67,9.356e+7,9.356e+7,
360.72,1.041e+8,1.041e+8,
360.77,1.122e+8,1.122e+8,
360.82,1.172e+8,1.172e+8,
360.87,1.186e+8,1.186e+8,
360.92,1.163e+8,1.163e+8,
360.97,1.106e+8,1.106e+8,
361.02,1.019e+8,1.019e+8,
361.07,9.119e+7,9.119e+7,
361.12,7.918e+7,7.918e+7,
361.17,6.677e+7,6.677e+7,
361.22,5.472e+7,5.472e+7,
361.27,4.364e+7,4.364e+7,
361.32,3.392e+7,3.392e+7,
361.37,2.576e+7,2.576e+7,
361.42,1.917e+7,1.917e+7,
361.47,1.406e+7,1.406e+7,
361.52,1.022e+7,1.022e+7,
361.57,7.432e+6,7.432e+6,
361.62,5.465e+6,5.465e+6,
361.67,4.131e+6,4.131e+6,
361.72,3.283e+6,3.283e+6,
361.77,2.827e+6,2.827e+6,
361.82,2.707e+6,2.707e+6,
361.87,2.900e+6,2.900e+6,
361.92,3.400e+6,3.400e+6,
361.97,4.198e+6,4.198e+6,
362.02,5.271e+6,5.271e+6,
362.07,6.571e+6,6.571e+6,
362.12,8.017e+6,8.017e+6,
362.17,9.499e+6,9.499e+6,
362.22,1.088e+7,1.088e+7,
362.27,1.203e+7,1.203e+7,
362.32,1.282e+7,1.282e+7,
362.37,1.315e+7,1.315e+7,
362.42,1.300e+7,1.300e+7,
362.47,1.237e+7,1.237e+7,
362.52,1.133e+7,1.133e+7,
362.57,9.994e+6,9.994e+6,
362.62,8.487e+6,8.487e+6,
362.67,6.939e+6,6.939e+6,
362.72,5.466e+6,5.466e+6,
362.77,4.152e+6,4.152e+6,
362.82,3.049e+6,3.049e+6,
362.87,2.179e+6,2.179e+6,
362.92,1.538e+6,1.538e+6,
362.97,1.107e+6,1.107e+6,
363.02,8.597e+5,8.597e+5,
363.07,7.676e+5,7.676e+5,
363.12,8.054e+5,8.054e+5,
363.17,9.503e+5,9.503e+5,
363.22,1.181e+6,1.181e+6,
363.27,1.474e+6,1.474e+6,
363.32,1.805e+6,1.805e+6,
363.37,2.145e+6,2.145e+6,
363.42,2.463e+6,2.463e+6,
363.47,2.725e+6,2.725e+6,
363.52,2.905e+6,2.905e+6,
363.57,2.983e+6,2.983e+6,
363.62,2.949e+6,2.949e+6,
363.67,2.807e+6,2.807e+6,
363.72,2.573e+6,2.573e+6,
363.77,2.271e+6,2.271e+6,
363.82,1.931e+6,1.931e+6,
363.87,1.580e+6,1.580e+6,
363.92,1.246e+6,1.246e+6,
363.97,9.467e+5,9.467e+5,
364.02,6.944e+5,6.944e+5,
364.07,4.936e+5,4.936e+5,
364.12,3.435e+5,3.435e+5,
364.17,2.400e+5,2.400e+5,
364.22,1.772e+5,1.772e+5,
364.27,1.498e+5,1.498e+5,
364.32,1.533e+5,1.533e+5,
364.37,1.847e+5,1.847e+5,
364.42,2.423e+5,2.423e+5,
364.47,3.247e+5,3.247e+5,
364.52,4.304e+5,4.304e+5,
364.57,5.569e+5,5.569e+5,
364.62,7.000e+5,7.000e+5,
364.67,8.543e+5,8.543e+5,
364.72,1.013e+6,1.013e+6,
364.77,1.169e+6,1.169e+6,
364.82,1.315e+6,1.315e+6,
364.87,1.445e+6,1.445e+6,
364.92,1.556e+6,1.556e+6,
364.97,1.644e+6,1.644e+6,
365.02,1.710e+6,1.710e+6,
365.07,1.757e+6,1.757e+6,
365.12,1.793e+6,1.793e+6,
365.17,1.830e+6,1.830e+6,
365.22,1.887e+6,1.887e+6,
365.27,1.996e+6,1.996e+6,
365.32,2.196e+6,2.196e+6,
365.37,2.541e+6,2.541e+6,
365.42,3.095e+6,3.095e+6,
365.47,3.925e+6,3.925e+6,
365.52,5.096e+6,5.096e+6,
365.57,6.661e+6,6.661e+6,
365.62,8.641e+6,8.641e+6,
365.67,1.102e+7,1.102e+7,
365.72,1.371e+7,1.371e+7,
365.77,1.660e+7,1.660e+7,
365.82,1.948e+7,1.948e+7,
365.87,2.215e+7,2.215e+7,
365.92,2.434e+7,2.434e+7,
365.97,2.587e+7,2.587e+7,
366.02,2.655e+7,2.655e+7,
366.07,2.633e+7,2.633e+7,
366.12,2.523e+7,2.523e+7,
366.17,2.335e+7,2.335e+7,
366.22,2.090e+7,2.090e+7,
366.27,1.810e+7,1.810e+7,
366.32,1.519e+7,1.519e+7,
366.37,1.239e+7,1.239e+7,
366.42,9.861e+6,9.861e+6,
366.47,7.704e+6,7.704e+6,
366.52,5.961e+6,5.961e+6,
366.57,4.619e+6,4.619e+6,
366.62,3.630e+6,3.630e+6,
366.67,2.927e+6,2.927e+6,
366.72,2.440e+6,2.440e+6,
366.77,2.105e+6,2.105e+6,
366.82,1.877e+6,1.877e+6,
366.87,1.732e+6,1.732e+6,
366.92,1.669e+6,1.669e+6,
366.97,1.706e+6,1.706e+6,
367.02,1.880e+6,1.880e+6,
367.07,2.241e+6,2.241e+6,
367.12,2.843e+6,2.843e+6,
367.17,3.741e+6,3.741e+6,
367.22,4.974e+6,4.974e+6,
367.27,6.560e+6,6.560e+6,
367.32,8.485e+6,8.485e+6,
367.37,1.069e+7,1.069e+7,
367.42,1.309e+7,1.309e+7,
367.47,1.554e+7,1.554e+7,
367.52,1.790e+7,1.790e+7,
367.57,2.002e+7,2.002e+7,
367.62,2.179e+7,2.179e+7,
367.67,2.312e+7,2.312e+7,
367.72,2.400e+7,2.400e+7,
367.77,2.447e+7,2.447e+7,
367.82,2.461e+7,2.461e+7,
367.87,2.453e+7,2.453e+7,
367.92,2.433e+7,2.433e+7,
367.97,2.407e+7,2.407e+7,
368.02,2.380e+7,2.380e+7,
368.07,2.348e+7,2.348e+7,
368.12,2.306e+7,2.306e+7,
368.17,2.247e+7,2.247e+7,
368.22,2.164e+7,2.164e+7,
368.27,2.053e+7,2.053e+7,
368.32,1.913e+7,1.913e+7,
368.37,1.747e+7,1.747e+7,
368.42,1.561e+7,1.561e+7,
368.47,1.364e+7,1.364e+7,
368.52,1.164e+7,1.164e+7,
368.57,9.709e+6,9.709e+6,
368.62,7.906e+6,7.906e+6,
368.67,6.287e+6,6.287e+6,
368.72,4.885e+6,4.885e+6,
368.77,3.714e+6,3.714e+6,
368.82,2.774e+6,2.774e+6,
368.87,2.055e+6,2.055e+6,
368.92,1.545e+6,1.545e+6,
368.97,1.231e+6,1.231e+6,
369.02,1.105e+6,1.105e+6,
369.07,1.160e+6,1.160e+6,
369.12,1.399e+6,1.399e+6,
369.17,1.821e+6,1.821e+6,
369.22,2.427e+6,2.427e+6,
369.27,3.208e+6,3.208e+6,
369.32,4.140e+6,4.140e+6,
369.37,5.183e+6,5.183e+6,
369.42,6.281e+6,6.281e+6,
369.47,7.361e+6,7.361e+6,
369.52,8.345e+6,8.345e+6,
369.57,9.159e+6,9.159e+6,
369.62,9.748e+6,9.748e+6,
369.67,1.008e+7,1.008e+7,
369.72,1.017e+7,1.017e+7,
369.77,1.005e+7,1.005e+7,
369.82,9.820e+6,9.820e+6,
369.87,9.593e+6,9.593e+6,
369.92,9.522e+6,9.522e+6,
369.97,9.781e+6,9.781e+6,
370.02,1.056e+7,1.056e+7,
370.07,1.204e+7,1.204e+7,
370.12,1.438e+7,1.438e+7,
370.17,1.770e+7,1.770e+7,
370.22,2.203e+7,2.203e+7,
370.27,2.727e+7,2.727e+7,
370.32,3.323e+7,3.323e+7,
370.37,3.953e+7,3.953e+7,
370.42,4.570e+7,4.570e+7,
370.47,5.121e+7,5.121e+7,
370.52,5.551e+7,5.551e+7,
370.57,5.816e+7,5.816e+7,
370.62,5.888e+7,5.888e+7,
370.67,5.756e+7,5.756e+7,
370.72,5.434e+7,5.434e+7,
370.77,4.955e+7,4.955e+7,
370.82,4.366e+7,4.366e+7,
370.87,3.718e+7,3.718e+7,
370.92,3.064e+7,3.064e+7,
370.97,2.445e+7,2.445e+7,
371.02,1.894e+7,1.894e+7,
371.07,1.432e+7,1.432e+7,
371.12,1.067e+7,1.067e+7,
371.17,7.987e+6,7.987e+6,
371.22,6.248e+6,6.248e+6,
371.27,5.394e+6,5.394e+6,
371.32,5.373e+6,5.373e+6,
371.37,6.148e+6,6.148e+6,
371.42,7.685e+6,7.685e+6,
371.47,9.943e+6,9.943e+6,
371.52,1.285e+7,1.285e+7,
371.57,1.626e+7,1.626e+7,
371.62,2.001e+7,2.001e+7,
371.67,2.382e+7,2.382e+7,
371.72,2.739e+7,2.739e+7,
371.77,3.040e+7,3.040e+7,
371.82,3.255e+7,3.255e+7,
371.87,3.362e+7,3.362e+7,
371.92,3.350e+7,3.350e+7,
371.97,3.220e+7,3.220e+7,
372.02,2.986e+7,2.986e+7,
372.07,2.673e+7,2.673e+7,
372.12,2.310e+7,2.310e+7,
372.17,1.930e+7,1.930e+7,
372.22,1.563e+7,1.563e+7,
372.27,1.235e+7,1.235e+7,
372.32,9.623e+6,9.623e+6,
372.37,7.566e+6,7.566e+6,
372.42,6.225e+6,6.225e+6,
372.47,5.607e+6,5.607e+6,
372.52,5.691e+6,5.691e+6,
372.57,6.446e+6,6.446e+6,
372.62,7.835e+6,7.835e+6,
372.67,9.813e+6,9.813e+6,
372.72,1.232e+7,1.232e+7,
372.77,1.529e+7,1.529e+7,
372.82,1.859e+7,1.859e+7,
372.87,2.208e+7,2.208e+7,
372.92,2.556e+7,2.556e+7,
372.97,2.880e+7,2.880e+7,
373.02,3.154e+7,3.154e+7,
373.07,3.356e+7,3.356e+7,
373.12,3.467e+7,3.467e+7,
373.17,3.472e+7,3.472e+7,
373.22,3.371e+7,3.371e+7,
373.27,3.170e+7,3.170e+7,
373.32,2.886e+7,2.886e+7,
373.37,2.542e+7,2.542e+7,
373.42,2.165e+7,2.165e+7,
373.47,1.783e+7,1.783e+7,
373.52,1.418e+7,1.418e+7,
373.57,1.091e+7,1.091e+7,
373.62,8.100e+6,8.100e+6,
373.67,5.812e+6,5.812e+6,
373.72,4.032e+6,4.032e+6,
373.77,2.708e+6,2.708e+6,
373.82,1.772e+6,1.772e+6,
373.87,1.148e+6,1.148e+6,
373.92,7.656e+5,7.656e+5,
373.97,5.700e+5,5.700e+5,
374.02,5.212e+5,5.212e+5,
374.07,5.948e+5,5.948e+5,
374.12,7.785e+5,7.785e+5,
374.17,1.068e+6,1.068e+6,
374.22,1.460e+6,1.460e+6,
374.27,1.949e+6,1.949e+6,
374.32,2.522e+6,2.522e+6,
374.37,3.154e+6,3.154e+6,
374.42,3.809e+6,3.809e+6,
374.47,4.439e+6,4.439e+6,
374.52,4.993e+6,4.993e+6,
374.57,5.419e+6,5.419e+6,
374.62,5.677e+6,5.677e+6,
374.67,5.740e+6,5.740e+6,
374.72,5.603e+6,5.603e+6,
374.77,5.281e+6,5.281e+6,
374.82,4.811e+6,4.811e+6,
374.87,4.243e+6,4.243e+6,
374.92,3.632e+6,3.632e+6,
374.97,3.037e+6,3.037e+6,
375.02,2.508e+6,2.508e+6,
375.07,2.086e+6,2.086e+6,
375.12,1.797e+6,1.797e+6,
375.17,1.657e+6,1.657e+6,
375.22,1.668e+6,1.668e+6,
375.27,1.818e+6,1.818e+6,
375.32,2.088e+6,2.088e+6,
375.37,2.446e+6,2.446e+6,
375.42,2.854e+6,2.854e+6,
375.47,3.268e+6,3.268e+6,
375.52,3.643e+6,3.643e+6,
375.57,3.936e+6,3.936e+6,
375.62,4.114e+6,4.114e+6,
375.67,4.154e+6,4.154e+6,
375.72,4.051e+6,4.051e+6,
375.77,3.816e+6,3.816e+6,
375.82,3.471e+6,3.471e+6,
375.87,3.053e+6,3.053e+6,
375.92,2.600e+6,2.600e+6,
375.97,2.153e+6,2.153e+6,
376.02,1.747e+6,1.747e+6,
376.07,1.412e+6,1.412e+6,
376.12,1.172e+6,1.172e+6,
376.17,1.043e+6,1.043e+6,
376.22,1.036e+6,1.036e+6,
376.27,1.158e+6,1.158e+6,
376.32,1.412e+6,1.412e+6,
376.37,1.796e+6,1.796e+6,
376.42,2.300e+6,2.300e+6,
376.47,2.908e+6,2.908e+6,
376.52,3.593e+6,3.593e+6,
376.57,4.321e+6,4.321e+6,
376.62,5.051e+6,5.051e+6,
376.67,5.741e+6,5.741e+6,
376.72,6.352e+6,6.352e+6,
376.77,6.853e+6,6.853e+6,
376.82,7.227e+6,7.227e+6,
376.87,7.470e+6,7.470e+6,
376.92,7.591e+6,7.591e+6,
376.97,7.608e+6,7.608e+6,
377.02,7.545e+6,7.545e+6,
377.07,7.423e+6,7.423e+6,
377.12,7.258e+6,7.258e+6,
377.17,7.058e+6,7.058e+6,
377.22,6.827e+6,6.827e+6,
377.27,6.558e+6,6.558e+6,
377.32,6.246e+6,6.246e+6,
377.37,5.884e+6,5.884e+6,
377.42,5.470e+6,5.470e+6,
377.47,5.007e+6,5.007e+6,
377.52,4.504e+6,4.504e+6,
377.57,3.977e+6,3.977e+6,
377.62,3.442e+6,3.442e+6,
377.67,2.920e+6,2.920e+6,
377.72,2.430e+6,2.430e+6,
377.77,1.987e+6,1.987e+6,
377.82,1.607e+6,1.607e+6,
377.87,1.300e+6,1.300e+6,
377.92,1.074e+6,1.074e+6,
377.97,9.328e+5,9.328e+5,
378.02,8.800e+5,8.800e+5,
378.07,9.166e+5,9.166e+5,
378.12,1.042e+6,1.042e+6,
378.17,1.255e+6,1.255e+6,
378.22,1.553e+6,1.553e+6,
378.27,1.934e+6,1.934e+6,
378.32,2.396e+6,2.396e+6,
378.37,2.942e+6,2.942e+6,
378.42,3.580e+6,3.580e+6,
378.47,4.319e+6,4.319e+6,
378.52,5.174e+6,5.174e+6,
378.57,6.158e+6,6.158e+6,
378.62,7.274e+6,7.274e+6,
378.67,8.511e+6,8.511e+6,
378.72,9.836e+6,9.836e+6,
378.77,1.119e+7,1.119e+7,
378.82,1.247e+7,1.247e+7,
378.87,1.360e+7,1.360e+7,
378.92,1.445e+7,1.445e+7,
378.97,1.494e+7,1.494e+7,
379.02,1.500e+7,1.500e+7,
379.07,1.460e+7,1.460e+7,
379.12,1.377e+7,1.377e+7,
379.17,1.258e+7,1.258e+7,
379.22,1.114e+7,1.114e+7,
379.27,9.575e+6,9.575e+6,
379.32,8.028e+6,8.028e+6,
379.37,6.620e+6,6.620e+6,
379.42,5.459e+6,5.459e+6,
379.47,4.628e+6,4.628e+6,
379.52,4.187e+6,4.187e+6,
379.57,4.171e+6,4.171e+6,
379.62,4.600e+6,4.600e+6,
379.67,5.479e+6,5.479e+6,
379.72,6.804e+6,6.804e+6,
379.77,8.572e+6,8.572e+6,
379.82,1.079e+7,1.079e+7,
379.87,1.348e+7,1.348e+7,
379.92,1.672e+7,1.672e+7,
379.97,2.066e+7,2.066e+7,
380.02,2.552e+7,2.552e+7,
380.07,3.161e+7,3.161e+7,
380.12,3.931e+7,3.931e+7,
380.17,4.901e+7,4.901e+7,
380.22,6.103e+7,6.103e+7,
380.27,7.555e+7,7.555e+7,
380.32,9.245e+7,9.245e+7,
380.37,1.113e+8,1.113e+8,
380.42,1.312e+8,1.312e+8,
380.47,1.510e+8,1.510e+8,
380.52,1.692e+8,1.692e+8,
380.57,1.844e+8,1.844e+8,
380.62,1.951e+8,1.951e+8,
380.67,2.005e+8,2.005e+8,
380.72,1.999e+8,1.999e+8,
380.77,1.934e+8,1.934e+8,
380.82,1.817e+8,1.817e+8,
380.87,1.657e+8,1.657e+8,
380.92,1.469e+8,1.469e+8,
380.97,1.267e+8,1.267e+8,
381.02,1.063e+8,1.063e+8,
381.07,8.680e+7,8.680e+7,
381.12,6.909e+7,6.909e+7,
381.17,5.362e+7,5.362e+7,
381.22,4.060e+7,4.060e+7,
381.27,3.002e+7,3.002e+7,
381.32,2.171e+7,2.171e+7,
381.37,1.540e+7,1.540e+7,
381.42,1.083e+7,1.083e+7,
381.47,7.733e+6,7.733e+6,
381.52,5.916e+6,5.916e+6,
381.57,5.272e+6,5.272e+6,
381.62,5.798e+6,5.798e+6,
381.67,7.600e+6,7.600e+6,
381.72,1.089e+7,1.089e+7,
381.77,1.594e+7,1.594e+7,
381.82,2.308e+7,2.308e+7,
381.87,3.257e+7,3.257e+7,
381.92,4.458e+7,4.458e+7,
381.97,5.905e+7,5.905e+7,
382.02,7.561e+7,7.561e+7,
382.07,9.360e+7,9.360e+7,
382.12,1.120e+8,1.120e+8,
382.17,1.295e+8,1.295e+8,
382.22,1.448e+8,1.448e+8,
382.27,1.564e+8,1.564e+8,
382.32,1.633e+8,1.633e+8,
382.37,1.648e+8,1.648e+8,
382.42,1.608e+8,1.608e+8,
382.47,1.517e+8,1.517e+8,
382.52,1.384e+8,1.384e+8,
382.57,1.223e+8,1.223e+8,
382.62,1.048e+8,1.048e+8,
382.67,8.742e+7,8.742e+7,
382.72,7.152e+7,7.152e+7,
382.77,5.817e+7,5.817e+7,
382.82,4.812e+7,4.812e+7,
382.87,4.185e+7,4.185e+7,
382.92,3.950e+7,3.950e+7,
382.97,4.099e+7,4.099e+7,
383.02,4.601e+7,4.601e+7,
383.07,5.401e+7,5.401e+7,
383.12,6.427e+7,6.427e+7,
383.17,7.590e+7,7.590e+7,
383.22,8.788e+7,8.788e+7,
383.27,9.914e+7,9.914e+7,
383.32,1.087e+8,1.087e+8,
383.37,1.157e+8,1.157e+8,
383.42,1.197e+8,1.197e+8,
383.47,1.205e+8,1.205e+8,
383.52,1.185e+8,1.185e+8,
383.57,1.142e+8,1.142e+8,
383.62,1.085e+8,1.085e+8,
383.67,1.024e+8,1.024e+8,
383.72,9.668e+7,9.668e+7,
383.77,9.202e+7,9.202e+7,
383.82,8.877e+7,8.877e+7,
383.87,8.695e+7,8.695e+7,
383.92,8.628e+7,8.628e+7,
383.97,8.627e+7,8.627e+7,
384.02,8.632e+7,8.632e+7,
384.07,8.587e+7,8.587e+7,
384.12,8.446e+7,8.446e+7,
384.17,8.179e+7,8.179e+7,
384.22,7.778e+7,7.778e+7,
384.27,7.251e+7,7.251e+7,
384.32,6.620e+7,6.620e+7,
384.37,5.918e+7,5.918e+7,
384.42,5.178e+7,5.178e+7,
384.47,4.434e+7,4.434e+7,
384.52,3.716e+7,3.716e+7,
384.57,3.047e+7,3.047e+7,
384.62,2.443e+7,2.443e+7,
384.67,1.915e+7,1.915e+7,
384.72,1.466e+7,1.466e+7,
384.77,1.095e+7,1.095e+7,
384.82,7.971e+6,7.971e+6,
384.87,5.654e+6,5.654e+6,
384.92,3.902e+6,3.902e+6,
384.97,2.619e+6,2.619e+6,
385.02,1.708e+6,1.708e+6,
385.07,1.081e+6,1.081e+6,
385.12,6.637e+5,6.637e+5,
385.17,3.952e+5,3.952e+5,
385.22,2.280e+5,2.280e+5,
385.27,1.275e+5,1.275e+5,
385.32,6.900e+4,6.900e+4,
385.37,3.616e+4,3.616e+4,
385.42,1.834e+4,1.834e+4,
385.47,9.003e+3,9.003e+3,
385.52,4.275e+3,4.275e+3,
385.57,1.964e+3,1.964e+3,
385.62,8.728e+2,8.728e+2,
385.67,3.753e+2,3.753e+2,
385.72,1.566e+2,1.566e+2,
385.77,6.475e+1,6.475e+1,
385.82,2.982e+1,2.982e+1,
385.87,2.288e+1,2.288e+1,
385.93,4.237e+1,4.237e+1,
385.98,9.355e+1,9.355e+1,
386.03,2.096e+2,2.096e+2,
386.08,4.577e+2,4.577e+2,
386.13,9.688e+2,9.688e+2,
386.18,1.985e+3,1.985e+3,
386.23,3.937e+3,3.937e+3,
386.28,7.560e+3,7.560e+3,
386.33,1.405e+4,1.405e+4,
386.38,2.529e+4,2.529e+4,
386.43,4.406e+4,4.406e+4,
386.48,7.432e+4,7.432e+4,
386.53,1.214e+5,1.214e+5,
386.58,1.920e+5,1.920e+5,
386.63,2.940e+5,2.940e+5,
386.68,4.359e+5,4.359e+5,
386.73,6.258e+5,6.258e+5,
386.78,8.702e+5,8.702e+5,
386.83,1.172e+6,1.172e+6,
386.88,1.528e+6,1.528e+6,
386.93,1.930e+6,1.930e+6,
386.98,2.360e+6,2.360e+6,
387.03,2.796e+6,2.796e+6,
387.08,3.207e+6,3.207e+6,
387.13,3.564e+6,3.564e+6,
387.18,3.835e+6,3.835e+6,
387.23,3.997e+6,3.997e+6,
387.28,4.034e+6,4.034e+6,
387.33,3.944e+6,3.944e+6,
387.38,3.734e+6,3.734e+6,
387.43,3.424e+6,3.424e+6,
387.48,3.040e+6,3.040e+6,
387.53,2.615e+6,2.615e+6,
387.58,2.178e+6,2.178e+6,
387.63,1.757e+6,1.757e+6,
387.68,1.372e+6,1.372e+6,
387.73,1.038e+6,1.038e+6,
387.78,7.606e+5,7.606e+5,
387.83,5.405e+5,5.405e+5,
387.88,3.734e+5,3.734e+5,
387.93,2.528e+5,2.528e+5,
387.98,1.713e+5,1.713e+5,
388.03,1.226e+5,1.226e+5,
388.08,1.022e+5,1.022e+5,
388.13,1.085e+5,1.085e+5,
388.18,1.427e+5,1.427e+5,
388.23,2.097e+5,2.097e+5,
388.28,3.170e+5,3.170e+5,
388.33,4.742e+5,4.742e+5,
388.38,6.922e+5,6.922e+5,
388.43,9.804e+5,9.804e+5,
388.48,1.345e+6,1.345e+6,
388.53,1.787e+6,1.787e+6,
388.58,2.298e+6,2.298e+6,
388.63,2.860e+6,2.860e+6,
388.68,3.445e+6,3.445e+6,
388.73,4.017e+6,4.017e+6,
388.78,4.534e+6,4.534e+6,
388.83,4.954e+6,4.954e+6,
388.88,5.241e+6,5.241e+6,
388.93,5.372e+6,5.372e+6,
388.98,5.339e+6,5.339e+6,
389.03,5.153e+6,5.153e+6,
389.08,4.843e+6,4.843e+6,
389.13,4.455e+6,4.455e+6,
389.18,4.043e+6,4.043e+6,
389.23,3.666e+6,3.666e+6,
389.28,3.384e+6,3.384e+6,
389.33,3.244e+6,3.244e+6,
389.38,3.284e+6,3.284e+6,
389.43,3.523e+6,3.523e+6,
389.48,3.959e+6,3.959e+6,
389.53,4.570e+6,4.570e+6,
389.58,5.314e+6,5.314e+6,
389.63,6.132e+6,6.132e+6,
389.68,6.950e+6,6.950e+6,
389.73,7.692e+6,7.692e+6,
389.78,8.282e+6,8.282e+6,
389.83,8.658e+6,8.658e+6,
389.88,8.780e+6,8.780e+6,
389.93,8.632e+6,8.632e+6,
389.98,8.223e+6,8.223e+6,
390.03,7.591e+6,7.591e+6,
390.08,6.790e+6,6.790e+6,
390.13,5.885e+6,5.885e+6,
390.18,4.946e+6,4.946e+6,
390.23,4.033e+6,4.033e+6,
390.28,3.198e+6,3.198e+6,
390.33,2.477e+6,2.477e+6,
390.38,1.891e+6,1.891e+6,
390.43,1.452e+6,1.452e+6,
390.48,1.157e+6,1.157e+6,
390.53,1.000e+6,1.000e+6,
390.58,9.715e+5,9.715e+5,
390.63,1.058e+6,1.058e+6,
390.68,1.246e+6,1.246e+6,
390.73,1.519e+6,1.519e+6,
390.78,1.856e+6,1.856e+6,
390.83,2.232e+6,2.232e+6,
390.88,2.619e+6,2.619e+6,
390.93,2.986e+6,2.986e+6,
390.98,3.301e+6,3.301e+6,
391.03,3.536e+6,3.536e+6,
391.08,3.668e+6,3.668e+6,
391.13,3.686e+6,3.686e+6,
391.18,3.590e+6,3.590e+6,
391.23,3.392e+6,3.392e+6,
391.28,3.114e+6,3.114e+6,
391.33,2.788e+6,2.788e+6,
391.38,2.448e+6,2.448e+6,
391.43,2.130e+6,2.130e+6,
391.48,1.867e+6,1.867e+6,
391.53,1.691e+6,1.691e+6,
391.58,1.631e+6,1.631e+6,
391.63,1.717e+6,1.717e+6,
391.68,1.979e+6,1.979e+6,
391.73,2.452e+6,2.452e+6,
391.78,3.178e+6,3.178e+6,
391.83,4.202e+6,4.202e+6,
391.88,5.572e+6,5.572e+6,
391.93,7.331e+6,7.331e+6,
391.98,9.507e+6,9.507e+6,
392.03,1.211e+7,1.211e+7,
392.08,1.510e+7,1.510e+7,
392.13,1.843e+7,1.843e+7,
392.18,2.198e+7,2.198e+7,
392.23,2.560e+7,2.560e+7,
392.28,2.912e+7,2.912e+7,
392.33,3.235e+7,3.235e+7,
392.38,3.509e+7,3.509e+7,
392.43,3.719e+7,3.719e+7,
392.48,3.851e+7,3.851e+7,
392.53,3.897e+7,3.897e+7,
392.58,3.856e+7,3.856e+7,
392.63,3.733e+7,3.733e+7,
392.68,3.535e+7,3.535e+7,
392.73,3.278e+7,3.278e+7,
392.78,2.979e+7,2.979e+7,
392.83,2.653e+7,2.653e+7,
392.88,2.320e+7,2.320e+7,
392.93,1.994e+7,1.994e+7,
392.98,1.688e+7,1.688e+7,
393.03,1.409e+7,1.409e+7,
393.08,1.165e+7,1.165e+7,
393.13,9.565e+6,9.565e+6,
393.18,7.839e+6,7.839e+6,
393.23,6.450e+6,6.450e+6,
393.28,5.366e+6,5.366e+6,
393.33,4.546e+6,4.546e+6,
393.38,3.946e+6,3.946e+6,
393.43,3.523e+6,3.523e+6,
393.48,3.231e+6,3.231e+6,
393.53,3.029e+6,3.029e+6,
393.58,2.879e+6,2.879e+6,
393.63,2.748e+6,2.748e+6,
393.68,2.611e+6,2.611e+6,
393.73,2.451e+6,2.451e+6,
393.78,2.260e+6,2.260e+6,
393.83,2.038e+6,2.038e+6,
393.88,1.792e+6,1.792e+6,
393.93,1.534e+6,1.534e+6,
393.98,1.275e+6,1.275e+6,
394.03,1.029e+6,1.029e+6,
394.08,8.056e+5,8.056e+5,
394.13,6.127e+5,6.127e+5,
394.18,4.540e+5,4.540e+5,
394.23,3.305e+5,3.305e+5,
394.28,2.419e+5,2.419e+5,
394.33,1.872e+5,1.872e+5,
394.38,1.668e+5,1.668e+5,
394.43,1.832e+5,1.832e+5,
394.48,2.426e+5,2.426e+5,
394.53,3.555e+5,3.555e+5,
394.58,5.364e+5,5.364e+5,
394.63,8.037e+5,8.037e+5,
394.68,1.178e+6,1.178e+6,
394.73,1.679e+6,1.679e+6,
394.78,2.324e+6,2.324e+6,
394.83,3.118e+6,3.118e+6,
394.88,4.056e+6,4.056e+6,
394.93,5.115e+6,5.115e+6,
394.98,6.255e+6,6.255e+6,
395.03,7.415e+6,7.415e+6,
395.08,8.523e+6,8.523e+6,
395.13,9.499e+6,9.499e+6,
395.18,1.027e+7,1.027e+7,
395.23,1.076e+7,1.076e+7,
395.28,1.094e+7,1.094e+7,
395.33,1.079e+7,1.079e+7,
395.38,1.032e+7,1.032e+7,
395.43,9.577e+6,9.577e+6,
395.48,8.623e+6,8.623e+6,
395.53,7.535e+6,7.535e+6,
395.58,6.391e+6,6.391e+6,
395.63,5.261e+6,5.261e+6,
395.68,4.205e+6,4.205e+6,
395.73,3.263e+6,3.263e+6,
395.78,2.459e+6,2.459e+6,
395.83,1.800e+6,1.800e+6,
395.88,1.280e+6,1.280e+6,
395.93,8.840e+5,8.840e+5,
395.98,5.934e+5,5.934e+5,
396.03,3.870e+5,3.870e+5,
396.08,2.453e+5,2.453e+5,
396.13,1.512e+5,1.512e+5,
396.18,9.053e+4,9.053e+4,
396.23,5.271e+4,5.271e+4,
396.28,2.987e+4,2.987e+4,
396.33,1.651e+4,1.651e+4,
396.38,9.015e+3,9.015e+3,
396.43,5.084e+3,5.084e+3,
396.48,3.398e+3,3.398e+3,
396.53,3.342e+3,3.342e+3,
396.58,4.865e+3,4.865e+3,
396.63,8.457e+3,8.457e+3,
396.68,1.521e+4,1.521e+4,
396.73,2.700e+4,2.700e+4,
396.78,4.668e+4,4.668e+4,
396.83,7.837e+4,7.837e+4,
396.88,1.277e+5,1.277e+5,
396.93,2.019e+5,2.019e+5,
396.98,3.098e+5,3.098e+5,
397.03,4.615e+5,4.615e+5,
397.08,6.675e+5,6.675e+5,
397.13,9.374e+5,9.374e+5,
397.18,1.279e+6,1.279e+6,
397.23,1.697e+6,1.697e+6,
397.28,2.189e+6,2.189e+6,
397.33,2.749e+6,2.749e+6,
397.38,3.367e+6,3.367e+6,
397.43,4.025e+6,4.025e+6,
397.48,4.710e+6,4.710e+6,
397.53,5.408e+6,5.408e+6,
397.58,6.114e+6,6.114e+6,
397.63,6.833e+6,6.833e+6,
397.68,7.582e+6,7.582e+6,
397.73,8.391e+6,8.391e+6,
397.78,9.296e+6,9.296e+6,
397.83,1.033e+7,1.033e+7,
397.88,1.154e+7,1.154e+7,
397.93,1.292e+7,1.292e+7,
397.98,1.450e+7,1.450e+7,
398.03,1.625e+7,1.625e+7,
398.08,1.813e+7,1.813e+7,
398.13,2.010e+7,2.010e+7,
398.18,2.208e+7,2.208e+7,
398.23,2.401e+7,2.401e+7,
398.28,2.582e+7,2.582e+7,
398.33,2.745e+7,2.745e+7,
398.38,2.882e+7,2.882e+7,
398.43,2.987e+7,2.987e+7,
398.48,3.055e+7,3.055e+7,
398.53,3.080e+7,3.080e+7,
398.58,3.058e+7,3.058e+7,
398.63,2.986e+7,2.986e+7,
398.68,2.865e+7,2.865e+7,
398.73,2.698e+7,2.698e+7,
398.78,2.492e+7,2.492e+7,
398.83,2.257e+7,2.257e+7,
398.88,2.004e+7,2.004e+7,
398.93,1.744e+7,1.744e+7,
398.98,1.490e+7,1.490e+7,
399.03,1.252e+7,1.252e+7,
399.08,1.035e+7,1.035e+7,
399.13,8.440e+6,8.440e+6,
399.18,6.804e+6,6.804e+6,
399.23,5.433e+6,5.433e+6,
399.28,4.302e+6,4.302e+6,
399.33,3.381e+6,3.381e+6,
399.38,2.638e+6,2.638e+6,
399.43,2.044e+6,2.044e+6,
399.48,1.573e+6,1.573e+6,
399.53,1.207e+6,1.207e+6,
399.58,9.311e+5,9.311e+5,
399.63,7.359e+5,7.359e+5,
399.68,6.142e+5,6.142e+5,
399.73,5.605e+5,5.605e+5,
399.78,5.709e+5,5.709e+5,
399.83,6.412e+5,6.412e+5,
399.88,7.665e+5,7.665e+5,
399.93,9.400e+5,9.400e+5,
399.98,1.152e+6,1.152e+6,
400.03,1.391e+6,1.391e+6,
400.08,1.640e+6,1.640e+6,
400.13,1.881e+6,1.881e+6,
400.18,2.097e+6,2.097e+6,
400.23,2.268e+6,2.268e+6,
400.28,2.382e+6,2.382e+6,
400.33,2.430e+6,2.430e+6,
400.38,2.410e+6,2.410e+6,
400.43,2.328e+6,2.328e+6,
400.48,2.200e+6,2.200e+6,
400.53,2.043e+6,2.043e+6,
400.58,1.881e+6,1.881e+6,
400.63,1.739e+6,1.739e+6,
400.68,1.639e+6,1.639e+6,
400.73,1.601e+6,1.601e+6,
400.78,1.642e+6,1.642e+6,
400.83,1.774e+6,1.774e+6,
400.88,2.010e+6,2.010e+6,
400.93,2.366e+6,2.366e+6,
400.98,2.864e+6,2.864e+6,
401.03,3.543e+6,3.543e+6,
401.08,4.456e+6,4.456e+6,
401.13,5.679e+6,5.679e+6,
401.18,7.305e+6,7.305e+6,
401.23,9.438e+6,9.438e+6,
401.28,1.218e+7,1.218e+7,
401.33,1.560e+7,1.560e+7,
401.38,1.973e+7,1.973e+7,
401.43,2.454e+7,2.454e+7,
401.48,2.987e+7,2.987e+7,
401.53,3.551e+7,3.551e+7,
401.58,4.113e+7,4.113e+7,
401.63,4.636e+7,4.636e+7,
401.68,5.078e+7,5.078e+7,
401.73,5.403e+7,5.403e+7,
401.78,5.583e+7,5.583e+7,
401.83,5.601e+7,5.601e+7,
401.88,5.457e+7,5.457e+7,
401.93,5.168e+7,5.168e+7,
401.98,4.766e+7,4.766e+7,
402.03,4.292e+7,4.292e+7,
402.08,3.796e+7,3.796e+7,
402.13,3.330e+7,3.330e+7,
402.18,2.945e+7,2.945e+7,
402.23,2.692e+7,2.692e+7,
402.28,2.620e+7,2.620e+7,
402.33,2.777e+7,2.777e+7,
402.38,3.218e+7,3.218e+7,
402.43,4.002e+7,4.002e+7,
402.48,5.195e+7,5.195e+7,
402.53,6.867e+7,6.867e+7,
402.58,9.088e+7,9.088e+7,
402.63,1.191e+8,1.191e+8,
402.68,1.538e+8,1.538e+8,
402.73,1.949e+8,1.949e+8,
402.78,2.417e+8,2.417e+8,
402.83,2.934e+8,2.934e+8,
402.88,3.480e+8,3.480e+8,
402.93,4.034e+8,4.034e+8,
402.98,4.570e+8,4.570e+8,
403.03,5.059e+8,5.059e+8,
403.08,5.473e+8,5.473e+8,
403.13,5.788e+8,5.788e+8,
403.18,5.986e+8,5.986e+8,
403.23,6.054e+8,6.054e+8,
403.28,5.992e+8,5.992e+8,
403.33,5.805e+8,5.805e+8,
403.38,5.510e+8,5.510e+8,
403.43,5.129e+8,5.129e+8,
403.48,4.691e+8,4.691e+8,
403.53,4.227e+8,4.227e+8,
403.58,3.770e+8,3.770e+8,
403.63,3.346e+8,3.346e+8,
403.68,2.982e+8,2.982e+8,
403.73,2.691e+8,2.691e+8,
403.78,2.482e+8,2.482e+8,
403.83,2.352e+8,2.352e+8,
403.88,2.291e+8,2.291e+8,
403.93,2.282e+8,2.282e+8,
403.98,2.303e+8,2.303e+8,
404.03,2.332e+8,2.332e+8,
404.08,2.348e+8,2.348e+8,
404.13,2.335e+8,2.335e+8,
404.18,2.282e+8,2.282e+8,
404.23,2.188e+8,2.188e+8,
404.28,2.056e+8,2.056e+8,
404.33,1.896e+8,1.896e+8,
404.38,1.723e+8,1.723e+8,
404.43,1.549e+8,1.549e+8,
404.48,1.390e+8,1.390e+8,
404.53,1.254e+8,1.254e+8,
404.58,1.146e+8,1.146e+8,
404.63,1.069e+8,1.069e+8,
404.68,1.020e+8,1.020e+8,
404.73,9.911e+7,9.911e+7,
404.78,9.769e+7,9.769e+7,
404.83,9.700e+7,9.700e+7,
404.88,9.650e+7,9.650e+7,
404.93,9.588e+7,9.588e+7,
404.98,9.509e+7,9.509e+7,
405.03,9.429e+7,9.429e+7,
405.08,9.382e+7,9.382e+7,
405.13,9.406e+7,9.406e+7,
405.18,9.533e+7,9.533e+7,
405.23,9.784e+7,9.784e+7,
405.28,1.016e+8,1.016e+8,
405.33,1.063e+8,1.063e+8,
405.38,1.116e+8,1.116e+8,
405.43,1.169e+8,1.169e+8,
405.48,1.217e+8,1.217e+8,
405.53,1.255e+8,1.255e+8,
405.58,1.279e+8,1.279e+8,
405.63,1.286e+8,1.286e+8,
405.68,1.276e+8,1.276e+8,
405.73,1.250e+8,1.250e+8,
405.78,1.211e+8,1.211e+8,
405.83,1.162e+8,1.162e+8,
405.88,1.106e+8,1.106e+8,
405.93,1.048e+8,1.048e+8,
405.98,9.898e+7,9.898e+7,
406.03,9.338e+7,9.338e+7,
406.08,8.811e+7,8.811e+7,
406.13,8.323e+7,8.323e+7,
406.18,7.868e+7,7.868e+7,
406.23,7.439e+7,7.439e+7,
406.28,7.023e+7,7.023e+7,
406.33,6.609e+7,6.609e+7,
406.38,6.187e+7,6.187e+7,
406.43,5.752e+7,5.752e+7,
406.48,5.304e+7,5.304e+7,
406.53,4.848e+7,4.848e+7,
406.58,4.394e+7,4.394e+7,
406.63,3.954e+7,3.954e+7,
406.68,3.539e+7,3.539e+7,
406.73,3.161e+7,3.161e+7,
406.78,2.826e+7,2.826e+7,
406.83,2.536e+7,2.536e+7,
406.88,2.290e+7,2.290e+7,
406.93,2.082e+7,2.082e+7,
406.98,1.905e+7,1.905e+7,
407.03,1.752e+7,1.752e+7,
407.08,1.618e+7,1.618e+7,
407.13,1.502e+7,1.502e+7,
407.18,1.405e+7,1.405e+7,
407.23,1.334e+7,1.334e+7,
407.28,1.300e+7,1.300e+7,
407.33,1.313e+7,1.313e+7,
407.38,1.388e+7,1.388e+7,
407.43,1.538e+7,1.538e+7,
407.48,1.775e+7,1.775e+7,
407.53,2.109e+7,2.109e+7,
407.58,2.546e+7,2.546e+7,
407.63,3.088e+7,3.088e+7,
407.68,3.732e+7,3.732e+7,
407.73,4.471e+7,4.471e+7,
407.78,5.295e+7,5.295e+7,
407.83,6.189e+7,6.189e+7,
407.88,7.132e+7,7.132e+7,
407.93,8.099e+7,8.099e+7,
407.98,9.060e+7,9.060e+7,
408.03,9.975e+7,9.975e+7,
408.08,1.080e+8,1.080e+8,
408.13,1.150e+8,1.150e+8,
408.18,1.202e+8,1.202e+8,
408.23,1.231e+8,1.231e+8,
408.28,1.236e+8,1.236e+8,
408.33,1.214e+8,1.214e+8,
408.38,1.165e+8,1.165e+8,
408.43,1.093e+8,1.093e+8,
408.48,1.002e+8,1.002e+8,
408.53,8.968e+7,8.968e+7,
408.58,7.846e+7,7.846e+7,
408.63,6.717e+7,6.717e+7,
408.68,5.639e+7,5.639e+7,
408.73,4.657e+7,4.657e+7,
408.78,3.802e+7,3.802e+7,
408.83,3.086e+7,3.086e+7,
408.88,2.510e+7,2.510e+7,
408.93,2.061e+7,2.061e+7,
408.98,1.720e+7,1.720e+7,
409.03,1.464e+7,1.464e+7,
409.08,1.272e+7,1.272e+7,
409.13,1.124e+7,1.124e+7,
409.18,1.004e+7,1.004e+7,
409.23,8.999e+6,8.999e+6,
409.28,8.051e+6,8.051e+6,
409.33,7.156e+6,7.156e+6,
409.38,6.303e+6,6.303e+6,
409.43,5.495e+6,5.495e+6,
409.48,4.749e+6,4.749e+6,
409.53,4.079e+6,4.079e+6,
409.58,3.500e+6,3.500e+6,
409.63,3.020e+6,3.020e+6,
409.68,2.641e+6,2.641e+6,
409.73,2.360e+6,2.360e+6,
409.78,2.171e+6,2.171e+6,
409.83,2.063e+6,2.063e+6,
409.88,2.026e+6,2.026e+6,
409.93,2.055e+6,2.055e+6,
409.98,2.145e+6,2.145e+6,
410.03,2.294e+6,2.294e+6,
410.08,2.504e+6,2.504e+6,
410.13,2.775e+6,2.775e+6,
410.18,3.106e+6,3.106e+6,
410.23,3.492e+6,3.492e+6,
410.28,3.920e+6,3.920e+6,
410.33,4.371e+6,4.371e+6,
410.38,4.821e+6,4.821e+6,
410.43,5.240e+6,5.240e+6,
410.48,5.601e+6,5.601e+6,
410.53,5.876e+6,5.876e+6,
410.58,6.049e+6,6.049e+6,
410.63,6.109e+6,6.109e+6,
410.68,6.062e+6,6.062e+6,
410.73,5.922e+6,5.922e+6,
410.78,5.716e+6,5.716e+6,
410.83,5.478e+6,5.478e+6,
410.88,5.247e+6,5.247e+6,
410.93,5.061e+6,5.061e+6,
410.98,4.951e+6,4.951e+6,
411.03,4.940e+6,4.940e+6,
411.08,5.038e+6,5.038e+6,
411.13,5.238e+6,5.238e+6,
411.18,5.520e+6,5.520e+6,
411.23,5.853e+6,5.853e+6,
411.28,6.196e+6,6.196e+6,
411.33,6.505e+6,6.505e+6,
411.38,6.740e+6,6.740e+6,
411.43,6.869e+6,6.869e+6,
411.48,6.872e+6,6.872e+6,
411.53,6.747e+6,6.747e+6,
411.58,6.506e+6,6.506e+6,
411.63,6.175e+6,6.175e+6,
411.68,5.792e+6,5.792e+6,
411.73,5.398e+6,5.398e+6,
411.78,5.036e+6,5.036e+6,
411.83,4.743e+6,4.743e+6,
411.88,4.545e+6,4.545e+6,
411.93,4.454e+6,4.454e+6,
411.98,4.470e+6,4.470e+6,
412.03,4.577e+6,4.577e+6,
412.08,4.748e+6,4.748e+6,
412.13,4.949e+6,4.949e+6,
412.18,5.141e+6,5.141e+6,
412.23,5.288e+6,5.288e+6,
412.28,5.362e+6,5.362e+6,
412.33,5.342e+6,5.342e+6,
412.38,5.220e+6,5.220e+6,
412.43,5.000e+6,5.000e+6,
412.48,4.699e+6,4.699e+6,
412.53,4.341e+6,4.341e+6,
412.58,3.958e+6,3.958e+6,
412.63,3.586e+6,3.586e+6,
412.68,3.262e+6,3.262e+6,
412.73,3.023e+6,3.023e+6,
412.78,2.903e+6,2.903e+6,
412.83,2.933e+6,2.933e+6,
412.88,3.136e+6,3.136e+6,
412.93,3.532e+6,3.532e+6,
412.98,4.129e+6,4.129e+6,
413.03,4.922e+6,4.922e+6,
413.08,5.895e+6,5.895e+6,
413.13,7.013e+6,7.013e+6,
413.18,8.229e+6,8.229e+6,
413.23,9.480e+6,9.480e+6,
413.28,1.069e+7,1.069e+7,
413.33,1.180e+7,1.180e+7,
413.38,1.273e+7,1.273e+7,
413.43,1.343e+7,1.343e+7,
413.48,1.386e+7,1.386e+7,
413.53,1.404e+7,1.404e+7,
413.58,1.398e+7,1.398e+7,
413.63,1.373e+7,1.373e+7,
413.68,1.334e+7,1.334e+7,
413.73,1.290e+7,1.290e+7,
413.78,1.245e+7,1.245e+7,
413.83,1.204e+7,1.204e+7,
413.88,1.168e+7,1.168e+7,
413.93,1.139e+7,1.139e+7,
413.98,1.114e+7,1.114e+7,
414.03,1.090e+7,1.090e+7,
414.08,1.064e+7,1.064e+7,
414.13,1.034e+7,1.034e+7,
414.18,9.993e+6,9.993e+6,
414.23,9.606e+6,9.606e+6,
414.28,9.211e+6,9.211e+6,
414.33,8.848e+6,8.848e+6,
414.38,8.558e+6,8.558e+6,
414.43,8.380e+6,8.380e+6,
414.48,8.333e+6,8.333e+6,
414.53,8.420e+6,8.420e+6,
414.58,8.618e+6,8.618e+6,
414.63,8.886e+6,8.886e+6,
414.68,9.168e+6,9.168e+6,
414.73,9.399e+6,9.399e+6,
414.78,9.520e+6,9.520e+6,
414.83,9.482e+6,9.482e+6,
414.88,9.255e+6,9.255e+6,
414.93,8.830e+6,8.830e+6,
414.98,8.220e+6,8.220e+6,
415.03,7.458e+6,7.458e+6,
415.08,6.590e+6,6.590e+6,
415.13,5.667e+6,5.667e+6,
415.18,4.742e+6,4.742e+6,
415.23,3.859e+6,3.859e+6,
415.28,3.054e+6,3.054e+6,
415.33,2.350e+6,2.350e+6,
415.38,1.759e+6,1.759e+6,
415.43,1.280e+6,1.280e+6,
415.48,9.063e+5,9.063e+5,
415.53,6.253e+5,6.253e+5,
415.58,4.219e+5,4.219e+5,
415.63,2.810e+5,2.810e+5,
415.68,1.887e+5,1.887e+5,
415.73,1.337e+5,1.337e+5,
415.78,1.072e+5,1.072e+5,
415.83,1.032e+5,1.032e+5,
415.88,1.176e+5,1.176e+5,
415.93,1.483e+5,1.483e+5,
415.98,1.937e+5,1.937e+5,
416.03,2.529e+5,2.529e+5,
416.08,3.244e+5,3.244e+5,
416.13,4.062e+5,4.062e+5,
416.18,4.950e+5,4.950e+5,
416.23,5.865e+5,5.865e+5,
416.28,6.755e+5,6.755e+5,
416.33,7.560e+5,7.560e+5,
416.38,8.223e+5,8.223e+5,
416.43,8.694e+5,8.694e+5,
416.48,8.939e+5,8.939e+5,
416.53,8.945e+5,8.945e+5,
416.58,8.725e+5,8.725e+5,
416.63,8.322e+5,8.322e+5,
416.68,7.806e+5,7.806e+5,
416.73,7.273e+5,7.273e+5,
416.78,6.846e+5,6.846e+5,
416.84,6.676e+5,6.676e+5,
416.89,7.015e+5,7.015e+5,
416.94,7.984e+5,7.984e+5,
416.99,9.774e+5,9.774e+5,
417.04,1.257e+6,1.257e+6,
417.09,1.655e+6,1.655e+6,
417.14,2.184e+6,2.184e+6,
417.19,2.847e+6,2.847e+6,
417.24,3.642e+6,3.642e+6,
417.29,4.550e+6,4.550e+6,
417.34,5.539e+6,5.539e+6,
417.39,6.565e+6,6.565e+6,
417.44,7.573e+6,7.573e+6,
417.49,8.502e+6,8.502e+6,
417.54,9.290e+6,9.290e+6,
417.59,9.887e+6,9.887e+6,
417.64,1.025e+7,1.025e+7,
417.69,1.038e+7,1.038e+7,
417.74,1.025e+7,1.025e+7,
417.79,9.917e+6,9.917e+6,
417.84,9.404e+6,9.404e+6,
417.89,8.767e+6,8.767e+6,
417.94,8.061e+6,8.061e+6,
417.99,7.333e+6,7.333e+6,
418.04,6.626e+6,6.626e+6,
418.09,5.968e+6,5.968e+6,
418.14,5.375e+6,5.375e+6,
418.19,4.858e+6,4.858e+6,
418.24,4.419e+6,4.419e+6,
418.29,4.061e+6,4.061e+6,
418.34,3.786e+6,3.786e+6,
418.39,3.601e+6,3.601e+6,
418.44,3.514e+6,3.514e+6,
418.49,3.537e+6,3.537e+6,
418.54,3.674e+6,3.674e+6,
418.59,3.925e+6,3.925e+6,
418.64,4.282e+6,4.282e+6,
418.69,4.722e+6,4.722e+6,
418.74,5.212e+6,5.212e+6,
418.79,5.712e+6,5.712e+6,
418.84,6.172e+6,6.172e+6,
418.89,6.546e+6,6.546e+6,
418.94,6.790e+6,6.790e+6,
418.99,6.876e+6,6.876e+6,
419.04,6.786e+6,6.786e+6,
419.09,6.523e+6,6.523e+6,
419.14,6.103e+6,6.103e+6,
419.19,5.561e+6,5.561e+6,
419.24,4.936e+6,4.936e+6,
419.29,4.276e+6,4.276e+6,
419.34,3.628e+6,3.628e+6,
419.39,3.034e+6,3.034e+6,
419.44,2.531e+6,2.531e+6,
419.49,2.146e+6,2.146e+6,
419.54,1.897e+6,1.897e+6,
419.59,1.796e+6,1.796e+6,
419.64,1.844e+6,1.844e+6,
419.69,2.039e+6,2.039e+6,
419.74,2.366e+6,2.366e+6,
419.79,2.808e+6,2.808e+6,
419.84,3.336e+6,3.336e+6,
419.89,3.917e+6,3.917e+6,
419.94,4.509e+6,4.509e+6,
419.99,5.068e+6,5.068e+6,
420.04,5.551e+6,5.551e+6,
420.09,5.917e+6,5.917e+6,
420.14,6.135e+6,6.135e+6,
420.19,6.186e+6,6.186e+6,
420.24,6.063e+6,6.063e+6,
420.29,5.778e+6,5.778e+6,
420.34,5.352e+6,5.352e+6,
420.39,4.820e+6,4.820e+6,
420.44,4.219e+6,4.219e+6,
420.49,3.590e+6,3.590e+6,
420.54,2.969e+6,2.969e+6,
420.59,2.388e+6,2.388e+6,
420.64,1.866e+6,1.866e+6,
420.69,1.418e+6,1.418e+6,
420.74,1.047e+6,1.047e+6,
420.79,7.521e+5,7.521e+5,
420.84,5.253e+5,5.253e+5,
420.89,3.570e+5,3.570e+5,
420.94,2.368e+5,2.368e+5,
420.99,1.542e+5,1.542e+5,
421.04,1.005e+5,1.005e+5,
421.09,6.852e+4,6.852e+4,
421.14,5.336e+4,5.336e+4,
421.19,5.205e+4,5.205e+4,
421.24,6.353e+4,6.353e+4,
421.29,8.838e+4,8.838e+4,
421.34,1.286e+5,1.286e+5,
421.39,1.870e+5,1.870e+5,
421.44,2.671e+5,2.671e+5,
421.49,3.723e+5,3.723e+5,
421.54,5.052e+5,5.052e+5,
421.59,6.669e+5,6.669e+5,
421.64,8.561e+5,8.561e+5,
421.69,1.069e+6,1.069e+6,
421.74,1.297e+6,1.297e+6,
421.79,1.531e+6,1.531e+6,
421.84,1.756e+6,1.756e+6,
421.89,1.959e+6,1.959e+6,
421.94,2.126e+6,2.126e+6,
421.99,2.242e+6,2.242e+6,
422.04,2.300e+6,2.300e+6,
422.09,2.294e+6,2.294e+6,
422.14,2.225e+6,2.225e+6,
422.19,2.099e+6,2.099e+6,
422.24,1.928e+6,1.928e+6,
422.29,1.726e+6,1.726e+6,
422.34,1.511e+6,1.511e+6,
422.39,1.303e+6,1.303e+6,
422.44,1.122e+6,1.122e+6,
422.49,9.927e+5,9.927e+5,
422.54,9.430e+5,9.430e+5,
422.59,1.008e+6,1.008e+6,
422.64,1.235e+6,1.235e+6,
422.69,1.685e+6,1.685e+6,
422.74,2.435e+6,2.435e+6,
422.79,3.583e+6,3.583e+6,
422.84,5.243e+6,5.243e+6,
422.89,7.537e+6,7.537e+6,
422.94,1.059e+7,1.059e+7,
422.99,1.450e+7,1.450e+7,
423.04,1.932e+7,1.932e+7,
423.09,2.506e+7,2.506e+7,
423.14,3.162e+7,3.162e+7,
423.19,3.883e+7,3.883e+7,
423.24,4.639e+7,4.639e+7,
423.29,5.394e+7,5.394e+7,
423.34,6.105e+7,6.105e+7,
423.39,6.726e+7,6.726e+7,
423.44,7.216e+7,7.216e+7,
423.49,7.542e+7,7.542e+7,
423.54,7.682e+7,7.682e+7,
423.59,7.629e+7,7.629e+7,
423.64,7.393e+7,7.393e+7,
423.69,6.996e+7,6.996e+7,
423.74,6.470e+7,6.470e+7,
423.79,5.855e+7,5.855e+7,
423.84,5.190e+7,5.190e+7,
423.89,4.513e+7,4.513e+7,
423.94,3.855e+7,3.855e+7,
423.99,3.239e+7,3.239e+7,
424.04,2.681e+7,2.681e+7,
424.09,2.188e+7,2.188e+7,
424.14,1.762e+7,1.762e+7,
424.19,1.401e+7,1.401e+7,
424.24,1.100e+7,1.100e+7,
424.29,8.515e+6,8.515e+6,
424.34,6.502e+6,6.502e+6,
424.39,4.888e+6,4.888e+6,
424.44,3.615e+6,3.615e+6,
424.49,2.625e+6,2.625e+6,
424.54,1.871e+6,1.871e+6,
424.59,1.307e+6,1.307e+6,
424.64,8.970e+5,8.970e+5,
424.69,6.075e+5,6.075e+5,
424.74,4.124e+5,4.124e+5,
424.79,2.915e+5,2.915e+5,
424.84,2.305e+5,2.305e+5,
424.89,2.215e+5,2.215e+5,
424.94,2.624e+5,2.624e+5,
424.99,3.563e+5,3.563e+5,
425.04,5.114e+5,5.114e+5,
425.09,7.396e+5,7.396e+5,
425.14,1.055e+6,1.055e+6,
425.19,1.471e+6,1.471e+6,
425.24,2.002e+6,2.002e+6,
425.29,2.652e+6,2.652e+6,
425.34,3.422e+6,3.422e+6,
425.39,4.300e+6,4.300e+6,
425.44,5.264e+6,5.264e+6,
425.49,6.280e+6,6.280e+6,
425.54,7.306e+6,7.306e+6,
425.59,8.293e+6,8.293e+6,
425.64,9.198e+6,9.198e+6,
425.69,9.983e+6,9.983e+6,
425.74,1.063e+7,1.063e+7,
425.79,1.112e+7,1.112e+7,
425.84,1.150e+7,1.150e+7,
425.89,1.181e+7,1.181e+7,
425.94,1.210e+7,1.210e+7,
425.99,1.246e+7,1.246e+7,
426.04,1.298e+7,1.298e+7,
426.09,1.371e+7,1.371e+7,
426.14,1.470e+7,1.470e+7,
426.19,1.597e+7,1.597e+7,
426.24,1.749e+7,1.749e+7,
426.29,1.919e+7,1.919e+7,
426.34,2.097e+7,2.097e+7,
426.39,2.267e+7,2.267e+7,
426.44,2.416e+7,2.416e+7,
426.49,2.528e+7,2.528e+7,
426.54,2.590e+7,2.590e+7,
426.59,2.594e+7,2.594e+7,
426.64,2.536e+7,2.536e+7,
426.69,2.418e+7,2.418e+7,
426.74,2.246e+7,2.246e+7,4.299e-11
426.79,2.033e+7,2.033e+7,2.174e-10
426.84,1.793e+7,1.793e+7,8.548e-10
426.89,1.539e+7,1.539e+7,3.271e-9
426.94,1.286e+7,1.286e+7,1.218e-8
426.99,1.048e+7,1.048e+7,4.415e-8
427.04,8.326e+6,8.326e+6,1.557e-7
427.09,6.470e+6,6.470e+6,5.348e-7
427.14,4.947e+6,4.947e+6,1.787e-6
427.19,3.765e+6,3.765e+6,5.814e-6
427.24,2.919e+6,2.919e+6,1.841e-5
427.29,2.393e+6,2.393e+6,5.673e-5
427.34,2.171e+6,2.171e+6,1.702e-4
427.39,2.237e+6,2.237e+6,4.968e-4
427.44,2.584e+6,2.584e+6,1.412e-3
427.49,3.209e+6,3.209e+6,3.905e-3
427.54,4.110e+6,4.110e+6,1.051e-2
427.59,5.284e+6,5.284e+6,2.754e-2
427.64,6.720e+6,6.720e+6,7.024e-2
427.69,8.395e+6,8.395e+6,1.744e-1
427.74,1.026e+7,1.026e+7,4.213e-1
427.79,1.226e+7,1.226e+7,9.907e-1
427.84,1.431e+7,1.431e+7,2.268e+0
427.89,1.631e+7,1.631e+7,5.052e+0
427.94,1.815e+7,1.815e+7,1.096e+1
427.99,1.971e+7,1.971e+7,2.312e+1
428.04,2.091e+7,2.091e+7,4.751e+1
428.09,2.167e+7,2.167e+7,9.500e+1
428.14,2.193e+7,2.193e+7,1.849e+2
428.19,2.170e+7,2.170e+7,3.503e+2
428.24,2.099e+7,2.099e+7,6.459e+2
428.29,1.986e+7,1.986e+7,1.159e+3
428.34,1.839e+7,1.839e+7,2.025e+3
428.39,1.668e+7,1.668e+7,3.443e+3
428.44,1.483e+7,1.482e+7,5.698e+3
428.49,1.294e+7,1.293e+7,9.179e+3
428.54,1.109e+7,1.108e+7,1.439e+4
428.59,9.360e+6,9.338e+6,2.196e+4
428.64,7.795e+6,7.763e+6,3.263e+4
428.69,6.427e+6,6.380e+6,4.717e+4
428.74,5.269e+6,5.202e+6,6.639e+4
428.79,4.316e+6,4.225e+6,9.094e+4
428.84,3.554e+6,3.432e+6,1.213e+5
428.89,2.959e+6,2.802e+6,1.574e+5
428.94,2.506e+6,2.307e+6,1.988e+5
428.99,2.164e+6,1.920e+6,2.444e+5
429.04,1.909e+6,1.617e+6,2.925e+5
429.09,1.717e+6,1.376e+6,3.407e+5
429.14,1.568e+6,1.182e+6,3.863e+5
429.19,1.450e+6,1.024e+6,4.263e+5
429.24,1.354e+6,8.965e+5,4.579e+5
429.29,1.276e+6,7.973e+5,4.788e+5
429.34,1.215e+6,7.274e+5,4.873e+5
429.39,1.172e+6,6.895e+5,4.827e+5
429.44,1.152e+6,6.866e+5,4.654e+5
429.49,1.158e+6,7.211e+5,4.368e+5
429.54,1.193e+6,7.937e+5,3.990e+5
429.59,1.257e+6,9.027e+5,3.548e+5
429.64,1.350e+6,1.043e+6,3.070e+5
429.69,1.467e+6,1.208e+6,2.587e+5
429.74,1.599e+6,1.387e+6,2.121e+5
429.79,1.736e+6,1.567e+6,1.693e+5
429.84,1.866e+6,1.735e+6,1.316e+5
429.89,1.976e+6,1.876e+6,9.971e+4
429.94,2.053e+6,1.980e+6,7.370e+4
429.99,2.089e+6,2.036e+6,5.338e+4
430.04,2.077e+6,2.039e+6,3.825e+4
430.09,2.017e+6,1.989e+6,2.772e+4
430.14,1.910e+6,1.889e+6,2.125e+4
430.19,1.764e+6,1.746e+6,1.845e+4
430.24,1.590e+6,1.571e+6,1.913e+4
430.29,1.399e+6,1.376e+6,2.334e+4
430.34,1.204e+6,1.173e+6,3.140e+4
430.39,1.017e+6,9.733e+5,4.377e+4
430.44,8.471e+5,7.861e+5,6.109e+4
430.49,7.019e+5,6.179e+5,8.395e+4
430.54,5.856e+5,4.728e+5,1.128e+5
430.59,5.000e+5,3.521e+5,1.479e+5
430.64,4.441e+5,2.552e+5,1.888e+5
430.69,4.148e+5,1.801e+5,2.348e+5
430.74,4.078e+5,1.237e+5,2.842e+5
430.79,4.175e+5,8.265e+4,3.348e+5
430.84,4.378e+5,5.377e+4,3.841e+5
430.89,4.629e+5,3.405e+4,4.289e+5
430.94,4.872e+5,2.098e+4,4.662e+5
430.99,5.059e+5,1.259e+4,4.933e+5
431.04,5.154e+5,7.349e+3,5.081e+5
431.09,5.136e+5,4.177e+3,5.095e+5
431.14,4.996e+5,2.310e+3,4.973e+5
431.19,4.737e+5,1.244e+3,4.725e+5
431.24,4.377e+5,6.518e+2,4.370e+5
431.29,3.938e+5,3.324e+2,3.935e+5
431.34,3.451e+5,1.650e+2,3.449e+5
431.39,2.943e+5,7.974e+1,2.943e+5
431.44,2.444e+5,3.750e+1,2.444e+5
431.49,1.976e+5,1.717e+1,1.976e+5
431.54,1.555e+5,7.648e+0,1.555e+5
431.59,1.192e+5,3.316e+0,1.191e+5
431.64,8.886e+4,1.400e+0,8.886e+4
431.69,6.451e+4,5.751e-1,6.451e+4
431.74,4.559e+4,2.300e-1,4.559e+4
431.79,3.137e+4,8.950e-2,3.137e+4
431.84,2.101e+4,3.390e-2,2.101e+4
431.89,1.369e+4,1.250e-2,1.369e+4
431.94,8.691e+3,4.486e-3,8.691e+3
431.99,5.369e+3,1.567e-3,5.369e+3
432.04,3.229e+3,5.327e-4,3.229e+3
432.09,1.890e+3,1.763e-4,1.890e+3
432.14,1.077e+3,5.678e-5,1.077e+3
432.19,5.975e+2,1.780e-5,5.975e+2
432.24,3.226e+2,5.431e-6,3.226e+2
432.29,1.696e+2,1.613e-6,1.696e+2
432.34,8.679e+1,4.663e-7,8.679e+1
432.39,4.323e+1,1.312e-7,4.323e+1
432.44,2.096e+1,3.592e-8,2.096e+1
432.49,9.895e+0,9.575e-9,9.895e+0
432.54,4.547e+0,2.484e-9,4.547e+0
432.59,2.034e+0,6.273e-10,2.034e+0
432.64,8.855e-1,,8.855e-1
432.69,3.753e-1,,3.753e-1
432.74,1.549e-1,,1.549e-1
432.79,6.220e-2,,6.220e-2
432.84,2.432e-2,,2.432e-2
432.89,9.257e-3,,9.257e-3
432.94,3.430e-3,,3.430e-3
432.99,1.237e-3,,1.237e-3
433.04,4.343e-4,,4.343e-4
433.09,1.484e-4,,1.484e-4
433.14,4.938e-5,,4.938e-5
433.19,1.599e-5,,1.599e-5
433.24,5.042e-6,,5.042e-6
433.29,1.548e-6,,1.548e-6
433.34,4.623e-7,,4.623e-7
433.39,1.345e-7,,1.345e-7
433.44,3.806e-8,,3.806e-8
433.49,1.049e-8,,1.049e-8
433.54,2.814e-9,,2.814e-9
433.59,7.349e-10,,7.349e-10
433.64,1.868e-10,,1.868e-10
435.54,6.454e-10,6.454e-10,
435.59,2.507e-9,2.507e-9,
435.64,9.485e-9,9.485e-9,
435.69,3.497e-8,3.497e-8,
435.74,1.256e-7,1.256e-7,
435.79,4.396e-7,4.396e-7,
435.84,1.499e-6,1.499e-6,
435.89,4.979e-6,4.979e-6,
435.94,1.611e-5,1.611e-5,
435.99,5.082e-5,5.082e-5,
436.04,1.561e-4,1.561e-4,
436.09,4.673e-4,4.673e-4,
436.14,1.363e-3,1.363e-3,
436.19,3.873e-3,3.873e-3,
436.24,1.072e-2,1.072e-2,
436.29,2.892e-2,2.892e-2,
436.34,7.599e-2,7.599e-2,
436.39,1.946e-1,1.946e-1,
436.44,4.853e-1,4.853e-1,
436.49,1.180e+0,1.180e+0,
436.54,2.793e+0,2.793e+0,
436.59,6.444e+0,6.444e+0,
436.64,1.448e+1,1.448e+1,
436.69,3.172e+1,3.172e+1,
436.74,6.768e+1,6.768e+1,
436.79,1.407e+2,1.407e+2,
436.84,2.849e+2,2.849e+2,
436.89,5.623e+2,5.623e+2,
436.94,1.081e+3,1.081e+3,
436.99,2.025e+3,2.025e+3,
437.04,3.696e+3,3.696e+3,
437.09,6.571e+3,6.571e+3,
437.14,1.138e+4,1.138e+4,
437.19,1.921e+4,1.921e+4,
437.24,3.160e+4,3.160e+4,
437.29,5.062e+4,5.062e+4,
437.34,7.902e+4,7.902e+4,
437.39,1.202e+5,1.202e+5,
437.44,1.781e+5,1.781e+5,
437.49,2.571e+5,2.571e+5,
437.54,3.616e+5,3.616e+5,
437.59,4.956e+5,4.956e+5,
437.64,6.617e+5,6.617e+5,
437.69,8.608e+5,8.608e+5,
437.74,1.091e+6,1.091e+6,
437.79,1.347e+6,1.347e+6,
437.84,1.621e+6,1.621e+6,
437.89,1.900e+6,1.900e+6,
437.94,2.170e+6,2.170e+6,
437.99,2.414e+6,2.414e+6,
438.04,2.617e+6,2.617e+6,
438.09,2.764e+6,2.764e+6,
438.14,2.845e+6,2.845e+6,
438.19,2.852e+6,2.852e+6,
438.24,2.786e+6,2.786e+6,
438.29,2.651e+6,2.651e+6,
438.34,2.459e+6,2.459e+6,
438.39,2.221e+6,2.221e+6,
438.44,1.955e+6,1.955e+6,
438.49,1.677e+6,1.677e+6,
438.54,1.401e+6,1.401e+6,
438.59,1.140e+6,1.140e+6,
438.64,9.044e+5,9.044e+5,
438.69,6.989e+5,6.989e+5,
438.74,5.262e+5,5.262e+5,
438.79,3.859e+5,3.859e+5,
438.84,2.758e+5,2.758e+5,
438.89,1.921e+5,1.921e+5,
438.94,1.303e+5,1.303e+5,
438.99,8.611e+4,8.611e+4,
439.04,5.545e+4,5.545e+4,
439.09,3.479e+4,3.479e+4,
439.14,2.127e+4,2.127e+4,
439.19,1.267e+4,1.267e+4,
439.24,7.353e+3,7.353e+3,
439.29,4.162e+3,4.162e+3,
439.34,2.304e+3,2.304e+3,
439.39,1.260e+3,1.260e+3,
439.44,7.075e+2,7.075e+2,
439.49,4.581e+2,4.581e+2,
439.54,4.183e+2,4.183e+2,
439.59,5.664e+2,5.664e+2,
439.64,9.440e+2,9.440e+2,
439.69,1.662e+3,1.662e+3,
439.74,2.920e+3,2.920e+3,
439.79,5.036e+3,5.036e+3,
439.84,8.493e+3,8.493e+3,
439.89,1.400e+4,1.400e+4,
439.94,2.255e+4,2.255e+4,
439.99,3.554e+4,3.554e+4,
440.04,5.479e+4,5.479e+4,
440.09,8.275e+4,8.275e+4,
440.14,1.225e+5,1.225e+5,
440.19,1.780e+5,1.780e+5,
440.24,2.540e+5,2.540e+5,
440.29,3.567e+5,3.567e+5,
440.34,4.933e+5,4.933e+5,
440.39,6.729e+5,6.729e+5,
440.44,9.065e+5,9.065e+5,
440.49,1.208e+6,1.208e+6,
440.54,1.593e+6,1.593e+6,
440.59,2.080e+6,2.080e+6,
440.64,2.692e+6,2.692e+6,
440.69,3.454e+6,3.454e+6,
440.74,4.389e+6,4.389e+6,
440.79,5.524e+6,5.524e+6,
440.84,6.878e+6,6.878e+6,
440.89,8.465e+6,8.465e+6,
440.94,1.029e+7,1.029e+7,
440.99,1.233e+7,1.233e+7,
441.04,1.456e+7,1.456e+7,
441.09,1.693e+7,1.693e+7,
441.14,1.935e+7,1.935e+7,
441.19,2.173e+7,2.173e+7,
441.24,2.396e+7,2.396e+7,
441.29,2.592e+7,2.592e+7,
441.34,2.749e+7,2.749e+7,
441.39,2.859e+7,2.859e+7,
441.44,2.914e+7,2.914e+7,
441.49,2.911e+7,2.911e+7,
441.54,2.850e+7,2.850e+7,
441.59,2.736e+7,2.736e+7,
441.64,2.576e+7,2.576e+7,
441.69,2.381e+7,2.381e+7,
441.74,2.161e+7,2.161e+7,
441.79,1.930e+7,1.930e+7,
441.84,1.696e+7,1.696e+7,
441.89,1.470e+7,1.470e+7,
441.94,1.258e+7,1.258e+7,
441.99,1.065e+7,1.065e+7,
442.04,8.917e+6,8.917e+6,
442.09,7.396e+6,7.396e+6,
442.14,6.079e+6,6.079e+6,
442.19,4.951e+6,4.951e+6,
442.24,3.992e+6,3.992e+6,
442.29,3.185e+6,3.185e+6,
442.34,2.512e+6,2.512e+6,
442.39,1.956e+6,1.956e+6,
442.44,1.506e+6,1.506e+6,
442.49,1.149e+6,1.149e+6,
442.54,8.781e+5,8.781e+5,
442.59,6.862e+5,6.862e+5,
442.64,5.712e+5,5.712e+5,
442.69,5.347e+5,5.347e+5,
442.74,5.836e+5,5.836e+5,
442.79,7.308e+5,7.308e+5,
442.84,9.954e+5,9.954e+5,
442.89,1.403e+6,1.403e+6,
442.94,1.982e+6,1.982e+6,
442.99,2.766e+6,2.766e+6,
443.04,3.784e+6,3.784e+6,
443.09,5.059e+6,5.059e+6,
443.14,6.601e+6,6.601e+6,
443.19,8.400e+6,8.400e+6,
443.24,1.042e+7,1.042e+7,
443.29,1.261e+7,1.261e+7,
443.34,1.487e+7,1.487e+7,
443.39,1.710e+7,1.710e+7,
443.44,1.918e+7,1.918e+7,
443.49,2.096e+7,2.096e+7,
443.54,2.233e+7,2.233e+7,
443.59,2.320e+7,2.320e+7,
443.64,2.350e+7,2.350e+7,
443.69,2.320e+7,2.320e+7,
443.74,2.234e+7,2.234e+7,
443.79,2.097e+7,2.097e+7,
443.84,1.919e+7,1.919e+7,
443.89,1.713e+7,1.713e+7,
443.94,1.492e+7,1.492e+7,
443.99,1.270e+7,1.270e+7,
444.04,1.059e+7,1.059e+7,
444.09,8.684e+6,8.684e+6,
444.14,7.084e+6,7.084e+6,
444.19,5.859e+6,5.859e+6,
444.24,5.076e+6,5.076e+6,
444.29,4.801e+6,4.801e+6,
444.34,5.109e+6,5.109e+6,
444.39,6.089e+6,6.089e+6,
444.44,7.847e+6,7.847e+6,
444.49,1.050e+7,1.050e+7,
444.54,1.418e+7,1.418e+7,
444.59,1.899e+7,1.899e+7,
444.64,2.501e+7,2.501e+7,
444.69,3.228e+7,3.228e+7,
444.74,4.074e+7,4.074e+7,
444.79,5.025e+7,5.025e+7,
444.84,6.058e+7,6.058e+7,
444.89,7.140e+7,7.140e+7,
444.94,8.231e+7,8.231e+7,
444.99,9.288e+7,9.288e+7,
445.04,1.027e+8,1.027e+8,
445.09,1.114e+8,1.114e+8,
445.14,1.187e+8,1.187e+8,
445.19,1.246e+8,1.246e+8,
445.24,1.290e+8,1.290e+8,
445.29,1.322e+8,1.322e+8,
445.34,1.344e+8,1.344e+8,
445.39,1.360e+8,1.360e+8,
445.44,1.374e+8,1.374e+8,
445.49,1.388e+8,1.388e+8,
445.54,1.405e+8,1.405e+8,
445.59,1.428e+8,1.428e+8,
445.64,1.456e+8,1.456e+8,
445.69,1.488e+8,1.488e+8,
445.74,1.524e+8,1.524e+8,
445.79,1.561e+8,1.561e+8,
445.84,1.597e+8,1.597e+8,
445.89,1.628e+8,1.628e+8,
445.94,1.653e+8,1.653e+8,
445.99,1.669e+8,1.669e+8,
446.04,1.673e+8,1.673e+8,
446.09,1.664e+8,1.664e+8,
446.14,1.639e+8,1.639e+8,
446.19,1.599e+8,1.599e+8,
446.24,1.543e+8,1.543e+8,
446.29,1.472e+8,1.472e+8,
446.34,1.388e+8,1.388e+8,
446.39,1.292e+8,1.292e+8,
446.44,1.189e+8,1.189e+8,
446.49,1.081e+8,1.081e+8,
446.54,9.731e+7,9.731e+7,
446.59,8.683e+7,8.683e+7,
446.64,7.699e+7,7.699e+7,
446.69,6.804e+7,6.804e+7,
446.74,6.015e+7,6.015e+7,
446.79,5.339e+7,5.339e+7,
446.84,4.776e+7,4.776e+7,
446.89,4.316e+7,4.316e+7,
446.94,3.945e+7,3.945e+7,
446.99,3.646e+7,3.646e+7,
447.04,3.399e+7,3.399e+7,
447.09,3.186e+7,3.186e+7,
447.14,2.992e+7,2.992e+7,
447.19,2.803e+7,2.803e+7,
447.24,2.613e+7,2.613e+7,
447.29,2.418e+7,2.418e+7,
447.34,2.217e+7,2.217e+7,
447.39,2.015e+7,2.015e+7,
447.44,1.815e+7,1.815e+7,
447.49,1.623e+7,1.623e+7,
447.54,1.446e+7,1.446e+7,
447.59,1.286e+7,1.286e+7,
447.64,1.146e+7,1.146e+7,
447.7,1.006e+7,1.006e+7,
447.75,9.109e+6,9.109e+6,
447.8,8.324e+6,8.324e+6,
447.85,7.667e+6,7.667e+6,
447.9,7.100e+6,7.100e+6,
447.95,6.588e+6,6.588e+6,
448,6.105e+6,6.105e+6,
448.05,5.635e+6,5.635e+6,
448.1,5.178e+6,5.178e+6,
448.15,4.744e+6,4.744e+6,
448.2,4.355e+6,4.355e+6,
448.25,4.041e+6,4.041e+6,
448.3,3.835e+6,3.835e+6,
448.35,3.771e+6,3.771e+6,
448.4,3.879e+6,3.879e+6,
448.45,4.180e+6,4.180e+6,
448.5,4.684e+6,4.684e+6,
448.55,5.389e+6,5.389e+6,
448.6,6.275e+6,6.275e+6,
448.65,7.307e+6,7.307e+6,
448.7,8.433e+6,8.433e+6,
448.75,9.592e+6,9.592e+6,
448.8,1.072e+7,1.072e+7,
448.85,1.173e+7,1.173e+7,
448.9,1.258e+7,1.258e+7,
448.95,1.322e+7,1.322e+7,
449,1.361e+7,1.361e+7,
449.05,1.378e+7,1.378e+7,
449.1,1.374e+7,1.374e+7,
449.15,1.355e+7,1.355e+7,
449.2,1.331e+7,1.331e+7,
449.25,1.311e+7,1.311e+7,
449.3,1.304e+7,1.304e+7,
449.35,1.322e+7,1.322e+7,
449.4,1.372e+7,1.372e+7,
449.45,1.461e+7,1.461e+7,
449.5,1.590e+7,1.590e+7,
449.55,1.759e+7,1.759e+7,
449.6,1.964e+7,1.964e+7,
449.65,2.198e+7,2.198e+7,
449.7,2.450e+7,2.450e+7,
449.75,2.710e+7,2.710e+7,
449.8,2.962e+7,2.962e+7,
449.85,3.196e+7,3.196e+7,
449.9,3.399e+7,3.399e+7,
449.95,3.559e+7,3.559e+7,
450,3.669e+7,3.669e+7,
450.05,3.722e+7,3.722e+7,
450.1,3.714e+7,3.714e+7,
450.15,3.645e+7,3.645e+7,
450.2,3.518e+7,3.518e+7,
450.25,3.338e+7,3.338e+7,
450.3,3.113e+7,3.113e+7,
450.35,2.851e+7,2.851e+7,
450.4,2.564e+7,2.564e+7,
450.45,2.263e+7,2.263e+7,
450.5,1.960e+7,1.960e+7,
450.55,1.665e+7,1.665e+7,
450.6,1.386e+7,1.386e+7,
450.65,1.131e+7,1.131e+7,
450.7,9.036e+6,9.036e+6,
450.75,7.072e+6,7.072e+6,
450.8,5.418e+6,5.418e+6,
450.85,4.063e+6,4.063e+6,
450.9,2.981e+6,2.981e+6,
450.95,2.140e+6,2.140e+6,
451,1.503e+6,1.503e+6,
451.05,1.032e+6,1.032e+6,
451.1,6.936e+5,6.936e+5,
451.15,4.557e+5,4.557e+5,
451.2,2.927e+5,2.927e+5,
451.25,1.839e+5,1.839e+5,
451.3,1.129e+5,1.129e+5,
451.35,6.781e+4,6.781e+4,
451.4,3.981e+4,3.981e+4,
451.45,2.285e+4,2.285e+4,
451.5,1.282e+4,1.282e+4,
451.55,7.029e+3,7.029e+3,
451.6,3.768e+3,3.768e+3,
451.65,1.975e+3,1.975e+3,
451.7,1.011e+3,1.011e+3,
451.75,5.063e+2,5.063e+2,
451.8,2.477e+2,2.477e+2,
451.85,1.185e+2,1.185e+2,
451.9,5.536e+1,5.536e+1,
451.95,2.528e+1,2.528e+1,
452,1.128e+1,1.128e+1,
452.05,4.919e+0,4.919e+0,
452.1,2.096e+0,2.096e+0,
452.15,8.723e-1,8.723e-1,
452.2,3.547e-1,3.547e-1,
452.25,1.409e-1,1.409e-1,
452.3,5.467e-2,5.467e-2,
452.35,2.072e-2,2.072e-2,
452.4,7.670e-3,7.670e-3,
452.45,2.773e-3,2.773e-3,
452.5,9.791e-4,9.791e-4,
452.55,3.376e-4,3.376e-4,
452.6,1.137e-4,1.137e-4,
452.65,3.737e-5,3.737e-5,
452.7,1.199e-5,1.199e-5,
452.75,3.759e-6,3.759e-6,
452.8,1.150e-6,1.150e-6,
452.85,3.436e-7,3.436e-7,
452.9,1.002e-7,1.002e-7,
452.95,2.852e-8,2.852e-8,
453,7.367e-9,7.367e-9,
453.05,2.010e-9,2.010e-9,
453.1,5.349e-10,5.349e-10,
457.75,1.128e-9,1.128e-9,
457.8,4.154e-9,4.154e-9,
457.85,1.494e-8,1.494e-8,
457.9,5.250e-8,5.250e-8,
457.95,1.801e-7,1.801e-7,
458,6.037e-7,6.037e-7,
458.05,1.976e-6,1.976e-6,
458.1,6.317e-6,6.317e-6,
458.15,1.973e-5,1.973e-5,
458.2,6.016e-5,6.016e-5,
458.25,1.792e-4,1.792e-4,
458.3,5.214e-4,5.214e-4,
458.35,1.481e-3,1.481e-3,
458.4,4.112e-3,4.112e-3,
458.45,1.115e-2,1.115e-2,
458.5,2.951e-2,2.951e-2,
458.55,7.630e-2,7.630e-2,
458.6,1.927e-1,1.927e-1,
458.65,4.753e-1,4.753e-1,
458.7,1.145e+0,1.145e+0,
458.75,2.695e+0,2.695e+0,
458.8,6.194e+0,6.194e+0,
458.85,1.390e+1,1.390e+1,
458.9,3.048e+1,3.048e+1,
458.95,6.528e+1,6.528e+1,
459,1.365e+2,1.365e+2,
459.05,2.789e+2,2.789e+2,
459.1,5.564e+2,5.564e+2,
459.15,1.084e+3,1.084e+3,
459.2,2.064e+3,2.064e+3,
459.25,3.836e+3,3.836e+3,
459.3,6.965e+3,6.965e+3,
459.35,1.235e+4,1.235e+4,
459.4,2.139e+4,2.139e+4,
459.45,3.619e+4,3.619e+4,
459.5,5.980e+4,5.980e+4,
459.55,9.650e+4,9.650e+4,
459.6,1.521e+5,1.521e+5,
459.65,2.341e+5,2.341e+5,
459.7,3.520e+5,3.520e+5,
459.75,5.170e+5,5.170e+5,
459.8,7.415e+5,7.415e+5,
459.85,1.039e+6,1.039e+6,
459.9,1.421e+6,1.421e+6,
459.95,1.899e+6,1.899e+6,
460,2.479e+6,2.479e+6,
460.05,3.161e+6,3.161e+6,
460.1,3.935e+6,3.935e+6,
460.15,4.786e+6,4.786e+6,
460.2,5.685e+6,5.685e+6,
460.25,6.595e+6,6.595e+6,
460.3,7.473e+6,7.473e+6,
460.35,8.270e+6,8.270e+6,
460.4,8.939e+6,8.939e+6,
460.45,9.437e+6,9.437e+6,
460.5,9.731e+6,9.731e+6,
460.55,9.800e+6,9.800e+6,
460.6,9.639e+6,9.639e+6,
460.65,9.261e+6,9.261e+6,
460.7,8.689e+6,8.689e+6,
460.75,7.964e+6,7.964e+6,
460.8,7.128e+6,7.128e+6,
460.85,6.232e+6,6.232e+6,
460.9,5.322e+6,5.322e+6,
460.95,4.438e+6,4.438e+6,
461,3.615e+6,3.615e+6,
461.05,2.876e+6,2.876e+6,
461.1,2.235e+6,2.235e+6,
461.15,1.697e+6,1.697e+6,
461.2,1.258e+6,1.258e+6,
461.25,9.115e+5,9.115e+5,
461.3,6.460e+5,6.460e+5,
461.35,4.489e+5,4.489e+5,
461.4,3.078e+5,3.078e+5,
461.45,2.115e+5,2.115e+5,
461.5,1.513e+5,1.513e+5,
461.55,1.207e+5,1.207e+5,
461.6,1.165e+5,1.165e+5,
461.65,1.382e+5,1.382e+5,
461.7,1.889e+5,1.889e+5,
461.75,2.743e+5,2.743e+5,
461.8,4.034e+5,4.034e+5,
461.85,5.881e+5,5.881e+5,
461.9,8.419e+5,8.419e+5,
461.95,1.180e+6,1.180e+6,
462,1.617e+6,1.617e+6,
462.05,2.164e+6,2.164e+6,
462.1,2.831e+6,2.831e+6,
462.15,3.618e+6,3.618e+6,
462.2,4.517e+6,4.517e+6,
462.25,5.509e+6,5.509e+6,
462.3,6.564e+6,6.564e+6,
462.35,7.640e+6,7.640e+6,
462.4,8.688e+6,8.688e+6,
462.45,9.651e+6,9.651e+6,
462.5,1.047e+7,1.047e+7,
462.55,1.110e+7,1.110e+7,
462.6,1.150e+7,1.150e+7,
462.65,1.163e+7,1.163e+7,
462.7,1.150e+7,1.150e+7,
462.75,1.110e+7,1.110e+7,
462.8,1.047e+7,1.047e+7,
462.85,9.651e+6,9.651e+6,
462.9,8.688e+6,8.688e+6,
462.95,7.640e+6,7.640e+6,
463,6.564e+6,6.564e+6,
463.05,5.509e+6,5.509e+6,
463.1,4.517e+6,4.517e+6,
463.15,3.618e+6,3.618e+6,
463.2,2.831e+6,2.831e+6,
463.25,2.164e+6,2.164e+6,
463.3,1.616e+6,1.616e+6,
463.35,1.179e+6,1.179e+6,
463.4,8.403e+5,8.403e+5,
463.45,5.851e+5,5.851e+5,
463.5,3.979e+5,3.979e+5,
463.55,2.644e+5,2.644e+5,
463.6,1.716e+5,1.716e+5,
463.65,1.088e+5,1.088e+5,
463.7,6.742e+4,6.742e+4,
463.75,4.080e+4,4.080e+4,
463.8,2.412e+4,2.412e+4,
463.85,1.393e+4,1.393e+4,
463.9,7.861e+3,7.861e+3,
463.95,4.333e+3,4.333e+3,
464,2.333e+3,2.333e+3,
464.05,1.227e+3,1.227e+3,
464.1,6.307e+2,6.307e+2,
464.15,3.166e+2,3.166e+2,
464.2,1.553e+2,1.553e+2,
464.25,7.440e+1,7.440e+1,
464.3,3.482e+1,3.482e+1,
464.35,1.592e+1,1.592e+1,
464.4,7.113e+0,7.113e+0,
464.45,3.104e+0,3.104e+0,
464.5,1.323e+0,1.323e+0,
464.55,5.510e-1,5.510e-1,
464.6,2.242e-1,2.242e-1,
464.65,8.910e-2,8.910e-2,
464.7,3.460e-2,3.460e-2,
464.75,1.312e-2,1.312e-2,
464.8,4.862e-3,4.862e-3,
464.85,1.760e-3,1.760e-3,
464.9,6.225e-4,6.225e-4,
464.95,2.150e-4,2.150e-4,
465,7.258e-5,7.258e-5,
465.05,2.393e-5,2.393e-5,
465.1,7.707e-6,7.707e-6,
465.15,2.425e-6,2.425e-6,
465.2,7.454e-7,7.454e-7,
465.25,2.238e-7,2.238e-7,
465.3,6.567e-8,6.567e-8,
465.35,1.882e-8,1.882e-8,
465.4,5.269e-9,5.269e-9,
465.45,1.441e-9,1.441e-9,
468.15,5.358e-9,5.358e-9,
468.2,1.889e-8,1.889e-8,
468.25,6.511e-8,6.511e-8,
468.3,2.194e-7,2.194e-7,
468.35,7.231e-7,7.231e-7,
468.4,2.330e-6,2.330e-6,
468.45,7.338e-6,7.338e-6,
468.5,2.260e-5,2.260e-5,
468.55,6.804e-5,6.804e-5,
468.6,2.003e-4,2.003e-4,
468.65,5.766e-4,5.766e-4,
468.7,1.623e-3,1.623e-3,
468.75,4.464e-3,4.464e-3,
468.8,1.201e-2,1.201e-2,
468.85,3.158e-2,3.158e-2,
468.9,8.122e-2,8.122e-2,
468.95,2.042e-1,2.042e-1,
469,5.020e-1,5.020e-1,
469.05,1.206e+0,1.206e+0,
469.1,2.835e+0,2.835e+0,
469.15,6.512e+0,6.512e+0,
469.2,1.463e+1,1.463e+1,
469.25,3.213e+1,3.213e+1,
469.3,6.898e+1,6.898e+1,
469.35,1.448e+2,1.448e+2,
469.4,2.972e+2,2.972e+2,
469.45,5.965e+2,5.965e+2,
469.5,1.170e+3,1.170e+3,
469.55,2.245e+3,2.245e+3,
469.6,4.211e+3,4.211e+3,
469.65,7.721e+3,7.721e+3,
469.7,1.384e+4,1.384e+4,
469.75,2.427e+4,2.427e+4,
469.8,4.159e+4,4.159e+4,
469.85,6.969e+4,6.969e+4,
469.9,1.142e+5,1.142e+5,
469.95,1.829e+5,1.829e+5,
470,2.864e+5,2.864e+5,
470.05,4.385e+5,4.385e+5,
470.1,6.565e+5,6.565e+5,
470.15,9.609e+5,9.609e+5,
470.2,1.375e+6,1.375e+6,
470.25,1.924e+6,1.924e+6,
470.3,2.632e+6,2.632e+6,
470.35,3.520e+6,3.520e+6,
470.4,4.603e+6,4.603e+6,
470.45,5.885e+6,5.885e+6,
470.5,7.356e+6,7.356e+6,
470.55,8.991e+6,8.991e+6,
470.6,1.074e+7,1.074e+7,
470.65,1.255e+7,1.255e+7,
470.7,1.434e+7,1.434e+7,
470.75,1.601e+7,1.601e+7,
470.8,1.748e+7,1.748e+7,
470.85,1.866e+7,1.866e+7,
470.9,1.948e+7,1.948e+7,
470.95,1.988e+7,1.988e+7,
471,1.983e+7,1.983e+7,
471.05,1.935e+7,1.935e+7,
471.1,1.845e+7,1.845e+7,
471.15,1.721e+7,1.721e+7,
471.2,1.569e+7,1.569e+7,
471.25,1.399e+7,1.399e+7,
471.3,1.219e+7,1.219e+7,
471.35,1.039e+7,1.039e+7,
471.4,8.657e+6,8.657e+6,
471.45,7.055e+6,7.055e+6,
471.5,5.626e+6,5.626e+6,
471.55,4.393e+6,4.393e+6,
471.6,3.366e+6,3.366e+6,
471.65,2.540e+6,2.540e+6,
471.7,1.905e+6,1.905e+6,
471.75,1.446e+6,1.446e+6,
471.8,1.145e+6,1.145e+6,
471.85,9.891e+5,9.891e+5,
471.9,9.691e+5,9.691e+5,
471.95,1.081e+6,1.081e+6,
472,1.324e+6,1.324e+6,
472.05,1.705e+6,1.705e+6,
472.1,2.228e+6,2.228e+6,
472.15,2.902e+6,2.902e+6,
472.2,3.726e+6,3.726e+6,
472.25,4.698e+6,4.698e+6,
472.3,5.802e+6,5.802e+6,
472.35,7.013e+6,7.013e+6,
472.4,8.292e+6,8.292e+6,
472.45,9.589e+6,9.589e+6,
472.5,1.084e+7,1.084e+7,
472.55,1.199e+7,1.199e+7,
472.6,1.297e+7,1.297e+7,
472.65,1.372e+7,1.372e+7,
472.7,1.420e+7,1.420e+7,
472.75,1.437e+7,1.437e+7,
472.8,1.424e+7,1.424e+7,
472.85,1.380e+7,1.380e+7,
472.9,1.311e+7,1.311e+7,
472.95,1.221e+7,1.221e+7,
473,1.117e+7,1.117e+7,
473.05,1.008e+7,1.008e+7,
473.1,9.002e+6,9.002e+6,
473.15,8.020e+6,8.020e+6,
473.2,7.198e+6,7.198e+6,
473.25,6.588e+6,6.588e+6,
473.3,6.229e+6,6.229e+6,
473.35,6.140e+6,6.140e+6,
473.4,6.322e+6,6.322e+6,
473.45,6.760e+6,6.760e+6,
473.5,7.419e+6,7.419e+6,
473.55,8.251e+6,8.251e+6,
473.6,9.194e+6,9.194e+6,
473.65,1.018e+7,1.018e+7,
473.7,1.113e+7,1.113e+7,
473.75,1.197e+7,1.197e+7,
473.8,1.265e+7,1.265e+7,
473.85,1.309e+7,1.309e+7,
473.9,1.327e+7,1.327e+7,
473.95,1.317e+7,1.317e+7,
474,1.279e+7,1.279e+7,
474.05,1.216e+7,1.216e+7,
474.1,1.131e+7,1.131e+7,
474.15,1.031e+7,1.031e+7,
474.2,9.213e+6,9.213e+6,
474.25,8.097e+6,8.097e+6,
474.3,7.030e+6,7.030e+6,
474.35,6.082e+6,6.082e+6,
474.4,5.320e+6,5.320e+6,
474.45,4.807e+6,4.807e+6,
474.5,4.607e+6,4.607e+6,
474.55,4.784e+6,4.784e+6,
474.6,5.404e+6,5.404e+6,
474.65,6.532e+6,6.532e+6,
474.7,8.234e+6,8.234e+6,
474.75,1.057e+7,1.057e+7,
474.8,1.357e+7,1.357e+7,
474.85,1.728e+7,1.728e+7,
474.9,2.166e+7,2.166e+7,
474.95,2.666e+7,2.666e+7,
475,3.217e+7,3.217e+7,
475.05,3.805e+7,3.805e+7,
475.1,4.409e+7,4.409e+7,
475.15,5.008e+7,5.008e+7,
475.2,5.577e+7,5.577e+7,
475.25,6.097e+7,6.097e+7,
475.3,6.551e+7,6.551e+7,
475.35,6.931e+7,6.931e+7,
475.4,7.240e+7,7.240e+7,
475.45,7.490e+7,7.490e+7,
475.5,7.704e+7,7.704e+7,
475.55,7.915e+7,7.915e+7,
475.6,8.162e+7,8.162e+7,
475.65,8.484e+7,8.484e+7,
475.7,8.917e+7,8.917e+7,
475.75,9.489e+7,9.489e+7,
475.8,1.022e+8,1.022e+8,
475.85,1.110e+8,1.110e+8,
475.9,1.213e+8,1.213e+8,
475.95,1.326e+8,1.326e+8,
476,1.444e+8,1.444e+8,
476.05,1.564e+8,1.564e+8,
476.1,1.677e+8,1.677e+8,
476.15,1.778e+8,1.778e+8,
476.2,1.862e+8,1.862e+8,
476.25,1.924e+8,1.924e+8,
476.3,1.959e+8,1.959e+8,
476.35,1.967e+8,1.967e+8,
476.4,1.947e+8,1.947e+8,
476.45,1.900e+8,1.900e+8,
476.5,1.828e+8,1.828e+8,
476.55,1.734e+8,1.734e+8,
476.6,1.621e+8,1.621e+8,
476.65,1.494e+8,1.494e+8,
476.7,1.357e+8,1.357e+8,
476.75,1.215e+8,1.215e+8,
476.8,1.071e+8,1.071e+8,
476.85,9.301e+7,9.301e+7,
476.9,7.947e+7,7.947e+7,
476.95,6.681e+7,6.681e+7,
477,5.523e+7,5.523e+7,
477.05,4.488e+7,4.488e+7,
477.1,3.586e+7,3.586e+7,
477.15,2.818e+7,2.818e+7,
477.2,2.182e+7,2.182e+7,
477.25,1.671e+7,1.671e+7,
477.3,1.276e+7,1.276e+7,
477.35,9.873e+6,9.873e+6,
477.4,7.966e+6,7.966e+6,
477.45,6.962e+6,6.962e+6,
477.5,6.813e+6,6.813e+6,
477.55,7.495e+6,7.495e+6,
477.6,9.013e+6,9.013e+6,
477.65,1.139e+7,1.139e+7,
477.7,1.464e+7,1.464e+7,
477.75,1.880e+7,1.880e+7,
477.8,2.385e+7,2.385e+7,
477.85,2.974e+7,2.974e+7,
477.9,3.637e+7,3.637e+7,
477.95,4.357e+7,4.357e+7,
478,5.108e+7,5.108e+7,
478.05,5.861e+7,5.861e+7,
478.1,6.579e+7,6.579e+7,
478.15,7.227e+7,7.227e+7,
478.2,7.768e+7,7.768e+7,
478.25,8.168e+7,8.168e+7,
478.3,8.403e+7,8.403e+7,
478.35,8.459e+7,8.459e+7,
478.4,8.330e+7,8.330e+7,
478.45,8.026e+7,8.026e+7,
478.5,7.566e+7,7.566e+7,
478.56,6.849e+7,6.849e+7,
478.61,6.153e+7,6.153e+7,
478.66,5.409e+7,5.409e+7,
478.71,4.652e+7,4.652e+7,
478.76,3.914e+7,3.914e+7,
478.81,3.223e+7,3.223e+7,
478.86,2.596e+7,2.596e+7,
478.91,2.046e+7,2.046e+7,
478.96,1.577e+7,1.577e+7,
479.01,1.190e+7,1.190e+7,
479.06,8.781e+6,8.781e+6,
479.11,6.341e+6,6.341e+6,
479.16,4.480e+6,4.480e+6,
479.21,3.096e+6,3.096e+6,
479.26,2.094e+6,2.094e+6,
479.31,1.386e+6,1.386e+6,
479.36,8.969e+5,8.969e+5,
479.41,5.681e+5,5.681e+5,
479.46,3.520e+5,3.520e+5,
479.51,2.134e+5,2.134e+5,
479.56,1.266e+5,1.266e+5,
479.61,7.347e+4,7.347e+4,
479.66,4.172e+4,4.172e+4,
479.71,2.318e+4,2.318e+4,
479.76,1.260e+4,1.260e+4,
479.81,6.699e+3,6.699e+3,
479.86,3.485e+3,3.485e+3,
479.91,1.774e+3,1.774e+3,
479.96,8.836e+2,8.836e+2,
480.01,4.306e+2,4.306e+2,
480.06,2.053e+2,2.053e+2,
480.11,9.579e+1,9.579e+1,
480.16,4.381e+1,4.381e+1,
480.21,1.980e+1,1.980e+1,
480.26,9.249e+0,9.249e+0,
480.31,5.409e+0,5.409e+0,
480.36,5.723e+0,5.723e+0,
480.41,1.040e+1,1.040e+1,
480.46,2.251e+1,2.251e+1,
480.51,4.971e+1,4.971e+1,
480.56,1.083e+2,1.083e+2,
480.61,2.311e+2,2.311e+2,
480.66,4.830e+2,4.830e+2,
480.71,9.879e+2,9.879e+2,
480.76,1.978e+3,1.978e+3,
480.81,3.875e+3,3.875e+3,
480.86,7.432e+3,7.432e+3,
480.91,1.395e+4,1.395e+4,
480.96,2.563e+4,2.563e+4,
481.01,4.608e+4,4.608e+4,
481.06,8.109e+4,8.109e+4,
481.11,1.397e+5,1.397e+5,
481.16,2.354e+5,2.354e+5,
481.21,3.884e+5,3.884e+5,
481.26,6.273e+5,6.273e+5,
481.31,9.914e+5,9.914e+5,
481.36,1.534e+6,1.534e+6,
481.41,2.322e+6,2.322e+6,
481.46,3.441e+6,3.441e+6,
481.51,4.990e+6,4.990e+6,
481.56,7.083e+6,7.083e+6,
481.61,9.841e+6,9.841e+6,
481.66,1.338e+7,1.338e+7,
481.71,1.781e+7,1.781e+7,
481.76,2.320e+7,2.320e+7,
481.81,2.957e+7,2.957e+7,
481.86,3.690e+7,3.690e+7,
481.91,4.506e+7,4.506e+7,
481.96,5.386e+7,5.386e+7,
482.01,6.301e+7,6.301e+7,
482.06,7.214e+7,7.214e+7,
482.11,8.085e+7,8.085e+7,
482.16,8.868e+7,8.868e+7,
482.21,9.519e+7,9.519e+7,
482.26,1.000e+8,1.000e+8,
482.31,1.028e+8,1.028e+8,
482.36,1.035e+8,1.035e+8,
482.41,1.020e+8,1.020e+8,
482.46,9.831e+7,9.831e+7,
482.51,9.277e+7,9.277e+7,
482.56,8.568e+7,8.568e+7,
482.61,7.745e+7,7.745e+7,
482.66,6.852e+7,6.852e+7,
482.71,5.933e+7,5.933e+7,
482.76,5.028e+7,5.028e+7,
482.81,4.171e+7,4.171e+7,
482.86,3.386e+7,3.386e+7,
482.91,2.690e+7,2.690e+7,
482.96,2.092e+7,2.092e+7,
483.01,1.593e+7,1.593e+7,
483.06,1.186e+7,1.186e+7,
483.11,8.650e+6,8.650e+6,
483.16,6.173e+6,6.173e+6,
483.21,4.312e+6,4.312e+6,
483.26,2.947e+6,2.947e+6,
483.31,1.972e+6,1.972e+6,
483.36,1.291e+6,1.291e+6,
483.41,8.277e+5,8.277e+5,
483.46,5.192e+5,5.192e+5,
483.51,3.188e+5,3.188e+5,
483.56,1.915e+5,1.915e+5,
483.61,1.127e+5,1.127e+5,
483.66,6.485e+4,6.485e+4,
483.71,3.653e+4,3.653e+4,
483.76,2.014e+4,2.014e+4,
483.81,1.087e+4,1.087e+4,
483.86,5.743e+3,5.743e+3,
483.91,2.969e+3,2.969e+3,
483.96,1.502e+3,1.502e+3,
484.01,7.439e+2,7.439e+2,
484.06,3.606e+2,3.606e+2,
484.11,1.711e+2,1.711e+2,
484.16,7.943e+1,7.943e+1,
484.21,3.609e+1,3.609e+1,
484.26,1.605e+1,1.605e+1,
484.31,6.989e+0,6.989e+0,
484.36,2.978e+0,2.978e+0,
484.41,1.242e+0,1.242e+0,
484.46,5.068e-1,5.068e-1,
484.51,2.024e-1,2.024e-1,
484.56,7.915e-2,7.915e-2,
484.61,3.029e-2,3.029e-2,
484.66,1.134e-2,1.134e-2,
484.71,4.158e-3,4.158e-3,
484.76,1.492e-3,1.492e-3,
484.81,5.238e-4,5.238e-4,
484.86,1.800e-4,1.800e-4,
484.91,6.055e-5,6.055e-5,
484.96,1.993e-5,1.993e-5,
485.01,6.423e-6,6.423e-6,
485.06,2.026e-6,2.026e-6,
485.11,6.252e-7,6.252e-7,
485.16,1.889e-7,1.889e-7,
485.21,5.585e-8,5.585e-8,
485.26,1.616e-8,1.616e-8,
522.37,9.907e-10,9.907e-10,
522.42,3.083e-9,3.083e-9,
522.47,9.420e-9,9.420e-9,
522.52,2.827e-8,2.827e-8,
522.57,8.331e-8,8.331e-8,
522.62,2.411e-7,2.411e-7,
522.67,6.853e-7,6.853e-7,
522.72,1.913e-6,1.913e-6,
522.77,5.243e-6,5.243e-6,
522.82,1.411e-5,1.411e-5,
522.87,3.731e-5,3.731e-5,
522.92,9.688e-5,9.688e-5,
522.97,2.470e-4,2.470e-4,
523.02,6.185e-4,6.185e-4,
523.07,1.521e-3,1.521e-3,
523.12,3.673e-3,3.673e-3,
523.17,8.710e-3,8.710e-3,
523.22,2.029e-2,2.029e-2,
523.27,4.640e-2,4.640e-2,
523.32,1.042e-1,1.042e-1,
523.37,2.299e-1,2.299e-1,
523.42,4.981e-1,4.981e-1,
523.47,1.060e+0,1.060e+0,
523.52,2.214e+0,2.214e+0,
523.57,4.542e+0,4.542e+0,
523.62,9.153e+0,9.153e+0,
523.67,1.811e+1,1.811e+1,
523.72,3.520e+1,3.520e+1,
523.77,6.717e+1,6.717e+1,
523.82,1.259e+2,1.259e+2,
523.87,2.317e+2,2.317e+2,
523.92,4.189e+2,4.189e+2,
523.97,7.436e+2,7.436e+2,
524.02,1.296e+3,1.296e+3,
524.07,2.219e+3,2.219e+3,
524.12,3.731e+3,3.731e+3,
524.17,6.161e+3,6.161e+3,
524.22,9.990e+3,9.990e+3,
524.27,1.591e+4,1.591e+4,
524.32,2.488e+4,2.488e+4,
524.37,3.821e+4,3.821e+4,
524.42,5.763e+4,5.763e+4,
524.47,8.536e+4,8.536e+4,
524.52,1.242e+5,1.242e+5,
524.57,1.774e+5,1.774e+5,
524.62,2.489e+5,2.489e+5,
524.67,3.429e+5,3.429e+5,
524.72,4.639e+5,4.639e+5,
524.77,6.164e+5,6.164e+5,
524.82,8.043e+5,8.043e+5,
524.87,1.031e+6,1.031e+6,
524.92,1.297e+6,1.297e+6,
524.97,1.603e+6,1.603e+6,
525.02,1.946e+6,1.946e+6,
525.07,2.319e+6,2.319e+6,
525.12,2.715e+6,2.715e+6,
525.17,3.121e+6,3.121e+6,
525.22,3.524e+6,3.524e+6,
525.27,3.907e+6,3.907e+6,
525.32,4.254e+6,4.254e+6,
525.37,4.548e+6,4.548e+6,
525.42,4.776e+6,4.776e+6,
525.47,4.925e+6,4.925e+6,
525.52,4.988e+6,4.988e+6,
525.57,4.961e+6,4.961e+6,
525.62,4.846e+6,4.846e+6,
525.67,4.648e+6,4.648e+6,
525.72,4.379e+6,4.379e+6,
525.77,4.051e+6,4.051e+6,
525.82,3.680e+6,3.680e+6,
525.87,3.283e+6,3.283e+6,
525.92,2.877e+6,2.877e+6,
525.97,2.476e+6,2.476e+6,
526.02,2.092e+6,2.092e+6,
526.07,1.736e+6,1.736e+6,
526.12,1.415e+6,1.415e+6,
526.17,1.132e+6,1.132e+6,
526.22,8.901e+5,8.901e+5,
526.27,6.871e+5,6.871e+5,3.036e-10
526.32,5.209e+5,5.209e+5,9.324e-10
526.37,3.878e+5,3.878e+5,3.577e-9
526.42,2.835e+5,2.835e+5,1.068e-8
526.47,2.035e+5,2.035e+5,3.133e-8
526.52,1.435e+5,1.435e+5,9.123e-8
526.57,9.938e+4,9.938e+4,2.586e-7
526.62,6.758e+4,6.758e+4,7.204e-7
526.67,4.514e+4,4.514e+4,1.972e-6
526.72,2.960e+4,2.960e+4,5.304e-6
526.77,1.907e+4,1.907e+4,1.402e-5
526.82,1.206e+4,1.206e+4,3.642e-5
526.87,7.491e+3,7.491e+3,9.295e-5
526.92,4.570e+3,4.570e+3,2.331e-4
526.97,2.738e+3,2.738e+3,5.747e-4
527.02,1.611e+3,1.611e+3,1.392e-3
527.07,9.307e+2,9.307e+2,3.314e-3
527.12,5.281e+2,5.281e+2,7.752e-3
527.17,2.943e+2,2.943e+2,1.782e-2
527.22,1.611e+2,1.610e+2,4.027e-2
527.27,8.664e+1,8.655e+1,8.944e-2
527.32,4.588e+1,4.568e+1,1.952e-1
527.37,2.410e+1,2.368e+1,4.188e-1
527.42,1.294e+1,1.205e+1,8.831e-1
527.47,7.855e+0,6.025e+0,1.830e+0
527.52,6.686e+0,2.958e+0,3.729e+0
527.57,8.893e+0,1.426e+0,7.467e+0
527.62,1.537e+1,6.751e-1,1.470e+1
527.67,2.876e+1,3.139e-1,2.844e+1
527.72,5.426e+1,1.433e-1,5.411e+1
527.77,1.013e+2,6.427e-2,1.012e+2
527.82,1.861e+2,2.831e-2,1.861e+2
527.87,3.364e+2,1.224e-2,3.364e+2
527.92,5.981e+2,5.199e-3,5.981e+2
527.97,1.045e+3,2.169e-3,1.045e+3
528.02,1.797e+3,8.883e-4,1.797e+3
528.07,3.037e+3,3.574e-4,3.037e+3
528.12,5.049e+3,1.412e-4,5.049e+3
528.17,8.256e+3,5.477e-5,8.256e+3
528.22,1.328e+4,2.087e-5,1.328e+4
528.27,2.101e+4,7.808e-6,2.101e+4
528.32,3.269e+4,2.869e-6,3.269e+4
528.37,5.006e+4,1.035e-6,5.006e+4
528.42,7.544e+4,3.669e-7,7.544e+4
528.47,1.119e+5,1.277e-7,1.119e+5
528.52,1.632e+5,4.365e-8,1.632e+5
528.57,2.345e+5,1.465e-8,2.345e+5
528.62,3.316e+5,4.830e-9,3.316e+5
528.67,4.617e+5,1.563e-9,4.617e+5
528.72,6.331e+5,,6.331e+5
528.77,8.550e+5,,8.550e+5
528.82,1.138e+6,,1.138e+6
528.87,1.491e+6,,1.491e+6
528.92,1.926e+6,,1.926e+6
528.97,2.453e+6,,2.453e+6
529.02,3.080e+6,,3.080e+6
529.07,3.814e+6,,3.814e+6
529.12,4.660e+6,,4.660e+6
529.17,5.617e+6,,5.617e+6
529.22,6.684e+6,,6.684e+6
529.27,7.853e+6,,7.853e+6
529.32,9.114e+6,,9.114e+6
529.37,1.045e+7,,1.045e+7
529.42,1.184e+7,,1.184e+7
529.47,1.327e+7,,1.327e+7
529.52,1.470e+7,,1.470e+7
529.57,1.611e+7,,1.611e+7
529.62,1.747e+7,,1.747e+7
529.67,1.875e+7,,1.875e+7
529.72,1.991e+7,,1.991e+7
529.77,2.094e+7,,2.094e+7
529.82,2.179e+7,,2.179e+7
529.87,2.245e+7,,2.245e+7
529.92,2.289e+7,,2.289e+7
529.97,2.309e+7,,2.309e+7
530.02,2.306e+7,,2.306e+7
530.07,2.277e+7,,2.277e+7
530.12,2.223e+7,,2.223e+7
530.17,2.146e+7,,2.146e+7
530.22,2.046e+7,,2.046e+7
530.27,1.928e+7,,1.928e+7
530.32,1.793e+7,,1.793e+7
530.37,1.646e+7,,1.646e+7
530.42,1.491e+7,,1.491e+7
530.47,1.333e+7,,1.333e+7
530.52,1.174e+7,,1.174e+7
530.57,1.019e+7,,1.019e+7
530.62,8.718e+6,,8.718e+6
530.67,7.346e+6,,7.346e+6
530.72,6.096e+6,,6.096e+6
530.77,4.980e+6,,4.980e+6
530.82,4.005e+6,,4.005e+6
530.87,3.170e+6,,3.170e+6
530.92,2.468e+6,,2.468e+6
530.97,1.891e+6,,1.891e+6
531.02,1.425e+6,,1.425e+6
531.07,1.056e+6,,1.056e+6
531.12,7.695e+5,,7.695e+5
531.17,5.514e+5,,5.514e+5
531.22,3.885e+5,,3.885e+5
531.27,2.691e+5,,2.691e+5
531.32,1.832e+5,,1.832e+5
531.37,1.226e+5,,1.226e+5
531.42,8.064e+4,,8.064e+4
531.47,5.214e+4,,5.214e+4
531.52,3.313e+4,,3.313e+4
531.57,2.068e+4,,2.068e+4
531.62,1.269e+4,,1.269e+4
531.67,7.653e+3,,7.653e+3
531.72,4.534e+3,,4.534e+3
531.77,2.640e+3,,2.640e+3
531.82,1.510e+3,,1.510e+3
531.87,8.489e+2,,8.489e+2
531.92,4.688e+2,,4.688e+2
531.97,2.544e+2,,2.544e+2
532.02,1.356e+2,,1.356e+2
532.07,7.104e+1,,7.104e+1
532.12,3.656e+1,,3.656e+1
532.17,1.848e+1,,1.848e+1
532.22,9.182e+0,,9.182e+0
532.27,4.481e+0,,4.481e+0
532.32,2.148e+0,,2.148e+0
532.37,1.012e+0,,1.012e+0
532.42,4.683e-1,,4.683e-1
532.47,2.129e-1,,2.129e-1
532.52,9.508e-2,,9.508e-2
532.57,4.172e-2,,4.172e-2
532.62,1.798e-2,,1.798e-2
532.67,7.616e-3,,7.616e-3
532.72,3.168e-3,,3.168e-3
532.77,1.295e-3,,1.295e-3
532.82,5.199e-4,,5.199e-4
532.87,2.051e-4,,2.051e-4
532.92,7.946e-5,,7.946e-5
532.97,3.025e-5,,3.025e-5
533.02,1.131e-5,,1.131e-5
533.07,4.155e-6,,4.155e-6
533.12,1.500e-6,,1.500e-6
533.17,5.312e-7,,5.312e-7
533.22,1.851e-7,,1.851e-7
533.27,6.332e-8,,6.332e-8
533.32,2.129e-8,,2.129e-8
533.37,7.029e-9,,7.029e-9
533.42,2.280e-9,,2.280e-9