Wavelength (nm),Sum,Nd I (3.8e-03),Nd II (8.9e-01)
323.95,8.336e-9,,8.336e-9
324,5.202e-8,,5.202e-8
324.05,3.097e-7,,3.097e-7
324.1,1.759e-6,,1.759e-6
324.15,9.530e-6,,9.530e-6
324.21,6.804e-5,,6.804e-5
324.26,3.324e-4,,3.324e-4
324.31,1.549e-3,,1.549e-3
324.36,6.888e-3,,6.888e-3
324.41,2.922e-2,,2.922e-2
324.46,1.183e-1,,1.183e-1
324.51,4.566e-1,,4.566e-1
324.56,1.682e+0,,1.682e+0
324.61,5.910e+0,,5.910e+0
324.66,1.981e+1,,1.981e+1
324.71,6.336e+1,,6.336e+1
324.76,1.933e+2,,1.933e+2
324.81,5.628e+2,,5.628e+2
324.86,1.563e+3,,1.563e+3
324.91,4.141e+3,,4.141e+3
324.96,1.047e+4,,1.047e+4
325.01,2.524e+4,,2.524e+4
325.06,5.806e+4,,5.806e+4
325.11,1.274e+5,,1.274e+5
325.16,2.668e+5,,2.668e+5
325.21,5.330e+5,,5.330e+5
325.26,1.016e+6,,1.016e+6
325.31,1.847e+6,,1.847e+6
325.36,3.203e+6,,3.203e+6
325.41,5.300e+6,,5.300e+6
325.46,8.367e+6,,8.367e+6
325.51,1.260e+7,,1.260e+7
325.56,1.811e+7,,1.811e+7
325.61,2.482e+7,,2.482e+7
325.66,3.246e+7,,3.246e+7
325.71,4.049e+7,,4.049e+7
325.76,4.820e+7,,4.820e+7
325.81,5.473e+7,,5.473e+7
325.86,5.929e+7,,5.929e+7
325.91,6.127e+7,,6.127e+7
325.96,6.041e+7,,6.041e+7
326.01,5.683e+7,,5.683e+7
326.06,5.100e+7,,5.100e+7
326.11,4.366e+7,,4.366e+7
326.16,3.566e+7,,3.566e+7
326.21,2.779e+7,,2.779e+7
326.26,2.066e+7,,2.066e+7
326.31,1.465e+7,,1.465e+7
326.36,9.912e+6,,9.912e+6
326.41,6.398e+6,,6.398e+6
326.46,3.940e+6,,3.940e+6
326.51,2.315e+6,,2.315e+6
326.56,1.297e+6,,1.297e+6
326.61,6.937e+5,,6.937e+5
326.66,3.539e+5,,3.539e+5
326.71,1.722e+5,,1.722e+5
326.76,7.996e+4,,7.996e+4
326.81,3.542e+4,,3.542e+4
326.86,1.497e+4,,1.497e+4
326.91,6.034e+3,,6.034e+3
326.96,2.321e+3,,2.321e+3
327.01,8.516e+2,,8.516e+2
327.06,2.981e+2,,2.981e+2
327.11,9.956e+1,,9.956e+1
327.16,3.172e+1,,3.172e+1
327.21,9.642e+0,,9.642e+0
327.26,2.796e+0,,2.796e+0
327.31,7.735e-1,,7.735e-1
327.36,2.042e-1,,2.042e-1
327.41,5.140e-2,,5.140e-2
327.46,1.235e-2,,1.235e-2
327.51,2.830e-3,,2.830e-3
327.56,6.187e-4,,6.187e-4
327.61,1.291e-4,,1.291e-4
327.66,2.568e-5,,2.568e-5
327.71,4.875e-6,,4.875e-6
327.76,8.830e-7,,8.830e-7
327.81,1.526e-7,,1.526e-7
327.86,2.515e-8,,2.515e-8
330.81,1.820e-8,,1.820e-8
330.86,1.102e-7,,1.102e-7
330.91,6.380e-7,,6.380e-7
330.96,3.530e-6,,3.530e-6
331.01,1.867e-5,,1.867e-5
331.06,9.437e-5,,9.437e-5
331.11,4.560e-4,,4.560e-4
331.16,2.106e-3,,2.106e-3
331.21,9.299e-3,,9.299e-3
331.26,3.924e-2,,3.924e-2
331.31,1.583e-1,,1.583e-1
331.36,6.104e-1,,6.104e-1
331.41,2.250e+0,,2.250e+0
331.46,7.926e+0,,7.926e+0
331.51,2.669e+1,,2.669e+1
331.56,8.592e+1,,8.592e+1
331.61,2.644e+2,,2.644e+2
331.66,7.775e+2,,7.775e+2
331.71,2.186e+3,,2.186e+3
331.76,5.874e+3,,5.874e+3
331.81,1.509e+4,,1.509e+4
331.86,3.705e+4,,3.705e+4
331.91,8.694e+4,,8.694e+4
331.96,1.950e+5,,1.950e+5
332.01,4.182e+5,,4.182e+5
332.06,8.572e+5,,8.572e+5
332.11,1.679e+6,,1.679e+6
332.16,3.145e+6,,3.145e+6
332.21,5.630e+6,,5.630e+6
332.26,9.634e+6,,9.634e+6
332.31,1.576e+7,,1.576e+7
332.36,2.464e+7,,2.464e+7
332.41,3.682e+7,,3.682e+7
332.46,5.260e+7,,5.260e+7
332.51,7.183e+7,,7.183e+7
332.56,9.379e+7,,9.379e+7
332.61,1.171e+8,,1.171e+8
332.66,1.398e+8,,1.398e+8
332.71,1.596e+8,,1.596e+8
332.76,1.745e+8,,1.745e+8
332.81,1.827e+8,,1.827e+8
332.86,1.837e+8,,1.837e+8
332.91,1.777e+8,,1.777e+8
332.96,1.664e+8,,1.664e+8
333.01,1.519e+8,,1.519e+8
333.06,1.367e+8,,1.367e+8
333.11,1.232e+8,,1.232e+8
333.16,1.132e+8,,1.132e+8
333.21,1.073e+8,,1.073e+8
333.26,1.054e+8,,1.054e+8
333.31,1.068e+8,,1.068e+8
333.36,1.101e+8,,1.101e+8
333.41,1.140e+8,,1.140e+8
333.46,1.176e+8,,1.176e+8
333.51,1.204e+8,,1.204e+8
333.56,1.223e+8,,1.223e+8
333.61,1.237e+8,,1.237e+8
333.66,1.250e+8,,1.250e+8
333.71,1.260e+8,,1.260e+8
333.76,1.268e+8,,1.268e+8
333.81,1.265e+8,,1.265e+8
333.86,1.245e+8,,1.245e+8
333.91,1.201e+8,,1.201e+8
333.96,1.127e+8,,1.127e+8
334.01,1.024e+8,,1.024e+8
334.06,8.985e+7,,8.985e+7
334.11,7.583e+7,,7.583e+7
334.16,6.144e+7,,6.144e+7
334.21,4.774e+7,,4.774e+7
334.26,3.554e+7,,3.554e+7
334.31,2.532e+7,,2.532e+7
334.36,1.727e+7,,1.727e+7
334.41,1.127e+7,,1.127e+7
334.46,7.030e+6,,7.030e+6
334.51,4.195e+6,,4.195e+6
334.56,2.394e+6,,2.394e+6
334.61,1.307e+6,,1.307e+6
334.66,6.818e+5,,6.818e+5
334.71,3.402e+5,,3.402e+5
334.76,1.623e+5,,1.623e+5
334.81,7.405e+4,,7.405e+4
334.86,3.230e+4,,3.230e+4
334.91,1.347e+4,,1.347e+4
334.96,5.372e+3,,5.372e+3
335.01,2.049e+3,,2.049e+3
335.06,7.482e+2,,7.482e+2
335.11,2.654e+2,,2.654e+2
335.16,1.038e+2,,1.038e+2
335.21,8.161e+1,,8.161e+1
335.26,1.719e+2,,1.719e+2
335.31,4.763e+2,,4.763e+2
335.36,1.315e+3,,1.315e+3
335.41,3.487e+3,,3.487e+3
335.46,8.854e+3,,8.854e+3
335.51,2.151e+4,,2.151e+4
335.56,4.999e+4,,4.999e+4
335.61,1.112e+5,,1.112e+5
335.66,2.366e+5,,2.366e+5
335.71,4.816e+5,,4.816e+5
335.76,9.382e+5,,9.382e+5
335.81,1.749e+6,,1.749e+6
335.86,3.119e+6,,3.119e+6
335.91,5.321e+6,,5.321e+6
335.96,8.687e+6,,8.687e+6
336.01,1.357e+7,,1.357e+7
336.06,2.028e+7,,2.028e+7
336.11,2.900e+7,,2.900e+7
336.16,3.968e+7,,3.968e+7
336.21,5.195e+7,,5.195e+7
336.26,6.507e+7,,6.507e+7
336.31,7.799e+7,,7.799e+7
336.36,8.943e+7,,8.943e+7
336.41,9.812e+7,,9.812e+7
336.46,1.030e+8,,1.030e+8
336.51,1.035e+8,,1.035e+8
336.56,9.942e+7,,9.942e+7
336.61,9.142e+7,,9.142e+7
336.66,8.043e+7,,8.043e+7
336.71,6.771e+7,,6.771e+7
336.76,5.453e+7,,5.453e+7
336.81,4.203e+7,,4.203e+7
336.86,3.099e+7,,3.099e+7
336.91,2.186e+7,,2.186e+7
336.96,1.476e+7,,1.476e+7
337.01,9.531e+6,,9.531e+6
337.06,5.890e+6,,5.890e+6
337.11,3.483e+6,,3.483e+6
337.16,1.970e+6,,1.970e+6
337.21,1.066e+6,,1.066e+6
337.26,5.523e+5,,5.523e+5
337.31,2.737e+5,,2.737e+5
337.36,1.298e+5,,1.298e+5
337.41,5.887e+4,,5.887e+4
337.46,2.555e+4,,2.555e+4
337.51,1.061e+4,,1.061e+4
337.56,4.216e+3,,4.216e+3
337.61,1.603e+3,,1.603e+3
337.66,5.832e+2,,5.832e+2
337.71,2.030e+2,,2.030e+2
337.76,6.759e+1,,6.759e+1
337.81,2.154e+1,,2.154e+1
337.86,6.566e+0,,6.566e+0
337.91,1.915e+0,,1.915e+0
337.96,5.346e-1,,5.346e-1
338.01,1.428e-1,,1.428e-1
338.06,3.648e-2,,3.648e-2
338.11,8.917e-3,,8.917e-3
338.16,2.086e-3,,2.086e-3
338.21,4.668e-4,,4.668e-4
338.26,9.997e-5,,9.997e-5
338.31,2.048e-5,,2.048e-5
338.36,4.015e-6,,4.015e-6
338.41,7.531e-7,,7.531e-7
338.46,1.352e-7,,1.352e-7
338.51,2.321e-8,,2.321e-8
352.21,2.296e-8,,2.296e-8
352.26,1.218e-7,,1.218e-7
352.31,6.209e-7,,6.209e-7
352.36,3.041e-6,,3.041e-6
352.41,1.432e-5,,1.432e-5
352.46,6.477e-5,,6.477e-5
352.51,2.815e-4,,2.815e-4
352.56,1.176e-3,,1.176e-3
352.61,4.721e-3,,4.721e-3
352.66,1.821e-2,,1.821e-2
352.71,6.751e-2,,6.751e-2
352.76,2.405e-1,,2.405e-1
352.81,8.232e-1,,8.232e-1
352.86,2.708e+0,,2.708e+0
352.91,8.560e+0,,8.560e+0
352.96,2.600e+1,,2.600e+1
353.01,7.591e+1,,7.591e+1
353.06,2.129e+2,,2.129e+2
353.11,5.739e+2,,5.739e+2
353.16,1.487e+3,,1.487e+3
353.21,3.701e+3,,3.701e+3
353.26,8.852e+3,,8.852e+3
353.31,2.035e+4,,2.035e+4
353.36,4.495e+4,,4.495e+4
353.41,9.541e+4,,9.541e+4
353.46,1.946e+5,,1.946e+5
353.51,3.815e+5,,3.815e+5
353.56,7.186e+5,,7.186e+5
353.61,1.301e+6,,1.301e+6
353.66,2.262e+6,,2.262e+6
353.71,3.782e+6,,3.782e+6
353.76,6.074e+6,,6.074e+6
353.81,9.376e+6,,9.376e+6
353.86,1.391e+7,,1.391e+7
353.91,1.982e+7,,1.982e+7
353.96,2.715e+7,,2.715e+7
354.01,3.574e+7,,3.574e+7
354.06,4.520e+7,,4.520e+7
354.11,5.494e+7,,5.494e+7
354.16,6.417e+7,,6.417e+7
354.21,7.203e+7,,7.203e+7
354.26,7.769e+7,,7.769e+7
354.31,8.053e+7,,8.053e+7
354.36,8.021e+7,,8.021e+7
354.41,7.677e+7,,7.677e+7
354.46,7.062e+7,,7.062e+7
354.51,6.242e+7,,6.242e+7
354.56,5.303e+7,,5.303e+7
354.61,4.331e+7,,4.331e+7
354.66,3.403e+7,,3.403e+7
354.71,2.577e+7,,2.577e+7
354.76,1.891e+7,,1.891e+7
354.81,1.361e+7,,1.361e+7
354.86,9.919e+6,,9.919e+6
354.91,7.789e+6,,7.789e+6
354.96,7.169e+6,,7.169e+6
355.01,8.037e+6,,8.037e+6
355.07,1.108e+7,,1.108e+7
355.12,1.536e+7,,1.536e+7
355.17,2.128e+7,,2.128e+7
355.22,2.880e+7,,2.880e+7
355.27,3.781e+7,,3.781e+7
355.32,4.804e+7,,4.804e+7
355.37,5.910e+7,,5.910e+7
355.42,7.058e+7,,7.058e+7
355.47,8.210e+7,,8.210e+7
355.52,9.342e+7,,9.342e+7
355.57,1.045e+8,,1.045e+8
355.62,1.157e+8,,1.157e+8
355.67,1.272e+8,,1.272e+8
355.72,1.394e+8,,1.394e+8
355.77,1.524e+8,,1.524e+8
355.82,1.659e+8,,1.659e+8
355.87,1.791e+8,,1.791e+8
355.92,1.909e+8,,1.909e+8
355.97,1.997e+8,,1.997e+8
356.02,2.042e+8,,2.042e+8
356.07,2.032e+8,,2.032e+8
356.12,1.964e+8,,1.964e+8
356.17,1.844e+8,,1.844e+8
356.22,1.684e+8,,1.684e+8
356.27,1.504e+8,,1.504e+8
356.32,1.328e+8,,1.328e+8
356.37,1.178e+8,,1.178e+8
356.42,1.076e+8,,1.076e+8
356.47,1.035e+8,,1.035e+8
356.52,1.060e+8,,1.060e+8
356.57,1.149e+8,,1.149e+8
356.62,1.289e+8,,1.289e+8
356.67,1.461e+8,,1.461e+8
356.72,1.641e+8,,1.641e+8
356.77,1.802e+8,,1.802e+8
356.82,1.921e+8,,1.921e+8
356.87,1.979e+8,,1.979e+8
356.92,1.966e+8,,1.966e+8
356.97,1.880e+8,,1.880e+8
357.02,1.730e+8,,1.730e+8
357.07,1.531e+8,,1.531e+8
357.12,1.303e+8,,1.303e+8
357.17,1.066e+8,,1.066e+8
357.22,8.393e+7,,8.393e+7
357.27,6.351e+7,,6.351e+7
357.32,4.621e+7,,4.621e+7
357.37,3.233e+7,,3.233e+7
357.42,2.175e+7,,2.175e+7
357.47,1.407e+7,,1.407e+7
357.52,8.749e+6,,8.749e+6
357.57,5.234e+6,,5.234e+6
357.62,3.016e+6,,3.016e+6
357.67,1.683e+6,,1.683e+6
357.72,9.299e+5,,9.299e+5
357.77,5.528e+5,,5.528e+5
357.82,4.346e+5,,4.346e+5
357.87,5.345e+5,,5.345e+5
357.92,8.826e+5,,8.826e+5
357.97,1.582e+6,,1.582e+6
358.02,2.815e+6,,2.815e+6
358.07,4.858e+6,,4.858e+6
358.12,8.078e+6,,8.078e+6
358.17,1.293e+7,,1.293e+7
358.22,1.991e+7,,1.991e+7
358.27,2.949e+7,,2.949e+7
358.32,4.203e+7,,4.203e+7
358.37,5.766e+7,,5.766e+7
358.42,7.612e+7,,7.612e+7
358.47,9.677e+7,,9.677e+7
358.52,1.185e+8,,1.185e+8
358.57,1.399e+8,,1.399e+8
358.62,1.593e+8,,1.593e+8
358.67,1.753e+8,,1.753e+8
358.72,1.868e+8,,1.868e+8
358.77,1.933e+8,,1.933e+8
358.82,1.948e+8,,1.948e+8
358.87,1.923e+8,,1.923e+8
358.92,1.869e+8,,1.869e+8
358.97,1.800e+8,,1.800e+8
359.02,1.727e+8,,1.727e+8
359.07,1.658e+8,,1.658e+8
359.12,1.597e+8,,1.597e+8
359.17,1.543e+8,,1.543e+8
359.22,1.491e+8,,1.491e+8
359.27,1.439e+8,,1.439e+8
359.32,1.386e+8,,1.386e+8
359.37,1.331e+8,,1.331e+8
359.42,1.282e+8,,1.282e+8
359.47,1.243e+8,,1.243e+8
359.52,1.222e+8,,1.222e+8
359.57,1.223e+8,,1.223e+8
359.62,1.247e+8,,1.247e+8
359.67,1.292e+8,,1.292e+8
359.72,1.352e+8,,1.352e+8
359.77,1.418e+8,,1.418e+8
359.82,1.479e+8,,1.479e+8
359.87,1.525e+8,,1.525e+8
359.92,1.548e+8,,1.548e+8
359.97,1.541e+8,,1.541e+8
360.02,1.501e+8,,1.501e+8
360.07,1.428e+8,,1.428e+8
360.12,1.325e+8,,1.325e+8
360.17,1.199e+8,,1.199e+8
360.22,1.059e+8,,1.059e+8
360.27,9.166e+7,,9.166e+7
360.32,7.824e+7,,7.824e+7
360.37,6.684e+7,,6.684e+7
360.42,5.849e+7,,5.849e+7
360.47,5.400e+7,,5.400e+7
360.52,5.392e+7,,5.392e+7
360.57,5.841e+7,,5.841e+7
360.62,6.726e+7,,6.726e+7
360.67,7.981e+7,,7.981e+7
360.72,9.499e+7,,9.499e+7
360.77,1.114e+8,,1.114e+8
360.82,1.274e+8,,1.274e+8
360.87,1.415e+8,,1.415e+8
360.92,1.524e+8,,1.524e+8
360.97,1.592e+8,,1.592e+8
361.02,1.617e+8,,1.617e+8
361.07,1.606e+8,,1.606e+8
361.12,1.568e+8,,1.568e+8
361.17,1.519e+8,,1.519e+8
361.22,1.472e+8,,1.472e+8
361.27,1.439e+8,,1.439e+8
361.32,1.426e+8,,1.426e+8
361.37,1.432e+8,,1.432e+8
361.42,1.450e+8,,1.450e+8
361.47,1.468e+8,,1.468e+8
361.52,1.472e+8,,1.472e+8
361.57,1.451e+8,,1.451e+8
361.62,1.396e+8,,1.396e+8
361.67,1.305e+8,,1.305e+8
361.72,1.182e+8,,1.182e+8
361.77,1.035e+8,,1.035e+8
361.82,8.739e+7,,8.739e+7
361.87,7.116e+7,,7.116e+7
361.92,5.582e+7,,5.582e+7
361.97,4.217e+7,,4.217e+7
362.02,3.068e+7,,3.068e+7
362.07,2.149e+7,,2.149e+7
362.12,1.449e+7,,1.449e+7
362.17,9.403e+6,,9.403e+6
362.22,5.874e+6,,5.874e+6
362.27,3.532e+6,,3.532e+6
362.32,2.044e+6,,2.044e+6
362.37,1.139e+6,,1.139e+6
362.42,6.104e+5,,6.104e+5
362.47,3.150e+5,,3.150e+5
362.52,1.564e+5,,1.564e+5
362.57,7.478e+4,,7.478e+4
362.62,3.440e+4,,3.440e+4
362.67,1.523e+4,,1.523e+4
362.72,6.493e+3,,6.493e+3
362.77,2.664e+3,,2.664e+3
362.82,1.052e+3,,1.052e+3
362.87,3.996e+2,,3.996e+2
362.92,1.462e+2,,1.462e+2
362.97,5.167e+1,,5.167e+1
363.02,1.813e+1,,1.813e+1
363.07,7.906e+0,,7.906e+0
363.12,8.573e+0,,8.573e+0
363.17,2.052e+1,,2.052e+1
363.22,5.680e+1,,5.680e+1
363.27,1.547e+2,,1.547e+2
363.32,4.067e+2,,4.067e+2
363.37,1.030e+3,,1.030e+3
363.42,2.512e+3,,2.512e+3
363.47,5.900e+3,,5.900e+3
363.52,1.335e+4,,1.335e+4
363.57,2.908e+4,,2.908e+4
363.62,6.101e+4,,6.101e+4
363.67,1.233e+5,,1.233e+5
363.72,2.400e+5,,2.400e+5
363.77,4.499e+5,,4.499e+5
363.82,8.124e+5,,8.124e+5
363.87,1.413e+6,,1.413e+6
363.92,2.367e+6,,2.367e+6
363.97,3.819e+6,,3.819e+6
364.02,5.938e+6,,5.938e+6
364.07,8.895e+6,,8.895e+6
364.12,1.284e+7,,1.284e+7
364.17,1.787e+7,,1.787e+7
364.22,2.398e+7,,2.398e+7
364.27,3.106e+7,,3.106e+7
364.32,3.884e+7,,3.884e+7
364.37,4.694e+7,,4.694e+7
364.42,5.493e+7,,5.493e+7
364.47,6.234e+7,,6.234e+7
364.52,6.881e+7,,6.881e+7
364.57,7.412e+7,,7.412e+7
364.62,7.822e+7,,7.822e+7
364.67,8.129e+7,,8.129e+7
364.72,8.362e+7,,8.362e+7
364.77,8.556e+7,,8.556e+7
364.82,8.742e+7,,8.742e+7
364.87,8.940e+7,,8.940e+7
364.92,9.149e+7,,9.149e+7
364.97,9.353e+7,,9.353e+7
365.02,9.520e+7,,9.520e+7
365.07,9.610e+7,,9.610e+7
365.12,9.586e+7,,9.586e+7
365.17,9.415e+7,,9.415e+7
365.22,9.080e+7,,9.080e+7
365.27,8.578e+7,,8.578e+7
365.32,7.924e+7,,7.924e+7
365.37,7.145e+7,,7.145e+7
365.42,6.281e+7,,6.281e+7
365.47,5.377e+7,,5.377e+7
365.52,4.479e+7,,4.479e+7
365.57,3.630e+7,,3.630e+7
365.62,2.870e+7,,2.870e+7
365.67,2.226e+7,,2.226e+7
365.72,1.723e+7,,1.723e+7
365.77,1.378e+7,,1.378e+7
365.82,1.208e+7,,1.208e+7
365.87,1.232e+7,,1.232e+7
365.92,1.473e+7,,1.473e+7
365.97,1.958e+7,,1.958e+7
366.02,2.714e+7,,2.714e+7
366.07,3.761e+7,,3.761e+7
366.12,5.103e+7,,5.103e+7
366.17,6.716e+7,,6.716e+7
366.22,8.538e+7,,8.538e+7
366.27,1.047e+8,,1.047e+8
366.32,1.237e+8,,1.237e+8
366.37,1.409e+8,,1.409e+8
366.42,1.547e+8,,1.547e+8
366.47,1.636e+8,,1.636e+8
366.52,1.666e+8,,1.666e+8
366.57,1.636e+8,,1.636e+8
366.62,1.547e+8,,1.547e+8
366.67,1.409e+8,,1.409e+8
366.72,1.237e+8,,1.237e+8
366.77,1.047e+8,,1.047e+8
366.82,8.529e+7,,8.529e+7
366.87,6.699e+7,,6.699e+7
366.92,5.074e+7,,5.074e+7
366.97,3.709e+7,,3.709e+7
367.02,2.625e+7,,2.625e+7
367.07,1.813e+7,,1.813e+7
367.12,1.244e+7,,1.244e+7
367.17,8.851e+6,,8.851e+6
367.22,7.000e+6,,7.000e+6
367.27,6.598e+6,,6.598e+6
367.32,7.417e+6,,7.417e+6
367.37,9.286e+6,,9.286e+6
367.42,1.206e+7,,1.206e+7
367.47,1.559e+7,,1.559e+7
367.52,1.966e+7,,1.966e+7
367.57,2.402e+7,,2.402e+7
367.62,2.833e+7,,2.833e+7
367.67,3.223e+7,,3.223e+7
367.72,3.534e+7,,3.534e+7
367.77,3.735e+7,,3.735e+7
367.82,3.805e+7,,3.805e+7
367.87,3.735e+7,,3.735e+7
367.92,3.534e+7,,3.534e+7
367.97,3.222e+7,,3.222e+7
368.02,2.831e+7,,2.831e+7
368.07,2.397e+7,,2.397e+7
368.12,1.956e+7,,1.956e+7
368.17,1.539e+7,,1.539e+7
368.22,1.166e+7,,1.166e+7
368.27,8.517e+6,,8.517e+6
368.32,5.995e+6,,5.995e+6
368.37,4.067e+6,,4.067e+6
368.42,2.659e+6,,2.659e+6
368.47,1.675e+6,,1.675e+6
368.52,1.017e+6,,1.017e+6
368.57,5.952e+5,,5.952e+5
368.62,3.356e+5,,3.356e+5
368.67,1.824e+5,,1.824e+5
368.72,9.553e+4,,9.553e+4
368.77,4.822e+4,,4.822e+4
368.82,2.346e+4,,2.346e+4
368.87,1.100e+4,,1.100e+4
368.92,4.967e+3,,4.967e+3
368.97,2.163e+3,,2.163e+3
369.02,9.074e+2,,9.074e+2
369.07,3.669e+2,,3.669e+2
369.12,1.430e+2,,1.430e+2
369.17,5.370e+1,,5.370e+1
369.22,1.943e+1,,1.943e+1
369.27,6.778e+0,,6.778e+0
369.32,2.278e+0,,2.278e+0
369.37,7.380e-1,,7.380e-1
369.42,2.304e-1,,2.304e-1
369.47,6.932e-2,,6.932e-2
369.52,2.010e-2,,2.010e-2
369.57,5.616e-3,,5.616e-3
369.62,1.512e-3,,1.512e-3
369.67,3.925e-4,,3.925e-4
369.72,9.831e-5,,9.831e-5
369.77,2.439e-5,,2.439e-5
369.82,8.770e-6,,8.770e-6
369.87,1.529e-5,,1.529e-5
369.92,5.851e-5,,5.851e-5
369.97,2.327e-4,,2.327e-4
370.02,8.963e-4,,8.963e-4
370.07,3.331e-3,,3.331e-3
370.12,1.194e-2,,1.194e-2
370.17,4.126e-2,,4.126e-2
370.22,1.375e-1,,1.375e-1
370.27,4.422e-1,,4.422e-1
370.32,1.371e+0,,1.371e+0
370.37,4.102e+0,,4.102e+0
370.42,1.183e+1,,1.183e+1
370.47,3.292e+1,,3.292e+1
370.52,8.835e+1,,8.835e+1
370.57,2.287e+2,,2.287e+2
370.62,5.708e+2,,5.708e+2
370.67,1.374e+3,,1.374e+3
370.72,3.192e+3,,3.192e+3
370.77,7.148e+3,,7.148e+3
370.82,1.544e+4,,1.544e+4
370.87,3.217e+4,,3.217e+4
370.92,6.465e+4,,6.465e+4
370.97,1.253e+5,,1.253e+5
371.02,2.342e+5,,2.342e+5
371.07,4.223e+5,,4.223e+5
371.12,7.344e+5,,7.344e+5
371.17,1.232e+6,,1.232e+6
371.22,1.993e+6,,1.993e+6
371.27,3.110e+6,,3.110e+6
371.32,4.681e+6,,4.681e+6
371.37,6.798e+6,,6.798e+6
371.42,9.526e+6,,9.526e+6
371.47,1.288e+7,,1.288e+7
371.52,1.682e+7,,1.682e+7
371.57,2.121e+7,,2.121e+7
371.62,2.585e+7,,2.585e+7
371.67,3.051e+7,,3.051e+7
371.72,3.493e+7,,3.493e+7
371.77,3.892e+7,,3.892e+7
371.82,4.240e+7,,4.240e+7
371.87,4.547e+7,,4.547e+7
371.92,4.840e+7,,4.840e+7
371.97,5.171e+7,,5.171e+7
372.02,5.603e+7,,5.603e+7
372.07,6.208e+7,,6.208e+7
372.12,7.056e+7,,7.056e+7
372.17,8.204e+7,,8.204e+7
372.22,9.688e+7,,9.688e+7
372.27,1.152e+8,,1.152e+8
372.32,1.366e+8,,1.366e+8
372.37,1.608e+8,,1.608e+8
372.42,1.867e+8,,1.867e+8
372.47,2.132e+8,,2.132e+8
372.52,2.389e+8,,2.389e+8
372.57,2.622e+8,,2.622e+8
372.62,2.815e+8,,2.815e+8
372.67,2.952e+8,,2.952e+8
372.72,3.021e+8,,3.021e+8
372.77,3.013e+8,,3.013e+8
372.82,2.926e+8,,2.926e+8
372.87,2.765e+8,,2.765e+8
372.92,2.545e+8,,2.545e+8
372.97,2.286e+8,,2.286e+8
373.02,2.014e+8,,2.014e+8
373.07,1.759e+8,,1.759e+8
373.12,1.552e+8,,1.552e+8
373.17,1.419e+8,,1.419e+8
373.22,1.388e+8,,1.388e+8
373.27,1.478e+8,,1.478e+8
373.32,1.701e+8,,1.701e+8
373.37,2.061e+8,,2.061e+8
373.42,2.551e+8,,2.551e+8
373.47,3.149e+8,,3.149e+8
373.52,3.825e+8,,3.825e+8
373.57,4.536e+8,,4.536e+8
373.62,5.230e+8,,5.230e+8
373.67,5.854e+8,,5.854e+8
373.72,6.359e+8,,6.359e+8
373.77,6.706e+8,,6.706e+8
373.82,6.870e+8,,6.870e+8
373.87,6.843e+8,,6.843e+8
373.92,6.636e+8,,6.636e+8
373.97,6.274e+8,,6.274e+8
374.02,5.789e+8,,5.789e+8
374.07,5.221e+8,,5.221e+8
374.12,4.608e+8,,4.608e+8
374.17,3.983e+8,,3.983e+8
374.22,3.374e+8,,3.374e+8
374.27,2.801e+8,,2.801e+8
374.32,2.282e+8,,2.282e+8
374.37,1.825e+8,,1.825e+8
374.42,1.439e+8,,1.439e+8
374.47,1.129e+8,,1.129e+8
374.52,8.990e+7,,8.990e+7
374.57,7.524e+7,,7.524e+7
374.62,6.943e+7,,6.943e+7
374.67,7.299e+7,,7.299e+7
374.72,8.648e+7,,8.648e+7
374.77,1.104e+8,,1.104e+8
374.82,1.449e+8,,1.449e+8
374.87,1.898e+8,,1.898e+8
374.92,2.438e+8,,2.438e+8
374.97,3.051e+8,,3.051e+8
375.02,3.707e+8,,3.707e+8
375.07,4.372e+8,,4.372e+8
375.12,5.009e+8,,5.009e+8
375.17,5.583e+8,,5.583e+8
375.22,6.072e+8,,6.072e+8
375.27,6.466e+8,,6.466e+8
375.32,6.774e+8,,6.774e+8
375.37,7.020e+8,,7.020e+8
375.42,7.237e+8,,7.237e+8
375.47,7.463e+8,,7.463e+8
375.52,7.728e+8,,7.728e+8
375.57,8.050e+8,,8.050e+8
375.62,8.427e+8,,8.427e+8
375.67,8.834e+8,,8.834e+8
375.72,9.231e+8,,9.231e+8
375.77,9.570e+8,,9.570e+8
375.82,9.800e+8,,9.800e+8
375.87,9.880e+8,,9.880e+8
375.92,9.789e+8,,9.789e+8
375.97,9.522e+8,,9.522e+8
376.02,9.098e+8,,9.098e+8
376.07,8.550e+8,,8.550e+8
376.12,7.916e+8,,7.916e+8
376.17,7.239e+8,,7.239e+8
376.22,6.554e+8,,6.554e+8
376.27,5.886e+8,,5.886e+8
376.32,5.252e+8,,5.252e+8
376.37,4.663e+8,,4.663e+8
376.42,4.121e+8,,4.121e+8
376.47,3.631e+8,,3.631e+8
376.52,3.196e+8,,3.196e+8
376.57,2.821e+8,,2.821e+8
376.62,2.510e+8,,2.510e+8
376.67,2.268e+8,,2.268e+8
376.72,2.094e+8,,2.094e+8
376.77,1.985e+8,,1.985e+8
376.82,1.935e+8,,1.935e+8
376.87,1.940e+8,,1.940e+8
376.92,1.996e+8,,1.996e+8
376.97,2.103e+8,,2.103e+8
377.02,2.266e+8,,2.266e+8
377.07,2.495e+8,,2.495e+8
377.12,2.799e+8,,2.799e+8
377.17,3.185e+8,,3.185e+8
377.22,3.652e+8,,3.652e+8
377.27,4.191e+8,,4.191e+8
377.32,4.778e+8,,4.778e+8
377.37,5.383e+8,,5.383e+8
377.42,5.969e+8,,5.969e+8
377.47,6.499e+8,,6.499e+8
377.52,6.945e+8,,6.945e+8
377.57,7.290e+8,,7.290e+8
377.62,7.534e+8,,7.534e+8
377.67,7.691e+8,,7.691e+8
377.72,7.788e+8,,7.788e+8
377.77,7.856e+8,,7.856e+8
377.82,7.930e+8,,7.930e+8
377.87,8.039e+8,,8.039e+8
377.92,8.206e+8,,8.206e+8
377.97,8.443e+8,,8.443e+8
378.02,8.752e+8,,8.752e+8
378.07,9.122e+8,,9.122e+8
378.12,9.529e+8,,9.529e+8
378.17,9.938e+8,,9.938e+8
378.22,1.030e+9,,1.030e+9
378.27,1.057e+9,,1.057e+9
378.32,1.070e+9,,1.070e+9
378.37,1.062e+9,,1.062e+9
378.42,1.033e+9,,1.033e+9
378.47,9.797e+8,,9.797e+8
378.52,9.050e+8,,9.050e+8
378.57,8.126e+8,,8.126e+8
378.62,7.082e+8,,7.082e+8
378.67,5.985e+8,,5.985e+8
378.72,4.903e+8,,4.903e+8
378.77,3.895e+8,,3.895e+8
378.82,3.005e+8,,3.005e+8
378.87,2.262e+8,,2.262e+8
378.92,1.677e+8,,1.677e+8
378.97,1.248e+8,,1.248e+8
379.02,9.650e+7,,9.650e+7
379.07,8.088e+7,,8.088e+7
379.12,7.597e+7,,7.597e+7
379.17,7.969e+7,,7.969e+7
379.22,8.996e+7,,8.996e+7
379.27,1.048e+8,,1.048e+8
379.32,1.223e+8,,1.223e+8
379.37,1.406e+8,,1.406e+8
379.42,1.583e+8,,1.583e+8
379.47,1.744e+8,,1.744e+8
379.52,1.883e+8,,1.883e+8
379.57,2.003e+8,,2.003e+8
379.62,2.116e+8,,2.116e+8
379.67,2.242e+8,,2.242e+8
379.72,2.406e+8,,2.406e+8
379.77,2.641e+8,,2.641e+8
379.82,2.977e+8,,2.977e+8
379.87,3.447e+8,,3.447e+8
379.92,4.075e+8,,4.075e+8
379.97,4.880e+8,,4.880e+8
380.02,5.868e+8,,5.868e+8
380.07,7.034e+8,,7.034e+8
380.12,8.355e+8,,8.355e+8
380.17,9.794e+8,,9.794e+8
380.22,1.130e+9,,1.130e+9
380.27,1.279e+9,,1.279e+9
380.32,1.419e+9,,1.419e+9
380.37,1.543e+9,,1.543e+9
380.42,1.642e+9,,1.642e+9
380.47,1.712e+9,,1.712e+9
380.52,1.748e+9,,1.748e+9
380.57,1.751e+9,,1.751e+9
380.62,1.724e+9,,1.724e+9
380.67,1.671e+9,,1.671e+9
380.72,1.599e+9,,1.599e+9
380.77,1.515e+9,,1.515e+9
380.82,1.425e+9,,1.425e+9
380.87,1.333e+9,,1.333e+9
380.92,1.243e+9,,1.243e+9
380.97,1.155e+9,,1.155e+9
381.02,1.071e+9,,1.071e+9
381.07,9.896e+8,,9.896e+8
381.12,9.104e+8,,9.104e+8
381.17,8.334e+8,,8.334e+8
381.22,7.590e+8,,7.590e+8
381.27,6.876e+8,,6.876e+8
381.32,6.199e+8,,6.199e+8
381.37,5.566e+8,,5.566e+8
381.42,4.978e+8,,4.978e+8
381.47,4.439e+8,,4.439e+8
381.52,3.949e+8,,3.949e+8
381.57,3.506e+8,,3.506e+8
381.62,3.110e+8,,3.110e+8
381.67,2.762e+8,,2.762e+8
381.72,2.460e+8,,2.460e+8
381.77,2.203e+8,,2.203e+8
381.82,1.990e+8,,1.990e+8
381.87,1.818e+8,,1.818e+8
381.92,1.684e+8,,1.684e+8
381.97,1.588e+8,,1.588e+8
382.02,1.531e+8,,1.531e+8
382.07,1.521e+8,,1.521e+8
382.12,1.565e+8,,1.565e+8
382.17,1.673e+8,,1.673e+8
382.22,1.855e+8,,1.855e+8
382.27,2.119e+8,,2.119e+8
382.32,2.463e+8,,2.463e+8
382.37,2.880e+8,,2.880e+8
382.42,3.351e+8,,3.351e+8
382.47,3.848e+8,,3.848e+8
382.52,4.338e+8,,4.338e+8
382.57,4.783e+8,,4.783e+8
382.62,5.146e+8,,5.146e+8
382.67,5.396e+8,,5.396e+8
382.72,5.512e+8,,5.512e+8
382.77,5.484e+8,,5.484e+8
382.82,5.316e+8,,5.316e+8
382.87,5.024e+8,,5.024e+8
382.92,4.637e+8,,4.637e+8
382.97,4.191e+8,,4.191e+8
383.02,3.727e+8,,3.727e+8
383.07,3.288e+8,,3.288e+8
383.12,2.913e+8,,2.913e+8
383.17,2.640e+8,,2.640e+8
383.22,2.497e+8,,2.497e+8
383.27,2.505e+8,,2.505e+8
383.32,2.674e+8,,2.674e+8
383.37,3.005e+8,,3.005e+8
383.42,3.483e+8,,3.483e+8
383.47,4.084e+8,,4.084e+8
383.52,4.773e+8,,4.773e+8
383.57,5.502e+8,,5.502e+8
383.62,6.219e+8,,6.219e+8
383.67,6.866e+8,,6.866e+8
383.72,7.388e+8,,7.388e+8
383.77,7.740e+8,,7.740e+8
383.82,7.887e+8,,7.887e+8
383.87,7.815e+8,,7.815e+8
383.92,7.529e+8,,7.529e+8
383.97,7.055e+8,,7.055e+8
384.02,6.439e+8,,6.439e+8
384.07,5.738e+8,,5.738e+8
384.12,5.019e+8,,5.019e+8
384.17,4.349e+8,,4.349e+8
384.22,3.791e+8,,3.791e+8
384.27,3.396e+8,,3.396e+8
384.32,3.202e+8,,3.202e+8
384.37,3.230e+8,,3.230e+8
384.42,3.482e+8,,3.482e+8
384.47,3.940e+8,,3.940e+8
384.52,4.568e+8,,4.568e+8
384.57,5.313e+8,,5.313e+8
384.62,6.111e+8,,6.111e+8
384.67,6.891e+8,,6.891e+8
384.72,7.582e+8,,7.582e+8
384.77,8.121e+8,,8.121e+8
384.82,8.463e+8,,8.463e+8
384.87,8.580e+8,,8.580e+8
384.92,8.468e+8,,8.468e+8
384.97,8.145e+8,,8.145e+8
385.02,7.643e+8,,7.643e+8
385.07,7.006e+8,,7.006e+8
385.12,6.284e+8,,6.284e+8
385.17,5.523e+8,,5.523e+8
385.22,4.767e+8,,4.767e+8
385.27,4.051e+8,,4.051e+8
385.32,3.404e+8,,3.404e+8
385.37,2.846e+8,,2.846e+8
385.42,2.395e+8,,2.395e+8
385.47,2.062e+8,,2.062e+8
385.52,1.857e+8,,1.857e+8
385.57,1.792e+8,,1.792e+8
385.62,1.874e+8,,1.874e+8
385.67,2.116e+8,,2.116e+8
385.72,2.527e+8,,2.527e+8
385.77,3.118e+8,,3.118e+8
385.82,3.893e+8,,3.893e+8
385.87,4.850e+8,,4.850e+8
385.93,6.218e+8,,6.218e+8
385.98,7.503e+8,,7.503e+8
386.03,8.864e+8,,8.864e+8
386.08,1.023e+9,,1.023e+9
386.13,1.152e+9,,1.152e+9
386.18,1.263e+9,,1.263e+9
386.23,1.349e+9,,1.349e+9
386.28,1.403e+9,,1.403e+9
386.33,1.421e+9,,1.421e+9
386.38,1.403e+9,,1.403e+9
386.43,1.351e+9,,1.351e+9
386.48,1.272e+9,,1.272e+9
386.53,1.174e+9,,1.174e+9
386.58,1.065e+9,,1.065e+9
386.63,9.531e+8,,9.531e+8
386.68,8.457e+8,,8.457e+8
386.73,7.469e+8,,7.469e+8
386.78,6.591e+8,,6.591e+8
386.83,5.829e+8,,5.829e+8
386.88,5.176e+8,,5.176e+8
386.93,4.621e+8,,4.621e+8
386.98,4.155e+8,,4.155e+8
387.03,3.777e+8,,3.777e+8
387.08,3.491e+8,,3.491e+8
387.13,3.311e+8,,3.311e+8
387.18,3.253e+8,,3.253e+8
387.23,3.332e+8,,3.332e+8
387.28,3.562e+8,,3.562e+8
387.33,3.950e+8,,3.950e+8
387.38,4.497e+8,,4.497e+8
387.43,5.193e+8,,5.193e+8
387.48,6.026e+8,,6.026e+8
387.53,6.971e+8,,6.971e+8
387.58,8.001e+8,,8.001e+8
387.63,9.077e+8,,9.077e+8
387.68,1.015e+9,,1.015e+9
387.73,1.118e+9,,1.118e+9
387.78,1.209e+9,,1.209e+9
387.83,1.283e+9,,1.283e+9
387.88,1.333e+9,,1.333e+9
387.93,1.356e+9,,1.356e+9
387.98,1.347e+9,,1.347e+9
388.03,1.307e+9,,1.307e+9
388.08,1.238e+9,,1.238e+9
388.13,1.146e+9,,1.146e+9
388.18,1.037e+9,,1.037e+9
388.23,9.212e+8,,9.212e+8
388.28,8.095e+8,,8.095e+8
388.33,7.122e+8,,7.122e+8
388.38,6.391e+8,,6.391e+8
388.43,5.986e+8,,5.986e+8
388.48,5.973e+8,,5.973e+8
388.53,6.393e+8,,6.393e+8
388.58,7.259e+8,,7.259e+8
388.63,8.556e+8,,8.556e+8
388.68,1.023e+9,,1.023e+9
388.73,1.220e+9,,1.220e+9
388.78,1.435e+9,,1.435e+9
388.83,1.653e+9,,1.653e+9
388.88,1.858e+9,,1.858e+9
388.93,2.034e+9,,2.034e+9
388.98,2.167e+9,,2.167e+9
389.03,2.246e+9,,2.246e+9
389.08,2.265e+9,,2.265e+9
389.13,2.224e+9,,2.224e+9
389.18,2.128e+9,,2.128e+9
389.23,1.987e+9,,1.987e+9
389.28,1.816e+9,,1.816e+9
389.33,1.628e+9,,1.628e+9
389.38,1.439e+9,,1.439e+9
389.43,1.261e+9,,1.261e+9
389.48,1.104e+9,,1.104e+9
389.53,9.744e+8,,9.744e+8
389.58,8.759e+8,,8.759e+8
389.63,8.085e+8,,8.085e+8
389.68,7.698e+8,,7.698e+8
389.73,7.553e+8,,7.553e+8
389.78,7.591e+8,,7.591e+8
389.83,7.742e+8,,7.742e+8
389.88,7.937e+8,,7.937e+8
389.93,8.113e+8,,8.113e+8
389.98,8.222e+8,,8.222e+8
390.03,8.233e+8,,8.233e+8
390.08,8.140e+8,,8.140e+8
390.13,7.959e+8,,7.959e+8
390.18,7.722e+8,,7.722e+8
390.23,7.475e+8,,7.475e+8
390.28,7.263e+8,,7.263e+8
390.33,7.126e+8,,7.126e+8
390.38,7.090e+8,,7.090e+8
390.43,7.167e+8,,7.167e+8
390.48,7.350e+8,,7.350e+8
390.53,7.621e+8,,7.621e+8
390.58,7.955e+8,,7.955e+8
390.63,8.324e+8,,8.324e+8
390.68,8.703e+8,,8.703e+8
390.73,9.071e+8,,9.071e+8
390.78,9.411e+8,,9.411e+8
390.83,9.710e+8,,9.710e+8
390.88,9.950e+8,,9.950e+8
390.93,1.012e+9,,1.012e+9
390.98,1.019e+9,,1.019e+9
391.03,1.016e+9,,1.016e+9
391.08,9.993e+8,,9.993e+8
391.13,9.698e+8,,9.698e+8
391.18,9.272e+8,,9.272e+8
391.23,8.732e+8,,8.732e+8
391.28,8.108e+8,,8.108e+8
391.33,7.436e+8,,7.436e+8
391.38,6.761e+8,,6.761e+8
391.43,6.129e+8,,6.129e+8
391.48,5.581e+8,,5.581e+8
391.53,5.152e+8,,5.152e+8
391.58,4.867e+8,,4.867e+8
391.63,4.739e+8,,4.739e+8
391.68,4.771e+8,,4.771e+8
391.73,4.949e+8,,4.949e+8
391.78,5.249e+8,,5.249e+8
391.83,5.634e+8,,5.634e+8
391.88,6.058e+8,,6.058e+8
391.93,6.466e+8,,6.466e+8
391.98,6.808e+8,,6.808e+8
392.03,7.037e+8,,7.037e+8
392.08,7.120e+8,,7.120e+8
392.13,7.042e+8,,7.042e+8
392.18,6.805e+8,,6.805e+8
392.23,6.433e+8,,6.433e+8
392.28,5.960e+8,,5.960e+8
392.33,5.432e+8,,5.432e+8
392.38,4.892e+8,,4.892e+8
392.43,4.378e+8,,4.378e+8
392.48,3.915e+8,,3.915e+8
392.53,3.518e+8,,3.518e+8
392.58,3.186e+8,,3.186e+8
392.63,2.911e+8,,2.911e+8
392.68,2.678e+8,,2.678e+8
392.73,2.475e+8,,2.475e+8
392.78,2.289e+8,,2.289e+8
392.83,2.118e+8,,2.118e+8
392.88,1.963e+8,,1.963e+8
392.93,1.832e+8,,1.832e+8
392.98,1.736e+8,,1.736e+8
393.03,1.686e+8,,1.686e+8
393.08,1.690e+8,,1.690e+8
393.13,1.751e+8,,1.751e+8
393.18,1.864e+8,,1.864e+8
393.23,2.020e+8,,2.020e+8
393.28,2.205e+8,,2.205e+8
393.33,2.403e+8,,2.403e+8
393.38,2.598e+8,,2.598e+8
393.43,2.784e+8,,2.784e+8
393.48,2.959e+8,,2.959e+8
393.53,3.133e+8,,3.133e+8
393.58,3.324e+8,,3.324e+8
393.63,3.555e+8,,3.555e+8
393.68,3.853e+8,,3.853e+8
393.73,4.236e+8,,4.236e+8
393.78,4.714e+8,,4.714e+8
393.83,5.281e+8,,5.281e+8
393.88,5.910e+8,,5.910e+8
393.93,6.558e+8,,6.558e+8
393.98,7.171e+8,,7.171e+8
394.03,7.685e+8,,7.685e+8
394.08,8.043e+8,,8.043e+8
394.13,8.202e+8,,8.202e+8
394.18,8.136e+8,,8.136e+8
394.23,7.848e+8,,7.848e+8
394.28,7.368e+8,,7.368e+8
394.33,6.747e+8,,6.747e+8
394.38,6.056e+8,,6.056e+8
394.43,5.375e+8,,5.375e+8
394.48,4.786e+8,,4.786e+8
394.53,4.364e+8,,4.364e+8
394.58,4.174e+8,,4.174e+8
394.63,4.260e+8,,4.260e+8
394.68,4.650e+8,,4.650e+8
394.73,5.343e+8,,5.343e+8
394.78,6.319e+8,,6.319e+8
394.83,7.527e+8,,7.527e+8
394.88,8.897e+8,,8.897e+8
394.93,1.034e+9,,1.034e+9
394.98,1.174e+9,,1.174e+9
395.03,1.299e+9,,1.299e+9
395.08,1.400e+9,,1.400e+9
395.13,1.469e+9,,1.469e+9
395.18,1.499e+9,,1.499e+9
395.23,1.489e+9,,1.489e+9
395.28,1.441e+9,,1.441e+9
395.33,1.361e+9,,1.361e+9
395.38,1.256e+9,,1.256e+9
395.43,1.136e+9,,1.136e+9
395.48,1.012e+9,,1.012e+9
395.53,8.921e+8,,8.921e+8
395.58,7.858e+8,,7.858e+8
395.63,6.994e+8,,6.994e+8
395.68,6.378e+8,,6.378e+8
395.73,6.038e+8,,6.038e+8
395.78,5.988e+8,,5.988e+8
395.83,6.224e+8,,6.224e+8
395.88,6.729e+8,,6.729e+8
395.93,7.470e+8,,7.470e+8
395.98,8.394e+8,,8.394e+8
396.03,9.435e+8,,9.435e+8
396.08,1.051e+9,,1.051e+9
396.13,1.152e+9,,1.152e+9
396.18,1.237e+9,,1.237e+9
396.23,1.298e+9,,1.298e+9
396.28,1.328e+9,,1.328e+9
396.33,1.321e+9,,1.321e+9
396.38,1.279e+9,,1.279e+9
396.43,1.205e+9,,1.205e+9
396.48,1.105e+9,,1.105e+9
396.53,9.892e+8,,9.892e+8
396.58,8.681e+8,,8.681e+8
396.63,7.534e+8,,7.534e+8
396.68,6.559e+8,,6.559e+8
396.73,5.849e+8,,5.849e+8
396.78,5.477e+8,,5.477e+8
396.83,5.489e+8,,5.489e+8
396.88,5.904e+8,,5.904e+8
396.93,6.710e+8,,6.710e+8
396.98,7.865e+8,,7.865e+8
397.03,9.298e+8,,9.298e+8
397.08,1.091e+9,,1.091e+9
397.13,1.259e+9,,1.259e+9
397.18,1.420e+9,,1.420e+9
397.23,1.563e+9,,1.563e+9
397.28,1.676e+9,,1.676e+9
397.33,1.752e+9,,1.752e+9
397.38,1.787e+9,,1.787e+9
397.43,1.780e+9,,1.780e+9
397.48,1.736e+9,,1.736e+9
397.53,1.660e+9,,1.660e+9
397.58,1.562e+9,,1.562e+9
397.63,1.450e+9,,1.450e+9
397.68,1.332e+9,,1.332e+9
397.73,1.216e+9,,1.216e+9
397.78,1.105e+9,,1.105e+9
397.83,1.001e+9,,1.001e+9
397.88,9.069e+8,,9.069e+8
397.93,8.206e+8,,8.206e+8
397.98,7.413e+8,,7.413e+8
398.03,6.679e+8,,6.679e+8
398.08,5.992e+8,,5.992e+8
398.13,5.350e+8,,5.350e+8
398.18,4.756e+8,,4.756e+8
398.23,4.219e+8,,4.219e+8
398.28,3.755e+8,,3.755e+8
398.33,3.388e+8,,3.388e+8
398.38,3.142e+8,,3.142e+8
398.43,3.045e+8,,3.045e+8
398.48,3.123e+8,,3.123e+8
398.53,3.401e+8,,3.401e+8
398.58,3.893e+8,,3.893e+8
398.63,4.605e+8,,4.605e+8
398.68,5.525e+8,,5.525e+8
398.73,6.627e+8,,6.627e+8
398.78,7.867e+8,,7.867e+8
398.83,9.189e+8,,9.189e+8
398.88,1.052e+9,,1.052e+9
398.93,1.180e+9,,1.180e+9
398.98,1.294e+9,,1.294e+9
399.03,1.389e+9,,1.389e+9
399.08,1.461e+9,,1.461e+9
399.13,1.507e+9,,1.507e+9
399.18,1.526e+9,,1.526e+9
399.23,1.519e+9,,1.519e+9
399.28,1.486e+9,,1.486e+9
399.33,1.432e+9,,1.432e+9
399.38,1.358e+9,,1.358e+9
399.43,1.269e+9,,1.269e+9
399.48,1.167e+9,,1.167e+9
399.53,1.058e+9,,1.058e+9
399.58,9.447e+8,,9.447e+8
399.63,8.317e+8,,8.317e+8
399.68,7.233e+8,,7.233e+8
399.73,6.231e+8,,6.231e+8
399.78,5.345e+8,,5.345e+8
399.83,4.598e+8,,4.598e+8
399.88,4.003e+8,,4.003e+8
399.93,3.562e+8,,3.562e+8
399.98,3.268e+8,,3.268e+8
400.03,3.107e+8,,3.107e+8
400.08,3.059e+8,,3.059e+8
400.13,3.101e+8,,3.101e+8
400.18,3.215e+8,,3.215e+8
400.23,3.381e+8,,3.381e+8
400.28,3.588e+8,,3.588e+8
400.33,3.834e+8,,3.834e+8
400.38,4.126e+8,,4.126e+8
400.43,4.481e+8,,4.481e+8
400.48,4.932e+8,,4.932e+8
400.53,5.526e+8,,5.526e+8
400.58,6.317e+8,,6.317e+8
400.63,7.370e+8,,7.370e+8
400.68,8.747e+8,,8.747e+8
400.73,1.050e+9,,1.050e+9
400.78,1.265e+9,,1.265e+9
400.83,1.518e+9,,1.518e+9
400.88,1.804e+9,,1.804e+9
400.93,2.111e+9,,2.111e+9
400.98,2.423e+9,,2.423e+9
401.03,2.717e+9,,2.717e+9
401.08,2.972e+9,,2.972e+9
401.13,3.166e+9,,3.166e+9
401.18,3.281e+9,,3.281e+9
401.23,3.307e+9,,3.307e+9
401.28,3.241e+9,,3.241e+9
401.33,3.089e+9,,3.089e+9
401.38,2.868e+9,,2.868e+9
401.43,2.600e+9,,2.600e+9
401.48,2.310e+9,,2.310e+9
401.53,2.024e+9,,2.024e+9
401.58,1.767e+9,,1.767e+9
401.63,1.556e+9,,1.556e+9
401.68,1.406e+9,,1.406e+9
401.73,1.320e+9,,1.320e+9
401.78,1.297e+9,,1.297e+9
401.83,1.330e+9,,1.330e+9
401.88,1.406e+9,,1.406e+9
401.93,1.511e+9,,1.511e+9
401.98,1.626e+9,,1.626e+9
402.03,1.735e+9,,1.735e+9
402.08,1.824e+9,,1.824e+9
402.13,1.879e+9,,1.879e+9
402.18,1.894e+9,,1.894e+9
402.23,1.864e+9,,1.864e+9
402.28,1.792e+9,,1.792e+9
402.33,1.682e+9,,1.682e+9
402.38,1.544e+9,,1.544e+9
402.43,1.389e+9,,1.389e+9
402.48,1.228e+9,,1.228e+9
402.53,1.074e+9,,1.074e+9
402.58,9.363e+8,,9.363e+8
402.63,8.237e+8,,8.237e+8
402.68,7.412e+8,,7.412e+8
402.73,6.913e+8,,6.913e+8
402.78,6.731e+8,,6.731e+8
402.83,6.830e+8,,6.830e+8
402.88,7.152e+8,,7.152e+8
402.93,7.617e+8,,7.617e+8
402.98,8.139e+8,,8.139e+8
403.03,8.630e+8,,8.630e+8
403.08,9.011e+8,,9.011e+8
403.13,9.223e+8,,9.223e+8
403.18,9.229e+8,,9.229e+8
403.23,9.024e+8,,9.024e+8
403.28,8.631e+8,,8.631e+8
403.33,8.099e+8,,8.099e+8
403.38,7.498e+8,,7.498e+8
403.43,6.908e+8,,6.908e+8
403.48,6.410e+8,,6.410e+8
403.53,6.078e+8,,6.078e+8
403.58,5.968e+8,,5.968e+8
403.63,6.113e+8,,6.113e+8
403.68,6.520e+8,,6.520e+8
403.73,7.167e+8,,7.167e+8
403.78,8.003e+8,,8.003e+8
403.83,8.957e+8,,8.957e+8
403.88,9.940e+8,,9.940e+8
403.93,1.086e+9,,1.086e+9
403.98,1.161e+9,,1.161e+9
404.03,1.213e+9,,1.213e+9
404.08,1.236e+9,,1.236e+9
404.13,1.226e+9,,1.226e+9
404.18,1.184e+9,,1.184e+9
404.23,1.113e+9,,1.113e+9
404.28,1.020e+9,,1.020e+9
404.33,9.114e+8,,9.114e+8
404.38,7.952e+8,,7.952e+8
404.43,6.793e+8,,6.793e+8
404.48,5.706e+8,,5.706e+8
404.53,4.745e+8,,4.745e+8
404.58,3.947e+8,,3.947e+8
404.63,3.331e+8,,3.331e+8
404.68,2.899e+8,,2.899e+8
404.73,2.639e+8,,2.639e+8
404.78,2.528e+8,,2.528e+8
404.83,2.535e+8,,2.535e+8
404.88,2.622e+8,,2.622e+8
404.93,2.753e+8,,2.753e+8
404.98,2.890e+8,,2.890e+8
405.03,3.005e+8,,3.005e+8
405.08,3.074e+8,,3.074e+8
405.13,3.087e+8,,3.087e+8
405.18,3.047e+8,,3.047e+8
405.23,2.970e+8,,2.970e+8
405.28,2.887e+8,,2.887e+8
405.33,2.838e+8,,2.838e+8
405.38,2.877e+8,,2.877e+8
405.43,3.060e+8,,3.060e+8
405.48,3.445e+8,,3.445e+8
405.53,4.085e+8,,4.085e+8
405.58,5.023e+8,,5.023e+8
405.63,6.279e+8,,6.279e+8
405.68,7.851e+8,,7.851e+8
405.73,9.702e+8,,9.702e+8
405.78,1.176e+9,,1.176e+9
405.83,1.392e+9,,1.392e+9
405.88,1.604e+9,,1.604e+9
405.93,1.798e+9,,1.798e+9
405.98,1.959e+9,,1.959e+9
406.03,2.072e+9,,2.072e+9
406.08,2.128e+9,,2.128e+9
406.13,2.122e+9,,2.122e+9
406.18,2.056e+9,,2.056e+9
406.23,1.934e+9,,1.934e+9
406.28,1.768e+9,,1.768e+9
406.33,1.573e+9,,1.573e+9
406.38,1.363e+9,,1.363e+9
406.43,1.154e+9,,1.154e+9
406.48,9.576e+8,,9.576e+8
406.53,7.836e+8,,7.836e+8
406.58,6.376e+8,,6.376e+8
406.63,5.218e+8,,5.218e+8
406.68,4.349e+8,,4.349e+8
406.73,3.740e+8,,3.740e+8
406.78,3.342e+8,,3.342e+8
406.83,3.109e+8,,3.109e+8
406.88,2.994e+8,,2.994e+8
406.93,2.960e+8,,2.960e+8
406.98,2.981e+8,,2.981e+8
407.03,3.041e+8,,3.041e+8
407.08,3.130e+8,,3.130e+8
407.13,3.248e+8,,3.248e+8
407.18,3.390e+8,,3.390e+8
407.23,3.552e+8,,3.552e+8
407.28,3.724e+8,,3.724e+8
407.33,3.894e+8,,3.894e+8
407.38,4.042e+8,,4.042e+8
407.43,4.151e+8,,4.151e+8
407.48,4.202e+8,,4.202e+8
407.53,4.183e+8,,4.183e+8
407.58,4.091e+8,,4.091e+8
407.63,3.926e+8,,3.926e+8
407.68,3.700e+8,,3.700e+8
407.73,3.427e+8,,3.427e+8
407.78,3.126e+8,,3.126e+8
407.83,2.816e+8,,2.816e+8
407.88,2.512e+8,,2.512e+8
407.93,2.227e+8,,2.227e+8
407.98,1.968e+8,,1.968e+8
408.03,1.741e+8,,1.741e+8
408.08,1.545e+8,,1.545e+8
408.13,1.380e+8,,1.380e+8
408.18,1.242e+8,,1.242e+8
408.23,1.130e+8,,1.130e+8
408.28,1.040e+8,,1.040e+8
408.33,9.670e+7,,9.670e+7
408.38,9.084e+7,,9.084e+7
408.43,8.595e+7,,8.595e+7
408.48,8.159e+7,,8.159e+7
408.53,7.737e+7,,7.737e+7
408.58,7.296e+7,,7.296e+7
408.63,6.812e+7,,6.812e+7
408.68,6.280e+7,,6.280e+7
408.73,5.710e+7,,5.710e+7
408.78,5.127e+7,,5.127e+7
408.83,4.568e+7,,4.568e+7
408.88,4.084e+7,,4.084e+7
408.93,3.725e+7,,3.725e+7
408.98,3.547e+7,,3.547e+7
409.03,3.600e+7,,3.600e+7
409.08,3.929e+7,,3.929e+7
409.13,4.566e+7,,4.566e+7
409.18,5.531e+7,,5.531e+7
409.23,6.823e+7,,6.823e+7
409.28,8.421e+7,,8.421e+7
409.33,1.028e+8,,1.028e+8
409.38,1.232e+8,,1.232e+8
409.43,1.445e+8,,1.445e+8
409.48,1.654e+8,,1.654e+8
409.53,1.848e+8,,1.848e+8
409.58,2.013e+8,,2.013e+8
409.63,2.137e+8,,2.137e+8
409.68,2.213e+8,,2.213e+8
409.73,2.234e+8,,2.234e+8
409.78,2.200e+8,,2.200e+8
409.83,2.117e+8,,2.117e+8
409.88,1.995e+8,,1.995e+8
409.93,1.847e+8,,1.847e+8
409.98,1.694e+8,,1.694e+8
410.03,1.559e+8,,1.559e+8
410.08,1.471e+8,,1.471e+8
410.13,1.459e+8,,1.459e+8
410.18,1.559e+8,,1.559e+8
410.23,1.808e+8,,1.808e+8
410.28,2.246e+8,,2.246e+8
410.33,2.909e+8,,2.909e+8
410.38,3.831e+8,,3.831e+8
410.43,5.035e+8,,5.035e+8
410.48,6.527e+8,,6.527e+8
410.53,8.289e+8,,8.289e+8
410.58,1.027e+9,,1.027e+9
410.63,1.241e+9,,1.241e+9
410.68,1.458e+9,,1.458e+9
410.73,1.667e+9,,1.667e+9
410.78,1.853e+9,,1.853e+9
410.83,2.003e+9,,2.003e+9
410.88,2.105e+9,,2.105e+9
410.93,2.151e+9,,2.151e+9
410.98,2.138e+9,,2.138e+9
411.03,2.067e+9,,2.067e+9
411.08,1.945e+9,,1.945e+9
411.13,1.782e+9,,1.782e+9
411.18,1.590e+9,,1.590e+9
411.23,1.383e+9,,1.383e+9
411.28,1.174e+9,,1.174e+9
411.33,9.730e+8,,9.730e+8
411.38,7.887e+8,,7.887e+8
411.43,6.261e+8,,6.261e+8
411.48,4.878e+8,,4.878e+8
411.53,3.738e+8,,3.738e+8
411.58,2.829e+8,,2.829e+8
411.63,2.124e+8,,2.124e+8
411.68,1.598e+8,,1.598e+8
411.73,1.221e+8,,1.221e+8
411.78,9.697e+7,,9.697e+7
411.83,8.219e+7,,8.219e+7
411.88,7.600e+7,,7.600e+7
411.93,7.692e+7,,7.692e+7
411.98,8.361e+7,,8.361e+7
412.03,9.476e+7,,9.476e+7
412.08,1.090e+8,,1.090e+8
412.13,1.250e+8,,1.250e+8
412.18,1.412e+8,,1.412e+8
412.23,1.561e+8,,1.561e+8
412.28,1.683e+8,,1.683e+8
412.33,1.767e+8,,1.767e+8
412.38,1.806e+8,,1.806e+8
412.43,1.797e+8,,1.797e+8
412.48,1.743e+8,,1.743e+8
412.53,1.652e+8,,1.652e+8
412.58,1.537e+8,,1.537e+8
412.63,1.415e+8,,1.415e+8
412.68,1.305e+8,,1.305e+8
412.73,1.224e+8,,1.224e+8
412.78,1.193e+8,,1.193e+8
412.83,1.226e+8,,1.226e+8
412.88,1.337e+8,,1.337e+8
412.93,1.534e+8,,1.534e+8
412.98,1.818e+8,,1.818e+8
413.03,2.185e+8,,2.185e+8
413.08,2.625e+8,,2.625e+8
413.13,3.118e+8,,3.118e+8
413.18,3.639e+8,,3.639e+8
413.23,4.157e+8,,4.157e+8
413.28,4.638e+8,,4.638e+8
413.33,5.049e+8,,5.049e+8
413.38,5.357e+8,,5.357e+8
413.43,5.539e+8,,5.539e+8
413.48,5.578e+8,,5.578e+8
413.53,5.471e+8,,5.471e+8
413.58,5.226e+8,,5.226e+8
413.63,4.859e+8,,4.859e+8
413.68,4.398e+8,,4.398e+8
413.73,3.875e+8,,3.875e+8
413.78,3.322e+8,,3.322e+8
413.83,2.771e+8,,2.771e+8
413.88,2.249e+8,,2.249e+8
413.93,1.776e+8,,1.776e+8
413.98,1.364e+8,,1.364e+8
414.03,1.019e+8,,1.019e+8
414.08,7.401e+7,,7.401e+7
414.13,5.227e+7,,5.227e+7
414.18,3.590e+7,,3.590e+7
414.23,2.398e+7,,2.398e+7
414.28,1.559e+7,,1.559e+7
414.33,9.889e+6,,9.889e+6
414.38,6.183e+6,,6.183e+6
414.43,3.924e+6,,3.924e+6
414.48,2.743e+6,,2.743e+6
414.53,2.436e+6,,2.436e+6
414.58,2.977e+6,,2.977e+6
414.63,4.527e+6,,4.527e+6
414.68,7.461e+6,,7.461e+6
414.73,1.240e+7,,1.240e+7
414.78,2.026e+7,,2.026e+7
414.83,3.226e+7,,3.226e+7
414.88,4.997e+7,,4.997e+7
414.93,7.522e+7,,7.522e+7
414.98,1.100e+8,,1.100e+8
415.03,1.563e+8,,1.563e+8
415.08,2.159e+8,,2.159e+8
415.13,2.896e+8,,2.896e+8
415.18,3.775e+8,,3.775e+8
415.23,4.783e+8,,4.783e+8
415.28,5.889e+8,,5.889e+8
415.33,7.047e+8,,7.047e+8
415.38,8.198e+8,,8.198e+8
415.43,9.273e+8,,9.273e+8
415.48,1.020e+9,,1.020e+9
415.53,1.092e+9,,1.092e+9
415.58,1.137e+9,,1.137e+9
415.63,1.153e+9,,1.153e+9
415.68,1.140e+9,,1.140e+9
415.73,1.098e+9,,1.098e+9
415.78,1.033e+9,,1.033e+9
415.83,9.489e+8,,9.489e+8
415.88,8.530e+8,,8.530e+8
415.93,7.513e+8,,7.513e+8
415.98,6.495e+8,,6.495e+8
416.03,5.519e+8,,5.519e+8
416.08,4.617e+8,,4.617e+8
416.13,3.809e+8,,3.809e+8
416.18,3.103e+8,,3.103e+8
416.23,2.496e+8,,2.496e+8
416.28,1.984e+8,,1.984e+8
416.33,1.558e+8,,1.558e+8
416.38,1.207e+8,,1.207e+8
416.43,9.226e+7,,9.226e+7
416.48,6.952e+7,,6.952e+7
416.53,5.172e+7,,5.172e+7
416.58,3.823e+7,,3.823e+7
416.63,2.853e+7,,2.853e+7
416.68,2.226e+7,,2.226e+7
416.73,1.927e+7,,1.927e+7
416.78,1.961e+7,,1.961e+7
416.84,2.488e+7,,2.488e+7
416.89,3.408e+7,,3.408e+7
416.94,4.865e+7,,4.865e+7
416.99,6.978e+7,,6.978e+7
417.04,9.882e+7,,9.882e+7
417.09,1.371e+8,,1.371e+8
417.14,1.858e+8,,1.858e+8
417.19,2.458e+8,,2.458e+8
417.24,3.169e+8,,3.169e+8
417.29,3.986e+8,,3.986e+8
417.34,4.888e+8,,4.888e+8
417.39,5.846e+8,,5.846e+8
417.44,6.818e+8,,6.818e+8
417.49,7.757e+8,,7.757e+8
417.54,8.609e+8,,8.609e+8
417.59,9.321e+8,,9.321e+8
417.64,9.847e+8,,9.847e+8
417.69,1.015e+9,,1.015e+9
417.74,1.021e+9,,1.021e+9
417.79,1.003e+9,,1.003e+9
417.84,9.611e+8,,9.611e+8
417.89,8.993e+8,,8.993e+8
417.94,8.216e+8,,8.216e+8
417.99,7.328e+8,,7.328e+8
418.04,6.383e+8,,6.383e+8
418.09,5.429e+8,,5.429e+8
418.14,4.510e+8,,4.510e+8
418.19,3.659e+8,,3.659e+8
418.24,2.900e+8,,2.900e+8
418.29,2.244e+8,,2.244e+8
418.34,1.696e+8,,1.696e+8
418.39,1.252e+8,,1.252e+8
418.44,9.019e+7,,9.019e+7
418.49,6.346e+7,,6.346e+7
418.54,4.358e+7,,4.358e+7
418.59,2.921e+7,,2.921e+7
418.64,1.911e+7,,1.911e+7
418.69,1.219e+7,,1.219e+7
418.74,7.590e+6,,7.590e+6
418.79,4.607e+6,,4.607e+6
418.84,2.727e+6,,2.727e+6
418.89,1.573e+6,,1.573e+6
418.94,8.845e+5,,8.845e+5
418.99,4.846e+5,,4.846e+5
419.04,2.588e+5,,2.588e+5
419.09,1.350e+5,,1.350e+5
419.14,6.939e+4,,6.939e+4
419.19,3.658e+4,,3.658e+4
419.24,2.264e+4,,2.264e+4
419.29,2.117e+4,,2.117e+4
419.34,3.105e+4,,3.105e+4
419.39,5.583e+4,,5.583e+4
419.44,1.044e+5,,1.044e+5
419.49,1.931e+5,,1.931e+5
419.54,3.482e+5,,3.482e+5
419.59,6.110e+5,,6.110e+5
419.64,1.043e+6,,1.043e+6
419.69,1.730e+6,,1.730e+6
419.74,2.789e+6,,2.789e+6
419.79,4.373e+6,,4.373e+6
419.84,6.666e+6,,6.666e+6
419.89,9.879e+6,,9.879e+6
419.94,1.424e+7,,1.424e+7
419.99,1.995e+7,,1.995e+7
420.04,2.718e+7,,2.718e+7
420.09,3.601e+7,,3.601e+7
420.14,4.641e+7,,4.641e+7
420.19,5.821e+7,,5.821e+7
420.24,7.104e+7,,7.104e+7
420.29,8.442e+7,,8.442e+7
420.34,9.773e+7,,9.773e+7
420.39,1.103e+8,,1.103e+8
420.44,1.215e+8,,1.215e+8
420.49,1.308e+8,,1.308e+8
420.54,1.378e+8,,1.378e+8
420.59,1.424e+8,,1.424e+8
420.64,1.447e+8,,1.447e+8
420.69,1.451e+8,,1.451e+8
420.74,1.439e+8,,1.439e+8
420.79,1.417e+8,,1.417e+8
420.84,1.388e+8,,1.388e+8
420.89,1.356e+8,,1.356e+8
420.94,1.322e+8,,1.322e+8
420.99,1.285e+8,,1.285e+8
421.04,1.244e+8,,1.244e+8
421.09,1.196e+8,,1.196e+8
421.14,1.141e+8,,1.141e+8
421.19,1.076e+8,,1.076e+8
421.24,1.003e+8,,1.003e+8
421.29,9.256e+7,,9.256e+7
421.34,8.472e+7,,8.472e+7
421.39,7.735e+7,,7.735e+7
421.44,7.105e+7,,7.105e+7
421.49,6.637e+7,,6.637e+7
421.54,6.371e+7,,6.371e+7
421.59,6.330e+7,,6.330e+7
421.64,6.516e+7,,6.516e+7
421.69,6.904e+7,,6.904e+7
421.74,7.451e+7,,7.451e+7
421.79,8.095e+7,,8.095e+7
421.84,8.768e+7,,8.768e+7
421.89,9.402e+7,,9.402e+7
421.94,9.941e+7,,9.941e+7
421.99,1.035e+8,,1.035e+8
422.04,1.061e+8,,1.061e+8
422.09,1.074e+8,,1.074e+8
422.14,1.079e+8,,1.079e+8
422.19,1.081e+8,,1.081e+8
422.24,1.090e+8,,1.090e+8
422.29,1.113e+8,,1.113e+8
422.34,1.157e+8,,1.157e+8
422.39,1.227e+8,,1.227e+8
422.44,1.325e+8,,1.325e+8
422.49,1.451e+8,,1.451e+8
422.54,1.602e+8,,1.602e+8
422.59,1.773e+8,,1.773e+8
422.64,1.956e+8,,1.956e+8
422.69,2.146e+8,,2.146e+8
422.74,2.337e+8,,2.337e+8
422.79,2.522e+8,,2.522e+8
422.84,2.697e+8,,2.697e+8
422.89,2.858e+8,,2.858e+8
422.94,3.000e+8,,3.000e+8
422.99,3.117e+8,,3.117e+8
423.04,3.205e+8,,3.205e+8
423.09,3.254e+8,,3.254e+8
423.14,3.260e+8,,3.260e+8
423.19,3.215e+8,,3.215e+8
423.24,3.117e+8,,3.117e+8
423.29,2.965e+8,,2.965e+8
423.34,2.764e+8,,2.764e+8
423.39,2.520e+8,,2.520e+8
423.44,2.246e+8,,2.246e+8
423.49,1.954e+8,,1.954e+8
423.54,1.659e+8,,1.659e+8
423.59,1.374e+8,,1.374e+8
423.64,1.111e+8,,1.111e+8
423.69,8.784e+7,,8.784e+7
423.74,6.825e+7,,6.825e+7
423.79,5.270e+7,,5.270e+7
423.84,4.137e+7,,4.137e+7
423.89,3.439e+7,,3.439e+7
423.94,3.186e+7,,3.186e+7
423.99,3.398e+7,,3.398e+7
424.04,4.107e+7,,4.107e+7
424.09,5.359e+7,,5.359e+7
424.14,7.203e+7,,7.203e+7
424.19,9.683e+7,,9.683e+7
424.24,1.282e+8,,1.282e+8
424.29,1.661e+8,,1.661e+8
424.34,2.099e+8,,2.099e+8
424.39,2.581e+8,,2.581e+8
424.44,3.090e+8,,3.090e+8
424.49,3.598e+8,,3.598e+8
424.54,4.076e+8,,4.076e+8
424.59,4.491e+8,,4.491e+8
424.64,4.813e+8,,4.813e+8
424.69,5.017e+8,,5.017e+8
424.74,5.087e+8,,5.087e+8
424.79,5.017e+8,,5.017e+8
424.84,4.813e+8,,4.813e+8
424.89,4.491e+8,,4.491e+8
424.94,4.076e+8,,4.076e+8
424.99,3.598e+8,,3.598e+8
425.04,3.089e+8,,3.089e+8
425.09,2.580e+8,,2.580e+8
425.14,2.096e+8,,2.096e+8
425.19,1.656e+8,,1.656e+8
425.24,1.272e+8,,1.272e+8
425.29,9.512e+7,,9.512e+7
425.34,6.916e+7,,6.916e+7
425.39,4.891e+7,,4.891e+7
425.44,3.366e+7,,3.366e+7
425.49,2.254e+7,,2.254e+7
425.54,1.471e+7,,1.471e+7
425.59,9.392e+6,,9.392e+6
425.64,5.923e+6,,5.923e+6
425.69,3.791e+6,,3.791e+6
425.74,2.622e+6,,2.622e+6
425.79,2.167e+6,,2.167e+6
425.84,2.286e+6,,2.286e+6
425.89,2.928e+6,,2.928e+6
425.94,4.112e+6,,4.112e+6
425.99,5.906e+6,,5.906e+6
426.04,8.413e+6,,8.413e+6
426.09,1.175e+7,,1.175e+7
426.14,1.601e+7,,1.601e+7
426.19,2.128e+7,,2.128e+7
426.24,2.758e+7,,2.758e+7
426.29,3.486e+7,,3.486e+7
426.34,4.300e+7,,4.300e+7
426.39,5.180e+7,,5.180e+7
426.44,6.098e+7,,6.098e+7
426.49,7.025e+7,,7.025e+7
426.54,7.928e+7,,7.928e+7
426.59,8.780e+7,,8.780e+7
426.64,9.555e+7,,9.555e+7
426.69,1.024e+8,,1.024e+8
426.74,1.082e+8,,1.082e+8
426.79,1.130e+8,,1.130e+8
426.84,1.168e+8,,1.168e+8
426.89,1.197e+8,,1.197e+8
426.94,1.216e+8,,1.216e+8
426.99,1.225e+8,,1.225e+8
427.04,1.223e+8,,1.223e+8
427.09,1.211e+8,,1.211e+8
427.14,1.185e+8,,1.185e+8
427.19,1.147e+8,,1.147e+8
427.24,1.097e+8,,1.097e+8
427.29,1.036e+8,,1.036e+8
427.34,9.665e+7,,9.665e+7
427.39,8.946e+7,,8.946e+7
427.44,8.263e+7,,8.263e+7
427.49,7.694e+7,,7.694e+7
427.54,7.328e+7,,7.328e+7
427.59,7.260e+7,,7.260e+7
427.64,7.587e+7,,7.587e+7
427.69,8.397e+7,,8.397e+7
427.74,9.767e+7,,9.767e+7
427.79,1.175e+8,,1.175e+8
427.84,1.437e+8,,1.437e+8
427.89,1.760e+8,,1.760e+8
427.94,2.138e+8,,2.138e+8
427.99,2.559e+8,,2.559e+8
428.04,3.005e+8,,3.005e+8
428.09,3.456e+8,,3.456e+8
428.14,3.886e+8,,3.886e+8
428.19,4.270e+8,,4.270e+8
428.24,4.583e+8,,4.583e+8
428.29,4.804e+8,,4.804e+8
428.34,4.915e+8,,4.915e+8
428.39,4.910e+8,,4.910e+8
428.44,4.788e+8,,4.788e+8
428.49,4.557e+8,,4.557e+8
428.54,4.233e+8,,4.233e+8
428.59,3.837e+8,,3.837e+8
428.64,3.394e+8,,3.394e+8
428.69,2.929e+8,,2.929e+8
428.74,2.467e+8,,2.467e+8
428.79,2.027e+8,,2.027e+8
428.84,1.627e+8,,1.627e+8
428.89,1.276e+8,,1.276e+8
428.94,9.809e+7,,9.809e+7
428.99,7.430e+7,,7.430e+7
429.04,5.604e+7,,5.604e+7
429.09,4.292e+7,,4.292e+7
429.14,3.443e+7,,3.443e+7
429.19,3.005e+7,,3.005e+7
429.24,2.930e+7,,2.930e+7
429.29,3.179e+7,,3.179e+7
429.34,3.723e+7,,3.723e+7
429.39,4.548e+7,,4.548e+7
429.44,5.654e+7,,5.654e+7
429.49,7.060e+7,,7.060e+7
429.54,8.803e+7,,8.803e+7
429.59,1.095e+8,,1.095e+8
429.64,1.358e+8,,1.358e+8
429.69,1.681e+8,,1.681e+8
429.74,2.076e+8,,2.076e+8
429.79,2.555e+8,,2.555e+8
429.84,3.128e+8,,3.128e+8
429.89,3.800e+8,,3.800e+8
429.94,4.567e+8,,4.567e+8
429.99,5.414e+8,,5.414e+8
430.04,6.316e+8,,6.316e+8
430.09,7.234e+8,,7.234e+8
430.14,8.119e+8,,8.119e+8
430.19,8.918e+8,,8.918e+8
430.24,9.574e+8,,9.574e+8
430.29,1.004e+9,,1.004e+9
430.34,1.028e+9,,1.028e+9
430.39,1.027e+9,,1.027e+9
430.44,1.001e+9,,1.001e+9
430.49,9.526e+8,,9.526e+8
430.54,8.848e+8,,8.848e+8
430.59,8.024e+8,,8.024e+8
430.64,7.108e+8,,7.108e+8
430.69,6.156e+8,,6.156e+8
430.74,5.215e+8,,5.215e+8
430.79,4.325e+8,,4.325e+8
430.84,3.516e+8,,3.516e+8
430.89,2.804e+8,,2.804e+8
430.94,2.196e+8,,2.196e+8
430.99,1.691e+8,,1.691e+8
431.04,1.282e+8,,1.282e+8
431.09,9.573e+7,,9.573e+7
431.14,7.046e+7,,7.046e+7
431.19,5.114e+7,,5.114e+7
431.24,3.661e+7,,3.661e+7
431.29,2.586e+7,,2.586e+7
431.34,1.805e+7,,1.805e+7
431.39,1.250e+7,,1.250e+7
431.44,8.709e+6,,8.709e+6
431.49,6.301e+6,,6.301e+6
431.54,5.054e+6,,5.054e+6
431.59,4.881e+6,,4.881e+6
431.64,5.838e+6,,5.838e+6
431.69,8.130e+6,,8.130e+6
431.74,1.212e+7,,1.212e+7
431.79,1.835e+7,,1.835e+7
431.84,2.751e+7,,2.751e+7
431.89,4.042e+7,,4.042e+7
431.94,5.800e+7,,5.800e+7
431.99,8.116e+7,,8.116e+7
432.04,1.107e+8,,1.107e+8
432.09,1.472e+8,,1.472e+8
432.14,1.908e+8,,1.908e+8
432.19,2.411e+8,,2.411e+8
432.24,2.969e+8,,2.969e+8
432.29,3.565e+8,,3.565e+8
432.34,4.174e+8,,4.174e+8
432.39,4.766e+8,,4.766e+8
432.44,5.307e+8,,5.307e+8
432.49,5.765e+8,,5.765e+8
432.54,6.110e+8,,6.110e+8
432.59,6.318e+8,,6.318e+8
432.64,6.376e+8,,6.376e+8
432.69,6.281e+8,,6.281e+8
432.74,6.039e+8,,6.039e+8
432.79,5.671e+8,,5.671e+8
432.84,5.202e+8,,5.202e+8
432.89,4.663e+8,,4.663e+8
432.94,4.089e+8,,4.089e+8
432.99,3.513e+8,,3.513e+8
433.04,2.966e+8,,2.966e+8
433.09,2.472e+8,,2.472e+8
433.14,2.051e+8,,2.051e+8
433.19,1.718e+8,,1.718e+8
433.24,1.480e+8,,1.480e+8
433.29,1.339e+8,,1.339e+8
433.34,1.293e+8,,1.293e+8
433.39,1.337e+8,,1.337e+8
433.44,1.460e+8,,1.460e+8
433.49,1.647e+8,,1.647e+8
433.54,1.883e+8,,1.883e+8
433.59,2.146e+8,,2.146e+8
433.64,2.415e+8,,2.415e+8
433.69,2.668e+8,,2.668e+8
433.74,2.881e+8,,2.881e+8
433.79,3.038e+8,,3.038e+8
433.84,3.123e+8,,3.123e+8
433.89,3.129e+8,,3.129e+8
433.94,3.054e+8,,3.054e+8
433.99,2.904e+8,,2.904e+8
434.04,2.689e+8,,2.689e+8
434.09,2.427e+8,,2.427e+8
434.14,2.135e+8,,2.135e+8
434.19,1.833e+8,,1.833e+8
434.24,1.538e+8,,1.538e+8
434.29,1.267e+8,,1.267e+8
434.34,1.030e+8,,1.030e+8
434.39,8.361e+7,,8.361e+7
434.44,6.909e+7,,6.909e+7
434.49,5.962e+7,,5.962e+7
434.54,5.514e+7,,5.514e+7
434.59,5.542e+7,,5.542e+7
434.64,6.007e+7,,6.007e+7
434.69,6.857e+7,,6.857e+7
434.74,8.030e+7,,8.030e+7
434.79,9.451e+7,,9.451e+7
434.84,1.104e+8,,1.104e+8
434.89,1.271e+8,,1.271e+8
434.94,1.437e+8,,1.437e+8
434.99,1.597e+8,,1.597e+8
435.04,1.744e+8,,1.744e+8
435.09,1.878e+8,,1.878e+8
435.14,1.999e+8,,1.999e+8
435.19,2.113e+8,,2.113e+8
435.24,2.228e+8,,2.228e+8
435.29,2.353e+8,,2.353e+8
435.34,2.497e+8,,2.497e+8
435.39,2.667e+8,,2.667e+8
435.44,2.866e+8,,2.866e+8
435.49,3.090e+8,,3.090e+8
435.54,3.331e+8,,3.331e+8
435.59,3.573e+8,,3.573e+8
435.64,3.798e+8,,3.798e+8
435.69,3.984e+8,,3.984e+8
435.74,4.111e+8,,4.111e+8
435.79,4.164e+8,,4.164e+8
435.84,4.131e+8,,4.131e+8
435.89,4.010e+8,,4.010e+8
435.94,3.807e+8,,3.807e+8
435.99,3.536e+8,,3.536e+8
436.04,3.215e+8,,3.215e+8
436.09,2.868e+8,,2.868e+8
436.14,2.518e+8,,2.518e+8
436.19,2.187e+8,,2.187e+8
436.24,1.894e+8,,1.894e+8
436.29,1.652e+8,,1.652e+8
436.34,1.469e+8,,1.469e+8
436.39,1.345e+8,,1.345e+8
436.44,1.279e+8,,1.279e+8
436.49,1.261e+8,,1.261e+8
436.54,1.282e+8,,1.282e+8
436.59,1.330e+8,,1.330e+8
436.64,1.392e+8,,1.392e+8
436.69,1.457e+8,,1.457e+8
436.74,1.516e+8,,1.516e+8
436.79,1.561e+8,,1.561e+8
436.84,1.590e+8,,1.590e+8
436.89,1.601e+8,,1.601e+8
436.94,1.597e+8,,1.597e+8
436.99,1.581e+8,,1.581e+8
437.04,1.560e+8,,1.560e+8
437.09,1.538e+8,,1.538e+8
437.14,1.520e+8,,1.520e+8
437.19,1.508e+8,,1.508e+8
437.24,1.502e+8,,1.502e+8
437.29,1.500e+8,,1.500e+8
437.34,1.499e+8,,1.499e+8
437.39,1.493e+8,,1.493e+8
437.44,1.478e+8,,1.478e+8
437.49,1.450e+8,,1.450e+8
437.54,1.408e+8,,1.408e+8
437.59,1.353e+8,,1.353e+8
437.64,1.288e+8,,1.288e+8
437.69,1.220e+8,,1.220e+8
437.74,1.157e+8,,1.157e+8
437.79,1.110e+8,,1.110e+8
437.84,1.089e+8,,1.089e+8
437.89,1.102e+8,,1.102e+8
437.94,1.158e+8,,1.158e+8
437.99,1.263e+8,,1.263e+8
438.04,1.417e+8,,1.417e+8
438.09,1.620e+8,,1.620e+8
438.14,1.865e+8,,1.865e+8
438.19,2.143e+8,,2.143e+8
438.24,2.440e+8,,2.440e+8
438.29,2.739e+8,,2.739e+8
438.34,3.021e+8,,3.021e+8
438.39,3.267e+8,,3.267e+8
438.44,3.459e+8,,3.459e+8
438.49,3.582e+8,,3.582e+8
438.54,3.624e+8,,3.624e+8
438.59,3.582e+8,,3.582e+8
438.64,3.456e+8,,3.456e+8
438.69,3.255e+8,,3.255e+8
438.74,2.992e+8,,2.992e+8
438.79,2.682e+8,,2.682e+8
438.84,2.346e+8,,2.346e+8
438.89,2.002e+8,,2.002e+8
438.94,1.666e+8,,1.666e+8
438.99,1.353e+8,,1.353e+8
439.04,1.073e+8,,1.073e+8
439.09,8.337e+7,,8.337e+7
439.14,6.369e+7,,6.369e+7
439.19,4.833e+7,,4.833e+7
439.24,3.715e+7,,3.715e+7
439.29,2.988e+7,,2.988e+7
439.34,2.625e+7,,2.625e+7
439.39,2.601e+7,,2.601e+7
439.44,2.897e+7,,2.897e+7
439.49,3.497e+7,,3.497e+7
439.54,4.386e+7,,4.386e+7
439.59,5.546e+7,,5.546e+7
439.64,6.950e+7,,6.950e+7
439.69,8.553e+7,,8.553e+7
439.74,1.030e+8,,1.030e+8
439.79,1.210e+8,,1.210e+8
439.84,1.386e+8,,1.386e+8
439.89,1.549e+8,,1.549e+8
439.94,1.687e+8,,1.687e+8
439.99,1.791e+8,,1.791e+8
440.04,1.854e+8,,1.854e+8
440.09,1.872e+8,,1.872e+8
440.14,1.844e+8,,1.844e+8
440.19,1.774e+8,,1.774e+8
440.24,1.668e+8,,1.668e+8
440.29,1.538e+8,,1.538e+8
440.34,1.395e+8,,1.395e+8
440.39,1.252e+8,,1.252e+8
440.44,1.121e+8,,1.121e+8
440.49,1.014e+8,,1.014e+8
440.54,9.393e+7,,9.393e+7
440.59,9.023e+7,,9.023e+7
440.64,9.051e+7,,9.051e+7
440.69,9.464e+7,,9.464e+7
440.74,1.022e+8,,1.022e+8
440.79,1.123e+8,,1.123e+8
440.84,1.241e+8,,1.241e+8
440.89,1.363e+8,,1.363e+8
440.94,1.478e+8,,1.478e+8
440.99,1.574e+8,,1.574e+8
441.04,1.642e+8,,1.642e+8
441.09,1.673e+8,,1.673e+8
441.14,1.665e+8,,1.665e+8
441.19,1.616e+8,,1.616e+8
441.24,1.530e+8,,1.530e+8
441.29,1.412e+8,,1.412e+8
441.34,1.271e+8,,1.271e+8
441.39,1.115e+8,,1.115e+8
441.44,9.528e+7,,9.528e+7
441.49,7.938e+7,,7.938e+7
441.54,6.446e+7,,6.446e+7
441.59,5.102e+7,,5.102e+7
441.64,3.936e+7,,3.936e+7
441.69,2.959e+7,,2.959e+7
441.74,2.168e+7,,2.168e+7
441.79,1.548e+7,,1.548e+7
441.84,1.078e+7,,1.078e+7
441.89,7.312e+6,,7.312e+6
441.94,4.834e+6,,4.834e+6
441.99,3.115e+6,,3.115e+6
442.04,1.957e+6,,1.957e+6
442.09,1.198e+6,,1.198e+6
442.14,7.145e+5,,7.145e+5
442.19,4.155e+5,,4.155e+5
442.24,2.355e+5,,2.355e+5
442.29,1.301e+5,,1.301e+5
442.34,7.001e+4,,7.001e+4
442.39,3.673e+4,,3.673e+4
442.44,1.878e+4,,1.878e+4
442.49,9.361e+3,,9.361e+3
442.54,4.547e+3,,4.547e+3
442.59,2.153e+3,,2.153e+3
442.64,9.936e+2,,9.936e+2
442.69,4.479e+2,,4.479e+2
442.74,1.991e+2,,1.991e+2
442.79,9.226e+1,,9.226e+1
442.84,5.656e+1,,5.656e+1
442.89,6.749e+1,,6.749e+1
442.94,1.333e+2,,1.333e+2
442.99,3.001e+2,,3.001e+2
443.04,6.787e+2,,6.787e+2
443.09,1.504e+3,,1.504e+3
443.14,3.252e+3,,3.252e+3
443.19,6.858e+3,,6.858e+3
443.24,1.410e+4,,1.410e+4
443.29,2.827e+4,,2.827e+4
443.34,5.527e+4,,5.527e+4
443.39,1.054e+5,,1.054e+5
443.44,1.958e+5,,1.958e+5
443.49,3.549e+5,,3.549e+5
443.54,6.273e+5,,6.273e+5
443.59,1.081e+6,,1.081e+6
443.64,1.817e+6,,1.817e+6
443.69,2.978e+6,,2.978e+6
443.74,4.760e+6,,4.760e+6
443.79,7.422e+6,,7.422e+6
443.84,1.129e+7,,1.129e+7
443.89,1.675e+7,,1.675e+7
443.94,2.426e+7,,2.426e+7
443.99,3.428e+7,,3.428e+7
444.04,4.730e+7,,4.730e+7
444.09,6.374e+7,,6.374e+7
444.14,8.394e+7,,8.394e+7
444.19,1.081e+8,,1.081e+8
444.24,1.362e+8,,1.362e+8
444.29,1.680e+8,,1.680e+8
444.34,2.032e+8,,2.032e+8
444.39,2.414e+8,,2.414e+8
444.44,2.819e+8,,2.819e+8
444.49,3.243e+8,,3.243e+8
444.54,3.681e+8,,3.681e+8
444.59,4.130e+8,,4.130e+8
444.64,4.589e+8,,4.589e+8
444.69,5.055e+8,,5.055e+8
444.74,5.527e+8,,5.527e+8
444.79,5.999e+8,,5.999e+8
444.84,6.466e+8,,6.466e+8
444.89,6.914e+8,,6.914e+8
444.94,7.328e+8,,7.328e+8
444.99,7.689e+8,,7.689e+8
445.04,7.976e+8,,7.976e+8
445.09,8.170e+8,,8.170e+8
445.14,8.258e+8,,8.258e+8
445.19,8.230e+8,,8.230e+8
445.24,8.085e+8,,8.085e+8
445.29,7.833e+8,,7.833e+8
445.34,7.488e+8,,7.488e+8
445.39,7.072e+8,,7.072e+8
445.44,6.612e+8,,6.612e+8
445.49,6.133e+8,,6.133e+8
445.54,5.663e+8,,5.663e+8
445.59,5.225e+8,,5.225e+8
445.64,4.840e+8,,4.840e+8
445.69,4.523e+8,,4.523e+8
445.74,4.288e+8,,4.288e+8
445.79,4.140e+8,,4.140e+8
445.84,4.080e+8,,4.080e+8
445.89,4.106e+8,,4.106e+8
445.94,4.206e+8,,4.206e+8
445.99,4.364e+8,,4.364e+8
446.04,4.559e+8,,4.559e+8
446.09,4.764e+8,,4.764e+8
446.14,4.951e+8,,4.951e+8
446.19,5.093e+8,,5.093e+8
446.24,5.166e+8,,5.166e+8
446.29,5.151e+8,,5.151e+8
446.34,5.038e+8,,5.038e+8
446.39,4.825e+8,,4.825e+8
446.44,4.520e+8,,4.520e+8
446.49,4.138e+8,,4.138e+8
446.54,3.701e+8,,3.701e+8
446.59,3.231e+8,,3.231e+8
446.64,2.753e+8,,2.753e+8
446.69,2.289e+8,,2.289e+8
446.74,1.856e+8,,1.856e+8
446.79,1.469e+8,,1.469e+8
446.84,1.133e+8,,1.133e+8
446.89,8.532e+7,,8.532e+7
446.94,6.264e+7,,6.264e+7
446.99,4.485e+7,,4.485e+7
447.04,3.132e+7,,3.132e+7
447.09,2.133e+7,,2.133e+7
447.14,1.417e+7,,1.417e+7
447.19,9.175e+6,,9.175e+6
447.24,5.796e+6,,5.796e+6
447.29,3.570e+6,,3.570e+6
447.34,2.145e+6,,2.145e+6
447.39,1.256e+6,,1.256e+6
447.44,7.178e+5,,7.178e+5
447.49,3.999e+5,,3.999e+5
447.54,2.173e+5,,2.173e+5
447.59,1.151e+5,,1.151e+5
447.64,5.950e+4,,5.950e+4
447.7,2.607e+4,,2.607e+4
447.75,1.275e+4,,1.275e+4
447.8,6.078e+3,,6.078e+3
447.85,2.827e+3,,2.827e+3
447.9,1.282e+3,,1.282e+3
447.95,5.669e+2,,5.669e+2
448,2.445e+2,,2.445e+2
448.05,1.029e+2,,1.029e+2
448.1,4.226e+1,,4.226e+1
448.15,1.707e+1,,1.707e+1
448.2,7.104e+0,,7.104e+0
448.25,3.871e+0,,3.871e+0
448.3,4.427e+0,,4.427e+0
448.35,9.071e+0,,9.071e+0
448.4,2.140e+1,,2.140e+1
448.45,5.064e+1,,5.064e+1
448.5,1.174e+2,,1.174e+2
448.55,2.656e+2,,2.656e+2
448.6,5.864e+2,,5.864e+2
448.65,1.263e+3,,1.263e+3
448.7,2.654e+3,,2.654e+3
448.75,5.442e+3,,5.442e+3
448.8,1.089e+4,,1.089e+4
448.85,2.124e+4,,2.124e+4
448.9,4.045e+4,,4.045e+4
448.95,7.515e+4,,7.515e+4
449,1.362e+5,,1.362e+5
449.05,2.409e+5,,2.409e+5
449.1,4.156e+5,,4.156e+5
449.15,6.996e+5,,6.996e+5
449.2,1.149e+6,,1.149e+6
449.25,1.842e+6,,1.842e+6
449.3,2.880e+6,,2.880e+6
449.35,4.394e+6,,4.394e+6
449.4,6.543e+6,,6.543e+6
449.45,9.506e+6,,9.506e+6
449.5,1.348e+7,,1.348e+7
449.55,1.865e+7,,1.865e+7
449.6,2.520e+7,,2.520e+7
449.65,3.323e+7,,3.323e+7
449.7,4.278e+7,,4.278e+7
449.75,5.378e+7,,5.378e+7
449.8,6.604e+7,,6.604e+7
449.85,7.923e+7,,7.923e+7
449.9,9.290e+7,,9.290e+7
449.95,1.065e+8,,1.065e+8
450,1.195e+8,,1.195e+8
450.05,1.312e+8,,1.312e+8
450.1,1.411e+8,,1.411e+8
450.15,1.489e+8,,1.489e+8
450.2,1.541e+8,,1.541e+8
450.25,1.569e+8,,1.569e+8
450.3,1.571e+8,,1.571e+8
450.35,1.550e+8,,1.550e+8
450.4,1.510e+8,,1.510e+8
450.45,1.453e+8,,1.453e+8
450.5,1.384e+8,,1.384e+8
450.55,1.307e+8,,1.307e+8
450.6,1.225e+8,,1.225e+8
450.65,1.142e+8,,1.142e+8
450.7,1.059e+8,,1.059e+8
450.75,9.817e+7,,9.817e+7
450.8,9.111e+7,,9.111e+7
450.85,8.503e+7,,8.503e+7
450.9,8.021e+7,,8.021e+7
450.95,7.688e+7,,7.688e+7
451,7.521e+7,,7.521e+7
451.05,7.530e+7,,7.530e+7
451.1,7.716e+7,,7.716e+7
451.15,8.064e+7,,8.064e+7
451.2,8.550e+7,,8.550e+7
451.25,9.137e+7,,9.137e+7
451.3,9.778e+7,,9.778e+7
451.35,1.042e+8,,1.042e+8
451.4,1.100e+8,,1.100e+8
451.45,1.148e+8,,1.148e+8
451.5,1.179e+8,,1.179e+8
451.55,1.191e+8,,1.191e+8
451.6,1.180e+8,,1.180e+8
451.65,1.147e+8,,1.147e+8
451.7,1.093e+8,,1.093e+8
451.75,1.020e+8,,1.020e+8
451.8,9.307e+7,,9.307e+7
451.85,8.312e+7,,8.312e+7
451.9,7.260e+7,,7.260e+7
451.95,6.200e+7,,6.200e+7
452,5.175e+7,,5.175e+7
452.05,4.222e+7,,4.222e+7
452.1,3.365e+7,,3.365e+7
452.15,2.620e+7,,2.620e+7
452.2,1.992e+7,,1.992e+7
452.25,1.480e+7,,1.480e+7
452.3,1.073e+7,,1.073e+7
452.35,7.602e+6,,7.602e+6
452.4,5.256e+6,,5.256e+6
452.45,3.548e+6,,3.548e+6
452.5,2.338e+6,,2.338e+6
452.55,1.505e+6,,1.505e+6
452.6,9.458e+5,,9.458e+5
452.65,5.818e+5,,5.818e+5
452.7,3.524e+5,,3.524e+5
452.75,2.145e+5,,2.145e+5
452.8,1.394e+5,,1.394e+5
452.85,1.104e+5,,1.104e+5
452.9,1.215e+5,,1.215e+5
452.95,1.768e+5,,1.768e+5
453,2.922e+5,,2.922e+5
453.05,4.976e+5,,4.976e+5
453.1,8.415e+5,,8.415e+5
453.15,1.397e+6,,1.397e+6
453.2,2.269e+6,,2.269e+6
453.25,3.603e+6,,3.603e+6
453.3,5.588e+6,,5.588e+6
453.35,8.468e+6,,8.468e+6
453.4,1.254e+7,,1.254e+7
453.45,1.813e+7,,1.813e+7
453.5,2.563e+7,,2.563e+7
453.55,3.539e+7,,3.539e+7
453.6,4.774e+7,,4.774e+7
453.65,6.292e+7,,6.292e+7
453.7,8.102e+7,,8.102e+7
453.75,1.019e+8,,1.019e+8
453.8,1.253e+8,,1.253e+8
453.85,1.505e+8,,1.505e+8
453.9,1.765e+8,,1.765e+8
453.95,2.024e+8,,2.024e+8
454,2.267e+8,,2.267e+8
454.05,2.480e+8,,2.480e+8
454.1,2.651e+8,,2.651e+8
454.15,2.768e+8,,2.768e+8
454.2,2.824e+8,,2.824e+8
454.25,2.815e+8,,2.815e+8
454.3,2.741e+8,,2.741e+8
454.35,2.607e+8,,2.607e+8
454.4,2.422e+8,,2.422e+8
454.45,2.199e+8,,2.199e+8
454.5,1.949e+8,,1.949e+8
454.55,1.689e+8,,1.689e+8
454.6,1.429e+8,,1.429e+8
454.65,1.182e+8,,1.182e+8
454.7,9.564e+7,,9.564e+7
454.75,7.573e+7,,7.573e+7
454.8,5.883e+7,,5.883e+7
454.85,4.501e+7,,4.501e+7
454.9,3.416e+7,,3.416e+7
454.95,2.605e+7,,2.605e+7
455,2.036e+7,,2.036e+7
455.05,1.673e+7,,1.673e+7
455.1,1.481e+7,,1.481e+7
455.15,1.428e+7,,1.428e+7
455.2,1.483e+7,,1.483e+7
455.25,1.619e+7,,1.619e+7
455.3,1.811e+7,,1.811e+7
455.35,2.041e+7,,2.041e+7
455.4,2.290e+7,,2.290e+7
455.45,2.547e+7,,2.547e+7
455.5,2.803e+7,,2.803e+7
455.55,3.054e+7,,3.054e+7
455.6,3.304e+7,,3.304e+7
455.65,3.559e+7,,3.559e+7
455.7,3.831e+7,,3.831e+7
455.75,4.134e+7,,4.134e+7
455.8,4.479e+7,,4.479e+7
455.85,4.878e+7,,4.878e+7
455.9,5.333e+7,,5.333e+7
455.95,5.840e+7,,5.840e+7
456,6.382e+7,,6.382e+7
456.05,6.936e+7,,6.936e+7
456.1,7.468e+7,,7.468e+7
456.15,7.941e+7,,7.941e+7
456.2,8.315e+7,,8.315e+7
456.25,8.555e+7,,8.555e+7
456.3,8.635e+7,,8.635e+7
456.35,8.538e+7,,8.538e+7
456.4,8.263e+7,,8.263e+7
456.45,7.822e+7,,7.822e+7
456.5,7.238e+7,,7.238e+7
456.55,6.545e+7,,6.545e+7
456.6,5.782e+7,,5.782e+7
456.65,4.991e+7,,4.991e+7
456.7,4.210e+7,,4.210e+7
456.75,3.472e+7,,3.472e+7
456.8,2.804e+7,,2.804e+7
456.85,2.224e+7,,2.224e+7
456.9,1.743e+7,,1.743e+7
456.95,1.368e+7,,1.368e+7
457,1.101e+7,,1.101e+7
457.05,9.428e+6,,9.428e+6
457.1,8.932e+6,,8.932e+6
457.15,9.550e+6,,9.550e+6
457.2,1.133e+7,,1.133e+7
457.25,1.432e+7,,1.432e+7
457.3,1.860e+7,,1.860e+7
457.35,2.423e+7,,2.423e+7
457.4,3.121e+7,,3.121e+7
457.45,3.950e+7,,3.950e+7
457.5,4.894e+7,,4.894e+7
457.55,5.930e+7,,5.930e+7
457.6,7.020e+7,,7.020e+7
457.65,8.117e+7,,8.117e+7
457.7,9.166e+7,,9.166e+7
457.75,1.011e+8,,1.011e+8
457.8,1.088e+8,,1.088e+8
457.85,1.144e+8,,1.144e+8
457.9,1.174e+8,,1.174e+8
457.95,1.177e+8,,1.177e+8
458,1.152e+8,,1.152e+8
458.05,1.101e+8,,1.101e+8
458.1,1.028e+8,,1.028e+8
458.15,9.364e+7,,9.364e+7
458.2,8.332e+7,,8.332e+7
458.25,7.238e+7,,7.238e+7
458.3,6.140e+7,,6.140e+7
458.35,5.087e+7,,5.087e+7
458.4,4.115e+7,,4.115e+7
458.45,3.251e+7,,3.251e+7
458.5,2.510e+7,,2.510e+7
458.55,1.895e+7,,1.895e+7
458.6,1.401e+7,,1.401e+7
458.65,1.019e+7,,1.019e+7
458.7,7.366e+6,,7.366e+6
458.75,5.390e+6,,5.390e+6
458.8,4.143e+6,,4.143e+6
458.85,3.522e+6,,3.522e+6
458.9,3.453e+6,,3.453e+6
458.95,3.892e+6,,3.892e+6
459,4.823e+6,,4.823e+6
459.05,6.245e+6,,6.245e+6
459.1,8.167e+6,,8.167e+6
459.15,1.059e+7,,1.059e+7
459.2,1.351e+7,,1.351e+7
459.25,1.687e+7,,1.687e+7
459.3,2.061e+7,,2.061e+7
459.35,2.460e+7,,2.460e+7
459.4,2.869e+7,8.082e-10,2.869e+7
459.45,3.267e+7,2.949e-9,3.267e+7
459.5,3.634e+7,1.051e-8,3.634e+7
459.55,3.948e+7,3.659e-8,3.948e+7
459.6,4.189e+7,1.245e-7,4.189e+7
459.65,4.340e+7,4.135e-7,4.340e+7
459.7,4.392e+7,1.342e-6,4.392e+7
459.75,4.340e+7,4.255e-6,4.340e+7
459.8,4.189e+7,1.318e-5,4.189e+7
459.85,3.948e+7,3.987e-5,3.948e+7
459.9,3.634e+7,1.178e-4,3.634e+7
459.95,3.267e+7,3.402e-4,3.267e+7
460,2.869e+7,9.596e-4,2.869e+7
460.05,2.460e+7,2.644e-3,2.460e+7
460.1,2.060e+7,7.116e-3,2.060e+7
460.15,1.684e+7,1.871e-2,1.684e+7
460.2,1.345e+7,4.805e-2,1.345e+7
460.25,1.049e+7,1.206e-1,1.049e+7
460.3,7.994e+6,2.955e-1,7.994e+6
460.35,5.948e+6,7.074e-1,5.948e+6
460.4,4.321e+6,1.654e+0,4.321e+6
460.45,3.066e+6,3.780e+0,3.066e+6
460.5,2.125e+6,8.436e+0,2.125e+6
460.55,1.438e+6,1.839e+1,1.438e+6
460.6,9.506e+5,3.917e+1,9.506e+5
460.65,6.137e+5,8.149e+1,6.136e+5
460.7,3.870e+5,1.656e+2,3.868e+5
460.75,2.385e+5,3.288e+2,2.382e+5
460.8,1.438e+5,6.377e+2,1.432e+5
460.85,8.530e+4,1.208e+3,8.409e+4
460.9,5.046e+4,2.236e+3,4.823e+4
460.95,3.105e+4,4.042e+3,2.701e+4
461,2.191e+4,7.139e+3,1.477e+4
461.05,2.021e+4,1.232e+4,7.892e+3
461.1,2.487e+4,2.076e+4,4.117e+3
461.15,3.627e+4,3.417e+4,2.098e+3
461.2,5.600e+4,5.496e+4,1.044e+3
461.25,8.685e+4,8.634e+4,5.073e+2
461.3,1.327e+5,1.325e+5,2.407e+2
461.35,1.988e+5,1.986e+5,1.116e+2
461.4,2.910e+5,2.909e+5,5.051e+1
461.45,4.162e+5,4.162e+5,2.233e+1
461.5,5.817e+5,5.816e+5,9.640e+0
461.55,7.941e+5,7.941e+5,4.065e+0
461.6,1.059e+6,1.059e+6,1.674e+0
461.65,1.380e+6,1.380e+6,6.731e-1
461.7,1.756e+6,1.756e+6,2.644e-1
461.75,2.183e+6,2.183e+6,1.014e-1
461.8,2.651e+6,2.651e+6,3.799e-2
461.85,3.145e+6,3.145e+6,1.390e-2
461.9,3.644e+6,3.644e+6,4.966e-3
461.95,4.126e+6,4.126e+6,1.733e-3
462,4.563e+6,4.563e+6,5.934e-4
462.05,4.930e+6,4.930e+6,2.062e-4
462.1,5.203e+6,5.203e+6,9.488e-5
462.15,5.365e+6,5.365e+6,1.170e-4
462.2,5.405e+6,5.405e+6,3.011e-4
462.25,5.322e+6,5.322e+6,8.798e-4
462.3,5.122e+6,5.122e+6,2.555e-3
462.35,4.820e+6,4.820e+6,7.261e-3
462.4,4.441e+6,4.441e+6,2.017e-2
462.45,4.010e+6,4.010e+6,5.474e-2
462.5,3.559e+6,3.559e+6,1.452e-1
462.55,3.118e+6,3.118e+6,3.762e-1
462.6,2.715e+6,2.715e+6,9.524e-1
462.65,2.377e+6,2.377e+6,2.356e+0
462.7,2.123e+6,2.123e+6,5.696e+0
462.75,1.969e+6,1.969e+6,1.345e+1
462.8,1.925e+6,1.925e+6,3.105e+1
462.85,1.994e+6,1.994e+6,7.001e+1
462.9,2.175e+6,2.174e+6,1.542e+2
462.95,2.458e+6,2.457e+6,3.321e+2
463,2.829e+6,2.829e+6,6.985e+2
463.05,3.270e+6,3.268e+6,1.436e+3
463.1,3.754e+6,3.751e+6,2.884e+3
463.15,4.252e+6,4.247e+6,5.659e+3
463.2,4.735e+6,4.725e+6,1.085e+4
463.25,5.172e+6,5.152e+6,2.033e+4
463.3,5.536e+6,5.498e+6,3.721e+4
463.35,5.806e+6,5.739e+6,6.656e+4
463.4,5.973e+6,5.857e+6,1.163e+5
463.45,6.039e+6,5.840e+6,1.986e+5
463.5,6.023e+6,5.691e+6,3.315e+5
463.55,5.959e+6,5.419e+6,5.404e+5
463.6,5.902e+6,5.041e+6,8.609e+5
463.65,5.922e+6,4.582e+6,1.340e+6
463.7,6.107e+6,4.069e+6,2.038e+6
463.75,6.559e+6,3.530e+6,3.029e+6
463.8,7.390e+6,2.992e+6,4.398e+6
463.85,8.718e+6,2.478e+6,6.239e+6
463.9,1.065e+7,2.005e+6,8.650e+6
463.95,1.330e+7,1.585e+6,1.172e+7
464,1.673e+7,1.224e+6,1.551e+7
464.05,2.098e+7,9.234e+5,2.005e+7
464.1,2.602e+7,6.807e+5,2.534e+7
464.15,3.178e+7,4.902e+5,3.129e+7
464.2,3.809e+7,3.449e+5,3.775e+7
464.25,4.473e+7,2.371e+5,4.450e+7
464.3,5.141e+7,1.592e+5,5.125e+7
464.35,5.778e+7,1.045e+5,5.768e+7
464.4,6.349e+7,6.697e+4,6.342e+7
464.45,6.819e+7,4.194e+4,6.815e+7
464.5,7.157e+7,2.566e+4,7.154e+7
464.55,7.341e+7,1.534e+4,7.339e+7
464.6,7.357e+7,8.959e+3,7.356e+7
464.65,7.205e+7,5.112e+3,7.204e+7
464.7,6.894e+7,2.850e+3,6.894e+7
464.75,6.446e+7,1.552e+3,6.446e+7
464.8,5.889e+7,8.258e+2,5.889e+7
464.85,5.257e+7,4.293e+2,5.257e+7
464.9,4.586e+7,2.180e+2,4.586e+7
464.95,3.908e+7,1.082e+2,3.908e+7
465,3.255e+7,5.245e+1,3.255e+7
465.05,2.648e+7,2.484e+1,2.648e+7
465.1,2.105e+7,1.149e+1,2.105e+7
465.15,1.636e+7,5.196e+0,1.636e+7
465.2,1.242e+7,2.295e+0,1.242e+7
465.25,9.208e+6,9.902e-1,9.208e+6
465.3,6.673e+6,4.175e-1,6.673e+6
465.35,4.725e+6,1.719e-1,4.725e+6
465.4,3.269e+6,6.919e-2,3.269e+6
465.45,2.210e+6,2.720e-2,2.210e+6
465.5,1.460e+6,1.045e-2,1.460e+6
465.55,9.433e+5,3.920e-3,9.433e+5
465.6,5.963e+5,1.437e-3,5.963e+5
465.65,3.701e+5,5.148e-4,3.701e+5
465.7,2.280e+5,1.802e-4,2.280e+5
465.75,1.435e+5,6.187e-5,1.435e+5
465.8,9.944e+4,2.148e-5,9.944e+4
465.85,8.570e+4,9.579e-6,8.570e+4
465.9,9.842e+4,1.100e-5,9.842e+4
465.95,1.393e+5,2.742e-5,1.393e+5
466,2.152e+5,7.921e-5,2.152e+5
466.05,3.388e+5,2.281e-4,3.388e+5
466.1,5.286e+5,6.433e-4,5.286e+5
466.15,8.097e+5,1.774e-3,8.097e+5
466.2,1.214e+6,4.781e-3,1.214e+6
466.25,1.780e+6,1.260e-2,1.780e+6
466.3,2.550e+6,3.244e-2,2.550e+6
466.35,3.572e+6,8.167e-2,3.572e+6
466.4,4.890e+6,2.009e-1,4.890e+6
466.45,6.542e+6,4.833e-1,6.542e+6
466.5,8.555e+6,1.136e+0,8.555e+6
466.55,1.093e+7,2.611e+0,1.093e+7
466.6,1.365e+7,5.864e+0,1.365e+7
466.65,1.667e+7,1.287e+1,1.667e+7
466.7,1.989e+7,2.763e+1,1.989e+7
466.75,2.319e+7,5.796e+1,2.319e+7
466.8,2.642e+7,1.188e+2,2.642e+7
466.85,2.943e+7,2.382e+2,2.943e+7
466.9,3.203e+7,4.665e+2,3.203e+7
466.95,3.408e+7,8.934e+2,3.408e+7
467,3.543e+7,1.672e+3,3.543e+7
467.05,3.601e+7,3.059e+3,3.600e+7
467.1,3.576e+7,5.471e+3,3.576e+7
467.15,3.472e+7,9.563e+3,3.471e+7
467.2,3.294e+7,1.634e+4,3.292e+7
467.25,3.055e+7,2.729e+4,3.053e+7
467.3,2.771e+7,4.454e+4,2.766e+7
467.35,2.457e+7,7.108e+4,2.450e+7
467.4,2.131e+7,1.109e+5,2.120e+7
467.45,1.811e+7,1.690e+5,1.794e+7
467.5,1.508e+7,2.519e+5,1.483e+7
467.55,1.235e+7,3.669e+5,1.198e+7
467.6,9.985e+6,5.223e+5,9.462e+6
467.65,8.030e+6,7.269e+5,7.303e+6
467.7,6.498e+6,9.888e+5,5.509e+6
467.75,5.376e+6,1.315e+6,4.061e+6
467.8,4.635e+6,1.709e+6,2.926e+6
467.85,4.232e+6,2.171e+6,2.061e+6
467.9,4.114e+6,2.696e+6,1.418e+6
467.95,4.226e+6,3.272e+6,9.540e+5
468,4.510e+6,3.882e+6,6.272e+5
468.05,4.905e+6,4.502e+6,4.030e+5
468.1,5.357e+6,5.104e+6,2.530e+5
468.15,5.810e+6,5.655e+6,1.553e+5
468.2,6.218e+6,6.125e+6,9.315e+4
468.25,6.538e+6,6.484e+6,5.461e+4
468.3,6.741e+6,6.709e+6,3.129e+4
468.35,6.804e+6,6.786e+6,1.752e+4
468.4,6.719e+6,6.709e+6,9.589e+3
468.45,6.489e+6,6.484e+6,5.132e+3
468.5,6.127e+6,6.125e+6,2.689e+3
468.55,5.656e+6,5.655e+6,1.389e+3
468.6,5.104e+6,5.104e+6,7.267e+2
468.65,4.503e+6,4.502e+6,4.278e+2
468.7,3.883e+6,3.882e+6,3.612e+2
468.75,3.273e+6,3.272e+6,4.987e+2
468.8,2.697e+6,2.696e+6,9.063e+2
468.85,2.173e+6,2.171e+6,1.769e+3
468.9,1.712e+6,1.709e+6,3.456e+3
468.95,1.321e+6,1.315e+6,6.638e+3
469,1.001e+6,9.888e+5,1.249e+4
469.05,7.499e+5,7.269e+5,2.300e+4
469.1,5.638e+5,5.223e+5,4.146e+4
469.15,4.400e+5,3.669e+5,7.314e+4
469.2,3.781e+5,2.519e+5,1.263e+5
469.25,3.825e+5,1.690e+5,2.135e+5
469.3,4.642e+5,1.109e+5,3.533e+5
469.35,6.437e+5,7.108e+4,5.727e+5
469.4,9.537e+5,4.454e+4,9.091e+5
469.45,1.441e+6,2.729e+4,1.414e+6
469.5,2.171e+6,1.634e+4,2.155e+6
469.55,3.228e+6,9.563e+3,3.219e+6
469.6,4.719e+6,5.471e+3,4.713e+6
469.65,6.771e+6,3.059e+3,6.768e+6
469.7,9.534e+6,1.672e+3,9.532e+6
469.75,1.317e+7,8.934e+2,1.317e+7
469.8,1.786e+7,4.666e+2,1.786e+7
469.85,2.377e+7,2.382e+2,2.377e+7
469.9,3.107e+7,1.189e+2,3.107e+7
469.95,3.988e+7,5.807e+1,3.988e+7
470,5.028e+7,2.790e+1,5.028e+7
470.05,6.229e+7,1.351e+1,6.229e+7
470.1,7.584e+7,7.302e+0,7.584e+7
470.15,9.076e+7,5.803e+0,9.076e+7
470.2,1.068e+8,8.062e+0,1.068e+8
470.25,1.235e+8,1.518e+1,1.235e+8
470.3,1.405e+8,3.068e+1,1.405e+8
470.35,1.573e+8,6.191e+1,1.573e+8
470.4,1.731e+8,1.227e+2,1.731e+8
470.45,1.875e+8,2.378e+2,1.875e+8
470.5,1.999e+8,4.510e+2,1.999e+8
470.55,2.097e+8,8.362e+2,2.097e+8
470.6,2.166e+8,1.516e+3,2.166e+8
470.65,2.204e+8,2.687e+3,2.204e+8
470.7,2.209e+8,4.658e+3,2.209e+8
470.75,2.184e+8,7.896e+3,2.184e+8
470.8,2.131e+8,1.309e+4,2.131e+8
470.85,2.054e+8,2.120e+4,2.054e+8
470.9,1.959e+8,3.360e+4,1.958e+8
470.95,1.851e+8,5.206e+4,1.850e+8
471,1.737e+8,7.886e+4,1.736e+8
471.05,1.623e+8,1.168e+5,1.622e+8
471.1,1.514e+8,1.692e+5,1.512e+8
471.15,1.414e+8,2.396e+5,1.411e+8
471.2,1.325e+8,3.318e+5,1.322e+8
471.25,1.249e+8,4.493e+5,1.245e+8
471.3,1.186e+8,5.949e+5,1.180e+8
471.35,1.134e+8,7.702e+5,1.126e+8
471.4,1.090e+8,9.749e+5,1.080e+8
471.45,1.053e+8,1.207e+6,1.040e+8
471.5,1.019e+8,1.460e+6,1.004e+8
471.55,9.860e+7,1.728e+6,9.687e+7
471.6,9.538e+7,2.000e+6,9.338e+7
471.65,9.221e+7,2.263e+6,8.994e+7
471.7,8.918e+7,2.503e+6,8.668e+7
471.75,8.653e+7,2.708e+6,8.383e+7
471.8,8.455e+7,2.864e+6,8.168e+7
471.85,8.353e+7,2.962e+6,8.056e+7
471.9,8.376e+7,2.996e+6,8.077e+7
471.95,8.545e+7,2.962e+6,8.249e+7
472,8.867e+7,2.864e+6,8.581e+7
472.05,9.335e+7,2.708e+6,9.065e+7
472.1,9.924e+7,2.503e+6,9.674e+7
472.15,1.059e+8,2.263e+6,1.037e+8
472.2,1.129e+8,2.000e+6,1.109e+8
472.25,1.195e+8,1.728e+6,1.178e+8
472.3,1.252e+8,1.460e+6,1.237e+8
472.35,1.293e+8,1.207e+6,1.280e+8
472.4,1.313e+8,9.749e+5,1.303e+8
472.45,1.309e+8,7.702e+5,1.301e+8
472.5,1.280e+8,5.949e+5,1.274e+8
472.55,1.227e+8,4.493e+5,1.222e+8
472.6,1.151e+8,3.318e+5,1.148e+8
472.65,1.057e+8,2.396e+5,1.055e+8
472.7,9.499e+7,1.692e+5,9.482e+7
472.75,8.350e+7,1.168e+5,8.339e+7
472.8,7.181e+7,7.886e+4,7.173e+7
472.85,6.040e+7,5.206e+4,6.034e+7
472.9,4.968e+7,3.360e+4,4.965e+7
472.95,3.997e+7,2.120e+4,3.994e+7
473,3.144e+7,1.309e+4,3.143e+7
473.05,2.419e+7,7.896e+3,2.418e+7
473.1,1.820e+7,4.658e+3,1.819e+7
473.15,1.339e+7,2.687e+3,1.338e+7
473.2,9.630e+6,1.516e+3,9.628e+6
473.25,6.774e+6,8.362e+2,6.773e+6
473.3,4.660e+6,4.510e+2,4.659e+6
473.35,3.134e+6,2.378e+2,3.134e+6
473.4,2.062e+6,1.226e+2,2.061e+6
473.45,1.326e+6,6.183e+1,1.326e+6
473.5,8.339e+5,3.048e+1,8.339e+5
473.55,5.129e+5,1.469e+1,5.129e+5
473.6,3.084e+5,6.925e+0,3.084e+5
473.65,1.814e+5,3.192e+0,1.814e+5
473.7,1.043e+5,1.438e+0,1.043e+5
473.75,5.865e+4,6.338e-1,5.864e+4
473.8,3.225e+4,2.731e-1,3.225e+4
473.85,1.734e+4,1.151e-1,1.734e+4
473.9,9.115e+3,4.739e-2,9.115e+3
473.95,4.686e+3,1.909e-2,4.686e+3
474,2.356e+3,7.519e-3,2.356e+3
474.05,1.158e+3,2.896e-3,1.158e+3
474.1,5.566e+2,1.090e-3,5.566e+2
474.15,2.616e+2,4.015e-4,2.616e+2
474.2,1.203e+2,1.445e-4,1.203e+2
474.25,5.405e+1,5.088e-5,5.405e+1
474.3,2.375e+1,1.751e-5,2.375e+1
474.35,1.021e+1,5.895e-6,1.021e+1
474.4,4.290e+0,1.940e-6,4.290e+0
474.45,1.763e+0,6.242e-7,1.763e+0
474.5,7.083e-1,1.964e-7,7.083e-1
474.55,2.783e-1,6.043e-8,2.783e-1
474.6,1.069e-1,1.818e-8,1.069e-1
474.65,4.017e-2,5.347e-9,4.017e-2
474.7,1.476e-2,1.538e-9,1.476e-2
474.75,5.302e-3,4.325e-10,5.302e-3
474.8,1.862e-3,,1.862e-3
474.85,6.397e-4,,6.397e-4
474.9,2.149e-4,,2.149e-4
474.95,7.058e-5,,7.058e-5
475,2.267e-5,,2.267e-5
475.05,7.119e-6,,7.119e-6
475.1,2.186e-6,,2.186e-6
475.15,6.565e-7,,6.565e-7
475.2,1.928e-7,,1.928e-7
475.25,5.536e-8,,5.536e-8
475.3,1.554e-8,,1.554e-8
476.85,2.354e-8,,2.354e-8
476.9,8.103e-8,,8.103e-8
476.95,2.730e-7,,2.730e-7
477,8.998e-7,,8.998e-7
477.05,2.902e-6,,2.902e-6
477.1,9.160e-6,,9.160e-6
477.15,2.829e-5,,2.829e-5
477.2,8.549e-5,,8.549e-5
477.25,2.528e-4,,2.528e-4
477.3,7.315e-4,,7.315e-4
477.35,2.071e-3,,2.071e-3
477.4,5.738e-3,,5.738e-3
477.45,1.555e-2,,1.555e-2
477.5,4.126e-2,,4.126e-2
477.55,1.071e-1,,1.071e-1
477.6,2.720e-1,,2.720e-1
477.65,6.760e-1,,6.760e-1
477.7,1.644e+0,,1.644e+0
477.75,3.912e+0,,3.912e+0
477.8,9.108e+0,,9.108e+0
477.85,2.075e+1,,2.075e+1
477.9,4.626e+1,,4.626e+1
477.95,1.009e+2,,1.009e+2
478,2.154e+2,,2.154e+2
478.05,4.500e+2,,4.500e+2
478.1,9.196e+2,,9.196e+2
478.15,1.839e+3,,1.839e+3
478.2,3.599e+3,,3.599e+3
478.25,6.892e+3,,6.892e+3
478.3,1.291e+4,,1.291e+4
478.35,2.368e+4,,2.368e+4
478.4,4.247e+4,,4.247e+4
478.45,7.456e+4,,7.456e+4
478.5,1.281e+5,,1.281e+5
478.56,2.382e+5,,2.382e+5
478.61,3.901e+5,,3.901e+5
478.66,6.251e+5,,6.251e+5
478.71,9.800e+5,,9.800e+5
478.76,1.504e+6,,1.504e+6
478.81,2.257e+6,,2.257e+6
478.86,3.316e+6,,3.316e+6
478.91,4.766e+6,,4.766e+6
478.96,6.704e+6,,6.704e+6
479.01,9.227e+6,,9.227e+6
479.06,1.243e+7,,1.243e+7
479.11,1.637e+7,,1.637e+7
479.16,2.111e+7,,2.111e+7
479.21,2.664e+7,,2.664e+7
479.26,3.289e+7,,3.289e+7
479.31,3.973e+7,,3.973e+7
479.36,4.697e+7,,4.697e+7
479.41,5.433e+7,,5.433e+7
479.46,6.149e+7,,6.149e+7
479.51,6.810e+7,,6.810e+7
479.56,7.380e+7,,7.380e+7
479.61,7.826e+7,,7.826e+7
479.66,8.120e+7,,8.120e+7
479.71,8.245e+7,,8.245e+7
479.76,8.191e+7,,8.191e+7
479.81,7.963e+7,,7.963e+7
479.86,7.575e+7,,7.575e+7
479.91,7.051e+7,,7.051e+7
479.96,6.422e+7,,6.422e+7
480.01,5.723e+7,,5.723e+7
480.06,4.991e+7,,4.991e+7
480.11,4.259e+7,,4.259e+7
480.16,3.556e+7,,3.556e+7
480.21,2.906e+7,,2.906e+7
480.26,2.323e+7,,2.323e+7
480.31,1.817e+7,,1.817e+7
480.36,1.391e+7,,1.391e+7
480.41,1.042e+7,,1.042e+7
480.46,7.639e+6,,7.639e+6
480.51,5.481e+6,,5.481e+6
480.56,3.850e+6,,3.850e+6
480.61,2.651e+6,,2.651e+6
480.66,1.795e+6,,1.795e+6
480.71,1.205e+6,,1.205e+6
480.76,8.181e+5,,8.181e+5
480.81,5.884e+5,,5.884e+5
480.86,4.853e+5,,4.853e+5
480.91,4.940e+5,,4.940e+5
480.96,6.147e+5,,6.147e+5
481.01,8.629e+5,,8.629e+5
481.06,1.270e+6,,1.270e+6
481.11,1.881e+6,,1.881e+6
481.16,2.758e+6,,2.758e+6
481.21,3.978e+6,,3.978e+6
481.26,5.631e+6,,5.631e+6
481.31,7.818e+6,,7.818e+6
481.36,1.064e+7,,1.064e+7
481.41,1.421e+7,,1.421e+7
481.46,1.863e+7,,1.863e+7
481.51,2.398e+7,,2.398e+7
481.56,3.033e+7,,3.033e+7
481.61,3.773e+7,,3.773e+7
481.66,4.620e+7,,4.620e+7
481.71,5.574e+7,,5.574e+7
481.76,6.632e+7,,6.632e+7
481.81,7.792e+7,,7.792e+7
481.86,9.048e+7,,9.048e+7
481.91,1.039e+8,,1.039e+8
481.96,1.182e+8,,1.182e+8
482.01,1.332e+8,,1.332e+8
482.06,1.487e+8,,1.487e+8
482.11,1.646e+8,,1.646e+8
482.16,1.804e+8,,1.804e+8
482.21,1.958e+8,,1.958e+8
482.26,2.102e+8,,2.102e+8
482.31,2.230e+8,,2.230e+8
482.36,2.336e+8,,2.336e+8
482.41,2.414e+8,,2.414e+8
482.46,2.457e+8,,2.457e+8
482.51,2.461e+8,,2.461e+8
482.56,2.425e+8,,2.425e+8
482.61,2.347e+8,,2.347e+8
482.66,2.231e+8,,2.231e+8
482.71,2.082e+8,,2.082e+8
482.76,1.905e+8,,1.905e+8
482.81,1.709e+8,,1.709e+8
482.86,1.503e+8,,1.503e+8
482.91,1.296e+8,,1.296e+8
482.96,1.094e+8,,1.094e+8
483.01,9.046e+7,,9.046e+7
483.06,7.327e+7,,7.327e+7
483.11,5.811e+7,,5.811e+7
483.16,4.513e+7,,4.513e+7
483.21,3.432e+7,,3.432e+7
483.26,2.554e+7,,2.554e+7
483.31,1.861e+7,,1.861e+7
483.36,1.328e+7,,1.328e+7
483.41,9.272e+6,,9.272e+6
483.46,6.338e+6,,6.338e+6
483.51,4.240e+6,,4.240e+6
483.56,2.777e+6,,2.777e+6
483.61,1.780e+6,,1.780e+6
483.66,1.117e+6,,1.117e+6
483.71,6.859e+5,,6.859e+5
483.76,4.123e+5,,4.123e+5
483.81,2.426e+5,,2.426e+5
483.86,1.397e+5,,1.397e+5
483.91,7.873e+4,,7.873e+4
483.96,4.345e+4,,4.345e+4
484.01,2.350e+4,,2.350e+4
484.06,1.250e+4,,1.250e+4
484.11,6.646e+3,,6.646e+3
484.16,3.744e+3,,3.744e+3
484.21,2.641e+3,,2.641e+3
484.26,2.870e+3,,2.870e+3
484.31,4.513e+3,,4.513e+3
484.36,8.211e+3,,8.211e+3
484.41,1.535e+4,,1.535e+4
484.46,2.844e+4,,2.844e+4
484.51,5.173e+4,,5.173e+4
484.56,9.220e+4,,9.220e+4
484.61,1.609e+5,,1.609e+5
484.66,2.750e+5,,2.750e+5
484.71,4.600e+5,,4.600e+5
484.76,7.535e+5,,7.535e+5
484.81,1.208e+6,,1.208e+6
484.86,1.897e+6,,1.897e+6
484.91,2.916e+6,,2.916e+6
484.96,4.388e+6,,4.388e+6
485.01,6.465e+6,,6.465e+6
485.06,9.326e+6,,9.326e+6
485.11,1.317e+7,,1.317e+7
485.16,1.821e+7,,1.821e+7
485.21,2.465e+7,,2.465e+7
485.26,3.267e+7,,3.267e+7
485.31,4.239e+7,,4.239e+7
485.36,5.385e+7,,5.385e+7
485.41,6.698e+7,,6.698e+7
485.46,8.156e+7,2.747e-9,8.156e+7
485.51,9.723e+7,9.246e-9,9.723e+7
485.56,1.135e+8,3.048e-8,1.135e+8
485.61,1.297e+8,9.837e-8,1.297e+8
485.66,1.451e+8,3.110e-7,1.451e+8
485.71,1.589e+8,9.625e-7,1.589e+8
485.76,1.704e+8,2.918e-6,1.704e+8
485.81,1.789e+8,8.660e-6,1.789e+8
485.86,1.839e+8,2.517e-5,1.839e+8
485.91,1.851e+8,7.165e-5,1.851e+8
485.96,1.824e+8,1.997e-4,1.824e+8
486.01,1.759e+8,5.451e-4,1.759e+8
486.06,1.662e+8,1.457e-3,1.662e+8
486.11,1.536e+8,3.814e-3,1.536e+8
486.16,1.391e+8,9.775e-3,1.391e+8
486.21,1.233e+8,2.454e-2,1.233e+8
486.26,1.070e+8,6.031e-2,1.070e+8
486.31,9.086e+7,1.451e-1,9.086e+7
486.36,7.557e+7,3.421e-1,7.557e+7
486.41,6.154e+7,7.896e-1,6.154e+7
486.46,4.906e+7,1.785e+0,4.906e+7
486.51,3.829e+7,3.950e+0,3.829e+7
486.56,2.926e+7,8.562e+0,2.926e+7
486.61,2.189e+7,1.817e+1,2.189e+7
486.66,1.604e+7,3.777e+1,1.604e+7
486.71,1.150e+7,7.687e+1,1.150e+7
486.76,8.075e+6,1.532e+2,8.075e+6
486.81,5.551e+6,2.990e+2,5.551e+6
486.86,3.736e+6,5.715e+2,3.736e+6
486.91,2.462e+6,1.070e+3,2.461e+6
486.96,1.590e+6,1.960e+3,1.588e+6
487.01,1.006e+6,3.518e+3,1.003e+6
487.06,6.263e+5,6.184e+3,6.201e+5
487.11,3.861e+5,1.064e+4,3.755e+5
487.16,2.407e+5,1.794e+4,2.227e+5
487.21,1.592e+5,2.960e+4,1.296e+5
487.26,1.222e+5,4.784e+4,7.436e+4
487.31,1.185e+5,7.572e+4,4.282e+4
487.36,1.435e+5,1.173e+5,2.618e+4
487.41,1.975e+5,1.781e+5,1.945e+4
487.46,2.851e+5,2.647e+5,2.047e+4
487.51,4.147e+5,3.852e+5,2.948e+4
487.56,5.980e+5,5.489e+5,4.908e+4
487.61,8.509e+5,7.661e+5,8.479e+4
487.66,1.193e+6,1.047e+6,1.460e+5
487.71,1.649e+6,1.401e+6,2.477e+5
487.76,2.249e+6,1.836e+6,4.123e+5
487.81,3.030e+6,2.356e+6,6.731e+5
487.86,4.038e+6,2.961e+6,1.077e+6
487.91,5.334e+6,3.644e+6,1.689e+6
487.96,6.990e+6,4.392e+6,2.598e+6
488.01,9.099e+6,5.183e+6,3.916e+6
488.06,1.178e+7,5.990e+6,5.786e+6
488.11,1.516e+7,6.778e+6,8.382e+6
488.16,1.941e+7,7.512e+6,1.190e+7
488.21,2.472e+7,8.152e+6,1.657e+7
488.26,3.128e+7,8.663e+6,2.262e+7
488.31,3.928e+7,9.016e+6,3.027e+7
488.36,4.889e+7,9.190e+6,3.970e+7
488.41,6.024e+7,9.174e+6,5.106e+7
488.46,7.336e+7,8.970e+6,6.439e+7
488.51,8.819e+7,8.592e+6,7.960e+7
488.56,1.045e+8,8.066e+6,9.647e+7
488.61,1.221e+8,7.424e+6,1.146e+8
488.66,1.402e+8,6.706e+6,1.335e+8
488.71,1.585e+8,5.954e+6,1.525e+8
488.76,1.760e+8,5.209e+6,1.707e+8
488.81,1.919e+8,4.510e+6,1.874e+8
488.86,2.056e+8,3.891e+6,2.017e+8
488.91,2.161e+8,3.377e+6,2.128e+8
488.96,2.230e+8,2.990e+6,2.200e+8
489.01,2.258e+8,2.742e+6,2.231e+8
489.06,2.244e+8,2.637e+6,2.217e+8
489.11,2.188e+8,2.675e+6,2.161e+8
489.16,2.093e+8,2.848e+6,2.064e+8
489.21,1.965e+8,3.142e+6,1.934e+8
489.26,1.812e+8,3.537e+6,1.777e+8
489.31,1.642e+8,4.009e+6,1.602e+8
489.36,1.463e+8,4.528e+6,1.418e+8
489.41,1.284e+8,5.064e+6,1.233e+8
489.46,1.111e+8,5.581e+6,1.055e+8
489.51,9.516e+7,6.048e+6,8.911e+7
489.56,8.095e+7,6.432e+6,7.451e+7
489.61,6.874e+7,6.708e+6,6.203e+7
489.66,5.866e+7,6.857e+6,5.180e+7
489.71,5.067e+7,6.867e+6,4.381e+7
489.76,4.464e+7,6.737e+6,3.790e+7
489.81,4.033e+7,6.474e+6,3.386e+7
489.86,3.746e+7,6.093e+6,3.137e+7
489.91,3.571e+7,5.617e+6,3.009e+7
489.96,3.476e+7,5.071e+6,2.969e+7
490.01,3.432e+7,4.484e+6,2.983e+7
490.06,3.410e+7,3.883e+6,3.022e+7
490.11,3.388e+7,3.293e+6,3.058e+7
490.16,3.348e+7,2.736e+6,3.074e+7
490.21,3.278e+7,2.225e+6,3.055e+7
490.26,3.173e+7,1.773e+6,2.995e+7
490.31,3.032e+7,1.383e+6,2.894e+7
490.36,2.862e+7,1.057e+6,2.756e+7
490.41,2.672e+7,7.912e+5,2.593e+7
490.46,2.477e+7,5.799e+5,2.419e+7
490.51,2.293e+7,4.163e+5,2.252e+7
490.56,2.140e+7,2.926e+5,2.111e+7
490.61,2.036e+7,2.015e+5,2.016e+7
490.66,2.001e+7,1.359e+5,1.987e+7
490.71,2.051e+7,8.976e+4,2.042e+7
490.76,2.203e+7,5.810e+4,2.197e+7
490.81,2.466e+7,3.691e+4,2.462e+7
490.86,2.849e+7,2.310e+4,2.846e+7
490.91,3.353e+7,1.443e+4,3.351e+7
490.96,3.975e+7,9.324e+3,3.974e+7
491.01,4.705e+7,6.782e+3,4.704e+7
491.06,5.528e+7,6.288e+3,5.527e+7
491.11,6.424e+7,7.760e+3,6.423e+7
491.16,7.370e+7,1.155e+4,7.369e+7
491.21,8.342e+7,1.850e+4,8.341e+7
491.26,9.317e+7,3.002e+4,9.314e+7
491.31,1.028e+8,4.827e+4,1.027e+8
491.36,1.120e+8,7.632e+4,1.119e+8
491.41,1.209e+8,1.183e+5,1.208e+8
491.46,1.294e+8,1.798e+5,1.292e+8
491.51,1.375e+8,2.677e+5,1.372e+8
491.56,1.453e+8,3.904e+5,1.449e+8
491.61,1.530e+8,5.577e+5,1.524e+8
491.66,1.604e+8,7.804e+5,1.596e+8
491.71,1.676e+8,1.070e+6,1.665e+8
491.76,1.745e+8,1.437e+6,1.730e+8
491.81,1.807e+8,1.890e+6,1.789e+8
491.86,1.861e+8,2.436e+6,1.837e+8
491.91,1.902e+8,3.075e+6,1.871e+8
491.96,1.925e+8,3.802e+6,1.887e+8
492.01,1.928e+8,4.606e+6,1.882e+8
492.06,1.907e+8,5.465e+6,1.853e+8
492.11,1.861e+8,6.353e+6,1.798e+8
492.16,1.790e+8,7.234e+6,1.718e+8
492.21,1.695e+8,8.069e+6,1.614e+8
492.26,1.579e+8,8.817e+6,1.490e+8
492.31,1.446e+8,9.438e+6,1.352e+8
492.36,1.302e+8,9.896e+6,1.203e+8
492.41,1.152e+8,1.017e+7,1.051e+8
492.46,1.002e+8,1.023e+7,8.999e+7
492.51,8.566e+7,1.008e+7,7.557e+7
492.56,7.195e+7,9.735e+6,6.221e+7
492.61,5.940e+7,9.207e+6,5.020e+7
492.66,4.822e+7,8.531e+6,3.969e+7
492.71,3.850e+7,7.743e+6,3.075e+7
492.76,3.023e+7,6.885e+6,2.335e+7
492.81,2.336e+7,5.997e+6,1.737e+7
492.86,1.777e+7,5.116e+6,1.265e+7
492.91,1.331e+7,4.276e+6,9.034e+6
492.96,9.820e+6,3.502e+6,6.319e+6
493.01,7.138e+6,2.809e+6,4.329e+6
493.06,5.114e+6,2.208e+6,2.906e+6
493.11,3.612e+6,1.701e+6,1.910e+6
493.16,2.517e+6,1.286e+6,1.230e+6
493.21,1.732e+6,9.561e+5,7.763e+5
493.26,1.182e+6,7.018e+5,4.798e+5
493.31,8.042e+5,5.138e+5,2.905e+5
493.36,5.552e+5,3.829e+5,1.723e+5
493.41,4.015e+5,3.015e+5,1.001e+5
493.46,3.207e+5,2.638e+5,5.695e+4
493.51,2.985e+5,2.667e+5,3.174e+4
493.56,3.271e+5,3.098e+5,1.733e+4
493.61,4.041e+5,3.948e+5,9.271e+3
493.66,5.308e+5,5.259e+5,4.858e+3
493.71,7.113e+5,7.089e+5,2.494e+3
493.76,9.513e+5,9.501e+5,1.255e+3
493.81,1.257e+6,1.256e+6,6.212e+2
493.86,1.632e+6,1.631e+6,3.067e+2
493.91,2.079e+6,2.079e+6,1.606e+2
493.96,2.597e+6,2.597e+6,1.084e+2
494.01,3.179e+6,3.179e+6,1.222e+2
494.06,3.814e+6,3.814e+6,2.074e+2
494.11,4.483e+6,4.483e+6,4.052e+2
494.16,5.164e+6,5.163e+6,8.078e+2
494.21,5.828e+6,5.827e+6,1.592e+3
494.26,6.446e+6,6.443e+6,3.083e+3
494.31,6.988e+6,6.982e+6,5.852e+3
494.36,7.426e+6,7.415e+6,1.089e+4
494.41,7.740e+6,7.720e+6,1.987e+4
494.46,7.915e+6,7.879e+6,3.554e+4
494.51,7.949e+6,7.887e+6,6.232e+4
494.56,7.854e+6,7.747e+6,1.071e+5
494.61,7.652e+6,7.472e+6,1.804e+5
494.66,7.382e+6,7.084e+6,2.980e+5
494.71,7.096e+6,6.614e+6,4.824e+5
494.76,6.858e+6,6.093e+6,7.655e+5
494.81,6.747e+6,5.556e+6,1.191e+6
494.86,6.853e+6,5.037e+6,1.816e+6
494.91,7.277e+6,4.563e+6,2.714e+6
494.96,8.133e+6,4.157e+6,3.977e+6
495.01,9.543e+6,3.832e+6,5.712e+6
495.06,1.164e+7,3.594e+6,8.041e+6
495.11,1.454e+7,3.441e+6,1.110e+7
495.16,1.837e+7,3.363e+6,1.501e+7
495.21,2.325e+7,3.345e+6,1.990e+7
495.26,2.924e+7,3.367e+6,2.587e+7
495.31,3.637e+7,3.409e+6,3.296e+7
495.36,4.461e+7,3.449e+6,4.116e+7
495.41,5.385e+7,3.470e+6,5.038e+7
495.46,6.391e+7,3.457e+6,6.045e+7
495.51,7.449e+7,3.398e+6,7.109e+7
495.56,8.524e+7,3.289e+6,8.195e+7
495.61,9.573e+7,3.130e+6,9.260e+7
495.66,1.055e+8,2.925e+6,1.026e+8
495.71,1.140e+8,2.682e+6,1.113e+8
495.76,1.209e+8,2.413e+6,1.184e+8
495.81,1.257e+8,2.128e+6,1.235e+8
495.86,1.281e+8,1.840e+6,1.263e+8
495.91,1.281e+8,1.559e+6,1.265e+8
495.96,1.255e+8,1.295e+6,1.242e+8
496.01,1.206e+8,1.054e+6,1.195e+8
496.06,1.136e+8,8.405e+5,1.128e+8
496.11,1.049e+8,6.569e+5,1.043e+8
496.16,9.498e+7,5.030e+5,9.448e+7
496.21,8.428e+7,3.774e+5,8.391e+7
496.26,7.331e+7,2.775e+5,7.304e+7
496.31,6.251e+7,1.999e+5,6.231e+7
496.36,5.224e+7,1.411e+5,5.210e+7
496.41,4.279e+7,9.760e+4,4.269e+7
496.46,3.436e+7,6.615e+4,3.429e+7
496.51,2.703e+7,4.393e+4,2.699e+7
496.56,2.085e+7,2.858e+4,2.082e+7
496.61,1.576e+7,1.822e+4,1.574e+7
496.66,1.168e+7,1.138e+4,1.166e+7
496.71,8.478e+6,6.968e+3,8.471e+6
496.76,6.033e+6,4.179e+3,6.028e+6
496.81,4.207e+6,2.456e+3,4.205e+6
496.86,2.876e+6,1.414e+3,2.874e+6
496.91,1.926e+6,7.980e+2,1.925e+6
496.96,1.265e+6,4.412e+2,1.264e+6
497.01,8.135e+5,2.390e+2,8.133e+5
497.06,5.129e+5,1.268e+2,5.128e+5
497.11,3.170e+5,6.597e+1,3.169e+5
497.16,1.919e+5,3.362e+1,1.919e+5
497.21,1.139e+5,1.679e+1,1.139e+5
497.26,6.624e+4,8.213e+0,6.623e+4
497.31,3.775e+4,3.937e+0,3.775e+4
497.36,2.109e+4,1.849e+0,2.109e+4
497.41,1.154e+4,8.512e-1,1.154e+4
497.46,6.191e+3,3.839e-1,6.191e+3
497.51,3.254e+3,1.696e-1,3.254e+3
497.56,1.676e+3,7.344e-2,1.676e+3
497.61,8.463e+2,3.116e-2,8.463e+2
497.66,4.187e+2,1.295e-2,4.187e+2
497.71,2.030e+2,5.276e-3,2.030e+2
497.76,9.642e+1,2.105e-3,9.642e+1
497.81,4.489e+1,8.234e-4,4.489e+1
497.86,2.048e+1,3.155e-4,2.048e+1
497.91,9.156e+0,1.184e-4,9.156e+0
497.96,4.011e+0,4.357e-5,4.011e+0
498.01,1.722e+0,1.571e-5,1.722e+0
498.06,7.245e-1,5.548e-6,7.245e-1
498.11,2.987e-1,1.920e-6,2.987e-1
498.16,1.207e-1,6.510e-7,1.207e-1
498.21,4.777e-2,2.163e-7,4.777e-2
498.26,1.853e-2,7.042e-8,1.853e-2
498.31,7.046e-3,2.246e-8,7.046e-3
498.36,2.625e-3,7.021e-9,2.625e-3
498.41,9.582e-4,2.150e-9,9.582e-4
498.46,3.428e-4,6.453e-10,3.428e-4
498.51,1.202e-4,,1.202e-4
498.56,4.127e-5,,4.127e-5
498.61,1.389e-5,,1.389e-5
498.66,4.582e-6,,4.582e-6
498.71,1.481e-6,,1.481e-6
498.76,4.691e-7,,4.691e-7
498.81,1.456e-7,,1.456e-7
498.86,4.331e-8,,4.331e-8
498.91,1.292e-8,,1.292e-8
500.31,1.027e-8,,1.027e-8
500.36,3.375e-8,,3.375e-8
500.41,1.088e-7,,1.088e-7
500.46,3.437e-7,,3.437e-7
500.51,1.065e-6,,1.065e-6
500.56,3.235e-6,,3.235e-6
500.61,9.634e-6,,9.634e-6
500.66,2.813e-5,,2.813e-5
500.71,8.054e-5,,8.054e-5
500.76,2.261e-4,,2.261e-4
500.81,6.222e-4,,6.222e-4
500.86,1.679e-3,,1.679e-3
500.91,4.442e-3,,4.442e-3
500.96,1.152e-2,,1.152e-2
501.01,2.930e-2,,2.930e-2
501.06,7.307e-2,,7.307e-2
501.11,1.786e-1,,1.786e-1
501.16,4.282e-1,,4.282e-1
501.21,1.006e+0,,1.006e+0
501.26,2.319e+0,,2.319e+0
501.31,5.239e+0,,5.239e+0
501.36,1.161e+1,,1.161e+1
501.41,2.521e+1,,2.521e+1
501.46,5.367e+1,,5.367e+1
501.51,1.121e+2,,1.121e+2
501.56,2.294e+2,,2.294e+2
501.61,4.604e+2,,4.604e+2
501.66,9.059e+2,,9.059e+2
501.71,1.748e+3,,1.748e+3
501.76,3.306e+3,,3.306e+3
501.81,6.132e+3,,6.132e+3
501.86,1.115e+4,,1.115e+4
501.91,1.988e+4,,1.988e+4
501.96,3.475e+4,,3.475e+4
502.01,5.955e+4,,5.955e+4
502.06,1.001e+5,,1.001e+5
502.11,1.649e+5,,1.649e+5
502.16,2.663e+5,,2.663e+5
502.21,4.218e+5,,4.218e+5
502.26,6.550e+5,,6.550e+5
502.31,9.972e+5,,9.972e+5
502.36,1.489e+6,,1.489e+6
502.41,2.179e+6,,2.179e+6
502.46,3.126e+6,,3.126e+6
502.51,4.399e+6,,4.399e+6
502.56,6.068e+6,,6.068e+6
502.61,8.206e+6,,8.206e+6
502.66,1.088e+7,,1.088e+7
502.71,1.415e+7,,1.415e+7
502.76,1.803e+7,,1.803e+7
502.81,2.254e+7,,2.254e+7
502.86,2.762e+7,,2.762e+7
502.91,3.319e+7,,3.319e+7
502.96,3.909e+7,,3.909e+7
503.01,4.515e+7,,4.515e+7
503.06,5.113e+7,,5.113e+7
503.11,5.676e+7,,5.676e+7
503.16,6.179e+7,,6.179e+7
503.21,6.595e+7,,6.595e+7
503.26,6.901e+7,,6.901e+7
503.31,7.080e+7,,7.080e+7
503.36,7.122e+7,,7.122e+7
503.41,7.025e+7,,7.025e+7
503.46,6.793e+7,,6.793e+7
503.51,6.440e+7,,6.440e+7
503.56,5.987e+7,,5.987e+7
503.61,5.457e+7,,5.457e+7
503.66,4.876e+7,,4.876e+7
503.71,4.272e+7,,4.272e+7
503.76,3.670e+7,,3.670e+7
503.81,3.091e+7,,3.091e+7
503.86,2.552e+7,,2.552e+7
503.91,2.067e+7,,2.067e+7
503.96,1.640e+7,,1.640e+7
504.01,1.277e+7,,1.277e+7
504.06,9.743e+6,,9.743e+6
504.11,7.290e+6,,7.290e+6
504.16,5.348e+6,,5.348e+6
504.21,3.846e+6,,3.846e+6
504.26,2.712e+6,,2.712e+6
504.31,1.875e+6,,1.875e+6
504.36,1.271e+6,,1.271e+6
504.41,8.449e+5,,8.449e+5
504.46,5.506e+5,,5.506e+5
504.51,3.519e+5,,3.519e+5
504.56,2.205e+5,,2.205e+5
504.61,1.357e+5,,1.357e+5
504.66,8.217e+4,,8.217e+4
504.71,4.940e+4,,4.940e+4
504.76,3.027e+4,,3.027e+4
504.81,2.030e+4,,2.030e+4
504.86,1.696e+4,,1.696e+4
504.91,1.936e+4,,1.936e+4
504.96,2.805e+4,,2.805e+4
505.01,4.508e+4,,4.508e+4
505.06,7.430e+4,,7.430e+4
505.11,1.219e+5,,1.219e+5
505.16,1.969e+5,,1.969e+5
505.21,3.123e+5,,3.123e+5
505.26,4.861e+5,,4.861e+5
505.31,7.421e+5,,7.421e+5
505.36,1.111e+6,,1.111e+6
505.41,1.632e+6,,1.632e+6
505.46,2.349e+6,,2.349e+6
505.51,3.318e+6,,3.318e+6
505.56,4.595e+6,,4.595e+6
505.61,6.241e+6,,6.241e+6
505.66,8.313e+6,,8.313e+6
505.71,1.086e+7,,1.086e+7
505.76,1.391e+7,,1.391e+7
505.81,1.747e+7,,1.747e+7
505.86,2.153e+7,,2.153e+7
505.91,2.601e+7,,2.601e+7
505.96,3.082e+7,,3.082e+7
506.01,3.581e+7,,3.581e+7
506.06,4.081e+7,,4.081e+7
506.11,4.561e+7,,4.561e+7
506.16,4.999e+7,,4.999e+7
506.21,5.373e+7,,5.373e+7
506.26,5.663e+7,,5.663e+7
506.31,5.854e+7,,5.854e+7
506.36,5.934e+7,,5.934e+7
506.41,5.900e+7,,5.900e+7
506.46,5.752e+7,,5.752e+7
506.51,5.500e+7,,5.500e+7
506.56,5.157e+7,,5.157e+7
506.61,4.742e+7,,4.742e+7
506.66,4.277e+7,,4.277e+7
506.71,3.782e+7,,3.782e+7
506.76,3.280e+7,,3.280e+7
506.81,2.790e+7,,2.790e+7
506.86,2.327e+7,,2.327e+7
506.91,1.904e+7,,1.904e+7
506.96,1.527e+7,,1.527e+7
507.01,1.202e+7,,1.202e+7
507.06,9.272e+6,,9.272e+6
507.11,7.016e+6,,7.016e+6
507.16,5.206e+6,,5.206e+6
507.21,3.788e+6,,3.788e+6
507.26,2.704e+6,,2.704e+6
507.31,1.892e+6,,1.892e+6
507.36,1.299e+6,,1.299e+6
507.41,8.744e+5,,8.744e+5
507.46,5.774e+5,,5.774e+5
507.51,3.742e+5,,3.742e+5
507.56,2.384e+5,,2.384e+5
507.61,1.500e+5,,1.500e+5
507.66,9.460e+4,,9.460e+4
507.71,6.219e+4,,6.219e+4
507.76,4.659e+4,,4.659e+4
507.81,4.475e+4,,4.475e+4
507.86,5.656e+4,,5.656e+4
507.91,8.491e+4,,8.491e+4
507.96,1.361e+5,,1.361e+5
508.01,2.208e+5,,2.208e+5
508.06,3.551e+5,,3.551e+5
508.11,5.619e+5,,5.619e+5
508.16,8.733e+5,,8.733e+5
508.21,1.332e+6,,1.332e+6
508.26,1.993e+6,,1.993e+6
508.31,2.924e+6,,2.924e+6
508.36,4.210e+6,,4.210e+6
508.41,5.944e+6,,5.944e+6
508.46,8.234e+6,,8.234e+6
508.51,1.119e+7,,1.119e+7
508.56,1.491e+7,,1.491e+7
508.61,1.949e+7,,1.949e+7
508.66,2.499e+7,,2.499e+7
508.71,3.144e+7,,3.144e+7
508.76,3.879e+7,,3.879e+7
508.81,4.695e+7,,4.695e+7
508.86,5.574e+7,,5.574e+7
508.91,6.491e+7,,6.491e+7
508.96,7.414e+7,,7.414e+7
509.01,8.308e+7,,8.308e+7
509.06,9.131e+7,,9.131e+7
509.11,9.845e+7,,9.845e+7
509.16,1.041e+8,,1.041e+8
509.21,1.080e+8,,1.080e+8
509.26,1.100e+8,,1.100e+8
509.31,1.099e+8,,1.099e+8
509.36,1.077e+8,,1.077e+8
509.42,1.026e+8,,1.026e+8
509.47,9.668e+7,,9.668e+7
509.52,8.955e+7,,8.955e+7
509.57,8.169e+7,,8.169e+7
509.62,7.358e+7,,7.358e+7
509.67,6.569e+7,,6.569e+7
509.72,5.848e+7,,5.848e+7
509.77,5.235e+7,,5.235e+7
509.82,4.767e+7,,4.767e+7
509.87,4.471e+7,,4.471e+7
509.92,4.367e+7,,4.367e+7
509.97,4.470e+7,,4.470e+7
510.02,4.784e+7,,4.784e+7
510.07,5.305e+7,,5.305e+7
510.12,6.024e+7,,6.024e+7
510.17,6.919e+7,,6.919e+7
510.22,7.964e+7,,7.964e+7
510.27,9.121e+7,,9.121e+7
510.32,1.035e+8,,1.035e+8
510.37,1.159e+8,,1.159e+8
510.42,1.280e+8,,1.280e+8
510.47,1.392e+8,,1.392e+8
510.52,1.489e+8,,1.489e+8
510.57,1.567e+8,,1.567e+8
510.62,1.621e+8,,1.621e+8
510.67,1.648e+8,,1.648e+8
510.72,1.647e+8,,1.647e+8
510.77,1.618e+8,,1.618e+8
510.82,1.561e+8,,1.561e+8
510.87,1.480e+8,,1.480e+8
510.92,1.379e+8,,1.379e+8
510.97,1.262e+8,,1.262e+8
511.02,1.135e+8,,1.135e+8
511.07,1.003e+8,,1.003e+8
511.12,8.705e+7,,8.705e+7
511.17,7.431e+7,,7.431e+7
511.22,6.244e+7,,6.244e+7
511.27,5.173e+7,,5.173e+7
511.32,4.240e+7,,4.240e+7
511.37,3.460e+7,,3.460e+7
511.42,2.839e+7,,2.839e+7
511.47,2.381e+7,,2.381e+7
511.52,2.085e+7,,2.085e+7
511.57,1.949e+7,,1.949e+7
511.62,1.970e+7,,1.970e+7
511.67,2.145e+7,,2.145e+7
511.72,2.472e+7,,2.472e+7
511.77,2.946e+7,,2.946e+7
511.82,3.566e+7,,3.566e+7
511.87,4.326e+7,,4.326e+7
511.92,5.223e+7,,5.223e+7
511.97,6.249e+7,,6.249e+7
512.02,7.399e+7,,7.399e+7
512.07,8.668e+7,,8.668e+7
512.12,1.005e+8,,1.005e+8
512.17,1.156e+8,,1.156e+8
512.22,1.319e+8,,1.319e+8
512.27,1.497e+8,,1.497e+8
512.32,1.692e+8,,1.692e+8
512.37,1.906e+8,,1.906e+8
512.42,2.143e+8,,2.143e+8
512.47,2.405e+8,,2.405e+8
512.52,2.694e+8,,2.694e+8
512.57,3.008e+8,,3.008e+8
512.62,3.346e+8,,3.346e+8
512.67,3.701e+8,,3.701e+8
512.72,4.064e+8,,4.064e+8
512.77,4.423e+8,,4.423e+8
512.82,4.763e+8,,4.763e+8
512.87,5.069e+8,,5.069e+8
512.92,5.323e+8,,5.323e+8
512.97,5.511e+8,,5.511e+8
513.02,5.619e+8,,5.619e+8
513.07,5.640e+8,,5.640e+8
513.12,5.568e+8,,5.568e+8
513.17,5.406e+8,,5.406e+8
513.22,5.158e+8,,5.158e+8
513.27,4.836e+8,,4.836e+8
513.32,4.455e+8,,4.455e+8
513.37,4.032e+8,,4.032e+8
513.42,3.584e+8,,3.584e+8
513.47,3.128e+8,,3.128e+8
513.52,2.682e+8,,2.682e+8
513.57,2.258e+8,,2.258e+8
513.62,1.866e+8,,1.866e+8
513.67,1.515e+8,,1.515e+8
513.72,1.208e+8,,1.208e+8
513.77,9.456e+7,,9.456e+7
513.82,7.270e+7,,7.270e+7
513.87,5.488e+7,,5.488e+7
513.92,4.069e+7,,4.069e+7
513.97,2.963e+7,,2.963e+7
514.02,2.118e+7,,2.118e+7
514.07,1.488e+7,,1.488e+7
514.12,1.026e+7,,1.026e+7
514.17,6.949e+6,,6.949e+6
514.22,4.623e+6,,4.623e+6
514.27,3.020e+6,,3.020e+6
514.32,1.938e+6,,1.938e+6
514.37,1.222e+6,,1.222e+6
514.42,7.562e+5,,7.562e+5
514.47,4.598e+5,,4.598e+5
514.52,2.746e+5,,2.746e+5
514.57,1.611e+5,,1.611e+5
514.62,9.282e+4,,9.282e+4
514.67,5.253e+4,,5.253e+4
514.72,2.920e+4,,2.920e+4
514.77,1.594e+4,,1.594e+4
514.82,8.551e+3,,8.551e+3
514.87,4.504e+3,,4.504e+3
514.92,2.330e+3,,2.330e+3
514.97,1.184e+3,,1.184e+3
515.02,5.911e+2,,5.911e+2
515.07,2.897e+2,,2.897e+2
515.12,1.395e+2,,1.395e+2
515.17,6.596e+1,,6.596e+1
515.22,3.063e+1,,3.063e+1
515.27,1.397e+1,,1.397e+1
515.32,6.258e+0,,6.258e+0
515.37,2.753e+0,,2.753e+0
515.42,1.189e+0,,1.189e+0
515.47,5.044e-1,,5.044e-1
515.52,2.101e-1,,2.101e-1
515.57,8.600e-2,,8.600e-2
515.62,3.471e-2,,3.471e-2
515.67,1.413e-2,,1.413e-2
515.72,6.631e-3,,6.631e-3
515.77,5.476e-3,,5.476e-3
515.82,9.443e-3,,9.443e-3
515.87,2.164e-2,,2.164e-2
515.92,5.164e-2,,5.164e-2
515.97,1.221e-1,,1.221e-1
516.02,2.836e-1,,2.836e-1
516.07,6.469e-1,,6.469e-1
516.12,1.449e+0,,1.449e+0
516.17,3.184e+0,,3.184e+0
516.22,6.868e+0,,6.868e+0
516.27,1.454e+1,,1.454e+1
516.32,3.022e+1,,3.022e+1
516.37,6.166e+1,,6.166e+1
516.42,1.235e+2,,1.235e+2
516.47,2.427e+2,,2.427e+2
516.52,4.682e+2,,4.682e+2
516.57,8.866e+2,,8.866e+2
516.62,1.648e+3,,1.648e+3
516.67,3.007e+3,,3.007e+3
516.72,5.384e+3,,5.384e+3
516.77,9.464e+3,,9.464e+3
516.82,1.633e+4,,1.633e+4
516.87,2.765e+4,,2.765e+4
516.92,4.597e+4,,4.597e+4
516.97,7.501e+4,,7.501e+4
517.02,1.201e+5,,1.201e+5
517.07,1.889e+5,,1.889e+5
517.12,2.914e+5,,2.914e+5
517.17,4.414e+5,,4.414e+5
517.22,6.563e+5,,6.563e+5
517.27,9.578e+5,,9.578e+5
517.32,1.372e+6,,1.372e+6
517.37,1.929e+6,,1.929e+6
517.42,2.664e+6,,2.664e+6
517.47,3.610e+6,,3.610e+6
517.52,4.803e+6,,4.803e+6
517.57,6.274e+6,,6.274e+6
517.62,8.049e+6,,8.049e+6
517.67,1.014e+7,,1.014e+7
517.72,1.255e+7,,1.255e+7
517.77,1.527e+7,,1.527e+7
517.82,1.826e+7,,1.826e+7
517.87,2.148e+7,,2.148e+7
517.92,2.490e+7,,2.490e+7
517.97,2.845e+7,,2.845e+7
518.02,3.211e+7,,3.211e+7
518.07,3.588e+7,,3.588e+7
518.12,3.980e+7,,3.980e+7
518.17,4.399e+7,,4.399e+7
518.22,4.864e+7,,4.864e+7
518.27,5.403e+7,,5.403e+7
518.32,6.051e+7,,6.051e+7
518.37,6.855e+7,,6.855e+7
518.42,7.864e+7,,7.864e+7
518.47,9.131e+7,,9.131e+7
518.52,1.071e+8,,1.071e+8
518.57,1.264e+8,,1.264e+8
518.62,1.495e+8,,1.495e+8
518.67,1.764e+8,,1.764e+8
518.72,2.072e+8,,2.072e+8
518.77,2.411e+8,,2.411e+8
518.82,2.776e+8,,2.776e+8
518.87,3.154e+8,,3.154e+8
518.92,3.532e+8,,3.532e+8
518.97,3.894e+8,,3.894e+8
519.02,4.224e+8,,4.224e+8
519.07,4.506e+8,,4.506e+8
519.12,4.724e+8,,4.724e+8
519.17,4.867e+8,,4.867e+8
519.22,4.926e+8,,4.926e+8
519.27,4.897e+8,,4.897e+8
519.32,4.782e+8,,4.782e+8
519.37,4.586e+8,,4.586e+8
519.42,4.320e+8,,4.320e+8
519.47,3.995e+8,,3.995e+8
519.52,3.629e+8,,3.629e+8
519.57,3.237e+8,,3.237e+8
519.62,2.835e+8,,2.835e+8
519.67,2.438e+8,,2.438e+8
519.72,2.058e+8,,2.058e+8
519.77,1.707e+8,,1.707e+8
519.82,1.390e+8,,1.390e+8
519.87,1.111e+8,,1.111e+8
519.92,8.728e+7,,8.728e+7
519.97,6.734e+7,,6.734e+7
520.02,5.108e+7,,5.108e+7
520.07,3.814e+7,,3.814e+7
520.12,2.812e+7,,2.812e+7
520.17,2.058e+7,,2.058e+7
520.22,1.511e+7,,1.511e+7
520.27,1.136e+7,,1.136e+7
520.32,9.009e+6,,9.009e+6
520.37,7.816e+6,,7.816e+6
520.42,7.591e+6,,7.591e+6
520.47,8.199e+6,,8.199e+6
520.52,9.542e+6,,9.542e+6
520.57,1.156e+7,,1.156e+7
520.62,1.419e+7,,1.419e+7
520.67,1.738e+7,,1.738e+7
520.72,2.108e+7,,2.108e+7
520.77,2.520e+7,,2.520e+7
520.82,2.963e+7,,2.963e+7
520.87,3.424e+7,,3.424e+7
520.92,3.886e+7,,3.886e+7
520.97,4.330e+7,,4.330e+7
521.02,4.739e+7,,4.739e+7
521.07,5.091e+7,,5.091e+7
521.12,5.370e+7,,5.370e+7
521.17,5.561e+7,,5.561e+7
521.22,5.654e+7,,5.654e+7
521.27,5.644e+7,,5.644e+7
521.32,5.531e+7,,5.531e+7
521.37,5.321e+7,,5.321e+7
521.42,5.027e+7,,5.027e+7
521.47,4.663e+7,,4.663e+7
521.52,4.247e+7,,4.247e+7
521.57,3.798e+7,,3.798e+7
521.62,3.337e+7,,3.337e+7
521.67,2.882e+7,,2.882e+7
521.72,2.448e+7,,2.448e+7
521.77,2.048e+7,,2.048e+7
521.82,1.692e+7,,1.692e+7
521.87,1.387e+7,,1.387e+7
521.92,1.136e+7,,1.136e+7
521.97,9.419e+6,,9.419e+6
522.02,8.029e+6,,8.029e+6
522.07,7.184e+6,,7.184e+6
522.12,6.862e+6,,6.862e+6
522.17,7.043e+6,,7.043e+6
522.22,7.705e+6,,7.705e+6
522.27,8.833e+6,,8.833e+6
522.32,1.041e+7,,1.041e+7
522.37,1.244e+7,,1.244e+7
522.42,1.491e+7,,1.491e+7
522.47,1.783e+7,,1.783e+7
522.52,2.120e+7,,2.120e+7
522.57,2.504e+7,,2.504e+7
522.62,2.936e+7,,2.936e+7
522.67,3.418e+7,,3.418e+7
522.72,3.951e+7,,3.951e+7
522.77,4.535e+7,,4.535e+7
522.82,5.170e+7,,5.170e+7
522.87,5.851e+7,,5.851e+7
522.92,6.571e+7,,6.571e+7
522.97,7.318e+7,,7.318e+7
523.02,8.078e+7,,8.078e+7
523.07,8.827e+7,,8.827e+7
523.12,9.543e+7,,9.543e+7
523.17,1.020e+8,,1.020e+8
523.22,1.076e+8,,1.076e+8
523.27,1.120e+8,,1.120e+8
523.32,1.149e+8,,1.149e+8
523.37,1.163e+8,,1.163e+8
523.42,1.158e+8,,1.158e+8
523.47,1.136e+8,,1.136e+8
523.52,1.096e+8,,1.096e+8
523.57,1.041e+8,,1.041e+8
523.62,9.736e+7,,9.736e+7
523.67,8.966e+7,,8.966e+7
523.72,8.142e+7,,8.142e+7
523.77,7.308e+7,,7.308e+7
523.82,6.509e+7,,6.509e+7
523.87,5.790e+7,,5.790e+7
523.92,5.197e+7,,5.197e+7
523.97,4.773e+7,,4.773e+7
524.02,4.559e+7,,4.559e+7
524.07,4.596e+7,,4.596e+7
524.12,4.923e+7,,4.923e+7
524.17,5.573e+7,,5.573e+7
524.22,6.580e+7,,6.580e+7
524.27,7.968e+7,,7.968e+7
524.32,9.752e+7,,9.752e+7
524.37,1.194e+8,,1.194e+8
524.42,1.451e+8,,1.451e+8
524.47,1.743e+8,,1.743e+8
524.52,2.066e+8,,2.066e+8
524.57,2.411e+8,,2.411e+8
524.62,2.768e+8,,2.768e+8
524.67,3.126e+8,,3.126e+8
524.72,3.471e+8,,3.471e+8
524.77,3.792e+8,,3.792e+8
524.82,4.074e+8,,4.074e+8
524.87,4.306e+8,,4.306e+8
524.92,4.480e+8,,4.480e+8
524.97,4.589e+8,,4.589e+8
525.02,4.630e+8,,4.630e+8
525.07,4.603e+8,,4.603e+8
525.12,4.514e+8,,4.514e+8
525.17,4.367e+8,,4.367e+8
525.22,4.173e+8,,4.173e+8
525.27,3.941e+8,,3.941e+8
525.32,3.682e+8,,3.682e+8
525.37,3.405e+8,,3.405e+8
525.42,3.120e+8,,3.120e+8
525.47,2.835e+8,,2.835e+8
525.52,2.555e+8,,2.555e+8
525.57,2.285e+8,,2.285e+8
525.62,2.029e+8,,2.029e+8
525.67,1.788e+8,,1.788e+8
525.72,1.563e+8,,1.563e+8
525.77,1.356e+8,,1.356e+8
525.82,1.165e+8,,1.165e+8
525.87,9.923e+7,,9.923e+7
525.92,8.362e+7,,8.362e+7
525.97,6.969e+7,,6.969e+7
526.02,5.739e+7,,5.739e+7
526.07,4.666e+7,,4.666e+7
526.12,3.743e+7,,3.743e+7
526.17,2.962e+7,,2.962e+7
526.22,2.310e+7,,2.310e+7
526.27,1.778e+7,,1.778e+7
526.32,1.351e+7,,1.351e+7
526.37,1.017e+7,,1.017e+7
526.42,7.652e+6,,7.652e+6
526.47,5.836e+6,,5.836e+6
526.52,4.640e+6,,4.640e+6
526.57,4.000e+6,,4.000e+6
526.62,3.882e+6,,3.882e+6
526.67,4.280e+6,,4.280e+6
526.72,5.215e+6,,5.215e+6
526.77,6.738e+6,,6.738e+6
526.82,8.921e+6,,8.921e+6
526.87,1.185e+7,,1.185e+7
526.92,1.562e+7,,1.562e+7
526.97,2.033e+7,,2.033e+7
527.02,2.605e+7,,2.605e+7
527.07,3.280e+7,,3.280e+7
527.12,4.060e+7,,4.060e+7
527.17,4.937e+7,,4.937e+7
527.22,5.897e+7,,5.897e+7
527.27,6.919e+7,,6.919e+7
527.32,7.973e+7,,7.973e+7
527.37,9.025e+7,,9.025e+7
527.42,1.003e+8,,1.003e+8
527.47,1.096e+8,,1.096e+8
527.52,1.175e+8,,1.175e+8
527.57,1.238e+8,,1.238e+8
527.62,1.281e+8,,1.281e+8
527.67,1.302e+8,,1.302e+8
527.72,1.300e+8,,1.300e+8
527.77,1.275e+8,,1.275e+8
527.82,1.228e+8,,1.228e+8
527.87,1.162e+8,,1.162e+8
527.92,1.081e+8,,1.081e+8
527.97,9.887e+7,,9.887e+7
528.02,8.897e+7,,8.897e+7
528.07,7.888e+7,,7.888e+7
528.12,6.907e+7,,6.907e+7
528.17,5.997e+7,,5.997e+7
528.22,5.199e+7,,5.199e+7
528.27,4.549e+7,,4.549e+7
528.32,4.077e+7,,4.077e+7
528.37,3.813e+7,,3.813e+7
528.42,3.782e+7,,3.782e+7
528.47,4.006e+7,,4.006e+7
528.52,4.508e+7,,4.508e+7
528.57,5.304e+7,,5.304e+7
528.62,6.408e+7,,6.408e+7
528.67,7.826e+7,,7.826e+7
528.72,9.554e+7,,9.554e+7
528.77,1.158e+8,,1.158e+8
528.82,1.386e+8,,1.386e+8
528.87,1.635e+8,,1.635e+8
528.92,1.899e+8,,1.899e+8
528.97,2.169e+8,,2.169e+8
529.02,2.436e+8,,2.436e+8
529.07,2.689e+8,,2.689e+8
529.12,2.917e+8,,2.917e+8
529.17,3.110e+8,,3.110e+8
529.22,3.259e+8,,3.259e+8
529.27,3.359e+8,,3.359e+8
529.32,3.405e+8,,3.405e+8
529.37,3.396e+8,,3.396e+8
529.42,3.335e+8,,3.335e+8
529.47,3.228e+8,,3.228e+8
529.52,3.082e+8,,3.082e+8
529.57,2.908e+8,,2.908e+8
529.62,2.716e+8,,2.716e+8
529.67,2.517e+8,,2.517e+8
529.72,2.321e+8,,2.321e+8
529.77,2.135e+8,,2.135e+8
529.82,1.968e+8,,1.968e+8
529.87,1.822e+8,,1.822e+8
529.92,1.699e+8,,1.699e+8
529.97,1.598e+8,,1.598e+8
530.02,1.516e+8,,1.516e+8
530.07,1.451e+8,,1.451e+8
530.12,1.397e+8,,1.397e+8
530.17,1.350e+8,,1.350e+8
530.22,1.307e+8,,1.307e+8
530.27,1.265e+8,,1.265e+8
530.32,1.220e+8,,1.220e+8
530.37,1.174e+8,,1.174e+8
530.42,1.127e+8,,1.127e+8
530.47,1.080e+8,,1.080e+8
530.52,1.034e+8,,1.034e+8
530.57,9.940e+7,,9.940e+7
530.62,9.605e+7,,9.605e+7
530.67,9.358e+7,,9.358e+7
530.72,9.213e+7,,9.213e+7
530.77,9.173e+7,,9.173e+7
530.82,9.237e+7,,9.237e+7
530.87,9.395e+7,,9.395e+7
530.92,9.634e+7,,9.634e+7
530.97,9.938e+7,,9.938e+7
531.02,1.029e+8,,1.029e+8
531.07,1.069e+8,,1.069e+8
531.12,1.113e+8,,1.113e+8
531.17,1.160e+8,,1.160e+8
531.22,1.213e+8,,1.213e+8
531.27,1.274e+8,,1.274e+8
531.32,1.343e+8,,1.343e+8
531.37,1.424e+8,,1.424e+8
531.42,1.517e+8,,1.517e+8
531.47,1.624e+8,,1.624e+8
531.52,1.743e+8,,1.743e+8
531.57,1.873e+8,,1.873e+8
531.62,2.011e+8,,2.011e+8
531.67,2.149e+8,,2.149e+8
531.72,2.284e+8,,2.284e+8
531.77,2.406e+8,,2.406e+8
531.82,2.508e+8,,2.508e+8
531.87,2.583e+8,,2.583e+8
531.92,2.626e+8,,2.626e+8
531.97,2.631e+8,,2.631e+8
532.02,2.597e+8,,2.597e+8
532.07,2.524e+8,,2.524e+8
532.12,2.413e+8,,2.413e+8
532.17,2.269e+8,,2.269e+8
532.22,2.097e+8,,2.097e+8
532.27,1.906e+8,,1.906e+8
532.32,1.703e+8,,1.703e+8
532.37,1.496e+8,,1.496e+8
532.42,1.291e+8,,1.291e+8
532.47,1.095e+8,,1.095e+8
532.52,9.121e+7,,9.121e+7
532.57,7.468e+7,,7.468e+7
532.62,6.008e+7,,6.008e+7
532.67,4.749e+7,,4.749e+7
532.72,3.688e+7,,3.688e+7
532.77,2.814e+7,,2.814e+7
532.82,2.110e+7,,2.110e+7
532.87,1.554e+7,,1.554e+7
532.92,1.125e+7,,1.125e+7
532.97,7.998e+6,,7.998e+6
533.02,5.587e+6,,5.587e+6
533.07,3.835e+6,,3.835e+6
533.12,2.586e+6,,2.586e+6
533.17,1.713e+6,,1.713e+6
533.22,1.115e+6,,1.115e+6
533.27,7.133e+5,,7.133e+5
533.32,4.482e+5,,4.482e+5
533.37,2.767e+5,,2.767e+5
533.42,1.678e+5,,1.678e+5
533.47,1.000e+5,,1.000e+5
533.52,5.856e+4,,5.856e+4
533.57,3.369e+4,,3.369e+4
533.62,1.906e+4,,1.906e+4
533.67,1.062e+4,,1.062e+4
533.72,5.868e+3,,5.868e+3
533.77,3.292e+3,,3.292e+3
533.82,2.019e+3,,2.019e+3
533.87,1.589e+3,,1.589e+3
533.92,1.830e+3,,1.830e+3
533.97,2.797e+3,,2.797e+3
534.02,4.785e+3,,4.785e+3
534.07,8.382e+3,,8.382e+3
534.12,1.460e+4,,1.460e+4
534.17,2.507e+4,,2.507e+4
534.22,4.234e+4,,4.234e+4
534.27,7.029e+4,,7.029e+4
534.32,1.147e+5,,1.147e+5
534.37,1.839e+5,,1.839e+5
534.42,2.898e+5,,2.898e+5
534.47,4.488e+5,,4.488e+5
534.52,6.829e+5,,6.829e+5
534.57,1.021e+6,,1.021e+6
534.62,1.501e+6,,1.501e+6
534.67,2.168e+6,,2.168e+6
534.72,3.077e+6,,3.077e+6
534.77,4.292e+6,,4.292e+6
534.82,5.884e+6,,5.884e+6
534.87,7.926e+6,,7.926e+6
534.92,1.049e+7,,1.049e+7
534.97,1.365e+7,,1.365e+7
535.02,1.745e+7,,1.745e+7
535.07,2.193e+7,,2.193e+7
535.12,2.707e+7,,2.707e+7
535.17,3.285e+7,,3.285e+7
535.22,3.917e+7,,3.917e+7
535.27,4.590e+7,,4.590e+7
535.32,5.285e+7,,5.285e+7
535.37,5.981e+7,,5.981e+7
535.42,6.652e+7,,6.652e+7
535.47,7.271e+7,,7.271e+7
535.52,7.809e+7,,7.809e+7
535.57,8.244e+7,,8.244e+7
535.62,8.552e+7,,8.552e+7
535.67,8.719e+7,,8.719e+7
535.72,8.738e+7,,8.738e+7
535.77,8.607e+7,,8.607e+7
535.82,8.336e+7,,8.336e+7
535.87,7.939e+7,,7.939e+7
535.92,7.439e+7,,7.439e+7
535.97,6.864e+7,,6.864e+7
536.02,6.244e+7,,6.244e+7
536.07,5.612e+7,,5.612e+7
536.12,5.001e+7,,5.001e+7
536.17,4.441e+7,,4.441e+7
536.22,3.962e+7,,3.962e+7
536.27,3.587e+7,,3.587e+7
536.32,3.340e+7,,3.340e+7
536.37,3.236e+7,,3.236e+7
536.42,3.288e+7,,3.288e+7
536.47,3.506e+7,,3.506e+7
536.52,3.891e+7,,3.891e+7
536.57,4.441e+7,,4.441e+7
536.62,5.147e+7,,5.147e+7
536.67,5.993e+7,,5.993e+7
536.72,6.957e+7,,6.957e+7
536.77,8.007e+7,,8.007e+7
536.82,9.106e+7,,9.106e+7
536.87,1.021e+8,,1.021e+8
536.92,1.128e+8,,1.128e+8
536.97,1.226e+8,,1.226e+8
537.02,1.310e+8,,1.310e+8
537.07,1.377e+8,,1.377e+8
537.12,1.422e+8,,1.422e+8
537.17,1.444e+8,,1.444e+8
537.22,1.441e+8,,1.441e+8
537.27,1.414e+8,,1.414e+8
537.32,1.363e+8,,1.363e+8
537.37,1.292e+8,,1.292e+8
537.42,1.204e+8,,1.204e+8
537.47,1.102e+8,,1.102e+8
537.52,9.912e+7,,9.912e+7
537.57,8.765e+7,,8.765e+7
537.62,7.617e+7,,7.617e+7
537.67,6.506e+7,,6.506e+7
537.72,5.461e+7,,5.461e+7
537.77,4.506e+7,,4.506e+7
537.82,3.654e+7,,3.654e+7
537.87,2.912e+7,,2.912e+7
537.92,2.281e+7,,2.281e+7
537.97,1.756e+7,,1.756e+7
538.02,1.328e+7,,1.328e+7
538.07,9.877e+6,,9.877e+6
538.12,7.218e+6,,7.218e+6
538.17,5.184e+6,,5.184e+6
538.22,3.660e+6,,3.660e+6
538.27,2.539e+6,,2.539e+6
538.32,1.731e+6,,1.731e+6
538.37,1.160e+6,,1.160e+6
538.42,7.642e+5,,7.642e+5
538.47,4.947e+5,,4.947e+5
538.52,3.147e+5,,3.147e+5
538.57,1.968e+5,,1.968e+5
538.62,1.209e+5,,1.209e+5
538.67,7.305e+4,,7.305e+4
538.72,4.336e+4,,4.336e+4
538.77,2.530e+4,,2.530e+4
538.82,1.451e+4,,1.451e+4
538.87,8.174e+3,,8.174e+3
538.92,4.528e+3,,4.528e+3
538.97,2.465e+3,,2.465e+3
539.02,1.319e+3,,1.319e+3
539.07,6.933e+2,,6.933e+2
539.12,3.583e+2,,3.583e+2
539.17,1.820e+2,,1.820e+2
539.22,9.084e+1,,9.084e+1
539.27,4.457e+1,,4.457e+1
539.32,2.149e+1,,2.149e+1
539.37,1.018e+1,,1.018e+1
539.42,4.743e+0,,4.743e+0
539.47,2.171e+0,,2.171e+0
539.52,9.768e-1,,9.768e-1
539.57,4.319e-1,,4.319e-1
539.62,1.877e-1,,1.877e-1
539.67,8.016e-2,,8.016e-2
539.72,3.365e-2,,3.365e-2
539.77,1.388e-2,,1.388e-2
539.82,5.629e-3,,5.629e-3
539.87,2.243e-3,,2.243e-3
539.92,8.786e-4,,8.786e-4
539.97,3.383e-4,,3.383e-4
540.02,1.282e-4,,1.282e-4
540.07,4.826e-5,,4.826e-5
540.12,1.933e-5,,1.933e-5
540.17,1.164e-5,,1.164e-5
540.22,1.689e-5,,1.689e-5
540.27,4.007e-5,,4.007e-5
540.33,1.255e-4,,1.255e-4
540.38,3.232e-4,,3.232e-4
540.43,8.194e-4,,8.194e-4
540.48,2.043e-3,,2.043e-3
540.53,5.007e-3,,5.007e-3
540.58,1.207e-2,,1.207e-2
540.63,2.859e-2,,2.859e-2
540.68,6.661e-2,,6.661e-2
540.73,1.526e-1,,1.526e-1
540.78,3.436e-1,,3.436e-1
540.83,7.608e-1,,7.608e-1
540.88,1.656e+0,,1.656e+0
540.93,3.545e+0,,3.545e+0
540.98,7.460e+0,,7.460e+0
541.03,1.543e+1,,1.543e+1
541.08,3.140e+1,,3.140e+1
541.13,6.280e+1,,6.280e+1
541.18,1.235e+2,,1.235e+2
541.23,2.388e+2,,2.388e+2
541.28,4.539e+2,,4.539e+2
541.33,8.483e+2,,8.483e+2
541.38,1.559e+3,,1.559e+3
541.43,2.816e+3,,2.816e+3
541.48,5.002e+3,,5.002e+3
541.53,8.737e+3,,8.737e+3
541.58,1.500e+4,,1.500e+4
541.63,2.533e+4,,2.533e+4
541.68,4.204e+4,,4.204e+4
541.73,6.861e+4,,6.861e+4
541.78,1.101e+5,,1.101e+5
541.83,1.737e+5,,1.737e+5
541.88,2.694e+5,,2.694e+5
541.93,4.108e+5,,4.108e+5
541.98,6.160e+5,,6.160e+5
542.03,9.081e+5,,9.081e+5
542.08,1.316e+6,,1.316e+6
542.13,1.876e+6,,1.876e+6
542.18,2.628e+6,,2.628e+6
542.23,3.620e+6,,3.620e+6
542.28,4.904e+6,,4.904e+6
542.33,6.530e+6,,6.530e+6
542.38,8.550e+6,,8.550e+6
542.43,1.101e+7,,1.101e+7
542.48,1.393e+7,,1.393e+7
542.53,1.733e+7,,1.733e+7
542.58,2.121e+7,,2.121e+7
542.63,2.551e+7,,2.551e+7
542.68,3.017e+7,,3.017e+7
542.73,3.508e+7,,3.508e+7
542.78,4.011e+7,,4.011e+7
542.83,4.508e+7,,4.508e+7
542.88,4.982e+7,,4.982e+7
542.93,5.414e+7,,5.414e+7
542.98,5.784e+7,,5.784e+7
543.03,6.075e+7,,6.075e+7
543.08,6.274e+7,,6.274e+7
543.13,6.371e+7,,6.371e+7
543.18,6.360e+7,,6.360e+7
543.23,6.242e+7,,6.242e+7
543.28,6.024e+7,,6.024e+7
543.33,5.716e+7,,5.716e+7
543.38,5.332e+7,,5.332e+7
543.43,4.890e+7,,4.890e+7
543.48,4.410e+7,,4.410e+7
543.53,3.910e+7,,3.910e+7
543.58,3.409e+7,,3.409e+7
543.63,2.921e+7,,2.921e+7
543.68,2.462e+7,,2.462e+7
543.73,2.040e+7,,2.040e+7
543.78,1.661e+7,,1.661e+7
543.83,1.331e+7,,1.331e+7
543.88,1.048e+7,,1.048e+7
543.93,8.112e+6,,8.112e+6
543.98,6.175e+6,,6.175e+6
544.03,4.621e+6,,4.621e+6
544.08,3.400e+6,,3.400e+6
544.13,2.460e+6,,2.460e+6
544.18,1.750e+6,,1.750e+6
544.23,1.224e+6,,1.224e+6
544.28,8.414e+5,,8.414e+5
544.33,5.688e+5,,5.688e+5
544.38,3.781e+5,,3.781e+5
544.43,2.471e+5,,2.471e+5
544.48,1.588e+5,,1.588e+5
544.53,1.003e+5,,1.003e+5
544.58,6.229e+4,,6.229e+4
544.63,3.804e+4,,3.804e+4
544.68,2.284e+4,,2.284e+4
544.73,1.348e+4,,1.348e+4
544.78,7.825e+3,,7.825e+3
544.83,4.465e+3,,4.465e+3
544.88,2.505e+3,,2.505e+3
544.93,1.382e+3,,1.382e+3
544.98,7.495e+2,,7.495e+2
545.03,3.997e+2,,3.997e+2
545.08,2.095e+2,,2.095e+2
545.13,1.080e+2,,1.080e+2
545.18,5.474e+1,,5.474e+1
545.23,2.728e+1,,2.728e+1
545.28,1.336e+1,,1.336e+1
545.33,6.437e+0,,6.437e+0
545.38,3.048e+0,,3.048e+0
545.43,1.419e+0,,1.419e+0
545.48,6.498e-1,,6.498e-1
545.53,2.925e-1,,2.925e-1
545.58,1.295e-1,,1.295e-1
545.63,5.636e-2,,5.636e-2
545.68,2.420e-2,,2.420e-2
545.73,1.042e-2,,1.042e-2
545.78,4.915e-3,,4.915e-3
545.83,3.519e-3,,3.519e-3
545.88,5.156e-3,,5.156e-3
545.93,1.112e-2,,1.112e-2
545.98,2.597e-2,,2.597e-2
546.03,6.071e-2,,6.071e-2
546.08,1.399e-1,,1.399e-1
546.13,3.174e-1,,3.174e-1
546.18,7.082e-1,,7.082e-1
546.23,1.554e+0,,1.554e+0
546.28,3.354e+0,,3.354e+0
546.33,7.120e+0,,7.120e+0
546.38,1.486e+1,,1.486e+1
546.43,3.052e+1,,3.052e+1
546.48,6.163e+1,,6.163e+1
546.53,1.224e+2,,1.224e+2
546.58,2.391e+2,,2.391e+2
546.63,4.594e+2,,4.594e+2
546.68,8.681e+2,,8.681e+2
546.73,1.613e+3,,1.613e+3
546.78,2.949e+3,,2.949e+3
546.83,5.302e+3,,5.302e+3
546.88,9.374e+3,,9.374e+3
546.93,1.630e+4,,1.630e+4
546.98,2.788e+4,,2.788e+4
547.03,4.690e+4,,4.690e+4
547.08,7.758e+4,,7.758e+4
547.13,1.262e+5,,1.262e+5
547.18,2.020e+5,,2.020e+5
547.23,3.180e+5,,3.180e+5
547.28,4.922e+5,,4.922e+5
547.33,7.494e+5,,7.494e+5
547.38,1.122e+6,,1.122e+6
547.43,1.653e+6,,1.653e+6
547.48,2.394e+6,,2.394e+6
547.53,3.411e+6,,3.411e+6
547.58,4.779e+6,,4.779e+6
547.63,6.585e+6,,6.585e+6
547.68,8.926e+6,,8.926e+6
547.73,1.190e+7,,1.190e+7
547.78,1.560e+7,,1.560e+7
547.83,2.011e+7,,2.011e+7
547.88,2.551e+7,,2.551e+7
547.93,3.182e+7,,3.182e+7
547.98,3.903e+7,,3.903e+7
548.03,4.709e+7,,4.709e+7
548.08,5.588e+7,,5.588e+7
548.13,6.522e+7,,6.522e+7
548.18,7.486e+7,,7.486e+7
548.23,8.452e+7,,8.452e+7
548.28,9.384e+7,,9.384e+7
548.33,1.025e+8,,1.025e+8
548.38,1.101e+8,,1.101e+8
548.43,1.163e+8,,1.163e+8
548.48,1.208e+8,,1.208e+8
548.53,1.234e+8,,1.234e+8
548.58,1.241e+8,,1.241e+8
548.63,1.226e+8,,1.226e+8
548.68,1.192e+8,,1.192e+8
548.73,1.140e+8,,1.140e+8
548.78,1.072e+8,,1.072e+8
548.83,9.913e+7,,9.913e+7
548.88,9.018e+7,,9.018e+7
548.93,8.068e+7,,8.068e+7
548.98,7.099e+7,,7.099e+7
549.03,6.143e+7,,6.143e+7
549.08,5.229e+7,,5.229e+7
549.13,4.377e+7,,4.377e+7
549.18,3.604e+7,,3.604e+7
549.23,2.918e+7,,2.918e+7
549.28,2.324e+7,,2.324e+7
549.33,1.821e+7,,1.821e+7
549.38,1.403e+7,,1.403e+7
549.43,1.063e+7,,1.063e+7
549.48,7.919e+6,,7.919e+6
549.53,5.804e+6,,5.804e+6
549.58,4.184e+6,,4.184e+6
549.63,2.966e+6,,2.966e+6
549.68,2.068e+6,,2.068e+6
549.73,1.419e+6,,1.419e+6
549.78,9.568e+5,,9.568e+5
549.83,6.347e+5,,6.347e+5
549.88,4.141e+5,,4.141e+5
549.93,2.657e+5,,2.657e+5
549.98,1.677e+5,,1.677e+5
550.03,1.041e+5,,1.041e+5
550.08,6.356e+4,,6.356e+4
550.13,3.816e+4,,3.816e+4
550.18,2.254e+4,,2.254e+4
550.23,1.309e+4,,1.309e+4
550.28,7.478e+3,,7.478e+3
550.33,4.201e+3,,4.201e+3
550.38,2.322e+3,,2.322e+3
550.43,1.262e+3,,1.262e+3
550.48,6.744e+2,,6.744e+2
550.53,3.545e+2,,3.545e+2
550.58,1.833e+2,,1.833e+2
550.63,9.322e+1,,9.322e+1
550.68,4.662e+1,,4.662e+1
550.73,2.293e+1,,2.293e+1
550.78,1.110e+1,,1.110e+1
550.83,5.280e+0,,5.280e+0
550.88,2.473e+0,,2.473e+0
550.93,1.143e+0,,1.143e+0
550.98,5.272e-1,,5.272e-1
551.03,2.575e-1,,2.575e-1
551.08,1.639e-1,,1.639e-1
551.13,1.833e-1,,1.833e-1
551.18,3.224e-1,,3.224e-1
551.23,6.571e-1,,6.571e-1
551.28,1.368e+0,,1.368e+0
551.33,2.822e+0,,2.822e+0
551.38,5.738e+0,,5.738e+0
551.43,1.148e+1,,1.148e+1
551.48,2.260e+1,,2.260e+1
551.53,4.376e+1,,4.376e+1
551.58,8.337e+1,,8.337e+1
551.63,1.563e+2,,1.563e+2
551.68,2.882e+2,,2.882e+2
551.73,5.228e+2,,5.228e+2
551.78,9.330e+2,,9.330e+2
551.83,1.638e+3,,1.638e+3
551.88,2.830e+3,,2.830e+3
551.93,4.810e+3,,4.810e+3
551.98,8.042e+3,,8.042e+3
552.03,1.323e+4,,1.323e+4
552.08,2.141e+4,,2.141e+4
552.13,3.409e+4,,3.409e+4
552.18,5.339e+4,,5.339e+4
552.23,8.228e+4,,8.228e+4
552.28,1.247e+5,,1.247e+5
552.33,1.861e+5,,1.861e+5
552.38,2.730e+5,,2.730e+5
552.43,3.942e+5,,3.942e+5
552.48,5.598e+5,,5.598e+5
552.53,7.822e+5,,7.822e+5
552.58,1.075e+6,,1.075e+6
552.63,1.454e+6,,1.454e+6
552.68,1.935e+6,,1.935e+6
552.73,2.533e+6,,2.533e+6
552.78,3.262e+6,,3.262e+6
552.83,4.132e+6,,4.132e+6
552.88,5.151e+6,,5.151e+6
552.93,6.317e+6,,6.317e+6
552.98,7.621e+6,,7.621e+6
553.03,9.045e+6,,9.045e+6
553.08,1.056e+7,,1.056e+7
553.13,1.213e+7,,1.213e+7
553.18,1.371e+7,,1.371e+7
553.23,1.525e+7,,1.525e+7
553.28,1.668e+7,,1.668e+7
553.33,1.796e+7,,1.796e+7
553.38,1.902e+7,,1.902e+7
553.43,1.982e+7,,1.982e+7
553.48,2.033e+7,,2.033e+7
553.53,2.052e+7,,2.052e+7
553.58,2.039e+7,,2.039e+7
553.63,1.995e+7,,1.995e+7
553.68,1.922e+7,,1.922e+7
553.73,1.827e+7,,1.827e+7
553.78,1.713e+7,,1.713e+7
553.83,1.588e+7,,1.588e+7
553.88,1.459e+7,,1.459e+7
553.93,1.332e+7,,1.332e+7
553.98,1.214e+7,,1.214e+7
554.03,1.111e+7,,1.111e+7
554.08,1.029e+7,,1.029e+7
554.13,9.704e+6,,9.704e+6
554.18,9.383e+6,,9.383e+6
554.23,9.334e+6,,9.334e+6
554.28,9.552e+6,,9.552e+6
554.33,1.002e+7,,1.002e+7
554.38,1.070e+7,,1.070e+7
554.43,1.154e+7,,1.154e+7
554.48,1.251e+7,,1.251e+7
554.53,1.353e+7,,1.353e+7
554.58,1.455e+7,,1.455e+7
554.63,1.549e+7,,1.549e+7
554.68,1.630e+7,,1.630e+7
554.73,1.693e+7,,1.693e+7
554.78,1.734e+7,,1.734e+7
554.83,1.750e+7,,1.750e+7
554.88,1.738e+7,,1.738e+7
554.93,1.700e+7,,1.700e+7
554.98,1.637e+7,,1.637e+7
555.03,1.551e+7,,1.551e+7
555.08,1.446e+7,,1.446e+7
555.13,1.326e+7,,1.326e+7
555.18,1.197e+7,,1.197e+7
555.23,1.063e+7,,1.063e+7
555.28,9.289e+6,,9.289e+6
555.33,7.987e+6,,7.987e+6
555.38,6.756e+6,,6.756e+6
555.43,5.623e+6,,5.623e+6
555.48,4.605e+6,,4.605e+6
555.53,3.710e+6,,3.710e+6
555.58,2.941e+6,,2.941e+6
555.63,2.294e+6,,2.294e+6
555.68,1.761e+6,,1.761e+6
555.73,1.329e+6,,1.329e+6
555.78,9.875e+5,,9.875e+5
555.83,7.218e+5,,7.218e+5
555.88,5.191e+5,,5.191e+5
555.93,3.673e+5,,3.673e+5
555.98,2.557e+5,,2.557e+5
556.03,1.751e+5,,1.751e+5
556.08,1.180e+5,,1.180e+5
556.13,7.825e+4,,7.825e+4
556.18,5.105e+4,,5.105e+4
556.23,3.276e+4,,3.276e+4
556.28,2.069e+4,,2.069e+4
556.33,1.286e+4,,1.286e+4
556.38,7.859e+3,,7.859e+3
556.43,4.727e+3,,4.727e+3
556.48,2.798e+3,,2.798e+3
556.53,1.629e+3,,1.629e+3
556.58,9.332e+2,,9.332e+2
556.63,5.260e+2,,5.260e+2
556.68,2.917e+2,,2.917e+2
556.73,1.592e+2,,1.592e+2
556.78,8.546e+1,,8.546e+1
556.83,4.517e+1,,4.517e+1
556.88,2.355e+1,,2.355e+1
556.93,1.222e+1,,1.222e+1
556.98,6.539e+0,,6.539e+0
557.03,4.089e+0,,4.089e+0
557.08,3.817e+0,,3.817e+0
557.13,5.680e+0,,5.680e+0
557.18,1.067e+1,,1.067e+1
557.23,2.127e+1,,2.127e+1
557.28,4.252e+1,,4.252e+1
557.33,8.401e+1,,8.401e+1
557.38,1.635e+2,,1.635e+2
557.43,3.132e+2,,3.132e+2
557.48,5.906e+2,,5.906e+2
557.53,1.096e+3,,1.096e+3
557.58,2.002e+3,,2.002e+3
557.63,3.598e+3,,3.598e+3
557.68,6.364e+3,,6.364e+3
557.73,1.108e+4,,1.108e+4
557.78,1.898e+4,,1.898e+4
557.83,3.200e+4,,3.200e+4
557.88,5.310e+4,,5.310e+4
557.93,8.671e+4,,8.671e+4
557.98,1.394e+5,,1.394e+5
558.03,2.204e+5,,2.204e+5
558.08,3.431e+5,,3.431e+5
558.13,5.257e+5,,5.257e+5
558.18,7.926e+5,,7.926e+5
558.23,1.176e+6,,1.176e+6
558.28,1.717e+6,,1.717e+6
558.33,2.468e+6,,2.468e+6
558.38,3.491e+6,,3.491e+6
558.43,4.859e+6,,4.859e+6
558.48,6.656e+6,,6.656e+6
558.53,8.973e+6,,8.973e+6
558.58,1.191e+7,,1.191e+7
558.63,1.555e+7,,1.555e+7
558.68,1.998e+7,,1.998e+7
558.73,2.527e+7,,2.527e+7
558.78,3.145e+7,,3.145e+7
558.83,3.852e+7,,3.852e+7
558.88,4.644e+7,,4.644e+7
558.93,5.510e+7,,5.510e+7
558.98,6.433e+7,,6.433e+7
559.03,7.392e+7,,7.392e+7
559.08,8.360e+7,,8.360e+7
559.13,9.304e+7,,9.304e+7
559.18,1.019e+8,,1.019e+8
559.23,1.099e+8,,1.099e+8
559.28,1.166e+8,,1.166e+8
559.33,1.217e+8,,1.217e+8
559.38,1.250e+8,,1.250e+8
559.43,1.264e+8,,1.264e+8
559.48,1.258e+8,,1.258e+8
559.53,1.233e+8,,1.233e+8
559.58,1.188e+8,,1.188e+8
559.63,1.127e+8,,1.127e+8
559.68,1.052e+8,,1.052e+8
559.73,9.668e+7,,9.668e+7
559.78,8.742e+7,,8.742e+7
559.83,7.780e+7,,7.780e+7
559.88,6.814e+7,,6.814e+7
559.93,5.873e+7,,5.873e+7
559.98,4.982e+7,,4.982e+7
560.03,4.159e+7,,4.159e+7
560.08,3.417e+7,,3.417e+7
560.13,2.763e+7,,2.763e+7
560.18,2.199e+7,,2.199e+7
560.23,1.722e+7,,1.722e+7
560.28,1.328e+7,,1.328e+7
560.33,1.008e+7,,1.008e+7
560.38,7.532e+6,,7.532e+6
560.43,5.550e+6,,5.550e+6
560.48,4.040e+6,,4.040e+6
560.53,2.919e+6,,2.919e+6
560.58,2.116e+6,,2.116e+6
560.63,1.572e+6,,1.572e+6
560.68,1.244e+6,,1.244e+6
560.73,1.103e+6,,1.103e+6
560.78,1.137e+6,,1.137e+6
560.83,1.348e+6,,1.348e+6
560.88,1.756e+6,,1.756e+6
560.93,2.394e+6,,2.394e+6
560.98,3.312e+6,,3.312e+6
561.03,4.575e+6,,4.575e+6
561.08,6.258e+6,,6.258e+6
561.13,8.448e+6,,8.448e+6
561.18,1.124e+7,,1.124e+7
561.23,1.473e+7,,1.473e+7
561.28,1.900e+7,,1.900e+7
561.33,2.413e+7,,2.413e+7
561.38,3.016e+7,,3.016e+7
561.43,3.711e+7,,3.711e+7
561.48,4.494e+7,,4.494e+7
561.53,5.357e+7,,5.357e+7
561.58,6.285e+7,,6.285e+7
561.63,7.259e+7,,7.259e+7
561.68,8.252e+7,,8.252e+7
561.73,9.233e+7,,9.233e+7
561.78,1.017e+8,,1.017e+8
561.83,1.102e+8,,1.102e+8
561.88,1.176e+8,,1.176e+8
561.93,1.235e+8,,1.235e+8
561.98,1.277e+8,,1.277e+8
562.03,1.300e+8,,1.300e+8
562.08,1.302e+8,,1.302e+8
562.13,1.283e+8,,1.283e+8
562.18,1.245e+8,,1.245e+8
562.23,1.189e+8,,1.189e+8
562.28,1.118e+8,,1.118e+8
562.33,1.035e+8,,1.035e+8
562.38,9.425e+7,,9.425e+7
562.43,8.450e+7,,8.450e+7
562.48,7.457e+7,,7.457e+7
562.53,6.477e+7,,6.477e+7
562.58,5.538e+7,,5.538e+7
562.63,4.660e+7,,4.660e+7
562.68,3.860e+7,,3.860e+7
562.73,3.147e+7,,3.147e+7
562.78,2.526e+7,,2.526e+7
562.83,1.995e+7,,1.995e+7
562.88,1.551e+7,,1.551e+7
562.93,1.187e+7,,1.187e+7
562.98,8.943e+6,,8.943e+6
563.03,6.631e+6,,6.631e+6
563.08,4.839e+6,,4.839e+6
563.13,3.476e+6,,3.476e+6
563.18,2.458e+6,,2.458e+6
563.23,1.711e+6,,1.711e+6
563.28,1.172e+6,,1.172e+6
563.33,7.902e+5,,7.902e+5
563.38,5.245e+5,,5.245e+5
563.43,3.426e+5,,3.426e+5
563.48,2.203e+5,,2.203e+5
563.53,1.394e+5,,1.394e+5
563.58,8.687e+4,,8.687e+4
563.63,5.327e+4,,5.327e+4
563.68,3.215e+4,,3.215e+4
563.73,1.910e+4,,1.910e+4
563.78,1.117e+4,,1.117e+4
563.83,6.429e+3,,6.429e+3
563.88,3.642e+3,,3.642e+3
563.93,2.031e+3,,2.031e+3
563.98,1.115e+3,,1.115e+3
564.03,6.024e+2,,6.024e+2
564.08,3.203e+2,,3.203e+2
564.13,1.677e+2,,1.677e+2
564.18,8.640e+1,,8.640e+1
564.23,4.383e+1,,4.383e+1
564.28,2.191e+1,,2.191e+1
564.33,1.083e+1,,1.083e+1
564.38,5.393e+0,,5.393e+0
564.43,2.899e+0,,2.899e+0
564.48,2.067e+0,,2.067e+0
564.53,2.443e+0,,2.443e+0
564.58,4.189e+0,,4.189e+0
564.63,8.143e+0,,8.143e+0
564.68,1.616e+1,,1.616e+1
564.73,3.181e+1,,3.181e+1
564.78,6.179e+1,,6.179e+1
564.83,1.182e+2,,1.182e+2
564.88,2.227e+2,,2.227e+2
564.93,4.129e+2,,4.129e+2
564.98,7.540e+2,,7.540e+2
565.03,1.356e+3,,1.356e+3
565.08,2.400e+3,,2.400e+3
565.13,4.182e+3,,4.182e+3
565.18,7.175e+3,,7.175e+3
565.23,1.212e+4,,1.212e+4
565.28,2.016e+4,,2.016e+4
565.33,3.301e+4,,3.301e+4
565.38,5.323e+4,,5.323e+4
565.43,8.450e+4,,8.450e+4
565.48,1.321e+5,,1.321e+5
565.53,2.032e+5,,2.032e+5
565.58,3.079e+5,,3.079e+5
565.63,4.592e+5,,4.592e+5
565.68,6.744e+5,,6.744e+5
565.73,9.751e+5,,9.751e+5
565.78,1.388e+6,,1.388e+6
565.83,1.946e+6,,1.946e+6
565.88,2.685e+6,,2.685e+6
565.93,3.648e+6,,3.648e+6
565.98,4.880e+6,,4.880e+6
566.03,6.427e+6,,6.427e+6
566.08,8.334e+6,,8.334e+6
566.13,1.064e+7,,1.064e+7
566.18,1.337e+7,,1.337e+7
566.23,1.655e+7,,1.655e+7
566.28,2.017e+7,,2.017e+7
566.33,2.420e+7,,2.420e+7
566.38,2.858e+7,,2.858e+7
566.43,3.323e+7,,3.323e+7
566.48,3.805e+7,,3.805e+7
566.53,4.289e+7,,4.289e+7
566.58,4.761e+7,,4.761e+7
566.63,5.202e+7,,5.202e+7
566.68,5.597e+7,,5.597e+7
566.73,5.929e+7,,5.929e+7
566.78,6.183e+7,,6.183e+7
566.83,6.349e+7,,6.349e+7
566.88,6.418e+7,,6.418e+7
566.93,6.388e+7,,6.388e+7
566.98,6.260e+7,,6.260e+7
567.03,6.041e+7,,6.041e+7
567.08,5.739e+7,,5.739e+7
567.13,5.368e+7,,5.368e+7
567.18,4.944e+7,,4.944e+7
567.23,4.483e+7,,4.483e+7
567.28,4.004e+7,,4.004e+7
567.33,3.523e+7,,3.523e+7
567.38,3.054e+7,,3.054e+7
567.43,2.611e+7,,2.611e+7
567.48,2.203e+7,,2.203e+7
567.53,1.840e+7,,1.840e+7
567.58,1.528e+7,,1.528e+7
567.63,1.269e+7,,1.269e+7
567.68,1.066e+7,,1.066e+7
567.73,9.213e+6,,9.213e+6
567.78,8.360e+6,,8.360e+6
567.83,8.113e+6,,8.113e+6
567.88,8.491e+6,,8.491e+6
567.93,9.515e+6,,9.515e+6
567.98,1.121e+7,,1.121e+7
568.03,1.362e+7,,1.362e+7
568.08,1.676e+7,,1.676e+7
568.13,2.065e+7,,2.065e+7
568.18,2.529e+7,,2.529e+7
568.23,3.067e+7,,3.067e+7
568.28,3.673e+7,,3.673e+7
568.33,4.338e+7,,4.338e+7
568.38,5.049e+7,,5.049e+7
568.43,5.791e+7,,5.791e+7
568.48,6.540e+7,,6.540e+7
568.53,7.275e+7,,7.275e+7
568.58,7.969e+7,,7.969e+7
568.63,8.596e+7,,8.596e+7
568.68,9.130e+7,,9.130e+7
568.73,9.550e+7,,9.550e+7
568.78,9.836e+7,,9.836e+7
568.83,9.977e+7,,9.977e+7
568.88,9.966e+7,,9.966e+7
568.93,9.805e+7,,9.805e+7
568.98,9.503e+7,,9.503e+7
569.03,9.073e+7,,9.073e+7
569.08,8.538e+7,,8.538e+7
569.13,7.921e+7,,7.921e+7
569.18,7.250e+7,,7.250e+7
569.23,6.554e+7,,6.554e+7
569.28,5.860e+7,,5.860e+7
569.33,5.194e+7,,5.194e+7
569.38,4.577e+7,,4.577e+7
569.43,4.027e+7,,4.027e+7
569.48,3.557e+7,,3.557e+7
569.53,3.176e+7,,3.176e+7
569.58,2.886e+7,,2.886e+7
569.63,2.686e+7,,2.686e+7
569.68,2.572e+7,,2.572e+7
569.73,2.534e+7,,2.534e+7
569.78,2.561e+7,,2.561e+7
569.83,2.639e+7,,2.639e+7
569.88,2.755e+7,,2.755e+7
569.93,2.892e+7,,2.892e+7
569.98,3.036e+7,,3.036e+7
570.03,3.173e+7,,3.173e+7
570.08,3.289e+7,,3.289e+7
570.13,3.375e+7,,3.375e+7
570.18,3.421e+7,,3.421e+7
570.23,3.424e+7,,3.424e+7
570.28,3.379e+7,,3.379e+7
570.33,3.288e+7,,3.288e+7
570.38,3.155e+7,,3.155e+7
570.43,2.984e+7,,2.984e+7
570.48,2.783e+7,,2.783e+7
570.53,2.562e+7,,2.562e+7
570.58,2.331e+7,,2.331e+7
570.63,2.099e+7,,2.099e+7
570.68,1.876e+7,,1.876e+7
570.73,1.673e+7,,1.673e+7
570.78,1.497e+7,,1.497e+7
570.83,1.358e+7,,1.358e+7
570.88,1.260e+7,,1.260e+7
570.93,1.209e+7,,1.209e+7
570.98,1.209e+7,,1.209e+7
571.03,1.264e+7,,1.264e+7
571.08,1.373e+7,,1.373e+7
571.13,1.536e+7,,1.536e+7
571.19,1.801e+7,,1.801e+7
571.24,2.075e+7,,2.075e+7
571.29,2.390e+7,,2.390e+7
571.34,2.738e+7,,2.738e+7
571.39,3.110e+7,,3.110e+7
571.44,3.494e+7,,3.494e+7
571.49,3.876e+7,,3.876e+7
571.54,4.245e+7,,4.245e+7
571.59,4.586e+7,,4.586e+7
571.64,4.888e+7,,4.888e+7
571.69,5.141e+7,,5.141e+7
571.74,5.336e+7,,5.336e+7
571.79,5.468e+7,,5.468e+7
571.84,5.537e+7,,5.537e+7
571.89,5.543e+7,,5.543e+7
571.94,5.493e+7,,5.493e+7
571.99,5.395e+7,,5.395e+7
572.04,5.258e+7,,5.258e+7
572.09,5.094e+7,,5.094e+7
572.14,4.915e+7,,4.915e+7
572.19,4.730e+7,,4.730e+7
572.24,4.548e+7,,4.548e+7
572.29,4.377e+7,,4.377e+7
572.34,4.220e+7,,4.220e+7
572.39,4.078e+7,,4.078e+7
572.44,3.950e+7,,3.950e+7
572.49,3.832e+7,,3.832e+7
572.54,3.719e+7,,3.719e+7
572.59,3.606e+7,,3.606e+7
572.64,3.488e+7,,3.488e+7
572.69,3.360e+7,,3.360e+7
572.74,3.218e+7,,3.218e+7
572.79,3.061e+7,,3.061e+7
572.84,2.891e+7,,2.891e+7
572.89,2.709e+7,,2.709e+7
572.94,2.521e+7,,2.521e+7
572.99,2.332e+7,,2.332e+7
573.04,2.151e+7,,2.151e+7
573.09,1.984e+7,,1.984e+7
573.14,1.842e+7,,1.842e+7
573.19,1.731e+7,,1.731e+7
573.24,1.659e+7,,1.659e+7
573.29,1.633e+7,,1.633e+7
573.34,1.656e+7,,1.656e+7
573.39,1.732e+7,,1.732e+7
573.44,1.861e+7,,1.861e+7
573.49,2.041e+7,,2.041e+7
573.54,2.269e+7,,2.269e+7
573.59,2.537e+7,,2.537e+7
573.64,2.838e+7,,2.838e+7
573.69,3.161e+7,,3.161e+7
573.74,3.492e+7,,3.492e+7
573.79,3.818e+7,,3.818e+7
573.84,4.124e+7,,4.124e+7
573.89,4.398e+7,,4.398e+7
573.94,4.626e+7,,4.626e+7
573.99,4.796e+7,,4.796e+7
574.04,4.901e+7,,4.901e+7
574.09,4.935e+7,,4.935e+7
574.14,4.896e+7,,4.896e+7
574.19,4.784e+7,,4.784e+7
574.24,4.605e+7,,4.605e+7
574.29,4.366e+7,,4.366e+7
574.34,4.078e+7,,4.078e+7
574.39,3.751e+7,,3.751e+7
574.44,3.399e+7,,3.399e+7
574.49,3.033e+7,,3.033e+7
574.54,2.666e+7,,2.666e+7
574.59,2.308e+7,,2.308e+7
574.64,1.968e+7,,1.968e+7
574.69,1.653e+7,,1.653e+7
574.74,1.368e+7,,1.368e+7
574.79,1.114e+7,,1.114e+7
574.84,8.943e+6,,8.943e+6
574.89,7.069e+6,,7.069e+6
574.94,5.504e+6,,5.504e+6
574.99,4.220e+6,,4.220e+6
575.04,3.188e+6,,3.188e+6
575.09,2.371e+6,,2.371e+6
575.14,1.737e+6,,1.737e+6
575.19,1.254e+6,,1.254e+6
575.24,8.913e+5,,8.913e+5
575.29,6.240e+5,,6.240e+5
575.34,4.303e+5,,4.303e+5
575.39,2.922e+5,,2.922e+5
575.44,1.955e+5,,1.955e+5
575.49,1.288e+5,,1.288e+5
575.54,8.359e+4,,8.359e+4
575.59,5.343e+4,,5.343e+4
575.64,3.364e+4,,3.364e+4
575.69,2.086e+4,,2.086e+4
575.74,1.274e+4,,1.274e+4
575.79,7.664e+3,,7.664e+3
575.84,4.541e+3,,4.541e+3
575.89,2.650e+3,,2.650e+3
575.94,1.523e+3,,1.523e+3
575.99,8.623e+2,,8.623e+2
576.04,4.808e+2,,4.808e+2
576.09,2.641e+2,,2.641e+2
576.14,1.429e+2,,1.429e+2
576.19,7.611e+1,,7.611e+1
576.24,3.994e+1,,3.994e+1
576.29,2.065e+1,,2.065e+1
576.34,1.051e+1,,1.051e+1
576.39,5.271e+0,,5.271e+0
576.44,2.603e+0,,2.603e+0
576.49,1.266e+0,,1.266e+0
576.54,6.067e-1,,6.067e-1
576.59,2.863e-1,,2.863e-1
576.64,1.331e-1,,1.331e-1
576.69,6.092e-2,,6.092e-2
576.74,2.747e-2,,2.747e-2
576.79,1.220e-2,,1.220e-2
576.84,5.337e-3,,5.337e-3
576.89,2.299e-3,,2.299e-3
576.94,9.758e-4,,9.758e-4
576.99,4.079e-4,,4.079e-4
577.04,1.681e-4,,1.681e-4
577.09,6.863e-5,,6.863e-5
577.14,2.865e-5,,2.865e-5
577.19,1.452e-5,,1.452e-5
577.24,1.398e-5,,1.398e-5
577.29,2.653e-5,,2.653e-5
577.34,6.295e-5,,6.295e-5
577.39,1.537e-4,,1.537e-4
577.44,3.724e-4,,3.724e-4
577.49,8.899e-4,,8.899e-4
577.54,2.096e-3,,2.096e-3
577.59,4.862e-3,,4.862e-3
577.64,1.111e-2,,1.111e-2
577.69,2.503e-2,,2.503e-2
577.74,5.554e-2,,5.554e-2
577.79,1.214e-1,,1.214e-1
577.84,2.616e-1,,2.616e-1
577.89,5.551e-1,,5.551e-1
577.94,1.161e+0,,1.161e+0
577.99,2.392e+0,,2.392e+0
578.04,4.855e+0,,4.855e+0
578.09,9.710e+0,,9.710e+0
578.14,1.913e+1,,1.913e+1
578.19,3.715e+1,,3.715e+1
578.24,7.106e+1,,7.106e+1
578.29,1.339e+2,,1.339e+2
578.34,2.487e+2,,2.487e+2
578.39,4.550e+2,,4.550e+2
578.44,8.203e+2,,8.203e+2
578.49,1.457e+3,,1.457e+3
578.54,2.549e+3,,2.549e+3
578.59,4.396e+3,,4.396e+3
578.64,7.467e+3,,7.467e+3
578.69,1.250e+4,,1.250e+4
578.74,2.061e+4,,2.061e+4
578.79,3.348e+4,,3.348e+4
578.84,5.360e+4,,5.360e+4
578.89,8.454e+4,,8.454e+4
578.94,1.314e+5,,1.314e+5
578.99,2.012e+5,,2.012e+5
579.04,3.035e+5,,3.035e+5
579.09,4.510e+5,,4.510e+5
579.14,6.605e+5,,6.605e+5
579.19,9.530e+5,,9.530e+5
579.24,1.355e+6,,1.355e+6
579.29,1.898e+6,,1.898e+6
579.34,2.619e+6,,2.619e+6
579.39,3.560e+6,,3.560e+6
579.44,4.770e+6,,4.770e+6
579.49,6.296e+6,,6.296e+6
579.54,8.187e+6,,8.187e+6
579.59,1.049e+7,,1.049e+7
579.64,1.324e+7,,1.324e+7
579.69,1.647e+7,,1.647e+7
579.74,2.019e+7,,2.019e+7
579.79,2.437e+7,,2.437e+7
579.84,2.900e+7,,2.900e+7
579.89,3.399e+7,,3.399e+7
579.94,3.925e+7,,3.925e+7
579.99,4.466e+7,,4.466e+7
580.04,5.007e+7,,5.007e+7
580.09,5.530e+7,,5.530e+7
580.14,6.019e+7,,6.019e+7
580.19,6.453e+7,,6.453e+7
580.24,6.818e+7,,6.818e+7
580.29,7.096e+7,,7.096e+7
580.34,7.278e+7,,7.278e+7
580.39,7.354e+7,,7.354e+7
580.44,7.321e+7,,7.321e+7
580.49,7.181e+7,,7.181e+7
580.54,6.940e+7,,6.940e+7
580.59,6.608e+7,,6.608e+7
580.64,6.200e+7,,6.200e+7
580.69,5.731e+7,,5.731e+7
580.74,5.219e+7,,5.219e+7
580.79,4.683e+7,,4.683e+7
580.84,4.140e+7,,4.140e+7
580.89,3.607e+7,,3.607e+7
580.94,3.095e+7,,3.095e+7
580.99,2.617e+7,,2.617e+7
581.04,2.181e+7,,2.181e+7
581.09,1.790e+7,,1.790e+7
581.14,1.448e+7,,1.448e+7
581.19,1.154e+7,,1.154e+7
581.24,9.057e+6,,9.057e+6
581.29,7.006e+6,,7.006e+6
581.34,5.339e+6,,5.339e+6
581.39,4.009e+6,,4.009e+6
581.44,2.966e+6,,2.966e+6
581.49,2.162e+6,,2.162e+6
581.54,1.553e+6,,1.553e+6
581.59,1.099e+6,,1.099e+6
581.64,7.662e+5,,7.662e+5
581.69,5.263e+5,,5.263e+5
581.74,3.562e+5,,3.562e+5
581.79,2.375e+5,,2.375e+5
581.84,1.561e+5,,1.561e+5
581.89,1.010e+5,,1.010e+5
581.94,6.443e+4,,6.443e+4
581.99,4.049e+4,,4.049e+4
582.04,2.507e+4,,2.507e+4
582.09,1.529e+4,,1.529e+4
582.14,9.191e+3,,9.191e+3
582.19,5.443e+3,,5.443e+3
582.24,3.176e+3,,3.176e+3
582.29,1.826e+3,,1.826e+3
582.34,1.034e+3,,1.034e+3
582.39,5.770e+2,,5.770e+2
582.44,3.172e+2,,3.172e+2
582.49,1.719e+2,,1.719e+2
582.54,9.173e+1,,9.173e+1
582.59,4.824e+1,,4.824e+1
582.64,2.499e+1,,2.499e+1
582.69,1.276e+1,,1.276e+1
582.74,6.417e+0,,6.417e+0
582.79,3.180e+0,,3.180e+0
582.84,1.553e+0,,1.553e+0
582.89,7.470e-1,,7.470e-1
582.94,3.541e-1,,3.541e-1
582.99,1.653e-1,,1.653e-1
583.04,7.608e-2,,7.608e-2
583.09,3.449e-2,,3.449e-2
583.14,1.540e-2,,1.540e-2
583.19,6.779e-3,,6.779e-3
583.24,2.940e-3,,2.940e-3
583.29,1.257e-3,,1.257e-3
583.34,5.323e-4,,5.323e-4
583.39,2.284e-4,,2.284e-4
583.44,1.122e-4,,1.122e-4
583.49,9.073e-5,,9.073e-5
583.54,1.445e-4,,1.445e-4
583.59,3.112e-4,,3.112e-4
583.64,7.092e-4,,7.092e-4
583.69,1.613e-3,,1.613e-3
583.74,3.623e-3,,3.623e-3
583.79,8.023e-3,,8.023e-3
583.84,1.751e-2,,1.751e-2
583.89,3.767e-2,,3.767e-2
583.94,7.986e-2,,7.986e-2
583.99,1.669e-1,,1.669e-1
584.04,3.437e-1,,3.437e-1
584.09,6.975e-1,,6.975e-1
584.14,1.395e+0,,1.395e+0
584.19,2.751e+0,,2.751e+0
584.24,5.345e+0,,5.345e+0
584.29,1.024e+1,,1.024e+1
584.34,1.932e+1,,1.932e+1
584.39,3.594e+1,,3.594e+1
584.44,6.589e+1,,6.589e+1
584.49,1.191e+2,,1.191e+2
584.54,2.120e+2,,2.120e+2
584.59,3.721e+2,,3.721e+2
584.64,6.436e+2,,6.436e+2
584.69,1.097e+3,,1.097e+3
584.74,1.844e+3,,1.844e+3
584.79,3.053e+3,,3.053e+3
584.84,4.983e+3,,4.983e+3
584.89,8.015e+3,,8.015e+3
584.94,1.271e+4,,1.271e+4
584.99,1.985e+4,,1.985e+4
585.04,3.057e+4,,3.057e+4
585.09,4.639e+4,,4.639e+4
585.14,6.939e+4,,6.939e+4
585.19,1.023e+5,,1.023e+5
585.24,1.486e+5,,1.486e+5
585.29,2.128e+5,,2.128e+5
585.34,3.004e+5,,3.004e+5
585.39,4.178e+5,,4.178e+5
585.44,5.727e+5,,5.727e+5
585.49,7.738e+5,,7.738e+5
585.54,1.030e+6,,1.030e+6
585.59,1.352e+6,,1.352e+6
585.64,1.749e+6,,1.749e+6
585.69,2.229e+6,,2.229e+6
585.74,2.801e+6,,2.801e+6
585.79,3.468e+6,,3.468e+6
585.84,4.232e+6,,4.232e+6
585.89,5.090e+6,,5.090e+6
585.94,6.034e+6,,6.034e+6
585.99,7.049e+6,,7.049e+6
586.04,8.116e+6,,8.116e+6
586.09,9.211e+6,,9.211e+6
586.14,1.030e+7,,1.030e+7
586.19,1.135e+7,,1.135e+7
586.24,1.234e+7,,1.234e+7
586.29,1.321e+7,,1.321e+7
586.34,1.394e+7,,1.394e+7
586.39,1.450e+7,,1.450e+7
586.44,1.486e+7,,1.486e+7
586.49,1.501e+7,,1.501e+7
586.54,1.495e+7,,1.495e+7
586.59,1.467e+7,,1.467e+7
586.64,1.418e+7,,1.418e+7
586.69,1.352e+7,,1.352e+7
586.74,1.270e+7,,1.270e+7
586.79,1.176e+7,,1.176e+7
586.84,1.073e+7,,1.073e+7
586.89,9.649e+6,,9.649e+6
586.94,8.552e+6,,8.552e+6
586.99,7.471e+6,,7.471e+6
587.04,6.432e+6,,6.432e+6
587.09,5.458e+6,,5.458e+6
587.14,4.564e+6,,4.564e+6
587.19,3.762e+6,,3.762e+6
587.24,3.056e+6,,3.056e+6
587.29,2.447e+6,,2.447e+6
587.34,1.931e+6,,1.931e+6
587.39,1.501e+6,,1.501e+6
587.44,1.151e+6,,1.151e+6
587.49,8.692e+5,,8.692e+5
587.54,6.471e+5,,6.471e+5
587.59,4.748e+5,,4.748e+5
587.64,3.433e+5,,3.433e+5
587.69,2.447e+5,,2.447e+5
587.74,1.719e+5,,1.719e+5
587.79,1.190e+5,,1.190e+5
587.84,8.119e+4,,8.119e+4
587.89,5.460e+4,,5.460e+4
587.94,3.618e+4,,3.618e+4
587.99,2.364e+4,,2.364e+4
588.04,1.522e+4,,1.522e+4
588.09,9.654e+3,,9.654e+3
588.14,6.037e+3,,6.037e+3
588.19,3.720e+3,,3.720e+3
588.24,2.260e+3,,2.260e+3
588.29,1.353e+3,,1.353e+3
588.34,7.981e+2,,7.981e+2
588.39,4.641e+2,,4.641e+2
588.44,2.660e+2,,2.660e+2
588.49,1.502e+2,,1.502e+2
588.54,8.363e+1,,8.363e+1
588.59,4.588e+1,,4.588e+1
588.64,2.481e+1,,2.481e+1
588.69,1.322e+1,,1.322e+1
588.74,6.944e+0,,6.944e+0
588.79,3.595e+0,,3.595e+0
588.84,1.834e+0,,1.834e+0
588.89,9.221e-1,,9.221e-1
588.94,4.570e-1,,4.570e-1
588.99,2.232e-1,,2.232e-1
589.04,1.074e-1,,1.074e-1
589.09,5.097e-2,,5.097e-2
589.14,2.383e-2,,2.383e-2
589.19,1.098e-2,,1.098e-2
589.24,4.988e-3,,4.988e-3
589.29,2.233e-3,,2.233e-3
589.34,9.849e-4,,9.849e-4
589.39,4.282e-4,,4.282e-4
589.44,1.835e-4,,1.835e-4
589.49,7.750e-5,,7.750e-5
589.54,3.226e-5,,3.226e-5
589.59,1.323e-5,,1.323e-5
589.64,5.351e-6,,5.351e-6
589.69,2.132e-6,,2.132e-6
589.74,8.373e-7,,8.373e-7
589.79,3.241e-7,,3.241e-7
589.84,1.236e-7,,1.236e-7
589.89,4.648e-8,,4.648e-8
589.94,1.722e-8,,1.722e-8
589.99,6.290e-9,,6.290e-9
590.04,2.264e-9,,2.264e-9
601.54,1.448e-9,,1.448e-9
601.59,3.896e-9,,3.896e-9
601.64,1.034e-8,,1.034e-8
601.69,2.707e-8,,2.707e-8
601.74,6.991e-8,,6.991e-8
601.79,1.781e-7,,1.781e-7
601.84,4.476e-7,,4.476e-7
601.89,1.110e-6,,1.110e-6
601.94,2.713e-6,,2.713e-6
601.99,6.545e-6,,6.545e-6
602.05,1.849e-5,,1.849e-5
602.1,4.329e-5,,4.329e-5
602.15,9.995e-5,,9.995e-5
602.2,2.277e-4,,2.277e-4
602.25,5.115e-4,,5.115e-4
602.3,1.134e-3,,1.134e-3
602.35,2.479e-3,,2.479e-3
602.4,5.346e-3,,5.346e-3
602.45,1.137e-2,,1.137e-2
602.5,2.387e-2,,2.387e-2
602.55,4.942e-2,,4.942e-2
602.6,1.009e-1,,1.009e-1
602.65,2.033e-1,,2.033e-1
602.7,4.040e-1,,4.040e-1
602.75,7.918e-1,,7.918e-1
602.8,1.531e+0,,1.531e+0
602.85,2.920e+0,,2.920e+0
602.9,5.495e+0,,5.495e+0
602.95,1.020e+1,,1.020e+1
603,1.867e+1,,1.867e+1
603.05,3.372e+1,,3.372e+1
603.1,6.008e+1,,6.008e+1
603.15,1.056e+2,,1.056e+2
603.2,1.830e+2,,1.830e+2
603.25,3.130e+2,,3.130e+2
603.3,5.279e+2,,5.279e+2
603.35,8.785e+2,,8.785e+2
603.4,1.442e+3,,1.442e+3
603.45,2.335e+3,,2.335e+3
603.5,3.729e+3,,3.729e+3
603.55,5.875e+3,,5.875e+3
603.6,9.131e+3,,9.131e+3
603.65,1.400e+4,,1.400e+4
603.7,2.117e+4,,2.117e+4
603.75,3.158e+4,,3.158e+4
603.8,4.648e+4,,4.648e+4
603.85,6.747e+4,,6.747e+4
603.9,9.662e+4,,9.662e+4
603.95,1.365e+5,,1.365e+5
604,1.902e+5,,1.902e+5
604.05,2.614e+5,,2.614e+5
604.1,3.544e+5,,3.544e+5
604.15,4.740e+5,,4.740e+5
604.2,6.254e+5,,6.254e+5
604.25,8.139e+5,,8.139e+5
604.3,1.045e+6,,1.045e+6
604.35,1.323e+6,,1.323e+6
604.4,1.653e+6,,1.653e+6
604.45,2.037e+6,,2.037e+6
604.5,2.476e+6,,2.476e+6
604.55,2.969e+6,,2.969e+6
604.6,3.512e+6,,3.512e+6
604.65,4.098e+6,,4.098e+6
604.7,4.716e+6,,4.716e+6
604.75,5.355e+6,,5.355e+6
604.8,5.997e+6,,5.997e+6
604.85,6.626e+6,,6.626e+6
604.9,7.221e+6,,7.221e+6
604.95,7.763e+6,,7.763e+6
605,8.232e+6,,8.232e+6
605.05,8.611e+6,,8.611e+6
605.1,8.886e+6,,8.886e+6
605.15,9.045e+6,,9.045e+6
605.2,9.082e+6,,9.082e+6
605.25,8.996e+6,,8.996e+6
605.3,8.790e+6,,8.790e+6
605.35,8.472e+6,,8.472e+6
605.4,8.054e+6,,8.054e+6
605.45,7.554e+6,,7.554e+6
605.5,6.988e+6,,6.988e+6
605.55,6.377e+6,,6.377e+6
605.6,5.741e+6,,5.741e+6
605.65,5.098e+6,,5.098e+6
605.7,4.466e+6,,4.466e+6
605.75,3.859e+6,,3.859e+6
605.8,3.289e+6,,3.289e+6
605.85,2.766e+6,,2.766e+6
605.9,2.294e+6,,2.294e+6
605.95,1.877e+6,,1.877e+6
606,1.515e+6,,1.515e+6
606.05,1.206e+6,,1.206e+6
606.1,9.470e+5,,9.470e+5
606.15,7.337e+5,,7.337e+5
606.2,5.607e+5,,5.607e+5
606.25,4.226e+5,,4.226e+5
606.3,3.143e+5,,3.143e+5
606.35,2.305e+5,,2.305e+5
606.4,1.668e+5,,1.668e+5
606.45,1.191e+5,,1.191e+5
606.5,8.383e+4,,8.383e+4
606.55,5.822e+4,,5.822e+4
606.6,3.989e+4,,3.989e+4
606.65,2.696e+4,,2.696e+4
606.7,1.797e+4,,1.797e+4
606.75,1.182e+4,,1.182e+4
606.8,7.667e+3,,7.667e+3
606.85,4.907e+3,,4.907e+3
606.9,3.097e+3,,3.097e+3
606.95,1.929e+3,,1.929e+3
607,1.185e+3,,1.185e+3
607.05,7.178e+2,,7.178e+2
607.1,4.290e+2,,4.290e+2
607.15,2.529e+2,,2.529e+2
607.2,1.471e+2,,1.471e+2
607.25,8.440e+1,,8.440e+1
607.3,4.776e+1,,4.776e+1
607.35,2.666e+1,,2.666e+1
607.4,1.468e+1,,1.468e+1
607.45,7.976e+0,,7.976e+0
607.5,4.274e+0,,4.274e+0
607.55,2.259e+0,,2.259e+0
607.6,1.178e+0,,1.178e+0
607.65,6.059e-1,,6.059e-1
607.7,3.074e-1,,3.074e-1
607.75,1.539e-1,,1.539e-1
607.8,7.597e-2,,7.597e-2
607.85,3.700e-2,,3.700e-2
607.9,1.777e-2,,1.777e-2
607.95,8.424e-3,,8.424e-3
608,3.938e-3,,3.938e-3
608.05,1.816e-3,,1.816e-3
608.1,8.260e-4,,8.260e-4
608.15,3.706e-4,,3.706e-4
608.2,1.641e-4,,1.641e-4
608.25,7.163e-5,,7.163e-5
608.3,3.085e-5,,3.085e-5
608.35,1.311e-5,,1.311e-5
608.4,5.494e-6,,5.494e-6
608.45,2.271e-6,,2.271e-6
608.5,9.263e-7,,9.263e-7
608.55,3.726e-7,,3.726e-7
608.6,1.479e-7,,1.479e-7
608.65,5.789e-8,,5.789e-8
608.7,2.235e-8,,2.235e-8
608.75,8.515e-9,,8.515e-9
608.8,3.199e-9,,3.199e-9
614.65,2.228e-9,,2.228e-9
614.7,5.887e-9,,5.887e-9
614.75,1.535e-8,,1.535e-8
614.8,3.951e-8,,3.951e-8
614.85,1.004e-7,,1.004e-7
614.9,2.516e-7,,2.516e-7
614.95,6.227e-7,,6.227e-7
615,1.521e-6,,1.521e-6
615.05,3.667e-6,,3.667e-6
615.1,8.724e-6,,8.724e-6
615.15,2.049e-5,,2.049e-5
615.2,4.750e-5,,4.750e-5
615.25,1.087e-4,,1.087e-4
615.3,2.454e-4,,2.454e-4
615.35,5.470e-4,,5.470e-4
615.4,1.203e-3,,1.203e-3
615.45,2.613e-3,,2.613e-3
615.5,5.600e-3,,5.600e-3
615.55,1.185e-2,,1.185e-2
615.6,2.473e-2,,2.473e-2
615.65,5.096e-2,,5.096e-2
615.7,1.037e-1,,1.037e-1
615.75,2.081e-1,,2.081e-1
615.8,4.123e-1,,4.123e-1
615.85,8.064e-1,,8.064e-1
615.9,1.557e+0,,1.557e+0
615.95,2.966e+0,,2.966e+0
616,5.577e+0,,5.577e+0
616.05,1.035e+1,,1.035e+1
616.1,1.896e+1,,1.896e+1
616.15,3.429e+1,,3.429e+1
616.2,6.119e+1,,6.119e+1
616.25,1.078e+2,,1.078e+2
616.3,1.874e+2,,1.874e+2
616.35,3.216e+2,,3.216e+2
616.4,5.446e+2,,5.446e+2
616.45,9.105e+2,,9.105e+2
616.5,1.502e+3,,1.502e+3
616.55,2.447e+3,,2.447e+3
616.6,3.933e+3,,3.933e+3
616.65,6.239e+3,,6.239e+3
616.7,9.771e+3,,9.771e+3
616.75,1.510e+4,,1.510e+4
616.8,2.304e+4,,2.304e+4
616.85,3.469e+4,,3.469e+4
616.9,5.155e+4,,5.155e+4
616.95,7.561e+4,,7.561e+4
617,1.095e+5,,1.095e+5
617.05,1.564e+5,,1.564e+5
617.1,2.206e+5,,2.206e+5
617.15,3.071e+5,,3.071e+5
617.2,4.220e+5,,4.220e+5
617.25,5.723e+5,,5.723e+5
617.3,7.660e+5,,7.660e+5
617.35,1.012e+6,,1.012e+6
617.4,1.320e+6,,1.320e+6
617.45,1.699e+6,,1.699e+6
617.5,2.158e+6,,2.158e+6
617.55,2.705e+6,,2.705e+6
617.6,3.348e+6,,3.348e+6
617.65,4.089e+6,,4.089e+6
617.7,4.930e+6,,4.930e+6
617.75,5.867e+6,,5.867e+6
617.8,6.890e+6,,6.890e+6
617.85,7.987e+6,,7.987e+6
617.9,9.139e+6,,9.139e+6
617.95,1.032e+7,,1.032e+7
618,1.150e+7,,1.150e+7
618.05,1.266e+7,,1.266e+7
618.1,1.374e+7,,1.374e+7
618.15,1.473e+7,,1.473e+7
618.2,1.558e+7,,1.558e+7
618.25,1.627e+7,,1.627e+7
618.3,1.676e+7,,1.676e+7
618.35,1.705e+7,,1.705e+7
618.4,1.712e+7,,1.712e+7
618.45,1.696e+7,,1.696e+7
618.5,1.659e+7,,1.659e+7
618.55,1.601e+7,,1.601e+7
618.6,1.526e+7,,1.526e+7
618.65,1.435e+7,,1.435e+7
618.7,1.332e+7,,1.332e+7
618.75,1.220e+7,,1.220e+7
618.8,1.103e+7,,1.103e+7
618.85,9.846e+6,,9.846e+6
618.9,8.673e+6,,8.673e+6
618.95,7.541e+6,,7.541e+6
619,6.471e+6,,6.471e+6
619.05,5.481e+6,,5.481e+6
619.1,4.582e+6,,4.582e+6
619.15,3.781e+6,,3.781e+6
619.2,3.079e+6,,3.079e+6
619.25,2.475e+6,,2.475e+6
619.3,1.964e+6,,1.964e+6
619.35,1.538e+6,,1.538e+6
619.4,1.189e+6,,1.189e+6
619.45,9.068e+5,,9.068e+5
619.5,6.828e+5,,6.828e+5
619.55,5.074e+5,,5.074e+5
619.6,3.722e+5,,3.722e+5
619.65,2.695e+5,,2.695e+5
619.7,1.926e+5,,1.926e+5
619.75,1.358e+5,,1.358e+5
619.8,9.456e+4,,9.456e+4
619.85,6.497e+4,,6.497e+4
619.9,4.406e+4,,4.406e+4
619.95,2.949e+4,,2.949e+4
620,1.949e+4,,1.949e+4
620.05,1.271e+4,,1.271e+4
620.1,8.179e+3,,8.179e+3
620.15,5.196e+3,,5.196e+3
620.2,3.258e+3,,3.258e+3
620.25,2.016e+3,,2.016e+3
620.3,1.232e+3,,1.232e+3
620.35,7.425e+2,,7.425e+2
620.4,4.418e+2,,4.418e+2
620.45,2.595e+2,,2.595e+2
620.5,1.504e+2,,1.504e+2
620.55,8.608e+1,,8.608e+1
620.6,4.861e+1,,4.861e+1
620.65,2.710e+1,,2.710e+1
620.7,1.491e+1,,1.491e+1
620.75,8.095e+0,,8.095e+0
620.8,4.339e+0,,4.339e+0
620.85,2.295e+0,,2.295e+0
620.9,1.198e+0,,1.198e+0
620.95,6.176e-1,,6.176e-1
621,3.141e-1,,3.141e-1
621.05,1.577e-1,,1.577e-1
621.1,7.815e-2,,7.815e-2
621.15,3.822e-2,,3.822e-2
621.2,1.845e-2,,1.845e-2
621.25,8.792e-3,,8.792e-3
621.3,4.135e-3,,4.135e-3
621.35,1.919e-3,,1.919e-3
621.4,8.792e-4,,8.792e-4
621.45,3.976e-4,,3.976e-4
621.5,1.774e-4,,1.774e-4
621.55,7.817e-5,,7.817e-5
621.6,3.399e-5,,3.399e-5
621.65,1.458e-5,,1.458e-5
621.7,6.178e-6,,6.178e-6
621.75,2.583e-6,,2.583e-6
621.8,1.066e-6,,1.066e-6
621.85,4.340e-7,,4.340e-7
621.9,1.745e-7,,1.745e-7
621.95,6.923e-8,,6.923e-8
622,2.711e-8,,2.711e-8
622.05,1.048e-8,,1.048e-8
622.1,3.998e-9,,3.998e-9