Wavelength (nm),Sum,Ni I (6.8e-02),Ni II (9.3e-01),Ni III (6.9e-04)
200.11,5.615e+3,5.615e+3,,
200.16,2.283e+4,2.283e+4,,
200.21,8.199e+4,8.199e+4,,
200.26,2.601e+5,2.601e+5,,
200.31,7.287e+5,7.287e+5,,
200.36,1.803e+6,1.803e+6,,
200.41,3.942e+6,3.942e+6,,
200.46,7.611e+6,7.611e+6,,
200.51,1.298e+7,1.298e+7,,
200.56,1.955e+7,1.955e+7,,
200.61,2.601e+7,2.601e+7,,
200.66,3.056e+7,3.056e+7,,
200.72,3.149e+7,3.149e+7,,
200.77,2.817e+7,2.817e+7,,
200.82,2.227e+7,2.227e+7,,
200.87,1.561e+7,1.561e+7,,
200.92,9.900e+6,9.900e+6,,
200.97,6.288e+6,6.288e+6,,
201.02,5.589e+6,5.589e+6,,
201.07,8.841e+6,8.841e+6,,
201.12,1.773e+7,1.773e+7,,
201.17,3.426e+7,3.426e+7,,
201.22,5.947e+7,5.947e+7,,
201.27,9.149e+7,9.149e+7,,
201.32,1.245e+8,1.245e+8,,
201.37,1.498e+8,1.498e+8,,
201.42,1.593e+8,1.593e+8,,
201.47,1.498e+8,1.498e+8,,
201.52,1.245e+8,1.245e+8,,
201.57,9.148e+7,9.148e+7,,
201.62,5.943e+7,5.943e+7,,
201.67,3.413e+7,3.413e+7,,
201.72,1.733e+7,1.733e+7,,
201.77,7.778e+6,7.778e+6,,
201.82,3.087e+6,3.087e+6,,
201.87,1.083e+6,1.083e+6,,
201.92,3.395e+5,3.395e+5,,
201.97,1.081e+5,1.081e+5,,
202.02,8.368e+4,8.368e+4,,
202.07,2.137e+5,2.137e+5,,
202.12,6.343e+5,6.343e+5,,
202.17,1.713e+6,1.713e+6,,
202.22,4.136e+6,4.136e+6,,
202.27,8.944e+6,8.944e+6,,
202.32,1.736e+7,1.736e+7,,
202.37,3.030e+7,3.030e+7,,
202.42,4.770e+7,4.770e+7,,
202.47,6.780e+7,6.780e+7,,
202.52,8.713e+7,8.713e+7,,
202.57,1.013e+8,1.013e+8,,
202.62,1.063e+8,1.063e+8,,
202.67,1.008e+8,1.008e+8,,
202.72,8.604e+7,8.604e+7,,
202.77,6.600e+7,6.600e+7,,
202.82,4.538e+7,4.538e+7,,
202.87,2.791e+7,2.791e+7,,
202.92,1.532e+7,1.532e+7,,
202.97,7.497e+6,7.497e+6,,
203.02,3.264e+6,3.264e+6,,
203.07,1.263e+6,1.263e+6,,
203.12,4.340e+5,4.340e+5,,
203.17,1.323e+5,1.323e+5,,
203.22,3.578e+4,3.578e+4,,
203.27,8.579e+3,8.579e+3,,
203.32,1.823e+3,1.823e+3,,
203.37,3.431e+2,3.431e+2,,
203.42,5.722e+1,5.722e+1,,
203.47,8.451e+0,8.451e+0,,
203.52,1.106e+0,1.106e+0,,
203.57,1.281e-1,1.281e-1,,
203.62,1.315e-2,1.315e-2,,
203.67,1.284e-3,1.284e-3,,
203.72,1.167e-3,1.167e-3,,
203.77,1.124e-2,1.124e-2,,
203.82,1.045e-1,1.045e-1,,
203.87,8.633e-1,8.633e-1,,
203.92,6.329e+0,6.329e+0,,
203.97,4.118e+1,4.118e+1,,
204.02,2.378e+2,2.378e+2,,
204.07,1.219e+3,1.219e+3,,
204.12,5.545e+3,5.545e+3,,
204.17,2.239e+4,2.239e+4,,
204.22,8.022e+4,8.022e+4,,
204.27,2.552e+5,2.552e+5,,
204.32,7.203e+5,7.203e+5,,
204.37,1.805e+6,1.805e+6,,
204.42,4.013e+6,4.013e+6,,
204.47,7.921e+6,7.921e+6,,
204.52,1.388e+7,1.388e+7,,
204.57,2.158e+7,2.158e+7,,
204.62,2.978e+7,2.978e+7,,
204.67,3.651e+7,3.651e+7,,
204.72,3.978e+7,3.978e+7,,
204.77,3.865e+7,3.865e+7,,
204.82,3.383e+7,3.383e+7,,
204.87,2.746e+7,2.746e+7,,
204.92,2.221e+7,2.221e+7,,
204.97,2.023e+7,2.023e+7,,
205.02,2.232e+7,2.232e+7,,
205.07,2.773e+7,2.773e+7,,
205.12,3.442e+7,3.442e+7,,
205.17,3.995e+7,3.995e+7,,
205.22,4.257e+7,4.257e+7,,
205.27,4.209e+7,4.209e+7,,
205.32,3.985e+7,3.985e+7,,
205.37,3.781e+7,3.781e+7,,
205.42,3.723e+7,3.723e+7,,
205.47,3.784e+7,3.784e+7,,
205.52,3.822e+7,3.822e+7,,
205.57,3.687e+7,3.687e+7,,
205.62,3.345e+7,3.345e+7,,
205.67,2.913e+7,2.913e+7,,
205.72,2.607e+7,2.607e+7,,
205.77,2.622e+7,2.622e+7,,
205.82,3.022e+7,3.022e+7,,
205.87,3.691e+7,3.691e+7,,
205.92,4.369e+7,4.369e+7,,
205.97,4.761e+7,4.761e+7,,
206.02,4.671e+7,4.671e+7,,
206.07,4.092e+7,4.092e+7,,
206.12,3.192e+7,3.192e+7,,
206.17,2.215e+7,2.215e+7,,
206.22,1.366e+7,1.366e+7,,
206.27,7.489e+6,7.489e+6,,
206.32,3.650e+6,3.650e+6,,
206.37,1.581e+6,1.581e+6,,
206.42,6.087e+5,6.087e+5,,
206.47,2.083e+5,2.083e+5,,
206.52,6.336e+4,6.336e+4,,
206.57,1.713e+4,1.713e+4,,
206.62,4.117e+3,4.117e+3,,
206.67,8.794e+2,8.794e+2,,
206.72,1.670e+2,1.670e+2,,
206.77,2.817e+1,2.817e+1,,
206.82,4.226e+0,4.226e+0,,
206.87,5.634e-1,5.634e-1,,
206.92,6.676e-2,6.676e-2,,
206.97,7.032e-3,7.032e-3,,
207.02,6.584e-4,6.584e-4,,
207.07,5.478e-5,5.478e-5,,
207.12,4.052e-6,4.052e-6,,
207.17,2.664e-7,2.664e-7,,
207.22,1.557e-8,1.557e-8,,
207.32,1.844e-7,1.844e-7,,
207.37,3.012e-6,3.012e-6,,
207.42,4.387e-5,4.387e-5,,
207.47,5.694e-4,5.694e-4,,
207.52,6.589e-3,6.589e-3,,
207.57,6.797e-2,6.797e-2,,
207.62,6.249e-1,6.249e-1,,
207.67,5.122e+0,5.122e+0,,
207.72,3.742e+1,3.742e+1,,
207.77,2.437e+2,2.437e+2,8.284e-8,
207.82,1.415e+3,1.415e+3,1.337e-6,
207.87,7.322e+3,7.322e+3,1.924e-5,
207.92,3.378e+4,3.378e+4,2.470e-4,
207.97,1.389e+5,1.389e+5,2.828e-3,
208.02,5.092e+5,5.092e+5,2.888e-2,
208.07,1.664e+6,1.664e+6,2.630e-1,
208.12,4.846e+6,4.846e+6,2.136e+0,
208.17,1.258e+7,1.258e+7,1.547e+1,
208.22,2.912e+7,2.912e+7,9.993e+1,
208.27,6.008e+7,6.008e+7,5.758e+2,
208.32,1.105e+8,1.105e+8,2.958e+3,
208.37,1.811e+8,1.811e+8,1.356e+4,
208.42,2.647e+8,2.647e+8,5.541e+4,
208.47,3.450e+8,3.448e+8,2.020e+5,
208.52,4.010e+8,4.004e+8,6.565e+5,
208.57,4.163e+8,4.144e+8,1.903e+6,
208.62,3.873e+8,3.824e+8,4.922e+6,
208.67,3.258e+8,3.145e+8,1.135e+7,
208.72,2.539e+8,2.306e+8,2.336e+7,
208.77,1.936e+8,1.507e+8,4.289e+7,
208.82,1.581e+8,8.779e+7,7.033e+7,
208.87,1.487e+8,4.559e+7,1.031e+8,
208.92,1.569e+8,2.111e+7,1.358e+8,
208.97,1.703e+8,8.709e+6,1.616e+8,
209.02,1.797e+8,3.204e+6,1.765e+8,
209.07,1.829e+8,1.050e+6,1.819e+8,
209.12,1.848e+8,3.070e+5,1.845e+8,
209.17,1.924e+8,8.000e+4,1.923e+8,
209.22,2.088e+8,1.858e+4,2.087e+8,
209.27,2.296e+8,3.847e+3,2.296e+8,
209.32,2.446e+8,7.099e+2,2.446e+8,
209.37,2.430e+8,1.168e+2,2.430e+8,
209.42,2.201e+8,1.713e+1,2.201e+8,
209.47,1.798e+8,2.239e+0,1.798e+8,
209.52,1.316e+8,2.609e-1,1.316e+8,
209.57,8.614e+7,2.710e-2,8.614e+7,
209.62,5.035e+7,2.509e-3,5.035e+7,
209.67,2.627e+7,2.071e-4,2.627e+7,
209.72,1.223e+7,1.523e-5,1.223e+7,
209.77,5.081e+6,9.991e-7,5.081e+6,
209.82,1.883e+6,5.841e-8,1.883e+6,
209.87,6.227e+5,,6.227e+5,
209.92,1.837e+5,,1.837e+5,
209.97,4.836e+4,,4.836e+4,
210.02,1.136e+4,,1.136e+4,
210.07,2.380e+3,,2.380e+3,
210.12,4.449e+2,,4.449e+2,
210.17,7.421e+1,,7.421e+1,
210.22,1.104e+1,,1.104e+1,
210.27,1.466e+0,,1.466e+0,
210.32,1.737e-1,,1.737e-1,
210.37,1.835e-2,,1.835e-2,
210.42,1.730e-3,,1.730e-3,
210.47,1.456e-4,,1.456e-4,
210.52,1.092e-5,,1.092e-5,
210.57,7.315e-7,,7.315e-7,
210.62,4.370e-8,,4.370e-8,
210.87,1.936e-8,1.936e-8,,
210.92,3.079e-7,3.079e-7,,
210.97,4.382e-6,4.382e-6,,
211.02,5.579e-5,5.579e-5,,
211.07,6.358e-4,6.358e-4,,
211.12,6.483e-3,6.483e-3,,
211.17,5.915e-2,5.915e-2,,
211.22,4.830e-1,4.830e-1,2.439e-8,
211.27,3.529e+0,3.529e+0,4.014e-7,
211.32,2.307e+1,2.307e+1,5.916e-6,
211.37,1.350e+2,1.350e+2,7.805e-5,
211.42,7.067e+2,7.067e+2,9.217e-4,
211.47,3.311e+3,3.311e+3,9.744e-3,
211.52,1.388e+4,1.388e+4,9.222e-2,
211.57,5.207e+4,5.207e+4,7.813e-1,
211.62,1.748e+5,1.748e+5,5.926e+0,
211.67,5.251e+5,5.251e+5,4.023e+1,
211.72,1.412e+6,1.412e+6,2.445e+2,
211.77,3.397e+6,3.396e+6,1.330e+3,
211.82,7.317e+6,7.311e+6,6.480e+3,
211.87,1.411e+7,1.409e+7,2.825e+4,
211.92,2.441e+7,2.430e+7,1.103e+5,
211.97,3.793e+7,3.754e+7,3.853e+5,
212.02,5.321e+7,5.201e+7,1.205e+6,
212.07,6.811e+7,6.473e+7,3.376e+6,
212.12,8.117e+7,7.271e+7,8.464e+6,
212.17,9.338e+7,7.437e+7,1.901e+7,
212.22,1.087e+8,7.045e+7,3.823e+7,
212.27,1.326e+8,6.360e+7,6.896e+7,
212.32,1.686e+8,5.683e+7,1.118e+8,
212.37,2.153e+8,5.191e+7,1.634e+8,
212.42,2.659e+8,4.862e+7,2.173e+8,
212.47,3.126e+8,4.540e+7,2.672e+8,
212.52,3.533e+8,4.067e+7,3.126e+8,
212.57,3.963e+8,3.390e+7,3.624e+8,
212.62,4.571e+8,2.580e+7,4.313e+8,
212.67,5.484e+8,1.774e+7,5.307e+8,
212.72,6.668e+8,1.097e+7,6.558e+8,
212.77,7.872e+8,6.090e+6,7.811e+8,
212.82,8.704e+8,3.028e+6,8.674e+8,
212.87,8.817e+8,1.349e+6,8.803e+8,
212.92,8.085e+8,5.378e+5,8.079e+8,
212.97,6.673e+8,1.920e+5,6.671e+8,
213.02,4.943e+8,6.136e+4,4.943e+8,
213.07,3.283e+8,1.755e+4,3.283e+8,
213.12,1.954e+8,4.496e+3,1.954e+8,
213.17,1.042e+8,1.031e+3,1.042e+8,
213.22,4.978e+7,2.115e+2,4.978e+7,
213.27,2.151e+7,3.885e+1,2.151e+7,
213.32,9.024e+6,6.389e+0,9.024e+6,
213.37,5.527e+6,9.406e-1,5.527e+6,
213.42,8.424e+6,1.239e-1,8.424e+6,
213.47,1.899e+7,1.462e-2,1.899e+7,
213.52,4.171e+7,1.544e-3,4.171e+7,
213.57,8.294e+7,1.471e-4,8.294e+7,
213.62,1.480e+8,2.717e-5,1.480e+8,
213.67,2.369e+8,1.745e-4,2.369e+8,
213.72,3.398e+8,1.824e-3,3.398e+8,
213.77,4.369e+8,1.719e-2,4.369e+8,
213.82,5.036e+8,1.454e-1,5.036e+8,
213.87,5.204e+8,1.104e+0,5.204e+8,
213.92,4.821e+8,7.518e+0,4.821e+8,
213.97,4.003e+8,4.595e+1,4.003e+8,
214.02,2.980e+8,2.519e+2,2.980e+8,
214.07,1.989e+8,1.240e+3,1.989e+8,
214.12,1.190e+8,5.472e+3,1.190e+8,
214.17,6.381e+7,2.168e+4,6.379e+7,
214.22,3.074e+7,7.705e+4,3.067e+7,
214.27,1.346e+7,2.457e+5,1.322e+7,
214.32,5.808e+6,7.031e+5,5.105e+6,
214.37,3.573e+6,1.805e+6,1.768e+6,
214.42,4.708e+6,4.160e+6,5.488e+5,
214.47,8.751e+6,8.599e+6,1.527e+5,
214.52,1.599e+7,1.595e+7,3.810e+4,
214.57,2.655e+7,2.655e+7,8.521e+3,
214.62,3.964e+7,3.964e+7,1.708e+3,
214.67,5.312e+7,5.312e+7,3.070e+2,
214.72,6.387e+7,6.387e+7,4.946e+1,
214.77,6.890e+7,6.890e+7,7.146e+0,
214.82,6.670e+7,6.670e+7,9.590e-1,
214.87,5.793e+7,5.793e+7,4.171e-1,
214.92,4.515e+7,4.515e+7,2.521e+0,
214.97,3.157e+7,3.157e+7,1.827e+1,
215.02,1.981e+7,1.981e+7,1.194e+2,
215.07,1.116e+7,1.116e+7,7.015e+2,
215.12,5.647e+6,5.643e+6,3.701e+3,
215.17,2.608e+6,2.591e+6,1.754e+4,
215.22,1.250e+6,1.175e+6,7.466e+4,
215.27,1.117e+6,8.320e+5,2.855e+5,
215.32,2.460e+6,1.479e+6,9.809e+5,
215.37,6.715e+6,3.687e+6,3.028e+6,
215.42,1.727e+7,8.869e+6,8.400e+6,
215.47,4.031e+7,1.937e+7,2.095e+7,
215.52,8.510e+7,3.813e+7,4.697e+7,
215.57,1.624e+8,6.762e+7,9.482e+7,
215.62,2.805e+8,1.080e+8,1.725e+8,
215.67,4.389e+8,1.553e+8,2.836e+8,
215.72,6.239e+8,2.010e+8,4.229e+8,
215.77,8.096e+8,2.344e+8,5.753e+8,
215.82,9.665e+8,2.459e+8,7.206e+8,
215.87,1.074e+9,2.323e+8,8.413e+8,
215.92,1.127e+9,1.975e+8,9.297e+8,
215.97,1.139e+9,1.511e+8,9.879e+8,
216.02,1.129e+9,1.040e+8,1.025e+9,
216.07,1.124e+9,6.441e+7,1.060e+9,
216.12,1.170e+9,3.588e+7,1.134e+9,
216.17,1.356e+9,1.798e+7,1.338e+9,
216.22,1.833e+9,8.105e+6,1.825e+9,
216.27,2.792e+9,3.285e+6,2.789e+9,
216.32,4.392e+9,1.197e+6,4.390e+9,
216.37,6.638e+9,3.924e+5,6.637e+9,
216.42,9.285e+9,1.156e+5,9.285e+9,
216.47,1.184e+10,3.063e+4,1.184e+10,
216.52,1.369e+10,7.293e+3,1.369e+10,
216.57,1.442e+10,1.564e+3,1.442e+10,
216.62,1.395e+10,3.196e+2,1.395e+10,
216.67,1.265e+10,1.582e+2,1.265e+10,
216.72,1.108e+10,5.328e+2,1.108e+10,
216.77,9.735e+9,2.332e+3,9.735e+9,
216.82,8.795e+9,9.312e+3,8.795e+9,
216.87,8.120e+9,3.348e+4,8.120e+9,
216.92,7.424e+9,1.083e+5,7.424e+9,
216.97,6.498e+9,3.150e+5,6.498e+9,
217.02,5.350e+9,8.246e+5,5.349e+9,
217.07,4.194e+9,1.942e+6,4.192e+9,
217.12,3.349e+9,4.114e+6,3.345e+9,
217.17,3.122e+9,7.842e+6,3.114e+9,
217.22,3.711e+9,1.345e+7,3.697e+9,
217.27,5.139e+9,2.075e+7,5.119e+9,
217.32,7.210e+9,2.879e+7,7.181e+9,
217.37,9.493e+9,3.595e+7,9.457e+9,
217.42,1.141e+10,4.039e+7,1.137e+10,
217.47,1.240e+10,4.082e+7,1.236e+10,
217.52,1.216e+10,3.711e+7,1.213e+10,
217.57,1.076e+10,3.036e+7,1.073e+10,
217.62,8.573e+9,2.234e+7,8.551e+9,
217.67,6.159e+9,1.479e+7,6.144e+9,
217.72,3.988e+9,8.809e+6,3.980e+9,
217.77,2.328e+9,4.721e+6,2.323e+9,
217.82,1.225e+9,2.276e+6,1.223e+9,
217.87,5.841e+8,9.870e+5,5.831e+8,
217.92,2.597e+8,3.851e+5,2.593e+8,
217.97,1.297e+8,1.352e+5,1.296e+8,
218.02,1.237e+8,4.269e+4,1.236e+8,
218.07,2.263e+8,1.213e+4,2.263e+8,
218.12,4.668e+8,3.104e+3,4.668e+8,
218.17,8.983e+8,7.357e+2,8.983e+8,
218.22,1.564e+9,2.744e+2,1.564e+9,
218.27,2.454e+9,6.659e+2,2.454e+9,
218.32,3.467e+9,2.899e+3,3.467e+9,
218.37,4.412e+9,1.182e+4,4.412e+9,
218.42,5.056e+9,4.350e+4,5.056e+9,
218.47,5.217e+9,1.442e+5,5.217e+9,
218.52,4.849e+9,4.308e+5,4.848e+9,
218.57,4.059e+9,1.160e+6,4.057e+9,
218.62,3.061e+9,2.813e+6,3.058e+9,
218.67,2.081e+9,6.146e+6,2.075e+9,
218.72,1.280e+9,1.210e+7,1.268e+9,
218.77,7.195e+8,2.147e+7,6.980e+8,
218.82,3.803e+8,3.432e+7,3.459e+8,
218.87,2.038e+8,4.942e+7,1.544e+8,
218.92,1.262e+8,6.413e+7,6.206e+7,
218.97,9.745e+7,7.499e+7,2.246e+7,
219.02,8.632e+7,7.900e+7,7.322e+6,
219.07,7.715e+7,7.500e+7,2.149e+6,
219.12,6.474e+7,6.417e+7,5.681e+5,
219.17,4.969e+7,4.956e+7,1.352e+5,
219.22,3.476e+7,3.473e+7,2.908e+4,
219.27,2.263e+7,2.263e+7,6.192e+3,
219.32,1.502e+7,1.501e+7,4.380e+3,
219.37,1.277e+7,1.275e+7,1.772e+4,
219.42,1.638e+7,1.630e+7,8.177e+4,
219.47,2.636e+7,2.601e+7,3.430e+5,
219.52,4.302e+7,4.172e+7,1.298e+6,
219.57,6.645e+7,6.202e+7,4.431e+6,
219.62,9.736e+7,8.372e+7,1.364e+7,
219.67,1.401e+8,1.022e+8,3.789e+7,
219.72,2.080e+8,1.131e+8,9.491e+7,
219.77,3.286e+8,1.141e+8,2.144e+8,
219.82,5.434e+8,1.064e+8,4.370e+8,
219.87,8.976e+8,9.440e+7,8.032e+8,
219.92,1.415e+9,8.366e+7,1.332e+9,
219.97,2.070e+9,7.838e+7,1.992e+9,
220.02,2.767e+9,7.949e+7,2.687e+9,
220.07,3.356e+9,8.445e+7,3.272e+9,
220.12,3.688e+9,8.874e+7,3.599e+9,
220.17,3.676e+9,8.815e+7,3.588e+9,
220.22,3.353e+9,8.069e+7,3.272e+9,
220.27,2.867e+9,6.724e+7,2.800e+9,
220.32,2.440e+9,5.075e+7,2.390e+9,
220.37,2.295e+9,3.460e+7,2.261e+9,
220.42,2.581e+9,2.130e+7,2.559e+9,
220.47,3.320e+9,1.183e+7,3.308e+9,
220.52,4.385e+9,5.925e+6,4.379e+9,
220.57,5.518e+9,2.677e+6,5.515e+9,
220.62,6.404e+9,1.091e+6,6.403e+9,
220.67,6.789e+9,4.012e+5,6.788e+9,
220.72,6.583e+9,1.330e+5,6.583e+9,
220.77,5.900e+9,3.979e+4,5.900e+9,
220.82,4.991e+9,1.073e+4,4.991e+9,
220.87,4.121e+9,2.612e+3,4.121e+9,
220.92,3.454e+9,5.734e+2,3.454e+9,
220.97,3.007e+9,1.135e+2,3.007e+9,
221.02,2.692e+9,2.027e+1,2.692e+9,
221.07,2.401e+9,3.265e+0,2.401e+9,
221.12,2.087e+9,4.743e-1,2.087e+9,
221.17,1.807e+9,6.216e-2,1.807e+9,
221.22,1.724e+9,7.347e-3,1.724e+9,
221.27,2.096e+9,7.832e-4,2.096e+9,
221.32,3.235e+9,7.532e-5,3.235e+9,
221.37,5.440e+9,6.533e-6,5.440e+9,
221.42,8.863e+9,5.111e-7,8.863e+9,
221.47,1.333e+10,3.607e-8,1.333e+10,
221.52,1.823e+10,,1.823e+10,
221.57,2.257e+10,,2.257e+10,
221.62,2.527e+10,,2.527e+10,
221.67,2.559e+10,,2.559e+10,
221.72,2.349e+10,,2.349e+10,
221.77,1.961e+10,,1.961e+10,
221.82,1.504e+10,,1.504e+10,
221.87,1.081e+10,,1.081e+10,
221.92,7.631e+9,,7.631e+9,
221.97,5.720e+9,,5.720e+9,
222.02,4.975e+9,,4.975e+9,
222.07,5.143e+9,,5.143e+9,
222.12,5.957e+9,,5.957e+9,
222.17,7.192e+9,,7.192e+9,
222.22,8.648e+9,,8.648e+9,
222.27,1.014e+10,,1.014e+10,
222.32,1.150e+10,,1.150e+10,
222.37,1.257e+10,,1.257e+10,
222.42,1.321e+10,,1.321e+10,
222.47,1.331e+10,,1.331e+10,
222.52,1.280e+10,,1.280e+10,
222.57,1.168e+10,,1.168e+10,
222.62,1.005e+10,,1.005e+10,
222.67,8.120e+9,,8.120e+9,
222.72,6.122e+9,,6.122e+9,
222.77,4.289e+9,,4.289e+9,
222.82,2.782e+9,,2.782e+9,
222.87,1.664e+9,,1.664e+9,
222.92,9.148e+8,,9.148e+8,
222.97,4.610e+8,,4.610e+8,
223.02,2.123e+8,,2.123e+8,
223.07,8.920e+7,,8.920e+7,
223.12,3.411e+7,6.160e-8,3.411e+7,
223.17,1.186e+7,8.214e-7,1.186e+7,
223.22,3.743e+6,9.918e-6,3.743e+6,
223.27,1.071e+6,1.084e-4,1.071e+6,
223.32,2.779e+5,1.074e-3,2.779e+5,
223.37,6.529e+4,9.626e-3,6.529e+4,
223.42,1.389e+4,7.815e-2,1.389e+4,
223.47,2.674e+3,5.745e-1,2.674e+3,
223.52,4.695e+2,3.824e+0,4.657e+2,
223.57,9.643e+1,2.305e+1,7.338e+1,
223.62,1.363e+2,1.258e+2,1.046e+1,
223.67,6.233e+2,6.219e+2,1.348e+0,
223.72,2.784e+3,2.783e+3,1.571e-1,
223.77,1.128e+4,1.128e+4,1.655e-2,
223.82,4.140e+4,4.140e+4,1.577e-3,
223.87,1.376e+5,1.376e+5,1.357e-4,
223.92,4.140e+5,4.140e+5,1.058e-5,
223.97,1.128e+6,1.128e+6,7.449e-7,
224.02,2.783e+6,2.783e+6,9.212e-7,
224.07,6.218e+6,6.218e+6,1.276e-5,
224.12,1.258e+7,1.258e+7,1.601e-4,
224.17,2.305e+7,2.305e+7,1.820e-3,
224.22,3.823e+7,3.823e+7,1.876e-2,
224.27,5.743e+7,5.743e+7,1.752e-1,
224.32,7.812e+7,7.812e+7,1.483e+0,
224.37,9.622e+7,9.622e+7,1.138e+1,
224.42,1.073e+8,1.073e+8,7.910e+1,
224.47,1.084e+8,1.084e+8,4.984e+2,
224.52,9.914e+7,9.913e+7,2.846e+3,
224.57,8.211e+7,8.210e+7,1.472e+4,
224.62,6.163e+7,6.157e+7,6.905e+4,
224.67,4.211e+7,4.181e+7,2.935e+5,
224.72,2.686e+7,2.573e+7,1.130e+6,
224.77,1.835e+7,1.440e+7,3.945e+6,
224.82,1.998e+7,7.498e+6,1.248e+7,
224.87,3.986e+7,4.078e+6,3.578e+7,
224.92,9.630e+7,3.344e+6,9.295e+7,
224.97,2.239e+8,5.068e+6,2.189e+8,
225.02,4.767e+8,9.709e+6,4.670e+8,
225.07,9.213e+8,1.822e+7,9.030e+8,
225.12,1.614e+9,3.155e+7,1.583e+9,
225.17,2.563e+9,4.995e+7,2.513e+9,
225.22,3.690e+9,7.228e+7,3.618e+9,
225.27,4.815e+9,9.570e+7,4.719e+9,
225.32,5.695e+9,1.162e+8,5.579e+9,
225.37,6.106e+9,1.296e+8,5.977e+9,
225.42,5.936e+9,1.334e+8,5.803e+9,
225.47,5.233e+9,1.276e+8,5.106e+9,
225.52,4.186e+9,1.148e+8,4.071e+9,
225.57,3.042e+9,9.934e+7,2.942e+9,
225.62,2.012e+9,8.535e+7,1.927e+9,
225.67,1.219e+9,7.531e+7,1.144e+9,
225.72,6.847e+8,6.933e+7,6.154e+8,
225.77,3.662e+8,6.554e+7,3.006e+8,
225.82,1.966e+8,6.139e+7,1.352e+8,
225.87,1.169e+8,5.502e+7,6.192e+7,
225.92,9.150e+7,4.604e+7,4.546e+7,
225.97,1.120e+8,3.547e+7,7.650e+7,
226.02,1.973e+8,2.497e+7,1.723e+8,
226.07,3.920e+8,1.600e+7,3.760e+8,
226.12,7.597e+8,9.312e+6,7.504e+8,
226.17,1.365e+9,4.918e+6,1.360e+9,
226.22,2.239e+9,2.356e+6,2.236e+9,
226.27,3.337e+9,1.024e+6,3.335e+9,
226.32,4.514e+9,4.032e+5,4.513e+9,
226.37,5.541e+9,1.440e+5,5.540e+9,
226.42,6.174e+9,4.663e+4,6.174e+9,
226.47,6.252e+9,1.369e+4,6.252e+9,
226.52,5.777e+9,3.643e+3,5.777e+9,
226.57,4.925e+9,8.789e+2,4.925e+9,
226.62,3.998e+9,1.923e+2,3.998e+9,
226.67,3.325e+9,3.813e+1,3.325e+9,
226.72,3.173e+9,6.856e+0,3.173e+9,
226.77,3.681e+9,1.117e+0,3.681e+9,
226.82,4.813e+9,1.651e-1,4.813e+9,
226.87,6.350e+9,2.212e-2,6.350e+9,
226.92,7.921e+9,2.687e-3,7.921e+9,
226.97,9.096e+9,2.959e-4,9.096e+9,
227.02,9.525e+9,2.954e-5,9.525e+9,
227.07,9.067e+9,2.674e-6,9.067e+9,
227.12,7.837e+9,2.194e-7,7.837e+9,
227.17,6.149e+9,1.632e-8,6.149e+9,
227.22,4.380e+9,,4.380e+9,
227.27,2.834e+9,,2.834e+9,
227.32,1.674e+9,,1.674e+9,
227.37,9.244e+8,2.208e-8,9.244e+8,
227.42,5.312e+8,2.833e-7,5.312e+8,
227.47,4.286e+8,3.303e-6,4.286e+8,
227.52,5.815e+8,3.500e-5,5.815e+8,
227.57,9.934e+8,3.371e-4,9.934e+8,
227.62,1.682e+9,2.951e-3,1.682e+9,
227.67,2.634e+9,2.348e-2,2.634e+9,
227.72,3.758e+9,1.697e-1,3.758e+9,
227.77,4.873e+9,1.116e+0,4.873e+9,
227.82,5.739e+9,6.664e+0,5.739e+9,
227.87,6.139e+9,3.618e+1,6.139e+9,
227.92,5.964e+9,1.786e+2,5.964e+9,
227.97,5.263e+9,8.013e+2,5.263e+9,
228.02,4.218e+9,3.270e+3,4.218e+9,
228.07,3.071e+9,1.214e+4,3.071e+9,
228.12,2.033e+9,4.101e+4,2.033e+9,
228.17,1.231e+9,1.263e+5,1.231e+9,
228.22,6.995e+8,3.548e+5,6.992e+8,
228.27,4.154e+8,9.121e+5,4.145e+8,
228.32,3.395e+8,2.155e+6,3.373e+8,
228.37,4.458e+8,4.707e+6,4.411e+8,
228.42,7.273e+8,9.594e+6,7.177e+8,
228.47,1.180e+9,1.846e+7,1.162e+9,
228.52,1.777e+9,3.394e+7,1.743e+9,
228.57,2.447e+9,6.029e+7,2.387e+9,
228.62,3.077e+9,1.039e+8,2.973e+9,
228.67,3.540e+9,1.733e+8,3.366e+9,
228.72,3.741e+9,2.765e+8,3.464e+9,
228.77,3.657e+9,4.173e+8,3.240e+9,
228.82,3.343e+9,5.887e+8,2.754e+9,
228.87,2.897e+9,7.694e+8,2.128e+9,
228.92,2.420e+9,9.260e+8,1.494e+9,
228.97,1.977e+9,1.023e+9,9.542e+8,
229.02,1.593e+9,1.037e+9,5.562e+8,
229.07,1.268e+9,9.653e+8,3.027e+8,
229.12,1.004e+9,8.299e+8,1.738e+8,
229.17,8.199e+8,6.647e+8,1.552e+8,
229.22,7.647e+8,5.029e+8,2.618e+8,
229.27,9.214e+8,3.660e+8,5.554e+8,
229.32,1.413e+9,2.609e+8,1.152e+9,
229.37,2.396e+9,1.842e+8,2.212e+9,
229.42,4.021e+9,1.286e+8,3.893e+9,
229.47,6.367e+9,8.760e+7,6.279e+9,
229.52,9.348e+9,5.765e+7,9.291e+9,
229.57,1.266e+10,3.723e+7,1.262e+10,
229.62,1.578e+10,2.617e+7,1.576e+10,
229.67,1.813e+10,2.519e+7,1.811e+10,
229.72,1.921e+10,3.594e+7,1.918e+10,
229.77,1.881e+10,6.078e+7,1.875e+10,
229.82,1.709e+10,1.017e+8,1.699e+10,
229.87,1.451e+10,1.585e+8,1.435e+10,
229.92,1.172e+10,2.263e+8,1.149e+10,
229.97,9.361e+9,2.956e+8,9.065e+9,
230.02,7.897e+9,3.534e+8,7.543e+9,
230.07,7.521e+9,3.876e+8,7.134e+9,
230.12,8.125e+9,3.913e+8,7.734e+9,
230.17,9.333e+9,3.653e+8,8.967e+9,
230.22,1.060e+10,3.171e+8,1.029e+10,
230.27,1.139e+10,2.578e+8,1.113e+10,
230.32,1.133e+10,1.982e+8,1.113e+10,
230.37,1.033e+10,1.462e+8,1.019e+10,
230.42,8.610e+9,1.063e+8,8.504e+9,
230.47,6.545e+9,7.980e+7,6.466e+9,
230.52,4.542e+9,6.617e+7,4.475e+9,
230.57,2.883e+9,6.312e+7,2.820e+9,
230.62,1.684e+9,6.753e+7,1.617e+9,
230.67,9.203e+8,7.677e+7,8.435e+8,
230.72,4.915e+8,9.093e+7,4.006e+8,
230.77,2.890e+8,1.158e+8,1.731e+8,
230.82,2.340e+8,1.657e+8,6.827e+7,
230.87,2.894e+8,2.642e+8,2.518e+7,
230.92,4.522e+8,4.412e+8,1.098e+7,
230.97,7.367e+8,7.240e+8,1.268e+7,
231.02,1.157e+9,1.124e+9,3.255e+7,
231.07,1.713e+9,1.623e+9,8.998e+7,
231.12,2.399e+9,2.168e+9,2.303e+8,
231.17,3.216e+9,2.678e+9,5.378e+8,
231.22,4.209e+9,3.065e+9,1.144e+9,
231.27,5.482e+9,3.264e+9,2.218e+9,
231.32,7.170e+9,3.253e+9,3.917e+9,
231.37,9.359e+9,3.059e+9,6.301e+9,
231.42,1.198e+10,2.749e+9,9.233e+9,
231.47,1.474e+10,2.414e+9,1.233e+10,
231.52,1.713e+10,2.139e+9,1.499e+10,
231.58,1.875e+10,1.985e+9,1.677e+10,
231.63,1.867e+10,2.057e+9,1.661e+10,
231.68,1.733e+10,2.340e+9,1.499e+10,
231.73,1.518e+10,2.851e+9,1.233e+10,
231.78,1.282e+10,3.589e+9,9.233e+9,
231.83,1.081e+10,4.513e+9,6.301e+9,
231.88,9.436e+9,5.519e+9,3.917e+9,
231.93,8.658e+9,6.440e+9,2.218e+9,
231.98,8.224e+9,7.079e+9,1.145e+9,
232.03,7.817e+9,7.278e+9,5.385e+8,
232.08,7.207e+9,6.975e+9,2.321e+8,
232.13,6.326e+9,6.231e+9,9.484e+7,
232.18,5.256e+9,5.212e+9,4.444e+7,
232.23,4.168e+9,4.130e+9,3.882e+7,
232.28,3.244e+9,3.182e+9,6.214e+7,
232.33,2.610e+9,2.498e+9,1.126e+8,
232.38,2.312e+9,2.119e+9,1.930e+8,
232.43,2.304e+9,2.001e+9,3.032e+8,
232.48,2.474e+9,2.040e+9,4.347e+8,
232.53,2.680e+9,2.112e+9,5.682e+8,
232.58,2.795e+9,2.118e+9,6.772e+8,
232.63,2.744e+9,2.008e+9,7.359e+8,
232.68,2.525e+9,1.796e+9,7.292e+8,
232.73,2.197e+9,1.538e+9,6.589e+8,
232.78,1.845e+9,1.302e+9,5.431e+8,
232.83,1.545e+9,1.135e+9,4.092e+8,
232.88,1.330e+9,1.046e+9,2.843e+8,
232.93,1.196e+9,1.007e+9,1.889e+8,
232.98,1.111e+9,9.751e+8,1.362e+8,
233.03,1.049e+9,9.119e+8,1.369e+8,
233.08,1.006e+9,8.015e+8,2.041e+8,
233.13,1.007e+9,6.520e+8,3.553e+8,
233.18,1.095e+9,4.871e+8,6.075e+8,
233.23,1.298e+9,3.330e+8,9.647e+8,
233.28,1.612e+9,2.079e+8,1.404e+9,
233.33,1.983e+9,1.185e+8,1.865e+9,
233.38,2.322e+9,6.159e+7,2.261e+9,
233.43,2.530e+9,2.921e+7,2.501e+9,
233.48,2.537e+9,1.263e+7,2.524e+9,
233.53,2.329e+9,4.983e+6,2.324e+9,
233.58,1.954e+9,1.793e+6,1.952e+9,
233.63,1.497e+9,5.884e+5,1.496e+9,
233.68,1.046e+9,1.772e+5,1.046e+9,
233.73,6.674e+8,5.370e+4,6.674e+8,
233.78,3.885e+8,3.604e+4,3.884e+8,
233.83,2.064e+8,9.615e+4,2.063e+8,
233.88,1.003e+8,3.316e+5,9.992e+7,
233.93,4.524e+7,1.071e+6,4.416e+7,
233.98,2.098e+7,3.168e+6,1.781e+7,
234.03,1.511e+7,8.557e+6,6.552e+6,
234.08,2.332e+7,2.113e+7,2.199e+6,
234.13,4.834e+7,4.767e+7,6.734e+5,
234.18,9.853e+7,9.835e+7,1.882e+5,
234.23,1.856e+8,1.856e+8,4.796e+4,
234.28,3.204e+8,3.204e+8,1.115e+4,
234.33,5.066e+8,5.066e+8,2.366e+3,
234.38,7.341e+8,7.341e+8,4.580e+2,
234.43,9.760e+8,9.760e+8,8.089e+1,
234.48,1.193e+9,1.193e+9,1.305e+1,
234.53,1.342e+9,1.342e+9,2.049e+0,
234.58,1.395e+9,1.395e+9,1.194e+0,
234.63,1.346e+9,1.346e+9,6.074e+0,
234.68,1.210e+9,1.210e+9,3.562e+1,
234.73,1.021e+9,1.021e+9,1.918e+2,
234.78,8.150e+8,8.150e+8,9.443e+2,
234.83,6.196e+8,6.196e+8,4.248e+3,
234.88,4.517e+8,4.517e+8,1.747e+4,
234.93,3.169e+8,3.168e+8,6.562e+4,
234.98,2.140e+8,2.138e+8,2.253e+5,
235.03,1.389e+8,1.382e+8,7.071e+5,
235.08,8.706e+7,8.503e+7,2.028e+6,
235.13,5.475e+7,4.944e+7,5.315e+6,
235.18,3.970e+7,2.697e+7,1.273e+7,
235.23,4.158e+7,1.372e+7,2.787e+7,
235.28,6.222e+7,6.473e+6,5.574e+7,
235.33,1.047e+8,2.824e+6,1.019e+8,
235.38,1.714e+8,1.135e+6,1.703e+8,
235.43,2.604e+8,4.198e+5,2.600e+8,
235.48,3.629e+8,1.426e+5,3.628e+8,
235.53,4.626e+8,4.440e+4,4.626e+8,
235.58,5.391e+8,1.267e+4,5.391e+8,
235.63,5.742e+8,3.311e+3,5.742e+8,
235.68,5.589e+8,7.918e+2,5.589e+8,
235.73,4.972e+8,1.732e+2,4.972e+8,
235.78,4.042e+8,3.465e+1,4.042e+8,
235.83,3.003e+8,6.338e+0,3.003e+8,
235.88,2.039e+8,1.060e+0,2.039e+8,
235.93,1.265e+8,1.619e-1,1.265e+8,
235.98,7.174e+7,2.261e-2,7.174e+7,
236.03,3.722e+7,2.884e-3,3.722e+7,
236.08,1.778e+7,3.362e-4,1.778e+7,
236.13,8.163e+6,3.580e-5,8.163e+6,
236.18,4.557e+6,3.482e-6,4.557e+6,
236.23,5.098e+6,3.086e-7,5.098e+6,
236.28,9.883e+6,2.507e-8,9.883e+6,
236.33,2.080e+7,,2.080e+7,
236.38,4.116e+7,,4.116e+7,
236.43,7.479e+7,,7.479e+7,
236.48,1.244e+8,,1.244e+8,
236.53,1.891e+8,,1.891e+8,
236.58,2.631e+8,,2.631e+8,
236.63,3.347e+8,,3.347e+8,
236.68,3.896e+8,,3.896e+8,
236.73,4.147e+8,,4.147e+8,
236.78,4.038e+8,,4.038e+8,
236.83,3.598e+8,,3.598e+8,
236.88,2.936e+8,,2.936e+8,
236.93,2.207e+8,,2.207e+8,
236.98,1.558e+8,,1.558e+8,
237.03,1.111e+8,,1.111e+8,
237.08,9.644e+7,,9.644e+7,
237.13,1.219e+8,,1.219e+8,
237.18,1.998e+8,,1.998e+8,
237.23,3.437e+8,,3.437e+8,
237.28,5.623e+8,,5.623e+8,
237.33,8.501e+8,,8.501e+8,
237.38,1.179e+9,,1.179e+9,
237.43,1.498e+9,,1.498e+9,
237.48,1.741e+9,,1.741e+9,
237.53,1.852e+9,,1.852e+9,
237.58,1.804e+9,,1.804e+9,
237.63,1.607e+9,,1.607e+9,
237.68,1.311e+9,,1.311e+9,
237.73,9.786e+8,,9.786e+8,
237.78,6.686e+8,,6.686e+8,
237.83,4.180e+8,,4.180e+8,
237.88,2.392e+8,,2.392e+8,
237.93,1.253e+8,,1.253e+8,
237.98,6.004e+7,,6.004e+7,
238.03,2.636e+7,,2.636e+7,
238.08,1.067e+7,,1.067e+7,
238.13,4.213e+6,,4.213e+6,
238.18,2.290e+6,,2.290e+6,
238.23,3.100e+6,,3.100e+6,
238.28,6.890e+6,,6.890e+6,
238.33,1.562e+7,,1.562e+7,
238.38,3.286e+7,,3.286e+7,
238.43,6.342e+7,,6.342e+7,
238.48,1.121e+8,,1.121e+8,
238.53,1.817e+8,,1.817e+8,
238.58,2.696e+8,,2.696e+8,
238.63,3.665e+8,,3.665e+8,
238.68,4.565e+8,,4.565e+8,
238.73,5.212e+8,,5.212e+8,
238.78,5.466e+8,,5.466e+8,
238.83,5.294e+8,,5.294e+8,
238.88,4.816e+8,,4.816e+8,
238.93,4.320e+8,,4.320e+8,
238.98,4.252e+8,,4.252e+8,
239.03,5.198e+8,,5.198e+8,
239.08,7.856e+8,,7.856e+8,
239.13,1.293e+9,,1.293e+9,
239.18,2.089e+9,,2.089e+9,
239.23,3.168e+9,,3.168e+9,
239.28,4.436e+9,,4.436e+9,
239.33,5.706e+9,,5.706e+9,
239.38,6.732e+9,,6.732e+9,
239.43,7.281e+9,,7.281e+9,
239.48,7.218e+9,,7.218e+9,
239.53,6.558e+9,,6.558e+9,
239.58,5.460e+9,,5.460e+9,
239.63,4.167e+9,,4.167e+9,
239.68,2.914e+9,,2.914e+9,
239.73,1.868e+9,,1.868e+9,
239.78,1.097e+9,,1.097e+9,
239.83,5.909e+8,,5.909e+8,
239.88,2.916e+8,,2.916e+8,
239.93,1.319e+8,,1.319e+8,
239.98,5.465e+7,,5.465e+7,
240.03,2.076e+7,,2.076e+7,
240.08,7.227e+6,,7.227e+6,
240.13,2.306e+6,,2.306e+6,
240.18,6.743e+5,,6.743e+5,
240.23,1.807e+5,,1.807e+5,
240.28,4.439e+4,,4.439e+4,
240.33,9.992e+3,,9.992e+3,
240.38,2.061e+3,,2.061e+3,
240.43,3.900e+2,,3.900e+2,
240.48,6.952e+1,1.750e-8,6.952e+1,
240.53,2.382e+1,1.997e-7,2.382e+1,
240.58,8.137e+1,2.092e-6,8.137e+1,
240.63,4.466e+2,2.013e-5,4.466e+2,
240.68,2.292e+3,1.778e-4,2.292e+3,
240.73,1.080e+4,1.441e-3,1.080e+4,
240.78,4.672e+4,1.073e-2,4.672e+4,
240.83,1.855e+5,7.334e-2,1.855e+5,
240.88,6.762e+5,4.602e-1,6.762e+5,
240.93,2.262e+6,2.652e+0,2.262e+6,
240.98,6.948e+6,1.403e+1,6.948e+6,
241.03,1.959e+7,6.813e+1,1.959e+7,
241.08,5.068e+7,3.038e+2,5.068e+7,
241.13,1.204e+8,1.244e+3,1.204e+8,
241.18,2.624e+8,4.675e+3,2.624e+8,
241.23,5.252e+8,1.613e+4,5.252e+8,
241.28,9.648e+8,5.111e+4,9.647e+8,
241.33,1.627e+9,1.487e+5,1.627e+9,
241.38,2.518e+9,3.971e+5,2.518e+9,
241.43,3.578e+9,9.738e+5,3.577e+9,
241.48,4.667e+9,2.192e+6,4.665e+9,
241.53,5.589e+9,4.532e+6,5.584e+9,
241.58,6.144e+9,8.600e+6,6.136e+9,
241.63,6.204e+9,1.499e+7,6.189e+9,
241.68,5.753e+9,2.397e+7,5.730e+9,
241.73,4.904e+9,3.521e+7,4.869e+9,
241.78,3.846e+9,4.748e+7,3.798e+9,
241.83,2.778e+9,5.878e+7,2.720e+9,
241.88,1.854e+9,6.682e+7,1.787e+9,
241.93,1.148e+9,6.974e+7,1.078e+9,
241.98,6.640e+8,6.682e+7,5.972e+8,
242.03,3.623e+8,5.878e+7,3.036e+8,
242.08,1.891e+8,4.748e+7,1.416e+8,
242.13,9.588e+7,3.521e+7,6.067e+7,
242.18,4.782e+7,2.397e+7,2.385e+7,
242.23,2.359e+7,1.499e+7,8.607e+6,
242.28,1.145e+7,8.600e+6,2.851e+6,
242.33,5.399e+6,4.532e+6,8.669e+5,
242.38,2.434e+6,2.192e+6,2.420e+5,
242.43,1.036e+6,9.738e+5,6.206e+4,
242.48,4.121e+5,3.971e+5,1.492e+4,
242.53,1.533e+5,1.487e+5,4.620e+3,
242.58,5.748e+4,5.111e+4,6.362e+3,
242.63,3.678e+4,1.613e+4,2.065e+4,
242.68,7.223e+4,4.675e+3,6.755e+4,
242.73,2.054e+5,1.244e+3,2.041e+5,
242.78,5.673e+5,3.038e+2,5.670e+5,
242.83,1.448e+6,6.813e+1,1.448e+6,
242.88,3.397e+6,1.403e+1,3.397e+6,
242.93,7.330e+6,2.652e+0,7.330e+6,
242.98,1.454e+7,4.602e-1,1.454e+7,
243.03,2.656e+7,7.334e-2,2.656e+7,
243.08,4.472e+7,1.073e-2,4.472e+7,
243.13,6.962e+7,1.441e-3,6.962e+7,
243.18,1.008e+8,1.778e-4,1.008e+8,
243.23,1.375e+8,2.013e-5,1.375e+8,
243.28,1.801e+8,2.092e-6,1.801e+8,
243.33,2.337e+8,1.997e-7,2.337e+8,
243.38,3.106e+8,1.750e-8,3.106e+8,
243.43,4.313e+8,,4.313e+8,
243.48,6.193e+8,,6.193e+8,
243.53,8.919e+8,,8.919e+8,
243.58,1.246e+9,,1.246e+9,
243.63,1.650e+9,,1.650e+9,
243.68,2.039e+9,,2.039e+9,
243.73,2.335e+9,,2.335e+9,
243.78,2.468e+9,,2.468e+9,
243.83,2.402e+9,,2.402e+9,
243.88,2.151e+9,,2.151e+9,
243.93,1.772e+9,,1.772e+9,
243.98,1.342e+9,,1.342e+9,
244.03,9.348e+8,,9.348e+8,
244.08,5.985e+8,,5.985e+8,
244.13,3.523e+8,,3.523e+8,
244.18,1.906e+8,,1.906e+8,
244.23,9.481e+7,,9.481e+7,
244.28,4.336e+7,,4.336e+7,
244.33,1.823e+7,,1.823e+7,
244.38,7.045e+6,,7.045e+6,
244.43,2.503e+6,,2.503e+6,
244.48,8.176e+5,,8.176e+5,
244.53,2.455e+5,,2.455e+5,
244.58,6.778e+4,,6.778e+4,
244.63,1.720e+4,,1.720e+4,
244.68,4.013e+3,,4.013e+3,
244.73,8.607e+2,,8.607e+2,
244.78,1.697e+2,,1.697e+2,
244.83,3.076e+1,,3.076e+1,
244.88,5.126e+0,,5.126e+0,
244.93,7.853e-1,,7.853e-1,
244.98,1.106e-1,,1.106e-1,
245.03,1.432e-2,,1.432e-2,
245.08,1.704e-3,,1.704e-3,
245.13,1.865e-4,,1.865e-4,
245.18,1.876e-5,,1.876e-5,
245.23,1.734e-6,,1.734e-6,
245.28,1.475e-7,,1.475e-7,
249.58,5.680e-7,,5.680e-7,
249.63,5.988e-6,,5.988e-6,
249.68,5.832e-5,,5.832e-5,
249.73,5.247e-4,,5.247e-4,
249.78,4.360e-3,,4.360e-3,
249.83,3.348e-2,,3.348e-2,
249.88,2.374e-1,,2.374e-1,
249.93,1.555e+0,,1.555e+0,
249.98,9.411e+0,,9.411e+0,
250.03,5.261e+1,,5.261e+1,
250.08,2.717e+2,,2.717e+2,
250.13,1.296e+3,,1.296e+3,
250.18,5.710e+3,,5.710e+3,
250.23,2.324e+4,,2.324e+4,
250.28,8.740e+4,,8.740e+4,
250.33,3.036e+5,,3.036e+5,
250.38,9.741e+5,,9.741e+5,
250.43,2.887e+6,,2.887e+6,
250.48,7.905e+6,,7.905e+6,
250.53,1.999e+7,,1.999e+7,
250.58,4.671e+7,,4.671e+7,
250.63,1.008e+8,,1.008e+8,
250.68,2.010e+8,,2.010e+8,
250.73,3.702e+8,,3.702e+8,
250.78,6.297e+8,,6.297e+8,
250.83,9.897e+8,,9.897e+8,
250.88,1.437e+9,,1.437e+9,
250.93,1.927e+9,,1.927e+9,
250.98,2.387e+9,,2.387e+9,
251.03,2.731e+9,,2.731e+9,
251.08,2.887e+9,,2.887e+9,
251.13,2.819e+9,,2.819e+9,
251.18,2.543e+9,,2.543e+9,
251.23,2.119e+9,,2.119e+9,
251.28,1.631e+9,,1.631e+9,
251.33,1.160e+9,,1.160e+9,
251.38,7.618e+8,,7.618e+8,
251.43,4.622e+8,,4.622e+8,
251.48,2.591e+8,,2.591e+8,
251.53,1.341e+8,,1.341e+8,
251.58,6.415e+7,,6.415e+7,
251.63,2.834e+7,,2.834e+7,
251.68,1.157e+7,,1.157e+7,
251.73,4.361e+6,,4.361e+6,
251.78,1.519e+6,,1.519e+6,
251.83,4.886e+5,,4.886e+5,
251.88,1.452e+5,,1.452e+5,
251.93,3.986e+4,,3.986e+4,
251.98,1.011e+4,,1.011e+4,
252.03,2.368e+3,,2.368e+3,
252.08,5.124e+2,,5.124e+2,
252.13,1.024e+2,,1.024e+2,
252.18,1.891e+1,,1.891e+1,
252.23,3.226e+0,,3.226e+0,
252.28,5.083e-1,,5.083e-1,
252.33,7.399e-2,,7.399e-2,
252.38,9.948e-3,,9.948e-3,
252.43,1.236e-3,,1.236e-3,
252.48,1.418e-4,,1.418e-4,
252.53,1.503e-5,,1.503e-5,
252.58,1.471e-6,,1.471e-6,
253.08,2.857e-7,,2.857e-7,
253.13,2.825e-6,,2.825e-6,
253.18,2.585e-5,,2.585e-5,
253.23,2.190e-4,,2.190e-4,
253.28,1.718e-3,,1.718e-3,
253.33,1.247e-2,,1.247e-2,
253.38,8.385e-2,,8.385e-2,
253.43,5.218e-1,,5.218e-1,
253.48,3.006e+0,,3.006e+0,
253.53,1.603e+1,,1.603e+1,
253.58,7.916e+1,,7.916e+1,
253.63,3.618e+2,,3.618e+2,
253.68,1.531e+3,,1.531e+3,
253.73,5.997e+3,,5.997e+3,
253.78,2.175e+4,,2.175e+4,
253.83,7.302e+4,,7.302e+4,
253.88,2.269e+5,,2.269e+5,
253.93,6.530e+5,,6.530e+5,
253.98,1.739e+6,,1.739e+6,
254.03,4.289e+6,,4.289e+6,
254.08,9.791e+6,,9.791e+6,
254.13,2.069e+7,,2.069e+7,
254.18,4.048e+7,,4.048e+7,
254.23,7.332e+7,,7.332e+7,
254.28,1.229e+8,,1.229e+8,
254.33,1.908e+8,,1.908e+8,
254.38,2.742e+8,,2.742e+8,
254.43,3.648e+8,,3.648e+8,
254.48,4.493e+8,,4.493e+8,
254.53,5.122e+8,,5.122e+8,
254.58,5.406e+8,,5.406e+8,
254.63,5.283e+8,,5.283e+8,
254.68,4.779e+8,,4.779e+8,
254.73,4.002e+8,,4.002e+8,
254.78,3.102e+8,,3.102e+8,
254.83,2.227e+8,,2.227e+8,
254.88,1.479e+8,,1.479e+8,
254.93,9.100e+7,,9.100e+7,
254.98,5.181e+7,,5.181e+7,
255.03,2.731e+7,,2.731e+7,
255.08,1.333e+7,,1.333e+7,
255.13,6.022e+6,,6.022e+6,
255.18,2.519e+6,,2.519e+6,
255.23,9.752e+5,,9.752e+5,
255.28,3.496e+5,,3.496e+5,
255.33,1.160e+5,,1.160e+5,
255.38,3.563e+4,,3.563e+4,
255.43,1.013e+4,,1.013e+4,
255.48,2.668e+3,,2.668e+3,
255.53,6.503e+2,,6.503e+2,
255.58,1.467e+2,,1.467e+2,
255.63,3.065e+1,,3.065e+1,
255.68,5.927e+0,,5.927e+0,
255.73,1.061e+0,,1.061e+0,
255.78,1.758e-1,,1.758e-1,
255.83,2.698e-2,,2.698e-2,
255.88,3.832e-3,,3.832e-3,
255.93,5.039e-4,,5.039e-4,
255.98,6.133e-5,,6.133e-5,
256.03,6.912e-6,,6.912e-6,
256.08,7.211e-7,,7.211e-7,
256.13,6.964e-8,,6.964e-8,
258.08,3.342e-18,,,3.342e-18
258.13,3.354e-17,,,3.354e-17
258.18,3.126e-16,,,3.126e-16
258.23,2.705e-15,,,2.705e-15
258.28,2.174e-14,,,2.174e-14
258.33,1.622e-13,,,1.622e-13
258.38,1.124e-12,,,1.124e-12
258.43,7.228e-12,,,7.228e-12
258.48,4.317e-11,,,4.317e-11
258.53,2.394e-10,,,2.394e-10
258.58,1.233e-9,,,1.233e-9
258.63,5.895e-9,,,5.895e-9
258.68,2.617e-8,,,2.617e-8
258.73,1.079e-7,,,1.079e-7
258.78,4.130e-7,,,4.130e-7
258.83,1.468e-6,,,1.468e-6
258.88,4.844e-6,,,4.844e-6
258.93,1.484e-5,,,1.484e-5
258.98,4.223e-5,,,4.223e-5
259.03,1.116e-4,,,1.116e-4
259.08,2.737e-4,,,2.737e-4
259.13,6.233e-4,,,6.233e-4
259.18,1.318e-3,,,1.318e-3
259.23,2.589e-3,,,2.589e-3
259.28,4.720e-3,,,4.720e-3
259.33,7.991e-3,,,7.991e-3
259.38,1.256e-2,,,1.256e-2
259.43,1.834e-2,,,1.834e-2
259.48,2.485e-2,,,2.485e-2
259.53,3.128e-2,,,3.128e-2
259.58,3.655e-2,,,3.655e-2
259.63,3.965e-2,,,3.965e-2
259.68,3.995e-2,,,3.995e-2
259.73,3.737e-2,,,3.737e-2
259.78,3.246e-2,,,3.246e-2
259.83,2.618e-2,,,2.618e-2
259.88,1.960e-2,,,1.960e-2
259.93,1.363e-2,,,1.363e-2
259.98,8.800e-3,,,8.800e-3
260.03,5.275e-3,,,5.275e-3
260.08,2.936e-3,,,2.936e-3
260.13,1.518e-3,,,1.518e-3
260.18,7.283e-4,,,7.283e-4
260.23,3.245e-4,,,3.245e-4
260.28,1.343e-4,,,1.343e-4
260.33,5.159e-5,,,5.159e-5
260.38,1.840e-5,,,1.840e-5
260.43,6.095e-6,,,6.095e-6
260.48,1.875e-6,,,1.875e-6
260.53,5.353e-7,,,5.353e-7
260.58,1.419e-7,,,1.419e-7
260.63,3.495e-8,,,3.495e-8
260.68,7.989e-9,,,7.989e-9
260.73,1.696e-9,,,1.696e-9
260.78,3.343e-10,,,3.343e-10
260.83,6.117e-11,,,6.117e-11
260.88,1.039e-11,,,1.039e-11
260.93,1.640e-12,,,1.640e-12
260.98,2.403e-13,,,2.403e-13
261.03,3.269e-14,,,3.269e-14
261.08,4.129e-15,,,4.129e-15
261.13,4.842e-16,,,4.842e-16
261.18,5.273e-17,,,5.273e-17
261.23,5.332e-18,,,5.332e-18
277.04,2.594e-18,,,2.594e-18
277.09,2.129e-17,,,2.129e-17
277.14,1.638e-16,,,1.638e-16
277.19,1.182e-15,,,1.182e-15
277.24,7.997e-15,,,7.997e-15
277.29,5.073e-14,,,5.073e-14
277.34,3.018e-13,,,3.018e-13
277.39,1.683e-12,,,1.683e-12
277.44,8.802e-12,,,8.802e-12
277.49,4.316e-11,,,4.316e-11
277.54,1.985e-10,,,1.985e-10
277.59,8.557e-10,,,8.557e-10
277.64,3.459e-9,,,3.459e-9
277.69,1.311e-8,,,1.311e-8
277.74,4.660e-8,,,4.660e-8
277.79,1.553e-7,,,1.553e-7
277.84,4.853e-7,,,4.853e-7
277.89,1.422e-6,,,1.422e-6
277.94,3.907e-6,,,3.907e-6
277.99,1.006e-5,,,1.006e-5
278.04,2.431e-5,,,2.431e-5
278.09,5.506e-5,,,5.506e-5
278.14,1.169e-4,,,1.169e-4
278.19,2.328e-4,7.171e-9,,2.328e-4
278.24,4.348e-4,5.933e-8,,4.347e-4
278.29,7.616e-4,4.605e-7,,7.611e-4
278.34,1.253e-3,3.353e-6,,1.249e-3
278.39,1.946e-3,2.290e-5,,1.923e-3
278.44,2.923e-3,1.468e-4,,2.776e-3
278.49,4.639e-3,8.825e-4,,3.756e-3
278.54,9.745e-3,4.978e-3,,4.767e-3
278.59,3.201e-2,2.634e-2,,5.671e-3
278.64,1.371e-1,1.308e-1,,6.327e-3
278.69,6.157e-1,6.091e-1,,6.619e-3
278.74,2.668e+0,2.661e+0,,6.492e-3
278.79,1.092e+1,1.091e+1,,5.971e-3
278.84,4.196e+1,4.195e+1,,5.149e-3
278.89,1.514e+2,1.514e+2,,4.164e-3
278.94,5.124e+2,5.123e+2,,3.157e-3
278.99,1.627e+3,1.627e+3,,2.245e-3
279.04,4.847e+3,4.847e+3,,1.496e-3
279.09,1.355e+4,1.355e+4,,9.352e-4
279.14,3.552e+4,3.552e+4,,5.481e-4
279.19,8.737e+4,8.737e+4,,3.012e-4
279.24,2.016e+5,2.016e+5,,1.552e-4
279.29,4.365e+5,4.365e+5,,7.499e-5
279.34,8.866e+5,8.866e+5,,3.397e-5
279.39,1.689e+6,1.689e+6,,1.443e-5
279.44,3.020e+6,3.020e+6,,5.748e-6
279.49,5.065e+6,5.065e+6,,2.147e-6
279.54,7.970e+6,7.970e+6,,7.518e-7
279.59,1.176e+7,1.176e+7,,2.469e-7
279.64,1.629e+7,1.629e+7,,7.601e-8
279.69,2.117e+7,2.117e+7,,2.194e-8
279.74,2.580e+7,2.580e+7,,5.940e-9
279.79,2.950e+7,2.950e+7,,1.508e-9
279.84,3.164e+7,3.164e+7,,3.602e-10
279.89,3.185e+7,3.185e+7,,8.726e-11
279.94,3.007e+7,3.007e+7,,5.232e-11
279.99,2.663e+7,2.663e+7,,1.687e-10
280.04,2.213e+7,2.213e+7,,7.224e-10
280.09,1.725e+7,1.725e+7,,2.957e-9
280.14,1.262e+7,1.262e+7,,1.137e-8
280.19,8.659e+6,8.659e+6,,4.106e-8
280.24,5.574e+6,5.574e+6,,1.392e-7
280.29,3.366e+6,3.366e+6,,4.428e-7
280.34,1.907e+6,1.907e+6,,1.322e-6
280.39,1.014e+6,1.014e+6,,3.707e-6
280.44,5.056e+5,5.056e+5,,9.756e-6
280.49,2.365e+5,2.365e+5,,2.410e-5
280.54,1.038e+5,1.038e+5,,5.589e-5
280.59,4.274e+4,4.274e+4,,1.217e-4
280.64,1.651e+4,1.651e+4,,2.486e-4
280.69,5.983e+3,5.983e+3,,4.769e-4
280.74,2.034e+3,2.034e+3,,8.587e-4
280.79,6.489e+2,6.489e+2,,1.451e-3
280.84,1.942e+2,1.942e+2,,2.303e-3
280.89,5.468e+1,5.468e+1,,3.430e-3
280.94,1.515e+1,1.514e+1,,4.796e-3
280.99,6.958e+0,6.952e+0,,6.295e-3
281.04,1.465e+1,1.464e+1,,7.756e-3
281.09,5.286e+1,5.285e+1,,8.970e-3
281.14,1.886e+2,1.886e+2,,9.739e-3
281.19,6.337e+2,6.337e+2,,9.926e-3
281.24,2.000e+3,2.000e+3,,9.496e-3
281.29,5.930e+3,5.930e+3,,8.528e-3
281.34,1.651e+4,1.651e+4,,7.189e-3
281.39,4.317e+4,4.317e+4,,5.689e-3
281.44,1.060e+5,1.060e+5,,4.226e-3
281.49,2.444e+5,2.444e+5,,2.947e-3
281.54,5.292e+5,5.292e+5,,1.929e-3
281.59,1.076e+6,1.076e+6,,1.186e-3
281.64,2.056e+6,2.056e+6,,6.838e-4
281.69,3.687e+6,3.687e+6,,3.703e-4
281.74,6.210e+6,6.210e+6,,1.882e-4
281.79,9.822e+6,9.822e+6,,8.981e-5
281.84,1.459e+7,1.459e+7,,4.022e-5
281.89,2.036e+7,2.036e+7,,1.691e-5
281.94,2.667e+7,2.667e+7,,6.675e-6
281.99,3.281e+7,3.281e+7,,2.473e-6
282.04,3.791e+7,3.791e+7,,8.601e-7
282.09,4.114e+7,4.114e+7,,2.808e-7
282.14,4.192e+7,4.192e+7,,8.606e-8
282.19,4.012e+7,4.012e+7,,2.476e-8
282.24,3.605e+7,3.605e+7,,6.687e-9
282.29,3.043e+7,3.043e+7,,1.695e-9
282.34,2.412e+7,2.412e+7,,4.034e-10
282.39,1.795e+7,1.795e+7,,9.011e-11
282.44,1.255e+7,1.255e+7,,1.890e-11
282.49,8.238e+6,8.238e+6,,3.720e-12
282.54,5.079e+6,5.079e+6,,6.873e-13
282.59,2.941e+6,2.941e+6,,1.192e-13
282.64,1.599e+6,1.599e+6,,1.941e-14
282.69,8.164e+5,8.164e+5,,2.967e-15
282.74,3.915e+5,3.915e+5,,4.258e-16
282.79,1.763e+5,1.763e+5,,5.735e-17
282.84,7.456e+4,7.456e+4,,7.251e-18
282.89,2.961e+4,2.961e+4,,8.606e-19
282.94,1.104e+4,1.104e+4,,
282.99,3.869e+3,3.869e+3,,
283.04,1.273e+3,1.273e+3,,
283.09,3.931e+2,3.931e+2,,
283.14,1.141e+2,1.141e+2,,
283.19,3.107e+1,3.107e+1,,
283.24,7.951e+0,7.951e+0,,
283.29,1.910e+0,1.910e+0,,
283.34,4.311e-1,4.311e-1,,
283.39,9.135e-2,9.135e-2,,
283.44,1.818e-2,1.818e-2,,
283.49,3.398e-3,3.398e-3,,
283.54,5.964e-4,5.964e-4,,
283.59,9.830e-5,9.830e-5,,
283.64,1.522e-5,1.522e-5,,
283.69,2.212e-6,2.212e-6,,
283.74,3.020e-7,3.020e-7,,
283.79,3.872e-8,3.872e-8,,
283.84,4.662e-9,4.662e-9,,
292.64,3.342e-8,3.342e-8,,
292.69,2.446e-7,2.446e-7,,
292.74,1.690e-6,1.690e-6,,
292.79,1.102e-5,1.102e-5,,
292.84,6.782e-5,6.782e-5,,
292.89,3.940e-4,3.940e-4,,
292.94,2.161e-3,2.161e-3,,
292.99,1.119e-2,1.119e-2,,
293.04,5.467e-2,5.467e-2,,
293.09,2.522e-1,2.522e-1,,
293.14,1.098e+0,1.098e+0,,
293.19,4.514e+0,4.514e+0,,
293.24,1.751e+1,1.751e+1,,
293.3,8.257e+1,8.257e+1,,
293.35,2.822e+2,2.822e+2,,
293.4,9.102e+2,9.102e+2,,
293.45,2.771e+3,2.771e+3,,
293.5,7.966e+3,7.966e+3,,
293.55,2.161e+4,2.161e+4,,
293.6,5.535e+4,5.535e+4,,
293.65,1.338e+5,1.338e+5,,
293.7,3.053e+5,3.053e+5,,
293.75,6.576e+5,6.576e+5,,
293.8,1.337e+6,1.337e+6,,
293.85,2.566e+6,2.566e+6,,
293.9,4.649e+6,4.649e+6,,
293.95,7.950e+6,7.950e+6,,
294,1.283e+7,1.283e+7,,
294.05,1.955e+7,1.955e+7,,
294.1,2.813e+7,2.813e+7,,
294.15,3.819e+7,3.819e+7,,
294.2,4.894e+7,4.894e+7,,
294.25,5.920e+7,5.920e+7,,
294.3,6.760e+7,6.760e+7,,
294.35,7.287e+7,7.287e+7,,
294.4,7.414e+7,7.414e+7,,
294.45,7.120e+7,7.120e+7,,
294.5,6.455e+7,6.455e+7,,
294.55,5.524e+7,5.524e+7,,
294.6,4.462e+7,4.462e+7,,
294.65,3.402e+7,3.402e+7,,
294.7,2.449e+7,2.449e+7,,
294.75,1.664e+7,1.664e+7,,
294.8,1.067e+7,1.067e+7,,
294.85,6.459e+6,6.459e+6,,
294.9,3.691e+6,3.691e+6,,
294.95,1.991e+6,1.991e+6,,
295,1.014e+6,1.014e+6,,
295.05,4.872e+5,4.872e+5,,
295.1,2.210e+5,2.210e+5,,
295.15,9.465e+4,9.465e+4,,
295.2,3.826e+4,3.826e+4,,
295.25,1.460e+4,1.460e+4,,
295.3,5.258e+3,5.258e+3,,
295.35,1.788e+3,1.788e+3,,
295.4,5.737e+2,5.737e+2,,
295.45,1.738e+2,1.738e+2,,
295.5,4.970e+1,4.970e+1,,
295.55,1.341e+1,1.341e+1,,
295.6,3.418e+0,3.418e+0,,
295.65,8.220e-1,8.220e-1,,
295.7,1.866e-1,1.866e-1,,
295.75,3.999e-2,3.999e-2,,
295.8,8.090e-3,8.090e-3,,
295.85,1.545e-3,1.545e-3,,
295.9,2.784e-4,2.784e-4,,
295.95,4.737e-5,4.737e-5,,
296,7.607e-6,7.607e-6,,
296.05,1.153e-6,1.153e-6,,
296.1,1.650e-7,1.650e-7,,
296.15,2.229e-8,2.229e-8,,
296.35,1.062e-8,1.062e-8,,
296.4,7.909e-8,7.909e-8,,
296.45,5.568e-7,5.568e-7,,
296.5,3.705e-6,3.705e-6,,
296.55,2.331e-5,2.331e-5,,
296.6,1.386e-4,1.386e-4,,
296.65,7.793e-4,7.793e-4,,
296.7,4.142e-3,4.142e-3,,
296.75,2.081e-2,2.081e-2,,
296.8,9.881e-2,9.881e-2,,
296.85,4.436e-1,4.436e-1,,
296.9,1.883e+0,1.883e+0,,
296.95,7.552e+0,7.552e+0,,
297,2.864e+1,2.864e+1,,
297.05,1.027e+2,1.027e+2,,
297.1,3.481e+2,3.481e+2,,
297.15,1.115e+3,1.115e+3,,
297.2,3.378e+3,3.378e+3,,
297.25,9.675e+3,9.675e+3,,
297.3,2.620e+4,2.620e+4,,
297.35,6.706e+4,6.706e+4,,
297.4,1.623e+5,1.623e+5,,
297.45,3.716e+5,3.716e+5,,
297.5,8.045e+5,8.045e+5,,
297.55,1.647e+6,1.647e+6,,
297.6,3.191e+6,3.191e+6,,
297.65,5.849e+6,5.849e+6,,
297.7,1.015e+7,1.015e+7,,
297.75,1.668e+7,1.668e+7,,
297.8,2.596e+7,2.596e+7,,
297.85,3.832e+7,3.832e+7,,
297.9,5.366e+7,5.366e+7,,
297.95,7.140e+7,7.140e+7,,
298,9.035e+7,9.035e+7,,
298.05,1.089e+8,1.089e+8,,
298.1,1.253e+8,1.253e+8,,
298.15,1.379e+8,1.379e+8,,
298.2,1.454e+8,1.454e+8,,
298.25,1.473e+8,1.473e+8,,
298.3,1.435e+8,1.435e+8,,
298.35,1.347e+8,1.347e+8,,
298.4,1.219e+8,1.219e+8,,
298.45,1.063e+8,1.063e+8,,
298.5,8.941e+7,8.941e+7,,
298.55,7.238e+7,7.238e+7,,
298.6,5.639e+7,5.639e+7,,
298.65,4.238e+7,4.238e+7,,
298.7,3.100e+7,3.100e+7,,
298.75,2.266e+7,2.266e+7,,
298.8,1.755e+7,1.755e+7,,
298.85,1.575e+7,1.575e+7,,
298.9,1.731e+7,1.731e+7,,
298.95,2.225e+7,2.225e+7,,
299,3.057e+7,3.057e+7,,
299.05,4.216e+7,4.216e+7,,
299.1,5.666e+7,5.666e+7,,
299.15,7.332e+7,7.332e+7,,
299.2,9.095e+7,9.095e+7,,
299.25,1.079e+8,1.079e+8,,
299.3,1.225e+8,1.225e+8,,
299.35,1.327e+8,1.327e+8,,
299.4,1.373e+8,1.373e+8,,
299.45,1.356e+8,1.356e+8,,
299.5,1.281e+8,1.281e+8,,
299.55,1.166e+8,1.166e+8,,
299.6,1.037e+8,1.037e+8,,
299.65,9.332e+7,9.332e+7,,
299.7,9.006e+7,9.006e+7,,
299.75,9.927e+7,9.927e+7,,
299.8,1.267e+8,1.267e+8,,
299.85,1.779e+8,1.779e+8,,
299.9,2.574e+8,2.574e+8,,
299.95,3.670e+8,3.670e+8,,
300,5.045e+8,5.045e+8,,
300.05,6.622e+8,6.622e+8,,
300.1,8.269e+8,8.269e+8,,
300.15,9.807e+8,9.807e+8,,
300.2,1.104e+9,1.104e+9,,
300.25,1.180e+9,1.180e+9,,
300.3,1.197e+9,1.197e+9,,
300.35,1.153e+9,1.153e+9,,
300.4,1.054e+9,1.054e+9,,
300.45,9.162e+8,9.162e+8,,
300.5,7.570e+8,7.570e+8,,
300.55,5.963e+8,5.963e+8,,
300.6,4.506e+8,4.506e+8,,
300.65,3.318e+8,3.318e+8,,
300.7,2.470e+8,2.470e+8,,
300.75,1.986e+8,1.986e+8,,
300.8,1.860e+8,1.860e+8,,
300.85,2.063e+8,2.063e+8,,
300.9,2.546e+8,2.546e+8,,
300.95,3.239e+8,3.239e+8,,
301,4.049e+8,4.049e+8,,
301.05,4.863e+8,4.863e+8,,
301.1,5.561e+8,5.561e+8,,
301.15,6.032e+8,6.032e+8,,
301.2,6.199e+8,6.199e+8,,
301.25,6.032e+8,6.032e+8,,
301.3,5.559e+8,5.559e+8,,
301.35,4.855e+8,4.855e+8,,
301.4,4.023e+8,4.023e+8,,
301.45,3.174e+8,3.174e+8,,
301.5,2.400e+8,2.400e+8,,
301.55,1.763e+8,1.763e+8,,
301.6,1.290e+8,1.290e+8,,
301.65,9.766e+7,9.766e+7,,
301.7,7.974e+7,7.974e+7,,
301.75,7.152e+7,7.152e+7,,
301.8,6.905e+7,6.905e+7,,
301.85,6.883e+7,6.883e+7,,
301.9,6.820e+7,6.820e+7,,
301.95,6.560e+7,6.560e+7,,
302,6.045e+7,6.045e+7,,
302.05,5.303e+7,5.303e+7,,
302.1,4.415e+7,4.415e+7,,
302.15,3.484e+7,3.484e+7,,
302.2,2.604e+7,2.604e+7,,
302.25,1.843e+7,1.843e+7,,
302.3,1.235e+7,1.235e+7,,
302.35,7.840e+6,7.840e+6,,
302.4,4.726e+6,4.726e+6,,
302.45,2.730e+6,2.730e+6,,
302.5,1.565e+6,1.565e+6,,
302.55,9.941e+5,9.941e+5,,
302.6,8.644e+5,8.644e+5,,
302.65,1.107e+6,1.107e+6,,
302.7,1.726e+6,1.726e+6,,
302.75,2.777e+6,2.777e+6,,
302.8,4.331e+6,4.331e+6,,
302.85,6.439e+6,6.439e+6,,
302.9,9.092e+6,9.092e+6,,
302.95,1.219e+7,1.219e+7,,
303,1.556e+7,1.556e+7,,
303.05,1.898e+7,1.898e+7,,
303.1,2.229e+7,2.229e+7,,
303.15,2.552e+7,2.552e+7,,
303.2,2.905e+7,2.905e+7,,
303.25,3.370e+7,3.370e+7,,
303.3,4.076e+7,4.076e+7,,
303.35,5.181e+7,5.181e+7,,
303.4,6.841e+7,6.841e+7,,
303.45,9.167e+7,9.167e+7,,
303.5,1.217e+8,1.217e+8,,
303.55,1.571e+8,1.571e+8,,
303.6,1.950e+8,1.950e+8,,
303.65,2.311e+8,2.311e+8,,
303.7,2.605e+8,2.605e+8,,
303.75,2.788e+8,2.788e+8,,
303.8,2.830e+8,2.830e+8,,
303.85,2.723e+8,2.723e+8,,
303.9,2.483e+8,2.483e+8,,
303.95,2.145e+8,2.145e+8,,
304,1.755e+8,1.755e+8,,
304.05,1.360e+8,1.360e+8,,
304.1,9.991e+7,9.991e+7,,
304.15,6.955e+7,6.955e+7,,
304.2,4.597e+7,4.597e+7,,
304.25,2.905e+7,2.905e+7,,
304.3,1.803e+7,1.803e+7,,
304.35,1.203e+7,1.203e+7,,
304.4,1.049e+7,1.049e+7,,
304.45,1.359e+7,1.359e+7,,
304.5,2.241e+7,2.241e+7,,
304.55,3.906e+7,3.906e+7,,
304.6,6.656e+7,6.656e+7,,
304.65,1.084e+8,1.084e+8,,
304.7,1.676e+8,1.676e+8,,
304.75,2.460e+8,2.460e+8,,
304.8,3.426e+8,3.426e+8,,
304.85,4.528e+8,4.528e+8,,
304.9,5.686e+8,5.686e+8,,
304.95,6.789e+8,6.789e+8,,
305,7.719e+8,7.719e+8,,
305.05,8.376e+8,8.376e+8,,
305.1,8.701e+8,8.701e+8,,
305.15,8.688e+8,8.688e+8,,
305.2,8.387e+8,8.387e+8,,
305.25,7.888e+8,7.888e+8,,
305.3,7.294e+8,7.294e+8,,
305.35,6.703e+8,6.703e+8,,
305.4,6.187e+8,6.187e+8,,
305.45,5.783e+8,5.783e+8,,
305.5,5.496e+8,5.496e+8,,
305.55,5.305e+8,5.305e+8,,
305.6,5.169e+8,5.169e+8,,
305.65,5.038e+8,5.038e+8,,
305.7,4.861e+8,4.861e+8,,
305.75,4.601e+8,4.601e+8,,
305.8,4.238e+8,4.238e+8,,
305.85,3.777e+8,3.777e+8,,
305.9,3.246e+8,3.246e+8,,
305.95,2.690e+8,2.690e+8,,
306,2.159e+8,2.159e+8,,
306.05,1.699e+8,1.699e+8,,
306.1,1.341e+8,1.341e+8,,
306.15,1.100e+8,1.100e+8,,
306.2,9.705e+7,9.705e+7,,
306.25,9.320e+7,9.320e+7,,
306.3,9.543e+7,9.543e+7,,
306.35,1.003e+8,1.003e+8,,
306.4,1.047e+8,1.047e+8,,
306.45,1.062e+8,1.062e+8,,
306.5,1.034e+8,1.034e+8,,
306.55,9.595e+7,9.595e+7,,
306.6,8.468e+7,8.468e+7,,
306.65,7.095e+7,7.095e+7,,
306.7,5.640e+7,5.640e+7,,
306.75,4.253e+7,4.253e+7,,
306.8,3.040e+7,3.040e+7,,
306.85,2.061e+7,2.061e+7,,
306.9,1.325e+7,1.325e+7,,
306.95,8.076e+6,8.076e+6,,
307,4.667e+6,4.667e+6,,
307.05,2.558e+6,2.558e+6,,
307.1,1.331e+6,1.331e+6,,
307.15,6.604e+5,6.604e+5,,
307.2,3.210e+5,3.210e+5,,
307.25,1.731e+5,1.731e+5,,
307.3,1.450e+5,1.450e+5,,
307.35,2.179e+5,2.179e+5,,
307.4,4.191e+5,4.191e+5,,
307.45,8.216e+5,8.216e+5,,
307.5,1.549e+6,1.549e+6,,
307.55,2.779e+6,2.779e+6,,
307.6,4.731e+6,4.731e+6,,
307.65,7.641e+6,7.641e+6,,
307.7,1.171e+7,1.171e+7,,
307.75,1.702e+7,1.702e+7,,
307.8,2.347e+7,2.347e+7,,
307.85,3.070e+7,3.070e+7,,
307.9,3.810e+7,3.810e+7,,
307.95,4.486e+7,4.486e+7,,
308,5.011e+7,5.011e+7,,
308.05,5.310e+7,5.310e+7,,
308.1,5.338e+7,5.338e+7,,
308.15,5.091e+7,5.091e+7,,
308.2,4.606e+7,4.606e+7,,
308.25,3.953e+7,3.953e+7,,
308.3,3.219e+7,3.219e+7,,
308.35,2.487e+7,2.487e+7,,
308.4,1.822e+7,1.822e+7,,
308.45,1.267e+7,1.267e+7,,
308.5,8.356e+6,8.356e+6,,
308.55,5.229e+6,5.229e+6,,
308.6,3.104e+6,3.104e+6,,
308.65,1.748e+6,1.748e+6,,
308.7,9.343e+5,9.343e+5,,
308.75,4.747e+5,4.747e+5,,
308.8,2.315e+5,2.315e+5,,
308.85,1.137e+5,1.137e+5,,
308.9,6.863e+4,6.863e+4,,
308.95,7.257e+4,7.257e+4,,
309,1.247e+5,1.247e+5,,
309.05,2.457e+5,2.457e+5,,
309.1,4.795e+5,4.795e+5,,
309.15,8.998e+5,8.998e+5,,
309.2,1.616e+6,1.616e+6,,
309.25,2.785e+6,2.785e+6,,
309.3,4.620e+6,4.620e+6,,
309.35,7.416e+6,7.416e+6,,
309.4,1.159e+7,1.159e+7,,
309.45,1.779e+7,1.779e+7,,
309.5,2.696e+7,2.696e+7,,
309.55,4.059e+7,4.059e+7,,
309.6,6.085e+7,6.085e+7,,
309.65,9.064e+7,9.064e+7,,
309.7,1.335e+8,1.335e+8,,
309.75,1.930e+8,1.930e+8,,
309.8,2.719e+8,2.719e+8,,
309.85,3.709e+8,3.709e+8,,
309.9,4.871e+8,4.871e+8,,
309.95,6.137e+8,6.137e+8,,
310,7.394e+8,7.394e+8,,
310.05,8.503e+8,8.503e+8,,
310.1,9.320e+8,9.320e+8,,
310.15,9.728e+8,9.728e+8,,
310.2,9.667e+8,9.667e+8,,
310.25,9.142e+8,9.142e+8,,
310.3,8.231e+8,8.231e+8,,
310.35,7.059e+8,7.059e+8,,
310.4,5.772e+8,5.772e+8,,
310.45,4.506e+8,4.506e+8,,
310.5,3.367e+8,3.367e+8,,
310.55,2.414e+8,2.414e+8,,
310.6,1.668e+8,1.668e+8,,
310.65,1.116e+8,1.116e+8,,
310.7,7.275e+7,7.275e+7,,
310.75,4.656e+7,4.656e+7,,
310.8,2.954e+7,2.954e+7,,
310.85,1.890e+7,1.890e+7,,
310.9,1.260e+7,1.260e+7,,
310.95,9.298e+6,9.298e+6,,
311,8.140e+6,8.140e+6,,
311.05,8.581e+6,8.581e+6,,
311.1,1.023e+7,1.023e+7,,
311.15,1.275e+7,1.275e+7,,
311.2,1.575e+7,1.575e+7,,
311.25,1.882e+7,1.882e+7,,
311.3,2.152e+7,2.152e+7,,
311.35,2.344e+7,2.344e+7,,
311.4,2.428e+7,2.428e+7,,
311.45,2.390e+7,2.390e+7,,
311.5,2.235e+7,2.235e+7,,
311.55,1.985e+7,1.985e+7,,
311.6,1.674e+7,1.674e+7,,
311.65,1.341e+7,1.341e+7,,
311.7,1.021e+7,1.021e+7,,
311.75,7.376e+6,7.376e+6,,
311.8,5.062e+6,5.062e+6,,
311.85,3.300e+6,3.300e+6,,
311.9,2.043e+6,2.043e+6,,
311.95,1.201e+6,1.201e+6,,
312,6.708e+5,6.708e+5,,
312.05,3.558e+5,3.558e+5,,
312.1,1.792e+5,1.792e+5,,
312.15,8.578e+4,8.578e+4,,
312.2,3.911e+4,3.911e+4,,
312.25,1.733e+4,1.733e+4,,
312.3,8.551e+3,8.551e+3,,
312.35,7.694e+3,7.694e+3,,
312.4,1.537e+4,1.537e+4,,
312.45,3.953e+4,3.953e+4,,
312.5,1.016e+5,1.016e+5,,
312.55,2.499e+5,2.499e+5,,
312.6,5.848e+5,5.848e+5,,
312.65,1.300e+6,1.300e+6,,
312.7,2.748e+6,2.748e+6,,
312.75,5.519e+6,5.519e+6,,
312.8,1.054e+7,1.054e+7,,
312.85,1.911e+7,1.911e+7,,
312.9,3.295e+7,3.295e+7,,
312.95,5.398e+7,5.398e+7,,
313,8.406e+7,8.406e+7,,
313.05,1.244e+8,1.244e+8,,
313.1,1.750e+8,1.750e+8,,
313.15,2.339e+8,2.339e+8,,
313.2,2.971e+8,2.971e+8,,
313.25,3.586e+8,3.586e+8,,
313.3,4.115e+8,4.115e+8,,
313.35,4.487e+8,4.487e+8,,
313.4,4.649e+8,4.649e+8,,
313.45,4.579e+8,4.579e+8,,
313.5,4.286e+8,4.286e+8,,
313.55,3.812e+8,3.812e+8,,
313.6,3.223e+8,3.223e+8,,
313.65,2.589e+8,2.589e+8,,
313.7,1.977e+8,1.977e+8,,
313.75,1.435e+8,1.435e+8,,
313.8,9.893e+7,9.893e+7,,
313.85,6.484e+7,6.484e+7,,
313.9,4.039e+7,4.039e+7,,
313.95,2.391e+7,2.391e+7,,
314,1.345e+7,1.345e+7,,
314.05,7.192e+6,7.192e+6,,
314.1,3.654e+6,3.654e+6,,
314.15,1.765e+6,1.765e+6,,
314.2,8.099e+5,8.099e+5,,
314.25,3.533e+5,3.533e+5,,
314.3,1.464e+5,1.464e+5,,
314.35,5.769e+4,5.769e+4,,
314.4,2.160e+4,2.160e+4,,
314.45,7.686e+3,7.686e+3,,
314.5,2.599e+3,2.599e+3,,
314.55,8.352e+2,8.352e+2,,
314.6,2.551e+2,2.551e+2,,
314.65,7.405e+1,7.405e+1,,
314.7,2.043e+1,2.043e+1,,
314.75,5.356e+0,5.356e+0,,
314.8,1.334e+0,1.334e+0,,
314.85,3.160e-1,3.160e-1,,
314.9,7.111e-2,7.111e-2,,
314.95,1.521e-2,1.521e-2,,
315,3.091e-3,3.091e-3,,
315.05,5.972e-4,5.972e-4,,
315.1,1.096e-4,1.096e-4,,
315.15,1.913e-5,1.913e-5,,
315.2,3.172e-6,3.172e-6,,
315.25,4.998e-7,4.998e-7,,
315.3,7.486e-8,7.486e-8,,
320.25,6.992e-9,6.992e-9,,
320.3,4.340e-8,4.340e-8,,
320.35,2.568e-7,2.568e-7,,
320.4,1.448e-6,1.448e-6,,
320.45,7.777e-6,7.777e-6,,
320.5,3.981e-5,3.981e-5,,
320.55,1.943e-4,1.943e-4,,
320.6,9.032e-4,9.032e-4,,
320.65,4.002e-3,4.002e-3,,
320.7,1.690e-2,1.690e-2,,
320.75,6.799e-2,6.799e-2,,
320.8,2.607e-1,2.607e-1,,
320.85,9.528e-1,9.528e-1,,
320.9,3.318e+0,3.318e+0,,
320.95,1.101e+1,1.101e+1,,
321,3.483e+1,3.483e+1,,
321.05,1.050e+2,1.050e+2,,
321.1,3.016e+2,3.016e+2,,
321.15,8.256e+2,8.256e+2,,
321.2,2.154e+3,2.154e+3,,
321.25,5.356e+3,5.356e+3,,
321.3,1.269e+4,1.269e+4,,
321.35,2.868e+4,2.868e+4,,
321.4,6.177e+4,6.177e+4,,
321.45,1.268e+5,1.268e+5,,
321.5,2.483e+5,2.483e+5,,
321.55,4.636e+5,4.636e+5,,
321.6,8.259e+5,8.259e+5,,
321.65,1.404e+6,1.404e+6,,
321.7,2.280e+6,2.280e+6,,
321.75,3.537e+6,3.537e+6,,
321.8,5.250e+6,5.250e+6,,
321.85,7.462e+6,7.462e+6,,
321.9,1.017e+7,1.017e+7,,
321.95,1.333e+7,1.333e+7,,
322,1.684e+7,1.684e+7,,
322.05,2.054e+7,2.054e+7,,
322.1,2.429e+7,2.429e+7,,
322.15,2.791e+7,2.791e+7,,
322.2,3.126e+7,3.126e+7,,
322.25,3.419e+7,3.419e+7,,
322.3,3.654e+7,3.654e+7,,
322.35,3.816e+7,3.816e+7,,
322.4,3.889e+7,3.889e+7,,
322.45,3.861e+7,3.861e+7,,
322.5,3.730e+7,3.730e+7,,
322.55,3.506e+7,3.506e+7,,
322.6,3.221e+7,3.221e+7,,
322.65,2.924e+7,2.924e+7,,
322.7,2.685e+7,2.685e+7,,
322.75,2.583e+7,2.583e+7,,
322.8,2.704e+7,2.704e+7,,
322.85,3.125e+7,3.125e+7,,
322.9,3.903e+7,3.903e+7,,
322.95,5.058e+7,5.058e+7,,
323,6.562e+7,6.562e+7,,
323.05,8.328e+7,8.328e+7,,
323.1,1.021e+8,1.021e+8,,
323.15,1.202e+8,1.202e+8,,
323.2,1.356e+8,1.356e+8,,
323.25,1.462e+8,1.462e+8,,
323.3,1.507e+8,1.507e+8,,
323.35,1.485e+8,1.485e+8,,
323.4,1.399e+8,1.399e+8,,
323.45,1.262e+8,1.262e+8,,
323.5,1.089e+8,1.089e+8,,
323.55,9.001e+7,9.001e+7,,
323.6,7.143e+7,7.143e+7,,
323.65,5.462e+7,5.462e+7,,
323.7,4.061e+7,4.061e+7,,
323.75,2.993e+7,2.993e+7,,
323.8,2.276e+7,2.276e+7,,
323.85,1.896e+7,1.896e+7,,
323.9,1.826e+7,1.826e+7,,
323.95,2.027e+7,2.027e+7,,
324,2.447e+7,2.447e+7,,
324.05,3.026e+7,3.026e+7,,
324.1,3.690e+7,3.690e+7,,
324.15,4.353e+7,4.353e+7,,
324.21,5.024e+7,5.024e+7,,
324.26,5.386e+7,5.386e+7,,
324.31,5.512e+7,5.512e+7,,
324.36,5.381e+7,5.381e+7,,
324.41,5.010e+7,5.010e+7,,
324.46,4.449e+7,4.449e+7,,
324.51,3.767e+7,3.767e+7,,
324.56,3.041e+7,3.041e+7,,
324.61,2.341e+7,2.341e+7,,
324.66,1.719e+7,1.719e+7,,
324.71,1.203e+7,1.203e+7,,
324.76,8.034e+6,8.034e+6,,
324.81,5.114e+6,5.114e+6,,
324.86,3.105e+6,3.105e+6,,
324.91,1.797e+6,1.797e+6,,
324.96,9.919e+5,9.919e+5,,
325.01,5.221e+5,5.221e+5,,
325.06,2.621e+5,2.621e+5,,
325.11,1.254e+5,1.254e+5,,
325.16,5.724e+4,5.724e+4,,
325.21,2.491e+4,2.491e+4,,
325.26,1.034e+4,1.034e+4,,
325.31,4.091e+3,4.091e+3,,
325.36,1.544e+3,1.544e+3,,
325.41,5.555e+2,5.555e+2,,
325.46,1.906e+2,1.906e+2,,
325.51,6.236e+1,6.236e+1,,
325.56,1.946e+1,1.946e+1,,
325.61,5.789e+0,5.789e+0,,
325.66,1.642e+0,1.642e+0,,
325.71,4.443e-1,4.443e-1,,
325.76,1.146e-1,1.146e-1,,
325.81,2.820e-2,2.820e-2,,
325.86,6.614e-3,6.614e-3,,
325.91,1.480e-3,1.480e-3,,
325.96,3.156e-4,3.156e-4,,
326.01,6.419e-5,6.419e-5,,
326.06,1.245e-5,1.245e-5,,
326.11,2.303e-6,2.303e-6,,
326.16,4.061e-7,4.061e-7,,
326.21,6.829e-8,6.829e-8,,
326.26,1.095e-8,1.095e-8,,
329.56,6.380e-9,6.380e-9,,
329.61,3.881e-8,3.881e-8,,
329.66,2.256e-7,2.256e-7,,
329.71,1.253e-6,1.253e-6,,
329.76,6.652e-6,6.652e-6,,
329.81,3.374e-5,3.374e-5,,
329.86,1.635e-4,1.635e-4,,
329.91,7.571e-4,7.571e-4,,
329.96,3.350e-3,3.350e-3,,
330.01,1.416e-2,1.416e-2,,
330.06,5.722e-2,5.722e-2,,
330.11,2.209e-1,2.209e-1,,
330.16,8.149e-1,8.149e-1,,
330.21,2.872e+0,2.872e+0,,
330.26,9.674e+0,9.674e+0,,
330.31,3.113e+1,3.113e+1,,
330.36,9.574e+1,9.574e+1,,
330.41,2.813e+2,2.813e+2,,
330.46,7.900e+2,7.900e+2,,
330.51,2.119e+3,2.119e+3,,
330.56,5.434e+3,5.434e+3,,
330.61,1.331e+4,1.331e+4,,
330.66,3.116e+4,3.116e+4,,
330.71,6.970e+4,6.970e+4,,
330.76,1.490e+5,1.490e+5,,
330.81,3.042e+5,3.042e+5,,
330.86,5.938e+5,5.938e+5,,
330.91,1.107e+6,1.107e+6,,
330.96,1.973e+6,1.973e+6,,
331.01,3.361e+6,3.361e+6,,
331.06,5.470e+6,5.470e+6,,
331.11,8.509e+6,8.509e+6,,
331.16,1.265e+7,1.265e+7,,
331.21,1.799e+7,1.799e+7,,
331.26,2.446e+7,2.446e+7,,
331.31,3.182e+7,3.182e+7,,
331.36,3.964e+7,3.964e+7,,
331.41,4.733e+7,4.733e+7,,
331.46,5.426e+7,5.426e+7,,
331.51,5.989e+7,5.989e+7,,
331.56,6.386e+7,6.386e+7,,
331.61,6.615e+7,6.615e+7,,
331.66,6.705e+7,6.705e+7,,
331.71,6.711e+7,6.711e+7,,
331.76,6.702e+7,6.702e+7,,
331.81,6.739e+7,6.739e+7,,
331.86,6.862e+7,6.862e+7,,
331.91,7.077e+7,7.077e+7,,
331.96,7.356e+7,7.356e+7,,
332.01,7.642e+7,7.642e+7,,
332.06,7.863e+7,7.863e+7,,
332.11,7.946e+7,7.946e+7,,
332.16,7.838e+7,7.838e+7,,
332.21,7.509e+7,7.509e+7,,
332.26,6.963e+7,6.963e+7,,
332.31,6.236e+7,6.236e+7,,
332.36,5.384e+7,5.384e+7,,
332.41,4.475e+7,4.475e+7,,
332.46,3.577e+7,3.577e+7,,
332.51,2.748e+7,2.748e+7,,
332.56,2.027e+7,2.027e+7,,
332.61,1.435e+7,1.435e+7,,
332.66,9.743e+6,9.743e+6,,
332.71,6.341e+6,6.341e+6,,
332.76,3.955e+6,3.955e+6,,
332.81,2.363e+6,2.363e+6,,
332.86,1.352e+6,1.352e+6,,
332.91,7.403e+5,7.403e+5,,
332.96,3.880e+5,3.880e+5,,
333.01,1.946e+5,1.946e+5,,
333.06,9.335e+4,9.335e+4,,
333.11,4.284e+4,4.284e+4,,
333.16,1.880e+4,1.880e+4,,
333.21,7.891e+3,7.891e+3,,
333.26,3.167e+3,3.167e+3,,
333.31,1.215e+3,1.215e+3,,
333.36,4.457e+2,4.457e+2,,
333.41,1.563e+2,1.563e+2,,
333.46,5.240e+1,5.240e+1,,
333.51,1.679e+1,1.679e+1,,
333.56,5.143e+0,5.143e+0,,
333.61,1.506e+0,1.506e+0,,
333.66,4.214e-1,4.214e-1,,
333.71,1.127e-1,1.127e-1,,
333.76,2.882e-2,2.882e-2,,
333.81,7.042e-3,7.042e-3,,
333.86,1.645e-3,1.645e-3,,
333.91,3.671e-4,3.671e-4,,
333.96,7.831e-5,7.831e-5,,
334.01,1.597e-5,1.597e-5,,
334.06,3.109e-6,3.109e-6,,
334.11,5.819e-7,5.819e-7,,
334.16,1.194e-7,1.194e-7,,
334.21,1.113e-7,1.113e-7,,
334.26,5.148e-7,5.148e-7,,
334.31,2.706e-6,2.706e-6,,
334.36,1.360e-5,1.360e-5,,
334.41,6.545e-5,6.545e-5,,
334.46,3.012e-4,3.012e-4,,
334.51,1.326e-3,1.326e-3,,
334.56,5.586e-3,5.586e-3,,
334.61,2.251e-2,2.251e-2,,
334.66,8.681e-2,8.681e-2,,
334.71,3.202e-1,3.202e-1,,
334.76,1.130e+0,1.130e+0,,
334.81,3.816e+0,3.816e+0,,
334.86,1.233e+1,1.233e+1,,
334.91,3.809e+1,3.809e+1,,
334.96,1.126e+2,1.126e+2,,
335.01,3.186e+2,3.186e+2,,
335.06,8.622e+2,8.622e+2,,
335.11,2.233e+3,2.233e+3,,
335.16,5.531e+3,5.531e+3,,
335.21,1.311e+4,1.311e+4,,
335.26,2.972e+4,2.972e+4,,
335.31,6.449e+4,6.449e+4,,
335.36,1.339e+5,1.339e+5,,
335.41,2.659e+5,2.659e+5,,
335.46,5.054e+5,5.054e+5,,
335.51,9.192e+5,9.192e+5,,
335.56,1.600e+6,1.600e+6,,
335.61,2.667e+6,2.667e+6,,
335.66,4.256e+6,4.256e+6,,
335.71,6.507e+6,6.507e+6,,
335.76,9.536e+6,9.536e+6,,
335.81,1.341e+7,1.341e+7,,
335.86,1.810e+7,1.810e+7,,
335.91,2.353e+7,2.353e+7,,
335.96,2.949e+7,2.949e+7,,
336.01,3.579e+7,3.579e+7,,
336.06,4.223e+7,4.223e+7,,
336.11,4.871e+7,4.871e+7,,
336.16,5.531e+7,5.531e+7,,
336.21,6.225e+7,6.225e+7,,
336.26,6.991e+7,6.991e+7,,
336.31,7.871e+7,7.871e+7,,
336.36,8.911e+7,8.911e+7,,
336.41,1.014e+8,1.014e+8,,
336.46,1.159e+8,1.159e+8,,
336.51,1.325e+8,1.325e+8,,
336.56,1.513e+8,1.513e+8,,
336.61,1.719e+8,1.719e+8,,
336.66,1.937e+8,1.937e+8,,
336.71,2.158e+8,2.158e+8,,
336.76,2.371e+8,2.371e+8,,
336.81,2.557e+8,2.557e+8,,
336.86,2.700e+8,2.700e+8,,
336.91,2.781e+8,2.781e+8,,
336.96,2.789e+8,2.789e+8,,
337.01,2.718e+8,2.718e+8,,
337.06,2.571e+8,2.571e+8,,
337.11,2.361e+8,2.361e+8,,
337.16,2.107e+8,2.107e+8,,
337.21,1.831e+8,1.831e+8,,
337.26,1.556e+8,1.556e+8,,
337.31,1.303e+8,1.303e+8,,
337.36,1.090e+8,1.090e+8,,
337.41,9.312e+7,9.312e+7,,
337.46,8.403e+7,8.403e+7,,
337.51,8.304e+7,8.304e+7,,
337.56,9.147e+7,9.147e+7,,
337.61,1.105e+8,1.105e+8,,
337.66,1.409e+8,1.409e+8,,
337.71,1.826e+8,1.826e+8,,
337.76,2.341e+8,2.341e+8,,
337.81,2.924e+8,2.924e+8,,
337.86,3.529e+8,3.529e+8,,
337.91,4.098e+8,4.098e+8,,
337.96,4.566e+8,4.566e+8,,
338.01,4.876e+8,4.876e+8,,
338.06,4.989e+8,4.989e+8,,
338.11,4.888e+8,4.888e+8,,
338.16,4.586e+8,4.586e+8,,
338.21,4.119e+8,4.119e+8,,
338.26,3.543e+8,3.543e+8,,
338.31,2.919e+8,2.919e+8,,
338.36,2.306e+8,2.306e+8,,
338.41,1.751e+8,1.751e+8,,
338.46,1.287e+8,1.287e+8,,
338.51,9.291e+7,9.291e+7,,
338.56,6.824e+7,6.824e+7,,
338.61,5.432e+7,5.432e+7,,
338.66,5.047e+7,5.047e+7,,
338.71,5.597e+7,5.597e+7,,
338.76,7.024e+7,7.024e+7,,
338.81,9.273e+7,9.273e+7,,
338.86,1.228e+8,1.228e+8,,
338.91,1.593e+8,1.593e+8,,
338.96,2.006e+8,2.006e+8,,
339.01,2.443e+8,2.443e+8,,
339.06,2.872e+8,2.872e+8,,
339.11,3.257e+8,3.257e+8,,
339.16,3.560e+8,3.560e+8,,
339.21,3.749e+8,3.749e+8,,
339.26,3.803e+8,3.803e+8,,
339.31,3.713e+8,3.713e+8,,
339.36,3.488e+8,3.488e+8,,
339.41,3.151e+8,3.151e+8,,
339.46,2.735e+8,2.735e+8,,
339.51,2.282e+8,2.282e+8,,
339.56,1.828e+8,1.828e+8,,
339.61,1.406e+8,1.406e+8,,
339.66,1.037e+8,1.037e+8,,
339.71,7.343e+7,7.343e+7,,
339.76,4.986e+7,4.986e+7,,
339.81,3.246e+7,3.246e+7,,
339.86,2.026e+7,2.026e+7,,
339.91,1.212e+7,1.212e+7,,
339.96,6.949e+6,6.949e+6,,
340.01,3.817e+6,3.817e+6,,
340.06,2.009e+6,2.009e+6,,
340.11,1.013e+6,1.013e+6,,
340.16,4.898e+5,4.898e+5,,
340.21,2.278e+5,2.278e+5,,
340.26,1.043e+5,1.043e+5,,
340.31,5.322e+4,5.322e+4,,
340.36,4.479e+4,4.479e+4,,
340.41,7.487e+4,7.487e+4,,
340.46,1.647e+5,1.647e+5,,
340.51,3.716e+5,3.716e+5,,
340.56,8.137e+5,8.137e+5,,
340.61,1.713e+6,1.713e+6,,
340.66,3.463e+6,3.463e+6,,
340.71,6.716e+6,6.716e+6,,
340.76,1.250e+7,1.250e+7,,
340.81,2.232e+7,2.232e+7,,
340.86,3.823e+7,3.823e+7,,
340.91,6.282e+7,6.282e+7,,
340.96,9.902e+7,9.902e+7,,
341.01,1.497e+8,1.497e+8,,
341.06,2.170e+8,2.170e+8,,
341.11,3.016e+8,3.016e+8,,
341.16,4.019e+8,4.019e+8,,
341.21,5.135e+8,5.135e+8,,
341.26,6.291e+8,6.291e+8,,
341.31,7.388e+8,7.388e+8,,
341.36,8.317e+8,8.317e+8,,
341.41,8.975e+8,8.975e+8,,
341.46,9.284e+8,9.284e+8,,
341.51,9.204e+8,9.204e+8,,
341.56,8.748e+8,8.748e+8,,
341.61,7.971e+8,7.971e+8,,
341.66,6.967e+8,6.967e+8,,
341.71,5.845e+8,5.845e+8,,
341.76,4.717e+8,4.717e+8,,
341.81,3.677e+8,3.677e+8,,
341.86,2.791e+8,2.791e+8,,
341.91,2.098e+8,2.098e+8,,
341.96,1.606e+8,1.606e+8,,
342.01,1.301e+8,1.301e+8,,
342.06,1.154e+8,1.154e+8,,
342.11,1.129e+8,1.129e+8,,
342.16,1.185e+8,1.185e+8,,
342.21,1.281e+8,1.281e+8,,
342.26,1.382e+8,1.382e+8,,
342.31,1.458e+8,1.458e+8,,
342.36,1.489e+8,1.489e+8,,
342.41,1.464e+8,1.464e+8,,
342.46,1.384e+8,1.384e+8,,
342.51,1.256e+8,1.256e+8,,
342.56,1.096e+8,1.096e+8,,
342.61,9.226e+7,9.226e+7,,
342.66,7.551e+7,7.551e+7,,
342.71,6.112e+7,6.112e+7,,
342.76,5.056e+7,5.056e+7,,
342.81,4.494e+7,4.494e+7,,
342.86,4.500e+7,4.500e+7,,
342.91,5.116e+7,5.116e+7,,
342.96,6.346e+7,6.346e+7,,
343.01,8.154e+7,8.154e+7,,
343.06,1.045e+8,1.045e+8,,
343.11,1.309e+8,1.309e+8,,
343.16,1.587e+8,1.587e+8,,
343.21,1.856e+8,1.856e+8,,
343.26,2.092e+8,2.092e+8,,
343.31,2.273e+8,2.273e+8,,
343.36,2.383e+8,2.383e+8,,
343.41,2.416e+8,2.416e+8,,
343.46,2.374e+8,2.374e+8,,
343.51,2.267e+8,2.267e+8,,
343.56,2.109e+8,2.109e+8,,
343.61,1.918e+8,1.918e+8,,
343.66,1.710e+8,1.710e+8,,
343.71,1.498e+8,1.498e+8,,
343.76,1.290e+8,1.290e+8,,
343.81,1.096e+8,1.096e+8,,
343.86,9.209e+7,9.209e+7,,
343.91,7.715e+7,7.715e+7,,
343.96,6.558e+7,6.558e+7,,
344.01,5.834e+7,5.834e+7,,
344.06,5.652e+7,5.652e+7,,
344.11,6.127e+7,6.127e+7,,
344.16,7.363e+7,7.363e+7,,
344.21,9.429e+7,9.429e+7,,
344.26,1.233e+8,1.233e+8,,
344.31,1.598e+8,1.598e+8,,
344.36,2.019e+8,2.019e+8,,
344.41,2.465e+8,2.465e+8,,
344.46,2.897e+8,2.897e+8,,
344.51,3.272e+8,3.272e+8,,
344.56,3.547e+8,3.547e+8,,
344.61,3.693e+8,3.693e+8,,
344.66,3.695e+8,3.695e+8,,
344.71,3.556e+8,3.556e+8,,
344.76,3.302e+8,3.302e+8,,
344.81,2.969e+8,2.969e+8,,
344.86,2.603e+8,2.603e+8,,
344.91,2.248e+8,2.248e+8,,
344.96,1.939e+8,1.939e+8,,
345.01,1.700e+8,1.700e+8,,
345.06,1.540e+8,1.540e+8,,
345.11,1.454e+8,1.454e+8,,
345.16,1.432e+8,1.432e+8,,
345.21,1.460e+8,1.460e+8,,
345.26,1.529e+8,1.529e+8,,
345.31,1.636e+8,1.636e+8,,
345.36,1.787e+8,1.787e+8,,
345.41,1.995e+8,1.995e+8,,
345.46,2.278e+8,2.278e+8,,
345.51,2.651e+8,2.651e+8,,
345.56,3.118e+8,3.118e+8,,
345.61,3.673e+8,3.673e+8,,
345.66,4.296e+8,4.296e+8,,
345.71,4.952e+8,4.952e+8,,
345.76,5.600e+8,5.600e+8,,
345.81,6.195e+8,6.195e+8,,
345.86,6.696e+8,6.696e+8,,
345.91,7.069e+8,7.069e+8,,
345.96,7.290e+8,7.290e+8,,
346.01,7.347e+8,7.347e+8,,
346.06,7.233e+8,7.233e+8,,
346.11,6.954e+8,6.954e+8,,
346.16,6.522e+8,6.522e+8,,
346.21,5.960e+8,5.960e+8,,
346.26,5.297e+8,5.297e+8,,
346.31,4.570e+8,4.570e+8,,
346.36,3.822e+8,3.822e+8,,
346.41,3.093e+8,3.093e+8,,
346.46,2.421e+8,2.421e+8,,
346.51,1.833e+8,1.833e+8,,
346.56,1.347e+8,1.347e+8,,
346.61,9.695e+7,9.695e+7,,
346.66,6.988e+7,6.988e+7,,
346.71,5.268e+7,5.268e+7,,
346.76,4.425e+7,4.425e+7,,
346.81,4.336e+7,4.336e+7,,
346.86,4.876e+7,4.876e+7,,
346.91,5.919e+7,5.919e+7,,
346.96,7.327e+7,7.327e+7,,
347.01,8.946e+7,8.946e+7,,
347.06,1.060e+8,1.060e+8,,
347.11,1.212e+8,1.212e+8,,
347.16,1.331e+8,1.331e+8,,
347.21,1.404e+8,1.404e+8,,
347.26,1.421e+8,1.421e+8,,
347.31,1.381e+8,1.381e+8,,
347.36,1.287e+8,1.287e+8,,
347.41,1.151e+8,1.151e+8,,
347.46,9.873e+7,9.873e+7,,
347.51,8.132e+7,8.132e+7,,
347.56,6.434e+7,6.434e+7,,
347.61,4.901e+7,4.901e+7,,
347.66,3.613e+7,3.613e+7,,
347.71,2.610e+7,2.610e+7,,
347.76,1.900e+7,1.900e+7,,
347.81,1.472e+7,1.472e+7,,
347.86,1.302e+7,1.302e+7,,
347.91,1.365e+7,1.365e+7,,
347.96,1.633e+7,1.633e+7,,
348.01,2.079e+7,2.079e+7,,
348.06,2.667e+7,2.667e+7,,
348.11,3.353e+7,3.353e+7,,
348.16,4.080e+7,4.080e+7,,
348.21,4.783e+7,4.783e+7,,
348.26,5.389e+7,5.389e+7,,
348.31,5.834e+7,5.834e+7,,
348.36,6.073e+7,6.073e+7,,
348.41,6.088e+7,6.088e+7,,
348.46,5.900e+7,5.900e+7,,
348.51,5.571e+7,5.571e+7,,
348.56,5.202e+7,5.202e+7,,
348.61,4.931e+7,4.931e+7,,
348.66,4.924e+7,4.924e+7,,
348.71,5.366e+7,5.366e+7,,
348.76,6.446e+7,6.446e+7,,
348.81,8.341e+7,8.341e+7,,
348.86,1.119e+8,1.119e+8,,
348.91,1.504e+8,1.504e+8,,
348.96,1.986e+8,1.986e+8,,
349.01,2.545e+8,2.545e+8,,
349.06,3.147e+8,3.147e+8,,
349.11,3.745e+8,3.745e+8,,
349.16,4.283e+8,4.283e+8,,
349.21,4.704e+8,4.704e+8,,
349.26,4.961e+8,4.961e+8,,
349.31,5.023e+8,5.023e+8,,
349.36,4.883e+8,4.883e+8,,
349.41,4.558e+8,4.558e+8,,
349.46,4.088e+8,4.088e+8,,
349.51,3.524e+8,3.524e+8,,
349.56,2.925e+8,2.925e+8,,
349.61,2.342e+8,2.342e+8,,
349.66,1.819e+8,1.819e+8,,
349.71,1.382e+8,1.382e+8,,
349.76,1.040e+8,1.040e+8,,
349.81,7.926e+7,7.926e+7,,
349.86,6.266e+7,6.266e+7,,
349.91,5.243e+7,5.243e+7,,
349.96,4.665e+7,4.665e+7,,
350.01,4.350e+7,4.350e+7,,
350.06,4.152e+7,4.152e+7,,
350.11,3.968e+7,3.968e+7,,
350.16,3.740e+7,3.740e+7,,
350.21,3.452e+7,3.452e+7,,
350.26,3.124e+7,3.124e+7,,
350.31,2.802e+7,2.802e+7,,
350.36,2.551e+7,2.551e+7,,
350.41,2.445e+7,2.445e+7,,
350.46,2.562e+7,2.562e+7,,
350.51,2.976e+7,2.976e+7,,
350.56,3.752e+7,3.752e+7,,
350.61,4.936e+7,4.936e+7,,
350.66,6.545e+7,6.545e+7,,
350.71,8.565e+7,8.565e+7,,
350.76,1.094e+8,1.094e+8,,
350.81,1.360e+8,1.360e+8,,
350.86,1.643e+8,1.643e+8,,
350.91,1.935e+8,1.935e+8,,
350.96,2.230e+8,2.230e+8,,
351.01,2.529e+8,2.529e+8,,
351.06,2.836e+8,2.836e+8,,
351.11,3.159e+8,3.159e+8,,
351.16,3.508e+8,3.508e+8,,
351.21,3.884e+8,3.884e+8,,
351.26,4.277e+8,4.277e+8,,
351.31,4.665e+8,4.665e+8,,
351.36,5.013e+8,5.013e+8,,
351.41,5.279e+8,5.279e+8,,
351.46,5.424e+8,5.424e+8,,
351.51,5.418e+8,5.418e+8,,
351.56,5.250e+8,5.250e+8,,
351.61,4.932e+8,4.932e+8,,
351.66,4.496e+8,4.496e+8,,
351.71,3.995e+8,3.995e+8,,
351.76,3.491e+8,3.491e+8,,
351.81,3.048e+8,3.048e+8,,
351.86,2.728e+8,2.728e+8,,
351.91,2.582e+8,2.582e+8,,
351.96,2.649e+8,2.649e+8,,
352.01,2.952e+8,2.952e+8,,
352.06,3.493e+8,3.493e+8,,
352.11,4.252e+8,4.252e+8,,
352.16,5.183e+8,5.183e+8,,
352.21,6.216e+8,6.216e+8,,
352.26,7.257e+8,7.257e+8,,
352.31,8.198e+8,8.198e+8,,
352.36,8.933e+8,8.933e+8,,
352.41,9.373e+8,9.373e+8,,
352.46,9.462e+8,9.462e+8,,
352.51,9.183e+8,9.183e+8,,
352.56,8.565e+8,8.565e+8,,
352.61,7.677e+8,7.677e+8,,
352.66,6.612e+8,6.612e+8,,
352.71,5.470e+8,5.470e+8,,
352.76,4.348e+8,4.348e+8,,
352.81,3.319e+8,3.319e+8,,
352.86,2.435e+8,2.435e+8,,
352.91,1.715e+8,1.715e+8,,
352.96,1.161e+8,1.161e+8,,
353.01,7.545e+7,7.545e+7,,
353.06,4.711e+7,4.711e+7,,
353.11,2.826e+7,2.826e+7,,
353.16,1.628e+7,1.628e+7,,
353.21,9.009e+6,9.009e+6,,
353.26,4.789e+6,4.789e+6,,
353.31,2.445e+6,2.445e+6,,
353.36,1.199e+6,1.199e+6,,
353.41,5.650e+5,5.650e+5,,
353.46,2.557e+5,2.557e+5,,
353.51,1.112e+5,1.112e+5,,
353.56,4.647e+4,4.647e+4,,
353.61,1.881e+4,1.881e+4,,
353.66,7.690e+3,7.690e+3,,
353.71,3.939e+3,3.939e+3,,
353.76,3.988e+3,3.988e+3,,
353.81,7.250e+3,7.250e+3,,
353.86,1.525e+4,1.525e+4,,
353.91,3.187e+4,3.187e+4,,
353.96,6.431e+4,6.431e+4,,
354.01,1.248e+5,1.248e+5,,
354.06,2.328e+5,2.328e+5,,
354.11,4.175e+5,4.175e+5,,
354.16,7.193e+5,7.193e+5,,
354.21,1.191e+6,1.191e+6,,
354.26,1.896e+6,1.896e+6,,
354.31,2.899e+6,2.899e+6,,
354.36,4.262e+6,4.262e+6,,
354.41,6.021e+6,6.021e+6,,
354.46,8.175e+6,8.175e+6,,
354.51,1.067e+7,1.067e+7,,
354.56,1.338e+7,1.338e+7,,
354.61,1.612e+7,1.612e+7,,
354.66,1.867e+7,1.867e+7,,
354.71,2.079e+7,2.079e+7,,
354.76,2.224e+7,2.224e+7,,
354.81,2.287e+7,2.287e+7,,
354.86,2.260e+7,2.260e+7,,
354.91,2.146e+7,2.146e+7,,
354.96,1.959e+7,1.959e+7,,
355.01,1.718e+7,1.718e+7,,
355.07,1.393e+7,1.393e+7,,
355.12,1.120e+7,1.120e+7,,
355.17,8.649e+6,8.649e+6,,
355.22,6.421e+6,6.421e+6,,
355.27,4.582e+6,4.582e+6,,
355.32,3.142e+6,3.142e+6,,
355.37,2.072e+6,2.072e+6,,
355.42,1.314e+6,1.314e+6,,
355.47,8.058e+5,8.058e+5,,
355.52,4.857e+5,4.857e+5,,
355.57,3.070e+5,3.070e+5,,
355.62,2.430e+5,2.430e+5,,
355.67,2.947e+5,2.947e+5,,
355.72,5.015e+5,5.015e+5,,
355.77,9.570e+5,9.570e+5,,
355.82,1.834e+6,1.834e+6,,
355.87,3.414e+6,3.414e+6,,
355.92,6.128e+6,6.128e+6,,
355.97,1.058e+7,1.058e+7,,
356.02,1.757e+7,1.757e+7,,
356.07,2.805e+7,2.805e+7,,
356.12,4.306e+7,4.306e+7,,
356.17,6.355e+7,6.355e+7,,
356.22,9.019e+7,9.019e+7,,
356.27,1.231e+8,1.231e+8,,
356.32,1.615e+8,1.615e+8,,
356.37,2.037e+8,2.037e+8,,
356.42,2.472e+8,2.472e+8,,
356.47,2.885e+8,2.885e+8,,
356.52,3.240e+8,3.240e+8,,
356.57,3.502e+8,3.502e+8,,
356.62,3.644e+8,3.644e+8,,
356.67,3.656e+8,3.656e+8,,
356.72,3.539e+8,3.539e+8,,
356.77,3.312e+8,3.312e+8,,
356.82,3.005e+8,3.005e+8,,
356.87,2.653e+8,2.653e+8,,
356.92,2.291e+8,2.291e+8,,
356.97,1.949e+8,1.949e+8,,
357.02,1.644e+8,1.644e+8,,
357.07,1.387e+8,1.387e+8,,
357.12,1.175e+8,1.175e+8,,
357.17,1.003e+8,1.003e+8,,
357.22,8.602e+7,8.602e+7,,
357.27,7.377e+7,7.377e+7,,
357.32,6.279e+7,6.279e+7,,
357.37,5.265e+7,5.265e+7,,
357.42,4.320e+7,4.320e+7,,
357.47,3.450e+7,3.450e+7,,
357.52,2.672e+7,2.672e+7,,
357.57,2.001e+7,2.001e+7,,
357.62,1.447e+7,1.447e+7,,
357.67,1.008e+7,1.008e+7,,
357.72,6.766e+6,6.766e+6,,
357.77,4.371e+6,4.371e+6,,
357.82,2.717e+6,2.717e+6,,
357.87,1.624e+6,1.624e+6,,
357.92,9.343e+5,9.343e+5,,
357.97,5.168e+5,5.168e+5,,
358.02,2.749e+5,2.749e+5,,
358.07,1.406e+5,1.406e+5,,
358.12,6.918e+4,6.918e+4,,
358.17,3.273e+4,3.273e+4,,
358.22,1.489e+4,1.489e+4,,
358.27,6.513e+3,6.513e+3,,
358.32,2.744e+3,2.744e+3,,
358.37,1.125e+3,1.125e+3,,
358.42,4.826e+2,4.826e+2,,
358.47,3.055e+2,3.055e+2,,
358.52,4.448e+2,4.448e+2,,
358.57,1.017e+3,1.017e+3,,
358.62,2.478e+3,2.478e+3,,
358.67,5.895e+3,5.895e+3,,
358.72,1.352e+4,1.352e+4,,
358.77,2.985e+4,2.985e+4,,
358.82,6.340e+4,6.340e+4,,
358.87,1.296e+5,1.296e+5,,
358.92,2.547e+5,2.547e+5,,
358.97,4.818e+5,4.818e+5,,
359.02,8.768e+5,8.768e+5,,
359.07,1.535e+6,1.535e+6,,
359.12,2.586e+6,2.586e+6,,
359.17,4.192e+6,4.192e+6,,
359.22,6.536e+6,6.536e+6,,
359.27,9.805e+6,9.805e+6,,
359.32,1.415e+7,1.415e+7,,
359.37,1.965e+7,1.965e+7,,
359.42,2.626e+7,2.626e+7,,
359.47,3.375e+7,3.375e+7,,
359.52,4.174e+7,4.174e+7,,
359.57,4.967e+7,4.967e+7,,
359.62,5.686e+7,5.686e+7,,
359.67,6.262e+7,6.262e+7,,
359.72,6.636e+7,6.636e+7,,
359.77,6.765e+7,6.765e+7,,
359.82,6.636e+7,6.636e+7,,
359.87,6.262e+7,6.262e+7,,
359.92,5.686e+7,5.686e+7,,
359.97,4.968e+7,4.968e+7,,
360.02,4.176e+7,4.176e+7,,
360.07,3.379e+7,3.379e+7,,
360.12,2.634e+7,2.634e+7,,
360.17,1.983e+7,1.983e+7,,
360.22,1.449e+7,1.449e+7,,
360.27,1.043e+7,1.043e+7,,
360.32,7.652e+6,7.652e+6,,
360.37,6.118e+6,6.118e+6,,
360.42,5.789e+6,5.789e+6,,
360.47,6.666e+6,6.666e+6,,
360.52,8.798e+6,8.798e+6,,
360.57,1.227e+7,1.227e+7,,
360.62,1.716e+7,1.716e+7,,
360.67,2.351e+7,2.351e+7,,
360.72,3.125e+7,3.125e+7,,
360.77,4.017e+7,4.017e+7,,
360.82,4.990e+7,4.990e+7,,
360.87,5.989e+7,5.989e+7,,
360.92,6.949e+7,6.949e+7,,
360.97,7.804e+7,7.804e+7,,
361.02,8.494e+7,8.494e+7,,
361.07,8.984e+7,8.984e+7,,
361.12,9.274e+7,9.274e+7,,
361.17,9.407e+7,9.407e+7,,
361.22,9.477e+7,9.477e+7,,
361.27,9.632e+7,9.632e+7,,
361.32,1.006e+8,1.006e+8,,
361.37,1.100e+8,1.100e+8,,
361.42,1.267e+8,1.267e+8,,
361.47,1.529e+8,1.529e+8,,
361.52,1.899e+8,1.899e+8,,
361.57,2.381e+8,2.381e+8,,
361.62,2.962e+8,2.962e+8,,
361.67,3.614e+8,3.614e+8,,
361.72,4.292e+8,4.292e+8,,
361.77,4.937e+8,4.937e+8,,
361.82,5.487e+8,5.487e+8,,
361.87,5.883e+8,5.883e+8,,
361.92,6.078e+8,6.078e+8,,
361.97,6.049e+8,6.049e+8,,
362.02,5.797e+8,5.797e+8,,
362.07,5.349e+8,5.349e+8,,
362.12,4.751e+8,4.751e+8,,
362.17,4.062e+8,4.062e+8,,
362.22,3.343e+8,3.343e+8,,
362.27,2.649e+8,2.649e+8,,
362.32,2.020e+8,2.020e+8,,
362.37,1.483e+8,1.483e+8,,
362.42,1.048e+8,1.048e+8,,
362.47,7.125e+7,7.125e+7,,
362.52,4.665e+7,4.665e+7,,
362.57,2.939e+7,2.939e+7,,
362.62,1.783e+7,1.783e+7,,
362.67,1.041e+7,1.041e+7,,
362.72,5.849e+6,5.849e+6,,
362.77,3.164e+6,3.164e+6,,
362.82,1.647e+6,1.647e+6,,
362.87,8.255e+5,8.255e+5,,
362.92,3.982e+5,3.982e+5,,
362.97,1.849e+5,1.849e+5,,
363.02,8.264e+4,8.264e+4,,
363.07,3.555e+4,3.555e+4,,
363.12,1.472e+4,1.472e+4,,
363.17,5.867e+3,5.867e+3,,
363.22,2.251e+3,2.251e+3,,
363.27,8.313e+2,8.313e+2,,
363.32,2.955e+2,2.955e+2,,
363.37,1.011e+2,1.011e+2,,
363.42,3.330e+1,3.330e+1,,
363.47,1.055e+1,1.055e+1,,
363.52,3.220e+0,3.220e+0,,
363.57,9.459e-1,9.459e-1,,
363.62,2.674e-1,2.674e-1,,
363.67,7.276e-2,7.276e-2,,
363.72,1.906e-2,1.906e-2,,
363.77,4.805e-3,4.805e-3,,
363.82,1.166e-3,1.166e-3,,
363.87,2.724e-4,2.724e-4,,
363.92,6.124e-5,6.124e-5,,
363.97,1.325e-5,1.325e-5,,
364.02,2.761e-6,2.761e-6,,
364.07,5.536e-7,5.536e-7,,
364.12,1.068e-7,1.068e-7,,
365.22,4.997e-9,4.997e-9,,
365.27,2.485e-8,2.485e-8,,
365.32,1.190e-7,1.190e-7,,
365.37,5.496e-7,5.496e-7,,
365.42,2.445e-6,2.445e-6,,
365.47,1.048e-5,1.048e-5,,
365.52,4.330e-5,4.330e-5,,
365.57,1.724e-4,1.724e-4,,
365.62,6.614e-4,6.614e-4,,
365.67,2.445e-3,2.445e-3,,
365.72,8.710e-3,8.710e-3,,
365.77,2.990e-2,2.990e-2,,
365.82,9.891e-2,9.891e-2,,
365.87,3.153e-1,3.153e-1,,
365.92,9.686e-1,9.686e-1,,
365.97,2.867e+0,2.867e+0,,
366.02,8.178e+0,8.178e+0,,
366.07,2.248e+1,2.248e+1,,
366.12,5.955e+1,5.955e+1,,
366.17,1.520e+2,1.520e+2,,
366.22,3.739e+2,3.739e+2,,
366.27,8.862e+2,8.862e+2,,
366.32,2.024e+3,2.024e+3,,
366.37,4.455e+3,4.455e+3,,
366.42,9.449e+3,9.449e+3,,
366.47,1.931e+4,1.931e+4,,
366.52,3.804e+4,3.804e+4,,
366.57,7.220e+4,7.220e+4,,
366.62,1.320e+5,1.320e+5,,
366.67,2.327e+5,2.327e+5,,
366.72,3.952e+5,3.952e+5,,
366.77,6.468e+5,6.468e+5,,
366.82,1.020e+6,1.020e+6,,
366.87,1.550e+6,1.550e+6,,
366.92,2.270e+6,2.270e+6,,
366.97,3.204e+6,3.204e+6,,
367.02,4.357e+6,4.357e+6,,
367.07,5.710e+6,5.710e+6,,
367.12,7.211e+6,7.211e+6,,
367.17,8.775e+6,8.775e+6,,
367.22,1.029e+7,1.029e+7,,
367.27,1.163e+7,1.163e+7,,
367.32,1.266e+7,1.266e+7,,
367.37,1.329e+7,1.329e+7,,
367.42,1.343e+7,1.343e+7,,
367.47,1.309e+7,1.309e+7,,
367.52,1.229e+7,1.229e+7,,
367.57,1.112e+7,1.112e+7,,
367.62,9.698e+6,9.698e+6,,
367.67,8.148e+6,8.148e+6,,
367.72,6.597e+6,6.597e+6,,
367.77,5.147e+6,5.147e+6,,
367.82,3.870e+6,3.870e+6,,
367.87,2.804e+6,2.804e+6,,
367.92,1.958e+6,1.958e+6,,
367.97,1.317e+6,1.317e+6,,
368.02,8.540e+5,8.540e+5,,
368.07,5.335e+5,5.335e+5,,
368.12,3.212e+5,3.212e+5,,
368.17,1.863e+5,1.863e+5,,
368.22,1.042e+5,1.042e+5,,
368.27,5.612e+4,5.612e+4,,
368.32,2.913e+4,2.913e+4,,
368.37,1.457e+4,1.457e+4,,
368.42,7.026e+3,7.026e+3,,
368.47,3.264e+3,3.264e+3,,
368.52,1.461e+3,1.461e+3,,
368.57,6.303e+2,6.303e+2,,
368.62,2.620e+2,2.620e+2,,
368.67,1.049e+2,1.049e+2,,
368.72,4.051e+1,4.051e+1,,
368.77,1.507e+1,1.507e+1,,
368.82,5.401e+0,5.401e+0,,
368.87,1.866e+0,1.866e+0,,
368.92,6.210e-1,6.210e-1,,
368.97,1.992e-1,1.992e-1,,
369.02,6.157e-2,6.157e-2,,
369.07,1.834e-2,1.834e-2,,
369.12,5.263e-3,5.263e-3,,
369.17,1.456e-3,1.456e-3,,
369.22,3.880e-4,3.880e-4,,
369.27,9.965e-5,9.965e-5,,
369.32,2.466e-5,2.466e-5,,
369.37,5.882e-6,5.882e-6,,
369.42,1.352e-6,1.352e-6,,
369.47,2.994e-7,2.994e-7,,
369.52,6.389e-8,6.389e-8,,
369.57,1.314e-8,1.314e-8,,
369.62,2.604e-9,2.604e-9,,
375.27,3.088e-9,3.088e-9,,
375.32,1.513e-8,1.513e-8,,
375.37,7.154e-8,7.154e-8,,
375.42,3.267e-7,3.267e-7,,
375.47,1.440e-6,1.440e-6,,
375.52,6.132e-6,6.132e-6,,
375.57,2.521e-5,2.521e-5,,
375.62,1.000e-4,1.000e-4,,
375.67,3.834e-4,3.834e-4,,
375.72,1.418e-3,1.418e-3,,
375.77,5.067e-3,5.067e-3,,
375.82,1.748e-2,1.748e-2,,
375.87,5.821e-2,5.821e-2,,
375.92,1.872e-1,1.872e-1,,
375.97,5.811e-1,5.811e-1,,
376.02,1.742e+0,1.742e+0,,
376.07,5.043e+0,5.043e+0,,
376.12,1.409e+1,1.409e+1,,
376.17,3.803e+1,3.803e+1,,
376.22,9.907e+1,9.907e+1,,
376.27,2.492e+2,2.492e+2,,
376.32,6.053e+2,6.053e+2,,
376.37,1.419e+3,1.419e+3,,
376.42,3.214e+3,3.214e+3,,
376.47,7.027e+3,7.027e+3,,
376.52,1.483e+4,1.483e+4,,
376.57,3.023e+4,3.023e+4,,
376.62,5.949e+4,5.949e+4,,
376.67,1.130e+5,1.130e+5,,
376.72,2.074e+5,2.074e+5,,
376.77,3.673e+5,3.673e+5,,
376.82,6.282e+5,6.282e+5,,
376.87,1.037e+6,1.037e+6,,
376.92,1.654e+6,1.654e+6,,
376.97,2.546e+6,2.546e+6,,
377.02,3.785e+6,3.785e+6,,
377.07,5.432e+6,5.432e+6,,
377.12,7.528e+6,7.528e+6,,
377.17,1.007e+7,1.007e+7,,
377.22,1.301e+7,1.301e+7,,
377.27,1.624e+7,1.624e+7,,
377.32,1.956e+7,1.956e+7,,
377.37,2.276e+7,2.276e+7,,
377.42,2.559e+7,2.559e+7,,
377.47,2.780e+7,2.780e+7,,
377.52,2.921e+7,2.921e+7,,
377.57,2.971e+7,2.971e+7,,
377.62,2.932e+7,2.932e+7,,
377.67,2.817e+7,2.817e+7,,
377.72,2.648e+7,2.648e+7,,
377.77,2.456e+7,2.456e+7,,
377.82,2.276e+7,2.276e+7,,
377.87,2.137e+7,2.137e+7,,
377.92,2.067e+7,2.067e+7,,
377.97,2.078e+7,2.078e+7,,
378.02,2.172e+7,2.172e+7,,
378.07,2.339e+7,2.339e+7,,
378.12,2.556e+7,2.556e+7,,
378.17,2.790e+7,2.790e+7,,
378.22,3.007e+7,3.007e+7,,
378.27,3.173e+7,3.173e+7,,
378.32,3.259e+7,3.259e+7,,
378.37,3.249e+7,3.249e+7,,
378.42,3.136e+7,3.136e+7,,
378.47,2.928e+7,2.928e+7,,
378.52,2.643e+7,2.643e+7,,
378.57,2.305e+7,2.305e+7,,
378.62,1.941e+7,1.941e+7,,
378.67,1.579e+7,1.579e+7,,
378.72,1.241e+7,1.241e+7,,
378.77,9.417e+6,9.417e+6,,
378.82,6.900e+6,6.900e+6,,
378.87,4.883e+6,4.883e+6,,
378.92,3.337e+6,3.337e+6,,
378.97,2.202e+6,2.202e+6,,
379.02,1.403e+6,1.403e+6,,
379.07,8.636e+5,8.636e+5,,
379.12,5.132e+5,5.132e+5,,
379.17,2.945e+5,2.945e+5,,
379.22,1.632e+5,1.632e+5,,
379.27,8.736e+4,8.736e+4,,
379.32,4.520e+4,4.520e+4,,
379.37,2.270e+4,2.270e+4,,
379.42,1.129e+4,1.129e+4,,
379.47,6.099e+3,6.099e+3,,
379.52,4.693e+3,4.693e+3,,
379.57,6.398e+3,6.398e+3,,
379.62,1.209e+4,1.209e+4,,
379.67,2.452e+4,2.452e+4,,
379.72,4.912e+4,4.912e+4,,
379.77,9.549e+4,9.549e+4,,
379.82,1.795e+5,1.795e+5,,
379.87,3.260e+5,3.260e+5,,
379.92,5.720e+5,5.720e+5,,
379.97,9.697e+5,9.697e+5,,
380.02,1.588e+6,1.588e+6,,
380.07,2.513e+6,2.513e+6,,
380.12,3.840e+6,3.840e+6,,
380.17,5.671e+6,5.671e+6,,
380.22,8.091e+6,8.091e+6,,
380.27,1.115e+7,1.115e+7,,
380.32,1.485e+7,1.485e+7,,
380.37,1.910e+7,1.910e+7,,
380.42,2.374e+7,2.374e+7,,
380.47,2.850e+7,2.850e+7,,
380.52,3.305e+7,3.305e+7,,
380.57,3.704e+7,3.704e+7,,
380.62,4.010e+7,4.010e+7,,
380.67,4.194e+7,4.194e+7,,
380.72,4.237e+7,4.237e+7,,
380.77,4.136e+7,4.136e+7,,
380.82,3.901e+7,3.901e+7,,
380.87,3.554e+7,3.554e+7,,
380.92,3.128e+7,3.128e+7,,
380.97,2.660e+7,2.660e+7,,
381.02,2.185e+7,2.185e+7,,
381.07,1.734e+7,1.734e+7,,
381.12,1.330e+7,1.330e+7,,
381.17,9.849e+6,9.849e+6,,
381.22,7.048e+6,7.048e+6,,
381.27,4.873e+6,4.873e+6,,
381.32,3.254e+6,3.254e+6,,
381.37,2.100e+6,2.100e+6,,
381.42,1.309e+6,1.309e+6,,
381.47,7.884e+5,7.884e+5,,
381.52,4.587e+5,4.587e+5,,
381.57,2.578e+5,2.578e+5,,
381.62,1.400e+5,1.400e+5,,
381.67,7.345e+4,7.345e+4,,
381.72,3.723e+4,3.723e+4,,
381.77,1.823e+4,1.823e+4,,
381.82,8.623e+3,8.623e+3,,
381.87,3.941e+3,3.941e+3,,
381.92,1.740e+3,1.740e+3,,
381.97,7.421e+2,7.421e+2,,
382.02,3.058e+2,3.058e+2,,
382.07,1.217e+2,1.217e+2,,
382.12,4.682e+1,4.682e+1,,
382.17,1.740e+1,1.740e+1,,
382.22,6.245e+0,6.245e+0,,
382.27,2.166e+0,2.166e+0,,
382.32,7.255e-1,7.255e-1,,
382.37,2.348e-1,2.348e-1,,
382.42,7.343e-2,7.343e-2,,
382.47,2.218e-2,2.218e-2,,
382.52,6.474e-3,6.474e-3,,
382.57,1.825e-3,1.825e-3,,
382.62,4.972e-4,4.972e-4,,
382.67,1.309e-4,1.309e-4,,
382.72,3.327e-5,3.327e-5,,
382.77,8.171e-6,8.171e-6,,
382.82,1.939e-6,1.939e-6,,
382.87,4.444e-7,4.444e-7,,
382.92,9.843e-8,9.843e-8,,
382.97,2.106e-8,2.106e-8,,
383.02,4.353e-9,4.353e-9,,
383.52,1.873e-8,1.873e-8,,
383.57,8.692e-8,8.692e-8,,
383.62,3.901e-7,3.901e-7,,
383.67,1.693e-6,1.693e-6,,
383.72,7.103e-6,7.103e-6,,
383.77,2.882e-5,2.882e-5,,
383.82,1.131e-4,1.131e-4,,
383.87,4.291e-4,4.291e-4,,
383.92,1.574e-3,1.574e-3,,
383.97,5.584e-3,5.584e-3,,
384.02,1.916e-2,1.916e-2,,
384.07,6.354e-2,6.354e-2,,
384.12,2.038e-1,2.038e-1,,
384.17,6.321e-1,6.321e-1,,
384.22,1.896e+0,1.896e+0,,
384.27,5.498e+0,5.498e+0,,
384.32,1.542e+1,1.542e+1,,
384.37,4.181e+1,4.181e+1,,
384.42,1.096e+2,1.096e+2,,
384.47,2.779e+2,2.779e+2,,
384.52,6.814e+2,6.814e+2,,
384.57,1.615e+3,1.615e+3,,
384.62,3.703e+3,3.703e+3,,
384.67,8.209e+3,8.209e+3,,
384.72,1.760e+4,1.760e+4,,
384.77,3.647e+4,3.647e+4,,
384.82,7.310e+4,7.310e+4,,
384.87,1.417e+5,1.417e+5,,
384.92,2.655e+5,2.655e+5,,
384.97,4.811e+5,4.811e+5,,
385.02,8.430e+5,8.430e+5,,
385.07,1.428e+6,1.428e+6,,
385.12,2.340e+6,2.340e+6,,
385.17,3.708e+6,3.708e+6,,
385.22,5.680e+6,5.680e+6,,
385.27,8.415e+6,8.415e+6,,
385.32,1.205e+7,1.205e+7,,
385.37,1.670e+7,1.670e+7,,
385.42,2.236e+7,2.236e+7,,
385.47,2.896e+7,2.896e+7,,
385.52,3.627e+7,3.627e+7,,
385.57,4.393e+7,4.393e+7,,
385.62,5.144e+7,5.144e+7,,
385.67,5.824e+7,5.824e+7,,
385.72,6.377e+7,6.377e+7,,
385.77,6.752e+7,6.752e+7,,
385.82,6.913e+7,6.913e+7,,
385.87,6.843e+7,6.843e+7,,
385.93,6.468e+7,6.468e+7,,
385.98,5.947e+7,5.947e+7,,
386.03,5.287e+7,5.287e+7,,
386.08,4.546e+7,4.546e+7,,
386.13,3.779e+7,3.779e+7,,
386.18,3.038e+7,3.038e+7,,
386.23,2.361e+7,2.361e+7,,
386.28,1.775e+7,1.775e+7,,
386.33,1.290e+7,1.290e+7,,
386.38,9.066e+6,9.066e+6,,
386.43,6.161e+6,6.161e+6,,
386.48,4.049e+6,4.049e+6,,
386.53,2.573e+6,2.573e+6,,
386.58,1.581e+6,1.581e+6,,
386.63,9.393e+5,9.393e+5,,
386.68,5.397e+5,5.397e+5,,
386.73,2.998e+5,2.998e+5,,
386.78,1.611e+5,1.611e+5,,
386.83,8.367e+4,8.367e+4,,
386.88,4.203e+4,4.203e+4,,
386.93,2.041e+4,2.041e+4,,
386.98,9.587e+3,9.587e+3,,
387.03,4.354e+3,4.354e+3,,
387.08,1.912e+3,1.912e+3,,
387.13,8.120e+2,8.120e+2,,
387.18,3.334e+2,3.334e+2,,
387.23,1.324e+2,1.324e+2,,
387.28,5.083e+1,5.083e+1,,
387.33,1.887e+1,1.887e+1,,
387.38,6.775e+0,6.775e+0,,
387.43,2.352e+0,2.352e+0,,
387.48,7.895e-1,7.895e-1,,
387.53,2.563e-1,2.563e-1,,
387.58,8.044e-2,8.044e-2,,
387.63,2.441e-2,2.441e-2,,
387.68,7.165e-3,7.165e-3,,
387.73,2.033e-3,2.033e-3,,
387.78,5.579e-4,5.579e-4,,
387.83,1.481e-4,1.481e-4,,
387.88,3.799e-5,3.799e-5,,
387.93,9.425e-6,9.425e-6,,
387.98,2.261e-6,2.261e-6,,
388.03,5.246e-7,5.246e-7,,
388.08,1.177e-7,1.177e-7,,
388.13,2.553e-8,2.553e-8,,
400.33,4.877e-10,4.877e-10,,
400.38,2.161e-9,2.161e-9,,
400.43,9.286e-9,9.286e-9,,
400.48,3.869e-8,3.869e-8,,
400.53,1.563e-7,1.563e-7,,
400.58,6.123e-7,6.123e-7,,
400.63,2.326e-6,2.326e-6,,
400.68,8.566e-6,8.566e-6,,
400.73,3.059e-5,3.059e-5,,
400.78,1.059e-4,1.059e-4,,
400.83,3.558e-4,3.558e-4,,
400.88,1.158e-3,1.158e-3,,
400.93,3.657e-3,3.657e-3,,
400.98,1.120e-2,1.120e-2,,
401.03,3.323e-2,3.323e-2,,
401.08,9.565e-2,9.565e-2,,
401.13,2.670e-1,2.670e-1,,
401.18,7.225e-1,7.225e-1,,
401.23,1.896e+0,1.896e+0,,
401.28,4.824e+0,4.824e+0,,
401.33,1.190e+1,1.190e+1,,
401.38,2.847e+1,2.847e+1,,
401.43,6.605e+1,6.605e+1,,
401.48,1.486e+2,1.486e+2,,
401.53,3.240e+2,3.240e+2,,
401.58,6.852e+2,6.852e+2,,
401.63,1.405e+3,1.405e+3,,
401.68,2.794e+3,2.794e+3,,
401.73,5.387e+3,5.387e+3,,
401.78,1.007e+4,1.007e+4,,
401.83,1.826e+4,1.826e+4,,
401.88,3.209e+4,3.209e+4,,
401.93,5.470e+4,5.470e+4,,
401.98,9.040e+4,9.040e+4,,
402.03,1.449e+5,1.449e+5,,
402.08,2.251e+5,2.251e+5,,
402.13,3.392e+5,3.392e+5,,
402.18,4.955e+5,4.955e+5,,
402.23,7.020e+5,7.020e+5,,
402.28,9.643e+5,9.643e+5,,
402.33,1.284e+6,1.284e+6,,
402.38,1.659e+6,1.659e+6,,
402.43,2.077e+6,2.077e+6,,
402.48,2.523e+6,2.523e+6,,
402.53,2.970e+6,2.970e+6,,
402.58,3.391e+6,3.391e+6,,
402.63,3.754e+6,3.754e+6,,
402.68,4.030e+6,4.030e+6,,
402.73,4.195e+6,4.195e+6,,
402.78,4.234e+6,4.234e+6,,
402.83,4.143e+6,4.143e+6,,
402.88,3.932e+6,3.932e+6,,
402.93,3.618e+6,3.618e+6,,
402.98,3.228e+6,3.228e+6,,
403.03,2.793e+6,2.793e+6,,
403.08,2.343e+6,2.343e+6,,
403.13,1.906e+6,1.906e+6,,
403.18,1.503e+6,1.503e+6,,
403.23,1.149e+6,1.149e+6,,
403.28,8.524e+5,8.524e+5,,
403.33,6.130e+5,6.130e+5,,
403.38,4.274e+5,4.274e+5,,
403.43,2.889e+5,2.889e+5,,
403.48,1.894e+5,1.894e+5,,
403.53,1.204e+5,1.204e+5,,
403.58,7.422e+4,7.422e+4,,
403.63,4.436e+4,4.436e+4,,
403.68,2.571e+4,2.571e+4,,
403.73,1.444e+4,1.444e+4,,
403.78,7.870e+3,7.870e+3,,
403.83,4.158e+3,4.158e+3,,
403.88,2.130e+3,2.130e+3,,
403.93,1.058e+3,1.058e+3,,
403.98,5.097e+2,5.097e+2,,
404.03,2.381e+2,2.381e+2,,
404.08,1.078e+2,1.078e+2,,
404.13,4.735e+1,4.735e+1,,
404.18,2.016e+1,2.016e+1,,
404.23,8.324e+0,8.324e+0,,
404.28,3.332e+0,3.332e+0,,
404.33,1.294e+0,1.294e+0,,
404.38,4.869e-1,4.869e-1,,
404.43,1.777e-1,1.777e-1,,
404.48,6.290e-2,6.290e-2,,
404.53,2.159e-2,2.159e-2,,
404.58,7.183e-3,7.183e-3,,
404.63,2.317e-3,2.317e-3,,
404.68,7.250e-4,7.250e-4,,
404.73,2.200e-4,2.200e-4,,
404.78,6.470e-5,6.470e-5,,
404.83,1.845e-5,1.845e-5,,
404.88,5.104e-6,5.104e-6,,
404.93,1.369e-6,1.369e-6,,
404.98,3.559e-7,3.559e-7,,
405.03,8.975e-8,8.975e-8,,
405.08,2.194e-8,2.194e-8,,
405.13,5.202e-9,5.202e-9,,
405.18,1.196e-9,1.196e-9,,
426.99,7.717e-10,7.717e-10,,
427.04,3.115e-9,3.115e-9,,
427.09,1.224e-8,1.224e-8,,
427.14,4.678e-8,4.678e-8,,
427.19,1.741e-7,1.741e-7,,
427.24,6.304e-7,6.304e-7,,
427.29,2.222e-6,2.222e-6,,
427.34,7.624e-6,7.624e-6,,
427.39,2.546e-5,2.546e-5,,
427.44,8.272e-5,8.272e-5,,
427.49,2.616e-4,2.616e-4,,
427.54,8.054e-4,8.054e-4,,
427.59,2.413e-3,2.413e-3,,
427.64,7.036e-3,7.036e-3,,
427.69,1.997e-2,1.997e-2,,
427.74,5.516e-2,5.516e-2,,
427.79,1.483e-1,1.483e-1,,
427.84,3.880e-1,3.880e-1,,
427.89,9.880e-1,9.880e-1,,
427.94,2.449e+0,2.449e+0,,
427.99,5.907e+0,5.907e+0,,
428.04,1.387e+1,1.387e+1,,
428.09,3.169e+1,3.169e+1,,
428.14,7.047e+1,7.047e+1,,
428.19,1.525e+2,1.525e+2,,
428.24,3.213e+2,3.213e+2,,
428.29,6.587e+2,6.587e+2,,
428.34,1.315e+3,1.315e+3,,
428.39,2.553e+3,2.553e+3,,
428.44,4.826e+3,4.826e+3,,
428.49,8.878e+3,8.878e+3,,
428.54,1.590e+4,1.590e+4,,
428.59,2.770e+4,2.770e+4,,
428.64,4.698e+4,4.698e+4,,
428.69,7.756e+4,7.756e+4,,
428.74,1.246e+5,1.246e+5,,
428.79,1.948e+5,1.948e+5,,
428.84,2.965e+5,2.965e+5,,
428.89,4.392e+5,4.392e+5,,
428.94,6.332e+5,6.332e+5,,
428.99,8.884e+5,8.884e+5,,
429.04,1.213e+6,1.213e+6,,
429.09,1.612e+6,1.612e+6,,
429.14,2.086e+6,2.086e+6,,
429.19,2.626e+6,2.626e+6,,
429.24,3.218e+6,3.218e+6,,
429.29,3.837e+6,3.837e+6,,
429.34,4.454e+6,4.454e+6,,
429.39,5.031e+6,5.031e+6,,
429.44,5.532e+6,5.532e+6,,
429.49,5.920e+6,5.920e+6,,
429.54,6.165e+6,6.165e+6,,
429.59,6.249e+6,6.249e+6,,
429.64,6.165e+6,6.165e+6,,
429.69,5.920e+6,5.920e+6,,
429.74,5.532e+6,5.532e+6,,
429.79,5.031e+6,5.031e+6,,
429.84,4.454e+6,4.454e+6,,
429.89,3.837e+6,3.837e+6,,
429.94,3.218e+6,3.218e+6,,
429.99,2.626e+6,2.626e+6,,
430.04,2.086e+6,2.086e+6,,6.269e-17
430.09,1.612e+6,1.612e+6,,2.455e-16
430.14,1.213e+6,1.213e+6,,9.362e-16
430.19,8.884e+5,8.884e+5,,3.476e-15
430.24,6.332e+5,6.332e+5,,1.256e-14
430.29,4.392e+5,4.392e+5,,4.422e-14
430.34,2.965e+5,2.965e+5,,1.515e-13
430.39,1.948e+5,1.948e+5,,5.055e-13
430.44,1.246e+5,1.246e+5,,1.642e-12
430.49,7.756e+4,7.756e+4,,5.194e-12
430.54,4.698e+4,4.698e+4,,1.599e-11
430.59,2.770e+4,2.770e+4,,4.795e-11
430.64,1.590e+4,1.590e+4,,1.400e-10
430.69,8.878e+3,8.878e+3,,3.978e-10
430.74,4.826e+3,4.826e+3,,1.101e-9
430.79,2.553e+3,2.553e+3,,2.966e-9
430.84,1.315e+3,1.315e+3,,7.782e-9
430.89,6.587e+2,6.587e+2,,1.988e-8
430.94,3.213e+2,3.213e+2,,4.943e-8
430.99,1.525e+2,1.525e+2,,1.197e-7
431.04,7.047e+1,7.047e+1,,2.821e-7
431.09,3.169e+1,3.169e+1,,6.475e-7
431.14,1.387e+1,1.387e+1,,1.447e-6
431.19,5.907e+0,5.907e+0,,3.149e-6
431.24,2.449e+0,2.449e+0,,6.671e-6
431.29,9.880e-1,9.880e-1,,1.376e-5
431.34,3.880e-1,3.880e-1,,2.763e-5
431.39,1.483e-1,1.483e-1,,5.403e-5
431.44,5.526e-2,5.516e-2,,1.029e-4
431.49,2.016e-2,1.997e-2,,1.907e-4
431.54,7.380e-3,7.036e-3,,3.441e-4
431.59,3.018e-3,2.413e-3,,6.046e-4
431.64,1.840e-3,8.054e-4,,1.034e-3
431.69,1.985e-3,2.616e-4,,1.723e-3
431.74,2.877e-3,8.272e-5,,2.795e-3
431.79,4.438e-3,2.546e-5,,4.413e-3
431.84,6.792e-3,7.624e-6,,6.784e-3
431.89,1.016e-2,2.222e-6,,1.016e-2
431.94,1.480e-2,6.304e-7,,1.480e-2
431.99,2.100e-2,1.741e-7,,2.100e-2
432.04,2.902e-2,4.678e-8,,2.902e-2
432.09,3.904e-2,1.224e-8,,3.904e-2
432.14,5.113e-2,3.115e-9,,5.113e-2
432.19,6.520e-2,7.717e-10,,6.520e-2
432.24,8.095e-2,,,8.095e-2
432.29,9.786e-2,,,9.786e-2
432.34,1.152e-1,,,1.152e-1
432.39,1.320e-1,,,1.320e-1
432.44,1.473e-1,,,1.473e-1
432.49,1.600e-1,,,1.600e-1
432.54,1.692e-1,,,1.692e-1
432.59,1.743e-1,,,1.743e-1
432.64,1.747e-1,,,1.747e-1
432.69,1.706e-1,,,1.706e-1
432.74,1.621e-1,,,1.621e-1
432.79,1.501e-1,,,1.501e-1
432.84,1.352e-1,,,1.352e-1
432.89,1.186e-1,,,1.186e-1
432.94,1.013e-1,,,1.013e-1
432.99,8.426e-2,,,8.426e-2
433.04,6.823e-2,,,6.823e-2
433.09,5.379e-2,,,5.379e-2
433.14,4.129e-2,,,4.129e-2
433.19,3.086e-2,,,3.086e-2
433.24,2.245e-2,,,2.245e-2
433.29,1.591e-2,,,1.591e-2
433.34,1.097e-2,,,1.097e-2
433.39,7.370e-3,,,7.370e-3
433.44,4.820e-3,,,4.820e-3
433.49,3.068e-3,,,3.068e-3
433.54,1.902e-3,,,1.902e-3
433.59,1.148e-3,,,1.148e-3
433.64,6.746e-4,,,6.746e-4
433.69,3.860e-4,,,3.860e-4
433.74,2.150e-4,,,2.150e-4
433.79,1.166e-4,,,1.166e-4
433.84,6.159e-5,,,6.159e-5
433.89,3.167e-5,,,3.167e-5
433.94,1.585e-5,,,1.585e-5
433.99,7.726e-6,,,7.726e-6
434.04,3.667e-6,,,3.667e-6
434.09,1.694e-6,,,1.694e-6
434.14,7.622e-7,,,7.622e-7
434.19,3.338e-7,,,3.338e-7
434.24,1.424e-7,,,1.424e-7
434.29,5.911e-8,,,5.911e-8
434.34,2.390e-8,,,2.390e-8
434.39,9.407e-9,,,9.407e-9
434.44,3.605e-9,,,3.605e-9
434.49,1.345e-9,,,1.345e-9
434.54,4.887e-10,,,4.887e-10
434.59,1.729e-10,,,1.729e-10
434.64,5.954e-11,,,5.954e-11
434.69,1.996e-11,,,1.996e-11
434.74,6.518e-12,,,6.518e-12
434.79,2.072e-12,,,2.072e-12
434.84,6.412e-13,,,6.412e-13
434.89,1.932e-13,,,1.932e-13
434.94,5.669e-14,,,5.669e-14
434.99,1.619e-14,,,1.619e-14
435.04,4.504e-15,,,4.504e-15
435.09,1.220e-15,,,1.220e-15
435.14,3.216e-16,,,3.216e-16
435.19,8.255e-17,,,8.255e-17
435.24,2.063e-17,,,2.063e-17
437.49,5.896e-9,5.896e-9,,
437.54,2.297e-8,2.297e-8,,
437.59,8.724e-8,8.724e-8,,
437.64,3.228e-7,3.228e-7,,
437.69,1.164e-6,1.164e-6,,
437.74,4.092e-6,4.092e-6,,
437.79,1.401e-5,1.401e-5,,
437.84,4.677e-5,4.677e-5,,
437.89,1.521e-4,1.521e-4,,
437.94,4.822e-4,4.822e-4,,
437.99,1.489e-3,1.489e-3,,
438.04,4.484e-3,4.484e-3,,
438.09,1.315e-2,1.315e-2,,
438.14,3.760e-2,3.760e-2,,
438.19,1.048e-1,1.048e-1,,
438.24,2.844e-1,2.844e-1,,
438.29,7.525e-1,7.525e-1,,
438.34,1.940e+0,1.940e+0,,
438.39,4.875e+0,4.875e+0,,
438.44,1.194e+1,1.194e+1,,
438.49,2.849e+1,2.849e+1,,
438.54,6.625e+1,6.625e+1,,
438.59,1.501e+2,1.501e+2,,
438.64,3.316e+2,3.316e+2,,
438.69,7.136e+2,7.136e+2,,
438.74,1.497e+3,1.497e+3,,
438.79,3.059e+3,3.059e+3,,
438.84,6.094e+3,6.094e+3,,
438.89,1.183e+4,1.183e+4,,
438.94,2.238e+4,2.238e+4,,
438.99,4.125e+4,4.125e+4,,
439.04,7.411e+4,7.411e+4,,
439.09,1.297e+5,1.297e+5,,
439.14,2.214e+5,2.214e+5,,
439.19,3.680e+5,3.680e+5,,
439.24,5.963e+5,5.963e+5,,
439.29,9.416e+5,9.416e+5,,
439.34,1.449e+6,1.449e+6,,
439.39,2.173e+6,2.173e+6,,
439.44,3.175e+6,3.175e+6,,
439.49,4.522e+6,4.522e+6,,
439.54,6.276e+6,6.276e+6,,
439.59,8.489e+6,8.489e+6,,
439.64,1.119e+7,1.119e+7,,
439.69,1.437e+7,1.437e+7,,
439.74,1.799e+7,1.799e+7,,
439.79,2.194e+7,2.194e+7,,
439.84,2.609e+7,2.609e+7,,
439.89,3.022e+7,3.022e+7,,
439.94,3.412e+7,3.412e+7,,
439.99,3.754e+7,3.754e+7,,
440.04,4.024e+7,4.024e+7,,
440.09,4.205e+7,4.205e+7,,
440.14,4.282e+7,4.282e+7,,
440.19,4.249e+7,4.249e+7,,
440.24,4.108e+7,4.108e+7,,
440.29,3.872e+7,3.872e+7,,
440.34,3.556e+7,3.556e+7,,
440.39,3.182e+7,3.182e+7,,
440.44,2.775e+7,2.775e+7,,
440.49,2.359e+7,2.359e+7,,
440.54,1.954e+7,1.954e+7,,
440.59,1.577e+7,1.577e+7,,
440.64,1.241e+7,1.241e+7,,
440.69,9.509e+6,9.509e+6,,
440.74,7.104e+6,7.104e+6,,
440.79,5.172e+6,5.172e+6,,
440.84,3.669e+6,3.669e+6,,
440.89,2.537e+6,2.537e+6,,
440.94,1.709e+6,1.709e+6,,
440.99,1.122e+6,1.122e+6,,
441.04,7.181e+5,7.181e+5,,
441.09,4.478e+5,4.478e+5,,
441.14,2.721e+5,2.721e+5,,
441.19,1.611e+5,1.611e+5,,
441.24,9.300e+4,9.300e+4,,
441.29,5.230e+4,5.230e+4,,
441.34,2.867e+4,2.867e+4,,
441.39,1.531e+4,1.531e+4,,
441.44,7.970e+3,7.970e+3,,
441.49,4.043e+3,4.043e+3,,
441.54,1.998e+3,1.998e+3,,
441.59,9.627e+2,9.627e+2,,
441.64,4.519e+2,4.519e+2,,
441.69,2.068e+2,2.068e+2,,
441.74,9.218e+1,9.218e+1,,
441.79,4.005e+1,4.005e+1,,
441.84,1.696e+1,1.696e+1,,
441.89,6.997e+0,6.997e+0,,
441.94,2.813e+0,2.813e+0,,
441.99,1.102e+0,1.102e+0,,
442.04,4.210e-1,4.210e-1,,
442.09,1.567e-1,1.567e-1,,
442.14,5.682e-2,5.682e-2,,
442.19,2.008e-2,2.008e-2,,
442.24,6.917e-3,6.917e-3,,
442.29,2.322e-3,2.322e-3,,
442.34,7.594e-4,7.594e-4,,
442.39,2.421e-4,2.421e-4,,
442.44,7.520e-5,7.520e-5,,
442.49,2.276e-5,2.276e-5,,
442.54,6.716e-6,6.716e-6,,
442.59,1.931e-6,1.931e-6,,
442.64,5.409e-7,5.409e-7,,
442.69,1.477e-7,1.477e-7,,
442.74,3.930e-8,3.930e-8,,
442.79,1.019e-8,1.019e-8,,
443.54,6.458e-10,6.458e-10,,
443.59,2.487e-9,2.487e-9,,
443.64,9.340e-9,9.340e-9,,
443.69,3.421e-8,3.421e-8,,
443.74,1.222e-7,1.222e-7,,
443.79,4.255e-7,4.255e-7,,
443.84,1.445e-6,1.445e-6,,
443.89,4.788e-6,4.788e-6,,
443.94,1.547e-5,1.547e-5,,
443.99,4.872e-5,4.872e-5,,
444.04,1.497e-4,1.497e-4,,
444.09,4.484e-4,4.484e-4,,
444.14,1.310e-3,1.310e-3,,
444.19,3.733e-3,3.733e-3,,
444.24,1.037e-2,1.037e-2,,
444.29,2.810e-2,2.810e-2,,
444.34,7.426e-2,7.426e-2,,
444.39,1.914e-1,1.914e-1,,
444.44,4.809e-1,4.809e-1,,
444.49,1.179e+0,1.179e+0,,
444.54,2.817e+0,2.817e+0,,
444.59,6.565e+0,6.565e+0,,
444.64,1.492e+1,1.492e+1,,
444.69,3.307e+1,3.307e+1,,
444.74,7.149e+1,7.149e+1,,
444.79,1.507e+2,1.507e+2,,
444.84,3.098e+2,3.098e+2,,
444.89,6.210e+2,6.210e+2,,
444.94,1.214e+3,1.214e+3,,
444.99,2.315e+3,2.315e+3,,
445.04,4.304e+3,4.304e+3,,
445.09,7.803e+3,7.803e+3,,
445.14,1.380e+4,1.380e+4,,
445.19,2.379e+4,2.379e+4,,
445.24,4.001e+4,4.001e+4,,
445.29,6.561e+4,6.561e+4,,
445.34,1.049e+5,1.049e+5,,
445.39,1.637e+5,1.637e+5,,
445.44,2.489e+5,2.489e+5,,
445.49,3.692e+5,3.692e+5,,
445.54,5.341e+5,5.341e+5,,
445.59,7.535e+5,7.535e+5,,
445.64,1.037e+6,1.037e+6,,
445.69,1.391e+6,1.391e+6,,
445.74,1.820e+6,1.820e+6,,
445.79,2.324e+6,2.324e+6,,
445.84,2.893e+6,2.893e+6,,
445.89,3.515e+6,3.515e+6,,
445.94,4.167e+6,4.167e+6,,
445.99,4.821e+6,4.821e+6,,
446.04,5.448e+6,5.448e+6,,
446.09,6.015e+6,6.015e+6,,
446.14,6.495e+6,6.495e+6,,
446.19,6.870e+6,6.870e+6,,
446.24,7.131e+6,7.131e+6,,
446.29,7.283e+6,7.283e+6,,
446.34,7.347e+6,7.347e+6,,
446.39,7.354e+6,7.354e+6,,
446.44,7.345e+6,7.345e+6,,
446.49,7.365e+6,7.365e+6,,
446.54,7.457e+6,7.457e+6,,
446.59,7.652e+6,7.652e+6,,
446.64,7.970e+6,7.970e+6,,
446.69,8.411e+6,8.411e+6,,
446.74,8.954e+6,8.954e+6,,
446.79,9.560e+6,9.560e+6,,
446.84,1.018e+7,1.018e+7,,
446.89,1.074e+7,1.074e+7,,
446.94,1.119e+7,1.119e+7,,
446.99,1.146e+7,1.146e+7,,
447.04,1.152e+7,1.152e+7,,
447.09,1.134e+7,1.134e+7,,
447.14,1.091e+7,1.091e+7,,
447.19,1.026e+7,1.026e+7,,
447.24,9.424e+6,9.424e+6,,
447.29,8.448e+6,8.448e+6,,
447.34,7.390e+6,7.390e+6,,
447.39,6.308e+6,6.308e+6,,
447.44,5.252e+6,5.252e+6,,
447.49,4.266e+6,4.266e+6,,
447.54,3.380e+6,3.380e+6,,
447.59,2.611e+6,2.611e+6,,
447.64,1.968e+6,1.968e+6,,
447.7,1.356e+6,1.356e+6,,
447.75,9.675e+5,9.675e+5,,
447.8,6.731e+5,6.731e+5,,
447.85,4.567e+5,4.567e+5,,
447.9,3.023e+5,3.023e+5,,
447.95,1.951e+5,1.951e+5,,
448,1.228e+5,1.228e+5,,
448.05,7.539e+4,7.539e+4,,
448.1,4.514e+4,4.514e+4,,
448.15,2.636e+4,2.636e+4,,
448.2,1.501e+4,1.501e+4,,
448.25,8.340e+3,8.340e+3,,
448.3,4.518e+3,4.518e+3,,
448.35,2.387e+3,2.387e+3,,
448.4,1.230e+3,1.230e+3,,
448.45,6.183e+2,6.183e+2,,
448.5,3.030e+2,3.030e+2,,
448.55,1.449e+2,1.449e+2,,
448.6,6.754e+1,6.754e+1,,
448.65,3.071e+1,3.071e+1,,
448.7,1.362e+1,1.362e+1,,
448.75,5.891e+0,5.891e+0,,
448.8,2.485e+0,2.485e+0,,
448.85,1.022e+0,1.022e+0,,
448.9,4.102e-1,4.102e-1,,
448.95,1.605e-1,1.605e-1,,
449,6.127e-2,6.127e-2,,
449.05,2.281e-2,2.281e-2,,
449.1,8.280e-3,8.280e-3,,
449.15,2.932e-3,2.932e-3,,
449.2,1.012e-3,1.012e-3,,
449.25,3.409e-4,3.409e-4,,
449.3,1.120e-4,1.120e-4,,
449.35,3.588e-5,3.588e-5,,
449.4,1.121e-5,1.121e-5,,
449.45,3.415e-6,3.415e-6,,
449.5,1.015e-6,1.015e-6,,
449.55,2.942e-7,2.942e-7,,
449.6,8.316e-8,8.316e-8,,
449.65,2.293e-8,2.293e-8,,
449.7,6.165e-9,6.165e-9,,
449.75,1.617e-9,1.617e-9,,
456.9,1.042e-17,,,1.042e-17
456.95,3.839e-17,,,3.839e-17
457,1.381e-16,,,1.381e-16
457.05,4.851e-16,,,4.851e-16
457.1,1.664e-15,,,1.664e-15
457.15,5.576e-15,,,5.576e-15
457.2,1.825e-14,,,1.825e-14
457.25,5.831e-14,,,5.831e-14
457.3,1.820e-13,,,1.820e-13
457.35,5.547e-13,,,5.547e-13
457.4,1.651e-12,,,1.651e-12
457.45,4.800e-12,,,4.800e-12
457.5,1.363e-11,,,1.363e-11
457.55,3.778e-11,,,3.778e-11
457.6,1.023e-10,,,1.023e-10
457.65,2.706e-10,,,2.706e-10
457.7,6.988e-10,,,6.988e-10
457.75,5.929e-9,4.166e-9,,1.763e-9
457.8,1.940e-8,1.506e-8,,4.342e-9
457.85,6.361e-8,5.317e-8,,1.045e-8
457.9,2.079e-7,1.833e-7,,2.454e-8
457.95,6.738e-7,6.174e-7,,5.631e-8
458,2.157e-6,2.031e-6,,1.262e-7
458.05,6.801e-6,6.525e-6,,2.762e-7
458.1,2.107e-5,2.047e-5,,5.903e-7
458.15,6.398e-5,6.275e-5,,1.232e-6
458.2,1.903e-4,1.878e-4,,2.512e-6
458.25,5.542e-4,5.492e-4,,5.000e-6
458.3,1.578e-3,1.568e-3,,9.722e-6
458.35,4.392e-3,4.373e-3,,1.846e-5
458.4,1.195e-2,1.191e-2,,3.423e-5
458.45,3.176e-2,3.169e-2,,6.200e-5
458.5,8.246e-2,8.235e-2,,1.097e-4
458.55,2.092e-1,2.090e-1,,1.894e-4
458.6,5.184e-1,5.181e-1,,3.196e-4
458.65,1.255e+0,1.254e+0,,5.265e-4
458.7,2.967e+0,2.966e+0,,8.471e-4
458.75,6.851e+0,6.850e+0,,1.331e-3
458.8,1.545e+1,1.545e+1,,2.043e-3
458.85,3.404e+1,3.404e+1,,3.061e-3
458.9,7.325e+1,7.325e+1,,4.481e-3
458.95,1.539e+2,1.539e+2,,6.405e-3
459,3.160e+2,3.160e+2,,8.942e-3
459.05,6.335e+2,6.335e+2,,1.219e-2
459.1,1.240e+3,1.240e+3,,1.623e-2
459.15,2.372e+3,2.372e+3,,2.111e-2
459.2,4.431e+3,4.431e+3,,2.681e-2
459.25,8.085e+3,8.085e+3,,3.325e-2
459.3,1.441e+4,1.441e+4,,4.027e-2
459.35,2.507e+4,2.507e+4,,4.764e-2
459.4,4.262e+4,4.262e+4,,5.504e-2
459.45,7.075e+4,7.075e+4,,6.210e-2
459.5,1.147e+5,1.147e+5,,6.842e-2
459.55,1.817e+5,1.817e+5,,7.363e-2
459.6,2.810e+5,2.810e+5,,7.738e-2
459.65,4.246e+5,4.246e+5,,7.942e-2
459.7,6.265e+5,6.265e+5,,7.961e-2
459.75,9.029e+5,9.029e+5,,7.793e-2
459.8,1.271e+6,1.271e+6,,7.451e-2
459.85,1.747e+6,1.747e+6,,6.957e-2
459.9,2.346e+6,2.346e+6,,6.343e-2
459.95,3.077e+6,3.077e+6,,5.649e-2
460,3.941e+6,3.941e+6,,4.913e-2
460.05,4.931e+6,4.931e+6,,4.173e-2
460.1,6.025e+6,6.025e+6,,3.461e-2
460.15,7.190e+6,7.190e+6,,2.804e-2
460.2,8.381e+6,8.381e+6,,2.218e-2
460.25,9.542e+6,9.542e+6,,1.714e-2
460.3,1.061e+7,1.061e+7,,1.293e-2
460.35,1.152e+7,1.152e+7,,9.532e-3
460.4,1.222e+7,1.222e+7,,6.860e-3
460.45,1.266e+7,1.266e+7,,4.822e-3
460.5,1.281e+7,1.281e+7,,3.310e-3
460.55,1.266e+7,1.266e+7,,2.219e-3
460.6,1.222e+7,1.222e+7,,1.453e-3
460.65,1.152e+7,1.152e+7,,9.290e-4
460.7,1.061e+7,1.061e+7,,5.801e-4
460.75,9.542e+6,9.542e+6,,3.538e-4
460.8,8.381e+6,8.381e+6,,2.107e-4
460.85,7.190e+6,7.190e+6,,1.226e-4
460.9,6.025e+6,6.025e+6,,6.962e-5
460.95,4.931e+6,4.931e+6,,3.863e-5
461,3.941e+6,3.941e+6,,2.093e-5
461.05,3.077e+6,3.077e+6,,1.107e-5
461.1,2.346e+6,2.346e+6,,5.722e-6
461.15,1.747e+6,1.747e+6,,2.888e-6
461.2,1.271e+6,1.271e+6,,1.423e-6
461.25,9.029e+5,9.029e+5,,6.852e-7
461.3,6.265e+5,6.265e+5,,3.221e-7
461.35,4.246e+5,4.246e+5,,1.479e-7
461.4,2.810e+5,2.810e+5,,6.630e-8
461.45,1.817e+5,1.817e+5,,2.903e-8
461.5,1.147e+5,1.147e+5,,1.242e-8
461.55,7.075e+4,7.075e+4,,5.185e-9
461.6,4.262e+4,4.262e+4,,2.115e-9
461.65,2.507e+4,2.507e+4,,8.425e-10
461.7,1.441e+4,1.441e+4,,3.277e-10
461.75,8.085e+3,8.085e+3,,1.245e-10
461.8,4.431e+3,4.431e+3,,4.620e-11
461.85,2.372e+3,2.372e+3,,1.674e-11
461.9,1.240e+3,1.240e+3,,5.925e-12
461.95,6.335e+2,6.335e+2,,2.048e-12
462,3.160e+2,3.160e+2,,6.912e-13
462.05,1.539e+2,1.539e+2,,2.278e-13
462.1,7.325e+1,7.325e+1,,7.335e-14
462.15,3.404e+1,3.404e+1,,2.306e-14
462.2,1.545e+1,1.545e+1,,7.081e-15
462.25,6.850e+0,6.850e+0,,2.123e-15
462.3,2.966e+0,2.966e+0,,6.219e-16
462.35,1.254e+0,1.254e+0,,1.779e-16
462.4,5.181e-1,5.181e-1,,4.968e-17
462.45,2.090e-1,2.090e-1,,1.355e-17
462.5,8.245e-2,8.245e-2,,
462.55,3.197e-2,3.197e-2,,
462.6,1.272e-2,1.272e-2,,
462.65,6.663e-3,6.663e-3,,
462.7,7.890e-3,7.890e-3,,
462.75,1.761e-2,1.761e-2,,
462.8,4.516e-2,4.516e-2,,
462.85,1.159e-1,1.159e-1,,
462.9,2.917e-1,2.917e-1,,
462.95,7.174e-1,7.174e-1,,
463,1.724e+0,1.724e+0,,
463.05,4.049e+0,4.049e+0,,
463.1,9.292e+0,9.292e+0,,
463.15,2.084e+1,2.084e+1,,
463.2,4.565e+1,4.565e+1,,
463.25,9.774e+1,9.774e+1,,
463.3,2.045e+2,2.045e+2,,
463.35,4.179e+2,4.179e+2,,
463.4,8.347e+2,8.347e+2,,
463.45,1.629e+3,1.629e+3,,
463.5,3.107e+3,3.107e+3,,
463.55,5.789e+3,5.789e+3,,
463.6,1.054e+4,1.054e+4,,
463.65,1.875e+4,1.875e+4,,
463.7,3.260e+4,3.260e+4,,
463.75,5.538e+4,5.538e+4,,
463.8,9.192e+4,9.192e+4,,
463.85,1.491e+5,1.491e+5,,
463.9,2.363e+5,2.363e+5,,
463.95,3.658e+5,3.658e+5,,
464,5.536e+5,5.536e+5,,
464.05,8.184e+5,8.184e+5,,
464.1,1.182e+6,1.182e+6,,
464.15,1.669e+6,1.669e+6,,
464.2,2.302e+6,2.302e+6,,
464.25,3.103e+6,3.103e+6,,
464.3,4.087e+6,4.087e+6,,
464.35,5.259e+6,5.259e+6,,
464.4,6.612e+6,6.612e+6,,
464.45,8.124e+6,8.124e+6,,
464.5,9.754e+6,9.754e+6,,
464.55,1.144e+7,1.144e+7,,
464.6,1.312e+7,1.312e+7,,
464.65,1.469e+7,1.469e+7,,
464.7,1.608e+7,1.608e+7,,
464.75,1.719e+7,1.719e+7,,
464.8,1.797e+7,1.797e+7,,
464.85,1.834e+7,1.834e+7,,
464.9,1.830e+7,1.830e+7,,
464.95,1.784e+7,1.784e+7,,
465,1.700e+7,1.700e+7,,
465.05,1.582e+7,1.582e+7,,
465.1,1.439e+7,1.439e+7,,
465.15,1.279e+7,1.279e+7,,
465.2,1.110e+7,1.110e+7,,
465.25,9.421e+6,9.421e+6,,
465.3,7.811e+6,7.811e+6,,
465.35,6.328e+6,6.328e+6,,
465.4,5.009e+6,5.009e+6,,
465.45,3.875e+6,3.875e+6,,
465.5,2.929e+6,2.929e+6,,
465.55,2.163e+6,2.163e+6,,
465.6,1.561e+6,1.561e+6,,
465.65,1.101e+6,1.101e+6,,
465.7,7.583e+5,7.583e+5,,
465.75,5.105e+5,5.105e+5,,
465.8,3.358e+5,3.358e+5,,
465.85,2.159e+5,2.159e+5,,
465.9,1.356e+5,1.356e+5,,
465.95,8.321e+4,8.321e+4,,
466,4.990e+4,4.990e+4,,
466.05,2.924e+4,2.924e+4,,
466.1,1.674e+4,1.674e+4,,
466.15,9.367e+3,9.367e+3,,
466.2,5.121e+3,5.121e+3,,
466.25,2.736e+3,2.736e+3,,
466.3,1.428e+3,1.428e+3,,
466.35,7.282e+2,7.282e+2,,
466.4,3.629e+2,3.629e+2,,
466.45,1.767e+2,1.767e+2,,
466.5,8.409e+1,8.409e+1,,
466.55,3.910e+1,3.910e+1,,
466.6,1.776e+1,1.776e+1,,
466.65,7.885e+0,7.885e+0,,
466.7,3.420e+0,3.420e+0,,
466.75,1.450e+0,1.450e+0,,
466.8,6.003e-1,6.003e-1,,
466.85,2.429e-1,2.429e-1,,
466.9,9.606e-2,9.606e-2,,
466.95,3.712e-2,3.712e-2,,
467,1.401e-2,1.401e-2,,
467.05,5.169e-3,5.169e-3,,
467.1,1.863e-3,1.863e-3,,
467.15,6.563e-4,6.563e-4,,
467.2,2.259e-4,2.259e-4,,
467.25,7.596e-5,7.596e-5,,
467.3,2.496e-5,2.496e-5,,
467.35,8.017e-6,8.017e-6,,
467.4,2.522e-6,2.522e-6,,
467.45,7.972e-7,7.972e-7,,
467.5,3.191e-7,3.191e-7,,
467.55,3.569e-7,3.569e-7,,
467.6,9.468e-7,9.468e-7,,
467.65,2.912e-6,2.912e-6,,
467.7,8.906e-6,8.906e-6,,
467.75,2.668e-5,2.668e-5,,
467.8,7.812e-5,7.812e-5,,
467.85,2.236e-4,2.236e-4,,
467.9,6.259e-4,6.259e-4,,
467.95,1.713e-3,1.713e-3,,
468,4.581e-3,4.581e-3,,
468.05,1.198e-2,1.198e-2,,
468.1,3.063e-2,3.063e-2,,
468.15,7.657e-2,7.657e-2,,
468.2,1.871e-1,1.871e-1,,
468.25,4.470e-1,4.470e-1,,
468.3,1.044e+0,1.044e+0,,
468.35,2.384e+0,2.384e+0,,
468.4,5.321e+0,5.321e+0,,
468.45,1.161e+1,1.161e+1,,
468.5,2.478e+1,2.478e+1,,
468.55,5.168e+1,5.168e+1,,
468.6,1.054e+2,1.054e+2,,
468.65,2.101e+2,2.101e+2,,
468.7,4.094e+2,4.094e+2,,
468.75,7.801e+2,7.801e+2,,
468.8,1.453e+3,1.453e+3,,
468.85,2.646e+3,2.646e+3,,
468.9,4.711e+3,4.711e+3,,
468.95,8.200e+3,8.200e+3,,
469,1.395e+4,1.395e+4,,
469.05,2.321e+4,2.321e+4,,
469.1,3.775e+4,3.775e+4,,
469.15,6.002e+4,6.002e+4,,
469.2,9.329e+4,9.329e+4,,
469.25,1.418e+5,1.418e+5,,
469.3,2.106e+5,2.106e+5,,
469.35,3.059e+5,3.059e+5,,
469.4,4.344e+5,4.344e+5,,
469.45,6.030e+5,6.030e+5,,
469.5,8.183e+5,8.183e+5,,
469.55,1.086e+6,1.086e+6,,
469.6,1.408e+6,1.408e+6,,
469.65,1.786e+6,1.786e+6,,
469.7,2.214e+6,2.214e+6,,
469.75,2.683e+6,2.683e+6,,
469.8,3.180e+6,3.180e+6,,
469.85,3.684e+6,3.684e+6,,
469.9,4.172e+6,4.172e+6,,
469.95,4.620e+6,4.620e+6,,
470,5.003e+6,5.003e+6,,
470.05,5.297e+6,5.297e+6,,
470.1,5.486e+6,5.486e+6,,
470.15,5.560e+6,5.560e+6,,
470.2,5.518e+6,5.518e+6,,
470.25,5.370e+6,5.370e+6,,
470.3,5.136e+6,5.136e+6,,
470.35,4.845e+6,4.845e+6,,
470.4,4.539e+6,4.539e+6,,
470.45,4.267e+6,4.267e+6,,
470.5,4.084e+6,4.084e+6,,
470.55,4.054e+6,4.054e+6,,
470.6,4.245e+6,4.245e+6,,
470.65,4.730e+6,4.730e+6,,
470.7,5.582e+6,5.582e+6,,
470.75,6.872e+6,6.872e+6,,
470.8,8.665e+6,8.665e+6,,
470.85,1.101e+7,1.101e+7,,
470.9,1.393e+7,1.393e+7,,
470.95,1.744e+7,1.744e+7,,
471,2.147e+7,2.147e+7,,
471.05,2.595e+7,2.595e+7,,
471.1,3.073e+7,3.073e+7,,
471.15,3.565e+7,3.565e+7,,
471.2,4.047e+7,4.047e+7,,
471.25,4.496e+7,4.496e+7,,
471.3,4.887e+7,4.887e+7,,
471.35,5.197e+7,5.197e+7,,
471.4,5.407e+7,5.407e+7,,
471.45,5.503e+7,5.503e+7,,
471.5,5.480e+7,5.480e+7,,
471.55,5.339e+7,5.339e+7,,
471.6,5.089e+7,5.089e+7,,
471.65,4.746e+7,4.746e+7,,
471.7,4.331e+7,4.331e+7,,
471.75,3.866e+7,3.866e+7,,
471.8,3.378e+7,3.378e+7,,
471.85,2.887e+7,2.887e+7,,
471.9,2.415e+7,2.415e+7,,
471.95,1.977e+7,1.977e+7,,
472,1.583e+7,1.583e+7,,
472.05,1.241e+7,1.241e+7,,
472.1,9.527e+6,9.527e+6,,
472.15,7.160e+6,7.160e+6,,
472.2,5.274e+6,5.274e+6,,
472.25,3.814e+6,3.814e+6,,
472.3,2.719e+6,2.719e+6,,
472.35,1.925e+6,1.925e+6,,
472.4,1.376e+6,1.376e+6,,
472.45,1.021e+6,1.021e+6,,
472.5,8.188e+5,8.188e+5,,
472.55,7.382e+5,7.382e+5,,
472.6,7.549e+5,7.549e+5,,
472.65,8.511e+5,8.511e+5,,
472.7,1.013e+6,1.013e+6,,
472.75,1.231e+6,1.231e+6,,
472.8,1.493e+6,1.493e+6,,
472.85,1.789e+6,1.789e+6,,
472.9,2.107e+6,2.107e+6,,
472.95,2.431e+6,2.431e+6,,
473,2.747e+6,2.747e+6,,
473.05,3.036e+6,3.036e+6,,
473.1,3.282e+6,3.282e+6,,
473.15,3.470e+6,3.470e+6,,
473.2,3.588e+6,3.588e+6,,
473.25,3.628e+6,3.628e+6,,
473.3,3.588e+6,3.588e+6,,
473.35,3.470e+6,3.470e+6,,
473.4,3.281e+6,3.281e+6,,
473.45,3.035e+6,3.035e+6,,
473.5,2.745e+6,2.745e+6,,
473.55,2.428e+6,2.428e+6,,
473.6,2.100e+6,2.100e+6,,
473.65,1.776e+6,1.776e+6,,
473.7,1.469e+6,1.469e+6,,
473.75,1.188e+6,1.188e+6,,
473.8,9.399e+5,9.399e+5,,
473.85,7.271e+5,7.271e+5,,
473.9,5.501e+5,5.501e+5,,
473.95,4.070e+5,4.070e+5,,
474,2.945e+5,2.945e+5,,
474.05,2.084e+5,2.084e+5,,
474.1,1.444e+5,1.444e+5,,
474.15,9.802e+4,9.802e+4,,
474.2,6.552e+4,6.552e+4,,
474.25,4.364e+4,4.364e+4,,
474.3,2.989e+4,2.989e+4,,
474.35,2.260e+4,2.260e+4,,
474.4,2.088e+4,2.088e+4,,
474.45,2.473e+4,2.473e+4,,
474.5,3.513e+4,3.513e+4,,
474.55,5.410e+4,5.410e+4,,
474.6,8.499e+4,8.499e+4,,
474.65,1.326e+5,1.326e+5,,
474.7,2.035e+5,2.035e+5,,
474.75,3.059e+5,3.059e+5,,
474.8,4.502e+5,4.502e+5,,
474.85,6.483e+5,6.483e+5,,
474.9,9.131e+5,9.131e+5,,
474.95,1.258e+6,1.258e+6,,
475,1.695e+6,1.695e+6,,
475.05,2.235e+6,2.235e+6,,
475.1,2.881e+6,2.881e+6,,
475.15,3.634e+6,3.634e+6,,
475.2,4.483e+6,4.483e+6,,
475.25,5.409e+6,5.409e+6,,
475.3,6.384e+6,6.384e+6,,
475.35,7.371e+6,7.371e+6,,
475.4,8.323e+6,8.323e+6,,
475.45,9.193e+6,9.193e+6,,
475.5,9.933e+6,9.933e+6,,
475.55,1.050e+7,1.050e+7,,
475.6,1.085e+7,1.085e+7,,
475.65,1.097e+7,1.097e+7,,
475.7,1.085e+7,1.085e+7,,
475.75,1.050e+7,1.050e+7,,
475.8,9.933e+6,9.933e+6,,
475.85,9.193e+6,9.193e+6,,
475.9,8.323e+6,8.323e+6,,
475.95,7.371e+6,7.371e+6,,
476,6.384e+6,6.384e+6,,
476.05,5.409e+6,5.409e+6,,
476.1,4.483e+6,4.483e+6,,
476.15,3.634e+6,3.634e+6,,
476.2,2.881e+6,2.881e+6,,
476.25,2.235e+6,2.235e+6,,
476.3,1.695e+6,1.695e+6,,
476.35,1.258e+6,1.258e+6,,
476.4,9.131e+5,9.131e+5,,
476.45,6.482e+5,6.482e+5,,
476.5,4.502e+5,4.502e+5,,
476.55,3.058e+5,3.058e+5,,
476.6,2.032e+5,2.032e+5,,
476.65,1.320e+5,1.320e+5,,
476.7,8.393e+4,8.393e+4,,
476.75,5.219e+4,5.219e+4,,
476.8,3.175e+4,3.175e+4,,
476.85,1.890e+4,1.890e+4,,
476.9,1.101e+4,1.101e+4,,
476.95,6.311e+3,6.311e+3,,
477,3.600e+3,3.600e+3,,
477.05,2.137e+3,2.137e+3,,
477.1,1.489e+3,1.489e+3,,
477.15,1.458e+3,1.458e+3,,
477.2,2.043e+3,2.043e+3,,
477.25,3.439e+3,3.439e+3,,
477.3,6.088e+3,6.088e+3,,
477.35,1.077e+4,1.077e+4,,
477.4,1.875e+4,1.875e+4,,
477.45,3.198e+4,3.198e+4,,
477.5,5.341e+4,5.341e+4,,
477.55,8.727e+4,8.727e+4,,
477.6,1.395e+5,1.395e+5,,
477.65,2.182e+5,2.182e+5,,
477.7,3.340e+5,3.340e+5,,
477.75,5.001e+5,5.001e+5,,
477.8,7.327e+5,7.327e+5,,
477.85,1.050e+6,1.050e+6,,
477.9,1.473e+6,1.473e+6,,
477.95,2.021e+6,2.021e+6,,
478,2.714e+6,2.714e+6,,
478.05,3.565e+6,3.565e+6,,
478.1,4.582e+6,4.582e+6,,
478.15,5.762e+6,5.762e+6,,
478.2,7.090e+6,7.090e+6,,
478.25,8.535e+6,8.535e+6,,
478.3,1.005e+7,1.005e+7,,
478.35,1.158e+7,1.158e+7,,
478.4,1.306e+7,1.306e+7,,
478.45,1.441e+7,1.441e+7,,
478.5,1.555e+7,1.555e+7,,
478.56,1.656e+7,1.656e+7,,
478.61,1.704e+7,1.704e+7,,
478.66,1.715e+7,1.715e+7,,
478.71,1.689e+7,1.689e+7,,
478.76,1.628e+7,1.628e+7,,
478.81,1.534e+7,1.534e+7,,
478.86,1.415e+7,1.415e+7,,
478.91,1.277e+7,1.277e+7,,
478.96,1.128e+7,1.128e+7,,
479.01,9.746e+6,9.746e+6,,
479.06,8.238e+6,8.238e+6,,
479.11,6.814e+6,6.814e+6,,
479.16,5.514e+6,5.514e+6,,
479.21,4.365e+6,4.365e+6,,
479.26,3.382e+6,3.382e+6,,
479.31,2.563e+6,2.563e+6,,
479.36,1.901e+6,1.901e+6,,
479.41,1.379e+6,1.379e+6,,
479.46,9.790e+5,9.790e+5,,
479.51,6.800e+5,6.800e+5,,
479.56,4.621e+5,4.621e+5,,
479.61,3.073e+5,3.073e+5,,
479.66,1.999e+5,1.999e+5,,
479.71,1.272e+5,1.272e+5,,
479.76,7.924e+4,7.924e+4,,
479.81,4.828e+4,4.828e+4,,
479.86,2.879e+4,2.879e+4,,
479.91,1.679e+4,1.679e+4,,
479.96,9.583e+3,9.583e+3,,
480.01,5.351e+3,5.351e+3,,
480.06,2.923e+3,2.923e+3,,
480.11,1.563e+3,1.563e+3,,
480.16,8.173e+2,8.173e+2,,
480.21,4.182e+2,4.182e+2,,
480.26,2.094e+2,2.094e+2,,
480.31,1.026e+2,1.026e+2,,
480.36,4.916e+1,4.916e+1,,
480.41,2.305e+1,2.305e+1,,
480.46,1.058e+1,1.058e+1,,
480.51,4.749e+0,4.749e+0,,
480.56,2.086e+0,2.086e+0,,
480.61,8.980e-1,8.980e-1,,
480.66,3.815e-1,3.815e-1,,
480.71,1.671e-1,1.671e-1,,
480.76,9.307e-2,9.307e-2,,
480.81,1.006e-1,1.006e-1,,
480.86,1.941e-1,1.941e-1,,
480.91,4.422e-1,4.422e-1,,
480.96,1.021e+0,1.021e+0,,
481.01,2.323e+0,2.323e+0,,
481.06,5.178e+0,5.178e+0,,
481.11,1.130e+1,1.130e+1,,
481.16,2.413e+1,2.413e+1,,
481.21,5.047e+1,5.047e+1,,
481.26,1.033e+2,1.033e+2,,
481.31,2.071e+2,2.071e+2,,
481.36,4.065e+2,4.065e+2,,
481.41,7.810e+2,7.810e+2,,
481.46,1.469e+3,1.469e+3,,
481.51,2.706e+3,2.706e+3,,
481.56,4.881e+3,4.881e+3,,
481.61,8.619e+3,8.619e+3,,
481.66,1.491e+4,1.491e+4,,
481.71,2.524e+4,2.524e+4,,
481.76,4.186e+4,4.186e+4,,
481.81,6.799e+4,6.799e+4,,
481.86,1.082e+5,1.082e+5,,
481.91,1.685e+5,1.685e+5,,
481.96,2.572e+5,2.572e+5,,
482.01,3.844e+5,3.844e+5,,
482.06,5.630e+5,5.630e+5,,
482.11,8.077e+5,8.077e+5,,
482.16,1.135e+6,1.135e+6,,
482.21,1.564e+6,1.564e+6,,
482.26,2.110e+6,2.110e+6,,
482.31,2.791e+6,2.791e+6,,
482.36,3.617e+6,3.617e+6,,
482.41,4.595e+6,4.595e+6,,
482.46,5.722e+6,5.722e+6,,
482.51,6.985e+6,6.985e+6,,
482.56,8.360e+6,8.360e+6,,
482.61,9.811e+6,9.811e+6,,
482.66,1.129e+7,1.129e+7,,
482.71,1.274e+7,1.274e+7,,
482.76,1.411e+7,1.411e+7,,
482.81,1.532e+7,1.532e+7,,
482.86,1.633e+7,1.633e+7,,
482.91,1.708e+7,1.708e+7,,
482.96,1.755e+7,1.755e+7,,
483.01,1.771e+7,1.771e+7,,
483.06,1.757e+7,1.757e+7,,
483.11,1.715e+7,1.715e+7,,
483.16,1.650e+7,1.650e+7,,
483.21,1.566e+7,1.566e+7,,
483.26,1.469e+7,1.469e+7,,
483.31,1.367e+7,1.367e+7,,
483.36,1.265e+7,1.265e+7,,
483.41,1.169e+7,1.169e+7,,
483.46,1.082e+7,1.082e+7,,
483.51,1.008e+7,1.008e+7,,
483.56,9.456e+6,9.456e+6,,
483.61,8.956e+6,8.956e+6,,
483.66,8.556e+6,8.556e+6,,
483.71,8.228e+6,8.228e+6,,
483.76,7.938e+6,7.938e+6,,
483.81,7.654e+6,7.654e+6,,
483.86,7.347e+6,7.347e+6,,
483.91,6.995e+6,6.995e+6,,
483.96,6.585e+6,6.585e+6,,
484.01,6.116e+6,6.116e+6,,
484.06,5.591e+6,5.591e+6,,
484.11,5.026e+6,5.026e+6,,
484.16,4.437e+6,4.437e+6,,
484.21,3.846e+6,3.846e+6,,
484.26,3.274e+6,3.274e+6,,
484.31,2.741e+6,2.741e+6,,
484.36,2.264e+6,2.264e+6,,
484.41,1.856e+6,1.856e+6,,
484.46,1.530e+6,1.530e+6,,
484.51,1.296e+6,1.296e+6,,
484.56,1.162e+6,1.162e+6,,
484.61,1.139e+6,1.139e+6,,
484.66,1.239e+6,1.239e+6,,
484.71,1.477e+6,1.477e+6,,
484.76,1.868e+6,1.868e+6,,
484.81,2.433e+6,2.433e+6,,
484.86,3.187e+6,3.187e+6,,
484.91,4.148e+6,4.148e+6,,
484.96,5.324e+6,5.324e+6,,
485.01,6.714e+6,6.714e+6,,
485.06,8.303e+6,8.303e+6,,
485.11,1.006e+7,1.006e+7,,
485.16,1.194e+7,1.194e+7,,
485.21,1.388e+7,1.388e+7,,
485.26,1.580e+7,1.580e+7,,
485.31,1.760e+7,1.760e+7,,
485.36,1.920e+7,1.920e+7,,
485.41,2.050e+7,2.050e+7,,
485.46,2.144e+7,2.144e+7,,
485.51,2.194e+7,2.194e+7,,
485.56,2.199e+7,2.199e+7,,
485.61,2.157e+7,2.157e+7,,
485.66,2.072e+7,2.072e+7,,
485.71,1.949e+7,1.949e+7,,
485.76,1.794e+7,1.794e+7,,
485.81,1.617e+7,1.617e+7,,
485.86,1.427e+7,1.427e+7,,
485.91,1.232e+7,1.232e+7,,
485.96,1.042e+7,1.042e+7,,
486.01,8.630e+6,8.630e+6,,
486.06,6.996e+6,6.996e+6,,
486.11,5.552e+6,5.552e+6,,
486.16,4.314e+6,4.314e+6,,
486.21,3.281e+6,3.281e+6,,
486.26,2.443e+6,2.443e+6,,
486.31,1.781e+6,1.781e+6,,
486.36,1.271e+6,1.271e+6,,
486.41,8.884e+5,8.884e+5,,
486.46,6.078e+5,6.078e+5,,
486.51,4.071e+5,4.071e+5,,
486.56,2.669e+5,2.669e+5,,
486.61,1.713e+5,1.713e+5,,
486.66,1.077e+5,1.077e+5,,
486.71,6.625e+4,6.625e+4,,
486.76,3.991e+4,3.991e+4,,
486.81,2.353e+4,2.353e+4,,
486.86,1.359e+4,1.359e+4,,
486.91,7.680e+3,7.680e+3,,
486.96,4.250e+3,4.250e+3,,
487.01,2.302e+3,2.302e+3,,
487.06,1.221e+3,1.221e+3,,
487.11,6.341e+2,6.341e+2,,
487.16,3.224e+2,3.224e+2,,
487.21,1.604e+2,1.604e+2,,
487.26,7.817e+1,7.817e+1,,
487.31,3.729e+1,3.729e+1,,
487.36,1.742e+1,1.742e+1,,
487.41,7.962e+0,7.962e+0,,
487.46,3.564e+0,3.564e+0,,
487.51,1.562e+0,1.562e+0,,
487.56,6.701e-1,6.701e-1,,
487.61,2.815e-1,2.815e-1,,
487.66,1.157e-1,1.157e-1,,
487.71,4.659e-2,4.659e-2,,
487.76,1.837e-2,1.837e-2,,
487.81,7.091e-3,7.091e-3,,
487.86,2.691e-3,2.691e-3,,
487.91,1.030e-3,1.030e-3,,
487.96,4.720e-4,4.720e-4,,
488.01,4.421e-4,4.421e-4,,
488.06,9.004e-4,9.004e-4,,
488.11,2.294e-3,2.294e-3,,
488.16,5.948e-3,5.948e-3,,
488.21,1.518e-2,1.518e-2,,
488.26,3.796e-2,3.796e-2,,
488.31,9.298e-2,9.298e-2,,
488.36,2.231e-1,2.231e-1,,
488.41,5.242e-1,5.242e-1,,
488.46,1.206e+0,1.206e+0,,
488.51,2.719e+0,2.719e+0,,
488.56,6.004e+0,6.004e+0,,
488.61,1.298e+1,1.298e+1,,
488.66,2.750e+1,2.750e+1,,
488.71,5.704e+1,5.704e+1,,
488.76,1.159e+2,1.159e+2,,
488.81,2.306e+2,2.306e+2,,
488.86,4.494e+2,4.494e+2,,
488.91,8.578e+2,8.578e+2,,
488.96,1.604e+3,1.604e+3,,
489.01,2.936e+3,2.936e+3,,
489.06,5.266e+3,5.266e+3,,
489.11,9.250e+3,9.250e+3,,
489.16,1.591e+4,1.591e+4,,
489.21,2.681e+4,2.681e+4,,
489.26,4.425e+4,4.425e+4,,
489.31,7.153e+4,7.153e+4,,
489.36,1.132e+5,1.132e+5,,
489.41,1.756e+5,1.756e+5,,
489.46,2.666e+5,2.666e+5,,
489.51,3.966e+5,3.966e+5,,
489.56,5.778e+5,5.778e+5,,
489.61,8.244e+5,8.244e+5,,
489.66,1.152e+6,1.152e+6,,
489.71,1.577e+6,1.577e+6,,
489.76,2.114e+6,2.114e+6,,
489.81,2.776e+6,2.776e+6,,
489.86,3.569e+6,3.569e+6,,
489.91,4.496e+6,4.496e+6,,
489.96,5.546e+6,5.546e+6,,
490.01,6.701e+6,6.701e+6,,
490.06,7.930e+6,7.930e+6,,
490.11,9.191e+6,9.191e+6,,
490.16,1.043e+7,1.043e+7,,
490.21,1.160e+7,1.160e+7,,
490.26,1.263e+7,1.263e+7,,
490.31,1.347e+7,1.347e+7,,
490.36,1.408e+7,1.408e+7,,
490.41,1.440e+7,1.440e+7,,
490.46,1.443e+7,1.443e+7,,
490.51,1.417e+7,1.417e+7,,
490.56,1.362e+7,1.362e+7,,
490.61,1.284e+7,1.284e+7,,
490.66,1.185e+7,1.185e+7,,
490.71,1.072e+7,1.072e+7,,
490.76,9.518e+6,9.518e+6,,
490.81,8.297e+6,8.297e+6,,
490.86,7.117e+6,7.117e+6,,
490.91,6.030e+6,6.030e+6,,
490.96,5.075e+6,5.075e+6,,
491.01,4.283e+6,4.283e+6,,
491.06,3.675e+6,3.675e+6,,
491.11,3.263e+6,3.263e+6,,
491.16,3.049e+6,3.049e+6,,
491.21,3.030e+6,3.030e+6,,
491.26,3.196e+6,3.196e+6,,
491.31,3.531e+6,3.531e+6,,
491.36,4.013e+6,4.013e+6,,
491.41,4.616e+6,4.616e+6,,
491.46,5.307e+6,5.307e+6,,
491.51,6.048e+6,6.048e+6,,
491.56,6.799e+6,6.799e+6,,
491.61,7.516e+6,7.516e+6,,
491.66,8.158e+6,8.158e+6,,
491.71,8.684e+6,8.684e+6,,
491.76,9.061e+6,9.061e+6,,
491.81,9.264e+6,9.264e+6,,
491.86,9.281e+6,9.281e+6,,
491.91,9.108e+6,9.108e+6,,
491.96,8.757e+6,8.757e+6,,
492.01,8.247e+6,8.247e+6,,
492.06,7.609e+6,7.609e+6,,
492.11,6.876e+6,6.876e+6,,
492.16,6.088e+6,6.088e+6,,
492.21,5.280e+6,5.280e+6,,
492.26,4.488e+6,4.488e+6,,
492.31,3.739e+6,3.739e+6,,
492.36,3.056e+6,3.056e+6,,
492.41,2.455e+6,2.455e+6,,
492.46,1.944e+6,1.944e+6,,
492.51,1.528e+6,1.528e+6,,
492.56,1.207e+6,1.207e+6,,
492.61,9.792e+5,9.792e+5,,
492.66,8.434e+5,8.434e+5,,
492.71,7.983e+5,7.983e+5,,
492.76,8.448e+5,8.448e+5,,
492.81,9.862e+5,9.862e+5,,
492.86,1.228e+6,1.228e+6,,
492.91,1.577e+6,1.577e+6,,
492.96,2.042e+6,2.042e+6,,
493.01,2.629e+6,2.629e+6,,
493.06,3.342e+6,3.342e+6,,
493.11,4.180e+6,4.180e+6,,
493.16,5.134e+6,5.134e+6,,
493.21,6.189e+6,6.189e+6,,
493.26,7.319e+6,7.319e+6,,
493.31,8.488e+6,8.488e+6,,
493.36,9.654e+6,9.654e+6,,
493.41,1.077e+7,1.077e+7,,
493.46,1.178e+7,1.178e+7,,
493.51,1.263e+7,1.263e+7,,
493.56,1.329e+7,1.329e+7,,
493.61,1.370e+7,1.370e+7,,
493.66,1.386e+7,1.386e+7,,
493.71,1.375e+7,1.375e+7,,
493.76,1.337e+7,1.337e+7,,
493.81,1.275e+7,1.275e+7,,
493.86,1.192e+7,1.192e+7,,
493.91,1.093e+7,1.093e+7,,
493.96,9.831e+6,9.831e+6,,
494.01,8.667e+6,8.667e+6,,
494.06,7.493e+6,7.493e+6,,
494.11,6.351e+6,6.351e+6,,
494.16,5.279e+6,5.279e+6,,
494.21,4.302e+6,4.302e+6,,
494.26,3.437e+6,3.437e+6,,
494.31,2.692e+6,2.692e+6,,
494.36,2.068e+6,2.068e+6,,
494.41,1.557e+6,1.557e+6,,
494.46,1.149e+6,1.149e+6,,
494.51,8.316e+5,8.316e+5,,
494.56,5.900e+5,5.900e+5,,
494.61,4.103e+5,4.103e+5,,
494.66,2.797e+5,2.797e+5,,
494.71,1.869e+5,1.869e+5,,
494.76,1.225e+5,1.225e+5,,
494.81,7.864e+4,7.864e+4,,
494.86,4.949e+4,4.949e+4,,
494.91,3.054e+4,3.054e+4,,
494.96,1.846e+4,1.846e+4,,
495.01,1.094e+4,1.094e+4,,
495.06,6.358e+3,6.358e+3,,
495.11,3.620e+3,3.620e+3,,
495.16,2.020e+3,2.020e+3,,
495.21,1.105e+3,1.105e+3,,
495.26,5.921e+2,5.921e+2,,
495.31,3.110e+2,3.110e+2,,
495.36,1.601e+2,1.601e+2,,
495.41,8.076e+1,8.076e+1,,
495.46,3.993e+1,3.993e+1,,
495.51,1.934e+1,1.934e+1,,
495.56,9.185e+0,9.185e+0,,
495.61,4.274e+0,4.274e+0,,
495.66,1.951e+0,1.951e+0,,
495.71,8.773e-1,8.773e-1,,
495.76,3.985e-1,3.985e-1,,
495.81,2.065e-1,2.065e-1,,
495.86,1.726e-1,1.726e-1,,
495.91,2.740e-1,2.740e-1,,
495.96,5.810e-1,5.810e-1,,
496.01,1.298e+0,1.298e+0,,
496.06,2.882e+0,2.882e+0,,
496.11,6.286e+0,6.286e+0,,
496.16,1.344e+1,1.344e+1,,
496.21,2.816e+1,2.816e+1,,
496.26,5.784e+1,5.784e+1,,
496.31,1.164e+2,1.164e+2,,
496.36,2.297e+2,2.297e+2,,
496.41,4.440e+2,4.440e+2,,
496.46,8.413e+2,8.413e+2,,
496.51,1.562e+3,1.562e+3,,
496.56,2.843e+3,2.843e+3,,
496.61,5.070e+3,5.070e+3,,
496.66,8.862e+3,8.862e+3,,
496.71,1.518e+4,1.518e+4,,
496.76,2.549e+4,2.549e+4,,
496.81,4.193e+4,4.193e+4,,
496.86,6.762e+4,6.762e+4,,
496.91,1.069e+5,1.069e+5,,
496.96,1.655e+5,1.655e+5,,
497.01,2.512e+5,2.512e+5,,
497.06,3.737e+5,3.737e+5,,
497.11,5.448e+5,5.448e+5,,
497.16,7.784e+5,7.784e+5,,
497.21,1.090e+6,1.090e+6,,
497.26,1.496e+6,1.496e+6,,
497.31,2.012e+6,2.012e+6,,
497.36,2.652e+6,2.652e+6,,
497.41,3.425e+6,3.425e+6,,
497.46,4.336e+6,4.336e+6,,
497.51,5.380e+6,5.380e+6,,
497.56,6.542e+6,6.542e+6,,
497.61,7.797e+6,7.797e+6,,
497.66,9.106e+6,9.106e+6,,
497.71,1.042e+7,1.042e+7,,
497.76,1.169e+7,1.169e+7,,
497.81,1.285e+7,1.285e+7,,
497.86,1.385e+7,1.385e+7,,
497.91,1.462e+7,1.462e+7,,
497.96,1.513e+7,1.513e+7,,
498.01,1.535e+7,1.535e+7,,
498.06,1.526e+7,1.526e+7,,
498.11,1.486e+7,1.486e+7,,
498.16,1.419e+7,1.419e+7,,
498.21,1.328e+7,1.328e+7,,
498.26,1.217e+7,1.217e+7,,
498.31,1.094e+7,1.094e+7,,
498.36,9.635e+6,9.635e+6,,
498.41,8.316e+6,8.316e+6,,
498.46,7.035e+6,7.035e+6,,
498.51,5.833e+6,5.833e+6,,
498.56,4.740e+6,4.740e+6,,
498.61,3.776e+6,3.776e+6,,
498.66,2.949e+6,2.949e+6,,
498.71,2.259e+6,2.259e+6,,
498.76,1.699e+6,1.699e+6,,
498.81,1.258e+6,1.258e+6,,
498.86,9.221e+5,9.221e+5,,
498.91,6.763e+5,6.763e+5,,
498.96,5.075e+5,5.075e+5,,
499.01,4.044e+5,4.044e+5,,
499.06,3.587e+5,3.587e+5,,
499.11,3.649e+5,3.649e+5,,
499.16,4.208e+5,4.208e+5,,
499.21,5.268e+5,5.268e+5,,
499.26,6.853e+5,6.853e+5,,
499.31,8.998e+5,8.998e+5,,
499.36,1.174e+6,1.174e+6,,
499.41,1.512e+6,1.512e+6,,
499.46,1.914e+6,1.914e+6,,
499.51,2.378e+6,2.378e+6,,
499.56,2.897e+6,2.897e+6,,
499.61,3.461e+6,3.461e+6,,
499.66,4.052e+6,4.052e+6,,
499.71,4.652e+6,4.652e+6,,
499.76,5.234e+6,5.234e+6,,
499.81,5.773e+6,5.773e+6,,
499.86,6.241e+6,6.241e+6,,
499.91,6.614e+6,6.614e+6,,
499.96,6.870e+6,6.870e+6,,
500.01,6.995e+6,6.995e+6,,
500.06,6.981e+6,6.981e+6,,
500.11,6.829e+6,6.829e+6,,
500.16,6.549e+6,6.549e+6,,
500.21,6.156e+6,6.156e+6,,
500.26,5.672e+6,5.672e+6,,
500.31,5.124e+6,5.124e+6,,
500.36,4.539e+6,4.539e+6,,
500.41,3.945e+6,3.945e+6,,
500.46,3.365e+6,3.365e+6,,
500.51,2.823e+6,2.823e+6,,
500.56,2.335e+6,2.335e+6,,
500.61,1.915e+6,1.915e+6,,
500.66,1.574e+6,1.574e+6,,
500.71,1.320e+6,1.320e+6,,
500.76,1.158e+6,1.158e+6,,
500.81,1.096e+6,1.096e+6,,
500.86,1.141e+6,1.141e+6,,
500.91,1.300e+6,1.300e+6,,
500.96,1.586e+6,1.586e+6,,
501.01,2.008e+6,2.008e+6,,
501.06,2.578e+6,2.578e+6,,
501.11,3.305e+6,3.305e+6,,
501.16,4.195e+6,4.195e+6,,
501.21,5.244e+6,5.244e+6,,
501.26,6.444e+6,6.444e+6,,
501.31,7.772e+6,7.772e+6,,
501.36,9.195e+6,9.195e+6,,
501.41,1.067e+7,1.067e+7,,
501.46,1.214e+7,1.214e+7,,
501.51,1.354e+7,1.354e+7,,
501.56,1.480e+7,1.480e+7,,
501.61,1.587e+7,1.587e+7,,
501.66,1.667e+7,1.667e+7,,
501.71,1.718e+7,1.718e+7,,
501.76,1.735e+7,1.735e+7,,
501.81,1.718e+7,1.718e+7,,
501.86,1.667e+7,1.667e+7,,
501.91,1.587e+7,1.587e+7,,
501.96,1.480e+7,1.480e+7,,
502.01,1.354e+7,1.354e+7,,
502.06,1.214e+7,1.214e+7,,
502.11,1.068e+7,1.068e+7,,
502.16,9.210e+6,9.210e+6,,
502.21,7.796e+6,7.796e+6,,
502.26,6.485e+6,6.485e+6,,
502.31,5.312e+6,5.312e+6,,
502.36,4.304e+6,4.304e+6,,
502.41,3.479e+6,3.479e+6,,
502.46,2.847e+6,2.847e+6,,
502.51,2.418e+6,2.418e+6,,
502.56,2.199e+6,2.199e+6,,
502.61,2.198e+6,2.198e+6,,
502.66,2.430e+6,2.430e+6,,
502.71,2.912e+6,2.912e+6,,
502.76,3.666e+6,3.666e+6,,
502.81,4.715e+6,4.715e+6,,
502.86,6.081e+6,6.081e+6,,
502.91,7.781e+6,7.781e+6,,
502.96,9.820e+6,9.820e+6,,
503.01,1.219e+7,1.219e+7,,
503.06,1.485e+7,1.485e+7,,
503.11,1.776e+7,1.776e+7,,
503.16,2.083e+7,2.083e+7,,
503.21,2.395e+7,2.395e+7,,
503.26,2.701e+7,2.701e+7,,
503.31,2.987e+7,2.987e+7,,
503.36,3.238e+7,3.238e+7,,
503.41,3.442e+7,3.442e+7,,
503.46,3.588e+7,3.588e+7,,
503.51,3.667e+7,3.667e+7,,
503.56,3.674e+7,3.674e+7,,
503.61,3.610e+7,3.610e+7,,
503.66,3.478e+7,3.478e+7,,
503.71,3.286e+7,3.286e+7,,
503.76,3.045e+7,3.045e+7,,
503.81,2.767e+7,2.767e+7,,
503.86,2.468e+7,2.468e+7,,
503.91,2.161e+7,2.161e+7,,
503.96,1.859e+7,1.859e+7,,
504.01,1.573e+7,1.573e+7,,
504.06,1.313e+7,1.313e+7,,
504.11,1.085e+7,1.085e+7,,
504.16,8.930e+6,8.930e+6,,
504.21,7.383e+6,7.383e+6,,
504.26,6.203e+6,6.203e+6,,
504.31,5.369e+6,5.369e+6,,
504.36,4.847e+6,4.847e+6,,
504.41,4.594e+6,4.594e+6,,
504.46,4.563e+6,4.563e+6,,
504.51,4.702e+6,4.702e+6,,
504.56,4.961e+6,4.961e+6,,
504.61,5.290e+6,5.290e+6,,
504.66,5.642e+6,5.642e+6,,
504.71,5.975e+6,5.975e+6,,
504.76,6.253e+6,6.253e+6,,
504.81,6.446e+6,6.446e+6,,
504.86,6.534e+6,6.534e+6,,
504.91,6.506e+6,6.506e+6,,
504.96,6.358e+6,6.358e+6,,
505.01,6.096e+6,6.096e+6,,
505.06,5.734e+6,5.734e+6,,
505.11,5.289e+6,5.289e+6,,
505.16,4.785e+6,4.785e+6,,
505.21,4.245e+6,4.245e+6,,
505.26,3.693e+6,3.693e+6,,
505.31,3.150e+6,3.150e+6,,
505.36,2.635e+6,2.635e+6,,
505.41,2.162e+6,2.162e+6,,
505.46,1.739e+6,1.739e+6,,
505.51,1.371e+6,1.371e+6,,
505.56,1.061e+6,1.061e+6,,
505.61,8.043e+5,8.043e+5,,
505.66,5.981e+5,5.981e+5,,
505.71,4.361e+5,4.361e+5,,
505.76,3.119e+5,3.119e+5,,
505.81,2.187e+5,2.187e+5,,
505.86,1.503e+5,1.503e+5,,
505.91,1.014e+5,1.014e+5,,
505.96,6.701e+4,6.701e+4,,
506.01,4.344e+4,4.344e+4,,
506.06,2.762e+4,2.762e+4,,
506.11,1.723e+4,1.723e+4,,
506.16,1.055e+4,1.055e+4,,
506.21,6.379e+3,6.379e+3,,
506.26,3.858e+3,3.858e+3,,
506.31,2.442e+3,2.442e+3,,
506.36,1.808e+3,1.808e+3,,
506.41,1.825e+3,1.825e+3,,
506.46,2.543e+3,2.543e+3,,
506.51,4.227e+3,4.227e+3,,
506.56,7.422e+3,7.422e+3,,
506.61,1.309e+4,1.309e+4,,
506.66,2.280e+4,2.280e+4,,
506.71,3.903e+4,3.903e+4,,
506.76,6.560e+4,6.560e+4,,
506.81,1.082e+5,1.082e+5,,
506.86,1.751e+5,1.751e+5,,
506.91,2.779e+5,2.779e+5,,
506.96,4.329e+5,4.329e+5,,
507.01,6.615e+5,6.615e+5,,
507.06,9.919e+5,9.919e+5,,
507.11,1.459e+6,1.459e+6,,
507.16,2.107e+6,2.107e+6,,
507.21,2.985e+6,2.985e+6,,
507.26,4.150e+6,4.150e+6,,
507.31,5.662e+6,5.662e+6,,
507.36,7.582e+6,7.582e+6,,
507.41,9.965e+6,9.965e+6,,
507.46,1.285e+7,1.285e+7,,
507.51,1.628e+7,1.628e+7,,
507.56,2.024e+7,2.024e+7,,
507.61,2.470e+7,2.470e+7,,
507.66,2.961e+7,2.961e+7,,
507.71,3.485e+7,3.485e+7,,
507.76,4.029e+7,4.029e+7,,
507.81,4.575e+7,4.575e+7,,
507.86,5.104e+7,5.104e+7,,
507.91,5.595e+7,5.595e+7,,
507.96,6.027e+7,6.027e+7,,
508.01,6.381e+7,6.381e+7,,
508.06,6.642e+7,6.642e+7,,
508.11,6.798e+7,6.798e+7,,
508.16,6.842e+7,6.842e+7,,
508.21,6.774e+7,6.774e+7,,
508.26,6.598e+7,6.598e+7,,
508.31,6.324e+7,6.324e+7,,
508.36,5.965e+7,5.965e+7,,
508.41,5.538e+7,5.538e+7,,
508.46,5.062e+7,5.062e+7,,
508.51,4.555e+7,4.555e+7,,
508.56,4.036e+7,4.036e+7,,
508.61,3.522e+7,3.522e+7,,
508.66,3.027e+7,3.027e+7,,
508.71,2.562e+7,2.562e+7,,
508.76,2.137e+7,2.137e+7,,
508.81,1.756e+7,1.756e+7,,
508.86,1.424e+7,1.424e+7,,
508.91,1.140e+7,1.140e+7,,
508.96,9.035e+6,9.035e+6,,
509.01,7.127e+6,7.127e+6,,
509.06,5.642e+6,5.642e+6,,
509.11,4.547e+6,4.547e+6,,
509.16,3.804e+6,3.804e+6,,
509.21,3.381e+6,3.381e+6,,
509.26,3.247e+6,3.247e+6,,
509.31,3.375e+6,3.375e+6,,
509.36,3.738e+6,3.738e+6,,
509.42,4.449e+6,4.449e+6,,
509.47,5.241e+6,5.241e+6,,
509.52,6.181e+6,6.181e+6,,
509.57,7.234e+6,7.234e+6,,
509.62,8.358e+6,8.358e+6,,
509.67,9.505e+6,9.505e+6,,
509.72,1.062e+7,1.062e+7,,
509.77,1.166e+7,1.166e+7,,
509.82,1.256e+7,1.256e+7,,
509.87,1.327e+7,1.327e+7,,
509.92,1.377e+7,1.377e+7,,
509.97,1.401e+7,1.401e+7,,
510.02,1.398e+7,1.398e+7,,
510.07,1.369e+7,1.369e+7,,
510.12,1.315e+7,1.315e+7,,
510.17,1.239e+7,1.239e+7,,
510.22,1.146e+7,1.146e+7,,
510.27,1.040e+7,1.040e+7,,
510.32,9.266e+6,9.266e+6,,
510.37,8.112e+6,8.112e+6,,
510.42,6.986e+6,6.986e+6,,
510.47,5.931e+6,5.931e+6,,
510.52,4.983e+6,4.983e+6,,
510.57,4.169e+6,4.169e+6,,
510.62,3.511e+6,3.511e+6,,
510.67,3.020e+6,3.020e+6,,
510.72,2.705e+6,2.705e+6,,
510.77,2.568e+6,2.568e+6,,
510.82,2.609e+6,2.609e+6,,
510.87,2.823e+6,2.823e+6,,
510.92,3.203e+6,3.203e+6,,
510.97,3.737e+6,3.737e+6,,
511.02,4.409e+6,4.409e+6,,
511.07,5.199e+6,5.199e+6,,
511.12,6.078e+6,6.078e+6,,
511.17,7.015e+6,7.015e+6,,
511.22,7.969e+6,7.969e+6,,
511.27,8.900e+6,8.900e+6,,
511.32,9.760e+6,9.760e+6,,
511.37,1.051e+7,1.051e+7,,
511.42,1.110e+7,1.110e+7,,
511.47,1.151e+7,1.151e+7,,
511.52,1.171e+7,1.171e+7,,
511.57,1.169e+7,1.169e+7,,
511.62,1.144e+7,1.144e+7,,
511.67,1.099e+7,1.099e+7,,
511.72,1.036e+7,1.036e+7,,
511.77,9.579e+6,9.579e+6,,
511.82,8.689e+6,8.689e+6,,
511.87,7.733e+6,7.733e+6,,
511.92,6.752e+6,6.752e+6,,
511.97,5.784e+6,5.784e+6,,
512.02,4.861e+6,4.861e+6,,
512.07,4.008e+6,4.008e+6,,
512.12,3.242e+6,3.242e+6,,
512.17,2.573e+6,2.573e+6,,
512.22,2.003e+6,2.003e+6,,
512.27,1.530e+6,1.530e+6,,
512.32,1.146e+6,1.146e+6,,
512.37,8.428e+5,8.428e+5,,
512.42,6.079e+5,6.079e+5,,
512.47,4.302e+5,4.302e+5,,
512.52,2.986e+5,2.986e+5,,
512.57,2.034e+5,2.034e+5,,
512.62,1.359e+5,1.359e+5,,
512.67,8.909e+4,8.909e+4,,
512.72,5.730e+4,5.730e+4,,
512.77,3.615e+4,3.615e+4,,
512.82,2.238e+4,2.238e+4,,
512.87,1.359e+4,1.359e+4,,
512.92,8.098e+3,8.098e+3,,
512.97,4.734e+3,4.734e+3,,
513.02,2.715e+3,2.715e+3,,
513.07,1.527e+3,1.527e+3,,
513.12,8.431e+2,8.431e+2,,
513.17,4.565e+2,4.565e+2,,
513.22,2.426e+2,2.426e+2,,
513.27,1.264e+2,1.264e+2,,
513.32,6.470e+1,6.470e+1,,
513.37,3.255e+1,3.255e+1,,
513.42,1.623e+1,1.623e+1,,
513.47,8.310e+0,8.310e+0,,
513.52,4.970e+0,4.970e+0,,
513.57,4.533e+0,4.533e+0,,
513.62,6.758e+0,6.758e+0,,
513.67,1.274e+1,1.274e+1,,
513.72,2.534e+1,2.534e+1,,
513.77,5.029e+1,5.029e+1,,
513.82,9.833e+1,9.833e+1,,
513.87,1.888e+2,1.888e+2,,
513.92,3.559e+2,3.559e+2,,
513.97,6.583e+2,6.583e+2,,
514.02,1.195e+3,1.195e+3,,
514.07,2.129e+3,2.129e+3,,
514.12,3.722e+3,3.722e+3,,
514.17,6.386e+3,6.386e+3,,
514.22,1.075e+4,1.075e+4,,
514.27,1.777e+4,1.777e+4,,
514.32,2.881e+4,2.881e+4,,
514.37,4.585e+4,4.585e+4,,
514.42,7.161e+4,7.161e+4,,
514.47,1.097e+5,1.097e+5,,
514.52,1.651e+5,1.651e+5,,
514.57,2.436e+5,2.436e+5,,
514.62,3.529e+5,3.529e+5,,
514.67,5.017e+5,5.017e+5,,
514.72,6.999e+5,6.999e+5,,
514.77,9.582e+5,9.582e+5,,
514.82,1.287e+6,1.287e+6,,
514.87,1.697e+6,1.697e+6,,
514.92,2.196e+6,2.196e+6,,
514.97,2.789e+6,2.789e+6,,
515.02,3.476e+6,3.476e+6,,
515.07,4.251e+6,4.251e+6,,
515.12,5.101e+6,5.101e+6,,
515.17,6.008e+6,6.008e+6,,
515.22,6.945e+6,6.945e+6,,
515.27,7.878e+6,7.878e+6,,
515.32,8.769e+6,8.769e+6,,
515.37,9.580e+6,9.580e+6,,
515.42,1.027e+7,1.027e+7,,
515.47,1.081e+7,1.081e+7,,
515.52,1.116e+7,1.116e+7,,
515.57,1.130e+7,1.130e+7,,
515.62,1.124e+7,1.124e+7,,
515.67,1.097e+7,1.097e+7,,
515.72,1.050e+7,1.050e+7,,
515.77,9.872e+6,9.872e+6,,
515.82,9.105e+6,9.105e+6,,
515.87,8.241e+6,8.241e+6,,
515.92,7.320e+6,7.320e+6,,
515.97,6.381e+6,6.381e+6,,
516.02,5.459e+6,5.459e+6,,
516.07,4.583e+6,4.583e+6,,
516.12,3.776e+6,3.776e+6,,
516.17,3.054e+6,3.054e+6,,
516.22,2.424e+6,2.424e+6,,
516.27,1.890e+6,1.890e+6,,
516.32,1.447e+6,1.447e+6,,
516.37,1.091e+6,1.091e+6,,
516.42,8.116e+5,8.116e+5,,
516.47,5.999e+5,5.999e+5,,
516.52,4.465e+5,4.465e+5,,
516.57,3.428e+5,3.428e+5,,
516.62,2.820e+5,2.820e+5,,
516.67,2.590e+5,2.590e+5,,
516.72,2.708e+5,2.708e+5,,
516.77,3.162e+5,3.162e+5,,
516.82,3.956e+5,3.956e+5,,
516.87,5.107e+5,5.107e+5,,
516.92,6.638e+5,6.638e+5,,
516.97,8.575e+5,8.575e+5,,
517.02,1.094e+6,1.094e+6,,
517.07,1.373e+6,1.373e+6,,
517.12,1.693e+6,1.693e+6,,
517.17,2.051e+6,2.051e+6,,
517.22,2.439e+6,2.439e+6,,
517.27,2.847e+6,2.847e+6,,
517.32,3.262e+6,3.262e+6,,
517.37,3.669e+6,3.669e+6,,
517.42,4.050e+6,4.050e+6,,
517.47,4.389e+6,4.389e+6,,
517.52,4.667e+6,4.667e+6,,
517.57,4.872e+6,4.872e+6,,
517.62,4.992e+6,4.992e+6,,
517.67,5.020e+6,5.020e+6,,
517.72,4.955e+6,4.955e+6,,
517.77,4.800e+6,4.800e+6,,
517.82,4.564e+6,4.564e+6,,
517.87,4.260e+6,4.260e+6,,
517.92,3.902e+6,3.902e+6,,
517.97,3.508e+6,3.508e+6,,
518.02,3.096e+6,3.096e+6,,
518.07,2.682e+6,2.682e+6,,
518.12,2.280e+6,2.280e+6,,
518.17,1.902e+6,1.902e+6,,
518.22,1.558e+6,1.558e+6,,
518.27,1.253e+6,1.253e+6,,
518.32,9.883e+5,9.883e+5,,
518.37,7.653e+5,7.653e+5,,
518.42,5.817e+5,5.817e+5,,
518.47,4.340e+5,4.340e+5,,
518.52,3.178e+5,3.178e+5,,
518.57,2.284e+5,2.284e+5,,
518.62,1.611e+5,1.611e+5,,
518.67,1.116e+5,1.116e+5,,
518.72,7.583e+4,7.583e+4,,
518.77,5.058e+4,5.058e+4,,
518.82,3.312e+4,3.312e+4,,
518.87,2.128e+4,2.128e+4,,
518.92,1.342e+4,1.342e+4,,
518.97,8.309e+3,8.309e+3,,
519.02,5.049e+3,5.049e+3,,
519.07,3.011e+3,3.011e+3,,
519.12,1.763e+3,1.763e+3,,
519.17,1.013e+3,1.013e+3,,
519.22,5.711e+2,5.711e+2,,
519.27,3.161e+2,3.161e+2,,
519.32,1.717e+2,1.717e+2,,
519.37,9.157e+1,9.157e+1,,
519.42,4.793e+1,4.793e+1,,
519.47,2.462e+1,2.462e+1,,
519.52,1.241e+1,1.241e+1,,
519.57,6.143e+0,6.143e+0,,
519.62,2.984e+0,2.984e+0,,
519.67,1.423e+0,1.423e+0,,
519.72,6.657e-1,6.657e-1,,
519.77,3.057e-1,3.057e-1,,
519.82,1.378e-1,1.378e-1,,
519.87,6.098e-2,6.098e-2,,
519.92,2.648e-2,2.648e-2,,
519.97,1.129e-2,1.129e-2,,
520.02,4.723e-3,4.723e-3,,
520.07,1.939e-3,1.939e-3,,
520.12,7.817e-4,7.817e-4,,
520.17,3.092e-4,3.092e-4,,
520.22,1.201e-4,1.201e-4,,
520.27,4.576e-5,4.576e-5,,
520.32,1.712e-5,1.712e-5,,
520.37,6.285e-6,6.285e-6,,
520.42,2.265e-6,2.265e-6,,
520.47,8.011e-7,8.011e-7,,
520.52,2.781e-7,2.781e-7,,
520.57,9.476e-8,9.476e-8,,
520.62,3.169e-8,3.169e-8,,
520.67,1.040e-8,1.040e-8,,
520.72,3.352e-9,3.352e-9,,
520.77,1.060e-9,1.060e-9,,
533.92,1.161e-9,1.161e-9,,
533.97,3.501e-9,3.501e-9,,
534.02,1.038e-8,1.038e-8,,
534.07,3.023e-8,3.023e-8,,
534.12,8.656e-8,8.656e-8,,
534.17,2.436e-7,2.436e-7,,
534.22,6.737e-7,6.737e-7,,
534.27,1.831e-6,1.831e-6,,
534.32,4.892e-6,4.892e-6,,
534.37,1.284e-5,1.284e-5,,
534.42,3.315e-5,3.315e-5,,
534.47,8.406e-5,8.406e-5,,
534.52,2.095e-4,2.095e-4,,
534.57,5.133e-4,5.133e-4,,
534.62,1.236e-3,1.236e-3,,
534.67,2.924e-3,2.924e-3,,
534.72,6.801e-3,6.801e-3,,
534.77,1.554e-2,1.554e-2,,
534.82,3.492e-2,3.492e-2,,
534.87,7.709e-2,7.709e-2,,
534.92,1.673e-1,1.673e-1,,
534.97,3.567e-1,3.567e-1,,
535.02,7.477e-1,7.477e-1,,
535.07,1.540e+0,1.540e+0,,
535.12,3.118e+0,3.118e+0,,
535.17,6.204e+0,6.204e+0,,
535.22,1.213e+1,1.213e+1,,
535.27,2.332e+1,2.332e+1,,
535.32,4.405e+1,4.405e+1,,
535.37,8.178e+1,8.178e+1,,
535.42,1.492e+2,1.492e+2,,
535.47,2.676e+2,2.676e+2,,
535.52,4.716e+2,4.716e+2,,
535.57,8.169e+2,8.169e+2,,
535.62,1.391e+3,1.391e+3,,
535.67,2.327e+3,2.327e+3,,
535.72,3.826e+3,3.826e+3,,
535.77,6.184e+3,6.184e+3,,
535.82,9.822e+3,9.822e+3,,
535.87,1.533e+4,1.533e+4,,
535.92,2.353e+4,2.353e+4,,
535.97,3.547e+4,3.547e+4,,
536.02,5.257e+4,5.257e+4,,
536.07,7.657e+4,7.657e+4,,
536.12,1.096e+5,1.096e+5,,
536.17,1.542e+5,1.542e+5,,
536.22,2.133e+5,2.133e+5,,
536.27,2.898e+5,2.898e+5,,
536.32,3.871e+5,3.871e+5,,
536.37,5.081e+5,5.081e+5,,
536.42,6.556e+5,6.556e+5,,
536.47,8.312e+5,8.312e+5,,
536.52,1.036e+6,1.036e+6,,
536.57,1.269e+6,1.269e+6,,
536.62,1.527e+6,1.527e+6,,
536.67,1.807e+6,1.807e+6,,
536.72,2.101e+6,2.101e+6,,
536.77,2.401e+6,2.401e+6,,
536.82,2.696e+6,2.696e+6,,
536.87,2.976e+6,2.976e+6,,
536.92,3.229e+6,3.229e+6,,
536.97,3.443e+6,3.443e+6,,
537.02,3.608e+6,3.608e+6,,
537.07,3.715e+6,3.715e+6,,
537.12,3.761e+6,3.761e+6,,
537.17,3.741e+6,3.741e+6,,
537.22,3.658e+6,3.658e+6,,
537.27,3.515e+6,3.515e+6,,
537.32,3.320e+6,3.320e+6,,
537.37,3.081e+6,3.081e+6,,
537.42,2.811e+6,2.811e+6,,
537.47,2.520e+6,2.520e+6,,
537.52,2.221e+6,2.221e+6,,
537.57,1.923e+6,1.923e+6,,
537.62,1.637e+6,1.637e+6,,
537.67,1.369e+6,1.369e+6,,
537.72,1.126e+6,1.126e+6,,
537.77,9.096e+5,9.096e+5,,
537.82,7.224e+5,7.224e+5,,
537.87,5.638e+5,5.638e+5,,
537.92,4.325e+5,4.325e+5,,
537.97,3.261e+5,3.261e+5,,
538.02,2.416e+5,2.416e+5,,
538.07,1.759e+5,1.759e+5,,
538.12,1.259e+5,1.259e+5,,
538.17,8.857e+4,8.857e+4,,
538.22,6.123e+4,6.123e+4,,
538.27,4.161e+4,4.161e+4,,
538.32,2.778e+4,2.778e+4,,
538.37,1.823e+4,1.823e+4,,
538.42,1.176e+4,1.176e+4,,
538.47,7.456e+3,7.456e+3,,
538.52,4.646e+3,4.646e+3,,
538.57,2.845e+3,2.845e+3,,
538.62,1.712e+3,1.712e+3,,
538.67,1.013e+3,1.013e+3,,
538.72,5.887e+2,5.887e+2,,
538.77,3.364e+2,3.364e+2,,
538.82,1.889e+2,1.889e+2,,
538.87,1.042e+2,1.042e+2,,
538.92,5.654e+1,5.654e+1,,
538.97,3.014e+1,3.014e+1,,
539.02,1.579e+1,1.579e+1,,
539.07,8.130e+0,8.130e+0,,
539.12,4.115e+0,4.115e+0,,
539.17,2.046e+0,2.046e+0,,
539.22,1.000e+0,1.000e+0,,
539.27,4.806e-1,4.806e-1,,
539.32,2.269e-1,2.269e-1,,
539.37,1.053e-1,1.053e-1,,
539.42,4.803e-2,4.803e-2,,
539.47,2.153e-2,2.153e-2,,
539.52,9.485e-3,9.485e-3,,
539.57,4.107e-3,4.107e-3,,
539.62,1.748e-3,1.748e-3,,
539.67,7.310e-4,7.310e-4,,
539.72,3.005e-4,3.005e-4,,
539.77,1.214e-4,1.214e-4,,
539.82,4.819e-5,4.819e-5,,
539.87,1.881e-5,1.881e-5,,
539.92,7.213e-6,7.213e-6,,
539.97,2.719e-6,2.719e-6,,
540.02,1.007e-6,1.007e-6,,
540.07,3.667e-7,3.667e-7,,
540.12,1.312e-7,1.312e-7,,
540.17,4.615e-8,4.615e-8,,
540.22,1.595e-8,1.595e-8,,
540.27,5.418e-9,5.418e-9,,
540.33,1.450e-9,1.450e-9,,
540.38,4.740e-10,4.740e-10,,
544.38,1.766e-9,1.766e-9,,
544.43,5.279e-9,5.279e-9,,
544.48,1.552e-8,1.552e-8,,
544.53,4.488e-8,4.488e-8,,
544.58,1.276e-7,1.276e-7,,
544.63,3.569e-7,3.569e-7,,
544.68,9.818e-7,9.818e-7,,
544.73,2.656e-6,2.656e-6,,
544.78,7.065e-6,7.065e-6,,
544.83,1.849e-5,1.849e-5,,
544.88,4.756e-5,4.756e-5,,
544.93,1.204e-4,1.204e-4,,
544.98,2.996e-4,2.996e-4,,
545.03,7.332e-4,7.332e-4,,
545.08,1.765e-3,1.765e-3,,
545.13,4.178e-3,4.178e-3,,
545.18,9.727e-3,9.727e-3,,
545.23,2.227e-2,2.227e-2,,
545.28,5.016e-2,5.016e-2,,
545.33,1.111e-1,1.111e-1,,
545.38,2.419e-1,2.419e-1,,
545.43,5.182e-1,5.182e-1,,
545.48,1.092e+0,1.092e+0,,
545.53,2.262e+0,2.262e+0,,
545.58,4.609e+0,4.609e+0,,
545.63,9.235e+0,9.235e+0,,
545.68,1.820e+1,1.820e+1,,
545.73,3.527e+1,3.527e+1,,
545.78,6.724e+1,6.724e+1,,
545.83,1.260e+2,1.260e+2,,
545.88,2.324e+2,2.324e+2,,
545.93,4.213e+2,4.213e+2,,
545.98,7.513e+2,7.513e+2,,
546.03,1.318e+3,1.318e+3,,
546.08,2.273e+3,2.273e+3,,
546.13,3.855e+3,3.855e+3,,
546.18,6.430e+3,6.430e+3,,
546.23,1.055e+4,1.055e+4,,
546.28,1.702e+4,1.702e+4,,
546.33,2.701e+4,2.701e+4,,
546.38,4.215e+4,4.215e+4,,
546.43,6.469e+4,6.469e+4,,
546.48,9.764e+4,9.764e+4,,
546.53,1.449e+5,1.449e+5,,
546.58,2.116e+5,2.116e+5,,
546.63,3.038e+5,3.038e+5,,
546.68,4.290e+5,4.290e+5,,
546.73,5.958e+5,5.958e+5,,
546.78,8.137e+5,8.137e+5,,
546.83,1.093e+6,1.093e+6,,
546.88,1.444e+6,1.444e+6,,
546.93,1.876e+6,1.876e+6,,
546.98,2.396e+6,2.396e+6,,
547.03,3.011e+6,3.011e+6,,
547.08,3.721e+6,3.721e+6,,
547.13,4.522e+6,4.522e+6,,
547.18,5.405e+6,5.405e+6,,
547.23,6.354e+6,6.354e+6,,
547.28,7.345e+6,7.345e+6,,
547.33,8.351e+6,8.351e+6,,
547.38,9.338e+6,9.338e+6,,
547.43,1.027e+7,1.027e+7,,
547.48,1.111e+7,1.111e+7,,
547.53,1.181e+7,1.181e+7,,
547.58,1.236e+7,1.236e+7,,
547.63,1.271e+7,1.271e+7,,
547.68,1.286e+7,1.286e+7,,
547.73,1.280e+7,1.280e+7,,
547.78,1.252e+7,1.252e+7,,
547.83,1.205e+7,1.205e+7,,
547.88,1.141e+7,1.141e+7,,
547.93,1.062e+7,1.062e+7,,
547.98,9.719e+6,9.719e+6,,
548.03,8.750e+6,8.750e+6,,
548.08,7.748e+6,7.748e+6,,
548.13,6.747e+6,6.747e+6,,
548.18,5.778e+6,5.778e+6,,
548.23,4.866e+6,4.866e+6,,
548.28,4.031e+6,4.031e+6,,
548.33,3.284e+6,3.284e+6,,
548.38,2.631e+6,2.631e+6,,
548.43,2.073e+6,2.073e+6,,
548.48,1.606e+6,1.606e+6,,
548.53,1.224e+6,1.224e+6,,
548.58,9.174e+5,9.174e+5,,
548.63,6.762e+5,6.762e+5,,
548.68,4.902e+5,4.902e+5,,
548.73,3.495e+5,3.495e+5,,
548.78,2.450e+5,2.450e+5,,
548.83,1.690e+5,1.690e+5,,
548.88,1.146e+5,1.146e+5,,
548.93,7.642e+4,7.642e+4,,
548.98,5.013e+4,5.013e+4,,
549.03,3.234e+4,3.234e+4,,
549.08,2.051e+4,2.051e+4,,
549.13,1.280e+4,1.280e+4,,
549.18,7.854e+3,7.854e+3,,
549.23,4.740e+3,4.740e+3,,
549.28,2.813e+3,2.813e+3,,
549.33,1.642e+3,1.642e+3,,
549.38,9.425e+2,9.425e+2,,
549.43,5.321e+2,5.321e+2,,
549.48,2.954e+2,2.954e+2,,
549.53,1.613e+2,1.613e+2,,
549.58,8.663e+1,8.663e+1,,
549.63,4.575e+1,4.575e+1,,
549.68,2.376e+1,2.376e+1,,
549.73,1.214e+1,1.214e+1,,
549.78,6.098e+0,6.098e+0,,
549.83,3.013e+0,3.013e+0,,
549.88,1.464e+0,1.464e+0,,
549.93,6.996e-1,6.996e-1,,
549.98,3.288e-1,3.288e-1,,
550.03,1.520e-1,1.520e-1,,
550.08,6.907e-2,6.907e-2,,
550.13,3.088e-2,3.088e-2,,
550.18,1.358e-2,1.358e-2,,
550.23,5.870e-3,5.870e-3,,
550.28,2.496e-3,2.496e-3,,
550.33,1.044e-3,1.044e-3,,
550.38,4.294e-4,4.294e-4,,
550.43,1.737e-4,1.737e-4,,
550.48,6.909e-5,6.909e-5,,
550.53,2.703e-5,2.703e-5,,
550.58,1.040e-5,1.040e-5,,
550.63,3.936e-6,3.936e-6,,
550.68,1.465e-6,1.465e-6,,
550.73,5.361e-7,5.361e-7,,
550.78,1.930e-7,1.930e-7,,
550.83,6.831e-8,6.831e-8,,
550.88,2.378e-8,2.378e-8,,
550.93,8.143e-9,8.143e-9,,
550.98,2.742e-9,2.742e-9,,