Wavelength (nm),Sum,La I (6.8e-03),La II (8.3e-01)
319.65,2.836e-9,2.836e-9,
319.7,1.790e-8,1.790e-8,
319.75,1.076e-7,1.076e-7,
319.8,6.163e-7,6.163e-7,
319.85,3.364e-6,3.364e-6,
319.9,1.749e-5,1.749e-5,
319.95,8.667e-5,8.667e-5,
320,4.091e-4,4.091e-4,
320.05,1.840e-3,1.840e-3,
320.1,7.887e-3,7.887e-3,
320.15,3.221e-2,3.221e-2,
320.2,1.253e-1,1.253e-1,
320.25,4.646e-1,4.646e-1,
320.3,1.641e+0,1.641e+0,
320.35,5.523e+0,5.523e+0,
320.4,1.771e+1,1.771e+1,
320.45,5.410e+1,5.410e+1,
320.5,1.575e+2,1.575e+2,
320.55,4.369e+2,4.369e+2,
320.6,1.154e+3,1.154e+3,
320.65,2.907e+3,2.907e+3,
320.7,6.974e+3,6.974e+3,
320.75,1.594e+4,1.594e+4,
320.8,3.472e+4,3.472e+4,
320.85,7.206e+4,7.206e+4,
320.9,1.425e+5,1.425e+5,
320.95,2.684e+5,2.684e+5,
321,4.819e+5,4.819e+5,
321.05,8.241e+5,8.241e+5,
321.1,1.343e+6,1.343e+6,
321.15,2.085e+6,2.085e+6,
321.2,3.085e+6,3.085e+6,
321.25,4.348e+6,4.348e+6,
321.3,5.840e+6,5.840e+6,
321.35,7.473e+6,7.473e+6,
321.4,9.111e+6,9.111e+6,
321.45,1.058e+7,1.058e+7,
321.5,1.172e+7,1.172e+7,
321.55,1.236e+7,1.236e+7,
321.6,1.242e+7,1.242e+7,
321.65,1.189e+7,1.189e+7,
321.7,1.084e+7,1.084e+7,
321.75,9.425e+6,9.425e+6,
321.8,7.805e+6,7.805e+6,
321.85,6.159e+6,6.159e+6,
321.9,4.630e+6,4.630e+6,
321.95,3.317e+6,3.317e+6,
322,2.264e+6,2.264e+6,
322.05,1.472e+6,1.472e+6,
322.1,9.122e+5,9.122e+5,
322.15,5.385e+5,5.385e+5,
322.2,3.029e+5,3.029e+5,
322.25,1.624e+5,1.624e+5,
322.3,8.291e+4,8.291e+4,
322.35,4.034e+4,4.034e+4,
322.4,1.870e+4,1.870e+4,
322.45,8.260e+3,8.260e+3,
322.5,3.477e+3,3.477e+3,
322.55,1.394e+3,1.394e+3,
322.6,5.326e+2,5.326e+2,
322.65,1.939e+2,1.939e+2,
322.7,6.725e+1,6.725e+1,
322.75,2.223e+1,2.223e+1,
322.8,6.999e+0,6.999e+0,
322.85,2.100e+0,2.100e+0,
322.9,6.003e-1,6.003e-1,
322.95,1.635e-1,1.635e-1,
323,4.243e-2,4.243e-2,
323.05,1.049e-2,1.049e-2,
323.1,2.472e-3,2.472e-3,
323.15,5.548e-4,5.548e-4,
323.2,1.187e-4,1.187e-4,
323.25,2.418e-5,2.418e-5,
323.3,4.695e-6,4.695e-6,
323.35,8.687e-7,8.687e-7,
323.4,1.531e-7,1.531e-7,
323.45,2.572e-8,2.572e-8,
323.5,4.115e-9,4.115e-9,
332.21,5.439e-9,5.439e-9,
332.26,3.216e-8,3.216e-8,
332.31,1.818e-7,1.818e-7,
332.36,9.827e-7,9.827e-7,
332.41,5.080e-6,5.080e-6,
332.46,2.511e-5,2.511e-5,
332.51,1.187e-4,1.187e-4,
332.56,5.364e-4,5.364e-4,
332.61,2.318e-3,2.318e-3,
332.66,9.580e-3,9.580e-3,
332.71,3.786e-2,3.786e-2,
332.76,1.431e-1,1.431e-1,
332.81,5.169e-1,5.169e-1,
332.86,1.786e+0,1.786e+0,
332.91,5.901e+0,5.901e+0,
332.96,1.864e+1,1.864e+1,
333.01,5.632e+1,5.632e+1,
333.06,1.627e+2,1.627e+2,
333.11,4.494e+2,4.494e+2,
333.16,1.187e+3,1.187e+3,
333.21,2.998e+3,2.998e+3,
333.26,7.242e+3,7.242e+3,
333.31,1.672e+4,1.672e+4,
333.36,3.693e+4,3.693e+4,
333.41,7.799e+4,7.799e+4,
333.46,1.575e+5,1.575e+5,
333.51,3.041e+5,3.041e+5,
333.56,5.615e+5,5.615e+5,
333.61,9.913e+5,9.913e+5,
333.66,1.674e+6,1.674e+6,
333.71,2.702e+6,2.702e+6,
333.76,4.171e+6,4.171e+6,
333.81,6.157e+6,6.157e+6,
333.86,8.690e+6,8.690e+6,
333.91,1.173e+7,1.173e+7,
333.96,1.514e+7,1.514e+7,
334.01,1.868e+7,1.868e+7,
334.06,2.205e+7,2.205e+7,
334.11,2.488e+7,2.488e+7,
334.16,2.685e+7,2.685e+7,
334.21,2.770e+7,2.770e+7,
334.26,2.733e+7,2.733e+7,
334.31,2.579e+7,2.579e+7,
334.36,2.326e+7,2.326e+7,
334.41,2.007e+7,2.007e+7,
334.46,1.656e+7,1.656e+7,
334.51,1.306e+7,1.306e+7,
334.56,9.850e+6,9.850e+6,
334.61,7.105e+6,7.105e+6,
334.66,4.900e+6,4.900e+6,
334.71,3.232e+6,3.232e+6,
334.76,2.038e+6,2.038e+6,
334.81,1.229e+6,1.229e+6,
334.86,7.086e+5,7.086e+5,
334.91,3.907e+5,3.907e+5,
334.96,2.060e+5,2.060e+5,
335.01,1.039e+5,1.039e+5,
335.06,5.007e+4,5.007e+4,
335.11,2.308e+4,2.308e+4,
335.16,1.018e+4,1.018e+4,
335.21,4.289e+3,4.289e+3,
335.26,1.729e+3,1.729e+3,
335.31,6.664e+2,6.664e+2,
335.36,2.456e+2,2.456e+2,
335.41,8.655e+1,8.655e+1,
335.46,2.917e+1,2.917e+1,
335.51,9.399e+0,9.399e+0,
335.56,2.896e+0,2.896e+0,
335.61,8.534e-1,8.534e-1,
335.66,2.404e-1,2.404e-1,
335.71,6.478e-2,6.478e-2,
335.76,1.669e-2,1.669e-2,
335.81,4.111e-3,4.111e-3,
335.86,9.685e-4,9.685e-4,
335.91,2.181e-4,2.181e-4,
335.96,4.699e-5,4.699e-5,
336.01,9.678e-6,9.678e-6,
336.06,1.906e-6,1.906e-6,
336.11,3.590e-7,3.590e-7,
336.16,6.464e-8,6.464e-8,
336.21,1.113e-8,1.113e-8,
336.81,5.782e-10,5.782e-10,
336.86,3.372e-9,3.372e-9,
336.91,1.883e-8,1.883e-8,
336.96,1.007e-7,1.007e-7,
337.01,5.154e-7,5.154e-7,
337.06,2.526e-6,2.526e-6,
337.11,1.185e-5,1.185e-5,
337.16,5.323e-5,5.323e-5,
337.21,2.289e-4,2.289e-4,
337.26,9.425e-4,9.425e-4,
337.31,3.715e-3,3.715e-3,
337.36,1.402e-2,1.402e-2,
337.41,5.066e-2,5.066e-2,
337.46,1.752e-1,1.752e-1,
337.51,5.803e-1,5.803e-1,
337.56,1.840e+0,1.840e+0,
337.61,5.585e+0,5.585e+0,
337.66,1.623e+1,1.623e+1,
337.71,4.516e+1,4.516e+1,
337.76,1.203e+2,1.203e+2,
337.81,3.068e+2,3.068e+2,
337.86,7.490e+2,7.490e+2,
337.91,1.751e+3,1.751e+3,
337.96,3.918e+3,3.918e+3,
338.01,8.395e+3,8.395e+3,
338.06,1.722e+4,1.722e+4,
338.11,3.382e+4,3.382e+4,
338.16,6.359e+4,6.359e+4,
338.21,1.145e+5,1.145e+5,
338.26,1.973e+5,1.973e+5,
338.31,3.255e+5,3.255e+5,
338.36,5.142e+5,5.142e+5,
338.41,7.776e+5,7.776e+5,
338.46,1.126e+6,1.126e+6,
338.51,1.561e+6,1.561e+6,
338.56,2.071e+6,2.071e+6,
338.61,2.632e+6,2.632e+6,
338.66,3.202e+6,3.202e+6,
338.71,3.729e+6,3.729e+6,
338.76,4.158e+6,4.158e+6,
338.81,4.438e+6,4.438e+6,
338.86,4.536e+6,4.536e+6,
338.91,4.438e+6,4.438e+6,
338.96,4.158e+6,4.158e+6,
339.01,3.729e+6,3.729e+6,
339.06,3.202e+6,3.202e+6,
339.11,2.632e+6,2.632e+6,
339.16,2.071e+6,2.071e+6,
339.21,1.561e+6,1.561e+6,
339.26,1.126e+6,1.126e+6,
339.31,7.777e+5,7.777e+5,
339.36,5.143e+5,5.143e+5,
339.41,3.258e+5,3.258e+5,
339.46,1.981e+5,1.981e+5,
339.51,1.163e+5,1.163e+5,
339.56,6.758e+4,6.758e+4,
339.61,4.224e+4,4.224e+4,
339.66,3.423e+4,3.423e+4,
339.71,4.130e+4,4.130e+4,
339.76,6.489e+4,6.489e+4,
339.81,1.100e+5,1.100e+5,
339.86,1.847e+5,1.847e+5,
339.91,2.998e+5,2.998e+5,
339.96,4.672e+5,4.672e+5,
340.01,6.977e+5,6.977e+5,
340.06,9.980e+5,9.980e+5,
340.11,1.367e+6,1.367e+6,
340.16,1.794e+6,1.794e+6,
340.21,2.255e+6,2.255e+6,
340.26,2.715e+6,2.715e+6,
340.31,3.130e+6,3.130e+6,
340.36,3.457e+6,3.457e+6,
340.41,3.656e+6,3.656e+6,
340.46,3.704e+6,3.704e+6,
340.51,3.594e+6,3.594e+6,
340.56,3.340e+6,3.340e+6,
340.61,2.972e+6,2.972e+6,
340.66,2.534e+6,2.534e+6,
340.71,2.069e+6,2.069e+6,
340.76,1.618e+6,1.618e+6,
340.81,1.212e+6,1.212e+6,
340.86,8.693e+5,8.693e+5,
340.91,5.973e+5,5.973e+5,
340.96,3.931e+5,3.931e+5,
341.01,2.477e+5,2.477e+5,
341.06,1.496e+5,1.496e+5,
341.11,8.647e+4,8.647e+4,
341.16,4.789e+4,4.789e+4,
341.21,2.540e+4,2.540e+4,
341.26,1.290e+4,1.290e+4,
341.31,6.278e+3,6.278e+3,
341.36,2.926e+3,2.926e+3,
341.41,1.306e+3,1.306e+3,
341.46,5.582e+2,5.582e+2,
341.51,2.286e+2,2.286e+2,
341.56,8.963e+1,8.963e+1,
341.61,3.367e+1,3.367e+1,
341.66,1.211e+1,1.211e+1,
341.71,4.173e+0,4.173e+0,
341.76,1.377e+0,1.377e+0,
341.81,4.353e-1,4.353e-1,
341.86,1.318e-1,1.318e-1,
341.91,3.820e-2,3.820e-2,
341.96,1.061e-2,1.061e-2,
342.01,2.822e-3,2.822e-3,
342.06,7.189e-4,7.189e-4,
342.11,1.754e-4,1.754e-4,
342.16,4.099e-5,4.099e-5,
342.21,9.175e-6,9.175e-6,
342.26,1.967e-6,1.967e-6,
342.31,4.039e-7,4.039e-7,
342.36,7.942e-8,7.942e-8,
342.41,1.496e-8,1.496e-8,
342.46,2.699e-9,2.699e-9,
342.51,4.663e-10,4.663e-10,
344.06,2.201e-9,2.201e-9,
344.11,1.203e-8,1.203e-8,
344.16,6.310e-8,6.310e-8,
344.21,3.173e-7,3.173e-7,
344.26,1.531e-6,1.531e-6,
344.31,7.081e-6,7.081e-6,
344.36,3.142e-5,3.142e-5,
344.41,1.337e-4,1.337e-4,
344.46,5.458e-4,5.458e-4,
344.51,2.137e-3,2.137e-3,
344.56,8.023e-3,8.023e-3,
344.61,2.890e-2,2.890e-2,
344.66,9.981e-2,9.981e-2,
344.71,3.307e-1,3.307e-1,
344.76,1.051e+0,1.051e+0,
344.81,3.202e+0,3.202e+0,
344.86,9.360e+0,9.360e+0,
344.91,2.624e+1,2.624e+1,
344.96,7.057e+1,7.057e+1,
345.01,1.820e+2,1.820e+2,
345.06,4.502e+2,4.502e+2,
345.11,1.068e+3,1.068e+3,
345.16,2.430e+3,2.430e+3,
345.21,5.305e+3,5.305e+3,
345.26,1.110e+4,1.110e+4,
345.31,2.229e+4,2.229e+4,
345.36,4.293e+4,4.293e+4,
345.41,7.929e+4,7.929e+4,
345.46,1.405e+5,1.405e+5,
345.51,2.386e+5,2.386e+5,
345.56,3.889e+5,3.889e+5,
345.61,6.078e+5,6.078e+5,
345.66,9.112e+5,9.112e+5,
345.71,1.310e+6,1.310e+6,
345.76,1.807e+6,1.807e+6,
345.81,2.390e+6,2.390e+6,
345.86,3.031e+6,3.031e+6,
345.91,3.688e+6,3.688e+6,
345.96,4.304e+6,4.304e+6,
346.01,4.818e+6,4.818e+6,
346.06,5.172e+6,5.172e+6,
346.11,5.325e+6,5.325e+6,
346.16,5.259e+6,5.259e+6,
346.21,4.981e+6,4.981e+6,
346.26,4.525e+6,4.525e+6,
346.31,3.943e+6,3.943e+6,
346.36,3.295e+6,3.295e+6,
346.41,2.641e+6,2.641e+6,
346.46,2.031e+6,2.031e+6,
346.51,1.497e+6,1.497e+6,
346.56,1.059e+6,1.059e+6,
346.61,7.183e+5,7.183e+5,
346.66,4.673e+5,4.673e+5,
346.71,2.916e+5,2.916e+5,
346.76,1.745e+5,1.745e+5,
346.81,1.002e+5,1.002e+5,
346.86,5.515e+4,5.515e+4,
346.91,2.912e+4,2.912e+4,
346.96,1.475e+4,1.475e+4,
347.01,7.164e+3,7.164e+3,
347.06,3.338e+3,3.338e+3,
347.11,1.491e+3,1.491e+3,
347.16,6.392e+2,6.392e+2,
347.21,2.628e+2,2.628e+2,
347.26,1.036e+2,1.036e+2,
347.31,3.918e+1,3.918e+1,
347.36,1.421e+1,1.421e+1,
347.41,4.943e+0,4.943e+0,
347.46,1.649e+0,1.649e+0,
347.51,5.277e-1,5.277e-1,
347.56,1.620e-1,1.620e-1,
347.61,4.768e-2,4.768e-2,
347.66,1.346e-2,1.346e-2,
347.71,3.646e-3,3.646e-3,
347.76,9.469e-4,9.469e-4,
347.81,2.359e-4,2.359e-4,
347.86,5.636e-5,5.636e-5,
347.91,1.292e-5,1.292e-5,
347.96,2.839e-6,2.839e-6,
348.01,5.985e-7,5.985e-7,
348.06,1.210e-7,1.210e-7,
348.11,2.347e-8,2.347e-8,
348.16,4.365e-9,4.365e-9,
348.21,7.787e-10,7.787e-10,
349.31,2.260e-9,2.260e-9,
349.36,1.213e-8,1.213e-8,
349.41,6.251e-8,6.251e-8,
349.46,3.094e-7,3.094e-7,
349.51,1.471e-6,1.471e-6,
349.56,6.715e-6,6.715e-6,
349.61,2.943e-5,2.943e-5,
349.66,1.239e-4,1.239e-4,
349.71,5.010e-4,5.010e-4,
349.76,1.945e-3,1.945e-3,
349.81,7.251e-3,7.251e-3,
349.86,2.596e-2,2.596e-2,
349.91,8.926e-2,8.926e-2,
349.96,2.947e-1,2.947e-1,
350.01,9.345e-1,9.345e-1,
350.06,2.845e+0,2.845e+0,
350.11,8.320e+0,8.320e+0,
350.16,2.336e+1,2.336e+1,
350.21,6.301e+1,6.301e+1,
350.26,1.632e+2,1.632e+2,
350.31,4.058e+2,4.058e+2,
350.36,9.691e+2,9.691e+2,
350.41,2.223e+3,2.223e+3,
350.46,4.895e+3,4.895e+3,
350.51,1.035e+4,1.035e+4,
350.56,2.103e+4,2.103e+4,
350.61,4.102e+4,4.102e+4,
350.66,7.683e+4,7.683e+4,
350.71,1.382e+5,1.382e+5,
350.76,2.387e+5,2.387e+5,
350.81,3.960e+5,3.960e+5,
350.86,6.308e+5,6.308e+5,
350.91,9.651e+5,9.651e+5,
350.96,1.418e+6,1.418e+6,
351.01,2.000e+6,2.000e+6,
351.06,2.710e+6,2.710e+6,
351.11,3.526e+6,3.526e+6,
351.16,4.405e+6,4.405e+6,
351.21,5.286e+6,5.286e+6,
351.26,6.091e+6,6.091e+6,
351.31,6.740e+6,6.740e+6,
351.36,7.162e+6,7.162e+6,
351.41,7.308e+6,7.308e+6,
351.46,7.162e+6,7.162e+6,
351.51,6.740e+6,6.740e+6,
351.56,6.091e+6,6.091e+6,
351.61,5.286e+6,5.286e+6,
351.66,4.405e+6,4.405e+6,
351.71,3.526e+6,3.526e+6,
351.76,2.710e+6,2.710e+6,
351.81,2.000e+6,2.000e+6,
351.86,1.418e+6,1.418e+6,
351.91,9.651e+5,9.651e+5,
351.96,6.308e+5,6.308e+5,
352.01,3.960e+5,3.960e+5,
352.06,2.387e+5,2.387e+5,
352.11,1.382e+5,1.382e+5,
352.16,7.683e+4,7.683e+4,
352.21,4.102e+4,4.102e+4,
352.26,2.103e+4,2.103e+4,
352.31,1.035e+4,1.035e+4,
352.36,4.895e+3,4.895e+3,
352.41,2.223e+3,2.223e+3,
352.46,9.691e+2,9.691e+2,
352.51,4.058e+2,4.058e+2,
352.56,1.632e+2,1.632e+2,
352.61,6.301e+1,6.301e+1,
352.66,2.336e+1,2.336e+1,
352.71,8.320e+0,8.320e+0,
352.76,2.845e+0,2.845e+0,
352.81,9.345e-1,9.345e-1,
352.86,2.947e-1,2.947e-1,
352.91,8.926e-2,8.926e-2,
352.96,2.596e-2,2.596e-2,
353.01,7.251e-3,7.251e-3,
353.06,1.945e-3,1.945e-3,
353.11,5.010e-4,5.010e-4,
353.16,1.239e-4,1.239e-4,
353.21,2.943e-5,2.943e-5,
353.26,6.715e-6,6.715e-6,
353.31,1.471e-6,1.471e-6,
353.36,3.094e-7,3.094e-7,
353.41,6.251e-8,6.251e-8,
353.46,1.213e-8,1.213e-8,
353.51,2.260e-9,2.260e-9,
355.27,3.047e-9,3.047e-9,
355.32,1.633e-8,1.633e-8,
355.37,8.416e-8,8.416e-8,
355.42,4.171e-7,4.171e-7,
355.47,1.988e-6,1.988e-6,
355.52,9.110e-6,9.110e-6,
355.57,4.015e-5,4.015e-5,
355.62,1.701e-4,1.701e-4,
355.67,6.933e-4,6.933e-4,
355.72,2.717e-3,2.717e-3,
355.77,1.024e-2,1.024e-2,
355.82,3.710e-2,3.710e-2,
355.87,1.293e-1,1.293e-1,
355.92,4.333e-1,4.333e-1,
355.97,1.396e+0,1.396e+0,
356.02,4.326e+0,4.326e+0,
356.07,1.289e+1,1.289e+1,
356.12,3.694e+1,3.694e+1,
356.17,1.018e+2,1.018e+2,
356.22,2.697e+2,2.697e+2,
356.27,6.872e+2,6.872e+2,
356.32,1.684e+3,1.684e+3,
356.37,3.967e+3,3.967e+3,
356.42,8.989e+3,8.989e+3,
356.47,1.958e+4,1.958e+4,
356.52,4.103e+4,4.103e+4,
356.57,8.267e+4,8.267e+4,
356.62,1.602e+5,1.602e+5,
356.67,2.984e+5,2.984e+5,
356.72,5.346e+5,5.346e+5,
356.77,9.211e+5,9.211e+5,
356.82,1.526e+6,1.526e+6,
356.87,2.431e+6,2.431e+6,
356.92,3.724e+6,3.724e+6,
356.97,5.487e+6,5.487e+6,
357.02,7.773e+6,7.773e+6,
357.07,1.059e+7,1.059e+7,
357.12,1.387e+7,1.387e+7,
357.17,1.747e+7,1.747e+7,
357.22,2.117e+7,2.117e+7,
357.27,2.466e+7,2.466e+7,
357.32,2.762e+7,2.762e+7,
357.37,2.975e+7,2.975e+7,
357.42,3.082e+7,3.082e+7,
357.47,3.070e+7,3.070e+7,
357.52,2.941e+7,2.941e+7,
357.57,2.709e+7,2.709e+7,
357.62,2.399e+7,2.399e+7,
357.67,2.043e+7,2.043e+7,
357.72,1.674e+7,1.674e+7,
357.77,1.318e+7,1.318e+7,
357.82,9.985e+6,9.985e+6,
357.87,7.272e+6,7.272e+6,
357.92,5.093e+6,5.093e+6,
357.97,3.431e+6,3.431e+6,
358.02,2.222e+6,2.222e+6,
358.07,1.384e+6,1.384e+6,
358.12,8.287e+5,8.287e+5,
358.17,4.773e+5,4.773e+5,
358.22,2.643e+5,2.643e+5,
358.27,1.408e+5,1.408e+5,
358.32,7.209e+4,7.209e+4,
358.37,3.550e+4,3.550e+4,
358.42,1.681e+4,1.681e+4,
358.47,7.656e+3,7.656e+3,
358.52,3.353e+3,3.353e+3,
358.57,1.412e+3,1.412e+3,
358.62,5.717e+2,5.717e+2,
358.67,2.226e+2,2.226e+2,
358.72,8.337e+1,8.337e+1,
358.77,3.002e+1,3.002e+1,
358.82,1.039e+1,1.039e+1,
358.87,3.461e+0,3.461e+0,
358.92,1.108e+0,1.108e+0,
358.97,3.413e-1,3.413e-1,
359.02,1.010e-1,1.010e-1,
359.07,2.877e-2,2.877e-2,
359.12,7.877e-3,7.877e-3,
359.17,2.074e-3,2.074e-3,
359.22,5.252e-4,5.252e-4,
359.27,1.280e-4,1.280e-4,
359.32,3.046e-5,3.046e-5,
359.37,9.086e-6,9.086e-6,
359.42,1.163e-5,1.163e-5,
359.47,4.276e-5,4.276e-5,
359.52,1.706e-4,1.706e-4,
359.57,6.590e-4,6.590e-4,
359.62,2.452e-3,2.452e-3,
359.67,8.778e-3,8.778e-3,
359.72,3.025e-2,3.025e-2,
359.77,1.003e-1,1.003e-1,
359.82,3.201e-1,3.201e-1,
359.87,9.833e-1,9.833e-1,
359.92,2.907e+0,2.907e+0,
359.97,8.271e+0,8.271e+0,
360.02,2.265e+1,2.265e+1,
360.07,5.969e+1,5.969e+1,
360.12,1.514e+2,1.514e+2,
360.17,3.695e+2,3.695e+2,
360.22,8.682e+2,8.682e+2,
360.27,1.963e+3,1.963e+3,
360.32,4.272e+3,4.272e+3,
360.37,8.946e+3,8.946e+3,
360.42,1.803e+4,1.803e+4,
360.47,3.498e+4,3.498e+4,
360.52,6.530e+4,6.530e+4,
360.57,1.173e+5,1.173e+5,
360.62,2.029e+5,2.029e+5,
360.67,3.377e+5,3.377e+5,
360.72,5.409e+5,5.409e+5,2.474e-7
360.77,8.339e+5,8.339e+5,1.252e-6
360.82,1.237e+6,1.237e+6,6.098e-6
360.87,1.767e+6,1.767e+6,2.860e-5
360.92,2.428e+6,2.428e+6,1.291e-4
360.97,3.211e+6,3.211e+6,5.613e-4
361.02,4.087e+6,4.087e+6,2.349e-3
361.07,5.007e+6,5.007e+6,9.463e-3
361.12,5.904e+6,5.904e+6,3.671e-2
361.17,6.699e+6,6.699e+6,1.371e-1
361.22,7.316e+6,7.316e+6,4.928e-1
361.27,7.689e+6,7.689e+6,1.706e+0
361.32,7.778e+6,7.778e+6,5.683e+0
361.37,7.573e+6,7.573e+6,1.823e+1
361.42,7.095e+6,7.095e+6,5.631e+1
361.47,6.398e+6,6.398e+6,1.674e+2
361.52,5.553e+6,5.553e+6,4.794e+2
361.57,4.639e+6,4.638e+6,1.321e+3
361.62,3.732e+6,3.728e+6,3.505e+3
361.67,2.893e+6,2.884e+6,8.954e+3
361.72,2.170e+6,2.148e+6,2.202e+4
361.77,1.591e+6,1.539e+6,5.214e+4
361.82,1.180e+6,1.061e+6,1.189e+5
361.87,9.654e+5,7.046e+5,2.608e+5
361.92,1.001e+6,4.501e+5,5.511e+5
361.97,1.398e+6,2.767e+5,1.121e+6
362.02,2.359e+6,1.637e+5,2.195e+6
362.07,4.232e+6,9.325e+4,4.138e+6
362.12,7.563e+6,5.111e+4,7.512e+6
362.17,1.315e+7,2.696e+4,1.313e+7
362.22,2.210e+7,1.369e+4,2.208e+7
362.27,3.577e+7,6.688e+3,3.577e+7
362.32,5.577e+7,3.149e+3,5.577e+7
362.37,8.373e+7,1.435e+3,8.372e+7
362.42,1.210e+8,6.510e+2,1.210e+8
362.47,1.684e+8,3.386e+2,1.684e+8
362.52,2.256e+8,2.963e+2,2.256e+8
362.57,2.909e+8,4.892e+2,2.909e+8
362.62,3.612e+8,1.026e+3,3.612e+8
362.67,4.317e+8,2.201e+3,4.317e+8
362.72,4.969e+8,4.594e+3,4.969e+8
362.77,5.505e+8,9.250e+3,5.505e+8
362.82,5.872e+8,1.794e+4,5.872e+8
362.87,6.031e+8,3.353e+4,6.030e+8
362.92,5.963e+8,6.039e+4,5.962e+8
362.97,5.676e+8,1.048e+5,5.675e+8
363.02,5.202e+8,1.754e+5,5.200e+8
363.07,4.591e+8,2.832e+5,4.588e+8
363.12,3.901e+8,4.415e+5,3.897e+8
363.17,3.193e+8,6.654e+5,3.186e+8
363.22,2.518e+8,9.707e+5,2.509e+8
363.27,1.915e+8,1.374e+6,1.901e+8
363.32,1.407e+8,1.892e+6,1.388e+8
363.37,1.001e+8,2.542e+6,9.754e+7
363.42,6.946e+7,3.348e+6,6.611e+7
363.47,4.770e+7,4.340e+6,4.336e+7
363.52,3.345e+7,5.564e+6,2.789e+7
363.57,2.539e+7,7.077e+6,1.831e+7
363.62,2.261e+7,8.951e+6,1.366e+7
363.67,2.483e+7,1.126e+7,1.357e+7
363.72,3.258e+7,1.407e+7,1.851e+7
363.77,4.736e+7,1.739e+7,2.997e+7
363.82,7.183e+7,2.117e+7,5.066e+7
363.87,1.099e+8,2.528e+7,8.457e+7
363.92,1.665e+8,2.950e+7,1.370e+8
363.97,2.477e+8,3.350e+7,2.142e+8
364.02,3.596e+8,3.693e+7,3.227e+8
364.07,5.078e+8,3.944e+7,4.683e+8
364.12,6.953e+8,4.073e+7,6.546e+8
364.17,9.218e+8,4.065e+7,8.812e+8
364.22,1.182e+9,3.919e+7,1.142e+9
364.27,1.463e+9,3.649e+7,1.426e+9
364.32,1.748e+9,3.285e+7,1.715e+9
364.37,2.015e+9,2.865e+7,1.986e+9
364.42,2.239e+9,2.431e+7,2.215e+9
364.47,2.399e+9,2.021e+7,2.379e+9
364.52,2.478e+9,1.664e+7,2.461e+9
364.57,2.466e+9,1.379e+7,2.452e+9
364.62,2.364e+9,1.175e+7,2.353e+9
364.67,2.184e+9,1.046e+7,2.174e+9
364.72,1.944e+9,9.811e+6,1.935e+9
364.77,1.668e+9,9.619e+6,1.658e+9
364.82,1.378e+9,9.684e+6,1.368e+9
364.87,1.098e+9,9.814e+6,1.088e+9
364.92,8.427e+8,9.849e+6,8.328e+8
364.97,6.237e+8,9.678e+6,6.140e+8
365.02,4.453e+8,9.246e+6,4.360e+8
365.07,3.067e+8,8.553e+6,2.982e+8
365.12,2.041e+8,7.644e+6,1.964e+8
365.17,1.313e+8,6.590e+6,1.247e+8
365.22,8.180e+7,5.476e+6,7.632e+7
365.27,4.964e+7,4.386e+6,4.525e+7
365.32,2.972e+7,3.384e+6,2.633e+7
365.37,1.820e+7,2.515e+6,1.569e+7
365.42,1.247e+7,1.801e+6,1.067e+7
365.47,1.093e+7,1.242e+6,9.689e+6
365.52,1.286e+7,8.246e+5,1.203e+7
365.57,1.818e+7,5.275e+5,1.766e+7
365.62,2.730e+7,3.250e+5,2.698e+7
365.67,4.089e+7,1.929e+5,4.070e+7
365.72,5.969e+7,1.102e+5,5.958e+7
365.77,8.426e+7,6.069e+4,8.420e+7
365.82,1.147e+8,3.218e+4,1.147e+8
365.87,1.506e+8,1.644e+4,1.506e+8
365.92,1.905e+8,8.107e+3,1.905e+8
365.97,2.321e+8,3.887e+3,2.321e+8
366.02,2.724e+8,1.887e+3,2.724e+8
366.07,3.081e+8,1.097e+3,3.081e+8
366.12,3.357e+8,1.071e+3,3.357e+8
366.17,3.523e+8,1.763e+3,3.523e+8
366.22,3.563e+8,3.489e+3,3.563e+8
366.27,3.471e+8,6.997e+3,3.471e+8
366.32,3.258e+8,1.366e+4,3.258e+8
366.37,2.946e+8,2.574e+4,2.946e+8
366.42,2.567e+8,4.676e+4,2.566e+8
366.47,2.155e+8,8.186e+4,2.154e+8
366.52,1.743e+8,1.381e+5,1.741e+8
366.57,1.359e+8,2.244e+5,1.357e+8
366.62,1.022e+8,3.515e+5,1.018e+8
366.67,7.413e+7,5.305e+5,7.360e+7
366.72,5.204e+7,7.715e+5,5.127e+7
366.77,3.548e+7,1.081e+6,3.440e+7
366.82,2.370e+7,1.460e+6,2.224e+7
366.87,1.575e+7,1.900e+6,1.385e+7
366.92,1.069e+7,2.382e+6,8.311e+6
366.97,7.682e+6,2.878e+6,4.804e+6
367.02,6.026e+6,3.350e+6,2.676e+6
367.07,5.194e+6,3.759e+6,1.436e+6
367.12,4.805e+6,4.063e+6,7.420e+5
367.17,4.602e+6,4.232e+6,3.695e+5
367.22,4.425e+6,4.248e+6,1.773e+5
367.27,4.190e+6,4.108e+6,8.193e+4
367.32,3.865e+6,3.829e+6,3.648e+4
367.37,3.454e+6,3.439e+6,1.565e+4
367.42,2.982e+6,2.976e+6,6.468e+3
367.47,2.484e+6,2.481e+6,2.575e+3
367.52,1.995e+6,1.994e+6,9.879e+2
367.57,1.544e+6,1.544e+6,3.651e+2
367.62,1.152e+6,1.152e+6,1.300e+2
367.67,8.279e+5,8.279e+5,4.458e+1
367.72,5.735e+5,5.735e+5,1.473e+1
367.77,3.828e+5,3.828e+5,4.690e+0
367.82,2.462e+5,2.462e+5,1.438e+0
367.87,1.526e+5,1.526e+5,4.250e-1
367.92,9.115e+4,9.115e+4,1.210e-1
367.97,5.246e+4,5.246e+4,3.318e-2
368.02,2.909e+4,2.909e+4,8.766e-3
368.07,1.554e+4,1.554e+4,2.231e-3
368.12,8.004e+3,8.004e+3,5.472e-4
368.17,3.971e+3,3.971e+3,1.293e-4
368.22,1.899e+3,1.899e+3,2.942e-5
368.27,8.747e+2,8.747e+2,6.452e-6
368.32,3.883e+2,3.883e+2,1.363e-6
368.37,1.661e+2,1.661e+2,2.774e-7
368.42,6.850e+1,6.850e+1,5.439e-8
368.47,2.730e+1,2.730e+1,
368.52,1.072e+1,1.072e+1,
368.57,4.707e+0,4.707e+0,
368.62,3.718e+0,3.718e+0,
368.67,6.621e+0,6.621e+0,
368.72,1.566e+1,1.566e+1,
368.77,3.773e+1,3.773e+1,
368.82,8.830e+1,8.830e+1,
368.87,1.994e+2,1.994e+2,
368.92,4.344e+2,4.344e+2,
368.97,9.123e+2,9.123e+2,
369.02,1.848e+3,1.848e+3,
369.07,3.609e+3,3.609e+3,
369.12,6.800e+3,6.800e+3,2.751e-7
369.17,1.236e+4,1.236e+4,1.361e-6
369.22,2.167e+4,2.167e+4,6.494e-6
369.27,3.669e+4,3.669e+4,2.988e-5
369.32,5.998e+4,5.998e+4,1.326e-4
369.37,9.477e+4,9.477e+4,5.675e-4
369.42,1.449e+5,1.449e+5,2.342e-3
369.47,2.144e+5,2.144e+5,9.324e-3
369.52,3.081e+5,3.081e+5,3.579e-2
369.57,4.305e+5,4.305e+5,1.325e-1
369.62,5.867e+5,5.867e+5,4.731e-1
369.67,7.831e+5,7.831e+5,1.629e+0
369.72,1.028e+6,1.028e+6,5.408e+0
369.77,1.331e+6,1.331e+6,1.732e+1
369.82,1.710e+6,1.710e+6,5.349e+1
369.87,2.183e+6,2.183e+6,1.593e+2
369.92,2.774e+6,2.773e+6,4.575e+2
369.97,3.505e+6,3.504e+6,1.267e+3
370.02,4.394e+6,4.390e+6,3.385e+3
370.07,5.445e+6,5.436e+6,8.721e+3
370.12,6.645e+6,6.623e+6,2.167e+4
370.17,7.958e+6,7.906e+6,5.192e+4
370.22,9.333e+6,9.213e+6,1.200e+5
370.27,1.072e+7,1.045e+7,2.673e+5
370.32,1.208e+7,1.150e+7,5.745e+5
370.37,1.346e+7,1.227e+7,1.191e+6
370.42,1.504e+7,1.266e+7,2.380e+6
370.47,1.722e+7,1.263e+7,4.587e+6
370.52,2.071e+7,1.218e+7,8.527e+6
370.57,2.662e+7,1.133e+7,1.529e+7
370.62,3.661e+7,1.018e+7,2.643e+7
370.67,5.290e+7,8.837e+6,4.407e+7
370.72,7.826e+7,7.408e+6,7.086e+7
370.77,1.159e+8,6.010e+6,1.099e+8
370.82,1.691e+8,4.732e+6,1.643e+8
370.87,2.406e+8,3.641e+6,2.370e+8
370.92,3.324e+8,2.769e+6,3.296e+8
370.97,4.443e+8,2.126e+6,4.421e+8
371.02,5.736e+8,1.697e+6,5.720e+8
371.07,7.150e+8,1.454e+6,7.135e+8
371.12,8.598e+8,1.360e+6,8.585e+8
371.17,9.974e+8,1.375e+6,9.960e+8
371.22,1.116e+9,1.458e+6,1.115e+9
371.27,1.204e+9,1.570e+6,1.203e+9
371.32,1.253e+9,1.679e+6,1.252e+9
371.37,1.258e+9,1.759e+6,1.256e+9
371.42,1.218e+9,1.790e+6,1.216e+9
371.47,1.137e+9,1.764e+6,1.135e+9
371.52,1.023e+9,1.680e+6,1.022e+9
371.57,8.885e+8,1.544e+6,8.869e+8
371.62,7.439e+8,1.369e+6,7.426e+8
371.67,6.007e+8,1.171e+6,5.996e+8
371.72,4.678e+8,9.667e+5,4.669e+8
371.77,3.513e+8,7.693e+5,3.506e+8
371.82,2.545e+8,5.904e+5,2.539e+8
371.87,1.778e+8,4.370e+5,1.773e+8
371.92,1.197e+8,3.120e+5,1.194e+8
371.97,7.779e+7,2.148e+5,7.758e+7
372.02,4.874e+7,1.426e+5,4.860e+7
372.07,2.945e+7,9.132e+4,2.936e+7
372.12,1.716e+7,5.639e+4,1.710e+7
372.17,9.644e+6,3.358e+4,9.611e+6
372.22,5.227e+6,1.929e+4,5.208e+6
372.27,2.732e+6,1.068e+4,2.721e+6
372.32,1.377e+6,5.708e+3,1.371e+6
372.37,6.695e+5,2.940e+3,6.666e+5
372.42,3.139e+5,1.461e+3,3.124e+5
372.47,1.419e+5,7.000e+2,1.412e+5
372.52,6.188e+4,3.235e+2,6.156e+4
372.57,2.602e+4,1.442e+2,2.588e+4
372.62,1.055e+4,6.196e+1,1.049e+4
372.67,4.128e+3,2.568e+1,4.103e+3
372.72,1.557e+3,1.027e+1,1.547e+3
372.77,5.665e+2,3.958e+0,5.626e+2
372.82,1.988e+2,1.471e+0,1.973e+2
372.87,6.725e+1,5.276e-1,6.672e+1
372.92,2.195e+1,1.824e-1,2.176e+1
372.97,6.907e+0,6.084e-2,6.846e+0
373.02,2.096e+0,1.957e-2,2.077e+0
373.07,6.136e-1,6.070e-3,6.075e-1
373.12,1.732e-1,1.816e-3,1.714e-1
373.17,4.716e-2,5.238e-4,4.664e-2
373.22,1.238e-2,1.457e-4,1.224e-2
373.27,3.136e-3,3.910e-5,3.097e-3
373.32,7.659e-4,1.012e-5,7.558e-4
373.37,1.804e-4,2.525e-6,1.779e-4
373.42,4.098e-5,6.076e-7,4.037e-5
373.47,8.979e-6,1.410e-7,8.838e-6
373.52,1.897e-6,3.157e-8,1.866e-6
373.57,3.866e-7,6.815e-9,3.798e-7
373.62,1.419e-9,1.419e-9,
373.67,2.612e-6,2.849e-10,2.612e-6
373.72,1.252e-5,,1.252e-5
373.77,5.796e-5,,5.796e-5
373.82,2.589e-4,,2.589e-4
373.87,1.116e-3,,1.116e-3
373.92,4.647e-3,,4.647e-3
373.97,1.867e-2,,1.867e-2
374.02,7.238e-2,,7.238e-2
374.07,2.709e-1,,2.709e-1
374.12,9.787e-1,,9.787e-1
374.17,3.413e+0,,3.413e+0
374.22,1.149e+1,,1.149e+1
374.27,3.732e+1,,3.732e+1
374.32,1.170e+2,,1.170e+2
374.37,3.542e+2,,3.542e+2
374.42,1.035e+3,,1.035e+3
374.47,2.918e+3,,2.918e+3
374.52,7.944e+3,,7.944e+3
374.57,2.087e+4,,2.087e+4
374.62,5.293e+4,,5.293e+4
374.67,1.296e+5,,1.296e+5
374.72,3.061e+5,,3.061e+5
374.77,6.982e+5,,6.982e+5
374.82,1.537e+6,,1.537e+6
374.87,3.266e+6,,3.266e+6
374.92,6.698e+6,,6.698e+6
374.97,1.326e+7,,1.326e+7
375.02,2.533e+7,,2.533e+7
375.07,4.673e+7,,4.673e+7
375.12,8.319e+7,,8.319e+7
375.17,1.429e+8,,1.429e+8
375.22,2.371e+8,,2.371e+8
375.27,3.796e+8,,3.796e+8
375.32,5.866e+8,,5.866e+8
375.37,8.749e+8,,8.749e+8
375.42,1.260e+9,,1.260e+9
375.47,1.750e+9,,1.750e+9
375.52,2.348e+9,,2.348e+9
375.57,3.040e+9,,3.040e+9
375.62,3.799e+9,,3.799e+9
375.67,4.583e+9,,4.583e+9
375.72,5.336e+9,,5.336e+9
375.77,5.997e+9,,5.997e+9
375.82,6.505e+9,,6.505e+9
375.87,6.812e+9,,6.812e+9
375.92,6.884e+9,,6.884e+9
375.97,6.716e+9,,6.716e+9
376.02,6.324e+9,,6.324e+9
376.07,5.748e+9,,5.748e+9
376.12,5.042e+9,,5.042e+9
376.17,4.270e+9,,4.270e+9
376.22,3.490e+9,,3.490e+9
376.27,2.753e+9,,2.753e+9
376.32,2.097e+9,,2.097e+9
376.37,1.541e+9,,1.541e+9
376.42,1.093e+9,,1.093e+9
376.47,7.488e+8,,7.488e+8
376.52,4.949e+8,,4.949e+8
376.57,3.158e+8,,3.158e+8
376.62,1.945e+8,,1.945e+8
376.67,1.156e+8,,1.156e+8
376.72,6.633e+7,,6.633e+7
376.77,3.673e+7,,3.673e+7
376.82,1.964e+7,,1.964e+7
376.87,1.013e+7,,1.013e+7
376.92,5.046e+6,,5.046e+6
376.97,2.426e+6,,2.426e+6
377.02,1.126e+6,,1.126e+6
377.07,5.042e+5,,5.042e+5
377.12,2.180e+5,,2.180e+5
377.17,9.095e+4,,9.095e+4
377.22,3.663e+4,,3.663e+4
377.27,1.424e+4,6.376e-10,1.424e+4
377.32,5.348e+3,3.030e-9,5.348e+3
377.37,1.949e+3,1.390e-8,1.949e+3
377.42,7.182e+2,6.163e-8,7.182e+2
377.47,3.574e+2,2.639e-7,3.574e+2
377.52,4.632e+2,1.091e-6,4.632e+2
377.57,1.155e+3,4.359e-6,1.155e+3
377.62,3.187e+3,1.682e-5,3.187e+3
377.67,8.635e+3,6.267e-5,8.635e+3
377.72,2.263e+4,2.256e-4,2.263e+4
377.77,5.731e+4,7.843e-4,5.731e+4
377.82,1.402e+5,2.634e-3,1.402e+5
377.87,3.311e+5,8.542e-3,3.311e+5
377.92,7.553e+5,2.676e-2,7.553e+5
377.97,1.664e+6,8.097e-2,1.664e+6
378.02,3.542e+6,2.367e-1,3.542e+6
378.07,7.282e+6,6.681e-1,7.282e+6
378.12,1.446e+7,1.822e+0,1.446e+7
378.17,2.773e+7,4.798e+0,2.773e+7
378.22,5.139e+7,1.220e+1,5.139e+7
378.27,9.199e+7,2.999e+1,9.199e+7
378.32,1.591e+8,7.117e+1,1.591e+8
378.37,2.659e+8,1.631e+2,2.659e+8
378.42,4.294e+8,3.612e+2,4.294e+8
378.47,6.704e+8,7.725e+2,6.704e+8
378.52,1.012e+9,1.596e+3,1.012e+9
378.57,1.478e+9,3.183e+3,1.478e+9
378.62,2.088e+9,6.135e+3,2.088e+9
378.67,2.856e+9,1.142e+4,2.856e+9
378.72,3.785e+9,2.053e+4,3.785e+9
378.77,4.866e+9,3.565e+4,4.866e+9
378.82,6.072e+9,5.979e+4,6.072e+9
378.87,7.368e+9,9.687e+4,7.368e+9
378.92,8.705e+9,1.516e+5,8.705e+9
378.97,1.003e+10,2.291e+5,1.003e+10
379.02,1.131e+10,3.344e+5,1.131e+10
379.07,1.248e+10,4.716e+5,1.248e+10
379.12,1.352e+10,6.423e+5,1.352e+10
379.17,1.439e+10,8.449e+5,1.439e+10
379.22,1.508e+10,1.074e+6,1.508e+10
379.27,1.556e+10,1.317e+6,1.556e+10
379.32,1.581e+10,1.562e+6,1.581e+10
379.37,1.579e+10,1.788e+6,1.579e+10
379.42,1.549e+10,1.977e+6,1.549e+10
379.47,1.489e+10,2.112e+6,1.489e+10
379.52,1.400e+10,2.179e+6,1.400e+10
379.57,1.285e+10,2.172e+6,1.285e+10
379.62,1.149e+10,2.090e+6,1.149e+10
379.67,1.000e+10,1.943e+6,9.998e+9
379.72,8.449e+9,1.745e+6,8.448e+9
379.77,6.926e+9,1.514e+6,6.925e+9
379.82,5.503e+9,1.268e+6,5.502e+9
379.87,4.234e+9,1.026e+6,4.233e+9
379.92,3.153e+9,8.020e+5,3.152e+9
379.97,2.272e+9,6.055e+5,2.271e+9
380.02,1.583e+9,4.415e+5,1.582e+9
380.07,1.066e+9,3.109e+5,1.066e+9
380.12,6.939e+8,2.115e+5,6.937e+8
380.17,4.365e+8,1.390e+5,4.364e+8
380.22,2.654e+8,8.820e+4,2.653e+8
380.27,1.559e+8,5.407e+4,1.558e+8
380.32,8.843e+7,3.201e+4,8.840e+7
380.37,4.847e+7,1.831e+4,4.846e+7
380.42,2.567e+7,1.011e+4,2.566e+7
380.47,1.313e+7,5.395e+3,1.312e+7
380.52,6.487e+6,2.780e+3,6.484e+6
380.57,3.096e+6,1.384e+3,3.094e+6
380.62,1.427e+6,6.654e+2,1.426e+6
380.67,6.354e+5,3.090e+2,6.351e+5
380.72,2.733e+5,1.386e+2,2.731e+5
380.77,1.135e+5,6.004e+1,1.135e+5
380.82,4.555e+4,2.512e+1,4.552e+4
380.87,1.765e+4,1.015e+1,1.764e+4
380.92,6.608e+3,3.964e+0,6.604e+3
380.97,2.389e+3,1.495e+0,2.388e+3
381.02,8.343e+2,5.444e-1,8.338e+2
381.07,2.814e+2,1.915e-1,2.812e+2
381.12,9.169e+1,6.507e-2,9.162e+1
381.17,2.885e+1,2.136e-2,2.883e+1
381.22,8.769e+0,6.770e-3,8.763e+0
381.27,2.574e+0,2.073e-3,2.572e+0
381.32,7.300e-1,6.140e-4,7.294e-1
381.37,1.999e-1,1.791e-4,1.998e-1
381.42,5.290e-2,6.350e-5,5.284e-2
381.47,1.357e-2,6.804e-5,1.350e-2
381.52,3.528e-3,1.969e-4,3.331e-3
381.57,1.452e-3,6.576e-4,7.941e-4
381.62,2.337e-3,2.154e-3,1.828e-4
381.67,6.866e-3,6.825e-3,4.065e-5
381.72,2.091e-2,2.091e-2,8.731e-6
381.77,6.190e-2,6.190e-2,2.111e-6
381.82,1.771e-1,1.771e-1,1.404e-6
381.87,4.899e-1,4.899e-1,6.345e-6
381.92,1.310e+0,1.310e+0,2.772e-5
381.97,3.384e+0,3.384e+0,1.171e-4
382.02,8.453e+0,8.452e+0,4.779e-4
382.07,2.040e+1,2.040e+1,1.886e-3
382.12,4.761e+1,4.760e+1,7.194e-3
382.17,1.074e+2,1.074e+2,2.653e-2
382.22,2.341e+2,2.340e+2,9.457e-2
382.27,4.933e+2,4.930e+2,3.259e-1
382.32,1.005e+3,1.004e+3,1.086e+0
382.37,1.979e+3,1.976e+3,3.495e+0
382.42,3.770e+3,3.759e+3,1.088e+1
382.47,6.944e+3,6.911e+3,3.274e+1
382.52,1.238e+4,1.228e+4,9.523e+1
382.57,2.137e+4,2.110e+4,2.678e+2
382.62,3.576e+4,3.503e+4,7.278e+2
382.67,5.812e+4,5.621e+4,1.912e+3
382.72,9.204e+4,8.719e+4,4.857e+3
382.77,1.426e+5,1.307e+5,1.193e+4
382.82,2.177e+5,1.894e+5,2.831e+4
382.87,3.302e+5,2.653e+5,6.494e+4
382.92,5.031e+5,3.591e+5,1.440e+5
382.97,7.786e+5,4.698e+5,3.088e+5
383.02,1.234e+6,5.941e+5,6.400e+5
383.07,2.008e+6,7.262e+5,1.282e+6
383.12,3.341e+6,8.580e+5,2.483e+6
383.17,5.629e+6,9.797e+5,4.649e+6
383.22,9.495e+6,1.081e+6,8.413e+6
383.27,1.587e+7,1.154e+6,1.472e+7
383.32,2.608e+7,1.189e+6,2.489e+7
383.37,4.187e+7,1.185e+6,4.069e+7
383.42,6.544e+7,1.142e+6,6.430e+7
383.47,9.929e+7,1.063e+6,9.823e+7
383.52,1.460e+8,9.567e+5,1.451e+8
383.57,2.079e+8,8.321e+5,2.071e+8
383.62,2.865e+8,6.995e+5,2.858e+8
383.67,3.818e+8,5.684e+5,3.812e+8
383.72,4.921e+8,4.464e+5,4.917e+8
383.77,6.135e+8,3.389e+5,6.131e+8
383.82,7.396e+8,2.486e+5,7.393e+8
383.87,8.624e+8,1.763e+5,8.622e+8
383.92,9.731e+8,1.209e+5,9.730e+8
383.97,1.063e+9,8.010e+4,1.063e+9
384.02,1.126e+9,5.132e+4,1.126e+9
384.07,1.159e+9,3.184e+4,1.159e+9
384.12,1.162e+9,1.922e+4,1.162e+9
384.17,1.143e+9,1.146e+4,1.143e+9
384.22,1.112e+9,7.109e+3,1.112e+9
384.27,1.084e+9,5.219e+3,1.084e+9
384.32,1.075e+9,5.331e+3,1.075e+9
384.37,1.103e+9,7.454e+3,1.103e+9
384.42,1.181e+9,1.206e+4,1.181e+9
384.47,1.319e+9,2.007e+4,1.319e+9
384.52,1.518e+9,3.292e+4,1.518e+9
384.57,1.774e+9,5.247e+4,1.774e+9
384.62,2.070e+9,8.099e+4,2.070e+9
384.67,2.384e+9,1.209e+5,2.384e+9
384.72,2.690e+9,1.746e+5,2.690e+9
384.77,2.956e+9,2.437e+5,2.956e+9
384.82,3.154e+9,3.289e+5,3.154e+9
384.87,3.262e+9,4.291e+5,3.262e+9
384.92,3.267e+9,5.414e+5,3.267e+9
384.97,3.166e+9,6.605e+5,3.165e+9
385.02,2.968e+9,7.791e+5,2.967e+9
385.07,2.690e+9,8.884e+5,2.689e+9
385.12,2.358e+9,9.796e+5,2.357e+9
385.17,1.999e+9,1.044e+6,1.998e+9
385.22,1.638e+9,1.077e+6,1.637e+9
385.27,1.298e+9,1.073e+6,1.297e+9
385.32,9.943e+8,1.034e+6,9.933e+8
385.37,7.365e+8,9.633e+5,7.355e+8
385.42,5.275e+8,8.677e+5,5.266e+8
385.47,3.653e+8,7.558e+5,3.645e+8
385.52,2.446e+8,6.365e+5,2.440e+8
385.57,1.584e+8,5.182e+5,1.578e+8
385.62,9.915e+7,4.080e+5,9.874e+7
385.67,6.003e+7,3.105e+5,5.972e+7
385.72,3.515e+7,2.286e+5,3.492e+7
385.77,1.992e+7,1.626e+5,1.975e+7
385.82,1.094e+7,1.119e+5,1.083e+7
385.87,5.865e+6,7.443e+4,5.791e+6
385.93,2.826e+6,4.365e+4,2.783e+6
385.98,1.822e+6,2.696e+4,1.795e+6
386.03,1.797e+6,1.610e+4,1.781e+6
386.08,2.770e+6,9.299e+3,2.760e+6
386.13,5.158e+6,5.191e+3,5.153e+6
386.18,9.894e+6,2.802e+3,9.891e+6
386.23,1.863e+7,1.463e+3,1.863e+7
386.28,3.404e+7,7.382e+2,3.404e+7
386.33,6.020e+7,3.605e+2,6.020e+7
386.38,1.030e+8,1.708e+2,1.030e+8
386.43,1.704e+8,8.001e+1,1.704e+8
386.48,2.728e+8,4.069e+1,2.728e+8
386.53,4.223e+8,3.093e+1,4.223e+8
386.58,6.323e+8,4.573e+1,6.323e+8
386.63,9.156e+8,9.571e+1,9.156e+8
386.68,1.282e+9,2.130e+2,1.282e+9
386.73,1.737e+9,4.665e+2,1.737e+9
386.78,2.276e+9,9.912e+2,2.276e+9
386.83,2.884e+9,2.039e+3,2.884e+9
386.88,3.535e+9,4.056e+3,3.535e+9
386.93,4.191e+9,7.805e+3,4.191e+9
386.98,4.805e+9,1.453e+4,4.805e+9
387.03,5.328e+9,2.617e+4,5.328e+9
387.08,5.715e+9,4.558e+4,5.715e+9
387.13,5.929e+9,7.680e+4,5.929e+9
387.18,5.948e+9,1.252e+5,5.948e+9
387.23,5.773e+9,1.973e+5,5.772e+9
387.28,5.418e+9,3.010e+5,5.418e+9
387.33,4.919e+9,4.440e+5,4.918e+9
387.38,4.319e+9,6.336e+5,4.318e+9
387.43,3.668e+9,8.746e+5,3.667e+9
387.48,3.014e+9,1.168e+6,3.013e+9
387.53,2.395e+9,1.508e+6,2.394e+9
387.58,1.842e+9,1.884e+6,1.841e+9
387.63,1.373e+9,2.277e+6,1.370e+9
387.68,9.925e+8,2.662e+6,9.898e+8
387.73,7.002e+8,3.011e+6,6.972e+8
387.78,4.883e+8,3.293e+6,4.850e+8
387.83,3.472e+8,3.485e+6,3.437e+8
387.88,2.674e+8,3.567e+6,2.638e+8
387.93,2.415e+8,3.531e+6,2.379e+8
387.98,2.653e+8,3.382e+6,2.619e+8
388.03,3.378e+8,3.133e+6,3.347e+8
388.08,4.605e+8,2.808e+6,4.577e+8
388.13,6.359e+8,2.434e+6,6.335e+8
388.18,8.658e+8,2.041e+6,8.637e+8
388.23,1.149e+9,1.655e+6,1.147e+9
388.28,1.479e+9,1.299e+6,1.478e+9
388.33,1.845e+9,9.857e+5,1.844e+9
388.38,2.227e+9,7.237e+5,2.226e+9
388.43,2.601e+9,5.139e+5,2.601e+9
388.48,2.940e+9,3.530e+5,2.940e+9
388.53,3.215e+9,2.346e+5,3.214e+9
388.58,3.401e+9,1.508e+5,3.400e+9
388.63,3.480e+9,9.391e+4,3.480e+9
388.68,3.446e+9,5.674e+4,3.446e+9
388.73,3.301e+9,3.358e+4,3.301e+9
388.78,3.059e+9,2.007e+4,3.059e+9
388.83,2.742e+9,1.328e+4,2.742e+9
388.88,2.378e+9,1.155e+4,2.378e+9
388.93,1.996e+9,1.443e+4,1.996e+9
388.98,1.620e+9,2.262e+4,1.620e+9
389.03,1.272e+9,3.803e+4,1.272e+9
389.08,9.666e+8,6.386e+4,9.665e+8
389.13,7.105e+8,1.047e+5,7.104e+8
389.18,5.053e+8,1.666e+5,5.052e+8
389.23,3.478e+8,2.568e+5,3.475e+8
389.28,2.317e+8,3.833e+5,2.313e+8
389.33,1.495e+8,5.540e+5,1.489e+8
389.38,9.353e+7,7.755e+5,9.275e+7
389.43,5.695e+7,1.052e+6,5.589e+7
389.48,3.397e+7,1.383e+6,3.259e+7
389.53,2.014e+7,1.762e+6,1.838e+7
389.58,1.221e+7,2.179e+6,1.003e+7
389.63,7.909e+6,2.615e+6,5.293e+6
389.68,5.754e+6,3.051e+6,2.703e+6
389.73,4.796e+6,3.461e+6,1.336e+6
389.78,4.462e+6,3.823e+6,6.383e+5
389.83,4.415e+6,4.120e+6,2.952e+5
389.88,4.468e+6,4.336e+6,1.320e+5
389.93,4.523e+6,4.466e+6,5.717e+4
389.98,4.532e+6,4.508e+6,2.401e+4
390.03,4.478e+6,4.468e+6,9.925e+3
390.08,4.358e+6,4.353e+6,4.439e+3
390.13,4.177e+6,4.174e+6,3.139e+3
390.18,3.945e+6,3.940e+6,4.889e+3
390.23,3.672e+6,3.661e+6,1.102e+4
390.28,3.372e+6,3.346e+6,2.610e+4
390.33,3.065e+6,3.004e+6,6.060e+4
390.38,2.783e+6,2.647e+6,1.364e+5
390.43,2.580e+6,2.283e+6,2.974e+5
390.48,2.553e+6,1.925e+6,6.275e+5
390.53,2.866e+6,1.585e+6,1.281e+6
390.58,3.804e+6,1.271e+6,2.533e+6
390.63,5.839e+6,9.923e+5,4.847e+6
390.68,9.730e+6,7.531e+5,8.977e+6
390.73,1.665e+7,5.551e+5,1.609e+7
390.78,2.832e+7,3.970e+5,2.792e+7
390.83,4.718e+7,2.755e+5,4.690e+7
390.88,7.645e+7,1.853e+5,7.626e+7
390.93,1.202e+8,1.207e+5,1.200e+8
390.98,1.830e+8,7.623e+4,1.829e+8
391.03,2.699e+8,4.661e+4,2.698e+8
391.08,3.854e+8,2.760e+4,3.854e+8
391.13,5.332e+8,1.582e+4,5.331e+8
391.18,7.143e+8,8.780e+3,7.143e+8
391.23,9.273e+8,4.720e+3,9.273e+8
391.28,1.167e+9,2.463e+3,1.167e+9
391.33,1.424e+9,1.264e+3,1.424e+9
391.38,1.687e+9,6.753e+2,1.687e+9
391.43,1.943e+9,4.624e+2,1.943e+9
391.48,2.177e+9,5.468e+2,2.177e+9
391.53,2.380e+9,9.991e+2,2.380e+9
391.58,2.544e+9,2.082e+3,2.544e+9
391.63,2.669e+9,4.360e+3,2.669e+9
391.68,2.760e+9,8.908e+3,2.760e+9
391.73,2.823e+9,1.765e+4,2.823e+9
391.78,2.870e+9,3.385e+4,2.870e+9
391.83,2.910e+9,6.287e+4,2.910e+9
391.88,2.949e+9,1.130e+5,2.949e+9
391.93,2.987e+9,1.968e+5,2.986e+9
391.98,3.019e+9,3.316e+5,3.019e+9
392.03,3.037e+9,5.409e+5,3.037e+9
392.08,3.031e+9,8.544e+5,3.030e+9
392.13,2.992e+9,1.306e+6,2.991e+9
392.18,2.917e+9,1.934e+6,2.915e+9
392.23,2.809e+9,2.771e+6,2.807e+9
392.28,2.680e+9,3.844e+6,2.676e+9
392.33,2.546e+9,5.163e+6,2.541e+9
392.38,2.431e+9,6.713e+6,2.425e+9
392.43,2.357e+9,8.451e+6,2.349e+9
392.48,2.344e+9,1.030e+7,2.334e+9
392.53,2.402e+9,1.215e+7,2.390e+9
392.58,2.534e+9,1.388e+7,2.520e+9
392.63,2.730e+9,1.534e+7,2.714e+9
392.68,2.969e+9,1.642e+7,2.953e+9
392.73,3.224e+9,1.702e+7,3.207e+9
392.78,3.460e+9,1.707e+7,3.443e+9
392.83,3.646e+9,1.658e+7,3.629e+9
392.88,3.753e+9,1.559e+7,3.738e+9
392.93,3.763e+9,1.419e+7,3.749e+9
392.98,3.669e+9,1.251e+7,3.657e+9
393.03,3.477e+9,1.067e+7,3.466e+9
393.08,3.202e+9,8.814e+6,3.193e+9
393.13,2.869e+9,7.048e+6,2.862e+9
393.18,2.505e+9,5.456e+6,2.499e+9
393.23,2.138e+9,4.088e+6,2.134e+9
393.28,1.793e+9,2.966e+6,1.790e+9
393.33,1.485e+9,2.083e+6,1.483e+9
393.38,1.225e+9,1.417e+6,1.224e+9
393.43,1.016e+9,9.325e+5,1.015e+9
393.48,8.526e+8,5.943e+5,8.520e+8
393.53,7.284e+8,3.666e+5,7.281e+8
393.58,6.339e+8,2.190e+5,6.337e+8
393.63,5.596e+8,1.266e+5,5.595e+8
393.68,4.975e+8,7.088e+4,4.975e+8
393.73,4.422e+8,3.841e+4,4.422e+8
393.78,3.906e+8,2.015e+4,3.906e+8
393.83,3.427e+8,1.024e+4,3.427e+8
393.88,3.008e+8,5.036e+3,3.008e+8
393.93,2.697e+8,2.404e+3,2.697e+8
393.98,2.570e+8,1.125e+3,2.570e+8
394.03,2.733e+8,5.417e+2,2.733e+8
394.08,3.334e+8,3.267e+2,3.334e+8
394.13,4.570e+8,3.448e+2,4.570e+8
394.18,6.698e+8,5.926e+2,6.698e+8
394.23,1.004e+9,1.187e+3,1.004e+9
394.28,1.495e+9,2.399e+3,1.495e+9
394.33,2.182e+9,4.732e+3,2.182e+9
394.38,3.102e+9,9.056e+3,3.102e+9
394.43,4.280e+9,1.679e+4,4.280e+9
394.48,5.726e+9,3.015e+4,5.726e+9
394.53,7.421e+9,5.243e+4,7.421e+9
394.58,9.317e+9,8.831e+4,9.316e+9
394.63,1.133e+10,1.441e+5,1.133e+10
394.68,1.334e+10,2.276e+5,1.334e+10
394.73,1.521e+10,3.483e+5,1.521e+10
394.78,1.680e+10,5.162e+5,1.680e+10
394.83,1.797e+10,7.409e+5,1.797e+10
394.88,1.862e+10,1.030e+6,1.862e+10
394.93,1.868e+10,1.387e+6,1.868e+10
394.98,1.815e+10,1.809e+6,1.815e+10
395.03,1.708e+10,2.284e+6,1.707e+10
395.08,1.556e+10,2.794e+6,1.556e+10
395.13,1.373e+10,3.311e+6,1.373e+10
395.18,1.174e+10,3.799e+6,1.173e+10
395.23,9.716e+9,4.222e+6,9.712e+9
395.28,7.789e+9,4.544e+6,7.784e+9
395.33,6.047e+9,4.737e+6,6.043e+9
395.38,4.547e+9,4.783e+6,4.543e+9
395.43,3.312e+9,4.677e+6,3.307e+9
395.48,2.336e+9,4.429e+6,2.332e+9
395.53,1.596e+9,4.063e+6,1.592e+9
395.58,1.056e+9,3.609e+6,1.053e+9
395.63,6.774e+8,3.105e+6,6.743e+8
395.68,4.208e+8,2.588e+6,4.182e+8
395.73,2.533e+8,2.089e+6,2.512e+8
395.78,1.477e+8,1.633e+6,1.461e+8
395.83,8.354e+7,1.236e+6,8.231e+7
395.88,4.581e+7,9.063e+5,4.490e+7
395.93,2.437e+7,6.437e+5,2.372e+7
395.98,1.258e+7,4.427e+5,1.214e+7
396.03,6.310e+6,2.949e+5,6.015e+6
396.08,3.077e+6,1.903e+5,2.887e+6
396.13,1.461e+6,1.189e+5,1.342e+6
396.18,6.758e+5,7.196e+4,6.038e+5
396.23,3.054e+5,4.218e+4,2.632e+5
396.28,1.351e+5,2.394e+4,1.111e+5
396.33,5.859e+4,1.317e+4,4.542e+4
396.38,2.499e+4,7.011e+3,1.798e+4
396.43,1.051e+4,3.616e+3,6.895e+3
396.48,4.367e+3,1.806e+3,2.560e+3
396.53,1.795e+3,8.738e+2,9.207e+2
396.58,7.301e+2,4.094e+2,3.207e+2
396.63,2.940e+2,1.858e+2,1.082e+2
396.68,1.170e+2,8.167e+1,3.533e+1
396.73,4.595e+1,3.477e+1,1.118e+1
396.78,1.778e+1,1.433e+1,3.443e+0
396.83,6.810e+0,5.724e+0,1.086e+0
396.88,2.752e+0,2.214e+0,5.388e-1
396.93,1.749e+0,8.291e-1,9.202e-1
396.98,3.084e+0,3.008e-1,2.783e+0
397.03,8.917e+0,1.057e-1,8.812e+0
397.08,2.725e+1,3.596e-2,2.722e+1
397.13,8.152e+1,1.185e-2,8.151e+1
397.18,2.366e+2,3.783e-3,2.366e+2
397.23,6.653e+2,1.170e-3,6.653e+2
397.28,1.813e+3,3.508e-4,1.813e+3
397.33,4.789e+3,1.038e-4,4.789e+3
397.38,1.226e+4,3.676e-5,1.226e+4
397.43,3.040e+4,3.688e-5,3.040e+4
397.48,7.306e+4,1.018e-4,7.306e+4
397.53,1.702e+5,3.320e-4,1.702e+5
397.58,3.841e+5,1.067e-3,3.841e+5
397.63,8.400e+5,3.329e-3,8.400e+5
397.68,1.780e+6,1.006e-2,1.780e+6
397.73,3.657e+6,2.949e-2,3.657e+6
397.78,7.279e+6,8.373e-2,7.279e+6
397.83,1.404e+7,2.304e-1,1.404e+7
397.88,2.624e+7,6.145e-1,2.624e+7
397.93,4.753e+7,1.588e+0,4.753e+7
397.98,8.342e+7,3.979e+0,8.342e+7
398.03,1.419e+8,9.660e+0,1.419e+8
398.08,2.339e+8,2.273e+1,2.339e+8
398.13,3.736e+8,5.183e+1,3.736e+8
398.18,5.783e+8,1.145e+2,5.783e+8
398.23,8.675e+8,2.453e+2,8.675e+8
398.28,1.261e+9,5.091e+2,1.261e+9
398.33,1.776e+9,1.024e+3,1.776e+9
398.38,2.425e+9,1.997e+3,2.425e+9
398.43,3.208e+9,3.772e+3,3.208e+9
398.48,4.114e+9,6.907e+3,4.114e+9
398.53,5.113e+9,1.226e+4,5.113e+9
398.58,6.160e+9,2.108e+4,6.160e+9
398.63,7.195e+9,3.514e+4,7.195e+9
398.68,8.150e+9,5.675e+4,8.150e+9
398.73,8.956e+9,8.885e+4,8.956e+9
398.78,9.555e+9,1.348e+5,9.554e+9
398.83,9.905e+9,1.982e+5,9.905e+9
398.88,9.994e+9,2.825e+5,9.993e+9
398.93,9.836e+9,3.901e+5,9.835e+9
398.98,9.474e+9,5.222e+5,9.474e+9
399.03,8.975e+9,6.774e+5,8.974e+9
399.08,8.415e+9,8.517e+5,8.414e+9
399.13,7.871e+9,1.038e+6,7.870e+9
399.18,7.409e+9,1.226e+6,7.408e+9
399.23,7.073e+9,1.405e+6,7.072e+9
399.28,6.879e+9,1.560e+6,6.878e+9
399.33,6.816e+9,1.680e+6,6.814e+9
399.38,6.848e+9,1.757e+6,6.846e+9
399.43,6.923e+9,1.783e+6,6.921e+9
399.48,6.981e+9,1.760e+6,6.979e+9
399.53,6.967e+9,1.691e+6,6.965e+9
399.58,6.838e+9,1.586e+6,6.836e+9
399.63,6.568e+9,1.458e+6,6.566e+9
399.68,6.154e+9,1.320e+6,6.153e+9
399.73,5.612e+9,1.185e+6,5.611e+9
399.78,4.974e+9,1.063e+6,4.973e+9
399.83,4.280e+9,9.621e+5,4.279e+9
399.88,3.573e+9,8.841e+5,3.572e+9
399.93,2.893e+9,8.279e+5,2.893e+9
399.98,2.272e+9,7.891e+5,2.271e+9
400.03,1.729e+9,7.614e+5,1.728e+9
400.08,1.276e+9,7.376e+5,1.275e+9
400.13,9.127e+8,7.115e+5,9.119e+8
400.18,6.328e+8,6.782e+5,6.321e+8
400.23,4.253e+8,6.351e+5,4.246e+8
400.28,2.771e+8,5.820e+5,2.765e+8
400.33,1.750e+8,5.208e+5,1.745e+8
400.38,1.072e+8,4.553e+5,1.067e+8
400.43,6.364e+7,3.901e+5,6.325e+7
400.48,3.667e+7,3.314e+5,3.633e+7
400.53,2.052e+7,2.857e+5,2.023e+7
400.58,1.118e+7,2.615e+5,1.092e+7
400.63,5.977e+6,2.690e+5,5.708e+6
400.68,3.216e+6,3.224e+5,2.893e+6
400.73,1.862e+6,4.404e+5,1.421e+6
400.78,1.325e+6,6.480e+5,6.766e+5
400.83,1.289e+6,9.770e+5,3.122e+5
400.88,1.605e+6,1.465e+6,1.396e+5
400.93,2.215e+6,2.154e+6,6.050e+4
400.98,3.111e+6,3.086e+6,2.544e+4
401.03,4.304e+6,4.294e+6,1.043e+4
401.08,5.802e+6,5.797e+6,4.296e+3
401.13,7.593e+6,7.591e+6,2.099e+3
401.18,9.639e+6,9.637e+6,1.886e+3
401.23,1.187e+7,1.186e+7,3.281e+3
401.28,1.416e+7,1.416e+7,7.076e+3
401.33,1.639e+7,1.638e+7,1.550e+4
401.38,1.840e+7,1.837e+7,3.317e+4
401.43,2.004e+7,1.997e+7,6.891e+4
401.48,2.119e+7,2.105e+7,1.388e+5
401.53,2.179e+7,2.151e+7,2.713e+5
401.58,2.183e+7,2.132e+7,5.140e+5
401.63,2.142e+7,2.047e+7,9.446e+5
401.68,2.075e+7,1.906e+7,1.684e+6
401.73,2.012e+7,1.721e+7,2.911e+6
401.78,1.995e+7,1.506e+7,4.885e+6
401.83,2.073e+7,1.278e+7,7.954e+6
401.88,2.309e+7,1.051e+7,1.257e+7
401.93,2.769e+7,8.381e+6,1.931e+7
401.98,3.532e+7,6.479e+6,2.884e+7
402.03,4.677e+7,4.856e+6,4.192e+7
402.08,6.291e+7,3.528e+6,5.938e+7
402.13,8.464e+7,2.485e+6,8.215e+7
402.18,1.130e+8,1.697e+6,1.113e+8
402.23,1.492e+8,1.124e+6,1.481e+8
402.28,1.951e+8,7.212e+5,1.944e+8
402.33,2.530e+8,4.488e+5,2.526e+8
402.38,3.267e+8,2.709e+5,3.265e+8
402.43,4.213e+8,1.588e+5,4.211e+8
402.48,5.434e+8,9.091e+4,5.433e+8
402.53,7.016e+8,5.179e+4,7.016e+8
402.58,9.052e+8,3.133e+4,9.052e+8
402.63,1.164e+9,2.358e+4,1.164e+9
402.68,1.484e+9,2.603e+4,1.484e+9
402.73,1.870e+9,3.914e+4,1.870e+9
402.78,2.318e+9,6.635e+4,2.318e+9
402.83,2.819e+9,1.143e+5,2.818e+9
402.88,3.350e+9,1.934e+5,3.350e+9
402.93,3.885e+9,3.185e+5,3.885e+9
402.98,4.388e+9,5.092e+5,4.388e+9
403.03,4.821e+9,7.895e+5,4.820e+9
403.08,5.148e+9,1.187e+6,5.147e+9
403.13,5.338e+9,1.731e+6,5.337e+9
403.18,5.375e+9,2.449e+6,5.372e+9
403.23,5.252e+9,3.359e+6,5.248e+9
403.28,4.979e+9,4.468e+6,4.975e+9
403.33,4.580e+9,5.763e+6,4.574e+9
403.38,4.087e+9,7.209e+6,4.079e+9
403.43,3.537e+9,8.747e+6,3.529e+9
403.48,2.971e+9,1.029e+7,2.960e+9
403.53,2.420e+9,1.174e+7,2.408e+9
403.58,1.913e+9,1.299e+7,1.900e+9
403.63,1.468e+9,1.394e+7,1.454e+9
403.68,1.093e+9,1.451e+7,1.079e+9
403.73,7.908e+8,1.464e+7,7.762e+8
403.78,5.559e+8,1.433e+7,5.415e+8
403.83,3.800e+8,1.360e+7,3.664e+8
403.88,2.529e+8,1.252e+7,2.404e+8
403.93,1.641e+8,1.118e+7,1.529e+8
403.98,1.040e+8,9.678e+6,9.436e+7
404.03,6.458e+7,8.126e+6,5.646e+7
404.08,3.937e+7,6.616e+6,3.275e+7
404.13,2.365e+7,5.224e+6,1.843e+7
404.18,1.405e+7,4.000e+6,1.005e+7
404.23,8.288e+6,2.971e+6,5.318e+6
404.28,4.867e+6,2.140e+6,2.728e+6
404.33,2.851e+6,1.494e+6,1.357e+6
404.38,1.667e+6,1.012e+6,6.546e+5
404.43,9.710e+5,6.649e+5,3.062e+5
404.48,5.624e+5,4.235e+5,1.389e+5
404.53,3.228e+5,2.617e+5,6.109e+4
404.58,1.829e+5,1.569e+5,2.606e+4
404.63,1.021e+5,9.134e+4,1.078e+4
404.68,5.625e+4,5.193e+4,4.322e+3
404.73,3.108e+4,2.940e+4,1.681e+3
404.78,1.844e+4,1.781e+4,6.341e+2
404.83,1.407e+4,1.383e+4,2.321e+2
404.88,1.653e+4,1.644e+4,8.292e+1
404.93,2.688e+4,2.685e+4,3.035e+1
404.98,4.889e+4,4.887e+4,1.551e+1
405.03,8.984e+4,8.982e+4,2.039e+1
405.08,1.618e+5,1.618e+5,4.896e+1
405.13,2.835e+5,2.834e+5,1.293e+2
405.18,4.823e+5,4.820e+5,3.363e+2
405.23,7.964e+5,7.955e+5,8.502e+2
405.28,1.276e+6,1.274e+6,2.086e+3
405.33,1.985e+6,1.980e+6,4.967e+3
405.38,2.998e+6,2.987e+6,1.147e+4
405.43,4.398e+6,4.373e+6,2.571e+4
405.48,6.270e+6,6.214e+6,5.590e+4
405.53,8.693e+6,8.575e+6,1.179e+5
405.58,1.173e+7,1.149e+7,2.414e+5
405.63,1.544e+7,1.496e+7,4.794e+5
405.68,1.986e+7,1.894e+7,9.237e+5
405.73,2.504e+7,2.331e+7,1.727e+6
405.78,3.106e+7,2.793e+7,3.132e+6
405.83,3.810e+7,3.259e+7,5.511e+6
405.88,4.651e+7,3.710e+7,9.410e+6
405.93,5.683e+7,4.124e+7,1.559e+7
405.98,6.990e+7,4.485e+7,2.505e+7
406.03,8.688e+7,4.781e+7,3.907e+7
406.08,1.092e+8,5.006e+7,5.911e+7
406.13,1.384e+8,5.159e+7,8.676e+7
406.18,1.760e+8,5.244e+7,1.236e+8
406.23,2.234e+8,5.267e+7,1.708e+8
406.28,2.813e+8,5.233e+7,2.289e+8
406.33,3.493e+8,5.146e+7,2.978e+8
406.38,4.260e+8,5.008e+7,3.759e+8
406.43,5.085e+8,4.817e+7,4.604e+8
406.48,5.929e+8,4.573e+7,5.472e+8
406.53,6.739e+8,4.277e+7,6.312e+8
406.58,7.462e+8,3.932e+7,7.068e+8
406.63,8.044e+8,3.546e+7,7.689e+8
406.68,8.445e+8,3.131e+7,8.132e+8
406.73,8.646e+8,2.702e+7,8.376e+8
406.78,8.653e+8,2.276e+7,8.425e+8
406.83,8.505e+8,1.870e+7,8.318e+8
406.88,8.278e+8,1.496e+7,8.128e+8
406.93,8.077e+8,1.166e+7,7.961e+8
406.98,8.041e+8,8.858e+6,7.952e+8
407.03,8.326e+8,6.571e+6,8.261e+8
407.08,9.104e+8,4.787e+6,9.056e+8
407.13,1.054e+9,3.470e+6,1.050e+9
407.18,1.277e+9,2.569e+6,1.275e+9
407.23,1.591e+9,2.033e+6,1.589e+9
407.28,1.999e+9,1.815e+6,1.997e+9
407.33,2.496e+9,1.875e+6,2.494e+9
407.38,3.068e+9,2.182e+6,3.065e+9
407.43,3.689e+9,2.712e+6,3.686e+9
407.48,4.324e+9,3.438e+6,4.320e+9
407.53,4.932e+9,4.331e+6,4.928e+9
407.58,5.468e+9,5.350e+6,5.462e+9
407.63,5.889e+9,6.443e+6,5.883e+9
407.68,6.162e+9,7.546e+6,6.154e+9
407.73,6.265e+9,8.584e+6,6.257e+9
407.78,6.195e+9,9.482e+6,6.185e+9
407.83,5.964e+9,1.017e+7,5.954e+9
407.88,5.606e+9,1.059e+7,5.595e+9
407.93,5.164e+9,1.072e+7,5.153e+9
407.98,4.694e+9,1.056e+7,4.684e+9
408.03,4.255e+9,1.013e+7,4.244e+9
408.08,3.899e+9,9.494e+6,3.889e+9
408.13,3.673e+9,8.742e+6,3.664e+9
408.18,3.610e+9,7.972e+6,3.602e+9
408.23,3.724e+9,7.293e+6,3.717e+9
408.28,4.013e+9,6.809e+6,4.006e+9
408.33,4.454e+9,6.614e+6,4.448e+9
408.38,5.009e+9,6.783e+6,5.002e+9
408.43,5.624e+9,7.364e+6,5.617e+9
408.48,6.238e+9,8.376e+6,6.230e+9
408.53,6.787e+9,9.801e+6,6.777e+9
408.58,7.211e+9,1.158e+7,7.200e+9
408.63,7.463e+9,1.363e+7,7.450e+9
408.68,7.512e+9,1.582e+7,7.496e+9
408.73,7.347e+9,1.800e+7,7.329e+9
408.78,6.980e+9,1.999e+7,6.960e+9
408.83,6.438e+9,2.163e+7,6.416e+9
408.88,5.764e+9,2.278e+7,5.742e+9
408.93,5.010e+9,2.334e+7,4.987e+9
408.98,4.228e+9,2.323e+7,4.204e+9
409.03,3.463e+9,2.247e+7,3.440e+9
409.08,2.753e+9,2.112e+7,2.732e+9
409.13,2.125e+9,1.927e+7,2.105e+9
409.18,1.592e+9,1.708e+7,1.575e+9
409.23,1.158e+9,1.471e+7,1.143e+9
409.28,8.176e+8,1.229e+7,8.053e+8
409.33,5.606e+8,9.979e+6,5.506e+8
409.38,3.732e+8,7.870e+6,3.653e+8
409.43,2.413e+8,6.033e+6,2.353e+8
409.48,1.515e+8,4.504e+6,1.470e+8
409.53,9.248e+7,3.290e+6,8.919e+7
409.58,5.488e+7,2.378e+6,5.250e+7
409.63,3.174e+7,1.743e+6,2.999e+7
409.68,1.799e+7,1.358e+6,1.663e+7
409.73,1.015e+7,1.202e+6,8.949e+6
409.78,5.936e+6,1.263e+6,4.673e+6
409.83,3.904e+6,1.536e+6,2.368e+6
409.88,3.194e+6,2.029e+6,1.165e+6
409.93,3.308e+6,2.752e+6,5.561e+5
409.98,3.975e+6,3.717e+6,2.576e+5
410.03,5.041e+6,4.925e+6,1.158e+5
410.08,6.415e+6,6.365e+6,5.055e+4
410.13,8.022e+6,8.001e+6,2.141e+4
410.18,9.783e+6,9.774e+6,8.799e+3
410.23,1.161e+7,1.160e+7,3.510e+3
410.28,1.338e+7,1.338e+7,1.359e+3
410.33,1.500e+7,1.500e+7,5.111e+2
410.38,1.634e+7,1.634e+7,1.882e+2
410.43,1.731e+7,1.731e+7,7.219e+1
410.48,1.783e+7,1.783e+7,4.158e+1
410.53,1.789e+7,1.789e+7,6.270e+1
410.58,1.749e+7,1.749e+7,1.582e+2
410.63,1.667e+7,1.667e+7,4.279e+2
410.68,1.552e+7,1.552e+7,1.138e+3
410.73,1.412e+7,1.412e+7,2.941e+3
410.78,1.259e+7,1.258e+7,7.384e+3
410.83,1.102e+7,1.100e+7,1.800e+4
410.88,9.501e+6,9.458e+6,4.261e+4
410.93,8.106e+6,8.008e+6,9.795e+4
410.98,6.908e+6,6.690e+6,2.186e+5
411.03,5.995e+6,5.521e+6,4.738e+5
411.08,5.503e+6,4.506e+6,9.972e+5
411.13,5.675e+6,3.637e+6,2.038e+6
411.18,6.945e+6,2.902e+6,4.043e+6
411.23,1.008e+7,2.286e+6,7.791e+6
411.28,1.635e+7,1.776e+6,1.458e+7
411.33,2.784e+7,1.357e+6,2.648e+7
411.38,4.773e+7,1.019e+6,4.671e+7
411.43,8.076e+7,7.497e+5,8.001e+7
411.48,1.336e+8,5.398e+5,1.331e+8
411.53,2.153e+8,3.798e+5,2.149e+8
411.58,3.374e+8,2.608e+5,3.371e+8
411.63,5.135e+8,1.745e+5,5.133e+8
411.68,7.592e+8,1.138e+5,7.591e+8
411.73,1.090e+9,7.216e+4,1.090e+9
411.78,1.520e+9,4.452e+4,1.520e+9
411.83,2.057e+9,2.671e+4,2.057e+9
411.88,2.704e+9,1.557e+4,2.704e+9
411.93,3.452e+9,8.821e+3,3.452e+9
411.98,4.279e+9,4.855e+3,4.279e+9
412.03,5.150e+9,2.596e+3,5.150e+9
412.08,6.018e+9,1.349e+3,6.018e+9
412.13,6.830e+9,6.847e+2,6.830e+9
412.18,7.526e+9,3.460e+2,7.526e+9
412.23,8.052e+9,1.904e+2,8.052e+9
412.28,8.366e+9,1.482e+2,8.366e+9
412.33,8.440e+9,2.027e+2,8.440e+9
412.38,8.268e+9,3.872e+2,8.268e+9
412.43,7.865e+9,8.008e+2,7.865e+9
412.48,7.265e+9,1.647e+3,7.265e+9
412.53,6.516e+9,3.308e+3,6.516e+9
412.58,5.675e+9,6.456e+3,5.675e+9
412.63,4.799e+9,1.224e+4,4.799e+9
412.68,3.940e+9,2.254e+4,3.940e+9
412.73,3.142e+9,4.031e+4,3.142e+9
412.78,2.433e+9,7.002e+4,2.433e+9
412.83,1.829e+9,1.181e+5,1.829e+9
412.88,1.335e+9,1.935e+5,1.335e+9
412.93,9.469e+8,3.080e+5,9.466e+8
412.98,6.522e+8,4.760e+5,6.517e+8
413.03,4.367e+8,7.144e+5,4.360e+8
413.08,2.848e+8,1.042e+6,2.838e+8
413.13,1.819e+8,1.475e+6,1.804e+8
413.18,1.152e+8,2.028e+6,1.131e+8
413.23,7.479e+7,2.709e+6,7.208e+7
413.28,5.337e+7,3.515e+6,4.986e+7
413.33,4.606e+7,4.430e+6,4.163e+7
413.38,5.010e+7,5.424e+6,4.467e+7
413.43,6.446e+7,6.453e+6,5.801e+7
413.48,8.943e+7,7.462e+6,8.197e+7
413.53,1.262e+8,8.389e+6,1.178e+8
413.58,1.763e+8,9.173e+6,1.671e+8
413.63,2.414e+8,9.765e+6,2.316e+8
413.68,3.225e+8,1.013e+7,3.124e+8
413.73,4.198e+8,1.026e+7,4.095e+8
413.78,5.317e+8,1.016e+7,5.216e+8
413.83,6.551e+8,9.884e+6,6.452e+8
413.88,7.848e+8,9.476e+6,7.753e+8
413.93,9.139e+8,9.006e+6,9.049e+8
413.98,1.034e+9,8.538e+6,1.026e+9
414.03,1.138e+9,8.128e+6,1.130e+9
414.08,1.217e+9,7.813e+6,1.209e+9
414.13,1.265e+9,7.608e+6,1.257e+9
414.18,1.278e+9,7.503e+6,1.271e+9
414.23,1.257e+9,7.473e+6,1.250e+9
414.28,1.204e+9,7.477e+6,1.197e+9
414.33,1.127e+9,7.471e+6,1.119e+9
414.38,1.034e+9,7.414e+6,1.026e+9
414.43,9.364e+8,7.277e+6,9.291e+8
414.48,8.464e+8,7.045e+6,8.394e+8
414.53,7.757e+8,6.721e+6,7.690e+8
414.58,7.349e+8,6.319e+6,7.286e+8
414.63,7.326e+8,5.867e+6,7.267e+8
414.68,7.744e+8,5.393e+6,7.690e+8
414.73,8.629e+8,4.927e+6,8.579e+8
414.78,9.964e+8,4.492e+6,9.919e+8
414.83,1.169e+9,4.102e+6,1.165e+9
414.88,1.372e+9,3.761e+6,1.369e+9
414.93,1.592e+9,3.470e+6,1.588e+9
414.98,1.811e+9,3.220e+6,1.808e+9
415.03,2.014e+9,3.006e+6,2.011e+9
415.08,2.181e+9,2.823e+6,2.179e+9
415.13,2.300e+9,2.672e+6,2.297e+9
415.18,2.358e+9,2.559e+6,2.355e+9
415.23,2.349e+9,2.497e+6,2.347e+9
415.28,2.275e+9,2.503e+6,2.272e+9
415.33,2.140e+9,2.597e+6,2.138e+9
415.38,1.957e+9,2.797e+6,1.954e+9
415.43,1.738e+9,3.118e+6,1.735e+9
415.48,1.500e+9,3.568e+6,1.496e+9
415.53,1.258e+9,4.149e+6,1.253e+9
415.58,1.025e+9,4.852e+6,1.020e+9
415.63,8.122e+8,5.657e+6,8.065e+8
415.68,6.260e+8,6.533e+6,6.194e+8
415.73,4.696e+8,7.443e+6,4.621e+8
415.78,3.433e+8,8.340e+6,3.349e+8
415.83,2.450e+8,9.176e+6,2.358e+8
415.88,1.712e+8,9.900e+6,1.613e+8
415.93,1.176e+8,1.047e+7,1.071e+8
415.98,7.998e+7,1.084e+7,6.914e+7
416.03,5.434e+7,1.100e+7,4.334e+7
416.08,3.733e+7,1.094e+7,2.639e+7
416.13,2.626e+7,1.065e+7,1.561e+7
416.18,1.914e+7,1.016e+7,8.973e+6
416.23,1.452e+7,9.509e+6,5.009e+6
416.28,1.145e+7,8.732e+6,2.716e+6
416.33,9.308e+6,7.877e+6,1.431e+6
416.38,7.728e+6,6.995e+6,7.321e+5
416.43,6.499e+6,6.135e+6,3.639e+5
416.48,5.517e+6,5.341e+6,1.757e+5
416.53,4.733e+6,4.650e+6,8.243e+4
416.58,4.131e+6,4.093e+6,3.756e+4
416.63,3.709e+6,3.692e+6,1.662e+4
416.68,3.465e+6,3.458e+6,7.148e+3
416.73,3.395e+6,3.392e+6,2.986e+3
416.78,3.486e+6,3.485e+6,1.211e+3
416.84,3.781e+6,3.781e+6,3.950e+2
416.89,4.147e+6,4.147e+6,1.503e+2
416.94,4.587e+6,4.587e+6,5.560e+1
416.99,5.061e+6,5.061e+6,1.997e+1
417.04,5.535e+6,5.535e+6,6.968e+0
417.09,5.978e+6,5.978e+6,2.362e+0
417.14,6.365e+6,6.365e+6,7.778e-1
417.19,6.685e+6,6.685e+6,2.488e-1
417.24,6.935e+6,6.935e+6,7.731e-2
417.29,7.123e+6,7.123e+6,2.339e-2
417.34,7.261e+6,7.261e+6,7.057e-3
417.39,7.365e+6,7.365e+6,2.740e-3
417.44,7.444e+6,7.444e+6,3.354e-3
417.49,7.506e+6,7.506e+6,9.879e-3
417.54,7.546e+6,7.546e+6,3.276e-2
417.59,7.554e+6,7.554e+6,1.069e-1
417.64,7.515e+6,7.515e+6,3.395e-1
417.69,7.413e+6,7.413e+6,1.048e+0
417.74,7.240e+6,7.240e+6,3.144e+0
417.79,6.997e+6,6.997e+6,9.169e+0
417.84,6.703e+6,6.703e+6,2.599e+1
417.89,6.394e+6,6.394e+6,7.162e+1
417.94,6.128e+6,6.128e+6,1.918e+2
417.99,5.977e+6,5.976e+6,4.994e+2
418.04,6.025e+6,6.024e+6,1.264e+3
418.09,6.362e+6,6.359e+6,3.108e+3
418.14,7.073e+6,7.066e+6,7.431e+3
418.19,8.231e+6,8.214e+6,1.727e+4
418.24,9.885e+6,9.846e+6,3.900e+4
418.29,1.205e+7,1.197e+7,8.564e+4
418.34,1.472e+7,1.454e+7,1.828e+5
418.39,1.785e+7,1.747e+7,3.791e+5
418.44,2.138e+7,2.062e+7,7.644e+5
418.49,2.530e+7,2.380e+7,1.498e+6
418.54,2.965e+7,2.680e+7,2.854e+6
418.59,3.467e+7,2.939e+7,5.285e+6
418.64,4.087e+7,3.136e+7,9.511e+6
418.69,4.920e+7,3.256e+7,1.664e+7
418.74,6.117e+7,3.287e+7,2.830e+7
418.79,7.904e+7,3.227e+7,4.677e+7
418.84,1.059e+8,3.081e+7,7.514e+7
418.89,1.459e+8,2.860e+7,1.173e+8
418.94,2.039e+8,2.581e+7,1.781e+8
418.99,2.855e+8,2.266e+7,2.628e+8
419.04,3.962e+8,1.934e+7,3.769e+8
419.09,5.415e+8,1.606e+7,5.254e+8
419.14,7.249e+8,1.297e+7,7.119e+8
419.19,9.478e+8,1.020e+7,9.376e+8
419.24,1.208e+9,7.799e+6,1.200e+9
419.29,1.499e+9,5.807e+6,1.494e+9
419.34,1.811e+9,4.210e+6,1.807e+9
419.39,2.127e+9,2.973e+6,2.124e+9
419.44,2.429e+9,2.045e+6,2.427e+9
419.49,2.697e+9,1.372e+6,2.696e+9
419.54,2.912e+9,8.969e+5,2.911e+9
419.59,3.055e+9,5.721e+5,3.055e+9
419.64,3.116e+9,3.562e+5,3.116e+9
419.69,3.090e+9,2.166e+5,3.090e+9
419.74,2.978e+9,1.287e+5,2.978e+9
419.79,2.790e+9,7.473e+4,2.789e+9
419.84,2.540e+9,4.246e+4,2.540e+9
419.89,2.248e+9,2.360e+4,2.248e+9
419.94,1.934e+9,1.284e+4,1.934e+9
419.99,1.617e+9,6.846e+3,1.617e+9
420.04,1.315e+9,3.574e+3,1.315e+9
420.09,1.039e+9,1.829e+3,1.039e+9
420.14,7.975e+8,9.187e+2,7.975e+8
420.19,5.953e+8,4.570e+2,5.953e+8
420.24,4.319e+8,2.337e+2,4.319e+8
420.29,3.046e+8,1.408e+2,3.046e+8
420.34,2.088e+8,1.307e+2,2.088e+8
420.39,1.391e+8,1.953e+2,1.391e+8
420.44,9.011e+7,3.612e+2,9.011e+7
420.49,5.673e+7,6.951e+2,5.673e+7
420.54,3.471e+7,1.322e+3,3.471e+7
420.59,2.065e+7,2.453e+3,2.065e+7
420.64,1.194e+7,4.430e+3,1.194e+7
420.69,6.716e+6,7.785e+3,6.708e+6
420.74,3.677e+6,1.331e+4,3.664e+6
420.79,1.967e+6,2.212e+4,1.945e+6
420.84,1.040e+6,3.577e+4,1.004e+6
420.89,5.598e+5,5.627e+4,5.036e+5
420.94,3.316e+5,8.610e+4,2.455e+5
420.99,2.445e+5,1.282e+5,1.164e+5
421.04,2.391e+5,1.855e+5,5.361e+4
421.09,2.853e+5,2.613e+5,2.400e+4
421.14,3.684e+5,3.579e+5,1.045e+4
421.19,4.814e+5,4.770e+5,4.420e+3
421.24,6.202e+5,6.184e+5,1.817e+3
421.29,7.806e+5,7.799e+5,7.264e+2
421.34,9.570e+5,9.567e+5,2.822e+2
421.39,1.142e+6,1.142e+6,1.066e+2
421.44,1.326e+6,1.326e+6,3.912e+1
421.49,1.497e+6,1.497e+6,1.396e+1
421.54,1.645e+6,1.645e+6,4.841e+0
421.59,1.759e+6,1.759e+6,1.634e+0
421.64,1.829e+6,1.829e+6,5.409e-1
421.69,1.851e+6,1.851e+6,1.911e-1
421.74,1.822e+6,1.822e+6,1.208e-1
421.79,1.744e+6,1.744e+6,2.319e-1
421.84,1.625e+6,1.625e+6,6.715e-1
421.89,1.473e+6,1.473e+6,2.004e+0
421.94,1.299e+6,1.299e+6,5.847e+0
421.99,1.114e+6,1.114e+6,1.660e+1
422.04,9.301e+5,9.301e+5,4.586e+1
422.09,7.554e+5,7.553e+5,1.232e+2
422.14,5.970e+5,5.967e+5,3.218e+2
422.19,4.594e+5,4.586e+5,8.176e+2
422.24,3.450e+5,3.430e+5,2.020e+3
422.29,2.544e+5,2.495e+5,4.855e+3
422.34,1.880e+5,1.766e+5,1.135e+4
422.39,1.474e+5,1.216e+5,2.579e+4
422.44,1.385e+5,8.149e+4,5.701e+4
422.49,1.757e+5,5.314e+4,1.226e+5
422.54,2.900e+5,3.374e+4,2.563e+5
422.59,5.421e+5,2.092e+4,5.212e+5
422.64,1.043e+6,1.276e+4,1.031e+6
422.69,1.990e+6,7.845e+3,1.982e+6
422.74,3.714e+6,5.206e+3,3.708e+6
422.79,6.751e+6,4.255e+3,6.746e+6
422.84,1.194e+7,4.753e+3,1.194e+7
422.89,2.055e+7,6.776e+3,2.054e+7
422.94,3.438e+7,1.071e+4,3.437e+7
422.99,5.596e+7,1.724e+4,5.595e+7
423.04,8.858e+7,2.742e+4,8.856e+7
423.09,1.364e+8,4.259e+4,1.363e+8
423.14,2.042e+8,6.444e+4,2.041e+8
423.19,2.973e+8,9.486e+4,2.972e+8
423.24,4.210e+8,1.358e+5,4.209e+8
423.29,5.798e+8,1.892e+5,5.797e+8
423.34,7.767e+8,2.562e+5,7.764e+8
423.39,1.012e+9,3.375e+5,1.011e+9
423.44,1.282e+9,4.323e+5,1.281e+9
423.49,1.579e+9,5.386e+5,1.579e+9
423.54,1.893e+9,6.526e+5,1.892e+9
423.59,2.206e+9,7.691e+5,2.205e+9
423.64,2.500e+9,8.815e+5,2.499e+9
423.69,2.756e+9,9.825e+5,2.755e+9
423.74,2.954e+9,1.065e+6,2.953e+9
423.79,3.080e+9,1.123e+6,3.079e+9
423.84,3.124e+9,1.151e+6,3.122e+9
423.89,3.080e+9,1.148e+6,3.079e+9
423.94,2.954e+9,1.114e+6,2.953e+9
423.99,2.756e+9,1.050e+6,2.755e+9
424.04,2.500e+9,9.636e+5,2.499e+9
424.09,2.206e+9,8.597e+5,2.205e+9
424.14,1.893e+9,7.459e+5,1.892e+9
424.19,1.579e+9,6.295e+5,1.579e+9
424.24,1.282e+9,5.166e+5,1.281e+9
424.29,1.012e+9,4.123e+5,1.011e+9
424.34,7.767e+8,3.201e+5,7.764e+8
424.39,5.799e+8,2.416e+5,5.797e+8
424.44,4.211e+8,1.774e+5,4.209e+8
424.49,2.973e+8,1.267e+5,2.972e+8
424.54,2.042e+8,8.799e+4,2.041e+8
424.59,1.364e+8,5.943e+4,1.363e+8
424.64,8.860e+7,3.904e+4,8.856e+7
424.69,5.597e+7,2.495e+4,5.595e+7
424.74,3.439e+7,1.551e+4,3.437e+7
424.79,2.055e+7,9.403e+3,2.054e+7
424.84,1.194e+7,5.589e+3,1.194e+7
424.89,6.750e+6,3.328e+3,6.746e+6
424.94,3.711e+6,2.125e+3,3.708e+6
424.99,1.984e+6,1.702e+3,1.982e+6
425.04,1.033e+6,1.974e+3,1.031e+6
425.09,5.242e+5,3.058e+3,5.212e+5
425.14,2.616e+5,5.307e+3,2.563e+5
425.19,1.319e+5,9.371e+3,1.226e+5
425.24,7.332e+4,1.631e+4,5.701e+4
425.29,5.349e+4,2.770e+4,2.579e+4
425.34,5.717e+4,4.582e+4,1.135e+4
425.39,7.861e+4,7.376e+4,4.855e+3
425.44,1.175e+5,1.155e+5,2.020e+3
425.49,1.768e+5,1.760e+5,8.176e+2
425.54,2.612e+5,2.609e+5,3.219e+2
425.59,3.763e+5,3.762e+5,1.234e+2
425.64,5.278e+5,5.277e+5,4.662e+1
425.69,7.203e+5,7.203e+5,1.875e+1
425.74,9.564e+5,9.564e+5,1.172e+1
425.79,1.236e+6,1.236e+6,1.768e+1
425.84,1.553e+6,1.553e+6,4.140e+1
425.89,1.899e+6,1.899e+6,1.032e+2
425.94,2.260e+6,2.260e+6,2.532e+2
425.99,2.617e+6,2.616e+6,6.058e+2
426.04,2.950e+6,2.949e+6,1.411e+3
426.09,3.239e+6,3.236e+6,3.196e+3
426.14,3.466e+6,3.459e+6,7.044e+3
426.19,3.619e+6,3.604e+6,1.511e+4
426.24,3.696e+6,3.665e+6,3.153e+4
426.29,3.708e+6,3.644e+6,6.403e+4
426.34,3.681e+6,3.554e+6,1.265e+5
426.39,3.658e+6,3.415e+6,2.433e+5
426.44,3.708e+6,3.253e+6,4.551e+5
426.49,3.927e+6,3.099e+6,8.284e+5
426.54,4.449e+6,2.982e+6,1.467e+6
426.59,5.458e+6,2.929e+6,2.528e+6
426.64,7.200e+6,2.960e+6,4.240e+6
426.69,1.000e+7,3.083e+6,6.918e+6
426.74,1.428e+7,3.298e+6,1.098e+7
426.79,2.056e+7,3.591e+6,1.697e+7
426.84,2.944e+7,3.940e+6,2.550e+7
426.89,4.161e+7,4.317e+6,3.730e+7
426.94,5.777e+7,4.689e+6,5.308e+7
426.99,7.852e+7,5.027e+6,7.349e+7
427.04,1.043e+8,5.311e+6,9.902e+7
427.09,1.353e+8,5.533e+6,1.298e+8
427.14,1.713e+8,5.704e+6,1.656e+8
427.19,2.114e+8,5.858e+6,2.055e+8
427.24,2.543e+8,6.048e+6,2.482e+8
427.29,2.980e+8,6.349e+6,2.917e+8
427.34,3.404e+8,6.851e+6,3.335e+8
427.39,3.787e+8,7.652e+6,3.711e+8
427.44,4.105e+8,8.847e+6,4.017e+8
427.49,4.336e+8,1.051e+7,4.231e+8
427.54,4.464e+8,1.270e+7,4.337e+8
427.59,4.479e+8,1.542e+7,4.325e+8
427.64,4.383e+8,1.861e+7,4.197e+8
427.69,4.184e+8,2.218e+7,3.962e+8
427.74,3.900e+8,2.596e+7,3.640e+8
427.79,3.551e+8,2.973e+7,3.254e+8
427.84,3.163e+8,3.325e+7,2.830e+8
427.89,2.758e+8,3.626e+7,2.396e+8
427.94,2.358e+8,3.853e+7,1.973e+8
427.99,1.979e+8,3.988e+7,1.581e+8
428.04,1.634e+8,4.018e+7,1.232e+8
428.09,1.329e+8,3.940e+7,9.349e+7
428.14,1.066e+8,3.760e+7,6.901e+7
428.19,8.449e+7,3.492e+7,4.957e+7
428.24,6.621e+7,3.157e+7,3.464e+7
428.29,5.132e+7,2.777e+7,2.356e+7
428.34,3.935e+7,2.377e+7,1.559e+7
428.39,2.983e+7,1.980e+7,1.004e+7
428.44,2.233e+7,1.605e+7,6.287e+6
428.49,1.649e+7,1.266e+7,3.832e+6
428.54,1.200e+7,9.726e+6,2.274e+6
428.59,8.590e+6,7.276e+6,1.314e+6
428.64,6.049e+6,5.307e+6,7.419e+5
428.69,4.195e+6,3.781e+6,4.138e+5
428.74,2.880e+6,2.642e+6,2.374e+5
428.79,1.982e+6,1.824e+6,1.574e+5
428.84,1.408e+6,1.262e+6,1.463e+5
428.89,1.094e+6,8.954e+5,1.983e+5
428.94,9.995e+5,6.723e+5,3.272e+5
428.99,1.119e+6,5.506e+5,5.679e+5
429.04,1.478e+6,4.970e+5,9.807e+5
429.09,2.144e+6,4.862e+5,1.658e+6
429.14,3.232e+6,4.991e+5,2.733e+6
429.19,4.907e+6,5.218e+5,4.386e+6
429.24,7.395e+6,5.443e+5,6.851e+6
429.29,1.098e+7,5.600e+5,1.042e+7
429.34,1.598e+7,5.646e+5,1.542e+7
429.39,2.276e+7,5.564e+5,2.221e+7
429.44,3.167e+7,5.354e+5,3.114e+7
429.49,4.300e+7,5.037e+5,4.249e+7
429.54,5.691e+7,4.647e+5,5.644e+7
429.59,7.339e+7,4.231e+5,7.297e+7
429.64,9.221e+7,3.847e+5,9.182e+7
429.69,1.128e+8,3.559e+5,1.125e+8
429.74,1.344e+8,3.443e+5,1.341e+8
429.79,1.559e+8,3.581e+5,1.556e+8
429.84,1.761e+8,4.060e+5,1.757e+8
429.89,1.936e+8,4.977e+5,1.931e+8
429.94,2.073e+8,6.426e+5,2.066e+8
429.99,2.160e+8,8.501e+5,2.152e+8
430.04,2.192e+8,1.128e+6,2.181e+8
430.09,2.167e+8,1.480e+6,2.152e+8
430.14,2.085e+8,1.907e+6,2.066e+8
430.19,1.955e+8,2.403e+6,1.931e+8
430.24,1.786e+8,2.955e+6,1.757e+8
430.29,1.591e+8,3.544e+6,1.556e+8
430.34,1.382e+8,4.142e+6,1.341e+8
430.39,1.172e+8,4.718e+6,1.125e+8
430.44,9.706e+7,5.240e+6,9.182e+7
430.49,7.864e+7,5.675e+6,7.297e+7
430.54,6.244e+7,5.997e+6,5.644e+7
430.59,4.868e+7,6.190e+6,4.249e+7
430.64,3.738e+7,6.246e+6,3.114e+7
430.69,2.838e+7,6.170e+6,2.221e+7
430.74,2.140e+7,5.976e+6,1.542e+7
430.79,1.611e+7,5.688e+6,1.043e+7
430.84,1.220e+7,5.332e+6,6.870e+6
430.89,9.363e+6,4.937e+6,4.426e+6
430.94,7.342e+6,4.527e+6,2.815e+6
430.99,5.943e+6,4.121e+6,1.821e+6
431.04,5.030e+6,3.733e+6,1.296e+6
431.09,4.532e+6,3.369e+6,1.162e+6
431.14,4.447e+6,3.030e+6,1.416e+6
431.19,4.854e+6,2.714e+6,2.140e+6
431.24,5.934e+6,2.416e+6,3.518e+6
431.29,7.986e+6,2.133e+6,5.853e+6
431.34,1.146e+7,1.862e+6,9.600e+6
431.39,1.699e+7,1.603e+6,1.539e+7
431.44,2.541e+7,1.358e+6,2.405e+7
431.49,3.773e+7,1.129e+6,3.660e+7
431.54,5.516e+7,9.198e+5,5.424e+7
431.59,7.899e+7,7.330e+5,7.826e+7
431.64,1.105e+8,5.707e+5,1.099e+8
431.69,1.508e+8,4.338e+5,1.504e+8
431.74,2.005e+8,3.216e+5,2.002e+8
431.79,2.598e+8,2.325e+5,2.596e+8
431.84,3.278e+8,1.638e+5,3.276e+8
431.89,4.027e+8,1.125e+5,4.026e+8
431.94,4.818e+8,7.519e+4,4.817e+8
431.99,5.612e+8,4.897e+4,5.612e+8
432.04,6.366e+8,3.105e+4,6.366e+8
432.09,7.032e+8,1.917e+4,7.032e+8
432.14,7.567e+8,1.153e+4,7.567e+8
432.19,7.933e+8,6.747e+3,7.933e+8
432.24,8.110e+8,3.845e+3,8.110e+8
432.29,8.095e+8,2.133e+3,8.095e+8
432.34,7.904e+8,1.152e+3,7.904e+8
432.39,7.581e+8,6.057e+2,7.581e+8
432.44,7.188e+8,3.100e+2,7.188e+8
432.49,6.811e+8,1.545e+2,6.811e+8
432.54,6.551e+8,7.492e+1,6.551e+8
432.59,6.523e+8,3.538e+1,6.523e+8
432.64,6.851e+8,1.626e+1,6.851e+8
432.69,7.661e+8,7.276e+0,7.661e+8
432.74,9.072e+8,3.169e+0,9.072e+8
432.79,1.119e+9,1.344e+0,1.119e+9
432.84,1.408e+9,5.548e-1,1.408e+9
432.89,1.777e+9,2.229e-1,1.777e+9
432.94,2.225e+9,8.720e-2,2.225e+9
432.99,2.739e+9,3.320e-2,2.739e+9
433.04,3.303e+9,1.231e-2,3.303e+9
433.09,3.891e+9,4.442e-3,3.891e+9
433.14,4.471e+9,1.564e-3,4.471e+9
433.19,5.007e+9,5.485e-4,5.007e+9
433.24,5.463e+9,2.274e-4,5.463e+9
433.29,5.806e+9,2.178e-4,5.806e+9
433.34,6.010e+9,5.200e-4,6.010e+9
433.39,6.057e+9,1.536e-3,6.057e+9
433.44,5.945e+9,4.550e-3,5.945e+9
433.49,5.682e+9,1.316e-2,5.682e+9
433.54,5.288e+9,3.709e-2,5.288e+9
433.59,4.792e+9,1.018e-1,4.792e+9
433.64,4.228e+9,2.722e-1,4.228e+9
433.69,3.633e+9,7.088e-1,3.633e+9
433.74,3.039e+9,1.798e+0,3.039e+9
433.79,2.476e+9,4.441e+0,2.476e+9
433.84,1.964e+9,1.069e+1,1.964e+9
433.89,1.517e+9,2.504e+1,1.517e+9
433.94,1.141e+9,5.715e+1,1.141e+9
433.99,8.356e+8,1.271e+2,8.356e+8
434.04,5.959e+8,2.751e+2,5.959e+8
434.09,4.138e+8,5.801e+2,4.138e+8
434.14,2.798e+8,1.192e+3,2.798e+8
434.19,1.842e+8,2.384e+3,1.842e+8
434.24,1.181e+8,4.645e+3,1.181e+8
434.29,7.373e+7,8.815e+3,7.372e+7
434.34,4.483e+7,1.629e+4,4.481e+7
434.39,2.655e+7,2.933e+4,2.652e+7
434.44,1.534e+7,5.143e+4,1.529e+7
434.49,8.666e+6,8.784e+4,8.578e+6
434.54,4.833e+6,1.461e+5,4.687e+6
434.59,2.731e+6,2.367e+5,2.494e+6
434.64,1.666e+6,3.735e+5,1.292e+6
434.69,1.226e+6,5.741e+5,6.519e+5
434.74,1.180e+6,8.593e+5,3.203e+5
434.79,1.406e+6,1.253e+6,1.532e+5
434.84,1.850e+6,1.779e+6,7.135e+4
434.89,2.493e+6,2.461e+6,3.236e+4
434.94,3.329e+6,3.315e+6,1.429e+4
434.99,4.356e+6,4.349e+6,6.146e+3
435.04,5.561e+6,5.559e+6,2.573e+3
435.09,6.920e+6,6.919e+6,1.049e+3
435.14,8.389e+6,8.389e+6,4.165e+2
435.19,9.907e+6,9.907e+6,1.610e+2
435.24,1.140e+7,1.140e+7,6.062e+1
435.29,1.277e+7,1.277e+7,2.222e+1
435.34,1.394e+7,1.394e+7,7.930e+0
435.39,1.482e+7,1.482e+7,2.756e+0
435.44,1.535e+7,1.535e+7,9.326e-1
435.49,1.549e+7,1.549e+7,3.073e-1
435.54,1.524e+7,1.524e+7,9.860e-2
435.59,1.460e+7,1.460e+7,3.080e-2
435.64,1.364e+7,1.364e+7,9.371e-3
435.69,1.243e+7,1.243e+7,2.776e-3
435.74,1.104e+7,1.104e+7,8.007e-4
435.79,9.575e+6,9.575e+6,2.249e-4
435.84,8.107e+6,8.107e+6,6.151e-5
435.89,6.709e+6,6.709e+6,1.638e-5
435.94,5.432e+6,5.432e+6,4.247e-6
435.99,4.309e+6,4.309e+6,1.072e-6
436.04,3.355e+6,3.355e+6,
436.09,2.568e+6,2.568e+6,
436.14,1.938e+6,1.938e+6,
436.19,1.445e+6,1.445e+6,
436.24,1.067e+6,1.067e+6,
436.29,7.830e+5,7.830e+5,
436.34,5.715e+5,5.715e+5,
436.39,4.155e+5,4.155e+5,
436.44,3.009e+5,3.009e+5,
436.49,2.169e+5,2.169e+5,
436.54,1.554e+5,1.554e+5,
436.59,1.103e+5,1.103e+5,
436.64,7.751e+4,7.751e+4,
436.69,5.374e+4,5.374e+4,
436.74,3.674e+4,3.674e+4,
436.79,2.482e+4,2.482e+4,
436.84,1.673e+4,1.673e+4,
436.89,1.157e+4,1.157e+4,
436.94,8.757e+3,8.757e+3,
436.99,7.998e+3,7.998e+3,
437.04,9.293e+3,9.293e+3,
437.09,1.295e+4,1.295e+4,
437.14,1.962e+4,1.962e+4,
437.19,3.030e+4,3.030e+4,
437.24,4.638e+4,4.638e+4,
437.29,6.958e+4,6.958e+4,
437.34,1.019e+5,1.019e+5,
437.39,1.456e+5,1.456e+5,
437.44,2.027e+5,2.027e+5,
437.49,2.749e+5,2.749e+5,
437.54,3.633e+5,3.633e+5,
437.59,4.678e+5,4.678e+5,
437.64,5.868e+5,5.868e+5,
437.69,7.172e+5,7.172e+5,
437.74,8.540e+5,8.540e+5,
437.79,9.908e+5,9.908e+5,
437.84,1.120e+6,1.120e+6,
437.89,1.233e+6,1.233e+6,
437.94,1.323e+6,1.323e+6,
437.99,1.383e+6,1.383e+6,
438.04,1.409e+6,1.409e+6,
438.09,1.398e+6,1.398e+6,
438.14,1.351e+6,1.351e+6,
438.19,1.273e+6,1.273e+6,
438.24,1.169e+6,1.169e+6,
438.29,1.047e+6,1.047e+6,
438.34,9.143e+5,9.143e+5,
438.39,7.801e+5,7.801e+5,
438.44,6.519e+5,6.519e+5,
438.49,5.362e+5,5.362e+5,
438.54,4.380e+5,4.380e+5,
438.59,3.609e+5,3.609e+5,
438.64,3.073e+5,3.073e+5,
438.69,2.783e+5,2.783e+5,
438.74,2.744e+5,2.744e+5,
438.79,2.953e+5,2.953e+5,
438.84,3.401e+5,3.401e+5,
438.89,4.073e+5,4.073e+5,
438.94,4.944e+5,4.944e+5,
438.99,5.984e+5,5.984e+5,
439.04,7.149e+5,7.149e+5,
439.09,8.388e+5,8.388e+5,
439.14,9.641e+5,9.641e+5,
439.19,1.084e+6,1.084e+6,
439.24,1.193e+6,1.193e+6,
439.29,1.285e+6,1.285e+6,
439.34,1.356e+6,1.356e+6,
439.39,1.403e+6,1.403e+6,
439.44,1.426e+6,1.426e+6,
439.49,1.427e+6,1.427e+6,
439.54,1.409e+6,1.409e+6,
439.59,1.380e+6,1.380e+6,
439.64,1.346e+6,1.346e+6,
439.69,1.316e+6,1.316e+6,
439.74,1.296e+6,1.296e+6,
439.79,1.295e+6,1.295e+6,
439.84,1.315e+6,1.315e+6,
439.89,1.358e+6,1.358e+6,
439.94,1.425e+6,1.425e+6,
439.99,1.509e+6,1.509e+6,
440.04,1.605e+6,1.605e+6,
440.09,1.702e+6,1.702e+6,
440.14,1.791e+6,1.791e+6,
440.19,1.860e+6,1.860e+6,
440.24,1.900e+6,1.900e+6,
440.29,1.903e+6,1.903e+6,
440.34,1.868e+6,1.868e+6,8.150e-7
440.39,1.792e+6,1.792e+6,3.105e-6
440.44,1.679e+6,1.679e+6,1.153e-5
440.49,1.536e+6,1.536e+6,4.176e-5
440.54,1.371e+6,1.371e+6,1.474e-4
440.59,1.193e+6,1.193e+6,5.072e-4
440.64,1.013e+6,1.013e+6,1.701e-3
440.69,8.380e+5,8.380e+5,5.563e-3
440.74,6.760e+5,6.760e+5,1.773e-2
440.79,5.316e+5,5.316e+5,5.511e-2
440.84,4.075e+5,4.075e+5,1.669e-1
440.89,3.045e+5,3.045e+5,4.930e-1
440.94,2.219e+5,2.219e+5,1.419e+0
440.99,1.580e+5,1.580e+5,3.983e+0
441.04,1.103e+5,1.103e+5,1.090e+1
441.09,7.643e+4,7.640e+4,2.906e+1
441.14,5.422e+4,5.415e+4,7.555e+1
441.19,4.227e+4,4.208e+4,1.915e+2
441.24,4.026e+4,3.979e+4,4.731e+2
441.29,4.939e+4,4.825e+4,1.139e+3
441.34,7.294e+4,7.026e+4,2.675e+3
441.39,1.171e+5,1.109e+5,6.123e+3
441.44,1.919e+5,1.783e+5,1.366e+4
441.49,3.133e+5,2.836e+5,2.972e+4
441.54,5.052e+5,4.422e+5,6.302e+4
441.59,8.037e+5,6.734e+5,1.303e+5
441.64,1.263e+6,1.000e+6,2.625e+5
441.69,1.964e+6,1.449e+6,5.156e+5
441.74,3.033e+6,2.045e+6,9.875e+5
441.79,4.658e+6,2.814e+6,1.843e+6
441.84,7.130e+6,3.776e+6,3.355e+6
441.89,1.089e+7,4.937e+6,5.951e+6
441.94,1.659e+7,6.293e+6,1.029e+7
441.99,2.517e+7,7.820e+6,1.735e+7
442.04,3.799e+7,9.471e+6,2.852e+7
442.09,5.688e+7,1.118e+7,4.569e+7
442.14,8.424e+7,1.287e+7,7.137e+7
442.19,1.231e+8,1.444e+7,1.087e+8
442.24,1.771e+8,1.579e+7,1.613e+8
442.29,2.502e+8,1.683e+7,2.334e+8
442.34,3.467e+8,1.749e+7,3.292e+8
442.39,4.703e+8,1.771e+7,4.526e+8
442.44,6.242e+8,1.749e+7,6.067e+8
442.49,8.096e+8,1.683e+7,7.928e+8
442.54,1.026e+9,1.579e+7,1.010e+9
442.59,1.269e+9,1.444e+7,1.254e+9
442.64,1.531e+9,1.287e+7,1.518e+9
442.69,1.803e+9,1.118e+7,1.792e+9
442.74,2.071e+9,9.472e+6,2.061e+9
442.79,2.319e+9,7.820e+6,2.312e+9
442.84,2.534e+9,6.294e+6,2.527e+9
442.89,2.698e+9,4.937e+6,2.693e+9
442.94,2.802e+9,3.776e+6,2.798e+9
442.99,2.837e+9,2.815e+6,2.834e+9
443.04,2.800e+9,2.046e+6,2.798e+9
443.09,2.695e+9,1.451e+6,2.693e+9
443.14,2.528e+9,1.005e+6,2.527e+9
443.19,2.312e+9,6.818e+5,2.312e+9
443.24,2.062e+9,4.568e+5,2.061e+9
443.29,1.792e+9,3.082e+5,1.792e+9
443.34,1.518e+9,2.188e+5,1.518e+9
443.39,1.254e+9,1.760e+5,1.254e+9
443.44,1.010e+9,1.721e+5,1.010e+9
443.49,7.930e+8,2.039e+5,7.928e+8
443.54,6.070e+8,2.718e+5,6.067e+8
443.59,4.530e+8,3.794e+5,4.526e+8
443.64,3.297e+8,5.328e+5,3.292e+8
443.69,2.341e+8,7.390e+5,2.334e+8
443.74,1.623e+8,1.005e+6,1.613e+8
443.79,1.100e+8,1.337e+6,1.087e+8
443.84,7.310e+7,1.738e+6,7.137e+7
443.89,4.790e+7,2.205e+6,4.569e+7
443.94,3.125e+7,2.733e+6,2.852e+7
443.99,2.066e+7,3.307e+6,1.735e+7
444.04,1.420e+7,3.907e+6,1.029e+7
444.09,1.046e+7,4.507e+6,5.951e+6
444.14,8.431e+6,5.077e+6,3.355e+6
444.19,7.427e+6,5.583e+6,1.843e+6
444.24,6.983e+6,5.996e+6,9.875e+5
444.29,6.802e+6,6.286e+6,5.156e+5
444.34,6.697e+6,6.435e+6,2.625e+5
444.39,6.562e+6,6.431e+6,1.303e+5
444.44,6.339e+6,6.276e+6,6.302e+4
444.49,6.009e+6,5.980e+6,2.972e+4
444.54,5.577e+6,5.563e+6,1.366e+4
444.59,5.060e+6,5.054e+6,6.123e+3
444.64,4.487e+6,4.484e+6,2.675e+3
444.69,3.889e+6,3.888e+6,1.139e+3
444.74,3.297e+6,3.296e+6,4.731e+2
444.79,2.736e+6,2.736e+6,1.915e+2
444.84,2.228e+6,2.228e+6,7.555e+1
444.89,1.787e+6,1.787e+6,2.906e+1
444.94,1.421e+6,1.421e+6,1.090e+1
444.99,1.130e+6,1.130e+6,3.983e+0
445.04,9.126e+5,9.126e+5,1.419e+0
445.09,7.599e+5,7.599e+5,4.930e-1
445.14,6.630e+5,6.630e+5,1.669e-1
445.19,6.107e+5,6.107e+5,5.511e-2
445.24,5.919e+5,5.919e+5,1.773e-2
445.29,5.955e+5,5.955e+5,5.563e-3
445.34,6.115e+5,6.115e+5,1.701e-3
445.39,6.313e+5,6.313e+5,5.072e-4
445.44,6.477e+5,6.477e+5,1.474e-4
445.49,6.555e+5,6.555e+5,4.176e-5
445.54,6.513e+5,6.513e+5,1.153e-5
445.59,6.337e+5,6.337e+5,3.105e-6
445.64,6.028e+5,6.028e+5,8.150e-7
445.69,5.604e+5,5.604e+5,
445.74,5.093e+5,5.093e+5,
445.79,4.531e+5,4.531e+5,
445.84,3.958e+5,3.958e+5,
445.89,3.418e+5,3.418e+5,
445.94,2.952e+5,2.952e+5,
445.99,2.599e+5,2.599e+5,
446.04,2.400e+5,2.400e+5,
446.09,2.393e+5,2.393e+5,
446.14,2.616e+5,2.616e+5,
446.19,3.109e+5,3.109e+5,
446.24,3.908e+5,3.908e+5,
446.29,5.045e+5,5.045e+5,
446.34,6.545e+5,6.545e+5,
446.39,8.413e+5,8.413e+5,
446.44,1.063e+6,1.063e+6,
446.49,1.317e+6,1.317e+6,
446.54,1.593e+6,1.593e+6,
446.59,1.882e+6,1.882e+6,
446.64,2.170e+6,2.170e+6,
446.69,2.440e+6,2.440e+6,
446.74,2.677e+6,2.677e+6,
446.79,2.865e+6,2.865e+6,
446.84,2.991e+6,2.991e+6,
446.89,3.046e+6,3.046e+6,
446.94,3.026e+6,3.026e+6,
446.99,2.936e+6,2.936e+6,
447.04,2.781e+6,2.781e+6,
447.09,2.576e+6,2.576e+6,
447.14,2.337e+6,2.337e+6,
447.19,2.083e+6,2.083e+6,
447.24,1.832e+6,1.832e+6,
447.29,1.602e+6,1.602e+6,
447.34,1.407e+6,1.407e+6,
447.39,1.259e+6,1.259e+6,
447.44,1.165e+6,1.165e+6,
447.49,1.128e+6,1.128e+6,
447.54,1.147e+6,1.147e+6,
447.59,1.218e+6,1.218e+6,
447.64,1.334e+6,1.334e+6,
447.7,1.521e+6,1.521e+6,
447.75,1.706e+6,1.706e+6,
447.8,1.908e+6,1.908e+6,
447.85,2.120e+6,2.120e+6,
447.9,2.339e+6,2.339e+6,
447.95,2.564e+6,2.564e+6,
448,2.797e+6,2.797e+6,
448.05,3.043e+6,3.043e+6,
448.1,3.308e+6,3.308e+6,
448.15,3.598e+6,3.598e+6,
448.2,3.918e+6,3.918e+6,
448.25,4.266e+6,4.266e+6,
448.3,4.640e+6,4.640e+6,
448.35,5.030e+6,5.030e+6,
448.4,5.425e+6,5.425e+6,
448.45,5.812e+6,5.812e+6,
448.5,6.178e+6,6.178e+6,
448.55,6.514e+6,6.514e+6,
448.6,6.816e+6,6.816e+6,
448.65,7.088e+6,7.088e+6,
448.7,7.340e+6,7.340e+6,
448.75,7.590e+6,7.590e+6,
448.8,7.856e+6,7.856e+6,
448.85,8.157e+6,8.157e+6,
448.9,8.510e+6,8.510e+6,
448.95,8.924e+6,8.924e+6,
449,9.401e+6,9.401e+6,
449.05,9.935e+6,9.935e+6,
449.1,1.052e+7,1.052e+7,
449.15,1.113e+7,1.113e+7,
449.2,1.176e+7,1.176e+7,
449.25,1.239e+7,1.239e+7,
449.3,1.304e+7,1.304e+7,
449.35,1.370e+7,1.370e+7,
449.4,1.440e+7,1.440e+7,
449.45,1.514e+7,1.514e+7,
449.5,1.596e+7,1.596e+7,
449.55,1.686e+7,1.686e+7,
449.6,1.785e+7,1.785e+7,
449.65,1.891e+7,1.891e+7,
449.7,2.001e+7,2.001e+7,
449.75,2.107e+7,2.107e+7,
449.8,2.204e+7,2.204e+7,
449.85,2.282e+7,2.282e+7,
449.9,2.333e+7,2.333e+7,2.495e-7
449.95,2.350e+7,2.350e+7,9.254e-7
450,2.327e+7,2.327e+7,3.349e-6
450.05,2.263e+7,2.263e+7,1.183e-5
450.1,2.157e+7,2.157e+7,4.078e-5
450.15,2.015e+7,2.015e+7,1.372e-4
450.2,1.842e+7,1.842e+7,4.502e-4
450.25,1.647e+7,1.647e+7,1.442e-3
450.3,1.441e+7,1.441e+7,4.509e-3
450.35,1.232e+7,1.232e+7,1.376e-2
450.4,1.030e+7,1.030e+7,4.096e-2
450.45,8.408e+6,8.408e+6,1.190e-1
450.5,6.709e+6,6.709e+6,3.374e-1
450.55,5.230e+6,5.230e+6,9.336e-1
450.6,3.983e+6,3.983e+6,2.521e+0
450.65,2.963e+6,2.963e+6,6.644e+0
450.7,2.153e+6,2.153e+6,1.709e+1
450.75,1.528e+6,1.528e+6,4.288e+1
450.8,1.060e+6,1.060e+6,1.050e+2
450.85,7.178e+5,7.176e+5,2.510e+2
450.9,4.753e+5,4.747e+5,5.855e+2
450.95,3.081e+5,3.067e+5,1.333e+3
451,1.966e+5,1.936e+5,2.960e+3
451.05,1.258e+5,1.194e+5,6.417e+3
451.1,8.548e+4,7.191e+4,1.358e+4
451.15,7.033e+4,4.231e+4,2.803e+4
451.2,8.078e+4,2.432e+4,5.647e+4
451.25,1.247e+5,1.365e+4,1.110e+5
451.3,2.205e+5,7.488e+3,2.130e+5
451.35,4.029e+5,4.012e+3,3.989e+5
451.4,7.310e+5,2.100e+3,7.289e+5
451.45,1.301e+6,1.074e+3,1.300e+6
451.5,2.263e+6,5.366e+2,2.262e+6
451.55,3.842e+6,2.619e+2,3.842e+6
451.6,6.367e+6,1.249e+2,6.367e+6
451.65,1.030e+7,5.817e+1,1.030e+7
451.7,1.626e+7,2.647e+1,1.626e+7
451.75,2.504e+7,1.177e+1,2.504e+7
451.8,3.764e+7,5.113e+0,3.764e+7
451.85,5.521e+7,2.170e+0,5.521e+7
451.9,7.904e+7,8.994e-1,7.904e+7
451.95,1.104e+8,3.644e-1,1.104e+8
452,1.506e+8,1.446e-1,1.506e+8
452.05,2.003e+8,5.700e-2,2.003e+8
452.1,2.601e+8,2.467e-2,2.601e+8
452.15,3.296e+8,1.761e-2,3.296e+8
452.2,4.076e+8,2.884e-2,4.076e+8
452.25,4.918e+8,6.819e-2,4.918e+8
452.3,5.792e+8,1.696e-1,5.792e+8
452.35,6.657e+8,4.160e-1,6.657e+8
452.4,7.466e+8,9.978e-1,7.466e+8
452.45,8.171e+8,2.336e+0,8.171e+8
452.5,8.728e+8,5.340e+0,8.728e+8
452.55,9.098e+8,1.191e+1,9.098e+8
452.6,9.254e+8,2.593e+1,9.254e+8
452.65,9.187e+8,5.511e+1,9.187e+8
452.7,8.900e+8,1.143e+2,8.900e+8
452.75,8.414e+8,2.315e+2,8.414e+8
452.8,7.763e+8,4.574e+2,7.763e+8
452.85,6.990e+8,8.822e+2,6.990e+8
452.9,6.141e+8,1.661e+3,6.141e+8
452.95,5.266e+8,3.052e+3,5.266e+8
453,4.407e+8,5.473e+3,4.407e+8
453.05,3.599e+8,9.581e+3,3.599e+8
453.1,2.868e+8,1.637e+4,2.868e+8
453.15,2.231e+8,2.730e+4,2.230e+8
453.2,1.693e+8,4.444e+4,1.693e+8
453.25,1.254e+8,7.061e+4,1.254e+8
453.3,9.073e+7,1.095e+5,9.062e+7
453.35,6.409e+7,1.658e+5,6.392e+7
453.4,4.425e+7,2.449e+5,4.400e+7
453.45,2.991e+7,3.532e+5,2.956e+7
453.5,1.988e+7,4.972e+5,1.938e+7
453.55,1.308e+7,6.832e+5,1.240e+7
453.6,8.657e+6,9.165e+5,7.740e+6
453.65,5.916e+6,1.200e+6,4.716e+6
453.7,4.339e+6,1.534e+6,2.804e+6
453.75,3.543e+6,1.916e+6,1.627e+6
453.8,3.257e+6,2.335e+6,9.214e+5
453.85,3.291e+6,2.782e+6,5.092e+5
453.9,3.512e+6,3.238e+6,2.746e+5
453.95,3.829e+6,3.684e+6,1.445e+5
454,4.177e+6,4.103e+6,7.426e+4
454.05,4.513e+6,4.475e+6,3.730e+4
454.1,4.808e+6,4.789e+6,1.844e+4
454.15,5.047e+6,5.038e+6,9.238e+3
454.2,5.230e+6,5.224e+6,5.284e+3
454.25,5.364e+6,5.359e+6,4.545e+3
454.3,5.468e+6,5.462e+6,6.591e+3
454.35,5.569e+6,5.557e+6,1.238e+4
454.4,5.696e+6,5.672e+6,2.461e+4
454.45,5.881e+6,5.832e+6,4.863e+4
454.5,6.152e+6,6.058e+6,9.415e+4
454.55,6.538e+6,6.359e+6,1.781e+5
454.6,7.063e+6,6.734e+6,3.290e+5
454.65,7.760e+6,7.167e+6,5.931e+5
454.7,8.673e+6,7.629e+6,1.044e+6
454.75,9.877e+6,8.083e+6,1.794e+6
454.8,1.150e+7,8.486e+6,3.010e+6
454.85,1.372e+7,8.793e+6,4.929e+6
454.9,1.685e+7,8.967e+6,7.880e+6
454.95,2.128e+7,8.978e+6,1.230e+7
455,2.755e+7,8.810e+6,1.874e+7
455.05,3.634e+7,8.465e+6,2.787e+7
455.1,4.843e+7,7.955e+6,4.047e+7
455.15,6.468e+7,7.308e+6,5.737e+7
455.2,8.595e+7,6.561e+6,7.939e+7
455.25,1.130e+8,5.754e+6,1.072e+8
455.3,1.464e+8,4.929e+6,1.414e+8
455.35,1.862e+8,4.124e+6,1.821e+8
455.4,2.322e+8,3.372e+6,2.288e+8
455.45,2.835e+8,2.695e+6,2.808e+8
455.5,3.384e+8,2.108e+6,3.363e+8
455.55,3.949e+8,1.620e+6,3.932e+8
455.6,4.501e+8,1.232e+6,4.489e+8
455.65,5.012e+8,9.406e+5,5.002e+8
455.7,5.449e+8,7.424e+5,5.442e+8
455.75,5.786e+8,6.340e+5,5.779e+8
455.8,5.998e+8,6.151e+5,5.992e+8
455.85,6.071e+8,6.900e+5,6.064e+8
455.9,6.000e+8,8.695e+5,5.992e+8
455.95,5.791e+8,1.171e+6,5.779e+8
456,5.458e+8,1.620e+6,5.442e+8
456.05,5.025e+8,2.248e+6,5.003e+8
456.1,4.520e+8,3.095e+6,4.489e+8
456.15,3.976e+8,4.203e+6,3.934e+8
456.2,3.421e+8,5.615e+6,3.365e+8
456.25,2.885e+8,7.371e+6,2.811e+8
456.3,2.390e+8,9.503e+6,2.295e+8
456.35,1.952e+8,1.203e+7,1.832e+8
456.4,1.582e+8,1.493e+7,1.433e+8
456.45,1.285e+8,1.819e+7,1.103e+8
456.5,1.061e+8,2.174e+7,8.439e+7
456.55,9.078e+7,2.547e+7,6.531e+7
456.6,8.203e+7,2.925e+7,5.278e+7
456.65,7.943e+7,3.293e+7,4.650e+7
456.7,8.259e+7,3.634e+7,4.626e+7
456.75,9.129e+7,3.929e+7,5.200e+7
456.8,1.055e+8,4.161e+7,6.384e+7
456.85,1.251e+8,4.317e+7,8.196e+7
456.9,1.505e+8,4.387e+7,1.066e+8
456.95,1.816e+8,4.365e+7,1.379e+8
457,2.184e+8,4.253e+7,1.758e+8
457.05,2.605e+8,4.057e+7,2.200e+8
457.1,3.074e+8,3.789e+7,2.695e+8
457.15,3.578e+8,3.463e+7,3.232e+8
457.2,4.104e+8,3.099e+7,3.794e+8
457.25,4.632e+8,2.715e+7,4.361e+8
457.3,5.143e+8,2.330e+7,4.910e+8
457.35,5.616e+8,1.959e+7,5.420e+8
457.4,6.033e+8,1.617e+7,5.871e+8
457.45,6.378e+8,1.313e+7,6.247e+8
457.5,6.642e+8,1.052e+7,6.537e+8
457.55,6.820e+8,8.377e+6,6.736e+8
457.6,6.911e+8,6.688e+6,6.844e+8
457.65,6.921e+8,5.421e+6,6.867e+8
457.7,6.857e+8,4.529e+6,6.811e+8
457.75,6.727e+8,3.952e+6,6.687e+8
457.8,6.540e+8,3.626e+6,6.503e+8
457.85,6.302e+8,3.485e+6,6.267e+8
457.9,6.019e+8,3.468e+6,5.984e+8
457.95,5.695e+8,3.521e+6,5.660e+8
458,5.333e+8,3.595e+6,5.297e+8
458.05,4.938e+8,3.654e+6,4.901e+8
458.1,4.514e+8,3.669e+6,4.477e+8
458.15,4.068e+8,3.624e+6,4.032e+8
458.2,3.610e+8,3.509e+6,3.575e+8
458.25,3.150e+8,3.326e+6,3.117e+8
458.3,2.700e+8,3.083e+6,2.669e+8
458.35,2.270e+8,2.793e+6,2.242e+8
458.4,1.871e+8,2.472e+6,1.847e+8
458.45,1.511e+8,2.138e+6,1.490e+8
458.5,1.194e+8,1.806e+6,1.176e+8
458.55,9.238e+7,1.491e+6,9.089e+7
458.6,6.989e+7,1.204e+6,6.868e+7
458.65,5.170e+7,9.522e+5,5.075e+7
458.7,3.739e+7,7.400e+5,3.665e+7
458.75,2.643e+7,5.686e+5,2.586e+7
458.8,1.827e+7,4.369e+5,1.783e+7
458.85,1.235e+7,3.427e+5,1.201e+7
458.9,8.187e+6,2.828e+5,7.904e+6
458.95,5.335e+6,2.539e+5,5.081e+6
459,3.444e+6,2.530e+5,3.191e+6
459.05,2.236e+6,2.775e+5,1.959e+6
459.1,1.504e+6,3.254e+5,1.178e+6
459.15,1.096e+6,3.953e+5,7.004e+5
459.2,9.083e+5,4.863e+5,4.220e+5
459.25,8.752e+5,5.981e+5,2.771e+5
459.3,9.594e+5,7.311e+5,2.283e+5
459.35,1.148e+6,8.864e+5,2.614e+5
459.4,1.449e+6,1.066e+6,3.828e+5
459.45,1.894e+6,1.275e+6,6.199e+5
459.5,2.540e+6,1.516e+6,1.024e+6
459.55,3.471e+6,1.797e+6,1.674e+6
459.6,4.808e+6,2.124e+6,2.685e+6
459.65,6.714e+6,2.504e+6,4.209e+6
459.7,9.393e+6,2.944e+6,6.449e+6
459.75,1.310e+7,3.446e+6,9.651e+6
459.8,1.812e+7,4.008e+6,1.411e+7
459.85,2.477e+7,4.625e+6,2.014e+7
459.9,3.338e+7,5.283e+6,2.810e+7
459.95,4.424e+7,5.961e+6,3.828e+7
460,5.759e+7,6.632e+6,5.096e+7
460.05,7.355e+7,7.266e+6,6.628e+7
460.1,9.207e+7,7.829e+6,8.424e+7
460.15,1.129e+8,8.288e+6,1.046e+8
460.2,1.357e+8,8.613e+6,1.271e+8
460.25,1.598e+8,8.782e+6,1.510e+8
460.3,1.844e+8,8.781e+6,1.756e+8
460.35,2.086e+8,8.608e+6,2.000e+8
460.4,2.317e+8,8.271e+6,2.234e+8
460.45,2.529e+8,7.788e+6,2.451e+8
460.5,2.719e+8,7.184e+6,2.648e+8
460.55,2.888e+8,6.493e+6,2.823e+8
460.6,3.038e+8,5.748e+6,2.981e+8
460.65,3.180e+8,4.984e+6,3.130e+8
460.7,3.324e+8,4.233e+6,3.282e+8
460.75,3.487e+8,3.521e+6,3.452e+8
460.8,3.681e+8,2.867e+6,3.653e+8
460.85,3.919e+8,2.286e+6,3.896e+8
460.9,4.207e+8,1.785e+6,4.189e+8
460.95,4.545e+8,1.364e+6,4.532e+8
461,4.925e+8,1.021e+6,4.915e+8
461.05,5.330e+8,7.474e+5,5.322e+8
461.1,5.735e+8,5.356e+5,5.730e+8
461.15,6.111e+8,3.756e+5,6.108e+8
461.2,6.428e+8,2.577e+5,6.426e+8
461.25,6.655e+8,1.730e+5,6.654e+8
461.3,6.768e+8,1.136e+5,6.767e+8
461.35,6.750e+8,7.293e+4,6.750e+8
461.4,6.595e+8,4.581e+4,6.595e+8
461.45,6.307e+8,2.814e+4,6.306e+8
461.5,5.899e+8,1.690e+4,5.899e+8
461.55,5.395e+8,9.923e+3,5.395e+8
461.6,4.823e+8,5.697e+3,4.823e+8
461.65,4.214e+8,3.198e+3,4.214e+8
461.7,3.597e+8,1.754e+3,3.597e+8
461.75,3.000e+8,9.407e+2,3.000e+8
461.8,2.445e+8,4.930e+2,2.445e+8
461.85,1.946e+8,2.525e+2,1.946e+8
461.9,1.513e+8,1.264e+2,1.513e+8
461.95,1.149e+8,6.184e+1,1.149e+8
462,8.528e+7,2.956e+1,8.528e+7
462.05,6.181e+7,1.381e+1,6.181e+7
462.1,4.376e+7,6.300e+0,4.376e+7
462.15,3.026e+7,2.810e+0,3.026e+7
462.2,2.044e+7,1.225e+0,2.044e+7
462.25,1.349e+7,5.247e-1,1.349e+7
462.3,8.691e+6,2.265e-1,8.691e+6
462.35,5.471e+6,1.129e-1,5.471e+6
462.4,3.364e+6,9.618e-2,3.364e+6
462.45,2.021e+6,1.604e-1,2.021e+6
462.5,1.185e+6,3.492e-1,1.185e+6
462.55,6.793e+5,7.895e-1,6.793e+5
462.6,3.802e+5,1.762e+0,3.802e+5
462.65,2.079e+5,3.849e+0,2.079e+5
462.7,1.111e+5,8.216e+0,1.110e+5
462.75,5.798e+4,1.714e+1,5.796e+4
462.8,2.965e+4,3.494e+1,2.961e+4
462.85,1.499e+4,6.958e+1,1.492e+4
462.9,7.766e+3,1.354e+2,7.630e+3
462.95,4.678e+3,2.575e+2,4.420e+3
463,4.168e+3,4.785e+2,3.689e+3
463.05,5.832e+3,8.688e+2,4.963e+3
463.1,1.020e+4,1.541e+3,8.658e+3
463.15,1.881e+4,2.673e+3,1.613e+4
463.2,3.456e+4,4.529e+3,3.003e+4
463.25,6.241e+4,7.501e+3,5.490e+4
463.3,1.103e+5,1.214e+4,9.819e+4
463.35,1.908e+5,1.921e+4,1.716e+5
463.4,3.228e+5,2.972e+4,2.931e+5
463.45,5.340e+5,4.495e+4,4.891e+5
463.5,8.640e+5,6.650e+4,7.975e+5
463.55,1.367e+6,9.624e+4,1.271e+6
463.6,2.114e+6,1.363e+5,1.978e+6
463.65,3.197e+6,1.890e+5,3.008e+6
463.7,4.728e+6,2.567e+5,4.471e+6
463.75,6.834e+6,3.419e+5,6.493e+6
463.8,9.659e+6,4.467e+5,9.212e+6
463.85,1.335e+7,5.733e+5,1.277e+7
463.9,1.803e+7,7.236e+5,1.730e+7
463.95,2.380e+7,8.996e+5,2.290e+7
464,3.072e+7,1.103e+6,2.962e+7
464.05,3.877e+7,1.338e+6,3.743e+7
464.1,4.782e+7,1.607e+6,4.621e+7
464.15,5.767e+7,1.915e+6,5.575e+7
464.2,6.799e+7,2.269e+6,6.572e+7
464.25,7.838e+7,2.674e+6,7.570e+7
464.3,8.834e+7,3.140e+6,8.520e+7
464.35,9.736e+7,3.672e+6,9.369e+7
464.4,1.049e+8,4.276e+6,1.007e+8
464.45,1.106e+8,4.952e+6,1.057e+8
464.5,1.141e+8,5.697e+6,1.084e+8
464.55,1.152e+8,6.500e+6,1.087e+8
464.6,1.138e+8,7.343e+6,1.064e+8
464.65,1.100e+8,8.201e+6,1.018e+8
464.7,1.043e+8,9.043e+6,9.523e+7
464.75,9.684e+7,9.833e+6,8.701e+7
464.8,8.822e+7,1.053e+7,7.768e+7
464.85,7.889e+7,1.111e+7,6.778e+7
464.9,6.935e+7,1.153e+7,5.782e+7
464.95,6.001e+7,1.177e+7,4.825e+7
465,5.124e+7,1.181e+7,3.943e+7
465.05,4.332e+7,1.165e+7,3.166e+7
465.1,3.644e+7,1.131e+7,2.513e+7
465.15,3.076e+7,1.080e+7,1.997e+7
465.2,2.642e+7,1.014e+7,1.628e+7
465.25,2.354e+7,9.388e+6,1.415e+7
465.3,2.228e+7,8.573e+6,1.370e+7
465.35,2.286e+7,7.741e+6,1.512e+7
465.4,2.559e+7,6.935e+6,1.866e+7
465.45,3.085e+7,6.193e+6,2.466e+7
465.5,3.908e+7,5.546e+6,3.353e+7
465.55,5.076e+7,5.017e+6,4.574e+7
465.6,6.636e+7,4.618e+6,6.174e+7
465.65,8.626e+7,4.352e+6,8.191e+7
465.7,1.107e+8,4.209e+6,1.065e+8
465.75,1.396e+8,4.172e+6,1.354e+8
465.8,1.726e+8,4.217e+6,1.684e+8
465.85,2.091e+8,4.314e+6,2.047e+8
465.9,2.477e+8,4.431e+6,2.433e+8
465.95,2.870e+8,4.536e+6,2.825e+8
466,3.252e+8,4.603e+6,3.206e+8
466.05,3.601e+8,4.609e+6,3.555e+8
466.1,3.899e+8,4.541e+6,3.853e+8
466.15,4.125e+8,4.392e+6,4.081e+8
466.2,4.266e+8,4.165e+6,4.225e+8
466.25,4.312e+8,3.871e+6,4.274e+8
466.3,4.260e+8,3.524e+6,4.225e+8
466.35,4.113e+8,3.144e+6,4.081e+8
466.4,3.881e+8,2.751e+6,3.853e+8
466.45,3.579e+8,2.366e+6,3.555e+8
466.5,3.226e+8,2.006e+6,3.206e+8
466.55,2.842e+8,1.685e+6,2.825e+8
466.6,2.447e+8,1.411e+6,2.433e+8
466.65,2.059e+8,1.191e+6,2.047e+8
466.7,1.694e+8,1.024e+6,1.684e+8
466.75,1.362e+8,9.084e+5,1.353e+8
466.8,1.071e+8,8.374e+5,1.063e+8
466.85,8.238e+7,8.033e+5,8.158e+7
466.9,6.199e+7,7.970e+5,6.120e+7
466.95,4.567e+7,8.090e+5,4.486e+7
467,3.297e+7,8.300e+5,3.214e+7
467.05,2.335e+7,8.519e+5,2.250e+7
467.1,1.626e+7,8.677e+5,1.540e+7
467.15,1.117e+7,8.721e+5,1.029e+7
467.2,7.589e+6,8.619e+5,6.727e+6
467.25,5.131e+6,8.357e+5,4.295e+6
467.3,3.474e+6,7.936e+5,2.681e+6
467.35,2.373e+6,7.377e+5,1.635e+6
467.4,1.645e+6,6.707e+5,9.745e+5
467.45,1.164e+6,5.963e+5,5.678e+5
467.5,8.420e+5,5.183e+5,3.237e+5
467.55,6.214e+5,4.403e+5,1.810e+5
467.6,4.661e+5,3.657e+5,1.004e+5
467.65,3.540e+5,2.968e+5,5.718e+4
467.7,2.726e+5,2.355e+5,3.713e+4
467.75,2.155e+5,1.826e+5,3.287e+4
467.8,1.806e+5,1.384e+5,4.215e+4
467.85,1.695e+5,1.025e+5,6.699e+4
467.9,1.879e+5,7.422e+4,1.137e+5
467.95,2.463e+5,5.251e+4,1.938e+5
468,3.615e+5,3.631e+4,3.252e+5
468.05,5.589e+5,2.454e+4,5.344e+5
468.1,8.752e+5,1.621e+4,8.590e+5
468.15,1.360e+6,1.047e+4,1.350e+6
468.2,2.081e+6,6.604e+3,2.074e+6
468.25,3.119e+6,4.073e+3,3.115e+6
468.3,4.575e+6,2.455e+3,4.573e+6
468.35,6.564e+6,1.446e+3,6.563e+6
468.4,9.208e+6,8.329e+2,9.207e+6
468.45,1.263e+7,4.693e+2,1.263e+7
468.5,1.693e+7,2.597e+2,1.693e+7
468.55,2.218e+7,1.430e+2,2.218e+7
468.6,2.841e+7,8.258e+1,2.841e+7
468.65,3.558e+7,5.797e+1,3.558e+7
468.7,4.355e+7,6.097e+1,4.355e+7
468.75,5.212e+7,9.374e+1,5.212e+7
468.8,6.096e+7,1.699e+2,6.096e+7
468.85,6.971e+7,3.187e+2,6.971e+7
468.9,7.791e+7,5.934e+2,7.791e+7
468.95,8.513e+7,1.084e+3,8.513e+7
469,9.093e+7,1.938e+3,9.093e+7
469.05,9.495e+7,3.387e+3,9.494e+7
469.1,9.691e+7,5.789e+3,9.690e+7
469.15,9.669e+7,9.674e+3,9.668e+7
469.2,9.431e+7,1.581e+4,9.430e+7
469.25,8.993e+7,2.525e+4,8.990e+7
469.3,8.383e+7,3.943e+4,8.379e+7
469.35,7.640e+7,6.022e+4,7.634e+7
469.4,6.807e+7,8.992e+4,6.799e+7
469.45,5.932e+7,1.313e+5,5.919e+7
469.5,5.056e+7,1.875e+5,5.037e+7
469.55,4.216e+7,2.619e+5,4.190e+7
469.6,3.443e+7,3.577e+5,3.408e+7
469.65,2.757e+7,4.780e+5,2.709e+7
469.7,2.168e+7,6.249e+5,2.105e+7
469.75,1.679e+7,7.995e+5,1.599e+7
469.8,1.288e+7,1.001e+6,1.187e+7
469.85,9.848e+6,1.228e+6,8.620e+6
469.9,7.592e+6,1.475e+6,6.117e+6
469.95,5.980e+6,1.737e+6,4.243e+6
470,4.884e+6,2.006e+6,2.878e+6
470.05,4.184e+6,2.274e+6,1.909e+6
470.1,3.774e+6,2.534e+6,1.240e+6
470.15,3.568e+6,2.776e+6,7.924e+5
470.2,3.500e+6,2.996e+6,5.036e+5
470.25,3.519e+6,3.189e+6,3.292e+5
470.3,3.594e+6,3.354e+6,2.399e+5
470.35,3.711e+6,3.491e+6,2.202e+5
470.4,3.869e+6,3.601e+6,2.684e+5
470.45,4.082e+6,3.685e+6,3.969e+5
470.5,4.381e+6,3.747e+6,6.341e+5
470.55,4.816e+6,3.788e+6,1.028e+6
470.6,5.456e+6,3.807e+6,1.649e+6
470.65,6.401e+6,3.804e+6,2.597e+6
470.7,7.782e+6,3.776e+6,4.006e+6
470.75,9.764e+6,3.721e+6,6.043e+6
470.8,1.255e+7,3.638e+6,8.914e+6
470.85,1.638e+7,3.525e+6,1.286e+7
470.9,2.152e+7,3.385e+6,1.814e+7
470.95,2.823e+7,3.219e+6,2.501e+7
471,3.676e+7,3.032e+6,3.373e+7
471.05,4.730e+7,2.831e+6,4.447e+7
471.1,5.995e+7,2.622e+6,5.733e+7
471.15,7.467e+7,2.412e+6,7.226e+7
471.2,9.127e+7,2.207e+6,8.906e+7
471.25,1.093e+8,2.010e+6,1.073e+8
471.3,1.283e+8,1.825e+6,1.265e+8
471.35,1.474e+8,1.653e+6,1.457e+8
471.4,1.656e+8,1.493e+6,1.642e+8
471.45,1.822e+8,1.346e+6,1.808e+8
471.5,1.960e+8,1.210e+6,1.948e+8
471.55,2.063e+8,1.085e+6,2.052e+8
471.6,2.124e+8,9.706e+5,2.114e+8
471.65,2.139e+8,8.669e+5,2.130e+8
471.7,2.108e+8,7.751e+5,2.100e+8
471.75,2.034e+8,6.966e+5,2.027e+8
471.8,1.922e+8,6.327e+5,1.916e+8
471.85,1.782e+8,5.844e+5,1.776e+8
471.9,1.624e+8,5.521e+5,1.619e+8
471.95,1.461e+8,5.353e+5,1.455e+8
472,1.303e+8,5.326e+5,1.298e+8
472.05,1.163e+8,5.416e+5,1.157e+8
472.1,1.050e+8,5.591e+5,1.044e+8
472.15,9.734e+7,5.812e+5,9.676e+7
472.2,9.388e+7,6.040e+5,9.328e+7
472.25,9.499e+7,6.236e+5,9.436e+7
472.3,1.007e+8,6.365e+5,1.001e+8
472.35,1.110e+8,6.400e+5,1.103e+8
472.4,1.251e+8,6.324e+5,1.245e+8
472.45,1.426e+8,6.131e+5,1.420e+8
472.5,1.623e+8,5.825e+5,1.617e+8
472.55,1.830e+8,5.419e+5,1.825e+8
472.6,2.036e+8,4.935e+5,2.031e+8
472.65,2.225e+8,4.397e+5,2.221e+8
472.7,2.386e+8,3.832e+5,2.382e+8
472.75,2.507e+8,3.267e+5,2.503e+8
472.8,2.579e+8,2.724e+5,2.577e+8
472.85,2.599e+8,2.221e+5,2.597e+8
472.9,2.565e+8,1.771e+5,2.563e+8
472.95,2.482e+8,1.381e+5,2.480e+8
473,2.357e+8,1.053e+5,2.356e+8
473.05,2.202e+8,7.849e+4,2.202e+8
473.1,2.033e+8,5.723e+4,2.033e+8
473.15,1.866e+8,4.080e+4,1.865e+8
473.2,1.717e+8,2.845e+4,1.717e+8
473.25,1.605e+8,1.940e+4,1.605e+8
473.3,1.544e+8,1.294e+4,1.544e+8
473.35,1.548e+8,8.453e+3,1.548e+8
473.4,1.627e+8,5.431e+3,1.627e+8
473.45,1.788e+8,3.472e+3,1.788e+8
473.5,2.031e+8,2.290e+3,2.031e+8
473.55,2.355e+8,1.706e+3,2.355e+8
473.6,2.748e+8,1.647e+3,2.748e+8
473.65,3.198e+8,2.161e+3,3.198e+8
473.7,3.685e+8,3.444e+3,3.685e+8
473.75,4.187e+8,5.890e+3,4.186e+8
473.8,4.676e+8,1.017e+4,4.676e+8
473.85,5.130e+8,1.736e+4,5.130e+8
473.9,5.524e+8,2.906e+4,5.524e+8
473.95,5.842e+8,4.764e+4,5.842e+8
474,6.073e+8,7.641e+4,6.072e+8
474.05,6.216e+8,1.199e+5,6.215e+8
474.1,6.279e+8,1.840e+5,6.277e+8
474.15,6.279e+8,2.762e+5,6.276e+8
474.2,6.242e+8,4.056e+5,6.238e+8
474.25,6.197e+8,5.827e+5,6.191e+8
474.3,6.173e+8,8.187e+5,6.165e+8
474.35,6.200e+8,1.125e+6,6.188e+8
474.4,6.297e+8,1.513e+6,6.282e+8
474.45,6.476e+8,1.989e+6,6.456e+8
474.5,6.736e+8,2.559e+6,6.710e+8
474.55,7.064e+8,3.221e+6,7.032e+8
474.6,7.436e+8,3.965e+6,7.397e+8
474.65,7.819e+8,4.776e+6,7.771e+8
474.7,8.173e+8,5.626e+6,8.117e+8
474.75,8.459e+8,6.485e+6,8.394e+8
474.8,8.641e+8,7.313e+6,8.568e+8
474.85,8.689e+8,8.068e+6,8.608e+8
474.9,8.586e+8,8.710e+6,8.499e+8
474.95,8.325e+8,9.201e+6,8.233e+8
475,7.914e+8,9.511e+6,7.819e+8
475.05,7.370e+8,9.624e+6,7.274e+8
475.1,6.721e+8,9.533e+6,6.626e+8
475.15,6.000e+8,9.248e+6,5.907e+8
475.2,5.242e+8,8.790e+6,5.154e+8
475.25,4.482e+8,8.191e+6,4.400e+8
475.3,3.749e+8,7.491e+6,3.674e+8
475.35,3.069e+8,6.733e+6,3.002e+8
475.4,2.459e+8,5.960e+6,2.399e+8
475.45,1.927e+8,5.211e+6,1.875e+8
475.5,1.479e+8,4.519e+6,1.434e+8
475.55,1.111e+8,3.906e+6,1.072e+8
475.6,8.183e+7,3.390e+6,7.844e+7
475.65,5.909e+7,2.976e+6,5.612e+7
475.7,4.193e+7,2.664e+6,3.927e+7
475.75,2.933e+7,2.451e+6,2.688e+7
475.8,2.032e+7,2.327e+6,1.799e+7
475.85,1.407e+7,2.285e+6,1.178e+7
475.9,9.862e+6,2.318e+6,7.544e+6
475.95,7.147e+6,2.422e+6,4.725e+6
476,5.490e+6,2.596e+6,2.895e+6
476.05,4.575e+6,2.840e+6,1.734e+6
476.1,4.177e+6,3.161e+6,1.016e+6
476.15,4.144e+6,3.562e+6,5.826e+5
476.2,4.372e+6,4.046e+6,3.266e+5
476.25,4.792e+6,4.613e+6,1.791e+5
476.3,5.355e+6,5.259e+6,9.606e+4
476.35,6.022e+6,5.972e+6,5.039e+4
476.4,6.760e+6,6.734e+6,2.585e+4
476.45,7.534e+6,7.521e+6,1.297e+4
476.5,8.310e+6,8.304e+6,6.366e+3
476.55,9.054e+6,9.051e+6,3.056e+3
476.6,9.731e+6,9.729e+6,1.435e+3
476.65,1.031e+7,1.031e+7,6.589e+2
476.7,1.076e+7,1.076e+7,2.959e+2
476.75,1.107e+7,1.107e+7,1.300e+2
476.8,1.123e+7,1.123e+7,5.585e+1
476.85,1.123e+7,1.123e+7,2.347e+1
476.9,1.109e+7,1.109e+7,9.647e+0
476.95,1.080e+7,1.080e+7,3.878e+0
477,1.041e+7,1.041e+7,1.525e+0
477.05,9.918e+6,9.918e+6,5.864e-1
477.1,9.361e+6,9.361e+6,2.206e-1
477.15,8.761e+6,8.761e+6,8.115e-2
477.2,8.141e+6,8.141e+6,2.920e-2
477.25,7.520e+6,7.520e+6,1.028e-2
477.3,6.913e+6,6.913e+6,3.537e-3
477.35,6.333e+6,6.333e+6,1.191e-3
477.4,5.786e+6,5.786e+6,3.921e-4
477.45,5.275e+6,5.275e+6,1.263e-4
477.5,4.803e+6,4.803e+6,3.981e-5
477.55,4.367e+6,4.367e+6,1.235e-5
477.6,3.966e+6,3.966e+6,4.022e-6
477.65,3.597e+6,3.597e+6,2.183e-6
477.7,3.256e+6,3.256e+6,3.879e-6
477.75,2.940e+6,2.940e+6,1.145e-5
477.8,2.648e+6,2.648e+6,3.543e-5
477.85,2.377e+6,2.377e+6,1.081e-4
477.9,2.125e+6,2.125e+6,3.229e-4
477.95,1.891e+6,1.891e+6,9.437e-4
478,1.675e+6,1.675e+6,2.699e-3
478.05,1.474e+6,1.474e+6,7.553e-3
478.1,1.290e+6,1.290e+6,2.068e-2
478.15,1.120e+6,1.120e+6,5.543e-2
478.2,9.667e+5,9.667e+5,1.454e-1
478.25,8.291e+5,8.291e+5,3.730e-1
478.3,7.083e+5,7.083e+5,9.367e-1
478.35,6.052e+5,6.052e+5,2.302e+0
478.4,5.204e+5,5.204e+5,5.536e+0
478.45,4.546e+5,4.546e+5,1.303e+1
478.5,4.082e+5,4.082e+5,3.000e+1
478.56,3.779e+5,3.778e+5,7.932e+1
478.61,3.730e+5,3.728e+5,1.741e+2
478.66,3.852e+5,3.848e+5,3.742e+2
478.71,4.125e+5,4.117e+5,7.867e+2
478.76,4.527e+5,4.511e+5,1.619e+3
478.81,5.032e+5,4.999e+5,3.259e+3
478.86,5.614e+5,5.550e+5,6.422e+3
478.91,6.256e+5,6.132e+5,1.238e+4
478.96,6.951e+5,6.717e+5,2.337e+4
479.01,7.718e+5,7.287e+5,4.314e+4
479.06,8.612e+5,7.832e+5,7.796e+4
479.11,9.739e+5,8.360e+5,1.379e+5
479.16,1.128e+6,8.894e+5,2.386e+5
479.21,1.352e+6,9.474e+5,4.041e+5
479.26,1.685e+6,1.015e+6,6.699e+5
479.31,2.187e+6,1.100e+6,1.087e+6
479.36,2.934e+6,1.208e+6,1.726e+6
479.41,4.029e+6,1.347e+6,2.682e+6
479.46,5.600e+6,1.521e+6,4.080e+6
479.51,7.808e+6,1.733e+6,6.075e+6
479.56,1.084e+7,1.982e+6,8.856e+6
479.61,1.491e+7,2.266e+6,1.264e+7
479.66,2.024e+7,2.574e+6,1.767e+7
479.71,2.707e+7,2.895e+6,2.418e+7
479.76,3.563e+7,3.213e+6,3.241e+7
479.81,4.608e+7,3.511e+6,4.257e+7
479.86,5.856e+7,3.769e+6,5.479e+7
479.91,7.309e+7,3.971e+6,6.912e+7
479.96,8.962e+7,4.102e+6,8.552e+7
480.01,1.080e+8,4.152e+6,1.038e+8
480.06,1.278e+8,4.117e+6,1.237e+8
480.11,1.487e+8,3.997e+6,1.447e+8
480.16,1.703e+8,3.799e+6,1.665e+8
480.21,1.919e+8,3.534e+6,1.884e+8
480.26,2.131e+8,3.218e+6,2.099e+8
480.31,2.333e+8,2.868e+6,2.304e+8
480.36,2.520e+8,2.501e+6,2.495e+8
480.41,2.690e+8,2.135e+6,2.668e+8
480.46,2.838e+8,1.784e+6,2.820e+8
480.51,2.962e+8,1.461e+6,2.947e+8
480.56,3.060e+8,1.172e+6,3.048e+8
480.61,3.131e+8,9.233e+5,3.121e+8
480.66,3.172e+8,7.171e+5,3.164e+8
480.71,3.181e+8,5.531e+5,3.176e+8
480.76,3.158e+8,4.296e+5,3.154e+8
480.81,3.101e+8,3.443e+5,3.097e+8
480.86,3.008e+8,2.945e+5,3.005e+8
480.91,2.882e+8,2.780e+5,2.879e+8
480.96,2.723e+8,2.931e+5,2.720e+8
481.01,2.536e+8,3.385e+5,2.533e+8
481.06,2.326e+8,4.137e+5,2.322e+8
481.11,2.100e+8,5.181e+5,2.095e+8
481.16,1.865e+8,6.506e+5,1.859e+8
481.21,1.630e+8,8.097e+5,1.622e+8
481.26,1.404e+8,9.923e+5,1.394e+8
481.31,1.194e+8,1.194e+6,1.183e+8
481.36,1.009e+8,1.407e+6,9.945e+7
481.41,8.529e+7,1.625e+6,8.366e+7
481.46,7.328e+7,1.837e+6,7.144e+7
481.51,6.530e+7,2.032e+6,6.327e+7
481.56,6.177e+7,2.201e+6,5.956e+7
481.61,6.304e+7,2.334e+6,6.071e+7
481.66,6.947e+7,2.422e+6,6.705e+7
481.71,8.135e+7,2.460e+6,7.889e+7
481.76,9.889e+7,2.447e+6,9.644e+7
481.81,1.222e+8,2.383e+6,1.198e+8
481.86,1.511e+8,2.273e+6,1.488e+8
481.91,1.853e+8,2.125e+6,1.832e+8
481.96,2.240e+8,1.947e+6,2.221e+8
482.01,2.662e+8,1.752e+6,2.644e+8
482.06,3.103e+8,1.548e+6,3.087e+8
482.11,3.545e+8,1.348e+6,3.531e+8
482.16,3.966e+8,1.159e+6,3.955e+8
482.21,4.346e+8,9.883e+5,4.336e+8
482.26,4.663e+8,8.401e+5,4.654e+8
482.31,4.897e+8,7.165e+5,4.890e+8
482.36,5.034e+8,6.176e+5,5.028e+8
482.41,5.066e+8,5.415e+5,5.060e+8
482.46,4.990e+8,4.854e+5,4.985e+8
482.51,4.810e+8,4.454e+5,4.806e+8
482.56,4.539e+8,4.178e+5,4.535e+8
482.61,4.193e+8,3.988e+5,4.189e+8
482.66,3.790e+8,3.855e+5,3.787e+8
482.71,3.354e+8,3.761e+5,3.350e+8
482.76,2.906e+8,3.702e+5,2.902e+8
482.81,2.464e+8,3.687e+5,2.460e+8
482.86,2.046e+8,3.745e+5,2.042e+8
482.91,1.665e+8,3.925e+5,1.661e+8
482.96,1.328e+8,4.294e+5,1.324e+8
483.01,1.041e+8,4.942e+5,1.036e+8
483.06,8.041e+7,5.977e+5,7.981e+7
483.11,6.163e+7,7.527e+5,6.087e+7
483.16,4.741e+7,9.734e+5,4.643e+7
483.21,3.731e+7,1.274e+6,3.603e+7
483.26,3.085e+7,1.670e+6,2.918e+7
483.31,2.757e+7,2.171e+6,2.540e+7
483.36,2.702e+7,2.788e+6,2.424e+7
483.41,2.881e+7,3.522e+6,2.529e+7
483.46,3.256e+7,4.370e+6,2.819e+7
483.51,3.793e+7,5.316e+6,3.262e+7
483.56,4.458e+7,6.337e+6,3.824e+7
483.61,5.212e+7,7.399e+6,4.473e+7
483.66,6.018e+7,8.460e+6,5.172e+7
483.71,6.832e+7,9.471e+6,5.885e+7
483.76,7.611e+7,1.038e+7,6.573e+7
483.81,8.309e+7,1.114e+7,7.195e+7
483.86,8.885e+7,1.170e+7,7.714e+7
483.91,9.303e+7,1.204e+7,8.100e+7
483.96,9.539e+7,1.212e+7,8.326e+7
484.01,9.575e+7,1.196e+7,8.379e+7
484.06,9.410e+7,1.155e+7,8.254e+7
484.11,9.054e+7,1.094e+7,7.960e+7
484.16,8.530e+7,1.016e+7,7.514e+7
484.21,7.870e+7,9.267e+6,6.944e+7
484.26,7.112e+7,8.314e+6,6.281e+7
484.31,6.297e+7,7.360e+6,5.561e+7
484.36,5.466e+7,6.457e+6,4.820e+7
484.41,4.655e+7,5.652e+6,4.090e+7
484.46,3.895e+7,4.980e+6,3.397e+7
484.51,3.209e+7,4.466e+6,2.763e+7
484.56,2.612e+7,4.124e+6,2.200e+7
484.61,2.112e+7,3.956e+6,1.717e+7
484.66,1.710e+7,3.956e+6,1.314e+7
484.71,1.401e+7,4.108e+6,9.906e+6
484.76,1.180e+7,4.393e+6,7.406e+6
484.81,1.037e+7,4.785e+6,5.589e+6
484.86,9.666e+6,5.256e+6,4.410e+6
484.91,9.626e+6,5.776e+6,3.850e+6
484.96,1.025e+7,6.317e+6,3.932e+6
485.01,1.159e+7,6.852e+6,4.735e+6
485.06,1.376e+7,7.355e+6,6.410e+6
485.11,1.699e+7,7.804e+6,9.184e+6
485.16,2.155e+7,8.180e+6,1.337e+7
485.21,2.785e+7,8.467e+6,1.938e+7
485.26,3.635e+7,8.653e+6,2.770e+7
485.31,4.759e+7,8.728e+6,3.886e+7
485.36,6.214e+7,8.689e+6,5.345e+7
485.41,8.054e+7,8.533e+6,7.201e+7
485.46,1.033e+8,8.265e+6,9.500e+7
485.51,1.306e+8,7.891e+6,1.227e+8
485.56,1.626e+8,7.423e+6,1.552e+8
485.61,1.991e+8,6.876e+6,1.922e+8
485.66,2.393e+8,6.269e+6,2.330e+8
485.71,2.822e+8,5.622e+6,2.765e+8
485.76,3.263e+8,4.958e+6,3.214e+8
485.81,3.700e+8,4.296e+6,3.657e+8
485.86,4.110e+8,3.656e+6,4.073e+8
485.91,4.473e+8,3.055e+6,4.442e+8
485.96,4.769e+8,2.505e+6,4.744e+8
486.01,4.979e+8,2.015e+6,4.959e+8
486.06,5.092e+8,1.590e+6,5.076e+8
486.11,5.099e+8,1.231e+6,5.087e+8
486.16,5.000e+8,9.333e+5,4.991e+8
486.21,4.801e+8,6.939e+5,4.794e+8
486.26,4.514e+8,5.055e+5,4.509e+8
486.31,4.155e+8,3.610e+5,4.152e+8
486.36,3.745e+8,2.527e+5,3.743e+8
486.41,3.305e+8,1.736e+5,3.303e+8
486.46,2.856e+8,1.175e+5,2.855e+8
486.51,2.416e+8,7.907e+4,2.415e+8
486.56,2.001e+8,5.413e+4,2.001e+8
486.61,1.623e+8,3.972e+4,1.622e+8
486.66,1.289e+8,3.396e+4,1.288e+8
486.71,1.002e+8,3.614e+4,1.001e+8
486.76,7.627e+7,4.664e+4,7.622e+7
486.81,5.687e+7,6.704e+4,5.680e+7
486.86,4.154e+7,1.001e+5,4.144e+7
486.91,2.975e+7,1.499e+5,2.960e+7
486.96,2.092e+7,2.218e+5,2.070e+7
487.01,1.450e+7,3.224e+5,1.417e+7
487.06,9.961e+6,4.595e+5,9.501e+6
487.11,6.877e+6,6.416e+5,6.236e+6
487.16,4.884e+6,8.773e+5,4.007e+6
487.21,3.696e+6,1.175e+6,2.521e+6
487.26,3.093e+6,1.540e+6,1.553e+6
487.31,2.914e+6,1.978e+6,9.364e+5
487.36,3.040e+6,2.487e+6,5.529e+5
487.41,3.382e+6,3.063e+6,3.196e+5
487.46,3.874e+6,3.693e+6,1.809e+5
487.51,4.461e+6,4.361e+6,1.002e+5
487.56,5.098e+6,5.043e+6,5.437e+4
487.61,5.742e+6,5.713e+6,2.888e+4
487.66,6.353e+6,6.338e+6,1.502e+4
487.71,6.896e+6,6.889e+6,7.647e+3
487.76,7.340e+6,7.336e+6,3.813e+3
487.81,7.659e+6,7.657e+6,1.863e+3
487.86,7.836e+6,7.835e+6,8.968e+2
487.91,7.866e+6,7.866e+6,4.351e+2
487.96,7.752e+6,7.752e+6,2.359e+2
488.01,7.509e+6,7.509e+6,1.901e+2
488.06,7.160e+6,7.160e+6,2.739e+2
488.11,6.734e+6,6.733e+6,5.387e+2
488.16,6.264e+6,6.263e+6,1.139e+3
488.21,5.784e+6,5.781e+6,2.403e+3
488.26,5.324e+6,5.319e+6,4.986e+3
488.31,4.910e+6,4.900e+6,1.014e+4
488.36,4.562e+6,4.541e+6,2.021e+4
488.41,4.291e+6,4.251e+6,3.943e+4
488.46,4.105e+6,4.029e+6,7.535e+4
488.51,4.009e+6,3.868e+6,1.410e+5
488.56,4.013e+6,3.754e+6,2.585e+5
488.61,4.135e+6,3.671e+6,4.641e+5
488.66,4.415e+6,3.599e+6,8.161e+5
488.71,4.928e+6,3.523e+6,1.405e+6
488.76,5.797e+6,3.426e+6,2.370e+6
488.81,7.215e+6,3.300e+6,3.916e+6
488.86,9.472e+6,3.137e+6,6.335e+6
488.91,1.298e+7,2.939e+6,1.004e+7
488.96,1.828e+7,2.709e+6,1.558e+7
489.01,2.613e+7,2.454e+6,2.367e+7
489.06,3.742e+7,2.185e+6,3.523e+7
489.11,5.328e+7,1.914e+6,5.137e+7
489.16,7.499e+7,1.653e+6,7.334e+7
489.21,1.040e+8,1.413e+6,1.026e+8
489.26,1.417e+8,1.203e+6,1.404e+8
489.31,1.894e+8,1.033e+6,1.884e+8
489.36,2.484e+8,9.085e+5,2.475e+8
489.41,3.192e+8,8.357e+5,3.184e+8
489.46,4.020e+8,8.181e+5,4.012e+8
489.51,4.960e+8,8.581e+5,4.951e+8
489.56,5.994e+8,9.570e+5,5.984e+8
489.61,7.095e+8,1.115e+6,7.084e+8
489.66,8.226e+8,1.329e+6,8.212e+8
489.71,9.341e+8,1.598e+6,9.325e+8
489.76,1.039e+9,1.913e+6,1.037e+9
489.81,1.132e+9,2.269e+6,1.129e+9
489.86,1.207e+9,2.653e+6,1.205e+9
489.91,1.262e+9,3.052e+6,1.259e+9
489.96,1.291e+9,3.452e+6,1.288e+9
490.01,1.294e+9,3.835e+6,1.290e+9
490.06,1.271e+9,4.185e+6,1.266e+9
490.11,1.222e+9,4.487e+6,1.217e+9
490.16,1.151e+9,4.726e+6,1.146e+9
490.21,1.061e+9,4.890e+6,1.057e+9
490.26,9.591e+8,4.973e+6,9.541e+8
490.31,8.488e+8,4.971e+6,8.438e+8
490.36,7.357e+8,4.885e+6,7.309e+8
490.41,6.247e+8,4.721e+6,6.200e+8
490.46,5.196e+8,4.486e+6,5.151e+8
490.51,4.234e+8,4.194e+6,4.192e+8
490.56,3.380e+8,3.856e+6,3.341e+8
490.61,2.644e+8,3.488e+6,2.609e+8
490.66,2.028e+8,3.104e+6,1.997e+8
490.71,1.527e+8,2.717e+6,1.500e+8
490.76,1.132e+8,2.340e+6,1.108e+8
490.81,8.304e+7,1.982e+6,8.105e+7
490.86,6.116e+7,1.651e+6,5.951e+7
490.91,4.652e+7,1.353e+6,4.517e+7
490.96,3.840e+7,1.089e+6,3.731e+7
491.01,3.649e+7,8.626e+5,3.563e+7
491.06,4.097e+7,6.711e+5,4.030e+7
491.11,5.261e+7,5.131e+5,5.210e+7
491.16,7.280e+7,3.853e+5,7.241e+7
491.21,1.035e+8,2.842e+5,1.033e+8
491.26,1.475e+8,2.058e+5,1.473e+8
491.31,2.078e+8,1.463e+5,2.077e+8
491.36,2.881e+8,1.021e+5,2.880e+8
491.41,3.920e+8,6.990e+4,3.919e+8
491.46,5.229e+8,4.695e+4,5.228e+8
491.51,6.837e+8,3.094e+4,6.836e+8
491.56,8.760e+8,1.999e+4,8.760e+8
491.61,1.100e+9,1.267e+4,1.100e+9
491.66,1.353e+9,7.874e+3,1.353e+9
491.71,1.631e+9,4.797e+3,1.631e+9
491.76,1.926e+9,2.865e+3,1.926e+9
491.81,2.230e+9,1.677e+3,2.230e+9
491.86,2.528e+9,9.620e+2,2.528e+9
491.91,2.809e+9,5.409e+2,2.809e+9
491.96,3.058e+9,2.980e+2,3.058e+9
492.01,3.262e+9,1.609e+2,3.262e+9
492.06,3.410e+9,8.511e+1,3.410e+9
492.11,3.492e+9,4.411e+1,3.492e+9
492.16,3.505e+9,2.240e+1,3.505e+9
492.21,3.446e+9,1.115e+1,3.446e+9
492.26,3.320e+9,5.432e+0,3.320e+9
492.31,3.134e+9,2.595e+0,3.134e+9
492.36,2.899e+9,1.216e+0,2.899e+9
492.41,2.627e+9,5.633e-1,2.627e+9
492.46,2.333e+9,2.674e-1,2.333e+9
492.51,2.030e+9,1.519e-1,2.030e+9
492.56,1.731e+9,1.447e-1,1.731e+9
492.61,1.446e+9,2.405e-1,1.446e+9
492.66,1.183e+9,4.976e-1,1.183e+9
492.71,9.490e+8,1.067e+0,9.490e+8
492.76,7.457e+8,2.269e+0,7.457e+8
492.81,5.742e+8,4.738e+0,5.742e+8
492.86,4.331e+8,9.701e+0,4.331e+8
492.91,3.202e+8,1.947e+1,3.202e+8
492.96,2.319e+8,3.833e+1,2.319e+8
493.01,1.645e+8,7.396e+1,1.645e+8
493.06,1.144e+8,1.400e+2,1.144e+8
493.11,7.794e+7,2.598e+2,7.794e+7
493.16,5.203e+7,4.731e+2,5.203e+7
493.21,3.404e+7,8.451e+2,3.404e+7
493.26,2.184e+7,1.482e+3,2.184e+7
493.31,1.376e+7,2.550e+3,1.376e+7
493.36,8.549e+6,4.309e+3,8.545e+6
493.41,5.292e+6,7.151e+3,5.285e+6
493.46,3.354e+6,1.166e+4,3.342e+6
493.51,2.307e+6,1.869e+4,2.288e+6
493.56,1.884e+6,2.945e+4,1.854e+6
493.61,1.933e+6,4.565e+4,1.887e+6
493.66,2.390e+6,6.962e+4,2.320e+6
493.71,3.252e+6,1.045e+5,3.147e+6
493.76,4.564e+6,1.546e+5,4.409e+6
493.81,6.404e+6,2.252e+5,6.178e+6
493.86,8.871e+6,3.234e+5,8.548e+6
493.91,1.208e+7,4.577e+5,1.162e+7
493.96,1.613e+7,6.389e+5,1.549e+7
494.01,2.112e+7,8.794e+5,2.024e+7
494.06,2.711e+7,1.194e+6,2.592e+7
494.11,3.412e+7,1.599e+6,3.252e+7
494.16,4.208e+7,2.111e+6,3.997e+7
494.21,5.089e+7,2.749e+6,4.814e+7
494.26,6.033e+7,3.528e+6,5.680e+7
494.31,7.014e+7,4.463e+6,6.567e+7
494.36,7.995e+7,5.560e+6,7.439e+7
494.41,8.939e+7,6.821e+6,8.256e+7
494.46,9.802e+7,8.237e+6,8.978e+7
494.51,1.054e+8,9.787e+6,9.565e+7
494.56,1.113e+8,1.144e+7,9.985e+7
494.61,1.153e+8,1.314e+7,1.021e+8
494.66,1.172e+8,1.483e+7,1.023e+8
494.71,1.169e+8,1.645e+7,1.005e+8
494.76,1.145e+8,1.791e+7,9.663e+7
494.81,1.102e+8,1.915e+7,9.107e+7
494.86,1.042e+8,2.010e+7,8.410e+7
494.91,9.679e+7,2.071e+7,7.608e+7
494.96,8.836e+7,2.092e+7,6.744e+7
495.01,7.931e+7,2.074e+7,5.857e+7
495.06,7.000e+7,2.016e+7,4.984e+7
495.11,6.077e+7,1.922e+7,4.155e+7
495.16,5.191e+7,1.797e+7,3.394e+7
495.21,4.363e+7,1.646e+7,2.716e+7
495.26,3.609e+7,1.479e+7,2.130e+7
495.31,2.939e+7,1.303e+7,1.637e+7
495.36,2.357e+7,1.125e+7,1.232e+7
495.41,1.861e+7,9.518e+6,9.092e+6
495.46,1.448e+7,7.897e+6,6.579e+6
495.51,1.110e+7,6.424e+6,4.674e+6
495.56,8.398e+6,5.125e+6,3.273e+6
495.61,6.294e+6,4.014e+6,2.280e+6
495.66,4.706e+6,3.090e+6,1.616e+6
495.71,3.567e+6,2.344e+6,1.223e+6
495.76,2.828e+6,1.759e+6,1.069e+6
495.81,2.462e+6,1.317e+6,1.146e+6
495.86,2.474e+6,9.949e+5,1.479e+6
495.91,2.901e+6,7.729e+5,2.129e+6
495.96,3.823e+6,6.312e+5,3.192e+6
496.01,5.366e+6,5.524e+5,4.814e+6
496.06,7.707e+6,5.216e+5,7.185e+6
496.11,1.108e+7,5.263e+5,1.055e+7
496.16,1.576e+7,5.563e+5,1.521e+7
496.21,2.209e+7,6.029e+5,2.149e+7
496.26,3.042e+7,6.591e+5,2.976e+7
496.31,4.111e+7,7.192e+5,4.040e+7
496.36,5.451e+7,7.782e+5,5.374e+7
496.41,7.088e+7,8.323e+5,7.005e+7
496.46,9.037e+7,8.785e+5,8.949e+7
496.51,1.129e+8,9.143e+5,1.120e+8
496.56,1.384e+8,9.382e+5,1.374e+8
496.61,1.662e+8,9.496e+5,1.652e+8
496.66,1.956e+8,9.484e+5,1.947e+8
496.71,2.257e+8,9.354e+5,2.247e+8
496.76,2.552e+8,9.119e+5,2.543e+8
496.81,2.828e+8,8.799e+5,2.819e+8
496.86,3.072e+8,8.421e+5,3.063e+8
496.91,3.270e+8,8.013e+5,3.262e+8
496.96,3.411e+8,7.609e+5,3.403e+8
497.01,3.487e+8,7.243e+5,3.480e+8
497.06,3.494e+8,6.950e+5,3.487e+8
497.11,3.431e+8,6.762e+5,3.424e+8
497.16,3.302e+8,6.707e+5,3.295e+8
497.21,3.114e+8,6.807e+5,3.107e+8
497.26,2.879e+8,7.073e+5,2.872e+8
497.31,2.609e+8,7.507e+5,2.602e+8
497.36,2.318e+8,8.096e+5,2.310e+8
497.41,2.020e+8,8.816e+5,2.011e+8
497.46,1.727e+8,9.630e+5,1.717e+8
497.51,1.451e+8,1.049e+6,1.440e+8
497.56,1.199e+8,1.134e+6,1.188e+8
497.61,9.787e+7,1.212e+6,9.666e+7
497.66,7.940e+7,1.278e+6,7.812e+7
497.71,6.471e+7,1.326e+6,6.338e+7
497.76,5.390e+7,1.353e+6,5.255e+7
497.81,4.699e+7,1.355e+6,4.563e+7
497.86,4.394e+7,1.332e+6,4.261e+7
497.91,4.473e+7,1.285e+6,4.345e+7
497.96,4.932e+7,1.215e+6,4.811e+7
498.01,5.770e+7,1.127e+6,5.658e+7
498.06,6.984e+7,1.026e+6,6.882e+7
498.11,8.569e+7,9.158e+5,8.477e+7
498.16,1.051e+8,8.028e+5,1.043e+8
498.21,1.278e+8,6.920e+5,1.271e+8
498.26,1.535e+8,5.883e+5,1.529e+8
498.31,1.816e+8,4.959e+5,1.811e+8
498.36,2.115e+8,4.181e+5,2.111e+8
498.41,2.422e+8,3.580e+5,2.418e+8
498.46,2.729e+8,3.179e+5,2.726e+8
498.51,3.026e+8,2.998e+5,3.023e+8
498.56,3.303e+8,3.056e+5,3.300e+8
498.61,3.552e+8,3.370e+5,3.549e+8
498.66,3.765e+8,3.955e+5,3.761e+8
498.71,3.937e+8,4.824e+5,3.932e+8
498.76,4.065e+8,5.988e+5,4.059e+8
498.81,4.147e+8,7.446e+5,4.139e+8
498.86,4.185e+8,9.190e+5,4.176e+8
498.91,4.185e+8,1.120e+6,4.174e+8
498.96,4.153e+8,1.344e+6,4.139e+8
499.01,4.097e+8,1.585e+6,4.081e+8
499.06,4.028e+8,1.839e+6,4.010e+8
499.11,3.959e+8,2.096e+6,3.938e+8
499.16,3.904e+8,2.351e+6,3.881e+8
499.21,3.877e+8,2.596e+6,3.851e+8
499.26,3.893e+8,2.827e+6,3.864e+8
499.31,3.963e+8,3.040e+6,3.933e+8
499.36,4.100e+8,3.237e+6,4.067e+8
499.41,4.308e+8,3.421e+6,4.274e+8
499.46,4.591e+8,3.600e+6,4.555e+8
499.51,4.944e+8,3.781e+6,4.906e+8
499.56,5.356e+8,3.976e+6,5.316e+8
499.61,5.808e+8,4.196e+6,5.766e+8
499.66,6.279e+8,4.449e+6,6.234e+8
499.71,6.739e+8,4.739e+6,6.691e+8
499.76,7.158e+8,5.067e+6,7.107e+8
499.81,7.507e+8,5.426e+6,7.453e+8
499.86,7.757e+8,5.803e+6,7.699e+8
499.91,7.888e+8,6.181e+6,7.826e+8
499.96,7.884e+8,6.536e+6,7.819e+8
500.01,7.740e+8,6.845e+6,7.672e+8
500.06,7.460e+8,7.083e+6,7.389e+8
500.11,7.055e+8,7.228e+6,6.982e+8
500.16,6.545e+8,7.264e+6,6.472e+8
500.21,5.955e+8,7.180e+6,5.884e+8
500.26,5.314e+8,6.974e+6,5.245e+8
500.31,4.650e+8,6.653e+6,4.584e+8
500.36,3.990e+8,6.229e+6,3.927e+8
500.41,3.356e+8,5.723e+6,3.299e+8
500.46,2.768e+8,5.158e+6,2.716e+8
500.51,2.238e+8,4.559e+6,2.193e+8
500.56,1.774e+8,3.952e+6,1.735e+8
500.61,1.379e+8,3.359e+6,1.345e+8
500.66,1.051e+8,2.798e+6,1.023e+8
500.71,7.851e+7,2.286e+6,7.622e+7
500.76,5.751e+7,1.831e+6,5.568e+7
500.81,4.130e+7,1.437e+6,3.986e+7
500.86,2.908e+7,1.106e+6,2.798e+7
500.91,2.008e+7,8.342e+5,1.925e+7
500.96,1.359e+7,6.168e+5,1.298e+7
501.01,9.024e+6,4.471e+5,8.577e+6
501.06,5.874e+6,3.177e+5,5.557e+6
501.11,3.750e+6,2.212e+5,3.529e+6
501.16,2.347e+6,1.510e+5,2.196e+6
501.21,1.441e+6,1.011e+5,1.340e+6
501.26,8.676e+5,6.629e+4,8.014e+5
501.31,5.124e+5,4.262e+4,4.697e+5
501.36,2.968e+5,2.686e+4,2.699e+5
501.41,1.686e+5,1.659e+4,1.520e+5
501.46,9.396e+4,1.005e+4,8.392e+4
501.51,5.137e+4,5.964e+3,4.541e+4
501.56,2.755e+4,3.470e+3,2.408e+4
501.61,1.450e+4,1.979e+3,1.252e+4
501.66,7.487e+3,1.106e+3,6.381e+3
501.71,3.793e+3,6.061e+2,3.187e+3
501.76,1.886e+3,3.255e+2,1.560e+3
501.81,9.203e+2,1.714e+2,7.489e+2
501.86,4.407e+2,8.845e+1,3.523e+2
501.91,2.072e+2,4.474e+1,1.624e+2
501.96,9.559e+1,2.218e+1,7.341e+1
502.01,4.330e+1,1.078e+1,3.252e+1
502.06,1.926e+1,5.137e+0,1.412e+1
502.11,8.409e+0,2.399e+0,6.011e+0
502.16,3.606e+0,1.098e+0,2.508e+0
502.21,1.518e+0,4.929e-1,1.025e+0
502.26,6.283e-1,2.173e-1,4.110e-1
502.31,2.564e-1,9.486e-2,1.615e-1
502.36,1.053e-1,4.312e-2,6.220e-2
502.41,4.885e-2,2.537e-2,2.348e-2
502.46,3.719e-2,2.850e-2,8.687e-3
502.51,5.776e-2,5.461e-2,3.151e-3
502.56,1.233e-1,1.222e-1,1.120e-3
502.61,2.777e-1,2.773e-1,3.903e-4
502.66,6.209e-1,6.208e-1,1.333e-4
502.71,1.364e+0,1.364e+0,4.463e-5
502.76,2.941e+0,2.941e+0,1.465e-5
502.81,6.215e+0,6.215e+0,4.711e-6
502.86,1.288e+1,1.288e+1,1.485e-6
502.91,2.619e+1,2.619e+1,4.591e-7
502.96,5.220e+1,5.220e+1,1.391e-7
503.01,1.020e+2,1.020e+2,
503.06,1.956e+2,1.956e+2,
503.11,3.678e+2,3.678e+2,
503.16,6.782e+2,6.782e+2,
503.21,1.227e+3,1.227e+3,
503.26,2.176e+3,2.176e+3,
503.31,3.785e+3,3.785e+3,
503.36,6.460e+3,6.460e+3,
503.41,1.081e+4,1.081e+4,
503.46,1.776e+4,1.776e+4,
503.51,2.861e+4,2.861e+4,
503.56,4.523e+4,4.523e+4,
503.61,7.015e+4,7.015e+4,
503.66,1.068e+5,1.068e+5,
503.71,1.595e+5,1.595e+5,
503.76,2.338e+5,2.338e+5,
503.81,3.365e+5,3.365e+5,
503.86,4.755e+5,4.755e+5,
503.91,6.598e+5,6.598e+5,
503.96,8.993e+5,8.993e+5,
504.01,1.204e+6,1.204e+6,
504.06,1.584e+6,1.584e+6,
504.11,2.048e+6,2.048e+6,
504.16,2.603e+6,2.603e+6,
504.21,3.255e+6,3.255e+6,
504.26,4.002e+6,4.002e+6,
504.31,4.843e+6,4.843e+6,
504.36,5.768e+6,5.768e+6,
504.41,6.766e+6,6.766e+6,
504.46,7.816e+6,7.816e+6,
504.51,8.899e+6,8.899e+6,
504.56,9.986e+6,9.986e+6,
504.61,1.105e+7,1.105e+7,
504.66,1.206e+7,1.206e+7,
504.71,1.300e+7,1.300e+7,
504.76,1.382e+7,1.382e+7,
504.81,1.452e+7,1.452e+7,
504.86,1.507e+7,1.507e+7,
504.91,1.547e+7,1.547e+7,
504.96,1.571e+7,1.571e+7,
505.01,1.579e+7,1.579e+7,
505.06,1.573e+7,1.573e+7,
505.11,1.554e+7,1.554e+7,
505.16,1.525e+7,1.525e+7,
505.21,1.487e+7,1.487e+7,
505.26,1.443e+7,1.443e+7,
505.31,1.394e+7,1.394e+7,
505.36,1.342e+7,1.342e+7,
505.41,1.288e+7,1.288e+7,
505.46,1.233e+7,1.233e+7,
505.51,1.176e+7,1.176e+7,
505.56,1.117e+7,1.117e+7,
505.61,1.055e+7,1.055e+7,
505.66,9.911e+6,9.911e+6,
505.71,9.235e+6,9.235e+6,
505.76,8.528e+6,8.528e+6,
505.81,7.795e+6,7.795e+6,
505.86,7.047e+6,7.047e+6,
505.91,6.298e+6,6.298e+6,
505.96,5.563e+6,5.563e+6,
506.01,4.862e+6,4.862e+6,
506.06,4.210e+6,4.210e+6,
506.11,3.623e+6,3.623e+6,
506.16,3.112e+6,3.112e+6,
506.21,2.684e+6,2.684e+6,
506.26,2.344e+6,2.344e+6,
506.31,2.087e+6,2.087e+6,
506.36,1.909e+6,1.909e+6,
506.41,1.800e+6,1.800e+6,
506.46,1.748e+6,1.748e+6,
506.51,1.739e+6,1.739e+6,
506.56,1.759e+6,1.759e+6,
506.61,1.793e+6,1.793e+6,
506.66,1.828e+6,1.828e+6,
506.71,1.854e+6,1.854e+6,
506.76,1.861e+6,1.861e+6,
506.81,1.843e+6,1.843e+6,
506.86,1.798e+6,1.798e+6,
506.91,1.724e+6,1.724e+6,
506.96,1.625e+6,1.625e+6,
507.01,1.503e+6,1.503e+6,
507.06,1.364e+6,1.364e+6,
507.11,1.215e+6,1.215e+6,
507.16,1.062e+6,1.062e+6,
507.21,9.104e+5,9.104e+5,
507.26,7.654e+5,7.654e+5,
507.31,6.311e+5,6.311e+5,
507.36,5.104e+5,5.104e+5,
507.41,4.048e+5,4.048e+5,
507.46,3.149e+5,3.149e+5,
507.51,2.403e+5,2.403e+5,
507.56,1.798e+5,1.798e+5,
507.61,1.319e+5,1.319e+5,
507.66,9.492e+4,9.492e+4,
507.71,6.699e+4,6.699e+4,
507.76,4.637e+4,4.637e+4,
507.81,3.148e+4,3.148e+4,
507.86,2.095e+4,2.095e+4,
507.91,1.368e+4,1.368e+4,
507.96,8.760e+3,8.760e+3,
508.01,5.501e+3,5.501e+3,
508.06,3.388e+3,3.388e+3,
508.11,2.046e+3,2.046e+3,
508.16,1.212e+3,1.212e+3,
508.21,7.041e+2,7.041e+2,
508.26,4.011e+2,4.011e+2,
508.31,2.241e+2,2.241e+2,
508.36,1.229e+2,1.229e+2,5.436e-8
508.41,6.612e+1,6.612e+1,1.761e-7
508.46,3.507e+1,3.507e+1,5.598e-7
508.51,1.863e+1,1.863e+1,1.746e-6
508.56,1.057e+1,1.057e+1,5.340e-6
508.61,7.706e+0,7.706e+0,1.603e-5
508.66,9.008e+0,9.008e+0,4.719e-5
508.71,1.534e+1,1.534e+1,1.363e-4
508.76,2.993e+1,2.993e+1,3.864e-4
508.81,5.973e+1,5.973e+1,1.074e-3
508.86,1.181e+2,1.181e+2,2.930e-3
508.91,2.296e+2,2.296e+2,7.842e-3
508.96,4.382e+2,4.382e+2,2.059e-2
509.01,8.205e+2,8.204e+2,5.303e-2
509.06,1.507e+3,1.507e+3,1.340e-1
509.11,2.716e+3,2.716e+3,3.322e-1
509.16,4.802e+3,4.801e+3,8.081e-1
509.21,8.328e+3,8.326e+3,1.928e+0
509.26,1.417e+4,1.417e+4,4.514e+0
509.31,2.366e+4,2.365e+4,1.037e+1
509.36,3.874e+4,3.872e+4,2.336e+1
509.42,6.829e+4,6.823e+4,6.038e+1
509.47,1.073e+5,1.071e+5,1.304e+2
509.52,1.653e+5,1.650e+5,2.765e+2
509.57,2.499e+5,2.493e+5,5.749e+2
509.62,3.708e+5,3.696e+5,1.173e+3
509.67,5.399e+5,5.376e+5,2.347e+3
509.72,7.717e+5,7.671e+5,4.609e+3
509.77,1.083e+6,1.074e+6,8.878e+3
509.82,1.492e+6,1.475e+6,1.678e+4
509.87,2.019e+6,1.987e+6,3.111e+4
509.92,2.684e+6,2.628e+6,5.658e+4
509.97,3.509e+6,3.408e+6,1.010e+5
510.02,4.514e+6,4.338e+6,1.768e+5
510.07,5.720e+6,5.417e+6,3.036e+5
510.12,7.148e+6,6.637e+6,5.117e+5
510.17,8.825e+6,7.979e+6,8.459e+5
510.22,1.078e+7,9.413e+6,1.372e+6
510.27,1.308e+7,1.090e+7,2.183e+6
510.32,1.578e+7,1.238e+7,3.408e+6
510.37,1.902e+7,1.380e+7,5.219e+6
510.42,2.294e+7,1.509e+7,7.842e+6
510.47,2.777e+7,1.621e+7,1.156e+7
510.52,3.380e+7,1.708e+7,1.672e+7
510.57,4.139e+7,1.766e+7,2.372e+7
510.62,5.096e+7,1.794e+7,3.302e+7
510.67,6.298e+7,1.788e+7,4.510e+7
510.72,7.794e+7,1.750e+7,6.044e+7
510.77,9.628e+7,1.682e+7,7.946e+7
510.82,1.184e+8,1.589e+7,1.025e+8
510.87,1.445e+8,1.474e+7,1.297e+8
510.92,1.746e+8,1.344e+7,1.612e+8
510.97,2.085e+8,1.205e+7,1.964e+8
511.02,2.456e+8,1.064e+7,2.350e+8
511.07,2.852e+8,9.256e+6,2.760e+8
511.12,3.262e+8,7.946e+6,3.182e+8
511.17,3.671e+8,6.746e+6,3.604e+8
511.22,4.067e+8,5.683e+6,4.010e+8
511.27,4.433e+8,4.773e+6,4.386e+8
511.32,4.759e+8,4.020e+6,4.719e+8
511.37,5.033e+8,3.422e+6,4.999e+8
511.42,5.251e+8,2.972e+6,5.222e+8
511.47,5.412e+8,2.656e+6,5.385e+8
511.52,5.520e+8,2.460e+6,5.496e+8
511.57,5.586e+8,2.367e+6,5.563e+8
511.62,5.624e+8,2.358e+6,5.600e+8
511.67,5.649e+8,2.415e+6,5.625e+8
511.72,5.680e+8,2.520e+6,5.655e+8
511.77,5.732e+8,2.656e+6,5.705e+8
511.82,5.816e+8,2.806e+6,5.788e+8
511.87,5.940e+8,2.953e+6,5.910e+8
511.92,6.103e+8,3.083e+6,6.072e+8
511.97,6.298e+8,3.183e+6,6.266e+8
512.02,6.513e+8,3.243e+6,6.480e+8
512.07,6.727e+8,3.255e+6,6.695e+8
512.12,6.920e+8,3.215e+6,6.888e+8
512.17,7.068e+8,3.124e+6,7.037e+8
512.22,7.150e+8,2.982e+6,7.121e+8
512.27,7.148e+8,2.797e+6,7.120e+8
512.32,7.050e+8,2.577e+6,7.024e+8
512.37,6.850e+8,2.331e+6,6.827e+8
512.42,6.550e+8,2.070e+6,6.529e+8
512.47,6.159e+8,1.805e+6,6.141e+8
512.52,5.691e+8,1.544e+6,5.676e+8
512.57,5.166e+8,1.297e+6,5.153e+8
512.62,4.605e+8,1.069e+6,4.594e+8
512.67,4.030e+8,8.641e+5,4.022e+8
512.72,3.462e+8,6.858e+5,3.455e+8
512.77,2.919e+8,5.341e+5,2.914e+8
512.82,2.415e+8,4.082e+5,2.411e+8
512.87,1.961e+8,3.064e+5,1.958e+8
512.92,1.563e+8,2.261e+5,1.561e+8
512.97,1.222e+8,1.646e+5,1.220e+8
513.02,9.373e+7,1.190e+5,9.361e+7
513.07,7.056e+7,8.711e+4,7.047e+7
513.12,5.212e+7,6.699e+4,5.205e+7
513.17,3.778e+7,5.770e+4,3.772e+7
513.22,2.688e+7,5.930e+4,2.682e+7
513.27,1.878e+7,7.315e+4,1.871e+7
513.32,1.291e+7,1.022e+5,1.280e+7
513.37,8.750e+6,1.512e+5,8.599e+6
513.42,5.893e+6,2.275e+5,5.665e+6
513.47,4.003e+6,3.406e+5,3.662e+6
513.52,2.826e+6,5.035e+5,2.323e+6
513.57,2.178e+6,7.321e+5,1.445e+6
513.62,1.928e+6,1.046e+6,8.825e+5
513.67,1.994e+6,1.466e+6,5.286e+5
513.72,2.327e+6,2.017e+6,3.107e+5
513.77,2.902e+6,2.723e+6,1.792e+5
513.82,3.709e+6,3.607e+6,1.015e+5
513.87,4.747e+6,4.690e+6,5.666e+4
513.92,6.016e+6,5.984e+6,3.143e+4
513.97,7.510e+6,7.492e+6,1.789e+4
514.02,9.216e+6,9.205e+6,1.144e+4
514.07,1.111e+7,1.110e+7,9.683e+3
514.12,1.314e+7,1.313e+7,1.176e+4
514.17,1.526e+7,1.524e+7,1.801e+4
514.22,1.739e+7,1.736e+7,2.998e+4
514.27,1.946e+7,1.941e+7,5.058e+4
514.32,2.138e+7,2.129e+7,8.452e+4
514.37,2.306e+7,2.292e+7,1.390e+5
514.42,2.443e+7,2.421e+7,2.244e+5
514.47,2.545e+7,2.510e+7,3.557e+5
514.52,2.608e+7,2.553e+7,5.534e+5
514.57,2.633e+7,2.549e+7,8.449e+5
514.62,2.624e+7,2.497e+7,1.266e+6
514.67,2.588e+7,2.401e+7,1.862e+6
514.72,2.536e+7,2.267e+7,2.687e+6
514.77,2.482e+7,2.101e+7,3.807e+6
514.82,2.442e+7,1.913e+7,5.292e+6
514.87,2.434e+7,1.712e+7,7.222e+6
514.92,2.474e+7,1.507e+7,9.673e+6
514.97,2.579e+7,1.307e+7,1.272e+7
515.02,2.761e+7,1.120e+7,1.641e+7
515.07,3.032e+7,9.522e+6,2.080e+7
515.12,3.395e+7,8.077e+6,2.587e+7
515.17,3.850e+7,6.895e+6,3.161e+7
515.22,4.391e+7,5.986e+6,3.793e+7
515.27,5.006e+7,5.349e+6,4.471e+7
515.32,5.676e+7,4.968e+6,5.179e+7
515.37,6.379e+7,4.819e+6,5.897e+7
515.42,7.092e+7,4.869e+6,6.605e+7
515.47,7.788e+7,5.079e+6,7.280e+7
515.52,8.443e+7,5.407e+6,7.902e+7
515.57,9.036e+7,5.811e+6,8.455e+7
515.62,9.551e+7,6.246e+6,8.926e+7
515.67,9.978e+7,6.673e+6,9.311e+7
515.72,1.031e+8,7.055e+6,9.609e+7
515.77,1.056e+8,7.361e+6,9.828e+7
515.82,1.073e+8,7.569e+6,9.977e+7
515.87,1.084e+8,7.665e+6,1.007e+8
515.92,1.088e+8,7.644e+6,1.012e+8
515.97,1.089e+8,7.511e+6,1.014e+8
516.02,1.086e+8,7.280e+6,1.014e+8
516.07,1.081e+8,6.970e+6,1.011e+8
516.12,1.072e+8,6.606e+6,1.006e+8
516.17,1.061e+8,6.216e+6,9.983e+7
516.22,1.044e+8,5.827e+6,9.862e+7
516.27,1.023e+8,5.463e+6,9.685e+7
516.32,9.956e+7,5.146e+6,9.441e+7
516.37,9.608e+7,4.889e+6,9.119e+7
516.42,9.185e+7,4.703e+6,8.715e+7
516.47,8.687e+7,4.590e+6,8.228e+7
516.52,8.121e+7,4.549e+6,7.666e+7
516.57,7.497e+7,4.578e+6,7.040e+7
516.62,6.834e+7,4.672e+6,6.367e+7
516.67,6.151e+7,4.829e+6,5.668e+7
516.72,5.470e+7,5.053e+6,4.965e+7
516.77,4.813e+7,5.353e+6,4.278e+7
516.82,4.202e+7,5.744e+6,3.628e+7
516.87,3.657e+7,6.252e+6,3.032e+7
516.92,3.196e+7,6.909e+6,2.505e+7
516.97,2.835e+7,7.748e+6,2.060e+7
517.02,2.588e+7,8.809e+6,1.707e+7
517.07,2.471e+7,1.012e+7,1.458e+7
517.12,2.500e+7,1.172e+7,1.328e+7
517.17,2.695e+7,1.360e+7,1.335e+7
517.22,3.083e+7,1.577e+7,1.505e+7
517.27,3.697e+7,1.820e+7,1.877e+7
517.32,4.579e+7,2.082e+7,2.497e+7
517.37,5.786e+7,2.357e+7,3.429e+7
517.42,7.381e+7,2.634e+7,4.747e+7
517.47,9.440e+7,2.902e+7,6.538e+7
517.52,1.205e+8,3.149e+7,8.899e+7
517.57,1.529e+8,3.362e+7,1.193e+8
517.62,1.925e+8,3.530e+7,1.572e+8
517.67,2.399e+8,3.645e+7,2.034e+8
517.72,2.955e+8,3.700e+7,2.585e+8
517.77,3.595e+8,3.692e+7,3.226e+8
517.82,4.313e+8,3.622e+7,3.951e+8
517.87,5.099e+8,3.495e+7,4.750e+8
517.92,5.937e+8,3.317e+7,5.605e+8
517.97,6.803e+8,3.099e+7,6.493e+8
518.02,7.668e+8,2.851e+7,7.383e+8
518.07,8.498e+8,2.585e+7,8.240e+8
518.12,9.258e+8,2.313e+7,9.026e+8
518.17,9.910e+8,2.043e+7,9.706e+8
518.22,1.042e+9,1.784e+7,1.024e+9
518.27,1.077e+9,1.543e+7,1.061e+9
518.32,1.092e+9,1.322e+7,1.079e+9
518.37,1.088e+9,1.125e+7,1.077e+9
518.42,1.065e+9,9.523e+6,1.055e+9
518.47,1.023e+9,8.020e+6,1.015e+9
518.52,9.647e+8,6.727e+6,9.580e+8
518.57,8.933e+8,5.623e+6,8.876e+8
518.62,8.119e+8,4.683e+6,8.073e+8
518.67,7.245e+8,3.885e+6,7.206e+8
518.72,6.346e+8,3.207e+6,6.314e+8
518.77,5.457e+8,2.631e+6,5.431e+8
518.82,4.606e+8,2.142e+6,4.585e+8
518.87,3.816e+8,1.729e+6,3.799e+8
518.92,3.104e+8,1.382e+6,3.090e+8
518.97,2.478e+8,1.091e+6,2.467e+8
519.02,1.942e+8,8.508e+5,1.933e+8
519.07,1.494e+8,6.543e+5,1.487e+8
519.12,1.128e+8,4.958e+5,1.123e+8
519.17,8.358e+7,3.699e+5,8.321e+7
519.22,6.080e+7,2.716e+5,6.053e+7
519.27,4.342e+7,1.962e+5,4.322e+7
519.32,3.043e+7,1.393e+5,3.029e+7
519.37,2.094e+7,9.731e+4,2.084e+7
519.42,1.414e+7,6.690e+4,1.407e+7
519.47,9.372e+6,4.542e+4,9.327e+6
519.52,6.099e+6,3.073e+4,6.068e+6
519.57,3.896e+6,2.121e+4,3.875e+6
519.62,2.445e+6,1.578e+4,2.429e+6
519.67,1.508e+6,1.383e+4,1.494e+6
519.72,9.178e+5,1.533e+4,9.025e+5
519.77,5.558e+5,2.084e+4,5.350e+5
519.82,3.429e+5,3.164e+4,3.113e+5
519.87,2.277e+5,4.993e+4,1.778e+5
519.92,1.788e+5,7.912e+4,9.966e+4
519.97,1.789e+5,1.241e+5,5.484e+4
520.02,2.213e+5,1.916e+5,2.962e+4
520.07,3.066e+5,2.909e+5,1.570e+4
520.12,4.418e+5,4.336e+5,8.171e+3
520.17,6.388e+5,6.347e+5,4.174e+3
520.22,9.141e+5,9.120e+5,2.093e+3
520.27,1.288e+6,1.287e+6,1.030e+3
520.32,1.783e+6,1.782e+6,4.974e+2
520.37,2.424e+6,2.424e+6,2.359e+2
520.42,3.236e+6,3.236e+6,1.098e+2
520.47,4.242e+6,4.241e+6,5.014e+1
520.52,5.458e+6,5.458e+6,2.248e+1
520.57,6.895e+6,6.895e+6,9.896e+0
520.62,8.552e+6,8.552e+6,4.275e+0
520.67,1.041e+7,1.041e+7,1.813e+0
520.72,1.245e+7,1.245e+7,7.546e-1
520.77,1.461e+7,1.461e+7,3.083e-1
520.82,1.684e+7,1.684e+7,1.236e-1
520.87,1.905e+7,1.905e+7,4.867e-2
520.92,2.115e+7,2.115e+7,1.880e-2
520.97,2.307e+7,2.307e+7,7.131e-3
521.02,2.469e+7,2.469e+7,2.655e-3
521.07,2.595e+7,2.595e+7,9.700e-4
521.12,2.677e+7,2.677e+7,3.479e-4
521.17,2.712e+7,2.712e+7,1.225e-4
521.22,2.697e+7,2.697e+7,4.232e-5
521.27,2.633e+7,2.633e+7,1.435e-5
521.32,2.524e+7,2.524e+7,4.779e-6
521.37,2.376e+7,2.376e+7,1.562e-6
521.42,2.195e+7,2.195e+7,5.009e-7
521.47,1.991e+7,1.991e+7,1.577e-7
521.52,1.773e+7,1.773e+7,
521.57,1.550e+7,1.550e+7,
521.62,1.330e+7,1.330e+7,
521.67,1.121e+7,1.121e+7,
521.72,9.274e+6,9.274e+6,
521.77,7.533e+6,7.533e+6,
521.82,6.008e+6,6.008e+6,
521.87,4.705e+6,4.705e+6,
521.92,3.619e+6,3.619e+6,
521.97,2.736e+6,2.736e+6,
522.02,2.036e+6,2.036e+6,
522.07,1.496e+6,1.496e+6,
522.12,1.093e+6,1.093e+6,
522.17,8.056e+5,8.056e+5,
522.22,6.163e+5,6.163e+5,
522.27,5.118e+5,5.118e+5,
522.32,4.840e+5,4.840e+5,
522.37,5.298e+5,5.298e+5,
522.42,6.520e+5,6.520e+5,
522.47,8.582e+5,8.582e+5,
522.52,1.160e+6,1.160e+6,
522.57,1.575e+6,1.575e+6,
522.62,2.119e+6,2.119e+6,
522.67,2.813e+6,2.813e+6,
522.72,3.674e+6,3.674e+6,
522.77,4.716e+6,4.716e+6,1.001e-8
522.82,5.946e+6,5.946e+6,3.120e-8
522.87,7.364e+6,7.364e+6,9.552e-8
522.92,8.956e+6,8.956e+6,2.872e-7
522.97,1.070e+7,1.070e+7,8.480e-7
523.02,1.255e+7,1.255e+7,2.459e-6
523.07,1.445e+7,1.445e+7,7.003e-6
523.12,1.635e+7,1.635e+7,1.959e-5
523.17,1.817e+7,1.817e+7,5.381e-5
523.22,1.983e+7,1.983e+7,1.451e-4
523.27,2.125e+7,2.125e+7,3.845e-4
523.32,2.238e+7,2.238e+7,1.000e-3
523.37,2.315e+7,2.315e+7,2.557e-3
523.42,2.353e+7,2.353e+7,6.415e-3
523.47,2.350e+7,2.350e+7,1.581e-2
523.52,2.307e+7,2.307e+7,3.827e-2
523.57,2.225e+7,2.225e+7,9.096e-2
523.62,2.111e+7,2.111e+7,2.123e-1
523.67,1.969e+7,1.969e+7,4.868e-1
523.72,1.807e+7,1.807e+7,1.096e+0
523.77,1.631e+7,1.631e+7,2.424e+0
523.82,1.450e+7,1.450e+7,5.263e+0
523.87,1.269e+7,1.269e+7,1.122e+1
523.92,1.095e+7,1.095e+7,2.351e+1
523.97,9.316e+6,9.316e+6,4.836e+1
524.02,7.823e+6,7.823e+6,9.769e+1
524.07,6.493e+6,6.493e+6,1.938e+2
524.12,5.335e+6,5.334e+6,3.776e+2
524.17,4.350e+6,4.350e+6,7.226e+2
524.22,3.536e+6,3.535e+6,1.358e+3
524.27,2.884e+6,2.881e+6,2.506e+3
524.32,2.384e+6,2.380e+6,4.542e+3
524.37,2.029e+6,2.021e+6,8.085e+3
524.42,1.811e+6,1.797e+6,1.413e+4
524.47,1.727e+6,1.702e+6,2.426e+4
524.52,1.775e+6,1.734e+6,4.091e+4
524.57,1.958e+6,1.890e+6,6.774e+4
524.62,2.282e+6,2.172e+6,1.102e+5
524.67,2.754e+6,2.578e+6,1.759e+5
524.72,3.383e+6,3.107e+6,2.760e+5
524.77,4.179e+6,3.754e+6,4.251e+5
524.82,5.154e+6,4.511e+6,6.430e+5
524.87,6.316e+6,5.361e+6,9.553e+5
524.92,7.678e+6,6.284e+6,1.394e+6
524.97,9.249e+6,7.252e+6,1.997e+6
525.02,1.104e+7,8.230e+6,2.811e+6
525.07,1.307e+7,9.181e+6,3.885e+6
525.12,1.533e+7,1.006e+7,5.272e+6
525.17,1.786e+7,1.083e+7,7.028e+6
525.22,2.066e+7,1.146e+7,9.200e+6
525.27,2.373e+7,1.190e+7,1.183e+7
525.32,2.707e+7,1.214e+7,1.493e+7
525.37,3.068e+7,1.216e+7,1.852e+7
525.42,3.451e+7,1.196e+7,2.255e+7
525.47,3.853e+7,1.156e+7,2.697e+7
525.52,4.264e+7,1.097e+7,3.168e+7
525.57,4.676e+7,1.022e+7,3.654e+7
525.62,5.075e+7,9.354e+6,4.139e+7
525.67,5.446e+7,8.409e+6,4.605e+7
525.72,5.775e+7,7.428e+6,5.032e+7
525.77,6.044e+7,6.448e+6,5.399e+7
525.82,6.240e+7,5.505e+6,5.690e+7
525.87,6.352e+7,4.628e+6,5.889e+7
525.92,6.369e+7,3.841e+6,5.985e+7
525.97,6.291e+7,3.161e+6,5.974e+7
526.02,6.117e+7,2.599e+6,5.857e+7
526.07,5.855e+7,2.164e+6,5.639e+7
526.12,5.517e+7,1.859e+6,5.331e+7
526.17,5.119e+7,1.688e+6,4.951e+7
526.22,4.680e+7,1.653e+6,4.515e+7
526.27,4.219e+7,1.759e+6,4.043e+7
526.32,3.757e+7,2.007e+6,3.556e+7
526.37,3.312e+7,2.403e+6,3.072e+7
526.42,2.901e+7,2.950e+6,2.606e+7
526.47,2.536e+7,3.650e+6,2.171e+7
526.52,2.226e+7,4.500e+6,1.776e+7
526.57,1.977e+7,5.494e+6,1.427e+7
526.62,1.788e+7,6.618e+6,1.126e+7
526.67,1.658e+7,7.850e+6,8.730e+6
526.72,1.581e+7,9.161e+6,6.645e+6
526.77,1.548e+7,1.051e+7,4.967e+6
526.82,1.551e+7,1.186e+7,3.646e+6
526.87,1.579e+7,1.316e+7,2.629e+6
526.92,1.621e+7,1.435e+7,1.861e+6
526.97,1.669e+7,1.539e+7,1.294e+6
527.02,1.712e+7,1.624e+7,8.839e+5
527.07,1.744e+7,1.685e+7,5.929e+5
527.12,1.760e+7,1.721e+7,3.906e+5
527.17,1.756e+7,1.730e+7,2.529e+5
527.22,1.729e+7,1.713e+7,1.610e+5
527.27,1.681e+7,1.671e+7,1.012e+5
527.32,1.613e+7,1.607e+7,6.350e+4
527.37,1.528e+7,1.524e+7,4.094e+4
527.42,1.429e+7,1.426e+7,2.917e+4
527.47,1.320e+7,1.318e+7,2.585e+4
527.52,1.206e+7,1.203e+7,3.045e+4
527.57,1.091e+7,1.086e+7,4.425e+4
527.62,9.772e+6,9.701e+6,7.057e+4
527.67,8.691e+6,8.575e+6,1.153e+5
527.72,7.694e+6,7.506e+6,1.878e+5
527.77,6.810e+6,6.508e+6,3.019e+5
527.82,6.068e+6,5.591e+6,4.774e+5
527.87,5.501e+6,4.759e+6,7.420e+5
527.92,5.146e+6,4.013e+6,1.133e+6
527.97,5.051e+6,3.352e+6,1.699e+6
528.02,5.276e+6,2.772e+6,2.504e+6
528.07,5.892e+6,2.269e+6,3.624e+6
528.12,6.989e+6,1.836e+6,5.152e+6
528.17,8.665e+6,1.469e+6,7.196e+6
528.22,1.103e+7,1.161e+6,9.871e+6
528.27,1.421e+7,9.062e+5,1.330e+7
528.32,1.831e+7,6.977e+5,1.761e+7
528.37,2.343e+7,5.297e+5,2.290e+7
528.42,2.964e+7,3.963e+5,2.925e+7
528.47,3.699e+7,2.921e+5,3.670e+7
528.52,4.544e+7,2.120e+5,4.523e+7
528.57,5.492e+7,1.515e+5,5.476e+7
528.62,6.525e+7,1.065e+5,6.514e+7
528.67,7.619e+7,7.372e+4,7.612e+7
528.72,8.744e+7,5.024e+4,8.739e+7
528.77,9.861e+7,3.377e+4,9.858e+7
528.82,1.093e+8,2.251e+4,1.093e+8
528.87,1.191e+8,1.509e+4,1.191e+8
528.92,1.275e+8,1.050e+4,1.275e+8
528.97,1.344e+8,8.099e+3,1.344e+8
529.02,1.394e+8,7.510e+3,1.394e+8
529.07,1.424e+8,8.642e+3,1.424e+8
529.12,1.435e+8,1.166e+4,1.435e+8
529.17,1.431e+8,1.701e+4,1.430e+8
529.22,1.414e+8,2.541e+4,1.413e+8
529.27,1.390e+8,3.792e+4,1.390e+8
529.32,1.368e+8,5.595e+4,1.367e+8
529.37,1.355e+8,8.129e+4,1.354e+8
529.42,1.359e+8,1.161e+5,1.358e+8
529.47,1.390e+8,1.630e+5,1.388e+8
529.52,1.455e+8,2.249e+5,1.452e+8
529.57,1.560e+8,3.048e+5,1.557e+8
529.62,1.711e+8,4.057e+5,1.707e+8
529.67,1.909e+8,5.306e+5,1.903e+8
529.72,2.153e+8,6.817e+5,2.146e+8
529.77,2.439e+8,8.605e+5,2.430e+8
529.82,2.760e+8,1.067e+6,2.749e+8
529.87,3.105e+8,1.300e+6,3.092e+8
529.92,3.461e+8,1.555e+6,3.446e+8
529.97,3.814e+8,1.828e+6,3.795e+8
530.02,4.146e+8,2.111e+6,4.124e+8
530.07,4.441e+8,2.395e+6,4.417e+8
530.12,4.684e+8,2.669e+6,4.657e+8
530.17,4.862e+8,2.923e+6,4.833e+8
530.22,4.965e+8,3.144e+6,4.933e+8
530.27,4.986e+8,3.322e+6,4.953e+8
530.32,4.925e+8,3.448e+6,4.890e+8
530.37,4.782e+8,3.516e+6,4.747e+8
530.42,4.566e+8,3.522e+6,4.531e+8
530.47,4.286e+8,3.466e+6,4.252e+8
530.52,3.956e+8,3.351e+6,3.922e+8
530.57,3.589e+8,3.183e+6,3.557e+8
530.62,3.201e+8,2.970e+6,3.172e+8
530.67,2.807e+8,2.722e+6,2.780e+8
530.72,2.420e+8,2.451e+6,2.396e+8
530.77,2.051e+8,2.168e+6,2.029e+8
530.82,1.709e+8,1.884e+6,1.690e+8
530.87,1.400e+8,1.609e+6,1.384e+8
530.92,1.127e+8,1.350e+6,1.114e+8
530.97,8.923e+7,1.113e+6,8.812e+7
531.02,6.944e+7,9.014e+5,6.854e+7
531.07,5.313e+7,7.182e+5,5.241e+7
531.12,3.996e+7,5.634e+5,3.939e+7
531.17,2.955e+7,4.359e+5,2.911e+7
531.22,2.148e+7,3.340e+5,2.114e+7
531.27,1.535e+7,2.554e+5,1.510e+7
531.32,1.080e+7,1.975e+5,1.060e+7
531.37,7.470e+6,1.579e+5,7.312e+6
531.42,5.094e+6,1.344e+5,4.960e+6
531.47,3.432e+6,1.252e+5,3.307e+6
531.52,2.296e+6,1.289e+5,2.167e+6
531.57,1.541e+6,1.446e+5,1.396e+6
531.62,1.055e+6,1.715e+5,8.839e+5
531.67,7.594e+5,2.093e+5,5.501e+5
531.72,5.940e+5,2.574e+5,3.365e+5
531.77,5.177e+5,3.154e+5,2.023e+5
531.82,5.018e+5,3.822e+5,1.196e+5
531.87,5.262e+5,4.567e+5,6.946e+4
531.92,5.769e+5,5.372e+5,3.966e+4
531.97,6.436e+5,6.214e+5,2.225e+4
532.02,7.187e+5,7.065e+5,1.227e+4
532.07,7.960e+5,7.893e+5,6.651e+3
532.12,8.701e+5,8.666e+5,3.543e+3
532.17,9.367e+5,9.348e+5,1.855e+3
532.22,9.918e+5,9.909e+5,9.541e+2
532.27,1.032e+6,1.032e+6,4.824e+2
532.32,1.056e+6,1.056e+6,2.397e+2
532.37,1.062e+6,1.061e+6,1.170e+2
532.42,1.048e+6,1.048e+6,5.617e+1
532.47,1.017e+6,1.017e+6,2.649e+1
532.52,9.701e+5,9.701e+5,1.227e+1
532.57,9.088e+5,9.088e+5,5.589e+0
532.62,8.365e+5,8.365e+5,2.501e+0
532.67,7.564e+5,7.564e+5,1.100e+0
532.72,6.721e+5,6.721e+5,4.752e-1
532.77,5.867e+5,5.867e+5,2.017e-1
532.82,5.032e+5,5.032e+5,8.417e-2
532.87,4.241e+5,4.241e+5,3.450e-2
532.92,3.511e+5,3.511e+5,1.390e-2
532.97,2.856e+5,2.856e+5,5.501e-3
533.02,2.283e+5,2.283e+5,2.139e-3
533.07,1.793e+5,1.793e+5,8.175e-4
533.12,1.383e+5,1.383e+5,3.070e-4
533.17,1.049e+5,1.049e+5,1.132e-4
533.22,7.810e+4,7.810e+4,4.105e-5
533.27,5.715e+4,5.715e+4,1.462e-5
533.32,4.109e+4,4.109e+4,5.116e-6
533.37,2.903e+4,2.903e+4,1.759e-6
533.42,2.015e+4,2.015e+4,5.652e-7
533.47,1.374e+4,1.374e+4,1.881e-7
533.52,9.205e+3,9.205e+3,6.148e-8
533.57,6.059e+3,6.059e+3,
533.62,3.919e+3,3.919e+3,
533.67,2.491e+3,2.491e+3,
533.72,1.557e+3,1.557e+3,
533.77,9.581e+2,9.581e+2,
533.82,5.836e+2,5.836e+2,
533.87,3.578e+2,3.578e+2,
533.92,2.317e+2,2.317e+2,
533.97,1.772e+2,1.772e+2,
534.02,1.832e+2,1.832e+2,
534.07,2.547e+2,2.547e+2,
534.12,4.155e+2,4.155e+2,
534.17,7.133e+2,7.133e+2,
534.22,1.231e+3,1.231e+3,
534.27,2.102e+3,2.102e+3,
534.32,3.535e+3,3.535e+3,
534.37,5.847e+3,5.847e+3,
534.42,9.505e+3,9.505e+3,
534.47,1.518e+4,1.518e+4,
534.52,2.384e+4,2.384e+4,
534.57,3.679e+4,3.679e+4,
534.62,5.578e+4,5.578e+4,
534.67,8.312e+4,8.312e+4,
534.72,1.217e+5,1.217e+5,
534.77,1.752e+5,1.752e+5,
534.82,2.477e+5,2.477e+5,
534.87,3.443e+5,3.443e+5,4.041e-8
534.92,4.703e+5,4.703e+5,1.222e-7
534.97,6.313e+5,6.313e+5,3.634e-7
535.02,8.329e+5,8.329e+5,1.062e-6
535.07,1.080e+6,1.080e+6,3.050e-6
535.12,1.376e+6,1.376e+6,8.611e-6
535.17,1.723e+6,1.723e+6,2.389e-5
535.22,2.120e+6,2.120e+6,6.516e-5
535.27,2.563e+6,2.563e+6,1.747e-4
535.32,3.047e+6,3.047e+6,4.602e-4
535.37,3.560e+6,3.560e+6,1.192e-3
535.42,4.087e+6,4.087e+6,3.033e-3
535.47,4.613e+6,4.613e+6,7.588e-3
535.52,5.118e+6,5.118e+6,1.866e-2
535.57,5.582e+6,5.582e+6,4.509e-2
535.62,5.985e+6,5.985e+6,1.071e-1
535.67,6.311e+6,6.311e+6,2.500e-1
535.72,6.544e+6,6.544e+6,5.737e-1
535.77,6.676e+6,6.676e+6,1.294e+0
535.82,6.702e+6,6.702e+6,2.869e+0
535.87,6.624e+6,6.624e+6,6.250e+0
535.92,6.448e+6,6.448e+6,1.339e+1
535.97,6.186e+6,6.186e+6,2.817e+1
536.02,5.855e+6,5.855e+6,5.829e+1
536.07,5.473e+6,5.473e+6,1.185e+2
536.12,5.058e+6,5.058e+6,2.369e+2
536.17,4.630e+6,4.629e+6,4.653e+2
536.22,4.204e+6,4.204e+6,8.985e+2
536.27,3.796e+6,3.794e+6,1.705e+3
536.32,3.414e+6,3.411e+6,3.180e+3
536.37,3.067e+6,3.061e+6,5.830e+3
536.42,2.757e+6,2.746e+6,1.051e+4
536.47,2.486e+6,2.467e+6,1.861e+4
536.52,2.253e+6,2.220e+6,3.239e+4
536.57,2.058e+6,2.002e+6,5.542e+4
536.62,1.902e+6,1.808e+6,9.319e+4
536.67,1.787e+6,1.633e+6,1.540e+5
536.72,1.724e+6,1.473e+6,2.502e+5
536.77,1.725e+6,1.325e+6,3.996e+5
536.82,1.814e+6,1.187e+6,6.271e+5
536.87,2.026e+6,1.059e+6,9.673e+5
536.92,2.406e+6,9.393e+5,1.467e+6
536.97,3.016e+6,8.310e+5,2.185e+6
537.02,3.936e+6,7.354e+5,3.201e+6
537.07,5.263e+6,6.547e+5,4.608e+6
537.12,7.111e+6,5.912e+5,6.520e+6
537.17,9.614e+6,5.469e+5,9.067e+6
537.22,1.292e+7,5.237e+5,1.239e+7
537.27,1.717e+7,5.227e+5,1.665e+7
537.32,2.253e+7,5.446e+5,2.199e+7
537.37,2.913e+7,5.892e+5,2.854e+7
537.42,3.706e+7,6.555e+5,3.641e+7
537.47,4.639e+7,7.417e+5,4.565e+7
537.52,5.710e+7,8.449e+5,5.626e+7
537.57,6.910e+7,9.614e+5,6.814e+7
537.62,8.221e+7,1.087e+6,8.113e+7
537.67,9.615e+7,1.215e+6,9.493e+7
537.72,1.105e+8,1.341e+6,1.092e+8
537.77,1.249e+8,1.458e+6,1.234e+8
537.82,1.387e+8,1.561e+6,1.371e+8
537.87,1.514e+8,1.645e+6,1.498e+8
537.92,1.625e+8,1.704e+6,1.607e+8
537.97,1.713e+8,1.735e+6,1.696e+8
538.02,1.776e+8,1.738e+6,1.758e+8
538.07,1.809e+8,1.710e+6,1.792e+8
538.12,1.812e+8,1.655e+6,1.795e+8
538.17,1.783e+8,1.574e+6,1.768e+8
538.22,1.725e+8,1.471e+6,1.711e+8
538.27,1.641e+8,1.352e+6,1.627e+8
538.32,1.533e+8,1.221e+6,1.521e+8
538.37,1.408e+8,1.084e+6,1.398e+8
538.42,1.272e+8,9.455e+5,1.262e+8
538.47,1.129e+8,8.107e+5,1.120e+8
538.52,9.844e+7,6.833e+5,9.776e+7
538.57,8.440e+7,5.660e+5,8.383e+7
538.62,7.112e+7,4.608e+5,7.066e+7
538.67,5.890e+7,3.688e+5,5.854e+7
538.72,4.795e+7,2.901e+5,4.766e+7
538.77,3.837e+7,2.242e+5,3.814e+7
538.82,3.018e+7,1.704e+5,3.001e+7
538.87,2.333e+7,1.272e+5,2.320e+7
538.92,1.772e+7,9.340e+4,1.763e+7
538.97,1.323e+7,6.738e+4,1.317e+7
539.02,9.713e+6,4.778e+4,9.666e+6
539.07,7.007e+6,3.330e+4,6.974e+6
539.12,4.969e+6,2.281e+4,4.946e+6
539.17,3.463e+6,1.536e+4,3.448e+6
539.22,2.372e+6,1.016e+4,2.362e+6
539.27,1.597e+6,6.611e+3,1.590e+6
539.32,1.057e+6,4.226e+3,1.053e+6
539.37,6.874e+5,2.656e+3,6.848e+5
539.42,4.395e+5,1.640e+3,4.378e+5
539.47,2.762e+5,9.959e+2,2.752e+5
539.52,1.706e+5,5.948e+2,1.700e+5
539.57,1.035e+5,3.501e+2,1.032e+5
539.62,6.178e+4,2.043e+2,6.157e+4
539.67,3.623e+4,1.206e+2,3.611e+4
539.72,2.089e+4,7.638e+1,2.082e+4
539.77,1.185e+4,5.901e+1,1.179e+4
539.82,6.631e+3,6.327e+1,6.568e+3
539.87,3.685e+3,9.023e+1,3.595e+3
539.92,2.082e+3,1.474e+2,1.934e+3
539.97,1.273e+3,2.503e+2,1.023e+3
540.02,9.565e+2,4.250e+2,5.315e+2
540.07,9.848e+2,7.133e+2,2.715e+2
540.12,1.315e+3,1.179e+3,1.363e+2
540.17,1.983e+3,1.916e+3,6.727e+1
540.22,3.094e+3,3.061e+3,3.263e+1
540.27,4.825e+3,4.809e+3,1.556e+1
540.33,8.092e+3,8.086e+3,6.250e+0
540.38,1.224e+4,1.224e+4,2.869e+0
540.43,1.820e+4,1.820e+4,1.294e+0
540.48,2.662e+4,2.662e+4,5.737e-1
540.53,3.828e+4,3.828e+4,2.500e-1
540.58,5.411e+4,5.411e+4,1.071e-1
540.63,7.519e+4,7.519e+4,4.509e-2
540.68,1.027e+5,1.027e+5,1.866e-2
540.73,1.379e+5,1.379e+5,7.588e-3
540.78,1.821e+5,1.821e+5,3.033e-3
540.83,2.364e+5,2.364e+5,1.192e-3
540.88,3.017e+5,3.017e+5,4.602e-4
540.93,3.785e+5,3.785e+5,1.747e-4
540.98,4.667e+5,4.667e+5,6.516e-5
541.03,5.659e+5,5.659e+5,2.389e-5
541.08,6.745e+5,6.745e+5,8.611e-6
541.13,7.904e+5,7.904e+5,3.050e-6
541.18,9.106e+5,9.106e+5,1.062e-6
541.23,1.031e+6,1.031e+6,3.634e-7
541.28,1.148e+6,1.148e+6,1.222e-7
541.33,1.257e+6,1.257e+6,4.041e-8
541.38,1.353e+6,1.353e+6,
541.43,1.431e+6,1.431e+6,
541.48,1.489e+6,1.489e+6,
541.53,1.523e+6,1.523e+6,
541.58,1.532e+6,1.532e+6,
541.63,1.515e+6,1.515e+6,
541.68,1.475e+6,1.475e+6,
541.73,1.412e+6,1.412e+6,
541.78,1.332e+6,1.332e+6,
541.83,1.239e+6,1.239e+6,
541.88,1.138e+6,1.138e+6,
541.93,1.035e+6,1.035e+6,
541.98,9.356e+5,9.356e+5,
542.03,8.458e+5,8.458e+5,
542.08,7.708e+5,7.708e+5,
542.13,7.150e+5,7.150e+5,
542.18,6.823e+5,6.823e+5,
542.23,6.756e+5,6.756e+5,
542.28,6.969e+5,6.969e+5,
542.33,7.468e+5,7.468e+5,
542.38,8.252e+5,8.252e+5,
542.43,9.306e+5,9.306e+5,
542.48,1.060e+6,1.060e+6,
542.53,1.210e+6,1.210e+6,
542.58,1.375e+6,1.375e+6,
542.63,1.549e+6,1.549e+6,
542.68,1.725e+6,1.725e+6,
542.73,1.896e+6,1.896e+6,
542.78,2.055e+6,2.055e+6,
542.83,2.195e+6,2.195e+6,
542.88,2.310e+6,2.310e+6,
542.93,2.396e+6,2.396e+6,
542.98,2.449e+6,2.449e+6,
543.03,2.470e+6,2.470e+6,
543.08,2.458e+6,2.458e+6,
543.13,2.417e+6,2.417e+6,
543.18,2.350e+6,2.350e+6,
543.23,2.262e+6,2.262e+6,
543.28,2.160e+6,2.160e+6,
543.33,2.048e+6,2.048e+6,
543.38,1.932e+6,1.932e+6,
543.43,1.816e+6,1.816e+6,
543.48,1.703e+6,1.703e+6,
543.53,1.595e+6,1.595e+6,
543.58,1.493e+6,1.493e+6,
543.63,1.397e+6,1.397e+6,
543.68,1.307e+6,1.307e+6,
543.73,1.220e+6,1.220e+6,
543.78,1.136e+6,1.136e+6,
543.83,1.053e+6,1.053e+6,
543.88,9.711e+5,9.711e+5,
543.93,8.897e+5,8.897e+5,
543.98,8.096e+5,8.096e+5,
544.03,7.322e+5,7.322e+5,
544.08,6.597e+5,6.597e+5,
544.13,5.951e+5,5.951e+5,
544.18,5.423e+5,5.423e+5,
544.23,5.061e+5,5.061e+5,
544.28,4.928e+5,4.928e+5,
544.33,5.096e+5,5.096e+5,
544.38,5.658e+5,5.658e+5,
544.43,6.725e+5,6.725e+5,
544.48,8.426e+5,8.426e+5,
544.53,1.092e+6,1.092e+6,
544.58,1.436e+6,1.436e+6,
544.63,1.896e+6,1.896e+6,
544.68,2.490e+6,2.490e+6,
544.73,3.236e+6,3.236e+6,
544.78,4.152e+6,4.152e+6,
544.83,5.248e+6,5.248e+6,
544.88,6.531e+6,6.531e+6,
544.93,7.997e+6,7.997e+6,
544.98,9.632e+6,9.632e+6,
545.03,1.141e+7,1.141e+7,
545.08,1.329e+7,1.329e+7,
545.13,1.523e+7,1.523e+7,
545.18,1.716e+7,1.716e+7,
545.23,1.901e+7,1.901e+7,
545.28,2.071e+7,2.071e+7,
545.33,2.219e+7,2.219e+7,
545.38,2.338e+7,2.338e+7,
545.43,2.422e+7,2.422e+7,
545.48,2.467e+7,2.467e+7,
545.53,2.472e+7,2.472e+7,
545.58,2.435e+7,2.435e+7,
545.63,2.360e+7,2.360e+7,
545.68,2.248e+7,2.248e+7,
545.73,2.107e+7,2.107e+7,
545.78,1.943e+7,1.943e+7,
545.83,1.762e+7,1.762e+7,
545.88,1.573e+7,1.573e+7,
545.93,1.382e+7,1.382e+7,
545.98,1.196e+7,1.196e+7,
546.03,1.020e+7,1.020e+7,
546.08,8.584e+6,8.584e+6,
546.13,7.140e+6,7.140e+6,
546.18,5.882e+6,5.882e+6,
546.23,4.813e+6,4.813e+6,
546.28,3.929e+6,3.929e+6,
546.33,3.214e+6,3.214e+6,
546.38,2.650e+6,2.650e+6,
546.43,2.216e+6,2.216e+6,
546.48,1.887e+6,1.887e+6,
546.53,1.643e+6,1.643e+6,
546.58,1.462e+6,1.462e+6,
546.63,1.327e+6,1.327e+6,
546.68,1.221e+6,1.221e+6,
546.73,1.134e+6,1.134e+6,
546.78,1.057e+6,1.057e+6,
546.83,9.822e+5,9.822e+5,
546.88,9.075e+5,9.075e+5,
546.93,8.307e+5,8.307e+5,
546.98,7.518e+5,7.518e+5,
547.03,6.715e+5,6.715e+5,
547.08,5.912e+5,5.912e+5,
547.13,5.128e+5,5.128e+5,
547.18,4.379e+5,4.379e+5,
547.23,3.680e+5,3.680e+5,
547.28,3.043e+5,3.043e+5,
547.33,2.476e+5,2.476e+5,
547.38,1.981e+5,1.981e+5,
547.43,1.560e+5,1.560e+5,
547.48,1.209e+5,1.209e+5,
547.53,9.223e+4,9.223e+4,
547.58,6.941e+4,6.941e+4,
547.63,5.171e+4,5.171e+4,
547.68,3.843e+4,3.843e+4,
547.73,2.893e+4,2.893e+4,
547.78,2.272e+4,2.272e+4,
547.83,1.944e+4,1.944e+4,
547.88,1.892e+4,1.892e+4,
547.93,2.119e+4,2.119e+4,
547.98,2.647e+4,2.647e+4,
548.03,3.523e+4,3.523e+4,
548.08,4.811e+4,4.811e+4,
548.13,6.599e+4,6.599e+4,
548.18,8.989e+4,8.989e+4,
548.23,1.210e+5,1.210e+5,
548.28,1.605e+5,1.605e+5,
548.33,2.096e+5,2.096e+5,
548.38,2.695e+5,2.695e+5,
548.43,3.411e+5,3.411e+5,
548.48,4.248e+5,4.248e+5,
548.53,5.209e+5,5.209e+5,
548.58,6.290e+5,6.290e+5,
548.63,7.483e+5,7.483e+5,
548.68,8.778e+5,8.778e+5,
548.73,1.016e+6,1.016e+6,
548.78,1.162e+6,1.162e+6,
548.83,1.315e+6,1.315e+6,
548.88,1.475e+6,1.475e+6,
548.93,1.645e+6,1.645e+6,
548.98,1.829e+6,1.829e+6,
549.03,2.035e+6,2.035e+6,
549.08,2.274e+6,2.274e+6,
549.13,2.561e+6,2.561e+6,
549.18,2.913e+6,2.913e+6,
549.23,3.354e+6,3.354e+6,
549.28,3.907e+6,3.907e+6,
549.33,4.598e+6,4.598e+6,
549.38,5.452e+6,5.452e+6,
549.43,6.490e+6,6.490e+6,
549.48,7.731e+6,7.731e+6,
549.53,9.181e+6,9.181e+6,
549.58,1.084e+7,1.084e+7,
549.63,1.269e+7,1.269e+7,
549.68,1.471e+7,1.471e+7,
549.73,1.685e+7,1.685e+7,
549.78,1.906e+7,1.906e+7,
549.83,2.127e+7,2.127e+7,
549.88,2.340e+7,2.340e+7,
549.93,2.537e+7,2.537e+7,
549.98,2.711e+7,2.711e+7,
550.03,2.853e+7,2.853e+7,
550.08,2.958e+7,2.958e+7,
550.13,3.021e+7,3.021e+7,
550.18,3.039e+7,3.039e+7,
550.23,3.011e+7,3.011e+7,
550.28,2.940e+7,2.940e+7,
550.33,2.828e+7,2.828e+7,
550.38,2.681e+7,2.681e+7,
550.43,2.505e+7,2.505e+7,
550.48,2.309e+7,2.309e+7,
550.53,2.099e+7,2.099e+7,
550.58,1.884e+7,1.884e+7,
550.63,1.672e+7,1.672e+7,
550.68,1.468e+7,1.468e+7,
550.73,1.279e+7,1.279e+7,
550.78,1.109e+7,1.109e+7,
550.83,9.615e+6,9.615e+6,
550.88,8.383e+6,8.383e+6,
550.93,7.406e+6,7.406e+6,
550.98,6.684e+6,6.684e+6,
551.03,6.207e+6,6.207e+6,
551.08,5.961e+6,5.961e+6,
551.13,5.922e+6,5.922e+6,
551.18,6.064e+6,6.064e+6,
551.23,6.354e+6,6.354e+6,
551.28,6.757e+6,6.757e+6,
551.33,7.236e+6,7.236e+6,
551.38,7.754e+6,7.754e+6,
551.43,8.271e+6,8.271e+6,
551.48,8.752e+6,8.752e+6,
551.53,9.163e+6,9.163e+6,
551.58,9.478e+6,9.478e+6,
551.63,9.673e+6,9.673e+6,
551.68,9.734e+6,9.734e+6,
551.73,9.654e+6,9.654e+6,
551.78,9.433e+6,9.433e+6,
551.83,9.080e+6,9.080e+6,
551.88,8.610e+6,8.610e+6,
551.93,8.044e+6,8.044e+6,
551.98,7.406e+6,7.406e+6,
552.03,6.724e+6,6.724e+6,
552.08,6.023e+6,6.023e+6,
552.13,5.330e+6,5.330e+6,
552.18,4.669e+6,4.669e+6,
552.23,4.058e+6,4.058e+6,
552.28,3.513e+6,3.513e+6,
552.33,3.044e+6,3.044e+6,
552.38,2.657e+6,2.657e+6,
552.43,2.353e+6,2.353e+6,
552.48,2.129e+6,2.129e+6,
552.53,1.979e+6,1.979e+6,
552.58,1.894e+6,1.894e+6,
552.63,1.864e+6,1.864e+6,
552.68,1.877e+6,1.877e+6,
552.73,1.921e+6,1.921e+6,
552.78,1.984e+6,1.984e+6,
552.83,2.055e+6,2.055e+6,
552.88,2.125e+6,2.125e+6,
552.93,2.186e+6,2.186e+6,
552.98,2.233e+6,2.233e+6,
553.03,2.263e+6,2.263e+6,
553.08,2.275e+6,2.275e+6,
553.13,2.271e+6,2.271e+6,
553.18,2.257e+6,2.257e+6,
553.23,2.237e+6,2.237e+6,
553.28,2.219e+6,2.219e+6,
553.33,2.213e+6,2.213e+6,
553.38,2.225e+6,2.225e+6,
553.43,2.263e+6,2.263e+6,
553.48,2.335e+6,2.335e+6,
553.53,2.442e+6,2.442e+6,
553.58,2.588e+6,2.588e+6,
553.63,2.771e+6,2.771e+6,
553.68,2.986e+6,2.986e+6,
553.73,3.224e+6,3.224e+6,
553.78,3.477e+6,3.477e+6,
553.83,3.732e+6,3.732e+6,
553.88,3.975e+6,3.975e+6,
553.93,4.191e+6,4.191e+6,
553.98,4.369e+6,4.369e+6,
554.03,4.496e+6,4.496e+6,
554.08,4.563e+6,4.563e+6,
554.13,4.565e+6,4.565e+6,
554.18,4.499e+6,4.499e+6,
554.23,4.366e+6,4.366e+6,
554.28,4.171e+6,4.171e+6,
554.33,3.922e+6,3.922e+6,
554.38,3.630e+6,3.630e+6,
554.43,3.306e+6,3.306e+6,
554.48,2.963e+6,2.963e+6,
554.53,2.613e+6,2.613e+6,
554.58,2.267e+6,2.267e+6,
554.63,1.936e+6,1.936e+6,
554.68,1.626e+6,1.626e+6,
554.73,1.344e+6,1.344e+6,
554.78,1.093e+6,1.093e+6,
554.83,8.746e+5,8.746e+5,
554.88,6.887e+5,6.887e+5,
554.93,5.339e+5,5.339e+5,
554.98,4.077e+5,4.077e+5,
555.03,3.072e+5,3.072e+5,
555.08,2.292e+5,2.292e+5,
555.13,1.704e+5,1.704e+5,
555.18,1.282e+5,1.282e+5,
555.23,1.001e+5,1.001e+5,
555.28,8.460e+4,8.460e+4,
555.33,8.065e+4,8.065e+4,
555.38,8.814e+4,8.814e+4,
555.43,1.078e+5,1.078e+5,
555.48,1.411e+5,1.411e+5,
555.53,1.904e+5,1.904e+5,
555.58,2.591e+5,2.591e+5,
555.63,3.509e+5,3.509e+5,
555.68,4.703e+5,4.703e+5,
555.73,6.223e+5,6.223e+5,
555.78,8.117e+5,8.117e+5,
555.83,1.043e+6,1.043e+6,
555.88,1.322e+6,1.322e+6,
555.93,1.649e+6,1.649e+6,
555.98,2.027e+6,2.027e+6,
556.03,2.456e+6,2.456e+6,
556.08,2.931e+6,2.931e+6,
556.13,3.448e+6,3.448e+6,
556.18,3.997e+6,3.997e+6,
556.23,4.567e+6,4.567e+6,
556.28,5.145e+6,5.145e+6,
556.33,5.713e+6,5.713e+6,
556.38,6.256e+6,6.256e+6,
556.43,6.755e+6,6.755e+6,
556.48,7.193e+6,7.193e+6,
556.53,7.553e+6,7.553e+6,
556.58,7.824e+6,7.824e+6,
556.63,7.994e+6,7.994e+6,
556.68,8.058e+6,8.058e+6,
556.73,8.012e+6,8.012e+6,
556.78,7.861e+6,7.861e+6,
556.83,7.609e+6,7.609e+6,
556.88,7.267e+6,7.267e+6,
556.93,6.849e+6,6.849e+6,
556.98,6.368e+6,6.368e+6,
557.03,5.843e+6,5.843e+6,
557.08,5.289e+6,5.289e+6,
557.13,4.724e+6,4.724e+6,
557.18,4.163e+6,4.163e+6,
557.23,3.620e+6,3.620e+6,
557.28,3.106e+6,3.106e+6,
557.33,2.630e+6,2.630e+6,
557.38,2.198e+6,2.198e+6,
557.43,1.814e+6,1.814e+6,
557.48,1.480e+6,1.480e+6,
557.53,1.196e+6,1.196e+6,
557.58,9.607e+5,9.607e+5,
557.63,7.724e+5,7.724e+5,
557.68,6.285e+5,6.285e+5,
557.73,5.266e+5,5.266e+5,
557.78,4.646e+5,4.646e+5,
557.83,4.411e+5,4.411e+5,
557.88,4.553e+5,4.553e+5,
557.93,5.073e+5,5.073e+5,
557.98,5.977e+5,5.977e+5,
558.03,7.275e+5,7.275e+5,
558.08,8.976e+5,8.976e+5,
558.13,1.109e+6,1.109e+6,
558.18,1.361e+6,1.361e+6,
558.23,1.652e+6,1.652e+6,
558.28,1.980e+6,1.980e+6,
558.33,2.338e+6,2.338e+6,
558.38,2.720e+6,2.720e+6,
558.43,3.115e+6,3.115e+6,
558.48,3.511e+6,3.511e+6,
558.53,3.896e+6,3.896e+6,
558.58,4.254e+6,4.254e+6,
558.63,4.571e+6,4.571e+6,
558.68,4.835e+6,4.835e+6,
558.73,5.032e+6,5.032e+6,
558.78,5.154e+6,5.154e+6,
558.83,5.196e+6,5.196e+6,
558.88,5.154e+6,5.154e+6,
558.93,5.032e+6,5.032e+6,
558.98,4.835e+6,4.835e+6,
559.03,4.571e+6,4.571e+6,
559.08,4.253e+6,4.253e+6,
559.13,3.895e+6,3.895e+6,
559.18,3.510e+6,3.510e+6,
559.23,3.113e+6,3.113e+6,
559.28,2.717e+6,2.717e+6,
559.33,2.333e+6,2.333e+6,
559.38,1.972e+6,1.972e+6,
559.43,1.641e+6,1.641e+6,
559.48,1.343e+6,1.343e+6,
559.53,1.082e+6,1.082e+6,
559.58,8.578e+5,8.578e+5,
559.63,6.693e+5,6.693e+5,
559.68,5.139e+5,5.139e+5,
559.73,3.883e+5,3.883e+5,
559.78,2.888e+5,2.888e+5,
559.83,2.113e+5,2.113e+5,
559.88,1.522e+5,1.522e+5,
559.93,1.079e+5,1.079e+5,
559.98,7.525e+4,7.525e+4,
560.03,5.165e+4,5.165e+4,
560.08,3.489e+4,3.489e+4,
560.13,2.320e+4,2.320e+4,
560.18,1.518e+4,1.518e+4,
560.23,9.771e+3,9.771e+3,
560.28,6.191e+3,6.191e+3,
560.33,3.861e+3,3.861e+3,
560.38,2.369e+3,2.369e+3,
560.43,1.431e+3,1.431e+3,
560.48,8.503e+2,8.503e+2,
560.53,4.973e+2,4.973e+2,
560.58,2.863e+2,2.863e+2,
560.63,1.622e+2,1.622e+2,
560.68,9.045e+1,9.045e+1,
560.73,4.971e+1,4.971e+1,
560.78,2.702e+1,2.702e+1,
560.83,1.474e+1,1.474e+1,
560.88,8.505e+0,8.505e+0,
560.93,5.984e+0,5.984e+0,
560.98,6.226e+0,6.226e+0,
561.03,9.360e+0,9.360e+0,
561.08,1.665e+1,1.665e+1,
561.13,3.092e+1,3.092e+1,
561.18,5.742e+1,5.742e+1,
561.23,1.054e+2,1.054e+2,
561.28,1.907e+2,1.907e+2,
561.33,3.399e+2,3.399e+2,
561.38,5.962e+2,5.962e+2,
561.43,1.029e+3,1.029e+3,
561.48,1.750e+3,1.750e+3,
561.53,2.929e+3,2.929e+3,
561.58,4.827e+3,4.827e+3,
561.63,7.829e+3,7.829e+3,
561.68,1.250e+4,1.250e+4,
561.73,1.966e+4,1.966e+4,
561.78,3.042e+4,3.042e+4,
561.83,4.635e+4,4.635e+4,
561.88,6.953e+4,6.953e+4,
561.93,1.027e+5,1.027e+5,
561.98,1.493e+5,1.493e+5,
562.03,2.137e+5,2.137e+5,
562.08,3.011e+5,3.011e+5,
562.13,4.177e+5,4.177e+5,
562.18,5.704e+5,5.704e+5,
562.23,7.670e+5,7.670e+5,
562.28,1.015e+6,1.015e+6,
562.33,1.323e+6,1.323e+6,
562.38,1.698e+6,1.698e+6,
562.43,2.145e+6,2.145e+6,
562.48,2.668e+6,2.668e+6,
562.53,3.268e+6,3.268e+6,
562.58,3.940e+6,3.940e+6,
562.63,4.679e+6,4.679e+6,
562.68,5.470e+6,5.470e+6,
562.73,6.299e+6,6.299e+6,
562.78,7.142e+6,7.142e+6,
562.83,7.977e+6,7.977e+6,
562.88,8.776e+6,8.776e+6,
562.93,9.513e+6,9.513e+6,
562.98,1.016e+7,1.016e+7,
563.03,1.070e+7,1.070e+7,
563.08,1.110e+7,1.110e+7,
563.13,1.137e+7,1.137e+7,
563.18,1.149e+7,1.149e+7,
563.23,1.146e+7,1.146e+7,
563.28,1.130e+7,1.130e+7,
563.33,1.101e+7,1.101e+7,
563.38,1.063e+7,1.063e+7,
563.43,1.018e+7,1.018e+7,
563.48,9.676e+6,9.676e+6,
563.53,9.151e+6,9.151e+6,
563.58,8.629e+6,8.629e+6,
563.63,8.131e+6,8.131e+6,
563.68,7.678e+6,7.678e+6,
563.73,7.285e+6,7.285e+6,
563.78,6.967e+6,6.967e+6,
563.83,6.733e+6,6.733e+6,
563.88,6.596e+6,6.596e+6,
563.93,6.562e+6,6.562e+6,
563.98,6.641e+6,6.641e+6,
564.03,6.840e+6,6.840e+6,
564.08,7.167e+6,7.167e+6,
564.13,7.627e+6,7.627e+6,
564.18,8.222e+6,8.222e+6,
564.23,8.951e+6,8.951e+6,
564.28,9.804e+6,9.804e+6,
564.33,1.077e+7,1.077e+7,
564.38,1.182e+7,1.182e+7,
564.43,1.293e+7,1.293e+7,
564.48,1.407e+7,1.407e+7,
564.53,1.518e+7,1.518e+7,
564.58,1.624e+7,1.624e+7,
564.63,1.718e+7,1.718e+7,
564.68,1.798e+7,1.798e+7,
564.73,1.859e+7,1.859e+7,
564.78,1.899e+7,1.899e+7,
564.83,1.916e+7,1.916e+7,
564.88,1.911e+7,1.911e+7,
564.93,1.884e+7,1.884e+7,
564.98,1.837e+7,1.837e+7,
565.03,1.775e+7,1.775e+7,
565.08,1.699e+7,1.699e+7,
565.13,1.616e+7,1.616e+7,
565.18,1.528e+7,1.528e+7,
565.23,1.440e+7,1.440e+7,
565.28,1.354e+7,1.354e+7,
565.33,1.274e+7,1.274e+7,
565.38,1.201e+7,1.201e+7,
565.43,1.136e+7,1.136e+7,
565.48,1.078e+7,1.078e+7,
565.53,1.026e+7,1.026e+7,
565.58,9.789e+6,9.789e+6,
565.63,9.351e+6,9.351e+6,
565.68,8.927e+6,8.927e+6,
565.73,8.500e+6,8.500e+6,
565.78,8.058e+6,8.058e+6,
565.83,7.591e+6,7.591e+6,
565.88,7.094e+6,7.094e+6,
565.93,6.568e+6,6.568e+6,
565.98,6.017e+6,6.017e+6,
566.03,5.449e+6,5.449e+6,
566.08,4.874e+6,4.874e+6,
566.13,4.304e+6,4.304e+6,
566.18,3.749e+6,3.749e+6,
566.23,3.221e+6,3.221e+6,
566.28,2.729e+6,2.729e+6,
566.33,2.278e+6,2.278e+6,
566.38,1.875e+6,1.875e+6,
566.43,1.520e+6,1.520e+6,
566.48,1.214e+6,1.214e+6,
566.53,9.557e+5,9.557e+5,
566.58,7.409e+5,7.409e+5,
566.63,5.657e+5,5.657e+5,
566.68,4.255e+5,4.255e+5,
566.73,3.152e+5,3.152e+5,
566.78,2.300e+5,2.300e+5,
566.83,1.652e+5,1.652e+5,
566.88,1.169e+5,1.169e+5,
566.93,8.148e+4,8.148e+4,
566.98,5.591e+4,5.591e+4,
567.03,3.779e+4,3.779e+4,
567.08,2.515e+4,2.515e+4,
567.13,1.648e+4,1.648e+4,
567.18,1.064e+4,1.064e+4,
567.23,6.759e+3,6.759e+3,
567.28,4.230e+3,4.230e+3,
567.33,2.606e+3,2.606e+3,
567.38,1.582e+3,1.582e+3,
567.43,9.459e+2,9.459e+2,
567.48,5.581e+2,5.581e+2,
567.53,3.265e+2,3.265e+2,
567.58,1.922e+2,1.922e+2,
567.63,1.190e+2,1.190e+2,
567.68,8.611e+1,8.611e+1,
567.73,8.354e+1,8.354e+1,
567.78,1.099e+2,1.099e+2,
567.83,1.721e+2,1.721e+2,
567.88,2.861e+2,2.861e+2,
567.93,4.802e+2,4.802e+2,
567.98,8.001e+2,8.001e+2,
568.03,1.316e+3,1.316e+3,
568.08,2.132e+3,2.132e+3,
568.13,3.404e+3,3.404e+3,
568.18,5.353e+3,5.353e+3,
568.23,8.289e+3,8.289e+3,
568.28,1.264e+4,1.264e+4,
568.33,1.899e+4,1.899e+4,
568.38,2.809e+4,2.809e+4,
568.43,4.092e+4,4.092e+4,
568.48,5.872e+4,5.872e+4,
568.53,8.300e+4,8.300e+4,
568.58,1.156e+5,1.156e+5,
568.63,1.585e+5,1.585e+5,
568.68,2.141e+5,2.141e+5,
568.73,2.849e+5,2.849e+5,
568.78,3.734e+5,3.734e+5,
568.83,4.823e+5,4.823e+5,
568.88,6.138e+5,6.138e+5,
568.93,7.696e+5,7.696e+5,
568.98,9.510e+5,9.510e+5,
569.03,1.158e+6,1.158e+6,
569.08,1.390e+6,1.390e+6,
569.13,1.644e+6,1.644e+6,
569.18,1.918e+6,1.918e+6,
569.23,2.206e+6,2.206e+6,
569.28,2.501e+6,2.501e+6,
569.33,2.798e+6,2.798e+6,
569.38,3.088e+6,3.088e+6,
569.43,3.362e+6,3.362e+6,
569.48,3.614e+6,3.614e+6,
569.53,3.835e+6,3.835e+6,
569.58,4.018e+6,4.018e+6,
569.63,4.160e+6,4.160e+6,
569.68,4.256e+6,4.256e+6,
569.73,4.305e+6,4.305e+6,
569.78,4.306e+6,4.306e+6,
569.83,4.261e+6,4.261e+6,
569.88,4.174e+6,4.174e+6,
569.93,4.050e+6,4.050e+6,
569.98,3.892e+6,3.892e+6,
570.03,3.707e+6,3.707e+6,
570.08,3.501e+6,3.501e+6,
570.13,3.281e+6,3.281e+6,
570.18,3.051e+6,3.051e+6,
570.23,2.818e+6,2.818e+6,
570.28,2.587e+6,2.587e+6,
570.33,2.363e+6,2.363e+6,
570.38,2.149e+6,2.149e+6,
570.43,1.951e+6,1.951e+6,
570.48,1.771e+6,1.771e+6,
570.53,1.612e+6,1.612e+6,
570.58,1.478e+6,1.478e+6,
570.63,1.371e+6,1.371e+6,
570.68,1.292e+6,1.292e+6,
570.73,1.242e+6,1.242e+6,
570.78,1.222e+6,1.222e+6,
570.83,1.231e+6,1.231e+6,
570.88,1.268e+6,1.268e+6,
570.93,1.330e+6,1.330e+6,
570.98,1.413e+6,1.413e+6,
571.03,1.515e+6,1.515e+6,
571.08,1.630e+6,1.630e+6,
571.13,1.753e+6,1.753e+6,
571.19,1.906e+6,1.906e+6,
571.24,2.030e+6,2.030e+6,
571.29,2.148e+6,2.148e+6,
571.34,2.254e+6,2.254e+6,
571.39,2.347e+6,2.347e+6,
571.44,2.423e+6,2.423e+6,
571.49,2.482e+6,2.482e+6,
571.54,2.522e+6,2.522e+6,
571.59,2.543e+6,2.543e+6,
571.64,2.546e+6,2.546e+6,
571.69,2.531e+6,2.531e+6,
571.74,2.499e+6,2.499e+6,
571.79,2.450e+6,2.450e+6,
571.84,2.387e+6,2.387e+6,
571.89,2.309e+6,2.309e+6,
571.94,2.218e+6,2.218e+6,
571.99,2.114e+6,2.114e+6,
572.04,2.000e+6,2.000e+6,
572.09,1.877e+6,1.877e+6,
572.14,1.747e+6,1.747e+6,
572.19,1.612e+6,1.612e+6,
572.24,1.476e+6,1.476e+6,
572.29,1.343e+6,1.343e+6,
572.34,1.215e+6,1.215e+6,
572.39,1.097e+6,1.097e+6,
572.44,9.924e+5,9.924e+5,
572.49,9.060e+5,9.060e+5,
572.54,8.415e+5,8.415e+5,
572.59,8.026e+5,8.026e+5,
572.64,7.928e+5,7.928e+5,
572.69,8.153e+5,8.153e+5,
572.74,8.727e+5,8.727e+5,
572.79,9.676e+5,9.676e+5,
572.84,1.102e+6,1.102e+6,
572.89,1.276e+6,1.276e+6,
572.94,1.493e+6,1.493e+6,
572.99,1.752e+6,1.752e+6,
573.04,2.053e+6,2.053e+6,
573.09,2.398e+6,2.398e+6,
573.14,2.786e+6,2.786e+6,
573.19,3.219e+6,3.219e+6,
573.24,3.695e+6,3.695e+6,
573.29,4.218e+6,4.218e+6,
573.34,4.789e+6,4.789e+6,
573.39,5.410e+6,5.410e+6,
573.44,6.084e+6,6.084e+6,6.094e-8
573.49,6.812e+6,6.812e+6,1.716e-7
573.54,7.596e+6,7.596e+6,4.759e-7
573.59,8.436e+6,8.436e+6,1.300e-6
573.64,9.329e+6,9.329e+6,3.499e-6
573.69,1.027e+7,1.027e+7,9.276e-6
573.74,1.125e+7,1.125e+7,2.423e-5
573.79,1.226e+7,1.226e+7,6.233e-5
573.84,1.328e+7,1.328e+7,1.580e-4
573.89,1.429e+7,1.429e+7,3.943e-4
573.94,1.527e+7,1.527e+7,9.698e-4
573.99,1.618e+7,1.618e+7,2.349e-3
574.04,1.701e+7,1.701e+7,5.607e-3
574.09,1.772e+7,1.772e+7,1.318e-2
574.14,1.828e+7,1.828e+7,3.053e-2
574.19,1.868e+7,1.868e+7,6.965e-2
574.24,1.888e+7,1.888e+7,1.565e-1
574.29,1.889e+7,1.889e+7,3.465e-1
574.34,1.869e+7,1.869e+7,7.557e-1
574.39,1.827e+7,1.827e+7,1.623e+0
574.44,1.767e+7,1.767e+7,3.435e+0
574.49,1.688e+7,1.688e+7,7.162e+0
574.54,1.593e+7,1.593e+7,1.471e+1
574.59,1.485e+7,1.485e+7,2.975e+1
574.64,1.367e+7,1.367e+7,5.930e+1
574.69,1.243e+7,1.243e+7,1.164e+2
574.74,1.115e+7,1.115e+7,2.251e+2
574.79,9.884e+6,9.883e+6,4.288e+2
574.84,8.650e+6,8.649e+6,8.048e+2
574.89,7.477e+6,7.476e+6,1.488e+3
574.94,6.389e+6,6.386e+6,2.709e+3
574.99,5.403e+6,5.398e+6,4.860e+3
575.04,4.532e+6,4.523e+6,8.589e+3
575.09,3.785e+6,3.770e+6,1.495e+4
575.14,3.168e+6,3.142e+6,2.564e+4
575.19,2.683e+6,2.640e+6,4.331e+4
575.24,2.334e+6,2.262e+6,7.207e+4
575.29,2.121e+6,2.003e+6,1.182e+5
575.34,2.050e+6,1.859e+6,1.908e+5
575.39,2.128e+6,1.825e+6,3.035e+5
575.44,2.368e+6,1.892e+6,4.756e+5
575.49,2.790e+6,2.056e+6,7.342e+5
575.54,3.426e+6,2.309e+6,1.116e+6
575.59,4.317e+6,2.644e+6,1.672e+6
575.64,5.521e+6,3.053e+6,2.468e+6
575.69,7.115e+6,3.528e+6,3.588e+6
575.74,9.196e+6,4.059e+6,5.137e+6
575.79,1.188e+7,4.638e+6,7.247e+6
575.84,1.532e+7,5.254e+6,1.007e+7
575.89,1.968e+7,5.900e+6,1.378e+7
575.94,2.516e+7,6.568e+6,1.859e+7
575.99,3.194e+7,7.251e+6,2.469e+7
576.04,4.026e+7,7.946e+6,3.231e+7
576.09,5.030e+7,8.653e+6,4.165e+7
576.14,6.226e+7,9.372e+6,5.288e+7
576.19,7.626e+7,1.011e+7,6.615e+7
576.24,9.238e+7,1.086e+7,8.151e+7
576.29,1.106e+8,1.165e+7,9.895e+7
576.34,1.308e+8,1.246e+7,1.183e+8
576.39,1.527e+8,1.330e+7,1.394e+8
576.44,1.759e+8,1.417e+7,1.617e+8
576.49,1.999e+8,1.506e+7,1.848e+8
576.54,2.241e+8,1.595e+7,2.081e+8
576.59,2.477e+8,1.682e+7,2.309e+8
576.64,2.699e+8,1.764e+7,2.523e+8
576.69,2.899e+8,1.838e+7,2.715e+8
576.74,3.069e+8,1.900e+7,2.879e+8
576.79,3.202e+8,1.948e+7,3.007e+8
576.84,3.292e+8,1.978e+7,3.095e+8
576.89,3.335e+8,1.987e+7,3.137e+8
576.94,3.329e+8,1.973e+7,3.132e+8
576.99,3.274e+8,1.936e+7,3.081e+8
577.04,3.173e+8,1.877e+7,2.985e+8
577.09,3.029e+8,1.795e+7,2.849e+8
577.14,2.848e+8,1.695e+7,2.679e+8
577.19,2.639e+8,1.578e+7,2.481e+8
577.24,2.409e+8,1.449e+7,2.264e+8
577.29,2.166e+8,1.313e+7,2.035e+8
577.34,1.919e+8,1.172e+7,1.802e+8
577.39,1.675e+8,1.032e+7,1.572e+8
577.44,1.440e+8,8.965e+6,1.350e+8
577.49,1.220e+8,7.684e+6,1.143e+8
577.54,1.018e+8,6.506e+6,9.530e+7
577.59,8.373e+7,5.452e+6,7.827e+7
577.64,6.787e+7,4.538e+6,6.333e+7
577.69,5.425e+7,3.775e+6,5.048e+7
577.74,4.280e+7,3.169e+6,3.963e+7
577.79,3.338e+7,2.727e+6,3.066e+7
577.84,2.581e+7,2.451e+6,2.336e+7
577.89,1.988e+7,2.349e+6,1.754e+7
577.94,1.540e+7,2.428e+6,1.297e+7
577.99,1.215e+7,2.698e+6,9.456e+6
578.04,9.972e+6,3.172e+6,6.800e+6
578.09,8.698e+6,3.866e+6,4.832e+6
578.14,8.206e+6,4.799e+6,3.406e+6
578.19,8.392e+6,5.988e+6,2.404e+6
578.24,9.180e+6,7.449e+6,1.732e+6
578.29,1.051e+7,9.194e+6,1.320e+6
578.34,1.235e+7,1.123e+7,1.123e+6
578.39,1.466e+7,1.355e+7,1.115e+6
578.44,1.743e+7,1.614e+7,1.291e+6
578.49,2.063e+7,1.896e+7,1.665e+6
578.54,2.425e+7,2.198e+7,2.267e+6
578.59,2.828e+7,2.514e+7,3.147e+6
578.64,3.272e+7,2.834e+7,4.372e+6
578.69,3.755e+7,3.152e+7,6.026e+6
578.74,4.278e+7,3.457e+7,8.206e+6
578.79,4.842e+7,3.739e+7,1.102e+7
578.84,5.448e+7,3.988e+7,1.460e+7
578.89,6.101e+7,4.195e+7,1.906e+7
578.94,6.803e+7,4.351e+7,2.451e+7
578.99,7.558e+7,4.451e+7,3.107e+7
579.04,8.370e+7,4.490e+7,3.880e+7
579.09,9.242e+7,4.466e+7,4.776e+7
579.14,1.017e+8,4.381e+7,5.792e+7
579.19,1.116e+8,4.238e+7,6.922e+7
579.24,1.220e+8,4.042e+7,8.154e+7
579.29,1.327e+8,3.802e+7,9.468e+7
579.34,1.436e+8,3.526e+7,1.084e+8
579.39,1.546e+8,3.225e+7,1.223e+8
579.44,1.652e+8,2.908e+7,1.361e+8
579.49,1.753e+8,2.585e+7,1.494e+8
579.54,1.845e+8,2.266e+7,1.618e+8
579.59,1.926e+8,1.959e+7,1.730e+8
579.64,1.994e+8,1.669e+7,1.827e+8
579.69,2.046e+8,1.402e+7,1.906e+8
579.74,2.082e+8,1.161e+7,1.965e+8
579.79,2.101e+8,9.483e+6,2.006e+8
579.84,2.105e+8,7.634e+6,2.028e+8
579.89,2.094e+8,6.058e+6,2.034e+8
579.94,2.072e+8,4.739e+6,2.025e+8
579.99,2.040e+8,3.655e+6,2.004e+8
580.04,2.002e+8,2.778e+6,1.974e+8
580.09,1.960e+8,2.082e+6,1.940e+8
580.14,1.917e+8,1.538e+6,1.902e+8
580.19,1.874e+8,1.119e+6,1.863e+8
580.24,1.833e+8,8.034e+5,1.825e+8
580.29,1.793e+8,5.684e+5,1.787e+8
580.34,1.754e+8,3.965e+5,1.750e+8
580.39,1.714e+8,2.728e+5,1.712e+8
580.44,1.673e+8,1.854e+5,1.671e+8
580.49,1.628e+8,1.249e+5,1.627e+8
580.54,1.578e+8,8.400e+4,1.577e+8
580.59,1.520e+8,5.748e+4,1.520e+8
580.64,1.454e+8,4.156e+4,1.454e+8
580.69,1.380e+8,3.381e+4,1.380e+8
580.74,1.297e+8,3.287e+4,1.297e+8
580.79,1.207e+8,3.831e+4,1.206e+8
580.84,1.110e+8,5.060e+4,1.109e+8
580.89,1.009e+8,7.100e+4,1.008e+8
580.94,9.060e+7,1.016e+5,9.049e+7
580.99,8.032e+7,1.455e+5,8.017e+7
581.04,7.029e+7,2.065e+5,7.008e+7
581.09,6.072e+7,2.895e+5,6.043e+7
581.14,5.179e+7,4.006e+5,5.139e+7
581.19,4.363e+7,5.465e+5,4.309e+7
581.24,3.635e+7,7.349e+5,3.561e+7
581.29,2.999e+7,9.743e+5,2.902e+7
581.34,2.458e+7,1.273e+6,2.330e+7
581.39,2.008e+7,1.640e+6,1.844e+7
581.44,1.647e+7,2.083e+6,1.438e+7
581.49,1.366e+7,2.608e+6,1.106e+7
581.54,1.159e+7,3.220e+6,8.374e+6
581.59,1.017e+7,3.919e+6,6.249e+6
581.64,9.299e+6,4.704e+6,4.596e+6
581.69,8.897e+6,5.567e+6,3.330e+6
581.74,8.876e+6,6.499e+6,2.378e+6
581.79,9.155e+6,7.482e+6,1.673e+6
581.84,9.658e+6,8.499e+6,1.159e+6
581.89,1.032e+7,9.524e+6,7.918e+5
581.94,1.107e+7,1.053e+7,5.328e+5
581.99,1.185e+7,1.150e+7,3.533e+5
582.04,1.262e+7,1.239e+7,2.308e+5
582.09,1.333e+7,1.319e+7,1.485e+5
582.14,1.396e+7,1.386e+7,9.421e+4
582.19,1.446e+7,1.440e+7,5.886e+4
582.24,1.483e+7,1.480e+7,3.624e+4
582.29,1.506e+7,1.503e+7,2.198e+4
582.34,1.513e+7,1.512e+7,1.314e+4
582.39,1.506e+7,1.505e+7,7.736e+3
582.44,1.485e+7,1.485e+7,4.489e+3
582.49,1.453e+7,1.452e+7,2.566e+3
582.54,1.410e+7,1.409e+7,1.445e+3
582.59,1.358e+7,1.358e+7,8.020e+2
582.64,1.299e+7,1.299e+7,4.385e+2
582.69,1.235e+7,1.235e+7,2.362e+2
582.74,1.167e+7,1.167e+7,1.254e+2
582.79,1.097e+7,1.097e+7,6.557e+1
582.84,1.026e+7,1.026e+7,3.379e+1
582.89,9.547e+6,9.547e+6,1.715e+1
582.94,8.834e+6,8.834e+6,8.580e+0
582.99,8.129e+6,8.129e+6,4.229e+0
583.04,7.436e+6,7.436e+6,2.053e+0
583.09,6.759e+6,6.759e+6,9.824e-1
583.14,6.103e+6,6.103e+6,4.631e-1
583.19,5.472e+6,5.472e+6,2.151e-1
583.24,4.871e+6,4.871e+6,9.846e-2
583.29,4.303e+6,4.303e+6,4.447e-2
583.34,3.774e+6,3.774e+6,1.994e-2
583.39,3.286e+6,3.286e+6,9.164e-3
583.44,2.844e+6,2.844e+6,4.986e-3
583.49,2.450e+6,2.450e+6,4.526e-3
583.54,2.104e+6,2.104e+6,7.419e-3
583.59,1.807e+6,1.807e+6,1.555e-2
583.64,1.558e+6,1.558e+6,3.415e-2
583.69,1.354e+6,1.354e+6,7.481e-2
583.74,1.193e+6,1.193e+6,1.618e-1
583.79,1.071e+6,1.071e+6,3.452e-1
583.84,9.837e+5,9.837e+5,7.258e-1
583.89,9.266e+5,9.266e+5,1.504e+0
583.94,8.952e+5,8.952e+5,3.071e+0
583.99,8.851e+5,8.850e+5,6.182e+0
584.04,8.921e+5,8.921e+5,1.226e+1
584.09,9.125e+5,9.125e+5,2.397e+1
584.14,9.430e+5,9.430e+5,4.619e+1
584.19,9.809e+5,9.808e+5,8.771e+1
584.24,1.024e+6,1.024e+6,1.642e+2
584.29,1.071e+6,1.070e+6,3.028e+2
584.34,1.120e+6,1.120e+6,5.505e+2
584.39,1.173e+6,1.172e+6,9.862e+2
584.44,1.228e+6,1.227e+6,1.741e+3
584.49,1.288e+6,1.285e+6,3.031e+3
584.54,1.355e+6,1.350e+6,5.198e+3
584.59,1.430e+6,1.421e+6,8.787e+3
584.64,1.517e+6,1.502e+6,1.464e+4
584.69,1.618e+6,1.594e+6,2.404e+4
584.74,1.738e+6,1.699e+6,3.890e+4
584.79,1.881e+6,1.819e+6,6.204e+4
584.84,2.051e+6,1.953e+6,9.751e+4
584.89,2.253e+6,2.102e+6,1.511e+5
584.94,2.495e+6,2.265e+6,2.306e+5
584.99,2.784e+6,2.437e+6,3.471e+5
585.04,3.132e+6,2.617e+6,5.147e+5
585.09,3.551e+6,2.798e+6,7.523e+5
585.14,4.060e+6,2.976e+6,1.084e+6
585.19,4.683e+6,3.144e+6,1.539e+6
585.24,5.448e+6,3.296e+6,2.153e+6
585.29,6.393e+6,3.424e+6,2.969e+6
585.34,7.558e+6,3.523e+6,4.035e+6
585.39,8.993e+6,3.588e+6,5.405e+6
585.44,1.075e+7,3.614e+6,7.135e+6
585.49,1.288e+7,3.600e+6,9.284e+6
585.54,1.545e+7,3.544e+6,1.190e+7
585.59,1.849e+7,3.448e+6,1.505e+7
585.64,2.205e+7,3.314e+6,1.874e+7
585.69,2.615e+7,3.145e+6,2.300e+7
585.74,3.078e+7,2.949e+6,2.783e+7
585.79,3.592e+7,2.730e+6,3.319e+7
585.84,4.150e+7,2.497e+6,3.900e+7
585.89,4.743e+7,2.256e+6,4.517e+7
585.94,5.358e+7,2.014e+6,5.156e+7
585.99,5.979e+7,1.780e+6,5.801e+7
586.04,6.588e+7,1.557e+6,6.432e+7
586.09,7.164e+7,1.353e+6,7.028e+7
586.14,7.687e+7,1.170e+6,7.570e+7
586.19,8.136e+7,1.013e+6,8.035e+7
586.24,8.494e+7,8.830e+5,8.405e+7
586.29,8.745e+7,7.824e+5,8.666e+7
586.34,8.878e+7,7.116e+5,8.807e+7
586.39,8.887e+7,6.710e+5,8.820e+7
586.44,8.773e+7,6.603e+5,8.707e+7
586.49,8.539e+7,6.792e+5,8.471e+7
586.54,8.197e+7,7.269e+5,8.124e+7
586.59,7.761e+7,8.029e+5,7.681e+7
586.64,7.250e+7,9.064e+5,7.159e+7
586.69,6.685e+7,1.036e+6,6.581e+7
586.74,6.087e+7,1.192e+6,5.968e+7
586.79,5.479e+7,1.372e+6,5.342e+7
586.84,4.883e+7,1.574e+6,4.725e+7
586.89,4.316e+7,1.796e+6,4.136e+7
586.94,3.796e+7,2.035e+6,3.592e+7
586.99,3.335e+7,2.288e+6,3.106e+7
587.04,2.946e+7,2.550e+6,2.690e+7
587.09,2.634e+7,2.817e+6,2.352e+7
587.14,2.404e+7,3.081e+6,2.096e+7
587.19,2.259e+7,3.336e+6,1.925e+7
587.24,2.198e+7,3.576e+6,1.840e+7
587.29,2.219e+7,3.793e+6,1.839e+7
587.34,2.318e+7,3.981e+6,1.920e+7
587.39,2.489e+7,4.133e+6,2.076e+7
587.44,2.726e+7,4.245e+6,2.301e+7
587.49,3.019e+7,4.311e+6,2.588e+7
587.54,3.358e+7,4.329e+6,2.925e+7
587.59,3.732e+7,4.299e+6,3.302e+7
587.64,4.126e+7,4.220e+6,3.704e+7
587.69,4.526e+7,4.095e+6,4.117e+7
587.74,4.918e+7,3.928e+6,4.525e+7
587.79,5.284e+7,3.724e+6,4.912e+7
587.84,5.611e+7,3.490e+6,5.262e+7
587.89,5.884e+7,3.233e+6,5.561e+7
587.94,6.090e+7,2.960e+6,5.794e+7
587.99,6.221e+7,2.679e+6,5.953e+7
588.04,6.269e+7,2.397e+6,6.029e+7
588.09,6.232e+7,2.123e+6,6.020e+7
588.14,6.110e+7,1.861e+6,5.924e+7
588.19,5.908e+7,1.617e+6,5.746e+7
588.24,5.634e+7,1.396e+6,5.494e+7
588.29,5.298e+7,1.201e+6,5.178e+7
588.34,4.913e+7,1.036e+6,4.810e+7
588.39,4.494e+7,9.032e+5,4.404e+7
588.44,4.055e+7,8.039e+5,3.974e+7
588.49,3.609e+7,7.396e+5,3.535e+7
588.54,3.170e+7,7.115e+5,3.099e+7
588.59,2.750e+7,7.201e+5,2.678e+7
588.64,2.358e+7,7.660e+5,2.281e+7
588.69,2.000e+7,8.491e+5,1.915e+7
588.74,1.681e+7,9.690e+5,1.584e+7
588.79,1.405e+7,1.125e+6,1.292e+7
588.84,1.170e+7,1.314e+6,1.039e+7
588.89,9.765e+6,1.534e+6,8.231e+6
588.94,8.209e+6,1.781e+6,6.428e+6
588.99,6.996e+6,2.049e+6,4.948e+6
589.04,6.085e+6,2.331e+6,3.754e+6
589.09,5.427e+6,2.620e+6,2.807e+6
589.14,4.975e+6,2.906e+6,2.069e+6
589.19,4.684e+6,3.180e+6,1.503e+6
589.24,4.510e+6,3.433e+6,1.076e+6
589.29,4.415e+6,3.656e+6,7.596e+5
589.34,4.367e+6,3.839e+6,5.284e+5
589.39,4.338e+6,3.976e+6,3.623e+5
589.44,4.307e+6,4.062e+6,2.449e+5
589.49,4.258e+6,4.095e+6,1.631e+5
589.54,4.180e+6,4.073e+6,1.071e+5
589.59,4.069e+6,4.000e+6,6.931e+4
589.64,3.924e+6,3.880e+6,4.421e+4
589.69,3.746e+6,3.718e+6,2.779e+4
589.74,3.541e+6,3.524e+6,1.722e+4
589.79,3.316e+6,3.306e+6,1.052e+4
589.84,3.079e+6,3.073e+6,6.332e+3
589.89,2.837e+6,2.833e+6,3.757e+3
589.94,2.599e+6,2.596e+6,2.197e+3
589.99,2.370e+6,2.368e+6,1.267e+3
590.04,2.155e+6,2.154e+6,7.197e+2
590.09,1.959e+6,1.959e+6,4.031e+2
590.14,1.783e+6,1.783e+6,2.225e+2
590.19,1.627e+6,1.627e+6,1.210e+2
590.24,1.491e+6,1.491e+6,6.491e+1
590.29,1.372e+6,1.372e+6,3.431e+1
590.34,1.268e+6,1.268e+6,1.787e+1
590.39,1.177e+6,1.177e+6,9.177e+0
590.44,1.095e+6,1.095e+6,4.645e+0
590.49,1.021e+6,1.021e+6,2.317e+0
590.54,9.517e+5,9.517e+5,1.139e+0
590.59,8.867e+5,8.867e+5,5.521e-1
590.64,8.251e+5,8.251e+5,2.637e-1
590.69,7.670e+5,7.670e+5,1.242e-1
590.74,7.133e+5,7.133e+5,5.762e-2
590.79,6.649e+5,6.649e+5,2.636e-2
590.84,6.233e+5,6.233e+5,1.188e-2
590.89,5.901e+5,5.901e+5,5.280e-3
590.94,5.668e+5,5.668e+5,2.313e-3
590.99,5.548e+5,5.548e+5,9.983e-4
591.04,5.551e+5,5.551e+5,4.248e-4
591.09,5.682e+5,5.682e+5,1.781e-4
591.14,5.943e+5,5.943e+5,7.364e-5
591.19,6.327e+5,6.327e+5,3.000e-5
591.24,6.822e+5,6.822e+5,1.205e-5
591.29,7.413e+5,7.413e+5,4.769e-6
591.34,8.076e+5,8.076e+5,1.861e-6
591.39,8.784e+5,8.784e+5,7.155e-7
591.44,9.509e+5,9.509e+5,2.712e-7
591.49,1.022e+6,1.022e+6,1.013e-7
591.54,1.089e+6,1.089e+6,3.731e-8
591.59,1.150e+6,1.150e+6,1.354e-8
591.64,1.201e+6,1.201e+6,
591.69,1.244e+6,1.244e+6,
591.74,1.277e+6,1.277e+6,
591.79,1.301e+6,1.301e+6,
591.84,1.320e+6,1.320e+6,
591.89,1.337e+6,1.337e+6,
591.94,1.358e+6,1.358e+6,
591.99,1.388e+6,1.388e+6,
592.04,1.436e+6,1.436e+6,
592.09,1.511e+6,1.511e+6,
592.14,1.620e+6,1.620e+6,
592.19,1.773e+6,1.773e+6,
592.24,1.978e+6,1.978e+6,
592.29,2.243e+6,2.243e+6,
592.34,2.573e+6,2.573e+6,
592.39,2.972e+6,2.972e+6,
592.44,3.440e+6,3.440e+6,
592.49,3.975e+6,3.975e+6,
592.54,4.572e+6,4.572e+6,
592.59,5.220e+6,5.220e+6,
592.64,5.906e+6,5.906e+6,
592.69,6.615e+6,6.615e+6,
592.74,7.327e+6,7.327e+6,
592.79,8.023e+6,8.023e+6,
592.84,8.680e+6,8.680e+6,
592.89,9.278e+6,9.278e+6,
592.94,9.797e+6,9.797e+6,
592.99,1.022e+7,1.022e+7,
593.04,1.054e+7,1.054e+7,
593.09,1.073e+7,1.073e+7,
593.14,1.080e+7,1.080e+7,
593.19,1.075e+7,1.075e+7,
593.24,1.059e+7,1.059e+7,
593.29,1.031e+7,1.031e+7,
593.34,9.936e+6,9.936e+6,
593.39,9.479e+6,9.479e+6,
593.44,8.958e+6,8.958e+6,
593.49,8.387e+6,8.387e+6,
593.54,7.786e+6,7.786e+6,
593.59,7.168e+6,7.168e+6,
593.64,6.550e+6,6.550e+6,
593.69,5.942e+6,5.942e+6,
593.74,5.356e+6,5.356e+6,
593.79,4.799e+6,4.799e+6,
593.84,4.277e+6,4.277e+6,
593.89,3.793e+6,3.793e+6,
593.94,3.349e+6,3.349e+6,
593.99,2.945e+6,2.945e+6,
594.04,2.580e+6,2.580e+6,
594.09,2.253e+6,2.253e+6,
594.14,1.960e+6,1.960e+6,
594.19,1.700e+6,1.700e+6,
594.24,1.469e+6,1.469e+6,
594.29,1.265e+6,1.265e+6,
594.34,1.085e+6,1.085e+6,
594.39,9.260e+5,9.260e+5,
594.44,7.863e+5,7.863e+5,
594.49,6.640e+5,6.640e+5,
594.54,5.574e+5,5.574e+5,
594.59,4.651e+5,4.651e+5,
594.64,3.857e+5,3.857e+5,
594.69,3.183e+5,3.183e+5,
594.74,2.619e+5,2.619e+5,
594.79,2.157e+5,2.157e+5,
594.84,1.790e+5,1.790e+5,
594.89,1.513e+5,1.513e+5,
594.94,1.322e+5,1.322e+5,
594.99,1.213e+5,1.213e+5,
595.04,1.185e+5,1.185e+5,
595.09,1.237e+5,1.237e+5,
595.14,1.369e+5,1.369e+5,
595.19,1.584e+5,1.584e+5,
595.24,1.881e+5,1.881e+5,
595.29,2.261e+5,2.261e+5,
595.34,2.725e+5,2.725e+5,
595.39,3.269e+5,3.269e+5,
595.44,3.889e+5,3.889e+5,
595.49,4.578e+5,4.578e+5,
595.54,5.323e+5,5.323e+5,
595.59,6.110e+5,6.110e+5,
595.64,6.920e+5,6.920e+5,
595.69,7.730e+5,7.730e+5,
595.74,8.517e+5,8.517e+5,
595.79,9.253e+5,9.253e+5,
595.84,9.913e+5,9.913e+5,
595.89,1.047e+6,1.047e+6,
595.94,1.091e+6,1.091e+6,
595.99,1.121e+6,1.121e+6,
596.04,1.136e+6,1.136e+6,
596.09,1.135e+6,1.135e+6,
596.14,1.119e+6,1.119e+6,
596.19,1.088e+6,1.088e+6,
596.24,1.044e+6,1.044e+6,
596.29,9.886e+5,9.886e+5,
596.34,9.251e+5,9.251e+5,
596.39,8.560e+5,8.560e+5,
596.44,7.842e+5,7.842e+5,
596.49,7.128e+5,7.128e+5,
596.54,6.448e+5,6.448e+5,
596.59,5.827e+5,5.827e+5,
596.64,5.291e+5,5.291e+5,
596.69,4.857e+5,4.857e+5,
596.74,4.542e+5,4.542e+5,
596.79,4.356e+5,4.356e+5,
596.84,4.304e+5,4.304e+5,
596.89,4.388e+5,4.388e+5,
596.94,4.602e+5,4.602e+5,
596.99,4.938e+5,4.938e+5,
597.04,5.385e+5,5.385e+5,
597.09,5.925e+5,5.925e+5,
597.14,6.540e+5,6.540e+5,
597.19,7.207e+5,7.207e+5,
597.24,7.903e+5,7.903e+5,
597.29,8.604e+5,8.604e+5,
597.34,9.287e+5,9.287e+5,
597.39,9.930e+5,9.930e+5,
597.44,1.051e+6,1.051e+6,
597.49,1.102e+6,1.102e+6,
597.54,1.144e+6,1.144e+6,
597.59,1.176e+6,1.176e+6,
597.64,1.198e+6,1.198e+6,
597.69,1.210e+6,1.210e+6,
597.74,1.213e+6,1.213e+6,
597.79,1.207e+6,1.207e+6,
597.84,1.193e+6,1.193e+6,
597.89,1.173e+6,1.173e+6,
597.94,1.146e+6,1.146e+6,
597.99,1.115e+6,1.115e+6,
598.04,1.080e+6,1.080e+6,
598.09,1.042e+6,1.042e+6,
598.14,1.002e+6,1.002e+6,
598.19,9.614e+5,9.614e+5,
598.24,9.199e+5,9.199e+5,
598.29,8.787e+5,8.787e+5,
598.34,8.385e+5,8.385e+5,
598.39,8.003e+5,8.003e+5,
598.44,7.648e+5,7.648e+5,
598.49,7.329e+5,7.329e+5,
598.54,7.055e+5,7.055e+5,
598.59,6.832e+5,6.832e+5,
598.64,6.665e+5,6.665e+5,
598.69,6.557e+5,6.557e+5,
598.74,6.507e+5,6.507e+5,
598.79,6.512e+5,6.512e+5,
598.84,6.564e+5,6.564e+5,
598.89,6.653e+5,6.653e+5,
598.94,6.765e+5,6.765e+5,
598.99,6.885e+5,6.885e+5,
599.04,6.997e+5,6.997e+5,
599.09,7.086e+5,7.086e+5,
599.14,7.136e+5,7.136e+5,
599.19,7.137e+5,7.137e+5,
599.24,7.080e+5,7.080e+5,
599.29,6.961e+5,6.961e+5,
599.34,6.780e+5,6.780e+5,
599.39,6.543e+5,6.543e+5,
599.44,6.259e+5,6.259e+5,
599.49,5.943e+5,5.943e+5,
599.54,5.611e+5,5.611e+5,
599.59,5.286e+5,5.286e+5,
599.64,4.988e+5,4.988e+5,
599.69,4.742e+5,4.742e+5,
599.74,4.571e+5,4.571e+5,
599.79,4.497e+5,4.497e+5,
599.84,4.542e+5,4.542e+5,
599.89,4.722e+5,4.722e+5,
599.94,5.052e+5,5.052e+5,
599.99,5.541e+5,5.541e+5,
600.04,6.192e+5,6.192e+5,
600.09,7.004e+5,7.004e+5,
600.14,7.966e+5,7.966e+5,
600.19,9.063e+5,9.063e+5,
600.24,1.027e+6,1.027e+6,
600.29,1.155e+6,1.155e+6,
600.34,1.288e+6,1.288e+6,
600.39,1.420e+6,1.420e+6,
600.44,1.548e+6,1.548e+6,
600.49,1.666e+6,1.666e+6,
600.54,1.770e+6,1.770e+6,
600.59,1.856e+6,1.856e+6,
600.64,1.920e+6,1.920e+6,
600.69,1.959e+6,1.959e+6,
600.74,1.972e+6,1.972e+6,
600.79,1.958e+6,1.958e+6,
600.84,1.917e+6,1.917e+6,
600.89,1.852e+6,1.852e+6,
600.94,1.764e+6,1.764e+6,
600.99,1.657e+6,1.657e+6,
601.04,1.536e+6,1.536e+6,
601.09,1.403e+6,1.403e+6,
601.14,1.265e+6,1.265e+6,
601.19,1.124e+6,1.124e+6,
601.24,9.857e+5,9.857e+5,
601.29,8.522e+5,8.522e+5,
601.34,7.267e+5,7.267e+5,
601.39,6.111e+5,6.111e+5,
601.44,5.069e+5,5.069e+5,
601.49,4.146e+5,4.146e+5,
601.54,3.345e+5,3.345e+5,
601.59,2.661e+5,2.661e+5,
601.64,2.088e+5,2.088e+5,
601.69,1.616e+5,1.616e+5,
601.74,1.234e+5,1.234e+5,
601.79,9.288e+4,9.288e+4,
601.84,6.897e+4,6.897e+4,
601.89,5.053e+4,5.053e+4,
601.94,3.655e+4,3.655e+4,
601.99,2.613e+4,2.613e+4,
602.05,1.727e+4,1.727e+4,
602.1,1.223e+4,1.223e+4,
602.15,8.805e+3,8.805e+3,
602.2,6.671e+3,6.671e+3,
602.25,5.602e+3,5.602e+3,
602.3,5.486e+3,5.486e+3,
602.35,6.316e+3,6.316e+3,
602.4,8.193e+3,8.193e+3,
602.45,1.133e+4,1.133e+4,
602.5,1.606e+4,1.606e+4,
602.55,2.285e+4,2.285e+4,
602.6,3.232e+4,3.232e+4,
602.65,4.524e+4,4.524e+4,
602.7,6.255e+4,6.255e+4,
602.75,8.536e+4,8.536e+4,
602.8,1.149e+5,1.149e+5,
602.85,1.526e+5,1.526e+5,
602.9,2.000e+5,2.000e+5,
602.95,2.584e+5,2.584e+5,
603,3.294e+5,3.294e+5,
603.05,4.141e+5,4.141e+5,
603.1,5.136e+5,5.136e+5,
603.15,6.283e+5,6.283e+5,
603.2,7.581e+5,7.581e+5,
603.25,9.023e+5,9.023e+5,
603.3,1.059e+6,1.059e+6,
603.35,1.227e+6,1.227e+6,
603.4,1.401e+6,1.401e+6,
603.45,1.579e+6,1.579e+6,
603.5,1.755e+6,1.755e+6,
603.55,1.923e+6,1.923e+6,
603.6,2.080e+6,2.080e+6,
603.65,2.218e+6,2.218e+6,
603.7,2.334e+6,2.334e+6,
603.75,2.422e+6,2.422e+6,
603.8,2.479e+6,2.479e+6,
603.85,2.503e+6,2.503e+6,
603.9,2.493e+6,2.493e+6,
603.95,2.448e+6,2.448e+6,
604,2.372e+6,2.372e+6,
604.05,2.268e+6,2.268e+6,
604.1,2.138e+6,2.138e+6,
604.15,1.988e+6,1.988e+6,
604.2,1.823e+6,1.823e+6,
604.25,1.650e+6,1.650e+6,
604.3,1.472e+6,1.472e+6,
604.35,1.296e+6,1.296e+6,
604.4,1.125e+6,1.125e+6,
604.45,9.637e+5,9.637e+5,
604.5,8.142e+5,8.142e+5,
604.55,6.784e+5,6.784e+5,
604.6,5.576e+5,5.576e+5,
604.65,4.521e+5,4.521e+5,
604.7,3.616e+5,3.616e+5,
604.75,2.852e+5,2.852e+5,
604.8,2.219e+5,2.219e+5,
604.85,1.703e+5,1.703e+5,
604.9,1.290e+5,1.290e+5,
604.95,9.638e+4,9.638e+4,
605,7.108e+4,7.108e+4,
605.05,5.180e+4,5.180e+4,
605.1,3.737e+4,3.737e+4,
605.15,2.682e+4,2.682e+4,
605.2,1.935e+4,1.935e+4,
605.25,1.432e+4,1.432e+4,
605.3,1.127e+4,1.127e+4,
605.35,9.907e+3,9.907e+3,
605.4,1.009e+4,1.009e+4,
605.45,1.183e+4,1.183e+4,
605.5,1.528e+4,1.528e+4,
605.55,2.075e+4,2.075e+4,
605.6,2.871e+4,2.871e+4,
605.65,3.977e+4,3.977e+4,
605.7,5.471e+4,5.471e+4,
605.75,7.448e+4,7.448e+4,
605.8,1.002e+5,1.002e+5,
605.85,1.330e+5,1.330e+5,
605.9,1.742e+5,1.742e+5,
605.95,2.251e+5,2.251e+5,
606,2.870e+5,2.870e+5,
606.05,3.610e+5,3.610e+5,
606.1,4.480e+5,4.480e+5,
606.15,5.485e+5,5.485e+5,
606.2,6.624e+5,6.624e+5,
606.25,7.892e+5,7.892e+5,
606.3,9.275e+5,9.275e+5,
606.35,1.075e+6,1.075e+6,
606.4,1.230e+6,1.230e+6,
606.45,1.388e+6,1.388e+6,
606.5,1.545e+6,1.545e+6,
606.55,1.697e+6,1.697e+6,
606.6,1.839e+6,1.839e+6,
606.65,1.965e+6,1.965e+6,
606.7,2.072e+6,2.072e+6,
606.75,2.155e+6,2.155e+6,
606.8,2.211e+6,2.211e+6,
606.85,2.239e+6,2.239e+6,
606.9,2.236e+6,2.236e+6,
606.95,2.202e+6,2.202e+6,
607,2.141e+6,2.141e+6,
607.05,2.052e+6,2.052e+6,
607.1,1.941e+6,1.941e+6,
607.15,1.811e+6,1.811e+6,
607.2,1.667e+6,1.667e+6,
607.25,1.514e+6,1.514e+6,
607.3,1.356e+6,1.356e+6,
607.35,1.199e+6,1.199e+6,
607.4,1.045e+6,1.045e+6,
607.45,8.990e+5,8.990e+5,
607.5,7.628e+5,7.628e+5,
607.55,6.385e+5,6.385e+5,
607.6,5.273e+5,5.273e+5,
607.65,4.296e+5,4.296e+5,
607.7,3.452e+5,3.452e+5,
607.75,2.737e+5,2.737e+5,
607.8,2.141e+5,2.141e+5,
607.85,1.652e+5,1.652e+5,
607.9,1.257e+5,1.257e+5,
607.95,9.441e+4,9.441e+4,
608,6.994e+4,6.994e+4,
608.05,5.111e+4,5.111e+4,
608.1,3.685e+4,3.685e+4,
608.15,2.621e+4,2.621e+4,
608.2,1.839e+4,1.839e+4,
608.25,1.273e+4,1.273e+4,
608.3,8.691e+3,8.691e+3,
608.35,5.855e+3,5.855e+3,
608.4,3.891e+3,3.891e+3,
608.45,2.552e+3,2.552e+3,
608.5,1.652e+3,1.652e+3,
608.55,1.056e+3,1.056e+3,
608.6,6.693e+2,6.693e+2,
608.65,4.236e+2,4.236e+2,
608.7,2.737e+2,2.737e+2,
608.75,1.903e+2,1.903e+2,
608.8,1.567e+2,1.567e+2,
608.85,1.659e+2,1.659e+2,
608.9,2.206e+2,2.206e+2,
608.95,3.332e+2,3.332e+2,
609,5.281e+2,5.281e+2,
609.05,8.453e+2,8.453e+2,
609.1,1.346e+3,1.346e+3,
609.15,2.123e+3,2.123e+3,
609.2,3.307e+3,3.307e+3,
609.25,5.087e+3,5.087e+3,
609.3,7.724e+3,7.724e+3,
609.35,1.158e+4,1.158e+4,
609.4,1.713e+4,1.713e+4,
609.45,2.502e+4,2.502e+4,
609.5,3.607e+4,3.607e+4,
609.55,5.133e+4,5.133e+4,
609.6,7.212e+4,7.212e+4,
609.65,1.000e+5,1.000e+5,
609.7,1.370e+5,1.370e+5,
609.75,1.852e+5,1.852e+5,
609.8,2.471e+5,2.471e+5,
609.85,3.257e+5,3.257e+5,
609.9,4.237e+5,4.237e+5,
609.95,5.444e+5,5.444e+5,
610,6.906e+5,6.906e+5,
610.05,8.652e+5,8.652e+5,
610.1,1.070e+6,1.070e+6,
610.15,1.308e+6,1.308e+6,
610.2,1.578e+6,1.578e+6,
610.25,1.881e+6,1.881e+6,
610.3,2.214e+6,2.214e+6,
610.35,2.575e+6,2.575e+6,
610.4,2.958e+6,2.958e+6,
610.45,3.358e+6,3.358e+6,
610.5,3.765e+6,3.765e+6,
610.55,4.171e+6,4.171e+6,
610.6,4.566e+6,4.566e+6,
610.65,4.940e+6,4.940e+6,
610.7,5.281e+6,5.281e+6,
610.75,5.579e+6,5.579e+6,
610.8,5.826e+6,5.826e+6,
610.85,6.013e+6,6.013e+6,
610.9,6.134e+6,6.134e+6,
610.95,6.186e+6,6.186e+6,
611,6.167e+6,6.167e+6,
611.05,6.078e+6,6.078e+6,
611.1,5.922e+6,5.922e+6,
611.15,5.704e+6,5.704e+6,
611.2,5.433e+6,5.433e+6,
611.25,5.116e+6,5.116e+6,
611.3,4.764e+6,4.764e+6,
611.35,4.388e+6,4.388e+6,
611.4,3.997e+6,3.997e+6,
611.45,3.602e+6,3.602e+6,
611.5,3.213e+6,3.213e+6,
611.55,2.838e+6,2.838e+6,
611.6,2.486e+6,2.486e+6,
611.65,2.161e+6,2.161e+6,
611.7,1.869e+6,1.869e+6,
611.75,1.613e+6,1.613e+6,
611.8,1.395e+6,1.395e+6,
611.85,1.217e+6,1.217e+6,
611.9,1.077e+6,1.077e+6,
611.95,9.748e+5,9.748e+5,
612,9.088e+5,9.088e+5,
612.05,8.764e+5,8.764e+5,
612.1,8.745e+5,8.745e+5,
612.15,9.001e+5,9.001e+5,
612.2,9.494e+5,9.494e+5,
612.25,1.019e+6,1.019e+6,
612.3,1.105e+6,1.105e+6,
612.35,1.203e+6,1.203e+6,
612.4,1.311e+6,1.311e+6,
612.45,1.424e+6,1.424e+6,
612.5,1.540e+6,1.540e+6,
612.55,1.656e+6,1.656e+6,
612.6,1.770e+6,1.770e+6,
612.65,1.880e+6,1.880e+6,
612.7,1.986e+6,1.986e+6,
612.75,2.086e+6,2.086e+6,
612.8,2.180e+6,2.180e+6,
612.85,2.267e+6,2.267e+6,
612.9,2.349e+6,2.349e+6,
612.95,2.423e+6,2.423e+6,
613,2.490e+6,2.490e+6,
613.05,2.549e+6,2.549e+6,
613.1,2.599e+6,2.599e+6,
613.15,2.638e+6,2.638e+6,
613.2,2.665e+6,2.665e+6,
613.25,2.677e+6,2.677e+6,
613.3,2.672e+6,2.672e+6,
613.35,2.649e+6,2.649e+6,
613.4,2.607e+6,2.607e+6,
613.45,2.544e+6,2.544e+6,
613.5,2.461e+6,2.461e+6,
613.55,2.358e+6,2.358e+6,
613.6,2.236e+6,2.236e+6,
613.65,2.099e+6,2.099e+6,
613.7,1.949e+6,1.949e+6,
613.75,1.789e+6,1.789e+6,
613.8,1.623e+6,1.623e+6,
613.85,1.456e+6,1.456e+6,
613.9,1.289e+6,1.289e+6,
613.95,1.128e+6,1.128e+6,
614,9.750e+5,9.750e+5,
614.05,8.320e+5,8.320e+5,
614.1,7.010e+5,7.010e+5,
614.15,5.831e+5,5.831e+5,
614.2,4.788e+5,4.788e+5,
614.25,3.880e+5,3.880e+5,
614.3,3.105e+5,3.105e+5,
614.35,2.451e+5,2.451e+5,
614.4,1.911e+5,1.911e+5,
614.45,1.470e+5,1.470e+5,
614.5,1.116e+5,1.116e+5,
614.55,8.364e+4,8.364e+4,
614.6,6.191e+4,6.191e+4,
614.65,4.528e+4,4.528e+4,
614.7,3.278e+4,3.278e+4,
614.75,2.359e+4,2.359e+4,
614.8,1.701e+4,1.701e+4,
614.85,1.251e+4,1.251e+4,
614.9,9.698e+3,9.698e+3,
614.95,8.319e+3,8.319e+3,
615,8.245e+3,8.245e+3,
615.05,9.484e+3,9.484e+3,
615.1,1.218e+4,1.218e+4,
615.15,1.661e+4,1.661e+4,
615.2,2.322e+4,2.322e+4,
615.25,3.261e+4,3.261e+4,
615.3,4.555e+4,4.555e+4,
615.35,6.303e+4,6.303e+4,
615.4,8.620e+4,8.620e+4,
615.45,1.164e+5,1.164e+5,
615.5,1.553e+5,1.553e+5,
615.55,2.044e+5,2.044e+5,
615.6,2.655e+5,2.655e+5,
615.65,3.404e+5,3.404e+5,
615.7,4.308e+5,4.308e+5,
615.75,5.380e+5,5.380e+5,
615.8,6.631e+5,6.631e+5,
615.85,8.067e+5,8.067e+5,
615.9,9.685e+5,9.685e+5,
615.95,1.148e+6,1.148e+6,
616,1.342e+6,1.342e+6,
616.05,1.549e+6,1.549e+6,
616.1,1.764e+6,1.764e+6,
616.15,1.983e+6,1.983e+6,
616.2,2.201e+6,2.201e+6,
616.25,2.410e+6,2.410e+6,
616.3,2.604e+6,2.604e+6,
616.35,2.777e+6,2.777e+6,
616.4,2.924e+6,2.924e+6,
616.45,3.037e+6,3.037e+6,
616.5,3.114e+6,3.114e+6,
616.55,3.151e+6,3.151e+6,
616.6,3.147e+6,3.147e+6,
616.65,3.102e+6,3.102e+6,
616.7,3.017e+6,3.017e+6,
616.75,2.897e+6,2.897e+6,
616.8,2.745e+6,2.745e+6,
616.85,2.567e+6,2.567e+6,
616.9,2.369e+6,2.369e+6,
616.95,2.158e+6,2.158e+6,
617,1.940e+6,1.940e+6,
617.05,1.721e+6,1.721e+6,
617.1,1.507e+6,1.507e+6,
617.15,1.302e+6,1.302e+6,
617.2,1.111e+6,1.111e+6,
617.25,9.347e+5,9.347e+5,
617.3,7.765e+5,7.765e+5,
617.35,6.367e+5,6.367e+5,
617.4,5.152e+5,5.152e+5,
617.45,4.114e+5,4.114e+5,
617.5,3.242e+5,3.242e+5,
617.55,2.522e+5,2.522e+5,
617.6,1.936e+5,1.936e+5,
617.65,1.467e+5,1.467e+5,
617.7,1.097e+5,1.097e+5,
617.75,8.096e+4,8.096e+4,
617.8,5.897e+4,5.897e+4,
617.85,4.239e+4,4.239e+4,
617.9,3.007e+4,3.007e+4,
617.95,2.105e+4,2.105e+4,
618,1.455e+4,1.455e+4,
618.05,9.922e+3,9.922e+3,
618.1,6.679e+3,6.679e+3,
618.15,4.436e+3,4.436e+3,
618.2,2.909e+3,2.909e+3,
618.25,1.882e+3,1.882e+3,
618.3,1.202e+3,1.202e+3,
618.35,7.574e+2,7.574e+2,
618.4,4.711e+2,4.711e+2,
618.45,2.892e+2,2.892e+2,
618.5,1.752e+2,1.752e+2,
618.55,1.048e+2,1.048e+2,
618.6,6.183e+1,6.183e+1,
618.65,3.601e+1,3.601e+1,
618.7,2.070e+1,2.070e+1,
618.75,1.174e+1,1.174e+1,
618.8,6.575e+0,6.575e+0,
618.85,3.633e+0,3.633e+0,
618.9,1.981e+0,1.981e+0,
618.95,1.066e+0,1.066e+0,
619,5.664e-1,5.664e-1,
619.05,2.969e-1,2.969e-1,
619.1,1.536e-1,1.536e-1,
619.15,7.846e-2,7.846e-2,
619.2,3.954e-2,3.954e-2,
619.25,1.967e-2,1.967e-2,
619.3,9.654e-3,9.654e-3,
619.35,4.677e-3,4.677e-3,
619.4,2.236e-3,2.236e-3,
619.45,1.055e-3,1.055e-3,
619.5,4.915e-4,4.915e-4,
619.55,2.259e-4,2.259e-4,
619.6,1.025e-4,1.025e-4,
619.65,4.588e-5,4.588e-5,
619.7,2.027e-5,2.027e-5,
619.75,8.842e-6,8.842e-6,
619.8,3.810e-6,3.810e-6,
619.85,1.630e-6,1.630e-6,
619.9,7.112e-7,7.112e-7,
619.95,3.616e-7,3.616e-7,
620,3.083e-7,3.083e-7,
620.05,5.023e-7,5.023e-7,
620.1,1.078e-6,1.078e-6,
620.15,2.438e-6,2.438e-6,
620.2,5.506e-6,5.506e-6,
620.25,1.230e-5,1.230e-5,
620.3,2.714e-5,2.714e-5,
620.35,5.912e-5,5.912e-5,
620.4,1.271e-4,1.271e-4,
620.45,2.699e-4,2.699e-4,
620.5,5.656e-4,5.656e-4,
620.55,1.170e-3,1.170e-3,
620.6,2.391e-3,2.391e-3,
620.65,4.821e-3,4.821e-3,
620.7,9.597e-3,9.597e-3,
620.75,1.886e-2,1.886e-2,
620.8,3.660e-2,3.660e-2,
620.85,7.010e-2,7.010e-2,
620.9,1.326e-1,1.326e-1,
620.95,2.475e-1,2.475e-1,
621,4.561e-1,4.561e-1,
621.05,8.300e-1,8.300e-1,
621.1,1.491e+0,1.491e+0,
621.15,2.644e+0,2.644e+0,
621.2,4.630e+0,4.630e+0,
621.25,8.002e+0,8.002e+0,
621.3,1.366e+1,1.366e+1,
621.35,2.301e+1,2.301e+1,
621.4,3.827e+1,3.827e+1,
621.45,6.286e+1,6.286e+1,
621.5,1.019e+2,1.019e+2,
621.55,1.632e+2,1.632e+2,
621.6,2.579e+2,2.579e+2,
621.65,4.025e+2,4.025e+2,
621.7,6.202e+2,6.202e+2,
621.75,9.437e+2,9.437e+2,
621.8,1.418e+3,1.418e+3,
621.85,2.103e+3,2.103e+3,
621.9,3.081e+3,3.081e+3,
621.95,4.457e+3,4.457e+3,
622,6.368e+3,6.368e+3,
622.05,8.984e+3,8.984e+3,
622.1,1.252e+4,1.252e+4,
622.15,1.723e+4,1.723e+4,
622.2,2.342e+4,2.342e+4,
622.25,3.146e+4,3.146e+4,
622.3,4.174e+4,4.174e+4,
622.35,5.471e+4,5.471e+4,
622.4,7.086e+4,7.086e+4,
622.45,9.070e+4,9.070e+4,2.765e-8
622.5,1.147e+5,1.147e+5,7.202e-8
622.55,1.435e+5,1.435e+5,1.853e-7
622.6,1.774e+5,1.774e+5,4.705e-7
622.65,2.168e+5,2.168e+5,1.180e-6
622.7,2.621e+5,2.621e+5,2.920e-6
622.75,3.134e+5,3.134e+5,7.139e-6
622.8,3.707e+5,3.707e+5,1.723e-5
622.85,4.340e+5,4.340e+5,4.105e-5
622.9,5.028e+5,5.028e+5,9.657e-5
622.95,5.768e+5,5.768e+5,2.243e-4
623,6.553e+5,6.553e+5,5.144e-4
623.05,7.375e+5,7.375e+5,1.165e-3
623.1,8.224e+5,8.224e+5,2.604e-3
623.15,9.092e+5,9.092e+5,5.748e-3
623.2,9.969e+5,9.969e+5,1.253e-2
623.25,1.085e+6,1.085e+6,2.695e-2
623.3,1.171e+6,1.171e+6,5.726e-2
623.35,1.257e+6,1.257e+6,1.201e-1
623.4,1.342e+6,1.342e+6,2.487e-1
623.45,1.426e+6,1.426e+6,5.086e-1
623.5,1.512e+6,1.512e+6,1.027e+0
623.55,1.600e+6,1.600e+6,2.047e+0
623.6,1.697e+6,1.697e+6,4.028e+0
623.65,1.806e+6,1.806e+6,7.826e+0
623.7,1.935e+6,1.935e+6,1.501e+1
623.75,2.093e+6,2.093e+6,2.844e+1
623.8,2.291e+6,2.290e+6,5.319e+1
623.85,2.542e+6,2.542e+6,9.820e+1
623.9,2.862e+6,2.862e+6,1.790e+2
623.95,3.267e+6,3.267e+6,3.223e+2
624,3.776e+6,3.775e+6,5.727e+2
624.05,4.407e+6,4.406e+6,1.005e+3
624.1,5.177e+6,5.176e+6,1.741e+3
624.15,6.104e+6,6.101e+6,2.978e+3
624.2,7.200e+6,7.195e+6,5.029e+3
624.25,8.472e+6,8.464e+6,8.385e+3
624.3,9.925e+6,9.911e+6,1.380e+4
624.35,1.155e+7,1.153e+7,2.244e+4
624.4,1.334e+7,1.330e+7,3.601e+4
624.45,1.527e+7,1.521e+7,5.705e+4
624.5,1.731e+7,1.722e+7,8.926e+4
624.55,1.942e+7,1.928e+7,1.379e+5
624.6,2.156e+7,2.135e+7,2.103e+5
624.65,2.368e+7,2.336e+7,3.166e+5
624.7,2.573e+7,2.526e+7,4.706e+5
624.75,2.768e+7,2.699e+7,6.908e+5
624.8,2.948e+7,2.848e+7,1.001e+6
624.85,3.111e+7,2.967e+7,1.432e+6
624.9,3.256e+7,3.054e+7,2.024e+6
624.95,3.386e+7,3.104e+7,2.823e+6
625,3.503e+7,3.115e+7,3.887e+6
625.05,3.615e+7,3.086e+7,5.286e+6
625.1,3.730e+7,3.020e+7,7.096e+6
625.15,3.858e+7,2.918e+7,9.405e+6
625.2,4.015e+7,2.784e+7,1.231e+7
625.25,4.214e+7,2.623e+7,1.590e+7
625.3,4.471e+7,2.442e+7,2.029e+7
625.35,4.801e+7,2.245e+7,2.556e+7
625.4,5.218e+7,2.040e+7,3.178e+7
625.45,5.735e+7,1.833e+7,3.902e+7
625.5,6.360e+7,1.629e+7,4.731e+7
625.55,7.097e+7,1.434e+7,5.662e+7
625.6,7.944e+7,1.252e+7,6.692e+7
625.65,8.895e+7,1.087e+7,7.808e+7
625.7,9.936e+7,9.406e+6,8.995e+7
625.75,1.105e+8,8.150e+6,1.023e+8
625.8,1.220e+8,7.107e+6,1.149e+8
625.85,1.337e+8,6.276e+6,1.274e+8
625.9,1.451e+8,5.649e+6,1.395e+8
625.95,1.560e+8,5.214e+6,1.508e+8
626,1.658e+8,4.951e+6,1.609e+8
626.05,1.744e+8,4.840e+6,1.695e+8
626.1,1.812e+8,4.857e+6,1.763e+8
626.15,1.861e+8,4.976e+6,1.811e+8
626.2,1.889e+8,5.172e+6,1.837e+8
626.25,1.893e+8,5.418e+6,1.839e+8
626.3,1.875e+8,5.690e+6,1.818e+8
626.35,1.834e+8,5.964e+6,1.775e+8
626.4,1.773e+8,6.218e+6,1.710e+8
626.45,1.692e+8,6.434e+6,1.627e+8
626.5,1.595e+8,6.595e+6,1.529e+8
626.55,1.485e+8,6.691e+6,1.418e+8
626.6,1.366e+8,6.713e+6,1.299e+8
626.65,1.241e+8,6.657e+6,1.174e+8
626.7,1.113e+8,6.522e+6,1.048e+8
626.75,9.870e+7,6.312e+6,9.239e+7
626.8,8.644e+7,6.033e+6,8.040e+7
626.85,7.478e+7,5.695e+6,6.909e+7
626.9,6.392e+7,5.308e+6,5.861e+7
626.95,5.398e+7,4.886e+6,4.909e+7
627,4.504e+7,4.440e+6,4.060e+7
627.05,3.713e+7,3.985e+6,3.315e+7
627.1,3.025e+7,3.530e+6,2.672e+7
627.15,2.436e+7,3.089e+6,2.127e+7
627.2,1.938e+7,2.668e+6,1.671e+7
627.25,1.524e+7,2.276e+6,1.297e+7
627.3,1.185e+7,1.917e+6,9.935e+6
627.35,9.109e+6,1.594e+6,7.515e+6
627.4,6.922e+6,1.310e+6,5.612e+6
627.45,5.201e+6,1.063e+6,4.138e+6
627.5,3.866e+6,8.534e+5,3.012e+6
627.55,2.843e+6,6.778e+5,2.165e+6
627.6,2.070e+6,5.336e+5,1.537e+6
627.65,1.494e+6,4.177e+5,1.077e+6
627.7,1.072e+6,3.268e+5,7.448e+5
627.75,7.665e+5,2.578e+5,5.087e+5
627.8,5.508e+5,2.078e+5,3.431e+5
627.85,4.025e+5,1.740e+5,2.284e+5
627.9,3.047e+5,1.546e+5,1.502e+5
627.95,2.450e+5,1.476e+5,9.747e+4
628,2.142e+5,1.518e+5,6.246e+4
628.05,2.058e+5,1.663e+5,3.952e+4
628.1,2.152e+5,1.905e+5,2.469e+4
628.15,2.394e+5,2.242e+5,1.523e+4
628.2,2.765e+5,2.672e+5,9.273e+3
628.25,3.254e+5,3.198e+5,5.576e+3
628.3,3.854e+5,3.821e+5,3.310e+3
628.35,4.562e+5,4.543e+5,1.940e+3
628.4,5.376e+5,5.365e+5,1.123e+3
628.45,6.294e+5,6.288e+5,6.415e+2
628.5,7.314e+5,7.310e+5,3.619e+2
628.55,8.430e+5,8.428e+5,2.016e+2
628.6,9.636e+5,9.635e+5,1.108e+2
628.65,1.092e+6,1.092e+6,6.019e+1
628.7,1.227e+6,1.227e+6,3.227e+1
628.75,1.367e+6,1.367e+6,1.708e+1
628.8,1.510e+6,1.510e+6,8.925e+0
628.85,1.652e+6,1.652e+6,4.605e+0
628.9,1.792e+6,1.792e+6,2.346e+0
628.95,1.926e+6,1.926e+6,1.180e+0
629,2.050e+6,2.050e+6,5.859e-1
629.05,2.162e+6,2.162e+6,2.873e-1
629.1,2.258e+6,2.258e+6,1.391e-1
629.15,2.335e+6,2.335e+6,6.647e-2
629.2,2.390e+6,2.390e+6,3.137e-2
629.25,2.421e+6,2.421e+6,1.462e-2
629.3,2.427e+6,2.427e+6,6.724e-3
629.35,2.407e+6,2.407e+6,3.054e-3
629.4,2.362e+6,2.362e+6,1.370e-3
629.45,2.292e+6,2.292e+6,6.064e-4
629.5,2.199e+6,2.199e+6,2.651e-4
629.55,2.087e+6,2.087e+6,1.144e-4
629.6,1.958e+6,1.958e+6,4.876e-5
629.65,1.815e+6,1.815e+6,2.052e-5
629.7,1.664e+6,1.664e+6,8.523e-6
629.75,1.507e+6,1.507e+6,3.496e-6
629.8,1.349e+6,1.349e+6,1.416e-6
629.85,1.193e+6,1.193e+6,5.660e-7
629.9,1.043e+6,1.043e+6,2.234e-7
629.95,9.005e+5,9.005e+5,8.709e-8
630,7.682e+5,7.682e+5,3.351e-8
630.05,6.474e+5,6.474e+5,
630.1,5.391e+5,5.391e+5,
630.15,4.436e+5,4.436e+5,
630.2,3.606e+5,3.606e+5,
630.25,2.899e+5,2.899e+5,
630.3,2.306e+5,2.306e+5,
630.35,1.817e+5,1.817e+5,
630.4,1.422e+5,1.422e+5,
630.45,1.111e+5,1.111e+5,
630.5,8.737e+4,8.737e+4,
630.55,7.005e+4,7.005e+4,
630.6,5.837e+4,5.837e+4,
630.65,5.169e+4,5.169e+4,
630.7,4.952e+4,4.952e+4,
630.75,5.156e+4,5.156e+4,
630.8,5.763e+4,5.763e+4,
630.85,6.767e+4,6.767e+4,
630.9,8.177e+4,8.177e+4,
630.95,1.001e+5,1.001e+5,
631,1.228e+5,1.228e+5,
631.05,1.501e+5,1.501e+5,
631.1,1.823e+5,1.823e+5,
631.15,2.195e+5,2.195e+5,
631.2,2.620e+5,2.620e+5,
631.25,3.099e+5,3.099e+5,
631.3,3.633e+5,3.633e+5,
631.35,4.222e+5,4.222e+5,
631.4,4.866e+5,4.866e+5,
631.45,5.567e+5,5.567e+5,
631.5,6.323e+5,6.323e+5,
631.55,7.137e+5,7.137e+5,
631.6,8.010e+5,8.010e+5,
631.65,8.945e+5,8.945e+5,
631.7,9.942e+5,9.942e+5,
631.75,1.101e+6,1.101e+6,
631.8,1.214e+6,1.214e+6,
631.85,1.334e+6,1.334e+6,
631.9,1.461e+6,1.461e+6,
631.95,1.594e+6,1.594e+6,
632,1.733e+6,1.733e+6,
632.05,1.875e+6,1.875e+6,
632.1,2.019e+6,2.019e+6,
632.15,2.163e+6,2.163e+6,
632.2,2.303e+6,2.303e+6,
632.25,2.436e+6,2.436e+6,
632.3,2.557e+6,2.557e+6,
632.35,2.663e+6,2.663e+6,
632.4,2.750e+6,2.750e+6,
632.45,2.814e+6,2.814e+6,
632.5,2.852e+6,2.852e+6,
632.55,2.861e+6,2.861e+6,
632.6,2.841e+6,2.841e+6,
632.65,2.791e+6,2.791e+6,
632.7,2.712e+6,2.712e+6,
632.75,2.606e+6,2.606e+6,
632.8,2.475e+6,2.475e+6,
632.85,2.324e+6,2.324e+6,
632.9,2.156e+6,2.156e+6,
632.96,1.941e+6,1.941e+6,
633.01,1.754e+6,1.754e+6,
633.06,1.566e+6,1.566e+6,
633.11,1.382e+6,1.382e+6,
633.16,1.204e+6,1.204e+6,
633.21,1.037e+6,1.037e+6,
633.26,8.816e+5,8.816e+5,
633.31,7.405e+5,7.405e+5,
633.36,6.143e+5,6.143e+5,
633.41,5.033e+5,5.033e+5,
633.46,4.074e+5,4.074e+5,
633.51,3.256e+5,3.256e+5,
633.56,2.570e+5,2.570e+5,
633.61,2.004e+5,2.004e+5,
633.66,1.543e+5,1.543e+5,
633.71,1.174e+5,1.174e+5,
633.76,8.815e+4,8.815e+4,
633.81,6.539e+4,6.539e+4,
633.86,4.791e+4,4.791e+4,
633.91,3.468e+4,3.468e+4,
633.96,2.481e+4,2.481e+4,
634.01,1.755e+4,1.755e+4,
634.06,1.230e+4,1.230e+4,
634.11,8.585e+3,8.585e+3,
634.16,6.023e+3,6.023e+3,
634.21,4.339e+3,4.339e+3,
634.26,3.337e+3,3.337e+3,
634.31,2.891e+3,2.891e+3,
634.36,2.941e+3,2.941e+3,
634.41,3.484e+3,3.484e+3,
634.46,4.574e+3,4.574e+3,
634.51,6.322e+3,6.322e+3,
634.56,8.903e+3,8.903e+3,
634.61,1.256e+4,1.256e+4,
634.66,1.761e+4,1.761e+4,
634.71,2.444e+4,2.444e+4,
634.76,3.355e+4,3.355e+4,
634.81,4.551e+4,4.551e+4,
634.86,6.100e+4,6.100e+4,
634.91,8.075e+4,8.075e+4,
634.96,1.056e+5,1.056e+5,
635.01,1.364e+5,1.364e+5,
635.06,1.740e+5,1.740e+5,
635.11,2.192e+5,2.192e+5,
635.16,2.728e+5,2.728e+5,
635.21,3.353e+5,3.353e+5,2.554e-8
635.26,4.072e+5,4.072e+5,6.499e-8
635.31,4.883e+5,4.883e+5,1.634e-7
635.36,5.784e+5,5.784e+5,4.058e-7
635.41,6.767e+5,6.767e+5,9.956e-7
635.46,7.820e+5,7.820e+5,2.413e-6
635.51,8.926e+5,8.926e+5,5.776e-6
635.56,1.006e+6,1.006e+6,1.366e-5
635.61,1.120e+6,1.120e+6,3.191e-5
635.66,1.232e+6,1.232e+6,7.364e-5
635.71,1.339e+6,1.339e+6,1.679e-4
635.76,1.437e+6,1.437e+6,3.780e-4
635.81,1.522e+6,1.522e+6,8.408e-4
635.86,1.594e+6,1.594e+6,1.848e-3
635.91,1.648e+6,1.648e+6,4.010e-3
635.96,1.683e+6,1.683e+6,8.599e-3
636.01,1.697e+6,1.697e+6,1.821e-2
636.06,1.691e+6,1.691e+6,3.811e-2
636.11,1.664e+6,1.664e+6,7.877e-2
636.16,1.617e+6,1.617e+6,1.608e-1
636.21,1.553e+6,1.553e+6,3.244e-1
636.26,1.472e+6,1.472e+6,6.462e-1
636.31,1.379e+6,1.379e+6,1.272e+0
636.36,1.276e+6,1.276e+6,2.473e+0
636.41,1.166e+6,1.166e+6,4.749e+0
636.46,1.052e+6,1.052e+6,9.009e+0
636.51,9.378e+5,9.378e+5,1.688e+1
636.56,8.257e+5,8.257e+5,3.125e+1
636.61,7.181e+5,7.181e+5,5.715e+1
636.66,6.169e+5,6.168e+5,1.032e+2
636.71,5.235e+5,5.233e+5,1.842e+2
636.76,4.388e+5,4.385e+5,3.247e+2
636.81,3.635e+5,3.630e+5,5.655e+2
636.86,2.977e+5,2.967e+5,9.727e+2
636.91,2.413e+5,2.396e+5,1.653e+3
636.96,1.939e+5,1.911e+5,2.774e+3
637.01,1.552e+5,1.506e+5,4.600e+3
637.06,1.247e+5,1.172e+5,7.534e+3
637.11,1.023e+5,9.007e+4,1.219e+4
637.16,8.790e+4,6.842e+4,1.948e+4
637.21,8.214e+4,5.138e+4,3.076e+4
637.26,8.617e+4,3.820e+4,4.797e+4
637.31,1.021e+5,2.818e+4,7.391e+4
637.36,1.332e+5,2.076e+4,1.125e+5
637.41,1.846e+5,1.548e+4,1.691e+5
637.46,2.631e+5,1.199e+4,2.511e+5
637.51,3.785e+5,1.007e+4,3.684e+5
637.56,5.435e+5,9.669e+3,5.339e+5
637.61,7.751e+5,1.086e+4,7.642e+5
637.66,1.095e+6,1.393e+4,1.081e+6
637.71,1.529e+6,1.940e+4,1.510e+6
637.76,2.111e+6,2.804e+4,2.083e+6
637.81,2.880e+6,4.102e+4,2.839e+6
637.86,3.883e+6,5.993e+4,3.823e+6
637.91,5.172e+6,8.691e+4,5.085e+6
637.96,6.807e+6,1.248e+5,6.682e+6
638.01,8.850e+6,1.771e+5,8.673e+6
638.06,1.137e+7,2.484e+5,1.112e+7
638.11,1.443e+7,3.443e+5,1.408e+7
638.16,1.809e+7,4.714e+5,1.762e+7
638.21,2.242e+7,6.377e+5,2.178e+7
638.26,2.744e+7,8.520e+5,2.659e+7
638.31,3.319e+7,1.125e+6,3.207e+7
638.36,3.967e+7,1.466e+6,3.820e+7
638.41,4.685e+7,1.889e+6,4.496e+7
638.46,5.467e+7,2.403e+6,5.226e+7
638.51,6.304e+7,3.021e+6,6.002e+7
638.56,7.184e+7,3.751e+6,6.809e+7
638.61,8.090e+7,4.601e+6,7.630e+7
638.66,9.003e+7,5.575e+6,8.446e+7
638.71,9.903e+7,6.673e+6,9.235e+7
638.76,1.076e+8,7.890e+6,9.976e+7
638.81,1.157e+8,9.215e+6,1.064e+8
638.86,1.228e+8,1.063e+7,1.122e+8
638.91,1.289e+8,1.212e+7,1.168e+8
638.96,1.338e+8,1.365e+7,1.202e+8
639.01,1.373e+8,1.518e+7,1.221e+8
639.06,1.392e+8,1.668e+7,1.225e+8
639.11,1.396e+8,1.810e+7,1.215e+8
639.16,1.384e+8,1.941e+7,1.190e+8
639.21,1.357e+8,2.056e+7,1.151e+8
639.26,1.315e+8,2.151e+7,1.100e+8
639.31,1.261e+8,2.223e+7,1.039e+8
639.36,1.196e+8,2.270e+7,9.687e+7
639.41,1.121e+8,2.290e+7,8.924e+7
639.46,1.040e+8,2.282e+7,8.121e+7
639.51,9.548e+7,2.247e+7,7.301e+7
639.56,8.669e+7,2.186e+7,6.483e+7
639.61,7.788e+7,2.101e+7,5.687e+7
639.66,6.924e+7,1.996e+7,4.928e+7
639.71,6.092e+7,1.874e+7,4.218e+7
639.76,5.307e+7,1.740e+7,3.567e+7
639.81,4.577e+7,1.598e+7,2.979e+7
639.86,3.911e+7,1.452e+7,2.458e+7
639.91,3.312e+7,1.308e+7,2.004e+7
639.96,2.782e+7,1.169e+7,1.613e+7
640.01,2.322e+7,1.039e+7,1.283e+7
640.06,1.929e+7,9.203e+6,1.008e+7
640.11,1.599e+7,8.164e+6,7.825e+6
640.16,1.329e+7,7.286e+6,5.999e+6
640.21,1.113e+7,6.584e+6,4.544e+6
640.26,9.460e+6,6.061e+6,3.399e+6
640.31,8.231e+6,5.719e+6,2.512e+6
640.36,7.387e+6,5.553e+6,1.834e+6
640.41,6.875e+6,5.552e+6,1.323e+6
640.46,6.646e+6,5.703e+6,9.422e+5
640.51,6.652e+6,5.989e+6,6.630e+5
640.56,6.849e+6,6.388e+6,4.609e+5
640.61,7.194e+6,6.877e+6,3.165e+5
640.66,7.646e+6,7.431e+6,2.147e+5
640.71,8.166e+6,8.022e+6,1.439e+5
640.76,8.718e+6,8.623e+6,9.523e+4
640.81,9.269e+6,9.207e+6,6.227e+4
640.86,9.787e+6,9.747e+6,4.022e+4
640.91,1.025e+7,1.022e+7,2.566e+4
640.96,1.062e+7,1.060e+7,1.617e+4
641.01,1.089e+7,1.088e+7,1.007e+4
641.06,1.104e+7,1.104e+7,6.194e+3
641.11,1.107e+7,1.107e+7,3.763e+3
641.16,1.097e+7,1.097e+7,2.258e+3
641.21,1.074e+7,1.074e+7,1.339e+3
641.26,1.039e+7,1.039e+7,7.841e+2
641.31,9.928e+6,9.928e+6,4.536e+2
641.36,9.375e+6,9.375e+6,2.592e+2
641.41,8.746e+6,8.746e+6,1.464e+2
641.46,8.061e+6,8.061e+6,8.161e+1
641.51,7.340e+6,7.340e+6,4.496e+1
641.56,6.603e+6,6.603e+6,2.446e+1
641.61,5.868e+6,5.868e+6,1.315e+1
641.66,5.152e+6,5.152e+6,6.983e+0
641.71,4.468e+6,4.468e+6,3.663e+0
641.76,3.828e+6,3.828e+6,1.898e+0
641.81,3.241e+6,3.241e+6,9.715e-1
641.86,2.710e+6,2.710e+6,4.912e-1
641.91,2.239e+6,2.239e+6,2.454e-1
641.96,1.827e+6,1.827e+6,1.211e-1
642.01,1.473e+6,1.473e+6,5.900e-2
642.06,1.173e+6,1.173e+6,2.841e-2
642.11,9.234e+5,9.234e+5,1.351e-2
642.16,7.178e+5,7.178e+5,6.347e-3
642.21,5.513e+5,5.513e+5,2.946e-3
642.26,4.183e+5,4.183e+5,1.350e-3
642.31,3.135e+5,3.135e+5,6.116e-4
642.36,2.321e+5,2.321e+5,2.736e-4
642.41,1.698e+5,1.698e+5,1.209e-4
642.46,1.227e+5,1.227e+5,5.278e-5
642.51,8.761e+4,8.761e+4,2.276e-5
642.56,6.179e+4,6.179e+4,9.696e-6
642.61,4.306e+4,4.306e+4,4.080e-6
642.66,2.964e+4,2.964e+4,1.696e-6
642.71,2.017e+4,2.017e+4,6.964e-7
642.76,1.356e+4,1.356e+4,2.825e-7
642.81,9.028e+3,9.028e+3,1.132e-7
642.86,5.960e+3,5.960e+3,4.480e-8
642.91,3.925e+3,3.925e+3,1.751e-8
642.96,2.614e+3,2.614e+3,
643.01,1.811e+3,1.811e+3,
643.06,1.374e+3,1.374e+3,
643.11,1.218e+3,1.218e+3,
643.16,1.297e+3,1.297e+3,
643.21,1.604e+3,1.604e+3,
643.26,2.162e+3,2.162e+3,
643.31,3.021e+3,3.021e+3,
643.36,4.266e+3,4.266e+3,
643.41,6.009e+3,6.009e+3,
643.46,8.404e+3,8.404e+3,
643.51,1.164e+4,1.164e+4,
643.56,1.597e+4,1.597e+4,
643.61,2.169e+4,2.169e+4,
643.66,2.917e+4,2.917e+4,
643.71,3.884e+4,3.884e+4,
643.76,5.123e+4,5.123e+4,
643.81,6.696e+4,6.696e+4,
643.86,8.677e+4,8.677e+4,
643.91,1.115e+5,1.115e+5,
643.96,1.422e+5,1.422e+5,
644.01,1.800e+5,1.800e+5,
644.06,2.263e+5,2.263e+5,
644.11,2.827e+5,2.827e+5,
644.16,3.510e+5,3.510e+5,
644.21,4.335e+5,4.335e+5,
644.26,5.327e+5,5.327e+5,
644.31,6.513e+5,6.513e+5,
644.36,7.926e+5,7.926e+5,
644.41,9.602e+5,9.602e+5,
644.46,1.158e+6,1.158e+6,
644.51,1.390e+6,1.390e+6,
644.56,1.659e+6,1.659e+6,
644.61,1.971e+6,1.971e+6,
644.66,2.329e+6,2.329e+6,
644.71,2.734e+6,2.734e+6,
644.76,3.190e+6,3.190e+6,
644.81,3.695e+6,3.695e+6,
644.86,4.249e+6,4.249e+6,
644.91,4.848e+6,4.848e+6,
644.96,5.485e+6,5.485e+6,
645.01,6.153e+6,6.153e+6,
645.06,6.838e+6,6.838e+6,
645.11,7.529e+6,7.529e+6,
645.16,8.210e+6,8.210e+6,
645.21,8.863e+6,8.863e+6,
645.26,9.470e+6,9.470e+6,
645.31,1.001e+7,1.001e+7,
645.36,1.048e+7,1.048e+7,
645.41,1.084e+7,1.084e+7,
645.46,1.110e+7,1.110e+7,
645.51,1.124e+7,1.124e+7,
645.56,1.126e+7,1.126e+7,
645.61,1.115e+7,1.115e+7,
645.66,1.092e+7,1.092e+7,
645.71,1.058e+7,1.058e+7,
645.76,1.014e+7,1.014e+7,
645.81,9.607e+6,9.607e+6,
645.86,9.005e+6,9.005e+6,
645.91,8.351e+6,8.351e+6,
645.96,7.666e+6,7.666e+6,
646.01,6.967e+6,6.967e+6,
646.06,6.272e+6,6.272e+6,
646.11,5.599e+6,5.599e+6,
646.16,4.960e+6,4.960e+6,
646.21,4.365e+6,4.365e+6,
646.26,3.823e+6,3.823e+6,
646.31,3.339e+6,3.339e+6,
646.36,2.914e+6,2.914e+6,
646.41,2.548e+6,2.548e+6,
646.46,2.237e+6,2.237e+6,
646.51,1.979e+6,1.979e+6,
646.56,1.766e+6,1.766e+6,
646.61,1.593e+6,1.593e+6,
646.66,1.454e+6,1.454e+6,
646.71,1.340e+6,1.340e+6,
646.76,1.247e+6,1.247e+6,
646.81,1.169e+6,1.169e+6,
646.86,1.100e+6,1.100e+6,
646.91,1.038e+6,1.038e+6,
646.96,9.788e+5,9.788e+5,
647.01,9.207e+5,9.207e+5,
647.06,8.625e+5,8.625e+5,
647.11,8.039e+5,8.039e+5,
647.16,7.451e+5,7.451e+5,
647.21,6.867e+5,6.867e+5,
647.26,6.299e+5,6.299e+5,
647.31,5.759e+5,5.759e+5,
647.36,5.263e+5,5.263e+5,
647.41,4.826e+5,4.826e+5,
647.46,4.462e+5,4.462e+5,
647.51,4.184e+5,4.184e+5,
647.56,4.005e+5,4.005e+5,
647.61,3.933e+5,3.933e+5,
647.66,3.977e+5,3.977e+5,
647.71,4.140e+5,4.140e+5,
647.76,4.425e+5,4.425e+5,
647.81,4.828e+5,4.828e+5,
647.86,5.345e+5,5.345e+5,
647.91,5.966e+5,5.966e+5,
647.96,6.679e+5,6.679e+5,
648.01,7.466e+5,7.466e+5,
648.06,8.309e+5,8.309e+5,
648.11,9.185e+5,9.185e+5,
648.16,1.007e+6,1.007e+6,
648.21,1.093e+6,1.093e+6,
648.26,1.174e+6,1.174e+6,
648.31,1.248e+6,1.248e+6,
648.36,1.311e+6,1.311e+6,
648.41,1.363e+6,1.363e+6,
648.46,1.400e+6,1.400e+6,
648.51,1.421e+6,1.421e+6,
648.56,1.425e+6,1.425e+6,
648.61,1.413e+6,1.413e+6,
648.66,1.385e+6,1.385e+6,
648.71,1.341e+6,1.341e+6,
648.76,1.283e+6,1.283e+6,
648.81,1.214e+6,1.214e+6,
648.86,1.134e+6,1.134e+6,
648.91,1.047e+6,1.047e+6,
648.96,9.556e+5,9.556e+5,
649.01,8.617e+5,8.617e+5,
649.06,7.679e+5,7.679e+5,
649.11,6.762e+5,6.762e+5,
649.16,5.884e+5,5.884e+5,
649.21,5.059e+5,5.059e+5,
649.26,4.299e+5,4.299e+5,
649.31,3.610e+5,3.610e+5,
649.36,2.995e+5,2.995e+5,
649.41,2.456e+5,2.456e+5,
649.46,1.990e+5,1.990e+5,
649.51,1.593e+5,1.593e+5,
649.56,1.261e+5,1.261e+5,
649.61,9.856e+4,9.856e+4,
649.66,7.615e+4,7.615e+4,
649.71,5.814e+4,5.814e+4,
649.76,4.387e+4,4.387e+4,
649.81,3.271e+4,3.271e+4,
649.86,2.410e+4,2.410e+4,
649.91,1.754e+4,1.754e+4,
649.96,1.262e+4,1.262e+4,
650.01,8.973e+3,8.973e+3,
650.06,6.304e+3,6.304e+3,
650.11,4.376e+3,4.376e+3,
650.16,3.002e+3,3.002e+3,
650.21,2.035e+3,2.035e+3,
650.26,1.364e+3,1.364e+3,
650.31,9.027e+2,9.027e+2,
650.36,5.905e+2,5.905e+2,
650.41,3.817e+2,3.817e+2,
650.46,2.439e+2,2.439e+2,
650.51,1.539e+2,1.539e+2,
650.56,9.603e+1,9.603e+1,
650.61,5.920e+1,5.920e+1,
650.66,3.606e+1,3.606e+1,
650.71,2.171e+1,2.171e+1,
650.76,1.291e+1,1.291e+1,
650.81,7.589e+0,7.589e+0,
650.86,4.408e+0,4.408e+0,
650.91,2.530e+0,2.530e+0,
650.96,1.435e+0,1.435e+0,
651.01,8.045e-1,8.045e-1,
651.06,4.457e-1,4.457e-1,
651.11,2.441e-1,2.441e-1,
651.16,1.324e-1,1.324e-1,
651.21,7.142e-2,7.142e-2,
651.26,3.913e-2,3.913e-2,
651.31,2.328e-2,2.328e-2,
651.36,1.773e-2,1.773e-2,
651.41,2.041e-2,2.041e-2,
651.46,3.260e-2,3.260e-2,
651.51,5.950e-2,5.950e-2,
651.56,1.122e-1,1.122e-1,
651.61,2.117e-1,2.117e-1,
651.66,3.959e-1,3.959e-1,
651.71,7.323e-1,7.323e-1,
651.76,1.339e+0,1.339e+0,
651.81,2.421e+0,2.421e+0,
651.86,4.326e+0,4.326e+0,
651.91,7.641e+0,7.641e+0,
651.96,1.334e+1,1.334e+1,
652.01,2.301e+1,2.301e+1,
652.06,3.924e+1,3.924e+1,
652.11,6.614e+1,6.614e+1,
652.16,1.102e+2,1.102e+2,
652.21,1.814e+2,1.814e+2,
652.26,2.952e+2,2.952e+2,
652.31,4.749e+2,4.749e+2,
652.36,7.550e+2,7.550e+2,
652.41,1.186e+3,1.186e+3,
652.46,1.843e+3,1.843e+3,
652.51,2.829e+3,2.829e+3,
652.56,4.292e+3,4.292e+3,
652.61,6.437e+3,6.437e+3,
652.66,9.541e+3,9.541e+3,
652.71,1.398e+4,1.398e+4,
652.76,2.024e+4,2.024e+4,
652.81,2.897e+4,2.897e+4,
652.86,4.098e+4,4.098e+4,
652.91,5.730e+4,5.730e+4,
652.96,7.919e+4,7.919e+4,
653.01,1.082e+5,1.082e+5,
653.06,1.460e+5,1.460e+5,
653.11,1.948e+5,1.948e+5,
653.16,2.570e+5,2.570e+5,
653.21,3.350e+5,3.350e+5,
653.26,4.316e+5,4.316e+5,
653.31,5.497e+5,5.497e+5,
653.36,6.918e+5,6.918e+5,
653.41,8.607e+5,8.607e+5,
653.46,1.058e+6,1.058e+6,
653.51,1.286e+6,1.286e+6,
653.56,1.545e+6,1.545e+6,
653.61,1.835e+6,1.835e+6,
653.66,2.153e+6,2.153e+6,
653.71,2.497e+6,2.497e+6,
653.76,2.863e+6,2.863e+6,
653.81,3.244e+6,3.244e+6,
653.86,3.633e+6,3.633e+6,
653.91,4.021e+6,4.021e+6,
653.96,4.400e+6,4.400e+6,
654.01,4.758e+6,4.758e+6,
654.06,5.085e+6,5.085e+6,
654.11,5.372e+6,5.372e+6,
654.16,5.609e+6,5.609e+6,
654.21,5.789e+6,5.789e+6,
654.26,5.905e+6,5.905e+6,
654.31,5.954e+6,5.954e+6,
654.36,5.933e+6,5.933e+6,
654.41,5.843e+6,5.843e+6,
654.46,5.689e+6,5.689e+6,
654.51,5.473e+6,5.473e+6,
654.56,5.205e+6,5.205e+6,
654.61,4.893e+6,4.893e+6,
654.66,4.546e+6,4.546e+6,
654.71,4.174e+6,4.174e+6,
654.76,3.789e+6,3.789e+6,
654.81,3.399e+6,3.399e+6,
654.86,3.014e+6,3.014e+6,
654.91,2.641e+6,2.641e+6,
654.96,2.288e+6,2.288e+6,
655.01,1.959e+6,1.959e+6,
655.06,1.657e+6,1.657e+6,
655.11,1.386e+6,1.386e+6,
655.16,1.146e+6,1.146e+6,
655.21,9.362e+5,9.362e+5,
655.26,7.561e+5,7.561e+5,
655.31,6.035e+5,6.035e+5,
655.36,4.761e+5,4.761e+5,
655.41,3.713e+5,3.713e+5,
655.46,2.861e+5,2.861e+5,
655.51,2.180e+5,2.180e+5,
655.56,1.641e+5,1.641e+5,
655.61,1.222e+5,1.222e+5,
655.66,8.990e+4,8.990e+4,
655.71,6.542e+4,6.542e+4,
655.76,4.711e+4,4.711e+4,
655.81,3.363e+4,3.363e+4,
655.86,2.387e+4,2.387e+4,
655.91,1.698e+4,1.698e+4,
655.96,1.230e+4,1.230e+4,
656.01,9.344e+3,9.344e+3,
656.06,7.791e+3,7.791e+3,
656.11,7.461e+3,7.461e+3,
656.16,8.306e+3,8.306e+3,
656.21,1.040e+4,1.040e+4,
656.26,1.395e+4,1.395e+4,
656.31,1.931e+4,1.931e+4,
656.36,2.694e+4,2.694e+4,
656.41,3.752e+4,3.752e+4,
656.46,5.186e+4,5.186e+4,
656.51,7.098e+4,7.098e+4,
656.56,9.613e+4,9.613e+4,
656.61,1.287e+5,1.287e+5,
656.66,1.704e+5,1.704e+5,
656.71,2.231e+5,2.231e+5,
656.76,2.886e+5,2.886e+5,
656.81,3.691e+5,3.691e+5,
656.86,4.667e+5,4.667e+5,
656.91,5.833e+5,5.833e+5,
656.96,7.206e+5,7.206e+5,
657.01,8.800e+5,8.800e+5,
657.06,1.062e+6,1.062e+6,
657.11,1.268e+6,1.268e+6,
657.16,1.496e+6,1.496e+6,
657.21,1.744e+6,1.744e+6,
657.26,2.010e+6,2.010e+6,
657.31,2.291e+6,2.291e+6,
657.36,2.580e+6,2.580e+6,
657.41,2.873e+6,2.873e+6,
657.46,3.162e+6,3.162e+6,
657.51,3.441e+6,3.441e+6,
657.56,3.701e+6,3.701e+6,
657.61,3.935e+6,3.935e+6,
657.66,4.136e+6,4.136e+6,
657.71,4.297e+6,4.297e+6,
657.76,4.414e+6,4.414e+6,
657.81,4.483e+6,4.483e+6,
657.86,4.501e+6,4.501e+6,
657.91,4.468e+6,4.468e+6,
657.96,4.386e+6,4.386e+6,
658.01,4.258e+6,4.258e+6,
658.06,4.089e+6,4.089e+6,
658.11,3.884e+6,3.884e+6,
658.16,3.653e+6,3.653e+6,
658.21,3.401e+6,3.401e+6,
658.26,3.138e+6,3.138e+6,
658.31,2.872e+6,2.872e+6,
658.36,2.611e+6,2.611e+6,
658.41,2.362e+6,2.362e+6,
658.46,2.130e+6,2.130e+6,
658.51,1.922e+6,1.922e+6,
658.56,1.740e+6,1.740e+6,
658.61,1.588e+6,1.588e+6,
658.66,1.467e+6,1.467e+6,
658.71,1.377e+6,1.377e+6,
658.76,1.316e+6,1.316e+6,
658.81,1.284e+6,1.284e+6,
658.86,1.277e+6,1.277e+6,
658.91,1.293e+6,1.293e+6,
658.96,1.327e+6,1.327e+6,
659.01,1.376e+6,1.376e+6,
659.06,1.437e+6,1.437e+6,
659.11,1.505e+6,1.505e+6,
659.16,1.577e+6,1.577e+6,
659.21,1.650e+6,1.650e+6,
659.26,1.720e+6,1.720e+6,
659.31,1.785e+6,1.785e+6,
659.36,1.844e+6,1.844e+6,
659.41,1.894e+6,1.894e+6,
659.46,1.935e+6,1.935e+6,
659.51,1.966e+6,1.966e+6,
659.56,1.986e+6,1.986e+6,
659.61,1.995e+6,1.995e+6,
659.66,1.993e+6,1.993e+6,
659.71,1.980e+6,1.980e+6,
659.76,1.956e+6,1.956e+6,
659.81,1.923e+6,1.923e+6,
659.86,1.880e+6,1.880e+6,
659.91,1.827e+6,1.827e+6,
659.96,1.766e+6,1.766e+6,
660.01,1.697e+6,1.697e+6,
660.06,1.620e+6,1.620e+6,
660.11,1.538e+6,1.538e+6,
660.16,1.451e+6,1.451e+6,
660.21,1.360e+6,1.360e+6,
660.26,1.267e+6,1.267e+6,
660.31,1.175e+6,1.175e+6,
660.36,1.085e+6,1.085e+6,
660.41,9.988e+5,9.988e+5,
660.46,9.190e+5,9.190e+5,
660.51,8.476e+5,8.476e+5,
660.56,7.867e+5,7.867e+5,
660.61,7.380e+5,7.380e+5,
660.66,7.035e+5,7.035e+5,
660.71,6.844e+5,6.844e+5,
660.76,6.820e+5,6.820e+5,
660.81,6.970e+5,6.970e+5,
660.86,7.296e+5,7.296e+5,
660.91,7.797e+5,7.797e+5,
660.96,8.466e+5,8.466e+5,
661.01,9.291e+5,9.291e+5,
661.06,1.025e+6,1.025e+6,
661.11,1.133e+6,1.133e+6,
661.16,1.250e+6,1.250e+6,
661.21,1.372e+6,1.372e+6,
661.26,1.495e+6,1.495e+6,
661.31,1.617e+6,1.617e+6,
661.36,1.733e+6,1.733e+6,
661.41,1.839e+6,1.839e+6,
661.46,1.931e+6,1.931e+6,
661.51,2.007e+6,2.007e+6,
661.56,2.062e+6,2.062e+6,
661.61,2.096e+6,2.096e+6,
661.66,2.107e+6,2.107e+6,
661.71,2.095e+6,2.095e+6,
661.76,2.058e+6,2.058e+6,
661.81,2.000e+6,2.000e+6,
661.86,1.922e+6,1.922e+6,
661.91,1.825e+6,1.825e+6,
661.96,1.714e+6,1.714e+6,
662.01,1.591e+6,1.591e+6,
662.06,1.461e+6,1.461e+6,
662.11,1.325e+6,1.325e+6,
662.16,1.189e+6,1.189e+6,
662.21,1.055e+6,1.055e+6,
662.26,9.249e+5,9.249e+5,
662.31,8.018e+5,8.018e+5,
662.36,6.873e+5,6.873e+5,
662.41,5.824e+5,5.824e+5,
662.46,4.879e+5,4.879e+5,
662.51,4.041e+5,4.041e+5,
662.56,3.309e+5,3.309e+5,
662.61,2.679e+5,2.679e+5,
662.66,2.144e+5,2.144e+5,
662.71,1.696e+5,1.696e+5,
662.76,1.327e+5,1.327e+5,
662.81,1.026e+5,1.026e+5,
662.86,7.849e+4,7.849e+4,
662.91,5.935e+4,5.935e+4,
662.96,4.439e+4,4.439e+4,
663.01,3.285e+4,3.285e+4,
663.06,2.408e+4,2.408e+4,
663.11,1.751e+4,1.751e+4,
663.16,1.270e+4,1.270e+4,
663.21,9.271e+3,9.271e+3,
663.26,6.932e+3,6.932e+3,
663.31,5.476e+3,5.476e+3,
663.36,4.763e+3,4.763e+3,
663.41,4.721e+3,4.721e+3,
663.46,5.337e+3,5.337e+3,
663.51,6.658e+3,6.658e+3,
663.56,8.792e+3,8.792e+3,
663.61,1.191e+4,1.191e+4,
663.66,1.624e+4,1.624e+4,
663.71,2.210e+4,2.210e+4,
663.76,2.985e+4,2.985e+4,
663.82,4.228e+4,4.228e+4,
663.87,5.587e+4,5.587e+4,
663.92,7.303e+4,7.303e+4,
663.97,9.439e+4,9.439e+4,
664.02,1.206e+5,1.206e+5,
664.07,1.525e+5,1.525e+5,
664.12,1.906e+5,1.906e+5,
664.17,2.355e+5,2.355e+5,
664.22,2.878e+5,2.878e+5,
664.27,3.478e+5,3.478e+5,
664.32,4.157e+5,4.157e+5,
664.37,4.914e+5,4.914e+5,
664.42,5.744e+5,5.744e+5,
664.47,6.642e+5,6.642e+5,
664.52,7.596e+5,7.596e+5,
664.57,8.596e+5,8.596e+5,
664.62,9.623e+5,9.623e+5,
664.67,1.066e+6,1.066e+6,
664.72,1.169e+6,1.169e+6,
664.77,1.270e+6,1.270e+6,
664.82,1.366e+6,1.366e+6,
664.87,1.456e+6,1.456e+6,
664.92,1.538e+6,1.538e+6,
664.97,1.612e+6,1.612e+6,
665.02,1.678e+6,1.678e+6,
665.07,1.735e+6,1.735e+6,
665.12,1.785e+6,1.785e+6,
665.17,1.829e+6,1.829e+6,
665.22,1.868e+6,1.868e+6,
665.27,1.905e+6,1.905e+6,
665.32,1.943e+6,1.943e+6,
665.37,1.982e+6,1.982e+6,
665.42,2.027e+6,2.027e+6,
665.47,2.078e+6,2.078e+6,
665.52,2.136e+6,2.136e+6,
665.57,2.203e+6,2.203e+6,
665.62,2.277e+6,2.277e+6,
665.67,2.357e+6,2.357e+6,
665.72,2.442e+6,2.442e+6,
665.77,2.529e+6,2.529e+6,
665.82,2.613e+6,2.613e+6,
665.87,2.692e+6,2.692e+6,
665.92,2.761e+6,2.761e+6,
665.97,2.816e+6,2.816e+6,
666.02,2.853e+6,2.853e+6,
666.07,2.870e+6,2.870e+6,
666.12,2.863e+6,2.863e+6,
666.17,2.832e+6,2.832e+6,
666.22,2.775e+6,2.775e+6,
666.27,2.693e+6,2.693e+6,
666.32,2.588e+6,2.588e+6,
666.37,2.462e+6,2.462e+6,
666.42,2.317e+6,2.317e+6,
666.47,2.158e+6,2.158e+6,
666.52,1.988e+6,1.988e+6,
666.57,1.812e+6,1.812e+6,
666.62,1.634e+6,1.634e+6,
666.67,1.456e+6,1.456e+6,
666.72,1.284e+6,1.284e+6,
666.77,1.120e+6,1.120e+6,
666.82,9.658e+5,9.658e+5,
666.87,8.236e+5,8.236e+5,
666.92,6.946e+5,6.946e+5,
666.97,5.792e+5,5.792e+5,
667.02,4.776e+5,4.776e+5,
667.07,3.895e+5,3.895e+5,
667.12,3.140e+5,3.140e+5,
667.17,2.504e+5,2.504e+5,
667.22,1.974e+5,1.974e+5,
667.27,1.539e+5,1.539e+5,
667.32,1.187e+5,1.187e+5,
667.37,9.063e+4,9.063e+4,
667.42,6.850e+4,6.850e+4,
667.47,5.134e+4,5.134e+4,
667.52,3.827e+4,3.827e+4,
667.57,2.854e+4,2.854e+4,
667.62,2.151e+4,2.151e+4,
667.67,1.670e+4,1.670e+4,
667.72,1.372e+4,1.372e+4,
667.77,1.233e+4,1.233e+4,
667.82,1.236e+4,1.236e+4,
667.87,1.376e+4,1.376e+4,
667.92,1.656e+4,1.656e+4,
667.97,2.087e+4,2.087e+4,
668.02,2.690e+4,2.690e+4,
668.07,3.488e+4,3.488e+4,
668.12,4.513e+4,4.513e+4,
668.17,5.802e+4,5.802e+4,
668.22,7.392e+4,7.392e+4,
668.27,9.324e+4,9.324e+4,
668.32,1.164e+5,1.164e+5,
668.37,1.437e+5,1.437e+5,
668.42,1.754e+5,1.754e+5,
668.47,2.118e+5,2.118e+5,
668.52,2.529e+5,2.529e+5,
668.57,2.987e+5,2.987e+5,
668.62,3.489e+5,3.489e+5,
668.67,4.029e+5,4.029e+5,
668.72,4.602e+5,4.602e+5,
668.77,5.198e+5,5.198e+5,
668.82,5.806e+5,5.806e+5,
668.87,6.414e+5,6.414e+5,
668.92,7.007e+5,7.007e+5,
668.97,7.572e+5,7.572e+5,
669.02,8.093e+5,8.093e+5,
669.07,8.556e+5,8.556e+5,
669.12,8.950e+5,8.950e+5,
669.17,9.263e+5,9.263e+5,
669.22,9.489e+5,9.489e+5,
669.27,9.626e+5,9.626e+5,
669.32,9.675e+5,9.675e+5,
669.37,9.641e+5,9.641e+5,
669.42,9.537e+5,9.537e+5,
669.47,9.379e+5,9.379e+5,
669.52,9.190e+5,9.190e+5,
669.57,8.996e+5,8.996e+5,
669.62,8.829e+5,8.829e+5,
669.67,8.724e+5,8.724e+5,
669.72,8.721e+5,8.721e+5,
669.77,8.860e+5,8.860e+5,
669.82,9.184e+5,9.184e+5,
669.87,9.736e+5,9.736e+5,
669.92,1.056e+6,1.056e+6,
669.97,1.168e+6,1.168e+6,
670.02,1.315e+6,1.315e+6,
670.07,1.499e+6,1.499e+6,
670.12,1.721e+6,1.721e+6,
670.17,1.983e+6,1.983e+6,
670.22,2.283e+6,2.283e+6,
670.27,2.620e+6,2.620e+6,
670.32,2.991e+6,2.991e+6,
670.37,3.389e+6,3.389e+6,
670.42,3.810e+6,3.810e+6,
670.47,4.243e+6,4.243e+6,
670.52,4.679e+6,4.679e+6,
670.57,5.109e+6,5.109e+6,
670.62,5.520e+6,5.520e+6,
670.67,5.901e+6,5.901e+6,
670.72,6.240e+6,6.240e+6,
670.77,6.528e+6,6.528e+6,
670.82,6.754e+6,6.754e+6,
670.87,6.912e+6,6.912e+6,
670.92,6.996e+6,6.996e+6,
670.97,7.003e+6,7.003e+6,
671.02,6.933e+6,6.933e+6,
671.07,6.788e+6,6.788e+6,
671.12,6.572e+6,6.572e+6,
671.17,6.293e+6,6.293e+6,
671.22,5.960e+6,5.960e+6,
671.27,5.582e+6,5.582e+6,
671.32,5.170e+6,5.170e+6,
671.37,4.736e+6,4.736e+6,
671.42,4.290e+6,4.290e+6,
671.47,3.843e+6,3.843e+6,
671.52,3.405e+6,3.405e+6,
671.57,2.983e+6,2.983e+6,
671.62,2.585e+6,2.585e+6,
671.67,2.215e+6,2.215e+6,
671.72,1.877e+6,1.877e+6,
671.77,1.574e+6,1.574e+6,
671.82,1.304e+6,1.304e+6,
671.87,1.069e+6,1.069e+6,
671.92,8.666e+5,8.666e+5,
671.97,6.948e+5,6.948e+5,
672.02,5.508e+5,5.508e+5,
672.07,4.319e+5,4.319e+5,
672.12,3.349e+5,3.349e+5,
672.17,2.568e+5,2.568e+5,
672.22,1.948e+5,1.948e+5,
672.27,1.461e+5,1.461e+5,
672.32,1.084e+5,1.084e+5,
672.37,7.948e+4,7.948e+4,
672.42,5.766e+4,5.766e+4,
672.47,4.137e+4,4.137e+4,
672.52,2.935e+4,2.935e+4,
672.57,2.059e+4,2.059e+4,
672.62,1.429e+4,1.429e+4,
672.67,9.806e+3,9.806e+3,
672.72,6.655e+3,6.655e+3,
672.77,4.467e+3,4.467e+3,
672.82,2.965e+3,2.965e+3,
672.87,1.946e+3,1.946e+3,
672.92,1.263e+3,1.263e+3,
672.97,8.111e+2,8.111e+2,
673.02,5.150e+2,5.150e+2,
673.07,3.233e+2,3.233e+2,
673.12,2.008e+2,2.008e+2,
673.17,1.233e+2,1.233e+2,
673.22,7.488e+1,7.488e+1,
673.27,4.498e+1,4.498e+1,
673.32,2.671e+1,2.671e+1,
673.37,1.569e+1,1.569e+1,
673.42,9.116e+0,9.116e+0,
673.47,5.237e+0,5.237e+0,
673.52,2.976e+0,2.976e+0,
673.57,1.672e+0,1.672e+0,
673.62,9.291e-1,9.291e-1,
673.67,5.106e-1,5.106e-1,
673.72,2.775e-1,2.775e-1,
673.77,1.491e-1,1.491e-1,
673.82,7.928e-2,7.928e-2,
673.87,4.167e-2,4.167e-2,
673.92,2.166e-2,2.166e-2,
673.97,1.114e-2,1.114e-2,
674.02,5.663e-3,5.663e-3,
674.07,2.848e-3,2.848e-3,
674.12,1.416e-3,1.416e-3,
674.17,6.964e-4,6.964e-4,
674.22,3.387e-4,3.387e-4,
674.27,1.629e-4,1.629e-4,
674.32,7.748e-5,7.748e-5,
674.37,3.645e-5,3.645e-5,
674.42,1.696e-5,1.696e-5,
674.47,7.801e-6,7.801e-6,
674.52,3.549e-6,3.549e-6,
674.57,1.597e-6,1.597e-6,
674.62,7.107e-7,7.107e-7,
674.67,3.128e-7,3.128e-7,
674.72,1.361e-7,1.361e-7,
674.77,5.859e-8,5.859e-8,
674.82,2.494e-8,2.494e-8,
674.87,1.050e-8,1.050e-8,
674.92,4.370e-9,4.370e-9,
674.97,1.799e-9,1.799e-9,
678.27,4.048e-10,4.048e-10,
678.32,9.734e-10,9.734e-10,
678.37,2.315e-9,2.315e-9,
678.42,5.449e-9,5.449e-9,
678.47,1.269e-8,1.269e-8,
678.52,2.922e-8,2.922e-8,
678.57,6.658e-8,6.658e-8,
678.62,1.501e-7,1.501e-7,
678.67,3.347e-7,3.347e-7,
678.72,7.386e-7,7.386e-7,
678.77,1.612e-6,1.612e-6,
678.82,3.482e-6,3.482e-6,
678.87,7.439e-6,7.439e-6,
678.92,1.572e-5,1.572e-5,
678.97,3.288e-5,3.288e-5,
679.02,6.802e-5,6.802e-5,
679.07,1.392e-4,1.392e-4,
679.12,2.819e-4,2.819e-4,
679.17,5.647e-4,5.647e-4,
679.22,1.119e-3,1.119e-3,
679.27,2.194e-3,2.194e-3,
679.32,4.256e-3,4.256e-3,
679.37,8.167e-3,8.167e-3,
679.42,1.550e-2,1.550e-2,
679.47,2.912e-2,2.912e-2,
679.52,5.411e-2,5.411e-2,
679.57,9.947e-2,9.947e-2,
679.62,1.809e-1,1.809e-1,
679.67,3.255e-1,3.255e-1,
679.72,5.794e-1,5.794e-1,
679.77,1.020e+0,1.020e+0,
679.82,1.778e+0,1.778e+0,
679.87,3.064e+0,3.064e+0,
679.92,5.224e+0,5.224e+0,
679.97,8.813e+0,8.813e+0,
680.02,1.471e+1,1.471e+1,
680.07,2.429e+1,2.429e+1,
680.12,3.967e+1,3.967e+1,
680.17,6.411e+1,6.411e+1,
680.22,1.025e+2,1.025e+2,
680.27,1.621e+2,1.621e+2,
680.32,2.537e+2,2.537e+2,
680.37,3.928e+2,3.928e+2,
680.42,6.015e+2,6.015e+2,
680.47,9.115e+2,9.115e+2,
680.52,1.366e+3,1.366e+3,
680.57,2.026e+3,2.026e+3,
680.62,2.973e+3,2.973e+3,
680.67,4.315e+3,4.315e+3,
680.72,6.197e+3,6.197e+3,
680.77,8.803e+3,8.803e+3,
680.82,1.237e+4,1.237e+4,
680.87,1.720e+4,1.720e+4,
680.92,2.367e+4,2.367e+4,
680.97,3.221e+4,3.221e+4,
681.02,4.337e+4,4.337e+4,
681.07,5.777e+4,5.777e+4,
681.12,7.613e+4,7.613e+4,
681.17,9.925e+4,9.925e+4,
681.22,1.280e+5,1.280e+5,
681.27,1.633e+5,1.633e+5,
681.32,2.062e+5,2.062e+5,
681.37,2.575e+5,2.575e+5,
681.42,3.182e+5,3.182e+5,
681.47,3.890e+5,3.890e+5,
681.52,4.704e+5,4.704e+5,
681.57,5.628e+5,5.628e+5,
681.62,6.661e+5,6.661e+5,
681.67,7.800e+5,7.800e+5,
681.72,9.036e+5,9.036e+5,
681.77,1.036e+6,1.036e+6,
681.82,1.174e+6,1.174e+6,
681.87,1.317e+6,1.317e+6,
681.92,1.462e+6,1.462e+6,
681.97,1.605e+6,1.605e+6,
682.02,1.743e+6,1.743e+6,
682.07,1.873e+6,1.873e+6,
682.12,1.992e+6,1.992e+6,
682.17,2.095e+6,2.095e+6,
682.22,2.180e+6,2.180e+6,
682.27,2.244e+6,2.244e+6,
682.32,2.285e+6,2.285e+6,
682.37,2.302e+6,2.302e+6,
682.42,2.295e+6,2.295e+6,
682.47,2.263e+6,2.263e+6,
682.52,2.208e+6,2.208e+6,
682.57,2.131e+6,2.131e+6,
682.62,2.035e+6,2.035e+6,
682.67,1.922e+6,1.922e+6,
682.72,1.797e+6,1.797e+6,
682.77,1.661e+6,1.661e+6,
682.82,1.519e+6,1.519e+6,
682.87,1.375e+6,1.375e+6,
682.92,1.231e+6,1.231e+6,
682.97,1.090e+6,1.090e+6,
683.02,9.555e+5,9.555e+5,
683.07,8.283e+5,8.283e+5,
683.12,7.104e+5,7.104e+5,
683.17,6.028e+5,6.028e+5,
683.22,5.060e+5,5.060e+5,
683.27,4.202e+5,4.202e+5,
683.32,3.453e+5,3.453e+5,
683.37,2.806e+5,2.806e+5,
683.42,2.257e+5,2.257e+5,
683.47,1.795e+5,1.795e+5,
683.52,1.413e+5,1.413e+5,
683.57,1.100e+5,1.100e+5,
683.62,8.476e+4,8.476e+4,
683.67,6.459e+4,6.459e+4,
683.72,4.870e+4,4.870e+4,
683.77,3.633e+4,3.633e+4,
683.82,2.681e+4,2.681e+4,
683.87,1.957e+4,1.957e+4,
683.92,1.414e+4,1.414e+4,
683.97,1.010e+4,1.010e+4,
684.02,7.140e+3,7.140e+3,
684.07,4.994e+3,4.994e+3,
684.12,3.455e+3,3.455e+3,
684.17,2.365e+3,2.365e+3,
684.22,1.602e+3,1.602e+3,
684.27,1.073e+3,1.073e+3,
684.32,7.112e+2,7.112e+2,
684.37,4.664e+2,4.664e+2,
684.42,3.026e+2,3.026e+2,
684.47,1.942e+2,1.942e+2,
684.52,1.233e+2,1.233e+2,
684.57,7.745e+1,7.745e+1,
684.62,4.813e+1,4.813e+1,
684.67,2.959e+1,2.959e+1,
684.72,1.800e+1,1.800e+1,
684.77,1.083e+1,1.083e+1,
684.82,6.448e+0,6.448e+0,
684.87,3.798e+0,3.798e+0,
684.92,2.213e+0,2.213e+0,
684.97,1.276e+0,1.276e+0,
685.02,7.275e-1,7.275e-1,
685.07,4.105e-1,4.105e-1,
685.12,2.291e-1,2.291e-1,
685.17,1.265e-1,1.265e-1,
685.22,6.912e-2,6.912e-2,
685.27,3.736e-2,3.736e-2,
685.32,1.998e-2,1.998e-2,
685.37,1.057e-2,1.057e-2,
685.42,5.531e-3,5.531e-3,
685.47,2.864e-3,2.864e-3,
685.52,1.467e-3,1.467e-3,
685.57,7.433e-4,7.433e-4,
685.62,3.727e-4,3.727e-4,
685.67,1.848e-4,1.848e-4,
685.72,9.070e-5,9.070e-5,
685.77,4.403e-5,4.403e-5,
685.82,2.115e-5,2.115e-5,
685.87,1.005e-5,1.005e-5,
685.92,4.723e-6,4.723e-6,
685.97,2.197e-6,2.197e-6,
686.02,1.011e-6,1.011e-6,
686.07,4.600e-7,4.600e-7,
686.12,2.071e-7,2.071e-7,
686.17,9.228e-8,9.228e-8,
686.22,4.067e-8,4.067e-8,
686.27,1.773e-8,1.773e-8,
686.32,7.650e-9,7.650e-9,
686.37,3.265e-9,3.265e-9,
686.42,1.378e-9,1.378e-9,
686.47,5.758e-10,5.758e-10,
687.57,8.238e-11,8.238e-11,
687.62,1.955e-10,1.955e-10,
687.67,4.591e-10,4.591e-10,
687.72,1.067e-9,1.067e-9,
687.77,2.454e-9,2.454e-9,
687.82,5.585e-9,5.585e-9,
687.87,1.258e-8,1.258e-8,
687.92,2.804e-8,2.804e-8,
687.97,6.184e-8,6.184e-8,
688.02,1.350e-7,1.350e-7,
688.07,2.916e-7,2.916e-7,
688.12,6.233e-7,6.233e-7,
688.17,1.318e-6,1.318e-6,
688.22,2.760e-6,2.760e-6,
688.27,5.718e-6,5.718e-6,
688.32,1.172e-5,1.172e-5,
688.37,2.378e-5,2.378e-5,
688.42,4.775e-5,4.775e-5,
688.47,9.487e-5,9.487e-5,
688.52,1.865e-4,1.865e-4,
688.57,3.629e-4,3.629e-4,
688.62,6.989e-4,6.989e-4,
688.67,1.332e-3,1.332e-3,
688.72,2.511e-3,2.511e-3,
688.77,4.686e-3,4.686e-3,
688.82,8.654e-3,8.654e-3,
688.87,1.582e-2,1.582e-2,
688.92,2.860e-2,2.860e-2,
688.97,5.119e-2,5.119e-2,
689.02,9.067e-2,9.067e-2,
689.07,1.589e-1,1.589e-1,
689.12,2.757e-1,2.757e-1,
689.17,4.732e-1,4.732e-1,
689.22,8.039e-1,8.039e-1,
689.27,1.351e+0,1.351e+0,
689.32,2.248e+0,2.248e+0,
689.37,3.702e+0,3.702e+0,
689.42,6.031e+0,6.031e+0,
689.47,9.725e+0,9.725e+0,
689.52,1.552e+1,1.552e+1,
689.57,2.451e+1,2.451e+1,
689.62,3.830e+1,3.830e+1,
689.67,5.924e+1,5.924e+1,
689.72,9.068e+1,9.068e+1,
689.77,1.374e+2,1.374e+2,
689.82,2.060e+2,2.060e+2,
689.87,3.056e+2,3.056e+2,
689.92,4.489e+2,4.489e+2,
689.97,6.525e+2,6.525e+2,
690.02,9.388e+2,9.388e+2,
690.07,1.337e+3,1.337e+3,
690.12,1.885e+3,1.885e+3,
690.17,2.630e+3,2.630e+3,
690.22,3.633e+3,3.633e+3,
690.27,4.969e+3,4.969e+3,
690.32,6.727e+3,6.727e+3,
690.37,9.019e+3,9.019e+3,
690.42,1.197e+4,1.197e+4,
690.47,1.574e+4,1.574e+4,
690.52,2.050e+4,2.050e+4,
690.57,2.645e+4,2.645e+4,
690.62,3.380e+4,3.380e+4,
690.67,4.281e+4,4.281e+4,
690.72,5.375e+4,5.375e+4,
690.77,6.690e+4,6.690e+4,
690.82,8.258e+4,8.258e+4,
690.87,1.011e+5,1.011e+5,
690.92,1.229e+5,1.229e+5,
690.97,1.482e+5,1.482e+5,
691.02,1.775e+5,1.775e+5,
691.07,2.112e+5,2.112e+5,
691.12,2.498e+5,2.498e+5,
691.17,2.938e+5,2.938e+5,
691.22,3.437e+5,3.437e+5,
691.27,4.001e+5,4.001e+5,
691.32,4.637e+5,4.637e+5,
691.37,5.352e+5,5.352e+5,
691.42,6.153e+5,6.153e+5,
691.47,7.047e+5,7.047e+5,
691.52,8.042e+5,8.042e+5,
691.57,9.143e+5,9.143e+5,
691.62,1.036e+6,1.036e+6,
691.67,1.169e+6,1.169e+6,
691.72,1.313e+6,1.313e+6,
691.77,1.469e+6,1.469e+6,
691.82,1.635e+6,1.635e+6,
691.87,1.811e+6,1.811e+6,
691.92,1.995e+6,1.995e+6,
691.97,2.184e+6,2.184e+6,
692.02,2.376e+6,2.376e+6,
692.07,2.568e+6,2.568e+6,
692.12,2.756e+6,2.756e+6,
692.17,2.935e+6,2.935e+6,
692.22,3.103e+6,3.103e+6,
692.27,3.256e+6,3.256e+6,
692.32,3.389e+6,3.389e+6,
692.37,3.500e+6,3.500e+6,
692.42,3.585e+6,3.585e+6,
692.47,3.644e+6,3.644e+6,
692.52,3.675e+6,3.675e+6,
692.57,3.678e+6,3.678e+6,
692.62,3.654e+6,3.654e+6,
692.67,3.604e+6,3.604e+6,
692.72,3.532e+6,3.532e+6,
692.77,3.441e+6,3.441e+6,
692.82,3.334e+6,3.334e+6,
692.87,3.215e+6,3.215e+6,
692.92,3.087e+6,3.087e+6,
692.97,2.955e+6,2.955e+6,
693.02,2.821e+6,2.821e+6,
693.07,2.688e+6,2.688e+6,
693.12,2.559e+6,2.559e+6,
693.17,2.435e+6,2.435e+6,
693.22,2.317e+6,2.317e+6,
693.27,2.204e+6,2.204e+6,
693.32,2.097e+6,2.097e+6,
693.37,1.995e+6,1.995e+6,
693.42,1.897e+6,1.897e+6,
693.47,1.802e+6,1.802e+6,
693.52,1.708e+6,1.708e+6,
693.57,1.615e+6,1.615e+6,
693.62,1.522e+6,1.522e+6,
693.67,1.428e+6,1.428e+6,
693.72,1.333e+6,1.333e+6,
693.77,1.237e+6,1.237e+6,
693.82,1.141e+6,1.141e+6,
693.87,1.044e+6,1.044e+6,
693.92,9.492e+5,9.492e+5,
693.97,8.557e+5,8.557e+5,
694.02,7.650e+5,7.650e+5,
694.07,6.779e+5,6.779e+5,
694.12,5.953e+5,5.953e+5,
694.17,5.180e+5,5.180e+5,
694.22,4.464e+5,4.464e+5,
694.27,3.811e+5,3.811e+5,
694.32,3.221e+5,3.221e+5,
694.37,2.696e+5,2.696e+5,
694.42,2.234e+5,2.234e+5,
694.47,1.833e+5,1.833e+5,
694.52,1.488e+5,1.488e+5,
694.57,1.196e+5,1.196e+5,
694.62,9.521e+4,9.521e+4,
694.68,7.140e+4,7.140e+4,
694.73,5.555e+4,5.555e+4,
694.78,4.277e+4,4.277e+4,
694.83,3.260e+4,3.260e+4,
694.88,2.459e+4,2.459e+4,
694.93,1.835e+4,1.835e+4,
694.98,1.356e+4,1.356e+4,
695.03,9.914e+3,9.914e+3,
695.08,7.175e+3,7.175e+3,
695.13,5.138e+3,5.138e+3,
695.18,3.642e+3,3.642e+3,
695.23,2.555e+3,2.555e+3,
695.28,1.774e+3,1.774e+3,
695.33,1.219e+3,1.219e+3,
695.38,8.285e+2,8.285e+2,
695.43,5.575e+2,5.575e+2,
695.48,3.713e+2,3.713e+2,
695.53,2.447e+2,2.447e+2,
695.58,1.596e+2,1.596e+2,
695.63,1.030e+2,1.030e+2,
695.68,6.583e+1,6.583e+1,
695.73,4.162e+1,4.162e+1,
695.78,2.604e+1,2.604e+1,
695.83,1.613e+1,1.613e+1,
695.88,9.882e+0,9.882e+0,
695.93,5.993e+0,5.993e+0,
695.98,3.597e+0,3.597e+0,
696.03,2.137e+0,2.137e+0,
696.08,1.256e+0,1.256e+0,
696.13,7.308e-1,7.308e-1,
696.18,4.208e-1,4.208e-1,
696.23,2.398e-1,2.398e-1,
696.28,1.352e-1,1.352e-1,
696.33,7.546e-2,7.546e-2,
696.38,4.168e-2,4.168e-2,
696.43,2.278e-2,2.278e-2,
696.48,1.232e-2,1.232e-2,
696.53,6.598e-3,6.598e-3,
696.58,3.496e-3,3.496e-3,
696.63,1.833e-3,1.833e-3,
696.68,9.512e-4,9.512e-4,
696.73,4.885e-4,4.885e-4,
696.78,2.483e-4,2.483e-4,
696.83,1.249e-4,1.249e-4,
696.88,6.216e-5,6.216e-5,
696.93,3.062e-5,3.062e-5,
696.98,1.493e-5,1.493e-5,
697.03,7.203e-6,7.203e-6,
697.08,3.440e-6,3.440e-6,
697.13,1.625e-6,1.625e-6,
697.18,7.602e-7,7.602e-7,
697.23,3.519e-7,3.519e-7,
697.28,1.612e-7,1.612e-7,
697.33,7.306e-8,7.306e-8,
697.38,3.278e-8,3.278e-8,
697.43,1.455e-8,1.455e-8,
697.48,6.395e-9,6.395e-9,
697.53,2.781e-9,2.781e-9,
697.58,1.197e-9,1.197e-9,
697.63,5.097e-10,5.097e-10,
697.68,2.148e-10,2.148e-10,
698.13,6.801e-10,6.801e-10,
698.18,1.598e-9,1.598e-9,
698.23,3.718e-9,3.718e-9,
698.28,8.561e-9,8.561e-9,
698.33,1.952e-8,1.952e-8,
698.38,4.404e-8,4.404e-8,
698.43,9.838e-8,9.838e-8,
698.48,2.176e-7,2.176e-7,
698.53,4.762e-7,4.762e-7,
698.58,1.032e-6,1.032e-6,
698.63,2.214e-6,2.214e-6,
698.68,4.701e-6,4.701e-6,
698.73,9.882e-6,9.882e-6,
698.78,2.056e-5,2.056e-5,
698.83,4.236e-5,4.236e-5,
698.88,8.637e-5,8.637e-5,
698.93,1.743e-4,1.743e-4,
698.98,3.484e-4,3.484e-4,
699.03,6.891e-4,6.891e-4,
699.08,1.349e-3,1.349e-3,
699.13,2.615e-3,2.615e-3,
699.18,5.018e-3,5.018e-3,
699.23,9.532e-3,9.532e-3,
699.28,1.792e-2,1.792e-2,
699.33,3.336e-2,3.336e-2,
699.38,6.147e-2,6.147e-2,
699.43,1.121e-1,1.121e-1,
699.48,2.025e-1,2.025e-1,
699.53,3.619e-1,3.619e-1,
699.58,6.403e-1,6.403e-1,
699.63,1.121e+0,1.121e+0,
699.68,1.944e+0,1.944e+0,
699.73,3.337e+0,3.337e+0,
699.78,5.670e+0,5.670e+0,
699.83,9.537e+0,9.537e+0,
699.88,1.588e+1,1.588e+1,
699.93,2.617e+1,2.617e+1,
699.98,4.270e+1,4.270e+1,
700.03,6.897e+1,6.897e+1,
700.08,1.103e+2,1.103e+2,
700.13,1.745e+2,1.745e+2,
700.18,2.734e+2,2.734e+2,
700.23,4.241e+2,4.241e+2,
700.28,6.511e+2,6.511e+2,
700.33,9.895e+2,9.895e+2,
700.38,1.489e+3,1.489e+3,
700.43,2.217e+3,2.217e+3,
700.48,3.269e+3,3.269e+3,
700.53,4.770e+3,4.770e+3,
700.58,6.892e+3,6.892e+3,
700.63,9.857e+3,9.857e+3,
700.68,1.395e+4,1.395e+4,
700.73,1.956e+4,1.956e+4,
700.78,2.713e+4,2.713e+4,
700.83,3.726e+4,3.726e+4,
700.88,5.065e+4,5.065e+4,
700.93,6.817e+4,6.817e+4,
700.98,9.081e+4,9.081e+4,
701.03,1.198e+5,1.198e+5,
701.08,1.563e+5,1.563e+5,
701.13,2.020e+5,2.020e+5,
701.18,2.585e+5,2.585e+5,
701.23,3.273e+5,3.273e+5,
701.28,4.103e+5,4.103e+5,
701.33,5.092e+5,5.092e+5,
701.38,6.255e+5,6.255e+5,
701.43,7.607e+5,7.607e+5,
701.48,9.157e+5,9.157e+5,
701.53,1.091e+6,1.091e+6,
701.58,1.287e+6,1.287e+6,
701.63,1.503e+6,1.503e+6,
701.68,1.738e+6,1.738e+6,
701.73,1.988e+6,1.988e+6,
701.78,2.252e+6,2.252e+6,
701.83,2.526e+6,2.526e+6,
701.88,2.803e+6,2.803e+6,
701.93,3.081e+6,3.081e+6,
701.98,3.351e+6,3.351e+6,
702.03,3.608e+6,3.608e+6,
702.08,3.846e+6,3.846e+6,
702.13,4.058e+6,4.058e+6,
702.18,4.239e+6,4.239e+6,
702.23,4.383e+6,4.383e+6,
702.28,4.487e+6,4.487e+6,
702.33,4.546e+6,4.546e+6,
702.38,4.560e+6,4.560e+6,
702.43,4.528e+6,4.528e+6,
702.48,4.451e+6,4.451e+6,
702.53,4.331e+6,4.331e+6,
702.58,4.172e+6,4.172e+6,
702.63,3.978e+6,3.978e+6,
702.68,3.756e+6,3.756e+6,
702.73,3.511e+6,3.511e+6,
702.78,3.249e+6,3.249e+6,
702.83,2.977e+6,2.977e+6,
702.88,2.702e+6,2.702e+6,
702.93,2.429e+6,2.429e+6,
702.98,2.164e+6,2.164e+6,
703.03,1.912e+6,1.912e+6,
703.08,1.677e+6,1.677e+6,
703.13,1.463e+6,1.463e+6,
703.18,1.271e+6,1.271e+6,
703.23,1.104e+6,1.104e+6,
703.28,9.630e+5,9.630e+5,
703.33,8.493e+5,8.493e+5,
703.38,7.632e+5,7.632e+5,
703.43,7.048e+5,7.048e+5,
703.48,6.739e+5,6.739e+5,
703.53,6.705e+5,6.705e+5,
703.58,6.941e+5,6.941e+5,
703.63,7.441e+5,7.441e+5,
703.68,8.200e+5,8.200e+5,
703.73,9.208e+5,9.208e+5,
703.78,1.045e+6,1.045e+6,
703.83,1.192e+6,1.192e+6,
703.88,1.360e+6,1.360e+6,
703.93,1.546e+6,1.546e+6,
703.98,1.746e+6,1.746e+6,
704.03,1.959e+6,1.959e+6,
704.08,2.179e+6,2.179e+6,
704.13,2.403e+6,2.403e+6,
704.18,2.625e+6,2.625e+6,
704.23,2.840e+6,2.840e+6,
704.28,3.043e+6,3.043e+6,
704.33,3.228e+6,3.228e+6,
704.38,3.391e+6,3.391e+6,
704.43,3.526e+6,3.526e+6,
704.48,3.630e+6,3.630e+6,
704.53,3.700e+6,3.700e+6,
704.58,3.734e+6,3.734e+6,
704.63,3.730e+6,3.730e+6,
704.68,3.689e+6,3.689e+6,
704.73,3.612e+6,3.612e+6,
704.78,3.501e+6,3.501e+6,
704.83,3.359e+6,3.359e+6,
704.88,3.191e+6,3.191e+6,
704.93,3.002e+6,3.002e+6,
704.98,2.795e+6,2.795e+6,
705.03,2.577e+6,2.577e+6,
705.08,2.353e+6,2.353e+6,
705.13,2.127e+6,2.127e+6,
705.18,1.904e+6,1.904e+6,
705.23,1.689e+6,1.689e+6,
705.28,1.485e+6,1.485e+6,
705.33,1.295e+6,1.295e+6,
705.38,1.121e+6,1.121e+6,
705.43,9.644e+5,9.644e+5,
705.48,8.269e+5,8.269e+5,
705.53,7.087e+5,7.087e+5,
705.58,6.101e+5,6.101e+5,
705.63,5.309e+5,5.309e+5,
705.68,4.705e+5,4.705e+5,
705.73,4.284e+5,4.284e+5,
705.78,4.039e+5,4.039e+5,
705.83,3.961e+5,3.961e+5,
705.88,4.041e+5,4.041e+5,
705.93,4.271e+5,4.271e+5,
705.98,4.640e+5,4.640e+5,
706.03,5.139e+5,5.139e+5,
706.08,5.755e+5,5.755e+5,
706.13,6.477e+5,6.477e+5,
706.18,7.289e+5,7.289e+5,
706.23,8.177e+5,8.177e+5,
706.28,9.120e+5,9.120e+5,
706.33,1.010e+6,1.010e+6,
706.38,1.109e+6,1.109e+6,
706.43,1.208e+6,1.208e+6,
706.48,1.303e+6,1.303e+6,
706.53,1.392e+6,1.392e+6,
706.58,1.473e+6,1.473e+6,
706.63,1.543e+6,1.543e+6,
706.68,1.601e+6,1.601e+6,
706.73,1.645e+6,1.645e+6,
706.78,1.673e+6,1.673e+6,
706.83,1.684e+6,1.684e+6,
706.88,1.679e+6,1.679e+6,
706.93,1.658e+6,1.658e+6,
706.98,1.620e+6,1.620e+6,
707.03,1.567e+6,1.567e+6,
707.08,1.501e+6,1.501e+6,
707.13,1.424e+6,1.424e+6,
707.18,1.337e+6,1.337e+6,
707.23,1.243e+6,1.243e+6,
707.28,1.143e+6,1.143e+6,
707.33,1.042e+6,1.042e+6,
707.38,9.398e+5,9.398e+5,
707.43,8.393e+5,8.393e+5,
707.48,7.421e+5,7.421e+5,
707.53,6.496e+5,6.496e+5,
707.58,5.630e+5,5.630e+5,
707.63,4.831e+5,4.831e+5,
707.68,4.104e+5,4.104e+5,
707.73,3.451e+5,3.451e+5,
707.78,2.874e+5,2.874e+5,
707.83,2.369e+5,2.369e+5,
707.88,1.933e+5,1.933e+5,
707.93,1.562e+5,1.562e+5,
707.98,1.250e+5,1.250e+5,
708.03,9.898e+4,9.898e+4,
708.08,7.761e+4,7.761e+4,
708.13,6.025e+4,6.025e+4,
708.18,4.631e+4,4.631e+4,
708.23,3.524e+4,3.524e+4,
708.28,2.655e+4,2.655e+4,
708.33,1.980e+4,1.980e+4,
708.38,1.462e+4,1.462e+4,
708.43,1.069e+4,1.069e+4,
708.48,7.737e+3,7.737e+3,
708.53,5.544e+3,5.544e+3,
708.58,3.933e+3,3.933e+3,
708.63,2.763e+3,2.763e+3,
708.68,1.921e+3,1.921e+3,
708.73,1.323e+3,1.323e+3,
708.78,9.015e+2,9.015e+2,
708.83,6.084e+2,6.084e+2,
708.88,4.065e+2,4.065e+2,
708.93,2.689e+2,2.689e+2,
708.98,1.761e+2,1.761e+2,
709.03,1.141e+2,1.141e+2,
709.08,7.327e+1,7.327e+1,
709.13,4.656e+1,4.656e+1,
709.18,2.930e+1,2.930e+1,
709.23,1.825e+1,1.825e+1,
709.28,1.125e+1,1.125e+1,
709.33,6.871e+0,6.871e+0,
709.38,4.153e+0,4.153e+0,
709.43,2.486e+0,2.486e+0,
709.48,1.473e+0,1.473e+0,
709.53,8.639e-1,8.639e-1,
709.58,5.017e-1,5.017e-1,
709.63,2.885e-1,2.885e-1,
709.68,1.642e-1,1.642e-1,
709.73,9.255e-2,9.255e-2,
709.78,5.164e-2,5.164e-2,
709.83,2.853e-2,2.853e-2,
709.88,1.560e-2,1.560e-2,
709.93,8.448e-3,8.448e-3,
709.98,4.529e-3,4.529e-3,
710.03,2.404e-3,2.404e-3,
710.08,1.263e-3,1.263e-3,
710.13,6.570e-4,6.570e-4,
710.18,3.384e-4,3.384e-4,
710.23,1.726e-4,1.726e-4,
710.28,8.711e-5,8.711e-5,
710.33,4.354e-5,4.354e-5,
710.38,2.154e-5,2.154e-5,
710.43,1.055e-5,1.055e-5,
710.48,5.119e-6,5.119e-6,
710.53,2.458e-6,2.458e-6,
710.58,1.169e-6,1.169e-6,
710.63,5.501e-7,5.501e-7,
710.68,2.563e-7,2.563e-7,
710.73,1.183e-7,1.183e-7,
710.78,5.401e-8,5.401e-8,
710.83,2.443e-8,2.443e-8,
710.88,1.094e-8,1.094e-8,
710.93,4.847e-9,4.847e-9,
710.98,2.127e-9,2.127e-9,
711.03,9.242e-10,9.242e-10,
711.08,3.975e-10,3.975e-10,
711.83,9.171e-10,9.171e-10,
711.88,2.107e-9,2.107e-9,
711.93,4.793e-9,4.793e-9,
711.98,1.080e-8,1.080e-8,
712.03,2.409e-8,2.409e-8,
712.08,5.321e-8,5.321e-8,
712.13,1.164e-7,1.164e-7,
712.18,2.522e-7,2.522e-7,
712.23,5.412e-7,5.412e-7,
712.28,1.150e-6,1.150e-6,
712.33,2.420e-6,2.420e-6,
712.38,5.042e-6,5.042e-6,
712.43,1.040e-5,1.040e-5,
712.48,2.126e-5,2.126e-5,
712.53,4.302e-5,4.302e-5,
712.58,8.622e-5,8.622e-5,
712.63,1.711e-4,1.711e-4,
712.68,3.363e-4,3.363e-4,
712.73,6.545e-4,6.545e-4,
712.78,1.261e-3,1.261e-3,
712.83,2.408e-3,2.408e-3,
712.88,4.551e-3,4.551e-3,
712.93,8.519e-3,8.519e-3,
712.98,1.579e-2,1.579e-2,
713.03,2.899e-2,2.899e-2,
713.08,5.269e-2,5.269e-2,
713.13,9.486e-2,9.486e-2,
713.18,1.691e-1,1.691e-1,
713.23,2.986e-1,2.986e-1,
713.28,5.220e-1,5.220e-1,
713.33,9.038e-1,9.038e-1,
713.38,1.550e+0,1.550e+0,
713.43,2.631e+0,2.631e+0,
713.48,4.424e+0,4.424e+0,
713.53,7.367e+0,7.367e+0,
713.58,1.215e+1,1.215e+1,
713.63,1.984e+1,1.984e+1,
713.68,3.208e+1,3.208e+1,
713.73,5.137e+1,5.137e+1,
713.78,8.148e+1,8.148e+1,
713.83,1.280e+2,1.280e+2,
713.88,1.990e+2,1.990e+2,
713.93,3.065e+2,3.065e+2,
713.98,4.675e+2,4.675e+2,
714.03,7.062e+2,7.062e+2,
714.08,1.056e+3,1.056e+3,
714.13,1.565e+3,1.565e+3,
714.18,2.295e+3,2.295e+3,
714.23,3.334e+3,3.334e+3,
714.28,4.797e+3,4.797e+3,
714.33,6.834e+3,6.834e+3,
714.38,9.641e+3,9.641e+3,
714.43,1.347e+4,1.347e+4,
714.48,1.864e+4,1.864e+4,
714.53,2.554e+4,2.554e+4,
714.58,3.465e+4,3.465e+4,
714.63,4.656e+4,4.656e+4,
714.68,6.195e+4,6.195e+4,
714.73,8.163e+4,8.163e+4,
714.78,1.065e+5,1.065e+5,
714.83,1.377e+5,1.377e+5,
714.88,1.762e+5,1.762e+5,
714.93,2.233e+5,2.233e+5,
714.98,2.802e+5,2.802e+5,
715.03,3.483e+5,3.483e+5,
715.08,4.287e+5,4.287e+5,
715.13,5.225e+5,5.225e+5,
715.18,6.307e+5,6.307e+5,
715.23,7.538e+5,7.538e+5,
715.28,8.923e+5,8.923e+5,
715.33,1.046e+6,1.046e+6,
715.38,1.214e+6,1.214e+6,
715.43,1.396e+6,1.396e+6,
715.48,1.589e+6,1.589e+6,
715.53,1.792e+6,1.792e+6,
715.58,2.000e+6,2.000e+6,
715.63,2.212e+6,2.212e+6,
715.68,2.422e+6,2.422e+6,
715.73,2.626e+6,2.626e+6,
715.78,2.820e+6,2.820e+6,
715.83,2.998e+6,2.998e+6,
715.88,3.157e+6,3.157e+6,
715.93,3.292e+6,3.292e+6,
715.98,3.400e+6,3.400e+6,
716.03,3.477e+6,3.477e+6,
716.08,3.521e+6,3.521e+6,
716.13,3.532e+6,3.532e+6,
716.18,3.508e+6,3.508e+6,
716.23,3.450e+6,3.450e+6,
716.28,3.360e+6,3.360e+6,
716.33,3.241e+6,3.241e+6,
716.38,3.096e+6,3.096e+6,
716.43,2.929e+6,2.929e+6,
716.48,2.744e+6,2.744e+6,
716.53,2.545e+6,2.545e+6,
716.58,2.338e+6,2.338e+6,
716.63,2.127e+6,2.127e+6,
716.68,1.916e+6,1.916e+6,
716.73,1.710e+6,1.710e+6,
716.78,1.511e+6,1.511e+6,
716.83,1.322e+6,1.322e+6,
716.88,1.145e+6,1.145e+6,
716.93,9.828e+5,9.828e+5,
716.98,8.351e+5,8.351e+5,
717.03,7.027e+5,7.027e+5,
717.08,5.856e+5,5.856e+5,
717.13,4.833e+5,4.833e+5,
717.18,3.950e+5,3.950e+5,
717.23,3.196e+5,3.196e+5,
717.28,2.562e+5,2.562e+5,
717.33,2.033e+5,2.033e+5,
717.38,1.598e+5,1.598e+5,
717.43,1.244e+5,1.244e+5,
717.48,9.588e+4,9.588e+4,
717.53,7.319e+4,7.319e+4,
717.58,5.532e+4,5.532e+4,
717.63,4.142e+4,4.142e+4,
717.68,3.070e+4,3.070e+4,
717.73,2.254e+4,2.254e+4,
717.78,1.639e+4,1.639e+4,
717.83,1.180e+4,1.180e+4,
717.88,8.411e+3,8.411e+3,
717.93,5.939e+3,5.939e+3,
717.98,4.152e+3,4.152e+3,
718.03,2.875e+3,2.875e+3,
718.08,1.971e+3,1.971e+3,
718.13,1.339e+3,1.339e+3,
718.18,9.002e+2,9.002e+2,
718.23,5.995e+2,5.995e+2,
718.28,3.953e+2,3.953e+2,
718.33,2.582e+2,2.582e+2,
718.38,1.670e+2,1.670e+2,
718.43,1.069e+2,1.069e+2,
718.48,6.783e+1,6.783e+1,
718.53,4.260e+1,4.260e+1,
718.58,2.650e+1,2.650e+1,
718.63,1.632e+1,1.632e+1,
718.68,9.957e+0,9.957e+0,
718.73,6.015e+0,6.015e+0,
718.78,3.599e+0,3.599e+0,
718.83,2.134e+0,2.134e+0,
718.88,1.255e+0,1.255e+0,
718.93,7.356e-1,7.356e-1,
718.98,4.343e-1,4.343e-1,
719.03,2.672e-1,2.672e-1,
719.08,1.853e-1,1.853e-1,
719.13,1.637e-1,1.637e-1,
719.18,1.943e-1,1.943e-1,
719.23,2.834e-1,2.834e-1,
719.28,4.528e-1,4.528e-1,
719.33,7.438e-1,7.438e-1,
719.38,1.226e+0,1.226e+0,
719.43,2.008e+0,2.008e+0,
719.48,3.264e+0,3.264e+0,
719.53,5.257e+0,5.257e+0,
719.58,8.387e+0,8.387e+0,
719.63,1.325e+1,1.325e+1,
719.68,2.074e+1,2.074e+1,
719.73,3.215e+1,3.215e+1,
719.78,4.936e+1,4.936e+1,
719.83,7.507e+1,7.507e+1,
719.88,1.131e+2,1.131e+2,
719.93,1.687e+2,1.687e+2,
719.98,2.492e+2,2.492e+2,
720.03,3.647e+2,3.647e+2,
720.08,5.287e+2,5.287e+2,
720.13,7.590e+2,7.590e+2,
720.18,1.079e+3,1.079e+3,
720.23,1.520e+3,1.520e+3,
720.28,2.120e+3,2.120e+3,
720.33,2.929e+3,2.929e+3,
720.38,4.009e+3,4.009e+3,
720.43,5.433e+3,5.433e+3,
720.48,7.293e+3,7.293e+3,
720.53,9.697e+3,9.697e+3,
720.58,1.277e+4,1.277e+4,
720.63,1.666e+4,1.666e+4,
720.68,2.152e+4,2.152e+4,
720.73,2.753e+4,2.753e+4,
720.78,3.490e+4,3.490e+4,
720.83,4.380e+4,4.380e+4,
720.88,5.446e+4,5.446e+4,
720.93,6.706e+4,6.706e+4,
720.98,8.179e+4,8.179e+4,
721.03,9.880e+4,9.880e+4,
721.08,1.182e+5,1.182e+5,
721.13,1.401e+5,1.401e+5,
721.18,1.644e+5,1.644e+5,
721.23,1.911e+5,1.911e+5,
721.28,2.201e+5,2.201e+5,
721.33,2.510e+5,2.510e+5,
721.38,2.835e+5,2.835e+5,
721.43,3.172e+5,3.172e+5,
721.48,3.515e+5,3.515e+5,
721.53,3.857e+5,3.857e+5,
721.58,4.193e+5,4.193e+5,
721.63,4.515e+5,4.515e+5,
721.68,4.814e+5,4.814e+5,
721.73,5.085e+5,5.085e+5,
721.78,5.320e+5,5.320e+5,
721.83,5.512e+5,5.512e+5,
721.88,5.657e+5,5.657e+5,
721.93,5.751e+5,5.751e+5,
721.98,5.791e+5,5.791e+5,
722.03,5.776e+5,5.776e+5,
722.08,5.706e+5,5.706e+5,
722.13,5.584e+5,5.584e+5,
722.18,5.415e+5,5.415e+5,
722.23,5.201e+5,5.201e+5,
722.28,4.952e+5,4.952e+5,
722.33,4.672e+5,4.672e+5,
722.38,4.371e+5,4.371e+5,
722.43,4.057e+5,4.057e+5,
722.48,3.738e+5,3.738e+5,
722.53,3.422e+5,3.422e+5,
722.58,3.117e+5,3.117e+5,
722.63,2.831e+5,2.831e+5,
722.68,2.570e+5,2.570e+5,
722.73,2.339e+5,2.339e+5,
722.78,2.145e+5,2.145e+5,
722.83,1.991e+5,1.991e+5,
722.88,1.880e+5,1.880e+5,
722.93,1.814e+5,1.814e+5,
722.98,1.795e+5,1.795e+5,
723.03,1.823e+5,1.823e+5,
723.08,1.898e+5,1.898e+5,
723.13,2.018e+5,2.018e+5,
723.18,2.181e+5,2.181e+5,
723.23,2.384e+5,2.384e+5,
723.28,2.623e+5,2.623e+5,
723.33,2.892e+5,2.892e+5,
723.38,3.187e+5,3.187e+5,
723.43,3.500e+5,3.500e+5,
723.48,3.823e+5,3.823e+5,
723.53,4.150e+5,4.150e+5,
723.58,4.471e+5,4.471e+5,
723.63,4.778e+5,4.778e+5,
723.68,5.063e+5,5.063e+5,
723.73,5.317e+5,5.317e+5,
723.78,5.534e+5,5.534e+5,
723.83,5.707e+5,5.707e+5,
723.88,5.831e+5,5.831e+5,
723.93,5.902e+5,5.902e+5,
723.98,5.917e+5,5.917e+5,
724.03,5.877e+5,5.877e+5,
724.08,5.782e+5,5.782e+5,
724.13,5.634e+5,5.634e+5,
724.18,5.439e+5,5.439e+5,
724.23,5.200e+5,5.200e+5,
724.28,4.925e+5,4.925e+5,
724.33,4.620e+5,4.620e+5,
724.38,4.293e+5,4.293e+5,
724.43,3.951e+5,3.951e+5,
724.48,3.601e+5,3.601e+5,
724.53,3.252e+5,3.252e+5,
724.58,2.909e+5,2.909e+5,
724.63,2.577e+5,2.577e+5,
724.68,2.261e+5,2.261e+5,
724.73,1.966e+5,1.966e+5,
724.78,1.693e+5,1.693e+5,
724.83,1.444e+5,1.444e+5,
724.88,1.221e+5,1.221e+5,
724.93,1.023e+5,1.023e+5,
724.98,8.495e+4,8.495e+4,
725.03,7.003e+4,7.003e+4,
725.08,5.738e+4,5.738e+4,
725.13,4.684e+4,4.684e+4,
725.18,3.825e+4,3.825e+4,
725.23,3.148e+4,3.148e+4,
725.28,2.638e+4,2.638e+4,
725.33,2.285e+4,2.285e+4,
725.38,2.083e+4,2.083e+4,
725.43,2.029e+4,2.029e+4,
725.48,2.123e+4,2.123e+4,
725.54,2.444e+4,2.444e+4,
725.59,2.898e+4,2.898e+4,
725.64,3.541e+4,3.541e+4,
725.69,4.396e+4,4.396e+4,
725.74,5.489e+4,5.489e+4,
725.79,6.851e+4,6.851e+4,
725.84,8.514e+4,8.514e+4,
725.89,1.051e+5,1.051e+5,
725.94,1.288e+5,1.288e+5,
725.99,1.565e+5,1.565e+5,
726.04,1.884e+5,1.884e+5,
726.09,2.248e+5,2.248e+5,
726.14,2.657e+5,2.657e+5,
726.19,3.111e+5,3.111e+5,
726.24,3.609e+5,3.609e+5,
726.29,4.147e+5,4.147e+5,
726.34,4.721e+5,4.721e+5,
726.39,5.324e+5,5.324e+5,
726.44,5.947e+5,5.947e+5,
726.49,6.580e+5,6.580e+5,
726.54,7.213e+5,7.213e+5,
726.59,7.831e+5,7.831e+5,
726.64,8.423e+5,8.423e+5,
726.69,8.974e+5,8.974e+5,
726.74,9.472e+5,9.472e+5,
726.79,9.902e+5,9.902e+5,
726.84,1.025e+6,1.025e+6,
726.89,1.052e+6,1.052e+6,
726.94,1.069e+6,1.069e+6,
726.99,1.076e+6,1.076e+6,
727.04,1.073e+6,1.073e+6,
727.09,1.060e+6,1.060e+6,
727.14,1.037e+6,1.037e+6,
727.19,1.005e+6,1.005e+6,
727.24,9.652e+5,9.652e+5,
727.29,9.180e+5,9.180e+5,
727.34,8.649e+5,8.649e+5,
727.39,8.072e+5,8.072e+5,
727.44,7.463e+5,7.463e+5,
727.49,6.834e+5,6.834e+5,
727.54,6.200e+5,6.200e+5,
727.59,5.571e+5,5.571e+5,
727.64,4.959e+5,4.959e+5,
727.69,4.373e+5,4.373e+5,
727.74,3.819e+5,3.819e+5,
727.79,3.305e+5,3.305e+5,
727.84,2.833e+5,2.833e+5,
727.89,2.405e+5,2.405e+5,
727.94,2.023e+5,2.023e+5,
727.99,1.685e+5,1.685e+5,
728.04,1.391e+5,1.391e+5,
728.09,1.137e+5,1.137e+5,
728.14,9.206e+4,9.206e+4,
728.19,7.385e+4,7.385e+4,
728.24,5.869e+4,5.869e+4,
728.29,4.619e+4,4.619e+4,
728.34,3.602e+4,3.602e+4,
728.39,2.782e+4,2.782e+4,
728.44,2.129e+4,2.129e+4,
728.49,1.613e+4,1.613e+4,
728.54,1.211e+4,1.211e+4,
728.59,9.008e+3,9.008e+3,
728.64,6.636e+3,6.636e+3,
728.69,4.843e+3,4.843e+3,
728.74,3.501e+3,3.501e+3,
728.79,2.507e+3,2.507e+3,
728.84,1.778e+3,1.778e+3,
728.89,1.250e+3,1.250e+3,
728.94,8.698e+2,8.698e+2,
728.99,5.998e+2,5.998e+2,
729.04,4.096e+2,4.096e+2,
729.09,2.772e+2,2.772e+2,
729.14,1.858e+2,1.858e+2,
729.19,1.233e+2,1.233e+2,
729.24,8.110e+1,8.110e+1,
729.29,5.283e+1,5.283e+1,
729.34,3.410e+1,3.410e+1,
729.39,2.180e+1,2.180e+1,
729.44,1.380e+1,1.380e+1,
729.49,8.657e+0,8.657e+0,
729.54,5.379e+0,5.379e+0,
729.59,3.311e+0,3.311e+0,
729.64,2.019e+0,2.019e+0,
729.69,1.219e+0,1.219e+0,
729.74,7.295e-1,7.295e-1,
729.79,4.323e-1,4.323e-1,
729.84,2.538e-1,2.538e-1,
729.89,1.476e-1,1.476e-1,
729.94,8.503e-2,8.503e-2,
729.99,4.852e-2,4.852e-2,
730.04,2.743e-2,2.743e-2,
730.09,1.536e-2,1.536e-2,
730.14,8.519e-3,8.519e-3,
730.19,4.681e-3,4.681e-3,
730.24,2.548e-3,2.548e-3,
730.29,1.374e-3,1.374e-3,
730.34,7.336e-4,7.336e-4,
730.39,3.882e-4,3.882e-4,
730.44,2.035e-4,2.035e-4,
730.49,1.058e-4,1.058e-4,
730.54,5.483e-5,5.483e-5,
730.59,2.877e-5,2.877e-5,
730.64,1.625e-5,1.625e-5,
730.69,1.167e-5,1.167e-5,
730.74,1.296e-5,1.296e-5,
730.79,2.080e-5,2.080e-5,
730.84,3.886e-5,3.886e-5,
730.89,7.542e-5,7.542e-5,
730.94,1.468e-4,1.468e-4,
730.99,2.840e-4,2.840e-4,
731.04,5.446e-4,5.446e-4,
731.09,1.035e-3,1.035e-3,
731.14,1.949e-3,1.949e-3,
731.19,3.637e-3,3.637e-3,
731.24,6.723e-3,6.723e-3,
731.29,1.231e-2,1.231e-2,
731.34,2.234e-2,2.234e-2,
731.39,4.017e-2,4.017e-2,
731.44,7.156e-2,7.156e-2,
731.49,1.263e-1,1.263e-1,
731.54,2.208e-1,2.208e-1,
731.59,3.826e-1,3.826e-1,
731.64,6.567e-1,6.567e-1,
731.69,1.117e+0,1.117e+0,
731.74,1.882e+0,1.882e+0,
731.79,3.141e+0,3.141e+0,
731.84,5.196e+0,5.196e+0,
731.89,8.515e+0,8.515e+0,
731.94,1.383e+1,1.383e+1,
731.99,2.224e+1,2.224e+1,
732.04,3.545e+1,3.545e+1,
732.09,5.598e+1,5.598e+1,
732.14,8.758e+1,8.758e+1,
732.19,1.358e+2,1.358e+2,
732.24,2.085e+2,2.085e+2,
732.29,3.173e+2,3.173e+2,
732.34,4.783e+2,4.783e+2,
732.39,7.145e+2,7.145e+2,
732.44,1.057e+3,1.057e+3,
732.49,1.550e+3,1.550e+3,
732.54,2.252e+3,2.252e+3,
732.59,3.242e+3,3.242e+3,
732.64,4.623e+3,4.623e+3,
732.69,6.533e+3,6.533e+3,
732.74,9.145e+3,9.145e+3,
732.79,1.268e+4,1.268e+4,
732.84,1.743e+4,1.743e+4,
732.89,2.373e+4,2.373e+4,
732.94,3.201e+4,3.201e+4,
732.99,4.278e+4,4.278e+4,
733.04,5.665e+4,5.665e+4,
733.09,7.433e+4,7.433e+4,
733.14,9.662e+4,9.662e+4,
733.19,1.244e+5,1.244e+5,
733.24,1.588e+5,1.588e+5,
733.29,2.007e+5,2.007e+5,
733.34,2.514e+5,2.514e+5,
733.39,3.120e+5,3.120e+5,
733.44,3.836e+5,3.836e+5,
733.49,4.674e+5,4.674e+5,
733.54,5.641e+5,5.641e+5,
733.59,6.746e+5,6.746e+5,
733.64,7.993e+5,7.993e+5,
733.69,9.382e+5,9.382e+5,
733.74,1.091e+6,1.091e+6,
733.79,1.257e+6,1.257e+6,
733.84,1.436e+6,1.436e+6,
733.89,1.624e+6,1.624e+6,
733.94,1.820e+6,1.820e+6,
733.99,2.021e+6,2.021e+6,
734.04,2.223e+6,2.223e+6,
734.09,2.423e+6,2.423e+6,
734.14,2.617e+6,2.617e+6,
734.19,2.800e+6,2.800e+6,
734.24,2.969e+6,2.969e+6,
734.29,3.118e+6,3.118e+6,
734.34,3.245e+6,3.245e+6,
734.39,3.346e+6,3.346e+6,
734.44,3.418e+6,3.418e+6,
734.49,3.459e+6,3.459e+6,
734.54,3.469e+6,3.469e+6,
734.59,3.446e+6,3.446e+6,
734.64,3.393e+6,3.393e+6,
734.69,3.309e+6,3.309e+6,
734.74,3.197e+6,3.197e+6,
734.79,3.061e+6,3.061e+6,
734.84,2.903e+6,2.903e+6,
734.89,2.729e+6,2.729e+6,
734.94,2.541e+6,2.541e+6,
734.99,2.344e+6,2.344e+6,
735.04,2.142e+6,2.142e+6,
735.09,1.940e+6,1.940e+6,
735.14,1.741e+6,1.741e+6,
735.19,1.548e+6,1.548e+6,
735.24,1.363e+6,1.363e+6,
735.29,1.189e+6,1.189e+6,
735.34,1.028e+6,1.028e+6,
735.39,8.809e+5,8.809e+5,
735.44,7.477e+5,7.477e+5,
735.49,6.287e+5,6.287e+5,
735.54,5.238e+5,5.238e+5,
735.59,4.324e+5,4.324e+5,
735.64,3.537e+5,3.537e+5,
735.69,2.867e+5,2.867e+5,
735.74,2.303e+5,2.303e+5,
735.79,1.834e+5,1.834e+5,
735.84,1.449e+5,1.449e+5,
735.89,1.136e+5,1.136e+5,
735.94,8.858e+4,8.858e+4,
735.99,6.890e+4,6.890e+4,
736.04,5.376e+4,5.376e+4,
736.09,4.250e+4,4.250e+4,
736.14,3.455e+4,3.455e+4,
736.19,2.953e+4,2.953e+4,
736.24,2.714e+4,2.714e+4,
736.29,2.724e+4,2.724e+4,
736.34,2.982e+4,2.982e+4,
736.39,3.499e+4,3.499e+4,
736.44,4.300e+4,4.300e+4,
736.49,5.419e+4,5.419e+4,
736.54,6.907e+4,6.907e+4,
736.59,8.822e+4,8.822e+4,
736.64,1.123e+5,1.123e+5,
736.69,1.422e+5,1.422e+5,
736.74,1.787e+5,1.787e+5,
736.79,2.227e+5,2.227e+5,
736.84,2.752e+5,2.752e+5,
736.89,3.370e+5,3.370e+5,
736.94,4.090e+5,4.090e+5,
736.99,4.918e+5,4.918e+5,
737.04,5.860e+5,5.860e+5,
737.09,6.920e+5,6.920e+5,
737.14,8.096e+5,8.096e+5,
737.19,9.386e+5,9.386e+5,
737.24,1.078e+6,1.078e+6,
737.29,1.227e+6,1.227e+6,
737.34,1.384e+6,1.384e+6,
737.39,1.547e+6,1.547e+6,
737.44,1.713e+6,1.713e+6,
737.49,1.879e+6,1.879e+6,
737.54,2.043e+6,2.043e+6,
737.59,2.200e+6,2.200e+6,
737.64,2.349e+6,2.349e+6,
737.69,2.484e+6,2.484e+6,
737.74,2.603e+6,2.603e+6,
737.79,2.703e+6,2.703e+6,
737.84,2.781e+6,2.781e+6,
737.89,2.835e+6,2.835e+6,
737.94,2.864e+6,2.864e+6,
737.99,2.866e+6,2.866e+6,
738.04,2.843e+6,2.843e+6,
738.09,2.794e+6,2.794e+6,
738.14,2.720e+6,2.720e+6,
738.19,2.624e+6,2.624e+6,
738.24,2.509e+6,2.509e+6,
738.29,2.377e+6,2.377e+6,
738.34,2.231e+6,2.231e+6,
738.39,2.075e+6,2.075e+6,
738.44,1.912e+6,1.912e+6,
738.49,1.746e+6,1.746e+6,
738.54,1.580e+6,1.580e+6,
738.59,1.416e+6,1.416e+6,
738.64,1.258e+6,1.258e+6,
738.69,1.107e+6,1.107e+6,
738.74,9.657e+5,9.657e+5,
738.79,8.345e+5,8.345e+5,
738.84,7.146e+5,7.146e+5,
738.89,6.063e+5,6.063e+5,
738.94,5.097e+5,5.097e+5,
738.99,4.246e+5,4.246e+5,
739.04,3.504e+5,3.504e+5,
739.09,2.866e+5,2.866e+5,
739.14,2.323e+5,2.323e+5,
739.19,1.865e+5,1.865e+5,
739.24,1.484e+5,1.484e+5,
739.29,1.170e+5,1.170e+5,
739.34,9.139e+4,9.139e+4,
739.39,7.073e+4,7.073e+4,
739.44,5.425e+4,5.425e+4,
739.49,4.123e+4,4.123e+4,
739.54,3.104e+4,3.104e+4,
739.59,2.316e+4,2.316e+4,
739.64,1.712e+4,1.712e+4,
739.69,1.254e+4,1.254e+4,
739.74,9.105e+3,9.105e+3,
739.79,6.548e+3,6.548e+3,
739.84,4.666e+3,4.666e+3,
739.89,3.295e+3,3.295e+3,
739.94,2.305e+3,2.305e+3,
739.99,1.598e+3,1.598e+3,
740.04,1.098e+3,1.098e+3,
740.09,7.473e+2,7.473e+2,
740.14,5.040e+2,5.040e+2,
740.19,3.368e+2,3.368e+2,
740.24,2.230e+2,2.230e+2,
740.29,1.463e+2,1.463e+2,
740.34,9.514e+1,9.514e+1,
740.39,6.129e+1,6.129e+1,
740.44,3.912e+1,3.912e+1,
740.49,2.474e+1,2.474e+1,
740.54,1.550e+1,1.550e+1,
740.59,9.628e+0,9.628e+0,
740.64,5.924e+0,5.924e+0,
740.69,3.611e+0,3.611e+0,
740.74,2.182e+0,2.182e+0,
740.79,1.306e+0,1.306e+0,
740.84,7.745e-1,7.745e-1,
740.89,4.551e-1,4.551e-1,
740.94,2.650e-1,2.650e-1,
740.99,1.529e-1,1.529e-1,
741.04,8.742e-2,8.742e-2,
741.09,4.952e-2,4.952e-2,
741.14,2.780e-2,2.780e-2,
741.19,1.546e-2,1.546e-2,
741.24,8.520e-3,8.520e-3,
741.29,4.652e-3,4.652e-3,
741.34,2.517e-3,2.517e-3,
741.39,1.349e-3,1.349e-3,
741.44,7.169e-4,7.169e-4,
741.49,3.773e-4,3.773e-4,
741.54,1.968e-4,1.968e-4,
741.59,1.017e-4,1.017e-4,
741.64,5.208e-5,5.208e-5,
741.69,2.642e-5,2.642e-5,
741.74,1.328e-5,1.328e-5,
741.79,6.618e-6,6.618e-6,
741.84,3.267e-6,3.267e-6,
741.89,1.599e-6,1.599e-6,
741.94,7.766e-7,7.766e-7,
741.99,3.769e-7,3.769e-7,
742.04,1.880e-7,1.880e-7,
742.09,1.072e-7,1.072e-7,
742.14,8.946e-8,8.946e-8,
742.19,1.241e-7,1.241e-7,
742.24,2.292e-7,2.292e-7,
742.29,4.597e-7,4.597e-7,
742.34,9.341e-7,9.341e-7,
742.39,1.891e-6,1.891e-6,
742.44,3.796e-6,3.796e-6,
742.49,7.558e-6,7.558e-6,
742.54,1.491e-5,1.491e-5,
742.59,2.916e-5,2.916e-5,
742.64,5.651e-5,5.651e-5,
742.69,1.085e-4,1.085e-4,
742.74,2.066e-4,2.066e-4,
742.79,3.897e-4,3.897e-4,
742.84,7.286e-4,7.286e-4,
742.89,1.350e-3,1.350e-3,
742.94,2.479e-3,2.479e-3,
742.99,4.511e-3,4.511e-3,
743.04,8.137e-3,8.137e-3,
743.09,1.454e-2,1.454e-2,
743.14,2.577e-2,2.577e-2,
743.19,4.524e-2,4.524e-2,
743.24,7.871e-2,7.871e-2,
743.29,1.357e-1,1.357e-1,
743.34,2.320e-1,2.320e-1,
743.39,3.929e-1,3.929e-1,
743.44,6.596e-1,6.596e-1,
743.49,1.097e+0,1.097e+0,
743.54,1.809e+0,1.809e+0,
743.59,2.956e+0,2.956e+0,
743.64,4.787e+0,4.787e+0,
743.69,7.684e+0,7.684e+0,
743.74,1.222e+1,1.222e+1,
743.79,1.927e+1,1.927e+1,
743.84,3.010e+1,3.010e+1,
743.89,4.661e+1,4.661e+1,
743.94,7.152e+1,7.152e+1,
743.99,1.088e+2,1.088e+2,
744.04,1.639e+2,1.639e+2,
744.09,2.449e+2,2.449e+2,
744.14,3.625e+2,3.625e+2,
744.19,5.318e+2,5.318e+2,
744.24,7.733e+2,7.733e+2,
744.29,1.114e+3,1.114e+3,
744.34,1.591e+3,1.591e+3,
744.39,2.253e+3,2.253e+3,
744.44,3.160e+3,3.160e+3,
744.49,4.393e+3,4.393e+3,
744.54,6.053e+3,6.053e+3,
744.59,8.265e+3,8.265e+3,
744.64,1.118e+4,1.118e+4,
744.69,1.500e+4,1.500e+4,
744.74,1.994e+4,1.994e+4,
744.79,2.627e+4,2.627e+4,
744.84,3.429e+4,3.429e+4,
744.89,4.437e+4,4.437e+4,
744.94,5.689e+4,5.689e+4,
744.99,7.230e+4,7.230e+4,
745.04,9.107e+4,9.107e+4,
745.09,1.137e+5,1.137e+5,
745.14,1.406e+5,1.406e+5,
745.19,1.724e+5,1.724e+5,
745.24,2.095e+5,2.095e+5,
745.29,2.523e+5,2.523e+5,
745.34,3.011e+5,3.011e+5,
745.39,3.561e+5,3.561e+5,
745.44,4.174e+5,4.174e+5,
745.49,4.849e+5,4.849e+5,
745.54,5.583e+5,5.583e+5,
745.59,6.371e+5,6.371e+5,
745.64,7.205e+5,7.205e+5,
745.69,8.075e+5,8.075e+5,
745.74,8.969e+5,8.969e+5,
745.79,9.874e+5,9.874e+5,
745.84,1.077e+6,1.077e+6,
745.89,1.165e+6,1.165e+6,
745.94,1.248e+6,1.248e+6,
745.99,1.325e+6,1.325e+6,
746.04,1.395e+6,1.395e+6,
746.09,1.455e+6,1.455e+6,
746.14,1.504e+6,1.504e+6,
746.19,1.541e+6,1.541e+6,
746.24,1.565e+6,1.565e+6,
746.29,1.575e+6,1.575e+6,
746.34,1.570e+6,1.570e+6,
746.39,1.552e+6,1.552e+6,
746.44,1.521e+6,1.521e+6,
746.49,1.476e+6,1.476e+6,
746.54,1.420e+6,1.420e+6,
746.59,1.354e+6,1.354e+6,
746.64,1.280e+6,1.280e+6,
746.69,1.199e+6,1.199e+6,
746.74,1.113e+6,1.113e+6,
746.79,1.023e+6,1.023e+6,
746.84,9.331e+5,9.331e+5,
746.89,8.431e+5,8.431e+5,
746.94,7.549e+5,7.549e+5,
746.99,6.700e+5,6.700e+5,
747.04,5.892e+5,5.892e+5,
747.09,5.136e+5,5.136e+5,
747.14,4.437e+5,4.437e+5,
747.19,3.799e+5,3.799e+5,
747.24,3.223e+5,3.223e+5,
747.29,2.711e+5,2.711e+5,
747.34,2.259e+5,2.259e+5,
747.39,1.866e+5,1.866e+5,
747.44,1.528e+5,1.528e+5,
747.49,1.239e+5,1.239e+5,
747.54,9.968e+4,9.968e+4,
747.59,7.947e+4,7.947e+4,
747.64,6.282e+4,6.282e+4,
747.69,4.926e+4,4.926e+4,
747.74,3.835e+4,3.835e+4,
747.79,2.969e+4,2.969e+4,
747.84,2.292e+4,2.292e+4,
747.89,1.773e+4,1.773e+4,
747.94,1.387e+4,1.387e+4,
747.99,1.114e+4,1.114e+4,
748.04,9.371e+3,9.371e+3,
748.09,8.462e+3,8.462e+3,
748.14,8.349e+3,8.349e+3,
748.19,9.012e+3,9.012e+3,
748.24,1.048e+4,1.048e+4,
748.29,1.281e+4,1.281e+4,
748.34,1.612e+4,1.612e+4,
748.39,2.054e+4,2.054e+4,
748.44,2.628e+4,2.628e+4,
748.49,3.354e+4,3.354e+4,
748.54,4.258e+4,4.258e+4,
748.59,5.369e+4,5.369e+4,
748.64,6.716e+4,6.716e+4,
748.69,8.331e+4,8.331e+4,
748.74,1.025e+5,1.025e+5,
748.79,1.249e+5,1.249e+5,
748.84,1.509e+5,1.509e+5,
748.89,1.808e+5,1.808e+5,
748.94,2.146e+5,2.146e+5,
748.99,2.525e+5,2.525e+5,
749.04,2.945e+5,2.945e+5,
749.09,3.405e+5,3.405e+5,
749.14,3.901e+5,3.901e+5,
749.19,4.430e+5,4.430e+5,
749.24,4.986e+5,4.986e+5,
749.29,5.562e+5,5.562e+5,
749.34,6.150e+5,6.150e+5,
749.39,6.740e+5,6.740e+5,
749.44,7.321e+5,7.321e+5,
749.49,7.882e+5,7.882e+5,
749.54,8.410e+5,8.410e+5,
749.59,8.895e+5,8.895e+5,
749.64,9.324e+5,9.324e+5,
749.69,9.687e+5,9.687e+5,
749.74,9.976e+5,9.976e+5,
749.79,1.018e+6,1.018e+6,
749.84,1.030e+6,1.030e+6,
749.89,1.033e+6,1.033e+6,
749.94,1.026e+6,1.026e+6,
749.99,1.011e+6,1.011e+6,
750.04,9.870e+5,9.870e+5,
750.09,9.550e+5,9.550e+5,
750.14,9.159e+5,9.159e+5,
750.19,8.707e+5,8.707e+5,
750.24,8.203e+5,8.203e+5,
750.29,7.660e+5,7.660e+5,
750.34,7.090e+5,7.090e+5,
750.39,6.504e+5,6.504e+5,
750.44,5.914e+5,5.914e+5,
750.49,5.330e+5,5.330e+5,
750.54,4.761e+5,4.761e+5,
750.59,4.215e+5,4.215e+5,
750.64,3.698e+5,3.698e+5,
750.69,3.216e+5,3.216e+5,
750.74,2.772e+5,2.772e+5,
750.79,2.369e+5,2.369e+5,
750.84,2.006e+5,2.006e+5,
750.89,1.684e+5,1.684e+5,
750.94,1.401e+5,1.401e+5,
750.99,1.155e+5,1.155e+5,
751.04,9.437e+4,9.437e+4,
751.09,7.644e+4,7.644e+4,
751.14,6.137e+4,6.137e+4,
751.19,4.883e+4,4.883e+4,
751.24,3.851e+4,3.851e+4,
751.29,3.010e+4,3.010e+4,
751.34,2.332e+4,2.332e+4,
751.39,1.791e+4,1.791e+4,
751.44,1.363e+4,1.363e+4,
751.49,1.028e+4,1.028e+4,
751.54,7.689e+3,7.689e+3,
751.59,5.698e+3,5.698e+3,
751.64,4.185e+3,4.185e+3,
751.69,3.047e+3,3.047e+3,
751.74,2.199e+3,2.199e+3,
751.79,1.572e+3,1.572e+3,
751.84,1.115e+3,1.115e+3,
751.89,7.830e+2,7.830e+2,
751.94,5.453e+2,5.453e+2,
751.99,3.763e+2,3.763e+2,
752.04,2.575e+2,2.575e+2,
752.09,1.746e+2,1.746e+2,
752.14,1.173e+2,1.173e+2,
752.19,7.814e+1,7.814e+1,
752.24,5.158e+1,5.158e+1,
752.29,3.375e+1,3.375e+1,
752.34,2.189e+1,2.189e+1,
752.39,1.407e+1,1.407e+1,
752.44,8.965e+0,8.965e+0,
752.49,5.661e+0,5.661e+0,
752.54,3.543e+0,3.543e+0,
752.59,2.198e+0,2.198e+0,
752.64,1.351e+0,1.351e+0,
752.69,8.235e-1,8.235e-1,
752.74,4.974e-1,4.974e-1,
752.79,2.978e-1,2.978e-1,
752.84,1.767e-1,1.767e-1,
752.89,1.039e-1,1.039e-1,
752.94,6.057e-2,6.057e-2,
752.99,3.500e-2,3.500e-2,
753.04,2.004e-2,2.004e-2,
753.09,1.137e-2,1.137e-2,
753.14,6.398e-3,6.398e-3,
753.19,3.567e-3,3.567e-3,
753.24,1.971e-3,1.971e-3,
753.29,1.080e-3,1.080e-3,
753.34,5.862e-4,5.862e-4,
753.39,3.154e-4,3.154e-4,
753.44,1.682e-4,1.682e-4,
753.49,8.892e-5,8.892e-5,
753.54,4.659e-5,4.659e-5,
753.59,2.419e-5,2.419e-5,
753.64,1.245e-5,1.245e-5,
753.69,6.351e-6,6.351e-6,
753.74,3.211e-6,3.211e-6,
753.79,1.609e-6,1.609e-6,
753.84,7.993e-7,7.993e-7,
753.89,3.935e-7,3.935e-7,
753.94,1.920e-7,1.920e-7,
753.99,9.285e-8,9.285e-8,
754.04,4.451e-8,4.451e-8,
754.09,2.115e-8,2.115e-8,
754.14,9.957e-9,9.957e-9,
754.19,4.647e-9,4.647e-9,
754.24,2.150e-9,2.150e-9,
754.29,9.857e-10,9.857e-10,
754.34,4.479e-10,4.479e-10,
754.39,2.017e-10,2.017e-10,
761.85,1.884e-10,1.884e-10,
761.9,4.091e-10,4.091e-10,
761.95,8.808e-10,8.808e-10,
762,1.880e-9,1.880e-9,
762.05,3.980e-9,3.980e-9,
762.1,8.354e-9,8.354e-9,
762.15,1.739e-8,1.739e-8,
762.2,3.587e-8,3.587e-8,
762.25,7.339e-8,7.339e-8,
762.3,1.489e-7,1.489e-7,
762.35,2.995e-7,2.995e-7,
762.4,5.972e-7,5.972e-7,
762.45,1.181e-6,1.181e-6,
762.5,2.315e-6,2.315e-6,
762.55,4.501e-6,4.501e-6,
762.6,8.677e-6,8.677e-6,
762.65,1.658e-5,1.658e-5,
762.7,3.143e-5,3.143e-5,
762.75,5.905e-5,5.905e-5,
762.8,1.100e-4,1.100e-4,
762.85,2.032e-4,2.032e-4,
762.9,3.722e-4,3.722e-4,
762.95,6.760e-4,6.760e-4,
763,1.217e-3,1.217e-3,
763.05,2.173e-3,2.173e-3,
763.1,3.847e-3,3.847e-3,
763.15,6.753e-3,6.753e-3,
763.2,1.175e-2,1.175e-2,
763.25,2.028e-2,2.028e-2,
763.3,3.470e-2,3.470e-2,
763.35,5.887e-2,5.887e-2,
763.4,9.903e-2,9.903e-2,
763.45,1.652e-1,1.652e-1,
763.5,2.732e-1,2.732e-1,
763.55,4.479e-1,4.479e-1,
763.6,7.282e-1,7.282e-1,
763.65,1.174e+0,1.174e+0,
763.7,1.876e+0,1.876e+0,
763.75,2.974e+0,2.974e+0,
763.8,4.673e+0,4.673e+0,
763.85,7.281e+0,7.281e+0,
763.9,1.125e+1,1.125e+1,
763.95,1.723e+1,1.723e+1,
764,2.617e+1,2.617e+1,
764.05,3.941e+1,3.941e+1,
764.1,5.885e+1,5.885e+1,
764.15,8.713e+1,8.713e+1,
764.2,1.279e+2,1.279e+2,
764.25,1.862e+2,1.862e+2,
764.3,2.687e+2,2.687e+2,
764.35,3.844e+2,3.844e+2,
764.4,5.455e+2,5.455e+2,
764.45,7.674e+2,7.674e+2,
764.5,1.070e+3,1.070e+3,
764.55,1.480e+3,1.480e+3,
764.6,2.030e+3,2.030e+3,
764.65,2.760e+3,2.760e+3,
764.7,3.722e+3,3.722e+3,
764.75,4.975e+3,4.975e+3,
764.8,6.594e+3,6.594e+3,
764.85,8.666e+3,8.666e+3,
764.9,1.129e+4,1.129e+4,
764.95,1.459e+4,1.459e+4,
765,1.869e+4,1.869e+4,
765.05,2.374e+4,2.374e+4,
765.1,2.990e+4,2.990e+4,
765.15,3.734e+4,3.734e+4,
765.2,4.623e+4,4.623e+4,
765.25,5.676e+4,5.676e+4,
765.3,6.909e+4,6.909e+4,
765.35,8.339e+4,8.339e+4,
765.4,9.979e+4,9.979e+4,
765.45,1.184e+5,1.184e+5,
765.5,1.393e+5,1.393e+5,
765.55,1.625e+5,1.625e+5,
765.6,1.880e+5,1.880e+5,
765.65,2.156e+5,2.156e+5,
765.7,2.452e+5,2.452e+5,
765.75,2.764e+5,2.764e+5,
765.8,3.090e+5,3.090e+5,
765.85,3.426e+5,3.426e+5,
765.9,3.765e+5,3.765e+5,
765.95,4.103e+5,4.103e+5,
766,4.434e+5,4.434e+5,
766.05,4.750e+5,4.750e+5,
766.1,5.046e+5,5.046e+5,
766.15,5.315e+5,5.315e+5,
766.2,5.551e+5,5.551e+5,
766.25,5.748e+5,5.748e+5,
766.3,5.901e+5,5.901e+5,
766.35,6.008e+5,6.008e+5,
766.4,6.064e+5,6.064e+5,
766.45,6.070e+5,6.070e+5,
766.5,6.023e+5,6.023e+5,
766.55,5.927e+5,5.927e+5,
766.6,5.782e+5,5.782e+5,
766.65,5.593e+5,5.593e+5,
766.7,5.365e+5,5.365e+5,
766.75,5.102e+5,5.102e+5,
766.8,4.811e+5,4.811e+5,
766.85,4.498e+5,4.498e+5,
766.9,4.170e+5,4.170e+5,
766.95,3.833e+5,3.833e+5,
767,3.493e+5,3.493e+5,
767.05,3.157e+5,3.157e+5,
767.1,2.829e+5,2.829e+5,
767.15,2.513e+5,2.513e+5,
767.2,2.214e+5,2.214e+5,
767.25,1.933e+5,1.933e+5,
767.3,1.674e+5,1.674e+5,
767.35,1.438e+5,1.438e+5,
767.4,1.224e+5,1.224e+5,
767.45,1.033e+5,1.033e+5,
767.5,8.650e+4,8.650e+4,
767.55,7.179e+4,7.179e+4,
767.6,5.907e+4,5.907e+4,
767.65,4.820e+4,4.820e+4,
767.7,3.899e+4,3.899e+4,
767.75,3.128e+4,3.128e+4,
767.8,2.488e+4,2.488e+4,
767.85,1.962e+4,1.962e+4,
767.9,1.534e+4,1.534e+4,
767.95,1.189e+4,1.189e+4,
768,9.143e+3,9.143e+3,
768.05,6.969e+3,6.969e+3,
768.1,5.267e+3,5.267e+3,
768.15,3.947e+3,3.947e+3,
768.2,2.932e+3,2.932e+3,
768.25,2.160e+3,2.160e+3,
768.3,1.578e+3,1.578e+3,
768.35,1.143e+3,1.143e+3,
768.4,8.207e+2,8.207e+2,
768.45,5.844e+2,5.844e+2,
768.5,4.126e+2,4.126e+2,
768.55,2.888e+2,2.888e+2,
768.6,2.005e+2,2.005e+2,
768.65,1.380e+2,1.380e+2,
768.7,9.414e+1,9.414e+1,
768.75,6.370e+1,6.370e+1,
768.8,4.273e+1,4.273e+1,
768.85,2.842e+1,2.842e+1,
768.9,1.875e+1,1.875e+1,
768.95,1.226e+1,1.226e+1,
769,7.948e+0,7.948e+0,
769.05,5.110e+0,5.110e+0,
769.1,3.257e+0,3.257e+0,
769.15,2.059e+0,2.059e+0,
769.2,1.290e+0,1.290e+0,
769.25,8.018e-1,8.018e-1,
769.3,4.940e-1,4.940e-1,
769.35,3.018e-1,3.018e-1,
769.4,1.828e-1,1.828e-1,
769.45,1.098e-1,1.098e-1,
769.5,6.537e-2,6.537e-2,
769.55,3.860e-2,3.860e-2,
769.6,2.260e-2,2.260e-2,
769.65,1.312e-2,1.312e-2,
769.7,7.549e-3,7.549e-3,
769.75,4.308e-3,4.308e-3,
769.8,2.438e-3,2.438e-3,
769.85,1.368e-3,1.368e-3,
769.9,7.609e-4,7.609e-4,
769.95,4.197e-4,4.197e-4,
770,2.295e-4,2.295e-4,
770.05,1.245e-4,1.245e-4,
770.1,6.692e-5,6.692e-5,
770.15,3.568e-5,3.568e-5,
770.2,1.886e-5,1.886e-5,
770.25,9.884e-6,9.884e-6,
770.3,5.136e-6,5.136e-6,
770.35,2.647e-6,2.647e-6,
770.4,1.352e-6,1.352e-6,
770.45,6.849e-7,6.849e-7,
770.5,3.440e-7,3.440e-7,
770.55,1.713e-7,1.713e-7,
770.6,8.460e-8,8.460e-8,
770.65,4.142e-8,4.142e-8,
770.7,2.011e-8,2.011e-8,
770.75,9.680e-9,9.680e-9,
770.8,4.620e-9,4.620e-9,
770.85,2.186e-9,2.186e-9,
770.9,1.026e-9,1.026e-9,
770.95,4.772e-10,4.772e-10,
771,2.201e-10,2.201e-10,
771.05,1.007e-10,1.007e-10,
793.31,6.611e-11,6.611e-11,
793.36,1.399e-10,1.399e-10,
793.41,2.938e-10,2.938e-10,
793.46,6.120e-10,6.120e-10,
793.51,1.265e-9,1.265e-9,
793.56,2.594e-9,2.594e-9,
793.61,5.278e-9,5.278e-9,
793.66,1.066e-8,1.066e-8,
793.71,2.134e-8,2.134e-8,
793.76,4.242e-8,4.242e-8,
793.81,8.365e-8,8.365e-8,
793.86,1.637e-7,1.637e-7,
793.91,3.177e-7,3.177e-7,
793.96,6.118e-7,6.118e-7,
794.01,1.169e-6,1.169e-6,
794.06,2.217e-6,2.217e-6,
794.11,4.170e-6,4.170e-6,
794.16,7.783e-6,7.783e-6,
794.21,1.441e-5,1.441e-5,
794.26,2.648e-5,2.648e-5,
794.31,4.828e-5,4.828e-5,
794.36,8.732e-5,8.732e-5,
794.41,1.567e-4,1.567e-4,
794.46,2.790e-4,2.790e-4,
794.51,4.930e-4,4.930e-4,
794.56,8.641e-4,8.641e-4,
794.61,1.503e-3,1.503e-3,
794.66,2.593e-3,2.593e-3,
794.71,4.439e-3,4.439e-3,
794.76,7.541e-3,7.541e-3,
794.81,1.271e-2,1.271e-2,
794.86,2.125e-2,2.125e-2,
794.91,3.526e-2,3.526e-2,
794.96,5.805e-2,5.805e-2,
795.01,9.481e-2,9.481e-2,
795.06,1.536e-1,1.536e-1,
795.11,2.470e-1,2.470e-1,
795.16,3.941e-1,3.941e-1,
795.21,6.237e-1,6.237e-1,
795.26,9.795e-1,9.795e-1,
795.31,1.526e+0,1.526e+0,
795.36,2.360e+0,2.360e+0,
795.41,3.619e+0,3.619e+0,
795.46,5.508e+0,5.508e+0,
795.51,8.317e+0,8.317e+0,
795.56,1.246e+1,1.246e+1,
795.61,1.852e+1,1.852e+1,
795.66,2.732e+1,2.732e+1,
795.71,3.997e+1,3.997e+1,
795.76,5.804e+1,5.804e+1,
795.81,8.360e+1,8.360e+1,
795.86,1.195e+2,1.195e+2,
795.91,1.694e+2,1.694e+2,
795.96,2.384e+2,2.384e+2,
796.01,3.328e+2,3.328e+2,
796.06,4.610e+2,4.610e+2,
796.11,6.335e+2,6.335e+2,
796.16,8.638e+2,8.638e+2,
796.21,1.169e+3,1.169e+3,
796.26,1.568e+3,1.568e+3,
796.31,2.089e+3,2.089e+3,
796.36,2.760e+3,2.760e+3,
796.41,3.619e+3,3.619e+3,
796.46,4.707e+3,4.707e+3,
796.51,6.075e+3,6.075e+3,
796.56,7.779e+3,7.779e+3,
796.61,9.883e+3,9.883e+3,
796.66,1.246e+4,1.246e+4,
796.71,1.558e+4,1.558e+4,
796.76,1.934e+4,1.934e+4,
796.81,2.381e+4,2.381e+4,
796.86,2.908e+4,2.908e+4,
796.91,3.525e+4,3.525e+4,
796.96,4.239e+4,4.239e+4,
797.01,5.058e+4,5.058e+4,
797.06,5.988e+4,5.988e+4,
797.11,7.033e+4,7.033e+4,
797.16,8.196e+4,8.196e+4,
797.21,9.477e+4,9.477e+4,
797.26,1.087e+5,1.087e+5,
797.31,1.238e+5,1.238e+5,
797.36,1.398e+5,1.398e+5,
797.41,1.566e+5,1.566e+5,
797.46,1.741e+5,1.741e+5,
797.51,1.921e+5,1.921e+5,
797.56,2.102e+5,2.102e+5,
797.61,2.283e+5,2.283e+5,
797.66,2.460e+5,2.460e+5,
797.71,2.629e+5,2.629e+5,
797.76,2.789e+5,2.789e+5,
797.81,2.935e+5,2.935e+5,
797.86,3.064e+5,3.064e+5,
797.91,3.174e+5,3.174e+5,
797.96,3.263e+5,3.263e+5,
798.01,3.327e+5,3.327e+5,
798.06,3.367e+5,3.367e+5,
798.11,3.380e+5,3.380e+5,
798.16,3.367e+5,3.367e+5,
798.21,3.327e+5,3.327e+5,
798.26,3.263e+5,3.263e+5,
798.31,3.174e+5,3.174e+5,
798.36,3.064e+5,3.064e+5,
798.41,2.935e+5,2.935e+5,
798.46,2.789e+5,2.789e+5,
798.51,2.629e+5,2.629e+5,
798.56,2.460e+5,2.460e+5,
798.61,2.283e+5,2.283e+5,
798.66,2.102e+5,2.102e+5,
798.71,1.921e+5,1.921e+5,
798.76,1.741e+5,1.741e+5,
798.81,1.566e+5,1.566e+5,
798.86,1.398e+5,1.398e+5,
798.91,1.238e+5,1.238e+5,
798.96,1.087e+5,1.087e+5,
799.01,9.477e+4,9.477e+4,
799.06,8.196e+4,8.196e+4,
799.11,7.033e+4,7.033e+4,
799.16,5.988e+4,5.988e+4,
799.21,5.058e+4,5.058e+4,
799.26,4.239e+4,4.239e+4,
799.31,3.525e+4,3.525e+4,
799.36,2.908e+4,2.908e+4,
799.41,2.381e+4,2.381e+4,
799.46,1.934e+4,1.934e+4,
799.51,1.558e+4,1.558e+4,
799.56,1.246e+4,1.246e+4,
799.61,9.883e+3,9.883e+3,
799.66,7.779e+3,7.779e+3,
799.71,6.075e+3,6.075e+3,
799.76,4.707e+3,4.707e+3,
799.81,3.619e+3,3.619e+3,
799.86,2.760e+3,2.760e+3,
799.91,2.089e+3,2.089e+3,
799.96,1.568e+3,1.568e+3,
800.01,1.169e+3,1.169e+3,
800.06,8.638e+2,8.638e+2,
800.11,6.335e+2,6.335e+2,
800.16,4.610e+2,4.610e+2,
800.21,3.328e+2,3.328e+2,
800.26,2.384e+2,2.384e+2,
800.31,1.694e+2,1.694e+2,
800.36,1.195e+2,1.195e+2,
800.41,8.360e+1,8.360e+1,
800.46,5.804e+1,5.804e+1,
800.51,3.997e+1,3.997e+1,
800.56,2.732e+1,2.732e+1,
800.61,1.852e+1,1.852e+1,
800.66,1.246e+1,1.246e+1,
800.71,8.317e+0,8.317e+0,
800.76,5.508e+0,5.508e+0,
800.81,3.619e+0,3.619e+0,
800.86,2.360e+0,2.360e+0,
800.91,1.526e+0,1.526e+0,
800.96,9.795e-1,9.795e-1,
801.01,6.237e-1,6.237e-1,
801.06,3.941e-1,3.941e-1,
801.11,2.470e-1,2.470e-1,
801.16,1.537e-1,1.537e-1,
801.21,9.484e-2,9.484e-2,
801.26,5.811e-2,5.811e-2,
801.31,3.538e-2,3.538e-2,
801.36,2.146e-2,2.146e-2,
801.41,1.308e-2,1.308e-2,
801.46,8.199e-3,8.199e-3,
801.51,5.596e-3,5.596e-3,
801.56,4.609e-3,4.609e-3,
801.61,4.992e-3,4.992e-3,
801.66,6.856e-3,6.856e-3,
801.71,1.070e-2,1.070e-2,
801.76,1.754e-2,1.754e-2,
801.81,2.912e-2,2.912e-2,
801.86,4.832e-2,4.832e-2,
801.91,7.974e-2,7.974e-2,
801.96,1.307e-1,1.307e-1,
802.01,2.126e-1,2.126e-1,
802.06,3.432e-1,3.432e-1,
802.11,5.498e-1,5.498e-1,
802.16,8.740e-1,8.740e-1,
802.21,1.379e+0,1.379e+0,
802.26,2.158e+0,2.158e+0,
802.31,3.353e+0,3.353e+0,
802.36,5.168e+0,5.168e+0,
802.41,7.904e+0,7.904e+0,
802.46,1.200e+1,1.200e+1,
802.51,1.807e+1,1.807e+1,
802.56,2.701e+1,2.701e+1,
802.61,4.005e+1,4.005e+1,
802.66,5.895e+1,5.895e+1,
802.71,8.609e+1,8.609e+1,
802.76,1.248e+2,1.248e+2,
802.81,1.794e+2,1.794e+2,
802.86,2.560e+2,2.560e+2,
802.91,3.625e+2,3.625e+2,
802.96,5.094e+2,5.094e+2,
803.01,7.103e+2,7.103e+2,
803.06,9.828e+2,9.828e+2,
803.11,1.349e+3,1.349e+3,
803.16,1.839e+3,1.839e+3,
803.21,2.486e+3,2.486e+3,
803.26,3.335e+3,3.335e+3,
803.31,4.440e+3,4.440e+3,
803.36,5.865e+3,5.865e+3,
803.41,7.689e+3,7.689e+3,
803.46,1.000e+4,1.000e+4,
803.51,1.291e+4,1.291e+4,
803.56,1.654e+4,1.654e+4,
803.61,2.102e+4,2.102e+4,
803.66,2.651e+4,2.651e+4,
803.71,3.319e+4,3.319e+4,
803.76,4.122e+4,4.122e+4,
803.81,5.080e+4,5.080e+4,
803.86,6.213e+4,6.213e+4,
803.91,7.540e+4,7.540e+4,
803.96,9.080e+4,9.080e+4,
804.01,1.085e+5,1.085e+5,
804.06,1.287e+5,1.287e+5,
804.11,1.514e+5,1.514e+5,
804.16,1.768e+5,1.768e+5,
804.21,2.049e+5,2.049e+5,
804.26,2.356e+5,2.356e+5,
804.31,2.688e+5,2.688e+5,
804.36,3.043e+5,3.043e+5,
804.41,3.419e+5,3.419e+5,
804.46,3.812e+5,3.812e+5,
804.51,4.217e+5,4.217e+5,
804.56,4.630e+5,4.630e+5,
804.61,5.044e+5,5.044e+5,
804.66,5.452e+5,5.452e+5,
804.71,5.849e+5,5.849e+5,
804.76,6.226e+5,6.226e+5,
804.81,6.576e+5,6.576e+5,
804.86,6.893e+5,6.893e+5,
804.91,7.170e+5,7.170e+5,
804.96,7.400e+5,7.400e+5,
805.01,7.579e+5,7.579e+5,
805.06,7.703e+5,7.703e+5,
805.11,7.769e+5,7.769e+5,
805.16,7.775e+5,7.775e+5,
805.21,7.721e+5,7.721e+5,
805.26,7.609e+5,7.609e+5,
805.31,7.440e+5,7.440e+5,
805.36,7.220e+5,7.220e+5,
805.41,6.952e+5,6.952e+5,
805.46,6.643e+5,6.643e+5,
805.51,6.298e+5,6.298e+5,
805.56,5.926e+5,5.926e+5,
805.61,5.533e+5,5.533e+5,
805.66,5.126e+5,5.126e+5,
805.71,4.713e+5,4.713e+5,
805.76,4.300e+5,4.300e+5,
805.81,3.893e+5,3.893e+5,
805.86,3.497e+5,3.497e+5,
805.91,3.118e+5,3.118e+5,
805.96,2.758e+5,2.758e+5,
806.01,2.421e+5,2.421e+5,
806.06,2.110e+5,2.110e+5,
806.11,1.825e+5,1.825e+5,
806.16,1.566e+5,1.566e+5,
806.21,1.335e+5,1.335e+5,
806.26,1.131e+5,1.131e+5,
806.31,9.514e+4,9.514e+4,
806.36,7.967e+4,7.967e+4,
806.41,6.651e+4,6.651e+4,
806.46,5.550e+4,5.550e+4,
806.51,4.651e+4,4.651e+4,
806.56,3.940e+4,3.940e+4,
806.61,3.407e+4,3.407e+4,
806.66,3.042e+4,3.042e+4,
806.71,2.841e+4,2.841e+4,
806.76,2.802e+4,2.802e+4,
806.81,2.928e+4,2.928e+4,
806.86,3.226e+4,3.226e+4,
806.91,3.706e+4,3.706e+4,
806.96,4.386e+4,4.386e+4,
807.01,5.285e+4,5.285e+4,
807.06,6.427e+4,6.427e+4,
807.11,7.840e+4,7.840e+4,
807.16,9.555e+4,9.555e+4,
807.21,1.160e+5,1.160e+5,
807.26,1.402e+5,1.402e+5,
807.31,1.684e+5,1.684e+5,
807.36,2.009e+5,2.009e+5,
807.41,2.380e+5,2.380e+5,
807.46,2.799e+5,2.799e+5,
807.51,3.268e+5,3.268e+5,
807.56,3.787e+5,3.787e+5,
807.61,4.356e+5,4.356e+5,
807.66,4.974e+5,4.974e+5,
807.71,5.637e+5,5.637e+5,
807.76,6.340e+5,6.340e+5,
807.81,7.078e+5,7.078e+5,
807.86,7.842e+5,7.842e+5,
807.91,8.624e+5,8.624e+5,
807.96,9.413e+5,9.413e+5,
808.01,1.020e+6,1.020e+6,
808.06,1.096e+6,1.096e+6,
808.11,1.170e+6,1.170e+6,
808.16,1.239e+6,1.239e+6,
808.21,1.303e+6,1.303e+6,
808.26,1.360e+6,1.360e+6,
808.31,1.408e+6,1.408e+6,
808.36,1.447e+6,1.447e+6,
808.41,1.476e+6,1.476e+6,
808.46,1.495e+6,1.495e+6,
808.51,1.502e+6,1.502e+6,
808.56,1.499e+6,1.499e+6,
808.61,1.484e+6,1.484e+6,
808.66,1.458e+6,1.458e+6,
808.71,1.422e+6,1.422e+6,
808.76,1.376e+6,1.376e+6,
808.81,1.322e+6,1.322e+6,
808.86,1.261e+6,1.261e+6,
808.91,1.193e+6,1.193e+6,
808.96,1.121e+6,1.121e+6,
809.01,1.045e+6,1.045e+6,
809.06,9.672e+5,9.672e+5,
809.11,8.884e+5,8.884e+5,
809.16,8.099e+5,8.099e+5,
809.21,7.328e+5,7.328e+5,
809.26,6.581e+5,6.581e+5,
809.31,5.866e+5,5.866e+5,
809.36,5.189e+5,5.189e+5,
809.41,4.557e+5,4.557e+5,
809.46,3.971e+5,3.971e+5,
809.51,3.435e+5,3.435e+5,
809.56,2.949e+5,2.949e+5,
809.61,2.513e+5,2.513e+5,
809.66,2.125e+5,2.125e+5,
809.71,1.784e+5,1.784e+5,
809.76,1.487e+5,1.487e+5,
809.81,1.229e+5,1.229e+5,
809.86,1.009e+5,1.009e+5,
809.91,8.219e+4,8.219e+4,
809.96,6.646e+4,6.646e+4,
810.01,5.333e+4,5.333e+4,
810.06,4.248e+4,4.248e+4,
810.11,3.358e+4,3.358e+4,
810.16,2.635e+4,2.635e+4,
810.21,2.052e+4,2.052e+4,
810.26,1.586e+4,1.586e+4,
810.31,1.217e+4,1.217e+4,
810.36,9.264e+3,9.264e+3,
810.41,7.001e+3,7.001e+3,
810.46,5.251e+3,5.251e+3,
810.51,3.909e+3,3.909e+3,
810.56,2.889e+3,2.889e+3,
810.61,2.118e+3,2.118e+3,
810.66,1.542e+3,1.542e+3,
810.71,1.114e+3,1.114e+3,
810.76,7.986e+2,7.986e+2,
810.81,5.683e+2,5.683e+2,
810.86,4.014e+2,4.014e+2,
810.91,2.814e+2,2.814e+2,
810.96,1.958e+2,1.958e+2,
811.01,1.352e+2,1.352e+2,
811.06,9.266e+1,9.266e+1,
811.11,6.303e+1,6.303e+1,
811.16,4.255e+1,4.255e+1,
811.21,2.851e+1,2.851e+1,
811.26,1.896e+1,1.896e+1,
811.31,1.252e+1,1.252e+1,
811.36,8.199e+0,8.199e+0,
811.41,5.331e+0,5.331e+0,
811.46,3.440e+0,3.440e+0,
811.51,2.203e+0,2.203e+0,
811.56,1.400e+0,1.400e+0,
811.61,8.834e-1,8.834e-1,
811.66,5.531e-1,5.531e-1,
811.71,3.437e-1,3.437e-1,
811.76,2.120e-1,2.120e-1,
811.81,1.298e-1,1.298e-1,
811.86,7.883e-2,7.883e-2,
811.91,4.753e-2,4.753e-2,
811.96,2.844e-2,2.844e-2,
812.01,1.689e-2,1.689e-2,
812.06,9.957e-3,9.957e-3,
812.11,5.825e-3,5.825e-3,
812.16,3.382e-3,3.382e-3,
812.21,1.949e-3,1.949e-3,
812.26,1.115e-3,1.115e-3,
812.31,6.326e-4,6.326e-4,
812.36,3.563e-4,3.563e-4,
812.41,1.992e-4,1.992e-4,
812.46,1.105e-4,1.105e-4,
812.51,6.087e-5,6.087e-5,
812.56,3.327e-5,3.327e-5,
812.61,1.804e-5,1.804e-5,
812.66,9.713e-6,9.713e-6,
812.71,5.189e-6,5.189e-6,
812.76,2.752e-6,2.752e-6,
812.81,1.448e-6,1.448e-6,
812.86,7.562e-7,7.562e-7,
812.91,3.919e-7,3.919e-7,
812.96,2.016e-7,2.016e-7,
813.01,1.029e-7,1.029e-7,
813.06,5.215e-8,5.215e-8,
813.11,2.622e-8,2.622e-8,
813.16,1.309e-8,1.309e-8,
813.21,6.481e-9,6.481e-9,
813.26,3.186e-9,3.186e-9,
813.31,1.554e-9,1.554e-9,
813.36,6.693e-10,6.693e-10,
813.41,3.224e-10,3.224e-10,
813.46,1.542e-10,1.542e-10,
815.41,1.240e-11,1.240e-11,
815.46,2.567e-11,2.567e-11,
815.51,5.273e-11,5.273e-11,
815.56,1.075e-10,1.075e-10,
815.61,2.176e-10,2.176e-10,
815.66,4.373e-10,4.373e-10,
815.71,8.720e-10,8.720e-10,
815.76,1.726e-9,1.726e-9,
815.81,3.391e-9,3.391e-9,
815.86,6.614e-9,6.614e-9,
815.91,1.280e-8,1.280e-8,
815.96,2.460e-8,2.460e-8,
816.01,4.692e-8,4.692e-8,
816.06,8.883e-8,8.883e-8,
816.11,1.669e-7,1.669e-7,
816.16,3.113e-7,3.113e-7,
816.21,5.764e-7,5.764e-7,
816.26,1.059e-6,1.059e-6,
816.31,1.932e-6,1.932e-6,
816.36,3.499e-6,3.499e-6,
816.41,6.288e-6,6.288e-6,
816.46,1.122e-5,1.122e-5,
816.51,1.986e-5,1.986e-5,
816.56,3.491e-5,3.491e-5,
816.61,6.090e-5,6.090e-5,
816.66,1.055e-4,1.055e-4,
816.71,1.813e-4,1.813e-4,
816.76,3.092e-4,3.092e-4,
816.81,5.237e-4,5.237e-4,
816.86,8.803e-4,8.803e-4,
816.91,1.469e-3,1.469e-3,
816.96,2.433e-3,2.433e-3,
817.01,3.999e-3,3.999e-3,
817.06,6.525e-3,6.525e-3,
817.11,1.057e-2,1.057e-2,
817.16,1.699e-2,1.699e-2,
817.21,2.711e-2,2.711e-2,
817.26,4.294e-2,4.294e-2,
817.31,6.752e-2,6.752e-2,
817.36,1.054e-1,1.054e-1,
817.41,1.632e-1,1.632e-1,
817.46,2.510e-1,2.510e-1,
817.51,3.830e-1,3.830e-1,
817.56,5.802e-1,5.802e-1,
817.61,8.724e-1,8.724e-1,
817.66,1.302e+0,1.302e+0,
817.71,1.929e+0,1.929e+0,
817.76,2.837e+0,2.837e+0,
817.81,4.141e+0,4.141e+0,
817.86,5.999e+0,5.999e+0,
817.91,8.627e+0,8.627e+0,
817.96,1.232e+1,1.232e+1,
818.01,1.745e+1,1.745e+1,
818.06,2.454e+1,2.454e+1,
818.11,3.426e+1,3.426e+1,
818.17,5.063e+1,5.063e+1,
818.22,6.953e+1,6.953e+1,
818.27,9.478e+1,9.478e+1,
818.32,1.282e+2,1.282e+2,
818.37,1.723e+2,1.723e+2,
818.42,2.296e+2,2.296e+2,
818.47,3.039e+2,3.039e+2,
818.52,3.991e+2,3.991e+2,
818.57,5.204e+2,5.204e+2,
818.62,6.734e+2,6.734e+2,
818.67,8.650e+2,8.650e+2,
818.72,1.103e+3,1.103e+3,
818.77,1.396e+3,1.396e+3,
818.82,1.753e+3,1.753e+3,
818.87,2.186e+3,2.186e+3,
818.92,2.706e+3,2.706e+3,
818.97,3.324e+3,3.324e+3,
819.02,4.054e+3,4.054e+3,
819.07,4.907e+3,4.907e+3,
819.12,5.895e+3,5.895e+3,
819.17,7.031e+3,7.031e+3,
819.22,8.322e+3,8.322e+3,
819.27,9.778e+3,9.778e+3,
819.32,1.140e+4,1.140e+4,
819.37,1.320e+4,1.320e+4,
819.42,1.517e+4,1.517e+4,
819.47,1.730e+4,1.730e+4,
819.52,1.959e+4,1.959e+4,
819.57,2.201e+4,2.201e+4,
819.62,2.455e+4,2.455e+4,
819.67,2.718e+4,2.718e+4,
819.72,2.987e+4,2.987e+4,
819.77,3.258e+4,3.258e+4,
819.82,3.528e+4,3.528e+4,
819.87,3.792e+4,3.792e+4,
819.92,4.045e+4,4.045e+4,
819.97,4.283e+4,4.283e+4,
820.02,4.502e+4,4.502e+4,
820.07,4.696e+4,4.696e+4,
820.12,4.863e+4,4.863e+4,
820.17,4.999e+4,4.999e+4,
820.22,5.100e+4,5.100e+4,
820.27,5.165e+4,5.165e+4,
820.32,5.192e+4,5.192e+4,
820.37,5.180e+4,5.180e+4,
820.42,5.130e+4,5.130e+4,
820.47,5.044e+4,5.044e+4,
820.52,4.921e+4,4.921e+4,
820.57,4.767e+4,4.767e+4,
820.62,4.583e+4,4.583e+4,
820.67,4.373e+4,4.373e+4,
820.72,4.142e+4,4.142e+4,
820.77,3.894e+4,3.894e+4,
820.82,3.634e+4,3.634e+4,
820.87,3.367e+4,3.367e+4,
820.92,3.096e+4,3.096e+4,
820.97,2.825e+4,2.825e+4,
821.02,2.559e+4,2.559e+4,
821.07,2.301e+4,2.301e+4,
821.12,2.054e+4,2.054e+4,
821.17,1.820e+4,1.820e+4,
821.22,1.600e+4,1.600e+4,
821.27,1.397e+4,1.397e+4,
821.32,1.210e+4,1.210e+4,
821.37,1.041e+4,1.041e+4,
821.42,8.884e+3,8.884e+3,
821.47,7.528e+3,7.528e+3,
821.52,6.331e+3,6.331e+3,
821.57,5.285e+3,5.285e+3,
821.62,4.380e+3,4.380e+3,
821.67,3.602e+3,3.602e+3,
821.72,2.941e+3,2.941e+3,
821.77,2.383e+3,2.383e+3,
821.82,1.917e+3,1.917e+3,
821.87,1.531e+3,1.531e+3,
821.92,1.213e+3,1.213e+3,
821.97,9.542e+2,9.542e+2,
822.02,7.450e+2,7.450e+2,
822.07,5.774e+2,5.774e+2,
822.12,4.442e+2,4.442e+2,
822.17,3.392e+2,3.392e+2,
822.22,2.571e+2,2.571e+2,
822.27,1.934e+2,1.934e+2,
822.32,1.444e+2,1.444e+2,
822.37,1.071e+2,1.071e+2,
822.42,7.877e+1,7.877e+1,
822.47,5.753e+1,5.753e+1,
822.52,4.170e+1,4.170e+1,
822.57,3.001e+1,3.001e+1,
822.62,2.143e+1,2.143e+1,
822.67,1.519e+1,1.519e+1,
822.72,1.069e+1,1.069e+1,
822.77,7.467e+0,7.467e+0,
822.82,5.177e+0,5.177e+0,
822.87,3.563e+0,3.563e+0,
822.92,2.433e+0,2.433e+0,
822.97,1.650e+0,1.650e+0,
823.02,1.110e+0,1.110e+0,
823.07,7.418e-1,7.418e-1,
823.12,4.918e-1,4.918e-1,
823.17,3.237e-1,3.237e-1,
823.22,2.115e-1,2.115e-1,
823.27,1.371e-1,1.371e-1,
823.32,8.826e-2,8.826e-2,
823.37,5.639e-2,5.639e-2,
823.42,3.576e-2,3.576e-2,
823.47,2.251e-2,2.251e-2,
823.52,1.406e-2,1.406e-2,
823.57,8.722e-3,8.722e-3,
823.62,5.369e-3,5.369e-3,
823.67,3.281e-3,3.281e-3,
823.72,1.990e-3,1.990e-3,
823.77,1.198e-3,1.198e-3,
823.82,7.158e-4,7.158e-4,
823.87,4.246e-4,4.246e-4,
823.92,2.500e-4,2.500e-4,
823.97,1.461e-4,1.461e-4,
824.02,8.473e-5,8.473e-5,
824.07,4.879e-5,4.879e-5,
824.12,2.788e-5,2.788e-5,
824.17,1.582e-5,1.582e-5,
824.22,8.906e-6,8.906e-6,
824.27,4.978e-6,4.978e-6,
824.32,2.762e-6,2.762e-6,
824.37,1.521e-6,1.521e-6,
824.42,8.312e-7,8.312e-7,
824.47,4.509e-7,4.509e-7,
824.52,2.428e-7,2.428e-7,
824.57,1.298e-7,1.298e-7,
824.62,6.888e-8,6.888e-8,
824.67,3.627e-8,3.627e-8,
824.72,1.896e-8,1.896e-8,
824.77,9.839e-9,9.839e-9,
824.82,5.068e-9,5.068e-9,
824.87,2.591e-9,2.591e-9,
824.92,1.315e-9,1.315e-9,
824.97,6.622e-10,6.622e-10,
825.02,3.311e-10,3.311e-10,
825.07,1.643e-10,1.643e-10,
825.12,8.093e-11,8.093e-11,
825.17,3.957e-11,3.957e-11,
825.22,1.920e-11,1.920e-11,
825.27,9.251e-12,9.251e-12,
826.62,5.932e-11,5.932e-11,
826.67,1.216e-10,1.216e-10,
826.72,2.476e-10,2.476e-10,
826.77,5.002e-10,5.002e-10,
826.82,1.004e-9,1.004e-9,
826.87,1.999e-9,1.999e-9,
826.92,3.953e-9,3.953e-9,
826.97,7.760e-9,7.760e-9,
827.02,1.512e-8,1.512e-8,
827.07,2.926e-8,2.926e-8,
827.12,5.622e-8,5.622e-8,
827.17,1.072e-7,1.072e-7,
827.22,2.030e-7,2.030e-7,
827.27,3.816e-7,3.816e-7,
827.32,7.122e-7,7.122e-7,
827.37,1.320e-6,1.320e-6,
827.42,2.427e-6,2.427e-6,
827.47,4.433e-6,4.433e-6,
827.52,8.037e-6,8.037e-6,
827.57,1.447e-5,1.447e-5,
827.62,2.585e-5,2.585e-5,
827.67,4.587e-5,4.587e-5,
827.72,8.080e-5,8.080e-5,
827.77,1.413e-4,1.413e-4,
827.82,2.453e-4,2.453e-4,
827.87,4.228e-4,4.228e-4,
827.92,7.235e-4,7.235e-4,
827.97,1.229e-3,1.229e-3,
828.02,2.073e-3,2.073e-3,
828.07,3.471e-3,3.471e-3,
828.12,5.770e-3,5.770e-3,
828.17,9.524e-3,9.524e-3,
828.22,1.560e-2,1.560e-2,
828.27,2.538e-2,2.538e-2,
828.32,4.100e-2,4.100e-2,
828.37,6.573e-2,6.573e-2,
828.42,1.046e-1,1.046e-1,
828.47,1.654e-1,1.654e-1,
828.52,2.595e-1,2.595e-1,
828.57,4.041e-1,4.041e-1,
828.62,6.250e-1,6.250e-1,
828.67,9.596e-1,9.596e-1,
828.72,1.463e+0,1.463e+0,
828.77,2.213e+0,2.213e+0,
828.82,3.325e+0,3.325e+0,
828.87,4.960e+0,4.960e+0,
828.92,7.345e+0,7.345e+0,
828.97,1.080e+1,1.080e+1,
829.02,1.576e+1,1.576e+1,
829.07,2.284e+1,2.284e+1,
829.12,3.285e+1,3.285e+1,
829.17,4.692e+1,4.692e+1,
829.22,6.653e+1,6.653e+1,
829.27,9.366e+1,9.366e+1,
829.32,1.309e+2,1.309e+2,
829.37,1.816e+2,1.816e+2,
829.42,2.502e+2,2.502e+2,
829.47,3.421e+2,3.421e+2,
829.52,4.645e+2,4.645e+2,
829.57,6.262e+2,6.262e+2,
829.62,8.380e+2,8.380e+2,
829.67,1.113e+3,1.113e+3,
829.72,1.469e+3,1.469e+3,
829.77,1.923e+3,1.923e+3,
829.82,2.500e+3,2.500e+3,
829.87,3.227e+3,3.227e+3,
829.92,4.136e+3,4.136e+3,
829.97,5.261e+3,5.261e+3,
830.02,6.645e+3,6.645e+3,
830.07,8.333e+3,8.333e+3,
830.12,1.037e+4,1.037e+4,
830.17,1.282e+4,1.282e+4,
830.22,1.573e+4,1.573e+4,
830.27,1.917e+4,1.917e+4,
830.32,2.318e+4,2.318e+4,
830.37,2.783e+4,2.783e+4,
830.42,3.318e+4,3.318e+4,
830.47,3.927e+4,3.927e+4,
830.52,4.613e+4,4.613e+4,
830.57,5.382e+4,5.382e+4,
830.62,6.232e+4,6.232e+4,
830.67,7.166e+4,7.166e+4,
830.72,8.179e+4,8.179e+4,
830.77,9.269e+4,9.269e+4,
830.82,1.043e+5,1.043e+5,
830.87,1.165e+5,1.165e+5,
830.92,1.292e+5,1.292e+5,
830.97,1.422e+5,1.422e+5,
831.02,1.554e+5,1.554e+5,
831.07,1.687e+5,1.687e+5,
831.12,1.817e+5,1.817e+5,
831.17,1.943e+5,1.943e+5,
831.22,2.064e+5,2.064e+5,
831.27,2.175e+5,2.175e+5,
831.32,2.277e+5,2.277e+5,
831.37,2.366e+5,2.366e+5,
831.42,2.440e+5,2.440e+5,
831.47,2.499e+5,2.499e+5,
831.52,2.541e+5,2.541e+5,
831.57,2.565e+5,2.565e+5,
831.62,2.571e+5,2.571e+5,
831.67,2.558e+5,2.558e+5,
831.72,2.527e+5,2.527e+5,
831.77,2.478e+5,2.478e+5,
831.82,2.412e+5,2.412e+5,
831.87,2.332e+5,2.332e+5,
831.92,2.238e+5,2.238e+5,
831.97,2.132e+5,2.132e+5,
832.02,2.016e+5,2.016e+5,
832.07,1.893e+5,1.893e+5,
832.12,1.765e+5,1.765e+5,
832.17,1.634e+5,1.634e+5,
832.22,1.501e+5,1.501e+5,
832.27,1.370e+5,1.370e+5,
832.32,1.240e+5,1.240e+5,
832.37,1.115e+5,1.115e+5,
832.42,9.957e+4,9.957e+4,
832.47,8.824e+4,8.824e+4,
832.52,7.764e+4,7.764e+4,
832.57,6.782e+4,6.782e+4,
832.62,5.882e+4,5.882e+4,
832.67,5.064e+4,5.064e+4,
832.72,4.329e+4,4.329e+4,
832.77,3.674e+4,3.674e+4,
832.82,3.095e+4,3.095e+4,
832.87,2.589e+4,2.589e+4,
832.92,2.150e+4,2.150e+4,
832.97,1.773e+4,1.773e+4,
833.02,1.451e+4,1.451e+4,
833.07,1.179e+4,1.179e+4,
833.12,9.512e+3,9.512e+3,
833.17,7.619e+3,7.619e+3,
833.22,6.058e+3,6.058e+3,
833.27,4.783e+3,4.783e+3,
833.32,3.748e+3,3.748e+3,
833.37,2.917e+3,2.917e+3,
833.42,2.253e+3,2.253e+3,
833.47,1.728e+3,1.728e+3,
833.52,1.316e+3,1.316e+3,
833.57,9.946e+2,9.946e+2,
833.62,7.465e+2,7.465e+2,
833.67,5.562e+2,5.562e+2,
833.72,4.114e+2,4.114e+2,
833.77,3.021e+2,3.021e+2,
833.82,2.203e+2,2.203e+2,
833.87,1.595e+2,1.595e+2,
833.92,1.146e+2,1.146e+2,
833.97,8.175e+1,8.175e+1,
834.02,5.791e+1,5.791e+1,
834.07,4.072e+1,4.072e+1,
834.12,2.843e+1,2.843e+1,
834.17,1.970e+1,1.970e+1,
834.22,1.356e+1,1.356e+1,
834.27,9.263e+0,9.263e+0,
834.32,6.283e+0,6.283e+0,
834.37,4.230e+0,4.230e+0,
834.42,2.828e+0,2.828e+0,
834.47,1.877e+0,1.877e+0,
834.52,1.237e+0,1.237e+0,
834.57,8.090e-1,8.090e-1,
834.62,5.254e-1,5.254e-1,
834.67,3.388e-1,3.388e-1,
834.72,2.169e-1,2.169e-1,
834.77,1.378e-1,1.378e-1,
834.82,8.696e-2,8.696e-2,
834.87,5.447e-2,5.447e-2,
834.92,3.387e-2,3.387e-2,
834.97,2.091e-2,2.091e-2,
835.02,1.282e-2,1.282e-2,
835.07,7.801e-3,7.801e-3,
835.12,4.713e-3,4.713e-3,
835.17,2.827e-3,2.827e-3,
835.22,1.683e-3,1.683e-3,
835.27,9.951e-4,9.951e-4,
835.32,5.841e-4,5.841e-4,
835.37,3.403e-4,3.403e-4,
835.42,1.969e-4,1.969e-4,
835.47,1.131e-4,1.131e-4,
835.52,6.448e-5,6.448e-5,
835.57,3.650e-5,3.650e-5,
835.62,2.051e-5,2.051e-5,
835.67,1.145e-5,1.145e-5,
835.72,6.341e-6,6.341e-6,
835.77,3.487e-6,3.487e-6,
835.82,1.904e-6,1.904e-6,
835.87,1.032e-6,1.032e-6,
835.92,5.554e-7,5.554e-7,
835.97,2.967e-7,2.967e-7,
836.02,1.574e-7,1.574e-7,
836.07,8.289e-8,8.289e-8,
836.12,4.333e-8,4.333e-8,
836.17,2.249e-8,2.249e-8,
836.22,1.159e-8,1.159e-8,
836.27,5.930e-9,5.930e-9,
836.32,3.012e-9,3.012e-9,
836.37,1.519e-9,1.519e-9,
836.42,7.603e-10,7.603e-10,
836.47,3.779e-10,3.779e-10,
836.52,1.865e-10,1.865e-10,
836.57,9.134e-11,9.134e-11,
836.62,4.442e-11,4.442e-11,
845.62,5.044e-11,5.044e-11,
845.67,1.020e-10,1.020e-10,
845.72,2.048e-10,2.048e-10,
845.77,4.083e-10,4.083e-10,
845.82,8.086e-10,8.086e-10,
845.87,1.590e-9,1.590e-9,
845.92,3.106e-9,3.106e-9,
845.97,6.024e-9,6.024e-9,
846.02,1.160e-8,1.160e-8,
846.07,2.220e-8,2.220e-8,
846.12,4.218e-8,4.218e-8,
846.17,7.958e-8,7.958e-8,
846.22,1.491e-7,1.491e-7,
846.27,2.775e-7,2.775e-7,
846.32,5.129e-7,5.129e-7,
846.37,9.413e-7,9.413e-7,
846.42,1.716e-6,1.716e-6,
846.47,3.106e-6,3.106e-6,
846.52,5.583e-6,5.583e-6,
846.57,9.968e-6,9.968e-6,
846.62,1.767e-5,1.767e-5,
846.67,3.112e-5,3.112e-5,
846.72,5.442e-5,5.442e-5,
846.77,9.452e-5,9.452e-5,
846.82,1.630e-4,1.630e-4,
846.87,2.792e-4,2.792e-4,
846.92,4.750e-4,4.750e-4,
846.97,8.024e-4,8.024e-4,
847.02,1.346e-3,1.346e-3,
847.07,2.243e-3,2.243e-3,
847.12,3.712e-3,3.712e-3,
847.17,6.100e-3,6.100e-3,
847.22,9.955e-3,9.955e-3,
847.27,1.613e-2,1.613e-2,
847.32,2.597e-2,2.597e-2,
847.37,4.151e-2,4.151e-2,
847.42,6.590e-2,6.590e-2,
847.47,1.039e-1,1.039e-1,
847.52,1.627e-1,1.627e-1,
847.57,2.530e-1,2.530e-1,
847.62,3.906e-1,3.906e-1,
847.67,5.991e-1,5.991e-1,
847.72,9.125e-1,9.125e-1,
847.77,1.380e+0,1.380e+0,
847.82,2.073e+0,2.073e+0,
847.87,3.093e+0,3.093e+0,
847.92,4.582e+0,4.582e+0,
847.97,6.742e+0,6.742e+0,
848.02,9.852e+0,9.852e+0,
848.07,1.430e+1,1.430e+1,
848.12,2.060e+1,2.060e+1,
848.17,2.949e+1,2.949e+1,
848.22,4.192e+1,4.192e+1,
848.27,5.917e+1,5.917e+1,
848.32,8.295e+1,8.295e+1,
848.37,1.155e+2,1.155e+2,
848.42,1.597e+2,1.597e+2,
848.47,2.193e+2,2.193e+2,
848.52,2.990e+2,2.990e+2,
848.57,4.049e+2,4.049e+2,
848.62,5.446e+2,5.446e+2,
848.67,7.275e+2,7.275e+2,
848.72,9.650e+2,9.650e+2,
848.77,1.271e+3,1.271e+3,
848.82,1.663e+3,1.663e+3,
848.87,2.161e+3,2.161e+3,
848.92,2.788e+3,2.788e+3,
848.97,3.573e+3,3.573e+3,
849.02,4.548e+3,4.548e+3,
849.08,6.018e+3,6.018e+3,
849.13,7.544e+3,7.544e+3,
849.18,9.391e+3,9.391e+3,
849.23,1.161e+4,1.161e+4,
849.28,1.425e+4,1.425e+4,
849.33,1.738e+4,1.738e+4,
849.38,2.104e+4,2.104e+4,
849.43,2.531e+4,2.531e+4,
849.48,3.022e+4,3.022e+4,
849.53,3.585e+4,3.585e+4,
849.58,4.222e+4,4.222e+4,
849.63,4.939e+4,4.939e+4,
849.68,5.738e+4,5.738e+4,
849.73,6.620e+4,6.620e+4,
849.78,7.586e+4,7.586e+4,
849.83,8.632e+4,8.632e+4,
849.88,9.754e+4,9.754e+4,
849.93,1.095e+5,1.095e+5,
849.98,1.220e+5,1.220e+5,
850.03,1.351e+5,1.351e+5,
850.08,1.485e+5,1.485e+5,
850.13,1.621e+5,1.621e+5,
850.18,1.757e+5,1.757e+5,
850.23,1.892e+5,1.892e+5,
850.28,2.023e+5,2.023e+5,
850.33,2.148e+5,2.148e+5,
850.38,2.266e+5,2.266e+5,
850.43,2.373e+5,2.373e+5,
850.48,2.469e+5,2.469e+5,
850.53,2.550e+5,2.550e+5,
850.58,2.616e+5,2.616e+5,
850.63,2.665e+5,2.665e+5,
850.68,2.697e+5,2.697e+5,
850.73,2.710e+5,2.710e+5,
850.78,2.704e+5,2.704e+5,
850.83,2.680e+5,2.680e+5,
850.88,2.638e+5,2.638e+5,
850.93,2.578e+5,2.578e+5,
850.98,2.503e+5,2.503e+5,
851.03,2.413e+5,2.413e+5,
851.08,2.310e+5,2.310e+5,
851.13,2.197e+5,2.197e+5,
851.18,2.074e+5,2.074e+5,
851.23,1.945e+5,1.945e+5,
851.28,1.811e+5,1.811e+5,
851.33,1.675e+5,1.675e+5,
851.38,1.539e+5,1.539e+5,
851.43,1.404e+5,1.404e+5,
851.48,1.272e+5,1.272e+5,
851.53,1.144e+5,1.144e+5,
851.58,1.023e+5,1.023e+5,
851.63,9.075e+4,9.075e+4,
851.68,7.999e+4,7.999e+4,
851.73,7.004e+4,7.004e+4,
851.78,6.091e+4,6.091e+4,
851.83,5.263e+4,5.263e+4,
851.88,4.519e+4,4.519e+4,
851.93,3.858e+4,3.858e+4,
851.98,3.277e+4,3.277e+4,
852.03,2.772e+4,2.772e+4,
852.08,2.340e+4,2.340e+4,
852.13,1.977e+4,1.977e+4,
852.18,1.678e+4,1.678e+4,
852.23,1.441e+4,1.441e+4,
852.28,1.262e+4,1.262e+4,
852.33,1.140e+4,1.140e+4,
852.38,1.075e+4,1.075e+4,
852.43,1.066e+4,1.066e+4,
852.48,1.116e+4,1.116e+4,
852.53,1.229e+4,1.229e+4,
852.58,1.410e+4,1.410e+4,
852.63,1.665e+4,1.665e+4,
852.68,2.004e+4,2.004e+4,
852.73,2.438e+4,2.438e+4,
852.78,2.977e+4,2.977e+4,
852.83,3.637e+4,3.637e+4,
852.88,4.433e+4,4.433e+4,
852.93,5.381e+4,5.381e+4,
852.98,6.497e+4,6.497e+4,
853.03,7.799e+4,7.799e+4,
853.08,9.304e+4,9.304e+4,
853.13,1.103e+5,1.103e+5,
853.18,1.298e+5,1.298e+5,
853.23,1.519e+5,1.519e+5,
853.28,1.764e+5,1.764e+5,
853.33,2.036e+5,2.036e+5,
853.38,2.333e+5,2.333e+5,
853.43,2.655e+5,2.655e+5,
853.48,3.001e+5,3.001e+5,
853.53,3.370e+5,3.370e+5,
853.58,3.758e+5,3.758e+5,
853.63,4.161e+5,4.161e+5,
853.68,4.577e+5,4.577e+5,
853.73,5.000e+5,5.000e+5,
853.78,5.424e+5,5.424e+5,
853.83,5.845e+5,5.845e+5,
853.88,6.255e+5,6.255e+5,
853.93,6.648e+5,6.648e+5,
853.98,7.018e+5,7.018e+5,
854.03,7.358e+5,7.358e+5,
854.08,7.661e+5,7.661e+5,
854.13,7.923e+5,7.923e+5,
854.18,8.137e+5,8.137e+5,
854.23,8.300e+5,8.300e+5,
854.28,8.409e+5,8.409e+5,
854.33,8.461e+5,8.461e+5,
854.38,8.455e+5,8.455e+5,
854.43,8.392e+5,8.392e+5,
854.48,8.272e+5,8.272e+5,
854.53,8.098e+5,8.098e+5,
854.58,7.874e+5,7.874e+5,
854.63,7.604e+5,7.604e+5,
854.68,7.292e+5,7.292e+5,
854.73,6.946e+5,6.946e+5,
854.78,6.571e+5,6.571e+5,
854.83,6.174e+5,6.174e+5,
854.88,5.761e+5,5.761e+5,
854.93,5.340e+5,5.340e+5,
854.98,4.915e+5,4.915e+5,
855.03,4.493e+5,4.493e+5,
855.08,4.079e+5,4.079e+5,
855.13,3.679e+5,3.679e+5,
855.18,3.294e+5,3.294e+5,
855.23,2.930e+5,2.930e+5,
855.28,2.589e+5,2.589e+5,
855.33,2.271e+5,2.271e+5,
855.38,1.979e+5,1.979e+5,
855.43,1.713e+5,1.713e+5,
855.48,1.472e+5,1.472e+5,
855.53,1.257e+5,1.257e+5,
855.58,1.065e+5,1.065e+5,
855.63,8.971e+4,8.971e+4,
855.68,7.502e+4,7.502e+4,
855.73,6.231e+4,6.231e+4,
855.78,5.140e+4,5.140e+4,
855.83,4.211e+4,4.211e+4,
855.88,3.427e+4,3.427e+4,
855.93,2.770e+4,2.770e+4,
855.98,2.223e+4,2.223e+4,
856.03,1.773e+4,1.773e+4,
856.08,1.405e+4,1.405e+4,
856.13,1.106e+4,1.106e+4,
856.18,8.656e+3,8.656e+3,
856.23,6.742e+3,6.742e+3,
856.28,5.234e+3,5.234e+3,
856.33,4.061e+3,4.061e+3,
856.38,3.165e+3,3.165e+3,
856.43,2.499e+3,2.499e+3,
856.48,2.025e+3,2.025e+3,
856.53,1.715e+3,1.715e+3,
856.58,1.549e+3,1.549e+3,
856.63,1.517e+3,1.517e+3,
856.68,1.615e+3,1.615e+3,
856.73,1.847e+3,1.847e+3,
856.78,2.223e+3,2.223e+3,
856.83,2.763e+3,2.763e+3,
856.88,3.491e+3,3.491e+3,
856.93,4.442e+3,4.442e+3,
856.98,5.658e+3,5.658e+3,
857.03,7.189e+3,7.189e+3,
857.08,9.094e+3,9.094e+3,
857.13,1.144e+4,1.144e+4,
857.18,1.431e+4,1.431e+4,
857.23,1.778e+4,1.778e+4,
857.28,2.194e+4,2.194e+4,
857.33,2.691e+4,2.691e+4,
857.38,3.277e+4,3.277e+4,
857.43,3.965e+4,3.965e+4,
857.48,4.765e+4,4.765e+4,
857.53,5.687e+4,5.687e+4,
857.58,6.741e+4,6.741e+4,
857.63,7.938e+4,7.938e+4,
857.68,9.284e+4,9.284e+4,
857.73,1.078e+5,1.078e+5,
857.78,1.244e+5,1.244e+5,
857.83,1.426e+5,1.426e+5,
857.88,1.623e+5,1.623e+5,
857.93,1.835e+5,1.835e+5,
857.98,2.060e+5,2.060e+5,
858.03,2.298e+5,2.298e+5,
858.08,2.546e+5,2.546e+5,
858.13,2.801e+5,2.801e+5,
858.18,3.061e+5,3.061e+5,
858.23,3.323e+5,3.323e+5,
858.28,3.583e+5,3.583e+5,
858.33,3.836e+5,3.836e+5,
858.38,4.081e+5,4.081e+5,
858.43,4.311e+5,4.311e+5,
858.48,4.523e+5,4.523e+5,
858.53,4.714e+5,4.714e+5,
858.58,4.880e+5,4.880e+5,
858.63,5.018e+5,5.018e+5,
858.68,5.124e+5,5.124e+5,
858.73,5.198e+5,5.198e+5,
858.78,5.237e+5,5.237e+5,
858.83,5.240e+5,5.240e+5,
858.88,5.208e+5,5.208e+5,
858.93,5.142e+5,5.142e+5,
858.98,5.042e+5,5.042e+5,
859.03,4.910e+5,4.910e+5,
859.08,4.750e+5,4.750e+5,
859.13,4.563e+5,4.563e+5,
859.18,4.355e+5,4.355e+5,
859.23,4.128e+5,4.128e+5,
859.28,3.886e+5,3.886e+5,
859.33,3.634e+5,3.634e+5,
859.38,3.375e+5,3.375e+5,
859.43,3.113e+5,3.113e+5,
859.48,2.853e+5,2.853e+5,
859.53,2.596e+5,2.596e+5,
859.58,2.347e+5,2.347e+5,
859.63,2.107e+5,2.107e+5,
859.68,1.879e+5,1.879e+5,
859.73,1.664e+5,1.664e+5,
859.78,1.464e+5,1.464e+5,
859.83,1.279e+5,1.279e+5,
859.88,1.110e+5,1.110e+5,
859.93,9.574e+4,9.574e+4,
859.98,8.199e+4,8.199e+4,
860.03,6.974e+4,6.974e+4,
860.08,5.894e+4,5.894e+4,
860.13,4.949e+4,4.949e+4,
860.18,4.129e+4,4.129e+4,
860.23,3.424e+4,3.424e+4,
860.28,2.824e+4,2.824e+4,
860.33,2.319e+4,2.319e+4,
860.38,1.897e+4,1.897e+4,
860.43,1.550e+4,1.550e+4,
860.48,1.268e+4,1.268e+4,
860.53,1.044e+4,1.044e+4,
860.58,8.715e+3,8.715e+3,
860.63,7.434e+3,7.434e+3,
860.68,6.553e+3,6.553e+3,
860.73,6.033e+3,6.033e+3,
860.78,5.842e+3,5.842e+3,
860.83,5.961e+3,5.961e+3,
860.88,6.375e+3,6.375e+3,
860.93,7.080e+3,7.080e+3,
860.98,8.075e+3,8.075e+3,
861.03,9.366e+3,9.366e+3,
861.08,1.096e+4,1.096e+4,
861.13,1.288e+4,1.288e+4,
861.18,1.513e+4,1.513e+4,
861.23,1.772e+4,1.772e+4,
861.28,2.067e+4,2.067e+4,
861.33,2.400e+4,2.400e+4,
861.38,2.769e+4,2.769e+4,
861.43,3.177e+4,3.177e+4,
861.48,3.622e+4,3.622e+4,
861.53,4.103e+4,4.103e+4,
861.58,4.617e+4,4.617e+4,
861.63,5.163e+4,5.163e+4,
861.68,5.736e+4,5.736e+4,
861.73,6.331e+4,6.331e+4,
861.78,6.944e+4,6.944e+4,
861.83,7.567e+4,7.567e+4,
861.88,8.195e+4,8.195e+4,
861.93,8.819e+4,8.819e+4,
861.98,9.433e+4,9.433e+4,
862.03,1.003e+5,1.003e+5,
862.08,1.060e+5,1.060e+5,
862.13,1.114e+5,1.114e+5,
862.18,1.164e+5,1.164e+5,
862.23,1.211e+5,1.211e+5,
862.28,1.252e+5,1.252e+5,
862.33,1.290e+5,1.290e+5,
862.38,1.322e+5,1.322e+5,
862.43,1.350e+5,1.350e+5,
862.48,1.374e+5,1.374e+5,
862.53,1.394e+5,1.394e+5,
862.58,1.412e+5,1.412e+5,
862.63,1.427e+5,1.427e+5,
862.68,1.440e+5,1.440e+5,
862.73,1.454e+5,1.454e+5,
862.78,1.467e+5,1.467e+5,
862.83,1.483e+5,1.483e+5,
862.88,1.500e+5,1.500e+5,
862.93,1.521e+5,1.521e+5,
862.98,1.545e+5,1.545e+5,
863.03,1.573e+5,1.573e+5,
863.08,1.605e+5,1.605e+5,
863.13,1.642e+5,1.642e+5,
863.18,1.682e+5,1.682e+5,
863.23,1.726e+5,1.726e+5,
863.28,1.773e+5,1.773e+5,
863.33,1.822e+5,1.822e+5,
863.38,1.871e+5,1.871e+5,
863.43,1.919e+5,1.919e+5,
863.48,1.966e+5,1.966e+5,
863.53,2.009e+5,2.009e+5,
863.58,2.047e+5,2.047e+5,
863.63,2.078e+5,2.078e+5,
863.68,2.102e+5,2.102e+5,
863.73,2.117e+5,2.117e+5,
863.78,2.122e+5,2.122e+5,
863.83,2.116e+5,2.116e+5,
863.88,2.100e+5,2.100e+5,
863.93,2.072e+5,2.072e+5,
863.98,2.033e+5,2.033e+5,
864.03,1.983e+5,1.983e+5,
864.08,1.923e+5,1.923e+5,
864.13,1.853e+5,1.853e+5,
864.18,1.775e+5,1.775e+5,
864.23,1.689e+5,1.689e+5,
864.28,1.597e+5,1.597e+5,
864.33,1.501e+5,1.501e+5,
864.38,1.401e+5,1.401e+5,
864.43,1.300e+5,1.300e+5,
864.48,1.198e+5,1.198e+5,
864.53,1.096e+5,1.096e+5,
864.58,9.975e+4,9.975e+4,
864.63,9.015e+4,9.015e+4,
864.68,8.097e+4,8.097e+4,
864.73,7.227e+4,7.227e+4,
864.78,6.412e+4,6.412e+4,
864.83,5.658e+4,5.658e+4,
864.88,4.967e+4,4.967e+4,
864.93,4.343e+4,4.343e+4,
864.98,3.787e+4,3.787e+4,
865.03,3.300e+4,3.300e+4,
865.08,2.883e+4,2.883e+4,
865.13,2.536e+4,2.536e+4,
865.18,2.260e+4,2.260e+4,
865.23,2.056e+4,2.056e+4,
865.28,1.924e+4,1.924e+4,
865.33,1.869e+4,1.869e+4,
865.38,1.893e+4,1.893e+4,
865.43,2.002e+4,2.002e+4,
865.48,2.201e+4,2.201e+4,
865.53,2.499e+4,2.499e+4,
865.58,2.906e+4,2.906e+4,
865.63,3.433e+4,3.433e+4,
865.68,4.092e+4,4.092e+4,
865.73,4.898e+4,4.898e+4,
865.78,5.865e+4,5.865e+4,
865.83,7.010e+4,7.010e+4,
865.88,8.348e+4,8.348e+4,
865.93,9.895e+4,9.895e+4,
865.98,1.167e+5,1.167e+5,
866.03,1.367e+5,1.367e+5,
866.08,1.593e+5,1.593e+5,
866.13,1.844e+5,1.844e+5,
866.18,2.121e+5,2.121e+5,
866.23,2.423e+5,2.423e+5,
866.28,2.751e+5,2.751e+5,
866.33,3.103e+5,3.103e+5,
866.38,3.476e+5,3.476e+5,
866.43,3.868e+5,3.868e+5,
866.48,4.277e+5,4.277e+5,
866.53,4.697e+5,4.697e+5,
866.58,5.124e+5,5.124e+5,
866.63,5.554e+5,5.554e+5,
866.68,5.979e+5,5.979e+5,
866.73,6.394e+5,6.394e+5,
866.78,6.793e+5,6.793e+5,
866.83,7.169e+5,7.169e+5,
866.88,7.515e+5,7.515e+5,
866.93,7.826e+5,7.826e+5,
866.98,8.096e+5,8.096e+5,
867.03,8.320e+5,8.320e+5,
867.08,8.493e+5,8.493e+5,
867.13,8.613e+5,8.613e+5,
867.18,8.676e+5,8.676e+5,
867.23,8.682e+5,8.682e+5,
867.28,8.630e+5,8.630e+5,
867.33,8.522e+5,8.522e+5,
867.38,8.359e+5,8.359e+5,
867.43,8.145e+5,8.145e+5,
867.48,7.884e+5,7.884e+5,
867.53,7.581e+5,7.581e+5,
867.58,7.241e+5,7.241e+5,
867.63,6.870e+5,6.870e+5,
867.68,6.475e+5,6.475e+5,
867.73,6.063e+5,6.063e+5,
867.78,5.639e+5,5.639e+5,
867.83,5.210e+5,5.210e+5,
867.88,4.782e+5,4.782e+5,
867.93,4.360e+5,4.360e+5,
867.98,3.949e+5,3.949e+5,
868.03,3.553e+5,3.553e+5,
868.08,3.175e+5,3.175e+5,
868.13,2.819e+5,2.819e+5,
868.18,2.486e+5,2.486e+5,
868.23,2.178e+5,2.178e+5,
868.28,1.895e+5,1.895e+5,
868.33,1.639e+5,1.639e+5,
868.38,1.407e+5,1.407e+5,
868.43,1.200e+5,1.200e+5,
868.48,1.017e+5,1.017e+5,
868.53,8.563e+4,8.563e+4,
868.58,7.161e+4,7.161e+4,
868.63,5.949e+4,5.949e+4,
868.68,4.909e+4,4.909e+4,
868.73,4.024e+4,4.024e+4,
868.78,3.277e+4,3.277e+4,
868.83,2.650e+4,2.650e+4,
868.88,2.130e+4,2.130e+4,
868.93,1.700e+4,1.700e+4,
868.98,1.348e+4,1.348e+4,
869.03,1.062e+4,1.062e+4,
869.08,8.312e+3,8.312e+3,
869.13,6.464e+3,6.464e+3,
869.18,4.997e+3,4.997e+3,
869.23,3.840e+3,3.840e+3,
869.28,2.937e+3,2.937e+3,
869.33,2.238e+3,2.238e+3,
869.38,1.705e+3,1.705e+3,
869.43,1.305e+3,1.305e+3,
869.48,1.012e+3,1.012e+3,
869.53,8.074e+2,8.074e+2,
869.58,6.764e+2,6.764e+2,
869.63,6.094e+2,6.094e+2,
869.68,6.010e+2,6.010e+2,
869.73,6.499e+2,6.499e+2,
869.78,7.585e+2,7.585e+2,
869.83,9.333e+2,9.333e+2,
869.88,1.185e+3,1.185e+3,
869.93,1.527e+3,1.527e+3,
869.98,1.980e+3,1.980e+3,
870.03,2.567e+3,2.567e+3,
870.08,3.320e+3,3.320e+3,
870.13,4.272e+3,4.272e+3,
870.18,5.468e+3,5.468e+3,
870.23,6.956e+3,6.956e+3,
870.28,8.793e+3,8.793e+3,
870.33,1.104e+4,1.104e+4,
870.38,1.378e+4,1.378e+4,
870.43,1.709e+4,1.709e+4,
870.48,2.105e+4,2.105e+4,
870.53,2.575e+4,2.575e+4,
870.58,3.131e+4,3.131e+4,
870.63,3.781e+4,3.781e+4,
870.68,4.536e+4,4.536e+4,
870.73,5.407e+4,5.407e+4,
870.78,6.402e+4,6.402e+4,
870.83,7.531e+4,7.531e+4,
870.88,8.801e+4,8.801e+4,
870.93,1.022e+5,1.022e+5,
870.98,1.178e+5,1.178e+5,
871.03,1.350e+5,1.350e+5,
871.08,1.537e+5,1.537e+5,
871.13,1.738e+5,1.738e+5,
871.18,1.953e+5,1.953e+5,
871.23,2.179e+5,2.179e+5,
871.28,2.416e+5,2.416e+5,
871.33,2.661e+5,2.661e+5,
871.38,2.912e+5,2.912e+5,
871.43,3.166e+5,3.166e+5,
871.48,3.419e+5,3.419e+5,
871.53,3.668e+5,3.668e+5,
871.58,3.910e+5,3.910e+5,
871.63,4.140e+5,4.140e+5,
871.68,4.355e+5,4.355e+5,
871.73,4.551e+5,4.551e+5,
871.78,4.725e+5,4.725e+5,
871.83,4.873e+5,4.873e+5,
871.88,4.993e+5,4.993e+5,
871.93,5.083e+5,5.083e+5,
871.98,5.140e+5,5.140e+5,
872.03,5.164e+5,5.164e+5,
872.08,5.153e+5,5.153e+5,
872.13,5.110e+5,5.110e+5,
872.18,5.033e+5,5.033e+5,
872.23,4.925e+5,4.925e+5,
872.28,4.788e+5,4.788e+5,
872.33,4.624e+5,4.624e+5,
872.38,4.436e+5,4.436e+5,
872.43,4.228e+5,4.228e+5,
872.48,4.004e+5,4.004e+5,
872.53,3.766e+5,3.766e+5,
872.58,3.519e+5,3.519e+5,
872.63,3.267e+5,3.267e+5,
872.68,3.014e+5,3.014e+5,
872.73,2.761e+5,2.761e+5,
872.78,2.513e+5,2.513e+5,
872.83,2.273e+5,2.273e+5,
872.88,2.042e+5,2.042e+5,
872.93,1.822e+5,1.822e+5,
872.98,1.616e+5,1.616e+5,
873.03,1.423e+5,1.423e+5,
873.08,1.245e+5,1.245e+5,
873.13,1.083e+5,1.083e+5,
873.18,9.350e+4,9.350e+4,
873.23,8.022e+4,8.022e+4,
873.28,6.837e+4,6.837e+4,
873.33,5.790e+4,5.790e+4,
873.38,4.870e+4,4.870e+4,
873.43,4.070e+4,4.070e+4,
873.48,3.379e+4,3.379e+4,
873.53,2.787e+4,2.787e+4,
873.58,2.283e+4,2.283e+4,
873.63,1.859e+4,1.859e+4,
873.68,1.503e+4,1.503e+4,
873.73,1.208e+4,1.208e+4,
873.78,9.637e+3,9.637e+3,
873.83,7.641e+3,7.641e+3,
873.88,6.019e+3,6.019e+3,
873.93,4.710e+3,4.710e+3,
873.98,3.661e+3,3.661e+3,
874.03,2.828e+3,2.828e+3,
874.08,2.169e+3,2.169e+3,
874.13,1.654e+3,1.654e+3,
874.18,1.252e+3,1.252e+3,
874.23,9.418e+2,9.418e+2,
874.28,7.038e+2,7.038e+2,
874.33,5.225e+2,5.225e+2,
874.38,3.854e+2,3.854e+2,
874.43,2.824e+2,2.824e+2,
874.48,2.056e+2,2.056e+2,
874.53,1.486e+2,1.486e+2,
874.58,1.068e+2,1.068e+2,
874.63,7.622e+1,7.622e+1,
874.68,5.404e+1,5.404e+1,
874.73,3.806e+1,3.806e+1,
874.78,2.663e+1,2.663e+1,
874.83,1.852e+1,1.852e+1,
874.88,1.279e+1,1.279e+1,
874.93,8.773e+0,8.773e+0,
874.98,5.980e+0,5.980e+0,
875.03,4.049e+0,4.049e+0,
875.08,2.724e+0,2.724e+0,
875.13,1.820e+0,1.820e+0,
875.18,1.208e+0,1.208e+0,
875.23,7.970e-1,7.970e-1,
875.28,5.222e-1,5.222e-1,
875.33,3.399e-1,3.399e-1,
875.38,2.198e-1,2.198e-1,
875.43,1.412e-1,1.412e-1,
875.48,9.014e-2,9.014e-2,
875.53,5.715e-2,5.715e-2,
875.58,3.600e-2,3.600e-2,
875.63,2.253e-2,2.253e-2,
875.68,1.400e-2,1.400e-2,
875.73,8.648e-3,8.648e-3,
875.78,5.306e-3,5.306e-3,
875.83,3.234e-3,3.234e-3,
875.88,1.958e-3,1.958e-3,
875.93,1.178e-3,1.178e-3,
875.98,7.040e-4,7.040e-4,
876.03,4.179e-4,4.179e-4,
876.08,2.465e-4,2.465e-4,
876.13,1.444e-4,1.444e-4,
876.18,8.407e-5,8.407e-5,
876.23,4.862e-5,4.862e-5,
876.28,2.793e-5,2.793e-5,
876.33,1.594e-5,1.594e-5,
876.38,9.038e-6,9.038e-6,
876.43,5.091e-6,5.091e-6,
876.48,2.849e-6,2.849e-6,
876.53,1.584e-6,1.584e-6,
876.58,8.746e-7,8.746e-7,
876.63,4.799e-7,4.799e-7,
876.68,2.616e-7,2.616e-7,
876.73,1.416e-7,1.416e-7,
876.78,7.618e-8,7.618e-8,
876.83,4.071e-8,4.071e-8,
876.88,2.162e-8,2.162e-8,
876.93,1.140e-8,1.140e-8,
876.98,5.973e-9,5.973e-9,
877.03,3.109e-9,3.109e-9,
877.08,1.608e-9,1.608e-9,
877.13,8.261e-10,8.261e-10,
877.18,4.216e-10,4.216e-10,
877.23,2.138e-10,2.138e-10,
877.28,2.801e-10,2.801e-10,
877.33,3.399e-10,3.399e-10,
877.38,6.657e-10,6.657e-10,
877.43,1.295e-9,1.295e-9,
877.48,2.504e-9,2.504e-9,
877.53,4.810e-9,4.810e-9,
877.58,9.180e-9,9.180e-9,
877.63,1.741e-8,1.741e-8,
877.68,3.280e-8,3.280e-8,
877.73,6.142e-8,6.142e-8,
877.78,1.142e-7,1.142e-7,
877.83,2.112e-7,2.112e-7,
877.88,3.878e-7,3.878e-7,
877.93,7.077e-7,7.077e-7,
877.98,1.283e-6,1.283e-6,
878.03,2.311e-6,2.311e-6,
878.08,4.137e-6,4.137e-6,
878.13,7.358e-6,7.358e-6,
878.18,1.300e-5,1.300e-5,
878.23,2.283e-5,2.283e-5,
878.28,3.983e-5,3.983e-5,
878.33,6.904e-5,6.904e-5,
878.38,1.189e-4,1.189e-4,
878.43,2.035e-4,2.035e-4,
878.48,3.460e-4,3.460e-4,
878.53,5.846e-4,5.846e-4,
878.58,9.813e-4,9.813e-4,
878.63,1.637e-3,1.637e-3,
878.68,2.713e-3,2.713e-3,
878.73,4.467e-3,4.467e-3,
878.78,7.308e-3,7.308e-3,
878.83,1.188e-2,1.188e-2,
878.88,1.919e-2,1.919e-2,
878.93,3.080e-2,3.080e-2,
878.98,4.911e-2,4.911e-2,
879.03,7.781e-2,7.781e-2,
879.08,1.225e-1,1.225e-1,
879.13,1.916e-1,1.916e-1,
879.18,2.978e-1,2.978e-1,
879.23,4.599e-1,4.599e-1,
879.28,7.057e-1,7.057e-1,
879.33,1.076e+0,1.076e+0,
879.38,1.630e+0,1.630e+0,
879.43,2.453e+0,2.453e+0,
879.48,3.668e+0,3.668e+0,
879.53,5.451e+0,5.451e+0,
879.58,8.048e+0,8.048e+0,
879.63,1.181e+1,1.181e+1,
879.68,1.721e+1,1.721e+1,
879.73,2.492e+1,2.492e+1,
879.78,3.586e+1,3.586e+1,
879.83,5.128e+1,5.128e+1,
879.88,7.285e+1,7.285e+1,
879.94,1.101e+2,1.101e+2,
879.99,1.542e+2,1.542e+2,
880.04,2.146e+2,2.146e+2,
880.09,2.968e+2,2.968e+2,
880.14,4.078e+2,4.078e+2,
880.19,5.567e+2,5.567e+2,
880.24,7.551e+2,7.551e+2,
880.29,1.018e+3,1.018e+3,
880.34,1.363e+3,1.363e+3,
880.39,1.814e+3,1.814e+3,
880.44,2.398e+3,2.398e+3,
880.49,3.150e+3,3.150e+3,
880.54,4.111e+3,4.111e+3,
880.59,5.332e+3,5.332e+3,
880.64,6.870e+3,6.870e+3,
880.69,8.797e+3,8.797e+3,
880.74,1.119e+4,1.119e+4,
880.79,1.414e+4,1.414e+4,
880.84,1.776e+4,1.776e+4,
880.89,2.217e+4,2.217e+4,
880.94,2.749e+4,2.749e+4,
880.99,3.386e+4,3.386e+4,
881.04,4.145e+4,4.145e+4,
881.09,5.041e+4,5.041e+4,
881.14,6.092e+4,6.092e+4,
881.19,7.315e+4,7.315e+4,
881.24,8.728e+4,8.728e+4,
881.29,1.035e+5,1.035e+5,
881.34,1.219e+5,1.219e+5,
881.39,1.426e+5,1.426e+5,
881.44,1.658e+5,1.658e+5,
881.49,1.916e+5,1.916e+5,
881.54,2.200e+5,2.200e+5,
881.59,2.509e+5,2.509e+5,
881.64,2.843e+5,2.843e+5,
881.69,3.202e+5,3.202e+5,
881.74,3.583e+5,3.583e+5,
881.79,3.983e+5,3.983e+5,
881.84,4.399e+5,4.399e+5,
881.89,4.829e+5,4.829e+5,
881.94,5.266e+5,5.266e+5,
881.99,5.706e+5,5.706e+5,
882.04,6.143e+5,6.143e+5,
882.09,6.571e+5,6.571e+5,
882.14,6.984e+5,6.984e+5,
882.19,7.376e+5,7.376e+5,
882.24,7.739e+5,7.739e+5,
882.29,8.069e+5,8.069e+5,
882.34,8.359e+5,8.359e+5,
882.39,8.604e+5,8.604e+5,
882.44,8.800e+5,8.800e+5,
882.49,8.942e+5,8.942e+5,
882.54,9.028e+5,9.028e+5,
882.59,9.057e+5,9.057e+5,
882.64,9.028e+5,9.028e+5,
882.69,8.942e+5,8.942e+5,
882.74,8.800e+5,8.800e+5,
882.79,8.604e+5,8.604e+5,
882.84,8.359e+5,8.359e+5,
882.89,8.069e+5,8.069e+5,
882.94,7.739e+5,7.739e+5,
882.99,7.376e+5,7.376e+5,
883.04,6.984e+5,6.984e+5,
883.09,6.571e+5,6.571e+5,
883.14,6.143e+5,6.143e+5,
883.19,5.706e+5,5.706e+5,
883.24,5.266e+5,5.266e+5,
883.29,4.829e+5,4.829e+5,
883.34,4.399e+5,4.399e+5,
883.39,3.983e+5,3.983e+5,
883.44,3.583e+5,3.583e+5,
883.49,3.202e+5,3.202e+5,
883.54,2.843e+5,2.843e+5,
883.59,2.509e+5,2.509e+5,
883.64,2.200e+5,2.200e+5,
883.69,1.916e+5,1.916e+5,
883.74,1.658e+5,1.658e+5,
883.79,1.426e+5,1.426e+5,
883.84,1.219e+5,1.219e+5,
883.89,1.035e+5,1.035e+5,
883.94,8.728e+4,8.728e+4,
883.99,7.316e+4,7.316e+4,
884.04,6.093e+4,6.093e+4,
884.09,5.042e+4,5.042e+4,
884.14,4.145e+4,4.145e+4,
884.19,3.387e+4,3.387e+4,
884.24,2.749e+4,2.749e+4,
884.29,2.218e+4,2.218e+4,
884.34,1.778e+4,1.778e+4,
884.39,1.417e+4,1.417e+4,
884.44,1.122e+4,1.122e+4,
884.49,8.838e+3,8.838e+3,
884.54,6.928e+3,6.928e+3,
884.59,5.412e+3,5.412e+3,
884.64,4.221e+3,4.221e+3,
884.69,3.299e+3,3.299e+3,
884.74,2.600e+3,2.600e+3,
884.79,2.086e+3,2.086e+3,
884.84,1.727e+3,1.727e+3,
884.89,1.501e+3,1.501e+3,
884.94,1.393e+3,1.393e+3,
884.99,1.394e+3,1.394e+3,
885.04,1.499e+3,1.499e+3,
885.09,1.710e+3,1.710e+3,
885.14,2.033e+3,2.033e+3,
885.19,2.480e+3,2.480e+3,
885.24,3.065e+3,3.065e+3,
885.29,3.809e+3,3.809e+3,
885.34,4.736e+3,4.736e+3,
885.39,5.874e+3,5.874e+3,
885.44,7.256e+3,7.256e+3,
885.49,8.917e+3,8.917e+3,
885.54,1.090e+4,1.090e+4,
885.59,1.324e+4,1.324e+4,
885.64,1.598e+4,1.598e+4,
885.69,1.918e+4,1.918e+4,
885.74,2.286e+4,2.286e+4,
885.79,2.709e+4,2.709e+4,
885.84,3.189e+4,3.189e+4,
885.89,3.731e+4,3.731e+4,
885.94,4.337e+4,4.337e+4,
885.99,5.010e+4,5.010e+4,
886.04,5.751e+4,5.751e+4,
886.09,6.559e+4,6.559e+4,
886.14,7.434e+4,7.434e+4,
886.19,8.372e+4,8.372e+4,
886.24,9.368e+4,9.368e+4,
886.29,1.042e+5,1.042e+5,
886.34,1.151e+5,1.151e+5,
886.39,1.264e+5,1.264e+5,
886.44,1.379e+5,1.379e+5,
886.49,1.494e+5,1.494e+5,
886.54,1.610e+5,1.610e+5,
886.59,1.723e+5,1.723e+5,
886.64,1.833e+5,1.833e+5,
886.69,1.937e+5,1.937e+5,
886.74,2.034e+5,2.034e+5,
886.79,2.122e+5,2.122e+5,
886.84,2.200e+5,2.200e+5,
886.89,2.267e+5,2.267e+5,
886.94,2.321e+5,2.321e+5,
886.99,2.361e+5,2.361e+5,
887.04,2.387e+5,2.387e+5,
887.09,2.398e+5,2.398e+5,
887.14,2.393e+5,2.393e+5,
887.19,2.373e+5,2.373e+5,
887.24,2.339e+5,2.339e+5,
887.29,2.290e+5,2.290e+5,
887.34,2.229e+5,2.229e+5,
887.39,2.155e+5,2.155e+5,
887.44,2.070e+5,2.070e+5,
887.49,1.976e+5,1.976e+5,
887.54,1.875e+5,1.875e+5,
887.59,1.767e+5,1.767e+5,
887.64,1.655e+5,1.655e+5,
887.69,1.541e+5,1.541e+5,
887.74,1.425e+5,1.425e+5,
887.79,1.309e+5,1.309e+5,
887.84,1.196e+5,1.196e+5,
887.89,1.085e+5,1.085e+5,
887.94,9.782e+4,9.782e+4,
887.99,8.764e+4,8.764e+4,
888.04,7.802e+4,7.802e+4,
888.09,6.901e+4,6.901e+4,
888.14,6.066e+4,6.066e+4,
888.19,5.299e+4,5.299e+4,
888.24,4.599e+4,4.599e+4,
888.29,3.966e+4,3.966e+4,
888.34,3.398e+4,3.398e+4,
888.39,2.894e+4,2.894e+4,
888.44,2.448e+4,2.448e+4,
888.49,2.059e+4,2.059e+4,
888.54,1.720e+4,1.720e+4,
888.59,1.428e+4,1.428e+4,
888.64,1.178e+4,1.178e+4,
888.69,9.653e+3,9.653e+3,
888.74,7.862e+3,7.862e+3,
888.79,6.363e+3,6.363e+3,
888.84,5.117e+3,5.117e+3,
888.89,4.089e+3,4.089e+3,
888.94,3.247e+3,3.247e+3,
888.99,2.562e+3,2.562e+3,
889.04,2.008e+3,2.008e+3,
889.09,1.564e+3,1.564e+3,
889.14,1.211e+3,1.211e+3,
889.19,9.316e+2,9.316e+2,
889.24,7.120e+2,7.120e+2,
889.29,5.408e+2,5.408e+2,
889.34,4.081e+2,4.081e+2,
889.39,3.060e+2,3.060e+2,
889.44,2.280e+2,2.280e+2,
889.49,1.689e+2,1.689e+2,
889.54,1.242e+2,1.242e+2,
889.59,9.082e+1,9.082e+1,
889.64,6.598e+1,6.598e+1,
889.69,4.763e+1,4.763e+1,
889.74,3.416e+1,3.416e+1,
889.79,2.435e+1,2.435e+1,
889.84,1.724e+1,1.724e+1,
889.89,1.213e+1,1.213e+1,
889.94,8.486e+0,8.486e+0,
889.99,5.896e+0,5.896e+0,
890.04,4.071e+0,4.071e+0,
890.09,2.793e+0,2.793e+0,
890.14,1.904e+0,1.904e+0,
890.19,1.290e+0,1.290e+0,
890.24,8.682e-1,8.682e-1,
890.29,5.807e-1,5.807e-1,
890.34,3.860e-1,3.860e-1,
890.39,2.549e-1,2.549e-1,
890.44,1.673e-1,1.673e-1,
890.49,1.091e-1,1.091e-1,
890.54,7.067e-2,7.067e-2,
890.59,4.550e-2,4.550e-2,
890.64,2.911e-2,2.911e-2,
890.69,1.851e-2,1.851e-2,
890.74,1.169e-2,1.169e-2,
890.79,7.337e-3,7.337e-3,
890.84,4.576e-3,4.576e-3,
890.89,2.836e-3,2.836e-3,
890.94,1.747e-3,1.747e-3,
890.99,1.069e-3,1.069e-3,
891.04,6.504e-4,6.504e-4,
891.09,3.937e-4,3.937e-4,
891.14,2.375e-4,2.375e-4,
891.19,1.438e-4,1.438e-4,
891.24,8.886e-5,8.886e-5,
891.29,5.875e-5,5.875e-5,
891.34,4.556e-5,4.556e-5,
891.39,4.587e-5,4.587e-5,
891.44,5.988e-5,5.988e-5,
891.49,9.153e-5,9.153e-5,
891.54,1.495e-4,1.495e-4,
891.59,2.492e-4,2.492e-4,
891.64,4.168e-4,4.168e-4,
891.69,6.949e-4,6.949e-4,
891.74,1.153e-3,1.153e-3,
891.79,1.901e-3,1.901e-3,
891.84,3.116e-3,3.116e-3,
891.89,5.076e-3,5.076e-3,
891.94,8.217e-3,8.217e-3,
891.99,1.322e-2,1.322e-2,
892.04,2.114e-2,2.114e-2,
892.09,3.358e-2,3.358e-2,
892.14,5.303e-2,5.303e-2,
892.19,8.321e-2,8.321e-2,
892.24,1.298e-1,1.298e-1,
892.29,2.011e-1,2.011e-1,
892.34,3.098e-1,3.098e-1,
892.39,4.742e-1,4.742e-1,
892.44,7.213e-1,7.213e-1,
892.49,1.090e+0,1.090e+0,
892.54,1.638e+0,1.638e+0,
892.59,2.446e+0,2.446e+0,
892.64,3.629e+0,3.629e+0,
892.69,5.351e+0,5.351e+0,
892.74,7.842e+0,7.842e+0,
892.79,1.142e+1,1.142e+1,
892.84,1.653e+1,1.653e+1,
892.89,2.377e+1,2.377e+1,
892.94,3.398e+1,3.398e+1,
892.99,4.828e+1,4.828e+1,
893.04,6.816e+1,6.816e+1,
893.09,9.563e+1,9.563e+1,
893.14,1.333e+2,1.333e+2,
893.19,1.848e+2,1.848e+2,
893.24,2.545e+2,2.545e+2,
893.29,3.483e+2,3.483e+2,
893.34,4.737e+2,4.737e+2,
893.39,6.404e+2,6.404e+2,
893.44,8.603e+2,8.603e+2,
893.49,1.149e+3,1.149e+3,
893.54,1.524e+3,1.524e+3,
893.59,2.010e+3,2.010e+3,
893.64,2.634e+3,2.634e+3,
893.69,3.431e+3,3.431e+3,
893.74,4.441e+3,4.441e+3,
893.79,5.713e+3,5.713e+3,
893.84,7.304e+3,7.304e+3,
893.89,9.282e+3,9.282e+3,
893.94,1.172e+4,1.172e+4,
893.99,1.471e+4,1.471e+4,
894.04,1.835e+4,1.835e+4,
894.09,2.275e+4,2.275e+4,
894.14,2.804e+4,2.804e+4,
894.19,3.434e+4,3.434e+4,
894.24,4.180e+4,4.180e+4,
894.29,5.056e+4,5.056e+4,
894.34,6.080e+4,6.080e+4,
894.39,7.265e+4,7.265e+4,
894.44,8.630e+4,8.630e+4,
894.49,1.019e+5,1.019e+5,
894.54,1.196e+5,1.196e+5,
894.59,1.394e+5,1.394e+5,
894.64,1.617e+5,1.617e+5,
894.69,1.863e+5,1.863e+5,
894.74,2.134e+5,2.134e+5,
894.79,2.429e+5,2.429e+5,
894.84,2.749e+5,2.749e+5,
894.89,3.093e+5,3.093e+5,
894.94,3.459e+5,3.459e+5,
894.99,3.845e+5,3.845e+5,
895.04,4.249e+5,4.249e+5,
895.09,4.668e+5,4.668e+5,
895.14,5.098e+5,5.098e+5,
895.19,5.535e+5,5.535e+5,
895.24,5.974e+5,5.974e+5,
895.29,6.411e+5,6.411e+5,
895.34,6.840e+5,6.840e+5,
895.39,7.256e+5,7.256e+5,
895.44,7.653e+5,7.653e+5,
895.49,8.026e+5,8.026e+5,
895.54,8.369e+5,8.369e+5,
895.59,8.677e+5,8.677e+5,
895.64,8.947e+5,8.947e+5,
895.69,9.173e+5,9.173e+5,
895.74,9.353e+5,9.353e+5,
895.79,9.484e+5,9.484e+5,
895.84,9.564e+5,9.564e+5,
895.89,9.592e+5,9.592e+5,
895.94,9.569e+5,9.569e+5,
895.99,9.494e+5,9.494e+5,
896.04,9.370e+5,9.370e+5,
896.09,9.198e+5,9.198e+5,
896.14,8.982e+5,8.982e+5,
896.19,8.726e+5,8.726e+5,
896.24,8.433e+5,8.433e+5,
896.29,8.107e+5,8.107e+5,
896.34,7.754e+5,7.754e+5,
896.39,7.379e+5,7.379e+5,
896.44,6.987e+5,6.987e+5,
896.49,6.582e+5,6.582e+5,
896.54,6.169e+5,6.169e+5,
896.59,5.754e+5,5.754e+5,
896.64,5.340e+5,5.340e+5,
896.69,4.931e+5,4.931e+5,
896.74,4.531e+5,4.531e+5,
896.79,4.143e+5,4.143e+5,
896.84,3.769e+5,3.769e+5,
896.89,3.413e+5,3.413e+5,
896.94,3.075e+5,3.075e+5,
896.99,2.757e+5,2.757e+5,
897.04,2.459e+5,2.459e+5,
897.09,2.183e+5,2.183e+5,
897.14,1.929e+5,1.929e+5,
897.19,1.695e+5,1.695e+5,
897.24,1.483e+5,1.483e+5,
897.29,1.290e+5,1.290e+5,
897.34,1.117e+5,1.117e+5,
897.39,9.625e+4,9.625e+4,
897.44,8.251e+4,8.251e+4,
897.49,7.036e+4,7.036e+4,
897.54,5.970e+4,5.970e+4,
897.59,5.039e+4,5.039e+4,
897.64,4.231e+4,4.231e+4,
897.69,3.534e+4,3.534e+4,
897.74,2.936e+4,2.936e+4,
897.79,2.427e+4,2.427e+4,
897.84,1.995e+4,1.995e+4,
897.89,1.631e+4,1.631e+4,
897.94,1.327e+4,1.327e+4,
897.99,1.073e+4,1.073e+4,
898.04,8.630e+3,8.630e+3,
898.09,6.903e+3,6.903e+3,
898.14,5.492e+3,5.492e+3,
898.19,4.344e+3,4.344e+3,
898.24,3.417e+3,3.417e+3,
898.29,2.673e+3,2.673e+3,
898.34,2.079e+3,2.079e+3,
898.39,1.608e+3,1.608e+3,
898.44,1.236e+3,1.236e+3,
898.49,9.449e+2,9.449e+2,
898.54,7.181e+2,7.181e+2,
898.59,5.426e+2,5.426e+2,
898.64,4.076e+2,4.076e+2,
898.69,3.044e+2,3.044e+2,
898.74,2.260e+2,2.260e+2,
898.79,1.668e+2,1.668e+2,
898.84,1.224e+2,1.224e+2,
898.89,8.925e+1,8.925e+1,
898.94,6.471e+1,6.471e+1,
898.99,4.663e+1,4.663e+1,
899.04,3.341e+1,3.341e+1,
899.09,2.379e+1,2.379e+1,
899.14,1.684e+1,1.684e+1,
899.19,1.184e+1,1.184e+1,
899.24,8.283e+0,8.283e+0,
899.29,5.757e+0,5.757e+0,
899.34,3.977e+0,3.977e+0,
899.39,2.731e+0,2.731e+0,
899.44,1.864e+0,1.864e+0,
899.49,1.264e+0,1.264e+0,
899.54,8.524e-1,8.524e-1,
899.59,5.712e-1,5.712e-1,
899.64,3.804e-1,3.804e-1,
899.69,2.518e-1,2.518e-1,
899.74,1.657e-1,1.657e-1,
899.79,1.083e-1,1.083e-1,
899.84,7.039e-2,7.039e-2,
899.89,4.546e-2,4.546e-2,
899.94,2.918e-2,2.918e-2,
899.99,1.862e-2,1.862e-2,
900.04,1.180e-2,1.180e-2,
900.09,7.438e-3,7.438e-3,
900.14,4.658e-3,4.658e-3,
900.19,2.899e-3,2.899e-3,
900.24,1.793e-3,1.793e-3,
900.29,1.102e-3,1.102e-3,
900.34,6.735e-4,6.735e-4,
900.39,4.089e-4,4.089e-4,
900.44,2.468e-4,2.468e-4,
900.49,1.480e-4,1.480e-4,
900.54,8.820e-5,8.820e-5,
900.59,5.224e-5,5.224e-5,
900.64,3.075e-5,3.075e-5,
900.69,1.799e-5,1.799e-5,
900.74,1.046e-5,1.046e-5,
900.79,6.044e-6,6.044e-6,
900.84,3.471e-6,3.471e-6,
900.89,1.981e-6,1.981e-6,
900.94,1.123e-6,1.123e-6,
900.99,6.332e-7,6.332e-7,
901.04,3.547e-7,3.547e-7,
901.09,1.975e-7,1.975e-7,
901.14,1.092e-7,1.092e-7,
901.19,5.995e-8,5.995e-8,
901.24,3.276e-8,3.276e-8,
901.29,1.779e-8,1.779e-8,
901.34,9.603e-9,9.603e-9,
901.39,5.151e-9,5.151e-9,
901.44,2.746e-9,2.746e-9,
901.49,1.454e-9,1.454e-9,
901.54,7.657e-10,7.657e-10,
901.59,4.006e-10,4.006e-10,
901.64,2.083e-10,2.083e-10,
901.69,1.076e-10,1.076e-10,
901.74,5.527e-11,5.527e-11,
902.44,2.139e-10,2.139e-10,
902.49,4.141e-10,4.141e-10,
902.54,7.969e-10,7.969e-10,
902.59,1.524e-9,1.524e-9,
902.64,2.897e-9,2.897e-9,
902.69,5.474e-9,5.474e-9,
902.74,1.028e-8,1.028e-8,
902.79,1.919e-8,1.919e-8,
902.84,3.561e-8,3.561e-8,
902.89,6.566e-8,6.566e-8,
902.94,1.204e-7,1.204e-7,
902.99,2.193e-7,2.193e-7,
903.04,3.971e-7,3.971e-7,
903.09,7.148e-7,7.148e-7,
903.14,1.279e-6,1.279e-6,
903.19,2.274e-6,2.274e-6,
903.24,4.020e-6,4.020e-6,
903.29,7.062e-6,7.062e-6,
903.34,1.233e-5,1.233e-5,
903.39,2.140e-5,2.140e-5,
903.44,3.692e-5,3.692e-5,
903.49,6.331e-5,6.331e-5,
903.54,1.079e-4,1.079e-4,
903.59,1.828e-4,1.828e-4,
903.64,3.078e-4,3.078e-4,
903.69,5.151e-4,5.151e-4,
903.74,8.569e-4,8.569e-4,
903.79,1.417e-3,1.417e-3,
903.84,2.328e-3,2.328e-3,
903.89,3.803e-3,3.803e-3,
903.94,6.175e-3,6.175e-3,
903.99,9.965e-3,9.965e-3,
904.04,1.598e-2,1.598e-2,
904.09,2.548e-2,2.548e-2,
904.14,4.038e-2,4.038e-2,
904.19,6.361e-2,6.361e-2,
904.24,9.959e-2,9.959e-2,
904.29,1.550e-1,1.550e-1,
904.34,2.397e-1,2.397e-1,
904.39,3.685e-1,3.685e-1,
904.44,5.631e-1,5.631e-1,
904.49,8.552e-1,8.552e-1,
904.54,1.291e+0,1.291e+0,
904.59,1.937e+0,1.937e+0,
904.64,2.889e+0,2.889e+0,
904.69,4.283e+0,4.283e+0,
904.74,6.311e+0,6.311e+0,
904.79,9.242e+0,9.242e+0,
904.84,1.345e+1,1.345e+1,
904.89,1.947e+1,1.947e+1,
904.94,2.799e+1,2.799e+1,
904.99,4.001e+1,4.001e+1,
905.04,5.685e+1,5.685e+1,
905.09,8.029e+1,8.029e+1,
905.14,1.127e+2,1.127e+2,
905.19,1.572e+2,1.572e+2,
905.24,2.180e+2,2.180e+2,
905.29,3.005e+2,3.005e+2,
905.34,4.117e+2,4.117e+2,
905.39,5.606e+2,5.606e+2,
905.44,7.588e+2,7.588e+2,
905.49,1.021e+3,1.021e+3,
905.54,1.365e+3,1.365e+3,
905.59,1.814e+3,1.814e+3,
905.64,2.397e+3,2.397e+3,
905.69,3.147e+3,3.147e+3,
905.74,4.107e+3,4.107e+3,
905.79,5.328e+3,5.328e+3,
905.84,6.869e+3,6.869e+3,
905.89,8.803e+3,8.803e+3,
905.94,1.121e+4,1.121e+4,
905.99,1.420e+4,1.420e+4,
906.04,1.787e+4,1.787e+4,
906.09,2.235e+4,2.235e+4,
906.14,2.779e+4,2.779e+4,
906.19,3.434e+4,3.434e+4,
906.24,4.218e+4,4.218e+4,
906.29,5.149e+4,5.149e+4,
906.34,6.249e+4,6.249e+4,
906.39,7.537e+4,7.537e+4,
906.44,9.036e+4,9.036e+4,
906.49,1.077e+5,1.077e+5,
906.54,1.275e+5,1.275e+5,
906.59,1.501e+5,1.501e+5,
906.64,1.757e+5,1.757e+5,
906.69,2.043e+5,2.043e+5,
906.74,2.362e+5,2.362e+5,
906.79,2.714e+5,2.714e+5,
906.84,3.099e+5,3.099e+5,
906.89,3.518e+5,3.518e+5,
906.94,3.969e+5,3.969e+5,
906.99,4.452e+5,4.452e+5,
907.04,4.962e+5,4.962e+5,
907.09,5.498e+5,5.498e+5,
907.14,6.054e+5,6.054e+5,
907.19,6.627e+5,6.627e+5,
907.24,7.210e+5,7.210e+5,
907.29,7.797e+5,7.797e+5,
907.34,8.381e+5,8.381e+5,
907.39,8.953e+5,8.953e+5,
907.44,9.508e+5,9.508e+5,
907.49,1.003e+6,1.003e+6,
907.54,1.053e+6,1.053e+6,
907.59,1.098e+6,1.098e+6,
907.64,1.138e+6,1.138e+6,
907.69,1.172e+6,1.172e+6,
907.74,1.200e+6,1.200e+6,
907.79,1.221e+6,1.221e+6,
907.84,1.236e+6,1.236e+6,
907.89,1.242e+6,1.242e+6,
907.94,1.242e+6,1.242e+6,
907.99,1.233e+6,1.233e+6,
908.04,1.218e+6,1.218e+6,
908.09,1.195e+6,1.195e+6,
908.14,1.166e+6,1.166e+6,
908.19,1.130e+6,1.130e+6,
908.24,1.089e+6,1.089e+6,
908.29,1.043e+6,1.043e+6,
908.34,9.932e+5,9.932e+5,
908.39,9.399e+5,9.399e+5,
908.44,8.840e+5,8.840e+5,
908.49,8.265e+5,8.265e+5,
908.54,7.680e+5,7.680e+5,
908.59,7.093e+5,7.093e+5,
908.64,6.512e+5,6.512e+5,
908.69,5.942e+5,5.942e+5,
908.74,5.389e+5,5.389e+5,
908.79,4.858e+5,4.858e+5,
908.84,4.353e+5,4.353e+5,
908.89,3.877e+5,3.877e+5,
908.94,3.432e+5,3.432e+5,
908.99,3.019e+5,3.019e+5,
909.04,2.641e+5,2.641e+5,
909.09,2.295e+5,2.295e+5,
909.14,1.983e+5,1.983e+5,
909.19,1.703e+5,1.703e+5,
909.24,1.454e+5,1.454e+5,
909.29,1.233e+5,1.233e+5,
909.34,1.040e+5,1.040e+5,
909.39,8.718e+4,8.718e+4,
909.44,7.263e+4,7.263e+4,
909.49,6.014e+4,6.014e+4,
909.54,4.950e+4,4.950e+4,
909.59,4.050e+4,4.050e+4,
909.64,3.293e+4,3.293e+4,
909.69,2.662e+4,2.662e+4,
909.74,2.138e+4,2.138e+4,
909.79,1.707e+4,1.707e+4,
909.84,1.355e+4,1.355e+4,
909.89,1.069e+4,1.069e+4,
909.94,8.381e+3,8.381e+3,
909.99,6.532e+3,6.532e+3,
910.04,5.060e+3,5.060e+3,
910.09,3.896e+3,3.896e+3,
910.14,2.981e+3,2.981e+3,
910.19,2.268e+3,2.268e+3,
910.24,1.715e+3,1.715e+3,
910.29,1.289e+3,1.289e+3,
910.34,9.625e+2,9.625e+2,
910.39,7.146e+2,7.146e+2,
910.44,5.273e+2,5.273e+2,
910.49,3.868e+2,3.868e+2,
910.54,2.820e+2,2.820e+2,
910.59,2.043e+2,2.043e+2,
910.64,1.472e+2,1.472e+2,
910.69,1.054e+2,1.054e+2,
910.74,7.497e+1,7.497e+1,
910.8,4.944e+1,4.944e+1,
910.85,3.471e+1,3.471e+1,
910.9,2.422e+1,2.422e+1,
910.95,1.680e+1,1.680e+1,
911,1.159e+1,1.159e+1,
911.05,7.940e+0,7.940e+0,
911.1,5.408e+0,5.408e+0,
911.15,3.662e+0,3.662e+0,
911.2,2.464e+0,2.464e+0,
911.25,1.648e+0,1.648e+0,
911.3,1.096e+0,1.096e+0,
911.35,7.241e-1,7.241e-1,
911.4,4.756e-1,4.756e-1,
911.45,3.105e-1,3.105e-1,
911.5,2.015e-1,2.015e-1,
911.55,1.299e-1,1.299e-1,
911.6,8.330e-2,8.330e-2,
911.65,5.308e-2,5.308e-2,
911.7,3.362e-2,3.362e-2,
911.75,2.116e-2,2.116e-2,
911.8,1.324e-2,1.324e-2,
911.85,8.235e-3,8.235e-3,
911.9,5.090e-3,5.090e-3,
911.95,3.128e-3,3.128e-3,
912,1.910e-3,1.910e-3,
912.05,1.159e-3,1.159e-3,
912.1,6.995e-4,6.995e-4,
912.15,4.195e-4,4.195e-4,
912.2,2.501e-4,2.501e-4,
912.25,1.482e-4,1.482e-4,
912.3,8.730e-5,8.730e-5,
912.35,5.116e-5,5.116e-5,
912.4,2.989e-5,2.989e-5,
912.45,1.750e-5,1.750e-5,
912.5,1.044e-5,1.044e-5,
912.55,6.639e-6,6.639e-6,
912.6,4.953e-6,4.953e-6,
912.65,4.857e-6,4.857e-6,
912.7,6.298e-6,6.298e-6,
912.75,9.666e-6,9.666e-6,
912.8,1.590e-5,1.590e-5,
912.85,2.669e-5,2.669e-5,
912.9,4.497e-5,4.497e-5,
912.95,7.553e-5,7.553e-5,
913,1.262e-4,1.262e-4,
913.05,2.097e-4,2.097e-4,
913.1,3.465e-4,3.465e-4,
913.15,5.691e-4,5.691e-4,
913.2,9.292e-4,9.292e-4,
913.25,1.508e-3,1.508e-3,
913.3,2.433e-3,2.433e-3,
913.35,3.903e-3,3.903e-3,
913.4,6.222e-3,6.222e-3,
913.45,9.861e-3,9.861e-3,
913.5,1.554e-2,1.554e-2,
913.55,2.433e-2,2.433e-2,
913.6,3.788e-2,3.788e-2,
913.65,5.863e-2,5.863e-2,
913.7,9.020e-2,9.020e-2,
913.75,1.380e-1,1.380e-1,
913.8,2.097e-1,2.097e-1,
913.85,3.170e-1,3.170e-1,
913.9,4.762e-1,4.762e-1,
913.95,7.112e-1,7.112e-1,
914,1.056e+0,1.056e+0,
914.05,1.558e+0,1.558e+0,
914.1,2.286e+0,2.286e+0,
914.15,3.334e+0,3.334e+0,
914.2,4.833e+0,4.833e+0,
914.25,6.966e+0,6.966e+0,
914.3,9.979e+0,9.979e+0,
914.35,1.421e+1,1.421e+1,
914.4,2.012e+1,2.012e+1,
914.45,2.831e+1,2.831e+1,
914.5,3.961e+1,3.961e+1,
914.55,5.509e+1,5.509e+1,
914.6,7.615e+1,7.615e+1,
914.65,1.047e+2,1.047e+2,
914.7,1.430e+2,1.430e+2,
914.75,1.941e+2,1.941e+2,
914.8,2.621e+2,2.621e+2,
914.85,3.517e+2,3.517e+2,
914.9,4.692e+2,4.692e+2,
914.95,6.222e+2,6.222e+2,
915,8.202e+2,8.202e+2,
915.05,1.075e+3,1.075e+3,
915.1,1.400e+3,1.400e+3,
915.15,1.813e+3,1.813e+3,
915.2,2.334e+3,2.334e+3,
915.25,2.987e+3,2.987e+3,
915.3,3.800e+3,3.800e+3,
915.35,4.805e+3,4.805e+3,
915.4,6.040e+3,6.040e+3,
915.45,7.548e+3,7.548e+3,
915.5,9.376e+3,9.376e+3,
915.55,1.158e+4,1.158e+4,
915.6,1.421e+4,1.421e+4,
915.65,1.734e+4,1.734e+4,
915.7,2.104e+4,2.104e+4,
915.75,2.537e+4,2.537e+4,
915.8,3.041e+4,3.041e+4,
915.85,3.623e+4,3.623e+4,
915.9,4.292e+4,4.292e+4,
915.95,5.054e+4,5.054e+4,
916,5.916e+4,5.916e+4,
916.05,6.884e+4,6.884e+4,
916.1,7.962e+4,7.962e+4,
916.15,9.156e+4,9.156e+4,
916.2,1.047e+5,1.047e+5,
916.25,1.189e+5,1.189e+5,
916.3,1.343e+5,1.343e+5,
916.35,1.508e+5,1.508e+5,
916.4,1.683e+5,1.683e+5,
916.45,1.868e+5,1.868e+5,
916.5,2.060e+5,2.060e+5,
916.55,2.259e+5,2.259e+5,
916.6,2.462e+5,2.462e+5,
916.65,2.668e+5,2.668e+5,
916.7,2.874e+5,2.874e+5,
916.75,3.077e+5,3.077e+5,
916.8,3.275e+5,3.275e+5,
916.85,3.465e+5,3.465e+5,
916.9,3.645e+5,3.645e+5,
916.95,3.811e+5,3.811e+5,
917,3.961e+5,3.961e+5,
917.05,4.093e+5,4.093e+5,
917.1,4.204e+5,4.204e+5,
917.15,4.292e+5,4.292e+5,
917.2,4.356e+5,4.356e+5,
917.25,4.395e+5,4.395e+5,
917.3,4.408e+5,4.408e+5,
917.35,4.395e+5,4.395e+5,
917.4,4.356e+5,4.356e+5,
917.45,4.292e+5,4.292e+5,
917.5,4.204e+5,4.204e+5,
917.55,4.093e+5,4.093e+5,
917.6,3.961e+5,3.961e+5,
917.65,3.811e+5,3.811e+5,
917.7,3.645e+5,3.645e+5,
917.75,3.465e+5,3.465e+5,
917.8,3.275e+5,3.275e+5,
917.85,3.077e+5,3.077e+5,
917.9,2.874e+5,2.874e+5,
917.95,2.668e+5,2.668e+5,
918,2.462e+5,2.462e+5,
918.05,2.259e+5,2.259e+5,
918.1,2.060e+5,2.060e+5,
918.15,1.868e+5,1.868e+5,
918.2,1.683e+5,1.683e+5,
918.25,1.508e+5,1.508e+5,
918.3,1.343e+5,1.343e+5,
918.35,1.189e+5,1.189e+5,
918.4,1.047e+5,1.047e+5,
918.45,9.156e+4,9.156e+4,
918.5,7.962e+4,7.962e+4,
918.55,6.884e+4,6.884e+4,
918.6,5.916e+4,5.916e+4,
918.65,5.054e+4,5.054e+4,
918.7,4.292e+4,4.292e+4,
918.75,3.623e+4,3.623e+4,
918.8,3.041e+4,3.041e+4,
918.85,2.537e+4,2.537e+4,
918.9,2.104e+4,2.104e+4,
918.95,1.734e+4,1.734e+4,
919,1.421e+4,1.421e+4,
919.05,1.158e+4,1.158e+4,
919.1,9.376e+3,9.376e+3,
919.15,7.548e+3,7.548e+3,
919.2,6.040e+3,6.040e+3,
919.25,4.805e+3,4.805e+3,
919.3,3.800e+3,3.800e+3,
919.35,2.987e+3,2.987e+3,
919.4,2.334e+3,2.334e+3,
919.45,1.813e+3,1.813e+3,
919.5,1.400e+3,1.400e+3,
919.55,1.075e+3,1.075e+3,
919.6,8.202e+2,8.202e+2,
919.65,6.222e+2,6.222e+2,
919.7,4.692e+2,4.692e+2,
919.75,3.517e+2,3.517e+2,
919.8,2.621e+2,2.621e+2,
919.85,1.941e+2,1.941e+2,
919.9,1.430e+2,1.430e+2,
919.95,1.047e+2,1.047e+2,
920,7.615e+1,7.615e+1,
920.05,5.509e+1,5.509e+1,
920.1,3.961e+1,3.961e+1,
920.15,2.831e+1,2.831e+1,
920.2,2.012e+1,2.012e+1,
920.25,1.421e+1,1.421e+1,
920.3,9.979e+0,9.979e+0,
920.35,6.966e+0,6.966e+0,
920.4,4.834e+0,4.834e+0,
920.45,3.334e+0,3.334e+0,
920.5,2.286e+0,2.286e+0,
920.55,1.558e+0,1.558e+0,
920.6,1.056e+0,1.056e+0,
920.65,7.113e-1,7.113e-1,
920.7,4.764e-1,4.764e-1,
920.75,3.172e-1,3.172e-1,
920.8,2.102e-1,2.102e-1,
920.85,1.386e-1,1.386e-1,
920.9,9.131e-2,9.131e-2,
920.95,6.041e-2,6.041e-2,
921,4.074e-2,4.074e-2,
921.05,2.889e-2,2.889e-2,
921.1,2.275e-2,2.275e-2,
921.15,2.122e-2,2.122e-2,
921.2,2.401e-2,2.401e-2,
921.25,3.158e-2,3.158e-2,
921.3,4.526e-2,4.526e-2,
921.35,6.739e-2,6.739e-2,
921.4,1.017e-1,1.017e-1,
921.45,1.538e-1,1.538e-1,
921.5,2.319e-1,2.319e-1,
921.55,3.482e-1,3.482e-1,
921.6,5.200e-1,5.200e-1,
921.65,7.722e-1,7.722e-1,
921.7,1.140e+0,1.140e+0,
921.75,1.674e+0,1.674e+0,
921.8,2.443e+0,2.443e+0,
921.85,3.545e+0,3.545e+0,
921.9,5.113e+0,5.113e+0,
921.95,7.333e+0,7.333e+0,
922,1.046e+1,1.046e+1,
922.05,1.482e+1,1.482e+1,
922.1,2.088e+1,2.088e+1,
922.15,2.926e+1,2.926e+1,
922.2,4.075e+1,4.075e+1,
922.25,5.643e+1,5.643e+1,
922.3,7.768e+1,7.768e+1,
922.35,1.063e+2,1.063e+2,
922.4,1.447e+2,1.447e+2,
922.45,1.957e+2,1.957e+2,
922.5,2.632e+2,2.632e+2,
922.55,3.518e+2,3.518e+2,
922.6,4.677e+2,4.677e+2,
922.65,6.180e+2,6.180e+2,
922.7,8.119e+2,8.119e+2,
922.75,1.060e+3,1.060e+3,
922.8,1.377e+3,1.377e+3,
922.85,1.778e+3,1.778e+3,
922.9,2.281e+3,2.281e+3,
922.95,2.911e+3,2.911e+3,
923,3.693e+3,3.693e+3,
923.05,4.657e+3,4.657e+3,
923.1,5.838e+3,5.838e+3,
923.15,7.277e+3,7.277e+3,
923.2,9.018e+3,9.018e+3,
923.25,1.111e+4,1.111e+4,
923.3,1.361e+4,1.361e+4,
923.35,1.657e+4,1.657e+4,
923.4,2.006e+4,2.006e+4,
923.45,2.414e+4,2.414e+4,
923.5,2.888e+4,2.888e+4,
923.55,3.436e+4,3.436e+4,
923.6,4.063e+4,4.063e+4,
923.65,4.777e+4,4.777e+4,
923.7,5.584e+4,5.584e+4,
923.75,6.488e+4,6.488e+4,
923.8,7.496e+4,7.496e+4,
923.85,8.609e+4,8.609e+4,
923.9,9.831e+4,9.831e+4,
923.95,1.116e+5,1.116e+5,
924,1.259e+5,1.259e+5,
924.05,1.413e+5,1.413e+5,
924.1,1.576e+5,1.576e+5,
924.15,1.748e+5,1.748e+5,
924.2,1.927e+5,1.927e+5,
924.25,2.112e+5,2.112e+5,
924.3,2.302e+5,2.302e+5,
924.35,2.494e+5,2.494e+5,
924.4,2.686e+5,2.686e+5,
924.45,2.876e+5,2.876e+5,
924.5,3.062e+5,3.062e+5,
924.55,3.240e+5,3.240e+5,
924.6,3.409e+5,3.409e+5,
924.65,3.566e+5,3.566e+5,
924.7,3.708e+5,3.708e+5,
924.75,3.834e+5,3.834e+5,
924.8,3.941e+5,3.941e+5,
924.85,4.027e+5,4.027e+5,
924.9,4.091e+5,4.091e+5,
924.95,4.132e+5,4.132e+5,
925,4.149e+5,4.149e+5,
925.05,4.141e+5,4.141e+5,
925.1,4.110e+5,4.110e+5,
925.15,4.055e+5,4.055e+5,
925.2,3.978e+5,3.978e+5,
925.25,3.879e+5,3.879e+5,
925.3,3.761e+5,3.761e+5,
925.35,3.625e+5,3.625e+5,
925.4,3.473e+5,3.473e+5,
925.45,3.309e+5,3.309e+5,
925.5,3.134e+5,3.134e+5,
925.55,2.951e+5,2.951e+5,
925.6,2.762e+5,2.762e+5,
925.65,2.571e+5,2.571e+5,
925.7,2.378e+5,2.378e+5,
925.75,2.188e+5,2.188e+5,
925.8,2.001e+5,2.001e+5,
925.85,1.819e+5,1.819e+5,
925.9,1.644e+5,1.644e+5,
925.95,1.477e+5,1.477e+5,
926,1.320e+5,1.320e+5,
926.05,1.172e+5,1.172e+5,
926.1,1.035e+5,1.035e+5,
926.15,9.085e+4,9.085e+4,
926.2,7.928e+4,7.928e+4,
926.25,6.879e+4,6.879e+4,
926.3,5.933e+4,5.933e+4,
926.35,5.088e+4,5.088e+4,
926.4,4.338e+4,4.338e+4,
926.45,3.677e+4,3.677e+4,
926.5,3.098e+4,3.098e+4,
926.55,2.595e+4,2.595e+4,
926.6,2.162e+4,2.162e+4,
926.65,1.790e+4,1.790e+4,
926.7,1.473e+4,1.473e+4,
926.75,1.206e+4,1.206e+4,
926.8,9.810e+3,9.810e+3,
926.85,7.935e+3,7.935e+3,
926.9,6.381e+3,6.381e+3,
926.95,5.101e+3,5.101e+3,
927,4.054e+3,4.054e+3,
927.05,3.204e+3,3.204e+3,
927.1,2.517e+3,2.517e+3,
927.15,1.966e+3,1.966e+3,
927.2,1.526e+3,1.526e+3,
927.25,1.178e+3,1.178e+3,
927.3,9.041e+2,9.041e+2,
927.35,6.898e+2,6.898e+2,
927.4,5.232e+2,5.232e+2,
927.45,3.945e+2,3.945e+2,
927.5,2.958e+2,2.958e+2,
927.55,2.205e+2,2.205e+2,
927.6,1.634e+2,1.634e+2,
927.65,1.203e+2,1.203e+2,
927.7,8.813e+1,8.813e+1,
927.75,6.417e+1,6.417e+1,
927.8,4.645e+1,4.645e+1,
927.85,3.343e+1,3.343e+1,
927.9,2.392e+1,2.392e+1,
927.95,1.701e+1,1.701e+1,
928,1.203e+1,1.203e+1,
928.05,8.457e+0,8.457e+0,
928.1,5.911e+0,5.911e+0,
928.15,4.107e+0,4.107e+0,
928.2,2.837e+0,2.837e+0,
928.25,1.948e+0,1.948e+0,
928.3,1.330e+0,1.330e+0,
928.35,9.031e-1,9.031e-1,
928.4,6.094e-1,6.094e-1,
928.45,4.089e-1,4.089e-1,
928.5,2.727e-1,2.727e-1,
928.55,1.808e-1,1.808e-1,
928.6,1.192e-1,1.192e-1,
928.65,7.814e-2,7.814e-2,
928.7,5.091e-2,5.091e-2,
928.75,3.298e-2,3.298e-2,
928.8,2.124e-2,2.124e-2,
928.85,1.360e-2,1.360e-2,
928.9,8.657e-3,8.657e-3,
928.95,5.478e-3,5.478e-3,
929,3.447e-3,3.447e-3,
929.05,2.156e-3,2.156e-3,
929.1,1.341e-3,1.341e-3,
929.15,8.287e-4,8.287e-4,
929.2,5.094e-4,5.094e-4,
929.25,3.112e-4,3.112e-4,
929.3,1.891e-4,1.891e-4,
929.35,1.142e-4,1.142e-4,
929.4,6.855e-5,6.855e-5,
929.45,4.092e-5,4.092e-5,
929.5,2.428e-5,2.428e-5,
929.55,1.433e-5,1.433e-5,
929.6,8.403e-6,8.403e-6,
929.65,4.900e-6,4.900e-6,
929.7,2.841e-6,2.841e-6,
929.75,1.637e-6,1.637e-6,
929.8,9.381e-7,9.381e-7,
929.85,5.344e-7,5.344e-7,
929.9,3.026e-7,3.026e-7,
929.95,1.704e-7,1.704e-7,
930,9.537e-8,9.537e-8,
930.05,5.307e-8,5.307e-8,
930.1,2.936e-8,2.936e-8,
930.15,1.615e-8,1.615e-8,
930.2,8.831e-9,8.831e-9,
930.25,4.801e-9,4.801e-9,
930.3,2.595e-9,2.595e-9,
930.35,1.394e-9,1.394e-9,
930.4,7.447e-10,7.447e-10,
930.45,3.955e-10,3.955e-10,
930.5,2.088e-10,2.088e-10,
930.55,1.096e-10,1.096e-10,
931.65,6.546e-11,6.546e-11,
931.7,1.236e-10,1.236e-10,
931.75,2.321e-10,2.321e-10,
931.8,4.334e-10,4.334e-10,
931.85,8.046e-10,8.046e-10,
931.9,1.485e-9,1.485e-9,
931.95,2.726e-9,2.726e-9,
932,4.976e-9,4.976e-9,
932.05,9.029e-9,9.029e-9,
932.1,1.629e-8,1.629e-8,
932.15,2.923e-8,2.923e-8,
932.2,5.215e-8,5.215e-8,
932.25,9.250e-8,9.250e-8,
932.3,1.632e-7,1.632e-7,
932.35,2.861e-7,2.861e-7,
932.4,4.990e-7,4.990e-7,
932.45,8.652e-7,8.652e-7,
932.5,1.492e-6,1.492e-6,
932.55,2.557e-6,2.557e-6,
932.6,4.359e-6,4.359e-6,
932.65,7.388e-6,7.388e-6,
932.7,1.245e-5,1.245e-5,
932.75,2.087e-5,2.087e-5,
932.8,3.477e-5,3.477e-5,
932.85,5.760e-5,5.760e-5,
932.9,9.488e-5,9.488e-5,
932.95,1.554e-4,1.554e-4,
933,2.531e-4,2.531e-4,
933.05,4.099e-4,4.099e-4,
933.1,6.601e-4,6.601e-4,
933.15,1.057e-3,1.057e-3,
933.2,1.683e-3,1.683e-3,
933.25,2.664e-3,2.664e-3,
933.3,4.193e-3,4.193e-3,
933.35,6.562e-3,6.562e-3,
933.4,1.021e-2,1.021e-2,
933.45,1.580e-2,1.580e-2,
933.5,2.431e-2,2.431e-2,
933.55,3.719e-2,3.719e-2,
933.6,5.658e-2,5.658e-2,
933.65,8.558e-2,8.558e-2,
933.7,1.287e-1,1.287e-1,
933.75,1.925e-1,1.925e-1,
933.8,2.862e-1,2.862e-1,
933.85,4.231e-1,4.231e-1,
933.9,6.220e-1,6.220e-1,
933.95,9.093e-1,9.093e-1,
934,1.322e+0,1.322e+0,
934.05,1.910e+0,1.910e+0,
934.1,2.745e+0,2.745e+0,
934.15,3.922e+0,3.922e+0,
934.2,5.572e+0,5.572e+0,
934.25,7.871e+0,7.871e+0,
934.3,1.106e+1,1.106e+1,
934.35,1.544e+1,1.544e+1,
934.4,2.145e+1,2.145e+1,
934.45,2.961e+1,2.961e+1,
934.5,4.066e+1,4.066e+1,
934.55,5.551e+1,5.551e+1,
934.6,7.536e+1,7.536e+1,
934.65,1.017e+2,1.017e+2,
934.7,1.365e+2,1.365e+2,
934.75,1.822e+2,1.822e+2,
934.8,2.418e+2,2.418e+2,
934.85,3.190e+2,3.190e+2,
934.9,4.185e+2,4.185e+2,
934.95,5.459e+2,5.459e+2,
935,7.081e+2,7.081e+2,
935.05,9.132e+2,9.132e+2,
935.1,1.171e+3,1.171e+3,
935.15,1.493e+3,1.493e+3,
935.2,1.893e+3,1.893e+3,
935.25,2.387e+3,2.387e+3,
935.3,2.992e+3,2.992e+3,
935.35,3.729e+3,3.729e+3,
935.4,4.622e+3,4.622e+3,
935.45,5.696e+3,5.696e+3,
935.5,6.979e+3,6.979e+3,
935.55,8.503e+3,8.503e+3,
935.6,1.030e+4,1.030e+4,
935.65,1.241e+4,1.241e+4,
935.7,1.486e+4,1.486e+4,
935.75,1.770e+4,1.770e+4,
935.8,2.096e+4,2.096e+4,
935.85,2.468e+4,2.468e+4,
935.9,2.889e+4,2.889e+4,
935.95,3.363e+4,3.363e+4,
936,3.893e+4,3.893e+4,
936.05,4.481e+4,4.481e+4,
936.1,5.128e+4,5.128e+4,
936.15,5.835e+4,5.835e+4,
936.2,6.602e+4,6.602e+4,
936.25,7.428e+4,7.428e+4,
936.3,8.309e+4,8.309e+4,
936.35,9.243e+4,9.243e+4,
936.4,1.022e+5,1.022e+5,
936.45,1.124e+5,1.124e+5,
936.5,1.229e+5,1.229e+5,
936.55,1.337e+5,1.337e+5,
936.6,1.445e+5,1.445e+5,
936.65,1.553e+5,1.553e+5,
936.7,1.660e+5,1.660e+5,
936.75,1.764e+5,1.764e+5,
936.8,1.865e+5,1.865e+5,
936.85,1.959e+5,1.959e+5,
936.9,2.047e+5,2.047e+5,
936.95,2.127e+5,2.127e+5,
937,2.197e+5,2.197e+5,
937.05,2.256e+5,2.256e+5,
937.1,2.304e+5,2.304e+5,
937.15,2.340e+5,2.340e+5,
937.2,2.363e+5,2.363e+5,
937.25,2.372e+5,2.372e+5,
937.3,2.368e+5,2.368e+5,
937.35,2.351e+5,2.351e+5,
937.4,2.320e+5,2.320e+5,
937.45,2.277e+5,2.277e+5,
937.5,2.222e+5,2.222e+5,
937.55,2.156e+5,2.156e+5,
937.6,2.080e+5,2.080e+5,
937.65,1.995e+5,1.995e+5,
937.7,1.903e+5,1.903e+5,
937.75,1.805e+5,1.805e+5,
937.8,1.702e+5,1.702e+5,
937.85,1.596e+5,1.596e+5,
937.9,1.488e+5,1.488e+5,
937.95,1.380e+5,1.380e+5,
938,1.272e+5,1.272e+5,
938.05,1.166e+5,1.166e+5,
938.1,1.063e+5,1.063e+5,
938.15,9.629e+4,9.629e+4,
938.2,8.677e+4,8.677e+4,
938.25,7.774e+4,7.774e+4,
938.3,6.926e+4,6.926e+4,
938.35,6.135e+4,6.135e+4,
938.4,5.404e+4,5.404e+4,
938.45,4.733e+4,4.733e+4,
938.5,4.121e+4,4.121e+4,
938.55,3.569e+4,3.569e+4,
938.6,3.072e+4,3.072e+4,
938.65,2.630e+4,2.630e+4,
938.7,2.239e+4,2.239e+4,
938.75,1.895e+4,1.895e+4,
938.8,1.595e+4,1.595e+4,
938.85,1.335e+4,1.335e+4,
938.9,1.110e+4,1.110e+4,
938.95,9.187e+3,9.187e+3,
939,7.558e+3,7.558e+3,
939.05,6.182e+3,6.182e+3,
939.1,5.028e+3,5.028e+3,
939.15,4.066e+3,4.066e+3,
939.2,3.270e+3,3.270e+3,
939.25,2.615e+3,2.615e+3,
939.3,2.079e+3,2.079e+3,
939.35,1.643e+3,1.643e+3,
939.4,1.292e+3,1.292e+3,
939.45,1.009e+3,1.009e+3,
939.5,7.845e+2,7.845e+2,
939.55,6.062e+2,6.062e+2,
939.6,4.658e+2,4.658e+2,
939.65,3.558e+2,3.558e+2,
939.7,2.703e+2,2.703e+2,
939.75,2.042e+2,2.042e+2,
939.8,1.533e+2,1.533e+2,
939.85,1.145e+2,1.145e+2,
939.9,8.503e+1,8.503e+1,
939.95,6.278e+1,6.278e+1,
940,4.609e+1,4.609e+1,
940.05,3.364e+1,3.364e+1,
940.1,2.442e+1,2.442e+1,
940.15,1.762e+1,1.762e+1,
940.2,1.265e+1,1.265e+1,
940.25,9.023e+0,9.023e+0,
940.3,6.402e+0,6.402e+0,
940.35,4.516e+0,4.516e+0,
940.4,3.168e+0,3.168e+0,
940.45,2.210e+0,2.210e+0,
940.5,1.532e+0,1.532e+0,
940.55,1.057e+0,1.057e+0,
940.6,7.246e-1,7.246e-1,
940.65,4.940e-1,4.940e-1,
940.7,3.349e-1,3.349e-1,
940.75,2.257e-1,2.257e-1,
940.8,1.513e-1,1.513e-1,
940.85,1.008e-1,1.008e-1,
940.9,6.681e-2,6.681e-2,
940.95,4.402e-2,4.402e-2,
941,2.884e-2,2.884e-2,
941.05,1.879e-2,1.879e-2,
941.1,1.217e-2,1.217e-2,
941.15,7.837e-3,7.837e-3,
941.2,5.019e-3,5.019e-3,
941.25,3.196e-3,3.196e-3,
941.3,2.023e-3,2.023e-3,
941.35,1.274e-3,1.274e-3,
941.4,7.974e-4,7.974e-4,
941.45,4.963e-4,4.963e-4,
941.5,3.072e-4,3.072e-4,
941.55,1.890e-4,1.890e-4,
941.6,1.157e-4,1.157e-4,
941.66,6.367e-5,6.367e-5,
941.71,3.848e-5,3.848e-5,
941.76,2.312e-5,2.312e-5,
941.81,1.381e-5,1.381e-5,
941.86,8.205e-6,8.205e-6,
941.91,4.846e-6,4.846e-6,
941.96,2.846e-6,2.846e-6,
942.01,1.662e-6,1.662e-6,
942.06,9.652e-7,9.652e-7,
942.11,5.573e-7,5.573e-7,
942.16,3.200e-7,3.200e-7,
942.21,1.826e-7,1.826e-7,
942.26,1.037e-7,1.037e-7,
942.31,5.851e-8,5.851e-8,
942.36,3.283e-8,3.283e-8,
942.41,1.832e-8,1.832e-8,
942.46,1.017e-8,1.017e-8,
942.51,5.608e-9,5.608e-9,
942.56,3.076e-9,3.076e-9,
942.61,1.678e-9,1.678e-9,
942.66,9.100e-10,9.100e-10,
942.71,4.907e-10,4.907e-10,
942.76,2.631e-10,2.631e-10,
942.81,1.403e-10,1.403e-10,
942.86,7.437e-11,7.437e-11,
942.91,3.920e-11,3.920e-11,
948.46,6.634e-11,6.634e-11,
948.51,1.244e-10,1.244e-10,
948.56,2.320e-10,2.320e-10,
948.61,4.304e-10,4.304e-10,
948.66,7.939e-10,7.939e-10,
948.71,1.456e-9,1.456e-9,
948.76,2.657e-9,2.657e-9,
948.81,4.821e-9,4.821e-9,
948.86,8.701e-9,8.701e-9,
948.91,1.562e-8,1.562e-8,
948.96,2.787e-8,2.787e-8,
949.01,4.947e-8,4.947e-8,
949.06,8.734e-8,8.734e-8,
949.11,1.533e-7,1.533e-7,
949.16,2.677e-7,2.677e-7,
949.21,4.650e-7,4.650e-7,
949.26,8.030e-7,8.030e-7,
949.31,1.379e-6,1.379e-6,
949.36,2.356e-6,2.356e-6,
949.41,4.002e-6,4.002e-6,
949.46,6.762e-6,6.762e-6,
949.51,1.136e-5,1.136e-5,
949.56,1.898e-5,1.898e-5,
949.61,3.155e-5,3.155e-5,
949.66,5.215e-5,5.215e-5,
949.71,8.572e-5,8.572e-5,
949.76,1.401e-4,1.401e-4,
949.81,2.278e-4,2.278e-4,
949.86,3.683e-4,3.683e-4,
949.91,5.923e-4,5.923e-4,
949.96,9.472e-4,9.472e-4,
950.01,1.507e-3,1.507e-3,
950.06,2.383e-3,2.383e-3,
950.11,3.749e-3,3.749e-3,
950.16,5.865e-3,5.865e-3,
950.21,9.125e-3,9.125e-3,
950.26,1.412e-2,1.412e-2,
950.31,2.173e-2,2.173e-2,
950.36,3.326e-2,3.326e-2,
950.41,5.062e-2,5.062e-2,
950.46,7.662e-2,7.662e-2,
950.51,1.154e-1,1.154e-1,
950.56,1.727e-1,1.727e-1,
950.61,2.572e-1,2.572e-1,
950.66,3.809e-1,3.809e-1,
950.71,5.609e-1,5.609e-1,
950.76,8.216e-1,8.216e-1,
950.81,1.197e+0,1.197e+0,
950.86,1.734e+0,1.734e+0,
950.91,2.498e+0,2.498e+0,
950.96,3.579e+0,3.579e+0,
951.01,5.101e+0,5.101e+0,
951.06,7.229e+0,7.229e+0,
951.11,1.019e+1,1.019e+1,
951.16,1.428e+1,1.428e+1,
951.21,1.991e+1,1.991e+1,
951.26,2.760e+1,2.760e+1,
951.31,3.806e+1,3.806e+1,
951.36,5.219e+1,5.219e+1,
951.41,7.118e+1,7.118e+1,
951.46,9.654e+1,9.654e+1,
951.51,1.302e+2,1.302e+2,
951.56,1.747e+2,1.747e+2,
951.61,2.331e+2,2.331e+2,
951.66,3.093e+2,3.093e+2,
951.71,4.081e+2,4.081e+2,
951.76,5.356e+2,5.356e+2,
951.81,6.990e+2,6.990e+2,
951.86,9.073e+2,9.073e+2,
951.91,1.171e+3,1.171e+3,
951.96,1.504e+3,1.504e+3,
952.01,1.920e+3,1.920e+3,
952.06,2.438e+3,2.438e+3,
952.11,3.079e+3,3.079e+3,
952.16,3.867e+3,3.867e+3,
952.21,4.830e+3,4.830e+3,
952.26,6.000e+3,6.000e+3,
952.31,7.413e+3,7.413e+3,
952.36,9.108e+3,9.108e+3,
952.41,1.113e+4,1.113e+4,
952.46,1.352e+4,1.352e+4,
952.51,1.635e+4,1.635e+4,
952.56,1.965e+4,1.965e+4,
952.61,2.349e+4,2.349e+4,
952.66,2.792e+4,2.792e+4,
952.71,3.301e+4,3.301e+4,
952.76,3.882e+4,3.882e+4,
952.81,4.540e+4,4.540e+4,
952.86,5.280e+4,5.280e+4,
952.91,6.107e+4,6.107e+4,
952.96,7.024e+4,7.024e+4,
953.01,8.036e+4,8.036e+4,
953.06,9.143e+4,9.143e+4,
953.11,1.035e+5,1.035e+5,
953.16,1.164e+5,1.164e+5,
953.21,1.303e+5,1.303e+5,
953.26,1.450e+5,1.450e+5,
953.31,1.605e+5,1.605e+5,
953.36,1.767e+5,1.767e+5,
953.41,1.935e+5,1.935e+5,
953.46,2.107e+5,2.107e+5,
953.51,2.282e+5,2.282e+5,
953.56,2.458e+5,2.458e+5,
953.61,2.632e+5,2.632e+5,
953.66,2.804e+5,2.804e+5,
953.71,2.971e+5,2.971e+5,
953.76,3.131e+5,3.131e+5,
953.81,3.281e+5,3.281e+5,
953.86,3.420e+5,3.420e+5,
953.91,3.545e+5,3.545e+5,
953.96,3.655e+5,3.655e+5,
954.01,3.748e+5,3.748e+5,
954.06,3.822e+5,3.822e+5,
954.11,3.877e+5,3.877e+5,
954.16,3.912e+5,3.912e+5,
954.21,3.927e+5,3.927e+5,
954.26,3.920e+5,3.920e+5,
954.31,3.893e+5,3.893e+5,
954.36,3.847e+5,3.847e+5,
954.41,3.781e+5,3.781e+5,
954.46,3.698e+5,3.698e+5,
954.51,3.599e+5,3.599e+5,
954.56,3.486e+5,3.486e+5,
954.61,3.360e+5,3.360e+5,
954.66,3.225e+5,3.225e+5,
954.71,3.082e+5,3.082e+5,
954.76,2.933e+5,2.933e+5,
954.81,2.781e+5,2.781e+5,
954.86,2.628e+5,2.628e+5,
954.91,2.476e+5,2.476e+5,
954.96,2.328e+5,2.328e+5,
955.01,2.184e+5,2.184e+5,
955.06,2.046e+5,2.046e+5,
955.11,1.916e+5,1.916e+5,
955.16,1.794e+5,1.794e+5,
955.21,1.682e+5,1.682e+5,
955.26,1.579e+5,1.579e+5,
955.31,1.487e+5,1.487e+5,
955.36,1.404e+5,1.404e+5,
955.41,1.332e+5,1.332e+5,
955.46,1.269e+5,1.269e+5,
955.51,1.214e+5,1.214e+5,
955.56,1.168e+5,1.168e+5,
955.61,1.129e+5,1.129e+5,
955.66,1.096e+5,1.096e+5,
955.71,1.069e+5,1.069e+5,
955.76,1.045e+5,1.045e+5,
955.81,1.025e+5,1.025e+5,
955.86,1.007e+5,1.007e+5,
955.91,9.909e+4,9.909e+4,
955.96,9.750e+4,9.750e+4,
956.01,9.589e+4,9.589e+4,
956.06,9.419e+4,9.419e+4,
956.11,9.236e+4,9.236e+4,
956.16,9.034e+4,9.034e+4,
956.21,8.812e+4,8.812e+4,
956.26,8.567e+4,8.567e+4,
956.31,8.298e+4,8.298e+4,
956.36,8.005e+4,8.005e+4,
956.41,7.691e+4,7.691e+4,
956.46,7.355e+4,7.355e+4,
956.51,7.002e+4,7.002e+4,
956.56,6.634e+4,6.634e+4,
956.61,6.255e+4,6.255e+4,
956.66,5.868e+4,5.868e+4,
956.71,5.477e+4,5.477e+4,
956.76,5.086e+4,5.086e+4,
956.81,4.698e+4,4.698e+4,
956.86,4.317e+4,4.317e+4,
956.91,3.945e+4,3.945e+4,
956.96,3.587e+4,3.587e+4,
957.01,3.244e+4,3.244e+4,
957.06,2.918e+4,2.918e+4,
957.11,2.610e+4,2.610e+4,
957.16,2.322e+4,2.322e+4,
957.21,2.055e+4,2.055e+4,
957.26,1.809e+4,1.809e+4,
957.31,1.584e+4,1.584e+4,
957.36,1.379e+4,1.379e+4,
957.41,1.194e+4,1.194e+4,
957.46,1.028e+4,1.028e+4,
957.51,8.807e+3,8.807e+3,
957.56,7.502e+3,7.502e+3,
957.61,6.356e+3,6.356e+3,
957.66,5.356e+3,5.356e+3,
957.71,4.488e+3,4.488e+3,
957.76,3.741e+3,3.741e+3,
957.81,3.101e+3,3.101e+3,
957.86,2.556e+3,2.556e+3,
957.91,2.096e+3,2.096e+3,
957.96,1.709e+3,1.709e+3,
958.01,1.386e+3,1.386e+3,
958.06,1.118e+3,1.118e+3,
958.11,8.967e+2,8.967e+2,
958.16,7.154e+2,7.154e+2,
958.21,5.676e+2,5.676e+2,
958.26,4.479e+2,4.479e+2,
958.31,3.515e+2,3.515e+2,
958.36,2.744e+2,2.744e+2,
958.41,2.130e+2,2.130e+2,
958.46,1.644e+2,1.644e+2,
958.51,1.262e+2,1.262e+2,
958.56,9.641e+1,9.641e+1,
958.61,7.322e+1,7.322e+1,
958.66,5.530e+1,5.530e+1,
958.71,4.154e+1,4.154e+1,
958.76,3.104e+1,3.104e+1,
958.81,2.306e+1,2.306e+1,
958.86,1.704e+1,1.704e+1,
958.91,1.252e+1,1.252e+1,
958.96,9.155e+0,9.155e+0,
959.01,6.655e+0,6.655e+0,
959.06,4.812e+0,4.812e+0,
959.11,3.460e+0,3.460e+0,
959.16,2.475e+0,2.475e+0,
959.21,1.762e+0,1.762e+0,
959.26,1.248e+0,1.248e+0,
959.31,8.806e-1,8.806e-1,
959.36,6.203e-1,6.203e-1,
959.41,4.382e-1,4.382e-1,
959.46,3.132e-1,3.132e-1,
959.51,2.308e-1,2.308e-1,
959.56,1.809e-1,1.809e-1,
959.61,1.577e-1,1.577e-1,
959.66,1.585e-1,1.585e-1,
959.71,1.837e-1,1.837e-1,
959.76,2.369e-1,2.369e-1,
959.81,3.254e-1,3.254e-1,
959.86,4.611e-1,4.611e-1,
959.91,6.613e-1,6.613e-1,
959.96,9.513e-1,9.513e-1,
960.01,1.366e+0,1.366e+0,
960.06,1.956e+0,1.956e+0,
960.11,2.786e+0,2.786e+0,
960.16,3.949e+0,3.949e+0,
960.21,5.569e+0,5.569e+0,
960.26,7.812e+0,7.812e+0,
960.31,1.090e+1,1.090e+1,
960.36,1.513e+1,1.513e+1,
960.41,2.089e+1,2.089e+1,
960.46,2.869e+1,2.869e+1,
960.51,3.920e+1,3.920e+1,
960.56,5.326e+1,5.326e+1,
960.61,7.200e+1,7.200e+1,
960.66,9.680e+1,9.680e+1,
960.71,1.295e+2,1.295e+2,
960.76,1.723e+2,1.723e+2,
960.81,2.280e+2,2.280e+2,
960.86,3.002e+2,3.002e+2,
960.91,3.931e+2,3.931e+2,
960.96,5.122e+2,5.122e+2,
961.01,6.638e+2,6.638e+2,
961.06,8.559e+2,8.559e+2,
961.11,1.098e+3,1.098e+3,
961.16,1.401e+3,1.401e+3,
961.21,1.778e+3,1.778e+3,
961.26,2.246e+3,2.246e+3,
961.31,2.822e+3,2.822e+3,
961.36,3.528e+3,3.528e+3,
961.41,4.388e+3,4.388e+3,
961.46,5.430e+3,5.430e+3,
961.51,6.685e+3,6.685e+3,
961.56,8.190e+3,8.190e+3,
961.61,9.983e+3,9.983e+3,
961.66,1.211e+4,1.211e+4,
961.71,1.462e+4,1.462e+4,
961.76,1.755e+4,1.755e+4,
961.81,2.098e+4,2.098e+4,
961.86,2.495e+4,2.495e+4,
961.91,2.954e+4,2.954e+4,
961.96,3.480e+4,3.480e+4,
962.01,4.080e+4,4.080e+4,
962.06,4.762e+4,4.762e+4,
962.11,5.531e+4,5.531e+4,
962.16,6.395e+4,6.395e+4,
962.21,7.361e+4,7.361e+4,
962.26,8.434e+4,8.434e+4,
962.31,9.620e+4,9.620e+4,
962.36,1.092e+5,1.092e+5,
962.41,1.235e+5,1.235e+5,
962.46,1.390e+5,1.390e+5,
962.51,1.558e+5,1.558e+5,
962.56,1.739e+5,1.739e+5,
962.61,1.933e+5,1.933e+5,
962.66,2.139e+5,2.139e+5,
962.71,2.357e+5,2.357e+5,
962.76,2.587e+5,2.587e+5,
962.81,2.829e+5,2.829e+5,
962.86,3.080e+5,3.080e+5,
962.91,3.340e+5,3.340e+5,
962.96,3.607e+5,3.607e+5,
963.01,3.881e+5,3.881e+5,
963.06,4.159e+5,4.159e+5,
963.11,4.440e+5,4.440e+5,
963.16,4.721e+5,4.721e+5,
963.21,5.000e+5,5.000e+5,
963.26,5.276e+5,5.276e+5,
963.31,5.545e+5,5.545e+5,
963.36,5.805e+5,5.805e+5,
963.41,6.053e+5,6.053e+5,
963.46,6.288e+5,6.288e+5,
963.51,6.506e+5,6.506e+5,
963.56,6.705e+5,6.705e+5,
963.61,6.883e+5,6.883e+5,
963.66,7.037e+5,7.037e+5,
963.71,7.166e+5,7.166e+5,
963.76,7.267e+5,7.267e+5,
963.81,7.340e+5,7.340e+5,
963.86,7.383e+5,7.383e+5,
963.91,7.394e+5,7.394e+5,
963.96,7.375e+5,7.375e+5,
964.01,7.324e+5,7.324e+5,
964.06,7.242e+5,7.242e+5,
964.11,7.130e+5,7.130e+5,
964.16,6.988e+5,6.988e+5,
964.21,6.819e+5,6.819e+5,
964.26,6.625e+5,6.625e+5,
964.31,6.406e+5,6.406e+5,
964.36,6.167e+5,6.167e+5,
964.41,5.909e+5,5.909e+5,
964.46,5.635e+5,5.635e+5,
964.51,5.349e+5,5.349e+5,
964.56,5.053e+5,5.053e+5,
964.61,4.751e+5,4.751e+5,
964.66,4.446e+5,4.446e+5,
964.71,4.140e+5,4.140e+5,
964.76,3.836e+5,3.836e+5,
964.81,3.537e+5,3.537e+5,
964.86,3.246e+5,3.246e+5,
964.91,2.963e+5,2.963e+5,
964.96,2.692e+5,2.692e+5,
965.01,2.433e+5,2.433e+5,
965.06,2.188e+5,2.188e+5,
965.11,1.958e+5,1.958e+5,
965.16,1.743e+5,1.743e+5,
965.21,1.544e+5,1.544e+5,
965.26,1.361e+5,1.361e+5,
965.31,1.193e+5,1.193e+5,
965.36,1.040e+5,1.040e+5,
965.41,9.027e+4,9.027e+4,
965.46,7.792e+4,7.792e+4,
965.51,6.691e+4,6.691e+4,
965.56,5.715e+4,5.715e+4,
965.61,4.857e+4,4.857e+4,
965.66,4.106e+4,4.106e+4,
965.71,3.452e+4,3.452e+4,
965.76,2.888e+4,2.888e+4,
965.81,2.403e+4,2.403e+4,
965.86,1.989e+4,1.989e+4,
965.91,1.638e+4,1.638e+4,
965.96,1.341e+4,1.341e+4,
966.01,1.093e+4,1.093e+4,
966.06,8.856e+3,8.856e+3,
966.11,7.139e+3,7.139e+3,
966.16,5.724e+3,5.724e+3,
966.21,4.566e+3,4.566e+3,
966.26,3.622e+3,3.622e+3,
966.31,2.858e+3,2.858e+3,
966.36,2.244e+3,2.244e+3,
966.41,1.752e+3,1.752e+3,
966.46,1.360e+3,1.360e+3,
966.51,1.051e+3,1.051e+3,
966.56,8.074e+2,8.074e+2,
966.61,6.171e+2,6.171e+2,
966.66,4.691e+2,4.691e+2,
966.71,3.547e+2,3.547e+2,
966.76,2.668e+2,2.668e+2,
966.81,1.996e+2,1.996e+2,
966.86,1.485e+2,1.485e+2,
966.91,1.099e+2,1.099e+2,
966.96,8.090e+1,8.090e+1,
967.01,5.923e+1,5.923e+1,
967.06,4.314e+1,4.314e+1,
967.11,3.125e+1,3.125e+1,
967.16,2.252e+1,2.252e+1,
967.21,1.614e+1,1.614e+1,
967.26,1.150e+1,1.150e+1,
967.31,8.155e+0,8.155e+0,
967.36,5.751e+0,5.751e+0,
967.41,4.034e+0,4.034e+0,
967.46,2.814e+0,2.814e+0,
967.51,1.953e+0,1.953e+0,
967.56,1.348e+0,1.348e+0,
967.61,9.254e-1,9.254e-1,
967.66,6.319e-1,6.319e-1,
967.71,4.292e-1,4.292e-1,
967.76,2.899e-1,2.899e-1,
967.81,1.948e-1,1.948e-1,
967.86,1.302e-1,1.302e-1,
967.91,8.655e-2,8.655e-2,
967.96,5.723e-2,5.723e-2,
968.01,3.763e-2,3.763e-2,
968.06,2.462e-2,2.462e-2,
968.11,1.602e-2,1.602e-2,
968.16,1.036e-2,1.036e-2,
968.21,6.671e-3,6.671e-3,
968.26,4.271e-3,4.271e-3,
968.31,2.719e-3,2.719e-3,
968.36,1.722e-3,1.722e-3,
968.41,1.085e-3,1.085e-3,
968.46,6.798e-4,6.798e-4,
968.51,4.238e-4,4.238e-4,
968.56,2.628e-4,2.628e-4,
968.61,1.622e-4,1.622e-4,
968.66,9.988e-5,9.988e-5,
968.71,6.156e-5,6.156e-5,
968.76,3.844e-5,3.844e-5,
968.81,2.503e-5,2.503e-5,
968.86,1.809e-5,1.809e-5,
968.91,1.590e-5,1.590e-5,
968.96,1.789e-5,1.789e-5,
969.01,2.446e-5,2.446e-5,
969.06,3.713e-5,3.713e-5,
969.11,5.877e-5,5.877e-5,
969.16,9.422e-5,9.422e-5,
969.21,1.513e-4,1.513e-4,
969.26,2.422e-4,2.422e-4,
969.31,3.860e-4,3.860e-4,
969.36,6.123e-4,6.123e-4,
969.41,9.662e-4,9.662e-4,
969.46,1.517e-3,1.517e-3,
969.51,2.368e-3,2.368e-3,
969.56,3.678e-3,3.678e-3,
969.61,5.683e-3,5.683e-3,
969.66,8.735e-3,8.735e-3,
969.71,1.335e-2,1.335e-2,
969.76,2.031e-2,2.031e-2,
969.81,3.072e-2,3.072e-2,
969.86,4.624e-2,4.624e-2,
969.91,6.921e-2,6.921e-2,
969.96,1.031e-1,1.031e-1,
970.01,1.527e-1,1.527e-1,
970.06,2.249e-1,2.249e-1,
970.11,3.297e-1,3.297e-1,
970.16,4.807e-1,4.807e-1,
970.21,6.972e-1,6.972e-1,
970.26,1.006e+0,1.006e+0,
970.31,1.443e+0,1.443e+0,
970.36,2.061e+0,2.061e+0,
970.41,2.926e+0,2.926e+0,
970.46,4.134e+0,4.134e+0,
970.51,5.808e+0,5.808e+0,
970.56,8.119e+0,8.119e+0,
970.61,1.129e+1,1.129e+1,
970.66,1.561e+1,1.561e+1,
970.71,2.148e+1,2.148e+1,
970.76,2.940e+1,2.940e+1,
970.81,4.002e+1,4.002e+1,
970.86,5.420e+1,5.420e+1,
970.91,7.301e+1,7.301e+1,
970.96,9.784e+1,9.784e+1,
971.01,1.304e+2,1.304e+2,
971.06,1.729e+2,1.729e+2,
971.11,2.281e+2,2.281e+2,
971.16,2.993e+2,2.993e+2,
971.21,3.906e+2,3.906e+2,
971.26,5.071e+2,5.071e+2,
971.31,6.549e+2,6.549e+2,
971.36,8.413e+2,8.413e+2,
971.41,1.075e+3,1.075e+3,
971.46,1.367e+3,1.367e+3,
971.51,1.728e+3,1.728e+3,
971.56,2.174e+3,2.174e+3,
971.61,2.720e+3,2.720e+3,
971.66,3.385e+3,3.385e+3,
971.71,4.192e+3,4.192e+3,
971.76,5.162e+3,5.162e+3,
971.81,6.324e+3,6.324e+3,
971.86,7.707e+3,7.707e+3,
971.91,9.343e+3,9.343e+3,
971.96,1.127e+4,1.127e+4,
972.01,1.352e+4,1.352e+4,
972.06,1.613e+4,1.613e+4,
972.11,1.914e+4,1.914e+4,
972.16,2.260e+4,2.260e+4,
972.21,2.655e+4,2.655e+4,
972.26,3.101e+4,3.101e+4,
972.31,3.604e+4,3.604e+4,
972.36,4.167e+4,4.167e+4,
972.41,4.792e+4,4.792e+4,
972.46,5.482e+4,5.482e+4,
972.51,6.238e+4,6.238e+4,
972.57,7.233e+4,7.233e+4,
972.62,8.136e+4,8.136e+4,
972.67,9.103e+4,9.103e+4,
972.72,1.013e+5,1.013e+5,
972.77,1.122e+5,1.122e+5,
972.82,1.235e+5,1.235e+5,
972.87,1.353e+5,1.353e+5,
972.92,1.475e+5,1.475e+5,
972.97,1.599e+5,1.599e+5,
973.02,1.724e+5,1.724e+5,
973.07,1.849e+5,1.849e+5,
973.12,1.973e+5,1.973e+5,
973.17,2.094e+5,2.094e+5,
973.22,2.211e+5,2.211e+5,
973.27,2.322e+5,2.322e+5,
973.32,2.426e+5,2.426e+5,
973.37,2.522e+5,2.522e+5,
973.42,2.607e+5,2.607e+5,
973.47,2.681e+5,2.681e+5,
973.52,2.742e+5,2.742e+5,
973.57,2.790e+5,2.790e+5,
973.62,2.824e+5,2.824e+5,
973.67,2.844e+5,2.844e+5,
973.72,2.848e+5,2.848e+5,
973.77,2.838e+5,2.838e+5,
973.82,2.812e+5,2.812e+5,
973.87,2.773e+5,2.773e+5,
973.92,2.719e+5,2.719e+5,
973.97,2.653e+5,2.653e+5,
974.02,2.574e+5,2.574e+5,
974.07,2.485e+5,2.485e+5,
974.12,2.386e+5,2.386e+5,
974.17,2.279e+5,2.279e+5,
974.22,2.165e+5,2.165e+5,
974.27,2.046e+5,2.046e+5,
974.32,1.924e+5,1.924e+5,
974.37,1.799e+5,1.799e+5,
974.42,1.674e+5,1.674e+5,
974.47,1.549e+5,1.549e+5,
974.52,1.426e+5,1.426e+5,
974.57,1.306e+5,1.306e+5,
974.62,1.190e+5,1.190e+5,
974.67,1.079e+5,1.079e+5,
974.72,9.726e+4,9.726e+4,
974.77,8.726e+4,8.726e+4,
974.82,7.789e+4,7.789e+4,
974.87,6.919e+4,6.919e+4,
974.92,6.117e+4,6.117e+4,
974.97,5.384e+4,5.384e+4,
975.02,4.720e+4,4.720e+4,
975.07,4.123e+4,4.123e+4,
975.12,3.591e+4,3.591e+4,
975.17,3.122e+4,3.122e+4,
975.22,2.713e+4,2.713e+4,
975.27,2.361e+4,2.361e+4,
975.32,2.063e+4,2.063e+4,
975.37,1.816e+4,1.816e+4,
975.42,1.618e+4,1.618e+4,
975.47,1.464e+4,1.464e+4,
975.52,1.353e+4,1.353e+4,
975.57,1.283e+4,1.283e+4,
975.62,1.250e+4,1.250e+4,
975.67,1.254e+4,1.254e+4,
975.72,1.293e+4,1.293e+4,
975.77,1.365e+4,1.365e+4,
975.82,1.469e+4,1.469e+4,
975.87,1.606e+4,1.606e+4,
975.92,1.773e+4,1.773e+4,
975.97,1.970e+4,1.970e+4,
976.02,2.196e+4,2.196e+4,
976.07,2.450e+4,2.450e+4,
976.12,2.731e+4,2.731e+4,
976.17,3.038e+4,3.038e+4,
976.22,3.369e+4,3.369e+4,
976.27,3.723e+4,3.723e+4,
976.32,4.096e+4,4.096e+4,
976.37,4.486e+4,4.486e+4,
976.42,4.891e+4,4.891e+4,
976.47,5.306e+4,5.306e+4,
976.52,5.727e+4,5.727e+4,
976.57,6.151e+4,6.151e+4,
976.62,6.572e+4,6.572e+4,
976.67,6.986e+4,6.986e+4,
976.72,7.388e+4,7.388e+4,
976.77,7.772e+4,7.772e+4,
976.82,8.133e+4,8.133e+4,
976.87,8.468e+4,8.468e+4,
976.92,8.770e+4,8.770e+4,
976.97,9.035e+4,9.035e+4,
977.02,9.260e+4,9.260e+4,
977.07,9.441e+4,9.441e+4,
977.12,9.576e+4,9.576e+4,
977.17,9.661e+4,9.661e+4,
977.22,9.697e+4,9.697e+4,
977.27,9.681e+4,9.681e+4,
977.32,9.616e+4,9.616e+4,
977.37,9.501e+4,9.501e+4,
977.42,9.338e+4,9.338e+4,
977.47,9.130e+4,9.130e+4,
977.52,8.880e+4,8.880e+4,
977.57,8.592e+4,8.592e+4,
977.62,8.270e+4,8.270e+4,
977.67,7.918e+4,7.918e+4,
977.72,7.542e+4,7.542e+4,
977.77,7.146e+4,7.146e+4,
977.82,6.735e+4,6.735e+4,
977.87,6.315e+4,6.315e+4,
977.92,5.890e+4,5.890e+4,
977.97,5.466e+4,5.466e+4,
978.02,5.045e+4,5.045e+4,
978.07,4.632e+4,4.632e+4,
978.12,4.231e+4,4.231e+4,
978.17,3.844e+4,3.844e+4,
978.22,3.475e+4,3.475e+4,
978.27,3.125e+4,3.125e+4,
978.32,2.795e+4,2.795e+4,
978.37,2.487e+4,2.487e+4,
978.42,2.201e+4,2.201e+4,
978.47,1.938e+4,1.938e+4,
978.52,1.698e+4,1.698e+4,
978.57,1.479e+4,1.479e+4,
978.62,1.282e+4,1.282e+4,
978.67,1.106e+4,1.106e+4,
978.72,9.485e+3,9.485e+3,
978.77,8.093e+3,8.093e+3,
978.82,6.870e+3,6.870e+3,
978.87,5.801e+3,5.801e+3,
978.92,4.873e+3,4.873e+3,
978.97,4.072e+3,4.072e+3,
979.02,3.385e+3,3.385e+3,
979.07,2.799e+3,2.799e+3,
979.12,2.302e+3,2.302e+3,
979.17,1.884e+3,1.884e+3,
979.22,1.534e+3,1.534e+3,
979.27,1.242e+3,1.242e+3,
979.32,1.000e+3,1.000e+3,
979.37,8.017e+2,8.017e+2,
979.42,6.391e+2,6.391e+2,
979.47,5.068e+2,5.068e+2,
979.52,3.998e+2,3.998e+2,
979.57,3.137e+2,3.137e+2,
979.62,2.449e+2,2.449e+2,
979.67,1.902e+2,1.902e+2,
979.72,1.469e+2,1.469e+2,
979.77,1.129e+2,1.129e+2,
979.82,8.630e+1,8.630e+1,
979.87,6.563e+1,6.563e+1,
979.92,4.965e+1,4.965e+1,
979.97,3.736e+1,3.736e+1,
980.02,2.797e+1,2.797e+1,
980.07,2.083e+1,2.083e+1,
980.12,1.543e+1,1.543e+1,
980.17,1.137e+1,1.137e+1,
980.22,8.336e+0,8.336e+0,
980.27,6.079e+0,6.079e+0,
980.32,4.410e+0,4.410e+0,
980.37,3.183e+0,3.183e+0,
980.42,2.285e+0,2.285e+0,
980.47,1.632e+0,1.632e+0,
980.52,1.159e+0,1.159e+0,
980.57,8.192e-1,8.192e-1,
980.62,5.759e-1,5.759e-1,
980.67,4.028e-1,4.028e-1,
980.72,2.802e-1,2.802e-1,
980.77,1.939e-1,1.939e-1,
980.82,1.335e-1,1.335e-1,
980.87,9.144e-2,9.144e-2,
980.92,6.229e-2,6.229e-2,
980.97,4.222e-2,4.222e-2,
981.02,2.846e-2,2.846e-2,
981.07,1.909e-2,1.909e-2,
981.12,1.274e-2,1.274e-2,
981.17,8.452e-3,8.452e-3,
981.22,5.580e-3,5.580e-3,
981.27,3.665e-3,3.665e-3,
981.32,2.394e-3,2.394e-3,
981.37,1.556e-3,1.556e-3,
981.42,1.006e-3,1.006e-3,
981.47,6.471e-4,6.471e-4,
981.52,4.140e-4,4.140e-4,
981.57,2.635e-4,2.635e-4,
981.62,1.668e-4,1.668e-4,
981.67,1.051e-4,1.051e-4,
981.72,6.583e-5,6.583e-5,
981.77,4.103e-5,4.103e-5,
981.82,2.544e-5,2.544e-5,
981.87,1.569e-5,1.569e-5,
981.92,9.626e-6,9.626e-6,
981.97,5.875e-6,5.875e-6,
982.02,3.567e-6,3.567e-6,
982.07,2.155e-6,2.155e-6,
982.12,1.295e-6,1.295e-6,
982.17,7.737e-7,7.737e-7,
982.22,4.601e-7,4.601e-7,
982.27,2.721e-7,2.721e-7,
982.32,1.601e-7,1.601e-7,
982.37,9.371e-8,9.371e-8,
982.42,5.456e-8,5.456e-8,
982.47,3.160e-8,3.160e-8,
982.52,1.821e-8,1.821e-8,
982.57,1.044e-8,1.044e-8,
982.62,5.951e-9,5.951e-9,
982.67,3.375e-9,3.375e-9,
982.72,1.905e-9,1.905e-9,
982.77,1.069e-9,1.069e-9,
982.82,5.969e-10,5.969e-10,
982.87,3.316e-10,3.316e-10,
982.92,1.832e-10,1.832e-10,
982.97,1.007e-10,1.007e-10,
983.02,5.506e-11,5.506e-11,
983.07,2.995e-11,2.995e-11,
983.12,1.621e-11,1.621e-11,