200.1,129900000.0,0.0,129900000.0,4303.0
200.2,109700000.0,0.0,109700000.0,5584.0
200.3,84340000.0,0.0,84330000.0,6787.0
200.4,61970000.0,0.0,61960000.0,7730.0
200.5,48390000.0,0.0,48380000.0,8260.0
200.6,45760000.0,0.0,45760000.0,8297.0
200.7,53210000.0,0.0,53200000.0,7857.0
200.8,67840000.0,0.0,67830000.0,7041.0
200.9,85520000.0,0.0,85510000.0,6011.0
201.0,101700000.0,0.0,101700000.0,4946.0
201.1,112800000.0,0.0,112800000.0,3990.0
201.2,117500000.0,0.0,117500000.0,3221.0
201.3,117200000.0,0.0,117200000.0,2637.0
201.4,115600000.0,0.0,115600000.0,2194.0
201.5,116200000.0,0.0,116200000.0,1840.0
201.6,121000000.0,0.0,121000000.0,1542.0
201.7,129200000.0,0.0,129200000.0,1289.0
201.8,137400000.0,0.0,137400000.0,1084.0
201.9,140800000.0,0.0,140800000.0,940.2
202.0,135600000.0,0.0,135600000.0,872.9
202.1,120500000.0,0.0,120500000.0,892.3
202.2,97750000.0,0.0,97750000.0,994.6
202.3,72200000.0,0.0,72200000.0,1153.0
202.4,48950000.0,0.0,48950000.0,1318.0
202.5,31880000.0,0.0,31880000.0,1431.0
202.6,22960000.0,0.0,22960000.0,1449.0
202.7,22530000.0,0.0,22530000.0,1367.0
202.8,29720000.0,0.0,29710000.0,1227.0
202.9,42600000.0,0.0,42600000.0,1104.0
203.0,58190000.0,0.0,58180000.0,1085.0
203.1,72890000.0,0.0,72890000.0,1235.0
203.2,83630000.0,0.0,83630000.0,1583.0
203.3,89110000.0,0.0,89100000.0,2105.0
203.4,90360000.0,0.0,90350000.0,2729.0
203.5,90320000.0,0.0,90310000.0,3351.0
203.6,92510000.0,0.0,92510000.0,3865.0
203.7,99460000.0,0.0,99460000.0,4200.0
203.8,111200000.0,0.0,111200000.0,4335.0
203.9,124700000.0,0.0,124700000.0,4303.0
204.0,134400000.0,0.0,134400000.0,4169.0
204.1,134700000.0,0.0,134700000.0,4000.0
204.2,123300000.0,0.0,123300000.0,3842.0
204.3,102500000.0,0.0,102400000.0,3699.0
204.4,78130000.0,0.0,78130000.0,3535.0
204.5,57490000.0,0.0,57490000.0,3303.0
204.6,45850000.0,0.0,45850000.0,2980.0
204.7,45170000.0,0.0,45170000.0,2583.0
204.8,53950000.0,0.0,53950000.0,2171.0
204.9,68090000.0,0.0,68090000.0,1832.0
205.0,82420000.0,0.0,82410000.0,1669.0
205.1,92330000.0,0.0,92330000.0,1815.0
205.2,95270000.0,0.0,95270000.0,2457.0
205.3,91080000.0,0.0,91080000.0,3893.0
205.4,81370000.0,0.0,81370000.0,6643.0
205.5,68440000.0,0.0,68430000.0,11580.0
205.6,54580000.0,0.0,54560000.0,19960.0
205.7,41910000.0,0.0,41880000.0,33080.0
205.8,32450000.0,0.0,32400000.0,51530.0
205.9,27960000.0,0.0,27890000.0,74250.0
206.0,29460000.0,0.0,29360000.0,98220.0
206.1,36750000.0,0.0,36630000.0,119500.0
206.2,48280000.0,0.0,48140000.0,135500.0
206.3,61460000.0,0.0,61320000.0,146600.0
206.4,73370000.0,0.0,73210000.0,156100.0
206.5,81540000.0,0.0,81380000.0,167000.0
206.6,84510000.0,0.0,84330000.0,179000.0
206.7,81900000.0,0.0,81710000.0,187100.0
206.8,74260000.0,0.0,74080000.0,184900.0
206.9,62890000.0,0.0,62720000.0,168900.0
207.0,49570000.0,0.0,49430000.0,141000.0
207.1,36300000.0,0.0,36190000.0,108900.0
207.2,24890000.0,0.0,24810000.0,82530.0
207.3,16660000.0,0.0,16590000.0,70450.0
207.4,12260000.0,0.0,12180000.0,77780.0
207.5,11730000.0,0.0,11630000.0,104800.0
207.6,14590000.0,0.0,14440000.0,146100.0
207.7,19770000.0,0.0,19580000.0,191100.0
207.8,25710000.0,0.0,25480000.0,226300.0
207.9,30640000.0,0.0,30400000.0,240200.0
208.0,33310000.0,0.0,33080000.0,227900.0
208.1,33630000.0,0.0,33440000.0,193800.0
208.2,32970000.0,0.0,32820000.0,148300.0
208.3,33540000.0,0.0,33440000.0,103100.0
208.4,37210000.0,0.0,37140000.0,66580.0
208.5,44300000.0,0.0,44260000.0,41660.0
208.6,53100000.0,0.0,53070000.0,27200.0
208.7,60480000.0,0.0,60460000.0,20140.0
208.8,63410000.0,0.0,63400000.0,17300.0
208.9,60490000.0,0.0,60480000.0,16270.0
209.0,52570000.0,0.0,52550000.0,15660.0
209.1,42070000.0,0.0,42050000.0,15000.0
209.2,31650000.0,0.0,31640000.0,14460.0
209.3,23030000.0,0.0,23020000.0,14540.0
209.4,16650000.0,0.0,16640000.0,15540.0
209.5,12090000.0,0.0,12080000.0,17270.0
209.6,8757000.0,0.0,8738000.0,19010.0
209.7,6244000.0,0.0,6224000.0,19830.0
209.8,4428000.0,0.0,4408000.0,19060.0
209.9,3312000.0,0.0,3296000.0,16690.0
210.0,2939000.0,0.0,2925000.0,13290.0
210.1,3398000.0,0.0,3388000.0,9762.0
210.2,4910000.0,0.0,4903000.0,6890.0
210.3,7854000.0,0.0,7849000.0,5084.0
210.4,12650000.0,0.0,12650000.0,4317.0
210.5,19500000.0,0.0,19500000.0,4253.0
210.6,28050000.0,5.042e-10,28050000.0,4439.0
210.7,37230000.0,8.334e-09,37220000.0,4487.0
210.8,45360000.0,1.234e-07,45360000.0,4193.0
210.9,50730000.0,1.636e-06,50720000.0,3566.0
211.0,52180000.0,1.944e-05,52180000.0,2763.0
211.1,49700000.0,0.0002069,49700000.0,1985.0
211.2,44420000.0,0.001973,44420000.0,1384.0
211.3,38130000.0,0.01685,38130000.0,1019.0
211.4,32440000.0,0.129,32440000.0,868.1
211.5,28140000.0,0.8841,28140000.0,860.9
211.6,25020000.0,5.429,25020000.0,915.7
211.7,22300000.0,29.87,22300000.0,962.5
211.8,19230000.0,147.2,19230000.0,957.4
211.9,15620000.0,649.9,15610000.0,886.9
212.0,11820000.0,2570.0,11820000.0,764.1
212.1,8494000.0,9107.0,8484000.0,617.0
212.2,6213000.0,28900.0,6183000.0,474.2
212.3,5274000.0,82190.0,5191000.0,354.0
212.4,5707000.0,209300.0,5497000.0,261.7
212.5,7379000.0,477700.0,6901000.0,193.8
212.6,10080000.0,976500.0,9101000.0,144.9
212.7,13510000.0,1788000.0,11720000.0,112.0
212.8,17260000.0,2934000.0,14330000.0,96.59
212.9,20770000.0,4311000.0,16460000.0,102.8
213.0,23420000.0,5676000.0,17740000.0,136.5
213.1,24740000.0,6694000.0,18040000.0,202.5
213.2,24620000.0,7072000.0,17540000.0,301.1
213.3,23350000.0,6694000.0,16660000.0,424.6
213.4,21480000.0,5676000.0,15800000.0,556.0
213.5,19450000.0,4311000.0,15140000.0,673.2
213.6,17430000.0,2934000.0,14490000.0,758.8
213.7,15310000.0,1788000.0,13520000.0,811.0
213.8,12950000.0,976500.0,11970000.0,848.8
213.9,10400000.0,477700.0,9923000.0,904.0
214.0,8007000.0,209300.0,7797000.0,1004.0
214.1,6300000.0,82190.0,6216000.0,1154.0
214.2,5851000.0,28900.0,5821000.0,1324.0
214.3,7149000.0,9107.0,7138000.0,1466.0
214.4,10500000.0,2570.0,10500000.0,1529.0
214.5,15960000.0,649.9,15960000.0,1488.0
214.6,23190000.0,147.2,23190000.0,1353.0
214.7,31380000.0,29.99,31370000.0,1165.0
214.8,39220000.0,6.361,39220000.0,975.9
214.9,45200000.0,7.562,45200000.0,823.0
215.0,47930000.0,43.19,47920000.0,719.1
215.1,46710000.0,249.6,46710000.0,651.6
215.2,41920000.0,1300.0,41910000.0,596.0
215.3,35080000.0,6092.0,35070000.0,532.3
215.4,28570000.0,25650.0,28550000.0,454.4
215.5,25070000.0,97120.0,24970000.0,369.4
215.6,26960000.0,330500.0,26630000.0,289.5
215.7,35830000.0,1011000.0,34820000.0,222.8
215.8,52050000.0,2781000.0,49270000.0,170.8
215.9,74620000.0,6876000.0,67750000.0,130.2
216.0,101600000.0,15280000.0,86280000.0,96.72
216.1,130800000.0,30540000.0,100200000.0,68.37
216.2,160900000.0,54860000.0,106000000.0,45.14
216.3,191200000.0,88590000.0,102600000.0,27.93
216.4,220400000.0,128600000.0,91760000.0,17.78
216.5,245000000.0,167800000.0,77180000.0,16.35
216.6,259500000.0,196900000.0,62550000.0,27.91
216.7,258100000.0,207700000.0,50460000.0,61.84
216.8,239000000.0,196900000.0,42130000.0,134.3
216.9,205900000.0,167800000.0,38040000.0,266.1
217.0,167100000.0,128600000.0,38460000.0,475.8
217.1,131900000.0,88590000.0,43340000.0,765.6
217.2,106600000.0,54860000.0,51780000.0,1108.0
217.3,92180000.0,30540000.0,61640000.0,1444.0
217.4,85060000.0,15280000.0,69770000.0,1692.0
217.5,80050000.0,6876000.0,73180000.0,1784.0
217.6,73030000.0,2781000.0,70250000.0,1692.0
217.7,62500000.0,1012000.0,61490000.0,1444.0
217.8,49550000.0,332900.0,49220000.0,1108.0
217.9,36550000.0,106700.0,36440000.0,765.6
218.0,25690000.0,60810.0,25630000.0,475.8
218.1,18160000.0,122600.0,18040000.0,266.0
218.2,13960000.0,349200.0,13610000.0,133.8
218.3,12450000.0,937300.0,11510000.0,60.54
218.4,12970000.0,2277000.0,10690000.0,24.64
218.5,15390000.0,4993000.0,10390000.0,9.026
218.6,20180000.0,9893000.0,10290000.0,2.974
218.7,28140000.0,17730000.0,10420000.0,0.8818
218.8,39730000.0,28780000.0,10950000.0,0.2352
218.9,54390000.0,42460000.0,11930000.0,0.05643
219.0,70290000.0,57140000.0,13150000.0,0.01218
219.1,84780000.0,70530000.0,14240000.0,0.002378
219.2,95420000.0,80520000.0,14900000.0,0.0004822
219.3,101100000.0,85920000.0,15140000.0,0.0004382
219.4,102300000.0,86900000.0,15410000.0,0.001836
219.5,101000000.0,84650000.0,16390000.0,0.008076
219.6,99420000.0,80700000.0,18720000.0,0.03221
219.7,98800000.0,76180000.0,22620000.0,0.1159
219.8,99330000.0,71480000.0,27850000.0,0.3768
219.9,100100000.0,66260000.0,33870000.0,1.105
220.0,100100000.0,59860000.0,40260000.0,2.925
220.1,98900000.0,51830000.0,47070000.0,6.99
220.2,97120000.0,42330000.0,54790000.0,15.08
220.3,96180000.0,32200000.0,63970000.0,29.35
220.4,97280000.0,22590000.0,74690000.0,51.56
220.5,100700000.0,14520000.0,86170000.0,81.78
220.6,105500000.0,8512000.0,97010000.0,117.1
220.7,110600000.0,4537000.0,106100000.0,151.2
220.8,115500000.0,2194000.0,113300000.0,176.4
220.9,121300000.0,961800.0,120400000.0,185.6
221.0,130100000.0,381800.0,129700000.0,176.4
221.1,143400000.0,137100.0,143300000.0,151.2
221.2,161500000.0,44570.0,161500000.0,117.1
221.3,182800000.0,13100.0,182800000.0,81.78
221.4,205300000.0,3483.0,205300000.0,51.56
221.5,227800000.0,837.0,227800000.0,29.35
221.6,250200000.0,181.9,250200000.0,15.08
221.7,272200000.0,35.71,272200000.0,7.003
221.8,292000000.0,6.338,292000000.0,2.966
221.9,305300000.0,1.017,305300000.0,1.222
222.0,306600000.0,0.1473,306600000.0,0.6819
222.1,292700000.0,0.01929,292700000.0,0.8335
222.2,264000000.0,0.002281,264000000.0,1.558
222.3,225500000.0,0.0002437,225500000.0,2.943
222.4,184600000.0,2.352e-05,184600000.0,5.108
222.5,148200000.0,2.05e-06,148200000.0,8.034
222.6,120700000.0,1.613e-07,120700000.0,11.44
222.7,103700000.0,1.146e-08,103700000.0,14.76
222.8,96000000.0,6.63e-10,96000000.0,17.29
222.9,95640000.0,0.0,95640000.0,18.53
223.0,100300000.0,0.0,100300000.0,18.43
223.1,107700000.0,0.0,107700000.0,17.62
223.2,115800000.0,1.69e-10,115800000.0,17.23
223.3,122400000.0,2.497e-09,122400000.0,18.55
223.4,126000000.0,3.346e-08,126000000.0,22.68
223.5,126000000.0,4.066e-07,126000000.0,30.15
223.6,122800000.0,4.479e-06,122800000.0,40.82
223.7,117800000.0,4.475e-05,117800000.0,53.91
223.8,112700000.0,0.0004053,112700000.0,68.05
223.9,109300000.0,0.003328,109300000.0,81.33
224.0,109100000.0,0.02478,109100000.0,91.48
224.1,113600000.0,0.1673,113600000.0,96.25
224.2,123900000.0,1.024,123900000.0,94.16
224.3,140300000.0,5.685,140300000.0,85.11
224.4,161900000.0,28.61,161900000.0,70.73
224.5,187000000.0,130.5,187000000.0,53.8
224.6,212800000.0,540.1,212800000.0,37.34
224.7,236700000.0,2026.0,236700000.0,23.58
224.8,256100000.0,6892.0,256100000.0,13.54
224.9,269400000.0,21260.0,269400000.0,7.052
225.0,276000000.0,59440.0,275900000.0,3.332
225.1,276100000.0,150700.0,276000000.0,1.427
225.2,270800000.0,346500.0,270500000.0,0.5537
225.3,261200000.0,722200.0,260500000.0,0.1951
225.4,248200000.0,1365000.0,246800000.0,0.06319
225.5,232000000.0,2339000.0,229700000.0,0.02011
225.6,212800000.0,3635000.0,209200000.0,0.008325
225.7,191000000.0,5121000.0,185900000.0,0.00664
225.8,167800000.0,6541000.0,161300000.0,0.008084
225.9,145600000.0,7576000.0,138000000.0,0.0105
226.0,126600000.0,7956000.0,118700000.0,0.0131
226.1,112300000.0,7576000.0,104800000.0,0.01536
226.2,102400000.0,6542000.0,95840000.0,0.01686
226.3,94970000.0,5124000.0,89850000.0,0.01725
226.4,87640000.0,3646000.0,83990000.0,0.01644
226.5,78470000.0,2373000.0,76100000.0,0.01464
226.6,66900000.0,1457000.0,65450000.0,0.01237
226.7,53770000.0,952300.0,52810000.0,0.01025
226.8,40770000.0,869000.0,39900000.0,0.00883
226.9,29730000.0,1229000.0,28500000.0,0.008379
227.0,22030000.0,2078000.0,19950000.0,0.00881
227.1,18480000.0,3455000.0,15020000.0,0.009716
227.2,19510000.0,5314000.0,14200000.0,0.01053
227.3,25490000.0,7455000.0,18030000.0,0.01075
227.4,36800000.0,9525000.0,27270000.0,0.01013
227.5,53570000.0,11100000.0,42460000.0,0.008721
227.6,75110000.0,11870000.0,63240000.0,0.006841
227.7,99350000.0,11770000.0,87580000.0,0.00491
227.8,122700000.0,11070000.0,111700000.0,0.00335
227.9,140900000.0,10260000.0,130700000.0,0.002681
228.0,150300000.0,9859000.0,140400000.0,0.004105
228.1,149000000.0,10170000.0,138800000.0,0.01119
228.2,138000000.0,11200000.0,126800000.0,0.03404
228.3,120300000.0,12630000.0,107700000.0,0.09859
228.4,99660000.0,13970000.0,85690000.0,0.265
228.5,79340000.0,14740000.0,64590000.0,0.66
228.6,61470000.0,14650000.0,46830000.0,1.523
228.7,47080000.0,13650000.0,33430000.0,3.262
228.8,36490000.0,12020000.0,24470000.0,6.48
228.9,29840000.0,10300000.0,19540000.0,11.93
229.0,27340000.0,9211000.0,18130000.0,20.33
229.1,29210000.0,9559000.0,19650000.0,32.01
229.2,35470000.0,12060000.0,23400000.0,46.46
229.3,45560000.0,17140000.0,28430000.0,62.03
229.4,58150000.0,24600000.0,33550000.0,76.03
229.5,71070000.0,33480000.0,37600000.0,85.4
229.6,81760000.0,42080000.0,39680000.0,87.76
229.7,87900000.0,48370000.0,39540000.0,82.42
229.8,88320000.0,50660000.0,37650000.0,70.66
229.9,83440000.0,48300000.0,35130000.0,55.24
230.0,75250000.0,41910000.0,33350000.0,39.37
230.1,66570000.0,33080000.0,33480000.0,25.56
230.2,59910000.0,23780000.0,36130000.0,15.11
230.3,56690000.0,15600000.0,41090000.0,8.134
230.4,56920000.0,9450000.0,47470000.0,3.988
230.5,59550000.0,5506000.0,54050000.0,1.792
230.6,63190000.0,3511000.0,59680000.0,0.7777
230.7,66680000.0,3050000.0,63630000.0,0.449
230.8,69330000.0,3725000.0,65600000.0,0.6226
230.9,70840000.0,5189000.0,65650000.0,1.443
231.0,71060000.0,7101000.0,63960000.0,3.431
231.1,69890000.0,9104000.0,60780000.0,7.546
231.2,67320000.0,10870000.0,56450000.0,15.15
231.3,63680000.0,12220000.0,51460000.0,27.72
231.4,59770000.0,13170000.0,46600000.0,46.23
231.5,56890000.0,13980000.0,42910000.0,70.26
231.6,56770000.0,14910000.0,41860000.0,97.33
231.7,61690000.0,16070000.0,45620000.0,122.9
231.8,74930000.0,17260000.0,57670000.0,141.7
231.9,101500000.0,18050000.0,83460000.0,149.3
232.0,148700000.0,17930000.0,130800000.0,144.3
232.1,225800000.0,16630000.0,209100000.0,129.1
232.2,342100000.0,14240000.0,327800000.0,108.9
232.3,504700000.0,11200000.0,493500000.0,90.06
232.4,716400000.0,8059000.0,708400000.0,77.41
232.5,976000000.0,5295000.0,970700000.0,73.32
232.6,1281000000.0,3173000.0,1278000000.0,77.13
232.7,1631000000.0,1734000.0,1629000000.0,85.85
232.8,2021000000.0,864000.0,2020000000.0,95.49
232.9,2441000000.0,392300.0,2440000000.0,102.5
233.0,2858000000.0,162300.0,2858000000.0,105.2
233.1,3225000000.0,61220.0,3224000000.0,104.7
233.2,3487000000.0,21040.0,3487000000.0,104.8
233.3,3614000000.0,6591.0,3614000000.0,111.1
233.4,3617000000.0,1881.0,3617000000.0,128.0
233.5,3561000000.0,489.4,3561000000.0,157.2
233.6,3541000000.0,116.0,3541000000.0,195.1
233.7,3663000000.0,25.06,3663000000.0,233.6
233.8,4007000000.0,4.935,4007000000.0,262.2
233.9,4600000000.0,0.8854,4600000000.0,271.9
234.0,5398000000.0,0.1448,5398000000.0,258.6
234.1,6287000000.0,0.02157,6287000000.0,225.1
234.2,7111000000.0,0.002929,7111000000.0,179.0
234.3,7712000000.0,0.0003625,7712000000.0,129.9
234.4,7984000000.0,4.088e-05,7984000000.0,86.1
234.5,7894000000.0,4.201e-06,7894000000.0,52.08
234.6,7479000000.0,3.935e-07,7479000000.0,28.75
234.7,6815000000.0,3.358e-08,6815000000.0,14.49
234.8,5988000000.0,2.612e-09,5988000000.0,6.662
234.9,5083000000.0,1.852e-10,5083000000.0,2.796
235.0,4182000000.0,0.0,4182000000.0,1.071
235.1,3371000000.0,0.0,3371000000.0,0.3744
235.2,2730000000.0,0.0,2730000000.0,0.1194
235.3,2320000000.0,0.0,2320000000.0,0.03478
235.4,2169000000.0,0.0,2169000000.0,0.009242
235.5,2267000000.0,0.0,2267000000.0,0.002242
235.6,2564000000.0,0.0,2564000000.0,0.0004963
235.7,2982000000.0,0.0,2982000000.0,0.0001009
235.8,3421000000.0,0.0,3421000000.0,2.226e-05
235.9,3787000000.0,0.0,3787000000.0,2.256e-05
236.0,4012000000.0,0.0,4012000000.0,9.205e-05
236.1,4073000000.0,0.0,4073000000.0,0.0003946
236.2,3988000000.0,0.0,3988000000.0,0.001556
236.3,3798000000.0,0.0,3798000000.0,0.005614
236.4,3552000000.0,0.0,3552000000.0,0.01855
236.5,3287000000.0,0.0,3287000000.0,0.05607
236.6,3028000000.0,0.0,3028000000.0,0.1552
236.7,2797000000.0,0.0,2797000000.0,0.3931
236.8,2616000000.0,0.0,2616000000.0,0.9113
236.9,2509000000.0,0.0,2509000000.0,1.934
237.0,2494000000.0,0.0,2494000000.0,3.756
237.1,2579000000.0,0.0,2579000000.0,6.677
237.2,2768000000.0,0.0,2768000000.0,10.86
237.3,3076000000.0,0.0,3076000000.0,16.18
237.4,3551000000.0,0.0,3551000000.0,22.06
237.5,4285000000.0,0.0,4285000000.0,27.53
237.6,5400000000.0,0.0,5400000000.0,31.44
237.7,6983000000.0,0.0,6983000000.0,32.9
237.8,9008000000.0,0.0,9008000000.0,31.59
237.9,11270000000.0,0.0,11270000000.0,27.95
238.0,13400000000.0,0.0,13400000000.0,23.14
238.1,14940000000.0,0.0,14940000000.0,18.67
238.2,15520000000.0,0.0,15520000000.0,16.1
238.3,15020000000.0,0.0,15020000000.0,16.78
238.4,13600000000.0,0.0,13600000000.0,21.61
238.5,11630000000.0,0.0,11630000000.0,30.83
238.6,9579000000.0,0.0,9579000000.0,43.77
238.7,7809000000.0,0.0,7809000000.0,58.62
238.8,6540000000.0,0.0,6540000000.0,72.64
238.9,5847000000.0,0.0,5847000000.0,82.71
239.0,5726000000.0,0.0,5726000000.0,86.38
239.1,6141000000.0,0.0,6141000000.0,82.69
239.2,7023000000.0,0.0,7023000000.0,72.55
239.3,8240000000.0,0.0,8240000000.0,58.42
239.4,9568000000.0,0.0,9568000000.0,43.34
239.5,10720000000.0,0.0,10720000000.0,30.0
239.6,11430000000.0,0.0,11430000000.0,20.14
239.7,11550000000.0,0.0,11550000000.0,14.49
239.8,11110000000.0,0.0,11110000000.0,12.96
239.9,10320000000.0,0.0,10320000000.0,14.95
240.0,9468000000.0,0.0,9468000000.0,19.53
240.1,8828000000.0,0.0,8828000000.0,25.5
240.2,8548000000.0,0.0,8548000000.0,31.42
240.3,8620000000.0,0.0,8620000000.0,35.83
240.4,8911000000.0,0.0,8911000000.0,37.61
240.5,9239000000.0,0.0,9239000000.0,36.26
240.6,9453000000.0,0.0,9453000000.0,32.12
240.7,9479000000.0,0.0,9479000000.0,26.13
240.8,9314000000.0,1.619e-10,9314000000.0,19.53
240.9,8982000000.0,1.936e-09,8982000000.0,13.41
241.0,8493000000.0,2.384e-08,8493000000.0,8.471
241.1,7835000000.0,2.455e-07,7835000000.0,4.919
241.2,6996000000.0,2.332e-06,6996000000.0,2.628
241.3,5992000000.0,2.043e-05,5992000000.0,1.292
241.4,4893000000.0,0.0001651,4893000000.0,0.5853
241.5,3800000000.0,0.001233,3800000000.0,0.2442
241.6,2821000000.0,0.008497,2821000000.0,0.09393
241.7,2037000000.0,0.05413,2037000000.0,0.03332
241.8,1481000000.0,0.3188,1481000000.0,0.01091
241.9,1145000000.0,1.736,1145000000.0,0.003297
242.0,992600000.0,8.751,992600000.0,0.0009204
242.1,972400000.0,40.82,972400000.0,0.0002374
242.2,1033000000.0,176.3,1033000000.0,5.659e-05
242.3,1130000000.0,704.9,1130000000.0,1.247e-05
242.4,1233000000.0,2610.0,1233000000.0,2.546e-06
242.5,1326000000.0,8953.0,1326000000.0,5.157e-07
242.6,1405000000.0,28440.0,1405000000.0,3.092e-07
242.7,1475000000.0,83690.0,1475000000.0,1.265e-06
242.8,1541000000.0,228000.0,1541000000.0,6.376e-06
242.9,1603000000.0,575500.0,1602000000.0,2.986e-05
243.0,1657000000.0,1345000.0,1655000000.0,0.0001287
243.1,1694000000.0,2913000.0,1691000000.0,0.0005102
243.2,1709000000.0,5842000.0,1703000000.0,0.001861
243.3,1698000000.0,10860000.0,1687000000.0,0.006242
243.4,1662000000.0,18730000.0,1643000000.0,0.01927
243.5,1607000000.0,29970000.0,1577000000.0,0.05469
243.6,1542000000.0,44550000.0,1498000000.0,0.1428
243.7,1477000000.0,61610000.0,1415000000.0,0.3432
243.8,1421000000.0,79350000.0,1342000000.0,0.7585
243.9,1386000000.0,95320000.0,1290000000.0,1.542
244.0,1380000000.0,107000000.0,1273000000.0,2.884
244.1,1411000000.0,112300000.0,1299000000.0,4.962
244.2,1476000000.0,110300000.0,1366000000.0,7.853
244.3,1559000000.0,101500000.0,1457000000.0,11.43
244.4,1632000000.0,87650000.0,1544000000.0,15.31
244.5,1663000000.0,71060000.0,1592000000.0,18.87
244.6,1628000000.0,54370000.0,1574000000.0,21.38
244.7,1519000000.0,39760000.0,1480000000.0,22.3
244.8,1350000000.0,28640000.0,1322000000.0,21.38
244.9,1151000000.0,21590000.0,1129000000.0,18.87
245.0,956600000.0,18480000.0,938200000.0,15.31
245.1,799800000.0,18790000.0,781000000.0,11.43
245.2,702200000.0,21910000.0,680300000.0,7.853
245.3,674300000.0,27330000.0,646900000.0,4.962
245.4,716900000.0,34740000.0,682200000.0,2.884
245.5,824000000.0,44040000.0,780000000.0,1.542
245.6,983900000.0,55230000.0,928700000.0,0.7585
245.7,1180000000.0,68360000.0,1112000000.0,0.3432
245.8,1391000000.0,83270000.0,1308000000.0,0.1428
245.9,1594000000.0,99440000.0,1495000000.0,0.05469
246.0,1766000000.0,115700000.0,1650000000.0,0.01927
246.1,1888000000.0,130200000.0,1758000000.0,0.006242
246.2,1952000000.0,141000000.0,1811000000.0,0.001861
246.3,1956000000.0,146400000.0,1810000000.0,0.0005102
246.4,1911000000.0,146200000.0,1765000000.0,0.0001287
246.5,1829000000.0,142100000.0,1687000000.0,2.986e-05
246.6,1728000000.0,137400000.0,1591000000.0,6.374e-06
246.7,1625000000.0,136400000.0,1488000000.0,1.252e-06
246.8,1531000000.0,142200000.0,1389000000.0,2.261e-07
246.9,1453000000.0,156100000.0,1297000000.0,3.757e-08
247.0,1391000000.0,176800000.0,1214000000.0,5.743e-09
247.1,1341000000.0,201100000.0,1140000000.0,8.075e-10
247.2,1298000000.0,225300000.0,1072000000.0,1.045e-10
247.3,1261000000.0,248500000.0,1013000000.0,1.243e-11
247.4,1240000000.0,273500000.0,966200000.0,1.361e-12
247.5,1248000000.0,308400000.0,939800000.0,1.37e-13
247.6,1305000000.0,364500000.0,940500000.0,1.269e-14
247.7,1425000000.0,453100000.0,971500000.0,1.082e-15
247.8,1610000000.0,580600000.0,1030000000.0,0.0
247.9,1850000000.0,744500000.0,1106000000.0,0.0
248.0,2117000000.0,932000000.0,1185000000.0,0.0
248.1,2378000000.0,1123000000.0,1255000000.0,0.0
248.2,2603000000.0,1294000000.0,1309000000.0,0.0
248.3,2780000000.0,1430000000.0,1351000000.0,0.0
248.4,2919000000.0,1522000000.0,1397000000.0,0.0
248.5,3050000000.0,1576000000.0,1473000000.0,0.0
248.6,3208000000.0,1599000000.0,1609000000.0,0.0
248.7,3420000000.0,1597000000.0,1823000000.0,0.0
248.8,3686000000.0,1570000000.0,2116000000.0,0.0
248.9,3971000000.0,1508000000.0,2463000000.0,0.0
249.0,4218000000.0,1405000000.0,2812000000.0,0.0
249.1,4359000000.0,1258000000.0,3101000000.0,0.0
249.2,4344000000.0,1074000000.0,3270000000.0,0.0
249.3,4157000000.0,870000000.0,3287000000.0,0.0
249.4,3825000000.0,668600000.0,3156000000.0,0.0
249.5,3405000000.0,490200000.0,2915000000.0,0.0
249.6,2967000000.0,348000000.0,2619000000.0,0.0
249.7,2571000000.0,246300000.0,2324000000.0,0.0
249.8,2247000000.0,181200000.0,2066000000.0,0.0
249.9,2001000000.0,143600000.0,1857000000.0,0.0
250.0,1814000000.0,123300000.0,1690000000.0,0.0
250.1,1661000000.0,111500000.0,1550000000.0,0.0
250.2,1524000000.0,102800000.0,1421000000.0,0.0
250.3,1391000000.0,95070000.0,1296000000.0,0.0
250.4,1263000000.0,89030000.0,1174000000.0,0.0
250.5,1150000000.0,86460000.0,1064000000.0,0.0
250.6,1064000000.0,88880000.0,975200000.0,0.0
250.7,1016000000.0,96490000.0,919000000.0,0.0
250.8,1009000000.0,107800000.0,900800000.0,0.0
250.9,1037000000.0,120200000.0,917200000.0,0.0
251.0,1087000000.0,131000000.0,955700000.0,0.0
251.1,1136000000.0,138300000.0,997600000.0,0.0
251.2,1167000000.0,142500000.0,1024000000.0,0.0
251.3,1170000000.0,145900000.0,1024000000.0,0.0
251.4,1149000000.0,152200000.0,997100000.0,0.0
251.5,1121000000.0,165600000.0,955600000.0,0.0
251.6,1109000000.0,189800000.0,919100000.0,0.0
251.7,1137000000.0,227000000.0,909600000.0,0.0
251.8,1223000000.0,277700000.0,945500000.0,0.0
251.9,1379000000.0,340400000.0,1038000000.0,0.0
252.0,1602000000.0,411200000.0,1191000000.0,0.0
252.1,1880000000.0,484000000.0,1396000000.0,0.0
252.2,2188000000.0,551100000.0,1637000000.0,0.0
252.3,2492000000.0,604900000.0,1888000000.0,0.0
252.4,2760000000.0,638800000.0,2121000000.0,0.0
252.5,2961000000.0,649000000.0,2312000000.0,0.0
252.6,3081000000.0,634800000.0,2446000000.0,0.0
252.7,3123000000.0,598000000.0,2525000000.0,0.0
252.8,3106000000.0,543100000.0,2562000000.0,0.0
252.9,3062000000.0,476500000.0,2586000000.0,0.0
253.0,3029000000.0,406200000.0,2623000000.0,0.0
253.1,3037000000.0,340300000.0,2697000000.0,0.0
253.2,3108000000.0,286200000.0,2822000000.0,0.0
253.3,3244000000.0,248700000.0,2995000000.0,0.0
253.4,3429000000.0,229300000.0,3199000000.0,0.0
253.5,3631000000.0,226200000.0,3405000000.0,0.0
253.6,3810000000.0,235700000.0,3574000000.0,0.0
253.7,3923000000.0,253400000.0,3670000000.0,0.0
253.8,3938000000.0,275200000.0,3663000000.0,0.0
253.9,3841000000.0,297600000.0,3544000000.0,0.0
254.0,3642000000.0,317600000.0,3324000000.0,0.0
254.1,3369000000.0,332200000.0,3036000000.0,0.0
254.2,3064000000.0,338900000.0,2725000000.0,0.0
254.3,2772000000.0,335300000.0,2436000000.0,0.0
254.4,2525000000.0,320700000.0,2204000000.0,0.0
254.5,2340000000.0,295800000.0,2044000000.0,0.0
254.6,2212000000.0,262900000.0,1950000000.0,0.0
254.7,2120000000.0,225200000.0,1894000000.0,0.0
254.8,2031000000.0,186300000.0,1845000000.0,0.0
254.9,1916000000.0,149000000.0,1767000000.0,0.0
255.0,1758000000.0,115400000.0,1643000000.0,0.0
255.1,1558000000.0,86580000.0,1471000000.0,0.0
255.2,1334000000.0,62810000.0,1271000000.0,0.0
255.3,1120000000.0,43920000.0,1076000000.0,0.0
255.4,957300000.0,29470000.0,927900000.0,0.0
255.5,882800000.0,18860000.0,863900000.0,0.0
255.6,926100000.0,11450000.0,914700000.0,0.0
255.7,1102000000.0,6566000.0,1096000000.0,0.0
255.8,1405000000.0,3536000.0,1401000000.0,0.0
255.9,1805000000.0,1783000.0,1803000000.0,0.0
256.0,2246000000.0,839900.0,2245000000.0,0.0
256.1,2655000000.0,369000.0,2654000000.0,0.0
256.2,2957000000.0,152400.0,2957000000.0,0.0
256.3,3093000000.0,63290.0,3093000000.0,0.0
256.4,3041000000.0,37550.0,3041000000.0,0.0
256.5,2817000000.0,51450.0,2817000000.0,0.0
256.6,2473000000.0,108800.0,2472000000.0,0.0
256.7,2074000000.0,236100.0,2074000000.0,0.0
256.8,1688000000.0,482200.0,1687000000.0,0.0
256.9,1361000000.0,915400.0,1360000000.0,0.0
257.0,1117000000.0,1614000.0,1116000000.0,0.0
257.1,959900000.0,2642000.0,957300000.0,0.0
257.2,877000000.0,4025000.0,873000000.0,0.0
257.3,850000000.0,5719000.0,844300000.0,0.0
257.4,861100000.0,7607000.0,853500000.0,0.0
257.5,898100000.0,9543000.0,888600000.0,0.0
257.6,958800000.0,11420000.0,947400000.0,0.0
257.7,1052000000.0,13240000.0,1038000000.0,9.43e-16
257.8,1195000000.0,15180000.0,1180000000.0,9.541e-15
257.9,1412000000.0,17520000.0,1394000000.0,8.971e-14
258.0,1720000000.0,20490000.0,1700000000.0,7.837e-13
258.1,2122000000.0,24120000.0,2098000000.0,6.361e-12
258.2,2593000000.0,28080000.0,2565000000.0,4.798e-11
258.3,3079000000.0,31700000.0,3047000000.0,3.362e-10
258.4,3508000000.0,34140000.0,3474000000.0,2.189e-09
258.5,3807000000.0,34690000.0,3772000000.0,1.324e-08
258.6,3929000000.0,33020000.0,3896000000.0,7.445e-08
258.7,3879000000.0,29330000.0,3849000000.0,3.889e-07
258.8,3715000000.0,24270000.0,3691000000.0,1.887e-06
258.9,3550000000.0,18720000.0,3532000000.0,8.511e-06
259.0,3529000000.0,13530000.0,3516000000.0,3.566e-05
259.1,3803000000.0,9310000.0,3793000000.0,0.0001388
259.2,4499000000.0,6387000.0,4492000000.0,0.0005023
259.3,5686000000.0,4807000.0,5681000000.0,0.001688
259.4,7338000000.0,4442000.0,7333000000.0,0.005273
259.5,9309000000.0,5070000.0,9304000000.0,0.0153
259.6,11330000000.0,6425000.0,11330000000.0,0.04126
259.7,13070000000.0,8232000.0,13060000000.0,0.1034
259.8,14180000000.0,10240000.0,14170000000.0,0.2406
259.9,14450000000.0,12260000.0,14440000000.0,0.5206
260.0,13850000000.0,14220000.0,13840000000.0,1.047
260.1,12560000000.0,16180000.0,12550000000.0,1.955
260.2,10890000000.0,18230000.0,10870000000.0,3.396
260.3,9203000000.0,20460000.0,9182000000.0,5.484
260.4,7787000000.0,22770000.0,7764000000.0,8.241
260.5,6813000000.0,24880000.0,6788000000.0,11.53
260.6,6313000000.0,26330000.0,6287000000.0,15.07
260.7,6215000000.0,26690000.0,6188000000.0,18.43
260.8,6393000000.0,25710000.0,6368000000.0,21.22
260.9,6708000000.0,23460000.0,6684000000.0,23.21
261.0,7026000000.0,20330000.0,7005000000.0,24.44
261.1,7235000000.0,16890000.0,7218000000.0,25.22
261.2,7254000000.0,13760000.0,7240000000.0,25.97
261.3,7041000000.0,11420000.0,7029000000.0,27.01
261.4,6601000000.0,10090000.0,6591000000.0,28.35
261.5,5988000000.0,9757000.0,5978000000.0,29.66
261.6,5285000000.0,10240000.0,5275000000.0,30.39
261.7,4585000000.0,11280000.0,4573000000.0,29.96
261.8,3971000000.0,12620000.0,3958000000.0,28.05
261.9,3506000000.0,14070000.0,3492000000.0,24.72
262.0,3230000000.0,15480000.0,3214000000.0,20.4
262.1,3162000000.0,16710000.0,3145000000.0,15.72
262.2,3307000000.0,17580000.0,3289000000.0,11.29
262.3,3651000000.0,17930000.0,3633000000.0,7.542
262.4,4165000000.0,17630000.0,4148000000.0,4.688
262.5,4799000000.0,16680000.0,4782000000.0,2.71
262.6,5482000000.0,15250000.0,5467000000.0,1.457
262.7,6127000000.0,13660000.0,6113000000.0,0.7281
262.8,6636000000.0,12270000.0,6624000000.0,0.3383
262.9,6918000000.0,11380000.0,6906000000.0,0.1461
263.0,6902000000.0,11160000.0,6891000000.0,0.05866
263.1,6560000000.0,11580000.0,6548000000.0,0.0219
263.2,5916000000.0,12460000.0,5903000000.0,0.007598
263.3,5047000000.0,13500000.0,5034000000.0,0.002451
263.4,4064000000.0,14390000.0,4050000000.0,0.0007349
263.5,3086000000.0,14880000.0,3071000000.0,0.0002048
263.6,2210000000.0,14830000.0,2195000000.0,5.308e-05
263.7,1497000000.0,14310000.0,1483000000.0,1.279e-05
263.8,965400000.0,13470000.0,952000000.0,2.863e-06
263.9,599500000.0,12550000.0,586900000.0,5.959e-07
264.0,365600000.0,11780000.0,353800000.0,1.153e-07
264.1,225200000.0,11230000.0,214000000.0,2.074e-08
264.2,144800000.0,10860000.0,133900000.0,3.469e-09
264.3,99900000.0,10520000.0,89390000.0,5.392e-10
264.4,74850000.0,10000000.0,64850000.0,7.792e-11
264.5,60690000.0,9197000.0,51500000.0,1.047e-11
264.6,52690000.0,8092000.0,44600000.0,1.307e-12
264.7,48290000.0,6803000.0,41490000.0,1.517e-13
264.8,46000000.0,5521000.0,40480000.0,1.637e-14
264.9,44770000.0,4450000.0,40320000.0,1.642e-15
265.0,43920000.0,3739000.0,40180000.0,0.0
265.1,43110000.0,3445000.0,39660000.0,0.0
265.2,42410000.0,3528000.0,38880000.0,0.0
265.3,42310000.0,3867000.0,38450000.0,0.0
265.4,43720000.0,4296000.0,39420000.0,0.0
265.5,48030000.0,4656000.0,43370000.0,0.0
265.6,57270000.0,4835000.0,52430000.0,0.0
265.7,74150000.0,4810000.0,69340000.0,0.0
265.8,101900000.0,4652000.0,97220000.0,0.0
265.9,143400000.0,4516000.0,138900000.0,0.0
266.0,200500000.0,4593000.0,195900000.0,0.0
266.1,271800000.0,5057000.0,266700000.0,0.0
266.2,352200000.0,6001000.0,346200000.0,2.484e-16
266.3,432700000.0,7396000.0,425300000.0,2.327e-15
266.4,501600000.0,9075000.0,492500000.0,2.043e-14
266.5,547100000.0,10760000.0,536400000.0,1.668e-13
266.6,561000000.0,12140000.0,548800000.0,1.272e-12
266.7,540400000.0,12930000.0,527500000.0,9.054e-12
266.8,489200000.0,13010000.0,476200000.0,6.017e-11
266.9,416600000.0,12420000.0,404100000.0,3.733e-10
267.0,334100000.0,11410000.0,322700000.0,2.162e-09
267.1,253400000.0,10340000.0,243000000.0,1.169e-08
267.2,183000000.0,9622000.0,173300000.0,5.905e-08
267.3,127800000.0,9575000.0,118200000.0,2.784e-07
267.4,89270000.0,10340000.0,78920000.0,1.226e-06
267.5,66230000.0,11850000.0,54380000.0,5.04e-06
267.6,56440000.0,13780000.0,42660000.0,1.935e-05
267.7,57490000.0,15700000.0,41790000.0,6.939e-05
267.8,67370000.0,17130000.0,50240000.0,0.0002324
267.9,84400000.0,17710000.0,66690000.0,0.0007271
268.0,106900000.0,17340000.0,89600000.0,0.002125
268.1,132900000.0,16140000.0,116700000.0,0.005804
268.2,159500000.0,14480000.0,145000000.0,0.01481
268.3,183700000.0,12820000.0,170900000.0,0.03532
268.4,202800000.0,11520000.0,191300000.0,0.07874
268.5,215300000.0,10790000.0,204500000.0,0.1641
268.6,221500000.0,10610000.0,210900000.0,0.32
268.7,223600000.0,10750000.0,212900000.0,0.5839
268.8,224600000.0,10890000.0,213700000.0,0.997
268.9,226800000.0,10750000.0,216100000.0,1.594
269.0,231300000.0,10130000.0,221100000.0,2.389
269.1,236600000.0,9032000.0,227500000.0,3.358
269.2,239900000.0,7584000.0,232300000.0,4.432
269.3,238200000.0,6005000.0,232200000.0,5.497
269.4,229900000.0,4533000.0,225300000.0,6.42
269.5,215600000.0,3368000.0,212200000.0,7.074
269.6,198400000.0,2651000.0,195800000.0,7.375
269.7,182800000.0,2470000.0,180300000.0,7.299
269.8,173400000.0,2890000.0,170500000.0,6.891
269.9,173600000.0,3972000.0,169600000.0,6.242
270.0,184500000.0,5774000.0,178700000.0,5.464
270.1,205000000.0,8328000.0,196700000.0,4.663
270.2,232500000.0,11600000.0,220900000.0,3.917
270.3,264000000.0,15430000.0,248500000.0,3.269
270.4,298000000.0,19550000.0,278400000.0,2.73
270.5,335500000.0,23610000.0,311900000.0,2.291
270.6,380300000.0,27300000.0,353000000.0,1.931
270.7,437800000.0,30520000.0,407300000.0,1.63
270.8,512600000.0,33630000.0,478900000.0,1.368
270.9,606200000.0,37600000.0,568600000.0,1.135
271.0,714900000.0,44130000.0,670800000.0,0.9218
271.1,829300000.0,55520000.0,773800000.0,0.7287
271.2,936000000.0,74290000.0,861700000.0,0.5567
271.3,1021000000.0,102500000.0,918000000.0,0.4086
271.4,1072000000.0,141000000.0,931100000.0,0.2866
271.5,1086000000.0,188300000.0,897500000.0,0.1913
271.6,1064000000.0,240500000.0,823600000.0,0.121
271.7,1015000000.0,291300000.0,724100000.0,0.07238
271.8,952600000.0,333500000.0,619100000.0,0.04081
271.9,889100000.0,360300000.0,528900000.0,0.02165
272.0,837800000.0,367200000.0,470600000.0,0.01079
272.1,808700000.0,353600000.0,455100000.0,0.00505
272.2,808200000.0,322200000.0,486000000.0,0.002216
272.3,837700000.0,278800000.0,558900000.0,0.0009113
272.4,892700000.0,230200000.0,662500000.0,0.000351
272.5,963100000.0,183200000.0,779900000.0,0.0001266
272.6,1035000000.0,142900000.0,892400000.0,4.274e-05
272.7,1096000000.0,112600000.0,983400000.0,1.35e-05
272.8,1138000000.0,93850000.0,1044000000.0,3.991e-06
272.9,1164000000.0,86280000.0,1078000000.0,1.104e-06
273.0,1191000000.0,88430000.0,1103000000.0,2.855e-07
273.1,1248000000.0,97840000.0,1151000000.0,6.908e-08
273.2,1373000000.0,111500000.0,1261000000.0,1.563e-08
273.3,1602000000.0,126200000.0,1476000000.0,3.308e-09
273.4,1965000000.0,139200000.0,1826000000.0,6.548e-10
273.5,2471000000.0,148400000.0,2323000000.0,1.212e-10
273.6,3109000000.0,153000000.0,2956000000.0,2.097e-11
273.7,3844000000.0,153200000.0,3690000000.0,3.394e-12
273.8,4628000000.0,150100000.0,4477000000.0,5.135e-13
273.9,5413000000.0,144900000.0,5268000000.0,7.265e-14
274.0,6165000000.0,138700000.0,6026000000.0,9.608e-15
274.1,6869000000.0,131800000.0,6737000000.0,1.188e-15
274.2,7528000000.0,124400000.0,7404000000.0,1.373e-16
274.3,8149000000.0,116300000.0,8033000000.0,1.23e-17
274.4,8724000000.0,107500000.0,8617000000.0,0.0
274.5,9222000000.0,98570000.0,9123000000.0,0.0
274.6,9588000000.0,89870000.0,9498000000.0,0.0
274.7,9763000000.0,81970000.0,9681000000.0,0.0
274.8,9708000000.0,75140000.0,9633000000.0,0.0
274.9,9426000000.0,69300000.0,9357000000.0,0.0
275.0,8964000000.0,64190000.0,8900000000.0,0.0
275.1,8401000000.0,59470000.0,8342000000.0,0.0
275.2,7815000000.0,54970000.0,7760000000.0,0.0
275.3,7258000000.0,50700000.0,7208000000.0,0.0
275.4,6738000000.0,46810000.0,6691000000.0,0.0
275.5,6224000000.0,43440000.0,6180000000.0,0.0
275.6,5669000000.0,40690000.0,5628000000.0,0.0
275.7,5038000000.0,38530000.0,5000000000.0,0.0
275.8,4330000000.0,36850000.0,4293000000.0,0.0
275.9,3577000000.0,35500000.0,3542000000.0,0.0
276.0,2838000000.0,34340000.0,2804000000.0,0.0
276.1,2174000000.0,33250000.0,2140000000.0,0.0
276.2,1631000000.0,32140000.0,1599000000.0,0.0
276.3,1232000000.0,31000000.0,1201000000.0,0.0
276.4,968800000.0,29810000.0,939000000.0,0.0
276.5,816700000.0,28550000.0,788200000.0,0.0
276.6,739100000.0,27190000.0,712000000.0,0.0
276.7,699400000.0,25640000.0,673800000.0,0.0
276.8,668000000.0,23820000.0,644200000.0,0.0
276.9,626800000.0,21720000.0,605000000.0,0.0
277.0,569300000.0,19410000.0,549800000.0,0.0
277.1,499100000.0,17090000.0,482000000.0,0.0
277.2,425600000.0,15030000.0,410600000.0,0.0
277.3,359900000.0,13480000.0,346400000.0,0.0
277.4,310500000.0,12580000.0,297900000.0,0.0
277.5,281800000.0,12360000.0,269500000.0,0.0
277.6,273700000.0,12740000.0,260900000.0,0.0
277.7,282400000.0,13630000.0,268800000.0,0.0
277.8,302600000.0,15040000.0,287600000.0,0.0
277.9,328500000.0,17160000.0,311300000.0,0.0
278.0,355000000.0,20410000.0,334600000.0,0.0
278.1,377900000.0,25280000.0,352600000.0,0.0
278.2,394000000.0,32160000.0,361800000.0,0.0
278.3,400500000.0,41100000.0,359400000.0,0.0
278.4,395700000.0,51560000.0,344200000.0,0.0
278.5,379100000.0,62410000.0,316700000.0,0.0
278.6,351400000.0,72020000.0,279400000.0,0.0
278.7,315200000.0,78700000.0,236500000.0,0.0
278.8,274000000.0,81110000.0,192900000.0,0.0
278.9,231800000.0,78660000.0,153200000.0,0.0
279.0,192400000.0,71700000.0,120700000.0,0.0
279.1,158300000.0,61400000.0,96940000.0,0.0
279.2,130900000.0,49410000.0,81480000.0,0.0
279.3,110100000.0,37410000.0,72680000.0,0.0
279.4,95020000.0,26760000.0,68260000.0,0.0
279.5,84310000.0,18310000.0,66000000.0,0.0
279.6,76510000.0,12380000.0,64140000.0,0.0
279.7,70440000.0,8900000.0,61540000.0,0.0
279.8,65280000.0,7605000.0,57680000.0,0.0
279.9,60640000.0,8137000.0,52510000.0,0.0
280.0,56450000.0,10130000.0,46310000.0,0.0
280.1,52800000.0,13230000.0,39570000.0,0.0
280.2,49870000.0,17050000.0,32820000.0,0.0
280.3,47800000.0,21230000.0,26570000.0,0.0
280.4,46630000.0,25390000.0,21240000.0,0.0
280.5,46300000.0,29270000.0,17030000.0,0.0
280.6,46710000.0,32740000.0,13970000.0,0.0
280.7,47710000.0,35790000.0,11920000.0,0.0
280.8,49110000.0,38470000.0,10640000.0,0.0
280.9,50650000.0,40820000.0,9830000.0,0.0
281.0,51960000.0,42710000.0,9247000.0,0.0
281.1,52590000.0,43880000.0,8717000.0,0.0
281.2,52110000.0,43960000.0,8155000.0,0.0
281.3,50210000.0,42660000.0,7549000.0,0.0
281.4,46840000.0,39910000.0,6930000.0,0.0
281.5,42300000.0,35960000.0,6333000.0,0.0
281.6,37160000.0,31370000.0,5790000.0,0.0
281.7,32160000.0,26820000.0,5336000.0,0.0
281.8,28050000.0,23010000.0,5037000.0,0.0
281.9,25440000.0,20410000.0,5033000.0,0.0
282.0,24760000.0,19180000.0,5577000.0,0.0
282.1,26270000.0,19200000.0,7063000.0,0.0
282.2,30170000.0,20130000.0,10040000.0,0.0
282.3,36700000.0,21540000.0,15160000.0,0.0
282.4,46210000.0,23050000.0,23150000.0,3.758e-19
282.5,59030000.0,24410000.0,34630000.0,7.388e-18
282.6,75430000.0,25500000.0,49930000.0,5.731e-17
282.7,95270000.0,26350000.0,68920000.0,4.182e-16
282.8,117900000.0,27000000.0,90910000.0,2.871e-15
282.9,142100000.0,27460000.0,114600000.0,1.854e-14
283.0,166100000.0,27660000.0,138400000.0,1.126e-13
283.1,188100000.0,27490000.0,160700000.0,6.435e-13
283.2,206900000.0,26840000.0,180000000.0,3.459e-12
283.3,221600000.0,25690000.0,195900000.0,1.749e-11
283.4,232400000.0,24140000.0,208300000.0,8.318e-11
283.5,240000000.0,22440000.0,217600000.0,3.722e-10
283.6,245300000.0,20900000.0,224400000.0,1.566e-09
283.7,248900000.0,19820000.0,229100000.0,6.201e-09
283.8,250700000.0,19410000.0,231300000.0,2.309e-08
283.9,250200000.0,19740000.0,230500000.0,8.09e-08
284.0,246700000.0,20690000.0,226000000.0,2.666e-07
284.1,239700000.0,22010000.0,217700000.0,8.264e-07
284.2,229200000.0,23340000.0,205900000.0,2.41e-06
284.3,215800000.0,24360000.0,191500000.0,6.61e-06
284.4,200700000.0,24840000.0,175900000.0,1.706e-05
284.5,185100000.0,24710000.0,160400000.0,4.14e-05
284.6,170000000.0,24080000.0,145900000.0,9.453e-05
284.7,156300000.0,23170000.0,133200000.0,0.000203
284.8,144800000.0,22190000.0,122600000.0,0.0004102
284.9,136000000.0,21270000.0,114700000.0,0.0007796
285.0,130600000.0,20400000.0,110200000.0,0.001394
285.1,128900000.0,19450000.0,109500000.0,0.002344
285.2,131200000.0,18220000.0,112900000.0,0.003708
285.3,136700000.0,16590000.0,120100000.0,0.005518
285.4,144200000.0,14520000.0,129600000.0,0.007724
285.5,151400000.0,12140000.0,139300000.0,0.01017
285.6,156000000.0,9636000.0,146400000.0,0.0126
285.7,155900000.0,7236000.0,148600000.0,0.01468
285.8,149700000.0,5129000.0,144600000.0,0.01609
285.9,137600000.0,3427000.0,134200000.0,0.01659
286.0,120800000.0,2156000.0,118700000.0,0.01609
286.1,101600000.0,1277000.0,100300000.0,0.01468
286.2,82520000.0,711400.0,81810000.0,0.0126
286.3,66120000.0,372900.0,65750000.0,0.01017
286.4,54330000.0,183800.0,54140000.0,0.007724
286.5,48300000.0,85210.0,48220000.0,0.005518
286.6,48440000.0,37150.0,48400000.0,0.003708
286.7,54380000.0,15240.0,54370000.0,0.002344
286.8,65130000.0,5885.0,65120000.0,0.001394
286.9,79100000.0,2166.0,79100000.0,0.0007796
287.0,94300000.0,837.0,94300000.0,0.0004102
287.1,108500000.0,549.7,108500000.0,0.000203
287.2,119700000.0,925.0,119700000.0,9.453e-05
287.3,126300000.0,2194.0,126300000.0,4.14e-05
287.4,127800000.0,5219.0,127800000.0,1.706e-05
287.5,124400000.0,11800.0,124400000.0,6.61e-06
287.6,117300000.0,25180.0,117300000.0,2.41e-06
287.7,108400000.0,50780.0,108400000.0,8.264e-07
287.8,99390000.0,96790.0,99300000.0,2.666e-07
287.9,91650000.0,174600.0,91480000.0,8.09e-08
288.0,85840000.0,298500.0,85540000.0,2.309e-08
288.1,81820000.0,484700.0,81340000.0,6.201e-09
288.2,78870000.0,749400.0,78120000.0,1.566e-09
288.3,75970000.0,1107000.0,74860000.0,3.722e-10
288.4,72260000.0,1568000.0,70690000.0,8.318e-11
288.5,67320000.0,2139000.0,65180000.0,1.749e-11
288.6,61320000.0,2824000.0,58500000.0,3.459e-12
288.7,54960000.0,3625000.0,51330000.0,6.435e-13
288.8,49210000.0,4538000.0,44670000.0,1.126e-13
288.9,45040000.0,5556000.0,39480000.0,1.854e-14
289.0,43060000.0,6659000.0,36400000.0,2.871e-15
289.1,43410000.0,7809000.0,35600000.0,4.182e-16
289.2,45630000.0,8950000.0,36680000.0,5.731e-17
289.3,48840000.0,10020000.0,38830000.0,7.388e-18
289.4,51970000.0,10940000.0,41030000.0,8.958e-19
289.5,53980000.0,11650000.0,42320000.0,0.0
289.6,54130000.0,12130000.0,42000000.0,0.0
289.7,52140000.0,12360000.0,39790000.0,0.0
289.8,48180000.0,12340000.0,35840000.0,0.0
289.9,42760000.0,12120000.0,30640000.0,0.0
290.0,36580000.0,11710000.0,24870000.0,0.0
290.1,30370000.0,11180000.0,19180000.0,0.0
290.2,24680000.0,10570000.0,14110000.0,0.0
290.3,19900000.0,9934000.0,9966000.0,0.0
290.4,16160000.0,9314000.0,6841000.0,0.0
290.5,13420000.0,8753000.0,4664000.0,0.0
290.6,11540000.0,8277000.0,3265000.0,0.0
290.7,10350000.0,7909000.0,2439000.0,0.0
290.8,9680000.0,7682000.0,1997000.0,0.0
290.9,9449000.0,7661000.0,1787000.0,0.0
291.0,9651000.0,7945000.0,1706000.0,0.0
291.1,10360000.0,8663000.0,1699000.0,0.0
291.2,11700000.0,9944000.0,1761000.0,0.0
291.3,13820000.0,11880000.0,1940000.0,0.0
291.4,16830000.0,14480000.0,2352000.0,0.0
291.5,20850000.0,17660000.0,3198000.0,0.0
291.6,26030000.0,21240000.0,4791000.0,0.0
291.7,32550000.0,24980000.0,7564000.0,0.0
291.8,40700000.0,28650000.0,12050000.0,0.0
291.9,50820000.0,31990000.0,18830000.0,0.0
292.0,63190000.0,34860000.0,28330000.0,0.0
292.1,77810000.0,37120000.0,40700000.0,0.0
292.2,94250000.0,38730000.0,55520000.0,0.0
292.3,111400000.0,39680000.0,71740000.0,0.0
292.4,127700000.0,40000000.0,87660000.0,0.0
292.5,141000000.0,39760000.0,101200000.0,0.0
292.6,149400000.0,39070000.0,110300000.0,0.0
292.7,151500000.0,38040000.0,113500000.0,0.0
292.8,147100000.0,36850000.0,110300000.0,0.0
292.9,136800000.0,35710000.0,101100000.0,0.0
293.0,122500000.0,34860000.0,87630000.0,0.0
293.1,106500000.0,34520000.0,71950000.0,0.0
293.2,91100000.0,34790000.0,56310000.0,0.0
293.3,78320000.0,35640000.0,42680000.0,0.0
293.4,69310000.0,36810000.0,32500000.0,0.0
293.5,64560000.0,37910000.0,26640000.0,0.0
293.6,64050000.0,38480000.0,25560000.0,0.0
293.7,67580000.0,38180000.0,29390000.0,0.0
293.8,74980000.0,36930000.0,38060000.0,0.0
293.9,86220000.0,34950000.0,51270000.0,0.0
294.0,101300000.0,32800000.0,68490000.0,0.0
294.1,120000000.0,31140000.0,88820000.0,0.0
294.2,141600000.0,30610000.0,111000000.0,0.0
294.3,165100000.0,31620000.0,133500000.0,0.0
294.4,188900000.0,34220000.0,154600000.0,0.0
294.5,210900000.0,38110000.0,172800000.0,0.0
294.6,229500000.0,42740000.0,186700000.0,0.0
294.7,243100000.0,47460000.0,195700000.0,0.0
294.8,251000000.0,51700000.0,199300000.0,0.0
294.9,253200000.0,55090000.0,198100000.0,0.0
295.0,249900000.0,57490000.0,192500000.0,0.0
295.1,242100000.0,58930000.0,183200000.0,0.0
295.2,230500000.0,59550000.0,171000000.0,0.0
295.3,215800000.0,59490000.0,156300000.0,0.0
295.4,198400000.0,58880000.0,139600000.0,0.0
295.5,179200000.0,57880000.0,121300000.0,0.0
295.6,158800000.0,56720000.0,102100000.0,0.0
295.7,138700000.0,55770000.0,82970000.0,0.0
295.8,120400000.0,55580000.0,64840000.0,0.0
295.9,105500000.0,56810000.0,48700000.0,0.0
296.0,95370000.0,60080000.0,35290000.0,0.0
296.1,90870000.0,65840000.0,25030000.0,0.0
296.2,92160000.0,74190000.0,17960000.0,0.0
296.3,98580000.0,84750000.0,13830000.0,0.0
296.4,108800000.0,96690000.0,12140000.0,0.0
296.5,121100000.0,108800000.0,12310000.0,0.0
296.6,133500000.0,119900000.0,13680000.0,0.0
296.7,144300000.0,128600000.0,15620000.0,0.0
296.8,151900000.0,134300000.0,17550000.0,0.0
296.9,155500000.0,136500000.0,19060000.0,0.0
297.0,155100000.0,135100000.0,19930000.0,3.246e-17
297.1,150800000.0,130500000.0,20290000.0,1.062e-15
297.2,143800000.0,123200000.0,20660000.0,7.561e-15
297.3,135800000.0,113800000.0,21990000.0,5.095e-14
297.4,129100000.0,103300000.0,25720000.0,3.249e-13
297.5,126500000.0,92780000.0,33700000.0,1.96e-12
297.6,131300000.0,83280000.0,48040000.0,1.119e-11
297.7,146600000.0,75830000.0,70810000.0,6.047e-11
297.8,174600000.0,71090000.0,103600000.0,3.091e-10
297.9,215800000.0,69200000.0,146600000.0,1.495e-09
298.0,268400000.0,69720000.0,198700000.0,6.846e-09
298.1,327800000.0,71740000.0,256000000.0,2.966e-08
298.2,387100000.0,74100000.0,313000000.0,1.216e-07
298.3,438500000.0,75720000.0,362700000.0,4.72e-07
298.4,474000000.0,75950000.0,398100000.0,1.734e-06
298.5,488300000.0,74660000.0,413700000.0,6.028e-06
298.6,479300000.0,72350000.0,406900000.0,1.985e-05
298.7,448800000.0,69880000.0,379000000.0,6.187e-05
298.8,402400000.0,68240000.0,334100000.0,0.0001827
298.9,347200000.0,68210000.0,279000000.0,0.0005115
299.0,291100000.0,70150000.0,221000000.0,0.001357
299.1,240500000.0,73940000.0,166500000.0,0.003418
299.2,199500000.0,79080000.0,120500000.0,0.008177
299.3,170300000.0,84840000.0,85480000.0,0.01861
299.4,152900000.0,90550000.0,62390000.0,0.04034
299.5,146300000.0,95670000.0,50640000.0,0.0835
299.6,148700000.0,99860000.0,48800000.0,0.1655
299.7,157900000.0,102900000.0,54980000.0,0.3149
299.8,171600000.0,104600000.0,66980000.0,0.5775
299.9,187100000.0,104800000.0,82310000.0,1.024
300.0,201700000.0,103400000.0,98280000.0,1.759
300.1,212600000.0,100400000.0,112200000.0,2.935
300.2,217600000.0,95940000.0,121600000.0,4.76
300.3,215500000.0,90580000.0,124900000.0,7.5
300.4,206400000.0,84910000.0,121500000.0,11.45
300.5,191300000.0,79500000.0,111800000.0,16.91
300.6,172100000.0,74790000.0,97290000.0,24.05
300.7,151100000.0,71000000.0,80120000.0,32.84
300.8,130700000.0,68270000.0,62430000.0,42.95
300.9,112900000.0,66880000.0,46020000.0,53.62
301.0,99540000.0,67450000.0,32090000.0,63.8
301.1,92310000.0,71140000.0,21170000.0,72.21
301.2,92780000.0,79570000.0,13210000.0,77.64
301.3,102300000.0,94500000.0,7802000.0,79.22
301.4,121700000.0,117300000.0,4358000.0,76.66
301.5,150800000.0,148500000.0,2303000.0,70.31
301.6,188100000.0,187000000.0,1151000.0,61.09
301.7,230400000.0,229800000.0,544700.0,50.28
301.8,272900000.0,272700000.0,243900.0,39.19
301.9,310300000.0,310200000.0,103600.0,28.92
302.0,337400000.0,337400000.0,42320.0,20.2
302.1,350400000.0,350400000.0,18090.0,13.36
302.2,347700000.0,347700000.0,11260.0,8.362
302.3,330000000.0,330000000.0,14290.0,4.954
302.4,300200000.0,300200000.0,26370.0,2.778
302.5,262700000.0,262700000.0,50910.0,1.474
302.6,222000000.0,221900000.0,94670.0,0.7406
302.7,182300000.0,182100000.0,167200.0,0.3521
302.8,146500000.0,146200000.0,279800.0,0.1584
302.9,116500000.0,116100000.0,443600.0,0.06747
303.0,93020000.0,92350000.0,666200.0,0.02719
303.1,75850000.0,74900000.0,947900.0,0.01037
303.2,64240000.0,62960000.0,1278000.0,0.003745
303.3,57060000.0,55430000.0,1632000.0,0.00128
303.4,53030000.0,51060000.0,1976000.0,0.0004138
303.5,50880000.0,48610000.0,2270000.0,0.0001266
303.6,49490000.0,47010000.0,2476000.0,3.668e-05
303.7,48070000.0,45500000.0,2572000.0,1.005e-05
303.8,46290000.0,43740000.0,2554000.0,2.608e-06
303.9,44240000.0,41800000.0,2446000.0,6.404e-07
304.0,42380000.0,40090000.0,2288000.0,1.488e-07
304.1,41340000.0,39200000.0,2135000.0,3.273e-08
304.2,41680000.0,39640000.0,2040000.0,6.812e-09
304.3,43700000.0,41650000.0,2043000.0,1.342e-09
304.4,47260000.0,45100000.0,2162000.0,2.502e-10
304.5,51860000.0,49470000.0,2391000.0,4.414e-11
304.6,56710000.0,54010000.0,2702000.0,7.371e-12
304.7,61050000.0,57990000.0,3058000.0,1.165e-12
304.8,64310000.0,60890000.0,3420000.0,1.742e-13
304.9,66390000.0,62620000.0,3764000.0,2.466e-14
305.0,67590000.0,63500000.0,4093000.0,3.304e-15
305.1,68600000.0,64160000.0,4435000.0,0.0
305.2,70160000.0,65310000.0,4850000.0,0.0
305.3,72860000.0,67440000.0,5412000.0,0.0
305.4,76830000.0,70630000.0,6202000.0,0.0
305.5,81750000.0,74470000.0,7277000.0,0.0
305.6,86840000.0,78180000.0,8654000.0,0.0
305.7,91140000.0,80850000.0,10280000.0,0.0
305.8,93750000.0,81700000.0,12050000.0,0.0
305.9,94090000.0,80340000.0,13750000.0,0.0
306.0,92020000.0,76860000.0,15160000.0,0.0
306.1,87850000.0,71770000.0,16090000.0,0.0
306.2,82180000.0,65820000.0,16370000.0,0.0
306.3,75730000.0,59760000.0,15980000.0,0.0
306.4,69150000.0,54140000.0,15010000.0,0.0
306.5,62930000.0,49230000.0,13700000.0,0.0
306.6,57340000.0,45010000.0,12340000.0,0.0
306.7,52580000.0,41310000.0,11260000.0,0.0
306.8,48750000.0,37950000.0,10790000.0,0.0
306.9,46000000.0,34850000.0,11160000.0,0.0
307.0,44500000.0,32010000.0,12480000.0,0.0
307.1,44330000.0,29570000.0,14760000.0,0.0
307.2,45440000.0,27610000.0,17830000.0,0.0
307.3,47560000.0,26170000.0,21390000.0,0.0
307.4,50180000.0,25160000.0,25020000.0,0.0
307.5,52660000.0,24420000.0,28240000.0,0.0
307.6,54320000.0,23760000.0,30570000.0,0.0
307.7,54640000.0,23000000.0,31640000.0,0.0
307.8,53330000.0,22080000.0,31250000.0,0.0
307.9,50440000.0,21010000.0,29430000.0,0.0
308.0,46250000.0,19830000.0,26410000.0,0.0
308.1,41220000.0,18640000.0,22580000.0,0.0
308.2,35870000.0,17490000.0,18380000.0,0.0
308.3,30630000.0,16380000.0,14250000.0,0.0
308.4,25850000.0,15330000.0,10510000.0,0.0
308.5,21720000.0,14330000.0,7385000.0,0.0
308.6,18350000.0,13420000.0,4938000.0,0.0
308.7,15780000.0,12640000.0,3143000.0,0.0
308.8,14010000.0,12100000.0,1904000.0,0.0
308.9,13020000.0,11930000.0,1098000.0,0.0
309.0,12840000.0,12240000.0,602400.0,0.0
309.1,13470000.0,13160000.0,314500.0,0.0
309.2,14950000.0,14790000.0,156200.0,0.0
309.3,17280000.0,17210000.0,73830.0,0.0
309.4,20410000.0,20380000.0,33190.0,0.0
309.5,24200000.0,24180000.0,14190.0,0.0
309.6,28330000.0,28330000.0,5770.0,0.0
309.7,32390000.0,32390000.0,2231.0,0.0
309.8,35850000.0,35850000.0,820.1,0.0
309.9,38170000.0,38170000.0,286.5,0.0
310.0,38950000.0,38950000.0,95.16,0.0
310.1,37970000.0,37970000.0,30.03,0.0
310.2,35310000.0,35310000.0,9.008,0.0
310.3,31270000.0,31270000.0,2.567,0.0
310.4,26360000.0,26360000.0,0.6947,0.0
310.5,21140000.0,21140000.0,0.1786,0.0
310.6,16130000.0,16130000.0,0.04362,0.0
310.7,11720000.0,11720000.0,0.01012,0.0
310.8,8127000.0,8127000.0,0.002228,0.0
310.9,5414000.0,5414000.0,0.0004658,0.0
311.0,3523000.0,3523000.0,9.247e-05,0.0
311.1,2326000.0,2326000.0,1.743e-05,0.0
311.2,1668000.0,1668000.0,3.118e-06,0.0
311.3,1402000.0,1402000.0,5.295e-07,0.0
311.4,1405000.0,1405000.0,8.538e-08,0.0
311.5,1577000.0,1577000.0,1.332e-08,0.0
311.6,1844000.0,1844000.0,9.356e-09,0.0
311.7,2151000.0,2151000.0,4.85e-08,0.0
311.8,2460000.0,2460000.0,2.975e-07,0.0
311.9,2747000.0,2747000.0,1.738e-06,0.0
312.0,3003000.0,3003000.0,9.671e-06,0.0
312.1,3225000.0,3225000.0,5.125e-05,0.0
312.2,3419000.0,3419000.0,0.0002585,0.0
312.3,3588000.0,3588000.0,0.001242,0.0
312.4,3737000.0,3737000.0,0.00568,0.0
312.5,3867000.0,3867000.0,0.02473,0.0
312.6,3976000.0,3976000.0,0.1025,0.0
312.7,4064000.0,4064000.0,0.4042,0.0
312.8,4128000.0,4128000.0,1.518,0.0
312.9,4166000.0,4166000.0,5.423,0.0
313.0,4174000.0,4174000.0,18.44,0.0
313.1,4148000.0,4148000.0,59.66,0.0
313.2,4087000.0,4086000.0,183.7,0.0
313.3,4000000.0,3999000.0,538.2,0.0
313.4,3911000.0,3910000.0,1500.0,0.0
313.5,3861000.0,3857000.0,3978.0,0.0
313.6,3898000.0,3888000.0,10040.0,0.0
313.7,4075000.0,4051000.0,24090.0,0.0
313.8,4430000.0,4375000.0,55020.0,0.0
313.9,4977000.0,4857000.0,119500.0,0.0
314.0,5706000.0,5459000.0,247000.0,0.0
314.1,6590000.0,6105000.0,485400.0,0.0
314.2,7611000.0,6703000.0,907600.0,0.0
314.3,8782000.0,7168000.0,1614000.0,0.0
314.4,10180000.0,7446000.0,2731000.0,0.0
314.5,11930000.0,7536000.0,4394000.0,0.0
314.6,14220000.0,7498000.0,6725000.0,0.0
314.7,17230000.0,7441000.0,9789000.0,0.0
314.8,21050000.0,7501000.0,13550000.0,0.0
314.9,25660000.0,7811000.0,17850000.0,0.0
315.0,30820000.0,8467000.0,22360000.0,0.0
315.1,36140000.0,9501000.0,26640000.0,0.0
315.2,41070000.0,10880000.0,30190000.0,0.0
315.3,45040000.0,12480000.0,32560000.0,0.0
315.4,47600000.0,14150000.0,33440000.0,0.0
315.5,48450000.0,15710000.0,32740000.0,0.0
315.6,47580000.0,16960000.0,30620000.0,0.0
315.7,45250000.0,17780000.0,27480000.0,0.0
315.8,41920000.0,18060000.0,23860000.0,0.0
315.9,38150000.0,17810000.0,20350000.0,0.0
316.0,34510000.0,17060000.0,17450000.0,0.0
316.1,31440000.0,15910000.0,15530000.0,0.0
316.2,29240000.0,14500000.0,14740000.0,0.0
316.3,27990000.0,12970000.0,15020000.0,0.0
316.4,27590000.0,11470000.0,16120000.0,0.0
316.5,27830000.0,10130000.0,17710000.0,0.0
316.6,28430000.0,9043000.0,19390000.0,0.0
316.7,29130000.0,8295000.0,20830000.0,0.0
316.8,29770000.0,7936000.0,21830000.0,0.0
316.9,30330000.0,7995000.0,22340000.0,0.0
317.0,30950000.0,8480000.0,22470000.0,0.0
317.1,31820000.0,9379000.0,22440000.0,0.0
317.2,33170000.0,10660000.0,22520000.0,0.0
317.3,35150000.0,12260000.0,22890000.0,0.0
317.4,37710000.0,14090000.0,23620000.0,0.0
317.5,40650000.0,16030000.0,24610000.0,0.0
317.6,43550000.0,17940000.0,25610000.0,0.0
317.7,45940000.0,19640000.0,26300000.0,0.0
317.8,47340000.0,20970000.0,26370000.0,0.0
317.9,47400000.0,21790000.0,25600000.0,0.0
318.0,45970000.0,22040000.0,23930000.0,0.0
318.1,43180000.0,21720000.0,21460000.0,0.0
318.2,39360000.0,20950000.0,18410000.0,0.0
318.3,35010000.0,19910000.0,15100000.0,0.0
318.4,30690000.0,18860000.0,11830000.0,0.0
318.5,26920000.0,18070000.0,8842000.0,0.0
318.6,24100000.0,17790000.0,6307000.0,0.0
318.7,22490000.0,18190000.0,4293000.0,0.0
318.8,22150000.0,19360000.0,2787000.0,0.0
318.9,23000000.0,21270000.0,1727000.0,0.0
319.0,24820000.0,23800000.0,1021000.0,0.0
319.1,27290000.0,26710000.0,575700.0,0.0
319.2,30040000.0,29730000.0,309800.0,0.0
319.3,32700000.0,32540000.0,159000.0,0.0
319.4,34930000.0,34850000.0,77890.0,0.0
319.5,36440000.0,36410000.0,36400.0,0.0
319.6,37080000.0,37060000.0,16230.0,0.0
319.7,36790000.0,36780000.0,6901.0,0.0
319.8,35660000.0,35660000.0,2800.0,0.0
319.9,33910000.0,33910000.0,1084.0,0.0
320.0,31850000.0,31850000.0,400.8,0.0
320.1,29840000.0,29840000.0,143.3,0.0
320.2,28290000.0,28290000.0,56.07,0.0
320.3,27540000.0,27540000.0,44.95,0.0
320.4,27920000.0,27920000.0,101.2,0.0
320.5,29630000.0,29630000.0,299.6,0.0
320.6,32770000.0,32770000.0,878.5,0.0
320.7,37320000.0,37320000.0,2464.0,0.0
320.8,43090000.0,43080000.0,6591.0,0.0
320.9,49730000.0,49710000.0,16800.0,0.0
321.0,56790000.0,56750000.0,40830.0,0.0
321.1,63780000.0,63690000.0,94570.0,0.0
321.2,70250000.0,70040000.0,208800.0,0.0
321.3,75890000.0,75450000.0,439300.0,0.0
321.4,80640000.0,79760000.0,880900.0,0.0
321.5,84700000.0,83020000.0,1684000.0,0.0
321.6,88540000.0,85470000.0,3068000.0,0.0
321.7,92800000.0,87470000.0,5328000.0,0.0
321.8,98170000.0,89350000.0,8819000.0,0.0
321.9,105300000.0,91370000.0,13910000.0,0.0
322.0,114500000.0,93580000.0,20920000.0,0.0
322.1,125900000.0,95880000.0,29980000.0,0.0
322.2,138900000.0,97950000.0,40960000.0,0.0
322.3,152700000.0,99400000.0,53330000.0,0.0
322.4,166000000.0,99810000.0,66190000.0,0.0
322.5,177100000.0,98820000.0,78300000.0,0.0
322.6,184500000.0,96210000.0,88280000.0,0.0
322.7,186800000.0,91940000.0,94870000.0,0.0
322.8,183300000.0,86180000.0,97170000.0,0.0
322.9,174100000.0,79240000.0,94870000.0,0.0
323.0,159800000.0,71560000.0,88280000.0,0.0
323.1,141900000.0,63600000.0,78300000.0,0.0
323.2,122000000.0,55790000.0,66190000.0,0.0
323.3,101800000.0,48510000.0,53330000.0,0.0
323.4,82970000.0,42010000.0,40960000.0,0.0
323.5,66420000.0,36430000.0,29980000.0,0.0
323.6,52750000.0,31830000.0,20920000.0,0.0
323.7,42090000.0,28180000.0,13910000.0,0.0
323.8,34210000.0,25390000.0,8819000.0,0.0
323.9,28670000.0,23340000.0,5330000.0,0.0
324.0,24930000.0,21860000.0,3072000.0,0.0
324.1,22480000.0,20780000.0,1694000.0,0.0
324.2,20860000.0,19950000.0,904600.0,0.0
324.3,19730000.0,19240000.0,490700.0,0.0
324.4,18850000.0,18540000.0,315500.0,0.0
324.5,18110000.0,17800000.0,305900.0,0.0
324.6,17460000.0,17020000.0,439800.0,0.0
324.7,16950000.0,16220000.0,735400.0,0.0
324.8,16690000.0,15450000.0,1241000.0,0.0
324.9,16760000.0,14730000.0,2027000.0,0.0
325.0,17260000.0,14100000.0,3167000.0,0.0
325.1,18240000.0,13510000.0,4724000.0,0.0
325.2,19660000.0,12930000.0,6725000.0,0.0
325.3,21430000.0,12290000.0,9132000.0,0.0
325.4,23380000.0,11550000.0,11830000.0,0.0
325.5,25320000.0,10690000.0,14620000.0,0.0
325.6,26980000.0,9743000.0,17240000.0,0.0
325.7,28170000.0,8774000.0,19400000.0,0.0
325.8,28710000.0,7891000.0,20810000.0,0.0
325.9,28510000.0,7202000.0,21310000.0,0.0
326.0,27610000.0,6798000.0,20810000.0,0.0
326.1,26130000.0,6732000.0,19400000.0,0.0
326.2,24250000.0,7008000.0,17240000.0,0.0
326.3,22200000.0,7577000.0,14620000.0,0.0
326.4,20180000.0,8352000.0,11830000.0,0.0
326.5,18350000.0,9222000.0,9132000.0,0.0
326.6,16790000.0,10070000.0,6724000.0,0.0
326.7,15510000.0,10790000.0,4724000.0,0.0
326.8,14460000.0,11290000.0,3166000.0,0.0
326.9,13560000.0,11540000.0,2024000.0,0.0
327.0,12760000.0,11520000.0,1235000.0,0.0
327.1,12010000.0,11290000.0,718600.0,0.0
327.2,11310000.0,10910000.0,398900.0,0.0
327.3,10710000.0,10500000.0,211300.0,0.0
327.4,10260000.0,10150000.0,106800.0,0.0
327.5,10050000.0,10000000.0,51460.0,0.0
327.6,10150000.0,10120000.0,23670.0,0.0
327.7,10590000.0,10580000.0,10380.0,0.0
327.8,11410000.0,11400000.0,4346.0,0.0
327.9,12570000.0,12570000.0,1735.0,0.0
328.0,14030000.0,14030000.0,661.0,0.0
328.1,15730000.0,15730000.0,240.2,0.0
328.2,17570000.0,17570000.0,83.29,0.0
328.3,19440000.0,19440000.0,27.55,0.0
328.4,21200000.0,21200000.0,8.693,0.0
328.5,22720000.0,22720000.0,2.617,0.0
328.6,23870000.0,23870000.0,0.7516,0.0
328.7,24540000.0,24540000.0,0.2059,0.0
328.8,24640000.0,24640000.0,0.05383,0.0
328.9,24160000.0,24160000.0,0.01342,0.0
329.0,23130000.0,23130000.0,0.003193,0.0
329.1,21630000.0,21630000.0,0.0007247,0.0
329.2,19780000.0,19780000.0,0.0001569,0.0
329.3,17770000.0,17770000.0,3.241e-05,0.0
329.4,15800000.0,15800000.0,6.387e-06,0.0
329.5,14100000.0,14100000.0,1.201e-06,0.0
329.6,12890000.0,12890000.0,2.154e-07,0.0
329.7,12400000.0,12400000.0,3.685e-08,0.0
329.8,12770000.0,12770000.0,6.016e-09,0.0
329.9,14090000.0,14090000.0,4.402e-10,0.0
330.0,16310000.0,16310000.0,0.0,0.0
330.1,19270000.0,19270000.0,0.0,0.0
330.2,22660000.0,22660000.0,0.0,0.0
330.3,26080000.0,26080000.0,0.0,0.0
330.4,29080000.0,29080000.0,0.0,0.0
330.5,31270000.0,31270000.0,0.0,0.0
330.6,32360000.0,32360000.0,0.0,0.0
330.7,32220000.0,32220000.0,0.0,0.0
330.8,30920000.0,30920000.0,0.0,0.0
330.9,28680000.0,28680000.0,0.0,0.0
331.0,25820000.0,25820000.0,0.0,0.0
331.1,22700000.0,22700000.0,0.0,0.0
331.2,19630000.0,19630000.0,0.0,0.0
331.3,16850000.0,16850000.0,0.0,0.0
331.4,14480000.0,14480000.0,0.0,0.0
331.5,12550000.0,12550000.0,0.0,0.0
331.6,11040000.0,11040000.0,0.0,0.0
331.7,9891000.0,9891000.0,0.0,0.0
331.8,9029000.0,9029000.0,0.0,0.0
331.9,8401000.0,8401000.0,0.0,0.0
332.0,7957000.0,7957000.0,0.0,0.0
332.1,7654000.0,7654000.0,0.0,0.0
332.2,7449000.0,7449000.0,0.0,0.0
332.3,7296000.0,7296000.0,0.0,0.0
332.4,7149000.0,7149000.0,0.0,0.0
332.5,6968000.0,6968000.0,0.0,0.0
332.6,6716000.0,6716000.0,0.0,0.0
332.7,6373000.0,6373000.0,0.0,0.0
332.8,5930000.0,5930000.0,0.0,0.0
332.9,5392000.0,5392000.0,0.0,0.0
333.0,4777000.0,4777000.0,0.0,0.0
333.1,4114000.0,4114000.0,0.0,0.0
333.2,3435000.0,3435000.0,0.0,0.0
333.3,2775000.0,2775000.0,0.0,0.0
333.4,2166000.0,2166000.0,0.0,0.0
333.5,1630000.0,1630000.0,0.0,0.0
333.6,1181000.0,1181000.0,0.0,0.0
333.7,823900.0,823900.0,0.0,0.0
333.8,554400.0,554400.0,0.0,0.0
333.9,362700.0,362700.0,0.0,0.0
334.0,237100.0,237100.0,0.0,0.0
334.1,166300.0,166300.0,0.0,0.0
334.2,142200.0,142200.0,0.0,0.0
334.3,160900.0,160900.0,0.0,0.0
334.4,223400.0,223400.0,0.0,0.0
334.5,333900.0,333900.0,0.0,0.0
334.6,498600.0,498600.0,0.0,0.0
334.7,722600.0,722600.0,0.0,0.0
334.8,1006000.0,1006000.0,0.0,0.0
334.9,1342000.0,1342000.0,0.0,0.0
335.0,1714000.0,1714000.0,0.0,0.0
335.1,2095000.0,2095000.0,0.0,0.0
335.2,2450000.0,2450000.0,0.0,0.0
335.3,2744000.0,2744000.0,0.0,0.0
335.4,2947000.0,2947000.0,0.0,0.0
335.5,3042000.0,3042000.0,0.0,0.0
335.6,3031000.0,3031000.0,0.0,0.0
335.7,2939000.0,2939000.0,0.0,0.0
335.8,2813000.0,2813000.0,0.0,0.0
335.9,2718000.0,2718000.0,0.0,0.0
336.0,2729000.0,2729000.0,0.0,0.0
336.1,2922000.0,2922000.0,0.0,0.0
336.2,3358000.0,3358000.0,0.0,0.0
336.3,4075000.0,4075000.0,0.0,0.0
336.4,5074000.0,5074000.0,0.0,0.0
336.5,6312000.0,6312000.0,0.0,0.0
336.6,7703000.0,7703000.0,0.0,0.0
336.7,9122000.0,9122000.0,0.0,0.0
336.8,10420000.0,10420000.0,0.0,0.0
336.9,11460000.0,11460000.0,0.0,0.0
337.0,12120000.0,12120000.0,0.0,0.0
337.1,12320000.0,12320000.0,0.0,0.0
337.2,12080000.0,12080000.0,0.0,0.0
337.3,11430000.0,11430000.0,0.0,0.0
337.4,10480000.0,10480000.0,0.0,0.0
337.5,9362000.0,9362000.0,0.0,0.0
337.6,8192000.0,8192000.0,0.0,0.0
337.7,7070000.0,7070000.0,0.0,0.0
337.8,6063000.0,6063000.0,0.0,0.0
337.9,5201000.0,5201000.0,0.0,0.0
338.0,4488000.0,4488000.0,0.0,0.0
338.1,3917000.0,3917000.0,0.0,0.0
338.2,3480000.0,3480000.0,0.0,0.0
338.3,3179000.0,3179000.0,0.0,0.0
338.4,3025000.0,3025000.0,0.0,0.0
338.5,3038000.0,3038000.0,0.0,0.0
338.6,3234000.0,3234000.0,0.0,0.0
338.7,3625000.0,3625000.0,0.0,0.0
338.8,4208000.0,4208000.0,0.0,0.0
338.9,4964000.0,4964000.0,0.0,0.0
339.0,5866000.0,5866000.0,0.0,0.0
339.1,6883000.0,6883000.0,0.0,0.0
339.2,7991000.0,7991000.0,0.0,0.0
339.3,9183000.0,9183000.0,0.0,0.0
339.4,10470000.0,10470000.0,0.0,0.0
339.5,11900000.0,11900000.0,0.0,0.0
339.6,13520000.0,13520000.0,0.0,0.0
339.7,15390000.0,15390000.0,0.0,0.0
339.8,17570000.0,17570000.0,0.0,0.0
339.9,20090000.0,20090000.0,0.0,0.0
340.0,22930000.0,22930000.0,0.0,0.0
340.1,26030000.0,26030000.0,0.0,0.0
340.2,29240000.0,29240000.0,0.0,0.0
340.3,32370000.0,32370000.0,0.0,0.0
340.4,35210000.0,35210000.0,0.0,0.0
340.5,37510000.0,37510000.0,0.0,0.0
340.6,39080000.0,39080000.0,0.0,0.0
340.7,39780000.0,39780000.0,0.0,0.0
340.8,39570000.0,39570000.0,0.0,0.0
340.9,38530000.0,38530000.0,0.0,0.0
341.0,36810000.0,36810000.0,0.0,0.0
341.1,34640000.0,34640000.0,0.0,0.0
341.2,32280000.0,32280000.0,0.0,0.0
341.3,29990000.0,29990000.0,0.0,0.0
341.4,27980000.0,27980000.0,0.0,0.0
341.5,26430000.0,26430000.0,0.0,0.0
341.6,25480000.0,25480000.0,0.0,0.0
341.7,25190000.0,25190000.0,0.0,0.0
341.8,25600000.0,25600000.0,0.0,0.0
341.9,26670000.0,26670000.0,0.0,0.0
342.0,28310000.0,28310000.0,0.0,0.0
342.1,30360000.0,30360000.0,0.0,0.0
342.2,32610000.0,32610000.0,0.0,0.0
342.3,34770000.0,34770000.0,0.0,0.0
342.4,36550000.0,36550000.0,0.0,0.0
342.5,37670000.0,37670000.0,0.0,0.0
342.6,37950000.0,37950000.0,0.0,0.0
342.7,37350000.0,37350000.0,0.0,0.0
342.8,35980000.0,35980000.0,0.0,0.0
342.9,34150000.0,34150000.0,0.0,0.0
343.0,32310000.0,32310000.0,0.0,0.0
343.1,31020000.0,31020000.0,0.0,0.0
343.2,30810000.0,30810000.0,0.0,0.0
343.3,32160000.0,32160000.0,0.0,0.0
343.4,35340000.0,35340000.0,0.0,0.0
343.5,40340000.0,40340000.0,0.0,0.0
343.6,46880000.0,46880000.0,0.0,0.0
343.7,54380000.0,54380000.0,0.0,0.0
343.8,62020000.0,62020000.0,0.0,0.0
343.9,68910000.0,68910000.0,0.0,0.0
344.0,74160000.0,74160000.0,0.0,0.0
344.1,77100000.0,77100000.0,0.0,0.0
344.2,77320000.0,77320000.0,0.0,0.0
344.3,74800000.0,74800000.0,0.0,0.0
344.4,69820000.0,69820000.0,0.0,0.0
344.5,62970000.0,62970000.0,0.0,0.0
344.6,54950000.0,54950000.0,0.0,0.0
344.7,46510000.0,46510000.0,0.0,0.0
344.8,38300000.0,38300000.0,0.0,0.0
344.9,30800000.0,30800000.0,0.0,0.0
345.0,24310000.0,24310000.0,0.0,0.0
345.1,18950000.0,18950000.0,0.0,0.0
345.2,14710000.0,14710000.0,0.0,0.0
345.3,11490000.0,11490000.0,0.0,0.0
345.4,9156000.0,9156000.0,0.0,0.0
345.5,7591000.0,7591000.0,0.0,0.0
345.6,6685000.0,6685000.0,0.0,0.0
345.7,6352000.0,6352000.0,0.0,0.0
345.8,6525000.0,6525000.0,0.0,0.0
345.9,7139000.0,7139000.0,0.0,0.0
346.0,8125000.0,8125000.0,0.0,0.0
346.1,9401000.0,9401000.0,0.0,0.0
346.2,10870000.0,10870000.0,0.0,0.0
346.3,12440000.0,12440000.0,0.0,0.0
346.4,14010000.0,14010000.0,0.0,0.0
346.5,15530000.0,15530000.0,0.0,0.0
346.6,16960000.0,16960000.0,0.0,0.0
346.7,18320000.0,18320000.0,0.0,0.0
346.8,19640000.0,19640000.0,0.0,0.0
346.9,20970000.0,20970000.0,0.0,0.0
347.0,22310000.0,22310000.0,0.0,0.0
347.1,23630000.0,23630000.0,0.0,0.0
347.2,24830000.0,24830000.0,0.0,0.0
347.3,25770000.0,25770000.0,0.0,0.0
347.4,26290000.0,26290000.0,0.0,0.0
347.5,26230000.0,26230000.0,0.0,0.0
347.6,25520000.0,25520000.0,0.0,0.0
347.7,24150000.0,24150000.0,0.0,0.0
347.8,22240000.0,22240000.0,0.0,0.0
347.9,19980000.0,19980000.0,0.0,0.0
348.0,17630000.0,17630000.0,0.0,0.0
348.1,15480000.0,15480000.0,0.0,0.0
348.2,13780000.0,13780000.0,0.0,0.0
348.3,12730000.0,12730000.0,0.0,0.0
348.4,12410000.0,12410000.0,0.0,0.0
348.5,12840000.0,12840000.0,0.0,0.0
348.6,13910000.0,13910000.0,0.0,0.0
348.7,15450000.0,15450000.0,0.0,0.0
348.8,17240000.0,17240000.0,0.0,0.0
348.9,19020000.0,19020000.0,0.0,0.0
349.0,20570000.0,20570000.0,0.0,0.0
349.1,21710000.0,21710000.0,0.0,0.0
349.2,22310000.0,22310000.0,0.0,0.0
349.3,22320000.0,22320000.0,0.0,0.0
349.4,21770000.0,21770000.0,0.0,0.0
349.5,20710000.0,20710000.0,0.0,0.0
349.6,19240000.0,19240000.0,0.0,0.0
349.7,17490000.0,17490000.0,0.0,0.0
349.8,15570000.0,15570000.0,0.0,0.0
349.9,13600000.0,13600000.0,0.0,0.0
350.0,11670000.0,11670000.0,0.0,0.0
350.1,9890000.0,9890000.0,0.0,0.0
350.2,8326000.0,8326000.0,0.0,0.0
350.3,7041000.0,7041000.0,0.0,0.0
350.4,6077000.0,6077000.0,0.0,0.0
350.5,5453000.0,5453000.0,0.0,0.0
350.6,5165000.0,5165000.0,0.0,0.0
350.7,5192000.0,5192000.0,0.0,0.0
350.8,5497000.0,5497000.0,0.0,0.0
350.9,6036000.0,6036000.0,0.0,0.0
351.0,6764000.0,6764000.0,0.0,0.0
351.1,7643000.0,7643000.0,0.0,0.0
351.2,8650000.0,8650000.0,0.0,0.0
351.3,9785000.0,9785000.0,0.0,0.0
351.4,11070000.0,11070000.0,0.0,0.0
351.5,12550000.0,12550000.0,0.0,0.0
351.6,14290000.0,14290000.0,0.0,0.0
351.7,16360000.0,16360000.0,0.0,0.0
351.8,18810000.0,18810000.0,0.0,0.0
351.9,21660000.0,21660000.0,0.0,0.0
352.0,24890000.0,24890000.0,0.0,0.0
352.1,28420000.0,28420000.0,0.0,0.0
352.2,32140000.0,32140000.0,0.0,0.0
352.3,35860000.0,35860000.0,0.0,0.0
352.4,39400000.0,39400000.0,0.0,0.0
352.5,42600000.0,42600000.0,0.0,0.0
352.6,45320000.0,45320000.0,0.0,0.0
352.7,47490000.0,47490000.0,0.0,0.0
352.8,49140000.0,49140000.0,0.0,0.0
352.9,50380000.0,50380000.0,0.0,0.0
353.0,51350000.0,51350000.0,0.0,0.0
353.1,52260000.0,52260000.0,0.0,0.0
353.2,53290000.0,53290000.0,0.0,0.0
353.3,54570000.0,54570000.0,0.0,0.0
353.4,56180000.0,56180000.0,0.0,0.0
353.5,58060000.0,58060000.0,0.0,0.0
353.6,60070000.0,60070000.0,0.0,0.0
353.7,61990000.0,61990000.0,0.0,0.0
353.8,63510000.0,63510000.0,0.0,0.0
353.9,64360000.0,64360000.0,0.0,0.0
354.0,64310000.0,64310000.0,0.0,0.0
354.1,63240000.0,63240000.0,0.0,0.0
354.2,61220000.0,61220000.0,0.0,0.0
354.3,58470000.0,58470000.0,0.0,0.0
354.4,55390000.0,55390000.0,0.0,0.0
354.5,52500000.0,52500000.0,0.0,0.0
354.6,50350000.0,50350000.0,0.0,0.0
354.7,49450000.0,49450000.0,0.0,0.0
354.8,50160000.0,50160000.0,0.0,0.0
354.9,52640000.0,52640000.0,0.0,0.0
355.0,56800000.0,56800000.0,0.0,0.0
355.1,62330000.0,62330000.0,0.0,0.0
355.2,68720000.0,68720000.0,0.0,0.0
355.3,75410000.0,75410000.0,0.0,0.0
355.4,81870000.0,81870000.0,0.0,0.0
355.5,87710000.0,87710000.0,0.0,0.0
355.6,92780000.0,92780000.0,0.0,0.0
355.7,97190000.0,97190000.0,0.0,0.0
355.8,101300000.0,101300000.0,0.0,0.0
355.9,105600000.0,105600000.0,0.0,0.0
356.0,110700000.0,110700000.0,0.0,0.0
356.1,116900000.0,116900000.0,0.0,0.0
356.2,124700000.0,124700000.0,0.0,0.0
356.3,133800000.0,133800000.0,0.0,0.0
356.4,143900000.0,143900000.0,0.0,0.0
356.5,154500000.0,154500000.0,0.0,0.0
356.6,164600000.0,164600000.0,0.0,0.0
356.7,173700000.0,173700000.0,0.0,0.0
356.8,181000000.0,181000000.0,0.0,0.0
356.9,186300000.0,186300000.0,0.0,0.0
357.0,189800000.0,189800000.0,0.0,0.0
357.1,192200000.0,192200000.0,0.0,0.0
357.2,194600000.0,194600000.0,0.0,0.0
357.3,198200000.0,198200000.0,0.0,0.0
357.4,204000000.0,204000000.0,0.0,0.0
357.5,212800000.0,212800000.0,0.0,0.0
357.6,224600000.0,224600000.0,0.0,0.0
357.7,238500000.0,238500000.0,0.0,0.0
357.8,253200000.0,253200000.0,0.0,0.0
357.9,266500000.0,266500000.0,0.0,0.0
358.0,276400000.0,276400000.0,0.0,0.0
358.1,280900000.0,280900000.0,0.0,0.0
358.2,278700000.0,278700000.0,0.0,0.0
358.3,269400000.0,269400000.0,0.0,0.0
358.4,253400000.0,253400000.0,0.0,0.0
358.5,231700000.0,231700000.0,0.0,0.0
358.6,206100000.0,206100000.0,0.0,0.0
358.7,178500000.0,178500000.0,0.0,0.0
358.8,150700000.0,150700000.0,0.0,0.0
358.9,124300000.0,124300000.0,0.0,0.0
359.0,100600000.0,100600000.0,0.0,0.0
359.1,80290000.0,80290000.0,0.0,0.0
359.2,63750000.0,63750000.0,0.0,0.0
359.3,51080000.0,51080000.0,0.0,0.0
359.4,42140000.0,42140000.0,0.0,0.0
359.5,36730000.0,36730000.0,0.0,0.0
359.6,34580000.0,34580000.0,0.0,0.0
359.7,35450000.0,35450000.0,0.0,0.0
359.8,39130000.0,39130000.0,0.0,0.0
359.9,45400000.0,45400000.0,0.0,0.0
360.0,53990000.0,53990000.0,0.0,0.0
360.1,64510000.0,64510000.0,0.0,0.0
360.2,76470000.0,76470000.0,0.0,0.0
360.3,89190000.0,89190000.0,0.0,0.0
360.4,101900000.0,101900000.0,0.0,0.0
360.5,113700000.0,113700000.0,0.0,0.0
360.6,123800000.0,123800000.0,0.0,0.0
360.7,131500000.0,131500000.0,0.0,0.0
360.8,136700000.0,136700000.0,0.0,0.0
360.9,139100000.0,139100000.0,0.0,0.0
361.0,139300000.0,139300000.0,0.0,0.0
361.1,138000000.0,138000000.0,0.0,0.0
361.2,135800000.0,135800000.0,0.0,0.0
361.3,133600000.0,133600000.0,0.0,0.0
361.4,131900000.0,131900000.0,0.0,0.0
361.5,131000000.0,131000000.0,0.0,0.0
361.6,130700000.0,130700000.0,0.0,0.0
361.7,130700000.0,130700000.0,0.0,0.0
361.8,130400000.0,130400000.0,0.0,0.0
361.9,129300000.0,129300000.0,0.0,0.0
362.0,127000000.0,127000000.0,0.0,0.0
362.1,123600000.0,123600000.0,0.0,0.0
362.2,119300000.0,119300000.0,0.0,0.0
362.3,114700000.0,114700000.0,1.936e-11,0.0
362.4,110500000.0,110500000.0,9.758e-11,0.0
362.5,107100000.0,107100000.0,4.739e-10,0.0
362.6,104800000.0,104800000.0,2.217e-09,0.0
362.7,103700000.0,103700000.0,9.996e-09,0.0
362.8,103400000.0,103400000.0,4.342e-08,0.0
362.9,103300000.0,103300000.0,1.817e-07,0.0
363.0,102800000.0,102800000.0,7.327e-07,0.0
363.1,101200000.0,101200000.0,2.847e-06,0.0
363.2,98100000.0,98100000.0,1.066e-05,0.0
363.3,93460000.0,93460000.0,3.844e-05,0.0
363.4,87480000.0,87480000.0,0.0001336,0.0
363.5,80630000.0,80630000.0,0.0004472,0.0
363.6,73580000.0,73580000.0,0.001443,0.0
363.7,67050000.0,67050000.0,0.004485,0.0
363.8,61710000.0,61710000.0,0.01343,0.0
363.9,58090000.0,58090000.0,0.03875,0.0
364.0,56520000.0,56520000.0,0.1077,0.0
364.1,57080000.0,57080000.0,0.2886,0.0
364.2,59640000.0,59640000.0,0.7449,0.0
364.3,63800000.0,63800000.0,1.852,0.0
364.4,68990000.0,68990000.0,4.438,0.0
364.5,74470000.0,74470000.0,10.25,0.0
364.6,79440000.0,79440000.0,22.79,0.0
364.7,83160000.0,83160000.0,48.84,0.0
364.8,84990000.0,84990000.0,100.9,0.0
364.9,84520000.0,84520000.0,200.6,0.0
365.0,81640000.0,81640000.0,384.6,0.0
365.1,76480000.0,76480000.0,710.3,0.0
365.2,69470000.0,69470000.0,1264.0,0.0
365.3,61190000.0,61190000.0,2167.0,0.0
365.4,52290000.0,52280000.0,3580.0,0.0
365.5,43420000.0,43410000.0,5699.0,0.0
365.6,35120000.0,35110000.0,8739.0,0.0
365.7,27780000.0,27770000.0,12910.0,0.0
365.8,21650000.0,21630000.0,18380.0,0.0
365.9,16780000.0,16760000.0,25220.0,0.0
366.0,13150000.0,13110000.0,33330.0,0.0
366.1,10620000.0,10570000.0,42440.0,0.0
366.2,9028000.0,8976000.0,52070.0,0.0
366.3,8198000.0,8137000.0,61550.0,0.0
366.4,7959000.0,7889000.0,70110.0,0.0
366.5,8160000.0,8083000.0,76940.0,0.0
366.6,8683000.0,8601000.0,81350.0,0.0
366.7,9437000.0,9354000.0,82880.0,0.0
366.8,10370000.0,10290000.0,81350.0,0.0
366.9,11450000.0,11380000.0,76940.0,0.0
367.0,12700000.0,12630000.0,70110.0,0.0
367.1,14150000.0,14090000.0,61550.0,0.0
367.2,15840000.0,15790000.0,52070.0,0.0
367.3,17820000.0,17780000.0,42440.0,0.0
367.4,20140000.0,20110000.0,33330.0,0.0
367.5,22810000.0,22790000.0,25220.0,0.0
367.6,25820000.0,25800000.0,18380.0,0.0
367.7,29110000.0,29100000.0,12910.0,0.0
367.8,32620000.0,32610000.0,8739.0,0.0
367.9,36220000.0,36220000.0,5699.0,0.0
368.0,39810000.0,39810000.0,3580.0,0.0
368.1,43240000.0,43230000.0,2167.0,0.0
368.2,46370000.0,46370000.0,1264.0,0.0
368.3,49090000.0,49090000.0,710.3,0.0
368.4,51280000.0,51280000.0,384.6,0.0
368.5,52850000.0,52850000.0,200.6,0.0
368.6,53750000.0,53750000.0,100.9,0.0
368.7,53990000.0,53990000.0,48.84,0.0
368.8,53590000.0,53590000.0,22.79,0.0
368.9,52630000.0,52630000.0,10.25,0.0
369.0,51220000.0,51220000.0,4.438,0.0
369.1,49500000.0,49500000.0,1.852,0.0
369.2,47610000.0,47610000.0,0.7449,0.0
369.3,45680000.0,45680000.0,0.2886,0.0
369.4,43860000.0,43860000.0,0.1077,0.0
369.5,42260000.0,42260000.0,0.03875,0.0
369.6,40990000.0,40990000.0,0.01343,0.0
369.7,40120000.0,40120000.0,0.004485,0.0
369.8,39730000.0,39730000.0,0.001443,0.0
369.9,39830000.0,39830000.0,0.0004472,0.0
370.0,40420000.0,40420000.0,0.0001336,0.0
370.1,41430000.0,41430000.0,3.844e-05,0.0
370.2,42760000.0,42760000.0,1.066e-05,0.0
370.3,44290000.0,44290000.0,2.847e-06,0.0
370.4,45860000.0,45860000.0,7.327e-07,0.0
370.5,47330000.0,47330000.0,1.817e-07,0.0
370.6,48610000.0,48610000.0,4.342e-08,0.0
370.7,49690000.0,49690000.0,9.996e-09,0.0
370.8,50640000.0,50640000.0,2.217e-09,0.0
370.9,51660000.0,51660000.0,4.739e-10,0.0
371.0,53010000.0,53010000.0,9.758e-11,0.0
371.1,55010000.0,55010000.0,1.936e-11,0.0
371.2,57930000.0,57930000.0,3.701e-12,0.0
371.3,61980000.0,61980000.0,0.0,0.0
371.4,67190000.0,67190000.0,0.0,0.0
371.5,73410000.0,73410000.0,0.0,0.0
371.6,80300000.0,80300000.0,0.0,0.0
371.7,87380000.0,87380000.0,0.0,0.0
371.8,94120000.0,94120000.0,0.0,0.0
371.9,100100000.0,100100000.0,0.0,0.0
372.0,105000000.0,105000000.0,0.0,0.0
372.1,108800000.0,108800000.0,0.0,0.0
372.2,111800000.0,111800000.0,0.0,0.0
372.3,114700000.0,114700000.0,0.0,0.0
372.4,118300000.0,118300000.0,0.0,0.0
372.5,123600000.0,123600000.0,0.0,0.0
372.6,131400000.0,131400000.0,0.0,0.0
372.7,142300000.0,142300000.0,0.0,0.0
372.8,156600000.0,156600000.0,0.0,0.0
372.9,174000000.0,174000000.0,0.0,0.0
373.0,193500000.0,193500000.0,0.0,0.0
373.1,214000000.0,214000000.0,0.0,0.0
373.2,233600000.0,233600000.0,0.0,0.0
373.3,250700000.0,250700000.0,0.0,0.0
373.4,263700000.0,263700000.0,0.0,0.0
373.5,271600000.0,271600000.0,0.0,0.0
373.6,273900000.0,273900000.0,0.0,0.0
373.7,271100000.0,271100000.0,0.0,0.0
373.8,264100000.0,264100000.0,0.0,0.0
373.9,254600000.0,254600000.0,0.0,0.0
374.0,244300000.0,244300000.0,0.0,0.0
374.1,234700000.0,234700000.0,0.0,0.0
374.2,227100000.0,227100000.0,0.0,0.0
374.3,222100000.0,222100000.0,0.0,0.0
374.4,219400000.0,219400000.0,0.0,0.0
374.5,218600000.0,218600000.0,0.0,0.0
374.6,218400000.0,218400000.0,0.0,0.0
374.7,217800000.0,217800000.0,0.0,0.0
374.8,215900000.0,215900000.0,0.0,0.0
374.9,211900000.0,211900000.0,0.0,0.0
375.0,205800000.0,205800000.0,0.0,0.0
375.1,197900000.0,197900000.0,0.0,0.0
375.2,188800000.0,188800000.0,0.0,0.0
375.3,179300000.0,179300000.0,0.0,0.0
375.4,170300000.0,170300000.0,0.0,0.0
375.5,162500000.0,162500000.0,0.0,0.0
375.6,156100000.0,156100000.0,0.0,0.0
375.7,151400000.0,151400000.0,0.0,0.0
375.8,148000000.0,148000000.0,0.0,0.0
375.9,145700000.0,145700000.0,0.0,0.0
376.0,143800000.0,143800000.0,0.0,0.0
376.1,141900000.0,141900000.0,0.0,0.0
376.2,139500000.0,139500000.0,0.0,0.0
376.3,135900000.0,135900000.0,0.0,0.0
376.4,130900000.0,130900000.0,0.0,0.0
376.5,124200000.0,124200000.0,0.0,0.0
376.6,115900000.0,115900000.0,0.0,0.0
376.7,106000000.0,106000000.0,0.0,0.0
376.8,94790000.0,94790000.0,0.0,0.0
376.9,82790000.0,82790000.0,0.0,0.0
377.0,70520000.0,70520000.0,0.0,0.0
377.1,58510000.0,58510000.0,0.0,0.0
377.2,47290000.0,47290000.0,0.0,0.0
377.3,37260000.0,37260000.0,0.0,0.0
377.4,28690000.0,28690000.0,0.0,0.0
377.5,21710000.0,21710000.0,0.0,0.0
377.6,16330000.0,16330000.0,0.0,0.0
377.7,12440000.0,12440000.0,0.0,0.0
377.8,9874000.0,9874000.0,0.0,0.0
377.9,8446000.0,8446000.0,0.0,0.0
378.0,7949000.0,7949000.0,0.0,0.0
378.1,8194000.0,8194000.0,0.0,0.0
378.2,9018000.0,9018000.0,0.0,0.0
378.3,10280000.0,10280000.0,0.0,0.0
378.4,11870000.0,11870000.0,0.0,0.0
378.5,13710000.0,13710000.0,0.0,0.0
378.6,15730000.0,15730000.0,0.0,0.0
378.7,17920000.0,17920000.0,0.0,0.0
378.8,20260000.0,20260000.0,0.0,0.0
378.9,22750000.0,22750000.0,0.0,0.0
379.0,25400000.0,25400000.0,0.0,0.0
379.1,28220000.0,28220000.0,0.0,0.0
379.2,31170000.0,31170000.0,0.0,0.0
379.3,34210000.0,34210000.0,0.0,0.0
379.4,37220000.0,37220000.0,0.0,0.0
379.5,40120000.0,40120000.0,0.0,0.0
379.6,42760000.0,42760000.0,0.0,0.0
379.7,45030000.0,45030000.0,0.0,0.0
379.8,46860000.0,46860000.0,0.0,0.0
379.9,48200000.0,48200000.0,0.0,0.0
380.0,49110000.0,49110000.0,0.0,0.0
380.1,49670000.0,49670000.0,0.0,0.0
380.2,50080000.0,50080000.0,0.0,0.0
380.3,50600000.0,50600000.0,0.0,0.0
380.4,51560000.0,51560000.0,0.0,0.0
380.5,53350000.0,53350000.0,0.0,0.0
380.6,56420000.0,56420000.0,0.0,0.0
380.7,61190000.0,61190000.0,0.0,0.0
380.8,68070000.0,68070000.0,0.0,0.0
380.9,77350000.0,77350000.0,0.0,0.0
381.0,89200000.0,89200000.0,0.0,0.0
381.1,103500000.0,103500000.0,0.0,0.0
381.2,120100000.0,120100000.0,0.0,0.0
381.3,138300000.0,138300000.0,0.0,0.0
381.4,157400000.0,157400000.0,0.0,0.0
381.5,176400000.0,176400000.0,0.0,0.0
381.6,194500000.0,194500000.0,0.0,0.0
381.7,210700000.0,210700000.0,0.0,0.0
381.8,224300000.0,224300000.0,0.0,0.0
381.9,234700000.0,234700000.0,0.0,0.0
382.0,241500000.0,241500000.0,0.0,0.0
382.1,244800000.0,244800000.0,0.0,0.0
382.2,244500000.0,244500000.0,0.0,0.0
382.3,241100000.0,241100000.0,0.0,0.0
382.4,234900000.0,234900000.0,0.0,0.0
382.5,226400000.0,226400000.0,0.0,0.0
382.6,216000000.0,216000000.0,0.0,0.0
382.7,204200000.0,204200000.0,0.0,0.0
382.8,191500000.0,191500000.0,0.0,0.0
382.9,178600000.0,178600000.0,0.0,0.0
383.0,165900000.0,165900000.0,0.0,0.0
383.1,153900000.0,153900000.0,0.0,0.0
383.2,143100000.0,143100000.0,0.0,0.0
383.3,133700000.0,133700000.0,0.0,0.0
383.4,125900000.0,125900000.0,0.0,0.0
383.5,119700000.0,119700000.0,0.0,0.0
383.6,114600000.0,114600000.0,0.0,0.0
383.7,110500000.0,110500000.0,0.0,0.0
383.8,106900000.0,106900000.0,0.0,0.0
383.9,103300000.0,103300000.0,0.0,0.0
384.0,99340000.0,99340000.0,0.0,0.0
384.1,94810000.0,94810000.0,0.0,0.0
384.2,89560000.0,89560000.0,0.0,0.0
384.3,83640000.0,83640000.0,0.0,0.0
384.4,77230000.0,77230000.0,0.0,0.0
384.5,70630000.0,70630000.0,0.0,0.0
384.6,64160000.0,64160000.0,0.0,0.0
384.7,58190000.0,58190000.0,0.0,0.0
384.8,53020000.0,53020000.0,0.0,0.0
384.9,48920000.0,48920000.0,0.0,0.0
385.0,46030000.0,46030000.0,0.0,0.0
385.1,44430000.0,44430000.0,0.0,0.0
385.2,44060000.0,44060000.0,0.0,0.0
385.3,44790000.0,44790000.0,0.0,0.0
385.4,46390000.0,46390000.0,0.0,0.0
385.5,48550000.0,48550000.0,0.0,0.0
385.6,50910000.0,50910000.0,0.0,0.0
385.7,53130000.0,53130000.0,0.0,0.0
385.8,54850000.0,54850000.0,0.0,0.0
385.9,55810000.0,55810000.0,0.0,0.0
386.0,55830000.0,55830000.0,0.0,0.0
386.1,54870000.0,54870000.0,0.0,0.0
386.2,53000000.0,53000000.0,0.0,0.0
386.3,50370000.0,50370000.0,0.0,0.0
386.4,47250000.0,47250000.0,0.0,0.0
386.5,43920000.0,43920000.0,0.0,0.0
386.6,40670000.0,40670000.0,0.0,0.0
386.7,37730000.0,37730000.0,0.0,0.0
386.8,35290000.0,35290000.0,0.0,0.0
386.9,33460000.0,33460000.0,0.0,0.0
387.0,32290000.0,32290000.0,0.0,0.0
387.1,31730000.0,31730000.0,0.0,0.0
387.2,31730000.0,31730000.0,0.0,0.0
387.3,32160000.0,32160000.0,0.0,0.0
387.4,32910000.0,32910000.0,0.0,0.0
387.5,33870000.0,33870000.0,0.0,0.0
387.6,34950000.0,34950000.0,0.0,0.0
387.7,36070000.0,36070000.0,0.0,0.0
387.8,37200000.0,37200000.0,0.0,0.0
387.9,38320000.0,38320000.0,0.0,0.0
388.0,39410000.0,39410000.0,0.0,0.0
388.1,40450000.0,40450000.0,0.0,0.0
388.2,41430000.0,41430000.0,0.0,0.0
388.3,42270000.0,42270000.0,0.0,0.0
388.4,42920000.0,42920000.0,0.0,0.0
388.5,43270000.0,43270000.0,0.0,0.0
388.6,43250000.0,43250000.0,0.0,0.0
388.7,42800000.0,42800000.0,0.0,0.0
388.8,41900000.0,41900000.0,0.0,0.0
388.9,40570000.0,40570000.0,0.0,0.0
389.0,38910000.0,38910000.0,0.0,0.0
389.1,37030000.0,37030000.0,0.0,0.0
389.2,35100000.0,35100000.0,0.0,0.0
389.3,33270000.0,33270000.0,0.0,0.0
389.4,31660000.0,31660000.0,0.0,0.0
389.5,30370000.0,30370000.0,0.0,0.0
389.6,29410000.0,29410000.0,0.0,0.0
389.7,28760000.0,28760000.0,0.0,0.0
389.8,28330000.0,28330000.0,0.0,0.0
389.9,27990000.0,27990000.0,0.0,0.0
390.0,27600000.0,27600000.0,0.0,0.0
390.1,27020000.0,27020000.0,0.0,0.0
390.2,26150000.0,26150000.0,0.0,0.0
390.3,24920000.0,24920000.0,0.0,0.0
390.4,23330000.0,23330000.0,0.0,0.0
390.5,21430000.0,21430000.0,0.0,0.0
390.6,19300000.0,19300000.0,0.0,1.004e-17
390.7,17080000.0,17080000.0,0.0,4.586e-17
390.8,14900000.0,14900000.0,0.0,2.029e-16
390.9,12910000.0,12910000.0,0.0,8.691e-16
391.0,11220000.0,11220000.0,0.0,3.606e-15
391.1,9908000.0,9908000.0,0.0,1.449e-14
391.2,9028000.0,9028000.0,0.0,5.64e-14
391.3,8583000.0,8583000.0,0.0,2.126e-13
391.4,8541000.0,8541000.0,0.0,7.763e-13
391.5,8847000.0,8847000.0,0.0,2.745e-12
391.6,9423000.0,9423000.0,0.0,9.402e-12
391.7,10190000.0,10190000.0,0.0,3.119e-11
391.8,11060000.0,11060000.0,0.0,1.002e-10
391.9,11970000.0,11970000.0,0.0,3.118e-10
392.0,12860000.0,12860000.0,0.0,9.396e-10
392.1,13680000.0,13680000.0,0.0,2.743e-09
392.2,14390000.0,14390000.0,0.0,7.753e-09
392.3,14970000.0,14970000.0,0.0,2.123e-08
392.4,15400000.0,15400000.0,0.0,5.63e-08
392.5,15660000.0,15660000.0,0.0,1.446e-07
392.6,15730000.0,15730000.0,0.0,3.597e-07
392.7,15590000.0,15590000.0,0.0,8.666e-07
392.8,15240000.0,15240000.0,0.0,2.022e-06
392.9,14670000.0,14670000.0,0.0,4.57e-06
393.0,13890000.0,13890000.0,0.0,1e-05
393.1,12930000.0,12930000.0,0.0,2.121e-05
393.2,11830000.0,11830000.0,0.0,4.355e-05
393.3,10650000.0,10650000.0,0.0,8.661e-05
393.4,9436000.0,9436000.0,0.0,0.0001668
393.5,8265000.0,8265000.0,0.0,0.0003112
393.6,7198000.0,7198000.0,0.0,0.0005623
393.7,6294000.0,6294000.0,0.0,0.0009839
393.8,5600000.0,5600000.0,0.0,0.001668
393.9,5151000.0,5151000.0,0.0,0.002738
394.0,4972000.0,4972000.0,0.0,0.004352
394.1,5069000.0,5069000.0,0.0,0.006702
394.2,5438000.0,5438000.0,0.0,0.009995
394.3,6058000.0,6058000.0,0.0,0.01444
394.4,6896000.0,6896000.0,0.0,0.0202
394.5,7906000.0,7906000.0,0.0,0.02737
394.6,9037000.0,9037000.0,0.0,0.03593
394.7,10230000.0,10230000.0,0.0,0.04568
394.8,11430000.0,11430000.0,0.0,0.05625
394.9,12570000.0,12570000.0,0.0,0.06711
395.0,13610000.0,13610000.0,0.0,0.07758
395.1,14500000.0,14500000.0,0.0,0.08691
395.2,15220000.0,15220000.0,0.0,0.09439
395.3,15760000.0,15760000.0,0.0,0.09946
395.4,16110000.0,16110000.0,0.0,0.1018
395.5,16280000.0,16280000.0,0.0,0.1013
395.6,16320000.0,16320000.0,0.0,0.09823
395.7,16260000.0,16260000.0,0.0,0.09323
395.8,16180000.0,16180000.0,0.0,0.08704
395.9,16140000.0,16140000.0,0.0,0.08052
396.0,16200000.0,16200000.0,0.0,0.07453
396.1,16410000.0,16410000.0,0.0,0.06976
396.2,16790000.0,16790000.0,0.0,0.06665
396.3,17330000.0,17330000.0,0.0,0.06539
396.4,17970000.0,17970000.0,0.0,0.06587
396.5,18630000.0,18630000.0,0.0,0.06772
396.6,19200000.0,19200000.0,0.0,0.07043
396.7,19570000.0,19570000.0,0.0,0.07343
396.8,19630000.0,19630000.0,0.0,0.07618
396.9,19310000.0,19310000.0,0.0,0.07825
397.0,18580000.0,18580000.0,0.0,0.07937
397.1,17460000.0,17460000.0,0.0,0.07944
397.2,15990000.0,15990000.0,0.0,0.07851
397.3,14270000.0,14270000.0,0.0,0.07673
397.4,12410000.0,12410000.0,0.0,0.07428
397.5,10520000.0,10520000.0,0.0,0.07133
397.6,8690000.0,8690000.0,0.0,0.068
397.7,7008000.0,7008000.0,0.0,0.06434
397.8,5526000.0,5526000.0,0.0,0.06035
397.9,4271000.0,4271000.0,0.0,0.05599
398.0,3250000.0,3250000.0,0.0,0.05127
398.1,2453000.0,2453000.0,0.0,0.04619
398.2,1862000.0,1862000.0,0.0,0.04085
398.3,1456000.0,1456000.0,0.0,0.03537
398.4,1214000.0,1214000.0,0.0,0.02993
398.5,1122000.0,1122000.0,0.0,0.02473
398.6,1166000.0,1166000.0,0.0,0.01993
398.7,1341000.0,1341000.0,0.0,0.01568
398.8,1640000.0,1640000.0,0.0,0.01208
398.9,2060000.0,2060000.0,0.0,0.009164
399.0,2594000.0,2594000.0,0.0,0.006932
399.1,3233000.0,3233000.0,0.0,0.005333
399.2,3964000.0,3964000.0,0.0,0.004295
399.3,4771000.0,4771000.0,0.0,0.003728
399.4,5635000.0,5635000.0,0.0,0.003538
399.5,6533000.0,6533000.0,0.0,0.003635
399.6,7444000.0,7444000.0,0.0,0.003932
399.7,8343000.0,8343000.0,0.0,0.004353
399.8,9206000.0,9206000.0,0.0,0.004828
399.9,10010000.0,10010000.0,0.0,0.005299
400.0,10710000.0,10710000.0,0.0,0.00572
400.1,11290000.0,11290000.0,0.0,0.006054
400.2,11720000.0,11720000.0,0.0,0.006276
400.3,11960000.0,11960000.0,0.0,0.006375
400.4,11990000.0,11990000.0,0.0,0.006347
400.5,11820000.0,11820000.0,0.0,0.006198
400.6,11440000.0,11440000.0,0.0,0.005942
400.7,10890000.0,10890000.0,0.0,0.005594
400.8,10200000.0,10200000.0,0.0,0.005173
400.9,9428000.0,9428000.0,0.0,0.004701
401.0,8625000.0,8625000.0,0.0,0.004196
401.1,7845000.0,7845000.0,0.0,0.003677
401.2,7133000.0,7133000.0,0.0,0.003164
401.3,6523000.0,6523000.0,0.0,0.002674
401.4,6031000.0,6031000.0,0.0,0.002224
401.5,5663000.0,5663000.0,0.0,0.001831
401.6,5410000.0,5410000.0,0.0,0.001513
401.7,5257000.0,5257000.0,0.0,0.001289
401.8,5183000.0,5183000.0,0.0,0.001183
401.9,5166000.0,5166000.0,0.0,0.001224
402.0,5182000.0,5182000.0,0.0,0.00145
402.1,5210000.0,5210000.0,0.0,0.001906
402.2,5232000.0,5232000.0,0.0,0.002648
402.3,5236000.0,5236000.0,0.0,0.003732
402.4,5214000.0,5214000.0,0.0,0.005215
402.5,5167000.0,5167000.0,0.0,0.00714
402.6,5104000.0,5104000.0,0.0,0.009523
402.7,5050000.0,5050000.0,0.0,0.01234
402.8,5043000.0,5043000.0,0.0,0.01553
402.9,5145000.0,5145000.0,0.0,0.01896
403.0,5442000.0,5442000.0,0.0,0.02245
403.1,6047000.0,6047000.0,0.0,0.02578
403.2,7100000.0,7100000.0,0.0,0.02873
403.3,8762000.0,8762000.0,0.0,0.03107
403.4,11200000.0,11200000.0,0.0,0.03261
403.5,14580000.0,14580000.0,0.0,0.03325
403.6,19030000.0,19030000.0,0.0,0.03298
403.7,24590000.0,24590000.0,0.0,0.03188
403.8,31220000.0,31220000.0,0.0,0.03015
403.9,38760000.0,38760000.0,0.0,0.02805
404.0,46890000.0,46890000.0,0.0,0.02589
404.1,55180000.0,55180000.0,0.0,0.02401
404.2,63090000.0,63090000.0,0.0,0.02271
404.3,70060000.0,70060000.0,0.0,0.02222
404.4,75530000.0,75530000.0,0.0,0.02271
404.5,79040000.0,79040000.0,0.0,0.02421
404.6,80300000.0,80300000.0,0.0,0.02665
404.7,79250000.0,79250000.0,0.0,0.02983
404.8,76030000.0,76030000.0,0.0,0.03347
404.9,71020000.0,71020000.0,0.0,0.03721
405.0,64750000.0,64750000.0,0.0,0.04065
405.1,57890000.0,57890000.0,0.0,0.04342
405.2,51080000.0,51080000.0,0.0,0.0452
405.3,44970000.0,44970000.0,0.0,0.04579
405.4,40060000.0,40060000.0,0.0,0.04509
405.5,36690000.0,36690000.0,0.0,0.04313
405.6,35060000.0,35060000.0,0.0,0.04007
405.7,35160000.0,35160000.0,0.0,0.03617
405.8,36820000.0,36820000.0,0.0,0.03173
405.9,39770000.0,39770000.0,0.0,0.02706
406.0,43620000.0,43620000.0,0.0,0.02248
406.1,47970000.0,47970000.0,0.0,0.01823
406.2,52410000.0,52410000.0,0.0,0.01449
406.3,56560000.0,56560000.0,0.0,0.01138
406.4,60110000.0,60110000.0,0.0,0.008982
406.5,62850000.0,62850000.0,0.0,0.007318
406.6,64630000.0,64630000.0,0.0,0.006406
406.7,65380000.0,65380000.0,0.0,0.00626
406.8,65120000.0,65120000.0,0.0,0.006904
406.9,63870000.0,63870000.0,0.0,0.008373
407.0,61710000.0,61710000.0,0.0,0.01071
407.1,58740000.0,58740000.0,0.0,0.01394
407.2,55060000.0,55060000.0,0.0,0.01806
407.3,50800000.0,50800000.0,0.0,0.02301
407.4,46100000.0,46100000.0,0.0,0.02864
407.5,41140000.0,41140000.0,0.0,0.03473
407.6,36070000.0,36070000.0,0.0,0.04096
407.7,31080000.0,31080000.0,0.0,0.04695
407.8,26330000.0,26330000.0,0.0,0.05227
407.9,21950000.0,21950000.0,0.0,0.05655
408.0,18030000.0,18030000.0,0.0,0.05943
408.1,14630000.0,14630000.0,0.0,0.06071
408.2,11760000.0,11760000.0,0.0,0.0603
408.3,9399000.0,9399000.0,0.0,0.05828
408.4,7492000.0,7492000.0,0.0,0.05487
408.5,5973000.0,5973000.0,0.0,0.05041
408.6,4771000.0,4771000.0,0.0,0.04529
408.7,3817000.0,3817000.0,0.0,0.03992
408.8,3055000.0,3055000.0,0.0,0.03466
408.9,2439000.0,2439000.0,0.0,0.0298
409.0,1934000.0,1934000.0,0.0,0.02554
409.1,1518000.0,1518000.0,0.0,0.02196
409.2,1175000.0,1175000.0,0.0,0.01906
409.3,894400.0,894400.0,0.0,0.01678
409.4,668900.0,668900.0,0.0,0.01501
409.5,492400.0,492400.0,0.0,0.01361
409.6,359700.0,359700.0,0.0,0.01247
409.7,266000.0,266000.0,0.0,0.01149
409.8,207800.0,207800.0,0.0,0.01059
409.9,182400.0,182400.0,0.0,0.009742
410.0,189300.0,189300.0,0.0,0.008938
410.1,230200.0,230200.0,0.0,0.008204
410.2,309400.0,309400.0,0.0,0.007598
410.3,433500.0,433500.0,0.0,0.007208
410.4,611900.0,611900.0,0.0,0.007155
410.5,855500.0,855500.0,0.0,0.007602
410.6,1176000.0,1176000.0,0.0,0.008757
410.7,1586000.0,1586000.0,0.0,0.01087
410.8,2092000.0,2092000.0,0.0,0.01425
410.9,2701000.0,2701000.0,0.0,0.01923
411.0,3410000.0,3410000.0,0.0,0.02612
411.1,4207000.0,4207000.0,0.0,0.03522
411.2,5072000.0,5072000.0,0.0,0.04674
411.3,5974000.0,5974000.0,0.0,0.0607
411.4,6873000.0,6873000.0,0.0,0.07693
411.5,7727000.0,7727000.0,0.0,0.095
411.6,8491000.0,8491000.0,0.0,0.1142
411.7,9128000.0,9128000.0,0.0,0.1335
411.8,9613000.0,9613000.0,0.0,0.1519
411.9,9940000.0,9940000.0,0.0,0.1682
412.0,10120000.0,10120000.0,0.0,0.1812
412.1,10190000.0,10190000.0,0.0,0.1902
412.2,10190000.0,10190000.0,0.0,0.1946
412.3,10170000.0,10170000.0,0.0,0.1946
412.4,10200000.0,10200000.0,0.0,0.1907
412.5,10330000.0,10330000.0,0.0,0.184
412.6,10580000.0,10580000.0,0.0,0.1759
412.7,10980000.0,10980000.0,0.0,0.168
412.8,11520000.0,11520000.0,0.0,0.162
412.9,12180000.0,12180000.0,0.0,0.1592
413.0,12930000.0,12930000.0,0.0,0.1606
413.1,13740000.0,13740000.0,0.0,0.1665
413.2,14580000.0,14580000.0,0.0,0.1768
413.3,15430000.0,15430000.0,0.0,0.1905
413.4,16270000.0,16270000.0,0.0,0.2061
413.5,17100000.0,17100000.0,0.0,0.222
413.6,17910000.0,17910000.0,0.0,0.2362
413.7,18710000.0,18710000.0,0.0,0.2468
413.8,19480000.0,19480000.0,0.0,0.2523
413.9,20180000.0,20180000.0,0.0,0.2519
414.0,20790000.0,20790000.0,0.0,0.2452
414.1,21250000.0,21250000.0,0.0,0.2324
414.2,21530000.0,21530000.0,0.0,0.2144
414.3,21600000.0,21600000.0,0.0,0.1927
414.4,21440000.0,21440000.0,0.0,0.1686
414.5,21060000.0,21060000.0,0.0,0.1439
414.6,20500000.0,20500000.0,0.0,0.1201
414.7,19810000.0,19810000.0,0.0,0.09847
414.8,19060000.0,19060000.0,0.0,0.07998
414.9,18290000.0,18290000.0,0.0,0.06536
415.0,17570000.0,17570000.0,0.0,0.05508
415.1,16910000.0,16910000.0,0.0,0.04945
415.2,16310000.0,16310000.0,0.0,0.04865
415.3,15750000.0,15750000.0,0.0,0.0528
415.4,15190000.0,15190000.0,0.0,0.06197
415.5,14580000.0,14580000.0,0.0,0.07614
415.6,13880000.0,13880000.0,0.0,0.09515
415.7,13060000.0,13060000.0,0.0,0.1186
415.8,12110000.0,12110000.0,0.0,0.1458
415.9,11040000.0,11040000.0,0.0,0.1756
416.0,9873000.0,9873000.0,0.0,0.2066
416.1,8659000.0,8659000.0,0.0,0.2369
416.2,7446000.0,7446000.0,0.0,0.2647
416.3,6287000.0,6287000.0,0.0,0.2879
416.4,5229000.0,5229000.0,0.0,0.3047
416.5,4311000.0,4311000.0,0.0,0.3139
416.6,3563000.0,3563000.0,0.0,0.3146
416.7,3001000.0,3001000.0,0.0,0.3069
416.8,2632000.0,2632000.0,0.0,0.2914
416.9,2453000.0,2453000.0,0.0,0.2693
417.0,2459000.0,2459000.0,0.0,0.2424
417.1,2639000.0,2639000.0,0.0,0.2125
417.2,2981000.0,2981000.0,0.0,0.1815
417.3,3473000.0,3473000.0,0.0,0.1512
417.4,4104000.0,4104000.0,0.0,0.1229
417.5,4864000.0,4864000.0,0.0,0.09759
417.6,5741000.0,5741000.0,0.0,0.07584
417.7,6723000.0,6723000.0,0.0,0.05779
417.8,7798000.0,7798000.0,0.0,0.04331
417.9,8949000.0,8949000.0,0.0,0.03206
418.0,10160000.0,10160000.0,0.0,0.02357
418.1,11400000.0,11400000.0,0.0,0.01734
418.2,12660000.0,12660000.0,0.0,0.01289
418.3,13910000.0,13910000.0,0.0,0.009775
418.4,15150000.0,15150000.0,0.0,0.007645
418.5,16360000.0,16360000.0,0.0,0.006206
418.6,17540000.0,17540000.0,0.0,0.005241
418.7,18710000.0,18710000.0,0.0,0.004589
418.8,19880000.0,19880000.0,0.0,0.004137
418.9,21090000.0,21090000.0,0.0,0.003811
419.0,22340000.0,22340000.0,0.0,0.003561
419.1,23640000.0,23640000.0,0.0,0.003356
419.2,25000000.0,25000000.0,0.0,0.003181
419.3,26370000.0,26370000.0,0.0,0.003026
419.4,27690000.0,27690000.0,0.0,0.002889
419.5,28880000.0,28880000.0,0.0,0.002772
419.6,29840000.0,29840000.0,0.0,0.002679
419.7,30460000.0,30460000.0,0.0,0.002615
419.8,30650000.0,30650000.0,0.0,0.002587
419.9,30340000.0,30340000.0,0.0,0.0026
420.0,29480000.0,29480000.0,0.0,0.00266
420.1,28100000.0,28100000.0,0.0,0.002771
420.2,26240000.0,26240000.0,0.0,0.002936
420.3,24010000.0,24010000.0,0.0,0.003161
420.4,21530000.0,21530000.0,0.0,0.003455
420.5,18940000.0,18940000.0,0.0,0.003829
420.6,16400000.0,16400000.0,0.0,0.004305
420.7,14040000.0,14040000.0,0.0,0.004913
420.8,11980000.0,11980000.0,0.0,0.005691
420.9,10310000.0,10310000.0,0.0,0.006687
421.0,9080000.0,9080000.0,0.0,0.007953
421.1,8307000.0,8307000.0,0.0,0.009539
421.2,7987000.0,7987000.0,0.0,0.01148
421.3,8089000.0,8089000.0,0.0,0.01379
421.4,8565000.0,8565000.0,0.0,0.01645
421.5,9354000.0,9354000.0,0.0,0.01938
421.6,10390000.0,10390000.0,0.0,0.02249
421.7,11610000.0,11610000.0,0.0,0.02561
421.8,12950000.0,12950000.0,0.0,0.02856
421.9,14350000.0,14350000.0,0.0,0.03113
422.0,15750000.0,15750000.0,0.0,0.03314
422.1,17090000.0,17090000.0,0.0,0.03443
422.2,18340000.0,18340000.0,0.0,0.03491
422.3,19450000.0,19450000.0,0.0,0.03457
422.4,20400000.0,20400000.0,0.0,0.03348
422.5,21150000.0,21150000.0,0.0,0.03178
422.6,21700000.0,21700000.0,0.0,0.02969
422.7,22060000.0,22060000.0,0.0,0.02745
422.8,22230000.0,22230000.0,0.0,0.02532
422.9,22220000.0,22220000.0,0.0,0.02354
423.0,22070000.0,22070000.0,0.0,0.0223
423.1,21800000.0,21800000.0,0.0,0.02171
423.2,21420000.0,21420000.0,0.0,0.02182
423.3,20960000.0,20960000.0,0.0,0.02258
423.4,20430000.0,20430000.0,0.0,0.0239
423.5,19850000.0,19850000.0,0.0,0.02562
423.6,19230000.0,19230000.0,0.0,0.02757
423.7,18600000.0,18600000.0,0.0,0.02954
423.8,18000000.0,18000000.0,0.0,0.03138
423.9,17460000.0,17460000.0,0.0,0.03295
424.0,17030000.0,17030000.0,0.0,0.03416
424.1,16760000.0,16760000.0,0.0,0.03497
424.2,16680000.0,16680000.0,0.0,0.03536
424.3,16810000.0,16810000.0,0.0,0.03537
424.4,17150000.0,17150000.0,0.0,0.03504
424.5,17690000.0,17690000.0,0.0,0.03442
424.6,18390000.0,18390000.0,0.0,0.03355
424.7,19200000.0,19200000.0,0.0,0.03245
424.8,20080000.0,20080000.0,0.0,0.03116
424.9,20970000.0,20970000.0,0.0,0.02969
425.0,21850000.0,21850000.0,0.0,0.02805
425.1,22670000.0,22670000.0,0.0,0.02629
425.2,23450000.0,23450000.0,0.0,0.02443
425.3,24160000.0,24160000.0,0.0,0.02253
425.4,24810000.0,24810000.0,0.0,0.02064
425.5,25420000.0,25420000.0,0.0,0.01881
425.6,25980000.0,25980000.0,0.0,0.01711
425.7,26500000.0,26500000.0,0.0,0.01558
425.8,26990000.0,26990000.0,0.0,0.01425
425.9,27470000.0,27470000.0,0.0,0.01315
426.0,27960000.0,27960000.0,0.0,0.01227
426.1,28510000.0,28510000.0,0.0,0.01164
426.2,29160000.0,29160000.0,0.0,0.01123
426.3,29950000.0,29950000.0,0.0,0.01104
426.4,30900000.0,30900000.0,0.0,0.01107
426.5,32020000.0,32020000.0,0.0,0.01128
426.6,33270000.0,33270000.0,0.0,0.01167
426.7,34550000.0,34550000.0,0.0,0.01218
426.8,35770000.0,35770000.0,0.0,0.01278
426.9,36750000.0,36750000.0,0.0,0.01342
427.0,37370000.0,37370000.0,0.0,0.01405
427.1,37470000.0,37470000.0,0.0,0.01462
427.2,36970000.0,36970000.0,0.0,0.01511
427.3,35830000.0,35830000.0,0.0,0.01551
427.4,34050000.0,34050000.0,0.0,0.01583
427.5,31720000.0,31720000.0,0.0,0.01611
427.6,28970000.0,28970000.0,0.0,0.0164
427.7,25940000.0,25940000.0,0.0,0.01675
427.8,22810000.0,22810000.0,0.0,0.01722
427.9,19730000.0,19730000.0,0.0,0.01785
428.0,16830000.0,16830000.0,0.0,0.01865
428.1,14220000.0,14220000.0,0.0,0.01963
428.2,11950000.0,11950000.0,0.0,0.02074
428.3,10070000.0,10070000.0,0.0,0.02194
428.4,8576000.0,8576000.0,0.0,0.02318
428.5,7457000.0,7457000.0,0.0,0.02443
428.6,6690000.0,6690000.0,0.0,0.02567
428.7,6245000.0,6245000.0,0.0,0.02689
428.8,6092000.0,6092000.0,0.0,0.02814
428.9,6204000.0,6204000.0,0.0,0.02946
429.0,6553000.0,6553000.0,0.0,0.03091
429.1,7119000.0,7119000.0,0.0,0.03257
429.2,7884000.0,7884000.0,0.0,0.03448
429.3,8837000.0,8837000.0,0.0,0.03668
429.4,9971000.0,9971000.0,0.0,0.03918
429.5,11290000.0,11290000.0,0.0,0.04198
429.6,12790000.0,12790000.0,0.0,0.04507
429.7,14500000.0,14500000.0,0.0,0.0484
429.8,16390000.0,16390000.0,0.0,0.05193
429.9,18480000.0,18480000.0,0.0,0.05559
430.0,20720000.0,20720000.0,0.0,0.05932
430.1,23060000.0,23060000.0,0.0,0.06299
430.2,25430000.0,25430000.0,0.0,0.06649
430.3,27710000.0,27710000.0,0.0,0.06964
430.4,29760000.0,29760000.0,0.0,0.07227
430.5,31460000.0,31460000.0,0.0,0.07417
430.6,32660000.0,32660000.0,0.0,0.07516
430.7,33280000.0,33280000.0,0.0,0.07509
430.8,33260000.0,33260000.0,0.0,0.07383
430.9,32600000.0,32600000.0,0.0,0.07137
431.0,31380000.0,31380000.0,0.0,0.06774
431.1,29730000.0,29730000.0,0.0,0.06306
431.2,27830000.0,27830000.0,0.0,0.05752
431.3,25910000.0,25910000.0,0.0,0.05138
431.4,24190000.0,24190000.0,0.0,0.0449
431.5,22890000.0,22890000.0,0.0,0.03838
431.6,22150000.0,22150000.0,0.0,0.03206
431.7,22090000.0,22090000.0,0.0,0.02617
431.8,22740000.0,22740000.0,0.0,0.02086
431.9,24030000.0,24030000.0,0.0,0.01623
432.0,25840000.0,25840000.0,0.0,0.01233
432.1,27960000.0,27960000.0,0.0,0.009132
432.2,30170000.0,30170000.0,0.0,0.0066
432.3,32210000.0,32210000.0,0.0,0.004652
432.4,33830000.0,33830000.0,0.0,0.003196
432.5,34820000.0,34820000.0,0.0,0.002141
432.6,35050000.0,35050000.0,0.0,0.001398
432.7,34430000.0,34430000.0,0.0,0.0008895
432.8,32990000.0,32990000.0,0.0,0.0005515
432.9,30810000.0,30810000.0,0.0,0.0003331
433.0,28030000.0,28030000.0,0.0,0.000196
433.1,24840000.0,24840000.0,0.0,0.0001124
433.2,21440000.0,21440000.0,0.0,6.274e-05
433.3,18020000.0,18020000.0,0.0,3.412e-05
433.4,14740000.0,14740000.0,0.0,1.807e-05
433.5,11750000.0,11750000.0,0.0,9.32e-06
433.6,9112000.0,9112000.0,0.0,4.684e-06
433.7,6882000.0,6882000.0,0.0,2.298e-06
433.8,5061000.0,5061000.0,0.0,1.114e-06
433.9,3624000.0,3624000.0,0.0,5.64e-07
434.0,2527000.0,2527000.0,0.0,3.659e-07
434.1,1715000.0,1715000.0,0.0,4.158e-07
434.2,1133000.0,1133000.0,0.0,7.466e-07
434.3,729300.0,729300.0,0.0,1.547e-06
434.4,456900.0,456900.0,0.0,3.244e-06
434.5,278700.0,278700.0,0.0,6.68e-06
434.6,165500.0,165500.0,0.0,1.342e-05
434.7,95720.0,95720.0,0.0,2.627e-05
434.8,53890.0,53890.0,0.0,5.011e-05
434.9,29540.0,29540.0,0.0,9.313e-05
435.0,15780.0,15780.0,0.0,0.0001686
435.1,8234.0,8234.0,0.0,0.0002975
435.2,4243.0,4243.0,0.0,0.0005113
435.3,2266.0,2266.0,0.0,0.0008563
435.4,1475.0,1475.0,0.0,0.001397
435.5,1526.0,1526.0,0.0,0.002221
435.6,2453.0,2453.0,0.0,0.00344
435.7,4684.0,4684.0,0.0,0.005191
435.8,9191.0,9191.0,0.0,0.007631
435.9,17790.0,17790.0,0.0,0.01093
436.0,33630.0,33630.0,0.0,0.01526
436.1,61980.0,61980.0,0.0,0.02075
436.2,111300.0,111300.0,0.0,0.02749
436.3,194800.0,194800.0,0.0,0.03548
436.4,332100.0,332100.0,0.0,0.04462
436.5,551700.0,551700.0,0.0,0.05468
436.6,893000.0,893000.0,0.0,0.06528
436.7,1408000.0,1408000.0,0.0,0.07594
436.8,2164000.0,2164000.0,0.0,0.08606
436.9,3240000.0,3240000.0,0.0,0.09504
437.0,4727000.0,4727000.0,0.0,0.1023
437.1,6718000.0,6718000.0,0.0,0.1072
437.2,9304000.0,9304000.0,0.0,0.1095
437.3,12550000.0,12550000.0,0.0,0.109
437.4,16510000.0,16510000.0,0.0,0.1056
437.5,21150000.0,21150000.0,0.0,0.09981
437.6,26390000.0,26390000.0,0.0,0.09187
437.7,32100000.0,32100000.0,0.0,0.08239
437.8,38050000.0,38050000.0,0.0,0.072
437.9,43930000.0,43930000.0,0.0,0.0613
438.0,49440000.0,49440000.0,0.0,0.05085
438.1,54200000.0,54200000.0,0.0,0.0411
438.2,57920000.0,57920000.0,0.0,0.03237
438.3,60310000.0,60310000.0,0.0,0.02484
438.4,61210000.0,61210000.0,0.0,0.01857
438.5,60570000.0,60570000.0,0.0,0.01353
438.6,58440000.0,58440000.0,0.0,0.009603
438.7,55020000.0,55020000.0,0.0,0.006641
438.8,50580000.0,50580000.0,0.0,0.004475
438.9,45480000.0,45480000.0,0.0,0.002938
439.0,40090000.0,40090000.0,0.0,0.001879
439.1,34790000.0,34790000.0,0.0,0.001171
439.2,29900000.0,29900000.0,0.0,0.0007114
439.3,25710000.0,25710000.0,0.0,0.000421
439.4,22390000.0,22390000.0,0.0,0.0002427
439.5,20050000.0,20050000.0,0.0,0.0001364
439.6,18690000.0,18690000.0,0.0,7.463e-05
439.7,18270000.0,18270000.0,0.0,3.98e-05
439.8,18660000.0,18660000.0,0.0,2.068e-05
439.9,19680000.0,19680000.0,0.0,1.047e-05
440.0,21140000.0,21140000.0,0.0,5.167e-06
440.1,22810000.0,22810000.0,0.0,2.484e-06
440.2,24480000.0,24480000.0,0.0,1.163e-06
440.3,25970000.0,25970000.0,0.0,5.308e-07
440.4,27120000.0,27120000.0,0.0,2.36e-07
440.5,27830000.0,27830000.0,0.0,1.023e-07
440.6,28040000.0,28040000.0,0.0,4.317e-08
440.7,27740000.0,27740000.0,0.0,1.776e-08
440.8,26960000.0,26960000.0,0.0,7.116e-09
440.9,25780000.0,25780000.0,0.0,2.779e-09
441.0,24290000.0,24290000.0,0.0,1.057e-09
441.1,22580000.0,22580000.0,0.0,3.919e-10
441.2,20740000.0,20740000.0,0.0,1.416e-10
441.3,18850000.0,18850000.0,0.0,4.982e-11
441.4,16970000.0,16970000.0,0.0,1.708e-11
441.5,15130000.0,15130000.0,0.0,5.708e-12
441.6,13380000.0,13380000.0,0.0,1.858e-12
441.7,11720000.0,11720000.0,0.0,5.894e-13
441.8,10160000.0,10160000.0,0.0,1.822e-13
441.9,8717000.0,8717000.0,0.0,5.486e-14
442.0,7390000.0,7390000.0,0.0,1.61e-14
442.1,6188000.0,6188000.0,0.0,4.602e-15
442.2,5120000.0,5120000.0,0.0,1.282e-15
442.3,4192000.0,4192000.0,0.0,3.479e-16
442.4,3404000.0,3404000.0,0.0,9.2e-17
442.5,2755000.0,2755000.0,0.0,2.371e-17
442.6,2236000.0,2236000.0,0.0,3.882e-18
442.7,1837000.0,1837000.0,0.0,0.0
442.8,1539000.0,1539000.0,0.0,0.0
442.9,1324000.0,1324000.0,0.0,0.0
443.0,1173000.0,1173000.0,0.0,0.0
443.1,1067000.0,1067000.0,0.0,0.0
443.2,989300.0,989300.0,0.0,0.0
443.3,926100.0,926100.0,0.0,0.0
443.4,867300.0,867300.0,0.0,0.0
443.5,806300.0,806300.0,0.0,0.0
443.6,739800.0,739800.0,0.0,0.0
443.7,667100.0,667100.0,0.0,0.0
443.8,589600.0,589600.0,0.0,0.0
443.9,509700.0,509700.0,0.0,0.0
444.0,430600.0,430600.0,0.0,0.0
444.1,355300.0,355300.0,0.0,0.0
444.2,286500.0,286500.0,0.0,0.0
444.3,226000.0,226000.0,0.0,0.0
444.4,175100.0,175100.0,0.0,0.0
444.5,134500.0,134500.0,0.0,0.0
444.6,104500.0,104500.0,0.0,0.0
444.7,85440.0,85440.0,0.0,0.0
444.8,77670.0,77670.0,0.0,0.0
444.9,82200.0,82200.0,0.0,0.0
445.0,100700.0,100700.0,0.0,0.0
445.1,135900.0,135900.0,0.0,0.0
445.2,191300.0,191300.0,0.0,0.0
445.3,271200.0,271200.0,0.0,0.0
445.4,380600.0,380600.0,0.0,0.0
445.5,524200.0,524200.0,0.0,0.0
445.6,706300.0,706300.0,0.0,0.0
445.7,929500.0,929500.0,0.0,0.0
445.8,1194000.0,1194000.0,0.0,0.0
445.9,1497000.0,1497000.0,0.0,0.0
446.0,1832000.0,1832000.0,0.0,0.0
446.1,2187000.0,2187000.0,0.0,0.0
446.2,2547000.0,2547000.0,0.0,0.0
446.3,2895000.0,2895000.0,0.0,0.0
446.4,3211000.0,3211000.0,0.0,0.0
446.5,3475000.0,3475000.0,0.0,0.0
446.6,3670000.0,3670000.0,0.0,0.0
446.7,3783000.0,3783000.0,0.0,0.0
446.8,3804000.0,3804000.0,0.0,0.0
446.9,3733000.0,3733000.0,0.0,0.0
447.0,3575000.0,3575000.0,0.0,0.0
447.1,3340000.0,3340000.0,0.0,0.0
447.2,3046000.0,3046000.0,0.0,0.0
447.3,2711000.0,2711000.0,0.0,0.0
447.4,2354000.0,2354000.0,0.0,0.0
447.5,1995000.0,1995000.0,0.0,0.0
447.6,1650000.0,1650000.0,0.0,0.0
447.7,1332000.0,1332000.0,0.0,0.0
447.8,1049000.0,1049000.0,0.0,0.0
447.9,806100.0,806100.0,0.0,0.0
448.0,604700.0,604700.0,0.0,0.0
448.1,442600.0,442600.0,0.0,0.0
448.2,316200.0,316200.0,0.0,0.0
448.3,220400.0,220400.0,0.0,0.0
448.4,149900.0,149900.0,0.0,0.0
448.5,99550.0,99550.0,0.0,0.0
448.6,64490.0,64490.0,0.0,0.0
448.7,40780.0,40780.0,0.0,0.0
448.8,25160.0,25160.0,0.0,0.0
448.9,15150.0,15150.0,0.0,0.0
449.0,8900.0,8900.0,0.0,0.0
449.1,5103.0,5103.0,0.0,0.0
449.2,2855.0,2855.0,0.0,0.0
449.3,1559.0,1559.0,0.0,0.0
449.4,831.5,831.5,0.0,0.0
449.5,433.9,433.9,0.0,0.0
449.6,223.8,223.8,0.0,0.0
449.7,118.9,118.9,0.0,0.0
449.8,74.96,74.96,0.0,0.0
449.9,72.17,72.17,0.0,0.0
450.0,108.8,108.8,0.0,0.0
450.1,200.3,200.3,0.0,0.0
450.2,383.9,383.9,0.0,0.0
450.3,729.2,729.2,0.0,0.0
450.4,1356.0,1356.0,0.0,0.0
450.5,2465.0,2465.0,0.0,0.0
450.6,4370.0,4370.0,0.0,0.0
450.7,7564.0,7564.0,0.0,0.0
450.8,12780.0,12780.0,0.0,0.0
450.9,21060.0,21060.0,0.0,0.0
451.0,33880.0,33880.0,0.0,0.0
451.1,53190.0,53190.0,0.0,0.0
451.2,81490.0,81490.0,0.0,0.0
451.3,121800.0,121800.0,0.0,0.0
451.4,177800.0,177800.0,0.0,0.0
451.5,253200.0,253200.0,0.0,0.0
451.6,351900.0,351900.0,0.0,0.0
451.7,477300.0,477300.0,0.0,0.0
451.8,631700.0,631700.0,0.0,0.0
451.9,816000.0,816000.0,0.0,0.0
452.0,1029000.0,1029000.0,0.0,0.0
452.1,1266000.0,1266000.0,0.0,0.0
452.2,1520000.0,1520000.0,0.0,0.0
452.3,1780000.0,1780000.0,0.0,0.0
452.4,2036000.0,2036000.0,0.0,0.0
452.5,2272000.0,2272000.0,0.0,0.0
452.6,2474000.0,2474000.0,0.0,0.0
452.7,2630000.0,2630000.0,0.0,0.0
452.8,2728000.0,2728000.0,0.0,0.0
452.9,2761000.0,2761000.0,0.0,0.0
453.0,2728000.0,2728000.0,0.0,0.0
453.1,2630000.0,2630000.0,0.0,0.0
453.2,2474000.0,2474000.0,0.0,0.0
453.3,2272000.0,2272000.0,0.0,0.0
453.4,2036000.0,2036000.0,0.0,0.0
453.5,1780000.0,1780000.0,0.0,0.0
453.6,1520000.0,1520000.0,0.0,0.0
453.7,1266000.0,1266000.0,0.0,0.0
453.8,1029000.0,1029000.0,0.0,0.0
453.9,816000.0,816000.0,0.0,0.0
454.0,631700.0,631700.0,0.0,0.0
454.1,477300.0,477300.0,0.0,0.0
454.2,351900.0,351900.0,0.0,0.0
454.3,253200.0,253200.0,0.0,0.0
454.4,177800.0,177800.0,0.0,0.0
454.5,121800.0,121800.0,0.0,0.0
454.6,81490.0,81490.0,0.0,0.0
454.7,53190.0,53190.0,0.0,0.0
454.8,33880.0,33880.0,0.0,0.0
454.9,21060.0,21060.0,0.0,0.0
455.0,12780.0,12780.0,0.0,0.0
455.1,7564.0,7564.0,0.0,0.0
455.2,4370.0,4370.0,0.0,0.0
455.3,2464.0,2464.0,0.0,0.0
455.4,1356.0,1356.0,0.0,0.0
455.5,728.3,728.3,0.0,0.0
455.6,381.7,381.7,0.0,0.0
455.7,195.2,195.2,0.0,0.0
455.8,97.44,97.44,0.0,0.0
455.9,47.47,47.47,0.0,0.0
456.0,22.57,22.57,0.0,0.0
456.1,10.47,10.47,0.0,0.0
456.2,4.74,4.74,0.0,0.0
456.3,2.095,2.095,0.0,0.0
456.4,0.9033,0.9033,0.0,0.0
456.5,0.3801,0.3801,0.0,0.0
456.6,0.1561,0.1561,0.0,0.0
456.7,0.06258,0.06258,0.0,0.0
456.8,0.02448,0.02448,0.0,0.0
456.9,0.009344,0.009344,0.0,0.0
457.0,0.003481,0.003481,0.0,0.0
457.1,0.001266,0.001266,0.0,0.0
457.2,0.000449,0.000449,0.0,0.0
457.3,0.0001555,0.0001555,0.0,0.0
457.4,5.254e-05,5.254e-05,0.0,0.0
457.5,1.733e-05,1.733e-05,0.0,0.0
457.6,5.577e-06,5.577e-06,0.0,0.0
457.7,1.752e-06,1.752e-06,0.0,0.0
457.8,5.369e-07,5.369e-07,0.0,0.0
457.9,1.606e-07,1.606e-07,0.0,0.0
458.0,4.689e-08,4.689e-08,0.0,0.0
458.1,1.336e-08,1.336e-08,0.0,0.0
458.2,3.715e-09,3.715e-09,0.0,0.0
458.3,1.008e-09,1.008e-09,0.0,0.0
481.2,4.28e-10,4.28e-10,0.0,0.0
481.3,1.734e-09,1.734e-09,0.0,0.0
481.4,5.844e-09,5.844e-09,0.0,0.0
481.5,1.928e-08,1.928e-08,0.0,0.0
481.6,6.229e-08,6.229e-08,0.0,0.0
481.7,1.971e-07,1.971e-07,0.0,0.0
481.8,6.105e-07,6.105e-07,0.0,0.0
481.9,1.852e-06,1.852e-06,0.0,0.0
482.0,5.501e-06,5.501e-06,0.0,0.0
482.1,1.6e-05,1.6e-05,0.0,0.0
482.2,4.557e-05,4.557e-05,0.0,0.0
482.3,0.0001271,0.0001271,0.0,0.0
482.4,0.0003471,0.0003471,0.0,0.0
482.5,0.0009282,0.0009282,0.0,0.0
482.6,0.002431,0.002431,0.0,0.0
482.7,0.006233,0.006233,0.0,0.0
482.8,0.01565,0.01565,0.0,0.0
482.9,0.03848,0.03848,0.0,0.0
483.0,0.09264,0.09264,0.0,0.0
483.1,0.2184,0.2184,0.0,0.0
483.2,0.5042,0.5042,0.0,0.0
483.3,1.14,1.14,0.0,0.0
483.4,2.523,2.523,0.0,0.0
483.5,5.47,5.47,0.0,0.0
483.6,11.61,11.61,0.0,0.0
483.7,24.13,24.13,0.0,0.0
483.8,49.12,49.12,0.0,0.0
483.9,97.91,97.91,0.0,0.0
484.0,191.1,191.1,0.0,0.0
484.1,365.2,365.2,0.0,0.0
484.2,683.5,683.5,0.0,0.0
484.3,1253.0,1253.0,0.0,0.0
484.4,2248.0,2248.0,0.0,0.0
484.5,3950.0,3950.0,0.0,0.0
484.6,6797.0,6797.0,0.0,0.0
484.7,11450.0,11450.0,0.0,0.0
484.8,18900.0,18900.0,0.0,0.0
484.9,30540.0,30540.0,1.156e-11,0.0
485.0,48320.0,48320.0,3.894e-11,0.0
485.1,74860.0,74860.0,1.284e-10,0.0
485.2,113600.0,113600.0,4.15e-10,0.0
485.3,168800.0,168800.0,1.313e-09,0.0
485.4,245500.0,245500.0,4.097e-09,0.0
485.5,349800.0,349800.0,1.245e-08,0.0
485.6,488100.0,488100.0,3.703e-08,0.0
485.7,666800.0,666800.0,1.079e-07,0.0
485.8,892100.0,892100.0,3.082e-07,0.0
485.9,1169000.0,1169000.0,8.619e-07,0.0
486.0,1499000.0,1499000.0,2.361e-06,0.0
486.1,1884000.0,1884000.0,6.337e-06,0.0
486.2,2318000.0,2318000.0,1.666e-05,0.0
486.3,2793000.0,2793000.0,4.29e-05,0.0
486.4,3297000.0,3297000.0,0.0001082,0.0
486.5,3811000.0,3811000.0,0.0002675,0.0
486.6,4316000.0,4316000.0,0.0006476,0.0
486.7,4789000.0,4789000.0,0.001536,0.0
486.8,5208000.0,5208000.0,0.00357,0.0
486.9,5553000.0,5553000.0,0.008127,0.0
487.0,5809000.0,5809000.0,0.01813,0.0
487.1,5968000.0,5968000.0,0.03962,0.0
487.2,6028000.0,6028000.0,0.08484,0.0
487.3,6000000.0,6000000.0,0.178,0.0
487.4,5901000.0,5901000.0,0.366,0.0
487.5,5754000.0,5754000.0,0.7375,0.0
487.6,5593000.0,5593000.0,1.456,0.0
487.7,5449000.0,5449000.0,2.818,0.0
487.8,5358000.0,5358000.0,5.344,0.0
487.9,5349000.0,5349000.0,9.933,0.0
488.0,5444000.0,5444000.0,18.1,0.0
488.1,5659000.0,5659000.0,32.32,0.0
488.2,5994000.0,5994000.0,56.6,0.0
488.3,6441000.0,6441000.0,97.16,0.0
488.4,6976000.0,6976000.0,163.5,0.0
488.5,7568000.0,7568000.0,269.9,0.0
488.6,8175000.0,8174000.0,436.9,0.0
488.7,8752000.0,8751000.0,693.6,0.0
488.8,9252000.0,9251000.0,1080.0,0.0
488.9,9635000.0,9633000.0,1650.0,0.0
489.0,9865000.0,9862000.0,2472.0,0.0
489.1,9918000.0,9915000.0,3635.0,0.0
489.2,9784000.0,9779000.0,5244.0,0.0
489.3,9465000.0,9458000.0,7426.0,0.0
489.4,8978000.0,8967000.0,10320.0,0.0
489.5,8349000.0,8335000.0,14080.0,0.0
489.6,7615000.0,7596000.0,18850.0,0.0
489.7,6816000.0,6791000.0,24790.0,0.0
489.8,5995000.0,5963000.0,32000.0,0.0
489.9,5195000.0,5155000.0,40560.0,0.0
490.0,4453000.0,4403000.0,50480.0,0.0
490.1,3803000.0,3742000.0,61700.0,0.0
490.2,3272000.0,3198000.0,74070.0,0.0
490.3,2881000.0,2794000.0,87320.0,0.0
490.4,2646000.0,2545000.0,101100.0,0.0
490.5,2579000.0,2464000.0,114900.0,0.0
490.6,2687000.0,2558000.0,128400.0,0.0
490.7,2972000.0,2831000.0,140800.0,0.0
490.8,3434000.0,3282000.0,151600.0,0.0
490.9,4066000.0,3906000.0,160300.0,0.0
491.0,4855000.0,4689000.0,166400.0,0.0
491.1,5783000.0,5613000.0,169600.0,0.0
491.2,6820000.0,6650000.0,169800.0,0.0
491.3,7931000.0,7764000.0,166800.0,0.0
491.4,9070000.0,8909000.0,160800.0,0.0
491.5,10190000.0,10040000.0,152200.0,0.0
491.6,11230000.0,11090000.0,141300.0,0.0
491.7,12140000.0,12010000.0,128800.0,0.0
491.8,12860000.0,12750000.0,115100.0,0.0
491.9,13360000.0,13260000.0,101000.0,0.0
492.0,13610000.0,13520000.0,86880.0,0.0
492.1,13590000.0,13510000.0,73350.0,0.0
492.2,13290000.0,13230000.0,60770.0,0.0
492.3,12740000.0,12690000.0,49440.0,0.0
492.4,11970000.0,11930000.0,39550.0,0.0
492.5,11020000.0,10990000.0,31200.0,0.0
492.6,9945000.0,9921000.0,24420.0,0.0
492.7,8794000.0,8775000.0,19200.0,0.0
492.8,7621000.0,7605000.0,15500.0,0.0
492.9,6473000.0,6460000.0,13270.0,0.0
493.0,5391000.0,5378000.0,12530.0,0.0
493.1,4404000.0,4391000.0,13300.0,0.0
493.2,3534000.0,3518000.0,15680.0,0.0
493.3,2792000.0,2772000.0,19820.0,0.0
493.4,2182000.0,2156000.0,25920.0,0.0
493.5,1702000.0,1668000.0,34210.0,0.0
493.6,1349000.0,1304000.0,44920.0,0.0
493.7,1116000.0,1058000.0,58260.0,0.0
493.8,999600.0,925200.0,74370.0,0.0
493.9,996400.0,903100.0,93260.0,0.0
494.0,1108000.0,993300.0,114800.0,0.0
494.1,1340000.0,1201000.0,138700.0,0.0
494.2,1700000.0,1535000.0,164400.0,0.0
494.3,2198000.0,2007000.0,191100.0,0.0
494.4,2847000.0,2629000.0,218000.0,0.0
494.5,3655000.0,3411000.0,244000.0,0.0
494.6,4627000.0,4359000.0,267800.0,0.0
494.7,5761000.0,5472000.0,288500.0,0.0
494.8,7044000.0,6739000.0,304800.0,0.0
494.9,8454000.0,8138000.0,316000.0,0.0
495.0,9953000.0,9631000.0,321300.0,0.0
495.1,11490000.0,11170000.0,320600.0,0.0
495.2,13010000.0,12700000.0,313800.0,0.0
495.3,14450000.0,14150000.0,301400.0,0.0
495.4,15730000.0,15440000.0,284100.0,0.0
495.5,16780000.0,16520000.0,262700.0,0.0
495.6,17550000.0,17310000.0,238600.0,0.0
495.7,18000000.0,17780000.0,212800.0,0.0
495.8,18090000.0,17900000.0,186600.0,0.0
495.9,17820000.0,17660000.0,161200.0,0.0
496.0,17200000.0,17070000.0,137500.0,0.0
496.1,16280000.0,16160000.0,116200.0,0.0
496.2,15100000.0,15000000.0,98160.0,0.0
496.3,13730000.0,13650000.0,83610.0,0.0
496.4,12240000.0,12170000.0,72810.0,0.0
496.5,10700000.0,10630000.0,65830.0,0.0
496.6,9168000.0,9106000.0,62590.0,0.0
496.7,7711000.0,7648000.0,62920.0,0.0
496.8,6369000.0,6302000.0,66570.0,0.0
496.9,5173000.0,5100000.0,73250.0,0.0
497.0,4140000.0,4057000.0,82600.0,0.0
497.1,3277000.0,3182000.0,94260.0,0.0
497.2,2578000.0,2471000.0,107800.0,0.0
497.3,2034000.0,1911000.0,123000.0,0.0
497.4,1626000.0,1487000.0,139300.0,0.0
497.5,1336000.0,1180000.0,156400.0,0.0
497.6,1144000.0,969900.0,174000.0,0.0
497.7,1030000.0,837900.0,191800.0,0.0
497.8,975600.0,766000.0,209600.0,0.0
497.9,966100.0,738800.0,227300.0,0.0
498.0,988000.0,743000.0,245000.0,0.0
498.1,1031000.0,768200.0,262700.0,0.0
498.2,1087000.0,806300.0,280700.0,0.0
498.3,1152000.0,852300.0,299600.0,0.0
498.4,1223000.0,903200.0,319800.0,0.0
498.5,1301000.0,958700.0,342300.0,0.0
498.6,1389000.0,1021000.0,368000.0,0.0
498.7,1491000.0,1093000.0,398100.0,0.0
498.8,1614000.0,1180000.0,433700.0,0.0
498.9,1764000.0,1288000.0,476000.0,0.0
499.0,1950000.0,1424000.0,525800.0,0.0
499.1,2176000.0,1592000.0,584000.0,0.0
499.2,2448000.0,1797000.0,650500.0,0.0
499.3,2765000.0,2040000.0,725100.0,0.0
499.4,3127000.0,2320000.0,806400.0,0.0
499.5,3526000.0,2634000.0,892400.0,0.0
499.6,3952000.0,2972000.0,980400.0,0.0
499.7,4392000.0,3325000.0,1067000.0,0.0
499.8,4828000.0,3680000.0,1148000.0,0.0
499.9,5242000.0,4023000.0,1219000.0,0.0
500.0,5616000.0,4339000.0,1277000.0,0.0
500.1,5931000.0,4614000.0,1318000.0,0.0
500.2,6175000.0,4836000.0,1339000.0,0.0
500.3,6336000.0,4997000.0,1340000.0,0.0
500.4,6410000.0,5091000.0,1319000.0,0.0
500.5,6396000.0,5117000.0,1279000.0,0.0
500.6,6299000.0,5078000.0,1222000.0,0.0
500.7,6130000.0,4979000.0,1150000.0,0.0
500.8,5900000.0,4831000.0,1070000.0,0.0
500.9,5625000.0,4642000.0,983600.0,0.0
501.0,5320000.0,4423000.0,896900.0,0.0
501.1,4999000.0,4186000.0,813600.0,0.0
501.2,4675000.0,3938000.0,737000.0,0.0
501.3,4359000.0,3689000.0,670000.0,0.0
501.4,4057000.0,3442000.0,614100.0,0.0
501.5,3773000.0,3203000.0,570500.0,0.0
501.6,3511000.0,2972000.0,539400.0,6.42e-19
501.7,3270000.0,2750000.0,520300.0,2.932e-18
501.8,3049000.0,2536000.0,512500.0,9.529e-18
501.9,2845000.0,2330000.0,514900.0,3.037e-17
502.0,2656000.0,2130000.0,526400.0,9.496e-17
502.1,2481000.0,1936000.0,545700.0,2.912e-16
502.2,2319000.0,1747000.0,571700.0,8.759e-16
502.3,2167000.0,1564000.0,603200.0,2.584e-15
502.4,2026000.0,1387000.0,639000.0,7.479e-15
502.5,1895000.0,1217000.0,678000.0,2.123e-14
502.6,1775000.0,1057000.0,718700.0,5.911e-14
502.7,1666000.0,906100.0,759800.0,1.614e-13
502.8,1567000.0,767100.0,799700.0,4.325e-13
502.9,1477000.0,640700.0,836500.0,1.136e-12
503.0,1396000.0,527600.0,868500.0,2.929e-12
503.1,1322000.0,428100.0,894100.0,7.404e-12
503.2,1254000.0,342100.0,911600.0,1.836e-11
503.3,1189000.0,269100.0,919700.0,4.466e-11
503.4,1126000.0,208300.0,917800.0,1.065e-10
503.5,1064000.0,158600.0,905400.0,2.493e-10
503.6,1001000.0,118700.0,882800.0,5.723e-10
503.7,938100.0,87320.0,850700.0,1.289e-09
503.8,873600.0,63130.0,810500.0,2.846e-09
503.9,808400.0,44840.0,763500.0,6.164e-09
504.0,743100.0,31290.0,711800.0,1.31e-08
504.1,678600.0,21440.0,657200.0,2.73e-08
504.2,616000.0,14440.0,601500.0,5.581e-08
504.3,556100.0,9571.0,546600.0,1.119e-07
504.4,500000.0,6271.0,493800.0,2.201e-07
504.5,448500.0,4112.0,444400.0,4.247e-07
504.6,402100.0,2787.0,399300.0,8.037e-07
504.7,361400.0,2092.0,359300.0,1.492e-06
504.8,326700.0,1914.0,324800.0,2.716e-06
504.9,298400.0,2227.0,296200.0,4.851e-06
505.0,276500.0,3092.0,273500.0,8.498e-06
505.1,261400.0,4656.0,256800.0,1.46e-05
505.2,253200.0,7171.0,246100.0,2.461e-05
505.3,252200.0,11000.0,241200.0,4.069e-05
505.4,258500.0,16650.0,241800.0,6.599e-05
505.5,272500.0,24770.0,247700.0,0.000105
505.6,294500.0,36150.0,258400.0,0.0001638
505.7,324900.0,51770.0,273100.0,0.0002507
505.8,364100.0,72720.0,291300.0,0.0003763
505.9,412400.0,100200.0,312200.0,0.0005541
506.0,470200.0,135400.0,334800.0,0.0008003
506.1,537800.0,179400.0,358300.0,0.001134
506.2,615200.0,233300.0,381900.0,0.001576
506.3,702200.0,297400.0,404700.0,0.002148
506.4,798000.0,372000.0,426000.0,0.002872
506.5,901600.0,456400.0,445200.0,0.003767
506.6,1011000.0,549300.0,461500.0,0.004846
506.7,1123000.0,648600.0,474600.0,0.006115
506.8,1236000.0,751400.0,484200.0,0.007569
506.9,1344000.0,854300.0,490000.0,0.009189
507.0,1445000.0,953200.0,491900.0,0.01094
507.1,1534000.0,1044000.0,490000.0,0.01278
507.2,1608000.0,1124000.0,484500.0,0.01465
507.3,1664000.0,1188000.0,475900.0,0.01646
507.4,1699000.0,1235000.0,464500.0,0.01815
507.5,1714000.0,1263000.0,451100.0,0.01963
507.6,1709000.0,1272000.0,436500.0,0.02082
507.7,1686000.0,1264000.0,421700.0,0.02166
507.8,1649000.0,1242000.0,407600.0,0.02211
507.9,1603000.0,1208000.0,395300.0,0.02214
508.0,1552000.0,1166000.0,385900.0,0.02174
508.1,1501000.0,1121000.0,380400.0,0.02094
508.2,1455000.0,1075000.0,379800.0,0.0198
508.3,1417000.0,1032000.0,385000.0,0.01836
508.4,1391000.0,994100.0,396700.0,0.01671
508.5,1377000.0,961600.0,415600.0,0.01493
508.6,1376000.0,934300.0,441800.0,0.0131
508.7,1386000.0,911000.0,475300.0,0.0113
508.8,1406000.0,889900.0,516000.0,0.009599
508.9,1432000.0,868600.0,563200.0,0.00805
509.0,1461000.0,844900.0,615800.0,0.006691
509.1,1489000.0,816600.0,672300.0,0.005549
509.2,1513000.0,782200.0,731000.0,0.004636
509.3,1531000.0,741100.0,789900.0,0.003953
509.4,1539000.0,693000.0,846300.0,0.003492
509.5,1537000.0,638700.0,898000.0,0.003238
509.6,1522000.0,579500.0,942400.0,0.003173
509.7,1494000.0,517200.0,977100.0,0.003274
509.8,1454000.0,453600.0,1000000.0,0.003517
509.9,1401000.0,390900.0,1010000.0,0.00388
510.0,1337000.0,330700.0,1006000.0,0.004337
510.1,1263000.0,274700.0,988100.0,0.004863
510.2,1180000.0,224000.0,956400.0,0.005433
510.3,1092000.0,179200.0,912500.0,0.006024
510.4,998800.0,140700.0,858100.0,0.006612
510.5,904000.0,108400.0,795600.0,0.007175
510.6,809600.0,82020.0,727600.0,0.007691
510.7,717800.0,60970.0,656800.0,0.008143
510.8,630400.0,44630.0,585800.0,0.008516
510.9,549100.0,32360.0,516700.0,0.0088
511.0,475100.0,23540.0,451600.0,0.008987
511.1,409300.0,17660.0,391700.0,0.009077
511.2,352300.0,14380.0,337900.0,0.009072
511.3,304100.0,13550.0,290600.0,0.008981
511.4,264900.0,15230.0,249700.0,0.008815
511.5,234600.0,19760.0,214800.0,0.008589
511.6,213100.0,27810.0,185300.0,0.008321
511.7,200800.0,40360.0,160500.0,0.008027
511.8,198300.0,58750.0,139500.0,0.007724
511.9,206500.0,84730.0,121800.0,0.007429
512.0,227000.0,120400.0,106600.0,0.007153
512.1,261700.0,168200.0,93510.0,0.006907
512.2,313200.0,230800.0,82320.0,0.006697
512.3,383900.0,311000.0,72900.0,0.006525
512.4,476600.0,411300.0,65290.0,0.006392
512.5,593600.0,534000.0,59690.0,0.006296
512.6,736800.0,680400.0,56400.0,0.006231
512.7,906900.0,851100.0,55810.0,0.006191
512.8,1103000.0,1045000.0,58410.0,0.006171
512.9,1324000.0,1259000.0,64700.0,0.006163
513.0,1565000.0,1489000.0,75220.0,0.006161
513.1,1820000.0,1729000.0,90490.0,0.00616
513.2,2082000.0,1971000.0,111000.0,0.006154
513.3,2341000.0,2204000.0,137000.0,0.006142
513.4,2589000.0,2420000.0,168800.0,0.00612
513.5,2815000.0,2608000.0,206400.0,0.006089
513.6,3008000.0,2759000.0,249400.0,0.006049
513.7,3162000.0,2864000.0,297300.0,0.006005
513.8,3268000.0,2919000.0,349200.0,0.005958
513.9,3324000.0,2920000.0,403700.0,0.005911
514.0,3326000.0,2867000.0,459200.0,0.005868
514.1,3278000.0,2764000.0,514000.0,0.00583
514.2,3183000.0,2617000.0,566100.0,0.005796
514.3,3046000.0,2433000.0,613400.0,0.005763
514.4,2877000.0,2223000.0,653900.0,0.005725
514.5,2684000.0,1998000.0,686000.0,0.005677
514.6,2477000.0,1768000.0,708200.0,0.005608
514.7,2265000.0,1546000.0,719800.0,0.00551
514.8,2059000.0,1339000.0,720200.0,0.005376
514.9,1866000.0,1157000.0,709600.0,0.005199
515.0,1695000.0,1006000.0,688900.0,0.004974
515.1,1550000.0,890500.0,659200.0,0.004703
515.2,1437000.0,814500.0,622100.0,0.004389
515.3,1359000.0,779300.0,579400.0,0.004037
515.4,1318000.0,784800.0,533100.0,0.003658
515.5,1315000.0,829700.0,485100.0,0.003262
515.6,1349000.0,911200.0,437400.0,0.002861
515.7,1416000.0,1025000.0,391500.0,0.002467
515.8,1514000.0,1166000.0,348600.0,0.00209
515.9,1636000.0,1326000.0,309800.0,0.00174
516.0,1774000.0,1499000.0,275600.0,0.001423
516.1,1921000.0,1675000.0,246300.0,0.001143
516.2,2067000.0,1845000.0,222000.0,0.0009009
516.3,2203000.0,2001000.0,202400.0,0.0006973
516.4,2320000.0,2133000.0,187300.0,0.0005299
516.5,2410000.0,2234000.0,176000.0,0.0003952
516.6,2468000.0,2300000.0,168200.0,0.0002893
516.7,2490000.0,2327000.0,163300.0,0.0002079
516.8,2474000.0,2313000.0,160800.0,0.0001466
516.9,2424000.0,2263000.0,160300.0,0.0001015
517.0,2342000.0,2181000.0,161400.0,6.891e-05
517.1,2237000.0,2074000.0,163700.0,4.593e-05
517.2,2118000.0,1951000.0,166900.0,3.005e-05
517.3,1996000.0,1825000.0,170600.0,1.929e-05
517.4,1881000.0,1706000.0,174700.0,1.215e-05
517.5,1785000.0,1607000.0,178800.0,7.517e-06
517.6,1720000.0,1537000.0,182700.0,4.568e-06
517.7,1693000.0,1507000.0,186200.0,2.733e-06
517.8,1714000.0,1524000.0,189300.0,1.622e-06
517.9,1785000.0,1593000.0,191800.0,9.751e-07
518.0,1911000.0,1717000.0,193900.0,6.282e-07
518.1,2088000.0,1893000.0,195600.0,4.846e-07
518.2,2314000.0,2117000.0,197100.0,4.971e-07
518.3,2581000.0,2382000.0,198700.0,6.567e-07
518.4,2877000.0,2676000.0,200900.0,9.88e-07
518.5,3189000.0,2985000.0,203900.0,1.549e-06
518.6,3502000.0,3294000.0,208000.0,2.438e-06
518.7,3800000.0,3586000.0,213700.0,3.798e-06
518.8,4067000.0,3846000.0,221200.0,5.833e-06
518.9,4287000.0,4057000.0,230500.0,8.823e-06
519.0,4448000.0,4206000.0,241700.0,1.314e-05
519.1,4540000.0,4285000.0,254600.0,1.928e-05
519.2,4557000.0,4288000.0,269000.0,2.788e-05
519.3,4498000.0,4214000.0,284600.0,3.973e-05
519.4,4367000.0,4066000.0,300800.0,5.585e-05
519.5,4169000.0,3852000.0,317200.0,7.748e-05
519.6,3916000.0,3583000.0,333500.0,0.0001061
519.7,3622000.0,3272000.0,349400.0,0.0001436
519.8,3299000.0,2934000.0,364900.0,0.0001922
519.9,2964000.0,2584000.0,380100.0,0.0002544
520.0,2630000.0,2234000.0,395400.0,0.0003333
520.1,2311000.0,1899000.0,411700.0,0.0004325
520.2,2017000.0,1587000.0,429700.0,0.0005563
520.3,1757000.0,1306000.0,450600.0,0.0007097
520.4,1538000.0,1063000.0,475600.0,0.0008986
520.5,1365000.0,859000.0,505700.0,0.00113
520.6,1239000.0,697200.0,541900.0,0.001413
520.7,1163000.0,577800.0,584900.0,0.001756
520.8,1136000.0,501000.0,634800.0,0.002175
520.9,1158000.0,467000.0,691300.0,0.002683
521.0,1230000.0,476500.0,753700.0,0.003304
521.1,1351000.0,530800.0,820700.0,0.004063
521.2,1523000.0,632100.0,890700.0,0.004996
521.3,1745000.0,783400.0,961600.0,0.006149
521.4,2019000.0,988100.0,1031000.0,0.007581
521.5,2347000.0,1250000.0,1098000.0,0.009369
521.6,2730000.0,1571000.0,1159000.0,0.01161
521.7,3167000.0,1954000.0,1213000.0,0.01442
521.8,3658000.0,2400000.0,1258000.0,0.01796
521.9,4198000.0,2905000.0,1293000.0,0.02239
522.0,4782000.0,3464000.0,1318000.0,0.02792
522.1,5401000.0,4069000.0,1332000.0,0.03479
522.2,6043000.0,4707000.0,1335000.0,0.04325
522.3,6691000.0,5363000.0,1328000.0,0.05358
522.4,7327000.0,6018000.0,1309000.0,0.06606
522.5,7931000.0,6651000.0,1281000.0,0.08097
522.6,8481000.0,7238000.0,1243000.0,0.09855
522.7,8955000.0,7758000.0,1197000.0,0.119
522.8,9333000.0,8188000.0,1144000.0,0.1424
522.9,9597000.0,8511000.0,1086000.0,0.1688
523.0,9734000.0,8711000.0,1023000.0,0.198
523.1,9737000.0,8779000.0,958100.0,0.2299
523.2,9603000.0,8710000.0,893000.0,0.2638
523.3,9337000.0,8507000.0,829800.0,0.2991
523.4,8949000.0,8178000.0,770300.0,0.335
523.5,8455000.0,7739000.0,716700.0,0.3705
523.6,7877000.0,7206000.0,670700.0,0.4044
523.7,7236000.0,6603000.0,633700.0,0.4355
523.8,6559000.0,5952000.0,607000.0,0.4624
523.9,5871000.0,5279000.0,591400.0,0.4841
524.0,5194000.0,4607000.0,587400.0,0.4995
524.1,4551000.0,3955000.0,595300.0,0.5078
524.2,3957000.0,3342000.0,614800.0,0.5084
524.3,3427000.0,2782000.0,645500.0,0.5013
524.4,2970000.0,2283000.0,686900.0,0.4865
524.5,2590000.0,1852000.0,738100.0,0.4647
524.6,2291000.0,1493000.0,798000.0,0.4368
524.7,2071000.0,1206000.0,865500.0,0.404
524.8,1929000.0,989600.0,939200.0,0.3675
524.9,1860000.0,842000.0,1018000.0,0.3288
525.0,1860000.0,761200.0,1099000.0,0.2894
525.1,1926000.0,745000.0,1181000.0,0.2506
525.2,2054000.0,792100.0,1262000.0,0.2135
525.3,2240000.0,901600.0,1339000.0,0.1792
525.4,2482000.0,1073000.0,1409000.0,0.1484
525.5,2775000.0,1305000.0,1470000.0,0.1215
525.6,3116000.0,1597000.0,1519000.0,0.09901
525.7,3498000.0,1946000.0,1553000.0,0.08091
525.8,3917000.0,2347000.0,1570000.0,0.06723
525.9,4361000.0,2793000.0,1569000.0,0.05786
526.0,4822000.0,3273000.0,1548000.0,0.05266
526.1,5284000.0,3776000.0,1509000.0,0.05146
526.2,5735000.0,4284000.0,1451000.0,0.05408
526.3,6157000.0,4780000.0,1376000.0,0.06036
526.4,6534000.0,5246000.0,1287000.0,0.07015
526.5,6850000.0,5663000.0,1187000.0,0.08326
526.6,7092000.0,6012000.0,1080000.0,0.09951
526.7,7249000.0,6281000.0,968100.0,0.1186
526.8,7313000.0,6457000.0,855900.0,0.1403
526.9,7282000.0,6536000.0,746400.0,0.1641
527.0,7158000.0,6516000.0,642300.0,0.1894
527.1,6949000.0,6403000.0,545900.0,0.2156
527.2,6665000.0,6206000.0,458900.0,0.242
527.3,6322000.0,5939000.0,382400.0,0.2677
527.4,5935000.0,5618000.0,317100.0,0.2919
527.5,5523000.0,5260000.0,262900.0,0.3137
527.6,5101000.0,4881000.0,219700.0,0.3323
527.7,4685000.0,4498000.0,187000.0,0.347
527.8,4287000.0,4123000.0,164000.0,0.3574
527.9,3915000.0,3765000.0,150000.0,0.363
528.0,3576000.0,3432000.0,143900.0,0.3637
528.1,3270000.0,3125000.0,144900.0,0.3597
528.2,2996000.0,2845000.0,151700.0,0.3514
528.3,2753000.0,2589000.0,163300.0,0.3395
528.4,2534000.0,2356000.0,178700.0,0.3246
528.5,2336000.0,2139000.0,196500.0,0.3078
528.6,2152000.0,1937000.0,215500.0,0.2901
528.7,1980000.0,1745000.0,234700.0,0.2726
528.8,1815000.0,1562000.0,252900.0,0.2563
528.9,1656000.0,1387000.0,269000.0,0.2421
529.0,1501000.0,1219000.0,282200.0,0.2306
529.1,1351000.0,1059000.0,292000.0,0.2224
529.2,1207000.0,908800.0,297800.0,0.2175
529.3,1069000.0,769400.0,299700.0,0.2159
529.4,940200.0,642300.0,297800.0,0.2173
529.5,821400.0,528700.0,292600.0,0.2211
529.6,714200.0,429500.0,284700.0,0.2266
529.7,619800.0,345000.0,274800.0,0.2328
529.8,539400.0,275400.0,263900.0,0.2388
529.9,473600.0,220700.0,252900.0,0.2438
530.0,423100.0,180500.0,242600.0,0.247
530.1,388700.0,155000.0,233700.0,0.2478
530.2,371300.0,144400.0,226900.0,0.2456
530.3,372000.0,149600.0,222400.0,0.2403
530.4,392300.0,171800.0,220500.0,0.2318
530.5,434500.0,213200.0,221300.0,0.2205
530.6,501000.0,276600.0,224400.0,0.2066
530.7,595000.0,365300.0,229600.0,0.1906
530.8,719600.0,483200.0,236400.0,0.1733
530.9,878400.0,634200.0,244200.0,0.1552
531.0,1074000.0,822200.0,252300.0,0.137
531.1,1310000.0,1050000.0,260000.0,0.1191
531.2,1587000.0,1320000.0,266600.0,0.1022
531.3,1904000.0,1633000.0,271500.0,0.08653
531.4,2259000.0,1985000.0,274000.0,0.07237
531.5,2648000.0,2374000.0,273900.0,0.05988
531.6,3062000.0,2791000.0,270800.0,0.04909
531.7,3491000.0,3227000.0,264700.0,0.03997
531.8,3924000.0,3668000.0,255800.0,0.03242
531.9,4344000.0,4099000.0,244400.0,0.02629
532.0,4737000.0,4506000.0,231000.0,0.02139
532.1,5086000.0,4869000.0,216500.0,0.01754
532.2,5377000.0,5175000.0,201500.0,0.01456
532.3,5596000.0,5409000.0,187000.0,0.01228
532.4,5734000.0,5561000.0,173800.0,0.01053
532.5,5784000.0,5621000.0,162800.0,0.009202
532.6,5744000.0,5589000.0,154800.0,0.00817
532.7,5616000.0,5466000.0,150100.0,0.007351
532.8,5407000.0,5258000.0,149200.0,0.006677
532.9,5127000.0,4975000.0,152200.0,0.006097
533.0,4788000.0,4630000.0,158900.0,0.005577
533.1,4407000.0,4238000.0,168900.0,0.005092
533.2,3998000.0,3817000.0,181700.0,0.004628
533.3,3577000.0,3381000.0,196500.0,0.004179
533.4,3159000.0,2947000.0,212200.0,0.003743
533.5,2755000.0,2527000.0,227900.0,0.00332
533.6,2375000.0,2132000.0,242500.0,0.002914
533.7,2026000.0,1771000.0,255000.0,0.00253
533.8,1714000.0,1450000.0,264600.0,0.002172
533.9,1441000.0,1171000.0,270500.0,0.001846
534.0,1207000.0,935100.0,272400.0,0.001554
534.1,1013000.0,743100.0,269900.0,0.0013
534.2,856800.0,593500.0,263400.0,0.001086
534.3,737900.0,484900.0,253000.0,0.0009146
534.4,655700.0,416200.0,239400.0,0.0007867
534.5,610800.0,387300.0,223500.0,0.0007036
534.6,605100.0,399000.0,206100.0,0.0006664
534.7,642000.0,453900.0,188100.0,0.0006763
534.8,726400.0,555900.0,170600.0,0.0007346
534.9,864800.0,710600.0,154300.0,0.0008428
535.0,1065000.0,924900.0,140000.0,0.001002
535.1,1335000.0,1207000.0,128200.0,0.001214
535.2,1683000.0,1564000.0,119400.0,0.001478
535.3,2118000.0,2004000.0,113600.0,0.001794
535.4,2645000.0,2534000.0,110800.0,0.002159
535.5,3267000.0,3156000.0,110800.0,0.002568
535.6,3985000.0,3872000.0,113200.0,0.003017
535.7,4794000.0,4677000.0,117400.0,0.003497
535.8,5684000.0,5561000.0,122900.0,0.003997
535.9,6639000.0,6510000.0,129000.0,0.004506
536.0,7639000.0,7504000.0,135000.0,0.00501
536.1,8658000.0,8518000.0,140500.0,0.005498
536.2,9668000.0,9524000.0,144800.0,0.005954
536.3,10640000.0,10490000.0,147600.0,0.006368
536.4,11540000.0,11390000.0,148700.0,0.006728
536.5,12340000.0,12190000.0,148100.0,0.007025
536.6,13020000.0,12870000.0,145800.0,0.007251
536.7,13560000.0,13410000.0,142000.0,0.007404
536.8,13940000.0,13810000.0,137300.0,0.007479
536.9,14180000.0,14050000.0,132100.0,0.007477
537.0,14270000.0,14150000.0,127000.0,0.0074
537.1,14230000.0,14110000.0,122600.0,0.007251
537.2,14080000.0,13960000.0,119700.0,0.007034
537.3,13840000.0,13720000.0,118700.0,0.006756
537.4,13540000.0,13420000.0,120200.0,0.006424
537.5,13190000.0,13060000.0,124600.0,0.006046
537.6,12810000.0,12680000.0,132000.0,0.005629
537.7,12430000.0,12280000.0,142600.0,0.005185
537.8,12040000.0,11880000.0,156200.0,0.004721
537.9,11650000.0,11480000.0,172500.0,0.00425
538.0,11260000.0,11070000.0,191100.0,0.003779
538.1,10870000.0,10660000.0,211600.0,0.003319
538.2,10460000.0,10230000.0,233200.0,0.002878
538.3,10040000.0,9785000.0,255300.0,0.002464
538.4,9599000.0,9322000.0,277400.0,0.002082
538.5,9140000.0,8841000.0,298700.0,0.001737
538.6,8669000.0,8350000.0,318900.0,0.001433
538.7,8197000.0,7859000.0,337500.0,0.001169
538.8,7738000.0,7384000.0,354200.0,0.0009457
538.9,7309000.0,6941000.0,368900.0,0.0007612
539.0,6932000.0,6550000.0,381600.0,0.0006128
539.1,6623000.0,6231000.0,392200.0,0.0004968
539.2,6402000.0,6001000.0,400800.0,0.0004093
539.3,6282000.0,5874000.0,407500.0,0.000346
539.4,6274000.0,5862000.0,412200.0,0.0003025
539.5,6383000.0,5967000.0,415100.0,0.0002747
539.6,6608000.0,6192000.0,416000.0,0.0002588
539.7,6944000.0,6529000.0,414900.0,0.0002512
539.8,7381000.0,6969000.0,411500.0,0.0002491
539.9,7904000.0,7498000.0,405900.0,0.0002496
540.0,8495000.0,8097000.0,397900.0,0.0002509
540.1,9134000.0,8747000.0,387500.0,0.0002512
540.2,9800000.0,9425000.0,374600.0,0.0002495
540.3,10470000.0,10110000.0,359400.0,0.0002449
540.4,11120000.0,10780000.0,342100.0,0.0002373
540.5,11730000.0,11410000.0,323100.0,0.0002264
540.6,12280000.0,11980000.0,302600.0,0.0002127
540.7,12750000.0,12470000.0,281300.0,0.0001966
540.8,13120000.0,12860000.0,259500.0,0.0001788
540.9,13380000.0,13140000.0,237800.0,0.0001598
541.0,13510000.0,13300000.0,216800.0,0.0001405
541.1,13520000.0,13320000.0,196900.0,0.0001214
541.2,13380000.0,13200000.0,178600.0,0.0001032
541.3,13110000.0,12950000.0,162300.0,8.618e-05
541.4,12710000.0,12560000.0,148300.0,7.077e-05
541.5,12180000.0,12040000.0,137000.0,5.712e-05
541.6,11550000.0,11420000.0,128500.0,4.533e-05
541.7,10820000.0,10700000.0,123000.0,3.535e-05
541.8,10030000.0,9913000.0,120500.0,2.711e-05
541.9,9199000.0,9078000.0,120800.0,2.043e-05
542.0,8345000.0,8221000.0,123900.0,1.514e-05
542.1,7494000.0,7365000.0,129300.0,1.103e-05
542.2,6669000.0,6532000.0,136700.0,7.895e-06
542.3,5887000.0,5742000.0,145600.0,5.556e-06
542.4,5164000.0,5008000.0,155400.0,3.844e-06
542.5,4509000.0,4343000.0,165500.0,2.614e-06
542.6,3927000.0,3752000.0,175400.0,1.748e-06
542.7,3421000.0,3237000.0,184500.0,1.149e-06
542.8,2989000.0,2797000.0,192300.0,7.421e-07
542.9,2625000.0,2427000.0,198500.0,4.713e-07
543.0,2323000.0,2120000.0,202900.0,2.942e-07
543.1,2075000.0,1869000.0,205400.0,1.805e-07
543.2,1873000.0,1667000.0,206100.0,1.089e-07
543.3,1709000.0,1503000.0,205300.0,6.458e-08
543.4,1576000.0,1373000.0,203200.0,3.764e-08
543.5,1469000.0,1269000.0,200300.0,2.157e-08
543.6,1383000.0,1186000.0,197000.0,1.215e-08
543.7,1314000.0,1120000.0,193700.0,6.728e-09
543.8,1260000.0,1069000.0,190700.0,3.662e-09
543.9,1220000.0,1031000.0,188300.0,1.959e-09
544.0,1191000.0,1005000.0,186600.0,1.031e-09
544.1,1174000.0,988200.0,185700.0,5.328e-10
544.2,1167000.0,981800.0,185400.0,2.708e-10
544.3,1171000.0,984900.0,185700.0,1.353e-10
544.4,1184000.0,997400.0,186300.0,6.645e-11
544.5,1206000.0,1019000.0,187000.0,3.208e-11
544.6,1238000.0,1050000.0,187700.0,1.522e-11
544.7,1278000.0,1090000.0,188300.0,7.103e-12
544.8,1327000.0,1139000.0,188500.0,3.257e-12
544.9,1385000.0,1196000.0,188500.0,1.468e-12
545.0,1451000.0,1263000.0,188200.0,6.507e-13
545.1,1526000.0,1338000.0,187900.0,2.835e-13
545.2,1608000.0,1420000.0,187600.0,1.214e-13
545.3,1696000.0,1508000.0,187700.0,5.109e-14
545.4,1789000.0,1601000.0,188100.0,2.114e-14
545.5,1884000.0,1695000.0,189200.0,8.6e-15
545.6,1979000.0,1788000.0,191000.0,3.439e-15
545.7,2070000.0,1876000.0,193600.0,1.352e-15
545.8,2154000.0,1957000.0,196900.0,5.222e-16
545.9,2226000.0,2025000.0,200800.0,1.984e-16
546.0,2284000.0,2079000.0,205400.0,7.406e-17
546.1,2326000.0,2115000.0,210300.0,2.718e-17
546.2,2348000.0,2132000.0,215400.0,9.807e-18
546.3,2349000.0,2129000.0,220600.0,3.478e-18
546.4,2331000.0,2106000.0,225700.0,1.213e-18
546.5,2294000.0,2064000.0,230800.0,4.156e-19
546.6,2241000.0,2005000.0,235800.0,1.4e-19
546.7,2173000.0,1932000.0,241000.0,4.636e-20
546.8,2096000.0,1849000.0,246400.0,0.0
546.9,2011000.0,1759000.0,252300.0,0.0
547.0,1924000.0,1665000.0,259100.0,0.0
547.1,1836000.0,1569000.0,266900.0,0.0
547.2,1750000.0,1474000.0,276200.0,0.0
547.3,1669000.0,1382000.0,287000.0,0.0
547.4,1592000.0,1292000.0,299700.0,0.0
547.5,1520000.0,1206000.0,314100.0,0.0
547.6,1453000.0,1123000.0,330400.0,0.0
547.7,1390000.0,1042000.0,348300.0,0.0
547.8,1330000.0,962600.0,367700.0,0.0
547.9,1273000.0,884700.0,388200.0,0.0
548.0,1217000.0,807600.0,409400.0,0.0
548.1,1162000.0,731400.0,431100.0,0.0
548.2,1109000.0,656300.0,452700.0,0.0
548.3,1057000.0,582800.0,474000.0,0.0
548.4,1006000.0,511600.0,494500.0,0.0
548.5,957700.0,443600.0,514100.0,0.0
548.6,912200.0,379500.0,532700.0,0.0
548.7,870500.0,320300.0,550200.0,0.0
548.8,833100.0,266500.0,566600.0,0.0
548.9,800700.0,218400.0,582300.0,0.0
549.0,773900.0,176300.0,597600.0,0.0
549.1,752900.0,140100.0,612800.0,0.0
549.2,738000.0,109700.0,628400.0,0.0
549.3,729300.0,84440.0,644900.0,0.0
549.4,726600.0,63990.0,662600.0,0.0
549.5,729600.0,47720.0,681900.0,0.0
549.6,737700.0,35000.0,702700.0,0.0
549.7,750100.0,25260.0,724900.0,0.0
549.8,765900.0,17930.0,747900.0,0.0
549.9,783600.0,12520.0,771000.0,0.0
550.0,801800.0,8601.0,793200.0,0.0
550.1,818900.0,5811.0,813100.0,0.0
550.2,833200.0,3861.0,829400.0,0.0
550.3,843100.0,2523.0,840500.0,0.0
550.4,846900.0,1622.0,845300.0,0.0
550.5,843500.0,1025.0,842500.0,0.0
550.6,831900.0,637.4,831300.0,0.0
550.7,811800.0,389.8,811400.0,0.0
550.8,783000.0,234.4,782700.0,0.0
550.9,746000.0,138.6,745900.0,0.0
551.0,701800.0,80.64,701700.0,0.0
551.1,651700.0,46.13,651600.0,0.0
551.2,597100.0,25.95,597100.0,0.0
551.3,539900.0,14.36,539900.0,0.0
551.4,481700.0,7.814,481700.0,0.0
551.5,424300.0,4.182,424300.0,0.0
551.6,369200.0,2.201,369200.0,0.0
551.7,317700.0,1.14,317700.0,0.0
551.8,270700.0,0.5805,270700.0,0.0
551.9,228900.0,0.2915,228900.0,0.0
552.0,192800.0,0.1455,192800.0,0.0
552.1,162400.0,0.07495,162400.0,0.0
552.2,137600.0,0.04555,137600.0,0.0
552.3,118100.0,0.04267,118100.0,0.0
552.4,103300.0,0.06511,103300.0,0.0
552.5,92840.0,0.1248,92840.0,0.0
552.6,85980.0,0.2524,85980.0,0.0
552.7,82160.0,0.5105,82160.0,0.0
552.8,80820.0,1.02,80820.0,0.0
552.9,81450.0,2.007,81450.0,0.0
553.0,83630.0,3.888,83630.0,0.0
553.1,87000.0,7.416,87000.0,0.0
553.2,91290.0,13.92,91270.0,0.0
553.3,96270.0,25.73,96240.0,0.0
553.4,101800.0,46.81,101700.0,0.0
553.5,107700.0,83.82,107600.0,0.0
553.6,114000.0,147.8,113800.0,0.0
553.7,120400.0,256.4,120200.0,0.0
553.8,127000.0,438.0,126500.0,0.0
553.9,133400.0,736.7,132700.0,0.0
554.0,139800.0,1220.0,138500.0,0.0
554.1,145800.0,1988.0,143800.0,0.0
554.2,151300.0,3190.0,148200.0,0.0
554.3,156500.0,5039.0,151400.0,0.0
554.4,161200.0,7836.0,153400.0,0.0
554.5,165800.0,12000.0,153800.0,0.0
554.6,170700.0,18080.0,152600.0,0.0
554.7,176400.0,26840.0,149600.0,0.0
554.8,184100.0,39210.0,144900.0,0.0
554.9,195000.0,56410.0,138600.0,0.0
555.0,210700.0,79890.0,130800.0,0.0
555.1,233200.0,111400.0,121800.0,0.0
555.2,264800.0,153000.0,111900.0,0.0
555.3,308200.0,206800.0,101400.0,0.0
555.4,365900.0,275300.0,90650.0,0.0
555.5,440800.0,360800.0,80000.0,0.0
555.6,535400.0,465700.0,69750.0,0.0
555.7,652000.0,591900.0,60150.0,0.0
555.8,792300.0,740900.0,51450.0,0.0
555.9,957100.0,913300.0,43810.0,0.0
556.0,1146000.0,1109000.0,37350.0,0.0
556.1,1359000.0,1326000.0,32160.0,0.0
556.2,1591000.0,1563000.0,28260.0,0.0
556.3,1840000.0,1814000.0,25670.0,0.0
556.4,2100000.0,2076000.0,24350.0,0.0
556.5,2366000.0,2342000.0,24270.0,0.0
556.6,2630000.0,2604000.0,25360.0,0.0
556.7,2885000.0,2857000.0,27550.0,0.0
556.8,3124000.0,3094000.0,30750.0,0.0
556.9,3342000.0,3307000.0,34870.0,0.0
557.0,3534000.0,3494000.0,39820.0,0.0
557.1,3696000.0,3650000.0,45470.0,0.0
557.2,3827000.0,3775000.0,51730.0,0.0
557.3,3927000.0,3868000.0,58450.0,0.0
557.4,3998000.0,3933000.0,65520.0,0.0
557.5,4044000.0,3971000.0,72790.0,0.0
557.6,4069000.0,3989000.0,80120.0,0.0
557.7,4077000.0,3990000.0,87360.0,0.0
557.8,4072000.0,3978000.0,94360.0,0.0
557.9,4058000.0,3957000.0,101000.0,0.0
558.0,4037000.0,3930000.0,107000.0,0.0
558.1,4009000.0,3896000.0,112300.0,0.0
558.2,3973000.0,3856000.0,116700.0,0.0
558.3,3927000.0,3807000.0,120200.0,0.0
558.4,3868000.0,3746000.0,122400.0,0.0
558.5,3792000.0,3669000.0,123400.0,0.0
558.6,3696000.0,3573000.0,123100.0,0.0
558.7,3578000.0,3456000.0,121400.0,0.0
558.8,3435000.0,3317000.0,118400.0,0.0
558.9,3268000.0,3154000.0,114000.0,0.0
559.0,3079000.0,2971000.0,108500.0,0.0
559.1,2872000.0,2770000.0,101900.0,0.0
559.2,2653000.0,2559000.0,94530.0,0.0
559.3,2428000.0,2342000.0,86490.0,6.082e-19
559.4,2206000.0,2128000.0,78050.0,1.743e-18
559.5,1996000.0,1926000.0,69450.0,4.919e-18
559.6,1805000.0,1744000.0,60920.0,1.367e-17
559.7,1643000.0,1590000.0,52680.0,3.738e-17
559.8,1517000.0,1472000.0,44880.0,1.007e-16
559.9,1433000.0,1396000.0,37680.0,2.669e-16
560.0,1398000.0,1367000.0,31160.0,6.966e-16
560.1,1415000.0,1390000.0,25380.0,1.79e-15
560.2,1486000.0,1465000.0,20360.0,4.529e-15
560.3,1611000.0,1595000.0,16080.0,1.128e-14
560.4,1787000.0,1775000.0,12510.0,2.766e-14
560.5,2012000.0,2002000.0,9576.0,6.678e-14
560.6,2278000.0,2270000.0,7220.0,1.587e-13
560.7,2576000.0,2570000.0,5359.0,3.714e-13
560.8,2895000.0,2892000.0,3917.0,8.558e-13
560.9,3225000.0,3222000.0,2819.0,1.941e-12
561.0,3550000.0,3548000.0,2000.0,4.335e-12
561.1,3857000.0,3856000.0,1401.0,9.53e-12
561.2,4132000.0,4131000.0,973.6,2.063e-11
561.3,4363000.0,4362000.0,678.3,4.396e-11
561.4,4538000.0,4538000.0,485.4,9.222e-11
561.5,4649000.0,4649000.0,373.7,1.905e-10
561.6,4692000.0,4691000.0,330.3,3.874e-10
561.7,4663000.0,4662000.0,350.2,7.756e-10
561.8,4565000.0,4564000.0,436.3,1.529e-09
561.9,4403000.0,4402000.0,599.6,2.967e-09
562.0,4185000.0,4184000.0,859.6,5.668e-09
562.1,3921000.0,3920000.0,1245.0,1.066e-08
562.2,3624000.0,3622000.0,1796.0,1.975e-08
562.3,3306000.0,3303000.0,2563.0,3.6e-08
562.4,2979000.0,2975000.0,3607.0,6.462e-08
562.5,2654000.0,2649000.0,5003.0,1.142e-07
562.6,2341000.0,2334000.0,6836.0,1.987e-07
562.7,2048000.0,2039000.0,9199.0,3.404e-07
562.8,1781000.0,1769000.0,12190.0,5.741e-07
562.9,1543000.0,1527000.0,15910.0,9.532e-07
563.0,1335000.0,1315000.0,20460.0,1.558e-06
563.1,1157000.0,1131000.0,25900.0,2.508e-06
563.2,1007000.0,974300.0,32290.0,3.974e-06
563.3,881700.0,842000.0,39660.0,6.2e-06
563.4,778800.0,730800.0,47970.0,9.523e-06
563.5,694200.0,637100.0,57160.0,1.44e-05
563.6,624700.0,557600.0,67080.0,2.144e-05
563.7,566900.0,489400.0,77540.0,3.144e-05
563.8,518200.0,429900.0,88290.0,4.537e-05
563.9,476200.0,377200.0,99030.0,6.448e-05
564.0,439300.0,329900.0,109400.0,9.023e-05
564.1,406000.0,286900.0,119100.0,0.0001243
564.2,375400.0,247700.0,127700.0,0.0001687
564.3,346700.0,211900.0,134900.0,0.0002253
564.4,319700.0,179300.0,140400.0,0.0002964
564.5,293900.0,150000.0,143900.0,0.0003839
564.6,269300.0,123900.0,145400.0,0.0004898
564.7,245700.0,101000.0,144700.0,0.0006154
564.8,223000.0,81210.0,141800.0,0.0007616
564.9,201400.0,64360.0,137000.0,0.0009283
565.0,180700.0,50260.0,130400.0,0.001115
565.1,161000.0,38670.0,122300.0,0.001319
565.2,142400.0,29320.0,113000.0,0.001537
565.3,124800.0,21910.0,102900.0,0.001766
565.4,108500.0,16150.0,92360.0,0.002
565.5,93440.0,11770.0,81660.0,0.002234
565.6,79680.0,8529.0,71150.0,0.00246
565.7,67290.0,6211.0,61080.0,0.002672
565.8,56330.0,4651.0,51680.0,0.002865
565.9,46800.0,3725.0,43080.0,0.003032
566.0,38740.0,3355.0,35390.0,0.00317
566.1,32160.0,3509.0,28650.0,0.003275
566.2,27060.0,4204.0,22850.0,0.003346
566.3,23470.0,5500.0,17960.0,0.003382
566.4,21420.0,7508.0,13920.0,0.003385
566.5,21010.0,10380.0,10620.0,0.003356
566.6,22320.0,14330.0,7990.0,0.003299
566.7,25500.0,19580.0,5922.0,0.003218
566.8,30740.0,26420.0,4325.0,0.003116
566.9,38250.0,35130.0,3113.0,0.002999
567.0,48240.0,46030.0,2207.0,0.002869
567.1,60940.0,59400.0,1542.0,0.002732
567.2,76540.0,75480.0,1062.0,0.002589
567.3,95170.0,94450.0,720.3,0.002446
567.4,116900.0,116400.0,481.4,0.002305
567.5,141500.0,141200.0,317.0,0.00217
567.6,168900.0,168700.0,205.7,0.002043
567.7,198500.0,198400.0,131.5,0.001928
567.8,229900.0,229800.0,82.8,0.001828
567.9,262100.0,262100.0,51.37,0.001744
568.0,294300.0,294300.0,31.4,0.001679
568.1,325400.0,325400.0,18.91,0.001634
568.2,354300.0,354300.0,11.22,0.001611
568.3,379800.0,379800.0,6.572,0.001608
568.4,400900.0,400900.0,3.81,0.001624
568.5,416700.0,416700.0,2.212,0.001658
568.6,426500.0,426500.0,1.333,0.001705
568.7,429800.0,429800.0,0.915,0.001762
568.8,426500.0,426500.0,0.8272,0.001825
568.9,416700.0,416700.0,1.038,0.001889
569.0,400900.0,400900.0,1.601,0.001952
569.1,379800.0,379800.0,2.671,0.002008
569.2,354300.0,354300.0,4.527,0.002056
569.3,325400.0,325400.0,7.629,0.002096
569.4,294300.0,294300.0,12.7,0.002126
569.5,262100.0,262100.0,20.84,0.002149
569.6,229800.0,229800.0,33.68,0.002168
569.7,198400.0,198400.0,53.61,0.002186
569.8,168700.0,168700.0,84.06,0.002209
569.9,141300.0,141200.0,129.8,0.002241
570.0,116600.0,116400.0,197.4,0.002289
570.1,94740.0,94450.0,295.7,0.002356
570.2,75910.0,75480.0,436.3,0.002448
570.3,60030.0,59390.0,633.8,0.002567
570.4,46920.0,46020.0,907.0,0.002715
570.5,36390.0,35110.0,1278.0,0.002893
570.6,28150.0,26370.0,1774.0,0.003099
570.7,21930.0,19510.0,2425.0,0.003331
570.8,17470.0,14210.0,3264.0,0.003585
570.9,14520.0,10190.0,4328.0,0.003856
571.0,12850.0,7196.0,5652.0,0.00414
571.1,12270.0,5004.0,7269.0,0.004431
571.2,12630.0,3426.0,9206.0,0.004723
571.3,13790.0,2310.0,11480.0,0.005012
571.4,15640.0,1533.0,14110.0,0.005294
571.5,18070.0,1002.0,17070.0,0.005567
571.6,20990.0,645.0,20340.0,0.005829
571.7,24280.0,408.8,23870.0,0.006079
571.8,27850.0,255.2,27600.0,0.00632
571.9,31570.0,157.0,31410.0,0.006553
572.0,35320.0,95.3,35220.0,0.006782
572.1,38950.0,57.42,38890.0,0.007008
572.2,42330.0,34.89,42290.0,0.007237
572.3,45320.0,22.37,45300.0,0.007471
572.4,47790.0,16.75,47780.0,0.007714
572.5,49650.0,16.57,49630.0,0.007966
572.6,50800.0,21.79,50780.0,0.00823
572.7,51200.0,33.76,51170.0,0.008505
572.8,50840.0,55.47,50780.0,0.00879
572.9,49730.0,92.12,49630.0,0.009084
573.0,47930.0,151.9,47780.0,0.009383
573.1,45540.0,247.6,45300.0,0.009684
573.2,42690.0,397.6,42290.0,0.009985
573.3,39520.0,629.2,38890.0,0.01028
573.4,36200.0,981.0,35220.0,0.01057
573.5,32920.0,1507.0,31410.0,0.01086
573.6,29880.0,2279.0,27600.0,0.01114
573.7,27270.0,3397.0,23880.0,0.01141
573.8,25330.0,4987.0,20340.0,0.01168
573.9,24280.0,7211.0,17070.0,0.01194
574.0,24380.0,10270.0,14110.0,0.01219
574.1,25900.0,14410.0,11490.0,0.01244
574.2,29130.0,19920.0,9210.0,0.01269
574.3,34400.0,27120.0,7275.0,0.01294
574.4,42040.0,36380.0,5662.0,0.01318
574.5,52410.0,48060.0,4346.0,0.01341
574.6,65840.0,62550.0,3295.0,0.01362
574.7,82660.0,80190.0,2475.0,0.0138
574.8,103100.0,101300.0,1857.0,0.01395
574.9,127400.0,126000.0,1412.0,0.01406
575.0,155500.0,154300.0,1121.0,0.01411
575.1,187300.0,186300.0,969.9,0.0141
575.2,222500.0,221500.0,956.5,0.01401
575.3,260600.0,259500.0,1090.0,0.01383
575.4,300700.0,299400.0,1392.0,0.01356
575.5,342100.0,340200.0,1901.0,0.0132
575.6,383600.0,380900.0,2672.0,0.01274
575.7,423800.0,420000.0,3782.0,0.01219
575.8,461600.0,456300.0,5329.0,0.01156
575.9,495700.0,488300.0,7434.0,0.01087
576.0,525000.0,514700.0,10240.0,0.01012
576.1,548400.0,534500.0,13930.0,0.009336
576.2,565300.0,546700.0,18680.0,0.008537
576.3,575500.0,550800.0,24690.0,0.00774
576.4,578800.0,546700.0,32190.0,0.006963
576.5,575800.0,534500.0,41380.0,0.006221
576.6,567100.0,514700.0,52430.0,0.005528
576.7,553800.0,488300.0,65510.0,0.00489
576.8,537000.0,456300.0,80700.0,0.004315
576.9,518100.0,420000.0,98010.0,0.003803
577.0,498300.0,380900.0,117400.0,0.003355
577.1,478800.0,340200.0,138600.0,0.002965
577.2,460700.0,299400.0,161300.0,0.00263
577.3,444700.0,259500.0,185200.0,0.002343
577.4,431200.0,221500.0,209600.0,0.002098
577.5,420300.0,186300.0,234000.0,0.001888
577.6,411800.0,154300.0,257500.0,0.001709
577.7,405300.0,126000.0,279400.0,0.001554
577.8,400200.0,101300.0,298900.0,0.001422
577.9,395600.0,80190.0,315400.0,0.001309
578.0,390600.0,62550.0,328100.0,0.001214
578.1,384600.0,48060.0,336500.0,0.001138
578.2,376700.0,36380.0,340300.0,0.00108
578.3,366500.0,27120.0,339400.0,0.001041
578.4,353700.0,19920.0,333700.0,0.001021
578.5,338000.0,14410.0,323600.0,0.001021
578.6,319600.0,10270.0,309300.0,0.001042
578.7,298800.0,7211.0,291600.0,0.001083
578.8,276000.0,4987.0,271000.0,0.001146
578.9,251700.0,3397.0,248300.0,0.001228
579.0,226600.0,2279.0,224300.0,0.00133
579.1,201300.0,1507.0,199800.0,0.001451
579.2,176400.0,981.0,175400.0,0.001589
579.3,152500.0,629.2,151900.0,0.001745
579.4,130000.0,397.5,129600.0,0.001917
579.5,109300.0,247.4,109100.0,0.002106
579.6,90650.0,151.7,90500.0,0.002314
579.7,74100.0,91.6,74010.0,0.002542
579.8,59720.0,54.49,59660.0,0.002794
579.9,47440.0,31.93,47410.0,0.003078
580.0,37160.0,18.43,37140.0,0.0034
580.1,28690.0,10.48,28680.0,0.003772
580.2,21840.0,5.871,21830.0,0.004211
580.3,16380.0,3.239,16380.0,0.004736
580.4,12120.0,1.76,12110.0,0.005378
580.5,8831.0,0.9425,8830.0,0.006173
580.6,6345.0,0.4971,6344.0,0.007173
580.7,4493.0,0.2582,4492.0,0.008447
580.8,3136.0,0.1321,3135.0,0.01008
580.9,2157.0,0.06661,2157.0,0.0122
581.0,1462.0,0.03308,1462.0,0.01494
581.1,977.1,0.01618,977.0,0.0185
581.2,643.5,0.007796,643.4,0.02308
581.3,417.7,0.0037,417.7,0.02896
581.4,267.4,0.00173,267.3,0.03642
581.5,168.9,0.0007968,168.9,0.0458
581.6,105.6,0.0003615,105.6,0.05744
581.7,65.9,0.0001615,65.82,0.07167
581.8,41.83,7.111e-05,41.74,0.08881
581.9,28.35,3.084e-05,28.24,0.1091
582.0,22.35,1.317e-05,22.21,0.1327
582.1,22.23,5.543e-06,22.07,0.1597
582.2,27.6,2.297e-06,27.41,0.1899
582.3,39.12,9.38e-07,38.9,0.2231
582.4,58.46,3.773e-07,58.21,0.2587
582.5,88.45,1.495e-07,88.16,0.296
582.6,133.2,5.833e-08,132.9,0.3341
582.7,198.5,2.243e-08,198.1,0.372
582.8,291.8,8.492e-09,291.4,0.4084
582.9,423.0,3.168e-09,422.6,0.4421
583.0,604.6,1.164e-09,604.1,0.4718
583.1,851.7,4.214e-10,851.2,0.4964
583.2,1182.0,1.502e-10,1182.0,0.5148
583.3,1618.0,5.277e-11,1617.0,0.5262
583.4,2182.0,0.0,2181.0,0.5303
583.5,2899.0,0.0,2899.0,0.5268
583.6,3798.0,0.0,3797.0,0.5159
583.7,4902.0,0.0,4902.0,0.4981
583.8,6236.0,0.0,6236.0,0.4742
583.9,7818.0,0.0,7818.0,0.4453
584.0,9660.0,0.0,9660.0,0.4123
584.1,11760.0,0.0,11760.0,0.3768
584.2,14120.0,0.0,14120.0,0.3398
584.3,16690.0,0.0,16690.0,0.3026
584.4,19460.0,0.0,19460.0,0.2663
584.5,22350.0,0.0,22350.0,0.2318
584.6,25300.0,0.0,25300.0,0.1998
584.7,28230.0,0.0,28230.0,0.1707
584.8,31040.0,0.0,31040.0,0.1449
584.9,33640.0,0.0,33640.0,0.1223
585.0,35920.0,0.0,35920.0,0.1031
585.1,37820.0,0.0,37820.0,0.0869
585.2,39230.0,0.0,39230.0,0.07353
585.3,40120.0,0.0,40120.0,0.06262
585.4,40450.0,0.0,40450.0,0.05382
585.5,40220.0,0.0,40220.0,0.04678
585.6,39430.0,0.0,39430.0,0.04117
585.7,38150.0,0.0,38150.0,0.03671
585.8,36440.0,0.0,36440.0,0.03314
585.9,34400.0,0.0,34400.0,0.03028
586.0,32150.0,0.0,32150.0,0.02795
586.1,29820.0,0.0,29820.0,0.02608
586.2,27540.0,0.0,27540.0,0.02458
586.3,25440.0,0.0,25440.0,0.02343
586.4,23680.0,0.0,23680.0,0.02263
586.5,22360.0,0.0,22360.0,0.02222
586.6,21630.0,0.0,21630.0,0.02225
586.7,21580.0,0.0,21580.0,0.02281
586.8,22310.0,0.0,22310.0,0.02399
586.9,23870.0,0.0,23870.0,0.02594
587.0,26330.0,0.0,26330.0,0.02881
587.1,29700.0,0.0,29700.0,0.03277
587.2,33960.0,0.0,33960.0,0.03804
587.3,39080.0,0.0,39080.0,0.04484
587.4,44970.0,0.0,44970.0,0.05339
587.5,51520.0,0.0,51520.0,0.06392
587.6,58580.0,0.0,58580.0,0.07663
587.7,65990.0,0.0,65990.0,0.09168
587.8,73550.0,0.0,73550.0,0.1092
587.9,81040.0,0.0,81040.0,0.1291
588.0,88270.0,0.0,88270.0,0.1515
588.1,95050.0,0.0,95050.0,0.1759
588.2,101200.0,0.0,101200.0,0.2021
588.3,106700.0,0.0,106700.0,0.2295
588.4,111300.0,0.0,111300.0,0.2575
588.5,115200.0,0.0,115200.0,0.2853
588.6,118200.0,0.0,118200.0,0.312
588.7,120700.0,0.0,120700.0,0.3368
588.8,122600.0,0.0,122600.0,0.3586
588.9,124300.0,0.0,124300.0,0.3767
589.0,125800.0,0.0,125800.0,0.3903
589.1,127300.0,0.0,127300.0,0.3989
589.2,129000.0,0.0,129000.0,0.402
589.3,131100.0,0.0,131100.0,0.3997
589.4,133500.0,0.0,133500.0,0.3919
589.5,136200.0,0.0,136200.0,0.379
589.6,139100.0,0.0,139100.0,0.3616
589.7,142100.0,0.0,142100.0,0.3404
589.8,144800.0,0.0,144800.0,0.3163
589.9,147200.0,0.0,147200.0,0.2903
590.0,148800.0,0.0,148800.0,0.2634
590.1,149500.0,0.0,149500.0,0.2365
590.2,149000.0,0.0,149000.0,0.2106
590.3,147200.0,0.0,147200.0,0.1863
590.4,143900.0,0.0,143900.0,0.1645
590.5,139100.0,0.0,139100.0,0.1455
590.6,133000.0,0.0,133000.0,0.1298
590.7,125600.0,0.0,125600.0,0.1177
590.8,117000.0,0.0,117000.0,0.1091
590.9,107700.0,0.0,107700.0,0.1042
591.0,97770.0,0.0,97770.0,0.1029
591.1,87560.0,0.0,87560.0,0.105
591.2,77350.0,0.0,77350.0,0.1102
591.3,67390.0,0.0,67390.0,0.1184
591.4,57890.0,0.0,57890.0,0.1291
591.5,49040.0,0.0,49040.0,0.1422
591.6,40960.0,0.0,40960.0,0.1572
591.7,33730.0,0.0,33730.0,0.1738
591.8,27380.0,0.0,27380.0,0.1915
591.9,21920.0,0.0,21920.0,0.21
592.0,17300.0,0.0,17300.0,0.2288
592.1,13460.0,0.0,13460.0,0.2474
592.2,10340.0,0.0,10340.0,0.2653
592.3,7840.0,0.0,7840.0,0.282
592.4,5882.0,0.0,5882.0,0.297
592.5,4385.0,0.0,4384.0,0.3097
592.6,3275.0,0.0,3275.0,0.3199
592.7,2492.0,0.0,2491.0,0.327
592.8,1987.0,0.0,1987.0,0.3308
592.9,1729.0,0.0,1729.0,0.3312
593.0,1701.0,0.0,1701.0,0.3281
593.1,1904.0,0.0,1904.0,0.3216
593.2,2357.0,0.0,2357.0,0.312
593.3,3099.0,0.0,3098.0,0.2997
593.4,4186.0,0.0,4186.0,0.285
593.5,5698.0,0.0,5698.0,0.2688
593.6,7735.0,0.0,7734.0,0.2515
593.7,10420.0,0.0,10420.0,0.2338
593.8,13880.0,0.0,13880.0,0.2165
593.9,18290.0,0.0,18290.0,0.2001
594.0,23820.0,0.0,23820.0,0.1852
594.1,30660.0,0.0,30660.0,0.1721
594.2,38970.0,0.0,38970.0,0.1612
594.3,48950.0,0.0,48950.0,0.1525
594.4,60740.0,0.0,60740.0,0.1462
594.5,74470.0,0.0,74470.0,0.1421
594.6,90210.0,0.0,90210.0,0.14
594.7,108000.0,0.0,108000.0,0.1395
594.8,127700.0,0.0,127700.0,0.1402
594.9,149300.0,0.0,149300.0,0.1417
595.0,172400.0,0.0,172400.0,0.1435
595.1,196700.0,0.0,196700.0,0.1452
595.2,221700.0,0.0,221700.0,0.1464
595.3,247000.0,0.0,247000.0,0.1467
595.4,271900.0,0.0,271900.0,0.146
595.5,295700.0,0.0,295700.0,0.1441
595.6,317800.0,0.0,317800.0,0.141
595.7,337400.0,0.0,337400.0,0.1367
595.8,353900.0,0.0,353900.0,0.1315
595.9,366700.0,0.0,366700.0,0.1255
596.0,375300.0,0.0,375300.0,0.1192
596.1,379500.0,0.0,379500.0,0.1128
596.2,379100.0,0.0,379100.0,0.1067
596.3,374000.0,0.0,374000.0,0.1014
596.4,364400.0,0.0,364400.0,0.09695
596.5,350700.0,0.0,350700.0,0.0938
596.6,333300.0,0.0,333300.0,0.09208
596.7,312900.0,0.0,312900.0,0.09192
596.8,290000.0,0.0,290000.0,0.09333
596.9,265400.0,0.0,265400.0,0.09624
597.0,239900.0,0.0,239900.0,0.1005
597.1,214100.0,0.0,214100.0,0.1059
597.2,188700.0,0.0,188700.0,0.1121
597.3,164100.0,0.0,164100.0,0.1189
597.4,141000.0,0.0,141000.0,0.1258
597.5,119600.0,0.0,119600.0,0.1326
597.6,100100.0,0.0,100100.0,0.139
597.7,82740.0,0.0,82740.0,0.1447
597.8,67510.0,0.0,67510.0,0.1495
597.9,54380.0,0.0,54380.0,0.1533
598.0,43240.0,0.0,43240.0,0.1561
598.1,33940.0,0.0,33940.0,0.158
598.2,26300.0,0.0,26300.0,0.1592
598.3,20110.0,0.0,20110.0,0.1599
598.4,15180.0,0.0,15180.0,0.1603
598.5,11320.0,0.0,11320.0,0.1607
598.6,8323.0,0.0,8323.0,0.1616
598.7,6043.0,0.0,6043.0,0.163
598.8,4330.0,0.0,4330.0,0.1653
598.9,3063.0,0.0,3063.0,0.1685
599.0,2138.0,0.0,2138.0,0.1727
599.1,1473.0,0.0,1473.0,0.1778
599.2,1002.0,0.0,1002.0,0.1836
599.3,672.4,0.0,672.2,0.1898
599.4,445.5,0.0,445.3,0.1961
599.5,291.3,0.0,291.1,0.2021
599.6,188.0,0.0,187.8,0.2073
599.7,119.8,0.0,119.6,0.2114
599.8,75.33,0.0,75.12,0.2138
599.9,46.79,0.0,46.58,0.2144
600.0,28.71,0.0,28.5,0.2128
600.1,17.42,0.0,17.21,0.2089
