Wavelength (nm),Sum,Cl I (8.1e-01),Cl II (1.9e-01),Cl III (2.8e-07)
223.92,1.066e-23,,,1.066e-23
223.97,1.509e-22,,,1.509e-22
224.02,1.935e-21,,,1.935e-21
224.07,2.249e-20,,,2.249e-20
224.12,2.369e-19,,,2.369e-19
224.17,2.261e-18,,,2.261e-18
224.22,1.955e-17,,,1.955e-17
224.27,1.532e-16,,,1.532e-16
224.32,1.088e-15,,,1.088e-15
224.37,7.004e-15,,,7.004e-15
224.42,4.084e-14,,,4.084e-14
224.47,2.159e-13,,,2.159e-13
224.52,1.034e-12,,,1.034e-12
224.57,4.486e-12,,,4.486e-12
224.62,1.764e-11,,,1.764e-11
224.67,6.287e-11,,,6.287e-11
224.72,2.030e-10,,,2.030e-10
224.77,5.942e-10,,,5.942e-10
224.82,1.576e-9,,,1.576e-9
224.87,3.788e-9,,,3.788e-9
224.92,8.253e-9,,,8.253e-9
224.97,1.630e-8,,,1.630e-8
225.02,2.917e-8,,,2.917e-8
225.07,4.737e-8,,,4.737e-8
225.12,6.978e-8,,,6.978e-8
225.17,9.337e-8,,,9.337e-8
225.22,1.136e-7,,,1.136e-7
225.27,1.261e-7,,,1.261e-7
225.32,1.282e-7,,,1.282e-7
225.37,1.201e-7,,,1.201e-7
225.42,1.046e-7,,,1.046e-7
225.47,8.582e-8,,,8.582e-8
225.52,6.724e-8,,,6.724e-8
225.57,5.092e-8,,,5.092e-8
225.62,3.748e-8,,,3.748e-8
225.67,2.672e-8,,,2.672e-8
225.72,1.824e-8,,,1.824e-8
225.77,1.176e-8,,,1.176e-8
225.82,7.069e-9,,,7.069e-9
225.87,3.923e-9,,,3.923e-9
225.92,1.996e-9,,,1.996e-9
225.97,9.271e-10,,,9.271e-10
226.02,3.920e-10,,,3.920e-10
226.07,1.510e-10,,,1.510e-10
226.12,5.462e-11,,,5.462e-11
226.17,2.549e-11,,,2.549e-11
226.22,3.837e-11,,,3.837e-11
226.27,1.166e-10,,,1.166e-10
226.32,3.598e-10,,,3.598e-10
226.37,1.017e-9,,,1.017e-9
226.42,2.608e-9,,,2.608e-9
226.47,6.072e-9,,,6.072e-9
226.52,1.283e-8,,,1.283e-8
226.57,2.459e-8,,,2.459e-8
226.62,4.277e-8,,,4.277e-8
226.67,6.752e-8,,,6.752e-8
226.72,9.672e-8,,,9.672e-8
226.77,1.257e-7,,,1.257e-7
226.82,1.483e-7,,,1.483e-7
226.87,1.587e-7,,,1.587e-7
226.92,1.542e-7,,,1.542e-7
226.97,1.359e-7,,,1.359e-7
227.02,1.087e-7,,,1.087e-7
227.07,7.888e-8,,,7.888e-8
227.12,5.195e-8,,,5.195e-8
227.17,3.108e-8,,,3.108e-8
227.22,1.694e-8,,,1.694e-8
227.27,8.609e-9,,,8.609e-9
227.32,4.608e-9,,,4.608e-9
227.37,3.812e-9,,,3.812e-9
227.42,5.897e-9,,,5.897e-9
227.47,1.141e-8,,,1.141e-8
227.52,2.146e-8,,,2.146e-8
227.57,3.708e-8,,,3.708e-8
227.62,5.829e-8,,,5.829e-8
227.67,8.326e-8,,,8.326e-8
227.72,1.081e-7,,,1.081e-7
227.77,1.275e-7,,,1.275e-7
227.82,1.371e-7,,,1.371e-7
227.87,1.351e-7,,,1.351e-7
227.92,1.242e-7,,,1.242e-7
227.97,1.113e-7,,,1.113e-7
228.02,1.062e-7,,,1.062e-7
228.07,1.189e-7,,,1.189e-7
228.12,1.572e-7,,,1.572e-7
228.17,2.230e-7,,,2.230e-7
228.22,3.100e-7,,,3.100e-7
228.27,4.031e-7,,,4.031e-7
228.32,4.810e-7,,,4.810e-7
228.37,5.234e-7,,,5.234e-7
228.42,5.181e-7,,,5.181e-7
228.47,4.662e-7,,,4.662e-7
228.52,3.813e-7,,,3.813e-7
228.57,2.839e-7,,,2.839e-7
228.62,1.934e-7,,,1.934e-7
228.67,1.232e-7,,,1.232e-7
228.72,7.957e-8,,,7.957e-8
228.77,6.384e-8,,,6.384e-8
228.82,7.567e-8,,,7.567e-8
228.87,1.145e-7,,,1.145e-7
228.92,1.783e-7,,,1.783e-7
228.97,2.614e-7,,,2.614e-7
229.02,3.515e-7,,,3.515e-7
229.07,4.310e-7,,,4.310e-7
229.12,4.813e-7,,,4.813e-7
229.17,4.893e-7,,,4.893e-7
229.22,4.529e-7,,,4.529e-7
229.27,3.820e-7,,,3.820e-7
229.32,2.944e-7,,,2.944e-7
229.37,2.092e-7,,,2.092e-7
229.42,1.418e-7,,,1.418e-7
229.47,1.011e-7,,,1.011e-7
229.52,9.057e-8,,,9.057e-8
229.57,1.099e-7,,,1.099e-7
229.62,1.556e-7,,,1.556e-7
229.67,2.205e-7,,,2.205e-7
229.72,2.924e-7,,,2.924e-7
229.77,3.556e-7,,,3.556e-7
229.82,3.944e-7,,,3.944e-7
229.87,3.980e-7,,,3.980e-7
229.92,3.655e-7,,,3.655e-7
229.97,3.053e-7,,,3.053e-7
230.02,2.321e-7,,,2.321e-7
230.07,1.604e-7,,,1.604e-7
230.12,1.009e-7,,,1.009e-7
230.17,5.773e-8,,,5.773e-8
230.22,3.005e-8,,,3.005e-8
230.27,1.423e-8,,,1.423e-8
230.32,6.128e-9,,,6.128e-9
230.37,2.401e-9,,,2.401e-9
230.42,8.559e-10,,,8.559e-10
230.47,2.775e-10,,,2.775e-10
230.52,8.187e-11,,,8.187e-11
230.57,2.197e-11,,,2.197e-11
230.62,5.363e-12,,,5.363e-12
230.67,1.191e-12,,,1.191e-12
230.72,2.406e-13,,,2.406e-13
230.77,4.422e-14,,,4.422e-14
230.82,7.393e-15,,,7.393e-15
230.87,1.124e-15,,,1.124e-15
230.92,1.556e-16,,,1.556e-16
230.97,1.958e-17,,,1.958e-17
231.02,2.242e-18,,,2.242e-18
231.07,2.335e-19,,,2.335e-19
231.12,2.212e-20,,,2.212e-20
231.17,1.907e-21,,,1.907e-21
231.22,1.495e-22,,,1.495e-22
232.63,3.511e-23,,,3.511e-23
232.68,4.563e-22,,,4.563e-22
232.73,5.413e-21,,,5.413e-21
232.78,5.861e-20,,,5.861e-20
232.83,5.793e-19,,,5.793e-19
232.88,5.226e-18,,,5.226e-18
232.93,4.304e-17,,,4.304e-17
232.98,3.235e-16,,,3.235e-16
233.03,2.219e-15,,,2.219e-15
233.08,1.390e-14,,,1.390e-14
233.13,7.943e-14,,,7.943e-14
233.18,4.144e-13,,,4.144e-13
233.23,1.974e-12,,,1.974e-12
233.28,8.579e-12,,,8.579e-12
233.33,3.404e-11,,,3.404e-11
233.38,1.233e-10,,,1.233e-10
233.43,4.075e-10,,,4.075e-10
233.48,1.229e-9,,,1.229e-9
233.53,3.386e-9,,,3.386e-9
233.58,8.512e-9,,,8.512e-9
233.63,1.953e-8,,,1.953e-8
233.68,4.091e-8,,,4.091e-8
233.73,7.821e-8,,,7.821e-8
233.78,1.365e-7,,,1.365e-7
233.83,2.174e-7,,,2.174e-7
233.88,3.160e-7,,,3.160e-7
233.93,4.194e-7,,,4.194e-7
233.98,5.080e-7,,,5.080e-7
234.03,5.616e-7,,,5.616e-7
234.08,5.668e-7,,,5.668e-7
234.13,5.221e-7,,,5.221e-7
234.18,4.390e-7,,,4.390e-7
234.23,3.371e-7,,,3.371e-7
234.28,2.365e-7,,,2.365e-7
234.33,1.522e-7,,,1.522e-7
234.38,9.078e-8,,,9.078e-8
234.43,5.219e-8,,,5.219e-8
234.48,3.216e-8,,,3.216e-8
234.53,2.525e-8,,,2.525e-8
234.58,2.645e-8,,,2.645e-8
234.63,3.166e-8,,,3.166e-8
234.68,3.765e-8,,,3.765e-8
234.73,4.194e-8,,,4.194e-8
234.78,4.298e-8,,,4.298e-8
234.83,4.031e-8,,,4.031e-8
234.88,3.454e-8,,,3.454e-8
234.93,2.703e-8,,,2.703e-8
234.98,1.933e-8,,,1.933e-8
235.03,1.262e-8,,,1.262e-8
235.08,7.523e-9,,,7.523e-9
235.13,4.097e-9,,,4.097e-9
235.18,2.038e-9,,,2.038e-9
235.23,9.295e-10,,,9.295e-10
235.28,3.990e-10,,,3.990e-10
235.33,1.955e-10,,,1.955e-10
235.38,2.018e-10,,,2.018e-10
235.43,4.346e-10,,,4.346e-10
235.48,1.062e-9,,,1.062e-9
235.53,2.443e-9,,,2.443e-9
235.58,5.155e-9,,,5.155e-9
235.63,9.947e-9,,,9.947e-9
235.68,1.755e-8,,,1.755e-8
235.73,2.830e-8,,,2.830e-8
235.78,4.172e-8,,,4.172e-8
235.83,5.622e-8,,,5.622e-8
235.88,6.927e-8,,,6.927e-8
235.93,7.803e-8,,,7.803e-8
235.98,8.034e-8,,,8.034e-8
236.03,7.563e-8,,,7.563e-8
236.08,6.508e-8,,,6.508e-8
236.13,5.120e-8,,,5.120e-8
236.18,3.682e-8,,,3.682e-8
236.23,2.421e-8,,,2.421e-8
236.28,1.456e-8,,,1.456e-8
236.33,8.014e-9,,,8.014e-9
236.38,4.074e-9,,,4.074e-9
236.43,2.017e-9,,,2.017e-9
236.48,1.254e-9,,,1.254e-9
236.53,1.517e-9,,,1.517e-9
236.58,2.946e-9,,,2.946e-9
236.63,6.087e-9,,,6.087e-9
236.68,1.181e-8,,,1.181e-8
236.73,2.105e-8,,,2.105e-8
236.78,3.433e-8,,,3.433e-8
236.83,5.124e-8,,,5.124e-8
236.88,6.996e-8,,,6.996e-8
236.93,8.740e-8,,,8.740e-8
236.98,9.988e-8,,,9.988e-8
237.03,1.044e-7,,,1.044e-7
237.08,9.988e-8,,,9.988e-8
237.13,8.740e-8,,,8.740e-8
237.18,6.997e-8,,,6.997e-8
237.23,5.125e-8,,,5.125e-8
237.28,3.437e-8,,,3.437e-8
237.33,2.117e-8,,,2.117e-8
237.38,1.216e-8,,,1.216e-8
237.43,6.994e-9,,,6.994e-9
237.48,5.094e-9,,,5.094e-9
237.53,6.164e-9,,,6.164e-9
237.58,1.041e-8,,,1.041e-8
237.63,1.844e-8,,,1.844e-8
237.68,3.082e-8,,,3.082e-8
237.73,4.743e-8,,,4.743e-8
237.78,6.691e-8,,,6.691e-8
237.83,8.644e-8,,,8.644e-8
237.88,1.022e-7,,,1.022e-7
237.93,1.107e-7,,,1.107e-7
237.98,1.097e-7,,,1.097e-7
238.03,9.955e-8,,,9.955e-8
238.08,8.270e-8,,,8.270e-8
238.13,6.290e-8,,,6.290e-8
238.18,4.379e-8,,,4.379e-8
238.23,2.791e-8,,,2.791e-8
238.28,1.629e-8,,,1.629e-8
238.33,8.700e-9,,,8.700e-9
238.38,4.255e-9,,,4.255e-9
238.43,1.905e-9,,,1.905e-9
238.48,7.808e-10,,,7.808e-10
238.53,2.930e-10,,,2.930e-10
238.58,1.006e-10,,,1.006e-10
238.63,3.165e-11,,,3.165e-11
238.68,9.111e-12,,,9.111e-12
238.73,2.401e-12,,,2.401e-12
238.78,5.794e-13,,,5.794e-13
238.83,1.280e-13,,,1.280e-13
238.88,2.588e-14,,,2.588e-14
238.93,4.791e-15,,,4.791e-15
238.98,8.120e-16,,,8.120e-16
239.03,1.260e-16,,,1.260e-16
239.08,1.834e-17,,,1.834e-17
239.13,5.999e-18,,,5.999e-18
239.18,2.836e-17,,,2.836e-17
239.23,1.969e-16,,,1.969e-16
239.28,1.266e-15,,,1.266e-15
239.33,7.469e-15,,,7.469e-15
239.38,4.040e-14,,,4.040e-14
239.43,2.004e-13,,,2.004e-13
239.48,9.115e-13,,,9.115e-13
239.53,3.803e-12,,,3.803e-12
239.58,1.455e-11,,,1.455e-11
239.63,5.104e-11,,,5.104e-11
239.68,1.642e-10,,,1.642e-10
239.73,4.846e-10,,,4.846e-10
239.78,1.311e-9,,,1.311e-9
239.83,3.254e-9,,,3.254e-9
239.88,7.407e-9,,,7.407e-9
239.93,1.546e-8,,,1.546e-8
239.98,2.959e-8,,,2.959e-8
240.03,5.194e-8,,,5.194e-8
240.08,8.361e-8,,,8.361e-8
240.13,1.234e-7,,,1.234e-7
240.18,1.671e-7,,,1.671e-7
240.23,2.075e-7,,,2.075e-7
240.28,2.363e-7,,,2.363e-7
240.33,2.467e-7,,,2.467e-7
240.38,2.363e-7,,,2.363e-7
240.43,2.075e-7,,,2.075e-7
240.48,1.671e-7,,,1.671e-7
240.53,1.234e-7,,,1.234e-7
240.58,8.361e-8,,,8.361e-8
240.63,5.194e-8,,,5.194e-8
240.68,2.959e-8,,,2.959e-8
240.73,1.546e-8,,,1.546e-8
240.78,7.407e-9,,,7.407e-9
240.83,3.256e-9,,,3.256e-9
240.88,1.317e-9,,,1.317e-9
240.93,5.046e-10,,,5.046e-10
240.98,2.288e-10,,,2.288e-10
241.03,2.426e-10,,,2.426e-10
241.08,5.362e-10,,,5.362e-10
241.13,1.308e-9,,,1.308e-9
241.18,2.993e-9,,,2.993e-9
241.23,6.304e-9,,,6.304e-9
241.28,1.219e-8,,,1.219e-8
241.33,2.163e-8,,5.439e-14,2.163e-8
241.38,3.524e-8,,6.102e-13,3.524e-8
241.43,5.271e-8,,6.289e-12,5.271e-8
241.48,7.242e-8,,5.955e-11,7.236e-8
241.53,9.170e-8,,5.181e-10,9.118e-8
241.58,1.096e-7,,4.140e-9,1.055e-7
241.63,1.424e-7,,3.040e-8,1.120e-7
241.68,3.143e-7,,2.050e-7,1.093e-7
241.73,1.369e-6,,1.271e-6,9.806e-8
241.78,7.314e-6,,7.233e-6,8.115e-8
241.83,3.790e-5,,3.783e-5,6.247e-8
241.88,1.819e-4,,1.818e-4,4.573e-8
241.93,8.030e-4,,8.029e-4,3.347e-8
241.98,3.258e-3,,3.258e-3,2.671e-8
242.03,1.215e-2,,1.215e-2,2.504e-8
242.08,4.168e-2,,4.168e-2,2.703e-8
242.13,1.314e-1,,1.314e-1,3.073e-8
242.18,3.813e-1,,3.813e-1,3.416e-8
242.23,1.019e+0,,1.019e+0,3.574e-8
242.28,2.509e+0,,2.509e+0,3.466e-8
242.33,5.705e+0,,5.705e+0,3.097e-8
242.38,1.200e+1,,1.200e+1,2.544e-8
242.43,2.342e+1,,2.342e+1,1.920e-8
242.48,4.258e+1,,4.258e+1,1.331e-8
242.53,7.246e+1,,7.246e+1,8.472e-9
242.58,1.161e+2,,1.161e+2,4.953e-9
242.63,1.761e+2,,1.761e+2,2.659e-9
242.68,2.542e+2,,2.542e+2,1.311e-9
242.73,3.504e+2,,3.504e+2,5.937e-10
242.78,4.617e+2,,4.617e+2,2.473e-10
242.83,5.807e+2,,5.807e+2,9.643e-11
242.88,6.952e+2,,6.952e+2,4.099e-11
242.93,7.907e+2,,7.907e+2,3.701e-11
242.98,8.554e+2,,8.554e+2,8.354e-11
243.03,8.865e+2,,8.865e+2,2.262e-10
243.08,8.941e+2,,8.941e+2,5.809e-10
243.13,8.983e+2,,8.983e+2,1.376e-9
243.18,9.210e+2,,9.210e+2,2.998e-9
243.23,9.734e+2,,9.734e+2,6.006e-9
243.28,1.048e+3,,1.048e+3,1.107e-8
243.33,1.120e+3,,1.120e+3,1.876e-8
243.38,1.156e+3,,1.156e+3,2.927e-8
243.43,1.128e+3,,1.128e+3,4.207e-8
243.48,1.028e+3,,1.028e+3,5.577e-8
243.53,8.676e+2,,8.676e+2,6.839e-8
243.58,6.762e+2,,6.762e+2,7.791e-8
243.63,4.854e+2,,4.854e+2,8.306e-8
243.68,3.206e+2,,3.206e+2,8.380e-8
243.73,1.947e+2,,1.947e+2,8.134e-8
243.78,1.088e+2,,1.088e+2,7.743e-8
243.83,5.583e+1,,5.583e+1,7.359e-8
243.88,2.634e+1,,2.634e+1,7.047e-8
243.93,1.142e+1,,1.142e+1,6.783e-8
243.98,4.552e+0,,4.552e+0,6.496e-8
244.03,1.668e+0,,1.668e+0,6.124e-8
244.08,5.614e-1,,5.614e-1,5.652e-8
244.13,1.737e-1,,1.737e-1,5.108e-8
244.18,4.940e-2,,4.940e-2,4.548e-8
244.23,1.291e-2,,1.291e-2,4.040e-8
244.28,3.102e-3,,3.102e-3,3.671e-8
244.33,6.848e-4,,6.848e-4,3.563e-8
244.38,1.390e-4,,1.389e-4,3.877e-8
244.43,2.596e-5,,2.591e-5,4.796e-8
244.48,4.506e-6,,4.441e-6,6.461e-8
244.53,7.886e-7,,6.996e-7,8.898e-8
244.58,2.208e-7,,1.013e-7,1.195e-7
244.63,1.662e-7,,1.348e-8,1.527e-7
244.68,1.850e-7,,1.648e-9,1.834e-7
244.73,2.062e-7,,1.852e-10,2.061e-7
244.78,2.163e-7,,1.913e-11,2.162e-7
244.83,2.118e-7,,1.817e-12,2.118e-7
244.88,1.934e-7,,1.585e-13,1.934e-7
244.93,1.647e-7,,,1.647e-7
244.98,1.306e-7,,,1.306e-7
245.03,9.634e-8,,,9.634e-8
245.08,6.605e-8,,,6.605e-8
245.13,4.203e-8,,,4.203e-8
245.18,2.480e-8,,,2.480e-8
245.23,1.355e-8,,,1.355e-8
245.28,6.846e-9,,,6.846e-9
245.33,3.197e-9,,,3.197e-9
245.38,1.379e-9,,,1.379e-9
245.43,5.487e-10,,,5.487e-10
245.48,2.014e-10,,,2.014e-10
245.53,6.815e-11,,,6.815e-11
245.58,2.125e-11,,,2.125e-11
245.63,6.102e-12,,,6.102e-12
245.68,1.614e-12,,,1.614e-12
245.73,3.932e-13,,,3.932e-13
245.78,8.905e-14,,,8.905e-14
245.83,2.333e-14,,,2.333e-14
245.88,2.960e-14,,,2.960e-14
245.93,1.231e-13,,,1.231e-13
245.98,5.292e-13,,,5.292e-13
246.03,2.109e-12,,,2.109e-12
246.08,7.754e-12,,,7.754e-12
246.13,2.631e-11,,,2.631e-11
246.18,8.242e-11,,,8.242e-11
246.23,2.383e-10,,,2.383e-10
246.28,6.364e-10,,,6.364e-10
246.33,1.570e-9,,,1.570e-9
246.38,3.577e-9,,,3.577e-9
246.43,7.536e-9,,,7.536e-9
246.48,1.468e-8,,,1.468e-8
246.53,2.645e-8,,,2.645e-8
246.58,4.413e-8,,,4.413e-8
246.63,6.819e-8,,,6.819e-8
246.68,9.770e-8,,,9.770e-8
246.73,1.299e-7,,,1.299e-7
246.78,1.605e-7,,,1.605e-7
246.83,1.845e-7,,,1.845e-7
246.88,1.977e-7,,,1.977e-7
246.93,1.980e-7,,,1.980e-7
246.98,1.856e-7,,,1.856e-7
247.03,1.634e-7,,,1.634e-7
247.08,1.354e-7,,,1.354e-7
247.13,1.059e-7,,,1.059e-7
247.18,7.869e-8,,,7.869e-8
247.23,5.624e-8,,,5.624e-8
247.28,4.011e-8,,,4.011e-8
247.33,3.113e-8,,,3.113e-8
247.38,2.963e-8,,,2.963e-8
247.43,3.558e-8,,,3.558e-8
247.48,4.835e-8,,,4.835e-8
247.53,6.637e-8,,,6.637e-8
247.58,8.694e-8,,,8.694e-8
247.63,1.064e-7,,,1.064e-7
247.68,1.210e-7,,,1.210e-7
247.73,1.281e-7,,,1.281e-7
247.78,1.272e-7,,,1.272e-7
247.83,1.203e-7,,,1.203e-7
247.88,1.114e-7,,,1.114e-7
247.93,1.048e-7,,,1.048e-7
247.98,1.041e-7,,,1.041e-7
248.03,1.109e-7,,,1.109e-7
248.08,1.250e-7,,7.483e-15,1.250e-7
248.13,1.450e-7,,8.246e-14,1.450e-7
248.18,1.694e-7,,8.386e-13,1.694e-7
248.23,1.965e-7,,7.871e-12,1.965e-7
248.28,2.250e-7,,6.817e-11,2.249e-7
248.33,2.529e-7,,5.450e-10,2.524e-7
248.38,2.799e-7,,4.020e-9,2.759e-7
248.43,3.195e-7,,2.737e-8,2.921e-7
248.48,4.702e-7,,1.720e-7,2.982e-7
248.53,1.290e-6,,9.973e-7,2.927e-7
248.58,5.613e-6,,5.337e-6,2.759e-7
248.63,2.661e-5,,2.636e-5,2.497e-7
248.68,1.204e-4,,1.202e-4,2.167e-7
248.73,5.058e-4,,5.056e-4,1.800e-7
248.78,1.963e-3,,1.963e-3,1.426e-7
248.83,7.037e-3,,7.036e-3,1.073e-7
248.88,2.328e-2,,2.328e-2,7.628e-8
248.93,7.110e-2,,7.110e-2,5.099e-8
248.98,2.005e-1,,2.005e-1,3.190e-8
249.03,5.222e-1,,5.222e-1,1.861e-8
249.08,1.256e+0,,1.256e+0,1.010e-8
249.13,2.794e+0,,2.794e+0,5.084e-9
249.18,5.747e+0,,5.747e+0,2.371e-9
249.23,1.095e+1,,1.095e+1,1.023e-9
249.28,1.934e+1,,1.934e+1,4.080e-10
249.33,3.175e+1,,3.175e+1,1.503e-10
249.38,4.859e+1,,4.859e+1,5.116e-11
249.43,6.960e+1,,6.960e+1,1.611e-11
249.48,9.377e+1,,9.377e+1,4.870e-12
249.53,1.196e+2,,1.196e+2,2.166e-12
249.58,1.451e+2,,1.451e+2,3.967e-12
249.63,1.687e+2,,1.687e+2,1.349e-11
249.68,1.885e+2,,1.885e+2,4.548e-11
249.73,2.030e+2,,2.030e+2,1.422e-10
249.78,2.107e+2,,2.107e+2,4.106e-10
249.83,2.113e+2,,2.113e+2,1.095e-9
249.88,2.060e+2,,2.060e+2,2.695e-9
249.93,1.979e+2,,1.979e+2,6.128e-9
249.98,1.915e+2,,1.915e+2,1.286e-8
250.03,1.911e+2,,1.911e+2,2.493e-8
250.08,1.987e+2,,1.987e+2,4.462e-8
250.13,2.126e+2,,2.126e+2,7.374e-8
250.18,2.276e+2,,2.276e+2,1.125e-7
250.23,2.368e+2,,2.368e+2,1.585e-7
250.28,2.345e+2,,2.345e+2,2.062e-7
250.33,2.178e+2,,2.178e+2,2.478e-7
250.38,1.885e+2,,1.885e+2,2.748e-7
250.43,1.512e+2,,1.512e+2,2.815e-7
250.48,1.123e+2,,1.123e+2,2.663e-7
250.53,7.705e+1,,7.705e+1,2.328e-7
250.58,4.886e+1,,4.886e+1,1.884e-7
250.63,2.861e+1,,2.861e+1,1.418e-7
250.68,1.547e+1,,1.547e+1,1.007e-7
250.73,7.724e+0,,7.724e+0,7.034e-8
250.78,3.561e+0,,3.561e+0,5.281e-8
250.83,1.516e+0,,1.516e+0,4.797e-8
250.88,5.957e-1,,5.957e-1,5.397e-8
250.93,2.161e-1,,2.161e-1,6.777e-8
250.98,7.241e-2,,7.241e-2,8.546e-8
251.03,2.240e-2,,2.240e-2,1.026e-7
251.08,6.396e-3,,6.396e-3,1.150e-7
251.13,1.686e-3,,1.686e-3,1.195e-7
251.18,4.106e-4,,4.105e-4,1.148e-7
251.23,9.237e-5,,9.227e-5,1.021e-7
251.28,1.923e-5,,1.915e-5,8.413e-8
251.33,3.733e-6,,3.668e-6,6.483e-8
251.38,6.970e-7,,6.489e-7,4.813e-8
251.43,1.435e-7,,1.060e-7,3.750e-8
251.48,5.209e-8,,1.598e-8,3.611e-8
251.53,4.936e-8,,2.225e-9,4.714e-8
251.58,7.424e-8,,2.860e-10,7.395e-8
251.63,1.195e-7,,3.394e-11,1.195e-7
251.68,1.846e-7,,3.719e-12,1.846e-7
251.73,2.663e-7,,3.763e-13,2.663e-7
251.78,3.560e-7,,3.515e-14,3.560e-7
251.83,4.402e-7,,,4.402e-7
251.88,5.033e-7,,,5.033e-7
251.93,5.318e-7,,,5.318e-7
251.98,5.194e-7,,,5.194e-7
252.03,4.688e-7,,,4.688e-7
252.08,3.911e-7,,,3.911e-7
252.13,3.016e-7,,,3.016e-7
252.18,2.149e-7,,,2.149e-7
252.23,1.416e-7,,,1.416e-7
252.28,8.620e-8,,,8.620e-8
252.33,4.851e-8,,,4.851e-8
252.38,2.525e-8,,,2.525e-8
252.43,1.221e-8,,,1.221e-8
252.48,5.652e-9,,,5.652e-9
252.53,2.984e-9,,,2.984e-9
252.58,2.921e-9,,,2.921e-9
252.63,5.503e-9,,,5.503e-9
252.68,1.219e-8,,,1.219e-8
252.73,2.611e-8,,,2.611e-8
252.78,5.222e-8,,,5.222e-8
252.83,9.708e-8,,,9.708e-8
252.88,1.677e-7,,3.268e-14,1.677e-7
252.93,2.691e-7,,3.357e-13,2.691e-7
252.98,4.013e-7,,3.139e-12,4.012e-7
253.03,5.563e-7,,2.719e-11,5.563e-7
253.08,7.172e-7,,2.180e-10,7.170e-7
253.13,8.612e-7,,1.620e-9,8.596e-7
253.18,9.699e-7,,1.114e-8,9.588e-7
253.23,1.066e-6,,7.100e-8,9.953e-7
253.28,1.381e-6,,4.192e-7,9.620e-7
253.33,3.159e-6,,2.293e-6,8.662e-7
253.38,1.235e-5,,1.162e-5,7.269e-7
253.43,5.514e-5,,5.457e-5,5.690e-7
253.48,2.380e-4,,2.376e-4,4.158e-7
253.53,9.589e-4,,9.586e-4,2.842e-7
253.58,3.587e-3,,3.587e-3,1.824e-7
253.63,1.245e-2,,1.245e-2,1.114e-7
253.68,4.006e-2,,4.006e-2,6.713e-8
253.73,1.197e-1,,1.197e-1,4.405e-8
253.78,3.317e-1,,3.317e-1,3.661e-8
253.83,8.538e-1,,8.538e-1,4.039e-8
253.88,2.042e+0,,2.042e+0,5.200e-8
253.93,4.538e+0,,4.538e+0,6.872e-8
253.98,9.383e+0,,9.383e+0,8.795e-8
254.03,1.806e+1,,1.806e+1,1.071e-7
254.08,3.242e+1,,3.242e+1,1.234e-7
254.13,5.435e+1,,5.435e+1,1.345e-7
254.18,8.528e+1,,8.528e+1,1.388e-7
254.23,1.257e+2,,1.257e+2,1.352e-7
254.28,1.747e+2,,1.747e+2,1.244e-7
254.33,2.303e+2,,2.303e+2,1.078e-7
254.38,2.898e+2,,2.898e+2,8.774e-8
254.43,3.505e+2,,3.505e+2,6.695e-8
254.48,4.106e+2,,4.106e+2,4.777e-8
254.53,4.690e+2,,4.690e+2,3.181e-8
254.58,5.249e+2,,5.249e+2,1.974e-8
254.63,5.780e+2,,5.780e+2,1.139e-8
254.68,6.277e+2,,6.277e+2,6.109e-9
254.73,6.729e+2,,6.729e+2,3.041e-9
254.78,7.118e+2,,7.118e+2,1.405e-9
254.83,7.411e+2,,7.411e+2,6.015e-10
254.88,7.552e+2,,7.552e+2,2.387e-10
254.93,7.473e+2,,7.473e+2,8.777e-11
254.98,7.117e+2,,7.117e+2,2.989e-11
255.03,6.465e+2,,6.465e+2,9.426e-12
255.08,5.559e+2,,5.559e+2,2.753e-12
255.13,4.497e+2,,4.497e+2,7.444e-13
255.18,3.405e+2,,3.405e+2,1.874e-13
255.23,2.406e+2,,2.406e+2,4.867e-14
255.28,1.583e+2,,1.583e+2,3.432e-14
255.33,9.677e+1,,9.677e+1,1.075e-13
255.38,5.491e+1,,5.491e+1,4.134e-13
255.43,2.890e+1,,2.890e+1,1.496e-12
255.48,1.410e+1,,1.410e+1,5.020e-12
255.53,6.375e+0,,6.375e+0,1.561e-11
255.58,2.670e+0,,2.670e+0,4.499e-11
255.63,1.036e+0,,1.036e+0,1.202e-10
255.68,3.724e-1,,3.724e-1,2.974e-10
255.73,1.239e-1,,1.239e-1,6.820e-10
255.78,3.820e-2,,3.820e-2,1.449e-9
255.83,1.091e-2,,1.091e-2,2.854e-9
255.88,2.883e-3,,2.883e-3,5.209e-9
255.93,7.057e-4,,7.057e-4,8.809e-9
255.98,1.600e-4,,1.600e-4,1.381e-8
256.03,3.359e-5,,3.357e-5,2.005e-8
256.08,6.553e-6,,6.526e-6,2.698e-8
256.13,1.208e-6,,1.174e-6,3.365e-8
256.18,2.346e-7,,1.957e-7,3.889e-8
256.23,7.185e-8,,3.021e-8,4.165e-8
256.28,4.565e-8,,4.317e-9,4.133e-8
256.33,3.858e-8,,5.712e-10,3.801e-8
256.38,3.246e-8,,6.999e-11,3.239e-8
256.43,2.559e-8,,7.941e-12,2.558e-8
256.48,1.872e-8,,8.343e-13,1.872e-8
256.53,1.270e-8,,8.117e-14,1.270e-8
256.58,7.979e-9,,,7.979e-9
256.63,4.647e-9,,,4.647e-9
256.68,2.508e-9,,,2.508e-9
256.73,1.255e-9,,,1.255e-9
256.78,5.831e-10,,,5.831e-10
256.83,2.572e-10,,,2.572e-10
256.88,1.268e-10,,,1.268e-10
256.93,1.288e-10,,,1.288e-10
256.98,2.999e-10,,,2.999e-10
257.03,8.349e-10,,,8.349e-10
257.08,2.229e-9,,,2.229e-9
257.13,5.541e-9,,,5.541e-9
257.18,1.278e-8,,,1.278e-8
257.23,2.736e-8,,,2.736e-8
257.28,5.431e-8,,,5.431e-8
257.33,1.001e-7,,,1.001e-7
257.38,1.712e-7,,,1.712e-7
257.43,2.719e-7,,,2.719e-7
257.48,4.018e-7,,,4.018e-7
257.53,5.531e-7,,,5.531e-7
257.58,7.115e-7,,,7.115e-7
257.63,8.595e-7,,,8.595e-7
257.68,9.825e-7,,,9.825e-7
257.73,1.074e-6,,,1.074e-6
257.78,1.139e-6,,,1.139e-6
257.83,1.189e-6,,,1.189e-6
257.88,1.235e-6,,,1.235e-6
257.93,1.278e-6,,,1.278e-6
257.98,1.308e-6,,,1.308e-6
258.03,1.307e-6,,,1.307e-6
258.08,1.257e-6,,,1.257e-6
258.13,1.148e-6,,,1.148e-6
258.18,9.879e-7,,,9.879e-7
258.23,7.958e-7,,,7.958e-7
258.28,5.981e-7,,,5.981e-7
258.33,4.183e-7,,,4.183e-7
258.38,2.719e-7,,,2.719e-7
258.43,1.642e-7,,,1.642e-7
258.48,9.203e-8,,,9.203e-8
258.53,4.787e-8,,,4.787e-8
258.58,2.310e-8,,,2.310e-8
258.63,1.034e-8,,,1.034e-8
258.68,4.297e-9,,,4.297e-9
258.73,1.656e-9,,,1.656e-9
258.78,5.921e-10,,,5.921e-10
258.83,1.964e-10,,,1.964e-10
258.88,6.042e-11,,,6.042e-11
258.93,1.725e-11,,,1.725e-11
258.98,4.574e-12,,,4.574e-12
259.03,1.156e-12,,,1.156e-12
259.08,4.183e-13,,,4.183e-13
259.13,7.727e-13,,,7.727e-13
259.18,2.960e-12,,,2.960e-12
259.23,1.124e-11,,,1.124e-11
259.28,3.980e-11,,,3.980e-11
259.33,1.309e-10,,,1.309e-10
259.38,4.000e-10,,,4.000e-10
259.43,1.136e-9,,,1.136e-9
259.48,2.998e-9,,,2.998e-9
259.53,7.355e-9,,,7.355e-9
259.58,1.678e-8,,,1.678e-8
259.63,3.564e-8,,,3.564e-8
259.68,7.048e-8,,,7.048e-8
259.73,1.299e-7,,,1.299e-7
259.78,2.237e-7,,,2.237e-7
259.83,3.603e-7,,,3.603e-7
259.88,5.442e-7,,,5.442e-7
259.93,7.735e-7,,,7.735e-7
259.98,1.038e-6,,,1.038e-6
260.03,1.322e-6,,,1.322e-6
260.08,1.603e-6,,,1.603e-6
260.13,1.858e-6,,,1.858e-6
260.18,2.062e-6,,,2.062e-6
260.23,2.194e-6,,,2.194e-6
260.28,2.235e-6,,,2.235e-6
260.33,2.176e-6,,,2.176e-6
260.38,2.021e-6,,,2.021e-6
260.43,1.796e-6,,,1.796e-6
260.48,1.542e-6,,,1.542e-6
260.53,1.312e-6,,,1.312e-6
260.58,1.161e-6,,,1.161e-6
260.63,1.129e-6,,,1.129e-6
260.68,1.235e-6,,,1.235e-6
260.73,1.462e-6,,,1.462e-6
260.78,1.764e-6,,,1.764e-6
260.83,2.073e-6,,,2.073e-6
260.88,2.312e-6,,,2.312e-6
260.93,2.418e-6,,,2.418e-6
260.98,2.360e-6,,,2.360e-6
261.03,2.146e-6,,,2.146e-6
261.08,1.821e-6,,,1.821e-6
261.13,1.452e-6,,,1.452e-6
261.18,1.107e-6,,,1.107e-6
261.23,8.500e-7,,,8.500e-7
261.28,7.238e-7,,,7.238e-7
261.33,7.553e-7,,,7.553e-7
261.38,9.541e-7,,,9.541e-7
261.43,1.310e-6,,,1.310e-6
261.48,1.790e-6,,,1.790e-6
261.53,2.334e-6,,,2.334e-6
261.58,2.858e-6,,,2.858e-6
261.63,3.271e-6,,,3.271e-6
261.68,3.497e-6,,,3.497e-6
261.73,3.491e-6,,,3.491e-6
261.78,3.258e-6,,,3.258e-6
261.83,2.846e-6,,,2.846e-6
261.88,2.330e-6,,,2.330e-6
261.93,1.791e-6,,,1.791e-6
261.98,1.295e-6,,,1.295e-6
262.03,8.829e-7,,,8.829e-7
262.08,5.686e-7,,,5.686e-7
262.13,3.471e-7,,,3.471e-7
262.18,2.022e-7,,,2.022e-7
262.23,1.140e-7,,,1.140e-7
262.28,6.413e-8,,,6.413e-8
262.33,3.816e-8,,,3.816e-8
262.38,2.573e-8,,,2.573e-8
262.44,1.940e-8,,,1.940e-8
262.49,1.688e-8,,,1.688e-8
262.54,1.489e-8,,,1.489e-8
262.59,1.285e-8,,,1.285e-8
262.64,1.091e-8,,,1.091e-8
262.69,9.726e-9,,,9.726e-9
262.74,1.042e-8,,,1.042e-8
262.79,1.470e-8,,,1.470e-8
262.84,2.502e-8,,,2.502e-8
262.89,4.460e-8,,,4.460e-8
262.94,7.713e-8,,,7.713e-8
262.99,1.257e-7,,,1.257e-7
263.04,1.915e-7,,,1.915e-7
263.09,2.718e-7,,,2.718e-7
263.14,3.591e-7,,,3.591e-7
263.19,4.414e-7,,,4.414e-7
263.24,5.051e-7,,,5.051e-7
263.29,5.379e-7,,,5.379e-7
263.34,5.332e-7,,,5.332e-7
263.39,4.923e-7,,,4.923e-7
263.44,4.239e-7,,,4.239e-7
263.49,3.412e-7,,,3.412e-7
263.54,2.585e-7,,,2.585e-7
263.59,1.868e-7,,,1.868e-7
263.64,1.324e-7,,,1.324e-7
263.69,9.637e-8,,,9.637e-8
263.74,7.605e-8,,,7.605e-8
263.79,6.659e-8,,,6.659e-8
263.84,6.283e-8,,,6.283e-8
263.89,6.050e-8,,,6.050e-8
263.94,5.688e-8,,,5.688e-8
263.99,5.091e-8,,,5.091e-8
264.04,4.283e-8,,,4.283e-8
264.09,3.369e-8,,,3.369e-8
264.14,2.471e-8,,,2.471e-8
264.19,1.688e-8,,,1.688e-8
264.24,1.074e-8,,,1.074e-8
264.29,6.381e-9,,,6.381e-9
264.34,3.583e-9,,,3.583e-9
264.39,2.032e-9,,,2.032e-9
264.44,1.491e-9,,,1.491e-9
264.49,1.969e-9,,,1.969e-9
264.54,3.859e-9,,,3.859e-9
264.59,8.099e-9,,,8.099e-9
264.64,1.628e-8,,,1.628e-8
264.69,3.063e-8,,,3.063e-8
264.74,5.372e-8,,,5.372e-8
264.79,8.775e-8,,,8.775e-8
264.84,1.335e-7,,,1.335e-7
264.89,1.892e-7,,,1.892e-7
264.94,2.497e-7,,,2.497e-7
264.99,3.069e-7,,,3.069e-7
265.04,3.513e-7,,1.109e-14,3.513e-7
265.09,3.746e-7,,1.031e-13,3.746e-7
265.14,3.719e-7,,9.378e-13,3.719e-7
265.19,3.439e-7,,7.615e-12,3.439e-7
265.24,2.963e-7,,5.766e-11,2.962e-7
265.29,2.380e-7,,4.073e-10,2.376e-7
265.34,1.802e-7,,2.684e-9,1.776e-7
265.39,1.402e-7,,1.650e-8,1.237e-7
265.44,1.754e-7,,9.459e-8,8.076e-8
265.49,5.564e-7,,5.061e-7,5.029e-8
265.54,2.559e-6,,2.527e-6,3.213e-8
265.59,1.180e-5,,1.177e-5,2.578e-8
265.64,5.123e-5,,5.120e-5,3.194e-8
265.69,2.079e-4,,2.078e-4,5.364e-8
265.74,7.877e-4,,7.876e-4,9.657e-8
265.79,2.787e-3,,2.787e-3,1.684e-7
265.84,9.207e-3,,9.207e-3,2.770e-7
265.89,2.841e-2,,2.841e-2,4.276e-7
265.94,8.188e-2,,8.188e-2,6.190e-7
265.99,2.205e-1,,2.205e-1,8.422e-7
266.04,5.546e-1,,5.546e-1,1.080e-6
266.09,1.304e+0,,1.304e+0,1.310e-6
266.14,2.863e+0,,2.863e+0,1.512e-6
266.19,5.879e+0,,5.879e+0,1.674e-6
266.24,1.128e+1,,1.128e+1,1.795e-6
266.29,2.024e+1,,2.024e+1,1.880e-6
266.34,3.395e+1,,3.395e+1,1.942e-6
266.39,5.325e+1,,5.325e+1,1.983e-6
266.44,7.809e+1,,7.809e+1,2.001e-6
266.49,1.071e+2,,1.071e+2,1.982e-6
266.54,1.373e+2,,1.373e+2,1.913e-6
266.59,1.646e+2,,1.646e+2,1.788e-6
266.64,1.845e+2,,1.845e+2,1.615e-6
266.69,1.933e+2,,1.933e+2,1.413e-6
266.74,1.894e+2,,1.894e+2,1.210e-6
266.79,1.735e+2,,1.735e+2,1.028e-6
266.84,1.485e+2,,1.485e+2,8.803e-7
266.89,1.189e+2,,1.189e+2,7.651e-7
266.94,8.888e+1,,8.888e+1,6.729e-7
266.99,6.211e+1,,6.211e+1,5.907e-7
267.04,4.055e+1,,4.055e+1,5.084e-7
267.09,2.473e+1,,2.473e+1,4.221e-7
267.14,1.409e+1,,1.409e+1,3.340e-7
267.19,7.493e+0,,7.493e+0,2.501e-7
267.24,3.722e+0,,3.722e+0,1.763e-7
267.29,1.726e+0,,1.726e+0,1.167e-7
267.34,7.475e-1,,7.475e-1,7.248e-8
267.39,3.021e-1,,3.021e-1,4.218e-8
267.44,1.140e-1,,1.140e-1,2.302e-8
267.49,4.011e-2,,4.011e-2,1.183e-8
267.54,1.318e-2,,1.318e-2,5.877e-9
267.59,4.039e-3,,4.039e-3,3.185e-9
267.64,1.155e-3,,1.155e-3,2.651e-9
267.69,3.081e-4,,3.080e-4,3.960e-9
267.74,7.666e-5,,7.665e-5,7.505e-9
267.79,1.781e-5,,1.779e-5,1.428e-8
267.84,3.877e-6,,3.851e-6,2.570e-8
267.89,8.208e-7,,7.776e-7,4.326e-8
267.94,2.144e-7,,1.464e-7,6.795e-8
267.99,1.253e-7,,2.571e-8,9.957e-8
268.04,1.403e-7,,4.209e-9,1.361e-7
268.09,1.743e-7,,6.426e-10,1.736e-7
268.14,2.066e-7,,9.148e-11,2.066e-7
268.19,2.293e-7,,1.214e-11,2.293e-7
268.24,2.374e-7,,1.503e-12,2.374e-7
268.29,2.293e-7,,1.706e-13,2.293e-7
268.34,2.067e-7,,1.838e-14,2.067e-7
268.39,1.741e-7,,,1.741e-7
268.44,1.375e-7,,,1.375e-7
268.49,1.029e-7,,,1.029e-7
268.54,7.571e-8,,,7.571e-8
268.59,5.994e-8,,,5.994e-8
268.64,5.918e-8,,,5.918e-8
268.69,7.700e-8,,,7.700e-8
268.74,1.172e-7,,,1.172e-7
268.79,1.829e-7,,,1.829e-7
268.84,2.752e-7,,,2.752e-7
268.89,3.902e-7,,,3.902e-7
268.94,5.181e-7,,,5.181e-7
268.99,6.429e-7,,,6.429e-7
269.04,7.450e-7,,,7.450e-7
269.09,8.062e-7,,,8.062e-7
269.14,8.145e-7,,,8.145e-7
269.19,7.683e-7,,,7.683e-7
269.24,6.767e-7,,,6.767e-7
269.29,5.566e-7,,,5.566e-7
269.34,4.275e-7,,,4.275e-7
269.39,3.068e-7,,,3.068e-7
269.44,2.060e-7,,,2.060e-7
269.49,1.300e-7,,,1.300e-7
269.54,7.814e-8,,,7.814e-8
269.59,4.651e-8,,,4.651e-8
269.64,2.998e-8,,,2.998e-8
269.69,2.372e-8,,,2.372e-8
269.74,2.378e-8,,,2.378e-8
269.79,2.718e-8,,,2.718e-8
269.84,3.165e-8,,,3.165e-8
269.89,3.552e-8,,,3.552e-8
269.94,3.760e-8,,,3.760e-8
269.99,3.728e-8,,,3.728e-8
270.04,3.456e-8,,,3.456e-8
270.09,2.992e-8,,,2.992e-8
270.14,2.421e-8,,,2.421e-8
270.19,1.835e-8,,,1.835e-8
270.24,1.314e-8,,,1.314e-8
270.29,9.228e-9,,,9.228e-9
270.34,7.142e-9,,,7.142e-9
270.39,7.593e-9,,,7.593e-9
270.44,1.182e-8,,,1.182e-8
270.49,2.198e-8,,,2.198e-8
270.54,4.137e-8,,,4.137e-8
270.59,7.429e-8,,,7.429e-8
270.64,1.253e-7,,,1.253e-7
270.69,1.976e-7,,,1.976e-7
270.74,2.913e-7,,,2.913e-7
270.79,4.011e-7,,,4.011e-7
270.84,5.160e-7,,,5.160e-7
270.89,6.202e-7,,,6.202e-7
270.94,6.963e-7,,,6.963e-7
270.99,7.302e-7,,,7.302e-7
271.04,7.155e-7,,,7.155e-7
271.09,6.549e-7,,,6.549e-7
271.14,5.600e-7,,,5.600e-7
271.19,4.473e-7,,,4.473e-7
271.24,3.338e-7,,,3.338e-7
271.29,2.327e-7,,,2.327e-7
271.34,1.515e-7,,,1.515e-7
271.39,9.218e-8,,,9.218e-8
271.44,5.238e-8,,,5.238e-8
271.49,2.781e-8,,,2.781e-8
271.54,1.379e-8,,,1.379e-8
271.59,6.391e-9,,,6.391e-9
271.64,2.766e-9,,,2.766e-9
271.69,1.119e-9,,,1.119e-9
271.74,4.225e-10,,,4.225e-10
271.79,1.491e-10,,,1.491e-10
271.84,4.915e-11,,,4.915e-11
271.89,1.513e-11,,,1.513e-11
271.94,4.354e-12,,,4.354e-12
271.99,1.170e-12,,,1.170e-12
272.04,2.938e-13,,,2.938e-13
272.09,6.890e-14,,,6.890e-14
272.14,1.510e-14,,,1.510e-14
272.19,3.090e-15,,,3.090e-15
272.24,5.908e-16,,,5.908e-16
272.29,1.055e-16,,,1.055e-16
272.34,1.761e-17,,,1.761e-17
272.39,2.745e-18,,,2.745e-18
272.44,3.998e-19,,,3.998e-19
272.49,5.438e-20,,,5.438e-20
272.54,6.912e-21,,,6.912e-21
272.59,8.206e-22,,,8.206e-22
272.64,9.101e-23,,,9.101e-23
288.89,2.846e-14,,2.846e-14,
288.94,2.143e-13,,2.143e-13,
288.99,1.521e-12,,1.521e-12,
289.04,1.017e-11,,1.017e-11,
289.09,6.410e-11,,6.410e-11,
289.14,3.808e-10,,3.808e-10,
289.19,2.132e-9,,2.132e-9,
289.24,1.125e-8,,1.125e-8,
289.29,5.598e-8,,5.598e-8,
289.34,2.625e-7,,2.625e-7,
289.39,1.160e-6,,1.160e-6,
289.44,4.831e-6,,4.831e-6,
289.49,1.896e-5,,1.896e-5,
289.54,7.016e-5,,7.016e-5,
289.59,2.447e-4,,2.447e-4,
289.64,8.041e-4,,8.041e-4,
289.69,2.491e-3,,2.491e-3,
289.74,7.273e-3,,7.273e-3,
289.79,2.002e-2,,2.002e-2,
289.84,5.192e-2,,5.192e-2,
289.89,1.269e-1,,1.269e-1,
289.94,2.924e-1,,2.924e-1,
289.99,6.351e-1,,6.351e-1,
290.04,1.300e+0,,1.300e+0,
290.09,2.508e+0,,2.508e+0,
290.14,4.560e+0,,4.560e+0,
290.19,7.815e+0,,7.815e+0,
290.24,1.262e+1,,1.262e+1,
290.29,1.922e+1,,1.922e+1,
290.34,2.758e+1,,2.758e+1,
290.39,3.730e+1,,3.730e+1,
290.44,4.754e+1,,4.754e+1,
290.49,5.712e+1,,5.712e+1,
290.54,6.468e+1,,6.468e+1,
290.59,6.903e+1,,6.903e+1,
290.64,6.944e+1,,6.944e+1,
290.69,6.584e+1,,6.584e+1,
290.74,5.883e+1,,5.883e+1,
290.79,4.955e+1,,4.955e+1,
290.84,3.934e+1,,3.934e+1,
290.89,2.943e+1,,2.943e+1,
290.94,2.076e+1,,2.076e+1,
290.99,1.380e+1,,1.380e+1,
291.04,8.642e+0,,8.642e+0,
291.09,5.103e+0,,5.103e+0,
291.14,2.840e+0,,2.840e+0,
291.19,1.490e+0,,1.490e+0,
291.24,7.364e-1,,7.364e-1,
291.29,3.431e-1,,3.431e-1,
291.34,1.507e-1,,1.507e-1,
291.39,6.237e-2,,6.237e-2,
291.44,2.433e-2,,2.433e-2,
291.49,8.948e-3,,8.948e-3,
291.54,3.101e-3,,3.101e-3,
291.59,1.013e-3,,1.013e-3,
291.64,3.119e-4,,3.119e-4,
291.69,9.050e-5,,9.050e-5,
291.74,2.475e-5,,2.475e-5,
291.79,6.380e-6,,6.380e-6,
291.84,1.550e-6,,1.550e-6,
291.89,3.550e-7,,3.550e-7,
291.94,7.662e-8,,7.662e-8,
291.99,1.559e-8,,1.559e-8,
292.04,2.988e-9,,2.988e-9,
292.09,5.400e-10,,5.400e-10,
292.14,9.198e-11,,9.198e-11,
292.19,1.477e-11,,1.477e-11,
292.24,2.234e-12,,2.234e-12,
292.29,3.186e-13,,3.186e-13,
292.34,4.283e-14,,4.283e-14,
292.39,5.425e-15,,5.425e-15,
294.75,4.099e-22,,,4.099e-22
294.8,3.085e-21,,,3.085e-21
294.85,2.193e-20,,,2.193e-20
294.9,1.473e-19,,,1.473e-19
294.95,9.349e-19,,,9.349e-19
295,5.605e-18,,,5.605e-18
295.05,3.174e-17,,,3.174e-17
295.1,1.699e-16,,,1.699e-16
295.15,8.586e-16,,,8.586e-16
295.2,4.100e-15,,,4.100e-15
295.25,1.850e-14,,,1.850e-14
295.3,7.885e-14,,,7.885e-14
295.35,3.175e-13,,,3.175e-13
295.4,1.208e-12,,,1.208e-12
295.45,4.341e-12,,,4.341e-12
295.5,1.474e-11,,,1.474e-11
295.55,4.728e-11,,,4.728e-11
295.6,1.433e-10,,,1.433e-10
295.65,4.102e-10,,,4.102e-10
295.7,1.109e-9,,,1.109e-9
295.75,2.835e-9,,,2.835e-9
295.8,6.842e-9,,,6.842e-9
295.85,1.560e-8,,,1.560e-8
295.9,3.362e-8,,,3.362e-8
295.95,6.843e-8,,,6.843e-8
296,1.316e-7,,,1.316e-7
296.05,2.390e-7,,,2.390e-7
296.1,4.102e-7,,,4.102e-7
296.15,6.652e-7,,,6.652e-7
296.2,1.019e-6,,,1.019e-6
296.25,1.475e-6,,,1.475e-6
296.3,2.016e-6,,,2.016e-6
296.35,2.605e-6,,,2.605e-6
296.4,3.180e-6,,,3.180e-6
296.45,3.668e-6,,,3.668e-6
296.5,4.001e-6,,,4.001e-6
296.55,4.126e-6,,,4.126e-6
296.6,4.029e-6,,,4.029e-6
296.65,3.729e-6,,,3.729e-6
296.7,3.281e-6,,,3.281e-6
296.75,2.756e-6,,,2.756e-6
296.8,2.227e-6,,,2.227e-6
296.85,1.750e-6,,,1.750e-6
296.9,1.359e-6,,,1.359e-6
296.95,1.061e-6,,,1.061e-6
297,8.463e-7,,,8.463e-7
297.05,6.928e-7,,,6.928e-7
297.1,5.777e-7,,,5.777e-7
297.15,4.829e-7,,,4.829e-7
297.2,3.974e-7,,,3.974e-7
297.25,3.174e-7,,,3.174e-7
297.3,2.433e-7,,,2.433e-7
297.35,1.780e-7,,,1.780e-7
297.4,1.237e-7,,,1.237e-7
297.45,8.146e-8,,,8.146e-8
297.5,5.079e-8,,,5.079e-8
297.55,2.995e-8,,,2.995e-8
297.6,1.670e-8,,,1.670e-8
297.65,8.798e-9,,,8.798e-9
297.7,4.382e-9,,,4.382e-9
297.75,2.062e-9,,,2.062e-9
297.8,9.170e-10,,,9.170e-10
297.85,3.854e-10,,,3.854e-10
297.9,1.531e-10,,,1.531e-10
297.95,5.753e-11,,,5.753e-11
298,2.076e-11,,,2.076e-11
298.05,8.291e-12,,,8.291e-12
298.1,7.211e-12,,,7.211e-12
298.15,1.706e-11,,,1.706e-11
298.2,5.064e-11,,,5.064e-11
298.25,1.467e-10,,,1.467e-10
298.3,4.032e-10,,,4.032e-10
298.35,1.048e-9,,,1.048e-9
298.4,2.576e-9,,,2.576e-9
298.45,5.987e-9,,,5.987e-9
298.5,1.316e-8,,,1.316e-8
298.55,2.736e-8,,,2.736e-8
298.6,5.379e-8,,,5.379e-8
298.65,9.999e-8,,,9.999e-8
298.7,1.758e-7,,,1.758e-7
298.75,2.923e-7,,,2.923e-7
298.8,4.595e-7,,,4.595e-7
298.85,6.832e-7,,,6.832e-7
298.9,9.606e-7,,,9.606e-7
298.95,1.277e-6,,,1.277e-6
299,1.606e-6,,,1.606e-6
299.05,1.910e-6,,,1.910e-6
299.1,2.147e-6,,,2.147e-6
299.15,2.283e-6,,,2.283e-6
299.2,2.296e-6,,,2.296e-6
299.25,2.184e-6,,,2.184e-6
299.3,1.964e-6,,,1.964e-6
299.35,1.670e-6,,,1.670e-6
299.4,1.343e-6,,,1.343e-6
299.45,1.021e-6,,,1.021e-6
299.5,7.346e-7,,,7.346e-7
299.55,4.997e-7,,,4.997e-7
299.6,3.214e-7,,,3.214e-7
299.65,1.955e-7,,,1.955e-7
299.7,1.124e-7,,,1.124e-7
299.75,6.116e-8,,,6.116e-8
299.8,3.146e-8,,,3.146e-8
299.85,1.530e-8,,,1.530e-8
299.9,7.040e-9,,,7.040e-9
299.95,3.063e-9,,,3.063e-9
300,1.260e-9,,,1.260e-9
300.05,4.902e-10,,,4.902e-10
300.1,1.803e-10,,,1.803e-10
300.15,6.275e-11,,,6.275e-11
300.2,2.064e-11,,,2.064e-11
300.25,6.423e-12,,,6.423e-12
300.3,1.890e-12,,,1.890e-12
300.35,5.259e-13,,,5.259e-13
300.4,1.384e-13,,,1.384e-13
300.45,4.161e-14,,7.178e-15,3.443e-14
300.5,6.041e-14,,5.231e-14,8.102e-15
300.55,3.627e-13,,3.609e-13,1.803e-15
300.6,2.358e-12,,2.358e-12,3.794e-16
300.65,1.458e-11,,1.458e-11,7.551e-17
300.7,8.538e-11,,8.538e-11,1.421e-17
300.75,4.733e-10,,4.733e-10,2.529e-18
300.8,2.484e-9,,2.484e-9,4.256e-19
300.85,1.234e-8,,1.234e-8,6.775e-20
300.9,5.807e-8,,5.807e-8,1.020e-20
300.95,2.586e-7,,2.586e-7,1.451e-21
301,1.091e-6,,1.091e-6,1.953e-22
301.05,4.354e-6,,4.354e-6,
301.1,1.645e-5,,1.645e-5,
301.15,5.888e-5,,5.888e-5,
301.2,1.995e-4,,1.995e-4,
301.25,6.398e-4,,6.398e-4,
301.3,1.943e-3,,1.943e-3,
301.35,5.585e-3,,5.585e-3,
301.4,1.520e-2,,1.520e-2,
301.45,3.918e-2,,3.918e-2,
301.5,9.558e-2,,9.558e-2,
301.55,2.208e-1,,2.208e-1,
301.6,4.828e-1,,4.828e-1,
301.65,9.995e-1,,9.995e-1,
301.7,1.959e+0,,1.959e+0,
301.75,3.636e+0,,3.636e+0,
301.8,6.388e+0,,6.388e+0,
301.85,1.063e+1,,1.063e+1,
301.9,1.673e+1,,1.673e+1,
301.95,2.495e+1,,2.495e+1,
302,3.522e+1,,3.522e+1,
302.05,4.707e+1,,4.707e+1,
302.1,5.955e+1,,5.955e+1,
302.15,7.134e+1,,7.134e+1,
302.2,8.091e+1,,8.091e+1,
302.25,8.687e+1,,8.687e+1,
302.3,8.831e+1,,8.831e+1,
302.35,8.499e+1,,8.499e+1,
302.4,7.744e+1,,7.744e+1,
302.45,6.680e+1,,6.680e+1,
302.5,5.456e+1,,5.456e+1,
302.55,4.219e+1,,4.219e+1,
302.6,3.088e+1,,3.088e+1,
302.65,2.141e+1,,2.141e+1,
302.7,1.405e+1,,1.405e+1,
302.75,8.726e+0,,8.726e+0,
302.8,5.132e+0,,5.132e+0,
302.85,2.858e+0,,2.858e+0,
302.9,1.507e+0,,1.507e+0,
302.95,7.520e-1,,7.520e-1,
303,3.554e-1,,3.554e-1,
303.05,1.590e-1,,1.590e-1,
303.1,6.734e-2,,6.734e-2,
303.15,2.700e-2,,2.700e-2,
303.2,1.025e-2,,1.025e-2,
303.25,3.685e-3,,3.685e-3,
303.3,1.254e-3,,1.254e-3,
303.35,4.040e-4,,4.040e-4,
303.4,1.232e-4,,1.232e-4,
303.45,3.559e-5,,3.559e-5,
303.5,9.731e-6,,9.731e-6,
303.55,2.519e-6,,2.519e-6,
303.6,6.173e-7,,6.173e-7,
303.65,1.432e-7,,1.432e-7,
303.7,3.146e-8,,3.146e-8,
303.75,6.543e-9,,6.543e-9,
303.8,1.288e-9,,1.288e-9,
303.85,2.402e-10,,2.402e-10,
303.9,4.238e-11,,4.238e-11,
303.95,7.082e-12,,7.082e-12,
304,1.120e-12,,1.120e-12,
304.05,1.678e-13,,1.678e-13,
304.1,2.379e-14,,2.379e-14,
308.55,3.619e-22,,,3.619e-22
308.6,2.506e-21,,,2.506e-21
308.65,1.648e-20,,,1.648e-20
308.7,1.029e-19,,,1.029e-19
308.75,6.097e-19,,,6.097e-19
308.8,3.431e-18,,,3.431e-18
308.85,1.833e-17,,,1.833e-17
308.9,9.299e-17,,,9.299e-17
308.95,4.479e-16,,,4.479e-16
309,2.048e-15,,,2.048e-15
309.05,8.892e-15,,,8.892e-15
309.1,3.665e-14,,,3.665e-14
309.15,1.434e-13,,,1.434e-13
309.2,5.330e-13,,,5.330e-13
309.25,1.880e-12,,,1.880e-12
309.3,6.299e-12,,,6.299e-12
309.35,2.003e-11,,,2.003e-11
309.4,6.048e-11,,,6.048e-11
309.45,1.734e-10,,,1.734e-10
309.5,4.719e-10,,,4.719e-10
309.55,1.220e-9,,,1.220e-9
309.6,2.992e-9,,,2.992e-9
309.65,6.971e-9,,,6.971e-9
309.7,1.542e-8,,,1.542e-8
309.75,3.237e-8,,,3.237e-8
309.8,6.455e-8,,,6.455e-8
309.85,1.222e-7,,,1.222e-7
309.9,2.196e-7,,,2.196e-7
309.95,3.747e-7,,,3.747e-7
310,6.071e-7,,,6.071e-7
310.05,9.338e-7,,,9.338e-7
310.1,1.364e-6,,,1.364e-6
310.15,1.891e-6,,,1.891e-6
310.2,2.489e-6,,,2.489e-6
310.25,3.112e-6,,,3.112e-6
310.3,3.693e-6,,,3.693e-6
310.35,4.161e-6,,,4.161e-6
310.4,4.451e-6,,,4.451e-6
310.45,4.521e-6,,,4.521e-6
310.5,4.360e-6,,,4.360e-6
310.55,3.992e-6,,,3.992e-6
310.6,3.470e-6,,,3.470e-6
310.65,2.864e-6,,,2.864e-6
310.7,2.244e-6,,,2.244e-6
310.75,1.670e-6,,,1.670e-6
310.8,1.179e-6,,,1.179e-6
310.85,7.910e-7,,,7.910e-7
310.9,5.037e-7,,,5.037e-7
310.95,3.045e-7,,,3.045e-7
311,1.748e-7,,,1.748e-7
311.05,9.525e-8,,,9.525e-8
311.1,4.928e-8,,,4.928e-8
311.15,2.421e-8,,,2.421e-8
311.2,1.129e-8,,,1.129e-8
311.25,5.001e-9,,,5.001e-9
311.3,2.103e-9,,,2.103e-9
311.35,8.394e-10,,,8.394e-10
311.4,3.182e-10,,,3.182e-10
311.45,1.145e-10,,,1.145e-10
311.5,3.912e-11,,,3.912e-11
311.55,1.269e-11,,,1.269e-11
311.6,3.908e-12,,,3.908e-12
311.65,1.143e-12,,,1.143e-12
311.7,3.173e-13,,,3.173e-13
311.75,8.363e-14,,,8.363e-14
311.8,2.093e-14,,,2.093e-14
311.85,4.973e-15,,,4.973e-15
311.9,1.122e-15,,,1.122e-15
311.95,2.403e-16,,,2.403e-16
312,4.887e-17,,,4.887e-17
312.05,9.439e-18,,,9.439e-18
312.1,1.745e-18,,,1.745e-18
312.15,3.954e-19,,,3.954e-19
312.2,6.095e-19,,,6.095e-19
312.25,3.166e-18,,,3.166e-18
312.3,1.693e-17,,,1.693e-17
312.35,8.629e-17,,,8.629e-17
312.4,4.180e-16,,,4.180e-16
312.45,1.925e-15,,,1.925e-15
312.5,8.426e-15,,,8.426e-15
312.55,3.506e-14,,,3.506e-14
312.6,1.386e-13,,,1.386e-13
312.65,5.212e-13,,,5.212e-13
312.7,1.862e-12,,,1.862e-12
312.75,6.325e-12,,,6.325e-12
312.8,2.042e-11,,,2.042e-11
312.85,6.266e-11,,,6.266e-11
312.9,1.828e-10,,,1.828e-10
312.95,5.067e-10,,,5.067e-10
313,1.335e-9,,,1.335e-9
313.05,3.345e-9,,,3.345e-9
313.1,7.965e-9,,,7.965e-9
313.15,1.803e-8,,,1.803e-8
313.2,3.878e-8,,,3.878e-8
313.25,7.931e-8,,,7.931e-8
313.3,1.542e-7,,,1.542e-7
313.35,2.848e-7,,,2.848e-7
313.4,5.002e-7,,,5.002e-7
313.45,8.350e-7,,,8.350e-7
313.5,1.325e-6,,,1.325e-6
313.55,1.998e-6,,,1.998e-6
313.6,2.865e-6,,,2.865e-6
313.65,3.904e-6,,,3.904e-6
313.7,5.057e-6,,,5.057e-6
313.75,6.226e-6,,,6.226e-6
313.8,7.287e-6,,,7.287e-6
313.85,8.106e-6,,,8.106e-6
313.9,8.571e-6,,,8.571e-6
313.95,8.615e-6,,,8.615e-6
314,8.230e-6,,,8.230e-6
314.05,7.474e-6,,,7.474e-6
314.1,6.451e-6,,,6.451e-6
314.15,5.293e-6,,,5.293e-6
314.2,4.128e-6,,,4.128e-6
314.25,3.060e-6,,,3.060e-6
314.3,2.156e-6,,,2.156e-6
314.35,1.444e-6,,,1.444e-6
314.4,9.195e-7,,,9.195e-7
314.45,5.564e-7,,,5.564e-7
314.5,3.201e-7,,,3.201e-7
314.55,1.750e-7,,,1.750e-7
314.6,9.095e-8,,,9.095e-8
314.65,4.493e-8,,,4.493e-8
314.7,2.110e-8,,,2.110e-8
314.75,9.417e-9,,,9.417e-9
314.8,3.995e-9,,,3.995e-9
314.85,1.611e-9,,,1.611e-9
314.9,6.176e-10,,,6.176e-10
314.95,2.250e-10,,,2.250e-10
315,7.793e-11,,,7.793e-11
315.05,2.565e-11,,,2.565e-11
315.1,8.028e-12,,,8.028e-12
315.15,2.388e-12,,,2.388e-12
315.2,6.751e-13,,,6.751e-13
315.25,1.814e-13,,,1.814e-13
315.3,4.634e-14,,,4.634e-14
315.35,1.125e-14,,,1.125e-14
315.4,2.597e-15,,,2.597e-15
315.45,5.697e-16,,,5.697e-16
315.5,1.188e-16,,,1.188e-16
315.55,2.355e-17,,,2.355e-17
315.6,1.006e-15,,1.002e-15,4.436e-18
315.65,6.629e-15,,6.628e-15,7.944e-19
315.7,4.172e-14,,4.172e-14,1.352e-19
315.75,2.500e-13,,2.500e-13,2.188e-20
315.8,1.425e-12,,1.425e-12,3.365e-21
315.85,7.730e-12,,7.730e-12,
315.9,3.991e-11,,3.991e-11,
315.95,1.961e-10,,1.961e-10,
316,9.166e-10,,9.166e-10,
316.05,4.078e-9,,4.078e-9,
316.1,1.727e-8,,1.727e-8,
316.15,6.956e-8,,6.956e-8,
316.2,2.667e-7,,2.667e-7,
316.25,9.730e-7,,9.730e-7,
316.3,3.378e-6,,3.378e-6,
316.35,1.116e-5,,1.116e-5,
316.4,3.509e-5,,3.509e-5,
316.45,1.050e-4,,1.050e-4,
316.5,2.990e-4,,2.990e-4,
316.55,8.100e-4,,8.100e-4,
316.6,2.089e-3,,2.089e-3,
316.65,5.125e-3,,5.125e-3,
316.7,1.197e-2,,1.197e-2,
316.75,2.659e-2,,2.659e-2,
316.8,5.622e-2,,5.622e-2,
316.85,1.131e-1,,1.131e-1,
316.9,2.166e-1,,2.166e-1,
316.95,3.948e-1,,3.948e-1,
317,6.846e-1,,6.846e-1,
317.05,1.130e+0,,1.130e+0,
317.1,1.774e+0,,1.774e+0,
317.15,2.653e+0,,2.653e+0,
317.2,3.775e+0,,3.775e+0,1.524e-21
317.25,5.116e+0,,5.116e+0,9.897e-21
317.3,6.606e+0,,6.606e+0,6.117e-20
317.35,8.134e+0,,8.134e+0,3.599e-19
317.4,9.568e+0,,9.568e+0,2.017e-18
317.45,1.079e+1,,1.079e+1,1.076e-17
317.5,1.172e+1,,1.172e+1,5.463e-17
317.55,1.239e+1,,1.239e+1,2.642e-16
317.6,1.291e+1,,1.291e+1,1.216e-15
317.65,1.354e+1,,1.354e+1,5.331e-15
317.7,1.458e+1,,1.458e+1,2.225e-14
317.75,1.634e+1,,1.634e+1,8.839e-14
317.8,1.908e+1,,1.908e+1,3.344e-13
317.85,2.287e+1,,2.287e+1,1.204e-12
317.9,2.755e+1,,2.755e+1,4.129e-12
317.95,3.275e+1,,3.275e+1,1.348e-11
318,3.788e+1,,3.788e+1,4.191e-11
318.05,4.226e+1,,4.226e+1,1.240e-10
318.1,4.526e+1,,4.526e+1,3.494e-10
318.15,4.646e+1,,4.646e+1,9.374e-10
318.2,4.572e+1,,4.572e+1,2.394e-9
318.25,4.328e+1,,4.328e+1,5.823e-9
318.3,3.967e+1,,3.967e+1,1.348e-8
318.35,3.564e+1,,3.564e+1,2.972e-8
318.4,3.195e+1,,3.195e+1,6.237e-8
318.45,2.929e+1,,2.929e+1,1.246e-7
318.5,2.808e+1,,2.808e+1,2.371e-7
318.55,2.845e+1,,2.845e+1,4.294e-7
318.6,3.021e+1,,3.021e+1,7.406e-7
318.65,3.292e+1,,3.292e+1,1.216e-6
318.7,3.597e+1,,3.597e+1,1.901e-6
318.75,3.867e+1,,3.867e+1,2.829e-6
318.8,4.042e+1,,4.042e+1,4.009e-6
318.85,4.080e+1,,4.080e+1,5.409e-6
318.9,3.959e+1,,3.959e+1,6.948e-6
318.95,3.684e+1,,3.684e+1,8.497e-6
319,3.284e+1,,3.284e+1,9.894e-6
319.05,2.801e+1,,2.801e+1,1.097e-5
319.1,2.284e+1,,2.284e+1,1.158e-5
319.15,1.781e+1,,1.781e+1,1.163e-5
319.2,1.326e+1,,1.326e+1,1.113e-5
319.25,9.431e+0,,9.431e+0,1.014e-5
319.3,6.403e+0,,6.403e+0,8.794e-6
319.35,4.149e+0,,4.149e+0,7.262e-6
319.4,2.565e+0,,2.565e+0,5.709e-6
319.45,1.512e+0,,1.512e+0,4.273e-6
319.5,8.502e-1,,8.502e-1,3.045e-6
319.55,4.557e-1,,4.557e-1,2.066e-6
319.6,2.329e-1,,2.329e-1,1.335e-6
319.65,1.134e-1,,1.134e-1,8.210e-7
319.7,5.262e-2,,5.262e-2,4.808e-7
319.75,2.327e-2,,2.327e-2,2.680e-7
319.8,9.800e-3,,9.800e-3,1.423e-7
319.85,3.932e-3,,3.932e-3,7.191e-8
319.9,1.503e-3,,1.503e-3,3.460e-8
319.95,5.471e-4,,5.471e-4,1.585e-8
320,1.897e-4,,1.897e-4,6.914e-9
320.05,6.262e-5,,6.262e-5,2.871e-9
320.1,1.969e-5,,1.969e-5,1.135e-9
320.15,5.895e-6,,5.895e-6,4.274e-10
320.2,1.681e-6,,1.681e-6,1.532e-10
320.25,4.563e-7,,4.562e-7,5.227e-11
320.3,1.179e-7,,1.179e-7,1.698e-11
320.35,2.903e-8,,2.902e-8,5.252e-12
320.4,6.802e-9,,6.801e-9,1.547e-12
320.45,1.518e-9,,1.517e-9,4.337e-13
320.5,3.224e-10,,3.223e-10,1.158e-13
320.55,6.521e-11,,6.518e-11,2.943e-14
320.6,1.256e-11,,1.255e-11,7.122e-15
320.65,2.303e-12,,2.301e-12,1.641e-15
320.7,4.014e-13,,4.010e-13,3.599e-16
320.75,6.673e-14,,6.665e-14,7.517e-17
320.8,1.056e-14,,1.055e-14,1.495e-17
320.85,2.830e-18,,,2.830e-18
320.9,5.101e-19,,,5.101e-19
320.95,8.753e-20,,,8.753e-20
321,1.430e-20,,,1.430e-20
321.05,2.225e-21,,,2.225e-21
321.25,5.020e-15,,5.020e-15,
321.3,3.111e-14,,3.111e-14,
321.35,1.837e-13,,1.837e-13,
321.4,1.034e-12,,1.034e-12,
321.45,5.552e-12,,5.552e-12,
321.5,2.841e-11,,2.841e-11,
321.55,1.386e-10,,1.386e-10,
321.6,6.442e-10,,6.442e-10,
321.65,2.855e-9,,2.855e-9,
321.7,1.206e-8,,1.206e-8,
321.75,4.858e-8,,4.858e-8,
321.8,1.865e-7,,1.865e-7,
321.85,6.825e-7,,6.825e-7,
321.9,2.381e-6,,2.381e-6,
321.95,7.917e-6,,7.917e-6,
322,2.510e-5,,2.510e-5,
322.05,7.584e-5,,7.584e-5,
322.1,2.185e-4,,2.185e-4,
322.15,5.999e-4,,5.999e-4,
322.2,1.570e-3,,1.570e-3,
322.25,3.918e-3,,3.918e-3,
322.3,9.319e-3,,9.319e-3,
322.35,2.113e-2,,2.113e-2,
322.4,4.567e-2,,4.567e-2,
322.45,9.410e-2,,9.410e-2,
322.5,1.848e-1,,1.848e-1,7.650e-22
322.55,3.460e-1,,3.460e-1,4.718e-21
322.6,6.175e-1,,6.175e-1,2.775e-20
322.65,1.051e+0,,1.051e+0,1.556e-19
322.7,1.704e+0,,1.704e+0,8.324e-19
322.75,2.634e+0,,2.634e+0,4.246e-18
322.8,3.882e+0,,3.882e+0,2.065e-17
322.85,5.453e+0,,5.453e+0,9.577e-17
322.9,7.303e+0,,7.303e+0,4.236e-16
322.95,9.322e+0,,9.322e+0,1.787e-15
323,1.134e+1,,1.134e+1,7.186e-15
323.05,1.316e+1,,1.316e+1,2.756e-14
323.1,1.455e+1,,1.455e+1,1.008e-13
323.15,1.534e+1,,1.534e+1,3.516e-13
323.2,1.541e+1,,1.541e+1,1.169e-12
323.25,1.476e+1,,1.476e+1,3.709e-12
323.3,1.348e+1,,1.348e+1,1.122e-11
323.35,1.173e+1,,1.173e+1,3.236e-11
323.4,9.732e+0,,9.732e+0,8.900e-11
323.45,7.697e+0,,7.697e+0,2.334e-10
323.5,5.803e+0,,5.803e+0,5.839e-10
323.55,4.171e+0,,4.171e+0,1.393e-9
323.6,2.857e+0,,2.857e+0,3.168e-9
323.65,1.866e+0,,1.866e+0,6.871e-9
323.7,1.162e+0,,1.162e+0,1.421e-8
323.75,6.894e-1,,6.894e-1,2.803e-8
323.8,3.900e-1,,3.900e-1,5.272e-8
323.85,2.103e-1,,2.103e-1,9.457e-8
323.9,1.081e-1,,1.081e-1,1.618e-7
323.95,5.298e-2,,5.298e-2,2.638e-7
324,2.475e-2,,2.475e-2,4.104e-7
324.05,1.102e-2,,1.102e-2,6.087e-7
324.1,4.678e-3,,4.677e-3,8.611e-7
324.15,1.894e-3,,1.893e-3,1.161e-6
324.21,6.014e-4,,5.999e-4,1.562e-6
324.26,2.204e-4,,2.185e-4,1.898e-6
324.31,7.804e-5,,7.584e-5,2.199e-6
324.36,2.753e-5,,2.510e-5,2.430e-6
324.41,1.048e-5,,7.917e-6,2.560e-6
324.46,4.953e-6,,2.381e-6,2.572e-6
324.51,3.147e-6,,6.825e-7,2.465e-6
324.56,2.439e-6,,1.865e-7,2.252e-6
324.61,2.011e-6,,4.858e-8,1.962e-6
324.66,1.642e-6,,1.206e-8,1.630e-6
324.71,1.295e-6,,2.855e-9,1.292e-6
324.76,9.768e-7,,6.442e-10,9.761e-7
324.81,7.035e-7,,1.386e-10,7.034e-7
324.86,4.834e-7,,2.841e-11,4.834e-7
324.91,3.170e-7,,5.552e-12,3.170e-7
324.96,1.987e-7,,1.034e-12,1.987e-7
325.01,1.200e-7,,1.837e-13,1.200e-7
325.06,7.179e-8,,3.111e-14,7.179e-8
325.11,4.685e-8,,5.020e-15,4.685e-8
325.16,4.085e-8,,,4.085e-8
325.21,5.338e-8,,,5.338e-8
325.26,8.847e-8,,,8.847e-8
325.31,1.549e-7,,,1.549e-7
325.36,2.661e-7,,,2.661e-7
325.41,4.393e-7,,,4.393e-7
325.46,6.932e-7,,,6.932e-7
325.51,1.044e-6,,,1.044e-6
325.56,1.500e-6,,,1.500e-6
325.61,2.056e-6,,,2.056e-6
325.66,2.688e-6,,,2.688e-6
325.71,3.354e-6,,,3.354e-6
325.76,3.992e-6,,,3.992e-6
325.81,4.533e-6,,,4.533e-6
325.86,4.911e-6,,,4.911e-6
325.91,5.075e-6,,,5.075e-6
325.96,5.004e-6,,,5.004e-6
326.01,4.707e-6,,,4.707e-6
326.06,4.224e-6,,,4.224e-6
326.11,3.616e-6,,,3.616e-6
326.16,2.954e-6,,,2.954e-6
326.21,2.302e-6,,,2.302e-6
326.26,1.711e-6,,,1.711e-6
326.31,1.213e-6,,,1.213e-6
326.36,8.210e-7,,,8.210e-7
326.41,5.299e-7,,,5.299e-7
326.46,3.263e-7,,,3.263e-7
326.51,1.917e-7,,,1.917e-7
326.56,1.075e-7,,,1.075e-7
326.61,5.746e-8,,,5.746e-8
326.66,2.931e-8,,,2.931e-8
326.71,1.426e-8,,,1.426e-8
326.76,6.623e-9,,,6.623e-9
326.81,2.933e-9,,,2.933e-9
326.86,1.240e-9,,,1.240e-9
326.91,4.998e-10,,,4.998e-10
326.96,1.925e-10,,,1.925e-10
327.01,7.159e-11,,,7.159e-11
327.06,2.823e-11,,,2.823e-11
327.11,1.950e-11,,,1.950e-11
327.16,3.672e-11,,,3.672e-11
327.21,9.941e-11,,,9.941e-11
327.26,2.725e-10,,,2.725e-10
327.31,7.180e-10,,,7.180e-10
327.36,1.807e-9,,,1.807e-9
327.41,4.341e-9,,,4.341e-9
327.46,9.958e-9,,,9.958e-9
327.51,2.181e-8,,,2.181e-8
327.56,4.559e-8,,,4.559e-8
327.61,9.098e-8,,,9.098e-8
327.66,1.734e-7,,,1.734e-7
327.71,3.154e-7,,,3.154e-7
327.76,5.477e-7,,,5.477e-7
327.81,9.080e-7,,,9.080e-7
327.86,1.437e-6,,,1.437e-6
327.91,2.172e-6,,,2.172e-6
327.96,3.133e-6,,,3.133e-6
328.01,4.316e-6,,,4.316e-6
328.06,5.676e-6,,,5.676e-6
328.11,7.130e-6,,,7.130e-6
328.16,8.555e-6,,,8.555e-6
328.21,9.809e-6,,,9.809e-6
328.26,1.076e-5,,,1.076e-5
328.31,1.130e-5,,,1.130e-5
328.36,1.140e-5,,,1.140e-5
328.41,1.110e-5,,,1.110e-5
328.46,1.050e-5,,,1.050e-5
328.51,9.767e-6,,,9.767e-6
328.56,9.084e-6,,,9.084e-6
328.61,8.610e-6,,,8.610e-6
328.66,8.450e-6,,8.897e-14,8.450e-6
328.71,8.633e-6,,5.320e-13,8.633e-6
328.76,9.103e-6,,3.038e-12,9.103e-6
328.81,9.735e-6,,1.670e-11,9.735e-6
328.86,1.036e-5,,8.715e-11,1.036e-5
328.91,1.081e-5,,4.345e-10,1.081e-5
328.96,1.094e-5,,2.070e-9,1.094e-5
329.01,1.067e-5,,9.420e-9,1.066e-5
329.06,1.002e-5,,4.097e-8,9.977e-6
329.11,9.109e-6,,1.703e-7,8.939e-6
329.16,8.337e-6,,6.761e-7,7.660e-6
329.21,8.840e-6,,2.566e-6,6.275e-6
329.26,1.422e-5,,9.305e-6,4.911e-6
329.31,3.593e-5,,3.225e-5,3.675e-6
329.36,1.095e-4,,1.068e-4,2.633e-6
329.41,3.401e-4,,3.383e-4,1.814e-6
329.46,1.025e-3,,1.024e-3,1.216e-6
329.51,2.964e-3,,2.963e-3,8.183e-7
329.56,8.199e-3,,8.199e-3,5.898e-7
329.61,2.169e-2,,2.169e-2,4.999e-7
329.66,5.488e-2,,5.488e-2,5.222e-7
329.71,1.328e-1,,1.328e-1,6.349e-7
329.76,3.074e-1,,3.074e-1,8.191e-7
329.81,6.807e-1,,6.807e-1,1.055e-6
329.86,1.443e+0,,1.443e+0,1.321e-6
329.91,2.926e+0,,2.926e+0,1.588e-6
329.96,5.682e+0,,5.682e+0,1.829e-6
330.01,1.056e+1,,1.056e+1,2.013e-6
330.06,1.881e+1,,1.881e+1,2.117e-6
330.11,3.209e+1,,3.209e+1,2.127e-6
330.16,5.246e+1,,5.246e+1,2.041e-6
330.21,8.218e+1,,8.218e+1,1.870e-6
330.26,1.234e+2,,1.234e+2,1.637e-6
330.31,1.778e+2,,1.778e+2,1.369e-6
330.36,2.455e+2,,2.455e+2,1.093e-6
330.41,3.254e+2,,3.254e+2,8.340e-7
330.46,4.137e+2,,4.137e+2,6.076e-7
330.51,5.048e+2,,5.048e+2,4.229e-7
330.56,5.911e+2,,5.911e+2,2.811e-7
330.61,6.645e+2,,6.645e+2,1.785e-7
330.66,7.173e+2,,7.173e+2,1.082e-7
330.71,7.437e+2,,7.437e+2,6.268e-8
330.76,7.412e+2,,7.412e+2,3.468e-8
330.81,7.113e+2,,7.113e+2,1.834e-8
330.86,6.593e+2,,6.593e+2,9.279e-9
330.91,5.943e+2,,5.943e+2,4.546e-9
330.96,5.276e+2,,5.276e+2,2.292e-9
331.01,4.714e+2,,4.714e+2,1.530e-9
331.06,4.374e+2,,4.374e+2,1.954e-9
331.11,4.351e+2,,4.351e+2,3.931e-9
331.16,4.708e+2,,4.708e+2,8.723e-9
331.21,5.463e+2,,5.463e+2,1.901e-8
331.26,6.583e+2,,6.583e+2,3.977e-8
331.31,7.978e+2,,7.978e+2,7.959e-8
331.36,9.514e+2,,9.514e+2,1.522e-7
331.41,1.102e+3,,1.102e+3,2.782e-7
331.46,1.231e+3,,1.231e+3,4.860e-7
331.51,1.321e+3,,1.321e+3,8.114e-7
331.56,1.362e+3,,1.362e+3,1.294e-6
331.61,1.345e+3,,1.345e+3,1.973e-6
331.66,1.275e+3,,1.275e+3,2.875e-6
331.71,1.158e+3,,1.158e+3,4.004e-6
331.76,1.009e+3,,1.009e+3,5.328e-6
331.81,8.429e+2,,8.429e+2,6.775e-6
331.86,6.755e+2,,6.755e+2,8.234e-6
331.91,5.193e+2,,5.193e+2,9.564e-6
331.96,3.833e+2,,3.833e+2,1.062e-5
332.01,2.721e+2,,2.721e+2,1.126e-5
332.06,1.867e+2,,1.867e+2,1.142e-5
332.11,1.260e+2,,1.260e+2,1.107e-5
332.16,8.745e+1,,8.745e+1,1.026e-5
332.21,6.924e+1,,6.924e+1,9.107e-6
332.26,7.070e+1,,7.070e+1,7.748e-6
332.31,9.320e+1,,9.320e+1,6.344e-6
332.36,1.402e+2,,1.402e+2,5.036e-6
332.41,2.169e+2,,2.169e+2,3.933e-6
332.46,3.290e+2,,3.290e+2,3.099e-6
332.51,4.809e+2,,4.809e+2,2.559e-6
332.56,6.738e+2,,6.738e+2,2.296e-6
332.61,9.030e+2,,9.030e+2,2.266e-6
332.66,1.157e+3,,1.157e+3,2.407e-6
332.71,1.418e+3,,1.418e+3,2.646e-6
332.76,1.660e+3,,1.660e+3,2.911e-6
332.81,1.858e+3,,1.858e+3,3.135e-6
332.86,1.988e+3,,1.988e+3,3.269e-6
332.91,2.034e+3,,2.034e+3,3.283e-6
332.96,1.988e+3,,1.988e+3,3.173e-6
333.01,1.858e+3,,1.858e+3,2.959e-6
333.06,1.660e+3,,1.660e+3,2.678e-6
333.11,1.418e+3,,1.418e+3,2.382e-6
333.16,1.157e+3,,1.157e+3,2.124e-6
333.21,9.028e+2,,9.028e+2,1.955e-6
333.26,6.734e+2,,6.734e+2,1.920e-6
333.31,4.801e+2,,4.801e+2,2.057e-6
333.36,3.272e+2,,3.272e+2,2.401e-6
333.41,2.131e+2,,2.131e+2,2.996e-6
333.46,1.327e+2,,1.327e+2,3.894e-6
333.51,7.899e+1,,7.899e+1,5.167e-6
333.56,4.494e+1,,4.494e+1,6.895e-6
333.61,2.444e+1,,2.444e+1,9.156e-6
333.66,1.271e+1,,1.271e+1,1.199e-5
333.71,6.315e+0,,6.315e+0,1.539e-5
333.76,3.000e+0,,3.000e+0,1.922e-5
333.81,1.362e+0,,1.362e+0,2.327e-5
333.86,5.912e-1,,5.912e-1,2.719e-5
333.91,2.453e-1,,2.453e-1,3.058e-5
333.96,9.731e-2,,9.728e-2,3.304e-5
334.01,3.691e-2,,3.688e-2,3.425e-5
334.06,1.340e-2,,1.336e-2,3.403e-5
334.11,4.661e-3,,4.629e-3,3.237e-5
334.16,1.562e-3,,1.533e-3,2.948e-5
334.21,5.108e-4,,4.851e-4,2.569e-5
334.26,1.682e-4,,1.468e-4,2.141e-5
334.31,5.952e-5,,4.244e-5,1.707e-5
334.36,2.475e-5,,1.173e-5,1.302e-5
334.41,1.260e-5,,3.100e-6,9.495e-6
334.46,7.405e-6,,7.831e-7,6.622e-6
334.51,4.605e-6,,1.891e-7,4.416e-6
334.56,2.860e-6,,4.364e-8,2.816e-6
334.61,1.727e-6,,9.628e-9,1.717e-6
334.66,1.003e-6,,2.030e-9,1.001e-6
334.71,5.588e-7,,4.093e-10,5.584e-7
334.76,2.978e-7,,7.886e-11,2.977e-7
334.81,1.518e-7,,1.453e-11,1.518e-7
334.86,7.398e-8,,2.557e-12,7.398e-8
334.91,3.448e-8,,4.304e-13,3.448e-8
334.96,1.537e-8,,,1.537e-8
335.01,6.550e-9,,,6.550e-9
335.06,2.669e-9,,,2.669e-9
335.11,1.040e-9,,,1.040e-9
335.16,3.875e-10,,,3.875e-10
335.21,1.380e-10,,,1.380e-10
335.26,4.703e-11,,,4.703e-11
335.31,1.532e-11,,,1.532e-11
335.36,4.771e-12,,,4.771e-12
335.41,1.421e-12,,,1.421e-12
335.46,4.046e-13,,,4.046e-13
335.51,1.102e-13,,,1.102e-13
335.56,2.869e-14,,,2.869e-14
335.61,7.142e-15,,,7.142e-15
335.66,1.700e-15,,,1.700e-15
335.71,3.870e-16,,,3.870e-16
335.76,8.424e-17,,,8.424e-17
335.81,1.753e-17,,,1.753e-17
335.86,3.489e-18,,,3.489e-18
335.91,6.640e-19,,,6.640e-19
335.96,1.208e-19,,,1.208e-19
336.01,2.102e-20,,,2.102e-20
336.06,3.497e-21,,,3.497e-21
336.56,3.474e-23,,,3.474e-23
336.61,2.049e-22,,,2.049e-22
336.66,1.157e-21,,,1.157e-21
336.71,8.804e-21,,,8.804e-21
336.76,4.700e-20,,,4.700e-20
336.81,2.408e-19,,,2.408e-19
336.86,1.184e-18,,,1.184e-18
336.91,5.584e-18,,,5.584e-18
336.96,2.528e-17,,,2.528e-17
337.01,1.099e-16,,,1.099e-16
337.06,4.583e-16,,,4.583e-16
337.11,1.835e-15,,,1.835e-15
337.16,7.054e-15,,,7.054e-15
337.21,2.603e-14,,,2.603e-14
337.26,9.217e-14,,,9.217e-14
337.31,3.134e-13,,,3.134e-13
337.36,1.022e-12,,,1.022e-12
337.41,3.202e-12,,,3.202e-12
337.46,9.626e-12,,,9.626e-12
337.51,2.777e-11,,,2.777e-11
337.56,7.686e-11,,,7.686e-11
337.61,2.041e-10,,,2.041e-10
337.66,5.202e-10,,,5.202e-10
337.71,1.272e-9,,,1.272e-9
337.76,2.982e-9,,,2.982e-9
337.81,6.706e-9,,,6.706e-9
337.86,1.446e-8,,,1.446e-8
337.91,2.991e-8,,,2.991e-8
337.96,5.932e-8,,,5.932e-8
338.01,1.128e-7,,,1.128e-7
338.06,2.056e-7,,,2.056e-7
338.11,3.591e-7,,,3.591e-7
338.16,6.014e-7,,,6.014e-7
338.21,9.651e-7,,,9.651e-7
338.26,1.484e-6,,,1.484e-6
338.31,2.188e-6,,,2.188e-6
338.36,3.090e-6,,,3.090e-6
338.41,4.183e-6,,,4.183e-6
338.46,5.427e-6,,,5.427e-6
338.51,6.750e-6,,,6.750e-6
338.56,8.053e-6,,,8.053e-6
338.61,9.223e-6,,,9.223e-6
338.66,1.015e-5,,,1.015e-5
338.71,1.076e-5,,,1.076e-5
338.76,1.103e-5,,,1.103e-5
338.81,1.097e-5,,,1.097e-5
338.86,1.068e-5,,,1.068e-5
338.91,1.027e-5,,,1.027e-5
338.96,9.870e-6,,,9.870e-6
339.01,9.582e-6,,,9.582e-6
339.06,9.468e-6,,,9.468e-6
339.11,9.525e-6,,,9.525e-6
339.16,9.695e-6,,,9.695e-6
339.21,9.878e-6,,,9.878e-6
339.26,9.961e-6,,,9.961e-6
339.31,9.842e-6,,,9.842e-6
339.36,9.456e-6,,,9.456e-6
339.41,8.791e-6,,,8.791e-6
339.46,7.882e-6,,,7.882e-6
339.51,6.805e-6,,,6.805e-6
339.56,5.656e-6,,,5.656e-6
339.61,4.531e-6,,,4.531e-6
339.66,3.508e-6,,,3.508e-6
339.71,2.641e-6,,,2.641e-6
339.76,1.952e-6,,,1.952e-6
339.81,1.437e-6,,,1.437e-6
339.86,1.073e-6,,,1.073e-6
339.91,8.285e-7,,,8.285e-7
339.96,6.680e-7,,,6.680e-7
340.01,5.609e-7,,,5.609e-7
340.06,4.833e-7,,,4.833e-7
340.11,4.189e-7,,,4.189e-7
340.16,3.592e-7,,,3.592e-7
340.21,3.007e-7,,,3.007e-7
340.26,2.439e-7,,,2.439e-7
340.31,1.907e-7,,,1.907e-7
340.36,1.433e-7,,,1.433e-7
340.41,1.033e-7,,,1.033e-7
340.46,7.145e-8,,,7.145e-8
340.51,4.734e-8,,,4.734e-8
340.56,3.005e-8,,,3.005e-8
340.61,1.827e-8,,,1.827e-8
340.66,1.064e-8,,,1.064e-8
340.71,5.933e-9,,,5.933e-9
340.76,3.169e-9,,,3.169e-9
340.81,1.621e-9,,,1.621e-9
340.86,7.939e-10,,,7.939e-10
340.91,3.725e-10,,,3.725e-10
340.96,1.673e-10,,,1.673e-10
341.01,7.199e-11,,,7.199e-11
341.06,2.966e-11,,,2.966e-11
341.11,1.171e-11,,,1.171e-11
341.16,4.423e-12,,,4.423e-12
341.21,1.601e-12,,,1.601e-12
341.26,5.548e-13,,,5.548e-13
341.31,1.841e-13,,,1.841e-13
341.36,5.853e-14,,,5.853e-14
341.41,1.782e-14,,,1.782e-14
341.46,5.194e-15,,,5.194e-15
341.51,1.450e-15,,,1.450e-15
341.56,3.877e-16,,,3.877e-16
341.61,9.927e-17,,,9.927e-17
341.66,2.434e-17,,,2.434e-17
341.71,5.716e-18,,,5.716e-18
341.76,1.285e-18,,,1.285e-18
341.81,2.768e-19,,,2.768e-19
341.86,5.710e-20,,,5.710e-20
341.91,1.128e-20,,,1.128e-20
341.96,2.133e-21,,,2.133e-21
342.01,3.865e-22,,,3.865e-22
342.06,6.705e-23,,,6.705e-23
348.41,3.801e-15,,3.801e-15,
348.46,2.108e-14,,2.108e-14,
348.51,1.122e-13,,1.122e-13,
348.56,5.738e-13,,5.738e-13,
348.61,2.817e-12,,2.817e-12,
348.66,1.328e-11,,1.328e-11,
348.71,6.007e-11,,6.007e-11,
348.76,2.610e-10,,2.610e-10,
348.81,1.089e-9,,1.089e-9,
348.86,4.360e-9,,4.360e-9,
348.91,1.677e-8,,1.677e-8,
348.96,6.190e-8,,6.190e-8,
349.01,2.194e-7,,2.194e-7,
349.06,7.469e-7,,7.469e-7,
349.11,2.441e-6,,2.441e-6,
349.16,7.658e-6,,7.658e-6,
349.21,2.307e-5,,2.307e-5,
349.26,6.674e-5,,6.674e-5,
349.31,1.854e-4,,1.854e-4,
349.36,4.944e-4,,4.944e-4,
349.41,1.266e-3,,1.266e-3,
349.46,3.113e-3,,3.113e-3,
349.51,7.351e-3,,7.351e-3,
349.56,1.667e-2,,1.667e-2,
349.61,3.631e-2,,3.631e-2,
349.66,7.598e-2,,7.598e-2,
349.71,1.527e-1,,1.527e-1,
349.76,2.950e-1,,2.950e-1,
349.81,5.479e-1,,5.479e-1,
349.86,9.783e-1,,9.783e-1,
349.91,1.681e+0,,1.681e+0,
349.96,2.781e+0,,2.781e+0,
350.01,4.435e+0,,4.435e+0,
350.06,6.826e+0,,6.826e+0,
350.11,1.015e+1,,1.015e+1,
350.16,1.463e+1,,1.463e+1,
350.21,2.048e+1,,2.048e+1,
350.26,2.790e+1,,2.790e+1,
350.31,3.712e+1,,3.712e+1,
350.36,4.839e+1,,4.839e+1,
350.41,6.197e+1,,6.197e+1,
350.46,7.810e+1,,7.810e+1,
350.51,9.699e+1,,9.699e+1,
350.56,1.187e+2,,1.187e+2,
350.61,1.429e+2,,1.429e+2,
350.66,1.690e+2,,1.690e+2,
350.71,1.961e+2,,1.961e+2,
350.76,2.227e+2,,2.227e+2,
350.81,2.472e+2,,2.472e+2,
350.86,2.681e+2,,2.681e+2,8.231e-22
350.91,2.842e+2,,2.842e+2,4.494e-21
350.96,2.948e+2,,2.948e+2,2.357e-20
351.01,2.996e+2,,2.996e+2,1.187e-19
351.06,2.991e+2,,2.991e+2,5.748e-19
351.11,2.938e+2,,2.938e+2,2.673e-18
351.16,2.846e+2,,2.846e+2,1.194e-17
351.21,2.721e+2,,2.721e+2,5.123e-17
351.26,2.565e+2,,2.565e+2,2.112e-16
351.31,2.383e+2,,2.383e+2,8.364e-16
351.36,2.177e+2,,2.177e+2,3.182e-15
351.41,1.953e+2,,1.953e+2,1.163e-14
351.46,1.720e+2,,1.720e+2,4.084e-14
351.51,1.492e+2,,1.492e+2,1.378e-13
351.56,1.285e+2,,1.285e+2,4.464e-13
351.61,1.118e+2,,1.118e+2,1.390e-12
351.66,1.012e+2,,1.012e+2,4.156e-12
351.71,9.811e+1,,9.811e+1,1.194e-11
351.76,1.039e+2,,1.039e+2,3.295e-11
351.81,1.190e+2,,1.190e+2,8.736e-11
351.86,1.430e+2,,1.430e+2,2.225e-10
351.91,1.745e+2,,1.745e+2,5.445e-10
351.96,2.112e+2,,2.112e+2,1.280e-9
352.01,2.496e+2,,2.496e+2,2.890e-9
352.06,2.861e+2,,2.861e+2,6.270e-9
352.11,3.167e+2,,3.167e+2,1.307e-8
352.16,3.380e+2,,3.380e+2,2.616e-8
352.21,3.477e+2,,3.477e+2,5.032e-8
352.26,3.448e+2,,3.448e+2,9.297e-8
352.31,3.300e+2,,3.300e+2,1.650e-7
352.36,3.052e+2,,3.052e+2,2.814e-7
352.41,2.733e+2,,2.733e+2,4.610e-7
352.46,2.374e+2,,2.374e+2,7.254e-7
352.51,2.007e+2,,2.007e+2,1.097e-6
352.56,1.656e+2,,1.656e+2,1.593e-6
352.61,1.337e+2,,1.337e+2,2.222e-6
352.66,1.061e+2,,1.061e+2,2.978e-6
352.71,8.281e+1,,8.281e+1,3.835e-6
352.76,6.372e+1,,6.372e+1,4.744e-6
352.81,4.833e+1,,4.833e+1,5.637e-6
352.86,3.608e+1,,3.608e+1,6.436e-6
352.91,2.645e+1,,2.645e+1,7.058e-6
352.96,1.899e+1,,1.899e+1,7.436e-6
353.01,1.331e+1,,1.331e+1,7.526e-6
353.06,9.078e+0,,9.078e+0,7.317e-6
353.11,6.008e+0,,6.008e+0,6.835e-6
353.16,3.850e+0,,3.850e+0,6.133e-6
353.21,2.384e+0,,2.384e+0,5.287e-6
353.26,1.424e+0,,1.424e+0,4.378e-6
353.31,8.202e-1,,8.202e-1,3.483e-6
353.36,4.548e-1,,4.548e-1,2.662e-6
353.41,2.427e-1,,2.427e-1,1.954e-6
353.46,1.245e-1,,1.245e-1,1.378e-6
353.51,6.146e-2,,6.146e-2,9.340e-7
353.56,2.915e-2,,2.915e-2,6.080e-7
353.61,1.329e-2,,1.329e-2,3.802e-7
353.66,5.822e-3,,5.822e-3,2.284e-7
353.71,2.451e-3,,2.451e-3,1.318e-7
353.76,9.911e-4,,9.910e-4,7.308e-8
353.81,3.851e-4,,3.850e-4,3.892e-8
353.86,1.437e-4,,1.437e-4,1.991e-8
353.91,5.154e-5,,5.153e-5,9.788e-9
353.96,1.775e-5,,1.775e-5,4.622e-9
354.01,5.875e-6,,5.873e-6,2.097e-9
354.06,1.868e-6,,1.867e-6,9.147e-10
354.11,5.703e-7,,5.699e-7,3.854e-10
354.16,1.673e-7,,1.672e-7,1.613e-10
354.21,4.717e-8,,4.709e-8,7.785e-11
354.26,1.281e-8,,1.274e-8,6.591e-11
354.31,3.421e-9,,3.313e-9,1.082e-10
354.36,1.051e-9,,8.273e-10,2.233e-10
354.41,6.657e-10,,1.985e-10,4.673e-10
354.46,9.936e-10,,4.573e-11,9.478e-10
354.51,1.861e-9,,1.012e-11,1.851e-9
354.56,3.475e-9,,2.152e-12,3.473e-9
354.61,6.267e-9,,4.395e-13,6.266e-9
354.66,1.087e-8,,1.193e-13,1.087e-8
354.71,1.811e-8,,1.903e-13,1.811e-8
354.76,2.902e-8,,8.812e-13,2.902e-8
354.81,4.470e-8,,4.290e-12,4.470e-8
354.86,6.620e-8,,2.008e-11,6.618e-8
354.91,9.430e-8,,9.040e-11,9.421e-8
354.96,1.294e-7,,3.912e-10,1.290e-7
355.01,1.715e-7,,1.628e-9,1.699e-7
355.07,2.336e-7,,8.553e-9,2.250e-7
355.12,3.059e-7,,3.264e-8,2.732e-7
355.17,4.407e-7,,1.198e-7,3.209e-7
355.22,7.887e-7,,4.226e-7,3.661e-7
355.27,1.842e-6,,1.434e-6,4.087e-7
355.32,5.127e-6,,4.676e-6,4.514e-7
355.37,1.516e-5,,1.466e-5,5.011e-7
355.42,4.478e-5,,4.421e-5,5.688e-7
355.47,1.288e-4,,1.282e-4,6.701e-7
355.52,3.581e-4,,3.573e-4,8.237e-7
355.57,9.585e-4,,9.575e-4,1.049e-6
355.62,2.469e-3,,2.467e-3,1.361e-6
355.67,6.115e-3,,6.113e-3,1.769e-6
355.72,1.456e-2,,1.456e-2,2.270e-6
355.77,3.335e-2,,3.335e-2,2.846e-6
355.82,7.345e-2,,7.345e-2,3.463e-6
355.87,1.555e-1,,1.555e-1,4.074e-6
355.92,3.166e-1,,3.166e-1,4.621e-6
355.97,6.197e-1,,6.197e-1,5.049e-6
356.02,1.166e+0,,1.166e+0,5.307e-6
356.07,2.111e+0,,2.111e+0,5.367e-6
356.12,3.672e+0,,3.672e+0,5.218e-6
356.17,6.143e+0,,6.143e+0,4.879e-6
356.22,9.880e+0,,9.880e+0,4.385e-6
356.27,1.528e+1,,1.528e+1,3.790e-6
356.32,2.272e+1,,2.272e+1,3.148e-6
356.37,3.248e+1,,3.248e+1,2.514e-6
356.42,4.465e+1,,4.465e+1,1.931e-6
356.47,5.901e+1,,5.901e+1,1.425e-6
356.52,7.498e+1,,7.498e+1,1.011e-6
356.57,9.162e+1,,9.162e+1,6.897e-7
356.62,1.076e+2,,1.076e+2,4.522e-7
356.67,1.216e+2,,1.216e+2,2.851e-7
356.72,1.321e+2,,1.321e+2,1.728e-7
356.77,1.381e+2,,1.381e+2,1.006e-7
356.82,1.388e+2,,1.388e+2,5.637e-8
356.87,1.344e+2,,1.344e+2,3.035e-8
356.92,1.253e+2,,1.253e+2,1.571e-8
356.97,1.129e+2,,1.129e+2,7.815e-9
357.02,9.852e+1,,9.852e+1,3.738e-9
357.07,8.383e+1,,8.383e+1,1.719e-9
357.12,7.026e+1,,7.026e+1,7.597e-10
357.17,5.892e+1,,5.892e+1,3.228e-10
357.22,5.047e+1,,5.047e+1,1.319e-10
357.27,4.511e+1,,4.511e+1,5.179e-11
357.32,4.258e+1,,4.258e+1,1.955e-11
357.37,4.229e+1,,4.229e+1,7.095e-12
357.42,4.343e+1,,4.343e+1,2.475e-12
357.47,4.514e+1,,4.514e+1,8.303e-13
357.52,4.659e+1,,4.659e+1,2.677e-13
357.57,4.713e+1,,4.713e+1,8.297e-14
357.62,4.634e+1,,4.634e+1,2.472e-14
357.67,4.408e+1,,4.408e+1,7.082e-15
357.72,4.045e+1,,4.045e+1,1.950e-15
357.77,3.577e+1,,3.577e+1,5.163e-16
357.82,3.046e+1,,3.046e+1,1.314e-16
357.87,2.499e+1,,2.499e+1,3.214e-17
357.92,1.978e+1,,1.978e+1,7.559e-18
357.97,1.517e+1,,1.517e+1,1.709e-18
358.02,1.139e+1,,1.139e+1,3.784e-19
358.07,8.574e+0,,8.574e+0,1.141e-19
358.12,6.783e+0,,6.783e+0,1.990e-19
358.17,6.031e+0,,6.031e+0,8.903e-19
358.22,6.316e+0,,6.316e+0,4.130e-18
358.27,7.632e+0,,7.632e+0,1.849e-17
358.32,9.964e+0,,9.964e+0,7.967e-17
358.37,1.327e+1,,1.327e+1,3.303e-16
358.42,1.744e+1,,1.744e+1,1.318e-15
358.47,2.228e+1,,2.228e+1,5.057e-15
358.52,2.751e+1,,2.751e+1,1.868e-14
358.57,3.273e+1,,3.273e+1,6.636e-14
358.62,3.750e+1,,3.750e+1,2.269e-13
358.67,4.134e+1,,4.134e+1,7.465e-13
358.72,4.386e+1,,4.386e+1,2.363e-12
358.77,4.481e+1,,4.481e+1,7.197e-12
358.82,4.410e+1,,4.410e+1,2.109e-11
358.87,4.189e+1,,4.189e+1,5.948e-11
358.92,3.848e+1,,3.848e+1,1.614e-10
358.97,3.436e+1,,3.436e+1,4.213e-10
359.02,3.004e+1,,3.004e+1,1.058e-9
359.07,2.606e+1,,2.606e+1,2.558e-9
359.12,2.283e+1,,2.283e+1,5.949e-9
359.17,2.066e+1,,2.066e+1,1.331e-8
359.22,1.967e+1,,1.967e+1,2.866e-8
359.27,1.979e+1,,1.979e+1,5.938e-8
359.32,2.083e+1,,2.083e+1,1.184e-7
359.37,2.246e+1,,2.246e+1,2.270e-7
359.42,2.430e+1,,2.430e+1,4.190e-7
359.47,2.596e+1,,2.596e+1,7.440e-7
359.52,2.713e+1,,2.713e+1,1.271e-6
359.57,2.760e+1,,2.760e+1,2.090e-6
359.62,2.730e+1,,2.730e+1,3.306e-6
359.67,2.635e+1,,2.635e+1,5.032e-6
359.72,2.502e+1,,2.502e+1,7.370e-6
359.77,2.371e+1,,2.371e+1,1.039e-5
359.82,2.288e+1,,2.288e+1,1.408e-5
359.87,2.304e+1,,2.304e+1,1.837e-5
359.92,2.463e+1,,2.463e+1,2.306e-5
359.97,2.796e+1,,2.796e+1,2.785e-5
360.02,3.318e+1,,3.318e+1,3.237e-5
360.07,4.023e+1,,4.023e+1,3.620e-5
360.12,4.875e+1,,4.875e+1,3.895e-5
360.17,5.819e+1,,5.819e+1,4.032e-5
360.22,6.778e+1,,6.778e+1,4.017e-5
360.27,7.664e+1,,7.664e+1,3.851e-5
360.32,8.393e+1,,8.393e+1,3.552e-5
360.37,8.893e+1,,8.893e+1,3.154e-5
360.42,9.120e+1,,9.120e+1,2.697e-5
360.47,9.063e+1,,9.063e+1,2.224e-5
360.52,8.746e+1,,8.746e+1,1.772e-5
360.57,8.223e+1,,8.223e+1,1.372e-5
360.62,7.565e+1,,7.565e+1,1.046e-5
360.67,6.851e+1,,6.851e+1,8.056e-6
360.72,6.151e+1,,6.151e+1,6.544e-6
360.77,5.517e+1,,5.517e+1,5.915e-6
360.82,4.979e+1,,4.979e+1,6.120e-6
360.87,4.549e+1,,4.549e+1,7.083e-6
360.92,4.221e+1,,4.221e+1,8.701e-6
360.97,3.984e+1,,3.984e+1,1.084e-5
361.02,3.828e+1,,3.828e+1,1.332e-5
361.07,3.748e+1,,3.748e+1,1.593e-5
361.12,3.745e+1,,3.745e+1,1.843e-5
361.17,3.827e+1,,3.827e+1,2.057e-5
361.22,4.004e+1,,4.004e+1,2.210e-5
361.27,4.282e+1,,4.282e+1,2.287e-5
361.32,4.665e+1,,4.665e+1,2.279e-5
361.37,5.148e+1,,5.148e+1,2.186e-5
361.42,5.720e+1,,5.720e+1,2.019e-5
361.47,6.362e+1,,6.362e+1,1.797e-5
361.52,7.052e+1,,7.052e+1,1.542e-5
361.57,7.758e+1,,7.758e+1,1.280e-5
361.62,8.440e+1,,8.440e+1,1.033e-5
361.67,9.053e+1,,9.053e+1,8.189e-6
361.72,9.543e+1,,9.543e+1,6.497e-6
361.77,9.856e+1,,9.856e+1,5.319e-6
361.82,9.945e+1,,9.945e+1,4.667e-6
361.87,9.778e+1,,9.778e+1,4.509e-6
361.92,9.345e+1,,9.345e+1,4.777e-6
361.97,8.664e+1,,8.664e+1,5.379e-6
362.02,7.780e+1,,7.780e+1,6.201e-6
362.07,6.756e+1,,6.756e+1,7.118e-6
362.12,5.668e+1,,5.668e+1,8.003e-6
362.17,4.590e+1,,4.590e+1,8.734e-6
362.22,3.585e+1,,3.585e+1,9.214e-6
362.27,2.700e+1,,2.700e+1,9.375e-6
362.32,1.960e+1,,1.960e+1,9.190e-6
362.37,1.370e+1,,1.370e+1,8.676e-6
362.42,9.227e+0,,9.227e+0,7.887e-6
362.47,5.985e+0,,5.985e+0,6.902e-6
362.52,3.738e+0,,3.738e+0,5.814e-6
362.57,2.247e+0,,2.247e+0,4.715e-6
362.62,1.301e+0,,1.301e+0,3.681e-6
362.67,7.256e-1,,7.255e-1,2.766e-6
362.72,3.902e-1,,3.902e-1,2.001e-6
362.77,2.037e-1,,2.037e-1,1.393e-6
362.82,1.063e-1,,1.063e-1,9.338e-7
362.87,6.211e-2,,6.211e-2,6.026e-7
362.92,5.282e-2,,5.282e-2,3.743e-7
362.97,7.360e-2,,7.360e-2,2.238e-7
363.02,1.316e-1,,1.316e-1,1.288e-7
363.07,2.465e-1,,2.465e-1,7.136e-8
363.12,4.537e-1,,4.537e-1,3.806e-8
363.17,8.074e-1,,8.074e-1,1.954e-8
363.22,1.385e+0,,1.385e+0,9.656e-9
363.27,2.288e+0,,2.288e+0,4.594e-9
363.32,3.641e+0,,3.641e+0,2.104e-9
363.37,5.578e+0,,5.578e+0,9.274e-10
363.42,8.229e+0,,8.229e+0,3.935e-10
363.47,1.169e+1,,1.169e+1,1.607e-10
363.52,1.599e+1,,1.599e+1,6.321e-11
363.57,2.107e+1,,2.107e+1,2.393e-11
363.62,2.673e+1,,2.673e+1,8.718e-12
363.67,3.265e+1,,3.265e+1,3.058e-12
363.72,3.840e+1,,3.840e+1,1.032e-12
363.77,4.350e+1,,4.350e+1,3.356e-13
363.82,4.746e+1,,4.746e+1,1.050e-13
363.87,4.986e+1,,4.986e+1,3.174e-14
363.92,5.045e+1,,5.045e+1,9.654e-15
363.97,4.918e+1,,4.918e+1,4.369e-15
364.02,4.621e+1,,4.621e+1,7.167e-15
364.07,4.188e+1,,4.188e+1,2.251e-14
364.12,3.667e+1,,3.667e+1,7.421e-14
364.17,3.112e+1,,3.112e+1,2.372e-13
364.22,2.575e+1,,2.575e+1,7.310e-13
364.27,2.098e+1,,2.098e+1,2.170e-12
364.32,1.714e+1,,1.714e+1,6.204e-12
364.37,1.437e+1,,1.437e+1,1.709e-11
364.42,1.273e+1,,1.273e+1,4.534e-11
364.47,1.211e+1,,1.211e+1,1.159e-10
364.52,1.232e+1,,1.232e+1,2.853e-10
364.57,1.312e+1,,1.312e+1,6.767e-10
364.62,1.424e+1,,1.424e+1,1.546e-9
364.67,1.538e+1,,1.538e+1,3.403e-9
364.72,1.630e+1,,1.630e+1,7.215e-9
364.77,1.681e+1,,1.681e+1,1.473e-8
364.82,1.678e+1,,1.678e+1,2.899e-8
364.87,1.617e+1,,1.617e+1,5.494e-8
364.92,1.504e+1,,1.504e+1,1.003e-7
364.97,1.348e+1,,1.348e+1,1.764e-7
365.02,1.163e+1,,1.163e+1,2.988e-7
365.07,9.676e+0,,9.676e+0,4.877e-7
365.12,7.751e+0,,7.751e+0,7.666e-7
365.17,5.981e+0,,5.981e+0,1.161e-6
365.22,4.445e+0,,4.445e+0,1.694e-6
365.27,3.181e+0,,3.181e+0,2.380e-6
365.32,2.193e+0,,2.193e+0,3.222e-6
365.37,1.456e+0,,1.456e+0,4.201e-6
365.42,9.312e-1,,9.312e-1,5.278e-6
365.47,5.735e-1,,5.735e-1,6.386e-6
365.52,3.402e-1,,3.402e-1,7.444e-6
365.57,1.944e-1,,1.944e-1,8.359e-6
365.62,1.070e-1,,1.069e-1,9.042e-6
365.67,5.669e-2,,5.668e-2,9.421e-6
365.72,2.894e-2,,2.893e-2,9.456e-6
365.77,1.423e-2,,1.422e-2,9.144e-6
365.82,6.742e-3,,6.733e-3,8.517e-6
365.87,3.078e-3,,3.070e-3,7.642e-6
365.92,1.355e-3,,1.348e-3,6.606e-6
365.97,5.759e-4,,5.704e-4,5.502e-6
366.02,2.368e-4,,2.324e-4,4.416e-6
366.07,9.460e-5,,9.118e-5,3.420e-6
366.12,3.702e-5,,3.446e-5,2.560e-6
366.17,1.441e-5,,1.254e-5,1.865e-6
366.22,5.738e-6,,4.396e-6,1.342e-6
366.27,2.474e-6,,1.484e-6,9.894e-7
366.32,1.284e-6,,4.826e-7,8.010e-7
366.37,9.233e-7,,1.512e-7,7.722e-7
366.42,9.497e-7,,4.559e-8,9.041e-7
366.47,1.218e-6,,1.325e-8,1.205e-6
366.52,1.691e-6,,3.706e-9,1.687e-6
366.57,2.363e-6,,9.987e-10,2.362e-6
366.62,3.234e-6,,2.592e-10,3.234e-6
366.67,4.289e-6,,6.479e-11,4.289e-6
366.72,5.493e-6,,1.560e-11,5.493e-6
366.77,6.785e-6,,3.617e-12,6.785e-6
366.82,8.076e-6,,8.078e-13,8.076e-6
366.87,9.265e-6,,1.738e-13,9.265e-6
366.92,1.024e-5,,3.599e-14,1.024e-5
366.97,1.091e-5,,7.182e-15,1.091e-5
367.02,1.120e-5,,,1.120e-5
367.07,1.107e-5,,,1.107e-5
367.12,1.055e-5,,,1.055e-5
367.17,9.690e-6,,,9.690e-6
367.22,8.578e-6,,,8.578e-6
367.27,7.323e-6,,,7.323e-6
367.32,6.034e-6,,,6.034e-6
367.37,4.812e-6,,,4.812e-6
367.42,3.734e-6,,,3.734e-6
367.47,2.856e-6,,,2.856e-6
367.52,2.209e-6,,,2.209e-6
367.57,1.809e-6,,,1.809e-6
367.62,1.657e-6,,,1.657e-6
367.67,1.750e-6,,,1.750e-6
367.72,2.078e-6,,,2.078e-6
367.77,2.627e-6,,,2.627e-6
367.82,3.372e-6,,,3.372e-6
367.87,4.274e-6,,,4.274e-6
367.92,5.279e-6,,,5.279e-6
367.97,6.315e-6,,,6.315e-6
368.02,7.296e-6,,,7.296e-6
368.07,8.132e-6,,,8.132e-6
368.12,8.742e-6,,,8.742e-6
368.17,9.061e-6,,,9.061e-6
368.22,9.055e-6,,,9.055e-6
368.27,8.724e-6,,,8.724e-6
368.32,8.103e-6,,,8.103e-6
368.37,7.257e-6,,,7.257e-6
368.42,6.267e-6,,,6.267e-6
368.47,5.218e-6,,,5.218e-6
368.52,4.190e-6,,,4.190e-6
368.57,3.244e-6,,,3.244e-6
368.62,2.423e-6,,,2.423e-6
368.67,1.745e-6,,,1.745e-6
368.72,1.212e-6,,,1.212e-6
368.77,8.119e-7,,,8.119e-7
368.82,5.248e-7,,,5.248e-7
368.87,3.272e-7,,,3.272e-7
368.92,1.968e-7,,,1.968e-7
368.97,1.142e-7,,,1.142e-7
369.02,6.398e-8,,,6.398e-8
369.07,3.458e-8,,,3.458e-8
369.12,1.804e-8,,,1.804e-8
369.17,9.086e-9,,,9.086e-9
369.22,4.417e-9,,,4.417e-9
369.27,2.073e-9,,,2.073e-9
369.32,9.405e-10,,,9.405e-10
369.37,4.143e-10,,,4.143e-10
369.42,1.821e-10,,,1.821e-10
369.47,9.217e-11,,,9.217e-11
369.52,7.978e-11,,,7.978e-11
369.57,1.325e-10,,,1.325e-10
369.62,2.801e-10,,,2.801e-10
369.67,6.053e-10,,,6.053e-10
369.72,1.274e-9,,,1.274e-9
369.77,2.588e-9,,,2.588e-9
369.82,5.073e-9,,,5.073e-9
369.87,9.589e-9,,,9.589e-9
369.92,1.748e-8,,,1.748e-8
369.97,3.072e-8,,,3.072e-8
370.02,5.206e-8,,,5.206e-8
370.07,8.508e-8,,,8.508e-8
370.12,1.341e-7,,,1.341e-7
370.17,2.037e-7,,,2.037e-7
370.22,2.985e-7,,,2.985e-7
370.27,4.217e-7,,,4.217e-7
370.32,5.746e-7,,,5.746e-7
370.37,7.548e-7,,,7.548e-7
370.42,9.562e-7,,,9.562e-7
370.47,1.168e-6,,,1.168e-6
370.52,1.376e-6,,,1.376e-6
370.57,1.563e-6,,,1.563e-6
370.62,1.711e-6,,,1.711e-6
370.67,1.807e-6,,,1.807e-6
370.72,1.841e-6,,,1.841e-6
370.77,1.808e-6,,,1.808e-6
370.82,1.712e-6,,,1.712e-6
370.87,1.564e-6,,,1.564e-6
370.92,1.378e-6,,,1.378e-6
370.97,1.173e-6,,,1.173e-6
371.02,9.677e-7,,,9.677e-7
371.07,7.782e-7,,,7.782e-7
371.12,6.206e-7,,,6.206e-7
371.17,5.089e-7,,,5.089e-7
371.22,4.579e-7,,,4.579e-7
371.27,4.847e-7,,,4.847e-7
371.32,6.120e-7,,,6.120e-7
371.37,8.690e-7,,,8.690e-7
371.42,1.292e-6,,,1.292e-6
371.47,1.923e-6,,,1.923e-6
371.52,2.803e-6,,,2.803e-6
371.57,3.964e-6,,,3.964e-6
371.62,5.420e-6,,,5.420e-6
371.67,7.155e-6,,,7.155e-6
371.72,9.112e-6,,,9.112e-6
371.77,1.119e-5,,,1.119e-5
371.82,1.327e-5,,,1.327e-5
371.87,1.516e-5,,,1.516e-5
371.92,1.672e-5,,,1.672e-5
371.97,1.777e-5,,,1.777e-5
372.02,1.823e-5,,,1.823e-5
372.07,1.803e-5,,,1.803e-5
372.12,1.721e-5,,,1.721e-5
372.17,1.583e-5,,,1.583e-5
372.22,1.405e-5,,,1.405e-5
372.27,1.203e-5,,,1.203e-5
372.32,9.936e-6,,,9.936e-6
372.37,7.913e-6,,,7.913e-6
372.42,6.079e-6,,,6.079e-6
372.47,4.504e-6,,,4.504e-6
372.52,3.219e-6,,,3.219e-6
372.57,2.219e-6,,,2.219e-6
372.62,1.475e-6,,,1.475e-6
372.67,9.459e-7,,,9.459e-7
372.72,5.850e-7,,,5.850e-7
372.77,3.490e-7,,,3.490e-7
372.82,2.008e-7,,,2.008e-7
372.87,1.114e-7,,,1.114e-7
372.92,5.966e-8,,,5.966e-8
372.97,3.080e-8,,,3.080e-8
373.02,1.534e-8,,,1.534e-8
373.07,7.367e-9,,,7.367e-9
373.12,3.413e-9,,,3.413e-9
373.17,1.525e-9,,,1.525e-9
373.22,6.572e-10,,,6.572e-10
373.27,2.733e-10,,,2.733e-10
373.32,1.098e-10,,,1.098e-10
373.37,4.328e-11,,,4.328e-11
373.42,1.845e-11,,,1.845e-11
373.47,1.304e-11,,,1.304e-11
373.52,2.169e-11,,,2.169e-11
373.57,5.165e-11,,,5.165e-11
373.62,1.275e-10,,,1.275e-10
373.67,3.065e-10,,,3.065e-10
373.72,7.120e-10,,,7.120e-10
373.77,1.597e-9,,,1.597e-9
373.82,3.456e-9,,,3.456e-9
373.87,7.218e-9,,,7.218e-9
373.92,1.455e-8,,,1.455e-8
373.97,2.830e-8,,,2.830e-8
374.02,5.312e-8,,,5.312e-8
374.07,9.623e-8,,,9.623e-8
374.12,1.682e-7,,,1.682e-7
374.17,2.838e-7,,,2.838e-7
374.22,4.621e-7,,,4.621e-7
374.27,7.260e-7,,,7.260e-7
374.32,1.101e-6,,,1.101e-6
374.37,1.611e-6,,,1.611e-6
374.42,2.275e-6,,,2.275e-6
374.47,3.100e-6,,,3.100e-6
374.52,4.077e-6,,,4.077e-6
374.57,5.175e-6,,,5.175e-6
374.62,6.338e-6,,,6.338e-6
374.67,7.492e-6,,,7.492e-6
374.72,8.546e-6,,,8.546e-6
374.77,9.407e-6,,,9.407e-6
374.82,9.994e-6,,,9.994e-6
374.87,1.025e-5,,,1.025e-5
374.92,1.014e-5,,,1.014e-5
374.97,9.679e-6,,,9.679e-6
375.02,8.919e-6,,,8.919e-6
375.07,7.932e-6,,,7.932e-6
375.12,6.808e-6,,,6.808e-6
375.17,5.640e-6,,,5.640e-6
375.22,4.510e-6,,,4.510e-6
375.27,3.484e-6,,,3.484e-6
375.32,2.601e-6,,,2.601e-6
375.37,1.879e-6,,,1.879e-6
375.42,1.319e-6,,,1.319e-6
375.47,9.047e-7,,,9.047e-7
375.52,6.138e-7,,,6.138e-7
375.57,4.207e-7,,,4.207e-7
375.62,3.005e-7,,,3.005e-7
375.67,2.314e-7,,,2.314e-7
375.72,1.954e-7,,,1.954e-7
375.77,1.792e-7,,,1.792e-7
375.82,1.727e-7,,,1.727e-7
375.87,1.693e-7,,,1.693e-7
375.92,1.649e-7,,,1.649e-7
375.97,1.574e-7,,,1.574e-7
376.02,1.461e-7,,,1.461e-7
376.07,1.314e-7,,,1.314e-7
376.12,1.143e-7,,,1.143e-7
376.17,9.601e-8,,,9.601e-8
376.22,7.789e-8,,,7.789e-8
376.27,6.100e-8,,,6.100e-8
376.32,4.612e-8,,,4.612e-8
376.37,3.366e-8,,,3.366e-8
376.42,2.371e-8,,,2.371e-8
376.47,1.612e-8,,,1.612e-8
376.52,1.058e-8,,,1.058e-8
376.57,6.704e-9,,,6.704e-9
376.62,4.099e-9,,,4.099e-9
376.67,2.420e-9,,,2.420e-9
376.72,1.378e-9,,,1.378e-9
376.77,7.580e-10,,,7.580e-10
376.82,4.024e-10,,,4.024e-10
376.87,2.061e-10,,,2.061e-10
376.92,1.019e-10,,,1.019e-10
376.97,4.866e-11,,,4.866e-11
377.02,2.242e-11,,,2.242e-11
377.07,9.970e-12,,,9.970e-12
377.12,4.280e-12,,,4.280e-12
377.17,1.773e-12,,,1.773e-12
377.22,7.092e-13,,,7.092e-13
377.27,2.738e-13,,,2.738e-13
377.32,1.020e-13,,,1.020e-13
377.37,3.668e-14,,,3.668e-14
377.42,1.273e-14,,,1.273e-14
377.47,4.267e-15,,,4.267e-15
377.52,1.380e-15,,,1.380e-15
377.57,3.827e-14,,3.784e-14,4.308e-16
377.62,1.845e-13,,1.844e-13,1.298e-16
377.67,8.676e-13,,8.675e-13,3.776e-17
377.72,3.943e-12,,3.943e-12,1.060e-17
377.77,1.731e-11,,1.731e-11,2.873e-18
377.82,7.344e-11,,7.344e-11,7.513e-19
377.87,3.008e-10,,3.008e-10,1.897e-19
377.92,1.191e-9,,1.191e-9,4.622e-20
377.97,4.551e-9,,4.551e-9,1.087e-20
378.02,1.680e-8,,1.680e-8,2.469e-21
378.07,5.993e-8,,5.993e-8,5.410e-22
378.12,2.065e-7,,2.065e-7,1.144e-22
378.17,6.871e-7,,6.871e-7,2.336e-23
378.22,2.209e-6,,2.209e-6,
378.27,6.858e-6,,6.858e-6,
378.32,2.057e-5,,2.057e-5,
378.37,5.959e-5,,5.959e-5,
378.42,1.668e-4,,1.668e-4,
378.47,4.508e-4,,4.508e-4,
378.52,1.177e-3,,1.177e-3,
378.57,2.969e-3,,2.969e-3,
378.62,7.232e-3,,7.232e-3,
378.67,1.702e-2,,1.702e-2,
378.72,3.869e-2,,3.869e-2,
378.77,8.495e-2,,8.495e-2,
378.82,1.802e-1,,1.802e-1,
378.87,3.691e-1,,3.691e-1,
378.92,7.305e-1,,7.305e-1,
378.97,1.396e+0,,1.396e+0,
379.02,2.579e+0,,2.579e+0,
379.07,4.599e+0,,4.599e+0,
379.12,7.924e+0,,7.924e+0,
379.17,1.319e+1,,1.319e+1,
379.22,2.120e+1,,2.120e+1,
379.27,3.293e+1,,3.293e+1,
379.32,4.940e+1,,4.940e+1,
379.37,7.159e+1,,7.159e+1,
379.42,1.002e+2,,1.002e+2,
379.47,1.356e+2,,1.356e+2,
379.52,1.773e+2,,1.773e+2,
379.57,2.241e+2,,2.241e+2,
379.62,2.738e+2,,2.738e+2,
379.67,3.237e+2,,3.237e+2,
379.72,3.707e+2,,3.707e+2,
379.77,4.116e+2,,4.116e+2,
379.82,4.441e+2,,4.441e+2,
379.87,4.669e+2,,4.669e+2,
379.92,4.806e+2,,4.806e+2,
379.97,4.870e+2,,4.870e+2,
380.02,4.895e+2,,4.895e+2,
380.07,4.920e+2,,4.920e+2,
380.12,4.985e+2,,4.985e+2,4.144e-22
380.17,5.124e+2,,5.124e+2,1.977e-21
380.22,5.350e+2,,5.350e+2,9.112e-21
380.27,5.661e+2,,5.661e+2,4.059e-20
380.32,6.036e+2,,6.036e+2,1.747e-19
380.37,6.437e+2,,6.437e+2,7.270e-19
380.42,6.819e+2,,6.819e+2,2.923e-18
380.47,7.140e+2,,7.140e+2,1.136e-17
380.52,7.363e+2,,7.363e+2,4.264e-17
380.57,7.467e+2,,7.467e+2,1.547e-16
380.62,7.446e+2,,7.446e+2,5.425e-16
380.67,7.306e+2,,7.306e+2,1.839e-15
380.72,7.065e+2,,7.065e+2,6.021e-15
380.77,6.744e+2,,6.744e+2,1.905e-14
380.82,6.361e+2,,6.361e+2,5.828e-14
380.87,5.933e+2,,5.933e+2,1.722e-13
380.92,5.471e+2,,5.471e+2,4.920e-13
380.97,4.980e+2,,4.980e+2,1.358e-12
381.02,4.468e+2,,4.468e+2,3.623e-12
381.07,3.942e+2,,3.942e+2,9.339e-12
381.12,3.412e+2,,3.412e+2,2.327e-11
381.17,2.894e+2,,2.894e+2,5.601e-11
381.22,2.403e+2,,2.403e+2,1.303e-10
381.27,1.954e+2,,1.954e+2,2.930e-10
381.32,1.562e+2,,1.562e+2,6.367e-10
381.37,1.237e+2,,1.237e+2,1.337e-9
381.42,9.809e+1,,9.809e+1,2.713e-9
381.47,7.933e+1,,7.933e+1,5.320e-9
381.52,6.673e+1,,6.673e+1,1.008e-8
381.57,5.928e+1,,5.928e+1,1.847e-8
381.62,5.573e+1,,5.573e+1,3.268e-8
381.67,5.474e+1,,5.474e+1,5.590e-8
381.72,5.508e+1,,5.508e+1,9.240e-8
381.77,5.565e+1,,5.565e+1,1.476e-7
381.82,5.563e+1,,5.563e+1,2.278e-7
381.87,5.448e+1,,5.448e+1,3.399e-7
381.92,5.196e+1,,5.196e+1,4.900e-7
381.97,4.810e+1,,4.810e+1,6.827e-7
382.02,4.312e+1,,4.312e+1,9.191e-7
382.07,3.740e+1,,3.740e+1,1.196e-6
382.12,3.138e+1,,3.138e+1,1.504e-6
382.17,2.544e+1,,2.544e+1,1.827e-6
382.22,1.994e+1,,1.994e+1,2.146e-6
382.27,1.510e+1,,1.510e+1,2.435e-6
382.32,1.105e+1,,1.105e+1,2.671e-6
382.37,7.816e+0,,7.816e+0,2.830e-6
382.42,5.341e+0,,5.341e+0,2.899e-6
382.47,3.527e+0,,3.527e+0,2.869e-6
382.52,2.251e+0,,2.251e+0,2.745e-6
382.57,1.388e+0,,1.388e+0,2.537e-6
382.62,8.268e-1,,8.268e-1,2.266e-6
382.67,4.760e-1,,4.760e-1,1.957e-6
382.72,2.648e-1,,2.648e-1,1.632e-6
382.77,1.424e-1,,1.424e-1,1.316e-6
382.82,7.395e-2,,7.395e-2,1.025e-6
382.87,3.714e-2,,3.714e-2,7.721e-7
382.92,1.807e-2,,1.807e-2,5.618e-7
382.97,8.635e-3,,8.635e-3,3.950e-7
383.02,4.391e-3,,4.391e-3,2.685e-7
383.07,3.253e-3,,3.253e-3,1.763e-7
383.12,4.946e-3,,4.946e-3,1.119e-7
383.17,1.127e-2,,1.127e-2,6.862e-8
383.22,2.764e-2,,2.764e-2,4.067e-8
383.27,6.672e-2,,6.672e-2,2.330e-8
383.32,1.562e-1,,1.562e-1,1.290e-8
383.37,3.536e-1,,3.536e-1,6.899e-9
383.42,7.742e-1,,7.742e-1,3.566e-9
383.47,1.639e+0,,1.639e+0,1.782e-9
383.52,3.354e+0,,3.354e+0,8.603e-10
383.57,6.637e+0,,6.637e+0,4.018e-10
383.62,1.270e+1,,1.270e+1,1.822e-10
383.67,2.349e+1,,2.349e+1,8.224e-11
383.72,4.201e+1,,4.201e+1,4.178e-11
383.77,7.265e+1,,7.265e+1,3.449e-11
383.82,1.215e+2,,1.215e+2,5.488e-11
383.87,1.964e+2,,1.964e+2,1.153e-10
383.92,3.071e+2,,3.071e+2,2.508e-10
383.97,4.643e+2,,4.643e+2,5.344e-10
384.02,6.790e+2,,6.790e+2,1.103e-9
384.07,9.606e+2,,9.606e+2,2.201e-9
384.12,1.315e+3,,1.315e+3,4.249e-9
384.17,1.742e+3,,1.742e+3,7.928e-9
384.22,2.234e+3,,2.234e+3,1.430e-8
384.27,2.777e+3,,2.777e+3,2.495e-8
384.32,3.348e+3,,3.348e+3,4.208e-8
384.37,3.920e+3,,3.920e+3,6.861e-8
384.42,4.465e+3,,4.465e+3,1.082e-7
384.47,4.963e+3,,4.963e+3,1.649e-7
384.52,5.398e+3,,5.398e+3,2.430e-7
384.57,5.771e+3,,5.771e+3,3.462e-7
384.62,6.092e+3,,6.092e+3,4.769e-7
384.67,6.384e+3,,6.384e+3,6.352e-7
384.72,6.672e+3,,6.672e+3,8.180e-7
384.77,6.978e+3,,6.978e+3,1.018e-6
384.82,7.313e+3,,7.313e+3,1.226e-6
384.87,7.670e+3,,7.670e+3,1.427e-6
384.92,8.026e+3,,8.026e+3,1.606e-6
384.97,8.339e+3,,8.339e+3,1.747e-6
385.02,8.562e+3,,8.562e+3,1.838e-6
385.07,8.647e+3,,8.647e+3,1.869e-6
385.12,8.555e+3,,8.555e+3,1.838e-6
385.17,8.271e+3,,8.271e+3,1.747e-6
385.22,7.803e+3,,7.803e+3,1.606e-6
385.27,7.184e+3,,7.184e+3,1.427e-6
385.32,6.469e+3,,6.469e+3,1.226e-6
385.37,5.730e+3,,5.730e+3,1.018e-6
385.42,5.044e+3,,5.044e+3,8.180e-7
385.47,4.488e+3,,4.488e+3,6.352e-7
385.52,4.127e+3,,4.127e+3,4.769e-7
385.57,4.012e+3,,4.012e+3,3.462e-7
385.62,4.172e+3,,4.172e+3,2.430e-7
385.67,4.613e+3,,4.613e+3,1.649e-7
385.72,5.312e+3,,5.312e+3,1.082e-7
385.77,6.221e+3,,6.221e+3,6.861e-8
385.82,7.269e+3,,7.269e+3,4.208e-8
385.87,8.361e+3,,8.361e+3,2.495e-8
385.93,9.585e+3,,9.585e+3,1.275e-8
385.98,1.041e+4,,1.041e+4,7.017e-9
386.03,1.096e+4,,1.096e+4,3.735e-9
386.08,1.118e+4,,1.118e+4,1.922e-9
386.13,1.104e+4,,1.104e+4,9.565e-10
386.18,1.055e+4,,1.055e+4,4.601e-10
386.23,9.760e+3,,9.760e+3,2.140e-10
386.28,8.734e+3,,8.734e+3,9.625e-11
386.33,7.565e+3,,7.565e+3,4.185e-11
386.38,6.346e+3,,6.346e+3,1.759e-11
386.43,5.159e+3,,5.159e+3,7.150e-12
386.48,4.070e+3,,4.070e+3,2.810e-12
386.53,3.123e+3,,3.123e+3,1.068e-12
386.58,2.337e+3,,2.337e+3,3.921e-13
386.63,1.715e+3,,1.715e+3,1.393e-13
386.68,1.243e+3,,1.243e+3,4.782e-14
386.73,8.991e+2,,8.991e+2,1.588e-14
386.78,6.569e+2,,6.569e+2,5.096e-15
386.83,4.906e+2,,4.906e+2,1.582e-15
386.88,3.776e+2,,3.776e+2,4.746e-16
386.93,2.997e+2,,2.997e+2,1.377e-16
386.98,2.437e+2,,2.437e+2,3.861e-17
387.03,2.008e+2,,2.008e+2,1.047e-17
387.08,1.654e+2,,1.654e+2,2.746e-18
387.13,1.349e+2,,1.349e+2,6.960e-19
387.18,1.080e+2,,1.080e+2,1.706e-19
387.23,8.447e+1,,8.447e+1,4.042e-20
387.28,6.427e+1,,6.427e+1,9.261e-21
387.33,4.749e+1,,4.749e+1,2.051e-21
387.38,3.405e+1,,3.405e+1,4.394e-22
387.43,2.372e+1,,2.372e+1,
387.48,1.613e+1,,1.613e+1,
387.53,1.086e+1,,1.086e+1,
387.58,7.492e+0,,7.492e+0,
387.63,5.669e+0,,5.669e+0,
387.68,5.139e+0,,5.139e+0,
387.73,5.748e+0,,5.748e+0,
387.78,7.439e+0,,7.439e+0,
387.83,1.022e+1,,1.022e+1,
387.88,1.413e+1,,1.413e+1,
387.93,1.919e+1,,1.919e+1,
387.98,2.535e+1,,2.535e+1,
388.03,3.247e+1,,3.247e+1,
388.08,4.026e+1,,4.026e+1,
388.13,4.830e+1,,4.830e+1,
388.18,5.607e+1,,5.607e+1,
388.23,6.297e+1,,6.297e+1,
388.28,6.841e+1,,6.841e+1,
388.33,7.189e+1,,7.189e+1,
388.38,7.309e+1,,7.309e+1,
388.43,7.189e+1,,7.189e+1,
388.48,6.841e+1,,6.841e+1,
388.53,6.297e+1,,6.297e+1,
388.58,5.607e+1,,5.607e+1,
388.63,4.830e+1,,4.830e+1,
388.68,4.025e+1,,4.025e+1,
388.73,3.245e+1,,3.245e+1,
388.78,2.531e+1,,2.531e+1,
388.83,1.909e+1,,1.909e+1,
388.88,1.393e+1,,1.393e+1,
388.93,9.838e+0,,9.838e+0,
388.98,6.720e+0,,6.720e+0,
389.03,4.441e+0,,4.441e+0,
389.08,2.840e+0,,2.840e+0,
389.13,1.758e+0,,1.758e+0,
389.18,1.056e+0,,1.056e+0,
389.23,6.207e-1,,6.207e-1,
389.28,3.659e-1,,3.659e-1,
389.33,2.331e-1,,2.331e-1,
389.38,1.865e-1,,1.865e-1,
389.43,2.095e-1,,2.095e-1,
389.48,3.014e-1,,3.014e-1,
389.53,4.756e-1,,4.756e-1,
389.58,7.580e-1,,7.580e-1,
389.63,1.185e+0,,1.185e+0,
389.68,1.803e+0,,1.803e+0,
389.73,2.661e+0,,2.661e+0,
389.78,3.812e+0,,3.812e+0,
389.83,5.298e+0,,5.298e+0,
389.88,7.148e+0,,7.148e+0,
389.93,9.366e+0,,9.366e+0,
389.98,1.193e+1,,1.193e+1,
390.03,1.476e+1,,1.476e+1,
390.08,1.778e+1,,1.778e+1,
390.13,2.084e+1,,2.084e+1,
390.18,2.380e+1,,2.380e+1,
390.23,2.650e+1,,2.650e+1,
390.28,2.878e+1,,2.878e+1,
390.33,3.053e+1,,3.053e+1,
390.38,3.168e+1,,3.168e+1,
390.43,3.222e+1,,3.222e+1,
390.48,3.225e+1,,3.225e+1,
390.53,3.194e+1,,3.194e+1,
390.58,3.164e+1,,3.164e+1,
390.63,3.178e+1,,3.178e+1,
390.68,3.297e+1,,3.297e+1,
390.73,3.594e+1,,3.594e+1,
390.78,4.153e+1,,4.153e+1,
390.83,5.066e+1,,5.066e+1,
390.88,6.421e+1,,6.421e+1,
390.93,8.297e+1,,8.297e+1,
390.98,1.075e+2,,1.075e+2,
391.03,1.380e+2,,1.380e+2,
391.08,1.742e+2,,1.742e+2,
391.13,2.155e+2,,2.155e+2,
391.18,2.604e+2,,2.604e+2,
391.23,3.074e+2,,3.074e+2,
391.28,3.542e+2,,3.542e+2,
391.33,3.986e+2,,3.986e+2,
391.38,4.382e+2,,4.382e+2,
391.43,4.708e+2,,4.708e+2,
391.48,4.945e+2,,4.945e+2,
391.53,5.079e+2,,5.079e+2,
391.58,5.101e+2,,5.101e+2,
391.63,5.010e+2,,5.010e+2,
391.68,4.809e+2,,4.809e+2,
391.73,4.511e+2,,4.511e+2,
391.78,4.133e+2,,4.133e+2,
391.83,3.696e+2,,3.696e+2,
391.88,3.226e+2,,3.226e+2,
391.93,2.748e+2,,2.748e+2,
391.98,2.287e+2,,2.287e+2,
392.03,1.865e+2,,1.865e+2,
392.08,1.499e+2,,1.499e+2,
392.13,1.202e+2,,1.202e+2,
392.18,9.798e+1,,9.798e+1,
392.23,8.365e+1,,8.365e+1,
392.28,7.702e+1,,7.702e+1,
392.33,7.760e+1,,7.760e+1,
392.38,8.457e+1,,8.457e+1,
392.43,9.681e+1,,9.681e+1,
392.48,1.129e+2,,1.129e+2,
392.53,1.313e+2,,1.313e+2,
392.58,1.500e+2,,1.500e+2,
392.63,1.673e+2,,1.673e+2,
392.68,1.815e+2,,1.815e+2,
392.73,1.909e+2,,1.909e+2,
392.78,1.947e+2,,1.947e+2,
392.83,1.924e+2,,1.924e+2,
392.88,1.841e+2,,1.841e+2,
392.93,1.706e+2,,1.706e+2,
392.98,1.531e+2,,1.531e+2,
393.03,1.331e+2,,1.331e+2,
393.08,1.120e+2,,1.120e+2,
393.13,9.129e+1,,9.129e+1,
393.18,7.205e+1,,7.205e+1,
393.23,5.507e+1,,5.507e+1,
393.28,4.076e+1,,4.076e+1,
393.33,2.922e+1,,2.922e+1,
393.38,2.028e+1,,2.028e+1,
393.43,1.364e+1,,1.364e+1,
393.48,8.879e+0,,8.879e+0,
393.53,5.599e+0,,5.599e+0,
393.58,3.419e+0,,3.419e+0,
393.63,2.022e+0,,2.022e+0,
393.68,1.158e+0,,1.158e+0,
393.73,6.427e-1,,6.427e-1,
393.78,3.454e-1,,3.454e-1,
393.83,1.798e-1,,1.798e-1,
393.88,9.064e-2,,9.064e-2,
393.93,4.431e-2,,4.431e-2,
393.98,2.109e-2,,2.109e-2,
394.03,9.992e-3,,9.992e-3,
394.08,5.227e-3,,5.227e-3,
394.13,4.088e-3,,4.088e-3,
394.18,5.838e-3,,5.838e-3,
394.23,1.135e-2,,1.135e-2,
394.28,2.338e-2,,2.338e-2,
394.33,4.751e-2,,4.751e-2,
394.38,9.381e-2,,9.381e-2,
394.43,1.795e-1,,1.795e-1,
394.48,3.328e-1,,3.328e-1,
394.53,5.975e-1,,5.975e-1,
394.58,1.039e+0,,1.039e+0,
394.63,1.750e+0,,1.750e+0,
394.68,2.854e+0,,2.854e+0,
394.73,4.508e+0,,4.508e+0,
394.78,6.898e+0,,6.898e+0,
394.83,1.022e+1,,1.022e+1,
394.88,1.467e+1,,1.467e+1,
394.93,2.040e+1,,2.040e+1,
394.98,2.746e+1,,2.746e+1,
395.03,3.581e+1,,3.581e+1,
395.08,4.522e+1,,4.522e+1,
395.13,5.532e+1,,5.532e+1,
395.18,6.553e+1,,6.553e+1,
395.23,7.519e+1,,7.519e+1,
395.28,8.356e+1,,8.356e+1,
395.33,8.994e+1,,8.994e+1,
395.38,9.376e+1,,9.376e+1,
395.43,9.466e+1,,9.466e+1,
395.48,9.257e+1,,9.257e+1,
395.53,8.767e+1,,8.767e+1,
395.58,8.042e+1,,8.042e+1,
395.63,7.144e+1,,7.144e+1,
395.68,6.147e+1,,6.147e+1,
395.73,5.123e+1,,5.123e+1,
395.78,4.135e+1,,4.135e+1,
395.83,3.233e+1,,3.233e+1,
395.88,2.447e+1,,2.447e+1,
395.93,1.795e+1,,1.795e+1,
395.98,1.275e+1,,1.275e+1,
396.03,8.768e+0,,8.768e+0,
396.08,5.842e+0,,5.842e+0,
396.13,3.769e+0,,3.769e+0,
396.18,2.356e+0,,2.356e+0,
396.23,1.426e+0,,1.426e+0,
396.28,8.358e-1,,8.358e-1,
396.33,4.746e-1,,4.746e-1,
396.38,2.610e-1,,2.610e-1,
396.43,1.390e-1,,1.390e-1,
396.48,7.170e-2,,7.170e-2,
396.53,3.582e-2,,3.582e-2,
396.58,1.733e-2,,1.733e-2,
396.63,8.123e-3,,8.123e-3,
396.68,3.687e-3,,3.687e-3,
396.73,1.621e-3,,1.621e-3,2.280e-22
396.78,6.902e-4,,6.902e-4,1.019e-21
396.83,2.846e-4,,2.846e-4,4.412e-21
396.88,1.137e-4,,1.137e-4,1.852e-20
396.93,4.397e-5,,4.397e-5,7.531e-20
396.98,1.648e-5,,1.648e-5,2.968e-19
397.03,5.981e-6,,5.981e-6,1.134e-18
397.08,2.110e-6,,2.110e-6,4.197e-18
397.13,7.435e-7,,7.435e-7,1.506e-17
397.18,3.272e-7,,3.272e-7,5.234e-17
397.23,3.611e-7,,3.611e-7,1.763e-16
397.28,8.893e-7,,8.893e-7,5.757e-16
397.33,2.550e-6,,2.550e-6,1.821e-15
397.38,7.239e-6,,7.239e-6,5.585e-15
397.43,1.996e-5,,1.996e-5,1.660e-14
397.48,5.333e-5,,5.333e-5,4.779e-14
397.53,1.381e-4,,1.381e-4,1.334e-13
397.58,3.466e-4,,3.466e-4,3.607e-13
397.63,8.430e-4,,8.430e-4,9.454e-13
397.68,1.987e-3,,1.987e-3,2.401e-12
397.73,4.538e-3,,4.538e-3,5.911e-12
397.78,1.004e-2,,1.004e-2,1.410e-11
397.83,2.154e-2,,2.154e-2,3.259e-11
397.88,4.478e-2,,4.478e-2,7.302e-11
397.93,9.021e-2,,9.021e-2,1.585e-10
397.98,1.761e-1,,1.761e-1,3.335e-10
398.03,3.332e-1,,3.332e-1,6.801e-10
398.08,6.108e-1,,6.108e-1,1.344e-9
398.13,1.085e+0,,1.085e+0,2.573e-9
398.18,1.868e+0,,1.868e+0,4.775e-9
398.23,3.118e+0,,3.118e+0,8.588e-9
398.28,5.041e+0,,5.041e+0,1.497e-8
398.33,7.900e+0,,7.900e+0,2.528e-8
398.38,1.200e+1,,1.200e+1,4.138e-8
398.43,1.766e+1,,1.766e+1,6.564e-8
398.48,2.519e+1,,2.519e+1,1.009e-7
398.53,3.482e+1,,3.482e+1,1.503e-7
398.58,4.666e+1,,4.666e+1,2.170e-7
398.63,6.060e+1,,6.060e+1,3.036e-7
398.68,7.630e+1,,7.630e+1,4.117e-7
398.73,9.313e+1,,9.313e+1,5.409e-7
398.78,1.102e+2,,1.102e+2,6.888e-7
398.83,1.265e+2,,1.265e+2,8.500e-7
398.88,1.409e+2,,1.409e+2,1.016e-6
398.93,1.522e+2,,1.522e+2,1.178e-6
398.98,1.597e+2,,1.597e+2,1.323e-6
399.03,1.628e+2,,1.628e+2,1.440e-6
399.08,1.615e+2,,1.615e+2,1.519e-6
399.13,1.559e+2,,1.559e+2,1.553e-6
399.18,1.468e+2,,1.468e+2,1.538e-6
399.23,1.351e+2,,1.351e+2,1.477e-6
399.28,1.217e+2,,1.217e+2,1.374e-6
399.33,1.078e+2,,1.078e+2,1.239e-6
399.38,9.399e+1,,9.399e+1,1.082e-6
399.43,8.103e+1,,8.103e+1,9.165e-7
399.48,6.923e+1,,6.923e+1,7.521e-7
399.53,5.875e+1,,5.875e+1,5.981e-7
399.58,4.956e+1,,4.956e+1,4.609e-7
399.63,4.156e+1,,4.156e+1,3.442e-7
399.68,3.458e+1,,3.458e+1,2.491e-7
399.73,2.849e+1,,2.849e+1,1.748e-7
399.78,2.316e+1,,2.316e+1,1.188e-7
399.83,1.853e+1,,1.853e+1,7.825e-8
399.88,1.455e+1,,1.455e+1,4.995e-8
399.93,1.117e+1,,1.117e+1,3.091e-8
399.98,8.380e+0,,8.380e+0,1.853e-8
400.03,6.125e+0,,6.125e+0,1.077e-8
400.08,4.357e+0,,4.357e+0,6.062e-9
400.13,3.013e+0,,3.013e+0,3.308e-9
400.18,2.024e+0,,2.024e+0,1.749e-9
400.23,1.320e+0,,1.320e+0,8.964e-10
400.28,8.355e-1,,8.355e-1,4.452e-10
400.33,5.129e-1,,5.129e-1,2.143e-10
400.38,3.054e-1,,3.054e-1,9.994e-11
400.43,1.763e-1,,1.763e-1,4.517e-11
400.48,9.870e-2,,9.870e-2,1.979e-11
400.53,5.365e-2,,5.365e-2,8.400e-12
400.58,2.846e-2,,2.846e-2,3.456e-12
400.63,1.509e-2,,1.509e-2,1.378e-12
400.68,8.791e-3,,8.791e-3,5.323e-13
400.73,7.187e-3,,7.187e-3,1.993e-13
400.78,9.769e-3,,9.769e-3,7.232e-14
400.83,1.787e-2,,1.787e-2,2.543e-14
400.88,3.517e-2,,3.517e-2,8.667e-15
400.93,6.877e-2,,6.877e-2,2.862e-15
400.98,1.311e-1,,1.311e-1,9.160e-16
401.03,2.426e-1,,2.426e-1,2.841e-16
401.08,4.353e-1,,4.353e-1,8.540e-17
401.13,7.574e-1,,7.574e-1,2.488e-17
401.18,1.278e+0,,1.278e+0,7.022e-18
401.23,2.090e+0,,2.090e+0,1.921e-18
401.28,3.314e+0,,3.314e+0,5.093e-19
401.33,5.096e+0,,5.096e+0,1.308e-19
401.38,7.596e+0,,7.596e+0,3.258e-20
401.43,1.098e+1,,1.098e+1,7.861e-21
401.48,1.539e+1,,1.539e+1,1.838e-21
401.53,2.092e+1,,2.092e+1,4.165e-22
401.58,2.757e+1,,2.757e+1,
401.63,3.524e+1,,3.524e+1,
401.68,4.370e+1,,4.370e+1,
401.73,5.257e+1,,5.257e+1,
401.78,6.136e+1,,6.136e+1,
401.83,6.953e+1,,6.953e+1,
401.88,7.653e+1,,7.653e+1,
401.93,8.186e+1,,8.186e+1,
401.98,8.519e+1,,8.519e+1,
402.03,8.637e+1,,8.637e+1,
402.08,8.543e+1,,8.543e+1,
402.13,8.266e+1,,8.266e+1,
402.18,7.843e+1,,7.843e+1,
402.23,7.323e+1,,7.323e+1,
402.28,6.755e+1,,6.755e+1,
402.33,6.180e+1,,6.180e+1,
402.38,5.627e+1,,5.627e+1,
402.43,5.113e+1,,5.113e+1,
402.48,4.640e+1,,4.640e+1,
402.53,4.205e+1,,4.205e+1,
402.58,3.797e+1,,3.797e+1,
402.63,3.405e+1,,3.405e+1,
402.68,3.022e+1,,3.022e+1,
402.73,2.648e+1,,2.648e+1,
402.78,2.286e+1,,2.286e+1,
402.83,1.946e+1,,1.946e+1,
402.88,1.640e+1,,1.640e+1,
402.93,1.383e+1,,1.383e+1,
402.98,1.188e+1,,1.188e+1,
403.03,1.066e+1,,1.066e+1,
403.08,1.024e+1,,1.024e+1,
403.13,1.068e+1,,1.068e+1,
403.18,1.197e+1,,1.197e+1,
403.23,1.405e+1,,1.405e+1,
403.28,1.681e+1,,1.681e+1,
403.33,2.009e+1,,2.009e+1,
403.38,2.366e+1,,2.366e+1,
403.43,2.725e+1,,2.725e+1,
403.48,3.057e+1,,3.057e+1,
403.53,3.333e+1,,3.333e+1,
403.58,3.529e+1,,3.529e+1,
403.63,3.626e+1,,3.626e+1,
403.68,3.613e+1,,3.613e+1,
403.73,3.493e+1,,3.493e+1,
403.78,3.275e+1,,3.275e+1,
403.83,2.977e+1,,2.977e+1,
403.88,2.625e+1,,2.625e+1,
403.93,2.245e+1,,2.245e+1,
403.98,1.862e+1,,1.862e+1,
404.03,1.497e+1,,1.497e+1,
404.08,1.168e+1,,1.168e+1,
404.13,8.832e+0,,8.832e+0,
404.18,6.478e+0,,6.478e+0,
404.23,4.608e+0,,4.608e+0,
404.28,3.179e+0,,3.179e+0,
404.33,2.126e+0,,2.126e+0,
404.38,1.379e+0,,1.379e+0,
404.43,8.679e-1,,8.679e-1,
404.48,5.295e-1,,5.295e-1,
404.53,3.133e-1,,3.133e-1,
404.58,1.798e-1,,1.798e-1,
404.63,1.000e-1,,1.000e-1,
404.68,5.399e-2,,5.399e-2,
404.73,2.826e-2,,2.826e-2,
404.78,1.434e-2,,1.434e-2,
404.83,7.058e-3,,7.058e-3,
404.88,3.369e-3,,3.369e-3,
404.93,1.560e-3,,1.560e-3,
404.98,7.001e-4,,7.001e-4,
405.03,3.048e-4,,3.048e-4,
405.08,1.287e-4,,1.287e-4,
405.13,5.268e-5,,5.268e-5,
405.18,2.092e-5,,2.092e-5,
405.23,8.053e-6,,8.053e-6,
405.28,3.007e-6,,3.007e-6,
405.33,1.089e-6,,1.089e-6,
405.38,3.824e-7,,3.824e-7,
405.43,1.302e-7,,1.302e-7,
405.48,4.301e-8,,4.301e-8,
405.53,1.378e-8,,1.378e-8,
405.58,4.279e-9,,4.279e-9,
405.63,1.289e-9,,1.289e-9,
405.68,3.766e-10,,3.766e-10,
405.73,1.067e-10,,1.067e-10,
405.78,2.931e-11,,2.931e-11,
405.83,7.808e-12,,7.808e-12,
405.88,2.018e-12,,2.018e-12,
405.93,5.055e-13,,5.055e-13,
405.98,1.228e-13,,1.228e-13,
406.03,2.895e-14,,2.895e-14,
406.08,6.615e-15,,6.615e-15,
409.93,6.909e-15,,6.909e-15,
409.98,2.892e-14,,2.892e-14,
410.03,1.176e-13,,1.176e-13,
410.08,4.640e-13,,4.640e-13,
410.13,1.779e-12,,1.779e-12,
410.18,6.619e-12,,6.619e-12,
410.23,2.392e-11,,2.392e-11,
410.28,8.394e-11,,8.394e-11,
410.33,2.860e-10,,2.860e-10,
410.38,9.464e-10,,9.464e-10,
410.43,3.041e-9,,3.041e-9,
410.48,9.486e-9,,9.486e-9,
410.53,2.874e-8,,2.874e-8,
410.58,8.454e-8,,8.454e-8,
410.63,2.415e-7,,2.415e-7,
410.68,6.698e-7,,6.698e-7,
410.73,1.804e-6,,1.804e-6,
410.78,4.718e-6,,4.718e-6,
410.83,1.198e-5,,1.198e-5,
410.88,2.954e-5,,2.954e-5,
410.93,7.075e-5,,7.075e-5,
410.98,1.645e-4,,1.645e-4,
411.03,3.714e-4,,3.714e-4,
411.08,8.142e-4,,8.142e-4,
411.13,1.733e-3,,1.733e-3,
411.18,3.583e-3,,3.583e-3,
411.23,7.193e-3,,7.193e-3,
411.28,1.402e-2,,1.402e-2,
411.33,2.654e-2,,2.654e-2,
411.38,4.877e-2,,4.877e-2,
411.43,8.705e-2,,8.705e-2,
411.48,1.509e-1,,1.509e-1,
411.53,2.539e-1,,2.539e-1,
411.58,4.151e-1,,4.151e-1,
411.63,6.590e-1,,6.590e-1,
411.68,1.016e+0,,1.016e+0,
411.73,1.523e+0,,1.523e+0,
411.78,2.218e+0,,2.218e+0,
411.83,3.142e+0,,3.142e+0,
411.88,4.332e+0,,4.332e+0,
411.93,5.822e+0,,5.822e+0,
411.98,7.644e+0,,7.644e+0,
412.03,9.839e+0,,9.839e+0,
412.08,1.248e+1,,1.248e+1,
412.13,1.570e+1,,1.570e+1,
412.18,1.978e+1,,1.978e+1,
412.23,2.523e+1,,2.523e+1,
412.28,3.291e+1,,3.291e+1,
412.33,4.416e+1,,4.416e+1,
412.38,6.098e+1,,6.098e+1,
412.43,8.620e+1,,8.620e+1,
412.48,1.235e+2,,1.235e+2,
412.53,1.774e+2,,1.774e+2,
412.58,2.533e+2,,2.533e+2,
412.63,3.567e+2,,3.567e+2,
412.68,4.928e+2,,4.928e+2,
412.73,6.659e+2,,6.659e+2,
412.78,8.779e+2,,8.779e+2,
412.83,1.127e+3,,1.127e+3,
412.88,1.409e+3,,1.409e+3,
412.93,1.714e+3,,1.714e+3,
412.98,2.026e+3,,2.026e+3,
413.03,2.328e+3,,2.328e+3,
413.08,2.600e+3,,2.600e+3,
413.13,2.822e+3,,2.822e+3,
413.18,2.977e+3,,2.977e+3,
413.23,3.051e+3,,3.051e+3,
413.28,3.038e+3,,3.038e+3,
413.33,2.939e+3,,2.939e+3,
413.38,2.762e+3,,2.762e+3,
413.43,2.523e+3,,2.523e+3,
413.48,2.238e+3,,2.238e+3,
413.53,1.929e+3,,1.929e+3,
413.58,1.616e+3,,1.616e+3,
413.63,1.314e+3,,1.314e+3,
413.68,1.039e+3,,1.039e+3,
413.73,7.983e+2,,7.983e+2,
413.78,5.962e+2,,5.962e+2,
413.83,4.332e+2,,4.332e+2,
413.88,3.068e+2,,3.068e+2,
413.93,2.127e+2,,2.127e+2,
413.98,1.458e+2,,1.458e+2,
414.03,1.007e+2,,1.007e+2,
414.08,7.267e+1,,7.267e+1,
414.13,5.772e+1,,5.772e+1,
414.18,5.260e+1,,5.260e+1,
414.23,5.482e+1,,5.482e+1,
414.28,6.244e+1,,6.244e+1,
414.33,7.391e+1,,7.391e+1,
414.38,8.789e+1,,8.789e+1,
414.43,1.031e+2,,1.031e+2,
414.48,1.183e+2,,1.183e+2,
414.53,1.323e+2,,1.323e+2,
414.58,1.439e+2,,1.439e+2,
414.63,1.522e+2,,1.522e+2,
414.68,1.565e+2,,1.565e+2,
414.73,1.566e+2,,1.566e+2,
414.78,1.523e+2,,1.523e+2,
414.83,1.443e+2,,1.443e+2,
414.88,1.332e+2,,1.332e+2,
414.93,1.200e+2,,1.200e+2,
414.98,1.058e+2,,1.058e+2,
415.03,9.154e+1,,9.154e+1,
415.08,7.804e+1,,7.804e+1,
415.13,6.590e+1,,6.590e+1,
415.18,5.547e+1,,5.547e+1,
415.23,4.683e+1,,4.683e+1,
415.28,3.987e+1,,3.987e+1,
415.33,3.433e+1,,3.433e+1,
415.38,2.992e+1,,2.992e+1,
415.43,2.630e+1,,2.630e+1,
415.48,2.319e+1,,2.319e+1,
415.53,2.040e+1,,2.040e+1,
415.58,1.778e+1,,1.778e+1,
415.63,1.527e+1,,1.527e+1,
415.68,1.288e+1,,1.288e+1,
415.73,1.063e+1,,1.063e+1,
415.78,8.563e+0,,8.563e+0,
415.83,6.725e+0,,6.725e+0,
415.88,5.142e+0,,5.142e+0,
415.93,3.826e+0,,3.826e+0,
415.98,2.768e+0,,2.768e+0,
416.03,1.947e+0,,1.947e+0,
416.08,1.331e+0,,1.331e+0,
416.13,8.838e-1,,8.838e-1,
416.18,5.703e-1,,5.703e-1,
416.23,3.576e-1,,3.576e-1,
416.28,2.178e-1,,2.178e-1,
416.33,1.289e-1,,1.289e-1,
416.38,7.412e-2,,7.412e-2,
416.43,4.140e-2,,4.140e-2,
416.48,2.246e-2,,2.246e-2,
416.53,1.184e-2,,1.184e-2,
416.58,6.062e-3,,6.062e-3,
416.63,3.015e-3,,3.015e-3,
416.68,1.457e-3,,1.457e-3,
416.73,6.849e-4,,6.849e-4,
416.78,3.145e-4,,3.145e-4,
416.84,1.257e-4,,1.257e-4,
416.89,7.290e-5,,7.290e-5,
416.94,7.925e-5,,7.925e-5,
416.99,1.537e-4,,1.537e-4,
417.04,3.544e-4,,3.544e-4,
417.09,8.259e-4,,8.259e-4,
417.14,1.883e-3,,1.883e-3,
417.19,4.177e-3,,4.177e-3,
417.24,9.007e-3,,9.007e-3,
417.29,1.888e-2,,1.888e-2,
417.34,3.847e-2,,3.847e-2,
417.39,7.619e-2,,7.619e-2,
417.44,1.467e-1,,1.467e-1,
417.49,2.746e-1,,2.746e-1,
417.54,4.997e-1,,4.997e-1,
417.59,8.842e-1,,8.842e-1,
417.64,1.521e+0,,1.521e+0,
417.69,2.546e+0,,2.546e+0,
417.74,4.143e+0,,4.143e+0,
417.79,6.558e+0,,6.558e+0,
417.84,1.010e+1,,1.010e+1,
417.89,1.514e+1,,1.514e+1,
417.94,2.209e+1,,2.209e+1,
417.99,3.138e+1,,3.138e+1,
418.04,4.341e+1,,4.341e+1,
418.09,5.853e+1,,5.853e+1,
418.14,7.694e+1,,7.694e+1,
418.19,9.864e+1,,9.864e+1,
418.24,1.235e+2,,1.235e+2,
418.29,1.509e+2,,1.509e+2,
418.34,1.804e+2,,1.804e+2,
418.39,2.109e+2,,2.109e+2,
418.44,2.417e+2,,2.417e+2,
418.49,2.716e+2,,2.716e+2,
418.54,2.996e+2,,2.996e+2,
418.59,3.251e+2,,3.251e+2,
418.64,3.473e+2,,3.473e+2,
418.69,3.659e+2,,3.659e+2,
418.74,3.806e+2,,3.806e+2,
418.79,3.917e+2,,3.917e+2,
418.84,3.993e+2,,3.993e+2,
418.89,4.038e+2,,4.038e+2,
418.94,4.058e+2,,4.058e+2,
418.99,4.057e+2,,4.057e+2,
419.04,4.041e+2,,4.041e+2,
419.09,4.013e+2,,4.013e+2,
419.14,3.977e+2,,3.977e+2,
419.19,3.932e+2,,3.932e+2,
419.24,3.877e+2,,3.877e+2,
419.29,3.808e+2,,3.808e+2,
419.34,3.719e+2,,3.719e+2,
419.39,3.607e+2,,3.607e+2,
419.44,3.464e+2,,3.464e+2,
419.49,3.289e+2,,3.289e+2,
419.54,3.083e+2,,3.083e+2,
419.59,2.848e+2,,2.848e+2,
419.64,2.594e+2,,2.594e+2,
419.69,2.334e+2,,2.334e+2,
419.74,2.081e+2,,2.081e+2,
419.79,1.853e+2,,1.853e+2,
419.84,1.667e+2,,1.667e+2,
419.89,1.539e+2,,1.539e+2,
419.94,1.484e+2,,1.484e+2,
419.99,1.512e+2,,1.512e+2,
420.04,1.633e+2,,1.633e+2,
420.09,1.850e+2,,1.850e+2,
420.14,2.163e+2,,2.163e+2,
420.19,2.570e+2,,2.570e+2,
420.24,3.062e+2,,3.062e+2,
420.29,3.628e+2,,3.628e+2,
420.34,4.252e+2,,4.252e+2,
420.39,4.913e+2,,4.913e+2,
420.44,5.586e+2,,5.586e+2,
420.49,6.241e+2,,6.241e+2,
420.54,6.845e+2,,6.845e+2,
420.59,7.363e+2,,7.363e+2,
420.64,7.762e+2,,7.762e+2,
420.69,8.013e+2,,8.013e+2,
420.74,8.094e+2,,8.094e+2,
420.79,7.994e+2,,7.994e+2,
420.84,7.713e+2,,7.713e+2,
420.89,7.267e+2,,7.267e+2,
420.94,6.680e+2,,6.680e+2,
420.99,5.989e+2,,5.989e+2,
421.04,5.234e+2,,5.234e+2,
421.09,4.457e+2,,4.457e+2,
421.14,3.697e+2,,3.697e+2,
421.19,2.985e+2,,2.985e+2,
421.24,2.347e+2,,2.347e+2,
421.29,1.796e+2,,1.796e+2,
421.34,1.338e+2,,1.338e+2,
421.39,9.706e+1,,9.706e+1,
421.44,6.861e+1,,6.861e+1,
421.49,4.736e+1,,4.736e+1,
421.54,3.210e+1,,3.210e+1,
421.59,2.159e+1,,2.159e+1,
421.64,1.476e+1,,1.476e+1,
421.69,1.069e+1,,1.069e+1,
421.74,8.663e+0,,8.663e+0,
421.79,8.163e+0,,8.163e+0,
421.84,8.822e+0,,8.822e+0,
421.89,1.039e+1,,1.039e+1,
421.94,1.271e+1,,1.271e+1,
421.99,1.566e+1,,1.566e+1,
422.04,1.913e+1,,1.913e+1,
422.09,2.303e+1,,2.303e+1,
422.14,2.723e+1,,2.723e+1,
422.19,3.158e+1,,3.158e+1,
422.24,3.593e+1,,3.593e+1,
422.29,4.012e+1,,4.012e+1,
422.34,4.405e+1,,4.405e+1,
422.39,4.768e+1,,4.768e+1,
422.44,5.113e+1,,5.113e+1,
422.49,5.469e+1,,5.469e+1,
422.54,5.889e+1,,5.889e+1,
422.59,6.457e+1,,6.457e+1,
422.64,7.282e+1,,7.282e+1,
422.69,8.503e+1,,8.503e+1,
422.74,1.028e+2,,1.028e+2,
422.79,1.278e+2,,1.278e+2,
422.84,1.616e+2,,1.616e+2,
422.89,2.056e+2,,2.056e+2,
422.94,2.604e+2,,2.604e+2,
422.99,3.258e+2,,3.258e+2,
423.04,4.009e+2,,4.009e+2,
423.09,4.833e+2,,4.833e+2,
423.14,5.699e+2,,5.699e+2,
423.19,6.567e+2,,6.567e+2,
423.24,7.391e+2,,7.391e+2,
423.29,8.131e+2,,8.131e+2,
423.34,8.752e+2,,8.752e+2,
423.39,9.233e+2,,9.233e+2,
423.44,9.572e+2,,9.572e+2,
423.49,9.785e+2,,9.785e+2,
423.54,9.904e+2,,9.904e+2,
423.59,9.976e+2,,9.976e+2,
423.64,1.005e+3,,1.005e+3,
423.69,1.017e+3,,1.017e+3,
423.74,1.038e+3,,1.038e+3,
423.79,1.067e+3,,1.067e+3,
423.84,1.106e+3,,1.106e+3,
423.89,1.149e+3,,1.149e+3,
423.94,1.191e+3,,1.191e+3,
423.99,1.226e+3,,1.226e+3,
424.04,1.248e+3,,1.248e+3,
424.09,1.249e+3,,1.249e+3,
424.14,1.227e+3,,1.227e+3,
424.19,1.180e+3,,1.180e+3,
424.24,1.109e+3,,1.109e+3,
424.29,1.018e+3,,1.018e+3,
424.34,9.121e+2,,9.121e+2,
424.39,7.987e+2,,7.987e+2,
424.44,6.854e+2,,6.854e+2,
424.49,5.796e+2,,5.796e+2,
424.54,4.881e+2,,4.881e+2,
424.59,4.166e+2,,4.166e+2,
424.64,3.697e+2,,3.697e+2,
424.69,3.506e+2,,3.506e+2,
424.74,3.614e+2,,3.614e+2,
424.79,4.032e+2,,4.032e+2,
424.84,4.754e+2,,4.754e+2,
424.89,5.763e+2,,5.763e+2,
424.94,7.020e+2,,7.020e+2,
424.99,8.470e+2,,8.470e+2,
425.04,1.004e+3,,1.004e+3,
425.09,1.163e+3,,1.163e+3,
425.14,1.314e+3,,1.314e+3,
425.19,1.446e+3,,1.446e+3,
425.24,1.550e+3,,1.550e+3,
425.29,1.617e+3,,1.617e+3,
425.34,1.642e+3,,1.642e+3,
425.39,1.623e+3,,1.623e+3,
425.44,1.562e+3,,1.562e+3,
425.49,1.465e+3,,1.465e+3,
425.54,1.338e+3,,1.338e+3,
425.59,1.193e+3,,1.193e+3,
425.64,1.039e+3,,1.039e+3,
425.69,8.849e+2,,8.849e+2,
425.74,7.400e+2,,7.400e+2,
425.79,6.096e+2,,6.096e+2,
425.84,4.973e+2,,4.973e+2,
425.89,4.043e+2,,4.043e+2,
425.94,3.301e+2,,3.301e+2,
425.99,2.726e+2,,2.726e+2,
426.04,2.291e+2,,2.291e+2,
426.09,1.965e+2,,1.965e+2,
426.14,1.718e+2,,1.718e+2,
426.19,1.527e+2,,1.527e+2,
426.24,1.371e+2,,1.371e+2,
426.29,1.240e+2,,1.240e+2,
426.34,1.126e+2,,1.126e+2,
426.39,1.029e+2,,1.029e+2,
426.44,9.514e+1,,9.514e+1,
426.49,8.960e+1,,8.960e+1,
426.54,8.675e+1,,8.675e+1,
426.59,8.690e+1,,8.690e+1,
426.64,9.018e+1,,9.018e+1,
426.69,9.648e+1,,9.648e+1,
426.74,1.054e+2,,1.054e+2,
426.79,1.164e+2,,1.164e+2,
426.84,1.288e+2,,1.288e+2,
426.89,1.416e+2,,1.416e+2,
426.94,1.542e+2,,1.542e+2,
426.99,1.660e+2,,1.660e+2,
427.04,1.765e+2,,1.765e+2,
427.09,1.858e+2,,1.858e+2,
427.14,1.938e+2,,1.938e+2,
427.19,2.009e+2,,2.009e+2,
427.24,2.075e+2,,2.075e+2,
427.29,2.139e+2,,2.139e+2,
427.34,2.203e+2,,2.203e+2,
427.39,2.265e+2,,2.265e+2,
427.44,2.320e+2,,2.320e+2,
427.49,2.363e+2,,2.363e+2,
427.54,2.385e+2,,2.385e+2,
427.59,2.378e+2,,2.378e+2,
427.64,2.335e+2,,2.335e+2,
427.69,2.252e+2,,2.252e+2,
427.74,2.128e+2,,2.128e+2,
427.79,1.968e+2,,1.968e+2,
427.84,1.779e+2,,1.779e+2,
427.89,1.569e+2,,1.569e+2,
427.94,1.350e+2,,1.350e+2,
427.99,1.133e+2,,1.133e+2,
428.04,9.278e+1,,9.278e+1,
428.09,7.428e+1,,7.428e+1,
428.14,5.840e+1,,5.840e+1,
428.19,4.555e+1,,4.555e+1,
428.24,3.600e+1,,3.600e+1,
428.29,2.992e+1,,2.992e+1,
428.34,2.750e+1,,2.750e+1,
428.39,2.899e+1,,2.899e+1,
428.44,3.474e+1,,3.474e+1,
428.49,4.521e+1,,4.521e+1,
428.54,6.095e+1,,6.095e+1,
428.59,8.248e+1,,8.248e+1,
428.64,1.102e+2,,1.102e+2,
428.69,1.442e+2,,1.442e+2,
428.74,1.843e+2,,1.843e+2,
428.79,2.293e+2,,2.293e+2,
428.84,2.780e+2,,2.780e+2,
428.89,3.280e+2,,3.280e+2,
428.94,3.767e+2,,3.767e+2,
428.99,4.210e+2,,4.210e+2,
429.04,4.579e+2,,4.579e+2,
429.09,4.848e+2,,4.848e+2,
429.14,4.996e+2,,4.996e+2,
429.19,5.010e+2,,5.010e+2,
429.24,4.890e+2,,4.890e+2,
429.29,4.647e+2,,4.647e+2,
429.34,4.299e+2,,4.299e+2,
429.39,3.875e+2,,3.875e+2,
429.44,3.406e+2,,3.406e+2,
429.49,2.924e+2,,2.924e+2,
429.54,2.461e+2,,2.461e+2,
429.59,2.045e+2,,2.045e+2,
429.64,1.697e+2,,1.697e+2,
429.69,1.435e+2,,1.435e+2,
429.74,1.272e+2,3.400e-11,1.272e+2,
429.79,1.217e+2,1.341e-10,1.217e+2,
429.84,1.279e+2,5.150e-10,1.279e+2,
429.89,1.461e+2,1.926e-9,1.461e+2,
429.94,1.769e+2,7.010e-9,1.769e+2,
429.99,2.206e+2,2.484e-8,2.206e+2,
430.04,2.774e+2,8.573e-8,2.774e+2,
430.09,3.472e+2,2.880e-7,3.472e+2,
430.14,4.296e+2,9.420e-7,4.296e+2,
430.19,5.236e+2,3.000e-6,5.236e+2,
430.24,6.274e+2,9.301e-6,6.274e+2,
430.29,7.387e+2,2.808e-5,7.387e+2,
430.34,8.540e+2,8.251e-5,8.540e+2,
430.39,9.693e+2,2.361e-4,9.693e+2,
430.44,1.079e+3,6.577e-4,1.079e+3,
430.49,1.179e+3,1.784e-3,1.179e+3,
430.54,1.263e+3,4.711e-3,1.263e+3,
430.59,1.325e+3,1.211e-2,1.325e+3,
430.64,1.362e+3,3.032e-2,1.362e+3,
430.69,1.370e+3,7.389e-2,1.370e+3,
430.74,1.348e+3,1.753e-1,1.348e+3,
430.79,1.297e+3,4.050e-1,1.296e+3,
430.84,1.219e+3,9.109e-1,1.218e+3,
430.89,1.120e+3,1.995e+0,1.118e+3,
430.94,1.006e+3,4.252e+0,1.002e+3,
430.99,8.844e+2,8.826e+0,8.755e+2,
431.04,7.644e+2,1.784e+1,7.466e+2,
431.09,6.559e+2,3.510e+1,6.208e+2,
431.14,5.705e+2,6.723e+1,5.032e+2,
431.19,5.230e+2,1.254e+2,3.976e+2,
431.24,5.338e+2,2.277e+2,3.061e+2,
431.29,6.321e+2,4.025e+2,2.296e+2,
431.34,8.606e+2,6.928e+2,1.678e+2,
431.39,1.280e+3,1.161e+3,1.194e+2,
431.44,1.977e+3,1.894e+3,8.277e+1,
431.49,3.065e+3,3.009e+3,5.587e+1,
431.54,4.690e+3,4.654e+3,3.672e+1,
431.59,7.031e+3,7.007e+3,2.351e+1,
431.64,1.029e+4,1.027e+4,1.465e+1,
431.69,1.467e+4,1.466e+4,8.888e+0,
431.74,2.038e+4,2.037e+4,5.251e+0,
431.79,2.757e+4,2.757e+4,3.020e+0,
431.84,3.631e+4,3.631e+4,1.691e+0,
431.89,4.657e+4,4.657e+4,9.216e-1,
431.94,5.814e+4,5.814e+4,4.891e-1,
431.99,7.068e+4,7.068e+4,2.529e-1,
432.04,8.365e+4,8.365e+4,1.277e-1,
432.09,9.640e+4,9.640e+4,6.365e-2,
432.14,1.081e+5,1.081e+5,3.293e-2,
432.19,1.181e+5,1.181e+5,2.091e-2,
432.24,1.256e+5,1.256e+5,2.134e-2,
432.29,1.301e+5,1.301e+5,3.384e-2,
432.34,1.311e+5,1.311e+5,6.345e-2,
432.39,1.287e+5,1.287e+5,1.219e-1,
432.44,1.230e+5,1.230e+5,2.306e-1,
432.49,1.144e+5,1.144e+5,4.260e-1,
432.54,1.036e+5,1.036e+5,7.666e-1,
432.59,9.138e+4,9.138e+4,1.344e+0,
432.64,7.845e+4,7.845e+4,2.293e+0,
432.69,6.558e+4,6.558e+4,3.811e+0,
432.74,5.338e+4,5.337e+4,6.167e+0,
432.79,4.230e+4,4.229e+4,9.720e+0,
432.84,3.264e+4,3.262e+4,1.492e+1,
432.89,2.453e+4,2.450e+4,2.229e+1,
432.94,1.795e+4,1.792e+4,3.245e+1,
432.99,1.280e+4,1.276e+4,4.601e+1,
433.04,8.907e+3,8.843e+3,6.354e+1,
433.09,6.054e+3,5.968e+3,8.549e+1,
433.14,4.033e+3,3.921e+3,1.121e+2,
433.19,2.652e+3,2.509e+3,1.433e+2,
433.24,1.741e+3,1.562e+3,1.786e+2,
433.29,1.165e+3,9.474e+2,2.173e+2,
433.34,8.176e+2,5.593e+2,2.583e+2,
433.39,6.220e+2,3.215e+2,3.005e+2,
433.44,5.228e+2,1.799e+2,3.428e+2,
433.49,4.827e+2,9.803e+1,3.847e+2,
433.54,4.782e+2,5.200e+1,4.262e+2,
433.59,4.954e+2,2.686e+1,4.685e+2,
433.64,5.272e+2,1.351e+1,5.137e+2,
433.69,5.718e+2,6.612e+0,5.651e+2,
433.74,6.299e+2,3.151e+0,6.268e+2,
433.79,7.044e+2,1.462e+0,7.030e+2,
433.84,7.982e+2,6.608e-1,7.975e+2,
433.89,9.134e+2,2.907e-1,9.131e+2,
433.94,1.050e+3,1.245e-1,1.050e+3,
433.99,1.207e+3,5.190e-2,1.207e+3,
434.04,1.378e+3,2.107e-2,1.378e+3,
434.09,1.554e+3,8.329e-3,1.554e+3,
434.14,1.726e+3,3.206e-3,1.726e+3,
434.19,1.882e+3,1.205e-3,1.882e+3,
434.24,2.009e+3,4.513e-4,2.009e+3,
434.29,2.096e+3,1.949e-4,2.096e+3,
434.34,2.135e+3,1.672e-4,2.135e+3,
434.39,2.121e+3,3.366e-4,2.121e+3,
434.44,2.055e+3,8.767e-4,2.055e+3,
434.49,1.941e+3,2.321e-3,1.941e+3,
434.54,1.786e+3,6.017e-3,1.786e+3,
434.59,1.601e+3,1.521e-2,1.600e+3,
434.64,1.397e+3,3.743e-2,1.397e+3,
434.69,1.189e+3,8.975e-2,1.188e+3,
434.74,9.846e+2,2.096e-1,9.844e+2,
434.79,7.946e+2,4.769e-1,7.941e+2,
434.84,6.249e+2,1.057e+0,6.239e+2,
434.89,4.796e+2,2.282e+0,4.773e+2,
434.94,3.605e+2,4.798e+0,3.557e+2,
434.99,2.679e+2,9.827e+0,2.581e+2,
435.04,2.020e+2,1.961e+1,1.824e+2,
435.09,1.636e+2,3.810e+1,1.255e+2,
435.14,1.563e+2,7.213e+1,8.412e+1,
435.19,1.879e+2,1.330e+2,5.490e+1,
435.24,2.738e+2,2.389e+2,3.490e+1,
435.29,4.397e+2,4.181e+2,2.160e+1,
435.34,7.255e+2,7.125e+2,1.302e+1,
435.39,1.191e+3,1.183e+3,7.643e+0,
435.44,1.917e+3,1.913e+3,4.370e+0,
435.49,3.016e+3,3.014e+3,2.433e+0,
435.54,4.626e+3,4.624e+3,1.319e+0,
435.59,6.913e+3,6.913e+3,6.964e-1,
435.64,1.007e+4,1.007e+4,3.581e-1,
435.69,1.428e+4,1.428e+4,1.793e-1,
435.74,1.974e+4,1.974e+4,8.743e-2,
435.79,2.657e+4,2.657e+4,4.152e-2,
435.84,3.487e+4,3.487e+4,1.920e-2,
435.89,4.457e+4,4.457e+4,8.648e-3,
435.94,5.554e+4,5.554e+4,3.793e-3,
435.99,6.745e+4,6.745e+4,1.620e-3,
436.04,7.988e+4,7.988e+4,6.739e-4,
436.09,9.228e+4,9.228e+4,2.730e-4,
436.14,1.040e+5,1.040e+5,1.077e-4,
436.19,1.145e+5,1.145e+5,4.137e-5,
436.24,1.233e+5,1.233e+5,1.548e-5,
436.29,1.298e+5,1.298e+5,5.638e-6,
436.34,1.340e+5,1.340e+5,2.000e-6,
436.39,1.359e+5,1.359e+5,6.912e-7,
436.44,1.357e+5,1.357e+5,2.326e-7,
436.49,1.338e+5,1.338e+5,7.621e-8,
436.54,1.307e+5,1.307e+5,2.432e-8,
436.59,1.269e+5,1.269e+5,7.558e-9,
436.64,1.229e+5,1.229e+5,2.287e-9,
436.69,1.188e+5,1.188e+5,6.742e-10,
436.74,1.149e+5,1.149e+5,1.935e-10,
436.79,1.111e+5,1.111e+5,5.409e-11,
436.84,1.073e+5,1.073e+5,1.472e-11,
436.89,1.032e+5,1.032e+5,3.903e-12,
436.94,9.864e+4,9.864e+4,1.007e-12,
436.99,9.347e+4,9.347e+4,2.533e-13,
437.04,8.763e+4,8.763e+4,,
437.09,8.128e+4,8.128e+4,,
437.14,7.468e+4,7.468e+4,,
437.19,6.827e+4,6.827e+4,,
437.24,6.258e+4,6.258e+4,,
437.29,5.819e+4,5.819e+4,3.002e-13,
437.34,5.566e+4,5.566e+4,1.148e-12,
437.39,5.549e+4,5.549e+4,4.275e-12,
437.44,5.804e+4,5.804e+4,1.552e-11,
437.49,6.351e+4,6.351e+4,5.489e-11,
437.54,7.186e+4,7.186e+4,1.892e-10,
437.59,8.281e+4,8.281e+4,6.356e-10,
437.64,9.587e+4,9.587e+4,2.081e-9,
437.69,1.103e+5,1.103e+5,6.638e-9,
437.74,1.251e+5,1.251e+5,2.064e-8,
437.79,1.393e+5,1.393e+5,6.252e-8,
437.84,1.518e+5,1.518e+5,1.846e-7,
437.89,1.618e+5,1.618e+5,5.310e-7,
437.94,1.684e+5,1.684e+5,1.489e-6,
437.99,1.713e+5,1.713e+5,4.067e-6,
438.04,1.705e+5,1.705e+5,1.083e-5,
438.09,1.663e+5,1.663e+5,2.809e-5,
438.14,1.595e+5,1.595e+5,7.102e-5,
438.19,1.512e+5,1.512e+5,1.750e-4,
438.24,1.430e+5,1.430e+5,4.201e-4,
438.29,1.361e+5,1.361e+5,9.830e-4,
438.34,1.323e+5,1.323e+5,2.241e-3,
438.39,1.326e+5,1.326e+5,4.980e-3,
438.44,1.383e+5,1.383e+5,1.078e-2,
438.49,1.498e+5,1.498e+5,2.275e-2,
438.54,1.672e+5,1.672e+5,4.678e-2,
438.59,1.899e+5,1.899e+5,9.373e-2,
438.64,2.169e+5,2.169e+5,1.830e-1,
438.69,2.466e+5,2.466e+5,3.482e-1,
438.74,2.769e+5,2.769e+5,6.457e-1,
438.79,3.055e+5,3.055e+5,1.167e+0,
438.84,3.302e+5,3.302e+5,2.055e+0,
438.89,3.489e+5,3.489e+5,3.526e+0,
438.94,3.598e+5,3.598e+5,5.896e+0,
438.99,3.620e+5,3.620e+5,9.608e+0,
439.04,3.551e+5,3.551e+5,1.526e+1,
439.09,3.396e+5,3.396e+5,2.361e+1,
439.14,3.166e+5,3.166e+5,3.560e+1,
439.19,2.877e+5,2.876e+5,5.232e+1,
439.24,2.548e+5,2.547e+5,7.493e+1,
439.29,2.200e+5,2.199e+5,1.046e+2,
439.34,1.854e+5,1.852e+5,1.422e+2,
439.39,1.525e+5,1.523e+5,1.885e+2,
439.44,1.228e+5,1.226e+5,2.434e+2,
439.49,9.722e+4,9.692e+4,3.063e+2,
439.54,7.620e+4,7.583e+4,3.757e+2,
439.59,5.994e+4,5.949e+4,4.490e+2,
439.64,4.832e+4,4.780e+4,5.229e+2,
439.69,4.104e+4,4.045e+4,5.935e+2,
439.74,3.767e+4,3.702e+4,6.564e+2,
439.79,3.773e+4,3.702e+4,7.075e+2,
439.84,4.065e+4,3.991e+4,7.431e+2,
439.89,4.589e+4,4.513e+4,7.606e+2,
439.94,5.283e+4,5.207e+4,7.586e+2,
439.99,6.085e+4,6.012e+4,7.374e+2,
440.04,6.929e+4,6.859e+4,6.984e+2,
440.09,7.749e+4,7.684e+4,6.447e+2,
440.14,8.479e+4,8.421e+4,5.799e+2,
440.19,9.061e+4,9.010e+4,5.083e+2,
440.24,9.448e+4,9.404e+4,4.342e+2,
440.29,9.607e+4,9.571e+4,3.614e+2,
440.34,9.524e+4,9.495e+4,2.932e+2,
440.39,9.204e+4,9.181e+4,2.317e+2,
440.44,8.669e+4,8.651e+4,1.785e+2,
440.49,7.959e+4,7.945e+4,1.340e+2,
440.54,7.121e+4,7.111e+4,9.803e+1,
440.59,6.209e+4,6.202e+4,6.988e+1,
440.64,5.277e+4,5.272e+4,4.855e+1,
440.69,4.371e+4,4.367e+4,3.286e+1,
440.74,3.528e+4,3.526e+4,2.168e+1,
440.79,2.775e+4,2.774e+4,1.394e+1,
440.84,2.128e+4,2.127e+4,8.732e+0,
440.89,1.590e+4,1.589e+4,5.331e+0,
440.94,1.157e+4,1.157e+4,3.171e+0,
440.99,8.213e+3,8.211e+3,1.839e+0,
441.04,5.680e+3,5.678e+3,1.039e+0,
441.09,3.828e+3,3.827e+3,5.719e-1,
441.14,2.514e+3,2.514e+3,3.068e-1,
441.19,1.609e+3,1.609e+3,1.604e-1,
441.24,1.004e+3,1.004e+3,8.173e-2,
441.29,6.101e+2,6.100e+2,4.058e-2,
441.34,3.614e+2,3.614e+2,1.963e-2,
441.39,2.086e+2,2.086e+2,9.258e-3,
441.44,1.174e+2,1.174e+2,4.254e-3,
441.49,6.436e+1,6.436e+1,1.905e-3,
441.54,3.439e+1,3.439e+1,8.310e-4,
441.59,1.791e+1,1.791e+1,3.533e-4,
441.64,9.089e+0,9.088e+0,1.464e-4,
441.69,4.495e+0,4.495e+0,5.912e-5,
441.74,2.166e+0,2.166e+0,2.326e-5,
441.79,1.018e+0,1.018e+0,8.920e-6,
441.84,4.661e-1,4.661e-1,3.333e-6,
441.89,2.087e-1,2.087e-1,1.214e-6,
441.94,9.280e-2,9.280e-2,4.307e-7,
441.99,4.472e-2,4.472e-2,1.489e-7,
442.04,3.218e-2,3.218e-2,5.019e-8,
442.09,4.691e-2,4.691e-2,1.648e-8,
442.14,1.003e-1,1.003e-1,5.275e-9,
442.19,2.311e-1,2.311e-1,1.645e-9,
442.24,5.281e-1,5.281e-1,4.999e-10,
442.29,1.180e+0,1.180e+0,1.480e-10,
442.34,2.572e+0,2.572e+0,4.272e-11,
442.39,5.465e+0,5.465e+0,1.201e-11,
442.44,1.132e+1,1.132e+1,3.293e-12,
442.49,2.287e+1,2.287e+1,8.794e-13,
442.54,4.504e+1,4.504e+1,2.289e-13,
442.59,8.647e+1,8.647e+1,,
442.64,1.618e+2,1.618e+2,,
442.69,2.954e+2,2.954e+2,,
442.74,5.255e+2,5.255e+2,,
442.79,9.115e+2,9.115e+2,,
442.84,1.541e+3,1.541e+3,,
442.89,2.541e+3,2.541e+3,,
442.94,4.085e+3,4.085e+3,,
442.99,6.401e+3,6.401e+3,,
443.04,9.780e+3,9.780e+3,,
443.09,1.457e+4,1.457e+4,,
443.14,2.116e+4,2.116e+4,,
443.19,2.995e+4,2.995e+4,,
443.24,4.135e+4,4.135e+4,,
443.29,5.564e+4,5.564e+4,,
443.34,7.300e+4,7.300e+4,,
443.39,9.338e+4,9.338e+4,,
443.44,1.165e+5,1.165e+5,,
443.49,1.416e+5,1.416e+5,,
443.54,1.678e+5,1.678e+5,,
443.59,1.940e+5,1.940e+5,,
443.64,2.185e+5,2.185e+5,,
443.69,2.401e+5,2.401e+5,,
443.74,2.571e+5,2.571e+5,,
443.79,2.684e+5,2.684e+5,,
443.84,2.732e+5,2.732e+5,,
443.89,2.712e+5,2.712e+5,,
443.94,2.624e+5,2.624e+5,,
443.99,2.475e+5,2.475e+5,,
444.04,2.276e+5,2.276e+5,,
444.09,2.041e+5,2.041e+5,,
444.14,1.784e+5,1.784e+5,,
444.19,1.520e+5,1.520e+5,,
444.24,1.263e+5,1.263e+5,,
444.29,1.023e+5,1.023e+5,,
444.34,8.081e+4,8.081e+4,,
444.39,6.222e+4,6.222e+4,,
444.44,4.670e+4,4.670e+4,,
444.49,3.418e+4,3.418e+4,,
444.54,2.439e+4,2.439e+4,,
444.59,1.696e+4,1.696e+4,,
444.64,1.151e+4,1.151e+4,,
444.69,7.607e+3,7.607e+3,,
444.74,4.904e+3,4.904e+3,,
444.79,3.082e+3,3.082e+3,,
444.84,1.888e+3,1.888e+3,,
444.89,1.128e+3,1.128e+3,,
444.94,6.570e+2,6.570e+2,,
444.99,3.730e+2,3.730e+2,,
445.04,2.065e+2,2.065e+2,,
445.09,1.115e+2,1.115e+2,,
445.14,5.865e+1,5.865e+1,,
445.19,3.010e+1,3.010e+1,,
445.24,1.509e+1,1.509e+1,,
445.29,7.431e+0,7.431e+0,,
445.34,3.702e+0,3.702e+0,,
445.39,2.089e+0,2.089e+0,,
445.44,1.744e+0,1.744e+0,,
445.49,2.444e+0,2.444e+0,,
445.54,4.469e+0,4.469e+0,,
445.59,8.678e+0,8.678e+0,,
445.64,1.676e+1,1.676e+1,,
445.69,3.169e+1,3.169e+1,,
445.74,5.850e+1,5.850e+1,,
445.79,1.054e+2,1.054e+2,,
445.84,1.850e+2,1.850e+2,,
445.89,3.170e+2,3.170e+2,,
445.94,5.296e+2,5.296e+2,,
445.99,8.629e+2,8.629e+2,,
446.04,1.371e+3,1.371e+3,,
446.09,2.126e+3,2.126e+3,,
446.14,3.214e+3,3.214e+3,,
446.19,4.741e+3,4.741e+3,,
446.24,6.820e+3,6.820e+3,,
446.29,9.571e+3,9.571e+3,,
446.34,1.310e+4,1.310e+4,,
446.39,1.751e+4,1.751e+4,,
446.44,2.282e+4,2.282e+4,,
446.49,2.904e+4,2.904e+4,,
446.54,3.608e+4,3.608e+4,,
446.59,4.377e+4,4.377e+4,,
446.64,5.189e+4,5.189e+4,,
446.69,6.014e+4,6.014e+4,,
446.74,6.821e+4,6.821e+4,,
446.79,7.576e+4,7.576e+4,,
446.84,8.253e+4,8.253e+4,,
446.89,8.830e+4,8.830e+4,,
446.94,9.296e+4,9.296e+4,,
446.99,9.651e+4,9.651e+4,,
447.04,9.905e+4,9.905e+4,,
447.09,1.007e+5,1.007e+5,,
447.14,1.017e+5,1.017e+5,,
447.19,1.022e+5,1.022e+5,,
447.24,1.024e+5,1.024e+5,,
447.29,1.022e+5,1.022e+5,,
447.34,1.016e+5,1.016e+5,,
447.39,1.004e+5,1.004e+5,,
447.44,9.860e+4,9.860e+4,,
447.49,9.589e+4,9.589e+4,,
447.54,9.213e+4,9.213e+4,,
447.59,8.725e+4,8.725e+4,,
447.64,8.129e+4,8.129e+4,,
447.7,7.288e+4,7.288e+4,,
447.75,6.510e+4,6.510e+4,,
447.8,5.694e+4,5.694e+4,,
447.85,4.871e+4,4.871e+4,,
447.9,4.073e+4,4.073e+4,,
447.95,3.328e+4,3.328e+4,,
448,2.655e+4,2.655e+4,,
448.05,2.068e+4,2.068e+4,,
448.1,1.572e+4,1.572e+4,,
448.15,1.166e+4,1.166e+4,,
448.2,8.441e+3,8.441e+3,,
448.25,5.961e+3,5.961e+3,,
448.3,4.107e+3,4.107e+3,,
448.35,2.760e+3,2.760e+3,,
448.4,1.809e+3,1.809e+3,,
448.45,1.157e+3,1.157e+3,,
448.5,7.217e+2,7.217e+2,,
448.55,4.391e+2,4.391e+2,,
448.6,2.605e+2,2.605e+2,,
448.65,1.508e+2,1.508e+2,,
448.7,8.513e+1,8.513e+1,,
448.75,4.688e+1,4.688e+1,,
448.8,2.517e+1,2.517e+1,,
448.85,1.319e+1,1.319e+1,,
448.9,6.737e+0,6.737e+0,,
448.95,3.357e+0,3.357e+0,,
449,1.632e+0,1.632e+0,,
449.05,7.735e-1,7.735e-1,,
449.1,3.576e-1,3.576e-1,,
449.15,1.613e-1,1.613e-1,,
449.2,7.094e-2,7.094e-2,,
449.25,3.043e-2,3.043e-2,,
449.3,1.273e-2,1.273e-2,,
449.35,5.197e-3,5.197e-3,,
449.4,2.069e-3,2.069e-3,,
449.45,8.031e-4,8.031e-4,,
449.5,3.041e-4,3.041e-4,,
449.55,1.123e-4,1.123e-4,,
449.6,4.045e-5,4.045e-5,,
449.65,1.421e-5,1.421e-5,,
449.7,4.870e-6,4.870e-6,,
449.75,1.628e-6,1.628e-6,,
449.8,5.306e-7,5.306e-7,,
449.85,1.687e-7,1.687e-7,,
449.9,5.242e-8,5.242e-8,,
449.95,1.622e-8,1.622e-8,,
450,6.095e-9,6.095e-9,,
450.05,6.409e-9,6.409e-9,,
450.1,1.792e-8,1.792e-8,,
450.15,5.940e-8,5.940e-8,,
450.2,1.956e-7,1.956e-7,,
450.25,6.297e-7,6.297e-7,,
450.3,1.978e-6,1.978e-6,,
450.35,6.064e-6,6.064e-6,,
450.4,1.814e-5,1.814e-5,,
450.45,5.297e-5,5.297e-5,,
450.5,1.509e-4,1.509e-4,,
450.55,4.196e-4,4.196e-4,,
450.6,1.139e-3,1.139e-3,,
450.65,3.015e-3,3.015e-3,,
450.7,7.791e-3,7.791e-3,,
450.75,1.965e-2,1.965e-2,,
450.8,4.836e-2,4.836e-2,,
450.85,1.161e-1,1.161e-1,,
450.9,2.722e-1,2.722e-1,,
450.95,6.227e-1,6.227e-1,,
451,1.390e+0,1.390e+0,,
451.05,3.028e+0,3.028e+0,,
451.1,6.436e+0,6.436e+0,,
451.15,1.335e+1,1.335e+1,,
451.2,2.703e+1,2.703e+1,,
451.25,5.341e+1,5.341e+1,,
451.3,1.030e+2,1.030e+2,,
451.35,1.938e+2,1.938e+2,,
451.4,3.558e+2,3.558e+2,,
451.45,6.376e+2,6.376e+2,,
451.5,1.115e+3,1.115e+3,,
451.55,1.903e+3,1.903e+3,,
451.6,3.169e+3,3.169e+3,,
451.65,5.151e+3,5.151e+3,,
451.7,8.170e+3,8.170e+3,,
451.75,1.265e+4,1.265e+4,,
451.8,1.910e+4,1.910e+4,,
451.85,2.816e+4,2.816e+4,,
451.9,4.051e+4,4.051e+4,,
451.95,5.687e+4,5.687e+4,,
452,7.791e+4,7.791e+4,,
452.05,1.042e+5,1.042e+5,,
452.1,1.359e+5,1.359e+5,,
452.15,1.731e+5,1.731e+5,,
452.2,2.151e+5,2.151e+5,,
452.25,2.608e+5,2.608e+5,,
452.3,3.086e+5,3.086e+5,,
452.35,3.564e+5,3.564e+5,,
452.4,4.017e+5,4.017e+5,,
452.45,4.418e+5,4.418e+5,,
452.5,4.742e+5,4.742e+5,,
452.55,4.967e+5,4.967e+5,,
452.6,5.078e+5,5.078e+5,,
452.65,5.065e+5,5.065e+5,,
452.7,4.931e+5,4.931e+5,,
452.75,4.685e+5,4.685e+5,,
452.8,4.343e+5,4.343e+5,,
452.85,3.930e+5,3.930e+5,,
452.9,3.470e+5,3.470e+5,,
452.95,2.990e+5,2.990e+5,,
453,2.514e+5,2.514e+5,,
453.05,2.063e+5,2.063e+5,,
453.1,1.652e+5,1.652e+5,,
453.15,1.291e+5,1.291e+5,,
453.2,9.848e+4,9.848e+4,,
453.25,7.330e+4,7.330e+4,,
453.3,5.324e+4,5.324e+4,,
453.35,3.774e+4,3.774e+4,,
453.4,2.611e+4,2.611e+4,,
453.45,1.762e+4,1.762e+4,,
453.5,1.161e+4,1.161e+4,,
453.55,7.464e+3,7.464e+3,,
453.6,4.683e+3,4.683e+3,,
453.65,2.867e+3,2.867e+3,,
453.7,1.713e+3,1.713e+3,,
453.75,9.990e+2,9.990e+2,,
453.8,5.685e+2,5.685e+2,,
453.85,3.157e+2,3.157e+2,,
453.9,1.711e+2,1.711e+2,,
453.95,9.048e+1,9.048e+1,,
454,4.670e+1,4.670e+1,,
454.05,2.352e+1,2.352e+1,,
454.1,1.156e+1,1.156e+1,,
454.15,5.546e+0,5.546e+0,,
454.2,2.596e+0,2.596e+0,1.467e-13,
454.25,1.186e+0,1.186e+0,5.361e-13,
454.3,5.287e-1,5.287e-1,1.912e-12,
454.35,2.300e-1,2.300e-1,6.658e-12,
454.4,9.766e-2,9.766e-2,2.264e-11,
454.45,4.047e-2,4.047e-2,7.531e-11,
454.5,1.636e-2,1.636e-2,2.441e-10,
454.55,6.457e-3,6.457e-3,7.728e-10,
454.6,2.486e-3,2.486e-3,2.388e-9,
454.65,9.344e-4,9.344e-4,7.207e-9,
454.7,3.427e-4,3.427e-4,2.123e-8,
454.75,1.227e-4,1.226e-4,6.109e-8,
454.8,4.300e-5,4.283e-5,1.716e-7,
454.85,1.507e-5,1.460e-5,4.706e-7,
454.9,6.117e-6,4.856e-6,1.260e-6,
454.95,4.873e-6,1.576e-6,3.296e-6,
455,8.916e-6,4.994e-7,8.417e-6,
455.05,2.114e-5,1.544e-7,2.099e-5,
455.1,5.115e-5,4.657e-8,5.111e-5,
455.15,1.215e-4,1.371e-8,1.215e-4,
455.2,2.822e-4,3.940e-9,2.822e-4,
455.25,6.399e-4,1.105e-9,6.399e-4,
455.3,1.417e-3,3.022e-10,1.417e-3,
455.35,3.065e-3,8.071e-11,3.065e-3,
455.4,6.476e-3,,6.476e-3,
455.45,1.336e-2,,1.336e-2,
455.5,2.693e-2,,2.693e-2,
455.55,5.303e-2,,5.303e-2,
455.6,1.020e-1,,1.020e-1,
455.65,1.917e-1,,1.917e-1,
455.7,3.521e-1,,3.521e-1,
455.75,6.317e-1,,6.317e-1,
455.8,1.108e+0,,1.108e+0,
455.85,1.899e+0,,1.899e+0,
455.9,3.181e+0,,3.181e+0,
455.95,5.211e+0,,5.211e+0,
456,8.347e+0,,8.347e+0,
456.05,1.307e+1,,1.307e+1,
456.1,2.003e+1,,2.003e+1,
456.15,3.003e+1,,3.003e+1,
456.2,4.404e+1,,4.404e+1,
456.25,6.322e+1,,6.322e+1,
456.3,8.883e+1,,8.883e+1,
456.35,1.222e+2,,1.222e+2,9.190e-23
456.4,1.647e+2,,1.647e+2,3.348e-22
456.45,2.173e+2,,2.173e+2,1.191e-21
456.5,2.810e+2,,2.810e+2,4.139e-21
456.55,3.560e+2,,3.560e+2,1.404e-20
456.6,4.421e+2,,4.421e+2,4.653e-20
456.65,5.381e+2,,5.381e+2,1.506e-19
456.7,6.421e+2,,6.421e+2,4.758e-19
456.75,7.511e+2,,7.511e+2,1.468e-18
456.8,8.614e+2,,8.614e+2,4.425e-18
456.85,9.687e+2,,9.687e+2,1.302e-17
456.9,1.068e+3,,1.068e+3,3.742e-17
456.95,1.155e+3,,1.155e+3,1.050e-16
457,1.223e+3,,1.223e+3,2.878e-16
457.05,1.271e+3,,1.271e+3,7.704e-16
457.1,1.294e+3,,1.294e+3,2.014e-15
457.15,1.291e+3,,1.291e+3,5.139e-15
457.2,1.262e+3,,1.262e+3,1.281e-14
457.25,1.208e+3,,1.208e+3,3.118e-14
457.3,1.132e+3,,1.132e+3,7.413e-14
457.35,1.040e+3,5.982e-11,1.040e+3,1.721e-13
457.4,9.344e+2,2.167e-10,9.344e+2,3.901e-13
457.45,8.219e+2,7.669e-10,8.219e+2,8.636e-13
457.5,7.075e+2,2.650e-9,7.075e+2,1.867e-12
457.55,5.958e+2,8.944e-9,5.958e+2,3.942e-12
457.6,4.908e+2,2.948e-8,4.908e+2,8.126e-12
457.65,3.954e+2,9.491e-8,3.954e+2,1.636e-11
457.7,3.115e+2,2.984e-7,3.115e+2,3.217e-11
457.75,2.399e+2,9.163e-7,2.399e+2,6.177e-11
457.8,1.806e+2,2.748e-6,1.806e+2,1.158e-10
457.85,1.329e+2,8.050e-6,1.329e+2,2.121e-10
457.9,9.560e+1,2.303e-5,9.560e+1,3.792e-10
457.95,6.719e+1,6.434e-5,6.719e+1,6.623e-10
458,4.615e+1,1.756e-4,4.615e+1,1.129e-9
458.05,3.096e+1,4.679e-4,3.096e+1,1.881e-9
458.1,2.030e+1,1.218e-3,2.030e+1,3.059e-9
458.15,1.300e+1,3.096e-3,1.300e+1,4.858e-9
458.2,8.139e+0,7.685e-3,8.131e+0,7.535e-9
458.25,4.987e+0,1.864e-2,4.968e+0,1.141e-8
458.3,3.009e+0,4.413e-2,2.965e+0,1.688e-8
458.35,1.830e+0,1.021e-1,1.728e+0,2.438e-8
458.4,1.214e+0,2.306e-1,9.839e-1,3.439e-8
458.45,1.056e+0,5.087e-1,5.470e-1,4.737e-8
458.5,1.393e+0,1.096e+0,2.970e-1,6.372e-8
458.55,2.464e+0,2.306e+0,1.575e-1,8.371e-8
458.6,4.822e+0,4.740e+0,8.154e-2,1.074e-7
458.65,9.556e+0,9.515e+0,4.123e-2,1.345e-7
458.7,1.867e+1,1.865e+1,2.036e-2,1.646e-7
458.75,3.572e+1,3.571e+1,9.815e-3,1.966e-7
458.8,6.679e+1,6.678e+1,4.621e-3,2.294e-7
458.85,1.220e+2,1.220e+2,2.124e-3,2.614e-7
458.9,2.175e+2,2.175e+2,9.535e-4,2.908e-7
458.95,3.790e+2,3.790e+2,4.179e-4,3.160e-7
459,6.448e+2,6.448e+2,1.789e-4,3.353e-7
459.05,1.071e+3,1.071e+3,7.474e-5,3.475e-7
459.1,1.739e+3,1.739e+3,3.050e-5,3.516e-7
459.15,2.756e+3,2.756e+3,1.215e-5,3.475e-7
459.2,4.266e+3,4.266e+3,4.726e-6,3.353e-7
459.25,6.450e+3,6.450e+3,1.795e-6,3.160e-7
459.3,9.524e+3,9.524e+3,6.657e-7,2.909e-7
459.35,1.373e+4,1.373e+4,2.410e-7,2.614e-7
459.4,1.934e+4,1.934e+4,8.522e-8,2.295e-7
459.45,2.661e+4,2.661e+4,2.942e-8,1.968e-7
459.5,3.575e+4,3.575e+4,9.915e-9,1.648e-7
459.55,4.690e+4,4.690e+4,3.263e-9,1.350e-7
459.6,6.010e+4,6.010e+4,1.048e-9,1.082e-7
459.65,7.522e+4,7.522e+4,3.289e-10,8.506e-8
459.7,9.195e+4,9.195e+4,1.008e-10,6.598e-8
459.75,1.098e+5,1.098e+5,3.012e-11,5.106e-8
459.8,1.280e+5,1.280e+5,8.795e-12,4.029e-8
459.85,1.457e+5,1.457e+5,2.508e-12,3.358e-8
459.9,1.621e+5,1.621e+5,6.981e-13,3.091e-8
459.95,1.761e+5,1.761e+5,1.898e-13,3.229e-8
460,1.868e+5,1.868e+5,,3.790e-8
460.05,1.935e+5,1.935e+5,,4.799e-8
460.1,1.958e+5,1.958e+5,,6.290e-8
460.15,1.935e+5,1.935e+5,,8.296e-8
460.2,1.868e+5,1.868e+5,,1.084e-7
460.25,1.761e+5,1.761e+5,,1.394e-7
460.3,1.621e+5,1.621e+5,,1.755e-7
460.35,1.457e+5,1.457e+5,,2.162e-7
460.4,1.280e+5,1.280e+5,,2.603e-7
460.45,1.098e+5,1.098e+5,,3.061e-7
460.5,9.195e+4,9.195e+4,,3.517e-7
460.55,7.522e+4,7.522e+4,,3.947e-7
460.6,6.010e+4,6.010e+4,,4.327e-7
460.65,4.690e+4,4.690e+4,,4.632e-7
460.7,3.575e+4,3.575e+4,,4.844e-7
460.75,2.661e+4,2.661e+4,,4.948e-7
460.8,1.934e+4,1.934e+4,,4.936e-7
460.85,1.373e+4,1.373e+4,,4.810e-7
460.9,9.524e+3,9.524e+3,,4.578e-7
460.95,6.450e+3,6.450e+3,,4.256e-7
461,4.266e+3,4.266e+3,,3.864e-7
461.05,2.756e+3,2.756e+3,,3.427e-7
461.1,1.739e+3,1.739e+3,,2.968e-7
461.15,1.071e+3,1.071e+3,,2.511e-7
461.2,6.448e+2,6.448e+2,,2.075e-7
461.25,3.790e+2,3.790e+2,,1.675e-7
461.3,2.175e+2,2.175e+2,,1.320e-7
461.35,1.220e+2,1.220e+2,,1.017e-7
461.4,6.678e+1,6.678e+1,,7.645e-8
461.45,3.571e+1,3.571e+1,,5.615e-8
461.5,1.865e+1,1.865e+1,,4.029e-8
461.55,9.515e+0,9.515e+0,,2.823e-8
461.6,4.740e+0,4.740e+0,,1.932e-8
461.65,2.306e+0,2.306e+0,,1.292e-8
461.7,1.096e+0,1.096e+0,,8.434e-9
461.75,5.087e-1,5.087e-1,,5.379e-9
461.8,2.306e-1,2.306e-1,,3.350e-9
461.85,1.021e-1,1.021e-1,,2.038e-9
461.9,4.413e-2,4.413e-2,,1.211e-9
461.95,1.864e-2,1.864e-2,,7.030e-10
462,7.685e-3,7.685e-3,,3.985e-10
462.05,3.096e-3,3.096e-3,,2.207e-10
462.1,1.218e-3,1.218e-3,,1.193e-10
462.15,4.679e-4,4.679e-4,,6.304e-11
462.2,1.756e-4,1.756e-4,,3.253e-11
462.25,6.434e-5,6.434e-5,,1.639e-11
462.3,2.303e-5,2.303e-5,,8.067e-12
462.35,8.050e-6,8.050e-6,,3.878e-12
462.4,2.748e-6,2.748e-6,,1.821e-12
462.45,9.164e-7,9.163e-7,,8.352e-13
462.5,2.984e-7,2.984e-7,,3.741e-13
462.55,9.491e-8,9.491e-8,,1.637e-13
462.6,2.948e-8,2.948e-8,,6.995e-14
462.65,8.944e-9,8.944e-9,,2.919e-14
462.7,2.650e-9,2.650e-9,,1.190e-14
462.75,7.669e-10,7.669e-10,,4.739e-15
462.8,2.167e-10,2.167e-10,,1.843e-15
462.85,5.983e-11,5.982e-11,,7.002e-16
462.9,2.598e-16,,,2.598e-16
462.95,9.414e-17,,,9.414e-17
463,3.332e-17,,,3.332e-17
463.05,1.152e-17,,,1.152e-17
463.1,3.890e-18,,,3.890e-18
463.15,1.283e-18,,,1.283e-18
463.2,4.133e-19,,,4.133e-19
463.25,1.300e-19,,,1.300e-19
463.3,1.434e-11,1.434e-11,,3.996e-20
463.35,5.192e-11,5.192e-11,,1.199e-20
463.4,1.837e-10,1.837e-10,,3.516e-21
463.45,6.350e-10,6.350e-10,,1.007e-21
463.5,2.145e-9,2.145e-9,,2.816e-22
463.55,7.082e-9,7.082e-9,,7.693e-23
463.6,2.285e-8,2.285e-8,,
463.65,7.204e-8,7.204e-8,,
463.7,2.220e-7,2.220e-7,,
463.75,6.684e-7,6.684e-7,,
463.8,1.967e-6,1.967e-6,,
463.85,5.656e-6,5.656e-6,,
463.9,1.590e-5,1.590e-5,,
463.95,4.366e-5,4.366e-5,,
464,1.172e-4,1.172e-4,,
464.05,3.073e-4,3.073e-4,,
464.1,7.877e-4,7.877e-4,,
464.15,1.973e-3,1.973e-3,,
464.2,4.829e-3,4.829e-3,,
464.25,1.155e-2,1.155e-2,,
464.3,2.701e-2,2.701e-2,,
464.35,6.170e-2,6.170e-2,,
464.4,1.377e-1,1.377e-1,,
464.45,3.005e-1,3.005e-1,,
464.5,6.408e-1,6.408e-1,,
464.55,1.335e+0,1.335e+0,,
464.6,2.719e+0,2.719e+0,,
464.65,5.410e+0,5.410e+0,,
464.7,1.052e+1,1.052e+1,,
464.75,1.999e+1,1.999e+1,,
464.8,3.713e+1,3.713e+1,,
464.85,6.739e+1,6.739e+1,,
464.9,1.195e+2,1.195e+2,,
464.95,2.072e+2,2.072e+2,,
465,3.509e+2,3.509e+2,,
465.05,5.808e+2,5.808e+2,,
465.1,9.396e+2,9.396e+2,,
465.15,1.485e+3,1.485e+3,,
465.2,2.295e+3,2.295e+3,,
465.25,3.464e+3,3.464e+3,,
465.3,5.111e+3,5.111e+3,,
465.35,7.370e+3,7.370e+3,,
465.4,1.038e+4,1.038e+4,,
465.45,1.430e+4,1.430e+4,,
465.5,1.924e+4,1.924e+4,,
465.55,2.530e+4,2.530e+4,,
465.6,3.252e+4,3.252e+4,,
465.65,4.083e+4,4.083e+4,,
465.7,5.012e+4,5.012e+4,,
465.75,6.011e+4,6.011e+4,,
465.8,7.045e+4,7.045e+4,,
465.85,8.070e+4,8.070e+4,,
465.9,9.033e+4,9.033e+4,,
465.95,9.881e+4,9.881e+4,,
466,1.056e+5,1.056e+5,,
466.05,1.104e+5,1.104e+5,,
466.1,1.127e+5,1.127e+5,,
466.15,1.124e+5,1.124e+5,,
466.2,1.096e+5,1.096e+5,,
466.25,1.044e+5,1.044e+5,,
466.3,9.723e+4,9.723e+4,,
466.35,8.848e+4,8.848e+4,,
466.4,7.868e+4,7.868e+4,,
466.45,6.838e+4,6.838e+4,,
466.5,5.807e+4,5.807e+4,,
466.55,4.819e+4,4.819e+4,,
466.6,3.909e+4,3.909e+4,,
466.65,3.098e+4,3.098e+4,,
466.7,2.400e+4,2.400e+4,,
466.75,1.816e+4,1.816e+4,,
466.8,1.344e+4,1.344e+4,,
466.85,9.714e+3,9.714e+3,,
466.9,6.862e+3,6.862e+3,,
466.95,4.738e+3,4.738e+3,,
467,3.196e+3,3.196e+3,,
467.05,2.107e+3,2.107e+3,,
467.1,1.358e+3,1.358e+3,,
467.15,8.550e+2,8.550e+2,,
467.2,5.261e+2,5.261e+2,,
467.25,3.164e+2,3.164e+2,,
467.3,1.859e+2,1.859e+2,,
467.35,1.068e+2,1.068e+2,,
467.4,5.993e+1,5.993e+1,,
467.45,3.287e+1,3.287e+1,,
467.5,1.762e+1,1.762e+1,,
467.55,9.227e+0,9.227e+0,,
467.6,4.723e+0,4.723e+0,,
467.65,2.363e+0,2.363e+0,,
467.7,1.155e+0,1.155e+0,,
467.75,5.518e-1,5.518e-1,,
467.8,2.576e-1,2.576e-1,,
467.85,1.175e-1,1.175e-1,,
467.9,5.240e-2,5.240e-2,,
467.95,2.283e-2,2.283e-2,,
468,9.721e-3,9.721e-3,,
468.05,4.045e-3,4.045e-3,,
468.1,1.645e-3,1.645e-3,,
468.15,6.537e-4,6.537e-4,,
468.2,2.539e-4,2.539e-4,,
468.25,9.635e-5,9.635e-5,,
468.3,3.573e-5,3.573e-5,,
468.35,1.295e-5,1.295e-5,,
468.4,4.588e-6,4.588e-6,,
468.45,1.588e-6,1.588e-6,,
468.5,5.372e-7,5.372e-7,,
468.55,1.776e-7,1.776e-7,,
468.6,5.737e-8,5.737e-8,,
468.65,1.811e-8,1.811e-8,,
468.7,5.588e-9,5.588e-9,,
468.75,1.685e-9,1.685e-9,,
468.8,4.964e-10,4.964e-10,,
468.85,1.429e-10,1.429e-10,,
468.9,4.022e-11,4.022e-11,,
472.7,2.894e-14,,2.894e-14,
472.75,1.014e-13,,1.014e-13,
472.8,3.473e-13,,3.473e-13,
472.85,1.164e-12,,1.164e-12,
472.9,3.815e-12,,3.815e-12,
472.95,1.223e-11,,1.223e-11,
473,3.837e-11,,3.837e-11,
473.05,1.177e-10,,1.177e-10,
473.1,3.532e-10,,3.532e-10,
473.15,1.037e-9,,1.037e-9,
473.2,2.976e-9,,2.976e-9,
473.25,8.356e-9,,8.356e-9,
473.3,2.295e-8,,2.295e-8,
473.35,6.166e-8,,6.166e-8,
473.4,1.620e-7,,1.620e-7,
473.45,4.164e-7,,4.164e-7,
473.5,1.047e-6,,1.047e-6,
473.55,2.575e-6,,2.575e-6,
473.6,6.193e-6,,6.193e-6,
473.65,1.457e-5,,1.457e-5,
473.7,3.353e-5,,3.353e-5,
473.75,7.549e-5,,7.549e-5,
473.8,1.662e-4,,1.662e-4,
473.85,3.580e-4,,3.580e-4,
473.9,7.541e-4,,7.541e-4,
473.95,1.554e-3,,1.554e-3,
474,3.132e-3,,3.132e-3,
474.05,6.174e-3,,6.174e-3,
474.1,1.190e-2,,1.190e-2,
474.15,2.245e-2,,2.245e-2,
474.2,4.142e-2,,4.142e-2,
474.25,7.475e-2,,7.475e-2,
474.3,1.319e-1,,1.319e-1,
474.35,2.278e-1,,2.278e-1,
474.4,3.847e-1,,3.847e-1,
474.45,6.354e-1,,6.354e-1,
474.5,1.027e+0,,1.027e+0,
474.55,1.622e+0,,1.622e+0,
474.6,2.508e+0,,2.508e+0,
474.65,3.792e+0,,3.792e+0,
474.7,5.608e+0,,5.608e+0,
474.75,8.113e+0,,8.113e+0,
474.8,1.148e+1,,1.148e+1,
474.85,1.589e+1,,1.589e+1,
474.9,2.151e+1,,2.151e+1,
474.95,2.848e+1,,2.848e+1,
475,3.689e+1,,3.689e+1,
475.05,4.673e+1,,4.673e+1,
475.1,5.791e+1,,5.791e+1,
475.15,7.019e+1,,7.019e+1,
475.2,8.322e+1,,8.322e+1,
475.25,9.651e+1,,9.651e+1,
475.3,1.095e+2,,1.095e+2,
475.35,1.215e+2,,1.215e+2,
475.4,1.318e+2,,1.318e+2,
475.45,1.400e+2,,1.400e+2,
475.5,1.454e+2,,1.454e+2,
475.55,1.478e+2,,1.478e+2,
475.6,1.470e+2,,1.470e+2,
475.65,1.432e+2,,1.432e+2,
475.7,1.367e+2,,1.367e+2,
475.75,1.281e+2,,1.281e+2,
475.8,1.181e+2,,1.181e+2,
475.85,1.076e+2,,1.076e+2,
475.9,9.767e+1,,9.767e+1,
475.95,8.931e+1,,8.931e+1,
476,8.364e+1,,8.364e+1,
476.05,8.175e+1,,8.175e+1,
476.1,8.477e+1,,8.477e+1,
476.15,9.377e+1,,9.377e+1,
476.2,1.098e+2,,1.098e+2,
476.25,1.338e+2,,1.338e+2,
476.3,1.665e+2,,1.665e+2,
476.35,2.085e+2,,2.085e+2,
476.4,2.601e+2,,2.601e+2,
476.45,3.211e+2,,3.211e+2,
476.5,3.906e+2,,3.906e+2,
476.55,4.676e+2,,4.676e+2,
476.6,5.500e+2,,5.500e+2,
476.65,6.354e+2,,6.354e+2,
476.7,7.208e+2,,7.208e+2,
476.75,8.029e+2,,8.029e+2,
476.8,8.783e+2,,8.783e+2,
476.85,9.435e+2,,9.435e+2,
476.9,9.957e+2,,9.957e+2,
476.95,1.033e+3,,1.033e+3,
477,1.053e+3,,1.053e+3,
477.05,1.055e+3,,1.055e+3,
477.1,1.042e+3,,1.042e+3,
477.15,1.013e+3,,1.013e+3,
477.2,9.733e+2,,9.733e+2,
477.25,9.253e+2,,9.253e+2,
477.3,8.741e+2,,8.741e+2,
477.35,8.244e+2,,8.244e+2,
477.4,7.810e+2,,7.810e+2,
477.45,7.484e+2,,7.484e+2,
477.5,7.304e+2,,7.304e+2,
477.55,7.298e+2,,7.298e+2,
477.6,7.480e+2,,7.480e+2,
477.65,7.851e+2,,7.851e+2,
477.7,8.396e+2,,8.396e+2,
477.75,9.086e+2,,9.086e+2,
477.8,9.880e+2,,9.880e+2,
477.85,1.073e+3,,1.073e+3,
477.9,1.157e+3,,1.157e+3,
477.95,1.235e+3,,1.235e+3,
478,1.301e+3,,1.301e+3,
478.05,1.352e+3,,1.352e+3,
478.1,1.384e+3,,1.384e+3,
478.15,1.397e+3,,1.397e+3,
478.2,1.394e+3,,1.394e+3,
478.25,1.380e+3,,1.380e+3,
478.3,1.363e+3,,1.363e+3,
478.35,1.356e+3,,1.356e+3,
478.4,1.377e+3,,1.377e+3,
478.45,1.450e+3,,1.450e+3,
478.5,1.602e+3,,1.602e+3,
478.56,1.938e+3,,1.938e+3,
478.61,2.395e+3,,2.395e+3,
478.66,3.063e+3,,3.063e+3,
478.71,3.990e+3,,3.990e+3,
478.76,5.228e+3,,5.228e+3,
478.81,6.820e+3,,6.820e+3,
478.86,8.800e+3,,8.800e+3,
478.91,1.119e+4,,1.119e+4,
478.96,1.397e+4,,1.397e+4,
479.01,1.711e+4,,1.711e+4,
479.06,2.053e+4,,2.053e+4,
479.11,2.413e+4,,2.413e+4,
479.16,2.777e+4,,2.777e+4,
479.21,3.128e+4,,3.128e+4,
479.26,3.449e+4,,3.449e+4,
479.31,3.720e+4,,3.720e+4,
479.36,3.928e+4,,3.928e+4,
479.41,4.058e+4,,4.058e+4,
479.46,4.102e+4,,4.102e+4,
479.51,4.057e+4,,4.057e+4,
479.56,3.927e+4,,3.927e+4,
479.61,3.720e+4,,3.720e+4,
479.66,3.447e+4,,3.447e+4,
479.71,3.127e+4,,3.127e+4,
479.76,2.776e+4,,2.776e+4,
479.81,2.413e+4,,2.413e+4,
479.86,2.054e+4,,2.054e+4,
479.91,1.715e+4,,1.715e+4,
479.96,1.406e+4,,1.406e+4,
480.01,1.137e+4,,1.137e+4,
480.06,9.132e+3,,9.132e+3,
480.11,7.370e+3,,7.370e+3,
480.16,6.097e+3,,6.097e+3,
480.21,5.309e+3,,5.309e+3,
480.26,4.993e+3,,4.993e+3,
480.31,5.134e+3,,5.134e+3,
480.36,5.714e+3,,5.714e+3,
480.41,6.711e+3,,6.711e+3,
480.46,8.097e+3,,8.097e+3,
480.51,9.836e+3,,9.836e+3,
480.56,1.188e+4,,1.188e+4,
480.61,1.415e+4,,1.415e+4,
480.66,1.657e+4,,1.657e+4,
480.71,1.903e+4,,1.903e+4,
480.76,2.143e+4,,2.143e+4,
480.81,2.363e+4,,2.363e+4,
480.86,2.551e+4,,2.551e+4,
480.91,2.698e+4,,2.698e+4,
480.96,2.796e+4,,2.796e+4,
481.01,2.839e+4,,2.839e+4,
481.06,2.828e+4,,2.828e+4,
481.11,2.765e+4,,2.765e+4,
481.16,2.659e+4,,2.659e+4,
481.21,2.520e+4,,2.520e+4,
481.26,2.361e+4,,2.361e+4,
481.31,2.195e+4,,2.195e+4,
481.36,2.035e+4,,2.035e+4,
481.41,1.894e+4,,1.894e+4,
481.46,1.781e+4,,1.781e+4,
481.51,1.700e+4,,1.700e+4,
481.56,1.653e+4,,1.653e+4,
481.61,1.638e+4,,1.638e+4,
481.66,1.650e+4,,1.650e+4,
481.71,1.681e+4,,1.681e+4,
481.76,1.720e+4,,1.720e+4,
481.81,1.759e+4,,1.759e+4,
481.86,1.786e+4,,1.786e+4,
481.91,1.795e+4,,1.795e+4,
481.96,1.778e+4,,1.778e+4,
482.01,1.734e+4,,1.734e+4,
482.06,1.660e+4,,1.660e+4,
482.11,1.559e+4,,1.559e+4,
482.16,1.435e+4,,1.435e+4,
482.21,1.295e+4,,1.295e+4,
482.26,1.144e+4,,1.144e+4,
482.31,9.895e+3,,9.895e+3,
482.36,8.380e+3,,8.380e+3,
482.41,6.948e+3,,6.948e+3,
482.46,5.639e+3,,5.639e+3,
482.51,4.479e+3,,4.479e+3,
482.56,3.483e+3,,3.483e+3,
482.61,2.650e+3,,2.650e+3,
482.66,1.974e+3,,1.974e+3,
482.71,1.439e+3,,1.439e+3,
482.76,1.027e+3,,1.027e+3,
482.81,7.169e+2,,7.169e+2,
482.86,4.899e+2,,4.899e+2,
482.91,3.277e+2,,3.277e+2,
482.96,2.145e+2,,2.145e+2,
483.01,1.375e+2,,1.375e+2,
483.06,8.620e+1,,8.620e+1,
483.11,5.290e+1,,5.290e+1,
483.16,3.178e+1,,3.178e+1,
483.21,1.868e+1,,1.868e+1,
483.26,1.075e+1,,1.075e+1,
483.31,6.053e+0,,6.053e+0,
483.36,3.336e+0,,3.336e+0,
483.41,1.800e+0,,1.800e+0,
483.46,9.501e-1,,9.501e-1,
483.51,4.910e-1,,4.910e-1,
483.56,2.483e-1,,2.483e-1,
483.61,1.229e-1,,1.229e-1,
483.66,5.954e-2,,5.954e-2,
483.71,2.823e-2,,2.823e-2,
483.76,1.311e-2,,1.311e-2,
483.81,5.961e-3,,5.961e-3,
483.86,2.668e-3,,2.668e-3,
483.91,1.199e-3,,1.199e-3,
483.96,5.928e-4,,5.928e-4,
484.01,4.168e-4,,4.168e-4,
484.06,5.139e-4,,5.139e-4,
484.11,8.871e-4,,8.871e-4,
484.16,1.671e-3,,1.671e-3,
484.21,3.156e-3,,3.156e-3,
484.26,5.865e-3,,5.865e-3,
484.31,1.068e-2,,1.068e-2,
484.36,1.905e-2,,1.905e-2,
484.41,3.327e-2,,3.327e-2,
484.46,5.689e-2,,5.689e-2,
484.51,9.523e-2,,9.523e-2,
484.56,1.561e-1,,1.561e-1,
484.61,2.504e-1,,2.504e-1,
484.66,3.935e-1,,3.935e-1,
484.71,6.052e-1,,6.052e-1,
484.76,9.116e-1,,9.116e-1,
484.81,1.344e+0,,1.344e+0,
484.86,1.941e+0,,1.941e+0,
484.91,2.744e+0,,2.744e+0,
484.96,3.799e+0,,3.799e+0,
485.01,5.151e+0,,5.151e+0,
485.06,6.840e+0,,6.840e+0,
485.11,8.894e+0,,8.894e+0,
485.16,1.133e+1,,1.133e+1,
485.21,1.413e+1,,1.413e+1,
485.26,1.727e+1,,1.727e+1,
485.31,2.069e+1,,2.069e+1,
485.36,2.428e+1,,2.428e+1,
485.41,2.794e+1,,2.794e+1,
485.46,3.151e+1,,3.151e+1,
485.51,3.486e+1,,3.486e+1,
485.56,3.784e+1,,3.784e+1,
485.61,4.031e+1,,4.031e+1,
485.66,4.217e+1,,4.217e+1,
485.71,4.336e+1,,4.336e+1,
485.76,4.383e+1,,4.383e+1,
485.81,4.359e+1,,4.359e+1,
485.86,4.270e+1,,4.270e+1,
485.91,4.122e+1,,4.122e+1,
485.96,3.925e+1,,3.925e+1,
486.01,3.689e+1,,3.689e+1,
486.06,3.427e+1,,3.427e+1,
486.11,3.147e+1,,3.147e+1,
486.16,2.859e+1,,2.859e+1,
486.21,2.570e+1,,2.570e+1,
486.26,2.286e+1,,2.286e+1,
486.31,2.013e+1,,2.013e+1,
486.36,1.753e+1,,1.753e+1,
486.41,1.509e+1,,1.509e+1,
486.46,1.285e+1,,1.285e+1,
486.51,1.080e+1,,1.080e+1,
486.56,8.962e+0,,8.962e+0,
486.61,7.347e+0,,7.347e+0,
486.66,5.955e+0,,5.955e+0,
486.71,4.787e+0,,4.787e+0,
486.76,3.842e+0,,3.842e+0,
486.81,3.115e+0,,3.115e+0,
486.86,2.603e+0,,2.603e+0,
486.91,2.301e+0,,2.301e+0,
486.96,2.206e+0,,2.206e+0,
487.01,2.319e+0,,2.319e+0,
487.06,2.638e+0,,2.638e+0,
487.11,3.165e+0,,3.165e+0,
487.16,3.898e+0,,3.898e+0,
487.21,4.831e+0,,4.831e+0,
487.26,5.951e+0,,5.951e+0,
487.31,7.234e+0,,7.234e+0,
487.36,8.648e+0,,8.648e+0,
487.41,1.014e+1,,1.014e+1,
487.46,1.166e+1,,1.166e+1,
487.51,1.314e+1,,1.314e+1,
487.56,1.450e+1,,1.450e+1,
487.61,1.567e+1,,1.567e+1,
487.66,1.658e+1,,1.658e+1,
487.71,1.719e+1,,1.719e+1,
487.76,1.744e+1,,1.744e+1,
487.81,1.733e+1,,1.733e+1,
487.86,1.687e+1,,1.687e+1,
487.91,1.608e+1,,1.608e+1,
487.96,1.501e+1,,1.501e+1,
488.01,1.373e+1,,1.373e+1,
488.06,1.233e+1,,1.233e+1,
488.11,1.088e+1,,1.088e+1,
488.16,9.490e+0,,9.490e+0,
488.21,8.262e+0,,8.262e+0,
488.26,7.326e+0,,7.326e+0,
488.31,6.851e+0,,6.851e+0,
488.36,7.068e+0,,7.068e+0,
488.41,8.317e+0,,8.317e+0,
488.46,1.110e+1,,1.110e+1,
488.51,1.613e+1,,1.613e+1,
488.56,2.446e+1,,2.446e+1,
488.61,3.752e+1,,3.752e+1,
488.66,5.725e+1,,5.725e+1,
488.71,8.619e+1,,8.619e+1,
488.76,1.275e+2,,1.275e+2,
488.81,1.850e+2,,1.850e+2,
488.86,2.631e+2,,2.631e+2,
488.91,3.665e+2,,3.665e+2,
488.96,5.001e+2,,5.001e+2,
489.01,6.685e+2,,6.685e+2,
489.06,8.753e+2,,8.753e+2,
489.11,1.122e+3,,1.122e+3,
489.16,1.410e+3,,1.410e+3,
489.21,1.735e+3,,1.735e+3,
489.26,2.091e+3,,2.091e+3,
489.31,2.470e+3,,2.470e+3,
489.36,2.858e+3,,2.858e+3,
489.41,3.241e+3,,3.241e+3,
489.46,3.603e+3,,3.603e+3,
489.51,3.928e+3,,3.928e+3,
489.56,4.202e+3,,4.202e+3,
489.61,4.413e+3,,4.413e+3,
489.66,4.554e+3,,4.554e+3,
489.71,4.623e+3,,4.623e+3,
489.76,4.625e+3,,4.625e+3,
489.81,4.569e+3,,4.569e+3,
489.86,4.468e+3,,4.468e+3,
489.91,4.337e+3,,4.337e+3,
489.96,4.195e+3,,4.195e+3,
490.01,4.056e+3,,4.056e+3,
490.06,3.934e+3,,3.934e+3,
490.11,3.836e+3,,3.836e+3,
490.16,3.766e+3,,3.766e+3,
490.21,3.723e+3,,3.723e+3,
490.26,3.699e+3,,3.699e+3,
490.31,3.685e+3,,3.685e+3,
490.36,3.668e+3,,3.668e+3,
490.41,3.637e+3,,3.637e+3,
490.46,3.579e+3,,3.579e+3,
490.51,3.488e+3,,3.488e+3,
490.56,3.358e+3,,3.358e+3,
490.61,3.190e+3,,3.190e+3,
490.66,2.987e+3,,2.987e+3,
490.71,2.757e+3,,2.757e+3,
490.76,2.511e+3,,2.511e+3,
490.81,2.260e+3,,2.260e+3,
490.86,2.016e+3,,2.016e+3,
490.91,1.793e+3,,1.793e+3,
490.96,1.599e+3,,1.599e+3,
491.01,1.444e+3,,1.444e+3,
491.06,1.332e+3,,1.332e+3,
491.11,1.267e+3,,1.267e+3,
491.16,1.249e+3,,1.249e+3,
491.21,1.276e+3,,1.276e+3,
491.26,1.345e+3,,1.345e+3,
491.31,1.448e+3,,1.448e+3,
491.36,1.579e+3,,1.579e+3,
491.41,1.728e+3,,1.728e+3,
491.46,1.886e+3,,1.886e+3,
491.51,2.043e+3,,2.043e+3,
491.56,2.191e+3,,2.191e+3,
491.61,2.319e+3,,2.319e+3,
491.66,2.422e+3,,2.422e+3,
491.71,2.493e+3,,2.493e+3,
491.76,2.529e+3,,2.529e+3,
491.81,2.530e+3,,2.530e+3,
491.86,2.495e+3,,2.495e+3,
491.91,2.430e+3,,2.430e+3,
491.96,2.338e+3,,2.338e+3,
492.01,2.225e+3,,2.225e+3,
492.06,2.098e+3,,2.098e+3,
492.11,1.962e+3,,1.962e+3,
492.16,1.823e+3,,1.823e+3,
492.21,1.685e+3,,1.685e+3,
492.26,1.552e+3,,1.552e+3,
492.31,1.424e+3,,1.424e+3,
492.36,1.303e+3,,1.303e+3,
492.41,1.189e+3,,1.189e+3,
492.46,1.080e+3,,1.080e+3,
492.51,9.776e+2,,9.776e+2,
492.56,8.793e+2,,8.793e+2,
492.61,7.849e+2,,7.849e+2,
492.66,6.944e+2,,6.944e+2,
492.71,6.079e+2,,6.079e+2,
492.76,5.258e+2,,5.258e+2,
492.81,4.488e+2,,4.488e+2,
492.86,3.777e+2,,3.777e+2,
492.91,3.130e+2,,3.130e+2,
492.96,2.552e+2,,2.552e+2,
493.01,2.046e+2,,2.046e+2,
493.06,1.612e+2,,1.612e+2,
493.11,1.248e+2,,1.248e+2,
493.16,9.481e+1,,9.481e+1,
493.21,7.072e+1,,7.072e+1,
493.26,5.177e+1,,5.177e+1,
493.31,3.718e+1,,3.718e+1,
493.36,2.619e+1,,2.619e+1,
493.41,1.809e+1,,1.809e+1,
493.46,1.226e+1,,1.226e+1,
493.51,8.140e+0,,8.140e+0,
493.56,5.301e+0,,5.301e+0,
493.61,3.383e+0,,3.383e+0,
493.66,2.117e+0,,2.117e+0,
493.71,1.298e+0,,1.298e+0,
493.76,7.803e-1,,7.803e-1,
493.81,4.597e-1,,4.597e-1,
493.86,2.653e-1,,2.653e-1,
493.91,1.501e-1,,1.501e-1,
493.96,8.320e-2,,8.320e-2,
494.01,4.519e-2,,4.519e-2,
494.06,2.405e-2,,2.405e-2,
494.11,1.254e-2,,1.254e-2,
494.16,6.408e-3,,6.408e-3,
494.21,3.208e-3,,3.208e-3,
494.26,1.574e-3,,1.574e-3,
494.31,7.562e-4,,7.562e-4,
494.36,3.560e-4,,3.560e-4,
494.41,1.642e-4,,1.642e-4,
494.46,7.422e-5,,7.422e-5,
494.51,3.286e-5,,3.286e-5,
494.56,1.426e-5,,1.426e-5,
494.61,6.085e-6,,6.085e-6,
494.66,2.597e-6,,2.597e-6,
494.71,1.221e-6,,1.221e-6,
494.76,8.938e-7,,8.938e-7,
494.81,1.349e-6,,1.349e-6,
494.86,2.929e-6,,2.929e-6,
494.91,6.800e-6,,6.800e-6,
494.96,1.571e-5,,1.571e-5,
495.01,3.564e-5,,3.564e-5,
495.06,7.927e-5,,7.927e-5,
495.11,1.728e-4,,1.728e-4,
495.16,3.692e-4,,3.692e-4,
495.21,7.728e-4,,7.728e-4,
495.26,1.585e-3,,1.585e-3,
495.31,3.187e-3,,3.187e-3,
495.36,6.280e-3,,6.280e-3,
495.41,1.212e-2,,1.212e-2,
495.46,2.294e-2,,2.294e-2,
495.51,4.253e-2,,4.253e-2,
495.56,7.727e-2,,7.727e-2,
495.61,1.376e-1,,1.376e-1,
495.66,2.400e-1,,2.400e-1,
495.71,4.104e-1,,4.104e-1,
495.76,6.877e-1,,6.877e-1,
495.81,1.129e+0,,1.129e+0,
495.86,1.817e+0,,1.817e+0,
495.91,2.865e+0,,2.865e+0,
495.96,4.427e+0,,4.427e+0,
496.01,6.705e+0,,6.705e+0,
496.06,9.949e+0,,9.949e+0,
496.11,1.447e+1,,1.447e+1,
496.16,2.062e+1,,2.062e+1,
496.21,2.879e+1,,2.879e+1,
496.26,3.941e+1,,3.941e+1,
496.31,5.285e+1,,5.285e+1,
496.36,6.946e+1,,6.946e+1,
496.41,8.945e+1,,8.945e+1,
496.46,1.129e+2,,1.129e+2,
496.51,1.396e+2,,1.396e+2,
496.56,1.692e+2,,1.692e+2,
496.61,2.010e+2,,2.010e+2,
496.66,2.340e+2,,2.340e+2,
496.71,2.669e+2,,2.669e+2,
496.76,2.983e+2,,2.983e+2,
496.81,3.267e+2,,3.267e+2,
496.86,3.507e+2,,3.507e+2,
496.91,3.689e+2,,3.689e+2,
496.96,3.803e+2,,3.803e+2,
497.01,3.842e+2,,3.842e+2,
497.06,3.803e+2,,3.803e+2,
497.11,3.689e+2,,3.689e+2,
497.16,3.507e+2,,3.507e+2,
497.21,3.267e+2,,3.267e+2,
497.26,2.983e+2,,2.983e+2,
497.31,2.669e+2,,2.669e+2,
497.36,2.340e+2,,2.340e+2,
497.41,2.010e+2,,2.010e+2,
497.46,1.692e+2,,1.692e+2,
497.51,1.396e+2,,1.396e+2,
497.56,1.129e+2,,1.129e+2,
497.61,8.945e+1,,8.945e+1,
497.66,6.946e+1,,6.946e+1,
497.71,5.285e+1,,5.285e+1,
497.76,3.941e+1,,3.941e+1,
497.81,2.880e+1,,2.880e+1,
497.86,2.062e+1,,2.062e+1,
497.91,1.448e+1,,1.448e+1,
497.96,9.970e+0,,9.970e+0,
498.01,6.744e+0,,6.744e+0,
498.06,4.499e+0,,4.499e+0,
498.11,2.994e+0,,2.994e+0,
498.16,2.044e+0,,2.044e+0,
498.21,1.522e+0,,1.522e+0,
498.26,1.353e+0,,1.353e+0,
498.31,1.515e+0,,1.515e+0,
498.36,2.037e+0,,2.037e+0,
498.41,3.003e+0,,3.003e+0,
498.46,4.557e+0,,4.557e+0,
498.51,6.907e+0,,6.907e+0,
498.56,1.033e+1,,1.033e+1,
498.61,1.519e+1,,1.519e+1,
498.66,2.191e+1,,2.191e+1,
498.71,3.098e+1,,3.098e+1,
498.76,4.294e+1,,4.294e+1,
498.81,5.834e+1,,5.834e+1,
498.86,7.769e+1,,7.769e+1,
498.91,1.014e+2,,1.014e+2,
498.96,1.298e+2,,1.298e+2,
499.01,1.627e+2,,1.627e+2,
499.06,2.000e+2,,2.000e+2,
499.11,2.410e+2,,2.410e+2,
499.16,2.846e+2,,2.846e+2,
499.21,3.294e+2,,3.294e+2,
499.26,3.738e+2,,3.738e+2,
499.31,4.156e+2,,4.156e+2,
499.36,4.530e+2,,4.530e+2,
499.41,4.840e+2,,4.840e+2,
499.46,5.068e+2,,5.068e+2,
499.51,5.202e+2,,5.202e+2,
499.56,5.233e+2,,5.233e+2,
499.61,5.160e+2,,5.160e+2,
499.66,4.988e+2,,4.988e+2,
499.71,4.725e+2,,4.725e+2,
499.76,4.387e+2,,4.387e+2,
499.81,3.993e+2,,3.993e+2,
499.86,3.562e+2,,3.562e+2,
499.91,3.115e+2,,3.115e+2,
499.96,2.669e+2,,2.669e+2,
500.01,2.242e+2,,2.242e+2,
500.06,1.846e+2,,1.846e+2,
500.11,1.490e+2,,1.490e+2,
500.16,1.179e+2,,1.179e+2,
500.21,9.138e+1,,9.138e+1,
500.26,6.945e+1,,6.945e+1,
500.31,5.173e+1,,5.173e+1,
500.36,3.777e+1,,3.777e+1,
500.41,2.703e+1,,2.703e+1,
500.46,1.896e+1,,1.896e+1,
500.51,1.303e+1,,1.303e+1,
500.56,8.783e+0,,8.783e+0,
500.61,5.801e+0,,5.801e+0,
500.66,3.756e+0,,3.756e+0,
500.71,2.383e+0,,2.383e+0,
500.76,1.482e+0,,1.482e+0,
500.81,9.037e-1,,9.037e-1,
500.86,5.400e-1,,5.400e-1,
500.91,3.163e-1,,3.163e-1,
500.96,1.816e-1,,1.816e-1,
501.01,1.022e-1,,1.022e-1,
501.06,5.634e-2,,5.634e-2,
501.11,3.046e-2,,3.046e-2,
501.16,1.614e-2,,1.614e-2,
501.21,8.381e-3,,8.381e-3,
501.26,4.266e-3,,4.266e-3,
501.31,2.129e-3,,2.129e-3,
501.36,1.041e-3,,1.041e-3,
501.41,4.990e-4,,4.990e-4,
501.46,2.345e-4,,2.345e-4,
501.51,1.080e-4,,1.080e-4,
501.56,4.874e-5,,4.874e-5,
501.61,2.156e-5,,2.156e-5,
501.66,9.351e-6,,9.351e-6,
501.71,3.974e-6,,3.974e-6,
501.76,1.656e-6,,1.656e-6,
501.81,6.762e-7,,6.762e-7,
501.86,2.706e-7,,2.706e-7,
501.91,1.062e-7,,1.062e-7,
501.96,4.083e-8,,4.083e-8,
502.01,1.539e-8,,1.539e-8,
502.06,5.685e-9,,5.685e-9,
502.11,2.058e-9,,2.058e-9,
502.16,7.306e-10,,7.306e-10,
502.21,2.542e-10,,2.542e-10,
502.26,8.666e-11,,8.666e-11,
502.31,2.896e-11,,2.896e-11,
502.36,9.488e-12,,9.488e-12,
502.41,3.046e-12,,3.046e-12,
502.46,9.587e-13,,9.587e-13,
502.51,2.957e-13,,2.957e-13,
502.56,8.942e-14,,8.942e-14,
503.76,7.090e-14,,7.090e-14,
503.81,2.302e-13,,2.302e-13,
503.86,7.330e-13,,7.330e-13,
503.91,2.289e-12,,2.289e-12,
503.96,7.011e-12,,7.011e-12,
504.01,2.106e-11,,2.106e-11,
504.06,6.203e-11,,6.203e-11,
504.11,1.792e-10,,1.792e-10,
504.16,5.078e-10,,5.078e-10,
504.21,1.411e-9,,1.411e-9,
504.26,3.845e-9,,3.845e-9,
504.31,1.028e-8,,1.028e-8,
504.36,2.693e-8,,2.693e-8,
504.41,6.923e-8,,6.923e-8,
504.46,1.745e-7,,1.745e-7,
504.51,4.315e-7,,4.315e-7,
504.56,1.046e-6,,1.046e-6,
504.61,2.488e-6,,2.488e-6,
504.66,5.802e-6,,5.802e-6,
504.71,1.327e-5,,1.327e-5,
504.76,2.976e-5,,2.976e-5,
504.81,6.548e-5,,6.548e-5,
504.86,1.413e-4,,1.413e-4,
504.91,2.989e-4,,2.989e-4,
504.96,6.202e-4,,6.202e-4,
505.01,1.262e-3,,1.262e-3,
505.06,2.519e-3,,2.519e-3,
505.11,4.930e-3,,4.930e-3,
505.16,9.464e-3,,9.464e-3,
505.21,1.782e-2,,1.782e-2,
505.26,3.289e-2,,3.289e-2,
505.31,5.956e-2,,5.956e-2,
505.36,1.058e-1,,1.058e-1,
505.41,1.842e-1,,1.842e-1,
505.46,3.146e-1,,3.146e-1,
505.51,5.270e-1,,5.270e-1,
505.56,8.657e-1,,8.657e-1,
505.61,1.395e+0,,1.395e+0,
505.66,2.204e+0,,2.204e+0,
505.71,3.415e+0,,3.415e+0,
505.76,5.190e+0,,5.190e+0,
505.81,7.735e+0,,7.735e+0,
505.86,1.131e+1,,1.131e+1,
505.91,1.621e+1,,1.621e+1,
505.96,2.279e+1,,2.279e+1,
506.01,3.142e+1,,3.142e+1,
506.06,4.249e+1,,4.249e+1,
506.11,5.636e+1,,5.636e+1,
506.16,7.332e+1,,7.332e+1,
506.21,9.356e+1,,9.356e+1,
506.26,1.171e+2,,1.171e+2,
506.31,1.438e+2,,1.438e+2,
506.36,1.732e+2,,1.732e+2,
506.41,2.048e+2,,2.048e+2,
506.46,2.376e+2,,2.376e+2,
506.51,2.708e+2,,2.708e+2,
506.56,3.033e+2,,3.033e+2,
506.61,3.341e+2,,3.341e+2,
506.66,3.626e+2,,3.626e+2,
506.71,3.882e+2,,3.882e+2,
506.76,4.113e+2,,4.113e+2,
506.81,4.326e+2,,4.326e+2,
506.86,4.540e+2,,4.540e+2,
506.91,4.777e+2,,4.777e+2,
506.96,5.071e+2,,5.071e+2,
507.01,5.460e+2,,5.460e+2,
507.06,5.987e+2,,5.987e+2,
507.11,6.693e+2,,6.693e+2,
507.16,7.619e+2,,7.619e+2,
507.21,8.795e+2,,8.795e+2,
507.26,1.024e+3,,1.024e+3,
507.31,1.195e+3,,1.195e+3,
507.36,1.391e+3,,1.391e+3,
507.41,1.608e+3,,1.608e+3,
507.46,1.838e+3,,1.838e+3,
507.51,2.074e+3,,2.074e+3,
507.56,2.304e+3,,2.304e+3,
507.61,2.519e+3,,2.519e+3,
507.66,2.705e+3,,2.705e+3,
507.71,2.854e+3,,2.854e+3,
507.76,2.956e+3,,2.956e+3,
507.81,3.004e+3,,3.004e+3,
507.86,2.995e+3,,2.995e+3,
507.91,2.931e+3,,2.931e+3,
507.96,2.813e+3,,2.813e+3,
508.01,2.648e+3,,2.648e+3,
508.06,2.445e+3,,2.445e+3,
508.11,2.215e+3,,2.215e+3,
508.16,1.967e+3,,1.967e+3,
508.21,1.714e+3,,1.714e+3,
508.26,1.465e+3,,1.465e+3,
508.31,1.228e+3,,1.228e+3,
508.36,1.010e+3,,1.010e+3,
508.41,8.145e+2,,8.145e+2,
508.46,6.445e+2,,6.445e+2,
508.51,5.004e+2,,5.004e+2,
508.56,3.816e+2,,3.816e+2,
508.61,2.861e+2,,2.861e+2,
508.66,2.117e+2,,2.117e+2,
508.71,1.555e+2,,1.555e+2,
508.76,1.151e+2,,1.151e+2,
508.81,8.807e+1,,8.807e+1,
508.86,7.258e+1,,7.258e+1,
508.91,6.733e+1,,6.733e+1,
508.96,7.163e+1,,7.163e+1,
509.01,8.535e+1,,8.535e+1,
509.06,1.089e+2,,1.089e+2,
509.11,1.433e+2,,1.433e+2,
509.16,1.895e+2,,1.895e+2,
509.21,2.492e+2,,2.492e+2,
509.26,3.238e+2,,3.238e+2,
509.31,4.145e+2,,4.145e+2,
509.36,5.224e+2,,5.224e+2,
509.42,6.752e+2,,6.752e+2,
509.47,8.218e+2,,8.218e+2,
509.52,9.848e+2,,9.848e+2,
509.57,1.162e+3,,1.162e+3,
509.62,1.351e+3,,1.351e+3,
509.67,1.549e+3,,1.549e+3,
509.72,1.750e+3,,1.750e+3,
509.77,1.951e+3,,1.951e+3,
509.82,2.145e+3,,2.145e+3,
509.87,2.328e+3,,2.328e+3,
509.92,2.495e+3,,2.495e+3,
509.97,2.640e+3,,2.640e+3,
510.02,2.758e+3,,2.758e+3,
510.07,2.846e+3,,2.846e+3,
510.12,2.900e+3,,2.900e+3,
510.17,2.917e+3,,2.917e+3,
510.22,2.898e+3,,2.898e+3,
510.27,2.841e+3,,2.841e+3,
510.32,2.748e+3,,2.748e+3,
510.37,2.623e+3,,2.623e+3,
510.42,2.470e+3,,2.470e+3,
510.47,2.294e+3,,2.294e+3,
510.52,2.102e+3,,2.102e+3,
510.57,1.901e+3,,1.901e+3,
510.62,1.698e+3,,1.698e+3,
510.67,1.499e+3,,1.499e+3,
510.72,1.310e+3,,1.310e+3,
510.77,1.137e+3,,1.137e+3,
510.82,9.832e+2,,9.832e+2,
510.87,8.505e+2,,8.505e+2,
510.92,7.399e+2,,7.399e+2,
510.97,6.508e+2,,6.508e+2,
511.02,5.814e+2,,5.814e+2,
511.07,5.292e+2,,5.292e+2,
511.12,4.910e+2,,4.910e+2,
511.17,4.633e+2,,4.633e+2,
511.22,4.428e+2,,4.428e+2,
511.27,4.261e+2,,4.261e+2,
511.32,4.107e+2,,4.107e+2,
511.37,3.945e+2,,3.945e+2,
511.42,3.760e+2,,3.760e+2,
511.47,3.545e+2,,3.545e+2,
511.52,3.298e+2,,3.298e+2,
511.57,3.022e+2,,3.022e+2,
511.62,2.725e+2,,2.725e+2,
511.67,2.415e+2,,2.415e+2,
511.72,2.102e+2,,2.102e+2,
511.77,1.797e+2,,1.797e+2,
511.82,1.508e+2,,1.508e+2,
511.87,1.242e+2,,1.242e+2,
511.92,1.004e+2,,1.004e+2,
511.97,7.961e+1,,7.961e+1,
512.02,6.195e+1,,6.195e+1,
512.07,4.730e+1,,4.730e+1,
512.12,3.543e+1,,3.543e+1,
512.17,2.604e+1,,2.604e+1,
512.22,1.878e+1,,1.878e+1,
512.27,1.328e+1,,1.328e+1,
512.32,9.218e+0,,9.218e+0,
512.37,6.276e+0,,6.276e+0,
512.42,4.192e+0,,4.192e+0,
512.47,2.747e+0,,2.747e+0,
512.52,1.766e+0,,1.766e+0,
512.57,1.114e+0,,1.114e+0,
512.62,6.894e-1,,6.894e-1,
512.67,4.185e-1,,4.185e-1,
512.72,2.492e-1,,2.492e-1,
512.77,1.456e-1,,1.456e-1,
512.82,8.348e-2,,8.348e-2,
512.87,4.694e-2,,4.694e-2,
512.92,2.590e-2,,2.590e-2,
512.97,1.402e-2,,1.402e-2,
513.02,7.444e-3,,7.444e-3,
513.07,3.878e-3,,3.878e-3,
513.12,1.982e-3,,1.982e-3,
513.17,9.938e-4,,9.938e-4,
513.22,4.888e-4,,4.888e-4,
513.27,2.359e-4,,2.359e-4,
513.32,1.117e-4,,1.117e-4,
513.37,5.188e-5,,5.188e-5,
513.42,2.364e-5,,2.364e-5,
513.47,1.057e-5,,1.057e-5,
513.52,4.635e-6,,4.635e-6,
513.57,1.994e-6,,1.994e-6,
513.62,8.419e-7,,8.419e-7,
513.67,3.486e-7,,3.486e-7,
513.72,1.417e-7,,1.417e-7,
513.77,5.646e-8,,5.646e-8,
513.82,2.208e-8,,2.208e-8,
513.87,8.470e-9,,8.470e-9,
513.92,3.188e-9,,3.188e-9,
513.97,1.177e-9,,1.177e-9,
514.02,4.264e-10,,4.264e-10,
514.07,1.515e-10,,1.515e-10,
514.12,5.283e-11,,5.283e-11,
514.17,1.807e-11,,1.807e-11,
514.22,6.064e-12,,6.064e-12,
514.27,1.996e-12,,1.996e-12,
514.32,6.448e-13,,6.448e-13,
514.37,2.043e-13,,2.043e-13,
514.42,6.351e-14,,6.351e-14,
518.62,3.730e-13,,3.730e-13,
518.67,4.907e-12,,4.907e-12,
518.72,1.527e-11,,1.527e-11,
518.77,4.664e-11,,4.664e-11,
518.82,1.399e-10,,1.399e-10,
518.87,4.118e-10,,4.118e-10,
518.92,1.191e-9,,1.191e-9,
518.97,3.379e-9,,3.379e-9,
519.02,9.420e-9,,9.420e-9,
519.07,2.577e-8,,2.577e-8,
519.12,6.924e-8,,6.924e-8,
519.17,1.826e-7,,1.826e-7,
519.22,4.729e-7,,4.729e-7,
519.27,1.202e-6,,1.202e-6,
519.32,3.002e-6,,3.002e-6,
519.37,7.357e-6,,7.357e-6,
519.42,1.770e-5,,1.770e-5,
519.47,4.183e-5,,4.183e-5,
519.52,9.702e-5,,9.702e-5,
519.57,2.210e-4,,2.210e-4,
519.62,4.941e-4,,4.941e-4,
519.67,1.085e-3,,1.085e-3,
519.72,2.339e-3,,2.339e-3,
519.77,4.949e-3,,4.949e-3,
519.82,1.029e-2,,1.029e-2,
519.87,2.099e-2,,2.099e-2,
519.92,4.204e-2,,4.204e-2,
519.97,8.269e-2,,8.269e-2,
520.02,1.597e-1,,1.597e-1,
520.07,3.028e-1,,3.028e-1,
520.12,5.638e-1,,5.638e-1,
520.17,1.031e+0,,1.031e+0,
520.22,1.850e+0,,1.850e+0,
520.27,3.261e+0,,3.261e+0,
520.32,5.643e+0,,5.643e+0,
520.37,9.590e+0,,9.590e+0,
520.42,1.600e+1,,1.600e+1,
520.47,2.622e+1,,2.622e+1,
520.52,4.219e+1,,4.219e+1,
520.57,6.666e+1,,6.666e+1,
520.62,1.034e+2,,1.034e+2,
520.67,1.576e+2,,1.576e+2,
520.72,2.359e+2,,2.359e+2,
520.77,3.467e+2,,3.467e+2,
520.82,5.005e+2,,5.005e+2,
520.87,7.097e+2,,7.097e+2,
520.92,9.885e+2,,9.885e+2,
520.97,1.352e+3,,1.352e+3,
521.02,1.818e+3,,1.818e+3,
521.07,2.400e+3,,2.400e+3,
521.12,3.115e+3,,3.115e+3,
521.17,3.971e+3,,3.971e+3,
521.22,4.975e+3,,4.975e+3,
521.27,6.127e+3,,6.127e+3,
521.32,7.417e+3,,7.417e+3,
521.37,8.827e+3,,8.827e+3,
521.42,1.033e+4,,1.033e+4,
521.47,1.189e+4,,1.189e+4,
521.52,1.345e+4,,1.345e+4,
521.57,1.498e+4,,1.498e+4,
521.62,1.641e+4,,1.641e+4,
521.67,1.769e+4,,1.769e+4,
521.72,1.878e+4,,1.878e+4,
521.77,1.962e+4,,1.962e+4,
521.82,2.019e+4,,2.019e+4,
521.87,2.047e+4,,2.047e+4,
521.92,2.044e+4,,2.044e+4,
521.97,2.011e+4,,2.011e+4,
522.02,1.950e+4,,1.950e+4,
522.07,1.863e+4,,1.863e+4,
522.12,1.756e+4,,1.756e+4,
522.17,1.631e+4,,1.631e+4,
522.22,1.493e+4,,1.493e+4,
522.27,1.348e+4,,1.348e+4,
522.32,1.200e+4,,1.200e+4,
522.37,1.053e+4,,1.053e+4,
522.42,9.113e+3,,9.113e+3,
522.47,7.772e+3,,7.772e+3,
522.52,6.533e+3,,6.533e+3,
522.57,5.412e+3,,5.412e+3,
522.62,4.416e+3,,4.416e+3,
522.67,3.551e+3,,3.551e+3,
522.72,2.811e+3,,2.811e+3,
522.77,2.192e+3,,2.192e+3,
522.82,1.682e+3,,1.682e+3,
522.87,1.271e+3,,1.271e+3,
522.92,9.445e+2,,9.445e+2,
522.97,6.908e+2,,6.908e+2,
523.02,4.970e+2,,4.970e+2,
523.07,3.516e+2,,3.516e+2,
523.12,2.447e+2,,2.447e+2,
523.17,1.674e+2,,1.674e+2,
523.22,1.125e+2,,1.125e+2,
523.27,7.439e+1,,7.439e+1,
523.32,4.833e+1,,4.833e+1,
523.37,3.085e+1,,3.085e+1,
523.42,1.935e+1,,1.935e+1,
523.47,1.193e+1,,1.193e+1,
523.52,7.222e+0,,7.222e+0,
523.57,4.296e+0,,4.296e+0,
523.62,2.510e+0,,2.510e+0,
523.67,1.441e+0,,1.441e+0,
523.72,8.121e-1,,8.121e-1,
523.77,4.496e-1,,4.496e-1,
523.82,2.445e-1,,2.445e-1,
523.87,1.306e-1,,1.306e-1,
523.92,6.847e-2,,6.847e-2,
523.97,3.526e-2,,3.526e-2,
524.02,1.783e-2,,1.783e-2,
524.07,8.856e-3,,8.856e-3,
524.12,4.319e-3,,4.319e-3,
524.17,2.068e-3,,2.068e-3,
524.22,9.725e-4,,9.725e-4,
524.27,4.490e-4,,4.490e-4,
524.32,2.036e-4,,2.036e-4,
524.37,9.062e-5,,9.062e-5,
524.42,3.961e-5,,3.961e-5,
524.47,1.700e-5,,1.700e-5,
524.52,7.164e-6,,7.164e-6,
524.57,2.964e-6,,2.964e-6,
524.62,1.204e-6,,1.204e-6,
524.67,4.803e-7,,4.803e-7,
524.72,1.881e-7,,1.881e-7,
524.77,7.234e-8,,7.234e-8,
524.82,2.731e-8,,2.731e-8,
524.87,1.012e-8,,1.012e-8,
524.92,3.685e-9,,3.685e-9,
524.97,1.316e-9,,1.316e-9,
525.02,4.618e-10,,4.618e-10,
525.07,1.591e-10,,1.591e-10,
525.12,5.382e-11,,5.382e-11,
525.17,1.787e-11,,1.787e-11,
525.22,5.829e-12,,5.829e-12,
525.27,1.866e-12,,1.866e-12,
535.97,6.268e-13,,6.268e-13,
536.02,1.894e-12,,1.894e-12,
536.07,5.625e-12,,5.625e-12,
536.12,1.642e-11,,1.642e-11,
536.17,4.712e-11,,4.712e-11,
536.22,1.329e-10,,1.329e-10,
536.27,3.685e-10,,3.685e-10,
536.32,1.004e-9,,1.004e-9,
536.37,2.690e-9,,2.690e-9,
536.42,7.084e-9,,7.084e-9,
536.47,1.834e-8,,1.834e-8,
536.52,4.665e-8,,4.665e-8,
536.57,1.167e-7,,1.167e-7,
536.62,2.868e-7,,2.868e-7,
536.67,6.929e-7,,6.929e-7,
536.72,1.646e-6,,1.646e-6,
536.77,3.842e-6,,3.842e-6,
536.82,8.816e-6,,8.816e-6,
536.87,1.988e-5,,1.988e-5,
536.92,4.409e-5,,4.409e-5,
536.97,9.608e-5,,9.608e-5,
537.02,2.058e-4,,2.058e-4,
537.07,4.334e-4,,4.334e-4,
537.12,8.970e-4,,8.970e-4,
537.17,1.825e-3,,1.825e-3,
537.22,3.649e-3,,3.649e-3,
537.27,7.174e-3,,7.174e-3,
537.32,1.386e-2,,1.386e-2,
537.37,2.632e-2,,2.632e-2,
537.42,4.914e-2,,4.914e-2,
537.47,9.018e-2,,9.018e-2,
537.52,1.627e-1,,1.627e-1,
537.57,2.884e-1,,2.884e-1,
537.62,5.026e-1,,5.026e-1,
537.67,8.609e-1,,8.609e-1,
537.72,1.450e+0,,1.450e+0,
537.77,2.399e+0,,2.399e+0,
537.82,3.903e+0,,3.903e+0,
537.87,6.242e+0,,6.242e+0,
537.92,9.812e+0,,9.812e+0,
537.97,1.516e+1,,1.516e+1,
538.02,2.303e+1,,2.303e+1,
538.07,3.437e+1,,3.437e+1,
538.12,5.044e+1,,5.044e+1,
538.17,7.275e+1,,7.275e+1,
538.22,1.031e+2,,1.031e+2,
538.27,1.437e+2,,1.437e+2,
538.32,1.969e+2,,1.969e+2,
538.37,2.651e+2,,2.651e+2,
538.42,3.509e+2,,3.509e+2,
538.47,4.565e+2,,4.565e+2,
538.52,5.838e+2,,5.838e+2,
538.57,7.339e+2,,7.339e+2,
538.62,9.067e+2,,9.067e+2,
538.67,1.101e+3,,1.101e+3,
538.72,1.315e+3,,1.315e+3,
538.77,1.543e+3,,1.543e+3,
538.82,1.779e+3,,1.779e+3,
538.87,2.017e+3,,2.017e+3,
538.92,2.248e+3,,2.248e+3,
538.97,2.463e+3,,2.463e+3,
539.02,2.652e+3,,2.652e+3,
539.07,2.806e+3,,2.806e+3,
539.12,2.920e+3,,2.920e+3,
539.17,2.986e+3,,2.986e+3,
539.22,3.001e+3,,3.001e+3,
539.27,2.965e+3,,2.965e+3,
539.32,2.880e+3,,2.880e+3,
539.37,2.749e+3,,2.749e+3,
539.42,2.580e+3,,2.580e+3,
539.47,2.379e+3,,2.379e+3,
539.52,2.157e+3,,2.157e+3,
539.57,1.922e+3,,1.922e+3,
539.62,1.684e+3,,1.684e+3,
539.67,1.450e+3,,1.450e+3,
539.72,1.227e+3,,1.227e+3,
539.77,1.021e+3,,1.021e+3,
539.82,8.349e+2,,8.349e+2,
539.87,6.711e+2,,6.711e+2,
539.92,5.302e+2,,5.302e+2,
539.97,4.118e+2,,4.118e+2,
540.02,3.144e+2,,3.144e+2,
540.07,2.359e+2,,2.359e+2,
540.12,1.740e+2,,1.740e+2,
540.17,1.261e+2,,1.261e+2,
540.22,8.989e+1,,8.989e+1,
540.27,6.297e+1,,6.297e+1,
540.33,4.016e+1,,4.016e+1,
540.38,2.710e+1,,2.710e+1,
540.43,1.799e+1,,1.799e+1,
540.48,1.176e+1,,1.176e+1,
540.53,7.602e+0,,7.602e+0,
540.58,4.913e+0,,4.913e+0,
540.63,3.270e+0,,3.270e+0,
540.68,2.394e+0,,2.394e+0,
540.73,2.135e+0,,2.135e+0,
540.78,2.459e+0,,2.459e+0,
540.83,3.444e+0,,3.444e+0,
540.88,5.301e+0,,5.301e+0,
540.93,8.396e+0,,8.396e+0,
540.98,1.329e+1,,1.329e+1,
541.03,2.081e+1,,2.081e+1,
541.08,3.211e+1,,3.211e+1,
541.13,4.872e+1,,4.872e+1,
541.18,7.271e+1,,7.271e+1,
541.23,1.067e+2,,1.067e+2,
541.28,1.539e+2,,1.539e+2,
541.33,2.183e+2,,2.183e+2,
541.38,3.045e+2,,3.045e+2,
541.43,4.174e+2,,4.174e+2,
541.48,5.626e+2,,5.626e+2,
541.53,7.456e+2,,7.456e+2,
541.58,9.714e+2,,9.714e+2,
541.63,1.244e+3,,1.244e+3,
541.68,1.567e+3,,1.567e+3,
541.73,1.940e+3,,1.940e+3,
541.78,2.361e+3,,2.361e+3,
541.83,2.826e+3,,2.826e+3,
541.88,3.325e+3,,3.325e+3,
541.93,3.846e+3,,3.846e+3,
541.98,4.374e+3,,4.374e+3,
542.03,4.890e+3,,4.890e+3,
542.08,5.376e+3,,5.376e+3,
542.13,5.810e+3,,5.810e+3,
542.18,6.173e+3,,6.173e+3,
542.23,6.448e+3,,6.448e+3,
542.28,6.622e+3,,6.622e+3,
542.33,6.687e+3,,6.687e+3,
542.38,6.638e+3,,6.638e+3,
542.43,6.478e+3,,6.478e+3,
542.48,6.216e+3,,6.216e+3,
542.53,5.864e+3,,5.864e+3,
542.58,5.439e+3,,5.439e+3,
542.63,4.959e+3,,4.959e+3,
542.68,4.446e+3,,4.446e+3,
542.73,3.919e+3,,3.919e+3,
542.78,3.396e+3,,3.396e+3,
542.83,2.894e+3,,2.894e+3,
542.88,2.426e+3,,2.426e+3,
542.93,2.000e+3,,2.000e+3,
542.98,1.623e+3,,1.623e+3,
543.03,1.298e+3,,1.298e+3,
543.08,1.026e+3,,1.026e+3,
543.13,8.050e+2,,8.050e+2,
543.18,6.322e+2,,6.322e+2,
543.23,5.045e+2,,5.045e+2,
543.28,4.188e+2,,4.188e+2,
543.33,3.724e+2,,3.724e+2,
543.38,3.634e+2,,3.634e+2,
543.43,3.910e+2,,3.910e+2,
543.48,4.553e+2,,4.553e+2,
543.53,5.571e+2,,5.571e+2,
543.58,6.982e+2,,6.982e+2,
543.63,8.800e+2,,8.800e+2,
543.68,1.104e+3,,1.104e+3,
543.73,1.370e+3,,1.370e+3,
543.78,1.678e+3,,1.678e+3,
543.83,2.024e+3,,2.024e+3,
543.88,2.403e+3,,2.403e+3,
543.93,2.807e+3,,2.807e+3,
543.98,3.224e+3,,3.224e+3,
544.03,3.643e+3,,3.643e+3,
544.08,4.049e+3,,4.049e+3,
544.13,4.425e+3,,4.425e+3,
544.18,4.757e+3,,4.757e+3,
544.23,5.029e+3,,5.029e+3,
544.28,5.229e+3,,5.229e+3,
544.33,5.348e+3,,5.348e+3,
544.38,5.380e+3,,5.380e+3,
544.43,5.325e+3,,5.325e+3,
544.48,5.187e+3,,5.187e+3,
544.53,4.973e+3,,4.973e+3,
544.58,4.696e+3,,4.696e+3,
544.63,4.371e+3,,4.371e+3,
544.68,4.015e+3,,4.015e+3,
544.73,3.646e+3,,3.646e+3,
544.78,3.281e+3,,3.281e+3,
544.83,2.938e+3,,2.938e+3,
544.88,2.630e+3,,2.630e+3,
544.93,2.370e+3,,2.370e+3,
544.98,2.167e+3,,2.167e+3,
545.03,2.024e+3,,2.024e+3,
545.08,1.945e+3,,1.945e+3,
545.13,1.927e+3,,1.927e+3,
545.18,1.966e+3,,1.966e+3,
545.23,2.055e+3,,2.055e+3,
545.28,2.183e+3,,2.183e+3,
545.33,2.339e+3,,2.339e+3,
545.38,2.512e+3,,2.512e+3,
545.43,2.687e+3,,2.687e+3,
545.48,2.852e+3,,2.852e+3,
545.53,2.994e+3,,2.994e+3,
545.58,3.104e+3,,3.104e+3,
545.63,3.173e+3,,3.173e+3,
545.68,3.196e+3,,3.196e+3,
545.73,3.169e+3,,3.169e+3,
545.78,3.093e+3,,3.093e+3,
545.83,2.971e+3,,2.971e+3,
545.88,2.807e+3,,2.807e+3,
545.93,2.610e+3,,2.610e+3,
545.98,2.386e+3,,2.386e+3,
546.03,2.146e+3,,2.146e+3,
546.08,1.899e+3,,1.899e+3,
546.13,1.652e+3,,1.652e+3,
546.18,1.414e+3,,1.414e+3,
546.23,1.191e+3,,1.191e+3,
546.28,9.859e+2,,9.859e+2,
546.33,8.029e+2,,8.029e+2,
546.38,6.432e+2,,6.432e+2,
546.43,5.067e+2,,5.067e+2,
546.48,3.927e+2,,3.927e+2,
546.53,2.993e+2,,2.993e+2,
546.58,2.244e+2,,2.244e+2,
546.63,1.654e+2,,1.654e+2,
546.68,1.200e+2,,1.200e+2,
546.73,8.557e+1,,8.557e+1,
546.78,6.003e+1,,6.003e+1,
546.83,4.142e+1,,4.142e+1,
546.88,2.811e+1,,2.811e+1,
546.93,1.877e+1,,1.877e+1,
546.98,1.232e+1,,1.232e+1,
547.03,7.955e+0,,7.955e+0,
547.08,5.052e+0,,5.052e+0,
547.13,3.156e+0,,3.156e+0,
547.18,1.939e+0,,1.939e+0,
547.23,1.171e+0,,1.171e+0,
547.28,6.962e-1,,6.962e-1,
547.33,4.070e-1,,4.070e-1,
547.38,2.340e-1,,2.340e-1,
547.43,1.323e-1,,1.323e-1,
547.48,7.357e-2,,7.357e-2,
547.53,4.024e-2,,4.024e-2,
547.58,2.165e-2,,2.165e-2,
547.63,1.145e-2,,1.145e-2,
547.68,5.960e-3,,5.960e-3,
547.73,3.050e-3,,3.050e-3,
547.78,1.535e-3,,1.535e-3,
547.83,7.602e-4,,7.602e-4,
547.88,3.701e-4,,3.701e-4,
547.93,1.773e-4,,1.773e-4,
547.98,8.349e-5,,8.349e-5,
548.03,3.867e-5,,3.867e-5,
548.08,1.762e-5,,1.762e-5,
548.13,7.895e-6,,7.895e-6,
548.18,3.480e-6,,3.480e-6,
548.23,1.508e-6,,1.508e-6,
548.28,6.429e-7,,6.429e-7,
548.33,2.695e-7,,2.695e-7,
548.38,1.111e-7,,1.111e-7,
548.43,4.507e-8,,4.507e-8,
548.48,1.798e-8,,1.798e-8,
548.53,7.051e-9,,7.051e-9,
548.58,2.720e-9,,2.720e-9,
548.63,1.032e-9,,1.032e-9,
548.68,3.852e-10,,3.852e-10,
548.73,1.414e-10,,1.414e-10,
548.78,5.102e-11,,5.102e-11,
548.83,1.811e-11,,1.811e-11,
548.88,6.323e-12,,6.323e-12,
548.93,2.171e-12,,2.171e-12,
548.98,6.858e-13,,6.858e-13,
549.03,1.303e-13,,1.303e-13,
553.53,1.035e-14,,1.035e-14,
553.58,3.023e-14,,3.023e-14,
553.63,8.692e-14,,8.692e-14,
553.68,2.459e-13,,2.459e-13,
553.73,6.845e-13,,6.845e-13,
553.78,1.875e-12,,1.875e-12,
553.83,5.054e-12,,5.054e-12,
553.88,1.341e-11,,1.341e-11,
553.93,3.499e-11,,3.499e-11,
553.98,8.986e-11,,8.986e-11,
554.03,2.271e-10,,2.271e-10,
554.08,5.647e-10,,5.647e-10,
554.13,1.382e-9,,1.382e-9,
554.18,3.327e-9,,3.327e-9,
554.23,7.883e-9,,7.883e-9,
554.28,1.838e-8,,1.838e-8,
554.33,4.216e-8,,4.216e-8,
554.38,9.518e-8,,9.518e-8,
554.43,2.114e-7,,2.114e-7,
554.48,4.621e-7,,4.621e-7,
554.53,9.939e-7,,9.939e-7,
554.58,2.104e-6,,2.104e-6,
554.63,4.381e-6,,4.381e-6,
554.68,8.978e-6,,8.978e-6,
554.73,1.810e-5,,1.810e-5,
554.78,3.592e-5,,3.592e-5,
554.83,7.014e-5,,7.014e-5,
554.88,1.348e-4,,1.348e-4,
554.93,2.548e-4,,2.548e-4,
554.98,4.739e-4,,4.739e-4,
555.03,8.676e-4,,8.676e-4,
555.08,1.563e-3,,1.563e-3,
555.13,2.770e-3,,2.770e-3,
555.18,4.831e-3,,4.831e-3,
555.23,8.291e-3,,8.291e-3,
555.28,1.400e-2,,1.400e-2,
555.33,2.327e-2,,2.327e-2,
555.38,3.805e-2,,3.805e-2,
555.43,6.122e-2,,6.122e-2,
555.48,9.693e-2,,9.693e-2,
555.53,1.510e-1,,1.510e-1,
555.58,2.315e-1,,2.315e-1,
555.63,3.492e-1,,3.492e-1,
555.68,5.184e-1,,5.184e-1,
555.73,7.573e-1,,7.573e-1,
555.78,1.088e+0,,1.088e+0,
555.83,1.539e+0,,1.539e+0,
555.88,2.142e+0,,2.142e+0,
555.93,2.934e+0,,2.934e+0,
555.98,3.953e+0,,3.953e+0,
556.03,5.242e+0,,5.242e+0,
556.08,6.840e+0,,6.840e+0,
556.13,8.782e+0,,8.782e+0,
556.18,1.109e+1,,1.109e+1,
556.23,1.379e+1,,1.379e+1,
556.28,1.687e+1,,1.687e+1,
556.33,2.031e+1,,2.031e+1,
556.38,2.406e+1,,2.406e+1,
556.43,2.804e+1,,2.804e+1,
556.48,3.216e+1,,3.216e+1,
556.53,3.629e+1,,3.629e+1,
556.58,4.030e+1,,4.030e+1,
556.63,4.404e+1,,4.404e+1,
556.68,4.735e+1,,4.735e+1,
556.73,5.010e+1,,5.010e+1,
556.78,5.216e+1,,5.216e+1,
556.83,5.344e+1,,5.344e+1,
556.88,5.387e+1,,5.387e+1,
556.93,5.344e+1,,5.344e+1,
556.98,5.216e+1,,5.216e+1,
557.03,5.010e+1,,5.010e+1,
557.08,4.735e+1,,4.735e+1,
557.13,4.404e+1,,4.404e+1,
557.18,4.030e+1,,4.030e+1,
557.23,3.629e+1,,3.629e+1,
557.28,3.216e+1,,3.216e+1,
557.33,2.804e+1,,2.804e+1,
557.38,2.406e+1,,2.406e+1,
557.43,2.031e+1,,2.031e+1,
557.48,1.687e+1,,1.687e+1,
557.53,1.379e+1,,1.379e+1,
557.58,1.109e+1,,1.109e+1,
557.63,8.782e+0,,8.782e+0,
557.68,6.840e+0,,6.840e+0,
557.73,5.242e+0,,5.242e+0,
557.78,3.953e+0,,3.953e+0,
557.83,2.934e+0,,2.934e+0,
557.88,2.142e+0,,2.142e+0,
557.93,1.539e+0,,1.539e+0,
557.98,1.088e+0,,1.088e+0,
558.03,7.573e-1,,7.573e-1,
558.08,5.184e-1,,5.184e-1,
558.13,3.492e-1,,3.492e-1,
558.18,2.315e-1,,2.315e-1,
558.23,1.510e-1,,1.510e-1,
558.28,9.693e-2,,9.693e-2,
558.33,6.122e-2,,6.122e-2,
558.38,3.805e-2,,3.805e-2,
558.43,2.327e-2,,2.327e-2,
558.48,1.400e-2,,1.400e-2,
558.53,8.291e-3,,8.291e-3,
558.58,4.831e-3,,4.831e-3,
558.63,2.770e-3,,2.770e-3,
558.68,1.563e-3,,1.563e-3,
558.73,8.676e-4,,8.676e-4,
558.78,4.739e-4,,4.739e-4,
558.83,2.548e-4,,2.548e-4,
558.88,1.348e-4,,1.348e-4,
558.93,7.014e-5,,7.014e-5,
558.98,3.592e-5,,3.592e-5,
559.03,1.810e-5,,1.810e-5,
559.08,8.978e-6,,8.978e-6,
559.13,4.381e-6,,4.381e-6,
559.18,2.104e-6,,2.104e-6,
559.23,9.939e-7,,9.939e-7,
559.28,4.621e-7,,4.621e-7,
559.33,2.114e-7,,2.114e-7,
559.38,9.518e-8,,9.518e-8,
559.43,4.216e-8,,4.216e-8,
559.48,1.838e-8,,1.838e-8,
559.53,7.883e-9,,7.883e-9,
559.58,3.327e-9,,3.327e-9,
559.63,1.382e-9,,1.382e-9,
559.68,5.647e-10,,5.647e-10,
559.73,2.271e-10,,2.271e-10,
559.78,8.986e-11,,8.986e-11,
559.83,3.499e-11,,3.499e-11,
559.88,1.341e-11,,1.341e-11,
559.93,5.054e-12,,5.054e-12,
559.98,1.875e-12,,1.875e-12,
560.03,6.845e-13,,6.845e-13,
560.08,2.459e-13,,2.459e-13,
560.13,8.692e-14,,8.692e-14,
560.18,3.023e-14,,3.023e-14,
560.23,1.035e-14,,1.035e-14,
605.8,1.244e-13,,1.244e-13,
605.85,3.319e-13,,3.319e-13,
605.9,8.736e-13,,8.736e-13,
605.95,2.269e-12,,2.269e-12,
606,5.813e-12,,5.813e-12,
606.05,1.470e-11,,1.470e-11,
606.1,3.666e-11,,3.666e-11,
606.15,9.021e-11,,9.021e-11,
606.2,2.190e-10,,2.190e-10,
606.25,5.247e-10,,5.247e-10,
606.3,1.240e-9,,1.240e-9,
606.35,2.892e-9,,2.892e-9,
606.4,6.653e-9,,6.653e-9,
606.45,1.510e-8,,1.510e-8,
606.5,3.382e-8,,3.382e-8,
606.55,7.473e-8,,7.473e-8,
606.6,1.629e-7,,1.629e-7,
606.65,3.504e-7,,3.504e-7,
606.7,7.437e-7,,7.437e-7,
606.75,1.557e-6,,1.557e-6,
606.8,3.217e-6,,3.217e-6,
606.85,6.557e-6,,6.557e-6,
606.9,1.319e-5,,1.319e-5,
606.95,2.616e-5,,2.616e-5,
607,5.121e-5,,5.121e-5,
607.05,9.891e-5,,9.891e-5,
607.1,1.885e-4,,1.885e-4,
607.15,3.543e-4,,3.543e-4,
607.2,6.573e-4,,6.573e-4,
607.25,1.203e-3,,1.203e-3,
607.3,2.172e-3,,2.172e-3,
607.35,3.870e-3,,3.870e-3,
607.4,6.801e-3,,6.801e-3,
607.45,1.180e-2,,1.180e-2,
607.5,2.018e-2,,2.018e-2,
607.55,3.407e-2,,3.407e-2,
607.6,5.674e-2,,5.674e-2,
607.65,9.325e-2,,9.325e-2,
607.7,1.512e-1,,1.512e-1,
607.75,2.418e-1,,2.418e-1,
607.8,3.817e-1,,3.817e-1,
607.85,5.943e-1,,5.943e-1,
607.9,9.131e-1,,9.131e-1,
607.95,1.384e+0,,1.384e+0,
608,2.070e+0,,2.070e+0,
608.05,3.054e+0,,3.054e+0,
608.1,4.446e+0,,4.446e+0,
608.15,6.386e+0,,6.386e+0,
608.2,9.050e+0,,9.050e+0,
608.25,1.265e+1,,1.265e+1,
608.3,1.746e+1,,1.746e+1,
608.35,2.376e+1,,2.376e+1,
608.4,3.190e+1,,3.190e+1,
608.45,4.227e+1,,4.227e+1,
608.5,5.525e+1,,5.525e+1,
608.55,7.126e+1,,7.126e+1,
608.6,9.067e+1,,9.067e+1,
608.65,1.138e+2,,1.138e+2,
608.7,1.410e+2,,1.410e+2,
608.75,1.723e+2,,1.723e+2,
608.8,2.078e+2,,2.078e+2,
608.85,2.472e+2,,2.472e+2,
608.9,2.901e+2,,2.901e+2,
608.95,3.360e+2,,3.360e+2,
609,3.839e+2,,3.839e+2,
609.05,4.327e+2,,4.327e+2,
609.1,4.813e+2,,4.813e+2,
609.15,5.281e+2,,5.281e+2,
609.2,5.717e+2,,5.717e+2,
609.25,6.107e+2,,6.107e+2,
609.3,6.436e+2,,6.436e+2,
609.35,6.693e+2,,6.693e+2,
609.4,6.866e+2,,6.866e+2,
609.45,6.950e+2,,6.950e+2,
609.5,6.940e+2,,6.940e+2,
609.55,6.838e+2,,6.838e+2,
609.6,6.648e+2,,6.648e+2,
609.65,6.376e+2,,6.376e+2,
609.7,6.034e+2,,6.034e+2,
609.75,5.633e+2,,5.633e+2,
609.8,5.189e+2,,5.189e+2,
609.85,4.716e+2,,4.716e+2,
609.9,4.229e+2,,4.229e+2,
609.95,3.742e+2,,3.742e+2,
610,3.266e+2,,3.266e+2,
610.05,2.813e+2,,2.813e+2,
610.1,2.390e+2,,2.390e+2,
610.15,2.004e+2,,2.004e+2,
610.2,1.657e+2,,1.657e+2,
610.25,1.352e+2,,1.352e+2,
610.3,1.089e+2,,1.089e+2,
610.35,8.650e+1,,8.650e+1,
610.4,6.780e+1,,6.780e+1,
610.45,5.243e+1,,5.243e+1,
610.5,4.000e+1,,4.000e+1,
610.55,3.011e+1,,3.011e+1,
610.6,2.236e+1,,2.236e+1,
610.65,1.639e+1,,1.639e+1,
610.7,1.185e+1,,1.185e+1,
610.75,8.450e+0,,8.450e+0,
610.8,5.947e+0,,5.947e+0,
610.85,4.129e+0,,4.129e+0,
610.9,2.829e+0,,2.829e+0,
610.95,1.912e+0,,1.912e+0,
611,1.275e+0,,1.275e+0,
611.05,8.389e-1,,8.389e-1,
611.1,5.445e-1,,5.445e-1,
611.15,3.488e-1,,3.488e-1,
611.2,2.204e-1,,2.204e-1,
611.25,1.374e-1,,1.374e-1,
611.3,8.452e-2,,8.452e-2,
611.35,5.129e-2,,5.129e-2,
611.4,3.071e-2,,3.071e-2,
611.45,1.815e-2,,1.815e-2,
611.5,1.058e-2,,1.058e-2,
611.55,6.082e-3,,6.082e-3,
611.6,3.451e-3,,3.451e-3,
611.65,1.932e-3,,1.932e-3,
611.7,1.067e-3,,1.067e-3,
611.75,5.815e-4,,5.815e-4,
611.8,3.126e-4,,3.126e-4,
611.85,1.658e-4,,1.658e-4,
611.9,8.680e-5,,8.680e-5,
611.95,4.482e-5,,4.482e-5,
612,2.284e-5,,2.284e-5,
612.05,1.148e-5,,1.148e-5,
612.1,5.693e-6,,5.693e-6,
612.15,2.785e-6,,2.785e-6,
612.2,1.345e-6,,1.345e-6,
612.25,6.405e-7,,6.405e-7,
612.3,3.010e-7,,3.010e-7,
612.35,1.396e-7,,1.396e-7,
612.4,6.384e-8,,6.384e-8,
612.45,2.882e-8,,2.882e-8,
612.5,1.283e-8,,1.283e-8,
612.55,5.638e-9,,5.638e-9,
612.6,2.444e-9,,2.444e-9,
612.65,1.045e-9,,1.045e-9,
612.7,4.410e-10,,4.410e-10,
612.75,1.836e-10,,1.836e-10,
612.8,7.542e-11,,7.542e-11,
612.85,3.056e-11,,3.056e-11,
612.9,1.222e-11,,1.222e-11,
612.95,4.821e-12,,4.821e-12,
613,1.877e-12,,1.877e-12,
613.05,7.206e-13,,7.206e-13,
613.1,2.730e-13,,2.730e-13,
613.15,1.021e-13,,1.021e-13,
671.87,1.115e-14,,1.115e-14,
671.92,2.704e-14,,2.704e-14,
671.97,6.481e-14,,6.481e-14,
672.02,1.537e-13,,1.537e-13,
672.07,3.605e-13,,3.605e-13,
672.12,8.363e-13,,8.363e-13,
672.17,1.919e-12,,1.919e-12,
672.22,4.356e-12,,4.356e-12,
672.27,9.779e-12,,9.779e-12,
672.32,2.172e-11,,2.172e-11,
672.37,4.770e-11,,4.770e-11,
672.42,1.036e-10,,1.036e-10,
672.47,2.227e-10,,2.227e-10,
672.52,4.733e-10,,4.733e-10,
672.57,9.951e-10,,9.951e-10,
672.62,2.069e-9,,2.069e-9,
672.67,4.256e-9,,4.256e-9,
672.72,8.659e-9,,8.659e-9,
672.77,1.742e-8,,1.742e-8,
672.82,3.468e-8,,3.468e-8,
672.87,6.828e-8,,6.828e-8,
672.92,1.330e-7,,1.330e-7,
672.97,2.561e-7,,2.561e-7,
673.02,4.879e-7,,4.879e-7,
673.07,9.195e-7,,9.195e-7,
673.12,1.714e-6,,1.714e-6,
673.17,3.160e-6,,3.160e-6,
673.22,5.762e-6,,5.762e-6,
673.27,1.039e-5,,1.039e-5,
673.32,1.854e-5,,1.854e-5,
673.37,3.272e-5,,3.272e-5,
673.42,5.711e-5,,5.711e-5,
673.47,9.860e-5,,9.860e-5,
673.52,1.684e-4,,1.684e-4,
673.57,2.844e-4,,2.844e-4,
673.62,4.752e-4,,4.752e-4,
673.67,7.852e-4,,7.852e-4,
673.72,1.284e-3,,1.284e-3,
673.77,2.075e-3,,2.075e-3,
673.82,3.318e-3,,3.318e-3,
673.87,5.249e-3,,5.249e-3,
673.92,8.212e-3,,8.212e-3,
673.97,1.271e-2,,1.271e-2,
674.02,1.945e-2,,1.945e-2,
674.07,2.945e-2,,2.945e-2,
674.12,4.410e-2,,4.410e-2,
674.17,6.533e-2,,6.533e-2,
674.22,9.571e-2,,9.571e-2,
674.27,1.387e-1,,1.387e-1,
674.32,1.988e-1,,1.988e-1,
674.37,2.819e-1,,2.819e-1,
674.42,3.953e-1,,3.953e-1,
674.47,5.483e-1,,5.483e-1,
674.52,7.523e-1,,7.523e-1,
674.57,1.021e+0,,1.021e+0,
674.62,1.370e+0,,1.370e+0,
674.67,1.819e+0,,1.819e+0,
674.72,2.389e+0,,2.389e+0,
674.77,3.104e+0,,3.104e+0,
674.82,3.987e+0,,3.987e+0,
674.87,5.067e+0,,5.067e+0,
674.92,6.369e+0,,6.369e+0,
674.97,7.919e+0,,7.919e+0,
675.02,9.739e+0,,9.739e+0,
675.07,1.185e+1,,1.185e+1,
675.12,1.425e+1,,1.425e+1,
675.17,1.696e+1,,1.696e+1,
675.22,1.997e+1,,1.997e+1,
675.27,2.325e+1,,2.325e+1,
675.32,2.677e+1,,2.677e+1,
675.37,3.049e+1,,3.049e+1,
675.42,3.436e+1,,3.436e+1,
675.47,3.829e+1,,3.829e+1,
675.52,4.221e+1,,4.221e+1,
675.57,4.602e+1,,4.602e+1,
675.62,4.963e+1,,4.963e+1,
675.67,5.294e+1,,5.294e+1,
675.72,5.585e+1,,5.585e+1,
675.77,5.829e+1,,5.829e+1,
675.82,6.017e+1,,6.017e+1,
675.87,6.143e+1,,6.143e+1,
675.92,6.204e+1,,6.204e+1,
675.97,6.197e+1,,6.197e+1,
676.02,6.123e+1,,6.123e+1,
676.07,5.984e+1,,5.984e+1,
676.12,5.784e+1,,5.784e+1,
676.17,5.530e+1,,5.530e+1,
676.22,5.230e+1,,5.230e+1,
676.27,4.893e+1,,4.893e+1,
676.32,4.527e+1,,4.527e+1,
676.37,4.143e+1,,4.143e+1,
676.42,3.750e+1,,3.750e+1,
676.47,3.358e+1,,3.358e+1,
676.52,2.974e+1,,2.974e+1,
676.57,2.605e+1,,2.605e+1,
676.62,2.257e+1,,2.257e+1,
676.67,1.934e+1,,1.934e+1,
676.72,1.640e+1,,1.640e+1,
676.77,1.375e+1,,1.375e+1,
676.82,1.140e+1,,1.140e+1,
676.87,9.352e+0,,9.352e+0,
676.92,7.588e+0,,7.588e+0,
676.97,6.090e+0,,6.090e+0,
677.02,4.834e+0,,4.834e+0,
677.07,3.796e+0,,3.796e+0,
677.12,2.948e+0,,2.948e+0,
677.17,2.265e+0,,2.265e+0,
677.22,1.721e+0,,1.721e+0,
677.27,1.293e+0,,1.293e+0,
677.32,9.613e-1,,9.613e-1,
677.37,7.068e-1,,7.068e-1,
677.42,5.140e-1,,5.140e-1,
677.47,3.698e-1,,3.698e-1,
677.52,2.631e-1,,2.631e-1,
677.57,1.852e-1,,1.852e-1,
677.62,1.289e-1,,1.289e-1,
677.67,8.875e-2,,8.875e-2,
677.72,6.044e-2,,6.044e-2,
677.77,4.072e-2,,4.072e-2,
677.82,2.713e-2,,2.713e-2,
677.87,1.788e-2,,1.788e-2,
677.92,1.166e-2,,1.166e-2,
677.97,7.516e-3,,7.516e-3,
678.02,4.793e-3,,4.793e-3,
678.07,3.024e-3,,3.024e-3,
678.12,1.887e-3,,1.887e-3,
678.17,1.164e-3,,1.164e-3,
678.22,7.108e-4,,7.108e-4,
678.27,4.292e-4,,4.292e-4,
678.32,2.563e-4,,2.563e-4,
678.37,1.514e-4,,1.514e-4,
678.42,8.848e-5,,8.848e-5,
678.47,5.114e-5,,5.114e-5,
678.52,2.923e-5,,2.923e-5,
678.57,1.653e-5,,1.653e-5,
678.62,9.245e-6,,9.245e-6,
678.67,5.114e-6,,5.114e-6,
678.72,2.798e-6,,2.798e-6,
678.77,1.514e-6,,1.514e-6,
678.82,8.107e-7,,8.107e-7,
678.87,4.293e-7,,4.293e-7,
678.92,2.248e-7,,2.248e-7,
678.97,1.165e-7,,1.165e-7,
679.02,5.968e-8,,5.968e-8,
679.07,3.025e-8,,3.025e-8,
679.12,1.516e-8,,1.516e-8,
679.17,7.519e-9,,7.519e-9,
679.22,3.688e-9,,3.688e-9,
679.27,1.789e-9,,1.789e-9,
679.32,8.584e-10,,8.584e-10,
679.37,4.074e-10,,4.074e-10,
679.42,1.913e-10,,1.913e-10,
679.47,8.881e-11,,8.881e-11,
679.52,4.079e-11,,4.079e-11,
679.57,1.853e-11,,1.853e-11,
679.62,8.326e-12,,8.326e-12,
679.67,3.701e-12,,3.701e-12,
679.72,1.627e-12,,1.627e-12,
679.77,7.074e-13,,7.074e-13,
679.82,3.043e-13,,3.043e-13,
679.87,1.294e-13,,1.294e-13,
679.92,5.446e-14,,5.446e-14,
679.97,2.267e-14,,2.267e-14,
680.02,9.332e-15,,9.332e-15,
680.92,1.106e-14,,1.106e-14,
680.97,2.635e-14,,2.635e-14,
681.02,6.214e-14,,6.214e-14,
681.07,1.450e-13,,1.450e-13,
681.12,3.346e-13,,3.346e-13,
681.17,7.641e-13,,7.641e-13,
681.22,1.726e-12,,1.726e-12,
681.27,3.859e-12,,3.859e-12,
681.32,8.536e-12,,8.536e-12,
681.37,1.868e-11,,1.868e-11,
681.42,4.045e-11,,4.045e-11,
681.47,8.665e-11,,8.665e-11,
681.52,1.837e-10,,1.837e-10,
681.57,3.851e-10,,3.851e-10,
681.62,7.991e-10,,7.991e-10,
681.67,1.640e-9,,1.640e-9,
681.72,3.332e-9,,3.332e-9,
681.77,6.696e-9,,6.696e-9,
681.82,1.331e-8,,1.331e-8,
681.87,2.619e-8,,2.619e-8,
681.92,5.098e-8,,5.098e-8,
681.97,9.816e-8,,9.816e-8,
682.02,1.870e-7,,1.870e-7,
682.07,3.526e-7,,3.526e-7,
682.12,6.576e-7,,6.576e-7,
682.17,1.214e-6,,1.214e-6,
682.22,2.216e-6,,2.216e-6,
682.27,4.003e-6,,4.003e-6,
682.32,7.154e-6,,7.154e-6,
682.37,1.265e-5,,1.265e-5,
682.42,2.213e-5,,2.213e-5,
682.47,3.832e-5,,3.832e-5,
682.52,6.563e-5,,6.563e-5,
682.57,1.112e-4,,1.112e-4,
682.62,1.865e-4,,1.865e-4,
682.67,3.093e-4,,3.093e-4,
682.72,5.077e-4,,5.077e-4,
682.77,8.244e-4,,8.244e-4,
682.82,1.324e-3,,1.324e-3,
682.87,2.105e-3,,2.105e-3,
682.92,3.311e-3,,3.311e-3,
682.97,5.153e-3,,5.153e-3,
683.02,7.934e-3,,7.934e-3,
683.07,1.209e-2,,1.209e-2,
683.12,1.821e-2,,1.821e-2,
683.17,2.716e-2,,2.716e-2,
683.22,4.007e-2,,4.007e-2,
683.27,5.850e-2,,5.850e-2,
683.32,8.449e-2,,8.449e-2,
683.37,1.207e-1,,1.207e-1,
683.42,1.707e-1,,1.707e-1,
683.47,2.388e-1,,2.388e-1,
683.52,3.305e-1,,3.305e-1,
683.57,4.525e-1,,4.525e-1,
683.62,6.131e-1,,6.131e-1,
683.67,8.218e-1,,8.218e-1,
683.72,1.090e+0,,1.090e+0,
683.77,1.430e+0,,1.430e+0,
683.82,1.857e+0,,1.857e+0,
683.87,2.385e+0,,2.385e+0,
683.92,3.031e+0,,3.031e+0,
683.97,3.812e+0,,3.812e+0,
684.02,4.743e+0,,4.743e+0,
684.07,5.838e+0,,5.838e+0,
684.12,7.110e+0,,7.110e+0,
684.17,8.567e+0,,8.567e+0,
684.22,1.021e+1,,1.021e+1,
684.27,1.205e+1,,1.205e+1,
684.32,1.406e+1,,1.406e+1,
684.37,1.624e+1,,1.624e+1,
684.42,1.855e+1,,1.855e+1,
684.47,2.097e+1,,2.097e+1,
684.52,2.345e+1,,2.345e+1,
684.57,2.595e+1,,2.595e+1,
684.62,2.841e+1,,2.841e+1,
684.67,3.077e+1,,3.077e+1,
684.72,3.298e+1,,3.298e+1,
684.77,3.497e+1,,3.497e+1,
684.82,3.669e+1,,3.669e+1,
684.87,3.808e+1,,3.808e+1,
684.92,3.911e+1,,3.911e+1,
684.97,3.974e+1,,3.974e+1,
685.02,3.995e+1,,3.995e+1,
685.07,3.974e+1,,3.974e+1,
685.12,3.911e+1,,3.911e+1,
685.17,3.808e+1,,3.808e+1,
685.22,3.669e+1,,3.669e+1,
685.27,3.497e+1,,3.497e+1,
685.32,3.298e+1,,3.298e+1,
685.37,3.077e+1,,3.077e+1,
685.42,2.841e+1,,2.841e+1,
685.47,2.595e+1,,2.595e+1,
685.52,2.345e+1,,2.345e+1,
685.57,2.097e+1,,2.097e+1,
685.62,1.855e+1,,1.855e+1,
685.67,1.624e+1,,1.624e+1,
685.72,1.406e+1,,1.406e+1,
685.77,1.205e+1,,1.205e+1,
685.82,1.021e+1,,1.021e+1,
685.87,8.567e+0,,8.567e+0,
685.92,7.110e+0,,7.110e+0,
685.97,5.838e+0,,5.838e+0,
686.02,4.743e+0,,4.743e+0,
686.07,3.812e+0,,3.812e+0,
686.12,3.031e+0,,3.031e+0,
686.17,2.385e+0,,2.385e+0,
686.22,1.857e+0,,1.857e+0,
686.27,1.430e+0,,1.430e+0,
686.32,1.090e+0,,1.090e+0,
686.37,8.218e-1,,8.218e-1,
686.42,6.131e-1,,6.131e-1,
686.47,4.525e-1,,4.525e-1,
686.52,3.305e-1,,3.305e-1,
686.57,2.388e-1,,2.388e-1,
686.62,1.707e-1,,1.707e-1,
686.67,1.207e-1,,1.207e-1,
686.72,8.449e-2,,8.449e-2,
686.77,5.850e-2,,5.850e-2,
686.82,4.007e-2,,4.007e-2,
686.87,2.716e-2,,2.716e-2,
686.92,1.821e-2,,1.821e-2,
686.97,1.209e-2,,1.209e-2,
687.02,7.934e-3,,7.934e-3,
687.07,5.153e-3,,5.153e-3,
687.12,3.311e-3,,3.311e-3,
687.17,2.105e-3,,2.105e-3,
687.22,1.324e-3,,1.324e-3,
687.27,8.244e-4,,8.244e-4,
687.32,5.077e-4,,5.077e-4,
687.37,3.093e-4,,3.093e-4,
687.42,1.865e-4,,1.865e-4,
687.47,1.112e-4,,1.112e-4,
687.52,6.563e-5,,6.563e-5,
687.57,3.832e-5,,3.832e-5,
687.62,2.213e-5,,2.213e-5,
687.67,1.265e-5,,1.265e-5,
687.72,7.154e-6,,7.154e-6,
687.77,4.003e-6,,4.003e-6,
687.82,2.216e-6,,2.216e-6,
687.87,1.214e-6,,1.214e-6,
687.92,6.576e-7,,6.576e-7,
687.97,3.526e-7,,3.526e-7,
688.02,1.870e-7,,1.870e-7,
688.07,9.816e-8,,9.816e-8,
688.12,5.098e-8,,5.098e-8,
688.17,2.619e-8,,2.619e-8,
688.22,1.331e-8,,1.331e-8,
688.27,6.696e-9,,6.696e-9,
688.32,3.332e-9,,3.332e-9,
688.37,1.640e-9,,1.640e-9,
688.42,7.991e-10,,7.991e-10,
688.47,3.851e-10,,3.851e-10,
688.52,1.837e-10,,1.837e-10,
688.57,8.665e-11,,8.665e-11,
688.62,4.045e-11,,4.045e-11,
688.67,1.868e-11,,1.868e-11,
688.72,8.536e-12,,8.536e-12,
688.77,3.859e-12,,3.859e-12,
688.82,1.726e-12,,1.726e-12,
688.87,7.641e-13,,7.641e-13,
688.92,3.346e-13,,3.346e-13,
688.97,1.450e-13,,1.450e-13,
689.02,6.214e-14,,6.214e-14,
689.07,2.635e-14,,2.635e-14,
689.12,1.106e-14,,1.106e-14,
691.02,3.578e-15,,3.578e-15,
691.07,8.488e-15,,8.488e-15,
691.12,1.993e-14,,1.993e-14,
691.17,4.630e-14,,4.630e-14,
691.22,1.065e-13,,1.065e-13,
691.27,2.423e-13,,2.423e-13,
691.32,5.459e-13,,5.459e-13,
691.37,1.217e-12,,1.217e-12,
691.42,2.685e-12,,2.685e-12,
691.47,5.864e-12,,5.864e-12,
691.52,1.267e-11,,1.267e-11,
691.57,2.711e-11,,2.711e-11,
691.62,5.739e-11,,5.739e-11,
691.67,1.202e-10,,1.202e-10,
691.72,2.494e-10,,2.494e-10,
691.77,5.117e-10,,5.117e-10,
691.82,1.039e-9,,1.039e-9,
691.87,2.090e-9,,2.090e-9,
691.92,4.158e-9,,4.158e-9,
691.97,8.187e-9,,8.187e-9,
692.02,1.595e-8,,1.595e-8,
692.07,3.077e-8,,3.077e-8,
692.12,5.875e-8,,5.875e-8,
692.17,1.110e-7,,1.110e-7,
692.22,2.075e-7,,2.075e-7,
692.27,3.841e-7,,3.841e-7,
692.32,7.034e-7,,7.034e-7,
692.37,1.275e-6,,1.275e-6,
692.42,2.288e-6,,2.288e-6,
692.47,4.062e-6,,4.062e-6,
692.52,7.138e-6,,7.138e-6,
692.57,1.242e-5,,1.242e-5,
692.62,2.137e-5,,2.137e-5,
692.67,3.641e-5,,3.641e-5,
692.72,6.139e-5,,6.139e-5,
692.77,1.024e-4,,1.024e-4,
692.82,1.692e-4,,1.692e-4,
692.87,2.766e-4,,2.766e-4,
692.92,4.474e-4,,4.474e-4,
692.97,7.163e-4,,7.163e-4,
693.02,1.135e-3,,1.135e-3,
693.07,1.780e-3,,1.780e-3,
693.12,2.763e-3,,2.763e-3,
693.17,4.245e-3,,4.245e-3,
693.22,6.454e-3,,6.454e-3,
693.27,9.712e-3,,9.712e-3,
693.32,1.446e-2,,1.446e-2,
693.37,2.132e-2,,2.132e-2,
693.42,3.110e-2,,3.110e-2,
693.47,4.490e-2,,4.490e-2,
693.52,6.415e-2,,6.415e-2,
693.57,9.072e-2,,9.072e-2,
693.62,1.270e-1,,1.270e-1,
693.67,1.759e-1,,1.759e-1,
693.72,2.411e-1,,2.411e-1,
693.77,3.272e-1,,3.272e-1,
693.82,4.394e-1,,4.394e-1,
693.87,5.840e-1,,5.840e-1,
693.92,7.682e-1,,7.682e-1,
693.97,1.000e+0,,1.000e+0,
694.02,1.289e+0,,1.289e+0,
694.07,1.643e+0,,1.643e+0,
694.12,2.074e+0,,2.074e+0,
694.17,2.590e+0,,2.590e+0,
694.22,3.202e+0,,3.202e+0,
694.27,3.918e+0,,3.918e+0,
694.32,4.745e+0,,4.745e+0,
694.37,5.686e+0,,5.686e+0,
694.42,6.744e+0,,6.744e+0,
694.47,7.917e+0,,7.917e+0,
694.52,9.199e+0,,9.199e+0,
694.57,1.058e+1,,1.058e+1,
694.62,1.204e+1,,1.204e+1,
694.68,1.387e+1,,1.387e+1,
694.73,1.543e+1,,1.543e+1,
694.78,1.698e+1,,1.698e+1,
694.83,1.851e+1,,1.851e+1,
694.88,1.996e+1,,1.996e+1,
694.93,2.130e+1,,2.130e+1,
694.98,2.250e+1,,2.250e+1,
695.03,2.353e+1,,2.353e+1,
695.08,2.434e+1,,2.434e+1,
695.13,2.493e+1,,2.493e+1,
695.18,2.527e+1,,2.527e+1,
695.23,2.535e+1,,2.535e+1,
695.28,2.516e+1,,2.516e+1,
695.33,2.473e+1,,2.473e+1,
695.38,2.404e+1,,2.404e+1,
695.43,2.314e+1,,2.314e+1,
695.48,2.204e+1,,2.204e+1,
695.53,2.078e+1,,2.078e+1,
695.58,1.939e+1,,1.939e+1,
695.63,1.790e+1,,1.790e+1,
695.68,1.636e+1,,1.636e+1,
695.73,1.480e+1,,1.480e+1,
695.78,1.325e+1,,1.325e+1,
695.83,1.174e+1,,1.174e+1,
695.88,1.029e+1,,1.029e+1,
695.93,8.934e+0,,8.934e+0,
695.98,7.674e+0,,7.674e+0,
696.03,6.523e+0,,6.523e+0,
696.08,5.488e+0,,5.488e+0,
696.13,4.570e+0,,4.570e+0,
696.18,3.766e+0,,3.766e+0,
696.23,3.072e+0,,3.072e+0,
696.28,2.480e+0,,2.480e+0,
696.33,1.981e+0,,1.981e+0,
696.38,1.567e+0,,1.567e+0,
696.43,1.226e+0,,1.226e+0,
696.48,9.495e-1,,9.495e-1,
696.53,7.278e-1,,7.278e-1,
696.58,5.522e-1,,5.522e-1,
696.63,4.146e-1,,4.146e-1,
696.68,3.081e-1,,3.081e-1,
696.73,2.266e-1,,2.266e-1,
696.78,1.649e-1,,1.649e-1,
696.83,1.188e-1,,1.188e-1,
696.88,8.472e-2,,8.472e-2,
696.93,5.978e-2,,5.978e-2,
696.98,4.175e-2,,4.175e-2,
697.03,2.886e-2,,2.886e-2,
697.08,1.974e-2,,1.974e-2,
697.13,1.337e-2,,1.337e-2,
697.18,8.957e-3,,8.957e-3,
697.23,5.940e-3,,5.940e-3,
697.28,3.899e-3,,3.899e-3,
697.33,2.533e-3,,2.533e-3,
697.38,1.628e-3,,1.628e-3,
697.43,1.036e-3,,1.036e-3,
697.48,6.525e-4,,6.525e-4,
697.53,4.067e-4,,4.067e-4,
697.58,2.509e-4,,2.509e-4,
697.63,1.532e-4,,1.532e-4,
697.68,9.255e-5,,9.255e-5,
697.73,5.534e-5,,5.534e-5,
697.78,3.276e-5,,3.276e-5,
697.83,1.919e-5,,1.919e-5,
697.88,1.112e-5,,1.112e-5,
697.93,6.383e-6,,6.383e-6,
697.98,3.624e-6,,3.624e-6,
698.03,2.037e-6,,2.037e-6,
698.08,1.133e-6,,1.133e-6,
698.13,6.238e-7,,6.238e-7,
698.18,3.399e-7,,3.399e-7,
698.23,1.833e-7,,1.833e-7,
698.28,9.781e-8,,9.781e-8,
698.33,5.166e-8,,5.166e-8,
698.38,2.701e-8,,2.701e-8,
698.43,1.397e-8,,1.397e-8,
698.48,7.155e-9,,7.155e-9,
698.53,3.626e-9,,3.626e-9,
698.58,1.819e-9,,1.819e-9,
698.63,9.029e-10,,9.029e-10,
698.68,4.436e-10,,4.436e-10,
698.73,2.157e-10,,2.157e-10,
698.78,1.038e-10,,1.038e-10,
698.83,4.944e-11,,4.944e-11,
698.88,2.330e-11,,2.330e-11,
698.93,1.087e-11,,1.087e-11,
698.98,5.020e-12,,5.020e-12,
699.03,2.294e-12,,2.294e-12,
699.08,1.038e-12,,1.038e-12,
699.13,4.644e-13,,4.644e-13,
699.18,2.058e-13,,2.058e-13,
699.23,9.022e-14,,9.022e-14,
699.28,3.915e-14,,3.915e-14,
699.33,1.681e-14,,1.681e-14,
699.38,7.147e-15,,7.147e-15,
721.28,3.255e-10,3.255e-10,,
721.33,7.442e-10,7.442e-10,,
721.38,1.686e-9,1.686e-9,,
721.43,3.782e-9,3.782e-9,,
721.48,8.404e-9,8.404e-9,,
721.53,1.850e-8,1.850e-8,,
721.58,4.034e-8,4.034e-8,,
721.63,8.712e-8,8.712e-8,,
721.68,1.864e-7,1.864e-7,,
721.73,3.950e-7,3.950e-7,,
721.78,8.293e-7,8.293e-7,,
721.83,1.724e-6,1.724e-6,,
721.88,3.552e-6,3.552e-6,,
721.93,7.246e-6,7.246e-6,,
721.98,1.465e-5,1.465e-5,,
722.03,2.932e-5,2.932e-5,,
722.08,5.814e-5,5.814e-5,,
722.13,1.142e-4,1.142e-4,,
722.18,2.222e-4,2.222e-4,,
722.23,4.282e-4,4.282e-4,,
722.28,8.175e-4,8.175e-4,,
722.33,1.546e-3,1.546e-3,,
722.38,2.896e-3,2.896e-3,,
722.43,5.373e-3,5.373e-3,,
722.48,9.875e-3,9.875e-3,,
722.53,1.798e-2,1.798e-2,,
722.58,3.242e-2,3.242e-2,,
722.63,5.791e-2,5.791e-2,,
722.68,1.025e-1,1.025e-1,,
722.73,1.796e-1,1.796e-1,,
722.78,3.118e-1,3.118e-1,,
722.83,5.363e-1,5.363e-1,,
722.88,9.135e-1,9.135e-1,,
722.93,1.541e+0,1.541e+0,,
722.98,2.576e+0,2.576e+0,,
723.03,4.266e+0,4.266e+0,,
723.08,6.996e+0,6.996e+0,,
723.13,1.136e+1,1.136e+1,,
723.18,1.829e+1,1.829e+1,,
723.23,2.915e+1,2.915e+1,,
723.28,4.602e+1,4.602e+1,,
723.33,7.198e+1,7.198e+1,,
723.38,1.115e+2,1.115e+2,,
723.43,1.711e+2,1.711e+2,,
723.48,2.601e+2,2.601e+2,,
723.53,3.916e+2,3.916e+2,,
723.58,5.841e+2,5.841e+2,,
723.63,8.629e+2,8.629e+2,,
723.68,1.263e+3,1.263e+3,,
723.73,1.830e+3,1.830e+3,,
723.78,2.628e+3,2.628e+3,,
723.83,3.738e+3,3.738e+3,,
723.88,5.266e+3,5.266e+3,,
723.93,7.350e+3,7.350e+3,,
723.98,1.016e+4,1.016e+4,,
724.03,1.391e+4,1.391e+4,,
724.08,1.887e+4,1.887e+4,,
724.13,2.535e+4,2.535e+4,,
724.18,3.374e+4,3.374e+4,,
724.23,4.447e+4,4.447e+4,,
724.28,5.807e+4,5.807e+4,,
724.33,7.512e+4,7.512e+4,,
724.38,9.624e+4,9.624e+4,,
724.43,1.221e+5,1.221e+5,,
724.48,1.536e+5,1.536e+5,,
724.53,1.912e+5,1.912e+5,,
724.58,2.359e+5,2.359e+5,,
724.63,2.882e+5,2.882e+5,,
724.68,3.488e+5,3.488e+5,,
724.73,4.181e+5,4.181e+5,,
724.78,4.965e+5,4.965e+5,,
724.83,5.841e+5,5.841e+5,,
724.88,6.805e+5,6.805e+5,,
724.93,7.854e+5,7.854e+5,,
724.98,8.980e+5,8.980e+5,,
725.03,1.017e+6,1.017e+6,,
725.08,1.141e+6,1.141e+6,,
725.13,1.267e+6,1.267e+6,,
725.18,1.395e+6,1.395e+6,,
725.23,1.521e+6,1.521e+6,,
725.28,1.643e+6,1.643e+6,,
725.33,1.757e+6,1.757e+6,,
725.38,1.862e+6,1.862e+6,,
725.43,1.954e+6,1.954e+6,,
725.48,2.032e+6,2.032e+6,,
725.54,2.103e+6,2.103e+6,,
725.59,2.141e+6,2.141e+6,,
725.64,2.159e+6,2.159e+6,,
725.69,2.157e+6,2.157e+6,,
725.74,2.135e+6,2.135e+6,,
725.79,2.093e+6,2.093e+6,,
725.84,2.032e+6,2.032e+6,,
725.89,1.954e+6,1.954e+6,,
725.94,1.862e+6,1.862e+6,,
725.99,1.757e+6,1.757e+6,,
726.04,1.643e+6,1.643e+6,,
726.09,1.521e+6,1.521e+6,,
726.14,1.395e+6,1.395e+6,,
726.19,1.267e+6,1.267e+6,,
726.24,1.141e+6,1.141e+6,,
726.29,1.017e+6,1.017e+6,,
726.34,8.980e+5,8.980e+5,,
726.39,7.854e+5,7.854e+5,,
726.44,6.805e+5,6.805e+5,,
726.49,5.841e+5,5.841e+5,,
726.54,4.965e+5,4.965e+5,,
726.59,4.181e+5,4.181e+5,,
726.64,3.488e+5,3.488e+5,,
726.69,2.882e+5,2.882e+5,,
726.74,2.359e+5,2.359e+5,,
726.79,1.912e+5,1.912e+5,,
726.84,1.536e+5,1.536e+5,,
726.89,1.221e+5,1.221e+5,,
726.94,9.624e+4,9.624e+4,,
726.99,7.512e+4,7.512e+4,,
727.04,5.807e+4,5.807e+4,,
727.09,4.447e+4,4.447e+4,,
727.14,3.374e+4,3.374e+4,,
727.19,2.535e+4,2.535e+4,,
727.24,1.887e+4,1.887e+4,,
727.29,1.391e+4,1.391e+4,,
727.34,1.016e+4,1.016e+4,,
727.39,7.350e+3,7.350e+3,,
727.44,5.266e+3,5.266e+3,,
727.49,3.738e+3,3.738e+3,,
727.54,2.628e+3,2.628e+3,,
727.59,1.830e+3,1.830e+3,,
727.64,1.263e+3,1.263e+3,,
727.69,8.629e+2,8.629e+2,,
727.74,5.841e+2,5.841e+2,,
727.79,3.916e+2,3.916e+2,,
727.84,2.601e+2,2.601e+2,,
727.89,1.711e+2,1.711e+2,,
727.94,1.115e+2,1.115e+2,,
727.99,7.198e+1,7.198e+1,,
728.04,4.602e+1,4.602e+1,,
728.09,2.915e+1,2.915e+1,,
728.14,1.829e+1,1.829e+1,,
728.19,1.136e+1,1.136e+1,,
728.24,6.996e+0,6.996e+0,,
728.29,4.266e+0,4.266e+0,,
728.34,2.576e+0,2.576e+0,,
728.39,1.541e+0,1.541e+0,,
728.44,9.135e-1,9.135e-1,,
728.49,5.363e-1,5.363e-1,,
728.54,3.118e-1,3.118e-1,,
728.59,1.796e-1,1.796e-1,,
728.64,1.025e-1,1.025e-1,,
728.69,5.791e-2,5.791e-2,,
728.74,3.242e-2,3.242e-2,,
728.79,1.798e-2,1.798e-2,,
728.84,9.875e-3,9.875e-3,,
728.89,5.373e-3,5.373e-3,,
728.94,2.896e-3,2.896e-3,,
728.99,1.546e-3,1.546e-3,,
729.04,8.175e-4,8.175e-4,,
729.09,4.282e-4,4.282e-4,,
729.14,2.222e-4,2.222e-4,,
729.19,1.142e-4,1.142e-4,,
729.24,5.814e-5,5.814e-5,,
729.29,2.932e-5,2.932e-5,,
729.34,1.465e-5,1.465e-5,,
729.39,7.246e-6,7.246e-6,,
729.44,3.552e-6,3.552e-6,,
729.49,1.724e-6,1.724e-6,,
729.54,8.293e-7,8.293e-7,,
729.59,3.950e-7,3.950e-7,,
729.64,1.864e-7,1.864e-7,,
729.69,8.712e-8,8.712e-8,,
729.74,4.034e-8,4.034e-8,,
729.79,1.850e-8,1.850e-8,,
729.84,8.404e-9,8.404e-9,,
729.89,3.782e-9,3.782e-9,,
729.94,1.686e-9,1.686e-9,,
729.99,7.442e-10,7.442e-10,,
730.04,3.255e-10,3.255e-10,,
736.94,1.100e-10,1.100e-10,,
736.99,2.470e-10,2.470e-10,,
737.04,5.494e-10,5.494e-10,,
737.09,1.211e-9,1.211e-9,,
737.14,2.645e-9,2.645e-9,,
737.19,5.726e-9,5.726e-9,,
737.24,1.228e-8,1.228e-8,,
737.29,2.611e-8,2.611e-8,,
737.34,5.499e-8,5.499e-8,,
737.39,1.148e-7,1.148e-7,,
737.44,2.374e-7,2.374e-7,,
737.49,4.866e-7,4.866e-7,,
737.54,9.884e-7,9.884e-7,,
737.59,1.989e-6,1.989e-6,,
737.64,3.968e-6,3.968e-6,,
737.69,7.842e-6,7.842e-6,,
737.74,1.536e-5,1.536e-5,,
737.79,2.981e-5,2.981e-5,,
737.84,5.733e-5,5.733e-5,,
737.89,1.093e-4,1.093e-4,,
737.94,2.063e-4,2.063e-4,,
737.99,3.862e-4,3.862e-4,,
738.04,7.161e-4,7.161e-4,,
738.09,1.316e-3,1.316e-3,,
738.14,2.397e-3,2.397e-3,,
738.19,4.325e-3,4.325e-3,,
738.24,7.734e-3,7.734e-3,,
738.29,1.370e-2,1.370e-2,,
738.34,2.407e-2,2.407e-2,,
738.39,4.188e-2,4.188e-2,,
738.44,7.221e-2,7.221e-2,,
738.49,1.234e-1,1.234e-1,,
738.54,2.089e-1,2.089e-1,,
738.59,3.506e-1,3.506e-1,,
738.64,5.829e-1,5.829e-1,,
738.69,9.605e-1,9.605e-1,,
738.74,1.568e+0,1.568e+0,,
738.79,2.537e+0,2.537e+0,,
738.84,4.068e+0,4.068e+0,,
738.89,6.464e+0,6.464e+0,,
738.94,1.018e+1,1.018e+1,,
738.99,1.588e+1,1.588e+1,,
739.04,2.455e+1,2.455e+1,,
739.09,3.761e+1,3.761e+1,,
739.14,5.709e+1,5.709e+1,,
739.19,8.589e+1,8.589e+1,,
739.24,1.280e+2,1.280e+2,,
739.29,1.892e+2,1.892e+2,,
739.34,2.769e+2,2.769e+2,,
739.39,4.017e+2,4.017e+2,,
739.44,5.775e+2,5.775e+2,,
739.49,8.227e+2,8.227e+2,,
739.54,1.161e+3,1.161e+3,,
739.59,1.624e+3,1.624e+3,,
739.64,2.252e+3,2.252e+3,,
739.69,3.093e+3,3.093e+3,,
739.74,4.210e+3,4.210e+3,,
739.79,5.679e+3,5.679e+3,,
739.84,7.591e+3,7.591e+3,,
739.89,1.005e+4,1.005e+4,,
739.94,1.320e+4,1.320e+4,,
739.99,1.716e+4,1.716e+4,,
740.04,2.212e+4,2.212e+4,,
740.09,2.826e+4,2.826e+4,,
740.14,3.576e+4,3.576e+4,,
740.19,4.485e+4,4.485e+4,,
740.24,5.574e+4,5.574e+4,,
740.29,6.865e+4,6.865e+4,,
740.34,8.379e+4,8.379e+4,,
740.39,1.013e+5,1.013e+5,,
740.44,1.214e+5,1.214e+5,,
740.49,1.442e+5,1.442e+5,,
740.54,1.697e+5,1.697e+5,,
740.59,1.979e+5,1.979e+5,,
740.64,2.287e+5,2.287e+5,,
740.69,2.619e+5,2.619e+5,,
740.74,2.972e+5,2.972e+5,,
740.79,3.342e+5,3.342e+5,,
740.84,3.724e+5,3.724e+5,,
740.89,4.112e+5,4.112e+5,,
740.94,4.500e+5,4.500e+5,,
740.99,4.879e+5,4.879e+5,,
741.04,5.243e+5,5.243e+5,,
741.09,5.582e+5,5.582e+5,,
741.14,5.890e+5,5.890e+5,,
741.19,6.159e+5,6.159e+5,,
741.24,6.381e+5,6.381e+5,,
741.29,6.552e+5,6.552e+5,,
741.34,6.666e+5,6.666e+5,,
741.39,6.721e+5,6.721e+5,,
741.44,6.715e+5,6.715e+5,,
741.49,6.648e+5,6.648e+5,,
741.54,6.522e+5,6.522e+5,,
741.59,6.341e+5,6.341e+5,,
741.64,6.109e+5,6.109e+5,,
741.69,5.832e+5,5.832e+5,,
741.74,5.517e+5,5.517e+5,,
741.79,5.172e+5,5.172e+5,,
741.84,4.804e+5,4.804e+5,,
741.89,4.423e+5,4.423e+5,,
741.94,4.035e+5,4.035e+5,,
741.99,3.647e+5,3.647e+5,,
742.04,3.267e+5,3.267e+5,,
742.09,2.900e+5,2.900e+5,,
742.14,2.551e+5,2.551e+5,,
742.19,2.224e+5,2.224e+5,,
742.24,1.921e+5,1.921e+5,,
742.29,1.644e+5,1.644e+5,,
742.34,1.394e+5,1.394e+5,,
742.39,1.172e+5,1.172e+5,,
742.44,9.762e+4,9.762e+4,,
742.49,8.057e+4,8.057e+4,,
742.54,6.590e+4,6.590e+4,,
742.59,5.341e+4,5.341e+4,,
742.64,4.290e+4,4.290e+4,,
742.69,3.414e+4,3.414e+4,,
742.74,2.693e+4,2.693e+4,,
742.79,2.104e+4,2.104e+4,,
742.84,1.630e+4,1.630e+4,,
742.89,1.251e+4,1.251e+4,,
742.94,9.512e+3,9.512e+3,,
742.99,7.168e+3,7.168e+3,,
743.04,5.353e+3,5.353e+3,,
743.09,3.961e+3,3.961e+3,,
743.14,2.905e+3,2.905e+3,,
743.19,2.111e+3,2.111e+3,,
743.24,1.520e+3,1.520e+3,,
743.29,1.085e+3,1.085e+3,,
743.34,7.670e+2,7.670e+2,,
743.39,5.375e+2,5.375e+2,,
743.44,3.732e+2,3.732e+2,,
743.49,2.568e+2,2.568e+2,,
743.54,1.751e+2,1.751e+2,,
743.59,1.183e+2,1.183e+2,,
743.64,7.921e+1,7.921e+1,,
743.69,5.256e+1,5.256e+1,,
743.74,3.456e+1,3.456e+1,,
743.79,2.251e+1,2.251e+1,,
743.84,1.454e+1,1.454e+1,,
743.89,9.300e+0,9.300e+0,,
743.94,5.896e+0,5.896e+0,,
743.99,3.704e+0,3.704e+0,,
744.04,2.306e+0,2.306e+0,,
744.09,1.423e+0,1.423e+0,,
744.14,8.698e-1,8.698e-1,,
744.19,5.269e-1,5.269e-1,,
744.24,3.163e-1,3.163e-1,,
744.29,1.882e-1,1.882e-1,,
744.34,1.109e-1,1.109e-1,,
744.39,6.480e-2,6.480e-2,,
744.44,3.751e-2,3.751e-2,,
744.49,2.152e-2,2.152e-2,,
744.54,1.223e-2,1.223e-2,,
744.59,6.890e-3,6.890e-3,,
744.64,3.846e-3,3.846e-3,,
744.69,2.127e-3,2.127e-3,,
744.74,1.166e-3,1.166e-3,,
744.79,6.334e-4,6.334e-4,,
744.84,3.409e-4,3.409e-4,,
744.89,1.818e-4,1.818e-4,,
744.94,9.611e-5,9.611e-5,,
744.99,5.034e-5,5.034e-5,,
745.04,2.613e-5,2.613e-5,,
745.09,1.344e-5,1.344e-5,,
745.14,6.848e-6,6.848e-6,,
745.19,3.459e-6,3.459e-6,,
745.24,1.731e-6,1.731e-6,,
745.29,8.584e-7,8.584e-7,,
745.34,4.219e-7,4.219e-7,,
745.39,2.055e-7,2.055e-7,,
745.44,9.915e-8,9.915e-8,,
745.49,4.742e-8,4.742e-8,,
745.54,2.247e-8,2.247e-8,,
745.59,1.055e-8,1.055e-8,,
745.64,4.910e-9,4.910e-9,,
745.69,2.264e-9,2.264e-9,,
745.74,1.035e-9,1.035e-9,,
745.79,4.685e-10,4.685e-10,,
745.84,2.102e-10,2.102e-10,,
745.89,9.348e-11,9.348e-11,,
750.19,4.226e-10,4.226e-10,,
750.24,9.303e-10,9.303e-10,,
750.29,2.030e-9,2.030e-9,,
750.34,4.392e-9,4.392e-9,,
750.39,9.418e-9,9.418e-9,,
750.44,2.002e-8,2.002e-8,,
750.49,4.218e-8,4.218e-8,,
750.54,8.810e-8,8.810e-8,,
750.59,1.824e-7,1.824e-7,,
750.64,3.743e-7,3.743e-7,,
750.69,7.615e-7,7.615e-7,,
750.74,1.536e-6,1.536e-6,,
750.79,3.070e-6,3.070e-6,,
750.84,6.082e-6,6.082e-6,,
750.89,1.195e-5,1.195e-5,,
750.94,2.326e-5,2.326e-5,,
750.99,4.489e-5,4.489e-5,,
751.04,8.588e-5,8.588e-5,,
751.09,1.629e-4,1.629e-4,,
751.14,3.061e-4,3.061e-4,,
751.19,5.704e-4,5.704e-4,,
751.24,1.054e-3,1.054e-3,,
751.29,1.929e-3,1.929e-3,,
751.34,3.501e-3,3.501e-3,,
751.39,6.299e-3,6.299e-3,,
751.44,1.123e-2,1.123e-2,,
751.49,1.986e-2,1.986e-2,,
751.54,3.480e-2,3.480e-2,,
751.59,6.044e-2,6.044e-2,,
751.64,1.041e-1,1.041e-1,,
751.69,1.776e-1,1.776e-1,,
751.74,3.005e-1,3.005e-1,,
751.79,5.040e-1,5.040e-1,,
751.84,8.378e-1,8.378e-1,,
751.89,1.381e+0,1.381e+0,,
751.94,2.255e+0,2.255e+0,,
751.99,3.652e+0,3.652e+0,,
752.04,5.861e+0,5.861e+0,,
752.09,9.325e+0,9.325e+0,,
752.14,1.471e+1,1.471e+1,,
752.19,2.299e+1,2.299e+1,,
752.24,3.563e+1,3.563e+1,,
752.29,5.473e+1,5.473e+1,,
752.34,8.334e+1,8.334e+1,,
752.39,1.258e+2,1.258e+2,,
752.44,1.882e+2,1.882e+2,,
752.49,2.791e+2,2.791e+2,,
752.54,4.104e+2,4.104e+2,,
752.59,5.980e+2,5.980e+2,,
752.64,8.639e+2,8.639e+2,,
752.69,1.237e+3,1.237e+3,,
752.74,1.756e+3,1.756e+3,,
752.79,2.471e+3,2.471e+3,,
752.84,3.446e+3,3.446e+3,,
752.89,4.764e+3,4.764e+3,,
752.94,6.529e+3,6.529e+3,,
752.99,8.870e+3,8.870e+3,,
753.04,1.194e+4,1.194e+4,,
753.09,1.594e+4,1.594e+4,,
753.14,2.110e+4,2.110e+4,,
753.19,2.767e+4,2.767e+4,,
753.24,3.597e+4,3.597e+4,,
753.29,4.636e+4,4.636e+4,,
753.34,5.923e+4,5.923e+4,,
753.39,7.500e+4,7.500e+4,,
753.44,9.415e+4,9.415e+4,,
753.49,1.172e+5,1.172e+5,,
753.54,1.445e+5,1.445e+5,,
753.59,1.767e+5,1.767e+5,,
753.64,2.141e+5,2.141e+5,,
753.69,2.572e+5,2.572e+5,,
753.74,3.063e+5,3.063e+5,,
753.79,3.616e+5,3.616e+5,,
753.84,4.232e+5,4.232e+5,,
753.89,4.908e+5,4.908e+5,,
753.94,5.643e+5,5.643e+5,,
753.99,6.432e+5,6.432e+5,,
754.04,7.267e+5,7.267e+5,,
754.09,8.138e+5,8.138e+5,,
754.14,9.034e+5,9.034e+5,,
754.19,9.941e+5,9.941e+5,,
754.24,1.084e+6,1.084e+6,,
754.29,1.173e+6,1.173e+6,,
754.34,1.257e+6,1.257e+6,,
754.39,1.335e+6,1.335e+6,,
754.44,1.406e+6,1.406e+6,,
754.49,1.468e+6,1.468e+6,,
754.54,1.519e+6,1.519e+6,,
754.59,1.558e+6,1.558e+6,,
754.64,1.584e+6,1.584e+6,,
754.69,1.597e+6,1.597e+6,,
754.74,1.596e+6,1.596e+6,,
754.79,1.580e+6,1.580e+6,,
754.84,1.551e+6,1.551e+6,,
754.89,1.510e+6,1.510e+6,,
754.94,1.456e+6,1.456e+6,,
754.99,1.393e+6,1.393e+6,,
755.04,1.320e+6,1.320e+6,,
755.09,1.240e+6,1.240e+6,,
755.14,1.155e+6,1.155e+6,,
755.19,1.066e+6,1.066e+6,,
755.24,9.760e+5,9.760e+5,,
755.29,8.854e+5,8.854e+5,,
755.34,7.961e+5,7.961e+5,,
755.39,7.097e+5,7.097e+5,,
755.44,6.270e+5,6.270e+5,,
755.49,5.492e+5,5.492e+5,,
755.54,4.768e+5,4.768e+5,,
755.59,4.104e+5,4.104e+5,,
755.64,3.501e+5,3.501e+5,,
755.69,2.960e+5,2.960e+5,,
755.74,2.481e+5,2.481e+5,,
755.79,2.062e+5,2.062e+5,,
755.84,1.698e+5,1.698e+5,,
755.89,1.387e+5,1.387e+5,,
755.94,1.122e+5,1.122e+5,,
755.99,9.003e+4,9.003e+4,,
756.04,7.159e+4,7.159e+4,,
756.09,5.644e+4,5.644e+4,,
756.14,4.410e+4,4.410e+4,,
756.19,3.416e+4,3.416e+4,,
756.24,2.623e+4,2.623e+4,,
756.29,1.996e+4,1.996e+4,,
756.34,1.506e+4,1.506e+4,,
756.39,1.126e+4,1.126e+4,,
756.45,7.855e+3,7.855e+3,,
756.5,5.762e+3,5.762e+3,,
756.55,4.190e+3,4.190e+3,,
756.6,3.020e+3,3.020e+3,,
756.65,2.158e+3,2.158e+3,,
756.7,1.528e+3,1.528e+3,,
756.75,1.073e+3,1.073e+3,,
756.8,7.465e+2,7.465e+2,,
756.85,5.150e+2,5.150e+2,,
756.9,3.521e+2,3.521e+2,,
756.95,2.387e+2,2.387e+2,,
757,1.604e+2,1.604e+2,,
757.05,1.068e+2,1.068e+2,,
757.1,7.051e+1,7.051e+1,,
757.15,4.615e+1,4.615e+1,,
757.2,2.993e+1,2.993e+1,,
757.25,1.925e+1,1.925e+1,,
757.3,1.227e+1,1.227e+1,,
757.35,7.753e+0,7.753e+0,,
757.4,4.856e+0,4.856e+0,,
757.45,3.015e+0,3.015e+0,,
757.5,1.855e+0,1.855e+0,,
757.55,1.132e+0,1.132e+0,,
757.6,6.844e-1,6.844e-1,,
757.65,4.103e-1,4.103e-1,,
757.7,2.438e-1,2.438e-1,,
757.75,1.436e-1,1.436e-1,,
757.8,8.383e-2,8.383e-2,,
757.85,4.852e-2,4.852e-2,,
757.9,2.783e-2,2.783e-2,,
757.95,1.583e-2,1.583e-2,,
758,8.922e-3,8.922e-3,,
758.05,4.986e-3,4.986e-3,,
758.1,2.762e-3,2.762e-3,,
758.15,1.516e-3,1.516e-3,,
758.2,8.252e-4,8.252e-4,,
758.25,4.452e-4,4.452e-4,,
758.3,2.381e-4,2.381e-4,,
758.35,1.262e-4,1.262e-4,,
758.4,6.632e-5,6.632e-5,,
758.45,3.454e-5,3.454e-5,,
758.5,1.784e-5,1.784e-5,,
758.55,9.129e-6,9.129e-6,,
758.6,4.632e-6,4.632e-6,,
758.65,2.329e-6,2.329e-6,,
758.7,1.161e-6,1.161e-6,,
758.75,5.738e-7,5.738e-7,,
758.8,2.811e-7,2.811e-7,,
758.85,1.365e-7,1.365e-7,,
758.9,6.569e-8,6.569e-8,,
758.95,3.134e-8,3.134e-8,,
759,1.482e-8,1.482e-8,,
759.05,6.948e-9,6.948e-9,,
759.1,3.229e-9,3.229e-9,,
759.15,1.487e-9,1.487e-9,,
759.2,6.792e-10,6.792e-10,,
759.25,3.074e-10,3.074e-10,,
767.1,5.805e-11,5.805e-11,,
767.15,1.264e-10,1.264e-10,,
767.2,2.730e-10,2.730e-10,,
767.25,5.845e-10,5.845e-10,,
767.3,1.241e-9,1.241e-9,,
767.35,2.613e-9,2.613e-9,,
767.4,5.456e-9,5.456e-9,,
767.45,1.130e-8,1.130e-8,,
767.5,2.320e-8,2.320e-8,,
767.55,4.723e-8,4.723e-8,,
767.6,9.537e-8,9.537e-8,,
767.65,1.909e-7,1.909e-7,,
767.7,3.791e-7,3.791e-7,,
767.75,7.464e-7,7.464e-7,,
767.8,1.457e-6,1.457e-6,,
767.85,2.821e-6,2.821e-6,,
767.9,5.417e-6,5.417e-6,,
767.95,1.031e-5,1.031e-5,,
768,1.947e-5,1.947e-5,,
768.05,3.645e-5,3.645e-5,,
768.1,6.767e-5,6.767e-5,,
768.15,1.246e-4,1.246e-4,,
768.2,2.274e-4,2.274e-4,,
768.25,4.117e-4,4.117e-4,,
768.3,7.391e-4,7.391e-4,,
768.35,1.316e-3,1.316e-3,,
768.4,2.323e-3,2.323e-3,,
768.45,4.066e-3,4.066e-3,,
768.5,7.058e-3,7.058e-3,,
768.55,1.215e-2,1.215e-2,,
768.6,2.074e-2,2.074e-2,,
768.65,3.511e-2,3.511e-2,,
768.7,5.893e-2,5.893e-2,,
768.75,9.810e-2,9.810e-2,,
768.8,1.619e-1,1.619e-1,,
768.85,2.650e-1,2.650e-1,,
768.9,4.302e-1,4.302e-1,,
768.95,6.925e-1,6.925e-1,,
769,1.105e+0,1.105e+0,,
769.05,1.749e+0,1.749e+0,,
769.1,2.746e+0,2.746e+0,,
769.15,4.274e+0,4.274e+0,,
769.2,6.596e+0,6.596e+0,,
769.25,1.010e+1,1.010e+1,,
769.3,1.532e+1,1.532e+1,,
769.35,2.306e+1,2.306e+1,,
769.4,3.442e+1,3.442e+1,,
769.45,5.094e+1,5.094e+1,,
769.5,7.476e+1,7.476e+1,,
769.55,1.088e+2,1.088e+2,,
769.6,1.570e+2,1.570e+2,,
769.65,2.247e+2,2.247e+2,,
769.7,3.189e+2,3.189e+2,,
769.75,4.488e+2,4.488e+2,,
769.8,6.263e+2,6.263e+2,,
769.85,8.667e+2,8.667e+2,,
769.9,1.189e+3,1.189e+3,,
769.95,1.619e+3,1.619e+3,,
770,2.184e+3,2.184e+3,,
770.05,2.923e+3,2.923e+3,,
770.1,3.878e+3,3.878e+3,,
770.15,5.103e+3,5.103e+3,,
770.2,6.659e+3,6.659e+3,,
770.25,8.617e+3,8.617e+3,,
770.3,1.106e+4,1.106e+4,,
770.35,1.407e+4,1.407e+4,,
770.4,1.775e+4,1.775e+4,,
770.45,2.221e+4,2.221e+4,,
770.5,2.756e+4,2.756e+4,,
770.55,3.391e+4,3.391e+4,,
770.6,4.138e+4,4.138e+4,,
770.65,5.006e+4,5.006e+4,,
770.7,6.007e+4,6.007e+4,,
770.75,7.147e+4,7.147e+4,,
770.8,8.432e+4,8.432e+4,,
770.85,9.865e+4,9.865e+4,,
770.9,1.145e+5,1.145e+5,,
770.95,1.317e+5,1.317e+5,,
771,1.502e+5,1.502e+5,,
771.05,1.700e+5,1.700e+5,,
771.1,1.907e+5,1.907e+5,,
771.15,2.121e+5,2.121e+5,,
771.2,2.340e+5,2.340e+5,,
771.25,2.560e+5,2.560e+5,,
771.3,2.777e+5,2.777e+5,,
771.35,2.988e+5,2.988e+5,,
771.4,3.187e+5,3.187e+5,,
771.45,3.372e+5,3.372e+5,,
771.5,3.537e+5,3.537e+5,,
771.55,3.679e+5,3.679e+5,,
771.6,3.795e+5,3.795e+5,,
771.65,3.882e+5,3.882e+5,,
771.7,3.938e+5,3.938e+5,,
771.75,3.961e+5,3.961e+5,,
771.8,3.951e+5,3.951e+5,,
771.85,3.909e+5,3.909e+5,,
771.9,3.834e+5,3.834e+5,,
771.95,3.729e+5,3.729e+5,,
772,3.597e+5,3.597e+5,,
772.05,3.441e+5,3.441e+5,,
772.1,3.264e+5,3.264e+5,,
772.15,3.070e+5,3.070e+5,,
772.2,2.864e+5,2.864e+5,,
772.25,2.649e+5,2.649e+5,,
772.3,2.431e+5,2.431e+5,,
772.35,2.212e+5,2.212e+5,,
772.4,1.997e+5,1.997e+5,,
772.45,1.789e+5,1.789e+5,,
772.5,1.590e+5,1.590e+5,,
772.55,1.404e+5,1.404e+5,,
772.6,1.231e+5,1.231e+5,,
772.65,1.074e+5,1.074e+5,,
772.7,9.347e+4,9.347e+4,,
772.75,8.126e+4,8.126e+4,,
772.8,7.089e+4,7.089e+4,,
772.85,6.242e+4,6.242e+4,,
772.9,5.586e+4,5.586e+4,,
772.95,5.127e+4,5.127e+4,,
773,4.869e+4,4.869e+4,,
773.05,4.818e+4,4.818e+4,,
773.1,4.979e+4,4.979e+4,,
773.15,5.363e+4,5.363e+4,,
773.2,5.980e+4,5.980e+4,,
773.25,6.842e+4,6.842e+4,,
773.3,7.962e+4,7.962e+4,,
773.35,9.354e+4,9.354e+4,,
773.4,1.103e+5,1.103e+5,,
773.45,1.301e+5,1.301e+5,,
773.5,1.529e+5,1.529e+5,,
773.55,1.788e+5,1.788e+5,,
773.6,2.078e+5,2.078e+5,,
773.65,2.399e+5,2.399e+5,,
773.7,2.748e+5,2.748e+5,,
773.75,3.124e+5,3.124e+5,,
773.8,3.524e+5,3.524e+5,,
773.85,3.942e+5,3.942e+5,,
773.9,4.374e+5,4.374e+5,,
773.95,4.813e+5,4.813e+5,,
774,5.252e+5,5.252e+5,,
774.05,5.685e+5,5.685e+5,,
774.1,6.102e+5,6.102e+5,,
774.15,6.496e+5,6.496e+5,,
774.2,6.857e+5,6.857e+5,,
774.25,7.179e+5,7.179e+5,,
774.3,7.453e+5,7.453e+5,,
774.35,7.674e+5,7.674e+5,,
774.4,7.835e+5,7.835e+5,,
774.45,7.934e+5,7.934e+5,,
774.5,7.967e+5,7.967e+5,,
774.55,7.934e+5,7.934e+5,,
774.6,7.836e+5,7.836e+5,,
774.65,7.674e+5,7.674e+5,,
774.7,7.454e+5,7.454e+5,,
774.75,7.180e+5,7.180e+5,,
774.8,6.859e+5,6.859e+5,,
774.85,6.498e+5,6.498e+5,,
774.9,6.106e+5,6.106e+5,,
774.95,5.690e+5,5.690e+5,,
775,5.259e+5,5.259e+5,,
775.05,4.822e+5,4.822e+5,,
775.1,4.386e+5,4.386e+5,,
775.15,3.958e+5,3.958e+5,,
775.2,3.545e+5,3.545e+5,,
775.25,3.153e+5,3.153e+5,,
775.3,2.785e+5,2.785e+5,,
775.35,2.446e+5,2.446e+5,,
775.4,2.139e+5,2.139e+5,,
775.45,1.865e+5,1.865e+5,,
775.5,1.625e+5,1.625e+5,,
775.55,1.421e+5,1.421e+5,,
775.6,1.251e+5,1.251e+5,,
775.65,1.116e+5,1.116e+5,,
775.7,1.014e+5,1.014e+5,,
775.75,9.454e+4,9.454e+4,,
775.8,9.079e+4,9.079e+4,,
775.85,9.003e+4,9.003e+4,,
775.9,9.213e+4,9.213e+4,,
775.95,9.692e+4,9.692e+4,,
776,1.042e+5,1.042e+5,,
776.05,1.139e+5,1.139e+5,,
776.1,1.257e+5,1.257e+5,,
776.15,1.395e+5,1.395e+5,,
776.2,1.550e+5,1.550e+5,,
776.25,1.719e+5,1.719e+5,,
776.3,1.899e+5,1.899e+5,,
776.35,2.088e+5,2.088e+5,,
776.4,2.281e+5,2.281e+5,,
776.45,2.475e+5,2.475e+5,,
776.5,2.667e+5,2.667e+5,,
776.55,2.851e+5,2.851e+5,,
776.6,3.025e+5,3.025e+5,,
776.65,3.184e+5,3.184e+5,,
776.7,3.324e+5,3.324e+5,,
776.75,3.443e+5,3.443e+5,,
776.8,3.537e+5,3.537e+5,,
776.85,3.605e+5,3.605e+5,,
776.9,3.644e+5,3.644e+5,,
776.95,3.653e+5,3.653e+5,,
777,3.633e+5,3.633e+5,,
777.05,3.583e+5,3.583e+5,,
777.1,3.505e+5,3.505e+5,,
777.15,3.401e+5,3.401e+5,,
777.2,3.273e+5,3.273e+5,,
777.25,3.125e+5,3.125e+5,,
777.3,2.959e+5,2.959e+5,,
777.35,2.778e+5,2.778e+5,,
777.4,2.588e+5,2.588e+5,,
777.45,2.391e+5,2.391e+5,,
777.5,2.191e+5,2.191e+5,,
777.55,1.992e+5,1.992e+5,,
777.6,1.796e+5,1.796e+5,,
777.65,1.606e+5,1.606e+5,,
777.7,1.424e+5,1.424e+5,,
777.75,1.253e+5,1.253e+5,,
777.8,1.094e+5,1.094e+5,,
777.85,9.467e+4,9.467e+4,,
777.9,8.129e+4,8.129e+4,,
777.95,6.923e+4,6.923e+4,,
778,5.848e+4,5.848e+4,,
778.05,4.900e+4,4.900e+4,,
778.1,4.072e+4,4.072e+4,,
778.15,3.357e+4,3.357e+4,,
778.2,2.745e+4,2.745e+4,,
778.25,2.227e+4,2.227e+4,,
778.3,1.792e+4,1.792e+4,,
778.35,1.430e+4,1.430e+4,,
778.4,1.132e+4,1.132e+4,,
778.45,8.889e+3,8.889e+3,,
778.5,6.924e+3,6.924e+3,,
778.55,5.349e+3,5.349e+3,,
778.6,4.100e+3,4.100e+3,,
778.65,3.117e+3,3.117e+3,,
778.7,2.350e+3,2.350e+3,,
778.75,1.758e+3,1.758e+3,,
778.8,1.305e+3,1.305e+3,,
778.85,9.603e+2,9.603e+2,,
778.9,7.011e+2,7.011e+2,,
778.95,5.078e+2,5.078e+2,,
779,3.649e+2,3.649e+2,,
779.05,2.601e+2,2.601e+2,,
779.1,1.840e+2,1.840e+2,,
779.15,1.292e+2,1.292e+2,,
779.2,9.017e+1,9.017e+1,,
779.25,6.270e+1,6.270e+1,,
779.3,4.368e+1,4.368e+1,,
779.35,3.086e+1,3.086e+1,,
779.4,2.267e+1,2.267e+1,,
779.45,1.809e+1,1.809e+1,,
779.5,1.654e+1,1.654e+1,,
779.55,1.785e+1,1.785e+1,,
779.6,2.225e+1,2.225e+1,,
779.65,3.040e+1,3.040e+1,,
779.7,4.345e+1,4.345e+1,,
779.75,6.319e+1,6.319e+1,,
779.8,9.219e+1,9.219e+1,,
779.85,1.341e+2,1.341e+2,,
779.9,1.939e+2,1.939e+2,,
779.95,2.783e+2,2.783e+2,,
780,3.963e+2,3.963e+2,,
780.05,5.599e+2,5.599e+2,,
780.1,7.847e+2,7.847e+2,,
780.15,1.091e+3,1.091e+3,,
780.2,1.504e+3,1.504e+3,,
780.25,2.057e+3,2.057e+3,,
780.3,2.791e+3,2.791e+3,,
780.35,3.755e+3,3.755e+3,,
780.4,5.011e+3,5.011e+3,,
780.45,6.633e+3,6.633e+3,,
780.5,8.709e+3,8.709e+3,,
780.55,1.134e+4,1.134e+4,,
780.6,1.465e+4,1.465e+4,,
780.65,1.877e+4,1.877e+4,,
780.7,2.386e+4,2.386e+4,,
780.75,3.007e+4,3.007e+4,,
780.8,3.760e+4,3.760e+4,,
780.85,4.663e+4,4.663e+4,,
780.9,5.737e+4,5.737e+4,,
780.95,7.000e+4,7.000e+4,,
781,8.473e+4,8.473e+4,,
781.05,1.017e+5,1.017e+5,,
781.1,1.212e+5,1.212e+5,,
781.15,1.432e+5,1.432e+5,,
781.2,1.678e+5,1.678e+5,,
781.25,1.951e+5,1.951e+5,,
781.3,2.250e+5,2.250e+5,,
781.35,2.574e+5,2.574e+5,,
781.4,2.922e+5,2.922e+5,,
781.45,3.291e+5,3.291e+5,,
781.5,3.678e+5,3.678e+5,,
781.55,4.078e+5,4.078e+5,,
781.6,4.486e+5,4.486e+5,,
781.65,4.898e+5,4.898e+5,,
781.7,5.307e+5,5.307e+5,,
781.75,5.708e+5,5.708e+5,,
781.8,6.093e+5,6.093e+5,,
781.85,6.457e+5,6.457e+5,,
781.9,6.795e+5,6.795e+5,,
781.95,7.100e+5,7.100e+5,,
782,7.368e+5,7.368e+5,,
782.05,7.595e+5,7.595e+5,,
782.1,7.780e+5,7.780e+5,,
782.15,7.919e+5,7.919e+5,,
782.2,8.013e+5,8.013e+5,,
782.25,8.063e+5,8.063e+5,,
782.3,8.069e+5,8.069e+5,,
782.35,8.035e+5,8.035e+5,,
782.4,7.962e+5,7.962e+5,,
782.45,7.856e+5,7.856e+5,,
782.5,7.719e+5,7.719e+5,,
782.55,7.557e+5,7.557e+5,,
782.6,7.373e+5,7.373e+5,,
782.65,7.170e+5,7.170e+5,,
782.7,6.954e+5,6.954e+5,,
782.75,6.725e+5,6.725e+5,,
782.8,6.488e+5,6.488e+5,,
782.85,6.244e+5,6.244e+5,,
782.9,5.995e+5,5.995e+5,,
782.95,5.742e+5,5.742e+5,,
783,5.485e+5,5.485e+5,,
783.05,5.226e+5,5.226e+5,,
783.1,4.965e+5,4.965e+5,,
783.15,4.701e+5,4.701e+5,,
783.2,4.437e+5,4.437e+5,,
783.25,4.171e+5,4.171e+5,,
783.3,3.905e+5,3.905e+5,,
783.35,3.640e+5,3.640e+5,,
783.4,3.377e+5,3.377e+5,,
783.45,3.117e+5,3.117e+5,,
783.5,2.861e+5,2.861e+5,,
783.55,2.612e+5,2.612e+5,,
783.6,2.369e+5,2.369e+5,,
783.65,2.137e+5,2.137e+5,,
783.7,1.914e+5,1.914e+5,,
783.75,1.703e+5,1.703e+5,,
783.8,1.505e+5,1.505e+5,,
783.85,1.321e+5,1.321e+5,,
783.9,1.151e+5,1.151e+5,,
783.95,9.961e+4,9.961e+4,,
784,8.553e+4,8.553e+4,,
784.05,7.290e+4,7.290e+4,,
784.1,6.166e+4,6.166e+4,,
784.15,5.176e+4,5.176e+4,,
784.2,4.311e+4,4.311e+4,,
784.25,3.563e+4,3.563e+4,,
784.3,2.922e+4,2.922e+4,,
784.35,2.377e+4,2.377e+4,,
784.4,1.918e+4,1.918e+4,,
784.45,1.536e+4,1.536e+4,,
784.5,1.220e+4,1.220e+4,,
784.55,9.617e+3,9.617e+3,,
784.6,7.518e+3,7.518e+3,,
784.65,5.830e+3,5.830e+3,,
784.7,4.485e+3,4.485e+3,,
784.75,3.423e+3,3.423e+3,,
784.8,2.591e+3,2.591e+3,,
784.85,1.945e+3,1.945e+3,,
784.9,1.449e+3,1.449e+3,,
784.95,1.071e+3,1.071e+3,,
785,7.853e+2,7.853e+2,,
785.05,5.717e+2,5.717e+2,,
785.1,4.135e+2,4.135e+2,,
785.15,2.978e+2,2.978e+2,,
785.2,2.144e+2,2.144e+2,,
785.25,1.557e+2,1.557e+2,,
785.3,1.160e+2,1.160e+2,,
785.35,9.120e+1,9.120e+1,,
785.4,7.880e+1,7.880e+1,,
785.45,7.748e+1,7.748e+1,,
785.5,8.708e+1,8.708e+1,,
785.55,1.086e+2,1.086e+2,,
785.6,1.444e+2,1.444e+2,,
785.65,1.980e+2,1.980e+2,,
785.7,2.748e+2,2.748e+2,,
785.75,3.819e+2,3.819e+2,,
785.8,5.289e+2,5.289e+2,,
785.85,7.280e+2,7.280e+2,,
785.9,9.951e+2,9.951e+2,,
785.95,1.350e+3,1.350e+3,,
786,1.817e+3,1.817e+3,,
786.05,2.426e+3,2.426e+3,,
786.1,3.213e+3,3.213e+3,,
786.15,4.223e+3,4.223e+3,,
786.2,5.504e+3,5.504e+3,,
786.25,7.117e+3,7.117e+3,,
786.3,9.128e+3,9.128e+3,,
786.35,1.161e+4,1.161e+4,,
786.4,1.466e+4,1.466e+4,,
786.45,1.835e+4,1.835e+4,,
786.5,2.279e+4,2.279e+4,,
786.55,2.808e+4,2.808e+4,,
786.6,3.432e+4,3.432e+4,,
786.65,4.161e+4,4.161e+4,,
786.7,5.004e+4,5.004e+4,,
786.75,5.969e+4,5.969e+4,,
786.8,7.064e+4,7.064e+4,,
786.85,8.292e+4,8.292e+4,,
786.9,9.656e+4,9.656e+4,,
786.95,1.115e+5,1.115e+5,,
787,1.278e+5,1.278e+5,,
787.05,1.453e+5,1.453e+5,,
787.1,1.638e+5,1.638e+5,,
787.15,1.832e+5,1.832e+5,,
787.2,2.033e+5,2.033e+5,,
787.25,2.237e+5,2.237e+5,,
787.31,2.483e+5,2.483e+5,,
787.36,2.685e+5,2.685e+5,,
787.41,2.880e+5,2.880e+5,,
787.46,3.065e+5,3.065e+5,,
787.51,3.235e+5,3.235e+5,,
787.56,3.387e+5,3.387e+5,,
787.61,3.517e+5,3.517e+5,,
787.66,3.624e+5,3.624e+5,,
787.71,3.704e+5,3.704e+5,,
787.76,3.756e+5,3.756e+5,,
787.81,3.777e+5,3.777e+5,,
787.86,3.769e+5,3.769e+5,,
787.91,3.731e+5,3.731e+5,,
787.96,3.664e+5,3.664e+5,,
788.01,3.570e+5,3.570e+5,,
788.06,3.451e+5,3.451e+5,,
788.11,3.311e+5,3.311e+5,,
788.16,3.152e+5,3.152e+5,,
788.21,2.979e+5,2.979e+5,,
788.26,2.795e+5,2.795e+5,,
788.31,2.605e+5,2.605e+5,,
788.36,2.412e+5,2.412e+5,,
788.41,2.221e+5,2.221e+5,,
788.46,2.036e+5,2.036e+5,,
788.51,1.859e+5,1.859e+5,,
788.56,1.695e+5,1.695e+5,,
788.61,1.545e+5,1.545e+5,,
788.66,1.413e+5,1.413e+5,,
788.71,1.300e+5,1.300e+5,,
788.76,1.208e+5,1.208e+5,,
788.81,1.137e+5,1.137e+5,,
788.86,1.088e+5,1.088e+5,,
788.91,1.062e+5,1.062e+5,,
788.96,1.057e+5,1.057e+5,,
789.01,1.075e+5,1.075e+5,,
789.06,1.112e+5,1.112e+5,,
789.11,1.169e+5,1.169e+5,,
789.16,1.244e+5,1.244e+5,,
789.21,1.333e+5,1.333e+5,,
789.26,1.437e+5,1.437e+5,,
789.31,1.550e+5,1.550e+5,,
789.36,1.672e+5,1.672e+5,,
789.41,1.799e+5,1.799e+5,,
789.46,1.928e+5,1.928e+5,,
789.51,2.056e+5,2.056e+5,,
789.56,2.179e+5,2.179e+5,,
789.61,2.295e+5,2.295e+5,,
789.66,2.400e+5,2.400e+5,,
789.71,2.493e+5,2.493e+5,,
789.76,2.570e+5,2.570e+5,,
789.81,2.630e+5,2.630e+5,,
789.86,2.672e+5,2.672e+5,,
789.91,2.694e+5,2.694e+5,,
789.96,2.695e+5,2.695e+5,,
790.01,2.678e+5,2.678e+5,,
790.06,2.641e+5,2.641e+5,,
790.11,2.586e+5,2.586e+5,,
790.16,2.515e+5,2.515e+5,,
790.21,2.430e+5,2.430e+5,,
790.26,2.333e+5,2.333e+5,,
790.31,2.228e+5,2.228e+5,,
790.36,2.116e+5,2.116e+5,,
790.41,2.002e+5,2.002e+5,,
790.46,1.888e+5,1.888e+5,,
790.51,1.776e+5,1.776e+5,,
790.56,1.669e+5,1.669e+5,,
790.61,1.570e+5,1.570e+5,,
790.66,1.480e+5,1.480e+5,,
790.71,1.401e+5,1.401e+5,,
790.76,1.335e+5,1.335e+5,,
790.81,1.281e+5,1.281e+5,,
790.86,1.241e+5,1.241e+5,,
790.91,1.214e+5,1.214e+5,,
790.96,1.200e+5,1.200e+5,,
791.01,1.199e+5,1.199e+5,,
791.06,1.211e+5,1.211e+5,,
791.11,1.234e+5,1.234e+5,,
791.16,1.267e+5,1.267e+5,,
791.21,1.309e+5,1.309e+5,,
791.26,1.360e+5,1.360e+5,,
791.31,1.419e+5,1.419e+5,,
791.36,1.484e+5,1.484e+5,,
791.41,1.555e+5,1.555e+5,,
791.46,1.632e+5,1.632e+5,,
791.51,1.713e+5,1.713e+5,,
791.56,1.799e+5,1.799e+5,,
791.61,1.888e+5,1.888e+5,,
791.66,1.981e+5,1.981e+5,,
791.71,2.076e+5,2.076e+5,,
791.76,2.174e+5,2.174e+5,,
791.81,2.274e+5,2.274e+5,,
791.86,2.374e+5,2.374e+5,,
791.91,2.475e+5,2.475e+5,,
791.96,2.575e+5,2.575e+5,,
792.01,2.673e+5,2.673e+5,,
792.06,2.768e+5,2.768e+5,,
792.11,2.860e+5,2.860e+5,,
792.16,2.946e+5,2.946e+5,,
792.21,3.026e+5,3.026e+5,,
792.26,3.099e+5,3.099e+5,,
792.31,3.164e+5,3.164e+5,,
792.36,3.221e+5,3.221e+5,,
792.41,3.268e+5,3.268e+5,,
792.46,3.307e+5,3.307e+5,,
792.51,3.337e+5,3.337e+5,,
792.56,3.358e+5,3.358e+5,,
792.61,3.371e+5,3.371e+5,,
792.66,3.377e+5,3.377e+5,,
792.71,3.377e+5,3.377e+5,,
792.76,3.372e+5,3.372e+5,,
792.81,3.362e+5,3.362e+5,,
792.86,3.349e+5,3.349e+5,,
792.91,3.334e+5,3.334e+5,,
792.96,3.315e+5,3.315e+5,,
793.01,3.295e+5,3.295e+5,,
793.06,3.273e+5,3.273e+5,,
793.11,3.248e+5,3.248e+5,,
793.16,3.220e+5,3.220e+5,,
793.21,3.188e+5,3.188e+5,,
793.26,3.151e+5,3.151e+5,,
793.31,3.108e+5,3.108e+5,,
793.36,3.059e+5,3.059e+5,,
793.41,3.001e+5,3.001e+5,,
793.46,2.935e+5,2.935e+5,,
793.51,2.860e+5,2.860e+5,,
793.56,2.774e+5,2.774e+5,,
793.61,2.679e+5,2.679e+5,,
793.66,2.574e+5,2.574e+5,,
793.71,2.460e+5,2.460e+5,,
793.76,2.338e+5,2.338e+5,,
793.81,2.208e+5,2.208e+5,,
793.86,2.073e+5,2.073e+5,,
793.91,1.933e+5,1.933e+5,,
793.96,1.791e+5,1.791e+5,,
794.01,1.648e+5,1.648e+5,,
794.06,1.505e+5,1.505e+5,,
794.11,1.366e+5,1.366e+5,,
794.16,1.230e+5,1.230e+5,,
794.21,1.100e+5,1.100e+5,,
794.26,9.756e+4,9.756e+4,,
794.31,8.592e+4,8.592e+4,,
794.36,7.510e+4,7.510e+4,,
794.41,6.514e+4,6.514e+4,,
794.46,5.607e+4,5.607e+4,,
794.51,4.789e+4,4.789e+4,,
794.56,4.059e+4,4.059e+4,,
794.61,3.413e+4,3.413e+4,,
794.66,2.848e+4,2.848e+4,,
794.71,2.358e+4,2.358e+4,,
794.76,1.937e+4,1.937e+4,,
794.81,1.579e+4,1.579e+4,,
794.86,1.277e+4,1.277e+4,,
794.91,1.024e+4,1.024e+4,,
794.96,8.154e+3,8.154e+3,,
795.01,6.440e+3,6.440e+3,,
795.06,5.047e+3,5.047e+3,,
795.11,3.925e+3,3.925e+3,,
795.16,3.030e+3,3.030e+3,,
795.21,2.322e+3,2.322e+3,,
795.26,1.769e+3,1.769e+3,,
795.31,1.342e+3,1.342e+3,,
795.36,1.016e+3,1.016e+3,,
795.41,7.726e+2,7.726e+2,,
795.46,5.963e+2,5.963e+2,,
795.51,4.750e+2,4.750e+2,,
795.56,4.004e+2,4.004e+2,,
795.61,3.670e+2,3.670e+2,,
795.66,3.720e+2,3.720e+2,,
795.71,4.159e+2,4.159e+2,,
795.76,5.014e+2,5.014e+2,,
795.81,6.345e+2,6.345e+2,,
795.86,8.240e+2,8.240e+2,,
795.91,1.082e+3,1.082e+3,,
795.96,1.425e+3,1.425e+3,,
796.01,1.872e+3,1.872e+3,,
796.06,2.448e+3,2.448e+3,,
796.11,3.182e+3,3.182e+3,,
796.16,4.108e+3,4.108e+3,,
796.21,5.267e+3,5.267e+3,,
796.26,6.704e+3,6.704e+3,,
796.31,8.473e+3,8.473e+3,,
796.36,1.063e+4,1.063e+4,,
796.41,1.324e+4,1.324e+4,,
796.46,1.637e+4,1.637e+4,,
796.51,2.009e+4,2.009e+4,,
796.56,2.449e+4,2.449e+4,,
796.61,2.963e+4,2.963e+4,,
796.66,3.559e+4,3.559e+4,,
796.71,4.244e+4,4.244e+4,,
796.76,5.025e+4,5.025e+4,,
796.81,5.907e+4,5.907e+4,,
796.86,6.894e+4,6.894e+4,,
796.91,7.989e+4,7.989e+4,,
796.96,9.192e+4,9.192e+4,,
797.01,1.050e+5,1.050e+5,,
797.06,1.191e+5,1.191e+5,,
797.11,1.342e+5,1.342e+5,,
797.16,1.501e+5,1.501e+5,,
797.21,1.666e+5,1.666e+5,,
797.26,1.837e+5,1.837e+5,,
797.31,2.012e+5,2.012e+5,,
797.36,2.187e+5,2.187e+5,,
797.41,2.361e+5,2.361e+5,,
797.46,2.531e+5,2.531e+5,,
797.51,2.695e+5,2.695e+5,,
797.56,2.848e+5,2.848e+5,,
797.61,2.990e+5,2.990e+5,,
797.66,3.116e+5,3.116e+5,,
797.71,3.225e+5,3.225e+5,,
797.76,3.315e+5,3.315e+5,,
797.81,3.383e+5,3.383e+5,,
797.86,3.429e+5,3.429e+5,,
797.91,3.452e+5,3.452e+5,,
797.96,3.452e+5,3.452e+5,,
798.01,3.428e+5,3.428e+5,,
798.06,3.381e+5,3.381e+5,,
798.11,3.314e+5,3.314e+5,,
798.16,3.227e+5,3.227e+5,,
798.21,3.124e+5,3.124e+5,,
798.26,3.007e+5,3.007e+5,,
798.31,2.879e+5,2.879e+5,,
798.36,2.743e+5,2.743e+5,,
798.41,2.603e+5,2.603e+5,,
798.46,2.462e+5,2.462e+5,,
798.51,2.324e+5,2.324e+5,,
798.56,2.193e+5,2.193e+5,,
798.61,2.071e+5,2.071e+5,,
798.66,1.961e+5,1.961e+5,,
798.71,1.866e+5,1.866e+5,,
798.76,1.788e+5,1.788e+5,,
798.81,1.729e+5,1.729e+5,,
798.86,1.689e+5,1.689e+5,,
798.91,1.669e+5,1.669e+5,,
798.96,1.669e+5,1.669e+5,,
799.01,1.688e+5,1.688e+5,,
799.06,1.726e+5,1.726e+5,,
799.11,1.781e+5,1.781e+5,,
799.16,1.850e+5,1.850e+5,,
799.21,1.932e+5,1.932e+5,,
799.26,2.023e+5,2.023e+5,,
799.31,2.121e+5,2.121e+5,,
799.36,2.221e+5,2.221e+5,,
799.41,2.321e+5,2.321e+5,,
799.46,2.417e+5,2.417e+5,,
799.51,2.507e+5,2.507e+5,,
799.56,2.586e+5,2.586e+5,,
799.61,2.653e+5,2.653e+5,,
799.66,2.704e+5,2.704e+5,,
799.71,2.738e+5,2.738e+5,,
799.76,2.754e+5,2.754e+5,,
799.81,2.750e+5,2.750e+5,,
799.86,2.726e+5,2.726e+5,,
799.91,2.682e+5,2.682e+5,,
799.96,2.619e+5,2.619e+5,,
800.01,2.539e+5,2.539e+5,,
800.06,2.442e+5,2.442e+5,,
800.11,2.331e+5,2.331e+5,,
800.16,2.208e+5,2.208e+5,,
800.21,2.075e+5,2.075e+5,,
800.26,1.935e+5,1.935e+5,,
800.31,1.791e+5,1.791e+5,,
800.36,1.644e+5,1.644e+5,,
800.41,1.498e+5,1.498e+5,,
800.46,1.354e+5,1.354e+5,,
800.51,1.215e+5,1.215e+5,,
800.56,1.081e+5,1.081e+5,,
800.61,9.549e+4,9.549e+4,,
800.66,8.368e+4,8.368e+4,,
800.71,7.275e+4,7.275e+4,,
800.76,6.276e+4,6.276e+4,,
800.81,5.372e+4,5.372e+4,,
800.86,4.562e+4,4.562e+4,,
800.91,3.844e+4,3.844e+4,,
800.96,3.214e+4,3.214e+4,,
801.01,2.666e+4,2.666e+4,,
801.06,2.195e+4,2.195e+4,,
801.11,1.793e+4,1.793e+4,,
801.16,1.453e+4,1.453e+4,,
801.21,1.168e+4,1.168e+4,,
801.26,9.318e+3,9.318e+3,,
801.31,7.376e+3,7.376e+3,,
801.36,5.793e+3,5.793e+3,,
801.41,4.515e+3,4.515e+3,,
801.46,3.491e+3,3.491e+3,,
801.51,2.678e+3,2.678e+3,,
801.56,2.039e+3,2.039e+3,,
801.61,1.540e+3,1.540e+3,,
801.66,1.154e+3,1.154e+3,,
801.71,8.582e+2,8.582e+2,,
801.76,6.332e+2,6.332e+2,,
801.81,4.635e+2,4.635e+2,,
801.86,3.367e+2,3.367e+2,,
801.91,2.427e+2,2.427e+2,,
801.96,1.735e+2,1.735e+2,,
802.01,1.231e+2,1.231e+2,,
802.06,8.668e+1,8.668e+1,,
802.11,6.055e+1,6.055e+1,,
802.16,4.196e+1,4.196e+1,,
802.21,2.886e+1,2.886e+1,,
802.26,1.969e+1,1.969e+1,,
802.31,1.333e+1,1.333e+1,,
802.36,8.955e+0,8.955e+0,,
802.41,5.969e+0,5.969e+0,,
802.46,3.947e+0,3.947e+0,,
802.51,2.590e+0,2.590e+0,,
802.56,1.686e+0,1.686e+0,,
802.61,1.089e+0,1.089e+0,,
802.66,6.983e-1,6.983e-1,,
802.71,4.441e-1,4.441e-1,,
802.76,2.802e-1,2.802e-1,,
802.81,1.755e-1,1.755e-1,,
802.86,1.090e-1,1.090e-1,,
802.91,6.719e-2,6.719e-2,,
802.96,4.109e-2,4.109e-2,,
803.01,2.494e-2,2.494e-2,,
803.06,1.502e-2,1.502e-2,,
803.11,8.971e-3,8.971e-3,,
803.16,5.318e-3,5.318e-3,,
803.21,3.128e-3,3.128e-3,,
803.26,1.825e-3,1.825e-3,,
803.31,1.057e-3,1.057e-3,,
803.36,6.072e-4,6.072e-4,,
803.41,3.461e-4,3.461e-4,,
803.46,1.958e-4,1.958e-4,,
803.51,1.099e-4,1.099e-4,,
803.56,6.118e-5,6.118e-5,,
803.61,3.380e-5,3.380e-5,,
803.66,1.853e-5,1.853e-5,,
803.71,1.008e-5,1.008e-5,,
803.76,5.441e-6,5.441e-6,,
803.81,2.915e-6,2.915e-6,,
803.86,1.552e-6,1.552e-6,,
803.91,8.253e-7,8.253e-7,,
803.96,4.457e-7,4.457e-7,,
804.01,2.594e-7,2.594e-7,,
804.06,1.896e-7,1.896e-7,,
804.11,2.079e-7,2.079e-7,,
804.16,3.236e-7,3.236e-7,,
804.21,5.885e-7,5.885e-7,,
804.26,1.118e-6,1.118e-6,,
804.31,2.138e-6,2.138e-6,,
804.36,4.073e-6,4.073e-6,,
804.41,7.708e-6,7.708e-6,,
804.46,1.448e-5,1.448e-5,,
804.51,2.701e-5,2.701e-5,,
804.56,4.999e-5,4.999e-5,,
804.61,9.182e-5,9.182e-5,,
804.66,1.674e-4,1.674e-4,,
804.71,3.030e-4,3.030e-4,,
804.76,5.441e-4,5.441e-4,,
804.81,9.700e-4,9.700e-4,,
804.86,1.716e-3,1.716e-3,,
804.91,3.013e-3,3.013e-3,,
804.96,5.252e-3,5.252e-3,,
805.01,9.085e-3,9.085e-3,,
805.06,1.560e-2,1.560e-2,,
805.11,2.658e-2,2.658e-2,,
805.16,4.495e-2,4.495e-2,,
805.21,7.545e-2,7.545e-2,,
805.26,1.257e-1,1.257e-1,,
805.31,2.078e-1,2.078e-1,,
805.36,3.411e-1,3.411e-1,,
805.41,5.555e-1,5.555e-1,,
805.46,8.981e-1,8.981e-1,,
805.51,1.441e+0,1.441e+0,,
805.56,2.295e+0,2.295e+0,,
805.61,3.627e+0,3.627e+0,,
805.66,5.690e+0,5.690e+0,,
805.71,8.859e+0,8.859e+0,,
805.76,1.369e+1,1.369e+1,,
805.81,2.100e+1,2.100e+1,,
805.86,3.196e+1,3.196e+1,,
805.91,4.829e+1,4.829e+1,,
805.96,7.241e+1,7.241e+1,,
806.01,1.078e+2,1.078e+2,,
806.06,1.592e+2,1.592e+2,,
806.11,2.334e+2,2.334e+2,,
806.16,3.396e+2,3.396e+2,,
806.21,4.904e+2,4.904e+2,,
806.26,7.030e+2,7.030e+2,,
806.31,1.000e+3,1.000e+3,,
806.36,1.412e+3,1.412e+3,,
806.41,1.979e+3,1.979e+3,,
806.46,2.752e+3,2.752e+3,,
806.51,3.800e+3,3.800e+3,,
806.56,5.206e+3,5.206e+3,,
806.61,7.079e+3,7.079e+3,,
806.66,9.555e+3,9.555e+3,,
806.71,1.280e+4,1.280e+4,,
806.76,1.702e+4,1.702e+4,,
806.81,2.245e+4,2.245e+4,,
806.86,2.941e+4,2.941e+4,,
806.91,3.823e+4,3.823e+4,,
806.96,4.931e+4,4.931e+4,,
807.01,6.314e+4,6.314e+4,,
807.06,8.025e+4,8.025e+4,,
807.11,1.012e+5,1.012e+5,,
807.16,1.267e+5,1.267e+5,,
807.21,1.574e+5,1.574e+5,,
807.26,1.941e+5,1.941e+5,,
807.31,2.376e+5,2.376e+5,,
807.36,2.886e+5,2.886e+5,,
807.41,3.480e+5,3.480e+5,,
807.46,4.164e+5,4.164e+5,,
807.51,4.945e+5,4.945e+5,,
807.56,5.828e+5,5.828e+5,,
807.61,6.818e+5,6.818e+5,,
807.66,7.917e+5,7.917e+5,,
807.71,9.123e+5,9.123e+5,,
807.76,1.043e+6,1.043e+6,,
807.81,1.184e+6,1.184e+6,,
807.86,1.334e+6,1.334e+6,,
807.91,1.492e+6,1.492e+6,,
807.96,1.656e+6,1.656e+6,,
808.01,1.824e+6,1.824e+6,,
808.06,1.994e+6,1.994e+6,,
808.11,2.163e+6,2.163e+6,,
808.16,2.330e+6,2.330e+6,,
808.21,2.490e+6,2.490e+6,,
808.26,2.641e+6,2.641e+6,,
808.31,2.780e+6,2.780e+6,,
808.36,2.905e+6,2.905e+6,,
808.41,3.013e+6,3.013e+6,,
808.46,3.101e+6,3.101e+6,,
808.51,3.167e+6,3.167e+6,,
808.56,3.211e+6,3.211e+6,,
808.61,3.231e+6,3.231e+6,,
808.66,3.227e+6,3.227e+6,,
808.71,3.199e+6,3.199e+6,,
808.76,3.147e+6,3.147e+6,,
808.81,3.072e+6,3.072e+6,,
808.86,2.977e+6,2.977e+6,,
808.91,2.863e+6,2.863e+6,,
808.96,2.733e+6,2.733e+6,,
809.01,2.589e+6,2.589e+6,,
809.06,2.434e+6,2.434e+6,,
809.11,2.271e+6,2.271e+6,,
809.16,2.103e+6,2.103e+6,,
809.21,1.933e+6,1.933e+6,,
809.26,1.764e+6,1.764e+6,,
809.31,1.597e+6,1.597e+6,,
809.36,1.435e+6,1.435e+6,,
809.41,1.280e+6,1.280e+6,,
809.46,1.133e+6,1.133e+6,,
809.51,9.952e+5,9.952e+5,,
809.56,8.677e+5,8.677e+5,,
809.61,7.508e+5,7.508e+5,,
809.66,6.448e+5,6.448e+5,,
809.71,5.496e+5,5.496e+5,,
809.76,4.649e+5,4.649e+5,,
809.81,3.904e+5,3.904e+5,,
809.86,3.253e+5,3.253e+5,,
809.91,2.690e+5,2.690e+5,,
809.96,2.208e+5,2.208e+5,,
810.01,1.799e+5,1.799e+5,,
810.06,1.454e+5,1.454e+5,,
810.11,1.167e+5,1.167e+5,,
810.16,9.292e+4,9.292e+4,,
810.21,7.344e+4,7.344e+4,,
810.26,5.761e+4,5.761e+4,,
810.31,4.485e+4,4.485e+4,,
810.36,3.465e+4,3.465e+4,,
810.41,2.657e+4,2.657e+4,,
810.46,2.022e+4,2.022e+4,,
810.51,1.528e+4,1.528e+4,,
810.56,1.145e+4,1.145e+4,,
810.61,8.520e+3,8.520e+3,,
810.66,6.291e+3,6.291e+3,,
810.71,4.610e+3,4.610e+3,,
810.76,3.353e+3,3.353e+3,,
810.81,2.420e+3,2.420e+3,,
810.86,1.734e+3,1.734e+3,,
810.91,1.233e+3,1.233e+3,,
810.96,8.700e+2,8.700e+2,,
811.01,6.093e+2,6.093e+2,,
811.06,4.235e+2,4.235e+2,,
811.11,2.922e+2,2.922e+2,,
811.16,2.000e+2,2.000e+2,,
811.21,1.359e+2,1.359e+2,,
811.26,9.166e+1,9.166e+1,,
811.31,6.135e+1,6.135e+1,,
811.36,4.075e+1,4.075e+1,,
811.41,2.686e+1,2.686e+1,,
811.46,1.758e+1,1.758e+1,,
811.51,1.141e+1,1.141e+1,,
811.56,7.355e+0,7.355e+0,,
811.61,4.704e+0,4.704e+0,,
811.66,2.986e+0,2.986e+0,,
811.71,1.881e+0,1.881e+0,,
811.76,1.176e+0,1.176e+0,,
811.81,7.298e-1,7.298e-1,,
811.86,4.495e-1,4.495e-1,,
811.91,2.747e-1,2.747e-1,,
811.96,1.666e-1,1.666e-1,,
812.01,1.003e-1,1.003e-1,,
812.06,5.994e-2,5.994e-2,,
812.11,3.555e-2,3.555e-2,,
812.16,2.092e-2,2.092e-2,,
812.21,1.222e-2,1.222e-2,,
812.26,7.083e-3,7.083e-3,,
812.31,4.075e-3,4.075e-3,,
812.36,2.327e-3,2.327e-3,,
812.41,1.318e-3,1.318e-3,,
812.46,7.415e-4,7.415e-4,,
812.51,4.138e-4,4.138e-4,,
812.56,2.292e-4,2.292e-4,,
812.61,1.260e-4,1.260e-4,,
812.66,6.877e-5,6.877e-5,,
812.71,3.724e-5,3.724e-5,,
812.76,2.001e-5,2.001e-5,,
812.81,1.067e-5,1.067e-5,,
812.86,5.650e-6,5.650e-6,,
812.91,2.968e-6,2.968e-6,,
812.96,1.548e-6,1.548e-6,,
813.01,8.009e-7,8.009e-7,,
813.06,4.113e-7,4.113e-7,,
813.11,2.096e-7,2.096e-7,,
813.16,1.060e-7,1.060e-7,,
813.21,5.323e-8,5.323e-8,,
813.26,2.652e-8,2.652e-8,,
813.31,1.312e-8,1.312e-8,,
813.36,6.424e-9,6.424e-9,,
813.41,3.129e-9,3.129e-9,,
813.46,1.382e-9,1.382e-9,,
813.51,6.643e-10,6.643e-10,,
813.56,7.504e-11,7.504e-11,,
813.61,3.594e-11,3.594e-11,,
814.51,6.133e-11,6.133e-11,,
814.56,1.273e-10,1.273e-10,,
814.61,2.624e-10,2.624e-10,,
814.66,5.366e-10,5.366e-10,,
814.71,1.089e-9,1.089e-9,,
814.76,2.195e-9,2.195e-9,,
814.81,4.391e-9,4.391e-9,,
814.86,8.718e-9,8.718e-9,,
814.91,1.718e-8,1.718e-8,,
814.96,3.360e-8,3.360e-8,,
815.01,6.524e-8,6.524e-8,,
815.06,1.257e-7,1.257e-7,,
815.11,2.405e-7,2.405e-7,,
815.16,4.566e-7,4.566e-7,,
815.21,8.604e-7,8.604e-7,,
815.26,1.609e-6,1.609e-6,,
815.31,2.988e-6,2.988e-6,,
815.36,5.507e-6,5.507e-6,,
815.41,1.007e-5,1.007e-5,,
815.46,1.829e-5,1.829e-5,,
815.51,3.296e-5,3.296e-5,,
815.56,5.896e-5,5.896e-5,,
815.61,1.047e-4,1.047e-4,,
815.66,1.845e-4,1.845e-4,,
815.71,3.227e-4,3.227e-4,,
815.76,5.604e-4,5.604e-4,,
815.81,9.657e-4,9.657e-4,,
815.86,1.652e-3,1.652e-3,,
815.91,2.805e-3,2.805e-3,,
815.96,4.728e-3,4.728e-3,,
816.01,7.909e-3,7.909e-3,,
816.06,1.313e-2,1.313e-2,,
816.11,2.164e-2,2.164e-2,,
816.16,3.541e-2,3.541e-2,,
816.21,5.749e-2,5.749e-2,,
816.26,9.266e-2,9.266e-2,,
816.31,1.482e-1,1.482e-1,,
816.36,2.354e-1,2.354e-1,,
816.41,3.710e-1,3.710e-1,,
816.46,5.804e-1,5.804e-1,,
816.51,9.012e-1,9.012e-1,,
816.56,1.389e+0,1.389e+0,,
816.61,2.125e+0,2.125e+0,,
816.66,3.227e+0,3.227e+0,,
816.71,4.864e+0,4.864e+0,,
816.76,7.276e+0,7.276e+0,,
816.81,1.080e+1,1.080e+1,,
816.86,1.593e+1,1.593e+1,,
816.91,2.330e+1,2.330e+1,,
816.96,3.384e+1,3.384e+1,,
817.01,4.877e+1,4.877e+1,,
817.06,6.977e+1,6.977e+1,,
817.11,9.909e+1,9.909e+1,,
817.16,1.397e+2,1.397e+2,,
817.21,1.954e+2,1.954e+2,,
817.26,2.714e+2,2.714e+2,,
817.31,3.740e+2,3.740e+2,,
817.36,5.118e+2,5.118e+2,,
817.41,6.950e+2,6.950e+2,,
817.46,9.368e+2,9.368e+2,,
817.51,1.253e+3,1.253e+3,,
817.56,1.665e+3,1.665e+3,,
817.61,2.194e+3,2.194e+3,,
817.66,2.871e+3,2.871e+3,,
817.71,3.729e+3,3.729e+3,,
817.76,4.806e+3,4.806e+3,,
817.81,6.150e+3,6.150e+3,,
817.86,7.810e+3,7.810e+3,,
817.91,9.845e+3,9.845e+3,,
817.96,1.232e+4,1.232e+4,,
818.01,1.530e+4,1.530e+4,,
818.06,1.886e+4,1.886e+4,,
818.11,2.308e+4,2.308e+4,,
818.17,2.911e+4,2.911e+4,,
818.22,3.505e+4,3.505e+4,,
818.27,4.187e+4,4.187e+4,,
818.32,4.966e+4,4.966e+4,,
818.37,5.846e+4,5.846e+4,,
818.42,6.831e+4,6.831e+4,,
818.47,7.922e+4,7.922e+4,,
818.52,9.120e+4,9.120e+4,,
818.57,1.042e+5,1.042e+5,,
818.62,1.182e+5,1.182e+5,,
818.67,1.331e+5,1.331e+5,,
818.72,1.488e+5,1.488e+5,,
818.77,1.650e+5,1.650e+5,,
818.82,1.818e+5,1.818e+5,,
818.87,1.987e+5,1.987e+5,,
818.92,2.157e+5,2.157e+5,,
818.97,2.324e+5,2.324e+5,,
819.02,2.487e+5,2.487e+5,,
819.07,2.642e+5,2.642e+5,,
819.12,2.787e+5,2.787e+5,,
819.17,2.921e+5,2.921e+5,,
819.22,3.040e+5,3.040e+5,,
819.27,3.145e+5,3.145e+5,,
819.32,3.233e+5,3.233e+5,,
819.37,3.305e+5,3.305e+5,,
819.42,3.362e+5,3.362e+5,,
819.47,3.403e+5,3.403e+5,,
819.52,3.432e+5,3.432e+5,,
819.57,3.452e+5,3.452e+5,,
819.62,3.465e+5,3.465e+5,,
819.67,3.477e+5,3.477e+5,,
819.72,3.493e+5,3.493e+5,,
819.77,3.518e+5,3.518e+5,,
819.82,3.559e+5,3.559e+5,,
819.87,3.622e+5,3.622e+5,,
819.92,3.714e+5,3.714e+5,,
819.97,3.841e+5,3.841e+5,,
820.02,4.011e+5,4.011e+5,,
820.07,4.228e+5,4.228e+5,,
820.12,4.499e+5,4.499e+5,,
820.17,4.826e+5,4.826e+5,,
820.22,5.213e+5,5.213e+5,,
820.27,5.662e+5,5.662e+5,,
820.32,6.172e+5,6.172e+5,,
820.37,6.741e+5,6.741e+5,,
820.42,7.366e+5,7.366e+5,,
820.47,8.040e+5,8.040e+5,,
820.52,8.757e+5,8.757e+5,,
820.57,9.507e+5,9.507e+5,,
820.62,1.028e+6,1.028e+6,,
820.67,1.106e+6,1.106e+6,,
820.72,1.183e+6,1.183e+6,,
820.77,1.259e+6,1.259e+6,,
820.82,1.331e+6,1.331e+6,,
820.87,1.399e+6,1.399e+6,,
820.92,1.460e+6,1.460e+6,,
820.97,1.513e+6,1.513e+6,,
821.02,1.558e+6,1.558e+6,,
821.07,1.592e+6,1.592e+6,,
821.12,1.615e+6,1.615e+6,,
821.17,1.628e+6,1.628e+6,,
821.22,1.628e+6,1.628e+6,,
821.27,1.616e+6,1.616e+6,,
821.32,1.593e+6,1.593e+6,,
821.37,1.559e+6,1.559e+6,,
821.42,1.514e+6,1.514e+6,,
821.47,1.460e+6,1.460e+6,,
821.52,1.397e+6,1.397e+6,,
821.57,1.328e+6,1.328e+6,,
821.62,1.252e+6,1.252e+6,,
821.67,1.172e+6,1.172e+6,,
821.72,1.089e+6,1.089e+6,,
821.77,1.004e+6,1.004e+6,,
821.82,9.196e+5,9.196e+5,,
821.87,8.357e+5,8.357e+5,,
821.92,7.539e+5,7.539e+5,,
821.97,6.750e+5,6.750e+5,,
822.02,5.999e+5,5.999e+5,,
822.07,5.293e+5,5.293e+5,,
822.12,4.635e+5,4.635e+5,,
822.17,4.029e+5,4.029e+5,,
822.22,3.476e+5,3.476e+5,,
822.27,2.977e+5,2.977e+5,,
822.32,2.531e+5,2.531e+5,,
822.37,2.136e+5,2.136e+5,,
822.42,1.789e+5,1.789e+5,,
822.47,1.487e+5,1.487e+5,,
822.52,1.227e+5,1.227e+5,,
822.57,1.006e+5,1.006e+5,,
822.62,8.176e+4,8.176e+4,,
822.67,6.599e+4,6.599e+4,,
822.72,5.287e+4,5.287e+4,,
822.77,4.205e+4,4.205e+4,,
822.82,3.319e+4,3.319e+4,,
822.87,2.601e+4,2.601e+4,,
822.92,2.023e+4,2.023e+4,,
822.97,1.562e+4,1.562e+4,,
823.02,1.197e+4,1.197e+4,,
823.07,9.102e+3,9.102e+3,,
823.12,6.872e+3,6.872e+3,,
823.17,5.150e+3,5.150e+3,,
823.22,3.831e+3,3.831e+3,,
823.27,2.829e+3,2.829e+3,,
823.32,2.074e+3,2.074e+3,,
823.37,1.509e+3,1.509e+3,,
823.42,1.090e+3,1.090e+3,,
823.47,7.810e+2,7.810e+2,,
823.52,5.557e+2,5.557e+2,,
823.57,3.925e+2,3.925e+2,,
823.62,2.752e+2,2.752e+2,,
823.67,1.915e+2,1.915e+2,,
823.72,1.323e+2,1.323e+2,,
823.77,9.070e+1,9.070e+1,,
823.82,6.173e+1,6.173e+1,,
823.87,4.170e+1,4.170e+1,,
823.92,2.796e+1,2.796e+1,,
823.97,1.861e+1,1.861e+1,,
824.02,1.230e+1,1.230e+1,,
824.07,8.065e+0,8.065e+0,,
824.12,5.250e+0,5.250e+0,,
824.17,3.392e+0,3.392e+0,,
824.22,2.176e+0,2.176e+0,,
824.27,1.385e+0,1.385e+0,,
824.32,8.754e-1,8.754e-1,,
824.37,5.491e-1,5.491e-1,,
824.42,3.419e-1,3.419e-1,,
824.47,2.113e-1,2.113e-1,,
824.52,1.296e-1,1.296e-1,,
824.57,7.895e-2,7.895e-2,,
824.62,4.772e-2,4.772e-2,,
824.67,2.863e-2,2.863e-2,,
824.72,1.705e-2,1.705e-2,,
824.77,1.008e-2,1.008e-2,,
824.82,5.915e-3,5.915e-3,,
824.87,3.445e-3,3.445e-3,,
824.92,1.992e-3,1.992e-3,,
824.97,1.143e-3,1.143e-3,,
825.02,6.512e-4,6.512e-4,,
825.07,3.682e-4,3.682e-4,,
825.12,2.066e-4,2.066e-4,,
825.17,1.151e-4,1.151e-4,,
825.22,6.366e-5,6.366e-5,,
825.27,3.495e-5,3.495e-5,,
825.32,1.904e-5,1.904e-5,,
825.37,1.030e-5,1.030e-5,,
825.42,5.528e-6,5.528e-6,,
825.47,2.946e-6,2.946e-6,,
825.52,1.558e-6,1.558e-6,,
825.57,8.181e-7,8.181e-7,,
825.62,4.264e-7,4.264e-7,,
825.67,2.206e-7,2.206e-7,,
825.72,1.133e-7,1.133e-7,,
825.77,5.772e-8,5.772e-8,,
825.82,2.920e-8,2.920e-8,,
825.87,1.467e-8,1.467e-8,,
825.92,7.310e-9,7.310e-9,,
825.97,3.617e-9,3.617e-9,,
826.02,1.777e-9,1.777e-9,,
826.07,8.661e-10,8.661e-10,,
826.12,4.191e-10,4.191e-10,,
828.32,4.097e-10,4.097e-10,,
828.37,8.399e-10,8.399e-10,,
828.42,1.709e-9,1.709e-9,,
828.47,3.454e-9,3.454e-9,,
828.52,6.930e-9,6.930e-9,,
828.57,1.380e-8,1.380e-8,,
828.62,2.730e-8,2.730e-8,,
828.67,5.359e-8,5.359e-8,,
828.72,1.045e-7,1.045e-7,,
828.77,2.022e-7,2.022e-7,,
828.82,3.884e-7,3.884e-7,,
828.87,7.410e-7,7.410e-7,,
828.92,1.403e-6,1.403e-6,,
828.97,2.639e-6,2.639e-6,,
829.02,4.926e-6,4.926e-6,,
829.07,9.130e-6,9.130e-6,,
829.12,1.680e-5,1.680e-5,,
829.17,3.069e-5,3.069e-5,,
829.22,5.567e-5,5.567e-5,,
829.27,1.003e-4,1.003e-4,,
829.32,1.793e-4,1.793e-4,,
829.37,3.182e-4,3.182e-4,,
829.42,5.608e-4,5.608e-4,,
829.47,9.812e-4,9.812e-4,,
829.52,1.704e-3,1.704e-3,,
829.57,2.940e-3,2.940e-3,,
829.62,5.034e-3,5.034e-3,,
829.67,8.557e-3,8.557e-3,,
829.72,1.444e-2,1.444e-2,,
829.77,2.420e-2,2.420e-2,,
829.82,4.027e-2,4.027e-2,,
829.87,6.651e-2,6.651e-2,,
829.92,1.091e-1,1.091e-1,,
829.97,1.776e-1,1.776e-1,,
830.02,2.871e-1,2.871e-1,,
830.07,4.607e-1,4.607e-1,,
830.12,7.340e-1,7.340e-1,,
830.17,1.161e+0,1.161e+0,,
830.22,1.824e+0,1.824e+0,,
830.27,2.844e+0,2.844e+0,,
830.32,4.402e+0,4.402e+0,,
830.37,6.767e+0,6.767e+0,,
830.42,1.033e+1,1.033e+1,,
830.47,1.564e+1,1.564e+1,,
830.52,2.353e+1,2.353e+1,,
830.57,3.514e+1,3.514e+1,,
830.62,5.210e+1,5.210e+1,,
830.67,7.670e+1,7.670e+1,,
830.72,1.121e+2,1.121e+2,,
830.77,1.626e+2,1.626e+2,,
830.82,2.343e+2,2.343e+2,,
830.87,3.351e+2,3.351e+2,,
830.92,4.758e+2,4.758e+2,,
830.97,6.708e+2,6.708e+2,,
831.02,9.389e+2,9.389e+2,,
831.07,1.305e+3,1.305e+3,2.052e-13,
831.12,1.800e+3,1.800e+3,4.181e-13,
831.17,2.466e+3,2.466e+3,9.399e-13,
831.22,3.353e+3,3.353e+3,1.891e-12,
831.27,4.528e+3,4.528e+3,3.777e-12,
831.32,6.069e+3,6.069e+3,7.490e-12,
831.37,8.078e+3,8.078e+3,1.475e-11,
831.42,1.067e+4,1.067e+4,2.884e-11,
831.47,1.400e+4,1.400e+4,5.598e-11,
831.52,1.824e+4,1.824e+4,1.079e-10,
831.57,2.358e+4,2.358e+4,2.065e-10,
831.62,3.027e+4,3.027e+4,3.924e-10,
831.67,3.859e+4,3.859e+4,7.402e-10,
831.72,4.883e+4,4.883e+4,1.387e-9,
831.77,6.135e+4,6.135e+4,2.579e-9,
831.82,7.653e+4,7.653e+4,4.763e-9,
831.87,9.478e+4,9.478e+4,8.734e-9,
831.92,1.165e+5,1.165e+5,1.590e-8,
831.97,1.423e+5,1.423e+5,2.874e-8,
832.02,1.724e+5,1.724e+5,5.159e-8,
832.07,2.074e+5,2.074e+5,9.194e-8,
832.12,2.478e+5,2.478e+5,1.627e-7,
832.17,2.939e+5,2.939e+5,2.858e-7,
832.22,3.461e+5,3.461e+5,4.986e-7,
832.27,4.047e+5,4.047e+5,8.636e-7,
832.32,4.697e+5,4.697e+5,1.485e-6,
832.37,5.413e+5,5.413e+5,2.536e-6,
832.42,6.193e+5,6.193e+5,4.299e-6,
832.47,7.035e+5,7.035e+5,7.238e-6,
832.52,7.933e+5,7.933e+5,1.210e-5,
832.57,8.883e+5,8.883e+5,2.008e-5,
832.62,9.875e+5,9.875e+5,3.308e-5,
832.67,1.090e+6,1.090e+6,5.412e-5,
832.72,1.194e+6,1.194e+6,8.792e-5,
832.77,1.299e+6,1.299e+6,1.418e-4,
832.82,1.403e+6,1.403e+6,2.271e-4,
832.87,1.505e+6,1.505e+6,3.612e-4,
832.92,1.602e+6,1.602e+6,5.702e-4,
832.97,1.693e+6,1.693e+6,8.939e-4,
833.02,1.777e+6,1.777e+6,1.391e-3,
833.07,1.851e+6,1.851e+6,2.150e-3,
833.12,1.915e+6,1.915e+6,3.300e-3,
833.17,1.967e+6,1.967e+6,5.028e-3,
833.22,2.005e+6,2.005e+6,7.607e-3,
833.27,2.030e+6,2.030e+6,1.143e-2,
833.32,2.040e+6,2.040e+6,1.704e-2,
833.37,2.036e+6,2.036e+6,2.524e-2,
833.42,2.017e+6,2.017e+6,3.711e-2,
833.47,1.984e+6,1.984e+6,5.418e-2,
833.52,1.937e+6,1.937e+6,7.854e-2,
833.57,1.878e+6,1.878e+6,1.130e-1,
833.62,1.808e+6,1.808e+6,1.615e-1,
833.67,1.728e+6,1.728e+6,2.292e-1,
833.72,1.639e+6,1.639e+6,3.230e-1,
833.77,1.544e+6,1.544e+6,4.518e-1,
833.82,1.444e+6,1.444e+6,6.276e-1,
833.87,1.341e+6,1.341e+6,8.656e-1,
833.92,1.236e+6,1.236e+6,1.185e+0,
833.97,1.131e+6,1.131e+6,1.612e+0,
834.02,1.028e+6,1.028e+6,2.176e+0,
834.07,9.275e+5,9.275e+5,2.917e+0,
834.12,8.308e+5,8.307e+5,3.883e+0,
834.17,7.388e+5,7.388e+5,5.131e+0,
834.22,6.522e+5,6.522e+5,6.733e+0,
834.27,5.717e+5,5.717e+5,8.773e+0,
834.32,4.976e+5,4.975e+5,1.135e+1,
834.37,4.299e+5,4.299e+5,1.458e+1,
834.42,3.688e+5,3.688e+5,1.859e+1,
834.47,3.141e+5,3.141e+5,2.355e+1,
834.52,2.656e+5,2.656e+5,2.961e+1,
834.57,2.230e+5,2.230e+5,3.697e+1,
834.62,1.859e+5,1.858e+5,4.583e+1,
834.67,1.539e+5,1.538e+5,5.641e+1,
834.72,1.264e+5,1.264e+5,6.894e+1,
834.77,1.032e+5,1.031e+5,8.366e+1,
834.82,8.367e+4,8.357e+4,1.008e+2,
834.87,6.740e+4,6.728e+4,1.206e+2,
834.92,5.398e+4,5.384e+4,1.433e+2,
834.97,4.303e+4,4.286e+4,1.690e+2,
835.02,3.421e+4,3.401e+4,1.979e+2,
835.07,2.720e+4,2.697e+4,2.302e+2,
835.12,2.177e+4,2.150e+4,2.657e+2,
835.17,1.768e+4,1.738e+4,3.047e+2,
835.22,1.479e+4,1.444e+4,3.468e+2,
835.27,1.297e+4,1.258e+4,3.920e+2,
835.32,1.216e+4,1.172e+4,4.400e+2,
835.37,1.235e+4,1.186e+4,4.903e+2,
835.42,1.358e+4,1.304e+4,5.425e+2,
835.47,1.595e+4,1.535e+4,5.960e+2,
835.52,1.963e+4,1.898e+4,6.502e+2,
835.57,2.485e+4,2.415e+4,7.042e+2,
835.62,3.195e+4,3.119e+4,7.574e+2,
835.67,4.132e+4,4.051e+4,8.088e+2,
835.72,5.347e+4,5.261e+4,8.576e+2,
835.77,6.901e+4,6.811e+4,9.030e+2,
835.82,8.869e+4,8.774e+4,9.439e+2,
835.87,1.133e+5,1.124e+5,9.798e+2,
835.92,1.440e+5,1.430e+5,1.010e+3,
835.97,1.817e+5,1.807e+5,1.033e+3,
836.02,2.278e+5,2.267e+5,1.050e+3,
836.07,2.836e+5,2.825e+5,1.059e+3,
836.12,3.507e+5,3.496e+5,1.061e+3,
836.17,4.306e+5,4.296e+5,1.056e+3,
836.22,5.251e+5,5.241e+5,1.043e+3,
836.27,6.358e+5,6.348e+5,1.023e+3,
836.32,7.645e+5,7.635e+5,9.958e+2,
836.37,9.127e+5,9.117e+5,9.628e+2,
836.42,1.082e+6,1.081e+6,9.244e+2,
836.47,1.274e+6,1.273e+6,8.812e+2,
836.52,1.489e+6,1.488e+6,8.340e+2,
836.57,1.727e+6,1.727e+6,7.839e+2,
836.62,1.990e+6,1.990e+6,7.315e+2,
836.67,2.277e+6,2.277e+6,6.778e+2,
836.72,2.587e+6,2.586e+6,6.236e+2,
836.77,2.918e+6,2.917e+6,5.697e+2,
836.82,3.268e+6,3.268e+6,5.167e+2,
836.87,3.634e+6,3.634e+6,4.654e+2,
836.92,4.012e+6,4.012e+6,4.162e+2,
836.97,4.399e+6,4.398e+6,3.696e+2,
837.02,4.788e+6,4.788e+6,3.259e+2,
837.07,5.175e+6,5.174e+6,2.853e+2,
837.12,5.553e+6,5.553e+6,2.480e+2,
837.17,5.916e+6,5.916e+6,2.141e+2,
837.22,6.259e+6,6.259e+6,1.835e+2,
837.27,6.575e+6,6.574e+6,1.561e+2,
837.32,6.857e+6,6.857e+6,1.319e+2,
837.37,7.101e+6,7.100e+6,1.107e+2,
837.42,7.301e+6,7.301e+6,9.221e+1,
837.47,7.453e+6,7.453e+6,7.628e+1,
837.52,7.555e+6,7.555e+6,6.265e+1,
837.57,7.603e+6,7.603e+6,5.109e+1,
837.62,7.598e+6,7.598e+6,4.138e+1,
837.67,7.539e+6,7.539e+6,3.327e+1,
837.72,7.427e+6,7.427e+6,2.656e+1,
837.77,7.264e+6,7.264e+6,2.106e+1,
837.82,7.055e+6,7.055e+6,1.657e+1,
837.87,6.803e+6,6.803e+6,1.295e+1,
837.92,6.514e+6,6.514e+6,1.005e+1,
837.97,6.192e+6,6.192e+6,7.747e+0,
838.02,5.845e+6,5.845e+6,5.927e+0,
838.07,5.478e+6,5.478e+6,4.503e+0,
838.12,5.098e+6,5.098e+6,3.397e+0,
838.17,4.710e+6,4.710e+6,2.544e+0,
838.22,4.321e+6,4.321e+6,1.892e+0,
838.27,3.936e+6,3.936e+6,1.397e+0,
838.32,3.559e+6,3.559e+6,1.025e+0,
838.37,3.196e+6,3.196e+6,7.461e-1,
838.42,2.850e+6,2.850e+6,5.394e-1,
838.47,2.523e+6,2.523e+6,3.872e-1,
838.52,2.217e+6,2.217e+6,2.760e-1,
838.57,1.935e+6,1.935e+6,1.953e-1,
838.62,1.677e+6,1.677e+6,1.373e-1,
838.67,1.443e+6,1.443e+6,9.577e-2,
838.72,1.233e+6,1.233e+6,6.636e-2,
838.77,1.045e+6,1.045e+6,4.565e-2,
838.82,8.805e+5,8.805e+5,3.118e-2,
838.87,7.362e+5,7.362e+5,2.115e-2,
838.92,6.113e+5,6.113e+5,1.424e-2,
838.97,5.039e+5,5.039e+5,9.525e-3,
839.02,4.125e+5,4.125e+5,6.324e-3,
839.07,3.352e+5,3.352e+5,4.170e-3,
839.12,2.705e+5,2.705e+5,2.730e-3,
839.17,2.167e+5,2.167e+5,1.774e-3,
839.22,1.724e+5,1.724e+5,1.145e-3,
839.27,1.362e+5,1.362e+5,7.339e-4,
839.32,1.068e+5,1.068e+5,4.670e-4,
839.37,8.316e+4,8.316e+4,2.951e-4,
839.42,6.429e+4,6.429e+4,1.851e-4,
839.47,4.935e+4,4.935e+4,1.153e-4,
839.52,3.762e+4,3.762e+4,7.132e-5,
839.57,2.847e+4,2.847e+4,4.380e-5,
839.62,2.139e+4,2.139e+4,2.671e-5,
839.67,1.596e+4,1.596e+4,1.617e-5,
839.72,1.183e+4,1.183e+4,9.725e-6,
839.77,8.699e+3,8.699e+3,5.805e-6,
839.82,6.355e+3,6.355e+3,3.441e-6,
839.87,4.612e+3,4.612e+3,2.025e-6,
839.92,3.325e+3,3.325e+3,1.184e-6,
839.97,2.385e+3,2.385e+3,6.869e-7,
840.02,1.704e+3,1.704e+3,3.958e-7,
840.07,1.218e+3,1.218e+3,2.264e-7,
840.12,8.768e+2,8.768e+2,1.286e-7,
840.17,6.452e+2,6.452e+2,7.255e-8,
840.22,4.974e+2,4.974e+2,4.063e-8,
840.27,4.160e+2,4.160e+2,2.260e-8,
840.32,3.905e+2,3.905e+2,1.248e-8,
840.37,4.163e+2,4.163e+2,6.841e-9,
840.42,4.941e+2,4.941e+2,3.724e-9,
840.47,6.298e+2,6.298e+2,2.013e-9,
840.52,8.343e+2,8.343e+2,1.080e-9,
840.57,1.124e+3,1.124e+3,5.758e-10,
840.62,1.522e+3,1.522e+3,3.047e-10,
840.67,2.059e+3,2.059e+3,1.601e-10,
840.72,2.774e+3,2.774e+3,8.351e-11,
840.77,3.716e+3,3.716e+3,4.326e-11,
840.82,4.946e+3,4.946e+3,2.225e-11,
840.87,6.539e+3,6.539e+3,1.136e-11,
840.92,8.585e+3,8.585e+3,5.763e-12,
840.97,1.119e+4,1.119e+4,2.901e-12,
841.02,1.449e+4,1.449e+4,1.451e-12,
841.07,1.863e+4,1.863e+4,7.201e-13,
841.12,2.379e+4,2.379e+4,2.549e-13,
841.17,3.015e+4,3.015e+4,1.253e-13,
841.22,3.796e+4,3.796e+4,6.117e-14,
841.27,4.745e+4,4.745e+4,,
841.32,5.889e+4,5.889e+4,,
841.37,7.258e+4,7.258e+4,,
841.42,8.883e+4,8.883e+4,,
841.47,1.080e+5,1.080e+5,,
841.52,1.303e+5,1.303e+5,,
841.57,1.561e+5,1.561e+5,,
841.62,1.858e+5,1.858e+5,,
841.67,2.195e+5,2.195e+5,,
841.72,2.575e+5,2.575e+5,,
841.77,3.000e+5,3.000e+5,,
841.82,3.470e+5,3.470e+5,,
841.87,3.987e+5,3.987e+5,,
841.92,4.547e+5,4.547e+5,,
841.97,5.151e+5,5.151e+5,,
842.02,5.793e+5,5.793e+5,,
842.07,6.470e+5,6.470e+5,,
842.12,7.175e+5,7.175e+5,,
842.17,7.902e+5,7.902e+5,,
842.22,8.641e+5,8.641e+5,,
842.27,9.383e+5,9.383e+5,,
842.32,1.012e+6,1.012e+6,,
842.37,1.083e+6,1.083e+6,,
842.42,1.152e+6,1.152e+6,,
842.47,1.216e+6,1.216e+6,,
842.52,1.274e+6,1.274e+6,,
842.57,1.327e+6,1.327e+6,,
842.62,1.371e+6,1.371e+6,,
842.67,1.407e+6,1.407e+6,,
842.72,1.434e+6,1.434e+6,,
842.77,1.452e+6,1.452e+6,,
842.82,1.459e+6,1.459e+6,,
842.87,1.456e+6,1.456e+6,,
842.92,1.442e+6,1.442e+6,,
842.97,1.419e+6,1.419e+6,,
843.02,1.387e+6,1.387e+6,,
843.07,1.345e+6,1.345e+6,,
843.12,1.296e+6,1.296e+6,,
843.17,1.240e+6,1.240e+6,,
843.22,1.178e+6,1.178e+6,,
843.27,1.111e+6,1.111e+6,,
843.32,1.041e+6,1.041e+6,,
843.37,9.678e+5,9.678e+5,,
843.42,8.938e+5,8.938e+5,,
843.47,8.196e+5,8.196e+5,,
843.52,7.464e+5,7.464e+5,,
843.57,6.749e+5,6.749e+5,,
843.62,6.060e+5,6.060e+5,,
843.67,5.403e+5,5.403e+5,,
843.72,4.784e+5,4.784e+5,,
843.77,4.206e+5,4.206e+5,,
843.82,3.671e+5,3.671e+5,,
843.87,3.183e+5,3.183e+5,,
843.92,2.739e+5,2.739e+5,,
843.97,2.342e+5,2.342e+5,,
844.02,1.987e+5,1.987e+5,,
844.07,1.675e+5,1.675e+5,,
844.12,1.402e+5,1.402e+5,,
844.17,1.165e+5,1.165e+5,,
844.22,9.612e+4,9.612e+4,,
844.27,7.876e+4,7.876e+4,,
844.32,6.408e+4,6.408e+4,,
844.37,5.177e+4,5.177e+4,,
844.42,4.154e+4,4.154e+4,,
844.47,3.309e+4,3.309e+4,,
844.52,2.618e+4,2.618e+4,,
844.57,2.056e+4,2.056e+4,,
844.62,1.604e+4,1.604e+4,,
844.67,1.242e+4,1.242e+4,,
844.72,9.553e+3,9.553e+3,,
844.77,7.296e+3,7.296e+3,,
844.82,5.533e+3,5.533e+3,,
844.87,4.166e+3,4.166e+3,,
844.92,3.115e+3,3.115e+3,,
844.97,2.313e+3,2.313e+3,,
845.02,1.705e+3,1.705e+3,,
845.07,1.249e+3,1.249e+3,,
845.12,9.077e+2,9.077e+2,,
845.17,6.552e+2,6.552e+2,,
845.22,4.697e+2,4.697e+2,,
845.27,3.343e+2,3.343e+2,,
845.32,2.363e+2,2.363e+2,,
845.37,1.658e+2,1.658e+2,,
845.42,1.156e+2,1.156e+2,,
845.47,7.998e+1,7.998e+1,,
845.52,5.496e+1,5.496e+1,,
845.57,3.750e+1,3.750e+1,,
845.62,2.541e+1,2.541e+1,,
845.67,1.710e+1,1.710e+1,,
845.72,1.142e+1,1.142e+1,,
845.77,7.578e+0,7.578e+0,,
845.82,4.992e+0,4.992e+0,,
845.87,3.265e+0,3.265e+0,,
845.92,2.121e+0,2.121e+0,,
845.97,1.368e+0,1.368e+0,,
846.02,8.762e-1,8.762e-1,,
846.07,5.573e-1,5.573e-1,,
846.12,3.519e-1,3.519e-1,,
846.17,2.207e-1,2.207e-1,,
846.22,1.374e-1,1.374e-1,,
846.27,8.497e-2,8.497e-2,,
846.32,5.217e-2,5.217e-2,,
846.37,3.181e-2,3.181e-2,,
846.42,1.926e-2,1.926e-2,,
846.47,1.158e-2,1.158e-2,,
846.52,6.910e-3,6.910e-3,,
846.57,4.096e-3,4.096e-3,,
846.62,2.411e-3,2.411e-3,,
846.67,1.409e-3,1.409e-3,,
846.72,8.178e-4,8.178e-4,,
846.77,4.713e-4,4.713e-4,,
846.82,2.697e-4,2.697e-4,,
846.87,1.532e-4,1.532e-4,,
846.92,8.647e-5,8.647e-5,,
846.97,4.845e-5,4.845e-5,,
847.02,2.696e-5,2.696e-5,,
847.07,1.489e-5,1.489e-5,,
847.12,8.170e-6,8.170e-6,,
847.17,4.450e-6,4.450e-6,,
847.22,2.407e-6,2.407e-6,,
847.27,1.293e-6,1.293e-6,,
847.32,6.896e-7,6.896e-7,,
847.37,3.652e-7,3.652e-7,,
847.42,1.921e-7,1.921e-7,,
847.47,1.003e-7,1.003e-7,,
847.52,5.201e-8,5.201e-8,,
847.57,2.678e-8,2.678e-8,,
847.62,1.369e-8,1.369e-8,,
847.67,6.953e-9,6.953e-9,,
847.72,3.505e-9,3.505e-9,,
847.77,1.755e-9,1.755e-9,,
847.82,8.723e-10,8.723e-10,,
847.87,4.306e-10,4.306e-10,,
849.93,2.969e-11,2.969e-11,,
849.98,5.952e-11,5.952e-11,,
850.03,1.185e-10,1.185e-10,,
850.08,2.343e-10,2.343e-10,,
850.13,4.603e-10,4.603e-10,,
850.18,8.978e-10,8.978e-10,,
850.23,1.739e-9,1.739e-9,,
850.28,3.347e-9,3.347e-9,,
850.33,6.396e-9,6.396e-9,,
850.38,1.214e-8,1.214e-8,,
850.43,2.288e-8,2.288e-8,,
850.48,4.285e-8,4.285e-8,,
850.53,7.967e-8,7.967e-8,,
850.58,1.471e-7,1.471e-7,,
850.63,2.699e-7,2.699e-7,,
850.68,4.916e-7,4.916e-7,,
850.73,8.895e-7,8.895e-7,,
850.78,1.598e-6,1.598e-6,,
850.83,2.853e-6,2.853e-6,,
850.88,5.057e-6,5.057e-6,,
850.93,8.902e-6,8.902e-6,,
850.98,1.557e-5,1.557e-5,,
851.03,2.703e-5,2.703e-5,,
851.08,4.662e-5,4.662e-5,,
851.13,7.986e-5,7.986e-5,,
851.18,1.359e-4,1.359e-4,,
851.23,2.296e-4,2.296e-4,,
851.28,3.853e-4,3.853e-4,,
851.33,6.421e-4,6.421e-4,,
851.38,1.063e-3,1.063e-3,,
851.43,1.748e-3,1.748e-3,,
851.48,2.854e-3,2.854e-3,,
851.53,4.628e-3,4.628e-3,,
851.58,7.455e-3,7.455e-3,,
851.63,1.193e-2,1.193e-2,,
851.68,1.895e-2,1.895e-2,,
851.73,2.990e-2,2.990e-2,,
851.78,4.686e-2,4.686e-2,,
851.83,7.294e-2,7.294e-2,,
851.88,1.128e-1,1.128e-1,,
851.93,1.731e-1,1.731e-1,,
851.98,2.640e-1,2.640e-1,,
852.03,3.999e-1,3.999e-1,,
852.08,6.015e-1,6.015e-1,,
852.13,8.987e-1,8.987e-1,,
852.18,1.333e+0,1.333e+0,,
852.23,1.965e+0,1.965e+0,,
852.28,2.876e+0,2.876e+0,,
852.33,4.181e+0,4.181e+0,,
852.38,6.037e+0,6.037e+0,,
852.43,8.656e+0,8.656e+0,,
852.48,1.233e+1,1.233e+1,,
852.53,1.744e+1,1.744e+1,,
852.58,2.449e+1,2.449e+1,,
852.63,3.418e+1,3.418e+1,,
852.68,4.736e+1,4.736e+1,,
852.73,6.518e+1,6.518e+1,,
852.78,8.909e+1,8.909e+1,,
852.83,1.209e+2,1.209e+2,,
852.88,1.631e+2,1.631e+2,,
852.93,2.184e+2,2.184e+2,,
852.98,2.905e+2,2.905e+2,,
853.03,3.837e+2,3.837e+2,,
853.08,5.034e+2,5.034e+2,,
853.13,6.559e+2,6.559e+2,,
853.18,8.488e+2,8.488e+2,,
853.23,1.091e+3,1.091e+3,,
853.28,1.393e+3,1.393e+3,,
853.33,1.766e+3,1.766e+3,,
853.38,2.223e+3,2.223e+3,,
853.43,2.780e+3,2.780e+3,,
853.48,3.454e+3,3.454e+3,,
853.53,4.260e+3,4.260e+3,,
853.58,5.220e+3,5.220e+3,,
853.63,6.352e+3,6.352e+3,,
853.68,7.677e+3,7.677e+3,,
853.73,9.215e+3,9.215e+3,,
853.78,1.099e+4,1.099e+4,,
853.83,1.301e+4,1.301e+4,,
853.88,1.530e+4,1.530e+4,,
853.93,1.786e+4,1.786e+4,,
853.98,2.072e+4,2.072e+4,,
854.03,2.387e+4,2.387e+4,,
854.08,2.732e+4,2.732e+4,,
854.13,3.104e+4,3.104e+4,,
854.18,3.504e+4,3.504e+4,,
854.23,3.928e+4,3.928e+4,,
854.28,4.373e+4,4.373e+4,,
854.33,4.836e+4,4.836e+4,,
854.38,5.311e+4,5.311e+4,,
854.43,5.793e+4,5.793e+4,,
854.48,6.275e+4,6.275e+4,,
854.53,6.752e+4,6.752e+4,,
854.58,7.216e+4,7.216e+4,,
854.63,7.658e+4,7.658e+4,,
854.68,8.073e+4,8.073e+4,,
854.73,8.453e+4,8.453e+4,,
854.78,8.790e+4,8.790e+4,,
854.83,9.080e+4,9.080e+4,,
854.88,9.315e+4,9.315e+4,,
854.93,9.494e+4,9.494e+4,,
854.98,9.611e+4,9.611e+4,,
855.03,9.666e+4,9.666e+4,,
855.08,9.659e+4,9.659e+4,,
855.13,9.591e+4,9.591e+4,,
855.18,9.465e+4,9.465e+4,,
855.23,9.287e+4,9.287e+4,,
855.28,9.063e+4,9.063e+4,,
855.33,8.802e+4,8.802e+4,,
855.38,8.512e+4,8.512e+4,,
855.43,8.207e+4,8.207e+4,,
855.48,7.899e+4,7.899e+4,,
855.53,7.602e+4,7.602e+4,,
855.58,7.333e+4,7.333e+4,,
855.63,7.111e+4,7.111e+4,,
855.68,6.953e+4,6.953e+4,,
855.73,6.881e+4,6.881e+4,,
855.78,6.918e+4,6.918e+4,,
855.83,7.087e+4,7.087e+4,,
855.88,7.415e+4,7.415e+4,,
855.93,7.928e+4,7.928e+4,,
855.98,8.655e+4,8.655e+4,,
856.03,9.627e+4,9.627e+4,,
856.08,1.088e+5,1.088e+5,,
856.13,1.243e+5,1.243e+5,,
856.18,1.433e+5,1.433e+5,,
856.23,1.660e+5,1.660e+5,,
856.28,1.928e+5,1.928e+5,,
856.33,2.239e+5,2.239e+5,,
856.38,2.596e+5,2.596e+5,,
856.43,3.001e+5,3.001e+5,,
856.48,3.457e+5,3.457e+5,,
856.53,3.965e+5,3.965e+5,,
856.58,4.525e+5,4.525e+5,,
856.63,5.138e+5,5.138e+5,,
856.68,5.802e+5,5.802e+5,,
856.73,6.517e+5,6.517e+5,,
856.78,7.279e+5,7.279e+5,,
856.83,8.087e+5,8.087e+5,,
856.88,8.937e+5,8.937e+5,,
856.93,9.824e+5,9.824e+5,,
856.98,1.075e+6,1.075e+6,,
857.03,1.169e+6,1.169e+6,,
857.08,1.267e+6,1.267e+6,,
857.13,1.366e+6,1.366e+6,,
857.18,1.467e+6,1.467e+6,,
857.23,1.570e+6,1.570e+6,,
857.28,1.673e+6,1.673e+6,,
857.33,1.777e+6,1.777e+6,,
857.38,1.882e+6,1.882e+6,,
857.43,1.988e+6,1.988e+6,,
857.48,2.095e+6,2.095e+6,,
857.53,2.202e+6,2.202e+6,,
857.58,2.311e+6,2.311e+6,,
857.63,2.420e+6,2.420e+6,,
857.68,2.531e+6,2.531e+6,,
857.73,2.643e+6,2.643e+6,,
857.78,2.755e+6,2.755e+6,,
857.83,2.869e+6,2.869e+6,,
857.88,2.983e+6,2.983e+6,,
857.93,3.096e+6,3.096e+6,,
857.98,3.208e+6,3.208e+6,,
858.03,3.317e+6,3.317e+6,,
858.08,3.422e+6,3.422e+6,,
858.13,3.523e+6,3.523e+6,,
858.18,3.615e+6,3.615e+6,,
858.23,3.699e+6,3.699e+6,,
858.28,3.772e+6,3.772e+6,,
858.33,3.833e+6,3.833e+6,,
858.38,3.879e+6,3.879e+6,,
858.43,3.909e+6,3.909e+6,,
858.48,3.921e+6,3.921e+6,,
858.53,3.915e+6,3.915e+6,,
858.58,3.889e+6,3.889e+6,,
858.63,3.844e+6,3.844e+6,,
858.68,3.778e+6,3.778e+6,,
858.73,3.694e+6,3.694e+6,,
858.78,3.590e+6,3.590e+6,,
858.83,3.470e+6,3.470e+6,,
858.88,3.333e+6,3.333e+6,,
858.93,3.183e+6,3.183e+6,,
858.98,3.021e+6,3.021e+6,,
859.03,2.849e+6,2.849e+6,,
859.08,2.670e+6,2.670e+6,,
859.13,2.486e+6,2.486e+6,,
859.18,2.301e+6,2.301e+6,,
859.23,2.115e+6,2.115e+6,,
859.28,1.932e+6,1.932e+6,,
859.33,1.753e+6,1.753e+6,,
859.38,1.580e+6,1.580e+6,,
859.43,1.415e+6,1.415e+6,,
859.48,1.259e+6,1.259e+6,,
859.53,1.113e+6,1.113e+6,,
859.58,9.767e+5,9.767e+5,,
859.63,8.517e+5,8.517e+5,,
859.68,7.378e+5,7.378e+5,,
859.73,6.348e+5,6.348e+5,,
859.78,5.425e+5,5.425e+5,,
859.83,4.605e+5,4.605e+5,,
859.88,3.883e+5,3.883e+5,,
859.93,3.252e+5,3.252e+5,,
859.98,2.706e+5,2.706e+5,,
860.03,2.236e+5,2.236e+5,,
860.08,1.835e+5,1.835e+5,,
860.13,1.496e+5,1.496e+5,,
860.18,1.211e+5,1.211e+5,,
860.23,9.741e+4,9.741e+4,,
860.28,7.782e+4,7.782e+4,,
860.33,6.175e+4,6.175e+4,,
860.38,4.866e+4,4.866e+4,,
860.43,3.809e+4,3.809e+4,,
860.48,2.962e+4,2.962e+4,,
860.53,2.287e+4,2.287e+4,,
860.58,1.754e+4,1.754e+4,,
860.63,1.336e+4,1.336e+4,,
860.68,1.011e+4,1.011e+4,,
860.73,7.601e+3,7.601e+3,,
860.78,5.674e+3,5.674e+3,,
860.83,4.207e+3,4.207e+3,,
860.88,3.098e+3,3.098e+3,,
860.93,2.266e+3,2.266e+3,,
860.98,1.647e+3,1.647e+3,,
861.03,1.188e+3,1.188e+3,,
861.08,8.516e+2,8.516e+2,,
861.13,6.063e+2,6.063e+2,,
861.18,4.287e+2,4.287e+2,,
861.23,3.011e+2,3.011e+2,,
861.28,2.100e+2,2.100e+2,,
861.33,1.455e+2,1.455e+2,,
861.38,1.001e+2,1.001e+2,,
861.43,6.845e+1,6.845e+1,,
861.48,4.647e+1,4.647e+1,,
861.53,3.133e+1,3.133e+1,,
861.58,2.099e+1,2.099e+1,,
861.63,1.396e+1,1.396e+1,,
861.68,9.224e+0,9.224e+0,,
861.73,6.054e+0,6.054e+0,,
861.78,3.946e+0,3.946e+0,,
861.83,2.555e+0,2.555e+0,,
861.88,1.643e+0,1.643e+0,,
861.93,1.049e+0,1.049e+0,,
861.98,6.656e-1,6.656e-1,,
862.03,4.194e-1,4.194e-1,,
862.08,2.625e-1,2.625e-1,,
862.13,1.632e-1,1.632e-1,,
862.18,1.007e-1,1.007e-1,,
862.23,6.177e-2,6.177e-2,,
862.28,3.762e-2,3.762e-2,,
862.33,2.276e-2,2.276e-2,,
862.38,1.368e-2,1.368e-2,,
862.43,8.162e-3,8.162e-3,,
862.48,4.838e-3,4.838e-3,,
862.53,2.849e-3,2.849e-3,,
862.58,1.666e-3,1.666e-3,,
862.63,9.676e-4,9.676e-4,,
862.68,5.582e-4,5.582e-4,,
862.73,3.199e-4,3.199e-4,,
862.78,1.821e-4,1.821e-4,,
862.83,1.029e-4,1.029e-4,,
862.88,5.778e-5,5.778e-5,,
862.93,3.223e-5,3.223e-5,,
862.98,1.785e-5,1.785e-5,,
863.03,9.820e-6,9.820e-6,,
863.08,5.366e-6,5.366e-6,,
863.13,2.913e-6,2.913e-6,,
863.18,1.570e-6,1.570e-6,,
863.23,8.407e-7,8.407e-7,,
863.28,4.471e-7,4.471e-7,,
863.33,2.362e-7,2.362e-7,,
863.38,1.239e-7,1.239e-7,,
863.43,6.468e-8,6.468e-8,,
863.48,3.363e-8,3.363e-8,,
863.53,1.760e-8,1.760e-8,,
863.58,9.594e-9,9.594e-9,,
863.63,6.047e-9,6.047e-9,,
863.68,5.331e-9,5.331e-9,,
863.73,7.056e-9,7.056e-9,,
863.78,1.132e-8,1.132e-8,,
863.83,2.146e-8,2.146e-8,,
863.88,4.041e-8,4.041e-8,,
863.93,7.560e-8,7.560e-8,,
863.98,1.405e-7,1.405e-7,,
864.03,2.593e-7,2.593e-7,,
864.08,4.755e-7,4.755e-7,,
864.13,8.662e-7,8.662e-7,,
864.18,1.567e-6,1.567e-6,,
864.23,2.818e-6,2.818e-6,,
864.28,5.032e-6,5.032e-6,,
864.33,8.926e-6,8.926e-6,,
864.38,1.573e-5,1.573e-5,,
864.43,2.754e-5,2.754e-5,,
864.48,4.789e-5,4.789e-5,,
864.53,8.273e-5,8.273e-5,,
864.58,1.420e-4,1.420e-4,,
864.63,2.420e-4,2.420e-4,,
864.68,4.099e-4,4.099e-4,,
864.73,6.896e-4,6.896e-4,,
864.78,1.153e-3,1.153e-3,,
864.83,1.913e-3,1.913e-3,,
864.88,3.156e-3,3.156e-3,,
864.93,5.170e-3,5.170e-3,,
864.98,8.415e-3,8.415e-3,,
865.03,1.360e-2,1.360e-2,,
865.08,2.185e-2,2.185e-2,,
865.13,3.486e-2,3.486e-2,,
865.18,5.526e-2,5.526e-2,,
865.23,8.700e-2,8.700e-2,,
865.28,1.361e-1,1.361e-1,,
865.33,2.114e-1,2.114e-1,,
865.38,3.263e-1,3.263e-1,,
865.43,5.004e-1,5.004e-1,,
865.48,7.622e-1,7.622e-1,,
865.53,1.153e+0,1.153e+0,,
865.58,1.733e+0,1.733e+0,,
865.63,2.588e+0,2.588e+0,,
865.68,3.840e+0,3.840e+0,,
865.73,5.658e+0,5.658e+0,,
865.78,8.282e+0,8.282e+0,,
865.83,1.204e+1,1.204e+1,,
865.88,1.740e+1,1.740e+1,,
865.93,2.496e+1,2.496e+1,,
865.98,3.559e+1,3.559e+1,,
866.03,5.039e+1,5.039e+1,,
866.08,7.089e+1,7.089e+1,,
866.13,9.907e+1,9.907e+1,,
866.18,1.375e+2,1.375e+2,,
866.23,1.897e+2,1.897e+2,,
866.28,2.598e+2,2.598e+2,,
866.33,3.536e+2,3.536e+2,,
866.38,4.780e+2,4.780e+2,,
866.43,6.420e+2,6.420e+2,,
866.48,8.565e+2,8.565e+2,,
866.53,1.135e+3,1.135e+3,,
866.58,1.494e+3,1.494e+3,,
866.63,1.954e+3,1.954e+3,,
866.68,2.539e+3,2.539e+3,,
866.73,3.277e+3,3.277e+3,,
866.78,4.202e+3,4.202e+3,,
866.83,5.351e+3,5.351e+3,,
866.88,6.771e+3,6.771e+3,,
866.93,8.510e+3,8.510e+3,,
866.98,1.063e+4,1.063e+4,,
867.03,1.318e+4,1.318e+4,,
867.08,1.624e+4,1.624e+4,,
867.13,1.987e+4,1.987e+4,,
867.18,2.417e+4,2.417e+4,,
867.23,2.919e+4,2.919e+4,,
867.28,3.502e+4,3.502e+4,,
867.33,4.175e+4,4.175e+4,,
867.38,4.943e+4,4.943e+4,,
867.43,5.815e+4,5.815e+4,,
867.48,6.795e+4,6.795e+4,,
867.53,7.887e+4,7.887e+4,,
867.58,9.095e+4,9.095e+4,,
867.63,1.042e+5,1.042e+5,,
867.68,1.186e+5,1.186e+5,,
867.73,1.340e+5,1.340e+5,,
867.78,1.505e+5,1.505e+5,,
867.83,1.679e+5,1.679e+5,,
867.88,1.860e+5,1.860e+5,,
867.93,2.048e+5,2.048e+5,,
867.98,2.240e+5,2.240e+5,,
868.03,2.433e+5,2.433e+5,,
868.08,2.626e+5,2.626e+5,,
868.13,2.815e+5,2.815e+5,,
868.18,2.998e+5,2.998e+5,,
868.23,3.172e+5,3.172e+5,,
868.28,3.333e+5,3.333e+5,,
868.33,3.480e+5,3.480e+5,,
868.38,3.609e+5,3.609e+5,,
868.43,3.718e+5,3.718e+5,,
868.48,3.806e+5,3.806e+5,,
868.53,3.869e+5,3.869e+5,,
868.58,3.908e+5,3.908e+5,,
868.63,3.921e+5,3.921e+5,,
868.68,3.908e+5,3.908e+5,,
868.73,3.869e+5,3.869e+5,,
868.78,3.806e+5,3.806e+5,,
868.83,3.718e+5,3.718e+5,,
868.88,3.609e+5,3.609e+5,,
868.93,3.480e+5,3.480e+5,,
868.98,3.333e+5,3.333e+5,,
869.03,3.172e+5,3.172e+5,,
869.08,2.998e+5,2.998e+5,,
869.13,2.815e+5,2.815e+5,,
869.18,2.626e+5,2.626e+5,,
869.23,2.433e+5,2.433e+5,,
869.28,2.240e+5,2.240e+5,,
869.33,2.048e+5,2.048e+5,,
869.38,1.860e+5,1.860e+5,,
869.43,1.679e+5,1.679e+5,,
869.48,1.505e+5,1.505e+5,,
869.53,1.340e+5,1.340e+5,,
869.58,1.186e+5,1.186e+5,,
869.63,1.042e+5,1.042e+5,,
869.68,9.095e+4,9.095e+4,,
869.73,7.887e+4,7.887e+4,,
869.78,6.795e+4,6.795e+4,,
869.83,5.815e+4,5.815e+4,,
869.88,4.943e+4,4.943e+4,,
869.93,4.175e+4,4.175e+4,,
869.98,3.502e+4,3.502e+4,,
870.03,2.919e+4,2.919e+4,,
870.08,2.417e+4,2.417e+4,,
870.13,1.987e+4,1.987e+4,,
870.18,1.624e+4,1.624e+4,,
870.23,1.318e+4,1.318e+4,,
870.28,1.063e+4,1.063e+4,,
870.33,8.510e+3,8.510e+3,,
870.38,6.771e+3,6.771e+3,,
870.43,5.351e+3,5.351e+3,,
870.48,4.202e+3,4.202e+3,,
870.53,3.277e+3,3.277e+3,,
870.58,2.539e+3,2.539e+3,,
870.63,1.954e+3,1.954e+3,,
870.68,1.494e+3,1.494e+3,,
870.73,1.135e+3,1.135e+3,,
870.78,8.565e+2,8.565e+2,,
870.83,6.420e+2,6.420e+2,,
870.88,4.780e+2,4.780e+2,,
870.93,3.536e+2,3.536e+2,,
870.98,2.598e+2,2.598e+2,,
871.03,1.897e+2,1.897e+2,,
871.08,1.375e+2,1.375e+2,,
871.13,9.907e+1,9.907e+1,,
871.18,7.089e+1,7.089e+1,,
871.23,5.039e+1,5.039e+1,,
871.28,3.559e+1,3.559e+1,,
871.33,2.496e+1,2.496e+1,,
871.38,1.740e+1,1.740e+1,,
871.43,1.204e+1,1.204e+1,,
871.48,8.282e+0,8.282e+0,,
871.53,5.658e+0,5.658e+0,,
871.58,3.840e+0,3.840e+0,,
871.63,2.588e+0,2.588e+0,,
871.68,1.733e+0,1.733e+0,,
871.73,1.153e+0,1.153e+0,,
871.78,7.622e-1,7.622e-1,,
871.83,5.004e-1,5.004e-1,,
871.88,3.263e-1,3.263e-1,,
871.93,2.114e-1,2.114e-1,,
871.98,1.361e-1,1.361e-1,,
872.03,8.700e-2,8.700e-2,,
872.08,5.526e-2,5.526e-2,,
872.13,3.486e-2,3.486e-2,,
872.18,2.185e-2,2.185e-2,,
872.23,1.360e-2,1.360e-2,,
872.28,8.415e-3,8.415e-3,,
872.33,5.170e-3,5.170e-3,,
872.38,3.156e-3,3.156e-3,,
872.43,1.913e-3,1.913e-3,,
872.48,1.153e-3,1.153e-3,,
872.53,6.896e-4,6.896e-4,,
872.58,4.099e-4,4.099e-4,,
872.63,2.420e-4,2.420e-4,,
872.68,1.420e-4,1.420e-4,,
872.73,8.273e-5,8.273e-5,,
872.78,4.789e-5,4.789e-5,,
872.83,2.754e-5,2.754e-5,,
872.88,1.573e-5,1.573e-5,,
872.93,8.926e-6,8.926e-6,,
872.98,5.032e-6,5.032e-6,,
873.03,2.818e-6,2.818e-6,,
873.08,1.567e-6,1.567e-6,,
873.13,8.662e-7,8.662e-7,,
873.18,4.755e-7,4.755e-7,,
873.23,2.593e-7,2.593e-7,,
873.28,1.405e-7,1.405e-7,,
873.33,7.560e-8,7.560e-8,,
873.38,4.041e-8,4.041e-8,,
873.43,2.146e-8,2.146e-8,,
873.48,1.132e-8,1.132e-8,,
873.53,5.934e-9,5.934e-9,,
873.58,3.090e-9,3.090e-9,,
873.63,1.598e-9,1.598e-9,,
873.68,8.209e-10,8.209e-10,,
873.73,4.190e-10,4.190e-10,,
873.78,2.124e-10,2.124e-10,,
873.83,1.070e-10,1.070e-10,,
889.44,3.586e-10,3.586e-10,,
889.49,6.990e-10,6.990e-10,,
889.54,1.354e-9,1.354e-9,,
889.59,2.607e-9,2.607e-9,,
889.64,4.988e-9,4.988e-9,,
889.69,9.485e-9,9.485e-9,,
889.74,1.792e-8,1.792e-8,,
889.79,3.365e-8,3.365e-8,,
889.84,6.280e-8,6.280e-8,,
889.89,1.165e-7,1.165e-7,,
889.94,2.146e-7,2.146e-7,,
889.99,3.931e-7,3.931e-7,,
890.04,7.154e-7,7.154e-7,,
890.09,1.294e-6,1.294e-6,,
890.14,2.326e-6,2.326e-6,,
890.19,4.155e-6,4.155e-6,,
890.24,7.376e-6,7.376e-6,,
890.29,1.301e-5,1.301e-5,,
890.34,2.281e-5,2.281e-5,,
890.39,3.974e-5,3.974e-5,,
890.44,6.881e-5,6.881e-5,,
890.49,1.184e-4,1.184e-4,,
890.54,2.024e-4,2.024e-4,,
890.59,3.440e-4,3.440e-4,,
890.64,5.808e-4,5.808e-4,,
890.69,9.747e-4,9.747e-4,,
890.74,1.626e-3,1.626e-3,,
890.79,2.694e-3,2.694e-3,,
890.84,4.437e-3,4.437e-3,,
890.89,7.262e-3,7.262e-3,,
890.94,1.181e-2,1.181e-2,,
890.99,1.909e-2,1.909e-2,,
891.04,3.067e-2,3.067e-2,,
891.09,4.896e-2,4.896e-2,,
891.14,7.768e-2,7.768e-2,,
891.19,1.225e-1,1.225e-1,,
891.24,1.919e-1,1.919e-1,,
891.29,2.987e-1,2.987e-1,,
891.34,4.622e-1,4.622e-1,,
891.39,7.107e-1,7.107e-1,,
891.44,1.086e+0,1.086e+0,,
891.49,1.649e+0,1.649e+0,,
891.54,2.489e+0,2.489e+0,,
891.59,3.733e+0,3.733e+0,,
891.64,5.563e+0,5.563e+0,,
891.69,8.240e+0,8.240e+0,,
891.74,1.213e+1,1.213e+1,,
891.79,1.774e+1,1.774e+1,,
891.84,2.579e+1,2.579e+1,,
891.89,3.725e+1,3.725e+1,,
891.94,5.348e+1,5.348e+1,,
891.99,7.629e+1,7.629e+1,,
892.04,1.082e+2,1.082e+2,,
892.09,1.524e+2,1.524e+2,,
892.14,2.134e+2,2.134e+2,,
892.19,2.969e+2,2.969e+2,,
892.24,4.106e+2,4.106e+2,,
892.29,5.642e+2,5.642e+2,,
892.34,7.705e+2,7.705e+2,,
892.39,1.046e+3,1.046e+3,,
892.44,1.410e+3,1.410e+3,,
892.49,1.890e+3,1.890e+3,,
892.54,2.517e+3,2.517e+3,,
892.59,3.332e+3,3.332e+3,,
892.64,4.383e+3,4.383e+3,,
892.69,5.730e+3,5.730e+3,,
892.74,7.443e+3,7.443e+3,,
892.79,9.609e+3,9.609e+3,,
892.84,1.233e+4,1.233e+4,,
892.89,1.572e+4,1.572e+4,,
892.94,1.992e+4,1.992e+4,,
892.99,2.508e+4,2.508e+4,,
893.04,3.138e+4,3.138e+4,,
893.09,3.902e+4,3.902e+4,,
893.14,4.822e+4,4.822e+4,,
893.19,5.922e+4,5.922e+4,,
893.24,7.227e+4,7.227e+4,,
893.29,8.765e+4,8.765e+4,,
893.34,1.056e+5,1.056e+5,,
893.39,1.265e+5,1.265e+5,,
893.44,1.506e+5,1.506e+5,,
893.49,1.782e+5,1.782e+5,,
893.54,2.095e+5,2.095e+5,,
893.59,2.447e+5,2.447e+5,,
893.64,2.841e+5,2.841e+5,,
893.69,3.278e+5,3.278e+5,,
893.74,3.758e+5,3.758e+5,,
893.79,4.282e+5,4.282e+5,,
893.84,4.848e+5,4.848e+5,,
893.89,5.456e+5,5.456e+5,,
893.94,6.101e+5,6.101e+5,,
893.99,6.780e+5,6.780e+5,,
894.04,7.488e+5,7.488e+5,,
894.09,8.218e+5,8.218e+5,,
894.14,8.963e+5,8.963e+5,,
894.19,9.715e+5,9.715e+5,,
894.24,1.046e+6,1.046e+6,,
894.29,1.120e+6,1.120e+6,,
894.34,1.192e+6,1.192e+6,,
894.39,1.260e+6,1.260e+6,,
894.44,1.323e+6,1.323e+6,,
894.49,1.382e+6,1.382e+6,,
894.54,1.434e+6,1.434e+6,,
894.59,1.478e+6,1.478e+6,,
894.64,1.514e+6,1.514e+6,,
894.69,1.542e+6,1.542e+6,,
894.74,1.561e+6,1.561e+6,,
894.79,1.569e+6,1.569e+6,,
894.84,1.568e+6,1.568e+6,,
894.89,1.558e+6,1.558e+6,,
894.94,1.537e+6,1.537e+6,,
894.99,1.508e+6,1.508e+6,,
895.04,1.470e+6,1.470e+6,,
895.09,1.424e+6,1.424e+6,,
895.14,1.370e+6,1.370e+6,,
895.19,1.311e+6,1.311e+6,,
895.24,1.246e+6,1.246e+6,,
895.29,1.178e+6,1.178e+6,,
895.34,1.106e+6,1.106e+6,,
895.39,1.032e+6,1.032e+6,,
895.44,9.564e+5,9.564e+5,,
895.49,8.813e+5,8.813e+5,,
895.54,8.070e+5,8.070e+5,,
895.59,7.344e+5,7.344e+5,,
895.64,6.642e+5,6.642e+5,,
895.69,5.969e+5,5.969e+5,,
895.74,5.331e+5,5.331e+5,,
895.79,4.732e+5,4.732e+5,,
895.84,4.173e+5,4.173e+5,,
895.89,3.658e+5,3.658e+5,,
895.94,3.187e+5,3.187e+5,,
895.99,2.759e+5,2.759e+5,,
896.04,2.373e+5,2.373e+5,,
896.09,2.029e+5,2.029e+5,,
896.14,1.724e+5,1.724e+5,,
896.19,1.455e+5,1.455e+5,,
896.24,1.221e+5,1.221e+5,,
896.29,1.018e+5,1.018e+5,,
896.34,8.438e+4,8.438e+4,,
896.39,6.948e+4,6.948e+4,,
896.44,5.686e+4,5.686e+4,,
896.49,4.624e+4,4.624e+4,,
896.54,3.737e+4,3.737e+4,,
896.59,3.002e+4,3.002e+4,,
896.64,2.396e+4,2.396e+4,,
896.69,1.900e+4,1.900e+4,,
896.74,1.498e+4,1.498e+4,,
896.79,1.174e+4,1.174e+4,,
896.84,9.135e+3,9.135e+3,,
896.89,7.068e+3,7.068e+3,,
896.94,5.434e+3,5.434e+3,,
896.99,4.151e+3,4.151e+3,,
897.04,3.152e+3,3.152e+3,,
897.09,2.378e+3,2.378e+3,,
897.14,1.783e+3,1.783e+3,,
897.19,1.329e+3,1.329e+3,,
897.24,9.842e+2,9.842e+2,,
897.29,7.243e+2,7.243e+2,,
897.34,5.297e+2,5.297e+2,,
897.39,3.850e+2,3.850e+2,,
897.44,2.781e+2,2.781e+2,,
897.49,1.996e+2,1.996e+2,,
897.54,1.424e+2,1.424e+2,,
897.59,1.009e+2,1.009e+2,,
897.64,7.110e+1,7.110e+1,,
897.69,4.977e+1,4.977e+1,,
897.74,3.463e+1,3.463e+1,,
897.79,2.394e+1,2.394e+1,,
897.84,1.645e+1,1.645e+1,,
897.89,1.123e+1,1.123e+1,,
897.94,7.621e+0,7.621e+0,,
897.99,5.139e+0,5.139e+0,,
898.04,3.444e+0,3.444e+0,,
898.09,2.293e+0,2.293e+0,,
898.14,1.518e+0,1.518e+0,,
898.19,9.983e-1,9.983e-1,,
898.24,6.525e-1,6.525e-1,,
898.29,4.238e-1,4.238e-1,,
898.34,2.736e-1,2.736e-1,,
898.39,1.755e-1,1.755e-1,,
898.44,1.119e-1,1.119e-1,,
898.49,7.086e-2,7.086e-2,,
898.54,4.461e-2,4.461e-2,,
898.59,2.791e-2,2.791e-2,,
898.64,1.735e-2,1.735e-2,,
898.69,1.072e-2,1.072e-2,,
898.74,6.584e-3,6.584e-3,,
898.79,4.018e-3,4.018e-3,,
898.84,2.436e-3,2.436e-3,,
898.89,1.468e-3,1.468e-3,,
898.94,8.793e-4,8.793e-4,,
898.99,5.233e-4,5.233e-4,,
899.04,3.095e-4,3.095e-4,,
899.09,1.819e-4,1.819e-4,,
899.14,1.063e-4,1.063e-4,,
899.19,6.168e-5,6.168e-5,,
899.24,3.558e-5,3.558e-5,,
899.29,2.040e-5,2.040e-5,,
899.34,1.162e-5,1.162e-5,,
899.39,6.579e-6,6.579e-6,,
899.44,3.702e-6,3.702e-6,,
899.49,2.070e-6,2.070e-6,,
899.54,1.150e-6,1.150e-6,,
899.59,6.350e-7,6.350e-7,,
899.64,3.485e-7,3.485e-7,,
899.69,1.900e-7,1.900e-7,,
899.74,1.030e-7,1.030e-7,,
899.79,5.546e-8,5.546e-8,,
899.84,2.968e-8,2.968e-8,,
899.89,1.579e-8,1.579e-8,,
899.94,8.345e-9,8.345e-9,,
899.99,4.384e-9,4.384e-9,,
900.04,2.288e-9,2.288e-9,,
900.09,1.187e-9,1.187e-9,,
900.14,6.120e-10,6.120e-10,,
900.19,3.135e-10,3.135e-10,,
901.89,2.593e-10,2.593e-10,,
901.94,4.999e-10,4.999e-10,,
901.99,9.581e-10,9.581e-10,,
902.04,1.825e-9,1.825e-9,,
902.09,3.455e-9,3.455e-9,,
902.14,6.503e-9,6.503e-9,,
902.19,1.216e-8,1.216e-8,,
902.24,2.261e-8,2.261e-8,,
902.29,4.179e-8,4.179e-8,,
902.34,7.675e-8,7.675e-8,,
902.39,1.401e-7,1.401e-7,,
902.44,2.542e-7,2.542e-7,,
902.49,4.585e-7,4.585e-7,,
902.54,8.220e-7,8.220e-7,,
902.59,1.465e-6,1.465e-6,,
902.64,2.594e-6,2.594e-6,,
902.69,4.566e-6,4.566e-6,,
902.74,7.988e-6,7.988e-6,,
902.79,1.389e-5,1.389e-5,,
902.84,2.401e-5,2.401e-5,,
902.89,4.125e-5,4.125e-5,,
902.94,7.044e-5,7.044e-5,,
902.99,1.196e-4,1.196e-4,,
903.04,2.017e-4,2.017e-4,,
903.09,3.382e-4,3.382e-4,,
903.14,5.636e-4,5.636e-4,,
903.19,9.337e-4,9.337e-4,,
903.24,1.537e-3,1.537e-3,,
903.29,2.516e-3,2.516e-3,,
903.34,4.092e-3,4.092e-3,,
903.39,6.616e-3,6.616e-3,,
903.44,1.063e-2,1.063e-2,,
903.49,1.698e-2,1.698e-2,,
903.54,2.696e-2,2.696e-2,,
903.59,4.254e-2,4.254e-2,,
903.64,6.672e-2,6.672e-2,,
903.69,1.040e-1,1.040e-1,,
903.74,1.612e-1,1.612e-1,,
903.79,2.482e-1,2.482e-1,,
903.84,3.800e-1,3.800e-1,,
903.89,5.781e-1,5.781e-1,,
903.94,8.743e-1,8.743e-1,,
903.99,1.314e+0,1.314e+0,,
904.04,1.963e+0,1.963e+0,,
904.09,2.916e+0,2.916e+0,,
904.14,4.303e+0,4.303e+0,,
904.19,6.313e+0,6.313e+0,,
904.24,9.205e+0,9.205e+0,,
904.29,1.334e+1,1.334e+1,,
904.34,1.922e+1,1.922e+1,,
904.39,2.752e+1,2.752e+1,,
904.44,3.916e+1,3.916e+1,,
904.49,5.540e+1,5.540e+1,,
904.54,7.789e+1,7.789e+1,,
904.59,1.088e+2,1.088e+2,,
904.64,1.512e+2,1.512e+2,,
904.69,2.087e+2,2.087e+2,,
904.74,2.864e+2,2.864e+2,,
904.79,3.907e+2,3.907e+2,,
904.84,5.296e+2,5.296e+2,,
904.89,7.136e+2,7.136e+2,,
904.94,9.558e+2,9.558e+2,,
904.99,1.272e+3,1.272e+3,,
905.04,1.683e+3,1.683e+3,,
905.09,2.214e+3,2.214e+3,,
905.14,2.894e+3,2.894e+3,,
905.19,3.760e+3,3.760e+3,,
905.24,4.855e+3,4.855e+3,,
905.29,6.232e+3,6.232e+3,,
905.34,7.951e+3,7.951e+3,,
905.39,1.008e+4,1.008e+4,,
905.44,1.271e+4,1.271e+4,,
905.49,1.592e+4,1.592e+4,,
905.54,1.982e+4,1.982e+4,,
905.59,2.453e+4,2.453e+4,,
905.64,3.018e+4,3.018e+4,,
905.69,3.690e+4,3.690e+4,,
905.74,4.484e+4,4.484e+4,,
905.79,5.416e+4,5.416e+4,,
905.84,6.502e+4,6.502e+4,,
905.89,7.759e+4,7.759e+4,,
905.94,9.203e+4,9.203e+4,,
905.99,1.085e+5,1.085e+5,,
906.04,1.271e+5,1.271e+5,,
906.09,1.481e+5,1.481e+5,,
906.14,1.714e+5,1.714e+5,,
906.19,1.972e+5,1.972e+5,,
906.24,2.256e+5,2.256e+5,,
906.29,2.564e+5,2.564e+5,,
906.34,2.897e+5,2.897e+5,,
906.39,3.253e+5,3.253e+5,,
906.44,3.632e+5,3.632e+5,,
906.49,4.029e+5,4.029e+5,,
906.54,4.443e+5,4.443e+5,,
906.59,4.870e+5,4.870e+5,,
906.64,5.305e+5,5.305e+5,,
906.69,5.744e+5,5.744e+5,,
906.74,6.182e+5,6.182e+5,,
906.79,6.614e+5,6.614e+5,,
906.84,7.032e+5,7.032e+5,,
906.89,7.432e+5,7.432e+5,,
906.94,7.806e+5,7.806e+5,,
906.99,8.150e+5,8.150e+5,,
907.04,8.458e+5,8.458e+5,,
907.09,8.724e+5,8.724e+5,,
907.14,8.944e+5,8.944e+5,,
907.19,9.114e+5,9.114e+5,,
907.24,9.231e+5,9.231e+5,,
907.29,9.293e+5,9.293e+5,,
907.34,9.299e+5,9.299e+5,,
907.39,9.248e+5,9.248e+5,,
907.44,9.142e+5,9.142e+5,,
907.49,8.982e+5,8.982e+5,,
907.54,8.772e+5,8.772e+5,,
907.59,8.515e+5,8.515e+5,,
907.64,8.215e+5,8.215e+5,,
907.69,7.878e+5,7.878e+5,,
907.74,7.509e+5,7.509e+5,,
907.79,7.114e+5,7.114e+5,,
907.84,6.698e+5,6.698e+5,,
907.89,6.269e+5,6.269e+5,,
907.94,5.832e+5,5.832e+5,,
907.99,5.393e+5,5.393e+5,,
908.04,4.956e+5,4.956e+5,,
908.09,4.527e+5,4.527e+5,,
908.14,4.111e+5,4.111e+5,,
908.19,3.710e+5,3.710e+5,,
908.24,3.327e+5,3.327e+5,,
908.29,2.967e+5,2.967e+5,,
908.34,2.629e+5,2.629e+5,,
908.39,2.315e+5,2.315e+5,,
908.44,2.027e+5,2.027e+5,,
908.49,1.764e+5,1.764e+5,,
908.54,1.526e+5,1.526e+5,,
908.59,1.311e+5,1.311e+5,,
908.64,1.121e+5,1.121e+5,,
908.69,9.516e+4,9.516e+4,,
908.74,8.033e+4,8.033e+4,,
908.79,6.740e+4,6.740e+4,,
908.84,5.621e+4,5.621e+4,,
908.89,4.660e+4,4.660e+4,,
908.94,3.840e+4,3.840e+4,,
908.99,3.146e+4,3.146e+4,,
909.04,2.562e+4,2.562e+4,,
909.09,2.075e+4,2.075e+4,,
909.14,1.672e+4,1.672e+4,,
909.19,1.342e+4,1.342e+4,,
909.24,1.073e+4,1.073e+4,,
909.29,8.574e+3,8.574e+3,,
909.34,6.872e+3,6.872e+3,,
909.39,5.559e+3,5.559e+3,,
909.44,4.585e+3,4.585e+3,,
909.49,3.911e+3,3.911e+3,,
909.54,3.512e+3,3.512e+3,,
909.59,3.375e+3,3.375e+3,,
909.64,3.500e+3,3.500e+3,,
909.69,3.903e+3,3.903e+3,,
909.74,4.611e+3,4.611e+3,,
909.79,5.672e+3,5.672e+3,,
909.84,7.148e+3,7.148e+3,,
909.89,9.123e+3,9.123e+3,,
909.94,1.170e+4,1.170e+4,,
909.99,1.502e+4,1.502e+4,,
910.04,1.923e+4,1.923e+4,,
910.09,2.452e+4,2.452e+4,,
910.14,3.112e+4,3.112e+4,,
910.19,3.928e+4,3.928e+4,,
910.24,4.930e+4,4.930e+4,,
910.29,6.153e+4,6.153e+4,,
910.34,7.634e+4,7.634e+4,,
910.39,9.414e+4,9.414e+4,,
910.44,1.154e+5,1.154e+5,,
910.49,1.406e+5,1.406e+5,,
910.54,1.704e+5,1.704e+5,,
910.59,2.051e+5,2.051e+5,,
910.64,2.455e+5,2.455e+5,,
910.69,2.921e+5,2.921e+5,,
910.74,3.454e+5,3.454e+5,,
910.8,4.190e+5,4.190e+5,,
910.85,4.890e+5,4.890e+5,,
910.9,5.673e+5,5.673e+5,,
910.95,6.541e+5,6.541e+5,,
911,7.497e+5,7.497e+5,,
911.05,8.542e+5,8.542e+5,,
911.1,9.673e+5,9.673e+5,,
911.15,1.089e+6,1.089e+6,,
911.2,1.218e+6,1.218e+6,,
911.25,1.355e+6,1.355e+6,,
911.3,1.498e+6,1.498e+6,,
911.35,1.646e+6,1.646e+6,,
911.4,1.799e+6,1.799e+6,,
911.45,1.953e+6,1.953e+6,,
911.5,2.108e+6,2.108e+6,,
911.55,2.261e+6,2.261e+6,,
911.6,2.412e+6,2.412e+6,,
911.65,2.556e+6,2.556e+6,,
911.7,2.694e+6,2.694e+6,,
911.75,2.821e+6,2.821e+6,,
911.8,2.937e+6,2.937e+6,,
911.85,3.039e+6,3.039e+6,,
911.9,3.126e+6,3.126e+6,,
911.95,3.197e+6,3.197e+6,,
912,3.249e+6,3.249e+6,,
912.05,3.282e+6,3.282e+6,,
912.1,3.296e+6,3.296e+6,,
912.15,3.290e+6,3.290e+6,,
912.2,3.265e+6,3.265e+6,,
912.25,3.220e+6,3.220e+6,,
912.3,3.157e+6,3.157e+6,,
912.35,3.076e+6,3.076e+6,,
912.4,2.980e+6,2.980e+6,,
912.45,2.869e+6,2.869e+6,,
912.5,2.746e+6,2.746e+6,,
912.55,2.612e+6,2.612e+6,,
912.6,2.470e+6,2.470e+6,,
912.65,2.322e+6,2.322e+6,,
912.7,2.170e+6,2.170e+6,,
912.75,2.015e+6,2.015e+6,,
912.8,1.860e+6,1.860e+6,,
912.85,1.707e+6,1.707e+6,,
912.9,1.557e+6,1.557e+6,,
912.95,1.412e+6,1.412e+6,,
913,1.272e+6,1.272e+6,,
913.05,1.140e+6,1.140e+6,,
913.1,1.015e+6,1.015e+6,,
913.15,8.984e+5,8.984e+5,,
913.2,7.904e+5,7.904e+5,,
913.25,6.913e+5,6.913e+5,,
913.3,6.010e+5,6.010e+5,,
913.35,5.193e+5,5.193e+5,,
913.4,4.461e+5,4.461e+5,,
913.45,3.808e+5,3.808e+5,,
913.5,3.232e+5,3.232e+5,,
913.55,2.727e+5,2.727e+5,,
913.6,2.286e+5,2.286e+5,,
913.65,1.906e+5,1.906e+5,,
913.7,1.579e+5,1.579e+5,,
913.75,1.300e+5,1.300e+5,,
913.8,1.064e+5,1.064e+5,,
913.85,8.662e+4,8.662e+4,,
913.9,7.006e+4,7.006e+4,,
913.95,5.633e+4,5.633e+4,,
914,4.502e+4,4.502e+4,,
914.05,3.576e+4,3.576e+4,,
914.1,2.824e+4,2.824e+4,,
914.15,2.216e+4,2.216e+4,,
914.2,1.729e+4,1.729e+4,,
914.25,1.341e+4,1.341e+4,,
914.3,1.034e+4,1.034e+4,,
914.35,7.921e+3,7.921e+3,,
914.4,6.033e+3,6.033e+3,,
914.45,4.568e+3,4.568e+3,,
914.5,3.438e+3,3.438e+3,,
914.55,2.572e+3,2.572e+3,,
914.6,1.912e+3,1.912e+3,,
914.65,1.413e+3,1.413e+3,,
914.7,1.038e+3,1.038e+3,,
914.75,7.583e+2,7.583e+2,,
914.8,5.504e+2,5.504e+2,,
914.85,3.972e+2,3.972e+2,,
914.9,2.849e+2,2.849e+2,,
914.95,2.031e+2,2.031e+2,,
915,1.439e+2,1.439e+2,,
915.05,1.014e+2,1.014e+2,,
915.1,7.099e+1,7.099e+1,,
915.15,4.941e+1,4.941e+1,,
915.2,3.419e+1,3.419e+1,,
915.25,2.352e+1,2.352e+1,,
915.3,1.609e+1,1.609e+1,,
915.35,1.096e+1,1.096e+1,,
915.4,7.436e+0,7.436e+0,,
915.45,5.048e+0,5.048e+0,,
915.5,3.454e+0,3.454e+0,,
915.55,2.424e+0,2.424e+0,,
915.6,1.800e+0,1.800e+0,,
915.65,1.488e+0,1.488e+0,,
915.7,1.435e+0,1.435e+0,,
915.75,1.629e+0,1.629e+0,,
915.8,2.095e+0,2.095e+0,,
915.85,2.894e+0,2.894e+0,,
915.9,4.137e+0,4.137e+0,,
915.95,5.986e+0,5.986e+0,,
916,8.683e+0,8.683e+0,,
916.05,1.256e+1,1.256e+1,,
916.1,1.810e+1,1.810e+1,,
916.15,2.594e+1,2.594e+1,,
916.2,3.697e+1,3.697e+1,,
916.25,5.238e+1,5.238e+1,,
916.3,7.379e+1,7.379e+1,,
916.35,1.033e+2,1.033e+2,,
916.4,1.438e+2,1.438e+2,,
916.45,1.991e+2,1.991e+2,,
916.5,2.739e+2,2.739e+2,,
916.55,3.745e+2,3.745e+2,,
916.6,5.092e+2,5.092e+2,,
916.65,6.882e+2,6.882e+2,,
916.7,9.246e+2,9.246e+2,,
916.75,1.235e+3,1.235e+3,,
916.8,1.640e+3,1.640e+3,,
916.85,2.164e+3,2.164e+3,,
916.9,2.840e+3,2.840e+3,,
916.95,3.704e+3,3.704e+3,,
917,4.803e+3,4.803e+3,,
917.05,6.191e+3,6.191e+3,,
917.1,7.933e+3,7.933e+3,,
917.15,1.011e+4,1.011e+4,,
917.2,1.280e+4,1.280e+4,,
917.25,1.611e+4,1.611e+4,,
917.3,2.016e+4,2.016e+4,,
917.35,2.508e+4,2.508e+4,,
917.4,3.102e+4,3.102e+4,,
917.45,3.813e+4,3.813e+4,,
917.5,4.660e+4,4.660e+4,,
917.55,5.662e+4,5.662e+4,,
917.6,6.839e+4,6.839e+4,,
917.65,8.211e+4,8.211e+4,,
917.7,9.800e+4,9.800e+4,,
917.75,1.163e+5,1.163e+5,,
917.8,1.372e+5,1.372e+5,,
917.85,1.608e+5,1.608e+5,,
917.9,1.875e+5,1.875e+5,,
917.95,2.172e+5,2.172e+5,,
918,2.502e+5,2.502e+5,,
918.05,2.866e+5,2.866e+5,,
918.1,3.262e+5,3.262e+5,,
918.15,3.692e+5,3.692e+5,,
918.2,4.153e+5,4.153e+5,,
918.25,4.644e+5,4.644e+5,,
918.3,5.163e+5,5.163e+5,,
918.35,5.707e+5,5.707e+5,,
918.4,6.270e+5,6.270e+5,,
918.45,6.848e+5,6.848e+5,,
918.5,7.435e+5,7.435e+5,,
918.55,8.024e+5,8.024e+5,,
918.6,8.610e+5,8.610e+5,,
918.65,9.184e+5,9.184e+5,,
918.7,9.738e+5,9.738e+5,,
918.75,1.026e+6,1.026e+6,,
918.8,1.076e+6,1.076e+6,,
918.85,1.120e+6,1.120e+6,,
918.9,1.160e+6,1.160e+6,,
918.95,1.194e+6,1.194e+6,,
919,1.222e+6,1.222e+6,,
919.05,1.243e+6,1.243e+6,,
919.1,1.257e+6,1.257e+6,,
919.15,1.264e+6,1.264e+6,,
919.2,1.263e+6,1.263e+6,,
919.25,1.255e+6,1.255e+6,,
919.3,1.240e+6,1.240e+6,,
919.35,1.217e+6,1.217e+6,,
919.4,1.188e+6,1.188e+6,,
919.45,1.153e+6,1.153e+6,,
919.5,1.112e+6,1.112e+6,,
919.55,1.066e+6,1.066e+6,,
919.6,1.016e+6,1.016e+6,,
919.65,9.629e+5,9.629e+5,,
919.7,9.070e+5,9.070e+5,,
919.75,8.494e+5,8.494e+5,,
919.8,7.907e+5,7.907e+5,,
919.85,7.317e+5,7.317e+5,,
919.9,6.731e+5,6.731e+5,,
919.95,6.156e+5,6.156e+5,,
920,5.596e+5,5.596e+5,,
920.05,5.058e+5,5.058e+5,,
920.1,4.544e+5,4.544e+5,,
920.15,4.058e+5,4.058e+5,,
920.2,3.603e+5,3.603e+5,,
920.25,3.180e+5,3.180e+5,,
920.3,2.790e+5,2.790e+5,,
920.35,2.434e+5,2.434e+5,,
920.4,2.110e+5,2.110e+5,,
920.45,1.819e+5,1.819e+5,,
920.5,1.559e+5,1.559e+5,,
920.55,1.328e+5,1.328e+5,,
920.6,1.124e+5,1.124e+5,,
920.65,9.464e+4,9.464e+4,,
920.7,7.920e+4,7.920e+4,,
920.75,6.588e+4,6.588e+4,,
920.8,5.449e+4,5.449e+4,,
920.85,4.479e+4,4.479e+4,,
920.9,3.661e+4,3.661e+4,,
920.95,2.974e+4,2.974e+4,,
921,2.402e+4,2.402e+4,,
921.05,1.928e+4,1.928e+4,,
921.1,1.539e+4,1.539e+4,,
921.15,1.221e+4,1.221e+4,,
921.2,9.633e+3,9.633e+3,,
921.25,7.553e+3,7.553e+3,,
921.3,5.887e+3,5.887e+3,,
921.35,4.562e+3,4.562e+3,,
921.4,3.514e+3,3.514e+3,,
921.45,2.691e+3,2.691e+3,,
921.5,2.048e+3,2.048e+3,,
921.55,1.550e+3,1.550e+3,,
921.6,1.166e+3,1.166e+3,,
921.65,8.720e+2,8.720e+2,,
921.7,6.483e+2,6.483e+2,,
921.75,4.791e+2,4.791e+2,,
921.8,3.520e+2,3.520e+2,,
921.85,2.571e+2,2.571e+2,,
921.9,1.866e+2,1.866e+2,,
921.95,1.347e+2,1.347e+2,,
922,9.665e+1,9.665e+1,,
922.05,6.893e+1,6.893e+1,,
922.1,4.888e+1,4.888e+1,,
922.15,3.445e+1,3.445e+1,,
922.2,2.414e+1,2.414e+1,,
922.25,1.682e+1,1.682e+1,,
922.3,1.164e+1,1.164e+1,,
922.35,8.015e+0,8.015e+0,,
922.4,5.485e+0,5.485e+0,,
922.45,3.731e+0,3.731e+0,,
922.5,2.523e+0,2.523e+0,,
922.55,1.696e+0,1.696e+0,,
922.6,1.134e+0,1.134e+0,,
922.65,7.532e-1,7.532e-1,,
922.7,4.974e-1,4.974e-1,,
922.75,3.266e-1,3.266e-1,,
922.8,2.131e-1,2.131e-1,,
922.85,1.383e-1,1.383e-1,,
922.9,8.920e-2,8.920e-2,,
922.95,5.719e-2,5.719e-2,,
923,3.645e-2,3.645e-2,,
923.05,2.310e-2,2.310e-2,,
923.1,1.455e-2,1.455e-2,,
923.15,9.111e-3,9.111e-3,,
923.2,5.671e-3,5.671e-3,,
923.25,3.509e-3,3.509e-3,,
923.3,2.159e-3,2.159e-3,,
923.35,1.320e-3,1.320e-3,,
923.4,8.026e-4,8.026e-4,,
923.45,4.850e-4,4.850e-4,,
923.5,2.914e-4,2.914e-4,,
923.55,1.740e-4,1.740e-4,,
923.6,1.033e-4,1.033e-4,,
923.65,6.099e-5,6.099e-5,,
923.7,3.579e-5,3.579e-5,,
923.75,2.089e-5,2.089e-5,,
923.8,1.214e-5,1.214e-5,,
923.85,7.044e-6,7.044e-6,,
923.9,4.120e-6,4.120e-6,,
923.95,2.497e-6,2.497e-6,,
924,1.680e-6,1.680e-6,,
924.05,1.412e-6,1.412e-6,,
924.1,1.606e-6,1.606e-6,,
924.15,2.310e-6,2.310e-6,,
924.2,3.724e-6,3.724e-6,,
924.25,6.250e-6,6.250e-6,,
924.3,1.059e-5,1.059e-5,,
924.35,1.793e-5,1.793e-5,,
924.4,3.024e-5,3.024e-5,,
924.45,5.072e-5,5.072e-5,,
924.5,8.460e-5,8.460e-5,,
924.55,1.403e-4,1.403e-4,,
924.6,2.313e-4,2.313e-4,,
924.65,3.792e-4,3.792e-4,,
924.7,6.181e-4,6.181e-4,,
924.75,1.002e-3,1.002e-3,,
924.8,1.614e-3,1.614e-3,,
924.85,2.585e-3,2.585e-3,,
924.9,4.117e-3,4.117e-3,,
924.95,6.518e-3,6.518e-3,,
925,1.026e-2,1.026e-2,,
925.05,1.606e-2,1.606e-2,,
925.1,2.499e-2,2.499e-2,,
925.15,3.866e-2,3.866e-2,,
925.2,5.946e-2,5.946e-2,,
925.25,9.093e-2,9.093e-2,,
925.3,1.382e-1,1.382e-1,,
925.35,2.090e-1,2.090e-1,,
925.4,3.141e-1,3.141e-1,,
925.45,4.693e-1,4.693e-1,,
925.5,6.971e-1,6.971e-1,,
925.55,1.030e+0,1.030e+0,,
925.6,1.512e+0,1.512e+0,,
925.65,2.207e+0,2.207e+0,,
925.7,3.204e+0,3.204e+0,,
925.75,4.624e+0,4.624e+0,,
925.8,6.634e+0,6.634e+0,,
925.85,9.464e+0,9.464e+0,,
925.9,1.342e+1,1.342e+1,,
925.95,1.893e+1,1.893e+1,,
926,2.653e+1,2.653e+1,,
926.05,3.698e+1,3.698e+1,,
926.1,5.125e+1,5.125e+1,,
926.15,7.061e+1,7.061e+1,,
926.2,9.672e+1,9.672e+1,,
926.25,1.317e+2,1.317e+2,,
926.3,1.784e+2,1.784e+2,,
926.35,2.401e+2,2.401e+2,,
926.4,3.213e+2,3.213e+2,,
926.45,4.276e+2,4.276e+2,,
926.5,5.657e+2,5.657e+2,,
926.55,7.441e+2,7.441e+2,,
926.6,9.731e+2,9.731e+2,,
926.65,1.265e+3,1.265e+3,,
926.7,1.636e+3,1.636e+3,,
926.75,2.102e+3,2.102e+3,,
926.8,2.686e+3,2.686e+3,,
926.85,3.412e+3,3.412e+3,,
926.9,4.310e+3,4.310e+3,,
926.95,5.412e+3,5.412e+3,,
927,6.757e+3,6.757e+3,,
927.05,8.387e+3,8.387e+3,,
927.1,1.035e+4,1.035e+4,,
927.15,1.270e+4,1.270e+4,,
927.2,1.549e+4,1.549e+4,,
927.25,1.879e+4,1.879e+4,,
927.3,2.266e+4,2.266e+4,,
927.35,2.716e+4,2.716e+4,,
927.4,3.238e+4,3.238e+4,,
927.45,3.837e+4,3.837e+4,,
927.5,4.521e+4,4.521e+4,,
927.55,5.296e+4,5.296e+4,,
927.6,6.168e+4,6.168e+4,,
927.65,7.142e+4,7.142e+4,,
927.7,8.221e+4,8.221e+4,,
927.75,9.410e+4,9.410e+4,,
927.8,1.071e+5,1.071e+5,,
927.85,1.211e+5,1.211e+5,,
927.9,1.363e+5,1.363e+5,,
927.95,1.524e+5,1.524e+5,,
928,1.694e+5,1.694e+5,,
928.05,1.873e+5,1.873e+5,,
928.1,2.059e+5,2.059e+5,,
928.15,2.250e+5,2.250e+5,,
928.2,2.444e+5,2.444e+5,,
928.25,2.640e+5,2.640e+5,,
928.3,2.835e+5,2.835e+5,,
928.35,3.027e+5,3.027e+5,,
928.4,3.213e+5,3.213e+5,,
928.45,3.391e+5,3.391e+5,,
928.5,3.558e+5,3.558e+5,,
928.55,3.711e+5,3.711e+5,,
928.6,3.849e+5,3.849e+5,,
928.65,3.969e+5,3.969e+5,,
928.7,4.070e+5,4.070e+5,,
928.75,4.148e+5,4.148e+5,,
928.8,4.204e+5,4.204e+5,,
928.85,4.236e+5,4.236e+5,,
928.9,4.243e+5,4.243e+5,,
928.95,4.226e+5,4.226e+5,,
929,4.184e+5,4.184e+5,,
929.05,4.119e+5,4.119e+5,,
929.1,4.032e+5,4.032e+5,,
929.15,3.924e+5,3.924e+5,,
929.2,3.796e+5,3.796e+5,,
929.25,3.652e+5,3.652e+5,,
929.3,3.492e+5,3.492e+5,,
929.35,3.321e+5,3.321e+5,,
929.4,3.139e+5,3.139e+5,,
929.45,2.950e+5,2.950e+5,,
929.5,2.757e+5,2.757e+5,,
929.55,2.561e+5,2.561e+5,,
929.6,2.366e+5,2.366e+5,,
929.65,2.173e+5,2.173e+5,,
929.7,1.984e+5,1.984e+5,,
929.75,1.801e+5,1.801e+5,,
929.8,1.625e+5,1.625e+5,,
929.85,1.458e+5,1.458e+5,,
929.9,1.301e+5,1.301e+5,,
929.95,1.154e+5,1.154e+5,,
930,1.018e+5,1.018e+5,,
930.05,8.921e+4,8.921e+4,,
930.1,7.777e+4,7.777e+4,,
930.15,6.739e+4,6.739e+4,,
930.2,5.807e+4,5.807e+4,,
930.25,4.975e+4,4.975e+4,,
930.3,4.237e+4,4.237e+4,,
930.35,3.588e+4,3.588e+4,,
930.4,3.020e+4,3.020e+4,,
930.45,2.528e+4,2.528e+4,,
930.5,2.104e+4,2.104e+4,,
930.55,1.741e+4,1.741e+4,,
930.6,1.432e+4,1.432e+4,,
930.65,1.171e+4,1.171e+4,,
930.7,9.522e+3,9.522e+3,,
930.75,7.698e+3,7.698e+3,,
930.8,6.187e+3,6.187e+3,,
930.85,4.944e+3,4.944e+3,,
930.9,3.928e+3,3.928e+3,,
930.95,3.103e+3,3.103e+3,,
931,2.437e+3,2.437e+3,,
931.05,1.903e+3,1.903e+3,,
931.1,1.477e+3,1.477e+3,,
931.15,1.140e+3,1.140e+3,,
931.2,8.747e+2,8.747e+2,,
931.25,6.673e+2,6.673e+2,,
931.3,5.062e+2,5.062e+2,,
931.35,3.817e+2,3.817e+2,,
931.4,2.862e+2,2.862e+2,,
931.45,2.133e+2,2.133e+2,,
931.5,1.581e+2,1.581e+2,,
931.55,1.165e+2,1.165e+2,,
931.6,8.534e+1,8.534e+1,,
931.65,6.216e+1,6.216e+1,,
931.7,4.501e+1,4.501e+1,,
931.75,3.241e+1,3.241e+1,,
931.8,2.320e+1,2.320e+1,,
931.85,1.651e+1,1.651e+1,,
931.9,1.168e+1,1.168e+1,,
931.95,8.216e+0,8.216e+0,,
932,5.746e+0,5.746e+0,,
932.05,3.996e+0,3.996e+0,,
932.1,2.762e+0,2.762e+0,,
932.15,1.899e+0,1.899e+0,,
932.2,1.297e+0,1.297e+0,,
932.25,8.815e-1,8.815e-1,,
932.3,5.955e-1,5.955e-1,,
932.35,3.999e-1,3.999e-1,,
932.4,2.670e-1,2.670e-1,,
932.45,1.773e-1,1.773e-1,,
932.5,1.170e-1,1.170e-1,,
932.55,7.677e-2,7.677e-2,,
932.6,5.009e-2,5.009e-2,,
932.65,3.249e-2,3.249e-2,,
932.7,2.095e-2,2.095e-2,,
932.75,1.343e-2,1.343e-2,,
932.8,8.563e-3,8.563e-3,,
932.85,5.427e-3,5.427e-3,,
932.9,3.420e-3,3.420e-3,,
932.95,2.142e-3,2.142e-3,,
933,1.334e-3,1.334e-3,,
933.05,8.263e-4,8.263e-4,,
933.1,5.088e-4,5.088e-4,,
933.15,3.114e-4,3.114e-4,,
933.2,1.895e-4,1.895e-4,,
933.25,1.147e-4,1.147e-4,,
933.3,6.899e-5,6.899e-5,,
933.35,4.126e-5,4.126e-5,,
933.4,2.453e-5,2.453e-5,,
933.45,1.450e-5,1.450e-5,,
933.5,8.526e-6,8.526e-6,,
933.55,4.982e-6,4.982e-6,,
933.6,2.895e-6,2.895e-6,,
933.65,1.672e-6,1.672e-6,,
933.7,9.604e-7,9.604e-7,,
933.75,5.485e-7,5.485e-7,,
933.8,3.115e-7,3.115e-7,,
933.85,1.760e-7,1.760e-7,,
933.9,9.914e-8,9.914e-8,,
933.95,5.602e-8,5.602e-8,,
934,3.237e-8,3.237e-8,,
934.05,2.023e-8,2.023e-8,,
934.1,1.544e-8,1.544e-8,,
934.15,1.632e-8,1.632e-8,,
934.2,2.311e-8,2.311e-8,,
934.25,3.807e-8,3.807e-8,,
934.3,6.614e-8,6.614e-8,,
934.35,1.164e-7,1.164e-7,,
934.4,2.050e-7,2.050e-7,,
934.45,3.596e-7,3.596e-7,,
934.5,6.275e-7,6.275e-7,,
934.55,1.089e-6,1.089e-6,,
934.6,1.879e-6,1.879e-6,,
934.65,3.225e-6,3.225e-6,,
934.7,5.502e-6,5.502e-6,,
934.75,9.335e-6,9.335e-6,,
934.8,1.575e-5,1.575e-5,,
934.85,2.642e-5,2.642e-5,,
934.9,4.407e-5,4.407e-5,,
934.95,7.309e-5,7.309e-5,,
935,1.205e-4,1.205e-4,,
935.05,1.977e-4,1.977e-4,,
935.1,3.224e-4,3.224e-4,,
935.15,5.227e-4,5.227e-4,,
935.2,8.427e-4,8.427e-4,,
935.25,1.351e-3,1.351e-3,,
935.3,2.154e-3,2.154e-3,,
935.35,3.414e-3,3.414e-3,,
935.4,5.381e-3,5.381e-3,,
935.45,8.433e-3,8.433e-3,,
935.5,1.314e-2,1.314e-2,,
935.55,2.036e-2,2.036e-2,,
935.6,3.138e-2,3.138e-2,,
935.65,4.807e-2,4.807e-2,,
935.7,7.324e-2,7.324e-2,,
935.75,1.109e-1,1.109e-1,,
935.8,1.671e-1,1.671e-1,,
935.85,2.503e-1,2.503e-1,,
935.9,3.728e-1,3.728e-1,,
935.95,5.521e-1,5.521e-1,,
936,8.130e-1,8.130e-1,,
936.05,1.190e+0,1.190e+0,,
936.1,1.733e+0,1.733e+0,,
936.15,2.509e+0,2.509e+0,,
936.2,3.612e+0,3.612e+0,,
936.25,5.170e+0,5.170e+0,,
936.3,7.359e+0,7.359e+0,,
936.35,1.041e+1,1.041e+1,,
936.4,1.466e+1,1.466e+1,,
936.45,2.051e+1,2.051e+1,,
936.5,2.854e+1,2.854e+1,,
936.55,3.948e+1,3.948e+1,,
936.6,5.432e+1,5.432e+1,,
936.65,7.431e+1,7.431e+1,,
936.7,1.011e+2,1.011e+2,,
936.75,1.367e+2,1.367e+2,,
936.8,1.839e+2,1.839e+2,,
936.85,2.459e+2,2.459e+2,,
936.9,3.270e+2,3.270e+2,,
936.95,4.324e+2,4.324e+2,,
937,5.684e+2,5.684e+2,,
937.05,7.432e+2,7.432e+2,,
937.1,9.661e+2,9.661e+2,,
937.15,1.249e+3,1.249e+3,,
937.2,1.605e+3,1.605e+3,,
937.25,2.051e+3,2.051e+3,,
937.3,2.607e+3,2.607e+3,,
937.35,3.294e+3,3.294e+3,,
937.4,4.139e+3,4.139e+3,,
937.45,5.172e+3,5.172e+3,,
937.5,6.425e+3,6.425e+3,,
937.55,7.937e+3,7.937e+3,,
937.6,9.750e+3,9.750e+3,,
937.65,1.191e+4,1.191e+4,,
937.7,1.446e+4,1.446e+4,,
937.75,1.747e+4,1.747e+4,,
937.8,2.097e+4,2.097e+4,,
937.85,2.504e+4,2.504e+4,,
937.9,2.974e+4,2.974e+4,,
937.95,3.511e+4,3.511e+4,,
938,4.121e+4,4.121e+4,,
938.05,4.810e+4,4.810e+4,,
938.1,5.584e+4,5.584e+4,,
938.15,6.444e+4,6.444e+4,,
938.2,7.395e+4,7.395e+4,,
938.25,8.439e+4,8.439e+4,,
938.3,9.576e+4,9.576e+4,,
938.35,1.080e+5,1.080e+5,,
938.4,1.212e+5,1.212e+5,,
938.45,1.352e+5,1.352e+5,,
938.5,1.500e+5,1.500e+5,,
938.55,1.654e+5,1.654e+5,,
938.6,1.814e+5,1.814e+5,,
938.65,1.979e+5,1.979e+5,,
938.7,2.146e+5,2.146e+5,,
938.75,2.314e+5,2.314e+5,,
938.8,2.481e+5,2.481e+5,,
938.85,2.645e+5,2.645e+5,,
938.9,2.804e+5,2.804e+5,,
938.95,2.955e+5,2.955e+5,,
939,3.098e+5,3.098e+5,,
939.05,3.228e+5,3.228e+5,,
939.1,3.346e+5,3.346e+5,,
939.15,3.448e+5,3.448e+5,,
939.2,3.533e+5,3.533e+5,,
939.25,3.600e+5,3.600e+5,,
939.3,3.647e+5,3.647e+5,,
939.35,3.674e+5,3.674e+5,,
939.4,3.680e+5,3.680e+5,,
939.45,3.665e+5,3.665e+5,,
939.5,3.630e+5,3.630e+5,,
939.55,3.575e+5,3.575e+5,,
939.6,3.501e+5,3.501e+5,,
939.65,3.409e+5,3.409e+5,,
939.7,3.301e+5,3.301e+5,,
939.75,3.178e+5,3.178e+5,,
939.8,3.042e+5,3.042e+5,,
939.85,2.896e+5,2.896e+5,,
939.9,2.741e+5,2.741e+5,,
939.95,2.580e+5,2.580e+5,,
940,2.414e+5,2.414e+5,,
940.05,2.247e+5,2.247e+5,,
940.1,2.079e+5,2.079e+5,,
940.15,1.913e+5,1.913e+5,,
940.2,1.750e+5,1.750e+5,,
940.25,1.592e+5,1.592e+5,,
940.3,1.440e+5,1.440e+5,,
940.35,1.295e+5,1.295e+5,,
940.4,1.158e+5,1.158e+5,,
940.45,1.030e+5,1.030e+5,,
940.5,9.110e+4,9.110e+4,,
940.55,8.010e+4,8.010e+4,,
940.6,7.004e+4,7.004e+4,,
940.65,6.089e+4,6.089e+4,,
940.7,5.264e+4,5.264e+4,,
940.75,4.525e+4,4.525e+4,,
940.8,3.868e+4,3.868e+4,,
940.85,3.287e+4,3.287e+4,,
940.9,2.778e+4,2.778e+4,,
940.95,2.335e+4,2.335e+4,,
941,1.951e+4,1.951e+4,,
941.05,1.621e+4,1.621e+4,,
941.1,1.339e+4,1.339e+4,,
941.15,1.100e+4,1.100e+4,,
941.2,8.986e+3,8.986e+3,,
941.25,7.299e+3,7.299e+3,,
941.3,5.895e+3,5.895e+3,,
941.35,4.734e+3,4.734e+3,,
941.4,3.781e+3,3.781e+3,,
941.45,3.002e+3,3.002e+3,,
941.5,2.370e+3,2.370e+3,,
941.55,1.861e+3,1.861e+3,,
941.6,1.453e+3,1.453e+3,,
941.66,1.071e+3,1.071e+3,,
941.71,8.259e+2,8.259e+2,,
941.76,6.332e+2,6.332e+2,,
941.81,4.827e+2,4.827e+2,,
941.86,3.659e+2,3.659e+2,,
941.91,2.758e+2,2.758e+2,,
941.96,2.067e+2,2.067e+2,,
942.01,1.540e+2,1.540e+2,,
942.06,1.141e+2,1.141e+2,,
942.11,8.410e+1,8.410e+1,,
942.16,6.161e+1,6.161e+1,,
942.21,4.489e+1,4.489e+1,,
942.26,3.252e+1,3.252e+1,,
942.31,2.342e+1,2.342e+1,,
942.36,1.678e+1,1.678e+1,,
942.41,1.195e+1,1.195e+1,,
942.46,8.461e+0,8.461e+0,,
942.51,5.958e+0,5.958e+0,,
942.56,4.172e+0,4.172e+0,,
942.61,2.905e+0,2.905e+0,,
942.66,2.011e+0,2.011e+0,,
942.71,1.384e+0,1.384e+0,,
942.76,9.476e-1,9.476e-1,,
942.81,6.450e-1,6.450e-1,,
942.86,4.365e-1,4.365e-1,,
942.91,2.937e-1,2.937e-1,,
942.96,1.966e-1,1.966e-1,,
943.01,1.308e-1,1.308e-1,,
943.06,8.654e-2,8.654e-2,,
943.11,5.693e-2,5.693e-2,,
943.16,3.724e-2,3.724e-2,,
943.21,2.423e-2,2.423e-2,,
943.26,1.567e-2,1.567e-2,,
943.31,1.008e-2,1.008e-2,,
943.36,6.444e-3,6.444e-3,,
943.41,4.098e-3,4.098e-3,,
943.46,2.591e-3,2.591e-3,,
943.51,1.629e-3,1.629e-3,,
943.56,1.019e-3,1.019e-3,,
943.61,6.332e-4,6.332e-4,,
943.66,3.915e-4,3.915e-4,,
943.71,2.408e-4,2.408e-4,,
943.76,1.474e-4,1.474e-4,,
943.81,8.999e-5,8.999e-5,,
943.86,5.509e-5,5.509e-5,,
943.91,3.431e-5,3.431e-5,,
943.96,2.256e-5,2.256e-5,,
944.01,1.688e-5,1.688e-5,,
944.06,1.581e-5,1.581e-5,,
944.11,1.904e-5,1.904e-5,,
944.16,2.731e-5,2.731e-5,,
944.21,4.261e-5,4.261e-5,,
944.26,6.853e-5,6.853e-5,,
944.31,1.111e-4,1.111e-4,,
944.36,1.800e-4,1.800e-4,,
944.41,2.904e-4,2.904e-4,,
944.46,4.663e-4,4.663e-4,,
944.51,7.447e-4,7.447e-4,,
944.56,1.183e-3,1.183e-3,,
944.61,1.868e-3,1.868e-3,,
944.66,2.935e-3,2.935e-3,,
944.71,4.585e-3,4.585e-3,,
944.76,7.124e-3,7.124e-3,,
944.81,1.101e-2,1.101e-2,,
944.86,1.691e-2,1.691e-2,,
944.91,2.583e-2,2.583e-2,,
944.96,3.925e-2,3.925e-2,,
945.01,5.931e-2,5.931e-2,,
945.06,8.912e-2,8.912e-2,,
945.11,1.332e-1,1.332e-1,,
945.16,1.979e-1,1.979e-1,,
945.21,2.925e-1,2.925e-1,,
945.26,4.298e-1,4.298e-1,,
945.31,6.281e-1,6.281e-1,,
945.36,9.129e-1,9.129e-1,,
945.41,1.319e+0,1.319e+0,,
945.46,1.896e+0,1.896e+0,,
945.51,2.711e+0,2.711e+0,,
945.56,3.853e+0,3.853e+0,,
945.61,5.446e+0,5.446e+0,,
945.66,7.656e+0,7.656e+0,,
945.71,1.070e+1,1.070e+1,,
945.76,1.488e+1,1.488e+1,,
945.81,2.057e+1,2.057e+1,,
945.86,2.828e+1,2.828e+1,,
945.91,3.866e+1,3.866e+1,,
945.96,5.257e+1,5.257e+1,,
946.01,7.108e+1,7.108e+1,,
946.06,9.557e+1,9.557e+1,,
946.11,1.278e+2,1.278e+2,,
946.16,1.699e+2,1.699e+2,,
946.21,2.247e+2,2.247e+2,,
946.26,2.955e+2,2.955e+2,,
946.31,3.865e+2,3.865e+2,,
946.36,5.026e+2,5.026e+2,,
946.41,6.500e+2,6.500e+2,,
946.46,8.360e+2,8.360e+2,,
946.51,1.069e+3,1.069e+3,,
946.56,1.360e+3,1.360e+3,,
946.61,1.720e+3,1.720e+3,,
946.66,2.164e+3,2.164e+3,,
946.71,2.707e+3,2.707e+3,,
946.76,3.368e+3,3.368e+3,,
946.81,4.166e+3,4.166e+3,,
946.86,5.125e+3,5.125e+3,,
946.91,6.271e+3,6.271e+3,,
946.96,7.629e+3,7.629e+3,,
947.01,9.231e+3,9.231e+3,,
947.06,1.111e+4,1.111e+4,,
947.11,1.329e+4,1.329e+4,,
947.16,1.581e+4,1.581e+4,,
947.21,1.871e+4,1.871e+4,,
947.26,2.202e+4,2.202e+4,,
947.31,2.577e+4,2.577e+4,,
947.36,2.999e+4,2.999e+4,,
947.41,3.471e+4,3.471e+4,,
947.46,3.994e+4,3.994e+4,,
947.51,4.572e+4,4.572e+4,,
947.56,5.203e+4,5.203e+4,,
947.61,5.890e+4,5.890e+4,,
947.66,6.630e+4,6.630e+4,,
947.71,7.421e+4,7.421e+4,,
947.76,8.261e+4,8.261e+4,,
947.81,9.145e+4,9.145e+4,,
947.86,1.007e+5,1.007e+5,,
947.91,1.102e+5,1.102e+5,,
947.96,1.200e+5,1.200e+5,,
948.01,1.299e+5,1.299e+5,,
948.06,1.399e+5,1.399e+5,,
948.11,1.498e+5,1.498e+5,,
948.16,1.595e+5,1.595e+5,,
948.21,1.689e+5,1.689e+5,,
948.26,1.778e+5,1.778e+5,,
948.31,1.862e+5,1.862e+5,,
948.36,1.939e+5,1.939e+5,,
948.41,2.008e+5,2.008e+5,,
948.46,2.068e+5,2.068e+5,,
948.51,2.118e+5,2.118e+5,,
948.56,2.157e+5,2.157e+5,,
948.61,2.185e+5,2.185e+5,,
948.66,2.201e+5,2.201e+5,,
948.71,2.205e+5,2.205e+5,,
948.76,2.196e+5,2.196e+5,,
948.81,2.175e+5,2.175e+5,,
948.86,2.143e+5,2.143e+5,,
948.91,2.100e+5,2.100e+5,,
948.96,2.045e+5,2.045e+5,,
949.01,1.982e+5,1.982e+5,,
949.06,1.909e+5,1.909e+5,,
949.11,1.829e+5,1.829e+5,,
949.16,1.743e+5,1.743e+5,,
949.21,1.652e+5,1.652e+5,,
949.26,1.556e+5,1.556e+5,,
949.31,1.458e+5,1.458e+5,,
949.36,1.359e+5,1.359e+5,,
949.41,1.259e+5,1.259e+5,,
949.46,1.161e+5,1.161e+5,,
949.51,1.064e+5,1.064e+5,,
949.56,9.694e+4,9.694e+4,,
949.61,8.786e+4,8.786e+4,,
949.66,7.919e+4,7.919e+4,,
949.71,7.098e+4,7.098e+4,,
949.76,6.327e+4,6.327e+4,,
949.81,5.609e+4,5.609e+4,,
949.86,4.944e+4,4.944e+4,,
949.91,4.334e+4,4.334e+4,,
949.96,3.779e+4,3.779e+4,,
950.01,3.276e+4,3.276e+4,,
950.06,2.824e+4,2.824e+4,,
950.11,2.421e+4,2.421e+4,,
950.16,2.065e+4,2.065e+4,,
950.21,1.751e+4,1.751e+4,,
950.26,1.476e+4,1.476e+4,,
950.31,1.238e+4,1.238e+4,,
950.36,1.032e+4,1.032e+4,,
950.41,8.559e+3,8.559e+3,,
950.46,7.058e+3,7.058e+3,,
950.51,5.788e+3,5.788e+3,,
950.56,4.721e+3,4.721e+3,,
950.61,3.829e+3,3.829e+3,,
950.66,3.088e+3,3.088e+3,,
950.71,2.477e+3,2.477e+3,,
950.76,1.976e+3,1.976e+3,,
950.81,1.567e+3,1.567e+3,,
950.86,1.236e+3,1.236e+3,,
950.91,9.697e+2,9.697e+2,,
950.96,7.565e+2,7.565e+2,,
951.01,5.869e+2,5.869e+2,,
951.06,4.528e+2,4.528e+2,,
951.11,3.474e+2,3.474e+2,,
951.16,2.650e+2,2.650e+2,,
951.21,2.011e+2,2.011e+2,,
951.26,1.517e+2,1.517e+2,,
951.31,1.138e+2,1.138e+2,,
951.36,8.495e+1,8.495e+1,,
951.41,6.304e+1,6.304e+1,,
951.46,4.652e+1,4.652e+1,,
951.51,3.414e+1,3.414e+1,,
951.56,2.491e+1,2.491e+1,,
951.61,1.808e+1,1.808e+1,,
951.66,1.305e+1,1.305e+1,,
951.71,9.366e+0,9.366e+0,,
951.76,6.685e+0,6.685e+0,,
951.81,4.745e+0,4.745e+0,,
951.86,3.350e+0,3.350e+0,,
951.91,2.351e+0,2.351e+0,,
951.96,1.641e+0,1.641e+0,,
952.01,1.139e+0,1.139e+0,,
952.06,7.866e-1,7.866e-1,,
952.11,5.400e-1,5.400e-1,,
952.16,3.687e-1,3.687e-1,,
952.21,2.503e-1,2.503e-1,,
952.26,1.690e-1,1.690e-1,,
952.31,1.135e-1,1.135e-1,,
952.36,7.578e-2,7.578e-2,,
952.41,5.032e-2,5.032e-2,,
952.46,3.323e-2,3.323e-2,,
952.51,2.182e-2,2.182e-2,,
952.56,1.425e-2,1.425e-2,,
952.61,9.254e-3,9.254e-3,,
952.66,5.977e-3,5.977e-3,,
952.71,3.839e-3,3.839e-3,,
952.76,2.452e-3,2.452e-3,,
952.81,1.557e-3,1.557e-3,,
952.86,9.836e-4,9.836e-4,,
952.91,6.178e-4,6.178e-4,,
952.96,3.859e-4,3.859e-4,,
953.01,2.398e-4,2.398e-4,,
953.06,1.481e-4,1.481e-4,,
953.11,9.102e-5,9.102e-5,,
953.16,5.564e-5,5.564e-5,,
953.21,3.386e-5,3.386e-5,,
953.26,2.056e-5,2.056e-5,,
953.31,1.253e-5,1.253e-5,,
953.36,7.795e-6,7.795e-6,,
953.41,5.170e-6,5.170e-6,,
953.46,3.989e-6,3.989e-6,,
953.51,3.951e-6,3.951e-6,,
953.56,5.063e-6,5.063e-6,,
953.61,7.635e-6,7.635e-6,,
953.66,1.236e-5,1.236e-5,,
953.71,2.051e-5,2.051e-5,,
953.76,3.419e-5,3.419e-5,,
953.81,5.690e-5,5.690e-5,,
953.86,9.428e-5,9.428e-5,,
953.91,1.554e-4,1.554e-4,,
953.96,2.549e-4,2.549e-4,,
954.01,4.159e-4,4.159e-4,,
954.06,6.748e-4,6.748e-4,,
954.11,1.089e-3,1.089e-3,,
954.16,1.748e-3,1.748e-3,,
954.21,2.789e-3,2.789e-3,,
954.26,4.428e-3,4.428e-3,,
954.31,6.993e-3,6.993e-3,,
954.36,1.098e-2,1.098e-2,,
954.41,1.715e-2,1.715e-2,,
954.46,2.665e-2,2.665e-2,,
954.51,4.117e-2,4.117e-2,,
954.56,6.327e-2,6.327e-2,,
954.61,9.670e-2,9.670e-2,,
954.66,1.470e-1,1.470e-1,,
954.71,2.222e-1,2.222e-1,,
954.76,3.342e-1,3.342e-1,,
954.81,4.998e-1,4.998e-1,,
954.86,7.435e-1,7.435e-1,,
954.91,1.100e+0,1.100e+0,,
954.96,1.619e+0,1.619e+0,,
955.01,2.369e+0,2.369e+0,,
955.06,3.449e+0,3.449e+0,,
955.11,4.994e+0,4.994e+0,,
955.16,7.192e+0,7.192e+0,,
955.21,1.030e+1,1.030e+1,,
955.26,1.468e+1,1.468e+1,,
955.31,2.080e+1,2.080e+1,,
955.36,2.931e+1,2.931e+1,,
955.41,4.109e+1,4.109e+1,,
955.46,5.729e+1,5.729e+1,,
955.51,7.945e+1,7.945e+1,,
955.56,1.096e+2,1.096e+2,,
955.61,1.504e+2,1.504e+2,,
955.66,2.052e+2,2.052e+2,,
955.71,2.786e+2,2.786e+2,,
955.76,3.762e+2,3.762e+2,,
955.81,5.054e+2,5.054e+2,,
955.86,6.752e+2,6.752e+2,,
955.91,8.973e+2,8.973e+2,,
955.96,1.186e+3,1.186e+3,,
956.01,1.560e+3,1.560e+3,,
956.06,2.041e+3,2.041e+3,,
956.11,2.656e+3,2.656e+3,,
956.16,3.438e+3,3.438e+3,,
956.21,4.427e+3,4.427e+3,,
956.26,5.672e+3,5.672e+3,,
956.31,7.229e+3,7.229e+3,,
956.36,9.166e+3,9.166e+3,,
956.41,1.156e+4,1.156e+4,,
956.46,1.451e+4,1.451e+4,,
956.51,1.812e+4,1.812e+4,,
956.56,2.251e+4,2.251e+4,,
956.61,2.783e+4,2.783e+4,,
956.66,3.423e+4,3.423e+4,,
956.71,4.190e+4,4.190e+4,,
956.76,5.103e+4,5.103e+4,,
956.81,6.184e+4,6.184e+4,,
956.86,7.458e+4,7.458e+4,,
956.91,8.951e+4,8.951e+4,,
956.96,1.069e+5,1.069e+5,,
957.01,1.271e+5,1.271e+5,,
957.06,1.504e+5,1.504e+5,,
957.11,1.771e+5,1.771e+5,,
957.16,2.077e+5,2.077e+5,,
957.21,2.424e+5,2.424e+5,,
957.26,2.815e+5,2.815e+5,,
957.31,3.256e+5,3.256e+5,,
957.36,3.749e+5,3.749e+5,,
957.41,4.299e+5,4.299e+5,,
957.46,4.907e+5,4.907e+5,,
957.51,5.577e+5,5.577e+5,,
957.56,6.313e+5,6.313e+5,,
957.61,7.115e+5,7.115e+5,,
957.66,7.987e+5,7.987e+5,,
957.71,8.928e+5,8.928e+5,,
957.76,9.941e+5,9.941e+5,,
957.81,1.102e+6,1.102e+6,,
957.86,1.218e+6,1.218e+6,,
957.91,1.340e+6,1.340e+6,,
957.96,1.468e+6,1.468e+6,,
958.01,1.603e+6,1.603e+6,,
958.06,1.743e+6,1.743e+6,,
958.11,1.889e+6,1.889e+6,,
958.16,2.038e+6,2.038e+6,,
958.21,2.191e+6,2.191e+6,,
958.26,2.347e+6,2.347e+6,,
958.31,2.504e+6,2.504e+6,,
958.36,2.661e+6,2.661e+6,,
958.41,2.817e+6,2.817e+6,,
958.46,2.971e+6,2.971e+6,,
958.51,3.122e+6,3.122e+6,,
958.56,3.266e+6,3.266e+6,,
958.61,3.404e+6,3.404e+6,,
958.66,3.534e+6,3.534e+6,,
958.71,3.654e+6,3.654e+6,,
958.76,3.763e+6,3.763e+6,,
958.81,3.859e+6,3.859e+6,,
958.86,3.940e+6,3.940e+6,,
958.91,4.007e+6,4.007e+6,,
958.96,4.058e+6,4.058e+6,,
959.01,4.091e+6,4.091e+6,,
959.06,4.107e+6,4.107e+6,,
959.11,4.104e+6,4.104e+6,,
959.16,4.084e+6,4.084e+6,,
959.21,4.045e+6,4.045e+6,,
959.26,3.988e+6,3.988e+6,,
959.31,3.914e+6,3.914e+6,,
959.36,3.823e+6,3.823e+6,,
959.41,3.718e+6,3.718e+6,,
959.46,3.598e+6,3.598e+6,,
959.51,3.465e+6,3.465e+6,,
959.56,3.321e+6,3.321e+6,,
959.61,3.167e+6,3.167e+6,,
959.66,3.006e+6,3.006e+6,,
959.71,2.839e+6,2.839e+6,,
959.76,2.669e+6,2.669e+6,,
959.81,2.495e+6,2.495e+6,,
959.86,2.322e+6,2.322e+6,,
959.91,2.149e+6,2.149e+6,,
959.96,1.980e+6,1.980e+6,,
960.01,1.814e+6,1.814e+6,,
960.06,1.654e+6,1.654e+6,,
960.11,1.500e+6,1.500e+6,,
960.16,1.354e+6,1.354e+6,,
960.21,1.215e+6,1.215e+6,,
960.26,1.085e+6,1.085e+6,,
960.31,9.640e+5,9.640e+5,,
960.36,8.519e+5,8.519e+5,,
960.41,7.489e+5,7.489e+5,,
960.46,6.549e+5,6.549e+5,,
960.51,5.697e+5,5.697e+5,,
960.56,4.930e+5,4.930e+5,,
960.61,4.244e+5,4.244e+5,,
960.66,3.635e+5,3.635e+5,,
960.71,3.097e+5,3.097e+5,,
960.76,2.625e+5,2.625e+5,,
960.81,2.214e+5,2.214e+5,,
960.86,1.858e+5,1.858e+5,,
960.91,1.552e+5,1.552e+5,,
960.96,1.292e+5,1.292e+5,,
961.01,1.071e+5,1.071e+5,,
961.06,8.858e+4,8.858e+4,,
961.11,7.319e+4,7.319e+4,,
961.16,6.055e+4,6.055e+4,,
961.21,5.031e+4,5.031e+4,,
961.26,4.218e+4,4.218e+4,,
961.31,3.589e+4,3.589e+4,,
961.36,3.122e+4,3.122e+4,,
961.41,2.799e+4,2.799e+4,,
961.46,2.603e+4,2.603e+4,,
961.51,2.522e+4,2.522e+4,,
961.56,2.548e+4,2.548e+4,,
961.61,2.673e+4,2.673e+4,,
961.66,2.892e+4,2.892e+4,,
961.71,3.202e+4,3.202e+4,,
961.76,3.602e+4,3.602e+4,,
961.81,4.091e+4,4.091e+4,,
961.86,4.669e+4,4.669e+4,,
961.91,5.337e+4,5.337e+4,,
961.96,6.096e+4,6.096e+4,,
962.01,6.947e+4,6.947e+4,,
962.06,7.890e+4,7.890e+4,,
962.11,8.925e+4,8.925e+4,,
962.16,1.005e+5,1.005e+5,,
962.21,1.126e+5,1.126e+5,,
962.26,1.255e+5,1.255e+5,,
962.31,1.392e+5,1.392e+5,,
962.36,1.536e+5,1.536e+5,,
962.41,1.686e+5,1.686e+5,,
962.46,1.841e+5,1.841e+5,,
962.51,1.999e+5,1.999e+5,,
962.56,2.159e+5,2.159e+5,,
962.61,2.319e+5,2.319e+5,,
962.66,2.478e+5,2.478e+5,,
962.71,2.633e+5,2.633e+5,,
962.76,2.784e+5,2.784e+5,,
962.81,2.927e+5,2.927e+5,,
962.86,3.061e+5,3.061e+5,,
962.91,3.183e+5,3.183e+5,,
962.96,3.293e+5,3.293e+5,,
963.01,3.389e+5,3.389e+5,,
963.06,3.468e+5,3.468e+5,,
963.11,3.530e+5,3.530e+5,,
963.16,3.574e+5,3.574e+5,,
963.21,3.599e+5,3.599e+5,,
963.26,3.605e+5,3.605e+5,,
963.31,3.592e+5,3.592e+5,,
963.36,3.559e+5,3.559e+5,,
963.41,3.508e+5,3.508e+5,,
963.46,3.438e+5,3.438e+5,,
963.51,3.352e+5,3.352e+5,,
963.56,3.251e+5,3.251e+5,,
963.61,3.136e+5,3.136e+5,,
963.66,3.008e+5,3.008e+5,,
963.71,2.870e+5,2.870e+5,,
963.76,2.724e+5,2.724e+5,,
963.81,2.572e+5,2.572e+5,,
963.86,2.414e+5,2.414e+5,,
963.91,2.255e+5,2.255e+5,,
963.96,2.094e+5,2.094e+5,,
964.01,1.935e+5,1.935e+5,,
964.06,1.778e+5,1.778e+5,,
964.11,1.625e+5,1.625e+5,,
964.16,1.477e+5,1.477e+5,,
964.21,1.335e+5,1.335e+5,,
964.26,1.201e+5,1.201e+5,,
964.31,1.074e+5,1.074e+5,,
964.36,9.556e+4,9.556e+4,,
964.41,8.456e+4,8.456e+4,,
964.46,7.442e+4,7.442e+4,,
964.51,6.515e+4,6.515e+4,,
964.56,5.672e+4,5.672e+4,,
964.61,4.912e+4,4.912e+4,,
964.66,4.231e+4,4.231e+4,,
964.71,3.625e+4,3.625e+4,,
964.76,3.089e+4,3.089e+4,,
964.81,2.618e+4,2.618e+4,,
964.86,2.207e+4,2.207e+4,,
964.91,1.850e+4,1.850e+4,,
964.96,1.543e+4,1.543e+4,,
965.01,1.280e+4,1.280e+4,,
965.06,1.056e+4,1.056e+4,,
965.11,8.663e+3,8.663e+3,,
965.16,7.070e+3,7.070e+3,,
965.21,5.739e+3,5.739e+3,,
965.26,4.634e+3,4.634e+3,,
965.31,3.721e+3,3.721e+3,,
965.36,2.972e+3,2.972e+3,,
965.41,2.362e+3,2.362e+3,,
965.46,1.866e+3,1.866e+3,,
965.51,1.467e+3,1.467e+3,,
965.56,1.146e+3,1.146e+3,,
965.61,8.914e+2,8.914e+2,,
965.66,6.893e+2,6.893e+2,,
965.71,5.302e+2,5.302e+2,,
965.76,4.056e+2,4.056e+2,,
965.81,3.087e+2,3.087e+2,,
965.86,2.336e+2,2.336e+2,,
965.91,1.759e+2,1.759e+2,,
965.96,1.317e+2,1.317e+2,,
966.01,9.806e+1,9.806e+1,,
966.06,7.264e+1,7.264e+1,,
966.11,5.352e+1,5.352e+1,,
966.16,3.923e+1,3.923e+1,,
966.21,2.861e+1,2.861e+1,,
966.26,2.076e+1,2.076e+1,,
966.31,1.501e+1,1.501e+1,,
966.36,1.083e+1,1.083e+1,,
966.41,7.813e+0,7.813e+0,,
966.46,5.679e+0,5.679e+0,,
966.51,4.211e+0,4.211e+0,,
966.56,3.257e+0,3.257e+0,,
966.61,2.718e+0,2.718e+0,,
966.66,2.539e+0,2.539e+0,,
966.71,2.705e+0,2.705e+0,,
966.76,3.238e+0,3.238e+0,,
966.81,4.205e+0,4.205e+0,,
966.86,5.718e+0,5.718e+0,,
966.91,7.951e+0,7.951e+0,,
966.96,1.115e+1,1.115e+1,,
967.01,1.566e+1,1.566e+1,,
967.06,2.195e+1,2.195e+1,,
967.11,3.064e+1,3.064e+1,,
967.16,4.259e+1,4.259e+1,,
967.21,5.890e+1,5.890e+1,,
967.26,8.103e+1,8.103e+1,,
967.31,1.109e+2,1.109e+2,,
967.36,1.510e+2,1.510e+2,,
967.41,2.045e+2,2.045e+2,,
967.46,2.755e+2,2.755e+2,,
967.51,3.691e+2,3.691e+2,,
967.56,4.920e+2,4.920e+2,,
967.61,6.523e+2,6.523e+2,,
967.66,8.602e+2,8.602e+2,,
967.71,1.128e+3,1.128e+3,,
967.76,1.473e+3,1.473e+3,,
967.81,1.911e+3,1.911e+3,,
967.86,2.468e+3,2.468e+3,,
967.91,3.169e+3,3.169e+3,,
967.96,4.048e+3,4.048e+3,,
968.01,5.144e+3,5.144e+3,,
968.06,6.502e+3,6.502e+3,,
968.11,8.174e+3,8.174e+3,,
968.16,1.022e+4,1.022e+4,,
968.21,1.272e+4,1.272e+4,,
968.26,1.573e+4,1.573e+4,,
968.31,1.937e+4,1.937e+4,,
968.36,2.371e+4,2.371e+4,,
968.41,2.887e+4,2.887e+4,,
968.46,3.498e+4,3.498e+4,,
968.51,4.215e+4,4.215e+4,,
968.56,5.051e+4,5.051e+4,,
968.61,6.022e+4,6.022e+4,,
968.66,7.142e+4,7.142e+4,,
968.71,8.424e+4,8.424e+4,,
968.76,9.885e+4,9.885e+4,,
968.81,1.154e+5,1.154e+5,,
968.86,1.339e+5,1.339e+5,,
968.91,1.547e+5,1.547e+5,,
968.96,1.777e+5,1.777e+5,,
969.01,2.030e+5,2.030e+5,,
969.06,2.307e+5,2.307e+5,,
969.11,2.609e+5,2.609e+5,,
969.16,2.934e+5,2.934e+5,,
969.21,3.281e+5,3.281e+5,,
969.26,3.651e+5,3.651e+5,,
969.31,4.041e+5,4.041e+5,,
969.36,4.449e+5,4.449e+5,,
969.41,4.872e+5,4.872e+5,,
969.46,5.307e+5,5.307e+5,,
969.51,5.750e+5,5.750e+5,,
969.56,6.197e+5,6.197e+5,,
969.61,6.643e+5,6.643e+5,,
969.66,7.084e+5,7.084e+5,,
969.71,7.515e+5,7.515e+5,,
969.76,7.929e+5,7.929e+5,,
969.81,8.321e+5,8.321e+5,,
969.86,8.687e+5,8.687e+5,,
969.91,9.021e+5,9.021e+5,,
969.96,9.318e+5,9.318e+5,,
970.01,9.574e+5,9.574e+5,,
970.06,9.785e+5,9.785e+5,,
970.11,9.947e+5,9.947e+5,,
970.16,1.006e+6,1.006e+6,,
970.21,1.012e+6,1.012e+6,,
970.26,1.012e+6,1.012e+6,,
970.31,1.007e+6,1.007e+6,,
970.36,9.974e+5,9.974e+5,,
970.41,9.821e+5,9.821e+5,,
970.46,9.620e+5,9.620e+5,,
970.51,9.373e+5,9.373e+5,,
970.56,9.084e+5,9.084e+5,,
970.61,8.757e+5,8.757e+5,,
970.66,8.397e+5,8.397e+5,,
970.71,8.009e+5,8.009e+5,,
970.76,7.599e+5,7.599e+5,,
970.81,7.171e+5,7.171e+5,,
970.86,6.732e+5,6.732e+5,,
970.91,6.286e+5,6.286e+5,,
970.96,5.839e+5,5.839e+5,,
971.01,5.395e+5,5.395e+5,,
971.06,4.958e+5,4.958e+5,,
971.11,4.532e+5,4.532e+5,,
971.16,4.121e+5,4.121e+5,,
971.21,3.728e+5,3.728e+5,,
971.26,3.354e+5,3.354e+5,,
971.31,3.001e+5,3.001e+5,,
971.36,2.672e+5,2.672e+5,,
971.41,2.366e+5,2.366e+5,,
971.46,2.084e+5,2.084e+5,,
971.51,1.826e+5,1.826e+5,,
971.56,1.591e+5,1.591e+5,,
971.61,1.379e+5,1.379e+5,,
971.66,1.189e+5,1.189e+5,,
971.71,1.020e+5,1.020e+5,,
971.76,8.702e+4,8.702e+4,,
971.81,7.385e+4,7.385e+4,,
971.86,6.234e+4,6.234e+4,,
971.91,5.234e+4,5.234e+4,,
971.96,4.372e+4,4.372e+4,,
972.01,3.632e+4,3.632e+4,,
972.06,3.002e+4,3.002e+4,,
972.11,2.467e+4,2.467e+4,,
972.16,2.017e+4,2.017e+4,,
972.21,1.641e+4,1.641e+4,,
972.26,1.328e+4,1.328e+4,,
972.31,1.068e+4,1.068e+4,,
972.36,8.552e+3,8.552e+3,,
972.41,6.809e+3,6.809e+3,,
972.46,5.393e+3,5.393e+3,,
972.51,4.249e+3,4.249e+3,,
972.57,3.169e+3,3.169e+3,,
972.62,2.468e+3,2.468e+3,,
972.67,1.911e+3,1.911e+3,,
972.72,1.473e+3,1.473e+3,,
972.77,1.128e+3,1.128e+3,,
972.82,8.602e+2,8.602e+2,,
972.87,6.523e+2,6.523e+2,,
972.92,4.920e+2,4.920e+2,,
972.97,3.691e+2,3.691e+2,,
973.02,2.755e+2,2.755e+2,,
973.07,2.045e+2,2.045e+2,,
973.12,1.510e+2,1.510e+2,,
973.17,1.109e+2,1.109e+2,,
973.22,8.102e+1,8.102e+1,,
973.27,5.888e+1,5.888e+1,,
973.32,4.256e+1,4.256e+1,,
973.37,3.060e+1,3.060e+1,,
973.42,2.189e+1,2.189e+1,,
973.47,1.557e+1,1.557e+1,,
973.52,1.102e+1,1.102e+1,,
973.57,7.758e+0,7.758e+0,,
973.62,5.432e+0,5.432e+0,,
973.67,3.783e+0,3.783e+0,,
973.72,2.621e+0,2.621e+0,,
973.77,1.806e+0,1.806e+0,,
973.82,1.238e+0,1.238e+0,,
973.87,8.442e-1,8.442e-1,,
973.92,5.726e-1,5.726e-1,,
973.97,3.863e-1,3.863e-1,,
974.02,2.592e-1,2.592e-1,,
974.07,1.730e-1,1.730e-1,,
974.12,1.149e-1,1.149e-1,,
974.17,7.588e-2,7.588e-2,,
974.22,4.985e-2,4.985e-2,,
974.27,3.258e-2,3.258e-2,,
974.32,2.117e-2,2.117e-2,,
974.37,1.369e-2,1.369e-2,,
974.42,8.805e-3,8.805e-3,,
974.47,5.633e-3,5.633e-3,,
974.52,3.585e-3,3.585e-3,,
974.57,2.269e-3,2.269e-3,,
974.62,1.429e-3,1.429e-3,,
974.67,8.948e-4,8.948e-4,,
974.72,5.574e-4,5.574e-4,,
974.77,3.454e-4,3.454e-4,,
974.82,2.129e-4,2.129e-4,,
974.87,1.305e-4,1.305e-4,,
974.92,7.962e-5,7.962e-5,,
974.97,4.830e-5,4.830e-5,,
975.02,2.915e-5,2.915e-5,,
975.07,1.749e-5,1.749e-5,,
975.12,1.045e-5,1.045e-5,,
975.17,6.204e-6,6.204e-6,,
975.22,3.665e-6,3.665e-6,,
975.27,2.153e-6,2.153e-6,,
975.32,1.259e-6,1.259e-6,,
975.37,7.318e-7,7.318e-7,,
975.42,4.233e-7,4.233e-7,,
975.47,2.435e-7,2.435e-7,,
975.52,1.393e-7,1.393e-7,,
975.57,7.930e-8,7.930e-8,,
975.62,4.490e-8,4.490e-8,,
975.67,2.529e-8,2.529e-8,,
975.72,1.417e-8,1.417e-8,,
975.77,7.893e-9,7.893e-9,,
975.82,4.375e-9,4.375e-9,,
975.87,2.412e-9,2.412e-9,,
975.92,1.323e-9,1.323e-9,,
975.97,7.216e-10,7.216e-10,,
976.02,3.916e-10,3.916e-10,,
976.07,2.114e-10,2.114e-10,,
981.67,3.563e-10,3.563e-10,,
981.72,6.528e-10,6.528e-10,,
981.77,1.190e-9,1.190e-9,,
981.82,2.158e-9,2.158e-9,,
981.87,3.893e-9,3.893e-9,,
981.92,6.987e-9,6.987e-9,,
981.97,1.248e-8,1.248e-8,,
982.02,2.216e-8,2.216e-8,,
982.07,3.917e-8,3.917e-8,,
982.12,6.888e-8,6.888e-8,,
982.17,1.205e-7,1.205e-7,,
982.22,2.097e-7,2.097e-7,,
982.27,3.632e-7,3.632e-7,,
982.32,6.257e-7,6.257e-7,,
982.37,1.072e-6,1.072e-6,,
982.42,1.828e-6,1.828e-6,,
982.47,3.102e-6,3.102e-6,,
982.52,5.235e-6,5.235e-6,,
982.57,8.791e-6,8.791e-6,,
982.62,1.469e-5,1.469e-5,,
982.67,2.441e-5,2.441e-5,,
982.72,4.036e-5,4.036e-5,,
982.77,6.639e-5,6.639e-5,,
982.82,1.087e-4,1.087e-4,,
982.87,1.769e-4,1.769e-4,,
982.92,2.866e-4,2.866e-4,,
982.97,4.619e-4,4.619e-4,,
983.02,7.406e-4,7.406e-4,,
983.07,1.181e-3,1.181e-3,,
983.12,1.875e-3,1.875e-3,,
983.17,2.961e-3,2.961e-3,,
983.22,4.651e-3,4.651e-3,,
983.27,7.268e-3,7.268e-3,,
983.32,1.130e-2,1.130e-2,,
983.37,1.748e-2,1.748e-2,,
983.42,2.690e-2,2.690e-2,,
983.47,4.119e-2,4.119e-2,,
983.52,6.275e-2,6.275e-2,,
983.57,9.510e-2,9.510e-2,,
983.62,1.434e-1,1.434e-1,,
983.67,2.151e-1,2.151e-1,,
983.72,3.210e-1,3.210e-1,,
983.77,4.766e-1,4.766e-1,,
983.82,7.040e-1,7.040e-1,,
983.87,1.035e+0,1.035e+0,,
983.92,1.513e+0,1.513e+0,,
983.97,2.200e+0,2.200e+0,,
984.02,3.184e+0,3.184e+0,,
984.07,4.585e+0,4.585e+0,,
984.12,6.567e+0,6.567e+0,,
984.17,9.359e+0,9.359e+0,,
984.22,1.327e+1,1.327e+1,,
984.27,1.872e+1,1.872e+1,,
984.32,2.627e+1,2.627e+1,,
984.37,3.667e+1,3.667e+1,,
984.42,5.094e+1,5.094e+1,,
984.47,7.039e+1,7.039e+1,,
984.52,9.678e+1,9.678e+1,,
984.57,1.324e+2,1.324e+2,,
984.62,1.801e+2,1.801e+2,,
984.67,2.439e+2,2.439e+2,,
984.72,3.285e+2,3.285e+2,,
984.77,4.402e+2,4.402e+2,,
984.82,5.869e+2,5.869e+2,,
984.87,7.784e+2,7.784e+2,,
984.92,1.027e+3,1.027e+3,,
984.97,1.349e+3,1.349e+3,,
985.02,1.762e+3,1.762e+3,,
985.07,2.289e+3,2.289e+3,,
985.12,2.959e+3,2.959e+3,,
985.17,3.806e+3,3.806e+3,,
985.22,4.871e+3,4.871e+3,,
985.27,6.201e+3,6.201e+3,,
985.32,7.854e+3,7.854e+3,,
985.37,9.897e+3,9.897e+3,,
985.42,1.241e+4,1.241e+4,,
985.47,1.548e+4,1.548e+4,,
985.52,1.920e+4,1.920e+4,,
985.57,2.371e+4,2.371e+4,,
985.62,2.912e+4,2.912e+4,,
985.67,3.558e+4,3.558e+4,,
985.72,4.325e+4,4.325e+4,,
985.77,5.231e+4,5.231e+4,,
985.82,6.295e+4,6.295e+4,,
985.87,7.536e+4,7.536e+4,,
985.92,8.975e+4,8.975e+4,,
985.97,1.064e+5,1.064e+5,,
986.02,1.254e+5,1.254e+5,,
986.07,1.470e+5,1.470e+5,,
986.12,1.716e+5,1.716e+5,,
986.17,1.992e+5,1.992e+5,,
986.22,2.300e+5,2.300e+5,,
986.27,2.643e+5,2.643e+5,,
986.32,3.022e+5,3.022e+5,,
986.37,3.437e+5,3.437e+5,,
986.42,3.889e+5,3.889e+5,,
986.47,4.377e+5,4.377e+5,,
986.52,4.903e+5,4.903e+5,,
986.57,5.463e+5,5.463e+5,,
986.62,6.056e+5,6.056e+5,,
986.67,6.678e+5,6.678e+5,,
986.72,7.328e+5,7.328e+5,,
986.77,7.999e+5,7.999e+5,,
986.82,8.687e+5,8.687e+5,,
986.87,9.387e+5,9.387e+5,,
986.92,1.009e+6,1.009e+6,,
986.97,1.079e+6,1.079e+6,,
987.02,1.148e+6,1.148e+6,,
987.07,1.215e+6,1.215e+6,,
987.12,1.280e+6,1.280e+6,,
987.17,1.341e+6,1.341e+6,,
987.22,1.398e+6,1.398e+6,,
987.27,1.450e+6,1.450e+6,,
987.32,1.496e+6,1.496e+6,,
987.37,1.535e+6,1.535e+6,,
987.42,1.568e+6,1.568e+6,,
987.47,1.593e+6,1.593e+6,,
987.52,1.610e+6,1.610e+6,,
987.57,1.620e+6,1.620e+6,,
987.62,1.620e+6,1.620e+6,,
987.67,1.613e+6,1.613e+6,,
987.72,1.597e+6,1.597e+6,,
987.77,1.574e+6,1.574e+6,,
987.82,1.543e+6,1.543e+6,,
987.87,1.504e+6,1.504e+6,,
987.92,1.459e+6,1.459e+6,,
987.97,1.409e+6,1.409e+6,,
988.02,1.353e+6,1.353e+6,,
988.07,1.292e+6,1.292e+6,,
988.12,1.229e+6,1.229e+6,,
988.17,1.162e+6,1.162e+6,,
988.22,1.093e+6,1.093e+6,,
988.27,1.023e+6,1.023e+6,,
988.32,9.527e+5,9.527e+5,,
988.37,8.826e+5,8.826e+5,,
988.42,8.136e+5,8.136e+5,,
988.47,7.460e+5,7.460e+5,,
988.52,6.806e+5,6.806e+5,,
988.57,6.178e+5,6.178e+5,,
988.62,5.579e+5,5.579e+5,,
988.67,5.012e+5,5.012e+5,,
988.72,4.480e+5,4.480e+5,,
988.77,3.983e+5,3.983e+5,,
988.82,3.524e+5,3.524e+5,,
988.87,3.102e+5,3.102e+5,,
988.92,2.716e+5,2.716e+5,,
988.97,2.366e+5,2.366e+5,,
989.02,2.051e+5,2.051e+5,,
989.07,1.768e+5,1.768e+5,,
989.12,1.517e+5,1.517e+5,,
989.17,1.295e+5,1.295e+5,,
989.22,1.100e+5,1.100e+5,,
989.27,9.289e+4,9.289e+4,,
989.32,7.807e+4,7.807e+4,,
989.37,6.528e+4,6.528e+4,,
989.42,5.431e+4,5.431e+4,,
989.47,4.495e+4,4.495e+4,,
989.52,3.701e+4,3.701e+4,,
989.57,3.032e+4,3.032e+4,,
989.62,2.471e+4,2.471e+4,,
989.67,2.004e+4,2.004e+4,,
989.72,1.616e+4,1.616e+4,,
989.77,1.297e+4,1.297e+4,,
989.82,1.036e+4,1.036e+4,,
989.87,8.229e+3,8.229e+3,,
989.92,6.504e+3,6.504e+3,,
989.97,5.114e+3,5.114e+3,,
990.02,4.000e+3,4.000e+3,,
990.07,3.113e+3,3.113e+3,,
990.12,2.411e+3,2.411e+3,,
990.17,1.857e+3,1.857e+3,,
990.22,1.423e+3,1.423e+3,,
990.27,1.085e+3,1.085e+3,,
990.32,8.232e+2,8.232e+2,,
990.37,6.212e+2,6.212e+2,,
990.42,4.665e+2,4.665e+2,,
990.47,3.484e+2,3.484e+2,,
990.52,2.590e+2,2.590e+2,,
990.57,1.915e+2,1.915e+2,,
990.62,1.408e+2,1.408e+2,,
990.67,1.031e+2,1.031e+2,,
990.72,7.505e+1,7.505e+1,,
990.77,5.436e+1,5.436e+1,,
990.82,3.918e+1,3.918e+1,,
990.87,2.809e+1,2.809e+1,,
990.92,2.004e+1,2.004e+1,,
990.97,1.422e+1,1.422e+1,,
991.02,1.004e+1,1.004e+1,,
991.07,7.052e+0,7.052e+0,,
991.12,4.928e+0,4.928e+0,,
991.17,3.426e+0,3.426e+0,,
991.22,2.370e+0,2.370e+0,,
991.27,1.631e+0,1.631e+0,,
991.32,1.117e+0,1.117e+0,,
991.37,7.607e-1,7.607e-1,,
991.42,5.155e-1,5.155e-1,,
991.47,3.475e-1,3.475e-1,,
991.52,2.331e-1,2.331e-1,,
991.57,1.556e-1,1.556e-1,,
991.62,1.033e-1,1.033e-1,,
991.67,6.822e-2,6.822e-2,,
991.72,4.483e-2,4.483e-2,,
991.77,2.931e-2,2.931e-2,,
991.82,1.906e-2,1.906e-2,,
991.87,1.234e-2,1.234e-2,,
991.92,7.942e-3,7.942e-3,,
991.97,5.087e-3,5.087e-3,,
992.02,3.242e-3,3.242e-3,,
992.07,2.055e-3,2.055e-3,,
992.12,1.296e-3,1.296e-3,,
992.17,8.135e-4,8.135e-4,,
992.22,5.079e-4,5.079e-4,,
992.27,3.154e-4,3.154e-4,,
992.32,1.949e-4,1.949e-4,,
992.37,1.198e-4,1.198e-4,,
992.42,7.329e-5,7.329e-5,,
992.47,4.460e-5,4.460e-5,,
992.52,2.700e-5,2.700e-5,,
992.57,1.626e-5,1.626e-5,,
992.62,9.745e-6,9.745e-6,,
992.67,5.809e-6,5.809e-6,,
992.72,3.446e-6,3.446e-6,,
992.77,2.033e-6,2.033e-6,,
992.82,1.194e-6,1.194e-6,,
992.87,6.971e-7,6.971e-7,,
992.92,4.051e-7,4.051e-7,,
992.97,2.342e-7,2.342e-7,,
993.02,1.347e-7,1.347e-7,,
993.07,7.707e-8,7.707e-8,,
993.12,4.387e-8,4.387e-8,,
993.17,2.485e-8,2.485e-8,,
993.22,1.400e-8,1.400e-8,,
993.27,7.849e-9,7.849e-9,,
993.32,4.377e-9,4.377e-9,,
993.37,2.429e-9,2.429e-9,,
993.42,1.341e-9,1.341e-9,,
993.47,7.364e-10,7.364e-10,,
993.52,4.024e-10,4.024e-10,,