Wavelength (nm),Sum,Li I (2.0e-02),Li II (9.8e-01),Li III (1.7e-28)
206.92,2.561e-80,,,2.561e-80
206.97,7.828e-79,,,7.828e-79
207.02,1.288e-77,,,1.288e-77
207.07,1.891e-76,,,1.891e-76
207.12,2.481e-75,,,2.481e-75
207.17,2.907e-74,,,2.907e-74
207.22,3.041e-73,,,3.041e-73
207.27,2.841e-72,,,2.841e-72
207.32,2.371e-71,,,2.371e-71
207.37,1.767e-70,,,1.767e-70
207.42,1.176e-69,,,1.176e-69
207.47,6.986e-69,,,6.986e-69
207.52,3.708e-68,,,3.708e-68
207.57,1.757e-67,,,1.757e-67
207.62,7.434e-67,,,7.434e-67
207.67,2.809e-66,,,2.809e-66
207.72,9.474e-66,,,9.474e-66
207.77,2.853e-65,,,2.853e-65
207.82,7.670e-65,,,7.670e-65
207.87,1.841e-64,,,1.841e-64
207.92,3.942e-64,,,3.942e-64
207.97,7.536e-64,,,7.536e-64
208.02,1.286e-63,,,1.286e-63
208.07,1.957e-63,,,1.957e-63
208.12,2.659e-63,,,2.659e-63
208.17,3.223e-63,,,3.223e-63
208.22,3.486e-63,,,3.486e-63
208.27,3.363e-63,,,3.363e-63
208.32,2.895e-63,,,2.895e-63
208.37,2.222e-63,,,2.222e-63
208.42,1.522e-63,,,1.522e-63
208.47,9.295e-64,,,9.295e-64
208.52,5.063e-64,,,5.063e-64
208.57,2.460e-64,,,2.460e-64
208.62,1.066e-64,,,1.066e-64
208.67,4.117e-65,,,4.117e-65
208.72,1.418e-65,,,1.418e-65
208.77,4.356e-66,,,4.356e-66
208.82,1.193e-66,,,1.193e-66
208.87,2.913e-67,,,2.913e-67
208.92,6.342e-68,,,6.342e-68
208.97,1.231e-68,,,1.231e-68
209.02,2.130e-69,,,2.130e-69
209.07,3.286e-70,,,3.286e-70
209.12,4.518e-71,,,4.518e-71
209.17,5.539e-72,,,5.539e-72
209.22,6.053e-73,,,6.053e-73
209.27,5.897e-74,,,5.897e-74
209.32,5.121e-75,,,5.121e-75
209.37,3.963e-76,,,3.963e-76
209.42,2.735e-77,,,2.735e-77
209.47,1.682e-78,,,1.682e-78
209.52,2.711e-81,,,2.711e-81
231.58,1.313e-35,,1.313e-35,
231.63,1.653e-34,,1.653e-34,
231.68,1.898e-33,,1.898e-33,
231.73,1.988e-32,,1.988e-32,
231.78,1.899e-31,,1.899e-31,
231.83,1.655e-30,,1.655e-30,
231.88,1.315e-29,,1.315e-29,
231.93,9.527e-29,,9.527e-29,
231.98,6.296e-28,,6.296e-28,
232.03,3.794e-27,,3.794e-27,
232.08,2.086e-26,,2.086e-26,
232.13,1.045e-25,,1.045e-25,
232.18,4.779e-25,,4.779e-25,
232.23,1.993e-24,,1.993e-24,
232.28,7.577e-24,,7.577e-24,
232.33,2.628e-23,,2.628e-23,
232.38,8.311e-23,,8.311e-23,
232.43,2.397e-22,,2.397e-22,
232.48,6.306e-22,,6.306e-22,
232.53,1.513e-21,,1.513e-21,
232.58,3.310e-21,,3.310e-21,
232.63,6.605e-21,,6.605e-21,
232.68,1.202e-20,,1.202e-20,
232.73,1.995e-20,,1.995e-20,
232.78,3.020e-20,,3.020e-20,
232.83,4.168e-20,,4.168e-20,
232.88,5.248e-20,,5.248e-20,
232.93,6.025e-20,,6.025e-20,
232.98,6.309e-20,,6.309e-20,
233.03,6.025e-20,,6.025e-20,
233.08,5.248e-20,,5.248e-20,
233.13,4.168e-20,,4.168e-20,
233.18,3.020e-20,,3.020e-20,
233.23,1.995e-20,,1.995e-20,
233.28,1.202e-20,,1.202e-20,
233.33,6.605e-21,,6.605e-21,
233.38,3.310e-21,,3.310e-21,
233.43,1.513e-21,,1.513e-21,
233.48,6.306e-22,,6.306e-22,
233.53,2.397e-22,,2.397e-22,
233.58,8.311e-23,,8.311e-23,
233.63,2.628e-23,,2.628e-23,
233.68,7.577e-24,,7.577e-24,
233.73,1.993e-24,,1.993e-24,
233.78,4.779e-25,,4.779e-25,
233.83,1.045e-25,,1.045e-25,
233.88,2.086e-26,,2.086e-26,
233.93,3.794e-27,,3.794e-27,
233.98,6.296e-28,,6.296e-28,
234.03,9.527e-29,,9.527e-29,
234.08,1.315e-29,,1.315e-29,
234.13,1.655e-30,,1.655e-30,
234.18,1.899e-31,,1.899e-31,
234.23,1.988e-32,,1.988e-32,
234.28,1.898e-33,,1.898e-33,
234.33,1.653e-34,,1.653e-34,
234.38,1.377e-35,,1.377e-35,
234.43,8.246e-36,,8.246e-36,
234.48,9.600e-35,,9.600e-35,
234.53,1.021e-33,,1.021e-33,
234.58,9.934e-33,,9.934e-33,
234.63,8.830e-32,,8.830e-32,
234.68,7.174e-31,,7.174e-31,
234.73,5.327e-30,,5.327e-30,
234.78,3.616e-29,,3.616e-29,
234.83,2.243e-28,,2.243e-28,
234.88,1.272e-27,,1.272e-27,
234.93,6.593e-27,,6.593e-27,
234.98,3.123e-26,,3.123e-26,
235.03,1.352e-25,,1.352e-25,
235.08,5.352e-25,,5.352e-25,
235.13,1.936e-24,,1.936e-24,
235.18,6.401e-24,,6.401e-24,
235.23,1.934e-23,,1.934e-23,
235.28,5.342e-23,,5.342e-23,
235.33,1.349e-22,,1.349e-22,
235.38,3.112e-22,,3.112e-22,
235.43,6.564e-22,,6.564e-22,
235.48,1.265e-21,,1.265e-21,
235.53,2.229e-21,,2.229e-21,
235.58,3.591e-21,,3.591e-21,
235.63,5.285e-21,,5.285e-21,
235.68,7.111e-21,,7.111e-21,
235.73,8.744e-21,,8.744e-21,
235.78,9.829e-21,,9.829e-21,
235.83,1.010e-20,,1.010e-20,
235.88,9.481e-21,,9.481e-21,
235.93,8.137e-21,,8.137e-21,
235.98,6.384e-21,,6.384e-21,
236.03,4.577e-21,,4.577e-21,
236.08,3.000e-21,,3.000e-21,
236.13,1.797e-21,,1.797e-21,
236.18,9.837e-22,,9.837e-22,
236.23,4.923e-22,,4.923e-22,
236.28,2.252e-22,,2.252e-22,
236.33,9.413e-23,,9.413e-23,
236.38,3.597e-23,,3.597e-23,
236.43,1.256e-23,,1.256e-23,
236.48,4.010e-24,,4.010e-24,
236.53,1.170e-24,,1.170e-24,
236.58,3.120e-25,,3.120e-25,
236.63,7.606e-26,,7.606e-26,
236.68,1.695e-26,,1.695e-26,
236.73,3.451e-27,,3.451e-27,
236.78,6.423e-28,,6.423e-28,
236.83,1.093e-28,,1.093e-28,
236.88,1.699e-29,,1.699e-29,
236.93,2.415e-30,,2.415e-30,
236.98,3.137e-31,,3.137e-31,
237.03,3.725e-32,,3.725e-32,
237.08,4.042e-33,,4.042e-33,
237.13,4.010e-34,,4.010e-34,
237.18,3.635e-35,,3.635e-35,
237.23,3.012e-36,,3.012e-36,
238.78,1.683e-35,,1.683e-35,
238.83,1.993e-34,,1.993e-34,
238.88,2.163e-33,,2.163e-33,
238.93,2.154e-32,,2.154e-32,
238.98,1.967e-31,,1.967e-31,
239.03,1.647e-30,,1.647e-30,
239.08,1.264e-29,,1.264e-29,
239.13,8.903e-29,,8.903e-29,
239.18,5.749e-28,,5.749e-28,
239.23,3.404e-27,,3.404e-27,
239.28,1.849e-26,,1.849e-26,
239.33,9.205e-26,,9.205e-26,
239.38,4.204e-25,,4.204e-25,
239.43,1.760e-24,,1.760e-24,
239.48,6.761e-24,,6.761e-24,
239.53,2.381e-23,,2.381e-23,
239.58,7.690e-23,,7.690e-23,
239.63,2.278e-22,,2.278e-22,
239.68,6.187e-22,,6.187e-22,
239.73,1.541e-21,,1.541e-21,
239.78,3.520e-21,,3.520e-21,
239.83,7.373e-21,,7.373e-21,
239.88,1.416e-20,,1.416e-20,
239.93,2.495e-20,,2.495e-20,
239.98,4.031e-20,,4.031e-20,
240.03,5.972e-20,,5.972e-20,
240.08,8.113e-20,,8.113e-20,
240.13,1.011e-19,,1.011e-19,
240.18,1.155e-19,,1.155e-19,
240.23,1.210e-19,,1.210e-19,
240.28,1.163e-19,,1.163e-19,
240.33,1.025e-19,,1.025e-19,
240.38,8.279e-20,,8.279e-20,
240.43,6.135e-20,,6.135e-20,
240.48,4.170e-20,,4.170e-20,
240.53,2.599e-20,,2.599e-20,
240.58,1.485e-20,,1.485e-20,
240.63,7.784e-21,,7.784e-21,
240.68,3.741e-21,,3.741e-21,
240.73,1.649e-21,,1.649e-21,
240.78,6.666e-22,,6.666e-22,
240.83,2.471e-22,,2.471e-22,
240.88,8.401e-23,,8.401e-23,
240.93,2.619e-23,,2.619e-23,
240.98,7.488e-24,,7.488e-24,
241.03,1.963e-24,,1.963e-24,
241.08,4.720e-25,,4.720e-25,
241.13,1.041e-25,,1.041e-25,
241.18,2.105e-26,,2.105e-26,
241.23,3.903e-27,,3.903e-27,
241.28,6.638e-28,,6.638e-28,
241.33,1.035e-28,,1.035e-28,
241.38,1.481e-29,,1.481e-29,
241.43,1.942e-30,,1.942e-30,
241.48,2.336e-31,,2.336e-31,
241.53,2.577e-32,,2.577e-32,
241.58,2.606e-33,,2.606e-33,
241.63,2.418e-34,,2.418e-34,
241.68,2.057e-35,,2.057e-35,
249.18,1.735e-35,,1.735e-35,
249.23,1.861e-34,,1.861e-34,
249.28,1.843e-33,,1.843e-33,
249.33,1.686e-32,,1.686e-32,
249.38,1.424e-31,,1.424e-31,
249.43,1.111e-30,,1.111e-30,
249.48,8.010e-30,,8.010e-30,
249.53,5.332e-29,,5.332e-29,
249.58,3.278e-28,,3.278e-28,
249.63,1.861e-27,,1.861e-27,
249.68,9.761e-27,,9.761e-27,
249.73,4.728e-26,,4.728e-26,
249.78,2.115e-25,,2.115e-25,
249.83,8.741e-25,,8.741e-25,
249.88,3.336e-24,,3.336e-24,
249.93,1.176e-23,,1.176e-23,
249.98,3.832e-23,,3.832e-23,
250.03,1.153e-22,,1.153e-22,
250.08,3.206e-22,,3.206e-22,
250.13,8.235e-22,,8.235e-22,
250.18,1.955e-21,,1.955e-21,
250.23,4.291e-21,,4.291e-21,
250.28,8.709e-21,,8.709e-21,
250.33,1.635e-20,,1.635e-20,
250.38,2.841e-20,,2.841e-20,
250.43,4.571e-20,,4.571e-20,
250.48,6.818e-20,,6.818e-20,
250.53,9.436e-20,,9.436e-20,
250.58,1.214e-19,,1.214e-19,
250.63,1.452e-19,,1.452e-19,
250.68,1.621e-19,,1.621e-19,
250.73,1.691e-19,,1.691e-19,
250.78,1.653e-19,,1.653e-19,
250.83,1.517e-19,,1.517e-19,
250.88,1.310e-19,,1.310e-19,
250.93,1.066e-19,,1.066e-19,
250.98,8.188e-20,,8.188e-20,
251.03,5.934e-20,,5.934e-20,
251.08,4.054e-20,,4.054e-20,
251.13,2.607e-20,,2.607e-20,
251.18,1.575e-20,,1.575e-20,
251.23,8.912e-21,,8.912e-21,
251.28,4.715e-21,,4.715e-21,
251.33,2.327e-21,,2.327e-21,
251.38,1.069e-21,,1.069e-21,
251.43,4.564e-22,,4.564e-22,
251.48,1.808e-22,,1.808e-22,
251.53,6.642e-23,,6.642e-23,
251.58,2.260e-23,,2.260e-23,
251.63,7.118e-24,,7.118e-24,
251.68,2.074e-24,,2.074e-24,
251.73,5.588e-25,,5.588e-25,
251.78,1.392e-25,,1.392e-25,
251.83,3.205e-26,,3.205e-26,
251.88,6.819e-27,,6.819e-27,
251.93,1.341e-27,,1.341e-27,
251.98,2.436e-28,,2.436e-28,
252.03,4.088e-29,,4.088e-29,
252.08,6.337e-30,,6.337e-30,
252.13,9.077e-31,,9.077e-31,
252.18,1.201e-31,,1.201e-31,
252.23,1.467e-32,,1.467e-32,
252.28,1.656e-33,,1.656e-33,
252.33,1.727e-34,,1.727e-34,
252.38,1.664e-35,,1.664e-35,
252.43,9.082e-36,,9.082e-36,
252.48,9.225e-35,,9.225e-35,
252.53,8.671e-34,,8.671e-34,
252.58,7.542e-33,,7.542e-33,
252.63,6.071e-32,,6.071e-32,
252.68,4.522e-31,,4.522e-31,
252.73,3.117e-30,,3.117e-30,
252.78,1.989e-29,,1.989e-29,
252.83,1.174e-28,,1.174e-28,
252.88,6.412e-28,,6.412e-28,
252.93,3.242e-27,,3.242e-27,
252.98,1.516e-26,,1.516e-26,
253.03,6.565e-26,,6.565e-26,
253.08,2.630e-25,,2.630e-25,
253.13,9.749e-25,,9.749e-25,
253.18,3.345e-24,,3.345e-24,
253.23,1.062e-23,,1.062e-23,
253.28,3.120e-23,,3.120e-23,
253.33,8.481e-23,,8.481e-23,
253.38,2.134e-22,,2.134e-22,
253.43,4.968e-22,,4.968e-22,
253.48,1.070e-21,,1.070e-21,
253.53,2.134e-21,,2.134e-21,
253.58,3.937e-21,,3.937e-21,
253.63,6.722e-21,,6.722e-21,
253.68,1.062e-20,,1.062e-20,
253.73,1.553e-20,,1.553e-20,
253.78,2.101e-20,,2.101e-20,
253.83,2.631e-20,,2.631e-20,
253.88,3.049e-20,,3.049e-20,
253.93,3.269e-20,,3.269e-20,
253.98,3.244e-20,,3.244e-20,
254.03,2.979e-20,,2.979e-20,
254.08,2.531e-20,,2.531e-20,
254.13,1.990e-20,,1.990e-20,
254.18,1.448e-20,,1.448e-20,
254.23,9.753e-21,,9.753e-21,
254.28,6.078e-21,,6.078e-21,
254.33,3.505e-21,,3.505e-21,
254.38,1.870e-21,,1.870e-21,
254.43,9.239e-22,,9.239e-22,
254.48,4.230e-22,,4.230e-22,
254.53,1.814e-22,,1.814e-22,
254.58,7.861e-23,,7.861e-23,
254.63,5.032e-23,,5.032e-23,
254.68,7.475e-23,,7.475e-23,
254.73,1.652e-22,,1.652e-22,
254.78,3.703e-22,,3.703e-22,
254.83,7.780e-22,,7.780e-22,
254.88,1.516e-21,,1.516e-21,
254.93,2.737e-21,,2.737e-21,
254.98,4.576e-21,,4.576e-21,
255.03,7.086e-21,,7.086e-21,
255.08,1.016e-20,,1.016e-20,
255.13,1.350e-20,,1.350e-20,
255.18,1.661e-20,,1.661e-20,
255.23,1.892e-20,,1.892e-20,
255.28,1.996e-20,,1.996e-20,
255.33,1.951e-20,,1.951e-20,
255.38,1.766e-20,,1.766e-20,
255.43,1.480e-20,,1.480e-20,
255.48,1.149e-20,,1.149e-20,
255.53,8.261e-21,,8.261e-21,
255.58,5.501e-21,,5.501e-21,
255.63,3.393e-21,,3.393e-21,
255.68,1.938e-21,,1.938e-21,
255.73,1.025e-21,,1.025e-21,
255.78,5.023e-22,,5.023e-22,
255.83,2.279e-22,,2.279e-22,
255.88,9.577e-23,,9.577e-23,
255.93,3.728e-23,,3.728e-23,
255.98,1.344e-23,,1.344e-23,
256.03,4.486e-24,,4.486e-24,
256.08,1.387e-24,,1.387e-24,
256.13,3.972e-25,,3.972e-25,
256.18,1.053e-25,,1.053e-25,
256.23,2.587e-26,,2.587e-26,
256.28,5.885e-27,,5.885e-27,
256.33,1.240e-27,,1.240e-27,
256.38,2.419e-28,,2.419e-28,
256.43,4.372e-29,,4.372e-29,
256.48,7.318e-30,,7.318e-30,
256.53,1.134e-30,,1.134e-30,
256.58,1.629e-31,,1.629e-31,
256.63,2.165e-32,,2.165e-32,
256.68,2.666e-33,,2.666e-33,
256.73,3.041e-34,,3.041e-34,
256.78,3.212e-35,,3.212e-35,
256.83,3.142e-36,,3.142e-36,
258.93,2.897e-35,,2.897e-35,
258.98,2.852e-34,,2.852e-34,
259.03,2.609e-33,,2.609e-33,
259.08,2.217e-32,,2.217e-32,
259.13,1.750e-31,,1.750e-31,
259.18,1.284e-30,,1.284e-30,
259.23,8.747e-30,,8.747e-30,
259.28,5.537e-29,,5.537e-29,
259.33,3.257e-28,,3.257e-28,
259.38,1.779e-27,,1.779e-27,
259.43,9.032e-27,,9.032e-27,
259.48,4.260e-26,,4.260e-26,
259.53,1.866e-25,,1.866e-25,
259.58,7.597e-25,,7.597e-25,
259.63,2.873e-24,,2.873e-24,
259.68,1.009e-23,,1.009e-23,
259.73,3.294e-23,,3.294e-23,
259.78,9.989e-23,,9.989e-23,
259.83,2.814e-22,,2.814e-22,
259.88,7.365e-22,,7.365e-22,
259.93,1.791e-21,,1.791e-21,
259.98,4.046e-21,,4.046e-21,
260.03,8.491e-21,,8.491e-21,
260.08,1.655e-20,,1.655e-20,
260.13,2.999e-20,,2.999e-20,
260.18,5.047e-20,,5.047e-20,
260.23,7.890e-20,,7.890e-20,
260.28,1.146e-19,,1.146e-19,
260.33,1.547e-19,,1.547e-19,
260.38,1.939e-19,,1.939e-19,
260.43,2.258e-19,,2.258e-19,
260.48,2.444e-19,,2.444e-19,
260.53,2.457e-19,,2.457e-19,
260.58,2.295e-19,,2.295e-19,
260.63,1.991e-19,,1.991e-19,
260.68,1.605e-19,,1.605e-19,
260.73,1.202e-19,,1.202e-19,
260.78,8.364e-20,,8.364e-20,
260.83,5.407e-20,,5.407e-20,
260.88,3.247e-20,,3.247e-20,
260.93,1.812e-20,,1.812e-20,
260.98,9.391e-21,,9.391e-21,
261.03,4.522e-21,,4.522e-21,
261.08,2.023e-21,,2.023e-21,
261.13,8.410e-22,,8.410e-22,
261.18,3.248e-22,,3.248e-22,
261.23,1.165e-22,,1.165e-22,
261.28,3.883e-23,,3.883e-23,
261.33,1.202e-23,,1.202e-23,
261.38,3.459e-24,,3.459e-24,
261.43,9.245e-25,,9.245e-25,
261.48,2.296e-25,,2.296e-25,
261.53,5.295e-26,,5.295e-26,
261.58,1.135e-26,,1.135e-26,
261.63,2.260e-27,,2.260e-27,
261.68,4.180e-28,,4.180e-28,
261.73,7.183e-29,,7.183e-29,
261.78,1.147e-29,,1.147e-29,
261.83,1.701e-30,,1.701e-30,
261.88,2.344e-31,,2.344e-31,
261.93,3.001e-32,,3.001e-32,
261.98,3.570e-33,,3.570e-33,
262.03,3.945e-34,,3.945e-34,
262.08,4.050e-35,,4.050e-35,
264.14,4.527e-36,,4.527e-36,
264.19,4.153e-35,,4.153e-35,
264.24,3.549e-34,,3.549e-34,
264.29,2.825e-33,,2.825e-33,
264.34,2.096e-32,,2.096e-32,
264.39,1.448e-31,,1.448e-31,
264.44,9.324e-31,,9.324e-31,
264.49,5.593e-30,,5.593e-30,
264.54,3.125e-29,,3.125e-29,
264.59,1.627e-28,,1.627e-28,
264.64,7.891e-28,,7.891e-28,
264.69,3.566e-27,,3.566e-27,
264.74,1.501e-26,,1.501e-26,
264.79,5.887e-26,,5.887e-26,
264.84,2.151e-25,,2.151e-25,
264.89,7.322e-25,,7.322e-25,
264.94,2.322e-24,,2.322e-24,
264.99,6.861e-24,,6.861e-24,
265.04,1.889e-23,,1.889e-23,
265.09,4.843e-23,,4.843e-23,
265.14,1.157e-22,,1.157e-22,
265.19,2.575e-22,,2.575e-22,
265.24,5.341e-22,,5.341e-22,
265.29,1.032e-21,,1.032e-21,
265.34,1.857e-21,,1.857e-21,
265.39,3.114e-21,,3.114e-21,
265.44,4.864e-21,,4.864e-21,
265.49,7.080e-21,,7.080e-21,
265.54,9.599e-21,,9.599e-21,
265.59,1.213e-20,,1.213e-20,
265.64,1.427e-20,,1.427e-20,
265.69,1.565e-20,,1.565e-20,
265.74,1.598e-20,,1.598e-20,
265.79,1.521e-20,,1.521e-20,
265.84,1.348e-20,,1.348e-20,
265.89,1.114e-20,,1.114e-20,
265.94,8.571e-21,,8.571e-21,
265.99,6.145e-21,,6.145e-21,
266.04,4.104e-21,,4.104e-21,
266.09,2.554e-21,,2.554e-21,
266.14,1.480e-21,,1.480e-21,
266.19,7.996e-22,,7.996e-22,
266.24,4.023e-22,,4.023e-22,
266.29,1.886e-22,,1.886e-22,
266.34,8.237e-23,,8.237e-23,
266.39,3.354e-23,,3.354e-23,
266.44,1.282e-23,,1.282e-23,
266.49,4.952e-24,,4.952e-24,
266.54,3.182e-24,,3.182e-24,
266.59,6.275e-24,,6.275e-24,
266.64,1.866e-23,,1.866e-23,
266.69,5.506e-23,,5.506e-23,
266.74,1.523e-22,,1.523e-22,
266.79,3.932e-22,,3.932e-22,
266.84,9.466e-22,,9.466e-22,
266.89,2.125e-21,,2.125e-21,
266.94,4.448e-21,,4.448e-21,
266.99,8.683e-21,,8.683e-21,
267.04,1.581e-20,,1.581e-20,
267.09,2.683e-20,,2.683e-20,
267.14,4.248e-20,,4.248e-20,
267.19,6.270e-20,,6.270e-20,
267.24,8.632e-20,,8.632e-20,
267.29,1.108e-19,,1.108e-19,
267.34,1.326e-19,,1.326e-19,
267.39,1.481e-19,,1.481e-19,
267.44,1.541e-19,,1.541e-19,
267.49,1.496e-19,,1.496e-19,
267.54,1.354e-19,,1.354e-19,
267.59,1.143e-19,,1.143e-19,
267.64,9.001e-20,,9.001e-20,
267.69,6.608e-20,,6.608e-20,
267.74,4.523e-20,,4.523e-20,
267.79,2.887e-20,,2.887e-20,
267.84,1.719e-20,,1.719e-20,
267.89,9.542e-21,,9.542e-21,
267.94,4.940e-21,,4.940e-21,
267.99,2.385e-21,,2.385e-21,
268.04,1.073e-21,,1.073e-21,
268.09,4.506e-22,,4.506e-22,
268.14,1.764e-22,,1.764e-22,
268.19,6.440e-23,,6.440e-23,
268.24,2.192e-23,,2.192e-23,
268.29,6.960e-24,,6.960e-24,
268.34,2.060e-24,,2.060e-24,
268.39,5.688e-25,,5.688e-25,
268.44,1.464e-25,,1.464e-25,
268.49,3.515e-26,,3.515e-26,
268.54,7.870e-27,,7.870e-27,
268.59,1.643e-27,,1.643e-27,
268.64,3.198e-28,,3.198e-28,
268.69,5.806e-29,,5.806e-29,
268.74,9.830e-30,,9.830e-30,
268.79,1.552e-30,,1.552e-30,
268.84,2.285e-31,,2.285e-31,
268.89,3.137e-32,,3.137e-32,
268.94,4.016e-33,,4.016e-33,
268.99,4.794e-34,,4.794e-34,
269.04,5.337e-35,,5.337e-35,
271.19,6.658e-35,,6.658e-35,
271.24,5.833e-34,,5.833e-34,
271.29,4.779e-33,,4.779e-33,
271.34,3.661e-32,,3.661e-32,
271.39,2.623e-31,,2.623e-31,
271.44,1.757e-30,,1.757e-30,
271.49,1.100e-29,,1.100e-29,
271.54,6.445e-29,,6.445e-29,
271.59,3.530e-28,,3.530e-28,
271.64,1.808e-27,,1.808e-27,
271.69,8.656e-27,,8.656e-27,
271.74,3.876e-26,,3.876e-26,
271.79,1.623e-25,,1.623e-25,
271.84,6.354e-25,,6.354e-25,
271.89,2.327e-24,,2.327e-24,
271.94,7.966e-24,,7.966e-24,
271.99,2.551e-23,,2.551e-23,
272.04,7.637e-23,,7.637e-23,
272.09,2.139e-22,,2.139e-22,
272.14,5.601e-22,,5.601e-22,
272.19,1.372e-21,,1.372e-21,
272.24,3.143e-21,,3.143e-21,
272.29,6.737e-21,,6.737e-21,
272.34,1.351e-20,,1.351e-20,
272.39,2.536e-20,,2.536e-20,
272.44,4.456e-20,,4.456e-20,
272.49,6.389e-9,6.389e-9,7.331e-20,
272.54,5.408e-8,5.408e-8,1.130e-19,
272.59,4.283e-7,4.283e-7,1.633e-19,
272.64,3.174e-6,3.174e-6,2.214e-19,
272.69,2.201e-5,2.201e-5,2.819e-19,
272.74,1.428e-4,1.428e-4,3.376e-19,
272.79,8.665e-4,8.665e-4,3.808e-19,
272.84,4.920e-3,4.920e-3,4.054e-19,
272.89,2.614e-2,2.614e-2,4.082e-19,
272.94,1.300e-1,1.300e-1,3.897e-19,
272.99,6.044e-1,6.044e-1,3.536e-19,
273.04,2.630e+0,2.630e+0,3.057e-19,
273.09,1.071e+1,1.071e+1,2.521e-19,
273.14,4.079e+1,4.079e+1,1.987e-19,
273.19,1.454e+2,1.454e+2,1.497e-19,
273.24,4.849e+2,4.849e+2,1.077e-19,
273.29,1.513e+3,1.513e+3,7.388e-20,
273.34,4.416e+3,4.416e+3,4.823e-20,
273.39,1.206e+4,1.206e+4,2.989e-20,
273.44,3.082e+4,3.082e+4,1.754e-20,
273.49,7.369e+4,7.369e+4,9.730e-21,
273.54,1.649e+5,1.649e+5,5.088e-21,
273.59,3.450e+5,3.450e+5,2.504e-21,
273.64,6.757e+5,6.757e+5,1.158e-21,
273.69,1.238e+6,1.238e+6,5.030e-22,
273.74,2.122e+6,2.122e+6,2.049e-22,
273.79,3.404e+6,3.404e+6,7.821e-23,
273.84,5.108e+6,5.108e+6,2.797e-23,
273.89,7.172e+6,7.172e+6,9.364e-24,
273.94,9.421e+6,9.421e+6,2.935e-24,
273.99,1.158e+7,1.158e+7,8.607e-25,
274.04,1.332e+7,1.332e+7,2.362e-25,
274.09,1.433e+7,1.433e+7,6.064e-26,
274.14,1.442e+7,1.442e+7,1.456e-26,
274.19,1.359e+7,1.359e+7,3.271e-27,
274.24,1.197e+7,1.197e+7,6.873e-28,
274.29,9.871e+6,9.871e+6,1.351e-28,
274.34,7.615e+6,7.615e+6,2.482e-29,
274.39,5.496e+6,5.496e+6,4.266e-30,
274.44,3.711e+6,3.711e+6,6.858e-31,
274.49,2.345e+6,2.345e+6,1.031e-31,
274.54,1.386e+6,1.386e+6,1.449e-32,
274.59,7.668e+5,7.668e+5,1.905e-33,
274.64,3.968e+5,3.968e+5,2.342e-34,
274.69,1.921e+5,1.921e+5,2.693e-35,
274.74,8.703e+4,8.703e+4,,
274.79,3.689e+4,3.689e+4,,
274.84,1.463e+4,1.463e+4,,
274.89,5.428e+3,5.428e+3,,
274.94,1.884e+3,1.884e+3,,
274.99,6.120e+2,6.120e+2,,
275.04,1.860e+2,1.860e+2,1.590e-35,
275.09,5.288e+1,5.288e+1,1.345e-34,
275.14,1.407e+1,1.407e+1,1.066e-33,
275.19,3.501e+0,3.501e+0,7.916e-33,
275.24,8.154e-1,8.154e-1,5.506e-32,
275.29,1.777e-1,1.777e-1,3.588e-31,
275.34,3.622e-2,3.622e-2,2.190e-30,
275.39,6.908e-3,6.908e-3,1.252e-29,
275.44,1.233e-3,1.233e-3,6.709e-29,
275.49,2.058e-4,2.058e-4,3.367e-28,
275.54,3.216e-5,3.216e-5,1.583e-27,
275.59,4.700e-6,4.700e-6,6.970e-27,
275.64,6.428e-7,6.428e-7,2.875e-26,
275.69,8.224e-8,8.224e-8,1.111e-25,
275.74,9.846e-9,9.846e-9,4.023e-25,
275.79,1.103e-9,1.103e-9,1.364e-24,
275.84,4.334e-24,,4.334e-24,
275.89,1.290e-23,,1.290e-23,
275.94,3.596e-23,,3.596e-23,
275.99,9.392e-23,,9.392e-23,
276.04,2.298e-22,,2.298e-22,
276.09,5.266e-22,,5.266e-22,
276.14,1.131e-21,,1.131e-21,
276.19,2.274e-21,,2.274e-21,
276.24,4.285e-21,,4.285e-21,
276.29,7.563e-21,,7.563e-21,
276.34,1.250e-20,,1.250e-20,
276.39,1.937e-20,,1.937e-20,
276.44,2.810e-20,,2.810e-20,
276.49,3.820e-20,,3.820e-20,
276.54,4.864e-20,,4.864e-20,
276.59,5.802e-20,,5.802e-20,
276.64,6.483e-20,,6.483e-20,
276.69,6.787e-20,,6.787e-20,
276.74,6.655e-20,,6.655e-20,
276.79,6.113e-20,,6.113e-20,
276.84,5.261e-20,,5.261e-20,
276.89,4.241e-20,,4.241e-20,
276.94,3.203e-20,,3.203e-20,
276.99,2.266e-20,,2.266e-20,
277.04,1.501e-20,,1.501e-20,
277.09,9.321e-21,,9.321e-21,
277.14,5.421e-21,,5.421e-21,
277.19,2.953e-21,,2.953e-21,
277.24,1.507e-21,,1.507e-21,
277.29,7.205e-22,,7.205e-22,
277.34,3.227e-22,,3.227e-22,
277.39,1.354e-22,,1.354e-22,
277.44,5.321e-23,,5.321e-23,
277.49,1.959e-23,,1.959e-23,
277.54,6.757e-24,,6.757e-24,
277.59,2.183e-24,,2.183e-24,
277.64,6.608e-25,,6.608e-25,
277.69,1.874e-25,,1.874e-25,
277.74,4.976e-26,,4.976e-26,
277.79,1.238e-26,,1.238e-26,
277.84,2.886e-27,,2.886e-27,
277.89,6.302e-28,,6.302e-28,
277.94,1.289e-28,,1.289e-28,
277.99,2.470e-29,,2.470e-29,
278.04,4.434e-30,,4.434e-30,
278.09,7.456e-31,,7.456e-31,
278.14,1.175e-31,,1.175e-31,
278.19,1.733e-32,,1.733e-32,
278.24,2.396e-33,,2.396e-33,
278.29,3.103e-34,,3.103e-34,
278.34,3.764e-35,,3.764e-35,
289.74,6.102e-83,,,6.102e-83
289.79,1.534e-81,,,1.534e-81
289.84,1.148e-80,,,1.148e-80
289.89,8.104e-80,,,8.104e-80
289.94,5.395e-79,,,5.395e-79
289.99,3.388e-78,,,3.388e-78
290.04,2.007e-77,,,2.007e-77
290.09,1.121e-76,,,1.121e-76
290.14,5.909e-76,,,5.909e-76
290.19,2.937e-75,,,2.937e-75
290.24,1.377e-74,,,1.377e-74
290.29,6.088e-74,,,6.088e-74
290.34,2.539e-73,,,2.539e-73
290.39,9.988e-73,,,9.988e-73
290.44,3.706e-72,,,3.706e-72
290.49,1.297e-71,,,1.297e-71
290.54,4.280e-71,,,4.280e-71
290.59,1.332e-70,,,1.332e-70
290.64,3.911e-70,,,3.911e-70
290.69,1.083e-69,,,1.083e-69
290.74,2.828e-69,,,2.828e-69
290.79,6.965e-69,,,6.965e-69
290.84,1.618e-68,,,1.618e-68
290.89,3.544e-68,,,3.544e-68
290.94,7.323e-68,,,7.323e-68
290.99,1.427e-67,,,1.427e-67
291.04,2.622e-67,,,2.622e-67
291.09,4.545e-67,,,4.545e-67
291.14,7.428e-67,,,7.428e-67
291.19,1.145e-66,,,1.145e-66
291.24,1.665e-66,,,1.665e-66
291.29,2.282e-66,,,2.282e-66
291.34,2.950e-66,,,2.950e-66
291.39,3.597e-66,,,3.597e-66
291.44,4.136e-66,,,4.136e-66
291.49,4.485e-66,,,4.485e-66
291.54,4.586e-66,,,4.586e-66
291.59,4.423e-66,,,4.423e-66
291.64,4.022e-66,,,4.022e-66
291.69,3.449e-66,,,3.449e-66
291.74,2.789e-66,,,2.789e-66
291.79,2.127e-66,,,2.127e-66
291.84,1.530e-66,,,1.530e-66
291.89,1.038e-66,,,1.038e-66
291.94,6.636e-67,,,6.636e-67
291.99,4.002e-67,,,4.002e-67
292.04,2.276e-67,,,2.276e-67
292.09,1.221e-67,,,1.221e-67
292.14,6.172e-68,,,6.172e-68
292.19,2.943e-68,,,2.943e-68
292.24,1.324e-68,,,1.324e-68
292.29,5.613e-69,,,5.613e-69
292.34,2.244e-69,,,2.244e-69
292.39,8.463e-70,,,8.463e-70
292.44,3.009e-70,,,3.009e-70
292.49,1.009e-70,,,1.009e-70
292.54,3.190e-71,,,3.190e-71
292.59,9.509e-72,,,9.509e-72
292.64,2.673e-72,,,2.673e-72
292.69,7.086e-73,,,7.086e-73
292.74,1.771e-73,,,1.771e-73
292.79,4.175e-74,,,4.175e-74
292.84,9.278e-75,,,9.278e-75
292.89,1.944e-75,,,1.944e-75
292.94,3.843e-76,,,3.843e-76
292.99,7.160e-77,,,7.160e-77
293.04,1.258e-77,,,1.258e-77
293.09,2.084e-78,,,2.084e-78
293.14,3.256e-79,,,3.256e-79
293.19,4.797e-80,,,4.797e-80
293.24,6.663e-81,,,6.663e-81
293.3,5.656e-82,,,5.656e-82
293.65,1.825e-35,,1.825e-35,
293.7,1.332e-34,,1.332e-34,
293.75,9.188e-34,,9.188e-34,
293.8,5.982e-33,,5.982e-33,
293.85,3.679e-32,,3.679e-32,
293.9,2.136e-31,,2.136e-31,
293.95,1.171e-30,,1.171e-30,
294,6.064e-30,,6.064e-30,
294.05,2.965e-29,,2.965e-29,
294.1,1.369e-28,,1.369e-28,
294.15,5.969e-28,,5.969e-28,
294.2,2.458e-27,,2.458e-27,
294.25,9.555e-27,,9.555e-27,
294.3,3.508e-26,,3.508e-26,
294.35,1.216e-25,,1.216e-25,
294.4,3.982e-25,,3.982e-25,
294.45,1.231e-24,,1.231e-24,
294.5,3.594e-24,,3.594e-24,
294.55,9.910e-24,,9.910e-24,
294.6,2.580e-23,,2.580e-23,
294.65,6.343e-23,,6.343e-23,
294.7,1.472e-22,,1.472e-22,
294.75,3.228e-22,,3.228e-22,
294.8,6.683e-22,,6.683e-22,
294.85,1.306e-21,,1.306e-21,
294.9,2.412e-21,,2.412e-21,
294.95,4.204e-21,,4.204e-21,
295,6.921e-21,,6.921e-21,
295.05,1.076e-20,,1.076e-20,
295.1,1.579e-20,,1.579e-20,
295.15,2.189e-20,,2.189e-20,
295.2,2.866e-20,,2.866e-20,
295.25,3.543e-20,,3.543e-20,
295.3,4.136e-20,,4.136e-20,
295.35,4.559e-20,,4.559e-20,
295.4,4.745e-20,,4.745e-20,
295.45,4.664e-20,,4.664e-20,
295.5,4.330e-20,,4.330e-20,
295.55,3.795e-20,,3.795e-20,
295.6,3.141e-20,,3.141e-20,
295.65,2.455e-20,,2.455e-20,
295.7,1.812e-20,,1.812e-20,
295.75,1.263e-20,,1.263e-20,
295.8,8.314e-21,,8.314e-21,
295.85,5.168e-21,,5.168e-21,
295.9,3.033e-21,,3.033e-21,
295.95,1.681e-21,,1.681e-21,
296,8.798e-22,,8.798e-22,
296.05,4.348e-22,,4.348e-22,
296.1,2.030e-22,,2.030e-22,
296.15,8.945e-23,,8.945e-23,
296.2,3.723e-23,,3.723e-23,
296.25,1.463e-23,,1.463e-23,
296.3,5.430e-24,,5.430e-24,
296.35,1.903e-24,,1.903e-24,
296.4,6.298e-25,,6.298e-25,
296.45,1.968e-25,,1.968e-25,
296.5,5.808e-26,,5.808e-26,
296.55,1.619e-26,,1.619e-26,
296.6,4.260e-27,,4.260e-27,
296.65,1.059e-27,,1.059e-27,
296.7,2.484e-28,,2.484e-28,
296.75,5.505e-29,,5.505e-29,
296.8,1.152e-29,,1.152e-29,
296.85,2.276e-30,,2.276e-30,
296.9,4.248e-31,,4.248e-31,
296.95,7.486e-32,,7.486e-32,
297,1.246e-32,,1.246e-32,
297.05,1.957e-33,,1.957e-33,
297.1,2.904e-34,,2.904e-34,
297.15,4.070e-35,,4.070e-35,
297.2,5.385e-36,,5.385e-36,
301.1,1.776e-34,,1.776e-34,
301.15,1.245e-33,,1.245e-33,
301.2,8.266e-33,,8.266e-33,
301.25,5.196e-32,,5.196e-32,
301.3,3.093e-31,,3.093e-31,
301.35,1.744e-30,,1.744e-30,
301.4,9.310e-30,,9.310e-30,
301.45,4.707e-29,,4.707e-29,
301.5,2.253e-28,,2.253e-28,
301.55,1.022e-27,,1.022e-27,
301.6,4.387e-27,,4.387e-27,
301.65,1.784e-26,,1.784e-26,
301.7,6.868e-26,,6.868e-26,
301.75,2.505e-25,,2.505e-25,
301.8,8.649e-25,,8.649e-25,
301.85,2.828e-24,,2.828e-24,
301.9,8.759e-24,,8.759e-24,
301.95,2.569e-23,,2.569e-23,
302,7.135e-23,,7.135e-23,
302.05,1.877e-22,,1.877e-22,
302.1,4.674e-22,,4.674e-22,
302.15,1.103e-21,,1.103e-21,
302.2,2.463e-21,,2.463e-21,
302.25,5.210e-21,,5.210e-21,
302.3,1.044e-20,,1.044e-20,
302.35,1.980e-20,,1.980e-20,
302.4,3.557e-20,,3.557e-20,
302.45,6.052e-20,,6.052e-20,
302.5,9.751e-20,,9.751e-20,
302.55,1.488e-19,,1.488e-19,
302.6,2.150e-19,,2.150e-19,
302.65,2.942e-19,,2.942e-19,
302.7,3.813e-19,,3.813e-19,
302.75,4.679e-19,,4.679e-19,
302.8,5.438e-19,,5.438e-19,
302.85,5.985e-19,,5.985e-19,
302.9,6.239e-19,,6.239e-19,
302.95,6.158e-19,,6.158e-19,
303,5.757e-19,,5.757e-19,
303.05,5.096e-19,,5.096e-19,
303.1,4.272e-19,,4.272e-19,
303.15,3.392e-19,,3.392e-19,
303.2,2.550e-19,,2.550e-19,
303.25,1.816e-19,,1.816e-19,
303.3,1.225e-19,,1.225e-19,
303.35,7.820e-20,,7.820e-20,
303.4,4.729e-20,,4.729e-20,
303.45,2.708e-20,,2.708e-20,
303.5,1.469e-20,,1.469e-20,
303.55,7.546e-21,,7.546e-21,
303.6,3.670e-21,,3.670e-21,
303.65,1.691e-21,,1.691e-21,
303.7,7.377e-22,,7.377e-22,
303.75,3.048e-22,,3.048e-22,
303.8,1.192e-22,,1.192e-22,
303.85,4.419e-23,,4.419e-23,
303.9,1.551e-23,,1.551e-23,
303.95,5.153e-24,,5.153e-24,
304,1.622e-24,,1.622e-24,
304.05,4.834e-25,,4.834e-25,
304.1,1.364e-25,,1.364e-25,
304.15,3.647e-26,,3.647e-26,
304.2,9.233e-27,,9.233e-27,
304.25,2.214e-27,,2.214e-27,
304.3,5.026e-28,,5.026e-28,
304.35,1.081e-28,,1.081e-28,
304.4,2.201e-29,,2.201e-29,
304.45,4.244e-30,,4.244e-30,
304.5,7.751e-31,,7.751e-31,
304.55,1.341e-31,,1.341e-31,
304.6,2.196e-32,,2.196e-32,
304.65,3.407e-33,,3.407e-33,
304.7,5.005e-34,,5.005e-34,
304.75,6.964e-35,,6.964e-35,
313.65,2.148e-35,,2.148e-35,
313.7,1.392e-34,,1.392e-34,
313.75,8.576e-34,,8.576e-34,
313.8,5.026e-33,,5.026e-33,
313.85,2.801e-32,,2.801e-32,
313.9,1.485e-31,,1.485e-31,
313.95,7.484e-31,,7.484e-31,
314,3.588e-30,,3.588e-30,
314.05,1.636e-29,,1.636e-29,
314.1,7.093e-29,,7.093e-29,
314.15,2.925e-28,,2.925e-28,
314.2,1.147e-27,,1.147e-27,
314.25,4.279e-27,,4.279e-27,
314.3,1.518e-26,,1.518e-26,
314.35,5.121e-26,,5.121e-26,
314.4,1.643e-25,,1.643e-25,
314.45,5.014e-25,,5.014e-25,
314.5,1.455e-24,,1.455e-24,
314.55,4.016e-24,,4.016e-24,
314.6,1.054e-23,,1.054e-23,
314.65,2.632e-23,,2.632e-23,
314.7,6.248e-23,,6.248e-23,
314.75,1.411e-22,,1.411e-22,
314.8,3.029e-22,,3.029e-22,
314.85,6.186e-22,,6.186e-22,
314.9,1.202e-21,,1.202e-21,
314.95,2.219e-21,,2.219e-21,
315,3.899e-21,,3.899e-21,
315.05,6.514e-21,,6.514e-21,
315.1,1.035e-20,,1.035e-20,
315.15,1.564e-20,,1.564e-20,
315.2,2.248e-20,,2.248e-20,
315.25,3.072e-20,,3.072e-20,
315.3,3.994e-20,,3.994e-20,
315.35,4.937e-20,,4.937e-20,
315.4,5.805e-20,,5.805e-20,
315.45,6.491e-20,,6.491e-20,
315.5,6.903e-20,,6.903e-20,
315.55,6.981e-20,,6.981e-20,
315.6,6.715e-20,,6.715e-20,
315.65,6.142e-20,,6.142e-20,
315.7,5.344e-20,,5.344e-20,
315.75,4.421e-20,,4.421e-20,
315.8,3.479e-20,,3.479e-20,
315.85,2.603e-20,,2.603e-20,
315.9,1.853e-20,,1.853e-20,
315.95,1.254e-20,,1.254e-20,
316,8.073e-21,,8.073e-21,
316.05,4.943e-21,,4.943e-21,
316.1,2.878e-21,,2.878e-21,
316.15,1.594e-21,,1.594e-21,
316.2,8.392e-22,,8.392e-22,
316.25,4.203e-22,,4.203e-22,
316.3,2.002e-22,,2.002e-22,
316.35,9.069e-23,,9.069e-23,
316.4,3.907e-23,,3.907e-23,
316.45,1.601e-23,,1.601e-23,
316.5,6.238e-24,,6.238e-24,
316.55,2.312e-24,,2.312e-24,
316.6,8.148e-25,,8.148e-25,
316.65,2.731e-25,,2.731e-25,
316.7,8.707e-26,,8.707e-26,
316.75,2.640e-26,,2.640e-26,
316.8,7.611e-27,,7.611e-27,
316.85,2.087e-27,,2.087e-27,
316.9,5.443e-28,,5.443e-28,
316.95,1.350e-28,,1.350e-28,
317,3.184e-29,,3.184e-29,
317.05,7.143e-30,,7.143e-30,
317.1,1.524e-30,,1.524e-30,
317.15,3.092e-31,,3.092e-31,
317.2,5.967e-32,,5.967e-32,
317.25,1.095e-32,,1.095e-32,
317.3,1.911e-33,,1.911e-33,
317.35,3.173e-34,,3.173e-34,
317.4,5.008e-35,,5.008e-35,
317.45,5.343e-36,,5.343e-36,
317.7,1.231e-34,,1.231e-34,
317.75,7.979e-34,,7.979e-34,
317.8,4.925e-33,,4.925e-33,
317.85,2.895e-32,,2.895e-32,
317.9,1.620e-31,,1.620e-31,
317.95,8.637e-31,,8.637e-31,
318,4.384e-30,,4.384e-30,
318.05,2.119e-29,,2.119e-29,
318.1,9.756e-29,,9.756e-29,
318.15,4.276e-28,,4.276e-28,
318.2,1.785e-27,,1.785e-27,
318.25,7.096e-27,,7.096e-27,
318.3,2.686e-26,,2.686e-26,
318.35,9.683e-26,,9.683e-26,
318.4,3.324e-25,,3.324e-25,
318.45,1.087e-24,,1.087e-24,
318.5,3.383e-24,,3.383e-24,
318.55,1.003e-23,,1.003e-23,
318.6,2.831e-23,,2.831e-23,
318.65,7.611e-23,,7.611e-23,
318.7,1.949e-22,,1.949e-22,
318.75,4.751e-22,,4.751e-22,
318.8,1.103e-21,,1.103e-21,
318.85,2.440e-21,,2.440e-21,
318.9,5.138e-21,,5.138e-21,
318.95,1.031e-20,,1.031e-20,
319,1.969e-20,,1.969e-20,
319.05,3.584e-20,,3.584e-20,
319.1,6.214e-20,,6.214e-20,
319.15,1.027e-19,,1.027e-19,
319.2,1.616e-19,,1.616e-19,
319.25,2.425e-19,,2.425e-19,
319.3,3.469e-19,,3.469e-19,
319.35,4.734e-19,,4.734e-19,
319.4,6.165e-19,,6.165e-19,
319.45,7.668e-19,,7.668e-19,
319.5,9.115e-19,,9.115e-19,
319.55,1.037e-18,,1.037e-18,
319.6,1.130e-18,,1.130e-18,
319.65,1.182e-18,,1.182e-18,
319.7,1.189e-18,,1.189e-18,
319.75,1.152e-18,,1.152e-18,
319.8,1.078e-18,,1.078e-18,
319.85,9.770e-19,,9.770e-19,
319.9,8.588e-19,,8.588e-19,
319.95,7.334e-19,,7.334e-19,
320,6.089e-19,,6.089e-19,
320.05,4.916e-19,,4.916e-19,
320.1,3.855e-19,,3.855e-19,
320.15,2.933e-19,,2.933e-19,
320.2,2.160e-19,,2.160e-19,
320.25,1.536e-19,,1.536e-19,
320.3,1.052e-19,,1.052e-19,
320.35,6.934e-20,,6.934e-20,
320.4,4.384e-20,,4.384e-20,
320.45,2.656e-20,,2.656e-20,
320.5,1.540e-20,,1.540e-20,
320.55,8.530e-21,,8.530e-21,
320.6,4.513e-21,,4.513e-21,
320.65,2.279e-21,,2.279e-21,
320.7,1.098e-21,,1.098e-21,
320.75,5.042e-22,,5.042e-22,
320.8,2.207e-22,,2.207e-22,
320.85,9.208e-23,,9.208e-23,
320.9,3.661e-23,,3.661e-23,
320.95,1.386e-23,,1.386e-23,
321,5.002e-24,,5.002e-24,
321.05,1.719e-24,,1.719e-24,
321.1,5.627e-25,,5.627e-25,
321.15,1.755e-25,,1.755e-25,
321.2,5.210e-26,,5.210e-26,
321.25,1.474e-26,,1.474e-26,
321.3,3.969e-27,,3.969e-27,
321.35,1.018e-27,,1.018e-27,
321.4,2.488e-28,,2.488e-28,
321.45,5.788e-29,,5.788e-29,
321.5,1.283e-29,,1.283e-29,
321.55,2.707e-30,,2.707e-30,
321.6,5.439e-31,,5.439e-31,
321.65,1.041e-31,,1.041e-31,
321.7,1.898e-32,,1.898e-32,
321.75,3.294e-33,,3.294e-33,
321.8,5.446e-34,,5.446e-34,
321.85,8.575e-35,,8.575e-35,
323.05,5.842e-35,,5.842e-35,
323.1,3.581e-34,,3.581e-34,
323.15,2.094e-33,,2.094e-33,
323.2,1.167e-32,,1.167e-32,
323.25,6.208e-32,,6.208e-32,
323.3,3.149e-31,,3.149e-31,
323.35,1.523e-30,,1.523e-30,
323.4,7.029e-30,,7.029e-30,
323.45,3.093e-29,,3.093e-29,
323.5,1.298e-28,,1.298e-28,
323.55,5.198e-28,,5.198e-28,
323.6,1.985e-27,,1.985e-27,
323.65,7.227e-27,,7.227e-27,
323.7,2.510e-26,,2.510e-26,
323.75,8.315e-26,,8.315e-26,
323.8,2.627e-25,,2.627e-25,
323.85,7.916e-25,,7.916e-25,
323.9,2.275e-24,,2.275e-24,
323.95,6.236e-24,,6.236e-24,
324,1.630e-23,,1.630e-23,
324.05,4.065e-23,,4.065e-23,
324.1,9.668e-23,,9.668e-23,
324.15,2.193e-22,,2.193e-22,
324.21,5.504e-22,,5.504e-22,
324.26,1.125e-21,,1.125e-21,
324.31,2.193e-21,,2.193e-21,
324.36,4.078e-21,,4.078e-21,
324.41,7.231e-21,,7.231e-21,
324.46,1.223e-20,,1.223e-20,
324.51,1.973e-20,,1.973e-20,
324.56,3.035e-20,,3.035e-20,
324.61,4.453e-20,,4.453e-20,
324.66,6.232e-20,,6.232e-20,
324.71,8.319e-20,,8.319e-20,
324.76,1.059e-19,,1.059e-19,
324.81,1.286e-19,,1.286e-19,
324.86,1.489e-19,,1.489e-19,
324.91,1.645e-19,,1.645e-19,
324.96,1.733e-19,,1.733e-19,
325.01,1.741e-19,,1.741e-19,
325.06,1.668e-19,,1.668e-19,
325.11,1.525e-19,,1.525e-19,
325.16,1.329e-19,,1.329e-19,
325.21,1.105e-19,,1.105e-19,
325.26,8.764e-20,,8.764e-20,
325.31,6.628e-20,,6.628e-20,
325.36,4.781e-20,,4.781e-20,
325.41,3.289e-20,,3.289e-20,
325.46,2.158e-20,,2.158e-20,
325.51,1.351e-20,,1.351e-20,
325.56,8.062e-21,,8.062e-21,
325.61,4.590e-21,,4.590e-21,
325.66,2.492e-21,,2.492e-21,
325.71,1.291e-21,,1.291e-21,
325.76,6.375e-22,,6.375e-22,
325.81,3.003e-22,,3.003e-22,
325.86,1.349e-22,,1.349e-22,
325.91,5.782e-23,,5.782e-23,
325.96,2.363e-23,,2.363e-23,
326.01,9.212e-24,,9.212e-24,
326.06,3.425e-24,,3.425e-24,
326.11,1.214e-24,,1.214e-24,
326.16,4.107e-25,,4.107e-25,
326.21,1.325e-25,,1.325e-25,
326.26,4.076e-26,,4.076e-26,
326.31,1.196e-26,,1.196e-26,
326.36,3.347e-27,,3.347e-27,
326.41,8.933e-28,,8.933e-28,
326.46,2.274e-28,,2.274e-28,
326.51,5.522e-29,,5.522e-29,
326.56,1.279e-29,,1.279e-29,
326.61,2.824e-30,,2.824e-30,
326.66,5.950e-31,,5.950e-31,
326.71,1.195e-31,,1.195e-31,
326.76,2.291e-32,,2.291e-32,
326.81,4.187e-33,,4.187e-33,
326.86,7.298e-34,,7.298e-34,
326.91,1.213e-34,,1.213e-34,
326.96,1.924e-35,,1.924e-35,
328.66,6.474e-36,,6.474e-36,
328.71,3.836e-35,,3.836e-35,
328.76,2.172e-34,,2.172e-34,
328.81,1.174e-33,,1.174e-33,
328.86,6.066e-33,,6.066e-33,
328.91,2.993e-32,,2.993e-32,
328.96,1.411e-31,,1.411e-31,
329.01,6.355e-31,,6.355e-31,
329.06,2.734e-30,,2.734e-30,
329.11,1.123e-29,,1.123e-29,
329.16,4.411e-29,,4.411e-29,
329.21,1.654e-28,,1.654e-28,
329.26,5.927e-28,,5.927e-28,
329.31,2.028e-27,,2.028e-27,
329.36,6.632e-27,,6.632e-27,
329.41,2.071e-26,,2.071e-26,
329.46,6.181e-26,,6.181e-26,
329.51,1.762e-25,,1.762e-25,
329.56,4.797e-25,,4.797e-25,
329.61,1.248e-24,,1.248e-24,
329.66,3.100e-24,,3.100e-24,
329.71,7.359e-24,,7.359e-24,
329.76,1.669e-23,,1.669e-23,
329.81,3.615e-23,,3.615e-23,
329.86,7.481e-23,,7.481e-23,
329.91,1.479e-22,,1.479e-22,
329.96,2.793e-22,,2.793e-22,
330.01,5.039e-22,,5.039e-22,
330.06,8.684e-22,,8.684e-22,
330.11,1.430e-21,,1.430e-21,
330.16,2.248e-21,,2.248e-21,
330.21,3.378e-21,,3.378e-21,
330.26,4.848e-21,,4.848e-21,
330.31,6.648e-21,,6.648e-21,
330.36,8.707e-21,,8.707e-21,
330.41,1.089e-20,,1.089e-20,
330.46,1.302e-20,,1.302e-20,
330.51,1.487e-20,,1.487e-20,
330.56,1.622e-20,,1.622e-20,
330.61,1.690e-20,,1.690e-20,
330.66,1.682e-20,,1.682e-20,
330.71,1.600e-20,,1.600e-20,
330.76,1.453e-20,,1.453e-20,
330.81,1.261e-20,,1.261e-20,
330.86,1.045e-20,,1.045e-20,
330.91,8.280e-21,,8.280e-21,
330.96,6.264e-21,,6.264e-21,
331.01,4.527e-21,,4.527e-21,
331.06,3.125e-21,,3.125e-21,
331.11,2.061e-21,,2.061e-21,
331.16,1.299e-21,,1.299e-21,
331.21,7.816e-22,,7.816e-22,
331.26,4.494e-22,,4.494e-22,
331.31,2.468e-22,,2.468e-22,
331.36,1.295e-22,,1.295e-22,
331.41,6.492e-23,,6.492e-23,
331.46,3.109e-23,,3.109e-23,
331.51,1.422e-23,,1.422e-23,
331.56,6.214e-24,,6.214e-24,
331.61,2.594e-24,,2.594e-24,
331.66,1.034e-24,,1.034e-24,
331.71,3.940e-25,,3.940e-25,
331.76,1.434e-25,,1.434e-25,
331.81,4.985e-26,,4.985e-26,
331.86,1.656e-26,,1.656e-26,
331.91,5.252e-27,,5.252e-27,
331.96,1.592e-27,,1.592e-27,
332.01,4.608e-28,,4.608e-28,
332.06,1.275e-28,,1.275e-28,
332.11,3.368e-29,,3.368e-29,
332.16,8.500e-30,,8.500e-30,
332.21,2.049e-30,,2.049e-30,
332.26,4.720e-31,,4.720e-31,
332.31,1.039e-31,,1.039e-31,
332.36,2.183e-32,,2.183e-32,
332.41,4.384e-33,,4.384e-33,
332.46,8.409e-34,,8.409e-34,
332.51,1.541e-34,,1.541e-34,
332.56,2.697e-35,,2.697e-35,
332.61,4.511e-36,,4.511e-36,
364.97,3.222e-9,3.222e-9,,
365.02,1.617e-8,1.617e-8,,
365.07,7.821e-8,7.821e-8,,
365.12,3.645e-7,3.645e-7,,
365.17,1.637e-6,1.637e-6,,
365.22,7.084e-6,7.084e-6,,
365.27,2.954e-5,2.954e-5,,
365.32,1.187e-4,1.187e-4,,
365.37,4.595e-4,4.595e-4,,
365.42,1.714e-3,1.714e-3,,
365.47,6.163e-3,6.163e-3,,
365.52,2.135e-2,2.135e-2,,
365.57,7.126e-2,7.126e-2,,
365.62,2.292e-1,2.292e-1,,
365.67,7.104e-1,7.104e-1,,
365.72,2.122e+0,2.122e+0,,
365.77,6.105e+0,6.105e+0,,
365.82,1.693e+1,1.693e+1,,
365.87,4.524e+1,4.524e+1,,
365.92,1.165e+2,1.165e+2,,
365.97,2.890e+2,2.890e+2,,
366.02,6.908e+2,6.908e+2,,
366.07,1.591e+3,1.591e+3,,
366.12,3.532e+3,3.532e+3,,
366.17,7.555e+3,7.555e+3,,
366.22,1.557e+4,1.557e+4,2.580e-35,
366.27,3.092e+4,3.092e+4,2.030e-34,
366.32,5.918e+4,5.918e+4,1.003e-33,
366.37,1.091e+5,1.091e+5,4.780e-33,
366.42,1.939e+5,1.939e+5,2.194e-32,
366.47,3.320e+5,3.320e+5,9.711e-32,
366.52,5.478e+5,5.478e+5,4.142e-31,
366.57,8.708e+5,8.708e+5,1.703e-30,
366.62,1.334e+6,1.334e+6,6.748e-30,
366.67,1.969e+6,1.969e+6,2.577e-29,
366.72,2.801e+6,2.801e+6,9.488e-29,
366.77,3.839e+6,3.839e+6,3.367e-28,
366.82,5.070e+6,5.070e+6,1.151e-27,
366.87,6.452e+6,6.452e+6,3.796e-27,
366.92,7.912e+6,7.912e+6,1.206e-26,
366.97,9.349e+6,9.349e+6,3.694e-26,
367.02,1.065e+7,1.065e+7,1.090e-25,
367.07,1.168e+7,1.168e+7,3.102e-25,
367.12,1.235e+7,1.235e+7,8.508e-25,
367.17,1.258e+7,1.258e+7,2.249e-24,
367.22,1.235e+7,1.235e+7,5.730e-24,
367.27,1.168e+7,1.168e+7,1.407e-23,
367.32,1.065e+7,1.065e+7,3.330e-23,
367.37,9.349e+6,9.349e+6,7.598e-23,
367.42,7.912e+6,7.912e+6,1.671e-22,
367.47,6.452e+6,6.452e+6,3.542e-22,
367.52,5.070e+6,5.070e+6,7.235e-22,
367.57,3.839e+6,3.839e+6,1.425e-21,
367.62,2.801e+6,2.801e+6,2.704e-21,
367.67,1.969e+6,1.969e+6,4.947e-21,
367.72,1.334e+6,1.334e+6,8.723e-21,
367.77,8.708e+5,8.708e+5,1.482e-20,
367.82,5.478e+5,5.478e+5,2.429e-20,
367.87,3.320e+5,3.320e+5,3.835e-20,
367.92,1.939e+5,1.939e+5,5.836e-20,
367.97,1.091e+5,1.091e+5,8.561e-20,
368.02,5.918e+4,5.918e+4,1.210e-19,
368.07,3.092e+4,3.092e+4,1.650e-19,
368.12,1.557e+4,1.557e+4,2.167e-19,
368.17,7.555e+3,7.555e+3,2.743e-19,
368.22,3.532e+3,3.532e+3,3.348e-19,
368.27,1.591e+3,1.591e+3,3.938e-19,
368.32,6.908e+2,6.908e+2,4.465e-19,
368.37,2.890e+2,2.890e+2,4.879e-19,
368.42,1.165e+2,1.165e+2,5.139e-19,
368.47,4.524e+1,4.524e+1,5.217e-19,
368.52,1.693e+1,1.693e+1,5.106e-19,
368.57,6.105e+0,6.105e+0,4.816e-19,
368.62,2.122e+0,2.122e+0,4.378e-19,
368.67,7.104e-1,7.104e-1,3.836e-19,
368.72,2.292e-1,2.292e-1,3.240e-19,
368.77,7.126e-2,7.126e-2,2.638e-19,
368.82,2.135e-2,2.135e-2,2.070e-19,
368.87,6.163e-3,6.163e-3,1.565e-19,
368.92,1.714e-3,1.714e-3,1.141e-19,
368.97,4.595e-4,4.595e-4,8.018e-20,
369.02,1.187e-4,1.187e-4,5.431e-20,
369.07,2.954e-5,2.954e-5,3.545e-20,
369.12,7.084e-6,7.084e-6,2.231e-20,
369.17,1.637e-6,1.637e-6,1.353e-20,
369.22,3.645e-7,3.645e-7,7.908e-21,
369.27,7.821e-8,7.821e-8,4.456e-21,
369.32,1.617e-8,1.617e-8,2.420e-21,
369.37,3.222e-9,3.222e-9,1.267e-21,
369.42,6.391e-22,,6.391e-22,
369.47,3.108e-22,,3.108e-22,
369.52,1.457e-22,,1.457e-22,
369.57,6.582e-23,,6.582e-23,
369.62,2.866e-23,,2.866e-23,
369.67,1.203e-23,,1.203e-23,
369.72,4.868e-24,,4.868e-24,
369.77,1.898e-24,,1.898e-24,
369.82,7.135e-25,,7.135e-25,
369.87,6.396e-9,6.396e-9,2.585e-25,
369.92,3.122e-8,3.122e-8,9.027e-26,
369.97,1.470e-7,1.470e-7,3.038e-26,
370.02,6.674e-7,6.674e-7,9.857e-27,
370.07,2.923e-6,2.923e-6,3.082e-27,
370.12,1.235e-5,1.235e-5,9.291e-28,
370.17,5.032e-5,5.032e-5,2.699e-28,
370.22,1.978e-4,1.978e-4,7.558e-29,
370.27,7.498e-4,7.498e-4,2.040e-29,
370.32,2.741e-3,2.741e-3,5.307e-30,
370.37,9.668e-3,9.668e-3,1.331e-30,
370.42,3.289e-2,3.289e-2,3.216e-31,
370.47,1.079e-1,1.079e-1,7.493e-32,
370.52,3.415e-1,3.415e-1,1.683e-32,
370.57,1.042e+0,1.042e+0,3.642e-33,
370.62,3.068e+0,3.068e+0,7.597e-34,
370.67,8.713e+0,8.713e+0,1.528e-34,
370.72,2.386e+1,2.386e+1,,
370.77,6.305e+1,6.305e+1,,
370.82,1.606e+2,1.606e+2,,
370.87,3.948e+2,3.948e+2,,
370.92,9.359e+2,9.359e+2,,
370.97,2.140e+3,2.140e+3,,
371.02,4.719e+3,4.719e+3,,
371.07,1.004e+4,1.004e+4,,
371.12,2.060e+4,2.060e+4,,
371.17,4.076e+4,4.076e+4,,
371.22,7.779e+4,7.779e+4,,
371.27,1.432e+5,1.432e+5,,
371.32,2.543e+5,2.543e+5,,
371.37,4.356e+5,4.356e+5,,
371.42,7.196e+5,7.196e+5,,
371.47,1.147e+6,1.147e+6,,
371.52,1.762e+6,1.762e+6,,
371.57,2.612e+6,2.612e+6,,
371.62,3.735e+6,3.735e+6,,
371.67,5.150e+6,5.150e+6,,
371.72,6.851e+6,6.851e+6,,
371.77,8.790e+6,8.790e+6,,
371.82,1.088e+7,1.088e+7,,
371.87,1.298e+7,1.298e+7,,
371.92,1.495e+7,1.495e+7,,
371.97,1.660e+7,1.660e+7,,
372.02,1.777e+7,1.777e+7,,
372.07,1.836e+7,1.836e+7,,
372.12,1.830e+7,1.830e+7,,
372.17,1.758e+7,1.758e+7,,
372.22,1.630e+7,1.630e+7,,
372.27,1.457e+7,1.457e+7,,
372.32,1.257e+7,1.257e+7,,
372.37,1.045e+7,1.045e+7,,
372.42,8.386e+6,8.386e+6,,
372.47,6.490e+6,6.490e+6,,
372.52,4.844e+6,4.844e+6,,
372.57,3.487e+6,3.487e+6,,
372.62,2.421e+6,2.421e+6,,
372.67,1.622e+6,1.622e+6,,
372.72,1.048e+6,1.048e+6,,
372.77,6.527e+5,6.527e+5,,
372.82,3.923e+5,3.923e+5,,
372.87,2.274e+5,2.274e+5,,
372.92,1.271e+5,1.271e+5,,
372.97,6.856e+4,6.856e+4,,
373.02,3.566e+4,3.566e+4,,
373.07,1.789e+4,1.789e+4,,
373.12,8.657e+3,8.657e+3,,
373.17,4.041e+3,4.041e+3,,
373.22,1.819e+3,1.819e+3,,
373.27,7.898e+2,7.898e+2,,
373.32,3.308e+2,3.308e+2,,
373.37,1.336e+2,1.336e+2,,
373.42,5.206e+1,5.206e+1,,
373.47,1.957e+1,1.957e+1,,
373.52,7.092e+0,7.092e+0,,
373.57,2.480e+0,2.480e+0,,
373.62,8.362e-1,8.362e-1,,
373.67,2.720e-1,2.720e-1,,
373.72,8.533e-2,8.533e-2,,
373.77,2.582e-2,2.582e-2,,
373.82,7.536e-3,7.536e-3,,
373.87,2.121e-3,2.121e-3,,
373.92,5.760e-4,5.760e-4,,
373.97,1.509e-4,1.509e-4,,
374.02,3.811e-5,3.811e-5,,
374.07,9.285e-6,9.285e-6,,
374.12,2.182e-6,2.182e-6,,
374.17,4.946e-7,4.946e-7,,
374.22,1.081e-7,1.081e-7,,
374.27,2.280e-8,2.280e-8,,
374.32,4.638e-9,4.638e-9,,
377.22,4.978e-9,4.978e-9,,
377.27,2.392e-8,2.392e-8,,
377.32,1.110e-7,1.110e-7,,
377.37,4.976e-7,4.976e-7,,
377.42,2.155e-6,2.155e-6,,
377.47,9.011e-6,9.011e-6,,
377.52,3.640e-5,3.640e-5,,
377.57,1.420e-4,1.420e-4,,
377.62,5.353e-4,5.353e-4,,
377.67,1.948e-3,1.948e-3,,
377.72,6.851e-3,6.851e-3,,
377.77,2.327e-2,2.327e-2,,
377.82,7.632e-2,7.632e-2,,
377.87,2.418e-1,2.418e-1,,
377.92,7.399e-1,7.399e-1,,
377.97,2.187e+0,2.187e+0,,
378.02,6.244e+0,6.244e+0,,
378.07,1.722e+1,1.722e+1,,
378.12,4.587e+1,4.587e+1,,
378.17,1.180e+2,1.180e+2,,
378.22,2.932e+2,2.932e+2,,
378.27,7.038e+2,7.038e+2,,
378.32,1.632e+3,1.632e+3,,
378.37,3.654e+3,3.654e+3,,
378.42,7.903e+3,7.903e+3,,
378.47,1.651e+4,1.651e+4,,
378.52,3.332e+4,3.332e+4,,
378.57,6.493e+4,6.493e+4,,
378.62,1.222e+5,1.222e+5,,
378.67,2.223e+5,2.223e+5,,
378.72,3.904e+5,3.904e+5,,
378.77,6.622e+5,6.622e+5,,
378.82,1.085e+6,1.085e+6,,
378.87,1.717e+6,1.717e+6,,
378.92,2.625e+6,2.625e+6,,
378.97,3.876e+6,3.876e+6,,
379.02,5.528e+6,5.528e+6,,
379.07,7.615e+6,7.615e+6,,
379.12,1.013e+7,1.013e+7,,
379.17,1.302e+7,1.302e+7,,
379.22,1.616e+7,1.616e+7,,
379.27,1.938e+7,1.938e+7,,
379.32,2.244e+7,2.244e+7,,
379.37,2.510e+7,2.510e+7,,
379.42,2.712e+7,2.712e+7,,
379.47,2.830e+7,2.830e+7,,
379.52,2.853e+7,2.853e+7,,
379.57,2.778e+7,2.778e+7,,
379.62,2.612e+7,2.612e+7,,
379.67,2.372e+7,2.372e+7,,
379.72,2.081e+7,2.081e+7,,
379.77,1.764e+7,1.764e+7,,
379.82,1.444e+7,1.444e+7,,
379.87,1.141e+7,1.141e+7,,
379.92,8.714e+6,8.714e+6,,
379.97,6.427e+6,6.427e+6,,
380.02,4.579e+6,4.579e+6,,
380.07,3.151e+6,3.151e+6,,
380.12,2.094e+6,2.094e+6,,
380.17,1.344e+6,1.344e+6,,
380.22,8.335e+5,8.335e+5,,
380.27,4.992e+5,4.992e+5,,
380.32,2.888e+5,2.888e+5,,
380.37,1.614e+5,1.614e+5,,
380.42,8.708e+4,8.708e+4,,
380.47,4.539e+4,4.539e+4,,
380.52,2.286e+4,2.286e+4,,
380.57,1.112e+4,1.112e+4,,
380.62,5.221e+3,5.221e+3,,
380.67,2.369e+3,2.369e+3,,
380.72,1.038e+3,1.038e+3,,
380.77,4.394e+2,4.394e+2,,
380.82,1.797e+2,1.797e+2,,
380.87,7.095e+1,7.095e+1,,
380.92,2.706e+1,2.706e+1,,
380.97,9.970e+0,9.970e+0,,
381.02,3.548e+0,3.548e+0,,
381.07,1.219e+0,1.219e+0,,
381.12,4.048e-1,4.048e-1,,
381.17,1.298e-1,1.298e-1,,
381.22,4.021e-2,4.021e-2,,
381.27,1.203e-2,1.203e-2,,
381.32,3.476e-3,3.476e-3,,
381.37,9.701e-4,9.701e-4,,
381.42,2.615e-4,2.615e-4,,
381.47,6.810e-5,6.810e-5,,
381.52,1.713e-5,1.713e-5,,
381.57,4.161e-6,4.161e-6,,
381.62,9.762e-7,9.762e-7,,
381.67,2.213e-7,2.213e-7,,
381.72,4.843e-8,4.843e-8,,
381.77,1.024e-8,1.024e-8,,
389.18,1.096e-8,1.096e-8,,
389.23,4.996e-8,4.996e-8,,
389.28,2.204e-7,2.204e-7,,
389.33,9.408e-7,9.408e-7,,
389.38,3.888e-6,3.888e-6,,
389.43,1.555e-5,1.555e-5,,
389.48,6.020e-5,6.020e-5,,
389.53,2.256e-4,2.256e-4,,
389.58,8.180e-4,8.180e-4,,
389.63,2.872e-3,2.872e-3,,
389.68,9.757e-3,9.757e-3,,
389.73,3.209e-2,3.209e-2,,
389.78,1.021e-1,1.021e-1,,
389.83,3.147e-1,3.147e-1,,
389.88,9.385e-1,9.385e-1,,
389.93,2.709e+0,2.709e+0,,
389.98,7.568e+0,7.568e+0,,
390.03,2.047e+1,2.047e+1,,
390.08,5.357e+1,5.357e+1,,
390.13,1.357e+2,1.357e+2,,
390.18,3.328e+2,3.328e+2,,
390.23,7.898e+2,7.898e+2,,
390.28,1.814e+3,1.814e+3,,
390.33,4.034e+3,4.034e+3,,
390.38,8.683e+3,8.683e+3,,
390.43,1.809e+4,1.809e+4,,
390.48,3.647e+4,3.647e+4,,
390.53,7.117e+4,7.117e+4,,
390.58,1.344e+5,1.344e+5,,
390.63,2.458e+5,2.458e+5,,
390.68,4.350e+5,4.350e+5,,
390.73,7.450e+5,7.450e+5,,
390.78,1.235e+6,1.235e+6,,
390.83,1.982e+6,1.982e+6,,
390.88,3.079e+6,3.079e+6,,
390.93,4.628e+6,4.628e+6,,
390.98,6.735e+6,6.735e+6,,
391.03,9.485e+6,9.485e+6,,
391.08,1.293e+7,1.293e+7,,
391.13,1.706e+7,1.706e+7,,
391.18,2.179e+7,2.179e+7,,
391.23,2.694e+7,2.694e+7,,
391.28,3.223e+7,3.223e+7,,
391.33,3.732e+7,3.732e+7,,
391.38,4.184e+7,4.184e+7,,
391.43,4.539e+7,4.539e+7,,
391.48,4.767e+7,4.767e+7,,
391.53,4.845e+7,4.845e+7,,
391.58,4.767e+7,4.767e+7,,
391.63,4.539e+7,4.539e+7,,
391.68,4.184e+7,4.184e+7,,
391.73,3.732e+7,3.732e+7,,
391.78,3.223e+7,3.223e+7,,
391.83,2.694e+7,2.694e+7,,
391.88,2.179e+7,2.179e+7,,
391.93,1.706e+7,1.706e+7,,
391.98,1.293e+7,1.293e+7,,
392.03,9.485e+6,9.485e+6,,
392.08,6.735e+6,6.735e+6,,
392.13,4.628e+6,4.628e+6,,
392.18,3.079e+6,3.079e+6,,
392.23,1.982e+6,1.982e+6,,
392.28,1.235e+6,1.235e+6,,
392.33,7.450e+5,7.450e+5,,
392.38,4.350e+5,4.350e+5,,
392.43,2.458e+5,2.458e+5,,
392.48,1.344e+5,1.344e+5,,
392.53,7.117e+4,7.117e+4,,
392.58,3.647e+4,3.647e+4,,
392.63,1.809e+4,1.809e+4,,
392.68,8.683e+3,8.683e+3,,
392.73,4.034e+3,4.034e+3,,
392.78,1.814e+3,1.814e+3,,
392.83,7.898e+2,7.898e+2,,
392.88,3.328e+2,3.328e+2,,
392.93,1.357e+2,1.357e+2,,
392.98,5.357e+1,5.357e+1,,
393.03,2.047e+1,2.047e+1,,
393.08,7.568e+0,7.568e+0,,
393.13,2.709e+0,2.709e+0,,
393.18,9.385e-1,9.385e-1,,
393.23,3.147e-1,3.147e-1,,
393.28,1.021e-1,1.021e-1,,
393.33,3.209e-2,3.209e-2,,
393.38,9.757e-3,9.757e-3,,
393.43,2.872e-3,2.872e-3,,
393.48,8.180e-4,8.180e-4,,
393.53,2.256e-4,2.256e-4,,
393.58,6.020e-5,6.020e-5,,
393.63,1.555e-5,1.555e-5,,
393.68,3.888e-6,3.888e-6,,
393.73,9.408e-7,9.408e-7,,
393.78,2.204e-7,2.204e-7,,
393.83,4.996e-8,4.996e-8,,
393.88,1.096e-8,1.096e-8,,
410.78,2.301e-8,2.301e-8,,
410.83,9.689e-8,9.689e-8,,
410.88,3.961e-7,3.961e-7,,
410.93,1.573e-6,1.573e-6,,
410.98,6.065e-6,6.065e-6,,
411.03,2.271e-5,2.271e-5,,
411.08,8.261e-5,8.261e-5,,
411.13,2.918e-4,2.918e-4,,
411.18,1.001e-3,1.001e-3,,
411.23,3.333e-3,3.333e-3,,
411.28,1.078e-2,1.078e-2,,
411.33,3.388e-2,3.388e-2,,
411.38,1.034e-1,1.034e-1,,
411.43,3.062e-1,3.062e-1,,
411.48,8.812e-1,8.812e-1,,
411.53,2.462e+0,2.462e+0,,
411.58,6.682e+0,6.682e+0,,
411.63,1.761e+1,1.761e+1,,
411.68,4.507e+1,4.507e+1,,
411.73,1.120e+2,1.120e+2,,
411.78,2.704e+2,2.704e+2,,
411.83,6.340e+2,6.340e+2,,
411.88,1.443e+3,1.443e+3,,
411.93,3.191e+3,3.191e+3,,
411.98,6.851e+3,6.851e+3,,
412.03,1.429e+4,1.429e+4,,
412.08,2.893e+4,2.893e+4,,
412.13,5.689e+4,5.689e+4,,
412.18,1.087e+5,1.087e+5,,
412.23,2.015e+5,2.015e+5,,
412.28,3.630e+5,3.630e+5,,
412.33,6.350e+5,6.350e+5,,
412.38,1.079e+6,1.079e+6,,
412.43,1.780e+6,1.780e+6,,
412.48,2.851e+6,2.851e+6,,
412.53,4.436e+6,4.436e+6,,
412.58,6.703e+6,6.703e+6,,
412.63,9.837e+6,9.837e+6,,
412.68,1.402e+7,1.402e+7,,
412.73,1.940e+7,1.940e+7,,
412.78,2.608e+7,2.608e+7,,
412.83,3.404e+7,3.404e+7,,
412.88,4.315e+7,4.315e+7,,
412.93,5.312e+7,5.312e+7,,
412.98,6.350e+7,6.350e+7,,
413.03,7.373e+7,7.373e+7,3.441e-35,
413.08,8.313e+7,8.313e+7,1.435e-34,
413.13,9.103e+7,9.103e+7,5.810e-34,
413.18,9.680e+7,9.680e+7,2.286e-33,
413.23,9.997e+7,9.997e+7,8.738e-33,
413.28,1.003e+8,1.003e+8,3.244e-32,
413.33,9.766e+7,9.766e+7,1.170e-31,
413.38,9.237e+7,9.237e+7,4.101e-31,
413.43,8.485e+7,8.485e+7,1.396e-30,
413.48,7.570e+7,7.570e+7,4.616e-30,
413.53,6.558e+7,6.558e+7,1.483e-29,
413.58,5.518e+7,5.518e+7,4.628e-29,
413.63,4.508e+7,4.508e+7,1.403e-28,
413.68,3.578e+7,3.578e+7,4.133e-28,
413.73,2.757e+7,2.757e+7,1.182e-27,
413.78,2.063e+7,2.063e+7,3.286e-27,
413.83,1.500e+7,1.500e+7,8.874e-27,
413.88,1.058e+7,1.058e+7,2.328e-26,
413.93,7.255e+6,7.255e+6,5.931e-26,
413.98,4.829e+6,4.829e+6,1.468e-25,
414.03,3.122e+6,3.122e+6,3.531e-25,
414.08,1.960e+6,1.960e+6,8.249e-25,
414.13,1.195e+6,1.195e+6,1.872e-24,
414.18,7.076e+5,7.076e+5,4.127e-24,
414.23,4.069e+5,4.069e+5,8.840e-24,
414.28,2.272e+5,2.272e+5,1.839e-23,
414.33,1.232e+5,1.232e+5,3.718e-23,
414.38,6.490e+4,6.490e+4,7.300e-23,
414.43,3.320e+4,3.320e+4,1.392e-22,
414.48,1.649e+4,1.649e+4,2.580e-22,
414.53,7.955e+3,7.955e+3,4.645e-22,
414.58,3.727e+3,3.727e+3,8.123e-22,
414.63,1.695e+3,1.695e+3,1.380e-21,
414.68,7.491e+2,7.491e+2,2.277e-21,
414.73,3.214e+2,3.214e+2,3.651e-21,
414.78,1.339e+2,1.339e+2,5.687e-21,
414.83,5.420e+1,5.420e+1,8.604e-21,
414.88,2.130e+1,2.130e+1,1.265e-20,
414.93,8.130e+0,8.130e+0,1.806e-20,
414.98,3.014e+0,3.014e+0,2.505e-20,
415.03,1.085e+0,1.085e+0,3.375e-20,
415.08,3.792e-1,3.792e-1,4.419e-20,
415.13,1.287e-1,1.287e-1,5.619e-20,
415.18,4.244e-2,4.244e-2,6.942e-20,
415.23,1.359e-2,1.359e-2,8.332e-20,
415.28,4.226e-3,4.226e-3,9.714e-20,
415.33,1.276e-3,1.276e-3,1.100e-19,
415.38,3.742e-4,3.742e-4,1.211e-19,
415.43,1.066e-4,1.066e-4,1.294e-19,
415.48,2.948e-5,2.948e-5,1.344e-19,
415.53,7.917e-6,7.917e-6,1.355e-19,
415.58,2.065e-6,2.065e-6,1.328e-19,
415.63,5.232e-7,5.232e-7,1.264e-19,
415.68,1.287e-7,1.287e-7,1.169e-19,
415.73,3.075e-8,3.075e-8,1.050e-19,
415.78,9.167e-20,,9.167e-20,
415.83,7.772e-20,,7.772e-20,
415.88,6.402e-20,,6.402e-20,
415.93,5.122e-20,,5.122e-20,
415.98,3.981e-20,,3.981e-20,
416.03,3.006e-20,,3.006e-20,
416.08,2.205e-20,,2.205e-20,
416.13,1.571e-20,,1.571e-20,
416.18,1.088e-20,,1.088e-20,
416.23,7.316e-21,,7.316e-21,
416.28,4.780e-21,,4.780e-21,
416.33,3.033e-21,,3.033e-21,
416.38,1.870e-21,,1.870e-21,
416.43,1.120e-21,,1.120e-21,
416.48,6.518e-22,,6.518e-22,
416.53,3.684e-22,,3.684e-22,
416.58,2.023e-22,,2.023e-22,
416.63,1.079e-22,,1.079e-22,
416.68,5.592e-23,,5.592e-23,
416.73,2.815e-23,,2.815e-23,
416.78,1.377e-23,,1.377e-23,
416.84,5.617e-24,,5.617e-24,
416.89,2.577e-24,,2.577e-24,
416.94,1.149e-24,,1.149e-24,
416.99,4.975e-25,,4.975e-25,
417.04,2.093e-25,,2.093e-25,
417.09,8.553e-26,,8.553e-26,
417.14,3.396e-26,,3.396e-26,
417.19,1.310e-26,,1.310e-26,
417.24,4.907e-27,,4.907e-27,
417.29,1.786e-27,,1.786e-27,
417.34,6.315e-28,,6.315e-28,
417.39,2.169e-28,,2.169e-28,
417.44,7.238e-29,,7.238e-29,
417.49,2.346e-29,,2.346e-29,
417.54,7.388e-30,,7.388e-30,
417.59,2.260e-30,,2.260e-30,
417.64,6.717e-31,,6.717e-31,
417.69,1.939e-31,,1.939e-31,
417.74,5.439e-32,,5.439e-32,
417.79,1.482e-32,,1.482e-32,
417.84,3.922e-33,,3.922e-33,
417.89,1.008e-33,,1.008e-33,
417.94,2.519e-34,,2.519e-34,
417.99,6.113e-35,,6.113e-35,
418.04,1.441e-35,,1.441e-35,
424.74,1.180e-9,1.180e-9,,
424.79,4.757e-9,4.757e-9,,
424.84,1.865e-8,1.865e-8,,
424.89,7.116e-8,7.116e-8,,
424.94,2.642e-7,2.642e-7,,
424.99,9.542e-7,9.542e-7,,
425.04,3.353e-6,3.353e-6,,
425.09,1.147e-5,1.147e-5,,
425.14,3.815e-5,3.815e-5,,
425.19,1.235e-4,1.235e-4,,
425.24,3.890e-4,3.890e-4,,
425.29,1.192e-3,1.192e-3,,
425.34,3.555e-3,3.555e-3,,
425.39,1.032e-2,1.032e-2,,
425.44,2.912e-2,2.912e-2,,
425.49,7.999e-2,7.999e-2,,
425.54,2.138e-1,2.138e-1,,
425.59,5.559e-1,5.559e-1,,
425.64,1.407e+0,1.407e+0,,
425.69,3.463e+0,3.463e+0,,
425.74,8.294e+0,8.294e+0,,
425.79,1.933e+1,1.933e+1,,
425.84,4.383e+1,4.383e+1,,
425.89,9.672e+1,9.672e+1,,
425.94,2.076e+2,2.076e+2,,
425.99,4.337e+2,4.337e+2,,
426.04,8.815e+2,8.815e+2,,
426.09,1.743e+3,1.743e+3,,
426.14,3.354e+3,3.354e+3,,
426.19,6.279e+3,6.279e+3,,
426.24,1.144e+4,1.144e+4,,
426.29,2.027e+4,2.027e+4,,
426.34,3.496e+4,3.496e+4,,
426.39,5.865e+4,5.865e+4,,
426.44,9.575e+4,9.575e+4,,
426.49,1.521e+5,1.521e+5,,
426.54,2.351e+5,2.351e+5,,
426.59,3.535e+5,3.535e+5,,
426.64,5.173e+5,5.173e+5,,
426.69,7.364e+5,7.364e+5,,
426.74,1.020e+6,1.020e+6,,
426.79,1.375e+6,1.375e+6,,
426.84,1.803e+6,1.803e+6,,
426.89,2.301e+6,2.301e+6,,
426.94,2.856e+6,2.856e+6,,
426.99,3.450e+6,3.450e+6,,
427.04,4.055e+6,4.055e+6,,
427.09,4.638e+6,4.638e+6,,
427.14,5.160e+6,5.160e+6,,
427.19,5.587e+6,5.587e+6,,
427.24,5.885e+6,5.885e+6,,
427.29,6.032e+6,6.032e+6,,
427.34,6.015e+6,6.015e+6,,
427.39,5.837e+6,5.837e+6,,
427.44,5.511e+6,5.511e+6,,
427.49,5.062e+6,5.062e+6,,
427.54,4.525e+6,4.525e+6,,
427.59,3.935e+6,3.935e+6,,
427.64,3.330e+6,3.330e+6,,
427.69,2.741e+6,2.741e+6,,
427.74,2.196e+6,2.196e+6,,
427.79,1.712e+6,1.712e+6,,
427.84,1.298e+6,1.298e+6,,
427.89,9.578e+5,9.578e+5,,
427.94,6.877e+5,6.877e+5,,
427.99,4.804e+5,4.804e+5,,
428.04,3.265e+5,3.265e+5,,
428.09,2.160e+5,2.160e+5,,
428.14,1.390e+5,1.390e+5,,
428.19,8.700e+4,8.700e+4,,
428.24,5.300e+4,5.300e+4,,
428.29,3.142e+4,3.142e+4,,
428.34,1.812e+4,1.812e+4,,
428.39,1.017e+4,1.017e+4,,
428.44,5.551e+3,5.551e+3,,
428.49,2.949e+3,2.949e+3,,
428.54,1.524e+3,1.524e+3,,
428.59,7.666e+2,7.666e+2,,
428.64,3.751e+2,3.751e+2,,
428.69,1.786e+2,1.786e+2,,
428.74,8.274e+1,8.274e+1,,
428.79,3.729e+1,3.729e+1,,
428.84,1.636e+1,1.636e+1,,
428.89,6.980e+0,6.980e+0,,
428.94,2.898e+0,2.898e+0,,
428.99,1.171e+0,1.171e+0,,
429.04,4.602e-1,4.602e-1,,
429.09,1.760e-1,1.760e-1,,
429.14,6.550e-2,6.550e-2,,
429.19,2.371e-2,2.371e-2,,
429.24,8.354e-3,8.354e-3,,
429.29,2.864e-3,2.864e-3,,
429.34,9.551e-4,9.551e-4,,
429.39,3.099e-4,3.099e-4,,
429.44,9.786e-5,9.786e-5,,
429.49,3.006e-5,3.006e-5,,
429.54,8.987e-6,8.987e-6,,
429.59,2.614e-6,2.614e-6,,
429.64,7.397e-7,7.397e-7,,
429.69,2.037e-7,2.037e-7,,
429.74,5.456e-8,5.456e-8,,
429.79,1.422e-8,1.422e-8,,
429.84,3.607e-9,3.607e-9,,
429.89,8.902e-10,8.902e-10,,
429.94,3.889e-34,,3.889e-34,
429.99,1.599e-33,,1.599e-33,
430.04,6.161e-33,,6.161e-33,
430.09,2.312e-32,,2.312e-32,
430.14,8.445e-32,,8.445e-32,
430.19,3.004e-31,,3.004e-31,
430.24,1.040e-30,,1.040e-30,
430.29,3.508e-30,,3.508e-30,
430.34,1.152e-29,,1.152e-29,
430.39,3.682e-29,,3.682e-29,
430.44,1.146e-28,,1.146e-28,
430.49,3.473e-28,,3.473e-28,
430.54,1.025e-27,,1.025e-27,
430.59,2.944e-27,,2.944e-27,
430.64,8.236e-27,,8.236e-27,
430.69,2.243e-26,,2.243e-26,
430.74,5.949e-26,,5.949e-26,
430.79,1.536e-25,,1.536e-25,
430.84,3.862e-25,,3.862e-25,
430.89,9.453e-25,,9.453e-25,
430.94,2.253e-24,,2.253e-24,
430.99,5.228e-24,,5.228e-24,
431.04,1.181e-23,,1.181e-23,
431.09,2.599e-23,,2.599e-23,
431.14,5.567e-23,,5.567e-23,
431.19,1.161e-22,,1.161e-22,
431.24,2.358e-22,,2.358e-22,
431.29,4.662e-22,,4.662e-22,
431.34,8.975e-22,,8.975e-22,
431.39,1.682e-21,,1.682e-21,
431.44,3.071e-21,,3.071e-21,
431.49,5.457e-21,,5.457e-21,
431.54,9.442e-21,,9.442e-21,
431.59,1.591e-20,,1.591e-20,
431.64,2.609e-20,,2.609e-20,
431.69,4.168e-20,,4.168e-20,
431.74,6.482e-20,,6.482e-20,
431.79,9.815e-20,,9.815e-20,
431.84,1.447e-19,,1.447e-19,
431.89,2.077e-19,,2.077e-19,
431.94,2.904e-19,,2.904e-19,
431.99,3.952e-19,,3.952e-19,
432.04,5.236e-19,,5.236e-19,
432.09,6.756e-19,,6.756e-19,
432.14,8.488e-19,,8.488e-19,
432.19,1.038e-18,,1.038e-18,
432.24,1.237e-18,,1.237e-18,
432.29,1.434e-18,,1.434e-18,
432.34,1.619e-18,,1.619e-18,
432.39,1.780e-18,,1.780e-18,
432.44,1.906e-18,,1.906e-18,
432.49,1.987e-18,,1.987e-18,
432.54,2.016e-18,,2.016e-18,
432.59,1.993e-18,,1.993e-18,
432.64,1.917e-18,,1.917e-18,
432.69,1.796e-18,,1.796e-18,
432.74,1.639e-18,,1.639e-18,
432.79,1.455e-18,,1.455e-18,
432.84,1.259e-18,,1.259e-18,
432.89,1.060e-18,,1.060e-18,
432.94,8.692e-19,,8.692e-19,
432.99,6.939e-19,,6.939e-19,
433.04,5.395e-19,,5.395e-19,
433.09,4.083e-19,,4.083e-19,
433.14,3.010e-19,,3.010e-19,
433.19,2.160e-19,,2.160e-19,
433.24,1.509e-19,,1.509e-19,
433.29,1.027e-19,,1.027e-19,
433.34,6.803e-20,,6.803e-20,
433.39,4.388e-20,,4.388e-20,
433.44,2.756e-20,,2.756e-20,
433.49,1.686e-20,,1.686e-20,
433.54,1.004e-20,,1.004e-20,
433.59,5.820e-21,,5.820e-21,
433.64,3.286e-21,,3.286e-21,
433.69,1.807e-21,,1.807e-21,
433.74,9.671e-22,,9.671e-22,
433.79,5.041e-22,,5.041e-22,
433.84,2.558e-22,,2.558e-22,
433.89,1.264e-22,,1.264e-22,
433.94,6.083e-23,,6.083e-23,
433.99,2.850e-23,,2.850e-23,
434.04,1.300e-23,,1.300e-23,
434.09,5.776e-24,,5.776e-24,
434.14,2.498e-24,,2.498e-24,
434.19,1.052e-24,,1.052e-24,
434.24,4.315e-25,,4.315e-25,
434.29,1.723e-25,,1.723e-25,
434.34,6.701e-26,,6.701e-26,
434.39,2.537e-26,,2.537e-26,
434.44,9.353e-27,,9.353e-27,
434.49,3.357e-27,,3.357e-27,
434.54,1.174e-27,,1.174e-27,
434.59,3.994e-28,,3.994e-28,
434.64,1.324e-28,,1.324e-28,
434.69,4.272e-29,,4.272e-29,
434.74,1.342e-29,,1.342e-29,
434.79,4.107e-30,,4.107e-30,
434.84,1.224e-30,,1.224e-30,
434.89,3.550e-31,,3.550e-31,
434.94,1.003e-31,,1.003e-31,
434.99,2.759e-32,,2.759e-32,
435.04,7.389e-33,,7.389e-33,
435.09,1.927e-33,,1.927e-33,
435.14,4.894e-34,,4.894e-34,
435.19,3.492e-35,,3.492e-35,
447.14,4.870e-82,,,4.870e-82
447.19,5.505e-81,,,5.505e-81
447.24,2.047e-80,,,2.047e-80
447.29,7.431e-80,,,7.431e-80
447.34,2.632e-79,,,2.632e-79
447.39,9.097e-79,,,9.097e-79
447.44,3.069e-78,,,3.069e-78
447.49,1.010e-77,,,1.010e-77
447.54,3.245e-77,,,3.245e-77
447.59,1.017e-76,,,1.017e-76
447.64,3.112e-76,,,3.112e-76
447.7,1.153e-75,,,1.153e-75
447.75,3.341e-75,,,3.341e-75
447.8,9.453e-75,,,9.453e-75
447.85,2.610e-74,,,2.610e-74
447.9,7.030e-74,,,7.030e-74
447.95,1.848e-73,,,1.848e-73
448,4.741e-73,,,4.741e-73
448.05,1.187e-72,,,1.187e-72
448.1,2.899e-72,,,2.899e-72
448.15,6.911e-72,,,6.911e-72
448.2,1.608e-71,,,1.608e-71
448.25,3.649e-71,,,3.649e-71
448.3,8.083e-71,,,8.083e-71
448.35,1.747e-70,,,1.747e-70
448.4,3.685e-70,,,3.685e-70
448.45,7.583e-70,,,7.583e-70
448.5,1.523e-69,,,1.523e-69
448.55,2.984e-69,,,2.984e-69
448.6,5.707e-69,,,5.707e-69
448.65,1.065e-68,,,1.065e-68
448.7,1.939e-68,,,1.939e-68
448.75,3.444e-68,,,3.444e-68
448.8,5.971e-68,,,5.971e-68
448.85,1.010e-67,,,1.010e-67
448.9,1.667e-67,,,1.667e-67
448.95,2.685e-67,,,2.685e-67
449,4.220e-67,,,4.220e-67
449.05,6.471e-67,,,6.471e-67
449.1,9.682e-67,,,9.682e-67
449.15,1.414e-66,,,1.414e-66
449.2,2.014e-66,,,2.014e-66
449.25,2.799e-66,,,2.799e-66
449.3,3.797e-66,,,3.797e-66
449.35,5.024e-66,,,5.024e-66
449.4,6.488e-66,,,6.488e-66
449.45,8.174e-66,,,8.174e-66
449.5,1.005e-65,,,1.005e-65
449.55,1.205e-65,,,1.205e-65
449.6,1.411e-65,,,1.411e-65
449.65,1.611e-65,,,1.611e-65
449.7,1.795e-65,,,1.795e-65
449.75,1.952e-65,,,1.952e-65
449.8,2.070e-65,,,2.070e-65
449.85,2.143e-65,,,2.143e-65
449.9,2.164e-65,,,2.164e-65
449.95,2.132e-65,,,2.132e-65
450,2.050e-65,,,2.050e-65
450.05,1.923e-65,,,1.923e-65
450.1,1.760e-65,,,1.760e-65
450.15,1.572e-65,,,1.572e-65
450.2,1.369e-65,,,1.369e-65
450.25,1.164e-65,,,1.164e-65
450.3,9.657e-66,,,9.657e-66
450.35,7.815e-66,,,7.815e-66
450.4,6.171e-66,,,6.171e-66
450.45,4.754e-66,,,4.754e-66
450.5,3.573e-66,,,3.573e-66
450.55,2.621e-66,,,2.621e-66
450.6,1.875e-66,,,1.875e-66
450.65,1.309e-66,,,1.309e-66
450.7,8.917e-67,,,8.917e-67
450.75,5.926e-67,,,5.926e-67
450.8,3.843e-67,,,3.843e-67
450.85,2.431e-67,,,2.431e-67
450.9,1.501e-67,,,1.501e-67
450.95,9.037e-68,,,9.037e-68
451,5.310e-68,,,5.310e-68
451.05,3.044e-68,,,3.044e-68
451.1,1.703e-68,,,1.703e-68
451.15,9.292e-69,,,9.292e-69
451.2,4.947e-69,,,4.947e-69
451.25,2.570e-69,,,2.570e-69
451.3,1.302e-69,,,1.302e-69
451.35,6.441e-70,,,6.441e-70
451.4,3.107e-70,,,3.107e-70
451.45,1.463e-70,,,1.463e-70
451.5,6.717e-71,,,6.717e-71
451.55,3.009e-71,,,3.009e-71
451.6,1.316e-71,,,1.316e-71
451.65,5.611e-72,,,5.611e-72
451.7,2.335e-72,,,2.335e-72
451.75,9.479e-73,,,9.479e-73
451.8,3.755e-73,,,3.755e-73
451.85,1.451e-73,,,1.451e-73
451.9,5.471e-74,,,5.471e-74
451.95,2.013e-74,,,2.013e-74
452,7.223e-75,,,7.223e-75
452.05,2.529e-75,,,2.529e-75
452.1,8.640e-76,,,8.640e-76
452.15,2.880e-76,,,2.880e-76
452.2,9.365e-77,,,9.365e-77
452.25,2.971e-77,,,2.971e-77
452.3,9.196e-78,,,9.196e-78
452.35,2.777e-78,,,2.777e-78
452.4,8.183e-79,,,8.183e-79
452.45,2.352e-79,,,2.352e-79
452.5,6.597e-80,,,6.597e-80
452.55,1.805e-80,,,1.805e-80
452.6,4.756e-81,,,4.756e-81
457.5,2.857e-8,2.857e-8,,
457.55,1.052e-7,1.052e-7,,
457.6,3.781e-7,3.781e-7,,
457.65,1.328e-6,1.328e-6,,
457.7,4.554e-6,4.554e-6,,
457.75,1.525e-5,1.525e-5,,
457.8,4.990e-5,4.990e-5,,
457.85,1.594e-4,1.594e-4,,
457.9,4.976e-4,4.976e-4,,
457.95,1.517e-3,1.517e-3,,
458,4.515e-3,4.515e-3,,
458.05,1.313e-2,1.313e-2,,
458.1,3.727e-2,3.727e-2,,
458.15,1.034e-1,1.034e-1,,
458.2,2.800e-1,2.800e-1,,
458.25,7.408e-1,7.408e-1,,
458.3,1.914e+0,1.914e+0,,
458.35,4.831e+0,4.831e+0,,
458.4,1.191e+1,1.191e+1,,
458.45,2.867e+1,2.867e+1,,
458.5,6.740e+1,6.740e+1,,
458.55,1.548e+2,1.548e+2,,
458.6,3.471e+2,3.471e+2,,
458.65,7.604e+2,7.604e+2,,
458.7,1.627e+3,1.627e+3,,
458.75,3.399e+3,3.399e+3,,
458.8,6.937e+3,6.937e+3,,
458.85,1.383e+4,1.383e+4,,
458.9,2.692e+4,2.692e+4,,
458.95,5.118e+4,5.118e+4,,
459,9.505e+4,9.505e+4,,
459.05,1.724e+5,1.724e+5,,
459.1,3.054e+5,3.054e+5,,
459.15,5.284e+5,5.284e+5,,
459.2,8.928e+5,8.928e+5,,
459.25,1.473e+6,1.473e+6,,
459.3,2.375e+6,2.375e+6,,
459.35,3.739e+6,3.739e+6,,
459.4,5.749e+6,5.749e+6,,
459.45,8.634e+6,8.634e+6,,
459.5,1.266e+7,1.266e+7,,
459.55,1.814e+7,1.814e+7,,
459.6,2.538e+7,2.538e+7,,
459.65,3.468e+7,3.468e+7,,
459.7,4.629e+7,4.629e+7,,
459.75,6.033e+7,6.033e+7,,
459.8,7.681e+7,7.681e+7,,
459.85,9.551e+7,9.551e+7,,
459.9,1.160e+8,1.160e+8,,
459.95,1.376e+8,1.376e+8,,
460,1.594e+8,1.594e+8,,
460.05,1.803e+8,1.803e+8,,
460.1,1.993e+8,1.993e+8,,
460.15,2.151e+8,2.151e+8,,
460.2,2.267e+8,2.267e+8,,
460.25,2.334e+8,2.334e+8,,
460.3,2.347e+8,2.347e+8,,
460.35,2.305e+8,2.305e+8,,
460.4,2.211e+8,2.211e+8,,
460.45,2.071e+8,2.071e+8,,
460.5,1.895e+8,1.895e+8,,
460.55,1.693e+8,1.693e+8,,
460.6,1.478e+8,1.478e+8,,
460.65,1.260e+8,1.260e+8,,
460.7,1.049e+8,1.049e+8,,
460.75,8.528e+7,8.528e+7,,
460.8,6.773e+7,6.773e+7,,
460.85,5.253e+7,5.253e+7,,
460.9,3.980e+7,3.980e+7,,
460.95,2.945e+7,2.945e+7,,
461,2.128e+7,2.128e+7,,
461.05,1.502e+7,1.502e+7,,
461.1,1.035e+7,1.035e+7,,
461.15,6.971e+6,6.971e+6,,
461.2,4.584e+6,4.584e+6,,
461.25,2.944e+6,2.944e+6,,
461.3,1.847e+6,1.847e+6,,
461.35,1.131e+6,1.131e+6,,
461.4,6.769e+5,6.769e+5,,
461.45,3.956e+5,3.956e+5,,
461.5,2.258e+5,2.258e+5,,
461.55,1.259e+5,1.259e+5,,
461.6,6.852e+4,6.852e+4,,
461.65,3.644e+4,3.644e+4,,
461.7,1.892e+4,1.892e+4,,
461.75,9.600e+3,9.600e+3,,
461.8,4.756e+3,4.756e+3,,
461.85,2.301e+3,2.301e+3,,
461.9,1.087e+3,1.087e+3,,
461.95,5.019e+2,5.019e+2,,
462,2.263e+2,2.263e+2,,
462.05,9.963e+1,9.963e+1,,
462.1,4.284e+1,4.284e+1,,
462.15,1.799e+1,1.799e+1,,
462.2,7.381e+0,7.381e+0,,
462.25,2.957e+0,2.957e+0,,
462.3,1.157e+0,1.157e+0,,
462.35,4.422e-1,4.422e-1,,
462.4,1.650e-1,1.650e-1,,
462.45,6.017e-2,6.017e-2,,
462.5,2.142e-2,2.142e-2,,
462.55,7.450e-3,7.450e-3,,
462.6,2.530e-3,2.530e-3,,
462.65,8.393e-4,8.393e-4,,
462.7,2.719e-4,2.719e-4,,
462.75,8.604e-5,8.604e-5,,
462.8,2.659e-5,2.659e-5,,
462.85,8.026e-6,8.026e-6,,
462.9,2.366e-6,2.366e-6,,
462.95,6.813e-7,6.813e-7,,
463,1.916e-7,1.916e-7,,
463.05,5.262e-8,5.262e-8,,
464.35,6.513e-34,,6.513e-34,
464.4,2.662e-33,,2.662e-33,
464.45,9.350e-33,,9.350e-33,
464.5,3.210e-32,,3.210e-32,
464.55,1.077e-31,,1.077e-31,
464.6,3.534e-31,,3.534e-31,
464.65,1.133e-30,,1.133e-30,
464.7,3.550e-30,,3.550e-30,
464.75,1.087e-29,,1.087e-29,
464.8,3.255e-29,,3.255e-29,
464.85,9.525e-29,,9.525e-29,
464.9,2.724e-28,,2.724e-28,
464.95,7.614e-28,,7.614e-28,
465,2.080e-27,,2.080e-27,
465.05,5.555e-27,,5.555e-27,
465.1,1.450e-26,,1.450e-26,
465.15,3.699e-26,,3.699e-26,
465.2,9.222e-26,,9.222e-26,
465.25,2.247e-25,,2.247e-25,
465.3,5.353e-25,,5.353e-25,
465.35,1.246e-24,,1.246e-24,
465.4,2.836e-24,,2.836e-24,
465.45,6.307e-24,,6.307e-24,
465.5,1.371e-23,,1.371e-23,
465.55,2.913e-23,,2.913e-23,
465.6,6.050e-23,,6.050e-23,
465.65,1.228e-22,,1.228e-22,
465.7,2.436e-22,,2.436e-22,
465.75,4.724e-22,,4.724e-22,
465.8,8.954e-22,,8.954e-22,
465.85,1.659e-21,,1.659e-21,
465.9,3.003e-21,,3.003e-21,
465.95,5.314e-21,,5.314e-21,
466,9.192e-21,,9.192e-21,
466.05,1.554e-20,,1.554e-20,
466.1,2.568e-20,,2.568e-20,
466.15,4.147e-20,,4.147e-20,
466.2,6.547e-20,,6.547e-20,
466.25,1.010e-19,,1.010e-19,
466.3,1.523e-19,,1.523e-19,
466.35,2.245e-19,,2.245e-19,
466.4,3.235e-19,,3.235e-19,
466.45,4.556e-19,,4.556e-19,
466.5,6.272e-19,,6.272e-19,
466.55,8.439e-19,,8.439e-19,
466.6,1.110e-18,,1.110e-18,
466.65,1.427e-18,,1.427e-18,
466.7,1.794e-18,,1.794e-18,
466.75,2.204e-18,,2.204e-18,
466.8,2.649e-18,,2.649e-18,
466.85,3.112e-18,,3.112e-18,
466.9,3.576e-18,,3.576e-18,
466.95,4.020e-18,,4.020e-18,
467,4.422e-18,,4.422e-18,
467.05,4.761e-18,,4.761e-18,
467.1,5.021e-18,,5.021e-18,
467.15,5.189e-18,,5.189e-18,
467.2,5.259e-18,,5.259e-18,
467.25,5.234e-18,,5.234e-18,
467.3,5.122e-18,,5.122e-18,
467.35,4.935e-18,,4.935e-18,
467.4,4.692e-18,,4.692e-18,
467.45,4.411e-18,,4.411e-18,
467.5,4.110e-18,,4.110e-18,
467.55,3.805e-18,,3.805e-18,
467.6,3.507e-18,,3.507e-18,
467.65,3.224e-18,,3.224e-18,
467.7,2.960e-18,,2.960e-18,
467.75,2.713e-18,,2.713e-18,
467.8,2.482e-18,,2.482e-18,
467.85,2.261e-18,,2.261e-18,
467.9,2.049e-18,,2.049e-18,
467.95,1.841e-18,,1.841e-18,
468,1.637e-18,,1.637e-18,
468.05,1.437e-18,,1.437e-18,
468.1,1.243e-18,,1.243e-18,
468.15,1.058e-18,,1.058e-18,
468.2,8.838e-19,,8.838e-19,
468.25,7.246e-19,,7.246e-19,
468.3,5.824e-19,,5.824e-19,
468.35,4.585e-19,,4.585e-19,
468.4,3.534e-19,,3.534e-19,
468.45,2.666e-19,,2.666e-19,
468.5,1.967e-19,,1.967e-19,
468.55,1.420e-19,,1.420e-19,
468.6,1.002e-19,,1.002e-19,
468.65,6.918e-20,,6.918e-20,
468.7,4.669e-20,,4.669e-20,
468.75,3.080e-20,,3.080e-20,
468.8,1.987e-20,,1.987e-20,
468.85,1.253e-20,,1.253e-20,
468.9,7.721e-21,,7.721e-21,
468.95,4.651e-21,,4.651e-21,
469,2.739e-21,,2.739e-21,
469.05,1.577e-21,,1.577e-21,
469.1,8.871e-22,,8.871e-22,
469.15,4.879e-22,,4.879e-22,
469.2,2.623e-22,,2.623e-22,
469.25,1.378e-22,,1.378e-22,
469.3,7.077e-23,,7.077e-23,
469.35,3.553e-23,,3.553e-23,
469.4,1.743e-23,,1.743e-23,
469.45,8.360e-24,,8.360e-24,
469.5,3.919e-24,,3.919e-24,
469.55,1.795e-24,,1.795e-24,
469.6,8.041e-25,,8.041e-25,
469.65,3.520e-25,,3.520e-25,
469.7,1.506e-25,,1.506e-25,
469.75,6.298e-26,,6.298e-26,
469.8,2.574e-26,,2.574e-26,
469.85,1.029e-26,,1.029e-26,
469.9,4.017e-27,,4.017e-27,
469.95,1.533e-27,,1.533e-27,
470,5.721e-28,,5.721e-28,
470.05,2.086e-28,,2.086e-28,
470.1,7.436e-29,,7.436e-29,
470.15,2.591e-29,,2.591e-29,
470.2,8.822e-30,,8.822e-30,
470.25,2.937e-30,,2.937e-30,
470.3,9.554e-31,,9.554e-31,
470.35,3.038e-31,,3.038e-31,
470.4,9.443e-32,,9.443e-32,
470.45,2.869e-32,,2.869e-32,
470.5,8.519e-33,,8.519e-33,
470.55,2.473e-33,,2.473e-33,
470.6,7.015e-34,,7.015e-34,
470.65,7.679e-35,,7.679e-35,
475.95,8.809e-35,,8.809e-35,
476,3.073e-34,,3.073e-34,
476.05,1.049e-33,,1.049e-33,
476.1,3.504e-33,,3.504e-33,
476.15,1.145e-32,,1.145e-32,
476.2,3.661e-32,,3.661e-32,
476.25,1.145e-31,,1.145e-31,
476.3,3.505e-31,,3.505e-31,
476.35,1.050e-30,,1.050e-30,
476.4,3.076e-30,,3.076e-30,
476.45,8.819e-30,,8.819e-30,
476.5,2.474e-29,,2.474e-29,
476.55,6.790e-29,,6.790e-29,
476.6,1.824e-28,,1.824e-28,
476.65,4.791e-28,,4.791e-28,
476.7,1.232e-27,,1.232e-27,
476.75,3.098e-27,,3.098e-27,
476.8,7.626e-27,,7.626e-27,
476.85,1.836e-26,,1.836e-26,
476.9,4.327e-26,,4.327e-26,
476.95,9.974e-26,,9.974e-26,
477,2.250e-25,,2.250e-25,
477.05,4.965e-25,,4.965e-25,
477.1,1.072e-24,,1.072e-24,
477.15,2.265e-24,,2.265e-24,
477.2,4.682e-24,,4.682e-24,
477.25,9.470e-24,,9.470e-24,
477.3,1.874e-23,,1.874e-23,
477.35,3.629e-23,,3.629e-23,
477.4,6.874e-23,,6.874e-23,
477.45,1.274e-22,,1.274e-22,
477.5,2.311e-22,,2.311e-22,
477.55,4.101e-22,,4.101e-22,
477.6,7.120e-22,,7.120e-22,
477.65,1.210e-21,,1.210e-21,
477.7,2.010e-21,,2.010e-21,
477.75,3.270e-21,,3.270e-21,
477.8,5.203e-21,,5.203e-21,
477.85,8.100e-21,,8.100e-21,
477.9,1.234e-20,,1.234e-20,
477.95,1.839e-20,,1.839e-20,
478,2.682e-20,,2.682e-20,
478.05,3.826e-20,,3.826e-20,
478.1,5.342e-20,,5.342e-20,
478.15,7.297e-20,,7.297e-20,
478.2,9.752e-20,,9.752e-20,
478.25,1.275e-19,,1.275e-19,
478.3,1.631e-19,,1.631e-19,
478.35,2.042e-19,,2.042e-19,
478.4,2.502e-19,,2.502e-19,
478.45,2.998e-19,,2.998e-19,
478.5,3.515e-19,,3.515e-19,
478.56,4.134e-19,,4.134e-19,
478.61,4.621e-19,,4.621e-19,
478.66,5.053e-19,,5.053e-19,
478.71,5.406e-19,,5.406e-19,
478.76,5.660e-19,,5.660e-19,
478.81,5.797e-19,,5.797e-19,
478.86,5.810e-19,,5.810e-19,
478.91,5.697e-19,,5.697e-19,
478.96,5.466e-19,,5.466e-19,
479.01,5.131e-19,,5.131e-19,
479.06,4.712e-19,,4.712e-19,
479.11,4.235e-19,,4.235e-19,
479.16,3.724e-19,,3.724e-19,
479.21,3.203e-19,,3.203e-19,
479.26,2.696e-19,,2.696e-19,
479.31,2.221e-19,,2.221e-19,
479.36,1.790e-19,,1.790e-19,
479.41,1.411e-19,,1.411e-19,
479.46,1.088e-19,,1.088e-19,
479.51,8.216e-20,,8.216e-20,
479.56,6.067e-20,,6.067e-20,
479.61,4.384e-20,,4.384e-20,
479.66,3.100e-20,,3.100e-20,
479.71,2.144e-20,,2.144e-20,
479.76,1.451e-20,,1.451e-20,
479.81,9.610e-21,,9.610e-21,
479.86,6.227e-21,,6.227e-21,
479.91,3.947e-21,,3.947e-21,
479.96,2.449e-21,,2.449e-21,
480.01,1.486e-21,,1.486e-21,
480.06,8.824e-22,,8.824e-22,
480.11,5.127e-22,,5.127e-22,
480.16,2.915e-22,,2.915e-22,
480.21,1.621e-22,,1.621e-22,
480.26,8.822e-23,,8.822e-23,
480.31,4.698e-23,,4.698e-23,
480.36,2.447e-23,,2.447e-23,
480.41,1.248e-23,,1.248e-23,
480.46,6.222e-24,,6.222e-24,
480.51,3.036e-24,,3.036e-24,
480.56,1.450e-24,,1.450e-24,
480.61,6.773e-25,,6.773e-25,
480.66,3.096e-25,,3.096e-25,
480.71,1.385e-25,,1.385e-25,
480.76,6.059e-26,,6.059e-26,
480.81,2.594e-26,,2.594e-26,
480.86,1.087e-26,,1.087e-26,
480.91,4.454e-27,,4.454e-27,
480.96,1.786e-27,,1.786e-27,
481.01,7.009e-28,,7.009e-28,
481.06,2.691e-28,,2.691e-28,
481.11,1.011e-28,,1.011e-28,
481.16,3.715e-29,,3.715e-29,
481.21,1.336e-29,,1.336e-29,
481.26,4.700e-30,,4.700e-30,
481.31,1.618e-30,,1.618e-30,
481.36,5.450e-31,,5.450e-31,
481.41,1.796e-31,,1.796e-31,
481.46,5.802e-32,,5.802e-32,
481.51,1.860e-32,,1.860e-32,
481.56,6.686e-33,,6.686e-33,
481.61,5.014e-33,,5.014e-33,
481.66,1.077e-32,,1.077e-32,
481.71,3.132e-32,,3.132e-32,
481.76,9.267e-32,,9.267e-32,
481.81,2.696e-31,,2.696e-31,
481.86,7.680e-31,,7.680e-31,
481.91,2.141e-30,,2.141e-30,
481.96,5.845e-30,,5.845e-30,
482.01,1.562e-29,,1.562e-29,
482.06,4.084e-29,,4.084e-29,
482.11,1.046e-28,,1.046e-28,
482.16,2.621e-28,,2.621e-28,
482.21,6.431e-28,,6.431e-28,
482.26,1.544e-27,,1.544e-27,
482.31,3.631e-27,,3.631e-27,
482.36,8.357e-27,,8.357e-27,
482.41,1.883e-26,,1.883e-26,
482.46,4.152e-26,,4.152e-26,
482.51,8.964e-26,,8.964e-26,
482.56,1.894e-25,,1.894e-25,
482.61,3.919e-25,,3.919e-25,
482.66,7.937e-25,,7.937e-25,
482.71,1.573e-24,,1.573e-24,
482.76,3.053e-24,,3.053e-24,
482.81,5.801e-24,,5.801e-24,
482.86,1.079e-23,,1.079e-23,
482.91,1.964e-23,,1.964e-23,
482.96,3.499e-23,,3.499e-23,
483.01,6.104e-23,,6.104e-23,
483.06,1.042e-22,,1.042e-22,
483.11,1.742e-22,,1.742e-22,
483.16,2.851e-22,,2.851e-22,
483.21,4.567e-22,,4.567e-22,
483.26,7.161e-22,,7.161e-22,
483.31,1.099e-21,,1.099e-21,
483.36,1.652e-21,,1.652e-21,
483.41,2.429e-21,,2.429e-21,
483.46,3.498e-21,,3.498e-21,
483.51,4.930e-21,,4.930e-21,
483.56,6.802e-21,,6.802e-21,
483.61,9.187e-21,,9.187e-21,
483.66,1.215e-20,,1.215e-20,
483.71,1.572e-20,,1.572e-20,
483.76,1.992e-20,,1.992e-20,
483.81,2.470e-20,,2.470e-20,
483.86,2.999e-20,,2.999e-20,
483.91,3.565e-20,,3.565e-20,
483.96,4.147e-20,,4.147e-20,
484.01,4.723e-20,,4.723e-20,
484.06,5.266e-20,,5.266e-20,
484.11,5.747e-20,,5.747e-20,
484.16,6.139e-20,,6.139e-20,
484.21,6.420e-20,,6.420e-20,
484.26,6.573e-20,,6.573e-20,
484.31,6.587e-20,,6.587e-20,
484.36,6.462e-20,,6.462e-20,
484.41,6.205e-20,,6.205e-20,
484.46,5.833e-20,,5.833e-20,
484.51,5.368e-20,,5.368e-20,
484.56,4.835e-20,,4.835e-20,
484.61,4.264e-20,,4.264e-20,
484.66,3.681e-20,,3.681e-20,
484.71,3.110e-20,,3.110e-20,
484.76,2.573e-20,,2.573e-20,
484.81,2.083e-20,,2.083e-20,
484.86,1.651e-20,,1.651e-20,
484.91,1.281e-20,,1.281e-20,
484.96,9.732e-21,,9.732e-21,
485.01,7.236e-21,,7.236e-21,
485.06,5.267e-21,,5.267e-21,
485.11,3.753e-21,,3.753e-21,
485.16,2.617e-21,,2.617e-21,
485.21,1.787e-21,,1.787e-21,
485.26,1.194e-21,,1.194e-21,
485.31,7.815e-22,,7.815e-22,
485.36,5.005e-22,,5.005e-22,
485.41,3.138e-22,,3.138e-22,
485.46,1.926e-22,,1.926e-22,
485.51,1.157e-22,,1.157e-22,
485.56,6.805e-23,,6.805e-23,
485.61,3.918e-23,,3.918e-23,
485.66,2.208e-23,,2.208e-23,
485.71,1.218e-23,,1.218e-23,
485.76,6.578e-24,,6.578e-24,
485.81,3.478e-24,,3.478e-24,
485.86,1.800e-24,,1.800e-24,
485.91,9.119e-25,,9.119e-25,
485.96,4.527e-25,,4.527e-25,
486.01,2.211e-25,,2.211e-25,
486.06,1.081e-25,,1.081e-25,
486.11,5.757e-26,,5.757e-26,
486.16,4.308e-26,,4.308e-26,
486.21,5.747e-26,,5.747e-26,
486.26,1.101e-25,,1.101e-25,
486.31,2.321e-25,,2.321e-25,
486.36,4.915e-25,,4.915e-25,
486.41,1.024e-24,,1.024e-24,
486.46,2.093e-24,,2.093e-24,
486.51,4.189e-24,,4.189e-24,
486.56,8.210e-24,,8.210e-24,
486.61,1.576e-23,,1.576e-23,
486.66,2.962e-23,,2.962e-23,
486.71,5.451e-23,,5.451e-23,
486.76,9.826e-23,,9.826e-23,
486.81,1.734e-22,,1.734e-22,
486.86,2.998e-22,,2.998e-22,
486.91,5.075e-22,,5.075e-22,
486.96,8.413e-22,,8.413e-22,
487.01,1.366e-21,,1.366e-21,
487.06,2.171e-21,,2.171e-21,
487.11,3.380e-21,,3.380e-21,
487.16,5.153e-21,,5.153e-21,
487.21,7.693e-21,,7.693e-21,
487.26,1.125e-20,,1.125e-20,
487.31,1.610e-20,,1.610e-20,
487.36,2.258e-20,,2.258e-20,
487.41,3.100e-20,,3.100e-20,
487.46,4.168e-20,,4.168e-20,
487.51,5.489e-20,,5.489e-20,
487.56,7.077e-20,,7.077e-20,
487.61,8.937e-20,,8.937e-20,
487.66,1.105e-19,,1.105e-19,
487.71,1.338e-19,,1.338e-19,
487.76,1.587e-19,,1.587e-19,
487.81,1.843e-19,,1.843e-19,
487.86,2.096e-19,,2.096e-19,
487.91,2.334e-19,,2.334e-19,
487.96,2.546e-19,,2.546e-19,
488.01,2.719e-19,,2.719e-19,
488.06,2.844e-19,,2.844e-19,
488.11,2.913e-19,,2.913e-19,
488.16,2.922e-19,,2.922e-19,
488.21,2.870e-19,,2.870e-19,
488.26,2.761e-19,,2.761e-19,
488.31,2.600e-19,,2.600e-19,
488.36,2.399e-19,,2.399e-19,
488.41,2.167e-19,,2.167e-19,
488.46,1.917e-19,,1.917e-19,
488.51,1.661e-19,,1.661e-19,
488.56,1.409e-19,,1.409e-19,
488.61,1.171e-19,,1.171e-19,
488.66,9.523e-20,,9.523e-20,
488.71,7.587e-20,,7.587e-20,
488.76,5.920e-20,,5.920e-20,
488.81,4.523e-20,,4.523e-20,
488.86,3.384e-20,,3.384e-20,
488.91,2.480e-20,,2.480e-20,
488.96,1.779e-20,,1.779e-20,
489.01,1.250e-20,,1.250e-20,
489.06,8.603e-21,,8.603e-21,
489.11,5.797e-21,,5.797e-21,
489.16,3.826e-21,,3.826e-21,
489.21,2.472e-21,,2.472e-21,
489.26,1.565e-21,,1.565e-21,
489.31,9.696e-22,,9.696e-22,
489.36,5.885e-22,,5.885e-22,
489.41,3.497e-22,,3.497e-22,
489.46,2.035e-22,,2.035e-22,
489.51,1.160e-22,,1.160e-22,
489.56,6.475e-23,,6.475e-23,
489.61,3.539e-23,,3.539e-23,
489.66,1.894e-23,,1.894e-23,
489.71,9.929e-24,,9.929e-24,
489.76,5.097e-24,,5.097e-24,
489.81,2.562e-24,,2.562e-24,
489.86,1.261e-24,,1.261e-24,
489.91,6.079e-25,,6.079e-25,
489.96,2.870e-25,,2.870e-25,
490.01,1.327e-25,,1.327e-25,
490.06,6.006e-26,,6.006e-26,
490.11,2.663e-26,,2.663e-26,
490.16,1.156e-26,,1.156e-26,
490.21,4.915e-27,,4.915e-27,
490.26,2.046e-27,,2.046e-27,
490.31,8.342e-28,,8.342e-28,
490.36,3.331e-28,,3.331e-28,
490.41,1.302e-28,,1.302e-28,
490.46,4.986e-29,,4.986e-29,
490.51,1.870e-29,,1.870e-29,
490.56,6.865e-30,,6.865e-30,
490.61,2.468e-30,,2.468e-30,
490.66,8.692e-31,,8.692e-31,
490.71,2.997e-31,,2.997e-31,
490.76,1.012e-31,,1.012e-31,
490.81,3.347e-32,,3.347e-32,
490.86,1.084e-32,,1.084e-32,
490.91,3.437e-33,,3.437e-33,
490.96,1.067e-33,,1.067e-33,
491.01,3.246e-34,,3.246e-34,
491.06,9.668e-35,,9.668e-35,
491.11,5.760e-36,,5.760e-36,
494.16,8.830e-10,8.830e-10,,
494.21,8.869e-9,8.869e-9,,
494.26,2.908e-8,2.908e-8,,
494.31,9.342e-8,9.342e-8,,
494.36,2.941e-7,2.941e-7,,
494.41,9.075e-7,9.075e-7,,
494.46,2.744e-6,2.744e-6,,
494.51,8.131e-6,8.131e-6,,
494.56,2.361e-5,2.361e-5,,
494.61,6.719e-5,6.719e-5,,
494.66,1.874e-4,1.874e-4,,
494.71,5.121e-4,5.121e-4,,
494.76,1.371e-3,1.371e-3,,
494.81,3.599e-3,3.599e-3,,
494.86,9.257e-3,9.257e-3,,
494.91,2.333e-2,2.333e-2,,
494.96,5.763e-2,5.763e-2,,
495.01,1.395e-1,1.395e-1,,
495.06,3.309e-1,3.309e-1,,
495.11,7.691e-1,7.691e-1,,
495.16,1.752e+0,1.752e+0,,
495.21,3.911e+0,3.911e+0,,
495.26,8.556e+0,8.556e+0,,
495.31,1.834e+1,1.834e+1,,
495.36,3.854e+1,3.854e+1,,
495.41,7.934e+1,7.934e+1,,
495.46,1.601e+2,1.601e+2,,
495.51,3.165e+2,3.165e+2,,
495.56,6.133e+2,6.133e+2,,
495.61,1.165e+3,1.165e+3,,
495.66,2.167e+3,2.167e+3,,
495.71,3.952e+3,3.952e+3,,
495.76,7.062e+3,7.062e+3,,
495.81,1.237e+4,1.237e+4,,
495.86,2.122e+4,2.122e+4,,
495.91,3.569e+4,3.569e+4,,
495.96,5.883e+4,5.883e+4,,
496.01,9.501e+4,9.501e+4,,
496.06,1.504e+5,1.504e+5,,
496.11,2.333e+5,2.333e+5,,
496.16,3.546e+5,3.546e+5,,
496.21,5.281e+5,5.281e+5,,
496.26,7.709e+5,7.709e+5,,
496.31,1.103e+6,1.103e+6,,
496.36,1.546e+6,1.546e+6,,
496.41,2.124e+6,2.124e+6,,
496.46,2.860e+6,2.860e+6,,
496.51,3.773e+6,3.773e+6,,
496.56,4.878e+6,4.878e+6,,
496.61,6.180e+6,6.180e+6,,
496.66,7.674e+6,7.674e+6,,
496.71,9.337e+6,9.337e+6,,
496.76,1.113e+7,1.113e+7,,
496.81,1.301e+7,1.301e+7,,
496.86,1.490e+7,1.490e+7,,
496.91,1.672e+7,1.672e+7,,
496.96,1.839e+7,1.839e+7,,
497.01,1.982e+7,1.982e+7,,
497.06,2.093e+7,2.093e+7,,
497.11,2.166e+7,2.166e+7,,
497.16,2.197e+7,2.197e+7,,
497.21,2.184e+7,2.184e+7,,
497.26,2.127e+7,2.127e+7,,
497.31,2.030e+7,2.030e+7,,
497.36,1.899e+7,1.899e+7,,
497.41,1.741e+7,1.741e+7,,
497.46,1.564e+7,1.564e+7,,
497.51,1.377e+7,1.377e+7,,
497.56,1.188e+7,1.188e+7,,
497.61,1.004e+7,1.004e+7,,
497.66,8.320e+6,8.320e+6,,
497.71,6.755e+6,6.755e+6,,
497.76,5.375e+6,5.375e+6,,
497.81,4.191e+6,4.191e+6,,
497.86,3.202e+6,3.202e+6,,
497.91,2.398e+6,2.398e+6,,
497.96,1.760e+6,1.760e+6,,
498.01,1.265e+6,1.265e+6,,
498.06,8.918e+5,8.918e+5,,
498.11,6.159e+5,6.159e+5,,
498.16,4.168e+5,4.168e+5,,
498.21,2.765e+5,2.765e+5,,
498.26,1.797e+5,1.797e+5,,
498.31,1.144e+5,1.144e+5,,
498.36,7.143e+4,7.143e+4,,
498.41,4.369e+4,4.369e+4,,
498.46,2.619e+4,2.619e+4,,
498.51,1.539e+4,1.539e+4,,
498.56,8.857e+3,8.857e+3,,
498.61,4.997e+3,4.997e+3,,
498.66,2.762e+3,2.762e+3,,
498.71,1.497e+3,1.497e+3,,
498.76,7.945e+2,7.945e+2,,
498.81,4.134e+2,4.134e+2,,
498.86,2.108e+2,2.108e+2,,
498.91,1.053e+2,1.053e+2,,
498.96,5.157e+1,5.157e+1,,
499.01,2.475e+1,2.475e+1,,
499.06,1.164e+1,1.164e+1,,
499.11,5.362e+0,5.362e+0,,
499.16,2.422e+0,2.422e+0,,
499.21,1.072e+0,1.072e+0,,
499.26,4.648e-1,4.648e-1,,
499.31,1.975e-1,1.975e-1,,
499.36,8.227e-2,8.227e-2,,
499.41,3.358e-2,3.358e-2,,
499.46,1.343e-2,1.343e-2,,
499.51,5.265e-3,5.265e-3,,
499.56,2.022e-3,2.022e-3,,
499.61,7.612e-4,7.612e-4,,
499.66,2.808e-4,2.808e-4,,
499.71,1.015e-4,1.015e-4,,
499.76,3.596e-5,3.596e-5,,
499.81,1.249e-5,1.249e-5,,
499.86,4.248e-6,4.248e-6,,
499.91,1.416e-6,1.416e-6,,
499.96,4.627e-7,4.627e-7,,
500.01,1.482e-7,1.482e-7,,
500.06,4.649e-8,4.649e-8,,
500.11,1.429e-8,1.429e-8,,
500.16,4.308e-9,4.308e-9,,
500.76,1.107e-35,,1.107e-35,
500.81,3.615e-35,,3.615e-35,
500.86,1.158e-34,,1.158e-34,
500.91,3.638e-34,,3.638e-34,
500.96,1.120e-33,,1.120e-33,
501.01,3.384e-33,,3.384e-33,
501.06,1.002e-32,,1.002e-32,
501.11,2.908e-32,,2.908e-32,
501.16,8.279e-32,,8.279e-32,
501.21,2.311e-31,,2.311e-31,
501.26,6.323e-31,,6.323e-31,
501.31,1.696e-30,,1.696e-30,
501.36,4.463e-30,,4.463e-30,
501.41,1.151e-29,,1.151e-29,
501.46,2.912e-29,,2.912e-29,
501.51,7.220e-29,,7.220e-29,
501.56,1.756e-28,,1.756e-28,
501.61,4.185e-28,,4.185e-28,
501.66,9.783e-28,,9.783e-28,
501.71,2.242e-27,,2.242e-27,
501.76,5.038e-27,,5.038e-27,
501.81,1.110e-26,,1.110e-26,
501.86,2.398e-26,,2.398e-26,
501.91,5.080e-26,,5.080e-26,
501.96,1.055e-25,,1.055e-25,
502.01,2.149e-25,,2.149e-25,
502.06,4.290e-25,,4.290e-25,
502.11,8.398e-25,,8.398e-25,
502.16,1.612e-24,,1.612e-24,
502.21,3.034e-24,,3.034e-24,
502.26,5.599e-24,,5.599e-24,
502.31,1.013e-23,,1.013e-23,
502.36,1.797e-23,,1.797e-23,
502.41,3.126e-23,,3.126e-23,
502.46,5.332e-23,,5.332e-23,
502.51,8.916e-23,,8.916e-23,
502.56,1.462e-22,,1.462e-22,
502.61,2.350e-22,,2.350e-22,
502.66,3.705e-22,,3.705e-22,
502.71,5.726e-22,,5.726e-22,
502.76,8.677e-22,,8.677e-22,
502.81,1.289e-21,,1.289e-21,
502.86,1.878e-21,,1.878e-21,
502.91,2.683e-21,,2.683e-21,
502.96,3.757e-21,,3.757e-21,
503.01,5.160e-21,,5.160e-21,
503.06,6.947e-21,,6.947e-21,
503.11,9.172e-21,,9.172e-21,
503.16,1.187e-20,,1.187e-20,
503.21,1.507e-20,,1.507e-20,
503.26,1.875e-20,,1.875e-20,
503.31,2.288e-20,,2.288e-20,
503.36,2.737e-20,,2.737e-20,
503.41,3.211e-20,,3.211e-20,
503.46,3.693e-20,,3.693e-20,
503.51,4.164e-20,,4.164e-20,
503.56,4.604e-20,,4.604e-20,
503.61,4.992e-20,,4.992e-20,
503.66,5.306e-20,,5.306e-20,
503.71,5.530e-20,,5.530e-20,
503.76,5.651e-20,,5.651e-20,
503.81,5.662e-20,,5.662e-20,
503.86,5.563e-20,,5.563e-20,
503.91,5.359e-20,,5.359e-20,
503.96,5.061e-20,,5.061e-20,
504.01,4.687e-20,,4.687e-20,
504.06,4.255e-20,,4.255e-20,
504.11,3.789e-20,,3.789e-20,
504.16,3.307e-20,,3.307e-20,
504.21,2.830e-20,,2.830e-20,
504.26,2.375e-20,,2.375e-20,
504.31,1.954e-20,,1.954e-20,
504.36,1.577e-20,,1.577e-20,
504.41,1.247e-20,,1.247e-20,
504.46,9.673e-21,,9.673e-21,
504.51,7.356e-21,,7.356e-21,
504.56,5.485e-21,,5.485e-21,
504.61,4.010e-21,,4.010e-21,
504.66,2.874e-21,,2.874e-21,
504.71,2.020e-21,,2.020e-21,
504.76,1.392e-21,,1.392e-21,
504.81,9.406e-22,,9.406e-22,
504.86,6.232e-22,,6.232e-22,
504.91,4.048e-22,,4.048e-22,
504.96,2.578e-22,,2.578e-22,
505.01,1.610e-22,,1.610e-22,
505.06,9.858e-23,,9.858e-23,
505.11,5.919e-23,,5.919e-23,
505.16,3.484e-23,,3.484e-23,
505.21,2.011e-23,,2.011e-23,
505.26,1.138e-23,,1.138e-23,
505.31,6.314e-24,,6.314e-24,
505.36,3.435e-24,,3.435e-24,
505.41,1.832e-24,,1.832e-24,
505.46,9.583e-25,,9.583e-25,
505.51,4.914e-25,,4.914e-25,
505.56,2.471e-25,,2.471e-25,
505.61,1.218e-25,,1.218e-25,
505.66,5.889e-26,,5.889e-26,
505.71,2.791e-26,,2.791e-26,
505.76,1.297e-26,,1.297e-26,
505.81,5.910e-27,,5.910e-27,
505.86,2.640e-27,,2.640e-27,
505.91,1.157e-27,,1.157e-27,
505.96,4.968e-28,,4.968e-28,
506.01,2.092e-28,,2.092e-28,
506.06,8.638e-29,,8.638e-29,
506.11,3.497e-29,,3.497e-29,
506.16,1.388e-29,,1.388e-29,
506.21,5.403e-30,,5.403e-30,
506.26,2.062e-30,,2.062e-30,
506.31,7.715e-31,,7.715e-31,
506.36,2.830e-31,,2.830e-31,
506.41,1.018e-31,,1.018e-31,
506.46,3.591e-32,,3.591e-32,
506.51,1.242e-32,,1.242e-32,
506.56,4.211e-33,,4.211e-33,
506.61,1.400e-33,,1.400e-33,
506.66,4.563e-34,,4.563e-34,
506.71,1.458e-34,,1.458e-34,
506.76,4.571e-35,,4.571e-35,
506.81,1.404e-35,,1.404e-35,
516.77,9.098e-37,,9.098e-37,
516.82,2.891e-36,,2.891e-36,
516.87,9.017e-36,,9.017e-36,
516.92,2.761e-35,,2.761e-35,
516.97,8.299e-35,,8.299e-35,
517.02,2.449e-34,,2.449e-34,
517.07,7.093e-34,,7.093e-34,
517.12,2.017e-33,,2.017e-33,
517.17,5.631e-33,,5.631e-33,
517.22,1.543e-32,,1.543e-32,
517.27,4.151e-32,,4.151e-32,
517.32,1.096e-31,,1.096e-31,
517.37,2.842e-31,,2.842e-31,
517.42,7.232e-31,,7.232e-31,
517.47,1.807e-30,,1.807e-30,
517.52,4.431e-30,,4.431e-30,
517.57,1.067e-29,,1.067e-29,
517.62,2.521e-29,,2.521e-29,
517.67,5.850e-29,,5.850e-29,
517.72,1.332e-28,,1.332e-28,
517.77,2.979e-28,,2.979e-28,
517.82,6.538e-28,,6.538e-28,
517.87,1.409e-27,,1.409e-27,
517.92,2.980e-27,,2.980e-27,
517.97,6.187e-27,,6.187e-27,
518.02,1.261e-26,,1.261e-26,
518.07,2.523e-26,,2.523e-26,
518.12,4.957e-26,,4.957e-26,
518.17,9.558e-26,,9.558e-26,
518.22,1.809e-25,,1.809e-25,
518.27,3.362e-25,,3.362e-25,
518.32,6.133e-25,,6.133e-25,
518.37,1.098e-24,,1.098e-24,
518.42,1.931e-24,,1.931e-24,
518.47,3.332e-24,,3.332e-24,
518.52,5.645e-24,,5.645e-24,
518.57,9.388e-24,,9.388e-24,
518.62,1.533e-23,,1.533e-23,
518.67,2.456e-23,,2.456e-23,
518.72,3.865e-23,,3.865e-23,
518.77,5.969e-23,,5.969e-23,
518.82,9.050e-23,,9.050e-23,
518.87,1.347e-22,,1.347e-22,
518.92,1.968e-22,,1.968e-22,
518.97,2.823e-22,,2.823e-22,
519.02,3.975e-22,,3.975e-22,
519.07,5.494e-22,,5.494e-22,
519.12,7.454e-22,,7.454e-22,
519.17,9.930e-22,,9.930e-22,
519.22,1.298e-21,,1.298e-21,
519.27,1.667e-21,,1.667e-21,
519.32,2.100e-21,,2.100e-21,
519.37,2.598e-21,,2.598e-21,
519.42,3.155e-21,,3.155e-21,
519.47,3.761e-21,,3.761e-21,
519.52,4.401e-21,,4.401e-21,
519.57,5.056e-21,,5.056e-21,
519.62,5.702e-21,,5.702e-21,
519.67,6.313e-21,,6.313e-21,
519.72,6.861e-21,,6.861e-21,
519.77,7.320e-21,,7.320e-21,
519.82,7.666e-21,,7.666e-21,
519.87,7.882e-21,,7.882e-21,
519.92,7.955e-21,,7.955e-21,
519.97,7.882e-21,,7.882e-21,
520.02,7.666e-21,,7.666e-21,
520.07,7.320e-21,,7.320e-21,
520.12,6.861e-21,,6.861e-21,
520.17,6.313e-21,,6.313e-21,
520.22,5.702e-21,,5.702e-21,
520.27,5.056e-21,,5.056e-21,
520.32,4.401e-21,,4.401e-21,
520.37,3.761e-21,,3.761e-21,
520.42,3.155e-21,,3.155e-21,
520.47,2.598e-21,,2.598e-21,
520.52,2.100e-21,,2.100e-21,
520.57,1.667e-21,,1.667e-21,
520.62,1.298e-21,,1.298e-21,
520.67,9.930e-22,,9.930e-22,
520.72,7.454e-22,,7.454e-22,
520.77,5.494e-22,,5.494e-22,
520.82,3.975e-22,,3.975e-22,
520.87,2.823e-22,,2.823e-22,
520.92,1.968e-22,,1.968e-22,
520.97,1.347e-22,,1.347e-22,
521.02,9.050e-23,,9.050e-23,
521.07,5.969e-23,,5.969e-23,
521.12,3.865e-23,,3.865e-23,
521.17,2.456e-23,,2.456e-23,
521.22,1.533e-23,,1.533e-23,
521.27,9.388e-24,,9.388e-24,
521.32,5.645e-24,,5.645e-24,
521.37,3.332e-24,,3.332e-24,
521.42,1.931e-24,,1.931e-24,
521.47,1.098e-24,,1.098e-24,
521.52,6.133e-25,,6.133e-25,
521.57,3.362e-25,,3.362e-25,
521.62,1.809e-25,,1.809e-25,
521.67,9.558e-26,,9.558e-26,
521.72,4.957e-26,,4.957e-26,
521.77,2.523e-26,,2.523e-26,
521.82,1.261e-26,,1.261e-26,
521.87,6.187e-27,,6.187e-27,
521.92,2.980e-27,,2.980e-27,
521.97,1.409e-27,,1.409e-27,
522.02,6.538e-28,,6.538e-28,
522.07,2.979e-28,,2.979e-28,
522.12,1.332e-28,,1.332e-28,
522.17,5.850e-29,,5.850e-29,
522.22,2.521e-29,,2.521e-29,
522.27,1.067e-29,,1.067e-29,
522.32,4.431e-30,,4.431e-30,
522.37,1.807e-30,,1.807e-30,
522.42,7.232e-31,,7.232e-31,
522.47,2.842e-31,,2.842e-31,
522.52,1.096e-31,,1.096e-31,
522.57,4.151e-32,,4.151e-32,
522.62,1.543e-32,,1.543e-32,
522.67,5.631e-33,,5.631e-33,
522.72,2.017e-33,,2.017e-33,
522.77,7.093e-34,,7.093e-34,
522.82,2.449e-34,,2.449e-34,
522.87,8.299e-35,,8.299e-35,
522.92,2.761e-35,,2.761e-35,
522.97,9.017e-36,,9.017e-36,
523.02,2.891e-36,,2.891e-36,
536.92,1.383e-36,,1.383e-36,
536.97,6.249e-36,,6.249e-36,
537.02,1.867e-35,,1.867e-35,
537.07,5.485e-35,,5.485e-35,
537.12,1.584e-34,,1.584e-34,
537.17,4.496e-34,,4.496e-34,
537.22,1.255e-33,,1.255e-33,
537.27,3.442e-33,,3.442e-33,
537.32,9.282e-33,,9.282e-33,
537.37,2.461e-32,,2.461e-32,
537.42,6.413e-32,,6.413e-32,
537.47,1.643e-31,,1.643e-31,
537.52,4.137e-31,,4.137e-31,
537.57,1.024e-30,,1.024e-30,
537.62,2.493e-30,,2.493e-30,
537.67,5.964e-30,,5.964e-30,
537.72,1.403e-29,,1.403e-29,
537.77,3.243e-29,,3.243e-29,
537.82,7.371e-29,,7.371e-29,
537.87,1.647e-28,,1.647e-28,
537.92,3.617e-28,,3.617e-28,
537.97,7.810e-28,,7.810e-28,
538.02,1.658e-27,,1.658e-27,
538.07,3.459e-27,,3.459e-27,
538.12,7.095e-27,,7.095e-27,
538.17,1.431e-26,,1.431e-26,
538.22,2.836e-26,,2.836e-26,
538.27,5.526e-26,,5.526e-26,
538.32,1.059e-25,,1.059e-25,
538.37,1.994e-25,,1.994e-25,
538.42,3.691e-25,,3.691e-25,
538.47,6.717e-25,,6.717e-25,
538.52,1.202e-24,,1.202e-24,
538.57,2.113e-24,,2.113e-24,
538.62,3.654e-24,,3.654e-24,
538.67,6.211e-24,,6.211e-24,
538.72,1.038e-23,,1.038e-23,
538.77,1.705e-23,,1.705e-23,
538.82,2.753e-23,,2.753e-23,
538.87,4.370e-23,,4.370e-23,
538.92,6.821e-23,,6.821e-23,
538.97,1.047e-22,,1.047e-22,
539.02,1.579e-22,,1.579e-22,
539.07,2.341e-22,,2.341e-22,
539.12,3.413e-22,,3.413e-22,
539.17,4.893e-22,,4.893e-22,
539.22,6.896e-22,,6.896e-22,
539.27,9.556e-22,,9.556e-22,
539.32,1.302e-21,,1.302e-21,
539.37,1.744e-21,,1.744e-21,
539.42,2.298e-21,,2.298e-21,
539.47,2.977e-21,,2.977e-21,
539.52,3.792e-21,,3.792e-21,
539.57,4.751e-21,,4.751e-21,
539.62,5.854e-21,,5.854e-21,
539.67,7.096e-21,,7.096e-21,
539.72,8.460e-21,,8.460e-21,
539.77,9.924e-21,,9.924e-21,
539.82,1.145e-20,,1.145e-20,
539.87,1.301e-20,,1.301e-20,
539.92,1.455e-20,,1.455e-20,
539.97,1.601e-20,,1.601e-20,
540.02,1.735e-20,,1.735e-20,
540.07,1.852e-20,,1.852e-20,
540.12,1.947e-20,,1.947e-20,
540.17,2.017e-20,,2.017e-20,
540.22,2.060e-20,,2.060e-20,
540.27,2.075e-20,,2.075e-20,
540.33,2.056e-20,,2.056e-20,
540.38,2.010e-20,,2.010e-20,
540.43,1.940e-20,,1.940e-20,
540.48,1.850e-20,,1.850e-20,
540.53,1.742e-20,,1.742e-20,
540.58,1.622e-20,,1.622e-20,
540.63,1.493e-20,,1.493e-20,
540.68,1.359e-20,,1.359e-20,
540.73,1.223e-20,,1.223e-20,
540.78,1.089e-20,,1.089e-20,
540.83,9.597e-21,,9.597e-21,
540.88,8.364e-21,,8.364e-21,
540.93,7.210e-21,,7.210e-21,
540.98,6.146e-21,,6.146e-21,
541.03,5.181e-21,,5.181e-21,
541.08,4.316e-21,,4.316e-21,
541.13,3.553e-21,,3.553e-21,
541.18,2.889e-21,,2.889e-21,
541.23,2.319e-21,,2.319e-21,
541.28,1.837e-21,,1.837e-21,
541.33,1.436e-21,,1.436e-21,
541.38,1.107e-21,,1.107e-21,
541.43,8.416e-22,,8.416e-22,
541.48,6.304e-22,,6.304e-22,
541.53,4.653e-22,,4.653e-22,
541.58,3.383e-22,,3.383e-22,
541.63,2.422e-22,,2.422e-22,
541.68,1.707e-22,,1.707e-22,
541.73,1.184e-22,,1.184e-22,
541.78,8.085e-23,,8.085e-23,
541.83,5.432e-23,,5.432e-23,
541.88,3.591e-23,,3.591e-23,
541.93,2.335e-23,,2.335e-23,
541.98,1.494e-23,,1.494e-23,
542.03,9.398e-24,,9.398e-24,
542.08,5.815e-24,,5.815e-24,
542.13,3.539e-24,,3.539e-24,
542.18,2.118e-24,,2.118e-24,
542.23,1.246e-24,,1.246e-24,
542.28,7.211e-25,,7.211e-25,
542.33,4.102e-25,,4.102e-25,
542.38,2.295e-25,,2.295e-25,
542.43,1.262e-25,,1.262e-25,
542.48,6.824e-26,,6.824e-26,
542.53,3.628e-26,,3.628e-26,
542.58,1.896e-26,,1.896e-26,
542.63,9.743e-27,,9.743e-27,
542.68,4.922e-27,,4.922e-27,
542.73,2.444e-27,,2.444e-27,
542.78,1.193e-27,,1.193e-27,
542.83,5.727e-28,,5.727e-28,
542.88,2.702e-28,,2.702e-28,
542.93,1.254e-28,,1.254e-28,
542.98,5.716e-29,,5.716e-29,
543.03,2.562e-29,,2.562e-29,
543.08,1.129e-29,,1.129e-29,
543.13,4.892e-30,,4.892e-30,
543.18,2.083e-30,,2.083e-30,
543.23,8.722e-31,,8.722e-31,
543.28,3.590e-31,,3.590e-31,
543.33,1.452e-31,,1.452e-31,
543.38,5.777e-32,,5.777e-32,
543.43,2.259e-32,,2.259e-32,
543.48,8.679e-33,,8.679e-33,
543.53,3.280e-33,,3.280e-33,
543.58,1.219e-33,,1.219e-33,
543.63,4.485e-34,,4.485e-34,
543.68,1.703e-34,,1.703e-34,
543.73,8.666e-35,,8.666e-35,
543.78,1.046e-34,,1.046e-34,
543.83,2.414e-34,,2.414e-34,
543.88,6.391e-34,,6.391e-34,
543.93,1.700e-33,,1.700e-33,
543.98,4.460e-33,,4.460e-33,
544.03,1.151e-32,,1.151e-32,
544.08,2.921e-32,,2.921e-32,
544.13,7.290e-32,,7.290e-32,
544.18,1.789e-31,,1.789e-31,
544.23,4.319e-31,,4.319e-31,
544.28,1.025e-30,,1.025e-30,
544.33,2.393e-30,,2.393e-30,
544.38,5.494e-30,,5.494e-30,
544.43,1.240e-29,,1.240e-29,
544.48,2.753e-29,,2.753e-29,
544.53,6.012e-29,,6.012e-29,
544.58,1.291e-28,,1.291e-28,
544.63,2.725e-28,,2.725e-28,
544.68,5.659e-28,,5.659e-28,
544.73,1.156e-27,,1.156e-27,
544.78,2.321e-27,,2.321e-27,
544.83,4.584e-27,,4.584e-27,
544.88,8.902e-27,,8.902e-27,
544.93,1.700e-26,,1.700e-26,
544.98,3.194e-26,,3.194e-26,
545.03,5.899e-26,,5.899e-26,
545.08,1.072e-25,,1.072e-25,
545.13,1.914e-25,,1.914e-25,
545.18,3.363e-25,,3.363e-25,
545.23,5.810e-25,,5.810e-25,
545.28,9.872e-25,,9.872e-25,
545.33,1.649e-24,,1.649e-24,
545.38,2.710e-24,,2.710e-24,
545.43,4.380e-24,,4.380e-24,
545.48,6.961e-24,,6.961e-24,
545.53,1.088e-23,,1.088e-23,
545.58,1.673e-23,,1.673e-23,
545.63,2.530e-23,,2.530e-23,
545.68,3.765e-23,,3.765e-23,
545.73,5.514e-23,,5.514e-23,
545.78,7.952e-23,,7.952e-23,
545.83,1.130e-22,,1.130e-22,
545.88,1.586e-22,,1.586e-22,
545.93,2.202e-22,,2.202e-22,
545.98,3.037e-22,,3.037e-22,
546.03,4.186e-22,,4.186e-22,
546.08,5.816e-22,,5.816e-22,
546.13,8.241e-22,,8.241e-22,
546.18,1.207e-21,,1.207e-21,
546.23,1.848e-21,,1.848e-21,
546.28,2.976e-21,,2.976e-21,
546.33,5.031e-21,,5.031e-21,
546.38,8.840e-21,,8.840e-21,
546.43,1.593e-20,,1.593e-20,
546.48,2.910e-20,,2.910e-20,
546.53,5.330e-20,,5.330e-20,
546.58,9.723e-20,,9.723e-20,
546.63,1.758e-19,,1.758e-19,
546.68,3.143e-19,,3.143e-19,
546.73,5.541e-19,,5.541e-19,
546.78,9.628e-19,,9.628e-19,
546.83,1.647e-18,,1.647e-18,
546.88,2.775e-18,,2.775e-18,
546.93,4.600e-18,,4.600e-18,
546.98,7.504e-18,,7.504e-18,
547.03,1.204e-17,,1.204e-17,
547.08,1.902e-17,,1.902e-17,
547.13,2.955e-17,,2.955e-17,
547.18,4.517e-17,,4.517e-17,
547.23,6.793e-17,,6.793e-17,
547.28,1.005e-16,,1.005e-16,
547.33,1.463e-16,,1.463e-16,
547.38,2.095e-16,,2.095e-16,
547.43,2.951e-16,,2.951e-16,
547.48,4.091e-16,,4.091e-16,
547.53,5.578e-16,,5.578e-16,
547.58,7.483e-16,,7.483e-16,
547.63,9.875e-16,,9.875e-16,
547.68,1.282e-15,,1.282e-15,
547.73,1.638e-15,,1.638e-15,
547.78,2.058e-15,,2.058e-15,
547.83,2.544e-15,,2.544e-15,
547.88,3.094e-15,,3.094e-15,
547.93,3.703e-15,,3.703e-15,
547.98,4.358e-15,,4.358e-15,
548.03,5.047e-15,,5.047e-15,
548.08,5.750e-15,,5.750e-15,
548.13,6.445e-15,,6.445e-15,
548.18,7.106e-15,,7.106e-15,
548.23,7.708e-15,,7.708e-15,
548.28,8.225e-15,,8.225e-15,
548.33,8.635e-15,,8.635e-15,
548.38,8.918e-15,,8.918e-15,
548.43,9.061e-15,,9.061e-15,
548.48,9.056e-15,,9.056e-15,
548.53,8.905e-15,,8.905e-15,
548.58,8.614e-15,,8.614e-15,
548.63,8.197e-15,,8.197e-15,
548.68,7.674e-15,,7.674e-15,
548.73,7.067e-15,,7.067e-15,
548.78,6.403e-15,,6.403e-15,
548.83,5.707e-15,,5.707e-15,
548.88,5.004e-15,,5.004e-15,
548.93,4.316e-15,,4.316e-15,
548.98,3.662e-15,,3.662e-15,
549.03,3.057e-15,,3.057e-15,
549.08,2.510e-15,,2.510e-15,
549.13,2.028e-15,,2.028e-15,
549.18,1.612e-15,,1.612e-15,
549.23,1.260e-15,,1.260e-15,
549.28,9.689e-16,,9.689e-16,
549.33,7.330e-16,,7.330e-16,
549.38,5.455e-16,,5.455e-16,
549.43,3.994e-16,,3.994e-16,
549.48,2.876e-16,,2.876e-16,
549.53,2.038e-16,,2.038e-16,
549.58,1.420e-16,,1.420e-16,
549.63,9.737e-17,,9.737e-17,
549.68,6.567e-17,,6.567e-17,
549.73,4.357e-17,,4.357e-17,
549.78,2.844e-17,,2.844e-17,
549.83,1.826e-17,,1.826e-17,
549.88,1.153e-17,,1.153e-17,
549.93,7.163e-18,,7.163e-18,
549.98,4.378e-18,,4.378e-18,
550.03,2.632e-18,,2.632e-18,
550.08,1.557e-18,,1.557e-18,
550.13,9.055e-19,,9.055e-19,
550.18,5.182e-19,,5.182e-19,
550.23,2.917e-19,,2.917e-19,
550.28,1.615e-19,,1.615e-19,
550.33,8.800e-20,,8.800e-20,
550.38,4.715e-20,,4.715e-20,
550.43,2.485e-20,,2.485e-20,
550.48,1.289e-20,,1.289e-20,
550.53,6.573e-21,,6.573e-21,
550.58,3.298e-21,,3.298e-21,
550.63,1.628e-21,,1.628e-21,
550.68,7.902e-22,,7.902e-22,
550.73,3.774e-22,,3.774e-22,
550.78,1.773e-22,,1.773e-22,
550.83,8.191e-23,,8.191e-23,
550.88,3.723e-23,,3.723e-23,
550.93,1.665e-23,,1.665e-23,
550.98,7.322e-24,,7.322e-24,
551.03,3.168e-24,,3.168e-24,
551.08,1.348e-24,,1.348e-24,
551.13,5.643e-25,,5.643e-25,
551.18,2.324e-25,,2.324e-25,
551.23,9.413e-26,,9.413e-26,
551.28,3.750e-26,,3.750e-26,
551.33,1.470e-26,,1.470e-26,
551.38,5.666e-27,,5.666e-27,
551.43,2.149e-27,,2.149e-27,
551.48,8.014e-28,,8.014e-28,
551.53,2.941e-28,,2.941e-28,
551.58,1.061e-28,,1.061e-28,
551.63,3.767e-29,,3.767e-29,
551.68,1.306e-29,,1.306e-29,
551.73,4.487e-30,,4.487e-30,
551.78,1.119e-30,,1.119e-30,
551.83,3.744e-31,,3.744e-31,
561.98,4.153e-37,,4.153e-37,
562.03,1.197e-36,,1.197e-36,
562.08,3.399e-36,,3.399e-36,
562.13,9.499e-36,,9.499e-36,
562.18,2.613e-35,,2.613e-35,
562.23,7.077e-35,,7.077e-35,
562.28,1.887e-34,,1.887e-34,
562.33,4.954e-34,,4.954e-34,
562.38,1.280e-33,,1.280e-33,
562.43,3.257e-33,,3.257e-33,
562.48,8.157e-33,,8.157e-33,
562.53,2.011e-32,,2.011e-32,
562.58,4.883e-32,,4.883e-32,
562.63,1.167e-31,,1.167e-31,
562.68,2.745e-31,,2.745e-31,
562.73,6.359e-31,,6.359e-31,
562.78,1.450e-30,,1.450e-30,
562.83,3.255e-30,,3.255e-30,
562.88,7.194e-30,,7.194e-30,
562.93,1.565e-29,,1.565e-29,
562.98,3.353e-29,,3.353e-29,
563.03,7.070e-29,,7.070e-29,
563.08,1.468e-28,,1.468e-28,
563.13,3.000e-28,,3.000e-28,
563.18,6.036e-28,,6.036e-28,
563.23,1.196e-27,,1.196e-27,
563.28,2.332e-27,,2.332e-27,
563.33,4.477e-27,,4.477e-27,
563.38,8.461e-27,,8.461e-27,
563.43,1.574e-26,,1.574e-26,
563.48,2.884e-26,,2.884e-26,
563.53,5.201e-26,,5.201e-26,
563.58,9.234e-26,,9.234e-26,
563.63,1.614e-25,,1.614e-25,
563.68,2.777e-25,,2.777e-25,
563.73,4.705e-25,,4.705e-25,
563.78,7.846e-25,,7.846e-25,
563.83,1.288e-24,,1.288e-24,
563.88,2.082e-24,,2.082e-24,
563.93,3.314e-24,,3.314e-24,
563.98,5.191e-24,,5.191e-24,
564.03,8.006e-24,,8.006e-24,
564.08,1.216e-23,,1.216e-23,
564.13,1.817e-23,,1.817e-23,
564.18,2.674e-23,,2.674e-23,
564.23,3.874e-23,,3.874e-23,
564.28,5.525e-23,,5.525e-23,
564.33,7.758e-23,,7.758e-23,
564.38,1.072e-22,,1.072e-22,
564.43,1.460e-22,,1.460e-22,
564.48,1.955e-22,,1.955e-22,
564.53,2.579e-22,,2.579e-22,
564.58,3.349e-22,,3.349e-22,
564.63,4.281e-22,,4.281e-22,
564.68,5.388e-22,,5.388e-22,
564.73,6.676e-22,,6.676e-22,
564.78,8.143e-22,,8.143e-22,
564.83,9.778e-22,,9.778e-22,
564.88,1.156e-21,,1.156e-21,
564.93,1.345e-21,,1.345e-21,
564.98,1.541e-21,,1.541e-21,
565.03,1.739e-21,,1.739e-21,
565.08,1.931e-21,,1.931e-21,
565.13,2.111e-21,,2.111e-21,
565.18,2.272e-21,,2.272e-21,
565.23,2.407e-21,,2.407e-21,
565.28,2.511e-21,,2.511e-21,
565.33,2.579e-21,,2.579e-21,
565.38,2.607e-21,,2.607e-21,
565.43,2.595e-21,,2.595e-21,
565.48,2.543e-21,,2.543e-21,
565.53,2.453e-21,,2.453e-21,
565.58,2.329e-21,,2.329e-21,
565.63,2.178e-21,,2.178e-21,
565.68,2.005e-21,,2.005e-21,
565.73,1.817e-21,,1.817e-21,
565.78,1.621e-21,,1.621e-21,
565.83,1.423e-21,,1.423e-21,
565.88,1.231e-21,,1.231e-21,
565.93,1.047e-21,,1.047e-21,
565.98,8.777e-22,,8.777e-22,
566.03,7.241e-22,,7.241e-22,
566.08,5.881e-22,,5.881e-22,
566.13,4.702e-22,,4.702e-22,
566.18,3.702e-22,,3.702e-22,
566.23,2.869e-22,,2.869e-22,
566.28,2.189e-22,,2.189e-22,
566.33,1.644e-22,,1.644e-22,
566.38,1.215e-22,,1.215e-22,
566.43,8.848e-23,,8.848e-23,
566.48,6.341e-23,,6.341e-23,
566.53,4.474e-23,,4.474e-23,
566.58,3.107e-23,,3.107e-23,
566.63,2.125e-23,,2.125e-23,
566.68,1.430e-23,,1.430e-23,
566.73,9.480e-24,,9.480e-24,
566.78,6.185e-24,,6.185e-24,
566.83,3.973e-24,,3.973e-24,
566.88,2.512e-24,,2.512e-24,
566.93,1.564e-24,,1.564e-24,
566.98,9.586e-25,,9.586e-25,
567.03,5.784e-25,,5.784e-25,
567.08,3.436e-25,,3.436e-25,
567.13,2.009e-25,,2.009e-25,
567.18,1.157e-25,,1.157e-25,
567.23,6.556e-26,,6.556e-26,
567.28,3.658e-26,,3.658e-26,
567.33,2.009e-26,,2.009e-26,
567.38,1.087e-26,,1.087e-26,
567.43,5.786e-27,,5.786e-27,
567.48,3.033e-27,,3.033e-27,
567.53,1.565e-27,,1.565e-27,
567.58,7.949e-28,,7.949e-28,
567.63,3.976e-28,,3.976e-28,
567.68,1.957e-28,,1.957e-28,
567.73,9.488e-29,,9.488e-29,
567.78,4.527e-29,,4.527e-29,
567.83,2.127e-29,,2.127e-29,
567.88,9.837e-30,,9.837e-30,
567.93,4.479e-30,,4.479e-30,
567.98,2.008e-30,,2.008e-30,
568.03,8.859e-31,,8.859e-31,
568.08,3.849e-31,,3.849e-31,
568.13,1.646e-31,,1.646e-31,
568.18,6.932e-32,,6.932e-32,
568.23,2.873e-32,,2.873e-32,
568.28,1.173e-32,,1.173e-32,
568.33,4.711e-33,,4.711e-33,
568.38,1.863e-33,,1.863e-33,
568.43,7.256e-34,,7.256e-34,
568.48,2.781e-34,,2.781e-34,
568.53,1.050e-34,,1.050e-34,
568.58,3.900e-35,,3.900e-35,
568.63,1.427e-35,,1.427e-35,
568.68,5.137e-36,,5.137e-36,
568.73,1.821e-36,,1.821e-36,
568.78,6.355e-37,,6.355e-37,
606.7,1.963e-7,1.963e-7,,
606.75,5.202e-7,5.202e-7,,
606.8,1.361e-6,1.361e-6,,
606.85,3.511e-6,3.511e-6,,
606.9,8.940e-6,8.940e-6,,
606.95,2.246e-5,2.246e-5,,
607,5.567e-5,5.567e-5,,
607.05,1.362e-4,1.362e-4,,
607.1,3.286e-4,3.286e-4,,
607.15,7.823e-4,7.823e-4,,
607.2,1.838e-3,1.838e-3,,
607.25,4.260e-3,4.260e-3,,
607.3,9.742e-3,9.742e-3,,
607.35,2.198e-2,2.198e-2,,
607.4,4.894e-2,4.894e-2,,
607.45,1.075e-1,1.075e-1,,
607.5,2.330e-1,2.330e-1,,
607.55,4.984e-1,4.984e-1,,
607.6,1.052e+0,1.052e+0,,
607.65,2.189e+0,2.189e+0,,
607.7,4.497e+0,4.497e+0,,
607.75,9.116e+0,9.116e+0,,
607.8,1.823e+1,1.823e+1,,
607.85,3.597e+1,3.597e+1,,
607.9,7.003e+1,7.003e+1,,
607.95,1.345e+2,1.345e+2,,
608,2.549e+2,2.549e+2,,
608.05,4.767e+2,4.767e+2,,
608.1,8.796e+2,8.796e+2,,
608.15,1.601e+3,1.601e+3,,
608.2,2.877e+3,2.877e+3,,
608.25,5.098e+3,5.098e+3,,
608.3,8.915e+3,8.915e+3,,
608.35,1.538e+4,1.538e+4,,
608.4,2.618e+4,2.618e+4,,
608.45,4.398e+4,4.398e+4,,
608.5,7.289e+4,7.289e+4,,
608.55,1.192e+5,1.192e+5,,
608.6,1.923e+5,1.923e+5,,
608.65,3.061e+5,3.061e+5,,
608.7,4.808e+5,4.808e+5,,
608.75,7.451e+5,7.451e+5,,
608.8,1.139e+6,1.139e+6,,
608.85,1.719e+6,1.719e+6,,
608.9,2.559e+6,2.559e+6,,
608.95,3.758e+6,3.758e+6,,
609,5.446e+6,5.446e+6,,
609.05,7.788e+6,7.788e+6,,
609.1,1.099e+7,1.099e+7,,
609.15,1.529e+7,1.529e+7,,
609.2,2.100e+7,2.100e+7,,
609.25,2.846e+7,2.846e+7,,
609.3,3.806e+7,3.806e+7,,
609.35,5.021e+7,5.021e+7,,
609.4,6.535e+7,6.535e+7,,
609.45,8.393e+7,8.393e+7,,
609.5,1.064e+8,1.064e+8,,
609.55,1.330e+8,1.330e+8,,
609.6,1.641e+8,1.641e+8,,
609.65,1.997e+8,1.997e+8,,
609.7,2.398e+8,2.398e+8,,
609.75,2.842e+8,2.842e+8,,
609.8,3.322e+8,3.322e+8,,
609.85,3.833e+8,3.833e+8,,
609.9,4.362e+8,4.362e+8,,
609.95,4.899e+8,4.899e+8,,
610,5.428e+8,5.428e+8,,
610.05,5.935e+8,5.935e+8,,
610.1,6.402e+8,6.402e+8,,
610.15,6.814e+8,6.814e+8,,
610.2,7.155e+8,7.155e+8,,
610.25,7.414e+8,7.414e+8,,
610.3,7.580e+8,7.580e+8,,
610.35,7.646e+8,7.646e+8,,
610.4,7.610e+8,7.610e+8,,
610.45,7.473e+8,7.473e+8,,
610.5,7.240e+8,7.240e+8,,
610.55,6.922e+8,6.922e+8,,
610.6,6.529e+8,6.529e+8,,
610.65,6.077e+8,6.077e+8,,
610.7,5.580e+8,5.580e+8,,
610.75,5.056e+8,5.056e+8,,
610.8,4.520e+8,4.520e+8,,
610.85,3.986e+8,3.986e+8,,
610.9,3.469e+8,3.469e+8,,
610.95,2.979e+8,2.979e+8,,
611,2.524e+8,2.524e+8,,
611.05,2.110e+8,2.110e+8,,
611.1,1.740e+8,1.740e+8,,
611.15,1.416e+8,1.416e+8,,
611.2,1.137e+8,1.137e+8,,
611.25,9.010e+7,9.010e+7,,
611.3,7.043e+7,7.043e+7,,
611.35,5.432e+7,5.432e+7,,
611.4,4.134e+7,4.134e+7,,
611.45,3.104e+7,3.104e+7,,
611.5,2.300e+7,2.300e+7,,
611.55,1.681e+7,1.681e+7,,
611.6,1.212e+7,1.212e+7,,
611.65,8.627e+6,8.627e+6,,
611.7,6.057e+6,6.057e+6,,
611.75,4.196e+6,4.196e+6,,
611.8,2.868e+6,2.868e+6,,
611.85,1.934e+6,1.934e+6,,
611.9,1.287e+6,1.287e+6,,
611.95,8.452e+5,8.452e+5,,
612,5.475e+5,5.475e+5,,
612.05,3.500e+5,3.500e+5,,
612.1,2.207e+5,2.207e+5,,
612.15,1.373e+5,1.373e+5,,
612.2,8.432e+4,8.432e+4,,
612.25,5.108e+4,5.108e+4,,
612.3,3.053e+4,3.053e+4,,
612.35,1.800e+4,1.800e+4,,
612.4,1.048e+4,1.048e+4,,
612.45,6.015e+3,6.015e+3,,
612.5,3.407e+3,3.407e+3,,
612.55,1.904e+3,1.904e+3,,
612.6,1.050e+3,1.050e+3,,
612.65,5.714e+2,5.714e+2,,
612.7,3.068e+2,3.068e+2,,
612.75,1.625e+2,1.625e+2,,
612.8,8.493e+1,8.493e+1,,
612.85,4.379e+1,4.379e+1,,
612.9,2.228e+1,2.228e+1,,
612.95,1.119e+1,1.119e+1,,
613,5.541e+0,5.541e+0,,
613.05,2.708e+0,2.708e+0,,
613.1,1.306e+0,1.306e+0,,
613.15,6.213e-1,6.213e-1,,
613.2,2.917e-1,2.917e-1,,
613.25,1.351e-1,1.351e-1,,
613.3,6.174e-2,6.174e-2,,
613.35,2.784e-2,2.784e-2,,
613.4,1.239e-2,1.239e-2,,
613.45,5.438e-3,5.438e-3,,
613.5,2.355e-3,2.355e-3,,
613.55,1.006e-3,1.006e-3,,
613.6,4.244e-4,4.244e-4,,
613.65,1.766e-4,1.766e-4,,
613.7,7.248e-5,7.248e-5,,
613.75,2.936e-5,2.936e-5,,
613.8,1.173e-5,1.173e-5,,
613.85,4.626e-6,4.626e-6,,
613.9,1.800e-6,1.800e-6,,
613.95,6.908e-7,6.908e-7,,
614,2.616e-7,2.616e-7,,
614.05,6.980e-8,6.980e-8,,
621.45,2.412e-36,,2.412e-36,
621.5,6.287e-36,,6.287e-36,
621.55,1.618e-35,,1.618e-35,
621.6,4.111e-35,,4.111e-35,
621.65,1.031e-34,,1.031e-34,
621.7,2.554e-34,,2.554e-34,
621.75,6.245e-34,,6.245e-34,
621.8,1.507e-33,,1.507e-33,
621.85,3.593e-33,,3.593e-33,
621.9,8.454e-33,,8.454e-33,
621.95,1.964e-32,,1.964e-32,
622,4.505e-32,,4.505e-32,
622.05,1.020e-31,,1.020e-31,
622.1,2.281e-31,,2.281e-31,
622.15,5.034e-31,,5.034e-31,
622.2,1.097e-30,,1.097e-30,
622.25,2.360e-30,,2.360e-30,
622.3,5.014e-30,,5.014e-30,
622.35,1.051e-29,,1.051e-29,
622.4,2.177e-29,,2.177e-29,
622.45,4.450e-29,,4.450e-29,
622.5,8.982e-29,,8.982e-29,
622.55,1.790e-28,,1.790e-28,
622.6,3.521e-28,,3.521e-28,
622.65,6.838e-28,,6.838e-28,
622.7,1.311e-27,,1.311e-27,
622.75,2.483e-27,,2.483e-27,
622.8,4.640e-27,,4.640e-27,
622.85,8.563e-27,,8.563e-27,
622.9,1.560e-26,,1.560e-26,
622.95,2.806e-26,,2.806e-26,
623,4.984e-26,,4.984e-26,
623.05,8.738e-26,,8.738e-26,
623.1,1.513e-25,,1.513e-25,
623.15,2.585e-25,,2.585e-25,
623.2,4.362e-25,,4.362e-25,
623.25,7.267e-25,,7.267e-25,
623.3,1.195e-24,,1.195e-24,
623.35,1.941e-24,,1.941e-24,
623.4,3.111e-24,,3.111e-24,
623.45,4.925e-24,,4.925e-24,
623.5,7.696e-24,,7.696e-24,
623.55,1.187e-23,,1.187e-23,
623.6,1.809e-23,,1.809e-23,
623.65,2.720e-23,,2.720e-23,
623.7,4.038e-23,,4.038e-23,
623.75,5.919e-23,,5.919e-23,
623.8,8.567e-23,,8.567e-23,
623.85,1.224e-22,,1.224e-22,
623.9,1.727e-22,,1.727e-22,
623.95,2.405e-22,,2.405e-22,
624,3.307e-22,,3.307e-22,
624.05,4.490e-22,,4.490e-22,
624.1,6.017e-22,,6.017e-22,
624.15,7.963e-22,,7.963e-22,
624.2,1.040e-21,,1.040e-21,
624.25,1.342e-21,,1.342e-21,
624.3,1.709e-21,,1.709e-21,
624.35,2.149e-21,,2.149e-21,
624.4,2.667e-21,,2.667e-21,
624.45,3.268e-21,,3.268e-21,
624.5,3.955e-21,,3.955e-21,
624.55,4.724e-21,,4.724e-21,
624.6,5.572e-21,,5.572e-21,
624.65,6.488e-21,,6.488e-21,
624.7,7.458e-21,,7.458e-21,
624.75,8.465e-21,,8.465e-21,
624.8,9.486e-21,,9.486e-21,
624.85,1.049e-20,,1.049e-20,
624.9,1.146e-20,,1.146e-20,
624.95,1.236e-20,,1.236e-20,
625,1.316e-20,,1.316e-20,
625.05,1.383e-20,,1.383e-20,
625.1,1.436e-20,,1.436e-20,
625.15,1.471e-20,,1.471e-20,
625.2,1.488e-20,,1.488e-20,
625.25,1.486e-20,,1.486e-20,
625.3,1.465e-20,,1.465e-20,
625.35,1.427e-20,,1.427e-20,
625.4,1.371e-20,,1.371e-20,
625.45,1.301e-20,,1.301e-20,
625.5,1.219e-20,,1.219e-20,
625.55,1.127e-20,,1.127e-20,
625.6,1.030e-20,,1.030e-20,
625.65,9.282e-21,,9.282e-21,
625.7,8.262e-21,,8.262e-21,
625.75,7.261e-21,,7.261e-21,
625.8,6.300e-21,,6.300e-21,
625.85,5.396e-21,,5.396e-21,
625.9,4.564e-21,,4.564e-21,
625.95,3.811e-21,,3.811e-21,
626,3.141e-21,,3.141e-21,
626.05,2.557e-21,,2.557e-21,
626.1,2.054e-21,,2.054e-21,
626.15,1.630e-21,,1.630e-21,
626.2,1.277e-21,,1.277e-21,
626.25,9.872e-22,,9.872e-22,
626.3,7.537e-22,,7.537e-22,
626.35,5.681e-22,,5.681e-22,
626.4,4.228e-22,,4.228e-22,
626.45,3.106e-22,,3.106e-22,
626.5,2.253e-22,,2.253e-22,
626.55,1.614e-22,,1.614e-22,
626.6,1.141e-22,,1.141e-22,
626.65,7.964e-23,,7.964e-23,
626.7,5.489e-23,,5.489e-23,
626.75,3.735e-23,,3.735e-23,
626.8,2.509e-23,,2.509e-23,
626.85,1.664e-23,,1.664e-23,
626.9,1.090e-23,,1.090e-23,
626.95,7.046e-24,,7.046e-24,
627,4.497e-24,,4.497e-24,
627.05,2.834e-24,,2.834e-24,
627.1,1.763e-24,,1.763e-24,
627.15,1.083e-24,,1.083e-24,
627.2,6.568e-25,,6.568e-25,
627.25,3.933e-25,,3.933e-25,
627.3,2.325e-25,,2.325e-25,
627.35,1.357e-25,,1.357e-25,
627.4,7.818e-26,,7.818e-26,
627.45,4.448e-26,,4.448e-26,
627.5,2.498e-26,,2.498e-26,
627.55,1.385e-26,,1.385e-26,
627.6,7.583e-27,,7.583e-27,
627.65,4.099e-27,,4.099e-27,
627.7,2.187e-27,,2.187e-27,
627.75,1.152e-27,,1.152e-27,
627.8,5.994e-28,,5.994e-28,
627.85,3.078e-28,,3.078e-28,
627.9,1.561e-28,,1.561e-28,
627.95,7.813e-29,,7.813e-29,
628,3.861e-29,,3.861e-29,
628.05,1.884e-29,,1.884e-29,
628.1,9.076e-30,,9.076e-30,
628.15,4.317e-30,,4.317e-30,
628.2,2.027e-30,,2.027e-30,
628.25,9.397e-31,,9.397e-31,
628.3,4.301e-31,,4.301e-31,
628.35,1.944e-31,,1.944e-31,
628.4,8.671e-32,,8.671e-32,
628.45,3.820e-32,,3.820e-32,
628.5,1.661e-32,,1.661e-32,
628.55,7.132e-33,,7.132e-33,
628.6,3.023e-33,,3.023e-33,
628.65,1.265e-33,,1.265e-33,
628.7,5.227e-34,,5.227e-34,
628.75,2.132e-34,,2.132e-34,
628.8,8.589e-35,,8.589e-35,
628.85,3.415e-35,,3.415e-35,
628.9,1.341e-35,,1.341e-35,
628.95,5.196e-36,,5.196e-36,
629,1.988e-36,,1.988e-36,
650.61,2.306e-37,,2.306e-37,
650.66,3.260e-36,,3.260e-36,
650.71,1.155e-35,,1.155e-35,
650.76,2.855e-35,,2.855e-35,
650.81,6.972e-35,,6.972e-35,
650.86,1.683e-34,,1.683e-34,
650.91,4.016e-34,,4.016e-34,
650.96,9.471e-34,,9.471e-34,
651.01,2.208e-33,,2.208e-33,
651.06,5.087e-33,,5.087e-33,
651.11,1.159e-32,,1.159e-32,
651.16,2.608e-32,,2.608e-32,
651.21,5.803e-32,,5.803e-32,
651.26,1.276e-31,,1.276e-31,
651.31,2.774e-31,,2.774e-31,
651.36,5.961e-31,,5.961e-31,
651.41,1.266e-30,,1.266e-30,
651.46,2.658e-30,,2.658e-30,
651.51,5.515e-30,,5.515e-30,
651.56,1.131e-29,,1.131e-29,
651.61,2.293e-29,,2.293e-29,
651.66,4.594e-29,,4.594e-29,
651.71,9.098e-29,,9.098e-29,
651.76,1.781e-28,,1.781e-28,
651.81,3.446e-28,,3.446e-28,
651.86,6.591e-28,,6.591e-28,
651.91,1.246e-27,,1.246e-27,
651.96,2.328e-27,,2.328e-27,
652.01,4.300e-27,,4.300e-27,
652.06,7.849e-27,,7.849e-27,
652.11,1.416e-26,,1.416e-26,
652.16,2.526e-26,,2.526e-26,
652.21,4.453e-26,,4.453e-26,
652.26,7.759e-26,,7.759e-26,
652.31,1.336e-25,,1.336e-25,
652.36,2.275e-25,,2.275e-25,
652.41,3.828e-25,,3.828e-25,
652.46,6.366e-25,,6.366e-25,
652.51,1.047e-24,,1.047e-24,
652.56,1.701e-24,,1.701e-24,
652.61,2.731e-24,,2.731e-24,
652.66,4.336e-24,,4.336e-24,
652.71,6.804e-24,,6.804e-24,
652.76,1.055e-23,,1.055e-23,
652.81,1.618e-23,,1.618e-23,
652.86,2.451e-23,,2.451e-23,
652.91,3.672e-23,,3.672e-23,
652.96,5.436e-23,,5.436e-23,
653.01,7.955e-23,,7.955e-23,
653.06,1.151e-22,,1.151e-22,
653.11,1.645e-22,,1.645e-22,
653.16,2.325e-22,,2.325e-22,
653.21,3.247e-22,,3.247e-22,
653.26,4.484e-22,,4.484e-22,
653.31,6.120e-22,,6.120e-22,
653.36,8.256e-22,,8.256e-22,
653.41,1.101e-21,,1.101e-21,
653.46,1.451e-21,,1.451e-21,
653.51,1.891e-21,,1.891e-21,
653.56,2.435e-21,,2.435e-21,
653.61,3.101e-21,,3.101e-21,
653.66,3.903e-21,,3.903e-21,
653.71,4.856e-21,,4.856e-21,
653.76,5.972e-21,,5.972e-21,
653.81,7.262e-21,,7.262e-21,
653.86,8.730e-21,,8.730e-21,
653.91,1.038e-20,,1.038e-20,
653.96,1.219e-20,,1.219e-20,
654.01,1.417e-20,,1.417e-20,
654.06,1.627e-20,,1.627e-20,
654.11,1.849e-20,,1.849e-20,
654.16,2.078e-20,,2.078e-20,
654.21,2.309e-20,,2.309e-20,
654.26,2.538e-20,,2.538e-20,
654.31,2.760e-20,,2.760e-20,
654.36,2.969e-20,,2.969e-20,
654.41,3.162e-20,,3.162e-20,
654.46,3.332e-20,,3.332e-20,
654.51,3.476e-20,,3.476e-20,
654.56,3.591e-20,,3.591e-20,
654.61,3.675e-20,,3.675e-20,
654.66,3.726e-20,,3.726e-20,
654.71,3.744e-20,,3.744e-20,
654.76,3.730e-20,,3.730e-20,
654.81,3.686e-20,,3.686e-20,
654.86,3.615e-20,,3.615e-20,
654.91,3.519e-20,,3.519e-20,
654.96,3.402e-20,,3.402e-20,
655.01,3.267e-20,,3.267e-20,
655.06,3.119e-20,,3.119e-20,
655.11,2.961e-20,,2.961e-20,
655.16,2.795e-20,,2.795e-20,
655.21,2.625e-20,,2.625e-20,
655.26,2.454e-20,,2.454e-20,
655.31,2.282e-20,,2.282e-20,
655.36,2.112e-20,,2.112e-20,
655.41,1.945e-20,,1.945e-20,
655.46,1.782e-20,,1.782e-20,
655.51,1.624e-20,,1.624e-20,
655.56,1.472e-20,,1.472e-20,
655.61,1.326e-20,,1.326e-20,
655.66,1.186e-20,,1.186e-20,
655.71,1.054e-20,,1.054e-20,
655.76,9.298e-21,,9.298e-21,
655.81,8.139e-21,,8.139e-21,
655.86,7.067e-21,,7.067e-21,
655.91,6.084e-21,,6.084e-21,
655.96,5.191e-21,,5.191e-21,
656.01,4.388e-21,,4.388e-21,
656.06,3.674e-21,,3.674e-21,
656.11,3.047e-21,,3.047e-21,
656.16,2.501e-21,,2.501e-21,
656.21,2.032e-21,,2.032e-21,
656.26,1.634e-21,,1.634e-21,
656.31,1.300e-21,,1.300e-21,
656.36,1.023e-21,,1.023e-21,
656.41,7.963e-22,,7.963e-22,
656.46,6.132e-22,,6.132e-22,
656.51,4.669e-22,,4.669e-22,
656.56,3.516e-22,,3.516e-22,
656.61,2.618e-22,,2.618e-22,
656.66,1.928e-22,,1.928e-22,
656.71,1.403e-22,,1.403e-22,
656.76,1.010e-22,,1.010e-22,
656.81,7.187e-23,,7.187e-23,
656.86,5.056e-23,,5.056e-23,
656.91,3.516e-23,,3.516e-23,
656.96,2.417e-23,,2.417e-23,
657.01,1.643e-23,,1.643e-23,
657.06,1.103e-23,,1.103e-23,
657.11,7.328e-24,,7.328e-24,
657.16,4.811e-24,,4.811e-24,
657.21,3.122e-24,,3.122e-24,
657.26,2.002e-24,,2.002e-24,
657.31,1.270e-24,,1.270e-24,
657.36,7.957e-25,,7.957e-25,
657.41,4.929e-25,,4.929e-25,
657.46,3.018e-25,,3.018e-25,
657.51,1.827e-25,,1.827e-25,
657.56,1.093e-25,,1.093e-25,
657.61,6.465e-26,,6.465e-26,
657.66,3.779e-26,,3.779e-26,
657.71,2.184e-26,,2.184e-26,
657.76,1.247e-26,,1.247e-26,
657.81,7.041e-27,,7.041e-27,
657.86,3.929e-27,,3.929e-27,
657.91,2.167e-27,,2.167e-27,
657.96,1.182e-27,,1.182e-27,
658.01,6.368e-28,,6.368e-28,
658.06,3.392e-28,,3.392e-28,
658.11,1.786e-28,,1.786e-28,
658.16,9.295e-29,,9.295e-29,
658.21,4.782e-29,,4.782e-29,
658.26,2.431e-29,,2.431e-29,
658.31,1.222e-29,,1.222e-29,
658.36,6.071e-30,,6.071e-30,
658.41,2.981e-30,,2.981e-30,
658.46,1.447e-30,,1.447e-30,
658.51,6.942e-31,,6.942e-31,
658.56,3.292e-31,,3.292e-31,
658.61,1.543e-31,,1.543e-31,
658.66,7.150e-32,,7.150e-32,
658.71,3.275e-32,,3.275e-32,
658.76,1.482e-32,,1.482e-32,
658.81,6.633e-33,,6.633e-33,
658.86,2.933e-33,,2.933e-33,
658.91,1.282e-33,,1.282e-33,
658.96,5.542e-34,,5.542e-34,
659.01,2.367e-34,,2.367e-34,
659.06,9.993e-35,,9.993e-35,
659.11,4.170e-35,,4.170e-35,
659.16,1.720e-35,,1.720e-35,
659.21,7.013e-36,,7.013e-36,
659.26,2.826e-36,,2.826e-36,
659.31,3.420e-37,,3.420e-37,
660.51,1.751e-36,,1.751e-36,
660.56,4.279e-36,,4.279e-36,
660.61,1.034e-35,,1.034e-35,
660.66,2.470e-35,,2.470e-35,
660.71,5.833e-35,,5.833e-35,
660.76,1.362e-34,,1.362e-34,
660.81,3.146e-34,,3.146e-34,
660.86,7.182e-34,,7.182e-34,
660.91,1.621e-33,,1.621e-33,
660.96,3.619e-33,,3.619e-33,
661.01,7.986e-33,,7.986e-33,
661.06,1.742e-32,,1.742e-32,
661.11,3.759e-32,,3.759e-32,
661.16,8.019e-32,,8.019e-32,
661.21,1.691e-31,,1.691e-31,
661.26,3.527e-31,,3.527e-31,
661.31,7.272e-31,,7.272e-31,
661.36,1.483e-30,,1.483e-30,
661.41,2.988e-30,,2.988e-30,
661.46,5.956e-30,,5.956e-30,
661.51,1.174e-29,,1.174e-29,
661.56,2.287e-29,,2.287e-29,
661.61,4.405e-29,,4.405e-29,
661.66,8.390e-29,,8.390e-29,
661.71,1.580e-28,,1.580e-28,
661.76,2.942e-28,,2.942e-28,
661.81,5.417e-28,,5.417e-28,
661.86,9.862e-28,,9.862e-28,
661.91,1.775e-27,,1.775e-27,
661.96,3.159e-27,,3.159e-27,
662.01,5.558e-27,,5.558e-27,
662.06,9.670e-27,,9.670e-27,
662.11,1.663e-26,,1.663e-26,
662.16,2.829e-26,,2.829e-26,
662.21,4.758e-26,,4.758e-26,
662.26,7.910e-26,,7.910e-26,
662.31,1.300e-25,,1.300e-25,
662.36,2.114e-25,,2.114e-25,
662.41,3.397e-25,,3.397e-25,
662.46,5.399e-25,,5.399e-25,
662.51,8.483e-25,,8.483e-25,
662.56,1.318e-24,,1.318e-24,
662.61,2.024e-24,,2.024e-24,
662.66,3.074e-24,,3.074e-24,
662.71,4.616e-24,,4.616e-24,
662.76,6.853e-24,,6.853e-24,
662.81,1.006e-23,,1.006e-23,
662.86,1.460e-23,,1.460e-23,
662.91,2.096e-23,,2.096e-23,
662.96,2.974e-23,,2.974e-23,
663.01,4.172e-23,,4.172e-23,
663.06,5.787e-23,,5.787e-23,
663.11,7.937e-23,,7.937e-23,
663.16,1.076e-22,,1.076e-22,
663.21,1.443e-22,,1.443e-22,
663.26,1.913e-22,,1.913e-22,
663.31,2.508e-22,,2.508e-22,
663.36,3.251e-22,,3.251e-22,
663.41,4.166e-22,,4.166e-22,
663.46,5.278e-22,,5.278e-22,
663.51,6.612e-22,,6.612e-22,
663.56,8.190e-22,,8.190e-22,
663.61,1.003e-21,,1.003e-21,
663.66,1.215e-21,,1.215e-21,
663.71,1.454e-21,,1.454e-21,
663.76,1.721e-21,,1.721e-21,
663.82,2.077e-21,,2.077e-21,
663.87,2.398e-21,,2.398e-21,
663.92,2.737e-21,,2.737e-21,
663.97,3.090e-21,,3.090e-21,
664.02,3.449e-21,,3.449e-21,
664.07,3.806e-21,,3.806e-21,
664.12,4.153e-21,,4.153e-21,
664.17,4.480e-21,,4.480e-21,
664.22,4.779e-21,,4.779e-21,
664.27,5.040e-21,,5.040e-21,
664.32,5.256e-21,,5.256e-21,
664.37,5.419e-21,,5.419e-21,
664.42,5.524e-21,,5.524e-21,
664.47,5.568e-21,,5.568e-21,
664.52,5.549e-21,,5.549e-21,
664.57,5.468e-21,,5.468e-21,
664.62,5.327e-21,,5.327e-21,
664.67,5.132e-21,,5.132e-21,
664.72,4.888e-21,,4.888e-21,
664.77,4.603e-21,,4.603e-21,
664.82,4.286e-21,,4.286e-21,
664.87,3.946e-21,,3.946e-21,
664.92,3.592e-21,,3.592e-21,
664.97,3.233e-21,,3.233e-21,
665.02,2.877e-21,,2.877e-21,
665.07,2.532e-21,,2.532e-21,
665.12,2.202e-21,,2.202e-21,
665.17,1.895e-21,,1.895e-21,
665.22,1.611e-21,,1.611e-21,
665.27,1.355e-21,,1.355e-21,
665.32,1.127e-21,,1.127e-21,
665.37,9.262e-22,,9.262e-22,
665.42,7.528e-22,,7.528e-22,
665.47,6.050e-22,,6.050e-22,
665.52,4.808e-22,,4.808e-22,
665.57,3.777e-22,,3.777e-22,
665.62,2.934e-22,,2.934e-22,
665.67,2.254e-22,,2.254e-22,
665.72,1.712e-22,,1.712e-22,
665.77,1.285e-22,,1.285e-22,
665.82,9.542e-23,,9.542e-23,
665.87,7.004e-23,,7.004e-23,
665.92,5.084e-23,,5.084e-23,
665.97,3.648e-23,,3.648e-23,
666.02,2.589e-23,,2.589e-23,
666.07,1.816e-23,,1.816e-23,
666.12,1.260e-23,,1.260e-23,
666.17,8.640e-24,,8.640e-24,
666.22,5.859e-24,,5.859e-24,
666.27,3.929e-24,,3.929e-24,
666.32,2.604e-24,,2.604e-24,
666.37,1.707e-24,,1.707e-24,
666.42,1.106e-24,,1.106e-24,
666.47,7.090e-25,,7.090e-25,
666.52,4.492e-25,,4.492e-25,
666.57,2.814e-25,,2.814e-25,
666.62,1.743e-25,,1.743e-25,
666.67,1.067e-25,,1.067e-25,
666.72,6.463e-26,,6.463e-26,
666.77,4.440e-7,4.440e-7,3.870e-26,
666.82,1.077e-6,1.077e-6,2.291e-26,
666.87,2.585e-6,2.585e-6,1.341e-26,
666.92,6.133e-6,6.133e-6,7.759e-27,
666.97,1.439e-5,1.439e-5,4.440e-27,
667.02,3.340e-5,3.340e-5,2.512e-27,
667.07,7.666e-5,7.666e-5,1.405e-27,
667.12,1.740e-4,1.740e-4,7.771e-28,
667.17,3.905e-4,3.905e-4,4.250e-28,
667.22,8.669e-4,8.669e-4,2.298e-28,
667.27,1.903e-3,1.903e-3,1.228e-28,
667.32,4.132e-3,4.132e-3,6.493e-29,
667.37,8.871e-3,8.871e-3,3.393e-29,
667.42,1.884e-2,1.884e-2,1.754e-29,
667.47,3.955e-2,3.955e-2,8.959e-30,
667.52,8.214e-2,8.214e-2,4.526e-30,
667.57,1.687e-1,1.687e-1,2.261e-30,
667.62,3.426e-1,3.426e-1,1.116e-30,
667.67,6.882e-1,6.882e-1,5.452e-31,
667.72,1.367e+0,1.367e+0,2.632e-31,
667.77,2.685e+0,2.685e+0,1.257e-31,
667.82,5.217e+0,5.217e+0,5.931e-32,
667.87,1.002e+1,1.002e+1,2.768e-32,
667.92,1.904e+1,1.904e+1,1.277e-32,
667.97,3.578e+1,3.578e+1,5.826e-33,
668.02,6.649e+1,6.649e+1,2.628e-33,
668.07,1.222e+2,1.222e+2,1.172e-33,
668.12,2.221e+2,2.221e+2,5.169e-34,
668.17,3.992e+2,3.992e+2,2.254e-34,
668.22,7.095e+2,7.095e+2,9.717e-35,
668.27,1.247e+3,1.247e+3,4.142e-35,
668.32,2.168e+3,2.168e+3,1.746e-35,
668.37,3.728e+3,3.728e+3,7.274e-36,
668.42,6.338e+3,6.338e+3,2.997e-36,
668.47,1.066e+4,1.066e+4,1.221e-36,
668.52,1.772e+4,1.772e+4,,
668.57,2.914e+4,2.914e+4,,
668.62,4.739e+4,4.739e+4,,
668.67,7.622e+4,7.622e+4,,
668.72,1.212e+5,1.212e+5,,
668.77,1.907e+5,1.907e+5,,
668.82,2.966e+5,2.966e+5,,
668.87,4.564e+5,4.564e+5,,
668.92,6.943e+5,6.943e+5,,
668.97,1.045e+6,1.045e+6,,
669.02,1.554e+6,1.554e+6,,
669.07,2.287e+6,2.287e+6,,
669.12,3.329e+6,3.329e+6,,
669.17,4.791e+6,4.791e+6,,
669.22,6.818e+6,6.818e+6,,
669.27,9.597e+6,9.597e+6,,
669.32,1.336e+7,1.336e+7,,
669.37,1.839e+7,1.839e+7,,
669.42,2.504e+7,2.504e+7,,
669.47,3.371e+7,3.371e+7,,
669.52,4.489e+7,4.489e+7,,
669.57,5.910e+7,5.910e+7,,
669.62,7.697e+7,7.697e+7,,
669.67,9.912e+7,9.912e+7,,
669.72,1.262e+8,1.262e+8,,
669.77,1.590e+8,1.590e+8,,
669.82,1.981e+8,1.981e+8,,
669.87,2.440e+8,2.440e+8,,
669.92,2.972e+8,2.972e+8,,
669.97,3.581e+8,3.581e+8,,
670.02,4.267e+8,4.267e+8,,
670.07,5.028e+8,5.028e+8,,
670.12,5.858e+8,5.858e+8,,
670.17,6.751e+8,6.751e+8,,
670.22,7.694e+8,7.694e+8,,
670.27,8.672e+8,8.672e+8,,
670.32,9.666e+8,9.666e+8,,
670.37,1.066e+9,1.066e+9,,
670.42,1.162e+9,1.162e+9,,
670.47,1.252e+9,1.252e+9,,
670.52,1.335e+9,1.335e+9,,
670.57,1.408e+9,1.408e+9,,
670.62,1.468e+9,1.468e+9,,
670.67,1.514e+9,1.514e+9,,
670.72,1.544e+9,1.544e+9,,
670.77,1.557e+9,1.557e+9,,
670.82,1.553e+9,1.553e+9,,
670.87,1.532e+9,1.532e+9,,
670.92,1.494e+9,1.494e+9,,
670.97,1.442e+9,1.442e+9,,
671.02,1.375e+9,1.375e+9,,
671.07,1.298e+9,1.298e+9,,
671.12,1.211e+9,1.211e+9,,
671.17,1.117e+9,1.117e+9,,
671.22,1.020e+9,1.020e+9,,
671.27,9.202e+8,9.202e+8,,
671.32,8.213e+8,8.213e+8,,
671.37,7.249e+8,7.249e+8,,
671.42,6.328e+8,6.328e+8,,
671.47,5.462e+8,5.462e+8,,
671.52,4.663e+8,4.663e+8,,
671.57,3.937e+8,3.937e+8,,
671.62,3.287e+8,3.287e+8,,
671.67,2.715e+8,2.715e+8,,
671.72,2.217e+8,2.217e+8,,
671.77,1.790e+8,1.790e+8,,
671.82,1.430e+8,1.430e+8,,
671.87,1.129e+8,1.129e+8,,
671.92,8.821e+7,8.821e+7,,
671.97,6.814e+7,6.814e+7,,
672.02,5.205e+7,5.205e+7,,
672.07,3.933e+7,3.933e+7,,
672.12,2.938e+7,2.938e+7,,
672.17,2.171e+7,2.171e+7,,
672.22,1.586e+7,1.586e+7,,
672.27,1.146e+7,1.146e+7,,
672.32,8.194e+6,8.194e+6,,
672.37,5.791e+6,5.791e+6,,
672.42,4.048e+6,4.048e+6,,
672.47,2.798e+6,2.798e+6,,
672.52,1.913e+6,1.913e+6,,
672.57,1.293e+6,1.293e+6,,
672.62,8.645e+5,8.645e+5,,
672.67,5.716e+5,5.716e+5,,
672.72,3.738e+5,3.738e+5,,
672.77,2.417e+5,2.417e+5,,
672.82,1.546e+5,1.546e+5,,
672.87,9.776e+4,9.776e+4,,
672.92,6.115e+4,6.115e+4,,
672.97,3.782e+4,3.782e+4,,
673.02,2.314e+4,2.314e+4,,
673.07,1.400e+4,1.400e+4,,
673.12,8.374e+3,8.374e+3,,
673.17,4.954e+3,4.954e+3,,
673.22,2.899e+3,2.899e+3,,
673.27,1.677e+3,1.677e+3,,
673.32,9.599e+2,9.599e+2,,
673.37,5.433e+2,5.433e+2,,
673.42,3.041e+2,3.041e+2,,
673.47,1.683e+2,1.683e+2,,
673.52,9.212e+1,9.212e+1,,
673.57,4.987e+1,4.987e+1,,
673.62,2.670e+1,2.670e+1,,
673.67,1.414e+1,1.414e+1,,
673.72,7.401e+0,7.401e+0,,
673.77,3.832e+0,3.832e+0,,
673.82,1.962e+0,1.962e+0,,
673.87,9.938e-1,9.938e-1,,
673.92,4.977e-1,4.977e-1,,
673.97,2.465e-1,2.465e-1,,
674.02,1.208e-1,1.208e-1,,
674.07,5.849e-2,5.849e-2,,
674.12,2.802e-2,2.802e-2,,
674.17,1.328e-2,1.328e-2,,
674.22,6.220e-3,6.220e-3,,
674.27,2.882e-3,2.882e-3,,
674.32,1.321e-3,1.321e-3,,
674.37,5.985e-4,5.985e-4,,
674.42,2.682e-4,2.682e-4,,
674.47,1.189e-4,1.189e-4,,
674.52,5.210e-5,5.210e-5,,
674.57,2.259e-5,2.259e-5,,
674.62,9.682e-6,9.682e-6,,
674.67,4.105e-6,4.105e-6,,
674.72,1.721e-6,1.721e-6,,
674.77,7.135e-7,7.135e-7,,
674.82,2.926e-7,2.926e-7,,
807.76,1.696e-8,1.696e-8,,
807.81,3.534e-8,3.534e-8,,
807.86,7.308e-8,7.308e-8,,
807.91,1.500e-7,1.500e-7,,
807.96,3.054e-7,3.054e-7,,
808.01,6.173e-7,6.173e-7,,
808.06,1.238e-6,1.238e-6,,
808.11,2.465e-6,2.465e-6,,
808.16,4.871e-6,4.871e-6,,
808.21,9.551e-6,9.551e-6,,
808.26,1.859e-5,1.859e-5,,
808.31,3.590e-5,3.590e-5,,
808.36,6.882e-5,6.882e-5,,
808.41,1.309e-4,1.309e-4,,
808.46,2.472e-4,2.472e-4,,
808.51,4.632e-4,4.632e-4,,
808.56,8.615e-4,8.615e-4,,
808.61,1.590e-3,1.590e-3,,
808.66,2.913e-3,2.913e-3,,
808.71,5.295e-3,5.295e-3,,
808.76,9.553e-3,9.553e-3,,
808.81,1.711e-2,1.711e-2,,
808.86,3.040e-2,3.040e-2,,
808.91,5.362e-2,5.362e-2,,
808.96,9.386e-2,9.386e-2,,
809.01,1.631e-1,1.631e-1,,
809.06,2.811e-1,2.811e-1,,
809.11,4.811e-1,4.811e-1,,
809.16,8.170e-1,8.170e-1,,
809.21,1.377e+0,1.377e+0,,
809.26,2.303e+0,2.303e+0,,
809.31,3.824e+0,3.824e+0,,
809.36,6.300e+0,6.300e+0,,
809.41,1.030e+1,1.030e+1,,
809.46,1.672e+1,1.672e+1,,
809.51,2.693e+1,2.693e+1,,
809.56,4.304e+1,4.304e+1,,
809.61,6.828e+1,6.828e+1,,
809.66,1.075e+2,1.075e+2,,
809.71,1.680e+2,1.680e+2,,
809.76,2.605e+2,2.605e+2,,
809.81,4.010e+2,4.010e+2,,
809.86,6.125e+2,6.125e+2,,
809.91,9.285e+2,9.285e+2,,
809.96,1.397e+3,1.397e+3,,
810.01,2.086e+3,2.086e+3,,
810.06,3.091e+3,3.091e+3,,
810.11,4.547e+3,4.547e+3,,
810.16,6.637e+3,6.637e+3,,
810.21,9.614e+3,9.614e+3,,
810.26,1.382e+4,1.382e+4,,
810.31,1.972e+4,1.972e+4,,
810.36,2.793e+4,2.793e+4,,
810.41,3.926e+4,3.926e+4,,
810.46,5.476e+4,5.476e+4,,
810.51,7.581e+4,7.581e+4,,
810.56,1.041e+5,1.041e+5,,
810.61,1.420e+5,1.420e+5,,
810.66,1.922e+5,1.922e+5,,
810.71,2.581e+5,2.581e+5,,
810.76,3.440e+5,3.440e+5,,
810.81,4.551e+5,4.551e+5,,
810.86,5.975e+5,5.975e+5,,
810.91,7.786e+5,7.786e+5,,
810.96,1.007e+6,1.007e+6,,
811.01,1.292e+6,1.292e+6,,
811.06,1.646e+6,1.646e+6,,
811.11,2.081e+6,2.081e+6,,
811.16,2.611e+6,2.611e+6,,
811.21,3.251e+6,3.251e+6,,
811.26,4.017e+6,4.017e+6,,
811.31,4.927e+6,4.927e+6,,
811.36,5.997e+6,5.997e+6,,
811.41,7.244e+6,7.244e+6,,
811.46,8.685e+6,8.685e+6,,
811.51,1.033e+7,1.033e+7,,
811.56,1.220e+7,1.220e+7,,
811.61,1.430e+7,1.430e+7,,
811.66,1.664e+7,1.664e+7,,
811.71,1.920e+7,1.920e+7,,
811.76,2.200e+7,2.200e+7,,
811.81,2.502e+7,2.502e+7,,
811.86,2.823e+7,2.823e+7,,
811.91,3.162e+7,3.162e+7,,
811.96,3.514e+7,3.514e+7,,
812.01,3.877e+7,3.877e+7,,
812.06,4.244e+7,4.244e+7,,
812.11,4.612e+7,4.612e+7,,
812.16,4.973e+7,4.973e+7,,
812.21,5.322e+7,5.322e+7,,
812.26,5.653e+7,5.653e+7,,
812.31,5.959e+7,5.959e+7,,
812.36,6.234e+7,6.234e+7,,
812.41,6.473e+7,6.473e+7,,
812.46,6.670e+7,6.670e+7,,
812.51,6.822e+7,6.822e+7,,
812.56,6.924e+7,6.924e+7,,
812.61,6.975e+7,6.975e+7,,
812.66,6.973e+7,6.973e+7,,
812.71,6.919e+7,6.919e+7,,
812.76,6.813e+7,6.813e+7,,
812.81,6.659e+7,6.659e+7,,
812.86,6.458e+7,6.458e+7,,
812.91,6.217e+7,6.217e+7,,
812.96,5.940e+7,5.940e+7,,
813.01,5.632e+7,5.632e+7,,
813.06,5.299e+7,5.299e+7,,
813.11,4.949e+7,4.949e+7,,
813.16,4.587e+7,4.587e+7,,
813.21,4.220e+7,4.220e+7,,
813.26,3.852e+7,3.852e+7,,
813.31,3.490e+7,3.490e+7,,
813.36,3.139e+7,3.139e+7,,
813.41,2.801e+7,2.801e+7,,
813.46,2.481e+7,2.481e+7,,
813.51,2.181e+7,2.181e+7,,
813.56,1.903e+7,1.903e+7,,
813.61,1.647e+7,1.647e+7,,
813.66,1.415e+7,1.415e+7,,
813.71,1.207e+7,1.207e+7,,
813.76,1.022e+7,1.022e+7,,
813.81,8.583e+6,8.583e+6,,
813.86,7.155e+6,7.155e+6,,
813.91,5.920e+6,5.920e+6,,
813.96,4.861e+6,4.861e+6,,
814.01,3.962e+6,3.962e+6,,
814.06,3.204e+6,3.204e+6,,
814.11,2.572e+6,2.572e+6,,
814.16,2.049e+6,2.049e+6,,
814.21,1.620e+6,1.620e+6,,
814.26,1.271e+6,1.271e+6,,
814.31,9.900e+5,9.900e+5,,
814.36,7.652e+5,7.652e+5,,
814.41,5.869e+5,5.869e+5,,
814.46,4.468e+5,4.468e+5,,
814.51,3.376e+5,3.376e+5,,
814.56,2.531e+5,2.531e+5,,
814.61,1.884e+5,1.884e+5,,
814.66,1.391e+5,1.391e+5,,
814.71,1.020e+5,1.020e+5,,
814.76,7.419e+4,7.419e+4,,
814.81,5.357e+4,5.357e+4,,
814.86,3.838e+4,3.838e+4,,
814.91,2.730e+4,2.730e+4,,
814.96,1.927e+4,1.927e+4,,
815.01,1.349e+4,1.349e+4,,
815.06,9.381e+3,9.381e+3,,
815.11,6.473e+3,6.473e+3,,
815.16,4.432e+3,4.432e+3,,
815.21,3.012e+3,3.012e+3,,
815.26,2.031e+3,2.031e+3,,
815.31,1.360e+3,1.360e+3,,
815.36,9.033e+2,9.033e+2,,
815.41,5.955e+2,5.955e+2,,
815.46,3.897e+2,3.897e+2,,
815.51,2.531e+2,2.531e+2,,
815.56,1.631e+2,1.631e+2,,
815.61,1.043e+2,1.043e+2,,
815.66,6.623e+1,6.623e+1,,
815.71,4.172e+1,4.172e+1,,
815.76,2.609e+1,2.609e+1,,
815.81,1.619e+1,1.619e+1,,
815.86,9.971e+0,9.971e+0,,
815.91,6.095e+0,6.095e+0,,
815.96,3.697e+0,3.697e+0,,
816.01,2.226e+0,2.226e+0,,
816.06,1.330e+0,1.330e+0,,
816.11,7.887e-1,7.887e-1,,
816.16,4.642e-1,4.642e-1,,
816.21,2.711e-1,2.711e-1,,
816.26,1.572e-1,1.572e-1,,
816.31,9.043e-2,9.043e-2,,
816.36,5.163e-2,5.163e-2,,
816.41,2.926e-2,2.926e-2,,
816.46,1.646e-2,1.646e-2,,
816.51,9.185e-3,9.185e-3,,
816.56,5.088e-3,5.088e-3,,
816.61,2.797e-3,2.797e-3,,
816.66,1.526e-3,1.526e-3,,
816.71,8.266e-4,8.266e-4,,
816.76,4.442e-4,4.442e-4,,
816.81,2.369e-4,2.369e-4,,
816.86,1.254e-4,1.254e-4,,
816.91,6.590e-5,6.590e-5,,
816.96,3.436e-5,3.436e-5,,
817.01,1.778e-5,1.778e-5,,
817.06,9.131e-6,9.131e-6,,
817.11,4.654e-6,4.654e-6,,
817.16,2.354e-6,2.354e-6,,
817.21,1.182e-6,1.182e-6,,
817.26,5.889e-7,5.889e-7,,
817.31,2.912e-7,2.912e-7,,
817.36,1.429e-7,1.429e-7,,
817.41,6.961e-8,6.961e-8,,
817.46,3.365e-8,3.365e-8,,
817.51,1.614e-8,1.614e-8,,
817.66,8.649e-37,,8.649e-37,
817.71,1.786e-36,,1.786e-36,
817.76,3.659e-36,,3.659e-36,
817.81,7.444e-36,,7.444e-36,
817.86,1.503e-35,,1.503e-35,
817.91,3.013e-35,,3.013e-35,
817.96,5.994e-35,,5.994e-35,
818.01,1.184e-34,,1.184e-34,
818.06,2.321e-34,,2.321e-34,
818.11,4.516e-34,,4.516e-34,
818.17,9.943e-34,,9.943e-34,
818.22,1.904e-33,,1.904e-33,
818.27,3.618e-33,,3.618e-33,
818.32,6.825e-33,,6.825e-33,
818.37,1.278e-32,,1.278e-32,
818.42,2.376e-32,,2.376e-32,
818.47,4.384e-32,,4.384e-32,
818.52,8.029e-32,,8.029e-32,
818.57,1.460e-31,,1.460e-31,
818.62,2.635e-31,,2.635e-31,
818.67,4.720e-31,,4.720e-31,
818.72,8.393e-31,,8.393e-31,
818.77,1.481e-30,,1.481e-30,
818.82,2.596e-30,,2.596e-30,
818.87,4.515e-30,,4.515e-30,
818.92,7.794e-30,,7.794e-30,
818.97,1.336e-29,,1.336e-29,
819.02,2.272e-29,,2.272e-29,
819.07,3.837e-29,,3.837e-29,
819.12,6.431e-29,,6.431e-29,
819.17,1.070e-28,,1.070e-28,
819.22,1.767e-28,,1.767e-28,
819.27,2.897e-28,,2.897e-28,
819.32,4.715e-28,,4.715e-28,
819.37,7.616e-28,,7.616e-28,
819.42,1.221e-27,,1.221e-27,
819.47,1.944e-27,,1.944e-27,
819.52,3.071e-27,,3.071e-27,
819.57,4.817e-27,,4.817e-27,
819.62,7.499e-27,,7.499e-27,
819.67,1.159e-26,,1.159e-26,
819.72,1.777e-26,,1.777e-26,
819.77,2.706e-26,,2.706e-26,
819.82,4.091e-26,,4.091e-26,
819.87,6.137e-26,,6.137e-26,
819.92,9.140e-26,,9.140e-26,
819.97,1.351e-25,,1.351e-25,
820.02,1.983e-25,,1.983e-25,
820.07,2.888e-25,,2.888e-25,
820.12,4.176e-25,,4.176e-25,
820.17,5.993e-25,,5.993e-25,
820.22,8.539e-25,,8.539e-25,
820.27,1.208e-24,,1.208e-24,
820.32,1.695e-24,,1.695e-24,
820.37,2.362e-24,,2.362e-24,
820.42,3.267e-24,,3.267e-24,
820.47,4.486e-24,,4.486e-24,
820.52,6.114e-24,,6.114e-24,
820.57,8.271e-24,,8.271e-24,
820.62,1.111e-23,,1.111e-23,
820.67,1.481e-23,,1.481e-23,
820.72,1.959e-23,,1.959e-23,
820.77,2.573e-23,,2.573e-23,
820.82,3.355e-23,,3.355e-23,
820.87,4.342e-23,,4.342e-23,
820.92,5.578e-23,,5.578e-23,
820.97,7.113e-23,,7.113e-23,
821.02,9.004e-23,,9.004e-23,
821.07,1.131e-22,,1.131e-22,
821.12,1.411e-22,,1.411e-22,
821.17,1.747e-22,,1.747e-22,
821.22,2.147e-22,,2.147e-22,
821.27,2.619e-22,,2.619e-22,
821.32,3.171e-22,,3.171e-22,
821.37,3.812e-22,,3.812e-22,
821.42,4.548e-22,,4.548e-22,
821.47,5.387e-22,,5.387e-22,
821.52,6.333e-22,,6.333e-22,
821.57,7.391e-22,,7.391e-22,
821.62,8.562e-22,,8.562e-22,
821.67,9.845e-22,,9.845e-22,
821.72,1.124e-21,,1.124e-21,
821.77,1.273e-21,,1.273e-21,
821.82,1.432e-21,,1.432e-21,
821.87,1.599e-21,,1.599e-21,
821.92,1.771e-21,,1.771e-21,
821.97,1.949e-21,,1.949e-21,
822.02,2.128e-21,,2.128e-21,
822.07,2.306e-21,,2.306e-21,
822.12,2.481e-21,,2.481e-21,
822.17,2.650e-21,,2.650e-21,
822.22,2.809e-21,,2.809e-21,
822.27,2.956e-21,,2.956e-21,
822.32,3.088e-21,,3.088e-21,
822.37,3.202e-21,,3.202e-21,
822.42,3.295e-21,,3.295e-21,
822.47,3.367e-21,,3.367e-21,
822.52,3.414e-21,,3.414e-21,
822.57,3.437e-21,,3.437e-21,
822.62,3.435e-21,,3.435e-21,
822.67,3.407e-21,,3.407e-21,
822.72,3.354e-21,,3.354e-21,
822.77,3.278e-21,,3.278e-21,
822.82,3.181e-21,,3.181e-21,
822.87,3.063e-21,,3.063e-21,
822.92,2.928e-21,,2.928e-21,
822.97,2.778e-21,,2.778e-21,
823.02,2.617e-21,,2.617e-21,
823.07,2.447e-21,,2.447e-21,
823.12,2.271e-21,,2.271e-21,3.247e-84
823.17,2.092e-21,,2.092e-21,6.687e-84
823.22,1.913e-21,,1.913e-21,2.843e-83
823.27,1.736e-21,,1.736e-21,1.971e-82
823.32,1.565e-21,,1.565e-21,4.041e-82
823.37,1.399e-21,,1.399e-21,8.225e-82
823.42,1.242e-21,,1.242e-21,1.662e-81
823.47,1.095e-21,,1.095e-21,3.334e-81
823.52,9.579e-22,,9.579e-22,6.639e-81
823.57,8.318e-22,,8.318e-22,1.313e-80
823.62,7.170e-22,,7.170e-22,2.577e-80
823.67,6.135e-22,,6.135e-22,5.021e-80
823.72,5.211e-22,,5.211e-22,9.715e-80
823.77,4.393e-22,,4.393e-22,1.866e-79
823.82,3.676e-22,,3.676e-22,3.558e-79
823.87,3.054e-22,,3.054e-22,6.736e-79
823.92,2.518e-22,,2.518e-22,1.266e-78
823.97,2.061e-22,,2.061e-22,2.362e-78
824.02,1.675e-22,,1.675e-22,4.376e-78
824.07,1.351e-22,,1.351e-22,8.048e-78
824.12,1.081e-22,,1.081e-22,1.469e-77
824.17,8.594e-23,,8.594e-23,2.663e-77
824.22,6.779e-23,,6.779e-23,4.793e-77
824.27,5.308e-23,,5.308e-23,8.563e-77
824.32,4.126e-23,,4.126e-23,1.519e-76
824.37,3.183e-23,,3.183e-23,2.674e-76
824.42,2.438e-23,,2.438e-23,4.675e-76
824.47,1.853e-23,,1.853e-23,8.114e-76
824.52,1.399e-23,,1.399e-23,1.398e-75
824.57,1.048e-23,,1.048e-23,2.391e-75
824.62,7.790e-24,,7.790e-24,4.061e-75
824.67,5.750e-24,,5.750e-24,6.847e-75
824.72,4.213e-24,,4.213e-24,1.146e-74
824.77,3.064e-24,,3.064e-24,1.904e-74
824.82,2.212e-24,,2.212e-24,3.141e-74
824.87,1.585e-24,,1.585e-24,5.145e-74
824.92,1.127e-24,,1.127e-24,8.365e-74
824.97,7.960e-25,,7.960e-25,1.350e-73
825.02,5.579e-25,,5.579e-25,2.164e-73
825.07,3.881e-25,,3.881e-25,3.442e-73
825.12,2.680e-25,,2.680e-25,5.437e-73
825.17,1.837e-25,,1.837e-25,8.525e-73
825.22,1.250e-25,,1.250e-25,1.327e-72
825.27,8.445e-26,,8.445e-26,2.051e-72
825.32,5.662e-26,,5.662e-26,3.146e-72
825.37,3.769e-26,,3.769e-26,4.792e-72
825.42,2.490e-26,,2.490e-26,7.247e-72
825.47,1.633e-26,,1.633e-26,1.088e-71
825.52,1.063e-26,,1.063e-26,1.621e-71
825.57,6.867e-27,,6.867e-27,2.399e-71
825.62,4.405e-27,,4.405e-27,3.524e-71
825.67,2.804e-27,,2.804e-27,5.139e-71
825.72,1.772e-27,,1.772e-27,7.439e-71
825.77,1.112e-27,,1.112e-27,1.069e-70
825.82,6.924e-28,,6.924e-28,1.526e-70
825.87,4.280e-28,,4.280e-28,2.161e-70
825.92,2.626e-28,,2.626e-28,3.039e-70
825.97,1.600e-28,,1.600e-28,4.243e-70
826.02,9.670e-29,,9.670e-29,5.880e-70
826.07,5.804e-29,,5.804e-29,8.091e-70
826.12,3.457e-29,,3.457e-29,1.105e-69
826.17,2.044e-29,,2.044e-29,1.499e-69
826.22,1.200e-29,,1.200e-29,2.018e-69
826.27,6.992e-30,,6.992e-30,2.697e-69
826.32,4.044e-30,,4.044e-30,3.579e-69
826.37,2.322e-30,,2.322e-30,4.715e-69
826.42,1.323e-30,,1.323e-30,6.166e-69
826.47,7.485e-31,,7.485e-31,8.005e-69
826.52,4.203e-31,,4.203e-31,1.032e-68
826.57,2.343e-31,,2.343e-31,1.320e-68
826.62,1.296e-31,,1.296e-31,1.677e-68
826.67,7.118e-32,,7.118e-32,2.115e-68
826.72,3.881e-32,,3.881e-32,2.648e-68
826.77,2.100e-32,,2.100e-32,3.291e-68
826.82,1.128e-32,,1.128e-32,4.061e-68
826.87,6.015e-33,,6.015e-33,4.975e-68
826.92,3.184e-33,,3.184e-33,6.050e-68
826.97,1.673e-33,,1.673e-33,7.304e-68
827.02,8.724e-34,,8.724e-34,8.755e-68
827.07,4.516e-34,,4.516e-34,1.042e-67
827.12,2.321e-34,,2.321e-34,1.231e-67
827.17,1.184e-34,,1.184e-34,1.443e-67
827.22,5.994e-35,,5.994e-35,1.680e-67
827.27,3.013e-35,,3.013e-35,1.942e-67
827.32,1.503e-35,,1.503e-35,2.228e-67
827.37,7.444e-36,,7.444e-36,2.538e-67
827.42,3.659e-36,,3.659e-36,2.870e-67
827.47,1.786e-36,,1.786e-36,3.223e-67
827.52,8.649e-37,,8.649e-37,3.592e-67
827.57,3.974e-67,,,3.974e-67
827.62,4.365e-67,,,4.365e-67
827.67,4.761e-67,,,4.761e-67
827.72,5.154e-67,,,5.154e-67
827.77,5.539e-67,,,5.539e-67
827.82,5.910e-67,,,5.910e-67
827.87,6.260e-67,,,6.260e-67
827.92,6.583e-67,,,6.583e-67
827.97,6.872e-67,,,6.872e-67
828.02,7.122e-67,,,7.122e-67
828.07,7.328e-67,,,7.328e-67
828.12,7.485e-67,,,7.485e-67
828.17,7.590e-67,,,7.590e-67
828.22,7.641e-67,,,7.641e-67
828.27,7.636e-67,,,7.636e-67
828.32,7.576e-67,,,7.576e-67
828.37,7.462e-67,,,7.462e-67
828.42,7.296e-67,,,7.296e-67
828.47,7.083e-67,,,7.083e-67
828.52,6.825e-67,,,6.825e-67
828.57,6.530e-67,,,6.530e-67
828.62,6.202e-67,,,6.202e-67
828.67,5.848e-67,,,5.848e-67
828.72,5.474e-67,,,5.474e-67
828.77,5.086e-67,,,5.086e-67
828.82,4.692e-67,,,4.692e-67
828.87,4.297e-67,,,4.297e-67
828.92,3.907e-67,,,3.907e-67
828.97,3.527e-67,,,3.527e-67
829.02,3.160e-67,,,3.160e-67
829.07,2.811e-67,,,2.811e-67
829.12,2.483e-67,,,2.483e-67
829.17,2.177e-67,,,2.177e-67
829.22,1.894e-67,,,1.894e-67
829.27,1.637e-67,,,1.637e-67
829.32,1.404e-67,,,1.404e-67
829.37,1.196e-67,,,1.196e-67
829.42,1.011e-67,,,1.011e-67
829.47,8.484e-68,,,8.484e-68
829.52,7.068e-68,,,7.068e-68
829.57,5.846e-68,,,5.846e-68
829.62,4.801e-68,,,4.801e-68
829.67,3.914e-68,,,3.914e-68
829.72,3.167e-68,,,3.167e-68
829.77,2.545e-68,,,2.545e-68
829.82,2.029e-68,,,2.029e-68
829.87,1.607e-68,,,1.607e-68
829.92,1.263e-68,,,1.263e-68
829.97,9.857e-69,,,9.857e-69
830.02,7.636e-69,,,7.636e-69
830.07,5.873e-69,,,5.873e-69
830.12,4.484e-69,,,4.484e-69
830.17,3.399e-69,,,3.399e-69
830.22,2.557e-69,,,2.557e-69
830.27,1.910e-69,,,1.910e-69
830.32,1.417e-69,,,1.417e-69
830.37,1.043e-69,,,1.043e-69
830.42,7.623e-70,,,7.623e-70
830.47,5.531e-70,,,5.531e-70
830.52,3.984e-70,,,3.984e-70
830.57,2.849e-70,,,2.849e-70
830.62,2.023e-70,,,2.023e-70
830.67,1.425e-70,,,1.425e-70
830.72,9.973e-71,,,9.973e-71
830.77,6.927e-71,,,6.927e-71
830.82,4.776e-71,,,4.776e-71
830.87,3.270e-71,,,3.270e-71
830.92,2.222e-71,,,2.222e-71
830.97,1.499e-71,,,1.499e-71
831.02,1.004e-71,,,1.004e-71
831.07,6.675e-72,,,6.675e-72
831.12,4.406e-72,,,4.406e-72
831.17,2.887e-72,,,2.887e-72
831.22,1.878e-72,,,1.878e-72
831.27,1.213e-72,,,1.213e-72
831.32,7.776e-73,,,7.776e-73
831.37,4.949e-73,,,4.949e-73
831.42,3.127e-73,,,3.127e-73
831.47,1.961e-73,,,1.961e-73
831.52,1.221e-73,,,1.221e-73
831.57,7.551e-74,,,7.551e-74
831.62,4.634e-74,,,4.634e-74
831.67,2.823e-74,,,2.823e-74
831.72,1.708e-74,,,1.708e-74
831.77,1.025e-74,,,1.025e-74
831.82,6.112e-75,,,6.112e-75
831.87,3.617e-75,,,3.617e-75
831.92,2.125e-75,,,2.125e-75
831.97,1.239e-75,,,1.239e-75
832.02,7.175e-76,,,7.175e-76
832.07,4.124e-76,,,4.124e-76
832.12,2.353e-76,,,2.353e-76
832.17,1.333e-76,,,1.333e-76
832.22,7.497e-77,,,7.497e-77
832.27,4.185e-77,,,4.185e-77
832.32,2.320e-77,,,2.320e-77
832.37,1.276e-77,,,1.276e-77
832.42,6.971e-78,,,6.971e-78
832.47,3.780e-78,,,3.780e-78
832.52,2.035e-78,,,2.035e-78
832.57,1.087e-78,,,1.087e-78
832.62,5.770e-79,,,5.770e-79
832.67,3.039e-79,,,3.039e-79
832.72,1.589e-79,,,1.589e-79
832.77,8.247e-80,,,8.247e-80
832.82,4.250e-80,,,4.250e-80
832.87,2.174e-80,,,2.174e-80
832.92,1.104e-80,,,1.104e-80
832.97,5.567e-81,,,5.567e-81
833.02,2.786e-81,,,2.786e-81
833.07,1.384e-81,,,1.384e-81
833.12,6.811e-82,,,6.811e-82
833.17,3.336e-82,,,3.336e-82
833.22,1.539e-82,,,1.539e-82
901.54,3.972e-37,,3.972e-37,
901.59,7.681e-37,,7.681e-37,
901.64,1.476e-36,,1.476e-36,
901.69,2.820e-36,,2.820e-36,
901.74,5.355e-36,,5.355e-36,
901.79,1.011e-35,,1.011e-35,
901.84,1.896e-35,,1.896e-35,
901.89,3.535e-35,,3.535e-35,
901.94,6.551e-35,,6.551e-35,
901.99,1.207e-34,,1.207e-34,
902.04,2.209e-34,,2.209e-34,
902.09,4.020e-34,,4.020e-34,
902.14,7.271e-34,,7.271e-34,
902.19,1.307e-33,,1.307e-33,
902.24,2.336e-33,,2.336e-33,
902.29,4.148e-33,,4.148e-33,
902.34,7.323e-33,,7.323e-33,
902.39,1.285e-32,,1.285e-32,
902.44,2.241e-32,,2.241e-32,
902.49,3.884e-32,,3.884e-32,
902.54,6.692e-32,,6.692e-32,
902.59,1.146e-31,,1.146e-31,
902.64,1.950e-31,,1.950e-31,
902.69,3.299e-31,,3.299e-31,
902.74,5.548e-31,,5.548e-31,
902.79,9.272e-31,,9.272e-31,
902.84,1.540e-30,,1.540e-30,
902.89,2.543e-30,,2.543e-30,
902.94,4.174e-30,,4.174e-30,
902.99,6.808e-30,,6.808e-30,
903.04,1.104e-29,,1.104e-29,
903.09,1.779e-29,,1.779e-29,
903.14,2.849e-29,,2.849e-29,
903.19,4.535e-29,,4.535e-29,
903.24,7.176e-29,,7.176e-29,
903.29,1.129e-28,,1.129e-28,
903.34,1.764e-28,,1.764e-28,
903.39,2.741e-28,,2.741e-28,
903.44,4.233e-28,,4.233e-28,
903.49,6.498e-28,,6.498e-28,
903.54,9.913e-28,,9.913e-28,
903.59,1.503e-27,,1.503e-27,
903.64,2.266e-27,,2.266e-27,
903.69,3.394e-27,,3.394e-27,
903.74,5.054e-27,,5.054e-27,
903.79,7.480e-27,,7.480e-27,
903.84,1.100e-26,,1.100e-26,
903.89,1.609e-26,,1.609e-26,
903.94,2.338e-26,,2.338e-26,
903.99,3.377e-26,,3.377e-26,
904.04,4.848e-26,,4.848e-26,
904.09,6.919e-26,,6.919e-26,
904.14,9.813e-26,,9.813e-26,
904.19,1.383e-25,,1.383e-25,
904.24,1.938e-25,,1.938e-25,
904.29,2.700e-25,,2.700e-25,
904.34,3.737e-25,,3.737e-25,
904.39,5.142e-25,,5.142e-25,
904.44,7.032e-25,,7.032e-25,
904.49,9.558e-25,,9.558e-25,
904.54,1.291e-24,,1.291e-24,
904.59,1.734e-24,,1.734e-24,
904.64,2.314e-24,,2.314e-24,
904.69,3.070e-24,,3.070e-24,
904.74,4.048e-24,,4.048e-24,
904.79,5.306e-24,,5.306e-24,
904.84,6.911e-24,,6.911e-24,
904.89,8.949e-24,,8.949e-24,
904.94,1.152e-23,,1.152e-23,
904.99,1.473e-23,,1.473e-23,
905.04,1.873e-23,,1.873e-23,
905.09,2.366e-23,,2.366e-23,
905.14,2.972e-23,,2.972e-23,
905.19,3.711e-23,,3.711e-23,
905.24,4.604e-23,,4.604e-23,
905.29,5.678e-23,,5.678e-23,
905.34,6.961e-23,,6.961e-23,
905.39,8.481e-23,,8.481e-23,
905.44,1.027e-22,,1.027e-22,
905.49,1.236e-22,,1.236e-22,
905.54,1.479e-22,,1.479e-22,
905.59,1.759e-22,,1.759e-22,
905.64,2.079e-22,,2.079e-22,
905.69,2.442e-22,,2.442e-22,
905.74,2.851e-22,,2.851e-22,
905.79,3.309e-22,,3.309e-22,
905.84,3.817e-22,,3.817e-22,
905.89,4.377e-22,,4.377e-22,
905.94,4.988e-22,,4.988e-22,
905.99,5.649e-22,,5.649e-22,
906.04,6.360e-22,,6.360e-22,
906.09,7.117e-22,,7.117e-22,
906.14,7.916e-22,,7.916e-22,
906.19,8.751e-22,,8.751e-22,
906.24,9.616e-22,,9.616e-22,
906.29,1.050e-21,,1.050e-21,
906.34,1.140e-21,,1.140e-21,
906.39,1.230e-21,,1.230e-21,
906.44,1.319e-21,,1.319e-21,
906.49,1.406e-21,,1.406e-21,
906.54,1.489e-21,,1.489e-21,
906.59,1.568e-21,,1.568e-21,
906.64,1.642e-21,,1.642e-21,
906.69,1.708e-21,,1.708e-21,
906.74,1.766e-21,,1.766e-21,
906.79,1.815e-21,,1.815e-21,
906.84,1.854e-21,,1.854e-21,
906.89,1.882e-21,,1.882e-21,
906.94,1.899e-21,,1.899e-21,
906.99,1.905e-21,,1.905e-21,
907.04,1.899e-21,,1.899e-21,
907.09,1.882e-21,,1.882e-21,
907.14,1.854e-21,,1.854e-21,
907.19,1.815e-21,,1.815e-21,
907.24,1.766e-21,,1.766e-21,
907.29,1.708e-21,,1.708e-21,
907.34,1.642e-21,,1.642e-21,
907.39,1.568e-21,,1.568e-21,
907.44,1.489e-21,,1.489e-21,
907.49,1.406e-21,,1.406e-21,
907.54,1.319e-21,,1.319e-21,
907.59,1.230e-21,,1.230e-21,
907.64,1.140e-21,,1.140e-21,
907.69,1.050e-21,,1.050e-21,
907.74,9.616e-22,,9.616e-22,
907.79,8.751e-22,,8.751e-22,
907.84,7.916e-22,,7.916e-22,
907.89,7.117e-22,,7.117e-22,
907.94,6.360e-22,,6.360e-22,
907.99,5.649e-22,,5.649e-22,
908.04,4.988e-22,,4.988e-22,
908.09,4.377e-22,,4.377e-22,
908.14,3.817e-22,,3.817e-22,
908.19,3.309e-22,,3.309e-22,
908.24,2.851e-22,,2.851e-22,
908.29,2.442e-22,,2.442e-22,
908.34,2.079e-22,,2.079e-22,
908.39,1.759e-22,,1.759e-22,
908.44,1.479e-22,,1.479e-22,
908.49,1.236e-22,,1.236e-22,
908.54,1.027e-22,,1.027e-22,
908.59,8.481e-23,,8.481e-23,
908.64,6.961e-23,,6.961e-23,
908.69,5.678e-23,,5.678e-23,
908.74,4.604e-23,,4.604e-23,
908.79,3.711e-23,,3.711e-23,
908.84,2.972e-23,,2.972e-23,
908.89,2.366e-23,,2.366e-23,
908.94,1.873e-23,,1.873e-23,
908.99,1.473e-23,,1.473e-23,
909.04,1.152e-23,,1.152e-23,
909.09,8.949e-24,,8.949e-24,
909.14,6.911e-24,,6.911e-24,
909.19,5.306e-24,,5.306e-24,
909.24,4.048e-24,,4.048e-24,
909.29,3.070e-24,,3.070e-24,
909.34,2.314e-24,,2.314e-24,
909.39,1.734e-24,,1.734e-24,
909.44,1.291e-24,,1.291e-24,
909.49,9.558e-25,,9.558e-25,
909.54,7.032e-25,,7.032e-25,
909.59,5.142e-25,,5.142e-25,
909.64,3.737e-25,,3.737e-25,
909.69,2.700e-25,,2.700e-25,
909.74,1.938e-25,,1.938e-25,
909.79,1.383e-25,,1.383e-25,
909.84,9.813e-26,,9.813e-26,
909.89,6.919e-26,,6.919e-26,
909.94,4.848e-26,,4.848e-26,
909.99,3.377e-26,,3.377e-26,
910.04,2.338e-26,,2.338e-26,
910.09,1.609e-26,,1.609e-26,
910.14,1.100e-26,,1.100e-26,
910.19,7.480e-27,,7.480e-27,
910.24,5.054e-27,,5.054e-27,
910.29,3.394e-27,,3.394e-27,
910.34,2.266e-27,,2.266e-27,
910.39,1.503e-27,,1.503e-27,
910.44,9.913e-28,,9.913e-28,
910.49,6.498e-28,,6.498e-28,
910.54,4.233e-28,,4.233e-28,
910.59,2.741e-28,,2.741e-28,
910.64,1.764e-28,,1.764e-28,
910.69,1.129e-28,,1.129e-28,
910.74,7.176e-29,,7.176e-29,
910.8,4.134e-29,,4.134e-29,
910.85,2.594e-29,,2.594e-29,
910.9,1.617e-29,,1.617e-29,
910.95,1.003e-29,,1.003e-29,
911,6.176e-30,,6.176e-30,
911.05,3.782e-30,,3.782e-30,
911.1,2.302e-30,,2.302e-30,
911.15,1.392e-30,,1.392e-30,
911.2,8.371e-31,,8.371e-31,
911.25,5.003e-31,,5.003e-31,
911.3,2.972e-31,,2.972e-31,
911.35,1.754e-31,,1.754e-31,
911.4,1.030e-31,,1.030e-31,
911.45,6.005e-32,,6.005e-32,
911.5,3.481e-32,,3.481e-32,
911.55,2.006e-32,,2.006e-32,
911.6,1.149e-32,,1.149e-32,
911.65,6.540e-33,,6.540e-33,
911.7,3.700e-33,,3.700e-33,
911.75,2.081e-33,,2.081e-33,
911.8,1.163e-33,,1.163e-33,
911.85,6.462e-34,,6.462e-34,
911.9,3.568e-34,,3.568e-34,
911.95,1.959e-34,,1.959e-34,
912,1.068e-34,,1.068e-34,
912.05,5.793e-35,,5.793e-35,
912.1,3.122e-35,,3.122e-35,
912.15,1.673e-35,,1.673e-35,
912.2,8.905e-36,,8.905e-36,
912.25,4.713e-36,,4.713e-36,
912.3,2.479e-36,,2.479e-36,
912.35,1.296e-36,,1.296e-36,
912.4,6.735e-37,,6.735e-37,
912.45,3.479e-37,,3.479e-37,
916.2,1.165e-10,1.165e-10,,
916.25,2.232e-10,2.232e-10,,
916.3,4.251e-10,4.251e-10,,
916.35,8.050e-10,8.050e-10,,
916.4,1.516e-9,1.516e-9,,
916.45,2.836e-9,2.836e-9,,
916.5,5.277e-9,5.277e-9,,
916.55,9.761e-9,9.761e-9,,
916.6,1.795e-8,1.795e-8,,
916.65,3.281e-8,3.281e-8,,
916.7,5.962e-8,5.962e-8,,
916.75,1.077e-7,1.077e-7,,
916.8,1.934e-7,1.934e-7,,
916.85,3.454e-7,3.454e-7,,
916.9,6.130e-7,6.130e-7,,
916.95,1.082e-6,1.082e-6,,
917,1.898e-6,1.898e-6,,
917.05,3.309e-6,3.309e-6,,
917.1,5.737e-6,5.737e-6,,
917.15,9.888e-6,9.888e-6,,
917.2,1.694e-5,1.694e-5,,
917.25,2.886e-5,2.886e-5,,
917.3,4.887e-5,4.887e-5,,
917.35,8.226e-5,8.226e-5,,
917.4,1.377e-4,1.377e-4,,
917.45,2.290e-4,2.290e-4,,
917.5,3.788e-4,3.788e-4,,
917.55,6.229e-4,6.229e-4,,
917.6,1.018e-3,1.018e-3,,
917.65,1.654e-3,1.654e-3,,
917.7,2.673e-3,2.673e-3,,
917.75,4.292e-3,4.292e-3,,
917.8,6.853e-3,6.853e-3,,
917.85,1.088e-2,1.088e-2,,
917.9,1.716e-2,1.716e-2,,
917.95,2.692e-2,2.692e-2,,
918,4.198e-2,4.198e-2,,
918.05,6.508e-2,6.508e-2,,
918.1,1.003e-1,1.003e-1,,
918.15,1.537e-1,1.537e-1,,
918.2,2.341e-1,2.341e-1,,
918.25,3.544e-1,3.544e-1,,
918.3,5.336e-1,5.336e-1,,
918.35,7.985e-1,7.985e-1,,
918.4,1.188e+0,1.188e+0,,
918.45,1.757e+0,1.757e+0,,
918.5,2.583e+0,2.583e+0,,
918.55,3.776e+0,3.776e+0,,
918.6,5.486e+0,5.486e+0,,
918.65,7.925e+0,7.925e+0,,
918.7,1.138e+1,1.138e+1,,
918.75,1.625e+1,1.625e+1,,
918.8,2.306e+1,2.306e+1,,
918.85,3.254e+1,3.254e+1,,
918.9,4.564e+1,4.564e+1,,
918.95,6.365e+1,6.365e+1,,
919,8.823e+1,8.823e+1,,
919.05,1.216e+2,1.216e+2,,
919.1,1.666e+2,1.666e+2,,
919.15,2.269e+2,2.269e+2,,
919.2,3.072e+2,3.072e+2,,
919.25,4.135e+2,4.135e+2,,
919.3,5.534e+2,5.534e+2,,
919.35,7.362e+2,7.362e+2,,
919.4,9.736e+2,9.736e+2,,
919.45,1.280e+3,1.280e+3,,
919.5,1.673e+3,1.673e+3,,
919.55,2.174e+3,2.174e+3,,
919.6,2.808e+3,2.808e+3,,
919.65,3.606e+3,3.606e+3,,
919.7,4.604e+3,4.604e+3,,
919.75,5.843e+3,5.843e+3,,
919.8,7.372e+3,7.372e+3,,
919.85,9.247e+3,9.247e+3,,
919.9,1.153e+4,1.153e+4,,
919.95,1.429e+4,1.429e+4,,
920,1.761e+4,1.761e+4,,
920.05,2.158e+4,2.158e+4,,
920.1,2.628e+4,2.628e+4,,
920.15,3.182e+4,3.182e+4,,
920.2,3.830e+4,3.830e+4,,
920.25,4.583e+4,4.583e+4,,
920.3,5.452e+4,5.452e+4,,
920.35,6.448e+4,6.448e+4,,
920.4,7.580e+4,7.580e+4,,
920.45,8.860e+4,8.860e+4,,
920.5,1.029e+5,1.029e+5,,
920.55,1.189e+5,1.189e+5,,
920.6,1.365e+5,1.365e+5,,
920.65,1.559e+5,1.559e+5,,
920.7,1.769e+5,1.769e+5,,
920.75,1.996e+5,1.996e+5,,
920.8,2.238e+5,2.238e+5,,
920.85,2.496e+5,2.496e+5,,
920.9,2.767e+5,2.767e+5,,
920.95,3.049e+5,3.049e+5,,
921,3.340e+5,3.340e+5,,
921.05,3.638e+5,3.638e+5,,
921.1,3.938e+5,3.938e+5,,
921.15,4.239e+5,4.239e+5,,
921.2,4.536e+5,4.536e+5,,
921.25,4.825e+5,4.825e+5,,
921.3,5.102e+5,5.102e+5,,
921.35,5.364e+5,5.364e+5,,
921.4,5.606e+5,5.606e+5,,
921.45,5.825e+5,5.825e+5,,
921.5,6.016e+5,6.016e+5,,
921.55,6.178e+5,6.178e+5,,
921.6,6.306e+5,6.306e+5,,
921.65,6.400e+5,6.400e+5,,
921.7,6.457e+5,6.457e+5,,
921.75,6.476e+5,6.476e+5,,
921.8,6.457e+5,6.457e+5,,
921.85,6.400e+5,6.400e+5,,
921.9,6.306e+5,6.306e+5,,
921.95,6.178e+5,6.178e+5,,
922,6.016e+5,6.016e+5,,
922.05,5.825e+5,5.825e+5,,
922.1,5.606e+5,5.606e+5,,
922.15,5.364e+5,5.364e+5,,
922.2,5.102e+5,5.102e+5,,
922.25,4.825e+5,4.825e+5,,
922.3,4.536e+5,4.536e+5,,
922.35,4.239e+5,4.239e+5,,
922.4,3.938e+5,3.938e+5,,
922.45,3.638e+5,3.638e+5,,
922.5,3.340e+5,3.340e+5,,
922.55,3.049e+5,3.049e+5,,
922.6,2.767e+5,2.767e+5,,
922.65,2.496e+5,2.496e+5,,
922.7,2.238e+5,2.238e+5,,
922.75,1.996e+5,1.996e+5,,
922.8,1.769e+5,1.769e+5,,
922.85,1.559e+5,1.559e+5,,
922.9,1.365e+5,1.365e+5,,
922.95,1.189e+5,1.189e+5,,
923,1.029e+5,1.029e+5,,
923.05,8.860e+4,8.860e+4,,
923.1,7.580e+4,7.580e+4,,
923.15,6.448e+4,6.448e+4,,
923.2,5.452e+4,5.452e+4,,
923.25,4.583e+4,4.583e+4,,
923.3,3.830e+4,3.830e+4,,
923.35,3.182e+4,3.182e+4,,
923.4,2.628e+4,2.628e+4,,
923.45,2.158e+4,2.158e+4,,
923.5,1.761e+4,1.761e+4,,
923.55,1.429e+4,1.429e+4,,
923.6,1.153e+4,1.153e+4,,
923.65,9.247e+3,9.247e+3,,
923.7,7.372e+3,7.372e+3,,
923.75,5.843e+3,5.843e+3,,
923.8,4.604e+3,4.604e+3,,
923.85,3.606e+3,3.606e+3,,
923.9,2.808e+3,2.808e+3,,
923.95,2.174e+3,2.174e+3,,
924,1.673e+3,1.673e+3,,
924.05,1.280e+3,1.280e+3,,
924.1,9.736e+2,9.736e+2,,
924.15,7.362e+2,7.362e+2,,
924.2,5.534e+2,5.534e+2,,
924.25,4.135e+2,4.135e+2,,
924.3,3.072e+2,3.072e+2,,
924.35,2.269e+2,2.269e+2,,
924.4,1.666e+2,1.666e+2,,
924.45,1.216e+2,1.216e+2,,
924.5,8.823e+1,8.823e+1,,
924.55,6.365e+1,6.365e+1,,
924.6,4.564e+1,4.564e+1,,
924.65,3.254e+1,3.254e+1,,
924.7,2.306e+1,2.306e+1,,
924.75,1.625e+1,1.625e+1,,
924.8,1.138e+1,1.138e+1,,
924.85,7.925e+0,7.925e+0,,
924.9,5.486e+0,5.486e+0,,
924.95,3.776e+0,3.776e+0,,
925,2.583e+0,2.583e+0,,
925.05,1.757e+0,1.757e+0,,
925.1,1.188e+0,1.188e+0,,
925.15,7.985e-1,7.985e-1,,
925.2,5.336e-1,5.336e-1,,
925.25,3.544e-1,3.544e-1,,
925.3,2.341e-1,2.341e-1,,
925.35,1.537e-1,1.537e-1,,
925.4,1.003e-1,1.003e-1,,
925.45,6.508e-2,6.508e-2,,
925.5,4.198e-2,4.198e-2,,
925.55,2.692e-2,2.692e-2,,
925.6,1.716e-2,1.716e-2,,
925.65,1.088e-2,1.088e-2,,
925.7,6.853e-3,6.853e-3,,
925.75,4.292e-3,4.292e-3,,
925.8,2.673e-3,2.673e-3,,
925.85,1.654e-3,1.654e-3,,
925.9,1.018e-3,1.018e-3,,
925.95,6.229e-4,6.229e-4,,
926,3.788e-4,3.788e-4,,
926.05,2.290e-4,2.290e-4,,
926.1,1.377e-4,1.377e-4,,
926.15,8.226e-5,8.226e-5,,
926.2,4.887e-5,4.887e-5,,
926.25,2.886e-5,2.886e-5,,
926.3,1.694e-5,1.694e-5,,
926.35,9.888e-6,9.888e-6,,
926.4,5.737e-6,5.737e-6,,
926.45,3.309e-6,3.309e-6,,
926.5,1.898e-6,1.898e-6,,
926.55,1.082e-6,1.082e-6,,
926.6,6.130e-7,6.130e-7,,
926.65,3.454e-7,3.454e-7,,
926.7,1.934e-7,1.934e-7,,
926.75,1.077e-7,1.077e-7,,
926.8,5.962e-8,5.962e-8,,
926.85,3.281e-8,3.281e-8,,
926.9,1.795e-8,1.795e-8,,
926.95,9.761e-9,9.761e-9,,
927,5.277e-9,5.277e-9,,
927.05,2.836e-9,2.836e-9,,
927.1,1.516e-9,1.516e-9,,
927.15,8.050e-10,8.050e-10,,
927.2,4.251e-10,4.251e-10,,
927.25,2.232e-10,2.232e-10,,
927.3,1.165e-10,1.165e-10,,
935.85,1.401e-36,,1.401e-36,
935.9,6.497e-36,,6.497e-36,
935.95,1.277e-35,,1.277e-35,
936,2.391e-35,,2.391e-35,
936.05,4.451e-35,,4.451e-35,
936.1,8.240e-35,,8.240e-35,
936.15,1.517e-34,,1.517e-34,
936.2,2.776e-34,,2.776e-34,
936.25,5.054e-34,,5.054e-34,
936.3,9.147e-34,,9.147e-34,
936.35,1.646e-33,,1.646e-33,
936.4,2.946e-33,,2.946e-33,
936.45,5.243e-33,,5.243e-33,
936.5,9.278e-33,,9.278e-33,
936.55,1.633e-32,,1.633e-32,
936.6,2.857e-32,,2.857e-32,
936.65,4.970e-32,,4.970e-32,
936.7,8.599e-32,,8.599e-32,
936.75,1.479e-31,,1.479e-31,
936.8,2.531e-31,,2.531e-31,
936.85,4.305e-31,,4.305e-31,
936.9,7.283e-31,,7.283e-31,
936.95,1.225e-30,,1.225e-30,
937,2.049e-30,,2.049e-30,
937.05,3.408e-30,,3.408e-30,
937.1,5.636e-30,,5.636e-30,
937.15,9.268e-30,,9.268e-30,
937.2,1.516e-29,,1.516e-29,
937.25,2.465e-29,,2.465e-29,
937.3,3.985e-29,,3.985e-29,
937.35,6.407e-29,,6.407e-29,
937.4,1.024e-28,,1.024e-28,
937.45,1.629e-28,,1.629e-28,
937.5,2.575e-28,,2.575e-28,
937.55,4.048e-28,,4.048e-28,
937.6,6.327e-28,,6.327e-28,
937.65,9.835e-28,,9.835e-28,
937.7,1.520e-27,,1.520e-27,
937.75,2.336e-27,,2.336e-27,
937.8,3.571e-27,,3.571e-27,
937.85,5.426e-27,,5.426e-27,
937.9,8.200e-27,,8.200e-27,
937.95,1.232e-26,,1.232e-26,
938,1.841e-26,,1.841e-26,
938.05,2.736e-26,,2.736e-26,
938.1,4.042e-26,,4.042e-26,
938.15,5.939e-26,,5.939e-26,
938.2,8.676e-26,,8.676e-26,
938.25,1.260e-25,,1.260e-25,
938.3,1.821e-25,,1.821e-25,
938.35,2.615e-25,,2.615e-25,
938.4,3.736e-25,,3.736e-25,
938.45,5.306e-25,,5.306e-25,
938.5,7.494e-25,,7.494e-25,
938.55,1.052e-24,,1.052e-24,
938.6,1.470e-24,,1.470e-24,
938.65,2.041e-24,,2.041e-24,
938.7,2.818e-24,,2.818e-24,
938.75,3.870e-24,,3.870e-24,
938.8,5.284e-24,,5.284e-24,
938.85,7.173e-24,,7.173e-24,
938.9,9.685e-24,,9.685e-24,
938.95,1.300e-23,,1.300e-23,
939,1.736e-23,,1.736e-23,
939.05,2.304e-23,,2.304e-23,
939.1,3.041e-23,,3.041e-23,
939.15,3.991e-23,,3.991e-23,
939.2,5.209e-23,,5.209e-23,
939.25,6.761e-23,,6.761e-23,
939.3,8.725e-23,,8.725e-23,
939.35,1.120e-22,,1.120e-22,
939.4,1.429e-22,,1.429e-22,
939.45,1.813e-22,,1.813e-22,
939.5,2.288e-22,,2.288e-22,
939.55,2.870e-22,,2.870e-22,
939.6,3.581e-22,,3.581e-22,
939.65,4.442e-22,,4.442e-22,
939.7,5.480e-22,,5.480e-22,
939.75,6.723e-22,,6.723e-22,
939.8,8.200e-22,,8.200e-22,
939.85,9.947e-22,,9.947e-22,
939.9,1.200e-21,,1.200e-21,
939.95,1.439e-21,,1.439e-21,
940,1.716e-21,,1.716e-21,
940.05,2.035e-21,,2.035e-21,
940.1,2.400e-21,,2.400e-21,
940.15,2.814e-21,,2.814e-21,
940.2,3.281e-21,,3.281e-21,
940.25,3.804e-21,,3.804e-21,
940.3,4.386e-21,,4.386e-21,
940.35,5.029e-21,,5.029e-21,
940.4,5.733e-21,,5.733e-21,
940.45,6.499e-21,,6.499e-21,
940.5,7.326e-21,,7.326e-21,
940.55,8.211e-21,,8.211e-21,
940.6,9.152e-21,,9.152e-21,
940.65,1.014e-20,,1.014e-20,
940.7,1.118e-20,,1.118e-20,
940.75,1.225e-20,,1.225e-20,
940.8,1.335e-20,,1.335e-20,
940.85,1.447e-20,,1.447e-20,
940.9,1.559e-20,,1.559e-20,
940.95,1.670e-20,,1.670e-20,
941,1.780e-20,,1.780e-20,
941.05,1.886e-20,,1.886e-20,
941.1,1.987e-20,,1.987e-20,
941.15,2.081e-20,,2.081e-20,
941.2,2.168e-20,,2.168e-20,
941.25,2.246e-20,,2.246e-20,
941.3,2.313e-20,,2.313e-20,
941.35,2.369e-20,,2.369e-20,
941.4,2.413e-20,,2.413e-20,
941.45,2.444e-20,,2.444e-20,
941.5,2.461e-20,,2.461e-20,
941.55,2.465e-20,,2.465e-20,
941.6,2.454e-20,,2.454e-20,
941.66,2.424e-20,,2.424e-20,
941.71,2.384e-20,,2.384e-20,
941.76,2.331e-20,,2.331e-20,
941.81,2.267e-20,,2.267e-20,
941.86,2.192e-20,,2.192e-20,
941.91,2.108e-20,,2.108e-20,
941.96,2.016e-20,,2.016e-20,
942.01,1.917e-20,,1.917e-20,
942.06,1.812e-20,,1.812e-20,
942.11,1.704e-20,,1.704e-20,
942.16,1.593e-20,,1.593e-20,
942.21,1.481e-20,,1.481e-20,
942.26,1.369e-20,,1.369e-20,
942.31,1.258e-20,,1.258e-20,
942.36,1.150e-20,,1.150e-20,
942.41,1.045e-20,,1.045e-20,
942.46,9.446e-21,,9.446e-21,
942.51,8.489e-21,,8.489e-21,
942.56,7.587e-21,,7.587e-21,
942.61,6.742e-21,,6.742e-21,
942.66,5.957e-21,,5.957e-21,
942.71,5.234e-21,,5.234e-21,
942.76,4.574e-21,,4.574e-21,
942.81,3.974e-21,,3.974e-21,
942.86,3.433e-21,,3.433e-21,
942.91,2.949e-21,,2.949e-21,
942.96,2.519e-21,,2.519e-21,
943.01,2.140e-21,,2.140e-21,
943.06,1.808e-21,,1.808e-21,
943.11,1.518e-21,,1.518e-21,
943.16,1.268e-21,,1.268e-21,
943.21,1.053e-21,,1.053e-21,
943.26,8.699e-22,,8.699e-22,
943.31,7.143e-22,,7.143e-22,
943.36,5.833e-22,,5.833e-22,
943.41,4.737e-22,,4.737e-22,
943.46,3.825e-22,,3.825e-22,
943.51,3.071e-22,,3.071e-22,
943.56,2.452e-22,,2.452e-22,
943.61,1.947e-22,,1.947e-22,
943.66,1.537e-22,,1.537e-22,
943.71,1.206e-22,,1.206e-22,
943.76,9.417e-23,,9.417e-23,
943.81,7.309e-23,,7.309e-23,
943.86,5.642e-23,,5.642e-23,
943.91,4.330e-23,,4.330e-23,
943.96,3.305e-23,,3.305e-23,
944.01,2.508e-23,,2.508e-23,
944.06,1.893e-23,,1.893e-23,
944.11,1.420e-23,,1.420e-23,
944.16,1.060e-23,,1.060e-23,
944.21,7.864e-24,,7.864e-24,
944.26,5.803e-24,,5.803e-24,
944.31,4.257e-24,,4.257e-24,
944.36,3.106e-24,,3.106e-24,
944.41,2.253e-24,,2.253e-24,
944.46,1.625e-24,,1.625e-24,
944.51,1.166e-24,,1.166e-24,
944.56,8.317e-25,,8.317e-25,
944.61,5.899e-25,,5.899e-25,
944.66,4.161e-25,,4.161e-25,
944.71,2.918e-25,,2.918e-25,
944.76,2.035e-25,,2.035e-25,
944.81,1.411e-25,,1.411e-25,
944.86,9.733e-26,,9.733e-26,
944.91,6.674e-26,,6.674e-26,
944.96,4.551e-26,,4.551e-26,
945.01,3.086e-26,,3.086e-26,
945.06,2.080e-26,,2.080e-26,
945.11,1.395e-26,,1.395e-26,
945.16,9.299e-27,,9.299e-27,
945.21,6.164e-27,,6.164e-27,
945.26,4.063e-27,,4.063e-27,
945.31,2.664e-27,,2.664e-27,
945.36,1.736e-27,,1.736e-27,
945.41,1.125e-27,,1.125e-27,
945.46,7.253e-28,,7.253e-28,
945.51,4.648e-28,,4.648e-28,
945.56,2.962e-28,,2.962e-28,
945.61,1.877e-28,,1.877e-28,
945.66,1.183e-28,,1.183e-28,
945.71,7.412e-29,,7.412e-29,
945.76,4.618e-29,,4.618e-29,
945.81,2.861e-29,,2.861e-29,
945.86,1.763e-29,,1.763e-29,
945.91,1.080e-29,,1.080e-29,
945.96,6.579e-30,,6.579e-30,
946.01,3.986e-30,,3.986e-30,
946.06,2.401e-30,,2.401e-30,
946.11,1.438e-30,,1.438e-30,
946.16,8.566e-31,,8.566e-31,
946.21,5.073e-31,,5.073e-31,
946.26,2.988e-31,,2.988e-31,
946.31,1.750e-31,,1.750e-31,
946.36,1.019e-31,,1.019e-31,
946.41,5.901e-32,,5.901e-32,
946.46,3.398e-32,,3.398e-32,
946.51,1.946e-32,,1.946e-32,
946.56,1.108e-32,,1.108e-32,
946.61,6.272e-33,,6.272e-33,
946.66,3.531e-33,,3.531e-33,
946.71,1.977e-33,,1.977e-33,
946.76,1.100e-33,,1.100e-33,
946.81,6.092e-34,,6.092e-34,
946.86,3.353e-34,,3.353e-34,
946.91,1.835e-34,,1.835e-34,
946.96,9.990e-35,,9.990e-35,
947.01,5.407e-35,,5.407e-35,
947.06,2.910e-35,,2.910e-35,
947.11,1.557e-35,,1.557e-35,
947.16,8.287e-36,,8.287e-36,
947.21,2.984e-36,,2.984e-36,
947.26,3.691e-37,,3.691e-37,
962.81,2.252e-10,2.252e-10,,
962.86,4.172e-10,4.172e-10,,
962.91,7.687e-10,7.687e-10,,
962.96,1.409e-9,1.409e-9,,
963.01,2.569e-9,2.569e-9,,
963.06,4.659e-9,4.659e-9,,
963.11,8.404e-9,8.404e-9,,
963.16,1.508e-8,1.508e-8,,
963.21,2.691e-8,2.691e-8,,
963.26,4.778e-8,4.778e-8,,
963.31,8.437e-8,8.437e-8,,
963.36,1.482e-7,1.482e-7,,
963.41,2.589e-7,2.589e-7,,
963.46,4.499e-7,4.499e-7,,
963.51,7.778e-7,7.778e-7,,
963.56,1.337e-6,1.337e-6,,
963.61,2.287e-6,2.287e-6,,
963.66,3.891e-6,3.891e-6,,
963.71,6.584e-6,6.584e-6,,
963.76,1.108e-5,1.108e-5,,
963.81,1.855e-5,1.855e-5,,
963.86,3.090e-5,3.090e-5,,
963.91,5.118e-5,5.118e-5,,
963.96,8.432e-5,8.432e-5,,
964.01,1.382e-4,1.382e-4,,
964.06,2.253e-4,2.253e-4,,
964.11,3.653e-4,3.653e-4,,
964.16,5.892e-4,5.892e-4,,
964.21,9.453e-4,9.453e-4,,
964.26,1.508e-3,1.508e-3,,
964.31,2.394e-3,2.394e-3,,
964.36,3.780e-3,3.780e-3,,
964.41,5.937e-3,5.937e-3,,
964.46,9.275e-3,9.275e-3,,
964.51,1.441e-2,1.441e-2,,
964.56,2.227e-2,2.227e-2,,
964.61,3.424e-2,3.424e-2,,
964.66,5.236e-2,5.236e-2,,
964.71,7.965e-2,7.965e-2,,
964.76,1.205e-1,1.205e-1,,
964.81,1.814e-1,1.814e-1,,
964.86,2.715e-1,2.715e-1,,
964.91,4.042e-1,4.042e-1,,
964.96,5.987e-1,5.987e-1,,
965.01,8.820e-1,8.820e-1,,
965.06,1.292e+0,1.292e+0,,
965.11,1.884e+0,1.884e+0,,
965.16,2.731e+0,2.731e+0,,
965.21,3.939e+0,3.939e+0,,
965.26,5.650e+0,5.650e+0,,
965.31,8.061e+0,8.061e+0,,
965.36,1.144e+1,1.144e+1,,
965.41,1.615e+1,1.615e+1,,
965.46,2.268e+1,2.268e+1,,
965.51,3.168e+1,3.168e+1,,
965.56,4.401e+1,4.401e+1,,
965.61,6.082e+1,6.082e+1,,
965.66,8.360e+1,8.360e+1,,
965.71,1.143e+2,1.143e+2,,
965.76,1.555e+2,1.555e+2,,
965.81,2.103e+2,2.103e+2,,
965.86,2.830e+2,2.830e+2,,
965.91,3.788e+2,3.788e+2,,
965.96,5.043e+2,5.043e+2,,
966.01,6.678e+2,6.678e+2,,
966.06,8.796e+2,8.796e+2,,
966.11,1.152e+3,1.152e+3,,
966.16,1.502e+3,1.502e+3,,
966.21,1.947e+3,1.947e+3,,
966.26,2.511e+3,2.511e+3,,
966.31,3.220e+3,3.220e+3,,
966.36,4.108e+3,4.108e+3,,
966.41,5.213e+3,5.213e+3,,
966.46,6.580e+3,6.580e+3,,
966.51,8.261e+3,8.261e+3,,
966.56,1.032e+4,1.032e+4,,
966.61,1.282e+4,1.282e+4,,
966.66,1.584e+4,1.584e+4,,
966.71,1.946e+4,1.946e+4,,
966.76,2.379e+4,2.379e+4,,
966.81,2.893e+4,2.893e+4,,
966.86,3.500e+4,3.500e+4,,
966.91,4.211e+4,4.211e+4,,
966.96,5.039e+4,5.039e+4,,
967.01,5.998e+4,5.998e+4,,
967.06,7.102e+4,7.102e+4,,
967.11,8.365e+4,8.365e+4,,
967.16,9.799e+4,9.799e+4,,
967.21,1.142e+5,1.142e+5,,
967.26,1.323e+5,1.323e+5,,
967.31,1.526e+5,1.526e+5,,
967.36,1.750e+5,1.750e+5,,
967.41,1.996e+5,1.996e+5,,
967.46,2.265e+5,2.265e+5,,
967.51,2.556e+5,2.556e+5,,
967.56,2.869e+5,2.869e+5,,
967.61,3.204e+5,3.204e+5,,
967.66,3.559e+5,3.559e+5,,
967.71,3.931e+5,3.931e+5,,
967.76,4.320e+5,4.320e+5,,
967.81,4.723e+5,4.723e+5,,
967.86,5.135e+5,5.135e+5,,
967.91,5.553e+5,5.553e+5,,
967.96,5.974e+5,5.974e+5,,
968.01,6.392e+5,6.392e+5,,
968.06,6.803e+5,6.803e+5,,
968.11,7.202e+5,7.202e+5,,
968.16,7.585e+5,7.585e+5,,
968.21,7.944e+5,7.944e+5,,
968.26,8.277e+5,8.277e+5,,
968.31,8.578e+5,8.578e+5,,
968.36,8.843e+5,8.843e+5,,
968.41,9.067e+5,9.067e+5,,
968.46,9.248e+5,9.248e+5,,
968.51,9.382e+5,9.382e+5,,
968.56,9.467e+5,9.467e+5,,
968.61,9.502e+5,9.502e+5,,
968.66,9.487e+5,9.487e+5,,
968.71,9.422e+5,9.422e+5,,
968.76,9.307e+5,9.307e+5,,
968.81,9.145e+5,9.145e+5,,
968.86,8.937e+5,8.937e+5,,
968.91,8.689e+5,8.689e+5,,
968.96,8.402e+5,8.402e+5,,
969.01,8.081e+5,8.081e+5,,
969.06,7.731e+5,7.731e+5,,
969.11,7.358e+5,7.358e+5,,
969.16,6.965e+5,6.965e+5,,
969.21,6.558e+5,6.558e+5,,
969.26,6.142e+5,6.142e+5,,
969.31,5.721e+5,5.721e+5,,
969.36,5.301e+5,5.301e+5,,
969.41,4.886e+5,4.886e+5,,
969.46,4.480e+5,4.480e+5,,
969.51,4.085e+5,4.085e+5,,
969.56,3.706e+5,3.706e+5,,
969.61,3.343e+5,3.343e+5,,
969.66,3.001e+5,3.001e+5,,
969.71,2.679e+5,2.679e+5,,
969.76,2.379e+5,2.379e+5,,
969.81,2.101e+5,2.101e+5,,
969.86,1.846e+5,1.846e+5,,
969.91,1.613e+5,1.613e+5,,
969.96,1.402e+5,1.402e+5,,
970.01,1.212e+5,1.212e+5,,
970.06,1.042e+5,1.042e+5,,
970.11,8.917e+4,8.917e+4,,
970.16,7.587e+4,7.587e+4,,
970.21,6.422e+4,6.422e+4,,
970.26,5.406e+4,5.406e+4,,
970.31,4.527e+4,4.527e+4,,
970.36,3.771e+4,3.771e+4,,
970.41,3.124e+4,3.124e+4,,
970.46,2.575e+4,2.575e+4,,
970.51,2.111e+4,2.111e+4,,
970.56,1.721e+4,1.721e+4,,
970.61,1.396e+4,1.396e+4,,
970.66,1.126e+4,1.126e+4,,
970.71,9.035e+3,9.035e+3,,
970.76,7.212e+3,7.212e+3,,
970.81,5.725e+3,5.725e+3,,
970.86,4.521e+3,4.521e+3,,
970.91,3.552e+3,3.552e+3,,
970.96,2.775e+3,2.775e+3,,
971.01,2.157e+3,2.157e+3,,
971.06,1.667e+3,1.667e+3,,
971.11,1.282e+3,1.282e+3,,
971.16,9.806e+2,9.806e+2,,
971.21,7.460e+2,7.460e+2,,
971.26,5.646e+2,5.646e+2,,
971.31,4.250e+2,4.250e+2,,
971.36,3.182e+2,3.182e+2,,
971.41,2.370e+2,2.370e+2,,
971.46,1.755e+2,1.755e+2,,
971.51,1.294e+2,1.294e+2,,
971.56,9.481e+1,9.481e+1,,
971.61,6.912e+1,6.912e+1,,
971.66,5.012e+1,5.012e+1,,
971.71,3.615e+1,3.615e+1,,
971.76,2.594e+1,2.594e+1,,
971.81,1.851e+1,1.851e+1,,
971.86,1.314e+1,1.314e+1,,
971.91,9.279e+0,9.279e+0,,
971.96,6.517e+0,6.517e+0,,
972.01,4.553e+0,4.553e+0,,
972.06,3.164e+0,3.164e+0,,
972.11,2.187e+0,2.187e+0,,
972.16,1.504e+0,1.504e+0,,
972.21,1.028e+0,1.028e+0,,
972.26,6.995e-1,6.995e-1,,
972.31,4.733e-1,4.733e-1,,
972.36,3.185e-1,3.185e-1,,
972.41,2.132e-1,2.132e-1,,
972.46,1.420e-1,1.420e-1,,
972.51,9.406e-2,9.406e-2,,
972.57,5.697e-2,5.697e-2,,
972.62,3.729e-2,3.729e-2,,
972.67,2.428e-2,2.428e-2,,
972.72,1.573e-2,1.573e-2,,
972.77,1.013e-2,1.013e-2,,
972.82,6.494e-3,6.494e-3,,
972.87,4.139e-3,4.139e-3,,
972.92,2.625e-3,2.625e-3,,
972.97,1.655e-3,1.655e-3,,
973.02,1.038e-3,1.038e-3,,
973.07,6.479e-4,6.479e-4,,
973.12,4.021e-4,4.021e-4,,
973.17,2.483e-4,2.483e-4,,
973.22,1.525e-4,1.525e-4,,
973.27,9.312e-5,9.312e-5,,
973.32,5.658e-5,5.658e-5,,
973.37,3.419e-5,3.419e-5,,
973.42,2.055e-5,2.055e-5,,
973.47,1.229e-5,1.229e-5,,
973.52,7.310e-6,7.310e-6,,
973.57,4.324e-6,4.324e-6,,
973.62,2.545e-6,2.545e-6,,
973.67,1.489e-6,1.489e-6,,
973.72,8.672e-7,8.672e-7,,
973.77,5.022e-7,5.022e-7,,
973.82,2.893e-7,2.893e-7,,
973.87,1.658e-7,1.658e-7,,
973.92,9.447e-8,9.447e-8,,
973.97,5.356e-8,5.356e-8,,
974.02,3.020e-8,3.020e-8,,
974.07,1.694e-8,1.694e-8,,
974.12,9.451e-9,9.451e-9,,
974.17,5.245e-9,5.245e-9,,
974.22,2.895e-9,2.895e-9,,
974.27,1.590e-9,1.590e-9,,
974.32,8.681e-10,8.681e-10,,
974.37,4.716e-10,4.716e-10,,
974.42,2.548e-10,2.548e-10,,