Wavelength (nm),Sum,Cr I (2.7e-02),Cr II (9.7e-01)
204.32,1.884e-6,,1.884e-6
204.37,3.340e-5,,3.340e-5
204.42,5.262e-4,,5.262e-4
204.47,7.365e-3,,7.365e-3
204.52,9.157e-2,,9.157e-2
204.57,1.012e+0,,1.012e+0
204.62,9.927e+0,,9.927e+0
204.67,8.655e+1,,8.655e+1
204.72,6.703e+2,,6.703e+2
204.77,4.613e+3,,4.613e+3
204.82,2.820e+4,,2.820e+4
204.87,1.531e+5,,1.531e+5
204.92,7.389e+5,,7.389e+5
204.97,3.167e+6,,3.167e+6
205.02,1.206e+7,,1.206e+7
205.07,4.080e+7,,4.080e+7
205.12,1.226e+8,,1.226e+8
205.17,3.275e+8,,3.275e+8
205.22,7.768e+8,,7.768e+8
205.27,1.637e+9,,1.637e+9
205.32,3.065e+9,,3.065e+9
205.37,5.098e+9,,5.098e+9
205.42,7.533e+9,,7.533e+9
205.47,9.890e+9,,9.890e+9
205.52,1.153e+10,,1.153e+10
205.57,1.195e+10,,1.195e+10
205.62,1.101e+10,,1.101e+10
205.67,9.028e+9,,9.028e+9
205.72,6.629e+9,,6.629e+9
205.77,4.466e+9,,4.466e+9
205.82,3.003e+9,,3.003e+9
205.87,2.458e+9,,2.458e+9
205.92,2.845e+9,,2.845e+9
205.97,4.018e+9,,4.018e+9
206.02,5.679e+9,,5.679e+9
206.07,7.381e+9,,7.381e+9
206.12,8.625e+9,,8.625e+9
206.17,9.051e+9,,9.051e+9
206.22,8.615e+9,,8.615e+9
206.27,7.626e+9,,7.626e+9
206.32,6.593e+9,,6.593e+9
206.37,5.952e+9,,5.952e+9
206.42,5.849e+9,,5.849e+9
206.47,6.094e+9,,6.094e+9
206.52,6.301e+9,,6.301e+9
206.57,6.120e+9,,6.120e+9
206.62,5.416e+9,,5.416e+9
206.67,4.305e+9,,4.305e+9
206.72,3.056e+9,,3.056e+9
206.77,1.933e+9,,1.933e+9
206.82,1.088e+9,,1.088e+9
206.87,5.448e+8,,5.448e+8
206.92,2.427e+8,,2.427e+8
206.97,9.615e+7,,9.615e+7
207.02,3.388e+7,,3.388e+7
207.07,1.062e+7,,1.062e+7
207.12,2.960e+6,,2.960e+6
207.17,7.338e+5,,7.338e+5
207.22,1.618e+5,,1.618e+5
207.27,3.173e+4,,3.173e+4
207.32,5.535e+3,,5.535e+3
207.37,8.587e+2,,8.587e+2
207.42,1.185e+2,,1.185e+2
207.47,1.454e+1,,1.454e+1
207.52,1.587e+0,,1.587e+0
207.57,1.541e-1,,1.541e-1
207.62,1.330e-2,,1.330e-2
207.67,1.022e-3,,1.022e-3
207.72,6.978e-5,,6.978e-5
207.77,4.239e-6,,4.239e-6
234.03,3.391e-9,3.391e-9,
234.08,4.052e-8,4.052e-8,
234.13,4.425e-7,4.425e-7,
234.18,4.415e-6,4.415e-6,
234.23,4.025e-5,4.025e-5,
234.28,3.353e-4,3.353e-4,
234.33,2.552e-3,2.552e-3,
234.38,1.775e-2,1.775e-2,
234.43,1.128e-1,1.128e-1,
234.48,6.550e-1,6.550e-1,
234.53,3.475e+0,3.475e+0,
234.58,1.685e+1,1.685e+1,
234.63,7.464e+1,7.464e+1,
234.68,3.022e+2,3.022e+2,
234.73,1.118e+3,1.118e+3,
234.78,3.777e+3,3.777e+3,
234.83,1.166e+4,1.166e+4,
234.88,3.292e+4,3.292e+4,
234.93,8.487e+4,8.487e+4,
234.98,2.000e+5,2.000e+5,
235.03,4.305e+5,4.305e+5,
235.08,8.468e+5,8.468e+5,
235.13,1.522e+6,1.522e+6,
235.18,2.500e+6,2.500e+6,
235.23,3.751e+6,3.751e+6,
235.28,5.144e+6,5.144e+6,
235.33,6.445e+6,6.445e+6,
235.38,7.379e+6,7.379e+6,
235.43,7.720e+6,7.720e+6,
235.48,7.379e+6,7.379e+6,
235.53,6.445e+6,6.445e+6,
235.58,5.144e+6,5.144e+6,
235.63,3.751e+6,3.751e+6,
235.68,2.500e+6,2.500e+6,
235.73,1.523e+6,1.523e+6,
235.78,8.497e+5,8.497e+5,
235.83,4.401e+5,4.401e+5,
235.88,2.291e+5,2.291e+5,
235.93,1.660e+5,1.660e+5,
235.98,2.401e+5,2.401e+5,
236.03,4.972e+5,4.972e+5,
236.08,1.050e+6,1.050e+6,
236.13,2.074e+6,2.074e+6,
236.18,3.785e+6,3.785e+6,
236.23,6.380e+6,6.380e+6,
236.28,9.944e+6,9.944e+6,
236.33,1.436e+7,1.436e+7,
236.38,1.927e+7,1.927e+7,
236.43,2.406e+7,2.406e+7,
236.48,2.803e+7,2.803e+7,
236.53,3.049e+7,3.049e+7,
236.58,3.103e+7,3.103e+7,
236.63,2.953e+7,2.953e+7,
236.68,2.627e+7,2.627e+7,
236.73,2.184e+7,2.184e+7,
236.78,1.692e+7,1.692e+7,
236.83,1.220e+7,1.220e+7,
236.88,8.178e+6,8.178e+6,
236.93,5.088e+6,5.088e+6,
236.98,2.953e+6,2.953e+6,
237.03,1.641e+6,1.641e+6,
237.08,9.699e+5,9.699e+5,
237.13,7.792e+5,7.792e+5,
237.18,9.641e+5,9.641e+5,
237.23,1.467e+6,1.467e+6,
237.28,2.240e+6,2.240e+6,
237.33,3.200e+6,3.200e+6,
237.38,4.206e+6,4.206e+6,
237.43,5.065e+6,5.065e+6,
237.48,5.584e+6,5.584e+6,
237.53,5.634e+6,5.634e+6,
237.58,5.204e+6,5.204e+6,
237.63,4.404e+6,4.404e+6,
237.68,3.427e+6,3.427e+6,
237.73,2.491e+6,2.491e+6,
237.78,1.794e+6,1.794e+6,
237.83,1.518e+6,1.518e+6,
237.88,1.874e+6,1.874e+6,
237.93,3.155e+6,3.155e+6,
237.98,5.749e+6,5.749e+6,
238.03,1.007e+7,1.007e+7,
238.08,1.636e+7,1.636e+7,
238.13,2.449e+7,2.449e+7,
238.18,3.371e+7,3.371e+7,
238.23,4.275e+7,4.275e+7,
238.28,5.008e+7,5.008e+7,
238.33,5.441e+7,5.441e+7,
238.38,5.513e+7,5.513e+7,
238.43,5.245e+7,5.245e+7,
238.48,4.730e+7,4.730e+7,
238.53,4.087e+7,4.087e+7,
238.58,3.429e+7,3.429e+7,
238.63,2.842e+7,2.842e+7,
238.68,2.374e+7,2.374e+7,
238.73,2.043e+7,2.043e+7,
238.78,1.834e+7,1.834e+7,
238.83,1.709e+7,1.709e+7,
238.88,1.614e+7,1.614e+7,
238.93,1.498e+7,1.498e+7,
238.98,1.331e+7,1.331e+7,
239.03,1.111e+7,1.111e+7,
239.08,8.621e+6,8.621e+6,
239.13,6.177e+6,6.177e+6,
239.18,4.072e+6,4.072e+6,
239.23,2.465e+6,2.465e+6,
239.28,1.369e+6,1.369e+6,
239.33,6.966e+5,6.966e+5,
239.38,3.250e+5,3.250e+5,
239.43,1.389e+5,1.389e+5,
239.48,5.441e+4,5.441e+4,
239.53,1.952e+4,1.952e+4,
239.58,6.419e+3,6.419e+3,
239.63,1.933e+3,1.933e+3,
239.68,5.335e+2,5.335e+2,
239.73,1.349e+2,1.349e+2,
239.78,3.134e+1,3.134e+1,
239.83,7.314e+0,7.314e+0,
239.88,5.193e+0,5.193e+0,
239.93,2.058e+1,2.058e+1,
239.98,9.736e+1,9.736e+1,
240.03,4.271e+2,4.271e+2,
240.08,1.719e+3,1.719e+3,
240.13,6.352e+3,6.352e+3,
240.18,2.153e+4,2.153e+4,
240.23,6.698e+4,6.698e+4,
240.28,1.912e+5,1.912e+5,
240.33,5.006e+5,5.006e+5,
240.38,1.203e+6,1.203e+6,
240.43,2.653e+6,2.653e+6,
240.48,5.367e+6,5.367e+6,
240.53,9.964e+6,9.964e+6,
240.58,1.698e+7,1.698e+7,
240.63,2.654e+7,2.654e+7,
240.68,3.806e+7,3.806e+7,
240.73,5.010e+7,5.010e+7,
240.78,6.051e+7,6.051e+7,
240.83,6.707e+7,6.707e+7,
240.88,6.821e+7,6.821e+7,
240.93,6.365e+7,6.365e+7,
240.98,5.451e+7,5.451e+7,
241.03,4.283e+7,4.283e+7,
241.08,3.089e+7,3.089e+7,
241.13,2.044e+7,2.044e+7,
241.18,1.241e+7,1.241e+7,
241.23,6.915e+6,6.915e+6,
241.28,3.536e+6,3.536e+6,
241.33,1.659e+6,1.659e+6,
241.38,7.144e+5,7.144e+5,
241.43,2.823e+5,2.823e+5,
241.48,1.024e+5,1.024e+5,
241.53,3.406e+4,3.406e+4,
241.58,1.040e+4,1.040e+4,
241.63,2.914e+3,2.914e+3,
241.68,7.494e+2,7.494e+2,
241.73,1.768e+2,1.768e+2,
241.78,3.829e+1,3.829e+1,
241.83,7.610e+0,7.610e+0,
241.88,1.388e+0,1.388e+0,
241.93,2.323e-1,2.323e-1,
241.98,3.567e-2,3.567e-2,
242.03,5.028e-3,5.028e-3,
242.08,6.503e-4,6.503e-4,
242.13,7.719e-5,7.719e-5,
242.18,8.408e-6,8.408e-6,
242.23,8.405e-7,8.405e-7,
242.28,7.710e-8,7.710e-8,
242.33,6.491e-9,6.491e-9,
246.43,2.902e-9,2.902e-9,
246.48,3.096e-8,3.096e-8,
246.53,3.045e-7,3.045e-7,
246.58,2.761e-6,2.761e-6,
246.63,2.308e-5,2.308e-5,
246.68,1.778e-4,1.778e-4,
246.73,1.263e-3,1.263e-3,
246.78,8.273e-3,8.273e-3,
246.83,4.994e-2,4.994e-2,
246.88,2.779e-1,2.779e-1,
246.93,1.426e+0,1.426e+0,
246.98,6.744e+0,6.744e+0,
247.03,2.941e+1,2.941e+1,
247.08,1.182e+2,1.182e+2,
247.13,4.379e+2,4.379e+2,
247.18,1.496e+3,1.496e+3,
247.23,4.711e+3,4.711e+3,
247.28,1.367e+4,1.367e+4,
247.33,3.659e+4,3.659e+4,
247.38,9.028e+4,9.028e+4,
247.43,2.053e+5,2.053e+5,
247.48,4.305e+5,4.305e+5,
247.53,8.320e+5,8.320e+5,
247.58,1.482e+6,1.482e+6,
247.63,2.435e+6,2.435e+6,
247.68,3.687e+6,3.687e+6,
247.73,5.147e+6,5.147e+6,
247.78,6.623e+6,6.623e+6,
247.83,7.857e+6,7.857e+6,
247.88,8.592e+6,8.592e+6,
247.93,8.662e+6,8.662e+6,
247.98,8.051e+6,8.051e+6,
248.03,6.898e+6,6.898e+6,
248.08,5.448e+6,5.448e+6,
248.13,3.967e+6,3.967e+6,
248.18,2.663e+6,2.663e+6,
248.23,1.648e+6,1.648e+6,
248.28,9.400e+5,9.400e+5,
248.33,4.943e+5,4.943e+5,
248.38,2.397e+5,2.397e+5,
248.43,1.075e+5,1.075e+5,
248.48,4.577e+4,4.577e+4,
248.53,2.231e+4,2.231e+4,
248.58,2.315e+4,2.315e+4,
248.63,5.151e+4,5.151e+4,
248.68,1.320e+5,1.320e+5,
248.73,3.216e+5,3.216e+5,
248.78,7.254e+5,7.254e+5,
248.83,1.512e+6,1.512e+6,
248.88,2.910e+6,2.910e+6,
248.93,5.177e+6,5.177e+6,
248.98,8.523e+6,8.523e+6,
249.03,1.301e+7,1.301e+7,
249.08,1.845e+7,1.845e+7,
249.13,2.443e+7,2.443e+7,
249.18,3.042e+7,3.042e+7,
249.23,3.599e+7,3.599e+7,
249.28,4.098e+7,4.098e+7,
249.33,4.559e+7,4.559e+7,
249.38,5.019e+7,5.019e+7,
249.43,5.497e+7,5.497e+7,
249.48,5.966e+7,5.966e+7,
249.53,6.343e+7,6.343e+7,
249.58,6.520e+7,6.520e+7,
249.63,6.409e+7,6.409e+7,
249.68,5.989e+7,5.989e+7,
249.73,5.325e+7,5.325e+7,
249.78,4.543e+7,4.543e+7,
249.83,3.793e+7,3.793e+7,
249.88,3.204e+7,3.204e+7,
249.93,2.857e+7,2.857e+7,
249.98,2.783e+7,2.783e+7,
250.03,2.981e+7,2.981e+7,
250.08,3.426e+7,3.426e+7,
250.13,4.073e+7,4.073e+7,
250.18,4.855e+7,4.855e+7,
250.23,5.671e+7,5.671e+7,
250.28,6.400e+7,6.400e+7,
250.33,6.911e+7,6.911e+7,
250.38,7.102e+7,7.102e+7,
250.43,6.931e+7,6.931e+7,
250.48,6.436e+7,6.436e+7,
250.53,5.731e+7,5.731e+7,
250.58,4.969e+7,4.969e+7,
250.63,4.297e+7,4.297e+7,
250.68,3.803e+7,3.803e+7,
250.73,3.500e+7,3.500e+7,
250.78,3.328e+7,3.328e+7,
250.83,3.194e+7,3.194e+7,
250.88,3.013e+7,3.013e+7,
250.93,2.746e+7,2.746e+7,
250.98,2.402e+7,2.402e+7,
251.03,2.034e+7,2.034e+7,
251.08,1.708e+7,1.708e+7,
251.13,1.477e+7,1.477e+7,
251.18,1.358e+7,1.358e+7,
251.23,1.333e+7,1.333e+7,
251.28,1.353e+7,1.353e+7,
251.33,1.364e+7,1.364e+7,
251.38,1.322e+7,1.322e+7,
251.43,1.208e+7,1.208e+7,
251.48,1.031e+7,1.031e+7,
251.53,8.157e+6,8.157e+6,
251.58,5.979e+6,5.979e+6,
251.63,4.053e+6,4.053e+6,
251.68,2.540e+6,2.540e+6,
251.73,1.471e+6,1.471e+6,
251.78,7.873e+5,7.873e+5,
251.83,3.895e+5,3.895e+5,
251.88,1.791e+5,1.791e+5,
251.93,7.950e+4,7.950e+4,
251.98,4.381e+4,4.381e+4,
252.03,5.442e+4,5.442e+4,
252.08,1.259e+5,1.259e+5,
252.13,3.167e+5,3.167e+5,
252.18,7.529e+5,7.529e+5,
252.23,1.660e+6,1.660e+6,
252.28,3.384e+6,3.384e+6,
252.33,6.380e+6,6.380e+6,
252.38,1.112e+7,1.112e+7,
252.43,1.793e+7,1.793e+7,
252.48,2.673e+7,2.673e+7,
252.53,3.685e+7,3.685e+7,
252.58,4.697e+7,4.697e+7,
252.63,5.537e+7,5.537e+7,
252.68,6.035e+7,6.035e+7,
252.73,6.082e+7,6.082e+7,
252.78,5.668e+7,5.668e+7,
252.83,4.885e+7,4.885e+7,
252.88,3.893e+7,3.893e+7,
252.93,2.868e+7,2.868e+7,
252.98,1.954e+7,1.954e+7,
253.03,1.231e+7,1.231e+7,
253.08,7.175e+6,7.175e+6,
253.13,3.866e+6,3.866e+6,
253.18,1.929e+6,1.929e+6,
253.23,8.961e+5,8.961e+5,
253.28,4.022e+5,4.022e+5,
253.33,2.091e+5,2.091e+5,
253.38,1.924e+5,1.924e+5,
253.43,3.116e+5,3.116e+5,
253.48,5.817e+5,5.817e+5,
253.53,1.048e+6,1.048e+6,
253.58,1.760e+6,1.760e+6,
253.63,2.739e+6,2.739e+6,
253.68,3.944e+6,3.944e+6,
253.73,5.256e+6,5.256e+6,
253.78,6.485e+6,6.485e+6,
253.83,7.411e+6,7.411e+6,
253.88,7.854e+6,7.854e+6,
253.93,7.746e+6,7.746e+6,
253.98,7.163e+6,7.163e+6,
254.03,6.320e+6,6.320e+6,
254.08,5.516e+6,5.516e+6,
254.13,5.046e+6,5.046e+6,
254.18,5.128e+6,5.128e+6,
254.23,5.832e+6,5.832e+6,
254.28,7.065e+6,7.065e+6,
254.33,8.579e+6,8.579e+6,
254.38,1.004e+7,1.004e+7,
254.43,1.114e+7,1.114e+7,
254.48,1.171e+7,1.171e+7,
254.53,1.177e+7,1.177e+7,
254.58,1.159e+7,1.159e+7,
254.63,1.159e+7,1.159e+7,
254.68,1.214e+7,1.214e+7,
254.73,1.345e+7,1.345e+7,
254.78,1.542e+7,1.542e+7,
254.83,1.764e+7,1.764e+7,
254.88,1.951e+7,1.951e+7,
254.93,2.045e+7,2.045e+7,
254.98,2.008e+7,2.008e+7,
255.03,1.835e+7,1.835e+7,
255.08,1.558e+7,1.558e+7,
255.13,1.226e+7,1.226e+7,
255.18,8.938e+6,8.938e+6,
255.23,6.036e+6,6.036e+6,
255.28,3.777e+6,3.777e+6,
255.33,2.193e+6,2.193e+6,
255.38,1.193e+6,1.193e+6,
255.43,6.404e+5,6.404e+5,
255.48,4.163e+5,4.163e+5,
255.53,4.658e+5,4.658e+5,
255.58,8.165e+5,8.165e+5,
255.63,1.584e+6,1.584e+6,
255.68,2.958e+6,2.958e+6,
255.73,5.154e+6,5.154e+6,
255.78,8.330e+6,8.330e+6,
255.83,1.248e+7,1.248e+7,
255.88,1.732e+7,1.732e+7,
255.93,2.227e+7,2.227e+7,
255.98,2.654e+7,2.654e+7,
256.03,2.931e+7,2.931e+7,
256.08,2.999e+7,2.999e+7,
256.13,2.843e+7,2.843e+7,
256.18,2.497e+7,2.497e+7,
256.23,2.033e+7,2.033e+7,
256.28,1.533e+7,1.533e+7,
256.33,1.071e+7,1.071e+7,
256.38,6.940e+6,6.940e+6,
256.43,4.173e+6,4.173e+6,
256.48,2.347e+6,2.347e+6,
256.53,1.282e+6,1.282e+6,
256.58,7.983e+5,7.983e+5,
256.63,7.908e+5,7.908e+5,
256.68,1.278e+6,1.278e+6,
256.73,2.412e+6,2.412e+6,
256.78,4.458e+6,4.458e+6,
256.83,7.723e+6,7.723e+6,
256.88,1.243e+7,1.243e+7,
256.93,1.855e+7,1.855e+7,
256.98,2.568e+7,2.568e+7,
257.03,3.296e+7,3.296e+7,
257.08,3.923e+7,3.923e+7,
257.13,4.331e+7,4.331e+7,
257.18,4.439e+7,4.439e+7,
257.23,4.229e+7,4.229e+7,
257.28,3.762e+7,3.762e+7,
257.33,3.153e+7,3.153e+7,
257.38,2.546e+7,2.546e+7,
257.43,2.070e+7,2.070e+7,
257.48,1.812e+7,1.812e+7,
257.53,1.802e+7,1.802e+7,
257.58,2.016e+7,2.016e+7,
257.63,2.380e+7,2.380e+7,
257.68,2.794e+7,2.794e+7,
257.73,3.154e+7,3.154e+7,
257.78,3.367e+7,3.367e+7,
257.83,3.383e+7,3.383e+7,
257.88,3.193e+7,3.193e+7,
257.93,2.834e+7,2.834e+7,
257.98,2.372e+7,2.372e+7,
258.03,1.883e+7,1.883e+7,
258.08,1.439e+7,1.439e+7,
258.13,1.090e+7,1.090e+7,
258.18,8.626e+6,8.626e+6,
258.23,7.577e+6,7.577e+6,
258.28,7.562e+6,7.562e+6,
258.33,8.260e+6,8.260e+6,
258.38,9.307e+6,9.307e+6,
258.43,1.039e+7,1.039e+7,
258.48,1.131e+7,1.131e+7,
258.53,1.204e+7,1.204e+7,
258.58,1.270e+7,1.270e+7,
258.63,1.347e+7,1.347e+7,
258.68,1.460e+7,1.460e+7,
258.73,1.631e+7,1.631e+7,
258.78,1.888e+7,1.888e+7,
258.83,2.260e+7,2.260e+7,
258.88,2.775e+7,2.775e+7,
258.93,3.445e+7,3.445e+7,
258.98,4.239e+7,4.239e+7,
259.03,5.074e+7,5.074e+7,
259.08,5.816e+7,5.816e+7,
259.13,6.311e+7,6.311e+7,
259.18,6.435e+7,6.435e+7,
259.23,6.135e+7,6.135e+7,
259.28,5.453e+7,5.453e+7,
259.33,4.511e+7,4.511e+7,
259.38,3.469e+7,3.469e+7,
259.43,2.478e+7,2.478e+7,
259.48,1.645e+7,1.645e+7,
259.53,1.013e+7,1.013e+7,
259.58,5.799e+6,5.799e+6,
259.63,3.083e+6,3.083e+6,
259.68,1.528e+6,1.528e+6,
259.73,7.221e+5,7.221e+5,
259.78,3.618e+5,3.618e+5,
259.83,2.674e+5,2.674e+5,
259.88,3.607e+5,3.607e+5,
259.93,6.369e+5,6.369e+5,
259.98,1.136e+6,1.136e+6,
260.03,1.911e+6,1.911e+6,
260.08,2.995e+6,2.995e+6,
260.13,4.363e+6,4.363e+6,
260.18,5.904e+6,5.904e+6,
260.23,7.420e+6,7.420e+6,
260.28,8.663e+6,8.663e+6,
260.33,9.396e+6,9.396e+6,
260.38,9.465e+6,9.465e+6,
260.43,8.857e+6,8.857e+6,
260.48,7.699e+6,7.699e+6,
260.53,6.216e+6,6.216e+6,
260.58,4.662e+6,4.662e+6,
260.63,3.248e+6,3.248e+6,
260.68,2.102e+6,2.102e+6,
260.73,1.264e+6,1.264e+6,
260.78,7.055e+5,7.055e+5,
260.83,3.659e+5,3.659e+5,
260.88,1.763e+5,1.763e+5,
260.93,7.896e+4,7.896e+4,
260.98,3.299e+4,3.299e+4,
261.03,1.329e+4,1.329e+4,
261.08,6.482e+3,6.482e+3,
261.13,7.105e+3,7.105e+3,
261.18,1.547e+4,1.547e+4,
261.23,3.761e+4,3.761e+4,
261.28,8.714e+4,8.714e+4,
261.33,1.886e+5,1.886e+5,
261.38,3.805e+5,3.805e+5,
261.43,7.160e+5,7.160e+5,
261.48,1.258e+6,1.258e+6,
261.53,2.069e+6,2.069e+6,
261.58,3.188e+6,3.188e+6,
261.63,4.619e+6,4.619e+6,
261.68,6.316e+6,6.316e+6,
261.73,8.188e+6,8.188e+6,
261.78,1.013e+7,1.013e+7,
261.83,1.203e+7,1.203e+7,
261.88,1.385e+7,1.385e+7,
261.93,1.557e+7,1.557e+7,
261.98,1.724e+7,1.724e+7,
262.03,1.890e+7,1.890e+7,
262.08,2.056e+7,2.056e+7,
262.13,2.220e+7,2.220e+7,
262.18,2.371e+7,2.371e+7,
262.23,2.497e+7,2.497e+7,
262.28,2.587e+7,2.587e+7,
262.33,2.635e+7,2.635e+7,
262.38,2.641e+7,2.641e+7,
262.44,2.601e+7,2.601e+7,
262.49,2.532e+7,2.532e+7,
262.54,2.431e+7,2.431e+7,
262.59,2.298e+7,2.298e+7,
262.64,2.134e+7,2.134e+7,
262.69,1.947e+7,1.947e+7,
262.74,1.750e+7,1.750e+7,
262.79,1.560e+7,1.560e+7,
262.84,1.389e+7,1.389e+7,
262.89,1.239e+7,1.239e+7,
262.94,1.104e+7,1.104e+7,
262.99,9.723e+6,9.723e+6,
263.04,8.360e+6,8.360e+6,
263.09,6.922e+6,6.922e+6,
263.14,5.460e+6,5.460e+6,
263.19,4.069e+6,4.069e+6,
263.24,2.849e+6,2.849e+6,
263.29,1.867e+6,1.867e+6,
263.34,1.143e+6,1.143e+6,
263.39,6.524e+5,6.524e+5,
263.44,3.470e+5,3.470e+5,
263.49,1.718e+5,1.718e+5,
263.54,7.919e+4,7.919e+4,
263.59,3.397e+4,3.397e+4,
263.64,1.356e+4,1.356e+4,
263.69,5.033e+3,5.033e+3,
263.74,1.739e+3,1.739e+3,8.815e-8
263.79,5.588e+2,5.588e+2,8.491e-7
263.84,1.671e+2,1.671e+2,7.618e-6
263.89,4.647e+1,4.647e+1,6.367e-5
263.94,1.202e+1,1.202e+1,4.956e-4
263.99,2.897e+0,2.894e+0,3.594e-3
264.04,6.722e-1,6.479e-1,2.427e-2
264.09,2.876e-1,1.349e-1,1.527e-1
264.14,9.208e-1,2.615e-2,8.947e-1
264.19,4.888e+0,4.713e-3,4.883e+0
264.24,2.483e+1,7.902e-4,2.482e+1
264.29,1.176e+2,1.233e-4,1.176e+2
264.34,5.185e+2,1.789e-5,5.185e+2
264.39,2.130e+3,2.414e-6,2.130e+3
264.44,8.152e+3,3.032e-7,8.152e+3
264.49,2.906e+4,3.541e-8,2.906e+4
264.54,9.648e+4,3.848e-9,9.648e+4
264.59,2.984e+5,3.890e-10,2.984e+5
264.64,8.596e+5,,8.596e+5
264.69,2.306e+6,,2.306e+6
264.74,5.764e+6,,5.764e+6
264.79,1.342e+7,,1.342e+7
264.84,2.910e+7,,2.910e+7
264.89,5.877e+7,,5.877e+7
264.94,1.106e+8,,1.106e+8
264.99,1.938e+8,,1.938e+8
265.04,3.164e+8,,3.164e+8
265.09,4.811e+8,,4.811e+8
265.14,6.819e+8,,6.819e+8
265.19,9.008e+8,,9.008e+8
265.24,1.110e+9,,1.110e+9
265.29,1.278e+9,,1.278e+9
265.34,1.379e+9,1.437e-9,1.379e+9
265.39,1.403e+9,1.311e-8,1.403e+9
265.44,1.361e+9,1.114e-7,1.361e+9
265.49,1.284e+9,8.829e-7,1.284e+9
265.54,1.211e+9,6.523e-6,1.211e+9
265.59,1.179e+9,4.493e-5,1.179e+9
265.64,1.209e+9,2.885e-4,1.209e+9
265.69,1.296e+9,1.727e-3,1.296e+9
265.74,1.411e+9,9.635e-3,1.411e+9
265.79,1.513e+9,5.012e-2,1.513e+9
265.84,1.560e+9,2.431e-1,1.560e+9
265.89,1.525e+9,1.099e+0,1.525e+9
265.94,1.403e+9,4.632e+0,1.403e+9
265.99,1.215e+9,1.820e+1,1.215e+9
266.04,9.978e+8,6.668e+1,9.978e+8
266.09,7.967e+8,2.278e+2,7.967e+8
266.14,6.562e+8,7.254e+2,6.562e+8
266.19,6.131e+8,2.154e+3,6.131e+8
266.24,6.941e+8,5.966e+3,6.941e+8
266.29,9.130e+8,1.541e+4,9.130e+8
266.34,1.267e+9,3.714e+4,1.267e+9
266.39,1.734e+9,8.355e+4,1.734e+9
266.44,2.270e+9,1.755e+5,2.270e+9
266.49,2.813e+9,3.443e+5,2.812e+9
266.54,3.297e+9,6.319e+5,3.296e+9
266.59,3.667e+9,1.086e+6,3.666e+9
266.64,3.894e+9,1.752e+6,3.892e+9
266.69,3.981e+9,2.660e+6,3.979e+9
266.74,3.962e+9,3.813e+6,3.958e+9
266.79,3.888e+9,5.186e+6,3.883e+9
266.84,3.819e+9,6.731e+6,3.813e+9
266.89,3.808e+9,8.392e+6,3.799e+9
266.94,3.889e+9,1.012e+7,3.879e+9
266.99,4.074e+9,1.186e+7,4.062e+9
267.04,4.338e+9,1.356e+7,4.324e+9
267.09,4.624e+9,1.515e+7,4.609e+9
267.14,4.851e+9,1.650e+7,4.834e+9
267.19,4.933e+9,1.746e+7,4.915e+9
267.24,4.808e+9,1.789e+7,4.790e+9
267.29,4.455e+9,1.771e+7,4.437e+9
267.34,3.903e+9,1.692e+7,3.886e+9
267.39,3.223e+9,1.570e+7,3.208e+9
267.44,2.503e+9,1.431e+7,2.489e+9
267.49,1.826e+9,1.311e+7,1.813e+9
267.54,1.251e+9,1.240e+7,1.239e+9
267.59,8.056e+8,1.241e+7,7.932e+8
267.64,4.890e+8,1.314e+7,4.758e+8
267.69,2.817e+8,1.445e+7,2.673e+8
267.74,1.565e+8,1.602e+7,1.405e+8
267.79,8.658e+7,1.745e+7,6.912e+7
267.84,5.021e+7,1.840e+7,3.181e+7
267.89,3.231e+7,1.862e+7,1.369e+7
267.94,2.353e+7,1.802e+7,5.508e+6
267.99,1.872e+7,1.665e+7,2.072e+6
268.04,1.540e+7,1.467e+7,7.280e+5
268.09,1.257e+7,1.233e+7,2.390e+5
268.14,9.944e+6,9.870e+6,7.331e+4
268.19,7.530e+6,7.509e+6,2.100e+4
268.24,5.424e+6,5.419e+6,5.615e+3
268.29,3.704e+6,3.703e+6,1.402e+3
268.34,2.396e+6,2.396e+6,3.267e+2
268.39,1.478e+6,1.478e+6,7.105e+1
268.44,9.006e+5,9.006e+5,1.442e+1
268.49,6.071e+5,6.071e+5,2.731e+0
268.54,5.590e+5,5.590e+5,4.826e-1
268.59,7.457e+5,7.457e+5,7.956e-2
268.64,1.184e+6,1.184e+6,1.224e-2
268.69,1.904e+6,1.904e+6,1.755e-3
268.74,2.920e+6,2.920e+6,2.349e-4
268.79,4.204e+6,4.204e+6,2.932e-5
268.84,5.656e+6,5.656e+6,3.368e-6
268.89,7.105e+6,7.105e+6,3.663e-7
268.94,8.332e+6,8.332e+6,
268.99,9.123e+6,9.123e+6,
269.04,9.335e+6,9.335e+6,
269.09,8.941e+6,8.941e+6,
269.14,8.047e+6,8.047e+6,
269.19,6.866e+6,6.866e+6,
269.24,5.662e+6,5.662e+6,
269.29,4.677e+6,4.677e+6,
269.34,4.085e+6,4.085e+6,
269.39,3.957e+6,3.957e+6,
269.44,4.258e+6,4.258e+6,
269.49,4.875e+6,4.875e+6,
269.54,5.660e+6,5.660e+6,
269.59,6.486e+6,6.486e+6,
269.64,7.312e+6,7.312e+6,
269.69,8.226e+6,8.226e+6,
269.74,9.460e+6,9.460e+6,
269.79,1.135e+7,1.135e+7,
269.84,1.423e+7,1.423e+7,
269.89,1.835e+7,1.835e+7,
269.94,2.370e+7,2.370e+7,
269.99,2.994e+7,2.994e+7,
270.04,3.643e+7,3.643e+7,
270.09,4.226e+7,4.226e+7,
270.14,4.651e+7,4.651e+7,
270.19,4.842e+7,4.842e+7,
270.24,4.763e+7,4.763e+7,
270.29,4.424e+7,4.424e+7,
270.34,3.881e+7,3.881e+7,
270.39,3.215e+7,3.215e+7,
270.44,2.516e+7,2.516e+7,
270.49,1.861e+7,1.861e+7,
270.54,1.300e+7,1.300e+7,
270.59,8.591e+6,8.591e+6,
270.64,5.364e+6,5.364e+6,
270.69,3.165e+6,3.165e+6,
270.74,1.764e+6,1.764e+6,
270.79,9.284e+5,9.284e+5,
270.84,4.632e+5,4.632e+5,
270.89,2.238e+5,2.238e+5,
270.94,1.175e+5,1.175e+5,
270.99,9.465e+4,9.465e+4,
271.04,1.412e+5,1.412e+5,
271.09,2.727e+5,2.727e+5,
271.14,5.316e+5,5.316e+5,
271.19,9.821e+5,9.821e+5,
271.24,1.700e+6,1.700e+6,
271.29,2.750e+6,2.750e+6,
271.34,4.157e+6,4.157e+6,
271.39,5.874e+6,5.874e+6,
271.44,7.755e+6,7.755e+6,
271.49,9.569e+6,9.569e+6,
271.54,1.103e+7,1.103e+7,
271.59,1.189e+7,1.189e+7,
271.64,1.197e+7,1.197e+7,
271.69,1.126e+7,1.126e+7,
271.74,9.900e+6,9.900e+6,
271.79,8.137e+6,8.137e+6,
271.84,6.257e+6,6.257e+6,
271.89,4.517e+6,4.517e+6,
271.94,3.106e+6,3.106e+6,
271.99,2.139e+6,2.139e+6,
272.04,1.708e+6,1.708e+6,
272.09,1.935e+6,1.935e+6,
272.14,3.044e+6,3.044e+6,
272.19,5.401e+6,5.401e+6,
272.24,9.499e+6,9.499e+6,
272.29,1.586e+7,1.586e+7,
272.34,2.486e+7,2.486e+7,4.487e-8
272.39,3.647e+7,3.647e+7,4.013e-7
272.44,5.005e+7,5.005e+7,3.358e-6
272.49,6.424e+7,6.424e+7,2.629e-5
272.54,7.715e+7,7.715e+7,1.925e-4
272.59,8.677e+7,8.677e+7,1.319e-3
272.64,9.156e+7,9.156e+7,8.457e-3
272.69,9.095e+7,9.095e+7,5.072e-2
272.74,8.565e+7,8.565e+7,2.846e-1
272.79,7.745e+7,7.745e+7,1.494e+0
272.84,6.879e+7,6.879e+7,7.339e+0
272.89,6.195e+7,6.195e+7,3.373e+1
272.94,5.849e+7,5.849e+7,1.450e+2
272.99,5.877e+7,5.877e+7,5.832e+2
273.04,6.196e+7,6.196e+7,2.195e+3
273.09,6.639e+7,6.639e+7,7.726e+3
273.14,7.017e+7,7.014e+7,2.545e+4
273.19,7.176e+7,7.168e+7,7.842e+4
273.24,7.056e+7,7.033e+7,2.261e+5
273.29,6.701e+7,6.640e+7,6.099e+5
273.34,6.252e+7,6.098e+7,1.539e+6
273.39,5.910e+7,5.547e+7,3.634e+6
273.44,5.902e+7,5.099e+7,8.026e+6
273.49,6.464e+7,4.805e+7,1.659e+7
273.54,7.847e+7,4.640e+7,3.207e+7
273.59,1.032e+8,4.523e+7,5.801e+7
273.64,1.418e+8,4.358e+7,9.818e+7
273.69,1.962e+8,4.069e+7,1.555e+8
273.74,2.667e+8,3.631e+7,2.304e+8
273.79,3.502e+8,3.068e+7,3.195e+8
273.84,4.392e+8,2.441e+7,4.148e+8
273.89,5.227e+8,1.824e+7,5.045e+8
273.94,5.881e+8,1.277e+7,5.753e+8
273.99,6.248e+8,8.374e+6,6.165e+8
274.04,6.282e+8,5.140e+6,6.231e+8
274.09,6.012e+8,2.952e+6,5.982e+8
274.14,5.536e+8,1.586e+6,5.521e+8
274.19,4.997e+8,7.973e+5,4.989e+8
274.24,4.527e+8,3.750e+5,4.523e+8
274.29,4.216e+8,1.654e+5,4.214e+8
274.34,4.078e+8,6.928e+4,4.077e+8
274.39,4.060e+8,3.038e+4,4.060e+8
274.44,4.069e+8,2.134e+4,4.069e+8
274.49,4.002e+8,3.457e+4,4.002e+8
274.54,3.791e+8,7.882e+4,3.790e+8
274.59,3.415e+8,1.820e+5,3.414e+8
274.64,2.906e+8,4.001e+5,2.902e+8
274.69,2.328e+8,8.302e+5,2.319e+8
274.74,1.755e+8,1.625e+6,1.739e+8
274.79,1.252e+8,2.998e+6,1.222e+8
274.84,8.559e+7,5.218e+6,8.037e+7
274.89,5.806e+7,8.563e+6,4.949e+7
274.94,4.178e+7,1.325e+7,2.853e+7
274.99,3.472e+7,1.933e+7,1.539e+7
275.04,3.436e+7,2.659e+7,7.769e+6
275.09,3.817e+7,3.450e+7,3.670e+6
275.14,4.391e+7,4.228e+7,1.623e+6
275.19,4.973e+7,4.906e+7,6.713e+5
275.24,5.435e+7,5.409e+7,2.599e+5
275.29,5.719e+7,5.710e+7,9.416e+4
275.34,5.833e+7,5.830e+7,3.192e+4
275.39,5.845e+7,5.844e+7,1.013e+4
275.44,5.845e+7,5.845e+7,3.007e+3
275.49,5.909e+7,5.909e+7,8.355e+2
275.54,6.062e+7,6.062e+7,2.172e+2
275.59,6.268e+7,6.268e+7,5.286e+1
275.64,6.442e+7,6.442e+7,1.203e+1
275.69,6.490e+7,6.490e+7,2.564e+0
275.74,6.351e+7,6.351e+7,5.113e-1
275.79,6.029e+7,6.029e+7,9.540e-2
275.84,5.590e+7,5.590e+7,1.666e-2
275.89,5.146e+7,5.146e+7,2.722e-3
275.94,4.808e+7,4.808e+7,4.162e-4
275.99,4.655e+7,4.655e+7,5.955e-5
276.04,4.711e+7,4.711e+7,7.974e-6
276.09,4.945e+7,4.945e+7,9.992e-7
276.14,5.291e+7,5.291e+7,1.172e-7
276.19,5.665e+7,5.665e+7,
276.24,5.991e+7,5.991e+7,
276.29,6.206e+7,6.206e+7,
276.34,6.265e+7,6.265e+7,
276.39,6.150e+7,6.150e+7,
276.44,5.869e+7,5.869e+7,
276.49,5.472e+7,5.472e+7,
276.54,5.052e+7,5.052e+7,
276.59,4.733e+7,4.733e+7,
276.64,4.644e+7,4.644e+7,
276.69,4.886e+7,4.886e+7,
276.74,5.492e+7,5.492e+7,
276.79,6.401e+7,6.401e+7,
276.84,7.459e+7,7.459e+7,
276.89,8.448e+7,8.448e+7,
276.94,9.139e+7,9.139e+7,
276.99,9.353e+7,9.353e+7,
277.04,9.012e+7,9.012e+7,
277.09,8.154e+7,8.154e+7,1.651e-7
277.14,6.921e+7,6.921e+7,1.371e-6
277.19,5.507e+7,5.507e+7,1.068e-5
277.24,4.108e+7,4.108e+7,7.798e-5
277.29,2.875e+7,2.875e+7,5.340e-4
277.34,1.894e+7,1.894e+7,3.428e-3
277.39,1.193e+7,1.193e+7,2.064e-2
277.44,7.578e+6,7.578e+6,1.165e-1
277.49,5.659e+6,5.659e+6,6.168e-1
277.54,6.093e+6,6.093e+6,3.062e+0
277.59,9.102e+6,9.102e+6,1.425e+1
277.64,1.524e+7,1.524e+7,6.219e+1
277.69,2.525e+7,2.525e+7,2.545e+2
277.74,3.978e+7,3.978e+7,9.767e+2
277.79,5.895e+7,5.895e+7,3.514e+3
277.84,8.197e+7,8.196e+7,1.186e+4
277.89,1.069e+8,1.068e+8,3.751e+4
277.94,1.307e+8,1.305e+8,1.113e+5
277.99,1.498e+8,1.495e+8,3.096e+5
278.04,1.614e+8,1.605e+8,8.074e+5
278.09,1.636e+8,1.616e+8,1.975e+6
278.14,1.570e+8,1.525e+8,4.529e+6
278.19,1.446e+8,1.348e+8,9.739e+6
278.24,1.314e+8,1.118e+8,1.964e+7
278.29,1.240e+8,8.686e+7,3.713e+7
278.34,1.291e+8,6.327e+7,6.584e+7
278.39,1.527e+8,4.320e+7,1.095e+8
278.44,1.983e+8,2.765e+7,1.706e+8
278.49,2.660e+8,1.659e+7,2.494e+8
278.54,3.512e+8,9.331e+6,3.418e+8
278.59,4.443e+8,4.919e+6,4.394e+8
278.64,5.319e+8,2.431e+6,5.295e+8
278.69,5.995e+8,1.126e+6,5.983e+8
278.74,6.345e+8,4.890e+5,6.340e+8
278.79,6.301e+8,1.991e+5,6.299e+8
278.84,5.870e+8,7.595e+4,5.869e+8
278.89,5.127e+8,2.717e+4,5.127e+8
278.94,4.200e+8,9.108e+3,4.200e+8
278.99,3.226e+8,2.862e+3,3.226e+8
279.04,2.324e+8,8.432e+2,2.324e+8
279.09,1.569e+8,2.329e+2,1.569e+8
279.14,9.938e+7,6.028e+1,9.938e+7
279.19,5.901e+7,1.463e+1,5.901e+7
279.24,3.286e+7,3.327e+0,3.286e+7
279.29,1.716e+7,7.093e-1,1.716e+7
279.34,8.400e+6,1.418e-1,8.400e+6
279.39,3.856e+6,2.656e-2,3.856e+6
279.44,1.660e+6,4.664e-3,1.660e+6
279.49,6.700e+5,7.678e-4,6.700e+5
279.54,2.536e+5,1.185e-4,2.536e+5
279.59,8.999e+4,1.714e-5,8.999e+4
279.64,2.995e+4,2.324e-6,2.995e+4
279.69,9.345e+3,2.953e-7,9.345e+3
279.74,2.734e+3,3.519e-8,2.734e+3
279.79,7.502e+2,,7.502e+2
279.84,1.930e+2,,1.930e+2
279.89,4.656e+1,,4.656e+1
279.94,1.053e+1,,1.053e+1
279.99,2.234e+0,,2.234e+0
280.04,4.443e-1,,4.443e-1
280.09,8.285e-2,,8.285e-2
280.14,1.449e-2,,1.449e-2
280.19,2.376e-3,,2.376e-3
280.24,3.653e-4,,3.653e-4
280.29,5.267e-5,,5.267e-5
280.34,7.120e-6,,7.120e-6
280.39,9.025e-7,,9.025e-7
280.44,1.073e-7,,1.073e-7
280.54,4.990e-7,,4.990e-7
280.59,4.086e-6,,4.086e-6
280.64,3.142e-5,,3.142e-5
280.69,2.269e-4,,2.269e-4
280.74,1.539e-3,,1.539e-3
280.79,9.807e-3,,9.807e-3
280.84,5.867e-2,,5.867e-2
280.89,3.297e-1,,3.297e-1
280.94,1.740e+0,,1.740e+0
280.99,8.622e+0,,8.622e+0
281.04,4.013e+1,,4.013e+1
281.09,1.754e+2,,1.754e+2
281.14,7.202e+2,,7.202e+2
281.19,2.777e+3,,2.777e+3
281.24,1.005e+4,,1.005e+4
281.29,3.419e+4,,3.419e+4
281.34,1.092e+5,,1.092e+5
281.39,3.276e+5,,3.276e+5
281.44,9.228e+5,,9.228e+5
281.49,2.441e+6,,2.441e+6
281.54,6.066e+6,,6.066e+6
281.59,1.416e+7,,1.416e+7
281.64,3.102e+7,,3.102e+7
281.69,6.385e+7,,6.385e+7
281.74,1.234e+8,,1.234e+8
281.79,2.241e+8,,2.241e+8
281.84,3.820e+8,,3.820e+8
281.89,6.117e+8,,6.117e+8
281.94,9.198e+8,,9.198e+8
281.99,1.299e+9,,1.299e+9
282.04,1.723e+9,,1.723e+9
282.09,2.146e+9,,2.146e+9
282.14,2.511e+9,,2.511e+9
282.19,2.759e+9,,2.759e+9
282.24,2.847e+9,,2.847e+9
282.29,2.759e+9,,2.759e+9
282.34,2.511e+9,,2.511e+9
282.39,2.146e+9,,2.146e+9
282.44,1.723e+9,,1.723e+9
282.49,1.299e+9,,1.299e+9
282.54,9.199e+8,,9.199e+8
282.59,6.118e+8,,6.118e+8
282.64,3.825e+8,,3.825e+8
282.69,2.255e+8,,2.255e+8
282.74,1.275e+8,,1.275e+8
282.79,7.469e+7,,7.469e+7
282.84,5.839e+7,,5.839e+7
282.89,7.911e+7,,7.911e+7
282.94,1.509e+8,,1.509e+8
282.99,3.061e+8,,3.061e+8
283.04,5.990e+8,,5.990e+8
283.09,1.107e+9,,1.107e+9
283.14,1.925e+9,,1.925e+9
283.19,3.147e+9,,3.147e+9
283.24,4.834e+9,,4.834e+9
283.29,6.979e+9,,6.979e+9
283.34,9.469e+9,,9.469e+9
283.39,1.208e+10,,1.208e+10
283.44,1.449e+10,,1.449e+10
283.49,1.635e+10,,1.635e+10
283.54,1.737e+10,,1.737e+10
283.59,1.740e+10,,1.740e+10
283.64,1.648e+10,,1.648e+10
283.69,1.482e+10,,1.482e+10
283.74,1.274e+10,,1.274e+10
283.79,1.059e+10,,1.059e+10
283.84,8.679e+9,,8.679e+9
283.89,7.176e+9,,7.176e+9
283.94,6.147e+9,,6.147e+9
283.99,5.562e+9,,5.562e+9
284.04,5.331e+9,,5.331e+9
284.09,5.343e+9,,5.343e+9
284.14,5.481e+9,,5.481e+9
284.19,5.638e+9,,5.638e+9
284.24,5.719e+9,,5.719e+9
284.29,5.648e+9,,5.648e+9
284.34,5.388e+9,,5.388e+9
284.39,4.943e+9,,4.943e+9
284.44,4.367e+9,,4.367e+9
284.49,3.753e+9,,3.753e+9
284.54,3.215e+9,,3.215e+9
284.59,2.864e+9,,2.864e+9
284.64,2.784e+9,,2.784e+9
284.69,3.015e+9,,3.015e+9
284.74,3.542e+9,,3.542e+9
284.79,4.295e+9,,4.295e+9
284.84,5.156e+9,,5.156e+9
284.89,5.982e+9,,5.982e+9
284.94,6.625e+9,,6.625e+9
284.99,6.970e+9,,6.970e+9
285.04,6.954e+9,,6.954e+9
285.09,6.579e+9,,6.579e+9
285.14,5.908e+9,,5.908e+9
285.19,5.049e+9,,5.049e+9
285.24,4.126e+9,,4.126e+9
285.29,3.252e+9,,3.252e+9
285.34,2.517e+9,,2.517e+9
285.39,1.970e+9,,1.970e+9
285.44,1.626e+9,5.213e-9,1.626e+9
285.49,1.464e+9,4.071e-8,1.464e+9
285.54,1.449e+9,2.993e-7,1.449e+9
285.59,1.534e+9,2.071e-6,1.534e+9
285.64,1.678e+9,1.348e-5,1.678e+9
285.69,1.856e+9,8.263e-5,1.856e+9
285.74,2.061e+9,4.766e-4,2.061e+9
285.79,2.306e+9,2.587e-3,2.306e+9
285.84,2.614e+9,1.322e-2,2.614e+9
285.89,3.006e+9,6.356e-2,3.006e+9
285.94,3.489e+9,2.877e-1,3.489e+9
285.99,4.044e+9,1.225e+0,4.044e+9
286.04,4.623e+9,4.912e+0,4.623e+9
286.09,5.165e+9,1.853e+1,5.165e+9
286.14,5.603e+9,6.581e+1,5.603e+9
286.19,5.893e+9,2.200e+2,5.893e+9
286.24,6.025e+9,6.919e+2,6.025e+9
286.29,6.034e+9,2.048e+3,6.034e+9
286.34,5.993e+9,5.707e+3,5.993e+9
286.39,5.990e+9,1.497e+4,5.990e+9
286.44,6.098e+9,3.694e+4,6.098e+9
286.49,6.348e+9,8.580e+4,6.348e+9
286.54,6.717e+9,1.876e+5,6.716e+9
286.59,7.127e+9,3.860e+5,7.127e+9
286.64,7.475e+9,7.474e+5,7.474e+9
286.69,7.660e+9,1.362e+6,7.659e+9
286.74,7.620e+9,2.337e+6,7.618e+9
286.79,7.342e+9,3.773e+6,7.338e+9
286.84,6.862e+9,5.733e+6,6.856e+9
286.89,6.246e+9,8.198e+6,6.238e+9
286.94,5.566e+9,1.103e+7,5.555e+9
286.99,4.880e+9,1.398e+7,4.866e+9
287.04,4.223e+9,1.667e+7,4.206e+9
287.09,3.613e+9,1.871e+7,3.594e+9
287.14,3.055e+9,1.976e+7,3.035e+9
287.19,2.553e+9,1.967e+7,2.533e+9
287.24,2.108e+9,1.845e+7,2.090e+9
287.29,1.725e+9,1.637e+7,1.709e+9
287.34,1.405e+9,1.381e+7,1.391e+9
287.39,1.145e+9,1.127e+7,1.133e+9
287.44,9.415e+8,9.202e+6,9.323e+8
287.49,7.914e+8,7.984e+6,7.834e+8
287.54,6.914e+8,7.875e+6,6.835e+8
287.59,6.397e+8,8.989e+6,6.307e+8
287.64,6.343e+8,1.128e+7,6.231e+8
287.69,6.719e+8,1.451e+7,6.574e+8
287.74,7.457e+8,1.829e+7,7.274e+8
287.79,8.456e+8,2.207e+7,8.235e+8
287.84,9.582e+8,2.524e+7,9.330e+8
287.89,1.068e+9,2.726e+7,1.041e+9
287.94,1.158e+9,2.775e+7,1.131e+9
287.99,1.215e+9,2.664e+7,1.188e+9
288.04,1.225e+9,2.413e+7,1.201e+9
288.09,1.183e+9,2.070e+7,1.163e+9
288.14,1.092e+9,1.697e+7,1.075e+9
288.19,9.601e+8,1.358e+7,9.465e+8
288.24,8.027e+8,1.112e+7,7.915e+8
288.29,6.376e+8,1.007e+7,6.275e+8
288.34,4.817e+8,1.081e+7,4.709e+8
288.39,3.477e+8,1.365e+7,3.340e+8
288.44,2.426e+8,1.885e+7,2.238e+8
288.49,1.680e+8,2.658e+7,1.415e+8
288.54,1.213e+8,3.692e+7,8.435e+7
288.59,9.716e+7,4.974e+7,4.742e+7
288.64,8.971e+7,6.459e+7,2.512e+7
288.69,9.317e+7,8.063e+7,1.254e+7
288.74,1.025e+8,9.664e+7,5.896e+6
288.79,1.137e+8,1.111e+8,2.613e+6
288.84,1.237e+8,1.226e+8,1.095e+6
288.89,1.305e+8,1.301e+8,4.463e+5
288.94,1.333e+8,1.331e+8,2.143e+5
288.99,1.323e+8,1.321e+8,2.159e+5
289.04,1.288e+8,1.284e+8,4.524e+5
289.09,1.246e+8,1.235e+8,1.111e+6
289.14,1.215e+8,1.188e+8,2.653e+6
289.19,1.212e+8,1.152e+8,5.993e+6
289.24,1.254e+8,1.127e+8,1.276e+7
289.29,1.361e+8,1.105e+8,2.560e+7
289.34,1.563e+8,1.079e+8,4.840e+7
289.39,1.900e+8,1.038e+8,8.620e+7
289.44,2.426e+8,9.796e+7,1.447e+8
289.49,3.193e+8,9.052e+7,2.288e+8
289.54,4.229e+8,8.201e+7,3.409e+8
289.59,5.516e+8,7.309e+7,4.785e+8
289.64,6.973e+8,6.431e+7,6.330e+8
289.69,8.449e+8,5.602e+7,7.889e+8
289.74,9.747e+8,4.834e+7,9.264e+8
289.79,1.066e+9,4.126e+7,1.025e+9
289.84,1.103e+9,3.474e+7,1.069e+9
289.89,1.078e+9,2.877e+7,1.050e+9
289.94,9.950e+8,2.342e+7,9.716e+8
289.99,8.661e+8,1.879e+7,8.473e+8
290.04,7.112e+8,1.504e+7,6.962e+8
290.09,5.513e+8,1.233e+7,5.390e+8
290.14,4.040e+8,1.080e+7,3.932e+8
290.19,2.808e+8,1.056e+7,2.703e+8
290.24,1.867e+8,1.163e+7,1.750e+8
290.29,1.207e+8,1.392e+7,1.068e+8
290.34,7.864e+7,1.723e+7,6.140e+7
290.39,5.452e+7,2.126e+7,3.326e+7
290.44,4.267e+7,2.569e+7,1.698e+7
290.49,3.844e+7,3.028e+7,8.166e+6
290.54,3.864e+7,3.494e+7,3.700e+6
290.59,4.139e+7,3.981e+7,1.580e+6
290.64,4.584e+7,4.520e+7,6.356e+5
290.69,5.172e+7,5.148e+7,2.409e+5
290.74,5.895e+7,5.887e+7,8.605e+4
290.79,6.731e+7,6.728e+7,2.896e+4
290.84,7.623e+7,7.622e+7,9.183e+3
290.89,8.478e+7,8.478e+7,2.746e+3
290.94,9.180e+7,9.180e+7,7.825e+2
290.99,9.611e+7,9.611e+7,2.477e+2
291.04,9.677e+7,9.677e+7,2.189e+2
291.09,9.336e+7,9.336e+7,6.310e+2
291.14,8.605e+7,8.605e+7,2.158e+3
291.19,7.561e+7,7.561e+7,7.077e+3
291.24,6.324e+7,6.322e+7,2.191e+4
291.29,5.029e+7,5.022e+7,6.401e+4
291.34,3.804e+7,3.786e+7,1.763e+5
291.39,2.752e+7,2.706e+7,4.580e+5
291.44,1.944e+7,1.832e+7,1.122e+6
291.49,1.433e+7,1.173e+7,2.593e+6
291.54,1.276e+7,7.108e+6,5.650e+6
291.59,1.568e+7,4.070e+6,1.161e+7
291.64,2.471e+7,2.201e+6,2.251e+7
291.69,4.227e+7,1.125e+6,4.115e+7
291.74,7.149e+7,5.424e+5,7.094e+7
291.79,1.156e+8,2.469e+5,1.154e+8
291.84,1.770e+8,1.061e+5,1.769e+8
291.89,2.559e+8,4.299e+4,2.558e+8
291.94,3.490e+8,1.644e+4,3.490e+8
291.99,4.489e+8,5.927e+3,4.489e+8
292.04,5.446e+8,2.016e+3,5.446e+8
292.09,6.232e+8,6.468e+2,6.232e+8
292.14,6.725e+8,1.957e+2,6.725e+8
292.19,6.844e+8,5.581e+1,6.844e+8
292.24,6.570e+8,1.501e+1,6.570e+8
292.29,5.949e+8,3.808e+0,5.949e+8
292.34,5.083e+8,9.108e-1,5.083e+8
292.39,4.103e+8,2.054e-1,4.103e+8
292.44,3.137e+8,4.368e-2,3.137e+8
292.49,2.291e+8,8.756e-3,2.291e+8
292.54,1.633e+8,1.655e-3,1.633e+8
292.59,1.197e+8,2.950e-4,1.197e+8
292.64,9.881e+7,4.957e-5,9.881e+7
292.69,9.978e+7,7.852e-6,9.978e+7
292.74,1.207e+8,1.173e-6,1.207e+8
292.79,1.589e+8,1.652e-7,1.589e+8
292.84,2.110e+8,2.194e-8,2.110e+8
292.89,2.728e+8,1.949e-9,2.728e+8
292.94,3.395e+8,,3.395e+8
292.99,4.071e+8,,4.071e+8
293.04,4.736e+8,,4.736e+8
293.09,5.402e+8,,5.402e+8
293.14,6.109e+8,,6.109e+8
293.19,6.910e+8,,6.910e+8
293.24,7.845e+8,,7.845e+8
293.3,9.125e+8,,9.125e+8
293.35,1.022e+9,,1.022e+9
293.4,1.118e+9,,1.118e+9
293.45,1.183e+9,,1.183e+9
293.5,1.199e+9,,1.199e+9
293.55,1.159e+9,,1.159e+9
293.6,1.064e+9,,1.064e+9
293.65,9.249e+8,,9.249e+8
293.7,7.608e+8,,7.608e+8
293.75,5.914e+8,,5.914e+8
293.8,4.342e+8,,4.342e+8
293.85,3.010e+8,,3.010e+8
293.9,1.969e+8,,1.969e+8
293.95,1.216e+8,,1.216e+8
294,7.087e+7,,7.087e+7
294.05,3.898e+7,,3.898e+7
294.1,2.023e+7,,2.023e+7
294.15,9.906e+6,,9.906e+6
294.2,4.578e+6,,4.578e+6
294.25,1.997e+6,,1.997e+6
294.3,8.227e+5,,8.227e+5
294.35,3.232e+5,,3.232e+5
294.4,1.299e+5,,1.299e+5
294.45,7.753e+4,,7.753e+4
294.5,1.133e+5,,1.133e+5
294.55,2.589e+5,,2.589e+5
294.6,6.137e+5,,6.137e+5
294.65,1.391e+6,,1.391e+6
294.7,2.980e+6,,2.980e+6
294.75,6.032e+6,,6.032e+6
294.8,1.153e+7,,1.153e+7
294.85,2.081e+7,,2.081e+7
294.9,3.546e+7,,3.546e+7
294.95,5.707e+7,,5.707e+7
295,8.672e+7,3.685e-8,8.672e+7
295.05,1.244e+8,2.642e-7,1.244e+8
295.1,1.686e+8,1.790e-6,1.686e+8
295.15,2.158e+8,1.146e-5,2.158e+8
295.2,2.607e+8,6.931e-5,2.607e+8
295.25,2.974e+8,3.961e-4,2.974e+8
295.3,3.204e+8,2.138e-3,3.204e+8
295.35,3.260e+8,1.091e-2,3.260e+8
295.4,3.132e+8,5.256e-2,3.132e+8
295.45,2.841e+8,2.393e-1,2.841e+8
295.5,2.434e+8,1.030e+0,2.434e+8
295.55,1.969e+8,4.185e+0,1.969e+8
295.6,1.504e+8,1.607e+1,1.504e+8
295.65,1.085e+8,5.831e+1,1.085e+8
295.7,7.390e+7,1.999e+2,7.390e+7
295.75,4.760e+7,6.475e+2,4.760e+7
295.8,2.909e+7,1.982e+3,2.908e+7
295.85,1.711e+7,5.729e+3,1.711e+7
295.9,1.026e+7,1.565e+4,1.025e+7
295.95,7.395e+6,4.041e+4,7.355e+6
296,7.954e+6,9.855e+4,7.856e+6
296.05,1.209e+7,2.271e+5,1.186e+7
296.1,2.064e+7,4.947e+5,2.014e+7
296.15,3.502e+7,1.018e+6,3.400e+7
296.2,5.690e+7,1.982e+6,5.492e+7
296.25,8.772e+7,3.645e+6,8.408e+7
296.3,1.281e+8,6.342e+6,1.218e+8
296.35,1.773e+8,1.044e+7,1.669e+8
296.4,2.328e+8,1.627e+7,2.165e+8
296.45,2.906e+8,2.404e+7,2.666e+8
296.5,3.464e+8,3.372e+7,3.127e+8
296.55,3.969e+8,4.497e+7,3.520e+8
296.6,4.424e+8,5.721e+7,3.852e+8
296.65,4.878e+8,6.969e+7,4.181e+8
296.7,5.440e+8,8.167e+7,4.623e+8
296.75,6.264e+8,9.261e+7,5.338e+8
296.8,7.521e+8,1.022e+8,6.499e+8
296.85,9.348e+8,1.105e+8,8.243e+8
296.9,1.179e+9,1.174e+8,1.062e+9
296.95,1.476e+9,1.230e+8,1.353e+9
297,1.801e+9,1.269e+8,1.674e+9
297.05,2.115e+9,1.288e+8,1.986e+9
297.1,2.372e+9,1.285e+8,2.243e+9
297.15,2.531e+9,1.262e+8,2.405e+9
297.2,2.565e+9,1.225e+8,2.442e+9
297.25,2.466e+9,1.184e+8,2.348e+9
297.3,2.253e+9,1.147e+8,2.138e+9
297.35,1.962e+9,1.122e+8,1.849e+9
297.4,1.639e+9,1.108e+8,1.529e+9
297.45,1.334e+9,1.098e+8,1.225e+9
297.5,1.088e+9,1.080e+8,9.798e+8
297.55,9.285e+8,1.044e+8,8.241e+8
297.6,8.709e+8,9.820e+7,7.727e+8
297.65,9.155e+8,8.961e+7,8.259e+8
297.7,1.050e+9,7.937e+7,9.705e+8
297.75,1.250e+9,6.871e+7,1.181e+9
297.8,1.481e+9,5.893e+7,1.422e+9
297.85,1.706e+9,5.098e+7,1.655e+9
297.9,1.886e+9,4.523e+7,1.841e+9
297.95,1.994e+9,4.146e+7,1.953e+9
298,2.018e+9,3.902e+7,1.979e+9
298.05,1.966e+9,3.707e+7,1.929e+9
298.1,1.865e+9,3.488e+7,1.830e+9
298.15,1.753e+9,3.203e+7,1.721e+9
298.2,1.669e+9,2.849e+7,1.641e+9
298.25,1.646e+9,2.461e+7,1.621e+9
298.3,1.695e+9,2.099e+7,1.674e+9
298.35,1.810e+9,1.836e+7,1.791e+9
298.4,1.967e+9,1.744e+7,1.950e+9
298.45,2.135e+9,1.883e+7,2.116e+9
298.5,2.281e+9,2.293e+7,2.258e+9
298.55,2.385e+9,2.984e+7,2.355e+9
298.6,2.439e+9,3.933e+7,2.399e+9
298.65,2.448e+9,5.078e+7,2.397e+9
298.7,2.425e+9,6.326e+7,2.362e+9
298.75,2.381e+9,7.565e+7,2.305e+9
298.8,2.319e+9,8.690e+7,2.232e+9
298.85,2.234e+9,9.622e+7,2.138e+9
298.9,2.118e+9,1.033e+8,2.015e+9
298.95,1.962e+9,1.083e+8,1.854e+9
299,1.764e+9,1.119e+8,1.652e+9
299.05,1.532e+9,1.149e+8,1.417e+9
299.1,1.281e+9,1.181e+8,1.163e+9
299.15,1.032e+9,1.222e+8,9.099e+8
299.2,8.049e+8,1.280e+8,6.769e+8
299.25,6.135e+8,1.356e+8,4.779e+8
299.3,4.651e+8,1.453e+8,3.198e+8
299.35,3.594e+8,1.567e+8,2.027e+8
299.4,2.911e+8,1.695e+8,1.216e+8
299.45,2.515e+8,1.825e+8,6.901e+7
299.5,2.316e+8,1.945e+8,3.705e+7
299.55,2.232e+8,2.044e+8,1.882e+7
299.6,2.201e+8,2.110e+8,9.038e+6
299.65,2.184e+8,2.143e+8,4.105e+6
299.7,2.165e+8,2.148e+8,1.763e+6
299.75,2.143e+8,2.136e+8,7.161e+5
299.8,2.124e+8,2.121e+8,2.750e+5
299.85,2.118e+8,2.117e+8,9.988e+4
299.9,2.125e+8,2.125e+8,3.430e+4
299.95,2.142e+8,2.142e+8,1.114e+4
300,2.156e+8,2.156e+8,3.420e+3
300.05,2.154e+8,2.154e+8,9.930e+2
300.1,2.125e+8,2.125e+8,2.726e+2
300.15,2.069e+8,2.069e+8,7.078e+1
300.2,1.992e+8,1.992e+8,1.737e+1
300.25,1.907e+8,1.907e+8,4.033e+0
300.3,1.826e+8,1.826e+8,8.851e-1
300.35,1.754e+8,1.754e+8,1.837e-1
300.4,1.688e+8,1.688e+8,3.605e-2
300.45,1.618e+8,1.618e+8,6.690e-3
300.5,1.528e+8,1.528e+8,1.174e-3
300.55,1.410e+8,1.410e+8,1.948e-4
300.6,1.258e+8,1.258e+8,3.056e-5
300.65,1.079e+8,1.079e+8,4.533e-6
300.7,8.878e+7,8.878e+7,6.359e-7
300.75,7.009e+7,7.009e+7,
300.8,5.364e+7,5.364e+7,
300.85,4.093e+7,4.093e+7,
300.9,3.301e+7,3.301e+7,
300.95,3.052e+7,3.052e+7,
301,3.375e+7,3.375e+7,
301.05,4.272e+7,4.272e+7,
301.1,5.711e+7,5.711e+7,
301.15,7.615e+7,7.615e+7,
301.2,9.852e+7,9.852e+7,
301.25,1.223e+8,1.223e+8,
301.3,1.451e+8,1.451e+8,
301.35,1.644e+8,1.644e+8,
301.4,1.781e+8,1.781e+8,
301.45,1.849e+8,1.849e+8,
301.5,1.851e+8,1.851e+8,
301.55,1.808e+8,1.808e+8,
301.6,1.757e+8,1.757e+8,
301.65,1.750e+8,1.750e+8,
301.7,1.845e+8,1.845e+8,
301.75,2.100e+8,2.100e+8,
301.8,2.554e+8,2.554e+8,
301.85,3.220e+8,3.220e+8,
301.9,4.070e+8,4.070e+8,
301.95,5.038e+8,5.038e+8,
302,6.021e+8,6.021e+8,
302.05,6.897e+8,6.897e+8,
302.1,7.545e+8,7.545e+8,
302.15,7.878e+8,7.878e+8,
302.2,7.853e+8,7.853e+8,
302.25,7.482e+8,7.482e+8,
302.3,6.829e+8,6.829e+8,
302.35,5.987e+8,5.987e+8,
302.4,5.061e+8,5.061e+8,
302.45,4.147e+8,4.147e+8,
302.5,3.321e+8,3.321e+8,
302.55,2.632e+8,2.632e+8,
302.6,2.108e+8,2.108e+8,
302.65,1.755e+8,1.755e+8,
302.7,1.567e+8,1.567e+8,
302.75,1.521e+8,1.521e+8,
302.8,1.584e+8,1.584e+8,
302.85,1.715e+8,1.715e+8,
302.9,1.870e+8,1.870e+8,
302.95,2.006e+8,2.006e+8,
303,2.090e+8,2.090e+8,
303.05,2.103e+8,2.103e+8,
303.1,2.045e+8,2.045e+8,
303.15,1.928e+8,1.928e+8,
303.2,1.779e+8,1.779e+8,
303.25,1.623e+8,1.623e+8,
303.3,1.486e+8,1.486e+8,
303.35,1.385e+8,1.385e+8,
303.4,1.326e+8,1.326e+8,
303.45,1.306e+8,1.306e+8,
303.5,1.316e+8,1.316e+8,
303.55,1.340e+8,1.340e+8,
303.6,1.366e+8,1.366e+8,
303.65,1.381e+8,1.381e+8,
303.7,1.379e+8,1.379e+8,
303.75,1.359e+8,1.359e+8,
303.8,1.323e+8,1.323e+8,
303.85,1.276e+8,1.276e+8,
303.9,1.223e+8,1.223e+8,
303.95,1.166e+8,1.166e+8,
304,1.103e+8,1.103e+8,
304.05,1.031e+8,1.031e+8,
304.1,9.445e+7,9.445e+7,
304.15,8.422e+7,8.422e+7,
304.2,7.258e+7,7.258e+7,
304.25,6.013e+7,6.013e+7,
304.3,4.767e+7,4.767e+7,
304.35,3.606e+7,3.606e+7,
304.4,2.596e+7,2.596e+7,
304.45,1.777e+7,1.777e+7,
304.5,1.156e+7,1.156e+7,
304.55,7.169e+6,7.169e+6,
304.6,4.297e+6,4.297e+6,
304.65,2.624e+6,2.624e+6,
304.7,1.901e+6,1.901e+6,
304.75,2.015e+6,2.015e+6,
304.8,3.017e+6,3.017e+6,
304.85,5.137e+6,5.137e+6,
304.9,8.757e+6,8.757e+6,
304.95,1.435e+7,1.435e+7,
305,2.237e+7,2.237e+7,
305.05,3.307e+7,3.307e+7,
305.1,4.636e+7,4.636e+7,
305.15,6.159e+7,6.159e+7,
305.2,7.756e+7,7.756e+7,
305.25,9.257e+7,9.257e+7,
305.3,1.047e+8,1.047e+8,
305.35,1.123e+8,1.123e+8,
305.4,1.141e+8,1.141e+8,
305.45,1.099e+8,1.099e+8,
305.5,1.003e+8,1.003e+8,
305.55,8.680e+7,8.680e+7,
305.6,7.119e+7,7.119e+7,
305.65,5.533e+7,5.533e+7,
305.7,4.076e+7,4.076e+7,
305.75,2.846e+7,2.846e+7,
305.8,1.883e+7,1.883e+7,
305.85,1.181e+7,1.181e+7,
305.9,7.023e+6,7.023e+6,
305.95,3.957e+6,3.957e+6,
306,2.113e+6,2.113e+6,
306.05,1.070e+6,1.070e+6,
306.1,5.132e+5,5.132e+5,
306.15,2.334e+5,2.334e+5,
306.2,1.006e+5,1.006e+5,
306.25,4.108e+4,4.108e+4,
306.3,1.590e+4,1.590e+4,
306.35,5.836e+3,5.836e+3,
306.4,2.030e+3,2.030e+3,
306.45,6.690e+2,6.690e+2,
306.5,2.090e+2,2.090e+2,
306.55,6.189e+1,6.189e+1,
306.6,1.737e+1,1.737e+1,
306.65,4.621e+0,4.621e+0,
306.7,1.165e+0,1.165e+0,
306.75,2.784e-1,2.784e-1,
306.8,6.305e-2,6.305e-2,
306.85,1.353e-2,1.353e-2,
306.9,2.754e-3,2.754e-3,
306.95,5.310e-4,5.310e-4,
307,9.706e-5,9.706e-5,
307.05,1.681e-5,1.681e-5,
307.1,2.760e-6,2.760e-6,
307.15,4.296e-7,4.296e-7,
307.2,6.336e-8,6.336e-8,
310,8.960e-7,,8.960e-7
310.05,5.912e-6,,5.912e-6
310.1,3.705e-5,,3.705e-5
310.15,2.209e-4,,2.209e-4
310.2,1.250e-3,,1.250e-3
310.25,6.715e-3,,6.715e-3
310.3,3.428e-2,,3.428e-2
310.35,1.662e-1,,1.662e-1
310.4,7.658e-1,,7.658e-1
310.45,3.352e+0,,3.352e+0
310.5,1.394e+1,,1.394e+1
310.55,5.506e+1,,5.506e+1
310.6,2.067e+2,,2.067e+2
310.65,7.371e+2,,7.371e+2
310.7,2.498e+3,,2.498e+3
310.75,8.046e+3,,8.046e+3
310.8,2.463e+4,,2.463e+4
310.85,7.164e+4,,7.164e+4
310.9,1.981e+5,,1.981e+5
310.95,5.209e+5,,5.209e+5
311,1.302e+6,,1.302e+6
311.05,3.097e+6,,3.097e+6
311.1,7.004e+6,,7.004e+6
311.15,1.508e+7,,1.508e+7
311.2,3.088e+7,,3.088e+7
311.25,6.024e+7,,6.024e+7
311.3,1.119e+8,,1.119e+8
311.35,1.982e+8,,1.982e+8
311.4,3.347e+8,,3.347e+8
311.45,5.391e+8,,5.391e+8
311.5,8.290e+8,,8.290e+8
311.55,1.218e+9,,1.218e+9
311.6,1.709e+9,,1.709e+9
311.65,2.295e+9,,2.295e+9
311.7,2.950e+9,,2.950e+9
311.75,3.631e+9,,3.631e+9
311.8,4.283e+9,,4.283e+9
311.85,4.843e+9,,4.843e+9
311.9,5.253e+9,,5.253e+9
311.95,5.467e+9,,5.467e+9
312,5.461e+9,,5.461e+9
312.05,5.238e+9,,5.238e+9
312.1,4.824e+9,,4.824e+9
312.15,4.269e+9,,4.269e+9
312.2,3.633e+9,,3.633e+9
312.25,2.979e+9,,2.979e+9
312.3,2.362e+9,,2.362e+9
312.35,1.825e+9,,1.825e+9
312.4,1.396e+9,,1.396e+9
312.45,1.085e+9,,1.085e+9
312.5,8.929e+8,,8.929e+8
312.55,8.073e+8,,8.073e+8
312.6,8.090e+8,,8.090e+8
312.65,8.733e+8,,8.733e+8
312.7,9.720e+8,,9.720e+8
312.75,1.076e+9,,1.076e+9
312.8,1.159e+9,,1.159e+9
312.85,1.201e+9,,1.201e+9
312.9,1.190e+9,,1.190e+9
312.95,1.126e+9,4.323e-9,1.126e+9
313,1.018e+9,2.837e-8,1.018e+9
313.05,8.836e+8,1.770e-7,8.836e+8
313.1,7.449e+8,1.050e-6,7.449e+8
313.15,6.235e+8,5.926e-6,6.235e+8
313.2,5.385e+8,3.178e-5,5.385e+8
313.25,5.036e+8,1.621e-4,5.036e+8
313.3,5.255e+8,7.860e-4,5.255e+8
313.35,6.037e+8,3.624e-3,6.037e+8
313.4,7.296e+8,1.589e-2,7.296e+8
313.45,8.876e+8,6.621e-2,8.876e+8
313.5,1.056e+9,2.624e-1,1.056e+9
313.55,1.210e+9,9.888e-1,1.210e+9
313.6,1.327e+9,3.543e+0,1.327e+9
313.65,1.386e+9,1.207e+1,1.386e+9
313.7,1.377e+9,3.909e+1,1.377e+9
313.75,1.302e+9,1.204e+2,1.302e+9
313.8,1.170e+9,3.525e+2,1.170e+9
313.85,9.994e+8,9.814e+2,9.994e+8
313.9,8.114e+8,2.598e+3,8.114e+8
313.95,6.261e+8,6.539e+3,6.261e+8
314,4.592e+8,1.565e+4,4.592e+8
314.05,3.202e+8,3.561e+4,3.201e+8
314.1,2.122e+8,7.704e+4,2.121e+8
314.15,1.337e+8,1.585e+5,1.336e+8
314.2,8.026e+7,3.100e+5,7.995e+7
314.25,4.606e+7,5.764e+5,4.548e+7
314.3,2.561e+7,1.019e+6,2.459e+7
314.35,1.435e+7,1.714e+6,1.264e+7
314.4,8.912e+6,2.739e+6,6.172e+6
314.45,7.029e+6,4.164e+6,2.865e+6
314.5,7.282e+6,6.017e+6,1.264e+6
314.55,8.799e+6,8.269e+6,5.302e+5
314.6,1.102e+7,1.081e+7,2.113e+5
314.65,1.351e+7,1.343e+7,8.006e+4
314.7,1.590e+7,1.587e+7,2.883e+4
314.75,1.787e+7,1.786e+7,9.865e+3
314.8,1.913e+7,1.913e+7,3.209e+3
314.85,1.955e+7,1.955e+7,9.920e+2
314.9,1.911e+7,1.911e+7,2.915e+2
314.95,1.797e+7,1.797e+7,8.141e+1
315,1.644e+7,1.644e+7,2.161e+1
315.05,1.487e+7,1.487e+7,5.451e+0
315.1,1.367e+7,1.367e+7,1.307e+0
315.15,1.313e+7,1.313e+7,2.979e-1
315.2,1.344e+7,1.344e+7,6.453e-2
315.25,1.459e+7,1.459e+7,1.328e-2
315.3,1.641e+7,1.641e+7,2.600e-3
315.35,1.859e+7,1.859e+7,4.835e-4
315.4,2.070e+7,2.070e+7,8.546e-5
315.45,2.233e+7,2.233e+7,1.436e-5
315.5,2.313e+7,2.313e+7,2.293e-6
315.55,2.292e+7,2.292e+7,3.480e-7
315.6,2.167e+7,2.167e+7,
315.65,1.955e+7,1.955e+7,
315.7,1.688e+7,1.688e+7,
315.75,1.403e+7,1.403e+7,
315.8,1.141e+7,1.141e+7,
315.85,9.360e+6,9.360e+6,
315.9,8.144e+6,8.144e+6,
315.95,7.931e+6,7.931e+6,
316,8.782e+6,8.782e+6,
316.05,1.065e+7,1.065e+7,
316.1,1.337e+7,1.337e+7,
316.15,1.667e+7,1.667e+7,
316.2,2.016e+7,2.016e+7,
316.25,2.338e+7,2.338e+7,
316.3,2.590e+7,2.590e+7,
316.35,2.733e+7,2.733e+7,
316.4,2.746e+7,2.746e+7,
316.45,2.624e+7,2.624e+7,
316.5,2.386e+7,2.386e+7,
316.55,2.065e+7,2.065e+7,
316.6,1.699e+7,1.699e+7,
316.65,1.330e+7,1.330e+7,
316.7,9.906e+6,9.906e+6,
316.75,7.018e+6,7.018e+6,
316.8,4.730e+6,4.730e+6,
316.85,3.032e+6,3.032e+6,
316.9,1.849e+6,1.849e+6,
316.95,1.073e+6,1.073e+6,
317,5.920e+5,5.920e+5,
317.05,3.108e+5,3.108e+5,
317.1,1.552e+5,1.552e+5,
317.15,7.374e+4,7.374e+4,
317.2,3.332e+4,3.332e+4,
317.25,1.433e+4,1.433e+4,
317.3,5.858e+3,5.858e+3,
317.35,2.279e+3,2.279e+3,
317.4,8.434e+2,8.434e+2,
317.45,2.969e+2,2.969e+2,
317.5,9.943e+1,9.943e+1,
317.55,3.168e+1,3.168e+1,
317.6,9.599e+0,9.599e+0,
317.65,2.767e+0,2.767e+0,
317.7,7.588e-1,7.588e-1,
317.75,1.980e-1,1.980e-1,
317.8,4.912e-2,4.912e-2,
317.85,1.160e-2,1.160e-2,
317.9,2.604e-3,2.604e-3,
317.95,5.563e-4,5.563e-4,
318,1.130e-4,1.130e-4,
318.05,2.185e-5,2.185e-5,
318.1,4.019e-6,4.019e-6,
318.15,7.030e-7,7.030e-7,
318.2,1.170e-7,1.170e-7,
318.25,1.852e-8,1.852e-8,
318.3,2.789e-9,2.789e-9,
321.8,3.229e-9,3.229e-9,
321.85,2.153e-8,2.153e-8,
321.9,1.314e-7,1.314e-7,
321.95,7.652e-7,7.652e-7,
322,4.248e-6,4.248e-6,
322.05,2.248e-5,2.248e-5,
322.1,1.135e-4,1.135e-4,
322.15,5.460e-4,5.460e-4,
322.2,2.505e-3,2.505e-3,
322.25,1.096e-2,1.096e-2,
322.3,4.572e-2,4.572e-2,
322.35,1.818e-1,1.818e-1,
322.4,6.896e-1,6.896e-1,
322.45,2.493e+0,2.493e+0,
322.5,8.597e+0,8.597e+0,
322.55,2.826e+1,2.826e+1,
322.6,8.860e+1,8.860e+1,
322.65,2.648e+2,2.648e+2,
322.7,7.548e+2,7.548e+2,
322.75,2.051e+3,2.051e+3,
322.8,5.315e+3,5.315e+3,
322.85,1.313e+4,1.313e+4,
322.9,3.094e+4,3.094e+4,
322.95,6.952e+4,6.952e+4,
323,1.489e+5,1.489e+5,
323.05,3.042e+5,3.042e+5,
323.1,5.925e+5,5.925e+5,
323.15,1.100e+6,1.100e+6,
323.2,1.949e+6,1.949e+6,
323.25,3.291e+6,3.291e+6,
323.3,5.300e+6,5.300e+6,
323.35,8.138e+6,8.138e+6,
323.4,1.192e+7,1.192e+7,
323.45,1.664e+7,1.664e+7,
323.5,2.215e+7,2.215e+7,
323.55,2.812e+7,2.812e+7,
323.6,3.405e+7,3.405e+7,
323.65,3.931e+7,3.931e+7,
323.7,4.328e+7,4.328e+7,
323.75,4.544e+7,4.544e+7,
323.8,4.549e+7,4.549e+7,
323.85,4.343e+7,4.343e+7,
323.9,3.954e+7,3.954e+7,
323.95,3.432e+7,3.432e+7,
324,2.842e+7,2.842e+7,
324.05,2.244e+7,2.244e+7,
324.1,1.689e+7,1.689e+7,
324.15,1.213e+7,1.213e+7,
324.21,7.656e+6,7.656e+6,
324.26,4.952e+6,4.952e+6,
324.31,3.054e+6,3.054e+6,
324.36,1.797e+6,1.797e+6,
324.41,1.008e+6,1.008e+6,
324.46,5.393e+5,5.393e+5,
324.51,2.752e+5,2.752e+5,
324.56,1.339e+5,1.339e+5,
324.61,6.214e+4,6.214e+4,
324.66,2.750e+4,2.750e+4,
324.71,1.161e+4,1.161e+4,
324.76,4.673e+3,4.673e+3,
324.81,1.794e+3,1.794e+3,
324.86,6.568e+2,6.568e+2,
324.91,2.293e+2,2.293e+2,
324.96,7.638e+1,7.638e+1,
325.01,2.426e+1,2.426e+1,
325.06,7.349e+0,7.349e+0,
325.11,2.123e+0,2.123e+0,
325.16,5.850e-1,5.850e-1,
325.21,1.538e-1,1.538e-1,
325.26,3.854e-2,3.854e-2,
325.31,9.213e-3,9.213e-3,
325.36,2.100e-3,2.100e-3,
325.41,4.568e-4,4.568e-4,
325.46,9.473e-5,9.473e-5,
325.51,1.874e-5,1.874e-5,
325.56,3.536e-6,3.536e-6,
325.61,6.362e-7,6.362e-7,
325.66,1.092e-7,1.092e-7,
325.71,1.787e-8,1.787e-8,
325.76,1.274e-9,1.274e-9,
355.72,2.131e-7,2.131e-7,
355.77,1.120e-6,1.120e-6,
355.82,5.660e-6,5.660e-6,
355.87,2.751e-5,2.751e-5,
355.92,1.286e-4,1.286e-4,
355.97,5.781e-4,5.781e-4,
356.02,2.499e-3,2.499e-3,
356.07,1.039e-2,1.039e-2,
356.12,4.155e-2,4.155e-2,
356.17,1.598e-1,1.598e-1,
356.22,5.910e-1,5.910e-1,
356.27,2.102e+0,2.102e+0,
356.32,7.190e+0,7.190e+0,
356.37,2.365e+1,2.365e+1,
356.42,7.482e+1,7.482e+1,
356.47,2.277e+2,2.277e+2,
356.52,6.661e+2,6.661e+2,
356.57,1.874e+3,1.874e+3,
356.62,5.073e+3,5.073e+3,
356.67,1.320e+4,1.320e+4,
356.72,3.304e+4,3.304e+4,
356.77,7.954e+4,7.954e+4,
356.82,1.841e+5,1.841e+5,
356.87,4.099e+5,4.099e+5,
356.92,8.777e+5,8.777e+5,
356.97,1.807e+6,1.807e+6,
357.02,3.579e+6,3.579e+6,
357.07,6.815e+6,6.815e+6,
357.12,1.248e+7,1.248e+7,
357.17,2.199e+7,2.199e+7,
357.22,3.724e+7,3.724e+7,
357.27,6.067e+7,6.067e+7,
357.32,9.506e+7,9.506e+7,
357.37,1.432e+8,1.432e+8,
357.42,2.075e+8,2.075e+8,
357.47,2.892e+8,2.892e+8,
357.52,3.876e+8,3.876e+8,
357.57,4.995e+8,4.995e+8,
357.62,6.192e+8,6.192e+8,
357.67,7.381e+8,7.381e+8,
357.72,8.462e+8,8.462e+8,
357.77,9.330e+8,9.330e+8,
357.82,9.892e+8,9.892e+8,
357.87,1.009e+9,1.009e+9,
357.92,9.892e+8,9.892e+8,
357.97,9.330e+8,9.330e+8,
358.02,8.462e+8,8.462e+8,
358.07,7.381e+8,7.381e+8,
358.12,6.192e+8,6.192e+8,
358.17,4.996e+8,4.996e+8,
358.22,3.876e+8,3.876e+8,
358.27,2.893e+8,2.893e+8,
358.32,2.077e+8,2.077e+8,
358.37,1.437e+8,1.437e+8,
358.42,9.604e+7,9.604e+7,
358.47,6.266e+7,6.266e+7,
358.52,4.110e+7,4.110e+7,
358.57,2.918e+7,2.918e+7,
358.62,2.539e+7,2.539e+7,
358.67,2.910e+7,2.910e+7,
358.72,4.058e+7,4.058e+7,
358.77,6.092e+7,6.092e+7,
358.82,9.173e+7,9.173e+7,
358.87,1.347e+8,1.347e+8,
358.92,1.913e+8,1.913e+8,
358.97,2.616e+8,2.616e+8,
359.02,3.442e+8,3.442e+8,
359.07,4.359e+8,4.359e+8,
359.12,5.311e+8,5.311e+8,
359.17,6.224e+8,6.224e+8,
359.22,7.018e+8,7.018e+8,
359.27,7.613e+8,7.613e+8,
359.32,7.944e+8,7.944e+8,
359.37,7.975e+8,7.975e+8,
359.42,7.702e+8,7.702e+8,
359.47,7.157e+8,7.157e+8,
359.52,6.398e+8,6.398e+8,
359.57,5.504e+8,5.504e+8,
359.62,4.559e+8,4.559e+8,
359.67,3.641e+8,3.641e+8,
359.72,2.811e+8,2.811e+8,
359.77,2.114e+8,2.114e+8,
359.82,1.574e+8,1.574e+8,
359.87,1.203e+8,1.203e+8,
359.92,1.000e+8,1.000e+8,
359.97,9.631e+7,9.631e+7,
360.02,1.086e+8,1.086e+8,
360.07,1.362e+8,1.362e+8,
360.12,1.782e+8,1.782e+8,
360.17,2.332e+8,2.332e+8,
360.22,2.983e+8,2.983e+8,
360.27,3.697e+8,3.697e+8,
360.32,4.422e+8,4.422e+8,
360.37,5.095e+8,5.095e+8,
360.42,5.651e+8,5.651e+8,
360.47,6.032e+8,6.032e+8,
360.52,6.196e+8,6.196e+8,
360.57,6.125e+8,6.125e+8,
360.62,5.826e+8,5.826e+8,
360.67,5.333e+8,5.333e+8,
360.72,4.697e+8,4.697e+8,
360.77,3.981e+8,3.981e+8,
360.82,3.247e+8,3.247e+8,
360.87,2.548e+8,2.548e+8,
360.92,1.924e+8,1.924e+8,
360.97,1.398e+8,1.398e+8,
361.02,9.777e+7,9.777e+7,
361.07,6.579e+7,6.579e+7,
361.12,4.260e+7,4.260e+7,
361.17,2.654e+7,2.654e+7,
361.22,1.591e+7,1.591e+7,
361.27,9.180e+6,9.180e+6,
361.32,5.096e+6,5.096e+6,
361.37,2.722e+6,2.722e+6,
361.42,1.399e+6,1.399e+6,
361.47,6.921e+5,6.921e+5,
361.52,3.294e+5,3.294e+5,
361.57,1.509e+5,1.509e+5,
361.62,6.650e+4,6.650e+4,
361.67,2.820e+4,2.820e+4,
361.72,1.151e+4,1.151e+4,
361.77,4.520e+3,4.520e+3,
361.82,1.708e+3,1.708e+3,
361.87,6.210e+2,6.210e+2,
361.92,2.173e+2,2.173e+2,
361.97,7.315e+1,7.315e+1,
362.02,2.370e+1,2.370e+1,
362.07,7.389e+0,7.389e+0,
362.12,2.217e+0,2.217e+0,
362.17,6.421e-1,6.421e-1,
362.22,1.862e-1,1.862e-1,
362.27,7.884e-2,7.884e-2,
362.32,1.240e-1,1.240e-1,
362.37,3.870e-1,3.870e-1,
362.42,1.271e+0,1.271e+0,
362.47,4.047e+0,4.047e+0,
362.52,1.241e+1,1.241e+1,
362.57,3.667e+1,3.667e+1,
362.62,1.043e+2,1.043e+2,
362.67,2.857e+2,2.857e+2,
362.72,7.537e+2,7.537e+2,
362.77,1.914e+3,1.914e+3,
362.82,4.683e+3,4.683e+3,
362.87,1.103e+4,1.103e+4,
362.92,2.502e+4,2.502e+4,
362.97,5.464e+4,5.464e+4,
363.02,1.149e+5,1.149e+5,
363.07,2.328e+5,2.328e+5,
363.12,4.540e+5,4.540e+5,
363.17,8.527e+5,8.527e+5,
363.22,1.542e+6,1.542e+6,
363.27,2.686e+6,2.686e+6,
363.32,4.504e+6,4.504e+6,
363.37,7.274e+6,7.274e+6,
363.42,1.131e+7,1.131e+7,
363.47,1.694e+7,1.694e+7,
363.52,2.443e+7,2.443e+7,
363.57,3.393e+7,3.393e+7,
363.62,4.537e+7,4.537e+7,
363.67,5.842e+7,5.842e+7,
363.72,7.244e+7,7.244e+7,
363.77,8.650e+7,8.650e+7,
363.82,9.947e+7,9.947e+7,
363.87,1.101e+8,1.101e+8,
363.92,1.174e+8,1.174e+8,
363.97,1.206e+8,1.206e+8,
364.02,1.192e+8,1.192e+8,
364.07,1.135e+8,1.135e+8,
364.12,1.041e+8,1.041e+8,
364.17,9.189e+7,9.189e+7,
364.22,7.812e+7,7.812e+7,
364.27,6.396e+7,6.396e+7,
364.32,5.042e+7,5.042e+7,
364.37,3.828e+7,3.828e+7,
364.42,2.799e+7,2.799e+7,
364.47,1.970e+7,1.970e+7,
364.52,1.336e+7,1.336e+7,
364.57,8.719e+6,8.719e+6,
364.62,5.481e+6,5.481e+6,
364.67,3.318e+6,3.318e+6,
364.72,1.934e+6,1.934e+6,
364.77,1.086e+6,1.086e+6,
364.82,5.868e+5,5.868e+5,
364.87,3.055e+5,3.055e+5,
364.92,1.531e+5,1.531e+5,
364.97,7.390e+4,7.390e+4,
365.02,3.435e+4,3.435e+4,
365.07,1.537e+4,1.537e+4,
365.12,6.627e+3,6.627e+3,
365.17,2.750e+3,2.750e+3,
365.22,1.099e+3,1.099e+3,
365.27,4.231e+2,4.231e+2,
365.32,1.568e+2,1.568e+2,
365.37,5.596e+1,5.596e+1,
365.42,1.923e+1,1.923e+1,
365.47,6.364e+0,6.364e+0,
365.52,2.028e+0,2.028e+0,
365.57,6.224e-1,6.224e-1,
365.62,1.839e-1,1.839e-1,
365.67,5.234e-2,5.234e-2,
365.72,1.434e-2,1.434e-2,
365.77,3.785e-3,3.785e-3,
365.82,9.617e-4,9.617e-4,
365.87,2.353e-4,2.353e-4,
365.92,5.545e-5,5.545e-5,
365.97,1.258e-5,1.258e-5,
366.02,2.749e-6,2.749e-6,
366.07,5.784e-7,5.784e-7,
366.12,1.172e-7,1.172e-7,
366.17,2.287e-8,2.287e-8,
372.12,6.777e-9,6.777e-9,
372.17,3.362e-8,3.362e-8,
372.22,1.626e-7,1.626e-7,
372.27,7.515e-7,7.515e-7,
372.32,3.351e-6,3.351e-6,
372.37,1.442e-5,1.442e-5,
372.42,5.990e-5,5.990e-5,
372.47,2.400e-4,2.400e-4,
372.52,9.282e-4,9.282e-4,
372.57,3.464e-3,3.464e-3,
372.62,1.247e-2,1.247e-2,
372.67,4.334e-2,4.334e-2,
372.72,1.453e-1,1.453e-1,
372.77,4.703e-1,4.703e-1,
372.82,1.468e+0,1.468e+0,
372.87,4.424e+0,4.424e+0,
372.92,1.286e+1,1.286e+1,
372.97,3.610e+1,3.610e+1,
373.02,9.773e+1,9.773e+1,
373.07,2.554e+2,2.554e+2,
373.12,6.438e+2,6.438e+2,
373.17,1.566e+3,1.566e+3,
373.22,3.678e+3,3.678e+3,
373.27,8.333e+3,8.333e+3,
373.32,1.822e+4,1.822e+4,
373.37,3.844e+4,3.844e+4,
373.42,7.827e+4,7.827e+4,
373.47,1.538e+5,1.538e+5,
373.52,2.916e+5,2.916e+5,
373.57,5.335e+5,5.335e+5,
373.62,9.420e+5,9.420e+5,
373.67,1.605e+6,1.605e+6,
373.72,2.639e+6,2.639e+6,
373.77,4.187e+6,4.187e+6,
373.82,6.412e+6,6.412e+6,
373.87,9.475e+6,9.475e+6,
373.92,1.351e+7,1.351e+7,
373.97,1.859e+7,1.859e+7,
374.02,2.469e+7,2.469e+7,
374.07,3.164e+7,3.164e+7,
374.12,3.914e+7,3.914e+7,
374.17,4.671e+7,4.671e+7,
374.22,5.380e+7,5.380e+7,
374.27,5.980e+7,5.980e+7,
374.32,6.415e+7,6.415e+7,
374.37,6.640e+7,6.640e+7,
374.42,6.634e+7,6.634e+7,
374.47,6.396e+7,6.396e+7,
374.52,5.951e+7,5.951e+7,
374.57,5.344e+7,5.344e+7,
374.62,4.631e+7,4.631e+7,
374.67,3.873e+7,3.873e+7,
374.72,3.127e+7,3.127e+7,
374.77,2.437e+7,2.437e+7,
374.82,1.835e+7,1.835e+7,
374.87,1.336e+7,1.336e+7,
374.92,9.458e+6,9.458e+6,
374.97,6.570e+6,6.570e+6,
375.02,4.594e+6,4.594e+6,
375.07,3.407e+6,3.407e+6,
375.12,2.899e+6,2.899e+6,
375.17,2.988e+6,2.988e+6,
375.22,3.622e+6,3.622e+6,
375.27,4.775e+6,4.775e+6,
375.32,6.426e+6,6.426e+6,
375.37,8.545e+6,8.545e+6,
375.42,1.107e+7,1.107e+7,
375.47,1.389e+7,1.389e+7,
375.52,1.685e+7,1.685e+7,
375.57,1.975e+7,1.975e+7,
375.62,2.235e+7,2.235e+7,
375.67,2.441e+7,2.441e+7,
375.72,2.575e+7,2.575e+7,
375.77,2.623e+7,2.623e+7,
375.82,2.579e+7,2.579e+7,
375.87,2.449e+7,2.449e+7,
375.92,2.247e+7,2.247e+7,
375.97,1.994e+7,1.994e+7,
376.02,1.713e+7,1.713e+7,
376.07,1.431e+7,1.431e+7,
376.12,1.170e+7,1.170e+7,
376.17,9.487e+6,9.487e+6,
376.22,7.816e+6,7.816e+6,
376.27,6.770e+6,6.770e+6,
376.32,6.386e+6,6.386e+6,
376.37,6.658e+6,6.658e+6,
376.42,7.539e+6,7.539e+6,
376.47,8.944e+6,8.944e+6,
376.52,1.075e+7,1.075e+7,
376.57,1.280e+7,1.280e+7,
376.62,1.490e+7,1.490e+7,
376.67,1.686e+7,1.686e+7,
376.72,1.847e+7,1.847e+7,
376.77,1.957e+7,1.957e+7,
376.82,2.003e+7,2.003e+7,
376.87,1.981e+7,1.981e+7,
376.92,1.892e+7,1.892e+7,
376.97,1.744e+7,1.744e+7,
377.02,1.553e+7,1.553e+7,
377.07,1.336e+7,1.336e+7,
377.12,1.109e+7,1.109e+7,
377.17,8.890e+6,8.890e+6,
377.22,6.882e+6,6.882e+6,
377.27,5.145e+6,5.145e+6,
377.32,3.714e+6,3.714e+6,
377.37,2.589e+6,2.589e+6,
377.42,1.742e+6,1.742e+6,
377.47,1.132e+6,1.132e+6,
377.52,7.107e+5,7.107e+5,
377.57,4.307e+5,4.307e+5,
377.62,2.521e+5,2.521e+5,
377.67,1.424e+5,1.424e+5,
377.72,7.773e+4,7.773e+4,
377.77,4.096e+4,4.096e+4,
377.82,2.085e+4,2.085e+4,
377.87,1.024e+4,1.024e+4,
377.92,4.861e+3,4.861e+3,
377.97,2.227e+3,2.227e+3,
378.02,9.857e+2,9.857e+2,
378.07,4.212e+2,4.212e+2,
378.12,1.738e+2,1.738e+2,
378.17,6.926e+1,6.926e+1,
378.22,2.665e+1,2.665e+1,
378.27,9.906e+0,9.906e+0,
378.32,3.555e+0,3.555e+0,
378.37,1.232e+0,1.232e+0,
378.42,4.123e-1,4.123e-1,
378.47,1.333e-1,1.333e-1,
378.52,4.167e-2,4.167e-2,
378.57,1.282e-2,1.282e-2,
378.62,4.701e-3,4.701e-3,
378.67,4.765e-3,4.765e-3,
378.72,1.311e-2,1.311e-2,
378.77,4.261e-2,4.261e-2,
378.82,1.362e-1,1.362e-1,
378.87,4.214e-1,4.214e-1,
378.92,1.260e+0,1.260e+0,
378.97,3.637e+0,3.637e+0,
379.02,1.014e+1,1.014e+1,
379.07,2.734e+1,2.734e+1,
379.12,7.116e+1,7.116e+1,
379.17,1.790e+2,1.790e+2,
379.22,4.348e+2,4.348e+2,
379.27,1.020e+3,1.020e+3,
379.32,2.313e+3,2.313e+3,
379.37,5.067e+3,5.067e+3,
379.42,1.072e+4,1.072e+4,
379.47,2.191e+4,2.191e+4,
379.52,4.328e+4,4.328e+4,
379.57,8.255e+4,8.255e+4,
379.62,1.521e+5,1.521e+5,
379.67,2.709e+5,2.709e+5,
379.72,4.658e+5,4.658e+5,
379.77,7.740e+5,7.740e+5,
379.82,1.242e+6,1.242e+6,
379.87,1.926e+6,1.926e+6,
379.92,2.886e+6,2.886e+6,
379.97,4.176e+6,4.176e+6,
380.02,5.838e+6,5.838e+6,
380.07,7.884e+6,7.884e+6,
380.12,1.029e+7,1.029e+7,
380.17,1.296e+7,1.296e+7,
380.22,1.578e+7,1.578e+7,
380.27,1.857e+7,1.857e+7,
380.32,2.110e+7,2.110e+7,
380.37,2.316e+7,2.316e+7,
380.42,2.456e+7,2.456e+7,
380.47,2.516e+7,2.516e+7,
380.52,2.490e+7,2.490e+7,
380.57,2.381e+7,2.381e+7,
380.62,2.199e+7,2.199e+7,
380.67,1.962e+7,1.962e+7,
380.72,1.691e+7,1.691e+7,
380.77,1.408e+7,1.408e+7,
380.82,1.133e+7,1.133e+7,
380.87,8.805e+6,8.805e+6,
380.92,6.611e+6,6.611e+6,
380.97,4.794e+6,4.794e+6,
381.02,3.359e+6,3.359e+6,
381.07,2.274e+6,2.274e+6,
381.12,1.487e+6,1.487e+6,
381.17,9.392e+5,9.392e+5,
381.22,5.731e+5,5.731e+5,
381.27,3.379e+5,3.379e+5,
381.32,1.924e+5,1.924e+5,
381.37,1.059e+5,1.059e+5,
381.42,5.627e+4,5.627e+4,
381.47,2.889e+4,2.889e+4,
381.52,1.433e+4,1.433e+4,
381.57,6.867e+3,6.867e+3,
381.62,3.179e+3,3.179e+3,
381.67,1.421e+3,1.421e+3,
381.72,6.141e+2,6.141e+2,
381.77,2.563e+2,2.563e+2,
381.82,1.033e+2,1.033e+2,
381.87,4.025e+1,4.025e+1,
381.92,1.514e+1,1.514e+1,
381.97,5.505e+0,5.505e+0,
382.02,1.933e+0,1.933e+0,
382.07,6.558e-1,6.558e-1,
382.12,2.149e-1,2.149e-1,
382.17,6.804e-2,6.804e-2,
382.22,2.081e-2,2.081e-2,
382.27,6.148e-3,6.148e-3,
382.32,1.755e-3,1.755e-3,
382.37,4.839e-4,4.839e-4,
382.42,1.289e-4,1.289e-4,
382.47,3.317e-5,3.317e-5,
382.52,8.246e-6,8.246e-6,
382.57,1.980e-6,1.980e-6,
382.62,4.595e-7,4.595e-7,
382.67,1.030e-7,1.030e-7,
382.72,2.230e-8,2.230e-8,
382.77,4.664e-9,4.664e-9,
385.98,1.074e-9,1.074e-9,
386.03,5.019e-9,5.019e-9,
386.08,2.269e-8,2.269e-8,
386.13,9.923e-8,9.923e-8,
386.18,4.198e-7,4.198e-7,
386.23,1.718e-6,1.718e-6,
386.28,6.802e-6,6.802e-6,
386.33,2.605e-5,2.605e-5,
386.38,9.651e-5,9.651e-5,
386.43,3.459e-4,3.459e-4,
386.48,1.199e-3,1.199e-3,
386.53,4.023e-3,4.023e-3,
386.58,1.305e-2,1.305e-2,
386.63,4.098e-2,4.098e-2,
386.68,1.244e-1,1.244e-1,
386.73,3.655e-1,3.655e-1,
386.78,1.039e+0,1.039e+0,
386.83,2.856e+0,2.856e+0,
386.88,7.595e+0,7.595e+0,
386.93,1.954e+1,1.954e+1,
386.98,4.863e+1,4.863e+1,
387.03,1.171e+2,1.171e+2,
387.08,2.727e+2,2.727e+2,
387.13,6.144e+2,6.144e+2,
387.18,1.339e+3,1.339e+3,
387.23,2.824e+3,2.824e+3,
387.28,5.760e+3,5.760e+3,
387.33,1.137e+4,1.137e+4,
387.38,2.170e+4,2.170e+4,
387.43,4.007e+4,4.007e+4,
387.48,7.159e+4,7.159e+4,
387.53,1.237e+5,1.237e+5,
387.58,2.068e+5,2.068e+5,
387.63,3.345e+5,3.345e+5,
387.68,5.234e+5,5.234e+5,
387.73,7.922e+5,7.922e+5,
387.78,1.160e+6,1.160e+6,
387.83,1.643e+6,1.643e+6,
387.88,2.251e+6,2.251e+6,
387.93,2.984e+6,2.984e+6,
387.98,3.827e+6,3.827e+6,
388.03,4.747e+6,4.747e+6,
388.08,5.697e+6,5.697e+6,
388.13,6.613e+6,6.613e+6,
388.18,7.427e+6,7.427e+6,
388.23,8.069e+6,8.069e+6,
388.28,8.480e+6,8.480e+6,
388.33,8.622e+6,8.622e+6,
388.38,8.480e+6,8.480e+6,
388.43,8.069e+6,8.069e+6,
388.48,7.427e+6,7.427e+6,
388.53,6.613e+6,6.613e+6,
388.58,5.697e+6,5.697e+6,
388.63,4.747e+6,4.747e+6,
388.68,3.827e+6,3.827e+6,
388.73,2.984e+6,2.984e+6,
388.78,2.251e+6,2.251e+6,
388.83,1.643e+6,1.643e+6,
388.88,1.160e+6,1.160e+6,
388.93,7.922e+5,7.922e+5,
388.98,5.234e+5,5.234e+5,
389.03,3.345e+5,3.345e+5,
389.08,2.068e+5,2.068e+5,
389.13,1.237e+5,1.237e+5,
389.18,7.159e+4,7.159e+4,
389.23,4.007e+4,4.007e+4,
389.28,2.170e+4,2.170e+4,
389.33,1.137e+4,1.137e+4,
389.38,5.766e+3,5.766e+3,
389.43,2.838e+3,2.838e+3,
389.48,1.376e+3,1.376e+3,
389.53,7.037e+2,7.037e+2,
389.58,4.852e+2,4.852e+2,
389.63,6.066e+2,6.066e+2,
389.68,1.140e+3,1.140e+3,
389.73,2.375e+3,2.375e+3,
389.78,4.925e+3,4.925e+3,
389.83,9.942e+3,9.942e+3,
389.88,1.944e+4,1.944e+4,
389.93,3.680e+4,3.680e+4,
389.98,6.742e+4,6.742e+4,
390.03,1.195e+5,1.195e+5,
390.08,2.051e+5,2.051e+5,
390.13,3.407e+5,3.407e+5,
390.18,5.475e+5,5.475e+5,
390.23,8.517e+5,8.517e+5,
390.28,1.282e+6,1.282e+6,
390.33,1.868e+6,1.868e+6,
390.38,2.634e+6,2.634e+6,
390.43,3.595e+6,3.595e+6,
390.48,4.747e+6,4.747e+6,
390.53,6.068e+6,6.068e+6,
390.58,7.507e+6,7.507e+6,
390.63,8.987e+6,8.987e+6,
390.68,1.041e+7,1.041e+7,
390.73,1.168e+7,1.168e+7,
390.78,1.268e+7,1.268e+7,
390.83,1.332e+7,1.332e+7,
390.88,1.355e+7,1.355e+7,
390.93,1.335e+7,1.335e+7,
390.98,1.275e+7,1.275e+7,
391.03,1.182e+7,1.182e+7,
391.08,1.067e+7,1.067e+7,
391.13,9.420e+6,9.420e+6,
391.18,8.220e+6,8.220e+6,
391.23,7.204e+6,7.204e+6,
391.28,6.500e+6,6.500e+6,
391.33,6.209e+6,6.209e+6,
391.38,6.412e+6,6.412e+6,
391.43,7.150e+6,7.150e+6,
391.48,8.432e+6,8.432e+6,
391.53,1.022e+7,1.022e+7,
391.58,1.243e+7,1.243e+7,
391.63,1.493e+7,1.493e+7,
391.68,1.754e+7,1.754e+7,
391.73,2.006e+7,2.006e+7,
391.78,2.227e+7,2.227e+7,
391.83,2.397e+7,2.397e+7,
391.88,2.499e+7,2.499e+7,
391.93,2.524e+7,2.524e+7,
391.98,2.469e+7,2.469e+7,
392.03,2.340e+7,2.340e+7,
392.08,2.151e+7,2.151e+7,
392.13,1.918e+7,1.918e+7,
392.18,1.665e+7,1.665e+7,
392.23,1.411e+7,1.411e+7,
392.28,1.177e+7,1.177e+7,
392.33,9.762e+6,9.762e+6,
392.38,8.192e+6,8.192e+6,
392.43,7.098e+6,7.098e+6,
392.48,6.472e+6,6.472e+6,
392.53,6.263e+6,6.263e+6,
392.58,6.385e+6,6.385e+6,
392.63,6.734e+6,6.734e+6,
392.68,7.196e+6,7.196e+6,
392.73,7.659e+6,7.659e+6,
392.78,8.026e+6,8.026e+6,
392.83,8.220e+6,8.220e+6,
392.88,8.194e+6,8.194e+6,
392.93,7.931e+6,7.931e+6,
392.98,7.443e+6,7.443e+6,
393.03,6.769e+6,6.769e+6,
393.08,5.962e+6,5.962e+6,
393.13,5.085e+6,5.085e+6,
393.18,4.200e+6,4.200e+6,
393.23,3.358e+6,3.358e+6,
393.28,2.600e+6,2.600e+6,
393.33,1.949e+6,1.949e+6,
393.38,1.414e+6,1.414e+6,
393.43,9.933e+5,9.933e+5,
393.48,6.756e+5,6.756e+5,
393.53,4.448e+5,4.448e+5,
393.58,2.835e+5,2.835e+5,
393.63,1.750e+5,1.750e+5,
393.68,1.045e+5,1.045e+5,
393.73,6.046e+4,6.046e+4,
393.78,3.386e+4,3.386e+4,
393.83,1.836e+4,1.836e+4,
393.88,9.633e+3,9.633e+3,
393.93,4.895e+3,4.895e+3,
393.98,2.408e+3,2.408e+3,
394.03,1.147e+3,1.147e+3,
394.08,5.287e+2,5.287e+2,
394.13,2.360e+2,2.360e+2,
394.18,1.020e+2,1.020e+2,
394.23,4.266e+1,4.266e+1,
394.28,1.728e+1,1.728e+1,
394.33,6.775e+0,6.775e+0,
394.38,2.573e+0,2.573e+0,
394.43,9.503e-1,9.503e-1,
394.48,3.539e-1,3.539e-1,
394.53,1.737e-1,1.737e-1,
394.58,2.226e-1,2.226e-1,
394.63,5.781e-1,5.781e-1,
394.68,1.689e+0,1.689e+0,
394.73,4.864e+0,4.864e+0,
394.78,1.359e+1,1.359e+1,
394.83,3.681e+1,3.681e+1,
394.88,9.655e+1,9.655e+1,
394.93,2.453e+2,2.453e+2,
394.98,6.037e+2,6.037e+2,
395.03,1.439e+3,1.439e+3,
395.08,3.324e+3,3.324e+3,
395.13,7.437e+3,7.437e+3,
395.18,1.612e+4,1.612e+4,
395.23,3.383e+4,3.383e+4,
395.28,6.879e+4,6.879e+4,
395.33,1.355e+5,1.355e+5,
395.38,2.585e+5,2.585e+5,
395.43,4.778e+5,4.778e+5,
395.48,8.555e+5,8.555e+5,
395.53,1.484e+6,1.484e+6,
395.58,2.493e+6,2.493e+6,
395.63,4.057e+6,4.057e+6,
395.68,6.395e+6,6.395e+6,
395.73,9.767e+6,9.767e+6,
395.78,1.445e+7,1.445e+7,
395.83,2.071e+7,2.071e+7,
395.88,2.877e+7,2.877e+7,
395.93,3.871e+7,3.871e+7,
395.98,5.048e+7,5.048e+7,
396.03,6.381e+7,6.381e+7,
396.08,7.819e+7,7.819e+7,
396.13,9.294e+7,9.294e+7,
396.18,1.072e+8,1.072e+8,
396.23,1.201e+8,1.201e+8,
396.28,1.309e+8,1.309e+8,
396.33,1.389e+8,1.389e+8,
396.38,1.439e+8,1.439e+8,
396.43,1.460e+8,1.460e+8,
396.48,1.457e+8,1.457e+8,
396.53,1.435e+8,1.435e+8,
396.58,1.404e+8,1.404e+8,
396.63,1.370e+8,1.370e+8,
396.68,1.340e+8,1.340e+8,
396.73,1.316e+8,1.316e+8,
396.78,1.297e+8,1.297e+8,
396.83,1.280e+8,1.280e+8,
396.88,1.260e+8,1.260e+8,
396.93,1.229e+8,1.229e+8,
396.98,1.183e+8,1.183e+8,
397.03,1.119e+8,1.119e+8,
397.08,1.035e+8,1.035e+8,
397.13,9.348e+7,9.348e+7,
397.18,8.219e+7,8.219e+7,
397.23,7.027e+7,7.027e+7,
397.28,5.836e+7,5.836e+7,
397.33,4.707e+7,4.707e+7,
397.38,3.689e+7,3.689e+7,
397.43,2.814e+7,2.814e+7,
397.48,2.099e+7,2.099e+7,
397.53,1.548e+7,1.548e+7,
397.58,1.155e+7,1.155e+7,
397.63,9.081e+6,9.081e+6,
397.68,7.959e+6,7.959e+6,
397.73,8.079e+6,8.079e+6,
397.78,9.369e+6,9.369e+6,
397.83,1.178e+7,1.178e+7,
397.88,1.529e+7,1.529e+7,
397.93,1.985e+7,1.985e+7,
397.98,2.536e+7,2.536e+7,
398.03,3.164e+7,3.164e+7,
398.08,3.846e+7,3.846e+7,
398.13,4.545e+7,4.545e+7,
398.18,5.219e+7,5.219e+7,
398.23,5.824e+7,5.824e+7,
398.28,6.315e+7,6.315e+7,
398.33,6.659e+7,6.659e+7,
398.38,6.834e+7,6.834e+7,
398.43,6.840e+7,6.840e+7,
398.48,6.694e+7,6.694e+7,
398.53,6.431e+7,6.431e+7,
398.58,6.100e+7,6.100e+7,
398.63,5.755e+7,5.755e+7,
398.68,5.446e+7,5.446e+7,
398.73,5.214e+7,5.214e+7,
398.78,5.081e+7,5.081e+7,
398.83,5.051e+7,5.051e+7,
398.88,5.106e+7,5.106e+7,
398.93,5.214e+7,5.214e+7,
398.98,5.332e+7,5.332e+7,
399.03,5.414e+7,5.414e+7,
399.08,5.419e+7,5.419e+7,
399.13,5.319e+7,5.319e+7,
399.18,5.100e+7,5.100e+7,
399.23,4.765e+7,4.765e+7,
399.28,4.332e+7,4.332e+7,
399.33,3.829e+7,3.829e+7,
399.38,3.292e+7,3.292e+7,
399.43,2.759e+7,2.759e+7,
399.48,2.261e+7,2.261e+7,
399.53,1.826e+7,1.826e+7,
399.58,1.470e+7,1.470e+7,
399.63,1.202e+7,1.202e+7,
399.68,1.023e+7,1.023e+7,
399.73,9.262e+6,9.262e+6,
399.78,9.004e+6,9.004e+6,
399.83,9.305e+6,9.305e+6,
399.88,9.993e+6,9.993e+6,
399.93,1.089e+7,1.089e+7,
399.98,1.182e+7,1.182e+7,
400.03,1.263e+7,1.263e+7,
400.08,1.319e+7,1.319e+7,
400.13,1.342e+7,1.342e+7,
400.18,1.326e+7,1.326e+7,
400.23,1.271e+7,1.271e+7,
400.28,1.182e+7,1.182e+7,
400.33,1.066e+7,1.066e+7,
400.38,9.320e+6,9.320e+6,
400.43,7.897e+6,7.897e+6,
400.48,6.487e+6,6.487e+6,
400.53,5.164e+6,5.164e+6,
400.58,3.985e+6,3.985e+6,
400.63,2.981e+6,2.981e+6,
400.68,2.161e+6,2.161e+6,
400.73,1.518e+6,1.518e+6,
400.78,1.034e+6,1.034e+6,
400.83,6.826e+5,6.826e+5,
400.88,4.368e+5,4.368e+5,
400.93,2.709e+5,2.709e+5,
400.98,1.628e+5,1.628e+5,
401.03,9.485e+4,9.485e+4,
401.08,5.356e+4,5.356e+4,
401.13,2.932e+4,2.932e+4,
401.18,1.555e+4,1.555e+4,
401.23,7.997e+3,7.997e+3,
401.28,3.986e+3,3.986e+3,
401.33,1.925e+3,1.925e+3,
401.38,9.015e+2,9.015e+2,
401.43,4.091e+2,4.091e+2,
401.48,1.800e+2,1.800e+2,
401.53,7.672e+1,7.672e+1,
401.58,3.170e+1,3.170e+1,
401.63,1.270e+1,1.270e+1,
401.68,4.930e+0,4.930e+0,
401.73,1.855e+0,1.855e+0,
401.78,6.766e-1,6.766e-1,
401.83,2.392e-1,2.392e-1,
401.88,8.216e-2,8.216e-2,
401.93,2.794e-2,2.794e-2,
401.98,1.118e-2,1.118e-2,
402.03,1.051e-2,1.051e-2,
402.08,2.510e-2,2.510e-2,
402.13,7.368e-2,7.368e-2,
402.18,2.156e-1,2.156e-1,
402.23,6.132e-1,6.132e-1,
402.28,1.692e+0,1.692e+0,
402.33,4.529e+0,4.529e+0,
402.38,1.176e+1,1.176e+1,
402.43,2.960e+1,2.960e+1,
402.48,7.225e+1,7.225e+1,
402.53,1.711e+2,1.711e+2,
402.58,3.928e+2,3.928e+2,
402.63,8.749e+2,8.749e+2,
402.68,1.890e+3,1.890e+3,
402.73,3.958e+3,3.958e+3,
402.78,8.040e+3,8.040e+3,
402.83,1.584e+4,1.584e+4,
402.88,3.027e+4,3.027e+4,
402.93,5.608e+4,5.608e+4,
402.98,1.008e+5,1.008e+5,
403.03,1.757e+5,1.757e+5,
403.08,2.969e+5,2.969e+5,
403.13,4.867e+5,4.867e+5,
403.18,7.739e+5,7.739e+5,
403.23,1.193e+6,1.193e+6,
403.28,1.784e+6,1.784e+6,
403.33,2.587e+6,2.587e+6,
403.38,3.639e+6,3.639e+6,
403.43,4.964e+6,4.964e+6,
403.48,6.567e+6,6.567e+6,
403.53,8.425e+6,8.425e+6,
403.58,1.048e+7,1.048e+7,
403.63,1.265e+7,1.265e+7,
403.68,1.481e+7,1.481e+7,
403.73,1.681e+7,1.681e+7,
403.78,1.850e+7,1.850e+7,
403.83,1.976e+7,1.976e+7,
403.88,2.048e+7,2.048e+7,
403.93,2.059e+7,2.059e+7,
403.98,2.010e+7,2.010e+7,
404.03,1.907e+7,1.907e+7,
404.08,1.761e+7,1.761e+7,
404.13,1.588e+7,1.588e+7,
404.18,1.404e+7,1.404e+7,
404.23,1.229e+7,1.229e+7,
404.28,1.077e+7,1.077e+7,
404.33,9.616e+6,9.616e+6,
404.38,8.925e+6,8.925e+6,
404.43,8.736e+6,8.736e+6,
404.48,9.043e+6,9.043e+6,
404.53,9.795e+6,9.795e+6,
404.58,1.090e+7,1.090e+7,
404.63,1.222e+7,1.222e+7,
404.68,1.362e+7,1.362e+7,
404.73,1.494e+7,1.494e+7,
404.78,1.602e+7,1.602e+7,
404.83,1.676e+7,1.676e+7,
404.88,1.705e+7,1.705e+7,
404.93,1.687e+7,1.687e+7,
404.98,1.623e+7,1.623e+7,
405.03,1.519e+7,1.519e+7,
405.08,1.385e+7,1.385e+7,
405.13,1.235e+7,1.235e+7,
405.18,1.083e+7,1.083e+7,
405.23,9.427e+6,9.427e+6,
405.28,8.258e+6,8.258e+6,
405.33,7.421e+6,7.421e+6,
405.38,6.975e+6,6.975e+6,
405.43,6.943e+6,6.943e+6,
405.48,7.309e+6,7.309e+6,
405.53,8.025e+6,8.025e+6,
405.58,9.007e+6,9.007e+6,
405.63,1.015e+7,1.015e+7,
405.68,1.134e+7,1.134e+7,
405.73,1.244e+7,1.244e+7,
405.78,1.335e+7,1.335e+7,
405.83,1.398e+7,1.398e+7,
405.88,1.426e+7,1.426e+7,
405.93,1.419e+7,1.419e+7,
405.98,1.378e+7,1.378e+7,
406.03,1.310e+7,1.310e+7,
406.08,1.223e+7,1.223e+7,
406.13,1.126e+7,1.126e+7,
406.18,1.030e+7,1.030e+7,
406.23,9.411e+6,9.411e+6,
406.28,8.654e+6,8.654e+6,
406.33,8.046e+6,8.046e+6,
406.38,7.580e+6,7.580e+6,
406.43,7.223e+6,7.223e+6,
406.48,6.931e+6,6.931e+6,
406.53,6.653e+6,6.653e+6,
406.58,6.344e+6,6.344e+6,
406.63,5.973e+6,5.973e+6,
406.68,5.525e+6,5.525e+6,
406.73,5.002e+6,5.002e+6,
406.78,4.419e+6,4.419e+6,
406.83,3.803e+6,3.803e+6,
406.88,3.184e+6,3.184e+6,
406.93,2.591e+6,2.591e+6,
406.98,2.048e+6,2.048e+6,
407.03,1.572e+6,1.572e+6,
407.08,1.171e+6,1.171e+6,
407.13,8.466e+5,8.466e+5,
407.18,5.940e+5,5.940e+5,
407.23,4.044e+5,4.044e+5,
407.28,2.672e+5,2.672e+5,
407.33,1.713e+5,1.713e+5,
407.38,1.065e+5,1.065e+5,
407.43,6.426e+4,6.426e+4,
407.48,3.762e+4,3.762e+4,
407.53,2.137e+4,2.137e+4,
407.58,1.178e+4,1.178e+4,
407.63,6.296e+3,6.296e+3,
407.68,3.266e+3,3.266e+3,
407.73,1.643e+3,1.643e+3,
407.78,8.025e+2,8.025e+2,
407.83,3.801e+2,3.801e+2,
407.88,1.747e+2,1.747e+2,
407.93,7.791e+1,7.791e+1,
407.98,3.372e+1,3.372e+1,
408.03,1.418e+1,1.418e+1,
408.08,5.854e+0,5.854e+0,
408.13,2.524e+0,2.524e+0,
408.18,1.518e+0,1.518e+0,
408.23,1.953e+0,1.953e+0,
408.28,4.109e+0,4.109e+0,
408.33,9.535e+0,9.535e+0,
408.38,2.194e+1,2.194e+1,
408.43,4.914e+1,4.914e+1,
408.48,1.069e+2,1.069e+2,
408.53,2.257e+2,2.257e+2,
408.58,4.626e+2,4.626e+2,
408.63,9.203e+2,9.203e+2,
408.68,1.777e+3,1.777e+3,
408.73,3.331e+3,3.331e+3,
408.78,6.061e+3,6.061e+3,
408.83,1.070e+4,1.070e+4,
408.88,1.835e+4,1.835e+4,
408.93,3.053e+4,3.053e+4,
408.98,4.932e+4,4.932e+4,
409.03,7.732e+4,7.732e+4,
409.08,1.177e+5,1.177e+5,
409.13,1.738e+5,1.738e+5,
409.18,2.492e+5,2.492e+5,
409.23,3.468e+5,3.468e+5,
409.28,4.685e+5,4.685e+5,
409.33,6.143e+5,6.143e+5,
409.38,7.819e+5,7.819e+5,
409.43,9.660e+5,9.660e+5,
409.48,1.158e+6,1.158e+6,
409.53,1.348e+6,1.348e+6,
409.58,1.524e+6,1.524e+6,
409.63,1.671e+6,1.671e+6,
409.68,1.779e+6,1.779e+6,
409.73,1.838e+6,1.838e+6,
409.78,1.843e+6,1.843e+6,
409.83,1.795e+6,1.795e+6,
409.88,1.696e+6,1.696e+6,
409.93,1.556e+6,1.556e+6,
409.98,1.386e+6,1.386e+6,
410.03,1.200e+6,1.200e+6,
410.08,1.010e+6,1.010e+6,
410.13,8.276e+5,8.276e+5,
410.18,6.640e+5,6.640e+5,
410.23,5.268e+5,5.268e+5,
410.28,4.215e+5,4.215e+5,
410.33,3.526e+5,3.526e+5,
410.38,3.236e+5,3.236e+5,
410.43,3.381e+5,3.381e+5,
410.48,4.001e+5,4.001e+5,
410.53,5.139e+5,5.139e+5,
410.58,6.837e+5,6.837e+5,
410.63,9.124e+5,9.124e+5,
410.68,1.200e+6,1.200e+6,
410.73,1.544e+6,1.544e+6,
410.78,1.934e+6,1.934e+6,
410.83,2.356e+6,2.356e+6,
410.88,2.787e+6,2.787e+6,
410.93,3.202e+6,3.202e+6,
410.98,3.572e+6,3.572e+6,
411.03,3.869e+6,3.869e+6,
411.08,4.068e+6,4.068e+6,
411.13,4.153e+6,4.153e+6,
411.18,4.117e+6,4.117e+6,
411.23,3.961e+6,3.961e+6,
411.28,3.701e+6,3.701e+6,
411.33,3.357e+6,3.357e+6,
411.38,2.956e+6,2.956e+6,
411.43,2.528e+6,2.528e+6,
411.48,2.099e+6,2.099e+6,
411.53,1.694e+6,1.694e+6,
411.58,1.329e+6,1.329e+6,
411.63,1.018e+6,1.018e+6,
411.68,7.650e+5,7.650e+5,
411.73,5.729e+5,5.729e+5,
411.78,4.409e+5,4.409e+5,
411.83,3.677e+5,3.677e+5,
411.88,3.529e+5,3.529e+5,
411.93,3.979e+5,3.979e+5,
411.98,5.066e+5,5.066e+5,
412.03,6.849e+5,6.849e+5,
412.08,9.393e+5,9.393e+5,
412.13,1.276e+6,1.276e+6,
412.18,1.696e+6,1.696e+6,
412.23,2.197e+6,2.197e+6,
412.28,2.768e+6,2.768e+6,
412.33,3.388e+6,3.388e+6,
412.38,4.028e+6,4.028e+6,
412.43,4.652e+6,4.652e+6,
412.48,5.216e+6,5.216e+6,
412.53,5.679e+6,5.679e+6,
412.58,6.005e+6,6.005e+6,
412.63,6.166e+6,6.166e+6,
412.68,6.148e+6,6.148e+6,
412.73,5.952e+6,5.952e+6,
412.78,5.596e+6,5.596e+6,
412.83,5.110e+6,5.110e+6,
412.88,4.530e+6,4.530e+6,
412.93,3.900e+6,3.900e+6,
412.98,3.260e+6,3.260e+6,
413.03,2.647e+6,2.647e+6,
413.08,2.087e+6,2.087e+6,
413.13,1.597e+6,1.597e+6,
413.18,1.187e+6,1.187e+6,
413.23,8.571e+5,8.571e+5,
413.28,6.008e+5,6.008e+5,
413.33,4.090e+5,4.090e+5,
413.38,2.703e+5,2.703e+5,
413.43,1.735e+5,1.735e+5,
413.48,1.081e+5,1.081e+5,
413.53,6.546e+4,6.546e+4,
413.58,3.847e+4,3.847e+4,
413.63,2.196e+4,2.196e+4,
413.68,1.217e+4,1.217e+4,
413.73,6.549e+3,6.549e+3,
413.78,3.422e+3,3.422e+3,
413.83,1.737e+3,1.737e+3,
413.88,8.559e+2,8.559e+2,
413.93,4.096e+2,4.096e+2,
413.98,1.903e+2,1.903e+2,
414.03,8.589e+1,8.589e+1,
414.08,3.763e+1,3.763e+1,
414.13,1.601e+1,1.601e+1,
414.18,6.617e+0,6.617e+0,
414.23,2.655e+0,2.655e+0,
414.28,1.034e+0,1.034e+0,
414.33,3.914e-1,3.914e-1,
414.38,1.438e-1,1.438e-1,
414.43,5.136e-2,5.136e-2,
414.48,1.797e-2,1.797e-2,
414.53,6.615e-3,6.615e-3,
414.58,3.960e-3,3.960e-3,
414.63,6.776e-3,6.776e-3,
414.68,1.854e-2,1.854e-2,
414.73,5.320e-2,5.320e-2,
414.78,1.495e-1,1.495e-1,
414.83,4.087e-1,4.087e-1,
414.88,1.086e+0,1.086e+0,
414.93,2.802e+0,2.802e+0,
414.98,7.025e+0,7.025e+0,
415.03,1.711e+1,1.711e+1,
415.08,4.051e+1,4.051e+1,
415.13,9.315e+1,9.315e+1,
415.18,2.081e+2,2.081e+2,
415.23,4.518e+2,4.518e+2,
415.28,9.531e+2,9.531e+2,
415.33,1.953e+3,1.953e+3,
415.38,3.889e+3,3.889e+3,
415.43,7.523e+3,7.523e+3,
415.48,1.414e+4,1.414e+4,
415.53,2.583e+4,2.583e+4,
415.58,4.582e+4,4.582e+4,
415.63,7.900e+4,7.900e+4,
415.68,1.323e+5,1.323e+5,
415.73,2.153e+5,2.153e+5,
415.78,3.405e+5,3.405e+5,
415.83,5.231e+5,5.231e+5,
415.88,7.808e+5,7.808e+5,
415.93,1.132e+6,1.132e+6,
415.98,1.595e+6,1.595e+6,
416.03,2.184e+6,2.184e+6,
416.08,2.905e+6,2.905e+6,
416.13,3.755e+6,3.755e+6,
416.18,4.714e+6,4.714e+6,
416.23,5.751e+6,5.751e+6,
416.28,6.817e+6,6.817e+6,
416.33,7.851e+6,7.851e+6,
416.38,8.785e+6,8.785e+6,
416.43,9.551e+6,9.551e+6,
416.48,1.009e+7,1.009e+7,
416.53,1.035e+7,1.035e+7,
416.58,1.032e+7,1.032e+7,
416.63,1.000e+7,1.000e+7,
416.68,9.414e+6,9.414e+6,
416.73,8.610e+6,8.610e+6,
416.78,7.650e+6,7.650e+6,
416.84,6.391e+6,6.391e+6,
416.89,5.330e+6,5.330e+6,
416.94,4.319e+6,4.319e+6,
416.99,3.400e+6,3.400e+6,
417.04,2.601e+6,2.601e+6,
417.09,1.933e+6,1.933e+6,
417.14,1.396e+6,1.396e+6,
417.19,9.792e+5,9.792e+5,
417.24,6.675e+5,6.675e+5,
417.29,4.421e+5,4.421e+5,
417.34,2.845e+5,2.845e+5,
417.39,1.778e+5,1.778e+5,
417.44,1.080e+5,1.080e+5,
417.49,6.375e+4,6.375e+4,
417.54,3.656e+4,3.656e+4,
417.59,2.037e+4,2.037e+4,
417.64,1.102e+4,1.102e+4,
417.69,5.798e+3,5.798e+3,
417.74,2.963e+3,2.963e+3,
417.79,1.471e+3,1.471e+3,
417.84,7.095e+2,7.095e+2,
417.89,3.325e+2,3.325e+2,
417.94,1.514e+2,1.514e+2,
417.99,6.699e+1,6.699e+1,
418.04,2.880e+1,2.880e+1,
418.09,1.203e+1,1.203e+1,
418.14,4.880e+0,4.880e+0,
418.19,1.924e+0,1.924e+0,
418.24,7.370e-1,7.370e-1,
418.29,2.743e-1,2.743e-1,
418.34,9.926e-2,9.926e-2,
418.39,3.507e-2,3.507e-2,
418.44,1.259e-2,1.259e-2,
418.49,6.082e-3,6.082e-3,
418.54,7.656e-3,7.656e-3,
418.59,1.894e-2,1.894e-2,
418.64,5.249e-2,5.249e-2,
418.69,1.438e-1,1.438e-1,
418.74,3.836e-1,3.836e-1,
418.79,9.949e-1,9.949e-1,
418.84,2.509e+0,2.509e+0,
418.89,6.150e+0,6.150e+0,
418.94,1.465e+1,1.465e+1,
418.99,3.395e+1,3.395e+1,
419.04,7.644e+1,7.644e+1,
419.09,1.673e+2,1.673e+2,
419.14,3.561e+2,3.561e+2,
419.19,7.367e+2,7.367e+2,
419.24,1.481e+3,1.481e+3,
419.29,2.896e+3,2.896e+3,
419.34,5.504e+3,5.504e+3,
419.39,1.017e+4,1.017e+4,
419.44,1.826e+4,1.826e+4,
419.49,3.188e+4,3.188e+4,
419.54,5.410e+4,5.410e+4,
419.59,8.925e+4,8.925e+4,
419.64,1.431e+5,1.431e+5,
419.69,2.232e+5,2.232e+5,
419.74,3.382e+5,3.382e+5,
419.79,4.983e+5,4.983e+5,
419.84,7.136e+5,7.136e+5,
419.89,9.936e+5,9.936e+5,
419.94,1.345e+6,1.345e+6,
419.99,1.769e+6,1.769e+6,
420.04,2.263e+6,2.263e+6,
420.09,2.814e+6,2.814e+6,
420.14,3.402e+6,3.402e+6,
420.19,3.998e+6,3.998e+6,
420.24,4.568e+6,4.568e+6,
420.29,5.074e+6,5.074e+6,
420.34,5.482e+6,5.482e+6,
420.39,5.761e+6,5.761e+6,
420.44,5.891e+6,5.891e+6,
420.49,5.866e+6,5.866e+6,
420.54,5.692e+6,5.692e+6,
420.59,5.391e+6,5.391e+6,
420.64,4.997e+6,4.997e+6,
420.69,4.550e+6,4.550e+6,
420.74,4.092e+6,4.092e+6,
420.79,3.664e+6,3.664e+6,
420.84,3.299e+6,3.299e+6,
420.89,3.021e+6,3.021e+6,
420.94,2.841e+6,2.841e+6,
420.99,2.756e+6,2.756e+6,
421.04,2.754e+6,2.754e+6,
421.09,2.813e+6,2.813e+6,
421.14,2.906e+6,2.906e+6,
421.19,3.004e+6,3.004e+6,
421.24,3.080e+6,3.080e+6,
421.29,3.112e+6,3.112e+6,
421.34,3.084e+6,3.084e+6,
421.39,2.992e+6,2.992e+6,
421.44,2.837e+6,2.837e+6,
421.49,2.630e+6,2.630e+6,
421.54,2.389e+6,2.389e+6,
421.59,2.134e+6,2.134e+6,
421.64,1.885e+6,1.885e+6,
421.69,1.663e+6,1.663e+6,
421.74,1.483e+6,1.483e+6,
421.79,1.356e+6,1.356e+6,
421.84,1.287e+6,1.287e+6,
421.89,1.274e+6,1.274e+6,
421.94,1.311e+6,1.311e+6,
421.99,1.386e+6,1.386e+6,
422.04,1.484e+6,1.484e+6,
422.09,1.590e+6,1.590e+6,
422.14,1.687e+6,1.687e+6,
422.19,1.761e+6,1.761e+6,
422.24,1.801e+6,1.801e+6,
422.29,1.800e+6,1.800e+6,
422.34,1.757e+6,1.757e+6,
422.39,1.676e+6,1.676e+6,
422.44,1.564e+6,1.564e+6,
422.49,1.433e+6,1.433e+6,
422.54,1.297e+6,1.297e+6,
422.59,1.168e+6,1.168e+6,
422.64,1.060e+6,1.060e+6,
422.69,9.835e+5,9.835e+5,
422.74,9.455e+5,9.455e+5,
422.79,9.493e+5,9.493e+5,
422.84,9.944e+5,9.944e+5,
422.89,1.076e+6,1.076e+6,
422.94,1.187e+6,1.187e+6,
422.99,1.318e+6,1.318e+6,
423.04,1.457e+6,1.457e+6,
423.09,1.595e+6,1.595e+6,
423.14,1.723e+6,1.723e+6,
423.19,1.837e+6,1.837e+6,
423.24,1.935e+6,1.935e+6,
423.29,2.019e+6,2.019e+6,
423.34,2.097e+6,2.097e+6,
423.39,2.176e+6,2.176e+6,
423.44,2.265e+6,2.265e+6,
423.49,2.370e+6,2.370e+6,
423.54,2.494e+6,2.494e+6,
423.59,2.635e+6,2.635e+6,
423.64,2.785e+6,2.785e+6,
423.69,2.933e+6,2.933e+6,
423.74,3.063e+6,3.063e+6,
423.79,3.157e+6,3.157e+6,
423.84,3.201e+6,3.201e+6,
423.89,3.182e+6,3.182e+6,
423.94,3.095e+6,3.095e+6,
423.99,2.941e+6,2.941e+6,
424.04,2.729e+6,2.729e+6,
424.09,2.472e+6,2.472e+6,
424.14,2.190e+6,2.190e+6,
424.19,1.909e+6,1.909e+6,
424.24,1.655e+6,1.655e+6,
424.29,1.465e+6,1.465e+6,
424.34,1.381e+6,1.381e+6,
424.39,1.464e+6,1.464e+6,
424.44,1.797e+6,1.797e+6,
424.49,2.500e+6,2.500e+6,
424.54,3.741e+6,3.741e+6,
424.59,5.744e+6,5.744e+6,
424.64,8.804e+6,8.804e+6,
424.69,1.328e+7,1.328e+7,
424.74,1.959e+7,1.959e+7,
424.79,2.819e+7,2.819e+7,
424.84,3.949e+7,3.949e+7,
424.89,5.386e+7,5.386e+7,
424.94,7.149e+7,7.149e+7,
424.99,9.233e+7,9.233e+7,
425.04,1.160e+8,1.160e+8,
425.09,1.418e+8,1.418e+8,
425.14,1.687e+8,1.687e+8,
425.19,1.953e+8,1.953e+8,
425.24,2.199e+8,2.199e+8,
425.29,2.410e+8,2.410e+8,
425.34,2.569e+8,2.569e+8,
425.39,2.665e+8,2.665e+8,
425.44,2.691e+8,2.691e+8,
425.49,2.644e+8,2.644e+8,
425.54,2.530e+8,2.530e+8,
425.59,2.358e+8,2.358e+8,
425.64,2.143e+8,2.143e+8,
425.69,1.899e+8,1.899e+8,
425.74,1.646e+8,1.646e+8,
425.79,1.397e+8,1.397e+8,
425.84,1.166e+8,1.166e+8,
425.89,9.626e+7,9.626e+7,
425.94,7.909e+7,7.909e+7,
425.99,6.526e+7,6.526e+7,
426.04,5.460e+7,5.460e+7,
426.09,4.669e+7,4.669e+7,
426.14,4.102e+7,4.102e+7,
426.19,3.699e+7,3.699e+7,
426.24,3.408e+7,3.408e+7,
426.29,3.183e+7,3.183e+7,
426.34,2.992e+7,2.992e+7,
426.39,2.814e+7,2.814e+7,
426.44,2.642e+7,2.642e+7,
426.49,2.479e+7,2.479e+7,
426.54,2.340e+7,2.340e+7,
426.59,2.245e+7,2.245e+7,
426.64,2.218e+7,2.218e+7,
426.69,2.291e+7,2.291e+7,
426.74,2.494e+7,2.494e+7,
426.79,2.861e+7,2.861e+7,
426.84,3.425e+7,3.425e+7,
426.89,4.215e+7,4.215e+7,
426.94,5.250e+7,5.250e+7,
426.99,6.541e+7,6.541e+7,
427.04,8.078e+7,8.078e+7,
427.09,9.831e+7,9.831e+7,
427.14,1.174e+8,1.174e+8,
427.19,1.373e+8,1.373e+8,
427.24,1.569e+8,1.569e+8,
427.29,1.751e+8,1.751e+8,
427.34,1.906e+8,1.906e+8,
427.39,2.024e+8,2.024e+8,
427.44,2.095e+8,2.095e+8,
427.49,2.114e+8,2.114e+8,
427.54,2.080e+8,2.080e+8,
427.59,1.996e+8,1.996e+8,
427.64,1.869e+8,1.869e+8,
427.69,1.709e+8,1.709e+8,
427.74,1.526e+8,1.526e+8,
427.79,1.334e+8,1.334e+8,
427.84,1.144e+8,1.144e+8,
427.89,9.629e+7,9.629e+7,
427.94,7.992e+7,7.992e+7,
427.99,6.567e+7,6.567e+7,
428.04,5.375e+7,5.375e+7,
428.09,4.421e+7,4.421e+7,
428.14,3.701e+7,3.701e+7,
428.19,3.207e+7,3.207e+7,
428.24,2.932e+7,2.932e+7,
428.29,2.873e+7,2.873e+7,
428.34,3.034e+7,3.034e+7,
428.39,3.419e+7,3.419e+7,
428.44,4.031e+7,4.031e+7,
428.49,4.868e+7,4.868e+7,
428.54,5.916e+7,5.916e+7,
428.59,7.145e+7,7.145e+7,
428.64,8.507e+7,8.507e+7,
428.69,9.935e+7,9.935e+7,
428.74,1.135e+8,1.135e+8,
428.79,1.265e+8,1.265e+8,
428.84,1.375e+8,1.375e+8,
428.89,1.457e+8,1.457e+8,
428.94,1.505e+8,1.505e+8,
428.99,1.514e+8,1.514e+8,
429.04,1.485e+8,1.485e+8,
429.09,1.421e+8,1.421e+8,
429.14,1.326e+8,1.326e+8,
429.19,1.209e+8,1.209e+8,
429.24,1.080e+8,1.080e+8,
429.29,9.461e+7,9.461e+7,
429.34,8.169e+7,8.169e+7,
429.39,6.987e+7,6.987e+7,
429.44,5.962e+7,5.962e+7,
429.49,5.118e+7,5.118e+7,
429.54,4.460e+7,4.460e+7,
429.59,3.973e+7,3.973e+7,
429.64,3.635e+7,3.635e+7,
429.69,3.413e+7,3.413e+7,
429.74,3.274e+7,3.274e+7,
429.79,3.186e+7,3.186e+7,
429.84,3.122e+7,3.122e+7,
429.89,3.060e+7,3.060e+7,
429.94,2.985e+7,2.985e+7,
429.99,2.888e+7,2.888e+7,
430.04,2.764e+7,2.764e+7,
430.09,2.615e+7,2.615e+7,
430.14,2.443e+7,2.443e+7,
430.19,2.254e+7,2.254e+7,
430.24,2.054e+7,2.054e+7,
430.29,1.850e+7,1.850e+7,
430.34,1.648e+7,1.648e+7,
430.39,1.454e+7,1.454e+7,
430.44,1.272e+7,1.272e+7,
430.49,1.106e+7,1.106e+7,
430.54,9.568e+6,9.568e+6,
430.59,8.252e+6,8.252e+6,
430.64,7.106e+6,7.106e+6,
430.69,6.118e+6,6.118e+6,
430.74,5.270e+6,5.270e+6,
430.79,4.544e+6,4.544e+6,
430.84,3.919e+6,3.919e+6,
430.89,3.379e+6,3.379e+6,
430.94,2.910e+6,2.910e+6,
430.99,2.502e+6,2.502e+6,
431.04,2.149e+6,2.149e+6,
431.09,1.849e+6,1.849e+6,
431.14,1.602e+6,1.602e+6,
431.19,1.411e+6,1.411e+6,
431.24,1.279e+6,1.279e+6,
431.29,1.210e+6,1.210e+6,
431.34,1.208e+6,1.208e+6,
431.39,1.273e+6,1.273e+6,
431.44,1.406e+6,1.406e+6,
431.49,1.602e+6,1.602e+6,
431.54,1.855e+6,1.855e+6,
431.59,2.153e+6,2.153e+6,
431.64,2.483e+6,2.483e+6,
431.69,2.829e+6,2.829e+6,
431.74,3.178e+6,3.178e+6,
431.79,3.513e+6,3.513e+6,
431.84,3.823e+6,3.823e+6,
431.89,4.102e+6,4.102e+6,
431.94,4.346e+6,4.346e+6,
431.99,4.558e+6,4.558e+6,
432.04,4.743e+6,4.743e+6,
432.09,4.909e+6,4.909e+6,
432.14,5.062e+6,5.062e+6,
432.19,5.204e+6,5.204e+6,
432.24,5.335e+6,5.335e+6,
432.29,5.447e+6,5.447e+6,
432.34,5.527e+6,5.527e+6,
432.39,5.561e+6,5.561e+6,
432.44,5.532e+6,5.532e+6,
432.49,5.427e+6,5.427e+6,
432.54,5.238e+6,5.238e+6,
432.59,4.964e+6,4.964e+6,
432.64,4.613e+6,4.613e+6,
432.69,4.203e+6,4.203e+6,
432.74,3.757e+6,3.757e+6,
432.79,3.304e+6,3.304e+6,
432.84,2.878e+6,2.878e+6,
432.89,2.513e+6,2.513e+6,
432.94,2.247e+6,2.247e+6,
432.99,2.114e+6,2.114e+6,
433.04,2.154e+6,2.154e+6,
433.09,2.404e+6,2.404e+6,
433.14,2.905e+6,2.905e+6,
433.19,3.697e+6,3.697e+6,
433.24,4.817e+6,4.817e+6,
433.29,6.296e+6,6.296e+6,
433.34,8.153e+6,8.153e+6,
433.39,1.039e+7,1.039e+7,
433.44,1.299e+7,1.299e+7,
433.49,1.591e+7,1.591e+7,
433.54,1.907e+7,1.907e+7,
433.59,2.238e+7,2.238e+7,
433.64,2.574e+7,2.574e+7,
433.69,2.902e+7,2.902e+7,
433.74,3.211e+7,3.211e+7,
433.79,3.493e+7,3.493e+7,
433.84,3.742e+7,3.742e+7,
433.89,3.955e+7,3.955e+7,
433.94,4.134e+7,4.134e+7,
433.99,4.284e+7,4.284e+7,
434.04,4.410e+7,4.410e+7,
434.09,4.518e+7,4.518e+7,
434.14,4.614e+7,4.614e+7,
434.19,4.699e+7,4.699e+7,
434.24,4.771e+7,4.771e+7,
434.29,4.828e+7,4.828e+7,
434.34,4.862e+7,4.862e+7,
434.39,4.869e+7,4.869e+7,
434.44,4.846e+7,4.846e+7,
434.49,4.792e+7,4.792e+7,
434.54,4.715e+7,4.715e+7,
434.59,4.624e+7,4.624e+7,
434.64,4.534e+7,4.534e+7,
434.69,4.461e+7,4.461e+7,
434.74,4.420e+7,4.420e+7,
434.79,4.421e+7,4.421e+7,
434.84,4.468e+7,4.468e+7,
434.89,4.558e+7,4.558e+7,
434.94,4.678e+7,4.678e+7,
434.99,4.809e+7,4.809e+7,
435.04,4.927e+7,4.927e+7,
435.09,5.008e+7,5.008e+7,
435.14,5.031e+7,5.031e+7,
435.19,4.978e+7,4.978e+7,
435.24,4.842e+7,4.842e+7,
435.29,4.624e+7,4.624e+7,
435.34,4.334e+7,4.334e+7,
435.39,3.990e+7,3.990e+7,
435.44,3.613e+7,3.613e+7,
435.49,3.228e+7,3.228e+7,
435.54,2.858e+7,2.858e+7,
435.59,2.520e+7,2.520e+7,
435.64,2.229e+7,2.229e+7,
435.69,1.991e+7,1.991e+7,
435.74,1.807e+7,1.807e+7,
435.79,1.673e+7,1.673e+7,
435.84,1.581e+7,1.581e+7,
435.89,1.520e+7,1.520e+7,
435.94,1.479e+7,1.479e+7,
435.99,1.447e+7,1.447e+7,
436.04,1.415e+7,1.415e+7,
436.09,1.378e+7,1.378e+7,
436.14,1.331e+7,1.331e+7,
436.19,1.273e+7,1.273e+7,
436.24,1.205e+7,1.205e+7,
436.29,1.128e+7,1.128e+7,
436.34,1.048e+7,1.048e+7,
436.39,9.686e+6,9.686e+6,
436.44,8.958e+6,8.958e+6,
436.49,8.355e+6,8.355e+6,
436.54,7.932e+6,7.932e+6,
436.59,7.738e+6,7.738e+6,
436.64,7.812e+6,7.812e+6,
436.69,8.177e+6,8.177e+6,
436.74,8.840e+6,8.840e+6,
436.79,9.788e+6,9.788e+6,
436.84,1.099e+7,1.099e+7,
436.89,1.239e+7,1.239e+7,
436.94,1.393e+7,1.393e+7,
436.99,1.553e+7,1.553e+7,
437.04,1.710e+7,1.710e+7,
437.09,1.857e+7,1.857e+7,
437.14,1.986e+7,1.986e+7,
437.19,2.091e+7,2.091e+7,
437.24,2.167e+7,2.167e+7,
437.29,2.210e+7,2.210e+7,
437.34,2.219e+7,2.219e+7,
437.39,2.194e+7,2.194e+7,
437.44,2.137e+7,2.137e+7,
437.49,2.050e+7,2.050e+7,
437.54,1.938e+7,1.938e+7,
437.59,1.806e+7,1.806e+7,
437.64,1.658e+7,1.658e+7,
437.69,1.503e+7,1.503e+7,
437.74,1.347e+7,1.347e+7,
437.79,1.195e+7,1.195e+7,
437.84,1.055e+7,1.055e+7,
437.89,9.316e+6,9.316e+6,
437.94,8.298e+6,8.298e+6,
437.99,7.525e+6,7.525e+6,
438.04,7.009e+6,7.009e+6,
438.09,6.747e+6,6.747e+6,
438.14,6.715e+6,6.715e+6,
438.19,6.873e+6,6.873e+6,
438.24,7.166e+6,7.166e+6,
438.29,7.532e+6,7.532e+6,
438.34,7.904e+6,7.904e+6,
438.39,8.218e+6,8.218e+6,
438.44,8.417e+6,8.417e+6,
438.49,8.461e+6,8.461e+6,
438.54,8.326e+6,8.326e+6,
438.59,8.007e+6,8.007e+6,
438.64,7.516e+6,7.516e+6,
438.69,6.883e+6,6.883e+6,
438.74,6.146e+6,6.146e+6,
438.79,5.350e+6,5.350e+6,
438.84,4.539e+6,4.539e+6,
438.89,3.753e+6,3.753e+6,
438.94,3.024e+6,3.024e+6,
438.99,2.374e+6,2.374e+6,
439.04,1.816e+6,1.816e+6,
439.09,1.353e+6,1.353e+6,
439.14,9.829e+5,9.829e+5,
439.19,6.955e+5,6.955e+5,
439.24,4.795e+5,4.795e+5,
439.29,3.221e+5,3.221e+5,
439.34,2.108e+5,2.108e+5,
439.39,1.345e+5,1.345e+5,
439.44,8.354e+4,8.354e+4,
439.49,5.058e+4,5.058e+4,
439.54,2.984e+4,2.984e+4,
439.59,1.717e+4,1.717e+4,
439.64,9.648e+3,9.648e+3,
439.69,5.338e+3,5.338e+3,
439.74,2.989e+3,2.989e+3,
439.79,1.853e+3,1.853e+3,
439.84,1.531e+3,1.531e+3,
439.89,1.889e+3,1.889e+3,
439.94,3.018e+3,3.018e+3,
439.99,5.242e+3,5.242e+3,
440.04,9.169e+3,9.169e+3,
440.09,1.578e+4,1.578e+4,
440.14,2.655e+4,2.655e+4,
440.19,4.361e+4,4.361e+4,
440.24,6.993e+4,6.993e+4,
440.29,1.095e+5,1.095e+5,
440.34,1.672e+5,1.672e+5,
440.39,2.495e+5,2.495e+5,
440.44,3.636e+5,3.636e+5,
440.49,5.175e+5,5.175e+5,
440.54,7.196e+5,7.196e+5,
440.59,9.779e+5,9.779e+5,
440.64,1.299e+6,1.299e+6,
440.69,1.687e+6,1.687e+6,
440.74,2.142e+6,2.142e+6,
440.79,2.661e+6,2.661e+6,
440.84,3.234e+6,3.234e+6,
440.89,3.845e+6,3.845e+6,
440.94,4.475e+6,4.475e+6,
440.99,5.098e+6,5.098e+6,
441.04,5.686e+6,5.686e+6,
441.09,6.209e+6,6.209e+6,
441.14,6.640e+6,6.640e+6,
441.19,6.955e+6,6.955e+6,
441.24,7.136e+6,7.136e+6,
441.29,7.173e+6,7.173e+6,
441.34,7.069e+6,7.069e+6,
441.39,6.835e+6,6.835e+6,
441.44,6.492e+6,6.492e+6,
441.49,6.073e+6,6.073e+6,
441.54,5.615e+6,5.615e+6,
441.59,5.161e+6,5.161e+6,
441.64,4.755e+6,4.755e+6,
441.69,4.439e+6,4.439e+6,
441.74,4.251e+6,4.251e+6,
441.79,4.220e+6,4.220e+6,
441.84,4.365e+6,4.365e+6,
441.89,4.692e+6,4.692e+6,
441.94,5.195e+6,5.195e+6,
441.99,5.853e+6,5.853e+6,
442.04,6.632e+6,6.632e+6,
442.09,7.488e+6,7.488e+6,
442.14,8.370e+6,8.370e+6,
442.19,9.224e+6,9.224e+6,
442.24,9.997e+6,9.997e+6,
442.29,1.064e+7,1.064e+7,
442.34,1.113e+7,1.113e+7,
442.39,1.145e+7,1.145e+7,
442.44,1.159e+7,1.159e+7,
442.49,1.157e+7,1.157e+7,
442.54,1.142e+7,1.142e+7,
442.59,1.118e+7,1.118e+7,
442.64,1.089e+7,1.089e+7,
442.69,1.060e+7,1.060e+7,
442.74,1.035e+7,1.035e+7,
442.79,1.015e+7,1.015e+7,
442.84,1.002e+7,1.002e+7,
442.89,9.951e+6,9.951e+6,
442.94,9.933e+6,9.933e+6,
442.99,9.936e+6,9.936e+6,
443.04,9.928e+6,9.928e+6,
443.09,9.874e+6,9.874e+6,
443.14,9.740e+6,9.740e+6,
443.19,9.502e+6,9.502e+6,
443.24,9.145e+6,9.145e+6,
443.29,8.664e+6,8.664e+6,
443.34,8.067e+6,8.067e+6,
443.39,7.372e+6,7.372e+6,
443.44,6.607e+6,6.607e+6,
443.49,5.804e+6,5.804e+6,
443.54,4.997e+6,4.997e+6,
443.59,4.219e+6,4.219e+6,
443.64,3.499e+6,3.499e+6,
443.69,2.858e+6,2.858e+6,
443.74,2.311e+6,2.311e+6,
443.79,1.867e+6,1.867e+6,
443.84,1.525e+6,1.525e+6,
443.89,1.280e+6,1.280e+6,
443.94,1.122e+6,1.122e+6,
443.99,1.038e+6,1.038e+6,
444.04,1.013e+6,1.013e+6,
444.09,1.031e+6,1.031e+6,
444.14,1.075e+6,1.075e+6,
444.19,1.132e+6,1.132e+6,
444.24,1.187e+6,1.187e+6,
444.29,1.229e+6,1.229e+6,
444.34,1.250e+6,1.250e+6,
444.39,1.246e+6,1.246e+6,
444.44,1.214e+6,1.214e+6,
444.49,1.155e+6,1.155e+6,
444.54,1.072e+6,1.072e+6,
444.59,9.705e+5,9.705e+5,
444.64,8.572e+5,8.572e+5,
444.69,7.387e+5,7.387e+5,
444.74,6.212e+5,6.212e+5,
444.79,5.103e+5,5.103e+5,
444.84,4.106e+5,4.106e+5,
444.89,3.252e+5,3.252e+5,
444.94,2.563e+5,2.563e+5,
444.99,2.056e+5,2.056e+5,
445.04,1.740e+5,1.740e+5,
445.09,1.629e+5,1.629e+5,
445.14,1.741e+5,1.741e+5,
445.19,2.099e+5,2.099e+5,
445.24,2.736e+5,2.736e+5,
445.29,3.690e+5,3.690e+5,
445.34,5.002e+5,5.002e+5,
445.39,6.708e+5,6.708e+5,
445.44,8.833e+5,8.833e+5,
445.49,1.138e+6,1.138e+6,
445.54,1.433e+6,1.433e+6,
445.59,1.761e+6,1.761e+6,
445.64,2.114e+6,2.114e+6,
445.69,2.478e+6,2.478e+6,
445.74,2.838e+6,2.838e+6,
445.79,3.177e+6,3.177e+6,
445.84,3.478e+6,3.478e+6,
445.89,3.728e+6,3.728e+6,
445.94,3.917e+6,3.917e+6,
445.99,4.038e+6,4.038e+6,
446.04,4.092e+6,4.092e+6,
446.09,4.083e+6,4.083e+6,
446.14,4.021e+6,4.021e+6,
446.19,3.915e+6,3.915e+6,
446.24,3.777e+6,3.777e+6,
446.29,3.617e+6,3.617e+6,
446.34,3.443e+6,3.443e+6,
446.39,3.259e+6,3.259e+6,
446.44,3.068e+6,3.068e+6,
446.49,2.870e+6,2.870e+6,
446.54,2.664e+6,2.664e+6,
446.59,2.449e+6,2.449e+6,
446.64,2.224e+6,2.224e+6,
446.69,1.993e+6,1.993e+6,
446.74,1.757e+6,1.757e+6,
446.79,1.522e+6,1.522e+6,
446.84,1.293e+6,1.293e+6,
446.89,1.077e+6,1.077e+6,
446.94,8.774e+5,8.774e+5,
446.99,6.996e+5,6.996e+5,
447.04,5.456e+5,5.456e+5,
447.09,4.164e+5,4.164e+5,
447.14,3.117e+5,3.117e+5,
447.19,2.303e+5,2.303e+5,
447.24,1.703e+5,1.703e+5,
447.29,1.297e+5,1.297e+5,
447.34,1.071e+5,1.071e+5,
447.39,1.017e+5,1.017e+5,
447.44,1.135e+5,1.135e+5,
447.49,1.438e+5,1.438e+5,
447.54,1.948e+5,1.948e+5,
447.59,2.696e+5,2.696e+5,
447.64,3.715e+5,3.715e+5,
447.7,5.344e+5,5.344e+5,
447.75,7.067e+5,7.067e+5,
447.8,9.131e+5,9.131e+5,
447.85,1.152e+6,1.152e+6,
447.9,1.419e+6,1.419e+6,
447.95,1.706e+6,1.706e+6,
448,2.003e+6,2.003e+6,
448.05,2.299e+6,2.299e+6,
448.1,2.581e+6,2.581e+6,
448.15,2.838e+6,2.838e+6,
448.2,3.061e+6,3.061e+6,
448.25,3.248e+6,3.248e+6,
448.3,3.400e+6,3.400e+6,
448.35,3.529e+6,3.529e+6,
448.4,3.650e+6,3.650e+6,
448.45,3.786e+6,3.786e+6,
448.5,3.961e+6,3.961e+6,
448.55,4.201e+6,4.201e+6,
448.6,4.530e+6,4.530e+6,
448.65,4.963e+6,4.963e+6,
448.7,5.511e+6,5.511e+6,
448.75,6.170e+6,6.170e+6,
448.8,6.931e+6,6.931e+6,
448.85,7.772e+6,7.772e+6,
448.9,8.668e+6,8.668e+6,
448.95,9.589e+6,9.589e+6,
449,1.051e+7,1.051e+7,
449.05,1.140e+7,1.140e+7,
449.1,1.224e+7,1.224e+7,
449.15,1.303e+7,1.303e+7,
449.2,1.377e+7,1.377e+7,
449.25,1.445e+7,1.445e+7,
449.3,1.510e+7,1.510e+7,
449.35,1.571e+7,1.571e+7,
449.4,1.630e+7,1.630e+7,
449.45,1.686e+7,1.686e+7,
449.5,1.737e+7,1.737e+7,
449.55,1.783e+7,1.783e+7,
449.6,1.819e+7,1.819e+7,
449.65,1.845e+7,1.845e+7,
449.7,1.856e+7,1.856e+7,
449.75,1.849e+7,1.849e+7,
449.8,1.825e+7,1.825e+7,
449.85,1.780e+7,1.780e+7,
449.9,1.717e+7,1.717e+7,
449.95,1.637e+7,1.637e+7,
450,1.543e+7,1.543e+7,
450.05,1.438e+7,1.438e+7,
450.1,1.328e+7,1.328e+7,
450.15,1.218e+7,1.218e+7,
450.2,1.111e+7,1.111e+7,
450.25,1.012e+7,1.012e+7,
450.3,9.257e+6,9.257e+6,
450.35,8.532e+6,8.532e+6,
450.4,7.962e+6,7.962e+6,
450.45,7.549e+6,7.549e+6,
450.5,7.287e+6,7.287e+6,
450.55,7.161e+6,7.161e+6,
450.6,7.154e+6,7.154e+6,
450.65,7.245e+6,7.245e+6,
450.7,7.415e+6,7.415e+6,
450.75,7.645e+6,7.645e+6,
450.8,7.917e+6,7.917e+6,
450.85,8.216e+6,8.216e+6,
450.9,8.523e+6,8.523e+6,
450.95,8.819e+6,8.819e+6,
451,9.084e+6,9.084e+6,
451.05,9.294e+6,9.294e+6,
451.1,9.427e+6,9.427e+6,
451.15,9.461e+6,9.461e+6,
451.2,9.378e+6,9.378e+6,
451.25,9.167e+6,9.167e+6,
451.3,8.826e+6,8.826e+6,
451.35,8.360e+6,8.360e+6,
451.4,7.785e+6,7.785e+6,
451.45,7.126e+6,7.126e+6,
451.5,6.411e+6,6.411e+6,
451.55,5.676e+6,5.676e+6,
451.6,4.955e+6,4.955e+6,
451.65,4.284e+6,4.284e+6,
451.7,3.698e+6,3.698e+6,
451.75,3.229e+6,3.229e+6,
451.8,2.908e+6,2.908e+6,
451.85,2.764e+6,2.764e+6,
451.9,2.824e+6,2.824e+6,
451.95,3.114e+6,3.114e+6,
452,3.658e+6,3.658e+6,
452.05,4.477e+6,4.477e+6,
452.1,5.582e+6,5.582e+6,
452.15,6.979e+6,6.979e+6,
452.2,8.659e+6,8.659e+6,
452.25,1.060e+7,1.060e+7,
452.3,1.276e+7,1.276e+7,
452.35,1.508e+7,1.508e+7,
452.4,1.749e+7,1.749e+7,
452.45,1.991e+7,1.991e+7,
452.5,2.225e+7,2.225e+7,
452.55,2.444e+7,2.444e+7,
452.6,2.640e+7,2.640e+7,
452.65,2.807e+7,2.807e+7,
452.7,2.941e+7,2.941e+7,
452.75,3.040e+7,3.040e+7,
452.8,3.104e+7,3.104e+7,
452.85,3.134e+7,3.134e+7,
452.9,3.133e+7,3.133e+7,
452.95,3.106e+7,3.106e+7,
453,3.058e+7,3.058e+7,
453.05,2.993e+7,2.993e+7,
453.1,2.918e+7,2.918e+7,9.861e-9
453.15,2.838e+7,2.838e+7,3.677e-8
453.2,2.759e+7,2.759e+7,1.339e-7
453.25,2.684e+7,2.684e+7,4.757e-7
453.3,2.618e+7,2.618e+7,1.650e-6
453.35,2.566e+7,2.566e+7,5.589e-6
453.4,2.529e+7,2.529e+7,1.848e-5
453.45,2.509e+7,2.509e+7,5.964e-5
453.5,2.509e+7,2.509e+7,1.879e-4
453.55,2.528e+7,2.528e+7,5.780e-4
453.6,2.565e+7,2.565e+7,1.736e-3
453.65,2.618e+7,2.618e+7,5.088e-3
453.7,2.685e+7,2.685e+7,1.456e-2
453.75,2.761e+7,2.761e+7,4.067e-2
453.8,2.839e+7,2.839e+7,1.109e-1
453.85,2.914e+7,2.914e+7,2.954e-1
453.9,2.977e+7,2.977e+7,7.677e-1
453.95,3.022e+7,3.022e+7,1.948e+0
454,3.040e+7,3.040e+7,4.825e+0
454.05,3.027e+7,3.027e+7,1.167e+1
454.1,2.978e+7,2.978e+7,2.754e+1
454.15,2.892e+7,2.892e+7,6.347e+1
454.2,2.771e+7,2.771e+7,1.428e+2
454.25,2.618e+7,2.618e+7,3.136e+2
454.3,2.438e+7,2.437e+7,6.725e+2
454.35,2.237e+7,2.237e+7,1.408e+3
454.4,2.024e+7,2.024e+7,2.876e+3
454.45,1.806e+7,1.805e+7,5.737e+3
454.5,1.589e+7,1.588e+7,1.117e+4
454.55,1.380e+7,1.378e+7,2.124e+4
454.6,1.184e+7,1.180e+7,3.942e+4
454.65,1.005e+7,9.979e+6,7.141e+4
454.7,8.468e+6,8.342e+6,1.263e+5
454.75,7.122e+6,6.904e+6,2.181e+5
454.8,6.042e+6,5.674e+6,3.676e+5
454.85,5.257e+6,4.652e+6,6.049e+5
454.9,4.805e+6,3.833e+6,9.716e+5
454.95,4.730e+6,3.207e+6,1.524e+6
455,5.091e+6,2.758e+6,2.333e+6
455.05,5.955e+6,2.469e+6,3.486e+6
455.1,7.405e+6,2.319e+6,5.086e+6
455.15,9.529e+6,2.285e+6,7.245e+6
455.2,1.242e+7,2.342e+6,1.007e+7
455.25,1.614e+7,2.467e+6,1.367e+7
455.3,2.075e+7,2.634e+6,1.812e+7
455.35,2.626e+7,2.821e+6,2.344e+7
455.4,3.261e+7,3.008e+6,2.960e+7
455.45,3.967e+7,3.180e+6,3.649e+7
455.5,4.725e+7,3.326e+6,4.392e+7
455.55,5.504e+7,3.441e+6,5.160e+7
455.6,6.272e+7,3.529e+6,5.919e+7
455.65,6.987e+7,3.596e+6,6.627e+7
455.7,7.610e+7,3.658e+6,7.244e+7
455.75,8.104e+7,3.732e+6,7.731e+7
455.8,8.437e+7,3.837e+6,8.053e+7
455.85,8.590e+7,3.993e+6,8.190e+7
455.9,8.553e+7,4.215e+6,8.131e+7
455.95,8.332e+7,4.512e+6,7.881e+7
456,7.945e+7,4.886e+6,7.457e+7
456.05,7.420e+7,5.327e+6,6.887e+7
456.1,6.792e+7,5.820e+6,6.211e+7
456.15,6.101e+7,6.340e+6,5.467e+7
456.2,5.384e+7,6.860e+6,4.698e+7
456.25,4.676e+7,7.349e+6,3.941e+7
456.3,4.006e+7,7.779e+6,3.228e+7
456.35,3.394e+7,8.131e+6,2.581e+7
456.4,2.853e+7,8.391e+6,2.014e+7
456.45,2.391e+7,8.558e+6,1.535e+7
456.5,2.006e+7,8.640e+6,1.142e+7
456.55,1.694e+7,8.652e+6,8.290e+6
456.6,1.449e+7,8.616e+6,5.876e+6
456.65,1.262e+7,8.554e+6,4.067e+6
456.7,1.123e+7,8.485e+6,2.747e+6
456.75,1.024e+7,8.424e+6,1.812e+6
456.8,9.543e+6,8.376e+6,1.167e+6
456.85,9.072e+6,8.339e+6,7.332e+5
456.9,8.749e+6,8.299e+6,4.499e+5
456.95,8.511e+6,8.242e+6,2.695e+5
457,8.303e+6,8.145e+6,1.576e+5
457.05,8.082e+6,7.992e+6,9.000e+4
457.1,7.815e+6,7.765e+6,5.020e+4
457.15,7.485e+6,7.458e+6,2.743e+4
457.2,7.084e+6,7.069e+6,1.481e+4
457.25,6.615e+6,6.607e+6,8.205e+3
457.3,6.092e+6,6.087e+6,5.247e+3
457.35,5.533e+6,5.528e+6,4.818e+3
457.4,4.960e+6,4.953e+6,6.746e+3
457.45,4.397e+6,4.386e+6,1.175e+4
457.5,3.866e+6,3.845e+6,2.166e+4
457.55,3.386e+6,3.346e+6,3.979e+4
457.6,2.971e+6,2.899e+6,7.176e+4
457.65,2.636e+6,2.510e+6,1.265e+5
457.7,2.394e+6,2.176e+6,2.180e+5
457.75,2.260e+6,1.893e+6,3.667e+5
457.8,2.257e+6,1.654e+6,6.024e+5
457.85,2.417e+6,1.451e+6,9.663e+5
457.9,2.789e+6,1.275e+6,1.514e+6
457.95,3.435e+6,1.119e+6,2.316e+6
458,4.438e+6,9.781e+5,3.460e+6
458.05,5.896e+6,8.484e+5,5.047e+6
458.1,7.919e+6,7.285e+5,7.190e+6
458.15,1.062e+7,6.183e+5,1.000e+7
458.2,1.411e+7,5.188e+5,1.359e+7
458.25,1.846e+7,4.318e+5,1.803e+7
458.3,2.371e+7,3.594e+5,2.335e+7
458.35,2.985e+7,3.040e+5,2.955e+7
458.4,3.677e+7,2.682e+5,3.650e+7
458.45,4.429e+7,2.551e+5,4.403e+7
458.5,5.214e+7,2.683e+5,5.187e+7
458.55,5.999e+7,3.125e+5,5.968e+7
458.6,6.744e+7,3.933e+5,6.704e+7
458.65,7.407e+7,5.177e+5,7.355e+7
458.7,7.949e+7,6.937e+5,7.879e+7
458.75,8.336e+7,9.305e+5,8.243e+7
458.8,8.545e+7,1.238e+6,8.421e+7
458.85,8.564e+7,1.625e+6,8.401e+7
458.9,8.395e+7,2.099e+6,8.185e+7
458.95,8.053e+7,2.667e+6,7.786e+7
459,7.567e+7,3.330e+6,7.234e+7
459.05,6.971e+7,4.085e+6,6.563e+7
459.1,6.306e+7,4.921e+6,5.814e+7
459.15,5.612e+7,5.824e+6,5.030e+7
459.2,4.926e+7,6.770e+6,4.249e+7
459.25,4.279e+7,7.731e+6,3.506e+7
459.3,3.692e+7,8.674e+6,2.824e+7
459.35,3.178e+7,9.565e+6,2.222e+7
459.4,2.744e+7,1.037e+7,1.707e+7
459.45,2.387e+7,1.106e+7,1.281e+7
459.5,2.100e+7,1.162e+7,9.381e+6
459.55,1.873e+7,1.202e+7,6.712e+6
459.6,1.696e+7,1.227e+7,4.689e+6
459.65,1.557e+7,1.237e+7,3.199e+6
459.7,1.447e+7,1.234e+7,2.131e+6
459.75,1.357e+7,1.218e+7,1.386e+6
459.8,1.280e+7,1.192e+7,8.808e+5
459.85,1.212e+7,1.158e+7,5.465e+5
459.9,1.149e+7,1.116e+7,3.311e+5
459.95,1.088e+7,1.069e+7,1.959e+5
460,1.028e+7,1.017e+7,1.132e+5
460.05,9.663e+6,9.599e+6,6.384e+4
460.1,9.031e+6,8.995e+6,3.517e+4
460.15,8.380e+6,8.361e+6,1.892e+4
460.2,7.713e+6,7.703e+6,9.941e+3
460.25,7.039e+6,7.034e+6,5.100e+3
460.3,6.369e+6,6.366e+6,2.555e+3
460.35,5.714e+6,5.713e+6,1.250e+3
460.4,5.088e+6,5.087e+6,5.972e+2
460.45,4.503e+6,4.502e+6,2.786e+2
460.5,3.968e+6,3.968e+6,1.269e+2
460.55,3.492e+6,3.492e+6,5.647e+1
460.6,3.079e+6,3.079e+6,2.453e+1
460.65,2.733e+6,2.733e+6,1.041e+1
460.7,2.457e+6,2.457e+6,4.312e+0
460.75,2.255e+6,2.255e+6,1.745e+0
460.8,2.133e+6,2.133e+6,6.893e-1
460.85,2.097e+6,2.097e+6,2.659e-1
460.9,2.155e+6,2.155e+6,1.002e-1
460.95,2.318e+6,2.318e+6,3.686e-2
461,2.594e+6,2.594e+6,1.324e-2
461.05,2.991e+6,2.991e+6,4.646e-3
461.1,3.510e+6,3.510e+6,1.592e-3
461.15,4.150e+6,4.150e+6,5.326e-4
461.2,4.901e+6,4.901e+6,1.740e-4
461.25,5.748e+6,5.748e+6,5.551e-5
461.3,6.668e+6,6.668e+6,1.729e-5
461.35,7.632e+6,7.632e+6,5.262e-6
461.4,8.611e+6,8.611e+6,1.563e-6
461.45,9.572e+6,9.572e+6,4.535e-7
461.5,1.049e+7,1.049e+7,1.285e-7
461.55,1.133e+7,1.133e+7,3.555e-8
461.6,1.208e+7,1.208e+7,9.605e-9
461.65,1.274e+7,1.274e+7,
461.7,1.329e+7,1.329e+7,
461.75,1.375e+7,1.375e+7,
461.8,1.411e+7,1.411e+7,
461.85,1.440e+7,1.440e+7,
461.9,1.461e+7,1.461e+7,
461.95,1.476e+7,1.476e+7,
462,1.483e+7,1.483e+7,
462.05,1.483e+7,1.483e+7,
462.1,1.475e+7,1.475e+7,
462.15,1.457e+7,1.457e+7,
462.2,1.428e+7,1.428e+7,
462.25,1.388e+7,1.388e+7,
462.3,1.337e+7,1.337e+7,
462.35,1.274e+7,1.274e+7,
462.4,1.201e+7,1.201e+7,
462.45,1.119e+7,1.119e+7,
462.5,1.029e+7,1.029e+7,
462.55,9.352e+6,9.352e+6,
462.6,8.385e+6,8.385e+6,
462.65,7.418e+6,7.418e+6,
462.7,6.472e+6,6.472e+6,
462.75,5.567e+6,5.567e+6,
462.8,4.721e+6,4.721e+6,
462.85,3.947e+6,3.947e+6,
462.9,3.254e+6,3.254e+6,
462.95,2.648e+6,2.648e+6,
463,2.135e+6,2.135e+6,
463.05,1.713e+6,1.713e+6,
463.1,1.384e+6,1.384e+6,
463.15,1.144e+6,1.144e+6,
463.2,9.931e+5,9.931e+5,
463.25,9.276e+5,9.276e+5,
463.3,9.463e+5,9.463e+5,
463.35,1.047e+6,1.047e+6,
463.4,1.230e+6,1.230e+6,
463.45,1.491e+6,1.491e+6,
463.5,1.830e+6,1.830e+6,
463.55,2.243e+6,2.243e+6,
463.6,2.726e+6,2.726e+6,
463.65,3.275e+6,3.275e+6,
463.7,3.887e+6,3.887e+6,
463.75,4.561e+6,4.561e+6,
463.8,5.296e+6,5.296e+6,
463.85,6.099e+6,6.099e+6,
463.9,6.979e+6,6.979e+6,
463.95,7.952e+6,7.952e+6,
464,9.034e+6,9.034e+6,
464.05,1.024e+7,1.024e+7,
464.1,1.159e+7,1.159e+7,
464.15,1.308e+7,1.308e+7,
464.2,1.471e+7,1.471e+7,
464.25,1.645e+7,1.645e+7,
464.3,1.824e+7,1.824e+7,
464.35,2.004e+7,2.004e+7,
464.4,2.177e+7,2.177e+7,
464.45,2.333e+7,2.333e+7,
464.5,2.466e+7,2.466e+7,
464.55,2.569e+7,2.569e+7,
464.6,2.636e+7,2.636e+7,
464.65,2.664e+7,2.664e+7,
464.7,2.656e+7,2.656e+7,
464.75,2.612e+7,2.612e+7,
464.8,2.539e+7,2.539e+7,
464.85,2.444e+7,2.444e+7,
464.9,2.332e+7,2.332e+7,
464.95,2.211e+7,2.211e+7,
465,2.087e+7,2.087e+7,
465.05,1.962e+7,1.962e+7,
465.1,1.839e+7,1.839e+7,
465.15,1.719e+7,1.719e+7,
465.2,1.600e+7,1.600e+7,
465.25,1.484e+7,1.484e+7,
465.3,1.367e+7,1.367e+7,
465.35,1.250e+7,1.250e+7,
465.4,1.133e+7,1.133e+7,
465.45,1.018e+7,1.018e+7,
465.5,9.050e+6,9.050e+6,
465.55,7.973e+6,7.973e+6,
465.6,6.971e+6,6.971e+6,
465.65,6.068e+6,6.068e+6,
465.7,5.284e+6,5.284e+6,
465.75,4.634e+6,4.634e+6,
465.8,4.126e+6,4.126e+6,
465.85,3.765e+6,3.765e+6,
465.9,3.548e+6,3.548e+6,
465.95,3.465e+6,3.465e+6,
466,3.506e+6,3.506e+6,
466.05,3.653e+6,3.653e+6,
466.1,3.890e+6,3.890e+6,
466.15,4.197e+6,4.197e+6,
466.2,4.552e+6,4.552e+6,
466.25,4.936e+6,4.936e+6,
466.3,5.329e+6,5.329e+6,
466.35,5.715e+6,5.715e+6,
466.4,6.078e+6,6.078e+6,
466.45,6.404e+6,6.404e+6,
466.5,6.683e+6,6.683e+6,
466.55,6.905e+6,6.905e+6,
466.6,7.064e+6,7.064e+6,
466.65,7.154e+6,7.154e+6,
466.7,7.169e+6,7.169e+6,
466.75,7.106e+6,7.106e+6,
466.8,6.964e+6,6.964e+6,
466.85,6.742e+6,6.742e+6,
466.9,6.444e+6,6.444e+6,
466.95,6.075e+6,6.075e+6,
467,5.645e+6,5.645e+6,
467.05,5.168e+6,5.168e+6,
467.1,4.658e+6,4.658e+6,
467.15,4.133e+6,4.133e+6,
467.2,3.613e+6,3.613e+6,
467.25,3.116e+6,3.116e+6,
467.3,2.657e+6,2.657e+6,
467.35,2.253e+6,2.253e+6,
467.4,1.913e+6,1.913e+6,
467.45,1.646e+6,1.646e+6,
467.5,1.454e+6,1.454e+6,
467.55,1.338e+6,1.338e+6,
467.6,1.292e+6,1.292e+6,
467.65,1.309e+6,1.309e+6,
467.7,1.380e+6,1.380e+6,
467.75,1.492e+6,1.492e+6,
467.8,1.633e+6,1.633e+6,
467.85,1.788e+6,1.788e+6,
467.9,1.943e+6,1.943e+6,
467.95,2.089e+6,2.089e+6,
468,2.215e+6,2.215e+6,
468.05,2.317e+6,2.317e+6,
468.1,2.393e+6,2.393e+6,
468.15,2.448e+6,2.448e+6,
468.2,2.488e+6,2.488e+6,
468.25,2.527e+6,2.527e+6,
468.3,2.578e+6,2.578e+6,
468.35,2.656e+6,2.656e+6,
468.4,2.773e+6,2.773e+6,
468.45,2.941e+6,2.941e+6,
468.5,3.165e+6,3.165e+6,
468.55,3.445e+6,3.445e+6,
468.6,3.775e+6,3.775e+6,
468.65,4.142e+6,4.142e+6,
468.7,4.530e+6,4.530e+6,
468.75,4.919e+6,4.919e+6,
468.8,5.288e+6,5.288e+6,
468.85,5.618e+6,5.618e+6,
468.9,5.894e+6,5.894e+6,
468.95,6.109e+6,6.109e+6,
469,6.260e+6,6.260e+6,
469.05,6.354e+6,6.354e+6,
469.1,6.404e+6,6.404e+6,
469.15,6.429e+6,6.429e+6,
469.2,6.452e+6,6.452e+6,
469.25,6.493e+6,6.493e+6,
469.3,6.576e+6,6.576e+6,
469.35,6.714e+6,6.714e+6,
469.4,6.918e+6,6.918e+6,
469.45,7.187e+6,7.187e+6,
469.5,7.514e+6,7.514e+6,
469.55,7.882e+6,7.882e+6,
469.6,8.265e+6,8.265e+6,
469.65,8.636e+6,8.636e+6,
469.7,8.963e+6,8.963e+6,
469.75,9.218e+6,9.218e+6,
469.8,9.379e+6,9.379e+6,
469.85,9.435e+6,9.435e+6,
469.9,9.386e+6,9.386e+6,
469.95,9.245e+6,9.245e+6,
470,9.042e+6,9.042e+6,
470.05,8.816e+6,8.816e+6,
470.1,8.617e+6,8.617e+6,
470.15,8.495e+6,8.495e+6,
470.2,8.501e+6,8.501e+6,
470.25,8.677e+6,8.677e+6,
470.3,9.051e+6,9.051e+6,
470.35,9.631e+6,9.631e+6,
470.4,1.041e+7,1.041e+7,
470.45,1.134e+7,1.134e+7,
470.5,1.239e+7,1.239e+7,
470.55,1.347e+7,1.347e+7,
470.6,1.451e+7,1.451e+7,
470.65,1.542e+7,1.542e+7,
470.7,1.612e+7,1.612e+7,
470.75,1.657e+7,1.657e+7,
470.8,1.671e+7,1.671e+7,
470.85,1.653e+7,1.653e+7,
470.9,1.605e+7,1.605e+7,
470.95,1.531e+7,1.531e+7,
471,1.437e+7,1.437e+7,
471.05,1.333e+7,1.333e+7,
471.1,1.226e+7,1.226e+7,
471.15,1.127e+7,1.127e+7,
471.2,1.043e+7,1.043e+7,
471.25,9.830e+6,9.830e+6,
471.3,9.507e+6,9.507e+6,
471.35,9.491e+6,9.491e+6,
471.4,9.784e+6,9.784e+6,
471.45,1.036e+7,1.036e+7,
471.5,1.118e+7,1.118e+7,
471.55,1.216e+7,1.216e+7,
471.6,1.324e+7,1.324e+7,
471.65,1.433e+7,1.433e+7,
471.7,1.536e+7,1.536e+7,
471.75,1.623e+7,1.623e+7,
471.8,1.691e+7,1.691e+7,
471.85,1.735e+7,1.735e+7,
471.9,1.754e+7,1.754e+7,
471.95,1.749e+7,1.749e+7,
472,1.721e+7,1.721e+7,
472.05,1.677e+7,1.677e+7,
472.1,1.620e+7,1.620e+7,
472.15,1.556e+7,1.556e+7,
472.2,1.492e+7,1.492e+7,
472.25,1.431e+7,1.431e+7,
472.3,1.378e+7,1.378e+7,
472.35,1.336e+7,1.336e+7,
472.4,1.307e+7,1.307e+7,
472.45,1.291e+7,1.291e+7,
472.5,1.289e+7,1.289e+7,
472.55,1.299e+7,1.299e+7,
472.6,1.320e+7,1.320e+7,
472.65,1.348e+7,1.348e+7,
472.7,1.383e+7,1.383e+7,
472.75,1.420e+7,1.420e+7,
472.8,1.455e+7,1.455e+7,
472.85,1.487e+7,1.487e+7,
472.9,1.512e+7,1.512e+7,
472.95,1.527e+7,1.527e+7,
473,1.533e+7,1.533e+7,
473.05,1.528e+7,1.528e+7,
473.1,1.514e+7,1.514e+7,
473.15,1.493e+7,1.493e+7,
473.2,1.468e+7,1.468e+7,
473.25,1.442e+7,1.442e+7,
473.3,1.418e+7,1.418e+7,
473.35,1.399e+7,1.399e+7,
473.4,1.386e+7,1.386e+7,
473.45,1.378e+7,1.378e+7,
473.5,1.376e+7,1.376e+7,
473.55,1.375e+7,1.375e+7,
473.6,1.373e+7,1.373e+7,
473.65,1.367e+7,1.367e+7,
473.7,1.352e+7,1.352e+7,
473.75,1.327e+7,1.327e+7,
473.8,1.288e+7,1.288e+7,
473.85,1.235e+7,1.235e+7,
473.9,1.169e+7,1.169e+7,
473.95,1.092e+7,1.092e+7,
474,1.006e+7,1.006e+7,
474.05,9.146e+6,9.146e+6,
474.1,8.209e+6,8.209e+6,
474.15,7.286e+6,7.286e+6,
474.2,6.410e+6,6.410e+6,
474.25,5.610e+6,5.610e+6,
474.3,4.911e+6,4.911e+6,
474.35,4.335e+6,4.335e+6,
474.4,3.903e+6,3.903e+6,
474.45,3.630e+6,3.630e+6,
474.5,3.534e+6,3.534e+6,
474.55,3.629e+6,3.629e+6,
474.6,3.928e+6,3.928e+6,
474.65,4.441e+6,4.441e+6,
474.7,5.175e+6,5.175e+6,
474.75,6.129e+6,6.129e+6,
474.8,7.296e+6,7.296e+6,
474.85,8.661e+6,8.661e+6,
474.9,1.020e+7,1.020e+7,
474.95,1.188e+7,1.188e+7,
475,1.366e+7,1.366e+7,
475.05,1.549e+7,1.549e+7,
475.1,1.733e+7,1.733e+7,
475.15,1.911e+7,1.911e+7,
475.2,2.078e+7,2.078e+7,
475.25,2.229e+7,2.229e+7,
475.3,2.359e+7,2.359e+7,
475.35,2.463e+7,2.463e+7,
475.4,2.537e+7,2.537e+7,
475.45,2.578e+7,2.578e+7,
475.5,2.584e+7,2.584e+7,
475.55,2.554e+7,2.554e+7,
475.6,2.490e+7,2.490e+7,
475.65,2.394e+7,2.394e+7,
475.7,2.270e+7,2.270e+7,
475.75,2.123e+7,2.123e+7,
475.8,1.959e+7,1.959e+7,
475.85,1.788e+7,1.788e+7,
475.9,1.615e+7,1.615e+7,
475.95,1.448e+7,1.448e+7,
476,1.293e+7,1.293e+7,
476.05,1.154e+7,1.154e+7,
476.1,1.036e+7,1.036e+7,
476.15,9.381e+6,9.381e+6,
476.2,8.610e+6,8.610e+6,
476.25,8.027e+6,8.027e+6,
476.3,7.599e+6,7.599e+6,
476.35,7.292e+6,7.292e+6,
476.4,7.065e+6,7.065e+6,
476.45,6.881e+6,6.881e+6,
476.5,6.707e+6,6.707e+6,
476.55,6.516e+6,6.516e+6,
476.6,6.289e+6,6.289e+6,
476.65,6.016e+6,6.016e+6,
476.7,5.691e+6,5.691e+6,
476.75,5.319e+6,5.319e+6,
476.8,4.905e+6,4.905e+6,
476.85,4.460e+6,4.460e+6,
476.9,3.997e+6,3.997e+6,
476.95,3.528e+6,3.528e+6,
477,3.066e+6,3.066e+6,
477.05,2.623e+6,2.623e+6,
477.1,2.207e+6,2.207e+6,
477.15,1.826e+6,1.826e+6,
477.2,1.485e+6,1.485e+6,
477.25,1.187e+6,1.187e+6,
477.3,9.315e+5,9.315e+5,
477.35,7.179e+5,7.179e+5,
477.4,5.431e+5,5.431e+5,
477.45,4.033e+5,4.033e+5,
477.5,2.943e+5,2.943e+5,
477.55,2.114e+5,2.114e+5,
477.6,1.506e+5,1.506e+5,
477.65,1.081e+5,1.081e+5,
477.7,8.101e+4,8.101e+4,
477.75,6.759e+4,6.759e+4,
477.8,6.728e+4,6.728e+4,
477.85,8.095e+4,8.095e+4,
477.9,1.112e+5,1.112e+5,
477.95,1.623e+5,1.623e+5,
478,2.408e+5,2.408e+5,
478.05,3.551e+5,3.551e+5,
478.1,5.159e+5,5.159e+5,
478.15,7.356e+5,7.356e+5,
478.2,1.028e+6,1.028e+6,
478.25,1.408e+6,1.408e+6,
478.3,1.888e+6,1.888e+6,
478.35,2.481e+6,2.481e+6,
478.4,3.193e+6,3.193e+6,
478.45,4.028e+6,4.028e+6,
478.5,4.981e+6,4.981e+6,
478.56,6.259e+6,6.259e+6,
478.61,7.409e+6,7.409e+6,
478.66,8.605e+6,8.605e+6,
478.71,9.805e+6,9.805e+6,
478.76,1.097e+7,1.097e+7,
478.81,1.205e+7,1.205e+7,
478.86,1.300e+7,1.300e+7,
478.91,1.379e+7,1.379e+7,
478.96,1.439e+7,1.439e+7,
479.01,1.478e+7,1.478e+7,
479.06,1.495e+7,1.495e+7,
479.11,1.491e+7,1.491e+7,
479.16,1.469e+7,1.469e+7,
479.21,1.430e+7,1.430e+7,
479.26,1.378e+7,1.378e+7,
479.31,1.319e+7,1.319e+7,
479.36,1.256e+7,1.256e+7,
479.41,1.194e+7,1.194e+7,
479.46,1.137e+7,1.137e+7,
479.51,1.088e+7,1.088e+7,
479.56,1.050e+7,1.050e+7,
479.61,1.025e+7,1.025e+7,
479.66,1.012e+7,1.012e+7,
479.71,1.012e+7,1.012e+7,
479.76,1.021e+7,1.021e+7,
479.81,1.038e+7,1.038e+7,
479.86,1.057e+7,1.057e+7,
479.91,1.076e+7,1.076e+7,
479.96,1.089e+7,1.089e+7,
480.01,1.093e+7,1.093e+7,
480.06,1.085e+7,1.085e+7,
480.11,1.062e+7,1.062e+7,
480.16,1.024e+7,1.024e+7,
480.21,9.704e+6,9.704e+6,
480.26,9.032e+6,9.032e+6,
480.31,8.251e+6,8.251e+6,
480.36,7.392e+6,7.392e+6,
480.41,6.492e+6,6.492e+6,
480.46,5.588e+6,5.588e+6,
480.51,4.714e+6,4.714e+6,
480.56,3.899e+6,3.899e+6,
480.61,3.163e+6,3.163e+6,
480.66,2.520e+6,2.520e+6,
480.71,1.980e+6,1.980e+6,
480.76,1.541e+6,1.541e+6,
480.81,1.201e+6,1.201e+6,
480.86,9.537e+5,9.537e+5,
480.91,7.902e+5,7.902e+5,
480.96,7.018e+5,7.018e+5,
481.01,6.799e+5,6.799e+5,
481.06,7.161e+5,7.161e+5,
481.11,8.029e+5,8.029e+5,
481.16,9.334e+5,9.334e+5,
481.21,1.101e+6,1.101e+6,
481.26,1.298e+6,1.298e+6,
481.31,1.517e+6,1.517e+6,
481.36,1.750e+6,1.750e+6,
481.41,1.989e+6,1.989e+6,
481.46,2.225e+6,2.225e+6,
481.51,2.449e+6,2.449e+6,
481.56,2.652e+6,2.652e+6,
481.61,2.826e+6,2.826e+6,
481.66,2.967e+6,2.967e+6,
481.71,3.069e+6,3.069e+6,
481.76,3.131e+6,3.131e+6,
481.81,3.151e+6,3.151e+6,
481.86,3.132e+6,3.132e+6,
481.91,3.077e+6,3.077e+6,
481.96,2.991e+6,2.991e+6,
482.01,2.879e+6,2.879e+6,
482.06,2.745e+6,2.745e+6,
482.11,2.597e+6,2.597e+6,
482.16,2.438e+6,2.438e+6,
482.21,2.273e+6,2.273e+6,
482.26,2.105e+6,2.105e+6,
482.31,1.936e+6,1.936e+6,
482.36,1.768e+6,1.768e+6,
482.41,1.602e+6,1.602e+6,
482.46,1.439e+6,1.439e+6,
482.51,1.281e+6,1.281e+6,
482.56,1.129e+6,1.129e+6,
482.61,9.828e+5,9.828e+5,
482.66,8.452e+5,8.452e+5,
482.71,7.174e+5,7.174e+5,
482.76,6.007e+5,6.007e+5,
482.81,4.965e+5,4.965e+5,
482.86,4.057e+5,4.057e+5,
482.91,3.290e+5,3.290e+5,
482.96,2.667e+5,2.667e+5,
483.01,2.189e+5,2.189e+5,
483.06,1.852e+5,1.852e+5,
483.11,1.652e+5,1.652e+5,
483.16,1.582e+5,1.582e+5,
483.21,1.634e+5,1.634e+5,
483.26,1.798e+5,1.798e+5,
483.31,2.065e+5,2.065e+5,
483.36,2.420e+5,2.420e+5,
483.41,2.847e+5,2.847e+5,
483.46,3.326e+5,3.326e+5,
483.51,3.833e+5,3.833e+5,
483.56,4.344e+5,4.344e+5,
483.61,4.831e+5,4.831e+5,
483.66,5.265e+5,5.265e+5,
483.71,5.621e+5,5.621e+5,
483.76,5.877e+5,5.877e+5,
483.81,6.015e+5,6.015e+5,
483.86,6.027e+5,6.027e+5,
483.91,5.912e+5,5.912e+5,
483.96,5.677e+5,5.677e+5,
484.01,5.336e+5,5.336e+5,
484.06,4.909e+5,4.909e+5,
484.11,4.421e+5,4.421e+5,
484.16,3.898e+5,3.898e+5,
484.21,3.364e+5,3.364e+5,
484.26,2.841e+5,2.841e+5,
484.31,2.350e+5,2.350e+5,
484.36,1.902e+5,1.902e+5,
484.41,1.507e+5,1.507e+5,
484.46,1.169e+5,1.169e+5,
484.51,8.872e+4,8.872e+4,
484.56,6.593e+4,6.593e+4,
484.61,4.796e+4,4.796e+4,
484.66,3.415e+4,3.415e+4,
484.71,2.380e+4,2.380e+4,
484.76,1.624e+4,1.624e+4,
484.81,1.085e+4,1.085e+4,
484.86,7.091e+3,7.091e+3,
484.91,4.538e+3,4.538e+3,
484.96,2.843e+3,2.843e+3,
485.01,1.743e+3,1.743e+3,
485.06,1.047e+3,1.047e+3,
485.11,6.158e+2,6.158e+2,
485.16,3.562e+2,3.562e+2,
485.21,2.049e+2,2.049e+2,
485.26,1.225e+2,1.225e+2,
485.31,8.649e+1,8.649e+1,
485.36,8.827e+1,8.827e+1,
485.41,1.327e+2,1.327e+2,
485.46,2.413e+2,2.413e+2,
485.51,4.606e+2,4.606e+2,
485.56,8.776e+2,8.776e+2,
485.61,1.645e+3,1.645e+3,
485.66,3.024e+3,3.024e+3,
485.71,5.444e+3,5.444e+3,
485.76,9.596e+3,9.596e+3,
485.81,1.656e+4,1.656e+4,
485.86,2.799e+4,2.799e+4,
485.91,4.632e+4,4.632e+4,
485.96,7.506e+4,7.506e+4,
486.01,1.191e+5,1.191e+5,
486.06,1.850e+5,1.850e+5,
486.11,2.814e+5,2.814e+5,
486.16,4.191e+5,4.191e+5,
486.21,6.111e+5,6.111e+5,
486.26,8.725e+5,8.725e+5,
486.31,1.220e+6,1.220e+6,
486.36,1.670e+6,1.670e+6,
486.41,2.238e+6,2.238e+6,
486.46,2.938e+6,2.938e+6,
486.51,3.775e+6,3.775e+6,
486.56,4.750e+6,4.750e+6,
486.61,5.852e+6,5.852e+6,
486.66,7.059e+6,7.059e+6,
486.71,8.338e+6,8.338e+6,
486.76,9.643e+6,9.643e+6,
486.81,1.092e+7,1.092e+7,
486.86,1.211e+7,1.211e+7,
486.91,1.314e+7,1.314e+7,
486.96,1.397e+7,1.397e+7,
487.01,1.454e+7,1.454e+7,
487.06,1.482e+7,1.482e+7,
487.11,1.479e+7,1.479e+7,
487.16,1.445e+7,1.445e+7,
487.21,1.383e+7,1.383e+7,
487.26,1.296e+7,1.296e+7,
487.31,1.189e+7,1.189e+7,
487.36,1.068e+7,1.068e+7,
487.41,9.398e+6,9.398e+6,
487.46,8.105e+6,8.105e+6,
487.51,6.855e+6,6.855e+6,
487.56,5.694e+6,5.694e+6,
487.61,4.658e+6,4.658e+6,
487.66,3.774e+6,3.774e+6,
487.71,3.059e+6,3.059e+6,
487.76,2.522e+6,2.522e+6,
487.81,2.169e+6,2.169e+6,
487.86,2.002e+6,2.002e+6,
487.91,2.023e+6,2.023e+6,
487.96,2.233e+6,2.233e+6,
488.01,2.634e+6,2.634e+6,
488.06,3.227e+6,3.227e+6,
488.11,4.009e+6,4.009e+6,
488.16,4.973e+6,4.973e+6,
488.21,6.103e+6,6.103e+6,
488.26,7.373e+6,7.373e+6,
488.31,8.748e+6,8.748e+6,
488.36,1.018e+7,1.018e+7,
488.41,1.160e+7,1.160e+7,
488.46,1.296e+7,1.296e+7,
488.51,1.418e+7,1.418e+7,
488.56,1.519e+7,1.519e+7,
488.61,1.594e+7,1.594e+7,
488.66,1.638e+7,1.638e+7,
488.71,1.648e+7,1.648e+7,
488.76,1.624e+7,1.624e+7,
488.81,1.568e+7,1.568e+7,
488.86,1.481e+7,1.481e+7,
488.91,1.371e+7,1.371e+7,
488.96,1.243e+7,1.243e+7,
489.01,1.103e+7,1.103e+7,
489.06,9.585e+6,9.585e+6,
489.11,8.158e+6,8.158e+6,
489.16,6.799e+6,6.799e+6,
489.21,5.550e+6,5.550e+6,
489.26,4.436e+6,4.436e+6,
489.31,3.472e+6,3.472e+6,
489.36,2.662e+6,2.662e+6,
489.41,1.998e+6,1.998e+6,
489.46,1.469e+6,1.469e+6,
489.51,1.057e+6,1.057e+6,
489.56,7.453e+5,7.453e+5,
489.61,5.145e+5,5.145e+5,
489.66,3.478e+5,3.478e+5,
489.71,2.303e+5,2.303e+5,
489.76,1.493e+5,1.493e+5,
489.81,9.479e+4,9.479e+4,
489.86,5.893e+4,5.893e+4,
489.91,3.588e+4,3.588e+4,
489.96,2.139e+4,2.139e+4,
490.01,1.249e+4,1.249e+4,
490.06,7.143e+3,7.143e+3,
490.11,4.000e+3,4.000e+3,
490.16,2.194e+3,2.194e+3,
490.21,1.179e+3,1.179e+3,
490.26,6.220e+2,6.220e+2,
490.31,3.248e+2,3.248e+2,
490.36,1.738e+2,1.738e+2,
490.41,1.072e+2,1.072e+2,
490.46,9.663e+1,9.663e+1,
490.51,1.378e+2,1.378e+2,
490.56,2.493e+2,2.493e+2,
490.61,4.787e+2,4.787e+2,
490.66,9.189e+2,9.189e+2,
490.71,1.736e+3,1.736e+3,
490.76,3.217e+3,3.217e+3,
490.81,5.840e+3,5.840e+3,
490.86,1.039e+4,1.039e+4,
490.91,1.809e+4,1.809e+4,
490.96,3.088e+4,3.088e+4,
491.01,5.162e+4,5.162e+4,
491.06,8.453e+4,8.453e+4,
491.11,1.356e+5,1.356e+5,
491.16,2.131e+5,2.131e+5,
491.21,3.280e+5,3.280e+5,
491.26,4.946e+5,4.946e+5,
491.31,7.305e+5,7.305e+5,
491.36,1.057e+6,1.057e+6,
491.41,1.498e+6,1.498e+6,
491.46,2.080e+6,2.080e+6,
491.51,2.828e+6,2.828e+6,
491.56,3.768e+6,3.768e+6,
491.61,4.917e+6,4.917e+6,
491.66,6.286e+6,6.286e+6,
491.71,7.872e+6,7.872e+6,
491.76,9.656e+6,9.656e+6,
491.81,1.160e+7,1.160e+7,
491.86,1.366e+7,1.366e+7,
491.91,1.575e+7,1.575e+7,
491.96,1.779e+7,1.779e+7,
492.01,1.968e+7,1.968e+7,
492.06,2.133e+7,2.133e+7,
492.11,2.264e+7,2.264e+7,
492.16,2.355e+7,2.355e+7,
492.21,2.399e+7,2.399e+7,
492.26,2.394e+7,2.394e+7,
492.31,2.341e+7,2.341e+7,
492.36,2.242e+7,2.242e+7,
492.41,2.104e+7,2.104e+7,
492.46,1.934e+7,1.934e+7,
492.51,1.742e+7,1.742e+7,
492.56,1.538e+7,1.538e+7,
492.61,1.332e+7,1.332e+7,
492.66,1.132e+7,1.132e+7,
492.71,9.464e+6,9.464e+6,
492.76,7.797e+6,7.797e+6,
492.81,6.361e+6,6.361e+6,
492.86,5.178e+6,5.178e+6,
492.91,4.253e+6,4.253e+6,
492.96,3.580e+6,3.580e+6,
493.01,3.145e+6,3.145e+6,
493.06,2.924e+6,2.924e+6,
493.11,2.890e+6,2.890e+6,
493.16,3.013e+6,3.013e+6,
493.21,3.261e+6,3.261e+6,
493.26,3.601e+6,3.601e+6,
493.31,3.997e+6,3.997e+6,
493.36,4.417e+6,4.417e+6,
493.41,4.827e+6,4.827e+6,
493.46,5.197e+6,5.197e+6,
493.51,5.500e+6,5.500e+6,
493.56,5.715e+6,5.715e+6,
493.61,5.827e+6,5.827e+6,
493.66,5.829e+6,5.829e+6,
493.71,5.722e+6,5.722e+6,
493.76,5.512e+6,5.512e+6,
493.81,5.216e+6,5.216e+6,
493.86,4.852e+6,4.852e+6,
493.91,4.442e+6,4.442e+6,
493.96,4.008e+6,4.008e+6,
494.01,3.573e+6,3.573e+6,
494.06,3.156e+6,3.156e+6,
494.11,2.770e+6,2.770e+6,
494.16,2.426e+6,2.426e+6,
494.21,2.128e+6,2.128e+6,
494.26,1.878e+6,1.878e+6,
494.31,1.674e+6,1.674e+6,
494.36,1.511e+6,1.511e+6,
494.41,1.384e+6,1.384e+6,
494.46,1.289e+6,1.289e+6,
494.51,1.222e+6,1.222e+6,
494.56,1.183e+6,1.183e+6,
494.61,1.172e+6,1.172e+6,
494.66,1.193e+6,1.193e+6,
494.71,1.252e+6,1.252e+6,
494.76,1.354e+6,1.354e+6,
494.81,1.506e+6,1.506e+6,
494.86,1.715e+6,1.715e+6,
494.91,1.984e+6,1.984e+6,
494.96,2.313e+6,2.313e+6,
495.01,2.698e+6,2.698e+6,
495.06,3.131e+6,3.131e+6,
495.11,3.598e+6,3.598e+6,
495.16,4.080e+6,4.080e+6,
495.21,4.557e+6,4.557e+6,
495.26,5.002e+6,5.002e+6,
495.31,5.393e+6,5.393e+6,
495.36,5.705e+6,5.705e+6,
495.41,5.919e+6,5.919e+6,
495.46,6.021e+6,6.021e+6,
495.51,6.003e+6,6.003e+6,
495.56,5.867e+6,5.867e+6,
495.61,5.620e+6,5.620e+6,
495.66,5.275e+6,5.275e+6,
495.71,4.851e+6,4.851e+6,
495.76,4.372e+6,4.372e+6,
495.81,3.861e+6,3.861e+6,
495.86,3.341e+6,3.341e+6,
495.91,2.833e+6,2.833e+6,
495.96,2.354e+6,2.354e+6,
496.01,1.916e+6,1.916e+6,
496.06,1.528e+6,1.528e+6,
496.11,1.195e+6,1.195e+6,
496.16,9.148e+5,9.148e+5,
496.21,6.864e+5,6.864e+5,
496.26,5.047e+5,5.047e+5,
496.31,3.636e+5,3.636e+5,
496.36,2.567e+5,2.567e+5,
496.41,1.775e+5,1.775e+5,
496.46,1.203e+5,1.203e+5,
496.51,7.990e+4,7.990e+4,
496.56,5.199e+4,5.199e+4,
496.61,3.315e+4,3.315e+4,
496.66,2.071e+4,2.071e+4,
496.71,1.268e+4,1.268e+4,
496.76,7.603e+3,7.603e+3,
496.81,4.468e+3,4.468e+3,
496.86,2.573e+3,2.573e+3,
496.91,1.452e+3,1.452e+3,
496.96,8.025e+2,8.025e+2,
497.01,4.347e+2,4.347e+2,
497.06,2.308e+2,2.308e+2,
497.11,1.200e+2,1.200e+2,
497.16,6.116e+1,6.116e+1,
497.21,3.054e+1,3.054e+1,
497.26,1.494e+1,1.494e+1,
497.31,7.162e+0,7.162e+0,
497.36,3.364e+0,3.364e+0,
497.41,1.548e+0,1.548e+0,
497.46,6.983e-1,6.983e-1,
497.51,3.086e-1,3.086e-1,
497.56,1.336e-1,1.336e-1,
497.61,5.669e-2,5.669e-2,
497.66,2.356e-2,2.356e-2,
497.71,9.598e-3,9.598e-3,
497.76,3.831e-3,3.831e-3,
497.81,1.498e-3,1.498e-3,
497.86,5.740e-4,5.740e-4,
497.91,2.155e-4,2.155e-4,
497.96,7.928e-5,7.928e-5,
498.01,2.858e-5,2.858e-5,
498.06,1.009e-5,1.009e-5,
498.11,3.493e-6,3.493e-6,
498.16,1.185e-6,1.185e-6,
498.21,3.936e-7,3.936e-7,
498.26,1.281e-7,1.281e-7,
498.31,4.088e-8,4.088e-8,
498.36,1.278e-8,1.278e-8,
498.41,3.913e-9,3.913e-9,
498.46,1.174e-9,1.174e-9,
510.87,6.267e-10,6.267e-10,
510.92,2.000e-9,2.000e-9,
510.97,6.261e-9,6.261e-9,
511.02,1.924e-8,1.924e-8,
511.07,5.799e-8,5.799e-8,
511.12,1.716e-7,1.716e-7,
511.17,4.980e-7,4.980e-7,
511.22,1.418e-6,1.418e-6,
511.27,3.964e-6,3.964e-6,
511.32,1.087e-5,1.087e-5,
511.37,2.926e-5,2.926e-5,
511.42,7.725e-5,7.725e-5,
511.47,2.002e-4,2.002e-4,
511.52,5.089e-4,5.089e-4,
511.57,1.270e-3,1.270e-3,
511.62,3.108e-3,3.108e-3,
511.67,7.466e-3,7.466e-3,
511.72,1.760e-2,1.760e-2,
511.77,4.071e-2,4.071e-2,
511.82,9.238e-2,9.238e-2,
511.87,2.057e-1,2.057e-1,
511.92,4.496e-1,4.496e-1,
511.97,9.640e-1,9.640e-1,
512.02,2.028e+0,2.028e+0,
512.07,4.188e+0,4.188e+0,
512.12,8.484e+0,8.484e+0,
512.17,1.687e+1,1.687e+1,
512.22,3.290e+1,3.290e+1,
512.27,6.297e+1,6.297e+1,
512.32,1.183e+2,1.183e+2,
512.37,2.180e+2,2.180e+2,
512.42,3.942e+2,3.942e+2,
512.47,6.994e+2,6.994e+2,
512.52,1.218e+3,1.218e+3,
512.57,2.081e+3,2.081e+3,
512.62,3.489e+3,3.489e+3,
512.67,5.739e+3,5.739e+3,
512.72,9.265e+3,9.265e+3,
512.77,1.468e+4,1.468e+4,
512.82,2.281e+4,2.281e+4,
512.87,3.479e+4,3.479e+4,
512.92,5.206e+4,5.206e+4,
512.97,7.645e+4,7.645e+4,
513.02,1.102e+5,1.102e+5,
513.07,1.558e+5,1.558e+5,
513.12,2.161e+5,2.161e+5,
513.17,2.942e+5,2.942e+5,
513.22,3.930e+5,3.930e+5,
513.27,5.152e+5,5.152e+5,
513.32,6.627e+5,6.627e+5,
513.37,8.364e+5,8.364e+5,
513.42,1.036e+6,1.036e+6,
513.47,1.259e+6,1.259e+6,
513.52,1.501e+6,1.501e+6,
513.57,1.757e+6,1.757e+6,
513.62,2.017e+6,2.017e+6,
513.67,2.272e+6,2.272e+6,
513.72,2.512e+6,2.512e+6,
513.77,2.725e+6,2.725e+6,
513.82,2.901e+6,2.901e+6,
513.87,3.030e+6,3.030e+6,
513.92,3.105e+6,3.105e+6,
513.97,3.123e+6,3.123e+6,
514.02,3.082e+6,3.082e+6,
514.07,2.984e+6,2.984e+6,
514.12,2.836e+6,2.836e+6,
514.17,2.644e+6,2.644e+6,
514.22,2.419e+6,2.419e+6,
514.27,2.171e+6,2.171e+6,
514.32,1.913e+6,1.913e+6,
514.37,1.653e+6,1.653e+6,
514.42,1.402e+6,1.402e+6,
514.47,1.167e+6,1.167e+6,
514.52,9.531e+5,9.531e+5,
514.57,7.638e+5,7.638e+5,
514.62,6.006e+5,6.006e+5,
514.67,4.634e+5,4.634e+5,
514.72,3.509e+5,3.509e+5,
514.77,2.607e+5,2.607e+5,
514.82,1.900e+5,1.900e+5,
514.87,1.359e+5,1.359e+5,
514.92,9.540e+4,9.540e+4,
514.97,6.571e+4,6.571e+4,
515.02,4.441e+4,4.441e+4,
515.07,2.945e+4,2.945e+4,
515.12,1.916e+4,1.916e+4,
515.17,1.224e+4,1.224e+4,
515.22,7.667e+3,7.667e+3,
515.27,4.714e+3,4.714e+3,
515.32,2.844e+3,2.844e+3,
515.37,1.683e+3,1.683e+3,
515.42,9.778e+2,9.778e+2,
515.47,5.573e+2,5.573e+2,
515.52,3.117e+2,3.117e+2,
515.57,1.711e+2,1.711e+2,
515.62,9.224e+1,9.224e+1,
515.67,4.894e+1,4.894e+1,
515.72,2.580e+1,2.580e+1,
515.77,1.403e+1,1.403e+1,
515.82,8.856e+0,8.856e+0,
515.87,8.099e+0,8.099e+0,
515.92,1.138e+1,1.138e+1,
515.97,1.999e+1,1.999e+1,
516.02,3.729e+1,3.729e+1,
516.07,6.971e+1,6.971e+1,
516.12,1.286e+2,1.286e+2,
516.17,2.330e+2,2.330e+2,
516.22,4.146e+2,4.146e+2,
516.27,7.242e+2,7.242e+2,
516.32,1.242e+3,1.242e+3,
516.37,2.089e+3,2.089e+3,
516.42,3.451e+3,3.451e+3,
516.47,5.594e+3,5.594e+3,
516.52,8.900e+3,8.900e+3,
516.57,1.390e+4,1.390e+4,
516.62,2.131e+4,2.131e+4,
516.67,3.206e+4,3.206e+4,
516.72,4.734e+4,4.734e+4,
516.77,6.862e+4,6.862e+4,
516.82,9.762e+4,9.762e+4,
516.87,1.363e+5,1.363e+5,
516.92,1.868e+5,1.868e+5,
516.97,2.513e+5,2.513e+5,
517.02,3.319e+5,3.319e+5,
517.07,4.301e+5,4.301e+5,
517.12,5.471e+5,5.471e+5,
517.17,6.831e+5,6.831e+5,
517.22,8.371e+5,8.371e+5,
517.27,1.007e+6,1.007e+6,
517.32,1.189e+6,1.189e+6,
517.37,1.377e+6,1.377e+6,
517.42,1.567e+6,1.567e+6,
517.47,1.749e+6,1.749e+6,
517.52,1.916e+6,1.916e+6,
517.57,2.061e+6,2.061e+6,
517.62,2.176e+6,2.176e+6,
517.67,2.255e+6,2.255e+6,
517.72,2.293e+6,2.293e+6,
517.77,2.290e+6,2.290e+6,
517.82,2.245e+6,2.245e+6,
517.87,2.161e+6,2.161e+6,
517.92,2.043e+6,2.043e+6,
517.97,1.899e+6,1.899e+6,
518.02,1.736e+6,1.736e+6,
518.07,1.564e+6,1.564e+6,
518.12,1.392e+6,1.392e+6,
518.17,1.230e+6,1.230e+6,
518.22,1.087e+6,1.087e+6,
518.27,9.709e+5,9.709e+5,
518.32,8.893e+5,8.893e+5,
518.37,8.489e+5,8.489e+5,
518.42,8.557e+5,8.557e+5,
518.47,9.147e+5,9.147e+5,
518.52,1.030e+6,1.030e+6,
518.57,1.206e+6,1.206e+6,
518.62,1.444e+6,1.444e+6,
518.67,1.745e+6,1.745e+6,
518.72,2.109e+6,2.109e+6,
518.77,2.533e+6,2.533e+6,
518.82,3.012e+6,3.012e+6,
518.87,3.540e+6,3.540e+6,
518.92,4.108e+6,4.108e+6,
518.97,4.705e+6,4.705e+6,
519.02,5.321e+6,5.321e+6,
519.07,5.946e+6,5.946e+6,
519.12,6.572e+6,6.572e+6,
519.17,7.193e+6,7.193e+6,
519.22,7.812e+6,7.812e+6,
519.27,8.440e+6,8.440e+6,
519.32,9.098e+6,9.098e+6,
519.37,9.823e+6,9.823e+6,
519.42,1.067e+7,1.067e+7,
519.47,1.172e+7,1.172e+7,
519.52,1.306e+7,1.306e+7,
519.57,1.482e+7,1.482e+7,
519.62,1.716e+7,1.716e+7,
519.67,2.025e+7,2.025e+7,
519.72,2.430e+7,2.430e+7,
519.77,2.950e+7,2.950e+7,
519.82,3.608e+7,3.608e+7,
519.87,4.425e+7,4.425e+7,
519.92,5.419e+7,5.419e+7,
519.97,6.602e+7,6.602e+7,
520.02,7.981e+7,7.981e+7,
520.07,9.554e+7,9.554e+7,
520.12,1.131e+8,1.131e+8,
520.17,1.322e+8,1.322e+8,
520.22,1.525e+8,1.525e+8,
520.27,1.735e+8,1.735e+8,
520.32,1.946e+8,1.946e+8,
520.37,2.152e+8,2.152e+8,
520.42,2.345e+8,2.345e+8,
520.47,2.519e+8,2.519e+8,
520.52,2.665e+8,2.665e+8,
520.57,2.778e+8,2.778e+8,
520.62,2.853e+8,2.853e+8,
520.67,2.886e+8,2.886e+8,
520.72,2.876e+8,2.876e+8,
520.77,2.824e+8,2.824e+8,
520.82,2.730e+8,2.730e+8,
520.87,2.600e+8,2.600e+8,
520.92,2.438e+8,2.438e+8,
520.97,2.252e+8,2.252e+8,
521.02,2.048e+8,2.048e+8,
521.07,1.833e+8,1.833e+8,
521.12,1.616e+8,1.616e+8,
521.17,1.403e+8,1.403e+8,
521.22,1.199e+8,1.199e+8,
521.27,1.008e+8,1.008e+8,
521.32,8.351e+7,8.351e+7,
521.37,6.810e+7,6.810e+7,
521.42,5.468e+7,5.468e+7,
521.47,4.324e+7,4.324e+7,
521.52,3.368e+7,3.368e+7,
521.57,2.585e+7,2.585e+7,
521.62,1.956e+7,1.956e+7,
521.67,1.459e+7,1.459e+7,
521.72,1.074e+7,1.074e+7,
521.77,7.806e+6,7.806e+6,
521.82,5.605e+6,5.605e+6,
521.87,3.980e+6,3.980e+6,
521.92,2.796e+6,2.796e+6,
521.97,1.946e+6,1.946e+6,
522.02,1.343e+6,1.343e+6,
522.07,9.190e+5,9.190e+5,
522.12,6.245e+5,6.245e+5,
522.17,4.215e+5,4.215e+5,
522.22,2.826e+5,2.826e+5,
522.27,1.882e+5,1.882e+5,
522.32,1.245e+5,1.245e+5,
522.37,8.177e+4,8.177e+4,
522.42,5.327e+4,5.327e+4,
522.47,3.439e+4,3.439e+4,
522.52,2.200e+4,2.200e+4,
522.57,1.393e+4,1.393e+4,
522.62,8.738e+3,8.738e+3,
522.67,5.453e+3,5.453e+3,
522.72,3.431e+3,3.431e+3,
522.77,2.257e+3,2.257e+3,
522.82,1.682e+3,1.682e+3,
522.87,1.575e+3,1.575e+3,
522.92,1.910e+3,1.910e+3,
522.97,2.749e+3,2.749e+3,
523.02,4.249e+3,4.249e+3,
523.07,6.678e+3,6.678e+3,
523.12,1.043e+4,1.043e+4,
523.17,1.608e+4,1.608e+4,
523.22,2.437e+4,2.437e+4,
523.27,3.628e+4,3.628e+4,
523.32,5.306e+4,5.306e+4,
523.37,7.619e+4,7.619e+4,
523.42,1.074e+5,1.074e+5,
523.47,1.488e+5,1.488e+5,
523.52,2.023e+5,2.023e+5,
523.57,2.702e+5,2.702e+5,
523.62,3.542e+5,3.542e+5,
523.67,4.561e+5,4.561e+5,
523.72,5.767e+5,5.767e+5,
523.77,7.161e+5,7.161e+5,
523.82,8.731e+5,8.731e+5,
523.87,1.045e+6,1.045e+6,
523.92,1.229e+6,1.229e+6,
523.97,1.419e+6,1.419e+6,
524.02,1.609e+6,1.609e+6,
524.07,1.791e+6,1.791e+6,
524.12,1.958e+6,1.958e+6,
524.17,2.102e+6,2.102e+6,
524.22,2.215e+6,2.215e+6,
524.27,2.293e+6,2.293e+6,
524.32,2.331e+6,2.331e+6,
524.37,2.327e+6,2.327e+6,
524.42,2.281e+6,2.281e+6,
524.47,2.195e+6,2.195e+6,
524.52,2.075e+6,2.075e+6,
524.57,1.926e+6,1.926e+6,
524.62,1.756e+6,1.756e+6,
524.67,1.572e+6,1.572e+6,
524.72,1.382e+6,1.382e+6,
524.77,1.194e+6,1.194e+6,
524.82,1.014e+6,1.014e+6,
524.87,8.475e+5,8.475e+5,
524.92,6.982e+5,6.982e+5,
524.97,5.691e+5,5.691e+5,
525.02,4.623e+5,4.623e+5,
525.07,3.788e+5,3.788e+5,
525.12,3.196e+5,3.196e+5,
525.17,2.854e+5,2.854e+5,
525.22,2.772e+5,2.772e+5,
525.27,2.968e+5,2.968e+5,
525.32,3.465e+5,3.465e+5,
525.37,4.295e+5,4.295e+5,
525.42,5.496e+5,5.496e+5,
525.47,7.112e+5,7.112e+5,
525.52,9.189e+5,9.189e+5,
525.57,1.177e+6,1.177e+6,
525.62,1.489e+6,1.489e+6,
525.67,1.857e+6,1.857e+6,
525.72,2.281e+6,2.281e+6,
525.77,2.757e+6,2.757e+6,
525.82,3.281e+6,3.281e+6,
525.87,3.842e+6,3.842e+6,
525.92,4.428e+6,4.428e+6,
525.97,5.021e+6,5.021e+6,
526.02,5.605e+6,5.605e+6,
526.07,6.159e+6,6.159e+6,
526.12,6.662e+6,6.662e+6,
526.17,7.095e+6,7.095e+6,
526.22,7.443e+6,7.443e+6,
526.27,7.691e+6,7.691e+6,
526.32,7.833e+6,7.833e+6,
526.37,7.866e+6,7.866e+6,
526.42,7.795e+6,7.795e+6,
526.47,7.630e+6,7.630e+6,
526.52,7.385e+6,7.385e+6,
526.57,7.078e+6,7.078e+6,
526.62,6.730e+6,6.730e+6,
526.67,6.362e+6,6.362e+6,
526.72,5.991e+6,5.991e+6,
526.77,5.635e+6,5.635e+6,
526.82,5.305e+6,5.305e+6,
526.87,5.008e+6,5.008e+6,
526.92,4.747e+6,4.747e+6,
526.97,4.520e+6,4.520e+6,
527.02,4.320e+6,4.320e+6,
527.07,4.139e+6,4.139e+6,
527.12,3.967e+6,3.967e+6,
527.17,3.795e+6,3.795e+6,
527.22,3.615e+6,3.615e+6,
527.27,3.419e+6,3.419e+6,
527.32,3.205e+6,3.205e+6,
527.37,2.972e+6,2.972e+6,
527.42,2.721e+6,2.721e+6,
527.47,2.458e+6,2.458e+6,
527.52,2.188e+6,2.188e+6,
527.57,1.918e+6,1.918e+6,
527.62,1.654e+6,1.654e+6,
527.67,1.403e+6,1.403e+6,
527.72,1.170e+6,1.170e+6,
527.77,9.596e+5,9.596e+5,
527.82,7.732e+5,7.732e+5,
527.87,6.123e+5,6.123e+5,
527.92,4.765e+5,4.765e+5,
527.97,3.644e+5,3.644e+5,
528.02,2.740e+5,2.740e+5,
528.07,2.029e+5,2.029e+5,
528.12,1.485e+5,1.485e+5,
528.17,1.083e+5,1.083e+5,
528.22,8.038e+4,8.038e+4,
528.27,6.317e+4,6.317e+4,
528.32,5.606e+4,5.606e+4,
528.37,5.945e+4,5.945e+4,
528.42,7.500e+4,7.500e+4,
528.47,1.060e+5,1.060e+5,
528.52,1.578e+5,1.578e+5,
528.57,2.382e+5,2.382e+5,
528.62,3.579e+5,3.579e+5,
528.67,5.313e+5,5.313e+5,
528.72,7.765e+5,7.765e+5,
528.77,1.116e+6,1.116e+6,
528.82,1.577e+6,1.577e+6,
528.87,2.188e+6,2.188e+6,
528.92,2.984e+6,2.984e+6,
528.97,3.999e+6,3.999e+6,
529.02,5.265e+6,5.265e+6,
529.07,6.810e+6,6.810e+6,
529.12,8.655e+6,8.655e+6,
529.17,1.081e+7,1.081e+7,
529.22,1.326e+7,1.326e+7,
529.27,1.598e+7,1.598e+7,
529.32,1.893e+7,1.893e+7,
529.37,2.203e+7,2.203e+7,
529.42,2.519e+7,2.519e+7,
529.47,2.830e+7,2.830e+7,
529.52,3.125e+7,3.125e+7,
529.57,3.390e+7,3.390e+7,
529.62,3.614e+7,3.614e+7,
529.67,3.787e+7,3.787e+7,
529.72,3.899e+7,3.899e+7,
529.77,3.946e+7,3.946e+7,
529.82,3.926e+7,3.926e+7,
529.87,3.840e+7,3.840e+7,
529.92,3.693e+7,3.693e+7,
529.97,3.492e+7,3.492e+7,
530.02,3.249e+7,3.249e+7,
530.07,2.974e+7,2.974e+7,
530.12,2.680e+7,2.680e+7,
530.17,2.378e+7,2.378e+7,
530.22,2.080e+7,2.080e+7,
530.27,1.794e+7,1.794e+7,
530.32,1.527e+7,1.527e+7,
530.37,1.285e+7,1.285e+7,
530.42,1.071e+7,1.071e+7,
530.47,8.863e+6,8.863e+6,
530.52,7.300e+6,7.300e+6,
530.57,6.009e+6,6.009e+6,
530.62,4.969e+6,4.969e+6,
530.67,4.153e+6,4.153e+6,
530.72,3.533e+6,3.533e+6,
530.77,3.078e+6,3.078e+6,
530.82,2.763e+6,2.763e+6,
530.87,2.562e+6,2.562e+6,
530.92,2.452e+6,2.452e+6,
530.97,2.412e+6,2.412e+6,
531.02,2.423e+6,2.423e+6,
531.07,2.471e+6,2.471e+6,
531.12,2.541e+6,2.541e+6,
531.17,2.621e+6,2.621e+6,
531.22,2.703e+6,2.703e+6,
531.27,2.778e+6,2.778e+6,
531.32,2.844e+6,2.844e+6,
531.37,2.896e+6,2.896e+6,
531.42,2.937e+6,2.937e+6,
531.47,2.967e+6,2.967e+6,
531.52,2.993e+6,2.993e+6,
531.57,3.023e+6,3.023e+6,
531.62,3.066e+6,3.066e+6,
531.67,3.138e+6,3.138e+6,
531.72,3.256e+6,3.256e+6,
531.77,3.443e+6,3.443e+6,
531.82,3.727e+6,3.727e+6,
531.87,4.143e+6,4.143e+6,
531.92,4.729e+6,4.729e+6,
531.97,5.530e+6,5.530e+6,
532.02,6.591e+6,6.591e+6,
532.07,7.961e+6,7.961e+6,
532.12,9.683e+6,9.683e+6,
532.17,1.179e+7,1.179e+7,
532.22,1.431e+7,1.431e+7,
532.27,1.725e+7,1.725e+7,
532.32,2.057e+7,2.057e+7,
532.37,2.424e+7,2.424e+7,
532.42,2.818e+7,2.818e+7,
532.47,3.228e+7,3.228e+7,
532.52,3.640e+7,3.640e+7,
532.57,4.040e+7,4.040e+7,
532.62,4.410e+7,4.410e+7,
532.67,4.734e+7,4.734e+7,
532.72,4.997e+7,4.997e+7,
532.77,5.184e+7,5.184e+7,
532.82,5.288e+7,5.288e+7,
532.87,5.302e+7,5.302e+7,
532.92,5.224e+7,5.224e+7,
532.97,5.060e+7,5.060e+7,
533.02,4.818e+7,4.818e+7,
533.07,4.509e+7,4.509e+7,
533.12,4.148e+7,4.148e+7,
533.17,3.752e+7,3.752e+7,
533.22,3.337e+7,3.337e+7,
533.27,2.920e+7,2.920e+7,
533.32,2.514e+7,2.514e+7,
533.37,2.132e+7,2.132e+7,
533.42,1.784e+7,1.784e+7,
533.47,1.475e+7,1.475e+7,
533.52,1.209e+7,1.209e+7,
533.57,9.872e+6,9.872e+6,
533.62,8.089e+6,8.089e+6,
533.67,6.717e+6,6.717e+6,
533.72,5.725e+6,5.725e+6,
533.77,5.073e+6,5.073e+6,
533.82,4.723e+6,4.723e+6,
533.87,4.637e+6,4.637e+6,
533.92,4.780e+6,4.780e+6,
533.97,5.118e+6,5.118e+6,
534.02,5.624e+6,5.624e+6,
534.07,6.268e+6,6.268e+6,
534.12,7.025e+6,7.025e+6,
534.17,7.866e+6,7.866e+6,
534.22,8.763e+6,8.763e+6,
534.27,9.684e+6,9.684e+6,
534.32,1.060e+7,1.060e+7,
534.37,1.146e+7,1.146e+7,
534.42,1.225e+7,1.225e+7,
534.47,1.292e+7,1.292e+7,
534.52,1.345e+7,1.345e+7,
534.57,1.380e+7,1.380e+7,
534.62,1.397e+7,1.397e+7,
534.67,1.393e+7,1.393e+7,
534.72,1.370e+7,1.370e+7,
534.77,1.326e+7,1.326e+7,
534.82,1.266e+7,1.266e+7,
534.87,1.189e+7,1.189e+7,
534.92,1.101e+7,1.101e+7,
534.97,1.004e+7,1.004e+7,
535.02,9.016e+6,9.016e+6,
535.07,7.973e+6,7.973e+6,
535.12,6.944e+6,6.944e+6,
535.17,5.955e+6,5.955e+6,
535.22,5.029e+6,5.029e+6,
535.27,4.182e+6,4.182e+6,
535.32,3.424e+6,3.424e+6,
535.37,2.760e+6,2.760e+6,
535.42,2.190e+6,2.190e+6,
535.47,1.711e+6,1.711e+6,
535.52,1.316e+6,1.316e+6,
535.57,9.965e+5,9.965e+5,
535.62,7.427e+5,7.427e+5,
535.67,5.447e+5,5.447e+5,
535.72,3.933e+5,3.933e+5,
535.77,2.794e+5,2.794e+5,
535.82,1.953e+5,1.953e+5,
535.87,1.344e+5,1.344e+5,
535.92,9.096e+4,9.096e+4,
535.97,6.058e+4,6.058e+4,
536.02,3.969e+4,3.969e+4,
536.07,2.558e+4,2.558e+4,
536.12,1.622e+4,1.622e+4,
536.17,1.012e+4,1.012e+4,
536.22,6.205e+3,6.205e+3,
536.27,3.744e+3,3.744e+3,
536.32,2.221e+3,2.221e+3,
536.37,1.296e+3,1.296e+3,
536.42,7.435e+2,7.435e+2,
536.47,4.195e+2,4.195e+2,
536.52,2.327e+2,2.327e+2,
536.57,1.269e+2,1.269e+2,
536.62,6.806e+1,6.806e+1,
536.67,3.588e+1,3.588e+1,
536.72,1.860e+1,1.860e+1,
536.77,9.476e+0,9.476e+0,
536.82,4.747e+0,4.747e+0,
536.87,2.337e+0,2.337e+0,
536.92,1.131e+0,1.131e+0,
536.97,5.382e-1,5.382e-1,
537.02,2.517e-1,2.517e-1,
537.07,1.157e-1,1.157e-1,
537.12,5.228e-2,5.228e-2,
537.17,2.322e-2,2.322e-2,
537.22,1.014e-2,1.014e-2,
537.27,4.354e-3,4.354e-3,
537.32,1.852e-3,1.852e-3,
537.37,8.087e-4,8.087e-4,
537.42,4.320e-4,4.320e-4,
537.47,4.244e-4,4.244e-4,
537.52,7.731e-4,7.731e-4,
537.57,1.735e-3,1.735e-3,
537.62,4.002e-3,4.002e-3,
537.67,9.146e-3,9.146e-3,
537.72,2.057e-2,2.057e-2,
537.77,4.549e-2,4.549e-2,
537.82,9.890e-2,9.890e-2,
537.87,2.114e-1,2.114e-1,
537.92,4.440e-1,4.440e-1,
537.97,9.169e-1,9.169e-1,
538.02,1.861e+0,1.861e+0,
538.07,3.714e+0,3.714e+0,
538.12,7.285e+0,7.285e+0,
538.17,1.405e+1,1.405e+1,
538.22,2.663e+1,2.663e+1,
538.27,4.961e+1,4.961e+1,
538.32,9.086e+1,9.086e+1,
538.37,1.636e+2,1.636e+2,
538.42,2.895e+2,2.895e+2,
538.47,5.037e+2,5.037e+2,
538.52,8.613e+2,8.613e+2,
538.57,1.448e+3,1.448e+3,
538.62,2.393e+3,2.393e+3,
538.67,3.887e+3,3.887e+3,
538.72,6.207e+3,6.207e+3,
538.77,9.743e+3,9.743e+3,
538.82,1.503e+4,1.503e+4,
538.87,2.280e+4,2.280e+4,
538.92,3.400e+4,3.400e+4,
538.97,4.984e+4,4.984e+4,
539.02,7.181e+4,7.181e+4,
539.07,1.017e+5,1.017e+5,
539.12,1.416e+5,1.416e+5,
539.17,1.939e+5,1.939e+5,
539.22,2.610e+5,2.610e+5,
539.27,3.453e+5,3.453e+5,
539.32,4.492e+5,4.492e+5,
539.37,5.746e+5,5.746e+5,
539.42,7.229e+5,7.229e+5,
539.47,8.944e+5,8.944e+5,
539.52,1.089e+6,1.089e+6,
539.57,1.304e+6,1.304e+6,
539.62,1.537e+6,1.537e+6,
539.67,1.785e+6,1.785e+6,
539.72,2.043e+6,2.043e+6,
539.77,2.306e+6,2.306e+6,
539.82,2.570e+6,2.570e+6,
539.87,2.833e+6,2.833e+6,
539.92,3.094e+6,3.094e+6,
539.97,3.356e+6,3.356e+6,
540.02,3.623e+6,3.623e+6,
540.07,3.906e+6,3.906e+6,
540.12,4.216e+6,4.216e+6,
540.17,4.571e+6,4.571e+6,
540.22,4.986e+6,4.986e+6,
540.27,5.479e+6,5.479e+6,
540.33,6.195e+6,6.195e+6,
540.38,6.907e+6,6.907e+6,
540.43,7.730e+6,7.730e+6,
540.48,8.657e+6,8.657e+6,
540.53,9.674e+6,9.674e+6,
540.58,1.076e+7,1.076e+7,
540.63,1.187e+7,1.187e+7,
540.68,1.298e+7,1.298e+7,
540.73,1.402e+7,1.402e+7,
540.78,1.496e+7,1.496e+7,
540.83,1.574e+7,1.574e+7,
540.88,1.632e+7,1.632e+7,
540.93,1.666e+7,1.666e+7,
540.98,1.674e+7,1.674e+7,
541.03,1.656e+7,1.656e+7,
541.08,1.611e+7,1.611e+7,
541.13,1.541e+7,1.541e+7,
541.18,1.450e+7,1.450e+7,
541.23,1.342e+7,1.342e+7,
541.28,1.221e+7,1.221e+7,
541.33,1.092e+7,1.092e+7,
541.38,9.606e+6,9.606e+6,
541.43,8.306e+6,8.306e+6,
541.48,7.061e+6,7.061e+6,
541.53,5.900e+6,5.900e+6,
541.58,4.848e+6,4.848e+6,
541.63,3.915e+6,3.915e+6,
541.68,3.109e+6,3.109e+6,
541.73,2.426e+6,2.426e+6,
541.78,1.862e+6,1.862e+6,
541.83,1.404e+6,1.404e+6,
541.88,1.041e+6,1.041e+6,
541.93,7.592e+5,7.592e+5,
541.98,5.441e+5,5.441e+5,
542.03,3.833e+5,3.833e+5,
542.08,2.655e+5,2.655e+5,
542.13,1.808e+5,1.808e+5,
542.18,1.210e+5,1.210e+5,
542.23,7.961e+4,7.961e+4,
542.28,5.149e+4,5.149e+4,
542.33,3.274e+4,3.274e+4,
542.38,2.047e+4,2.047e+4,
542.43,1.258e+4,1.258e+4,
542.48,7.598e+3,7.598e+3,
542.53,4.513e+3,4.513e+3,
542.58,2.634e+3,2.634e+3,
542.63,1.512e+3,1.512e+3,
542.68,8.531e+2,8.531e+2,
542.73,4.732e+2,4.732e+2,
542.78,2.580e+2,2.580e+2,
542.83,1.383e+2,1.383e+2,
542.88,7.287e+1,7.287e+1,
542.93,3.775e+1,3.775e+1,
542.98,1.922e+1,1.922e+1,
543.03,9.622e+0,9.622e+0,
543.08,4.735e+0,4.735e+0,
543.13,2.291e+0,2.291e+0,
543.18,1.090e+0,1.090e+0,
543.23,5.094e-1,5.094e-1,
543.28,2.341e-1,2.341e-1,
543.33,1.058e-1,1.058e-1,
543.38,4.699e-2,4.699e-2,
543.43,2.052e-2,2.052e-2,
543.48,8.808e-3,8.808e-3,
543.53,3.717e-3,3.717e-3,
543.58,1.542e-3,1.542e-3,
543.63,6.288e-4,6.288e-4,
543.68,2.521e-4,2.521e-4,
543.73,9.935e-5,9.935e-5,
543.78,3.849e-5,3.849e-5,
543.83,1.466e-5,1.466e-5,
543.88,5.489e-6,5.489e-6,
543.93,2.020e-6,2.020e-6,
543.98,7.310e-7,7.310e-7,
544.03,2.600e-7,2.600e-7,
544.08,9.093e-8,9.093e-8,
544.13,3.126e-8,3.126e-8,
544.18,1.056e-8,1.056e-8,
544.23,3.509e-9,3.509e-9,
559.48,2.741e-10,2.741e-10,
559.53,7.903e-10,7.903e-10,
559.58,2.243e-9,2.243e-9,
559.63,6.267e-9,6.267e-9,
559.68,1.724e-8,1.724e-8,
559.73,4.666e-8,4.666e-8,
559.78,1.243e-7,1.243e-7,
559.83,3.261e-7,3.261e-7,
559.88,8.419e-7,8.419e-7,
559.93,2.140e-6,2.140e-6,
559.98,5.352e-6,5.352e-6,
560.03,1.318e-5,1.318e-5,
560.08,3.195e-5,3.195e-5,
560.13,7.622e-5,7.622e-5,
560.18,1.790e-4,1.790e-4,
560.23,4.138e-4,4.138e-4,
560.28,9.417e-4,9.417e-4,
560.33,2.109e-3,2.109e-3,
560.38,4.651e-3,4.651e-3,
560.43,1.009e-2,1.009e-2,
560.48,2.157e-2,2.157e-2,
560.53,4.535e-2,4.535e-2,
560.58,9.388e-2,9.388e-2,
560.63,1.913e-1,1.913e-1,
560.68,3.837e-1,3.837e-1,
560.73,7.575e-1,7.575e-1,
560.78,1.472e+0,1.472e+0,
560.83,2.816e+0,2.816e+0,
560.88,5.302e+0,5.302e+0,
560.93,9.828e+0,9.828e+0,
560.98,1.793e+1,1.793e+1,
561.03,3.220e+1,3.220e+1,
561.08,5.693e+1,5.693e+1,
561.13,9.906e+1,9.906e+1,
561.18,1.697e+2,1.697e+2,
561.23,2.861e+2,2.861e+2,
561.28,4.748e+2,4.748e+2,
561.33,7.756e+2,7.756e+2,
561.38,1.247e+3,1.247e+3,
561.43,1.974e+3,1.974e+3,
561.48,3.076e+3,3.076e+3,
561.53,4.718e+3,4.718e+3,
561.58,7.123e+3,7.123e+3,
561.63,1.058e+4,1.058e+4,
561.68,1.548e+4,1.548e+4,
561.73,2.229e+4,2.229e+4,
561.78,3.160e+4,3.160e+4,
561.83,4.408e+4,4.408e+4,
561.88,6.054e+4,6.054e+4,
561.93,8.184e+4,8.184e+4,
561.98,1.089e+5,1.089e+5,
562.03,1.426e+5,1.426e+5,
562.08,1.839e+5,1.839e+5,
562.13,2.334e+5,2.334e+5,
562.18,2.916e+5,2.916e+5,
562.23,3.585e+5,3.585e+5,
562.28,4.340e+5,4.340e+5,
562.33,5.170e+5,5.170e+5,
562.38,6.064e+5,6.064e+5,
562.43,7.000e+5,7.000e+5,
562.48,7.955e+5,7.955e+5,
562.53,8.898e+5,8.898e+5,
562.58,9.797e+5,9.797e+5,
562.63,1.062e+6,1.062e+6,
562.68,1.133e+6,1.133e+6,
562.73,1.190e+6,1.190e+6,
562.78,1.230e+6,1.230e+6,
562.83,1.251e+6,1.251e+6,
562.88,1.253e+6,1.253e+6,
562.93,1.236e+6,1.236e+6,
562.98,1.199e+6,1.199e+6,
563.03,1.145e+6,1.145e+6,
563.08,1.077e+6,1.077e+6,
563.13,9.969e+5,9.969e+5,
563.18,9.083e+5,9.083e+5,
563.23,8.146e+5,8.146e+5,
563.28,7.192e+5,7.192e+5,
563.33,6.251e+5,6.251e+5,
563.38,5.349e+5,5.349e+5,
563.43,4.506e+5,4.506e+5,
563.48,3.740e+5,3.740e+5,
563.53,3.059e+5,3.059e+5,
563.58,2.468e+5,2.468e+5,
563.63,1.970e+5,1.970e+5,
563.68,1.560e+5,1.560e+5,
563.73,1.235e+5,1.235e+5,
563.78,9.902e+4,9.902e+4,
563.83,8.187e+4,8.187e+4,
563.88,7.160e+4,7.160e+4,
563.93,6.780e+4,6.780e+4,
563.98,7.020e+4,7.020e+4,
564.03,7.869e+4,7.869e+4,
564.08,9.327e+4,9.327e+4,
564.13,1.140e+5,1.140e+5,
564.18,1.411e+5,1.411e+5,
564.23,1.745e+5,1.745e+5,
564.28,2.143e+5,2.143e+5,
564.33,2.602e+5,2.602e+5,
564.38,3.118e+5,3.118e+5,
564.43,3.682e+5,3.682e+5,
564.48,4.283e+5,4.283e+5,
564.53,4.907e+5,4.907e+5,
564.58,5.535e+5,5.535e+5,
564.63,6.147e+5,6.147e+5,
564.68,6.721e+5,6.721e+5,
564.73,7.234e+5,7.234e+5,
564.78,7.665e+5,7.665e+5,
564.83,7.997e+5,7.997e+5,
564.88,8.212e+5,8.212e+5,
564.93,8.303e+5,8.303e+5,
564.98,8.264e+5,8.264e+5,
565.03,8.097e+5,8.097e+5,
565.08,7.811e+5,7.811e+5,
565.13,7.417e+5,7.417e+5,
565.18,6.934e+5,6.934e+5,
565.23,6.382e+5,6.382e+5,
565.28,5.782e+5,5.782e+5,
565.33,5.157e+5,5.157e+5,
565.38,4.528e+5,4.528e+5,
565.43,3.914e+5,3.914e+5,
565.48,3.331e+5,3.331e+5,
565.53,2.791e+5,2.791e+5,
565.58,2.301e+5,2.301e+5,
565.63,1.869e+5,1.869e+5,
565.68,1.494e+5,1.494e+5,
565.73,1.175e+5,1.175e+5,
565.78,9.104e+4,9.104e+4,
565.83,6.942e+4,6.942e+4,
565.88,5.212e+4,5.212e+4,
565.93,3.852e+4,3.852e+4,
565.98,2.803e+4,2.803e+4,
566.03,2.007e+4,2.007e+4,
566.08,1.416e+4,1.416e+4,
566.13,9.826e+3,9.826e+3,
566.18,6.715e+3,6.715e+3,
566.23,4.518e+3,4.518e+3,
566.28,2.992e+3,2.992e+3,
566.33,1.951e+3,1.951e+3,
566.38,1.252e+3,1.252e+3,
566.43,7.913e+2,7.913e+2,
566.48,4.923e+2,4.923e+2,
566.53,3.015e+2,3.015e+2,
566.58,1.817e+2,1.817e+2,
566.63,1.079e+2,1.079e+2,
566.68,6.303e+1,6.303e+1,
566.73,3.625e+1,3.625e+1,
566.78,2.053e+1,2.053e+1,
566.83,1.145e+1,1.145e+1,
566.88,6.283e+0,6.283e+0,
566.93,3.398e+0,3.398e+0,
566.98,1.816e+0,1.816e+0,
567.03,9.689e-1,9.689e-1,
567.08,5.374e-1,5.374e-1,
567.13,3.515e-1,3.515e-1,
567.18,3.364e-1,3.364e-1,
567.23,4.888e-1,4.888e-1,
567.28,8.770e-1,8.770e-1,
567.33,1.666e+0,1.666e+0,
567.38,3.179e+0,3.179e+0,
567.43,5.999e+0,5.999e+0,
567.48,1.116e+1,1.116e+1,
567.53,2.046e+1,2.046e+1,
567.58,3.693e+1,3.693e+1,
567.63,6.563e+1,6.563e+1,
567.68,1.149e+2,1.149e+2,
567.73,1.979e+2,1.979e+2,
567.78,3.359e+2,3.359e+2,
567.83,5.613e+2,5.613e+2,
567.88,9.235e+2,9.235e+2,
567.93,1.496e+3,1.496e+3,
567.98,2.387e+3,2.387e+3,
568.03,3.751e+3,3.751e+3,
568.08,5.803e+3,5.803e+3,
568.13,8.840e+3,8.840e+3,
568.18,1.326e+4,1.326e+4,
568.23,1.959e+4,1.959e+4,
568.28,2.850e+4,2.850e+4,
568.33,4.082e+4,4.082e+4,
568.38,5.757e+4,5.757e+4,
568.43,7.997e+4,7.997e+4,
568.48,1.094e+5,1.094e+5,
568.53,1.473e+5,1.473e+5,
568.58,1.954e+5,1.954e+5,
568.63,2.553e+5,2.553e+5,
568.68,3.284e+5,3.284e+5,
568.73,4.161e+5,4.161e+5,
568.78,5.193e+5,5.193e+5,
568.83,6.382e+5,6.382e+5,
568.88,7.726e+5,7.726e+5,
568.93,9.214e+5,9.214e+5,
568.98,1.083e+6,1.083e+6,
569.03,1.253e+6,1.253e+6,
569.08,1.430e+6,1.430e+6,
569.13,1.608e+6,1.608e+6,
569.18,1.783e+6,1.783e+6,
569.23,1.949e+6,1.949e+6,
569.28,2.102e+6,2.102e+6,
569.33,2.238e+6,2.238e+6,
569.38,2.353e+6,2.353e+6,
569.43,2.445e+6,2.445e+6,
569.48,2.513e+6,2.513e+6,
569.53,2.556e+6,2.556e+6,
569.58,2.577e+6,2.577e+6,
569.63,2.576e+6,2.576e+6,
569.68,2.559e+6,2.559e+6,
569.73,2.527e+6,2.527e+6,
569.78,2.485e+6,2.485e+6,
569.83,2.435e+6,2.435e+6,
569.88,2.380e+6,2.380e+6,
569.93,2.322e+6,2.322e+6,
569.98,2.262e+6,2.262e+6,
570.03,2.199e+6,2.199e+6,
570.08,2.133e+6,2.133e+6,
570.13,2.062e+6,2.062e+6,
570.18,1.984e+6,1.984e+6,
570.23,1.900e+6,1.900e+6,
570.28,1.807e+6,1.807e+6,
570.33,1.705e+6,1.705e+6,
570.38,1.595e+6,1.595e+6,
570.43,1.477e+6,1.477e+6,
570.48,1.352e+6,1.352e+6,
570.53,1.224e+6,1.224e+6,
570.58,1.094e+6,1.094e+6,
570.63,9.659e+5,9.659e+5,
570.68,8.410e+5,8.410e+5,
570.73,7.223e+5,7.223e+5,
570.78,6.116e+5,6.116e+5,
570.83,5.105e+5,5.105e+5,
570.88,4.199e+5,4.199e+5,
570.93,3.404e+5,3.404e+5,
570.98,2.718e+5,2.718e+5,
571.03,2.139e+5,2.139e+5,
571.08,1.657e+5,1.657e+5,
571.13,1.265e+5,1.265e+5,
571.19,8.968e+4,8.968e+4,
571.24,6.620e+4,6.620e+4,
571.29,4.813e+4,4.813e+4,
571.34,3.446e+4,3.446e+4,
571.39,2.430e+4,2.430e+4,
571.44,1.688e+4,1.688e+4,
571.49,1.154e+4,1.154e+4,
571.54,7.773e+3,7.773e+3,
571.59,5.155e+3,5.155e+3,
571.64,3.367e+3,3.367e+3,
571.69,2.165e+3,2.165e+3,
571.74,1.371e+3,1.371e+3,
571.79,8.553e+2,8.553e+2,
571.84,5.253e+2,5.253e+2,
571.89,3.177e+2,3.177e+2,
571.94,1.892e+2,1.892e+2,
571.99,1.110e+2,1.110e+2,
572.04,6.409e+1,6.409e+1,
572.09,3.645e+1,3.645e+1,
572.14,2.041e+1,2.041e+1,
572.19,1.126e+1,1.126e+1,
572.24,6.115e+0,6.115e+0,
572.29,3.270e+0,3.270e+0,
572.34,1.722e+0,1.722e+0,
572.39,8.932e-1,8.932e-1,
572.44,4.561e-1,4.561e-1,
572.49,2.294e-1,2.294e-1,
572.54,1.136e-1,1.136e-1,
572.59,5.540e-2,5.540e-2,
572.64,2.661e-2,2.661e-2,
572.69,1.258e-2,1.258e-2,
572.74,5.859e-3,5.859e-3,
572.79,2.687e-3,2.687e-3,
572.84,1.213e-3,1.213e-3,
572.89,5.396e-4,5.396e-4,
572.94,2.363e-4,2.363e-4,
572.99,1.019e-4,1.019e-4,
573.04,4.327e-5,4.327e-5,
573.09,1.809e-5,1.809e-5,
573.14,7.451e-6,7.451e-6,
573.19,3.022e-6,3.022e-6,
573.24,1.207e-6,1.207e-6,
573.29,4.744e-7,4.744e-7,
573.34,1.837e-7,1.837e-7,
573.39,7.005e-8,7.005e-8,
573.44,2.630e-8,2.630e-8,
573.49,9.727e-9,9.727e-9,
573.54,3.542e-9,3.542e-9,
573.59,1.270e-9,1.270e-9,
573.64,4.484e-10,4.484e-10,
574.84,5.700e-10,5.700e-10,
574.89,2.091e-9,2.091e-9,
574.94,5.803e-9,5.803e-9,
574.99,1.587e-8,1.587e-8,
575.04,4.370e-8,4.370e-8,
575.09,1.161e-7,1.161e-7,
575.14,3.041e-7,3.041e-7,
575.19,7.846e-7,7.846e-7,
575.24,1.994e-6,1.994e-6,
575.29,4.997e-6,4.997e-6,
575.34,1.233e-5,1.233e-5,
575.39,2.999e-5,2.999e-5,
575.44,7.187e-5,7.187e-5,
575.49,1.697e-4,1.697e-4,
575.54,3.948e-4,3.948e-4,
575.59,9.052e-4,9.052e-4,
575.64,2.045e-3,2.045e-3,
575.69,4.552e-3,4.552e-3,
575.74,9.984e-3,9.984e-3,
575.79,2.158e-2,2.158e-2,
575.84,4.596e-2,4.596e-2,
575.89,9.646e-2,9.646e-2,
575.94,1.995e-1,1.995e-1,
575.99,4.065e-1,4.065e-1,
576.04,8.163e-1,8.163e-1,
576.09,1.615e+0,1.615e+0,
576.14,3.150e+0,3.150e+0,
576.19,6.053e+0,6.053e+0,
576.24,1.146e+1,1.146e+1,
576.29,2.139e+1,2.139e+1,
576.34,3.934e+1,3.934e+1,
576.39,7.130e+1,7.130e+1,
576.44,1.273e+2,1.273e+2,
576.49,2.241e+2,2.241e+2,
576.54,3.888e+2,3.888e+2,
576.59,6.647e+2,6.647e+2,
576.64,1.120e+3,1.120e+3,
576.69,1.860e+3,1.860e+3,
576.74,3.043e+3,3.043e+3,
576.79,4.909e+3,4.909e+3,
576.84,7.804e+3,7.804e+3,
576.89,1.223e+4,1.223e+4,
576.94,1.889e+4,1.889e+4,
576.99,2.875e+4,2.875e+4,
577.04,4.315e+4,4.315e+4,
577.09,6.383e+4,6.383e+4,
577.14,9.309e+4,9.309e+4,
577.19,1.338e+5,1.338e+5,
577.24,1.897e+5,1.897e+5,
577.29,2.651e+5,2.651e+5,
577.34,3.652e+5,3.652e+5,
577.39,4.961e+5,4.961e+5,
577.44,6.646e+5,6.646e+5,
577.49,8.780e+5,8.780e+5,
577.54,1.144e+6,1.144e+6,
577.59,1.470e+6,1.470e+6,
577.64,1.863e+6,1.863e+6,
577.69,2.329e+6,2.329e+6,
577.74,2.873e+6,2.873e+6,
577.79,3.497e+6,3.497e+6,
577.84,4.200e+6,4.200e+6,
577.89,4.977e+6,4.977e+6,
577.94,5.822e+6,5.822e+6,
577.99,6.722e+6,6.722e+6,
578.04,7.663e+6,7.663e+6,
578.09,8.625e+6,8.625e+6,
578.14,9.586e+6,9.586e+6,
578.19,1.052e+7,1.052e+7,
578.24,1.141e+7,1.141e+7,
578.29,1.222e+7,1.222e+7,
578.34,1.293e+7,1.293e+7,
578.39,1.352e+7,1.352e+7,
578.44,1.397e+7,1.397e+7,
578.49,1.427e+7,1.427e+7,
578.54,1.440e+7,1.440e+7,
578.59,1.437e+7,1.437e+7,
578.64,1.417e+7,1.417e+7,
578.69,1.381e+7,1.381e+7,
578.74,1.331e+7,1.331e+7,
578.79,1.267e+7,1.267e+7,
578.84,1.193e+7,1.193e+7,
578.89,1.110e+7,1.110e+7,
578.94,1.021e+7,1.021e+7,
578.99,9.279e+6,9.279e+6,
579.04,8.333e+6,8.333e+6,
579.09,7.394e+6,7.394e+6,
579.14,6.481e+6,6.481e+6,
579.19,5.611e+6,5.611e+6,
579.24,4.798e+6,4.798e+6,
579.29,4.052e+6,4.052e+6,
579.34,3.378e+6,3.378e+6,
579.39,2.781e+6,2.781e+6,
579.44,2.259e+6,2.259e+6,
579.49,1.812e+6,1.812e+6,
579.54,1.434e+6,1.434e+6,
579.59,1.119e+6,1.119e+6,
579.64,8.622e+5,8.622e+5,
579.69,6.552e+5,6.552e+5,
579.74,4.911e+5,4.911e+5,
579.79,3.631e+5,3.631e+5,
579.84,2.647e+5,2.647e+5,
579.89,1.903e+5,1.903e+5,
579.94,1.349e+5,1.349e+5,
579.99,9.427e+4,9.427e+4,
580.04,6.495e+4,6.495e+4,
580.09,4.412e+4,4.412e+4,
580.14,2.954e+4,2.954e+4,
580.19,1.949e+4,1.949e+4,
580.24,1.268e+4,1.268e+4,
580.29,8.131e+3,8.131e+3,
580.34,5.138e+3,5.138e+3,
580.39,3.200e+3,3.200e+3,
580.44,1.964e+3,1.964e+3,
580.49,1.188e+3,1.188e+3,
580.54,7.079e+2,7.079e+2,
580.59,4.157e+2,4.157e+2,
580.64,2.406e+2,2.406e+2,
580.69,1.372e+2,1.372e+2,
580.74,7.711e+1,7.711e+1,
580.79,4.269e+1,4.269e+1,
580.84,2.329e+1,2.329e+1,
580.89,1.252e+1,1.252e+1,
580.94,6.632e+0,6.632e+0,
580.99,3.461e+0,3.461e+0,
581.04,1.780e+0,1.780e+0,
581.09,9.016e-1,9.016e-1,
581.14,4.501e-1,4.501e-1,
581.19,2.213e-1,2.213e-1,
581.24,1.073e-1,1.073e-1,
581.29,5.120e-2,5.120e-2,
581.34,2.408e-2,2.408e-2,
581.39,1.116e-2,1.116e-2,
581.44,5.095e-3,5.095e-3,
581.49,2.292e-3,2.292e-3,
581.54,1.016e-3,1.016e-3,
581.59,4.435e-4,4.435e-4,
581.64,1.908e-4,1.908e-4,
581.69,8.084e-5,8.084e-5,
581.74,3.376e-5,3.376e-5,
581.79,1.389e-5,1.389e-5,
581.84,5.627e-6,5.627e-6,
581.89,2.246e-6,2.246e-6,
581.94,8.837e-7,8.837e-7,
581.99,3.425e-7,3.425e-7,
582.04,1.306e-7,1.306e-7,
582.09,4.913e-8,4.913e-8,
582.14,1.821e-8,1.821e-8,
582.19,6.648e-9,6.648e-9,
582.24,2.392e-9,2.392e-9,
582.29,8.476e-10,8.476e-10,