202.22,1.045e-15,0.0,1.045e-15,0.0
202.27,2.014e-14,0.0,2.014e-14,0.0
202.32,4.668e-13,0.0,4.668e-13,0.0
202.37,7.406e-12,0.0,7.406e-12,0.0
202.42,1.047e-10,0.0,1.047e-10,0.0
202.47,1.321e-09,0.0,1.321e-09,0.0
202.52,1.486e-08,0.0,1.486e-08,0.0
202.57,1.492e-07,0.0,1.492e-07,0.0
202.62,1.337e-06,0.0,1.337e-06,0.0
202.67,1.069e-05,0.0,1.069e-05,0.0
202.72,7.627e-05,0.0,7.627e-05,0.0
202.77,0.0004857,0.0,0.0004857,0.0
202.82,0.00276,0.0,0.00276,0.0
202.87,0.01399,0.0,0.01399,0.0
202.92,0.06324,0.0,0.06324,0.0
202.97,0.2549,0.0,0.2549,0.0
203.02,0.9153,0.0,0.9153,0.0
203.07,2.929,0.0,2.929,0.0
203.12,8.348,0.0,8.348,0.0
203.17,21.19,0.0,21.19,0.0
203.22,47.94,0.0,47.94,0.0
203.27,96.64,0.0,96.64,0.0
203.32,173.8,0.0,173.8,0.0
203.37,279.0,0.0,279.0,0.0
203.42,401.0,0.0,401.0,0.0
203.47,517.2,0.0,517.2,0.0
203.52,600.8,0.0,600.8,0.0
203.57,631.7,0.0,631.7,0.0
203.62,604.3,0.0,604.3,0.0
203.67,528.7,0.0,528.7,0.0
203.72,425.0,0.0,425.0,0.0
203.77,314.5,0.0,314.5,0.0
203.82,214.2,0.0,214.2,0.0
203.87,133.9,0.0,133.9,0.0
203.92,76.57,0.0,76.57,0.0
203.97,40.21,0.0,40.21,0.0
204.02,20.67,0.0,20.67,0.0
204.07,14.49,0.0,14.49,0.0
204.12,21.68,0.0,21.68,0.0
204.17,47.66,0.0,47.66,0.0
204.22,103.5,0.0,103.5,0.0
204.27,202.9,0.0,202.9,0.0
204.32,353.9,0.0,353.9,0.0
204.37,548.2,0.0,548.2,0.0
204.42,754.0,0.0,754.0,0.0
204.47,920.7,0.0,920.7,0.0
204.52,998.1,0.0,998.1,0.0
204.57,960.5,0.0,960.5,0.0
204.62,820.5,0.0,820.5,0.0
204.67,622.2,0.0,622.2,0.0
204.72,418.7,0.0,418.7,0.0
204.77,250.2,0.0,250.2,0.0
204.82,132.6,0.0,132.6,0.0
204.87,62.42,0.0,62.42,0.0
204.92,26.07,0.0,26.07,0.0
204.97,9.664,0.0,9.664,0.0
205.02,3.179,0.0,3.179,0.0
205.07,0.9282,0.0,0.9282,0.0
205.12,0.2405,0.0,0.2405,0.0
205.17,0.0553,0.0,0.0553,0.0
205.22,0.01128,0.0,0.01128,0.0
205.27,0.002043,0.0,0.002043,0.0
205.32,0.0003284,0.0,0.0003284,0.0
205.37,4.683e-05,0.0,4.683e-05,0.0
205.42,5.927e-06,0.0,5.927e-06,0.0
205.47,6.657e-07,0.0,6.657e-07,0.0
205.52,6.634e-08,0.0,6.634e-08,0.0
205.57,5.867e-09,0.0,5.867e-09,0.0
205.62,4.605e-10,0.0,4.605e-10,0.0
205.67,3.207e-11,0.0,3.207e-11,0.0
205.72,1.982e-12,0.0,1.982e-12,0.0
205.77,1.085e-13,0.0,1.085e-13,0.0
206.42,5.081e-14,0.0,5.081e-14,0.0
206.47,8.901e-13,0.0,8.901e-13,0.0
206.52,1.389e-11,0.0,1.389e-11,0.0
206.57,1.93e-10,0.0,1.93e-10,0.0
206.62,2.388e-09,0.0,2.388e-09,0.0
206.67,2.632e-08,0.0,2.632e-08,0.0
206.72,2.583e-07,0.0,2.583e-07,0.0
206.77,2.257e-06,0.0,2.257e-06,0.0
206.82,1.757e-05,0.0,1.757e-05,0.0
206.87,0.0001218,0.0,0.0001218,0.0
206.92,0.0007523,0.0,0.0007523,0.0
206.97,0.004138,0.0,0.004138,0.0
207.02,0.02028,0.0,0.02028,0.0
207.07,0.08855,0.0,0.08855,0.0
207.12,0.3447,0.0,0.3447,0.0
207.17,1.197,0.0,1.197,0.0
207.22,3.708,0.0,3.708,0.0
207.27,10.27,0.0,10.27,0.0
207.32,25.46,0.0,25.46,0.0
207.37,56.66,0.0,56.66,0.0
207.42,113.6,0.0,113.6,0.0
207.47,206.5,0.0,206.5,0.0
207.52,342.1,0.0,342.1,0.0
207.57,520.9,0.0,520.9,0.0
207.62,734.8,0.0,734.8,0.0
207.67,966.1,0.0,966.1,0.0
207.72,1187.0,0.0,1187.0,0.0
207.77,1361.0,0.0,1361.0,0.0
207.82,1448.0,0.0,1448.0,0.0
207.87,1421.0,0.0,1421.0,0.0
207.92,1278.0,0.0,1278.0,0.0
207.97,1051.0,0.0,1051.0,0.0
208.02,792.2,0.0,792.2,0.0
208.07,555.5,0.0,555.5,0.0
208.12,373.8,0.0,373.8,0.0
208.17,255.5,0.0,255.5,0.0
208.22,191.5,0.0,191.5,0.0
208.27,166.7,0.0,166.7,0.0
208.32,167.0,0.0,167.0,0.0
208.37,180.2,0.0,180.2,0.0
208.42,195.2,0.0,195.2,0.0
208.47,201.9,0.0,201.9,0.0
208.52,194.0,0.0,194.0,0.0
208.57,172.3,0.0,172.3,0.0
208.62,145.3,0.0,145.3,0.0
208.67,126.0,0.0,126.0,0.0
208.72,127.1,0.0,127.1,0.0
208.77,155.9,0.0,155.9,0.0
208.82,210.5,0.0,210.5,0.0
208.87,278.7,0.0,278.7,0.0
208.92,340.7,0.0,340.7,0.0
208.97,375.6,0.0,375.6,0.0
209.02,370.7,0.0,370.7,0.0
209.07,326.7,0.0,326.7,0.0
209.12,256.8,0.0,256.8,0.0
209.17,180.1,0.0,180.1,0.0
209.22,112.6,0.0,112.6,0.0
209.27,62.82,0.0,62.82,0.0
209.32,31.24,0.0,31.24,0.0
209.37,13.86,0.0,13.86,0.0
209.42,5.484,0.0,5.484,0.0
209.47,1.935,0.0,1.935,0.0
209.52,0.6088,0.0,0.6088,0.0
209.57,0.1708,0.0,0.1708,0.0
209.62,0.04276,0.0,0.04276,0.0
209.67,0.009543,0.0,0.009543,0.0
209.72,0.0019,0.0,0.0019,0.0
209.77,0.0003372,0.0,0.0003372,0.0
209.82,5.339e-05,0.0,5.339e-05,0.0
209.87,7.538e-06,0.0,7.538e-06,0.0
209.92,9.492e-07,0.0,9.492e-07,0.0
209.97,1.066e-07,0.0,1.066e-07,0.0
210.02,1.068e-08,0.0,1.068e-08,0.0
210.07,9.535e-10,0.0,9.535e-10,0.0
210.12,7.595e-11,0.0,7.595e-11,0.0
210.17,5.396e-12,0.0,5.396e-12,0.0
210.22,3.418e-13,0.0,3.418e-13,0.0
210.27,1.931e-14,0.0,1.931e-14,0.0
211.62,1.457e-14,0.0,1.457e-14,0.0
211.67,2.427e-13,0.0,2.427e-13,0.0
211.72,3.618e-12,0.0,3.618e-12,0.0
211.77,4.833e-11,0.0,4.833e-11,0.0
211.82,5.78e-10,0.0,5.78e-10,0.0
211.87,6.192e-09,0.0,6.192e-09,0.0
211.92,5.94e-08,0.0,5.94e-08,0.0
211.97,5.104e-07,0.0,5.104e-07,0.0
212.02,3.928e-06,0.0,3.928e-06,0.0
212.07,2.707e-05,0.0,2.707e-05,0.0
212.12,0.0001672,0.0,0.0001672,0.0
212.17,0.0009244,0.0,0.0009244,0.0
212.22,0.00458,0.0,0.00458,0.0
212.27,0.02033,0.0,0.02033,0.0
212.32,0.08085,0.0,0.08085,0.0
212.37,0.2882,0.0,0.2882,0.0
212.42,0.9212,0.0,0.9212,0.0
212.47,2.641,0.0,2.641,0.0
212.52,6.793,0.0,6.793,0.0
212.57,15.69,0.0,15.69,0.0
212.62,32.59,0.0,32.59,0.0
212.67,60.94,0.0,60.94,0.0
212.72,102.8,0.0,102.8,0.0
212.77,156.7,0.0,156.7,0.0
212.82,216.6,0.0,216.6,0.0
212.87,272.5,0.0,272.5,0.0
212.92,313.8,0.0,313.8,0.0
212.97,332.6,0.0,332.6,0.0
213.02,327.2,0.0,327.2,0.0
213.07,302.1,0.0,302.1,0.0
213.12,265.4,0.0,265.4,0.0
213.17,225.4,0.0,225.4,0.0
213.22,187.8,0.0,187.8,0.0
213.27,154.5,0.0,154.5,0.0
213.32,124.8,0.0,124.8,0.0
213.37,97.48,0.0,97.48,0.0
213.42,72.29,0.0,72.29,0.0
213.47,50.3,0.0,50.3,0.0
213.52,33.18,0.0,33.18,0.0
213.57,22.29,0.0,22.29,0.0
213.62,18.31,0.0,18.31,0.0
213.67,21.2,0.0,21.2,0.0
213.72,30.21,0.0,30.21,0.0
213.77,43.62,0.0,43.62,0.0
213.82,58.56,0.0,58.56,0.0
213.87,71.35,0.0,71.35,0.0
213.92,78.7,0.0,78.7,0.0
213.97,79.36,0.0,79.36,0.0
214.02,75.32,0.0,75.32,0.0
214.07,71.96,0.0,71.96,0.0
214.12,76.91,0.0,76.91,0.0
214.17,98.15,0.0,98.15,0.0
214.22,141.4,0.0,141.4,0.0
214.27,207.0,0.0,207.0,0.0
214.32,287.3,0.0,287.3,0.0
214.37,366.5,0.0,366.5,0.0
214.42,424.2,0.0,424.2,0.0
214.47,443.2,0.0,443.2,0.0
214.52,416.8,0.0,416.8,0.0
214.57,352.5,0.0,352.5,0.0
214.62,267.8,0.0,267.8,0.0
214.67,182.6,0.0,182.6,0.0
214.72,111.8,0.0,111.8,0.0
214.77,61.44,0.0,61.44,0.0
214.82,30.29,0.0,30.29,0.0
214.87,13.4,0.0,13.4,0.0
214.92,5.317,0.0,5.317,0.0
214.97,1.893,0.0,1.893,0.0
215.02,0.6045,0.0,0.6045,0.0
215.07,0.1732,0.0,0.1732,0.0
215.12,0.04449,0.0,0.04449,0.0
215.17,0.01026,0.0,0.01026,0.0
215.22,0.00212,0.0,0.00212,0.0
215.27,0.0003933,0.0,0.0003933,0.0
215.32,6.542e-05,0.0,6.542e-05,0.0
215.37,9.763e-06,0.0,9.763e-06,0.0
215.42,1.307e-06,0.0,1.307e-06,0.0
215.47,1.569e-07,0.0,1.569e-07,0.0
215.52,1.69e-08,0.0,1.69e-08,0.0
215.57,1.633e-09,0.0,1.633e-09,0.0
215.62,1.415e-10,0.0,1.415e-10,0.0
215.67,1.1e-11,0.0,1.1e-11,0.0
215.72,7.668e-13,0.0,7.668e-13,0.0
215.77,4.796e-14,0.0,4.796e-14,0.0
253.48,1.165e-24,0.0,0.0,1.165e-24
253.53,1.161e-23,0.0,0.0,1.161e-23
253.58,1.071e-22,0.0,0.0,1.071e-22
253.63,9.152e-22,0.0,0.0,9.152e-22
253.68,7.241e-21,0.0,0.0,7.241e-21
253.73,5.305e-20,0.0,0.0,5.305e-20
253.78,3.599e-19,0.0,0.0,3.599e-19
253.83,2.261e-18,0.0,0.0,2.261e-18
253.88,1.315e-17,0.0,0.0,1.315e-17
253.93,7.086e-17,0.0,0.0,7.086e-17
253.98,3.535e-16,0.0,0.0,3.535e-16
254.03,1.633e-15,0.0,0.0,1.633e-15
254.08,6.983e-15,0.0,0.0,6.983e-15
254.13,2.766e-14,0.0,0.0,2.766e-14
254.18,1.014e-13,0.0,0.0,1.014e-13
254.23,3.444e-13,0.0,0.0,3.444e-13
254.28,1.083e-12,0.0,0.0,1.083e-12
254.33,3.154e-12,0.0,0.0,3.154e-12
254.38,8.505e-12,0.0,0.0,8.505e-12
254.43,2.123e-11,0.0,0.0,2.123e-11
254.48,4.91e-11,0.0,0.0,4.91e-11
254.53,1.051e-10,0.0,0.0,1.051e-10
254.58,2.084e-10,0.0,0.0,2.084e-10
254.63,3.825e-10,0.0,0.0,3.825e-10
254.68,6.503e-10,0.0,0.0,6.503e-10
254.73,1.024e-09,0.0,0.0,1.024e-09
254.78,1.492e-09,0.0,0.0,1.492e-09
254.83,2.014e-09,0.0,0.0,2.014e-09
254.88,2.517e-09,0.0,0.0,2.517e-09
254.93,2.913e-09,0.0,0.0,2.913e-09
254.98,3.121e-09,0.0,0.0,3.121e-09
255.03,3.097e-09,0.0,0.0,3.097e-09
255.08,2.846e-09,0.0,0.0,2.846e-09
255.13,2.422e-09,0.0,0.0,2.422e-09
255.18,1.908e-09,0.0,0.0,1.908e-09
255.23,1.392e-09,0.0,0.0,1.392e-09
255.28,9.405e-10,0.0,0.0,9.405e-10
255.33,5.884e-10,0.0,0.0,5.884e-10
255.38,3.409e-10,0.0,0.0,3.409e-10
255.43,1.828e-10,0.0,0.0,1.828e-10
255.48,9.082e-11,0.0,0.0,9.082e-11
255.53,4.178e-11,0.0,0.0,4.178e-11
255.58,1.779e-11,0.0,0.0,1.779e-11
255.63,7.017e-12,0.0,0.0,7.017e-12
255.68,2.563e-12,0.0,0.0,2.563e-12
255.73,8.667e-13,0.0,0.0,8.667e-13
255.78,2.714e-13,0.0,0.0,2.714e-13
255.83,7.87e-14,0.0,0.0,7.87e-14
255.88,2.113e-14,0.0,0.0,2.113e-14
255.93,5.254e-15,0.0,0.0,5.254e-15
255.98,1.21e-15,0.0,0.0,1.21e-15
256.03,2.579e-16,0.0,0.0,2.579e-16
256.08,5.091e-17,0.0,0.0,5.091e-17
256.13,9.307e-18,0.0,0.0,9.307e-18
256.18,1.575e-18,0.0,0.0,1.575e-18
256.23,2.469e-19,0.0,0.0,2.469e-19
256.28,3.584e-20,0.0,0.0,3.584e-20
256.33,4.817e-21,0.0,0.0,4.817e-21
256.38,5.996e-22,0.0,0.0,5.996e-22
256.43,6.91e-23,0.0,0.0,6.91e-23
256.48,7.374e-24,0.0,0.0,7.374e-24
256.53,7.287e-25,0.0,0.0,7.287e-25
261.93,5.847e-25,0.0,0.0,5.847e-25
261.98,5.489e-24,0.0,0.0,5.489e-24
262.03,4.795e-23,0.0,0.0,4.795e-23
262.08,3.897e-22,0.0,0.0,3.897e-22
262.13,2.948e-21,0.0,0.0,2.948e-21
262.18,2.075e-20,0.0,0.0,2.075e-20
262.23,1.359e-19,0.0,0.0,1.359e-19
262.28,8.282e-19,0.0,0.0,8.282e-19
262.33,4.696e-18,0.0,0.0,4.696e-18
262.38,2.478e-17,0.0,0.0,2.478e-17
262.44,1.659e-16,0.0,0.0,1.659e-16
262.49,7.47e-16,0.0,0.0,7.47e-16
262.54,3.131e-15,0.0,0.0,3.131e-15
262.59,1.221e-14,0.0,0.0,1.221e-14
262.64,4.431e-14,0.0,0.0,4.431e-14
262.69,1.496e-13,0.0,0.0,1.496e-13
262.74,4.701e-13,0.0,0.0,4.701e-13
262.79,1.374e-12,0.0,0.0,1.374e-12
262.84,3.74e-12,0.0,0.0,3.74e-12
262.89,9.467e-12,0.0,0.0,9.467e-12
262.94,2.23e-11,0.0,0.0,2.23e-11
262.99,4.889e-11,0.0,0.0,4.889e-11
263.04,9.973e-11,0.0,0.0,9.973e-11
263.09,1.893e-10,0.0,0.0,1.893e-10
263.14,3.343e-10,0.0,0.0,3.343e-10
263.19,5.495e-10,0.0,0.0,5.495e-10
263.24,8.404e-10,0.0,0.0,8.404e-10
263.29,1.196e-09,0.0,0.0,1.196e-09
263.34,1.584e-09,0.0,0.0,1.584e-09
263.39,1.951e-09,0.0,0.0,1.951e-09
263.44,2.238e-09,0.0,0.0,2.238e-09
263.49,2.387e-09,0.0,0.0,2.387e-09
263.54,2.37e-09,0.0,0.0,2.37e-09
263.59,2.19e-09,0.0,0.0,2.19e-09
263.64,1.882e-09,0.0,0.0,1.882e-09
263.69,1.506e-09,0.0,0.0,1.506e-09
263.74,1.121e-09,0.0,0.0,1.121e-09
263.79,7.764e-10,0.0,0.0,7.764e-10
263.84,5.004e-10,0.0,0.0,5.004e-10
263.89,3.001e-10,0.0,0.0,3.001e-10
263.94,1.675e-10,0.0,0.0,1.675e-10
263.99,8.698e-11,0.0,0.0,8.698e-11
264.04,4.203e-11,0.0,0.0,4.203e-11
264.09,1.89e-11,0.0,0.0,1.89e-11
264.14,7.908e-12,0.0,0.0,7.908e-12
264.19,3.079e-12,0.0,0.0,3.079e-12
264.24,1.115e-12,0.0,0.0,1.115e-12
264.29,3.76e-13,0.0,0.0,3.76e-13
264.34,1.18e-13,0.0,0.0,1.18e-13
264.39,3.444e-14,0.0,0.0,3.444e-14
264.44,9.354e-15,0.0,0.0,9.354e-15
264.49,2.364e-15,0.0,0.0,2.364e-15
264.54,5.56e-16,0.0,0.0,5.56e-16
264.59,1.217e-16,0.0,0.0,1.217e-16
264.64,2.478e-17,0.0,0.0,2.478e-17
264.69,4.696e-18,0.0,0.0,4.696e-18
264.74,8.282e-19,0.0,0.0,8.282e-19
264.79,1.359e-19,0.0,0.0,1.359e-19
264.84,2.075e-20,0.0,0.0,2.075e-20
264.89,2.948e-21,0.0,0.0,2.948e-21
264.94,3.897e-22,0.0,0.0,3.897e-22
264.99,4.795e-23,0.0,0.0,4.795e-23
265.04,5.489e-24,0.0,0.0,5.489e-24
265.09,5.847e-25,0.0,0.0,5.847e-25
267.39,3.7e-25,0.0,0.0,3.7e-25
267.44,3.307e-24,0.0,0.0,3.307e-24
267.49,2.759e-23,0.0,0.0,2.759e-23
267.54,2.148e-22,0.0,0.0,2.148e-22
267.59,1.561e-21,0.0,0.0,1.561e-21
267.64,1.058e-20,0.0,0.0,1.058e-20
267.69,6.697e-20,0.0,0.0,6.697e-20
267.74,3.955e-19,0.0,0.0,3.955e-19
267.79,2.18e-18,0.0,0.0,2.18e-18
267.84,1.121e-17,0.0,0.0,1.121e-17
267.89,5.381e-17,0.0,0.0,5.381e-17
267.94,2.41e-16,0.0,0.0,2.41e-16
267.99,1.008e-15,0.0,0.0,1.008e-15
268.04,3.93e-15,0.0,0.0,3.93e-15
268.09,1.431e-14,0.0,0.0,1.431e-14
268.14,4.862e-14,0.0,0.0,4.862e-14
268.19,1.542e-13,0.0,0.0,1.542e-13
268.24,4.562e-13,0.0,0.0,4.562e-13
268.29,1.26e-12,0.0,0.0,1.26e-12
268.34,3.246e-12,0.0,0.0,3.246e-12
268.39,7.808e-12,0.0,0.0,7.808e-12
268.44,1.752e-11,0.0,0.0,1.752e-11
268.49,3.671e-11,0.0,0.0,3.671e-11
268.54,7.175e-11,0.0,0.0,7.175e-11
268.59,1.309e-10,0.0,0.0,1.309e-10
268.64,2.228e-10,0.0,0.0,2.228e-10
268.69,3.54e-10,0.0,0.0,3.54e-10
268.74,5.249e-10,0.0,0.0,5.249e-10
268.79,7.264e-10,0.0,0.0,7.264e-10
268.84,9.38e-10,0.0,0.0,9.38e-10
268.89,1.13e-09,0.0,0.0,1.13e-09
268.94,1.271e-09,0.0,0.0,1.271e-09
268.99,1.334e-09,0.0,0.0,1.334e-09
269.04,1.307e-09,0.0,0.0,1.307e-09
269.09,1.195e-09,0.0,0.0,1.195e-09
269.14,1.019e-09,0.0,0.0,1.019e-09
269.19,8.113e-10,0.0,0.0,8.113e-10
269.24,6.027e-10,0.0,0.0,6.027e-10
269.29,4.179e-10,0.0,0.0,4.179e-10
269.34,2.704e-10,0.0,0.0,2.704e-10
269.39,1.633e-10,0.0,0.0,1.633e-10
269.44,9.202e-11,0.0,0.0,9.202e-11
269.49,4.839e-11,0.0,0.0,4.839e-11
269.54,2.375e-11,0.0,0.0,2.375e-11
269.59,1.088e-11,0.0,0.0,1.088e-11
269.64,4.65e-12,0.0,0.0,4.65e-12
269.69,1.855e-12,0.0,0.0,1.855e-12
269.74,6.905e-13,0.0,0.0,6.905e-13
269.79,2.399e-13,0.0,0.0,2.399e-13
269.84,7.778e-14,0.0,0.0,7.778e-14
269.89,2.353e-14,0.0,0.0,2.353e-14
269.94,6.645e-15,0.0,0.0,6.645e-15
269.99,1.751e-15,0.0,0.0,1.751e-15
270.04,4.307e-16,0.0,0.0,4.307e-16
270.09,9.884e-17,0.0,0.0,9.884e-17
270.14,2.117e-17,0.0,0.0,2.117e-17
270.19,4.231e-18,0.0,0.0,4.231e-18
270.24,7.893e-19,0.0,0.0,7.893e-19
270.29,1.374e-19,0.0,0.0,1.374e-19
270.34,2.232e-20,0.0,0.0,2.232e-20
270.39,3.384e-21,0.0,0.0,3.384e-21
270.44,4.788e-22,0.0,0.0,4.788e-22
270.49,6.323e-23,0.0,0.0,6.323e-23
270.54,7.791e-24,0.0,0.0,7.791e-24
270.59,8.96e-25,0.0,0.0,8.96e-25
278.34,1.878e-26,0.0,0.0,1.878e-26
278.39,1.59e-25,0.0,0.0,1.59e-25
278.44,1.262e-24,0.0,0.0,1.262e-24
278.49,9.406e-24,0.0,0.0,9.406e-24
278.54,6.575e-23,0.0,0.0,6.575e-23
278.59,4.313e-22,0.0,0.0,4.313e-22
278.64,2.654e-21,0.0,0.0,2.654e-21
278.69,1.532e-20,0.0,0.0,1.532e-20
278.74,8.301e-20,0.0,0.0,8.301e-20
278.79,4.219e-19,0.0,0.0,4.219e-19
278.84,2.012e-18,0.0,0.0,2.012e-18
278.89,9.001e-18,0.0,0.0,9.001e-18
278.94,3.779e-17,0.0,0.0,3.779e-17
278.99,1.488e-16,0.0,0.0,1.488e-16
279.04,5.499e-16,0.0,0.0,5.499e-16
279.09,1.906e-15,0.0,0.0,1.906e-15
279.14,6.201e-15,0.0,0.0,6.201e-15
279.19,1.893e-14,0.0,0.0,1.893e-14
279.24,5.419e-14,0.0,0.0,5.419e-14
279.29,1.456e-13,0.0,0.0,1.456e-13
279.34,3.669e-13,0.0,0.0,3.669e-13
279.39,8.678e-13,0.0,0.0,8.678e-13
279.44,1.925e-12,0.0,0.0,1.925e-12
279.49,4.008e-12,0.0,0.0,4.008e-12
279.54,7.829e-12,0.0,0.0,7.829e-12
279.59,1.435e-11,0.0,0.0,1.435e-11
279.64,2.467e-11,0.0,0.0,2.467e-11
279.69,3.979e-11,0.0,0.0,3.979e-11
279.74,6.022e-11,0.0,0.0,6.022e-11
279.79,8.552e-11,0.0,0.0,8.552e-11
279.84,1.139e-10,0.0,0.0,1.139e-10
279.89,1.424e-10,0.0,0.0,1.424e-10
279.94,1.67e-10,0.0,0.0,1.67e-10
279.99,1.838e-10,0.0,0.0,1.838e-10
280.04,1.897e-10,0.0,0.0,1.897e-10
280.09,1.838e-10,0.0,0.0,1.838e-10
280.14,1.67e-10,0.0,0.0,1.67e-10
280.19,1.424e-10,0.0,0.0,1.424e-10
280.24,1.139e-10,0.0,0.0,1.139e-10
280.29,8.552e-11,0.0,0.0,8.552e-11
280.34,6.022e-11,0.0,0.0,6.022e-11
280.39,3.979e-11,0.0,0.0,3.979e-11
280.44,2.467e-11,0.0,0.0,2.467e-11
280.49,1.435e-11,0.0,0.0,1.435e-11
280.54,7.829e-12,0.0,0.0,7.829e-12
280.59,4.008e-12,0.0,0.0,4.008e-12
280.64,1.925e-12,0.0,0.0,1.925e-12
280.69,8.678e-13,0.0,0.0,8.678e-13
280.74,3.669e-13,0.0,0.0,3.669e-13
280.79,1.456e-13,0.0,0.0,1.456e-13
280.84,5.419e-14,0.0,0.0,5.419e-14
280.89,1.893e-14,0.0,0.0,1.893e-14
280.94,6.201e-15,0.0,0.0,6.201e-15
280.99,1.906e-15,0.0,0.0,1.906e-15
281.04,5.499e-16,0.0,0.0,5.499e-16
281.09,1.488e-16,0.0,0.0,1.488e-16
281.14,3.779e-17,0.0,0.0,3.779e-17
281.19,9.001e-18,0.0,0.0,9.001e-18
281.24,2.012e-18,0.0,0.0,2.012e-18
281.29,4.219e-19,0.0,0.0,4.219e-19
281.34,8.301e-20,0.0,0.0,8.301e-20
281.39,1.532e-20,0.0,0.0,1.532e-20
281.44,2.654e-21,0.0,0.0,2.654e-21
281.49,4.313e-22,0.0,0.0,4.313e-22
281.54,6.575e-23,0.0,0.0,6.575e-23
281.59,9.406e-24,0.0,0.0,9.406e-24
281.64,1.262e-24,0.0,0.0,1.262e-24
281.69,1.59e-25,0.0,0.0,1.59e-25
281.74,1.878e-26,0.0,0.0,1.878e-26
288.59,7.872e-26,0.0,0.0,7.872e-26
288.64,6.092e-25,0.0,0.0,6.092e-25
288.69,4.444e-24,0.0,0.0,4.444e-24
288.74,3.055e-23,0.0,0.0,3.055e-23
288.79,1.979e-22,0.0,0.0,1.979e-22
288.84,1.208e-21,0.0,0.0,1.208e-21
288.89,6.951e-21,0.0,0.0,6.951e-21
288.94,3.769e-20,0.0,0.0,3.769e-20
288.99,1.926e-19,0.0,0.0,1.926e-19
289.04,9.274e-19,0.0,0.0,9.274e-19
289.09,4.209e-18,0.0,0.0,4.209e-18
289.14,1.8e-17,0.0,0.0,1.8e-17
289.19,7.256e-17,0.0,0.0,7.256e-17
289.24,2.756e-16,0.0,0.0,2.756e-16
289.29,9.866e-16,0.0,0.0,9.866e-16
289.34,3.328e-15,0.0,0.0,3.328e-15
289.39,1.058e-14,0.0,0.0,1.058e-14
289.44,3.17e-14,0.0,0.0,3.17e-14
289.49,8.952e-14,0.0,0.0,8.952e-14
289.54,2.382e-13,0.0,0.0,2.382e-13
289.59,5.974e-13,0.0,0.0,5.974e-13
289.64,1.412e-12,0.0,0.0,1.412e-12
289.69,3.144e-12,0.0,0.0,3.144e-12
289.74,6.6e-12,0.0,0.0,6.6e-12
289.79,1.306e-11,0.0,0.0,1.306e-11
289.84,2.434e-11,0.0,0.0,2.434e-11
289.89,4.276e-11,0.0,0.0,4.276e-11
289.94,7.079e-11,0.0,0.0,7.079e-11
289.99,1.105e-10,0.0,0.0,1.105e-10
290.04,1.624e-10,0.0,0.0,1.624e-10
290.09,2.251e-10,0.0,0.0,2.251e-10
290.14,2.939e-10,0.0,0.0,2.939e-10
290.19,3.617e-10,0.0,0.0,3.617e-10
290.24,4.195e-10,0.0,0.0,4.195e-10
290.29,4.586e-10,0.0,0.0,4.586e-10
290.34,4.724e-10,0.0,0.0,4.724e-10
290.39,4.586e-10,0.0,0.0,4.586e-10
290.44,4.195e-10,0.0,0.0,4.195e-10
290.49,3.617e-10,0.0,0.0,3.617e-10
290.54,2.939e-10,0.0,0.0,2.939e-10
290.59,2.251e-10,0.0,0.0,2.251e-10
290.64,1.624e-10,0.0,0.0,1.624e-10
290.69,1.105e-10,0.0,0.0,1.105e-10
290.74,7.079e-11,0.0,0.0,7.079e-11
290.79,4.276e-11,0.0,0.0,4.276e-11
290.84,2.434e-11,0.0,0.0,2.434e-11
290.89,1.306e-11,0.0,0.0,1.306e-11
290.94,6.6e-12,0.0,0.0,6.6e-12
290.99,3.144e-12,0.0,0.0,3.144e-12
291.04,1.412e-12,0.0,0.0,1.412e-12
291.09,5.974e-13,0.0,0.0,5.974e-13
291.14,2.382e-13,0.0,0.0,2.382e-13
291.19,8.952e-14,0.0,0.0,8.952e-14
291.24,3.17e-14,0.0,0.0,3.17e-14
291.29,1.058e-14,0.0,0.0,1.058e-14
291.34,3.328e-15,0.0,0.0,3.328e-15
291.39,9.866e-16,0.0,0.0,9.866e-16
291.44,2.756e-16,0.0,0.0,2.756e-16
291.49,7.256e-17,0.0,0.0,7.256e-17
291.54,1.8e-17,0.0,0.0,1.8e-17
291.59,4.209e-18,0.0,0.0,4.209e-18
291.64,9.274e-19,0.0,0.0,9.274e-19
291.69,1.926e-19,0.0,0.0,1.926e-19
291.74,3.769e-20,0.0,0.0,3.769e-20
291.79,6.951e-21,0.0,0.0,6.951e-21
291.84,1.208e-21,0.0,0.0,1.208e-21
291.89,1.979e-22,0.0,0.0,1.979e-22
291.94,3.055e-23,0.0,0.0,3.055e-23
291.99,4.444e-24,0.0,0.0,4.444e-24
292.04,6.092e-25,0.0,0.0,6.092e-25
292.09,5.546e-25,0.0,0.0,5.546e-25
292.14,3.549e-24,0.0,0.0,3.549e-24
292.19,2.498e-23,0.0,0.0,2.498e-23
292.24,1.66e-22,0.0,0.0,1.66e-22
292.29,1.041e-21,0.0,0.0,1.041e-21
292.34,6.156e-21,0.0,0.0,6.156e-21
292.39,3.437e-20,0.0,0.0,3.437e-20
292.44,1.811e-19,0.0,0.0,1.811e-19
292.49,9.008e-19,0.0,0.0,9.008e-19
292.54,4.228e-18,0.0,0.0,4.228e-18
292.59,1.873e-17,0.0,0.0,1.873e-17
292.64,7.827e-17,0.0,0.0,7.827e-17
292.69,3.088e-16,0.0,0.0,3.088e-16
292.74,1.15e-15,0.0,0.0,1.15e-15
292.79,4.039e-15,0.0,0.0,4.039e-15
292.84,1.339e-14,0.0,0.0,1.339e-14
292.89,4.19e-14,0.0,0.0,4.19e-14
292.94,1.237e-13,0.0,0.0,1.237e-13
292.99,3.449e-13,0.0,0.0,3.449e-13
293.04,9.071e-13,0.0,0.0,9.071e-13
293.09,2.252e-12,0.0,0.0,2.252e-12
293.14,5.275e-12,0.0,0.0,5.275e-12
293.19,1.166e-11,0.0,0.0,1.166e-11
293.24,2.433e-11,0.0,0.0,2.433e-11
293.3,5.447e-11,0.0,0.0,5.447e-11
293.35,1.001e-10,0.0,0.0,1.001e-10
293.4,1.734e-10,0.0,0.0,1.734e-10
293.45,2.837e-10,0.0,0.0,2.837e-10
293.5,4.381e-10,0.0,0.0,4.381e-10
293.55,6.383e-10,0.0,0.0,6.383e-10
293.6,8.777e-10,0.0,0.0,8.777e-10
293.65,1.139e-09,0.0,0.0,1.139e-09
293.7,1.395e-09,0.0,0.0,1.395e-09
293.75,1.612e-09,0.0,0.0,1.612e-09
293.8,1.758e-09,0.0,0.0,1.758e-09
293.85,1.81e-09,0.0,0.0,1.81e-09
293.9,1.758e-09,0.0,0.0,1.758e-09
293.95,1.612e-09,0.0,0.0,1.612e-09
294.0,1.395e-09,0.0,0.0,1.395e-09
294.05,1.139e-09,0.0,0.0,1.139e-09
294.1,8.777e-10,0.0,0.0,8.777e-10
294.15,6.383e-10,0.0,0.0,6.383e-10
294.2,4.381e-10,0.0,0.0,4.381e-10
294.25,2.837e-10,0.0,0.0,2.837e-10
294.3,1.734e-10,0.0,0.0,1.734e-10
294.35,1.001e-10,0.0,0.0,1.001e-10
294.4,5.448e-11,0.0,0.0,5.448e-11
294.45,2.799e-11,0.0,0.0,2.799e-11
294.5,1.359e-11,0.0,0.0,1.359e-11
294.55,6.262e-12,0.0,0.0,6.262e-12
294.6,2.82e-12,0.0,0.0,2.82e-12
294.65,1.44e-12,0.0,0.0,1.44e-12
294.7,1.244e-12,0.0,0.0,1.244e-12
294.75,2e-12,0.0,0.0,2e-12
294.8,3.964e-12,0.0,0.0,3.964e-12
294.85,7.841e-12,0.0,0.0,7.841e-12
294.9,1.478e-11,0.0,0.0,1.478e-11
294.95,2.636e-11,0.0,0.0,2.636e-11
295.0,4.439e-11,0.0,0.0,4.439e-11
295.05,7.06e-11,0.0,0.0,7.06e-11
295.1,1.06e-10,0.0,0.0,1.06e-10
295.15,1.504e-10,0.0,0.0,1.504e-10
295.2,2.014e-10,0.0,0.0,2.014e-10
295.25,2.547e-10,0.0,0.0,2.547e-10
295.3,3.042e-10,0.0,0.0,3.042e-10
295.35,3.431e-10,0.0,0.0,3.431e-10
295.4,3.655e-10,0.0,0.0,3.655e-10
295.45,3.676e-10,0.0,0.0,3.676e-10
295.5,3.491e-10,0.0,0.0,3.491e-10
295.55,3.131e-10,0.0,0.0,3.131e-10
295.6,2.652e-10,0.0,0.0,2.652e-10
295.65,2.121e-10,0.0,0.0,2.121e-10
295.7,1.602e-10,0.0,0.0,1.602e-10
295.75,1.142e-10,0.0,0.0,1.142e-10
295.8,7.693e-11,0.0,0.0,7.693e-11
295.85,4.893e-11,0.0,0.0,4.893e-11
295.9,2.939e-11,0.0,0.0,2.939e-11
295.95,1.667e-11,0.0,0.0,1.667e-11
296.0,8.926e-12,0.0,0.0,8.926e-12
296.05,4.514e-12,0.0,0.0,4.514e-12
296.1,2.156e-12,0.0,0.0,2.156e-12
296.15,9.724e-13,0.0,0.0,9.724e-13
296.2,4.141e-13,0.0,0.0,4.141e-13
296.25,1.665e-13,0.0,0.0,1.665e-13
296.3,6.325e-14,0.0,0.0,6.325e-14
296.35,2.269e-14,0.0,0.0,2.269e-14
296.4,7.683e-15,0.0,0.0,7.683e-15
296.45,2.457e-15,0.0,0.0,2.457e-15
296.5,7.421e-16,0.0,0.0,7.421e-16
296.55,2.116e-16,0.0,0.0,2.116e-16
296.6,5.7e-17,0.0,0.0,5.7e-17
296.65,1.45e-17,0.0,0.0,1.45e-17
296.7,3.481e-18,0.0,0.0,3.481e-18
296.75,7.895e-19,0.0,0.0,7.895e-19
296.8,1.691e-19,0.0,0.0,1.691e-19
296.85,3.42e-20,0.0,0.0,3.42e-20
296.9,6.542e-21,0.0,0.0,6.542e-21
296.95,1.256e-21,0.0,0.0,1.256e-21
297.0,6.926e-22,0.0,0.0,6.926e-22
297.05,2.975e-21,0.0,0.0,2.975e-21
297.1,1.665e-20,0.0,0.0,1.665e-20
297.15,8.898e-20,0.0,0.0,8.898e-20
297.2,4.498e-19,0.0,0.0,4.498e-19
297.25,2.15e-18,0.0,0.0,2.15e-18
297.3,9.716e-18,0.0,0.0,9.716e-18
297.35,4.151e-17,0.0,0.0,4.151e-17
297.4,1.677e-16,0.0,0.0,1.677e-16
297.45,6.404e-16,0.0,0.0,6.404e-16
297.5,2.313e-15,0.0,0.0,2.313e-15
297.55,7.896e-15,0.0,0.0,7.896e-15
297.6,2.549e-14,0.0,0.0,2.549e-14
297.65,7.779e-14,0.0,0.0,7.779e-14
297.7,2.245e-13,0.0,0.0,2.245e-13
297.75,6.124e-13,0.0,0.0,6.124e-13
297.8,1.58e-12,0.0,0.0,1.58e-12
297.85,3.852e-12,0.0,0.0,3.852e-12
297.9,8.883e-12,0.0,0.0,8.883e-12
297.95,1.937e-11,0.0,0.0,1.937e-11
298.0,3.992e-11,0.0,0.0,3.992e-11
298.05,7.779e-11,0.0,0.0,7.779e-11
298.1,1.433e-10,0.0,0.0,1.433e-10
298.15,2.497e-10,0.0,0.0,2.497e-10
298.2,4.114e-10,0.0,0.0,4.114e-10
298.25,6.408e-10,0.0,0.0,6.408e-10
298.3,9.438e-10,0.0,0.0,9.438e-10
298.35,1.315e-09,0.0,0.0,1.315e-09
298.4,1.734e-09,0.0,0.0,1.734e-09
298.45,2.164e-09,0.0,0.0,2.164e-09
298.5,2.563e-09,0.0,0.0,2.563e-09
298.55,2.887e-09,0.0,0.0,2.887e-09
298.6,3.113e-09,0.0,0.0,3.113e-09
298.65,3.248e-09,0.0,0.0,3.248e-09
298.7,3.34e-09,0.0,0.0,3.34e-09
298.75,3.478e-09,0.0,0.0,3.478e-09
298.8,3.778e-09,0.0,0.0,3.778e-09
298.85,4.362e-09,0.0,0.0,4.362e-09
298.9,5.322e-09,0.0,0.0,5.322e-09
298.95,6.688e-09,0.0,0.0,6.688e-09
299.0,8.402e-09,0.0,0.0,8.402e-09
299.05,1.031e-08,0.0,0.0,1.031e-08
299.1,1.217e-08,0.0,0.0,1.217e-08
299.15,1.371e-08,0.0,0.0,1.371e-08
299.2,1.467e-08,0.0,0.0,1.467e-08
299.25,1.488e-08,0.0,0.0,1.488e-08
299.3,1.43e-08,0.0,0.0,1.43e-08
299.35,1.299e-08,0.0,0.0,1.299e-08
299.4,1.117e-08,0.0,0.0,1.117e-08
299.45,9.085e-09,0.0,0.0,9.085e-09
299.5,6.988e-09,0.0,0.0,6.988e-09
299.55,5.083e-09,0.0,0.0,5.083e-09
299.6,3.496e-09,0.0,0.0,3.496e-09
299.65,2.275e-09,0.0,0.0,2.275e-09
299.7,1.399e-09,0.0,0.0,1.399e-09
299.75,8.141e-10,0.0,0.0,8.141e-10
299.8,4.479e-10,0.0,0.0,4.479e-10
299.85,2.331e-10,0.0,0.0,2.331e-10
299.9,1.147e-10,0.0,0.0,1.147e-10
299.95,5.337e-11,0.0,0.0,5.337e-11
300.0,2.349e-11,0.0,0.0,2.349e-11
300.05,9.775e-12,0.0,0.0,9.775e-12
300.1,3.847e-12,0.0,0.0,3.847e-12
300.15,1.432e-12,0.0,0.0,1.432e-12
300.2,5.04e-13,0.0,0.0,5.04e-13
300.25,1.678e-13,0.0,0.0,1.678e-13
300.3,5.281e-14,0.0,0.0,5.281e-14
300.35,1.572e-14,0.0,0.0,1.572e-14
300.4,4.426e-15,0.0,0.0,4.426e-15
300.45,1.178e-15,0.0,0.0,1.178e-15
300.5,2.967e-16,0.0,0.0,2.967e-16
300.55,7.065e-17,0.0,0.0,7.065e-17
300.6,1.591e-17,0.0,0.0,1.591e-17
300.65,3.388e-18,0.0,0.0,3.388e-18
300.7,6.827e-19,0.0,0.0,6.827e-19
300.75,1.324e-19,0.0,0.0,1.324e-19
300.8,3.692e-20,0.0,0.0,3.692e-20
300.85,7.491e-20,0.0,0.0,7.491e-20
300.9,3.529e-19,0.0,0.0,3.529e-19
300.95,1.656e-18,0.0,0.0,1.656e-18
301.0,7.372e-18,0.0,0.0,7.372e-18
301.05,3.107e-17,0.0,0.0,3.107e-17
301.1,1.24e-16,0.0,0.0,1.24e-16
301.15,4.684e-16,0.0,0.0,4.684e-16
301.2,1.675e-15,0.0,0.0,1.675e-15
301.25,5.673e-15,0.0,0.0,5.673e-15
301.3,1.819e-14,0.0,0.0,1.819e-14
301.35,5.521e-14,0.0,0.0,5.521e-14
301.4,1.587e-13,0.0,0.0,1.587e-13
301.45,4.317e-13,0.0,0.0,4.317e-13
301.5,1.112e-12,0.0,0.0,1.112e-12
301.55,2.713e-12,0.0,0.0,2.713e-12
301.6,6.264e-12,0.0,0.0,6.264e-12
301.65,1.369e-11,0.0,0.0,1.369e-11
301.7,2.835e-11,0.0,0.0,2.835e-11
301.75,5.555e-11,0.0,0.0,5.555e-11
301.8,1.031e-10,0.0,0.0,1.031e-10
301.85,1.81e-10,0.0,0.0,1.81e-10
301.9,3.011e-10,0.0,0.0,3.011e-10
301.95,4.741e-10,0.0,0.0,4.741e-10
302.0,7.068e-10,0.0,0.0,7.068e-10
302.05,9.975e-10,0.0,0.0,9.975e-10
302.1,1.333e-09,0.0,0.0,1.333e-09
302.15,1.686e-09,0.0,0.0,1.686e-09
302.2,2.02e-09,0.0,0.0,2.02e-09
302.25,2.291e-09,0.0,0.0,2.291e-09
302.3,2.46e-09,0.0,0.0,2.46e-09
302.35,2.5e-09,0.0,0.0,2.5e-09
302.4,2.407e-09,0.0,0.0,2.407e-09
302.45,2.193e-09,0.0,0.0,2.193e-09
302.5,1.892e-09,0.0,0.0,1.892e-09
302.55,1.545e-09,0.0,0.0,1.545e-09
302.6,1.195e-09,0.0,0.0,1.195e-09
302.65,8.748e-10,0.0,0.0,8.748e-10
302.7,6.064e-10,0.0,0.0,6.064e-10
302.75,3.98e-10,0.0,0.0,3.98e-10
302.8,2.473e-10,0.0,0.0,2.473e-10
302.85,1.455e-10,0.0,0.0,1.455e-10
302.9,8.102e-11,0.0,0.0,8.102e-11
302.95,4.272e-11,0.0,0.0,4.272e-11
303.0,2.133e-11,0.0,0.0,2.133e-11
303.05,1.008e-11,0.0,0.0,1.008e-11
303.1,4.511e-12,0.0,0.0,4.511e-12
303.15,1.911e-12,0.0,0.0,1.911e-12
303.2,7.668e-13,0.0,0.0,7.668e-13
303.25,2.912e-13,0.0,0.0,2.912e-13
303.3,1.047e-13,0.0,0.0,1.047e-13
303.35,3.565e-14,0.0,0.0,3.565e-14
303.4,1.149e-14,0.0,0.0,1.149e-14
303.45,3.506e-15,0.0,0.0,3.506e-15
303.5,1.013e-15,0.0,0.0,1.013e-15
303.55,2.771e-16,0.0,0.0,2.771e-16
303.6,7.176e-17,0.0,0.0,7.176e-17
303.65,1.764e-17,0.0,0.0,1.764e-17
303.7,4.32e-18,0.0,0.0,4.32e-18
303.75,2.051e-18,0.0,0.0,2.051e-18
303.8,5.511e-18,0.0,0.0,5.511e-18
303.85,2.334e-17,0.0,0.0,2.334e-17
303.9,9.663e-17,0.0,0.0,9.663e-17
303.95,3.798e-16,0.0,0.0,3.798e-16
304.0,1.415e-15,0.0,0.0,1.415e-15
304.05,4.995e-15,0.0,0.0,4.995e-15
304.1,1.671e-14,0.0,0.0,1.671e-14
304.15,5.3e-14,0.0,0.0,5.3e-14
304.2,1.593e-13,0.0,0.0,1.593e-13
304.25,4.537e-13,0.0,0.0,4.537e-13
304.3,1.225e-12,0.0,0.0,1.225e-12
304.35,3.192e-12,0.0,5.869e-14,3.133e-12
304.4,8.012e-12,0.0,4.154e-13,7.597e-12
304.45,2.024e-11,0.0,2.787e-12,1.746e-11
304.5,5.575e-11,0.0,1.773e-11,3.802e-11
304.55,1.854e-10,0.0,1.07e-10,7.847e-11
304.6,7.651e-10,0.0,6.116e-10,1.535e-10
304.65,3.6e-09,0.0,3.316e-09,2.846e-10
304.7,1.754e-08,0.0,1.704e-08,5.001e-10
304.75,8.388e-08,0.0,8.305e-08,8.328e-10
304.8,3.85e-07,0.0,3.837e-07,1.315e-09
304.85,1.683e-06,0.0,1.681e-06,1.967e-09
304.9,6.982e-06,0.0,6.979e-06,2.79e-09
304.95,2.748e-05,0.0,2.748e-05,3.752e-09
305.0,0.0001026,0.0,0.0001026,4.785e-09
305.05,0.0003629,0.0,0.0003629,5.79e-09
305.1,0.001218,0.0,0.001218,6.653e-09
305.15,0.003873,0.0,0.003873,7.267e-09
305.2,0.01168,0.0,0.01168,7.562e-09
305.25,0.03339,0.0,0.03339,7.519e-09
305.3,0.0905,0.0,0.0905,7.181e-09
305.35,0.2326,0.0,0.2326,6.636e-09
305.4,0.5666,0.0,0.5666,5.995e-09
305.45,1.309,0.0,1.309,5.362e-09
305.5,2.866,0.0,2.866,4.809e-09
305.55,5.951,0.0,5.951,4.366e-09
305.6,11.71,0.0,11.71,4.022e-09
305.65,21.86,0.0,21.86,3.743e-09
305.7,38.68,0.0,38.68,3.486e-09
305.75,64.87,0.0,64.87,3.222e-09
305.8,103.2,0.0,103.2,2.939e-09
305.85,155.5,0.0,155.5,2.645e-09
305.9,222.3,0.0,222.3,2.357e-09
305.95,301.3,0.0,301.3,2.092e-09
306.0,387.1,0.0,387.1,1.86e-09
306.05,471.6,0.0,471.6,1.659e-09
306.1,544.6,0.0,544.6,1.48e-09
306.15,596.3,0.0,596.3,1.311e-09
306.2,619.0,0.0,619.0,1.142e-09
306.25,609.1,0.0,609.1,9.678e-10
306.3,568.3,0.0,568.3,7.923e-10
306.35,502.7,0.0,502.7,6.226e-10
306.4,421.6,0.0,421.6,4.676e-10
306.45,335.2,0.0,335.2,3.347e-10
306.5,252.7,0.0,252.7,2.279e-10
306.55,180.6,0.0,180.6,1.474e-10
306.6,122.4,0.0,122.4,9.05e-11
306.65,78.6,0.0,78.6,5.273e-11
306.7,47.87,0.0,47.87,2.914e-11
306.75,27.64,0.0,27.64,1.527e-11
306.8,15.13,0.0,15.13,7.588e-12
306.85,7.852,0.0,7.852,3.576e-12
306.9,3.864,0.0,3.864,1.597e-12
306.95,1.802,0.0,1.802,6.765e-13
307.0,0.7971,0.0,0.7971,2.717e-13
307.05,0.3342,0.0,0.3342,1.034e-13
307.1,0.1329,0.0,0.1329,3.733e-14
307.15,0.05007,0.0,0.05007,1.277e-14
307.2,0.01789,0.0,0.01789,4.143e-15
307.25,0.006061,0.0,0.006061,1.274e-15
307.3,0.001947,0.0,0.001947,3.715e-16
307.35,0.0005927,0.0,0.0005927,1.027e-16
307.4,0.0001711,0.0,0.0001711,2.691e-17
307.45,4.683e-05,0.0,4.683e-05,6.686e-18
307.5,1.215e-05,0.0,1.215e-05,1.575e-18
307.55,2.989e-06,0.0,2.989e-06,3.516e-19
307.6,6.972e-07,0.0,6.972e-07,7.444e-20
307.65,1.542e-07,0.0,1.542e-07,1.494e-20
307.7,3.232e-08,0.0,3.232e-08,2.842e-21
307.75,6.423e-09,0.0,6.423e-09,5.127e-22
307.8,1.21e-09,0.0,1.21e-09,8.768e-23
307.85,2.162e-10,0.0,2.162e-10,1.421e-23
307.9,3.662e-11,0.0,3.662e-11,2.185e-24
307.95,5.88e-12,0.0,5.88e-12,3.184e-25
308.0,8.952e-13,0.0,8.952e-13,0.0
308.05,1.292e-13,0.0,1.292e-13,0.0
308.65,8.245e-14,0.0,8.245e-14,0.0
308.7,5.474e-13,0.0,5.474e-13,0.0
308.75,3.45e-12,0.0,3.45e-12,0.0
308.8,2.065e-11,0.0,2.065e-11,0.0
308.85,1.173e-10,0.0,1.173e-10,0.0
308.9,6.33e-10,0.0,6.33e-10,0.0
308.95,3.243e-09,0.0,3.243e-09,0.0
309.0,1.577e-08,0.0,1.577e-08,0.0
309.05,7.283e-08,0.0,7.283e-08,0.0
309.1,3.193e-07,0.0,3.193e-07,0.0
309.15,1.329e-06,0.0,1.329e-06,0.0
309.2,5.254e-06,0.0,5.254e-06,0.0
309.25,1.972e-05,0.0,1.972e-05,0.0
309.3,7.025e-05,0.0,7.025e-05,0.0
309.35,0.0002377,0.0,0.0002377,0.0
309.4,0.0007633,0.0,0.0007633,0.0
309.45,0.002328,0.0,0.002328,0.0
309.5,0.006741,0.0,0.006741,0.0
309.55,0.01853,0.0,0.01853,0.0
309.6,0.04837,0.0,0.04837,0.0
309.65,0.1199,0.0,0.1199,0.0
309.7,0.2821,0.0,0.2821,0.0
309.75,0.6302,0.0,0.6302,0.0
309.8,1.337,0.0,1.337,0.0
309.85,2.692,0.0,2.692,0.0
309.9,5.148,0.0,5.148,0.0
309.95,9.347,0.0,9.347,0.0
310.0,16.11,0.0,16.11,0.0
310.05,26.37,0.0,26.37,0.0
310.1,40.98,0.0,40.98,0.0
310.15,60.47,0.0,60.47,0.0
310.2,84.71,0.0,84.71,0.0
310.25,112.7,0.0,112.7,0.0
310.3,142.3,0.0,142.3,0.0
310.35,170.6,0.0,170.6,0.0
310.4,194.2,0.0,194.2,0.0
310.45,209.9,0.0,209.9,0.0
310.5,215.5,0.0,215.5,0.0
310.55,209.9,0.0,209.9,0.0
310.6,194.2,0.0,194.2,0.0
310.65,170.6,0.0,170.6,0.0
310.7,142.3,0.0,142.3,0.0
310.75,112.7,0.0,112.7,0.0
310.8,84.71,0.0,84.71,0.0
310.85,60.47,0.0,60.47,0.0
310.9,40.98,0.0,40.98,0.0
310.95,26.37,0.0,26.37,0.0
311.0,16.11,0.0,16.11,0.0
311.05,9.347,0.0,9.347,0.0
311.1,5.148,0.0,5.148,0.0
311.15,2.692,0.0,2.692,0.0
311.2,1.337,0.0,1.337,0.0
311.25,0.6302,0.0,0.6302,0.0
311.3,0.2821,0.0,0.2821,0.0
311.35,0.1199,0.0,0.1199,0.0
311.4,0.04837,0.0,0.04837,0.0
311.45,0.01853,0.0,0.01853,0.0
311.5,0.006741,0.0,0.006741,0.0
311.55,0.002328,0.0,0.002328,0.0
311.6,0.0007633,0.0,0.0007633,0.0
311.65,0.0002377,0.0,0.0002377,0.0
311.7,7.025e-05,0.0,7.025e-05,0.0
311.75,1.972e-05,0.0,1.972e-05,0.0
311.8,5.254e-06,0.0,5.254e-06,0.0
311.85,1.329e-06,0.0,1.329e-06,0.0
311.9,3.193e-07,0.0,3.193e-07,0.0
311.95,7.283e-08,0.0,7.283e-08,0.0
312.0,1.577e-08,0.0,1.577e-08,0.0
312.05,3.243e-09,0.0,3.243e-09,0.0
312.1,6.33e-10,0.0,6.33e-10,0.0
312.15,1.173e-10,0.0,1.173e-10,0.0
312.2,2.065e-11,0.0,2.065e-11,0.0
312.25,3.45e-12,0.0,3.45e-12,0.0
312.3,5.474e-13,0.0,5.474e-13,0.0
312.35,8.245e-14,0.0,8.245e-14,0.0
312.4,3.693e-14,0.0,3.693e-14,0.0
312.45,2.392e-13,0.0,2.392e-13,0.0
312.5,1.472e-12,0.0,1.472e-12,0.0
312.55,8.616e-12,0.0,8.616e-12,0.0
312.6,4.793e-11,0.0,4.793e-11,0.0
312.65,2.535e-10,0.0,2.535e-10,0.0
312.7,1.274e-09,0.0,1.274e-09,0.0
312.75,6.091e-09,0.0,6.091e-09,0.0
312.8,2.767e-08,0.0,2.767e-08,0.0
312.85,1.195e-07,0.0,1.195e-07,0.0
312.9,4.908e-07,0.0,4.908e-07,0.0
312.95,1.916e-06,0.0,1.916e-06,0.0
313.0,7.108e-06,0.0,7.108e-06,0.0
313.05,2.507e-05,0.0,2.507e-05,0.0
313.1,8.407e-05,0.0,8.407e-05,0.0
313.15,0.000268,0.0,0.000268,0.0
313.2,0.0008121,0.0,0.0008121,0.0
313.25,0.00234,0.0,0.00234,0.0
313.3,0.006407,0.0,0.006407,0.0
313.35,0.01668,0.0,0.01668,0.0
313.4,0.04128,0.0,0.04128,0.0
313.45,0.09712,0.0,0.09712,0.0
313.5,0.2172,0.0,0.2172,0.0
313.55,0.4618,0.0,0.4618,0.0
313.6,0.9334,0.0,0.9334,0.0
313.65,1.793,0.0,1.793,0.0
313.7,3.276,0.0,3.276,0.0
313.75,5.688,0.0,5.688,0.0
313.8,9.389,0.0,9.389,0.0
313.85,14.73,0.0,14.73,0.0
313.9,21.98,0.0,21.98,0.0
313.95,31.17,0.0,31.17,0.0
314.0,42.02,0.0,42.02,0.0
314.05,53.85,0.0,53.85,0.0
314.1,65.6,0.0,65.6,0.0
314.15,75.97,0.0,75.97,0.0
314.2,83.64,0.0,83.64,0.0
314.25,87.54,0.0,87.54,0.0
314.3,87.1,0.0,87.1,0.0
314.35,82.38,0.0,82.38,0.0
314.4,74.07,0.0,74.07,0.0
314.45,63.32,0.0,63.32,0.0
314.5,51.45,0.0,51.45,0.0
314.55,39.74,0.0,39.74,0.0
314.6,29.18,0.0,29.18,0.0
314.65,20.37,0.0,20.37,0.0
314.7,13.52,0.0,13.52,0.0
314.75,8.528,0.0,8.528,0.0
314.8,5.114,0.0,5.114,0.0
314.85,2.916,0.0,2.916,0.0
314.9,1.58,0.0,1.58,0.0
314.95,0.8142,0.0,0.8142,0.0
315.0,0.3988,0.0,0.3988,0.0
315.05,0.1857,0.0,0.1857,0.0
315.1,0.08218,0.0,0.08218,0.0
315.15,0.03458,0.0,0.03458,0.0
315.2,0.01383,0.0,0.01383,0.0
315.25,0.005259,0.0,0.005259,0.0
315.3,0.001901,0.0,0.001901,0.0
315.35,0.0006532,0.0,0.0006532,0.0
315.4,0.0002134,0.0,0.0002134,0.0
315.45,6.627e-05,0.0,6.627e-05,0.0
315.5,1.956e-05,0.0,1.956e-05,0.0
315.55,5.49e-06,0.0,5.49e-06,0.0
315.6,1.465e-06,0.0,1.465e-06,0.0
315.65,3.715e-07,0.0,3.715e-07,0.0
315.7,8.956e-08,0.0,8.956e-08,0.0
315.75,2.053e-08,0.0,2.053e-08,0.0
315.8,4.473e-09,0.0,4.473e-09,0.0
315.85,9.264e-10,0.0,9.264e-10,0.0
315.9,1.824e-10,0.0,1.824e-10,0.0
315.95,3.414e-11,0.0,3.414e-11,0.0
316.0,6.075e-12,0.0,6.075e-12,0.0
316.05,1.028e-12,0.0,1.028e-12,0.0
316.1,1.653e-13,0.0,1.653e-13,0.0
316.15,2.526e-14,0.0,2.526e-14,0.0
317.1,8.994e-14,0.0,8.994e-14,0.0
317.15,5.678e-13,0.0,5.678e-13,0.0
317.2,3.412e-12,0.0,3.412e-12,0.0
317.25,1.952e-11,0.0,1.952e-11,0.0
317.3,1.063e-10,0.0,1.063e-10,0.0
317.35,5.515e-10,0.0,5.515e-10,0.0
317.4,2.723e-09,0.0,2.723e-09,0.0
317.45,1.28e-08,0.0,1.28e-08,0.0
317.5,5.728e-08,0.0,5.728e-08,0.0
317.55,2.441e-07,0.0,2.441e-07,0.0
317.6,9.9e-07,0.0,9.9e-07,0.0
317.65,3.823e-06,0.0,3.823e-06,0.0
317.7,1.406e-05,0.0,1.406e-05,0.0
317.75,4.921e-05,0.0,4.921e-05,0.0
317.8,0.000164,0.0,0.000164,0.0
317.85,0.0005203,0.0,0.0005203,0.0
317.9,0.001572,0.0,0.001572,0.0
317.95,0.00452,0.0,0.00452,0.0
318.0,0.01238,0.0,0.01238,0.0
318.05,0.03226,0.0,0.03226,0.0
318.1,0.08007,0.0,0.08007,0.0
318.15,0.1892,0.0,0.1892,0.0
318.2,0.4256,0.0,0.4256,0.0
318.25,0.9114,0.0,0.9114,1.227e-25
318.3,1.858,0.0,1.858,7.945e-25
318.35,3.607,0.0,3.607,4.899e-24
318.4,6.667,0.0,6.667,2.877e-23
318.45,11.73,0.0,11.73,1.609e-22
318.5,19.65,0.0,19.65,8.572e-22
318.55,31.34,0.0,31.34,4.349e-21
318.6,47.58,0.0,47.58,2.101e-20
318.65,68.79,0.0,68.79,9.67e-20
318.7,94.67,0.0,94.67,4.238e-19
318.75,124.0,0.0,124.0,1.769e-18
318.8,154.7,0.0,154.7,7.033e-18
318.85,183.8,0.0,183.8,2.663e-17
318.9,207.8,0.0,207.8,9.603e-17
318.95,223.7,0.0,223.7,3.298e-16
319.0,229.2,0.0,229.2,1.079e-15
319.05,223.7,0.0,223.7,3.361e-15
319.1,207.8,0.0,207.8,9.971e-15
319.15,183.8,0.0,183.8,2.818e-14
319.2,154.7,0.0,154.7,7.583e-14
319.25,124.0,0.0,124.0,1.944e-13
319.3,94.67,0.0,94.67,4.745e-13
319.35,68.79,0.0,68.79,1.103e-12
319.4,47.58,0.0,47.58,2.443e-12
319.45,31.34,0.0,31.34,5.151e-12
319.5,19.65,0.0,19.65,1.035e-11
319.55,11.73,0.0,11.73,1.979e-11
319.6,6.667,0.0,6.667,3.606e-11
319.65,3.607,0.0,3.607,6.257e-11
319.7,1.858,0.0,1.858,1.034e-10
319.75,0.9114,0.0,0.9114,1.627e-10
319.8,0.4256,0.0,0.4256,2.439e-10
319.85,0.1892,0.0,0.1892,3.482e-10
319.9,0.08007,0.0,0.08007,4.735e-10
319.95,0.03226,0.0,0.03226,6.132e-10
320.0,0.01238,0.0,0.01238,7.563e-10
320.05,0.00452,0.0,0.00452,8.884e-10
320.1,0.001572,0.0,0.001572,9.94e-10
320.15,0.0005203,0.0,0.0005203,1.059e-09
320.2,0.000164,0.0,0.000164,1.076e-09
320.25,4.921e-05,0.0,4.921e-05,1.041e-09
320.3,1.406e-05,0.0,1.406e-05,9.611e-10
320.35,3.824e-06,0.0,3.824e-06,8.476e-10
320.4,9.915e-07,0.0,9.908e-07,7.165e-10
320.45,2.484e-07,0.0,2.479e-07,5.842e-10
320.5,7.512e-08,0.0,7.465e-08,4.652e-10
320.55,8.909e-08,0.0,8.872e-08,3.697e-10
320.6,3.192e-07,0.0,3.189e-07,3.026e-10
320.65,1.256e-06,0.0,1.255e-06,2.64e-10
320.7,4.747e-06,0.0,4.746e-06,2.499e-10
320.75,1.711e-05,0.0,1.711e-05,2.536e-10
320.8,5.875e-05,0.0,5.875e-05,2.67e-10
320.85,0.0001923,0.0,0.0001923,2.82e-10
320.9,0.0005998,0.0,0.0005998,2.918e-10
320.95,0.001783,0.0,0.001783,2.92e-10
321.0,0.00505,0.0,0.00505,2.803e-10
321.05,0.01363,0.0,0.01363,2.572e-10
321.1,0.03507,0.0,0.03507,2.253e-10
321.15,0.08596,0.0,0.08596,1.881e-10
321.2,0.2008,0.0,0.2008,1.497e-10
321.25,0.447,0.0,0.447,1.135e-10
321.3,0.9483,0.0,0.9483,8.196e-11
321.35,1.917,0.0,1.917,5.639e-11
321.4,3.693,0.0,3.693,3.697e-11
321.45,6.78,0.0,6.78,2.308e-11
321.5,11.86,0.0,11.86,1.373e-11
321.55,19.78,0.0,19.78,7.781e-12
321.6,31.42,0.0,31.42,4.201e-12
321.65,47.58,0.0,47.58,2.16e-12
321.7,68.64,0.0,68.64,1.058e-12
321.75,94.38,0.0,94.38,4.938e-13
321.8,123.7,0.0,123.7,2.195e-13
321.85,154.4,0.0,154.4,9.297e-14
321.9,183.7,0.0,183.7,3.751e-14
321.95,208.4,0.0,208.4,1.441e-14
322.0,225.2,0.0,225.2,5.277e-15
322.05,231.9,0.0,231.9,1.84e-15
322.1,227.5,0.0,227.5,6.114e-16
322.15,212.8,0.0,212.8,1.935e-16
322.2,189.6,0.0,189.6,5.833e-17
322.25,161.0,0.0,161.0,1.675e-17
322.3,130.3,0.0,130.3,4.584e-18
322.35,100.5,0.0,100.5,1.195e-18
322.4,73.87,0.0,73.87,2.966e-19
322.45,51.74,0.0,51.74,7.015e-20
322.5,34.53,0.0,34.53,1.58e-20
322.55,21.96,0.0,21.96,3.392e-21
322.6,13.31,0.0,13.31,6.936e-22
322.65,7.689,0.0,7.689,1.351e-22
322.7,4.233,0.0,4.233,2.506e-23
322.75,2.22,0.0,2.22,4.43e-24
322.8,1.11,0.0,1.11,7.459e-25
322.85,0.5287,0.0,0.5287,1.196e-25
322.9,0.24,0.0,0.24,0.0
322.95,0.1038,0.0,0.1038,0.0
323.0,0.0428,0.0,0.0428,0.0
323.05,0.01681,0.0,0.01681,0.0
323.1,0.006294,0.0,0.006294,0.0
323.15,0.002246,0.0,0.002246,0.0
323.2,0.0007634,0.0,0.0007634,0.0
323.25,0.0002473,0.0,0.0002473,0.0
323.3,7.636e-05,0.0,7.636e-05,0.0
323.35,2.247e-05,0.0,2.247e-05,0.0
323.4,6.3e-06,0.0,6.3e-06,0.0
323.45,1.683e-06,0.0,1.683e-06,5.271e-25
323.5,4.286e-07,0.0,4.286e-07,3.247e-24
323.55,1.04e-07,0.0,1.04e-07,1.908e-23
323.6,2.405e-08,0.0,2.405e-08,1.069e-22
323.65,5.299e-09,0.0,5.299e-09,5.717e-22
323.7,1.113e-09,0.0,1.113e-09,2.915e-21
323.75,2.227e-10,0.0,2.227e-10,1.418e-20
323.8,4.246e-11,0.0,4.246e-11,6.58e-20
323.85,7.716e-12,0.0,7.716e-12,2.912e-19
323.9,1.336e-12,0.0,1.336e-12,1.229e-18
323.95,2.205e-13,0.0,2.205e-13,4.951e-18
324.0,3.47e-14,0.0,3.468e-14,1.902e-17
324.05,6.969e-17,0.0,0.0,6.969e-17
324.1,2.436e-16,0.0,0.0,2.436e-16
324.15,8.121e-16,0.0,0.0,8.121e-16
324.21,3.236e-15,0.0,0.0,3.236e-15
324.26,9.725e-15,0.0,0.0,9.725e-15
324.31,2.788e-14,0.0,0.0,2.788e-14
324.36,7.622e-14,0.0,0.0,7.622e-14
324.41,1.988e-13,0.0,0.0,1.988e-13
324.46,4.945e-13,0.0,0.0,4.945e-13
324.51,1.174e-12,0.0,0.0,1.174e-12
324.56,2.656e-12,0.0,0.0,2.656e-12
324.61,5.735e-12,0.0,0.0,5.735e-12
324.66,1.181e-11,0.0,0.0,1.181e-11
324.71,2.321e-11,0.0,0.0,2.321e-11
324.76,4.349e-11,0.0,0.0,4.349e-11
324.81,7.773e-11,0.0,0.0,7.773e-11
324.86,1.325e-10,0.0,0.0,1.325e-10
324.91,2.156e-10,0.0,0.0,2.156e-10
324.96,3.344e-10,0.0,0.0,3.344e-10
325.01,4.949e-10,0.0,0.0,4.949e-10
325.06,6.986e-10,0.0,0.0,6.986e-10
325.11,9.407e-10,0.0,0.0,9.407e-10
325.16,1.208e-09,0.0,0.0,1.208e-09
325.21,1.48e-09,0.0,0.0,1.48e-09
325.26,1.73e-09,0.0,0.0,1.73e-09
325.31,1.928e-09,0.0,0.0,1.928e-09
325.36,2.05e-09,0.0,0.0,2.05e-09
325.41,2.08e-09,0.0,0.0,2.08e-09
325.46,2.012e-09,0.0,0.0,2.012e-09
325.51,1.857e-09,0.0,0.0,1.857e-09
325.56,1.635e-09,0.0,0.0,1.635e-09
325.61,1.372e-09,0.0,0.0,1.372e-09
325.66,1.099e-09,0.0,0.0,1.099e-09
325.71,8.399e-10,0.0,0.0,8.399e-10
325.76,6.121e-10,0.0,0.0,6.121e-10
325.81,4.255e-10,0.0,0.0,4.255e-10
325.86,2.822e-10,0.0,0.0,2.822e-10
325.91,1.785e-10,0.0,0.0,1.785e-10
325.96,1.077e-10,0.0,0.0,1.077e-10
326.01,6.197e-11,0.0,0.0,6.197e-11
326.06,3.402e-11,0.0,0.0,3.402e-11
326.11,1.781e-11,0.0,0.0,1.781e-11
326.16,8.898e-12,0.0,0.0,8.898e-12
326.21,4.239e-12,0.0,0.0,4.239e-12
326.26,1.927e-12,0.0,0.0,1.927e-12
326.31,8.353e-13,0.0,0.0,8.353e-13
326.36,3.454e-13,0.0,0.0,3.454e-13
326.41,1.363e-13,0.0,0.0,1.363e-13
326.46,5.129e-14,0.0,0.0,5.129e-14
326.51,1.85e-14,0.0,0.0,1.85e-14
326.56,6.651e-15,0.0,0.0,6.651e-15
326.61,3.234e-15,0.0,0.0,3.234e-15
326.66,4.389e-15,0.0,0.0,4.389e-15
326.71,1.158e-14,0.0,0.0,1.158e-14
326.76,3.31e-14,0.0,0.0,3.31e-14
326.81,9.153e-14,0.0,0.0,9.153e-14
326.86,2.419e-13,0.0,0.0,2.419e-13
326.91,6.104e-13,0.0,0.0,6.104e-13
326.96,1.47e-12,0.0,0.0,1.47e-12
327.01,3.38e-12,0.0,0.0,3.38e-12
327.06,7.44e-12,0.0,2.239e-14,7.418e-12
327.11,1.568e-11,0.0,1.387e-13,1.554e-11
327.16,3.189e-11,0.0,8.206e-13,3.107e-11
327.21,6.395e-11,0.0,4.636e-12,5.931e-11
327.26,1.331e-10,0.0,2.501e-11,1.081e-10
327.31,3.168e-10,0.0,1.288e-10,1.88e-10
327.36,9.458e-10,0.0,6.337e-10,3.121e-10
327.41,3.471e-09,0.0,2.976e-09,4.946e-10
327.46,1.41e-08,0.0,1.335e-08,7.482e-10
327.51,5.824e-08,0.0,5.716e-08,1.08e-09
327.56,2.352e-07,0.0,2.337e-07,1.489e-09
327.61,9.147e-07,0.0,9.127e-07,1.959e-09
327.66,3.405e-06,0.0,3.403e-06,2.461e-09
327.71,1.212e-05,0.0,1.212e-05,2.95e-09
327.76,4.119e-05,0.0,4.119e-05,3.376e-09
327.81,0.0001337,0.0,0.0001337,3.688e-09
327.86,0.0004144,0.0,0.0004144,3.846e-09
327.91,0.001227,0.0,0.001227,3.829e-09
327.96,0.003467,0.0,0.003467,3.639e-09
328.01,0.009356,0.0,0.009356,3.302e-09
328.06,0.02411,0.0,0.02411,2.863e-09
328.11,0.05932,0.0,0.05932,2.375e-09
328.16,0.1394,0.0,0.1394,1.892e-09
328.21,0.3127,0.0,0.3127,1.462e-09
328.26,0.6699,0.0,0.6699,1.118e-09
328.31,1.37,0.0,1.37,8.863e-10
328.36,2.677,0.0,2.677,7.816e-10
328.41,4.993,0.0,4.993,8.124e-10
328.46,8.893,0.0,8.893,9.825e-10
328.51,15.12,0.0,15.12,1.29e-09
328.56,24.56,0.0,24.56,1.725e-09
328.61,38.08,0.0,38.08,2.266e-09
328.66,56.39,0.0,56.39,2.874e-09
328.71,79.73,0.0,79.73,3.495e-09
328.76,107.6,0.0,107.6,4.067e-09
328.81,138.8,0.0,138.8,4.521e-09
328.86,170.8,0.0,170.8,4.8e-09
328.91,200.8,0.0,200.8,4.867e-09
328.96,225.3,0.0,225.3,4.712e-09
329.01,241.5,0.0,241.5,4.356e-09
329.06,247.1,0.0,247.1,3.845e-09
329.11,241.5,0.0,241.5,3.24e-09
329.16,225.3,0.0,225.3,2.608e-09
329.21,200.8,0.0,200.8,2.004e-09
329.26,170.8,0.0,170.8,1.47e-09
329.31,138.8,0.0,138.8,1.03e-09
329.36,107.6,0.0,107.6,6.889e-10
329.41,79.73,0.0,79.73,4.4e-10
329.46,56.39,0.0,56.39,2.683e-10
329.51,38.08,0.0,38.08,1.562e-10
329.56,24.56,0.0,24.56,8.687e-11
329.61,15.12,0.0,15.12,4.612e-11
329.66,8.893,0.0,8.893,2.338e-11
329.71,4.993,0.0,4.993,1.131e-11
329.76,2.677,0.0,2.677,5.229e-12
329.81,1.37,0.0,1.37,2.307e-12
329.86,0.6699,0.0,0.6699,9.722e-13
329.91,0.3127,0.0,0.3127,3.911e-13
329.96,0.1394,0.0,0.1394,1.502e-13
330.01,0.05932,0.0,0.05932,5.511e-14
330.06,0.02411,0.0,0.02411,1.93e-14
330.11,0.009356,0.0,0.009356,6.454e-15
330.16,0.003467,0.0,0.003467,2.061e-15
330.21,0.001227,0.0,0.001227,6.283e-16
330.26,0.0004144,0.0,0.0004144,1.829e-16
330.31,0.0001337,0.0,0.0001337,5.084e-17
330.36,4.119e-05,0.0,4.119e-05,1.349e-17
330.41,1.212e-05,0.0,1.212e-05,3.42e-18
330.46,3.403e-06,0.0,3.403e-06,8.301e-19
330.51,9.127e-07,0.0,9.127e-07,2.05e-19
330.56,2.337e-07,0.0,2.337e-07,1.071e-19
330.61,5.716e-08,0.0,5.716e-08,2.998e-19
330.66,1.335e-08,0.0,1.335e-08,1.247e-18
330.71,2.976e-09,0.0,2.976e-09,5.095e-18
330.76,6.337e-10,0.0,6.337e-10,1.992e-17
330.81,1.288e-10,0.0,1.288e-10,7.442e-17
330.86,2.501e-11,0.0,2.501e-11,2.658e-16
330.91,4.637e-12,0.0,4.636e-12,9.07e-16
330.96,8.236e-13,0.0,8.206e-13,2.958e-15
331.01,1.479e-13,0.0,1.387e-13,9.222e-15
331.06,4.986e-14,0.0,2.239e-14,2.747e-14
331.11,7.822e-14,0.0,0.0,7.822e-14
331.16,2.129e-13,0.0,0.0,2.129e-13
331.21,5.536e-13,0.0,0.0,5.536e-13
331.26,1.376e-12,0.0,0.0,1.376e-12
331.31,3.268e-12,0.0,0.0,3.268e-12
331.36,7.42e-12,0.0,0.0,7.42e-12
331.41,1.61e-11,0.0,0.0,1.61e-11
331.46,3.338e-11,0.0,0.0,3.338e-11
331.51,6.615e-11,0.0,0.0,6.615e-11
331.56,1.253e-10,0.0,0.0,1.253e-10
331.61,2.268e-10,0.0,0.0,2.268e-10
331.66,3.923e-10,0.0,0.0,3.923e-10
331.71,6.487e-10,0.0,0.0,6.487e-10
331.76,1.025e-09,0.0,0.0,1.025e-09
331.81,1.548e-09,0.0,0.0,1.548e-09
331.86,2.234e-09,0.0,0.0,2.234e-09
331.91,3.081e-09,0.0,0.0,3.081e-09
331.96,4.062e-09,0.0,0.0,4.062e-09
332.01,5.118e-09,0.0,0.0,5.118e-09
332.06,6.162e-09,0.0,0.0,6.162e-09
332.11,7.091e-09,0.0,0.0,7.091e-09
332.16,7.799e-09,0.0,0.0,7.799e-09
332.21,8.197e-09,0.0,0.0,8.197e-09
332.26,8.234e-09,0.0,0.0,8.234e-09
332.31,7.905e-09,0.0,0.0,7.905e-09
332.36,7.253e-09,0.0,0.0,7.253e-09
332.41,6.36e-09,0.0,0.0,6.36e-09
332.46,5.33e-09,0.0,0.0,5.33e-09
332.51,4.269e-09,0.0,0.0,4.269e-09
332.56,3.268e-09,0.0,0.0,3.268e-09
332.61,2.391e-09,0.0,0.0,2.391e-09
332.66,1.672e-09,0.0,0.0,1.672e-09
332.71,1.117e-09,0.0,0.0,1.117e-09
332.76,7.134e-10,0.0,0.0,7.134e-10
332.81,4.354e-10,0.0,0.0,4.354e-10
332.86,2.54e-10,0.0,0.0,2.54e-10
332.91,1.416e-10,0.0,0.0,1.416e-10
332.96,7.544e-11,0.0,0.0,7.544e-11
333.01,3.841e-11,0.0,0.0,3.841e-11
333.06,1.869e-11,0.0,0.0,1.869e-11
333.11,8.694e-12,0.0,0.0,8.694e-12
333.16,3.865e-12,0.0,0.0,3.865e-12
333.21,1.642e-12,0.0,0.0,1.642e-12
333.26,6.665e-13,0.0,0.0,6.665e-13
333.31,2.586e-13,0.0,0.0,2.586e-13
333.36,9.591e-14,0.0,0.0,9.591e-14
333.41,3.399e-14,0.0,0.0,3.399e-14
333.46,1.151e-14,0.0,0.0,1.151e-14
333.51,3.727e-15,0.0,0.0,3.727e-15
333.56,1.153e-15,0.0,0.0,1.153e-15
333.61,3.409e-16,0.0,0.0,3.409e-16
333.66,9.635e-17,0.0,0.0,9.635e-17
333.71,2.602e-17,0.0,0.0,2.602e-17
333.76,6.716e-18,0.0,0.0,6.716e-18
333.81,1.657e-18,0.0,0.0,1.657e-18
333.86,3.906e-19,0.0,0.0,3.906e-19
333.91,8.801e-20,0.0,0.0,8.801e-20
333.96,1.901e-20,0.0,0.0,1.901e-20
334.01,4.22e-21,0.0,0.0,4.22e-21
334.06,2.351e-21,0.0,0.0,2.351e-21
334.11,7.651e-21,0.0,0.0,7.651e-21
334.16,3.406e-20,0.0,0.0,3.406e-20
334.21,1.476e-19,0.0,0.0,1.476e-19
334.26,6.126e-19,0.0,0.0,6.126e-19
334.31,2.432e-18,0.0,0.0,2.432e-18
334.36,9.235e-18,0.0,0.0,9.235e-18
334.41,3.355e-17,0.0,0.0,3.355e-17
334.46,1.166e-16,0.0,0.0,1.166e-16
334.51,3.876e-16,0.0,0.0,3.876e-16
334.56,1.233e-15,0.0,0.0,1.233e-15
334.61,3.751e-15,0.0,0.0,3.751e-15
334.66,1.092e-14,0.0,0.0,1.092e-14
334.71,3.04e-14,0.0,0.0,3.04e-14
334.76,8.097e-14,0.0,0.0,8.097e-14
334.81,2.063e-13,0.0,0.0,2.063e-13
334.86,5.029e-13,0.0,0.0,5.029e-13
334.91,1.173e-12,0.0,0.0,1.173e-12
334.96,2.616e-12,0.0,0.0,2.616e-12
335.01,5.583e-12,0.0,0.0,5.583e-12
335.06,1.14e-11,0.0,0.0,1.14e-11
335.11,2.226e-11,0.0,0.0,2.226e-11
335.16,4.159e-11,0.0,0.0,4.159e-11
335.21,7.434e-11,0.0,0.0,7.434e-11
335.26,1.271e-10,0.0,0.0,1.271e-10
335.31,2.079e-10,0.0,0.0,2.079e-10
335.36,3.254e-10,0.0,0.0,3.254e-10
335.41,4.872e-10,0.0,0.0,4.872e-10
335.46,6.978e-10,0.0,0.0,6.978e-10
335.51,9.564e-10,0.0,0.0,9.564e-10
335.56,1.254e-09,0.0,0.0,1.254e-09
335.61,1.574e-09,0.0,0.0,1.574e-09
335.66,1.892e-09,0.0,0.0,1.892e-09
335.71,2.178e-09,0.0,0.0,2.178e-09
335.76,2.404e-09,0.0,0.0,2.404e-09
335.81,2.549e-09,0.0,0.0,2.549e-09
335.86,2.601e-09,0.0,0.0,2.601e-09
335.91,2.566e-09,0.0,0.0,2.566e-09
335.96,2.461e-09,0.0,0.0,2.461e-09
336.01,2.317e-09,0.0,1.09e-13,2.317e-09
336.06,2.166e-09,0.0,6.414e-13,2.165e-09
336.11,2.04e-09,0.0,3.611e-12,2.036e-09
336.16,1.968e-09,0.0,1.946e-11,1.948e-09
336.21,2.008e-09,0.0,1.004e-10,1.908e-09
336.26,2.402e-09,0.0,4.957e-10,1.906e-09
336.31,4.266e-09,0.0,2.343e-09,1.924e-09
336.36,1.253e-08,0.0,1.06e-08,1.935e-09
336.41,4.781e-08,0.0,4.589e-08,1.917e-09
336.46,1.921e-07,0.0,1.902e-07,1.852e-09
336.51,7.564e-07,0.0,7.547e-07,1.732e-09
336.56,2.868e-06,0.0,2.866e-06,1.561e-09
336.61,1.042e-05,0.0,1.042e-05,1.352e-09
336.66,3.625e-05,0.0,3.625e-05,1.124e-09
336.71,0.0001207,0.0,0.0001207,8.948e-10
336.76,0.0003849,0.0,0.0003849,6.825e-10
336.81,0.001175,0.0,0.001175,4.983e-10
336.86,0.003431,0.0,0.003431,3.483e-10
336.91,0.009592,0.0,0.009592,2.329e-10
336.96,0.02567,0.0,0.02567,1.491e-10
337.01,0.06575,0.0,0.06575,9.128e-11
337.06,0.1612,0.0,0.1612,5.348e-11
337.11,0.3784,0.0,0.3784,2.998e-11
337.16,0.8501,0.0,0.8501,1.608e-11
337.21,1.828,0.0,1.828,8.254e-12
337.26,3.763,0.0,3.763,4.053e-12
337.31,7.415,0.0,7.415,1.904e-12
337.36,13.99,0.0,13.99,8.56e-13
337.41,25.25,0.0,25.25,3.682e-13
337.46,43.65,0.0,43.65,1.515e-13
337.51,72.24,0.0,72.24,5.965e-14
337.56,114.4,0.0,114.4,2.247e-14
337.61,173.6,0.0,173.6,8.1e-15
337.66,252.3,0.0,252.3,2.793e-15
337.71,351.1,0.0,351.1,9.217e-16
337.76,468.3,0.0,468.3,2.91e-16
337.81,598.8,0.0,598.8,8.789e-17
337.86,734.6,0.0,734.6,2.54e-17
337.91,865.6,0.0,865.6,7.024e-18
337.96,980.8,0.0,980.8,1.858e-18
338.01,1071.0,0.0,1071.0,4.704e-19
338.06,1130.0,0.0,1130.0,1.139e-19
338.11,1155.0,0.0,1155.0,2.64e-20
338.16,1150.0,0.0,1150.0,5.854e-21
338.21,1120.0,0.0,1120.0,1.242e-21
338.26,1073.0,0.0,1073.0,2.52e-22
338.31,1014.0,0.0,1014.0,4.895e-23
338.36,949.8,0.0,949.8,9.094e-24
338.41,881.9,0.0,881.9,1.617e-24
338.46,810.7,0.0,810.7,2.75e-25
338.51,735.3,0.0,735.3,0.0
338.56,654.8,0.0,654.8,0.0
338.61,569.7,0.0,569.7,0.0
338.66,482.1,0.0,482.1,0.0
338.71,395.1,0.0,395.1,0.0
338.76,312.6,0.0,312.6,0.0
338.81,238.3,0.0,238.3,0.0
338.86,174.6,0.0,174.6,0.0
338.91,122.8,0.0,122.8,0.0
338.96,82.91,0.0,82.91,0.0
339.01,53.65,0.0,53.65,0.0
339.06,33.27,0.0,33.27,0.0
339.11,19.76,0.0,19.76,0.0
339.16,11.24,0.0,11.24,0.0
339.21,6.126,0.0,6.126,0.0
339.26,3.197,0.0,3.197,0.0
339.31,1.6,0.0,1.6,0.0
339.36,0.7747,0.0,0.7747,0.0
339.41,0.3776,0.0,0.3776,0.0
339.46,0.2192,0.0,0.2192,0.0
339.51,0.2123,0.0,0.2123,0.0
339.56,0.3435,0.0,0.3435,0.0
339.61,0.6629,0.0,0.6629,0.0
339.66,1.289,0.0,1.289,0.0
339.71,2.425,0.0,2.425,0.0
339.76,4.378,0.0,4.378,0.0
339.81,7.573,0.0,7.573,0.0
339.86,12.55,0.0,12.55,0.0
339.91,19.91,0.0,19.91,0.0
339.96,30.25,0.0,30.25,0.0
340.01,44.03,0.0,44.03,1.124e-25
340.06,61.38,0.0,61.38,6.453e-25
340.11,81.96,0.0,81.96,3.693e-24
340.16,104.8,0.0,104.8,1.953e-23
340.21,128.4,0.0,128.4,9.9e-23
340.26,150.6,0.0,150.6,4.81e-22
340.31,169.2,0.0,169.2,2.24e-21
340.36,182.1,0.0,182.1,9.997e-21
340.41,187.7,0.0,187.7,4.277e-20
340.46,185.2,0.0,185.2,1.754e-19
340.51,175.1,0.0,175.1,6.896e-19
340.56,158.6,0.0,158.6,2.599e-18
340.61,137.5,0.0,137.5,9.391e-18
340.66,114.3,0.0,114.3,3.253e-17
340.71,90.9,0.0,90.9,1.08e-16
340.76,69.26,0.0,69.26,3.44e-16
340.81,50.55,0.0,50.55,1.05e-15
340.86,35.33,0.0,35.33,3.075e-15
340.91,23.66,0.0,23.66,8.633e-15
340.96,15.17,0.0,15.17,2.324e-14
341.01,9.315,0.0,9.315,6.002e-14
341.06,5.479,0.0,5.479,1.486e-13
341.11,3.087,0.0,3.087,3.53e-13
341.16,1.665,0.0,1.665,8.043e-13
341.21,0.8607,0.0,0.8607,1.758e-12
341.26,0.426,0.0,0.426,3.685e-12
341.31,0.2019,0.0,0.2019,7.412e-12
341.36,0.09169,0.0,0.09169,1.43e-11
341.41,0.03987,0.0,0.03987,2.649e-11
341.46,0.01661,0.0,0.01661,4.706e-11
341.51,0.006625,0.0,0.006625,8.023e-11
341.56,0.002531,0.0,0.002531,1.313e-10
341.61,0.0009262,0.0,0.0009262,2.061e-10
341.66,0.0003246,0.0,0.0003246,3.106e-10
341.71,0.000109,0.0,0.000109,4.492e-10
341.76,3.504e-05,0.0,3.503e-05,6.236e-10
341.81,1.079e-05,0.0,1.079e-05,8.309e-10
341.86,3.183e-06,0.0,3.182e-06,1.063e-09
341.91,9e-07,0.0,8.987e-07,1.305e-09
341.96,2.447e-07,0.0,2.431e-07,1.538e-09
342.01,6.474e-08,0.0,6.301e-08,1.74e-09
342.06,1.753e-08,0.0,1.564e-08,1.889e-09
342.11,5.718e-09,0.0,3.749e-09,1.97e-09
342.16,2.972e-09,0.0,1.001e-09,1.971e-09
342.21,2.795e-09,0.0,9.02e-10,1.893e-09
342.26,4.973e-09,0.0,3.227e-09,1.746e-09
342.31,1.514e-08,0.0,1.359e-08,1.545e-09
342.36,5.678e-08,0.0,5.547e-08,1.312e-09
342.41,2.182e-07,0.0,2.172e-07,1.07e-09
342.46,8.158e-07,0.0,8.149e-07,8.371e-10
342.51,2.932e-06,0.0,2.932e-06,6.286e-10
342.56,1.011e-05,0.0,1.011e-05,4.53e-10
342.61,3.343e-05,0.0,3.343e-05,3.132e-10
342.66,0.0001059,0.0,0.0001059,2.078e-10
342.71,0.0003219,0.0,0.0003219,1.323e-10
342.76,0.0009374,0.0,0.0009374,8.083e-11
342.81,0.002617,0.0,0.002617,4.737e-11
342.86,0.007005,0.0,0.007005,2.663e-11
342.91,0.01797,0.0,0.01797,1.436e-11
342.96,0.0442,0.0,0.0442,7.428e-12
343.01,0.1042,0.0,0.1042,3.685e-12
343.06,0.2356,0.0,0.2356,1.754e-12
343.11,0.5104,0.0,0.5104,8.003e-13
343.16,1.06,0.0,1.06,3.502e-13
343.21,2.111,0.0,2.111,1.47e-13
343.26,4.029,0.0,4.029,5.915e-14
343.31,7.373,0.0,7.373,2.283e-14
343.36,12.93,0.0,12.93,8.452e-15
343.41,21.75,0.0,21.75,3.021e-15
343.46,35.06,0.0,35.06,1.099e-15
343.51,54.17,0.0,54.17,5.755e-16
343.56,80.24,0.0,80.24,8.093e-16
343.61,114.0,0.0,114.0,1.991e-15
343.66,155.1,0.0,155.1,5.232e-15
343.71,202.4,0.0,202.4,1.334e-14
343.76,253.2,0.0,253.2,3.268e-14
343.81,303.7,0.0,303.7,7.674e-14
343.86,349.1,0.0,349.1,1.728e-13
343.91,384.8,0.0,384.8,3.73e-13
343.96,406.5,0.0,406.5,7.722e-13
344.01,411.7,0.0,411.7,1.533e-12
344.06,399.7,0.0,399.7,2.917e-12
344.11,372.0,0.0,372.0,5.322e-12
344.16,331.9,0.0,331.9,9.311e-12
344.21,283.8,0.0,283.8,1.562e-11
344.26,232.7,0.0,232.7,2.512e-11
344.31,182.9,0.0,182.9,3.874e-11
344.36,137.8,0.0,137.8,5.728e-11
344.41,99.54,0.0,99.54,8.121e-11
344.46,68.92,0.0,68.92,1.104e-10
344.51,45.75,0.0,45.75,1.439e-10
344.56,29.11,0.0,29.11,1.798e-10
344.61,17.75,0.0,17.75,2.155e-10
344.66,10.38,0.0,10.38,2.475e-10
344.71,5.819,0.0,5.819,2.727e-10
344.76,3.127,0.0,3.127,2.88e-10
344.81,1.611,0.0,1.611,2.917e-10
344.86,0.7954,0.0,0.7954,2.832e-10
344.91,0.3765,0.0,0.3765,2.637e-10
344.96,0.1709,0.0,0.1709,2.354e-10
345.01,0.07433,0.0,0.07433,2.014e-10
345.06,0.031,0.0,0.031,1.653e-10
345.11,0.01239,0.0,0.01239,1.301e-10
345.16,0.004749,0.0,0.004749,9.813e-11
345.21,0.001744,0.0,0.001744,7.099e-11
345.26,0.0006144,0.0,0.0006144,4.924e-11
345.31,0.0002074,0.0,0.0002074,3.274e-11
345.36,6.712e-05,0.0,6.712e-05,2.088e-11
345.41,2.082e-05,0.0,2.082e-05,1.276e-11
345.46,6.193e-06,0.0,6.193e-06,7.482e-12
345.51,1.766e-06,0.0,1.766e-06,4.206e-12
345.56,4.826e-07,0.0,4.826e-07,2.268e-12
345.61,1.264e-07,0.0,1.264e-07,1.177e-12
345.66,3.176e-08,0.0,3.176e-08,5.971e-13
345.71,7.647e-09,0.0,7.646e-09,3.194e-13
345.76,1.765e-09,0.0,1.765e-09,2.345e-13
345.81,3.908e-10,0.0,3.905e-10,3.146e-13
345.86,8.344e-11,0.0,8.282e-11,6.17e-13
345.91,1.815e-11,0.0,1.684e-11,1.312e-12
345.96,6.028e-12,0.0,3.283e-12,2.746e-12
346.01,6.15e-12,0.0,6.134e-13,5.537e-12
346.06,1.083e-11,0.0,1.099e-13,1.072e-11
346.11,1.991e-11,0.0,0.0,1.991e-11
346.16,3.549e-11,0.0,0.0,3.549e-11
346.21,6.067e-11,0.0,0.0,6.067e-11
346.26,9.949e-11,0.0,0.0,9.949e-11
346.31,1.565e-10,0.0,0.0,1.565e-10
346.36,2.362e-10,0.0,0.0,2.362e-10
346.41,3.419e-10,0.0,0.0,3.419e-10
346.46,4.748e-10,0.0,0.0,4.748e-10
346.51,6.325e-10,0.0,0.0,6.325e-10
346.56,8.083e-10,0.0,0.0,8.083e-10
346.61,9.909e-10,0.0,0.0,9.909e-10
346.66,1.165e-09,0.0,0.0,1.165e-09
346.71,1.315e-09,0.0,0.0,1.315e-09
346.76,1.423e-09,0.0,0.0,1.423e-09
346.81,1.477e-09,0.0,0.0,1.477e-09
346.86,1.471e-09,0.0,0.0,1.471e-09
346.91,1.405e-09,0.0,0.0,1.405e-09
346.96,1.288e-09,0.0,0.0,1.288e-09
347.01,1.132e-09,0.0,0.0,1.132e-09
347.06,9.546e-10,0.0,0.0,9.546e-10
347.11,7.723e-10,0.0,0.0,7.723e-10
347.16,5.994e-10,0.0,0.0,5.994e-10
347.21,4.465e-10,0.0,0.0,4.465e-10
347.26,3.194e-10,0.0,0.0,3.194e-10
347.31,2.198e-10,0.0,0.0,2.198e-10
347.36,1.464e-10,0.0,0.0,1.464e-10
347.41,9.586e-11,0.0,0.0,9.586e-11
347.46,6.418e-11,0.0,0.0,6.418e-11
347.51,4.763e-11,0.0,0.0,4.763e-11
347.56,4.322e-11,0.0,0.0,4.322e-11
347.61,4.885e-11,0.0,0.0,4.885e-11
347.66,6.317e-11,0.0,0.0,6.317e-11
347.71,8.522e-11,0.0,0.0,8.522e-11
347.76,1.14e-10,0.0,0.0,1.14e-10
347.81,1.481e-10,0.0,0.0,1.481e-10
347.86,1.855e-10,0.0,0.0,1.855e-10
347.91,2.231e-10,0.0,0.0,2.231e-10
347.96,2.577e-10,0.0,0.0,2.577e-10
348.01,2.857e-10,0.0,0.0,2.857e-10
348.06,3.039e-10,0.0,0.0,3.039e-10
348.11,3.103e-10,0.0,0.0,3.103e-10
348.16,3.039e-10,0.0,0.0,3.039e-10
348.21,2.857e-10,0.0,0.0,2.857e-10
348.26,2.577e-10,0.0,0.0,2.577e-10
348.31,2.23e-10,0.0,0.0,2.23e-10
348.36,1.852e-10,0.0,0.0,1.852e-10
348.41,1.476e-10,0.0,0.0,1.476e-10
348.46,1.129e-10,0.0,0.0,1.129e-10
348.51,8.285e-11,0.0,0.0,8.285e-11
348.56,5.834e-11,0.0,0.0,5.834e-11
348.61,3.942e-11,0.0,0.0,3.942e-11
348.66,2.556e-11,0.0,0.0,2.556e-11
348.71,1.591e-11,0.0,0.0,1.591e-11
348.76,9.497e-12,0.0,0.0,9.497e-12
348.81,5.441e-12,0.0,0.0,5.441e-12
348.86,2.991e-12,0.0,0.0,2.991e-12
348.91,1.578e-12,0.0,0.0,1.578e-12
348.96,7.988e-13,0.0,0.0,7.988e-13
349.01,3.88e-13,0.0,0.0,3.88e-13
349.06,1.809e-13,0.0,0.0,1.809e-13
349.11,8.089e-14,0.0,0.0,8.089e-14
349.16,3.472e-14,0.0,0.0,3.472e-14
349.21,1.43e-14,0.0,0.0,1.43e-14
349.26,5.651e-15,0.0,0.0,5.651e-15
349.31,2.143e-15,0.0,0.0,2.143e-15
349.36,7.799e-16,0.0,0.0,7.799e-16
349.41,2.723e-16,0.0,0.0,2.723e-16
349.46,9.125e-17,0.0,0.0,9.125e-17
349.51,2.934e-17,0.0,0.0,2.934e-17
349.56,9.056e-18,0.0,0.0,9.056e-18
349.61,2.693e-18,0.0,0.0,2.693e-18
349.66,8.141e-19,0.0,0.0,8.141e-19
349.71,4.155e-19,0.0,0.0,4.155e-19
349.76,8.421e-19,0.0,0.0,8.421e-19
349.81,2.881e-18,0.0,0.0,2.881e-18
349.86,1.002e-17,0.0,0.0,1.002e-17
349.91,3.363e-17,0.0,0.0,3.363e-17
349.96,1.084e-16,0.0,0.0,1.084e-16
350.01,3.355e-16,0.0,0.0,3.355e-16
350.06,9.972e-16,0.0,0.0,9.972e-16
350.11,2.846e-15,0.0,0.0,2.846e-15
350.16,7.802e-15,0.0,0.0,7.802e-15
350.21,2.054e-14,0.0,0.0,2.054e-14
350.26,5.191e-14,0.0,0.0,5.191e-14
350.31,1.26e-13,0.0,0.0,1.26e-13
350.36,2.938e-13,0.0,0.0,2.938e-13
350.41,6.577e-13,0.0,0.0,6.577e-13
350.46,1.414e-12,0.0,0.0,1.414e-12
350.51,2.919e-12,0.0,0.0,2.919e-12
350.56,5.787e-12,0.0,0.0,5.787e-12
350.61,1.102e-11,0.0,0.0,1.102e-11
350.66,2.014e-11,0.0,0.0,2.014e-11
350.71,3.536e-11,0.0,0.0,3.536e-11
350.76,5.963e-11,0.0,0.0,5.963e-11
350.81,9.655e-11,0.0,0.0,9.655e-11
350.86,1.501e-10,0.0,0.0,1.501e-10
350.91,2.242e-10,0.0,0.0,2.242e-10
350.96,3.215e-10,0.0,1.006e-13,3.214e-10
351.01,4.431e-10,0.0,5.358e-13,4.426e-10
351.06,5.88e-10,0.0,2.741e-12,5.853e-10
351.11,7.567e-10,0.0,1.347e-11,7.432e-10
351.16,9.7e-10,0.0,6.362e-11,9.064e-10
351.21,1.35e-09,0.0,2.886e-10,1.061e-09
351.26,2.452e-09,0.0,1.258e-09,1.194e-09
351.31,6.555e-09,0.0,5.266e-09,1.289e-09
351.36,2.252e-08,0.0,2.118e-08,1.337e-09
351.41,8.317e-08,0.0,8.184e-08,1.332e-09
351.46,3.051e-07,0.0,3.038e-07,1.274e-09
351.51,1.085e-06,0.0,1.083e-06,1.17e-09
351.56,3.713e-06,0.0,3.712e-06,1.032e-09
351.61,1.222e-05,0.0,1.222e-05,8.739e-10
351.66,3.862e-05,0.0,3.862e-05,7.108e-10
351.71,0.0001173,0.0,0.0001173,5.553e-10
351.76,0.0003424,0.0,0.0003424,4.165e-10
351.81,0.0009597,0.0,0.0009597,3e-10
351.86,0.002585,0.0,0.002585,2.076e-10
351.91,0.006687,0.0,0.006687,1.379e-10
351.96,0.01662,0.0,0.01662,8.796e-11
352.01,0.03969,0.0,0.03969,5.389e-11
352.06,0.09104,0.0,0.09104,3.17e-11
352.11,0.2006,0.0,0.2006,1.791e-11
352.16,0.4248,0.0,0.4248,9.717e-12
352.21,0.8639,0.0,0.8639,5.063e-12
352.26,1.688,0.0,1.688,2.533e-12
352.31,3.169,0.0,3.169,1.217e-12
352.36,5.714,0.0,5.714,5.616e-13
352.41,9.899,0.0,9.899,2.488e-13
352.46,16.47,0.0,16.47,1.059e-13
352.51,26.34,0.0,26.34,4.327e-14
352.56,40.46,0.0,40.46,1.698e-14
352.61,59.7,0.0,59.7,6.398e-15
352.66,84.63,0.0,84.63,2.315e-15
352.71,115.2,0.0,115.2,8.046e-16
352.76,150.8,0.0,150.8,2.685e-16
352.81,189.5,0.0,189.5,8.605e-17
352.86,228.8,0.0,228.8,2.648e-17
352.91,265.4,0.0,265.4,7.827e-18
352.96,295.8,0.0,295.8,2.221e-18
353.01,316.7,0.0,316.7,6.055e-19
353.06,325.7,0.0,325.7,1.585e-19
353.11,321.8,0.0,321.8,3.983e-20
353.16,305.4,0.0,305.4,9.614e-21
353.21,278.5,0.0,278.5,2.229e-21
353.26,244.0,0.0,244.0,4.961e-22
353.31,205.3,0.0,205.3,1.06e-22
353.36,166.0,0.0,166.0,2.177e-23
353.41,128.9,0.0,128.9,4.291e-24
353.46,96.22,0.0,96.22,8.123e-25
353.51,68.97,0.0,68.97,1.477e-25
353.56,47.5,0.0,47.5,0.0
353.61,31.42,0.0,31.42,0.0
353.66,19.97,0.0,19.97,0.0
353.71,12.19,0.0,12.19,0.0
353.76,7.153,0.0,7.153,0.0
353.81,4.031,0.0,4.031,0.0
353.86,2.182,0.0,2.182,0.0
353.91,1.135,0.0,1.135,0.0
353.96,0.567,0.0,0.567,0.0
354.01,0.2721,0.0,0.2721,0.0
354.06,0.1255,0.0,0.1255,0.0
354.11,0.05559,0.0,0.05559,0.0
354.16,0.02366,0.0,0.02366,0.0
354.21,0.009672,0.0,0.009672,0.0
354.26,0.003799,0.0,0.003799,0.0
354.31,0.001433,0.0,0.001433,0.0
354.36,0.0005196,0.0,0.0005196,0.0
354.41,0.0001809,0.0,0.0001809,0.0
354.46,6.053e-05,0.0,6.053e-05,0.0
354.51,1.946e-05,0.0,1.946e-05,0.0
354.56,6.024e-06,0.0,6.024e-06,0.0
354.61,1.846e-06,0.0,1.846e-06,0.0
354.66,7.315e-07,0.0,7.315e-07,0.0
354.71,8.837e-07,0.0,8.837e-07,0.0
354.76,2.418e-06,0.0,2.418e-06,0.0
354.81,7.33e-06,0.0,7.33e-06,0.0
354.86,2.164e-05,0.0,2.164e-05,0.0
354.91,6.147e-05,0.0,6.147e-05,0.0
354.96,0.0001679,0.0,0.0001679,0.0
355.01,0.0004409,0.0,0.0004409,0.0
355.07,0.001333,0.0,0.001333,0.0
355.12,0.00321,0.0,0.00321,0.0
355.17,0.00743,0.0,0.00743,0.0
355.22,0.01653,0.0,0.01653,0.0
355.27,0.03537,0.0,0.03537,0.0
355.32,0.07275,0.0,0.07275,0.0
355.37,0.1439,0.0,0.1439,0.0
355.42,0.2734,0.0,0.2734,0.0
355.47,0.4997,0.0,0.4997,0.0
355.52,0.8778,0.0,0.8778,0.0
355.57,1.483,0.0,1.483,0.0
355.62,2.407,0.0,2.407,0.0
355.67,3.757,0.0,3.757,0.0
355.72,5.638,0.0,5.638,0.0
355.77,8.134,0.0,8.134,0.0
355.82,11.28,0.0,11.28,0.0
355.87,15.04,0.0,15.04,0.0
355.92,19.28,0.0,19.28,0.0
355.97,23.76,0.0,23.76,0.0
356.02,28.14,0.0,28.14,0.0
356.07,32.05,0.0,32.05,0.0
356.12,35.09,0.0,35.09,0.0
356.17,36.94,0.0,36.94,0.0
356.22,37.37,0.0,37.37,0.0
356.27,36.36,0.0,36.36,0.0
356.32,34.0,0.0,34.0,0.0
356.37,30.57,0.0,30.57,0.0
356.42,26.42,0.0,26.42,0.0
356.47,21.96,0.0,21.96,0.0
356.52,17.54,0.0,17.54,0.0
356.57,13.47,0.0,13.47,0.0
356.62,9.944,0.0,9.944,0.0
356.67,7.058,0.0,7.058,0.0
356.72,4.816,0.0,4.816,0.0
356.77,3.159,0.0,3.159,0.0
356.82,1.992,0.0,1.992,0.0
356.87,1.208,0.0,1.208,0.0
356.92,0.704,0.0,0.704,0.0
356.97,0.3945,0.0,0.3945,0.0
357.02,0.2125,0.0,0.2125,0.0
357.07,0.11,0.0,0.11,0.0
357.12,0.05478,0.0,0.05478,0.0
357.17,0.02622,0.0,0.02622,0.0
357.22,0.01206,0.0,0.01206,0.0
357.27,0.005336,0.0,0.005336,0.0
357.32,0.002269,0.0,0.002269,0.0
357.37,0.0009277,0.0,0.0009277,0.0
357.42,0.0003646,0.0,0.0003646,0.0
357.47,0.0001378,0.0,0.0001378,0.0
357.52,5.004e-05,0.0,5.004e-05,0.0
357.57,1.748e-05,0.0,1.748e-05,0.0
357.62,5.867e-06,0.0,5.867e-06,0.0
357.67,1.893e-06,0.0,1.893e-06,0.0
357.72,5.875e-07,0.0,5.875e-07,0.0
357.77,1.752e-07,0.0,1.752e-07,0.0
357.82,5.025e-08,0.0,5.025e-08,0.0
357.87,1.385e-08,0.0,1.385e-08,0.0
357.92,3.671e-09,0.0,3.671e-09,0.0
357.97,9.354e-10,0.0,9.354e-10,0.0
358.02,2.291e-10,0.0,2.291e-10,0.0
358.07,5.395e-11,0.0,5.395e-11,0.0
358.12,1.221e-11,0.0,1.221e-11,0.0
358.17,2.658e-12,0.0,2.658e-12,0.0
358.22,5.561e-13,0.0,5.561e-13,0.0
358.27,1.119e-13,0.0,1.119e-13,0.0
358.32,2.163e-14,0.0,2.163e-14,0.0
358.37,4.021e-15,0.0,4.021e-15,0.0
358.72,3.658e-14,0.0,3.658e-14,0.0
358.77,1.899e-13,0.0,1.899e-13,0.0
358.82,9.487e-13,0.0,9.487e-13,0.0
358.87,4.56e-12,0.0,4.56e-12,0.0
358.92,2.11e-11,0.0,2.11e-11,0.0
358.97,9.393e-11,0.0,9.393e-11,0.0
359.02,4.024e-10,0.0,4.024e-10,0.0
359.07,1.659e-09,0.0,1.659e-09,0.0
359.12,6.583e-09,0.0,6.583e-09,0.0
359.17,2.514e-08,0.0,2.514e-08,0.0
359.22,9.236e-08,0.0,9.236e-08,0.0
359.27,3.266e-07,0.0,3.266e-07,0.0
359.32,1.111e-06,0.0,1.111e-06,0.0
359.37,3.64e-06,0.0,3.64e-06,0.0
359.42,1.147e-05,0.0,1.147e-05,0.0
359.47,3.478e-05,0.0,3.478e-05,0.0
359.52,0.0001015,0.0,0.0001015,0.0
359.57,0.0002851,0.0,0.0002851,0.0
359.62,0.0007707,0.0,0.0007707,0.0
359.67,0.002004,0.0,0.002004,0.0
359.72,0.005017,0.0,0.005017,0.0
359.77,0.01209,0.0,0.01209,0.0
359.82,0.02802,0.0,0.02802,0.0
359.87,0.0625,0.0,0.0625,0.0
359.92,0.1342,0.0,0.1342,0.0
359.97,0.2772,0.0,0.2772,0.0
360.02,0.551,0.0,0.551,0.0
360.07,1.054,0.0,1.054,0.0
360.12,1.941,0.0,1.941,0.0
360.17,3.439,0.0,3.439,0.0
360.22,5.864,0.0,5.864,0.0
360.27,9.622,0.0,9.622,0.0
360.32,15.19,0.0,15.19,0.0
360.37,23.09,0.0,23.09,0.0
360.42,33.76,0.0,33.76,0.0
360.47,47.52,0.0,47.52,0.0
360.52,64.35,0.0,64.35,0.0
360.57,83.87,0.0,83.87,0.0
360.62,105.2,0.0,105.2,0.0
360.67,127.0,0.0,127.0,0.0
360.72,147.5,0.0,147.5,0.0
360.77,164.9,0.0,164.9,0.0
360.82,177.5,0.0,177.5,0.0
360.87,183.9,0.0,183.9,0.0
360.92,183.6,0.0,183.6,0.0
360.97,176.9,0.0,176.9,0.0
361.02,164.8,0.0,164.8,0.0
361.07,149.3,0.0,149.3,0.0
361.12,132.8,0.0,132.8,0.0
361.17,118.3,0.0,118.3,0.0
361.22,108.6,0.0,108.6,0.0
361.27,106.4,0.0,106.4,0.0
361.32,114.3,0.0,114.3,0.0
361.37,134.0,0.0,134.0,0.0
361.42,166.5,0.0,166.5,0.0
361.47,211.8,0.0,211.8,0.0
361.52,268.3,0.0,268.3,0.0
361.57,332.9,0.0,332.9,0.0
361.62,401.1,0.0,401.1,0.0
361.67,467.3,0.0,467.3,0.0
361.72,525.0,0.0,525.0,0.0
361.77,568.4,0.0,568.4,0.0
361.82,592.6,0.0,592.6,0.0
361.87,595.0,0.0,595.0,0.0
361.92,575.3,0.0,575.3,0.0
361.97,535.7,0.0,535.7,0.0
362.02,480.8,0.0,480.8,0.0
362.07,416.1,0.0,416.1,0.0
362.12,348.0,0.0,348.0,0.0
362.17,282.0,0.0,282.0,0.0
362.22,222.5,0.0,222.5,0.0
362.27,172.4,0.0,172.4,0.0
362.32,133.0,0.0,133.0,0.0
362.37,104.0,0.0,104.0,0.0
362.42,84.09,0.0,84.09,0.0
362.47,71.35,0.0,71.35,0.0
362.52,63.67,0.0,63.67,0.0
362.57,59.03,0.0,59.03,0.0
362.62,55.75,0.0,55.75,0.0
362.67,52.63,0.0,52.63,0.0
362.72,48.95,0.0,48.95,0.0
362.77,44.43,0.0,44.43,0.0
362.82,39.11,0.0,39.11,0.0
362.87,33.29,0.0,33.29,0.0
362.92,27.35,0.0,27.35,0.0
362.97,21.65,0.0,21.65,0.0
363.02,16.51,0.0,16.51,0.0
363.07,12.13,0.0,12.13,0.0
363.12,8.581,0.0,8.581,0.0
363.17,5.844,0.0,5.844,0.0
363.22,3.832,0.0,3.832,0.0
363.27,2.419,0.0,2.419,0.0
363.32,1.47,0.0,1.47,0.0
363.37,0.8599,0.0,0.8599,0.0
363.42,0.4843,0.0,0.4843,0.0
363.47,0.2626,0.0,0.2626,0.0
363.52,0.1371,0.0,0.1371,0.0
363.57,0.06888,0.0,0.06888,0.0
363.62,0.03332,0.0,0.03332,0.0
363.67,0.01552,0.0,0.01552,0.0
363.72,0.006957,0.0,0.006957,0.0
363.77,0.003003,0.0,0.003003,0.0
363.82,0.001248,0.0,0.001248,0.0
363.87,0.0004991,0.0,0.0004991,0.0
363.92,0.0001922,0.0,0.0001922,0.0
363.97,7.125e-05,0.0,7.125e-05,0.0
364.02,2.543e-05,0.0,2.543e-05,0.0
364.07,8.736e-06,0.0,8.736e-06,0.0
364.12,2.89e-06,0.0,2.89e-06,0.0
364.17,9.201e-07,0.0,9.201e-07,0.0
364.22,2.821e-07,0.0,2.821e-07,0.0
364.27,8.323e-08,0.0,8.323e-08,0.0
364.32,2.365e-08,0.0,2.365e-08,0.0
364.37,6.467e-09,0.0,6.467e-09,0.0
364.42,1.703e-09,0.0,1.703e-09,0.0
364.47,4.316e-10,0.0,4.316e-10,0.0
364.52,1.053e-10,0.0,1.053e-10,0.0
364.57,2.474e-11,0.0,2.474e-11,0.0
364.62,5.595e-12,0.0,5.595e-12,0.0
364.67,1.218e-12,0.0,1.218e-12,0.0
364.72,2.553e-13,0.0,2.553e-13,0.0
364.77,5.151e-14,0.0,5.151e-14,0.0
364.82,1.001e-14,0.0,1.001e-14,0.0
365.92,1.632e-13,0.0,1.632e-13,0.0
365.97,8.365e-13,0.0,8.365e-13,0.0
366.02,4.132e-12,0.0,4.132e-12,0.0
366.07,1.967e-11,0.0,1.967e-11,0.0
366.12,9.027e-11,0.0,9.027e-11,0.0
366.17,3.992e-10,0.0,3.992e-10,0.0
366.22,1.701e-09,0.0,1.701e-09,0.0
366.27,6.989e-09,0.0,6.989e-09,0.0
366.32,2.767e-08,0.0,2.767e-08,0.0
366.37,1.056e-07,0.0,1.056e-07,0.0
366.42,3.883e-07,0.0,3.883e-07,0.0
366.47,1.376e-06,0.0,1.376e-06,0.0
366.52,4.701e-06,0.0,4.701e-06,0.0
366.57,1.548e-05,0.0,1.548e-05,0.0
366.62,4.91e-05,0.0,4.91e-05,0.0
366.67,0.0001502,0.0,0.0001502,0.0
366.72,0.0004425,0.0,0.0004425,0.0
366.77,0.001257,0.0,0.001257,0.0
366.82,0.003441,0.0,0.003441,0.0
366.87,0.00908,0.0,0.00908,0.0
366.92,0.02309,0.0,0.02309,0.0
366.97,0.05659,0.0,0.05659,0.0
367.02,0.1337,0.0,0.1337,0.0
367.07,0.3043,0.0,0.3043,0.0
367.12,0.6676,0.0,0.6676,0.0
367.17,1.412,0.0,1.412,0.0
367.22,2.877,0.0,2.877,0.0
367.27,5.651,0.0,5.651,0.0
367.32,10.7,0.0,10.7,0.0
367.37,19.52,0.0,19.52,0.0
367.42,34.32,0.0,34.32,0.0
367.47,58.17,0.0,58.17,0.0
367.52,95.01,0.0,95.01,0.0
367.57,149.6,0.0,149.6,0.0
367.62,226.9,0.0,226.9,0.0
367.67,331.8,0.0,331.8,0.0
367.72,467.6,0.0,467.6,0.0
367.77,635.1,0.0,635.1,0.0
367.82,831.4,0.0,831.4,0.0
367.87,1049.0,0.0,1049.0,0.0
367.92,1275.0,0.0,1275.0,0.0
367.97,1495.0,0.0,1495.0,0.0
368.02,1688.0,0.0,1688.0,0.0
368.07,1838.0,0.0,1838.0,0.0
368.12,1928.0,0.0,1928.0,0.0
368.17,1949.0,0.0,1949.0,0.0
368.22,1900.0,0.0,1900.0,0.0
368.27,1784.0,0.0,1784.0,0.0
368.32,1615.0,0.0,1615.0,0.0
368.37,1409.0,0.0,1409.0,0.0
368.42,1185.0,0.0,1185.0,0.0
368.47,960.0,0.0,960.0,0.0
368.52,749.8,0.0,749.8,0.0
368.57,564.4,0.0,564.4,0.0
368.62,409.4,0.0,409.4,0.0
368.67,286.3,0.0,286.3,0.0
368.72,192.9,0.0,192.9,0.0
368.77,125.3,0.0,125.3,0.0
368.82,78.42,0.0,78.42,0.0
368.87,47.31,0.0,47.31,0.0
368.92,27.51,0.0,27.51,0.0
368.97,15.41,0.0,15.41,0.0
369.02,8.325,0.0,8.325,0.0
369.07,4.333,0.0,4.333,0.0
369.12,2.174,0.0,2.174,0.0
369.17,1.051,0.0,1.051,0.0
369.22,0.4897,0.0,0.4897,0.0
369.27,0.2199,0.0,0.2199,0.0
369.32,0.0952,0.0,0.0952,0.0
369.37,0.03971,0.0,0.03971,0.0
369.42,0.01597,0.0,0.01597,0.0
369.47,0.006187,0.0,0.006187,0.0
369.52,0.00231,0.0,0.00231,0.0
369.57,0.0008316,0.0,0.0008316,0.0
369.62,0.0002885,0.0,0.0002885,0.0
369.67,9.644e-05,0.0,9.644e-05,0.0
369.72,3.108e-05,0.0,3.108e-05,0.0
369.77,9.651e-06,0.0,9.651e-06,0.0
369.82,2.889e-06,0.0,2.889e-06,0.0
369.87,8.332e-07,0.0,8.332e-07,0.0
369.92,2.317e-07,0.0,2.317e-07,0.0
369.97,6.207e-08,0.0,6.207e-08,0.0
370.02,1.603e-08,0.0,1.603e-08,0.0
370.07,3.991e-09,0.0,3.991e-09,0.0
370.12,9.643e-10,0.0,9.643e-10,0.0
370.17,2.52e-10,0.0,2.52e-10,0.0
370.22,1.747e-10,0.0,1.747e-10,0.0
370.27,5.031e-10,0.0,5.031e-10,0.0
370.32,1.869e-09,0.0,1.869e-09,0.0
370.37,6.823e-09,0.0,6.823e-09,0.0
370.42,2.405e-08,0.0,2.405e-08,0.0
370.47,8.18e-08,0.0,8.18e-08,0.0
370.52,2.683e-07,0.0,2.683e-07,0.0
370.57,8.489e-07,0.0,8.489e-07,0.0
370.62,2.59e-06,0.0,2.59e-06,0.0
370.67,7.624e-06,0.0,7.624e-06,0.0
370.72,2.165e-05,0.0,2.165e-05,0.0
370.77,5.927e-05,0.0,5.927e-05,0.0
370.82,0.0001565,0.0,0.0001565,0.0
370.87,0.0003988,0.0,0.0003988,0.0
370.92,0.0009799,0.0,0.0009799,0.0
370.97,0.002322,0.0,0.002322,0.0
371.02,0.005309,0.0,0.005309,0.0
371.07,0.01171,0.0,0.01171,0.0
371.12,0.0249,0.0,0.0249,0.0
371.17,0.05107,0.0,0.05107,0.0
371.22,0.101,0.0,0.101,0.0
371.27,0.1928,0.0,0.1928,0.0
371.32,0.355,0.0,0.355,0.0
371.37,0.6303,0.0,0.6303,0.0
371.42,1.079,0.0,1.079,0.0
371.47,1.783,0.0,1.783,0.0
371.52,2.84,0.0,2.84,0.0
371.57,4.365,0.0,4.365,0.0
371.62,6.47,0.0,6.47,0.0
371.67,9.25,0.0,9.25,0.0
371.72,12.76,0.0,12.76,0.0
371.77,16.97,0.0,16.97,0.0
371.82,21.76,0.0,21.76,0.0
371.87,26.93,0.0,26.93,0.0
371.92,32.14,0.0,32.14,0.0
371.97,37.0,0.0,37.0,0.0
372.02,41.09,0.0,41.09,0.0
372.07,44.01,0.0,44.01,0.0
372.12,45.46,0.0,45.46,0.0
372.17,45.3,0.0,45.3,0.0
372.22,43.53,0.0,43.53,0.0
372.27,40.35,0.0,40.35,0.0
372.32,36.08,0.0,36.08,0.0
372.37,31.12,0.0,31.12,0.0
372.42,25.88,0.0,25.88,0.0
372.47,20.77,0.0,20.77,0.0
372.52,16.07,0.0,16.07,0.0
372.57,12.0,0.0,12.0,0.0
372.62,8.636,0.0,8.636,0.0
372.67,5.997,0.0,5.997,0.0
372.72,4.017,0.0,4.017,0.0
372.77,2.595,0.0,2.595,0.0
372.82,1.617,0.0,1.617,0.0
372.87,0.972,0.0,0.972,0.0
372.92,0.5635,0.0,0.5635,0.0
372.97,0.3151,0.0,0.3151,0.0
373.02,0.17,0.0,0.17,0.0
373.07,0.08841,0.0,0.08841,0.0
373.12,0.04436,0.0,0.04436,0.0
373.17,0.02147,0.0,0.02147,0.0
373.22,0.01002,0.0,0.01002,0.0
373.27,0.004513,0.0,0.004513,0.0
373.32,0.00196,0.0,0.00196,0.0
373.37,0.000821,0.0,0.000821,0.0
373.42,0.0003317,0.0,0.0003317,0.0
373.47,0.0001293,0.0,0.0001293,0.0
373.52,4.86e-05,0.0,4.86e-05,0.0
373.57,1.762e-05,0.0,1.762e-05,0.0
373.62,6.162e-06,0.0,6.162e-06,0.0
373.67,2.078e-06,0.0,2.078e-06,0.0
373.72,6.762e-07,0.0,6.762e-07,0.0
373.77,2.122e-07,0.0,2.122e-07,0.0
373.82,6.423e-08,0.0,6.423e-08,0.0
373.87,1.875e-08,0.0,1.875e-08,0.0
373.92,5.28e-09,0.0,5.28e-09,0.0
373.97,1.434e-09,0.0,1.434e-09,0.0
374.02,3.757e-10,0.0,3.757e-10,0.0
374.07,9.493e-11,0.0,9.493e-11,0.0
374.12,2.314e-11,0.0,2.314e-11,0.0
374.17,5.439e-12,0.0,5.439e-12,0.0
374.22,1.233e-12,0.0,1.233e-12,0.0
374.27,2.697e-13,0.0,2.697e-13,0.0
374.32,5.69e-14,0.0,5.69e-14,0.0
374.37,1.158e-14,0.0,1.158e-14,0.0
374.47,4.069e-14,0.0,4.069e-14,0.0
374.52,1.979e-13,0.0,1.979e-13,0.0
374.57,9.291e-13,0.0,9.291e-13,0.0
374.62,4.211e-12,0.0,4.211e-12,0.0
374.67,1.843e-11,0.0,1.843e-11,0.0
374.72,7.783e-11,0.0,7.783e-11,0.0
374.77,3.174e-10,0.0,3.174e-10,0.0
374.82,1.25e-09,0.0,1.25e-09,0.0
374.87,4.749e-09,0.0,4.749e-09,0.0
374.92,1.742e-08,0.0,1.742e-08,0.0
374.97,6.171e-08,0.0,6.171e-08,0.0
375.02,2.11e-07,0.0,2.11e-07,0.0
375.07,6.965e-07,0.0,6.965e-07,0.0
375.12,2.22e-06,0.0,2.22e-06,0.0
375.17,6.828e-06,0.0,6.828e-06,0.0
375.22,2.028e-05,0.0,2.028e-05,0.0
375.27,5.814e-05,0.0,5.814e-05,0.0
375.32,0.0001609,0.0,0.0001609,0.0
375.37,0.00043,0.0,0.00043,0.0
375.42,0.001109,0.0,0.001109,0.0
375.47,0.002762,0.0,0.002762,0.0
375.52,0.006641,0.0,0.006641,0.0
375.57,0.01541,0.0,0.01541,0.0
375.62,0.03453,0.0,0.03453,0.0
375.67,0.07469,0.0,0.07469,0.0
375.72,0.156,0.0,0.156,0.0
375.77,0.3144,0.0,0.3144,0.0
375.82,0.6118,0.0,0.6118,0.0
375.87,1.149,0.0,1.149,0.0
375.92,2.085,0.0,2.085,0.0
375.97,3.65,0.0,3.65,0.0
376.02,6.169,0.0,6.169,0.0
376.07,10.07,0.0,10.07,0.0
376.12,15.86,0.0,15.86,0.0
376.17,24.12,0.0,24.12,0.0
376.22,35.41,0.0,35.41,0.0
376.27,50.18,0.0,50.18,0.0
376.32,68.66,0.0,68.66,0.0
376.37,90.69,0.0,90.69,0.0
376.42,115.6,0.0,115.6,0.0
376.47,142.4,0.0,142.4,0.0
376.52,169.2,0.0,169.2,0.0
376.57,194.1,0.0,194.1,0.0
376.62,215.0,0.0,215.0,0.0
376.67,229.9,0.0,229.9,0.0
376.72,237.3,0.0,237.3,0.0
376.77,236.4,0.0,236.4,0.0
376.82,227.4,0.0,227.4,0.0
376.87,211.2,0.0,211.2,0.0
376.92,189.4,0.0,189.4,0.0
376.97,163.9,0.0,163.9,0.0
377.02,137.0,0.0,137.0,0.0
377.07,110.5,0.0,110.5,0.0
377.12,86.1,0.0,86.1,0.0
377.17,64.84,0.0,64.84,0.0
377.22,47.31,0.0,47.31,0.0
377.27,33.68,0.0,33.68,0.0
377.32,23.87,0.0,23.87,0.0
377.37,17.74,0.0,17.74,0.0
377.42,15.3,0.0,15.3,0.0
377.47,16.9,0.0,16.9,0.0
377.52,23.44,0.0,23.44,0.0
377.57,36.51,0.0,36.51,0.0
377.62,58.53,0.0,58.53,0.0
377.67,92.71,0.0,92.71,0.0
377.72,142.9,0.0,142.9,0.0
377.77,213.3,0.0,213.3,0.0
377.82,307.7,0.0,307.7,0.0
377.87,428.7,0.0,428.7,0.0
377.92,576.9,0.0,576.9,0.0
377.97,749.7,0.0,749.7,0.0
378.02,940.9,0.0,940.9,0.0
378.07,1140.0,0.0,1140.0,0.0
378.12,1334.0,0.0,1334.0,0.0
378.17,1508.0,0.0,1508.0,0.0
378.22,1645.0,0.0,1645.0,0.0
378.27,1734.0,0.0,1734.0,0.0
378.32,1764.0,0.0,1764.0,0.0
378.37,1734.0,0.0,1734.0,0.0
378.42,1645.0,0.0,1645.0,0.0
378.47,1508.0,0.0,1508.0,0.0
378.52,1334.0,0.0,1334.0,0.0
378.57,1140.0,0.0,1140.0,0.0
378.62,940.9,0.0,940.9,0.0
378.67,749.7,0.0,749.7,0.0
378.72,576.9,0.0,576.9,0.0
378.77,428.7,0.0,428.7,0.0
378.82,307.6,0.0,307.6,0.0
378.87,213.2,0.0,213.2,0.0
378.92,142.7,0.0,142.7,0.0
378.97,92.22,0.0,92.22,0.0
379.02,57.62,0.0,57.62,0.0
379.07,34.86,0.0,34.86,0.0
379.12,20.56,0.0,20.56,0.0
379.17,12.05,0.0,12.05,0.0
379.22,7.425,0.0,7.425,0.0
379.27,5.405,0.0,5.405,0.0
379.32,5.237,0.0,5.237,0.0
379.37,6.553,0.0,6.553,0.0
379.42,9.25,0.0,9.25,0.0
379.47,13.39,0.0,13.39,0.0
379.52,19.08,0.0,19.08,0.0
379.57,26.44,0.0,26.44,0.0
379.62,35.46,0.0,35.46,0.0
379.67,45.96,0.0,45.96,0.0
379.72,57.56,0.0,57.56,0.0
379.77,69.63,0.0,69.63,0.0
379.82,81.37,0.0,81.37,0.0
379.87,91.85,0.0,91.85,0.0
379.92,100.2,0.0,100.2,0.0
379.97,105.5,0.0,105.5,0.0
380.02,107.3,0.0,107.3,0.0
380.07,105.5,0.0,105.5,0.0
380.12,100.2,0.0,100.2,0.0
380.17,91.85,0.0,91.85,0.0
380.22,81.37,0.0,81.37,0.0
380.27,69.63,0.0,69.63,0.0
380.32,57.56,0.0,57.56,0.0
380.37,45.96,0.0,45.96,0.0
380.42,35.45,0.0,35.45,0.0
380.47,26.42,0.0,26.42,0.0
380.52,19.03,0.0,19.03,0.0
380.57,13.27,0.0,13.27,0.0
380.62,9.0,0.0,9.0,0.0
380.67,6.017,0.0,6.017,0.0
380.72,4.129,0.0,4.129,0.0
380.77,3.194,0.0,3.194,0.0
380.82,3.168,0.0,3.168,0.0
380.87,4.144,0.0,4.144,0.0
380.92,6.387,0.0,6.387,0.0
380.97,10.36,0.0,10.36,0.0
381.02,16.72,0.0,16.72,0.0
381.07,26.37,0.0,26.37,0.0
381.12,40.34,0.0,40.34,0.0
381.17,59.74,0.0,59.74,0.0
381.22,85.58,0.0,85.58,0.0
381.27,118.6,0.0,118.6,0.0
381.32,158.9,0.0,158.9,0.0
381.37,205.9,0.0,205.9,0.0
381.42,257.9,0.0,257.9,0.0
381.47,312.6,0.0,312.6,0.0
381.52,366.2,0.0,366.2,0.0
381.57,415.0,0.0,415.0,0.0
381.62,454.6,0.0,454.6,0.0
381.67,481.6,0.0,481.6,0.0
381.72,493.3,0.0,493.3,0.0
381.77,488.6,0.0,488.6,0.0
381.82,467.9,0.0,467.9,0.0
381.87,433.2,0.0,433.2,0.0
381.92,387.8,0.0,387.8,0.0
381.97,335.6,0.0,335.6,0.0
382.02,280.8,0.0,280.8,0.0
382.07,227.2,0.0,227.2,0.0
382.12,177.6,0.0,177.6,0.0
382.17,134.3,0.0,134.3,0.0
382.22,98.15,0.0,98.15,0.0
382.27,69.34,0.0,69.34,0.0
382.32,47.35,0.0,47.35,0.0
382.37,31.26,0.0,31.26,0.0
382.42,19.95,0.0,19.95,0.0
382.47,12.3,0.0,12.3,0.0
382.52,7.336,0.0,7.336,0.0
382.57,4.228,0.0,4.228,0.0
382.62,2.355,0.0,2.355,0.0
382.67,1.268,0.0,1.268,0.0
382.72,0.6599,0.0,0.6599,0.0
382.77,0.3319,0.0,0.3319,0.0
382.82,0.1614,0.0,0.1614,0.0
382.87,0.07581,0.0,0.07581,0.0
382.92,0.03443,0.0,0.03443,0.0
382.97,0.01511,0.0,0.01511,0.0
383.02,0.006409,0.0,0.006409,0.0
383.07,0.002627,0.0,0.002627,0.0
383.12,0.001041,0.0,0.001041,0.0
383.17,0.0003985,0.0,0.0003985,0.0
383.22,0.0001475,0.0,0.0001475,0.0
383.27,5.274e-05,0.0,5.274e-05,0.0
383.32,1.823e-05,0.0,1.823e-05,0.0
383.37,6.087e-06,0.0,6.087e-06,0.0
383.42,1.965e-06,0.0,1.965e-06,0.0
383.47,6.128e-07,0.0,6.128e-07,0.0
383.52,1.847e-07,0.0,1.847e-07,0.0
383.57,5.381e-08,0.0,5.381e-08,0.0
383.62,1.515e-08,0.0,1.515e-08,0.0
383.67,4.121e-09,0.0,4.121e-09,0.0
383.72,1.083e-09,0.0,1.083e-09,0.0
383.77,2.752e-10,0.0,2.752e-10,0.0
383.82,6.758e-11,0.0,6.758e-11,0.0
383.87,1.611e-11,0.0,1.611e-11,0.0
383.92,4.043e-12,0.0,4.043e-12,0.0
383.97,2.424e-12,0.0,2.424e-12,0.0
384.02,6.957e-12,0.0,6.957e-12,0.0
384.07,2.769e-11,0.0,2.769e-11,0.0
384.12,1.09e-10,0.0,1.09e-10,0.0
384.17,4.154e-10,0.0,4.154e-10,0.0
384.22,1.531e-09,0.0,1.531e-09,0.0
384.27,5.457e-09,0.0,5.457e-09,0.0
384.32,1.881e-08,0.0,1.881e-08,0.0
384.37,6.269e-08,0.0,6.269e-08,0.0
384.42,2.02e-07,0.0,2.02e-07,0.0
384.47,6.297e-07,0.0,6.297e-07,0.0
384.52,1.898e-06,0.0,1.898e-06,0.0
384.57,5.531e-06,0.0,5.531e-06,0.0
384.62,1.559e-05,0.0,1.559e-05,0.0
384.67,4.249e-05,0.0,4.249e-05,0.0
384.72,0.000112,0.0,0.000112,0.0
384.77,0.0002854,0.0,0.0002854,0.0
384.82,0.0007034,0.0,0.0007034,0.0
384.87,0.001676,0.0,0.001676,0.0
384.92,0.003864,0.0,0.003864,0.0
384.97,0.008612,0.0,0.008612,0.0
385.02,0.01856,0.0,0.01856,0.0
385.07,0.03868,0.0,0.03868,0.0
385.12,0.07796,0.0,0.07796,0.0
385.17,0.1519,0.0,0.1519,0.0
385.22,0.2864,0.0,0.2864,0.0
385.27,0.5219,0.0,0.5219,0.0
385.32,0.9199,0.0,0.9199,0.0
385.37,1.568,0.0,1.568,0.0
385.42,2.584,0.0,2.584,0.0
385.47,4.118,0.0,4.118,0.0
385.52,6.347,0.0,6.347,0.0
385.57,9.46,0.0,9.46,0.0
385.62,13.63,0.0,13.63,0.0
385.67,19.0,0.0,19.0,0.0
385.72,25.61,0.0,25.61,0.0
385.77,33.38,0.0,33.38,0.0
385.82,42.07,0.0,42.07,0.0
385.87,51.27,0.0,51.27,0.0
385.93,62.2,0.0,62.2,0.0
385.98,70.41,0.0,70.41,0.0
386.03,77.08,0.0,77.08,0.0
386.08,81.61,0.0,81.61,0.0
386.13,83.54,0.0,83.54,0.0
386.18,82.71,0.0,82.71,0.0
386.23,79.18,0.0,79.18,0.0
386.28,73.3,0.0,73.3,0.0
386.33,65.62,0.0,65.62,0.0
386.38,56.81,0.0,56.81,0.0
386.43,47.56,0.0,47.56,0.0
386.48,38.5,0.0,38.5,0.0
386.53,30.14,0.0,30.14,0.0
386.58,22.82,0.0,22.82,0.0
386.63,16.71,0.0,16.71,0.0
386.68,11.83,0.0,11.83,0.0
386.73,8.103,0.0,8.103,0.0
386.78,5.373,0.0,5.373,0.0
386.83,3.457,0.0,3.457,0.0
386.88,2.173,0.0,2.173,0.0
386.93,1.364,0.0,1.364,0.0
386.98,0.9039,0.0,0.9039,0.0
387.03,0.7082,0.0,0.7082,0.0
387.08,0.729,0.0,0.729,0.0
387.13,0.9532,0.0,0.9532,0.0
387.18,1.397,0.0,1.397,0.0
387.23,2.101,0.0,2.101,0.0
387.28,3.119,0.0,3.119,0.0
387.33,4.511,0.0,4.511,0.0
387.38,6.334,0.0,6.334,0.0
387.43,8.621,0.0,8.621,0.0
387.48,11.38,0.0,11.38,0.0
387.53,14.57,0.0,14.57,0.0
387.58,18.13,0.0,18.13,0.0
387.63,21.93,0.0,21.93,0.0
387.68,25.85,0.0,25.85,0.0
387.73,29.75,0.0,29.75,0.0
387.78,33.52,0.0,33.52,0.0
387.83,37.07,0.0,37.07,0.0
387.88,40.37,0.0,40.37,0.0
387.93,43.42,0.0,43.42,0.0
387.98,46.23,0.0,46.23,0.0
388.03,48.82,0.0,48.82,0.0
388.08,51.14,0.0,51.14,0.0
388.13,53.11,0.0,53.11,0.0
388.18,54.57,0.0,54.57,0.0
388.23,55.33,0.0,55.33,0.0
388.28,55.19,0.0,55.19,0.0
388.33,54.0,0.0,54.0,0.0
388.38,51.67,0.0,51.67,0.0
388.43,48.26,0.0,48.26,0.0
388.48,43.91,0.0,43.91,0.0
388.53,38.9,0.0,38.9,0.0
388.58,33.58,0.0,33.58,0.0
388.63,28.39,0.0,28.39,0.0
388.68,23.82,0.0,23.82,0.0
388.73,20.47,0.0,20.47,0.0
388.78,19.16,0.0,19.16,0.0
388.83,21.03,0.0,21.03,0.0
388.88,27.85,0.0,27.85,0.0
388.93,42.26,0.0,42.26,0.0
388.98,68.18,0.0,68.18,0.0
389.03,111.0,0.0,111.0,0.0
389.08,178.1,0.0,178.1,0.0
389.13,278.4,0.0,278.4,0.0
389.18,422.1,0.0,422.1,0.0
389.23,619.9,0.0,619.9,0.0
389.28,881.3,0.0,881.3,0.0
389.33,1213.0,0.0,1213.0,0.0
389.38,1615.0,0.0,1615.0,0.0
389.43,2080.0,0.0,2080.0,0.0
389.48,2593.0,0.0,2593.0,0.0
389.53,3128.0,0.0,3128.0,0.0
389.58,3652.0,0.0,3652.0,0.0
389.63,4124.0,0.0,4124.0,0.0
389.68,4508.0,0.0,4508.0,0.0
389.73,4767.0,0.0,4767.0,0.0
389.78,4878.0,0.0,4878.0,0.0
389.83,4830.0,0.0,4830.0,0.0
389.88,4628.0,0.0,4628.0,0.0
389.93,4291.0,0.0,4291.0,0.0
389.98,3849.0,0.0,3849.0,0.0
390.03,3341.0,0.0,3341.0,0.0
390.08,2806.0,0.0,2806.0,0.0
390.13,2281.0,0.0,2281.0,0.0
390.18,1794.0,0.0,1794.0,0.0
390.23,1365.0,0.0,1365.0,0.0
390.28,1005.0,0.0,1005.0,0.0
390.33,716.2,0.0,716.2,0.0
390.38,493.8,0.0,493.8,0.0
390.43,329.4,0.0,329.4,0.0
390.48,212.6,0.0,212.6,0.0
390.53,132.8,0.0,132.8,0.0
390.58,80.28,0.0,80.28,0.0
390.63,46.95,0.0,46.95,0.0
390.68,26.57,0.0,26.57,0.0
390.73,14.55,0.0,14.55,0.0
390.78,7.709,0.0,7.709,0.0
390.83,3.953,0.0,3.953,0.0
390.88,1.961,0.0,1.961,0.0
390.93,0.9414,0.0,0.9414,0.0
390.98,0.4373,0.0,0.4373,0.0
391.03,0.1965,0.0,0.1965,0.0
391.08,0.08549,0.0,0.08549,0.0
391.13,0.03599,0.0,0.03599,0.0
391.18,0.0147,0.0,0.0147,0.0
391.23,0.005897,0.0,0.005897,0.0
391.28,0.002507,0.0,0.002507,0.0
391.33,0.00154,0.0,0.00154,0.0
391.38,0.001965,0.0,0.001965,0.0
391.43,0.003833,0.0,0.003833,0.0
391.48,0.008085,0.0,0.008085,0.0
391.53,0.01682,0.0,0.01682,0.0
391.58,0.03399,0.0,0.03399,0.0
391.63,0.06651,0.0,0.06651,0.0
391.68,0.126,0.0,0.126,0.0
391.73,0.2311,0.0,0.2311,0.0
391.78,0.4102,0.0,0.4102,0.0
391.83,0.7051,0.0,0.7051,0.0
391.88,1.173,0.0,1.173,0.0
391.93,1.89,0.0,1.89,0.0
391.98,2.947,0.0,2.947,0.0
392.03,4.45,0.0,4.45,0.0
392.08,6.504,0.0,6.504,0.0
392.13,9.202,0.0,9.202,0.0
392.18,12.61,0.0,12.61,0.0
392.23,16.72,0.0,16.72,0.0
392.28,21.46,0.0,21.46,0.0
392.33,26.68,0.0,26.68,0.0
392.38,32.12,0.0,32.12,0.0
392.43,37.45,0.0,37.45,0.0
392.48,42.3,0.0,42.3,0.0
392.53,46.32,0.0,46.32,0.0
392.58,49.19,0.0,49.19,0.0
392.63,50.74,0.0,50.74,0.0
392.68,50.95,0.0,50.95,0.0
392.73,49.97,0.0,49.97,0.0
392.78,48.13,0.0,48.13,0.0
392.83,45.89,0.0,45.89,0.0
392.88,43.78,0.0,43.78,0.0
392.93,42.32,0.0,42.32,0.0
392.98,41.96,0.0,41.96,0.0
393.03,43.01,0.0,43.01,0.0
393.08,45.54,0.0,45.54,0.0
393.13,49.44,0.0,49.44,0.0
393.18,54.36,0.0,54.36,0.0
393.23,59.77,0.0,59.77,0.0
393.28,65.03,0.0,65.03,0.0
393.33,69.51,0.0,69.51,0.0
393.38,72.63,0.0,72.63,0.0
393.43,73.98,0.0,73.98,0.0
393.48,73.39,0.0,73.39,0.0
393.53,70.93,0.0,70.93,0.0
393.58,66.93,0.0,66.93,0.0
393.63,61.9,0.0,61.9,0.0
393.68,56.48,0.0,56.48,0.0
393.73,51.33,0.0,51.33,0.0
393.78,47.02,0.0,47.02,0.0
393.83,44.0,0.0,44.0,0.0
393.88,42.5,0.0,42.5,0.0
393.93,42.52,0.0,42.52,0.0
393.98,43.84,0.0,43.84,0.0
394.03,46.08,0.0,46.08,0.0
394.08,48.7,0.0,48.7,0.0
394.13,51.17,0.0,51.17,0.0
394.18,52.95,0.0,52.95,0.0
394.23,53.62,0.0,53.62,0.0
394.28,52.92,0.0,52.92,0.0
394.33,50.79,0.0,50.79,0.0
394.38,47.3,0.0,47.3,0.0
394.43,42.73,0.0,42.73,0.0
394.48,37.41,0.0,37.41,0.0
394.53,31.73,0.0,31.73,0.0
394.58,26.08,0.0,26.08,0.0
394.63,20.78,0.0,20.78,0.0
394.68,16.07,0.0,16.07,0.0
394.73,12.09,0.0,12.09,0.0
394.78,8.908,0.0,8.908,0.0
394.83,6.522,0.0,6.522,0.0
394.88,4.887,0.0,4.887,0.0
394.93,3.941,0.0,3.941,0.0
394.98,3.62,0.0,3.62,0.0
395.03,3.87,0.0,3.87,0.0
395.08,4.648,0.0,4.648,0.0
395.13,5.917,0.0,5.917,0.0
395.18,7.633,0.0,7.633,0.0
395.23,9.736,0.0,9.736,0.0
395.28,12.14,0.0,12.14,0.0
395.33,14.71,0.0,14.71,0.0
395.38,17.3,0.0,17.3,0.0
395.43,19.71,0.0,19.71,0.0
395.48,21.78,0.0,21.78,0.0
395.53,23.33,0.0,23.33,0.0
395.58,24.23,0.0,24.23,0.0
395.63,24.46,0.0,24.46,0.0
395.68,24.04,0.0,24.04,0.0
395.73,23.14,0.0,23.14,0.0
395.78,22.01,0.0,22.01,0.0
395.83,21.02,0.0,21.02,0.0
395.88,20.64,0.0,20.64,0.0
395.93,21.44,0.0,21.44,0.0
395.98,24.04,0.0,24.04,0.0
396.03,29.14,0.0,29.14,0.0
396.08,37.4,0.0,37.4,0.0
396.13,49.46,0.0,49.46,0.0
396.18,65.79,0.0,65.79,0.0
396.23,86.61,0.0,86.61,0.0
396.28,111.8,0.0,111.8,0.0
396.33,140.8,0.0,140.8,0.0
396.38,172.8,0.0,172.8,0.0
396.43,206.3,0.0,206.3,0.0
396.48,239.9,0.0,239.9,0.0
396.53,272.1,0.0,272.1,0.0
396.58,301.7,0.0,301.7,0.0
396.63,328.0,0.0,328.0,0.0
396.68,351.1,0.0,351.1,0.0
396.73,371.8,0.0,371.8,0.0
396.78,391.3,0.0,391.3,0.0
396.83,411.2,0.0,411.2,0.0
396.88,432.9,0.0,432.9,0.0
396.93,457.1,0.0,457.1,0.0
396.98,483.6,0.0,483.6,0.0
397.03,510.9,0.0,510.9,0.0
397.08,536.6,0.0,536.6,0.0
397.13,557.6,0.0,557.6,0.0
397.18,570.7,0.0,570.7,0.0
397.23,572.7,0.0,572.7,0.0
397.28,561.9,0.0,561.9,0.0
397.33,537.5,0.0,537.5,0.0
397.38,500.5,0.0,500.5,0.0
397.43,452.9,0.0,452.9,0.0
397.48,397.9,0.0,397.9,0.0
397.53,339.3,0.0,339.3,0.0
397.58,280.6,0.0,280.6,0.0
397.63,225.0,0.0,225.0,0.0
397.68,174.8,0.0,174.8,0.0
397.73,131.7,0.0,131.7,0.0
397.78,96.11,0.0,96.11,0.0
397.83,67.97,0.0,67.97,0.0
397.88,46.58,0.0,46.58,0.0
397.93,30.92,0.0,30.92,0.0
397.98,19.89,0.0,19.89,0.0
398.03,12.4,0.0,12.4,0.0
398.08,7.488,0.0,7.488,0.0
398.13,4.383,0.0,4.383,0.0
398.18,2.489,0.0,2.489,0.0
398.23,1.379,0.0,1.379,0.0
398.28,0.7592,0.0,0.7592,0.0
398.33,0.4458,0.0,0.4458,0.0
398.38,0.3343,0.0,0.3343,0.0
398.43,0.3835,0.0,0.3835,0.0
398.48,0.6068,0.0,0.6068,0.0
398.53,1.072,0.0,1.072,0.0
398.58,1.912,0.0,1.912,0.0
398.63,3.339,0.0,3.339,0.0
398.68,5.666,0.0,5.666,0.0
398.73,9.323,0.0,9.323,0.0
398.78,14.87,0.0,14.87,0.0
398.83,23.0,0.0,23.0,0.0
398.88,34.47,0.0,34.47,0.0
398.93,50.08,0.0,50.08,0.0
398.98,70.56,0.0,70.56,0.0
399.03,96.38,0.0,96.38,0.0
399.08,127.7,0.0,127.7,0.0
399.13,164.2,0.0,164.2,0.0
399.18,205.0,0.0,205.0,0.0
399.23,248.7,0.0,248.7,0.0
399.28,293.4,0.0,293.4,0.0
399.33,337.4,0.0,337.4,0.0
399.38,378.9,0.0,378.9,0.0
399.43,416.9,0.0,416.9,0.0
399.48,451.2,0.0,451.2,0.0
399.53,482.5,0.0,482.5,0.0
399.58,512.9,0.0,512.9,0.0
399.63,544.6,0.0,544.6,0.0
399.68,580.4,0.0,580.4,0.0
399.73,622.1,0.0,622.1,0.0
399.78,670.5,0.0,670.5,0.0
399.83,724.7,0.0,724.7,0.0
399.88,781.8,0.0,781.8,0.0
399.93,837.2,0.0,837.2,0.0
399.98,885.3,0.0,885.3,0.0
400.03,920.1,0.0,920.1,0.0
400.08,936.3,0.0,936.3,0.0
400.13,930.2,0.0,930.2,0.0
400.18,900.5,0.0,900.5,0.0
400.23,848.3,0.0,848.3,0.0
400.28,777.1,0.0,777.1,0.0
400.33,692.3,0.0,692.3,0.0
400.38,600.5,0.0,600.5,0.0
400.43,508.6,0.0,508.6,0.0
400.48,423.0,0.0,423.0,0.0
400.53,349.0,0.0,349.0,0.0
400.58,290.8,0.0,290.8,0.0
400.63,250.8,0.0,250.8,0.0
400.68,230.2,0.0,230.2,0.0
400.73,228.6,0.0,228.6,0.0
400.78,244.6,0.0,244.6,0.0
400.83,275.5,0.0,275.5,0.0
400.88,318.0,0.0,318.0,0.0
400.93,367.6,0.0,367.6,0.0
400.98,419.5,0.0,419.5,0.0
401.03,468.6,0.0,468.6,0.0
401.08,510.1,0.0,510.1,0.0
401.13,539.6,0.0,539.6,0.0
401.18,554.1,0.0,554.1,0.0
401.23,552.0,0.0,552.0,0.0
401.28,533.3,0.0,533.3,0.0
401.33,499.5,0.0,499.5,0.0
401.38,453.6,0.0,453.6,0.0
401.43,399.4,0.0,399.4,0.0
401.48,340.9,0.0,340.9,0.0
401.53,282.1,0.0,282.1,0.0
401.58,226.4,0.0,226.4,0.0
401.63,176.3,0.0,176.3,0.0
401.68,133.2,0.0,133.2,0.0
401.73,97.94,0.0,97.94,0.0
401.78,70.32,0.0,70.32,0.0
401.83,49.72,0.0,49.72,0.0
401.88,35.21,0.0,35.21,0.0
401.93,25.76,0.0,25.76,0.0
401.98,20.35,1.925e-09,20.35,0.0
402.03,18.05,8.375e-09,18.05,0.0
402.08,18.07,3.535e-08,18.07,0.0
402.13,19.77,1.447e-07,19.77,0.0
402.18,22.57,5.744e-07,22.57,0.0
402.23,25.98,2.212e-06,25.98,0.0
402.28,29.55,8.261e-06,29.55,0.0
402.33,32.88,2.992e-05,32.88,0.0
402.38,35.62,0.0001051,35.62,0.0
402.43,37.48,0.0003582,37.48,0.0
402.48,38.27,0.001184,38.27,0.0
402.53,37.91,0.003794,37.91,0.0
402.58,36.42,0.0118,36.41,0.0
402.63,33.95,0.03557,33.92,0.0
402.68,30.74,0.104,30.64,0.0
402.73,27.14,0.295,26.84,0.0
402.78,23.63,0.8117,22.82,0.0
402.83,21.01,2.166,18.85,0.0
402.88,20.77,5.605,15.16,0.0
402.93,26.03,14.07,11.96,0.0
402.98,43.66,34.26,9.397,0.0
403.03,88.51,80.9,7.61,0.0
403.08,192.1,185.3,6.744,0.0
403.13,418.7,411.7,6.991,0.0
403.18,895.8,887.2,8.638,0.0
403.23,1867.0,1854.0,12.11,0.0
403.28,3778.0,3760.0,18.0,0.0
403.33,7422.0,7395.0,27.11,0.0
403.38,14150.0,14110.0,40.45,0.0
403.43,26170.0,26110.0,59.25,0.0
403.48,46960.0,46880.0,84.89,0.0
403.53,81780.0,81660.0,118.8,0.0
403.58,138200.0,138000.0,162.4,0.0
403.63,226500.0,226300.0,216.9,0.0
403.68,360300.0,360000.0,283.1,0.0
403.73,556200.0,555900.0,361.1,0.0
403.78,833500.0,833000.0,450.2,0.0
403.83,1212000.0,1212000.0,548.6,0.0
403.88,1712000.0,1711000.0,653.4,0.0
403.93,2347000.0,2347000.0,760.5,0.0
403.98,3126000.0,3125000.0,864.6,0.0
404.03,4045000.0,4044000.0,959.7,0.0
404.08,5086000.0,5085000.0,1040.0,0.0
404.13,6216000.0,6215000.0,1099.0,0.0
404.18,7390000.0,7389000.0,1132.0,0.0
404.23,8547000.0,8546000.0,1136.0,0.0
404.28,9623000.0,9622000.0,1111.0,0.0
404.33,10550000.0,10550000.0,1057.0,0.0
404.38,11280000.0,11280000.0,978.7,0.0
404.43,11760000.0,11760000.0,881.4,0.0
404.48,11960000.0,11960000.0,771.7,0.0
404.53,11880000.0,11880000.0,656.6,0.0
404.58,11520000.0,11520000.0,542.8,0.0
404.63,10930000.0,10930000.0,435.9,0.0
404.68,10150000.0,10150000.0,339.9,0.0
404.73,9211000.0,9211000.0,257.4,0.0
404.78,8184000.0,8184000.0,189.2,0.0
404.83,7116000.0,7116000.0,135.0,0.0
404.88,6055000.0,6054000.0,93.46,0.0
404.93,5040000.0,5039000.0,62.8,0.0
404.98,4102000.0,4102000.0,40.95,0.0
405.03,3263000.0,3263000.0,25.9,0.0
405.08,2536000.0,2536000.0,15.9,0.0
405.13,1924000.0,1924000.0,9.465,0.0
405.18,1424000.0,1424000.0,5.467,0.0
405.23,1027000.0,1027000.0,3.063,0.0
405.28,722200.0,722200.0,1.665,0.0
405.33,494400.0,494400.0,0.8778,0.0
405.38,329400.0,329400.0,0.4489,0.0
405.43,213500.0,213500.0,0.2227,0.0
405.48,134500.0,134500.0,0.1071,0.0
405.53,82420.0,82420.0,0.05,0.0
405.58,49050.0,49050.0,0.02263,0.0
405.63,28360.0,28360.0,0.009934,0.0
405.68,15930.0,15930.0,0.00423,0.0
405.73,8683.0,8683.0,0.001747,0.0
405.78,4596.0,4596.0,0.0006997,0.0
405.83,2361.0,2361.0,0.0002718,0.0
405.88,1177.0,1177.0,0.0001024,0.0
405.93,569.6,569.6,3.743e-05,0.0
405.98,267.5,267.5,1.327e-05,0.0
406.03,121.8,121.8,4.56e-06,0.0
406.08,53.86,53.86,1.52e-06,0.0
406.13,23.1,23.1,4.917e-07,0.0
406.18,9.608,9.608,1.542e-07,0.0
406.23,3.878,3.878,4.69e-08,0.0
406.28,1.518,1.518,1.384e-08,0.0
406.33,0.5765,0.5765,3.959e-09,0.0
406.38,0.2124,0.2124,1.099e-09,0.0
406.43,0.07589,0.07589,2.956e-10,0.0
406.48,0.0263,0.0263,7.717e-11,0.0
406.53,0.008844,0.008844,1.954e-11,0.0
406.58,0.002884,0.002884,4.797e-12,0.0
406.63,0.0009124,0.0009124,1.142e-12,0.0
406.68,0.0002799,0.0002799,2.639e-13,0.0
406.73,8.331e-05,8.331e-05,0.0,0.0
406.78,2.405e-05,2.405e-05,0.0,0.0
406.83,6.734e-06,6.734e-06,0.0,0.0
406.88,1.828e-06,1.828e-06,0.0,0.0
406.93,4.816e-07,4.816e-07,3.519e-14,0.0
406.98,1.231e-07,1.231e-07,1.487e-13,0.0
407.03,3.05e-08,3.05e-08,6.098e-13,0.0
407.08,7.334e-09,7.331e-09,2.427e-12,0.0
407.13,1.719e-09,1.709e-09,9.377e-12,0.0
407.18,3.516e-11,0.0,3.516e-11,0.0
407.23,1.28e-10,0.0,1.28e-10,0.0
407.28,4.521e-10,0.0,4.521e-10,0.0
407.33,1.55e-09,0.0,1.55e-09,0.0
407.38,5.159e-09,0.0,5.159e-09,0.0
407.43,1.667e-08,0.0,1.667e-08,0.0
407.48,5.225e-08,0.0,5.225e-08,0.0
407.53,1.59e-07,0.0,1.59e-07,0.0
407.58,4.696e-07,0.0,4.696e-07,0.0
407.63,1.346e-06,0.0,1.346e-06,0.0
407.68,3.746e-06,0.0,3.746e-06,0.0
407.73,1.012e-05,0.0,1.012e-05,0.0
407.78,2.652e-05,0.0,2.652e-05,0.0
407.83,6.748e-05,0.0,6.748e-05,0.0
407.88,0.0001667,0.0,0.0001667,0.0
407.93,0.0003995,0.0,0.0003995,0.0
407.98,0.0009293,0.0,0.0009293,0.0
408.03,0.002099,0.0,0.002099,0.0
408.08,0.004599,0.0,0.004599,0.0
408.13,0.009784,0.0,0.009784,0.0
408.18,0.0202,0.0,0.0202,0.0
408.23,0.04049,0.0,0.04049,0.0
408.28,0.07875,0.0,0.07875,0.0
408.33,0.1487,0.0,0.1487,0.0
408.38,0.2725,0.0,0.2725,0.0
408.43,0.4846,0.0,0.4846,0.0
408.48,0.8365,0.0,0.8365,0.0
408.53,1.402,0.0,1.402,0.0
408.58,2.28,0.0,2.28,0.0
408.63,3.598,0.0,3.598,0.0
408.68,5.513,0.0,5.513,0.0
408.73,8.199,0.0,8.199,0.0
408.78,11.83,0.0,11.83,0.0
408.83,16.58,0.0,16.58,0.0
408.88,22.54,0.0,22.54,0.0
408.93,29.75,0.0,29.75,0.0
408.98,38.11,0.0,38.11,0.0
409.03,47.39,0.0,47.39,0.0
409.08,57.18,0.0,57.18,0.0
409.13,66.98,0.0,66.98,0.0
409.18,76.15,0.0,76.15,0.0
409.23,84.03,0.0,84.03,0.0
409.28,90.0,0.0,90.0,0.0
409.33,93.56,0.0,93.56,0.0
409.38,94.4,0.0,94.4,0.0
409.43,92.45,0.0,92.45,0.0
409.48,87.88,0.0,87.88,0.0
409.53,81.07,0.0,81.07,0.0
409.58,72.6,0.0,72.6,0.0
409.63,63.1,0.0,63.1,0.0
409.68,53.23,0.0,53.23,0.0
409.73,43.59,0.0,43.59,0.0
409.78,34.64,0.0,34.64,0.0
409.83,26.72,0.0,26.72,0.0
409.88,20.01,0.0,20.01,0.0
409.93,14.54,0.0,14.54,0.0
409.98,10.26,0.0,10.26,0.0
410.03,7.027,0.0,7.027,0.0
410.08,4.68,0.0,4.68,0.0
410.13,3.042,0.0,3.042,0.0
410.18,1.956,0.0,1.956,0.0
410.23,1.299,0.0,1.299,0.0
410.28,0.9965,0.0,0.9965,0.0
410.33,1.034,0.0,1.034,0.0
410.38,1.48,0.0,1.48,0.0
410.43,2.518,0.0,2.518,0.0
410.48,4.488,0.0,4.488,0.0
410.53,7.951,0.0,7.951,0.0
410.58,13.77,0.0,13.77,0.0
410.63,23.21,0.0,23.21,0.0
410.68,38.0,0.0,38.0,0.0
410.73,60.4,0.0,60.4,0.0
410.78,93.23,0.0,93.23,0.0
410.83,139.7,0.0,139.7,0.0
410.88,203.3,0.0,203.3,0.0
410.93,287.2,0.0,287.2,0.0
410.98,393.9,0.0,393.9,0.0
411.03,524.5,0.0,524.5,0.0
411.08,678.2,0.0,678.2,0.0
411.13,851.3,0.0,851.3,0.0
411.18,1038.0,0.0,1038.0,0.0
411.23,1228.0,0.0,1228.0,0.0
411.28,1411.0,0.0,1411.0,0.0
411.33,1573.0,0.0,1573.0,0.0
411.38,1704.0,0.0,1704.0,0.0
411.43,1792.0,0.0,1792.0,0.0
411.48,1829.0,0.0,1829.0,0.0
411.53,1813.0,0.0,1813.0,0.0
411.58,1745.0,0.0,1745.0,0.0
411.63,1630.0,0.0,1630.0,0.0
411.68,1479.0,0.0,1479.0,0.0
411.73,1302.0,0.0,1302.0,0.0
411.78,1114.0,0.0,1114.0,0.0
411.83,924.7,0.0,924.7,0.0
411.88,745.4,0.0,745.4,0.0
411.93,583.4,0.0,583.4,0.0
411.98,443.3,0.0,443.3,0.0
412.03,327.1,0.0,327.1,0.0
412.08,234.3,0.0,234.3,0.0
412.13,163.0,0.0,163.0,0.0
412.18,110.2,0.0,110.2,0.0
412.23,72.52,0.0,72.52,0.0
412.28,46.74,0.0,46.74,0.0
412.33,30.02,0.0,30.02,0.0
412.38,20.19,0.0,20.19,0.0
412.43,15.84,0.0,15.84,0.0
412.48,16.33,0.0,16.33,0.0
412.53,21.93,0.0,21.93,0.0
412.58,33.84,0.0,33.84,0.0
412.63,54.26,0.0,54.26,0.0
412.68,86.46,0.0,86.46,0.0
412.73,134.8,0.0,134.8,0.0
412.78,204.6,0.0,204.6,0.0
412.83,301.8,0.0,301.8,0.0
412.88,432.3,0.0,432.3,0.0
412.93,601.7,0.0,601.7,0.0
412.98,813.2,0.0,813.2,0.0
413.03,1067.0,0.0,1067.0,0.0
413.08,1361.0,0.0,1361.0,0.0
413.13,1684.0,0.0,1684.0,0.0
413.18,2025.0,0.0,2025.0,0.0
413.23,2365.0,0.0,2365.0,0.0
413.28,2682.0,0.0,2682.0,0.0
413.33,2953.0,0.0,2953.0,0.0
413.38,3159.0,0.0,3159.0,0.0
413.43,3281.0,0.0,3281.0,0.0
413.48,3310.0,0.0,3310.0,0.0
413.53,3243.0,0.0,3243.0,0.0
413.58,3086.0,0.0,3086.0,0.0
413.63,2852.0,0.0,2852.0,0.0
413.68,2559.0,0.0,2559.0,0.0
413.73,2231.0,0.0,2231.0,0.0
413.78,1889.0,0.0,1889.0,0.0
413.83,1554.0,0.0,1554.0,0.0
413.88,1242.0,0.0,1242.0,0.0
413.93,966.5,0.0,966.5,0.0
413.98,733.5,0.0,733.5,0.0
414.03,546.1,0.0,546.1,0.0
414.08,403.9,0.0,403.9,0.0
414.13,304.2,0.0,304.2,0.0
414.18,243.5,0.0,243.5,0.0
414.23,218.3,0.0,218.3,0.0
414.28,225.6,0.0,225.6,0.0
414.33,263.2,0.0,263.2,0.0
414.38,329.3,0.0,329.3,0.0
414.43,422.1,0.0,422.1,0.0
414.48,539.1,0.0,539.1,0.0
414.53,676.7,0.0,676.7,0.0
414.58,829.2,0.0,829.2,0.0
414.63,989.2,0.0,989.2,0.0
414.68,1147.0,0.0,1147.0,0.0
414.73,1293.0,0.0,1293.0,0.0
414.78,1417.0,0.0,1417.0,0.0
414.83,1507.0,0.0,1507.0,0.0
414.88,1558.0,0.0,1558.0,0.0
414.93,1564.0,0.0,1564.0,0.0
414.98,1525.0,0.0,1525.0,0.0
415.03,1444.0,0.0,1444.0,0.0
415.08,1329.0,0.0,1329.0,0.0
415.13,1188.0,0.0,1188.0,0.0
415.18,1032.0,0.0,1032.0,0.0
415.23,870.0,0.0,870.0,0.0
415.28,712.7,0.0,712.7,0.0
415.33,567.2,0.0,567.2,0.0
415.38,438.5,0.0,438.5,0.0
415.43,329.2,0.0,329.2,0.0
415.48,240.2,0.0,240.2,0.0
415.53,170.2,0.0,170.2,0.0
415.58,117.1,0.0,117.1,0.0
415.63,78.3,0.0,78.3,0.0
415.68,50.85,0.0,50.85,0.0
415.73,32.08,0.0,32.08,0.0
415.78,19.66,0.0,19.66,0.0
415.83,11.7,0.0,11.7,0.0
415.88,6.765,0.0,6.765,0.0
415.93,3.8,0.0,3.8,0.0
415.98,2.073,0.0,2.073,0.0
416.03,1.099,0.0,1.099,0.0
416.08,0.5656,0.0,0.5656,0.0
416.13,0.2828,0.0,0.2828,0.0
416.18,0.1374,0.0,0.1374,0.0
416.23,0.06483,0.0,0.06483,0.0
416.28,0.02971,0.0,0.02971,0.0
416.33,0.01323,0.0,0.01323,0.0
416.38,0.005721,0.0,0.005721,0.0
416.43,0.002404,0.0,0.002404,0.0
416.48,0.0009809,0.0,0.0009809,0.0
416.53,0.0003891,0.0,0.0003891,0.0
416.58,0.0001507,0.0,0.0001507,0.0
416.63,5.921e-05,0.0,5.921e-05,0.0
416.68,3.02e-05,0.0,3.02e-05,0.0
416.73,3.658e-05,0.0,3.658e-05,0.0
416.78,8.768e-05,0.0,8.768e-05,0.0
416.84,0.0002949,0.0,0.0002949,0.0
416.89,0.0008013,0.0,0.0008013,0.0
416.94,0.00212,0.0,0.00212,0.0
416.99,0.00545,0.0,0.00545,0.0
417.04,0.01362,0.0,0.01362,0.0
417.09,0.03307,0.0,0.03307,0.0
417.14,0.07807,0.0,0.07807,0.0
417.19,0.1791,0.0,0.1791,0.0
417.24,0.3992,0.0,0.3992,0.0
417.29,0.865,0.0,0.865,0.0
417.34,1.822,0.0,1.822,0.0
417.39,3.728,0.0,3.728,0.0
417.44,7.414,0.0,7.414,0.0
417.49,14.33,0.0,14.33,0.0
417.54,26.92,0.0,26.92,0.0
417.59,49.16,0.0,49.16,0.0
417.64,87.23,0.0,87.23,0.0
417.69,150.4,0.0,150.4,0.0
417.74,252.1,0.0,252.1,0.0
417.79,410.7,0.0,410.7,0.0
417.84,650.1,0.0,650.1,0.0
417.89,1000.0,0.0,1000.0,0.0
417.94,1496.0,0.0,1496.0,0.0
417.99,2173.0,0.0,2173.0,0.0
418.04,3069.0,0.0,3069.0,0.0
418.09,4213.0,0.0,4213.0,0.0
418.14,5620.0,0.0,5620.0,0.0
418.19,7286.0,0.0,7286.0,0.0
418.24,9181.0,0.0,9181.0,0.0
418.29,11240.0,0.0,11240.0,0.0
418.34,13380.0,0.0,13380.0,0.0
418.39,15480.0,0.0,15480.0,0.0
418.44,17400.0,0.0,17400.0,0.0
418.49,19000.0,0.0,19000.0,0.0
418.54,20180.0,0.0,20180.0,0.0
418.59,20820.0,0.0,20820.0,0.0
418.64,20880.0,0.0,20880.0,0.0
418.69,20350.0,0.0,20350.0,0.0
418.74,19280.0,0.0,19280.0,0.0
418.79,17750.0,0.0,17750.0,0.0
418.84,15880.0,0.0,15880.0,0.0
418.89,13810.0,0.0,13810.0,0.0
418.94,11670.0,0.0,11670.0,0.0
418.99,9582.0,0.0,9582.0,0.0
419.04,7649.0,0.0,7649.0,0.0
419.09,5933.0,0.0,5933.0,0.0
419.14,4473.0,0.0,4473.0,0.0
419.19,3278.0,0.0,3278.0,0.0
419.24,2334.0,0.0,2334.0,0.0
419.29,1615.0,0.0,1615.0,0.0
419.34,1087.0,0.0,1087.0,0.0
419.39,710.2,0.0,710.2,0.0
419.44,451.2,0.0,451.2,0.0
419.49,278.6,0.0,278.6,0.0
419.54,167.2,0.0,167.2,0.0
419.59,97.5,0.0,97.5,0.0
419.64,55.26,0.0,55.26,0.0
419.69,30.44,0.0,30.44,0.0
419.74,16.3,0.0,16.3,0.0
419.79,8.478,0.0,8.478,0.0
419.84,4.287,0.0,4.287,0.0
419.89,2.107,0.0,2.107,0.0
419.94,1.006,0.0,1.006,0.0
419.99,0.4671,0.0,0.4671,0.0
420.04,0.2107,0.0,0.2107,0.0
420.09,0.09238,0.0,0.09238,0.0
420.14,0.03936,0.0,0.03936,0.0
420.19,0.0163,0.0,0.0163,0.0
420.24,0.00656,0.0,0.00656,0.0
420.29,0.002566,0.0,0.002566,0.0
420.34,0.000976,0.0,0.000976,0.0
420.39,0.000362,0.0,0.000362,0.0
420.44,0.0001341,0.0,0.0001341,0.0
420.49,5.819e-05,0.0,5.819e-05,0.0
420.54,5.08e-05,0.0,5.08e-05,0.0
420.59,9.896e-05,0.0,9.896e-05,0.0
420.64,0.0002433,0.0,0.0002433,0.0
420.69,0.0006055,0.0,0.0006055,0.0
420.74,0.001473,0.0,0.001473,0.0
420.79,0.003485,0.0,0.003485,0.0
420.84,0.008023,0.0,0.008023,0.0
420.89,0.01796,0.0,0.01796,0.0
420.94,0.0391,0.0,0.0391,0.0
420.99,0.08278,0.0,0.08278,0.0
421.04,0.1705,0.0,0.1705,0.0
421.09,0.3414,0.0,0.3414,0.0
421.14,0.6652,0.0,0.6652,0.0
421.19,1.261,0.0,1.261,0.0
421.24,2.324,0.0,2.324,0.0
421.29,4.167,0.0,4.167,0.0
421.34,7.271,0.0,7.271,0.0
421.39,12.35,0.0,12.35,0.0
421.44,20.4,0.0,20.4,0.0
421.49,32.79,0.0,32.79,0.0
421.54,51.33,0.0,51.33,0.0
421.59,78.2,0.0,78.2,0.0
421.64,116.0,0.0,116.0,0.0
421.69,167.6,0.0,167.6,0.0
421.74,235.9,0.0,235.9,0.0
421.79,323.4,0.0,323.4,0.0
421.84,432.1,0.0,432.1,0.0
421.89,562.8,0.0,562.8,0.0
421.94,714.7,0.0,714.7,0.0
421.99,885.4,0.0,885.4,0.0
422.04,1070.0,0.0,1070.0,0.0
422.09,1262.0,0.0,1262.0,0.0
422.14,1454.0,0.0,1454.0,0.0
422.19,1636.0,0.0,1636.0,0.0
422.24,1798.0,0.0,1798.0,0.0
422.29,1931.0,0.0,1931.0,0.0
422.34,2027.0,0.0,2027.0,0.0
422.39,2081.0,0.0,2081.0,0.0
422.44,2089.0,0.0,2089.0,0.0
422.49,2050.0,0.0,2050.0,0.0
422.54,1968.0,0.0,1968.0,0.0
422.59,1847.0,0.0,1847.0,0.0
422.64,1696.0,0.0,1696.0,0.0
422.69,1521.0,0.0,1521.0,0.0
422.74,1334.0,0.0,1334.0,0.0
422.79,1144.0,0.0,1144.0,0.0
422.84,957.6,0.0,957.6,0.0
422.89,783.1,0.0,783.1,0.0
422.94,625.1,0.0,625.1,0.0
422.99,487.0,0.0,487.0,0.0
423.04,370.2,0.0,370.2,0.0
423.09,274.4,0.0,274.4,0.0
423.14,198.4,0.0,198.4,0.0
423.19,139.8,0.0,139.8,0.0
423.24,95.97,0.0,95.97,0.0
423.29,64.19,0.0,64.19,0.0
423.34,41.82,0.0,41.82,0.0
423.39,26.54,0.0,26.54,0.0
423.44,16.39,0.0,16.39,0.0
423.49,9.858,0.0,9.858,0.0
423.54,5.771,0.0,5.771,0.0
423.59,3.287,0.0,3.287,0.0
423.64,1.822,0.0,1.822,0.0
423.69,0.983,0.0,0.983,0.0
423.74,0.5159,0.0,0.5159,0.0
423.79,0.2634,0.0,0.2634,0.0
423.84,0.1308,0.0,0.1308,0.0
423.89,0.0632,0.0,0.0632,0.0
423.94,0.0297,0.0,0.0297,0.0
423.99,0.01357,0.0,0.01357,0.0
424.04,0.006035,0.0,0.006035,0.0
424.09,0.002609,0.0,0.002609,0.0
424.14,0.001097,0.0,0.001097,0.0
424.19,0.0004488,0.0,0.0004488,0.0
424.24,0.0001786,0.0,0.0001786,0.0
424.29,6.962e-05,0.0,6.962e-05,0.0
424.34,2.778e-05,0.0,2.778e-05,0.0
424.39,1.486e-05,0.0,1.486e-05,0.0
424.44,1.876e-05,0.0,1.876e-05,0.0
424.49,4.408e-05,0.0,4.408e-05,0.0
424.54,0.0001169,0.0,0.0001169,0.0
424.59,0.0003077,0.0,0.0003077,0.0
424.64,0.0007903,0.0,0.0007903,0.0
424.69,0.001975,0.0,0.001975,0.0
424.74,0.004803,0.0,0.004803,0.0
424.79,0.01136,0.0,0.01136,0.0
424.84,0.02615,0.0,0.02615,0.0
424.89,0.05854,0.0,0.05854,0.0
424.94,0.1275,0.0,0.1275,0.0
424.99,0.2702,0.0,0.2702,0.0
425.04,0.5571,0.0,0.5571,0.0
425.09,1.117,0.0,1.117,0.0
425.14,2.18,0.0,2.18,0.0
425.19,4.138,0.0,4.138,0.0
425.24,7.643,0.0,7.643,0.0
425.29,13.73,0.0,13.73,0.0
425.34,24.0,0.0,24.0,0.0
425.39,40.81,0.0,40.81,0.0
425.44,67.52,0.0,67.52,0.0
425.49,108.7,0.0,108.7,0.0
425.54,170.2,0.0,170.2,0.0
425.59,259.2,0.0,259.2,0.0
425.64,384.1,0.0,384.1,0.0
425.69,553.8,0.0,553.8,0.0
425.74,776.8,0.0,776.8,0.0
425.79,1060.0,0.0,1060.0,0.0
425.84,1407.0,0.0,1407.0,0.0
425.89,1818.0,0.0,1818.0,0.0
425.94,2284.0,0.0,2284.0,0.0
425.99,2792.0,0.0,2792.0,0.0
426.04,3320.0,0.0,3320.0,0.0
426.09,3841.0,0.0,3841.0,0.0
426.14,4323.0,0.0,4323.0,0.0
426.19,4734.0,0.0,4734.0,0.0
426.24,5043.0,0.0,5043.0,0.0
426.29,5227.0,0.0,5227.0,0.0
426.34,5270.0,0.0,5270.0,0.0
426.39,5170.0,0.0,5170.0,0.0
426.44,4934.0,0.0,4934.0,0.0
426.49,4580.0,0.0,4580.0,0.0
426.54,4137.0,0.0,4137.0,0.0
426.59,3635.0,0.0,3635.0,0.0
426.64,3108.0,0.0,3108.0,0.0
426.69,2585.0,0.0,2585.0,0.0
426.74,2091.0,0.0,2091.0,0.0
426.79,1646.0,0.0,1646.0,0.0
426.84,1261.0,0.0,1261.0,0.0
426.89,939.2,0.0,939.2,0.0
426.94,680.7,0.0,680.7,0.0
426.99,480.0,0.0,480.0,0.0
427.04,329.3,0.0,329.3,0.0
427.09,219.8,0.0,219.8,0.0
427.14,142.7,0.0,142.7,0.0
427.19,90.13,0.0,90.13,0.0
427.24,55.39,0.0,55.39,0.0
427.29,33.11,0.0,33.11,0.0
427.34,19.26,0.0,19.26,0.0
427.39,10.9,0.0,10.9,0.0
427.44,6.0,0.0,6.0,0.0
427.49,3.213,0.0,3.213,0.0
427.54,1.674,0.0,1.674,0.0
427.59,0.8486,0.0,0.8486,0.0
427.64,0.4185,0.0,0.4185,0.0
427.69,0.2008,0.0,0.2008,0.0
427.74,0.0937,0.0,0.0937,0.0
427.79,0.04255,0.0,0.04255,0.0
427.84,0.0188,0.0,0.0188,0.0
427.89,0.008078,0.0,0.008078,0.0
427.94,0.003377,0.0,0.003377,0.0
427.99,0.001374,0.0,0.001374,0.0
428.04,0.0005436,0.0,0.0005436,0.0
428.09,0.0002093,0.0,0.0002093,0.0
428.14,7.839e-05,0.0,7.839e-05,0.0
428.19,2.856e-05,0.0,2.856e-05,0.0
428.24,1.013e-05,0.0,1.013e-05,0.0
428.29,3.495e-06,0.0,3.495e-06,0.0
428.34,1.183e-06,0.0,1.183e-06,0.0
428.39,4.176e-07,0.0,4.176e-07,0.0
428.44,2.3e-07,0.0,2.3e-07,0.0
428.49,3.63e-07,0.0,3.63e-07,0.0
428.54,9.612e-07,0.0,9.612e-07,0.0
428.59,2.702e-06,0.0,2.702e-06,0.0
428.64,7.464e-06,0.0,7.464e-06,0.0
428.69,2.009e-05,0.0,2.009e-05,0.0
428.74,5.264e-05,0.0,5.264e-05,0.0
428.79,0.0001343,0.0,0.0001343,0.0
428.84,0.0003334,0.0,0.0003334,0.0
428.89,0.0008057,0.0,0.0008057,0.0
428.94,0.001896,0.0,0.001896,0.0
428.99,0.004342,0.0,0.004342,0.0
429.04,0.00968,0.0,0.00968,0.0
429.09,0.02101,0.0,0.02101,0.0
429.14,0.04439,0.0,0.04439,0.0
429.19,0.09133,0.0,0.09133,0.0
429.24,0.1829,0.0,0.1829,0.0
429.29,0.3567,0.0,0.3567,0.0
429.34,0.6774,0.0,0.6774,0.0
429.39,1.253,0.0,1.253,0.0
429.44,2.256,0.0,2.256,0.0
429.49,3.959,0.0,3.959,0.0
429.54,6.766,0.0,6.766,0.0
429.59,11.27,0.0,11.27,0.0
429.64,18.29,0.0,18.29,0.0
429.69,28.96,0.0,28.96,0.0
429.74,44.7,0.0,44.7,0.0
429.79,67.34,0.0,67.34,0.0
429.84,99.04,0.0,99.04,0.0
429.89,142.3,0.0,142.3,0.0
429.94,199.9,0.0,199.9,0.0
429.99,274.7,0.0,274.7,0.0
430.04,369.7,0.0,369.7,0.0
430.09,487.7,0.0,487.7,0.0
430.14,631.4,0.0,631.4,0.0
430.19,802.9,0.0,802.9,0.0
430.24,1004.0,0.0,1004.0,0.0
430.29,1235.0,0.0,1235.0,0.0
430.34,1496.0,0.0,1496.0,0.0
430.39,1786.0,0.0,1786.0,0.0
430.44,2100.0,0.0,2100.0,0.0
430.49,2433.0,0.0,2433.0,0.0
430.54,2776.0,0.0,2776.0,0.0
430.59,3117.0,0.0,3117.0,0.0
430.64,3442.0,0.0,3442.0,0.0
430.69,3733.0,0.0,3733.0,0.0
430.74,3973.0,0.0,3973.0,0.0
430.79,4146.0,0.0,4146.0,0.0
430.84,4237.0,0.0,4237.0,0.0
430.89,4237.0,0.0,4237.0,0.0
430.94,4142.0,0.0,4142.0,0.0
430.99,3956.0,0.0,3956.0,0.0
431.04,3690.0,0.0,3690.0,0.0
431.09,3358.0,0.0,3358.0,0.0
431.14,2981.0,0.0,2981.0,0.0
431.19,2581.0,0.0,2581.0,0.0
431.24,2177.0,0.0,2177.0,0.0
431.29,1790.0,0.0,1790.0,0.0
431.34,1434.0,0.0,1434.0,0.0
431.39,1119.0,0.0,1119.0,0.0
431.44,850.7,0.0,850.7,0.0
431.49,629.7,0.0,629.7,0.0
431.54,453.9,0.0,453.9,0.0
431.59,318.6,0.0,318.6,0.0
431.64,217.7,0.0,217.7,0.0
431.69,144.9,0.0,144.9,0.0
431.74,93.85,0.0,93.85,0.0
431.79,59.19,0.0,59.19,0.0
431.84,36.34,0.0,36.34,0.0
431.89,21.72,0.0,21.72,0.0
431.94,12.64,0.0,12.64,0.0
431.99,7.159,0.0,7.159,0.0
432.04,3.948,0.0,3.948,0.0
432.09,2.119,0.0,2.119,0.0
432.14,1.107,0.0,1.107,0.0
432.19,0.5633,0.0,0.5633,0.0
432.24,0.2789,0.0,0.2789,0.0
432.29,0.1345,0.0,0.1345,0.0
432.34,0.06328,0.0,0.06328,0.0
432.39,0.02929,0.0,0.02929,0.0
432.44,0.01393,0.0,0.01393,0.0
432.49,0.008079,0.0,0.008079,0.0
432.54,0.007913,0.0,0.007913,0.0
432.59,0.01291,0.0,0.01291,0.0
432.64,0.02531,0.0,0.02531,0.0
432.69,0.05078,0.0,0.05078,0.0
432.74,0.1002,0.0,0.1002,0.0
432.79,0.193,0.0,0.193,0.0
432.84,0.362,0.0,0.362,0.0
432.89,0.6613,0.0,0.6613,0.0
432.94,1.176,0.0,1.176,0.0
432.99,2.038,0.0,2.038,0.0
433.04,3.438,0.0,3.438,0.0
433.09,5.648,0.0,5.648,0.0
433.14,9.036,0.0,9.036,0.0
433.19,14.08,0.0,14.08,0.0
433.24,21.36,0.0,21.36,0.0
433.29,31.55,0.0,31.55,0.0
433.34,45.38,0.0,45.38,0.0
433.39,63.58,0.0,63.58,0.0
433.44,86.74,0.0,86.74,0.0
433.49,115.2,0.0,115.2,0.0
433.54,149.1,0.0,149.1,0.0
433.59,187.8,0.0,187.8,0.0
433.64,230.4,0.0,230.4,0.0
433.69,275.2,0.0,275.2,0.0
433.74,320.2,0.0,320.2,0.0
433.79,362.7,0.0,362.7,0.0
433.84,400.2,0.0,400.2,0.0
433.89,429.9,0.0,429.9,0.0
433.94,449.8,0.0,449.8,0.0
433.99,458.2,0.0,458.2,0.0
434.04,454.6,0.0,454.6,0.0
434.09,439.1,0.0,439.1,0.0
434.14,413.1,0.0,413.1,0.0
434.19,378.5,0.0,378.5,0.0
434.24,337.7,0.0,337.7,0.0
434.29,293.3,0.0,293.3,0.0
434.34,248.2,0.0,248.2,0.0
434.39,204.4,0.0,204.4,0.0
434.44,164.0,0.0,164.0,0.0
434.49,128.1,0.0,128.1,0.0
434.54,97.48,0.0,97.48,0.0
434.59,72.22,0.0,72.22,0.0
434.64,52.1,0.0,52.1,0.0
434.69,36.6,0.0,36.6,0.0
434.74,25.04,0.0,25.04,0.0
434.79,16.68,0.0,16.68,0.0
434.84,10.82,0.0,10.82,0.0
434.89,6.839,0.0,6.839,0.0
434.94,4.209,0.0,4.209,0.0
434.99,2.524,0.0,2.524,0.0
435.04,1.478,0.0,1.478,0.0
435.09,0.8493,0.0,0.8493,0.0
435.14,0.4882,0.0,0.4882,0.0
435.19,0.2962,0.0,0.2962,0.0
435.24,0.2141,0.0,0.2141,0.0
435.29,0.2105,0.0,0.2105,0.0
435.34,0.2745,0.0,0.2745,0.0
435.39,0.4104,0.0,0.4104,0.0
435.44,0.6353,0.0,0.6353,0.0
435.49,0.9768,0.0,0.9768,0.0
435.54,1.472,0.0,1.472,0.0
435.59,2.164,0.0,2.164,0.0
435.64,3.1,0.0,3.1,0.0
435.69,4.327,0.0,4.327,0.0
435.74,5.884,0.0,5.884,0.0
435.79,7.794,0.0,7.794,0.0
435.84,10.06,0.0,10.06,0.0
435.89,12.64,0.0,12.64,0.0
435.94,15.47,0.0,15.47,0.0
435.99,18.45,0.0,18.45,0.0
436.04,21.43,0.0,21.43,0.0
436.09,24.24,0.0,24.24,0.0
436.14,26.71,0.0,26.71,0.0
436.19,28.68,0.0,28.68,0.0
436.24,29.99,0.0,29.99,0.0
436.29,30.54,0.0,30.54,0.0
436.34,30.3,0.0,30.3,0.0
436.39,29.29,0.0,29.29,0.0
436.44,27.57,0.0,27.57,0.0
436.49,25.28,0.0,25.28,0.0
436.54,22.58,0.0,22.58,0.0
436.59,19.65,0.0,19.65,0.0
436.64,16.65,0.0,16.65,0.0
436.69,13.74,0.0,13.74,0.0
436.74,11.05,0.0,11.05,0.0
436.79,8.657,0.0,8.657,0.0
436.84,6.605,0.0,6.605,0.0
436.89,4.909,0.0,4.909,0.0
436.94,3.553,0.0,3.553,0.0
436.99,2.506,0.0,2.506,0.0
437.04,1.721,0.0,1.721,0.0
437.09,1.152,0.0,1.152,0.0
437.14,0.7509,0.0,0.7509,0.0
437.19,0.4774,0.0,0.4774,0.0
437.24,0.2969,0.0,0.2969,0.0
437.29,0.1827,0.0,0.1827,0.0
437.34,0.1156,0.0,0.1156,0.0
437.39,0.08396,0.0,0.08396,0.0
437.44,0.08386,0.0,0.08386,0.0
437.49,0.1205,0.0,0.1205,0.0
437.54,0.2115,0.0,0.2115,0.0
437.59,0.3924,0.0,0.3924,0.0
437.64,0.7271,0.0,0.7271,0.0
437.69,1.321,0.0,1.321,0.0
437.74,2.344,0.0,2.344,0.0
437.79,4.053,0.0,4.053,0.0
437.84,6.83,0.0,6.83,0.0
437.89,11.22,0.0,11.22,0.0
437.94,17.94,0.0,17.94,0.0
437.99,27.98,0.0,27.98,0.0
438.04,42.49,0.0,42.49,0.0
438.09,62.9,0.0,62.9,0.0
438.14,90.7,0.0,90.7,0.0
438.19,127.5,0.0,127.5,0.0
438.24,174.5,0.0,174.5,0.0
438.29,232.8,0.0,232.8,0.0
438.34,302.6,0.0,302.6,0.0
438.39,383.3,0.0,383.3,0.0
438.44,473.0,0.0,473.0,0.0
438.49,568.7,0.0,568.7,0.0
438.54,666.3,0.0,666.3,0.0
438.59,760.7,0.0,760.7,0.0
438.64,846.1,0.0,846.1,0.0
438.69,917.0,0.0,917.0,0.0
438.74,968.4,0.0,968.4,0.0
438.79,996.5,0.0,996.5,0.0
438.84,999.1,0.0,999.1,0.0
438.89,976.0,0.0,976.0,0.0
438.94,929.0,0.0,929.0,0.0
438.99,861.6,0.0,861.6,0.0
439.04,778.7,0.0,778.7,0.0
439.09,685.6,0.0,685.6,0.0
439.14,588.2,0.0,588.2,0.0
439.19,491.8,0.0,491.8,0.0
439.24,400.6,0.0,400.6,0.0
439.29,317.9,0.0,317.9,0.0
439.34,245.8,0.0,245.8,0.0
439.39,185.2,0.0,185.2,0.0
439.44,136.0,0.0,136.0,0.0
439.49,97.29,0.0,97.29,0.0
439.54,67.81,0.0,67.81,0.0
439.59,46.06,0.0,46.06,0.0
439.64,30.48,0.0,30.48,0.0
439.69,19.65,0.0,19.65,0.0
439.74,12.35,0.0,12.35,0.0
439.79,7.558,0.0,7.558,0.0
439.84,4.508,0.0,4.508,0.0
439.89,2.62,0.0,2.62,0.0
439.94,1.484,0.0,1.484,0.0
439.99,0.8187,0.0,0.8187,0.0
440.04,0.4402,0.0,0.4402,0.0
440.09,0.2306,0.0,0.2306,0.0
440.14,0.1177,0.0,0.1177,0.0
440.19,0.05853,0.0,0.05853,0.0
440.24,0.02836,0.0,0.02836,0.0
440.29,0.01339,0.0,0.01339,0.0
440.34,0.006161,0.0,0.006161,0.0
440.39,0.002762,0.0,0.002762,0.0
440.44,0.001206,0.0,0.001206,0.0
440.49,0.0005134,0.0,0.0005134,0.0
440.54,0.0002129,0.0,0.0002129,0.0
440.59,8.603e-05,0.0,8.603e-05,0.0
440.64,3.387e-05,0.0,3.387e-05,0.0
440.69,1.299e-05,0.0,1.299e-05,0.0
440.74,4.856e-06,0.0,4.856e-06,0.0
440.79,1.769e-06,0.0,1.769e-06,0.0
440.84,6.276e-07,0.0,6.276e-07,0.0
440.89,2.17e-07,0.0,2.17e-07,0.0
440.94,7.31e-08,0.0,7.31e-08,0.0
440.99,2.4e-08,0.0,2.4e-08,0.0
441.04,7.675e-09,0.0,7.675e-09,0.0
441.09,2.392e-09,0.0,2.392e-09,0.0
441.14,7.264e-10,0.0,7.264e-10,0.0
441.19,2.149e-10,0.0,2.149e-10,0.0
441.24,6.196e-11,0.0,6.196e-11,0.0
441.29,1.74e-11,0.0,1.74e-11,0.0
441.34,4.764e-12,0.0,4.764e-12,0.0
441.39,1.27e-12,0.0,1.27e-12,0.0
441.44,3.301e-13,0.0,3.301e-13,0.0
443.99,8.011e-14,0.0,8.011e-14,0.0
444.04,3.031e-13,0.0,3.031e-13,0.0
444.09,1.119e-12,0.0,1.119e-12,0.0
444.14,4.025e-12,0.0,4.025e-12,0.0
444.19,1.413e-11,0.0,1.413e-11,0.0
444.24,4.836e-11,0.0,4.836e-11,0.0
444.29,1.614e-10,0.0,1.614e-10,0.0
444.34,5.256e-10,0.0,5.256e-10,0.0
444.39,1.669e-09,0.0,1.669e-09,0.0
444.44,5.167e-09,0.0,5.167e-09,0.0
444.49,1.56e-08,0.0,1.56e-08,0.0
444.54,4.595e-08,0.0,4.595e-08,0.0
444.59,1.32e-07,0.0,1.32e-07,0.0
444.64,3.697e-07,0.0,3.697e-07,0.0
444.69,1.01e-06,0.0,1.01e-06,0.0
444.74,2.69e-06,0.0,2.69e-06,0.0
444.79,6.99e-06,0.0,6.99e-06,0.0
444.84,1.771e-05,0.0,1.771e-05,0.0
444.89,4.377e-05,0.0,4.377e-05,0.0
444.94,0.0001055,0.0,0.0001055,0.0
444.99,0.0002479,0.0,0.0002479,0.0
445.04,0.0005683,0.0,0.0005683,0.0
445.09,0.00127,0.0,0.00127,0.0
445.14,0.00277,0.0,0.00277,0.0
445.19,0.005889,0.0,0.005889,0.0
445.24,0.01221,0.0,0.01221,0.0
445.29,0.0247,0.0,0.0247,0.0
445.34,0.0487,0.0,0.0487,0.0
445.39,0.09368,0.0,0.09368,0.0
445.44,0.1757,0.0,0.1757,0.0
445.49,0.3215,0.0,0.3215,0.0
445.54,0.5735,0.0,0.5735,0.0
445.59,0.9979,0.0,0.9979,0.0
445.64,1.693,0.0,1.693,0.0
445.69,2.802,0.0,2.802,0.0
445.74,4.522,0.0,4.522,0.0
445.79,7.118,0.0,7.118,0.0
445.84,10.93,0.0,10.93,0.0
445.89,16.36,0.0,16.36,0.0
445.94,23.88,0.0,23.88,0.0
445.99,34.0,0.0,34.0,0.0
446.04,47.22,0.0,47.22,0.0
446.09,63.94,0.0,63.94,0.0
446.14,84.45,0.0,84.45,0.0
446.19,108.8,0.0,108.8,0.0
446.24,136.6,0.0,136.6,0.0
446.29,167.4,0.0,167.4,0.0
446.34,200.0,0.0,200.0,0.0
446.39,233.0,0.0,233.0,0.0
446.44,264.8,0.0,264.8,0.0
446.49,293.4,0.0,293.4,0.0
446.54,317.1,0.0,317.1,0.0
446.59,334.3,0.0,334.3,0.0
446.64,343.6,0.0,343.6,0.0
446.69,344.5,0.0,344.5,0.0
446.74,336.8,0.0,336.8,0.0
446.79,321.1,0.0,321.1,0.0
446.84,298.6,0.0,298.6,0.0
446.89,270.8,0.0,270.8,0.0
446.94,239.5,0.0,239.5,0.0
446.99,206.6,0.0,206.6,0.0
447.04,173.8,0.0,173.8,0.0
447.09,142.6,0.0,142.6,0.0
447.14,114.1,0.0,114.1,0.0
447.19,89.01,0.0,89.01,0.0
447.24,67.73,0.0,67.73,0.0
447.29,50.27,0.0,50.27,0.0
447.34,36.38,0.0,36.38,0.0
447.39,25.68,0.0,25.68,0.0
447.44,17.68,0.0,17.68,0.0
447.49,11.87,0.0,11.87,0.0
447.54,7.771,0.0,7.771,0.0
447.59,4.962,0.0,4.962,0.0
447.64,3.09,0.0,3.09,0.0
447.7,1.693,0.0,1.693,0.0
447.75,0.9979,0.0,0.9979,0.0
447.8,0.5735,0.0,0.5735,0.0
447.85,0.3215,0.0,0.3215,0.0
447.9,0.1757,0.0,0.1757,0.0
447.95,0.09368,0.0,0.09368,0.0
448.0,0.0487,0.0,0.0487,0.0
448.05,0.0247,0.0,0.0247,0.0
448.1,0.01221,0.0,0.01221,0.0
448.15,0.005889,0.0,0.005889,0.0
448.2,0.00277,0.0,0.00277,0.0
448.25,0.001271,0.0,0.001271,0.0
448.3,0.0005683,0.0,0.0005683,0.0
448.35,0.000248,0.0,0.000248,0.0
448.4,0.0001056,0.0,0.0001056,0.0
448.45,4.411e-05,0.0,4.411e-05,0.0
448.5,1.864e-05,0.0,1.864e-05,0.0
448.55,9.495e-06,0.0,9.495e-06,0.0
448.6,9.284e-06,0.0,9.284e-06,0.0
448.65,1.795e-05,0.0,1.795e-05,0.0
448.7,4.282e-05,0.0,4.282e-05,0.0
448.75,0.0001039,0.0,0.0001039,0.0
448.8,0.0002477,0.0,0.0002477,0.0
448.85,0.0005765,0.0,0.0005765,0.0
448.9,0.001309,0.0,0.001309,0.0
448.95,0.002901,0.0,0.002901,0.0
449.0,0.006272,0.0,0.006272,0.0
449.05,0.01323,0.0,0.01323,0.0
449.1,0.02722,0.0,0.02722,0.0
449.15,0.05467,0.0,0.05467,0.0
449.2,0.1071,0.0,0.1071,0.0
449.25,0.2047,0.0,0.2047,0.0
449.3,0.3817,0.0,0.3817,0.0
449.35,0.6946,0.0,0.6946,0.0
449.4,1.233,0.0,1.233,0.0
449.45,2.136,0.0,2.136,0.0
449.5,3.609,0.0,3.609,0.0
449.55,5.95,0.0,5.95,0.0
449.6,9.572,0.0,9.572,0.0
449.65,15.02,0.0,15.02,0.0
449.7,23.01,0.0,23.01,0.0
449.75,34.37,0.0,34.37,0.0
449.8,50.11,0.0,50.11,0.0
449.85,71.26,0.0,71.26,0.0
449.9,98.89,0.0,98.89,0.0
449.95,133.9,0.0,133.9,0.0
450.0,176.9,0.0,176.9,0.0
450.05,227.9,0.0,227.9,0.0
450.1,286.6,0.0,286.6,0.0
450.15,351.6,0.0,351.6,0.0
450.2,420.9,0.0,420.9,0.0
450.25,491.6,0.0,491.6,0.0
450.3,560.1,0.0,560.1,0.0
450.35,622.7,0.0,622.7,0.0
450.4,675.4,0.0,675.4,0.0
450.45,714.8,0.0,714.8,0.0
450.5,738.0,0.0,738.0,0.0
450.55,743.5,0.0,743.5,0.0
450.6,730.8,0.0,730.8,0.0
450.65,700.8,0.0,700.8,0.0
450.7,655.7,0.0,655.7,0.0
450.75,598.6,0.0,598.6,0.0
450.8,533.2,0.0,533.2,0.0
450.85,463.3,0.0,463.3,0.0
450.9,392.8,0.0,392.8,0.0
450.95,325.0,0.0,325.0,0.0
451.0,262.3,0.0,262.3,0.0
451.05,206.5,0.0,206.5,0.0
451.1,158.7,0.0,158.7,0.0
451.15,119.0,0.0,119.0,0.0
451.2,87.0,0.0,87.0,0.0
451.25,62.08,0.0,62.08,0.0
451.3,43.22,0.0,43.22,0.0
451.35,29.36,0.0,29.36,0.0
451.4,19.46,0.0,19.46,0.0
451.45,12.58,0.0,12.58,0.0
451.5,7.938,0.0,7.938,0.0
451.55,4.886,0.0,4.886,0.0
451.6,2.934,0.0,2.934,0.0
451.65,1.719,0.0,1.719,0.0
451.7,0.983,0.0,0.983,0.0
451.75,0.5483,0.0,0.5483,0.0
451.8,0.2984,0.0,0.2984,0.0
451.85,0.1584,0.0,0.1584,0.0
451.9,0.08208,0.0,0.08208,0.0
451.95,0.04149,0.0,0.04149,0.0
452.0,0.02046,0.0,0.02046,0.0
452.05,0.009844,0.0,0.009844,0.0
452.1,0.004621,0.0,0.004621,0.0
452.15,0.002116,0.0,0.002116,0.0
452.2,0.0009458,0.0,0.0009458,0.0
452.25,0.0004124,0.0,0.0004124,0.0
452.3,0.0001754,0.0,0.0001754,0.0
452.35,7.281e-05,0.0,7.281e-05,0.0
452.4,2.948e-05,0.0,2.948e-05,0.0
452.45,1.165e-05,0.0,1.165e-05,0.0
452.5,4.49e-06,0.0,4.49e-06,0.0
452.55,1.689e-06,0.0,1.689e-06,0.0
452.6,6.197e-07,0.0,6.197e-07,0.0
452.65,2.219e-07,0.0,2.219e-07,0.0
452.7,7.75e-08,0.0,7.75e-08,0.0
452.75,2.641e-08,0.0,2.641e-08,0.0
452.8,8.782e-09,0.0,8.782e-09,0.0
452.85,2.849e-09,0.0,2.849e-09,0.0
452.9,9.019e-10,0.0,9.019e-10,0.0
452.95,2.785e-10,0.0,2.785e-10,0.0
453.0,8.393e-11,0.0,8.393e-11,0.0
453.05,2.467e-11,0.0,2.467e-11,0.0
453.1,7.077e-12,0.0,7.077e-12,0.0
453.15,1.981e-12,0.0,1.981e-12,0.0
453.2,5.408e-13,0.0,5.408e-13,0.0
453.25,1.441e-13,0.0,1.441e-13,0.0
458.1,6.935e-13,0.0,6.935e-13,0.0
458.15,2.502e-12,0.0,2.502e-12,0.0
458.2,8.816e-12,0.0,8.816e-12,0.0
458.25,3.034e-11,0.0,3.034e-11,0.0
458.3,1.02e-10,0.0,1.02e-10,0.0
458.35,3.349e-10,0.0,3.349e-10,0.0
458.4,1.074e-09,0.0,1.074e-09,0.0
458.45,3.364e-09,0.0,3.364e-09,0.0
458.5,1.029e-08,0.0,1.029e-08,0.0
458.55,3.076e-08,0.0,3.076e-08,0.0
458.6,8.979e-08,0.0,8.979e-08,0.0
458.65,2.56e-07,0.0,2.56e-07,0.0
458.7,7.128e-07,0.0,7.128e-07,0.0
458.75,1.939e-06,0.0,1.939e-06,0.0
458.8,5.15e-06,0.0,5.15e-06,0.0
458.85,1.336e-05,0.0,1.336e-05,0.0
458.9,3.387e-05,0.0,3.387e-05,0.0
458.95,8.383e-05,0.0,8.383e-05,0.0
459.0,0.0002027,0.0,0.0002027,0.0
459.05,0.0004786,0.0,0.0004786,0.0
459.1,0.001104,0.0,0.001104,0.0
459.15,0.002487,0.0,0.002487,0.0
459.2,0.005473,0.0,0.005473,0.0
459.25,0.01176,0.0,0.01176,0.0
459.3,0.02469,0.0,0.02469,0.0
459.35,0.05063,0.0,0.05063,0.0
459.4,0.1014,0.0,0.1014,0.0
459.45,0.1984,0.0,0.1984,0.0
459.5,0.379,0.0,0.379,0.0
459.55,0.7072,0.0,0.7072,0.0
459.6,1.289,0.0,1.289,0.0
459.65,2.295,0.0,2.295,0.0
459.7,3.991,0.0,3.991,0.0
459.75,6.778,0.0,6.778,0.0
459.8,11.24,0.0,11.24,0.0
459.85,18.22,0.0,18.22,0.0
459.9,28.83,0.0,28.83,0.0
459.95,44.57,0.0,44.57,0.0
460.0,67.29,0.0,67.29,0.0
460.05,99.24,0.0,99.24,0.0
460.1,142.9,0.0,142.9,0.0
460.15,201.1,0.0,201.1,0.0
460.2,276.3,0.0,276.3,0.0
460.25,370.9,0.0,370.9,0.0
460.3,486.2,0.0,486.2,0.0
460.35,622.6,0.0,622.6,0.0
460.4,778.6,0.0,778.6,0.0
460.45,951.1,0.0,951.1,0.0
460.5,1135.0,0.0,1135.0,0.0
460.55,1322.0,0.0,1322.0,0.0
460.6,1505.0,0.0,1505.0,0.0
460.65,1673.0,0.0,1673.0,0.0
460.7,1817.0,0.0,1817.0,0.0
460.75,1927.0,0.0,1927.0,0.0
460.8,1997.0,0.0,1997.0,0.0
460.85,2020.0,0.0,2020.0,0.0
460.9,1997.0,0.0,1997.0,0.0
460.95,1927.0,0.0,1927.0,0.0
461.0,1817.0,0.0,1817.0,0.0
461.05,1673.0,0.0,1673.0,0.0
461.1,1505.0,0.0,1505.0,0.0
461.15,1322.0,0.0,1322.0,0.0
461.2,1135.0,0.0,1135.0,0.0
461.25,951.1,0.0,951.1,0.0
461.3,778.6,0.0,778.6,0.0
461.35,622.6,0.0,622.6,0.0
461.4,486.2,0.0,486.2,0.0
461.45,370.9,0.0,370.9,0.0
461.5,276.3,0.0,276.3,0.0
461.55,201.1,0.0,201.1,0.0
461.6,142.9,0.0,142.9,0.0
461.65,99.24,0.0,99.24,0.0
461.7,67.29,0.0,67.29,0.0
461.75,44.57,0.0,44.57,0.0
461.8,28.83,0.0,28.83,0.0
461.85,18.22,0.0,18.22,0.0
461.9,11.24,0.0,11.24,0.0
461.95,6.778,0.0,6.778,0.0
462.0,3.991,0.0,3.991,0.0
462.05,2.295,0.0,2.295,0.0
462.1,1.289,0.0,1.289,0.0
462.15,0.7072,0.0,0.7072,0.0
462.2,0.379,0.0,0.379,0.0
462.25,0.1984,0.0,0.1984,0.0
462.3,0.1014,0.0,0.1014,0.0
462.35,0.05063,0.0,0.05063,0.0
462.4,0.02469,0.0,0.02469,0.0
462.45,0.01176,0.0,0.01176,0.0
462.5,0.005473,0.0,0.005473,0.0
462.55,0.002487,0.0,0.002487,0.0
462.6,0.001104,0.0,0.001104,0.0
462.65,0.0004786,0.0,0.0004786,0.0
462.7,0.0002027,0.0,0.0002027,0.0
462.75,8.383e-05,0.0,8.383e-05,0.0
462.8,3.387e-05,0.0,3.387e-05,0.0
462.85,1.336e-05,0.0,1.336e-05,0.0
462.9,5.15e-06,0.0,5.15e-06,0.0
462.95,1.939e-06,0.0,1.939e-06,0.0
463.0,7.128e-07,0.0,7.128e-07,0.0
463.05,2.56e-07,0.0,2.56e-07,0.0
463.1,8.979e-08,0.0,8.979e-08,0.0
463.15,3.076e-08,0.0,3.076e-08,0.0
463.2,1.029e-08,0.0,1.029e-08,0.0
463.25,3.365e-09,0.0,3.365e-09,0.0
463.3,1.077e-09,0.0,1.077e-09,0.0
463.35,3.442e-10,0.0,3.442e-10,0.0
463.4,1.323e-10,0.0,1.323e-10,0.0
463.45,1.27e-10,0.0,1.27e-10,0.0
463.5,3.097e-10,0.0,3.097e-10,0.0
463.55,9.176e-10,0.0,9.176e-10,0.0
463.6,2.721e-09,0.0,2.721e-09,0.0
463.65,7.901e-09,0.0,7.901e-09,0.0
463.7,2.243e-08,0.0,2.243e-08,0.0
463.75,6.221e-08,0.0,6.221e-08,0.0
463.8,1.686e-07,0.0,1.686e-07,0.0
463.85,4.467e-07,0.0,4.467e-07,0.0
463.9,1.156e-06,0.0,1.156e-06,0.0
463.95,2.926e-06,0.0,2.926e-06,0.0
464.0,7.233e-06,0.0,7.233e-06,0.0
464.05,1.747e-05,0.0,1.747e-05,0.0
464.1,4.125e-05,0.0,4.125e-05,0.0
464.15,9.518e-05,0.0,9.518e-05,0.0
464.2,0.0002146,0.0,0.0002146,0.0
464.25,0.0004728,0.0,0.0004728,0.0
464.3,0.001018,0.0,0.001018,0.0
464.35,0.002142,0.0,0.002142,0.0
464.4,0.004404,0.0,0.004404,0.0
464.45,0.00885,0.0,0.00885,0.0
464.5,0.01738,0.0,0.01738,0.0
464.55,0.03335,0.0,0.03335,0.0
464.6,0.06253,0.0,0.06253,0.0
464.65,0.1146,0.0,0.1146,0.0
464.7,0.2052,0.0,0.2052,0.0
464.75,0.3591,0.0,0.3591,0.0
464.8,0.6142,0.0,0.6142,0.0
464.85,1.027,0.0,1.027,0.0
464.9,1.677,0.0,1.677,0.0
464.95,2.676,0.0,2.676,0.0
465.0,4.173,0.0,4.173,0.0
465.05,6.361,0.0,6.361,0.0
465.1,9.475,0.0,9.475,0.0
465.15,13.79,0.0,13.79,0.0
465.2,19.62,0.0,19.62,0.0
465.25,27.27,0.0,27.27,0.0
465.3,37.04,0.0,37.04,0.0
465.35,49.17,0.0,49.17,0.0
465.4,63.79,0.0,63.79,0.0
465.45,80.87,0.0,80.87,0.0
465.5,100.2,0.0,100.2,0.0
465.55,121.3,0.0,121.3,0.0
465.6,143.5,0.0,143.5,0.0
465.65,165.9,0.0,165.9,0.0
465.7,187.4,0.0,187.4,0.0
465.75,206.9,0.0,206.9,0.0
465.8,223.3,0.0,223.3,0.0
465.85,235.4,0.0,235.4,0.0
465.9,242.6,0.0,242.6,0.0
465.95,244.3,0.0,244.3,0.0
466.0,240.4,0.0,240.4,0.0
466.05,231.1,0.0,231.1,0.0
466.1,217.2,0.0,217.2,0.0
466.15,199.5,0.0,199.5,0.0
466.2,179.0,0.0,179.0,0.0
466.25,157.0,0.0,157.0,0.0
466.3,134.5,0.0,134.5,0.0
466.35,112.7,0.0,112.7,0.0
466.4,92.21,0.0,92.21,0.0
466.45,73.75,0.0,73.75,0.0
466.5,57.64,0.0,57.64,0.0
466.55,44.03,0.0,44.03,0.0
466.6,32.86,0.0,32.86,0.0
466.65,23.97,0.0,23.97,0.0
466.7,17.09,0.0,17.09,0.0
466.75,11.9,0.0,11.9,0.0
466.8,8.101,0.0,8.101,0.0
466.85,5.389,0.0,5.389,0.0
466.9,3.503,0.0,3.503,0.0
466.95,2.226,0.0,2.226,0.0
467.0,1.382,0.0,1.382,0.0
467.05,0.8382,0.0,0.8382,0.0
467.1,0.4969,0.0,0.4969,0.0
467.15,0.2879,0.0,0.2879,0.0
467.2,0.163,0.0,0.163,0.0
467.25,0.09019,0.0,0.09019,0.0
467.3,0.04876,0.0,0.04876,0.0
467.35,0.02577,0.0,0.02577,0.0
467.4,0.0133,0.0,0.0133,0.0
467.45,0.006713,0.0,0.006713,0.0
467.5,0.00331,0.0,0.00331,0.0
467.55,0.001595,0.0,0.001595,0.0
467.6,0.0007511,0.0,0.0007511,0.0
467.65,0.0003457,0.0,0.0003457,0.0
467.7,0.0001554,0.0,0.0001554,0.0
467.75,6.831e-05,0.0,6.831e-05,0.0
467.8,2.934e-05,0.0,2.934e-05,0.0
467.85,1.231e-05,0.0,1.231e-05,0.0
467.9,5.05e-06,0.0,5.05e-06,0.0
467.95,2.024e-06,0.0,2.024e-06,0.0
468.0,7.927e-07,0.0,7.927e-07,0.0
468.05,3.034e-07,0.0,3.034e-07,0.0
468.1,1.135e-07,0.0,1.135e-07,0.0
468.15,4.148e-08,0.0,4.148e-08,0.0
468.2,1.482e-08,0.0,1.482e-08,0.0
468.25,5.172e-09,0.0,5.172e-09,0.0
468.3,1.764e-09,0.0,1.764e-09,0.0
468.35,5.881e-10,0.0,5.881e-10,0.0
468.4,1.916e-10,0.0,1.916e-10,0.0
468.45,6.099e-11,0.0,6.099e-11,0.0
468.5,1.897e-11,0.0,1.897e-11,0.0
468.55,5.768e-12,0.0,5.768e-12,0.0
468.6,1.714e-12,0.0,1.714e-12,0.0
468.65,4.975e-13,0.0,4.975e-13,0.0
468.7,1.412e-13,0.0,1.412e-13,0.0
468.75,3.914e-14,0.0,3.914e-14,0.0
480.01,4.16e-13,0.0,4.16e-13,0.0
480.06,1.433e-12,0.0,1.433e-12,0.0
480.11,4.834e-12,0.0,4.834e-12,0.0
480.16,1.596e-11,0.0,1.596e-11,0.0
480.21,5.155e-11,0.0,5.155e-11,0.0
480.26,1.63e-10,0.0,1.63e-10,0.0
480.31,5.046e-10,0.0,5.046e-10,0.0
480.36,1.529e-09,0.0,1.529e-09,0.0
480.41,4.533e-09,0.0,4.533e-09,0.0
480.46,1.316e-08,0.0,1.316e-08,0.0
480.51,3.737e-08,0.0,3.737e-08,0.0
480.56,1.039e-07,0.0,1.039e-07,0.0
480.61,2.828e-07,0.0,2.828e-07,0.0
480.66,7.534e-07,0.0,7.534e-07,0.0
480.71,1.964e-06,0.0,1.964e-06,0.0
480.76,5.013e-06,0.0,5.013e-06,0.0
480.81,1.252e-05,0.0,1.252e-05,0.0
480.86,3.062e-05,0.0,3.062e-05,0.0
480.91,7.327e-05,0.0,7.327e-05,0.0
480.96,0.0001716,0.0,0.0001716,0.0
481.01,0.0003935,0.0,0.0003935,0.0
481.06,0.000883,0.0,0.000883,0.0
481.11,0.001939,0.0,0.001939,0.0
481.16,0.004169,0.0,0.004169,0.0
481.21,0.008773,0.0,0.008773,0.0
481.26,0.01807,0.0,0.01807,0.0
481.31,0.03643,0.0,0.03643,0.0
481.36,0.07187,0.0,0.07187,0.0
481.41,0.1388,0.0,0.1388,0.0
481.46,0.2624,0.0,0.2624,0.0
481.51,0.4855,0.0,0.4855,0.0
481.56,0.8792,0.0,0.8792,0.0
481.61,1.558,0.0,1.558,0.0
481.66,2.704,0.0,2.704,0.0
481.71,4.592,0.0,4.592,0.0
481.76,7.632,0.0,7.632,0.0
481.81,12.42,0.0,12.42,0.0
481.86,19.77,0.0,19.77,0.0
481.91,30.82,0.0,30.82,0.0
481.96,47.01,0.0,47.01,0.0
482.01,70.2,0.0,70.2,0.0
482.06,102.6,0.0,102.6,0.0
482.11,146.8,0.0,146.8,0.0
482.16,205.5,0.0,205.5,0.0
482.21,281.6,0.0,281.6,0.0
482.26,377.8,0.0,377.8,0.0
482.31,496.0,0.0,496.0,0.0
482.36,637.4,0.0,637.4,0.0
482.41,801.8,0.0,801.8,0.0
482.46,987.1,0.0,987.1,0.0
482.51,1190.0,0.0,1190.0,0.0
482.56,1403.0,0.0,1403.0,0.0
482.61,1620.0,0.0,1620.0,0.0
482.66,1830.0,0.0,1830.0,0.0
482.71,2024.0,0.0,2024.0,0.0
482.76,2192.0,0.0,2192.0,0.0
482.81,2322.0,0.0,2322.0,0.0
482.86,2408.0,0.0,2408.0,0.0
482.91,2445.0,0.0,2445.0,0.0
482.96,2429.0,0.0,2429.0,0.0
483.01,2362.0,0.0,2362.0,0.0
483.06,2249.0,0.0,2249.0,0.0
483.11,2095.0,0.0,2095.0,0.0
483.16,1911.0,0.0,1911.0,0.0
483.21,1705.0,0.0,1705.0,0.0
483.26,1490.0,0.0,1490.0,0.0
483.31,1274.0,0.0,1274.0,0.0
483.36,1066.0,0.0,1066.0,0.0
483.41,873.6,0.0,873.6,0.0
483.46,700.5,0.0,700.5,0.0
483.51,549.8,0.0,549.8,0.0
483.56,422.3,0.0,422.3,0.0
483.61,317.6,0.0,317.6,0.0
483.66,233.7,0.0,233.7,0.0
483.71,168.4,0.0,168.4,0.0
483.76,118.7,0.0,118.7,0.0
483.81,81.92,0.0,81.92,0.0
483.86,55.33,0.0,55.33,0.0
483.91,36.58,0.0,36.58,0.0
483.96,23.67,0.0,23.67,0.0
484.01,14.99,0.0,14.99,0.0
484.06,9.296,0.0,9.296,0.0
484.11,5.641,0.0,5.641,0.0
484.16,3.35,0.0,3.35,0.0
484.21,1.948,0.0,1.948,0.0
484.26,1.108,0.0,1.108,0.0
484.31,0.6173,0.0,0.6173,0.0
484.36,0.3365,0.0,0.3365,0.0
484.41,0.1795,0.0,0.1795,0.0
484.46,0.09376,0.0,0.09376,0.0
484.51,0.04793,0.0,0.04793,0.0
484.56,0.02398,0.0,0.02398,0.0
484.61,0.01174,0.0,0.01174,0.0
484.66,0.005629,0.0,0.005629,0.0
484.71,0.002641,0.0,0.002641,0.0
484.76,0.001213,0.0,0.001213,0.0
484.81,0.0005451,0.0,0.0005451,0.0
484.86,0.0002398,0.0,0.0002398,0.0
484.91,0.0001033,0.0,0.0001033,0.0
484.96,4.352e-05,0.0,4.352e-05,0.0
485.01,1.795e-05,0.0,1.795e-05,0.0
485.06,7.249e-06,0.0,7.249e-06,0.0
485.11,2.865e-06,0.0,2.865e-06,0.0
485.16,1.108e-06,0.0,1.108e-06,0.0
485.21,4.196e-07,0.0,4.196e-07,0.0
485.26,1.555e-07,0.0,1.555e-07,0.0
485.31,5.641e-08,0.0,5.641e-08,0.0
485.36,2.003e-08,0.0,2.003e-08,0.0
485.41,6.96e-09,0.0,6.96e-09,0.0
485.46,2.367e-09,0.0,2.367e-09,0.0
485.51,7.881e-10,0.0,7.881e-10,0.0
485.56,2.568e-10,0.0,2.568e-10,0.0
485.61,8.191e-11,0.0,8.191e-11,0.0
485.66,2.557e-11,0.0,2.557e-11,0.0
485.71,7.814e-12,0.0,7.814e-12,0.0
485.76,2.337e-12,0.0,2.337e-12,0.0
485.81,6.841e-13,0.0,6.841e-13,0.0
493.51,1.669e-10,1.669e-10,0.0,0.0
493.56,5.555e-10,5.555e-10,0.0,0.0
493.61,1.812e-09,1.812e-09,0.0,0.0
493.66,5.794e-09,5.794e-09,0.0,0.0
493.71,1.815e-08,1.815e-08,0.0,0.0
493.76,5.572e-08,5.572e-08,0.0,0.0
493.81,1.676e-07,1.676e-07,0.0,0.0
493.86,4.941e-07,4.941e-07,0.0,0.0
493.91,1.427e-06,1.427e-06,0.0,0.0
493.96,4.04e-06,4.04e-06,0.0,0.0
494.01,1.121e-05,1.121e-05,0.0,0.0
494.06,3.046e-05,3.046e-05,0.0,0.0
494.11,8.114e-05,8.114e-05,0.0,0.0
494.16,0.0002118,0.0002118,0.0,0.0
494.21,0.0005417,0.0005417,0.0,0.0
494.26,0.001358,0.001358,0.0,0.0
494.31,0.003334,0.003334,0.0,0.0
494.36,0.008024,0.008024,0.0,0.0
494.41,0.01892,0.01892,0.0,0.0
494.46,0.04373,0.04373,0.0,0.0
494.51,0.09903,0.09903,0.0,0.0
494.56,0.2198,0.2198,0.0,0.0
494.61,0.4779,0.4779,0.0,0.0
494.66,1.018,1.018,0.0,0.0
494.71,2.126,2.126,0.0,0.0
494.76,4.351,4.351,0.0,0.0
494.81,8.724,8.724,0.0,0.0
494.86,17.14,17.14,0.0,0.0
494.91,33.01,33.01,0.0,0.0
494.96,62.27,62.27,0.0,0.0
495.01,115.1,115.1,0.0,0.0
495.06,208.6,208.6,0.0,0.0
495.11,370.3,370.3,0.0,0.0
495.16,644.3,644.3,0.0,0.0
495.21,1098.0,1098.0,0.0,0.0
495.26,1835.0,1835.0,0.0,0.0
495.31,3004.0,3004.0,0.0,0.0
495.36,4818.0,4818.0,0.0,0.0
495.41,7574.0,7574.0,0.0,0.0
495.46,11670.0,11670.0,0.0,0.0
495.51,17610.0,17610.0,0.0,0.0
495.56,26050.0,26050.0,0.0,0.0
495.61,37750.0,37750.0,0.0,0.0
495.66,53620.0,53620.0,0.0,0.0
495.71,74630.0,74630.0,0.0,0.0
495.76,101800.0,101800.0,0.0,0.0
495.81,136000.0,136000.0,0.0,0.0
495.86,178200.0,178200.0,0.0,0.0
495.91,228600.0,228600.0,0.0,0.0
495.96,287500.0,287500.0,0.0,0.0
496.01,354400.0,354400.0,0.0,0.0
496.06,427900.0,427900.0,0.0,0.0
496.11,506400.0,506400.0,0.0,0.0
496.16,587200.0,587200.0,0.0,0.0
496.21,667200.0,667200.0,0.0,0.0
496.26,742900.0,742900.0,0.0,0.0
496.31,810600.0,810600.0,0.0,0.0
496.36,866800.0,866800.0,0.0,0.0
496.41,908100.0,908100.0,0.0,0.0
496.46,932400.0,932400.0,0.0,0.0
496.51,938100.0,938100.0,0.0,0.0
496.56,924900.0,924900.0,0.0,0.0
496.61,893500.0,893500.0,0.0,0.0
496.66,845900.0,845900.0,0.0,0.0
496.71,784800.0,784800.0,0.0,0.0
496.76,713400.0,713400.0,0.0,0.0
496.81,635500.0,635500.0,0.0,0.0
496.86,554800.0,554800.0,0.0,0.0
496.91,474500.0,474500.0,0.0,0.0
496.96,397800.0,397800.0,0.0,0.0
497.01,326700.0,326700.0,0.0,0.0
497.06,263000.0,263000.0,0.0,0.0
497.11,207400.0,207400.0,0.0,0.0
497.16,160300.0,160300.0,0.0,0.0
497.21,121400.0,121400.0,0.0,0.0
497.26,90130.0,90130.0,0.0,0.0
497.31,65550.0,65550.0,0.0,0.0
497.36,46710.0,46710.0,0.0,0.0
497.41,32620.0,32620.0,0.0,0.0
497.46,22330.0,22330.0,0.0,0.0
497.51,14970.0,14970.0,0.0,0.0
497.56,9839.0,9839.0,2.522e-13,0.0
497.61,6336.0,6336.0,8.269e-13,0.0
497.66,3998.0,3998.0,2.657e-12,0.0
497.71,2472.0,2472.0,8.37e-12,0.0
497.76,1498.0,1498.0,2.585e-11,0.0
497.81,889.4,889.4,7.823e-11,0.0
497.86,517.5,517.5,2.321e-10,0.0
497.91,295.1,295.1,6.75e-10,0.0
497.96,164.9,164.9,1.924e-09,0.0
498.01,90.26,90.26,5.378e-09,0.0
498.06,48.43,48.43,1.473e-08,0.0
498.11,25.46,25.46,3.956e-08,0.0
498.16,13.12,13.12,1.041e-07,0.0
498.21,6.621,6.621,2.687e-07,0.0
498.26,3.276,3.276,6.795e-07,0.0
498.31,1.588,1.588,1.685e-06,0.0
498.36,0.7543,0.7543,4.094e-06,0.0
498.41,0.3511,0.3511,9.754e-06,0.0
498.46,0.1602,0.1602,2.278e-05,0.0
498.51,0.07164,0.07159,5.214e-05,0.0
498.56,0.03147,0.03136,0.000117,0.0
498.61,0.01372,0.01346,0.0002573,0.0
498.66,0.006216,0.005661,0.0005547,0.0
498.71,0.003506,0.002333,0.001172,0.0
498.76,0.003371,0.0009423,0.002429,0.0
498.81,0.005305,0.0003729,0.004932,0.0
498.86,0.009963,0.0001446,0.009819,0.0
498.91,0.01921,5.497e-05,0.01916,0.0
498.96,0.03667,2.047e-05,0.03665,0.0
499.01,0.06872,7.47e-06,0.06871,0.0
499.06,0.1263,2.671e-06,0.1263,0.0
499.11,0.2275,9.361e-07,0.2275,0.0
499.16,0.4018,3.214e-07,0.4018,0.0
499.21,0.6955,1.082e-07,0.6955,0.0
499.26,1.18,3.567e-08,1.18,0.0
499.31,1.963,1.152e-08,1.963,0.0
499.36,3.201,3.649e-09,3.201,0.0
499.41,5.116,1.132e-09,5.116,0.0
499.46,8.016,3.442e-10,8.016,0.0
499.51,12.31,1.026e-10,12.31,0.0
499.56,18.53,0.0,18.53,0.0
499.61,27.35,0.0,27.35,0.0
499.66,39.56,0.0,39.56,0.0
499.71,56.09,0.0,56.09,0.0
499.76,77.96,0.0,77.96,0.0
499.81,106.2,0.0,106.2,0.0
499.86,141.9,0.0,141.9,0.0
499.91,185.7,0.0,185.7,0.0
499.96,238.3,0.0,238.3,0.0
500.01,299.8,0.0,299.8,0.0
500.06,369.7,0.0,369.7,0.0
500.11,446.9,0.0,446.9,0.0
500.16,529.5,0.0,529.5,0.0
500.21,615.0,0.0,615.0,0.0
500.26,700.1,0.0,700.1,0.0
500.31,781.4,0.0,781.4,0.0
500.36,854.8,0.0,854.8,0.0
500.41,916.6,0.0,916.6,0.0
500.46,963.5,0.0,963.5,0.0
500.51,992.8,0.0,992.8,0.0
500.56,1003.0,0.0,1003.0,0.0
500.61,992.8,0.0,992.8,0.0
500.66,963.5,0.0,963.5,0.0
500.71,916.6,0.0,916.6,0.0
500.76,854.8,0.0,854.8,0.0
500.81,781.4,0.0,781.4,0.0
500.86,700.1,0.0,700.1,0.0
500.91,615.0,0.0,615.0,0.0
500.96,529.5,0.0,529.5,0.0
501.01,446.9,0.0,446.9,0.0
501.06,369.7,0.0,369.7,0.0
501.11,299.8,0.0,299.8,0.0
501.16,238.3,0.0,238.3,0.0
501.21,185.7,0.0,185.7,0.0
501.26,141.9,0.0,141.9,0.0
501.31,106.2,0.0,106.2,0.0
501.36,77.96,0.0,77.96,0.0
501.41,56.09,0.0,56.09,0.0
501.46,39.56,0.0,39.56,0.0
501.51,27.35,0.0,27.35,0.0
501.56,18.53,0.0,18.53,0.0
501.61,12.31,0.0,12.31,0.0
501.66,8.016,0.0,8.016,0.0
501.71,5.116,0.0,5.116,0.0
501.76,3.201,0.0,3.201,0.0
501.81,1.963,0.0,1.963,0.0
501.86,1.18,0.0,1.18,0.0
501.91,0.6955,0.0,0.6955,0.0
501.96,0.4018,0.0,0.4018,0.0
502.01,0.2275,0.0,0.2275,0.0
502.06,0.1263,0.0,0.1263,0.0
502.11,0.06871,0.0,0.06871,0.0
502.16,0.03665,0.0,0.03665,0.0
502.21,0.01916,0.0,0.01916,0.0
502.26,0.009819,0.0,0.009819,0.0
502.31,0.004932,0.0,0.004932,0.0
502.36,0.002429,0.0,0.002429,0.0
502.41,0.001172,0.0,0.001172,0.0
502.46,0.0005547,0.0,0.0005547,0.0
502.51,0.0002573,0.0,0.0002573,0.0
502.56,0.000117,0.0,0.000117,0.0
502.61,5.214e-05,0.0,5.214e-05,0.0
502.66,2.278e-05,0.0,2.278e-05,0.0
502.71,9.754e-06,0.0,9.754e-06,0.0
502.76,4.094e-06,0.0,4.094e-06,0.0
502.81,1.685e-06,0.0,1.685e-06,0.0
502.86,6.796e-07,0.0,6.796e-07,0.0
502.91,2.688e-07,0.0,2.688e-07,0.0
502.96,1.044e-07,0.0,1.044e-07,0.0
503.01,4.034e-08,0.0,4.034e-08,0.0
503.06,1.687e-08,0.0,1.687e-08,0.0
503.11,1.114e-08,0.0,1.114e-08,0.0
503.16,1.716e-08,0.0,1.716e-08,0.0
503.21,4.017e-08,0.0,4.017e-08,0.0
503.26,1.006e-07,0.0,1.006e-07,0.0
503.31,2.503e-07,0.0,2.503e-07,0.0
503.36,6.117e-07,0.0,6.117e-07,0.0
503.41,1.466e-06,0.0,1.466e-06,0.0
503.46,3.446e-06,0.0,3.446e-06,0.0
503.51,7.944e-06,0.0,7.944e-06,0.0
503.56,1.796e-05,0.0,1.796e-05,0.0
503.61,3.98e-05,0.0,3.98e-05,0.0
503.66,8.652e-05,0.0,8.652e-05,0.0
503.71,0.0001844,0.0,0.0001844,0.0
503.76,0.0003855,0.0,0.0003855,0.0
503.81,0.0007902,0.0,0.0007902,0.0
503.86,0.001588,0.0,0.001588,0.0
503.91,0.003131,0.0,0.003131,0.0
503.96,0.006053,0.0,0.006053,0.0
504.01,0.01147,0.0,0.01147,0.0
504.06,0.02133,0.0,0.02133,0.0
504.11,0.03888,0.0,0.03888,0.0
504.16,0.0695,0.0,0.0695,0.0
504.21,0.1218,0.0,0.1218,0.0
504.26,0.2094,0.0,0.2094,0.0
504.31,0.353,0.0,0.353,0.0
504.36,0.5835,0.0,0.5835,0.0
504.41,0.946,0.0,0.946,0.0
504.46,1.504,0.0,1.504,0.0
504.51,2.344,0.0,2.344,0.0
504.56,3.583,0.0,3.583,0.0
504.61,5.372,0.0,5.372,0.0
504.66,7.897,0.0,7.897,0.0
504.71,11.38,0.0,11.38,0.0
504.76,16.09,0.0,16.09,0.0
504.81,22.31,0.0,22.31,0.0
504.86,30.33,0.0,30.33,0.0
504.91,40.43,0.0,40.43,0.0
504.96,52.85,0.0,52.85,0.0
505.01,67.75,0.0,67.75,0.0
505.06,85.17,0.0,85.17,0.0
505.11,105.0,0.0,105.0,0.0
505.16,126.9,0.0,126.9,0.0
505.21,150.5,0.0,150.5,0.0
505.26,174.9,0.0,174.9,0.0
505.31,199.4,0.0,199.4,0.0
505.36,222.9,0.0,222.9,0.0
505.41,244.4,0.0,244.4,0.0
505.46,262.7,0.0,262.7,0.0
505.51,277.0,0.0,277.0,0.0
505.56,286.3,0.0,286.3,0.0
505.61,290.3,0.0,290.3,0.0
505.66,288.6,0.0,288.6,0.0
505.71,281.3,0.0,281.3,0.0
505.76,269.0,0.0,269.0,0.0
505.81,252.2,0.0,252.2,0.0
505.86,231.8,0.0,231.8,0.0
505.91,209.0,0.0,209.0,0.0
505.96,184.8,0.0,184.8,0.0
506.01,160.2,0.0,160.2,0.0
506.06,136.2,0.0,136.2,0.0
506.11,113.5,0.0,113.5,0.0
506.16,92.82,0.0,92.82,0.0
506.21,74.42,0.0,74.42,0.0
506.26,58.51,0.0,58.51,0.0
506.31,45.11,0.0,45.11,0.0
506.36,34.1,0.0,34.1,0.0
506.41,25.28,0.0,25.28,0.0
506.46,18.38,0.0,18.38,0.0
506.51,13.1,0.0,13.1,0.0
506.56,9.162,0.0,9.162,0.0
506.61,6.281,0.0,6.281,0.0
506.66,4.223,0.0,4.223,0.0
506.71,2.784,0.0,2.784,0.0
506.76,1.8,0.0,1.8,0.0
506.81,1.141,0.0,1.141,0.0
506.86,0.7096,0.0,0.7096,0.0
506.91,0.4326,0.0,0.4326,0.0
506.96,0.2587,0.0,0.2587,0.0
507.01,0.1517,0.0,0.1517,0.0
507.06,0.08719,0.0,0.08719,0.0
507.11,0.04916,0.0,0.04916,0.0
507.16,0.02718,0.0,0.02718,0.0
507.21,0.01474,0.0,0.01474,0.0
507.26,0.007835,0.0,0.007835,0.0
507.31,0.004085,0.0,0.004085,0.0
507.36,0.002089,0.0,0.002089,0.0
507.41,0.001047,0.0,0.001047,0.0
507.46,0.0005149,0.0,0.0005149,0.0
507.51,0.0002483,0.0,0.0002483,0.0
507.56,0.0001174,0.0,0.0001174,0.0
507.61,5.443e-05,0.0,5.443e-05,0.0
507.66,2.475e-05,0.0,2.475e-05,0.0
507.71,1.103e-05,0.0,1.103e-05,0.0
507.76,4.824e-06,0.0,4.824e-06,0.0
507.81,2.069e-06,0.0,2.069e-06,0.0
507.86,8.697e-07,0.0,8.697e-07,0.0
507.91,3.586e-07,0.0,3.586e-07,0.0
507.96,1.45e-07,0.0,1.45e-07,0.0
508.01,5.749e-08,0.0,5.749e-08,0.0
508.06,2.235e-08,0.0,2.235e-08,0.0
508.11,8.524e-09,0.0,8.524e-09,0.0
508.16,3.448e-09,2.604e-10,3.187e-09,0.0
508.21,2.004e-09,8.349e-10,1.169e-09,0.0
508.26,3.046e-09,2.626e-09,4.202e-10,0.0
508.31,8.252e-09,8.104e-09,1.482e-10,0.0
508.36,2.459e-08,2.453e-08,5.123e-11,0.0
508.41,7.288e-08,7.287e-08,1.737e-11,0.0
508.46,2.123e-07,2.123e-07,5.776e-12,0.0
508.51,6.069e-07,6.069e-07,1.883e-12,0.0
508.56,1.702e-06,1.702e-06,6.022e-13,0.0
508.61,4.683e-06,4.683e-06,1.888e-13,0.0
508.66,1.264e-05,1.264e-05,5.806e-14,0.0
508.71,3.347e-05,3.347e-05,0.0,0.0
508.76,8.694e-05,8.694e-05,0.0,0.0
508.81,0.0002216,0.0002216,0.0,0.0
508.86,0.000554,0.000554,0.0,0.0
508.91,0.001359,0.001359,0.0,0.0
508.96,0.00327,0.00327,0.0,0.0
509.01,0.00772,0.00772,0.0,0.0
509.06,0.01788,0.01788,0.0,0.0
509.11,0.04062,0.04062,0.0,0.0
509.16,0.09055,0.09055,0.0,0.0
509.21,0.198,0.198,0.0,0.0
509.26,0.4249,0.4249,0.0,0.0
509.31,0.8942,0.8942,0.0,0.0
509.36,1.847,1.847,0.0,0.0
509.42,4.298,4.298,0.0,0.0
509.47,8.509,8.509,0.0,0.0
509.52,16.53,16.53,0.0,0.0
509.57,31.49,31.49,0.0,0.0
509.62,58.87,58.87,0.0,0.0
509.67,108.0,108.0,0.0,0.0
509.72,194.2,194.2,0.0,0.0
509.77,342.9,342.9,0.0,0.0
509.82,593.7,593.7,0.0,0.0
509.87,1009.0,1009.0,0.0,0.0
509.92,1681.0,1681.0,0.0,0.0
509.97,2748.0,2748.0,0.0,0.0
510.02,4409.0,4409.0,0.0,0.0
510.07,6938.0,6938.0,0.0,0.0
510.12,10710.0,10710.0,0.0,0.0
510.17,16220.0,16220.0,0.0,0.0
510.22,24110.0,24110.0,0.0,0.0
510.27,35140.0,35140.0,0.0,0.0
510.32,50250.0,50250.0,0.0,0.0
510.37,70510.0,70510.0,0.0,0.0
510.42,97050.0,97050.0,0.0,0.0
510.47,131000.0,131000.0,0.0,0.0
510.52,173600.0,173600.0,0.0,0.0
510.57,225600.0,225600.0,0.0,0.0
510.62,287700.0,287700.0,0.0,0.0
510.67,359900.0,359900.0,0.0,0.0
510.72,441600.0,441600.0,0.0,0.0
510.77,531600.0,531600.0,0.0,0.0
510.82,627900.0,627900.0,0.0,0.0
510.87,727600.0,727600.0,0.0,0.0
510.92,827100.0,827100.0,0.0,0.0
510.97,922400.0,922400.0,0.0,0.0
511.02,1009000.0,1009000.0,0.0,0.0
511.07,1083000.0,1083000.0,0.0,0.0
511.12,1141000.0,1141000.0,0.0,0.0
511.17,1178000.0,1178000.0,0.0,0.0
511.22,1194000.0,1194000.0,0.0,0.0
511.27,1187000.0,1187000.0,0.0,0.0
511.32,1158000.0,1158000.0,0.0,0.0
511.37,1108000.0,1108000.0,0.0,0.0
511.42,1041000.0,1041000.0,0.0,0.0
511.47,958400.0,958400.0,0.0,0.0
511.52,865900.0,865900.0,0.0,0.0
511.57,767600.0,767600.0,0.0,0.0
511.62,667600.0,667600.0,0.0,0.0
511.67,569500.0,569500.0,0.0,0.0
511.72,476700.0,476700.0,0.0,0.0
511.77,391500.0,391500.0,0.0,0.0
511.82,315400.0,315400.0,0.0,0.0
511.87,249200.0,249200.0,0.0,0.0
511.92,193200.0,193200.0,0.0,0.0
511.97,147000.0,147000.0,0.0,0.0
512.02,109700.0,109700.0,0.0,0.0
512.07,80300.0,80300.0,0.0,0.0
512.12,57670.0,57670.0,0.0,0.0
512.17,40640.0,40640.0,0.0,0.0
512.22,28090.0,28090.0,0.0,0.0
512.27,19050.0,19050.0,0.0,0.0
512.32,12670.0,12670.0,0.0,0.0
512.37,8273.0,8273.0,0.0,0.0
512.42,5297.0,5297.0,0.0,0.0
512.47,3328.0,3328.0,0.0,0.0
512.52,2051.0,2051.0,0.0,0.0
512.57,1240.0,1240.0,0.0,0.0
512.62,735.6,735.6,0.0,0.0
512.67,428.0,428.0,0.0,0.0
512.72,244.4,244.4,0.0,0.0
512.77,136.9,136.9,0.0,0.0
512.82,75.2,75.2,0.0,0.0
512.87,40.54,40.54,0.0,0.0
512.92,21.44,21.44,0.0,0.0
512.97,11.12,11.12,0.0,0.0
513.02,5.661,5.661,0.0,0.0
513.07,2.827,2.827,0.0,0.0
513.12,1.385,1.385,0.0,0.0
513.17,0.6655,0.6655,0.0,0.0
513.22,0.3138,0.3138,0.0,0.0
513.27,0.1451,0.1451,0.0,0.0
513.32,0.06587,0.06587,0.0,0.0
513.37,0.02932,0.02932,0.0,0.0
513.42,0.01281,0.01281,0.0,0.0
513.47,0.005487,0.005487,0.0,0.0
513.52,0.002307,0.002307,0.0,0.0
513.57,0.0009512,0.0009512,0.0,0.0
513.62,0.0003849,0.0003849,0.0,0.0
513.67,0.0001528,0.0001528,0.0,0.0
513.72,5.948e-05,5.948e-05,0.0,0.0
513.77,2.272e-05,2.272e-05,0.0,0.0
513.82,8.516e-06,8.516e-06,0.0,0.0
513.87,3.131e-06,3.131e-06,0.0,0.0
513.92,1.129e-06,1.129e-06,0.0,0.0
513.97,3.996e-07,3.996e-07,0.0,0.0
514.02,1.387e-07,1.387e-07,0.0,0.0
514.07,4.725e-08,4.725e-08,0.0,0.0
514.12,1.579e-08,1.579e-08,0.0,0.0
514.17,5.175e-09,5.175e-09,0.0,0.0
514.22,1.664e-09,1.664e-09,0.0,0.0
514.27,5.251e-10,5.251e-10,0.0,0.0
514.32,1.625e-10,1.625e-10,0.0,0.0
530.77,3.177e-10,3.177e-10,0.0,0.0
530.82,9.675e-10,9.675e-10,0.0,0.0
530.87,2.895e-09,2.895e-09,0.0,0.0
530.92,8.512e-09,8.512e-09,0.0,0.0
530.97,2.459e-08,2.459e-08,0.0,0.0
531.02,6.981e-08,6.981e-08,0.0,0.0
531.07,1.947e-07,1.947e-07,0.0,0.0
531.12,5.338e-07,5.338e-07,0.0,0.0
531.17,1.438e-06,1.438e-06,0.0,0.0
531.22,3.805e-06,3.805e-06,0.0,0.0
531.27,9.895e-06,9.895e-06,0.0,0.0
531.32,2.529e-05,2.529e-05,0.0,0.0
531.37,6.349e-05,6.349e-05,0.0,0.0
531.42,0.0001567,0.0001567,0.0,0.0
531.47,0.0003798,0.0003798,0.0,0.0
531.52,0.0009048,0.0009048,0.0,0.0
531.57,0.002118,0.002118,0.0,0.0
531.62,0.004871,0.004871,0.0,0.0
531.67,0.01101,0.01101,0.0,0.0
531.72,0.02445,0.02445,0.0,0.0
531.77,0.05336,0.05336,0.0,0.0
531.82,0.1144,0.1144,0.0,0.0
531.87,0.2411,0.2411,0.0,0.0
531.92,0.4992,0.4992,0.0,0.0
531.97,1.016,1.016,0.0,0.0
532.02,2.03,2.03,0.0,0.0
532.07,3.988,3.988,0.0,0.0
532.12,7.698,7.698,0.0,0.0
532.17,14.6,14.6,0.0,0.0
532.22,27.21,27.21,0.0,0.0
532.27,49.82,49.82,0.0,0.0
532.32,89.66,89.66,0.0,0.0
532.37,158.5,158.5,0.0,0.0
532.42,275.4,275.4,0.0,0.0
532.47,470.2,470.2,0.0,0.0
532.52,788.8,788.8,0.0,0.0
532.57,1300.0,1300.0,0.0,0.0
532.62,2106.0,2106.0,0.0,0.0
532.67,3352.0,3352.0,0.0,0.0
532.72,5242.0,5242.0,0.0,0.0
532.77,8055.0,8055.0,0.0,0.0
532.82,12160.0,12160.0,0.0,0.0
532.87,18050.0,18050.0,0.0,0.0
532.92,26310.0,26310.0,0.0,0.0
532.97,37690.0,37690.0,0.0,0.0
533.02,53060.0,53060.0,0.0,0.0
533.07,73400.0,73400.0,0.0,0.0
533.12,99760.0,99760.0,0.0,0.0
533.17,133200.0,133200.0,0.0,0.0
533.22,174800.0,174800.0,0.0,0.0
533.27,225500.0,225500.0,0.0,0.0
533.32,285700.0,285700.0,0.0,0.0
533.37,355700.0,355700.0,0.0,0.0
533.42,435200.0,435200.0,0.0,0.0
533.47,523200.0,523200.0,0.0,0.0
533.52,618000.0,618000.0,0.0,0.0
533.57,717400.0,717400.0,0.0,0.0
533.62,818200.0,818200.0,0.0,0.0
533.67,917000.0,917000.0,0.0,0.0
533.72,1010000.0,1010000.0,0.0,0.0
533.77,1093000.0,1093000.0,0.0,0.0
533.82,1162000.0,1162000.0,0.0,0.0
533.87,1214000.0,1214000.0,0.0,0.0
533.92,1246000.0,1246000.0,0.0,0.0
533.97,1257000.0,1257000.0,0.0,0.0
534.02,1246000.0,1246000.0,0.0,0.0
534.07,1214000.0,1214000.0,0.0,0.0
534.12,1162000.0,1162000.0,0.0,0.0
534.17,1093000.0,1093000.0,0.0,0.0
534.22,1010000.0,1010000.0,0.0,0.0
534.27,917100.0,917100.0,0.0,0.0
534.32,818300.0,818300.0,0.0,0.0
534.37,717600.0,717600.0,0.0,0.0
534.42,618400.0,618400.0,0.0,0.0
534.47,523800.0,523800.0,0.0,0.0
534.52,436200.0,436200.0,0.0,0.0
534.57,357400.0,357400.0,0.0,0.0
534.62,288400.0,288400.0,0.0,0.0
534.67,229700.0,229700.0,0.0,0.0
534.72,181500.0,181500.0,0.0,0.0
534.77,143400.0,143400.0,0.0,0.0
534.82,114900.0,114900.0,0.0,0.0
534.87,95770.0,95770.0,0.0,0.0
534.92,85480.0,85480.0,0.0,0.0
534.97,83860.0,83860.0,0.0,0.0
535.02,90910.0,90910.0,0.0,0.0
535.07,106900.0,106900.0,0.0,0.0
535.12,132200.0,132200.0,0.0,0.0
535.17,167500.0,167500.0,0.0,0.0
535.22,213300.0,213300.0,0.0,0.0
535.27,270200.0,270200.0,0.0,0.0
535.32,338500.0,338500.0,0.0,0.0
535.37,418000.0,418000.0,0.0,0.0
535.42,508100.0,508100.0,0.0,0.0
535.47,607400.0,607400.0,0.0,0.0
535.52,713800.0,713800.0,0.0,0.0
535.57,824600.0,824600.0,0.0,0.0
535.62,936200.0,936200.0,0.0,0.0
535.67,1045000.0,1045000.0,0.0,0.0
535.72,1146000.0,1146000.0,0.0,0.0
535.77,1235000.0,1235000.0,0.0,0.0
535.82,1308000.0,1308000.0,0.0,0.0
535.87,1361000.0,1361000.0,0.0,0.0
535.92,1392000.0,1392000.0,0.0,0.0
535.97,1399000.0,1399000.0,0.0,0.0
536.02,1383000.0,1383000.0,0.0,0.0
536.07,1342000.0,1342000.0,0.0,0.0
536.12,1281000.0,1281000.0,0.0,0.0
536.17,1201000.0,1201000.0,0.0,0.0
536.22,1106000.0,1106000.0,0.0,0.0
536.27,1002000.0,1002000.0,0.0,0.0
536.32,891600.0,891600.0,0.0,0.0
536.37,779800.0,779800.0,0.0,0.0
536.42,670200.0,670200.0,0.0,0.0
536.47,566100.0,566100.0,0.0,0.0
536.52,469900.0,469900.0,0.0,0.0
536.57,383300.0,383300.0,0.0,0.0
536.62,307300.0,307300.0,0.0,0.0
536.67,242100.0,242100.0,0.0,0.0
536.72,187400.0,187400.0,0.0,0.0
536.77,142600.0,142600.0,0.0,0.0
536.82,106600.0,106600.0,0.0,0.0
536.87,78360.0,78360.0,0.0,0.0
536.92,56590.0,56590.0,0.0,0.0
536.97,40160.0,40160.0,0.0,0.0
537.02,28010.0,28010.0,0.0,0.0
537.07,19200.0,19200.0,0.0,0.0
537.12,12930.0,12930.0,0.0,0.0
537.17,8561.0,8561.0,0.0,0.0
537.22,5570.0,5570.0,0.0,0.0
537.27,3561.0,3561.0,0.0,0.0
537.32,2237.0,2237.0,0.0,0.0
537.37,1381.0,1381.0,0.0,0.0
537.42,838.2,838.2,0.0,0.0
537.47,499.8,499.8,0.0,0.0
537.52,292.9,292.9,0.0,0.0
537.57,168.7,168.7,0.0,0.0
537.62,95.48,95.48,0.0,0.0
537.67,53.11,53.11,0.0,0.0
537.72,29.03,29.03,0.0,0.0
537.77,15.59,15.59,0.0,0.0
537.82,8.233,8.233,0.0,0.0
537.87,4.271,4.271,0.0,0.0
537.92,2.178,2.178,0.0,0.0
537.97,1.091,1.091,0.0,0.0
538.02,0.5373,0.5373,0.0,0.0
538.07,0.26,0.26,0.0,0.0
538.12,0.1236,0.1236,0.0,0.0
538.17,0.05779,0.05779,0.0,0.0
538.22,0.02654,0.02654,0.0,0.0
538.27,0.01198,0.01198,0.0,0.0
538.32,0.005314,0.005314,0.0,0.0
538.37,0.002317,0.002317,0.0,0.0
538.42,0.0009924,0.0009924,0.0,0.0
538.47,0.0004178,0.0004178,0.0,0.0
538.52,0.0001729,0.0001729,0.0,0.0
538.57,7.029e-05,7.029e-05,0.0,0.0
538.62,2.809e-05,2.809e-05,0.0,0.0
538.67,1.103e-05,1.103e-05,0.0,0.0
538.72,4.257e-06,4.257e-06,0.0,0.0
538.77,1.614e-06,1.614e-06,0.0,0.0
538.82,6.017e-07,6.017e-07,0.0,0.0
538.87,2.204e-07,2.204e-07,0.0,0.0
538.92,7.933e-08,7.933e-08,0.0,0.0
538.97,2.806e-08,2.806e-08,0.0,0.0
539.02,9.756e-09,9.756e-09,0.0,0.0
539.07,3.333e-09,3.333e-09,0.0,0.0
539.12,1.119e-09,1.119e-09,0.0,0.0
539.17,3.693e-10,3.693e-10,0.0,0.0
543.73,3.799e-14,0.0,3.799e-14,0.0
543.78,1.127e-13,0.0,1.127e-13,0.0
543.83,3.291e-13,0.0,3.291e-13,0.0
543.88,9.445e-13,0.0,9.445e-13,0.0
543.93,2.666e-12,0.0,2.666e-12,0.0
543.98,7.401e-12,0.0,7.401e-12,0.0
544.03,2.021e-11,0.0,2.021e-11,0.0
544.08,5.424e-11,0.0,5.424e-11,0.0
544.13,1.432e-10,0.0,1.432e-10,0.0
544.18,3.719e-10,0.0,3.719e-10,0.0
544.23,9.495e-10,0.0,9.495e-10,0.0
544.28,2.384e-09,0.0,2.384e-09,0.0
544.33,5.888e-09,0.0,5.888e-09,0.0
544.38,1.43e-08,0.0,1.43e-08,0.0
544.43,3.415e-08,0.0,3.415e-08,0.0
544.48,8.022e-08,0.0,8.022e-08,0.0
544.53,1.853e-07,0.0,1.853e-07,0.0
544.58,4.209e-07,0.0,4.209e-07,0.0
544.63,9.403e-07,0.0,9.403e-07,0.0
544.68,2.066e-06,0.0,2.066e-06,0.0
544.73,4.463e-06,0.0,4.463e-06,0.0
544.78,9.483e-06,0.0,9.483e-06,0.0
544.83,1.981e-05,0.0,1.981e-05,0.0
544.88,4.072e-05,0.0,4.072e-05,0.0
544.93,8.228e-05,0.0,8.228e-05,0.0
544.98,0.0001635,0.0,0.0001635,0.0
545.03,0.0003196,0.0,0.0003196,0.0
545.08,0.0006142,0.0,0.0006142,0.0
545.13,0.001161,0.0,0.001161,0.0
545.18,0.002158,0.0,0.002158,0.0
545.23,0.003945,0.0,0.003945,0.0
545.28,0.007092,0.0,0.007092,0.0
545.33,0.01254,0.0,0.01254,0.0
545.38,0.0218,0.0,0.0218,0.0
545.43,0.03727,0.0,0.03727,0.0
545.48,0.06268,0.0,0.06268,0.0
545.53,0.1036,0.0,0.1036,0.0
545.58,0.1686,0.0,0.1686,0.0
545.63,0.2696,0.0,0.2696,0.0
545.68,0.424,0.0,0.424,0.0
545.73,0.6557,0.0,0.6557,0.0
545.78,0.9975,0.0,0.9975,0.0
545.83,1.492,0.0,1.492,0.0
545.88,2.195,0.0,2.195,0.0
545.93,3.176,0.0,3.176,0.0
545.98,4.518,0.0,4.518,0.0
546.03,6.321,0.0,6.321,0.0
546.08,8.698,0.0,8.698,0.0
546.13,11.77,0.0,11.77,0.0
546.18,15.66,0.0,15.66,0.0
546.23,20.5,0.0,20.5,0.0
546.28,26.38,0.0,26.38,0.0
546.33,33.39,0.0,33.39,0.0
546.38,41.56,0.0,41.56,0.0
546.43,50.87,0.0,50.87,0.0
546.48,61.24,0.0,61.24,0.0
546.53,72.5,0.0,72.5,0.0
546.58,84.41,0.0,84.41,0.0
546.63,96.64,0.0,96.64,0.0
546.68,108.8,0.0,108.8,0.0
546.73,120.5,0.0,120.5,0.0
546.78,131.2,0.0,131.2,0.0
546.83,140.5,0.0,140.5,0.0
546.88,148.0,0.0,148.0,0.0
546.93,153.3,0.0,153.3,0.0
546.98,156.1,0.0,156.1,0.0
547.03,156.4,0.0,156.4,0.0
547.08,154.0,0.0,154.0,0.0
547.13,149.2,0.0,149.2,0.0
547.18,142.2,0.0,142.2,0.0
547.23,133.2,0.0,133.2,0.0
547.28,122.7,0.0,122.7,0.0
547.33,111.2,0.0,111.2,0.0
547.38,99.1,0.0,99.1,0.0
547.43,86.84,0.0,86.84,0.0
547.48,74.84,0.0,74.84,0.0
547.53,63.43,0.0,63.43,0.0
547.58,52.87,0.0,52.87,0.0
547.63,43.33,0.0,43.33,0.0
547.68,34.93,0.0,34.93,0.0
547.73,27.69,0.0,27.69,0.0
547.78,21.59,0.0,21.59,0.0
547.83,16.55,0.0,16.55,0.0
547.88,12.48,0.0,12.48,0.0
547.93,9.253,0.0,9.253,0.0
547.98,6.747,0.0,6.747,0.0
548.03,4.838,0.0,4.838,0.0
548.08,3.412,0.0,3.412,0.0
548.13,2.366,0.0,2.366,0.0
548.18,1.614,0.0,1.614,0.0
548.23,1.083,0.0,1.083,0.0
548.28,0.7141,0.0,0.7141,0.0
548.33,0.4632,0.0,0.4632,0.0
548.38,0.2955,0.0,0.2955,0.0
548.43,0.1854,0.0,0.1854,0.0
548.48,0.1144,0.0,0.1144,0.0
548.53,0.0694,0.0,0.0694,0.0
548.58,0.04141,0.0,0.04141,0.0
548.63,0.0243,0.0,0.0243,0.0
548.68,0.01402,0.0,0.01402,0.0
548.73,0.007959,0.0,0.007959,0.0
548.78,0.004442,0.0,0.004442,0.0
548.83,0.002438,0.0,0.002438,0.0
548.88,0.001316,0.0,0.001316,0.0
548.93,0.0006986,0.0,0.0006986,0.0
548.98,0.0003647,0.0,0.0003647,0.0
549.03,0.0001872,0.0,0.0001872,0.0
549.08,9.452e-05,0.0,9.452e-05,0.0
549.13,4.693e-05,0.0,4.693e-05,0.0
549.18,2.291e-05,0.0,2.291e-05,0.0
549.23,1.1e-05,0.0,1.1e-05,0.0
549.28,5.196e-06,0.0,5.196e-06,0.0
549.33,2.413e-06,0.0,2.413e-06,0.0
549.38,1.102e-06,0.0,1.102e-06,0.0
549.43,4.95e-07,0.0,4.95e-07,0.0
549.48,2.186e-07,0.0,2.186e-07,0.0
549.53,9.497e-08,0.0,9.497e-08,0.0
549.58,4.057e-08,0.0,4.057e-08,0.0
549.63,1.704e-08,0.0,1.704e-08,0.0
549.68,7.041e-09,0.0,7.041e-09,0.0
549.73,2.861e-09,0.0,2.861e-09,0.0
549.78,1.143e-09,0.0,1.143e-09,0.0
549.83,4.491e-10,0.0,4.491e-10,0.0
549.88,1.736e-10,0.0,1.736e-10,0.0
549.93,6.596e-11,0.0,6.596e-11,0.0
549.98,2.465e-11,0.0,2.465e-11,0.0
550.03,9.06e-12,0.0,9.06e-12,0.0
550.08,3.275e-12,0.0,3.275e-12,0.0
550.13,1.164e-12,0.0,1.164e-12,0.0
550.18,4.069e-13,0.0,4.069e-13,0.0
550.23,1.399e-13,0.0,1.399e-13,0.0
550.28,4.729e-14,0.0,4.729e-14,0.0
574.79,4.047e-10,4.047e-10,0.0,0.0
574.84,1.127e-09,1.127e-09,0.0,0.0
574.89,3.093e-09,3.093e-09,0.0,0.0
574.94,8.361e-09,8.361e-09,0.0,0.0
574.99,2.227e-08,2.227e-08,0.0,0.0
575.04,5.842e-08,5.842e-08,0.0,0.0
575.09,1.51e-07,1.51e-07,0.0,0.0
575.14,3.844e-07,3.844e-07,0.0,0.0
575.19,9.644e-07,9.644e-07,0.0,0.0
575.24,2.383e-06,2.383e-06,0.0,0.0
575.29,5.802e-06,5.802e-06,0.0,0.0
575.34,1.392e-05,1.392e-05,0.0,0.0
575.39,3.288e-05,3.288e-05,0.0,0.0
575.44,7.653e-05,7.653e-05,0.0,0.0
575.49,0.0001755,0.0001755,0.0,0.0
575.54,0.0003965,0.0003965,0.0,0.0
575.59,0.0008824,0.0008824,0.0,0.0
575.64,0.001935,0.001935,0.0,0.0
575.69,0.004179,0.004179,0.0,0.0
575.74,0.008893,0.008893,0.0,0.0
575.79,0.01864,0.01864,0.0,0.0
575.84,0.0385,0.0385,0.0,0.0
575.89,0.07834,0.07834,0.0,0.0
575.94,0.157,0.157,0.0,0.0
575.99,0.3101,0.3101,0.0,0.0
576.04,0.6032,0.6032,0.0,0.0
576.09,1.156,1.156,0.0,0.0
576.14,2.183,2.183,0.0,0.0
576.19,4.06,4.06,0.0,0.0
576.24,7.439,7.439,0.0,0.0
576.29,13.43,13.43,0.0,0.0
576.34,23.88,23.88,0.0,0.0
576.39,41.84,41.84,0.0,0.0
576.44,72.22,72.22,0.0,0.0
576.49,122.8,122.8,0.0,0.0
576.54,205.7,205.7,0.0,0.0
576.59,339.5,339.5,0.0,0.0
576.64,552.0,552.0,0.0,0.0
576.69,884.1,884.1,0.0,0.0
576.74,1395.0,1395.0,0.0,0.0
576.79,2168.0,2168.0,0.0,0.0
576.84,3321.0,3321.0,0.0,0.0
576.89,5010.0,5010.0,0.0,0.0
576.94,7446.0,7446.0,0.0,0.0
576.99,10900.0,10900.0,0.0,0.0
577.04,15730.0,15730.0,0.0,0.0
577.09,22350.0,22350.0,0.0,0.0
577.14,31290.0,31290.0,0.0,0.0
577.19,43150.0,43150.0,0.0,0.0
577.24,58640.0,58640.0,0.0,0.0
577.29,78490.0,78490.0,0.0,0.0
577.34,103500.0,103500.0,0.0,0.0
577.39,134500.0,134500.0,0.0,0.0
577.44,172100.0,172100.0,0.0,0.0
577.49,217000.0,217000.0,0.0,0.0
577.54,269500.0,269500.0,0.0,0.0
577.59,329800.0,329800.0,0.0,0.0
577.64,397600.0,397600.0,0.0,0.0
577.69,472200.0,472200.0,0.0,0.0
577.74,552500.0,552500.0,0.0,0.0
577.79,636800.0,636800.0,0.0,0.0
577.84,723100.0,723100.0,0.0,0.0
577.89,809000.0,809000.0,0.0,0.0
577.94,891500.0,891500.0,0.0,0.0
577.99,968000.0,968000.0,0.0,0.0
578.04,1035000.0,1035000.0,0.0,0.0
578.09,1091000.0,1091000.0,0.0,0.0
578.14,1133000.0,1133000.0,0.0,0.0
578.19,1158000.0,1158000.0,0.0,0.0
578.24,1167000.0,1167000.0,0.0,0.0
578.29,1158000.0,1158000.0,0.0,0.0
578.34,1133000.0,1133000.0,0.0,0.0
578.39,1091000.0,1091000.0,0.0,0.0
578.44,1036000.0,1036000.0,0.0,0.0
578.49,968400.0,968400.0,0.0,0.0
578.54,892300.0,892300.0,0.0,0.0
578.59,810200.0,810200.0,0.0,0.0
578.64,725100.0,725100.0,0.0,0.0
578.69,640000.0,640000.0,0.0,0.0
578.74,557300.0,557300.0,0.0,0.0
578.79,479600.0,479600.0,0.0,0.0
578.84,408700.0,408700.0,0.0,0.0
578.89,346200.0,346200.0,0.0,0.0
578.94,293300.0,293300.0,0.0,0.0
578.99,251200.0,251200.0,0.0,0.0
579.04,220400.0,220400.0,0.0,0.0
579.09,201700.0,201700.0,0.0,0.0
579.14,195800.0,195800.0,0.0,0.0
579.19,203300.0,203300.0,0.0,0.0
579.24,224900.0,224900.0,0.0,0.0
579.29,261300.0,261300.0,0.0,0.0
579.34,313400.0,313400.0,0.0,0.0
579.39,381700.0,381700.0,0.0,0.0
579.44,466800.0,466800.0,0.0,0.0
579.49,568700.0,568700.0,0.0,0.0
579.54,687100.0,687100.0,0.0,0.0
579.59,820900.0,820900.0,0.0,0.0
579.64,968300.0,968300.0,0.0,0.0
579.69,1127000.0,1127000.0,0.0,0.0
579.74,1293000.0,1293000.0,0.0,0.0
579.79,1461000.0,1461000.0,0.0,0.0
579.84,1628000.0,1628000.0,0.0,0.0
579.89,1788000.0,1788000.0,0.0,0.0
579.94,1934000.0,1934000.0,0.0,0.0
579.99,2062000.0,2062000.0,0.0,0.0
580.04,2165000.0,2165000.0,0.0,0.0
580.09,2240000.0,2240000.0,0.0,0.0
580.14,2284000.0,2284000.0,0.0,0.0
580.19,2294000.0,2294000.0,0.0,0.0
580.24,2270000.0,2270000.0,0.0,0.0
580.29,2214000.0,2214000.0,0.0,0.0
580.34,2127000.0,2127000.0,0.0,0.0
580.39,2013000.0,2013000.0,0.0,0.0
580.44,1877000.0,1877000.0,0.0,0.0
580.49,1725000.0,1725000.0,0.0,0.0
580.54,1561000.0,1561000.0,0.0,0.0
580.59,1393000.0,1393000.0,0.0,0.0
580.64,1224000.0,1224000.0,0.0,0.0
580.69,1060000.0,1060000.0,0.0,0.0
580.74,903900.0,903900.0,0.0,0.0
580.79,759700.0,759700.0,0.0,0.0
580.84,629100.0,629100.0,0.0,0.0
580.89,513300.0,513300.0,0.0,0.0
580.94,412600.0,412600.0,0.0,0.0
580.99,326800.0,326800.0,0.0,0.0
581.04,255000.0,255000.0,0.0,0.0
581.09,196000.0,196000.0,0.0,0.0
581.14,148500.0,148500.0,0.0,0.0
581.19,110800.0,110800.0,0.0,0.0
581.24,81500.0,81500.0,0.0,0.0
581.29,59060.0,59060.0,0.0,0.0
581.34,42180.0,42180.0,0.0,0.0
581.39,29710.0,29710.0,0.0,0.0
581.44,20660.0,20660.0,0.0,0.0
581.49,14240.0,14240.0,0.0,0.0
581.54,9790.0,9790.0,0.0,0.0
581.59,6833.0,6833.0,0.0,0.0
581.64,5010.0,5010.0,0.0,0.0
581.69,4082.0,4082.0,0.0,0.0
581.74,3913.0,3913.0,0.0,0.0
581.79,4459.0,4459.0,0.0,0.0
581.84,5763.0,5763.0,0.0,0.0
581.89,7953.0,7953.0,0.0,0.0
581.94,11240.0,11240.0,0.0,0.0
581.99,15910.0,15910.0,0.0,0.0
582.04,22370.0,22370.0,0.0,0.0
582.09,31070.0,31070.0,0.0,0.0
582.14,42590.0,42590.0,0.0,0.0
582.19,57550.0,57550.0,0.0,0.0
582.24,76640.0,76640.0,0.0,0.0
582.29,100600.0,100600.0,0.0,0.0
582.34,130100.0,130100.0,0.0,0.0
582.39,165800.0,165800.0,0.0,0.0
582.44,208200.0,208200.0,0.0,0.0
582.49,257700.0,257700.0,0.0,0.0
582.54,314300.0,314300.0,0.0,0.0
582.59,377700.0,377700.0,0.0,0.0
582.64,447300.0,447300.0,0.0,0.0
582.69,521900.0,521900.0,0.0,0.0
582.74,600200.0,600200.0,0.0,0.0
582.79,680000.0,680000.0,0.0,0.0
582.84,759300.0,759300.0,0.0,0.0
582.89,835400.0,835400.0,0.0,0.0
582.94,905800.0,905800.0,0.0,0.0
582.99,967800.0,967800.0,0.0,0.0
583.04,1019000.0,1019000.0,0.0,0.0
583.09,1057000.0,1057000.0,0.0,0.0
583.14,1081000.0,1081000.0,0.0,0.0
583.19,1089000.0,1089000.0,0.0,0.0
583.24,1081000.0,1081000.0,0.0,0.0
583.29,1057000.0,1057000.0,0.0,0.0
583.34,1019000.0,1019000.0,0.0,0.0
583.39,967800.0,967800.0,0.0,0.0
583.44,905800.0,905800.0,0.0,0.0
583.49,835400.0,835400.0,0.0,0.0
583.54,759300.0,759300.0,0.0,0.0
583.59,680000.0,680000.0,0.0,0.0
583.64,600200.0,600200.0,0.0,0.0
583.69,521900.0,521900.0,0.0,0.0
583.74,447300.0,447300.0,0.0,0.0
583.79,377700.0,377700.0,0.0,0.0
583.84,314300.0,314300.0,0.0,0.0
583.89,257700.0,257700.0,0.0,0.0
583.94,208200.0,208200.0,0.0,0.0
583.99,165800.0,165800.0,0.0,0.0
584.04,130100.0,130100.0,0.0,0.0
584.09,100600.0,100600.0,0.0,0.0
584.14,76630.0,76630.0,0.0,0.0
584.19,57530.0,57530.0,0.0,0.0
584.24,42560.0,42560.0,0.0,0.0
584.29,31030.0,31030.0,0.0,0.0
584.34,22290.0,22290.0,0.0,0.0
584.39,15780.0,15780.0,0.0,0.0
584.44,11010.0,11010.0,0.0,0.0
584.49,7565.0,7565.0,0.0,0.0
584.54,5124.0,5124.0,0.0,0.0
584.59,3420.0,3420.0,0.0,0.0
584.64,2250.0,2250.0,0.0,0.0
584.69,1458.0,1458.0,0.0,0.0
584.74,931.2,931.2,0.0,0.0
584.79,586.0,586.0,0.0,0.0
584.84,363.4,363.4,0.0,0.0
584.89,222.1,222.1,0.0,0.0
584.94,133.7,133.7,0.0,0.0
584.99,79.36,79.36,0.0,0.0
585.04,46.4,46.4,0.0,0.0
585.09,26.74,26.74,0.0,0.0
585.14,15.18,15.18,0.0,0.0
585.19,8.494,8.494,0.0,0.0
585.24,4.683,4.683,0.0,0.0
585.29,2.544,2.544,0.0,0.0
585.34,1.362,1.362,0.0,0.0
585.39,0.7187,0.7187,0.0,0.0
585.44,0.3736,0.3736,0.0,0.0
585.49,0.1914,0.1914,0.0,0.0
585.54,0.09661,0.09661,0.0,0.0
585.59,0.04806,0.04806,0.0,0.0
585.64,0.02356,0.02356,0.0,0.0
585.69,0.01138,0.01138,0.0,0.0
585.74,0.005415,0.005415,0.0,0.0
585.79,0.00254,0.00254,0.0,0.0
585.84,0.001174,0.001174,0.0,0.0
585.89,0.0005346,0.0005346,0.0,0.0
585.94,0.0002399,0.0002399,0.0,0.0
585.99,0.0001061,0.0001061,0.0,0.0
586.04,4.624e-05,4.624e-05,0.0,0.0
586.09,1.986e-05,1.986e-05,0.0,0.0
586.14,8.402e-06,8.402e-06,0.0,0.0
586.19,3.504e-06,3.504e-06,0.0,0.0
586.24,1.44e-06,1.44e-06,0.0,0.0
586.29,5.829e-07,5.829e-07,0.0,0.0
586.34,2.326e-07,2.326e-07,0.0,0.0
586.39,9.144e-08,9.144e-08,0.0,0.0
586.44,3.543e-08,3.543e-08,0.0,0.0
586.49,1.352e-08,1.352e-08,0.0,0.0
586.54,5.088e-09,5.088e-09,0.0,0.0
586.59,1.886e-09,1.886e-09,0.0,0.0
586.64,6.89e-10,6.89e-10,0.0,0.0
586.69,2.48e-10,2.48e-10,0.0,0.0
608.35,3.176e-13,0.0,3.176e-13,0.0
608.4,8.428e-13,0.0,8.428e-13,0.0
608.45,2.206e-12,0.0,2.206e-12,0.0
608.5,5.7e-12,0.0,5.7e-12,0.0
608.55,1.453e-11,0.0,1.453e-11,0.0
608.6,3.654e-11,0.0,3.654e-11,0.0
608.65,9.07e-11,0.0,9.07e-11,0.0
608.7,2.221e-10,0.0,2.221e-10,0.0
608.75,5.368e-10,0.0,5.368e-10,0.0
608.8,1.28e-09,0.0,1.28e-09,0.0
608.85,3.011e-09,0.0,3.011e-09,0.0
608.9,6.991e-09,0.0,6.991e-09,0.0
608.95,1.602e-08,0.0,1.602e-08,0.0
609.0,3.621e-08,0.0,3.621e-08,0.0
609.05,8.076e-08,0.0,8.076e-08,0.0
609.1,1.777e-07,0.0,1.777e-07,0.0
609.15,3.86e-07,0.0,3.86e-07,0.0
609.2,8.272e-07,0.0,8.272e-07,0.0
609.25,1.749e-06,0.0,1.749e-06,0.0
609.3,3.65e-06,0.0,3.65e-06,0.0
609.35,7.514e-06,0.0,7.514e-06,0.0
609.4,1.527e-05,0.0,1.527e-05,0.0
609.45,3.06e-05,0.0,3.06e-05,0.0
609.5,6.053e-05,0.0,6.053e-05,0.0
609.55,0.0001181,0.0,0.0001181,0.0
609.6,0.0002275,0.0,0.0002275,0.0
609.65,0.0004324,0.0,0.0004324,0.0
609.7,0.0008108,0.0,0.0008108,0.0
609.75,0.0015,0.0,0.0015,0.0
609.8,0.002739,0.0,0.002739,0.0
609.85,0.004935,0.0,0.004935,0.0
609.9,0.008773,0.0,0.008773,0.0
609.95,0.01539,0.0,0.01539,0.0
610.0,0.02663,0.0,0.02663,0.0
610.05,0.04549,0.0,0.04549,0.0
610.1,0.07666,0.0,0.07666,0.0
610.15,0.1275,0.0,0.1275,0.0
610.2,0.2092,0.0,0.2092,0.0
610.25,0.3387,0.0,0.3387,0.0
610.3,0.5411,0.0,0.5411,0.0
610.35,0.853,0.0,0.853,0.0
610.4,1.327,0.0,1.327,0.0
610.45,2.037,0.0,2.037,0.0
610.5,3.085,0.0,3.085,0.0
610.55,4.61,0.0,4.61,0.0
610.6,6.798,0.0,6.798,0.0
610.65,9.893,0.0,9.893,0.0
610.7,14.2,0.0,14.2,0.0
610.75,20.12,0.0,20.12,0.0
610.8,28.13,0.0,28.13,0.0
610.85,38.81,0.0,38.81,0.0
610.9,52.83,0.0,52.83,0.0
610.95,70.95,0.0,70.95,0.0
611.0,94.03,0.0,94.03,0.0
611.05,123.0,0.0,123.0,0.0
611.1,158.7,0.0,158.7,0.0
611.15,202.0,0.0,202.0,0.0
611.2,253.9,0.0,253.9,0.0
611.25,314.7,0.0,314.7,0.0
611.3,385.0,0.0,385.0,0.0
611.35,464.7,0.0,464.7,0.0
611.4,553.5,0.0,553.5,0.0
611.45,650.6,0.0,650.6,0.0
611.5,754.4,0.0,754.4,0.0
611.55,863.3,0.0,863.3,0.0
611.6,974.8,0.0,974.8,0.0
611.65,1086.0,0.0,1086.0,0.0
611.7,1194.0,0.0,1194.0,0.0
611.75,1295.0,0.0,1295.0,0.0
611.8,1387.0,0.0,1387.0,0.0
611.85,1465.0,0.0,1465.0,0.0
611.9,1527.0,0.0,1527.0,0.0
611.95,1570.0,0.0,1570.0,0.0
612.0,1593.0,0.0,1593.0,0.0
612.05,1595.0,0.0,1595.0,0.0
612.1,1576.0,0.0,1576.0,0.0
612.15,1537.0,0.0,1537.0,0.0
612.2,1478.0,0.0,1478.0,0.0
612.25,1403.0,0.0,1403.0,0.0
612.3,1315.0,0.0,1315.0,0.0
612.35,1215.0,0.0,1215.0,0.0
612.4,1108.0,0.0,1108.0,0.0
612.45,997.2,0.0,997.2,0.0
612.5,885.5,0.0,885.5,0.0
612.55,775.9,0.0,775.9,0.0
612.6,670.8,0.0,670.8,0.0
612.65,572.3,0.0,572.3,0.0
612.7,481.8,0.0,481.8,0.0
612.75,400.2,0.0,400.2,0.0
612.8,328.0,0.0,328.0,0.0
612.85,265.3,0.0,265.3,0.0
612.9,211.7,0.0,211.7,0.0
612.95,166.7,0.0,166.7,0.0
613.0,129.5,0.0,129.5,0.0
613.05,99.32,0.0,99.32,0.0
613.1,75.14,0.0,75.14,0.0
613.15,56.1,0.0,56.1,0.0
613.2,41.32,0.0,41.32,0.0
613.25,30.03,0.0,30.03,0.0
613.3,21.54,0.0,21.54,0.0
613.35,15.25,0.0,15.25,0.0
613.4,10.65,0.0,10.65,0.0
613.45,7.336,0.0,7.336,0.0
613.5,4.988,0.0,4.988,0.0
613.55,3.346,0.0,3.346,0.0
613.6,2.215,0.0,2.215,0.0
613.65,1.447,0.0,1.447,0.0
613.7,0.9328,0.0,0.9328,0.0
613.75,0.5933,0.0,0.5933,0.0
613.8,0.3724,0.0,0.3724,0.0
613.85,0.2306,0.0,0.2306,0.0
613.9,0.1409,0.0,0.1409,0.0
613.95,0.08496,0.0,0.08496,0.0
614.0,0.05055,0.0,0.05055,0.0
614.05,0.02968,0.0,0.02968,0.0
614.1,0.01719,0.0,0.01719,0.0
614.15,0.009827,0.0,0.009827,0.0
614.2,0.005543,0.0,0.005543,0.0
614.25,0.003085,0.0,0.003085,0.0
614.3,0.001694,0.0,0.001694,0.0
614.35,0.000918,0.0,0.000918,0.0
614.4,0.0004909,0.0,0.0004909,0.0
614.45,0.000259,0.0,0.000259,0.0
614.5,0.0001348,0.0,0.0001348,0.0
614.55,6.927e-05,0.0,6.927e-05,0.0
614.6,3.511e-05,0.0,3.511e-05,0.0
614.65,1.756e-05,0.0,1.756e-05,0.0
614.7,8.668e-06,0.0,8.668e-06,0.0
614.75,4.221e-06,0.0,4.221e-06,0.0
614.8,2.029e-06,0.0,2.029e-06,0.0
614.85,9.619e-07,0.0,9.619e-07,0.0
614.9,4.501e-07,0.0,4.501e-07,0.0
614.95,2.078e-07,0.0,2.078e-07,0.0
615.0,9.466e-08,0.0,9.466e-08,0.0
615.05,4.255e-08,0.0,4.255e-08,0.0
615.1,1.887e-08,0.0,1.887e-08,0.0
615.15,8.261e-09,0.0,8.261e-09,0.0
615.2,3.568e-09,0.0,3.568e-09,0.0
615.25,1.52e-09,0.0,1.52e-09,0.0
615.3,6.393e-10,0.0,6.393e-10,0.0
615.35,2.653e-10,0.0,2.653e-10,0.0
615.4,1.086e-10,0.0,1.086e-10,0.0
615.45,4.388e-11,0.0,4.388e-11,0.0
615.5,1.749e-11,0.0,1.749e-11,0.0
615.55,6.88e-12,0.0,6.88e-12,0.0
615.6,2.67e-12,0.0,2.67e-12,0.0
615.65,1.023e-12,0.0,1.023e-12,0.0
615.7,3.865e-13,0.0,3.865e-13,0.0
620.9,4.638e-14,0.0,4.638e-14,0.0
620.95,1.205e-13,0.0,1.205e-13,0.0
621.0,3.09e-13,0.0,3.09e-13,0.0
621.05,7.824e-13,0.0,7.824e-13,0.0
621.1,1.956e-12,0.0,1.956e-12,0.0
621.15,4.827e-12,0.0,4.827e-12,0.0
621.2,1.176e-11,0.0,1.176e-11,0.0
621.25,2.829e-11,0.0,2.829e-11,0.0
621.3,6.719e-11,0.0,6.719e-11,0.0
621.35,1.575e-10,0.0,1.575e-10,0.0
621.4,3.647e-10,0.0,3.647e-10,0.0
621.45,8.334e-10,0.0,8.334e-10,0.0
621.5,1.88e-09,0.0,1.88e-09,0.0
621.55,4.188e-09,0.0,4.188e-09,0.0
621.6,9.211e-09,0.0,9.211e-09,0.0
621.65,2e-08,0.0,2e-08,0.0
621.7,4.287e-08,0.0,4.287e-08,0.0
621.75,9.071e-08,0.0,9.071e-08,0.0
621.8,1.895e-07,0.0,1.895e-07,0.0
621.85,3.909e-07,0.0,3.909e-07,0.0
621.9,7.961e-07,0.0,7.961e-07,0.0
621.95,1.601e-06,0.0,1.601e-06,0.0
622.0,3.177e-06,0.0,3.177e-06,0.0
622.05,6.225e-06,0.0,6.225e-06,0.0
622.1,1.204e-05,0.0,1.204e-05,0.0
622.15,2.3e-05,0.0,2.3e-05,0.0
622.2,4.338e-05,0.0,4.338e-05,0.0
622.25,8.076e-05,0.0,8.076e-05,0.0
622.3,0.0001484,0.0,0.0001484,0.0
622.35,0.0002693,0.0,0.0002693,0.0
622.4,0.0004825,0.0,0.0004825,0.0
622.45,0.0008534,0.0,0.0008534,0.0
622.5,0.00149,0.0,0.00149,0.0
622.55,0.002569,0.0,0.002569,0.0
622.6,0.004372,0.0,0.004372,0.0
622.65,0.007347,0.0,0.007347,0.0
622.7,0.01219,0.0,0.01219,0.0
622.75,0.01996,0.0,0.01996,0.0
622.8,0.03228,0.0,0.03228,0.0
622.85,0.05152,0.0,0.05152,0.0
622.9,0.0812,0.0,0.0812,0.0
622.95,0.1263,0.0,0.1263,0.0
623.0,0.1941,0.0,0.1941,0.0
623.05,0.2943,0.0,0.2943,0.0
623.1,0.4407,0.0,0.4407,0.0
623.15,0.6515,0.0,0.6515,0.0
623.2,0.9507,0.0,0.9507,0.0
623.25,1.37,0.0,1.37,0.0
623.3,1.949,0.0,1.949,0.0
623.35,2.736,0.0,2.736,0.0
623.4,3.794,0.0,3.794,0.0
623.45,5.193,0.0,5.193,0.0
623.5,7.018,0.0,7.018,0.0
623.55,9.363,0.0,9.363,0.0
623.6,12.33,0.0,12.33,0.0
623.65,16.04,0.0,16.04,0.0
623.7,20.59,0.0,20.59,0.0
623.75,26.1,0.0,26.1,0.0
623.8,32.66,0.0,32.66,0.0
623.85,40.35,0.0,40.35,0.0
623.9,49.22,0.0,49.22,0.0
623.95,59.27,0.0,59.27,0.0
624.0,70.46,0.0,70.46,0.0
624.05,82.7,0.0,82.7,0.0
624.1,95.83,0.0,95.83,0.0
624.15,109.6,0.0,109.6,0.0
624.2,123.8,0.0,123.8,0.0
624.25,138.1,0.0,138.1,0.0
624.3,152.0,0.0,152.0,0.0
624.35,165.2,0.0,165.2,0.0
624.4,177.3,0.0,177.3,0.0
624.45,187.8,0.0,187.8,0.0
624.5,196.4,0.0,196.4,0.0
624.55,202.8,0.0,202.8,0.0
624.6,206.7,0.0,206.7,0.0
624.65,208.1,0.0,208.1,0.0
624.7,206.7,0.0,206.7,0.0
624.75,202.8,0.0,202.8,0.0
624.8,196.4,0.0,196.4,0.0
624.85,187.8,0.0,187.8,0.0
624.9,177.3,0.0,177.3,0.0
624.95,165.2,0.0,165.2,0.0
625.0,152.0,0.0,152.0,0.0
625.05,138.1,0.0,138.1,0.0
625.1,123.8,0.0,123.8,0.0
625.15,109.6,0.0,109.6,0.0
625.2,95.83,0.0,95.83,0.0
625.25,82.7,0.0,82.7,0.0
625.3,70.46,0.0,70.46,0.0
625.35,59.27,0.0,59.27,0.0
625.4,49.22,0.0,49.22,0.0
625.45,40.35,0.0,40.35,0.0
625.5,32.66,0.0,32.66,0.0
625.55,26.1,0.0,26.1,0.0
625.6,20.59,0.0,20.59,0.0
625.65,16.04,0.0,16.04,0.0
625.7,12.33,0.0,12.33,0.0
625.75,9.363,0.0,9.363,0.0
625.8,7.018,0.0,7.018,0.0
625.85,5.193,0.0,5.193,0.0
625.9,3.794,0.0,3.794,0.0
625.95,2.736,0.0,2.736,0.0
626.0,1.949,0.0,1.949,0.0
626.05,1.37,0.0,1.37,0.0
626.1,0.9507,0.0,0.9507,0.0
626.15,0.6515,0.0,0.6515,0.0
626.2,0.4407,0.0,0.4407,0.0
626.25,0.2943,0.0,0.2943,0.0
626.3,0.1941,0.0,0.1941,0.0
626.35,0.1263,0.0,0.1263,0.0
626.4,0.0812,0.0,0.0812,0.0
626.45,0.05152,0.0,0.05152,0.0
626.5,0.03228,0.0,0.03228,0.0
626.55,0.01996,0.0,0.01996,0.0
626.6,0.01219,0.0,0.01219,0.0
626.65,0.007347,0.0,0.007347,0.0
626.7,0.004372,0.0,0.004372,0.0
626.75,0.002569,0.0,0.002569,0.0
626.8,0.00149,0.0,0.00149,0.0
626.85,0.0008534,0.0,0.0008534,0.0
626.9,0.0004825,0.0,0.0004825,0.0
626.95,0.0002693,0.0,0.0002693,0.0
627.0,0.0001484,0.0,0.0001484,0.0
627.05,8.076e-05,0.0,8.076e-05,0.0
627.1,4.338e-05,0.0,4.338e-05,0.0
627.15,2.3e-05,0.0,2.3e-05,0.0
627.2,1.204e-05,0.0,1.204e-05,0.0
627.25,6.225e-06,0.0,6.225e-06,0.0
627.3,3.177e-06,0.0,3.177e-06,0.0
627.35,1.601e-06,0.0,1.601e-06,0.0
627.4,7.965e-07,0.0,7.965e-07,0.0
627.45,3.919e-07,0.0,3.919e-07,0.0
627.5,1.918e-07,0.0,1.918e-07,0.0
627.55,9.573e-08,0.0,9.573e-08,0.0
627.6,5.394e-08,0.0,5.394e-08,0.0
627.65,4.417e-08,0.0,4.417e-08,0.0
627.7,6.131e-08,0.0,6.131e-08,0.0
627.75,1.151e-07,0.0,1.151e-07,0.0
627.8,2.35e-07,0.0,2.35e-07,0.0
627.85,4.846e-07,0.0,4.846e-07,0.0
627.9,9.92e-07,0.0,9.92e-07,0.0
627.95,2.007e-06,0.0,2.007e-06,0.0
628.0,4.012e-06,0.0,4.012e-06,0.0
628.05,7.918e-06,0.0,7.918e-06,0.0
628.1,1.543e-05,0.0,1.543e-05,0.0
628.15,2.971e-05,0.0,2.971e-05,0.0
628.2,5.646e-05,0.0,5.646e-05,0.0
628.25,0.000106,0.0,0.000106,0.0
628.3,0.0001965,0.0,0.0001965,0.0
628.35,0.0003596,0.0,0.0003596,0.0
628.4,0.00065,0.0,0.00065,0.0
628.45,0.00116,0.0,0.00116,0.0
628.5,0.002045,0.0,0.002045,0.0
628.55,0.00356,0.0,0.00356,0.0
628.6,0.006119,0.0,0.006119,0.0
628.65,0.01039,0.0,0.01039,0.0
628.7,0.01741,0.0,0.01741,0.0
628.75,0.02882,0.0,0.02882,0.0
628.8,0.04711,0.0,0.04711,0.0
628.85,0.07605,0.0,0.07605,0.0
628.9,0.1212,0.0,0.1212,0.0
628.95,0.1908,0.0,0.1908,0.0
629.0,0.2967,0.0,0.2967,0.0
629.05,0.4554,0.0,0.4554,0.0
629.1,0.6904,0.0,0.6904,0.0
629.15,1.033,0.0,1.033,0.0
629.2,1.528,0.0,1.528,0.0
629.25,2.23,0.0,2.23,0.0
629.3,3.215,0.0,3.215,0.0
629.35,4.577,0.0,4.577,0.0
629.4,6.434,0.0,6.434,0.0
629.45,8.932,0.0,8.932,0.0
629.5,12.25,0.0,12.25,0.0
629.55,16.58,0.0,16.58,0.0
629.6,22.16,0.0,22.16,0.0
629.65,29.26,0.0,29.26,0.0
629.7,38.14,0.0,38.14,0.0
629.75,49.1,0.0,49.1,0.0
629.8,62.43,0.0,62.43,0.0
629.85,78.38,0.0,78.38,0.0
629.9,97.17,0.0,97.17,0.0
629.95,119.0,0.0,119.0,0.0
630.0,143.8,0.0,143.8,0.0
630.05,171.7,0.0,171.7,0.0
630.1,202.4,0.0,202.4,0.0
630.15,235.7,0.0,235.7,0.0
630.2,271.0,0.0,271.0,0.0
630.25,307.7,0.0,307.7,0.0
630.3,344.9,0.0,344.9,0.0
630.35,381.9,0.0,381.9,0.0
630.4,417.5,0.0,417.5,0.0
630.45,450.8,0.0,450.8,0.0
630.5,480.7,0.0,480.7,0.0
630.55,506.1,0.0,506.1,0.0
630.6,526.2,0.0,526.2,0.0
630.65,540.3,0.0,540.3,0.0
630.7,547.8,0.0,547.8,0.0
630.75,548.5,0.0,548.5,0.0
630.8,542.3,0.0,542.3,0.0
630.85,529.5,0.0,529.5,0.0
630.9,510.5,0.0,510.5,0.0
630.95,486.1,0.0,486.1,0.0
631.0,457.1,0.0,457.1,0.0
631.05,424.4,0.0,424.4,0.0
631.1,389.2,0.0,389.2,0.0
631.15,352.4,0.0,352.4,0.0
631.2,315.1,0.0,315.1,0.0
631.25,278.2,0.0,278.2,0.0
631.3,242.6,0.0,242.6,0.0
631.35,208.9,0.0,208.9,0.0
631.4,177.6,0.0,177.6,0.0
631.45,149.2,0.0,149.2,0.0
631.5,123.7,0.0,123.7,0.0
631.55,101.3,0.0,101.3,0.0
631.6,81.9,0.0,81.9,0.0
631.65,65.4,0.0,65.4,0.0
631.7,51.57,0.0,51.57,0.0
631.75,40.16,0.0,40.16,0.0
631.8,30.88,0.0,30.88,0.0
631.85,23.45,0.0,23.45,0.0
631.9,17.59,0.0,17.59,0.0
631.95,13.02,0.0,13.02,0.0
632.0,9.523,0.0,9.523,0.0
632.05,6.877,0.0,6.877,0.0
632.1,4.904,0.0,4.904,0.0
632.15,3.454,0.0,3.454,0.0
632.2,2.402,0.0,2.402,0.0
632.25,1.649,0.0,1.649,0.0
632.3,1.119,0.0,1.119,0.0
632.35,0.7491,0.0,0.7491,0.0
632.4,0.4954,0.0,0.4954,0.0
632.45,0.3235,0.0,0.3235,0.0
632.5,0.2087,0.0,0.2087,0.0
632.55,0.1329,0.0,0.1329,0.0
632.6,0.08357,0.0,0.08357,0.0
632.65,0.0519,0.0,0.0519,0.0
632.7,0.03183,0.0,0.03183,0.0
632.75,0.01928,0.0,0.01928,0.0
632.8,0.01153,0.0,0.01153,0.0
632.85,0.006809,0.0,0.006809,0.0
632.9,0.003971,0.0,0.003971,0.0
632.96,0.002045,0.0,0.002045,0.0
633.01,0.00116,0.0,0.00116,0.0
633.06,0.00065,0.0,0.00065,0.0
633.11,0.0003596,0.0,0.0003596,0.0
633.16,0.0001965,0.0,0.0001965,0.0
633.21,0.000106,0.0,0.000106,0.0
633.26,5.646e-05,0.0,5.646e-05,0.0
633.31,2.971e-05,0.0,2.971e-05,0.0
633.36,1.543e-05,0.0,1.543e-05,0.0
633.41,7.918e-06,0.0,7.918e-06,0.0
633.46,4.012e-06,0.0,4.012e-06,0.0
633.51,2.007e-06,0.0,2.007e-06,0.0
633.56,9.916e-07,0.0,9.916e-07,0.0
633.61,4.838e-07,0.0,4.838e-07,0.0
633.66,2.331e-07,0.0,2.331e-07,0.0
633.71,1.109e-07,0.0,1.109e-07,0.0
633.76,5.21e-08,0.0,5.21e-08,0.0
633.81,2.417e-08,0.0,2.417e-08,0.0
633.86,1.108e-08,0.0,1.108e-08,0.0
633.91,5.011e-09,0.0,5.011e-09,0.0
633.96,2.239e-09,0.0,2.239e-09,0.0
634.01,9.879e-10,0.0,9.879e-10,0.0
634.06,4.305e-10,0.0,4.305e-10,0.0
634.11,1.852e-10,0.0,1.852e-10,0.0
634.16,7.869e-11,0.0,7.869e-11,0.0
634.21,3.302e-11,0.0,3.302e-11,0.0
634.26,1.368e-11,0.0,1.368e-11,0.0
634.31,5.598e-12,0.0,5.598e-12,0.0
634.36,2.262e-12,0.0,2.262e-12,0.0
634.41,9.025e-13,0.0,9.025e-13,0.0
634.46,3.556e-13,0.0,3.556e-13,0.0
634.51,1.384e-13,0.0,1.384e-13,0.0
638.96,4.263e-14,0.0,4.263e-14,0.0
639.01,1.073e-13,0.0,1.073e-13,0.0
639.06,2.67e-13,0.0,2.67e-13,0.0
639.11,6.56e-13,0.0,6.56e-13,0.0
639.16,1.593e-12,0.0,1.593e-12,0.0
639.21,3.82e-12,0.0,3.82e-12,0.0
639.26,9.054e-12,0.0,9.054e-12,0.0
639.31,2.12e-11,0.0,2.12e-11,0.0
639.36,4.903e-11,0.0,4.903e-11,0.0
639.41,1.121e-10,0.0,1.121e-10,0.0
639.46,2.53e-10,0.0,2.53e-10,0.0
639.51,5.643e-10,0.0,5.643e-10,0.0
639.56,1.244e-09,0.0,1.244e-09,0.0
639.61,2.708e-09,0.0,2.708e-09,0.0
639.66,5.825e-09,0.0,5.825e-09,0.0
639.71,1.238e-08,0.0,1.238e-08,0.0
639.76,2.599e-08,0.0,2.599e-08,0.0
639.81,5.392e-08,0.0,5.392e-08,0.0
639.86,1.105e-07,0.0,1.105e-07,0.0
639.91,2.238e-07,0.0,2.238e-07,0.0
639.96,4.477e-07,0.0,4.477e-07,0.0
640.01,8.847e-07,0.0,8.847e-07,0.0
640.06,1.728e-06,0.0,1.728e-06,0.0
640.11,3.333e-06,0.0,3.333e-06,0.0
640.16,6.352e-06,0.0,6.352e-06,0.0
640.21,1.196e-05,0.0,1.196e-05,0.0
640.26,2.225e-05,0.0,2.225e-05,0.0
640.31,4.09e-05,0.0,4.09e-05,0.0
640.36,7.427e-05,0.0,7.427e-05,0.0
640.41,0.0001332,0.0,0.0001332,0.0
640.46,0.0002362,0.0,0.0002362,0.0
640.51,0.0004136,0.0,0.0004136,0.0
640.56,0.0007155,0.0,0.0007155,0.0
640.61,0.001223,0.0,0.001223,0.0
640.66,0.002065,0.0,0.002065,0.0
640.71,0.003446,0.0,0.003446,0.0
640.76,0.00568,0.0,0.00568,0.0
640.81,0.00925,0.0,0.00925,0.0
640.86,0.01488,0.0,0.01488,0.0
640.91,0.02366,0.0,0.02366,0.0
640.96,0.03715,0.0,0.03715,0.0
641.01,0.05764,0.0,0.05764,0.0
641.06,0.08836,0.0,0.08836,0.0
641.11,0.1338,0.0,0.1338,0.0
641.16,0.2002,0.0,0.2002,0.0
641.21,0.296,0.0,0.296,0.0
641.26,0.4323,0.0,0.4323,0.0
641.31,0.6238,0.0,0.6238,0.0
641.36,0.8892,0.0,0.8892,0.0
641.41,1.252,0.0,1.252,0.0
641.46,1.743,0.0,1.743,0.0
641.51,2.396,0.0,2.396,0.0
641.56,3.254,0.0,3.254,0.0
641.61,4.366,0.0,4.366,0.0
641.66,5.788,0.0,5.788,0.0
641.71,7.581,0.0,7.581,0.0
641.76,9.81,0.0,9.81,0.0
641.81,12.54,0.0,12.54,0.0
641.86,15.84,0.0,15.84,0.0
641.91,19.77,0.0,19.77,0.0
641.96,24.37,0.0,24.37,0.0
642.01,29.69,0.0,29.69,0.0
642.06,35.72,0.0,35.72,0.0
642.11,42.47,0.0,42.47,0.0
642.16,49.89,0.0,49.89,0.0
642.21,57.89,0.0,57.89,0.0
642.26,66.38,0.0,66.38,0.0
642.31,75.19,0.0,75.19,0.0
642.36,84.15,0.0,84.15,0.0
642.41,93.04,0.0,93.04,0.0
642.46,101.6,0.0,101.6,0.0
642.51,109.7,0.0,109.7,0.0
642.56,116.9,0.0,116.9,0.0
642.61,123.2,0.0,123.2,0.0
642.66,128.2,0.0,128.2,0.0
642.71,131.8,0.0,131.8,0.0
642.76,133.9,0.0,133.9,0.0
642.81,134.4,0.0,134.4,0.0
642.86,133.3,0.0,133.3,0.0
642.91,130.6,0.0,130.6,0.0
642.96,126.4,0.0,126.4,0.0
643.01,120.8,0.0,120.8,0.0
643.06,114.1,0.0,114.1,0.0
643.11,106.5,0.0,106.5,0.0
643.16,98.24,0.0,98.24,0.0
643.21,89.5,0.0,89.5,0.0
643.26,80.56,0.0,80.56,0.0
643.31,71.64,0.0,71.64,0.0
643.36,62.94,0.0,62.94,0.0
643.41,54.63,0.0,54.63,0.0
643.46,46.85,0.0,46.85,0.0
643.51,39.69,0.0,39.69,0.0
643.56,33.22,0.0,33.22,0.0
643.61,27.47,0.0,27.47,0.0
643.66,22.45,0.0,22.45,0.0
643.71,18.12,0.0,18.12,0.0
643.76,14.45,0.0,14.45,0.0
643.81,11.38,0.0,11.38,0.0
643.86,8.862,0.0,8.862,0.0
643.91,6.815,0.0,6.815,0.0
643.96,5.178,0.0,5.178,0.0
644.01,3.887,0.0,3.887,0.0
644.06,2.883,0.0,2.883,0.0
644.11,2.112,0.0,2.112,0.0
644.16,1.529,0.0,1.529,0.0
644.21,1.094,0.0,1.094,0.0
644.26,0.7728,0.0,0.7728,0.0
644.31,0.5395,0.0,0.5395,0.0
644.36,0.3721,0.0,0.3721,0.0
644.41,0.2535,0.0,0.2535,0.0
644.46,0.1707,0.0,0.1707,0.0
644.51,0.1135,0.0,0.1135,0.0
644.56,0.07459,0.0,0.07459,0.0
644.61,0.04843,0.0,0.04843,0.0
644.66,0.03106,0.0,0.03106,0.0
644.71,0.01968,0.0,0.01968,0.0
644.76,0.01232,0.0,0.01232,0.0
644.81,0.007622,0.0,0.007622,0.0
644.86,0.004658,0.0,0.004658,0.0
644.91,0.002812,0.0,0.002812,0.0
644.96,0.001677,0.0,0.001677,0.0
645.01,0.0009884,0.0,0.0009884,0.0
645.06,0.0005755,0.0,0.0005755,0.0
645.11,0.000331,0.0,0.000331,0.0
645.16,0.0001881,0.0,0.0001881,0.0
645.21,0.0001056,0.0,0.0001056,0.0
645.26,5.859e-05,0.0,5.859e-05,0.0
645.31,3.211e-05,0.0,3.211e-05,0.0
645.36,1.738e-05,0.0,1.738e-05,0.0
645.41,9.3e-06,0.0,9.3e-06,0.0
645.46,4.915e-06,0.0,4.915e-06,0.0
645.51,2.566e-06,0.0,2.566e-06,0.0
645.56,1.324e-06,0.0,1.324e-06,0.0
645.61,6.747e-07,0.0,6.747e-07,0.0
645.66,3.397e-07,0.0,3.397e-07,0.0
645.71,1.69e-07,0.0,1.69e-07,0.0
645.76,8.306e-08,0.0,8.306e-08,0.0
645.81,4.033e-08,0.0,4.033e-08,0.0
645.86,1.935e-08,0.0,1.935e-08,0.0
645.91,9.17e-09,0.0,9.17e-09,0.0
645.96,4.294e-09,0.0,4.294e-09,0.0
646.01,1.987e-09,0.0,1.987e-09,0.0
646.06,9.08e-10,0.0,9.08e-10,0.0
646.11,4.1e-10,0.0,4.1e-10,0.0
646.16,1.829e-10,0.0,1.829e-10,0.0
646.21,8.063e-11,0.0,8.063e-11,0.0
646.26,3.511e-11,0.0,3.511e-11,0.0
646.31,1.511e-11,0.0,1.511e-11,0.0
646.36,6.421e-12,0.0,6.421e-12,0.0
646.41,2.696e-12,0.0,2.696e-12,0.0
646.46,1.119e-12,0.0,1.119e-12,0.0
646.51,4.585e-13,0.0,4.585e-13,0.0
646.56,1.857e-13,0.0,1.857e-13,0.0
646.61,7.429e-14,0.0,7.429e-14,0.0
646.66,2.937e-14,0.0,2.937e-14,0.0
686.97,6.361e-10,6.361e-10,0.0,0.0
687.02,1.506e-09,1.506e-09,0.0,0.0
687.07,3.526e-09,3.526e-09,0.0,0.0
687.12,8.173e-09,8.173e-09,0.0,0.0
687.17,1.875e-08,1.875e-08,0.0,0.0
687.22,4.255e-08,4.255e-08,0.0,0.0
687.27,9.557e-08,9.557e-08,0.0,0.0
687.32,2.124e-07,2.124e-07,0.0,0.0
687.37,4.673e-07,4.673e-07,0.0,0.0
687.42,1.017e-06,1.017e-06,0.0,0.0
687.47,2.191e-06,2.191e-06,0.0,0.0
687.52,4.67e-06,4.67e-06,0.0,0.0
687.57,9.851e-06,9.851e-06,0.0,0.0
687.62,2.056e-05,2.056e-05,0.0,0.0
687.67,4.247e-05,4.247e-05,0.0,0.0
687.72,8.683e-05,8.683e-05,0.0,0.0
687.77,0.0001756,0.0001756,0.0,0.0
687.82,0.0003516,0.0003516,0.0,0.0
687.87,0.0006965,0.0006965,0.0,0.0
687.92,0.001365,0.001365,0.0,0.0
687.97,0.002649,0.002649,0.0,0.0
688.02,0.005085,0.005085,0.0,0.0
688.07,0.00966,0.00966,0.0,0.0
688.12,0.01816,0.01816,0.0,0.0
688.17,0.03378,0.03378,0.0,0.0
688.22,0.06219,0.06219,0.0,0.0
688.27,0.1133,0.1133,0.0,0.0
688.32,0.2043,0.2043,0.0,0.0
688.37,0.3644,0.3644,0.0,0.0
688.42,0.6434,0.6434,0.0,0.0
688.47,1.124,1.124,0.0,0.0
688.52,1.944,1.944,0.0,0.0
688.57,3.325,3.325,0.0,0.0
688.62,5.63,5.63,0.0,0.0
688.67,9.433,9.433,0.0,0.0
688.72,15.64,15.64,0.0,0.0
688.77,25.66,25.66,0.0,0.0
688.82,41.66,41.66,0.0,0.0
688.87,66.94,66.94,0.0,0.0
688.92,106.4,106.4,0.0,0.0
688.97,167.5,167.5,0.0,0.0
689.02,260.8,260.8,0.0,0.0
689.07,401.8,401.8,0.0,0.0
689.12,612.7,612.7,0.0,0.0
689.17,924.6,924.6,0.0,0.0
689.22,1381.0,1381.0,0.0,0.0
689.27,2040.0,2040.0,0.0,0.0
689.32,2983.0,2983.0,0.0,0.0
689.37,4317.0,4317.0,0.0,0.0
689.42,6181.0,6181.0,0.0,0.0
689.47,8760.0,8760.0,0.0,0.0
689.52,12280.0,12280.0,0.0,0.0
689.57,17050.0,17050.0,0.0,0.0
689.62,23410.0,23410.0,0.0,0.0
689.67,31810.0,31810.0,0.0,0.0
689.72,42780.0,42780.0,0.0,0.0
689.77,56930.0,56930.0,0.0,0.0
689.82,74980.0,74980.0,0.0,0.0
689.87,97720.0,97720.0,0.0,0.0
689.92,126000.0,126000.0,0.0,0.0
689.97,160800.0,160800.0,0.0,0.0
690.02,203100.0,203100.0,0.0,0.0
690.07,253900.0,253900.0,0.0,0.0
690.12,314000.0,314000.0,0.0,0.0
690.17,384300.0,384300.0,0.0,0.0
690.22,465400.0,465400.0,0.0,0.0
690.27,557800.0,557800.0,0.0,0.0
690.32,661600.0,661600.0,0.0,0.0
690.37,776500.0,776500.0,0.0,0.0
690.42,901900.0,901900.0,0.0,0.0
690.47,1037000.0,1037000.0,0.0,0.0
690.52,1179000.0,1179000.0,0.0,0.0
690.57,1327000.0,1327000.0,0.0,0.0
690.62,1478000.0,1478000.0,0.0,0.0
690.67,1629000.0,1629000.0,0.0,0.0
690.72,1777000.0,1777000.0,0.0,0.0
690.77,1918000.0,1918000.0,0.0,0.0
690.82,2049000.0,2049000.0,0.0,0.0
690.87,2166000.0,2166000.0,0.0,0.0
690.92,2266000.0,2266000.0,0.0,0.0
690.97,2345000.0,2345000.0,0.0,0.0
691.02,2403000.0,2403000.0,0.0,0.0
691.07,2436000.0,2436000.0,0.0,0.0
691.12,2443000.0,2443000.0,0.0,0.0
691.17,2425000.0,2425000.0,0.0,0.0
691.22,2383000.0,2383000.0,0.0,0.0
691.27,2316000.0,2316000.0,0.0,0.0
691.32,2228000.0,2228000.0,0.0,0.0
691.37,2121000.0,2121000.0,0.0,0.0
691.42,1998000.0,1998000.0,0.0,0.0
691.47,1863000.0,1863000.0,0.0,0.0
691.52,1719000.0,1719000.0,0.0,0.0
691.57,1569000.0,1569000.0,0.0,0.0
691.62,1418000.0,1418000.0,0.0,0.0
691.67,1268000.0,1268000.0,0.0,0.0
691.72,1122000.0,1122000.0,0.0,0.0
691.77,982200.0,982200.0,0.0,0.0
691.82,851300.0,851300.0,0.0,0.0
691.87,730300.0,730300.0,0.0,0.0
691.92,620400.0,620400.0,0.0,0.0
691.97,521900.0,521900.0,0.0,0.0
692.02,435200.0,435200.0,0.0,0.0
692.07,360200.0,360200.0,0.0,0.0
692.12,296500.0,296500.0,0.0,0.0
692.17,243600.0,243600.0,0.0,0.0
692.22,201000.0,201000.0,0.0,0.0
692.27,168100.0,168100.0,0.0,0.0
692.32,144600.0,144600.0,0.0,0.0
692.37,130200.0,130200.0,0.0,0.0
692.42,124700.0,124700.0,0.0,0.0
692.47,128200.0,128200.0,0.0,0.0
692.52,141200.0,141200.0,0.0,0.0
692.57,164300.0,164300.0,0.0,0.0
692.62,198400.0,198400.0,0.0,0.0
692.67,244600.0,244600.0,0.0,0.0
692.72,304500.0,304500.0,0.0,0.0
692.77,379500.0,379500.0,0.0,0.0
692.82,471200.0,471200.0,0.0,0.0
692.87,581300.0,581300.0,0.0,0.0
692.92,711300.0,711300.0,0.0,0.0
692.97,862400.0,862400.0,0.0,0.0
693.02,1035000.0,1035000.0,0.0,0.0
693.07,1231000.0,1231000.0,0.0,0.0
693.12,1448000.0,1448000.0,0.0,0.0
693.17,1687000.0,1687000.0,0.0,0.0
693.22,1945000.0,1945000.0,0.0,0.0
693.27,2219000.0,2219000.0,0.0,0.0
693.32,2506000.0,2506000.0,0.0,0.0
693.37,2800000.0,2800000.0,0.0,0.0
693.42,3097000.0,3097000.0,0.0,0.0
693.47,3390000.0,3390000.0,0.0,0.0
693.52,3672000.0,3672000.0,0.0,0.0
693.57,3936000.0,3936000.0,0.0,0.0
693.62,4176000.0,4176000.0,0.0,0.0
693.67,4385000.0,4385000.0,0.0,0.0
693.72,4557000.0,4557000.0,0.0,0.0
693.77,4687000.0,4687000.0,0.0,0.0
693.82,4770000.0,4770000.0,0.0,0.0
693.87,4805000.0,4805000.0,0.0,0.0
693.92,4790000.0,4790000.0,0.0,0.0
693.97,4726000.0,4726000.0,0.0,0.0
694.02,4614000.0,4614000.0,0.0,0.0
694.07,4459000.0,4459000.0,0.0,0.0
694.12,4264000.0,4264000.0,0.0,0.0
694.17,4036000.0,4036000.0,0.0,0.0
694.22,3780000.0,3780000.0,0.0,0.0
694.27,3504000.0,3504000.0,0.0,0.0
694.32,3215000.0,3215000.0,0.0,0.0
694.37,2919000.0,2919000.0,0.0,0.0
694.42,2623000.0,2623000.0,0.0,0.0
694.47,2332000.0,2332000.0,0.0,0.0
694.52,2053000.0,2053000.0,0.0,0.0
694.57,1788000.0,1788000.0,0.0,0.0
694.62,1541000.0,1541000.0,0.0,0.0
694.68,1272000.0,1272000.0,0.0,0.0
694.73,1072000.0,1072000.0,0.0,0.0
694.78,893600.0,893600.0,0.0,0.0
694.83,737400.0,737400.0,0.0,0.0
694.88,602200.0,602200.0,0.0,0.0
694.93,486700.0,486700.0,0.0,0.0
694.98,389300.0,389300.0,0.0,0.0
695.03,308200.0,308200.0,0.0,0.0
695.08,241500.0,241500.0,0.0,0.0
695.13,187200.0,187200.0,0.0,0.0
695.18,143700.0,143700.0,0.0,0.0
695.23,109100.0,109100.0,0.0,0.0
695.28,82000.0,82000.0,0.0,0.0
695.33,60990.0,60990.0,0.0,0.0
695.38,44900.0,44900.0,0.0,0.0
695.43,32710.0,32710.0,0.0,0.0
695.48,23580.0,23580.0,0.0,0.0
695.53,16830.0,16830.0,0.0,0.0
695.58,11880.0,11880.0,0.0,0.0
695.63,8304.0,8304.0,0.0,0.0
695.68,5744.0,5744.0,0.0,0.0
695.73,3932.0,3932.0,0.0,0.0
695.78,2664.0,2664.0,0.0,0.0
695.83,1786.0,1786.0,0.0,0.0
695.88,1185.0,1185.0,0.0,0.0
695.93,778.0,778.0,0.0,0.0
695.98,505.6,505.6,0.0,0.0
696.03,325.2,325.2,0.0,0.0
696.08,207.0,207.0,0.0,0.0
696.13,130.4,130.4,0.0,0.0
696.18,81.29,81.29,0.0,0.0
696.23,50.16,50.16,0.0,0.0
696.28,30.63,30.63,0.0,0.0
696.33,18.51,18.51,0.0,0.0
696.38,11.07,11.07,0.0,0.0
696.43,6.551,6.551,0.0,0.0
696.48,3.838,3.838,0.0,0.0
696.53,2.225,2.225,0.0,0.0
696.58,1.276,1.276,0.0,0.0
696.63,0.7247,0.7247,0.0,0.0
696.68,0.4073,0.4073,0.0,0.0
696.73,0.2265,0.2265,0.0,0.0
696.78,0.1247,0.1247,0.0,0.0
696.83,0.0679,0.0679,0.0,0.0
696.88,0.0366,0.0366,0.0,0.0
696.93,0.01953,0.01953,0.0,0.0
696.98,0.01031,0.01031,0.0,0.0
697.03,0.005388,0.005388,0.0,0.0
697.08,0.002786,0.002786,0.0,0.0
697.13,0.001426,0.001426,0.0,0.0
697.18,0.0007223,0.0007223,0.0,0.0
697.23,0.000362,0.000362,0.0,0.0
697.28,0.0001796,0.0001796,0.0,0.0
697.33,8.818e-05,8.818e-05,0.0,0.0
697.38,4.285e-05,4.285e-05,0.0,0.0
697.43,2.06e-05,2.06e-05,0.0,0.0
697.48,9.806e-06,9.806e-06,0.0,0.0
697.53,4.619e-06,4.619e-06,0.0,0.0
697.58,2.153e-06,2.153e-06,0.0,0.0
697.63,9.931e-07,9.931e-07,0.0,0.0
697.68,4.534e-07,4.534e-07,0.0,0.0
697.73,2.049e-07,2.049e-07,0.0,0.0
697.78,9.161e-08,9.161e-08,0.0,0.0
697.83,4.054e-08,4.054e-08,0.0,0.0
697.88,1.776e-08,1.776e-08,0.0,0.0
697.93,7.696e-09,7.696e-09,0.0,0.0
697.98,3.301e-09,3.301e-09,0.0,0.0
698.03,1.402e-09,1.402e-09,0.0,0.0
761.9,9.561e-08,9.561e-08,0.0,0.0
761.95,2.08e-07,2.08e-07,0.0,0.0
762.0,4.485e-07,4.485e-07,0.0,0.0
762.05,9.589e-07,9.589e-07,0.0,0.0
762.1,2.033e-06,2.033e-06,0.0,0.0
762.15,4.274e-06,4.274e-06,0.0,0.0
762.2,8.908e-06,8.908e-06,0.0,0.0
762.25,1.841e-05,1.841e-05,0.0,0.0
762.3,3.773e-05,3.773e-05,0.0,0.0
762.35,7.665e-05,7.665e-05,0.0,0.0
762.4,0.0001544,0.0001544,0.0,0.0
762.45,0.0003085,0.0003085,0.0,0.0
762.5,0.0006109,0.0006109,0.0,0.0
762.55,0.0012,0.0012,0.0,0.0
762.6,0.002336,0.002336,0.0,0.0
762.65,0.00451,0.00451,0.0,0.0
762.7,0.008634,0.008634,0.0,0.0
762.75,0.01639,0.01639,0.0,0.0
762.8,0.03084,0.03084,0.0,0.0
762.85,0.05755,0.05755,0.0,0.0
762.9,0.1065,0.1065,0.0,0.0
762.95,0.1954,0.1954,0.0,0.0
763.0,0.3554,0.3554,0.0,0.0
763.05,0.6409,0.6409,0.0,0.0
763.1,1.146,1.146,0.0,0.0
763.15,2.032,2.032,0.0,0.0
763.2,3.573,3.573,0.0,0.0
763.25,6.229,6.229,0.0,0.0
763.3,10.77,10.77,0.0,0.0
763.35,18.45,18.45,0.0,0.0
763.4,31.35,31.35,0.0,0.0
763.45,52.83,52.83,0.0,0.0
763.5,88.25,88.25,0.0,0.0
763.55,146.2,146.2,0.0,0.0
763.6,240.1,240.1,0.0,0.0
763.65,391.0,391.0,0.0,0.0
763.7,631.3,631.3,0.0,0.0
763.75,1011.0,1011.0,0.0,0.0
763.8,1605.0,1605.0,0.0,0.0
763.85,2526.0,2526.0,0.0,0.0
763.9,3942.0,3942.0,0.0,0.0
763.95,6099.0,6099.0,0.0,0.0
764.0,9358.0,9358.0,0.0,0.0
764.05,14240.0,14240.0,0.0,0.0
764.1,21470.0,21470.0,0.0,0.0
764.15,32120.0,32120.0,0.0,0.0
764.2,47630.0,47630.0,0.0,0.0
764.25,70030.0,70030.0,0.0,0.0
764.3,102100.0,102100.0,0.0,0.0
764.35,147600.0,147600.0,0.0,0.0
764.4,211600.0,211600.0,0.0,0.0
764.45,300700.0,300700.0,0.0,0.0
764.5,423700.0,423700.0,0.0,0.0
764.55,592000.0,592000.0,0.0,0.0
764.6,820100.0,820100.0,0.0,0.0
764.65,1126000.0,1126000.0,0.0,0.0
764.7,1534000.0,1534000.0,0.0,0.0
764.75,2072000.0,2072000.0,0.0,0.0
764.8,2774000.0,2774000.0,0.0,0.0
764.85,3683000.0,3683000.0,0.0,0.0
764.9,4848000.0,4848000.0,0.0,0.0
764.95,6328000.0,6328000.0,0.0,0.0
765.0,8190000.0,8190000.0,0.0,0.0
765.05,10510000.0,10510000.0,0.0,0.0
765.1,13370000.0,13370000.0,0.0,0.0
765.15,16870000.0,16870000.0,0.0,0.0
765.2,21100000.0,21100000.0,0.0,0.0
765.25,26170000.0,26170000.0,0.0,0.0
765.3,32180000.0,32180000.0,0.0,0.0
765.35,39240000.0,39240000.0,0.0,0.0
765.4,47440000.0,47440000.0,0.0,0.0
765.45,56870000.0,56870000.0,0.0,0.0
765.5,67590000.0,67590000.0,0.0,0.0
765.55,79660000.0,79660000.0,0.0,0.0
765.6,93080000.0,93080000.0,0.0,0.0
765.65,107800000.0,107800000.0,0.0,0.0
765.7,123900000.0,123900000.0,0.0,0.0
765.75,141100000.0,141100000.0,0.0,0.0
765.8,159400000.0,159400000.0,0.0,0.0
765.85,178500000.0,178500000.0,0.0,0.0
765.9,198200000.0,198200000.0,0.0,0.0
765.95,218200000.0,218200000.0,0.0,0.0
766.0,238200000.0,238200000.0,0.0,0.0
766.05,257800000.0,257800000.0,0.0,0.0
766.1,276700000.0,276700000.0,0.0,0.0
766.15,294400000.0,294400000.0,0.0,0.0
766.2,310600000.0,310600000.0,0.0,0.0
766.25,325000000.0,325000000.0,0.0,0.0
766.3,337100000.0,337100000.0,0.0,0.0
766.35,346700000.0,346700000.0,0.0,0.0
766.4,353500000.0,353500000.0,0.0,0.0
766.45,357500000.0,357500000.0,0.0,0.0
766.5,358400000.0,358400000.0,0.0,0.0
766.55,356200000.0,356200000.0,0.0,0.0
766.6,351100000.0,351100000.0,0.0,0.0
766.65,343100000.0,343100000.0,0.0,0.0
766.7,332500000.0,332500000.0,0.0,0.0
766.75,319500000.0,319500000.0,0.0,0.0
766.8,304300000.0,304300000.0,0.0,0.0
766.85,287500000.0,287500000.0,0.0,0.0
766.9,269200000.0,269200000.0,0.0,0.0
766.95,250000000.0,250000000.0,0.0,0.0
767.0,230200000.0,230200000.0,0.0,0.0
767.05,210200000.0,210200000.0,0.0,0.0
767.1,190300000.0,190300000.0,0.0,0.0
767.15,170800000.0,170800000.0,0.0,0.0
767.2,152000000.0,152000000.0,0.0,0.0
767.25,134100000.0,134100000.0,0.0,0.0
767.3,117300000.0,117300000.0,0.0,0.0
767.35,101800000.0,101800000.0,0.0,0.0
767.4,87550000.0,87550000.0,0.0,0.0
767.45,74680000.0,74680000.0,0.0,0.0
767.5,63150000.0,63150000.0,0.0,0.0
767.55,52960000.0,52960000.0,0.0,0.0
767.6,44040000.0,44040000.0,0.0,0.0
767.65,36320000.0,36320000.0,0.0,0.0
767.7,29710000.0,29710000.0,0.0,0.0
767.75,24110000.0,24110000.0,0.0,0.0
767.8,19420000.0,19420000.0,0.0,0.0
767.85,15530000.0,15530000.0,0.0,0.0
767.9,12360000.0,12360000.0,0.0,0.0
767.95,9810000.0,9810000.0,0.0,0.0
768.0,7795000.0,7795000.0,0.0,0.0
768.05,6244000.0,6244000.0,0.0,0.0
768.1,5095000.0,5095000.0,0.0,0.0
768.15,4300000.0,4300000.0,0.0,0.0
768.2,3820000.0,3820000.0,0.0,0.0
768.25,3628000.0,3628000.0,0.0,0.0
768.3,3711000.0,3711000.0,0.0,0.0
768.35,4063000.0,4063000.0,0.0,0.0
768.4,4691000.0,4691000.0,0.0,0.0
768.45,5611000.0,5611000.0,0.0,0.0
768.5,6846000.0,6846000.0,0.0,0.0
768.55,8429000.0,8429000.0,0.0,0.0
768.6,10400000.0,10400000.0,0.0,0.0
768.65,12790000.0,12790000.0,0.0,0.0
768.7,15660000.0,15660000.0,0.0,0.0
768.75,19050000.0,19050000.0,0.0,0.0
768.8,23000000.0,23000000.0,0.0,0.0
768.85,27550000.0,27550000.0,0.0,0.0
768.9,32730000.0,32730000.0,0.0,0.0
768.95,38580000.0,38580000.0,0.0,0.0
769.0,45080000.0,45080000.0,0.0,0.0
769.05,52250000.0,52250000.0,0.0,0.0
769.1,60050000.0,60050000.0,0.0,0.0
769.15,68440000.0,68440000.0,0.0,0.0
769.2,77340000.0,77340000.0,0.0,0.0
769.25,86670000.0,86670000.0,0.0,0.0
769.3,96310000.0,96310000.0,0.0,0.0
769.35,106100000.0,106100000.0,0.0,0.0
769.4,115900000.0,115900000.0,0.0,0.0
769.45,125600000.0,125600000.0,0.0,0.0
769.5,135000000.0,135000000.0,0.0,0.0
769.55,143800000.0,143800000.0,0.0,0.0
769.6,151900000.0,151900000.0,0.0,0.0
769.65,159100000.0,159100000.0,0.0,0.0
769.7,165200000.0,165200000.0,0.0,0.0
769.75,170200000.0,170200000.0,0.0,0.0
769.8,173800000.0,173800000.0,0.0,0.0
769.85,176000000.0,176000000.0,0.0,0.0
769.9,176800000.0,176800000.0,0.0,0.0
769.95,176000000.0,176000000.0,0.0,0.0
770.0,173800000.0,173800000.0,0.0,0.0
770.05,170200000.0,170200000.0,0.0,0.0
770.1,165200000.0,165200000.0,0.0,0.0
770.15,159100000.0,159100000.0,0.0,0.0
770.2,151900000.0,151900000.0,0.0,0.0
770.25,143800000.0,143800000.0,0.0,0.0
770.3,135000000.0,135000000.0,0.0,0.0
770.35,125600000.0,125600000.0,0.0,0.0
770.4,115900000.0,115900000.0,0.0,0.0
770.45,106100000.0,106100000.0,0.0,0.0
770.5,96310000.0,96310000.0,0.0,0.0
770.55,86670000.0,86670000.0,0.0,0.0
770.6,77340000.0,77340000.0,0.0,0.0
770.65,68440000.0,68440000.0,0.0,0.0
770.7,60050000.0,60050000.0,0.0,0.0
770.75,52250000.0,52250000.0,0.0,0.0
770.8,45080000.0,45080000.0,0.0,0.0
770.85,38560000.0,38560000.0,0.0,0.0
770.9,32710000.0,32710000.0,0.0,0.0
770.95,27520000.0,27520000.0,0.0,0.0
771.0,22950000.0,22950000.0,0.0,0.0
771.05,18990000.0,18990000.0,0.0,0.0
771.1,15570000.0,15570000.0,0.0,0.0
771.15,12660000.0,12660000.0,0.0,0.0
771.2,10210000.0,10210000.0,0.0,0.0
771.25,8168000.0,8168000.0,0.0,0.0
771.3,6477000.0,6477000.0,0.0,0.0
771.35,5093000.0,5093000.0,0.0,0.0
771.4,3971000.0,3971000.0,0.0,0.0
771.45,3070000.0,3070000.0,0.0,0.0
771.5,2354000.0,2354000.0,0.0,0.0
771.55,1789000.0,1789000.0,0.0,0.0
771.6,1349000.0,1349000.0,0.0,0.0
771.65,1008000.0,1008000.0,0.0,0.0
771.7,747300.0,747300.0,0.0,0.0
771.75,549300.0,549300.0,0.0,0.0
771.8,400300.0,400300.0,0.0,0.0
771.85,289300.0,289300.0,0.0,0.0
771.9,207300.0,207300.0,0.0,0.0
771.95,147300.0,147300.0,0.0,0.0
772.0,103800.0,103800.0,0.0,0.0
772.05,72540.0,72540.0,0.0,0.0
772.1,50260.0,50260.0,0.0,0.0
772.15,34530.0,34530.0,0.0,0.0
772.2,23520.0,23520.0,0.0,0.0
772.25,15890.0,15890.0,0.0,0.0
772.3,10640.0,10640.0,0.0,0.0
772.35,7071.0,7071.0,0.0,0.0
772.4,4657.0,4657.0,0.0,0.0
772.45,3042.0,3042.0,0.0,0.0
772.5,1970.0,1970.0,0.0,0.0
772.55,1265.0,1265.0,0.0,0.0
772.6,805.6,805.6,0.0,0.0
772.65,508.7,508.7,0.0,0.0
772.7,318.5,318.5,0.0,0.0
772.75,197.8,197.8,0.0,0.0
772.8,121.8,121.8,0.0,0.0
772.85,74.34,74.34,0.0,0.0
772.9,45.0,45.0,0.0,0.0
772.95,27.01,27.01,0.0,0.0
773.0,16.08,16.08,0.0,0.0
773.05,9.491,9.491,0.0,0.0
773.1,5.555,5.555,0.0,0.0
773.15,3.224,3.224,0.0,0.0
773.2,1.855,1.855,0.0,0.0
773.25,1.059,1.059,0.0,0.0
773.3,0.5992,0.5992,0.0,0.0
773.35,0.3362,0.3362,0.0,0.0
773.4,0.1871,0.1871,0.0,0.0
773.45,0.1032,0.1032,0.0,0.0
773.5,0.05646,0.05646,0.0,0.0
773.55,0.03063,0.03063,0.0,0.0
773.6,0.01648,0.01648,0.0,0.0
773.65,0.00879,0.00879,0.0,0.0
773.7,0.004649,0.004649,0.0,0.0
773.75,0.002439,0.002439,0.0,0.0
773.8,0.001268,0.001268,0.0,0.0
773.85,0.0006541,0.0006541,0.0,0.0
773.9,0.0003345,0.0003345,0.0,0.0
773.95,0.0001696,0.0001696,0.0,0.0
774.0,8.529e-05,8.529e-05,0.0,0.0
774.05,4.253e-05,4.253e-05,0.0,0.0
774.1,2.103e-05,2.103e-05,0.0,0.0
774.15,1.031e-05,1.031e-05,0.0,0.0
774.2,5.012e-06,5.012e-06,0.0,0.0
774.25,2.416e-06,2.416e-06,0.0,0.0
774.3,1.155e-06,1.155e-06,0.0,0.0
774.35,5.475e-07,5.475e-07,0.0,0.0
774.4,2.573e-07,2.573e-07,0.0,0.0
774.45,1.199e-07,1.199e-07,0.0,0.0
774.5,5.543e-08,5.543e-08,0.0,0.0
820.07,2.836e-10,2.836e-10,0.0,0.0
820.12,5.847e-10,5.847e-10,0.0,0.0
820.17,1.197e-09,1.197e-09,0.0,0.0
820.22,2.631e-09,2.631e-09,0.0,0.0
820.27,5.316e-09,5.316e-09,0.0,0.0
820.32,1.066e-08,1.066e-08,0.0,0.0
820.37,2.122e-08,2.122e-08,0.0,0.0
820.42,4.195e-08,4.195e-08,0.0,0.0
820.47,8.23e-08,8.23e-08,0.0,0.0
820.52,1.603e-07,1.603e-07,0.0,0.0
820.57,3.099e-07,3.099e-07,0.0,0.0
820.62,5.949e-07,5.949e-07,0.0,0.0
820.67,1.134e-06,1.134e-06,0.0,0.0
820.72,2.144e-06,2.144e-06,0.0,0.0
820.77,4.026e-06,4.026e-06,0.0,0.0
820.82,7.506e-06,7.506e-06,0.0,0.0
820.87,1.389e-05,1.389e-05,0.0,0.0
820.92,2.552e-05,2.552e-05,0.0,0.0
820.97,4.654e-05,4.654e-05,0.0,0.0
821.02,8.426e-05,8.426e-05,0.0,0.0
821.07,0.0001514,0.0001514,0.0,0.0
821.12,0.0002702,0.0002702,0.0,0.0
821.17,0.0004786,0.0004786,0.0,0.0
821.22,0.0008416,0.0008416,0.0,0.0
821.27,0.001469,0.001469,0.0,0.0
821.32,0.002546,0.002546,0.0,0.0
821.37,0.004379,0.004379,0.0,0.0
821.42,0.007479,0.007479,0.0,0.0
821.47,0.01268,0.01268,0.0,0.0
821.52,0.02134,0.02134,0.0,0.0
821.57,0.03566,0.03566,0.0,0.0
821.62,0.05915,0.05915,0.0,0.0
821.67,0.0974,0.0974,0.0,0.0
821.72,0.1592,0.1592,0.0,0.0
821.77,0.2584,0.2584,0.0,0.0
821.82,0.4163,0.4163,0.0,0.0
821.87,0.6657,0.6657,0.0,0.0
821.92,1.057,1.057,0.0,0.0
821.97,1.666,1.666,0.0,0.0
822.02,2.607,2.607,0.0,0.0
822.07,4.05,4.05,0.0,0.0
822.12,6.245,6.245,0.0,0.0
822.17,9.561,9.561,0.0,0.0
822.22,14.53,14.53,0.0,0.0
822.27,21.93,21.93,0.0,0.0
822.32,32.84,32.84,0.0,0.0
822.37,48.83,48.83,0.0,0.0
822.42,72.09,72.09,0.0,0.0
822.47,105.7,105.7,0.0,0.0
822.52,153.7,153.7,0.0,0.0
822.57,222.0,222.0,0.0,0.0
822.62,318.4,318.4,0.0,0.0
822.67,453.2,453.2,0.0,0.0
822.72,640.4,640.4,0.0,0.0
822.77,898.5,898.5,0.0,0.0
822.82,1251.0,1251.0,0.0,0.0
822.87,1730.0,1730.0,0.0,0.0
822.92,2375.0,2375.0,0.0,0.0
822.97,3237.0,3237.0,0.0,0.0
823.02,4379.0,4379.0,0.0,0.0
823.07,5882.0,5882.0,0.0,0.0
823.12,7843.0,7843.0,0.0,0.0
823.17,10380.0,10380.0,0.0,0.0
823.22,13640.0,13640.0,0.0,0.0
823.27,17800.0,17800.0,0.0,0.0
823.32,23060.0,23060.0,0.0,0.0
823.37,29650.0,29650.0,0.0,0.0
823.42,37850.0,37850.0,0.0,0.0
823.47,47960.0,47960.0,0.0,0.0
823.52,60350.0,60350.0,0.0,0.0
823.57,75380.0,75380.0,0.0,0.0
823.62,93470.0,93470.0,0.0,0.0
823.67,115100.0,115100.0,0.0,0.0
823.72,140600.0,140600.0,0.0,0.0
823.77,170700.0,170700.0,0.0,0.0
823.82,205600.0,205600.0,0.0,0.0
823.87,245900.0,245900.0,0.0,0.0
823.92,291900.0,291900.0,0.0,0.0
823.97,344100.0,344100.0,0.0,0.0
824.02,402600.0,402600.0,0.0,0.0
824.07,467700.0,467700.0,0.0,0.0
824.12,539500.0,539500.0,0.0,0.0
824.17,617700.0,617700.0,0.0,0.0
824.22,702300.0,702300.0,0.0,0.0
824.27,792600.0,792600.0,0.0,0.0
824.32,888000.0,888000.0,0.0,0.0
824.37,987800.0,987800.0,0.0,0.0
824.42,1091000.0,1091000.0,0.0,0.0
824.47,1196000.0,1196000.0,0.0,0.0
824.52,1302000.0,1302000.0,0.0,0.0
824.57,1407000.0,1407000.0,0.0,0.0
824.62,1509000.0,1509000.0,0.0,0.0
824.67,1608000.0,1608000.0,0.0,0.0
824.72,1700000.0,1700000.0,0.0,0.0
824.77,1785000.0,1785000.0,0.0,0.0
824.82,1860000.0,1860000.0,0.0,0.0
824.87,1925000.0,1925000.0,0.0,0.0
824.92,1977000.0,1977000.0,0.0,0.0
824.97,2017000.0,2017000.0,0.0,0.0
825.02,2042000.0,2042000.0,0.0,0.0
825.07,2053000.0,2053000.0,0.0,0.0
825.12,2049000.0,2049000.0,0.0,0.0
825.17,2030000.0,2030000.0,0.0,0.0
825.22,1997000.0,1997000.0,0.0,0.0
825.27,1950000.0,1950000.0,0.0,0.0
825.32,1891000.0,1891000.0,0.0,0.0
825.37,1820000.0,1820000.0,0.0,0.0
825.42,1739000.0,1739000.0,0.0,0.0
825.47,1650000.0,1650000.0,0.0,0.0
825.52,1554000.0,1554000.0,0.0,0.0
825.57,1454000.0,1454000.0,0.0,0.0
825.62,1350000.0,1350000.0,0.0,0.0
825.67,1244000.0,1244000.0,0.0,0.0
825.72,1139000.0,1139000.0,0.0,0.0
825.77,1034000.0,1034000.0,0.0,0.0
825.82,933100.0,933100.0,0.0,0.0
825.87,835600.0,835600.0,0.0,0.0
825.92,742900.0,742900.0,0.0,0.0
825.97,655700.0,655700.0,0.0,0.0
826.02,574600.0,574600.0,0.0,0.0
826.07,499900.0,499900.0,0.0,0.0
826.12,431800.0,431800.0,0.0,0.0
826.17,370300.0,370300.0,0.0,0.0
826.22,315300.0,315300.0,0.0,0.0
826.27,266500.0,266500.0,0.0,0.0
826.32,223600.0,223600.0,0.0,0.0
826.37,186300.0,186300.0,0.0,0.0
826.42,154100.0,154100.0,0.0,0.0
826.47,126500.0,126500.0,0.0,0.0
826.52,103200.0,103200.0,0.0,0.0
826.57,83500.0,83500.0,0.0,0.0
826.62,67090.0,67090.0,0.0,0.0
826.67,53530.0,53530.0,0.0,0.0
826.72,42400.0,42400.0,0.0,0.0
826.77,33340.0,33340.0,0.0,0.0
826.82,26030.0,26030.0,0.0,0.0
826.87,20170.0,20170.0,0.0,0.0
826.92,15520.0,15520.0,0.0,0.0
826.97,11860.0,11860.0,0.0,0.0
827.02,8992.0,8992.0,0.0,0.0
827.07,6771.0,6771.0,0.0,0.0
827.12,5062.0,5062.0,0.0,0.0
827.17,3756.0,3756.0,0.0,0.0
827.22,2768.0,2768.0,0.0,0.0
827.27,2025.0,2025.0,0.0,0.0
827.32,1470.0,1470.0,0.0,0.0
827.37,1060.0,1060.0,0.0,0.0
827.42,758.8,758.8,0.0,0.0
827.47,539.3,539.3,0.0,0.0
827.52,380.5,380.5,0.0,0.0
827.57,266.5,266.5,0.0,0.0
827.62,185.3,185.3,0.0,0.0
827.67,127.9,127.9,0.0,0.0
827.72,87.68,87.68,0.0,0.0
827.77,59.66,59.66,0.0,0.0
827.82,40.3,40.3,0.0,0.0
827.87,27.03,27.03,0.0,0.0
827.92,18.0,18.0,0.0,0.0
827.97,11.9,11.9,0.0,0.0
828.02,7.807,7.807,0.0,0.0
828.07,5.087,5.087,0.0,0.0
828.12,3.29,3.29,0.0,0.0
828.17,2.113,2.113,0.0,0.0
828.22,1.347,1.347,0.0,0.0
828.27,0.8524,0.8524,0.0,0.0
828.32,0.5356,0.5356,0.0,0.0
828.37,0.3341,0.3341,0.0,0.0
828.42,0.2069,0.2069,0.0,0.0
828.47,0.1272,0.1272,0.0,0.0
828.52,0.07764,0.07764,0.0,0.0
828.57,0.04705,0.04705,0.0,0.0
828.62,0.0283,0.0283,0.0,0.0
828.67,0.0169,0.0169,0.0,0.0
828.72,0.01002,0.01002,0.0,0.0
828.77,0.005899,0.005899,0.0,0.0
828.82,0.003447,0.003447,0.0,0.0
828.87,0.002,0.002,0.0,0.0
828.92,0.001152,0.001152,0.0,0.0
828.97,0.0006585,0.0006585,0.0,0.0
829.02,0.0003738,0.0003738,0.0,0.0
829.07,0.0002107,0.0002107,0.0,0.0
829.12,0.0001178,0.0001178,0.0,0.0
829.17,6.545e-05,6.545e-05,0.0,0.0
829.22,3.609e-05,3.609e-05,0.0,0.0
829.27,1.975e-05,1.975e-05,0.0,0.0
829.32,1.073e-05,1.073e-05,0.0,0.0
829.37,5.791e-06,5.791e-06,0.0,0.0
829.42,3.102e-06,3.102e-06,0.0,0.0
829.47,1.649e-06,1.649e-06,0.0,0.0
829.52,8.705e-07,8.705e-07,0.0,0.0
829.57,4.561e-07,4.561e-07,0.0,0.0
829.62,2.373e-07,2.373e-07,0.0,0.0
829.67,1.225e-07,1.225e-07,0.0,0.0
829.72,6.283e-08,6.283e-08,0.0,0.0
829.77,3.198e-08,3.198e-08,0.0,0.0
829.82,1.616e-08,1.616e-08,0.0,0.0
829.87,8.106e-09,8.106e-09,0.0,0.0
829.92,4.037e-09,4.037e-09,0.0,0.0
829.97,1.996e-09,1.996e-09,0.0,0.0
830.02,8.428e-10,8.428e-10,0.0,0.0
830.07,4.119e-10,4.119e-10,0.0,0.0
830.12,1.998e-10,1.998e-10,0.0,0.0
845.22,2.975e-10,2.975e-10,0.0,0.0
845.27,6.018e-10,6.018e-10,0.0,0.0
845.32,1.209e-09,1.209e-09,0.0,0.0
845.37,2.412e-09,2.412e-09,0.0,0.0
845.42,5.102e-09,5.102e-09,0.0,0.0
845.47,1.006e-08,1.006e-08,0.0,0.0
845.52,1.968e-08,1.968e-08,0.0,0.0
845.57,3.826e-08,3.826e-08,0.0,0.0
845.62,7.386e-08,7.386e-08,0.0,0.0
845.67,1.416e-07,1.416e-07,0.0,0.0
845.72,2.697e-07,2.697e-07,0.0,0.0
845.77,5.099e-07,5.099e-07,0.0,0.0
845.82,9.577e-07,9.577e-07,0.0,0.0
845.87,1.786e-06,1.786e-06,0.0,0.0
845.92,3.309e-06,3.309e-06,0.0,0.0
845.97,6.089e-06,6.089e-06,0.0,0.0
846.02,1.113e-05,1.113e-05,0.0,0.0
846.07,2.019e-05,2.019e-05,0.0,0.0
846.12,3.638e-05,3.638e-05,0.0,0.0
846.17,6.512e-05,6.512e-05,0.0,0.0
846.22,0.0001158,0.0001158,0.0,0.0
846.27,0.0002044,0.0002044,0.0,0.0
846.32,0.0003584,0.0003584,0.0,0.0
846.37,0.000624,0.000624,0.0,0.0
846.42,0.001079,0.001079,0.0,0.0
846.47,0.001854,0.001854,0.0,0.0
846.52,0.003162,0.003162,0.0,0.0
846.57,0.005358,0.005358,0.0,0.0
846.62,0.009015,0.009015,0.0,0.0
846.67,0.01506,0.01506,0.0,0.0
846.72,0.025,0.025,0.0,0.0
846.77,0.04121,0.04121,0.0,0.0
846.82,0.06747,0.06747,0.0,0.0
846.87,0.1097,0.1097,0.0,0.0
846.92,0.1771,0.1771,0.0,0.0
846.97,0.2841,0.2841,0.0,0.0
847.02,0.4524,0.4524,0.0,0.0
847.07,0.7157,0.7157,0.0,0.0
847.12,1.124,1.124,0.0,0.0
847.17,1.754,1.754,0.0,0.0
847.22,2.719,2.719,0.0,0.0
847.27,4.185,4.185,0.0,0.0
847.32,6.397,6.397,0.0,0.0
847.37,9.711,9.711,0.0,0.0
847.42,14.64,14.64,0.0,0.0
847.47,21.93,21.93,0.0,0.0
847.52,32.61,32.61,0.0,0.0
847.57,48.17,48.17,0.0,0.0
847.62,70.68,70.68,0.0,0.0
847.67,103.0,103.0,0.0,0.0
847.72,149.0,149.0,0.0,0.0
847.77,214.2,214.2,0.0,0.0
847.82,305.8,305.8,0.0,0.0
847.87,433.5,433.5,0.0,0.0
847.92,610.4,610.4,0.0,0.0
847.97,853.7,853.7,0.0,0.0
848.02,1186.0,1186.0,0.0,0.0
848.07,1636.0,1636.0,0.0,0.0
848.12,2241.0,2241.0,0.0,0.0
848.17,3050.0,3050.0,0.0,0.0
848.22,4122.0,4122.0,0.0,0.0
848.27,5533.0,5533.0,0.0,0.0
848.32,7377.0,7377.0,0.0,0.0
848.37,9769.0,9769.0,0.0,0.0
848.42,12850.0,12850.0,0.0,0.0
848.47,16780.0,16780.0,0.0,0.0
848.52,21770.0,21770.0,0.0,0.0
848.57,28050.0,28050.0,0.0,0.0
848.62,35900.0,35900.0,0.0,0.0
848.67,45630.0,45630.0,0.0,0.0
848.72,57610.0,57610.0,0.0,0.0
848.77,72230.0,72230.0,0.0,0.0
848.82,89950.0,89950.0,0.0,0.0
848.87,111300.0,111300.0,0.0,0.0
848.92,136700.0,136700.0,0.0,0.0
848.97,166800.0,166800.0,0.0,0.0
849.02,202100.0,202100.0,0.0,0.0
849.08,252300.0,252300.0,0.0,0.0
849.13,301200.0,301200.0,0.0,0.0
849.18,357100.0,357100.0,0.0,0.0
849.23,420600.0,420600.0,0.0,0.0
849.28,492000.0,492000.0,0.0,0.0
849.33,571600.0,571600.0,0.0,0.0
849.38,659600.0,659600.0,0.0,0.0
849.43,756000.0,756000.0,0.0,0.0
849.48,860600.0,860600.0,0.0,0.0
849.53,973000.0,973000.0,0.0,0.0
849.58,1093000.0,1093000.0,0.0,0.0
849.63,1219000.0,1219000.0,0.0,0.0
849.68,1350000.0,1350000.0,0.0,0.0
849.73,1486000.0,1486000.0,0.0,0.0
849.78,1624000.0,1624000.0,0.0,0.0
849.83,1762000.0,1762000.0,0.0,0.0
849.88,1900000.0,1900000.0,0.0,0.0
849.93,2035000.0,2035000.0,0.0,0.0
849.98,2164000.0,2164000.0,0.0,0.0
850.03,2286000.0,2286000.0,0.0,0.0
850.08,2399000.0,2399000.0,0.0,0.0
850.13,2500000.0,2500000.0,0.0,0.0
850.18,2588000.0,2588000.0,0.0,0.0
850.23,2661000.0,2661000.0,0.0,0.0
850.28,2717000.0,2717000.0,0.0,0.0
850.33,2756000.0,2756000.0,0.0,0.0
850.38,2777000.0,2777000.0,0.0,0.0
850.43,2778000.0,2778000.0,0.0,0.0
850.48,2761000.0,2761000.0,0.0,0.0
850.53,2726000.0,2726000.0,0.0,0.0
850.58,2673000.0,2673000.0,0.0,0.0
850.63,2603000.0,2603000.0,0.0,0.0
850.68,2518000.0,2518000.0,0.0,0.0
850.73,2419000.0,2419000.0,0.0,0.0
850.78,2308000.0,2308000.0,0.0,0.0
850.83,2188000.0,2188000.0,0.0,0.0
850.88,2060000.0,2060000.0,0.0,0.0
850.93,1926000.0,1926000.0,0.0,0.0
850.98,1789000.0,1789000.0,0.0,0.0
851.03,1650000.0,1650000.0,0.0,0.0
851.08,1512000.0,1512000.0,0.0,0.0
851.13,1376000.0,1376000.0,0.0,0.0
851.18,1244000.0,1244000.0,0.0,0.0
851.23,1116000.0,1116000.0,0.0,0.0
851.28,995600.0,995600.0,0.0,0.0
851.33,881800.0,881800.0,0.0,0.0
851.38,775700.0,775700.0,0.0,0.0
851.43,677800.0,677800.0,0.0,0.0
851.48,588300.0,588300.0,0.0,0.0
851.53,507100.0,507100.0,0.0,0.0
851.58,434200.0,434200.0,0.0,0.0
851.63,369300.0,369300.0,0.0,0.0
851.68,311900.0,311900.0,0.0,0.0
851.73,261700.0,261700.0,0.0,0.0
851.78,218100.0,218100.0,0.0,0.0
851.83,180500.0,180500.0,0.0,0.0
851.88,148400.0,148400.0,0.0,0.0
851.93,121200.0,121200.0,0.0,0.0
851.98,98280.0,98280.0,0.0,0.0
852.03,79170.0,79170.0,0.0,0.0
852.08,63340.0,63340.0,0.0,0.0
852.13,50340.0,50340.0,0.0,0.0
852.18,39730.0,39730.0,0.0,0.0
852.23,31150.0,31150.0,0.0,0.0
852.28,24260.0,24260.0,0.0,0.0
852.33,18760.0,18760.0,0.0,0.0
852.38,14410.0,14410.0,0.0,0.0
852.43,11000.0,11000.0,0.0,0.0
852.48,8335.0,8335.0,0.0,0.0
852.53,6274.0,6274.0,0.0,0.0
852.58,4690.0,4690.0,0.0,0.0
852.63,3483.0,3483.0,0.0,0.0
852.68,2569.0,2569.0,0.0,0.0
852.73,1882.0,1882.0,0.0,0.0
852.78,1369.0,1369.0,0.0,0.0
852.83,989.6,989.6,0.0,0.0
852.88,710.3,710.3,0.0,0.0
852.93,506.4,506.4,0.0,0.0
852.98,358.6,358.6,0.0,0.0
853.03,252.2,252.2,0.0,0.0
853.08,176.2,176.2,0.0,0.0
853.13,122.2,122.2,0.0,0.0
853.18,84.23,84.23,0.0,0.0
853.23,57.65,57.65,0.0,0.0
853.28,39.19,39.19,0.0,0.0
853.33,26.46,26.46,0.0,0.0
853.38,17.75,17.75,0.0,0.0
853.43,11.82,11.82,0.0,0.0
853.48,7.82,7.82,0.0,0.0
853.53,5.138,5.138,0.0,0.0
853.58,3.353,3.353,0.0,0.0
853.63,2.173,2.173,0.0,0.0
853.68,1.399,1.399,0.0,0.0
853.73,0.8947,0.8947,0.0,0.0
853.78,0.5682,0.5682,0.0,0.0
853.83,0.3584,0.3584,0.0,0.0
853.88,0.2245,0.2245,0.0,0.0
853.93,0.1397,0.1397,0.0,0.0
853.98,0.08633,0.08633,0.0,0.0
854.03,0.05299,0.05299,0.0,0.0
854.08,0.0323,0.0323,0.0,0.0
854.13,0.01956,0.01956,0.0,0.0
854.18,0.01176,0.01176,0.0,0.0
854.23,0.007025,0.007025,0.0,0.0
854.28,0.004167,0.004167,0.0,0.0
854.33,0.002455,0.002455,0.0,0.0
854.38,0.001437,0.001437,0.0,0.0
854.43,0.0008349,0.0008349,0.0,0.0
854.48,0.0004819,0.0004819,0.0,0.0
854.53,0.0002763,0.0002763,0.0,0.0
854.58,0.0001573,0.0001573,0.0,0.0
854.63,8.896e-05,8.896e-05,0.0,0.0
854.68,4.996e-05,4.996e-05,0.0,0.0
854.73,2.787e-05,2.787e-05,0.0,0.0
854.78,1.544e-05,1.544e-05,0.0,0.0
854.83,8.497e-06,8.497e-06,0.0,0.0
854.88,4.643e-06,4.643e-06,0.0,0.0
854.93,2.52e-06,2.52e-06,0.0,0.0
854.98,1.359e-06,1.359e-06,0.0,0.0
855.03,7.274e-07,7.274e-07,0.0,0.0
855.08,3.868e-07,3.868e-07,0.0,0.0
855.13,2.043e-07,2.043e-07,0.0,0.0
855.18,1.071e-07,1.071e-07,0.0,0.0
855.23,5.581e-08,5.581e-08,0.0,0.0
855.28,2.888e-08,2.888e-08,0.0,0.0
855.33,1.484e-08,1.484e-08,0.0,0.0
855.38,7.573e-09,7.573e-09,0.0,0.0
855.43,3.838e-09,3.838e-09,0.0,0.0
855.48,1.708e-09,1.708e-09,0.0,0.0
855.53,8.563e-10,8.563e-10,0.0,0.0
855.58,4.263e-10,4.263e-10,0.0,0.0
855.63,2.108e-10,2.108e-10,0.0,0.0
884.89,6.758e-10,6.758e-10,0.0,0.0
884.94,1.32e-09,1.32e-09,0.0,0.0
884.99,2.562e-09,2.562e-09,0.0,0.0
885.04,5.261e-09,5.261e-09,0.0,0.0
885.09,1.01e-08,1.01e-08,0.0,0.0
885.14,1.925e-08,1.925e-08,0.0,0.0
885.19,3.649e-08,3.649e-08,0.0,0.0
885.24,6.872e-08,6.872e-08,0.0,0.0
885.29,1.286e-07,1.286e-07,0.0,0.0
885.34,2.392e-07,2.392e-07,0.0,0.0
885.39,4.421e-07,4.421e-07,0.0,0.0
885.44,8.119e-07,8.119e-07,0.0,0.0
885.49,1.482e-06,1.482e-06,0.0,0.0
885.54,2.688e-06,2.688e-06,0.0,0.0
885.59,4.844e-06,4.844e-06,0.0,0.0
885.64,8.676e-06,8.676e-06,0.0,0.0
885.69,1.544e-05,1.544e-05,0.0,0.0
885.74,2.731e-05,2.731e-05,0.0,0.0
885.79,4.801e-05,4.801e-05,0.0,0.0
885.84,8.385e-05,8.385e-05,0.0,0.0
885.89,0.0001456,0.0001456,0.0,0.0
885.94,0.0002511,0.0002511,0.0,0.0
885.99,0.0004304,0.0004304,0.0,0.0
886.04,0.0007331,0.0007331,0.0,0.0
886.09,0.001241,0.001241,0.0,0.0
886.14,0.002088,0.002088,0.0,0.0
886.19,0.00349,0.00349,0.0,0.0
886.24,0.005798,0.005798,0.0,0.0
886.29,0.009572,0.009572,0.0,0.0
886.34,0.0157,0.0157,0.0,0.0
886.39,0.0256,0.0256,0.0,0.0
886.44,0.04148,0.04148,0.0,0.0
886.49,0.06679,0.06679,0.0,0.0
886.54,0.1069,0.1069,0.0,0.0
886.59,0.1699,0.1699,0.0,0.0
886.64,0.2685,0.2685,0.0,0.0
886.69,0.4216,0.4216,0.0,0.0
886.74,0.658,0.658,0.0,0.0
886.79,1.02,1.02,0.0,0.0
886.84,1.572,1.572,0.0,0.0
886.89,2.408,2.408,0.0,0.0
886.94,3.665,3.665,0.0,0.0
886.99,5.543,5.543,0.0,0.0
887.04,8.332,8.332,0.0,0.0
887.09,12.45,12.45,0.0,0.0
887.14,18.47,18.47,0.0,0.0
887.19,27.25,27.25,0.0,0.0
887.24,39.95,39.95,0.0,0.0
887.29,58.2,58.2,0.0,0.0
887.34,84.26,84.26,0.0,0.0
887.39,121.2,121.2,0.0,0.0
887.44,173.3,173.3,0.0,0.0
887.49,246.3,246.3,0.0,0.0
887.54,347.8,347.8,0.0,0.0
887.59,488.0,488.0,0.0,0.0
887.64,680.5,680.5,0.0,0.0
887.69,943.1,943.1,0.0,0.0
887.74,1299.0,1299.0,0.0,0.0
887.79,1778.0,1778.0,0.0,0.0
887.84,2418.0,2418.0,0.0,0.0
887.89,3269.0,3269.0,0.0,0.0
887.94,4391.0,4391.0,0.0,0.0
887.99,5863.0,5863.0,0.0,0.0
888.04,7778.0,7778.0,0.0,0.0
888.09,10260.0,10260.0,0.0,0.0
888.14,13440.0,13440.0,0.0,0.0
888.19,17500.0,17500.0,0.0,0.0
888.24,22640.0,22640.0,0.0,0.0
888.29,29120.0,29120.0,0.0,0.0
888.34,37220.0,37220.0,0.0,0.0
888.39,47280.0,47280.0,0.0,0.0
888.44,59680.0,59680.0,0.0,0.0
888.49,74860.0,74860.0,0.0,0.0
888.54,93330.0,93330.0,0.0,0.0
888.59,115600.0,115600.0,0.0,0.0
888.64,142400.0,142400.0,0.0,0.0
888.69,174200.0,174200.0,0.0,0.0
888.74,211900.0,211900.0,0.0,0.0
888.79,256100.0,256100.0,0.0,0.0
888.84,307600.0,307600.0,0.0,0.0
888.89,367100.0,367100.0,0.0,0.0
888.94,435500.0,435500.0,0.0,0.0
888.99,513400.0,513400.0,0.0,0.0
889.04,601500.0,601500.0,0.0,0.0
889.09,700400.0,700400.0,0.0,0.0
889.14,810500.0,810500.0,0.0,0.0
889.19,932100.0,932100.0,0.0,0.0
889.24,1065000.0,1065000.0,0.0,0.0
889.29,1210000.0,1210000.0,0.0,0.0
889.34,1366000.0,1366000.0,0.0,0.0
889.39,1532000.0,1532000.0,0.0,0.0
889.44,1708000.0,1708000.0,0.0,0.0
889.49,1893000.0,1893000.0,0.0,0.0
889.54,2084000.0,2084000.0,0.0,0.0
889.59,2281000.0,2281000.0,0.0,0.0
889.64,2481000.0,2481000.0,0.0,0.0
889.69,2682000.0,2682000.0,0.0,0.0
889.74,2881000.0,2881000.0,0.0,0.0
889.79,3076000.0,3076000.0,0.0,0.0
889.84,3263000.0,3263000.0,0.0,0.0
889.89,3441000.0,3441000.0,0.0,0.0
889.94,3606000.0,3606000.0,0.0,0.0
889.99,3756000.0,3756000.0,0.0,0.0
890.04,3888000.0,3888000.0,0.0,0.0
890.09,3999000.0,3999000.0,0.0,0.0
890.14,4089000.0,4089000.0,0.0,0.0
890.19,4154000.0,4154000.0,0.0,0.0
890.24,4195000.0,4195000.0,0.0,0.0
890.29,4210000.0,4210000.0,0.0,0.0
890.34,4199000.0,4199000.0,0.0,0.0
890.39,4162000.0,4162000.0,0.0,0.0
890.44,4100000.0,4100000.0,0.0,0.0
890.49,4014000.0,4014000.0,0.0,0.0
890.54,3906000.0,3906000.0,0.0,0.0
890.59,3777000.0,3777000.0,0.0,0.0
890.64,3630000.0,3630000.0,0.0,0.0
890.69,3467000.0,3467000.0,0.0,0.0
890.74,3291000.0,3291000.0,0.0,0.0
890.79,3105000.0,3105000.0,0.0,0.0
890.84,2911000.0,2911000.0,0.0,0.0
890.89,2713000.0,2713000.0,0.0,0.0
890.94,2512000.0,2512000.0,0.0,0.0
890.99,2312000.0,2312000.0,0.0,0.0
891.04,2115000.0,2115000.0,0.0,0.0
891.09,1923000.0,1923000.0,0.0,0.0
891.14,1737000.0,1737000.0,0.0,0.0
891.19,1560000.0,1560000.0,0.0,0.0
891.24,1392000.0,1392000.0,0.0,0.0
891.29,1234000.0,1234000.0,0.0,0.0
891.34,1088000.0,1088000.0,0.0,0.0
891.39,953000.0,953000.0,0.0,0.0
891.44,829700.0,829700.0,0.0,0.0
891.49,717900.0,717900.0,0.0,0.0
891.54,617300.0,617300.0,0.0,0.0
891.59,527500.0,527500.0,0.0,0.0
891.64,448100.0,448100.0,0.0,0.0
891.69,378200.0,378200.0,0.0,0.0
891.74,317300.0,317300.0,0.0,0.0
891.79,264500.0,264500.0,0.0,0.0
891.84,219200.0,219200.0,0.0,0.0
891.89,180500.0,180500.0,0.0,0.0
891.94,147700.0,147700.0,0.0,0.0
891.99,120100.0,120100.0,0.0,0.0
892.04,97120.0,97120.0,0.0,0.0
892.09,78030.0,78030.0,0.0,0.0
892.14,62300.0,62300.0,0.0,0.0
892.19,49430.0,49430.0,0.0,0.0
892.24,38980.0,38980.0,0.0,0.0
892.29,30550.0,30550.0,0.0,0.0
892.34,23800.0,23800.0,0.0,0.0
892.39,18420.0,18420.0,0.0,0.0
892.44,14170.0,14170.0,0.0,0.0
892.49,10840.0,10840.0,0.0,0.0
892.54,8234.0,8234.0,0.0,0.0
892.59,6218.0,6218.0,0.0,0.0
892.64,4667.0,4667.0,0.0,0.0
892.69,3481.0,3481.0,0.0,0.0
892.74,2580.0,2580.0,0.0,0.0
892.79,1901.0,1901.0,0.0,0.0
892.84,1392.0,1392.0,0.0,0.0
892.89,1013.0,1013.0,0.0,0.0
892.94,732.2,732.2,0.0,0.0
892.99,526.2,526.2,0.0,0.0
893.04,375.8,375.8,0.0,0.0
893.09,266.8,266.8,0.0,0.0
893.14,188.2,188.2,0.0,0.0
893.19,131.9,131.9,0.0,0.0
893.24,91.92,91.92,0.0,0.0
893.29,63.65,63.65,0.0,0.0
893.34,43.8,43.8,0.0,0.0
893.39,29.95,29.95,0.0,0.0
893.44,20.36,20.36,0.0,0.0
893.49,13.75,13.75,0.0,0.0
893.54,9.23,9.23,0.0,0.0
893.59,6.157,6.157,0.0,0.0
893.64,4.082,4.082,0.0,0.0
893.69,2.689,2.689,0.0,0.0
893.74,1.761,1.761,0.0,0.0
893.79,1.146,1.146,0.0,0.0
893.84,0.7411,0.7411,0.0,0.0
893.89,0.4763,0.4763,0.0,0.0
893.94,0.3042,0.3042,0.0,0.0
893.99,0.1931,0.1931,0.0,0.0
894.04,0.1218,0.1218,0.0,0.0
894.09,0.07636,0.07636,0.0,0.0
894.14,0.04757,0.04757,0.0,0.0
894.19,0.02945,0.02945,0.0,0.0
894.24,0.01812,0.01812,0.0,0.0
894.29,0.01108,0.01108,0.0,0.0
894.34,0.006734,0.006734,0.0,0.0
894.39,0.004067,0.004067,0.0,0.0
894.44,0.002441,0.002441,0.0,0.0
894.49,0.001456,0.001456,0.0,0.0
894.54,0.0008629,0.0008629,0.0,0.0
894.59,0.0005083,0.0005083,0.0,0.0
894.64,0.0002975,0.0002975,0.0,0.0
894.69,0.0001731,0.0001731,0.0,0.0
894.74,0.0001001,0.0001001,0.0,0.0
894.79,5.75e-05,5.75e-05,0.0,0.0
894.84,3.283e-05,3.283e-05,0.0,0.0
894.89,1.863e-05,1.863e-05,0.0,0.0
894.94,1.05e-05,1.05e-05,0.0,0.0
894.99,5.886e-06,5.886e-06,0.0,0.0
895.04,3.278e-06,3.278e-06,0.0,0.0
895.09,1.814e-06,1.814e-06,0.0,0.0
895.14,9.977e-07,9.977e-07,0.0,0.0
895.19,5.453e-07,5.453e-07,0.0,0.0
895.24,2.962e-07,2.962e-07,0.0,0.0
895.29,1.599e-07,1.599e-07,0.0,0.0
895.34,8.576e-08,8.576e-08,0.0,0.0
895.39,4.571e-08,4.571e-08,0.0,0.0
895.44,2.422e-08,2.422e-08,0.0,0.0
895.49,1.275e-08,1.275e-08,0.0,0.0
895.54,6.67e-09,6.67e-09,0.0,0.0
895.59,3.074e-09,3.074e-09,0.0,0.0
895.64,1.592e-09,1.592e-09,0.0,0.0
895.69,8.196e-10,8.196e-10,0.0,0.0
895.74,4.192e-10,4.192e-10,0.0,0.0
953.81,8.989e-10,8.989e-10,0.0,0.0
953.86,1.676e-09,1.676e-09,0.0,0.0
953.91,3.107e-09,3.107e-09,0.0,0.0
953.96,5.73e-09,5.73e-09,0.0,0.0
954.01,1.107e-08,1.107e-08,0.0,0.0
954.06,2.022e-08,2.022e-08,0.0,0.0
954.11,3.673e-08,3.673e-08,0.0,0.0
954.16,6.635e-08,6.635e-08,0.0,0.0
954.21,1.192e-07,1.192e-07,0.0,0.0
954.26,2.131e-07,2.131e-07,0.0,0.0
954.31,3.788e-07,3.788e-07,0.0,0.0
954.36,6.697e-07,6.697e-07,0.0,0.0
954.41,1.178e-06,1.178e-06,0.0,0.0
954.46,2.06e-06,2.06e-06,0.0,0.0
954.51,3.583e-06,3.583e-06,0.0,0.0
954.56,6.199e-06,6.199e-06,0.0,0.0
954.61,1.067e-05,1.067e-05,0.0,0.0
954.66,1.826e-05,1.826e-05,0.0,0.0
954.71,3.109e-05,3.109e-05,0.0,0.0
954.76,5.264e-05,5.264e-05,0.0,0.0
954.81,8.866e-05,8.866e-05,0.0,0.0
954.86,0.0001485,0.0001485,0.0,0.0
954.91,0.0002474,0.0002474,0.0,0.0
954.96,0.00041,0.00041,0.0,0.0
955.01,0.0006758,0.0006758,0.0,0.0
955.06,0.001108,0.001108,0.0,0.0
955.11,0.001806,0.001806,0.0,0.0
955.16,0.002929,0.002929,0.0,0.0
955.21,0.004725,0.004725,0.0,0.0
955.26,0.007581,0.007581,0.0,0.0
955.31,0.0121,0.0121,0.0,0.0
955.36,0.0192,0.0192,0.0,0.0
955.41,0.03031,0.03031,0.0,0.0
955.46,0.04759,0.04759,0.0,0.0
955.51,0.07432,0.07432,0.0,0.0
955.56,0.1154,0.1154,0.0,0.0
955.61,0.1784,0.1784,0.0,0.0
955.66,0.2741,0.2741,0.0,0.0
955.71,0.4189,0.4189,0.0,0.0
955.76,0.6368,0.6368,0.0,0.0
955.81,0.9629,0.9629,0.0,0.0
955.86,1.448,1.448,0.0,0.0
955.91,2.166,2.166,0.0,0.0
955.96,3.223,3.223,0.0,0.0
956.01,4.77,4.77,0.0,0.0
956.06,7.021,7.021,0.0,0.0
956.11,10.28,10.28,0.0,0.0
956.16,14.97,14.97,0.0,0.0
956.21,21.68,21.68,0.0,0.0
956.26,31.23,31.23,0.0,0.0
956.31,44.75,44.75,0.0,0.0
956.36,63.78,63.78,0.0,0.0
956.41,90.42,90.42,0.0,0.0
956.46,127.5,127.5,0.0,0.0
956.51,178.8,178.8,0.0,0.0
956.56,249.4,249.4,0.0,0.0
956.61,346.1,346.1,0.0,0.0
956.66,477.6,477.6,0.0,0.0
956.71,655.6,655.6,0.0,0.0
956.76,895.1,895.1,0.0,0.0
956.81,1216.0,1216.0,0.0,0.0
956.86,1642.0,1642.0,0.0,0.0
956.91,2206.0,2206.0,0.0,0.0
956.96,2948.0,2948.0,0.0,0.0
957.01,3919.0,3919.0,0.0,0.0
957.06,5181.0,5181.0,0.0,0.0
957.11,6814.0,6814.0,0.0,0.0
957.16,8913.0,8913.0,0.0,0.0
957.21,11600.0,11600.0,0.0,0.0
957.26,15010.0,15010.0,0.0,0.0
957.31,19320.0,19320.0,0.0,0.0
957.36,24730.0,24730.0,0.0,0.0
957.41,31500.0,31500.0,0.0,0.0
957.46,39900.0,39900.0,0.0,0.0
957.51,50270.0,50270.0,0.0,0.0
957.56,63000.0,63000.0,0.0,0.0
957.61,78530.0,78530.0,0.0,0.0
957.66,97370.0,97370.0,0.0,0.0
957.71,120100.0,120100.0,0.0,0.0
957.76,147300.0,147300.0,0.0,0.0
957.81,179800.0,179800.0,0.0,0.0
957.86,218200.0,218200.0,0.0,0.0
957.91,263400.0,263400.0,0.0,0.0
957.96,316300.0,316300.0,0.0,0.0
958.01,377800.0,377800.0,0.0,0.0
958.06,448900.0,448900.0,0.0,0.0
958.11,530500.0,530500.0,0.0,0.0
958.16,623600.0,623600.0,0.0,0.0
958.21,729100.0,729100.0,0.0,0.0
958.26,848000.0,848000.0,0.0,0.0
958.31,981000.0,981000.0,0.0,0.0
958.36,1129000.0,1129000.0,0.0,0.0
958.41,1292000.0,1292000.0,0.0,0.0
958.46,1471000.0,1471000.0,0.0,0.0
958.51,1666000.0,1666000.0,0.0,0.0
958.56,1877000.0,1877000.0,0.0,0.0
958.61,2103000.0,2103000.0,0.0,0.0
958.66,2343000.0,2343000.0,0.0,0.0
958.71,2598000.0,2598000.0,0.0,0.0
958.76,2865000.0,2865000.0,0.0,0.0
958.81,3142000.0,3142000.0,0.0,0.0
958.86,3429000.0,3429000.0,0.0,0.0
958.91,3721000.0,3721000.0,0.0,0.0
958.96,4017000.0,4017000.0,0.0,0.0
959.01,4313000.0,4313000.0,0.0,0.0
959.06,4607000.0,4607000.0,0.0,0.0
959.11,4895000.0,4895000.0,0.0,0.0
959.16,5173000.0,5173000.0,0.0,0.0
959.21,5438000.0,5438000.0,0.0,0.0
959.26,5687000.0,5687000.0,0.0,0.0
959.31,5915000.0,5915000.0,0.0,0.0
959.36,6120000.0,6120000.0,0.0,0.0
959.41,6298000.0,6298000.0,0.0,0.0
959.46,6447000.0,6447000.0,0.0,0.0
959.51,6565000.0,6565000.0,0.0,0.0
959.56,6650000.0,6650000.0,0.0,0.0
959.61,6700000.0,6700000.0,0.0,0.0
959.66,6715000.0,6715000.0,0.0,0.0
959.71,6694000.0,6694000.0,0.0,0.0
959.76,6638000.0,6638000.0,0.0,0.0
959.81,6548000.0,6548000.0,0.0,0.0
959.86,6424000.0,6424000.0,0.0,0.0
959.91,6270000.0,6270000.0,0.0,0.0
959.96,6087000.0,6087000.0,0.0,0.0
960.01,5878000.0,5878000.0,0.0,0.0
960.06,5647000.0,5647000.0,0.0,0.0
960.11,5395000.0,5395000.0,0.0,0.0
960.16,5128000.0,5128000.0,0.0,0.0
960.21,4848000.0,4848000.0,0.0,0.0
960.26,4560000.0,4560000.0,0.0,0.0
960.31,4265000.0,4265000.0,0.0,0.0
960.36,3969000.0,3969000.0,0.0,0.0
960.41,3674000.0,3674000.0,0.0,0.0
960.46,3382000.0,3382000.0,0.0,0.0
960.51,3098000.0,3098000.0,0.0,0.0
960.56,2822000.0,2822000.0,0.0,0.0
960.61,2557000.0,2557000.0,0.0,0.0
960.66,2305000.0,2305000.0,0.0,0.0
960.71,2067000.0,2067000.0,0.0,0.0
960.76,1844000.0,1844000.0,0.0,0.0
960.81,1636000.0,1636000.0,0.0,0.0
960.86,1443000.0,1443000.0,0.0,0.0
960.91,1267000.0,1267000.0,0.0,0.0
960.96,1106000.0,1106000.0,0.0,0.0
961.01,961000.0,961000.0,0.0,0.0
961.06,830300.0,830300.0,0.0,0.0
961.11,713600.0,713600.0,0.0,0.0
961.16,610000.0,610000.0,0.0,0.0
961.21,518800.0,518800.0,0.0,0.0
961.26,438800.0,438800.0,0.0,0.0
961.31,369200.0,369200.0,0.0,0.0
961.36,309000.0,309000.0,0.0,0.0
961.41,257200.0,257200.0,0.0,0.0
961.46,213000.0,213000.0,0.0,0.0
961.51,175500.0,175500.0,0.0,0.0
961.56,143800.0,143800.0,0.0,0.0
961.61,117200.0,117200.0,0.0,0.0
961.66,95010.0,95010.0,0.0,0.0
961.71,76620.0,76620.0,0.0,0.0
961.76,61460.0,61460.0,0.0,0.0
961.81,49040.0,49040.0,0.0,0.0
961.86,38920.0,38920.0,0.0,0.0
961.91,30730.0,30730.0,0.0,0.0
961.96,24130.0,24130.0,0.0,0.0
962.01,18850.0,18850.0,0.0,0.0
962.06,14650.0,14650.0,0.0,0.0
962.11,11320.0,11320.0,0.0,0.0
962.16,8703.0,8703.0,0.0,0.0
962.21,6655.0,6655.0,0.0,0.0
962.26,5062.0,5062.0,0.0,0.0
962.31,3830.0,3830.0,0.0,0.0
962.36,2883.0,2883.0,0.0,0.0
962.41,2158.0,2158.0,0.0,0.0
962.46,1607.0,1607.0,0.0,0.0
962.51,1190.0,1190.0,0.0,0.0
962.56,877.0,877.0,0.0,0.0
962.61,642.7,642.7,0.0,0.0
962.66,468.5,468.5,0.0,0.0
962.71,339.7,339.7,0.0,0.0
962.76,245.0,245.0,0.0,0.0
962.81,175.8,175.8,0.0,0.0
962.86,125.4,125.4,0.0,0.0
962.91,89.03,89.03,0.0,0.0
962.96,62.86,62.86,0.0,0.0
963.01,44.14,44.14,0.0,0.0
963.06,30.84,30.84,0.0,0.0
963.11,21.43,21.43,0.0,0.0
963.16,14.81,14.81,0.0,0.0
963.21,10.18,10.18,0.0,0.0
963.26,6.961,6.961,0.0,0.0
963.31,4.734,4.734,0.0,0.0
963.36,3.203,3.203,0.0,0.0
963.41,2.155,2.155,0.0,0.0
963.46,1.443,1.443,0.0,0.0
963.51,0.9605,0.9605,0.0,0.0
963.56,0.6361,0.6361,0.0,0.0
963.61,0.419,0.419,0.0,0.0
963.66,0.2745,0.2745,0.0,0.0
963.71,0.1789,0.1789,0.0,0.0
963.76,0.116,0.116,0.0,0.0
963.81,0.07476,0.07476,0.0,0.0
963.86,0.04795,0.04795,0.0,0.0
963.91,0.03058,0.03058,0.0,0.0
963.96,0.01941,0.01941,0.0,0.0
964.01,0.01225,0.01225,0.0,0.0
964.06,0.007687,0.007687,0.0,0.0
964.11,0.0048,0.0048,0.0,0.0
964.16,0.002981,0.002981,0.0,0.0
964.21,0.001841,0.001841,0.0,0.0
964.26,0.001131,0.001131,0.0,0.0
964.31,0.0006914,0.0006914,0.0,0.0
964.36,0.0004203,0.0004203,0.0,0.0
964.41,0.0002541,0.0002541,0.0,0.0
964.46,0.0001528,0.0001528,0.0,0.0
964.51,9.14e-05,9.14e-05,0.0,0.0
964.56,5.438e-05,5.438e-05,0.0,0.0
964.61,3.218e-05,3.218e-05,0.0,0.0
964.66,1.894e-05,1.894e-05,0.0,0.0
964.71,1.109e-05,1.109e-05,0.0,0.0
964.76,6.457e-06,6.457e-06,0.0,0.0
964.81,3.74e-06,3.74e-06,0.0,0.0
964.86,2.155e-06,2.155e-06,0.0,0.0
964.91,1.235e-06,1.235e-06,0.0,0.0
964.96,7.036e-07,7.036e-07,0.0,0.0
965.01,3.989e-07,3.989e-07,0.0,0.0
965.06,2.249e-07,2.249e-07,0.0,0.0
965.11,1.261e-07,1.261e-07,0.0,0.0
965.16,7.036e-08,7.036e-08,0.0,0.0
965.21,3.903e-08,3.903e-08,0.0,0.0
965.26,2.154e-08,2.154e-08,0.0,0.0
965.31,1.182e-08,1.182e-08,0.0,0.0
965.36,5.838e-09,5.838e-09,0.0,0.0
965.41,3.177e-09,3.177e-09,0.0,0.0
965.46,1.719e-09,1.719e-09,0.0,0.0
965.51,9.256e-10,9.256e-10,0.0,0.0
965.56,4.956e-10,4.956e-10,0.0,0.0
