Wavelength (nm),Intensity
200.0,0.0
200.1,0.0
200.2,0.0
200.29999999999998,0.0
200.39999999999998,0.0
200.49999999999997,0.0
200.59999999999997,0.0
200.69999999999996,0.0
200.79999999999995,0.0
200.89999999999995,0.0
200.99999999999994,0.0
201.09999999999994,0.0
201.19999999999993,0.0
201.29999999999993,0.0
201.39999999999992,0.0
201.49999999999991,0.0
201.5999999999999,0.0
201.6999999999999,295637.64932839
201.7999999999999,30618635.655814998
201.8999999999999,815893792.6500628
201.9999999999999,5610395511.186188
202.09999999999988,10508517481.34745
202.19999999999987,10005831461.52214
202.29999999999987,12637506941.499619
202.39999999999986,6856574568.684424
202.49999999999986,996693798.2633754
202.59999999999985,49026688.38720509
202.69999999999985,374270555.89963365
202.79999999999984,3983779421.644445
202.89999999999984,16965763748.652397
202.99999999999983,27764771759.84256
203.09999999999982,14386092033.990566
203.19999999999982,2178510599.238834
203.2999999999998,2629395052.7527695
203.3999999999998,25402112633.57167
203.4999999999998,69999286539.86415
203.5999999999998,59117512838.78159
203.6999999999998,25896903972.29522
203.79999999999978,8547062392.938882
203.89999999999978,1084644585.1792474
203.99999999999977,38151202.45944298
204.09999999999977,734741.0498987923
204.19999999999976,57509140.07836998
204.29999999999976,2316159573.7475915
204.39999999999975,24780339550.80383
204.49999999999974,70429272301.6808
204.59999999999974,53174855902.060165
204.69999999999973,10665141322.35848
204.79999999999973,568242980.8829281
204.89999999999972,10030223.485055707
204.99999999999972,115915719.14673406
205.0999999999997,1812990852.500689
205.1999999999997,7604040007.514274
205.2999999999997,8555145215.561267
205.3999999999997,2707750389.7202263
205.4999999999997,1897482307.1973038
205.59999999999968,7334941250.361313
205.69999999999968,16179108402.818441
205.79999999999967,22421387817.112957
205.89999999999966,14616915140.560009
205.99999999999966,3536279824.161047
206.09999999999965,269995971.28384876
206.19999999999965,5919137.068597309
206.29999999999964,0.0
206.39999999999964,0.0
206.49999999999963,0.0
206.59999999999962,0.0
206.69999999999962,0.0
206.7999999999996,0.0
206.8999999999996,0.0
206.9999999999996,0.0
207.0999999999996,0.0
207.1999999999996,0.0
207.29999999999959,10270320.380097227
207.39999999999958,534930619.669525
207.49999999999957,8377633762.085396
207.59999999999957,41181476210.168144
207.69999999999956,74278777602.45303
207.79999999999956,86279571560.05472
207.89999999999955,76113131825.8162
207.99999999999955,29682324654.40407
208.09999999999954,38838544664.453255
208.19999999999953,95456295622.61002
208.29999999999953,79206429560.72755
208.39999999999952,32857310998.754005
208.49999999999952,17012887919.51598
208.5999999999995,6412051201.63842
208.6999999999995,5467660742.439994
208.7999999999995,23025556951.431427
208.8999999999995,40047012248.55469
208.9999999999995,32311610115.097168
209.09999999999948,14037666842.441994
209.19999999999948,6686310853.080553
209.29999999999947,2800342546.6878986
209.39999999999947,397428431.7639627
209.49999999999946,16110174.317140473
209.59999999999945,184136.99607250333
209.69999999999945,0.0
209.79999999999944,6685533.901069189
209.89999999999944,340371275.0165434
209.99999999999943,4937765978.298494
210.09999999999943,20411217001.350327
210.19999999999942,24041861569.95871
210.29999999999941,8069155408.589873
210.3999999999994,771700644.4507195
210.4999999999994,21029572.362185128
210.5999999999994,323857.9222794882
210.6999999999994,18293202.565028094
210.7999999999994,600022201.8551388
210.89999999999938,5666019535.335596
210.99999999999937,15403785048.517565
211.09999999999937,12074096066.870384
211.19999999999936,3211394534.634454
211.29999999999936,4065629384.1158233
211.39999999999935,8843409817.563679
211.49999999999935,5810824160.709752
211.59999999999934,1104644828.5679731
211.69999999999933,60731343.977515325
211.79999999999933,965624.8168901397
211.89999999999932,0.0
211.99999999999932,0.0
212.0999999999993,0.0
212.1999999999993,0.0
212.2999999999993,0.0
212.3999999999993,0.0
212.4999999999993,295391.65647978144
212.59999999999928,27248875.533959124
212.69999999999928,739842574.7386615
212.79999999999927,5922416499.490613
212.89999999999927,14375419501.981596
212.99999999999926,15679124750.843662
213.09999999999926,27162166579.86051
213.19999999999925,34820813192.959305
213.29999999999924,15612180964.098694
213.39999999999924,2230642267.956949
213.49999999999923,98514591.74028455
213.59999999999923,1279708.0438118586
213.69999999999922,380510.1405371606
213.79999999999922,43370544.833814055
213.8999999999992,1479443906.9536967
213.9999999999992,15103902808.999302
214.0999999999992,46157138204.20837
214.1999999999992,42540076303.501526
214.2999999999992,16326976777.37294
214.39999999999918,21322049808.1423
214.49999999999918,27739655953.206696
214.59999999999917,19949953711.021362
214.69999999999916,16875572034.558138
214.79999999999916,7387818308.734793
214.89999999999915,1029698013.9954948
214.99999999999915,43283363.113931544
215.09999999999914,546503.2347659625
215.19999999999914,0.0
215.29999999999913,208934.46172174485
215.39999999999912,14060027.267716132
215.49999999999912,287573836.78219455
215.5999999999991,1800332024.1611443
215.6999999999991,3723131415.818403
215.7999999999991,4243412819.9614534
215.8999999999991,4849800324.650804
215.9999999999991,2700268757.163694
216.09999999999908,807937048.871165
216.19999999999908,4030399931.5842185
216.29999999999907,15064632659.194818
216.39999999999907,17336399422.529453
216.49999999999906,6102779964.964007
216.59999999999906,657131422.2704166
216.69999999999905,21643748.183063213
216.79999999999905,218056.19304209668
216.89999999999904,0.0
216.99999999999903,0.0
217.09999999999903,0.0
217.19999999999902,0.0
217.29999999999902,0.0
217.399999999999,0.0
217.499999999999,0.0
217.599999999999,3858269.3616649816
217.699999999999,153487700.55549368
217.799999999999,1900433639.4808319
217.89999999999898,7323689652.608056
217.99999999999898,8784261369.492685
218.09999999999897,3279281207.393011
218.19999999999897,381022098.6822876
218.29999999999896,13779065.455295408
218.39999999999895,155091.306806177
218.49999999999895,54326.6475924971
218.59999999999894,5872229.915844564
218.69999999999894,199646429.5466262
218.79999999999893,2134953379.3298895
218.89999999999893,7180977988.9547
218.99999999999892,7597087821.298757
219.09999999999891,2528011525.9289737
219.1999999999989,264593581.05034474
219.2999999999989,8710596.775910744
219.3999999999989,90195.49945794132
219.4999999999989,0.0
219.5999999999989,0.0
219.69999999999888,2895501.026166053
219.79999999999887,111693320.73208322
219.89999999999887,1371110487.769401
219.99999999999886,5356233143.045737
220.09999999999886,6658681805.614675
220.19999999999885,2634261116.666299
220.29999999999885,331643241.1072441
220.39999999999884,13286948.449124664
220.49999999999883,169403.00860287322
220.59999999999883,0.0
220.69999999999882,0.0
220.79999999999882,0.0
220.8999999999988,0.0
220.9999999999988,0.0
221.0999999999988,0.0
221.1999999999988,0.0
221.2999999999988,0.0
221.39999999999878,0.0
221.49999999999878,0.0
221.59999999999877,0.0
221.69999999999877,0.0
221.79999999999876,0.0
221.89999999999876,0.0
221.99999999999875,0.0
222.09999999999874,0.0
222.19999999999874,0.0
222.29999999999873,0.0
222.39999999999873,0.0
222.49999999999872,0.0
222.59999999999872,0.0
222.6999999999987,0.0
222.7999999999987,0.0
222.8999999999987,0.0
222.9999999999987,0.0
223.0999999999987,0.0
223.19999999999868,0.0
223.29999999999868,0.0
223.39999999999867,0.0
223.49999999999866,0.0
223.59999999999866,0.0
223.69999999999865,0.0
223.79999999999865,0.0
223.89999999999864,0.0
223.99999999999864,0.0
224.09999999999863,0.0
224.19999999999862,0.0
224.29999999999862,0.0
224.3999999999986,0.0
224.4999999999986,0.0
224.5999999999986,0.0
224.6999999999986,0.0
224.7999999999986,0.0
224.89999999999858,0.0
224.99999999999858,0.0
225.09999999999857,0.0
225.19999999999857,0.0
225.29999999999856,0.0
225.39999999999856,0.0
225.49999999999855,0.0
225.59999999999854,0.0
225.69999999999854,0.0
225.79999999999853,0.0
225.89999999999853,0.0
225.99999999999852,0.0
226.09999999999852,0.0
226.1999999999985,0.0
226.2999999999985,0.0
226.3999999999985,0.0
226.4999999999985,0.0
226.5999999999985,0.0
226.69999999999848,0.0
226.79999999999848,0.0
226.89999999999847,0.0
226.99999999999847,0.0
227.09999999999846,0.0
227.19999999999845,0.0
227.29999999999845,0.0
227.39999999999844,0.0
227.49999999999844,0.0
227.59999999999843,0.0
227.69999999999843,0.0
227.79999999999842,0.0
227.8999999999984,0.0
227.9999999999984,1813242.0464436782
228.0999999999984,69501326.59298411
228.1999999999984,920148073.5188167
228.2999999999984,4207747418.23703
228.39999999999839,6646131304.551552
228.49999999999838,3625897193.122754
228.59999999999837,683265305.8788861
228.69999999999837,44622913.9653816
228.79999999999836,9967217.598676063
228.89999999999836,185813321.50203842
228.99999999999835,1339082945.3904183
229.09999999999835,3356283428.764925
229.19999999999834,2925703396.899314
229.29999999999833,886997673.5245897
229.39999999999833,93665680.28594571
229.49999999999832,13064869.058592265
229.59999999999832,233736752.17879316
229.6999999999983,1984327309.0983438
229.7999999999983,5898719500.611419
229.8999999999983,6138736962.0665
229.9999999999983,2236542468.2013764
230.0999999999983,285267382.95545226
230.19999999999828,12738078.799460674
230.29999999999828,199128.1178582105
230.39999999999827,0.0
230.49999999999827,0.0
230.59999999999826,0.0
230.69999999999825,0.0
230.79999999999825,0.0
230.89999999999824,0.0
230.99999999999824,0.0
231.09999999999823,0.0
231.19999999999823,14810.292701229386
231.29999999999822,1359822.3663112288
231.39999999999822,44439011.27309836
231.4999999999982,516904442.1828156
231.5999999999982,2140029747.351838
231.6999999999982,3153501379.0939417
231.7999999999982,1653978688.5068254
231.8999999999982,308766704.5595876
231.99999999999818,20516094.22618452
232.09999999999818,485201.99351599894
232.19999999999817,0.0
232.29999999999816,0.0
232.39999999999816,0.0
232.49999999999815,0.0
232.59999999999815,0.0
232.69999999999814,0.0
232.79999999999814,0.0
232.89999999999813,0.0
232.99999999999812,54486.43416094766
233.09999999999812,4009817.2410818427
233.1999999999981,106698505.23615758
233.2999999999981,1026572570.8034574
233.3999999999981,3571235919.5493784
233.4999999999981,4492054227.331358
233.5999999999981,2043262689.5648928
233.69999999999808,351944115.9523779
233.79999999999808,377408246.3377868
233.89999999999807,2905543364.5900235
233.99999999999807,8580920385.103684
234.09999999999806,9210978912.568455
234.19999999999806,3593179480.7787313
234.29999999999805,509393315.0081316
234.39999999999804,26243924.454172865
234.49999999999804,491366.4772150998
234.59999999999803,0.0
234.69999999999803,0.0
234.79999999999802,0.0
234.89999999999802,0.0
234.999999999998,0.0
235.099999999998,0.0
235.199999999998,0.0
235.299999999998,0.0
235.399999999998,0.0
235.49999999999798,100724.93290522083
235.59999999999798,6281860.835351847
235.69999999999797,144717564.1464726
235.79999999999797,1231503882.8333955
235.89999999999796,3871078119.3865614
235.99999999999795,4494792984.092947
236.09999999999795,1927831453.101714
236.19999999999794,305428836.35090965
236.29999999999794,17874447.313673697
236.39999999999793,386399.73084906064
236.49999999999793,0.0
236.59999999999792,638560.0507147253
236.6999999999979,27980341.758314293
236.7999999999979,456956343.0928273
236.8999999999979,2781421653.4250803
236.9999999999979,6310000273.296849
237.0999999999979,5335343070.267726
237.19999999999789,1681379501.5008564
237.29999999999788,197487481.79166758
237.39999999999787,8645374.710202944
237.49999999999787,141058.25150874152
237.59999999999786,0.0
237.69999999999786,0.0
237.79999999999785,0.0
237.89999999999785,0.0
237.99999999999784,0.0
238.09999999999783,0.0
238.19999999999783,0.0
238.29999999999782,0.0
238.39999999999782,0.0
238.4999999999978,0.0
238.5999999999978,0.0
238.6999999999978,0.0
238.7999999999978,0.0
238.8999999999978,0.0
238.99999999999778,0.0
239.09999999999778,0.0
239.19999999999777,0.0
239.29999999999777,0.0
239.39999999999776,0.0
239.49999999999775,0.0
239.59999999999775,0.0
239.69999999999774,0.0
239.79999999999774,0.0
239.89999999999773,405280.8164311503
239.99999999999773,16018947.383806517
240.09999999999772,242422260.07271504
240.19999999999771,1404661276.4637065
240.2999999999977,3116243011.453081
240.3999999999977,2646985842.2752776
240.4999999999977,860859968.1068114
240.5999999999977,107194869.56523553
240.6999999999977,5110649.311111303
240.79999999999768,93290.78665801807
240.89999999999768,0.0
240.99999999999767,0.0
241.09999999999766,0.0
241.19999999999766,0.0
241.29999999999765,0.0
241.39999999999765,0.0
241.49999999999764,0.0
241.59999999999764,0.0
241.69999999999763,0.0
241.79999999999762,0.0
241.89999999999762,0.0
241.9999999999976,0.0
242.0999999999976,0.0
242.1999999999976,0.0
242.2999999999976,0.0
242.3999999999976,0.0
242.49999999999758,5330.205971613704
242.59999999999758,415807.3910704325
242.69999999999757,12683813.709135318
242.79999999999757,151292340.55349493
242.89999999999756,705671547.772187
242.99999999999756,1288073754.9401157
243.09999999999755,948169040.8814418
243.19999999999754,593396379.0619831
243.29999999999754,1532369623.669521
243.39999999999753,3009094709.1514044
243.49999999999753,4111364916.1931834
243.59999999999752,5010533262.39053
243.69999999999752,3521718393.0361495
243.7999999999975,1844722515.9257824
243.8999999999975,2570604976.3862267
243.9999999999975,2731284057.642027
244.0999999999975,1189867514.2842865
244.1999999999975,204510282.74713022
244.29999999999748,13846247.968724916
244.39999999999748,369248.0833744005
244.49999999999747,0.0
244.59999999999746,0.0
244.69999999999746,0.0
244.79999999999745,0.0
244.89999999999745,0.0
244.99999999999744,0.0
245.09999999999744,80775.65133228252
245.19999999999743,4246471.509316482
245.29999999999742,89015511.30370523
245.39999999999742,744034197.2385993
245.4999999999974,2479761045.382192
245.5999999999974,3295463454.7174006
245.6999999999974,1746276044.8750794
245.7999999999974,368976768.66907185
245.8999999999974,31086718.463880654
245.99999999999739,1044336.5239103684
246.09999999999738,13989.293569372016
246.19999999999737,0.0
246.29999999999737,0.0
246.39999999999736,0.0
246.49999999999736,0.0
246.59999999999735,0.0
246.69999999999735,0.0
246.79999999999734,0.0
246.89999999999733,0.0
246.99999999999733,0.0
247.09999999999732,0.0
247.19999999999732,0.0
247.2999999999973,260613.7315247328
247.3999999999973,10311325.917153778
247.4999999999973,165312408.32289296
247.5999999999973,1073915500.4659185
247.6999999999973,2826887256.6221385
247.79999999999728,3015230965.495043
247.89999999999728,1303185983.4523735
247.99999999999727,228226429.07238352
248.09999999999727,16195680.07762932
248.19999999999726,465699.91934421466
248.29999999999725,0.0
248.39999999999725,0.0
248.49999999999724,0.0
248.59999999999724,0.0
248.69999999999723,0.0
248.79999999999723,0.0
248.89999999999722,0.0
248.99999999999721,0.0
249.0999999999972,0.0
249.1999999999972,0.0
249.2999999999972,0.0
249.3999999999972,0.0
249.4999999999972,0.0
249.59999999999718,0.0
249.69999999999717,31407.280114566627
249.79999999999717,2117776.7449229993
249.89999999999716,58898708.51533998
249.99999999999716,675627189.6685288
250.09999999999715,3196569971.9915404
250.19999999999715,6237880661.736644
250.29999999999714,5020716026.442978
250.39999999999714,1666748236.67387
250.49999999999713,228218107.8352121
250.59999999999712,12888605.953055281
250.69999999999712,300218.5628883072
250.7999999999971,0.0
250.8999999999971,0.0
250.9999999999971,0.0
251.0999999999971,0.0
251.1999999999971,0.0
251.29999999999708,0.0
251.39999999999708,0.0
251.49999999999707,847074.7285925737
251.59999999999707,26239545.574018124
251.69999999999706,339306969.77436197
251.79999999999706,1831602125.409778
251.89999999999705,4127350810.1980257
251.99999999999704,3882518341.2472787
252.09999999999704,1524605685.9333844
252.19999999999703,249921397.78399163
252.29999999999703,17102170.593724176
252.39999999999702,488540.8843231898
252.49999999999702,0.0
252.599999999997,0.0
252.699999999997,392848.2744849163
252.799999999997,17649241.21603265
252.899999999997,322568732.5554714
252.999999999997,2643357501.6780076
253.09999999999698,9906730527.067808
253.19999999999698,17150240348.159473
253.29999999999697,13636806921.244308
253.39999999999696,4892082371.185789
253.49999999999696,775230632.9514034
253.59999999999695,54238912.378190905
253.69999999999695,31013996.96406944
253.79999999999694,396758180.48381686
253.89999999999694,2264426137.768841
253.99999999999693,5473528993.137039
254.09999999999692,5603426516.251873
254.19999999999692,2429529557.7858076
254.2999999999969,447452487.91497195
254.3999999999969,60175888.23312552
254.4999999999969,209405852.07526577
254.5999999999969,728809413.7192949
254.6999999999969,1174612465.3368566
254.79999999999688,1521264031.477111
254.89999999999688,3094510529.386161
254.99999999999687,4296875082.649282
255.09999999999687,2683141093.958449
255.19999999999686,719145009.8872266
255.29999999999686,82418275.6728172
255.39999999999685,4037510.5581169515
255.49999999999685,84535.78028494275
255.59999999999684,0.0
255.69999999999683,0.0
255.79999999999683,0.0
255.89999999999682,0.0
255.99999999999682,0.0
256.09999999999684,0.0
256.1999999999968,0.0
256.29999999999677,0.0
256.3999999999968,386378.715823904
256.4999999999968,13308422.4872973
256.5999999999968,197815326.3969937
256.69999999999675,1268858715.8793042
256.79999999999677,3512439059.1511145
256.8999999999968,4203564894.7638006
256.99999999999676,2320723319.8958426
257.0999999999967,1815121949.6997638
257.19999999999675,4919598126.9322
257.29999999999677,7714651122.882808
257.39999999999674,5445805658.413749
257.4999999999967,3081579398.933154
257.5999999999967,5933727219.764017
257.69999999999675,9428113645.53427
257.7999999999967,7280390143.465685
257.8999999999967,6041973879.096829
257.9999999999967,11303895489.67063
258.0999999999967,13263549885.82751
258.1999999999967,6920287991.382874
258.29999999999666,1572050941.8980284
258.3999999999967,155325504.9708298
258.4999999999967,6674636.569616951
258.59999999999667,176787.18805485428
258.69999999999663,2436223.3548314613
258.79999999999666,49933226.136222154
258.8999999999967,448103024.9780032
258.99999999999665,1760685754.4087405
259.0999999999966,3029015881.818165
259.19999999999663,2281962178.9841814
259.29999999999666,765984050.383752
259.3999999999966,322446725.5789558
259.4999999999966,1492904255.6340032
259.5999999999966,4540640388.765687
259.69999999999663,6132594011.408149
259.7999999999966,4063777208.3845067
259.89999999999657,3536384838.597212
259.9999999999966,7173653881.286916
260.0999999999966,10028234828.52508
260.1999999999966,10255159269.492311
260.29999999999654,12163188116.689417
260.39999999999657,12531910250.658934
260.4999999999966,9686158888.389107
260.59999999999656,6031372213.8682165
260.6999999999965,3702095165.408111
260.79999999999654,7690997934.718015
260.89999999999657,15361698252.047205
260.99999999999653,14249015348.503117
261.0999999999965,5882973390.239547
261.1999999999965,1316398234.6489367
261.29999999999654,1601893011.5067842
261.3999999999965,4923062469.991763
261.4999999999965,11724780278.31134
261.5999999999965,23163272553.341537
261.6999999999965,28081406920.400063
261.7999999999965,17869012938.151466
261.89999999999645,6671235828.605927
261.9999999999965,1816760025.5706887
262.0999999999965,336682241.9300451
262.19999999999646,33106379.137482096
262.29999999999643,1515559.142927484
262.39999999999645,31509.346119251633
262.4999999999965,43298.030319517
262.59999999999644,2399638.4506533183
262.6999999999964,59674800.46716595
262.79999999999643,665976577.0331064
262.89999999999645,3337694637.7796965
262.9999999999964,7558209719.995332
263.0999999999964,8142425877.340562
263.1999999999964,5907961186.498463
263.29999999999643,6191830546.74963
263.3999999999964,7557744156.387067
263.49999999999636,7915483951.043543
263.5999999999964,6737328386.299415
263.6999999999964,3679833593.4730635
263.7999999999964,1052181552.76225
263.89999999999634,175949233.31903487
263.99999999999636,404472982.4438679
264.0999999999964,2157825898.7054152
264.19999999999635,5320485113.026832
264.2999999999963,5930504527.015935
264.39999999999634,2988039505.2599683
264.49999999999636,680511254.6893392
264.5999999999963,70135764.00412703
264.6999999999963,6765863.07685581
264.7999999999963,68378854.34488848
264.89999999999634,653896220.4565663
264.9999999999963,3166910451.1595497
265.09999999999627,7860178236.387642
265.1999999999963,9868922167.875761
265.2999999999963,6097638329.579587
265.3999999999963,1953739065.806075
265.49999999999625,1311391096.7542105
265.59999999999627,3182849765.973727
265.6999999999963,4294895055.9742913
265.79999999999626,2707542384.0522065
265.8999999999962,1372780784.3401046
265.99999999999625,3394017519.407961
266.09999999999627,8429307743.908841
266.19999999999624,11154601342.68567
266.2999999999962,9349495760.960434
266.3999999999962,9294832220.999043
266.49999999999625,13249993806.011408
266.5999999999962,12471119316.508942
266.6999999999962,6323423371.156329
266.7999999999962,4986302922.937281
266.8999999999962,9844975587.519394
266.9999999999962,11527702966.08688
267.09999999999616,6313797801.977177
267.1999999999962,1599948832.3196766
267.2999999999962,187390267.97237858
267.39999999999617,11443587.848960659
267.49999999999613,42289358.0050053
267.59999999999616,624950312.6473064
267.6999999999962,4295899297.712704
267.79999999999615,13736596765.811764
267.8999999999961,21120339065.443554
267.99999999999613,18293285095.200016
268.09999999999616,13428367578.46204
268.1999999999961,9490270708.251045
268.2999999999961,4640815261.840652
268.3999999999961,1335637031.7137237
268.49999999999613,215163411.96471837
268.5999999999961,74639156.35821646
268.69999999999607,549146883.9777607
268.7999999999961,2561318829.6694746
268.8999999999961,6303973609.812932
268.9999999999961,9562744684.731327
269.09999999999604,10018882914.443491
269.19999999999607,6597705263.448334
269.2999999999961,2334484316.2292366
269.39999999999606,408615459.47110236
269.499999999996,34582889.900427
269.59999999999604,10684640.141647734
269.69999999999607,177866540.91946068
269.79999999999603,1626018893.3248682
269.899999999996,7203006568.132711
269.999999999996,15707702589.33988
270.09999999999604,17161145933.66579
270.199999999996,9526410394.611444
270.299999999996,2748550738.3752346
270.399999999996,1030015496.5460218
270.499999999996,3719624157.4822235
270.599999999996,9945644911.611584
270.69999999999595,12767907397.350435
270.799999999996,9019155582.28641
270.899999999996,7045603677.393358
270.99999999999596,7547969762.775065
271.09999999999593,5010846921.827626
271.19999999999595,1610907800.4097023
271.299999999996,244053568.24848104
271.39999999999594,17382478.57727431
271.4999999999959,581866.783472393
271.59999999999593,0.0
271.69999999999595,0.0
271.7999999999959,0.0
271.8999999999959,0.0
271.9999999999959,0.0
272.09999999999593,0.0
272.1999999999959,0.0
272.29999999999586,27652.507159416895
272.3999999999959,1007079.9984957204
272.4999999999959,17412810.836622335
272.5999999999959,142938509.12558904
272.69999999999584,557063967.9734532
272.79999999999586,1030709652.0667659
272.8999999999959,905405382.7165995
272.99999999999585,377594148.540626
273.0999999999958,74762341.27778967
273.19999999999584,7027744.851169051
273.29999999999586,313635.0076522864
273.3999999999958,6645.207296925752
273.4999999999958,15369.206474102817
273.5999999999958,740028.4609714085
273.69999999999584,17031265.731616937
273.7999999999958,187347090.23011655
273.89999999999577,985027837.655389
273.9999999999958,2475435306.2382364
274.0999999999958,2973419479.4707775
274.1999999999958,1707113152.633578
274.29999999999575,468457244.3109686
274.39999999999577,61443951.12518378
274.4999999999958,3852031.549247027
274.59999999999576,299796.5525624829
274.6999999999957,5516610.4314874085
274.79999999999575,79336074.3164129
274.89999999999577,548387720.938801
274.99999999999574,1821895070.3239126
275.0999999999957,2909227094.865813
275.1999999999957,2232803533.2253656
275.29999999999575,823648708.5690747
275.3999999999957,146033386.64180925
275.4999999999957,12444599.26549242
275.5999999999957,509716.03902321524
275.6999999999957,0.0
275.7999999999957,0.0
275.89999999999566,37683.8275047392
275.9999999999957,1503774.2956766023
276.0999999999957,29047958.331716847
276.19999999999567,271615077.8394191
276.29999999999563,1229411984.9089308
276.39999999999566,2693681950.740247
276.4999999999957,2856935897.173883
276.59999999999565,1466763120.0312402
276.6999999999956,364522863.5329719
276.79999999999563,43852551.86003439
276.89999999999566,2553702.339613626
276.9999999999956,71986.48761705817
277.0999999999956,335648.67444728856
277.1999999999956,11751325.806044918
277.29999999999563,200392153.13454184
277.3999999999956,1664433581.2979577
277.49999999999557,6733550797.568194
277.5999999999956,13268252434.0043
277.6999999999956,12734304307.127947
277.7999999999956,5952900664.577226
277.89999999999554,1355715373.8202612
277.99999999999557,158625157.2491283
278.0999999999956,122453513.07024233
278.19999999999555,769739560.1837687
278.2999999999955,2532762164.560173
278.39999999999554,4076506271.9982285
278.49999999999557,3208517213.7584777
278.59999999999553,1234932403.4000204
278.6999999999955,232780494.4202589
278.7999999999955,30505981.129109096
278.89999999999554,119520830.89781547
278.9999999999955,757424777.2350174
279.0999999999955,2375809636.335716
279.1999999999955,3659176454.4718356
279.2999999999955,2767212398.0334315
279.3999999999955,1027681229.3538395
279.49999999999545,192637116.62692055
279.5999999999955,101135761.53955477
279.6999999999955,662530237.1141796
279.79999999999546,2558470784.5261474
279.89999999999543,4874505400.208316
279.99999999999545,4576996835.811784
280.0999999999955,2118009630.5389874
280.19999999999544,483028227.20935875
280.2999999999954,54289313.891964085
280.39999999999543,3054657.4483554717
280.49999999999545,2234362.342420156
280.5999999999954,48297312.386209674
280.6999999999954,536960470.4989457
280.7999999999954,2957707993.369726
280.89999999999543,8071642217.5400915
280.9999999999954,10913451927.643953
281.09999999999536,7310650209.120008
281.1999999999954,2426294413.8251023
281.2999999999954,398955650.32413876
281.3999999999954,32757056.008253865
281.49999999999534,8734927.695189279
281.59999999999536,107200943.4179494
281.6999999999954,770608776.4722264
281.79999999999535,2759872097.022555
281.8999999999953,4971301045.302638
281.99999999999534,5073278540.206519
282.09999999999536,6205219115.519934
282.1999999999953,13144069653.192589
282.2999999999953,18887125212.267067
282.3999999999953,13917284478.62
282.49999999999534,5124833983.899354
282.5999999999953,941233086.6803018
282.69999999999527,86207603.75988959
282.7999999999953,3937487.60754625
282.8999999999953,89684.63903248803
282.9999999999953,358490.81420186727
283.09999999999525,8598790.806591095
283.19999999999527,103462589.757419
283.2999999999953,626896763.3699843
283.39999999999526,1947226435.7916727
283.4999999999952,3533580440.1898947
283.59999999999525,6084857112.170122
283.69999999999527,12362408247.64241
283.79999999999524,17286614248.450706
283.8999999999952,12799039939.110678
283.9999999999952,4794612442.504036
284.09999999999525,914083656.7342993
284.1999999999952,282328768.34663105
284.2999999999952,1765868656.3413646
284.3999999999952,7949375705.054541
284.4999999999952,18084670875.98539
284.5999999999952,20744686975.05851
284.69999999999516,11998212599.627052
284.7999999999952,3498965099.833097
284.8999999999952,514640758.91753775
284.99999999999517,42640700.681011476
285.09999999999513,68872586.97585815
285.19999999999516,512228996.2431558
285.2999999999952,1969733398.7929199
285.39999999999515,3835443632.9959474
285.4999999999951,3786896361.24545
285.59999999999513,1965459283.5009973
285.69999999999516,1005980131.0270929
285.7999999999951,1881064248.229608
285.8999999999951,3182307521.550989
285.9999999999951,2817021892.5556507
286.09999999999513,1267005916.8571231
286.1999999999951,289219236.2314003
286.29999999999507,33505476.91593721
286.3999999999951,1969901.5888109056
286.4999999999951,58777.803705842525
286.5999999999951,0.0
286.69999999999504,0.0
286.79999999999507,0.0
286.8999999999951,0.0
286.99999999999505,451619.0026884069
287.099999999995,11173007.346580634
287.19999999999504,141341380.61249906
287.29999999999507,914260468.5813931
287.39999999999503,3023931314.6858587
287.499999999995,5114171301.691603
287.599999999995,4423529248.203081
287.69999999999504,1976327783.5931928
287.799999999995,684800721.20617
287.899999999995,1509384063.9086473
287.999999999995,4500323855.131847
288.099999999995,7158679999.985764
288.199999999995,6174712413.352129
288.29999999999495,3926953069.7635746
288.399999999995,3372919532.7671976
288.499999999995,2793794772.3444
288.59999999999496,1347363894.1219754
288.69999999999493,338961488.96901673
288.79999999999495,43937598.72408924
288.899999999995,5352857.108076868
288.99999999999494,43419277.21806387
289.0999999999949,397158913.7336209
289.19999999999493,1877886184.6240606
289.29999999999495,4579317087.894944
289.3999999999949,5759153623.989096
289.4999999999949,3735451543.999127
289.5999999999949,1249551177.00682
289.69999999999493,215571570.51526663
289.7999999999949,19180301.096603367
289.89999999999486,880128.029806145
289.9999999999949,0.0
290.0999999999949,0.0
290.1999999999949,0.0
290.29999999999484,0.0
290.39999999999486,0.0
290.4999999999949,0.0
290.59999999999485,0.0
290.6999999999948,0.0
290.79999999999484,0.0
290.89999999999486,326153.5479957234
290.9999999999948,9605171.301294832
291.0999999999948,145765632.97388747
291.1999999999948,1163890610.9548016
291.29999999999484,4918276573.76916
291.3999999999948,11089944007.379381
291.49999999999477,13484645303.901037
291.5999999999948,8946318549.970818
291.6999999999948,3292374005.508253
291.7999999999948,904349543.8201969
291.89999999999475,1458042727.589287
291.99999999999477,4276591459.983017
292.0999999999948,7349560786.987571
292.19999999999476,7337225142.9156
292.2999999999947,4395008532.72468
292.39999999999475,1582503542.853651
292.49999999999477,331999252.79194146
292.59999999999474,38966127.239074074
292.6999999999947,2479909.4715916365
292.7999999999947,82776.57076433206
292.89999999999475,0.0
292.9999999999947,0.0
293.0999999999947,0.0
293.1999999999947,0.0
293.2999999999947,880669.8939733669
293.3999999999947,19156472.11167848
293.49999999999466,219389812.9113937
293.5999999999947,1322965517.843772
293.6999999999947,4200943010.441549
293.79999999999467,7025040169.85703
293.89999999999463,6187207141.261116
293.99999999999466,2870297142.3666315
294.0999999999947,701439698.2931253
294.19999999999465,90309256.46339871
294.2999999999946,6126350.328209257
294.39999999999463,219002.95009937597
294.49999999999466,0.0
294.5999999999946,0.0
294.6999999999946,0.0
294.7999999999946,0.0
294.89999999999463,0.0
294.9999999999946,0.0
295.09999999999457,0.0
295.1999999999946,0.0
295.2999999999946,0.0
295.3999999999946,0.0
295.49999999999454,0.0
295.59999999999457,0.0
295.6999999999946,127597.93849959566
295.79999999999455,3761530.902460798
295.8999999999945,59002443.70606625
295.99999999999454,493016308.862516
296.09999999999457,2207488599.3172183
296.19999999999453,5427392503.3420925
296.2999999999945,8014488484.66733
296.3999999999945,8880646122.973684
296.49999999999454,8760417160.521122
296.5999999999945,6496484197.602324
296.6999999999945,2928757090.6559215
296.7999999999945,738615199.2904651
296.8999999999945,101852590.41932578
296.9999999999945,7625309.190987967
297.09999999999445,377391.7927542058
297.1999999999945,1958914.4927538442
297.2999999999945,29962906.511655852
297.39999999999446,245128508.34256592
297.49999999999443,1072618119.1887375
297.59999999999445,2510370708.6834984
297.6999999999945,3142476307.65725
297.79999999999444,2104008977.5203695
297.8999999999944,753467611.2947631
297.99999999999443,144328046.87765893
298.09999999999445,15105997.862937959
298.1999999999944,6813734.507309688
298.2999999999944,60325595.289681144
298.3999999999944,325230475.8113712
298.49999999999443,941873469.4604803
298.5999999999944,1464652632.0814903
298.69999999999436,1223681562.6589384
298.7999999999944,563207054.7891462
298.8999999999944,300585915.51312315
298.9999999999944,1045318622.9221835
299.09999999999434,3377663944.3363404
299.19999999999436,5968864147.679005
299.2999999999944,5680326751.961683
299.39999999999435,2910171696.336581
299.4999999999943,802646588.1469866
299.59999999999434,119176485.16295862
299.69999999999436,9526146.123535203
299.7999999999943,409924.9596216285
299.8999999999943,0.0
299.9999999999943,0.0
300.09999999999434,0.0
300.1999999999943,0.0
300.29999999999427,0.0
300.3999999999943,0.0
300.4999999999943,0.0
300.5999999999943,0.0
300.69999999999425,0.0
300.79999999999427,0.0
300.8999999999943,0.0
300.99999999999426,0.0
301.0999999999942,0.0
301.19999999999425,0.0
301.29999999999427,0.0
301.39999999999424,0.0
301.4999999999942,0.0
301.5999999999942,0.0
301.69999999999425,23035.28174710937
301.7999999999942,788021.8507497841
301.8999999999942,12393538.179051245
301.9999999999942,108354061.59825107
302.0999999999942,527918243.0835608
302.1999999999942,1435863380.2165675
302.29999999999416,2181674573.1194186
302.3999999999942,1851578237.2091496
302.4999999999942,886813477.1561285
302.59999999999417,331027007.78375506
302.69999999999413,520063842.33278024
302.79999999999416,1286489128.7660968
302.8999999999942,1851610765.8905778
302.99999999999415,1459304135.5963423
303.0999999999941,628583453.2759279
303.19999999999413,147969590.80490422
303.29999999999416,19035928.230481192
303.3999999999941,1338342.7488509626
303.4999999999941,51422.357440248656
303.5999999999941,0.0
303.69999999999413,0.0
303.7999999999941,0.0
303.89999999999407,0.0
303.9999999999941,0.0
304.0999999999941,0.0
304.1999999999941,0.0
304.29999999999404,0.0
304.39999999999407,0.0
304.4999999999941,0.0
304.59999999999405,70605.1523808801
304.699999999994,1887853.1337301529
304.79999999999404,27833104.117747106
304.89999999999407,226264651.90060976
304.99999999999403,1014222889.9409962
305.099999999994,2506812520.6342335
305.199999999994,3417655594.9501157
305.29999999999404,2585417372.557372
305.399999999994,1196185224.7132058
305.499999999994,774232620.3868629
305.599999999994,1207594716.9270978
305.699999999994,1451016040.1181014
305.799999999994,1093429502.7893977
305.89999999999395,1274860831.084851
305.999999999994,4069849304.867256
306.099999999994,10004425179.772131
306.19999999999396,14131479721.260841
306.29999999999393,11202339536.627941
306.39999999999395,4955382965.096241
306.499999999994,1219309159.2056851
306.59999999999394,166562496.30313012
306.6999999999939,12617067.140000392
306.79999999999393,528481.0539286091
306.89999999999395,0.0
306.9999999999939,0.0
307.0999999999939,0.0
307.1999999999939,0.0
307.29999999999393,0.0
307.3999999999939,0.0
307.49999999999386,0.0
307.5999999999939,0.0
307.6999999999939,0.0
307.7999999999939,0.0
307.89999999999384,0.0
307.99999999999386,0.0
308.0999999999939,0.0
308.19999999999385,0.0
308.2999999999938,0.0
308.39999999999384,0.0
308.49999999999386,0.0
308.5999999999938,0.0
308.6999999999938,0.0
308.7999999999938,0.0
308.89999999999384,0.0
308.9999999999938,0.0
309.09999999999377,0.0
309.1999999999938,0.0
309.2999999999938,0.0
309.3999999999938,0.0
309.49999999999375,0.0
309.59999999999377,0.0
309.6999999999938,0.0
309.79999999999376,0.0
309.8999999999937,0.0
309.99999999999375,0.0
310.09999999999377,0.0
310.19999999999374,0.0
310.2999999999937,0.0
310.3999999999937,0.0
310.49999999999375,0.0
310.5999999999937,0.0
310.6999999999937,0.0
310.7999999999937,0.0
310.8999999999937,0.0
310.9999999999937,0.0
311.09999999999366,0.0
311.1999999999937,0.0
311.2999999999937,0.0
311.39999999999367,0.0
311.49999999999363,0.0
311.59999999999366,0.0
311.6999999999937,0.0
311.79999999999364,0.0
311.8999999999936,0.0
311.99999999999363,0.0
312.09999999999366,0.0
312.1999999999936,0.0
312.2999999999936,0.0
312.3999999999936,0.0
312.49999999999363,0.0
312.5999999999936,0.0
312.69999999999357,0.0
312.7999999999936,0.0
312.8999999999936,0.0
312.9999999999936,0.0
313.09999999999354,0.0
313.19999999999357,0.0
313.2999999999936,0.0
313.39999999999355,0.0
313.4999999999935,0.0
313.59999999999354,0.0
313.69999999999357,0.0
313.79999999999353,0.0
313.8999999999935,0.0
313.9999999999935,0.0
314.09999999999354,0.0
314.1999999999935,0.0
314.2999999999935,0.0
314.3999999999935,0.0
314.4999999999935,0.0
314.5999999999935,0.0
314.69999999999345,0.0
314.7999999999935,0.0
314.8999999999935,0.0
314.99999999999346,0.0
315.09999999999343,0.0
315.19999999999345,0.0
315.2999999999935,0.0
315.39999999999344,0.0
315.4999999999934,0.0
315.59999999999343,0.0
315.69999999999345,0.0
315.7999999999934,0.0
315.8999999999934,0.0
315.9999999999934,0.0
316.09999999999343,0.0
316.1999999999934,0.0
316.29999999999336,0.0
316.3999999999934,0.0
316.4999999999934,0.0
316.5999999999934,0.0
316.69999999999334,0.0
316.79999999999336,0.0
316.8999999999934,0.0
316.99999999999335,0.0
317.0999999999933,0.0
317.19999999999334,0.0
317.29999999999336,0.0
317.3999999999933,0.0
317.4999999999933,0.0
317.5999999999933,0.0
317.69999999999334,0.0
317.7999999999933,0.0
317.89999999999327,0.0
317.9999999999933,0.0
318.0999999999933,0.0
318.1999999999933,0.0
318.29999999999325,0.0
318.39999999999327,0.0
318.4999999999933,0.0
318.59999999999326,0.0
318.6999999999932,0.0
318.79999999999325,0.0
318.89999999999327,0.0
318.99999999999324,63727.357509123016
319.0999999999932,1542182.1463093138
319.1999999999932,21699661.760798894
319.29999999999325,177555593.23695046
319.3999999999932,845064001.9137812
319.4999999999932,2343299793.0745754
319.5999999999932,3815725768.3533607
319.6999999999932,3787411562.065665
319.7999999999932,2658763897.3920546
319.89999999999316,1831394656.7120817
319.9999999999932,1428006831.1885695
320.0999999999932,1139074022.2080233
320.19999999999317,891801863.6526518
320.29999999999313,561248493.6893268
320.39999999999316,231225169.89133504
320.4999999999932,57285148.35795313
320.59999999999314,8330598.693799983
320.6999999999931,706626.4973354248
320.79999999999313,34928.09489681272
320.89999999999316,0.0
320.9999999999931,0.0
321.0999999999931,0.0
321.1999999999931,0.0
321.29999999999313,0.0
321.3999999999931,0.0
321.49999999999307,0.0
321.5999999999931,0.0
321.6999999999931,0.0
321.7999999999931,0.0
321.89999999999304,0.0
321.99999999999307,0.0
322.0999999999931,0.0
322.19999999999305,0.0
322.299999999993,0.0
322.39999999999304,0.0
322.49999999999307,0.0
322.59999999999303,0.0
322.699999999993,0.0
322.799999999993,0.0
322.89999999999304,0.0
322.999999999993,0.0
323.099999999993,0.0
323.199999999993,0.0
323.299999999993,0.0
323.399999999993,0.0
323.49999999999295,0.0
323.599999999993,0.0
323.699999999993,0.0
323.79999999999296,0.0
323.89999999999293,0.0
323.99999999999295,0.0
324.099999999993,0.0
324.19999999999294,0.0
324.2999999999929,3243.477575237533
324.39999999999293,91838.92591024055
324.49999999999295,1538243.6126514203
324.5999999999929,15240733.650231287
324.6999999999929,89324183.41013959
324.7999999999929,309798583.79064894
324.89999999999293,637162384.5801698
324.9999999999929,791887375.5236477
325.09999999999286,684751073.5696365
325.1999999999929,715400154.8322918
325.2999999999929,1096969591.6756918
325.3999999999929,1336484133.0291007
325.49999999999284,1006692605.2939578
325.59999999999286,451456081.16000503
325.6999999999929,119990297.28398956
325.79999999999285,18891748.8699402
325.8999999999928,1761794.0891531082
325.99999999999284,97318.42767372786
326.09999999999286,0.0
326.1999999999928,156579.12485189564
326.2999999999928,3215905.6089425334
326.3999999999928,39302737.91537475
326.49999999999284,285819857.23405993
326.5999999999928,1236835867.4136062
326.69999999999277,3184797506.0003247
326.7999999999928,4879795906.700352
326.8999999999928,4449093909.283929
326.9999999999928,2413746002.1889777
327.09999999999275,779222784.1915531
327.19999999999277,149694776.30438876
327.2999999999928,17329728.823625647
327.39999999999276,4527011.721644584
327.4999999999927,30791825.04012308
327.59999999999275,167792374.0219552
327.69999999999277,546715266.5956901
327.79999999999274,1063500082.3716185
327.8999999999927,1235097373.544129
327.9999999999927,856351794.8558949
328.09999999999275,354479047.67502743
328.1999999999927,87602453.972097
328.2999999999927,13179228.714021152
328.3999999999927,5511829.436259482
328.4999999999927,45112644.87405284
328.5999999999927,277979494.9595227
328.69999999999266,1027275053.5300272
328.7999999999927,2273753993.651497
328.8999999999927,3014275619.369568
328.99999999999267,2393344410.7095337
329.09999999999263,1138178011.693576
329.19999999999266,324188746.9442104
329.2999999999927,55305514.028074846
329.39999999999264,5650952.846179815
329.4999999999926,345826.03586221964
329.59999999999263,12675.831060151984
329.69999999999266,0.0
329.7999999999926,0.0
329.8999999999926,0.0
329.9999999999926,0.0
330.09999999999263,0.0
330.1999999999926,0.0
330.29999999999256,0.0
330.3999999999926,0.0
330.4999999999926,0.0
330.5999999999926,0.0
330.69999999999254,0.0
330.79999999999256,0.0
330.8999999999926,45494.98735849098
330.99999999999255,907889.3517023952
331.0999999999925,10939918.763227321
331.19999999999254,79598901.17020999
331.29999999999256,349713058.02146786
331.39999999999253,927802226.0005101
331.4999999999925,1487290812.1951046
331.5999999999925,1451687770.3241444
331.69999999999254,945359443.1851106
331.7999999999925,779662730.746385
331.8999999999925,1453208297.9219496
331.9999999999925,2648982899.277534
332.0999999999925,3580369993.0718822
332.1999999999925,3670720071.7481947
332.29999999999245,2786036333.086083
332.3999999999925,1453771073.1399274
332.4999999999925,528684670.5232441
332.59999999999246,368555220.11872065
332.69999999999243,996864187.6888958
332.79999999999245,2191294708.983928
332.8999999999925,2955780934.982094
332.99999999999244,2418415506.7781034
333.0999999999924,1199783826.8510969
333.19999999999243,360895765.3489109
333.29999999999245,65821423.05292863
333.3999999999924,7428584.030795925
333.4999999999924,3109400.1112899557
333.5999999999924,27927701.433451544
333.69999999999243,180774279.56243393
333.7999999999924,712755325.0005113
333.89999999999236,1715862892.9310567
333.9999999999924,2571689260.8710475
334.0999999999924,2680598924.955188
334.1999999999924,2841794000.171894
334.29999999999234,3902511860.3573093
334.39999999999236,4630377962.845565
334.4999999999924,3621565867.0916724
334.59999999999235,1871297463.4318442
334.6999999999923,1128527943.0731559
334.79999999999234,1734820545.3749912
334.89999999999236,2658497893.946526
334.9999999999923,2602771328.527187
335.0999999999923,1559444679.2994692
335.1999999999923,570117770.4256083
335.29999999999234,127765133.13841763
335.3999999999923,24440634.44883894
335.49999999999227,50771984.41196305
335.5999999999923,208410434.90911216
335.6999999999923,538084915.1569405
335.7999999999923,850068870.7451571
335.89999999999225,822434423.9243801
335.99999999999227,497970018.46778446
336.0999999999923,258116783.7162918
336.19999999999226,369680301.428922
336.2999999999922,816327215.460687
336.39999999999225,1218475071.778707
336.49999999999227,1120728317.2883646
336.59999999999224,631764800.6512758
336.6999999999922,218199036.66781977
336.7999999999922,46172571.15335528
336.89999999999225,5986170.965768946
336.9999999999922,475497.239236984
337.0999999999922,23140.92473991393
337.1999999999922,0.0
337.2999999999922,0.0
337.3999999999922,770774.4872524899
337.49999999999216,14943005.929862384
337.5999999999922,178330954.7067987
337.6999999999922,1310067366.0302024
337.79999999999217,5924500690.9752
337.89999999999213,16495426022.82196
337.99999999999216,28310877935.916687
338.0999999999922,30231222361.805637
338.19999999999214,21493461546.3255
338.2999999999921,14404349873.924261
338.39999999999213,14719658197.64166
338.49999999999216,15470206211.85495
338.5999999999921,11110998535.851355
338.6999999999921,4989780926.19621
338.7999999999921,1393917935.6572933
338.89999999999213,330142070.6824902
338.9999999999921,536439210.2725959
339.09999999999206,1756123474.254254
339.1999999999921,3785037365.6333027
339.2999999999921,5136182286.594895
339.3999999999921,4381794719.213031
339.49999999999204,2347561780.335593
339.59999999999206,788627222.819774
339.6999999999921,165822753.62635496
339.79999999999205,21783413.945414077
339.899999999992,1784562.9330172117
339.99999999999204,91020.61424813516
340.09999999999206,0.0
340.19999999999203,0.0
340.299999999992,0.0
340.399999999992,0.0
340.49999999999204,197399.04402191786
340.599999999992,3183914.0982588567
340.699999999992,31888534.94027411
340.799999999992,198319180.728152
340.899999999992,765864255.287182
340.999999999992,1836520621.341261
341.09999999999195,2734618489.6480446
341.199999999992,2528451401.0579042
341.299999999992,1451675018.3177764
341.39999999999196,517536666.02671367
341.4999999999919,114582532.86114052
341.59999999999195,16019181.859067159
341.699999999992,4783121.839873646
341.79999999999194,27717466.532662448
341.8999999999919,141119844.47540906
341.9999999999919,460422690.652431
342.09999999999195,967068745.3375614
342.1999999999919,1316123298.0456908
342.2999999999919,1165436364.665781
342.3999999999919,671917742.0206203
342.4999999999919,251444096.32646167
342.5999999999919,60718668.818199165
342.69999999999186,9394754.119869947
342.7999999999919,924981.2666071361
342.8999999999919,57610.72238529811
342.99999999999187,0.0
343.09999999999184,0.0
343.19999999999186,0.0
343.2999999999919,157955.74982133208
343.39999999999185,3321556.67465671
343.4999999999918,43715881.92281833
343.59999999999184,360104187.01990515
343.69999999999186,1856557683.8735797
343.7999999999918,5990734509.488075
343.8999999999918,12098820933.091358
343.9999999999918,15293165002.087349
344.09999999999184,12098820934.0195
344.1999999999918,5990734510.407215
344.29999999999177,1856557684.3008485
344.3999999999918,360104187.1304045
344.4999999999918,43715881.93958629
344.5999999999918,3321556.676185553
344.69999999999175,157955.74990615345
344.79999999999177,0.0
344.8999999999918,0.0
344.99999999999176,0.0
345.0999999999917,0.0
345.19999999999175,0.0
345.29999999999177,0.0
345.39999999999173,0.0
345.4999999999917,0.0
345.5999999999917,0.0
345.69999999999175,0.0
345.7999999999917,0.0
345.8999999999917,0.0
345.9999999999917,0.0
346.0999999999917,0.0
346.1999999999917,0.0
346.29999999999166,0.0
346.3999999999917,0.0
346.4999999999917,0.0
346.59999999999167,0.0
346.69999999999163,0.0
346.79999999999166,0.0
346.8999999999917,0.0
346.99999999999164,0.0
347.0999999999916,0.0
347.19999999999163,0.0
347.29999999999166,0.0
347.3999999999916,0.0
347.4999999999916,0.0
347.5999999999916,0.0
347.69999999999163,0.0
347.7999999999916,4712.865817908068
347.89999999999156,93890.16935292348
347.9999999999916,1184879.6007983387
348.0999999999916,9472124.016525645
348.1999999999916,47966671.30402215
348.29999999999154,153868896.65090612
348.39999999999156,312666354.9772381
348.4999999999916,402467220.6384646
348.59999999999155,328170040.890359
348.6999999999915,169506517.13613847
348.79999999999154,55461667.45934898
348.89999999999156,11495252.02548804
348.99999999999153,1509256.7429186848
349.0999999999915,125524.01007788374
349.1999999999915,6613.167732777371
349.29999999999154,0.0
349.3999999999915,0.0
349.4999999999915,0.0
349.5999999999915,0.0
349.6999999999915,0.0
349.7999999999915,0.0
349.89999999999145,0.0
349.9999999999915,0.0
350.0999999999915,0.0
350.19999999999146,7492.2405169408285
350.2999999999914,164305.53893045563
350.39999999999145,2296935.1588557167
350.4999999999915,20469220.502252463
350.59999999999144,116290995.02993517
350.6999999999914,421282426.966765
350.7999999999914,974513241.9558932
350.89999999999145,1450288519.3201003
350.9999999999914,1444445849.5932024
351.0999999999914,1140903723.061852
351.1999999999914,1018516084.5260785
351.2999999999914,1031669603.0012423
351.3999999999914,832131808.5719446
351.49999999999136,450013146.1758977
351.5999999999914,157372382.51696843
351.6999999999914,42837292.92548989
351.79999999999137,66896921.16707879
351.89999999999134,308977415.47812974
351.99999999999136,982873426.689771
352.0999999999914,2002373683.3789756
352.19999999999135,2608985110.8735313
352.2999999999913,2174109794.229073
352.39999999999134,1159997634.8850443
352.49999999999136,410944828.7140999
352.5999999999913,203042572.11661965
352.6999999999913,557511161.8275498
352.7999999999913,1631543097.4542992
352.89999999999134,3125479218.2678666
352.9999999999913,3858297525.648934
353.09999999999127,3144579893.11082
353.1999999999913,1926654419.3906882
353.2999999999913,1301559849.959028
353.3999999999913,1137024885.3900661
353.49999999999125,876545370.154663
353.59999999999127,536470481.91547287
353.6999999999913,440013531.5975877
353.79999999999126,617979798.8232284
353.8999999999912,761508765.3286492
353.99999999999125,628699312.7418077
354.09999999999127,334934765.22621304
354.19999999999123,114661592.9008402
354.2999999999912,25213396.057561446
354.3999999999912,3560994.41738701
354.49999999999125,323026.24698225287
354.5999999999912,18820.488964427197
354.6999999999912,0.0
354.7999999999912,0.0
354.8999999999912,0.0
354.9999999999912,0.0
355.09999999999116,0.0
355.1999999999912,0.0
355.2999999999912,0.0
355.39999999999117,299522.9659972389
355.49999999999113,4473178.335088709
355.59999999999116,43208908.539889626
355.6999999999912,269970036.89419293
355.79999999999114,1091075939.992912
355.8999999999911,2852338769.842531
355.99999999999113,4823485745.30725
356.09999999999116,5276458974.401745
356.1999999999911,3734379830.7591834
356.2999999999911,1716569965.943277
356.3999999999911,558410962.1340173
356.49999999999113,332789000.6660896
356.5999999999911,699212765.6535213
356.69999999999106,1296153969.2398157
356.7999999999911,1579144423.9042385
356.8999999999911,1245398688.8086257
356.9999999999911,635393068.2230802
357.09999999999104,209921524.4319622
357.19999999999106,47762293.47156144
357.2999999999911,31816340.237577073
357.39999999999105,142830638.02948663
357.499999999991,512061489.7470521
357.59999999999104,1194760982.3170636
357.69999999999106,1807576320.342574
357.79999999999103,1773135311.0224698
357.899999999991,1127760130.8824015
357.999999999991,465073098.2652847
358.09999999999104,124352729.92559765
358.199999999991,21558525.40645226
358.299999999991,2423329.132935242
358.399999999991,176618.1689408711
358.499999999991,8346.184401029335
358.599999999991,0.0
358.69999999999095,0.0
358.799999999991,0.0
358.899999999991,0.0
358.99999999999096,17364.990803238026
359.0999999999909,341527.22121840273
359.19999999999095,4376146.362825026
359.299999999991,36532054.79116673
359.39999999999094,198688215.4788978
359.4999999999909,704139808.3568788
359.5999999999909,1627092718.088238
359.69999999999095,2463405684.711565
359.7999999999909,2522574784.255068
359.8999999999909,2084775660.2305846
359.9999999999909,2216300692.2893558
360.0999999999909,3103156264.568315
360.1999999999909,3575917629.082791
360.29999999999086,2808300335.984479
360.3999999999909,1505491817.5554752
360.4999999999909,820492642.4496359
360.59999999999087,1223695389.0714633
360.69999999999084,2433195761.7320766
360.79999999999086,3426131968.6586018
360.8999999999909,3224173681.57397
360.99999999999085,2217176350.0784883
361.0999999999908,1628563725.4734995
361.19999999999084,1778894520.6984723
361.29999999999086,1899548744.3320816
361.3999999999908,1445825829.3514695
361.4999999999908,763960790.572791
361.5999999999908,408484852.23311377
361.69999999999084,510258732.2584801
361.7999999999908,814328318.1876924
361.89999999999077,929698504.4414576
361.9999999999908,701232131.8256421
362.0999999999908,358781105.24732643
362.1999999999908,218794362.95493424
362.29999999999075,590318053.266249
362.39999999999077,1969305648.0960643
362.4999999999908,4476224982.5696745
362.59999999999076,6700105629.879837
362.6999999999907,6670997040.901249
362.79999999999075,4708072699.935148
362.89999999999077,3047179467.089422
362.99999999999073,2596385355.48086
363.0999999999907,2370481913.2012124
363.1999999999907,1632806880.510037
363.29999999999075,758117670.5818316
363.3999999999907,232163708.3252513
363.4999999999907,46716790.46177645
363.5999999999907,6173585.609441981
363.6999999999907,535684.4693964437
363.7999999999907,30520.22562446217
363.89999999999065,0.0
363.9999999999907,0.0
364.0999999999907,0.0
364.19999999999067,0.0
364.29999999999063,0.0
364.39999999999065,0.0
364.4999999999907,0.0
364.59999999999064,15768.299988929568
364.6999999999906,261973.74549994693
364.79999999999063,2905809.632593929
364.89999999999065,21607978.804036863
364.9999999999906,107723322.43136841
365.0999999999906,362843203.0974687
365.1999999999906,838911016.3759375
365.29999999999063,1379943650.3420227
365.3999999999906,1724113899.8162227
365.49999999999056,1760041299.0825067
365.5999999999906,1494013754.1888766
365.6999999999906,1030787450.3641437
365.7999999999906,710188261.2470605
365.89999999999054,895139946.7049841
365.99999999999056,1533191268.524909
366.0999999999906,2037873275.7548552
366.19999999999055,1850947800.6273954
366.2999999999905,1132591453.5831366
366.39999999999054,492099647.50689006
366.49999999999056,263845185.12181973
366.59999999999053,409462761.0861685
366.6999999999905,714344437.7932204
366.7999999999905,866832973.131706
366.89999999999054,698873278.3727932
366.9999999999905,373213859.0804311
367.0999999999905,131985658.55161262
367.1999999999905,30909963.54189352
367.2999999999905,4793723.825529403
367.3999999999905,492323.1926007202
367.49999999999045,33483.46148074261
367.5999999999905,0.0
367.6999999999905,0.0
367.79999999999046,0.0
367.8999999999904,0.0
367.99999999999045,0.0
368.0999999999905,0.0
368.19999999999044,0.0
368.2999999999904,0.0
368.3999999999904,0.0
368.49999999999045,0.0
368.5999999999904,0.0
368.6999999999904,0.0
368.7999999999904,0.0
368.8999999999904,0.0
368.9999999999904,0.0
369.09999999999036,0.0
369.1999999999904,42059.3821233722
369.2999999999904,715513.8402169681
369.39999999999037,8117321.928631195
369.49999999999034,61411129.14546412
369.59999999999036,309828223.03869313
369.6999999999904,1042400115.4096018
369.79999999999035,2338769956.9964175
369.8999999999903,3499291671.1164775
369.99999999999034,3491502527.7110915
370.09999999999036,2323186950.4062147
370.1999999999903,1030873622.690537
370.2999999999903,305436607.4173185
370.3999999999903,64479696.33947482
370.49999999999034,38579126.76839983
370.5999999999903,148526753.9460955
370.69999999999027,481557932.16135937
370.7999999999903,1061209280.2507355
370.8999999999903,1584958003.4826336
370.9999999999903,1606504259.918546
371.09999999999025,1107727299.655336
371.19999999999027,530961248.990174
371.2999999999903,228980967.72598377
371.39999999999026,240119546.32179058
371.4999999999902,444940225.2374081
371.59999999999025,671011544.3697662
371.69999999999027,857709943.356613
371.79999999999023,1234933526.2508361
371.8999999999902,1962957054.541523
371.9999999999902,2565291961.4086556
372.09999999999025,2370359177.9216294
372.1999999999902,1516267618.851108
372.2999999999902,773684644.1873674
372.3999999999902,589926151.381283
372.4999999999902,897092222.9735723
372.5999999999902,1527229149.1065555
372.69999999999015,2302995313.395285
372.7999999999902,2760291092.324624
372.8999999999902,2413706266.3362403
372.99999999999017,1469343132.232298
373.09999999999013,610317822.9012041
373.19999999999015,171625791.80929732
373.2999999999902,32573741.658643782
373.39999999999014,4166492.290862487
373.4999999999901,359041.8955481457
373.59999999999013,18175.722953387623
373.69999999999015,0.0
373.7999999999901,0.0
373.8999999999901,0.0
373.9999999999901,0.0
374.09999999999013,29021.534021730717
374.1999999999901,385829.4860044098
374.29999999999006,3456527.628111454
374.3999999999901,20866721.47346625
374.4999999999901,84886372.34797487
374.5999999999901,232697275.12274012
374.69999999999004,429847286.6853625
374.79999999999006,535065131.2485229
374.8999999999901,448816359.7407256
374.99999999999005,253688205.38945186
375.09999999999,96627655.4327664
375.19999999999004,24801170.39533268
375.29999999999006,4289557.352083944
375.39999999999003,499945.1387750728
375.49999999999,39264.65531884887
375.59999999999,2078.025140010563
375.69999999999004,31939.395412127113
375.79999999999,425320.7430021558
375.89999999999,3829444.523585421
375.99999999999,23312258.30169495
376.09999999999,95953817.16356824
376.19999999999,267035814.0418099
376.29999999998995,502465343.43444264
376.39999999999,639251946.4861367
376.49999999999,549879274.902618
376.59999999998996,319809963.0043089
376.6999999999899,125760997.26742423
376.79999999998995,33437153.71303711
376.89999999999,6010934.234392501
376.99999999998994,730607.2822836227
377.0999999999899,60042.02937512784
377.1999999999899,3336.2306983562685
377.29999999998995,0.0
377.3999999999899,8308.213272191282
377.4999999999899,131174.61965520293
377.5999999999899,1405370.7100004894
377.6999999999899,10217176.348496275
377.7999999999899,50404555.34365399
377.89999999998986,168742327.6202035
377.9999999999899,383405607.723026
378.0999999999899,591938596.6656588
378.19999999998987,625981745.1819183
378.29999999998984,478499459.7218871
378.39999999998986,349127473.4729916
378.4999999999899,404715218.45818925
378.59999999998985,609863658.4936581
378.6999999999898,805442922.8287134
378.79999999998984,861578029.915881
378.89999999998986,734230318.6984612
378.9999999999898,478395314.3603382
379.0999999999898,227229312.2851745
379.1999999999898,76446559.84071906
379.29999999998984,22334098.698889308
379.3999999999898,38704813.50679487
379.49999999998977,185590106.1769135
379.5999999999898,656774420.020615
379.6999999999898,1625560110.593469
379.7999999999898,2928310914.493513
379.89999999998975,4180034301.147515
379.99999999998977,5256654356.633582
380.0999999999898,6021301180.867843
380.19999999998976,6043391120.069395
380.2999999999897,5495061657.305293
380.39999999998975,5140067367.780676
380.49999999998977,4953008893.487918
380.59999999998973,4369388783.534187
380.6999999999897,3664003542.5816827
380.7999999999897,3451835971.402318
380.89999999998975,3420148295.7035956
380.9999999999897,2834695740.6080422
381.0999999999897,1735457766.9856544
381.1999999999897,783990859.7417325
381.2999999999897,427997632.0502976
381.3999999999897,850910142.9801435
381.49999999998965,2322528805.595195
381.5999999999897,4767340829.980695
381.6999999999897,6885641107.482552
381.79999999998967,6898513192.238872
381.89999999998963,4764039685.431147
381.99999999998965,2275088637.998506
382.0999999999897,806562953.1665285
382.19999999998964,349375609.52548313
382.2999999999896,342761389.6517407
382.39999999998963,372827673.7695385
382.49999999998965,295132944.01888776
382.5999999999896,160799335.33901426
382.6999999999896,60003583.967044584
382.7999999999896,15431810.00736211
382.89999999998963,3771988.8303126805
382.9999999999896,7671942.227285565
383.09999999998956,33906658.28247741
383.1999999999896,107229152.56678668
383.2999999999896,234263743.19568047
383.3999999999896,361106145.2342901
383.49999999998954,427529199.39921284
383.59999999998956,485632395.0964087
383.6999999999896,635130357.682504
383.79999999998955,803589335.1411916
383.8999999999895,785587930.5668157
383.99999999998954,551684304.6268137
384.09999999998956,325544980.9850649
384.19999999998953,390032395.3044834
384.2999999999895,975955838.2332731
384.3999999999895,2080343402.080831
384.49999999998954,3153876464.160669
384.5999999999895,3452691453.540791
384.6999999999895,3025630401.8017917
384.7999999999895,2782773795.523816
384.8999999999895,3451768529.0859923
384.9999999999895,4808503454.580412
385.09999999998945,5858979854.538969
385.1999999999895,6012086937.982212
385.2999999999895,5816543922.161596
385.39999999998946,5763568041.932939
385.4999999999894,5342047901.456592
385.59999999998945,4203809035.8413234
385.6999999999895,3102009999.3658547
385.79999999998944,3255691606.7339644
385.8999999999894,5409417759.042791
385.9999999999894,8823348879.131826
386.09999999998945,11002916951.286772
386.1999999999894,9924922883.098196
386.2999999999894,6429884861.1619625
386.3999999999894,3085219924.9845567
386.4999999999894,1533133625.473598
386.5999999999894,1964766579.7346215
386.69999999998936,3775663187.832811
386.7999999999894,5560698358.005941
386.8999999999894,5702621794.848183
386.99999999998937,4040147929.199312
387.09999999998934,1976206769.152579
387.19999999998936,667609822.6250048
387.2999999999894,157963548.35831964
387.39999999998935,39394687.966366604
387.4999999999893,62524453.98400462
387.59999999998934,172370105.0606509
387.69999999998936,344932674.7192246
387.7999999999893,489098710.9656381
387.8999999999893,526698198.7942563
387.9999999999893,527214261.8823261
388.09999999998934,609095985.1495154
388.1999999999893,714328403.4916677
388.29999999998927,667876814.7764283
388.3999999999893,450029683.78116125
388.4999999999893,224846876.31596404
388.5999999999893,145707534.2503422
388.69999999998925,293114669.413464
388.79999999998927,692148783.9279574
388.8999999999893,1187515797.571496
388.99999999998926,1416757136.903576
389.0999999999892,1173599307.6137533
389.19999999998925,688211800.1304044
389.29999999998927,365759857.7762498
389.39999999998923,500876805.0364283
389.4999999999892,1344479705.2088432
389.5999999999892,2967394895.1252565
389.69999999998925,4704241561.410777
389.7999999999892,5280402360.21652
389.8999999999892,4174940267.405656
389.9999999999892,2316680494.102302
390.0999999999892,899947971.1951832
390.1999999999892,245107260.59331256
390.29999999998915,53691482.361972384
390.3999999999892,50530799.03405145
390.4999999999892,185505042.49649593
390.59999999998917,536053168.40337783
390.69999999998913,1082956975.1058195
390.79999999998915,1535141051.2166615
390.8999999999892,1573809849.8389626
390.99999999998914,1328136997.8563738
391.0999999999891,1291116644.395145
391.19999999998913,1703275817.1647754
391.29999999998915,2278443765.0770283
391.3999999999891,2605836678.70199
391.4999999999891,2659269408.479614
391.5999999999891,2663861374.417185
391.69999999998913,2599325045.990358
391.7999999999891,2288767923.1333013
391.89999999998906,1793968816.702514
391.9999999999891,1326546974.805267
392.0999999999891,1009974785.5088714
392.1999999999891,857939488.2479596
392.29999999998904,775612581.1375643
392.39999999998906,667668888.8340344
392.4999999999891,621591065.5967182
392.59999999998905,794759542.0647143
392.699999999989,1109172361.6728718
392.79999999998904,1280608951.8117297
392.89999999998906,1224574066.7354755
392.99999999998903,1250567210.7282958
393.099999999989,1881256043.6966486
393.199999999989,3619514009.600553
393.29999999998904,6309277687.728511
393.399999999989,8387447409.320971
393.499999999989,8018201993.35578
393.599999999989,5425660377.240034
393.699999999989,2664014050.7590446
393.799999999989,1233762047.7697527
393.89999999998895,1278571622.2493865
393.999999999989,2500424735.5181527
394.099999999989,4560793852.483467
394.19999999998896,6574466192.080013
394.2999999999889,7172952485.642267
394.39999999998895,5807952989.877058
394.499999999989,3463081005.2292614
394.59999999998894,1517594757.5498862
394.6999999999889,491359502.0578625
394.7999999999889,137034295.59865192
394.89999999998895,118115270.56853247
394.9999999999889,318516088.3801627
395.0999999999889,754120361.7872702
395.1999999999889,1375019098.3524432
395.2999999999889,1987377108.3409638
395.3999999999889,2370930581.953564
395.49999999998886,2418967639.011055
395.5999999999889,2127994018.9513829
395.6999999999889,1575060561.0509458
395.79999999998887,981278608.35628
395.89999999998884,607262436.3571892
395.99999999998886,499592972.02085674
396.0999999999889,487203962.85897595
396.19999999998885,436349999.2353316
396.2999999999888,377167722.89674145
396.39999999998884,382172413.2920966
396.49999999998886,451835782.4936777
396.5999999999888,530038804.8518705
396.6999999999888,562595594.646775
396.7999999999888,626532337.7527046
396.89999999998884,1104043438.2271106
396.9999999999888,2551497960.2772913
397.09999999998877,4944762295.685385
397.1999999999888,6979915381.359272
397.2999999999888,6998251802.861768
397.3999999999888,4969185291.4717865
397.49999999998875,2534427180.133305
397.59999999998877,1049180060.8910333
397.6999999999888,613861434.204589
397.79999999998876,713828405.5709687
397.8999999999887,923879306.0505096
397.99999999998875,1080089263.719862
398.09999999998877,1186949004.1049042
398.19999999998873,1295856152.073335
398.2999999999887,1413777652.0262177
398.3999999999887,1439830344.0609179
398.49999999998875,1246461899.3642883
398.5999999999887,892772066.39568
398.6999999999887,659047708.3377919
398.7999999999887,792030415.3386036
398.8999999999887,1251333327.1624858
398.9999999999887,1756145396.247209
399.09999999998865,2122465774.6322923
399.1999999999887,2408367678.00271
399.2999999999887,2583199728.837225
399.39999999998867,2381078146.1185565
399.49999999998863,1745723447.7868001
399.59999999998865,1078613539.1076303
399.6999999999887,812427785.2366532
399.79999999998864,956026692.9593354
399.8999999999886,1161333286.4081233
399.99999999998863,1176725033.221244
400.09999999998865,1165005090.5097733
400.1999999999886,1431303296.3963935
400.2999999999886,1880507955.847128
400.3999999999886,2034657348.8637834
400.49999999998863,1647494610.8309305
400.5999999999886,990279551.6751915
400.69999999998856,460133426.1533259
400.7999999999886,224959149.20657355
400.8999999999886,305650055.8045714
400.9999999999886,725175030.2589983
401.09999999998854,1398226872.4656968
401.19999999998856,1978030854.8466525
401.2999999999886,2090559640.24406
401.39999999998855,1731002358.1076639
401.4999999999885,1194747565.993575
401.59999999998854,735288205.0213151
401.69999999998856,482597988.57913357
401.79999999998853,483570550.54247177
401.8999999999885,643114481.214247
401.9999999999885,748002792.195469
402.09999999998854,681026708.1121217
402.1999999999885,551906634.1796387
402.2999999999885,519009354.51393586
402.3999999999885,567355483.6809261
402.4999999999885,580298518.3119742
402.5999999999885,550486123.0047485
402.69999999998845,568735460.5128634
402.7999999999885,649258272.6116681
402.8999999999885,720982831.3826618
402.99999999998846,744899636.7784841
403.0999999999884,704656049.9950751
403.19999999998845,567301189.4496502
403.2999999999885,356700896.4663137
403.39999999998844,166619211.9914729
403.4999999999884,61386560.607800454
403.5999999999884,47136306.29842365
403.69999999998845,147527771.15356356
403.7999999999884,451195831.22494805
403.8999999999884,1019293723.9184711
403.9999999999884,1702979705.4894989
404.0999999999884,2149046179.8680816
404.1999999999884,2107595341.3818681
404.29999999998836,1678241967.9046583
404.3999999999884,1196873455.4844363
404.4999999999884,914188515.3412946
404.59999999998837,794723111.4907967
404.69999999998834,651311300.6176392
404.79999999998836,422609227.5721569
404.8999999999884,207741110.38988715
404.99999999998835,97596616.08463396
405.0999999999883,97199407.13728943
405.19999999998834,161197891.16313854
405.29999999998836,222429422.56846502
405.3999999999883,222333541.60102317
405.4999999999883,158792240.55138102
405.5999999999883,80937152.54877949
405.69999999998834,29437349.78809941
405.7999999999883,7639793.809371568
405.89999999998827,1414805.400536681
405.9999999999883,186957.94359775685
406.0999999999883,39179.022057937036
406.1999999999883,252721.59086504675
406.29999999998824,2100302.3139364584
406.39999999998827,12569486.560851185
406.4999999999883,53895558.38464097
406.59999999998826,166288258.47135338
406.6999999999882,373209776.24228734
406.79999999998824,628254512.4689194
406.89999999998827,858774992.1436722
406.99999999998823,1108866352.5242512
407.0999999999882,1536549524.9705648
407.1999999999882,2201336308.4079413
407.29999999998824,2964703599.9912214
407.3999999999882,3607177801.559025
407.4999999999882,3869249804.570338
407.5999999999882,3479707245.0122566
407.6999999999882,2472650768.546553
407.7999999999882,1341202622.8203423
407.89999999998815,609927979.665974
407.9999999999882,460003105.8170793
408.0999999999882,816568377.921776
408.19999999998817,1453415891.428201
408.29999999998813,1979869455.1161773
408.39999999998815,2049128917.8083296
408.4999999999882,1651988112.7085004
408.59999999998814,1060716483.2859707
408.6999999999881,544747136.0195158
408.79999999998813,220034842.30697227
408.89999999998815,68038511.0372438
408.9999999999881,15711846.026512245
409.0999999999881,2662954.954173572
409.1999999999881,323131.0742924625
409.29999999998813,28919.157080076297
409.3999999999881,48206.23940426679
409.49999999998806,529167.8257615321
409.5999999999881,4177772.7993587214
409.6999999999881,23722333.95992131
409.7999999999881,96879351.56136504
409.89999999998804,284560718.6884479
409.99999999998806,601198930.1432681
410.0999999999881,914064400.8418282
410.19999999998805,1003279229.7529173
410.299999999988,810903964.8031243
410.39999999998804,539759872.1492789
410.49999999998806,432563718.17499894
410.59999999998803,529936191.8369261
410.699999999988,669802942.4477755
410.799999999988,688097887.5933826
410.89999999998804,595992189.0899472
410.999999999988,513241713.1828491
411.099999999988,471361191.4181888
411.199999999988,400587200.6705605
411.299999999988,282876169.2362267
411.399999999988,210395776.17056233
411.49999999998795,314717367.11419266
411.599999999988,679344066.3221885
411.699999999988,1237131952.7312376
411.79999999998796,1729921630.6226373
411.8999999999879,1904717378.8142715
411.99999999998795,1798653735.880916
412.099999999988,1749480934.1215534
412.19999999998794,2078213641.6915786
412.2999999999879,2719564571.66841
412.3999999999879,3242665908.726161
412.49999999998795,3379210460.962812
412.5999999999879,3294474357.6910815
412.6999999999879,3142347871.116236
412.7999999999879,2814769936.50206
412.8999999999879,2370016597.2416697
412.9999999999879,2198895944.3333993
413.09999999998786,2556959002.3094974
413.1999999999879,3272320571.64573
413.2999999999879,3977100932.3939676
413.39999999998787,4395663683.728116
413.49999999998784,4437582046.059064
413.59999999998786,4194956411.068652
413.6999999999879,3764039643.257315
413.79999999998785,3093736947.8777194
413.8999999999878,2261943666.843103
413.99999999998784,1670649864.2372782
414.09999999998786,1635096137.3271904
414.1999999999878,2016647778.3503656
414.2999999999878,2469485957.961667
414.3999999999878,2807368589.3486247
414.49999999998784,2963202800.4342513
414.5999999999878,2844251933.569048
414.69999999998777,2457349974.1778235
414.7999999999878,2058117676.5956793
414.8999999999878,1995769059.6428103
414.9999999999878,2367699344.2169013
415.09999999998774,2845304496.969366
415.19999999998777,2902652701.7376657
415.2999999999878,2318201445.752127
415.39999999998776,1402399573.0658286
415.4999999999877,633797319.3886555
415.59999999998774,212934914.46149576
415.69999999998777,53198591.454200715
415.79999999998773,10175263.874100968
415.8999999999877,4078008.9347898243
415.9999999999877,19121745.963654373
416.09999999998774,96814152.52056856
416.1999999999877,358758441.2896105
416.2999999999877,965946619.618903
416.3999999999877,1890234278.2063253
416.4999999999877,2691922727.373238
416.5999999999877,2804249774.483285
416.69999999998765,2178621752.555023
416.7999999999877,1348955341.7945611
416.8999999999877,785571662.6287432
416.99999999998766,509831873.75782275
417.09999999998763,339347392.4899188
417.19999999998765,190293362.6483398
417.2999999999877,81120249.15550606
417.39999999998764,25440668.703010406
417.4999999999876,5815801.101036026
417.59999999998763,967840.7142447947
417.69999999998765,120827.59209061899
417.7999999999876,412025.81771838263
417.8999999999876,4517517.643696957
417.9999999999876,37231312.87747998
418.09999999998763,224786142.89046484
418.1999999999876,993214053.2982038
418.29999999998756,3209223497.199592
418.3999999999876,7579085418.857772
418.4999999999876,13078831217.829487
418.5999999999876,16490497426.283894
418.69999999998754,15196002773.931952
418.79999999998756,10247845055.278587
418.8999999999876,5103098132.332823
418.99999999998755,2018968462.9993303
419.0999999999875,973646750.7873914
419.19999999998754,995924687.8228303
419.29999999998756,1253642097.5835955
419.39999999998753,1318172030.7044246
419.4999999999875,1154018414.4319415
419.5999999999875,934892499.2527591
419.69999999998754,781671160.0862033
419.7999999999875,682624720.6816621
419.8999999999875,593395264.7700031
419.9999999999875,534953104.19457763
420.0999999999875,568960491.8109263
420.1999999999875,675169231.9643905
420.29999999998745,729857421.3516707
420.3999999999875,677436722.3065166
420.4999999999875,650082442.3062615
420.59999999998746,810693603.5237845
420.6999999999874,1098974751.8907518
420.79999999998745,1241204949.6872494
420.8999999999875,1060378690.4716076
420.99999999998744,683366923.6941965
421.0999999999874,372918507.37347597
421.1999999999874,257018211.8800524
421.29999999998745,276178835.6653347
421.3999999999874,301341822.9422448
421.4999999999874,257263966.84793815
421.5999999999874,163045040.01747102
421.6999999999874,79729425.35901193
421.7999999999874,48213962.49621425
421.89999999998736,89795909.74106768
421.9999999999874,231021048.03553724
422.0999999999874,485505848.17456645
422.19999999998737,811538980.5973983
422.29999999998734,1117950411.9756546
422.39999999998736,1315437323.2345512
422.4999999999874,1359214341.6177661
422.59999999998735,1270337110.705306
422.6999999999873,1101869731.6748166
422.79999999998734,872640380.0152652
422.89999999998736,592439613.4011127
422.9999999999873,328572655.8502744
423.0999999999873,173272632.07777926
423.1999999999873,180933318.35743296
423.29999999998734,359318505.378274
423.3999999999873,645111532.6092197
423.49999999998727,880906800.5197616
423.5999999999873,934328341.5584496
423.6999999999873,877002598.5182227
423.7999999999873,928367831.0689884
423.89999999998724,1175372478.523896
423.99999999998727,1442683568.7291813
424.0999999999873,1486221119.3198087
424.19999999998726,1253092693.9091604
424.2999999999872,915103198.0898407
424.39999999998724,698589612.1191714
424.49999999998727,722744106.5048321
424.59999999998723,962611741.7079006
424.6999999999872,1287092475.7670836
424.7999999999872,1502003315.5364113
424.89999999998724,1457449681.2001884
424.9999999999872,1221960968.0487506
425.0999999999872,1066444682.3737618
425.1999999999872,1164304038.0464365
425.2999999999872,1386303490.7688522
425.3999999999872,1473925398.2303157
425.49999999998715,1319118480.9878163
425.5999999999872,996771910.2668601
425.6999999999872,639289574.8109044
425.79999999998716,380075800.2048937
425.89999999998713,374703905.45206815
425.99999999998715,826174226.8636906
426.0999999999872,1877998200.7663982
426.19999999998714,3277391375.6984544
426.2999999999871,4233100230.7900915
426.39999999998713,4033412405.8625083
426.49999999998715,2844096443.2893667
426.5999999999871,1528253690.4056625
426.6999999999871,768328978.0495069
426.7999999999871,664850129.9190865
426.89999999998713,941794184.032335
426.9999999999871,1211191775.3461492
427.09999999998706,1193501957.2163227
427.1999999999871,912362572.1181308
427.2999999999871,646182743.492854
427.3999999999871,642614131.0615807
427.49999999998704,892100327.7382975
427.59999999998706,1140215231.1000097
427.6999999999871,1123606662.9498897
427.79999999998705,823552284.5586275
427.899999999987,446267111.82388663
427.99999999998704,178605898.0266357
428.09999999998706,52793970.3173646
428.199999999987,11599203.740294792
428.299999999987,2591125.9272938855
428.399999999987,5320988.132292843
428.49999999998704,26224729.686330985
428.599999999987,99620830.6331019
428.69999999998697,280190517.6388468
428.799999999987,583061925.4627117
428.899999999987,897855361.566034
428.999999999987,1024543276.2513835
429.09999999998695,875482367.6266192
429.19999999998697,603842011.0578885
429.299999999987,484690826.21643865
429.39999999998696,709436644.3284522
429.4999999999869,1248869773.7894099
429.59999999998695,1814588331.3019233
429.69999999998697,2045939955.861369
429.79999999998694,1849410435.5620875
429.8999999999869,1446427422.969331
429.9999999999869,1063338512.9659642
430.09999999998695,762580883.7270453
430.1999999999869,574641071.6916568
430.2999999999869,591943506.6683897
430.3999999999869,900241920.9825783
430.4999999999869,1538976164.268465
430.5999999999869,2544220986.107741
430.69999999998686,3865867642.1448445
430.7999999999869,5098862073.277402
430.8999999999869,5501027893.974817
430.99999999998687,4652802977.350988
431.09999999998684,3010063548.6465282
431.19999999998686,1470132172.0451615
431.2999999999869,538524182.1666713
431.39999999998685,147821532.09858218
431.4999999999868,32580362.7004633
431.59999999998684,16135784.296060259
431.69999999998686,41018046.837213784
431.7999999999868,105994658.33059283
431.8999999999868,209360431.45568562
431.9999999999868,326652509.25356185
432.09999999998684,458631585.05482125
432.1999999999868,710681203.179319
432.29999999998677,1232657168.7814937
432.3999999999868,1959498461.215723
432.4999999999868,2479474455.5636597
432.5999999999868,2376629936.0445137
432.69999999998674,1702192610.3181756
432.79999999998677,907761350.9581323
432.8999999999868,360138049.2743524
432.99999999998676,106314419.03800727
433.0999999999867,23756245.125327088
433.19999999998674,6581644.041039173
433.29999999998677,13592361.858155712
433.39999999998673,46297723.48779349
433.4999999999867,121374493.36915694
433.5999999999867,237303906.3069249
433.69999999998674,346495948.1898061
433.7999999999867,382600279.23781246
433.8999999999867,340777264.04377455
433.9999999999867,312465208.58966535
434.0999999999867,409956546.5016948
434.1999999999867,641885205.9167832
434.29999999998665,864055981.6513401
434.3999999999867,894204153.4709301
434.4999999999867,702247728.5422823
434.59999999998666,442783916.6104857
434.69999999998663,290866388.3724175
434.79999999998665,298535490.22568464
434.8999999999867,401346854.6883784
434.99999999998664,508603726.84221107
435.0999999999866,571121842.3838913
435.19999999998663,573279772.2118945
435.29999999998665,500809399.2396891
435.3999999999866,360570653.708971
435.4999999999866,204160447.24857318
435.5999999999866,88433058.4240256
435.69999999998663,28996202.298070855
435.7999999999866,7889471.964174545
435.89999999998656,6149477.505908507
435.9999999999866,21922309.34701286
436.0999999999866,72856472.71195996
436.1999999999866,182367769.32647136
436.29999999998654,341287710.8002324
436.39999999998656,477394837.2333857
436.4999999999866,499139675.56772274
436.59999999998655,390108396.8323099
436.6999999999865,228155666.86189958
436.79999999998654,101383371.46037911
436.89999999998656,41473608.14400543
436.9999999999865,40286937.31805647
437.0999999999865,90418207.20760198
437.1999999999865,189987804.37464982
437.29999999998654,320296334.1631152
437.3999999999865,436506790.4754286
437.49999999998647,487571227.46799517
437.5999999999865,448825419.6657997
437.6999999999865,348927820.5958324
437.7999999999865,272997719.50263685
437.89999999998645,323468220.5391782
437.99999999998647,542620096.6687679
438.0999999999865,839290544.0782592
438.19999999998646,1018357919.4794818
438.2999999999864,957448066.1437602
438.39999999998645,747267900.8592095
438.49999999998647,589072711.8359057
438.59999999998644,574853987.5536144
438.6999999999864,631504043.5100753
438.7999999999864,660789766.6641977
438.89999999998645,664872025.8195722
438.9999999999864,699960786.8662926
439.0999999999864,746233538.9468833
439.1999999999864,705739107.217877
439.2999999999864,541293676.8522804
439.3999999999864,347988665.14554554
439.49999999998636,277867001.33456105
439.5999999999864,446532713.8906858
439.6999999999864,867936285.6687468
439.79999999998637,1375442376.4358335
439.89999999998633,1653449146.4416902
439.99999999998636,1494290859.4523075
440.0999999999864,1014185347.161868
440.19999999998635,516877312.9563111
440.2999999999863,197804822.5589753
440.39999999998633,56841537.24402821
440.49999999998636,12265197.782961197
440.5999999999863,1987299.711031384
440.6999999999863,241786.76630166726
440.7999999999863,22089.317708799346
440.89999999998633,0.0
440.9999999999863,23655.18047123442
441.09999999998627,248405.05746338115
441.1999999999863,1963618.6207244473
441.2999999999863,11684668.344987791
441.3999999999863,52340537.50585191
441.49999999998624,176490976.76434073
441.59999999998627,447991088.6057833
441.6999999999863,856009892.6716876
441.79999999998626,1231264213.6880782
441.8999999999862,1333189563.7799144
441.99999999998624,1086822707.9916956
442.09999999998627,668038677.1771601
442.19999999998623,314926585.5684919
442.2999999999862,135432384.93129548
442.3999999999862,116563522.71366861
442.49999999998624,218310913.56147334
442.5999999999862,394855149.6164839
442.6999999999862,562304616.8767114
442.7999999999862,617659279.3160968
442.8999999999862,521811982.12949896
442.9999999999862,338447976.94922584
443.09999999998615,168216405.94345397
443.1999999999862,63946696.784216635
443.2999999999862,18558903.388223156
443.39999999998616,4105349.9934453475
443.49999999998613,691151.6806246613
443.59999999998615,88443.82512435157
443.6999999999862,8446.620290885412
443.79999999998614,0.0
443.8999999999861,0.0
443.99999999998613,3984.613027125599
444.09999999998615,47266.312125665085
444.1999999999861,434963.6047167447
444.2999999999861,2983095.7065971144
444.3999999999861,15548127.416321628
444.49999999998613,61734666.43047318
444.5999999999861,187339048.16211146
444.69999999998606,436311546.77795464
444.7999999999861,783879387.0171475
444.8999999999861,1092575174.218699
444.9999999999861,1187979415.753343
445.09999999998604,1012099842.0137981
445.19999999998606,677162207.530216
445.2999999999861,356429284.54050744
445.39999999998605,152684229.22399428
445.499999999986,80521329.66251938
445.59999999998604,140785708.77432778
445.69999999998606,377722938.0192471
445.799999999986,832730831.686585
445.899999999986,1410038233.998574
445.999999999986,1828129987.0797868
446.09999999998604,1817191829.0277538
446.199999999986,1386903895.2417233
446.29999999998597,813766700.5000126
446.399999999986,368059875.0633574
446.499999999986,132890653.42443386
446.599999999986,60492045.33436407
446.69999999998595,106046904.36135541
446.79999999998597,283415717.9138774
446.899999999986,612772401.6169958
446.99999999998596,1014451830.7449151
447.0999999999859,1285657457.1644194
447.19999999998595,1252321020.73659
447.29999999998597,943131110.5691894
447.39999999998594,555825150.1760309
447.4999999999859,270369771.47438806
447.5999999999859,143793353.90272692
447.69999999998595,143558744.6532558
447.7999999999859,207942000.39050564
447.8999999999859,280598840.6613419
447.9999999999859,347179078.1314289
448.0999999999859,454073487.749261
448.1999999999859,648119742.2227246
448.29999999998586,882603884.2816384
448.3999999999859,1032541992.8443834
448.4999999999859,1022976977.7401192
448.59999999998587,887351657.2196193
448.69999999998583,691950169.3493407
448.79999999998586,476693277.5212701
448.8999999999859,276306710.1521857
448.99999999998585,128952250.65048206
449.0999999999858,49494960.38158599
449.19999999998583,34375671.95313873
449.29999999998586,130110299.03976867
449.3999999999858,579566500.0906904
449.4999999999858,2004213713.0756435
449.5999999999858,5277038008.211456
449.69999999998583,10571352559.373745
449.7999999999858,16111920925.625502
449.89999999998577,18682425244.2998
449.9999999999858,16480925164.812431
450.0999999999858,11060777200.426203
450.1999999999858,5647273766.814409
450.29999999998574,2193485200.443337
450.39999999998577,648137120.0964222
450.4999999999858,145689812.3142676
450.59999999998576,24912395.917336963
450.6999999999857,3240558.79031462
450.79999999998574,320653.9755190797
450.89999999998577,0.0
450.99999999998573,0.0
451.0999999999857,0.0
451.1999999999857,0.0
451.29999999998574,0.0
451.3999999999857,8077.92319029122
451.4999999999857,82548.03011442162
451.5999999999857,643277.8641396774
451.6999999999857,3822745.615992929
451.7999999999857,17326761.659050014
451.89999999998565,59908632.893133104
451.9999999999857,158139893.31573668
452.0999999999857,319613500.7481744
452.19999999998566,499533276.70754665
452.29999999998563,624484930.562769
452.39999999998565,689487230.2143633
452.4999999999857,807633996.6413075
452.59999999998564,1093255263.4153552
452.6999999999856,1478112553.7285752
452.79999999998563,1706271083.7286491
452.89999999998565,1570494822.4284413
452.9999999999856,1126939217.7635894
453.0999999999856,625511464.016134
453.1999999999856,267719156.2242092
453.29999999998563,89197836.4192519
453.3999999999856,28722718.21182839
453.49999999998556,31018491.80090239
453.5999999999856,84376042.80496722
453.6999999999856,200588958.2399258
453.7999999999856,366979959.0767018
453.89999999998554,513704497.7861363
453.99999999998556,551761652.256472
454.0999999999856,460417417.370436
454.19999999998555,312631846.13902515
454.2999999999855,198271604.8056959
454.39999999998554,145182734.43431464
454.49999999998556,123820897.51476327
454.5999999999855,103004580.33914003
454.6999999999855,84071118.76089296
454.7999999999855,90535265.15704262
454.89999999998554,136853027.00111046
454.9999999999855,205043138.59367967
455.09999999998547,249800051.8689806
455.1999999999855,235690870.18638578
455.2999999999855,171304477.40223292
455.3999999999855,100210525.77586086
455.49999999998545,68418875.61187808
455.59999999998547,119172897.20331542
455.6999999999855,311646347.8555834
455.79999999998546,702825926.7493808
455.8999999999854,1266042389.262678
455.99999999998545,1828356961.4720557
456.09999999998547,2139488861.41191
456.19999999998544,2043897699.0665967
456.2999999999854,1595360879.9512787
456.3999999999854,1011175920.7309713
456.49999999998545,516257519.227567
456.5999999999854,218500686.4709192
456.6999999999854,114177564.26433936
456.7999999999854,181913975.4960684
456.8999999999854,439064661.60026
456.9999999999854,881835547.5856686
457.09999999998536,1369011725.3534987
457.1999999999854,1633490494.5620997
457.2999999999854,1497346640.8420982
457.39999999998537,1054390126.1250441
457.49999999998533,570480294.323035
457.59999999998536,238041373.53719586
457.6999999999854,80947258.56737007
457.79999999998535,38500708.52585639
457.8999999999853,60894532.65328228
457.99999999998533,127237362.38984537
458.09999999998536,214907930.11545417
458.1999999999853,279709080.5939437
458.2999999999853,279635229.00352716
458.3999999999853,214681820.6033566
458.49999999998533,126587618.9183102
458.5999999999853,57498951.475752264
458.69999999998527,21319667.853166386
458.7999999999853,12886146.978040617
458.8999999999853,32577517.13463417
458.9999999999853,100909647.92554353
459.09999999998524,247843604.95278507
459.19999999998527,468790856.0673153
459.2999999999853,681869442.2939981
459.39999999998525,762643580.8943533
459.4999999999852,655997465.5064173
459.59999999998524,434639585.54935986
459.69999999998527,225451202.9170775
459.79999999998523,106275118.05044945
459.8999999999852,89023986.43884838
459.9999999999852,159918604.54938844
460.09999999998524,295380719.4965072
460.1999999999852,454285484.26954085
460.2999999999852,605999922.672454
460.3999999999852,789959608.6756244
460.4999999999852,1111022569.6753924
460.5999999999852,1620240556.0770624
460.69999999998515,2180275676.3043623
460.7999999999852,2486881122.914363
460.8999999999852,2302347188.8224688
460.99999999998516,1692321160.1569197
461.09999999998513,975533184.0377743
461.19999999998515,437802982.61523736
461.2999999999852,152294915.88405222
461.39999999998514,40956965.97340041
461.4999999999851,8502105.722212812
461.59999999998513,1361086.5962849387
461.69999999998515,167713.50078701624
461.7999999999851,15955.337619784375
461.8999999999851,16521.831071656507
461.9999999999851,155530.59173913338
462.09999999998513,1130168.7841711135
462.1999999999851,6339290.113798947
462.29999999998506,27451921.158435125
462.3999999999851,91777168.3632665
462.4999999999851,236977289.65426904
462.5999999999851,473097504.8339315
462.69999999998504,732499542.0931864
462.79999999998506,887379042.3583398
462.8999999999851,861605657.8699344
462.99999999998505,710351238.072809
463.099999999985,549653134.6334877
463.19999999998504,431830051.1461755
463.29999999998506,331673742.8004658
463.399999999985,224296960.8560217
463.499999999985,123789115.02406171
463.599999999985,53846834.68548442
463.69999999998504,18218323.498849627
463.799999999985,4768803.269524481
463.89999999998497,965865.9406020864
463.999999999985,151076.16825400037
464.099999999985,18249.322038745777
464.199999999985,1702.4296448786667
464.29999999998495,0.0
464.39999999998497,0.0
464.499999999985,0.0
464.59999999998496,0.0
464.6999999999849,0.0
464.79999999998495,0.0
464.89999999998497,0.0
464.99999999998494,0.0
465.0999999999849,0.0
465.1999999999849,0.0
465.29999999998495,0.0
465.3999999999849,0.0
465.4999999999849,0.0
465.5999999999849,0.0
465.6999999999849,0.0
465.7999999999849,0.0
465.89999999998486,0.0
465.9999999999849,0.0
466.0999999999849,0.0
466.19999999998487,55470.04470050378
466.29999999998483,571133.3125200486
466.39999999998486,4567731.754553303
466.4999999999849,28374695.89415508
466.59999999998485,136902838.70174396
466.6999999999848,513011623.09296316
466.79999999998483,1492994803.1808572
466.89999999998486,3374421687.9180436
466.9999999999848,5923185446.388932
467.0999999999848,8077043384.112255
467.1999999999848,8570036792.306865
467.29999999998483,7132865892.622569
467.3999999999848,4841353876.056387
467.49999999998477,3123318491.7920456
467.5999999999848,2608276423.2121596
467.6999999999848,2900084353.7614703
467.7999999999848,3156930553.1249027
467.89999999998474,2831548872.660299
467.99999999998477,2007787338.3609853
468.0999999999848,1139759919.5501883
468.19999999998475,570700729.8397278
468.2999999999847,333450451.3039861
468.39999999998474,276494365.46390873
468.49999999998477,250759816.19356367
468.59999999998473,194585071.41164592
468.6999999999847,119723500.63241513
468.7999999999847,57441704.00442281
468.89999999998474,21428359.538329653
468.9999999999847,6209485.969268002
469.0999999999847,1397606.3509310803
469.1999999999847,244329.87384227943
469.2999999999847,33176.51514777892
469.3999999999847,3499.0282670684346
469.49999999998465,0.0
469.5999999999847,0.0
469.6999999999847,0.0
469.79999999998466,0.0
469.89999999998463,0.0
469.99999999998465,0.0
470.0999999999847,0.0
470.19999999998464,0.0
470.2999999999846,0.0
470.39999999998463,0.0
470.49999999998465,0.0
470.5999999999846,0.0
470.6999999999846,0.0
470.7999999999846,0.0
470.89999999998463,0.0
470.9999999999846,0.0
471.09999999998456,0.0
471.1999999999846,0.0
471.2999999999846,0.0
471.3999999999846,0.0
471.49999999998454,0.0
471.59999999998456,0.0
471.6999999999846,0.0
471.79999999998455,0.0
471.8999999999845,0.0
471.99999999998454,0.0
472.09999999998456,0.0
472.1999999999845,0.0
472.2999999999845,0.0
472.3999999999845,0.0
472.49999999998454,0.0
472.5999999999845,0.0
472.69999999998447,0.0
472.7999999999845,11247.862656330997
472.8999999999845,98240.99316504349
472.9999999999845,670200.4524195859
473.09999999998445,3571132.1515397434
473.19999999998447,14862653.726749042
473.2999999999845,48314337.66393304
473.39999999998446,122671855.27909571
473.4999999999844,243278130.4324547
473.59999999998445,376834310.79287297
473.69999999998447,455918316.20828867
473.79999999998444,430836882.1449855
473.8999999999844,318000601.4682705
473.9999999999844,183329452.4000588
474.09999999998445,82551652.96964696
474.1999999999844,29034111.41541368
474.2999999999844,7975915.368718661
474.3999999999844,1711361.5406097665
474.4999999999844,286808.64082549955
474.5999999999844,37543.2553820446
474.69999999998436,3838.4939168101696
474.7999999999844,0.0
474.8999999999844,0.0
474.99999999998437,0.0
475.09999999998433,0.0
475.19999999998436,0.0
475.2999999999844,0.0
475.39999999998435,0.0
475.4999999999843,0.0
475.59999999998433,0.0
475.69999999998436,0.0
475.7999999999843,0.0
475.8999999999843,8870.133505860877
475.9999999999843,82613.19956237003
476.09999999998433,602928.2408404533
476.1999999999843,3454839.348004617
476.29999999998427,15515062.074286738
476.3999999999843,54723230.58024367
476.4999999999843,151961943.71378556
476.5999999999843,333897248.2867451
476.69999999998424,586304605.68725
476.79999999998427,838352640.8916051
476.8999999999843,1007797307.6328164
476.99999999998425,1064302063.6673006
477.0999999999842,1028977896.4833513
477.19999999998424,925284234.0514456
477.29999999998427,763635350.2946359
477.39999999998423,565700912.658753
477.4999999999842,375115632.08979696
477.5999999999842,246503759.64058506
477.69999999998424,237337276.71734458
477.7999999999842,397595888.47357154
477.8999999999842,727380171.5146617
477.9999999999842,1116457730.9063432
478.0999999999842,1360548921.5357451
478.1999999999842,1308821535.9583304
478.29999999998415,1011263426.0072042
478.3999999999842,687536905.8634889
478.4999999999842,550907995.5382174
478.59999999998416,665409092.0390252
478.69999999998413,920606304.8203747
478.79999999998415,1111949159.0929368
478.8999999999842,1096800498.9839623
478.99999999998414,922360673.8834453
479.0999999999841,790473590.5409725
479.19999999998413,873345792.097224
479.29999999998415,1147737861.0197992
479.3999999999841,1398037817.80872
479.4999999999841,1398308872.216751
479.5999999999841,1110209404.8873138
479.69999999998413,694154823.4018391
479.7999999999841,341171284.1868831
479.89999999998406,131756853.99270526
479.9999999999841,39984004.85584363
480.0999999999841,9581319.819929097
480.1999999999841,2179540.8705777903
480.29999999998404,2683320.256175207
480.39999999998406,11719493.296944438
480.4999999999841,44416789.79472756
480.59999999998405,132808318.09659725
480.699999999984,312475716.73482233
480.79999999998404,578522368.0940186
480.89999999998406,842824058.0550598
480.999999999984,966211814.0852655
481.099999999984,871693165.315905
481.199999999984,619413165.1168886
481.29999999998404,349465015.3538265
481.399999999984,168157176.82328257
481.49999999998397,106125948.38205744
481.599999999984,153792567.80102915
481.699999999984,290969277.3428036
481.799999999984,474964959.05677897
481.89999999998395,632552183.8366117
481.99999999998397,697729670.5341969
482.099999999984,658495118.1965885
482.19999999998396,551896331.5376879
482.2999999999839,425732152.0593901
482.39999999998395,328873513.63757145
482.49999999998397,328036969.34712446
482.59999999998394,494669648.18130875
482.6999999999839,837432207.6363401
482.7999999999839,1233297707.3369908
482.89999999998395,1462622310.7078242
482.9999999999839,1373436793.9054792
483.0999999999839,1017659124.1236093
483.1999999999839,594579488.6628181
483.2999999999839,273885852.5925372
483.3999999999839,99465348.74481252
483.49999999998386,28478140.46272681
483.5999999999839,6428195.165263318
483.6999999999839,1143942.217083834
483.79999999998387,160493.23459269947
483.89999999998383,17751.987360097915
483.99999999998386,0.0
484.0999999999839,0.0
484.19999999998385,0.0
484.2999999999838,0.0
484.39999999998383,0.0
484.49999999998386,0.0
484.5999999999838,0.0
484.6999999999838,0.0
484.7999999999838,0.0
484.89999999998383,0.0
484.9999999999838,0.0
485.09999999998377,0.0
485.1999999999838,0.0
485.2999999999838,0.0
485.3999999999838,0.0
485.49999999998374,0.0
485.59999999998377,0.0
485.6999999999838,0.0
485.79999999998375,0.0
485.8999999999837,0.0
485.99999999998374,0.0
486.09999999998377,0.0
486.19999999998373,0.0
486.2999999999837,0.0
486.3999999999837,0.0
486.49999999998374,0.0
486.5999999999837,0.0
486.6999999999837,0.0
486.7999999999837,0.0
486.8999999999837,0.0
486.9999999999837,0.0
487.09999999998365,0.0
487.1999999999837,0.0
487.2999999999837,24777.315004035165
487.39999999998366,199308.89343877282
487.49999999998363,1270503.1524369975
487.59999999998365,6418025.662804337
487.6999999999837,25692347.354712136
487.79999999998364,81504718.89082117
487.8999999999836,204898300.45102486
487.99999999998363,408197736.0126932
488.09999999998365,644435506.1263721
488.1999999999836,806241154.0301117
488.2999999999836,799331813.1543224
488.3999999999836,628008998.8297213
488.49999999998363,391004061.7793913
488.5999999999836,192918245.8083979
488.69999999998356,75453375.15738188
488.7999999999836,23574731.69801994
488.8999999999836,7118397.799288209
488.9999999999836,8551235.39275199
489.09999999998354,31961484.327986866
489.19999999998356,107883549.87892647
489.2999999999836,290420088.79055256
489.39999999998355,620510896.5369366
489.4999999999835,1052073734.0932852
489.59999999998354,1415602565.3869014
489.69999999998356,1512206057.5864017
489.7999999999835,1285751382.6841424
489.8999999999835,883946141.4529969
489.9999999999835,537545230.075082
490.09999999998354,404363956.18207604
490.1999999999835,512102677.6344209
490.29999999998347,772422535.3739899
490.3999999999835,1016872421.6867841
490.4999999999835,1080360674.1932602
490.5999999999835,913865698.5068151
490.69999999998345,614138240.2785662
490.79999999998347,327784774.1528816
490.8999999999835,139038084.21770683
490.99999999998346,47518439.31948249
491.0999999999834,16479836.632389948
491.19999999998345,19263881.76622805
491.29999999998347,55552366.9243343
491.39999999998344,145409467.1658291
491.4999999999834,304835138.2485243
491.5999999999834,508298089.4844715
491.69999999998345,673909209.0139155
491.7999999999834,710402858.3095716
491.8999999999834,595426836.1552026
491.9999999999834,396800768.31184834
492.0999999999834,210250481.73232448
492.1999999999834,88577188.22978084
492.29999999998336,29670657.878064144
492.3999999999834,7902288.064577709
492.4999999999834,1673396.7981171503
492.59999999998337,281750.96072092076
492.69999999998333,37718.31410638064
492.79999999998336,4014.7595097250287
492.8999999999834,0.0
492.99999999998334,0.0
493.0999999999833,0.0
493.19999999998333,0.0
493.29999999998336,0.0
493.3999999999833,0.0
493.4999999999833,0.0
493.5999999999833,0.0
493.69999999998333,0.0
493.7999999999833,0.0
493.89999999998327,0.0
493.9999999999833,0.0
494.0999999999833,0.0
494.1999999999833,0.0
494.29999999998324,0.0
494.39999999998327,0.0
494.4999999999833,0.0
494.59999999998325,0.0
494.6999999999832,0.0
494.79999999998324,0.0
494.89999999998327,0.0
494.99999999998323,0.0
495.0999999999832,0.0
495.1999999999832,0.0
495.29999999998324,0.0
495.3999999999832,0.0
495.4999999999832,0.0
495.5999999999832,0.0
495.6999999999832,0.0
495.7999999999832,0.0
495.89999999998315,0.0
495.9999999999832,0.0
496.0999999999832,0.0
496.19999999998316,0.0
496.29999999998313,0.0
496.39999999998315,0.0
496.4999999999832,0.0
496.59999999998314,0.0
496.6999999999831,0.0
496.79999999998313,0.0
496.89999999998315,0.0
496.9999999999831,0.0
497.0999999999831,0.0
497.1999999999831,0.0
497.29999999998313,0.0
497.3999999999831,0.0
497.49999999998306,0.0
497.5999999999831,0.0
497.6999999999831,0.0
497.7999999999831,0.0
497.89999999998304,0.0
497.99999999998306,0.0
498.0999999999831,0.0
498.19999999998305,0.0
498.299999999983,0.0
498.39999999998304,0.0
498.49999999998306,0.0
498.599999999983,0.0
498.699999999983,0.0
498.799999999983,0.0
498.89999999998304,0.0
498.999999999983,0.0
499.09999999998297,0.0
499.199999999983,0.0
499.299999999983,0.0
499.399999999983,0.0
499.49999999998295,0.0
499.59999999998297,0.0
499.699999999983,0.0
499.79999999998296,0.0
499.8999999999829,10285.828947486005
499.99999999998295,85888.16141204047
500.09999999998297,574973.0849270769
500.19999999998294,3085900.550831821
500.2999999999829,13278118.424289146
500.3999999999829,45804837.90469686
500.49999999998295,126679507.0265594
500.5999999999829,280880493.73600686
500.6999999999829,499294746.2146147
500.7999999999829,711561781.56118
500.8999999999829,812996044.3277862
500.9999999999829,744705313.2171125
501.09999999998286,546890870.3504589
501.1999999999829,321986079.1295956
501.2999999999829,151987205.9913859
501.39999999998287,57550107.195226446
501.49999999998283,17678527.42149756
501.59999999998286,5403600.340416273
501.6999999999829,5526897.655400312
501.79999999998284,15416900.43233482
501.8999999999828,39935867.868575595
501.99999999998283,83672363.61451696
502.09999999998286,140774124.85599878
502.1999999999828,190111827.28515217
502.2999999999828,206082416.0487602
502.3999999999828,179315668.43947393
502.49999999998283,125239418.60151188
502.5999999999828,70211677.17030436
502.69999999998277,31595348.70773518
502.7999999999828,11412543.860382501
502.8999999999828,3308927.620137593
502.9999999999828,770083.0713015201
503.09999999998274,162614.6662988042
503.19999999998277,165758.12616280385
503.2999999999828,893675.6249557631
503.39999999998275,4433423.99101484
503.4999999999827,17733054.945834048
503.59999999998274,57102040.53647711
503.69999999998277,148228947.94583493
503.79999999998273,311017065.4501148
503.8999999999827,530192083.3913535
503.9999999999827,741348970.365035
504.09999999998274,864456114.4126016
504.1999999999827,862096481.7908012
504.2999999999827,757887723.0846355
504.3999999999827,600687241.2720962
504.4999999999827,429270537.0829957
504.5999999999827,270494375.1933349
504.69999999998265,145816228.0143337
504.7999999999827,65570355.777442
504.8999999999827,24191633.39562328
504.99999999998266,7253244.971495563
505.09999999998263,1758249.737297479
505.19999999998265,342743.77426201163
505.2999999999827,54022.57625845742
505.39999999998264,6847.3977154498925
505.4999999999826,0.0
505.59999999998263,0.0
505.69999999998265,0.0
505.7999999999826,0.0
505.8999999999826,0.0
505.9999999999826,0.0
506.09999999998263,0.0
506.1999999999826,0.0
506.29999999998256,0.0
506.3999999999826,0.0
506.4999999999826,2069.180937048975
506.5999999999826,17264.18699762358
506.69999999998254,116145.77532957536
506.79999999998256,641980.8764210043
506.8999999999826,2853292.1968865343
506.99999999998255,10361475.988388622
507.0999999999825,31051271.133207902
507.19999999998254,77996283.59025186
507.29999999998256,167697995.46638128
507.3999999999825,315495916.6619409
507.4999999999825,526505125.31391966
507.5999999999825,777366013.6150193
507.69999999998254,998125709.2652727
507.7999999999825,1089738698.1957188
507.89999999998247,992077759.5800313
507.9999999999825,742829297.3570361
508.0999999999825,453565971.88435376
508.1999999999825,224721265.6280833
508.29999999998245,90093799.22596051
508.39999999998247,29183193.70641636
508.4999999999825,7631339.744773956
508.59999999998246,1610299.7418759838
508.6999999999824,274026.84152709873
508.79999999998245,37634.49805485988
508.89999999998247,4168.655083669443
508.99999999998244,0.0
509.0999999999824,0.0
509.1999999999824,0.0
509.29999999998245,11070.226580848594
509.3999999999824,84986.84843450491
509.4999999999824,527314.0927046401
509.5999999999824,2644292.363007393
509.6999999999824,10716969.683065822
509.7999999999824,35104029.63314327
509.89999999998236,92931806.9930091
509.9999999999824,198835639.29688275
510.0999999999824,343832177.0489982
510.19999999998237,480534449.9603746
510.29999999998233,542804878.8938826
510.39999999998236,495716667.06790733
510.4999999999824,366849595.7771066
510.59999999998234,223856040.81052166
510.6999999999823,126917048.62961166
510.79999999998233,106847244.63583258
510.89999999998236,173714213.17897844
510.9999999999823,320640632.9632877
511.0999999999823,507209470.25724125
511.1999999999823,654045803.3495736
511.29999999998233,682869576.4561957
511.3999999999823,576757377.3101422
511.49999999998226,394029441.76024973
511.5999999999823,217738257.2395758
511.6999999999823,97322076.30130069
511.7999999999823,35185080.01441666
511.89999999998224,10289073.610997269
511.99999999998226,2433686.088920218
512.0999999999823,465611.1792142079
512.1999999999823,72053.12023730698
512.2999999999822,9018.882732232152
512.3999999999822,0.0
512.4999999999823,0.0
512.5999999999822,0.0
512.6999999999822,0.0
512.7999999999822,0.0
512.8999999999822,0.0
512.9999999999823,0.0
513.0999999999822,0.0
513.1999999999822,0.0
513.2999999999822,0.0
513.3999999999821,0.0
513.4999999999822,0.0
513.5999999999822,0.0
513.6999999999822,0.0
513.7999999999822,0.0
513.8999999999821,0.0
513.9999999999822,0.0
514.0999999999822,0.0
514.1999999999821,0.0
514.2999999999821,0.0
514.3999999999821,0.0
514.4999999999822,0.0
514.5999999999822,0.0
514.6999999999821,0.0
514.7999999999821,0.0
514.8999999999821,0.0
514.999999999982,0.0
515.0999999999821,0.0
515.1999999999821,0.0
515.2999999999821,0.0
515.3999999999821,0.0
515.499999999982,0.0
515.5999999999821,0.0
515.6999999999821,0.0
515.799999999982,0.0
515.899999999982,0.0
515.999999999982,0.0
516.0999999999821,0.0
516.1999999999821,0.0
516.299999999982,0.0
516.399999999982,0.0
516.499999999982,0.0
516.599999999982,0.0
516.699999999982,0.0
516.799999999982,0.0
516.899999999982,0.0
516.999999999982,0.0
517.099999999982,0.0
517.199999999982,0.0
517.299999999982,0.0
517.3999999999819,0.0
517.4999999999819,0.0
517.599999999982,0.0
517.699999999982,8480.303842583238
517.799999999982,66006.36191800523
517.8999999999819,418087.19799780403
517.9999999999819,2155036.510633787
518.099999999982,9039597.326530902
518.1999999999819,30856753.23763559
518.2999999999819,85715242.79306498
518.3999999999819,193763772.5749319
518.4999999999819,356446039.24550676
518.599999999982,533607216.9993758
518.6999999999819,650064254.662099
518.7999999999819,644462374.273902
518.8999999999819,519930791.01263535
518.9999999999818,341350228.74516755
519.0999999999818,182373422.5602
519.1999999999819,79292039.47636779
519.2999999999819,28054615.33265469
519.3999999999819,8077663.137744796
519.4999999999818,1892665.4189654172
519.5999999999818,360884.84630126675
519.6999999999819,55997.692977026236
519.7999999999818,7070.958912414137
519.8999999999818,0.0
519.9999999999818,0.0
520.0999999999818,6746.846835556324
520.1999999999819,56609.35028124321
520.2999999999818,387275.72600838775
520.3999999999818,2160215.9587432304
520.4999999999818,9824689.87811489
520.5999999999817,36432193.331166066
520.6999999999817,110156552.5379728
520.7999999999818,271581051.2130631
520.8999999999818,546025576.5124098
520.9999999999818,895658481.815777
521.0999999999817,1200443670.4498203
521.1999999999817,1321353884.0778756
521.2999999999818,1214740961.9324427
521.3999999999817,981853472.154754
521.4999999999817,788975157.887174
521.5999999999817,735843053.7750627
521.6999999999817,801607570.9545205
521.7999999999818,905361580.5251935
521.8999999999817,1001614158.2121673
521.9999999999817,1108216908.9859626
522.0999999999817,1247111352.309313
522.1999999999816,1376631598.6949918
522.2999999999817,1401529268.8571763
522.3999999999817,1257583159.438675
522.4999999999817,982136626.8123901
522.5999999999817,694556888.5688267
522.6999999999816,505200540.5313605
522.7999999999817,439995668.84720105
522.8999999999817,440778747.49003637
522.9999999999816,426734467.79953575
523.0999999999816,357356914.71215487
523.1999999999816,248544107.81266758
523.2999999999817,141822439.82871062
523.3999999999817,66163924.57609515
523.4999999999816,25216554.109706905
523.5999999999816,7893271.980367533
523.6999999999816,2316341.263528606
523.7999999999815,2174516.788579976
523.8999999999816,7913143.464870768
523.9999999999816,28565215.188244313
524.0999999999816,84992729.32670288
524.1999999999816,206806090.0673938
524.2999999999815,411372153.7251408
524.3999999999816,668954339.961942
524.4999999999816,889299564.0629886
524.5999999999815,966472946.504151
524.6999999999815,858660218.6387769
524.7999999999815,623652980.4308308
524.8999999999816,370300825.5169269
524.9999999999816,179744817.2656249
525.0999999999815,71326036.59354644
525.1999999999815,23138213.593555175
525.2999999999815,6136229.273062886
525.3999999999814,1330342.1431208067
525.4999999999815,238582.89793622456
525.5999999999815,55583.8530926699
525.6999999999815,138291.29325223275
525.7999999999815,688818.4783780795
525.8999999999814,2893730.6561802053
525.9999999999815,9953071.425707031
526.0999999999815,28028627.73235909
526.1999999999814,64623763.95012031
526.2999999999814,121991160.52117595
526.3999999999814,188559834.76011392
526.4999999999815,238699801.95676044
526.5999999999815,247849770.59734613
526.6999999999814,212799745.70262226
526.7999999999814,157592053.5895449
526.8999999999814,120332856.58794942
526.9999999999814,134898671.01382965
527.0999999999814,217320284.99362883
527.1999999999814,353691851.2982081
527.2999999999814,493940241.6631197
527.3999999999814,570087578.2015594
527.4999999999814,539917466.0496098
527.5999999999814,419049767.2821361
527.6999999999814,266472579.55245617
527.7999999999813,138826598.15379632
527.8999999999813,59254313.574376605
527.9999999999814,20720221.57399727
528.0999999999814,5936028.169080653
528.1999999999814,1393235.863624903
528.2999999999813,267904.78548500215
528.3999999999813,42204.95402568515
528.4999999999814,5447.2025668742535
528.5999999999813,8395.870519466176
528.6999999999813,61388.635619958215
528.7999999999813,368354.5109521681
528.8999999999813,1813843.3072062042
528.9999999999814,7329752.388978858
529.0999999999813,24307181.46419232
529.1999999999813,66150886.003471136
529.2999999999813,147738093.44772655
529.3999999999812,270772826.01091164
529.4999999999812,407261566.84027255
529.5999999999813,502686868.60663867
529.6999999999813,509187127.56703454
529.7999999999813,423265678.496488
529.8999999999812,288738339.69369406
529.9999999999812,161641033.39094377
530.0999999999813,74259931.51200657
530.1999999999812,27997111.898560192
530.2999999999812,8662189.580840444
530.3999999999812,2199367.9827029607
530.4999999999812,458272.58265441057
530.5999999999813,78362.01855133697
530.6999999999812,10996.212314966579
530.7999999999812,0.0
530.8999999999812,0.0
530.9999999999811,0.0
531.0999999999812,0.0
531.1999999999812,0.0
531.2999999999812,0.0
531.3999999999812,0.0
531.4999999999811,0.0
531.5999999999812,0.0
531.6999999999812,3393.131163089011
531.7999999999811,26825.186179859997
531.8999999999811,174442.89225712098
531.9999999999811,936217.6111367973
532.0999999999812,4127753.432495892
532.1999999999812,14988742.271835878
532.2999999999811,44860383.623510875
532.3999999999811,110798751.26574379
532.4999999999811,226261646.036574
532.599999999981,383154486.5128656
532.6999999999811,540443600.5143373
532.7999999999811,639008723.4169286
532.8999999999811,638770758.6050154
532.9999999999811,545384162.9249634
533.099999999981,401833032.38557994
533.1999999999811,257440263.8854901
533.2999999999811,143733721.3855811
533.399999999981,69651619.00242299
533.499999999981,29040498.104497418
533.599999999981,10309070.750868017
533.6999999999811,3085498.6351143145
533.7999999999811,772522.0568839984
533.899999999981,160876.0339775045
533.999999999981,27230.63526960225
534.099999999981,3910.8810113109225
534.199999999981,0.0
534.299999999981,11230.99459849982
534.399999999981,78110.16734394376
534.499999999981,447682.0160466945
534.599999999981,2114484.2732215915
534.699999999981,8230230.541085775
534.799999999981,26399291.55093326
534.899999999981,69782299.19245915
534.9999999999809,152009596.83236876
535.0999999999809,272878594.9679199
535.199999999981,403683188.820989
535.299999999981,492135379.8991966
535.399999999981,494425933.6658203
535.4999999999809,409346071.92962414
535.5999999999809,279288300.0940281
535.699999999981,157031792.6481736
535.7999999999809,72760414.56726804
535.8999999999809,27782765.397068407
535.9999999999809,8742356.430406764
536.0999999999809,2267014.388943243
536.199999999981,484454.2551299191
536.2999999999809,85314.72661660743
536.3999999999809,12381.348916928178
536.4999999999809,0.0
536.5999999999808,0.0
536.6999999999808,0.0
536.7999999999809,0.0
536.8999999999809,0.0
536.9999999999809,0.0
537.0999999999808,0.0
537.1999999999808,0.0
537.2999999999809,0.0
537.3999999999808,0.0
537.4999999999808,0.0
537.5999999999808,0.0
537.6999999999808,0.0
537.7999999999809,0.0
537.8999999999808,0.0
537.9999999999808,0.0
538.0999999999808,9131.55281302635
538.1999999999807,70749.78133169335
538.2999999999807,446067.15452566656
538.3999999999808,2327529.2603069856
538.4999999999808,10054837.44167678
538.5999999999808,35978541.21537659
538.6999999999807,106705824.03105587
538.7999999999807,262483071.15176824
538.8999999999808,536085624.130508
538.9999999999807,910381727.2840952
539.0999999999807,1288666629.312461
539.1999999999807,1527908630.3738432
539.2999999999807,1533721473.7410257
539.3999999999808,1335210535.9680777
539.4999999999807,1058629932.8901892
539.5999999999807,822791726.6852539
539.6999999999807,661455988.4650525
539.7999999999806,537336598.1402395
539.8999999999807,409266932.7351795
539.9999999999807,274217387.8362781
540.0999999999807,156301531.45388094
540.1999999999807,75619959.64903684
540.2999999999806,34465280.23856269
540.3999999999807,24889783.645088926
540.4999999999807,40102373.56116741
540.5999999999806,76623977.74278499
540.6999999999806,127655691.32363306
540.7999999999806,177019549.05758274
540.8999999999807,203231568.50703514
540.9999999999807,193071657.70175093
541.0999999999806,151847885.04858902
541.1999999999806,99303022.41968885
541.2999999999806,55921059.167270355
541.3999999999805,34068742.49600423
541.4999999999806,40538169.23087987
541.5999999999806,83289330.62169045
541.6999999999806,170724085.9871925
541.7999999999806,299850561.71172726
541.8999999999805,444089955.0784763
541.9999999999806,558089808.9628161
542.0999999999806,602298127.076399
542.1999999999805,566437189.2201109
542.2999999999805,470607756.01033735
542.3999999999805,348041022.21869683
542.4999999999806,228653023.32708657
542.5999999999806,132028015.7502163
542.6999999999805,66031059.00319217
542.7999999999805,28207684.52813942
542.8999999999805,10180796.464189332
542.9999999999804,3081025.59684471
543.0999999999805,777996.5184008258
543.1999999999805,161998.63043482974
543.2999999999805,28359.05757056488
543.3999999999805,4111.421025527306
543.4999999999804,0.0
543.5999999999805,0.0
543.6999999999805,0.0
543.7999999999804,6675.538575987971
543.8999999999804,49594.513497319684
543.9999999999804,305688.86232151644
544.0999999999805,1563234.9410096079
544.1999999999805,6632351.711058774
544.2999999999804,23345839.76187228
544.3999999999804,68178918.65829116
544.4999999999804,165192138.06469846
544.5999999999804,332068206.3989187
544.6999999999804,553813930.1487455
544.7999999999804,766300504.0425433
544.8999999999804,879696783.1264597
544.9999999999804,837848609.602833
545.0999999999804,662059100.3634955
545.1999999999804,434036869.6724684
545.2999999999804,236077796.30140167
545.3999999999803,106532549.18565565
545.4999999999803,39884867.42153753
545.5999999999804,12388897.024297237
545.6999999999804,3194685.9236378036
545.7999999999804,697655.2130122122
545.8999999999803,214872.11457777972
545.9999999999803,503732.60079330223
546.0999999999804,2091450.3702353875
546.1999999999803,7478292.875136714
546.2999999999803,22213783.399521265
546.3999999999803,54816051.984315515
546.4999999999803,112372005.1499213
546.5999999999804,191369915.3192775
546.6999999999803,270741204.0356162
546.7999999999803,318200021.1952628
546.8999999999803,310678507.0502205
546.9999999999802,251992358.7803179
547.0999999999802,169796483.23195863
547.1999999999803,95046289.52979305
547.2999999999803,44198425.70367923
547.3999999999803,17074326.852123056
547.4999999999802,5479558.124505877
547.5999999999802,1460873.6049861007
547.6999999999803,323552.6070888464
547.7999999999802,59530.88265802269
547.8999999999802,9099.235328334755
547.9999999999802,0.0
548.0999999999802,0.0
548.1999999999803,0.0
548.2999999999802,0.0
548.3999999999802,0.0
548.4999999999802,0.0
548.5999999999801,0.0
548.6999999999802,0.0
548.7999999999802,0.0
548.8999999999802,0.0
548.9999999999802,0.0
549.0999999999801,0.0
549.1999999999802,0.0
549.2999999999802,0.0
549.3999999999801,0.0
549.4999999999801,0.0
549.5999999999801,0.0
549.6999999999802,0.0
549.7999999999802,0.0
549.8999999999801,0.0
549.9999999999801,0.0
550.0999999999801,2169.394832262486
550.19999999998,14916.755816142464
550.2999999999801,85456.87800491798
550.3999999999801,407902.65106035373
550.4999999999801,1622194.3936711836
550.5999999999801,5375094.78897719
550.69999999998,14839054.217374621
550.7999999999801,34132113.321793
550.8999999999801,65411935.39180624
550.99999999998,104445006.76988046
551.09999999998,138948937.00214195
551.19999999998,154013800.5468082
551.2999999999801,142233176.81256118
551.3999999999801,109440746.19440295
551.49999999998,70160721.07277963
551.59999999998,37475367.90584643
551.69999999998,16677641.322276296
551.79999999998,6183868.087622378
551.89999999998,1910392.7755778234
551.99999999998,491724.6506424972
552.09999999998,105452.80998198273
552.19999999998,18842.182075783174
552.29999999998,2805.053174926346
552.39999999998,0.0
552.49999999998,0.0
552.5999999999799,0.0
552.6999999999799,0.0
552.79999999998,0.0
552.89999999998,0.0
552.99999999998,0.0
553.0999999999799,0.0
553.1999999999799,0.0
553.29999999998,0.0
553.3999999999799,0.0
553.4999999999799,0.0
553.5999999999799,0.0
553.6999999999799,0.0
553.79999999998,0.0
553.8999999999799,0.0
553.9999999999799,0.0
554.0999999999799,0.0
554.1999999999798,0.0
554.2999999999798,0.0
554.3999999999799,0.0
554.4999999999799,5633.677716757437
554.5999999999799,38903.973774349324
554.6999999999798,224485.70021001535
554.7999999999798,1082371.011202082
554.8999999999799,4360701.664569247
554.9999999999798,14680111.42337939
555.0999999999798,41294772.80584619
555.1999999999798,97062967.1010165
555.2999999999798,190635947.75944296
555.3999999999799,312872441.8992799
555.4999999999798,429125545.15370715
555.5999999999798,492146570.2950664
555.6999999999798,473226092.2317228
555.7999999999797,386500096.5376493
555.8999999999797,284398687.48349726
555.9999999999798,230922983.05720887
556.0999999999798,275617116.25431424
556.1999999999798,436430958.0594883
556.2999999999797,684992905.0792322
556.3999999999797,940864328.0107651
556.4999999999798,1097410020.635578
556.5999999999797,1080395659.297029
556.6999999999797,896783232.5923243
556.7999999999797,627459226.3849452
556.8999999999797,370006526.63790435
556.9999999999798,183846773.49923164
557.0999999999797,76944367.99030319
557.1999999999797,27113525.498568818
557.2999999999797,8040236.283146458
557.3999999999796,2005359.1230754699
557.4999999999797,420449.8583902145
557.5999999999797,74061.59642438189
557.6999999999797,9498.683660480656
557.7999999999797,0.0
557.8999999999796,0.0
557.9999999999797,0.0
558.0999999999797,0.0
558.1999999999796,0.0
558.2999999999796,0.0
558.3999999999796,1745.2180562381238
558.4999999999797,13083.95809985383
558.5999999999797,82171.647561594
558.6999999999796,432312.952812456
558.7999999999796,1905319.9028219176
558.8999999999796,7034463.220840818
558.9999999999795,21780810.875716884
559.0999999999796,56532460.533995755
559.1999999999796,123265818.61828348
559.2999999999796,226793678.52893376
559.3999999999796,356005248.2705396
559.4999999999795,489272567.7282122
559.5999999999796,620249327.0556624
559.6999999999796,781741754.1175251
559.7999999999795,1027777059.5319803
559.8999999999795,1367064230.897549
559.9999999999795,1707197280.0126755
560.0999999999796,1886020145.241821
560.1999999999796,1786341137.9097319
560.2999999999795,1430798854.1106732
560.3999999999795,963776772.0504216
560.4999999999795,544768293.2925919
560.5999999999794,258177393.3910977
560.6999999999795,102554423.92210498
560.7999999999795,34139171.3582177
560.8999999999795,9524175.241489653
560.9999999999795,2226606.2556218323
561.0999999999794,436215.5239772509
561.1999999999795,71614.4159546377
561.2999999999795,9852.386415746723
561.3999999999794,0.0
561.4999999999794,0.0
561.5999999999794,0.0
561.6999999999795,0.0
561.7999999999795,0.0
561.8999999999794,0.0
561.9999999999794,0.0
562.0999999999794,0.0
562.1999999999794,0.0
562.2999999999794,0.0
562.3999999999794,0.0
562.4999999999794,0.0
562.5999999999794,0.0
562.6999999999794,0.0
562.7999999999794,0.0
562.8999999999794,0.0
562.9999999999793,0.0
563.0999999999793,0.0
563.1999999999794,0.0
563.2999999999794,0.0
563.3999999999794,0.0
563.4999999999793,0.0
563.5999999999793,0.0
563.6999999999794,0.0
563.7999999999793,0.0
563.8999999999793,0.0
563.9999999999793,0.0
564.0999999999793,0.0
564.1999999999794,0.0
564.2999999999793,0.0
564.3999999999793,11796.59440573846
564.4999999999793,74641.77665859743
564.5999999999792,397103.90429567563
564.6999999999792,1776328.2156593744
564.7999999999793,6680964.128536512
564.8999999999793,21127686.009888224
564.9999999999793,56177394.95713483
565.0999999999792,125593778.69821756
565.1999999999792,236086702.47806406
565.2999999999793,373139988.4493138
565.3999999999792,495871250.5372243
565.4999999999792,554067828.44684
565.5999999999792,520539638.96442175
565.6999999999792,411189056.3294775
565.7999999999793,273106096.6057706
565.8999999999792,152537041.53818163
565.9999999999792,71756391.85831064
566.0999999999792,29010129.227607183
566.1999999999791,12558510.864606177
566.2999999999791,14106811.382537637
566.3999999999792,35608512.1922591
566.4999999999792,89833224.50612493
566.5999999999792,193576376.2834622
566.6999999999791,351456954.1141959
566.7999999999791,537135100.5364572
566.8999999999792,691242724.7505431
566.9999999999791,750224513.1350118
567.0999999999791,690785514.1530954
567.1999999999791,551502871.0901934
567.2999999999791,410149859.58875126
567.3999999999792,335736881.0297468
567.4999999999791,351276477.85530555
567.5999999999791,426628346.37779397
567.6999999999791,499741328.1933587
567.799999999979,513867106.1812271
567.8999999999791,449989271.98693967
567.9999999999791,332779206.2354573
568.0999999999791,207372479.53808218
568.1999999999791,108832967.30544123
568.299999999979,48157354.938190706
568.3999999999791,18251050.163319148
568.4999999999791,7141541.6081888
568.599999999979,6997107.964613074
568.699999999979,17095154.0352306
568.799999999979,43343869.46388451
568.8999999999791,95671501.36088431
568.9999999999791,183496853.33232537
569.099999999979,312242840.8875306
569.199999999979,485301726.9585202
569.299999999979,707924681.5243487
569.399999999979,978489420.5957696
569.499999999979,1262463067.2777596
569.599999999979,1477036759.9036355
569.699999999979,1523922263.4787743
569.799999999979,1359418920.3475702
569.899999999979,1036113479.4436685
569.999999999979,670330934.924432
570.099999999979,366868312.4456711
570.1999999999789,169553521.11873823
570.2999999999789,66113860.88439254
570.399999999979,21740662.468515407
570.499999999979,6027677.211425558
570.599999999979,1408726.428428432
570.6999999999789,284161.01705598977
570.7999999999789,92579.33763676803
570.899999999979,283757.91772049066
570.9999999999789,1396650.8993448878
571.0999999999789,5937348.344048007
571.1999999999789,21304302.158333775
571.2999999999789,64522652.8917196
571.399999999979,164940473.3980771
571.4999999999789,355887207.16988343
571.5999999999789,648138226.2815827
571.6999999999789,996306616.6525713
571.7999999999788,1292672505.890218
571.8999999999788,1415644245.9546385
571.9999999999789,1308548618.4828496
572.0999999999789,1020929416.4189088
572.1999999999789,672313281.3198831
572.2999999999788,373695426.6061481
572.3999999999788,175321022.16128668
572.4999999999789,69425709.08958247
572.5999999999788,23204743.559974764
572.6999999999788,6546412.10811662
572.7999999999788,1558834.5701340847
572.8999999999788,313304.6456667919
572.9999999999789,53150.06007076603
573.0999999999788,7610.458179029702
573.1999999999788,0.0
573.2999999999788,0.0
573.3999999999787,0.0
573.4999999999787,0.0
573.5999999999788,0.0
573.6999999999788,0.0
573.7999999999788,0.0
573.8999999999787,0.0
573.9999999999787,0.0
574.0999999999788,0.0
574.1999999999787,0.0
574.2999999999787,0.0
574.3999999999787,0.0
574.4999999999787,0.0
574.5999999999788,0.0
574.6999999999787,0.0
574.7999999999787,0.0
574.8999999999787,0.0
574.9999999999786,0.0
575.0999999999786,0.0
575.1999999999787,0.0
575.2999999999787,0.0
575.3999999999787,0.0
575.4999999999786,0.0
575.5999999999786,0.0
575.6999999999787,0.0
575.7999999999786,0.0
575.8999999999786,0.0
575.9999999999786,0.0
576.0999999999786,3134.508632265209
576.1999999999787,21677.496434734618
576.2999999999786,126938.12358373731
576.3999999999786,629387.8031111816
576.4999999999786,2642334.9441106226
576.5999999999785,9392921.903542258
576.6999999999786,28272020.832912344
576.7999999999786,72053700.56434157
576.8999999999786,155488769.2994864
576.9999999999786,284109044.3546017
577.0999999999785,439556179.5482379
577.1999999999786,575820361.9748907
577.2999999999786,638708864.7887323
577.3999999999785,599876939.4394752
577.4999999999785,477050865.05151296
577.5999999999785,321231874.5878079
577.6999999999786,183188224.3732879
577.7999999999786,88656770.22558327
577.8999999999785,37328698.74344261
577.9999999999785,17473861.00370262
578.0999999999785,21262844.98242919
578.1999999999784,53765448.7089777
578.2999999999785,134735940.3496777
578.3999999999785,290275455.89305025
578.4999999999785,530608257.30673933
578.5999999999785,822049658.1118168
578.6999999999784,1079304932.0894225
578.7999999999785,1200903574.144229
578.8999999999785,1132374237.4861705
578.9999999999784,904877293.0548205
579.0999999999784,612783788.4575763
579.1999999999784,351675984.1398018
579.2999999999785,171039344.24123803
579.3999999999785,70496442.45702563
579.4999999999784,24623866.436060626
579.5999999999784,7288919.594939966
579.6999999999784,1828470.4214665126
579.7999999999784,388714.3613104257
579.8999999999784,70031.1245545407
579.9999999999784,10692.259277077697
580.0999999999784,6347.8313002867135
580.1999999999784,41322.05362100833
580.2999999999784,228279.8548616508
580.3999999999784,1070243.1304980484
580.4999999999784,4258204.165634592
580.5999999999783,14378039.829513784
580.6999999999783,41200459.017724596
580.7999999999784,100192127.16458978
580.8999999999784,206773229.12572792
580.9999999999784,362146417.50491047
581.0999999999783,538273806.8628997
581.1999999999783,678971384.1490074
581.2999999999784,726823340.314312
581.3999999999783,660291079.3707039
581.4999999999783,509062569.1110813
581.5999999999783,333070424.31512797
581.6999999999783,184939698.82062513
581.7999999999784,87147190.79206148
581.8999999999783,34850242.82880683
581.9999999999783,11827348.541556414
582.0999999999783,3406419.6739230347
582.1999999999782,832603.2079414779
582.2999999999782,172705.901359076
582.3999999999783,30402.23039145776
582.4999999999783,4541.851017536329
582.5999999999783,0.0
582.6999999999782,0.0
582.7999999999782,0.0
582.8999999999783,0.0
582.9999999999782,0.0
583.0999999999782,0.0
583.1999999999782,0.0
583.2999999999782,0.0
583.3999999999783,0.0
583.4999999999782,0.0
583.5999999999782,0.0
583.6999999999782,0.0
583.7999999999781,0.0
583.8999999999781,0.0
583.9999999999782,0.0
584.0999999999782,0.0
584.1999999999782,0.0
584.2999999999781,0.0
584.3999999999781,0.0
584.4999999999782,0.0
584.5999999999781,0.0
584.6999999999781,0.0
584.7999999999781,0.0
584.8999999999781,0.0
584.9999999999782,0.0
585.0999999999781,0.0
585.1999999999781,0.0
585.2999999999781,0.0
585.399999999978,0.0
585.4999999999781,0.0
585.5999999999781,0.0
585.6999999999781,0.0
585.7999999999781,0.0
585.899999999978,0.0
585.9999999999781,0.0
586.0999999999781,0.0
586.199999999978,0.0
586.299999999978,0.0
586.399999999978,0.0
586.4999999999781,0.0
586.5999999999781,0.0
586.699999999978,0.0
586.799999999978,0.0
586.899999999978,0.0
586.999999999978,0.0
587.099999999978,0.0
587.199999999978,0.0
587.299999999978,0.0
587.399999999978,0.0
587.499999999978,0.0
587.599999999978,0.0
587.699999999978,0.0
587.7999999999779,0.0
587.8999999999779,0.0
587.999999999978,0.0
588.099999999978,0.0
588.199999999978,0.0
588.2999999999779,0.0
588.3999999999779,0.0
588.499999999978,0.0
588.5999999999779,0.0
588.6999999999779,0.0
588.7999999999779,0.0
588.8999999999779,0.0
588.999999999978,0.0
589.0999999999779,0.0
589.1999999999779,0.0
589.2999999999779,0.0
589.3999999999778,0.0
589.4999999999778,0.0
589.5999999999779,0.0
589.6999999999779,0.0
589.7999999999779,0.0
589.8999999999778,0.0
589.9999999999778,0.0
590.0999999999779,0.0
590.1999999999778,0.0
590.2999999999778,0.0
590.3999999999778,0.0
590.4999999999778,0.0
590.5999999999779,0.0
590.6999999999778,0.0
590.7999999999778,0.0
590.8999999999778,0.0
590.9999999999777,0.0
591.0999999999777,0.0
591.1999999999778,0.0
591.2999999999778,0.0
591.3999999999778,0.0
591.4999999999777,0.0
591.5999999999777,0.0
591.6999999999778,0.0
591.7999999999777,0.0
591.8999999999777,0.0
591.9999999999777,0.0
592.0999999999777,0.0
592.1999999999778,0.0
592.2999999999777,0.0
592.3999999999777,0.0
592.4999999999777,0.0
592.5999999999776,0.0
592.6999999999776,0.0
592.7999999999777,0.0
592.8999999999777,9115.59674739379
592.9999999999777,54281.51661303722
593.0999999999776,276238.8160399881
593.1999999999776,1201388.019922768
593.2999999999777,4465270.28513522
593.3999999999776,14183325.4890649
593.4999999999776,38539256.54774079
593.5999999999776,89547100.18086666
593.6999999999776,178262542.5643422
593.7999999999777,305287487.55784214
593.8999999999776,454357065.75664157
593.9999999999776,602291479.7181114
594.0999999999776,748975179.3043057
594.1999999999775,947290336.800864
594.2999999999776,1297555024.2352731
594.3999999999776,1891169217.6942368
594.4999999999776,2735788708.6603017
594.5999999999776,3721013568.5776324
594.6999999999775,4651246768.992645
594.7999999999776,5313083542.5042095
594.8999999999776,5532770254.890312
594.9999999999775,5221604285.27726
595.0999999999775,4421783034.626458
595.1999999999775,3320985967.170459
595.2999999999776,2188506526.598715
595.3999999999776,1254702373.0888574
595.4999999999775,621996801.310256
595.5999999999775,265519236.6051956
595.6999999999775,97342275.55105098
595.7999999999774,30596328.185260322
595.8999999999775,8236477.8415784715
595.9999999999775,1893080.0591633478
596.0999999999775,373534.77971110155
596.1999999999775,63019.02664543407
596.2999999999774,0.0
596.3999999999775,0.0
596.4999999999775,0.0
596.5999999999774,0.0
596.6999999999774,0.0
596.7999999999774,0.0
596.8999999999775,0.0
596.9999999999775,0.0
597.0999999999774,0.0
597.1999999999774,0.0
597.2999999999774,0.0
597.3999999999774,0.0
597.4999999999774,0.0
597.5999999999774,0.0
597.6999999999774,0.0
597.7999999999774,0.0
597.8999999999774,0.0
597.9999999999774,0.0
598.0999999999774,0.0
598.1999999999773,0.0
598.2999999999773,0.0
598.3999999999774,0.0
598.4999999999774,0.0
598.5999999999774,0.0
598.6999999999773,0.0
598.7999999999773,0.0
598.8999999999774,0.0
598.9999999999773,0.0
599.0999999999773,0.0
599.1999999999773,0.0
599.2999999999773,0.0
599.3999999999774,1957.986582136781
599.4999999999773,13929.766214602958
599.5999999999773,70592.93798094982
599.6999999999773,307904.5147572373
599.7999999999772,1156221.777714536
599.8999999999772,3739087.5485721333
599.9999999999773,10416246.90249414
600.0999999999773,25003652.886930916
600.1999999999773,51729467.383387364
600.2999999999772,92264846.3205409
600.3999999999772,141928557.9964822
600.4999999999773,188456127.23812062
600.5999999999772,216496905.49531803
600.6999999999772,216568575.7215542
600.7999999999772,192017336.33463037
600.8999999999772,157703600.33087033
600.9999999999773,130669012.3902038
601.0999999999772,119699383.58772999
601.1999999999772,121241435.0767781
601.2999999999772,123820546.84760565
601.3999999999771,116939997.48618445
601.4999999999771,97845627.93527868
601.5999999999772,72126398.16982414
601.6999999999772,49475529.82557929
601.7999999999772,39220487.29350067
601.8999999999771,48490776.10291658
601.9999999999771,81585153.2603432
602.0999999999772,137480260.49345762
602.1999999999771,205788176.01015988
602.2999999999771,266191266.48489177
602.3999999999771,295922531.0821941
602.4999999999771,282431071.70828456
602.5999999999772,231370841.49874836
602.6999999999771,162685665.76065013
602.7999999999771,98181992.75924435
602.8999999999771,50857511.7740278
602.999999999977,22610964.399965215
603.0999999999771,8628270.982522067
603.1999999999771,2825980.6148252347
603.2999999999771,794429.3720364041
603.3999999999771,191682.3473730466
603.499999999977,40514.493836777365
603.5999999999771,12025.39351013902
603.6999999999771,25934.82843284717
603.799999999977,116308.47556376427
603.899999999977,448216.95757610275
603.999999999977,1484274.2009431878
604.0999999999771,4223659.797059669
604.1999999999771,10327915.036385063
604.299999999977,21701278.417594895
604.399999999977,39183832.98790901
604.499999999977,60796342.11809056
604.599999999977,81059449.69539219
604.699999999977,92874973.71714294
604.799999999977,91463591.23261537
604.899999999977,77494394.55285858
604.999999999977,56758159.23949982
605.099999999977,36767096.05844569
605.199999999977,23235713.799839374
605.299999999977,18748433.077872425
605.3999999999769,23276335.227198064
605.4999999999769,34807740.08168832
605.599999999977,49392306.10523527
605.699999999977,61584448.035168484
605.799999999977,66312734.28666669
605.8999999999769,61445744.72974006
605.9999999999769,48961459.43858447
606.099999999977,33548620.542855933
606.1999999999769,19788617.931119733
606.2999999999769,10137426.794562351
606.3999999999769,4831061.186574208
606.4999999999769,3098377.27323197
606.599999999977,4428290.680073147
606.6999999999769,9082893.173246473
606.7999999999769,17654638.8607707
606.8999999999769,29984292.373838734
606.9999999999768,44309026.37171481
607.0999999999768,58081844.437919274
607.1999999999769,71507069.08714898
607.2999999999769,93047414.91746476
607.3999999999769,143520013.5152725
607.4999999999768,253168278.5503266
607.5999999999768,446711835.98427296
607.6999999999769,718583384.8445952
607.7999999999768,1014055705.7564754
607.8999999999768,1239100806.2038102
607.9999999999768,1305599916.698696
608.0999999999768,1184712020.488246
608.1999999999769,925427058.1964656
608.2999999999768,622221849.7201856
608.3999999999768,360085544.4777373
608.4999999999768,179356881.24933386
608.5999999999767,76892141.75376019
608.6999999999767,28372396.242152277
608.7999999999768,9010735.035491273
608.8999999999768,2463057.589232987
608.9999999999768,579480.8086981078
609.0999999999767,125108.73370366306
609.1999999999767,67483.04778375167
609.2999999999768,245433.2966956026
609.3999999999767,1103720.482515836
609.4999999999767,4277292.583268699
609.5999999999767,14284431.481938867
609.6999999999767,41109388.15537755
609.7999999999768,101953706.8251653
609.8999999999767,217895811.6049694
609.9999999999767,401308626.66885275
610.0999999999767,636930071.9186281
610.1999999999766,871141189.5765606
610.2999999999766,1026759588.5398691
610.3999999999767,1042875091.9336369
610.4999999999767,912807108.9458315
610.5999999999767,688507702.5414631
610.6999999999766,447529368.0008032
610.7999999999766,250704147.46114028
610.8999999999767,121149435.1193536
610.9999999999766,51056763.85259673
611.0999999999766,21119701.799213886
611.1999999999766,16861649.66657263
611.2999999999766,37195829.720793545
611.3999999999767,97775643.90871595
611.4999999999766,229325164.0043794
611.5999999999766,465211998.8537114
611.6999999999766,814074408.2316206
611.7999999999765,1228558840.021292
611.8999999999766,1598953318.2273529
611.9999999999766,1794665740.6432436
612.0999999999766,1737158015.5600374
612.1999999999766,1450116990.8594704
612.2999999999765,1043938037.6135246
612.3999999999766,648118424.2737957
612.4999999999766,347009989.5267433
612.5999999999765,160227682.54746035
612.6999999999765,63802998.56281604
612.7999999999765,21910515.357622914
612.8999999999766,6488914.622867055
612.9999999999766,1657293.7467525054
613.0999999999765,365035.31992437365
613.1999999999765,69339.10764219366
613.2999999999765,11358.724682405003
613.3999999999764,0.0
613.4999999999765,0.0
613.5999999999765,0.0
613.6999999999765,0.0
613.7999999999765,38685.650097115154
613.8999999999764,229181.07132663316
613.9999999999765,1172596.590574188
614.0999999999765,5181548.230562875
614.1999999999764,19774772.638815895
614.2999999999764,65178519.10367821
614.3999999999764,185540411.1928762
614.4999999999765,456156194.33120626
614.5999999999765,968567014.5991145
614.6999999999764,1776179317.5637977
614.7999999999764,2813098756.1744285
614.8999999999764,3847903612.8254967
614.9999999999764,4545738270.732243
615.0999999999764,4637946182.39399
615.1999999999764,4086843609.703784
615.2999999999764,3110221857.47152
615.3999999999764,2044258231.816112
615.4999999999764,1160435957.3134098
615.5999999999764,568915328.8928661
615.6999999999764,240887979.98998603
615.7999999999763,88089401.64372243
615.8999999999763,27821031.38944368
615.9999999999764,7588637.865295751
616.0999999999764,1787703.4027420923
616.1999999999764,363720.80288616224
616.2999999999763,63911.91806853445
616.3999999999763,0.0
616.4999999999764,0.0
616.5999999999763,0.0
616.6999999999763,0.0
616.7999999999763,0.0
616.8999999999763,0.0
616.9999999999764,0.0
617.0999999999763,0.0
617.1999999999763,0.0
617.2999999999763,0.0
617.3999999999762,0.0
617.4999999999762,0.0
617.5999999999763,0.0
617.6999999999763,0.0
617.7999999999763,0.0
617.8999999999762,0.0
617.9999999999762,0.0
618.0999999999763,0.0
618.1999999999762,0.0
618.2999999999762,0.0
618.3999999999762,0.0
618.4999999999762,0.0
618.5999999999763,0.0
618.6999999999762,0.0
618.7999999999762,0.0
618.8999999999762,20038.40088681403
618.9999999999761,118866.17965927557
619.0999999999761,610438.0222084725
619.1999999999762,2714018.953556039
619.2999999999762,10446533.560110923
619.3999999999762,34811245.27221937
619.4999999999761,100428029.72697161
619.5999999999761,250831550.42325872
619.6999999999762,542375926.3995
619.7999999999761,1015357161.0139158
619.8999999999761,1645732359.4279122
619.9999999999761,2309841585.1793284
620.0999999999761,2808387039.911469
620.1999999999762,2961108315.4388766
620.2999999999761,2715671079.737654
620.3999999999761,2184109550.3614974
620.4999999999761,1573598314.401959
620.599999999976,1067046776.6592216
620.6999999999761,742260877.6228755
620.7999999999761,572031213.7425685
620.8999999999761,480286217.5642665
620.9999999999761,401808674.49472547
621.099999999976,310430853.0028563
621.1999999999761,213040078.273177
621.2999999999761,127813882.07103758
621.399999999976,66635756.393040605
621.499999999976,30123119.848101262
621.599999999976,11796576.47806112
621.6999999999761,4002284.4858817267
621.7999999999761,1175957.939378547
621.899999999976,299231.6222043139
621.999999999976,65940.92738986344
622.099999999976,12584.456961045926
622.199999999976,2079.915896460071
622.299999999976,0.0
622.399999999976,0.0
622.499999999976,737.2337993776543
622.599999999976,4402.714848047466
622.699999999976,21319.36792696357
622.799999999976,89762.2263324215
622.899999999976,328743.19113994774
622.9999999999759,1071511.5470935334
623.0999999999759,3047307.6742534437
623.199999999976,7742240.954785178
623.299999999976,17969793.413760453
623.399999999976,39353088.213159464
623.4999999999759,84084846.71951607
623.5999999999759,177991219.07370377
623.699999999976,367763288.6181732
623.7999999999759,717061792.1657785
623.8999999999759,1276406274.7499008
623.9999999999759,2026965636.015864
624.0999999999759,2833173291.9467278
624.199999999976,3460500979.410977
624.2999999999759,3679931990.541555
624.3999999999759,3400696036.1653676
624.4999999999759,2728464193.465376
624.5999999999758,1899712931.5088592
624.6999999999758,1147557762.3570156
624.7999999999759,601348224.4171063
624.8999999999759,273347988.8582529
624.9999999999759,107778085.7079367
625.0999999999758,36860527.73545922
625.1999999999758,10934619.265509779
625.2999999999759,2813613.6566371727
625.3999999999758,627964.6194009704
625.4999999999758,121567.02888727616
625.5999999999758,20412.97692006302
625.6999999999758,0.0
625.7999999999759,0.0
625.8999999999758,0.0
625.9999999999758,0.0
626.0999999999758,0.0
626.1999999999757,0.0
626.2999999999757,0.0
626.3999999999758,0.0
626.4999999999758,0.0
626.5999999999758,0.0
626.6999999999757,0.0
626.7999999999757,0.0
626.8999999999758,0.0
626.9999999999757,0.0
627.0999999999757,0.0
627.1999999999757,0.0
627.2999999999757,0.0
627.3999999999758,0.0
627.4999999999757,0.0
627.5999999999757,0.0
627.6999999999757,0.0
627.7999999999756,0.0
627.8999999999756,0.0
627.9999999999757,0.0
628.0999999999757,0.0
628.1999999999757,0.0
628.2999999999756,0.0
628.3999999999756,0.0
628.4999999999757,0.0
628.5999999999756,0.0
628.6999999999756,211.79630205909925
628.7999999999756,1249.3939768081268
628.8999999999756,6409.263577551813
628.9999999999757,28592.00068443643
629.0999999999756,110919.69031276515
629.1999999999756,374197.11986928846
629.2999999999756,1097791.6469756023
629.3999999999755,2800703.232968617
629.4999999999756,6213580.837845057
629.5999999999756,11987938.388741327
629.6999999999756,20112902.161738954
629.7999999999756,29344902.378231157
629.8999999999755,37232164.64840485
629.9999999999756,41080109.56324798
630.0999999999756,39416003.63087954
630.1999999999755,32888288.589438684
630.2999999999755,23863692.782996863
630.3999999999755,15057806.5499503
630.4999999999756,8262537.940954918
630.5999999999756,3942692.524482487
630.6999999999755,1636063.0691927369
630.7999999999755,590384.385541219
630.8999999999755,185266.7032265628
630.9999999999754,50557.73083303268
631.0999999999755,11997.906211820131
631.1999999999755,2476.0022861823354
631.2999999999755,444.3491045389634
631.3999999999755,0.0
631.4999999999754,0.0
631.5999999999755,0.0
631.6999999999755,0.0
631.7999999999754,0.0
631.8999999999754,0.0
631.9999999999754,0.0
632.0999999999755,0.0
632.1999999999755,0.0
632.2999999999754,14413.379315466502
632.3999999999754,79699.20795238791
632.4999999999754,383840.88002230244
632.5999999999754,1610117.1607747774
632.6999999999754,5882646.652407611
632.7999999999754,18719622.149423942
632.8999999999754,51883638.59361395
632.9999999999754,125248578.1008237
633.0999999999754,263344476.9364817
633.1999999999754,482263791.53729886
633.2999999999754,769226309.1189811
633.3999999999753,1068642973.3696533
633.4999999999753,1293064447.2387733
633.5999999999754,1362751720.4360318
633.6999999999754,1250899268.5311441
633.7999999999754,1000085129.5038556
633.8999999999753,696402998.5045738
633.9999999999753,422370255.76807386
634.0999999999754,223118228.1698812
634.1999999999753,102656347.91367741
634.2999999999753,41138229.69448949
634.3999999999753,14358676.771323645
634.4999999999753,4365080.640037893
634.5999999999754,1155790.5913960775
634.6999999999753,266547.78011804156
634.7999999999753,53540.20338857272
634.8999999999753,9366.859260828875
634.9999999999752,0.0
635.0999999999752,0.0
635.1999999999753,0.0
635.2999999999753,0.0
635.3999999999753,0.0
635.4999999999752,0.0
635.5999999999752,0.0
635.6999999999753,0.0
635.7999999999752,0.0
635.8999999999752,0.0
635.9999999999752,0.0
636.0999999999752,0.0
636.1999999999753,0.0
636.2999999999752,0.0
636.3999999999752,0.0
636.4999999999752,0.0
636.5999999999751,0.0
636.6999999999751,0.0
636.7999999999752,0.0
636.8999999999752,0.0
636.9999999999752,0.0
637.0999999999751,0.0
637.1999999999751,0.0
637.2999999999752,0.0
637.3999999999751,0.0
637.4999999999751,0.0
637.5999999999751,0.0
637.6999999999751,0.0
637.7999999999752,0.0
637.8999999999751,0.0
637.9999999999751,0.0
638.0999999999751,0.0
638.199999999975,0.0
638.2999999999751,0.0
638.3999999999751,0.0
638.4999999999751,0.0
638.5999999999751,0.0
638.699999999975,0.0
638.7999999999751,0.0
638.8999999999751,0.0
638.999999999975,0.0
639.099999999975,0.0
639.199999999975,0.0
639.2999999999751,0.0
639.3999999999751,0.0
639.499999999975,0.0
639.599999999975,0.0
639.699999999975,0.0
639.799999999975,0.0
639.899999999975,0.0
639.999999999975,0.0
640.099999999975,0.0
640.199999999975,0.0
640.299999999975,0.0
640.399999999975,0.0
640.499999999975,0.0
640.5999999999749,0.0
640.6999999999749,0.0
640.799999999975,0.0
640.899999999975,0.0
640.999999999975,0.0
641.0999999999749,0.0
641.1999999999749,0.0
641.299999999975,0.0
641.3999999999749,0.0
641.4999999999749,0.0
641.5999999999749,0.0
641.6999999999749,0.0
641.799999999975,0.0
641.8999999999749,0.0
641.9999999999749,0.0
642.0999999999749,0.0
642.1999999999748,0.0
642.2999999999748,239.18773870831384
642.3999999999749,1344.5629013976643
642.4999999999749,6611.370960935225
642.5999999999749,28436.10558077385
642.6999999999748,106983.52433691242
642.7999999999748,352072.3132400985
642.8999999999749,1013479.6605513094
642.9999999999748,2551916.096623431
643.0999999999748,5620642.148267091
643.1999999999748,10828633.88976922
643.2999999999748,18248601.862479936
643.3999999999749,26900088.694866635
643.4999999999748,34685344.975088626
643.5999999999748,39120690.80356837
643.6999999999748,38595369.4321731
643.7999999999747,33306736.409245238
643.8999999999747,25141845.207757104
643.9999999999748,16600853.112172026
644.0999999999748,9588084.569307948
644.1999999999748,4843970.566121849
644.2999999999747,2156490.2724569123
644.3999999999747,914786.4166763854
644.4999999999748,701113.9561791375
644.5999999999747,1860197.0672220942
644.6999999999747,6586499.814417137
644.7999999999747,21235705.49365248
644.8999999999747,60117188.34036845
644.9999999999748,149049912.47278026
645.0999999999747,323600158.87265456
645.1999999999747,615251173.1900685
645.2999999999747,1024466429.4985231
645.3999999999746,1494130868.526424
645.4999999999746,1908886301.257234
645.5999999999747,2136683606.9821503
645.6999999999747,2095818391.142962
645.7999999999747,1801875332.755487
645.8999999999746,1358256608.2980366
645.9999999999746,898011256.3062992
646.0999999999747,520972766.7469136
646.1999999999746,265344853.6268726
646.2999999999746,118724786.72447476
646.3999999999746,46701123.08896213
646.4999999999746,16163594.109158736
646.5999999999747,4927093.5887192525
646.6999999999746,1324175.888843193
646.7999999999746,314117.6662954126
646.8999999999746,65846.34994239017
646.9999999999745,12210.94722545334
647.0999999999746,753.9893730510443
647.1999999999746,0.0
647.2999999999746,0.0
647.3999999999746,0.0
647.4999999999745,0.0
647.5999999999746,0.0
647.6999999999746,0.0
647.7999999999745,0.0
647.8999999999745,0.0
647.9999999999745,0.0
648.0999999999746,0.0
648.1999999999746,0.0
648.2999999999745,0.0
648.3999999999745,0.0
648.4999999999745,0.0
648.5999999999744,0.0
648.6999999999745,0.0
648.7999999999745,0.0
648.8999999999745,0.0
648.9999999999745,0.0
649.0999999999744,0.0
649.1999999999745,0.0
649.2999999999745,0.0
649.3999999999744,0.0
649.4999999999744,0.0
649.5999999999744,0.0
649.6999999999745,0.0
649.7999999999745,0.0
649.8999999999744,0.0
649.9999999999744,0.0
650.0999999999744,0.0
650.1999999999744,0.0
650.2999999999744,0.0
650.3999999999744,0.0
650.4999999999744,0.0
650.5999999999744,0.0
650.6999999999744,0.0
650.7999999999744,0.0
650.8999999999744,0.0
650.9999999999743,0.0
651.0999999999743,0.0
651.1999999999744,0.0
651.2999999999744,0.0
651.3999999999744,0.0
651.4999999999743,0.0
651.5999999999743,0.0
651.6999999999744,0.0
651.7999999999743,0.0
651.8999999999743,0.0
651.9999999999743,0.0
652.0999999999743,0.0
652.1999999999744,0.0
652.2999999999743,0.0
652.3999999999743,0.0
652.4999999999743,0.0
652.5999999999742,0.0
652.6999999999742,0.0
652.7999999999743,0.0
652.8999999999743,0.0
652.9999999999743,0.0
653.0999999999742,0.0
653.1999999999742,0.0
653.2999999999743,0.0
653.3999999999742,0.0
653.4999999999742,0.0
653.5999999999742,0.0
653.6999999999742,0.0
653.7999999999743,216.92348537815047
653.8999999999742,1193.9539998373448
653.9999999999742,5775.171928557418
654.0999999999742,24549.267763885262
654.1999999999741,92383.20971143909
654.2999999999741,304757.04418867023
654.3999999999742,886289.9847783402
654.4999999999742,2276807.231765884
654.5999999999742,5183029.383427142
654.6999999999741,10506979.904517218
654.7999999999741,19105045.77743174
654.8999999999742,31469093.143229194
654.9999999999741,47520763.38420937
655.0999999999741,66576514.27483546
655.1999999999741,87254176.22265811
655.2999999999741,107114212.37110096
655.3999999999742,122405348.59253736
655.4999999999741,128769495.77113885
655.5999999999741,123186234.0397644
655.6999999999741,106025614.5124775
655.799999999974,81442355.6789383
655.899999999974,55520141.22339498
655.9999999999741,33467144.527719896
656.0999999999741,17796955.69576676
656.1999999999741,8336926.967746848
656.299999999974,3437291.297628981
656.399999999974,1246648.3364948395
656.4999999999741,397601.5944478081
656.599999999974,111418.24251289165
656.699999999974,27473.116093485438
656.799999999974,5954.199447139076
656.899999999974,1134.2340318638776
656.9999999999741,0.0
657.099999999974,0.0
657.199999999974,0.0
657.299999999974,0.0
657.3999999999739,0.0
657.499999999974,0.0
657.599999999974,0.0
657.699999999974,0.0
657.799999999974,0.0
657.8999999999739,0.0
657.999999999974,0.0
658.099999999974,0.0
658.1999999999739,0.0
658.2999999999739,0.0
658.3999999999739,0.0
658.499999999974,0.0
658.599999999974,0.0
658.6999999999739,0.0
658.7999999999739,0.0
658.8999999999739,0.0
658.9999999999739,0.0
659.0999999999739,0.0
659.1999999999739,0.0
659.2999999999739,0.0
659.3999999999739,0.0
659.4999999999739,0.0
659.5999999999739,0.0
659.6999999999739,0.0
659.7999999999738,0.0
659.8999999999738,0.0
659.9999999999739,0.0
660.0999999999739,0.0
660.1999999999739,0.0
660.2999999999738,0.0
660.3999999999738,0.0
660.4999999999739,0.0
660.5999999999738,0.0
660.6999999999738,0.0
660.7999999999738,0.0
660.8999999999738,0.0
660.9999999999739,0.0
661.0999999999738,13913.617925204826
661.1999999999738,71333.44701531592
661.2999999999738,322305.6126136212
661.3999999999737,1283405.9431314906
661.4999999999737,4503827.4535861295
661.5999999999738,13929032.823394114
661.6999999999738,37964851.00468663
661.7999999999738,91193515.4749011
661.8999999999737,193049079.93381342
661.9999999999737,360157973.85361123
662.0999999999738,592161070.4997494
662.1999999999737,858041298.3873086
662.2999999999737,1095716117.5584278
662.3999999999737,1233131604.7531044
662.4999999999737,1223044693.132233
662.5999999999738,1069046870.3767159
662.6999999999737,823517221.2373079
662.7999999999737,559075092.8686538
662.8999999999737,334494609.87361664
662.9999999999736,176371993.28671062
663.0999999999736,81958054.86086574
663.1999999999737,33564113.58430049
663.2999999999737,12113795.609746212
663.3999999999737,3853069.311718103
663.4999999999736,1080077.5056970248
663.5999999999736,266823.7854478411
663.6999999999737,58091.913401091966
663.7999999999736,11146.238752554484
663.8999999999736,0.0
663.9999999999736,0.0
664.0999999999736,0.0
664.1999999999737,0.0
664.2999999999736,0.0
664.3999999999736,0.0
664.4999999999736,0.0
664.5999999999735,0.0
664.6999999999736,0.0
664.7999999999736,0.0
664.8999999999736,0.0
664.9999999999736,0.0
665.0999999999735,0.0
665.1999999999736,0.0
665.2999999999736,0.0
665.3999999999735,0.0
665.4999999999735,0.0
665.5999999999735,0.0
665.6999999999736,0.0
665.7999999999736,0.0
665.8999999999735,0.0
665.9999999999735,0.0
666.0999999999735,0.0
666.1999999999734,0.0
666.2999999999735,0.0
666.3999999999735,0.0
666.4999999999735,0.0
666.5999999999735,0.0
666.6999999999734,0.0
666.7999999999735,0.0
666.8999999999735,0.0
666.9999999999734,0.0
667.0999999999734,0.0
667.1999999999734,0.0
667.2999999999735,0.0
667.3999999999735,0.0
667.4999999999734,0.0
667.5999999999734,0.0
667.6999999999734,0.0
667.7999999999734,0.0
667.8999999999734,0.0
667.9999999999734,0.0
668.0999999999734,0.0
668.1999999999734,0.0
668.2999999999734,0.0
668.3999999999734,0.0
668.4999999999734,0.0
668.5999999999733,0.0
668.6999999999733,0.0
668.7999999999734,0.0
668.8999999999734,0.0
668.9999999999734,0.0
669.0999999999733,895.1563678028217
669.1999999999733,4327.259037708907
669.2999999999734,18490.45708050531
669.3999999999733,72297.07741778417
669.4999999999733,245833.19695133416
669.5999999999733,745802.2260557911
669.6999999999733,2027332.2937593092
669.7999999999734,4966099.35400374
669.8999999999733,11039452.860982735
669.9999999999733,22443306.743446525
670.0999999999733,42028156.834011585
670.1999999999732,72842526.1682766
670.2999999999732,116957240.52813652
670.3999999999733,173407141.27322608
670.4999999999733,235915540.73922306
670.5999999999733,292256880.4364799
670.6999999999732,327236839.2639224
670.7999999999732,329093305.86603034
670.8999999999733,295819633.25233686
670.9999999999732,236838945.1928978
671.0999999999732,168471674.65216035
671.1999999999732,106296857.00965527
671.2999999999732,59422025.376972005
671.3999999999733,29409449.905503705
671.4999999999732,12880372.023513095
671.5999999999732,4990394.125887966
671.6999999999732,1710082.8892898506
671.7999999999731,518224.16831638024
671.8999999999731,138794.601819218
671.9999999999732,32892.073926580066
672.0999999999732,6891.642385596884
672.1999999999732,1276.6362803841098
672.2999999999731,0.0
672.3999999999731,0.0
672.4999999999732,0.0
672.5999999999731,0.0
672.6999999999731,0.0
672.7999999999731,0.0
672.8999999999731,0.0
672.9999999999732,0.0
673.0999999999731,0.0
673.1999999999731,0.0
673.2999999999731,0.0
673.399999999973,0.0
673.499999999973,0.0
673.5999999999731,0.0
673.6999999999731,0.0
673.7999999999731,0.0
673.899999999973,0.0
673.999999999973,0.0
674.0999999999731,0.0
674.199999999973,0.0
674.299999999973,0.0
674.399999999973,0.0
674.499999999973,0.0
674.5999999999731,0.0
674.699999999973,0.0
674.799999999973,0.0
674.899999999973,0.0
674.9999999999729,0.0
675.099999999973,0.0
675.199999999973,0.0
675.299999999973,0.0
675.399999999973,0.0
675.4999999999729,0.0
675.599999999973,0.0
675.699999999973,0.0
675.7999999999729,0.0
675.8999999999729,0.0
675.9999999999729,0.0
676.099999999973,0.0
676.199999999973,0.0
676.2999999999729,0.0
676.3999999999729,0.0
676.4999999999729,0.0
676.5999999999729,0.0
676.6999999999729,0.0
676.7999999999729,0.0
676.8999999999729,0.0
676.9999999999729,0.0
677.0999999999729,0.0
677.1999999999729,0.0
677.2999999999729,0.0
677.3999999999728,0.0
677.4999999999728,0.0
677.5999999999729,0.0
677.6999999999729,0.0
677.7999999999729,0.0
677.8999999999728,0.0
677.9999999999728,0.0
678.0999999999729,0.0
678.1999999999728,0.0
678.2999999999728,0.0
678.3999999999728,0.0
678.4999999999728,0.0
678.5999999999729,0.0
678.6999999999728,0.0
678.7999999999728,0.0
678.8999999999728,0.0
678.9999999999727,0.0
679.0999999999727,0.0
679.1999999999728,0.0
679.2999999999728,0.0
679.3999999999728,0.0
679.4999999999727,0.0
679.5999999999727,0.0
679.6999999999728,0.0
679.7999999999727,0.0
679.8999999999727,0.0
679.9999999999727,0.0
680.0999999999727,0.0
680.1999999999728,0.0
680.2999999999727,0.0
680.3999999999727,0.0
680.4999999999727,0.0
680.5999999999726,0.0
680.6999999999726,0.0
680.7999999999727,0.0
680.8999999999727,0.0
680.9999999999727,0.0
681.0999999999726,0.0
681.1999999999726,0.0
681.2999999999727,0.0
681.3999999999726,0.0
681.4999999999726,0.0
681.5999999999726,0.0
681.6999999999726,0.0
681.7999999999727,0.0
681.8999999999726,0.0
681.9999999999726,0.0
682.0999999999726,0.0
682.1999999999725,0.0
682.2999999999726,0.0
682.3999999999726,0.0
682.4999999999726,0.0
682.5999999999726,0.0
682.6999999999725,0.0
682.7999999999726,0.0
682.8999999999726,0.0
682.9999999999725,0.0
683.0999999999725,0.0
683.1999999999725,0.0
683.2999999999726,0.0
683.3999999999726,0.0
683.4999999999725,0.0
683.5999999999725,0.0
683.6999999999725,0.0
683.7999999999724,0.0
683.8999999999725,0.0
683.9999999999725,0.0
684.0999999999725,0.0
684.1999999999725,0.0
684.2999999999724,0.0
684.3999999999725,0.0
684.4999999999725,0.0
684.5999999999724,0.0
684.6999999999724,0.0
684.7999999999724,0.0
684.8999999999725,0.0
684.9999999999725,0.0
685.0999999999724,0.0
685.1999999999724,0.0
685.2999999999724,0.0
685.3999999999724,0.0
685.4999999999724,0.0
685.5999999999724,0.0
685.6999999999724,0.0
685.7999999999724,0.0
685.8999999999724,0.0
685.9999999999724,0.0
686.0999999999724,0.0
686.1999999999723,0.0
686.2999999999723,0.0
686.3999999999724,0.0
686.4999999999724,0.0
686.5999999999724,0.0
686.6999999999723,0.0
686.7999999999723,0.0
686.8999999999724,0.0
686.9999999999723,0.0
687.0999999999723,0.0
687.1999999999723,0.0
687.2999999999723,0.0
687.3999999999724,0.0
687.4999999999723,0.0
687.5999999999723,0.0
687.6999999999723,0.0
687.7999999999722,0.0
687.8999999999722,0.0
687.9999999999723,0.0
688.0999999999723,0.0
688.1999999999723,0.0
688.2999999999722,0.0
688.3999999999722,0.0
688.4999999999723,0.0
688.5999999999722,0.0
688.6999999999722,0.0
688.7999999999722,0.0
688.8999999999722,0.0
688.9999999999723,0.0
689.0999999999722,0.0
689.1999999999722,0.0
689.2999999999722,0.0
689.3999999999721,0.0
689.4999999999721,0.0
689.5999999999722,0.0
689.6999999999722,0.0
689.7999999999722,0.0
689.8999999999721,0.0
689.9999999999721,0.0
690.0999999999722,0.0
690.1999999999721,0.0
690.2999999999721,0.0
690.3999999999721,0.0
690.4999999999721,0.0
690.5999999999722,0.0
690.6999999999721,0.0
690.7999999999721,0.0
690.8999999999721,0.0
690.999999999972,0.0
691.099999999972,1823.273714395945
691.1999999999721,8501.419742991955
691.2999999999721,35311.01963138958
691.3999999999721,130649.65525953425
691.499999999972,430611.3657807889
691.599999999972,1264276.0761921837
691.6999999999721,3306568.7874609414
691.799999999972,7703576.764958823
691.899999999972,15987717.952929743
691.999999999972,29556959.20978931
692.099999999972,48675703.51704028
692.1999999999721,71407517.1424804
692.299999999972,93315725.9889911
692.399999999972,108628793.57158837
692.499999999972,112645613.36792423
692.5999999999719,104054968.65276666
692.699999999972,85623025.97542568
692.799999999972,62762109.47366633
692.899999999972,40981108.628670074
692.999999999972,23836862.117568966
693.0999999999719,12350759.829116764
693.199999999972,5700559.45449492
693.299999999972,2343799.6941223717
693.3999999999719,858425.7126228525
693.4999999999719,280068.42741637124
693.5999999999719,81396.32529245272
693.699999999972,21072.91693965789
693.799999999972,4859.859599092581
693.8999999999719,998.3940883173228
693.9999999999719,0.0
694.0999999999719,0.0
694.1999999999719,0.0
694.2999999999719,0.0
694.3999999999719,0.0
694.4999999999719,0.0
694.5999999999719,0.0
694.6999999999719,0.0
694.7999999999719,0.0
694.8999999999719,0.0
694.9999999999718,0.0
695.0999999999718,0.0
695.1999999999719,0.0
695.2999999999719,0.0
695.3999999999719,0.0
695.4999999999718,0.0
695.5999999999718,0.0
695.6999999999719,0.0
695.7999999999718,0.0
695.8999999999718,0.0
695.9999999999718,0.0
696.0999999999718,0.0
696.1999999999719,0.0
696.2999999999718,0.0
696.3999999999718,0.0
696.4999999999718,0.0
696.5999999999717,0.0
696.6999999999717,0.0
696.7999999999718,0.0
696.8999999999718,0.0
696.9999999999718,0.0
697.0999999999717,0.0
697.1999999999717,0.0
697.2999999999718,0.0
697.3999999999717,0.0
697.4999999999717,0.0
697.5999999999717,0.0
697.6999999999717,0.0
697.7999999999718,0.0
697.8999999999717,0.0
697.9999999999717,0.0
698.0999999999717,0.0
698.1999999999716,0.0
698.2999999999716,0.0
698.3999999999717,0.0
698.4999999999717,0.0
698.5999999999717,0.0
698.6999999999716,0.0
698.7999999999716,0.0
698.8999999999717,0.0
698.9999999999716,0.0
699.0999999999716,0.0
699.1999999999716,0.0
699.2999999999716,0.0
699.3999999999717,0.0
699.4999999999716,0.0
699.5999999999716,0.0
699.6999999999716,0.0
699.7999999999715,0.0
699.8999999999716,0.0
699.9999999999716,0.0
700.0999999999716,0.0
700.1999999999716,0.0
700.2999999999715,0.0
700.3999999999716,0.0
700.4999999999716,0.0
700.5999999999715,0.0
700.6999999999715,0.0
700.7999999999715,0.0
700.8999999999716,0.0
700.9999999999716,0.0
701.0999999999715,0.0
701.1999999999715,0.0
701.2999999999715,0.0
701.3999999999714,0.0
701.4999999999715,0.0
701.5999999999715,0.0
701.6999999999715,0.0
701.7999999999715,0.0
701.8999999999714,0.0
701.9999999999715,0.0
702.0999999999715,0.0
702.1999999999714,0.0
702.2999999999714,0.0
702.3999999999714,0.0
702.4999999999715,0.0
702.5999999999715,0.0
702.6999999999714,0.0
702.7999999999714,0.0
702.8999999999714,0.0
702.9999999999714,0.0
703.0999999999714,0.0
703.1999999999714,0.0
703.2999999999714,0.0
703.3999999999714,0.0
703.4999999999714,0.0
703.5999999999714,0.0
703.6999999999714,0.0
703.7999999999713,0.0
703.8999999999713,0.0
703.9999999999714,0.0
704.0999999999714,0.0
704.1999999999714,0.0
704.2999999999713,0.0
704.3999999999713,0.0
704.4999999999714,0.0
704.5999999999713,0.0
704.6999999999713,0.0
704.7999999999713,0.0
704.8999999999713,0.0
704.9999999999714,0.0
705.0999999999713,0.0
705.1999999999713,0.0
705.2999999999713,0.0
705.3999999999712,0.0
705.4999999999712,0.0
705.5999999999713,0.0
705.6999999999713,0.0
705.7999999999713,0.0
705.8999999999712,0.0
705.9999999999712,0.0
706.0999999999713,0.0
706.1999999999712,0.0
706.2999999999712,0.0
706.3999999999712,0.0
706.4999999999712,0.0
706.5999999999713,0.0
706.6999999999712,0.0
706.7999999999712,0.0
706.8999999999712,0.0
706.9999999999711,0.0
707.0999999999711,0.0
707.1999999999712,0.0
707.2999999999712,0.0
707.3999999999712,0.0
707.4999999999711,0.0
707.5999999999711,0.0
707.6999999999712,0.0
707.7999999999711,0.0
707.8999999999711,0.0
707.9999999999711,0.0
708.0999999999711,0.0
708.1999999999712,0.0
708.2999999999711,0.0
708.3999999999711,0.0
708.4999999999711,0.0
708.599999999971,0.0
708.699999999971,0.0
708.7999999999711,0.0
708.8999999999711,0.0
708.9999999999711,0.0
709.099999999971,0.0
709.199999999971,0.0
709.2999999999711,0.0
709.399999999971,0.0
709.499999999971,0.0
709.599999999971,0.0
709.699999999971,0.0
709.7999999999711,0.0
709.899999999971,0.0
709.999999999971,0.0
710.099999999971,0.0
710.1999999999709,0.0
710.299999999971,0.0
710.399999999971,0.0
710.499999999971,0.0
710.599999999971,0.0
710.6999999999709,0.0
710.799999999971,0.0
710.899999999971,0.0
710.9999999999709,0.0
711.0999999999709,0.0
711.1999999999709,0.0
711.299999999971,0.0
711.399999999971,0.0
711.4999999999709,0.0
711.5999999999709,0.0
711.6999999999709,0.0
711.7999999999709,0.0
711.8999999999709,0.0
711.9999999999709,0.0
712.0999999999709,0.0
712.1999999999709,0.0
712.2999999999709,0.0
712.3999999999709,0.0
712.4999999999709,0.0
712.5999999999708,0.0
712.6999999999708,0.0
712.7999999999709,0.0
712.8999999999709,0.0
712.9999999999709,0.0
713.0999999999708,0.0
713.1999999999708,0.0
713.2999999999709,0.0
713.3999999999708,0.0
713.4999999999708,0.0
713.5999999999708,0.0
713.6999999999708,0.0
713.7999999999709,0.0
713.8999999999708,0.0
713.9999999999708,0.0
714.0999999999708,0.0
714.1999999999707,0.0
714.2999999999707,0.0
714.3999999999708,0.0
714.4999999999708,0.0
714.5999999999708,0.0
714.6999999999707,0.0
714.7999999999707,0.0
714.8999999999708,0.0
714.9999999999707,0.0
715.0999999999707,0.0
715.1999999999707,0.0
715.2999999999707,0.0
715.3999999999708,0.0
715.4999999999707,0.0
715.5999999999707,0.0
715.6999999999707,0.0
715.7999999999706,0.0
715.8999999999706,0.0
715.9999999999707,0.0
716.0999999999707,0.0
716.1999999999707,0.0
716.2999999999706,0.0
716.3999999999706,0.0
716.4999999999707,0.0
716.5999999999706,0.0
716.6999999999706,0.0
716.7999999999706,0.0
716.8999999999706,0.0
716.9999999999707,0.0
717.0999999999706,0.0
717.1999999999706,0.0
717.2999999999706,0.0
717.3999999999705,0.0
717.4999999999706,0.0
717.5999999999706,0.0
717.6999999999706,0.0
717.7999999999706,0.0
717.8999999999705,0.0
717.9999999999706,0.0
718.0999999999706,0.0
718.1999999999705,0.0
718.2999999999705,0.0
718.3999999999705,0.0
718.4999999999706,0.0
718.5999999999706,0.0
718.6999999999705,0.0
718.7999999999705,0.0
718.8999999999705,0.0
718.9999999999704,0.0
719.0999999999705,0.0
719.1999999999705,0.0
719.2999999999705,0.0
719.3999999999705,0.0
719.4999999999704,0.0
719.5999999999705,0.0
719.6999999999705,0.0
719.7999999999704,0.0
719.8999999999704,0.0
719.9999999999704,0.0
720.0999999999705,0.0
720.1999999999705,0.0
720.2999999999704,0.0
720.3999999999704,0.0
720.4999999999704,0.0
720.5999999999704,0.0
720.6999999999704,0.0
720.7999999999704,0.0
720.8999999999704,0.0
720.9999999999704,0.0
721.0999999999704,0.0
721.1999999999704,0.0
721.2999999999704,0.0
721.3999999999703,0.0
721.4999999999703,0.0
721.5999999999704,0.0
721.6999999999704,0.0
721.7999999999704,0.0
721.8999999999703,0.0
721.9999999999703,0.0
722.0999999999704,0.0
722.1999999999703,0.0
722.2999999999703,0.0
722.3999999999703,0.0
722.4999999999703,0.0
722.5999999999704,0.0
722.6999999999703,0.0
722.7999999999703,0.0
722.8999999999703,0.0
722.9999999999702,0.0
723.0999999999702,0.0
723.1999999999703,0.0
723.2999999999703,0.0
723.3999999999703,0.0
723.4999999999702,0.0
723.5999999999702,0.0
723.6999999999703,0.0
723.7999999999702,0.0
723.8999999999702,0.0
723.9999999999702,0.0
724.0999999999702,0.0
724.1999999999703,1009.2952239898067
724.2999999999702,4463.535658143454
724.3999999999702,17766.694569695388
724.4999999999702,63650.39476013687
724.5999999999701,205240.18807351677
724.6999999999701,595649.1738324744
724.7999999999702,1555913.7575430104
724.8999999999702,3658030.610745131
724.9999999999702,7740624.2679638555
725.0999999999701,14742511.538430188
725.1999999999701,25271661.910788372
725.2999999999702,38990873.68381383
725.3999999999701,54145076.03081259
725.4999999999701,67673993.66947445
725.5999999999701,76129237.90318291
725.6999999999701,77081116.2899611
725.7999999999702,70244341.57102597
725.8999999999701,57615791.7017369
725.9999999999701,42534228.43355039
726.0999999999701,28261969.392953943
726.19999999997,16901806.35415529
726.29999999997,9097680.04015171
726.3999999999701,4407527.528412364
726.4999999999701,1921879.9030523144
726.5999999999701,754265.5887356143
726.69999999997,266433.71557128086
726.79999999997,84707.31291378633
726.8999999999701,24239.266107960302
726.99999999997,6242.878248501917
727.09999999997,1447.161836755751
727.19999999997,301.9368879630959
727.29999999997,0.0
727.3999999999701,0.0
727.49999999997,0.0
727.59999999997,0.0
727.69999999997,0.0
727.7999999999699,0.0
727.89999999997,0.0
727.99999999997,0.0
728.09999999997,0.0
728.19999999997,0.0
728.2999999999699,0.0
728.39999999997,0.0
728.49999999997,0.0
728.5999999999699,0.0
728.6999999999699,0.0
728.7999999999699,0.0
728.89999999997,0.0
728.99999999997,0.0
729.0999999999699,0.0
729.1999999999699,0.0
729.2999999999699,0.0
729.3999999999699,0.0
729.4999999999699,0.0
729.5999999999699,0.0
729.6999999999699,0.0
729.7999999999699,0.0
729.8999999999699,0.0
729.9999999999699,0.0
730.0999999999699,0.0
730.1999999999698,0.0
730.2999999999698,0.0
730.3999999999699,0.0
730.4999999999699,0.0
730.5999999999699,0.0
730.6999999999698,0.0
730.7999999999698,0.0
730.8999999999699,0.0
730.9999999999698,0.0
731.0999999999698,0.0
731.1999999999698,0.0
731.2999999999698,0.0
731.3999999999699,0.0
731.4999999999698,0.0
731.5999999999698,0.0
731.6999999999698,0.0
731.7999999999697,0.0
731.8999999999697,0.0
731.9999999999698,0.0
732.0999999999698,0.0
732.1999999999698,0.0
732.2999999999697,0.0
732.3999999999697,0.0
732.4999999999698,0.0
732.5999999999697,0.0
732.6999999999697,0.0
732.7999999999697,0.0
732.8999999999697,0.0
732.9999999999698,0.0
733.0999999999697,0.0
733.1999999999697,0.0
733.2999999999697,0.0
733.3999999999696,0.0
733.4999999999696,0.0
733.5999999999697,0.0
733.6999999999697,0.0
733.7999999999697,0.0
733.8999999999696,0.0
733.9999999999696,0.0
734.0999999999697,0.0
734.1999999999696,0.0
734.2999999999696,0.0
734.3999999999696,0.0
734.4999999999696,0.0
734.5999999999697,0.0
734.6999999999696,0.0
734.7999999999696,0.0
734.8999999999696,0.0
734.9999999999695,0.0
735.0999999999696,0.0
735.1999999999696,0.0
735.2999999999696,0.0
735.3999999999696,0.0
735.4999999999695,0.0
735.5999999999696,0.0
735.6999999999696,0.0
735.7999999999695,0.0
735.8999999999695,0.0
735.9999999999695,0.0
736.0999999999696,0.0
736.1999999999696,0.0
736.2999999999695,0.0
736.3999999999695,0.0
736.4999999999695,0.0
736.5999999999694,0.0
736.6999999999695,0.0
736.7999999999695,0.0
736.8999999999695,0.0
736.9999999999695,0.0
737.0999999999694,0.0
737.1999999999695,0.0
737.2999999999695,0.0
737.3999999999694,0.0
737.4999999999694,0.0
737.5999999999694,0.0
737.6999999999695,0.0
737.7999999999695,0.0
737.8999999999694,0.0
737.9999999999694,0.0
738.0999999999694,0.0
738.1999999999694,0.0
738.2999999999694,0.0
738.3999999999694,0.0
738.4999999999694,0.0
738.5999999999694,0.0
738.6999999999694,0.0
738.7999999999694,0.0
738.8999999999694,0.0
738.9999999999693,0.0
739.0999999999693,0.0
739.1999999999694,0.0
739.2999999999694,0.0
739.3999999999694,0.0
739.4999999999693,0.0
739.5999999999693,0.0
739.6999999999694,0.0
739.7999999999693,0.0
739.8999999999693,0.0
739.9999999999693,0.0
740.0999999999693,0.0
740.1999999999694,0.0
740.2999999999693,0.0
740.3999999999693,0.0
740.4999999999693,0.0
740.5999999999692,0.0
740.6999999999692,0.0
740.7999999999693,0.0
740.8999999999693,0.0
740.9999999999693,0.0
741.0999999999692,0.0
741.1999999999692,0.0
741.2999999999693,0.0
741.3999999999692,0.0
741.4999999999692,0.0
741.5999999999692,0.0
741.6999999999692,0.0
741.7999999999693,0.0
741.8999999999692,0.0
741.9999999999692,0.0
742.0999999999692,0.0
742.1999999999691,0.0
742.2999999999691,0.0
742.3999999999692,0.0
742.4999999999692,0.0
742.5999999999692,0.0
742.6999999999691,0.0
742.7999999999691,0.0
742.8999999999692,0.0
742.9999999999691,0.0
743.0999999999691,0.0
743.1999999999691,0.0
743.2999999999691,0.0
743.3999999999692,0.0
743.4999999999691,0.0
743.5999999999691,0.0
743.6999999999691,0.0
743.799999999969,0.0
743.899999999969,0.0
743.9999999999691,0.0
744.0999999999691,0.0
744.1999999999691,0.0
744.299999999969,0.0
744.399999999969,0.0
744.4999999999691,0.0
744.599999999969,0.0
744.699999999969,0.0
744.799999999969,0.0
744.899999999969,0.0
744.9999999999691,0.0
745.099999999969,0.0
745.199999999969,0.0
745.299999999969,0.0
745.3999999999689,0.0
745.499999999969,0.0
745.599999999969,0.0
745.699999999969,0.0
745.799999999969,0.0
745.8999999999689,0.0
745.999999999969,0.0
746.099999999969,0.0
746.1999999999689,0.0
746.2999999999689,0.0
746.3999999999689,0.0
746.499999999969,0.0
746.599999999969,0.0
746.6999999999689,0.0
746.7999999999689,0.0
746.8999999999689,0.0
746.9999999999688,0.0
747.0999999999689,0.0
747.1999999999689,0.0
747.2999999999689,0.0
747.3999999999689,0.0
747.4999999999688,0.0
747.5999999999689,0.0
747.6999999999689,0.0
747.7999999999688,0.0
747.8999999999688,0.0
747.9999999999688,0.0
748.0999999999689,0.0
748.1999999999689,0.0
748.2999999999688,0.0
748.3999999999688,0.0
748.4999999999688,0.0
748.5999999999688,0.0
748.6999999999688,0.0
748.7999999999688,0.0
748.8999999999688,0.0
748.9999999999688,0.0
749.0999999999688,0.0
749.1999999999688,0.0
749.2999999999688,0.0
749.3999999999687,0.0
749.4999999999687,0.0
749.5999999999688,0.0
749.6999999999688,0.0
749.7999999999688,0.0
749.8999999999687,0.0
749.9999999999687,0.0
750.0999999999688,0.0
750.1999999999687,0.0
750.2999999999687,0.0
750.3999999999687,0.0
750.4999999999687,0.0
750.5999999999688,0.0
750.6999999999687,0.0
750.7999999999687,0.0
750.8999999999687,0.0
750.9999999999686,0.0
751.0999999999686,0.0
751.1999999999687,0.0
751.2999999999687,0.0
751.3999999999687,0.0
751.4999999999686,0.0
751.5999999999686,0.0
751.6999999999687,0.0
751.7999999999686,0.0
751.8999999999686,0.0
751.9999999999686,0.0
752.0999999999686,0.0
752.1999999999687,0.0
752.2999999999686,0.0
752.3999999999686,0.0
752.4999999999686,0.0
752.5999999999685,0.0
752.6999999999686,0.0
752.7999999999686,0.0
752.8999999999686,0.0
752.9999999999686,0.0
753.0999999999685,0.0
753.1999999999686,940.4512671472779
753.2999999999686,3885.9179886685915
753.3999999999685,14567.003273660801
753.4999999999685,49541.14700164433
753.5999999999685,152855.5279196708
753.6999999999686,427873.60249645764
753.7999999999686,1086598.4731155464
753.8999999999685,2503467.3952295757
753.9999999999685,5232798.855669511
754.0999999999685,9923054.922612822
754.1999999999684,17071669.778063115
754.2999999999685,26645621.855442565
754.3999999999685,37730709.4607582
754.4999999999685,48471151.26516986
754.5999999999685,56492520.3851917
754.6999999999684,59733480.33421951
754.7999999999685,57301229.43973882
754.8999999999685,49868845.41545015
754.9999999999684,39374399.09659405
755.0999999999684,28204461.80431887
755.1999999999684,18329091.842504364
755.2999999999685,10806457.011687018
755.3999999999685,5780227.946215276
755.4999999999684,2804954.707741905
755.5999999999684,1234883.5148077956
755.6999999999684,493225.34519270714
755.7999999999683,178724.4751016159
755.8999999999684,58754.60724256746
755.9999999999684,17523.428347834855
756.0999999999684,4741.49698943409
756.1999999999684,1163.9414476618472
756.2999999999683,259.21852819089855
756.3999999999684,0.0
756.4999999999684,0.0
756.5999999999683,0.0
756.6999999999683,0.0
756.7999999999683,0.0
756.8999999999684,0.0
756.9999999999684,0.0
757.0999999999683,0.0
757.1999999999683,0.0
757.2999999999683,0.0
757.3999999999683,0.0
757.4999999999683,0.0
757.5999999999683,0.0
757.6999999999683,0.0
757.7999999999683,0.0
757.8999999999683,0.0
757.9999999999683,0.0
758.0999999999683,0.0
758.1999999999682,0.0
758.2999999999682,0.0
758.3999999999683,0.0
758.4999999999683,0.0
758.5999999999683,0.0
758.6999999999682,0.0
758.7999999999682,0.0
758.8999999999683,0.0
758.9999999999682,0.0
759.0999999999682,0.0
759.1999999999682,0.0
759.2999999999682,0.0
759.3999999999683,0.0
759.4999999999682,0.0
759.5999999999682,0.0
759.6999999999682,0.0
759.7999999999681,0.0
759.8999999999681,0.0
759.9999999999682,0.0
760.0999999999682,0.0
760.1999999999682,0.0
760.2999999999681,0.0
760.3999999999681,0.0
760.4999999999682,0.0
760.5999999999681,0.0
760.6999999999681,0.0
760.7999999999681,0.0
760.8999999999681,0.0
760.9999999999682,0.0
761.0999999999681,0.0
761.1999999999681,0.0
761.2999999999681,0.0
761.399999999968,0.0
761.499999999968,0.0
761.5999999999681,0.0
761.6999999999681,0.0
761.7999999999681,0.0
761.899999999968,0.0
761.999999999968,0.0
762.0999999999681,0.0
762.199999999968,0.0
762.299999999968,0.0
762.399999999968,0.0
762.499999999968,0.0
762.5999999999681,0.0
762.699999999968,0.0
762.799999999968,0.0
762.899999999968,0.0
762.9999999999679,0.0
763.099999999968,0.0
763.199999999968,0.0
763.299999999968,0.0
763.399999999968,0.0
763.4999999999679,0.0
763.599999999968,0.0
763.699999999968,0.0
763.7999999999679,0.0
763.8999999999679,0.0
763.9999999999679,0.0
764.099999999968,0.0
764.199999999968,0.0
764.2999999999679,0.0
764.3999999999679,0.0
764.4999999999679,0.0
764.5999999999678,0.0
764.6999999999679,0.0
764.7999999999679,0.0
764.8999999999679,1221.622394706558
764.9999999999679,5225.876142067466
765.0999999999678,20341.847481705398
765.1999999999679,72049.47652566202
765.2999999999679,232209.73374233913
765.3999999999678,680987.5401689926
765.4999999999678,1817218.1499705121
765.5999999999678,4412493.924457103
765.6999999999679,9749230.302193636
765.7999999999679,19600434.262131326
765.8999999999678,35856691.288324945
765.9999999999678,59687568.22022687
766.0999999999678,90407969.02813335
766.1999999999678,124605925.61062029
766.2999999999678,156271518.67143035
766.3999999999678,178332346.6665706
766.4999999999678,185178077.4493557
766.5999999999678,174967816.41861892
766.6999999999678,150430509.8955206
766.7999999999678,117685467.77354492
766.8999999999678,83775861.56111
766.9999999999677,54265539.176874995
767.0999999999677,31984421.253315426
767.1999999999678,17153866.490273222
767.2999999999678,8371334.75869559
767.3999999999678,3717376.4843197223
767.4999999999677,1502060.896348384
767.5999999999677,552265.212451762
767.6999999999678,184763.8442353409
767.7999999999677,56246.49265125935
767.8999999999677,15580.55980950255
767.9999999999677,3927.1711063940743
768.0999999999677,900.7115763166382
768.1999999999678,0.0
768.2999999999677,605.5175520621891
768.3999999999677,2572.980502432214
768.4999999999677,9956.744189489233
768.5999999999676,35088.86323651495
768.6999999999676,112613.98932547997
768.7999999999677,329144.41000296007
768.8999999999677,876096.0438256266
768.9999999999677,2123674.978151144
769.0999999999676,4688084.98924941
769.1999999999676,9424840.254471088
769.2999999999677,17255343.726281404
769.3999999999676,28770295.805474985
769.4999999999676,43685381.713771716
769.5999999999676,60408637.14131753
769.6999999999676,76073436.67164785
769.7999999999677,87244514.45820917
769.8999999999676,91120127.57567829
769.9999999999676,86668564.54532015
770.0999999999676,75072345.25629315
770.1999999999675,59220143.934059724
770.2999999999676,42543187.82757223
770.3999999999676,27833107.376543507
770.4999999999676,16583051.761435142
770.5999999999676,8997840.967405712
770.6999999999675,4446141.344144257
770.7999999999676,2000779.883828333
770.8999999999676,819948.2720501866
770.9999999999675,306016.3938492624
771.0999999999675,104009.74376513691
771.1999999999675,32193.96408638874
771.2999999999676,9074.98632733247
771.3999999999676,2329.6388431496393
771.4999999999675,544.6309452150637
771.5999999999675,0.0
771.6999999999675,0.0
771.7999999999674,0.0
771.8999999999675,0.0
771.9999999999675,0.0
772.0999999999675,0.0
772.1999999999675,0.0
772.2999999999674,0.0
772.3999999999675,0.0
772.4999999999675,0.0
772.5999999999674,0.0
772.6999999999674,0.0
772.7999999999674,0.0
772.8999999999675,232.0600734408111
772.9999999999675,969.8058191173559
773.0999999999674,3695.0598920085204
773.1999999999674,12835.432722656366
773.2999999999674,40649.18881585051
773.3999999999673,117366.8876716759
773.4999999999674,308952.43969195377
773.5999999999674,741463.8912465944
773.6999999999674,1622335.6779867357
773.7999999999674,3236262.7050939626
773.8999999999673,5885713.98430247
773.9999999999674,9759034.992837487
774.0999999999674,14752544.483026959
774.1999999999673,20331963.740848605
774.2999999999673,25547244.02401773
774.3999999999673,29265848.648534045
774.4999999999674,30565431.013732947
774.5999999999674,29103971.903541543
774.6999999999673,25265409.21382689
774.7999999999673,19996442.888911117
774.8999999999673,14428842.525438242
774.9999999999673,9492105.930034233
775.0999999999673,5693063.067544984
775.1999999999673,3113018.8452457907
775.2999999999673,1552189.2893643668
775.3999999999673,706486.7777073616
775.4999999999673,296619.8844863126
775.5999999999673,125637.47696974936
775.6999999999673,86736.10867004635
775.7999999999672,154142.2949347572
775.8999999999672,382150.55008491036
775.9999999999673,921058.0460861186
776.0999999999673,2039612.890379727
776.1999999999673,4123262.8480080897
776.2999999999672,7604689.685959886
776.3999999999672,12794518.834685862
776.4999999999673,19636695.399130743
776.5999999999672,27492537.97840596
776.6999999999672,35112620.975857005
776.7999999999672,40908508.72274023
776.8999999999672,43477647.00772566
776.9999999999673,42152215.03310103
777.0999999999672,37280073.04036724
777.1999999999672,30077039.954944614
777.2999999999672,22135809.85442732
777.3999999999671,14861331.545514178
777.4999999999671,9101689.491326218
777.5999999999672,5084968.794491392
777.6999999999672,2591531.8671800583
777.7999999999672,1204832.8488877919
777.8999999999671,510974.2684543378
777.9999999999671,197684.78561421373
778.0999999999672,69766.90322958797
778.1999999999671,22460.924655903036
778.2999999999671,6596.412416837516
778.3999999999671,1767.2173011979041
778.4999999999671,431.89093975291297
778.5999999999672,0.0
778.6999999999671,0.0
778.7999999999671,0.0
778.8999999999671,0.0
778.999999999967,0.0
779.099999999967,0.0
779.1999999999671,0.0
779.2999999999671,0.0
779.3999999999671,0.0
779.499999999967,0.0
779.599999999967,0.0
779.6999999999671,0.0
779.799999999967,0.0
779.899999999967,0.0
779.999999999967,0.0
780.099999999967,0.0
780.1999999999671,0.0
780.299999999967,0.0
780.399999999967,0.0
780.499999999967,506.9240254906656
780.5999999999669,2134.7491696600337
780.699999999967,8210.764198999848
780.799999999967,28843.83848993074
780.899999999967,92545.49410766209
780.999999999967,271200.3528698484
781.0999999999669,725868.5340293881
781.199999999967,1774428.23279802
781.299999999967,3961791.8634911645
781.3999999999669,8079000.237942078
781.4999999999669,15047853.04374952
781.5999999999669,25599429.006332967
781.699999999967,39778751.52725362
781.799999999967,56465134.33844173
781.8999999999669,73235015.25683782
781.9999999999669,86836326.49878651
782.0999999999669,94248539.48167504
782.1999999999668,93907135.46941586
782.2999999999669,86463222.73642361
782.3999999999669,74628363.8019443
782.4999999999669,62137053.12226717
782.5999999999669,52324392.79099428
782.6999999999668,46972587.77518229
782.7999999999669,45881950.79243062
782.8999999999669,47248161.334316105
782.9999999999668,48591835.41547426
783.0999999999668,47807511.49511763
783.1999999999668,43905057.73180299
783.2999999999669,37189574.05078654
783.3999999999669,28897725.698917214
783.4999999999668,20549985.158715397
783.5999999999668,13360411.790597316
783.6999999999668,7937756.485031263
783.7999999999668,4308537.847193966
783.8999999999668,2136820.961095117
783.9999999999668,968129.3841781861
784.0999999999668,400705.876871164
784.1999999999668,151511.3143594156
784.2999999999668,52334.90775679988
784.3999999999668,16514.48002110365
784.4999999999668,4760.64051629475
784.5999999999667,1253.6979522506638
784.6999999999667,301.61121639646007
784.7999999999668,0.0
784.8999999999668,0.0
784.9999999999668,0.0
785.0999999999667,0.0
785.1999999999667,0.0
785.2999999999668,0.0
785.3999999999667,0.0
785.4999999999667,0.0
785.5999999999667,0.0
785.6999999999667,0.0
785.7999999999668,0.0
785.8999999999667,0.0
785.9999999999667,0.0
786.0999999999667,0.0
786.1999999999666,0.0
786.2999999999666,0.0
786.3999999999667,0.0
786.4999999999667,0.0
786.5999999999667,0.0
786.6999999999666,0.0
786.7999999999666,0.0
786.8999999999667,0.0
786.9999999999666,0.0
787.0999999999666,0.0
787.1999999999666,0.0
787.2999999999666,0.0
787.3999999999667,0.0
787.4999999999666,0.0
787.5999999999666,0.0
787.6999999999666,0.0
787.7999999999665,0.0
787.8999999999666,0.0
787.9999999999666,0.0
788.0999999999666,0.0
788.1999999999666,0.0
788.2999999999665,267.71200973772204
788.3999999999666,1091.0416123679454
788.4999999999666,4068.371737761853
788.5999999999665,13880.521900733433
788.6999999999665,43330.81083355527
788.7999999999665,123763.81539657063
788.8999999999666,323442.00165822025
788.9999999999666,773401.474821808
789.0999999999665,1692074.299093082
789.1999999999665,3387191.2233115574
789.2999999999665,6203915.228814477
789.3999999999664,10396755.904457748
789.4999999999665,15941738.969919212
789.5999999999665,22365540.235820014
789.6999999999665,28709719.23762657
789.7999999999665,33719750.38789057
789.8999999999664,36236447.13835543
789.9999999999665,35629745.65335148
790.0999999999665,32054254.994255733
790.1999999999664,26385450.037764348
790.2999999999664,19872347.72518798
790.3999999999664,13694295.74786186
790.4999999999665,8634477.876585724
790.5999999999665,4981249.699608357
790.6999999999664,2629337.874195639
790.7999999999664,1269873.133967667
790.8999999999664,561151.4975863805
790.9999999999663,226884.99280858468
791.0999999999664,83933.87392832163
791.1999999999664,28410.22145619856
791.2999999999664,8798.68607745782
791.3999999999664,2493.256042958027
791.4999999999663,646.4304279431778
791.5999999999664,153.3495671624357
791.6999999999664,0.0
791.7999999999663,0.0
791.8999999999663,461.7758808519885
791.9999999999663,1810.2083172641455
792.0999999999664,6497.97792765409
792.1999999999664,21358.96838127932
792.2999999999663,64288.70521676772
792.3999999999663,177190.91491203662
792.4999999999663,447198.75655749126
792.5999999999663,1033503.8273306616
792.6999999999663,2187136.84290323
792.7999999999663,4238304.827731157
792.8999999999663,7520743.664138165
792.9999999999663,12220296.67136174
793.0999999999663,18182562.01435765
793.1999999999663,24773123.675722115
793.2999999999663,30907140.710570898
793.3999999999662,35309311.81321428
793.4999999999662,36937886.47152812
793.5999999999663,35384022.00166111
793.6999999999663,31038070.544757564
793.7999999999663,24930707.339761898
793.8999999999662,18336939.433090754
793.9999999999662,12350128.196596697
794.0999999999663,7616727.986506498
794.1999999999662,4301478.848344474
794.2999999999662,2224433.8872208646
794.3999999999662,1053352.1320048966
794.4999999999662,456751.5395910849
794.5999999999663,181358.88056807013
794.6999999999662,65940.16024676083
794.7999999999662,21953.99369877165
794.8999999999662,6693.1327293675295
794.9999999999661,1868.5198027212507
795.0999999999661,477.6594096843968
795.1999999999662,0.0
795.2999999999662,0.0
795.3999999999662,0.0
795.4999999999661,0.0
795.5999999999661,0.0
795.6999999999662,0.0
795.7999999999661,0.0
795.8999999999661,0.0
795.9999999999661,0.0
796.0999999999661,0.0
796.1999999999662,0.0
796.2999999999661,0.0
796.3999999999661,0.0
796.4999999999661,0.0
796.599999999966,0.0
796.699999999966,0.0
796.7999999999661,0.0
796.8999999999661,0.0
796.9999999999661,0.0
797.099999999966,0.0
797.199999999966,0.0
797.2999999999661,0.0
797.399999999966,0.0
797.499999999966,0.0
797.599999999966,0.0
797.699999999966,0.0
797.7999999999661,0.0
797.899999999966,0.0
797.999999999966,0.0
798.099999999966,0.0
798.1999999999659,0.0
798.299999999966,0.0
798.399999999966,0.0
798.499999999966,0.0
798.599999999966,0.0
798.6999999999659,0.0
798.799999999966,0.0
798.899999999966,0.0
798.9999999999659,0.0
799.0999999999659,5242.563263346017
799.1999999999659,21349.072724121514
799.299999999966,79736.70611624893
799.399999999966,273137.6092055501
799.4999999999659,858121.2446899165
799.5999999999659,2472633.4621516634
799.6999999999659,6534536.20237036
799.7999999999658,15838488.454594936
799.8999999999659,35209238.65501636
799.9999999999659,71786614.79017824
800.0999999999659,134237622.47174138
800.1999999999659,230223136.91978204
800.2999999999658,362132598.14011836
800.3999999999659,522432530.87716705
800.4999999999659,691252541.3169513
800.5999999999658,838855599.7430286
800.6999999999658,933644649.9185611
800.7999999999658,953059370.4991829
800.8999999999659,892282214.3459774
800.9999999999659,766175843.1492472
801.0999999999658,603390698.9237232
801.1999999999658,435825568.8660947
801.2999999999658,288715924.0238809
801.3999999999658,175417415.4624377
801.4999999999658,97750416.36607689
801.5999999999658,49958393.196224965
801.6999999999658,23417592.560794283
801.7999999999658,10067461.260205353
801.8999999999658,3969553.198661881
801.9999999999658,1435513.3111622452
802.0999999999658,476120.36646944133
802.1999999999657,144833.9023579902
802.2999999999657,40408.02678053424
802.3999999999658,10339.725095274873
802.4999999999658,0.0
802.5999999999658,0.0
802.6999999999657,0.0
802.7999999999657,0.0
802.8999999999658,0.0
802.9999999999657,0.0
803.0999999999657,0.0
803.1999999999657,0.0
803.2999999999657,0.0
803.3999999999658,0.0
803.4999999999657,0.0
803.5999999999657,0.0
803.6999999999657,0.0
803.7999999999656,0.0
803.8999999999656,0.0
803.9999999999657,0.0
804.0999999999657,0.0
804.1999999999657,0.0
804.2999999999656,0.0
804.3999999999656,0.0
804.4999999999657,0.0
804.5999999999656,0.0
804.6999999999656,0.0
804.7999999999656,0.0
804.8999999999656,0.0
804.9999999999657,0.0
805.0999999999656,0.0
805.1999999999656,0.0
805.2999999999656,0.0
805.3999999999655,0.0
805.4999999999656,0.0
805.5999999999656,0.0
805.6999999999656,0.0
805.7999999999656,0.0
805.8999999999655,0.0
805.9999999999656,0.0
806.0999999999656,0.0
806.1999999999655,0.0
806.2999999999655,0.0
806.3999999999655,0.0
806.4999999999656,0.0
806.5999999999656,0.0
806.6999999999655,0.0
806.7999999999655,0.0
806.8999999999655,1568.4676792633
806.9999999999654,8246.487779011515
807.0999999999655,30334.1811169343
807.1999999999655,102689.72910484971
807.2999999999655,319952.3572293823
807.3999999999655,917566.5940538992
807.4999999999654,2422211.94949745
807.5999999999655,5886196.3699121345
807.6999999999655,13168257.139160117
807.7999999999654,27121420.835377444
807.8999999999654,51428425.98216148
807.9999999999654,89786886.8707493
808.0999999999655,144327691.69523776
808.1999999999655,213607986.47133768
808.2999999999654,291082514.52448976
808.3999999999654,365208649.9644164
808.4999999999654,421874840.14481163
808.5999999999653,448674246.7103522
808.6999999999654,439305988.56717646
808.7999999999654,395978466.4687457
808.8999999999654,328564991.5560999
808.9999999999654,250951766.79842642
809.0999999999653,176420894.47013786
809.1999999999654,114148466.24019995
809.2999999999654,67970164.62645178
809.3999999999653,37244436.118702255
809.4999999999653,18778683.87268289
809.5999999999653,8711539.725840872
809.6999999999654,3718056.1247610855
809.7999999999654,1459800.8481949158
809.8999999999653,527222.3098774867
809.9999999999653,175139.0429821627
810.0999999999653,53509.21706169459
810.1999999999653,15034.850082823352
810.2999999999653,3442.5247894221916
810.3999999999653,0.0
810.4999999999653,0.0
810.5999999999653,0.0
810.6999999999653,0.0
810.7999999999653,0.0
810.8999999999653,0.0
810.9999999999652,600.4394327692777
811.0999999999652,2291.4751936712028
811.1999999999653,8040.707859654152
811.2999999999653,25942.186400632727
811.3999999999653,76957.69239134602
811.4999999999652,209908.81018487597
811.5999999999652,526432.2248711432
811.6999999999653,1213912.6424621707
811.7999999999652,2573745.330834913
811.8999999999652,5017378.656805181
811.9999999999652,8993347.057860667
812.0999999999652,14821733.414532715
812.1999999999653,22460003.05995904
812.2999999999652,31293475.086532127
812.3999999999652,40089528.169222385
812.4999999999652,47221661.67300381
812.5999999999651,51142829.836736806
812.6999999999651,50928561.93480993
812.7999999999652,46630625.45800446
812.8999999999652,39256740.50484917
812.9999999999652,30387180.300759744
813.0999999999651,21627172.15357862
813.1999999999651,14152795.807210634
813.2999999999652,8515652.159367664
813.3999999999651,4711148.078804057
813.4999999999651,2396452.170881204
813.5999999999651,1120840.8357420485
813.6999999999651,482005.83304816915
813.7999999999652,190587.2359514168
813.8999999999651,69289.67085415995
813.9999999999651,23162.01582677762
814.0999999999651,7118.9735405101
814.199999999965,2011.831355262114
814.299999999965,522.7558906102249
814.3999999999651,0.0
814.4999999999651,0.0
814.5999999999651,0.0
814.699999999965,0.0
814.799999999965,0.0
814.8999999999651,0.0
814.999999999965,0.0
815.099999999965,0.0
815.199999999965,0.0
815.299999999965,0.0
815.3999999999651,0.0
815.499999999965,0.0
815.599999999965,0.0
815.699999999965,0.0
815.7999999999649,0.0
815.899999999965,0.0
815.999999999965,0.0
816.099999999965,0.0
816.199999999965,0.0
816.2999999999649,0.0
816.399999999965,0.0
816.499999999965,0.0
816.5999999999649,0.0
816.6999999999649,0.0
816.7999999999649,0.0
816.899999999965,0.0
816.999999999965,0.0
817.0999999999649,0.0
817.1999999999649,0.0
817.2999999999649,0.0
817.3999999999648,0.0
817.4999999999649,0.0
817.5999999999649,0.0
817.6999999999649,0.0
817.7999999999649,0.0
817.8999999999648,0.0
817.9999999999649,0.0
818.0999999999649,0.0
818.1999999999648,0.0
818.2999999999648,0.0
818.3999999999648,0.0
818.4999999999649,0.0
818.5999999999649,0.0
818.6999999999648,0.0
818.7999999999648,0.0
818.8999999999648,0.0
818.9999999999648,0.0
819.0999999999648,0.0
819.1999999999648,0.0
819.2999999999648,0.0
819.3999999999648,0.0
819.4999999999648,355.55775753659697
819.5999999999648,1385.1379520020043
819.6999999999648,4970.101301858957
819.7999999999647,16425.809966576293
819.8999999999647,50000.884730157886
819.9999999999648,140190.28714388062
820.0999999999648,362032.45316806535
820.1999999999648,861125.4455561477
820.2999999999647,1886577.6421404085
820.3999999999647,3806907.159446217
820.4999999999648,7075534.117921196
820.5999999999647,12112548.10251721
820.6999999999647,19098582.788200993
820.7999999999647,27736784.346879676
820.8999999999647,37102264.71719738
820.9999999999648,45712405.02179975
821.0999999999647,51874875.06760564
821.1999999999647,54221234.0979025
821.2999999999647,52200068.61470955
821.3999999999646,46287325.856131725
821.4999999999646,37804408.724203005
821.5999999999647,28438857.832708675
821.6999999999647,19704761.92065558
821.7999999999647,12575335.346195703
821.8999999999646,7391920.713621266
821.9999999999646,4002067.1029159934
822.0999999999647,1995725.3505307965
822.1999999999646,916656.2906669939
822.2999999999646,387794.47198869183
822.3999999999646,151107.50894166113
822.4999999999646,54232.52434335748
822.5999999999647,17927.632256628764
822.6999999999646,5458.52610712445
822.7999999999646,1530.795546255833
822.8999999999646,395.41062020330185
822.9999999999645,0.0
823.0999999999646,0.0
823.1999999999646,0.0
823.2999999999646,0.0
823.3999999999646,0.0
823.4999999999645,0.0
823.5999999999646,0.0
823.6999999999646,0.0
823.7999999999645,0.0
823.8999999999645,0.0
823.9999999999645,0.0
824.0999999999646,0.0
824.1999999999646,0.0
824.2999999999645,0.0
824.3999999999645,0.0
824.4999999999645,0.0
824.5999999999644,0.0
824.6999999999645,0.0
824.7999999999645,0.0
824.8999999999645,0.0
824.9999999999645,0.0
825.0999999999644,0.0
825.1999999999645,0.0
825.2999999999645,0.0
825.3999999999644,0.0
825.4999999999644,0.0
825.5999999999644,0.0
825.6999999999645,0.0
825.7999999999645,0.0
825.8999999999644,0.0
825.9999999999644,0.0
826.0999999999644,0.0
826.1999999999643,0.0
826.2999999999644,0.0
826.3999999999644,0.0
826.4999999999644,13618.00081733225
826.5999999999644,53867.38268744375
826.6999999999643,196533.8436467866
826.7999999999644,661375.0045974632
826.8999999999644,2052849.7564805257
826.9999999999643,5877132.922181465
827.0999999999643,15519324.791005256
827.1999999999643,37798894.12530528
827.2999999999644,84914983.54093915
827.3999999999644,175949700.07128012
827.4999999999643,336272767.7233807
827.5999999999643,592780397.2046614
827.6999999999643,963817787.1207249
827.7999999999643,1445423161.683244
827.8999999999643,1999374056.3708057
827.9999999999643,2550891966.0755315
828.0999999999643,3001850440.667732
828.1999999999643,3258254528.2511168
828.2999999999643,3261969802.899679
828.3999999999643,3012130874.083895
828.4999999999643,2565468647.611388
828.5999999999642,2015387489.0454574
828.6999999999642,1460324521.0943222
828.7999999999643,975976071.3649993
828.8999999999643,601627853.5995327
828.9999999999643,342070538.659196
829.0999999999642,179391714.39710164
829.1999999999642,86773688.91252628
829.2999999999643,38714415.926202744
829.3999999999642,15931487.708112031
829.4999999999642,6046985.448559338
829.5999999999642,2116998.1712042275
829.6999999999642,683598.3564056386
829.7999999999643,203601.2797884788
829.8999999999642,55931.82147293998
829.9999999999642,14172.171081199554
830.0999999999642,0.0
830.1999999999641,0.0
830.2999999999641,0.0
830.3999999999642,0.0
830.4999999999642,0.0
830.5999999999642,0.0
830.6999999999641,0.0
830.7999999999641,0.0
830.8999999999642,0.0
830.9999999999641,0.0
831.0999999999641,0.0
831.1999999999641,0.0
831.2999999999641,0.0
831.3999999999642,0.0
831.4999999999641,0.0
831.5999999999641,461.85932933570797
831.6999999999641,1767.4924493600813
831.799999999964,6244.915109039708
831.899999999964,20371.201115192245
831.9999999999641,61351.87769126219
832.0999999999641,170592.60729124479
832.1999999999641,437939.05826538126
832.299999999964,1037978.3107054166
832.399999999964,2271349.693217581
832.4999999999641,4588818.197061095
832.599999999964,8559311.390271533
832.699999999964,14740015.028615046
832.799999999964,23435711.956576034
832.899999999964,34401668.14310673
832.9999999999641,46623189.24518863
833.099999999964,58337199.82053507
833.199999999964,67392304.2336454
833.299999999964,71878028.66833226
833.3999999999639,70778790.15241884
833.499999999964,64347434.62741778
833.599999999964,54010781.98793915
833.699999999964,41855334.626439996
833.799999999964,29946239.727807984
833.8999999999639,19781303.248427045
833.999999999964,12063925.0377264
834.099999999964,6792716.423900487
834.1999999999639,3531176.8145212955
834.2999999999639,1694792.6404937005
834.3999999999639,750991.1168240326
834.499999999964,307237.4527248218
834.599999999964,116047.19217158403
834.6999999999639,40468.41951019074
834.7999999999639,13029.236739007873
834.8999999999639,3872.9584014238376
834.9999999999638,1062.888760955195
835.0999999999639,269.3108946455696
835.1999999999639,0.0
835.2999999999639,0.0
835.3999999999639,0.0
835.4999999999638,0.0
835.5999999999639,0.0
835.6999999999639,0.0
835.7999999999638,0.0
835.8999999999638,2972.1970232675126
835.9999999999638,10902.143265939245
836.0999999999639,36950.426258625186
836.1999999999639,115717.83473057831
836.2999999999638,334853.1761163214
836.3999999999638,895327.2948307961
836.4999999999638,2211986.6648285366
836.5999999999638,5049594.014028838
836.6999999999638,10651326.518486064
836.7999999999638,20759850.046475895
836.8999999999638,37386774.97711656
836.9999999999638,62213562.950373344
837.0999999999638,95658908.65935339
837.1999999999638,135906130.57697278
837.2999999999638,178412776.392673
837.3999999999637,216414389.31060374
837.4999999999637,242560228.64695534
837.5999999999638,251203873.13478512
837.6999999999638,240384436.97779173
837.7999999999638,212549281.34466085
837.8999999999637,173654568.31720188
837.9999999999637,131094980.28750835
838.0999999999638,91444837.06373847
838.1999999999637,58939384.50348632
838.2999999999637,35101468.027469404
838.3999999999637,19316046.485959977
838.4999999999637,9821650.6326225
838.5999999999638,4614493.085129664
838.6999999999637,2003257.5828536649
838.7999999999637,803568.4354822623
838.8999999999637,297839.44979563233
838.9999999999636,102003.44761285189
839.0999999999636,32279.051035133503
839.1999999999637,9438.434021839592
839.2999999999637,2550.0717966671104
839.3999999999637,0.0
839.4999999999636,0.0
839.5999999999636,0.0
839.6999999999637,0.0
839.7999999999636,0.0
839.8999999999636,0.0
839.9999999999636,0.0
840.0999999999636,0.0
840.1999999999637,0.0
840.2999999999636,0.0
840.3999999999636,0.0
840.4999999999636,0.0
840.5999999999635,0.0
840.6999999999636,0.0
840.7999999999636,0.0
840.8999999999636,0.0
840.9999999999636,0.0
841.0999999999635,482.84795660282055
841.1999999999636,1785.2628589940646
841.2999999999636,6105.08872090036
841.3999999999635,19309.891205901607
841.4999999999635,56489.23739931647
841.5999999999635,152844.43622122123
841.6999999999636,382500.1364915971
841.7999999999636,885343.0699564298
841.8999999999635,1895350.9073881102
841.9999999999635,3752888.8363777306
842.0999999999635,6872896.612897838
842.1999999999634,11641580.862838376
842.2999999999635,18238207.181366924
842.3999999999635,26427152.340725888
842.4999999999635,35417396.15268518
842.5999999999635,43901658.558928944
842.6999999999634,50331892.912003286
842.7999999999635,53370790.78150481
842.8999999999635,52343414.45755588
842.9999999999634,47480851.4177183
843.0999999999634,39835748.757111505
843.1999999999634,30911886.4066013
843.2999999999635,22185849.910165638
843.3999999999635,14727352.099987302
843.4999999999634,9042141.66681956
843.5999999999634,5134710.724037054
843.6999999999634,2696861.813207519
843.7999999999633,1310084.9080068057
843.8999999999634,588624.3597717845
843.9999999999634,244610.47789454975
844.0999999999634,94017.76410438788
844.1999999999634,33422.79913938089
844.2999999999633,10989.394316590098
844.3999999999634,3341.971425519728
844.4999999999634,940.0040945198916
844.5999999999633,244.54275238645963
844.6999999999633,0.0
844.7999999999633,0.0
844.8999999999634,0.0
844.9999999999634,0.0
845.0999999999633,0.0
845.1999999999633,0.0
845.2999999999633,0.0
845.3999999999633,0.0
845.4999999999633,0.0
845.5999999999633,0.0
845.6999999999633,0.0
845.7999999999633,0.0
845.8999999999633,0.0
845.9999999999633,0.0
846.0999999999633,0.0
846.1999999999632,0.0
846.2999999999632,0.0
846.3999999999633,0.0
846.4999999999633,0.0
846.5999999999633,0.0
846.6999999999632,0.0
846.7999999999632,0.0
846.8999999999633,0.0
846.9999999999632,0.0
847.0999999999632,0.0
847.1999999999632,0.0
847.2999999999632,0.0
847.3999999999633,0.0
847.4999999999632,0.0
847.5999999999632,0.0
847.6999999999632,0.0
847.7999999999631,0.0
847.8999999999631,0.0
847.9999999999632,0.0
848.0999999999632,0.0
848.1999999999632,0.0
848.2999999999631,0.0
848.3999999999631,0.0
848.4999999999632,0.0
848.5999999999631,0.0
848.6999999999631,0.0
848.7999999999631,0.0
848.8999999999631,0.0
848.9999999999632,0.0
849.0999999999631,0.0
849.1999999999631,0.0
849.2999999999631,0.0
849.399999999963,0.0
849.499999999963,0.0
849.5999999999631,0.0
849.6999999999631,0.0
849.7999999999631,0.0
849.899999999963,0.0
849.999999999963,0.0
850.0999999999631,0.0
850.199999999963,0.0
850.299999999963,0.0
850.399999999963,1963.5167003677518
850.499999999963,6992.867318609119
850.5999999999631,23073.26487650957
850.699999999963,70533.57397026359
850.799999999963,199763.34605661198
850.899999999963,524165.9340847686
850.9999999999629,1274250.6269317945
851.099999999963,2869947.7786614406
851.199999999963,5988612.4365906725
851.299999999963,11577412.205306055
851.399999999963,20736232.789605454
851.4999999999629,34409732.62942814
851.599999999963,52901235.06037976
851.699999999963,75350024.82616785
851.7999999999629,99433805.98380801
851.8999999999629,121567588.35436897
851.9999999999629,137700213.7880939
852.099999999963,144505541.82987872
852.199999999963,140497134.2424172
852.2999999999629,126556222.70605886
852.3999999999629,105616705.68486366
852.4999999999629,81661020.94641472
852.5999999999628,58496525.11642701
852.6999999999629,38822044.79639694
852.7999999999629,23870406.748882256
852.8999999999629,13597977.160260987
852.9999999999629,7176651.7154767215
853.0999999999628,3509154.6506089293
853.1999999999629,1589703.8322022744
853.2999999999629,667210.7101489794
853.3999999999628,259443.54621570776
853.4999999999628,93466.46331465158
853.5999999999628,31196.209088705386
853.6999999999629,9646.747479263757
853.7999999999629,2763.713837416863
853.8999999999628,733.56450791806
853.9999999999628,0.0
854.0999999999628,0.0
854.1999999999628,0.0
854.2999999999628,0.0
854.3999999999628,0.0
854.4999999999628,0.0
854.5999999999628,0.0
854.6999999999628,0.0
854.7999999999628,0.0
854.8999999999628,0.0
854.9999999999627,0.0
855.0999999999627,0.0
855.1999999999628,0.0
855.2999999999628,0.0
855.3999999999628,0.0
855.4999999999627,0.0
855.5999999999627,0.0
855.6999999999628,0.0
855.7999999999627,708.9064427461545
855.8999999999627,2506.1927119372663
855.9999999999627,8216.566187581293
856.0999999999627,24981.390562340785
856.1999999999628,70435.76185610378
856.2999999999627,184170.54766845703
856.3999999999627,446578.17917816306
856.4999999999627,1004211.4610514297
856.5999999999626,2094127.9082278505
856.6999999999626,4049781.494561136
856.7999999999627,7263557.590849541
856.8999999999627,12081667.453912837
856.9999999999627,18638661.70286798
857.0999999999626,26673948.345390875
857.1999999999626,35425095.859078474
857.2999999999627,43697587.42989378
857.3999999999626,50159354.286220856
857.4999999999626,53803054.76970999
857.5999999999626,54412895.05071862
857.6999999999626,52830837.553782254
857.7999999999627,50871473.83425953
857.8999999999626,50860878.859931245
857.9999999999626,54912434.78859073
858.0999999999626,64151530.013641134
858.1999999999625,78142111.2941716
858.2999999999626,94745582.56166123
858.3999999999626,110541702.29019693
858.4999999999626,121754743.86497457
858.5999999999626,125403337.39473958
858.6999999999625,120243528.73012911
858.7999999999626,107118051.0256792
858.8999999999626,88575905.59944095
858.9999999999625,67958419.37547597
859.0999999999625,48368943.375731625
859.1999999999625,31933783.28863428
859.2999999999626,19555949.66133032
859.3999999999626,11108147.946597835
859.4999999999625,5852543.510310811
859.5999999999625,2860090.957794398
859.6999999999625,1296424.5212904313
859.7999999999624,545063.1566011023
859.8999999999625,212558.56780619078
859.9999999999625,76885.1739876345
860.0999999999625,25795.193254560778
860.1999999999625,8027.257016571934
860.2999999999624,2317.0091512095314
860.3999999999625,620.3267763141132
860.4999999999625,0.0
860.5999999999624,0.0
860.6999999999624,0.0
860.7999999999624,0.0
860.8999999999625,0.0
860.9999999999625,0.0
861.0999999999624,0.0
861.1999999999624,0.0
861.2999999999624,0.0
861.3999999999623,0.0
861.4999999999624,0.0
861.5999999999624,0.0
861.6999999999624,0.0
861.7999999999624,0.0
861.8999999999623,0.0
861.9999999999624,0.0
862.0999999999624,0.0
862.1999999999623,0.0
862.2999999999623,0.0
862.3999999999623,0.0
862.4999999999624,0.0
862.5999999999624,0.0
862.6999999999623,0.0
862.7999999999623,0.0
862.8999999999623,0.0
862.9999999999623,0.0
863.0999999999623,0.0
863.1999999999623,0.0
863.2999999999623,0.0
863.3999999999623,0.0
863.4999999999623,0.0
863.5999999999623,0.0
863.6999999999623,0.0
863.7999999999622,0.0
863.8999999999622,0.0
863.9999999999623,0.0
864.0999999999623,0.0
864.1999999999623,0.0
864.2999999999622,0.0
864.3999999999622,0.0
864.4999999999623,0.0
864.5999999999622,0.0
864.6999999999622,0.0
864.7999999999622,0.0
864.8999999999622,0.0
864.9999999999623,0.0
865.0999999999622,0.0
865.1999999999622,0.0
865.2999999999622,0.0
865.3999999999621,0.0
865.4999999999621,0.0
865.5999999999622,0.0
865.6999999999622,0.0
865.7999999999622,0.0
865.8999999999621,0.0
865.9999999999621,0.0
866.0999999999622,0.0
866.1999999999621,0.0
866.2999999999621,0.0
866.3999999999621,0.0
866.4999999999621,0.0
866.5999999999622,0.0
866.6999999999621,0.0
866.7999999999621,0.0
866.8999999999621,0.0
866.999999999962,0.0
867.099999999962,0.0
867.1999999999621,0.0
867.2999999999621,0.0
867.3999999999621,0.0
867.499999999962,0.0
867.599999999962,0.0
867.6999999999621,0.0
867.799999999962,0.0
867.899999999962,0.0
867.999999999962,0.0
868.099999999962,0.0
868.1999999999621,0.0
868.299999999962,0.0
868.399999999962,0.0
868.499999999962,0.0
868.5999999999619,0.0
868.699999999962,0.0
868.799999999962,0.0
868.899999999962,0.0
868.999999999962,0.0
869.0999999999619,0.0
869.199999999962,0.0
869.299999999962,0.0
869.3999999999619,0.0
869.4999999999619,0.0
869.5999999999619,0.0
869.699999999962,0.0
869.799999999962,0.0
869.8999999999619,0.0
869.9999999999619,0.0
870.0999999999619,0.0
870.1999999999618,0.0
870.2999999999619,0.0
870.3999999999619,0.0
870.4999999999619,0.0
870.5999999999619,0.0
870.6999999999618,0.0
870.7999999999619,0.0
870.8999999999619,0.0
870.9999999999618,0.0
871.0999999999618,0.0
871.1999999999618,0.0
871.2999999999619,0.0
871.3999999999619,0.0
871.4999999999618,0.0
871.5999999999618,0.0
871.6999999999618,0.0
871.7999999999618,0.0
871.8999999999618,0.0
871.9999999999618,0.0
872.0999999999618,0.0
872.1999999999618,0.0
872.2999999999618,0.0
872.3999999999618,0.0
872.4999999999618,0.0
872.5999999999617,0.0
872.6999999999617,0.0
872.7999999999618,0.0
872.8999999999618,0.0
872.9999999999618,0.0
873.0999999999617,0.0
873.1999999999617,0.0
873.2999999999618,0.0
873.3999999999617,0.0
873.4999999999617,0.0
873.5999999999617,0.0
873.6999999999617,0.0
873.7999999999618,0.0
873.8999999999617,0.0
873.9999999999617,0.0
874.0999999999617,0.0
874.1999999999616,0.0
874.2999999999616,0.0
874.3999999999617,0.0
874.4999999999617,0.0
874.5999999999617,0.0
874.6999999999616,0.0
874.7999999999616,0.0
874.8999999999617,0.0
874.9999999999616,0.0
875.0999999999616,0.0
875.1999999999616,0.0
875.2999999999616,0.0
875.3999999999617,0.0
875.4999999999616,0.0
875.5999999999616,0.0
875.6999999999616,0.0
875.7999999999615,0.0
875.8999999999616,0.0
875.9999999999616,0.0
876.0999999999616,0.0
876.1999999999616,0.0
876.2999999999615,0.0
876.3999999999616,0.0
876.4999999999616,0.0
876.5999999999615,0.0
876.6999999999615,0.0
876.7999999999615,0.0
876.8999999999616,0.0
876.9999999999616,0.0
877.0999999999615,0.0
877.1999999999615,0.0
877.2999999999615,0.0
877.3999999999614,0.0
877.4999999999615,0.0
877.5999999999615,0.0
877.6999999999615,0.0
877.7999999999615,0.0
877.8999999999614,0.0
877.9999999999615,0.0
878.0999999999615,0.0
878.1999999999614,0.0
878.2999999999614,0.0
878.3999999999614,0.0
878.4999999999615,0.0
878.5999999999615,0.0
878.6999999999614,0.0
878.7999999999614,0.0
878.8999999999614,0.0
878.9999999999613,0.0
879.0999999999614,0.0
879.1999999999614,0.0
879.2999999999614,0.0
879.3999999999614,0.0
879.4999999999613,0.0
879.5999999999614,0.0
879.6999999999614,0.0
879.7999999999613,0.0
879.8999999999613,0.0
879.9999999999613,0.0
880.0999999999614,0.0
880.1999999999614,0.0
880.2999999999613,0.0
880.3999999999613,0.0
880.4999999999613,0.0
880.5999999999613,0.0
880.6999999999613,0.0
880.7999999999613,0.0
880.8999999999613,0.0
880.9999999999613,0.0
881.0999999999613,0.0
881.1999999999613,0.0
881.2999999999613,0.0
881.3999999999612,0.0
881.4999999999612,0.0
881.5999999999613,0.0
881.6999999999613,0.0
881.7999999999613,0.0
881.8999999999612,0.0
881.9999999999612,0.0
882.0999999999613,0.0
882.1999999999612,0.0
882.2999999999612,0.0
882.3999999999612,0.0
882.4999999999612,0.0
882.5999999999613,0.0
882.6999999999612,0.0
882.7999999999612,0.0
882.8999999999612,0.0
882.9999999999611,0.0
883.0999999999611,0.0
883.1999999999612,0.0
883.2999999999612,0.0
883.3999999999612,0.0
883.4999999999611,0.0
883.5999999999611,0.0
883.6999999999612,0.0
883.7999999999611,0.0
883.8999999999611,0.0
883.9999999999611,0.0
884.0999999999611,0.0
884.1999999999612,0.0
884.2999999999611,0.0
884.3999999999611,0.0
884.4999999999611,0.0
884.599999999961,0.0
884.699999999961,0.0
884.7999999999611,0.0
884.8999999999611,0.0
884.9999999999611,0.0
885.099999999961,0.0
885.199999999961,0.0
885.2999999999611,0.0
885.399999999961,0.0
885.499999999961,0.0
885.599999999961,0.0
885.699999999961,0.0
885.7999999999611,0.0
885.899999999961,0.0
885.999999999961,0.0
886.099999999961,0.0
886.1999999999609,0.0
886.299999999961,0.0
886.399999999961,0.0
886.499999999961,0.0
886.599999999961,0.0
886.6999999999609,0.0
886.799999999961,0.0
886.899999999961,0.0
886.9999999999609,0.0
887.0999999999609,0.0
887.1999999999609,0.0
887.299999999961,0.0
887.399999999961,0.0
887.4999999999609,0.0
887.5999999999609,0.0
887.6999999999609,0.0
887.7999999999608,0.0
887.8999999999609,0.0
887.9999999999609,0.0
888.0999999999609,0.0
888.1999999999609,0.0
888.2999999999608,0.0
888.3999999999609,0.0
888.4999999999609,0.0
888.5999999999608,0.0
888.6999999999608,0.0
888.7999999999608,0.0
888.8999999999609,0.0
888.9999999999609,0.0
889.0999999999608,0.0
889.1999999999608,0.0
889.2999999999608,0.0
889.3999999999608,0.0
889.4999999999608,0.0
889.5999999999608,0.0
889.6999999999608,0.0
889.7999999999608,0.0
889.8999999999608,0.0
889.9999999999608,0.0
890.0999999999608,0.0
890.1999999999607,0.0
890.2999999999607,0.0
890.3999999999608,0.0
890.4999999999608,0.0
890.5999999999608,0.0
890.6999999999607,0.0
890.7999999999607,0.0
890.8999999999608,0.0
890.9999999999607,0.0
891.0999999999607,0.0
891.1999999999607,0.0
891.2999999999607,0.0
891.3999999999608,0.0
891.4999999999607,0.0
891.5999999999607,0.0
891.6999999999607,0.0
891.7999999999606,0.0
891.8999999999606,0.0
891.9999999999607,0.0
892.0999999999607,0.0
892.1999999999607,0.0
892.2999999999606,0.0
892.3999999999606,0.0
892.4999999999607,437.7806703316724
892.5999999999606,1522.0595449505638
892.6999999999606,4937.400246167292
892.7999999999606,14943.64893141291
892.8999999999606,42199.43229225478
892.9999999999607,111810.97049048505
893.0999999999606,275436.9629687367
893.1999999999606,633557.5853165312
893.2999999999606,1361125.7821805857
893.3999999999605,2732274.3769913176
893.4999999999606,5127284.998004415
893.5999999999606,9000911.98717304
893.6999999999606,14795092.812720437
893.7999999999606,22798149.681286983
893.8999999999605,32983686.33540344
893.9999999999606,44890454.2927804
894.0999999999606,57607954.09241202
894.1999999999605,69898902.51473899
894.2999999999605,80430309.28501493
894.3999999999605,88033813.9454363
894.4999999999606,91907256.52146763
894.5999999999606,91709059.36208515
894.6999999999605,87554734.50167224
894.7999999999605,79958396.76979938
894.8999999999605,69753153.29019211
894.9999999999604,57992612.61128992
895.0999999999605,45818628.19528713
895.1999999999605,34296278.751586296
895.2999999999605,24250320.96286857
895.3999999999605,16155542.329821866
895.4999999999604,10118177.94636461
895.5999999999605,5946785.4306315
895.6999999999605,3275275.075297952
895.7999999999604,1688592.8756305526
895.8999999999604,814242.2183269237
895.9999999999604,366997.6198910164
896.0999999999605,154544.09230559214
896.1999999999605,60781.590027771585
896.2999999999604,22211.35924856982
896.3999999999604,7624.97866880675
896.4999999999604,2442.444060667105
896.5999999999603,730.0172372544833
896.6999999999604,203.5935898342034
896.7999999999604,0.0
896.8999999999604,0.0
896.9999999999604,0.0
897.0999999999603,0.0
897.1999999999604,0.0
897.2999999999604,0.0
897.3999999999603,0.0
897.4999999999603,0.0
897.5999999999603,0.0
897.6999999999604,0.0
897.7999999999604,0.0
897.8999999999603,0.0
897.9999999999603,0.0
898.0999999999603,0.0
898.1999999999603,0.0
898.2999999999603,0.0
898.3999999999603,0.0
898.4999999999603,0.0
898.5999999999603,0.0
898.6999999999603,0.0
898.7999999999603,0.0
898.8999999999603,0.0
898.9999999999602,0.0
899.0999999999602,0.0
899.1999999999603,0.0
899.2999999999603,0.0
899.3999999999603,0.0
899.4999999999602,0.0
899.5999999999602,0.0
899.6999999999603,0.0
899.7999999999602,0.0
899.8999999999602,0.0
899.9999999999602,0.0
900.0999999999602,0.0
900.1999999999603,0.0
900.2999999999602,0.0
900.3999999999602,0.0
900.4999999999602,0.0
900.5999999999601,0.0
900.6999999999601,0.0
900.7999999999602,0.0
900.8999999999602,0.0
900.9999999999602,0.0
901.0999999999601,0.0
901.1999999999601,0.0
901.2999999999602,0.0
901.3999999999601,0.0
901.4999999999601,0.0
901.5999999999601,0.0
901.6999999999601,0.0
901.7999999999602,0.0
901.8999999999601,0.0
901.9999999999601,0.0
902.0999999999601,0.0
902.19999999996,0.0
902.29999999996,0.0
902.3999999999601,0.0
902.4999999999601,0.0
902.5999999999601,0.0
902.69999999996,0.0
902.79999999996,0.0
902.8999999999601,0.0
902.99999999996,0.0
903.09999999996,0.0
903.19999999996,0.0
903.29999999996,0.0
903.3999999999601,0.0
903.49999999996,0.0
903.59999999996,0.0
903.69999999996,0.0
903.7999999999599,0.0
903.89999999996,0.0
903.99999999996,0.0
904.09999999996,0.0
904.19999999996,0.0
904.2999999999599,0.0
904.39999999996,0.0
904.49999999996,0.0
904.5999999999599,0.0
904.6999999999599,0.0
904.7999999999599,0.0
904.89999999996,0.0
904.99999999996,0.0
905.0999999999599,0.0
905.1999999999599,0.0
905.2999999999599,0.0
905.3999999999598,166.2631244314915
905.4999999999599,584.6626234615827
905.5999999999599,1922.0335030641418
905.6999999999599,5906.94334474168
905.7999999999599,16971.134933402438
905.8999999999598,45583.24058766095
905.9999999999599,114457.89013368031
906.0999999999599,268678.2461213392
906.1999999999598,589610.898380674
906.2999999999598,1209608.2198891358
906.3999999999598,2319904.9181146375
906.4999999999599,4159507.109652767
906.5999999999599,6972038.642382547
906.6999999999598,10925062.477551218
906.7999999999598,16004212.242412383
906.8999999999598,21917494.4043729
906.9999999999598,28060392.12334087
907.0999999999598,33584802.30596941
907.1999999999598,37578382.78136984
907.2999999999598,39307878.486319795
907.3999999999598,38438581.5377361
907.4999999999598,35139965.456332795
907.5999999999598,30031812.009313118
907.6999999999598,23994293.805816546
907.7999999999597,17921759.180032436
907.8999999999597,12514097.414059004
907.9999999999598,8168920.219593307
908.0999999999598,4985124.47803204
908.1999999999598,2844026.1724629
908.2999999999597,1516831.7112717014
908.3999999999597,756288.4006691938
908.4999999999598,352519.95728167304
908.5999999999597,153612.376206685
908.6999999999597,62577.02824603057
908.7999999999597,23831.418409823083
908.8999999999597,8484.59423691249
908.9999999999598,2823.9596878829734
909.0999999999597,878.6828242097648
909.1999999999597,255.5947981384164
909.2999999999597,0.0
909.3999999999596,0.0
909.4999999999596,0.0
909.5999999999597,0.0
909.6999999999597,0.0
909.7999999999597,0.0
909.8999999999596,0.0
909.9999999999596,0.0
910.0999999999597,0.0
910.1999999999596,521.8776478043909
910.2999999999596,1808.1094700027425
910.3999999999596,5860.489615411757
910.4999999999596,17770.360407969933
910.5999999999597,50409.42302595952
910.6999999999596,133776.6673656524
910.7999999999596,332125.46388706216
910.8999999999596,771395.5527462827
910.9999999999595,1676120.5194238778
911.0999999999596,3407112.7860030965
911.1999999999596,6479193.244276616
911.2999999999596,11526793.457065508
911.3999999999596,19184445.228193298
911.4999999999595,29870544.12292884
911.5999999999596,43510109.68270604
911.6999999999596,59291218.782923184
911.7999999999595,75586412.41523404
911.8999999999595,90146785.10536265
911.9999999999595,100579601.10365076
912.0999999999596,104983906.73353827
912.1999999999596,102515304.60905625
912.2999999999595,93650012.20641427
912.3999999999595,80035032.4802625
912.4999999999595,63989036.08240553
912.5999999999594,47861264.22392925
912.6999999999595,33490059.51591408
912.7999999999595,21923042.612000566
912.8999999999595,13425760.389477959
912.9999999999595,7691837.691239535
913.0999999999594,4122631.2049464616
913.1999999999595,2067150.1168202735
913.2999999999595,969667.1919886485
913.3999999999594,425526.4327550259
913.4999999999594,174696.2324195074
913.5999999999594,67095.5458599887
913.6999999999595,24107.76766807979
913.7999999999595,8103.515361651957
913.8999999999594,2548.2561288925904
913.9999999999594,749.6626097448499
914.0999999999594,0.0
914.1999999999593,0.0
914.2999999999594,0.0
914.3999999999594,0.0
914.4999999999594,0.0
914.5999999999594,0.0
914.6999999999593,0.0
914.7999999999594,0.0
914.8999999999594,0.0
914.9999999999593,0.0
915.0999999999593,0.0
915.1999999999593,0.0
915.2999999999594,0.0
915.3999999999594,0.0
915.4999999999593,0.0
915.5999999999593,0.0
915.6999999999593,0.0
915.7999999999593,0.0
915.8999999999593,0.0
915.9999999999593,0.0
916.0999999999593,0.0
916.1999999999593,0.0
916.2999999999593,0.0
916.3999999999593,0.0
916.4999999999593,0.0
916.5999999999592,0.0
916.6999999999592,0.0
916.7999999999593,0.0
916.8999999999593,0.0
916.9999999999593,0.0
917.0999999999592,0.0
917.1999999999592,0.0
917.2999999999593,428.9513630952805
917.3999999999592,1419.2656244850175
917.4999999999592,4397.596306848286
917.5999999999592,12760.364433082592
917.6999999999592,34674.23115303
917.7999999999593,88236.16936800773
917.8999999999592,210272.5079808306
917.9999999999592,469260.9194314092
918.0999999999592,980713.8828433548
918.1999999999591,1919403.5891483196
918.2999999999591,3517922.967719317
918.3999999999592,6038129.064116382
918.4999999999592,9705423.741350174
918.5999999999592,14609072.851289129
918.6999999999591,20593342.92297004
918.7999999999591,27184859.428706206
918.8999999999592,33606507.01641037
918.9999999999591,38905921.15191258
919.0999999999591,42179756.94197863
919.1999999999591,42824123.89019812
919.2999999999591,40716359.87144038
919.3999999999592,36253124.71889087
919.4999999999591,30228596.910359148
919.5999999999591,23604052.789102275
919.6999999999591,17260414.008422807
919.799999999959,11819847.769474093
919.899999999959,7579989.453411039
919.9999999999591,4552200.299141212
920.0999999999591,2560178.0398616977
920.1999999999591,1348388.4276453606
920.299999999959,665052.4666544169
920.399999999959,307179.9349028473
920.4999999999591,132869.65976502764
920.599999999959,53821.38201212034
920.699999999959,20416.435033435297
920.799999999959,7252.721820801253
920.899999999959,2412.782493487296
920.9999999999591,751.6771859811827
921.099999999959,219.30099840761363
921.199999999959,0.0
921.299999999959,0.0
921.3999999999589,0.0
921.499999999959,0.0
921.599999999959,0.0
921.699999999959,0.0
921.799999999959,0.0
921.8999999999589,0.0
921.999999999959,0.0
922.099999999959,0.0
922.1999999999589,0.0
922.2999999999589,0.0
922.3999999999589,0.0
922.499999999959,0.0
922.599999999959,0.0
922.6999999999589,0.0
922.7999999999589,0.0
922.8999999999589,0.0
922.9999999999588,0.0
923.0999999999589,0.0
923.1999999999589,0.0
923.2999999999589,0.0
923.3999999999589,0.0
923.4999999999588,0.0
923.5999999999589,0.0
923.6999999999589,0.0
923.7999999999588,0.0
923.8999999999588,0.0
923.9999999999588,0.0
924.0999999999589,0.0
924.1999999999589,0.0
924.2999999999588,0.0
924.3999999999588,0.0
924.4999999999588,0.0
924.5999999999588,0.0
924.6999999999588,0.0
924.7999999999588,0.0
924.8999999999588,0.0
924.9999999999588,0.0
925.0999999999588,0.0
925.1999999999588,0.0
925.2999999999588,0.0
925.3999999999587,0.0
925.4999999999587,0.0
925.5999999999588,0.0
925.6999999999588,0.0
925.7999999999588,0.0
925.8999999999587,0.0
925.9999999999587,0.0
926.0999999999588,0.0
926.1999999999587,0.0
926.2999999999587,0.0
926.3999999999587,0.0
926.4999999999587,0.0
926.5999999999588,0.0
926.6999999999587,0.0
926.7999999999587,0.0
926.8999999999587,0.0
926.9999999999586,0.0
927.0999999999586,0.0
927.1999999999587,0.0
927.2999999999587,0.0
927.3999999999587,0.0
927.4999999999586,0.0
927.5999999999586,0.0
927.6999999999587,0.0
927.7999999999586,0.0
927.8999999999586,0.0
927.9999999999586,0.0
928.0999999999586,0.0
928.1999999999587,0.0
928.2999999999586,0.0
928.3999999999586,0.0
928.4999999999586,0.0
928.5999999999585,0.0
928.6999999999585,0.0
928.7999999999586,0.0
928.8999999999586,0.0
928.9999999999586,0.0
929.0999999999585,0.0
929.1999999999585,0.0
929.2999999999586,0.0
929.3999999999585,0.0
929.4999999999585,0.0
929.5999999999585,0.0
929.6999999999585,0.0
929.7999999999586,0.0
929.8999999999585,0.0
929.9999999999585,0.0
930.0999999999585,0.0
930.1999999999584,0.0
930.2999999999585,0.0
930.3999999999585,0.0
930.4999999999585,0.0
930.5999999999585,0.0
930.6999999999584,0.0
930.7999999999585,0.0
930.8999999999585,0.0
930.9999999999584,0.0
931.0999999999584,0.0
931.1999999999584,0.0
931.2999999999585,0.0
931.3999999999585,0.0
931.4999999999584,0.0
931.5999999999584,0.0
931.6999999999584,0.0
931.7999999999583,0.0
931.8999999999584,0.0
931.9999999999584,0.0
932.0999999999584,0.0
932.1999999999584,0.0
932.2999999999583,0.0
932.3999999999584,0.0
932.4999999999584,0.0
932.5999999999583,0.0
932.6999999999583,0.0
932.7999999999583,0.0
932.8999999999584,0.0
932.9999999999584,0.0
933.0999999999583,0.0
933.1999999999583,0.0
933.2999999999583,0.0
933.3999999999583,0.0
933.4999999999583,0.0
933.5999999999583,0.0
933.6999999999583,0.0
933.7999999999583,0.0
933.8999999999583,0.0
933.9999999999583,0.0
934.0999999999583,0.0
934.1999999999582,0.0
934.2999999999582,0.0
934.3999999999583,0.0
934.4999999999583,0.0
934.5999999999583,0.0
934.6999999999582,0.0
934.7999999999582,0.0
934.8999999999583,0.0
934.9999999999582,0.0
935.0999999999582,0.0
935.1999999999582,0.0
935.2999999999582,0.0
935.3999999999583,0.0
935.4999999999582,0.0
935.5999999999582,0.0
935.6999999999582,0.0
935.7999999999581,0.0
935.8999999999581,0.0
935.9999999999582,0.0
936.0999999999582,0.0
936.1999999999582,0.0
936.2999999999581,0.0
936.3999999999581,0.0
936.4999999999582,0.0
936.5999999999581,0.0
936.6999999999581,0.0
936.7999999999581,0.0
936.8999999999581,0.0
936.9999999999582,0.0
937.0999999999581,0.0
937.1999999999581,0.0
937.2999999999581,0.0
937.399999999958,0.0
937.499999999958,0.0
937.5999999999581,0.0
937.6999999999581,0.0
937.7999999999581,0.0
937.899999999958,0.0
937.999999999958,0.0
938.0999999999581,0.0
938.199999999958,0.0
938.299999999958,0.0
938.399999999958,0.0
938.499999999958,0.0
938.5999999999581,0.0
938.699999999958,0.0
938.799999999958,0.0
938.899999999958,0.0
938.9999999999579,0.0
939.099999999958,0.0
939.199999999958,0.0
939.299999999958,0.0
939.399999999958,0.0
939.4999999999579,0.0
939.599999999958,0.0
939.699999999958,0.0
939.7999999999579,0.0
939.8999999999579,0.0
939.9999999999579,0.0
940.099999999958,0.0
940.199999999958,0.0
940.2999999999579,0.0
940.3999999999579,0.0
940.4999999999579,0.0
940.5999999999578,0.0
940.6999999999579,0.0
940.7999999999579,0.0
940.8999999999579,0.0
940.9999999999579,0.0
941.0999999999578,0.0
941.1999999999579,0.0
941.2999999999579,0.0
941.3999999999578,0.0
941.4999999999578,0.0
941.5999999999578,0.0
941.6999999999579,0.0
941.7999999999579,0.0
941.8999999999578,0.0
941.9999999999578,0.0
942.0999999999578,0.0
942.1999999999578,0.0
942.2999999999578,0.0
942.3999999999578,0.0
942.4999999999578,0.0
942.5999999999578,0.0
942.6999999999578,0.0
942.7999999999578,0.0
942.8999999999578,0.0
942.9999999999577,0.0
943.0999999999577,0.0
943.1999999999578,0.0
943.2999999999578,0.0
943.3999999999578,0.0
943.4999999999577,0.0
943.5999999999577,0.0
943.6999999999578,0.0
943.7999999999577,0.0
943.8999999999577,0.0
943.9999999999577,0.0
944.0999999999577,0.0
944.1999999999578,0.0
944.2999999999577,0.0
944.3999999999577,0.0
944.4999999999577,0.0
944.5999999999576,0.0
944.6999999999576,0.0
944.7999999999577,0.0
944.8999999999577,0.0
944.9999999999577,0.0
945.0999999999576,0.0
945.1999999999576,0.0
945.2999999999577,0.0
945.3999999999576,0.0
945.4999999999576,0.0
945.5999999999576,0.0
945.6999999999576,0.0
945.7999999999577,0.0
945.8999999999576,0.0
945.9999999999576,0.0
946.0999999999576,0.0
946.1999999999575,0.0
946.2999999999575,0.0
946.3999999999576,0.0
946.4999999999576,0.0
946.5999999999576,0.0
946.6999999999575,0.0
946.7999999999575,0.0
946.8999999999576,0.0
946.9999999999575,0.0
947.0999999999575,0.0
947.1999999999575,0.0
947.2999999999575,0.0
947.3999999999576,0.0
947.4999999999575,0.0
947.5999999999575,0.0
947.6999999999575,0.0
947.7999999999574,0.0
947.8999999999575,0.0
947.9999999999575,0.0
948.0999999999575,0.0
948.1999999999575,0.0
948.2999999999574,0.0
948.3999999999575,0.0
948.4999999999575,0.0
948.5999999999574,0.0
948.6999999999574,0.0
948.7999999999574,0.0
948.8999999999575,0.0
948.9999999999575,0.0
949.0999999999574,0.0
949.1999999999574,0.0
949.2999999999574,0.0
949.3999999999573,0.0
949.4999999999574,0.0
949.5999999999574,0.0
949.6999999999574,0.0
949.7999999999574,0.0
949.8999999999573,0.0
949.9999999999574,0.0
950.0999999999574,0.0
950.1999999999573,0.0
950.2999999999573,0.0
950.3999999999573,0.0
950.4999999999574,0.0
950.5999999999574,0.0
950.6999999999573,0.0
950.7999999999573,0.0
950.8999999999573,0.0
950.9999999999573,0.0
951.0999999999573,0.0
951.1999999999573,0.0
951.2999999999573,0.0
951.3999999999573,0.0
951.4999999999573,0.0
951.5999999999573,0.0
951.6999999999573,0.0
951.7999999999572,0.0
951.8999999999572,0.0
951.9999999999573,0.0
952.0999999999573,0.0
952.1999999999573,0.0
952.2999999999572,0.0
952.3999999999572,0.0
952.4999999999573,0.0
952.5999999999572,0.0
952.6999999999572,0.0
952.7999999999572,0.0
952.8999999999572,0.0
952.9999999999573,0.0
953.0999999999572,0.0
953.1999999999572,0.0
953.2999999999572,0.0
953.3999999999571,0.0
953.4999999999571,0.0
953.5999999999572,0.0
953.6999999999572,0.0
953.7999999999572,0.0
953.8999999999571,0.0
953.9999999999571,0.0
954.0999999999572,0.0
954.1999999999571,0.0
954.2999999999571,0.0
954.3999999999571,0.0
954.4999999999571,0.0
954.5999999999572,0.0
954.6999999999571,0.0
954.7999999999571,0.0
954.8999999999571,0.0
954.999999999957,0.0
955.099999999957,0.0
955.1999999999571,0.0
955.2999999999571,0.0
955.3999999999571,0.0
955.499999999957,0.0
955.599999999957,0.0
955.6999999999571,0.0
955.799999999957,0.0
955.899999999957,0.0
955.999999999957,0.0
956.099999999957,0.0
956.1999999999571,0.0
956.299999999957,0.0
956.399999999957,0.0
956.499999999957,282.1678004647714
956.5999999999569,904.5614287247388
956.699999999957,2729.9497687666353
956.799999999957,7756.346920496
956.899999999957,20746.5445945387
956.999999999957,52242.0608573843
957.0999999999569,123845.66408417617
957.199999999957,277020.8733741266
957.299999999957,582771.015608709
957.3999999999569,1154992.3984076558
957.4999999999569,2157388.934691517
957.5999999999569,3800483.6726202047
957.699999999957,6319633.295739004
957.799999999957,9934273.434053086
957.8999999999569,14795463.898277633
957.9999999999569,20945040.898562014
958.0999999999569,28314496.118151654
958.1999999999568,36782706.32253323
958.2999999999569,46282196.83923056
958.3999999999569,56903881.383532435
958.4999999999569,68923249.56125945
958.5999999999569,82682761.27392074
958.6999999999568,98325910.06390172
958.7999999999569,115467749.44254416
958.8999999999569,132957021.45840424
958.9999999999568,148886252.7664431
959.0999999999568,160919653.80202064
959.1999999999568,166866986.7350303
959.2999999999569,165306329.45566723
959.3999999999569,156019628.42916575
959.4999999999568,140076565.6955234
959.5999999999568,119547678.69736087
959.6999999999568,96971662.585774
959.7999999999568,74776527.18020521
959.8999999999568,54836148.70406912
959.9999999999568,38258844.72398099
960.0999999999568,25404733.48204607
960.1999999999568,16058662.395565413
960.2999999999568,9663357.262572803
960.3999999999568,5534659.145202495
960.4999999999568,3015974.3251697263
960.5999999999567,1562695.061218377
960.6999999999567,769398.966144688
960.7999999999568,359650.95720899396
960.8999999999568,159472.94128258884
960.9999999999568,67017.64821962528
961.0999999999567,26669.793428743695
961.1999999999567,10042.297498624781
961.2999999999568,3259.4947122067415
961.3999999999567,1115.161198703286
961.4999999999567,359.2282345015115
961.5999999999567,108.95539070040792
961.6999999999567,0.0
961.7999999999568,0.0
961.8999999999567,0.0
961.9999999999567,0.0
962.0999999999567,0.0
962.1999999999566,0.0
962.2999999999566,0.0
962.3999999999567,0.0
962.4999999999567,0.0
962.5999999999567,0.0
962.6999999999566,0.0
962.7999999999566,0.0
962.8999999999567,0.0
962.9999999999566,0.0
963.0999999999566,0.0
963.1999999999566,0.0
963.2999999999566,0.0
963.3999999999567,0.0
963.4999999999566,0.0
963.5999999999566,0.0
963.6999999999566,0.0
963.7999999999565,0.0
963.8999999999565,0.0
963.9999999999566,0.0
964.0999999999566,0.0
964.1999999999566,0.0
964.2999999999565,0.0
964.3999999999565,0.0
964.4999999999566,0.0
964.5999999999565,0.0
964.6999999999565,0.0
964.7999999999565,0.0
964.8999999999565,0.0
964.9999999999566,0.0
965.0999999999565,0.0
965.1999999999565,0.0
965.2999999999565,0.0
965.3999999999564,0.0
965.4999999999565,0.0
965.5999999999565,0.0
965.6999999999565,0.0
965.7999999999565,0.0
965.8999999999564,0.0
965.9999999999565,0.0
966.0999999999565,0.0
966.1999999999564,0.0
966.2999999999564,0.0
966.3999999999564,0.0
966.4999999999565,0.0
966.5999999999565,0.0
966.6999999999564,0.0
966.7999999999564,0.0
966.8999999999564,0.0
966.9999999999563,0.0
967.0999999999564,0.0
967.1999999999564,0.0
967.2999999999564,0.0
967.3999999999564,0.0
967.4999999999563,0.0
967.5999999999564,0.0
967.6999999999564,0.0
967.7999999999563,0.0
967.8999999999563,0.0
967.9999999999563,0.0
968.0999999999564,0.0
968.1999999999564,159.99001891691915
968.2999999999563,517.7867476164246
968.3999999999563,1579.889689732435
968.4999999999563,4544.858769561965
968.5999999999563,12326.273861270874
968.6999999999563,31518.172346130264
968.7999999999563,75981.52966484145
968.8999999999563,172692.24374964656
968.9999999999563,370045.75369595253
969.0999999999563,747576.7926118813
969.1999999999563,1423881.967140497
969.2999999999563,2556877.7386337686
969.3999999999562,4328762.18671632
969.4999999999562,6909319.655908988
969.5999999999563,10397397.243735567
969.6999999999563,14751350.4766341
969.7999999999563,19731346.314472824
969.8999999999562,24882811.519654717
969.9999999999562,29584209.806539036
970.0999999999563,33161814.89090003
970.1999999999562,35045672.71269338
970.2999999999562,34917915.04471854
970.3999999999562,32800464.977885567
970.4999999999562,29048886.49967613
970.5999999999563,24254748.302242506
970.6999999999562,19093337.432297777
970.7999999999562,14170485.06010262
970.8999999999562,9915289.029686745
970.9999999999561,6540995.243257074
971.0999999999561,4068179.259550538
971.1999999999562,2385470.897078699
971.2999999999562,1318760.5796953184
971.3999999999562,687346.2761606384
971.4999999999561,337755.94704241276
971.5999999999561,156476.17383962343
971.6999999999562,68345.70455567323
971.7999999999561,28144.40195380415
971.8999999999561,10926.740210203643
971.9999999999561,3999.5119947797816
972.0999999999561,1380.1973293591877
972.1999999999562,449.0484017121207
972.2999999999561,137.74090125258587
972.3999999999561,0.0
972.4999999999561,0.0
972.599999999956,0.0
972.699999999956,0.0
972.7999999999561,0.0
972.8999999999561,0.0
972.9999999999561,0.0
973.099999999956,0.0
973.199999999956,0.0
973.2999999999561,0.0
973.399999999956,0.0
973.499999999956,0.0
973.599999999956,0.0
973.699999999956,0.0
973.7999999999561,0.0
973.899999999956,0.0
973.999999999956,0.0
974.099999999956,0.0
974.1999999999559,0.0
974.299999999956,0.0
974.399999999956,0.0
974.499999999956,0.0
974.599999999956,0.0
974.6999999999559,0.0
974.799999999956,0.0
974.899999999956,0.0
974.9999999999559,0.0
975.0999999999559,0.0
975.1999999999559,0.0
975.299999999956,0.0
975.399999999956,0.0
975.4999999999559,0.0
975.5999999999559,0.0
975.6999999999559,0.0
975.7999999999558,0.0
975.8999999999559,0.0
975.9999999999559,0.0
976.0999999999559,0.0
976.1999999999559,0.0
976.2999999999558,0.0
976.3999999999559,0.0
976.4999999999559,0.0
976.5999999999558,0.0
976.6999999999558,0.0
976.7999999999558,0.0
976.8999999999559,0.0
976.9999999999559,0.0
977.0999999999558,0.0
977.1999999999558,0.0
977.2999999999558,0.0
977.3999999999558,0.0
977.4999999999558,0.0
977.5999999999558,0.0
977.6999999999558,0.0
977.7999999999558,0.0
977.8999999999558,0.0
977.9999999999558,0.0
978.0999999999558,0.0
978.1999999999557,0.0
978.2999999999557,0.0
978.3999999999558,0.0
978.4999999999558,0.0
978.5999999999558,0.0
978.6999999999557,0.0
978.7999999999557,0.0
978.8999999999558,0.0
978.9999999999557,0.0
979.0999999999557,0.0
979.1999999999557,0.0
979.2999999999557,0.0
979.3999999999558,0.0
979.4999999999557,0.0
979.5999999999557,0.0
979.6999999999557,0.0
979.7999999999556,0.0
979.8999999999556,0.0
979.9999999999557,0.0
980.0999999999557,0.0
980.1999999999557,0.0
980.2999999999556,0.0
980.3999999999556,0.0
980.4999999999557,0.0
980.5999999999556,0.0
980.6999999999556,0.0
980.7999999999556,0.0
980.8999999999556,0.0
980.9999999999557,0.0
981.0999999999556,0.0
981.1999999999556,0.0
981.2999999999556,0.0
981.3999999999555,0.0
981.4999999999555,0.0
981.5999999999556,0.0
981.6999999999556,0.0
981.7999999999556,0.0
981.8999999999555,0.0
981.9999999999555,0.0
982.0999999999556,0.0
982.1999999999555,0.0
982.2999999999555,0.0
982.3999999999555,0.0
982.4999999999555,0.0
982.5999999999556,0.0
982.6999999999555,0.0
982.7999999999555,0.0
982.8999999999555,0.0
982.9999999999554,0.0
983.0999999999555,0.0
983.1999999999555,0.0
983.2999999999555,0.0
983.3999999999555,0.0
983.4999999999554,0.0
983.5999999999555,0.0
983.6999999999555,0.0
983.7999999999554,0.0
983.8999999999554,0.0
983.9999999999554,0.0
984.0999999999555,0.0
984.1999999999555,0.0
984.2999999999554,0.0
984.3999999999554,0.0
984.4999999999554,0.0
984.5999999999553,0.0
984.6999999999554,0.0
984.7999999999554,0.0
984.8999999999554,0.0
984.9999999999554,0.0
985.0999999999553,0.0
985.1999999999554,0.0
985.2999999999554,0.0
985.3999999999553,0.0
985.4999999999553,269.63582557014155
985.5999999999553,863.3354752138564
985.6999999999554,2611.50273675821
985.7999999999554,7462.945847661746
985.8999999999553,20148.327519851195
985.9999999999553,51389.76361516603
986.0999999999553,123829.22209581731
986.1999999999553,281889.2900717146
986.2999999999553,606237.6627991818
986.3999999999553,1231731.8114315358
986.4999999999553,2364276.7353357566
986.5999999999553,4287354.218630853
986.6999999999553,7344958.225394379
986.7999999999553,11887709.961542984
986.8999999999553,18176739.265914407
986.9999999999552,26256852.2978348
987.0999999999552,35832594.20000968
987.1999999999553,46197954.61996102
987.2999999999553,56269901.00715015
987.3999999999553,64749804.40882103
987.4999999999552,70389791.236889
987.5999999999552,72291926.77295196
987.6999999999553,70142110.53296302
987.7999999999552,64294935.552027345
987.8999999999552,55677997.58227249
987.9999999999552,45551151.15724361
988.0999999999552,35206594.028404795
988.1999999999553,25707365.632679604
988.2999999999552,17733728.008227285
988.3999999999552,11557167.786037179
988.4999999999552,7115602.845637914
988.5999999999551,4138861.4495660937
988.6999999999551,2274358.8196473382
988.7999999999552,1180717.4577724086
988.8999999999552,579084.4359793175
988.9999999999552,268316.0840987263
989.0999999999551,117452.00314736723
989.1999999999551,48571.6722288234
989.2999999999552,18976.433364090037
989.3999999999551,7004.143421799912
989.4999999999551,2442.330188624473
989.5999999999551,804.5677701856006
989.6999999999551,0.0
989.7999999999552,0.0
989.8999999999551,0.0
989.9999999999551,0.0
990.0999999999551,0.0
990.199999999955,0.0
990.299999999955,0.0
990.3999999999551,0.0
990.4999999999551,0.0
990.5999999999551,0.0
990.699999999955,0.0
990.799999999955,0.0
990.8999999999551,0.0
990.999999999955,0.0
991.099999999955,0.0
991.199999999955,0.0
991.299999999955,0.0
991.3999999999551,0.0
991.499999999955,0.0
991.599999999955,0.0
991.699999999955,0.0
991.7999999999549,0.0
991.899999999955,0.0
991.999999999955,0.0
992.099999999955,0.0
992.199999999955,0.0
992.2999999999549,0.0
992.399999999955,0.0
992.499999999955,0.0
992.5999999999549,0.0
992.6999999999549,0.0
992.7999999999549,0.0
992.899999999955,0.0
992.999999999955,0.0
993.0999999999549,0.0
993.1999999999549,0.0
993.2999999999549,0.0
993.3999999999548,0.0
993.4999999999549,0.0
993.5999999999549,0.0
993.6999999999549,0.0
993.7999999999549,0.0
993.8999999999548,0.0
993.9999999999549,0.0
994.0999999999549,0.0
994.1999999999548,0.0
994.2999999999548,0.0
994.3999999999548,0.0
994.4999999999549,0.0
994.5999999999549,0.0
994.6999999999548,0.0
994.7999999999548,0.0
994.8999999999548,0.0
994.9999999999548,0.0
995.0999999999548,0.0
995.1999999999548,0.0
995.2999999999548,0.0
995.3999999999548,0.0
995.4999999999548,0.0
995.5999999999548,0.0
995.6999999999548,0.0
995.7999999999547,0.0
995.8999999999547,0.0
995.9999999999548,0.0
996.0999999999548,0.0
996.1999999999548,0.0
996.2999999999547,0.0
996.3999999999547,0.0
996.4999999999548,0.0
996.5999999999547,0.0
996.6999999999547,0.0
996.7999999999547,0.0
996.8999999999547,0.0
996.9999999999548,0.0
997.0999999999547,0.0
997.1999999999547,0.0
997.2999999999547,0.0
997.3999999999546,0.0
997.4999999999546,0.0
997.5999999999547,0.0
997.6999999999547,0.0
997.7999999999547,0.0
997.8999999999546,0.0
997.9999999999546,0.0
998.0999999999547,0.0
998.1999999999546,0.0
998.2999999999546,0.0
998.3999999999546,0.0
998.4999999999546,0.0
998.5999999999547,0.0
998.6999999999546,0.0
998.7999999999546,0.0
998.8999999999546,0.0
998.9999999999545,0.0
999.0999999999545,0.0
999.1999999999546,0.0
999.2999999999546,0.0
999.3999999999546,0.0
999.4999999999545,0.0
999.5999999999545,0.0
999.6999999999546,0.0
999.7999999999545,0.0
999.8999999999545,0.0
999.9999999999545,0.0
