Wavelength (nm),Intensity
200.0,0.0
200.1,0.0
200.2,0.0
200.29999999999998,0.0
200.39999999999998,0.0
200.49999999999997,0.0
200.59999999999997,0.0
200.69999999999996,0.0
200.79999999999995,0.0
200.89999999999995,0.0
200.99999999999994,0.0
201.09999999999994,0.0
201.19999999999993,0.0
201.29999999999993,0.0
201.39999999999992,0.0
201.49999999999991,0.0
201.5999999999999,0.0
201.6999999999999,0.0
201.7999999999999,0.0
201.8999999999999,0.0
201.9999999999999,0.0
202.09999999999988,0.0
202.19999999999987,0.0
202.29999999999987,0.0
202.39999999999986,0.0
202.49999999999986,0.0
202.59999999999985,0.0
202.69999999999985,0.0
202.79999999999984,0.0
202.89999999999984,0.0
202.99999999999983,0.0
203.09999999999982,0.0
203.19999999999982,15954456.355429146
203.2999999999998,787736159.9867351
203.3999999999998,10228435924.504007
203.4999999999998,35657974924.01631
203.5999999999998,38742237505.497215
203.6999999999998,22727886674.66933
203.79999999999978,8417857116.610164
203.89999999999978,1083263659.1855922
203.99999999999977,38151202.45944298
204.09999999999977,734741.0498987923
204.19999999999976,57509140.07836998
204.29999999999976,2316159573.7475915
204.39999999999975,24780339550.80383
204.49999999999974,70429272301.6808
204.59999999999974,53174855902.060165
204.69999999999973,10665141322.35848
204.79999999999973,568242980.8829281
204.89999999999972,8042826.821287493
204.99999999999972,0.0
205.0999999999997,0.0
205.1999999999997,0.0
205.2999999999997,0.0
205.3999999999997,0.0
205.4999999999997,0.0
205.59999999999968,0.0
205.69999999999968,0.0
205.79999999999967,0.0
205.89999999999966,0.0
205.99999999999966,0.0
206.09999999999965,0.0
206.19999999999965,0.0
206.29999999999964,0.0
206.39999999999964,0.0
206.49999999999963,0.0
206.59999999999962,0.0
206.69999999999962,0.0
206.7999999999996,0.0
206.8999999999996,0.0
206.9999999999996,0.0
207.0999999999996,0.0
207.1999999999996,0.0
207.29999999999959,2838727.067800509
207.39999999999958,198065254.33071846
207.49999999999957,3832297491.4190087
207.59999999999957,21080564192.17041
207.69999999999956,41874030328.80791
207.79999999999956,67293256791.84621
207.89999999999955,72484047356.61128
207.99999999999955,29466539462.36544
208.09999999999954,38521431308.33803
208.19999999999953,92334765015.22679
208.29999999999953,68830876298.8192
208.39999999999952,20909233030.864777
208.49999999999952,12435502027.80641
208.5999999999995,5584882072.651218
208.6999999999995,873361141.5467889
208.7999999999995,2573135196.8874493
208.8999999999995,14382345347.179644
208.9999999999995,22831217496.807808
209.09999999999948,10182188574.043266
209.19999999999948,1275725027.526023
209.29999999999947,44903158.526641
209.39999999999947,444018.00473067694
209.49999999999946,0.0
209.59999999999945,0.0
209.69999999999945,0.0
209.79999999999944,0.0
209.89999999999944,0.0
209.99999999999943,0.0
210.09999999999943,0.0
210.19999999999942,0.0
210.29999999999941,0.0
210.3999999999994,0.0
210.4999999999994,0.0
210.5999999999994,0.0
210.6999999999994,0.0
210.7999999999994,0.0
210.89999999999938,0.0
210.99999999999937,0.0
211.09999999999937,0.0
211.19999999999936,0.0
211.29999999999936,0.0
211.39999999999935,0.0
211.49999999999935,0.0
211.59999999999934,0.0
211.69999999999933,0.0
211.79999999999933,0.0
211.89999999999932,0.0
211.99999999999932,0.0
212.0999999999993,0.0
212.1999999999993,0.0
212.2999999999993,0.0
212.3999999999993,0.0
212.4999999999993,295391.65647978144
212.59999999999928,27248875.533959124
212.69999999999928,739754661.2707326
212.79999999999927,5910382663.36956
212.89999999999927,13897358269.675932
212.99999999999926,9616956944.397572
213.09999999999926,1958537331.5660996
213.19999999999925,117385593.64913447
213.29999999999924,2070553.7623540952
213.39999999999924,0.0
213.49999999999923,0.0
213.59999999999923,0.0
213.69999999999922,0.0
213.79999999999922,0.0
213.8999999999992,0.0
213.9999999999992,0.0
214.0999999999992,7124539.329120928
214.1999999999992,336998174.86007434
214.2999999999992,4774606489.2363205
214.39999999999918,20262213807.280796
214.49999999999918,25755825741.62619
214.59999999999917,9806258492.488184
214.69999999999916,1118331275.3671517
214.79999999999916,38201188.85367648
214.89999999999915,390861.2003965045
214.99999999999915,0.0
215.09999999999914,0.0
215.19999999999914,0.0
215.29999999999913,0.0
215.39999999999912,0.0
215.49999999999912,0.0
215.5999999999991,0.0
215.6999999999991,0.0
215.7999999999991,0.0
215.8999999999991,0.0
215.9999999999991,0.0
216.09999999999908,0.0
216.19999999999908,0.0
216.29999999999907,0.0
216.39999999999907,0.0
216.49999999999906,0.0
216.59999999999906,0.0
216.69999999999905,0.0
216.79999999999905,0.0
216.89999999999904,0.0
216.99999999999903,0.0
217.09999999999903,0.0
217.19999999999902,0.0
217.29999999999902,0.0
217.399999999999,0.0
217.499999999999,0.0
217.599999999999,0.0
217.699999999999,0.0
217.799999999999,0.0
217.89999999999898,0.0
217.99999999999898,0.0
218.09999999999897,0.0
218.19999999999897,0.0
218.29999999999896,0.0
218.39999999999895,0.0
218.49999999999895,0.0
218.59999999999894,0.0
218.69999999999894,0.0
218.79999999999893,0.0
218.89999999999893,0.0
218.99999999999892,0.0
219.09999999999891,0.0
219.1999999999989,0.0
219.2999999999989,0.0
219.3999999999989,0.0
219.4999999999989,0.0
219.5999999999989,0.0
219.69999999999888,0.0
219.79999999999887,0.0
219.89999999999887,0.0
219.99999999999886,0.0
220.09999999999886,0.0
220.19999999999885,0.0
220.29999999999885,0.0
220.39999999999884,0.0
220.49999999999883,0.0
220.59999999999883,0.0
220.69999999999882,0.0
220.79999999999882,0.0
220.8999999999988,0.0
220.9999999999988,0.0
221.0999999999988,0.0
221.1999999999988,0.0
221.2999999999988,0.0
221.39999999999878,0.0
221.49999999999878,0.0
221.59999999999877,0.0
221.69999999999877,0.0
221.79999999999876,0.0
221.89999999999876,0.0
221.99999999999875,0.0
222.09999999999874,0.0
222.19999999999874,0.0
222.29999999999873,0.0
222.39999999999873,0.0
222.49999999999872,0.0
222.59999999999872,0.0
222.6999999999987,0.0
222.7999999999987,0.0
222.8999999999987,0.0
222.9999999999987,0.0
223.0999999999987,0.0
223.19999999999868,0.0
223.29999999999868,0.0
223.39999999999867,0.0
223.49999999999866,0.0
223.59999999999866,0.0
223.69999999999865,0.0
223.79999999999865,0.0
223.89999999999864,0.0
223.99999999999864,0.0
224.09999999999863,0.0
224.19999999999862,0.0
224.29999999999862,0.0
224.3999999999986,0.0
224.4999999999986,0.0
224.5999999999986,0.0
224.6999999999986,0.0
224.7999999999986,0.0
224.89999999999858,0.0
224.99999999999858,0.0
225.09999999999857,0.0
225.19999999999857,0.0
225.29999999999856,0.0
225.39999999999856,0.0
225.49999999999855,0.0
225.59999999999854,0.0
225.69999999999854,0.0
225.79999999999853,0.0
225.89999999999853,0.0
225.99999999999852,0.0
226.09999999999852,0.0
226.1999999999985,0.0
226.2999999999985,0.0
226.3999999999985,0.0
226.4999999999985,0.0
226.5999999999985,0.0
226.69999999999848,0.0
226.79999999999848,0.0
226.89999999999847,0.0
226.99999999999847,0.0
227.09999999999846,0.0
227.19999999999845,0.0
227.29999999999845,0.0
227.39999999999844,0.0
227.49999999999844,0.0
227.59999999999843,0.0
227.69999999999843,0.0
227.79999999999842,0.0
227.8999999999984,0.0
227.9999999999984,1813242.0464436782
228.0999999999984,69501326.59298411
228.1999999999984,920148073.5188167
228.2999999999984,4207747418.23703
228.39999999999839,6646131304.551552
228.49999999999838,3625897193.122754
228.59999999999837,683265305.8788861
228.69999999999837,44622913.9653816
228.79999999999836,9967217.598676063
228.89999999999836,185813321.50203842
228.99999999999835,1339082945.3904183
229.09999999999835,3356283428.764925
229.19999999999834,2925703396.899314
229.29999999999833,886997673.5245897
229.39999999999833,93665680.28594571
229.49999999999832,13064869.058592265
229.59999999999832,233736752.17879316
229.6999999999983,1984327309.0983438
229.7999999999983,5898719500.611419
229.8999999999983,6138736962.0665
229.9999999999983,2236542468.2013764
230.0999999999983,285267382.95545226
230.19999999999828,12738078.799460674
230.29999999999828,199128.1178582105
230.39999999999827,0.0
230.49999999999827,0.0
230.59999999999826,0.0
230.69999999999825,0.0
230.79999999999825,0.0
230.89999999999824,0.0
230.99999999999824,0.0
231.09999999999823,0.0
231.19999999999823,0.0
231.29999999999822,0.0
231.39999999999822,0.0
231.4999999999982,0.0
231.5999999999982,0.0
231.6999999999982,0.0
231.7999999999982,0.0
231.8999999999982,0.0
231.99999999999818,0.0
232.09999999999818,0.0
232.19999999999817,0.0
232.29999999999816,0.0
232.39999999999816,0.0
232.49999999999815,0.0
232.59999999999815,0.0
232.69999999999814,0.0
232.79999999999814,0.0
232.89999999999813,0.0
232.99999999999812,0.0
233.09999999999812,0.0
233.1999999999981,0.0
233.2999999999981,0.0
233.3999999999981,0.0
233.4999999999981,0.0
233.5999999999981,259691.82870408028
233.69999999999808,15981788.187105807
233.79999999999808,357432191.40033644
233.89999999999807,2905113900.921034
233.99999999999807,8580920385.103684
234.09999999999806,9210978912.568455
234.19999999999806,3593179480.7787313
234.29999999999805,509393315.0081316
234.39999999999804,26243924.454172865
234.49999999999804,491366.4772150998
234.59999999999803,0.0
234.69999999999803,0.0
234.79999999999802,0.0
234.89999999999802,0.0
234.999999999998,0.0
235.099999999998,0.0
235.199999999998,0.0
235.299999999998,0.0
235.399999999998,0.0
235.49999999999798,100724.93290522083
235.59999999999798,6281860.835351847
235.69999999999797,144717564.1464726
235.79999999999797,1231503882.8333955
235.89999999999796,3871078119.3865614
235.99999999999795,4494792984.092947
236.09999999999795,1927831453.101714
236.19999999999794,305428836.35090965
236.29999999999794,17874447.313673697
236.39999999999793,386399.73084906064
236.49999999999793,0.0
236.59999999999792,638560.0507147253
236.6999999999979,27980341.758314293
236.7999999999979,456956343.0928273
236.8999999999979,2781421653.4250803
236.9999999999979,6310000273.296849
237.0999999999979,5335343070.267726
237.19999999999789,1681379501.5008564
237.29999999999788,197487481.79166758
237.39999999999787,8645374.710202944
237.49999999999787,141058.25150874152
237.59999999999786,0.0
237.69999999999786,0.0
237.79999999999785,0.0
237.89999999999785,0.0
237.99999999999784,0.0
238.09999999999783,0.0
238.19999999999783,0.0
238.29999999999782,0.0
238.39999999999782,0.0
238.4999999999978,0.0
238.5999999999978,0.0
238.6999999999978,0.0
238.7999999999978,0.0
238.8999999999978,0.0
238.99999999999778,0.0
239.09999999999778,0.0
239.19999999999777,0.0
239.29999999999777,0.0
239.39999999999776,0.0
239.49999999999775,0.0
239.59999999999775,0.0
239.69999999999774,0.0
239.79999999999774,0.0
239.89999999999773,405280.8164311503
239.99999999999773,16018947.383806517
240.09999999999772,242422260.07271504
240.19999999999771,1404661276.4637065
240.2999999999977,3116243011.453081
240.3999999999977,2646985842.2752776
240.4999999999977,860859968.1068114
240.5999999999977,107194869.56523553
240.6999999999977,5110649.311111303
240.79999999999768,93290.78665801807
240.89999999999768,0.0
240.99999999999767,0.0
241.09999999999766,0.0
241.19999999999766,0.0
241.29999999999765,0.0
241.39999999999765,0.0
241.49999999999764,0.0
241.59999999999764,0.0
241.69999999999763,0.0
241.79999999999762,0.0
241.89999999999762,0.0
241.9999999999976,0.0
242.0999999999976,0.0
242.1999999999976,0.0
242.2999999999976,0.0
242.3999999999976,0.0
242.49999999999758,5330.205971613704
242.59999999999758,415807.3910704325
242.69999999999757,12683813.709135318
242.79999999999757,151292340.55349493
242.89999999999756,705671547.772187
242.99999999999756,1288073754.9401157
243.09999999999755,948169040.8814418
243.19999999999754,593396379.0619831
243.29999999999754,1532369623.669521
243.39999999999753,3009094709.1514044
243.49999999999753,4111364916.1931834
243.59999999999752,5010533262.39053
243.69999999999752,3521718393.0361495
243.7999999999975,1844722515.9257824
243.8999999999975,2570604976.3862267
243.9999999999975,2731284057.642027
244.0999999999975,1189867514.2842865
244.1999999999975,204510282.74713022
244.29999999999748,13846247.968724916
244.39999999999748,369248.0833744005
244.49999999999747,0.0
244.59999999999746,0.0
244.69999999999746,0.0
244.79999999999745,0.0
244.89999999999745,0.0
244.99999999999744,0.0
245.09999999999744,0.0
245.19999999999743,0.0
245.29999999999742,0.0
245.39999999999742,0.0
245.4999999999974,0.0
245.5999999999974,0.0
245.6999999999974,0.0
245.7999999999974,0.0
245.8999999999974,0.0
245.99999999999739,0.0
246.09999999999738,0.0
246.19999999999737,0.0
246.29999999999737,0.0
246.39999999999736,0.0
246.49999999999736,0.0
246.59999999999735,0.0
246.69999999999735,0.0
246.79999999999734,0.0
246.89999999999733,0.0
246.99999999999733,0.0
247.09999999999732,0.0
247.19999999999732,0.0
247.2999999999973,0.0
247.3999999999973,0.0
247.4999999999973,0.0
247.5999999999973,0.0
247.6999999999973,0.0
247.79999999999728,0.0
247.89999999999728,0.0
247.99999999999727,0.0
248.09999999999727,0.0
248.19999999999726,0.0
248.29999999999725,0.0
248.39999999999725,0.0
248.49999999999724,0.0
248.59999999999724,0.0
248.69999999999723,0.0
248.79999999999723,0.0
248.89999999999722,0.0
248.99999999999721,0.0
249.0999999999972,0.0
249.1999999999972,0.0
249.2999999999972,0.0
249.3999999999972,0.0
249.4999999999972,0.0
249.59999999999718,0.0
249.69999999999717,0.0
249.79999999999717,0.0
249.89999999999716,0.0
249.99999999999716,0.0
250.09999999999715,0.0
250.19999999999715,0.0
250.29999999999714,0.0
250.39999999999714,0.0
250.49999999999713,0.0
250.59999999999712,0.0
250.69999999999712,0.0
250.7999999999971,0.0
250.8999999999971,0.0
250.9999999999971,0.0
251.0999999999971,0.0
251.1999999999971,0.0
251.29999999999708,0.0
251.39999999999708,0.0
251.49999999999707,847074.7285925737
251.59999999999707,26239545.574018124
251.69999999999706,339306969.77436197
251.79999999999706,1831602125.409778
251.89999999999705,4127350810.1980257
251.99999999999704,3882518341.2472787
252.09999999999704,1524605685.9333844
252.19999999999703,249921397.78399163
252.29999999999703,17102170.593724176
252.39999999999702,488540.8843231898
252.49999999999702,0.0
252.599999999997,0.0
252.699999999997,392848.2744849163
252.799999999997,17649241.21603265
252.899999999997,322568732.5554714
252.999999999997,2643357501.6780076
253.09999999999698,9906730527.067808
253.19999999999698,17150240348.159473
253.29999999999697,13636806921.244308
253.39999999999696,4892082371.185789
253.49999999999696,775230632.9514034
253.59999999999695,53313591.5569965
253.69999999999695,1571772.7928252674
253.79999999999694,0.0
253.89999999999694,0.0
253.99999999999693,0.0
254.09999999999692,0.0
254.19999999999692,29389.958916465668
254.2999999999969,1326851.7480197153
254.3999999999969,25480286.694412995
254.4999999999969,208263056.2184813
254.5999999999969,728809413.7192949
254.6999999999969,1174612465.3368566
254.79999999999688,1521264031.477111
254.89999999999688,3094510529.386161
254.99999999999687,4296875082.649282
255.09999999999687,2683141093.958449
255.19999999999686,719145009.8872266
255.29999999999686,82418275.6728172
255.39999999999685,4037510.5581169515
255.49999999999685,84535.78028494275
255.59999999999684,0.0
255.69999999999683,0.0
255.79999999999683,0.0
255.89999999999682,0.0
255.99999999999682,0.0
256.09999999999684,0.0
256.1999999999968,0.0
256.29999999999677,0.0
256.3999999999968,0.0
256.4999999999968,0.0
256.5999999999968,0.0
256.69999999999675,0.0
256.79999999999677,0.0
256.8999999999968,0.0
256.99999999999676,0.0
257.0999999999967,0.0
257.19999999999675,189637.00986500058
257.29999999999677,8748725.450559126
257.39999999999674,175127971.89100438
257.4999999999967,1521091326.9606254
257.5999999999967,5733784265.5206
257.69999999999675,9417026988.959194
257.7999999999967,7280124105.312837
257.8999999999967,6041973879.096829
257.9999999999967,11303895489.67063
258.0999999999967,13263549885.82751
258.1999999999967,6920287991.382874
258.29999999999666,1572050941.8980284
258.3999999999967,155325504.9708298
258.4999999999967,6674636.569616951
258.59999999999667,124744.4301000495
258.69999999999663,0.0
258.79999999999666,0.0
258.8999999999967,0.0
258.99999999999665,0.0
259.0999999999966,0.0
259.19999999999663,0.0
259.29999999999666,0.0
259.3999999999966,0.0
259.4999999999966,0.0
259.5999999999966,162755.6604547014
259.69999999999663,7004007.683820506
259.7999999999966,132857515.57652692
259.89999999999657,1112642462.7551718
259.9999999999966,4164798709.7273073
260.0999999999966,7535116387.935175
260.1999999999966,9276627514.275448
260.29999999999654,11557122642.040579
260.39999999999657,10316992786.639332
260.4999999999966,4921737370.174636
260.59999999999656,1480709982.8777177
260.6999999999965,1781609219.6554732
260.79999999999654,7332912786.412677
260.89999999999657,15332199738.759775
260.99999999999653,14247308958.43755
261.0999999999965,5864302408.47315
261.1999999999965,1070519554.5193884
261.29999999999654,136470400.56566906
261.3999999999965,790254589.466135
261.4999999999965,5503714541.360678
261.5999999999965,17201350301.83614
261.6999999999965,24389426005.74015
261.7999999999965,16623420426.237478
261.89999999999645,6470417011.16909
261.9999999999965,1802052259.3548656
262.0999999999965,336200692.86140156
262.19999999999646,33106379.137482096
262.29999999999643,1515559.142927484
262.39999999999645,31509.346119251633
262.4999999999965,0.0
262.59999999999644,0.0
262.6999999999964,0.0
262.79999999999643,84833.43106497264
262.89999999999645,3496832.4610974677
262.9999999999964,64835524.60380736
263.0999999999964,541533328.0151031
263.1999999999964,2056991341.4580445
263.29999999999643,3705289274.079046
263.3999999999964,3690361721.204582
263.49999999999636,2702252070.5037274
263.5999999999964,1473852068.6561103
263.6999999999964,450988971.90712637
263.7999999999964,65803586.47777786
263.89999999999634,4371923.931904179
263.99999999999636,131262.10437273097
264.0999999999964,0.0
264.19999999999635,0.0
264.2999999999963,0.0
264.39999999999634,0.0
264.49999999999636,0.0
264.5999999999963,80855.00528536545
264.6999999999963,3119814.9136330225
264.7999999999963,54690390.73821396
264.89999999999634,435565526.0775736
264.9999999999963,1576000128.2248905
265.09999999999627,2590712820.7622333
265.1999999999963,1934828948.698208
265.2999999999963,656487037.7267853
265.3999999999963,101197552.87159406
265.49999999999625,7087191.084895057
265.59999999999627,269181.15544798994
265.6999999999963,2319247.3845583964
265.79999999999626,55933013.93976722
265.8999999999962,626005342.1368647
265.99999999999625,3298140608.992705
266.09999999999627,8423696210.485823
266.19999999999624,11154451618.280077
266.2999999999962,9349495760.960434
266.3999999999962,9294832220.999043
266.49999999999625,13248907419.48072
266.5999999999962,12440454139.531092
266.6999999999962,5925828602.936203
266.7999999999962,2618367091.698969
266.8999999999962,3367089898.608079
266.9999999999962,3387584724.72393
267.09999999999616,1615265365.7543647
267.1999999999962,354207632.5466807
267.2999999999962,35675621.64176291
267.39999999999617,1650279.8685943678
267.49999999999613,35060.33590548143
267.59999999999616,0.0
267.6999999999962,33695.560652230626
267.79999999999615,1459675.9637714857
267.8999999999961,29257692.353482712
267.99999999999613,271346062.48174167
268.09999999999616,1164412399.3230581
268.1999999999961,2312011348.633992
268.2999999999961,2124090146.1486585
268.3999999999961,902933506.8400221
268.49999999999613,177682317.2756953
268.5999999999961,19046593.050458588
268.69999999999607,47808522.815443136
268.7999999999961,410926642.3919127
268.8999999999961,2019015141.714789
268.9999999999961,5596150533.898528
269.09999999999604,8313071075.472527
269.19999999999607,6256915384.513415
269.2999999999961,2302855389.212703
269.39999999999606,407251741.8982601
269.499999999996,34326485.94324649
269.59999999999604,1372354.8889411697
269.69999999999607,19561.07498360275
269.79999999999603,0.0
269.899999999996,0.0
269.999999999996,0.0
270.09999999999604,0.0
270.199999999996,0.0
270.299999999996,0.0
270.399999999996,0.0
270.499999999996,577489.9342381913
270.599999999996,17277797.72388323
270.69999999999595,242950430.86425033
270.799999999996,1605581234.9637942
270.899999999996,4986917868.420373
270.99999999999596,7279766835.804474
271.09999999999593,4994454316.829412
271.19999999999595,1610437751.062599
271.299999999996,244053568.24848104
271.39999999999594,17382478.57727431
271.4999999999959,581866.783472393
271.59999999999593,0.0
271.69999999999595,0.0
271.7999999999959,0.0
271.8999999999959,0.0
271.9999999999959,0.0
272.09999999999593,0.0
272.1999999999959,0.0
272.29999999999586,27652.507159416895
272.3999999999959,1007079.9984957204
272.4999999999959,17412810.836622335
272.5999999999959,142938509.12558904
272.69999999999584,557063967.9734532
272.79999999999586,1030709652.0667659
272.8999999999959,905405382.7165995
272.99999999999585,377594148.540626
273.0999999999958,74762341.27778967
273.19999999999584,7027744.851169051
273.29999999999586,313635.0076522864
273.3999999999958,6645.207296925752
273.4999999999958,0.0
273.5999999999958,0.0
273.69999999999584,0.0
273.7999999999958,0.0
273.89999999999577,0.0
273.9999999999958,0.0
274.0999999999958,0.0
274.1999999999958,0.0
274.29999999999575,0.0
274.39999999999577,0.0
274.4999999999958,0.0
274.59999999999576,0.0
274.6999999999957,0.0
274.79999999999575,0.0
274.89999999999577,0.0
274.99999999999574,0.0
275.0999999999957,0.0
275.1999999999957,0.0
275.29999999999575,0.0
275.3999999999957,0.0
275.4999999999957,0.0
275.5999999999957,0.0
275.6999999999957,0.0
275.7999999999957,0.0
275.89999999999566,0.0
275.9999999999957,0.0
276.0999999999957,0.0
276.19999999999567,0.0
276.29999999999563,0.0
276.39999999999566,0.0
276.4999999999957,0.0
276.59999999999565,0.0
276.6999999999956,0.0
276.79999999999563,0.0
276.89999999999566,0.0
276.9999999999956,0.0
277.0999999999956,0.0
277.1999999999956,0.0
277.29999999999563,0.0
277.3999999999956,0.0
277.49999999999557,0.0
277.5999999999956,0.0
277.6999999999956,0.0
277.7999999999956,0.0
277.89999999999554,0.0
277.99999999999557,0.0
278.0999999999956,0.0
278.19999999999555,0.0
278.2999999999955,0.0
278.39999999999554,0.0
278.49999999999557,0.0
278.59999999999553,0.0
278.6999999999955,0.0
278.7999999999955,0.0
278.89999999999554,0.0
278.9999999999955,0.0
279.0999999999955,0.0
279.1999999999955,0.0
279.2999999999955,0.0
279.3999999999955,0.0
279.49999999999545,0.0
279.5999999999955,0.0
279.6999999999955,0.0
279.79999999999546,0.0
279.89999999999543,0.0
279.99999999999545,0.0
280.0999999999955,0.0
280.19999999999544,0.0
280.2999999999954,0.0
280.39999999999543,0.0
280.49999999999545,0.0
280.5999999999954,0.0
280.6999999999954,0.0
280.7999999999954,0.0
280.89999999999543,0.0
280.9999999999954,0.0
281.09999999999536,0.0
281.1999999999954,0.0
281.2999999999954,0.0
281.3999999999954,0.0
281.49999999999534,0.0
281.59999999999536,0.0
281.6999999999954,0.0
281.79999999999535,0.0
281.8999999999953,0.0
281.99999999999534,0.0
282.09999999999536,0.0
282.1999999999953,0.0
282.2999999999953,0.0
282.3999999999953,0.0
282.49999999999534,0.0
282.5999999999953,0.0
282.69999999999527,0.0
282.7999999999953,0.0
282.8999999999953,0.0
282.9999999999953,0.0
283.09999999999525,0.0
283.19999999999527,0.0
283.2999999999953,0.0
283.39999999999526,0.0
283.4999999999952,0.0
283.59999999999525,0.0
283.69999999999527,0.0
283.79999999999524,0.0
283.8999999999952,0.0
283.9999999999952,0.0
284.09999999999525,0.0
284.1999999999952,0.0
284.2999999999952,0.0
284.3999999999952,0.0
284.4999999999952,0.0
284.5999999999952,0.0
284.69999999999516,0.0
284.7999999999952,0.0
284.8999999999952,0.0
284.99999999999517,0.0
285.09999999999513,0.0
285.19999999999516,0.0
285.2999999999952,0.0
285.39999999999515,0.0
285.4999999999951,0.0
285.59999999999513,0.0
285.69999999999516,0.0
285.7999999999951,0.0
285.8999999999951,0.0
285.9999999999951,0.0
286.09999999999513,0.0
286.1999999999951,0.0
286.29999999999507,0.0
286.3999999999951,0.0
286.4999999999951,0.0
286.5999999999951,0.0
286.69999999999504,0.0
286.79999999999507,0.0
286.8999999999951,0.0
286.99999999999505,0.0
287.099999999995,0.0
287.19999999999504,0.0
287.29999999999507,0.0
287.39999999999503,0.0
287.499999999995,0.0
287.599999999995,0.0
287.69999999999504,0.0
287.799999999995,0.0
287.899999999995,0.0
287.999999999995,0.0
288.099999999995,0.0
288.199999999995,0.0
288.29999999999495,0.0
288.399999999995,0.0
288.499999999995,0.0
288.59999999999496,0.0
288.69999999999493,0.0
288.79999999999495,0.0
288.899999999995,0.0
288.99999999999494,0.0
289.0999999999949,0.0
289.19999999999493,0.0
289.29999999999495,0.0
289.3999999999949,0.0
289.4999999999949,0.0
289.5999999999949,0.0
289.69999999999493,0.0
289.7999999999949,0.0
289.89999999999486,0.0
289.9999999999949,0.0
290.0999999999949,0.0
290.1999999999949,0.0
290.29999999999484,0.0
290.39999999999486,0.0
290.4999999999949,0.0
290.59999999999485,0.0
290.6999999999948,0.0
290.79999999999484,0.0
290.89999999999486,0.0
290.9999999999948,261744.2159261559
291.0999999999948,6416143.038183558
291.1999999999948,81909559.48802716
291.29999999999484,544576319.2526233
291.3999999999948,1885586773.576815
291.49999999999477,3400148641.0047235
291.5999999999948,3193102736.5764365
291.6999999999948,1561677991.391785
291.7999999999948,397771530.8298226
291.89999999999475,52764218.79785509
291.99999999999477,3645095.7202966716
292.0999999999948,131142.05089314928
292.19999999999476,0.0
292.2999999999947,0.0
292.39999999999475,0.0
292.49999999999477,0.0
292.59999999999474,0.0
292.6999999999947,0.0
292.7999999999947,0.0
292.89999999999475,0.0
292.9999999999947,0.0
293.0999999999947,0.0
293.1999999999947,0.0
293.2999999999947,58629.121855208556
293.3999999999947,1408363.9866812367
293.49999999999466,17799468.51481499
293.5999999999947,118355858.4465113
293.6999999999947,414059817.65443134
293.79999999999467,762126416.0671579
293.89999999999463,738042795.3262751
293.99999999999466,376033621.07393336
294.0999999999947,100800435.91737942
294.19999999999465,14216370.893225161
294.2999999999946,1054886.3727731113
294.39999999999463,41182.548680318825
294.49999999999466,0.0
294.5999999999946,0.0
294.6999999999946,0.0
294.7999999999946,0.0
294.89999999999463,0.0
294.9999999999946,0.0
295.09999999999457,0.0
295.1999999999946,0.0
295.2999999999946,0.0
295.3999999999946,0.0
295.49999999999454,0.0
295.59999999999457,0.0
295.6999999999946,0.0
295.79999999999455,0.0
295.8999999999945,0.0
295.99999999999454,238368.10079220316
296.09999999999457,5613056.951740673
296.19999999999453,70357141.08361554
296.2999999999945,469433784.19805
296.3999999999945,1667239235.7492383
296.49999999999454,3151947138.354087
296.5999999999945,3171884400.641594
296.6999999999945,1699077541.96333
296.7999999999945,484469533.002441
296.8999999999945,73532133.05763799
296.9999999999945,5940804.773163738
297.09999999999445,255488.18431261566
297.1999999999945,0.0
297.2999999999945,0.0
297.39999999999446,0.0
297.49999999999443,0.0
297.59999999999445,0.0
297.6999999999945,0.0
297.79999999999444,0.0
297.8999999999944,0.0
297.99999999999443,9212.836147805157
298.09999999999445,320945.8057214136
298.1999999999944,6003586.948361929
298.2999999999944,60301851.675815776
298.3999999999944,325230475.8113712
298.49999999999443,941873469.4604803
298.5999999999944,1464652632.0814903
298.69999999999436,1223681562.6589384
298.7999999999944,563207054.7891462
298.8999999999944,300585915.51312315
298.9999999999944,1045318622.9221835
299.09999999999434,3377663944.3363404
299.19999999999436,5968864147.679005
299.2999999999944,5680326751.961683
299.39999999999435,2910171696.336581
299.4999999999943,802646588.1469866
299.59999999999434,119176485.16295862
299.69999999999436,9526146.123535203
299.7999999999943,409924.9596216285
299.8999999999943,0.0
299.9999999999943,0.0
300.09999999999434,0.0
300.1999999999943,0.0
300.29999999999427,0.0
300.3999999999943,0.0
300.4999999999943,0.0
300.5999999999943,0.0
300.69999999999425,0.0
300.79999999999427,0.0
300.8999999999943,0.0
300.99999999999426,0.0
301.0999999999942,0.0
301.19999999999425,0.0
301.29999999999427,0.0
301.39999999999424,0.0
301.4999999999942,0.0
301.5999999999942,0.0
301.69999999999425,23035.28174710937
301.7999999999942,788021.8507497841
301.8999999999942,12393538.179051245
301.9999999999942,108354061.59825107
302.0999999999942,527918243.0835608
302.1999999999942,1435863380.2165675
302.29999999999416,2181674573.1194186
302.3999999999942,1851578237.2091496
302.4999999999942,886813477.1561285
302.59999999999417,331027007.78375506
302.69999999999413,520063842.33278024
302.79999999999416,1286489128.7660968
302.8999999999942,1851610765.8905778
302.99999999999415,1459304135.5963423
303.0999999999941,628583453.2759279
303.19999999999413,147969590.80490422
303.29999999999416,19035928.230481192
303.3999999999941,1338342.7488509626
303.4999999999941,51422.357440248656
303.5999999999941,0.0
303.69999999999413,0.0
303.7999999999941,0.0
303.89999999999407,0.0
303.9999999999941,0.0
304.0999999999941,0.0
304.1999999999941,0.0
304.29999999999404,0.0
304.39999999999407,0.0
304.4999999999941,0.0
304.59999999999405,70605.1523808801
304.699999999994,1887853.1337301529
304.79999999999404,27833104.117747106
304.89999999999407,226264651.90060976
304.99999999999403,1014222889.9409962
305.099999999994,2506812520.6342335
305.199999999994,3417655594.9501157
305.29999999999404,2585417372.557372
305.399999999994,1196185224.7132058
305.499999999994,774232620.3868629
305.599999999994,1207594716.9270978
305.699999999994,1451016040.1181014
305.799999999994,1093429502.7893977
305.89999999999395,1274860831.084851
305.999999999994,4069849304.867256
306.099999999994,10004425179.772131
306.19999999999396,14131479721.260841
306.29999999999393,11202339536.627941
306.39999999999395,4955382965.096241
306.499999999994,1219309159.2056851
306.59999999999394,166562496.30313012
306.6999999999939,12617067.140000392
306.79999999999393,528481.0539286091
306.89999999999395,0.0
306.9999999999939,0.0
307.0999999999939,0.0
307.1999999999939,0.0
307.29999999999393,0.0
307.3999999999939,0.0
307.49999999999386,0.0
307.5999999999939,0.0
307.6999999999939,0.0
307.7999999999939,0.0
307.89999999999384,0.0
307.99999999999386,0.0
308.0999999999939,0.0
308.19999999999385,0.0
308.2999999999938,0.0
308.39999999999384,0.0
308.49999999999386,0.0
308.5999999999938,0.0
308.6999999999938,0.0
308.7999999999938,0.0
308.89999999999384,0.0
308.9999999999938,0.0
309.09999999999377,0.0
309.1999999999938,0.0
309.2999999999938,0.0
309.3999999999938,0.0
309.49999999999375,0.0
309.59999999999377,0.0
309.6999999999938,0.0
309.79999999999376,0.0
309.8999999999937,0.0
309.99999999999375,0.0
310.09999999999377,0.0
310.19999999999374,0.0
310.2999999999937,0.0
310.3999999999937,0.0
310.49999999999375,0.0
310.5999999999937,0.0
310.6999999999937,0.0
310.7999999999937,0.0
310.8999999999937,0.0
310.9999999999937,0.0
311.09999999999366,0.0
311.1999999999937,0.0
311.2999999999937,0.0
311.39999999999367,0.0
311.49999999999363,0.0
311.59999999999366,0.0
311.6999999999937,0.0
311.79999999999364,0.0
311.8999999999936,0.0
311.99999999999363,0.0
312.09999999999366,0.0
312.1999999999936,0.0
312.2999999999936,0.0
312.3999999999936,0.0
312.49999999999363,0.0
312.5999999999936,0.0
312.69999999999357,0.0
312.7999999999936,0.0
312.8999999999936,0.0
312.9999999999936,0.0
313.09999999999354,0.0
313.19999999999357,0.0
313.2999999999936,0.0
313.39999999999355,0.0
313.4999999999935,0.0
313.59999999999354,0.0
313.69999999999357,0.0
313.79999999999353,0.0
313.8999999999935,0.0
313.9999999999935,0.0
314.09999999999354,0.0
314.1999999999935,0.0
314.2999999999935,0.0
314.3999999999935,0.0
314.4999999999935,0.0
314.5999999999935,0.0
314.69999999999345,0.0
314.7999999999935,0.0
314.8999999999935,0.0
314.99999999999346,0.0
315.09999999999343,0.0
315.19999999999345,0.0
315.2999999999935,0.0
315.39999999999344,0.0
315.4999999999934,0.0
315.59999999999343,0.0
315.69999999999345,0.0
315.7999999999934,0.0
315.8999999999934,0.0
315.9999999999934,0.0
316.09999999999343,0.0
316.1999999999934,0.0
316.29999999999336,0.0
316.3999999999934,0.0
316.4999999999934,0.0
316.5999999999934,0.0
316.69999999999334,0.0
316.79999999999336,0.0
316.8999999999934,0.0
316.99999999999335,0.0
317.0999999999933,0.0
317.19999999999334,0.0
317.29999999999336,0.0
317.3999999999933,0.0
317.4999999999933,0.0
317.5999999999933,0.0
317.69999999999334,0.0
317.7999999999933,0.0
317.89999999999327,0.0
317.9999999999933,0.0
318.0999999999933,0.0
318.1999999999933,0.0
318.29999999999325,0.0
318.39999999999327,0.0
318.4999999999933,0.0
318.59999999999326,0.0
318.6999999999932,0.0
318.79999999999325,0.0
318.89999999999327,0.0
318.99999999999324,63727.357509123016
319.0999999999932,1542182.1463093138
319.1999999999932,21699661.760798894
319.29999999999325,177555593.23695046
319.3999999999932,845064001.9137812
319.4999999999932,2343299793.0745754
319.5999999999932,3815725768.3533607
319.6999999999932,3787411562.065665
319.7999999999932,2658763897.3920546
319.89999999999316,1831394656.7120817
319.9999999999932,1428006831.1885695
320.0999999999932,1139074022.2080233
320.19999999999317,891801863.6526518
320.29999999999313,561248493.6893268
320.39999999999316,231225169.89133504
320.4999999999932,57285148.35795313
320.59999999999314,8330598.693799983
320.6999999999931,706626.4973354248
320.79999999999313,34928.09489681272
320.89999999999316,2419.7568857124343
320.9999999999931,71318.11991497886
321.0999999999931,1229575.2510550313
321.1999999999931,12400449.161739117
321.29999999999313,73155468.3690487
321.3999999999931,252454577.65601492
321.49999999999307,509620372.13372606
321.5999999999931,601779497.244885
321.6999999999931,415676114.1382195
321.7999999999931,167957664.76197428
321.89999999999304,39698277.36376905
321.99999999999307,5488713.620814091
322.0999999999931,443911.664888399
322.19999999999305,21001.46635575272
322.299999999993,0.0
322.39999999999304,0.0
322.49999999999307,0.0
322.59999999999303,0.0
322.699999999993,0.0
322.799999999993,0.0
322.89999999999304,0.0
322.999999999993,0.0
323.099999999993,0.0
323.199999999993,0.0
323.299999999993,0.0
323.399999999993,0.0
323.49999999999295,0.0
323.599999999993,0.0
323.699999999993,0.0
323.79999999999296,0.0
323.89999999999293,0.0
323.99999999999295,0.0
324.099999999993,0.0
324.19999999999294,0.0
324.2999999999929,3243.477575237533
324.39999999999293,91838.92591024055
324.49999999999295,1538243.6126514203
324.5999999999929,15240733.650231287
324.6999999999929,89324183.41013959
324.7999999999929,309798583.79064894
324.89999999999293,637162384.5801698
324.9999999999929,791887375.5236477
325.09999999999286,684751073.5696365
325.1999999999929,715400154.8322918
325.2999999999929,1096969591.6756918
325.3999999999929,1336484133.0291007
325.49999999999284,1006692605.2939578
325.59999999999286,451456081.16000503
325.6999999999929,119990297.28398956
325.79999999999285,18891748.8699402
325.8999999999928,1761794.0891531082
325.99999999999284,97318.42767372786
326.09999999999286,0.0
326.1999999999928,0.0
326.2999999999928,0.0
326.3999999999928,0.0
326.49999999999284,0.0
326.5999999999928,0.0
326.69999999999277,0.0
326.7999999999928,0.0
326.8999999999928,0.0
326.9999999999928,0.0
327.09999999999275,0.0
327.19999999999277,8564.257690949084
327.2999999999928,219649.05225975145
327.39999999999276,3363227.805518024
327.4999999999927,30744722.671414025
327.59999999999275,167792374.0219552
327.69999999999277,546715266.5956901
327.79999999999274,1063500082.3716185
327.8999999999927,1235097373.544129
327.9999999999927,856351794.8558949
328.09999999999275,354479047.67502743
328.1999999999927,87602453.972097
328.2999999999927,13179228.714021152
328.3999999999927,5511829.436259482
328.4999999999927,45112644.87405284
328.5999999999927,277979494.9595227
328.69999999999266,1027275053.5300272
328.7999999999927,2273753993.651497
328.8999999999927,3014275619.369568
328.99999999999267,2393344410.7095337
329.09999999999263,1138178011.693576
329.19999999999266,324188746.9442104
329.2999999999927,55305514.028074846
329.39999999999264,5650952.846179815
329.4999999999926,345826.03586221964
329.59999999999263,12675.831060151984
329.69999999999266,0.0
329.7999999999926,0.0
329.8999999999926,0.0
329.9999999999926,0.0
330.09999999999263,0.0
330.1999999999926,0.0
330.29999999999256,0.0
330.3999999999926,0.0
330.4999999999926,0.0
330.5999999999926,0.0
330.69999999999254,0.0
330.79999999999256,0.0
330.8999999999926,45494.98735849098
330.99999999999255,907889.3517023952
331.0999999999925,10939918.763227321
331.19999999999254,79598901.17020999
331.29999999999256,349713058.02146786
331.39999999999253,927802226.0005101
331.4999999999925,1487290812.1951046
331.5999999999925,1451687770.3241444
331.69999999999254,945359443.1851106
331.7999999999925,779662730.746385
331.8999999999925,1453208297.9219496
331.9999999999925,2648982899.277534
332.0999999999925,3580369993.0718822
332.1999999999925,3670720071.7481947
332.29999999999245,2786036333.086083
332.3999999999925,1453771073.1399274
332.4999999999925,528684670.5232441
332.59999999999246,368555220.11872065
332.69999999999243,996864187.6888958
332.79999999999245,2191294708.983928
332.8999999999925,2955780934.982094
332.99999999999244,2418415506.7781034
333.0999999999924,1199783826.8510969
333.19999999999243,360895765.3489109
333.29999999999245,65821423.05292863
333.3999999999924,7428584.030795925
333.4999999999924,3109400.1112899557
333.5999999999924,28007224.53056458
333.69999999999243,182119194.10781717
333.7999999999924,726497632.0821213
333.89999999999236,1798263782.447324
333.9999999999924,2842774243.9218426
334.0999999999924,3042500411.6976795
334.1999999999924,2390249293.635394
334.29999999999234,1439397604.9151907
334.39999999999236,636117680.9562775
334.4999999999924,190304536.71984708
334.59999999999235,36366879.2120188
334.6999999999923,4313846.447422656
334.79999999999234,312982.17494110746
334.89999999999236,13924.353283805538
334.9999999999923,0.0
335.0999999999923,0.0
335.1999999999923,34299.909724969206
335.29999999999234,633043.1777644187
335.3999999999923,7145938.837140151
335.49999999999227,49336786.95013518
335.5999999999923,208337782.27060366
335.6999999999923,538084915.1569405
335.7999999999923,850068870.7451571
335.89999999999225,822434423.9243801
335.99999999999227,497970018.46778446
336.0999999999923,258116783.7162918
336.19999999999226,369680301.428922
336.2999999999922,816327215.460687
336.39999999999225,1218475071.778707
336.49999999999227,1120728317.2883646
336.59999999999224,631764800.6512758
336.6999999999922,218199036.66781977
336.7999999999922,46172571.15335528
336.89999999999225,5986170.965768946
336.9999999999922,475497.239236984
337.0999999999922,23140.92473991393
337.1999999999922,0.0
337.2999999999922,0.0
337.3999999999922,770774.4872524899
337.49999999999216,14943005.929862384
337.5999999999922,178330954.7067987
337.6999999999922,1310067366.0302024
337.79999999999217,5924500690.9752
337.89999999999213,16495426022.82196
337.99999999999216,28310877935.916687
338.0999999999922,30231222361.805637
338.19999999999214,21493461546.3255
338.2999999999921,14404349873.924261
338.39999999999213,14719658197.64166
338.49999999999216,15470206211.85495
338.5999999999921,11110998535.851355
338.6999999999921,4989780926.19621
338.7999999999921,1393917935.6572933
338.89999999999213,330142070.6824902
338.9999999999921,536439210.2725959
339.09999999999206,1756123474.254254
339.1999999999921,3785037365.6333027
339.2999999999921,5136182286.594895
339.3999999999921,4381794719.213031
339.49999999999204,2347561780.335593
339.59999999999206,788627222.819774
339.6999999999921,165822753.62635496
339.79999999999205,21783413.945414077
339.899999999992,1784562.9330172117
339.99999999999204,91020.61424813516
340.09999999999206,0.0
340.19999999999203,0.0
340.299999999992,0.0
340.399999999992,0.0
340.49999999999204,0.0
340.599999999992,0.0
340.699999999992,0.0
340.799999999992,0.0
340.899999999992,0.0
340.999999999992,0.0
341.09999999999195,0.0
341.199999999992,0.0
341.299999999992,0.0
341.39999999999196,0.0
341.4999999999919,12833.803371428914
341.59999999999195,270096.06515027
341.699999999992,3438816.717983837
341.79999999999194,27646214.495495465
341.8999999999919,141119844.47540906
341.9999999999919,460422690.652431
342.09999999999195,967068745.3375614
342.1999999999919,1316123298.0456908
342.2999999999919,1165436364.665781
342.3999999999919,671917742.0206203
342.4999999999919,251444096.32646167
342.5999999999919,60718668.818199165
342.69999999999186,9394754.119869947
342.7999999999919,924981.2666071361
342.8999999999919,57610.72238529811
342.99999999999187,0.0
343.09999999999184,0.0
343.19999999999186,0.0
343.2999999999919,157955.74982133208
343.39999999999185,3321556.67465671
343.4999999999918,43715881.92281833
343.59999999999184,360104187.01990515
343.69999999999186,1856557683.8735797
343.7999999999918,5990734509.488075
343.8999999999918,12098820933.091358
343.9999999999918,15293165002.087349
344.09999999999184,12098820934.0195
344.1999999999918,5990734510.407215
344.29999999999177,1856557684.3008485
344.3999999999918,360104187.1304045
344.4999999999918,43715881.93958629
344.5999999999918,3321556.676185553
344.69999999999175,157955.74990615345
344.79999999999177,0.0
344.8999999999918,0.0
344.99999999999176,0.0
345.0999999999917,0.0
345.19999999999175,0.0
345.29999999999177,0.0
345.39999999999173,1382.0373083416232
345.4999999999917,30491.011905826366
345.5999999999917,423446.70991178846
345.69999999999175,3701694.238121649
345.7999999999917,20369350.341097876
345.8999999999917,70555141.5630142
345.9999999999917,153834949.07460552
346.0999999999917,211133045.09875774
346.1999999999917,182403121.2229423
346.29999999999166,99193490.88169293
346.3999999999917,33955406.83033076
346.4999999999917,7316604.112214509
346.59999999999167,992396.0572441053
346.69999999999163,84729.63944525145
346.79999999999166,4553.659376203231
346.8999999999917,0.0
346.99999999999164,0.0
347.0999999999916,0.0
347.19999999999163,0.0
347.29999999999166,0.0
347.3999999999916,0.0
347.4999999999916,0.0
347.5999999999916,0.0
347.69999999999163,0.0
347.7999999999916,4712.865817908068
347.89999999999156,93890.16935292348
347.9999999999916,1184879.6007983387
348.0999999999916,9472124.016525645
348.1999999999916,47966671.30402215
348.29999999999154,153868896.65090612
348.39999999999156,312666354.9772381
348.4999999999916,402467220.6384646
348.59999999999155,328170040.890359
348.6999999999915,169506517.13613847
348.79999999999154,55461667.45934898
348.89999999999156,11495252.02548804
348.99999999999153,1509256.7429186848
349.0999999999915,125524.01007788374
349.1999999999915,6613.167732777371
349.29999999999154,0.0
349.3999999999915,0.0
349.4999999999915,0.0
349.5999999999915,0.0
349.6999999999915,0.0
349.7999999999915,0.0
349.89999999999145,0.0
349.9999999999915,0.0
350.0999999999915,0.0
350.19999999999146,7492.2405169408285
350.2999999999914,164305.53893045563
350.39999999999145,2296935.1588557167
350.4999999999915,20469220.502252463
350.59999999999144,116290995.02993517
350.6999999999914,421286361.03396
350.7999999999914,974587922.6198533
350.89999999999145,1451193320.1630957
350.9999999999914,1451442275.7019463
351.0999999999914,1175432240.8865764
351.1999999999914,1127273292.4762068
351.2999999999914,1250303045.1833696
351.3999999999914,1112645177.6312943
351.49999999999136,679717361.5949038
351.5999999999914,277422556.9339614
351.6999999999914,82881071.81474602
351.79999999999137,75421751.47982267
351.89999999999134,310135698.9538951
351.99999999999136,982973870.321583
352.0999999999914,2002379242.5288572
352.19999999999135,2608985110.8735313
352.2999999999913,2174109794.229073
352.39999999999134,1159997634.8850443
352.49999999999136,410944828.7140999
352.5999999999913,203042572.11661965
352.6999999999913,557511161.8275498
352.7999999999913,1631543097.4542992
352.89999999999134,3125479218.2678666
352.9999999999913,3858297525.648934
353.09999999999127,3144579893.11082
353.1999999999913,1926654419.3906882
353.2999999999913,1301559849.959028
353.3999999999913,1137024885.3900661
353.49999999999125,876545370.154663
353.59999999999127,536470481.91547287
353.6999999999913,440013531.5975877
353.79999999999126,617979798.8232284
353.8999999999912,761508765.3286492
353.99999999999125,628699312.7418077
354.09999999999127,334934765.22621304
354.19999999999123,114661592.9008402
354.2999999999912,25213396.057561446
354.3999999999912,3560994.41738701
354.49999999999125,323026.24698225287
354.5999999999912,18820.488964427197
354.6999999999912,0.0
354.7999999999912,0.0
354.8999999999912,0.0
354.9999999999912,0.0
355.09999999999116,0.0
355.1999999999912,0.0
355.2999999999912,0.0
355.39999999999117,299522.9659972389
355.49999999999113,4473178.335088709
355.59999999999116,43208908.539889626
355.6999999999912,269970036.89419293
355.79999999999114,1091075939.992912
355.8999999999911,2852338769.842531
355.99999999999113,4823485745.30725
356.09999999999116,5276458974.401745
356.1999999999911,3734379830.7591834
356.2999999999911,1716569965.943277
356.3999999999911,558410962.1340173
356.49999999999113,332789000.6660896
356.5999999999911,699212765.6535213
356.69999999999106,1296160332.36704
356.7999999999911,1579272941.044275
356.8999999999911,1247080440.616143
356.9999999999911,649651545.8597312
357.09999999999104,288245517.34092677
357.19999999999106,326520001.4574464
357.2999999999911,674606700.9988477
357.39999999999105,1103164474.1471844
357.499999999991,1441638792.9356825
357.59999999999104,1777748420.0647254
357.69999999999106,2044464443.4163094
357.79999999999103,1835499859.4655907
357.899999999991,1138397707.038642
357.999999999991,466248693.961261
358.09999999999104,124436905.03653407
358.199999999991,21562430.395430338
358.299999999991,2423329.132935242
358.399999999991,176618.1689408711
358.499999999991,8346.184401029335
358.599999999991,0.0
358.69999999999095,0.0
358.799999999991,0.0
358.899999999991,0.0
358.99999999999096,0.0
359.0999999999909,0.0
359.19999999999095,0.0
359.299999999991,0.0
359.39999999999094,0.0
359.4999999999909,118400.6112956009
359.5999999999909,1860703.3945780473
359.69999999999095,19071286.813189186
359.7999999999909,127485997.82034084
359.8999999999909,555807777.6346805
359.9999999999909,1580397719.3883553
360.0999999999909,2930810988.486882
360.1999999999909,3544776601.7629495
360.29999999999086,2796208630.6913133
360.3999999999909,1438566410.6856673
360.4999999999909,482691778.59641427
360.59999999999087,105716509.68841493
360.69999999999084,16377178.942931492
360.79999999999086,14285998.044832867
360.8999999999909,83533836.35935439
360.99999999999085,353642311.08785284
361.0999999999908,980518815.0754452
361.19999999999084,1778783070.3553932
361.29999999999086,2111988642.045884
361.3999999999908,1646443816.7267275
361.4999999999908,875107074.547077
361.5999999999908,448234857.2751913
361.69999999999084,519533721.7997803
361.7999999999908,815743496.1172038
361.89999999999077,929839702.9284427
361.9999999999908,701241344.1753774
362.0999999999908,358781105.24732643
362.1999999999908,218794362.95493424
362.29999999999075,590308792.3623172
362.39999999999077,1969115087.7163937
362.4999999999908,4473650328.155416
362.59999999999076,6677264773.568086
362.6999999999907,6537947639.896083
362.79999999999075,4199186622.186368
362.89999999999077,1769166326.888138
362.99999999999073,488935874.476094
363.0999999999907,88636968.3048054
363.1999999999907,10540413.128281916
363.29999999999075,822205.019426934
363.3999999999907,52425.84199056599
363.4999999999907,194917.5001050253
363.5999999999907,2415174.063476932
363.6999999999907,19698728.62008135
363.7999999999907,105763153.29342182
363.89999999999065,373823419.9802864
363.9999999999907,870215845.0142894
364.0999999999907,1337137319.701579
364.19999999999067,1371269937.2761366
364.29999999999063,989054294.7562568
364.39999999999065,608467570.5191842
364.4999999999907,436682544.6067924
364.59999999999064,352581565.4615587
364.6999999999906,276844325.9861757
364.79999999999063,264765021.63158295
364.89999999999065,318696625.4723334
364.9999999999906,388729848.3695081
365.0999999999906,547606054.0884693
365.1999999999906,919823064.9025054
365.29999999999063,1403352629.1183965
365.3999999999906,1728561242.260059
365.49999999999056,1760251660.4724648
365.5999999999906,1490015733.9634767
365.6999999999906,1000055349.5025493
365.7999999999906,555758826.5900102
365.89999999999054,382052832.3553658
365.99999999999056,405964136.70985204
366.0999999999906,400336514.8454135
366.19999999999055,277943238.81646
366.2999999999905,133447176.46131559
366.39999999999054,72451096.95159987
366.49999999999056,147297796.0331046
366.59999999999053,388059563.07200843
366.6999999999905,711745391.0563157
366.7999999999905,866624279.6867455
366.89999999999054,698862197.7843066
366.9999999999905,373213859.0804311
367.0999999999905,131985658.55161262
367.1999999999905,30909963.54189352
367.2999999999905,4793723.825529403
367.3999999999905,492323.1926007202
367.49999999999045,33483.46148074261
367.5999999999905,0.0
367.6999999999905,0.0
367.79999999999046,0.0
367.8999999999904,0.0
367.99999999999045,0.0
368.0999999999905,0.0
368.19999999999044,0.0
368.2999999999904,0.0
368.3999999999904,0.0
368.49999999999045,0.0
368.5999999999904,0.0
368.6999999999904,0.0
368.7999999999904,0.0
368.8999999999904,0.0
368.9999999999904,0.0
369.09999999999036,0.0
369.1999999999904,0.0
369.2999999999904,0.0
369.39999999999037,0.0
369.49999999999034,0.0
369.59999999999036,0.0
369.6999999999904,4442.684293821865
369.79999999999035,76144.09825726555
369.8999999999903,871254.1268843273
369.99999999999034,6655355.42410119
370.09999999999036,33940283.36742388
370.1999999999903,115575473.89052407
370.2999999999903,263041677.20897147
370.3999999999903,402812343.8860036
370.49999999999034,434369149.32019204
370.5999999999903,420857409.00352466
370.69999999999027,604786470.47528
370.7999999999903,1098364811.5429304
370.8999999999903,1592434706.4235592
370.9999999999903,1607508678.1360562
371.09999999999025,1107817381.4108703
371.19999999999027,530966642.56746143
371.2999999999903,228980967.72598377
371.39999999999026,240119546.32179058
371.4999999999902,444940225.2374081
371.59999999999025,671011544.3697662
371.69999999999027,857709943.356613
371.79999999999023,1234933526.2508361
371.8999999999902,1962957054.541523
371.9999999999902,2565291961.4086556
372.09999999999025,2370359177.9216294
372.1999999999902,1516267618.851108
372.2999999999902,773684644.1873674
372.3999999999902,589926151.381283
372.4999999999902,897092222.9735723
372.5999999999902,1527229149.1065555
372.69999999999015,2302995313.395285
372.7999999999902,2760291092.324624
372.8999999999902,2413706266.3362403
372.99999999999017,1469343132.232298
373.09999999999013,610317822.9012041
373.19999999999015,171625791.80929732
373.2999999999902,32573741.658643782
373.39999999999014,4166492.290862487
373.4999999999901,359041.8955481457
373.59999999999013,18175.722953387623
373.69999999999015,0.0
373.7999999999901,0.0
373.8999999999901,0.0
373.9999999999901,0.0
374.09999999999013,29021.534021730717
374.1999999999901,385829.4860044098
374.29999999999006,3456527.628111454
374.3999999999901,20866721.47346625
374.4999999999901,84886372.34797487
374.5999999999901,232697275.12274012
374.69999999999004,429847286.6853625
374.79999999999006,535065131.2485229
374.8999999999901,448816359.7407256
374.99999999999005,253688205.38945186
375.09999999999,96627655.4327664
375.19999999999004,24860326.65071829
375.29999999999006,5071609.868571746
375.39999999999003,7482988.953715011
375.49999999999,42153335.43825828
375.59999999999,171549140.20904294
375.69999999999004,472000373.88980055
375.79999999999,877458914.9591233
375.89999999999,1104590639.1803193
375.99999999999,956445367.5663539
376.09999999999,630232312.4253955
376.19999999999,473652502.00549906
376.29999999998995,556433390.6179997
376.39999999999,648772925.7223986
376.49999999999,551013763.5100605
376.59999999998996,319901267.52198094
376.6999999999899,125765960.42427778
376.79999999998995,33437153.71303711
376.89999999999,6010934.234392501
376.99999999998994,730607.2822836227
377.0999999999899,60042.02937512784
377.1999999999899,3336.2306983562685
377.29999999998995,0.0
377.3999999999899,8308.213272191282
377.4999999999899,131174.61965520293
377.5999999999899,1405370.7100004894
377.6999999999899,10217176.348496275
377.7999999999899,50404555.34365399
377.89999999998986,168742327.6202035
377.9999999999899,383405607.723026
378.0999999999899,591938596.6656588
378.19999999998987,625981745.1819183
378.29999999998984,478508595.02631825
378.39999999998986,349281622.6472545
378.4999999999899,406483597.2840045
378.59999999998985,623655597.7271827
378.6999999999898,878588596.955625
378.79999999998984,1125464776.413114
378.89999999998986,1383310457.9527032
378.9999999999898,1577859706.2751868
379.0999999999898,1565991338.9626408
379.1999999999898,1436858630.3761787
379.29999999998984,1525553759.5307863
379.3999999999898,1865918512.6172435
379.49999999998977,2064019368.4228325
379.5999999999898,2052030136.502469
379.6999999999898,2340559104.387592
379.7999999999898,3178375053.615069
379.89999999998975,4239577178.4845567
379.99999999998977,5266303212.939532
380.0999999999898,6022365045.98804
380.19999999998976,6043470930.933396
380.2999999999897,5495061657.305293
380.39999999998975,5140067367.780676
380.49999999998977,4953008893.487918
380.59999999998973,4369388783.534187
380.6999999999897,3664003542.5816827
380.7999999999897,3451835971.402318
380.89999999998975,3420148295.7035956
380.9999999999897,2834695740.6080422
381.0999999999897,1735457766.9856544
381.1999999999897,783990859.7417325
381.2999999999897,427997632.0502976
381.3999999999897,850910142.9801435
381.49999999998965,2322528805.595195
381.5999999999897,4767340829.980695
381.6999999999897,6885641107.482552
381.79999999998967,6898513192.238872
381.89999999998963,4764039685.431147
381.99999999998965,2275088637.998506
382.0999999999897,806562953.1665285
382.19999999998964,349375609.52548313
382.2999999999896,342761389.6517407
382.39999999998963,372827673.7695385
382.49999999998965,295132944.01888776
382.5999999999896,160799335.33901426
382.6999999999896,60003583.967044584
382.7999999999896,15431810.00736211
382.89999999998963,3771988.8303126805
382.9999999999896,7671942.227285565
383.09999999998956,33906658.28247741
383.1999999999896,107229152.56678668
383.2999999999896,234263743.19568047
383.3999999999896,361106145.2342901
383.49999999998954,427529199.39921284
383.59999999998956,485632395.0964087
383.6999999999896,635130357.682504
383.79999999998955,803589335.1411916
383.8999999999895,785587930.5668157
383.99999999998954,551684304.6268137
384.09999999998956,325547376.0856747
384.19999999998953,390072157.27644354
384.2999999999895,976409838.622994
384.3999999999895,2083908641.454869
384.49999999998954,3173132430.594912
384.5999999999895,3524221104.1733937
384.6999999999895,3208377733.7144814
384.7999999999895,3103888463.4337406
384.8999999999895,3839841504.1637473
384.9999999999895,5131063679.984056
385.09999999998945,6043376232.171474
385.1999999999895,6084586955.963728
385.2999999999895,5836148974.263454
385.39999999998946,5767214255.014747
385.4999999999894,5342514303.287395
385.59999999998945,4203850067.833733
385.6999999999895,3102012482.0937424
385.79999999998944,3255691606.7339644
385.8999999999894,5409417759.042791
385.9999999999894,8823348879.131826
386.09999999998945,11002916951.286772
386.1999999999894,9924922883.098196
386.2999999999894,6429884861.1619625
386.3999999999894,3085236393.681115
386.4999999999894,1533364287.8313234
386.5999999999894,1966998265.528996
386.69999999998936,3790578357.356995
386.7999999999894,5629557587.937006
386.8999999999894,5922223117.7867155
386.99999999998937,4523926431.208116
387.09999999998934,2712408783.7521105
387.19999999998936,1441512342.0279002
387.2999999999894,719935114.4193604
387.39999999998935,321285711.66679513
387.4999999999893,160200253.355575
387.59999999998934,195749406.16478565
387.69999999998936,348798256.7811795
387.7999999999893,489540217.4567801
387.8999999999893,526758992.37089115
387.9999999999893,527537863.71117735
388.09999999998934,611890280.194074
388.1999999999893,731042715.7192535
388.29999999998927,737133183.6399482
388.3999999999893,648815723.4057862
388.4999999999893,620092438.3069162
388.5999999999893,690088685.5918705
388.69999999998925,812505303.8904717
388.79999999998927,1035422147.6351781
388.8999999999893,1344675447.9244823
388.99999999998926,1466599308.849377
389.0999999999892,1184549148.820192
389.19999999998925,689878178.5783854
389.29999999998927,365935526.4877623
389.39999999998923,500889633.3671736
389.4999999999892,1344479705.2088432
389.5999999999892,2967394895.1252565
389.69999999998925,4704241561.410777
389.7999999999892,5280402360.21652
389.8999999999892,4174940267.405656
389.9999999999892,2316680494.102302
390.0999999999892,899947971.1951832
390.1999999999892,245107260.59331256
390.29999999998915,53691482.361972384
390.3999999999892,50530799.03405145
390.4999999999892,185505042.49649593
390.59999999998917,536053168.40337783
390.69999999998913,1082956975.1058195
390.79999999998915,1535143756.6147535
390.8999999999892,1573851212.898291
390.99999999998914,1328577508.098088
391.0999999999891,1294384487.90468
391.19999999998913,1720161879.0014677
391.29999999998915,2339223301.5176964
391.3999999999891,2758236899.5660415
391.4999999999891,2925569691.979222
391.5999999999891,2989080512.734102
391.69999999998913,2882686130.623856
391.7999999999891,2489422844.358258
391.89999999998906,1976475571.103815
391.9999999999891,1587625862.2413511
392.0999999999891,1366209864.6875637
392.1999999999891,1217737268.5235705
392.29999999998904,1039873761.3699665
392.39999999998906,842411568.4422953
392.4999999999891,823241301.6600263
392.59999999998905,1171813520.3401039
392.699999999989,1738771427.5930412
392.79999999998904,2091851282.7430916
392.89999999998906,2022747026.6511722
392.99999999998903,1846446611.11339
393.099999999989,2213466918.067338
393.199999999989,3755149553.4454575
393.29999999998904,6349149477.506022
393.399999999989,8395784463.206371
393.499999999989,8019432373.329036
393.599999999989,5425786749.132007
393.699999999989,2664023269.24375
393.799999999989,1233762047.7697527
393.89999999998895,1278571622.2493865
393.999999999989,2500424735.5181527
394.099999999989,4560820748.316515
394.19999999998896,6574867598.683784
394.2999999999889,7177150696.044591
394.39999999998895,5838722746.583737
394.499999999989,3621119941.8680124
394.59999999998894,2086427137.5120544
394.6999999999889,1926137458.7339647
394.7999999999889,2673127766.997206
394.89999999998895,3259535173.656906
394.9999999999889,3045401574.998349
395.0999999999889,2412897283.901501
395.1999999999889,2082132784.8119025
395.2999999999889,2198614441.7926674
395.3999999999889,2415151961.251572
395.49999999998886,2425455089.656602
395.5999999999889,2128660973.170097
395.6999999999889,1575108611.5779905
395.79999999998887,981278608.35628
395.89999999998884,607262436.3571892
395.99999999998886,499592972.02085674
396.0999999999889,487203962.85897595
396.19999999998885,436349999.2353316
396.2999999999888,377167722.89674145
396.39999999998884,382172413.2920966
396.49999999998886,451835782.4936777
396.5999999999888,530038804.8518705
396.6999999999888,562595594.646775
396.7999999999888,626532337.7527046
396.89999999998884,1104043438.2271106
396.9999999999888,2551497960.2772913
397.09999999998877,4944762295.685385
397.1999999999888,6979915381.359272
397.2999999999888,6998251802.861768
397.3999999999888,4969185291.4717865
397.49999999998875,2534427180.133305
397.59999999998877,1049180060.8910333
397.6999999999888,613861434.204589
397.79999999998876,713828405.5709687
397.8999999999887,923879306.0505096
397.99999999998875,1080089263.719862
398.09999999998877,1187033967.1260889
398.19999999998873,1296836052.986987
398.2999999999887,1421753030.6712992
398.3999999999887,1485637928.6805363
398.49999999998875,1432131330.5377603
398.5999999999887,1423852564.7959929
398.6999999999887,1731053753.3526416
398.7999999999887,2319097974.7113357
398.8999999999887,2786694380.4983582
398.9999999999887,2847843366.23789
399.09999999998865,2684577706.484054
399.1999999999887,2675061397.9765277
399.2999999999887,2859930669.1137123
399.39999999998867,2888321992.389007
399.49999999998863,2515395888.2445006
399.59999999998865,1915595628.091662
399.6999999999887,1456281940.695226
399.79999999998864,1306028910.9894881
399.8999999999886,1295770146.3264318
399.99999999998863,1213211364.1810884
400.09999999998865,1172002000.6480403
400.1999999999886,1432251380.072775
400.2999999999886,1880598727.7232804
400.3999999999886,2034663489.5969229
400.49999999998863,1647494610.8309305
400.5999999999886,990279551.6751915
400.69999999998856,460136811.56490374
400.7999999999886,225010175.1948747
400.8999999999886,306195321.017461
400.9999999999886,729306081.4186916
401.09999999998854,1420416487.6978214
401.19999999998856,2062534488.8791666
401.2999999999886,2318718541.2859144
401.39999999998855,2167755323.9426084
401.4999999999885,1787496423.195579
401.59999999998854,1305638937.9387484
401.69999999998856,871687656.6532042
401.79999999998853,671759366.3465133
401.8999999999885,707646363.9968832
401.9999999999885,763691648.2797693
402.09999999998854,683730944.412059
402.1999999999885,552237105.9851986
402.2999999999885,519037987.1019516
402.3999999999885,567388800.2598019
402.4999999999885,580685176.1828101
402.5999999999885,553676447.68817
402.69999999998845,587450230.1625091
402.7999999999885,727308767.4883734
402.8999999999885,952410635.8444786
402.99999999998846,1232797881.85778
403.0999999999884,1436304731.0924184
403.19999999998845,1349902617.6081405
403.2999999999885,964538051.8740356
403.39999999998844,546912855.1412836
403.4999999999884,339971700.52593094
403.5999999999884,360683397.19370955
403.69999999998845,510610974.9845383
403.7999999999884,774910176.7177548
403.8999999999884,1227316895.7813497
403.9999999999884,1798294456.3452046
404.0999999999884,2180133304.2967415
404.1999999999884,2114810981.3186624
404.29999999998836,1679433801.6390903
404.3999999999884,1197013544.1544273
404.4999999999884,914200232.8927267
404.59999999998837,794723111.4907967
404.69999999998834,651311300.6176392
404.79999999998836,422609227.5721569
404.8999999999884,207741110.38988715
404.99999999998835,97596616.08463396
405.0999999999883,97199407.13728943
405.19999999998834,161211677.38106045
405.29999999998836,222620550.37799713
405.3999999999883,224226435.56607085
405.4999999999883,172184453.65941224
405.5999999999883,148623655.60215944
405.69999999998834,273862779.6703803
405.7999999999883,638438905.6497695
405.89999999998827,1166685478.9042032
405.9999999999883,1551797872.967435
406.0999999999883,1535136258.6148841
406.1999999999883,1265157738.1317208
406.29999999998824,1125303974.3842
406.39999999998827,1218653296.0225487
406.4999999999883,1291184722.107277
406.59999999998826,1163565127.8619883
406.6999999999882,966397582.7717965
406.79999999998824,885112099.7928363
406.89999999998827,939606470.5219849
406.99999999998823,1127462598.2209265
407.0999999999882,1540617915.522914
407.1999999999882,2208670816.6168575
407.29999999998824,2999943511.0337896
407.3999999999882,3735351296.513405
407.4999999999882,4206413441.029208
407.5999999999882,4124812611.452023
407.6999999999882,3380131600.6844673
407.7999999999882,2294938583.399219
407.89999999998815,1374236676.1517777
407.9999999999882,936585209.9158273
408.0999999999882,1052948224.5690693
408.19999999998817,1562094025.6140373
408.29999999998813,2086123106.9511604
408.39999999998815,2290188517.26055
408.4999999999882,2156976776.2906156
408.59999999998814,1868802887.7018383
408.6999999999881,1564932791.2117186
408.79999999998813,1314932425.9133847
408.89999999998815,1120707536.5021744
408.9999999999881,897780538.6968013
409.0999999999881,599732337.6066175
409.1999999999881,307234270.7512881
409.29999999998813,115977905.89109302
409.3999999999881,31787251.87416644
409.49999999998806,6788127.989236845
409.5999999999881,5064507.080238783
409.6999999999881,23833844.516248066
409.7999999999881,97125761.05877359
409.89999999998804,286511828.7904126
409.99999999998806,612621825.6178225
410.0999999999881,962186882.571815
410.19999999998805,1149159721.3031406
410.299999999988,1129121280.5024436
410.39999999998804,1039251008.7254192
410.49999999998806,996732631.9986712
410.59999999998803,988466352.1027123
410.699999999988,937969149.8256841
410.799999999988,800952049.7693331
410.89999999998804,630167187.2752888
410.999999999988,520688635.2280316
411.099999999988,472528867.81979203
411.199999999988,400718949.1426238
411.299999999988,282886865.84370726
411.399999999988,210395776.17056233
411.49999999998795,314737067.3177439
411.599999999988,679588269.9225919
411.699999999988,1239316593.1224766
411.79999999998796,1744026023.684097
411.8999999999879,1970434025.2466536
411.99999999998795,2019628628.0776148
412.099999999988,2285718229.050075
412.19999999998794,3017326198.690713
412.2999999999879,3906493806.0519934
412.3999999999879,4325292158.798264
412.49999999998795,4091864624.126042
412.5999999999879,3633026563.0188413
412.6999999999879,3258417611.991863
412.7999999999879,2843488249.8473997
412.8999999999879,2375152151.616967
412.9999999999879,2199643784.636077
413.09999999998786,2557742608.46937
413.1999999999879,3276654583.8030434
413.2999999999879,3995913284.2143936
413.39999999998787,4454722800.984094
413.49999999998784,4571679861.504649
413.59999999998786,4415177818.5817795
413.6999999999879,4025662728.563638
413.79999999998785,3318955430.849852
413.8999999999878,2404604622.0933003
413.99999999998784,1746101533.762227
414.09999999998786,1693714857.1450117
414.1999999999878,2104615176.6601315
414.2999999999878,2601314255.7251987
414.3999999999878,2956895448.9347405
414.49999999998784,3086712791.711416
414.5999999999878,2919010176.0768447
414.69999999998777,2495055081.887771
414.7999999999878,2092376014.9516869
414.8999999999878,2071847522.3111243
414.9999999999878,2530912728.514224
415.09999999998774,3105797801.9520216
415.19999999998777,3204644406.7610826
415.2999999999878,2572078548.3885655
415.39999999998776,1557462707.6373682
415.4999999999877,704599692.5026604
415.59999999998774,246195295.51266563
415.69999999998777,96215343.55337204
415.79999999998773,102825783.98435289
415.8999999999877,165408099.2501402
415.9999999999877,224674787.2446161
416.09999999998774,287023553.3525804
416.1999999999877,486525006.59577525
416.2999999999877,1028242617.3121194
416.3999999999877,1912281849.435335
416.4999999999877,2697586672.6179814
416.5999999999877,2805305947.3866305
416.69999999998765,2178764710.6260247
416.7999999999877,1348969387.3856533
416.8999999999877,785574398.4858813
416.99999999998766,509853774.0747279
417.09999999998763,339548676.8363998
417.19999999998765,191639756.87243417
417.2999999999877,87674712.11040463
417.39999999998764,48662936.12094055
417.4999999999876,65694832.409779884
417.59999999998763,113337107.04595324
417.69999999998765,153590639.22370598
417.7999999999876,152958091.12310982
417.8999999999876,114883316.88829516
417.9999999999876,95488499.15999037
418.09999999998763,248414752.0642737
418.1999999999876,1008009335.0476754
418.29999999998756,3249794854.2652245
418.3999999999876,7710438288.931299
418.4999999999876,13397841998.45483
418.5999999999876,17055933255.043278
418.69999999998754,15926529054.283955
418.79999999998756,10935771531.387995
418.8999999999876,5575316211.519004
418.99999999998755,2255678148.2788644
419.0999999999875,1063139350.6508985
419.19999999998754,1035291341.1640096
419.29999999998756,1316979309.2094104
419.39999999998753,1472495957.978054
419.4999999999875,1446801862.7639391
419.5999999999875,1341797287.277704
419.69999999998754,1194507553.417319
419.7999999999875,988343379.2038254
419.8999999999875,758636926.0398104
419.9999999999875,600141575.5491302
420.0999999999875,587730984.794864
420.1999999999875,679114115.6093401
420.29999999998745,730462548.1058221
420.3999999999875,677504472.7509289
420.4999999999875,650087978.758776
420.59999999998746,810693603.5237845
420.6999999999874,1098974751.8907518
420.79999999998745,1241204949.6872494
420.8999999999875,1060378690.4716076
420.99999999998744,683366923.6941965
421.0999999999874,372918507.37347597
421.1999999999874,257018211.8800524
421.29999999998745,276178835.6653347
421.3999999999874,301341822.9422448
421.4999999999874,257263966.84793815
421.5999999999874,163045040.01747102
421.6999999999874,79729425.35901193
421.7999999999874,48213962.49621425
421.89999999998736,89795909.74106768
421.9999999999874,231021048.03553724
422.0999999999874,485505848.17456645
422.19999999998737,811538980.5973983
422.29999999998734,1117950411.9756546
422.39999999998736,1315437323.2345512
422.4999999999874,1359214341.6177661
422.59999999998735,1270337110.705306
422.6999999999873,1101869731.6748166
422.79999999998734,872640380.0152652
422.89999999998736,592439613.4011127
422.9999999999873,328581811.52147764
423.0999999999873,173376564.0612166
423.1999999999873,181799776.07703513
423.29999999998734,364623496.57764465
423.3999999999873,668965525.8934145
423.49999999998727,959679667.1119502
423.5999999999873,1125371434.142443
423.6999999999873,1217273774.5709224
423.7999999999873,1373468366.6645555
423.89999999998724,1602965101.6574335
423.99999999998727,1744360029.141623
424.0999999999873,1642532923.5667312
424.19999999998726,1312574104.702446
424.2999999999872,931726216.1910598
424.39999999998724,702001365.4749824
424.49999999998727,723258368.5936168
424.59999999998723,962668670.3105661
424.6999999999872,1287097104.004948
424.7999999999872,1502003315.5364113
424.89999999998724,1457449681.2001884
424.9999999999872,1221960968.0487506
425.0999999999872,1066444682.3737618
425.1999999999872,1164304038.0464365
425.2999999999872,1386303490.7688522
425.3999999999872,1473925398.2303157
425.49999999998715,1319118480.9878163
425.5999999999872,996771910.2668601
425.6999999999872,639289574.8109044
425.79999999998716,380075800.2048937
425.89999999998713,374703905.45206815
425.99999999998715,826174226.8636906
426.0999999999872,1877998200.7663982
426.19999999998714,3277391375.6984544
426.2999999999871,4233112081.8608847
426.39999999998713,4033533607.9731455
426.49999999998715,2845011086.4982677
426.5999999999871,1533346790.2078242
426.6999999999871,789255719.076416
426.7999999999871,728296963.7049459
426.89999999998713,1083734984.3170671
426.9999999999871,1445503211.447892
427.09999999998706,1478911613.904287
427.1999999999871,1168922483.6786478
427.2999999999871,816660786.5722526
427.3999999999871,728547266.3474038
427.49999999998704,937437770.6198634
427.59999999998706,1212656214.661042
427.6999999999871,1326005339.456757
427.79999999998705,1286258478.9829907
427.899999999987,1233186637.2620227
427.99999999998704,1167827966.3050325
428.09999999998706,971590130.9940252
428.199999999987,642114304.7150989
428.299999999987,322275869.09305716
428.399999999987,125077303.42224897
428.49999999998704,59370264.95042023
428.599999999987,106398833.45968725
428.69999999998697,281214585.0632824
428.799999999987,583176241.050655
428.899999999987,897864789.8456553
428.999999999987,1024543276.2513835
429.09999999998695,875482367.6266192
429.19999999998697,603842011.0578885
429.299999999987,484690826.21643865
429.39999999998696,709436644.3284522
429.4999999999869,1248869773.7894099
429.59999999998695,1814588331.3019233
429.69999999998697,2045941787.1497488
429.79999999998694,1849433675.9421422
429.8999999999869,1446646121.8957496
429.9999999999869,1064864556.8242131
430.09999999998695,770476832.436742
430.1999999999869,604935206.9989405
430.2999999999869,678128120.911297
430.3999999999869,1082051960.977085
430.4999999999869,1823371796.1277437
430.5999999999869,2874092580.7335877
430.69999999998686,4149583661.0167136
430.7999999999869,5279804217.875838
430.8999999999869,5586596124.001696
430.99999999998687,4682808576.491892
431.09999999998684,3017865603.4454904
431.19999999998686,1471636465.7172704
431.2999999999869,538739248.8808482
431.39999999998685,147844331.88140836
431.4999999999868,32582154.97757877
431.59999999998684,16135784.296060259
431.69999999998686,41018046.837213784
431.7999999999868,105994658.33059283
431.8999999999868,209360431.45568562
431.9999999999868,326652509.25356185
432.09999999998684,458631585.05482125
432.1999999999868,710681203.179319
432.29999999998677,1232657168.7814937
432.3999999999868,1959498461.215723
432.4999999999868,2479482749.482506
432.5999999999868,2376724693.7267776
432.69999999998674,1702998441.8768814
432.79999999998677,912862280.3024135
432.8999999999868,384172241.94746727
432.99999999998676,190606148.21306846
433.0999999999867,243803310.99363998
433.19999999998674,434165594.1746971
433.29999999998677,632039241.1053382
433.39999999998673,712120433.1275412
433.4999999999867,654942768.5890405
433.5999999999867,555574555.0358151
433.69999999998674,487807730.30021185
433.7999999999867,429302265.48836994
433.8999999999867,352265875.0289471
433.9999999999867,314568865.4003179
434.0999999999867,410243266.1475346
434.1999999999867,641914294.006869
434.29999999998665,864055981.6513401
434.3999999999867,894204153.4709301
434.4999999999867,702247728.5422823
434.59999999998666,442796467.17209905
434.69999999998663,291008222.1271009
434.79999999998665,299731975.73183966
434.8999999999867,408881220.22709495
434.99999999998664,544019549.4548439
435.0999999999866,695389863.6786864
435.19999999998663,898766163.3276966
435.29999999998665,1137191109.3090796
435.3999999999866,1289352987.1517544
435.4999999999866,1216023189.6107545
435.5999999999866,911320939.9877347
435.69999999998663,528537192.7345413
435.7999999999866,234256410.28947785
435.89999999998656,82720820.74736671
435.9999999999866,41256719.92640352
436.0999999999866,76500713.0456655
436.1999999999866,182880506.12398663
436.29999999998654,341341561.7497034
436.39999999998656,477399059.0916175
436.4999999999866,499139675.56772274
436.59999999998655,390108396.8323099
436.6999999999865,228155666.86189958
436.79999999998654,101383371.46037911
436.89999999998656,41473608.14400543
436.9999999999865,40286937.31805647
437.0999999999865,90418207.20760198
437.1999999999865,189987804.37464982
437.29999999998654,320296334.1631152
437.3999999999865,436506790.4754286
437.49999999998647,487571227.46799517
437.5999999999865,448825419.6657997
437.6999999999865,348927820.5958324
437.7999999999865,272997719.50263685
437.89999999998645,323468220.5391782
437.99999999998647,542620096.6687679
438.0999999999865,839290544.0782592
438.19999999998646,1018357919.4794818
438.2999999999864,957448066.1437602
438.39999999998645,747267900.8592095
438.49999999998647,589072711.8359057
438.59999999998644,574853987.5536144
438.6999999999864,631504043.5100753
438.7999999999864,660789766.6641977
438.89999999998645,664872025.8195722
438.9999999999864,699960786.8662926
439.0999999999864,746233538.9468833
439.1999999999864,705739107.217877
439.2999999999864,541293676.8522804
439.3999999999864,347988665.14554554
439.49999999998636,277867001.33456105
439.5999999999864,446532713.8906858
439.6999999999864,867936285.6687468
439.79999999998637,1375442376.4358335
439.89999999998633,1653449146.4416902
439.99999999998636,1494290859.4523075
440.0999999999864,1014185347.161868
440.19999999998635,516877312.9563111
440.2999999999863,197804822.5589753
440.39999999998633,56841537.24402821
440.49999999998636,12265197.782961197
440.5999999999863,1987299.711031384
440.6999999999863,241786.76630166726
440.7999999999863,22089.317708799346
440.89999999998633,0.0
440.9999999999863,23655.18047123442
441.09999999998627,248405.05746338115
441.1999999999863,1963618.6207244473
441.2999999999863,11684668.344987791
441.3999999999863,52340537.50585191
441.49999999998624,176504025.51034185
441.59999999998627,448132283.71122956
441.6999999999863,857160742.4778143
441.79999999998626,1238330086.2104576
441.8999999999862,1365867986.7101367
441.99999999998624,1200665233.7674696
442.09999999998627,966784871.4838048
442.19999999998623,905494756.73703
442.2999999999862,1015082919.5690236
442.3999999999862,1105062039.316472
442.49999999998624,1062157380.9838434
442.5999999999862,962152230.6815988
442.6999999999862,913609172.3975538
442.7999999999862,901332047.8876975
442.8999999999862,832586427.6667726
442.9999999999862,664477346.6191711
443.09999999998615,440640219.91314
443.1999999999862,237363892.10277307
443.2999999999862,101939164.00633335
443.39999999998616,34337013.874566145
443.49999999998613,8956509.745773992
443.59999999998615,1808273.3081190286
443.6999999999862,419957.2661114647
443.79999999998614,994436.2238772368
443.8999999999861,4772232.427697046
443.99999999998613,17835213.43311806
444.09999999998615,50392592.957009085
444.1999999999861,107786021.33190477
444.2999999999861,175854343.9814509
444.3999999999861,225784804.28962097
444.49999999998613,254826307.5040012
444.5999999999861,321272092.0518172
444.69999999998606,506470205.8439658
444.7999999999861,811634570.0497948
444.8999999999861,1100867496.7675452
444.9999999999861,1189850431.9746394
445.09999999998604,1012418663.9493455
445.19999999998606,677203236.2636538
445.2999999999861,356433272.0093449
445.39999999998605,152684229.22399428
445.499999999986,80521329.66251938
445.59999999998604,140785708.77432778
445.69999999998606,377722938.0192471
445.799999999986,832730831.686585
445.899999999986,1410038233.998574
445.999999999986,1828129987.0797868
446.09999999998604,1817191829.0277538
446.199999999986,1386903895.2417233
446.29999999998597,813766700.5000126
446.399999999986,368059875.0633574
446.499999999986,132890653.42443386
446.599999999986,60492045.33436407
446.69999999998595,106046904.36135541
446.79999999998597,283415717.9138774
446.899999999986,612772401.6169958
446.99999999998596,1014451830.7449151
447.0999999999859,1285657457.1644194
447.19999999998595,1252321020.73659
447.29999999998597,943131110.5691894
447.39999999998594,555825150.1760309
447.4999999999859,270369771.47438806
447.5999999999859,143793353.90272692
447.69999999998595,143562179.24338976
447.7999999999859,207978256.28722185
447.8999999999859,280889387.61954486
447.9999999999859,348946694.29540396
448.0999999999859,462237310.08202976
448.1999999999859,676743923.5407006
448.29999999998586,958800724.1506317
448.3999999999859,1186555639.3240848
448.4999999999859,1259541203.8939383
448.59999999998587,1164516983.3968546
448.69999999998583,944037772.2098113
448.79999999998586,668532544.2964259
448.8999999999859,429365023.6918051
448.99999999998585,290804478.0504328
449.0999999999858,241786824.68029407
449.19999999998583,232696926.15831643
449.29999999998586,292765775.62414277
449.3999999999858,693140041.216057
449.4999999999858,2108212494.3276231
449.5999999999858,5465319031.953447
449.69999999998583,10973827680.538338
449.7999999999858,16831975353.535223
449.89999999998577,19695487808.34557
449.9999999999858,17591339476.080246
450.0999999999858,12005791135.50288
450.1999999999858,6269805010.799777
450.29999999998574,2509942369.7463493
450.39999999998577,771915290.0640253
450.4999999999858,182847263.4783652
450.59999999998576,33455167.86328385
450.6999999999857,4742179.433959334
450.79999999998574,522187.9075699778
450.89999999998577,20182.099562348507
450.99999999998573,0.0
451.0999999999857,0.0
451.1999999999857,0.0
451.29999999998574,0.0
451.3999999999857,8077.92319029122
451.4999999999857,82548.03011442162
451.5999999999857,643277.8641396774
451.6999999999857,3822745.615992929
451.7999999999857,17326761.659050014
451.89999999998565,59908632.893133104
451.9999999999857,158139893.31573668
452.0999999999857,319613500.7481744
452.19999999998566,499533276.70754665
452.29999999998563,624484930.562769
452.39999999998565,689487230.2143633
452.4999999999857,807633996.6413075
452.59999999998564,1093255263.4153552
452.6999999999856,1478112553.7285752
452.79999999998563,1706271083.7286491
452.89999999998565,1570494822.4284413
452.9999999999856,1126939217.7635894
453.0999999999856,625511464.016134
453.1999999999856,267719156.2242092
453.29999999998563,89205280.86893572
453.3999999999856,28791552.357709073
453.49999999998556,31504929.754807383
453.5999999999856,87003303.53454706
453.6999999999856,211433996.58282083
453.7999999999856,401194538.46538204
453.89999999998554,596202515.8611552
453.99999999998556,703792500.5556561
454.0999999999856,674555530.6142224
454.19999999998555,543245568.1055176
454.2999999999855,388697548.15498275
454.39999999998554,268409978.29474068
454.49999999998556,196366116.54213506
454.5999999999855,168551510.47408515
454.6999999999855,189337878.53112924
454.7999999999855,261502023.76970834
454.89999999998554,358778053.218079
454.9999999999855,426667640.3022484
455.09999999998547,419229428.077459
455.1999999999855,334784600.7128997
455.2999999999855,215640662.2585829
455.3999999999855,115385177.82000022
455.49999999998545,72391956.84919687
455.59999999998547,119968661.46398374
455.6999999999855,311768271.99440414
455.79999999998546,702840217.1118518
455.8999999999854,1266057980.2351866
455.99999999998545,1828490493.6205258
456.09999999998547,2140462182.1322546
456.19999999998544,2049310211.760625
456.2999999999854,1618666683.1522026
456.3999999999854,1089400987.326888
456.49999999998545,723013402.547387
456.5999999999854,654913022.155568
456.6999999999854,862016544.5258758
456.7999999999854,1237450351.7763457
456.8999999999854,1674130931.5423546
456.9999999999854,2074024761.209031
457.09999999998536,2305519928.812107
457.1999999999854,2222384335.482665
457.2999999999854,1789528688.980501
457.39999999998537,1167720403.0472207
457.49999999998533,605562987.0216342
457.59999999998536,250973812.5164616
457.6999999999854,99878609.67051241
457.79999999998535,85249416.08289258
457.8999999999853,155857407.42781016
457.99999999998533,275895117.2735794
458.09999999998536,393625116.1529605
458.1999999999853,444676407.7762908
458.2999999999853,396553512.3863075
458.3999999999853,278305648.51763225
458.49999999998533,153170988.63151246
458.5999999999853,66027068.2804749
458.69999999998527,23420295.71149181
458.7999999999853,13283428.141081266
458.8999999999853,32635207.022998814
458.9999999999853,100916080.04787518
459.09999999998524,247843604.95278507
459.19999999998527,468790856.0673153
459.2999999999853,681875916.5723495
459.39999999998525,762704121.7995093
459.4999999999852,656436313.0666617
459.59999999998524,437083862.00158036
459.69999999998527,235973375.8473484
459.79999999998523,141393267.84764525
459.8999999999852,180371583.58694014
459.9999999999852,346661443.6644958
460.09999999998524,599189288.7296413
460.1999999999852,854135446.6491059
460.2999999999852,1039210993.2017488
460.3999999999852,1181117997.9658816
460.4999999999852,1405719413.9419637
460.5999999999852,1803548557.4455776
460.69999999998515,2272831532.2310934
460.7999999999852,2524180600.397874
460.8999999999852,2314186148.099943
460.99999999998516,1695254059.855807
461.09999999998513,976097049.3218513
461.19999999998515,437886174.5261582
461.2999999999852,152304496.4495447
461.39999999998514,40957815.34863837
461.4999999999851,8502105.722212812
461.59999999998513,1361086.5962849387
461.69999999998515,167713.50078701624
461.7999999999851,15955.337619784375
461.8999999999851,16521.831071656507
461.9999999999851,155530.59173913338
462.09999999998513,1130168.7841711135
462.1999999999851,6339290.113798947
462.29999999998506,27451921.158435125
462.3999999999851,91777168.3632665
462.4999999999851,236977289.65426904
462.5999999999851,473097504.8339315
462.69999999998504,732499542.0931864
462.79999999998506,887379042.3583398
462.8999999999851,861605657.8699344
462.99999999998505,710351238.072809
463.099999999985,549653134.6334877
463.19999999998504,431830051.1461755
463.29999999998506,331673742.8004658
463.399999999985,224296960.8560217
463.499999999985,123789115.02406171
463.599999999985,53846834.68548442
463.69999999998504,18218323.498849627
463.799999999985,4768803.269524481
463.89999999998497,966946.7828584649
463.999999999985,162359.85260572034
464.099999999985,109386.97463560145
464.199999999985,571214.6460079305
464.29999999998495,2753382.492938766
464.39999999998497,10298840.810541822
464.499999999985,29803580.388661936
464.59999999998496,66727803.84193904
464.6999999999849,115585543.40275131
464.79999999998495,154902527.11830026
464.89999999998497,160609704.56798893
464.99999999998494,128837817.64674066
465.0999999999849,79961472.36445554
465.1999999999849,38408366.19416676
465.29999999998495,14380716.47747449
465.3999999999849,4838922.354370664
465.4999999999849,4508364.601403075
465.5999999999849,13708050.351338139
465.6999999999849,39573226.08166381
465.7999999999849,89435587.31719771
465.89999999998486,156661242.0377198
465.9999999999849,212597057.28555292
466.0999999999849,223504862.65207258
466.19999999998487,182088730.3518835
466.29999999998483,115425778.0709887
466.39999999998486,60708767.69129315
466.4999999999849,49633866.8999566
466.59999999998485,143139415.46865243
466.6999999999848,514428983.3914035
466.79999999998483,1493244347.8510962
466.89999999998486,3374455724.8477435
466.9999999999848,5923189042.94223
467.0999999999848,8077043384.112255
467.1999999999848,8570036792.306865
467.29999999998483,7132865892.622569
467.3999999999848,4841353876.056387
467.49999999998477,3123318491.7920456
467.5999999999848,2608276423.2121596
467.6999999999848,2900084353.7614703
467.7999999999848,3156930553.1249027
467.89999999998474,2831548872.660299
467.99999999998477,2007787338.3609853
468.0999999999848,1139759919.5501883
468.19999999998475,570700729.8397278
468.2999999999847,333450451.3039861
468.39999999998474,276494365.46390873
468.49999999998477,250759816.19356367
468.59999999998473,194585071.41164592
468.6999999999847,119723500.63241513
468.7999999999847,57441704.00442281
468.89999999998474,21428359.538329653
468.9999999999847,6209485.969268002
469.0999999999847,1397606.3509310803
469.1999999999847,244329.87384227943
469.2999999999847,33176.51514777892
469.3999999999847,3499.0282670684346
469.49999999998465,0.0
469.5999999999847,0.0
469.6999999999847,0.0
469.79999999998466,0.0
469.89999999998463,4225.501498752728
469.99999999998465,37113.450972112514
470.0999999999847,253830.45155839567
470.19999999998464,1351809.2400932792
470.2999999999846,5605913.648398075
470.39999999998463,18102422.697693553
470.49999999998465,45518328.34023848
470.5999999999846,89124111.1562968
470.6999999999846,135882467.22851956
470.7999999999846,161321013.10232982
470.89999999998463,149134376.3581896
470.9999999999846,107355398.64192465
471.09999999998456,60176831.93854943
471.1999999999846,26266007.034035545
471.2999999999846,8927258.223327968
471.3999999999846,2362661.163659471
471.49999999998454,486904.8415391838
471.59999999998456,78135.07765283268
471.6999999999846,9763.539958448326
471.79999999998455,950.0093347691617
471.8999999999845,0.0
471.99999999998454,0.0
472.09999999998456,0.0
472.1999999999845,0.0
472.2999999999845,0.0
472.3999999999845,0.0
472.49999999998454,0.0
472.5999999999845,0.0
472.69999999998447,0.0
472.7999999999845,11247.862656330997
472.8999999999845,98240.99316504349
472.9999999999845,670200.4524195859
473.09999999998445,3571132.1515397434
473.19999999998447,14862653.726749042
473.2999999999845,48314337.66393304
473.39999999998446,122671855.27909571
473.4999999999844,243278130.4324547
473.59999999998445,376834310.79287297
473.69999999998447,455918316.20828867
473.79999999998444,430836882.1449855
473.8999999999844,318000601.4682705
473.9999999999844,183329452.4000588
474.09999999998445,82562164.52854724
474.1999999999844,29128187.910455745
474.2999999999844,8634448.394653235
474.3999999999844,5316786.177259871
474.4999999999844,15725757.005843854
474.5999999999844,51745983.547279194
474.69999999998436,135456515.38398674
474.7999999999844,277521207.8555736
474.8999999999844,444720544.246601
474.99999999998437,557391881.3248729
475.09999999998433,546407328.6078467
475.19999999998436,418942888.9829154
475.2999999999844,251232350.47774628
475.39999999998435,117836200.45574299
475.4999999999843,43227919.12290831
475.59999999998433,12403160.415808694
475.69999999998436,2784359.1784704328
475.7999999999843,497589.0460409872
475.8999999999843,145932.77610724833
475.9999999999843,514784.23249828676
476.09999999998433,2628458.3262683116
476.1999999999843,11023949.107348302
476.29999999998427,37755321.04981366
476.3999999999843,106354358.2977964
476.4999999999843,247694423.88860402
476.5999999999843,478944739.902587
476.69999999998424,773555801.251125
476.79999999998427,1056400628.6306682
476.8999999999843,1246494277.3580203
476.99999999998425,1308555610.9818208
477.0999999999842,1256427408.0077617
477.19999999998424,1121332790.697406
477.29999999998427,934808268.2375009
477.39999999998423,728098781.388503
477.4999999999842,530929799.9665807
477.5999999999842,379465878.92323893
477.69999999998424,330646400.75060296
477.7999999999842,449772253.84093875
477.8999999999842,750376628.8424902
477.9999999999842,1124418411.1189928
478.0999999999842,1362710658.7338097
478.1999999999842,1309281998.5939856
478.29999999998415,1011340333.8211993
478.3999999999842,687546978.2205384
478.4999999999842,550909029.9092045
478.59999999998416,665409092.0390252
478.69999999998413,920606304.8203747
478.79999999998415,1111949159.0929368
478.8999999999842,1096800498.9839623
478.99999999998414,922360673.8834453
479.0999999999841,790480203.1485499
479.19999999998413,873399970.2034607
479.29999999998415,1148086809.2805886
479.3999999999841,1399804605.6558373
479.4999999999841,1405341115.9726653
479.5999999999841,1132212793.8748918
479.69999999998413,748276517.7804306
479.7999999999841,445821310.0782683
479.89999999998406,290828744.7920363
479.9999999999841,230062810.36294162
480.0999999999841,188131417.65983817
480.1999999999841,134027265.2473692
480.29999999998404,79220302.06589068
480.39999999998406,46646082.26603534
480.4999999999841,56946100.00715477
480.59999999998405,136341648.8905082
480.699999999984,313259015.7533755
480.79999999998404,578663868.3670217
480.89999999998406,842883130.1798731
480.999999999984,966470885.0070498
481.099999999984,872982049.5856662
481.199999999984,624502036.3888731
481.29999999998404,365286666.7561469
481.399999999984,206892301.88826424
481.49999999998397,180801926.22801474
481.599999999984,267157746.905946
481.699999999984,426488606.5894944
481.799999999984,602534094.7315232
481.89999999998395,727113342.993543
481.99999999998397,752925055.4266962
482.099999999984,683864830.9308264
482.19999999998396,561078624.3505862
482.2999999999839,428349187.0576248
482.39999999998395,329460855.191678
482.49999999998397,328140768.7201115
482.59999999998394,494684093.3140416
482.6999999999839,837433790.6007411
482.7999999999839,1233297707.3369908
482.89999999998395,1462622310.7078242
482.9999999999839,1373448119.3128514
483.0999999999839,1017754824.386878
483.1999999999839,595217675.7535229
483.2999999999839,277244454.1104327
483.3999999999839,113414395.41301824
483.49999999998386,74198133.6508756
483.5999999999839,124689691.35661413
483.6999999999839,242554446.8059741
483.79999999998387,389066401.3302882
483.89999999998383,494451948.5743643
483.99999999998386,496075800.798614
484.0999999999839,392793618.7968241
484.19999999998385,245455027.862417
484.2999999999838,121109934.61186075
484.39999999998383,47509909.90960211
484.49999999998386,16264283.663009258
484.5999999999838,9806743.400392175
484.6999999999838,18190785.90985299
484.7999999999838,39004275.200575955
484.89999999998383,70123603.36861283
484.9999999999838,106435748.08393647
485.09999999998377,145677743.9229806
485.1999999999838,193963679.20385122
485.2999999999838,255066713.57650858
485.3999999999838,310901940.2999299
485.49999999998374,325541012.8709832
485.59999999998377,279373195.9045853
485.6999999999838,192264225.50183508
485.79999999998375,105165612.22738777
485.8999999999837,45562003.552736856
485.99999999998374,15613857.323449526
486.09999999998377,4230366.5751995845
486.19999999998373,905953.3273143
486.2999999999837,153359.31860386947
486.3999999999837,20518.37232808698
486.49999999998374,2169.721700073022
486.5999999999837,0.0
486.6999999999837,0.0
486.7999999999837,0.0
486.8999999999837,4551.718336310789
486.9999999999837,40173.696431832424
487.09999999998365,280889.2237549803
487.1999999999837,1555805.2507815645
487.2999999999837,6851342.765440573
487.39999999998366,23928129.584113378
487.49999999998363,66610170.82706139
487.59999999998365,148947459.02583855
487.6999999999837,271989315.8628401
487.79999999998364,418671512.03759485
487.8999999999836,570561976.6173689
487.99999999998363,722491832.5118405
488.09999999998365,859152993.7310363
488.1999999999836,925391008.4661778
488.2999999999836,861283950.5848268
488.3999999999836,677599450.6577746
488.49999999998363,463029162.89858836
488.5999999999836,303741334.54399514
488.69999999998356,217286373.8684075
488.7999999999836,168428464.51677808
488.8999999999836,124510816.59608747
488.9999999999836,83989692.71369942
489.09999999998354,70406813.88102694
489.19999999998356,123480263.57721327
489.2999999999836,295784358.700419
489.39999999998355,623497035.7322631
489.4999999999835,1058347362.0658453
489.59999999998354,1432331028.5970662
489.69999999998356,1548934601.2203338
489.7999999999835,1349898863.576175
489.8999999999835,972889025.7029363
489.9999999999835,635435109.1033227
490.09999999998354,489882314.54071176
490.1999999999835,571405573.2586625
490.29999999998347,805065336.8700751
490.3999999999835,1031134864.9269634
490.4999999999835,1085307144.5935402
490.5999999999835,915227431.2509319
490.69999999998345,614435806.2922804
490.79999999998347,327836388.4186872
490.8999999999835,139045190.64245403
490.99999999998346,47519215.9734218
491.0999999999834,16481369.881166218
491.19999999998345,19280573.117391936
491.29999999998347,55673267.94764406
491.39999999998344,146110036.42761883
491.4999999999834,308084567.8041848
491.5999999999834,520368915.2193981
491.69999999998345,709839032.3682746
491.7999999999834,796134341.3506308
491.8999999999834,759457825.4522885
491.9999999999834,648505319.5546045
492.0999999999834,520032489.4708304
492.1999999999834,394337718.19872427
492.29999999998336,271645022.59186363
492.3999999999834,161389166.33320248
492.4999999999834,79673649.27343744
492.59999999998337,32022767.070855558
492.69999999998333,10374905.392163018
492.79999999998336,2696711.6182403956
492.8999999999834,560689.4838024176
492.99999999998334,93274.02312899528
493.0999999999833,12389.927708648094
493.19999999998333,1187.711290467668
493.29999999998336,0.0
493.3999999999833,0.0
493.4999999999833,0.0
493.5999999999833,0.0
493.69999999998333,0.0
493.7999999999833,0.0
493.89999999998327,0.0
493.9999999999833,7016.744170373605
494.0999999999833,57139.312009881505
494.1999999999833,371056.1196466403
494.29999999998324,1921539.9471260584
494.39999999998327,7935320.343853839
494.4999999999833,26132727.329009376
494.59999999998325,68629405.6252659
494.6999999999832,143727862.04783425
494.79999999998324,240036298.23413557
494.89999999998327,319681940.6178682
494.99999999998323,339519335.70646346
495.0999999999832,287551838.9255928
495.1999999999832,194210637.28264713
495.29999999998324,104600823.73683563
495.3999999999832,44926483.13502311
495.4999999999832,15387744.581677558
495.5999999999832,4202935.661884927
495.6999999999832,915452.3464034558
495.7999999999832,159009.82866885434
495.89999999998315,22025.076440120738
495.9999999999832,2432.8543326851072
496.0999999999832,0.0
496.19999999998316,0.0
496.29999999998313,0.0
496.39999999998315,0.0
496.4999999999832,0.0
496.59999999998314,0.0
496.6999999999831,0.0
496.79999999998313,0.0
496.89999999998315,0.0
496.9999999999831,0.0
497.0999999999831,0.0
497.1999999999831,0.0
497.29999999998313,0.0
497.3999999999831,0.0
497.49999999998306,0.0
497.5999999999831,0.0
497.6999999999831,0.0
497.7999999999831,0.0
497.89999999998304,0.0
497.99999999998306,0.0
498.0999999999831,0.0
498.19999999998305,0.0
498.299999999983,0.0
498.39999999998304,0.0
498.49999999998306,0.0
498.599999999983,0.0
498.699999999983,0.0
498.799999999983,0.0
498.89999999998304,453.13852961701895
498.999999999983,4129.344025654076
499.09999999998297,30142.60155218175
499.199999999983,184223.04581609726
499.299999999983,887882.5806768236
499.399999999983,3488052.3906864077
499.49999999998295,11270543.997163264
499.59999999998297,30302148.327463627
499.699999999983,68652996.06532644
499.79999999998296,132443217.57765251
499.8999999999829,218513801.6213921
499.99999999998295,307229549.60335064
500.09999999998297,364752070.4180394
500.19999999998294,362758141.04641634
500.2999999999829,305715889.04662997
500.3999999999829,239754574.58424616
500.49999999998295,230921008.3271718
500.5999999999829,326087915.0986268
500.6999999999829,515070899.7237235
500.7999999999829,715984332.1924906
500.8999999999829,813990925.3289801
500.9999999999829,744884795.3705527
501.09999999998286,546916795.0621412
501.1999999999829,321989085.597302
501.2999999999829,151987205.9913859
501.39999999998287,57550107.195226446
501.49999999998283,17678527.42149756
501.59999999998286,5403600.340416273
501.6999999999829,5526897.655400312
501.79999999998284,15416900.43233482
501.8999999999828,39935867.868575595
501.99999999998283,83672363.61451696
502.09999999998286,140774124.85599878
502.1999999999828,190111827.28515217
502.2999999999828,206082416.0487602
502.3999999999828,179315668.43947393
502.49999999998283,125239418.60151188
502.5999999999828,70211677.17030436
502.69999999998277,31595348.70773518
502.7999999999828,11412543.860382501
502.8999999999828,3308927.620137593
502.9999999999828,770083.0713015201
503.09999999998274,162614.6662988042
503.19999999998277,165758.12616280385
503.2999999999828,893675.6249557631
503.39999999998275,4433423.99101484
503.4999999999827,17733054.945834048
503.59999999998274,57102040.53647711
503.69999999998277,148233123.30544764
503.79999999998273,311049173.58850056
503.8999999999827,530390687.24657005
503.9999999999827,742338407.0610546
504.09999999998274,868422261.4872874
504.1999999999827,874909832.877979
504.2999999999827,791331267.6602542
504.3999999999827,671576434.6673228
504.4999999999827,552643582.8038719
504.5999999999827,450611612.5883456
504.69999999998265,374585686.5025658
504.7999999999827,330319591.6971357
504.8999999999827,312320562.490433
504.99999999998266,299983964.4616801
505.09999999998263,270710410.98078257
505.19999999998265,221780052.76985708
505.2999999999827,174933985.7564739
505.39999999998264,154413593.74021095
505.4999999999826,161701893.66014612
505.59999999998263,173827062.5148711
505.69999999998265,165385077.65217033
505.7999999999826,130454653.4851109
505.8999999999826,83539984.95804437
505.9999999999826,43168028.15762508
506.09999999998263,17969004.418151237
506.1999999999826,6022304.590045182
506.29999999998256,1624997.6809386234
506.3999999999826,352981.85522854276
506.4999999999826,63794.25569327938
506.5999999999826,25953.40063544523
506.69999999998254,117130.48665547973
506.79999999998256,641980.8764210043
506.8999999999826,2853292.1968865343
506.99999999998255,10361475.988388622
507.0999999999825,31051271.133207902
507.19999999998254,77996283.59025186
507.29999999998256,167697995.46638128
507.3999999999825,315495916.6619409
507.4999999999825,526505125.31391966
507.5999999999825,777366013.6150193
507.69999999998254,998125709.2652727
507.7999999999825,1089738698.1957188
507.89999999998247,992077759.5800313
507.9999999999825,742829297.3570361
508.0999999999825,453565971.88435376
508.1999999999825,224721265.6280833
508.29999999998245,90093799.22596051
508.39999999998247,29183193.70641636
508.4999999999825,7631339.744773956
508.59999999998246,1610299.7418759838
508.6999999999824,274026.84152709873
508.79999999998245,37634.49805485988
508.89999999998247,4168.655083669443
508.99999999998244,0.0
509.0999999999824,0.0
509.1999999999824,0.0
509.29999999998245,11070.226580848594
509.3999999999824,84986.84843450491
509.4999999999824,527314.0927046401
509.5999999999824,2649967.1278605834
509.6999999999824,10761910.596420418
509.7999999999824,35391751.39415019
509.89999999998236,94420963.40522715
509.9999999999824,205066452.2337937
510.0999999999824,364908065.9678248
510.19999999998237,538166475.0049595
510.29999999998233,670207584.1078906
510.39999999998236,723399460.1766322
510.4999999999824,695791015.2643476
510.59999999998234,608043960.4612185
510.6999999999823,489665559.61385196
510.79999999998233,383735390.36167353
510.89999999998236,344574007.1483165
510.9999999999823,405875038.33459
511.0999999999823,541587612.405242
511.1999999999823,665287318.5619619
511.29999999998233,686030885.6231345
511.3999999999823,578378340.1620464
511.49999999998226,397979594.5517898
511.5999999999823,229848555.92862415
511.6999999999823,128335808.3546837
511.7999999999823,100144055.38583103
511.89999999998224,121943371.73216578
511.99999999998226,160872001.0234796
512.0999999999823,187482527.21588606
512.1999999999823,185257397.6107751
512.2999999999822,155049584.77100044
512.3999999999822,110320274.45427535
512.4999999999823,66774289.607952416
512.5999999999822,34250205.576412186
512.6999999999822,14781528.351997184
512.7999999999822,5322523.4596000165
512.8999999999822,1586328.1859464494
512.9999999999823,388761.56458111544
513.0999999999822,77951.64966831742
513.1999999999822,12448.283502800343
513.2999999999822,1669.0648089176423
513.3999999999821,0.0
513.4999999999822,6905.246401493058
513.5999999999822,55146.539934308326
513.6999999999822,357187.091515681
513.7999999999822,1876340.4472751722
513.8999999999821,7994032.76538572
513.9999999999822,27622221.64496569
514.0999999999822,77408684.30722092
514.1999999999821,175937802.98697272
514.2999999999821,324315004.0714901
514.3999999999821,484856605.3112624
514.4999999999822,587892595.1295568
514.5999999999822,578124083.9039831
514.6999999999821,461086633.0195551
514.7999999999821,298252167.61503404
514.8999999999821,156473167.4922324
514.999999999982,66619741.47788727
515.0999999999821,23230397.95804776
515.1999999999821,7579683.1630669795
515.2999999999821,5628872.423406141
515.3999999999821,12538772.180213582
515.499999999982,29356887.002595983
515.5999999999821,56875611.59342337
515.6999999999821,89570950.20828116
515.799999999982,114538314.79122096
515.899999999982,118915869.00558011
515.999999999982,100238430.06861672
516.0999999999821,68601579.58115025
516.1999999999821,38118815.104851045
516.299999999982,17196896.8608459
516.399999999982,6298921.528730572
516.499999999982,1873215.4309970695
516.599999999982,452287.59118064446
516.699999999982,103971.66121815721
516.799999999982,130361.04098259163
516.899999999982,719658.1296391772
516.999999999982,3604242.7445743713
517.099999999982,14714953.20646422
517.199999999982,48849363.20017988
517.299999999982,131861881.83544342
517.3999999999819,289429421.28953576
517.4999999999819,516599753.0169906
517.599999999982,749958174.7784654
517.699999999982,886112199.4395812
517.799999999982,854203077.6225275
517.8999999999819,677663393.5120859
517.9999999999819,456161195.0759455
518.099999999982,287688176.05953074
518.1999999999819,213689861.81744576
518.2999999999819,227673984.29047313
518.3999999999819,311285143.07776284
518.4999999999819,445367732.5203897
518.599999999982,590469998.5955069
518.6999999999819,679980656.6716155
518.7999999999819,657308062.0650678
518.8999999999819,524421423.724514
518.9999999999818,342627966.3681295
519.0999999999818,182669184.77170953
519.1999999999819,79347733.7497308
519.2999999999819,28063147.22278838
519.3999999999819,8078726.415728858
519.4999999999818,1892665.4189654172
519.5999999999818,360884.84630126675
519.6999999999819,55997.692977026236
519.7999999999818,7070.958912414137
519.8999999999818,0.0
519.9999999999818,0.0
520.0999999999818,11080.213382067324
520.1999999999819,92454.5932752367
520.2999999999818,629033.271039944
520.3999999999818,3489662.7206078414
520.4999999999818,15785486.026302125
520.5999999999817,58223335.51987317
520.6999999999817,175109389.5297914
520.7999999999818,429436166.83826905
520.8999999999818,858821872.8025607
520.9999999999818,1401025562.781085
521.0999999999817,1866168417.8921092
521.1999999999817,2036384865.4848022
521.2999999999818,1840918411.347657
521.3999999999817,1428961422.518794
521.4999999999817,1049272520.150394
521.5999999999817,859400677.5466119
521.6999999999817,849427808.9600205
521.7999999999818,920451826.6999196
521.8999999999817,1005496764.2147989
521.9999999999817,1109031412.0532575
522.0999999999817,1247250669.443477
522.1999999999816,1376651028.0662005
522.2999999999817,1401529268.8571763
522.3999999999817,1257597184.1731184
522.4999999999817,982237942.0952624
522.5999999999817,695154688.073424
522.6999999999816,508081495.1360569
522.7999999999817,451335786.34319144
522.8999999999817,477237261.90891933
522.9999999999816,522471653.6247251
523.0999999999816,562691743.8311535
523.1999999999816,608247770.2722174
523.2999999999817,656490685.0106744
523.3999999999817,667628649.5122228
523.4999999999816,599324060.0217344
523.5999999999816,455479343.2742817
523.6999999999816,287326392.3224066
523.7999999999815,150407232.00544262
523.8999999999816,70882350.80973785
523.9999999999816,50413264.33088258
524.0999999999816,91184250.69903284
524.1999999999816,208239209.42980763
524.2999999999815,411646830.5618411
524.3999999999816,669023790.3238672
524.4999999999816,889471603.2415314
524.5999999999815,967296721.576456
524.6999999999815,861988799.7525154
524.7999999999815,634654446.8855635
524.8999999999816,400043700.69336814
524.9999999999816,245519120.09903374
525.0999999999815,190305085.79390872
525.1999999999815,199184014.22425523
525.2999999999815,219205971.90452862
525.3999999999814,212270286.96848363
525.4999999999815,171057832.73317719
525.5999999999815,113205888.59519364
525.6999999999815,61446069.98863763
525.7999999999815,27860490.86382223
525.8999999999814,12744226.532350179
525.9999999999815,12875247.373298947
526.0999999999815,28746537.434156008
526.1999999999814,64828890.17598196
526.2999999999814,122378157.34361435
526.3999999999814,190245933.67697686
526.4999999999815,245070890.042913
526.5999999999815,267606537.14135966
526.6999999999814,262987562.97676495
526.7999999999814,262069716.29230773
526.8999999999814,298729710.43153685
526.9999999999814,385397210.9977914
527.0999999999814,508646276.80374134
527.1999999999814,639720178.2362853
527.2999999999814,742208579.2291046
527.3999999999814,777676600.0522524
527.4999999999814,722286420.2667464
527.5999999999814,586503746.2754387
527.6999999999814,413283821.20125747
527.7999999999813,251989170.337613
527.8999999999813,132726475.91401348
527.9999999999814,60204376.181060165
528.0999999999814,23385524.471623514
528.1999999999814,7720160.800281199
528.2999999999813,2148253.309317389
528.3999999999813,500287.8309535022
528.4999999999814,96889.77855865331
528.5999999999813,23353.113007534448
528.6999999999813,63393.353695105245
528.7999999999813,368354.5109521681
528.8999999999813,1813843.3072062042
528.9999999999814,7329752.388978858
529.0999999999813,24307181.46419232
529.1999999999813,66150886.003471136
529.2999999999813,147738988.66981444
529.3999999999812,270779931.96965533
529.4999999999812,407307880.7195503
529.5999999999813,502934722.77190673
529.6999999999813,510276252.9233987
529.7999999999813,427195348.6780411
529.8999999999812,300380428.7908432
529.9999999999812,189961624.95591912
530.0999999999813,130827864.23526621
530.1999999999812,120772948.57795618
530.2999999999812,133600617.34416509
530.3999999999812,140350286.9525917
530.4999999999812,125890202.59393048
530.5999999999813,93588568.57096016
530.6999999999812,57251904.0102921
530.7999999999812,28770710.965365484
530.8999999999812,11873841.853280254
530.9999999999811,4023727.0389537835
531.0999999999812,1119598.601934553
531.1999999999812,255795.42249311754
531.2999999999812,47986.57728019216
531.3999999999812,7391.683537842107
531.4999999999811,934.8965146439785
531.5999999999812,0.0
531.6999999999812,3393.131163089011
531.7999999999811,26825.186179859997
531.8999999999811,174442.89225712098
531.9999999999811,936217.6111367973
532.0999999999812,4127753.432495892
532.1999999999812,14988742.271835878
532.2999999999811,44860383.623510875
532.3999999999811,110798751.26574379
532.4999999999811,226261646.036574
532.599999999981,383154486.5128656
532.6999999999811,540443600.5143373
532.7999999999811,639008723.4169286
532.8999999999811,638770758.6050154
532.9999999999811,545384162.9249634
533.099999999981,401833032.38557994
533.1999999999811,257440263.8854901
533.2999999999811,143733721.3855811
533.399999999981,69651619.00242299
533.499999999981,29040498.104497418
533.599999999981,10309070.750868017
533.6999999999811,3085498.6351143145
533.7999999999811,772522.0568839984
533.899999999981,160876.0339775045
533.999999999981,27230.63526960225
534.099999999981,3910.8810113109225
534.199999999981,0.0
534.299999999981,11230.99459849982
534.399999999981,78110.16734394376
534.499999999981,447682.0160466945
534.599999999981,2114484.2732215915
534.699999999981,8233165.960559933
534.799999999981,26421007.77248106
534.899999999981,69914735.49111447
534.9999999999809,152675388.6963474
535.0999999999809,275637765.93301725
535.199999999981,413109188.424158
535.299999999981,518680512.63536006
535.399999999981,556050100.9577906
535.4999999999809,527276508.06770325
535.5999999999809,465329625.05854887
535.699999999981,398968419.5211607
535.7999999999809,332120115.759831
535.8999999999809,256981413.3017934
535.9999999999809,175709217.93960732
536.0999999999809,102533823.58927032
536.199999999981,50119997.98452685
536.2999999999809,20340538.763396483
536.3999999999809,6826190.99784696
536.4999999999809,1889520.556330148
536.5999999999808,431938.5076422018
536.6999999999808,81395.5953764788
536.7999999999809,12644.11867231702
536.8999999999809,1619.1418594982608
536.9999999999809,0.0
537.0999999999808,0.0
537.1999999999808,0.0
537.2999999999809,0.0
537.3999999999808,0.0
537.4999999999808,0.0
537.5999999999808,0.0
537.6999999999808,0.0
537.7999999999809,0.0
537.8999999999808,0.0
537.9999999999808,0.0
538.0999999999808,9131.55281302635
538.1999999999807,70749.78133169335
538.2999999999807,446067.15452566656
538.3999999999808,2327529.2603069856
538.4999999999808,10054837.44167678
538.5999999999808,35978541.21537659
538.6999999999807,106705824.03105587
538.7999999999807,262483071.15176824
538.8999999999808,536085624.130508
538.9999999999807,910381727.2840952
539.0999999999807,1288666629.312461
539.1999999999807,1527908630.3738432
539.2999999999807,1533721473.7410257
539.3999999999808,1335210535.9680777
539.4999999999807,1058629932.8901892
539.5999999999807,822791726.6852539
539.6999999999807,661455988.4650525
539.7999999999806,537336598.1402395
539.8999999999807,409266932.7351795
539.9999999999807,274217387.8362781
540.0999999999807,156301531.45388094
540.1999999999807,75619959.64903684
540.2999999999806,34465280.23856269
540.3999999999807,24889783.645088926
540.4999999999807,40102373.56116741
540.5999999999806,76623977.74278499
540.6999999999806,127655691.32363306
540.7999999999806,177019549.05758274
540.8999999999807,203231568.50703514
540.9999999999807,193071657.70175093
541.0999999999806,151847885.04858902
541.1999999999806,99303022.41968885
541.2999999999806,55921059.167270355
541.3999999999805,34068742.49600423
541.4999999999806,40538169.23087987
541.5999999999806,83289330.62169045
541.6999999999806,170724085.9871925
541.7999999999806,299850561.71172726
541.8999999999805,444089955.0784763
541.9999999999806,558089808.9628161
542.0999999999806,602298127.076399
542.1999999999805,566437189.2201109
542.2999999999805,470607756.01033735
542.3999999999805,348041022.21869683
542.4999999999806,228653023.32708657
542.5999999999806,132028015.7502163
542.6999999999805,66031059.00319217
542.7999999999805,28207684.52813942
542.8999999999805,10180796.464189332
542.9999999999804,3081025.59684471
543.0999999999805,777996.5184008258
543.1999999999805,161998.63043482974
543.2999999999805,28359.05757056488
543.3999999999805,4111.421025527306
543.4999999999804,0.0
543.5999999999805,0.0
543.6999999999805,0.0
543.7999999999804,6675.538575987971
543.8999999999804,49594.513497319684
543.9999999999804,305688.86232151644
544.0999999999805,1563234.9410096079
544.1999999999805,6632351.711058774
544.2999999999804,23345839.76187228
544.3999999999804,68182921.48495856
544.4999999999804,165221206.33519235
544.5999999999804,332243411.04677683
544.6999999999804,554690418.3514017
544.7999999999804,769939826.5944569
544.8999999999804,892238848.0379444
544.9999999999804,873723580.8262519
545.0999999999804,747229385.3417034
545.1999999999804,601862644.5893801
545.2999999999804,510553080.67855424
545.3999999999803,479114530.64417243
545.4999999999803,459657841.32355285
545.5999999999804,404926369.6965186
545.6999999999804,307859143.21045136
545.7999999999804,196959773.96885082
545.8999999999803,105151038.98038265
545.9999999999803,47071769.57103799
546.0999999999804,19243842.144483533
546.1999999999803,12721964.249236733
546.2999999999803,23544299.90490907
546.3999999999803,55096259.05401331
546.4999999999803,112420984.37754156
546.5999999999804,191377021.2144721
546.6999999999803,270741204.0356162
546.7999999999803,318200021.1952628
546.8999999999803,310678507.0502205
546.9999999999802,251992358.7803179
547.0999999999802,169796483.23195863
547.1999999999803,95046289.52979305
547.2999999999803,44198425.70367923
547.3999999999803,17074326.852123056
547.4999999999802,5479558.124505877
547.5999999999802,1460873.6049861007
547.6999999999803,323552.6070888464
547.7999999999802,59530.88265802269
547.8999999999802,9099.235328334755
547.9999999999802,0.0
548.0999999999802,0.0
548.1999999999803,0.0
548.2999999999802,0.0
548.3999999999802,0.0
548.4999999999802,0.0
548.5999999999801,0.0
548.6999999999802,0.0
548.7999999999802,0.0
548.8999999999802,0.0
548.9999999999802,2675.4393907066014
549.0999999999801,19496.676545777464
549.1999999999802,118291.5155937592
549.2999999999802,599598.1315131908
549.3999999999801,2526694.235835161
549.4999999999801,8874643.826453796
549.5999999999801,25997006.914508104
549.6999999999802,63574778.052952565
549.7999999999802,129978380.63611084
549.8999999999801,222660017.2392339
549.9999999999801,320638955.1632706
550.0999999999801,389959401.0808999
550.19999999998,403088218.27782863
550.2999999999801,356980599.69782454
550.3999999999801,273476133.63156104
550.4999999999801,183600299.0313018
550.5999999999801,111535394.10328808
550.69999999998,69088900.33173211
550.7999999999801,58415970.51005791
550.8999999999801,75384439.74033104
550.99999999998,110300686.21995036
551.09999999998,149478085.1259029
551.19999999998,182220779.0005396
551.2999999999801,209894996.17941964
551.3999999999801,245550688.96757576
551.49999999998,298482393.7933647
551.59999999998,356710515.60442734
551.69999999998,388696074.8300228
551.79999999998,367516014.5222949
551.89999999998,294417972.6825568
551.99999999998,197850313.38465503
552.09999999998,111090205.789806
552.19999999998,52037481.88234378
552.29999999998,20323710.027340785
552.39999999998,6616304.45402506
552.49999999998,1795462.3405048007
552.5999999999799,406092.99844704266
552.6999999999799,76553.15353678224
552.79999999998,12027.879050465941
552.89999999998,1575.082844726411
552.99999999998,2243.9939924397295
553.0999999999799,15636.810779327154
553.1999999999799,90958.71168059498
553.29999999998,441682.354124302
553.3999999999799,1790380.8585766407
553.4999999999799,6058295.210908179
553.5999999999799,17112957.298073098
553.6999999999799,40352396.29806626
553.79999999998,79429754.87209006
553.8999999999799,130516897.961667
553.9999999999799,179027560.11862656
554.0999999999799,204994718.19820717
554.1999999999798,195945402.75212142
554.2999999999798,156349722.4143241
554.3999999999799,104142687.11100832
554.4999999999799,57912501.24549336
554.5999999999799,26917154.335691724
554.6999999999798,10639060.55713364
554.7999999999798,4450988.706305614
554.8999999999799,5270262.043902575
554.9999999999798,14885124.220654482
555.0999999999798,41333347.28203127
555.1999999999798,97069025.93052775
555.2999999999798,190636742.17374745
555.3999999999799,312873489.2669182
555.4999999999798,429132956.72674257
555.5999999999798,492190420.4661376
555.6999999999798,473443003.3678396
555.7999999999797,387397199.03112304
555.8999999999797,287500759.92979676
555.9999999999798,239891310.7028931
556.0999999999798,297295188.2328901
556.1999999999798,480241588.15426743
556.2999999999797,759019539.0782738
556.3999999999797,1045443732.1733887
556.4999999999798,1220934770.0411837
556.5999999999797,1202382071.3024936
556.6999999999797,997503899.1641374
556.7999999999797,696989731.2228136
556.8999999999797,410137697.58074653
556.9999999999798,203212684.8023559
557.0999999999797,84757833.5609648
557.1999999999797,29749244.605342023
557.2999999999797,8783604.869607102
557.3999999999796,2180649.849966103
557.4999999999797,455009.0310497911
557.5999999999797,79758.21825329651
557.6999999999797,11586.605445403988
557.7999999999797,8913.261763305123
557.8999999999796,51058.91011686877
557.9999999999797,244901.8051503449
558.0999999999797,983553.5244860064
558.1999999999796,3307421.7526319968
558.2999999999796,9312509.408042097
558.3999999999796,21956542.79805369
558.4999999999797,43351967.2644403
558.5999999999797,71714911.57525522
558.6999999999796,99568218.05909097
558.7999999999796,116783079.11028421
558.8999999999796,118496378.66892172
558.9999999999795,112333763.36478354
559.0999999999796,118130131.9614774
559.1999999999796,158350015.6516187
559.2999999999796,243525543.63239592
559.3999999999796,362686575.3742969
559.4999999999795,491506482.91719055
559.5999999999796,620874724.6326842
559.6999999999796,781888353.2074785
559.7999999999795,1027805832.9808655
559.8999999999795,1367068959.5580494
559.9999999999795,1707197930.696356
560.0999999999796,1886020145.241821
560.1999999999796,1786341137.9097319
560.2999999999795,1430798854.1106732
560.3999999999795,963776772.0504216
560.4999999999795,544768293.2925919
560.5999999999794,258177393.3910977
560.6999999999795,102554423.92210498
560.7999999999795,34139171.3582177
560.8999999999795,9524175.241489653
560.9999999999795,2226606.2556218323
561.0999999999794,436215.5239772509
561.1999999999795,71614.4159546377
561.2999999999795,9852.386415746723
561.3999999999794,0.0
561.4999999999794,0.0
561.5999999999794,0.0
561.6999999999795,0.0
561.7999999999795,0.0
561.8999999999794,0.0
561.9999999999794,2257.910878999947
562.0999999999794,18451.200504660126
562.1999999999794,104028.18734702561
562.2999999999794,494098.1308545052
562.3999999999794,1977535.610452337
562.4999999999794,6671042.614130186
562.5999999999794,18972485.6422528
562.6999999999794,45499769.55779114
562.7999999999794,92031791.69418308
562.8999999999794,157030238.7627935
562.9999999999793,226071561.38733372
563.0999999999793,274754582.128869
563.1999999999794,282362512.70213586
563.2999999999794,246887351.98068187
563.3999999999794,187771418.2361526
563.4999999999793,133369289.58736548
563.5999999999793,103861249.76333454
563.6999999999794,101964204.510465
563.7999999999793,115079589.59473863
563.8999999999793,125282957.83511135
563.9999999999793,121112133.6461913
564.0999999999793,105322622.36650035
564.1999999999794,95514533.63407221
564.2999999999793,119047769.60681394
564.3999999999793,203918796.37634128
564.4999999999793,363395123.548721
564.5999999999792,576072540.1469815
564.6999999999792,778106555.4366868
564.7999999999793,888956239.2582375
564.8999999999793,864392332.6451695
564.9999999999793,733986703.9392846
565.0999999999792,584691782.295785
565.1999999999792,500938610.9941932
565.2999999999793,510185746.43955207
565.3999999999792,573110555.0327339
565.4999999999792,619064571.4634163
565.5999999999792,596207482.6234927
565.6999999999792,499946896.9988039
565.7999999999793,364367806.8430552
565.8999999999792,232105301.6315238
565.9999999999792,130189058.10069515
566.0999999999792,65106551.874833785
566.1999999999791,31311818.21456488
566.2999999999791,22300078.44302021
566.3999999999792,38618757.45664373
566.4999999999792,90763287.11318383
566.5999999999792,193818026.96118823
566.6999999999791,351509753.562206
566.7999999999791,537144801.9781599
566.8999999999792,691244223.7749555
566.9999999999791,750224513.1350118
567.0999999999791,690785514.1530954
567.1999999999791,551502871.0901934
567.2999999999791,410149859.58875126
567.3999999999792,335736881.0297468
567.4999999999791,351276477.85530555
567.5999999999791,426628346.37779397
567.6999999999791,499741328.1933587
567.799999999979,513867106.1812271
567.8999999999791,449989271.98693967
567.9999999999791,332779206.2354573
568.0999999999791,207372479.53808218
568.1999999999791,108832967.30544123
568.299999999979,48157354.938190706
568.3999999999791,18251050.163319148
568.4999999999791,7142712.108820959
568.599999999979,7004370.061859552
568.699999999979,17133131.897890244
568.799999999979,43511277.78102225
568.8999999999791,96293517.41445597
568.9999999999791,185444921.7610986
569.099999999979,317385466.09538406
569.199999999979,496744824.2987323
569.299999999979,729387184.1822284
569.399999999979,1012420305.2918334
569.499999999979,1307678642.1125343
569.599999999979,1527824510.8627367
569.699999999979,1572007079.4092622
569.799999999979,1397792736.1156428
569.899999999979,1061926573.6381341
569.999999999979,684966961.7871441
570.099999999979,373863258.6905946
570.1999999999789,172371408.3979023
570.2999999999789,67070704.36769067
570.399999999979,22014527.285086654
570.499999999979,6093748.021610303
570.599999999979,1422162.1524434316
570.6999999999789,286463.9991862694
570.7999999999789,92912.07235130444
570.899999999979,283757.91772049066
570.9999999999789,1396650.8993448878
571.0999999999789,5937348.344048007
571.1999999999789,21304302.158333775
571.2999999999789,64522652.8917196
571.399999999979,164940473.3980771
571.4999999999789,355887207.16988343
571.5999999999789,648138226.2815827
571.6999999999789,996306616.6525713
571.7999999999788,1292672505.890218
571.8999999999788,1415644245.9546385
571.9999999999789,1308548618.4828496
572.0999999999789,1020929416.4189088
572.1999999999789,672313281.3198831
572.2999999999788,373696310.24638265
572.3999999999788,175327102.61466357
572.4999999999789,69461057.86501263
572.5999999999788,23378359.946868148
572.6999999999788,7266830.820091547
572.7999999999788,4084391.631281651
572.8999999999788,7795115.044792829
572.9999999999789,18781288.79936322
573.0999999999788,39637022.69023678
573.1999999999788,70955920.24129738
573.2999999999788,107772132.53992388
573.3999999999787,139752120.45330787
573.4999999999787,157259934.42272186
573.5999999999788,159536957.25484216
573.6999999999788,157198223.76534593
573.7999999999788,165570354.77346954
573.8999999999787,194821811.0528545
573.9999999999787,245710458.29062003
574.0999999999788,311890489.17373854
574.1999999999787,381776036.3675082
574.2999999999787,436955545.1286441
574.3999999999787,454455789.8562311
574.4999999999787,418882809.54387814
574.5999999999788,335832437.64577615
574.6999999999787,231358354.3726411
574.7999999999787,135960458.72145703
574.8999999999787,67874640.50040682
574.9999999999786,28720698.118199963
575.0999999999786,10294355.75829356
575.1999999999787,3158533.692793825
575.2999999999787,995030.8259504689
575.3999999999787,962560.7667368004
575.4999999999786,2713218.8755947123
575.5999999999786,7711069.120748815
575.6999999999787,18739303.374714956
575.7999999999786,38566791.76506652
575.8999999999786,67183388.84491174
575.9999999999786,99153490.83464247
576.0999999999786,124369091.08021954
576.1999999999787,134021677.17261852
576.2999999999786,128592308.22944379
576.3999999999786,121337100.87545557
576.4999999999786,133464198.42098658
576.5999999999785,183309144.853773
576.6999999999786,275998140.13030046
576.7999999999786,400364813.3401464
576.8999999999786,535468649.079287
576.9999999999786,660321528.3299224
577.0999999999785,756301323.7677984
577.1999999999786,802229643.9278231
577.2999999999786,776059150.1777241
577.3999999999785,670591691.377521
577.4999999999785,507951585.26175946
577.5999999999785,332693599.2033177
577.6999999999786,186799011.56297466
577.7999999999786,89633636.88706097
577.8999999999785,37618817.769652374
577.9999999999785,17887312.52003845
578.0999999999785,22869001.75454887
578.1999999999784,59644387.53187741
578.2999999999785,153216865.81880373
578.3999999999785,340115214.1341737
578.4999999999785,646309231.535749
578.5999999999785,1054160995.7025653
578.6999999999784,1483287953.6175148
578.7999999999785,1813025712.3709776
578.8999999999785,1941754905.8414001
578.9999999999784,1839547449.6374454
579.0999999999784,1554560249.5369866
579.1999999999784,1177612896.550974
579.2999999999785,799289355.9950249
579.3999999999785,483347953.2002257
579.4999999999784,258106836.98285192
579.5999999999784,120534271.0846237
579.6999999999784,48800445.86086214
579.7999999999784,17011878.903595377
579.8999999999784,5080487.43276608
579.9999999999784,1295247.317557088
580.0999999999784,286190.73525973456
580.1999999999784,92543.54840701478
580.2999999999784,236346.46243052938
580.3999999999784,1070243.1304980484
580.4999999999784,4258204.165634592
580.5999999999783,14378039.829513784
580.6999999999783,41200459.017724596
580.7999999999784,100192127.16458978
580.8999999999784,206773229.12572792
580.9999999999784,362150193.7339138
581.0999999999783,538298507.1238105
581.1999999999783,679109955.6512438
581.2999999999784,727479092.166858
581.3999999999783,662929111.7676504
581.4999999999783,518088099.8640117
581.5999999999783,359345939.98384404
581.6999999999783,250075855.75521827
581.7999999999784,224769474.51160014
581.8999999999783,282970611.74221957
581.9999999999783,394130407.9176429
582.0999999999783,507822943.6541837
582.1999999999782,572321408.2716992
582.2999999999782,558653184.1612719
582.3999999999783,475088246.6478069
582.4999999999783,359606196.44382787
582.5999999999783,255645852.09287786
582.6999999999782,189091067.4191146
582.7999999999782,160158571.86006185
582.8999999999783,151074367.8817303
582.9999999999782,141263881.81521598
583.0999999999782,119783361.87470329
583.1999999999782,88395457.98415846
583.2999999999782,55892628.55624767
583.3999999999783,30112793.24790183
583.4999999999782,13795904.113790479
583.5999999999782,5371381.666347236
583.6999999999782,1776626.724021141
583.7999999999781,499230.7231283
583.8999999999781,119164.2250666856
583.9999999999782,24161.8373564737
584.0999999999782,4161.534456795978
584.1999999999782,608.8586886218673
584.2999999999781,0.0
584.3999999999781,0.0
584.4999999999782,0.0
584.5999999999781,0.0
584.6999999999781,0.0
584.7999999999781,0.0
584.8999999999781,0.0
584.9999999999782,0.0
585.0999999999781,0.0
585.1999999999781,0.0
585.2999999999781,0.0
585.399999999978,0.0
585.4999999999781,0.0
585.5999999999781,0.0
585.6999999999781,0.0
585.7999999999781,0.0
585.899999999978,0.0
585.9999999999781,0.0
586.0999999999781,0.0
586.199999999978,0.0
586.299999999978,1564.3350093139063
586.399999999978,9504.876595230226
586.4999999999781,49179.52500542836
586.5999999999781,216692.21371735906
586.699999999978,813061.5285492841
586.799999999978,2597913.263813698
586.899999999978,7068821.44393755
586.999999999978,16379117.761948487
587.099999999978,32318792.664394055
587.199999999978,54305132.88830259
587.299999999978,77704784.8742596
587.399999999978,94683820.49412207
587.499999999978,98248270.41063696
587.599999999978,86815082.6936948
587.699999999978,65326077.554536924
587.7999999999779,41859989.04578261
587.8999999999779,22841928.50505191
587.999999999978,10614207.039725551
588.099999999978,4200137.13899996
588.199999999978,1415339.137944583
588.2999999999779,408153.05357328244
588.3999999999779,111506.7529650121
588.499999999978,84388.84716131855
588.5999999999779,286141.2861362219
588.6999999999779,1067862.8207772537
588.7999999999779,3437857.0628036424
588.8999999999779,9440196.024181813
588.999999999978,22098886.25155242
589.0999999999779,44101761.67600236
589.1999999999779,75030470.01487552
589.2999999999779,108821716.88408543
589.3999999999778,134551845.06245524
589.4999999999778,141827327.3368562
589.5999999999779,127446043.58457021
589.6999999999779,97631277.99084142
589.7999999999779,63759920.68477046
589.8999999999778,35497906.36524773
589.9999999999778,16848214.707267508
590.0999999999779,6817124.330069521
590.1999999999778,2351498.5674405755
590.2999999999778,691487.6051030243
590.3999999999778,173348.56807573873
590.4999999999778,37046.93597777316
590.5999999999779,6749.638425952366
590.6999999999778,1048.3466211251744
590.7999999999778,0.0
590.8999999999778,0.0
590.9999999999777,0.0
591.0999999999777,0.0
591.1999999999778,0.0
591.2999999999778,0.0
591.3999999999778,0.0
591.4999999999777,0.0
591.5999999999777,0.0
591.6999999999778,0.0
591.7999999999777,0.0
591.8999999999777,3111.892955673187
591.9999999999777,18002.970671589013
592.0999999999777,88962.28271184172
592.1999999999778,375499.9945850504
592.2999999999777,1353805.5114589783
592.3999999999777,4169125.7895659725
592.4999999999777,10966704.709824912
592.5999999999776,24640515.112325028
592.6999999999776,47289633.4912483
592.7999999999777,77521951.53544033
592.8999999999777,108558178.76890746
592.9999999999777,129882813.20992598
593.0999999999776,132910872.91278404
593.1999999999776,116942199.48217973
593.2999999999777,90735098.12905218
593.3999999999776,69108850.48336269
593.4999999999776,68371006.18616547
593.5999999999776,103192464.58159682
593.6999999999776,182583091.17695987
593.7999999999777,301891157.1136728
593.8999999999776,434967907.59818864
593.9999999999776,537713530.453858
594.0999999999776,568533399.1261885
594.1999999999775,513802189.89563143
594.2999999999776,396840131.6931673
594.3999999999776,261941111.83554903
594.4999999999776,147760539.65835658
594.5999999999776,71232655.17198694
594.6999999999775,29347131.582387768
594.7999999999776,10332800.586498957
594.8999999999776,3109111.5127932187
594.9999999999775,799503.578773849
595.0999999999775,175699.44413160693
595.1999999999775,32997.89415426633
595.2999999999776,5296.243268383209
595.3999999999776,0.0
595.4999999999775,0.0
595.5999999999775,0.0
595.6999999999775,0.0
595.7999999999774,0.0
595.8999999999775,0.0
595.9999999999775,0.0
596.0999999999775,0.0
596.1999999999775,0.0
596.2999999999774,0.0
596.3999999999775,0.0
596.4999999999775,0.0
596.5999999999774,0.0
596.6999999999774,0.0
596.7999999999774,0.0
596.8999999999775,0.0
596.9999999999775,0.0
597.0999999999774,0.0
597.1999999999774,0.0
597.2999999999774,0.0
597.3999999999774,0.0
597.4999999999774,0.0
597.5999999999774,0.0
597.6999999999774,0.0
597.7999999999774,0.0
597.8999999999774,0.0
597.9999999999774,0.0
598.0999999999774,0.0
598.1999999999773,0.0
598.2999999999773,0.0
598.3999999999774,0.0
598.4999999999774,0.0
598.5999999999774,0.0
598.6999999999773,0.0
598.7999999999773,0.0
598.8999999999774,0.0
598.9999999999773,0.0
599.0999999999773,0.0
599.1999999999773,0.0
599.2999999999773,0.0
599.3999999999774,1957.986582136781
599.4999999999773,13929.766214602958
599.5999999999773,70592.93798094982
599.6999999999773,307904.5147572373
599.7999999999772,1156221.777714536
599.8999999999772,3739087.5485721333
599.9999999999773,10416246.90249414
600.0999999999773,25003652.886930916
600.1999999999773,51729467.383387364
600.2999999999772,92264846.3205409
600.3999999999772,141928557.9964822
600.4999999999773,188456127.23812062
600.5999999999772,216496905.49531803
600.6999999999772,216568575.7215542
600.7999999999772,192017336.33463037
600.8999999999772,157703600.33087033
600.9999999999773,130669012.3902038
601.0999999999772,119699383.58772999
601.1999999999772,121241435.0767781
601.2999999999772,123820546.84760565
601.3999999999771,116939997.48618445
601.4999999999771,97845627.93527868
601.5999999999772,72126398.16982414
601.6999999999772,49475529.82557929
601.7999999999772,39220487.29350067
601.8999999999771,48490776.10291658
601.9999999999771,81585153.2603432
602.0999999999772,137480260.49345762
602.1999999999771,205788176.01015988
602.2999999999771,266191266.48489177
602.3999999999771,295922531.0821941
602.4999999999771,282431071.70828456
602.5999999999772,231370841.49874836
602.6999999999771,162685665.76065013
602.7999999999771,98181992.75924435
602.8999999999771,50857511.7740278
602.999999999977,22610964.399965215
603.0999999999771,8628270.982522067
603.1999999999771,2825980.6148252347
603.2999999999771,794429.3720364041
603.3999999999771,191682.3473730466
603.499999999977,40514.493836777365
603.5999999999771,12025.39351013902
603.6999999999771,25934.82843284717
603.799999999977,116308.47556376427
603.899999999977,448216.95757610275
603.999999999977,1484274.2009431878
604.0999999999771,4223659.797059669
604.1999999999771,10327915.036385063
604.299999999977,21701278.417594895
604.399999999977,39183832.98790901
604.499999999977,60796342.11809056
604.599999999977,81059449.69539219
604.699999999977,92874973.71714294
604.799999999977,91463591.23261537
604.899999999977,77494394.55285858
604.999999999977,56758159.23949982
605.099999999977,36767096.05844569
605.199999999977,23235713.799839374
605.299999999977,18748433.077872425
605.3999999999769,23276335.227198064
605.4999999999769,34807740.08168832
605.599999999977,49392306.10523527
605.699999999977,61584448.035168484
605.799999999977,66312734.28666669
605.8999999999769,61445744.72974006
605.9999999999769,48961459.43858447
606.099999999977,33548620.542855933
606.1999999999769,19788617.931119733
606.2999999999769,10137426.794562351
606.3999999999769,4831061.186574208
606.4999999999769,3098377.27323197
606.599999999977,4428290.680073147
606.6999999999769,9077471.388782598
606.7999999999769,17620044.63885787
606.8999999999769,29794309.247797582
606.9999999999768,43411025.75261375
607.0999999999768,54428518.78023023
607.1999999999769,58714720.59350855
607.2999999999769,54494047.12193259
607.3999999999769,43514370.86203544
607.4999999999768,29894957.207626123
607.5999999999768,17670333.443758775
607.6999999999769,8986139.060407082
607.7999999999768,3931724.752304834
607.8999999999768,1480044.1125777029
607.9999999999768,479344.55028504296
608.0999999999768,133568.02678653915
608.1999999999769,32021.288801264294
608.2999999999768,6604.75460530121
608.3999999999768,1172.0770078082217
608.4999999999768,0.0
608.5999999999767,0.0
608.6999999999767,0.0
608.7999999999768,0.0
608.8999999999768,0.0
608.9999999999768,0.0
609.0999999999767,7766.677810640063
609.1999999999767,47031.86300121276
609.2999999999768,245433.2966956026
609.3999999999767,1103720.482515836
609.4999999999767,4277292.583268699
609.5999999999767,14285613.182579305
609.6999999999767,41116397.93972042
609.7999999999768,101989546.26198478
609.8999999999767,218054310.3386424
609.9999999999767,401911946.5680152
610.0999999999767,638912080.0555146
610.1999999999766,876765204.8716844
610.2999999999766,1040560921.1722757
610.3999999999767,1072223900.0448388
610.4999999999767,967054484.0773664
610.5999999999767,776058679.9911158
610.6999999999766,571708772.5543332
610.7999999999766,406827007.94480574
610.8999999999767,296904740.787851
610.9999999999766,229997695.45640823
611.0999999999766,187062669.6014464
611.1999999999766,157270719.7822213
611.2999999999766,145118996.61910364
611.3999999999767,172473558.8527694
611.4999999999766,275403330.5447298
611.5999999999766,490304012.96764153
611.6999999999766,826045238.2170017
611.7999999999765,1233534568.3853953
611.8999999999766,1600748401.9605322
611.9999999999766,1795226428.7227628
612.0999999999766,1737309394.8849003
612.1999999999766,1450152124.426125
612.2999999999765,1043945118.1201319
612.3999999999766,648119654.3554984
612.4999999999766,347009989.5267433
612.5999999999765,160227682.54746035
612.6999999999765,63802998.56281604
612.7999999999765,21910515.357622914
612.8999999999766,6488914.622867055
612.9999999999766,1657293.7467525054
613.0999999999765,365035.31992437365
613.1999999999765,69339.10764219366
613.2999999999765,11358.724682405003
613.3999999999764,0.0
613.4999999999765,0.0
613.5999999999765,0.0
613.6999999999765,0.0
613.7999999999765,0.0
613.8999999999764,0.0
613.9999999999765,0.0
614.0999999999765,0.0
614.1999999999764,0.0
614.2999999999764,0.0
614.3999999999764,0.0
614.4999999999765,0.0
614.5999999999765,0.0
614.6999999999764,0.0
614.7999999999764,0.0
614.8999999999764,0.0
614.9999999999764,0.0
615.0999999999764,0.0
615.1999999999764,0.0
615.2999999999764,821.6686319597542
615.3999999999764,4863.12033845962
615.4999999999764,24876.24454008583
615.5999999999764,109978.07423741347
615.6999999999764,420222.10738407035
615.7999999999763,1387724.2399370975
615.8999999999763,3960763.8053939813
615.9999999999764,9770261.938857427
616.0999999999764,20829793.38604248
616.1999999999764,38380904.8601692
616.2999999999763,61121914.48001486
616.3999999999763,84125988.58041245
616.4999999999764,100072535.82747906
616.5999999999763,102884777.18534671
616.6999999999763,91419497.57685667
616.7999999999763,70206614.5412999
616.8999999999763,46598155.32620645
616.9999999999764,26730735.611863036
617.0999999999763,13252706.75782612
617.1999999999763,5678710.890277311
617.2999999999763,2103034.617165612
617.3999999999762,673123.2266150344
617.4999999999762,186206.2370561594
617.5999999999763,44518.99619335537
617.6999999999763,9199.156245299577
617.7999999999763,1642.8659159893314
617.8999999999762,0.0
617.9999999999762,0.0
618.0999999999763,0.0
618.1999999999762,0.0
618.2999999999762,0.0
618.3999999999762,0.0
618.4999999999762,0.0
618.5999999999763,0.0
618.6999999999762,0.0
618.7999999999762,0.0
618.8999999999762,0.0
618.9999999999761,0.0
619.0999999999761,0.0
619.1999999999762,0.0
619.2999999999762,0.0
619.3999999999762,0.0
619.4999999999761,0.0
619.5999999999761,2199.927387060131
619.6999999999762,13253.268849040409
619.7999999999761,69146.39374256217
619.8999999999761,312426.54568189825
619.9999999999761,1222526.2264050415
620.0999999999761,4142860.478086301
620.1999999999762,12158340.327758554
620.2999999999761,30901541.837914795
620.3999999999761,68017061.89402607
620.4999999999761,129654457.41562644
620.599999999976,214037022.82268202
620.6999999999761,306000556.4187788
620.7999999999761,378867538.365333
620.8999999999761,406241644.4639175
620.9999999999761,377236191.9774104
621.099999999976,303371045.4296249
621.1999999999761,211284077.42758048
621.2999999999761,127435749.04910238
621.399999999976,66565262.33397026
621.499999999976,30111742.305807278
621.599999999976,11796576.47806112
621.6999999999761,4002284.4858817267
621.7999999999761,1175957.939378547
621.899999999976,299231.6222043139
621.999999999976,65940.92738986344
622.099999999976,12584.456961045926
622.199999999976,2079.915896460071
622.299999999976,0.0
622.399999999976,0.0
622.499999999976,737.2337993776543
622.599999999976,4402.714848047466
622.699999999976,21319.36792696357
622.799999999976,89762.2263324215
622.899999999976,328743.19113994774
622.9999999999759,1047755.4782624502
623.0999999999759,2907472.236577007
623.199999999976,7028287.610865212
623.299999999976,14808008.427912688
623.399999999976,27207886.044731997
623.4999999999759,43619144.72366543
623.5999999999759,61046847.57039028
623.699999999976,74623801.57697576
623.7999999999759,79717085.76046418
623.8999999999759,74517778.34161961
623.9999999999759,61299361.51335328
624.0999999999759,45639361.26454843
624.199999999976,34790959.65924873
624.2999999999759,37083526.70758717
624.3999999999759,62621011.6984007
624.4999999999759,122815248.15744177
624.5999999999758,225310724.00162575
624.6999999999758,364233580.3705398
624.7999999999759,512440422.8135985
624.8999999999759,625908890.5108566
624.9999999999759,663401466.9057953
625.0999999999758,610096906.8581586
625.1999999999758,486822307.85133314
625.2999999999759,337048461.59300584
625.3999999999758,202479118.83931226
625.4999999999758,105584568.89397861
625.5999999999758,47969856.606018595
625.6999999999758,19669715.840566706
625.7999999999759,9515033.74143048
625.8999999999758,10951744.74776581
625.9999999999758,23225068.79420725
626.0999999999758,49629465.17637064
626.1999999999757,93653083.10365337
626.2999999999757,153718538.1205132
626.3999999999758,219114222.8963076
626.4999999999758,271199188.50922364
626.5999999999758,291453919.3955103
626.6999999999757,271966311.82015234
626.7999999999757,220355564.05426157
626.8999999999758,155023175.19160524
626.9999999999757,94696282.93663017
627.0999999999757,50226502.12127081
627.1999999999757,23131118.49394545
627.2999999999757,9249622.963399734
627.3999999999758,3211553.229592792
627.4999999999757,968210.7860450406
627.5999999999757,253447.73000125916
627.6999999999757,57606.381035823586
627.7999999999756,11368.848446264405
627.8999999999756,1948.166445804148
627.9999999999757,0.0
628.0999999999757,0.0
628.1999999999757,0.0
628.2999999999756,0.0
628.3999999999756,0.0
628.4999999999757,0.0
628.5999999999756,0.0
628.6999999999756,211.79630205909925
628.7999999999756,1249.3939768081268
628.8999999999756,6409.263577551813
628.9999999999757,28592.00068443643
629.0999999999756,110919.69031276515
629.1999999999756,374197.11986928846
629.2999999999756,1097791.6469756023
629.3999999999755,2800703.232968617
629.4999999999756,6213580.837845057
629.5999999999756,11987938.388741327
629.6999999999756,20112902.161738954
629.7999999999756,29344902.378231157
629.8999999999755,37232164.64840485
629.9999999999756,41080109.56324798
630.0999999999756,39416003.63087954
630.1999999999755,32888288.589438684
630.2999999999755,23863692.782996863
630.3999999999755,15057806.5499503
630.4999999999756,8262537.940954918
630.5999999999756,3942692.524482487
630.6999999999755,1636063.0691927369
630.7999999999755,590384.385541219
630.8999999999755,185266.7032265628
630.9999999999754,50557.73083303268
631.0999999999755,11997.906211820131
631.1999999999755,2476.0022861823354
631.2999999999755,819.5997061076574
631.3999999999755,2094.873856202473
631.4999999999754,10181.555679729276
631.5999999999755,43081.437746330026
631.6999999999755,158703.3230330594
631.7999999999754,508981.0770309162
631.8999999999754,1421140.5660426666
631.9999999999754,3454555.867665372
632.0999999999755,7310838.475174373
632.1999999999755,13469824.616033869
632.2999999999754,21606104.753438078
632.3999999999754,30172465.388032865
632.4999999999754,36683004.76641603
632.5999999999754,38827442.997783326
632.6999999999754,35779351.39141715
632.7999999999754,28704231.243776858
632.8999999999754,20048374.249784872
632.9999999999754,12190799.418981439
633.0999999999754,6453643.84646103
633.1999999999754,2974387.775628389
633.2999999999754,1193465.7620950842
633.3999999999753,416909.82090703945
633.4999999999753,126792.64767688487
633.5999999999754,33571.11765529013
633.6999999999754,7738.509381098554
633.7999999999754,1552.989826783014
633.8999999999753,271.3311729421783
633.9999999999753,0.0
634.0999999999754,0.0
634.1999999999753,0.0
634.2999999999753,0.0
634.3999999999753,0.0
634.4999999999753,0.0
634.5999999999754,0.0
634.6999999999753,0.0
634.7999999999753,0.0
634.8999999999753,0.0
634.9999999999752,0.0
635.0999999999752,0.0
635.1999999999753,0.0
635.2999999999753,0.0
635.3999999999753,0.0
635.4999999999752,0.0
635.5999999999752,0.0
635.6999999999753,0.0
635.7999999999752,0.0
635.8999999999752,0.0
635.9999999999752,0.0
636.0999999999752,0.0
636.1999999999753,0.0
636.2999999999752,0.0
636.3999999999752,0.0
636.4999999999752,0.0
636.5999999999751,0.0
636.6999999999751,0.0
636.7999999999752,0.0
636.8999999999752,0.0
636.9999999999752,0.0
637.0999999999751,0.0
637.1999999999751,0.0
637.2999999999752,0.0
637.3999999999751,0.0
637.4999999999751,0.0
637.5999999999751,0.0
637.6999999999751,0.0
637.7999999999752,0.0
637.8999999999751,0.0
637.9999999999751,0.0
638.0999999999751,3096.226206248509
638.199999999975,17403.773392695995
638.2999999999751,85418.72378149276
638.3999999999751,366067.90844298265
638.4999999999751,1369837.8376561466
638.5999999999751,4475850.57405673
638.699999999975,12769706.665207958
638.7999999999751,31811575.8952427
638.8999999999751,69197175.46555567
638.999999999975,131428778.61313604
639.099999999975,217967376.63484216
639.199999999975,315639570.2162109
639.2999999999751,399107887.1051082
639.3999999999751,440644240.63917226
639.499999999975,424800292.16572905
639.599999999975,357585941.57261515
639.699999999975,262830031.1764949
639.799999999975,168684212.91558874
639.899999999975,94540595.01078166
639.999999999975,46313188.24699597
640.099999999975,20004654.995238937
640.199999999975,8242785.788860581
640.299999999975,5133161.826753298
640.399999999975,8176471.713261105
640.499999999975,18131984.292781234
640.5999999999749,37660006.88250909
640.6999999999749,68865164.87536779
640.799999999975,110118864.15650381
640.899999999975,153877136.704718
640.999999999975,187885286.3177625
641.0999999999749,200455393.71730134
641.1999999999749,186874060.81496337
641.299999999975,152225216.58718002
641.3999999999749,108350390.11687878
641.4999999999749,67387703.92886667
641.5999999999749,36621585.25956402
641.6999999999749,17390013.60679706
641.799999999975,7215542.761106722
641.8999999999749,2616040.0517899827
641.9999999999749,828754.8326186383
642.0999999999749,229410.905983149
642.1999999999748,55489.18513877994
642.2999999999748,11966.782086365234
642.3999999999749,3510.350311720057
642.4999999999749,6611.370960935225
642.5999999999749,28436.10558077385
642.6999999999748,106983.52433691242
642.7999999999748,352072.3132400985
642.8999999999749,1013479.6605513094
642.9999999999748,2551916.096623431
643.0999999999748,5620642.148267091
643.1999999999748,10828633.88976922
643.2999999999748,18248601.862479936
643.3999999999749,26900088.694866635
643.4999999999748,34685344.975088626
643.5999999999748,39120690.80356837
643.6999999999748,38595369.4321731
643.7999999999747,33306736.409245238
643.8999999999747,25141845.207757104
643.9999999999748,16600853.112172026
644.0999999999748,9588424.114358913
644.1999999999748,4845886.489894493
644.2999999999747,2151535.7530738353
644.3999999999747,876022.6210255253
644.4999999999748,470552.0207773775
644.5999999999747,741471.0208660584
644.6999999999747,2027497.6522331212
644.7999999999747,5399447.829881916
644.8999999999747,12827025.612467295
644.9999999999748,27001234.501728393
645.0999999999747,50410630.53497733
645.1999999999747,83617115.84610912
645.2999999999747,123469212.71455914
645.3999999999746,162646386.20892376
645.4999999999746,191572174.1781417
645.5999999999747,202208663.53665248
645.6999999999747,191663263.92529142
645.7999999999747,163399711.91509575
645.8999999999746,125410964.0307697
645.9999999999746,86656161.2462726
646.0999999999747,53855071.38686323
646.1999999999746,30047656.948804945
646.2999999999746,15012371.323953692
646.3999999999746,6696853.675122737
646.4999999999746,2659250.7356016785
646.5999999999747,937250.9367565108
646.6999999999746,292431.88790220715
646.7999999999746,80590.77265395146
646.8999999999746,19527.616943726138
646.9999999999745,3955.915745983009
647.0999999999746,753.9893730510443
647.1999999999746,0.0
647.2999999999746,0.0
647.3999999999746,0.0
647.4999999999745,0.0
647.5999999999746,0.0
647.6999999999746,0.0
647.7999999999745,0.0
647.8999999999745,0.0
647.9999999999745,0.0
648.0999999999746,0.0
648.1999999999746,0.0
648.2999999999745,0.0
648.3999999999745,0.0
648.4999999999745,0.0
648.5999999999744,0.0
648.6999999999745,0.0
648.7999999999745,0.0
648.8999999999745,0.0
648.9999999999745,0.0
649.0999999999744,0.0
649.1999999999745,0.0
649.2999999999745,0.0
649.3999999999744,0.0
649.4999999999744,0.0
649.5999999999744,0.0
649.6999999999745,0.0
649.7999999999745,0.0
649.8999999999744,0.0
649.9999999999744,0.0
650.0999999999744,0.0
650.1999999999744,0.0
650.2999999999744,0.0
650.3999999999744,0.0
650.4999999999744,0.0
650.5999999999744,0.0
650.6999999999744,0.0
650.7999999999744,0.0
650.8999999999744,0.0
650.9999999999743,0.0
651.0999999999743,0.0
651.1999999999744,0.0
651.2999999999744,0.0
651.3999999999744,0.0
651.4999999999743,0.0
651.5999999999743,0.0
651.6999999999744,0.0
651.7999999999743,0.0
651.8999999999743,0.0
651.9999999999743,0.0
652.0999999999743,0.0
652.1999999999744,0.0
652.2999999999743,0.0
652.3999999999743,0.0
652.4999999999743,0.0
652.5999999999742,0.0
652.6999999999742,0.0
652.7999999999743,0.0
652.8999999999743,0.0
652.9999999999743,1391.9700545572118
653.0999999999742,7164.701370937898
653.1999999999742,32397.824152221772
653.2999999999743,128701.36218691566
653.3999999999742,449158.88242204225
653.4999999999742,1377102.8938695816
653.5999999999742,3709217.828804521
653.6999999999742,8777035.109584201
653.7999999999743,18246015.74175765
653.8999999999742,33322919.084959626
653.9999999999742,53467334.595909216
654.0999999999742,75378376.80924419
654.1999999999741,93400314.4176679
654.2999999999741,101808335.5262384
654.3999999999742,97891195.21951686
654.4999999999742,83720149.39172898
654.5999999999742,65254329.06144615
654.6999999999741,49431925.883817226
654.7999999999741,41263453.949811086
654.8999999999742,42550595.598053865
654.9999999999741,52389410.36121986
655.0999999999741,68455690.34229198
655.1999999999741,87891376.87193662
655.2999999999741,107304029.10476586
655.3999999999742,122455024.10217579
655.4999999999741,128780916.65502669
655.5999999999741,123188540.82227693
655.6999999999741,106026023.83263627
655.799999999974,81442355.6789383
655.899999999974,55520141.22339498
655.9999999999741,33467144.527719896
656.0999999999741,17796955.69576676
656.1999999999741,8336926.967746848
656.299999999974,3437291.297628981
656.399999999974,1246648.3364948395
656.4999999999741,398067.3839442586
656.599999999974,113882.05562730294
656.699999999974,38938.22779182324
656.799999999974,52889.68054577824
656.899999999974,170169.26344760042
656.9999999999741,535555.6547539217
657.099999999974,1492742.7171058329
657.199999999974,3660309.1608646945
657.299999999974,7895925.328937883
657.3999999999739,14984448.120592976
657.499999999974,25016752.292009402
657.599999999974,36742910.9515148
657.699999999974,47475401.711852655
657.799999999974,53965498.37794491
657.8999999999739,53965498.37974512
657.999999999974,47475401.71660378
658.099999999974,36742910.957643256
658.1999999999739,25016752.297863822
658.2999999999739,14984448.125101538
658.3999999999739,7895925.3318352485
658.499999999974,3660309.1624520305
658.599999999974,1492742.7178527692
658.6999999999739,535555.655057633
658.7999999999739,169035.029522873
658.8999999999739,46935.48113151889
658.9999999999739,11465.111707153605
659.0999999999739,2463.813116470497
659.1999999999739,465.7894968700541
659.2999999999739,0.0
659.3999999999739,0.0
659.4999999999739,0.0
659.5999999999739,0.0
659.6999999999739,0.0
659.7999999999738,0.0
659.8999999999738,0.0
659.9999999999739,0.0
660.0999999999739,0.0
660.1999999999739,0.0
660.2999999999738,339.49920750445585
660.3999999999738,1777.4881059325808
660.4999999999739,8199.089331687808
660.5999999999738,33320.80687834148
660.6999999999738,119304.37699030856
660.7999999999738,376346.79444870295
660.8999999999738,1045950.2829414759
660.9999999999739,2561089.9894814854
661.0999999999738,5524966.027079831
661.1999999999738,10500871.924459238
661.2999999999738,17583773.773700528
661.3999999999737,25941183.759396326
661.4999999999737,33717740.89489272
661.5999999999738,38611628.96759436
661.6999999999738,38955497.57462384
661.7999999999738,34626640.97318329
661.8999999999737,27117081.62910507
661.9999999999737,18709686.448246032
662.0999999999738,11373157.319299368
662.1999999999737,6090971.39917323
662.2999999999737,2873975.4254534724
662.3999999999737,1194732.0567804908
662.4999999999737,437571.43139444216
662.5999999999738,141194.6947520323
662.6999999999737,40140.129982770486
662.7999999999737,10053.797800249462
662.8999999999737,2218.566725116354
662.9999999999736,431.326180722313
663.0999999999736,0.0
663.1999999999737,0.0
663.2999999999737,0.0
663.3999999999737,0.0
663.4999999999736,0.0
663.5999999999736,0.0
663.6999999999737,120.89841168471195
663.7999999999736,640.5146383701448
663.8999999999736,2993.596610618417
663.9999999999736,12342.787495692757
664.0999999999736,44894.07004659191
664.1999999999737,144052.38809427293
664.2999999999736,407762.8908195087
664.3999999999736,1018241.2603473412
664.4999999999736,2243104.1426280234
664.5999999999735,4359171.326689043
664.6999999999736,7473330.5815734
664.7999999999736,11303398.201438846
664.8999999999736,15083777.696334682
664.9999999999736,17765824.80309651
665.0999999999735,18494183.394456163
665.1999999999736,17103861.7545536
665.2999999999736,14317457.142804975
665.3999999999735,11537196.703159722
665.4999999999735,10404160.841155905
665.5999999999735,12346530.872380648
665.6999999999736,18157356.682851985
665.7999999999736,27540723.523461014
665.8999999999735,38764622.94051515
665.9999999999735,48837707.949550435
666.0999999999735,54507579.88467644
666.1999999999734,53743732.170044705
666.2999999999735,46778304.31216094
666.3999999999735,35935267.977252655
666.4999999999735,24363135.68616907
666.5999999999735,14577338.442293022
666.6999999999734,7697541.0434637405
666.7999999999735,3587191.0960038453
666.8999999999735,1475318.3219833185
666.9999999999734,535482.9932238779
667.0999999999734,171527.73468248994
667.1999999999734,48489.950985503965
667.2999999999735,12097.562139262658
667.3999999999735,2663.6226627254787
667.4999999999734,517.5785438764659
667.5999999999734,0.0
667.6999999999734,0.0
667.7999999999734,0.0
667.8999999999734,0.0
667.9999999999734,0.0
668.0999999999734,0.0
668.1999999999734,0.0
668.2999999999734,0.0
668.3999999999734,0.0
668.4999999999734,0.0
668.5999999999733,0.0
668.6999999999733,0.0
668.7999999999734,0.0
668.8999999999734,0.0
668.9999999999734,0.0
669.0999999999733,895.1563678028217
669.1999999999733,4327.259037708907
669.2999999999734,18490.45708050531
669.3999999999733,72297.07741778417
669.4999999999733,245833.19695133416
669.5999999999733,747486.0532998512
669.6999999999733,2035662.9031080839
669.7999999999734,5002537.805901916
669.8999999999733,11180364.535715144
669.9999999999733,22925074.739497863
670.0999999999733,43484396.40125726
670.1999999999732,76734156.84827852
670.2999999999732,126151871.8693482
670.3999999999733,192613318.59008953
670.4999999999733,271384746.0430698
670.5999999999733,350168524.31478304
670.6999999999732,410832596.9981648
670.7999999999732,435779075.66425216
670.8999999999733,416193625.0375184
670.9999999999732,356916750.29777014
671.0999999999732,274371862.3700826
671.1999999999732,188869204.17696995
671.2999999999732,116343539.06955093
671.3999999999733,64100876.71963545
671.4999999999732,31573061.633281574
671.5999999999732,13895218.077643044
671.6999999999732,5460527.811997505
671.7999999999731,1914734.512527638
671.8999999999731,598531.575583046
671.9999999999732,166699.007867569
672.0999999999732,41322.807326843926
672.1999999999732,9109.6470769074
672.2999999999731,1575.4682098122848
672.3999999999731,0.0
672.4999999999732,0.0
672.5999999999731,0.0
672.6999999999731,0.0
672.7999999999731,0.0
672.8999999999731,0.0
672.9999999999732,0.0
673.0999999999731,0.0
673.1999999999731,0.0
673.2999999999731,0.0
673.399999999973,0.0
673.499999999973,0.0
673.5999999999731,0.0
673.6999999999731,0.0
673.7999999999731,0.0
673.899999999973,0.0
673.999999999973,0.0
674.0999999999731,0.0
674.199999999973,0.0
674.299999999973,0.0
674.399999999973,0.0
674.499999999973,0.0
674.5999999999731,0.0
674.699999999973,0.0
674.799999999973,0.0
674.899999999973,0.0
674.9999999999729,0.0
675.099999999973,0.0
675.199999999973,0.0
675.299999999973,0.0
675.399999999973,0.0
675.4999999999729,0.0
675.599999999973,0.0
675.699999999973,0.0
675.7999999999729,0.0
675.8999999999729,0.0
675.9999999999729,0.0
676.099999999973,0.0
676.199999999973,0.0
676.2999999999729,0.0
676.3999999999729,0.0
676.4999999999729,0.0
676.5999999999729,0.0
676.6999999999729,0.0
676.7999999999729,0.0
676.8999999999729,0.0
676.9999999999729,0.0
677.0999999999729,0.0
677.1999999999729,0.0
677.2999999999729,0.0
677.3999999999728,0.0
677.4999999999728,0.0
677.5999999999729,0.0
677.6999999999729,0.0
677.7999999999729,0.0
677.8999999999728,0.0
677.9999999999728,0.0
678.0999999999729,0.0
678.1999999999728,0.0
678.2999999999728,0.0
678.3999999999728,0.0
678.4999999999728,0.0
678.5999999999729,0.0
678.6999999999728,0.0
678.7999999999728,0.0
678.8999999999728,0.0
678.9999999999727,0.0
679.0999999999727,0.0
679.1999999999728,0.0
679.2999999999728,0.0
679.3999999999728,0.0
679.4999999999727,0.0
679.5999999999727,0.0
679.6999999999728,0.0
679.7999999999727,0.0
679.8999999999727,0.0
679.9999999999727,0.0
680.0999999999727,0.0
680.1999999999728,0.0
680.2999999999727,0.0
680.3999999999727,0.0
680.4999999999727,0.0
680.5999999999726,0.0
680.6999999999726,0.0
680.7999999999727,0.0
680.8999999999727,0.0
680.9999999999727,0.0
681.0999999999726,0.0
681.1999999999726,0.0
681.2999999999727,0.0
681.3999999999726,0.0
681.4999999999726,0.0
681.5999999999726,0.0
681.6999999999726,0.0
681.7999999999727,0.0
681.8999999999726,0.0
681.9999999999726,0.0
682.0999999999726,0.0
682.1999999999725,0.0
682.2999999999726,0.0
682.3999999999726,0.0
682.4999999999726,0.0
682.5999999999726,0.0
682.6999999999725,0.0
682.7999999999726,0.0
682.8999999999726,0.0
682.9999999999725,0.0
683.0999999999725,0.0
683.1999999999725,0.0
683.2999999999726,0.0
683.3999999999726,0.0
683.4999999999725,0.0
683.5999999999725,0.0
683.6999999999725,0.0
683.7999999999724,0.0
683.8999999999725,0.0
683.9999999999725,0.0
684.0999999999725,0.0
684.1999999999725,0.0
684.2999999999724,0.0
684.3999999999725,0.0
684.4999999999725,0.0
684.5999999999724,0.0
684.6999999999724,0.0
684.7999999999724,0.0
684.8999999999725,0.0
684.9999999999725,0.0
685.0999999999724,0.0
685.1999999999724,0.0
685.2999999999724,0.0
685.3999999999724,0.0
685.4999999999724,0.0
685.5999999999724,0.0
685.6999999999724,0.0
685.7999999999724,0.0
685.8999999999724,0.0
685.9999999999724,0.0
686.0999999999724,0.0
686.1999999999723,0.0
686.2999999999723,0.0
686.3999999999724,0.0
686.4999999999724,0.0
686.5999999999724,0.0
686.6999999999723,0.0
686.7999999999723,0.0
686.8999999999724,0.0
686.9999999999723,0.0
687.0999999999723,0.0
687.1999999999723,0.0
687.2999999999723,0.0
687.3999999999724,0.0
687.4999999999723,0.0
687.5999999999723,0.0
687.6999999999723,0.0
687.7999999999722,0.0
687.8999999999722,0.0
687.9999999999723,0.0
688.0999999999723,0.0
688.1999999999723,0.0
688.2999999999722,0.0
688.3999999999722,0.0
688.4999999999723,0.0
688.5999999999722,0.0
688.6999999999722,0.0
688.7999999999722,0.0
688.8999999999722,0.0
688.9999999999723,0.0
689.0999999999722,0.0
689.1999999999722,0.0
689.2999999999722,0.0
689.3999999999721,0.0
689.4999999999721,0.0
689.5999999999722,0.0
689.6999999999722,0.0
689.7999999999722,0.0
689.8999999999721,0.0
689.9999999999721,0.0
690.0999999999722,0.0
690.1999999999721,0.0
690.2999999999721,0.0
690.3999999999721,0.0
690.4999999999721,0.0
690.5999999999722,0.0
690.6999999999721,0.0
690.7999999999721,0.0
690.8999999999721,0.0
690.999999999972,0.0
691.099999999972,2588.5937102159164
691.1999999999721,12249.352703342754
691.2999999999721,51661.328330257165
691.3999999999721,194189.40331822878
691.499999999972,650574.7583735316
691.599999999972,1942605.5993191842
691.6999999999721,5170013.099031577
691.799999999972,12263709.737493508
691.899999999972,25928578.562016815
691.999999999972,48861338.886233464
692.099999999972,82070062.10058975
692.1999999999721,122868224.4307055
692.299999999972,163957855.8575905
692.399999999972,195013568.8373376
692.499999999972,206746999.3046112
692.5999999999719,195369568.64350885
692.699999999972,164558061.96245036
692.799999999972,123545481.6859774
692.899999999972,82676222.01989976
692.999999999972,49315189.68455601
693.0999999999719,26219661.32770554
693.199999999972,12425657.17841893
693.299999999972,5248762.154472943
693.3999999999719,1976235.3217684429
693.4999999999719,663228.7603040576
693.5999999999719,198394.37820307637
693.699999999972,52897.45552872249
693.799999999972,12571.219739930963
693.8999999999719,2662.8996322636476
693.9999999999719,0.0
694.0999999999719,0.0
694.1999999999719,0.0
694.2999999999719,0.0
694.3999999999719,0.0
694.4999999999719,0.0
694.5999999999719,0.0
694.6999999999719,0.0
694.7999999999719,0.0
694.8999999999719,0.0
694.9999999999718,0.0
695.0999999999718,0.0
695.1999999999719,0.0
695.2999999999719,0.0
695.3999999999719,0.0
695.4999999999718,0.0
695.5999999999718,0.0
695.6999999999719,0.0
695.7999999999718,0.0
695.8999999999718,0.0
695.9999999999718,0.0
696.0999999999718,0.0
696.1999999999719,0.0
696.2999999999718,0.0
696.3999999999718,0.0
696.4999999999718,0.0
696.5999999999717,0.0
696.6999999999717,0.0
696.7999999999718,0.0
696.8999999999718,0.0
696.9999999999718,0.0
697.0999999999717,0.0
697.1999999999717,0.0
697.2999999999718,0.0
697.3999999999717,0.0
697.4999999999717,0.0
697.5999999999717,0.0
697.6999999999717,0.0
697.7999999999718,0.0
697.8999999999717,0.0
697.9999999999717,0.0
698.0999999999717,0.0
698.1999999999716,0.0
698.2999999999716,0.0
698.3999999999717,0.0
698.4999999999717,0.0
698.5999999999717,0.0
698.6999999999716,0.0
698.7999999999716,0.0
698.8999999999717,0.0
698.9999999999716,0.0
699.0999999999716,0.0
699.1999999999716,0.0
699.2999999999716,0.0
699.3999999999717,0.0
699.4999999999716,0.0
699.5999999999716,0.0
699.6999999999716,0.0
699.7999999999715,0.0
699.8999999999716,0.0
699.9999999999716,0.0
700.0999999999716,0.0
700.1999999999716,0.0
700.2999999999715,0.0
700.3999999999716,0.0
700.4999999999716,0.0
700.5999999999715,0.0
700.6999999999715,0.0
700.7999999999715,0.0
700.8999999999716,773.4840354173214
700.9999999999716,3812.0746615347466
701.0999999999715,16790.153480042463
701.1999999999715,66089.30103457728
701.2999999999715,232482.82592096628
701.3999999999714,730859.3676258479
701.4999999999715,2053335.8236326538
701.5999999999715,5155483.189255968
701.6999999999715,11568098.836633738
701.7999999999715,23197320.91121438
701.8999999999714,41571614.86110684
701.9999999999715,66579293.788953885
702.0999999999715,95293811.50305356
702.1999999999714,121891504.11406471
702.2999999999714,139336660.96186355
702.3999999999714,142344465.6068148
702.4999999999715,129956796.79722075
702.5999999999715,106032898.81732285
702.6999999999714,77315308.95696145
702.7999999999714,50381788.59669091
702.8999999999714,29340323.055171728
702.9999999999714,15270013.677695386
703.0999999999714,7102493.974492425
703.1999999999714,2953273.9744618232
703.2999999999714,1101697.9346021733
703.3999999999714,384416.56391292997
703.4999999999714,181235.97104844893
703.5999999999714,264180.9051406603
703.6999999999714,684369.5943483992
703.7999999999713,1744634.0287402528
703.8999999999713,4010709.5625495464
703.9999999999714,8252532.708748897
704.0999999999714,15186042.819863746
704.1999999999714,24991556.821202822
704.2999999999713,36781829.46931741
704.3999999999713,48413297.84731441
704.4999999999714,56988514.009771094
704.5999999999713,59993102.717461966
704.6999999999713,56481554.21787386
704.7999999999713,47555776.71087023
704.8999999999713,35808921.79508382
704.9999999999714,24114070.98152181
705.0999999999713,14522492.144704893
705.1999999999713,7821734.864493448
705.2999999999713,3767526.846213716
705.3999999999712,1623174.9048335825
705.4999999999712,626344.8184551033
705.5999999999713,220067.64499104832
705.6999999999713,83727.25804593455
705.7999999999713,76155.9352241725
705.8999999999712,177177.44267615373
705.9999999999712,462102.92367909837
706.0999999999713,1102017.932349342
706.1999999999712,2357063.614495349
706.2999999999712,4511823.484749614
706.3999999999712,7729137.823755712
706.4999999999712,11849721.873922603
706.5999999999713,16258610.126790779
706.6999999999712,19964426.1433732
706.7999999999712,21939584.58292629
706.8999999999712,21577350.85015785
706.9999999999711,18991794.435607757
707.0999999999711,14960015.135039987
707.1999999999712,10546205.250512116
707.2999999999712,6653628.675281082
707.3999999999712,3756808.479006307
707.4999999999711,1898356.2003007198
707.5999999999711,858488.5539568632
707.6999999999712,347447.72124718106
707.7999999999711,125846.9169830174
707.8999999999711,40793.77046724533
707.9999999999711,11834.318944470937
708.0999999999711,3072.4926019580907
708.1999999999712,713.8986758669757
708.2999999999711,148.45008870192677
708.3999999999711,0.0
708.4999999999711,0.0
708.599999999971,0.0
708.699999999971,0.0
708.7999999999711,0.0
708.8999999999711,0.0
708.9999999999711,0.0
709.099999999971,0.0
709.199999999971,0.0
709.2999999999711,0.0
709.399999999971,0.0
709.499999999971,0.0
709.599999999971,0.0
709.699999999971,0.0
709.7999999999711,0.0
709.899999999971,0.0
709.999999999971,0.0
710.099999999971,0.0
710.1999999999709,0.0
710.299999999971,0.0
710.399999999971,0.0
710.499999999971,0.0
710.599999999971,0.0
710.6999999999709,0.0
710.799999999971,0.0
710.899999999971,0.0
710.9999999999709,0.0
711.0999999999709,0.0
711.1999999999709,0.0
711.299999999971,0.0
711.399999999971,0.0
711.4999999999709,0.0
711.5999999999709,0.0
711.6999999999709,0.0
711.7999999999709,0.0
711.8999999999709,0.0
711.9999999999709,0.0
712.0999999999709,0.0
712.1999999999709,0.0
712.2999999999709,0.0
712.3999999999709,0.0
712.4999999999709,0.0
712.5999999999708,0.0
712.6999999999708,0.0
712.7999999999709,0.0
712.8999999999709,0.0
712.9999999999709,0.0
713.0999999999708,0.0
713.1999999999708,0.0
713.2999999999709,0.0
713.3999999999708,0.0
713.4999999999708,0.0
713.5999999999708,0.0
713.6999999999708,0.0
713.7999999999709,0.0
713.8999999999708,0.0
713.9999999999708,0.0
714.0999999999708,0.0
714.1999999999707,0.0
714.2999999999707,0.0
714.3999999999708,0.0
714.4999999999708,0.0
714.5999999999708,0.0
714.6999999999707,1716.1863000075425
714.7999999999707,7565.7524750206885
714.8999999999708,29935.056466048718
714.9999999999707,106303.67778117835
715.0999999999707,338810.4162647929
715.1999999999707,969182.2965109439
715.2999999999707,2488252.486162555
715.3999999999708,5733550.949237719
715.4999999999707,11857500.74826575
715.5999999999707,22009131.267282825
715.6999999999707,36665101.858146906
715.7999999999706,54820519.43861713
715.8999999999706,73565408.68288589
715.9999999999707,88602181.0991955
716.0999999999707,95775720.80865185
716.1999999999707,92919465.01023142
716.2999999999706,80909259.68190534
716.3999999999706,63230994.054943
716.4999999999707,44350860.11269428
716.5999999999706,27919930.907228205
716.6999999999706,15774909.88547123
716.7999999999706,7999441.929335398
716.8999999999706,3640765.845738111
716.9999999999707,1487188.6487701398
717.0999999999706,545229.8580470054
717.1999999999706,179404.55065946162
717.2999999999706,52981.90068692418
717.3999999999705,14043.063797809193
717.4999999999706,3340.6921666853646
717.5999999999706,713.2656408729613
717.6999999999706,0.0
717.7999999999706,0.0
717.8999999999705,0.0
717.9999999999706,0.0
718.0999999999706,0.0
718.1999999999705,0.0
718.2999999999705,0.0
718.3999999999705,0.0
718.4999999999706,0.0
718.5999999999706,0.0
718.6999999999705,0.0
718.7999999999705,0.0
718.8999999999705,0.0
718.9999999999704,0.0
719.0999999999705,0.0
719.1999999999705,0.0
719.2999999999705,0.0
719.3999999999705,0.0
719.4999999999704,0.0
719.5999999999705,0.0
719.6999999999705,0.0
719.7999999999704,0.0
719.8999999999704,0.0
719.9999999999704,0.0
720.0999999999705,0.0
720.1999999999705,0.0
720.2999999999704,0.0
720.3999999999704,0.0
720.4999999999704,0.0
720.5999999999704,0.0
720.6999999999704,0.0
720.7999999999704,0.0
720.8999999999704,0.0
720.9999999999704,0.0
721.0999999999704,0.0
721.1999999999704,0.0
721.2999999999704,0.0
721.3999999999703,0.0
721.4999999999703,0.0
721.5999999999704,0.0
721.6999999999704,0.0
721.7999999999704,0.0
721.8999999999703,0.0
721.9999999999703,0.0
722.0999999999704,0.0
722.1999999999703,0.0
722.2999999999703,0.0
722.3999999999703,0.0
722.4999999999703,0.0
722.5999999999704,0.0
722.6999999999703,0.0
722.7999999999703,0.0
722.8999999999703,0.0
722.9999999999702,0.0
723.0999999999702,0.0
723.1999999999703,0.0
723.2999999999703,0.0
723.3999999999703,0.0
723.4999999999702,0.0
723.5999999999702,0.0
723.6999999999703,0.0
723.7999999999702,0.0
723.8999999999702,0.0
723.9999999999702,0.0
724.0999999999702,0.0
724.1999999999703,1009.2952239898067
724.2999999999702,4463.535658143454
724.3999999999702,17766.694569695388
724.4999999999702,63650.39476013687
724.5999999999701,205240.18807351677
724.6999999999701,595649.1738324744
724.7999999999702,1555913.7575430104
724.8999999999702,3658030.610745131
724.9999999999702,7740624.2679638555
725.0999999999701,14742511.538430188
725.1999999999701,25271661.910788372
725.2999999999702,38990873.68381383
725.3999999999701,54145076.03081259
725.4999999999701,67673993.66947445
725.5999999999701,76129237.90318291
725.6999999999701,77081116.2899611
725.7999999999702,70244341.57102597
725.8999999999701,57615791.7017369
725.9999999999701,42534228.43355039
726.0999999999701,28261969.392953943
726.19999999997,16901806.35415529
726.29999999997,9097680.04015171
726.3999999999701,4407527.528412364
726.4999999999701,1921879.9030523144
726.5999999999701,754265.5887356143
726.69999999997,266433.71557128086
726.79999999997,84707.31291378633
726.8999999999701,24239.266107960302
726.99999999997,6242.878248501917
727.09999999997,1447.161836755751
727.19999999997,301.9368879630959
727.29999999997,0.0
727.3999999999701,0.0
727.49999999997,0.0
727.59999999997,0.0
727.69999999997,0.0
727.7999999999699,0.0
727.89999999997,0.0
727.99999999997,0.0
728.09999999997,0.0
728.19999999997,0.0
728.2999999999699,0.0
728.39999999997,0.0
728.49999999997,0.0
728.5999999999699,0.0
728.6999999999699,0.0
728.7999999999699,0.0
728.89999999997,0.0
728.99999999997,0.0
729.0999999999699,0.0
729.1999999999699,0.0
729.2999999999699,0.0
729.3999999999699,0.0
729.4999999999699,0.0
729.5999999999699,0.0
729.6999999999699,0.0
729.7999999999699,0.0
729.8999999999699,0.0
729.9999999999699,0.0
730.0999999999699,0.0
730.1999999999698,0.0
730.2999999999698,0.0
730.3999999999699,0.0
730.4999999999699,0.0
730.5999999999699,0.0
730.6999999999698,0.0
730.7999999999698,0.0
730.8999999999699,0.0
730.9999999999698,0.0
731.0999999999698,0.0
731.1999999999698,0.0
731.2999999999698,0.0
731.3999999999699,0.0
731.4999999999698,0.0
731.5999999999698,0.0
731.6999999999698,0.0
731.7999999999697,0.0
731.8999999999697,0.0
731.9999999999698,0.0
732.0999999999698,0.0
732.1999999999698,0.0
732.2999999999697,0.0
732.3999999999697,0.0
732.4999999999698,0.0
732.5999999999697,0.0
732.6999999999697,0.0
732.7999999999697,0.0
732.8999999999697,0.0
732.9999999999698,599.7265618374753
733.0999999999697,2753.5487345004644
733.1999999999697,11407.67360090083
733.2999999999697,42644.815680769854
733.3999999999696,143846.80914136596
733.4999999999696,437823.4911022055
733.5999999999697,1202438.082824678
733.6999999999697,2979828.168718553
733.7999999999697,6663226.188710699
733.8999999999696,13444440.28914877
733.9999999999696,24477425.263653748
734.0999999999697,40211805.72800663
734.1999999999696,59608233.84414448
734.2999999999696,79730367.97709556
734.3999999999696,96229032.36607085
734.4999999999696,104798074.91230504
734.5999999999697,102982949.71817556
734.6999999999696,91315012.96609367
734.7999999999696,73060708.44243458
734.8999999999696,52746106.701330185
734.9999999999695,34360681.96568753
735.0999999999696,20197516.730527066
735.1999999999696,10712701.755847141
735.2999999999696,5127018.538857303
735.3999999999696,2214091.6665975833
735.4999999999695,862762.2667015976
735.5999999999696,303355.25608572224
735.6999999999696,96244.68189874702
735.7999999999695,27552.866925605707
735.8999999999695,7117.405077417513
735.9999999999695,1658.9809874691798
736.0999999999696,0.0
736.1999999999696,0.0
736.2999999999695,0.0
736.3999999999695,414.0635127831114
736.4999999999695,1938.4517561854598
736.5999999999694,8196.381885811068
736.6999999999695,31301.74335031825
736.7999999999695,107967.74256023965
736.8999999999695,336355.6050712491
736.9999999999695,946416.8650806863
737.0999999999694,2405168.048089916
737.1999999999695,5520615.927831173
737.2999999999695,11444815.498885674
737.3999999999694,21429360.502305634
737.4999999999694,36240049.27301837
737.5999999999694,55353807.79292661
737.6999999999695,76363421.10681847
737.7999999999695,95148600.62439771
737.8999999999694,107077589.88343439
737.9999999999694,108836338.55792461
738.0999999999694,99914475.24818063
738.1999999999694,82844189.621874
738.2999999999694,62040437.20855205
738.3999999999694,41963026.059957266
738.4999999999694,25635270.30683547
738.5999999999694,14144518.139465604
738.6999999999694,7048838.594951614
738.7999999999694,3172678.9616442253
738.8999999999694,1289774.6735606338
738.9999999999693,473566.2178115896
739.0999999999693,157045.9485004017
739.1999999999694,47038.33199542384
739.2999999999694,12724.954630158409
739.3999999999694,3109.1360437375265
739.4999999999693,686.123606620819
739.5999999999693,0.0
739.6999999999694,0.0
739.7999999999693,0.0
739.8999999999693,0.0
739.9999999999693,0.0
740.0999999999693,0.0
740.1999999999694,0.0
740.2999999999693,0.0
740.3999999999693,0.0
740.4999999999693,0.0
740.5999999999692,0.0
740.6999999999692,0.0
740.7999999999693,0.0
740.8999999999693,0.0
740.9999999999693,0.0
741.0999999999692,0.0
741.1999999999692,0.0
741.2999999999693,0.0
741.3999999999692,0.0
741.4999999999692,0.0
741.5999999999692,0.0
741.6999999999692,0.0
741.7999999999693,0.0
741.8999999999692,0.0
741.9999999999692,0.0
742.0999999999692,0.0
742.1999999999691,0.0
742.2999999999691,0.0
742.3999999999692,0.0
742.4999999999692,0.0
742.5999999999692,0.0
742.6999999999691,0.0
742.7999999999691,0.0
742.8999999999692,0.0
742.9999999999691,0.0
743.0999999999691,0.0
743.1999999999691,0.0
743.2999999999691,0.0
743.3999999999692,0.0
743.4999999999691,0.0
743.5999999999691,0.0
743.6999999999691,0.0
743.799999999969,0.0
743.899999999969,0.0
743.9999999999691,0.0
744.0999999999691,0.0
744.1999999999691,0.0
744.299999999969,0.0
744.399999999969,0.0
744.4999999999691,0.0
744.599999999969,0.0
744.699999999969,0.0
744.799999999969,0.0
744.899999999969,0.0
744.9999999999691,0.0
745.099999999969,0.0
745.199999999969,0.0
745.299999999969,0.0
745.3999999999689,0.0
745.499999999969,0.0
745.599999999969,0.0
745.699999999969,0.0
745.799999999969,0.0
745.8999999999689,0.0
745.999999999969,0.0
746.099999999969,0.0
746.1999999999689,0.0
746.2999999999689,0.0
746.3999999999689,0.0
746.499999999969,0.0
746.599999999969,0.0
746.6999999999689,0.0
746.7999999999689,0.0
746.8999999999689,0.0
746.9999999999688,0.0
747.0999999999689,0.0
747.1999999999689,0.0
747.2999999999689,0.0
747.3999999999689,0.0
747.4999999999688,0.0
747.5999999999689,0.0
747.6999999999689,0.0
747.7999999999688,0.0
747.8999999999688,0.0
747.9999999999688,0.0
748.0999999999689,0.0
748.1999999999689,0.0
748.2999999999688,0.0
748.3999999999688,0.0
748.4999999999688,0.0
748.5999999999688,0.0
748.6999999999688,0.0
748.7999999999688,0.0
748.8999999999688,0.0
748.9999999999688,0.0
749.0999999999688,0.0
749.1999999999688,0.0
749.2999999999688,0.0
749.3999999999687,0.0
749.4999999999687,0.0
749.5999999999688,0.0
749.6999999999688,0.0
749.7999999999688,0.0
749.8999999999687,0.0
749.9999999999687,0.0
750.0999999999688,0.0
750.1999999999687,0.0
750.2999999999687,0.0
750.3999999999687,0.0
750.4999999999687,0.0
750.5999999999688,0.0
750.6999999999687,0.0
750.7999999999687,0.0
750.8999999999687,0.0
750.9999999999686,0.0
751.0999999999686,0.0
751.1999999999687,0.0
751.2999999999687,0.0
751.3999999999687,0.0
751.4999999999686,0.0
751.5999999999686,0.0
751.6999999999687,0.0
751.7999999999686,0.0
751.8999999999686,0.0
751.9999999999686,0.0
752.0999999999686,0.0
752.1999999999687,0.0
752.2999999999686,0.0
752.3999999999686,0.0
752.4999999999686,0.0
752.5999999999685,0.0
752.6999999999686,0.0
752.7999999999686,0.0
752.8999999999686,0.0
752.9999999999686,0.0
753.0999999999685,0.0
753.1999999999686,940.4512671472779
753.2999999999686,3885.9179886685915
753.3999999999685,14567.003273660801
753.4999999999685,49541.14700164433
753.5999999999685,152855.5279196708
753.6999999999686,427873.60249645764
753.7999999999686,1086598.4731155464
753.8999999999685,2503467.3952295757
753.9999999999685,5232798.855669511
754.0999999999685,9923054.922612822
754.1999999999684,17071669.778063115
754.2999999999685,26645621.855442565
754.3999999999685,37730709.4607582
754.4999999999685,48471151.26516986
754.5999999999685,56492520.3851917
754.6999999999684,59733480.33421951
754.7999999999685,57301229.43973882
754.8999999999685,49868845.41545015
754.9999999999684,39374399.09659405
755.0999999999684,28204461.80431887
755.1999999999684,18329091.842504364
755.2999999999685,10806457.011687018
755.3999999999685,5780227.946215276
755.4999999999684,2804954.707741905
755.5999999999684,1234883.5148077956
755.6999999999684,493225.34519270714
755.7999999999683,178724.4751016159
755.8999999999684,58754.60724256746
755.9999999999684,17523.428347834855
756.0999999999684,4741.49698943409
756.1999999999684,1163.9414476618472
756.2999999999683,259.21852819089855
756.3999999999684,0.0
756.4999999999684,0.0
756.5999999999683,0.0
756.6999999999683,0.0
756.7999999999683,0.0
756.8999999999684,0.0
756.9999999999684,0.0
757.0999999999683,0.0
757.1999999999683,0.0
757.2999999999683,0.0
757.3999999999683,0.0
757.4999999999683,0.0
757.5999999999683,0.0
757.6999999999683,0.0
757.7999999999683,0.0
757.8999999999683,0.0
757.9999999999683,0.0
758.0999999999683,0.0
758.1999999999682,0.0
758.2999999999682,0.0
758.3999999999683,0.0
758.4999999999683,0.0
758.5999999999683,0.0
758.6999999999682,0.0
758.7999999999682,0.0
758.8999999999683,0.0
758.9999999999682,0.0
759.0999999999682,0.0
759.1999999999682,0.0
759.2999999999682,0.0
759.3999999999683,0.0
759.4999999999682,0.0
759.5999999999682,0.0
759.6999999999682,0.0
759.7999999999681,0.0
759.8999999999681,0.0
759.9999999999682,0.0
760.0999999999682,0.0
760.1999999999682,0.0
760.2999999999681,0.0
760.3999999999681,0.0
760.4999999999682,0.0
760.5999999999681,0.0
760.6999999999681,0.0
760.7999999999681,0.0
760.8999999999681,0.0
760.9999999999682,0.0
761.0999999999681,0.0
761.1999999999681,0.0
761.2999999999681,0.0
761.399999999968,0.0
761.499999999968,0.0
761.5999999999681,0.0
761.6999999999681,0.0
761.7999999999681,0.0
761.899999999968,0.0
761.999999999968,0.0
762.0999999999681,0.0
762.199999999968,0.0
762.299999999968,0.0
762.399999999968,0.0
762.499999999968,0.0
762.5999999999681,0.0
762.699999999968,0.0
762.799999999968,0.0
762.899999999968,0.0
762.9999999999679,0.0
763.099999999968,0.0
763.199999999968,0.0
763.299999999968,0.0
763.399999999968,0.0
763.4999999999679,0.0
763.599999999968,0.0
763.699999999968,0.0
763.7999999999679,0.0
763.8999999999679,0.0
763.9999999999679,0.0
764.099999999968,0.0
764.199999999968,0.0
764.2999999999679,0.0
764.3999999999679,0.0
764.4999999999679,0.0
764.5999999999678,0.0
764.6999999999679,0.0
764.7999999999679,0.0
764.8999999999679,1221.622394706558
764.9999999999679,5225.876142067466
765.0999999999678,20341.847481705398
765.1999999999679,72049.47652566202
765.2999999999679,232209.73374233913
765.3999999999678,680987.5401689926
765.4999999999678,1817218.1499705121
765.5999999999678,4412493.924457103
765.6999999999679,9749230.302193636
765.7999999999679,19600434.262131326
765.8999999999678,35856691.288324945
765.9999999999678,59687568.22022687
766.0999999999678,90407969.02813335
766.1999999999678,124605925.61062029
766.2999999999678,156271518.67143035
766.3999999999678,178332346.6665706
766.4999999999678,185178077.4493557
766.5999999999678,174967816.41861892
766.6999999999678,150430509.8955206
766.7999999999678,117685467.77354492
766.8999999999678,83775861.56111
766.9999999999677,54265539.176874995
767.0999999999677,31984421.253315426
767.1999999999678,17153866.490273222
767.2999999999678,8371334.75869559
767.3999999999678,3717376.4843197223
767.4999999999677,1502060.896348384
767.5999999999677,552265.212451762
767.6999999999678,184763.8442353409
767.7999999999677,56246.49265125935
767.8999999999677,15580.55980950255
767.9999999999677,3927.1711063940743
768.0999999999677,900.7115763166382
768.1999999999678,0.0
768.2999999999677,605.5175520621891
768.3999999999677,2572.980502432214
768.4999999999677,9956.744189489233
768.5999999999676,35088.86323651495
768.6999999999676,112613.98932547997
768.7999999999677,329144.41000296007
768.8999999999677,876096.0438256266
768.9999999999677,2123674.978151144
769.0999999999676,4688084.98924941
769.1999999999676,9424840.254471088
769.2999999999677,17255343.726281404
769.3999999999676,28770295.805474985
769.4999999999676,43685381.713771716
769.5999999999676,60408637.14131753
769.6999999999676,76073436.67164785
769.7999999999677,87244514.45820917
769.8999999999676,91120127.57567829
769.9999999999676,86668564.54532015
770.0999999999676,75072345.25629315
770.1999999999675,59220143.934059724
770.2999999999676,42543187.82757223
770.3999999999676,27833107.376543507
770.4999999999676,16583051.761435142
770.5999999999676,8997840.967405712
770.6999999999675,4446141.344144257
770.7999999999676,2000779.883828333
770.8999999999676,819948.2720501866
770.9999999999675,306016.3938492624
771.0999999999675,104009.74376513691
771.1999999999675,32193.96408638874
771.2999999999676,9074.98632733247
771.3999999999676,2329.6388431496393
771.4999999999675,544.6309452150637
771.5999999999675,0.0
771.6999999999675,0.0
771.7999999999674,0.0
771.8999999999675,0.0
771.9999999999675,0.0
772.0999999999675,0.0
772.1999999999675,0.0
772.2999999999674,0.0
772.3999999999675,0.0
772.4999999999675,0.0
772.5999999999674,0.0
772.6999999999674,0.0
772.7999999999674,0.0
772.8999999999675,232.0600734408111
772.9999999999675,969.8058191173559
773.0999999999674,3695.0598920085204
773.1999999999674,12835.432722656366
773.2999999999674,40649.18881585051
773.3999999999673,117366.8876716759
773.4999999999674,308952.43969195377
773.5999999999674,741463.8912465944
773.6999999999674,1622335.6779867357
773.7999999999674,3236262.7050939626
773.8999999999673,5885713.98430247
773.9999999999674,9759034.992837487
774.0999999999674,14752544.483026959
774.1999999999673,20331963.740848605
774.2999999999673,25547244.02401773
774.3999999999673,29265848.648534045
774.4999999999674,30565431.013732947
774.5999999999674,29103971.903541543
774.6999999999673,25265409.21382689
774.7999999999673,19996442.888911117
774.8999999999673,14428842.525438242
774.9999999999673,9492105.930034233
775.0999999999673,5693063.067544984
775.1999999999673,3113018.8452457907
775.2999999999673,1552189.2893643668
775.3999999999673,706486.7777073616
775.4999999999673,296619.8844863126
775.5999999999673,125637.47696974936
775.6999999999673,86736.10867004635
775.7999999999672,154142.2949347572
775.8999999999672,382150.55008491036
775.9999999999673,921058.0460861186
776.0999999999673,2039612.890379727
776.1999999999673,4123262.8480080897
776.2999999999672,7604689.685959886
776.3999999999672,12794518.834685862
776.4999999999673,19636695.399130743
776.5999999999672,27492537.97840596
776.6999999999672,35112620.975857005
776.7999999999672,40908508.72274023
776.8999999999672,43477647.00772566
776.9999999999673,42152215.03310103
777.0999999999672,37280073.04036724
777.1999999999672,30077039.954944614
777.2999999999672,22135809.85442732
777.3999999999671,14861331.545514178
777.4999999999671,9101689.491326218
777.5999999999672,5084968.794491392
777.6999999999672,2591531.8671800583
777.7999999999672,1204832.8488877919
777.8999999999671,510974.2684543378
777.9999999999671,197684.78561421373
778.0999999999672,69766.90322958797
778.1999999999671,22460.924655903036
778.2999999999671,6596.412416837516
778.3999999999671,1767.2173011979041
778.4999999999671,431.89093975291297
778.5999999999672,0.0
778.6999999999671,0.0
778.7999999999671,0.0
778.8999999999671,0.0
778.999999999967,0.0
779.099999999967,0.0
779.1999999999671,0.0
779.2999999999671,0.0
779.3999999999671,0.0
779.499999999967,0.0
779.599999999967,0.0
779.6999999999671,0.0
779.799999999967,0.0
779.899999999967,0.0
779.999999999967,0.0
780.099999999967,0.0
780.1999999999671,0.0
780.299999999967,0.0
780.399999999967,0.0
780.499999999967,506.9240254906656
780.5999999999669,2134.7491696600337
780.699999999967,8210.764198999848
780.799999999967,28843.83848993074
780.899999999967,92545.49410766209
780.999999999967,271200.3528698484
781.0999999999669,725868.5340293881
781.199999999967,1774428.23279802
781.299999999967,3961791.8634911645
781.3999999999669,8079000.237942078
781.4999999999669,15047853.04374952
781.5999999999669,25599429.006332967
781.699999999967,39778751.52725362
781.799999999967,56465134.33844173
781.8999999999669,73235015.25683782
781.9999999999669,86836326.49878651
782.0999999999669,94248539.48167504
782.1999999999668,93907135.46941586
782.2999999999669,86463222.73642361
782.3999999999669,74628363.8019443
782.4999999999669,62137053.12226717
782.5999999999669,52324392.79099428
782.6999999999668,46972587.77518229
782.7999999999669,45881950.79243062
782.8999999999669,47248161.334316105
782.9999999999668,48591835.41547426
783.0999999999668,47807511.49511763
783.1999999999668,43905057.73180299
783.2999999999669,37189574.05078654
783.3999999999669,28897725.698917214
783.4999999999668,20549985.158715397
783.5999999999668,13360411.790597316
783.6999999999668,7937756.485031263
783.7999999999668,4308537.847193966
783.8999999999668,2136820.961095117
783.9999999999668,968129.3841781861
784.0999999999668,400705.876871164
784.1999999999668,151511.3143594156
784.2999999999668,52334.90775679988
784.3999999999668,16514.48002110365
784.4999999999668,4760.64051629475
784.5999999999667,1253.6979522506638
784.6999999999667,301.61121639646007
784.7999999999668,0.0
784.8999999999668,0.0
784.9999999999668,0.0
785.0999999999667,0.0
785.1999999999667,0.0
785.2999999999668,0.0
785.3999999999667,0.0
785.4999999999667,0.0
785.5999999999667,0.0
785.6999999999667,0.0
785.7999999999668,0.0
785.8999999999667,0.0
785.9999999999667,0.0
786.0999999999667,0.0
786.1999999999666,0.0
786.2999999999666,0.0
786.3999999999667,0.0
786.4999999999667,0.0
786.5999999999667,0.0
786.6999999999666,0.0
786.7999999999666,0.0
786.8999999999667,0.0
786.9999999999666,0.0
787.0999999999666,0.0
787.1999999999666,0.0
787.2999999999666,0.0
787.3999999999667,0.0
787.4999999999666,0.0
787.5999999999666,0.0
787.6999999999666,0.0
787.7999999999665,0.0
787.8999999999666,0.0
787.9999999999666,0.0
788.0999999999666,0.0
788.1999999999666,0.0
788.2999999999665,267.71200973772204
788.3999999999666,1091.0416123679454
788.4999999999666,4068.371737761853
788.5999999999665,13880.521900733433
788.6999999999665,43330.81083355527
788.7999999999665,123763.81539657063
788.8999999999666,323442.00165822025
788.9999999999666,773401.474821808
789.0999999999665,1692074.299093082
789.1999999999665,3387191.2233115574
789.2999999999665,6203915.228814477
789.3999999999664,10396755.904457748
789.4999999999665,15941738.969919212
789.5999999999665,22365540.235820014
789.6999999999665,28709719.23762657
789.7999999999665,33719750.38789057
789.8999999999664,36236447.13835543
789.9999999999665,35629745.65335148
790.0999999999665,32054254.994255733
790.1999999999664,26385450.037764348
790.2999999999664,19872347.72518798
790.3999999999664,13694295.74786186
790.4999999999665,8634477.876585724
790.5999999999665,4981249.699608357
790.6999999999664,2629337.874195639
790.7999999999664,1269873.133967667
790.8999999999664,561151.4975863805
790.9999999999663,226884.99280858468
791.0999999999664,83933.87392832163
791.1999999999664,28410.22145619856
791.2999999999664,8798.68607745782
791.3999999999664,2493.256042958027
791.4999999999663,646.4304279431778
791.5999999999664,153.3495671624357
791.6999999999664,0.0
791.7999999999663,0.0
791.8999999999663,461.7758808519885
791.9999999999663,1810.2083172641455
792.0999999999664,6497.97792765409
792.1999999999664,21358.96838127932
792.2999999999663,64288.70521676772
792.3999999999663,177190.91491203662
792.4999999999663,447198.75655749126
792.5999999999663,1033503.8273306616
792.6999999999663,2187136.84290323
792.7999999999663,4238304.827731157
792.8999999999663,7520743.664138165
792.9999999999663,12220296.67136174
793.0999999999663,18182562.01435765
793.1999999999663,24773123.675722115
793.2999999999663,30907140.710570898
793.3999999999662,35309311.81321428
793.4999999999662,36937886.47152812
793.5999999999663,35384022.00166111
793.6999999999663,31038070.544757564
793.7999999999663,24930707.339761898
793.8999999999662,18336939.433090754
793.9999999999662,12350128.196596697
794.0999999999663,7616727.986506498
794.1999999999662,4301478.848344474
794.2999999999662,2224433.8872208646
794.3999999999662,1053352.1320048966
794.4999999999662,456751.5395910849
794.5999999999663,181358.88056807013
794.6999999999662,65940.16024676083
794.7999999999662,21953.99369877165
794.8999999999662,6693.1327293675295
794.9999999999661,1868.5198027212507
795.0999999999661,477.6594096843968
795.1999999999662,0.0
795.2999999999662,0.0
795.3999999999662,0.0
795.4999999999661,0.0
795.5999999999661,0.0
795.6999999999662,0.0
795.7999999999661,0.0
795.8999999999661,0.0
795.9999999999661,0.0
796.0999999999661,0.0
796.1999999999662,0.0
796.2999999999661,0.0
796.3999999999661,0.0
796.4999999999661,0.0
796.599999999966,0.0
796.699999999966,0.0
796.7999999999661,0.0
796.8999999999661,0.0
796.9999999999661,0.0
797.099999999966,0.0
797.199999999966,0.0
797.2999999999661,0.0
797.399999999966,0.0
797.499999999966,0.0
797.599999999966,0.0
797.699999999966,0.0
797.7999999999661,0.0
797.899999999966,0.0
797.999999999966,0.0
798.099999999966,0.0
798.1999999999659,0.0
798.299999999966,0.0
798.399999999966,0.0
798.499999999966,0.0
798.599999999966,0.0
798.6999999999659,0.0
798.799999999966,0.0
798.899999999966,0.0
798.9999999999659,0.0
799.0999999999659,0.0
799.1999999999659,0.0
799.299999999966,0.0
799.399999999966,0.0
799.4999999999659,0.0
799.5999999999659,0.0
799.6999999999659,0.0
799.7999999999658,0.0
799.8999999999659,0.0
799.9999999999659,0.0
800.0999999999659,0.0
800.1999999999659,0.0
800.2999999999658,0.0
800.3999999999659,0.0
800.4999999999659,0.0
800.5999999999658,0.0
800.6999999999658,0.0
800.7999999999658,0.0
800.8999999999659,0.0
800.9999999999659,0.0
801.0999999999658,0.0
801.1999999999658,0.0
801.2999999999658,0.0
801.3999999999658,0.0
801.4999999999658,0.0
801.5999999999658,0.0
801.6999999999658,0.0
801.7999999999658,0.0
801.8999999999658,0.0
801.9999999999658,0.0
802.0999999999658,0.0
802.1999999999657,0.0
802.2999999999657,0.0
802.3999999999658,0.0
802.4999999999658,0.0
802.5999999999658,0.0
802.6999999999657,0.0
802.7999999999657,0.0
802.8999999999658,0.0
802.9999999999657,0.0
803.0999999999657,0.0
803.1999999999657,0.0
803.2999999999657,0.0
803.3999999999658,0.0
803.4999999999657,142.4449977143901
803.5999999999657,554.101849366926
803.6999999999657,1978.7091940938615
803.7999999999656,6486.707555603823
803.8999999999656,19521.655337142893
803.9999999999657,53933.54138987576
804.0999999999657,136789.01112732454
804.1999999999657,318488.28116417606
804.2999999999656,680746.910577249
804.3999999999656,1335758.283603396
804.4999999999657,2406135.319576882
804.5999999999656,3978892.403409238
804.6999999999656,6040241.6995760845
804.7999999999656,8417757.57495885
804.8999999999656,10769325.070231944
804.9999999999657,12648252.684976572
805.0999999999656,13637116.646508873
805.1999999999656,13497848.593407117
805.2999999999656,12264688.553668927
805.3999999999655,10230537.96429978
805.4999999999656,7834123.133505353
805.5999999999656,5507218.281632263
805.6999999999656,3554055.147029306
805.7999999999656,2105552.183338407
805.8999999999655,1145138.0128016686
805.9999999999656,571741.3835471625
806.0999999999656,262054.36631322157
806.1999999999655,110263.84870149703
806.2999999999655,42591.6896437842
806.3999999999655,15103.116283208456
806.4999999999656,4916.5248447228
806.5999999999656,1469.264160600959
806.6999999999655,403.0802386716236
806.7999999999655,101.51567437087814
806.8999999999655,1606.0595410970016
806.9999999999654,8400.515947077025
807.0999999999655,30913.976905645304
807.1999999999655,104694.74839376874
807.2999999999655,326322.2283503365
807.3999999999655,936157.9612240363
807.4999999999654,2472061.4260831615
807.5999999999655,6008990.743856337
807.6999999999655,13446142.026123438
807.7999999999654,27699144.262134694
807.8999999999654,52531853.01959442
807.9999999999654,91723022.85256863
808.0999999999655,147448712.63831446
808.1999999999655,218229945.61108243
808.2999999999654,297370682.1847433
808.3999999999654,373068073.90887976
808.4999999999654,430899397.52505445
808.5999999999653,458194087.7712951
808.6999999999654,448531746.9546689
808.7999999999654,404192246.1172567
808.8999999999654,335283186.6429451
808.9999999999654,255999899.53925812
809.0999999999653,179905691.7045087
809.1999999999654,116358469.18654962
809.2999999999654,69257752.22170225
809.3999999999653,37933610.78932083
809.4999999999653,19117567.371818207
809.5999999999653,8864627.366606306
809.6999999999654,3781588.9882222596
809.7999999999654,1484023.7027334487
809.8999999999653,535706.7034200196
809.9999999999653,177869.18274562104
810.0999999999653,54316.29885069968
810.1999999999653,15254.03910926637
810.2999999999653,3497.2123635962057
810.3999999999653,0.0
810.4999999999653,0.0
810.5999999999653,0.0
810.6999999999653,0.0
810.7999999999653,0.0
810.8999999999653,0.0
810.9999999999652,600.4394327692777
811.0999999999652,2291.4751936712028
811.1999999999653,8040.707859654152
811.2999999999653,25942.186400632727
811.3999999999653,76957.69239134602
811.4999999999652,209908.81018487597
811.5999999999652,526432.2248711432
811.6999999999653,1213912.6424621707
811.7999999999652,2573745.330834913
811.8999999999652,5017378.656805181
811.9999999999652,8993347.057860667
812.0999999999652,14821733.414532715
812.1999999999653,22460003.05995904
812.2999999999652,31293475.086532127
812.3999999999652,40089528.169222385
812.4999999999652,47221661.67300381
812.5999999999651,51142829.836736806
812.6999999999651,50928561.93480993
812.7999999999652,46630625.45800446
812.8999999999652,39256740.50484917
812.9999999999652,30387180.300759744
813.0999999999651,21627172.15357862
813.1999999999651,14152795.807210634
813.2999999999652,8515652.159367664
813.3999999999651,4711148.078804057
813.4999999999651,2396452.170881204
813.5999999999651,1120840.8357420485
813.6999999999651,482005.83304816915
813.7999999999652,190587.2359514168
813.8999999999651,69289.67085415995
813.9999999999651,23162.01582677762
814.0999999999651,7118.9735405101
814.199999999965,2011.831355262114
814.299999999965,522.7558906102249
814.3999999999651,0.0
814.4999999999651,0.0
814.5999999999651,0.0
814.699999999965,0.0
814.799999999965,0.0
814.8999999999651,0.0
814.999999999965,0.0
815.099999999965,0.0
815.199999999965,0.0
815.299999999965,0.0
815.3999999999651,0.0
815.499999999965,0.0
815.599999999965,0.0
815.699999999965,0.0
815.7999999999649,0.0
815.899999999965,0.0
815.999999999965,0.0
816.099999999965,0.0
816.199999999965,0.0
816.2999999999649,0.0
816.399999999965,0.0
816.499999999965,0.0
816.5999999999649,0.0
816.6999999999649,0.0
816.7999999999649,0.0
816.899999999965,0.0
816.999999999965,0.0
817.0999999999649,0.0
817.1999999999649,0.0
817.2999999999649,0.0
817.3999999999648,0.0
817.4999999999649,0.0
817.5999999999649,0.0
817.6999999999649,0.0
817.7999999999649,0.0
817.8999999999648,0.0
817.9999999999649,0.0
818.0999999999649,0.0
818.1999999999648,0.0
818.2999999999648,0.0
818.3999999999648,0.0
818.4999999999649,0.0
818.5999999999649,0.0
818.6999999999648,0.0
818.7999999999648,0.0
818.8999999999648,0.0
818.9999999999648,0.0
819.0999999999648,0.0
819.1999999999648,0.0
819.2999999999648,0.0
819.3999999999648,0.0
819.4999999999648,355.55775753659697
819.5999999999648,1385.1379520020043
819.6999999999648,4970.101301858957
819.7999999999647,16425.809966576293
819.8999999999647,50000.884730157886
819.9999999999648,140190.28714388062
820.0999999999648,362032.45316806535
820.1999999999648,861125.4455561477
820.2999999999647,1886577.6421404085
820.3999999999647,3806907.159446217
820.4999999999648,7075534.117921196
820.5999999999647,12112548.10251721
820.6999999999647,19098582.788200993
820.7999999999647,27736784.346879676
820.8999999999647,37102264.71719738
820.9999999999648,45712405.02179975
821.0999999999647,51874875.06760564
821.1999999999647,54221234.0979025
821.2999999999647,52200068.61470955
821.3999999999646,46287325.856131725
821.4999999999646,37804408.724203005
821.5999999999647,28438857.832708675
821.6999999999647,19704761.92065558
821.7999999999647,12575335.346195703
821.8999999999646,7391920.713621266
821.9999999999646,4002067.1029159934
822.0999999999647,1995725.3505307965
822.1999999999646,916656.2906669939
822.2999999999646,387794.47198869183
822.3999999999646,151107.50894166113
822.4999999999646,54232.52434335748
822.5999999999647,17927.632256628764
822.6999999999646,5458.52610712445
822.7999999999646,1530.795546255833
822.8999999999646,395.41062020330185
822.9999999999645,0.0
823.0999999999646,0.0
823.1999999999646,0.0
823.2999999999646,0.0
823.3999999999646,0.0
823.4999999999645,0.0
823.5999999999646,0.0
823.6999999999646,0.0
823.7999999999645,0.0
823.8999999999645,0.0
823.9999999999645,0.0
824.0999999999646,0.0
824.1999999999646,0.0
824.2999999999645,0.0
824.3999999999645,0.0
824.4999999999645,0.0
824.5999999999644,0.0
824.6999999999645,0.0
824.7999999999645,0.0
824.8999999999645,0.0
824.9999999999645,0.0
825.0999999999644,0.0
825.1999999999645,0.0
825.2999999999645,0.0
825.3999999999644,0.0
825.4999999999644,0.0
825.5999999999644,0.0
825.6999999999645,0.0
825.7999999999645,0.0
825.8999999999644,0.0
825.9999999999644,0.0
826.0999999999644,0.0
826.1999999999643,0.0
826.2999999999644,0.0
826.3999999999644,0.0
826.4999999999644,13618.00081733225
826.5999999999644,53867.38268744375
826.6999999999643,196533.8436467866
826.7999999999644,661375.0045974632
826.8999999999644,2052849.7564805257
826.9999999999643,5877132.922181465
827.0999999999643,15519324.791005256
827.1999999999643,37798894.12530528
827.2999999999644,84914983.54093915
827.3999999999644,175949700.07128012
827.4999999999643,336272767.7233807
827.5999999999643,592780397.2046614
827.6999999999643,963817787.1207249
827.7999999999643,1445423161.683244
827.8999999999643,1999374056.3708057
827.9999999999643,2550891966.0755315
828.0999999999643,3001850440.667732
828.1999999999643,3258254528.2511168
828.2999999999643,3261969802.899679
828.3999999999643,3012130874.083895
828.4999999999643,2565468647.611388
828.5999999999642,2015387489.0454574
828.6999999999642,1460324521.0943222
828.7999999999643,975976071.3649993
828.8999999999643,601627853.5995327
828.9999999999643,342070538.659196
829.0999999999642,179391714.39710164
829.1999999999642,86773688.91252628
829.2999999999643,38714415.926202744
829.3999999999642,15931487.708112031
829.4999999999642,6046985.448559338
829.5999999999642,2116998.1712042275
829.6999999999642,683598.3564056386
829.7999999999643,203601.2797884788
829.8999999999642,55931.82147293998
829.9999999999642,14172.171081199554
830.0999999999642,0.0
830.1999999999641,0.0
830.2999999999641,0.0
830.3999999999642,0.0
830.4999999999642,0.0
830.5999999999642,0.0
830.6999999999641,0.0
830.7999999999641,0.0
830.8999999999642,0.0
830.9999999999641,0.0
831.0999999999641,0.0
831.1999999999641,0.0
831.2999999999641,0.0
831.3999999999642,0.0
831.4999999999641,0.0
831.5999999999641,461.85932933570797
831.6999999999641,1767.4924493600813
831.799999999964,6244.915109039708
831.899999999964,20371.201115192245
831.9999999999641,61351.87769126219
832.0999999999641,170592.60729124479
832.1999999999641,437939.05826538126
832.299999999964,1037978.3107054166
832.399999999964,2271349.693217581
832.4999999999641,4588818.197061095
832.599999999964,8559311.390271533
832.699999999964,14740015.028615046
832.799999999964,23435711.956576034
832.899999999964,34401668.14310673
832.9999999999641,46623189.24518863
833.099999999964,58337199.82053507
833.199999999964,67392304.2336454
833.299999999964,71878028.66833226
833.3999999999639,70778790.15241884
833.499999999964,64347434.62741778
833.599999999964,54010781.98793915
833.699999999964,41855334.626439996
833.799999999964,29946239.727807984
833.8999999999639,19781303.248427045
833.999999999964,12063925.0377264
834.099999999964,6792716.423900487
834.1999999999639,3531176.8145212955
834.2999999999639,1694792.6404937005
834.3999999999639,750991.1168240326
834.499999999964,307237.4527248218
834.599999999964,116047.19217158403
834.6999999999639,40468.41951019074
834.7999999999639,13029.236739007873
834.8999999999639,3872.9584014238376
834.9999999999638,1062.888760955195
835.0999999999639,269.3108946455696
835.1999999999639,0.0
835.2999999999639,0.0
835.3999999999639,0.0
835.4999999999638,0.0
835.5999999999639,0.0
835.6999999999639,0.0
835.7999999999638,0.0
835.8999999999638,2972.1970232675126
835.9999999999638,10902.143265939245
836.0999999999639,36950.426258625186
836.1999999999639,115717.83473057831
836.2999999999638,334853.1761163214
836.3999999999638,895327.2948307961
836.4999999999638,2211986.6648285366
836.5999999999638,5049594.014028838
836.6999999999638,10651326.518486064
836.7999999999638,20759850.046475895
836.8999999999638,37386774.97711656
836.9999999999638,62213562.950373344
837.0999999999638,95658908.65935339
837.1999999999638,135906130.57697278
837.2999999999638,178412776.392673
837.3999999999637,216414389.31060374
837.4999999999637,242560228.64695534
837.5999999999638,251203873.13478512
837.6999999999638,240384436.97779173
837.7999999999638,212549281.34466085
837.8999999999637,173654568.31720188
837.9999999999637,131094980.28750835
838.0999999999638,91444837.06373847
838.1999999999637,58939384.50348632
838.2999999999637,35101468.027469404
838.3999999999637,19316046.485959977
838.4999999999637,9821650.6326225
838.5999999999638,4614493.085129664
838.6999999999637,2003257.5828536649
838.7999999999637,803568.4354822623
838.8999999999637,297839.44979563233
838.9999999999636,102003.44761285189
839.0999999999636,32279.051035133503
839.1999999999637,9438.434021839592
839.2999999999637,2550.0717966671104
839.3999999999637,0.0
839.4999999999636,0.0
839.5999999999636,0.0
839.6999999999637,0.0
839.7999999999636,0.0
839.8999999999636,0.0
839.9999999999636,0.0
840.0999999999636,0.0
840.1999999999637,0.0
840.2999999999636,0.0
840.3999999999636,0.0
840.4999999999636,0.0
840.5999999999635,0.0
840.6999999999636,0.0
840.7999999999636,0.0
840.8999999999636,0.0
840.9999999999636,0.0
841.0999999999635,482.84795660282055
841.1999999999636,1785.2628589940646
841.2999999999636,6105.08872090036
841.3999999999635,19309.891205901607
841.4999999999635,56489.23739931647
841.5999999999635,152844.43622122123
841.6999999999636,382500.1364915971
841.7999999999636,885343.0699564298
841.8999999999635,1895350.9073881102
841.9999999999635,3752888.8363777306
842.0999999999635,6872896.612897838
842.1999999999634,11641580.862838376
842.2999999999635,18238207.181366924
842.3999999999635,26427152.340725888
842.4999999999635,35417396.15268518
842.5999999999635,43901658.558928944
842.6999999999634,50331892.912003286
842.7999999999635,53370790.78150481
842.8999999999635,52343414.45755588
842.9999999999634,47480851.4177183
843.0999999999634,39835748.757111505
843.1999999999634,30911886.4066013
843.2999999999635,22185849.910165638
843.3999999999635,14727352.099987302
843.4999999999634,9042141.66681956
843.5999999999634,5134710.724037054
843.6999999999634,2696861.813207519
843.7999999999633,1310084.9080068057
843.8999999999634,588624.3597717845
843.9999999999634,244610.47789454975
844.0999999999634,94017.76410438788
844.1999999999634,33422.79913938089
844.2999999999633,10989.394316590098
844.3999999999634,3341.971425519728
844.4999999999634,940.0040945198916
844.5999999999633,244.54275238645963
844.6999999999633,0.0
844.7999999999633,0.0
844.8999999999634,0.0
844.9999999999634,0.0
845.0999999999633,0.0
845.1999999999633,0.0
845.2999999999633,0.0
845.3999999999633,0.0
845.4999999999633,0.0
845.5999999999633,0.0
845.6999999999633,0.0
845.7999999999633,0.0
845.8999999999633,0.0
845.9999999999633,0.0
846.0999999999633,0.0
846.1999999999632,0.0
846.2999999999632,0.0
846.3999999999633,0.0
846.4999999999633,0.0
846.5999999999633,0.0
846.6999999999632,0.0
846.7999999999632,0.0
846.8999999999633,0.0
846.9999999999632,0.0
847.0999999999632,0.0
847.1999999999632,0.0
847.2999999999632,0.0
847.3999999999633,0.0
847.4999999999632,0.0
847.5999999999632,0.0
847.6999999999632,0.0
847.7999999999631,0.0
847.8999999999631,0.0
847.9999999999632,0.0
848.0999999999632,0.0
848.1999999999632,0.0
848.2999999999631,0.0
848.3999999999631,0.0
848.4999999999632,0.0
848.5999999999631,0.0
848.6999999999631,0.0
848.7999999999631,0.0
848.8999999999631,0.0
848.9999999999632,0.0
849.0999999999631,0.0
849.1999999999631,0.0
849.2999999999631,0.0
849.399999999963,0.0
849.499999999963,0.0
849.5999999999631,0.0
849.6999999999631,0.0
849.7999999999631,0.0
849.899999999963,0.0
849.999999999963,0.0
850.0999999999631,0.0
850.199999999963,0.0
850.299999999963,0.0
850.399999999963,0.0
850.499999999963,0.0
850.5999999999631,0.0
850.699999999963,0.0
850.799999999963,0.0
850.899999999963,0.0
850.9999999999629,0.0
851.099999999963,0.0
851.199999999963,0.0
851.299999999963,0.0
851.399999999963,0.0
851.4999999999629,0.0
851.599999999963,0.0
851.699999999963,0.0
851.7999999999629,0.0
851.8999999999629,0.0
851.9999999999629,0.0
852.099999999963,0.0
852.199999999963,0.0
852.2999999999629,0.0
852.3999999999629,0.0
852.4999999999629,0.0
852.5999999999628,0.0
852.6999999999629,0.0
852.7999999999629,0.0
852.8999999999629,0.0
852.9999999999629,0.0
853.0999999999628,0.0
853.1999999999629,0.0
853.2999999999629,0.0
853.3999999999628,0.0
853.4999999999628,0.0
853.5999999999628,0.0
853.6999999999629,0.0
853.7999999999629,0.0
853.8999999999628,0.0
853.9999999999628,0.0
854.0999999999628,0.0
854.1999999999628,0.0
854.2999999999628,0.0
854.3999999999628,0.0
854.4999999999628,0.0
854.5999999999628,0.0
854.6999999999628,0.0
854.7999999999628,0.0
854.8999999999628,0.0
854.9999999999627,0.0
855.0999999999627,0.0
855.1999999999628,0.0
855.2999999999628,0.0
855.3999999999628,0.0
855.4999999999627,0.0
855.5999999999627,0.0
855.6999999999628,0.0
855.7999999999627,708.9064427461545
855.8999999999627,2506.1927119372663
855.9999999999627,8216.566187581293
856.0999999999627,24981.390562340785
856.1999999999628,70435.76185610378
856.2999999999627,184170.54766845703
856.3999999999627,446578.17917816306
856.4999999999627,1004211.4610514297
856.5999999999626,2094127.9082278505
856.6999999999626,4049781.494561136
856.7999999999627,7263557.590849541
856.8999999999627,12081667.453912837
856.9999999999627,18638661.70286798
857.0999999999626,26673948.345390875
857.1999999999626,35425095.859078474
857.2999999999627,43697587.42989378
857.3999999999626,50159354.286220856
857.4999999999626,53803054.76970999
857.5999999999626,54412895.05071862
857.6999999999626,52830837.553782254
857.7999999999627,50871473.83425953
857.8999999999626,50860878.859931245
857.9999999999626,54912434.78859073
858.0999999999626,64151530.013641134
858.1999999999625,78142111.2941716
858.2999999999626,94745582.56166123
858.3999999999626,110541702.29019693
858.4999999999626,121754743.86497457
858.5999999999626,125403337.39473958
858.6999999999625,120243528.73012911
858.7999999999626,107118051.0256792
858.8999999999626,88575905.59944095
858.9999999999625,67958419.37547597
859.0999999999625,48368943.375731625
859.1999999999625,31933783.28863428
859.2999999999626,19555949.66133032
859.3999999999626,11108147.946597835
859.4999999999625,5852543.510310811
859.5999999999625,2860090.957794398
859.6999999999625,1296424.5212904313
859.7999999999624,545063.1566011023
859.8999999999625,212558.56780619078
859.9999999999625,76885.1739876345
860.0999999999625,25795.193254560778
860.1999999999625,8027.257016571934
860.2999999999624,2317.0091512095314
860.3999999999625,620.3267763141132
860.4999999999625,0.0
860.5999999999624,0.0
860.6999999999624,0.0
860.7999999999624,0.0
860.8999999999625,0.0
860.9999999999625,0.0
861.0999999999624,0.0
861.1999999999624,0.0
861.2999999999624,0.0
861.3999999999623,0.0
861.4999999999624,0.0
861.5999999999624,0.0
861.6999999999624,0.0
861.7999999999624,0.0
861.8999999999623,0.0
861.9999999999624,0.0
862.0999999999624,0.0
862.1999999999623,0.0
862.2999999999623,0.0
862.3999999999623,0.0
862.4999999999624,0.0
862.5999999999624,0.0
862.6999999999623,0.0
862.7999999999623,0.0
862.8999999999623,0.0
862.9999999999623,0.0
863.0999999999623,0.0
863.1999999999623,0.0
863.2999999999623,0.0
863.3999999999623,0.0
863.4999999999623,0.0
863.5999999999623,0.0
863.6999999999623,0.0
863.7999999999622,0.0
863.8999999999622,0.0
863.9999999999623,0.0
864.0999999999623,0.0
864.1999999999623,0.0
864.2999999999622,0.0
864.3999999999622,0.0
864.4999999999623,0.0
864.5999999999622,0.0
864.6999999999622,0.0
864.7999999999622,0.0
864.8999999999622,0.0
864.9999999999623,0.0
865.0999999999622,0.0
865.1999999999622,0.0
865.2999999999622,0.0
865.3999999999621,0.0
865.4999999999621,0.0
865.5999999999622,0.0
865.6999999999622,0.0
865.7999999999622,0.0
865.8999999999621,0.0
865.9999999999621,0.0
866.0999999999622,0.0
866.1999999999621,0.0
866.2999999999621,0.0
866.3999999999621,0.0
866.4999999999621,0.0
866.5999999999622,0.0
866.6999999999621,0.0
866.7999999999621,0.0
866.8999999999621,0.0
866.999999999962,0.0
867.099999999962,0.0
867.1999999999621,0.0
867.2999999999621,0.0
867.3999999999621,0.0
867.499999999962,0.0
867.599999999962,0.0
867.6999999999621,0.0
867.799999999962,0.0
867.899999999962,0.0
867.999999999962,0.0
868.099999999962,0.0
868.1999999999621,0.0
868.299999999962,0.0
868.399999999962,0.0
868.499999999962,0.0
868.5999999999619,0.0
868.699999999962,0.0
868.799999999962,0.0
868.899999999962,0.0
868.999999999962,0.0
869.0999999999619,0.0
869.199999999962,0.0
869.299999999962,0.0
869.3999999999619,0.0
869.4999999999619,0.0
869.5999999999619,0.0
869.699999999962,0.0
869.799999999962,0.0
869.8999999999619,0.0
869.9999999999619,0.0
870.0999999999619,0.0
870.1999999999618,0.0
870.2999999999619,0.0
870.3999999999619,0.0
870.4999999999619,0.0
870.5999999999619,0.0
870.6999999999618,0.0
870.7999999999619,0.0
870.8999999999619,0.0
870.9999999999618,0.0
871.0999999999618,0.0
871.1999999999618,0.0
871.2999999999619,0.0
871.3999999999619,0.0
871.4999999999618,0.0
871.5999999999618,0.0
871.6999999999618,0.0
871.7999999999618,0.0
871.8999999999618,0.0
871.9999999999618,0.0
872.0999999999618,0.0
872.1999999999618,0.0
872.2999999999618,0.0
872.3999999999618,0.0
872.4999999999618,0.0
872.5999999999617,0.0
872.6999999999617,0.0
872.7999999999618,0.0
872.8999999999618,0.0
872.9999999999618,0.0
873.0999999999617,0.0
873.1999999999617,0.0
873.2999999999618,0.0
873.3999999999617,0.0
873.4999999999617,0.0
873.5999999999617,0.0
873.6999999999617,0.0
873.7999999999618,0.0
873.8999999999617,0.0
873.9999999999617,0.0
874.0999999999617,0.0
874.1999999999616,0.0
874.2999999999616,0.0
874.3999999999617,0.0
874.4999999999617,0.0
874.5999999999617,0.0
874.6999999999616,0.0
874.7999999999616,0.0
874.8999999999617,0.0
874.9999999999616,0.0
875.0999999999616,0.0
875.1999999999616,0.0
875.2999999999616,0.0
875.3999999999617,0.0
875.4999999999616,0.0
875.5999999999616,0.0
875.6999999999616,0.0
875.7999999999615,0.0
875.8999999999616,0.0
875.9999999999616,0.0
876.0999999999616,0.0
876.1999999999616,0.0
876.2999999999615,0.0
876.3999999999616,0.0
876.4999999999616,0.0
876.5999999999615,0.0
876.6999999999615,0.0
876.7999999999615,0.0
876.8999999999616,0.0
876.9999999999616,0.0
877.0999999999615,0.0
877.1999999999615,0.0
877.2999999999615,0.0
877.3999999999614,0.0
877.4999999999615,0.0
877.5999999999615,0.0
877.6999999999615,0.0
877.7999999999615,0.0
877.8999999999614,0.0
877.9999999999615,0.0
878.0999999999615,0.0
878.1999999999614,0.0
878.2999999999614,0.0
878.3999999999614,0.0
878.4999999999615,0.0
878.5999999999615,0.0
878.6999999999614,0.0
878.7999999999614,0.0
878.8999999999614,0.0
878.9999999999613,0.0
879.0999999999614,0.0
879.1999999999614,0.0
879.2999999999614,0.0
879.3999999999614,0.0
879.4999999999613,0.0
879.5999999999614,0.0
879.6999999999614,0.0
879.7999999999613,0.0
879.8999999999613,0.0
879.9999999999613,0.0
880.0999999999614,0.0
880.1999999999614,0.0
880.2999999999613,0.0
880.3999999999613,0.0
880.4999999999613,0.0
880.5999999999613,0.0
880.6999999999613,0.0
880.7999999999613,0.0
880.8999999999613,0.0
880.9999999999613,0.0
881.0999999999613,0.0
881.1999999999613,0.0
881.2999999999613,0.0
881.3999999999612,0.0
881.4999999999612,0.0
881.5999999999613,0.0
881.6999999999613,0.0
881.7999999999613,0.0
881.8999999999612,0.0
881.9999999999612,0.0
882.0999999999613,0.0
882.1999999999612,0.0
882.2999999999612,0.0
882.3999999999612,0.0
882.4999999999612,0.0
882.5999999999613,0.0
882.6999999999612,0.0
882.7999999999612,0.0
882.8999999999612,0.0
882.9999999999611,0.0
883.0999999999611,0.0
883.1999999999612,0.0
883.2999999999612,0.0
883.3999999999612,0.0
883.4999999999611,0.0
883.5999999999611,0.0
883.6999999999612,0.0
883.7999999999611,0.0
883.8999999999611,0.0
883.9999999999611,0.0
884.0999999999611,0.0
884.1999999999612,0.0
884.2999999999611,0.0
884.3999999999611,0.0
884.4999999999611,0.0
884.599999999961,0.0
884.699999999961,0.0
884.7999999999611,0.0
884.8999999999611,0.0
884.9999999999611,0.0
885.099999999961,0.0
885.199999999961,0.0
885.2999999999611,0.0
885.399999999961,0.0
885.499999999961,0.0
885.599999999961,0.0
885.699999999961,0.0
885.7999999999611,0.0
885.899999999961,0.0
885.999999999961,0.0
886.099999999961,0.0
886.1999999999609,0.0
886.299999999961,0.0
886.399999999961,0.0
886.499999999961,0.0
886.599999999961,0.0
886.6999999999609,0.0
886.799999999961,0.0
886.899999999961,0.0
886.9999999999609,0.0
887.0999999999609,0.0
887.1999999999609,0.0
887.299999999961,0.0
887.399999999961,0.0
887.4999999999609,0.0
887.5999999999609,0.0
887.6999999999609,0.0
887.7999999999608,0.0
887.8999999999609,0.0
887.9999999999609,0.0
888.0999999999609,0.0
888.1999999999609,0.0
888.2999999999608,0.0
888.3999999999609,0.0
888.4999999999609,0.0
888.5999999999608,0.0
888.6999999999608,0.0
888.7999999999608,0.0
888.8999999999609,0.0
888.9999999999609,0.0
889.0999999999608,0.0
889.1999999999608,0.0
889.2999999999608,0.0
889.3999999999608,0.0
889.4999999999608,0.0
889.5999999999608,0.0
889.6999999999608,0.0
889.7999999999608,0.0
889.8999999999608,0.0
889.9999999999608,0.0
890.0999999999608,0.0
890.1999999999607,0.0
890.2999999999607,0.0
890.3999999999608,0.0
890.4999999999608,0.0
890.5999999999608,0.0
890.6999999999607,0.0
890.7999999999607,0.0
890.8999999999608,0.0
890.9999999999607,0.0
891.0999999999607,0.0
891.1999999999607,0.0
891.2999999999607,0.0
891.3999999999608,0.0
891.4999999999607,0.0
891.5999999999607,0.0
891.6999999999607,0.0
891.7999999999606,0.0
891.8999999999606,0.0
891.9999999999607,0.0
892.0999999999607,0.0
892.1999999999607,0.0
892.2999999999606,0.0
892.3999999999606,0.0
892.4999999999607,0.0
892.5999999999606,0.0
892.6999999999606,0.0
892.7999999999606,0.0
892.8999999999606,0.0
892.9999999999607,625.4608431736424
893.0999999999606,2110.674423213164
893.1999999999606,6646.069295789904
893.2999999999606,19526.795548661183
893.3999999999605,53532.75436103125
893.4999999999606,136940.11731182452
893.5999999999606,326861.8979471717
893.6999999999606,727981.5906429597
893.7999999999606,1512860.8765213445
893.8999999999605,2933594.502668154
893.9999999999606,5307911.467948027
894.0999999999606,8961273.951688565
894.1999999999605,14116867.355552966
894.2999999999605,20750540.337927643
894.3999999999605,28460529.93434888
894.4999999999606,36423279.86882479
894.5999999999606,43494827.78095096
894.6999999999605,48463935.33409288
894.7999999999605,50387432.99575735
894.8999999999605,48881923.49696895
894.9999999999604,44248325.12637948
895.0999999999605,37373853.79774544
895.1999999999605,29455162.590070862
895.2999999999605,21660948.138900295
895.3999999999605,14863325.782058781
895.4999999999604,9516495.084838625
895.5999999999605,5685393.838246083
895.6999999999605,3169323.5487952232
895.7999999999604,1648523.3268069664
895.8999999999604,800103.3933980414
895.9999999999604,362342.79002730997
896.0999999999605,153114.257260635
896.1999999999605,60371.80159701699
896.2999999999604,22211.35924856982
896.3999999999604,7624.97866880675
896.4999999999604,2442.444060667105
896.5999999999603,730.0172372544833
896.6999999999604,203.5935898342034
896.7999999999604,0.0
896.8999999999604,0.0
896.9999999999604,0.0
897.0999999999603,0.0
897.1999999999604,0.0
897.2999999999604,0.0
897.3999999999603,0.0
897.4999999999603,0.0
897.5999999999603,0.0
897.6999999999604,0.0
897.7999999999604,0.0
897.8999999999603,0.0
897.9999999999603,0.0
898.0999999999603,0.0
898.1999999999603,0.0
898.2999999999603,0.0
898.3999999999603,0.0
898.4999999999603,0.0
898.5999999999603,0.0
898.6999999999603,0.0
898.7999999999603,0.0
898.8999999999603,0.0
898.9999999999602,0.0
899.0999999999602,0.0
899.1999999999603,0.0
899.2999999999603,0.0
899.3999999999603,0.0
899.4999999999602,0.0
899.5999999999602,0.0
899.6999999999603,0.0
899.7999999999602,0.0
899.8999999999602,0.0
899.9999999999602,0.0
900.0999999999602,0.0
900.1999999999603,0.0
900.2999999999602,0.0
900.3999999999602,0.0
900.4999999999602,0.0
900.5999999999601,0.0
900.6999999999601,0.0
900.7999999999602,0.0
900.8999999999602,0.0
900.9999999999602,0.0
901.0999999999601,0.0
901.1999999999601,0.0
901.2999999999602,0.0
901.3999999999601,0.0
901.4999999999601,0.0
901.5999999999601,0.0
901.6999999999601,0.0
901.7999999999602,0.0
901.8999999999601,0.0
901.9999999999601,0.0
902.0999999999601,0.0
902.19999999996,0.0
902.29999999996,0.0
902.3999999999601,0.0
902.4999999999601,0.0
902.5999999999601,0.0
902.69999999996,0.0
902.79999999996,0.0
902.8999999999601,0.0
902.99999999996,0.0
903.09999999996,0.0
903.19999999996,0.0
903.29999999996,0.0
903.3999999999601,0.0
903.49999999996,0.0
903.59999999996,0.0
903.69999999996,0.0
903.7999999999599,0.0
903.89999999996,0.0
903.99999999996,0.0
904.09999999996,0.0
904.19999999996,0.0
904.2999999999599,0.0
904.39999999996,0.0
904.49999999996,0.0
904.5999999999599,0.0
904.6999999999599,0.0
904.7999999999599,0.0
904.89999999996,0.0
904.99999999996,0.0
905.0999999999599,0.0
905.1999999999599,0.0
905.2999999999599,0.0
905.3999999999598,166.2631244314915
905.4999999999599,584.6626234615827
905.5999999999599,1922.0335030641418
905.6999999999599,5906.94334474168
905.7999999999599,16971.134933402438
905.8999999999598,45583.24058766095
905.9999999999599,114457.89013368031
906.0999999999599,268678.2461213392
906.1999999999598,589610.898380674
906.2999999999598,1209608.2198891358
906.3999999999598,2319904.9181146375
906.4999999999599,4159507.109652767
906.5999999999599,6972038.642382547
906.6999999999598,10925062.477551218
906.7999999999598,16004212.242412383
906.8999999999598,21917494.4043729
906.9999999999598,28060392.12334087
907.0999999999598,33584802.30596941
907.1999999999598,37578382.78136984
907.2999999999598,39307878.486319795
907.3999999999598,38438581.5377361
907.4999999999598,35139965.456332795
907.5999999999598,30031812.009313118
907.6999999999598,23994293.805816546
907.7999999999597,17921759.180032436
907.8999999999597,12514097.414059004
907.9999999999598,8168920.219593307
908.0999999999598,4985124.47803204
908.1999999999598,2844026.1724629
908.2999999999597,1516831.7112717014
908.3999999999597,756288.4006691938
908.4999999999598,352519.95728167304
908.5999999999597,153612.376206685
908.6999999999597,62577.02824603057
908.7999999999597,23831.418409823083
908.8999999999597,8484.59423691249
908.9999999999598,2823.9596878829734
909.0999999999597,878.6828242097648
909.1999999999597,255.5947981384164
909.2999999999597,0.0
909.3999999999596,0.0
909.4999999999596,0.0
909.5999999999597,0.0
909.6999999999597,0.0
909.7999999999597,0.0
909.8999999999596,0.0
909.9999999999596,0.0
910.0999999999597,0.0
910.1999999999596,521.8776478043909
910.2999999999596,1808.1094700027425
910.3999999999596,5860.489615411757
910.4999999999596,17770.360407969933
910.5999999999597,50409.42302595952
910.6999999999596,133776.6673656524
910.7999999999596,332125.46388706216
910.8999999999596,771395.5527462827
910.9999999999595,1676120.5194238778
911.0999999999596,3407112.7860030965
911.1999999999596,6479193.244276616
911.2999999999596,11526793.457065508
911.3999999999596,19184445.228193298
911.4999999999595,29870544.12292884
911.5999999999596,43510109.68270604
911.6999999999596,59291218.782923184
911.7999999999595,75586412.41523404
911.8999999999595,90146785.10536265
911.9999999999595,100579601.10365076
912.0999999999596,104983906.73353827
912.1999999999596,102515304.60905625
912.2999999999595,93650012.20641427
912.3999999999595,80035032.4802625
912.4999999999595,63989036.08240553
912.5999999999594,47861264.22392925
912.6999999999595,33490059.51591408
912.7999999999595,21923042.612000566
912.8999999999595,13425760.389477959
912.9999999999595,7691837.691239535
913.0999999999594,4122631.2049464616
913.1999999999595,2067150.1168202735
913.2999999999595,969667.1919886485
913.3999999999594,425526.4327550259
913.4999999999594,174696.2324195074
913.5999999999594,67095.5458599887
913.6999999999595,24107.76766807979
913.7999999999595,8103.515361651957
913.8999999999594,2548.2561288925904
913.9999999999594,749.6626097448499
914.0999999999594,0.0
914.1999999999593,0.0
914.2999999999594,0.0
914.3999999999594,0.0
914.4999999999594,0.0
914.5999999999594,0.0
914.6999999999593,0.0
914.7999999999594,0.0
914.8999999999594,0.0
914.9999999999593,0.0
915.0999999999593,0.0
915.1999999999593,0.0
915.2999999999594,0.0
915.3999999999594,0.0
915.4999999999593,0.0
915.5999999999593,0.0
915.6999999999593,0.0
915.7999999999593,0.0
915.8999999999593,0.0
915.9999999999593,0.0
916.0999999999593,0.0
916.1999999999593,0.0
916.2999999999593,0.0
916.3999999999593,0.0
916.4999999999593,0.0
916.5999999999592,0.0
916.6999999999592,0.0
916.7999999999593,0.0
916.8999999999593,0.0
916.9999999999593,0.0
917.0999999999592,0.0
917.1999999999592,0.0
917.2999999999593,428.9513630952805
917.3999999999592,1419.2656244850175
917.4999999999592,4397.596306848286
917.5999999999592,12760.364433082592
917.6999999999592,34674.23115303
917.7999999999593,88236.16936800773
917.8999999999592,210272.5079808306
917.9999999999592,469260.9194314092
918.0999999999592,980713.8828433548
918.1999999999591,1919403.5891483196
918.2999999999591,3517922.967719317
918.3999999999592,6038129.064116382
918.4999999999592,9705423.741350174
918.5999999999592,14609072.851289129
918.6999999999591,20593342.92297004
918.7999999999591,27184859.428706206
918.8999999999592,33606507.01641037
918.9999999999591,38905921.15191258
919.0999999999591,42179756.94197863
919.1999999999591,42824123.89019812
919.2999999999591,40716359.87144038
919.3999999999592,36253124.71889087
919.4999999999591,30228596.910359148
919.5999999999591,23604052.789102275
919.6999999999591,17260414.008422807
919.799999999959,11819847.769474093
919.899999999959,7579989.453411039
919.9999999999591,4552200.299141212
920.0999999999591,2560178.0398616977
920.1999999999591,1348388.4276453606
920.299999999959,665052.4666544169
920.399999999959,307179.9349028473
920.4999999999591,132869.65976502764
920.599999999959,53821.38201212034
920.699999999959,20416.435033435297
920.799999999959,7252.721820801253
920.899999999959,2412.782493487296
920.9999999999591,751.6771859811827
921.099999999959,219.30099840761363
921.199999999959,0.0
921.299999999959,0.0
921.3999999999589,0.0
921.499999999959,0.0
921.599999999959,0.0
921.699999999959,0.0
921.799999999959,0.0
921.8999999999589,0.0
921.999999999959,0.0
922.099999999959,0.0
922.1999999999589,0.0
922.2999999999589,0.0
922.3999999999589,0.0
922.499999999959,0.0
922.599999999959,0.0
922.6999999999589,0.0
922.7999999999589,0.0
922.8999999999589,0.0
922.9999999999588,0.0
923.0999999999589,0.0
923.1999999999589,0.0
923.2999999999589,0.0
923.3999999999589,0.0
923.4999999999588,0.0
923.5999999999589,0.0
923.6999999999589,0.0
923.7999999999588,0.0
923.8999999999588,0.0
923.9999999999588,0.0
924.0999999999589,0.0
924.1999999999589,0.0
924.2999999999588,0.0
924.3999999999588,0.0
924.4999999999588,0.0
924.5999999999588,0.0
924.6999999999588,0.0
924.7999999999588,0.0
924.8999999999588,0.0
924.9999999999588,0.0
925.0999999999588,0.0
925.1999999999588,0.0
925.2999999999588,0.0
925.3999999999587,0.0
925.4999999999587,0.0
925.5999999999588,0.0
925.6999999999588,0.0
925.7999999999588,0.0
925.8999999999587,0.0
925.9999999999587,0.0
926.0999999999588,0.0
926.1999999999587,0.0
926.2999999999587,0.0
926.3999999999587,0.0
926.4999999999587,0.0
926.5999999999588,0.0
926.6999999999587,0.0
926.7999999999587,0.0
926.8999999999587,0.0
926.9999999999586,0.0
927.0999999999586,0.0
927.1999999999587,0.0
927.2999999999587,0.0
927.3999999999587,0.0
927.4999999999586,0.0
927.5999999999586,0.0
927.6999999999587,0.0
927.7999999999586,0.0
927.8999999999586,0.0
927.9999999999586,0.0
928.0999999999586,0.0
928.1999999999587,0.0
928.2999999999586,0.0
928.3999999999586,0.0
928.4999999999586,0.0
928.5999999999585,0.0
928.6999999999585,0.0
928.7999999999586,0.0
928.8999999999586,0.0
928.9999999999586,0.0
929.0999999999585,0.0
929.1999999999585,0.0
929.2999999999586,0.0
929.3999999999585,0.0
929.4999999999585,0.0
929.5999999999585,0.0
929.6999999999585,0.0
929.7999999999586,0.0
929.8999999999585,0.0
929.9999999999585,0.0
930.0999999999585,0.0
930.1999999999584,0.0
930.2999999999585,0.0
930.3999999999585,0.0
930.4999999999585,0.0
930.5999999999585,0.0
930.6999999999584,0.0
930.7999999999585,0.0
930.8999999999585,0.0
930.9999999999584,0.0
931.0999999999584,0.0
931.1999999999584,0.0
931.2999999999585,0.0
931.3999999999585,0.0
931.4999999999584,0.0
931.5999999999584,0.0
931.6999999999584,0.0
931.7999999999583,0.0
931.8999999999584,0.0
931.9999999999584,0.0
932.0999999999584,0.0
932.1999999999584,0.0
932.2999999999583,0.0
932.3999999999584,0.0
932.4999999999584,0.0
932.5999999999583,0.0
932.6999999999583,0.0
932.7999999999583,0.0
932.8999999999584,0.0
932.9999999999584,0.0
933.0999999999583,0.0
933.1999999999583,0.0
933.2999999999583,0.0
933.3999999999583,0.0
933.4999999999583,0.0
933.5999999999583,0.0
933.6999999999583,0.0
933.7999999999583,0.0
933.8999999999583,0.0
933.9999999999583,0.0
934.0999999999583,0.0
934.1999999999582,0.0
934.2999999999582,0.0
934.3999999999583,0.0
934.4999999999583,0.0
934.5999999999583,0.0
934.6999999999582,0.0
934.7999999999582,0.0
934.8999999999583,0.0
934.9999999999582,0.0
935.0999999999582,0.0
935.1999999999582,0.0
935.2999999999582,0.0
935.3999999999583,0.0
935.4999999999582,0.0
935.5999999999582,0.0
935.6999999999582,0.0
935.7999999999581,0.0
935.8999999999581,0.0
935.9999999999582,0.0
936.0999999999582,0.0
936.1999999999582,0.0
936.2999999999581,0.0
936.3999999999581,0.0
936.4999999999582,0.0
936.5999999999581,0.0
936.6999999999581,0.0
936.7999999999581,0.0
936.8999999999581,0.0
936.9999999999582,0.0
937.0999999999581,0.0
937.1999999999581,0.0
937.2999999999581,0.0
937.399999999958,0.0
937.499999999958,0.0
937.5999999999581,0.0
937.6999999999581,0.0
937.7999999999581,0.0
937.899999999958,0.0
937.999999999958,0.0
938.0999999999581,0.0
938.199999999958,0.0
938.299999999958,0.0
938.399999999958,0.0
938.499999999958,0.0
938.5999999999581,0.0
938.699999999958,0.0
938.799999999958,0.0
938.899999999958,0.0
938.9999999999579,0.0
939.099999999958,0.0
939.199999999958,0.0
939.299999999958,0.0
939.399999999958,0.0
939.4999999999579,0.0
939.599999999958,0.0
939.699999999958,0.0
939.7999999999579,0.0
939.8999999999579,0.0
939.9999999999579,0.0
940.099999999958,0.0
940.199999999958,0.0
940.2999999999579,0.0
940.3999999999579,0.0
940.4999999999579,0.0
940.5999999999578,0.0
940.6999999999579,0.0
940.7999999999579,0.0
940.8999999999579,0.0
940.9999999999579,0.0
941.0999999999578,0.0
941.1999999999579,0.0
941.2999999999579,0.0
941.3999999999578,0.0
941.4999999999578,0.0
941.5999999999578,0.0
941.6999999999579,0.0
941.7999999999579,0.0
941.8999999999578,0.0
941.9999999999578,0.0
942.0999999999578,0.0
942.1999999999578,0.0
942.2999999999578,0.0
942.3999999999578,0.0
942.4999999999578,0.0
942.5999999999578,0.0
942.6999999999578,0.0
942.7999999999578,0.0
942.8999999999578,0.0
942.9999999999577,0.0
943.0999999999577,0.0
943.1999999999578,0.0
943.2999999999578,0.0
943.3999999999578,0.0
943.4999999999577,0.0
943.5999999999577,0.0
943.6999999999578,0.0
943.7999999999577,0.0
943.8999999999577,0.0
943.9999999999577,0.0
944.0999999999577,0.0
944.1999999999578,0.0
944.2999999999577,0.0
944.3999999999577,0.0
944.4999999999577,0.0
944.5999999999576,0.0
944.6999999999576,0.0
944.7999999999577,0.0
944.8999999999577,0.0
944.9999999999577,0.0
945.0999999999576,0.0
945.1999999999576,0.0
945.2999999999577,0.0
945.3999999999576,0.0
945.4999999999576,0.0
945.5999999999576,0.0
945.6999999999576,0.0
945.7999999999577,0.0
945.8999999999576,0.0
945.9999999999576,0.0
946.0999999999576,0.0
946.1999999999575,0.0
946.2999999999575,0.0
946.3999999999576,0.0
946.4999999999576,0.0
946.5999999999576,0.0
946.6999999999575,0.0
946.7999999999575,0.0
946.8999999999576,0.0
946.9999999999575,0.0
947.0999999999575,0.0
947.1999999999575,0.0
947.2999999999575,0.0
947.3999999999576,0.0
947.4999999999575,0.0
947.5999999999575,0.0
947.6999999999575,0.0
947.7999999999574,0.0
947.8999999999575,0.0
947.9999999999575,0.0
948.0999999999575,0.0
948.1999999999575,0.0
948.2999999999574,0.0
948.3999999999575,0.0
948.4999999999575,0.0
948.5999999999574,0.0
948.6999999999574,0.0
948.7999999999574,0.0
948.8999999999575,0.0
948.9999999999575,0.0
949.0999999999574,0.0
949.1999999999574,0.0
949.2999999999574,0.0
949.3999999999573,0.0
949.4999999999574,0.0
949.5999999999574,0.0
949.6999999999574,0.0
949.7999999999574,0.0
949.8999999999573,0.0
949.9999999999574,0.0
950.0999999999574,0.0
950.1999999999573,0.0
950.2999999999573,0.0
950.3999999999573,0.0
950.4999999999574,0.0
950.5999999999574,0.0
950.6999999999573,0.0
950.7999999999573,0.0
950.8999999999573,0.0
950.9999999999573,0.0
951.0999999999573,0.0
951.1999999999573,0.0
951.2999999999573,0.0
951.3999999999573,0.0
951.4999999999573,0.0
951.5999999999573,0.0
951.6999999999573,0.0
951.7999999999572,0.0
951.8999999999572,0.0
951.9999999999573,0.0
952.0999999999573,0.0
952.1999999999573,0.0
952.2999999999572,0.0
952.3999999999572,0.0
952.4999999999573,0.0
952.5999999999572,0.0
952.6999999999572,0.0
952.7999999999572,0.0
952.8999999999572,0.0
952.9999999999573,0.0
953.0999999999572,0.0
953.1999999999572,0.0
953.2999999999572,0.0
953.3999999999571,0.0
953.4999999999571,0.0
953.5999999999572,0.0
953.6999999999572,0.0
953.7999999999572,0.0
953.8999999999571,0.0
953.9999999999571,0.0
954.0999999999572,0.0
954.1999999999571,0.0
954.2999999999571,0.0
954.3999999999571,0.0
954.4999999999571,0.0
954.5999999999572,0.0
954.6999999999571,0.0
954.7999999999571,0.0
954.8999999999571,0.0
954.999999999957,0.0
955.099999999957,0.0
955.1999999999571,0.0
955.2999999999571,0.0
955.3999999999571,0.0
955.499999999957,0.0
955.599999999957,0.0
955.6999999999571,0.0
955.799999999957,0.0
955.899999999957,0.0
955.999999999957,0.0
956.099999999957,0.0
956.1999999999571,0.0
956.299999999957,0.0
956.399999999957,0.0
956.499999999957,282.1678004647714
956.5999999999569,904.5614287247388
956.699999999957,2729.9497687666353
956.799999999957,7756.346920496
956.899999999957,20746.5445945387
956.999999999957,52242.0608573843
957.0999999999569,123845.66408417617
957.199999999957,277020.8733741266
957.299999999957,582771.015608709
957.3999999999569,1154992.3984076558
957.4999999999569,2157388.934691517
957.5999999999569,3800483.6726202047
957.699999999957,6319633.295739004
957.799999999957,9934273.434053086
957.8999999999569,14795463.898277633
957.9999999999569,20945040.898562014
958.0999999999569,28314496.118151654
958.1999999999568,36782706.32253323
958.2999999999569,46282196.83923056
958.3999999999569,56903881.383532435
958.4999999999569,68923249.56125945
958.5999999999569,82682761.27392074
958.6999999999568,98325910.06390172
958.7999999999569,115467749.44254416
958.8999999999569,132957021.45840424
958.9999999999568,148886252.7664431
959.0999999999568,160919653.80202064
959.1999999999568,166866986.7350303
959.2999999999569,165306329.45566723
959.3999999999569,156019628.42916575
959.4999999999568,140076565.6955234
959.5999999999568,119547678.69736087
959.6999999999568,96971662.585774
959.7999999999568,74776527.18020521
959.8999999999568,54836148.70406912
959.9999999999568,38258844.72398099
960.0999999999568,25404733.48204607
960.1999999999568,16058662.395565413
960.2999999999568,9663357.262572803
960.3999999999568,5534659.145202495
960.4999999999568,3015974.3251697263
960.5999999999567,1562695.061218377
960.6999999999567,769398.966144688
960.7999999999568,359650.95720899396
960.8999999999568,159472.94128258884
960.9999999999568,67017.64821962528
961.0999999999567,26669.793428743695
961.1999999999567,10042.297498624781
961.2999999999568,3259.4947122067415
961.3999999999567,1115.161198703286
961.4999999999567,359.2282345015115
961.5999999999567,108.95539070040792
961.6999999999567,0.0
961.7999999999568,0.0
961.8999999999567,0.0
961.9999999999567,0.0
962.0999999999567,0.0
962.1999999999566,0.0
962.2999999999566,0.0
962.3999999999567,0.0
962.4999999999567,0.0
962.5999999999567,0.0
962.6999999999566,0.0
962.7999999999566,0.0
962.8999999999567,0.0
962.9999999999566,0.0
963.0999999999566,0.0
963.1999999999566,0.0
963.2999999999566,0.0
963.3999999999567,0.0
963.4999999999566,0.0
963.5999999999566,0.0
963.6999999999566,0.0
963.7999999999565,0.0
963.8999999999565,0.0
963.9999999999566,0.0
964.0999999999566,0.0
964.1999999999566,0.0
964.2999999999565,0.0
964.3999999999565,0.0
964.4999999999566,0.0
964.5999999999565,0.0
964.6999999999565,0.0
964.7999999999565,0.0
964.8999999999565,0.0
964.9999999999566,0.0
965.0999999999565,0.0
965.1999999999565,0.0
965.2999999999565,0.0
965.3999999999564,0.0
965.4999999999565,0.0
965.5999999999565,0.0
965.6999999999565,0.0
965.7999999999565,0.0
965.8999999999564,0.0
965.9999999999565,0.0
966.0999999999565,0.0
966.1999999999564,0.0
966.2999999999564,0.0
966.3999999999564,0.0
966.4999999999565,0.0
966.5999999999565,0.0
966.6999999999564,0.0
966.7999999999564,0.0
966.8999999999564,0.0
966.9999999999563,0.0
967.0999999999564,0.0
967.1999999999564,0.0
967.2999999999564,0.0
967.3999999999564,0.0
967.4999999999563,0.0
967.5999999999564,0.0
967.6999999999564,0.0
967.7999999999563,0.0
967.8999999999563,0.0
967.9999999999563,0.0
968.0999999999564,0.0
968.1999999999564,159.99001891691915
968.2999999999563,517.7867476164246
968.3999999999563,1579.889689732435
968.4999999999563,4544.858769561965
968.5999999999563,12326.273861270874
968.6999999999563,31518.172346130264
968.7999999999563,75981.52966484145
968.8999999999563,172692.24374964656
968.9999999999563,370045.75369595253
969.0999999999563,747576.7926118813
969.1999999999563,1423881.967140497
969.2999999999563,2556877.7386337686
969.3999999999562,4328762.18671632
969.4999999999562,6909319.655908988
969.5999999999563,10397397.243735567
969.6999999999563,14751350.4766341
969.7999999999563,19731346.314472824
969.8999999999562,24882811.519654717
969.9999999999562,29584209.806539036
970.0999999999563,33161814.89090003
970.1999999999562,35045672.71269338
970.2999999999562,34917915.04471854
970.3999999999562,32800464.977885567
970.4999999999562,29048886.49967613
970.5999999999563,24254748.302242506
970.6999999999562,19093337.432297777
970.7999999999562,14170485.06010262
970.8999999999562,9915289.029686745
970.9999999999561,6540995.243257074
971.0999999999561,4068179.259550538
971.1999999999562,2385470.897078699
971.2999999999562,1318760.5796953184
971.3999999999562,687346.2761606384
971.4999999999561,337755.94704241276
971.5999999999561,156476.17383962343
971.6999999999562,68345.70455567323
971.7999999999561,28144.40195380415
971.8999999999561,10926.740210203643
971.9999999999561,3999.5119947797816
972.0999999999561,1380.1973293591877
972.1999999999562,449.0484017121207
972.2999999999561,137.74090125258587
972.3999999999561,0.0
972.4999999999561,0.0
972.599999999956,0.0
972.699999999956,0.0
972.7999999999561,0.0
972.8999999999561,0.0
972.9999999999561,0.0
973.099999999956,0.0
973.199999999956,0.0
973.2999999999561,0.0
973.399999999956,0.0
973.499999999956,0.0
973.599999999956,0.0
973.699999999956,0.0
973.7999999999561,0.0
973.899999999956,0.0
973.999999999956,0.0
974.099999999956,0.0
974.1999999999559,0.0
974.299999999956,0.0
974.399999999956,0.0
974.499999999956,0.0
974.599999999956,0.0
974.6999999999559,0.0
974.799999999956,0.0
974.899999999956,0.0
974.9999999999559,0.0
975.0999999999559,0.0
975.1999999999559,0.0
975.299999999956,0.0
975.399999999956,0.0
975.4999999999559,0.0
975.5999999999559,0.0
975.6999999999559,0.0
975.7999999999558,0.0
975.8999999999559,0.0
975.9999999999559,0.0
976.0999999999559,0.0
976.1999999999559,0.0
976.2999999999558,0.0
976.3999999999559,0.0
976.4999999999559,0.0
976.5999999999558,0.0
976.6999999999558,0.0
976.7999999999558,0.0
976.8999999999559,0.0
976.9999999999559,0.0
977.0999999999558,0.0
977.1999999999558,0.0
977.2999999999558,0.0
977.3999999999558,0.0
977.4999999999558,0.0
977.5999999999558,0.0
977.6999999999558,0.0
977.7999999999558,0.0
977.8999999999558,0.0
977.9999999999558,0.0
978.0999999999558,0.0
978.1999999999557,0.0
978.2999999999557,0.0
978.3999999999558,0.0
978.4999999999558,0.0
978.5999999999558,0.0
978.6999999999557,0.0
978.7999999999557,0.0
978.8999999999558,0.0
978.9999999999557,0.0
979.0999999999557,0.0
979.1999999999557,0.0
979.2999999999557,0.0
979.3999999999558,0.0
979.4999999999557,0.0
979.5999999999557,0.0
979.6999999999557,0.0
979.7999999999556,0.0
979.8999999999556,0.0
979.9999999999557,0.0
980.0999999999557,0.0
980.1999999999557,0.0
980.2999999999556,0.0
980.3999999999556,0.0
980.4999999999557,0.0
980.5999999999556,0.0
980.6999999999556,0.0
980.7999999999556,0.0
980.8999999999556,0.0
980.9999999999557,0.0
981.0999999999556,0.0
981.1999999999556,0.0
981.2999999999556,0.0
981.3999999999555,0.0
981.4999999999555,0.0
981.5999999999556,0.0
981.6999999999556,0.0
981.7999999999556,0.0
981.8999999999555,0.0
981.9999999999555,0.0
982.0999999999556,0.0
982.1999999999555,0.0
982.2999999999555,0.0
982.3999999999555,0.0
982.4999999999555,0.0
982.5999999999556,0.0
982.6999999999555,0.0
982.7999999999555,0.0
982.8999999999555,0.0
982.9999999999554,0.0
983.0999999999555,0.0
983.1999999999555,0.0
983.2999999999555,0.0
983.3999999999555,0.0
983.4999999999554,0.0
983.5999999999555,0.0
983.6999999999555,0.0
983.7999999999554,0.0
983.8999999999554,0.0
983.9999999999554,0.0
984.0999999999555,0.0
984.1999999999555,0.0
984.2999999999554,0.0
984.3999999999554,0.0
984.4999999999554,0.0
984.5999999999553,0.0
984.6999999999554,0.0
984.7999999999554,0.0
984.8999999999554,0.0
984.9999999999554,0.0
985.0999999999553,0.0
985.1999999999554,0.0
985.2999999999554,0.0
985.3999999999553,0.0
985.4999999999553,269.63582557014155
985.5999999999553,863.3354752138564
985.6999999999554,2611.50273675821
985.7999999999554,7462.945847661746
985.8999999999553,20148.327519851195
985.9999999999553,51389.76361516603
986.0999999999553,123829.22209581731
986.1999999999553,281889.2900717146
986.2999999999553,606237.6627991818
986.3999999999553,1231731.8114315358
986.4999999999553,2364276.7353357566
986.5999999999553,4287354.218630853
986.6999999999553,7344958.225394379
986.7999999999553,11887709.961542984
986.8999999999553,18176739.265914407
986.9999999999552,26256852.2978348
987.0999999999552,35832594.20000968
987.1999999999553,46197954.61996102
987.2999999999553,56269901.00715015
987.3999999999553,64749804.40882103
987.4999999999552,70389791.236889
987.5999999999552,72291926.77295196
987.6999999999553,70142110.53296302
987.7999999999552,64294935.552027345
987.8999999999552,55677997.58227249
987.9999999999552,45551151.15724361
988.0999999999552,35206594.028404795
988.1999999999553,25707365.632679604
988.2999999999552,17733728.008227285
988.3999999999552,11557167.786037179
988.4999999999552,7115602.845637914
988.5999999999551,4138861.4495660937
988.6999999999551,2274358.8196473382
988.7999999999552,1180717.4577724086
988.8999999999552,579084.4359793175
988.9999999999552,268316.0840987263
989.0999999999551,117452.00314736723
989.1999999999551,48571.6722288234
989.2999999999552,18976.433364090037
989.3999999999551,7004.143421799912
989.4999999999551,2442.330188624473
989.5999999999551,804.5677701856006
989.6999999999551,0.0
989.7999999999552,0.0
989.8999999999551,0.0
989.9999999999551,0.0
990.0999999999551,0.0
990.199999999955,0.0
990.299999999955,0.0
990.3999999999551,0.0
990.4999999999551,0.0
990.5999999999551,0.0
990.699999999955,0.0
990.799999999955,0.0
990.8999999999551,0.0
990.999999999955,0.0
991.099999999955,0.0
991.199999999955,0.0
991.299999999955,0.0
991.3999999999551,0.0
991.499999999955,0.0
991.599999999955,0.0
991.699999999955,0.0
991.7999999999549,0.0
991.899999999955,0.0
991.999999999955,0.0
992.099999999955,0.0
992.199999999955,0.0
992.2999999999549,0.0
992.399999999955,0.0
992.499999999955,0.0
992.5999999999549,0.0
992.6999999999549,0.0
992.7999999999549,0.0
992.899999999955,0.0
992.999999999955,0.0
993.0999999999549,0.0
993.1999999999549,0.0
993.2999999999549,0.0
993.3999999999548,0.0
993.4999999999549,0.0
993.5999999999549,0.0
993.6999999999549,0.0
993.7999999999549,0.0
993.8999999999548,0.0
993.9999999999549,0.0
994.0999999999549,0.0
994.1999999999548,0.0
994.2999999999548,0.0
994.3999999999548,0.0
994.4999999999549,0.0
994.5999999999549,0.0
994.6999999999548,0.0
994.7999999999548,0.0
994.8999999999548,0.0
994.9999999999548,0.0
995.0999999999548,0.0
995.1999999999548,0.0
995.2999999999548,0.0
995.3999999999548,0.0
995.4999999999548,0.0
995.5999999999548,0.0
995.6999999999548,0.0
995.7999999999547,0.0
995.8999999999547,0.0
995.9999999999548,0.0
996.0999999999548,0.0
996.1999999999548,0.0
996.2999999999547,0.0
996.3999999999547,0.0
996.4999999999548,0.0
996.5999999999547,0.0
996.6999999999547,0.0
996.7999999999547,0.0
996.8999999999547,0.0
996.9999999999548,0.0
997.0999999999547,0.0
997.1999999999547,0.0
997.2999999999547,0.0
997.3999999999546,0.0
997.4999999999546,0.0
997.5999999999547,0.0
997.6999999999547,0.0
997.7999999999547,0.0
997.8999999999546,0.0
997.9999999999546,0.0
998.0999999999547,0.0
998.1999999999546,0.0
998.2999999999546,0.0
998.3999999999546,0.0
998.4999999999546,0.0
998.5999999999547,0.0
998.6999999999546,0.0
998.7999999999546,0.0
998.8999999999546,0.0
998.9999999999545,0.0
999.0999999999545,0.0
999.1999999999546,0.0
999.2999999999546,0.0
999.3999999999546,0.0
999.4999999999545,0.0
999.5999999999545,0.0
999.6999999999546,0.0
999.7999999999545,0.0
999.8999999999545,0.0
999.9999999999545,0.0
